順位(全市場),順位,コード,銘柄名,市場,現在値,前日比,騰落率(%),出来高,時刻
1,1,7709,クボテック(株),東証STD,70,+16,29.63,"3,418,600",2026/09/17
2,2,3652,(株)ディジタルメディアプロフェッショナル,東証GRT,"2,964",+500,20.29,"224,300",2026/09/17
3,3,4436,(株)ミンカブ・ジ・インフォノイド,東証GRT,500,+80,19.05,"46,200",2026/09/17
4,4,4073,(株)ジィ・シィ企画,東証GRT,549,+80,17.06,"119,000",2026/09/17
5,5,8995,(株)誠建設工業,東証STD,"1,995",+275,15.99,"1,441,200",2026/09/17
6,6,5542,新報国マテリアル(株),東証STD,"1,149",+150,15.02,"589,000",2026/09/17
7,7,6203,豊和工業(株),東証STD,"2,409",+274,12.83,"9,216,500",2026/09/17
8,8,8848,(株)レオパレス２１,東証PRM,"1,060",+119,12.65,"37,355,200",2026/09/17
9,9,6232,(株)ＡＣＳＬ,東証GRT,"1,359",+135,11.03,"2,457,400",2026/09/17
10,10,6740,(株)ジャパンディスプレイ,東証PRM,51,+5,10.87,"20,907,000",2026/09/17
11,11,278A,Ｔｅｒｒａ　Ｄｒｏｎｅ(株),東証GRT,"19,010","+1,740",10.08,"1,756,700",2026/09/17
12,12,6433,ヒーハイスト(株),東証STD,"1,325",+120,9.96,"1,794,700",2026/09/17
13,13,6946,日本アビオニクス(株),東証STD,"7,150",+640,9.83,"458,700",2026/09/17
14,14,4762,(株)エックスネット,東証STD,"2,385",+209,9.6,"27,900",2026/09/17
15,15,9556,ＩＮＴＬＯＯＰ(株),東証GRT,"2,360",+206,9.56,"69,600",2026/09/17
16,16,4875,メディシノバ,東証STD外国,385,+33,9.38,"778,000",2026/09/17
17,17,5574,(株)ＡＢＥＪＡ,東証GRT,"3,250",+277,9.32,"456,500",2026/09/17
18,18,556A,犬猫生活(株),東証GRT,"2,557",+213,9.09,"108,100",2026/09/17
19,19,218A,(株)Ｌｉｂｅｒａｗａｒｅ,東証GRT,"1,069",+89,9.08,"556,800",2026/09/17
20,20,5537,(株)ＡｌｂａＬｉｎｋ,東証GRT,"3,595",+295,8.94,"78,600",2026/09/17
21,21,4933,(株)Ｉ－ｎｅ,東証PRM,"2,264",+183,8.79,"1,594,900",2026/09/17
22,22,7721,東京計器(株),東証PRM,"7,390",+590,8.68,"745,000",2026/09/17
23,23,4588,オンコリスバイオファーマ(株),東証GRT,"6,300",+500,8.62,"2,396,900",2026/09/17
24,24,6016,(株)ジャパンエンジンコーポレーション,東証STD,"12,360",+970,8.52,"252,900",2026/09/17
25,25,7014,(株)名村造船所,東証STD,"5,060",+395,8.47,"2,422,200",2026/09/17
26,26,607A,(株)エブリー,東証GRT,271,+21,8.4,"2,093,700",2026/09/17
27,27,7018,内海造船(株),東証STD,"14,000","+1,050",8.11,"69,100",2026/09/17
28,28,4370,モビルス(株),東証GRT,432,+32,8.0,"124,000",2026/09/17
29,29,6676,(株)バッファロー,東証STD,"3,450",+255,7.98,"158,500",2026/09/17
30,30,3185,夢展望(株),東証GRT,124,+9,7.83,"4,375,600",2026/09/17
31,31,9399,ビート・ホールディングス・リミテッド,東証STD外国,14,+1,7.69,"190,675",2026/09/17
32,32,2338,クオンタムソリューションズ(株),東証STD,114,+8,7.55,"470,500",2026/09/17
33,33,3321,ミタチ産業(株),東証STD,"1,810",+126,7.48,"333,900",2026/09/17
34,34,479A,ＰＲＯＮＩ(株),東証GRT,"2,139",+147,7.38,"93,000",2026/09/17
35,35,3907,シリコンスタジオ(株),東証STD,"2,161",+148,7.35,"496,900",2026/09/17
36,36,2962,(株)テクニスコ,東証STD,"1,831",+124,7.26,"295,600",2026/09/17
37,37,6986,双葉電子工業(株),東証PRM,794,+53,7.15,"554,000",2026/09/17
38,38,6637,寺崎電気産業(株),東証STD,"4,365",+290,7.12,"49,600",2026/09/17
39,39,338A,(株)ＺｅｎｍｕＴｅｃｈ,東証GRT,"3,155",+204,6.91,"1,278,200",2026/09/17
40,40,4583,(株)カイオム・バイオサイエンス,東証GRT,94,+6,6.82,"1,787,400",2026/09/17
41,41,7175,今村証券(株),東証STD,"2,159",+137,6.78,"55,700",2026/09/17
42,42,2323,(株)ｆｏｎｆｕｎ,東証STD,366,+23,6.71,"146,200",2026/09/17
43,43,2315,(株)ＣＡＩＣＡ　ＤＩＧＩＴＡＬ,東証STD,66,+4,6.45,"4,023,300",2026/09/17
44,44,4658,日本空調サービス(株),東証PRM,"1,675",+100,6.35,"513,100",2026/09/17
45,45,7003,(株)三井Ｅ＆Ｓ,東証PRM,"4,401",+256,6.18,"2,776,000",2026/09/17
46,46,3932,(株)アカツキ,東証PRM,"3,900",+225,6.12,"104,900",2026/09/17
47,47,9166,(株)ＧＥＮＤＡ,東証GRT,695,+40,6.11,"1,110,100",2026/09/17
48,48,336A,ダイナミックマッププラットフォーム(株),東証GRT,"1,340",+77,6.1,"1,743,000",2026/09/17
49,49,7603,ジーイエット(株),東証STD,35,+2,6.06,"569,100",2026/09/17
50,50,1897,金下建設(株),東証STD,"3,700",+210,6.02,"3,300",2026/09/17
51,51,4565,ネクセラファーマ(株),東証PRM,"1,266",+71,5.94,"1,095,200",2026/09/17
52,52,4572,カルナバイオサイエンス(株),東証GRT,449,+25,5.9,"107,500",2026/09/17
53,53,264A,(株)Ｓｃｈｏｏ,東証GRT,347,+19,5.79,"105,800",2026/09/17
54,54,2160,(株)ジーエヌアイグループ,東証GRT,"2,993",+162,5.72,"1,082,600",2026/09/17
55,55,4169,ＥＮＥＣＨＡＮＧＥ(株),東証GRT,259,+14,5.71,"388,500",2026/09/17
56,56,5029,サークレイス(株),東証GRT,962,+52,5.71,"34,300",2026/09/17
57,57,4418,(株)ＪＤＳＣ,東証GRT,"1,139",+60,5.56,"352,100",2026/09/17
58,58,4814,ネクストウェア(株),東証STD,171,+9,5.56,"2,287,500",2026/09/17
59,59,3997,(株)トレードワークス,東証STD,438,+23,5.54,"396,700",2026/09/17
60,60,6814,古野電気(株),東証PRM,"7,530",+380,5.31,"319,800",2026/09/17
61,61,4506,住友ファーマ(株),東証PRM,"1,598",+80.5,5.3,"3,747,600",2026/09/17
62,62,9308,乾汽船(株),東証STD,"2,350",+118,5.29,"397,600",2026/09/17
63,63,4553,東和薬品(株),東証PRM,"3,790",+190,5.28,"153,200",2026/09/17
64,64,212A,フィットイージー(株),東証PRM,"2,739",+136,5.22,"207,900",2026/09/17
65,65,153A,(株)カウリス,東証GRT,"1,660",+82,5.2,"87,000",2026/09/17
66,66,6696,(株)トラース・オン・プロダクト,東証GRT,326,+16,5.16,"35,800",2026/09/17
67,67,7806,(株)ＭＴＧ,東証GRT,"7,860",+380,5.08,"154,500",2026/09/17
68,68,4884,クリングルファーマ(株),東証GRT,458,+22,5.05,"368,700",2026/09/17
69,69,3778,さくらインターネット(株),東証PRM,"3,695",+175,4.97,"1,143,400",2026/09/17
70,70,446A,(株)ノースサンド,東証GRT,"2,221",+105,4.96,"569,600",2026/09/17
71,71,5632,三菱製鋼(株),東証PRM,"2,582",+122,4.96,"233,700",2026/09/17
72,72,194A,(株)ＷＯＬＶＥＳ　ＨＡＮＤ,東証GRT,"1,736",+81,4.89,"159,700",2026/09/17
73,73,9366,(株)サンリツ,東証STD,"1,226",+57,4.88,"27,300",2026/09/17
74,74,5631,(株)日本製鋼所,東証PRM,"7,453",+346,4.87,"1,288,100",2026/09/17
75,75,3399,(株)丸千代山岡家,東証STD,"3,775",+175,4.86,"122,100",2026/09/17
76,76,1965,(株)テクノ菱和,東証STD,"7,150",+330,4.84,"72,000",2026/09/17
77,77,3824,メディアファイブ(株),福岡Q,731,+33,4.73,"1,000",2026/09/17
78,78,3692,(株)ＦＦＲＩセキュリティ,東証GRT,"7,770",+350,4.72,"486,600",2026/09/17
79,79,6863,(株)ニレコ,東証STD,"1,047",+47,4.7,"114,600",2026/09/17
80,80,377A,(株)エージェントＩＧホールディングス,名証MN,"1,139",+51,4.69,200,2026/09/17
81,81,6023,ダイハツインフィニアース(株),東証STD,"3,345",+150,4.69,"260,500",2026/09/17
82,82,5892,(株)ｙｕｔｏｒｉ,東証GRT,"2,830",+126,4.66,"90,600",2026/09/17
83,83,5597,ブルーイノベーション(株),東証GRT,"1,391",+61,4.59,"62,600",2026/09/17
84,84,6507,シンフォニアテクノロジー(株),東証PRM,"12,530",+550,4.59,"193,300",2026/09/17
85,85,3664,(株)ＷＩＺＥ,東証GRT,23,+1,4.55,"6,596,600",2026/09/17
86,86,269A,(株)Ｓａｐｅｅｔ,東証GRT,"2,968",+128,4.51,"10,700",2026/09/17
87,87,4100,戸田工業(株),東証STD,"1,677",+72,4.49,"68,400",2026/09/17
88,88,6838,(株)多摩川ホールディングス,東証STD,"1,395",+60,4.49,"364,500",2026/09/17
89,89,4592,サンバイオ(株),東証GRT,916,+39,4.45,"654,100",2026/09/17
90,90,428A,サイプレス・ホールディングス(株),東証STD,"1,750",+74,4.42,"28,100",2026/09/17
91,91,6083,ＥＲＩホールディングス(株),東証STD,"1,645",+69,4.38,"45,400",2026/09/17
92,92,4888,ステラファーマ(株),東証GRT,431,+18,4.36,"714,600",2026/09/17
93,93,5381,マイポックス(株),東証STD,981,+41,4.36,"174,200",2026/09/17
94,94,4259,(株)エクサウィザーズ,東証GRT,912,+38,4.35,"1,248,100",2026/09/17
95,95,6081,アライドアーキテクツ(株),東証GRT,145,+6,4.32,"296,800",2026/09/17
96,96,369A,(株)エータイ,東証GRT,"2,714",+112,4.3,"18,200",2026/09/17
97,97,4379,(株)Ｐｈｏｔｏｓｙｎｔｈ,東証GRT,485,+20,4.3,"93,900",2026/09/17
98,98,7974,任天堂(株),東証PRM,"8,475",+349,4.29,"7,644,500",2026/09/17
99,99,2976,日本グランデ(株),札幌ア,706,+29,4.28,100,2026/09/17
100,100,5246,(株)ＥＬＥＭＥＮＴＳ,東証GRT,853,+35,4.28,"640,700",2026/09/17
101,101,3560,(株)ほぼ日,東証STD,"4,520",+185,4.27,"5,900",2026/09/17
102,102,8876,(株)リログループ,東証PRM,"2,259",+92,4.25,"568,500",2026/09/17
103,103,3808,(株)オーケーウェブ,名証NXT,25,+1,4.17,"13,800",2026/09/17
104,104,6277,ホソカワミクロン(株),東証PRM,"6,010",+240,4.16,"37,100",2026/09/17
105,105,330A,(株)ＴａｌｅｎｔＸ,東証GRT,556,+22,4.12,"9,800",2026/09/17
106,106,7678,(株)あさくま,東証STD,"3,790",+150,4.12,"28,200",2026/09/17
107,107,3491,(株)ＧＡ　ｔｅｃｈｎｏｌｏｇｉｅｓ,東証GRT,"1,369",+54,4.11,"451,700",2026/09/17
108,108,4579,ラクオリア創薬(株),東証GRT,582,+23,4.11,"226,500",2026/09/17
109,109,4431,(株)スマレジ,東証GRT,"3,445",+135,4.08,"89,400",2026/09/17
110,110,9514,(株)エフオン,東証STD,358,+14,4.07,"202,500",2026/09/17
111,111,402A,(株)アクセルスペースホールディングス,東証GRT,538,+21,4.06,"1,199,500",2026/09/17
112,112,2629,iFree グレーターベイエリア・イノベーション100,東証ETF,"3,830",+149,4.05,"5,998",2026/09/17
113,113,9104,(株)商船三井,東証PRM,"7,438",+289,4.04,"3,743,600",2026/09/17
114,114,350A,デジタルグリッド(株),東証GRT,725,+28,4.02,"555,200",2026/09/17
115,115,7011,三菱重工業(株),東証PRM,"3,887",+150,4.01,"20,985,600",2026/09/17
116,116,6046,(株)リンクバル,東証STD,156,+6,4.0,"35,000",2026/09/17
117,117,7771,日本精密(株),東証STD,260,+10,4.0,"615,900",2026/09/17
118,118,7867,(株)タカラトミー,東証PRM,"4,033",+155,4.0,"1,013,000",2026/09/17
119,119,8136,(株)サンリオ,東証PRM,"1,238.5",+47.5,3.99,"18,281,600",2026/09/17
120,120,9960,東テク(株),東証PRM,"4,300",+165,3.99,"84,800",2026/09/17
121,121,3153,八洲電機(株),東証PRM,"3,280",+125,3.96,"173,700",2026/09/17
122,122,5027,ＡｎｙＭｉｎｄ　Ｇｒｏｕｐ(株),東証GRT,789,+30,3.95,"454,300",2026/09/17
123,123,6336,(株)石井表記,東証STD,"1,401",+53,3.93,"108,400",2026/09/17
124,124,296A,令和アカウンティング・ホールディングス(株),東証GRT,"1,245",+47,3.92,"93,500",2026/09/17
125,125,4011,(株)ヘッドウォータース,東証GRT,"2,333",+88,3.92,"39,200",2026/09/17
126,126,6518,三相電機(株),東証STD,"1,723",+65,3.92,"9,100",2026/09/17
127,127,3180,(株)ビューティガレージ,東証PRM,"1,650",+62,3.9,"50,300",2026/09/17
128,128,7815,東京ボード工業(株),東証STD,350,+13,3.86,"7,200",2026/09/17
129,129,275A,ハンワホームズ(株),名証NXT,380,+14,3.83,400,2026/09/17
130,130,6391,(株)加地テック,東証STD,"4,875",+180,3.83,"5,200",2026/09/17
131,131,6998,日本タングステン(株),東証STD,"3,815",+140,3.81,"133,500",2026/09/17
132,132,4582,シンバイオ製薬(株),東証GRT,55,+2,3.77,"585,800",2026/09/17
133,133,1479,iFreeETF MSCI日本株人材設備投資指数,東証ETF,"51,360","+1,860",3.76,3,2026/09/17
134,134,1982,日比谷総合設備(株),東証PRM,"3,225",+115,3.7,"65,500",2026/09/17
135,135,3660,(株)アイスタイル,東証PRM,504,+18,3.7,"918,500",2026/09/17
136,136,1827,(株)ナカノフドー建設,東証STD,"1,462",+52,3.69,"32,500",2026/09/17
137,137,3845,(株)アイフリークモバイル,東証STD,337,+12,3.69,"109,500",2026/09/17
138,138,4519,中外製薬(株),東証PRM,"6,684",+238,3.69,"2,511,600",2026/09/17
139,139,8061,西華産業(株),東証PRM,"3,095",+110,3.69,"133,400",2026/09/17
140,140,2585,(株)ライフドリンクカンパニー,東証PRM,"1,381",+49,3.68,"497,100",2026/09/17
141,141,3657,ポールトゥウィンホールディングス(株),東証PRM,394,+14,3.68,"702,200",2026/09/17
142,142,4393,(株)バンク・オブ・イノベーション,東証GRT,"5,920",+210,3.68,"55,800",2026/09/17
143,143,5216,(株)倉元製作所,東証STD,141,+5,3.68,"133,800",2026/09/17
144,144,2354,(株)ＹＥ　ＤＩＧＩＴＡＬ,東証STD,"1,329",+47,3.67,"469,800",2026/09/17
145,145,5273,三谷セキサン(株),東証STD,"2,159",+76,3.65,"77,700",2026/09/17
146,146,5410,合同製鐵(株),東証PRM,"3,120",+110,3.65,"162,700",2026/09/17
147,147,9253,スローガン(株),東証GRT,770,+27,3.63,"4,300",2026/09/17
148,148,4478,フリー(株),東証GRT,"3,900",+135,3.59,"224,900",2026/09/17
149,149,5032,ＡＮＹＣＯＬＯＲ(株),東証PRM,"3,315",+115,3.59,"563,100",2026/09/17
150,150,4192,スパイダープラス(株),東証GRT,318,+11,3.58,"204,200",2026/09/17
151,151,6330,東洋エンジニアリング(株),東証PRM,"2,803",+97,3.58,"7,922,400",2026/09/17
152,152,3672,(株)オルトプラス,東証STD,29,+1,3.57,"99,600",2026/09/17
153,153,4549,栄研化学(株),東証PRM,"2,361",+81,3.55,"302,500",2026/09/17
154,154,8022,ミズノ(株),東証PRM,"4,085",+140,3.55,"194,300",2026/09/17
155,155,6440,ＪＵＫＩ(株),東証PRM,760,+26,3.54,"501,000",2026/09/17
156,156,6532,(株)ベイカレント,東証PRM,"7,840",+267,3.53,"909,400",2026/09/17
157,157,3467,アグレ都市デザイン(株),東証STD,"2,849",+97,3.52,"7,400",2026/09/17
158,158,3663,(株)セルシス,東証PRM,"1,911",+65,3.52,"226,200",2026/09/17
159,159,4523,エーザイ(株),東証PRM,"4,953",+168,3.51,"1,520,400",2026/09/17
160,160,456A,ＨＵＭＡＮ　ＭＡＤＥ(株),東証GRT,"1,598",+54,3.5,"848,000",2026/09/17
161,161,505A,(株)ギークリー,東証STD,"1,419",+48,3.5,"25,200",2026/09/17
162,162,7875,竹田ｉＰホールディングス(株),東証STD,829,+28,3.5,"65,100",2026/09/17
163,163,4446,Ｌｉｎｋ－Ｕグループ(株),東証STD,719,+24,3.45,"1,174,900",2026/09/17
164,164,9902,(株)日伝,東証PRM,"3,300",+110,3.45,"114,600",2026/09/17
165,165,7832,(株)バンダイナムコホールディングス,東証PRM,"5,651",+188,3.44,"1,928,900",2026/09/17
166,166,1942,(株)関電工,東証PRM,"5,656",+187,3.42,"574,400",2026/09/17
167,167,2146,ＵＴグループ(株),東証PRM,242,+8,3.42,"6,233,200",2026/09/17
168,168,9412,スカパーＪＳＡＴ(株),東証PRM,"2,060",+68,3.41,"1,939,600",2026/09/17
169,169,1694,WisdomTree ニッケル上場投信,東証ETF,"2,195",+72,3.39,180,2026/09/17
170,170,3077,ホリイフードサービス(株),東証STD,"1,311",+43,3.39,"23,000",2026/09/17
171,171,1762,(株)高松コンストラクショングループ,東証PRM,"4,280",+140,3.38,"41,700",2026/09/17
172,172,3656,ＫＬａｂ(株),東証PRM,184,+6,3.37,"1,457,400",2026/09/17
173,173,552A,MAXIS 米国AIインフラ株上場投信,東証ETF,"2,340",+76,3.36,"2,944",2026/09/17
174,174,8037,カメイ(株),東証PRM,"5,080",+165,3.36,"72,300",2026/09/17
175,175,5572,(株)Ｒｉｄｇｅ－ｉ,東証GRT,"2,870",+93,3.35,"64,100",2026/09/17
176,176,6080,Ｍ＆Ａキャピタルパートナーズ(株),東証PRM,"4,325",+140,3.35,"146,200",2026/09/17
177,177,4417,グローバルセキュリティエキスパート(株),東証GRT,"5,590",+180,3.33,"105,300",2026/09/17
178,178,4882,(株)ペルセウスプロテオミクス,東証GRT,186,+6,3.33,"684,700",2026/09/17
179,179,5981,東京製綱(株),東証PRM,"1,931",+62,3.32,"102,500",2026/09/17
180,180,265A,Ｈｍｃｏｍｍ(株),東証GRT,750,+24,3.31,"73,300",2026/09/17
181,181,3979,(株)うるる,東証GRT,468,+15,3.31,"13,700",2026/09/17
182,182,4568,第一三共(株),東証PRM,"2,933",+94,3.31,"7,031,400",2026/09/17
183,183,7552,(株)ハピネット,東証PRM,"4,060",+130,3.31,"213,300",2026/09/17
184,184,4258,(株)網屋,東証GRT,"5,640",+180,3.3,"115,700",2026/09/17
185,185,5033,(株)ヌーラボ,東証GRT,"1,226",+39,3.29,"100,000",2026/09/17
186,186,3694,(株)オプティム,東証PRM,473,+15,3.28,"171,700",2026/09/17
187,187,8053,住友商事(株),東証PRM,"1,844.5",+58.5,3.28,"9,541,700",2026/09/17
188,188,3566,ユニフォームネクスト(株),東証GRT,726,+23,3.27,"5,200",2026/09/17
189,189,3763,(株)プロシップ,東証PRM,"2,135",+67,3.24,"48,600",2026/09/17
190,190,4493,(株)サイバーセキュリティクラウド,東証GRT,"1,980",+62,3.23,"312,000",2026/09/17
191,191,5867,(株)エスネットワークス,東証GRT,"1,310",+41,3.23,"2,400",2026/09/17
192,192,5592,(株)くすりの窓口,東証GRT,"2,793",+87,3.22,"32,800",2026/09/17
193,193,7214,ＧＭＢ(株),東証STD,"1,125",+35,3.21,"9,700",2026/09/17
194,194,9127,玉井商船(株),東証STD,"3,760",+115,3.16,"2,100",2026/09/17
195,195,3880,大王製紙(株),東証PRM,"1,018",+31,3.14,"387,700",2026/09/17
196,196,206A,(株)ＰＲＩＳＭ　ＢｉｏＬａｂ,東証GRT,165,+5,3.13,"63,800",2026/09/17
197,197,4507,塩野義製薬(株),東証PRM,"2,982.5",+90.5,3.13,"2,058,600",2026/09/17
198,198,4593,(株)ヘリオス,東証GRT,297,+9,3.13,"3,258,900",2026/09/17
199,199,4629,大伸化学(株),東証STD,"2,574",+78,3.13,"5,400",2026/09/17
200,200,8247,(株)大和,東証STD,330,+10,3.13,"5,100",2026/09/17
201,201,1798,(株)守谷商会,東証STD,"1,091",+33,3.12,"1,600",2026/09/17
202,202,7906,ヨネックス(株),東証STD,"2,381",+72,3.12,"298,500",2026/09/17
203,203,7689,(株)コパ・コーポレーション,東証GRT,433,+13,3.1,"222,700",2026/09/17
204,204,4093,東邦アセチレン(株),東証STD,434,+13,3.09,"38,200",2026/09/17
205,205,513A,GX 防衛テック-日本株式,東証ETF,840,+25,3.07,"432,796",2026/09/17
206,206,6208,(株)石川製作所,東証STD,"1,815",+54,3.07,"274,000",2026/09/17
207,207,7794,(株)イーディーピー,東証GRT,974,+29,3.07,"166,100",2026/09/17
208,208,9906,藤井産業(株),東証STD,"4,195",+125,3.07,"2,600",2026/09/17
209,209,6599,エブレン(株),東証STD,"4,045",+120,3.06,"12,300",2026/09/17
210,210,5161,西川ゴム工業(株),東証STD,"3,555",+105,3.04,"99,400",2026/09/17
211,211,3189,(株)ＡＮＡＰホールディングス,東証STD,102,+3,3.03,"230,400",2026/09/17
212,212,332A,ミーク(株),東証GRT,"1,190",+35,3.03,"74,600",2026/09/17
213,213,4005,住友化学(株),東証PRM,597.6,+17.6,3.03,"10,759,100",2026/09/17
214,214,4577,ダイト(株),東証PRM,"1,326",+39,3.03,"54,900",2026/09/17
215,215,4578,大塚ホールディングス(株),東証PRM,"11,235",+330,3.03,"1,221,900",2026/09/17
216,216,6331,三菱化工機(株),東証PRM,"3,395",+100,3.03,"72,400",2026/09/17
217,217,8841,(株)テーオーシー,東証STD,"1,027",+30,3.01,"156,100",2026/09/17
218,218,9603,(株)エイチ・アイ・エス,東証PRM,"1,169",+34,3.0,"377,600",2026/09/17
219,219,325A,(株)ＴＥＮＴＩＡＬ,東証GRT,"1,868",+54,2.98,"392,800",2026/09/17
220,220,5137,(株)スマートドライブ,東証GRT,312,+9,2.97,"411,000",2026/09/17
221,221,1577,(NEXT FUNDS)野村日本株高配当70連動型ETF,東証ETF,"60,950","+1,750",2.96,"2,091",2026/09/17
222,222,6656,インスペック(株),東証STD,766,+22,2.96,"28,600",2026/09/17
223,223,7409,ＡｅｒｏＥｄｇｅ(株),東証GRT,"1,495",+43,2.96,"110,100",2026/09/17
224,224,6594,ニデック(株),東証PRM,"2,724",+78,2.95,"4,476,000",2026/09/17
225,225,2124,ＪＡＣ　Ｒｅｃｒｕｉｔｍｅｎｔ,東証PRM,"1,051",+30,2.94,"452,900",2026/09/17
226,226,2641,GX グローバルリーダーズ-日本株式,東証ETF,"4,565",+130,2.93,"12,171",2026/09/17
227,227,543A,ＡＲＣＨＩＯＮ(株),東証PRM,282,+8,2.92,"29,784,300",2026/09/17
228,228,5401,日本製鉄(株),東証PRM,702.6,+19.9,2.91,"36,930,300",2026/09/17
229,229,4972,綜研化学(株),東証STD,"4,080",+115,2.9,"27,500",2026/09/17
230,230,8508,Ｊトラスト(株),東証STD,780,+22,2.9,"662,000",2026/09/17
231,231,3393,スターティアホールディングス(株),東証PRM,"3,200",+90,2.89,"68,800",2026/09/17
232,232,7744,ノーリツ鋼機(株),東証PRM,"2,031",+57,2.89,"318,900",2026/09/17
233,233,7780,(株)メニコン,東証PRM,"1,780",+50,2.89,"262,100",2026/09/17
234,234,5187,クリエートメディック(株),東証STD,"1,180",+33,2.88,"15,100",2026/09/17
235,235,9766,コナミグループ(株),東証PRM,"21,270",+595,2.88,"375,600",2026/09/17
236,236,6862,ミナトホールディングス(株),東証STD,"4,480",+125,2.87,"167,600",2026/09/17
237,237,147A,(株)ソラコム,東証GRT,"1,010",+28,2.85,"94,200",2026/09/17
238,238,7888,三光合成(株),東証PRM,903,+25,2.85,"112,500",2026/09/17
239,239,6597,ＨＰＣシステムズ(株),東証GRT,"3,805",+105,2.84,"158,700",2026/09/17
240,240,7715,長野計器(株),東証PRM,"3,990",+110,2.84,"104,400",2026/09/17
241,241,9435,(株)光通信,東証PRM,"39,160","+1,080",2.84,"81,800",2026/09/17
242,242,9684,(株)スクウェア・エニックス・ホールディングス,東証PRM,"3,022",+83.5,2.84,"1,235,700",2026/09/17
243,243,6317,(株)北川鉄工所,東証STD,"2,509",+69,2.83,"222,200",2026/09/17
244,244,1721,コムシスホールディングス(株),東証PRM,"5,648",+155,2.82,"559,000",2026/09/17
245,245,4414,(株)フレクト,東証GRT,"1,092",+30,2.82,"11,000",2026/09/17
246,246,157A,グリーンモンスター(株),東証GRT,768,+21,2.81,"6,700",2026/09/17
247,247,4375,セーフィー(株),東証GRT,696,+19,2.81,"213,100",2026/09/17
248,248,5240,ｍｏｎｏＡＩ　ｔｅｃｈｎｏｌｏｇｙ(株),東証GRT,183,+5,2.81,"167,100",2026/09/17
249,249,5253,カバー(株),東証GRT,"1,652",+45,2.8,"939,600",2026/09/17
250,250,2667,(株)イメージ　ワン,東証STD,111,+3,2.78,"286,000",2026/09/17
251,251,4575,(株)キャンバス,東証GRT,739,+20,2.78,"108,600",2026/09/17
252,252,6379,レイズネクスト(株),東証PRM,"3,145",+85,2.78,"282,800",2026/09/17
253,253,2695,くら寿司(株),東証PRM,"1,705",+46,2.77,"394,800",2026/09/17
254,254,6736,サン電子(株),東証STD,"10,000",+270,2.77,"51,700",2026/09/17
255,255,3697,(株)ＳＨＩＦＴ,東証PRM,879.2,+23.6,2.76,"3,801,900",2026/09/17
256,256,7089,フォースタートアップス(株),東証GRT,"1,379",+37,2.76,"14,500",2026/09/17
257,257,3793,(株)ドリコム,東証GRT,562,+15,2.74,"185,600",2026/09/17
258,258,4222,児玉化学工業(株),東証STD,674,+18,2.74,"413,700",2026/09/17
259,259,6226,守谷輸送機工業(株),東証STD,"2,250",+60,2.74,"90,500",2026/09/17
260,260,1719,安藤ハザマ,東証PRM,"1,936.5",+51.5,2.73,"778,100",2026/09/17
261,261,3496,(株)アズーム,東証PRM,"4,895",+130,2.73,"23,600",2026/09/17
262,262,3673,(株)ブロードリーフ,東証PRM,489,+13,2.73,"635,100",2026/09/17
263,263,7637,白銅(株),東証PRM,"3,580",+95,2.73,"38,700",2026/09/17
264,264,1813,(株)不動テトラ,東証PRM,"3,055",+81,2.72,"105,100",2026/09/17
265,265,4071,(株)プラスアルファ・コンサルティング,東証PRM,"2,122",+56,2.71,"197,400",2026/09/17
266,266,549A,ヒトトヒトホールディングス(株),東証STD,493,+13,2.71,"46,700",2026/09/17
267,267,7942,(株)ＪＳＰ,東証PRM,"3,030",+80,2.71,"68,800",2026/09/17
268,268,6638,(株)ミマキエンジニアリング,東証PRM,"2,051",+54,2.7,"137,700",2026/09/17
269,269,2404,(株)鉄人化ホールディングス,東証STD,535,+14,2.69,"45,300",2026/09/17
270,270,3001,片倉工業(株),東証STD,"3,050",+80,2.69,"27,800",2026/09/17
271,271,6533,(株)Ｏｒｃｈｅｓｔｒａ　Ｈｏｌｄｉｎｇｓ,東証PRM,"1,185",+31,2.69,"23,300",2026/09/17
272,272,6703,ＯＫＩ,東証PRM,"2,821",+74,2.69,"1,152,700",2026/09/17
273,273,3549,(株)クスリのアオキホールディングス,東証STD,"4,100",+107,2.68,"347,300",2026/09/17
274,274,5243,ｎｏｔｅ(株),東証GRT,"3,030",+79,2.68,"257,400",2026/09/17
275,275,6022,(株)赤阪鐵工所,東証STD,"2,958",+77,2.67,"3,500",2026/09/17
276,276,6444,サンデン(株),東証STD,192,+5,2.67,"366,300",2026/09/17
277,277,2413,エムスリー(株),東証PRM,"1,797.5",+46.5,2.66,"2,616,200",2026/09/17
278,278,3106,クラボウ,東証PRM,"11,180",+290,2.66,"24,800",2026/09/17
279,279,4894,クオリプス(株),東証GRT,"5,780",+150,2.66,"69,900",2026/09/17
280,280,5482,愛知製鋼(株),東証PRM,"3,275",+85,2.66,"109,500",2026/09/17
281,281,9107,川崎汽船(株),東証PRM,"3,552",+92,2.66,"4,242,700",2026/09/17
282,282,1723,日本電技(株),東証STD,"2,600",+67,2.65,"271,800",2026/09/17
283,283,7041,ＣＲＧホールディングス(株),東証GRT,348,+9,2.65,"3,300",2026/09/17
284,284,3923,(株)ラクス,東証PRM,"1,089",+28,2.64,"1,340,100",2026/09/17
285,285,3909,(株)ショーケース,東証STD,196,+5,2.62,"25,700",2026/09/17
286,286,6099,(株)エラン,東証PRM,744,+19,2.62,"120,800",2026/09/17
287,287,7351,(株)グッドパッチ,東証GRT,510,+13,2.62,"18,300",2026/09/17
288,288,3854,(株)アイル,東証PRM,"2,164",+55,2.61,"111,100",2026/09/17
289,289,7839,(株)ＳＨＯＥＩ,東証PRM,"2,125",+54,2.61,"172,600",2026/09/17
290,290,2484,(株)出前館,東証STD,158,+4,2.6,"380,300",2026/09/17
291,291,4528,小野薬品工業(株),東証PRM,"2,390.5",+60.5,2.6,"1,298,200",2026/09/17
292,292,6104,芝浦機械(株),東証PRM,"4,530",+115,2.6,"137,600",2026/09/17
293,293,9101,日本郵船(株),東証PRM,"7,566",+192,2.6,"3,189,700",2026/09/17
294,294,9504,中国電力(株),東証PRM,"1,123.5",+28.5,2.6,"1,779,200",2026/09/17
295,295,504A,イノバセル(株),東証GRT,554,+14,2.59,"68,400",2026/09/17
296,296,5480,日本冶金工業(株),東証PRM,"5,540",+140,2.59,"48,100",2026/09/17
297,297,6629,テクノホライゾン(株),東証STD,992,+25,2.59,"118,600",2026/09/17
298,298,6834,(株)精工技研,東証STD,"5,140",+130,2.59,"635,600",2026/09/17
299,299,5214,日本電気硝子(株),東証PRM,"4,929",+124,2.58,"660,900",2026/09/17
300,300,7600,(株)日本エム・ディ・エム,東証PRM,677,+17,2.58,"164,900",2026/09/17
301,301,7979,(株)松風,東証PRM,"2,276",+57,2.57,"54,200",2026/09/17
302,302,8070,東京産業(株),東証PRM,"1,038",+26,2.57,"209,700",2026/09/17
303,303,6643,(株)戸上電機製作所,東証STD,"5,610",+140,2.56,"11,500",2026/09/17
304,304,4419,(株)Ｆｉｎａｔｅｘｔホールディングス,東証GRT,"1,408",+35,2.55,"212,300",2026/09/17
305,305,2121,(株)ＭＩＸＩ,東証PRM,"3,840",+95,2.54,"354,600",2026/09/17
306,306,2331,ＡＬＳＯＫ(株),東証PRM,"1,270.5",+31.5,2.54,"1,121,700",2026/09/17
307,307,7064,(株)ハウテレビジョン,東証STD,"1,048",+26,2.54,"1,400",2026/09/17
308,308,4554,富士製薬工業(株),東証PRM,"1,864",+46,2.53,"136,900",2026/09/17
309,309,7084,(株)Ｓｍｉｌｅ　Ｈｏｌｄｉｎｇｓ,東証GRT,"2,841",+70,2.53,"3,200",2026/09/17
310,310,9024,(株)西武ホールディングス,東証PRM,"3,641",+90,2.53,"785,500",2026/09/17
311,311,4249,森六(株),東証PRM,"2,885",+71,2.52,"30,300",2026/09/17
312,312,2483,(株)翻訳センター,東証STD,"2,245",+55,2.51,"5,200",2026/09/17
313,313,7713,シグマ光機(株),東証STD,"2,447",+60,2.51,"18,100",2026/09/17
314,314,3040,(株)ソリトンシステムズ,東証PRM,"2,501",+61,2.5,"148,600",2026/09/17
315,315,3346,ヒロタグループホールディングス(株),名証NXT,82,+2,2.5,"47,300",2026/09/17
316,316,4819,(株)デジタルガレージ,東証PRM,"2,381",+58,2.5,"296,000",2026/09/17
317,317,215A,(株)タイミー,東証GRT,"1,319",+32,2.49,"2,056,900",2026/09/17
318,318,4343,(株)イオンファンタジー,東証PRM,"2,763",+67,2.49,"60,300",2026/09/17
319,319,4377,(株)ワンキャリア,東証GRT,"2,349",+57,2.49,"27,400",2026/09/17
320,320,5388,クニミネ工業(株),東証STD,"1,400",+34,2.49,"47,200",2026/09/17
321,321,6378,木村化工機(株),東証STD,"1,194",+29,2.49,"142,900",2026/09/17
322,322,8051,(株)山善,東証PRM,"2,055",+50,2.49,"183,400",2026/09/17
323,323,2531,宝ホールディングス(株),東証PRM,"2,526.5",+61,2.47,"350,400",2026/09/17
324,324,3538,(株)ウイルプラスホールディングス,東証STD,"1,036",+25,2.47,"19,800",2026/09/17
325,325,3668,(株)コロプラ,東証PRM,456,+11,2.47,"711,000",2026/09/17
326,326,4337,ぴあ(株),東証PRM,"2,650",+64,2.47,"21,200",2026/09/17
327,327,5233,太平洋セメント(株),東証PRM,"4,281",+103,2.47,"405,100",2026/09/17
328,328,2767,円谷フィールズホールディングス(株),東証PRM,"2,666",+64,2.46,"504,600",2026/09/17
329,329,546A,ＭＩＲＡＩＮＩホールディングス(株),東証PRM,"2,460",+59,2.46,"142,700",2026/09/17
330,330,6071,(株)ＩＢＪ,東証PRM,918,+22,2.46,"169,900",2026/09/17
331,331,7021,(株)ニッチツ,東証STD,"2,372",+57,2.46,"1,000",2026/09/17
332,332,2477,手間いらず(株),東証STD,"3,340",+80,2.45,"11,800",2026/09/17
333,333,3635,(株)コーエーテクモホールディングス,東証PRM,"1,713",+41,2.45,"724,800",2026/09/17
334,334,4432,ウイングアーク１ｓｔ(株),東証PRM,"3,350",+80,2.45,"88,000",2026/09/17
335,335,6333,(株)ＴＥＩＫＯＫＵ,東証PRM,"3,560",+85,2.45,"29,900",2026/09/17
336,336,3302,帝国繊維(株),東証PRM,"3,145",+75,2.44,"49,300",2026/09/17
337,337,5380,新東(株),東証STD,"1,428",+34,2.44,"2,800",2026/09/17
338,338,8766,東京海上ホールディングス(株),東証PRM,"8,298",+198,2.44,"5,533,300",2026/09/17
339,339,1980,ダイダン(株),東証PRM,"2,907",+69,2.43,"354,100",2026/09/17
340,340,2613,(株)Ｊ－オイルミルズ,東証PRM,"2,319",+55,2.43,"76,100",2026/09/17
341,341,3914,ＪＩＧ－ＳＡＷ(株),東証GRT,"2,617",+62,2.43,"12,900",2026/09/17
342,342,262A,(株)インターメスティック,東証PRM,"1,778",+42,2.42,"140,800",2026/09/17
343,343,1921,(株)巴コーポレーション,東証STD,"1,996",+47,2.41,"22,300",2026/09/17
344,344,4274,細谷火工(株),東証STD,"1,190",+28,2.41,"335,100",2026/09/17
345,345,7571,(株)ヤマノホールディングス,東証STD,85,+2,2.41,"310,300",2026/09/17
346,346,1812,鹿島,東証PRM,"5,069",+119,2.4,"1,612,900",2026/09/17
347,347,2342,(株)トランスジェニックグループ,東証STD,256,+6,2.4,"45,200",2026/09/17
348,348,3349,(株)コスモス薬品,東証PRM,"6,643",+156,2.4,"337,200",2026/09/17
349,349,4891,(株)ティムス,東証GRT,128,+3,2.4,"296,800",2026/09/17
350,350,6617,(株)東光高岳,東証PRM,"6,840",+160,2.4,"106,400",2026/09/17
351,351,7956,ピジョン(株),東証PRM,"2,003",+47,2.4,"878,200",2026/09/17
352,352,2784,アルフレッサ　ホールディングス(株),東証PRM,"2,382.5",+55.5,2.39,"491,000",2026/09/17
353,353,586A,(NEXT FUNDS) 日経エンタメ・コンテンツ株指数,東証ETF,253,+5.9,2.39,"322,980",2026/09/17
354,354,1869,名工建設(株),名証MN,"1,890",+44,2.38,"5,400",2026/09/17
355,355,4536,参天製薬(株),東証PRM,"1,766",+41,2.38,"1,068,900",2026/09/17
356,356,4619,日本特殊塗料(株),東証STD,"2,714",+63,2.38,"33,000",2026/09/17
357,357,7381,(株)ＣＣＩグループ,東証PRM,"1,332",+31,2.38,"702,000",2026/09/17
358,358,5101,横浜ゴム(株),東証PRM,"6,878",+159,2.37,"859,800",2026/09/17
359,359,9956,(株)バローホールディングス,東証PRM,"3,455",+80,2.37,"160,700",2026/09/17
360,360,4960,ケミプロ化成(株),東証STD,565,+13,2.36,"42,100",2026/09/17
361,361,523A,(株)セイワホールディングス,東証GRT,"1,818",+42,2.36,"71,700",2026/09/17
362,362,1621,(NEXT FUNDS)医薬品上場投信,東証ETF,"30,550",+700,2.35,779,2026/09/17
363,363,1633,(NEXT FUNDS)不動産上場投信,東証ETF,"49,250","+1,130",2.35,145,2026/09/17
364,364,6328,荏原実業(株),東証PRM,"2,392",+55,2.35,"58,700",2026/09/17
365,365,6947,(株)図研,東証PRM,"5,010",+115,2.35,"66,400",2026/09/17
366,366,9987,(株)スズケン,東証PRM,"5,346",+123,2.35,"153,300",2026/09/17
367,367,3088,(株)マツキヨココカラ＆カンパニー,東証PRM,"2,555",+58.5,2.34,"1,318,400",2026/09/17
368,368,9250,(株)ＧＲＣＳ,東証GRT,"1,049",+24,2.34,200,2026/09/17
369,369,4082,第一稀元素化学工業(株),東証PRM,"2,463",+56,2.33,"255,000",2026/09/17
370,370,6190,(株)フェニックスバイオ,東証GRT,307,+7,2.33,"4,000",2026/09/17
371,371,7119,(株)ハルメクホールディングス,東証GRT,"2,284",+52,2.33,"50,700",2026/09/17
372,372,7211,三菱自動車(株),東証PRM,374,+8.5,2.33,"8,306,500",2026/09/17
373,373,2640,GX ゲーム＆アニメ-日本株式,東証ETF,"4,328",+98,2.32,"10,766",2026/09/17
374,374,5851,リョービ(株),東証PRM,"2,773",+63,2.32,"161,600",2026/09/17
375,375,7270,(株)ＳＵＢＡＲＵ,東証PRM,"2,686.5",+61,2.32,"2,967,100",2026/09/17
376,376,1975,(株)朝日工業社,東証PRM,"3,990",+90,2.31,"46,600",2026/09/17
377,377,3513,イチカワ(株),東証STD,"3,765",+85,2.31,"3,700",2026/09/17
378,378,5337,ダントーホールディングス(株),東証STD,840,+19,2.31,"7,700",2026/09/17
379,379,6652,ＩＤＥＣ(株),東証PRM,"3,765",+85,2.31,"84,100",2026/09/17
380,380,186A,(株)アストロスケールホールディングス,東証GRT,"1,069",+24,2.3,"3,400,100",2026/09/17
381,381,2501,サッポロビール(株),東証PRM,"1,909",+43,2.3,"941,400",2026/09/17
382,382,3042,(株)セキュアヴェイル,東証STD,312,+7,2.3,"26,900",2026/09/17
383,383,9201,日本航空(株),東証PRM,"3,073",+69,2.3,"1,929,200",2026/09/17
384,384,2930,(株)北の達人コーポレーション,東証PRM,134,+3,2.29,"355,300",2026/09/17
385,385,3762,テクマトリックス(株),東証PRM,"2,544",+57,2.29,"329,300",2026/09/17
386,386,4617,中国塗料(株),東証PRM,"3,580",+80,2.29,"140,600",2026/09/17
387,387,7378,(株)アシロ,東証GRT,"1,565",+35,2.29,"25,900",2026/09/17
388,388,9147,ＮＩＰＰＯＮ　ＥＸＰＲＥＳＳホールディングス(株),東証PRM,"5,623",+126,2.29,"830,200",2026/09/17
389,389,5105,ＴＯＹＯ　ＴＩＲＥ(株),東証PRM,"3,806",+85,2.28,"958,700",2026/09/17
390,390,6517,デンヨー(株),東証PRM,"4,045",+90,2.28,"38,600",2026/09/17
391,391,3777,(株)環境フレンドリーホールディングス,東証GRT,45,+1,2.27,"686,300",2026/09/17
392,392,3807,(株)フィスコ,東証GRT,90,+2,2.27,"277,400",2026/09/17
393,393,5885,(株)ジーデップ・アドバンス,東証STD,"3,155",+70,2.27,"24,400",2026/09/17
394,394,6034,ＭＲＴ(株),東証GRT,586,+13,2.27,"4,100",2026/09/17
395,395,7013,(株)ＩＨＩ,東証PRM,"2,842.5",+63,2.27,"13,112,400",2026/09/17
396,396,9978,(株)文教堂グループホールディングス,東証STD,45,+1,2.27,"14,000",2026/09/17
397,397,2073,スマート ESG30 低カーボンリスク(ネットリターン)ETN,東証ETF,"15,860",+350,2.26,1,2026/09/17
398,398,7240,ＮＯＫ(株),東証PRM,"3,051",+67.5,2.26,"340,000",2026/09/17
399,399,7259,(株)アイシン,東証PRM,"2,283.5",+50.5,2.26,"2,013,600",2026/09/17
400,400,1820,西松建設(株),東証PRM,"5,729",+126,2.25,"183,700",2026/09/17
401,401,324A,(株)ブッキングリゾート,東証GRT,727,+16,2.25,"12,000",2026/09/17
402,402,4471,三洋化成工業(株),東証PRM,"6,370",+140,2.25,"134,400",2026/09/17
403,403,6061,(株)ユニバーサル園芸社,東証STD,"3,185",+70,2.25,"3,500",2026/09/17
404,404,7122,近畿車輛(株),東証STD,"2,449",+54,2.25,"3,600",2026/09/17
405,405,7685,(株)ＢｕｙＳｅｌｌ　Ｔｅｃｈｎｏｌｏｇｉｅｓ,東証GRT,"2,914",+64,2.25,"383,600",2026/09/17
406,406,8739,スパークス・グループ(株),東証PRM,"2,680",+59,2.25,"276,100",2026/09/17
407,407,9278,ブックオフグループホールディングス(株),東証PRM,"2,686",+59,2.25,"49,400",2026/09/17
408,408,2590,ダイドーグループホールディングス(株),東証PRM,"3,055",+67,2.24,"87,000",2026/09/17
409,409,6302,住友重機械工業(株),東証PRM,"5,837",+128,2.24,"939,000",2026/09/17
410,410,7138,(株)ＴＯＲＩＣＯ,東証GRT,137,+3,2.24,"317,700",2026/09/17
411,411,9211,(株)エフ・コード,東証GRT,"1,550",+34,2.24,"121,300",2026/09/17
412,412,9501,東京電力ホールディングス(株),東証PRM,556.2,+12.2,2.24,"34,374,800",2026/09/17
413,413,1563,東証グロース･コア,東証ETF,"2,430",+53,2.23,"11,908",2026/09/17
414,414,2222,寿スピリッツ(株),東証PRM,"2,585",+56.5,2.23,"388,400",2026/09/17
415,415,4503,アステラス製薬(株),東証PRM,"2,365",+51.5,2.23,"4,017,700",2026/09/17
416,416,4569,杏林製薬(株),東証PRM,"1,146",+25,2.23,"159,100",2026/09/17
417,417,6217,津田駒工業(株),東証STD,780,+17,2.23,"118,000",2026/09/17
418,418,6357,三精テクノロジーズ(株),東証STD,"2,794",+61,2.23,"81,900",2026/09/17
419,419,9145,(株)ビーイングホールディングス,東証STD,597,+13,2.23,"14,200",2026/09/17
420,420,8897,ＭＩＲＡＲＴＨホールディングス(株),東証PRM,460,+10,2.22,"588,500",2026/09/17
421,421,9553,(株)マイクロアド,東証GRT,644,+14,2.22,"74,800",2026/09/17
422,422,4540,(株)ツムラ,東証PRM,"3,886",+84,2.21,"800,200",2026/09/17
423,423,4612,日本ペイントホールディングス(株),東証PRM,"1,155.5",+25,2.21,"3,117,300",2026/09/17
424,424,2395,(株)新日本科学,東証PRM,"1,349",+29,2.2,"170,900",2026/09/17
425,425,3323,レカム(株),東証STD,93,+2,2.2,"295,800",2026/09/17
426,426,3769,ＧＭＯペイメントゲートウェイ(株),東証PRM,"8,869",+191,2.2,"256,800",2026/09/17
427,427,4661,(株)オリエンタルランド,東証PRM,"3,068",+66,2.2,"4,310,300",2026/09/17
428,428,6209,リケンＮＰＲ(株),東証PRM,"3,950",+85,2.2,"82,200",2026/09/17
429,429,3284,(株)フージャースホールディングス,東証PRM,"1,307",+28,2.19,"187,300",2026/09/17
430,430,335A,(株)ミライロ,東証GRT,326,+7,2.19,"442,600",2026/09/17
431,431,7046,ＴＤＳＥ(株),東証GRT,"1,353",+29,2.19,"2,900",2026/09/17
432,432,8020,兼松(株),東証PRM,"2,357",+50.5,2.19,"681,400",2026/09/17
433,433,4633,サカタインクス(株),東証PRM,"2,677",+57,2.18,"125,500",2026/09/17
434,434,4887,サワイグループホールディングス(株),東証PRM,"1,661.5",+35.5,2.18,"506,000",2026/09/17
435,435,5929,三和ホールディングス(株),東証PRM,"3,510",+75,2.18,"464,200",2026/09/17
436,436,6894,パルステック工業(株),東証STD,"2,199",+47,2.18,"2,100",2026/09/17
437,437,9507,四国電力(株),東証PRM,"2,277",+48.5,2.18,"1,619,800",2026/09/17
438,438,9616,(株)共立メンテナンス,東証PRM,"3,228",+69,2.18,"862,900",2026/09/17
439,439,2384,ＳＢＳホールディングス(株),東証PRM,"5,180",+110,2.17,"91,500",2026/09/17
440,440,2464,(株)Ａｏｂａ－ＢＢＴ,東証STD,376,+8,2.17,"21,500",2026/09/17
441,441,2502,アサヒグループホールディングス(株),東証PRM,"1,645",+35,2.17,"4,689,100",2026/09/17
442,442,4521,科研製薬(株),東証PRM,"4,005",+85,2.17,"119,400",2026/09/17
443,443,6469,(株)放電精密加工研究所,東証STD,"2,775",+59,2.17,"110,700",2026/09/17
444,444,9686,東洋テック(株),東証STD,"1,740",+37,2.17,300,2026/09/17
445,445,1808,(株)長谷工コーポレーション,東証PRM,"2,785.5",+59,2.16,"561,400",2026/09/17
446,446,3374,内外テック(株),東証STD,"4,025",+85,2.16,"21,800",2026/09/17
447,447,4052,フィーチャ(株),東証GRT,850,+18,2.16,"2,634,100",2026/09/17
448,448,7943,ニチハ(株),東証PRM,"3,070",+65,2.16,"57,300",2026/09/17
449,449,9215,(株)ＣａＳｙ,東証GRT,995,+21,2.16,"1,100",2026/09/17
450,450,9706,日本空港ビルデング(株),東証PRM,"5,574",+118,2.16,"722,400",2026/09/17
451,451,1367,iFreeETF TOPIXレバレッジ(2倍)指数,東証ETF,"3,083",+65,2.15,"26,512",2026/09/17
452,452,277A,グロービング(株),東証PRM,"1,851",+39,2.15,"80,900",2026/09/17
453,453,6145,ＮＩＴＴＯＫＵ(株),東証STD,"2,618",+55,2.15,"80,200",2026/09/17
454,454,9505,北陸電力(株),東証PRM,"1,162.5",+24.5,2.15,"905,500",2026/09/17
455,455,9948,(株)アークス,東証PRM,"3,805",+80,2.15,"64,900",2026/09/17
456,456,4716,日本オラクル(株),東証STD,"9,346",+196,2.14,"323,600",2026/09/17
457,457,6286,靜甲(株),東証STD,"1,525",+32,2.14,"3,100",2026/09/17
458,458,8715,アニコム　ホールディングス(株),東証PRM,"1,052",+22,2.14,"272,700",2026/09/17
459,459,8747,豊トラスティ証券(株),東証STD,"2,248",+47,2.14,"15,500",2026/09/17
460,460,8801,三井不動産(株),東証PRM,"1,505",+31.5,2.14,"7,283,200",2026/09/17
461,461,9621,(株)建設技術研究所,東証PRM,"3,335",+70,2.14,"81,400",2026/09/17
462,462,2436,共同ピーアール(株),東証STD,576,+12,2.13,"16,300",2026/09/17
463,463,3723,日本ファルコム(株),東証GRT,"2,780",+58,2.13,"21,500",2026/09/17
464,464,6526,(株)ソシオネクスト,東証PRM,"1,965",+41,2.13,"7,217,600",2026/09/17
465,465,2070,スマート ESG30 女性活躍(ネットリターン)ETN,東証ETF,"16,850",+350,2.12,3,2026/09/17
466,466,4543,テルモ(株),東証PRM,"2,291.5",+47.5,2.12,"3,177,500",2026/09/17
467,467,4680,(株)ラウンドワン,東証PRM,"1,182",+24.5,2.12,"1,998,100",2026/09/17
468,468,6368,オルガノ(株),東証PRM,"12,030",+250,2.12,"435,700",2026/09/17
469,469,1860,戸田建設(株),東証PRM,"1,526",+31.5,2.11,"455,100",2026/09/17
470,470,2914,ＪＴ,東証PRM,"6,916",+143,2.11,"3,711,900",2026/09/17
471,471,7102,日本車輌製造(株),東証PRM,"3,625",+75,2.11,"24,200",2026/09/17
472,472,7181,(株)かんぽ生命保険,東証PRM,"1,813.5",+37.5,2.11,"2,561,700",2026/09/17
473,473,1738,(株)ＮＩＴＴＯＨ,名証MN,584,+12,2.1,"1,400",2026/09/17
474,474,1833,(株)奥村組,東証PRM,"5,840",+120,2.1,"98,600",2026/09/17
475,475,2516,東証グロース250ETF,東証ETF,623.5,+12.8,2.1,"338,150",2026/09/17
476,476,3151,(株)バイタルケーエスケー・ホールディングス,東証PRM,"1,650",+34,2.1,"56,100",2026/09/17
477,477,3475,(株)グッドコムアセット,東証PRM,"1,505",+31,2.1,"95,100",2026/09/17
478,478,4686,(株)ジャストシステム,東証PRM,"4,385",+90,2.1,"126,400",2026/09/17
479,479,5975,東プレ(株),東証PRM,"3,410",+70,2.1,"95,900",2026/09/17
480,480,6228,(株)ジェイ・イー・ティ,東証STD,534,+11,2.1,"42,100",2026/09/17
481,481,6623,愛知電機(株),名証PRM,"8,750",+180,2.1,"2,200",2026/09/17
482,482,6988,日東電工(株),東証PRM,"3,405",+70,2.1,"3,306,600",2026/09/17
483,483,146A,コロンビア・ワークス(株),東証STD,"3,655",+75,2.09,"26,800",2026/09/17
484,484,2986,(株)ＬＡホールディングス,東証GRT,"2,973",+61,2.09,"216,700",2026/09/17
485,485,6588,東芝テック(株),東証PRM,"2,933",+60,2.09,"202,000",2026/09/17
486,486,7936,(株)アシックス,東証PRM,"4,097",+84,2.09,"4,821,500",2026/09/17
487,487,8285,三谷産業(株),東証STD,830,+17,2.09,"76,100",2026/09/17
488,488,8630,ＳＯＭＰＯホールディングス(株),東証PRM,"6,994",+143,2.09,"2,339,000",2026/09/17
489,489,9563,Ａｔｌａｓ　Ｔｅｃｈｎｏｌｏｇｉｅｓ(株),東証GRT,342,+7,2.09,"26,300",2026/09/17
490,490,2788,アップルインターナショナル(株),東証STD,392,+8,2.08,"65,600",2026/09/17
491,491,3853,アステリア(株),東証PRM,"1,079",+22,2.08,"112,300",2026/09/17
492,492,4053,(株)Ｓｕｎ　Ａｓｔｅｒｉｓｋ,東証PRM,491,+10,2.08,"161,100",2026/09/17
493,493,5186,ニッタ(株),東証PRM,"6,880",+140,2.08,"39,700",2026/09/17
494,494,6653,(株)正興電機製作所,東証PRM,"2,109",+43,2.08,"67,800",2026/09/17
495,495,6786,(株)ＲＶＨ,東証STD,49,+1,2.08,"4,000",2026/09/17
496,496,7459,(株)メディパルホールディングス,東証PRM,"2,994",+61,2.08,"268,100",2026/09/17
497,497,2639,GX バイオ＆メドテック-日本株式,東証ETF,"1,723",+35,2.07,287,2026/09/17
498,498,2975,スター・マイカ・ホールディングス(株),東証PRM,"1,431",+29,2.07,"143,100",2026/09/17
499,499,3443,川田テクノロジーズ(株),東証PRM,"1,430",+29,2.07,"183,800",2026/09/17
500,500,4072,(株)電算システムホールディングス,東証PRM,"3,210",+65,2.07,"32,200",2026/09/17
501,501,4443,Ｓａｎｓａｎ(株),東証PRM,"2,119",+43,2.07,"696,000",2026/09/17
502,502,5201,ＡＧＣ(株),東証PRM,"5,716",+116,2.07,"1,200,200",2026/09/17
503,503,8818,京阪神ビルディング(株),東証PRM,"1,133",+23,2.07,"620,700",2026/09/17
504,504,1866,北野建設(株),東証STD,"1,138",+23,2.06,"10,000",2026/09/17
505,505,6400,不二精機(株),東証STD,297,+6,2.06,"30,800",2026/09/17
506,506,8929,(株)青山財産ネットワークス,東証STD,"1,384",+28,2.06,"37,100",2026/09/17
507,507,9678,(株)カナモト,東証PRM,"5,460",+110,2.06,"75,400",2026/09/17
508,508,1968,太平電業(株),東証PRM,"2,591",+52,2.05,"132,500",2026/09/17
509,509,2768,双日(株),東証PRM,"5,888",+118,2.05,"1,059,400",2026/09/17
510,510,3038,(株)神戸物産,東証PRM,"3,143",+63,2.05,"1,385,100",2026/09/17
511,511,4425,Ｋｕｄａｎ(株),東証GRT,"1,445",+29,2.05,"105,000",2026/09/17
512,512,4475,ＨＥＮＮＧＥ(株),東証GRT,"1,744",+35,2.05,"597,500",2026/09/17
513,513,5411,ＪＦＥホールディングス(株),東証PRM,"1,895",+38,2.05,"4,319,200",2026/09/17
514,514,5446,北越メタル(株),東証STD,"1,097",+22,2.05,"8,000",2026/09/17
515,515,6849,日本光電,東証PRM,"1,593.5",+32,2.05,"665,600",2026/09/17
516,516,7649,スギホールディングス(株),東証PRM,"1,270.5",+25.5,2.05,"2,935,200",2026/09/17
517,517,7914,共同印刷(株),東証PRM,"1,793",+36,2.05,"69,800",2026/09/17
518,518,8001,伊藤忠商事(株),東証PRM,"2,370",+47.5,2.05,"21,522,800",2026/09/17
519,519,9743,(株)丹青社,東証PRM,"1,490",+30,2.05,"310,600",2026/09/17
520,520,1414,ショーボンドホールディングス(株),東証PRM,"1,299.5",+26,2.04,"800,800",2026/09/17
521,521,299A,クラシル(株),東証GRT,"1,253",+25,2.04,"64,400",2026/09/17
522,522,3288,(株)オープンハウスグループ,東証PRM,"7,791",+156,2.04,"258,900",2026/09/17
523,523,4671,(株)ファルコホールディングス,東証STD,"2,947",+59,2.04,"8,600",2026/09/17
524,524,4674,(株)クレスコ,東証PRM,"1,849",+37,2.04,"170,200",2026/09/17
525,525,4922,(株)コーセーホールディングス,東証PRM,"5,750",+115,2.04,"154,800",2026/09/17
526,526,6803,ティアック(株),東証STD,100,+2,2.04,"255,800",2026/09/17
527,527,7527,(株)システムソフト,東証STD,50,+1,2.04,"1,131,500",2026/09/17
528,528,8725,ＭＳ＆ＡＤインシュアランスグループホールディングス(株),東証PRM,"5,260",+105,2.04,"3,127,800",2026/09/17
529,529,9272,ブティックス(株),東証GRT,"1,454",+29,2.04,"21,600",2026/09/17
530,530,2529,(NEXT FUNDS)野村株主還元70連動型上場投信,東証ETF,"2,408",+48,2.03,"13,330",2026/09/17
531,531,2801,キッコーマン(株),東証PRM,"1,684",+33.5,2.03,"2,853,300",2026/09/17
532,532,7282,豊田合成(株),東証PRM,"5,287",+105,2.03,"464,100",2026/09/17
533,533,9267,Ｇｅｎｋｙ　ＤｒｕｇＳｔｏｒｅｓ(株),東証PRM,"3,510",+70,2.03,"51,200",2026/09/17
534,534,9506,東北電力(株),東証PRM,"1,455",+29,2.03,"5,262,900",2026/09/17
535,535,8015,豊田通商(株),東証PRM,"7,535",+149,2.02,"1,586,100",2026/09/17
536,536,9716,(株)乃村工藝社,東証PRM,"1,260",+25,2.02,"259,700",2026/09/17
537,537,1626,(NEXT FUNDS)情報通信･サービス上場投信,東証ETF,"50,200",+990,2.01,212,2026/09/17
538,538,3422,(株)Ｊ－ＭＡＸ,東証STD,610,+12,2.01,"34,300",2026/09/17
539,539,3640,(株)電算,東証STD,"2,846",+56,2.01,"43,400",2026/09/17
540,540,4392,ＦＩＧ(株),東証PRM,964,+19,2.01,"949,300",2026/09/17
541,541,7521,(株)ムサシ,東証STD,"2,741",+54,2.01,"3,300",2026/09/17
542,542,2270,雪印メグミルク(株),東証PRM,"3,820",+75,2.0,"111,900",2026/09/17
543,543,610A,GX 宇宙テック・トップ10(除く日本),東証ETF,"1,020",+20,2.0,"39,424",2026/09/17
544,544,8802,三菱地所(株),東証PRM,"3,678",+72,2.0,"3,328,400",2026/09/17
545,545,9697,(株)カプコン,東証PRM,"4,432",+87,2.0,"2,573,600",2026/09/17
546,546,2060,フィード・ワン(株),東証PRM,"1,488",+29,1.99,"106,000",2026/09/17
547,547,5108,(株)ブリヂストン,東証PRM,"3,789",+74,1.99,"3,152,800",2026/09/17
548,548,6395,(株)タダノ,東証PRM,"1,382",+27,1.99,"233,300",2026/09/17
549,549,6742,(株)京三製作所,東証PRM,"1,077",+21,1.99,"263,300",2026/09/17
550,550,7148,(株)ＦＰＧ,東証PRM,"1,739",+34,1.99,"521,600",2026/09/17
551,551,7297,(株)カーメイト,東証STD,870,+17,1.99,"4,200",2026/09/17
552,552,8137,サンワテクノス(株),東証PRM,"4,620",+90,1.99,"46,100",2026/09/17
553,553,9336,大栄環境(株),東証PRM,"3,835",+75,1.99,"99,200",2026/09/17
554,554,4151,協和キリン(株),東証PRM,"2,262.5",+44,1.98,"1,316,800",2026/09/17
555,555,7244,市光工業(株),東証PRM,566,+11,1.98,"64,700",2026/09/17
556,556,7951,ヤマハ(株),東証PRM,"1,284.5",+25,1.98,"1,292,200",2026/09/17
557,557,8052,椿本興業(株),東証PRM,"2,990",+58,1.98,"62,600",2026/09/17
558,558,8150,三信電気(株),東証PRM,"3,345",+65,1.98,"36,400",2026/09/17
559,559,5028,セカンドサイトアナリティカ(株),東証GRT,362,+7,1.97,"6,000",2026/09/17
560,560,5129,(株)ＦＩＸＥＲ,東証GRT,259,+5,1.97,"66,800",2026/09/17
561,561,6644,大崎電気工業(株),東証PRM,"1,499",+29,1.97,"350,900",2026/09/17
562,562,7419,(株)ノジマ,東証PRM,"1,295",+25,1.97,"922,100",2026/09/17
563,563,7972,(株)イトーキ,東証PRM,"2,531",+49,1.97,"157,400",2026/09/17
564,564,2345,(株)ＨＯＤＬ１,東証STD,104,+2,1.96,"35,300",2026/09/17
565,565,276A,ククレブ・アドバイザーズ(株),東証GRT,"4,155",+80,1.96,"8,200",2026/09/17
566,566,4058,トヨクモ(株),東証GRT,"2,341",+45,1.96,"21,800",2026/09/17
567,567,593A,(株)ティアフォー,東証GRT,"1,978",+38,1.96,"8,875,000",2026/09/17
568,568,7172,(株)ジャパンインベストメントアドバイザー,東証PRM,"2,135",+41,1.96,"134,800",2026/09/17
569,569,7733,オリンパス(株),東証PRM,"2,024",+39,1.96,"2,966,100",2026/09/17
570,570,7992,セーラー万年筆(株),東証STD,104,+2,1.96,"7,700",2026/09/17
571,571,8016,(株)オンワードホールディングス,東証PRM,730,+14,1.96,"739,600",2026/09/17
572,572,5440,共英製鋼(株),東証PRM,"2,047",+39,1.94,"84,300",2026/09/17
573,573,5659,日本精線(株),東証PRM,"1,422",+27,1.94,"43,300",2026/09/17
574,574,9715,トランスコスモス(株),東証PRM,"3,670",+70,1.94,"136,000",2026/09/17
575,575,1686,WisdomTree 産業用金属上場投信,東証ETF,"3,060",+58,1.93,30,2026/09/17
576,576,1926,ライト工業(株),東証PRM,"3,960",+75,1.93,"88,800",2026/09/17
577,577,2017,iFreeETF JPXプライム150,東証ETF,"1,529",+29,1.93,"4,383",2026/09/17
578,578,3765,ガンホー・オンライン・エンターテイメント(株),東証PRM,"2,534",+48,1.93,"159,600",2026/09/17
579,579,4055,ティアンドエスグループ(株),東証GRT,"1,635",+31,1.93,"12,500",2026/09/17
580,580,8091,ニチモウ(株),東証PRM,"2,426",+46,1.93,"11,000",2026/09/17
581,581,1969,高砂熱学工業(株),東証PRM,"4,662",+88,1.92,"375,800",2026/09/17
582,582,2004,昭和産業(株),東証PRM,"3,980",+75,1.92,"50,700",2026/09/17
583,583,3850,(株)ＮＴＴデータイントラマート,東証STD,"3,980",+75,1.92,"31,600",2026/09/17
584,584,4275,(株)カーリット,東証PRM,"2,068",+39,1.92,"215,000",2026/09/17
585,585,6501,(株)日立製作所,東証PRM,"5,475",+103,1.92,"8,733,900",2026/09/17
586,586,8850,スターツコーポレーション(株),東証PRM,"4,775",+90,1.92,"49,700",2026/09/17
587,587,9202,ＡＮＡホールディングス(株),東証PRM,"3,000",+56.5,1.92,"2,245,700",2026/09/17
588,588,9310,日本トランスシティ(株),東証PRM,"1,430",+27,1.92,"88,400",2026/09/17
589,589,1627,(NEXT FUNDS)電力･ガス上場投信,東証ETF,"13,100",+245,1.91,"2,714",2026/09/17
590,590,1944,(株)きんでん,東証PRM,"7,000",+131,1.91,"384,500",2026/09/17
591,591,340A,(株)ジグザグ,東証GRT,320,+6,1.91,"6,400",2026/09/17
592,592,4733,(株)オービックビジネスコンサルタント,東証PRM,"8,378",+157,1.91,"98,000",2026/09/17
593,593,7751,キヤノン(株),東証PRM,"4,534",+85,1.91,"2,605,400",2026/09/17
594,594,4310,(株)ドリームインキュベータ,東証PRM,"2,523",+47,1.9,"19,100",2026/09/17
595,595,4620,藤倉化成(株),東証STD,"1,021",+19,1.9,"86,300",2026/09/17
596,596,6508,(株)明電舎,東証PRM,"10,740",+200,1.9,"151,200",2026/09/17
597,597,6564,(株)ミダックホールディングス,東証PRM,"2,041",+38,1.9,"51,300",2026/09/17
598,598,8194,(株)ライフコーポレーション,東証PRM,"2,735",+51,1.9,"238,200",2026/09/17
599,599,8750,(株)第一ライフグループ,東証PRM,"1,931",+36,1.9,"7,321,800",2026/09/17
600,600,2481,(株)タウンニュース社,東証STD,702,+13,1.89,"2,300",2026/09/17
601,601,6044,(株)三機サービス,東証STD,"1,882",+35,1.89,"4,200",2026/09/17
602,602,6817,スミダコーポレーション(株),東証PRM,"1,239",+23,1.89,"158,000",2026/09/17
603,603,1436,(株)グリーンエナジー＆カンパニー,東証GRT,"1,736",+32,1.88,"45,600",2026/09/17
604,604,2353,日本駐車場開発(株),東証PRM,271,+5,1.88,"1,969,600",2026/09/17
605,605,2587,サントリービバレッジ＆フード(株),東証PRM,"4,612",+85,1.88,"1,043,600",2026/09/17
606,606,3176,三洋貿易(株),東証PRM,"1,193",+22,1.88,"273,900",2026/09/17
607,607,4178,(株)Ｓｈａｒｉｎｇ　Ｉｎｎｏｖａｔｉｏｎｓ,東証GRT,543,+10,1.88,"8,500",2026/09/17
608,608,5406,(株)神戸製鋼所,東証PRM,"2,085",+38.5,1.88,"1,688,200",2026/09/17
609,609,5901,東洋製罐グループホールディングス(株),東証PRM,"4,657",+86,1.88,"291,100",2026/09/17
610,610,6369,トーヨーカネツ(株),東証PRM,"2,433",+45,1.88,"48,800",2026/09/17
611,611,6702,富士通(株),東証PRM,"4,008",+74,1.88,"5,928,400",2026/09/17
612,612,8111,(株)ゴールドウイン,東証PRM,"2,169.5",+40,1.88,"577,900",2026/09/17
613,613,8697,(株)日本取引所グループ,東証PRM,"2,252.5",+41.5,1.88,"2,413,300",2026/09/17
614,614,8830,住友不動産(株),東証PRM,"3,253",+60,1.88,"2,827,900",2026/09/17
615,615,9090,ＡＺ－ＣＯＭ丸和ホールディングス(株),東証PRM,920,+17,1.88,"852,800",2026/09/17
616,616,9418,(株)Ｕ－ＮＥＸＴ　ＨＯＬＤＩＮＧＳ,東証PRM,"1,792",+33,1.88,"377,400",2026/09/17
617,617,1319,(NEXT FUNDS)日経300株価指数連動型上場投信,東証ETF,752,+13.8,1.87,"1,000",2026/09/17
618,618,3861,王子ホールディングス(株),東証PRM,888.9,+16.3,1.87,"2,308,200",2026/09/17
619,619,6332,月島ホールディングス(株),東証PRM,"2,730",+50,1.87,"116,700",2026/09/17
620,620,6458,新晃工業(株),東証PRM,"1,255",+23,1.87,"163,900",2026/09/17
621,621,6835,アライドテレシスホールディングス(株),東証STD,273,+5,1.87,"269,500",2026/09/17
622,622,8157,都築電気(株),東証PRM,"4,350",+80,1.87,"47,600",2026/09/17
623,623,135A,(株)ＶＲＡＩＮ　Ｓｏｌｕｔｉｏｎ,東証GRT,"4,650",+85,1.86,"75,100",2026/09/17
624,624,1802,(株)大林組,東証PRM,"3,129",+57,1.86,"1,780,300",2026/09/17
625,625,1939,(株)四電工,東証PRM,"2,298",+42,1.86,"64,800",2026/09/17
626,626,2269,明治ホールディングス(株),東証PRM,"4,370",+80,1.86,"952,100",2026/09/17
627,627,4461,第一工業製薬(株),東証PRM,"12,600",+230,1.86,"97,600",2026/09/17
628,628,575A,前澤ホールディングス(株),東証PRM,"1,916",+35,1.86,"70,400",2026/09/17
629,629,3468,スターアジア不動産投資法人,東証,"55,000","+1,000",1.85,"18,240",2026/09/17
630,630,4848,(株)フルキャストホールディングス,東証PRM,"1,930",+35,1.85,"94,900",2026/09/17
631,631,5930,文化シヤッター(株),東証PRM,"1,922",+35,1.85,"75,100",2026/09/17
632,632,9876,(株)コックス,東証STD,220,+4,1.85,"27,400",2026/09/17
633,633,1950,日本電設工業(株),東証PRM,"4,155",+75,1.84,"79,700",2026/09/17
634,634,415A,ＧＭＯ　ＴＥＣＨホールディングス(株),東証GRT,"5,530",+100,1.84,800,2026/09/17
635,635,438A,(株)インフキュリオン,東証GRT,"1,053",+19,1.84,"82,100",2026/09/17
636,636,6457,グローリー(株),東証PRM,"4,480",+81,1.84,"144,200",2026/09/17
637,637,2393,(株)日本ケアサプライ,東証STD,"4,440",+80,1.83,"5,900",2026/09/17
638,638,4534,持田製薬(株),東証PRM,"3,330",+60,1.83,"57,600",2026/09/17
639,639,4828,ビジネスエンジニアリング(株),東証PRM,"1,391",+25,1.83,"63,300",2026/09/17
640,640,5034,(株)ｕｎｅｒｒｙ,東証GRT,"2,342",+42,1.83,"6,100",2026/09/17
641,641,3116,トヨタ紡織(株),東証PRM,"2,268.5",+40.5,1.82,"449,400",2026/09/17
642,642,3842,(株)ネクストジェン,東証STD,"1,229",+22,1.82,"10,200",2026/09/17
643,643,3921,(株)ネオジャパン,東証PRM,"1,681",+30,1.82,"14,700",2026/09/17
644,644,4176,(株)ココナラ,東証GRT,280,+5,1.82,"60,200",2026/09/17
645,645,4441,トビラシステムズ(株),東証STD,"1,509",+27,1.82,"11,500",2026/09/17
646,646,6668,(株)アドテック　プラズマ　テクノロジー,東証STD,"3,915",+70,1.82,"58,400",2026/09/17
647,647,7242,カヤバ(株),東証PRM,"4,760",+85,1.82,"129,700",2026/09/17
648,648,7435,(株)ナ・デックス,東証STD,"1,285",+23,1.82,"11,200",2026/09/17
649,649,2503,キリンホールディングス(株),東証PRM,"2,892.5",+51.5,1.81,"2,571,000",2026/09/17
650,650,5218,(株)オハラ,東証STD,"1,634",+29,1.81,"91,700",2026/09/17
651,651,6200,(株)インソース,東証PRM,733,+13,1.81,"313,300",2026/09/17
652,652,6523,ＰＨＣホールディングス(株),東証PRM,"1,353",+24,1.81,"484,300",2026/09/17
653,653,235A,GX 高配当30-日本株式,東証ETF,"1,469",+26,1.8,"2,675",2026/09/17
654,654,3825,(株)リミックスポイント,東証STD,226,+4,1.8,"547,100",2026/09/17
655,655,559A,梅乃宿酒造(株),東証STD,"1,186",+21,1.8,"7,300",2026/09/17
656,656,7239,(株)タチエス,東証PRM,"2,380",+42,1.8,"67,600",2026/09/17
657,657,7864,(株)フジシールインターナショナル,東証PRM,"3,395",+60,1.8,"108,800",2026/09/17
658,658,9562,ビジネスコーチ(株),東証GRT,680,+12,1.8,"9,300",2026/09/17
659,659,1852,(株)淺沼組,東証PRM,912,+16,1.79,"472,600",2026/09/17
660,660,1934,(株)ユアテック,東証PRM,"2,674",+47,1.79,"99,300",2026/09/17
661,661,6547,(株)グリーンズ,東証STD,"2,165",+38,1.79,"36,300",2026/09/17
662,662,9069,センコーグループホールディングス(株),東証PRM,"2,365",+41.5,1.79,"300,700",2026/09/17
663,663,2796,ファーマライズホールディングス(株),東証STD,514,+9,1.78,"44,700",2026/09/17
664,664,4198,(株)テンダ,東証STD,514,+9,1.78,"5,900",2026/09/17
665,665,1946,(株)トーエネック,東証PRM,"2,244",+39,1.77,"98,700",2026/09/17
666,666,2475,ＷＤＢホールディングス(株),東証PRM,"1,778",+31,1.77,"15,400",2026/09/17
667,667,421A,(株)ムービン・ストラテジック・キャリア,東証GRT,"3,745",+65,1.77,"17,800",2026/09/17
668,668,532A,NZAM 上場投信 TOPIX高配当40,東証ETF,"2,355",+41,1.77,53,2026/09/17
669,669,6785,(株)鈴木,東証PRM,"3,160",+55,1.77,"54,600",2026/09/17
670,670,7280,(株)ミツバ,東証PRM,"1,382",+24,1.77,"259,200",2026/09/17
671,671,7438,コンドーテック(株),東証PRM,"1,787",+31,1.77,"43,200",2026/09/17
672,672,8934,サンフロンティア不動産(株),東証PRM,"2,412",+42,1.77,"103,900",2026/09/17
673,673,9020,東日本旅客鉄道(株),東証PRM,"3,561",+62,1.77,"2,229,100",2026/09/17
674,674,1930,北陸電気工事(株),東証PRM,"1,618",+28,1.76,"48,000",2026/09/17
675,675,2042,NEXT NOTES 東証グロース市場250 ETN,東証ETF,"8,116",+140,1.76,847,2026/09/17
676,676,3245,(株)ディア・ライフ,東証PRM,"1,101",+19,1.76,"386,800",2026/09/17
677,677,3987,エコモット(株),東証GRT,635,+11,1.76,"4,900",2026/09/17
678,678,5121,藤倉コンポジット(株),東証PRM,"2,835",+49,1.76,"145,400",2026/09/17
679,679,5423,東京製鐵(株),東証PRM,"1,797",+31,1.76,"363,300",2026/09/17
680,680,542A,(株)ビタブリッドジャパン,東証GRT,"1,043",+18,1.76,"2,000",2026/09/17
681,681,5909,(株)コロナ,東証STD,982,+17,1.76,"17,300",2026/09/17
682,682,6142,富士精工(株),名証MN,"1,793",+31,1.76,500,2026/09/17
683,683,1803,清水建設(株),東証PRM,"2,413",+41.5,1.75,"2,135,400",2026/09/17
684,684,3289,東急不動産ホールディングス(株),東証PRM,"1,305.5",+22.5,1.75,"1,763,500",2026/09/17
685,685,5618,ナイル(株),東証GRT,291,+5,1.75,"1,000",2026/09/17
686,686,6182,(株)メタリアル,東証GRT,523,+9,1.75,"27,400",2026/09/17
687,687,6417,(株)ＳＡＮＫＹＯ,東証PRM,"2,148.5",+37,1.75,"945,900",2026/09/17
688,688,6470,大豊工業(株),東証STD,"1,102",+19,1.75,"34,300",2026/09/17
689,689,6737,ＥＩＺＯ(株),東証PRM,"3,200",+55,1.75,"129,300",2026/09/17
690,690,7231,トピー工業(株),東証PRM,"3,190",+55,1.75,"50,500",2026/09/17
691,691,9832,(株)オートバックスセブン,東証PRM,"1,630",+28,1.75,"570,700",2026/09/17
692,692,1697,WisdomTree 大豆上場投信,東証ETF,"4,915",+84,1.74,220,2026/09/17
693,693,1951,エクシオグループ(株),東証PRM,"2,633",+45,1.74,"368,300",2026/09/17
694,694,2327,日鉄ソリューションズ(株),東証PRM,"3,925",+67,1.74,"310,700",2026/09/17
695,695,2337,いちご(株),東証PRM,410,+7,1.74,"898,800",2026/09/17
696,696,3047,(株)ＴＲＵＣＫ－ＯＮＥ,福岡Q,876,+15,1.74,"1,700",2026/09/17
697,697,3628,(株)データホライゾン,東証GRT,702,+12,1.74,"33,400",2026/09/17
698,698,4771,(株)エフアンドエム,東証STD,"2,800",+48,1.74,"24,800",2026/09/17
699,699,5535,ミガロホールディングス(株),東証PRM,292,+5,1.74,"101,600",2026/09/17
700,700,7184,(株)富山第一銀行,東証PRM,"3,510",+60,1.74,"165,700",2026/09/17
701,701,7878,(株)光・彩,東証STD,"1,170",+20,1.74,"10,300",2026/09/17
702,702,8398,(株)筑邦銀行,福証,"2,391",+41,1.74,"2,300",2026/09/17
703,703,9651,日本プロセス(株),東証STD,"1,935",+33,1.74,"14,000",2026/09/17
704,704,9735,セコム(株),東証PRM,"6,506",+111,1.74,"1,050,000",2026/09/17
705,705,1766,東建コーポレーション(株),東証PRM,"13,560",+230,1.73,"20,200",2026/09/17
706,706,2108,日本甜菜製糖(株),東証PRM,"5,290",+90,1.73,"31,200",2026/09/17
707,707,2593,(株)伊藤園,東証PRM,"3,233",+55,1.73,"287,100",2026/09/17
708,708,4847,(株)インテリジェント　ウェイブ,東証PRM,"1,472",+25,1.73,"166,300",2026/09/17
709,709,7038,フロンティア・マネジメント(株),東証PRM,588,+10,1.73,"12,900",2026/09/17
710,710,8093,極東貿易(株),東証PRM,"1,819",+31,1.73,"59,200",2026/09/17
711,711,8113,ユニ・チャーム(株),東証PRM,971.5,+16.5,1.73,"3,572,900",2026/09/17
712,712,8303,(株)ＳＢＩ新生銀行,東証PRM,"1,620",+27.5,1.73,"3,251,300",2026/09/17
713,713,9347,日本管財ホールディングス(株),東証PRM,"3,000",+51,1.73,"123,300",2026/09/17
714,714,3277,(株)サンセイランディック,東証STD,828,+14,1.72,"21,400",2026/09/17
715,715,3360,シップヘルスケアホールディングス(株),東証PRM,"2,489",+42,1.72,"193,400",2026/09/17
716,716,4194,ビジョナル(株),東証PRM,"8,552",+145,1.72,"211,700",2026/09/17
717,717,5261,リソルホールディングス(株),東証PRM,"7,680",+130,1.72,"3,000",2026/09/17
718,718,6648,(株)かわでん,東証STD,"1,653",+28,1.72,"27,300",2026/09/17
719,719,7093,アディッシュ(株),東証GRT,592,+10,1.72,"1,500",2026/09/17
720,720,8273,(株)イズミ,東証PRM,"1,004",+17,1.72,"318,400",2026/09/17
721,721,9249,日本エコシステム(株),東証STD,"1,659",+28,1.72,"4,700",2026/09/17
722,722,1952,新日本空調(株),東証PRM,"3,270",+55,1.71,"102,600",2026/09/17
723,723,4245,(株)ダイキアクシス,東証STD,713,+12,1.71,"20,300",2026/09/17
724,724,6592,マブチモーター(株),東証PRM,"1,727.5",+29,1.71,"852,700",2026/09/17
725,725,6907,ジオマテック(株),東証STD,773,+13,1.71,"13,700",2026/09/17
726,726,7047,ポート(株),東証GRT,"2,141",+36,1.71,"95,700",2026/09/17
727,727,7368,表示灯(株),東証STD,"1,720",+29,1.71,"3,600",2026/09/17
728,728,1879,新日本建設(株),東証PRM,"2,336",+39,1.7,"143,400",2026/09/17
729,729,1928,積水ハウス(株),東証PRM,"3,403",+57,1.7,"1,706,100",2026/09/17
730,730,2432,(株)ディー・エヌ・エー,東証PRM,"2,578",+43,1.7,"956,500",2026/09/17
731,731,3626,ＴＩＳＩ(株),東証PRM,"4,078",+68,1.7,"683,600",2026/09/17
732,732,4666,パーク２４(株),東証PRM,"2,030",+34,1.7,"700,100",2026/09/17
733,733,6544,ジャパンエレベーターサービスホールディングス(株),東証PRM,"1,529.5",+25.5,1.7,"400,600",2026/09/17
734,734,9159,(株)Ｗ　ＴＯＫＹＯ,東証GRT,"1,974",+33,1.7,200,2026/09/17
735,735,1435,(株)ｒｏｂｏｔ　ｈｏｍｅ,東証STD,180,+3,1.69,"217,600",2026/09/17
736,736,166A,(株)タスキホールディングス,東証PRM,"1,083",+18,1.69,"269,300",2026/09/17
737,737,1961,三機工業(株),東証PRM,"2,521",+42,1.69,"419,200",2026/09/17
738,738,2492,(株)インフォマート,東証PRM,720,+12,1.69,"2,678,900",2026/09/17
739,739,3612,(株)ワールド,東証PRM,"1,622",+27,1.69,"206,900",2026/09/17
740,740,4263,サスメド(株),東証GRT,422,+7,1.69,"692,500",2026/09/17
741,741,4502,武田薬品工業(株),東証PRM,"5,946",+99,1.69,"4,687,800",2026/09/17
742,742,6005,三浦工業(株),東証PRM,"3,181",+53,1.69,"340,300",2026/09/17
743,743,6098,(株)リクルートホールディングス,東証PRM,"17,445",+290,1.69,"3,829,300",2026/09/17
744,744,7236,(株)ティラド,東証PRM,"1,505",+25,1.69,"370,500",2026/09/17
745,745,7272,ヤマハ発動機(株),東証PRM,"1,832",+30.5,1.69,"4,724,000",2026/09/17
746,746,7309,(株)シマノ,東証PRM,"18,380",+305,1.69,"290,300",2026/09/17
747,747,7844,(株)マーベラス,東証PRM,541,+9,1.69,"237,400",2026/09/17
748,748,8609,(株)岡三証券グループ,東証PRM,"1,265",+21,1.69,"504,000",2026/09/17
749,749,9982,タキヒヨー(株),東証STD,"2,647",+44,1.69,"1,500",2026/09/17
750,750,3131,シンデン・ハイテックス(株),東証STD,"6,660",+110,1.68,"23,100",2026/09/17
751,751,4228,積水化成品工業(株),東証PRM,606,+10,1.68,"227,000",2026/09/17
752,752,4662,(株)フォーカスシステムズ,東証PRM,"1,637",+27,1.68,"26,700",2026/09/17
753,753,4673,川崎地質(株),東証STD,"4,850",+80,1.68,"1,100",2026/09/17
754,754,6035,(株)アイ・アールジャパンホールディングス,東証STD,728,+12,1.68,"43,800",2026/09/17
755,755,6247,(株)日阪製作所,東証PRM,"1,758",+29,1.68,"46,100",2026/09/17
756,756,7033,(株)マネジメントソリューションズ,東証PRM,"1,577",+26,1.68,"49,200",2026/09/17
757,757,1573,中国H株ベア上場投信,東証ETF,"8,400",+138,1.67,"1,630",2026/09/17
758,758,4665,(株)ダスキン,東証PRM,"4,747",+78,1.67,"143,000",2026/09/17
759,759,5949,ユニプレス(株),東証PRM,"1,339",+22,1.67,"161,400",2026/09/17
760,760,7059,(株)コプロ・ホールディングス,東証PRM,972,+16,1.67,"151,400",2026/09/17
761,761,7908,ＫＩＭＯＴＯ,東証STD,243,+4,1.67,"70,000",2026/09/17
762,762,8085,ナラサキ産業(株),東証STD,"4,270",+70,1.67,"1,600",2026/09/17
763,763,150A,(株)ＪＳＨ,東証GRT,855,+14,1.66,"340,300",2026/09/17
764,764,3252,地主(株),東証PRM,"2,819",+46,1.66,"115,600",2026/09/17
765,765,4113,田岡化学工業(株),東証STD,796,+13,1.66,"17,500",2026/09/17
766,766,4412,(株)サイエンスアーツ,東証GRT,"1,347",+22,1.66,"29,800",2026/09/17
767,767,4452,花王(株),東証PRM,"3,493",+57,1.66,"2,292,200",2026/09/17
768,768,5695,パウダーテック(株),東証STD,"2,999",+49,1.66,"1,600",2026/09/17
769,769,619A,(株)オリバー,東証STD,306,+5,1.66,"2,866,200",2026/09/17
770,770,6625,ＪＡＬＣＯホールディングス(株),東証STD,367,+6,1.66,"342,600",2026/09/17
771,771,7068,フィードフォースグループ(株),東証GRT,612,+10,1.66,"28,400",2026/09/17
772,772,219A,Ｈｅａｒｔｓｅｅｄ(株),東証GRT,"2,460",+40,1.65,"482,900",2026/09/17
773,773,6432,(株)竹内製作所,東証PRM,"7,380",+120,1.65,"155,300",2026/09/17
774,774,2085,MAXIS 高配当日本株アクティブ,東証ETF,799,+12.9,1.64,"33,050",2026/09/17
775,775,2440,(株)ぐるなび,東証STD,124,+2,1.64,"216,000",2026/09/17
776,776,5911,(株)横河ブリッジホールディングス,東証PRM,"3,040",+49,1.64,"89,600",2026/09/17
777,777,7241,フタバ産業(株),東証PRM,"1,114",+18,1.64,"344,700",2026/09/17
778,778,7266,(株)今仙電機製作所,東証STD,994,+16,1.64,"24,900",2026/09/17
779,779,9432,ＮＴＴ(株),東証PRM,180,+2.9,1.64,"171,846,200",2026/09/17
780,780,9503,関西電力(株),東証PRM,"2,979.5",+48,1.64,"2,784,800",2026/09/17
781,781,9658,(株)ビジネスブレイン太田昭和,東証PRM,"1,113",+18,1.64,"90,500",2026/09/17
782,782,9692,(株)シーイーシー,東証PRM,"2,236",+36,1.64,"115,400",2026/09/17
783,783,9759,(株)ＮＳＤ,東証PRM,"2,914",+47,1.64,"284,700",2026/09/17
784,784,9828,(株)Ｇｅｎｋｉ　Ｇｌｏｂａｌ　Ｄｉｎｉｎｇ　Ｃｏｎｃｅｐｔｓ,東証STD,"3,400",+55,1.64,"105,200",2026/09/17
785,785,1596,NZAM 上場投信 TOPIX Ex-Financials,東証ETF,"3,049",+49,1.63,12,2026/09/17
786,786,7004,カナデビア(株),東証PRM,"1,185",+19,1.63,"471,500",2026/09/17
787,787,7074,(株)トゥエンティーフォーセブンホールディングス,東証GRT,187,+3,1.63,"2,300",2026/09/17
788,788,7222,日産車体(株),東証STD,936,+15,1.63,"77,000",2026/09/17
789,789,7570,橋本総業ホールディングス(株),東証STD,"1,433",+23,1.63,"7,400",2026/09/17
790,790,1379,ホクト(株),東証PRM,"2,138",+34,1.62,"55,400",2026/09/17
791,791,1599,iFreeETF JPX日経400,東証ETF,"37,640",+600,1.62,5,2026/09/17
792,792,2264,森永乳業(株),東証PRM,"1,158",+18.5,1.62,"2,136,100",2026/09/17
793,793,3804,(株)システム　ディ,東証STD,438,+7,1.62,"5,200",2026/09/17
794,794,3937,(株)Ｕｂｉｃｏｍホールディングス,東証STD,"1,190",+19,1.62,"28,600",2026/09/17
795,795,5444,大和工業(株),東証PRM,"12,530",+200,1.62,"121,600",2026/09/17
796,796,7673,ダイコー通産(株),東証STD,"1,697",+27,1.62,400,2026/09/17
797,797,1885,東亜建設工業(株),東証PRM,"2,205",+35,1.61,"366,500",2026/09/17
798,798,3401,帝人(株),東証PRM,"1,737.5",+27.5,1.61,"410,500",2026/09/17
799,799,3768,リスクモンスター(株),東証STD,569,+9,1.61,"2,800",2026/09/17
800,800,4221,大倉工業(株),東証PRM,"5,680",+90,1.61,"27,300",2026/09/17
801,801,6741,日本信号(株),東証PRM,"1,826",+29,1.61,"148,700",2026/09/17
802,802,7510,(株)たけびし,東証PRM,"2,779",+44,1.61,"73,300",2026/09/17
803,803,1736,(株)オーテック,東証STD,"2,484",+39,1.6,"4,600",2026/09/17
804,804,196A,(株)ＭＦＳ,東証GRT,317,+5,1.6,"41,400",2026/09/17
805,805,2848,GX MSCI 気候変動対応-日本株式,東証ETF,"3,049",+48,1.6,16,2026/09/17
806,806,3558,ジェイドグループ(株),東証GRT,"1,900",+30,1.6,"66,800",2026/09/17
807,807,3993,(株)ＰＫＳＨＡ　Ｔｅｃｈｎｏｌｏｇｙ,東証PRM,"3,180",+50,1.6,"142,000",2026/09/17
808,808,7157,ライフネット生命保険(株),東証PRM,"1,462",+23,1.6,"202,000",2026/09/17
809,809,7246,プレス工業(株),東証PRM,"1,018",+16,1.6,"281,800",2026/09/17
810,810,9976,(株)セキチュー,東証STD,"1,142",+18,1.6,"2,900",2026/09/17
811,811,1485,MAXIS JAPAN 設備･人材積極投資企業200上場投信,東証ETF,"54,400",+850,1.59,1,2026/09/17
812,812,2003,日東富士製粉(株),東証STD,"1,922",+30,1.59,"17,600",2026/09/17
813,813,341A,(株)トヨコー,東証GRT,"2,295",+36,1.59,"40,900",2026/09/17
814,814,4611,大日本塗料(株),東証PRM,"1,600",+25,1.59,"52,900",2026/09/17
815,815,4985,アース製薬(株),東証PRM,"4,780",+75,1.59,"58,700",2026/09/17
816,816,6505,東洋電機製造(株),東証STD,"2,424",+38,1.59,"25,200",2026/09/17
817,817,6651,日東工業(株),東証PRM,"4,475",+70,1.59,"48,400",2026/09/17
818,818,7719,(株)東京衡機,東証STD,512,+8,1.59,"151,200",2026/09/17
819,819,9064,ヤマトホールディングス(株),東証PRM,"2,017.5",+31.5,1.59,"785,400",2026/09/17
820,820,9252,(株)ラストワンマイル,東証GRT,"4,160",+65,1.59,"15,400",2026/09/17
821,821,9508,九州電力(株),東証PRM,"2,175",+34,1.59,"2,442,600",2026/09/17
822,822,2001,(株)ニップン,東証PRM,"3,020",+47,1.58,"105,600",2026/09/17
823,823,2602,日清オイリオグループ(株),東証PRM,"2,121",+33,1.58,"269,400",2026/09/17
824,824,2670,(株)エービーシー・マート,東証PRM,"2,708.5",+42,1.58,"448,600",2026/09/17
825,825,2820,(株)やまみ,東証STD,"6,420",+100,1.58,"26,400",2026/09/17
826,826,4290,(株)プレステージ・インターナショナル,東証PRM,709,+11,1.58,"473,300",2026/09/17
827,827,4919,(株)ミルボン,東証PRM,"3,220",+50,1.58,"127,300",2026/09/17
828,828,7187,ジェイリース(株),東証PRM,"1,347",+21,1.58,"44,300",2026/09/17
829,829,8050,セイコーグループ(株),東証PRM,"9,670",+150,1.58,"518,300",2026/09/17
830,830,9560,(株)プログリット,東証GRT,900,+14,1.58,"31,900",2026/09/17
831,831,5989,(株)エイチワン,東証PRM,"1,492",+23,1.57,"89,200",2026/09/17
832,832,6958,日本ＣＭＫ(株),東証PRM,774,+12,1.57,"438,800",2026/09/17
833,833,6995,(株)東海理化,東証PRM,"3,230",+50,1.57,"128,100",2026/09/17
834,834,7130,ヤマエグループホールディングス(株),東証PRM,"2,842",+44,1.57,"74,900",2026/09/17
835,835,7202,いすゞ自動車(株),東証PRM,"2,230",+34.5,1.57,"1,969,300",2026/09/17
836,836,7358,(株)ポピンズ,東証STD,"1,815",+28,1.57,"12,900",2026/09/17
837,837,8365,(株)富山銀行,東証STD,"2,391",+37,1.57,"6,100",2026/09/17
838,838,8864,空港施設(株),東証STD,968,+15,1.57,"45,400",2026/09/17
839,839,1332,(株)ニッスイ,東証PRM,"1,205",+18.5,1.56,"1,379,100",2026/09/17
840,840,1822,大豊建設(株),東証STD,845,+13,1.56,"335,500",2026/09/17
841,841,1960,(株)サンテック,東証STD,"1,688",+26,1.56,"10,000",2026/09/17
842,842,3064,(株)ＭｏｎｏｔａＲＯ,東証PRM,"1,987.5",+30.5,1.56,"1,014,700",2026/09/17
843,843,3192,(株)白鳩,東証STD,261,+4,1.56,"13,300",2026/09/17
844,844,3377,(株)バイク王＆カンパニー,東証STD,391,+6,1.56,"5,700",2026/09/17
845,845,4890,(株)坪田ラボ,東証GRT,260,+4,1.56,"24,100",2026/09/17
846,846,6775,(株)ＴＢグループ,東証STD,130,+2,1.56,"139,400",2026/09/17
847,847,7581,(株)サイゼリヤ,東証PRM,"6,490",+100,1.56,"608,000",2026/09/17
848,848,9216,ビーウィズ(株),東証PRM,"1,695",+26,1.56,"69,900",2026/09/17
849,849,9304,澁澤倉庫(株),東証PRM,"2,155",+33,1.56,"168,300",2026/09/17
850,850,9565,ＧＬＯＥ(株),東証GRT,652,+10,1.56,"1,100",2026/09/17
851,851,9729,(株)トーカイ,東証PRM,"2,598",+40,1.56,"16,600",2026/09/17
852,852,3202,ダイトウボウ(株),東証STD,131,+2,1.55,"15,800",2026/09/17
853,853,4284,(株)ソルクシーズ,東証STD,459,+7,1.55,"18,100",2026/09/17
854,854,4997,日本農薬(株),東証PRM,"1,176",+18,1.55,"299,900",2026/09/17
855,855,6486,イーグル工業(株),東証PRM,"3,005",+46,1.55,"115,000",2026/09/17
856,856,7224,新明和工業(株),東証PRM,"1,971",+30,1.55,"97,800",2026/09/17
857,857,8098,稲畑産業(株),東証PRM,"4,590",+70,1.55,"99,300",2026/09/17
858,858,148A,(株)ハッチ・ワーク,東証GRT,"1,717",+26,1.54,"2,900",2026/09/17
859,859,1964,中外炉工業(株),東証PRM,"3,960",+60,1.54,"19,400",2026/09/17
860,860,2326,デジタルアーツ(株),東証PRM,"4,945",+75,1.54,"182,700",2026/09/17
861,861,3465,ケイアイスター不動産(株),東証PRM,"3,295",+50,1.54,"154,200",2026/09/17
862,862,3837,アドソル日進(株),東証PRM,"1,386",+21,1.54,"70,200",2026/09/17
863,863,3936,(株)グローバルウェイ,東証GRT,132,+2,1.54,"72,200",2026/09/17
864,864,4197,(株)アスマーク,東証STD,"2,377",+36,1.54,200,2026/09/17
865,865,4596,窪田製薬ホールディングス(株),東証GRT,66,+1,1.54,"687,200",2026/09/17
866,866,5310,東洋炭素(株),東証PRM,"7,270",+110,1.54,"74,200",2026/09/17
867,867,6085,アーキテクツ・スタジオ・ジャパン(株),東証GRT,132,+2,1.54,"8,778,100",2026/09/17
868,868,6809,ＴＯＡ(株),東証PRM,"1,781",+27,1.54,"63,900",2026/09/17
869,869,7893,(株)プロネクサス,東証PRM,"1,120",+17,1.54,"49,000",2026/09/17
870,870,8226,(株)理経,東証STD,395,+6,1.54,"179,000",2026/09/17
871,871,2173,(株)博展,東証GRT,730,+11,1.53,"9,000",2026/09/17
872,872,3452,(株)ビーロット,東証STD,"1,458",+22,1.53,"68,300",2026/09/17
873,873,3803,イメージ情報開発(株),東証GRT,599,+9,1.53,"9,200",2026/09/17
874,874,4768,(株)大塚商会,東証PRM,"3,646",+55,1.53,"986,100",2026/09/17
875,875,485A,(株)パワーエックス,東証GRT,"2,117",+32,1.53,"10,071,200",2026/09/17
876,876,4911,(株)資生堂,東証PRM,"3,514",+53,1.53,"1,815,200",2026/09/17
877,877,6191,(株)エアトリ,東証PRM,"1,659",+25,1.53,"940,200",2026/09/17
878,878,7278,(株)エクセディ,東証PRM,"5,990",+90,1.53,"229,000",2026/09/17
879,879,7856,萩原工業(株),東証PRM,"2,053",+31,1.53,"68,200",2026/09/17
880,880,8117,中央自動車工業(株),東証STD,"2,190",+33,1.53,"588,100",2026/09/17
881,881,9025,鴻池運輸(株),東証PRM,"2,983",+45,1.53,"72,600",2026/09/17
882,882,9343,(株)アイビス,東証GRT,797,+12,1.53,"17,500",2026/09/17
883,883,9722,藤田観光(株),東証PRM,"2,726",+41,1.53,"376,400",2026/09/17
884,884,1617,(NEXT FUNDS)食品上場投信,東証ETF,"48,170",+720,1.52,257,2026/09/17
885,885,2229,カルビー(株),東証PRM,"3,076",+46,1.52,"190,400",2026/09/17
886,886,4538,扶桑薬品工業(株),東証PRM,"2,273",+34,1.52,"16,900",2026/09/17
887,887,4994,大成ラミックグループ(株),東証STD,"2,800",+42,1.52,"16,700",2026/09/17
888,888,5026,(株)トリプルアイズ,東証GRT,602,+9,1.52,"10,300",2026/09/17
889,889,6113,(株)アマダ,東証PRM,"2,437",+36.5,1.52,"1,990,900",2026/09/17
890,890,8367,(株)南都銀行,東証PRM,"2,003",+30,1.52,"372,800",2026/09/17
891,891,9115,明海グループ(株),東証STD,"1,133",+17,1.52,"105,000",2026/09/17
892,892,1899,(株)福田組,東証PRM,"4,715",+70,1.51,"29,600",2026/09/17
893,893,1925,大和ハウス工業(株),東証PRM,"4,626",+69,1.51,"1,982,800",2026/09/17
894,894,356A,GX S&P500 キャッシュフロー・トップ100,東証ETF,"1,550",+23,1.51,626,2026/09/17
895,895,3915,(株)テラスカイ,東証PRM,"2,293",+34,1.51,"94,600",2026/09/17
896,896,4301,(株)アミューズ,東証PRM,"1,885",+28,1.51,"16,500",2026/09/17
897,897,5970,(株)ジーテクト,東証PRM,"2,282",+34,1.51,"69,200",2026/09/17
898,898,6425,(株)ユニバーサルエンターテインメント,東証STD,739,+11,1.51,"176,100",2026/09/17
899,899,6473,(株)ジェイテクト,東証PRM,"2,082",+31,1.51,"767,600",2026/09/17
900,900,6562,(株)ジーニー,東証GRT,"1,011",+15,1.51,"11,800",2026/09/17
901,901,7752,(株)リコー,東証PRM,"1,682",+25,1.51,"1,617,100",2026/09/17
902,902,8227,(株)しまむら,東証PRM,"3,236",+48,1.51,"556,200",2026/09/17
903,903,8281,ゼビオホールディングス(株),東証PRM,"1,143",+17,1.51,"201,200",2026/09/17
904,904,8439,東京センチュリー(株),東証PRM,"2,720",+40.5,1.51,"459,700",2026/09/17
905,905,9769,(株)学究社,東証PRM,"2,630",+39,1.51,"16,100",2026/09/17
906,906,1433,ベステラ(株),東証PRM,"1,215",+18,1.5,"33,500",2026/09/17
907,907,2127,(株)日本Ｍ＆Ａセンターホールディングス,東証PRM,657,+9.7,1.5,"2,175,000",2026/09/17
908,908,2934,ジェイフロンティア(株),東証GRT,"2,028",+30,1.5,"4,200",2026/09/17
909,909,4188,三菱ケミカルグループ(株),東証PRM,"1,217",+18,1.5,"5,140,700",2026/09/17
910,910,4641,(株)アルプス技研,東証PRM,879,+13,1.5,"54,500",2026/09/17
911,911,5985,サンコール(株),東証STD,"2,165",+32,1.5,"393,700",2026/09/17
912,912,6960,フクダ電子(株),東証STD,"12,160",+180,1.5,"37,300",2026/09/17
913,913,8255,アクシアル　リテイリング(株),東証PRM,"1,350",+20,1.5,"167,900",2026/09/17
914,914,9476,(株)中央経済社ホールディングス,東証STD,"1,014",+15,1.5,300,2026/09/17
915,915,2117,ウェルネオシュガー(株),東証PRM,"2,869",+42,1.49,"15,800",2026/09/17
916,916,2307,(株)クロスキャット,東証PRM,"1,093",+16,1.49,"59,600",2026/09/17
917,917,237A,iシェアーズ 米国債25年超 ロングデュレーション,東証ETF,142.8,+2.1,1.49,"361,400",2026/09/17
918,918,4199,ワンダープラネット(株),東証GRT,815,+12,1.49,"10,600",2026/09/17
919,919,4445,リビン・テクノロジーズ(株),東証GRT,"1,975",+29,1.49,"1,300",2026/09/17
920,920,4576,(株)デ・ウエスタン・セラピテクス研究所,東証GRT,68,+1,1.49,"341,200",2026/09/17
921,921,6744,能美防災(株),東証PRM,"4,100",+60,1.49,"60,300",2026/09/17
922,922,8795,(株)Ｔ＆Ｄホールディングス,東証PRM,"5,048",+74,1.49,"854,300",2026/09/17
923,923,9799,旭情報サービス(株),東証STD,956,+14,1.49,"3,100",2026/09/17
924,924,1871,ピーエス・コンストラクション(株),東証PRM,"2,200",+32,1.48,"79,000",2026/09/17
925,925,2733,(株)あらた,東証PRM,"2,739",+40,1.48,"134,700",2026/09/17
926,926,3231,野村不動産ホールディングス(株),東証PRM,924,+13.5,1.48,"3,204,200",2026/09/17
927,927,4751,(株)サイバーエージェント,東証PRM,"1,272",+18.5,1.48,"3,332,700",2026/09/17
928,928,4968,荒川化学工業(株),東証PRM,"2,195",+32,1.48,"159,700",2026/09/17
929,929,5817,ＪＭＡＣＳ(株),東証STD,"1,100",+16,1.48,"73,300",2026/09/17
930,930,6250,(株)やまびこ,東証PRM,"4,455",+65,1.48,"58,400",2026/09/17
931,931,7313,テイ・エス　テック(株),東証PRM,"1,851",+27,1.48,"362,000",2026/09/17
932,932,7944,ローランド(株),東証PRM,"3,780",+55,1.48,"36,100",2026/09/17
933,933,8129,東邦ホールディングス(株),東証PRM,"4,048",+59,1.48,"74,000",2026/09/17
934,934,9511,沖縄電力(株),東証PRM,"1,232",+18,1.48,"527,600",2026/09/17
935,935,9602,東宝(株),東証PRM,"1,615.5",+23.5,1.48,"3,050,900",2026/09/17
936,936,1478,iシェアーズ MSCI ジャパン高配当利回り ETF,東証ETF,"5,449",+79,1.47,"15,148",2026/09/17
937,937,2183,(株)リニカル,東証STD,207,+3,1.47,"25,300",2026/09/17
938,938,2438,(株)アスカネット,東証GRT,344,+5,1.47,"25,000",2026/09/17
939,939,3003,ヒューリック(株),東証PRM,"1,763.5",+25.5,1.47,"1,153,800",2026/09/17
940,940,3431,宮地エンジニアリンググループ(株),東証PRM,"1,583",+23,1.47,"62,100",2026/09/17
941,941,4246,ダイキョーニシカワ(株),東証PRM,"1,107",+16,1.47,"227,000",2026/09/17
942,942,5351,品川リフラ(株),東証PRM,"2,071",+30,1.47,"88,900",2026/09/17
943,943,5834,ＳＢＩリーシングサービス(株),東証GRT,"2,822",+41,1.47,"32,300",2026/09/17
944,944,6464,(株)ツバキ・ナカシマ,東証PRM,344,+5,1.47,"176,600",2026/09/17
945,945,6763,帝国通信工業(株),東証PRM,"2,834",+41,1.47,"14,600",2026/09/17
946,946,7279,(株)ハイレックスコーポレーション,東証STD,"2,554",+37,1.47,"71,100",2026/09/17
947,947,8267,イオン(株),東証PRM,"1,348",+19.5,1.47,"8,377,900",2026/09/17
948,948,9305,(株)ヤマタネ,東証PRM,"2,134",+31,1.47,"58,300",2026/09/17
949,949,401A,霞ヶ関ホテルリート投資法人,東証,"97,500","+1,400",1.46,"2,140",2026/09/17
950,950,4516,日本新薬(株),東証PRM,"3,480",+50,1.46,"429,000",2026/09/17
951,951,499A,ラグジュアリー厳選10 欧州株(ネットリターン)ETN,東証ETF,"7,976",+115,1.46,19,2026/09/17
952,952,580A,GX 銅ビジネス,東証ETF,973,+14,1.46,"7,362",2026/09/17
953,953,5941,(株)中西製作所,東証STD,"2,719",+39,1.46,"4,100",2026/09/17
954,954,9009,京成電鉄(株),東証PRM,"1,393.5",+20,1.46,"1,263,200",2026/09/17
955,955,9340,(株)アソインターナショナル,東証STD,834,+12,1.46,"7,200",2026/09/17
956,956,9348,(株)ｉｓｐａｃｅ,東証GRT,416,+6,1.46,"448,900",2026/09/17
957,957,9682,(株)ＤＴＳ,東証PRM,"1,113",+16,1.46,"358,300",2026/09/17
958,958,250A,シマダヤ(株),東証STD,"1,610",+23,1.45,"26,800",2026/09/17
959,959,2628,iFree 中国科創板50,東証ETF,"3,776",+54,1.45,"2,591",2026/09/17
960,960,2747,北雄ラッキー(株),東証STD,"3,145",+45,1.45,300,2026/09/17
961,961,3167,(株)ＴＯＫＡＩホールディングス,東証PRM,"1,404",+20,1.45,"773,200",2026/09/17
962,962,3918,ＰＣＩホールディングス(株),東証STD,"1,187",+17,1.45,"11,500",2026/09/17
963,963,6031,ＺＥＴＡ(株),東証STD,279,+4,1.45,"18,900",2026/09/17
964,964,6402,兼松エンジニアリング(株),東証STD,"1,614",+23,1.45,"2,300",2026/09/17
965,965,7466,ＳＰＫ(株),東証PRM,"1,467",+21,1.45,"46,000",2026/09/17
966,966,7837,(株)アールシーコア,東証STD,351,+5,1.45,"2,300",2026/09/17
967,967,8159,(株)立花エレテック,東証PRM,"4,195",+60,1.45,"24,500",2026/09/17
968,968,9778,(株)昴,東証STD,"5,580",+80,1.45,200,2026/09/17
969,969,1333,Ｕｍｉｏｓ(株),東証PRM,"1,306",+18.5,1.44,"378,500",2026/09/17
970,970,1568,TOPIXブル2倍上場投信,東証ETF,997,+14.2,1.44,"1,806,950",2026/09/17
971,971,1758,太洋基礎工業(株),東証STD,"2,394",+34,1.44,"1,200",2026/09/17
972,972,2837,GX 中小型リーダーズ-日本株式,東証ETF,"4,875",+69,1.44,"1,860",2026/09/17
973,973,2897,日清食品ホールディングス(株),東証PRM,"2,991.5",+42.5,1.44,"885,200",2026/09/17
974,974,3223,(株)エスエルディー,東証STD,983,+14,1.44,"2,200",2026/09/17
975,975,4166,かっこ(株),東証GRT,633,+9,1.44,"2,200",2026/09/17
976,976,5122,オカモト(株),東証PRM,"6,330",+90,1.44,"25,700",2026/09/17
977,977,5288,アジアパイルホールディングス(株),東証PRM,"1,480",+21,1.44,"210,800",2026/09/17
978,978,6272,レオン自動機(株),東証PRM,"1,550",+22,1.44,"39,300",2026/09/17
979,979,6351,(株)鶴見製作所,東証PRM,"2,536",+36,1.44,"53,300",2026/09/17
980,980,6902,(株)デンソー,東証PRM,"1,940.5",+27.5,1.44,"5,430,400",2026/09/17
981,981,7276,(株)小糸製作所,東証PRM,"2,675",+38,1.44,"716,700",2026/09/17
982,982,9896,ＪＫホールディングス(株),東証STD,"1,412",+20,1.44,"18,700",2026/09/17
983,983,1417,(株)ミライト・ワン,東証PRM,"3,617",+51,1.43,"136,200",2026/09/17
984,984,1870,矢作建設工業(株),東証PRM,"2,193",+31,1.43,"87,300",2026/09/17
985,985,2471,(株)エスプール,東証PRM,283,+4,1.43,"278,600",2026/09/17
986,986,2910,(株)ロック・フィールド,東証PRM,"1,415",+20,1.43,"33,300",2026/09/17
987,987,3236,(株)プロパスト,東証STD,283,+4,1.43,"131,000",2026/09/17
988,988,7463,(株)アドヴァングループ,東証STD,996,+14,1.43,"28,300",2026/09/17
989,989,1628,(NEXT FUNDS)運輸･物流上場投信,東証ETF,"22,440",+315,1.42,213,2026/09/17
990,990,1786,オリエンタル白石(株),東証PRM,356,+5,1.42,"364,200",2026/09/17
991,991,4318,(株)クイック,東証PRM,860,+12,1.42,"163,000",2026/09/17
992,992,4676,(株)フジ・メディア・ホールディングス,東証PRM,"4,154",+58,1.42,"514,600",2026/09/17
993,993,6349,(株)小森コーポレーション,東証PRM,"2,004",+28,1.42,"85,600",2026/09/17
994,994,6384,(株)昭和真空,東証STD,"1,715",+24,1.42,"7,300",2026/09/17
995,995,6875,(株)メガチップス,東証PRM,"10,740",+150,1.42,"81,000",2026/09/17
996,996,7267,ホンダ,東証PRM,"1,708.5",+24,1.42,"12,233,600",2026/09/17
997,997,7460,(株)ヤギ,東証STD,"1,638",+23,1.42,"9,500",2026/09/17
998,998,7846,(株)パイロットコーポレーション,東証PRM,"2,146.5",+30,1.42,"352,600",2026/09/17
999,999,8014,蝶理(株),東証PRM,"4,295",+60,1.42,"31,700",2026/09/17
1000,1000,9698,(株)クレオ,東証STD,"1,284",+18,1.42,"1,000",2026/09/17
1001,1001,9934,因幡電機産業(株),東証PRM,"3,137",+44,1.42,"191,000",2026/09/17
1002,1002,1381,(株)アクシーズ,東証STD,"3,595",+50,1.41,"2,600",2026/09/17
1003,1003,1551,東証スタンダードTOP20,東証ETF,"7,173",+100,1.41,810,2026/09/17
1004,1004,2002,(株)日清製粉グループ本社,東証PRM,"2,084.5",+29,1.41,"484,500",2026/09/17
1005,1005,2694,(株)焼肉坂井ホールディングス,東証STD,72,+1,1.41,"270,300",2026/09/17
1006,1006,3708,特種東海製紙(株),東証PRM,"2,224",+31,1.41,"54,500",2026/09/17
1007,1007,4183,三井化学(株),東証PRM,"2,229",+31,1.41,"1,642,700",2026/09/17
1008,1008,4385,(株)メルカリ,東証PRM,"3,672",+51,1.41,"2,616,600",2026/09/17
1009,1009,5280,ヨシコン(株),東証STD,"2,222",+31,1.41,"5,800",2026/09/17
1010,1010,6316,(株)丸山製作所,東証STD,"3,030",+42,1.41,"8,600",2026/09/17
1011,1011,9251,(株)ＡＢ＆Ｃｏｍｐａｎｙ,東証GRT,"1,649",+23,1.41,"62,600",2026/09/17
1012,1012,9381,(株)エーアイテイー,東証PRM,"2,381",+33,1.41,"17,300",2026/09/17
1013,1013,1945,(株)東京エネシス,東証PRM,"2,170",+30,1.4,"198,000",2026/09/17
1014,1014,2288,丸大食品(株),東証PRM,"2,318",+32,1.4,"201,600",2026/09/17
1015,1015,2626,GX デジタル・イノベーション-日本株式,東証ETF,"3,398",+47,1.4,"1,116",2026/09/17
1016,1016,3020,アプライド(株),東証STD,"4,700",+65,1.4,"3,800",2026/09/17
1017,1017,3698,(株)ＣＲＩ・ミドルウェア,東証STD,"1,228",+17,1.4,"4,600",2026/09/17
1018,1018,4016,ＭＩＴホールディングス(株),東証STD,"1,088",+15,1.4,"2,000",2026/09/17
1019,1019,4624,イサム塗料(株),東証STD,"3,975",+55,1.4,300,2026/09/17
1020,1020,4743,(株)アイティフォー,東証PRM,"1,665",+23,1.4,"168,800",2026/09/17
1021,1021,6282,オイレス工業(株),東証PRM,"2,960",+41,1.4,"311,500",2026/09/17
1022,1022,6923,スタンレー電気(株),東証PRM,"3,553",+49,1.4,"336,900",2026/09/17
1023,1023,7037,(株)テノ．ホールディングス,東証STD,797,+11,1.4,"8,200",2026/09/17
1024,1024,8218,(株)コメリ,東証PRM,"3,970",+55,1.4,"93,200",2026/09/17
1025,1025,8252,(株)丸井グループ,東証PRM,"2,929.5",+40.5,1.4,"619,100",2026/09/17
1026,1026,8803,平和不動産(株),東証PRM,"2,388",+33,1.4,"172,100",2026/09/17
1027,1027,1483,iシェアーズ JPX/S&P 設備･人材投資ETF,東証ETF,"3,927",+54,1.39,3,2026/09/17
1028,1028,1814,大末建設(株),東証PRM,"3,655",+50,1.39,"79,400",2026/09/17
1029,1029,2154,(株)オープンアップグループ,東証PRM,"2,043",+28,1.39,"124,000",2026/09/17
1030,1030,5449,大阪製鐵(株),東証STD,"2,562",+35,1.39,"26,500",2026/09/17
1031,1031,5588,ファーストアカウンティング(株),東証GRT,877,+12,1.39,"10,700",2026/09/17
1032,1032,6820,アイコム(株),東証PRM,"3,650",+50,1.39,"8,900",2026/09/17
1033,1033,6864,(株)エヌエフホールディングス,東証STD,"1,607",+22,1.39,"25,800",2026/09/17
1034,1034,9065,山九(株),東証PRM,"8,269",+113,1.39,"171,600",2026/09/17
1035,1035,9823,(株)マミーマートホールディングス,東証STD,"1,019",+14,1.39,"60,500",2026/09/17
1036,1036,9991,ジェコス(株),東証PRM,"1,821",+25,1.39,"38,600",2026/09/17
1037,1037,1376,カネコ種苗(株),東証STD,"1,617",+22,1.38,"13,200",2026/09/17
1038,1038,3333,(株)あさひ,東証PRM,"1,322",+18,1.38,"98,900",2026/09/17
1039,1039,4293,(株)セプテーニ・ホールディングス,東証STD,514,+7,1.38,"293,600",2026/09/17
1040,1040,7413,(株)創健社,東証STD,"2,859",+39,1.38,"1,400",2026/09/17
1041,1041,7976,三菱鉛筆(株),東証PRM,"3,300",+45,1.38,"60,500",2026/09/17
1042,1042,9044,(株)ＮＡＮＫＡＩ,東証PRM,"3,230",+44,1.38,"665,600",2026/09/17
1043,1043,1494,One ETF 高配当日本株,東証ETF,"44,540",+600,1.37,"1,089",2026/09/17
1044,1044,1878,大東建託(株),東証PRM,"3,392",+46,1.37,"846,800",2026/09/17
1045,1045,197A,(株)タウンズ,東証STD,519,+7,1.37,"376,700",2026/09/17
1046,1046,417A,(株)ブルーゾーンホールディングス,東証PRM,"1,925",+26,1.37,"155,700",2026/09/17
1047,1047,5698,(株)エンビプロ・ホールディングス,東証STD,741,+10,1.37,"96,000",2026/09/17
1048,1048,8233,(株)高島屋,東証PRM,"2,140.5",+29,1.37,"1,333,700",2026/09/17
1049,1049,8511,日本証券金融(株),東証PRM,"2,511",+34,1.37,"276,900",2026/09/17
1050,1050,8596,(株)九州リースサービス,東証STD,"1,558",+21,1.37,"9,500",2026/09/17
1051,1051,9264,ポエック(株),東証STD,"1,625",+22,1.37,"8,600",2026/09/17
1052,1052,9830,トラスコ中山(株),東証PRM,"2,442",+33,1.37,"80,500",2026/09/17
1053,1053,1693,WisdomTree 銅上場投信,東証ETF,"8,647",+116,1.36,"4,860",2026/09/17
1054,1054,2267,(株)ヤクルト本社,東証PRM,"2,870",+38.5,1.36,"973,300",2026/09/17
1055,1055,3002,グンゼ(株),東証PRM,"4,110",+55,1.36,"174,300",2026/09/17
1056,1056,3023,ラサ商事(株),東証STD,"2,090",+28,1.36,"19,900",2026/09/17
1057,1057,3565,アセンテック(株),東証STD,521,+7,1.36,"266,200",2026/09/17
1058,1058,408A,iシェアーズ AI グローバル・イノベーション アクティブ,東証ETF,275.7,+3.7,1.36,"668,610",2026/09/17
1059,1059,4820,(株)ＥＭシステムズ,東証PRM,598,+8,1.36,"70,500",2026/09/17
1060,1060,6558,クックビズ(株),東証GRT,670,+9,1.36,"1,200",2026/09/17
1061,1061,7012,川崎重工業(株),東証PRM,"2,421",+32.5,1.36,"11,028,700",2026/09/17
1062,1062,7080,(株)スポーツフィールド,東証GRT,896,+12,1.36,"19,100",2026/09/17
1063,1063,7776,(株)セルシード,東証GRT,223,+3,1.36,"138,200",2026/09/17
1064,1064,8084,(株)ＲＹＯＤＥＮ,東証PRM,"4,860",+65,1.36,"24,000",2026/09/17
1065,1065,1489,(NEXT FUNDS)日経平均高配当株50指数連動型ETF,東証ETF,"3,612",+48,1.35,"361,464",2026/09/17
1066,1066,1801,大成建設(株),東証PRM,"12,730",+170,1.35,"527,700",2026/09/17
1067,1067,259A,(株)ケイ・ウノ,名証NXT,"1,877",+25,1.35,"1,100",2026/09/17
1068,1068,2874,ヨコレイ,東証PRM,"2,179",+29,1.35,"145,100",2026/09/17
1069,1069,3086,Ｊ．フロント　リテイリング(株),東証PRM,"2,707",+36,1.35,"1,069,700",2026/09/17
1070,1070,3092,(株)ＺＯＺＯ,東証PRM,"1,161",+15.5,1.35,"1,706,500",2026/09/17
1071,1071,3843,フリービット(株),東証PRM,"1,732",+23,1.35,"22,000",2026/09/17
1072,1072,3900,(株)クラウドワークス,東証GRT,678,+9,1.35,"57,400",2026/09/17
1073,1073,4118,(株)カネカ,東証PRM,"6,161",+82,1.35,"185,900",2026/09/17
1074,1074,7874,レック(株),東証PRM,975,+13,1.35,"66,800",2026/09/17
1075,1075,8032,日本紙パルプ商事(株),東証PRM,"1,280",+17,1.35,"194,500",2026/09/17
1076,1076,8105,Ｂｉｔｃｏｉｎ　Ｊａｐａｎ(株),東証STD,75,+1,1.35,"1,608,400",2026/09/17
1077,1077,8860,フジ住宅(株),東証PRM,751,+10,1.35,"56,800",2026/09/17
1078,1078,9021,西日本旅客鉄道(株),東証PRM,"3,089",+41,1.35,"1,427,500",2026/09/17
1079,1079,3076,あい　ホールディングス(株),東証PRM,"3,030",+40,1.34,"89,900",2026/09/17
1080,1080,4331,(株)テイクアンドギヴ・ニーズ,東証PRM,759,+10,1.34,"37,100",2026/09/17
1081,1081,4956,コニシ(株),東証PRM,"1,515",+20,1.34,"58,900",2026/09/17
1082,1082,8877,エスリード(株),東証PRM,"5,280",+70,1.34,"24,800",2026/09/17
1083,1083,9744,(株)メイテックグループホールディングス,東証PRM,"3,475",+46,1.34,"418,500",2026/09/17
1084,1084,1911,住友林業(株),東証PRM,"1,255",+16.5,1.33,"3,096,500",2026/09/17
1085,1085,1963,日揮ホールディングス(株),東証PRM,"2,359.5",+31,1.33,"1,008,300",2026/09/17
1086,1086,2802,味の素(株),東証PRM,"4,953",+65,1.33,"2,715,000",2026/09/17
1087,1087,3437,特殊電極(株),東証STD,"2,673",+35,1.33,100,2026/09/17
1088,1088,5110,住友ゴム工業(株),東証PRM,"2,020",+26.5,1.33,"1,166,900",2026/09/17
1089,1089,5575,(株)Ｇｌｏｂｅｅ,東証GRT,"1,140",+15,1.33,"10,900",2026/09/17
1090,1090,5950,日本パワーファスニング(株),東証STD,152,+2,1.33,"10,100",2026/09/17
1091,1091,6912,菊水ホールディングス(株),東証STD,"2,584",+34,1.33,"4,200",2026/09/17
1092,1092,7810,(株)クロスフォー,東証STD,152,+2,1.33,"45,900",2026/09/17
1093,1093,7811,中本パックス(株),東証STD,"2,280",+30,1.33,"46,600",2026/09/17
1094,1094,8011,(株)三陽商会,東証PRM,"1,368",+18,1.33,"127,200",2026/09/17
1095,1095,8572,アコム(株),東証STD,494.7,+6.5,1.33,"1,439,500",2026/09/17
1096,1096,9301,三菱倉庫(株),東証PRM,"1,564",+20.5,1.33,"840,300",2026/09/17
1097,1097,1959,(株)クラフティア,東証PRM,"8,089",+105,1.32,"128,800",2026/09/17
1098,1098,4927,(株)ポーラ・オルビスホールディングス,東証PRM,"1,385",+18,1.32,"346,200",2026/09/17
1099,1099,585A,日本バリュー・ボトムアップ株式投資戦略,東証ETF,"1,076",+14,1.32,11,2026/09/17
1100,1100,6165,パンチ工業(株),東証STD,539,+7,1.32,"31,800",2026/09/17
1101,1101,6178,日本郵政(株),東証PRM,"2,539.5",+33,1.32,"3,586,100",2026/09/17
1102,1102,7057,(株)エヌ・シー・エヌ,東証STD,923,+12,1.32,300,2026/09/17
1103,1103,8219,青山商事(株),東証PRM,768,+10,1.32,"387,700",2026/09/17
1104,1104,9042,阪急阪神ホールディングス(株),東証PRM,"4,677",+61,1.32,"804,600",2026/09/17
1105,1105,9438,(株)エムティーアイ,東証PRM,612,+8,1.32,"41,000",2026/09/17
1106,1106,1434,ＪＥＳＣＯホールディングス(株),東証STD,"1,620",+21,1.31,"13,100",2026/09/17
1107,1107,1591,(NEXT FUNDS) JPX日経インデックス400,東証ETF,"37,070",+480,1.31,"6,127",2026/09/17
1108,1108,1972,三晃金属工業(株),東証STD,"1,319",+17,1.31,"31,200",2026/09/17
1109,1109,2109,ＤＭ三井製糖(株),東証PRM,"3,880",+50,1.31,"54,700",2026/09/17
1110,1110,2201,森永製菓(株),東証PRM,"2,521",+32.5,1.31,"279,600",2026/09/17
1111,1111,2301,(株)学情,東証PRM,"1,782",+23,1.31,"111,800",2026/09/17
1112,1112,3179,シュッピン(株),東証PRM,"1,235",+16,1.31,"86,300",2026/09/17
1113,1113,368A,(株)北里,東証PRM,"1,469",+19,1.31,"54,900",2026/09/17
1114,1114,4709,(株)ＩＤホールディングス,東証PRM,"1,085",+14,1.31,"36,000",2026/09/17
1115,1115,475A,(株)ギミック,東証STD,697,+9,1.31,"3,400",2026/09/17
1116,1116,5532,(株)リアルゲイト,東証GRT,"3,475",+45,1.31,"3,900",2026/09/17
1117,1117,6405,鈴茂器工(株),東証STD,"1,241",+16,1.31,"20,600",2026/09/17
1118,1118,6804,ホシデン(株),東証PRM,"2,550",+33,1.31,"248,500",2026/09/17
1119,1119,7769,リズム(株),東証PRM,"3,865",+50,1.31,"13,700",2026/09/17
1120,1120,8566,リコーリース(株),東証PRM,"6,940",+90,1.31,"37,300",2026/09/17
1121,1121,9413,(株)テレビ東京ホールディングス,東証PRM,"3,480",+45,1.31,"84,500",2026/09/17
1122,1122,1873,(株)日本ハウスホールディングス,東証PRM,311,+4,1.3,"76,500",2026/09/17
1123,1123,2282,日本ハム(株),東証PRM,"6,292",+81,1.3,"345,300",2026/09/17
1124,1124,387A,フラー(株),東証GRT,936,+12,1.3,"1,000",2026/09/17
1125,1125,4234,(株)サンエー化研,東証STD,"1,013",+13,1.3,"15,300",2026/09/17
1126,1126,4591,(株)リボミック,東証GRT,78,+1,1.3,"195,200",2026/09/17
1127,1127,5491,日本金属(株),東証STD,935,+12,1.3,"43,600",2026/09/17
1128,1128,6279,(株)瑞光,東証PRM,934,+12,1.3,"16,500",2026/09/17
1129,1129,6309,巴工業(株),東証PRM,"2,020",+26,1.3,"98,700",2026/09/17
1130,1130,6420,ガリレイホールディングス(株),東証PRM,"3,505",+45,1.3,"41,200",2026/09/17
1131,1131,6455,(株)モリタホールディングス,東証PRM,"2,566",+33,1.3,"72,000",2026/09/17
1132,1132,7965,象印マホービン(株),東証PRM,"1,476",+19,1.3,"61,900",2026/09/17
1133,1133,9974,(株)ベルク,東証PRM,"7,000",+90,1.3,"13,600",2026/09/17
1134,1134,1484,One ETF JPX/S&P 設備･人材投資指数,東証ETF,"3,930",+50,1.29,30,2026/09/17
1135,1135,2032,NEXT NOTES 香港ハンセン･ベアETN,東証ETF,"6,148",+78,1.29,74,2026/09/17
1136,1136,3760,(株)ケイブ,東証STD,708,+9,1.29,"10,600",2026/09/17
1137,1137,5192,三ツ星ベルト(株),東証PRM,"4,325",+55,1.29,"73,200",2026/09/17
1138,1138,7273,(株)イクヨ,東証STD,626,+8,1.29,"44,100",2026/09/17
1139,1139,7792,(株)コラントッテ,東証GRT,"1,493",+19,1.29,"15,800",2026/09/17
1140,1140,7984,コクヨ(株),東証PRM,909.4,+11.6,1.29,"553,000",2026/09/17
1141,1141,8043,スターゼン(株),東証PRM,"1,565",+20,1.29,"194,500",2026/09/17
1142,1142,8308,(株)りそなホールディングス,東証PRM,"2,479",+31.5,1.29,"7,765,800",2026/09/17
1143,1143,1301,(株)極洋,東証PRM,"4,740",+60,1.28,"25,200",2026/09/17
1144,1144,156A,マテリアルグループ(株),東証GRT,871,+11,1.28,"24,900",2026/09/17
1145,1145,2153,Ｅ・Ｊホールディングス(株),東証PRM,"1,892",+24,1.28,"53,000",2026/09/17
1146,1146,3291,飯田グループホールディングス(株),東証PRM,"2,291.5",+29,1.28,"342,300",2026/09/17
1147,1147,3350,(株)メタプラネット,東証STD,238,+3,1.28,"12,595,800",2026/09/17
1148,1148,4595,(株)ミズホメディー,東証STD,"1,737",+22,1.28,"70,400",2026/09/17
1149,1149,6193,バーチャレクス・ホールディングス(株),東証GRT,"1,183",+15,1.28,"17,800",2026/09/17
1150,1150,6675,サクサ(株),東証STD,"2,212",+28,1.28,"33,300",2026/09/17
1151,1151,8018,三共生興(株),東証STD,869,+11,1.28,"36,400",2026/09/17
1152,1152,8214,(株)ＡＯＫＩホールディングス,東証PRM,"1,735",+22,1.28,"156,100",2026/09/17
1153,1153,8585,(株)オリエントコーポレーション,東証PRM,869,+11,1.28,"312,300",2026/09/17
1154,1154,9699,ニシオホールディングス(株),東証PRM,"4,730",+60,1.28,"57,600",2026/09/17
1155,1155,2204,(株)中村屋,東証STD,"3,180",+40,1.27,"6,700",2026/09/17
1156,1156,3444,(株)菊池製作所,東証STD,"1,115",+14,1.27,"991,400",2026/09/17
1157,1157,4064,日本カーバイド工業(株),東証PRM,"3,590",+45,1.27,"82,800",2026/09/17
1158,1158,541A,One ETF TOPIX高配当株グロース指数,東証ETF,"1,118",+14,1.27,60,2026/09/17
1159,1159,5947,リンナイ(株),東証PRM,"3,500",+44,1.27,"210,800",2026/09/17
1160,1160,6135,(株)牧野フライス製作所,東証PRM,"15,170",+190,1.27,"85,500",2026/09/17
1161,1161,6151,日東工器(株),東証PRM,"1,750",+22,1.27,"21,900",2026/09/17
1162,1162,7071,(株)アンビスホールディングス,東証PRM,398,+5,1.27,"174,600",2026/09/17
1163,1163,7218,田中精密工業(株),東証STD,"1,114",+14,1.27,800,2026/09/17
1164,1164,7624,(株)ＮａＩＴＯ,東証STD,160,+2,1.27,"112,600",2026/09/17
1165,1165,7727,(株)オーバル,東証STD,880,+11,1.27,"110,800",2026/09/17
1166,1166,7762,シチズン時計(株),東証PRM,"2,315",+29,1.27,"1,231,900",2026/09/17
1167,1167,8075,神鋼商事(株),東証PRM,"3,195",+40,1.27,"54,300",2026/09/17
1168,1168,2742,(株)ハローズ,東証PRM,"4,020",+50,1.26,"34,300",2026/09/17
1169,1169,3661,(株)エムアップホールディングス,東証PRM,804,+10,1.26,"279,000",2026/09/17
1170,1170,4060,ｒａｋｕｍｏ(株),東証GRT,"1,207",+15,1.26,"1,400",2026/09/17
1171,1171,4125,三和油化工業(株),東証STD,"3,625",+45,1.26,"6,500",2026/09/17
1172,1172,5958,三洋工業(株),東証STD,"4,415",+55,1.26,"1,600",2026/09/17
1173,1173,6419,(株)マースグループホールディングス,東証PRM,"3,205",+40,1.26,"32,200",2026/09/17
1174,1174,8078,阪和興業(株),東証PRM,"1,928",+24,1.26,"305,200",2026/09/17
1175,1175,8153,(株)モスフードサービス,東証PRM,"4,010",+50,1.26,"312,600",2026/09/17
1176,1176,9404,日本テレビホールディングス(株),東証PRM,"3,056",+38,1.26,"474,700",2026/09/17
1177,1177,2876,(株)デルソーレ,東証STD,485,+6,1.25,"3,100",2026/09/17
1178,1178,3648,ＡＧＳ(株),東証STD,"1,057",+13,1.25,"7,600",2026/09/17
1179,1179,3747,(株)インタートレード,東証STD,405,+5,1.25,"23,000",2026/09/17
1180,1180,3994,(株)マネーフォワード,東証PRM,"6,060",+75,1.25,"410,800",2026/09/17
1181,1181,4013,勤次郎(株),東証GRT,647,+8,1.25,"47,600",2026/09/17
1182,1182,4544,Ｈ．Ｕ．グループホールディングス(株),東証PRM,"3,636",+45,1.25,"224,600",2026/09/17
1183,1183,4912,ライオン(株),東証PRM,"1,742.5",+21.5,1.25,"738,600",2026/09/17
1184,1184,6339,新東工業(株),東証PRM,"1,215",+15,1.25,"232,500",2026/09/17
1185,1185,6364,(株)ＡＩＲＭＡＮ,東証PRM,"2,518",+31,1.25,"47,400",2026/09/17
1186,1186,6460,セガサミーホールディングス(株),東証PRM,"3,315",+41,1.25,"1,034,400",2026/09/17
1187,1187,6615,ユー・エム・シー・エレクトロニクス(株),東証STD,243,+3,1.25,"34,200",2026/09/17
1188,1188,7701,(株)島津製作所,東証PRM,"3,881",+48,1.25,"729,700",2026/09/17
1189,1189,8074,(株)ＹＵＡＳＡ,東証PRM,"6,480",+80,1.25,"38,700",2026/09/17
1190,1190,9401,(株)ＴＢＳホールディングス,東証PRM,"5,931",+73,1.25,"249,100",2026/09/17
1191,1191,168A,(株)イタミアート,東証GRT,"1,058",+13,1.24,700,2026/09/17
1192,1192,2181,パーソルホールディングス(株),東証PRM,300.9,+3.7,1.24,"6,551,600",2026/09/17
1193,1193,2281,プリマハム(株),東証PRM,"2,448",+30,1.24,"256,200",2026/09/17
1194,1194,228A,(株)オプロ,東証GRT,"1,708",+21,1.24,"1,600",2026/09/17
1195,1195,287A,黒田グループ(株),東証STD,"1,144",+14,1.24,"286,000",2026/09/17
1196,1196,303A,(株)ｖｉｓｕｍｏ,東証GRT,572,+7,1.24,"2,700",2026/09/17
1197,1197,3156,(株)レスター,東証PRM,"5,700",+70,1.24,"167,900",2026/09/17
1198,1198,3181,(株)買取王国,東証STD,"1,065",+13,1.24,"3,300",2026/09/17
1199,1199,3486,(株)グローバル・リンク・マネジメント,東証PRM,"2,041",+25,1.24,"36,800",2026/09/17
1200,1200,4204,積水化学工業(株),東証PRM,"2,537.5",+31,1.24,"967,400",2026/09/17
1201,1201,4681,リゾートトラスト(株),東証PRM,"1,793",+22,1.24,"254,400",2026/09/17
1202,1202,4901,富士フイルムホールディングス(株),東証PRM,"3,341",+41,1.24,"2,930,600",2026/09/17
1203,1203,6037,楽待(株),東証STD,"1,065",+13,1.24,"46,600",2026/09/17
1204,1204,6345,(株)アイチコーポレーション,東証PRM,"1,469",+18,1.24,"96,800",2026/09/17
1205,1205,6955,ＦＤＫ(株),東証STD,407,+5,1.24,"48,200",2026/09/17
1206,1206,7987,ナカバヤシ(株),東証STD,573,+7,1.24,"37,700",2026/09/17
1207,1207,7990,グローブライド(株),東証PRM,"2,454",+30,1.24,"68,200",2026/09/17
1208,1208,8059,第一実業(株),東証PRM,"3,680",+45,1.24,"57,400",2026/09/17
1209,1209,9119,飯野海運(株),東証PRM,"1,793",+22,1.24,"246,800",2026/09/17
1210,1210,9685,ＫＹＣＯＭホールディングス(株),東証STD,573,+7,1.24,"2,200",2026/09/17
1211,1211,2923,サトウ食品(株),東証STD,"7,410",+90,1.23,800,2026/09/17
1212,1212,3109,シキボウ(株),東証PRM,"1,067",+13,1.23,"28,800",2026/09/17
1213,1213,3113,(株)ＵＮＩＶＡ・Ｏａｋホールディングス,東証STD,82,+1,1.23,"103,100",2026/09/17
1214,1214,4889,(株)レナサイエンス,東証GRT,"1,152",+14,1.23,"205,800",2026/09/17
1215,1215,5955,(株)ワイズホールディングス,東証STD,82,+1,1.23,"837,400",2026/09/17
1216,1216,6078,(株)バリューＨＲ,東証PRM,"1,570",+19,1.23,"24,800",2026/09/17
1217,1217,6249,(株)ゲームカードホールディングス,東証STD,"2,882",+35,1.23,"5,400",2026/09/17
1218,1218,6465,ホシザキ(株),東証PRM,"5,366",+65,1.23,"246,900",2026/09/17
1219,1219,7326,ＳＢＩインシュアランスグループ(株),東証GRT,"2,307",+28,1.23,"43,700",2026/09/17
1220,1220,7803,(株)ブシロード,東証GRT,492,+6,1.23,"1,721,200",2026/09/17
1221,1221,8927,(株)明豊エンタープライズ,東証STD,492,+6,1.23,"159,100",2026/09/17
1222,1222,9843,(株)ニトリホールディングス,東証PRM,"3,118",+38,1.23,"3,207,400",2026/09/17
1223,1223,354A,iFreeETF ブルームバーグ日本株高配当50指数,東証ETF,"3,391",+41,1.22,"15,291",2026/09/17
1224,1224,6118,アイダエンジニアリング(株),東証PRM,"1,241",+15,1.22,"232,800",2026/09/17
1225,1225,6177,ＡｐｐＢａｎｋ(株),東証GRT,83,+1,1.22,"54,700",2026/09/17
1226,1226,6485,前澤給装工業(株),東証STD,"1,658",+20,1.22,"15,700",2026/09/17
1227,1227,8060,キヤノンマーケティングジャパン(株),東証PRM,"3,746",+45,1.22,"183,300",2026/09/17
1228,1228,8424,芙蓉総合リース(株),東証PRM,"4,575",+55,1.22,"127,900",2026/09/17
1229,1229,1651,iFreeETF TOPIX高配当40指数,東証ETF,"3,355",+40,1.21,"11,685",2026/09/17
1230,1230,1840,(株)土屋ホールディングス,東証STD,251,+3,1.21,"19,000",2026/09/17
1231,1231,2429,(株)ワールドホールディングス,東証PRM,"2,926",+35,1.21,"36,400",2026/09/17
1232,1232,3069,(株)ＪＦＬＡホールディングス,東証STD,167,+2,1.21,"156,700",2026/09/17
1233,1233,339A,プログレス・テクノロジーズ　グループ(株),東証GRT,921,+11,1.21,"16,300",2026/09/17
1234,1234,3678,(株)メディアドゥ,東証PRM,"1,257",+15,1.21,"28,300",2026/09/17
1235,1235,3696,(株)セレス,東証PRM,"2,176",+26,1.21,"52,000",2026/09/17
1236,1236,3962,(株)チェンジホールディングス,東証PRM,"1,005",+12,1.21,"146,400",2026/09/17
1237,1237,566A,iFreeETF ブルームバーグ日本株(除く金融)高配当50,東証ETF,"2,334",+28,1.21,198,2026/09/17
1238,1238,7235,東京ラヂエーター製造(株),東証STD,"1,594",+19,1.21,"19,600",2026/09/17
1239,1239,7261,マツダ(株),東証PRM,"1,171.5",+14,1.21,"4,097,400",2026/09/17
1240,1240,7284,盟和産業(株),東証STD,"1,175",+14,1.21,"4,300",2026/09/17
1241,1241,7537,丸文(株),東証PRM,"1,837",+22,1.21,"55,400",2026/09/17
1242,1242,9022,東海旅客鉄道(株),東証PRM,"3,842",+46,1.21,"1,708,900",2026/09/17
1243,1243,9142,九州旅客鉄道(株),東証PRM,"3,583",+43,1.21,"557,400",2026/09/17
1244,1244,1807,(株)佐藤渡辺,東証STD,"1,933",+23,1.2,"2,500",2026/09/17
1245,1245,3121,マーチャント・バンカーズ(株),東証STD,253,+3,1.2,"29,000",2026/09/17
1246,1246,3727,(株)アプリックス,東証GRT,169,+2,1.2,"36,100",2026/09/17
1247,1247,4559,ゼリア新薬工業(株),東証PRM,"2,032",+24,1.2,"180,900",2026/09/17
1248,1248,6539,(株)ＭＳ－Ｊａｐａｎ,東証PRM,"1,008",+12,1.2,"39,400",2026/09/17
1249,1249,6904,原田工業(株),東証STD,675,+8,1.2,"118,100",2026/09/17
1250,1250,7414,小野建(株),東証PRM,"1,437",+17,1.2,"59,300",2026/09/17
1251,1251,8944,(株)ランドビジネス,東証STD,252,+3,1.2,"56,200",2026/09/17
1252,1252,1938,日本リーテック(株),東証PRM,"2,626",+31,1.19,"50,300",2026/09/17
1253,1253,2410,(株)キャリアデザインセンター,東証PRM,"2,885",+34,1.19,"50,300",2026/09/17
1254,1254,3407,旭化成(株),東証PRM,"1,612",+19,1.19,"3,195,800",2026/09/17
1255,1255,5461,中部鋼鈑(株),東証PRM,"2,217",+26,1.19,"98,800",2026/09/17
1256,1256,6480,日本トムソン(株),東証PRM,"1,700",+20,1.19,"776,100",2026/09/17
1257,1257,7740,(株)タムロン,東証PRM,"1,357",+16,1.19,"504,300",2026/09/17
1258,1258,8029,(株)ルックホールディングス,東証STD,"2,710",+32,1.19,"9,800",2026/09/17
1259,1259,8081,(株)カナデン,東証PRM,"2,631",+31,1.19,"37,500",2026/09/17
1260,1260,8154,加賀電子(株),東証PRM,"5,110",+60,1.19,"122,200",2026/09/17
1261,1261,9444,(株)トーシンホールディングス,東証STD,255,+3,1.19,"4,500",2026/09/17
1262,1262,9755,応用地質(株),東証PRM,"2,890",+34,1.19,"48,000",2026/09/17
1263,1263,9946,ミニストップ(株),東証PRM,"1,792",+21,1.19,"44,200",2026/09/17
1264,1264,160A,(株)アズパートナーズ,東証STD,"1,965",+23,1.18,"2,900",2026/09/17
1265,1265,2764,(株)ひらまつ,東証STD,171,+2,1.18,"85,200",2026/09/17
1266,1266,304A,フォルシア(株),東証GRT,"1,965",+23,1.18,"1,000",2026/09/17
1267,1267,328A,GX プライシングパワー・リーダーズ-日本株式,東証ETF,"1,368",+16,1.18,853,2026/09/17
1268,1268,4175,(株)ｃｏｌｙ,東証GRT,"2,995",+35,1.18,"4,200",2026/09/17
1269,1269,4548,生化学工業(株),東証PRM,686,+8,1.18,"187,000",2026/09/17
1270,1270,4552,ＪＣＲファーマ(株),東証PRM,515,+6,1.18,"242,600",2026/09/17
1271,1271,4996,クミアイ化学工業(株),東証PRM,688,+8,1.18,"610,900",2026/09/17
1272,1272,5957,日東精工(株),東証PRM,769,+9,1.18,"61,500",2026/09/17
1273,1273,6492,岡野バルブ製造(株),東証STD,"14,620",+170,1.18,"8,600",2026/09/17
1274,1274,7283,愛三工業(株),東証PRM,"2,152",+25,1.18,"75,100",2026/09/17
1275,1275,7741,ＨＯＹＡ(株),東証PRM,"22,655",+265,1.18,"1,429,800",2026/09/17
1276,1276,8088,岩谷産業(株),東証PRM,"2,140",+25,1.18,"520,700",2026/09/17
1277,1277,9010,富士急行(株),東証PRM,"2,660",+31,1.18,"208,800",2026/09/17
1278,1278,9502,中部電力(株),東証PRM,"2,965.5",+34.5,1.18,"1,976,100",2026/09/17
1279,1279,1810,松井建設(株),東証STD,"1,474",+17,1.17,"29,200",2026/09/17
1280,1280,1941,(株)中電工,東証PRM,"5,200",+60,1.17,"70,900",2026/09/17
1281,1281,2418,(株)ツカダ・グローバルホールディング,東証STD,603,+7,1.17,"103,800",2026/09/17
1282,1282,3482,ロードスターキャピタル(株),東証PRM,"2,591",+30,1.17,"72,600",2026/09/17
1283,1283,3954,昭和パックス(株),東証STD,"3,025",+35,1.17,200,2026/09/17
1284,1284,4042,東ソー(株),東証PRM,"2,644",+30.5,1.17,"770,800",2026/09/17
1285,1285,4631,ＤＩＣ(株),東証PRM,"4,843",+56,1.17,"426,300",2026/09/17
1286,1286,5363,(株)ＴＹＫ,東証STD,691,+8,1.17,"51,200",2026/09/17
1287,1287,6091,(株)ウエスコホールディングス,東証STD,955,+11,1.17,"11,500",2026/09/17
1288,1288,6932,(株)遠藤照明,東証STD,"2,601",+30,1.17,"18,500",2026/09/17
1289,1289,7111,ＩＮＥＳＴ(株),東証STD,520,+6,1.17,"1,300",2026/09/17
1290,1290,7287,日本精機(株),東証STD,"2,764",+32,1.17,"124,500",2026/09/17
1291,1291,8242,エイチ・ツー・オー　リテイリング(株),東証PRM,"2,904",+33.5,1.17,"304,900",2026/09/17
1292,1292,8354,(株)ふくおかフィナンシャルグループ,東証PRM,"7,790",+90,1.17,"753,600",2026/09/17
1293,1293,9023,東京地下鉄(株),東証PRM,"1,550",+18,1.17,"1,341,700",2026/09/17
1294,1294,9478,ＳＥホールディングス・アンド・インキュベーションズ(株),東証STD,517,+6,1.17,"5,200",2026/09/17
1295,1295,2982,(株)ＡＤワークスグループ,東証PRM,435,+5,1.16,"254,800",2026/09/17
1296,1296,2991,(株)ランドネット,東証STD,522,+6,1.16,"15,300",2026/09/17
1297,1297,3103,ユニチカ(株),東証STD,"1,479",+17,1.16,"6,643,200",2026/09/17
1298,1298,3396,(株)フェリシモ,東証STD,872,+10,1.16,"3,900",2026/09/17
1299,1299,4403,日油(株),東証PRM,"2,612.5",+30,1.16,"887,900",2026/09/17
1300,1300,6090,ヒューマン・メタボローム・テクノロジーズ(株),東証STD,613,+7,1.16,800,2026/09/17
1301,1301,6463,ＴＰＲ(株),東証PRM,"1,571",+18,1.16,"94,700",2026/09/17
1302,1302,7191,(株)イントラスト,東証STD,"1,220",+14,1.16,"24,700",2026/09/17
1303,1303,7245,大同メタル工業(株),東証PRM,"1,129",+13,1.16,"233,100",2026/09/17
1304,1304,7575,日本ライフライン(株),東証PRM,"1,575",+18,1.16,"185,500",2026/09/17
1305,1305,7613,シークス(株),東証PRM,"1,575",+18,1.16,"115,700",2026/09/17
1306,1306,7734,理研計器(株),東証PRM,"3,500",+40,1.16,"95,200",2026/09/17
1307,1307,8095,アステナホールディングス(株),東証PRM,525,+6,1.16,"74,000",2026/09/17
1308,1308,2379,ディップ(株),東証PRM,"1,850",+21,1.15,"193,900",2026/09/17
1309,1309,4430,東海ソフト(株),東証STD,"1,761",+20,1.15,"8,400",2026/09/17
1310,1310,518A,(NEXT FUNDS) FTSE日本株高配当キャッシュフロー50,東証ETF,"2,118",+24,1.15,"1,454",2026/09/17
1311,1311,5195,バンドー化学(株),東証PRM,"2,471",+28,1.15,"56,400",2026/09/17
1312,1312,6289,(株)技研製作所,東証PRM,"1,935",+22,1.15,"49,300",2026/09/17
1313,1313,6632,(株)ＪＶＣケンウッド,東証PRM,"1,011.5",+11.5,1.15,"1,627,300",2026/09/17
1314,1314,7955,クリナップ(株),東証PRM,967,+11,1.15,"16,600",2026/09/17
1315,1315,7994,(株)オカムラ,東証PRM,"2,376",+27,1.15,"180,400",2026/09/17
1316,1316,8593,三菱ＨＣキャピタル(株),東証PRM,"1,404.5",+16,1.15,"3,476,200",2026/09/17
1317,1317,9006,京浜急行電鉄(株),東証PRM,"1,583",+18,1.15,"774,600",2026/09/17
1318,1318,2652,(株)まんだらけ,東証STD,442,+5,1.14,"97,300",2026/09/17
1319,1319,4307,(株)野村総合研究所,東証PRM,"5,155",+58,1.14,"1,807,900",2026/09/17
1320,1320,4499,(株)Ｓｐｅｅｅ,東証STD,"2,220",+25,1.14,"119,000",2026/09/17
1321,1321,4625,アトミクス(株),東証STD,890,+10,1.14,"8,700",2026/09/17
1322,1322,5301,東海カーボン(株),東証PRM,"2,080",+23.5,1.14,"2,071,600",2026/09/17
1323,1323,6701,ＮＥＣ,東証PRM,"4,896",+55,1.14,"4,638,300",2026/09/17
1324,1324,7022,サノヤスホールディングス(株),東証STD,356,+4,1.14,"84,900",2026/09/17
1325,1325,7083,ＡＨＣグループ(株),東証GRT,"1,150",+13,1.14,"5,300",2026/09/17
1326,1326,7164,全国保証(株),東証PRM,"3,190",+36,1.14,"261,400",2026/09/17
1327,1327,7220,武蔵精密工業(株),東証PRM,"2,752",+31,1.14,"465,900",2026/09/17
1328,1328,7327,(株)第四北越フィナンシャルグループ,東証PRM,"2,654",+30,1.14,"708,200",2026/09/17
1329,1329,7725,(株)インターアクション,東証PRM,"1,770",+20,1.14,"52,800",2026/09/17
1330,1330,7820,ニホンフラッシュ(株),東証PRM,711,+8,1.14,"20,600",2026/09/17
1331,1331,8923,トーセイ(株),東証PRM,"1,692",+19,1.14,"130,100",2026/09/17
1332,1332,9005,東急(株),東証PRM,"1,687",+19,1.14,"1,346,200",2026/09/17
1333,1333,9405,朝日放送グループホールディングス(株),東証PRM,885,+10,1.14,"102,600",2026/09/17
1334,1334,1407,(株)ウエストホールディングス,東証STD,"2,240",+25,1.13,"390,200",2026/09/17
1335,1335,1438,(株)岐阜造園,東証STD,"2,330",+26,1.13,"1,500",2026/09/17
1336,1336,1914,日本基礎技術(株),東証STD,807,+9,1.13,"24,200",2026/09/17
1337,1337,2871,(株)ニチレイ,東証PRM,"2,228",+25,1.13,"723,900",2026/09/17
1338,1338,3382,(株)セブン＆アイ・ホールディングス,東証PRM,"2,054.5",+23,1.13,"5,058,100",2026/09/17
1339,1339,4361,川口化学工業(株),東証STD,"1,615",+18,1.13,"3,400",2026/09/17
1340,1340,5943,(株)ノーリツ,東証PRM,"2,241",+25,1.13,"54,500",2026/09/17
1341,1341,6482,ＹＵＳＨＩＮ(株),東証STD,716,+8,1.13,"75,400",2026/09/17
1342,1342,7114,(株)フーディソン,東証GRT,806,+9,1.13,"1,300",2026/09/17
1343,1343,7366,(株)ＬＩＴＡＬＩＣＯ,東証PRM,"1,874",+21,1.13,"65,600",2026/09/17
1344,1344,8056,ＢＩＰＲＯＧＹ(株),東証PRM,"4,847",+54,1.13,"553,000",2026/09/17
1345,1345,9434,ソフトバンク(株),東証PRM,251.6,+2.8,1.13,"58,330,900",2026/09/17
1346,1346,9470,(株)学研ホールディングス,東証PRM,"1,073",+12,1.13,"241,600",2026/09/17
1347,1347,9701,(株)東京會舘,東証STD,"4,490",+50,1.13,900,2026/09/17
1348,1348,9742,(株)アイネス,東証PRM,"2,145",+24,1.13,"19,200",2026/09/17
1349,1349,9888,(株)ＵＥＸ,東証STD,"1,256",+14,1.13,"39,500",2026/09/17
1350,1350,1882,東亜道路工業(株),東証PRM,"1,620",+18,1.12,"270,100",2026/09/17
1351,1351,2735,(株)ワッツ,東証STD,720,+8,1.12,"24,300",2026/09/17
1352,1352,345A,高配当成長 日本株(ネットリターン)ETN,東証ETF,"15,835",+175,1.12,668,2026/09/17
1353,1353,3774,(株)インターネットイニシアティブ,東証PRM,"3,436",+38,1.12,"355,900",2026/09/17
1354,1354,486A,(NEXT FUNDS) ユーロ・ストックス50(H無),東証ETF,"2,166",+24,1.12,"5,523",2026/09/17
1355,1355,4967,小林製薬(株),東証PRM,"5,862",+65,1.12,"157,400",2026/09/17
1356,1356,6089,(株)ウィルグループ,東証PRM,"1,173",+13,1.12,"28,700",2026/09/17
1357,1357,6092,(株)エンバイオ・ホールディングス,東証STD,810,+9,1.12,"5,300",2026/09/17
1358,1358,6276,シリウスビジョン(株),東証STD,361,+4,1.12,"25,800",2026/09/17
1359,1359,7305,新家工業(株),東証STD,"2,799",+31,1.12,"18,300",2026/09/17
1360,1360,9330,(株)揚羽,東証GRT,900,+10,1.12,"4,500",2026/09/17
1361,1361,9414,日本ＢＳ放送(株),東証STD,994,+11,1.12,"205,800",2026/09/17
1362,1362,1815,鉄建建設(株),東証PRM,"4,570",+50,1.11,"43,800",2026/09/17
1363,1363,2084,(NEXT FUNDS) 日本高配当株アクティブ,東証ETF,"3,913",+43,1.11,"7,640",2026/09/17
1364,1364,272A,(株)グリーンクロスホールディングス,福証,"1,362",+15,1.11,"3,000",2026/09/17
1365,1365,3063,(株)ジェイグループホールディングス,東証GRT,"1,179",+13,1.11,"23,000",2026/09/17
1366,1366,3177,(株)ありがとうサービス,東証STD,"4,550",+50,1.11,"2,200",2026/09/17
1367,1367,4448,(株)ｋｕｂｅｌｌ,東証GRT,363,+4,1.11,"50,600",2026/09/17
1368,1368,581A,ＧＯ(株),東証GRT,"3,180",+35,1.11,"3,304,100",2026/09/17
1369,1369,1632,(NEXT FUNDS)金融(除く銀行)上場投信,東証ETF,"44,050",+480,1.1,"2,339",2026/09/17
1370,1370,175A,(株)Ｗｉｌｌ　Ｓｍａｒｔ,東証GRT,645,+7,1.1,"3,200",2026/09/17
1371,1371,3908,(株)コラボス,東証STD,366,+4,1.1,"5,800",2026/09/17
1372,1372,5609,日本鋳造(株),東証STD,918,+10,1.1,"11,100",2026/09/17
1373,1373,6238,フリュー(株),東証PRM,"1,471",+16,1.1,"72,800",2026/09/17
1374,1374,7847,(株)グラファイトデザイン,東証STD,646,+7,1.1,"4,400",2026/09/17
1375,1375,8331,(株)千葉銀行,東証PRM,"2,759.5",+30,1.1,"2,146,900",2026/09/17
1376,1376,8804,東京建物(株),東証PRM,"3,317",+36,1.1,"976,800",2026/09/17
1377,1377,8871,(株)ゴールドクレスト,東証STD,"3,230",+35,1.1,"50,600",2026/09/17
1378,1378,9068,丸全昭和運輸(株),東証PRM,"7,340",+80,1.1,"25,400",2026/09/17
1379,1379,9757,(株)船井総研ホールディングス,東証PRM,"1,197",+13,1.1,"168,400",2026/09/17
1380,1380,9972,アルテック(株),東証STD,275,+3,1.1,"4,300",2026/09/17
1381,1381,3449,(株)テクノフレックス,東証STD,"4,175",+45,1.09,"130,500",2026/09/17
1382,1382,459A,野村 高利回りJリート指数ETF,東証ETF,"10,100",+109,1.09,7,2026/09/17
1383,1383,6287,(株)サトー,東証PRM,"2,687",+29,1.09,"73,100",2026/09/17
1384,1384,6412,(株)平和,東証PRM,"2,232",+24,1.09,"339,200",2026/09/17
1385,1385,3591,(株)ワコールホールディングス,東証PRM,"4,037",+43,1.08,"99,200",2026/09/17
1386,1386,3810,サイバーステップホールディングス(株),東証STD,187,+2,1.08,"304,000",2026/09/17
1387,1387,4378,(株)ＣＩＮＣ,東証GRT,470,+5,1.08,"3,500",2026/09/17
1388,1388,4902,コニカミノルタ(株),東証PRM,653.7,+7,1.08,"3,502,700",2026/09/17
1389,1389,5252,日本ナレッジ(株),東証GRT,939,+10,1.08,"5,300",2026/09/17
1390,1390,7256,河西工業(株),東証STD,469,+5,1.08,"342,300",2026/09/17
1391,1391,7915,ＮＩＳＳＨＡ(株),東証PRM,"1,219",+13,1.08,"190,500",2026/09/17
1392,1392,9076,セイノーホールディングス(株),東証PRM,"2,768.5",+29.5,1.08,"211,700",2026/09/17
1393,1393,1861,(株)熊谷組,東証PRM,"1,324",+14,1.07,"837,800",2026/09/17
1394,1394,2044,NEXT NOTES S&P500 配当貴族(NR)ETN,東証ETF,"33,900",+360,1.07,51,2026/09/17
1395,1395,2579,コカ・コーラ　ボトラーズジャパンホールディングス(株),東証PRM,"3,889",+41,1.07,"583,500",2026/09/17
1396,1396,2666,(株)オートウェーブ,東証STD,189,+2,1.07,"87,400",2026/09/17
1397,1397,2811,カゴメ(株),東証PRM,"2,737",+29,1.07,"217,100",2026/09/17
1398,1398,3964,(株)オークネット,東証PRM,"1,322",+14,1.07,"402,400",2026/09/17
1399,1399,531A,NZAM 上場投信 日経平均高配当株50,東証ETF,"2,354",+25,1.07,6,2026/09/17
1400,1400,5842,インテグラル(株),東証GRT,"3,010",+32,1.07,"29,800",2026/09/17
1401,1401,7674,(株)ＮＡＴＴＹ　ＳＷＡＮＫＹホールディングス,東証GRT,"2,739",+29,1.07,"2,700",2026/09/17
1402,1402,9932,杉本商事(株),東証PRM,"1,320",+14,1.07,"19,500",2026/09/17
1403,1403,1720,東急建設(株),東証PRM,"1,239",+13,1.06,"341,100",2026/09/17
1404,1404,1929,日特建設(株),東証PRM,"1,245",+13,1.06,"93,900",2026/09/17
1405,1405,2195,アミタホールディングス(株),東証GRT,380,+4,1.06,"21,700",2026/09/17
1406,1406,2243,GX 半導体,東証ETF,"4,190",+44,1.06,"106,483",2026/09/17
1407,1407,2564,GX MSCIスーパーディビィデンド-日本株式,東証ETF,"3,719",+39,1.06,"22,151",2026/09/17
1408,1408,2892,日本食品化工(株),東証STD,"4,760",+50,1.06,"4,600",2026/09/17
1409,1409,3034,クオールホールディングス(株),東証PRM,"2,383",+25,1.06,"128,300",2026/09/17
1410,1410,4261,アジアクエスト(株),東証GRT,"2,955",+31,1.06,"2,800",2026/09/17
1411,1411,4526,理研ビタミン(株),東証PRM,"3,350",+35,1.06,"112,800",2026/09/17
1412,1412,5959,岡部(株),東証PRM,954,+10,1.06,"53,400",2026/09/17
1413,1413,7501,(株)ティムコ,東証STD,"1,425",+15,1.06,300,2026/09/17
1414,1414,7599,(株)ＩＤＯＭ,東証PRM,"1,235",+13,1.06,"444,800",2026/09/17
1415,1415,8881,(株)日神グループホールディングス,東証PRM,665,+7,1.06,"68,900",2026/09/17
1416,1416,8999,グランディハウス(株),東証PRM,570,+6,1.06,"52,800",2026/09/17
1417,1417,9327,(株)イー・ロジット,東証STD,191,+2,1.06,"2,300",2026/09/17
1418,1418,9622,(株)スペース,東証PRM,"1,428",+15,1.06,"24,200",2026/09/17
1419,1419,1430,ファーストコーポレーション(株),東証STD,"1,061",+11,1.05,"22,800",2026/09/17
1420,1420,1477,iシェアーズ MSCI 日本株最小分散 ETF,東証ETF,"3,381",+35,1.05,945,2026/09/17
1421,1421,1586,上場インデックス TOPIX Ex-Financials,東証ETF,"3,083",+32,1.05,115,2026/09/17
1422,1422,3036,アルコニックス(株),東証PRM,"3,360",+35,1.05,"67,900",2026/09/17
1423,1423,4114,(株)日本触媒,東証PRM,"2,607",+27,1.05,"921,100",2026/09/17
1424,1424,4116,大日精化工業(株),東証PRM,"1,348",+14,1.05,"128,300",2026/09/17
1425,1425,5038,(株)ｅＷｅＬＬ,東証GRT,"2,120",+22,1.05,"27,300",2026/09/17
1426,1426,526A,JPXスタートアップ急成長100ETF,東証ETF,"2,299",+24,1.05,"2,173",2026/09/17
1427,1427,6454,マックス(株),東証PRM,"1,919",+20,1.05,"240,300",2026/09/17
1428,1428,7383,(株)ネットプロテクションズホールディングス,東証PRM,386,+4,1.05,"438,600",2026/09/17
1429,1429,7505,扶桑電通(株),東証STD,"2,124",+22,1.05,"15,700",2026/09/17
1430,1430,7859,(株)アルメディオ,東証STD,290,+3,1.05,"95,400",2026/09/17
1431,1431,1311,(NEXT FUNDS)TOPIX Core30連動型上場投信,東証ETF,"2,138",+22,1.04,"5,332",2026/09/17
1432,1432,1976,明星工業(株),東証PRM,"1,742",+18,1.04,"55,100",2026/09/17
1433,1433,1979,(株)大気社,東証PRM,"3,870",+40,1.04,"148,700",2026/09/17
1434,1434,2334,(株)イオレ,東証GRT,582,+6,1.04,"379,000",2026/09/17
1435,1435,2533,オエノンホールディングス(株),東証PRM,488,+5,1.04,"123,900",2026/09/17
1436,1436,2776,新都ホールディングス(株),東証STD,97,+1,1.04,"179,400",2026/09/17
1437,1437,4120,スガイ化学工業(株),東証STD,"2,911",+30,1.04,"1,800",2026/09/17
1438,1438,435A,iFreeETF 日本株配当ローテーション戦略,東証ETF,"2,814",+29,1.04,"69,082",2026/09/17
1439,1439,5463,丸一鋼管(株),東証PRM,"1,753",+18,1.04,"490,300",2026/09/17
1440,1440,6445,(株)ジャノメ,東証PRM,"1,361",+14,1.04,"24,300",2026/09/17
1441,1441,8377,(株)ほくほくフィナンシャルグループ,東証PRM,"8,336",+86,1.04,"333,700",2026/09/17
1442,1442,9984,ソフトバンクグループ(株),東証PRM,"6,247",+64,1.04,"62,284,400",2026/09/17
1443,1443,1377,(株)サカタのタネ,東証PRM,"4,430",+45,1.03,"81,500",2026/09/17
1444,1444,2461,(株)ファンコミュニケーションズ,東証PRM,391,+4,1.03,"80,500",2026/09/17
1445,1445,2625,iFreeETF TOPIX(年4回決算型),東証ETF,"4,110",+42,1.03,"7,753",2026/09/17
1446,1446,273A,SBI サウジアラビア株式上場投信,東証ETF,"9,700",+99,1.03,23,2026/09/17
1447,1447,3134,Ｈａｍｅｅ(株),東証STD,294,+3,1.03,"31,300",2026/09/17
1448,1448,3946,(株)トーモク,東証PRM,"4,435",+45,1.03,"49,600",2026/09/17
1449,1449,4028,石原産業(株),東証PRM,"2,951",+30,1.03,"194,800",2026/09/17
1450,1450,4074,(株)ラキール,東証GRT,783,+8,1.03,"2,100",2026/09/17
1451,1451,471A,ＮＳグループ(株),東証PRM,"1,564",+16,1.03,"218,200",2026/09/17
1452,1452,6223,(株)西部技研,東証STD,"1,967",+20,1.03,"28,500",2026/09/17
1453,1453,7097,(株)さくらさくプラス,東証GRT,"2,750",+28,1.03,"5,300",2026/09/17
1454,1454,7760,ＩＭＶ(株),東証STD,"2,058",+21,1.03,"46,800",2026/09/17
1455,1455,8253,(株)クレディセゾン,東証PRM,"4,691",+48,1.03,"654,300",2026/09/17
1456,1456,8425,みずほリース(株),東証PRM,"1,377",+14,1.03,"387,400",2026/09/17
1457,1457,8559,(株)豊和銀行,福証,489,+5,1.03,"3,300",2026/09/17
1458,1458,9997,(株)ベルーナ,東証PRM,"1,075",+11,1.03,"405,300",2026/09/17
1459,1459,1322,上場インデックス中国A株 E FUND CSI300,東証ETF,"11,340",+115,1.02,265,2026/09/17
1460,1460,1429,(株)日本アクア,東証PRM,795,+8,1.02,"59,500",2026/09/17
1461,1461,1835,東鉄工業(株),東証PRM,"3,970",+40,1.02,"41,200",2026/09/17
1462,1462,2433,(株)博報堂ＤＹホールディングス,東証PRM,"1,342",+13.5,1.02,"770,800",2026/09/17
1463,1463,4396,(株)システムサポートホールディングス,東証PRM,"1,380",+14,1.02,"57,800",2026/09/17
1464,1464,4732,(株)ユー・エス・エス,東証PRM,"1,929.5",+19.5,1.02,"974,200",2026/09/17
1465,1465,6494,(株)ＮＦＫホールディングス,東証STD,99,+1,1.02,"70,100",2026/09/17
1466,1466,6908,イリソ電子工業(株),東証PRM,"2,861",+29,1.02,"144,000",2026/09/17
1467,1467,6915,千代田インテグレ(株),東証STD,"3,470",+35,1.02,"7,400",2026/09/17
1468,1468,7590,(株)タカショー,東証STD,398,+4,1.02,"18,400",2026/09/17
1469,1469,7595,(株)アルゴグラフィックス,東証PRM,"1,285",+13,1.02,"153,200",2026/09/17
1470,1470,8254,(株)さいか屋,東証STD,297,+3,1.02,"166,000",2026/09/17
1471,1471,9824,泉州電業(株),東証PRM,"7,940",+80,1.02,"34,200",2026/09/17
1472,1472,247A,Ａｉロボティクス(株),東証GRT,"1,001",+10,1.01,"742,700",2026/09/17
1473,1473,334A,(株)ビジュアル・プロセッシング・ジャパン,東証GRT,"1,096",+11,1.01,"1,800",2026/09/17
1474,1474,380A,GX チャイナテック,東証ETF,897,+9,1.01,"22,214",2026/09/17
1475,1475,3920,アイビーシー(株),東証STD,999,+10,1.01,600,2026/09/17
1476,1476,6545,(株)インターネットインフィニティー,東証GRT,797,+8,1.01,"4,100",2026/09/17
1477,1477,7269,スズキ(株),東証PRM,"2,047",+20.5,1.01,"3,941,800",2026/09/17
1478,1478,7804,(株)ビーアンドピー,東証STD,"2,408",+24,1.01,"2,900",2026/09/17
1479,1479,7962,(株)キングジム,東証PRM,803,+8,1.01,"20,400",2026/09/17
1480,1480,7971,東リ(株),東証STD,699,+7,1.01,"38,000",2026/09/17
1481,1481,8185,(株)チヨダ,東証PRM,"1,003",+10,1.01,"88,400",2026/09/17
1482,1482,1629,(NEXT FUNDS)商社･卸売上場投信,東証ETF,282.7,+2.8,1.0,"1,075,560",2026/09/17
1483,1483,1770,藤田エンジニアリング(株),東証STD,"2,317",+23,1.0,"16,000",2026/09/17
1484,1484,234A,GX MSCI キャッシュフローキング-日本株式,東証ETF,"1,517",+15,1.0,"1,465",2026/09/17
1485,1485,2445,(株)タカミヤ,東証STD,404,+4,1.0,"61,500",2026/09/17
1486,1486,2849,GX Morningstar 高配当 ESG-日本株式,東証ETF,"5,529",+55,1.0,24,2026/09/17
1487,1487,2983,(株)アールプランナー,東証GRT,"1,723",+17,1.0,"33,400",2026/09/17
1488,1488,3315,日本コークス工業(株),東証PRM,101,+1,1.0,"5,182,800",2026/09/17
1489,1489,3772,ウェルス・マネジメント(株),東証STD,"1,106",+11,1.0,"17,600",2026/09/17
1490,1490,4442,バルテス・ホールディングス(株),東証GRT,406,+4,1.0,"52,600",2026/09/17
1491,1491,4766,(株)ピーエイ,東証STD,202,+2,1.0,"5,300",2026/09/17
1492,1492,6306,日工(株),東証PRM,"1,013",+10,1.0,"62,000",2026/09/17
1493,1493,6381,アネスト岩田(株),東証PRM,"1,926",+19,1.0,"45,000",2026/09/17
1494,1494,8359,(株)八十二長野銀行,東証PRM,"2,723.5",+27,1.0,"1,164,300",2026/09/17
1495,1495,9143,ＳＧホールディングス(株),東証PRM,"1,517.5",+15,1.0,"1,067,100",2026/09/17
1496,1496,9268,(株)オプティマスグループ,東証STD,406,+4,1.0,"150,300",2026/09/17
1497,1497,9306,東陽倉庫(株),東証STD,"2,015",+20,1.0,"4,000",2026/09/17
1498,1498,9513,Ｊ－ＰＯＷＥＲ,東証PRM,"4,247",+42,1.0,"374,700",2026/09/17
1499,1499,9983,(株)ファーストリテイリング,東証PRM,"67,700",+670,1.0,"751,800",2026/09/17
1500,1500,3107,ダイワボウホールディングス(株),東証PRM,"3,782",+37,0.99,"720,900",2026/09/17
1501,1501,3447,信和(株),東証STD,"1,023",+10,0.99,"27,700",2026/09/17
1502,1502,3484,(株)イノベーションホールディングス,東証STD,"1,225",+12,0.99,"4,200",2026/09/17
1503,1503,3490,(株)アズ企画設計,東証STD,"3,050",+30,0.99,500,2026/09/17
1504,1504,436A,サイバーソリューションズ(株),東証GRT,"1,323",+13,0.99,"35,300",2026/09/17
1505,1505,4416,(株)Ｔｒｕｅ　Ｄａｔａ,東証GRT,410,+4,0.99,"14,900",2026/09/17
1506,1506,4704,トレンドマイクロ(株),東証PRM,"6,454",+63,0.99,"894,200",2026/09/17
1507,1507,4712,(株)ＫｅｙＨｏｌｄｅｒ,東証STD,813,+8,0.99,"13,200",2026/09/17
1508,1508,4809,パラカ(株),東証PRM,"2,042",+20,0.99,"19,000",2026/09/17
1509,1509,4849,エン(株),東証PRM,"1,738",+17,0.99,"394,400",2026/09/17
1510,1510,6013,(株)タクマ,東証PRM,"3,075",+30,0.99,"216,300",2026/09/17
1511,1511,6239,(株)ナガオカ,東証STD,"1,425",+14,0.99,700,2026/09/17
1512,1512,6918,(株)アバールデータ,東証STD,"3,570",+35,0.99,"25,100",2026/09/17
1513,1513,7532,(株)パン・パシフィック・インターナショナルホールディングス,東証PRM,726.7,+7.1,0.99,"18,596,200",2026/09/17
1514,1514,7949,小松ウオール工業(株),東証PRM,"2,859",+28,0.99,"46,500",2026/09/17
1515,1515,9039,(株)サカイ引越センター,東証PRM,"3,050",+30,0.99,"119,600",2026/09/17
1516,1516,1449,(株)ＦＵＪＩジャパン,札証,309,+3,0.98,100,2026/09/17
1517,1517,1724,シンクレイヤ(株),東証STD,719,+7,0.98,"4,100",2026/09/17
1518,1518,3498,霞ヶ関キャピタル(株),東証PRM,"7,200",+70,0.98,"124,800",2026/09/17
1519,1519,3665,(株)エニグモ,東証PRM,412,+4,0.98,"148,700",2026/09/17
1520,1520,4613,関西ペイント(株),東証PRM,"2,896",+28,0.98,"523,200",2026/09/17
1521,1521,4634,ａｒｔｉｅｎｃｅ(株),東証PRM,"5,170",+50,0.98,"76,500",2026/09/17
1522,1522,4951,エステー(株),東証PRM,"1,539",+15,0.98,"41,700",2026/09/17
1523,1523,5724,(株)アサカ理研,東証STD,"3,085",+30,0.98,"26,500",2026/09/17
1524,1524,5938,(株)ＬＩＸＩＬ,東証PRM,"1,757",+17,0.98,"1,861,000",2026/09/17
1525,1525,6184,(株)鎌倉新書,東証PRM,619,+6,0.98,"94,900",2026/09/17
1526,1526,6196,(株)ストライクグループ,東証PRM,"1,436",+14,0.98,"383,400",2026/09/17
1527,1527,6291,日本エアーテック(株),東証STD,"1,339",+13,0.98,"12,300",2026/09/17
1528,1528,6498,(株)キッツ,東証PRM,"1,963",+19,0.98,"416,000",2026/09/17
1529,1529,7482,(株)シモジマ,東証PRM,"1,540",+15,0.98,"31,100",2026/09/17
1530,1530,7634,(株)星医療酸器,東証STD,"5,140",+50,0.98,300,2026/09/17
1531,1531,7947,(株)エフピコ,東証PRM,"2,871",+28,0.98,"102,100",2026/09/17
1532,1532,1481,上場インデックスファンド日本経済貢献株,東証ETF,"3,952",+38,0.97,149,2026/09/17
1533,1533,1904,大成温調(株),東証STD,"5,210",+50,0.97,"11,500",2026/09/17
1534,1534,205A,(株)ロゴスホールディングス,東証GRT,"1,668",+16,0.97,"15,800",2026/09/17
1535,1535,208A,(株)構造計画研究所ホールディングス,東証STD,"2,906",+28,0.97,"4,900",2026/09/17
1536,1536,2158,(株)ＦＲＯＮＴＥＯ,東証GRT,627,+6,0.97,"147,000",2026/09/17
1537,1537,3186,(株)ネクステージ,東証PRM,"2,918",+28,0.97,"479,200",2026/09/17
1538,1538,3196,(株)ホットランドホールディングス,東証PRM,"1,672",+16,0.97,"59,500",2026/09/17
1539,1539,4015,ペイクラウドホールディングス(株),東証GRT,520,+5,0.97,"44,600",2026/09/17
1540,1540,6850,(株)チノー,東証PRM,"1,764",+17,0.97,"26,100",2026/09/17
1541,1541,7679,(株)薬王堂ホールディングス,東証PRM,"1,658",+16,0.97,"70,600",2026/09/17
1542,1542,7921,(株)ＴＡＫＡＲＡ　＆　ＣＯＭＰＡＮＹ,東証PRM,"4,175",+40,0.97,"10,200",2026/09/17
1543,1543,8031,三井物産(株),東証PRM,"5,224",+50,0.97,"4,671,400",2026/09/17
1544,1544,9063,岡山県貨物運送(株),東証STD,"4,150",+40,0.97,300,2026/09/17
1545,1545,9265,ヤマシタヘルスケアホールディングス(株),東証STD,"3,655",+35,0.97,600,2026/09/17
1546,1546,9271,(株)和心,東証GRT,938,+9,0.97,"6,300",2026/09/17
1547,1547,9433,ＫＤＤＩ(株),東証PRM,"3,109",+30,0.97,"5,902,800",2026/09/17
1548,1548,9551,メタウォーター(株),東証PRM,"3,125",+30,0.97,"58,900",2026/09/17
1549,1549,9746,(株)ＴＫＣ,東証PRM,"4,145",+40,0.97,"69,300",2026/09/17
1550,1550,1888,若築建設(株),東証PRM,"3,670",+35,0.96,"12,800",2026/09/17
1551,1551,2033,NEXT NOTES 韓国KOSPI･ダブル･ブルETN,東証ETF,"72,270",+690,0.96,916,2026/09/17
1552,1552,2498,(株)オリエンタルコンサルタンツホールディングス,東証STD,"3,140",+30,0.96,"10,100",2026/09/17
1553,1553,2673,夢みつけ隊(株),東証STD,105,+1,0.96,"19,900",2026/09/17
1554,1554,3892,(株)岡山製紙,東証STD,"1,579",+15,0.96,"4,400",2026/09/17
1555,1555,3935,(株)エディア,東証STD,735,+7,0.96,"29,400",2026/09/17
1556,1556,4488,ＡＩ　ｉｎｓｉｄｅ(株),東証GRT,"2,105",+20,0.96,"2,200",2026/09/17
1557,1557,4792,山田コンサルティンググループ(株),東証PRM,"1,792",+17,0.96,"18,300",2026/09/17
1558,1558,5232,住友大阪セメント(株),東証PRM,"5,771",+55,0.96,"139,000",2026/09/17
1559,1559,8276,(株)平和堂,東証PRM,"2,721",+26,0.96,"69,700",2026/09/17
1560,1560,8935,(株)ＦＪネクストホールディングス,東証PRM,"2,004",+19,0.96,"39,600",2026/09/17
1561,1561,9887,(株)松屋フーズホールディングス,東証PRM,"5,250",+50,0.96,"48,400",2026/09/17
1562,1562,1793,(株)大本組,東証STD,"2,115",+20,0.95,"1,300",2026/09/17
1563,1563,2244,GX US テック・トップ20,東証ETF,"3,518",+33,0.95,"44,277",2026/09/17
1564,1564,2645,GX レジャー&エンターテインメント-日本株式,東証ETF,"3,094",+29,0.95,36,2026/09/17
1565,1565,2685,(株)アンドエスティＨＤ,東証PRM,"3,175",+30,0.95,"149,800",2026/09/17
1566,1566,3242,(株)アーバネットコーポレーション,東証STD,529,+5,0.95,"45,400",2026/09/17
1567,1567,348A,MAXIS 読売333日本株,東証ETF,298.8,+2.8,0.95,"23,250",2026/09/17
1568,1568,3632,グリーホールディングス(株),東証PRM,426,+4,0.95,"404,800",2026/09/17
1569,1569,3913,ＧｒｅｅｎＢｅｅ(株),東証STD,"1,168",+11,0.95,"3,100",2026/09/17
1570,1570,3996,サインポスト(株),東証STD,212,+2,0.95,"34,900",2026/09/17
1571,1571,4373,シンプレクス・ホールディングス(株),東証PRM,"1,171",+11,0.95,"1,597,000",2026/09/17
1572,1572,480A,(株)リブ・コンサルティング,東証GRT,953,+9,0.95,"9,700",2026/09/17
1573,1573,5185,(株)フコク,東証PRM,"2,010",+19,0.95,"34,900",2026/09/17
1574,1574,6794,フォスター電機(株),東証PRM,"3,190",+30,0.95,"160,100",2026/09/17
1575,1575,7161,(株)じもとホールディングス,東証STD,640,+6,0.95,"235,000",2026/09/17
1576,1576,8077,トルク(株),東証STD,213,+2,0.95,"4,100",2026/09/17
1577,1577,9423,(株)ＦＲＳ,東証STD,106,+1,0.95,"68,600",2026/09/17
1578,1578,9837,モリト(株),東証PRM,"1,809",+17,0.95,"36,300",2026/09/17
1579,1579,189A,(株)Ｄ＆Ｍカンパニー,東証GRT,"1,069",+10,0.94,"4,500",2026/09/17
1580,1580,346A,(NEXT FUNDS) S&P500 半導体・半導体製造装置35%,東証ETF,"4,711",+44,0.94,"14,146",2026/09/17
1581,1581,3623,ビリングシステム(株),東証GRT,"1,288",+12,0.94,"11,000",2026/09/17
1582,1582,423A,(株)ライオン事務器,東証STD,322,+3,0.94,"32,700",2026/09/17
1583,1583,4479,(株)マクアケ,東証GRT,966,+9,0.94,"19,100",2026/09/17
1584,1584,4998,フマキラー(株),東証STD,"1,176",+11,0.94,"20,800",2026/09/17
1585,1585,6513,(株)オリジン,東証STD,"1,294",+12,0.94,"24,500",2026/09/17
1586,1586,6586,(株)マキタ,東証PRM,"5,350",+50,0.94,"594,200",2026/09/17
1587,1587,6743,大同信号(株),東証STD,"1,069",+10,0.94,"27,300",2026/09/17
1588,1588,6745,ホーチキ(株),東証PRM,"1,940",+18,0.94,"156,800",2026/09/17
1589,1589,6758,ソニーグループ(株),東証PRM,"3,754",+35,0.94,"10,116,800",2026/09/17
1590,1590,7723,愛知時計電機(株),東証PRM,"2,910",+27,0.94,"18,000",2026/09/17
1591,1591,7897,ホクシン(株),東証STD,107,+1,0.94,"63,600",2026/09/17
1592,1592,9204,スカイマーク(株),東証GRT,429,+4,0.94,"31,900",2026/09/17
1593,1593,1811,(株)錢高組,東証STD,"7,630",+70,0.93,"2,400",2026/09/17
1594,1594,2631,MAXIS ナスダック100上場投信,東証ETF,"32,500",+300,0.93,"12,024",2026/09/17
1595,1595,3421,(株)稲葉製作所,東証STD,"1,626",+15,0.93,"30,300",2026/09/17
1596,1596,4931,新日本製薬(株),東証PRM,"2,072",+19,0.93,"54,300",2026/09/17
1597,1597,5258,(株)トランザクション・メディア・ネットワークス,東証GRT,436,+4,0.93,"35,800",2026/09/17
1598,1598,6367,ダイキン工業(株),東証PRM,"20,700",+190,0.93,"556,600",2026/09/17
1599,1599,7238,曙ブレーキ工業(株),東証PRM,108,+1,0.93,"3,197,100",2026/09/17
1600,1600,9610,ウィルソン・ラーニング　ワールドワイド(株),東証STD,108,+1,0.93,"42,200",2026/09/17
1601,1601,2011,SMDAM Active ETF 日本高配当株式,東証ETF,864.8,+7.9,0.92,"21,160",2026/09/17
1602,1602,2089,NZAM 上場投信 DAX(H有),東証ETF,"2,845",+26,0.92,368,2026/09/17
1603,1603,2317,(株)システナ,東証PRM,441,+4,0.92,"711,800",2026/09/17
1604,1604,3687,(株)フィックスターズ,東証PRM,"2,194",+20,0.92,"373,000",2026/09/17
1605,1605,3835,ｅＢＡＳＥ(株),東証PRM,438,+4,0.92,"88,300",2026/09/17
1606,1606,3933,チエル(株),東証STD,548,+5,0.92,"1,500",2026/09/17
1607,1607,4097,高圧ガス工業(株),東証PRM,"1,208",+11,0.92,"28,500",2026/09/17
1608,1608,4165,(株)プレイド,東証GRT,656,+6,0.92,"172,100",2026/09/17
1609,1609,4598,Ｄｅｌｔａ－Ｆｌｙ　Ｐｈａｒｍａ(株),東証GRT,110,+1,0.92,"417,400",2026/09/17
1610,1610,5530,日本システムバンク(株),名証MN,"1,095",+10,0.92,400,2026/09/17
1611,1611,5726,(株)大阪チタニウムテクノロジーズ,東証PRM,"2,404",+22,0.92,"434,900",2026/09/17
1612,1612,5932,三協立山(株),東証PRM,661,+6,0.92,"36,400",2026/09/17
1613,1613,6428,(株)オーイズミ,東証STD,329,+3,0.92,"17,100",2026/09/17
1614,1614,6495,(株)宮入バルブ製作所,東証STD,110,+1,0.92,"606,000",2026/09/17
1615,1615,1887,日本国土開発(株),東証PRM,553,+5,0.91,"142,200",2026/09/17
1616,1616,2198,アイ・ケイ・ケイホールディングス(株),東証PRM,779,+7,0.91,"17,900",2026/09/17
1617,1617,2373,(株)ケア２１,東証STD,444,+4,0.91,"11,400",2026/09/17
1618,1618,2567,NZAM 上場投信 S&P/JPXカーボン・エフィシェント指数,東証ETF,542,+4.9,0.91,110,2026/09/17
1619,1619,2993,(株)長栄,東証STD,"2,220",+20,0.91,500,2026/09/17
1620,1620,4684,(株)オービック,東証PRM,"5,111",+46,0.91,"1,486,300",2026/09/17
1621,1621,4914,高砂香料工業(株),東証PRM,"1,333",+12,0.91,"118,100",2026/09/17
1622,1622,5602,(株)栗本鐵工所,東証PRM,"1,667",+15,0.91,"127,300",2026/09/17
1623,1623,5845,全保連(株),東証STD,"1,220",+11,0.91,"49,200",2026/09/17
1624,1624,6855,日本電子材料(株),東証STD,"6,670",+60,0.91,"450,500",2026/09/17
1625,1625,7388,(株)ＦＰパートナー,東証PRM,"2,340",+21,0.91,"24,100",2026/09/17
1626,1626,7871,フクビ化学工業(株),東証STD,"1,003",+9,0.91,"4,000",2026/09/17
1627,1627,8089,ナイス(株),東証STD,"1,999",+18,0.91,"1,700",2026/09/17
1628,1628,9519,(株)レノバ,東証PRM,889,+8,0.91,"367,500",2026/09/17
1629,1629,2058,(株)ヒガシマル,福証,"1,011",+9,0.9,100,2026/09/17
1630,1630,2175,(株)エス・エム・エス,東証PRM,"2,676",+24,0.9,"269,400",2026/09/17
1631,1631,2266,六甲バター(株),東証PRM,"1,117",+10,0.9,"55,300",2026/09/17
1632,1632,4205,日本ゼオン(株),東証PRM,"2,409.5",+21.5,0.9,"784,300",2026/09/17
1633,1633,4241,(株)アテクト,東証STD,669,+6,0.9,"11,100",2026/09/17
1634,1634,4685,(株)菱友システムズ,東証STD,"2,701",+24,0.9,"24,400",2026/09/17
1635,1635,5621,(株)ヒューマンテクノロジーズ,東証GRT,"1,564",+14,0.9,"20,800",2026/09/17
1636,1636,563A,GX NASDAQ100・デイリー・カバード・コール,東証ETF,"1,009",+9,0.9,"483,018",2026/09/17
1637,1637,6841,横河電機(株),東証PRM,"4,684",+42,0.9,"664,100",2026/09/17
1638,1638,7508,(株)Ｇ－７ホールディングス,東証PRM,"1,459",+13,0.9,"68,200",2026/09/17
1639,1639,7818,(株)トランザクション,東証PRM,"1,232",+11,0.9,"133,500",2026/09/17
1640,1640,8005,(株)スクロール,東証PRM,"1,785",+16,0.9,"142,100",2026/09/17
1641,1641,8416,(株)高知銀行,東証STD,"1,122",+10,0.9,"22,400",2026/09/17
1642,1642,8616,東海東京フィナンシャル・ホールディングス(株),東証PRM,895,+8,0.9,"583,800",2026/09/17
1643,1643,9045,京阪ホールディングス(株),東証PRM,"3,264",+29,0.9,"285,000",2026/09/17
1644,1644,1592,上場インデックス JPX日経インデックス400,東証ETF,"3,390",+30,0.89,"65,183",2026/09/17
1645,1645,2515,(NEXT FUNDS)外国REIT･S&P先進国REIT(除く日本・H無),東証ETF,"1,584",+14,0.89,"71,141",2026/09/17
1646,1646,3489,(株)フェイスネットワーク,東証STD,793,+7,0.89,"13,200",2026/09/17
1647,1647,3608,(株)ＴＳＩホールディングス,東証PRM,"1,251",+11,0.89,"169,200",2026/09/17
1648,1648,3988,(株)ＳＹＳホールディングス,東証STD,565,+5,0.89,"1,600",2026/09/17
1649,1649,4477,ＢＡＳＥ(株),東証GRT,339,+3,0.89,"1,455,400",2026/09/17
1650,1650,464A,(株)ＱＰＳホールディングス,東証GRT,"1,691",+15,0.89,"970,600",2026/09/17
1651,1651,6570,(株)共和コーポレーション,東証STD,"3,415",+30,0.89,"19,600",2026/09/17
1652,1652,7031,(株)インバウンドテック,東証GRT,681,+6,0.89,200,2026/09/17
1653,1653,7746,岡本硝子(株),東証STD,793,+7,0.89,"221,300",2026/09/17
1654,1654,7779,ＣＹＢＥＲＤＹＮＥ(株),東証GRT,227,+2,0.89,"708,400",2026/09/17
1655,1655,8892,(株)エスコン,東証PRM,"1,129",+10,0.89,"147,600",2026/09/17
1656,1656,9831,(株)ヤマダホールディングス,東証PRM,724.8,+6.4,0.89,"3,768,900",2026/09/17
1657,1657,9889,ＪＢＣＣホールディングス(株),東証PRM,"1,709",+15,0.89,"131,600",2026/09/17
1658,1658,1364,ｉシェアーズ JPX日経400 ETF,東証ETF,"3,764",+33,0.88,"1,877",2026/09/17
1659,1659,1768,(株)ソネック,東証STD,"1,035",+9,0.88,"3,300",2026/09/17
1660,1660,2206,江崎グリコ(株),東証PRM,"5,062",+44,0.88,"164,900",2026/09/17
1661,1661,2726,(株)パルグループホールディングス,東証PRM,"1,492",+13,0.88,"670,000",2026/09/17
1662,1662,2810,ハウス食品グループ本社(株),東証PRM,"4,022",+35,0.88,"292,100",2026/09/17
1663,1663,2865,GX NASDAQ100・カバード・コール,東証ETF,"1,254",+11,0.88,"125,099",2026/09/17
1664,1664,3031,(株)ラクーンホールディングス,東証PRM,690,+6,0.88,"80,100",2026/09/17
1665,1665,3611,(株)マツオカコーポレーション,東証STD,"2,396",+21,0.88,"20,400",2026/09/17
1666,1666,4346,(株)ＮＥＸＹＺ．Ｇｒｏｕｐ,東証STD,"1,030",+9,0.88,"72,000",2026/09/17
1667,1667,4409,東邦化学工業(株),東証STD,805,+7,0.88,"5,200",2026/09/17
1668,1668,4761,(株)さくらケーシーエス,東証STD,"1,492",+13,0.88,"16,200",2026/09/17
1669,1669,5445,東京鐵鋼(株),東証PRM,"2,073",+18,0.88,"91,700",2026/09/17
1670,1670,5936,東洋シヤッター(株),東証STD,914,+8,0.88,"5,000",2026/09/17
1671,1671,6363,(株)酉島製作所,東証PRM,"2,879",+25,0.88,"112,600",2026/09/17
1672,1672,6376,日機装(株),東証PRM,"3,430",+30,0.88,"259,600",2026/09/17
1673,1673,6718,アイホン(株),東証PRM,"2,875",+25,0.88,"17,000",2026/09/17
1674,1674,7687,(株)ミクリード,東証GRT,461,+4,0.88,"2,200",2026/09/17
1675,1675,9869,加藤産業(株),東証PRM,"6,870",+60,0.88,"38,700",2026/09/17
1676,1676,1898,世紀東急工業(株),東証PRM,"1,502",+13,0.87,"91,000",2026/09/17
1677,1677,3457,(株)Ａｎｄ　Ｄｏホールディングス,東証PRM,926,+8,0.87,"69,900",2026/09/17
1678,1678,3695,ＧＭＯプロダクトプラットフォーム(株),東証GRT,"1,627",+14,0.87,"9,100",2026/09/17
1679,1679,4008,住友精化(株),東証PRM,"1,507",+13,0.87,"143,200",2026/09/17
1680,1680,4527,ロート製薬(株),東証PRM,"2,849.5",+24.5,0.87,"920,600",2026/09/17
1681,1681,5844,(株)京都フィナンシャルグループ,東証PRM,"4,882",+42,0.87,"587,200",2026/09/17
1682,1682,630A,ニッセイ ETF TOPIX(年4回決算型),東証ETF,"1,501",+13,0.87,"2,564",2026/09/17
1683,1683,8928,穴吹興産(株),東証STD,"2,318",+20,0.87,"2,900",2026/09/17
1684,1684,9001,東武鉄道(株),東証PRM,"3,003",+26,0.87,"605,300",2026/09/17
1685,1685,1475,iシェアーズ・コア TOPIX ETF,東証ETF,420.4,+3.6,0.86,"1,193,710",2026/09/17
1686,1686,2915,ケンコーマヨネーズ(株),東証PRM,"2,102",+18,0.86,"15,700",2026/09/17
1687,1687,2922,(株)なとり,東証PRM,"2,004",+17,0.86,"11,600",2026/09/17
1688,1688,3553,共和レザー(株),東証STD,939,+8,0.86,"29,700",2026/09/17
1689,1689,4428,(株)シノプス,東証GRT,706,+6,0.86,300,2026/09/17
1690,1690,4687,ＴＤＣソフト(株),東証PRM,"1,054",+9,0.86,"65,800",2026/09/17
1691,1691,6072,地盤ネットホールディングス(株),東証STD,"1,058",+9,0.86,"349,200",2026/09/17
1692,1692,7182,(株)ゆうちょ銀行,東証PRM,"3,286",+28,0.86,"3,911,000",2026/09/17
1693,1693,7539,(株)アイナボホールディングス,東証STD,820,+7,0.86,"24,900",2026/09/17
1694,1694,7821,前田工繊(株),東証PRM,"1,997",+17,0.86,"97,100",2026/09/17
1695,1695,7827,(株)オービス,東証STD,"1,761",+15,0.86,"5,800",2026/09/17
1696,1696,8041,ＯＵＧホールディングス(株),東証STD,"4,680",+40,0.86,"1,800",2026/09/17
1697,1697,9324,安田倉庫(株),東証PRM,"2,705",+23,0.86,"49,000",2026/09/17
1698,1698,9760,(株)進学会ホールディングス,東証STD,117,+1,0.86,"39,600",2026/09/17
1699,1699,2039,NEXT NOTES ドバイ原油先物 ベア ETN,東証ETF,474,+4,0.85,"495,723",2026/09/17
1700,1700,2120,(株)ＬＩＦＵＬＬ,東証PRM,237,+2,0.85,"775,100",2026/09/17
1701,1701,2607,不二製油(株),東証PRM,"4,535",+38,0.85,"166,600",2026/09/17
1702,1702,2866,GX 米国優先証券,東証ETF,945,+8,0.85,"18,821",2026/09/17
1703,1703,3388,明治電機工業(株),東証PRM,"2,139",+18,0.85,"18,300",2026/09/17
1704,1704,548A,(株)システムエグゼ,東証STD,953,+8,0.85,"16,300",2026/09/17
1705,1705,6231,木村工機(株),東証STD,"11,850",+100,0.85,"10,900",2026/09/17
1706,1706,7458,(株)第一興商,東証PRM,"1,899.5",+16,0.85,"542,000",2026/09/17
1707,1707,7793,(株)イメージ・マジック,東証GRT,"1,541",+13,0.85,"4,100",2026/09/17
1708,1708,9007,小田急電鉄(株),東証PRM,"1,849",+15.5,0.85,"1,044,500",2026/09/17
1709,1709,9812,(株)テーオーホールディングス,東証STD,237,+2,0.85,"1,200",2026/09/17
1710,1710,9882,(株)イエローハット,東証PRM,"1,772",+15,0.85,"153,400",2026/09/17
1711,1711,1305,iFreeETF TOPIX(年1回決算型),東証ETF,"4,312",+36,0.84,"54,700",2026/09/17
1712,1712,1493,One ETF JPX日経中小型,東証ETF,"25,765",+215,0.84,40,2026/09/17
1713,1713,2081,政策保有解消推進ETF,東証ETF,"2,156",+18,0.84,804,2026/09/17
1714,1714,2254,GX チャイナEV&バッテリー,東証ETF,964,+8,0.84,"27,054",2026/09/17
1715,1715,2795,日本プリメックス(株),東証STD,964,+8,0.84,"2,400",2026/09/17
1716,1716,2814,佐藤食品工業(株),東証STD,"1,931",+16,0.84,"3,100",2026/09/17
1717,1717,3691,(株)デジタルプラス,東証GRT,"1,914",+16,0.84,"18,600",2026/09/17
1718,1718,3925,(株)ダブルスタンダード,東証PRM,"1,316",+11,0.84,"17,800",2026/09/17
1719,1719,4251,恵和(株),東証PRM,"1,200",+10,0.84,"139,500",2026/09/17
1720,1720,4483,(株)ＪＭＤＣ,東証PRM,"3,585",+30,0.84,"139,900",2026/09/17
1721,1721,6070,キャリアリンク(株),東証PRM,"2,526",+21,0.84,"34,500",2026/09/17
1722,1722,6258,平田機工(株),東証PRM,"3,585",+30,0.84,"199,800",2026/09/17
1723,1723,6459,だいわ(株),東証PRM,"1,672",+14,0.84,"106,900",2026/09/17
1724,1724,7180,(株)九州フィナンシャルグループ,東証PRM,"1,625",+13.5,0.84,"1,220,500",2026/09/17
1725,1725,7606,(株)ユナイテッドアローズ,東証PRM,"2,414",+20,0.84,"114,500",2026/09/17
1726,1726,8336,(株)武蔵野銀行,東証PRM,"2,870",+24,0.84,"247,800",2026/09/17
1727,1727,9303,(株)住友倉庫,東証PRM,"4,215",+35,0.84,"67,000",2026/09/17
1728,1728,1306,(NEXT FUNDS)TOPIX連動型上場投信,東証ETF,427.4,+3.5,0.83,"12,062,040",2026/09/17
1729,1729,1397,SMDAM 日経225上場投信,東証ETF,"64,690",+530,0.83,"4,298",2026/09/17
1730,1730,1593,MAXIS JPX日経インデックス400上場投信,東証ETF,"37,730",+310,0.83,"9,847",2026/09/17
1731,1731,2518,(NEXT FUNDS) MSCI日本株女性活躍(セレクト)上場投信,東証ETF,"2,439",+20,0.83,551,2026/09/17
1732,1732,2854,GX テック・トップ20-日本株式,東証ETF,"2,675",+22,0.83,"13,801",2026/09/17
1733,1733,3150,(株)グリムス,東証PRM,"2,440",+20,0.83,"34,500",2026/09/17
1734,1734,3539,(株)ＪＭホールディングス,東証PRM,"1,450",+12,0.83,"105,700",2026/09/17
1735,1735,3864,三菱製紙(株),東証PRM,"1,220",+10,0.83,"120,500",2026/09/17
1736,1736,4094,日本化学産業(株),東証STD,"2,304",+19,0.83,"11,400",2026/09/17
1737,1737,5269,日本コンクリート工業(株),東証PRM,365,+3,0.83,"101,900",2026/09/17
1738,1738,5902,ホッカンホールディングス(株),東証PRM,"2,780",+23,0.83,"15,600",2026/09/17
1739,1739,7061,日本ホスピスホールディングス(株),東証GRT,488,+4,0.83,"28,200",2026/09/17
1740,1740,7128,ユニソルホールディングス(株),東証PRM,"2,904",+24,0.83,"62,200",2026/09/17
1741,1741,7675,セントラルフォレストグループ(株),名証MN,"2,786",+23,0.83,200,2026/09/17
1742,1742,8200,(株)リンガーハット,東証PRM,"2,306",+19,0.83,"43,400",2026/09/17
1743,1743,8793,ＮＥＣキャピタルソリューション(株),東証PRM,"4,275",+35,0.83,"18,800",2026/09/17
1744,1744,8985,ジャパン・ホテル・リート投資法人,東証,"84,700",+700,0.83,"12,658",2026/09/17
1745,1745,9509,北海道電力(株),東証PRM,"1,156",+9.5,0.83,"1,674,200",2026/09/17
1746,1746,9554,(株)ＡＶｉＣ,東証GRT,"1,694",+14,0.83,"10,400",2026/09/17
1747,1747,9628,燦ホールディングス(株),東証PRM,"1,338",+11,0.83,"64,000",2026/09/17
1748,1748,2664,(株)カワチ薬品,東証PRM,"3,710",+30,0.82,"38,600",2026/09/17
1749,1749,3981,(株)ビーグリー,東証STD,"1,225",+10,0.82,"1,700",2026/09/17
1750,1750,4694,(株)ビー・エム・エル,東証PRM,"3,705",+30,0.82,"51,300",2026/09/17
1751,1751,5035,ＨＯＵＳＥＩ(株),東証GRT,371,+3,0.82,"8,400",2026/09/17
1752,1752,6777,ｓａｎｔｅｃ　Ｈｏｌｄｉｎｇｓ(株),東証STD,"19,720",+160,0.82,"90,700",2026/09/17
1753,1753,7989,立川ブラインド工業(株),東証PRM,"2,713",+22,0.82,"24,500",2026/09/17
1754,1754,8173,(株)Ｊｏｓｈｉｎ,東証PRM,"4,280",+35,0.82,"175,300",2026/09/17
1755,1755,1308,上場インデックスファンドTOPIX,東証ETF,"4,214",+34,0.81,"271,722",2026/09/17
1756,1756,1358,上場インデックス日経レバレッジ指数,東証ETF,"123,800","+1,000",0.81,"4,880",2026/09/17
1757,1757,180A,GX 超長期米国債,東証ETF,272.6,+2.2,0.81,"396,180",2026/09/17
1758,1758,2082,投資家経営者一心同体ETF,東証ETF,"1,244",+10,0.81,32,2026/09/17
1759,1759,2294,(株)柿安本店,東証PRM,"2,504",+20,0.81,"14,800",2026/09/17
1760,1760,2359,(株)コア,東証PRM,"2,122",+17,0.81,"12,000",2026/09/17
1761,1761,3050,ＤＣＭホールディングス(株),東証PRM,"1,621",+13,0.81,"146,800",2026/09/17
1762,1762,3440,日創グループ(株),東証STD,872,+7,0.81,"31,000",2026/09/17
1763,1763,416A,富士ユナイトホールディングス(株),東証STD,"1,365",+11,0.81,"17,900",2026/09/17
1764,1764,4216,旭有機材(株),東証PRM,"6,190",+50,0.81,"35,100",2026/09/17
1765,1765,4433,(株)ヒト・コミュニケーションズ・ホールディングス,東証PRM,875,+7,0.81,"29,500",2026/09/17
1766,1766,4628,エスケー化研(株),東証STD,"10,000",+80,0.81,"9,700",2026/09/17
1767,1767,5757,(株)ＣＫサンエツ,東証PRM,"4,960",+40,0.81,"8,100",2026/09/17
1768,1768,6769,ザインエレクトロニクス(株),東証STD,"1,127",+9,0.81,"23,700",2026/09/17
1769,1769,7077,(株)ＡＬｉＮＫインターネット,東証GRT,995,+8,0.81,900,2026/09/17
1770,1770,7981,タカラスタンダード(株),東証PRM,"3,110",+25,0.81,"98,700",2026/09/17
1771,1771,8013,(株)ナイガイ,東証STD,372,+3,0.81,800,2026/09/17
1772,1772,9672,東京都競馬(株),東証PRM,"4,955",+40,0.81,"51,700",2026/09/17
1773,1773,2597,(株)ユニカフェ,東証STD,"1,260",+10,0.8,"2,700",2026/09/17
1774,1774,2804,ブルドックソース(株),東証PRM,"1,890",+15,0.8,"19,100",2026/09/17
1775,1775,3712,(株)情報企画,東証STD,"1,002",+8,0.8,"1,800",2026/09/17
1776,1776,3877,中越パルプ工業(株),東証PRM,"2,264",+18,0.8,"44,600",2026/09/17
1777,1777,6535,(株)アイモバイル,東証PRM,504,+4,0.8,"175,600",2026/09/17
1778,1778,6772,東京コスモス電機(株),東証STD,"1,008",+8,0.8,"1,300",2026/09/17
1779,1779,7353,ＫＩＹＯラーニング(株),東証GRT,506,+4,0.8,"5,700",2026/09/17
1780,1780,7917,ＺＡＣＲＯＳ(株),東証PRM,"1,256",+10,0.8,"86,100",2026/09/17
1781,1781,9085,北海道中央バス(株),札証,"5,060",+40,0.8,300,2026/09/17
1782,1782,9273,コーア商事ホールディングス(株),東証PRM,752,+6,0.8,"73,700",2026/09/17
1783,1783,9360,鈴与シンワート(株),東証STD,"2,780",+22,0.8,400,2026/09/17
1784,1784,9468,(株)ＫＡＤＯＫＡＷＡ,東証PRM,"3,665",+29,0.8,"216,200",2026/09/17
1785,1785,9664,(株)御園座,名証MN,"1,503",+12,0.8,"1,400",2026/09/17
1786,1786,9990,(株)サックスバー　ホールディングス,東証PRM,759,+6,0.8,"25,800",2026/09/17
1787,1787,1541,純プラチナ上場信託(現物国内保管型),東証ETF,"8,083",+63,0.79,"34,092",2026/09/17
1788,1788,2753,(株)あみやき亭,東証PRM,"1,405",+11,0.79,"22,700",2026/09/17
1789,1789,2875,東洋水産(株),東証PRM,"9,973",+78,0.79,"507,900",2026/09/17
1790,1790,3183,ウイン・パートナーズ(株),東証PRM,"1,273",+10,0.79,"12,800",2026/09/17
1791,1791,3479,(株)ＴＫＰ,東証GRT,"1,916",+15,0.79,"61,800",2026/09/17
1792,1792,3547,(株)ユニシアホールディングス,東証STD,"1,915",+15,0.79,"23,400",2026/09/17
1793,1793,4043,(株)トクヤマ,東証PRM,"4,199",+33,0.79,"412,300",2026/09/17
1794,1794,4272,日本化薬(株),東証PRM,"2,115",+16.5,0.79,"450,000",2026/09/17
1795,1795,4668,(株)明光ネットワークジャパン,東証PRM,763,+6,0.79,"62,700",2026/09/17
1796,1796,5302,日本カーボン(株),東証PRM,"5,090",+40,0.79,"27,300",2026/09/17
1797,1797,589A,ネイス(株),東証GRT,"1,397",+11,0.79,"41,600",2026/09/17
1798,1798,6103,オークマ(株),東証PRM,"4,480",+35,0.79,"330,500",2026/09/17
1799,1799,6548,(株)旅工房,東証GRT,127,+1,0.79,"24,400",2026/09/17
1800,1800,7085,(株)カーブスホールディングス,東証PRM,888,+7,0.79,"290,800",2026/09/17
1801,1801,9075,福山通運(株),東証PRM,"6,390",+50,0.79,"80,300",2026/09/17
1802,1802,9436,沖縄セルラー電話(株),東証STD,"4,450",+35,0.79,"151,500",2026/09/17
1803,1803,1656,iシェアーズ･コア 米国債7-10年 ETF,東証ETF,298.8,+2.3,0.78,"385,860",2026/09/17
1804,1804,2193,クックパッド(株),東証STD,130,+1,0.78,"171,900",2026/09/17
1805,1805,2674,(株)ハードオフコーポレーション,東証PRM,"2,595",+20,0.78,"52,200",2026/09/17
1806,1806,2780,(株)コメ兵ホールディングス,東証STD,"4,520",+35,0.78,"56,500",2026/09/17
1807,1807,2864,GX ロジスティクス・REIT,東証ETF,"1,286",+10,0.78,41,2026/09/17
1808,1808,4026,神島化学工業(株),東証STD,"1,558",+12,0.78,"27,900",2026/09/17
1809,1809,4208,ＵＢＥ(株),東証PRM,"3,506",+27,0.78,"604,200",2026/09/17
1810,1810,4362,日本精化(株),東証PRM,"2,717",+21,0.78,"17,600",2026/09/17
1811,1811,468A,GX 米ドル建て投資適格社債,東証ETF,272.6,+2.1,0.78,240,2026/09/17
1812,1812,5386,(株)鶴弥,名証MN,389,+3,0.78,"1,700",2026/09/17
1813,1813,6925,ウシオ電機(株),東証PRM,"3,616",+28,0.78,"473,000",2026/09/17
1814,1814,7044,(株)ピアラ,東証STD,520,+4,0.78,"9,600",2026/09/17
1815,1815,8012,長瀬産業(株),東証PRM,"1,164",+9,0.78,"549,400",2026/09/17
1816,1816,8130,(株)サンゲツ,東証PRM,"3,230",+25,0.78,"103,500",2026/09/17
1817,1817,8334,(株)群馬銀行,東証PRM,"2,920",+22.5,0.78,"927,700",2026/09/17
1818,1818,1375,ユキグニファクトリー(株),東証PRM,"1,178",+9,0.77,"25,800",2026/09/17
1819,1819,2083,(NEXT FUNDS) 日本成長株アクティブ,東証ETF,"3,925",+30,0.77,"6,382",2026/09/17
1820,1820,2212,山崎製パン(株),東証PRM,"3,775",+29,0.77,"513,900",2026/09/17
1821,1821,2813,和弘食品(株),東証STD,"3,930",+30,0.77,800,2026/09/17
1822,1822,2918,わらべや日洋ホールディングス(株),東証PRM,"2,766",+21,0.77,"41,200",2026/09/17
1823,1823,3154,メディアスホールディングス(株),東証PRM,786,+6,0.77,"13,100",2026/09/17
1824,1824,4041,日本曹達(株),東証PRM,"3,910",+30,0.77,"77,100",2026/09/17
1825,1825,4168,(株)ヤプリ,東証GRT,789,+6,0.77,"39,100",2026/09/17
1826,1826,4767,(株)テー・オー・ダブリュー,東証STD,392,+3,0.77,"105,500",2026/09/17
1827,1827,498A,防衛・航空宇宙 欧州株(ネットリターン)ETN,東証ETF,"8,812",+67,0.77,183,2026/09/17
1828,1828,5984,兼房(株),東証STD,784,+6,0.77,"2,100",2026/09/17
1829,1829,605A,(NEXT FUNDS) 日本株政策フォーカス上場投信,東証ETF,196,+1.5,0.77,"17,490",2026/09/17
1830,1830,6246,(株)テクノスマート,東証STD,"1,835",+14,0.77,"6,100",2026/09/17
1831,1831,6546,フルテック(株),東証STD,"1,181",+9,0.77,"1,700",2026/09/17
1832,1832,6874,協立電機(株),東証STD,"2,357",+18,0.77,"1,900",2026/09/17
1833,1833,7186,(株)横浜フィナンシャルグループ,東証PRM,"1,898",+14.5,0.77,"3,528,700",2026/09/17
1834,1834,7199,プレミアグループ(株),東証PRM,"2,092",+16,0.77,"126,000",2026/09/17
1835,1835,7376,ＢＣＣ(株),東証GRT,782,+6,0.77,"9,600",2026/09/17
1836,1836,7538,(株)大水,東証STD,392,+3,0.77,"2,200",2026/09/17
1837,1837,7628,(株)オーハシテクニカ,東証PRM,"1,178",+9,0.77,"63,600",2026/09/17
1838,1838,7840,フランスベッドホールディングス(株),東証PRM,"1,313",+10,0.77,"32,200",2026/09/17
1839,1839,8368,(株)百五銀行,東証PRM,"2,484",+19,0.77,"785,600",2026/09/17
1840,1840,9057,遠州トラック(株),東証STD,"3,270",+25,0.77,900,2026/09/17
1841,1841,9302,三井倉庫ホールディングス(株),東証PRM,"3,423",+26,0.77,"145,300",2026/09/17
1842,1842,1474,One ETF JPX日経400,東証ETF,"37,120",+280,0.76,4,2026/09/17
1843,1843,2519,(NEXT FUNDS)新興国債券･J.P.M･EM･プラス(H無),東証ETF,"1,131",+8.5,0.76,"1,390",2026/09/17
1844,1844,2568,上場インデックスファンド米国株式(NASDAQ100)H無,東証ETF,"7,773",+59,0.76,"2,387",2026/09/17
1845,1845,2836,GX フィンテック-日本株式,東証ETF,"3,310",+25,0.76,20,2026/09/17
1846,1846,3501,ＳＵＭＩＮＯＥ(株),東証PRM,"1,189",+9,0.76,"19,700",2026/09/17
1847,1847,3863,日本製紙(株),東証PRM,"1,334",+10,0.76,"455,500",2026/09/17
1848,1848,4539,日本ケミファ(株),東証STD,"1,581",+12,0.76,"3,200",2026/09/17
1849,1849,6218,エンシュウ(株),東証STD,660,+5,0.76,"1,300",2026/09/17
1850,1850,7593,ＶＴホールディングス(株),東証PRM,527,+4,0.76,"307,700",2026/09/17
1851,1851,8101,(株)ＧＳＩクレオス,東証PRM,"2,643",+20,0.76,"29,700",2026/09/17
1852,1852,8282,(株)ケーズホールディングス,東証PRM,"1,912",+14.5,0.76,"817,600",2026/09/17
1853,1853,8309,三井住友トラストグループ(株),東証PRM,"1,789.5",+13.5,0.76,"6,214,100",2026/09/17
1854,1854,8979,スターツプロシード投資法人,東証,"186,000","+1,400",0.76,262,2026/09/17
1855,1855,9474,(株)ゼンリン,東証PRM,927,+7,0.76,"112,100",2026/09/17
1856,1856,9536,西部ガスホールディングス(株),東証PRM,"2,658",+20,0.76,"149,700",2026/09/17
1857,1857,1365,iFreeETF 日経平均レバレッジ・インデックス,東証ETF,"4,010",+30,0.75,"205,814",2026/09/17
1858,1858,2257,iシェアーズ 米ドル建て投資適格社債,東証ETF,215.6,+1.6,0.75,"34,660",2026/09/17
1859,1859,244A,グロースエクスパートナーズ(株),東証GRT,"1,209",+9,0.75,"2,900",2026/09/17
1860,1860,2557,SMDAM トピックス上場投信,東証ETF,"4,143",+31,0.75,"1,660",2026/09/17
1861,1861,2882,(株)イートアンドホールディングス,東証PRM,"2,017",+15,0.75,"15,200",2026/09/17
1862,1862,3148,(株)クリエイトＳＤホールディングス,東証PRM,"3,350",+25,0.75,"56,100",2026/09/17
1863,1863,461A,MAXIS 日本株高配当SMART50,東証ETF,"2,689",+20,0.75,"2,577",2026/09/17
1864,1864,5946,(株)長府製作所,東証PRM,"2,008",+15,0.75,"35,600",2026/09/17
1865,1865,5965,(株)フジマック,東証STD,"1,208",+9,0.75,"14,900",2026/09/17
1866,1866,7189,(株)西日本フィナンシャルホールディングス,東証PRM,"4,981",+37,0.75,"483,900",2026/09/17
1867,1867,8198,マックスバリュ東海(株),東証STD,"3,365",+25,0.75,"12,600",2026/09/17
1868,1868,8337,(株)千葉興業銀行,東証PRM,"2,703",+20,0.75,"117,400",2026/09/17
1869,1869,9028,(株)ゼロ,東証STD,"3,345",+25,0.75,"22,000",2026/09/17
1870,1870,1495,上場インデックスファンドアジアリート,東証ETF,"10,890",+80,0.74,47,2026/09/17
1871,1871,159A,(NEXT FUNDS) JPXプライム150指数連動型上場投信,東証ETF,733.9,+5.4,0.74,"3,020",2026/09/17
1872,1872,188A,GX インド・トップ10+,東証ETF,818,+6,0.74,"1,526",2026/09/17
1873,1873,280A,(株)ＴＭＨ,東証GRT,"1,096",+8,0.74,"14,900",2026/09/17
1874,1874,3371,(株)ソフトクリエイトホールディングス,東証PRM,"2,176",+16,0.74,"36,000",2026/09/17
1875,1875,349A,SMDAM Active ETF 日本グロース株,東証ETF,816.4,+6,0.74,"1,220",2026/09/17
1876,1876,3940,(株)ノムラシステムコーポレーション,東証STD,136,+1,0.74,"230,700",2026/09/17
1877,1877,3941,レンゴー(株),東証PRM,"1,555.5",+11.5,0.74,"897,000",2026/09/17
1878,1878,5282,ジオスター(株),東証STD,410,+3,0.74,"35,700",2026/09/17
1879,1879,6230,ＳＡＮＥＩ(株),東証STD,"2,179",+16,0.74,500,2026/09/17
1880,1880,6255,(株)エヌ・ピー・シー,東証GRT,684,+5,0.74,"146,000",2026/09/17
1881,1881,7226,極東開発工業(株),東証PRM,"2,327",+17,0.74,"145,700",2026/09/17
1882,1882,7610,(株)テイツー,東証STD,136,+1,0.74,"457,000",2026/09/17
1883,1883,8341,(株)七十七銀行,東証PRM,"4,062",+30,0.74,"748,800",2026/09/17
1884,1884,8869,明和地所(株),東証STD,818,+6,0.74,"42,400",2026/09/17
1885,1885,9227,マイクロ波化学(株),東証GRT,817,+6,0.74,"114,900",2026/09/17
1886,1886,9731,(株)白洋舍,東証STD,"3,400",+25,0.74,"4,800",2026/09/17
1887,1887,2489,(株)アドウェイズ,東証STD,413,+3,0.73,"174,300",2026/09/17
1888,1888,2522,iシェアーズ オートメーション&ロボット ETF,東証ETF,"8,432",+61,0.73,"1,773",2026/09/17
1889,1889,2526,NZAM 上場投信 JPX日経400,東証ETF,"37,250",+270,0.73,"7,326",2026/09/17
1890,1890,2840,iFreeETF NASDAQ100(H無),東証ETF,"2,616",+19,0.73,"39,434",2026/09/17
1891,1891,5079,(株)ノバック,東証STD,"2,605",+19,0.73,"5,400",2026/09/17
1892,1892,6073,(株)アサンテ,東証PRM,"1,523",+11,0.73,"28,000",2026/09/17
1893,1893,6678,(株)テクノメディカ,東証STD,"2,078",+15,0.73,"9,700",2026/09/17
1894,1894,7030,(株)スプリックス,東証STD,965,+7,0.73,"16,000",2026/09/17
1895,1895,7062,(株)フレアス,東証GRT,687,+5,0.73,"2,000",2026/09/17
1896,1896,7433,伯東(株),東証PRM,"5,540",+40,0.73,"60,800",2026/09/17
1897,1897,7823,(株)アートネイチャー,東証STD,827,+6,0.73,"75,200",2026/09/17
1898,1898,8591,オリックス(株),東証PRM,"6,215",+45,0.73,"2,443,000",2026/09/17
1899,1899,9322,川西倉庫(株),東証STD,"2,494",+18,0.73,"11,500",2026/09/17
1900,1900,9619,(株)イチネンホールディングス,東証PRM,"2,747",+20,0.73,"23,100",2026/09/17
1901,1901,2156,セーラー広告(株),東証STD,281,+2,0.72,"2,200",2026/09/17
1902,1902,3355,クリヤマホールディングス(株),東証STD,"1,808",+13,0.72,"19,100",2026/09/17
1903,1903,3798,ＵＬＳグループ(株),東証STD,560,+4,0.72,"221,200",2026/09/17
1904,1904,399A,上場インデックスファンド日経平均高配当株50,東証ETF,"2,390",+17,0.72,"11,340",2026/09/17
1905,1905,4229,群栄化学工業(株),東証PRM,"4,215",+30,0.72,"7,900",2026/09/17
1906,1906,4587,ペプチドリーム(株),東証PRM,"1,049",+7.5,0.72,"629,000",2026/09/17
1907,1907,5304,ＳＥＣカーボン(株),東証STD,"2,510",+18,0.72,"10,200",2026/09/17
1908,1908,6554,(株)エスユーエス,東証GRT,"1,125",+8,0.72,"9,000",2026/09/17
1909,1909,7296,(株)エフ・シー・シー,東証PRM,"4,210",+30,0.72,"106,500",2026/09/17
1910,1910,8008,４℃ホールディングス,東証PRM,"2,107",+15,0.72,"56,100",2026/09/17
1911,1911,8624,いちよし証券(株),東証PRM,"1,684",+12,0.72,"144,200",2026/09/17
1912,1912,2041,NEXT NOTES NYダウ･ベア･ドルヘッジ ETN,東証ETF,"1,990",+14,0.71,"3,327",2026/09/17
1913,1913,2250,iシェアーズ MSCI ジャパン気候変動アクション ETF,東証ETF,370.2,+2.6,0.71,190,2026/09/17
1914,1914,2256,iシェアーズ 米国総合債券,東証ETF,214.1,+1.5,0.71,"69,440",2026/09/17
1915,1915,3011,(株)バナーズ,東証STD,142,+1,0.71,"8,100",2026/09/17
1916,1916,3191,(株)ジョイフル本田,東証PRM,"2,281",+16,0.71,"81,900",2026/09/17
1917,1917,4076,(株)シイエヌエス,東証GRT,"1,987",+14,0.71,500,2026/09/17
1918,1918,410A,ＧＭＯコマース(株),東証GRT,"1,134",+8,0.71,"2,100",2026/09/17
1919,1919,4265,Ｉｎｓｔｉｔｕｔｉｏｎ　ｆｏｒ　ａ　Ｇｌｏｂａｌ　Ｓｏｃｉｅ(株),東証GRT,283,+2,0.71,"26,500",2026/09/17
1920,1920,603A,(株)アイ・グリッド・ソリューションズ,東証GRT,856,+6,0.71,"684,400",2026/09/17
1921,1921,6284,日精エー・エス・ビー機械(株),東証PRM,"8,530",+60,0.71,"14,200",2026/09/17
1922,1922,6770,アルプスアルパイン(株),東証PRM,"2,259.5",+16,0.71,"1,267,700",2026/09/17
1923,1923,7480,スズデン(株),東証STD,"3,525",+25,0.71,"41,200",2026/09/17
1924,1924,8046,丸藤シートパイル(株),東証STD,987,+7,0.71,"12,100",2026/09/17
1925,1925,8058,三菱商事(株),東証PRM,"4,979",+35,0.71,"6,045,700",2026/09/17
1926,1926,9037,(株)ハマキョウレックス,東証PRM,"1,848",+13,0.71,"66,200",2026/09/17
1927,1927,9163,(株)ナレルグループ,東証GRT,"2,396",+17,0.71,"15,400",2026/09/17
1928,1928,9726,ＫＮＴ－ＣＴホールディングス(株),東証STD,"1,975",+14,0.71,"22,500",2026/09/17
1929,1929,1458,楽天 ETF-日経レバレッジ指数連動型,東証ETF,"77,540",+540,0.7,"92,758",2026/09/17
1930,1930,1579,日経平均ブル2倍上場投信,東証ETF,701.5,+4.9,0.7,"10,779,100",2026/09/17
1931,1931,1619,(NEXT FUNDS)建設･資材上場投信,東証ETF,"44,830",+310,0.7,"1,303",2026/09/17
1932,1932,1622,(NEXT FUNDS)自動車･輸送機上場投信,東証ETF,"34,510",+240,0.7,338,2026/09/17
1933,1933,182A,MAXIS 米国国債20年超上場投信(H無),東証ETF,472.1,+3.3,0.7,"11,790",2026/09/17
1934,1934,2751,(株)テンポスホールディングス,東証STD,"3,605",+25,0.7,"10,800",2026/09/17
1935,1935,3028,(株)アルペン,東証PRM,"2,317",+16,0.7,"57,300",2026/09/17
1936,1936,4021,日産化学(株),東証PRM,"8,197",+57,0.7,"427,500",2026/09/17
1937,1937,5451,(株)ヨドコウ,東証PRM,"1,435",+10,0.7,"225,900",2026/09/17
1938,1938,5471,大同特殊鋼(株),東証PRM,"2,432",+17,0.7,"636,600",2026/09/17
1939,1939,5991,ニッパツ,東証PRM,"3,303",+23,0.7,"384,300",2026/09/17
1940,1940,6086,シンメンテホールディングス(株),東証GRT,"1,014",+7,0.7,"17,200",2026/09/17
1941,1941,6087,(株)アビスト,東証STD,"3,575",+25,0.7,"4,200",2026/09/17
1942,1942,6776,天昇電気工業(株),東証STD,286,+2,0.7,"8,400",2026/09/17
1943,1943,7095,(株)Ｍａｃｂｅｅ　Ｐｌａｎｅｔ,東証PRM,"1,159",+8,0.7,"58,900",2026/09/17
1944,1944,7337,(株)ひろぎんホールディングス,東証PRM,"2,390",+16.5,0.7,"563,700",2026/09/17
1945,1945,9031,西日本鉄道(株),東証PRM,"3,149",+22,0.7,"363,800",2026/09/17
1946,1946,1348,MAXIS トピックス上場投信,東証ETF,"4,247",+29,0.69,"71,430",2026/09/17
1947,1947,1850,南海辰村建設(株),東証STD,439,+3,0.69,"11,800",2026/09/17
1948,1948,1966,(株)高田工業所,東証STD,"1,740",+12,0.69,"1,900",2026/09/17
1949,1949,2321,(株)ソフトフロントホールディングス,東証GRT,145,+1,0.69,"194,600",2026/09/17
1950,1950,233A,iFreeETF インドNifty50,東証ETF,"1,758",+12,0.69,"3,528",2026/09/17
1951,1951,2980,ＳＲＥホールディングス(株),東証PRM,"2,330",+16,0.69,"113,300",2026/09/17
1952,1952,3241,(株)ウィル,東証STD,585,+4,0.69,"2,100",2026/09/17
1953,1953,367A,プリモグローバルホールディングス(株),東証STD,"2,759",+19,0.69,"12,400",2026/09/17
1954,1954,4429,リックソフト(株),東証GRT,734,+5,0.69,"2,500",2026/09/17
1955,1955,466A,GX 防衛テック,東証ETF,"1,022",+7,0.69,"24,484",2026/09/17
1956,1956,5612,日本鋳鉄管(株),東証STD,"1,609",+11,0.69,"11,200",2026/09/17
1957,1957,7520,(株)エコス,東証PRM,"2,615",+18,0.69,"15,300",2026/09/17
1958,1958,8066,三谷商事(株),東証STD,"3,645",+25,0.69,"21,700",2026/09/17
1959,1959,9170,成友興業(株),名証MN,"1,459",+10,0.69,900,2026/09/17
1960,1960,1570,(NEXT FUNDS)日経平均レバレッジ上場投信,東証ETF,"64,930",+440,0.68,"2,042,169",2026/09/17
1961,1961,179A,GX 超長期米国債 (H有),東証ETF,237.7,+1.6,0.68,"34,460",2026/09/17
1962,1962,2053,中部飼料(株),東証PRM,"2,078",+14,0.68,"67,700",2026/09/17
1963,1963,2681,(株)ゲオホールディングス,東証PRM,"2,356",+16,0.68,"95,100",2026/09/17
1964,1964,316A,iFreeETF FANG+,東証ETF,"2,668",+18,0.68,"146,394",2026/09/17
1965,1965,373A,(株)リップス,東証GRT,"1,471",+10,0.68,600,2026/09/17
1966,1966,4918,(株)アイビー化粧品,東証STD,296,+2,0.68,"17,000",2026/09/17
1967,1967,5858,(株)ＳＴＧ,東証GRT,"1,183",+8,0.68,"1,900",2026/09/17
1968,1968,587A,インベスコ QQQ トラスト シリーズ1,東証ETF,"110,400",+750,0.68,17,2026/09/17
1969,1969,6229,(株)オーケーエム,東証STD,"1,472",+10,0.68,"4,500",2026/09/17
1970,1970,7476,アズワン(株),東証PRM,"2,533.5",+17,0.68,"101,300",2026/09/17
1971,1971,9048,名古屋鉄道(株),東証PRM,"1,921.5",+13,0.68,"1,815,800",2026/09/17
1972,1972,9357,名港海運(株),名証MN,"2,527",+17,0.68,"4,600",2026/09/17
1973,1973,1844,(株)大盛工業,東証STD,448,+3,0.67,"62,000",2026/09/17
1974,1974,238A,iシェアーズ 米国債25年超 ロングデュレーション(H有),東証ETF,120,+0.8,0.67,"315,410",2026/09/17
1975,1975,2736,フェスタリアホールディングス(株),東証STD,602,+4,0.67,"3,100",2026/09/17
1976,1976,3675,(株)クロス・マーケティンググループ,東証STD,602,+4,0.67,"21,600",2026/09/17
1977,1977,3679,(株)じげん,東証PRM,454,+3,0.67,"201,000",2026/09/17
1978,1978,3849,日本テクノ・ラボ(株),札幌ア,605,+4,0.67,700,2026/09/17
1979,1979,4119,(株)日本ピグメントホールディングス,東証STD,"6,040",+40,0.67,"2,900",2026/09/17
1980,1980,4484,ランサーズ(株),東証GRT,300,+2,0.67,"6,900",2026/09/17
1981,1981,5976,ネツレン,東証PRM,"1,494",+10,0.67,"75,200",2026/09/17
1982,1982,9768,いであ(株),東証STD,"3,780",+25,0.67,"7,200",2026/09/17
1983,1983,9790,福井コンピュータホールディングス(株),東証PRM,"3,025",+20,0.67,"14,900",2026/09/17
1984,1984,9793,(株)ダイセキ,東証PRM,"3,770",+25,0.67,"115,100",2026/09/17
1985,1985,1545,(NEXT FUNDS)NASDAQ-100(H無)連動型上場投信,東証ETF,228.7,+1.5,0.66,"1,897,790",2026/09/17
1986,1986,2860,(NEXT FUNDS) ドイツ株式・DAX(H有),東証ETF,"3,226",+21,0.66,406,2026/09/17
1987,1987,4212,積水樹脂(株),東証PRM,"3,030",+20,0.66,"43,000",2026/09/17
1988,1988,4366,ダイトーケミックス(株),東証STD,459,+3,0.66,"88,600",2026/09/17
1989,1989,6268,ナブテスコ(株),東証PRM,"4,581",+30,0.66,"1,066,800",2026/09/17
1990,1990,6840,(株)ＡＫＩＢＡホールディングス,東証STD,768,+5,0.66,"190,600",2026/09/17
1991,1991,7516,コーナン商事(株),東証PRM,"4,605",+30,0.66,"63,900",2026/09/17
1992,1992,7522,ワタミ(株),東証PRM,914,+6,0.66,"168,800",2026/09/17
1993,1993,7702,(株)ＪＭＳ,東証STD,459,+3,0.66,"17,700",2026/09/17
1994,1994,9605,東映(株),東証PRM,"6,110",+40,0.66,"57,500",2026/09/17
1995,1995,9612,(株)ラックランド,東証PRM,"1,228",+8,0.66,"29,200",2026/09/17
1996,1996,1550,MAXIS 海外株式(MSCIコクサイ)上場投信,東証ETF,"7,906",+51,0.65,"2,616",2026/09/17
1997,1997,1678,(NEXT FUNDS)インド株式指数上場投信,東証ETF,292.7,+1.9,0.65,"382,130",2026/09/17
1998,1998,2112,塩水港精糖(株),東証STD,465,+3,0.65,"37,600",2026/09/17
1999,1999,2130,(株)メンバーズ,東証PRM,925,+6,0.65,"36,800",2026/09/17
2000,2000,2305,(株)スタジオアリス,東証STD,"1,871",+12,0.65,"19,500",2026/09/17
2001,2001,2480,システム・ロケーション(株),東証STD,"1,850",+12,0.65,"2,100",2026/09/17
2002,2002,2884,(株)ヨシムラ・フード・ホールディングス,東証PRM,623,+4,0.65,"47,200",2026/09/17
2003,2003,2907,(株)あじかん,東証STD,"1,540",+10,0.65,"2,600",2026/09/17
2004,2004,3577,東海染工(株),東証STD,928,+6,0.65,"3,000",2026/09/17
2005,2005,3744,サイオス(株),東証STD,465,+3,0.65,"6,900",2026/09/17
2006,2006,516A,iFreeETF 米ドル・ブル(1倍),東証ETF,"2,023",+13,0.65,169,2026/09/17
2007,2007,550A,(株)ソフトテックス,東証STD,"2,163",+14,0.65,"1,200",2026/09/17
2008,2008,5906,エムケー精工(株),東証STD,780,+5,0.65,"2,000",2026/09/17
2009,2009,5988,(株)パイオラックス,東証PRM,"1,713",+11,0.65,"74,300",2026/09/17
2010,2010,7058,共栄セキュリティーサービス(株),東証STD,"3,110",+20,0.65,400,2026/09/17
2011,2011,7173,(株)東京きらぼしフィナンシャルグループ,東証PRM,"1,704",+11,0.65,"1,014,900",2026/09/17
2012,2012,7726,黒田精工(株),東証STD,"1,399",+9,0.65,"11,700",2026/09/17
2013,2013,7898,(株)ウッドワン,東証STD,926,+6,0.65,"4,900",2026/09/17
2014,2014,8174,日本瓦斯(株),東証PRM,"3,115",+20,0.65,"243,400",2026/09/17
2015,2015,8230,(株)はせがわ,東証STD,308,+2,0.65,"7,800",2026/09/17
2016,2016,8963,インヴィンシブル投資法人,東証,"61,900",+400,0.65,"56,937",2026/09/17
2017,2017,9248,人・夢・技術グループ(株),東証STD,"1,692",+11,0.65,"17,200",2026/09/17
2018,2018,9364,(株)上組,東証PRM,"4,969",+32,0.65,"315,300",2026/09/17
2019,2019,9450,(株)ファイバーゲート,東証STD,775,+5,0.65,"30,600",2026/09/17
2020,2020,2211,(株)不二家,東証PRM,"2,516",+16,0.64,"22,800",2026/09/17
2021,2021,2819,エバラ食品工業(株),東証STD,"2,512",+16,0.64,"10,000",2026/09/17
2022,2022,2859,(NEXT FUNDS) ユーロ・ストックス50(H有),東証ETF,"3,168",+20,0.64,154,2026/09/17
2023,2023,3099,(株)三越伊勢丹ホールディングス,東証PRM,"3,293",+21,0.64,"2,007,100",2026/09/17
2024,2024,3662,(株)エイチームホールディングス,東証PRM,946,+6,0.64,"52,400",2026/09/17
2025,2025,3670,協立情報通信(株),名証MN,"1,730",+11,0.64,200,2026/09/17
2026,2026,3986,(株)ビーブレイクシステムズ,東証STD,475,+3,0.64,"7,700",2026/09/17
2027,2027,4031,片倉コープアグリ(株),東証STD,"1,106",+7,0.64,"3,700",2026/09/17
2028,2028,7352,(株)ＴＷＯＳＴＯＮＥ＆Ｓｏｎｓ,東証GRT,316,+2,0.64,"39,600",2026/09/17
2029,2029,8002,丸紅(株),東証PRM,"5,020",+32,0.64,"5,588,700",2026/09/17
2030,2030,8912,(株)エリアクエスト,東証STD,158,+1,0.64,"79,700",2026/09/17
2031,2031,9842,アークランズ(株),東証PRM,"1,897",+12,0.64,"84,100",2026/09/17
2032,2032,2612,かどや製油(株),東証STD,"2,868",+18,0.63,"434,600",2026/09/17
2033,2033,4202,(株)ダイセル,東証PRM,"1,432",+9,0.63,"931,200",2026/09/17
2034,2034,4832,ＪＦＥシステムズ(株),東証STD,"1,913",+12,0.63,"7,000",2026/09/17
2035,2035,5357,(株)ヨータイ,東証PRM,"1,750",+11,0.63,"30,100",2026/09/17
2036,2036,6472,ＮＴＮ(株),東証PRM,382.9,+2.4,0.63,"1,999,700",2026/09/17
2037,2037,8789,フィンテック　グローバル(株),東証STD,161,+1,0.63,"780,400",2026/09/17
2038,2038,9339,(株)コーチ・エィ,東証STD,"1,438",+9,0.63,"1,000",2026/09/17
2039,2039,9368,キムラユニティー(株),東証STD,963,+6,0.63,"9,900",2026/09/17
2040,2040,9708,(株)帝国ホテル,東証STD,952,+6,0.63,"128,600",2026/09/17
2041,2041,1547,上場インデックスファンド米国株式(S&P500),東証ETF,"12,890",+80,0.62,"9,749",2026/09/17
2042,2042,2019,GX 米国優先証券(隔月分配型),東証ETF,975,+6,0.62,"2,455",2026/09/17
2043,2043,2573,北海道コカ・コーラボトリング(株),東証STD,"4,085",+25,0.62,"1,800",2026/09/17
2044,2044,2908,フジッコ(株),東証PRM,"1,636",+10,0.62,"53,600",2026/09/17
2045,2045,3912,(株)モバイルファクトリー,東証STD,"1,142",+7,0.62,"5,900",2026/09/17
2046,2046,5408,(株)中山製鋼所,東証PRM,651,+4,0.62,"150,200",2026/09/17
2047,2047,6166,(株)中村超硬,東証GRT,654,+4,0.62,"43,000",2026/09/17
2048,2048,7601,(株)ポプラ,東証STD,163,+1,0.62,"5,900",2026/09/17
2049,2049,8473,ＳＢＩホールディングス(株),東証PRM,"3,256",+20,0.62,"3,993,800",2026/09/17
2050,2050,198A,ＰｏｓｔＰｒｉｍｅ(株),東証GRT,164,+1,0.61,"16,600",2026/09/17
2051,2051,2752,(株)フジオフードグループ本社,東証PRM,"1,153",+7,0.61,"67,700",2026/09/17
2052,2052,2851,iシェアーズ MSCI ジャパンSRI,東証ETF,394.4,+2.4,0.61,"3,390",2026/09/17
2053,2053,3197,(株)すかいらーくホールディングス,東証PRM,"3,277",+20,0.61,"868,600",2026/09/17
2054,2054,3569,セーレン(株),東証PRM,"3,285",+20,0.61,"91,900",2026/09/17
2055,2055,3939,(株)カナミックネットワーク,東証PRM,493,+3,0.61,"88,400",2026/09/17
2056,2056,5184,(株)ニチリン,東証STD,"4,140",+25,0.61,"8,600",2026/09/17
2057,2057,5715,古河機械金属(株),東証PRM,"4,095",+25,0.61,"203,100",2026/09/17
2058,2058,579A,GX 銀ビジネス,東証ETF,992,+6,0.61,"2,457",2026/09/17
2059,2059,6058,(株)ベクトル,東証PRM,"1,972",+12,0.61,"282,100",2026/09/17
2060,2060,6093,ミトラグループ(株),東証STD,164,+1,0.61,"128,000",2026/09/17
2061,2061,6844,新電元工業(株),東証PRM,"2,989",+18,0.61,"50,800",2026/09/17
2062,2062,6905,コーセル(株),東証PRM,"1,320",+8,0.61,"158,400",2026/09/17
2063,2063,8086,ニプロ(株),東証PRM,"1,473",+9,0.61,"581,000",2026/09/17
2064,2064,9247,ＴＲＥホールディングス(株),東証PRM,"1,807",+11,0.61,"267,600",2026/09/17
2065,2065,9767,日建工学(株),東証STD,"1,650",+10,0.61,"1,200",2026/09/17
2066,2066,2296,伊藤ハム米久ホールディングス(株),東証PRM,"5,060",+30,0.6,"99,300",2026/09/17
2067,2067,2351,(株)ＡＳＪ,東証STD,337,+2,0.6,"4,200",2026/09/17
2068,2068,2622,iシェアーズ 米ドル建て新興国債券(H有),東証ETF,"1,682",+10,0.6,41,2026/09/17
2069,2069,3844,コムチュア(株),東証PRM,"1,349",+8,0.6,"211,200",2026/09/17
2070,2070,392A,iシェアーズ NASDAQ トップ 30,東証ETF,269.2,+1.6,0.6,"68,040",2026/09/17
2071,2071,4825,(株)ウェザーニューズ,東証PRM,"2,011",+12,0.6,"106,100",2026/09/17
2072,2072,4892,(株)サイフューズ,東証GRT,668,+4,0.6,"64,700",2026/09/17
2073,2073,6038,(株)イード,東証GRT,834,+5,0.6,"2,700",2026/09/17
2074,2074,7203,トヨタ自動車(株),東証PRM,"3,034",+18,0.6,"20,929,600",2026/09/17
2075,2075,7427,エコートレーディング(株),東証STD,834,+5,0.6,"6,600",2026/09/17
2076,2076,7485,岡谷鋼機(株),名証PRM,"5,050",+30,0.6,"2,500",2026/09/17
2077,2077,7952,(株)河合楽器製作所,東証PRM,"3,345",+20,0.6,"15,300",2026/09/17
2078,2078,8595,ジャフコ　グループ(株),東証PRM,"2,278.5",+13.5,0.6,"218,800",2026/09/17
2079,2079,9052,山陽電気鉄道(株),東証PRM,"2,017",+12,0.6,"56,600",2026/09/17
2080,2080,1658,iシェアーズ･コア MSCI 新興国株 ETF,東証ETF,"4,240",+25,0.59,"27,767",2026/09/17
2081,2081,2809,キユーピー(株),東証PRM,"4,594",+27,0.59,"281,700",2026/09/17
2082,2082,2928,ＲＩＺＡＰグループ(株),札幌ア,170,+1,0.59,"319,600",2026/09/17
2083,2083,4235,ウルトラファブリックス・ホールディングス(株),東証STD,684,+4,0.59,"11,000",2026/09/17
2084,2084,426A,ニッセイ ETF S&P500イコール・ウェイト(H無),東証ETF,"1,190",+7,0.59,"25,801",2026/09/17
2085,2085,5571,エキサイトホールディングス(株),東証STD,"1,020",+6,0.59,100,2026/09/17
2086,2086,6920,レーザーテック(株),東証PRM,"35,960",+210,0.59,"3,766,300",2026/09/17
2087,2087,7377,ＤＮホールディングス(株),東証STD,"1,700",+10,0.59,"4,700",2026/09/17
2088,2088,1624,(NEXT FUNDS)機械上場投信,東証ETF,"81,400",+470,0.58,253,2026/09/17
2089,2089,2467,(株)ＶＬＣセキュリティ,名証NXT,172,+1,0.58,"14,800",2026/09/17
2090,2090,3359,(株)ｃｏｔｔａ,東証GRT,523,+3,0.58,"57,100",2026/09/17
2091,2091,3836,(株)アバントグループ,東証PRM,"1,223",+7,0.58,"58,600",2026/09/17
2092,2092,4045,東亞合成(株),東証PRM,"1,835",+10.5,0.58,"152,100",2026/09/17
2093,2093,4054,日本情報クリエイト(株),東証GRT,521,+3,0.58,"15,500",2026/09/17
2094,2094,4231,タイガースポリマー(株),東証STD,"1,032",+6,0.58,"5,100",2026/09/17
2095,2095,4389,プロパティデータバンク(株),東証GRT,"1,046",+6,0.58,"3,300",2026/09/17
2096,2096,4707,(株)キタック,東証STD,345,+2,0.58,"8,300",2026/09/17
2097,2097,4958,長谷川香料(株),東証PRM,"3,495",+20,0.58,"126,400",2026/09/17
2098,2098,4992,北興化学工業(株),東証STD,"1,907",+11,0.58,"39,300",2026/09/17
2099,2099,5803,(株)フジクラ,東証PRM,"4,867",+28,0.58,"30,234,600",2026/09/17
2100,2100,5871,ＳＯＬＩＺＥ　Ｈｏｌｄｉｎｇｓ(株),東証STD,"1,388",+8,0.58,"3,400",2026/09/17
2101,2101,6832,アオイ電子(株),東証STD,"2,425",+14,0.58,"14,200",2026/09/17
2102,2102,8410,(株)セブン銀行,東証PRM,345.1,+2,0.58,"2,527,200",2026/09/17
2103,2103,8919,(株)カチタス,東証PRM,"3,495",+20,0.58,"192,300",2026/09/17
2104,2104,9788,(株)ナック,東証PRM,520,+3,0.58,"38,400",2026/09/17
2105,2105,1698,上場インデックスファンド日本高配当,東証ETF,"4,415",+25,0.57,"20,869",2026/09/17
2106,2106,2459,アウンコンサルティング(株),東証STD,177,+1,0.57,"30,100",2026/09/17
2107,2107,3286,トラストホールディングス(株),東証STD,883,+5,0.57,"2,100",2026/09/17
2108,2108,3418,(株)バルニバービ,東証GRT,"1,051",+6,0.57,"12,400",2026/09/17
2109,2109,3773,(株)アドバンスト・メディア,東証GRT,"1,066",+6,0.57,"21,000",2026/09/17
2110,2110,4206,アイカ工業(株),東証PRM,"4,258",+24,0.57,"158,100",2026/09/17
2111,2111,4386,(株)ＳＩＧグループ,東証STD,885,+5,0.57,"4,100",2026/09/17
2112,2112,4627,ナトコ(株),東証STD,"1,957",+11,0.57,"6,600",2026/09/17
2113,2113,4845,(株)スカラ,東証STD,350,+2,0.57,"15,000",2026/09/17
2114,2114,5703,日本軽金属ホールディングス(株),東証PRM,"3,015",+17,0.57,"168,800",2026/09/17
2115,2115,7868,(株)広済堂ホールディングス,東証PRM,533,+3,0.57,"184,900",2026/09/17
2116,2116,8769,(株)アドバンテッジリスクマネジメント,東証STD,528,+3,0.57,"9,100",2026/09/17
2117,2117,9632,スバル興業(株),東証STD,"3,550",+20,0.57,"7,900",2026/09/17
2118,2118,9856,(株)ケーユーホールディングス,東証STD,"1,242",+7,0.57,"21,900",2026/09/17
2119,2119,2642,SMT ETFカーボン・エフィシェント日本株,東証ETF,"53,590",+300,0.56,1,2026/09/17
2120,2120,2678,アスクル(株),東証PRM,"1,259",+7,0.56,"285,600",2026/09/17
2121,2121,378A,(株)ヒット,東証GRT,900,+5,0.56,"33,200",2026/09/17
2122,2122,4095,日本パーカライジング(株),東証PRM,"1,789",+10,0.56,"138,600",2026/09/17
2123,2123,4450,(株)パワーソリューションズ,東証GRT,"2,323",+13,0.56,600,2026/09/17
2124,2124,4886,あすか製薬ホールディングス(株),東証PRM,"2,140",+12,0.56,"35,800",2026/09/17
2125,2125,6199,(株)セラク,東証STD,"1,436",+8,0.56,"20,900",2026/09/17
2126,2126,6298,ワイエイシイホールディングス(株),東証PRM,"1,251",+7,0.56,"86,400",2026/09/17
2127,2127,6418,日本金銭機械(株),東証PRM,"1,261",+7,0.56,"109,300",2026/09/17
2128,2128,6471,日本精工(株),東証PRM,"1,077",+6,0.56,"1,705,500",2026/09/17
2129,2129,7525,リックス(株),東証PRM,"3,605",+20,0.56,"8,400",2026/09/17
2130,2130,8358,スルガ銀行(株),東証PRM,"2,880",+16,0.56,"773,900",2026/09/17
2131,2131,8844,(株)コスモスイニシア,東証STD,"1,250",+7,0.56,"42,100",2026/09/17
2132,2132,9041,近鉄グループホールディングス(株),東証PRM,"3,574",+20,0.56,"712,500",2026/09/17
2133,2133,9739,ＮＳＷ(株),東証PRM,"2,679",+15,0.56,"13,200",2026/09/17
2134,2134,9849,(株)共同紙販ホールディングス,東証STD,"4,525",+25,0.56,100,2026/09/17
2135,2135,9903,(株)カンセキ,東証STD,893,+5,0.56,"1,200",2026/09/17
2136,2136,2594,キーコーヒー(株),東証PRM,"2,015",+11,0.55,"59,000",2026/09/17
2137,2137,3101,東洋紡(株),東証PRM,"1,657",+9,0.55,"259,200",2026/09/17
2138,2138,4480,(株)メドレー,東証PRM,"2,362",+13,0.55,"177,700",2026/09/17
2139,2139,5247,(株)ＢＴＭ,東証GRT,552,+3,0.55,"1,000",2026/09/17
2140,2140,5832,(株)ちゅうぎんフィナンシャルグループ,東証PRM,"3,631",+20,0.55,"236,700",2026/09/17
2141,2141,6062,(株)チャーム・ケア・コーポレーション,東証PRM,"1,453",+8,0.55,"85,400",2026/09/17
2142,2142,6141,ＤＭＧ森精機(株),東証PRM,"2,839.5",+15.5,0.55,"1,041,500",2026/09/17
2143,2143,6571,キュービーネットホールディングス(株),東証PRM,"1,284",+7,0.55,"35,400",2026/09/17
2144,2144,7902,(株)ソノコム,東証STD,"1,095",+6,0.55,"7,800",2026/09/17
2145,2145,8133,伊藤忠エネクス(株),東証PRM,"2,368",+13,0.55,"85,600",2026/09/17
2146,2146,8291,日産東京販売ホールディングス(株),東証STD,549,+3,0.55,"165,500",2026/09/17
2147,2147,8393,(株)宮崎銀行,東証PRM,"2,747",+15,0.55,"244,900",2026/09/17
2148,2148,141A,(株)トライアルホールディングス,東証GRT,"3,720",+20,0.54,"517,900",2026/09/17
2149,2149,2093,上場Tracers 米国債0-2年ラダー(H無),東証ETF,"5,184",+28,0.54,127,2026/09/17
2150,2150,2292,Ｓ　ＦＯＯＤＳ(株),東証PRM,"2,801",+15,0.54,"71,800",2026/09/17
2151,2151,2838,MAXIS 米国国債7-10年上場投信(H無),東証ETF,"8,346",+45,0.54,53,2026/09/17
2152,2152,4410,ハリマ化成グループ(株),東証PRM,"1,124",+6,0.54,"58,900",2026/09/17
2153,2153,4763,(株)クリーク・アンド・リバー社,東証PRM,"1,498",+8,0.54,"37,300",2026/09/17
2154,2154,573A,iシェアーズ 日本国債20年超,東証ETF,486.5,+2.6,0.54,"273,190",2026/09/17
2155,2155,5992,中央発條(株),東証STD,"3,735",+20,0.54,"23,900",2026/09/17
2156,2156,6171,(株)土木管理総合試験所,東証STD,373,+2,0.54,"7,000",2026/09/17
2157,2157,7094,(株)ＮｅｘＴｏｎｅ,東証GRT,"1,856",+10,0.54,"88,200",2026/09/17
2158,2158,8151,(株)東陽テクニカ,東証PRM,"1,846",+10,0.54,"147,700",2026/09/17
2159,2159,1498,One ETF ESG,東証ETF,"32,420",+170,0.53,29,2026/09/17
2160,2160,2072,トップシェアインデックス(ネットリターン)ETN,東証ETF,"21,695",+115,0.53,351,2026/09/17
2161,2161,2163,(株)アルトナー,東証PRM,951,+5,0.53,"21,300",2026/09/17
2162,2162,2332,(株)クエスト,東証STD,"1,692",+9,0.53,"7,500",2026/09/17
2163,2163,2520,(NEXT FUNDS)新興国株式･MSCI EM･(H無),東証ETF,"2,285",+12,0.53,"9,225",2026/09/17
2164,2164,2847,GX 新成長インフラ-日本株式,東証ETF,"3,025",+16,0.53,221,2026/09/17
2165,2165,2933,(株)紀文食品,東証PRM,"1,137",+6,0.53,"66,900",2026/09/17
2166,2166,3159,丸善ＣＨＩホールディングス(株),東証STD,377,+2,0.53,"18,100",2026/09/17
2167,2167,3445,(株)ＲＳ　Ｔｅｃｈｎｏｌｏｇｉｅｓ,東証PRM,"5,710",+30,0.53,"309,600",2026/09/17
2168,2168,3916,デジタル・インフォメーション・テクノロジー(株),東証PRM,946,+5,0.53,"49,000",2026/09/17
2169,2169,413A,iFreeETF キャセイ台湾テックリーダー指数,東証ETF,"3,770",+20,0.53,514,2026/09/17
2170,2170,5464,モリ工業(株),東証STD,940,+5,0.53,"21,700",2026/09/17
2171,2171,7374,(株)コンフィデンス・インターワークス,東証GRT,"1,519",+8,0.53,"23,600",2026/09/17
2172,2172,7640,(株)トップカルチャー,東証STD,191,+1,0.53,"5,200",2026/09/17
2173,2173,8316,(株)三井住友フィナンシャルグループ,東証PRM,"6,878",+36,0.53,"10,236,000",2026/09/17
2174,2174,9344,アクシスコンサルティング(株),東証GRT,"1,317",+7,0.53,"4,200",2026/09/17
2175,2175,1771,日本乾溜工業(株),福証,970,+5,0.52,"2,000",2026/09/17
2176,2176,1777,川崎設備工業(株),名証MN,"2,332",+12,0.52,"1,900",2026/09/17
2177,2177,2255,iシェアーズ 米国債20年超,東証ETF,194.4,+1,0.52,"454,670",2026/09/17
2178,2178,2700,木徳神糧(株),東証STD,"1,733",+9,0.52,"6,100",2026/09/17
2179,2179,2750,石光商事(株),東証STD,"1,359",+7,0.52,"8,300",2026/09/17
2180,2180,2984,ヤマイチエステート(株),東証STD,766,+4,0.52,"3,400",2026/09/17
2181,2181,3984,(株)ユーザーローカル,東証PRM,"1,552",+8,0.52,"64,500",2026/09/17
2182,2182,3985,テモナ(株),東証STD,195,+1,0.52,"5,400",2026/09/17
2183,2183,4725,(株)ＣＡＣ　Ｈｏｌｄｉｎｇｓ,東証PRM,"1,939",+10,0.52,"23,400",2026/09/17
2184,2184,6029,アトラグループ(株),東証STD,192,+1,0.52,"31,200",2026/09/17
2185,2185,6088,(株)シグマクシス・ホールディングス,東証PRM,576,+3,0.52,"235,600",2026/09/17
2186,2186,7090,(株)リグア,東証GRT,973,+5,0.52,700,2026/09/17
2187,2187,7800,(株)アミファ,東証STD,973,+5,0.52,"6,300",2026/09/17
2188,2188,8600,トモニホールディングス(株),東証PRM,"1,171",+6,0.52,"497,600",2026/09/17
2189,2189,9795,(株)ステップ,東証PRM,"2,301",+12,0.52,"14,700",2026/09/17
2190,2190,1655,iシェアーズ S&P500 米国株 ETF,東証ETF,853.5,+4.3,0.51,"558,130",2026/09/17
2191,2191,1663,Ｋ＆Ｏエナジーグループ(株),東証PRM,"1,971",+10,0.51,"190,900",2026/09/17
2192,2192,223A,GX AI&ビッグデータ,東証ETF,"1,760",+9,0.51,"2,050",2026/09/17
2193,2193,2561,iシェアーズ・コア 日本国債 ETF,東証ETF,"1,980",+10,0.51,"5,789",2026/09/17
2194,2194,2621,iシェアーズ 米国債20年超(H有),東証ETF,986,+5,0.51,"506,189",2026/09/17
2195,2195,281A,インフォメティス(株),東証GRT,398,+2,0.51,"42,600",2026/09/17
2196,2196,2844,上場インデックスファンド豪州国債(H無),東証ETF,"5,352",+27,0.51,"2,646",2026/09/17
2197,2197,3132,マクニカホールディングス(株),東証PRM,"3,935",+20,0.51,"872,300",2026/09/17
2198,2198,3492,MIRARTH不動産投資法人,東証,"79,600",+400,0.51,"4,997",2026/09/17
2199,2199,3733,(株)ソフトウェア・サービス,東証STD,"11,900",+60,0.51,"2,400",2026/09/17
2200,2200,6198,(株)キャリア,東証GRT,198,+1,0.51,900,2026/09/17
2201,2201,6504,富士電機(株),東証PRM,"12,880",+65,0.51,"490,600",2026/09/17
2202,2202,7554,(株)幸楽苑,東証PRM,"1,179",+6,0.51,"29,900",2026/09/17
2203,2203,7957,フジコピアン(株),東証STD,"2,573",+13,0.51,"1,800",2026/09/17
2204,2204,8125,(株)ワキタ,東証PRM,"1,976",+10,0.51,"110,400",2026/09/17
2205,2205,8181,(株)東天紅,東証STD,990,+5,0.51,"2,100",2026/09/17
2206,2206,9236,ジャパンＭ＆Ａソリューション(株),東証GRT,"1,388",+7,0.51,"2,300",2026/09/17
2207,2207,1330,上場インデックスファンド225,東証ETF,"66,620",+330,0.5,"16,146",2026/09/17
2208,2208,1383,ベルグアース(株),東証STD,"3,020",+15,0.5,"1,900",2026/09/17
2209,2209,1496,iシェアーズ 米ドル建て投資適格社債ETF(H有),東証ETF,"1,618",+8,0.5,"122,244",2026/09/17
2210,2210,1652,iFreeETF MSCI日本株女性活躍指数(WIN),東証ETF,"5,052",+25,0.5,20,2026/09/17
2211,2211,2157,(株)コシダカホールディングス,東証PRM,"1,008",+5,0.5,"455,500",2026/09/17
2212,2212,2569,上場インデックスファンド米国株式(NASDAQ100)H有,東証ETF,"4,255",+21,0.5,"32,962",2026/09/17
2213,2213,2633,(NEXT FUNDS) S&P500(H無)連動型上場投信,東証ETF,545.7,+2.7,0.5,"33,580",2026/09/17
2214,2214,2935,(株)ピックルスホールディングス,東証PRM,"1,216",+6,0.5,"26,800",2026/09/17
2215,2215,3232,三重交通グループホールディングス(株),東証PRM,602,+3,0.5,"152,800",2026/09/17
2216,2216,3391,(株)ツルハホールディングス,東証PRM,"2,220",+11,0.5,"1,203,200",2026/09/17
2217,2217,365A,伊澤タオル(株),東証STD,797,+4,0.5,"35,200",2026/09/17
2218,2218,3680,(株)ホットリンク,東証GRT,203,+1,0.5,"46,700",2026/09/17
2219,2219,4776,サイボウズ(株),東証PRM,"3,040",+15,0.5,"125,400",2026/09/17
2220,2220,5658,日亜鋼業(株),東証STD,404,+2,0.5,"12,500",2026/09/17
2221,2221,6195,(株)ホープ,東証GRT,202,+1,0.5,"16,500",2026/09/17
2222,2222,6370,栗田工業(株),東証PRM,"7,505",+37,0.5,"488,300",2026/09/17
2223,2223,6439,中日本鋳工(株),名証MN,403,+2,0.5,900,2026/09/17
2224,2224,7953,菊水化学工業(株),東証STD,401,+2,0.5,"5,400",2026/09/17
2225,2225,8007,高島(株),東証PRM,809,+4,0.5,"90,900",2026/09/17
2226,2226,8217,(株)オークワ,東証PRM,805,+4,0.5,"53,000",2026/09/17
2227,2227,8771,イー・ギャランティ(株),東証PRM,"1,802",+9,0.5,"86,700",2026/09/17
2228,2228,9218,(株)メンタルヘルステクノロジーズ,東証GRT,798,+4,0.5,"11,800",2026/09/17
2229,2229,9663,(株)ナガワ,東証PRM,"5,020",+25,0.5,"22,000",2026/09/17
2230,2230,2018,GX US REIT・トップ20,東証ETF,"1,222",+6,0.49,105,2026/09/17
2231,2231,2647,(NEXT FUNDS)ブルームバーグ米国国債(7-10年)(H無),東証ETF,"5,590",+27,0.49,704,2026/09/17
2232,2232,3068,(株)ＷＤＩ,東証STD,"3,060",+15,0.49,700,2026/09/17
2233,2233,3080,(株)ジェーソン,東証STD,819,+4,0.49,"2,300",2026/09/17
2234,2234,3543,(株)コメダホールディングス,東証PRM,"2,884",+14,0.49,"114,400",2026/09/17
2235,2235,3834,(株)朝日ネット,東証PRM,611,+3,0.49,"39,700",2026/09/17
2236,2236,4020,ビートレンド(株),東証GRT,822,+4,0.49,800,2026/09/17
2237,2237,4390,(株)アイ・ピー・エス,東証PRM,"4,110",+20,0.49,"35,100",2026/09/17
2238,2238,5204,石塚硝子(株),東証STD,"3,055",+15,0.49,"4,900",2026/09/17
2239,2239,538A,NZAM 上場投信 米国国債7-10年(H無),東証ETF,"4,706",+23,0.49,1,2026/09/17
2240,2240,6158,(株)和井田製作所,東証STD,"1,030",+5,0.49,"1,000",2026/09/17
2241,2241,6561,(株)ＨＡＮＡＴＯＵＲ　ＪＡＰＡＮ,東証GRT,817,+4,0.49,"8,800",2026/09/17
2242,2242,6778,(株)アルチザネットワークス,東証STD,621,+3,0.49,"8,000",2026/09/17
2243,2243,7716,(株)ナカニシ,東証STD,"3,075",+15,0.49,"167,200",2026/09/17
2244,2244,7988,(株)ニフコ,東証PRM,"4,958",+24,0.49,"212,100",2026/09/17
2245,2245,8045,横浜丸魚(株),東証STD,"2,040",+10,0.49,500,2026/09/17
2246,2246,8729,ソニーフィナンシャルグループ(株),東証PRM,164,+0.8,0.49,"50,330,300",2026/09/17
2247,2247,8951,日本ビルファンド投資法人,東証,"122,600",+600,0.49,"28,653",2026/09/17
2248,2248,9346,(株)ココルポート,東証GRT,"1,849",+9,0.49,"2,900",2026/09/17
2249,2249,9740,ＣＳＰ,東証PRM,"2,691",+13,0.49,"21,500",2026/09/17
2250,2250,170A,SMT ETF日本好配当株アクティブ,東証ETF,"3,113",+15,0.48,136,2026/09/17
2251,2251,192A,インテグループ(株),東証GRT,"1,266",+6,0.48,500,2026/09/17
2252,2252,257A,SMT ETF日本株厳選投資アクティブ,東証ETF,"3,329",+16,0.48,29,2026/09/17
2253,2253,3848,(株)データ・アプリケーション,東証STD,834,+4,0.48,400,2026/09/17
2254,2254,4765,ＳＢＩグローバルアセットマネジメント(株),東証PRM,632,+3,0.48,"141,100",2026/09/17
2255,2255,4979,ＯＡＴアグリオ(株),東証STD,"2,932",+14,0.48,"16,800",2026/09/17
2256,2256,608A,上場インデックスファンド東証REIT高利回り30,東証ETF,"1,466",+7,0.48,778,2026/09/17
2257,2257,6265,コンバム(株),東証STD,"3,115",+15,0.48,"1,400",2026/09/17
2258,2258,6430,ダイコク電機(株),東証PRM,"2,501",+12,0.48,"32,500",2026/09/17
2259,2259,6858,(株)小野測器,東証STD,837,+4,0.48,"16,400",2026/09/17
2260,2260,7115,(株)アルファパーチェス,東証STD,"1,469",+7,0.48,"1,400",2026/09/17
2261,2261,7707,プレシジョン・システム・サイエンス(株),東証GRT,209,+1,0.48,"67,000",2026/09/17
2262,2262,8023,ＤＡＩＫＯ　ＸＴＥＣＨ(株),東証STD,"1,045",+5,0.48,"24,300",2026/09/17
2263,2263,8228,(株)マルイチ産商,名証MN,"1,053",+5,0.48,"12,600",2026/09/17
2264,2264,1780,(株)ヤマウラ,東証PRM,"1,496",+7,0.47,"23,600",2026/09/17
2265,2265,3550,(株)スタジオアタオ,東証GRT,216,+1,0.47,"11,000",2026/09/17
2266,2266,3771,(株)システムリサーチ,東証PRM,"1,929",+9,0.47,"124,500",2026/09/17
2267,2267,4714,(株)リソー教育グループ,東証PRM,214,+1,0.47,"613,800",2026/09/17
2268,2268,5194,相模ゴム工業(株),東証STD,639,+3,0.47,"3,900",2026/09/17
2269,2269,7512,イオン北海道(株),東証STD,863,+4,0.47,"90,600",2026/09/17
2270,2270,7937,(株)ツツミ,東証STD,"2,559",+12,0.47,"6,100",2026/09/17
2271,2271,9517,イーレックス(株),東証PRM,853,+4,0.47,"126,100",2026/09/17
2272,2272,9895,(株)コンセック,東証STD,"1,286",+6,0.47,900,2026/09/17
2273,2273,167A,リョーサン菱洋ホールディングス(株),東証PRM,"3,290",+15,0.46,"127,400",2026/09/17
2274,2274,1688,WisdomTree 穀物上場投信,東証ETF,629.7,+2.9,0.46,"2,110",2026/09/17
2275,2275,2385,(株)総医研ホールディングス,東証GRT,220,+1,0.46,"22,600",2026/09/17
2276,2276,2524,NZAM 上場投信 TOPIX,東証ETF,"4,170",+19,0.46,"26,763",2026/09/17
2277,2277,2653,イオン九州(株),東証STD,"2,815",+13,0.46,"16,500",2026/09/17
2278,2278,3137,(株)ファンデリー,東証STD,218,+1,0.46,"17,400",2026/09/17
2279,2279,313A,iシェアーズ S&P500 トップ20 ETF,東証ETF,260.1,+1.2,0.46,"8,800",2026/09/17
2280,2280,3968,セグエグループ(株),東証PRM,650,+3,0.46,"251,600",2026/09/17
2281,2281,4218,ニチバン(株),東証PRM,"1,950",+9,0.46,"32,200",2026/09/17
2282,2282,4490,(株)ビザスク,東証GRT,660,+3,0.46,"5,300",2026/09/17
2283,2283,4719,(株)アルファシステムズ,東証PRM,"3,295",+15,0.46,"9,600",2026/09/17
2284,2284,4728,(株)トーセ,東証STD,650,+3,0.46,"8,100",2026/09/17
2285,2285,491A,iシェアーズ S&P500 除く金融 ETF(H有),東証ETF,548.1,+2.5,0.46,"107,230",2026/09/17
2286,2286,4980,デクセリアルズ(株),東証PRM,"2,979",+13.5,0.46,"1,888,900",2026/09/17
2287,2287,5563,新日本電工(株),東証PRM,435,+2,0.46,"305,600",2026/09/17
2288,2288,5819,カナレ電気(株),東証STD,"1,750",+8,0.46,"2,400",2026/09/17
2289,2289,7050,(株)フロンティアインターナショナル,東証GRT,"1,536",+7,0.46,"18,100",2026/09/17
2290,2290,7630,(株)壱番屋,東証PRM,"1,082",+5,0.46,"350,800",2026/09/17
2291,2291,7781,(株)平山ホールディングス,東証STD,880,+4,0.46,"15,800",2026/09/17
2292,2292,7795,(株)ＫＹＯＲＩＴＳＵ,東証STD,219,+1,0.46,"11,600",2026/09/17
2293,2293,7877,永大化工(株),東証STD,"2,195",+10,0.46,200,2026/09/17
2294,2294,8304,(株)あおぞら銀行,東証PRM,"3,524",+16,0.46,"854,200",2026/09/17
2295,2295,8381,(株)山陰合同銀行,東証PRM,"2,599",+12,0.46,"310,200",2026/09/17
2296,2296,8966,平和不動産リート投資法人,東証,"131,000",+600,0.46,"2,394",2026/09/17
2297,2297,9380,東海運(株),東証STD,438,+2,0.46,"11,000",2026/09/17
2298,2298,1981,(株)協和日成,東証STD,"1,331",+6,0.45,"1,700",2026/09/17
2299,2299,210A,iFreeETF 日経高利回りREIT指数,東証ETF,"1,549",+7,0.45,"2,480",2026/09/17
2300,2300,2485,(株)ティア,東証STD,451,+2,0.45,"36,200",2026/09/17
2301,2301,3281,ＧＬＰ投資法人,東証,"133,900",+600,0.45,"5,640",2026/09/17
2302,2302,3372,(株)関門海,東証STD,221,+1,0.45,"7,000",2026/09/17
2303,2303,3463,いちごホテルリート投資法人,東証,"111,200",+500,0.45,352,2026/09/17
2304,2304,3472,日本ホテル＆レジデンシャル投資法人,東証,"67,500",+300,0.45,721,2026/09/17
2305,2305,3548,(株)バロックジャパンリミテッド,東証PRM,673,+3,0.45,"96,200",2026/09/17
2306,2306,4486,ユナイトアンドグロウ(株),東証GRT,673,+3,0.45,"5,800",2026/09/17
2307,2307,4801,セントラルスポーツ(株),東証PRM,"2,431",+11,0.45,"28,500",2026/09/17
2308,2308,6194,(株)アトラエ,東証PRM,885,+4,0.45,"174,400",2026/09/17
2309,2309,632A,GX 日経225,東証ETF,"64,210",+290,0.45,"1,335",2026/09/17
2310,2310,6662,(株)ユビテック,東証STD,225,+1,0.45,"2,600",2026/09/17
2311,2311,7294,(株)ヨロズ,東証PRM,899,+4,0.45,"38,200",2026/09/17
2312,2312,7686,(株)ひとまいる,東証STD,443,+2,0.45,"4,300",2026/09/17
2313,2313,8079,正栄食品工業(株),東証PRM,"4,480",+20,0.45,"33,500",2026/09/17
2314,2314,8705,日産証券グループ(株),東証STD,224,+1,0.45,"75,700",2026/09/17
2315,2315,8908,(株)毎日コムネット,東証STD,885,+4,0.45,"2,800",2026/09/17
2316,2316,1486,上場インデックスファンド米国債券(H無),東証ETF,"22,725",+100,0.44,784,2026/09/17
2317,2317,1518,三井松島ホールディングス(株),東証PRM,"2,285",+10,0.44,"247,900",2026/09/17
2318,2318,2080,PBR1倍割れ解消推進ETF,東証ETF,"2,074",+9,0.44,"27,717",2026/09/17
2319,2319,2286,林兼産業(株),東証STD,907,+4,0.44,"13,200",2026/09/17
2320,2320,2558,MAXIS 米国株式(S&P500)上場投信,東証ETF,"3,405",+15,0.44,"208,241",2026/09/17
2321,2321,2659,(株)サンエー,東証PRM,"3,415",+15,0.44,"116,400",2026/09/17
2322,2322,3139,(株)ラクト・ジャパン,東証PRM,"3,450",+15,0.44,"19,000",2026/09/17
2323,2323,3494,(株)マリオン,東証STD,453,+2,0.44,"5,900",2026/09/17
2324,2324,3951,朝日印刷(株),東証STD,911,+4,0.44,"10,000",2026/09/17
2325,2325,4487,(株)スペースマーケット,東証GRT,230,+1,0.44,300,2026/09/17
2326,2326,5139,オープンワーク(株),東証GRT,916,+4,0.44,"10,300",2026/09/17
2327,2327,5830,(株)いよぎんホールディングス,東証PRM,"3,845",+17,0.44,"802,400",2026/09/17
2328,2328,6371,(株)椿本チエイン,東証PRM,"2,749",+12,0.44,"176,900",2026/09/17
2329,2329,6577,(株)ベストワンドットコム,東証GRT,"1,384",+6,0.44,"6,100",2026/09/17
2330,2330,7039,ブリッジインターナショナルグループ(株),東証GRT,"1,370",+6,0.44,"6,300",2026/09/17
2331,2331,7919,野崎印刷紙業(株),東証STD,226,+1,0.44,"7,100",2026/09/17
2332,2332,9162,(株)ブリーチ,東証GRT,230,+1,0.44,"4,800",2026/09/17
2333,2333,9446,(株)サカイホールディングス,東証STD,691,+3,0.44,"1,700",2026/09/17
2334,2334,1718,美樹工業(株),東証STD,"7,050",+30,0.43,800,2026/09/17
2335,2335,2638,GX ロボティクス＆AI-日本株式,東証ETF,"2,589",+11,0.43,"22,304",2026/09/17
2336,2336,3402,東レ(株),東証PRM,"1,273",+5.5,0.43,"4,067,100",2026/09/17
2337,2337,6266,タツモ(株),東証PRM,"3,470",+15,0.43,"183,800",2026/09/17
2338,2338,7487,小津産業(株),東証STD,"1,853",+8,0.43,"4,400",2026/09/17
2339,2339,7638,(株)ＮＥＷ　ＡＲＴ　ＨＯＬＤＩＮＧＳ,東証STD,"1,408",+6,0.43,"8,500",2026/09/17
2340,2340,8142,(株)トーホー,東証PRM,"1,386",+6,0.43,"74,800",2026/09/17
2341,2341,9233,アジア航測(株),東証STD,"1,158",+5,0.43,"12,500",2026/09/17
2342,2342,2493,イーサポートリンク(株),東証STD,950,+4,0.42,"3,300",2026/09/17
2343,2343,3817,(株)ＳＲＡホールディングス,東証PRM,"4,795",+20,0.42,"29,300",2026/09/17
2344,2344,4421,(株)ディ・アイ・システム,東証STD,951,+4,0.42,"4,100",2026/09/17
2345,2345,6138,ダイジェット工業(株),東証STD,"1,930",+8,0.42,"6,600",2026/09/17
2346,2346,7442,中山福(株),東証STD,480,+2,0.42,"6,200",2026/09/17
2347,2347,7447,ナガイレーベン(株),東証PRM,"1,663",+7,0.42,"57,200",2026/09/17
2348,2348,7561,(株)ハークスレイホールディングス,東証STD,711,+3,0.42,"12,500",2026/09/17
2349,2349,7986,日本アイ・エス・ケイ(株),東証STD,"1,927",+8,0.42,700,2026/09/17
2350,2350,8343,(株)秋田銀行,東証PRM,"9,500",+40,0.42,"172,500",2026/09/17
2351,2351,9466,(株)アイドママーケティングコミュニケーション,東証STD,241,+1,0.42,"1,700",2026/09/17
2352,2352,9533,東邦ガス(株),東証PRM,"1,327.5",+5.5,0.42,"586,300",2026/09/17
2353,2353,9534,北海道ガス(株),東証PRM,949,+4,0.42,"377,800",2026/09/17
2354,2354,9765,(株)オオバ,東証PRM,"1,190",+5,0.42,"11,800",2026/09/17
2355,2355,1321,(NEXT FUNDS)日経225連動型上場投信,東証ETF,"66,450",+270,0.41,"209,091",2026/09/17
2356,2356,1711,(株)ＳＤＳホールディングス,東証STD,246,+1,0.41,"13,200",2026/09/17
2357,2357,201A,iシェアーズ Nifty 50 インド株 ETF,東証ETF,171.5,+0.7,0.41,"90,870",2026/09/17
2358,2358,2858,GX 日経225 カバード・コール (プレミアム再投資型),東証ETF,"1,487",+6,0.41,280,2026/09/17
2359,2359,4720,(株)城南進学研究社,東証STD,244,+1,0.41,"2,200",2026/09/17
2360,2360,5013,(株)ユシロ,東証STD,"2,926",+12,0.41,"18,500",2026/09/17
2361,2361,5590,(株)ネットスターズ,東証GRT,733,+3,0.41,"45,400",2026/09/17
2362,2362,6797,名古屋電機工業(株),東証STD,"1,210",+5,0.41,600,2026/09/17
2363,2363,7219,(株)エッチ・ケー・エス,東証STD,"2,450",+10,0.41,700,2026/09/17
2364,2364,7819,粧美堂(株),東証STD,990,+4,0.41,"21,500",2026/09/17
2365,2365,8383,(株)鳥取銀行,東証STD,"1,948",+8,0.41,"18,000",2026/09/17
2366,2366,9245,(株)リベロ,東証GRT,"1,972",+8,0.41,"5,500",2026/09/17
2367,2367,9904,(株)ベリテ,東証STD,242,+1,0.41,"15,200",2026/09/17
2368,2368,1625,(NEXT FUNDS)電機･精密上場投信,東証ETF,"62,020",+250,0.4,118,2026/09/17
2369,2369,2217,モロゾフ(株),東証PRM,"1,489",+6,0.4,"23,100",2026/09/17
2370,2370,2329,(株)東北新社,東証STD,502,+2,0.4,"38,200",2026/09/17
2371,2371,2514,(NEXT FUNDS)外国株式･MSCI-KOKUSAI(H有),東証ETF,"2,017",+8,0.4,"4,482",2026/09/17
2372,2372,2877,日東ベスト(株),東証STD,745,+3,0.4,"1,000",2026/09/17
2373,2373,3035,ケイティケイ(株),東証STD,761,+3,0.4,"7,500",2026/09/17
2374,2374,3201,ニッケ,東証PRM,"1,993",+8,0.4,"50,400",2026/09/17
2375,2375,3417,大木ヘルスケアホールディングス(株),東証STD,"1,008",+4,0.4,"4,400",2026/09/17
2376,2376,3758,(株)アエリア,東証STD,250,+1,0.4,"9,000",2026/09/17
2377,2377,3802,(株)エコミック,東証STD,503,+2,0.4,"1,700",2026/09/17
2378,2378,4018,(株)Ｇｅｏｌｏｃａｔｉｏｎ　Ｔｅｃｈｎｏｌｏｇｙ,福岡Q,"1,002",+4,0.4,100,2026/09/17
2379,2379,5125,(株)ファインズ,東証GRT,496,+2,0.4,"1,400",2026/09/17
2380,2380,6257,(株)藤商事,東証STD,"1,016",+4,0.4,"17,700",2026/09/17
2381,2381,6347,(株)プラコー,東証STD,250,+1,0.4,"3,700",2026/09/17
2382,2382,6788,(株)日本トリム,東証PRM,"5,080",+20,0.4,"11,100",2026/09/17
2383,2383,6807,日本航空電子工業(株),東証PRM,"2,532",+10,0.4,"170,500",2026/09/17
2384,2384,6888,アクモス(株),東証STD,501,+2,0.4,"6,600",2026/09/17
2385,2385,9531,東京ガス(株),東証PRM,"6,450",+26,0.4,"747,100",2026/09/17
2386,2386,2291,福留ハム(株),東証STD,510,+2,0.39,"1,300",2026/09/17
2387,2387,2999,ホームポジション(株),東証STD,511,+2,0.39,"7,800",2026/09/17
2388,2388,3435,サンコーテクノ(株),東証STD,"1,531",+6,0.39,"1,800",2026/09/17
2389,2389,3645,(株)メディカルネット,東証STD,257,+1,0.39,"27,900",2026/09/17
2390,2390,4286,(株)ＣＬホールディングス,東証STD,"1,292",+5,0.39,"12,800",2026/09/17
2391,2391,449A,ステート・ストリート・スパイダー S&P500 ETF(H無),東証ETF,806,+3.1,0.39,"6,130",2026/09/17
2392,2392,4574,大幸薬品(株),東証PRM,258,+1,0.39,"58,500",2026/09/17
2393,2393,463A,(株)インテリックスホールディングス,東証STD,"1,020",+4,0.39,"15,000",2026/09/17
2394,2394,5332,ＴＯＴＯ(株),東証PRM,"5,718",+22,0.39,"658,100",2026/09/17
2395,2395,7481,尾家産業(株),東証STD,"2,565",+10,0.39,"1,700",2026/09/17
2396,2396,7722,国際計測器(株),東証STD,778,+3,0.39,"15,600",2026/09/17
2397,2397,8388,(株)阿波銀行,東証PRM,"10,350",+40,0.39,"120,200",2026/09/17
2398,2398,9284,カナディアン・ソーラー・インフラ投資法人,東証,"76,600",+300,0.39,765,2026/09/17
2399,2399,9312,ケイヒン(株),東証STD,"2,855",+11,0.39,"2,200",2026/09/17
2400,2400,9679,ホウライ(株),東証STD,"2,308",+9,0.39,800,2026/09/17
2401,2401,133A,GX 超短期米国債,東証ETF,"1,057",+4,0.38,"266,684",2026/09/17
2402,2402,1680,上場インデックスファンド海外先進国株式,東証ETF,"8,121",+31,0.38,933,2026/09/17
2403,2403,2253,GX スーパーディビィデンド-US,東証ETF,"1,320",+5,0.38,"11,034",2026/09/17
2404,2404,2676,高千穂交易(株),東証PRM,"2,090",+8,0.38,"22,800",2026/09/17
2405,2405,2815,アリアケジャパン(株),東証PRM,"5,260",+20,0.38,"127,600",2026/09/17
2406,2406,2998,クリアル(株),東証GRT,528,+2,0.38,"55,000",2026/09/17
2407,2407,4107,伊勢化学工業(株),東証STD,"3,915",+15,0.38,"123,000",2026/09/17
2408,2408,6094,(株)フリークアウト・ホールディングス,東証GRT,523,+2,0.38,"12,500",2026/09/17
2409,2409,6240,ヤマシンフィルタ(株),東証PRM,527,+2,0.38,"265,600",2026/09/17
2410,2410,6516,山洋電気(株),東証PRM,"5,260",+20,0.38,"144,100",2026/09/17
2411,2411,6572,オープングループ(株),東証PRM,266,+1,0.38,"88,500",2026/09/17
2412,2412,6626,ＳＥＭＩＴＥＣ(株),東証STD,"2,382",+9,0.38,"9,500",2026/09/17
2413,2413,7228,(株)デイトナ,東証STD,"3,970",+15,0.38,"3,100",2026/09/17
2414,2414,7271,(株)安永,東証STD,802,+3,0.38,"35,900",2026/09/17
2415,2415,7347,(株)マーキュリアホールディングス,東証PRM,801,+3,0.38,"5,100",2026/09/17
2416,2416,7384,(株)プロクレアホールディングス,東証PRM,"5,290",+20,0.38,"89,600",2026/09/17
2417,2417,7927,ムトー精工(株),東証STD,"2,361",+9,0.38,"22,600",2026/09/17
2418,2418,8370,(株)紀陽銀行,東証PRM,"5,250",+20,0.38,"180,800",2026/09/17
2419,2419,9319,(株)中央倉庫,東証PRM,"1,836",+7,0.38,"23,600",2026/09/17
2420,2420,9449,ＧＭＯインターネットグループ(株),東証PRM,"3,987",+15,0.38,"234,000",2026/09/17
2421,2421,1826,佐田建設(株),東証STD,"1,073",+4,0.37,"11,400",2026/09/17
2422,2422,2340,(株)極楽湯ホールディングス,東証STD,537,+2,0.37,"36,000",2026/09/17
2423,2423,2924,イフジ産業(株),東証STD,"1,910",+7,0.37,"1,100",2026/09/17
2424,2424,3182,オイシックス(株),東証PRM,"1,638",+6,0.37,"72,200",2026/09/17
2425,2425,431A,ユーソナー(株),東証GRT,"2,700",+10,0.37,"19,900",2026/09/17
2426,2426,4323,日本システム技術(株),東証PRM,"1,922",+7,0.37,"33,600",2026/09/17
2427,2427,465A,GX 日経平均株主還元40-日本株式,東証ETF,"1,359",+5,0.37,"1,372",2026/09/17
2428,2428,4932,(株)アルマード,東証STD,822,+3,0.37,"15,100",2026/09/17
2429,2429,5271,(株)トーヨーアサノ,東証STD,"2,199",+8,0.37,200,2026/09/17
2430,2430,7609,ダイトロン(株),東証PRM,"4,040",+15,0.37,"53,300",2026/09/17
2431,2431,7774,(株)ジャパン・ティッシュエンジニアリング,東証GRT,822,+3,0.37,"29,500",2026/09/17
2432,2432,8524,(株)北洋銀行,東証PRM,"1,340",+5,0.37,"1,610,700",2026/09/17
2433,2433,8917,ファースト住建(株),東証STD,"1,080",+4,0.37,"21,700",2026/09/17
2434,2434,9072,ニッコンホールディングス(株),東証PRM,"5,155",+19,0.37,"106,100",2026/09/17
2435,2435,9539,京葉瓦斯(株),東証STD,"1,339",+5,0.37,"1,800",2026/09/17
2436,2436,1320,iFreeETF 日経225(年1回決算型),東証ETF,"66,190",+240,0.36,"20,086",2026/09/17
2437,2437,1346,MAXIS 日経225上場投信,東証ETF,"66,400",+240,0.36,"15,164",2026/09/17
2438,2438,2335,(株)キューブシステム,東証PRM,"1,101",+4,0.36,"29,500",2026/09/17
2439,2439,2408,(株)ＫＧ情報,東証STD,827,+3,0.36,700,2026/09/17
2440,2440,2806,ユタカフーズ(株),東証STD,"1,925",+7,0.36,700,2026/09/17
2441,2441,3091,(株)ブロンコビリー,東証PRM,"2,801",+10,0.36,"48,500",2026/09/17
2442,2442,4616,川上塗料(株),東証STD,"2,510",+9,0.36,"1,200",2026/09/17
2443,2443,5998,(株)アドバネクス,東証STD,"2,770",+10,0.36,"9,400",2026/09/17
2444,2444,6140,旭ダイヤモンド工業(株),東証PRM,"1,113",+4,0.36,"367,100",2026/09/17
2445,2445,6144,西部電機(株),東証STD,"2,813",+10,0.36,"3,700",2026/09/17
2446,2446,6292,(株)カワタ,東証STD,844,+3,0.36,"1,200",2026/09/17
2447,2447,6549,ディーエムソリューションズ(株),東証STD,"1,112",+4,0.36,"2,700",2026/09/17
2448,2448,7544,(株)スリーエフ,東証STD,555,+2,0.36,"3,600",2026/09/17
2449,2449,8139,(株)ナガホリ,東証STD,"2,244",+8,0.36,"9,300",2026/09/17
2450,2450,8904,(株)ＡＶＡＮＴＩＡ,東証STD,825,+3,0.36,"12,100",2026/09/17
2451,2451,8958,グローバル・ワン不動産投資法人,東証,"112,100",+400,0.36,"4,521",2026/09/17
2452,2452,9244,(株)デジタリフト,東証GRT,"1,410",+5,0.36,"2,900",2026/09/17
2453,2453,9467,(株)アルファポリス,東証GRT,"1,113",+4,0.36,"107,800",2026/09/17
2454,2454,9532,大阪ガス(株),東証PRM,"6,205",+22,0.36,"798,300",2026/09/17
2455,2455,9601,松竹(株),東証PRM,"11,010",+40,0.36,"24,700",2026/09/17
2456,2456,2513,(NEXT FUNDS)外国株式･MSCI-KOKUSAI(H無),東証ETF,"3,483",+12,0.35,"1,747",2026/09/17
2457,2457,3157,ジオリーブグループ(株),東証STD,"1,430",+5,0.35,"3,200",2026/09/17
2458,2458,3955,(株)イムラ,東証STD,865,+3,0.35,"1,600",2026/09/17
2459,2459,4025,多木化学(株),東証PRM,"5,730",+20,0.35,"19,900",2026/09/17
2460,2460,4463,日華化学(株),東証STD,"1,998",+7,0.35,"8,700",2026/09/17
2461,2461,6982,(株)リード,東証STD,577,+2,0.35,300,2026/09/17
2462,2462,7162,アストマックス(株),東証STD,290,+1,0.35,"15,900",2026/09/17
2463,2463,7683,(株)ダブルエー,東証PRM,"1,419",+5,0.35,"18,400",2026/09/17
2464,2464,7745,(株)Ａ＆Ｄホロンホールディングス,東証PRM,"2,896",+10,0.35,"72,300",2026/09/17
2465,2465,7807,(株)幸和製作所,東証STD,850,+3,0.35,200,2026/09/17
2466,2466,1325,(NEXT FUNDS)ブラジル株式指数上場投信,東証ETF,293,+1,0.34,"6,440",2026/09/17
2467,2467,1418,インターライフホールディングス(株),東証STD,586,+2,0.34,"17,500",2026/09/17
2468,2468,2012,iシェアーズ 米国債0-3カ月 ETF,東証ETF,237.2,+0.8,0.34,"52,800",2026/09/17
2469,2469,3004,神栄(株),東証STD,"2,075",+7,0.34,"13,200",2026/09/17
2470,2470,3045,(株)カワサキ,東証STD,"1,470",+5,0.34,100,2026/09/17
2471,2471,3317,(株)フライングガーデン,東証STD,"1,495",+5,0.34,200,2026/09/17
2472,2472,414A,(株)オーバーラップホールディングス,東証GRT,877,+3,0.34,"42,600",2026/09/17
2473,2473,4248,竹本容器(株),東証STD,884,+3,0.34,"1,100",2026/09/17
2474,2474,539A,NZAM 上場投信 海外債券(FTSE WGBI除く日本)(H無),東証ETF,"4,784",+16,0.34,2,2026/09/17
2475,2475,5831,(株)しずおかフィナンシャルグループ,東証PRM,"3,503",+12,0.34,"1,544,000",2026/09/17
2476,2476,5928,アルメタックス(株),東証STD,291,+1,0.34,"1,700",2026/09/17
2477,2477,6335,(株)東京機械製作所,東証STD,587,+2,0.34,"5,400",2026/09/17
2478,2478,6424,(株)高見沢サイバネティックス,東証STD,889,+3,0.34,"1,600",2026/09/17
2479,2479,6543,(株)日宣,東証STD,"1,190",+4,0.34,700,2026/09/17
2480,2480,7060,ギークス(株),東証STD,585,+2,0.34,"5,200",2026/09/17
2481,2481,7362,(株)Ｔ．Ｓ．Ｉ,東証GRT,881,+3,0.34,400,2026/09/17
2482,2482,7747,朝日インテック(株),東証PRM,"3,282",+11,0.34,"972,600",2026/09/17
2483,2483,8563,(株)大東銀行,東証STD,"1,195",+4,0.34,"52,900",2026/09/17
2484,2484,8914,エリアリンク(株),東証STD,878,+3,0.34,"83,800",2026/09/17
2485,2485,92025,ＡＮＡホールディングス（株）第１回社債型種類株式,東証PRM,"4,766",+16,0.34,"12,200",2026/09/17
2486,2486,9656,グリーンランドリゾート(株),東証STD,599,+2,0.34,"9,900",2026/09/17
2487,2487,1554,上場インデックス世界株式(MSCI ACWI)除く日本,東証ETF,"6,649",+22,0.33,557,2026/09/17
2488,2488,162A,AIセレクトメガトレンド日本株(ネットリターン)ETN,東証ETF,"16,490",+55,0.33,20,2026/09/17
2489,2489,2325,(株)ＮＪＳ,東証PRM,"4,565",+15,0.33,"15,900",2026/09/17
2490,2490,25935,(株)伊藤園第1種優先株式,東証PRM,"1,806",+6,0.33,"16,200",2026/09/17
2491,2491,2843,上場インデックスファンド豪州国債(H有),東証ETF,"3,604",+12,0.33,"11,137",2026/09/17
2492,2492,3474,Ｇ－ＦＡＣＴＯＲＹ(株),東証GRT,600,+2,0.33,900,2026/09/17
2493,2493,395A,業界改革厳選ETF地銀,東証ETF,"1,080",+3.5,0.33,"53,280",2026/09/17
2494,2494,4936,(株)アクシージア,東証STD,306,+1,0.33,"40,600",2026/09/17
2495,2495,5607,中央可鍛工業(株),名証MN,613,+2,0.33,"2,700",2026/09/17
2496,2496,5888,ＤＡＩＷＡ　ＣＹＣＬＥ(株),東証GRT,"2,737",+9,0.33,"1,600",2026/09/17
2497,2497,5923,高田機工(株),東証STD,"1,199",+4,0.33,"4,200",2026/09/17
2498,2498,6050,イー・ガーディアン(株),東証PRM,"1,806",+6,0.33,"10,800",2026/09/17
2499,2499,6224,(株)ＪＲＣ,東証GRT,"1,222",+4,0.33,"17,100",2026/09/17
2500,2500,7607,(株)進和,東証PRM,"3,050",+10,0.33,"19,300",2026/09/17
2501,2501,7928,旭化学工業(株),東証STD,616,+2,0.33,"1,000",2026/09/17
2502,2502,7938,(株)リーガルコーポレーション,東証STD,"2,109",+7,0.33,"3,300",2026/09/17
2503,2503,8976,大和証券オフィス投資法人,東証,"305,000","+1,000",0.33,"1,097",2026/09/17
2504,2504,9419,(株)ワイヤレスゲート,東証STD,300,+1,0.33,"7,900",2026/09/17
2505,2505,151A,(株)ダイブグループ,東証GRT,627,+2,0.32,"12,600",2026/09/17
2506,2506,1555,上場インデックスファンド豪州リート,東証ETF,"2,224",+7,0.32,971,2026/09/17
2507,2507,2552,上場Ｊリート(東証REIT指数)隔月分配(ミニ),東証ETF,"1,891",+6,0.32,"1,850",2026/09/17
2508,2508,3461,(株)パルマ,東証STD,630,+2,0.32,"3,600",2026/09/17
2509,2509,4240,クラスターテクノロジー(株),東証STD,310,+1,0.32,"3,300",2026/09/17
2510,2510,5284,ヤマウホールディングス(株),東証STD,"2,223",+7,0.32,"12,400",2026/09/17
2511,2511,6358,酒井重工業(株),東証PRM,"2,172",+7,0.32,"19,800",2026/09/17
2512,2512,6914,オプテックスグループ(株),東証PRM,"3,150",+10,0.32,"112,600",2026/09/17
2513,2513,7695,(株)交換できるくん,東証GRT,955,+3,0.32,"2,900",2026/09/17
2514,2514,7872,エステールホールディングス(株),東証STD,618,+2,0.32,"2,100",2026/09/17
2515,2515,9723,(株)京都ホテル,東証STD,631,+2,0.32,500,2026/09/17
2516,2516,9955,(株)ヨンキュウ,東証STD,"2,809",+9,0.32,"1,500",2026/09/17
2517,2517,1398,SMDAM 東証REIT指数上場投信,東証ETF,"1,794",+5.5,0.31,"94,840",2026/09/17
2518,2518,1657,iシェアーズ･コア MSCI 先進国株(除く日本)ETF,東証ETF,"7,075",+22,0.31,419,2026/09/17
2519,2519,1853,(株)森組,東証STD,323,+1,0.31,"15,200",2026/09/17
2520,2520,220A,(株)Ｆａｂｅｒ　Ｃｏｍｐａｎｙ,東証STD,958,+3,0.31,"1,000",2026/09/17
2521,2521,2512,(NEXT FUNDS)外国債券・FTSE世界国債(除く日本・H有),東証ETF,710.8,+2.2,0.31,"11,220",2026/09/17
2522,2522,2620,iシェアーズ 米国債1-3年,東証ETF,359.5,+1.1,0.31,"581,660",2026/09/17
2523,2523,3087,(株)ドトール・日レスホールディングス,東証PRM,"3,250",+10,0.31,"66,700",2026/09/17
2524,2524,343A,(株)ＩＡＣＥトラベル,東証STD,"1,311",+4,0.31,"4,300",2026/09/17
2525,2525,3451,トーセイ・リート投資法人,東証,"128,900",+400,0.31,557,2026/09/17
2526,2526,3562,(株)Ｎｏ．１,東証STD,"1,597",+5,0.31,"10,200",2026/09/17
2527,2527,3633,ＧＭＯペパボ(株),東証STD,"2,585",+8,0.31,"12,600",2026/09/17
2528,2528,4401,(株)ＡＤＥＫＡ,東証PRM,"4,576",+14,0.31,"204,700",2026/09/17
2529,2529,4481,ベース(株),東証PRM,"3,250",+10,0.31,"43,000",2026/09/17
2530,2530,4491,コンピューターマネージメント(株),東証STD,"3,270",+10,0.31,"2,400",2026/09/17
2531,2531,4928,(株)ノエビアホールディングス,東証PRM,"4,835",+15,0.31,"89,100",2026/09/17
2532,2532,6322,(株)タクミナ,東証STD,"1,605",+5,0.31,"1,100",2026/09/17
2533,2533,6845,アズビル(株),東証PRM,"1,464",+4.5,0.31,"1,093,800",2026/09/17
2534,2534,7040,(株)サン・ライフホールディング,東証STD,973,+3,0.31,500,2026/09/17
2535,2535,7545,(株)西松屋チェーン,東証PRM,"1,957",+6,0.31,"129,500",2026/09/17
2536,2536,7860,エイベックス(株),東証PRM,"1,279",+4,0.31,"69,800",2026/09/17
2537,2537,7995,(株)バルカー,東証PRM,"6,510",+20,0.31,"33,400",2026/09/17
2538,2538,8542,(株)トマト銀行,東証STD,"1,917",+6,0.31,"29,500",2026/09/17
2539,2539,9936,(株)王将フードサービス,東証PRM,"2,940",+9,0.31,"256,900",2026/09/17
2540,2540,1431,(株)Ｌｉｂ　Ｗｏｒｋ,東証GRT,658,+2,0.3,"6,600",2026/09/17
2541,2541,2170,(株)リンクアンドモチベーション,東証PRM,671,+2,0.3,"167,300",2026/09/17
2542,2542,2841,iFreeETF NASDAQ100(H有),東証ETF,"1,668",+5,0.3,"9,842",2026/09/17
2543,2543,3199,綿半ホールディングス(株),東証PRM,"1,320",+4,0.3,"28,400",2026/09/17
2544,2544,3636,(株)三菱総合研究所,東証PRM,"4,990",+15,0.3,"21,400",2026/09/17
2545,2545,4098,チタン工業(株),東証STD,"1,000",+3,0.3,"4,600",2026/09/17
2546,2546,4167,(株)ココペリ,東証GRT,334,+1,0.3,"7,300",2026/09/17
2547,2547,4179,(株)ジーネクスト,東証GRT,335,+1,0.3,"22,300",2026/09/17
2548,2548,4394,(株)エクスモーション,東証GRT,662,+2,0.3,"38,800",2026/09/17
2549,2549,4678,(株)秀英予備校,東証STD,334,+1,0.3,"1,900",2026/09/17
2550,2550,5852,(株)アーレスティ,東証PRM,670,+2,0.3,"56,600",2026/09/17
2551,2551,6082,(株)ライドオンエクスプレスホールディングス,東証STD,993,+3,0.3,"20,500",2026/09/17
2552,2552,6706,電気興業(株),東証PRM,"3,330",+10,0.3,"31,700",2026/09/17
2553,2553,7036,(株)イーエムネットジャパン,東証GRT,667,+2,0.3,"1,700",2026/09/17
2554,2554,7167,(株)めぶきフィナンシャルグループ,東証PRM,"1,685.5",+5,0.3,"1,779,000",2026/09/17
2555,2555,7879,(株)ノダ,東証STD,675,+2,0.3,"6,700",2026/09/17
2556,2556,8570,イオンフィナンシャルサービス(株),東証PRM,"1,644.5",+5,0.3,"374,000",2026/09/17
2557,2557,9008,京王電鉄(株),東証PRM,801.3,+2.4,0.3,"2,015,300",2026/09/17
2558,2558,92015,日本航空（株）第１回社債型種類株式,東証PRM,"10,150",+30,0.3,"7,700",2026/09/17
2559,2559,9332,ＮＩＳＳＯホールディングス(株),東証PRM,676,+2,0.3,"60,100",2026/09/17
2560,2560,9989,(株)サンドラッグ,東証PRM,"3,706",+11,0.3,"518,500",2026/09/17
2561,2561,1329,iシェアーズ・コア 日経225ETF,東証ETF,"6,644",+19,0.29,"178,152",2026/09/17
2562,2562,137A,Ｃｏｃｏｌｉｖｅ(株),東証GRT,703,+2,0.29,300,2026/09/17
2563,2563,2015,iFreeETF 米国国債7-10年(H無),東証ETF,"2,043",+6,0.29,909,2026/09/17
2564,2564,2087,NZAM 上場投信 NASDAQ100(H有),東証ETF,"3,402",+10,0.29,792,2026/09/17
2565,2565,2237,iFreeETF S&P500レバレッジ,東証ETF,"2,396",+7,0.29,"14,712",2026/09/17
2566,2566,2749,(株)ＪＰホールディングス,東証PRM,681,+2,0.29,"428,900",2026/09/17
2567,2567,3246,(株)コーセーアールイー,東証STD,694,+2,0.29,"7,900",2026/09/17
2568,2568,3791,(株)ＩＧポート,東証STD,"1,044",+3,0.29,"90,300",2026/09/17
2569,2569,5802,住友電気工業(株),東証PRM,"2,052.5",+6,0.29,"18,463,300",2026/09/17
2570,2570,6467,(株)ニチダイ,東証STD,345,+1,0.29,"6,300",2026/09/17
2571,2571,7621,(株)うかい,東証STD,"3,425",+10,0.29,"1,200",2026/09/17
2572,2572,8278,(株)フジ,東証PRM,"2,059",+6,0.29,"88,000",2026/09/17
2573,2573,9543,静岡ガス(株),東証PRM,"1,390",+4,0.29,"115,200",2026/09/17
2574,2574,9880,イノテック(株),東証PRM,"3,420",+10,0.29,"86,300",2026/09/17
2575,2575,1345,上場インデックスファンドJリート隔月分配,東証ETF,"1,775",+5,0.28,"11,874",2026/09/17
2576,2576,1595,NZAM 上場投信 東証REIT指数,東証ETF,"1,804",+5,0.28,"3,208",2026/09/17
2577,2577,1905,(株)テノックス,東証STD,"1,454",+4,0.28,"12,000",2026/09/17
2578,2578,2559,MAXIS 全世界株式(オール・カントリー)上場投信,東証ETF,"2,905",+8,0.28,"151,212",2026/09/17
2579,2579,2624,iFreeETF 日経225(年4回決算型),東証ETF,"6,438",+18,0.28,"23,302",2026/09/17
2580,2580,2722,(株)ＩＫホールディングス,東証STD,361,+1,0.28,"2,500",2026/09/17
2581,2581,3059,ヒラキ(株),東証STD,711,+2,0.28,"1,100",2026/09/17
2582,2582,3405,(株)クラレ,東証PRM,"1,819.5",+5,0.28,"1,272,500",2026/09/17
2583,2583,3646,(株)駅探,東証STD,354,+1,0.28,"3,600",2026/09/17
2584,2584,4078,堺化学工業(株),東証PRM,"3,630",+10,0.28,"218,000",2026/09/17
2585,2585,4255,ＴＨＥＣＯＯ(株),東証GRT,"3,580",+10,0.28,"4,400",2026/09/17
2586,2586,4324,(株)電通グループ,東証PRM,"3,633",+10,0.28,"626,700",2026/09/17
2587,2587,4437,ｇｏｏｄｄａｙｓホールディングス(株),東証GRT,722,+2,0.28,"1,700",2026/09/17
2588,2588,4531,有機合成薬品工業(株),東証STD,355,+1,0.28,"13,000",2026/09/17
2589,2589,5039,(株)キットアライブ,札幌ア,"1,070",+3,0.28,300,2026/09/17
2590,2590,5331,ノリタケ(株),東証PRM,"3,600",+10,0.28,"139,500",2026/09/17
2591,2591,564A,GX S&P先進国キャッシュフロー・トップ100,東証ETF,"1,065",+3,0.28,167,2026/09/17
2592,2592,5816,オーナンバ(株),東証STD,"1,433",+4,0.28,"24,700",2026/09/17
2593,2593,6448,ブラザー工業(株),東証PRM,"4,615",+13,0.28,"814,900",2026/09/17
2594,2594,7072,(株)インティメート・マージャー,東証GRT,"1,082",+3,0.28,"2,400",2026/09/17
2595,2595,7127,(株)一家ホールディングス,東証STD,708,+2,0.28,"3,500",2026/09/17
2596,2596,7192,日本モーゲージサービス(株),東証STD,712,+2,0.28,"19,200",2026/09/17
2597,2597,7299,フジオーゼックス(株),東証STD,"1,792",+5,0.28,900,2026/09/17
2598,2598,7453,(株)良品計画,東証PRM,"3,962",+11,0.28,"1,804,500",2026/09/17
2599,2599,8167,(株)リテールパートナーズ,東証PRM,"1,446",+4,0.28,"78,400",2026/09/17
2600,2600,8945,サンネクスタグループ(株),東証STD,"1,088",+3,0.28,"3,900",2026/09/17
2601,2601,9416,(株)ビジョン,東証PRM,"1,074",+3,0.28,"259,300",2026/09/17
2602,2602,94346,ソフトバンク(株)第2回社債型種類株式,東証PRM,"7,581",+21,0.28,"4,200",2026/09/17
2603,2603,1659,iシェアーズ 米国リート ETF,東証ETF,"3,679",+10,0.27,"4,065",2026/09/17
2604,2604,2009,鳥越製粉(株),東証STD,"1,109",+3,0.27,"10,100",2026/09/17
2605,2605,2036,NEXT NOTES 金先物 ダブル・ブル ETN,東証ETF,"149,950",+400,0.27,"2,825",2026/09/17
2606,2606,2046,NEXT NOTES インドNifty･ダブル・ブル ETN,東証ETF,"22,260",+60,0.27,338,2026/09/17
2607,2607,2258,iシェアーズ 米ドル建てハイイールド社債,東証ETF,219.7,+0.6,0.27,"13,420",2026/09/17
2608,2608,2462,ライク(株),東証PRM,"1,513",+4,0.27,"14,000",2026/09/17
2609,2609,2916,仙波糖化工業(株),東証STD,740,+2,0.27,"1,300",2026/09/17
2610,2610,3205,(株)ダイドーリミテッド,東証STD,735,+2,0.27,"63,700",2026/09/17
2611,2611,3290,Oneリート投資法人,東証,"75,600",+200,0.27,"2,206",2026/09/17
2612,2612,429A,テクセンドフォトマスク(株),東証PRM,"3,680",+10,0.27,"362,600",2026/09/17
2613,2613,537A,NZAM 上場投信 全世界株式(MSCI ACWI)(H無),東証ETF,"1,101",+3,0.27,452,2026/09/17
2614,2614,6059,(株)ウチヤマホールディングス,東証STD,372,+1,0.27,"10,000",2026/09/17
2615,2615,6186,(株)一蔵,東証STD,376,+1,0.27,"2,600",2026/09/17
2616,2616,6837,(株)京写,東証STD,367,+1,0.27,"15,600",2026/09/17
2617,2617,7369,(株)メイホーホールディングス,東証GRT,376,+1,0.27,"5,500",2026/09/17
2618,2618,7730,マニー(株),東証PRM,"1,461",+4,0.27,"149,100",2026/09/17
2619,2619,8132,シナネンホールディングス(株),東証PRM,"7,460",+20,0.27,"6,400",2026/09/17
2620,2620,9274,ＫＰＰグループホールディングス(株),東証PRM,"1,134",+3,0.27,"444,900",2026/09/17
2621,2621,9644,(株)タナベコンサルティンググループ,東証PRM,756,+2,0.27,"55,400",2026/09/17
2622,2622,9890,(株)マキヤ,東証STD,"1,472",+4,0.27,"15,600",2026/09/17
2623,2623,261A,(株)日水コン,東証STD,"1,965",+5,0.26,"15,800",2026/09/17
2624,2624,2669,カネ美食品(株),東証STD,"3,930",+10,0.26,"3,100",2026/09/17
2625,2625,2805,ヱスビー食品(株),東証STD,"7,770",+20,0.26,"94,000",2026/09/17
2626,2626,2981,(株)ランディックス,東証GRT,"2,286",+6,0.26,"2,100",2026/09/17
2627,2627,3093,(株)トレジャー・ファクトリー,東証PRM,"1,925",+5,0.26,"115,400",2026/09/17
2628,2628,3293,アズマハウス(株),東証STD,767,+2,0.26,"1,000",2026/09/17
2629,2629,3387,(株)クリエイト・レストランツ・ホールディングス,東証PRM,765,+2,0.26,"895,500",2026/09/17
2630,2630,6861,(株)キーエンス,東証PRM,"76,100",+200,0.26,"414,500",2026/09/17
2631,2631,6882,(株)三社電機製作所,東証STD,"1,140",+3,0.26,"19,800",2026/09/17
2632,2632,7350,(株)おきなわフィナンシャルグループ,東証PRM,"7,860",+20,0.26,"70,600",2026/09/17
2633,2633,7372,(株)デコルテ・ホールディングス,東証GRT,391,+1,0.26,"6,300",2026/09/17
2634,2634,7464,セフテック(株),東証STD,"1,533",+4,0.26,500,2026/09/17
2635,2635,7472,(株)鳥羽洋行,東証STD,"3,910",+10,0.26,400,2026/09/17
2636,2636,7731,(株)ニコン,東証PRM,"1,734",+4.5,0.26,"1,207,000",2026/09/17
2637,2637,8898,(株)センチュリー２１・ジャパン,東証STD,"1,152",+3,0.26,"1,300",2026/09/17
2638,2638,9171,栗林商船(株),東証STD,"1,532",+4,0.26,"1,400",2026/09/17
2639,2639,9733,(株)ナガセ,東証STD,"2,308",+6,0.26,"10,400",2026/09/17
2640,2640,1557,State Street SPDR S&P500 ETF,東証ETF,"118,500",+300,0.25,559,2026/09/17
2641,2641,1578,上場インデックスファンド日経225(ミニ),東証ETF,"5,119",+13,0.25,"3,037",2026/09/17
2642,2642,1615,(NEXT FUNDS)東証銀行業株価指数連動型上場投信,東証ETF,768.8,+1.9,0.25,"3,093,450",2026/09/17
2643,2643,3556,リネットジャパングループ(株),東証GRT,793,+2,0.25,"31,200",2026/09/17
2644,2644,4299,(株)ハイマックス,東証STD,"1,215",+3,0.25,"3,400",2026/09/17
2645,2645,4492,(株)ゼネテック,東証STD,398,+1,0.25,"14,000",2026/09/17
2646,2646,4547,キッセイ薬品工業(株),東証PRM,"4,020",+10,0.25,"56,100",2026/09/17
2647,2647,4977,新田ゼラチン(株),東証STD,"1,193",+3,0.25,"21,000",2026/09/17
2648,2648,5254,(株)Ａｒｅｎｔ,東証GRT,"4,090",+10,0.25,"7,100",2026/09/17
2649,2649,6159,ミクロン精密(株),東証STD,"2,040",+5,0.25,"2,200",2026/09/17
2650,2650,6233,ＫＬＡＳＳ(株),東証STD,406,+1,0.25,"3,400",2026/09/17
2651,2651,7389,(株)あいちフィナンシャルグループ,東証PRM,"1,986",+5,0.25,"815,200",2026/09/17
2652,2652,7883,サンメッセ(株),東証STD,400,+1,0.25,600,2026/09/17
2653,2653,7983,(株)ミロク,東証STD,"1,190",+3,0.25,"2,400",2026/09/17
2654,2654,8418,(株)山口フィナンシャルグループ,東証PRM,"3,256",+8,0.25,"432,400",2026/09/17
2655,2655,2179,(株)成学社,東証STD,821,+2,0.24,500,2026/09/17
2656,2656,2730,(株)エディオン,東証PRM,"2,524",+6,0.24,"240,800",2026/09/17
2657,2657,3075,(株)銚子丸,東証STD,"1,660",+4,0.24,"6,500",2026/09/17
2658,2658,3261,(株)グランディーズ,東証GRT,426,+1,0.24,"2,900",2026/09/17
2659,2659,3434,(株)アルファ,東証STD,"1,252",+3,0.24,"3,600",2026/09/17
2660,2660,3896,阿波製紙(株),東証STD,414,+1,0.24,"9,000",2026/09/17
2661,2661,4224,ロンシール工業(株),東証STD,"2,110",+5,0.24,"10,400",2026/09/17
2662,2662,4351,(株)山田再生系債権回収総合事務所,東証STD,840,+2,0.24,"1,200",2026/09/17
2663,2663,4374,(株)ＲＯＢＯＴ　ＰＡＹＭＥＮＴ,東証GRT,"2,491",+6,0.24,"1,500",2026/09/17
2664,2664,4420,イーソル(株),東証STD,824,+2,0.24,"114,600",2026/09/17
2665,2665,5619,マーソ(株),東証GRT,836,+2,0.24,200,2026/09/17
2666,2666,5891,(株)ＳＡＫＩＧＡＫＥホールディングス,東証STD,"1,678",+4,0.24,"1,600",2026/09/17
2667,2667,6727,(株)ワコム,東証PRM,843,+2,0.24,"367,200",2026/09/17
2668,2668,7198,ＳＢＩアルヒ(株),東証PRM,842,+2,0.24,"88,500",2026/09/17
2669,2669,7421,カッパ・クリエイト(株),東証PRM,"1,638",+4,0.24,"40,500",2026/09/17
2670,2670,7514,(株)ヒマラヤ,東証STD,852,+2,0.24,"2,800",2026/09/17
2671,2671,7775,大研医器(株),東証STD,424,+1,0.24,"24,900",2026/09/17
2672,2672,1566,上場インデックスファンド新興国債券,東証ETF,"51,610",+120,0.23,"2,084",2026/09/17
2673,2673,2247,iFreeETF S&P500(H無),東証ETF,"2,220",+5,0.23,"2,242",2026/09/17
2674,2674,2525,NZAM 上場投信 日経225,東証ETF,"64,500",+150,0.23,"9,688",2026/09/17
2675,2675,2852,iシェアーズ グリーンJリート,東証ETF,171.5,+0.4,0.23,820,2026/09/17
2676,2676,3048,(株)ビックカメラ,東証PRM,"1,760",+4,0.23,"393,900",2026/09/17
2677,2677,3320,クロスプラス(株),東証STD,"1,314",+3,0.23,"5,100",2026/09/17
2678,2678,4012,(株)アクシス,東証STD,"1,708",+4,0.23,"11,200",2026/09/17
2679,2679,4885,室町ケミカル(株),東証STD,864,+2,0.23,"4,300",2026/09/17
2680,2680,547A,ムニノバホールディングス(株),東証PRM,442,+1,0.23,"1,401,200",2026/09/17
2681,2681,6555,(株)ＭＳ＆Ｃｏｎｓｕｌｔｉｎｇ,東証STD,429,+1,0.23,100,2026/09/17
2682,2682,7343,ブロードマインド(株),東証GRT,"1,309",+3,0.23,"8,000",2026/09/17
2683,2683,8135,ゼット(株),東証STD,430,+1,0.23,"11,100",2026/09/17
2684,2684,9003,相鉄ホールディングス(株),東証PRM,"2,660",+6,0.23,"501,500",2026/09/17
2685,2685,9165,(株)クオルテック,東証GRT,"1,770",+4,0.23,"2,800",2026/09/17
2686,2686,9942,(株)ジョイフル,福証,"1,285",+3,0.23,"3,900",2026/09/17
2687,2687,3583,オーベクス(株),東証STD,"1,368",+3,0.22,200,2026/09/17
2688,2688,3649,(株)ファインデックス,東証PRM,910,+2,0.22,"75,100",2026/09/17
2689,2689,5285,(株)ヤマックス,東証STD,"1,340",+3,0.22,"16,000",2026/09/17
2690,2690,600A,ニッセイ ETF ラッセル2000,東証ETF,"1,848",+4,0.22,17,2026/09/17
2691,2691,9535,広島ガス(株),東証PRM,447,+1,0.22,"57,000",2026/09/17
2692,2692,1343,(NEXT FUNDS)東証REIT指数連動型上場投信,東証ETF,"1,896.5",+4,0.21,"703,010",2026/09/17
2693,2693,2238,iFreeETF S&P500インバース,東証ETF,"5,317",+11,0.21,234,2026/09/17
2694,2694,2689,オルバディーブイエックスヘルスケア(株),東証STD,"1,925",+4,0.21,"2,100",2026/09/17
2695,2695,3166,ＯＣＨＩホールディングス(株),東証STD,"1,456",+3,0.21,"3,000",2026/09/17
2696,2696,3280,(株)エストラスト,東証STD,940,+2,0.21,"6,600",2026/09/17
2697,2697,5915,(株)駒井ハルテック,東証STD,"2,427",+5,0.21,"3,000",2026/09/17
2698,2698,6942,(株)ソフィアホールディングス,東証STD,"1,443",+3,0.21,"1,200",2026/09/17
2699,2699,7320,Ｓｏｌｖｖｙ(株),東証GRT,"1,461",+3,0.21,"24,400",2026/09/17
2700,2700,7345,(株)アイ・パートナーズフィナンシャル,東証GRT,947,+2,0.21,"4,900",2026/09/17
2701,2701,8706,極東証券(株),東証PRM,"1,873",+4,0.21,"117,900",2026/09/17
2702,2702,2185,(株)シイエム・シイ,東証STD,"2,002",+4,0.2,"1,200",2026/09/17
2703,2703,2687,(株)シー・ヴイ・エス・ベイエリア,東証STD,490,+1,0.2,"2,200",2026/09/17
2704,2704,3140,ＢＲＵＮＯ(株),東証GRT,"1,019",+2,0.2,"9,200",2026/09/17
2705,2705,3470,マリモ地方創生リート投資法人,東証,"97,900",+200,0.2,918,2026/09/17
2706,2706,425A,GX ゴールドETF,東証ETF,358.8,+0.7,0.2,"153,220",2026/09/17
2707,2707,4371,(株)コアコンセプト・テクノロジー,東証GRT,"1,488",+3,0.2,"4,700",2026/09/17
2708,2708,4839,(株)ＷＯＷＯＷ,東証PRM,"1,005",+2,0.2,"34,000",2026/09/17
2709,2709,6039,(株)日本動物高度医療センター,東証GRT,"1,010",+2,0.2,"19,900",2026/09/17
2710,2710,6167,冨士ダイス(株),東証PRM,992,+2,0.2,"31,600",2026/09/17
2711,2711,6301,コマツ,東証PRM,"7,059",+14,0.2,"2,847,100",2026/09/17
2712,2712,7255,(株)桜井製作所,東証STD,502,+1,0.2,"1,000",2026/09/17
2713,2713,8103,明和産業(株),東証PRM,996,+2,0.2,"157,200",2026/09/17
2714,2714,8275,(株)フォーバル,東証STD,"1,009",+2,0.2,"39,000",2026/09/17
2715,2715,1446,(株)キャンディル,東証STD,539,+1,0.19,"3,100",2026/09/17
2716,2716,2378,(株)ルネサンス,東証PRM,"1,053",+2,0.19,"25,100",2026/09/17
2717,2717,2510,(NEXT FUNDS)国内債券・NOMURA-BPI総合,東証ETF,795.8,+1.5,0.19,"11,730",2026/09/17
2718,2718,2527,NZAM 上場投信 東証REIT Core指数,東証ETF,"1,080",+2,0.19,"20,270",2026/09/17
2719,2719,2528,iFreeETF 東証REIT Core指数,東証ETF,"1,056",+2,0.19,"10,610",2026/09/17
2720,2720,3065,(株)ライフフーズ,東証STD,"1,589",+3,0.19,"1,600",2026/09/17
2721,2721,3488,セントラル・リート投資法人,東証,"105,500",+200,0.19,878,2026/09/17
2722,2722,4350,(株)メディカルシステムネットワーク,東証STD,514,+1,0.19,"76,300",2026/09/17
2723,2723,6474,(株)不二越,東証PRM,"5,350",+10,0.19,"43,100",2026/09/17
2724,2724,6654,不二電機工業(株),東証STD,"1,078",+2,0.19,"9,300",2026/09/17
2725,2725,6724,セイコーエプソン(株),東証PRM,"3,171",+6,0.19,"1,375,700",2026/09/17
2726,2726,7150,(株)島根銀行,東証STD,516,+1,0.19,"16,100",2026/09/17
2727,2727,9325,ファイズホールディングス(株),東証STD,"1,061",+2,0.19,"9,400",2026/09/17
2728,2728,9979,(株)大庄,東証STD,"1,049",+2,0.19,"37,200",2026/09/17
2729,2729,2248,iFreeETF S&P500(H有),東証ETF,"2,726",+5,0.18,"51,964",2026/09/17
2730,2730,2869,iFreeETF NASDAQ100レバレッジ,東証ETF,"2,849",+5,0.18,"275,391",2026/09/17
2731,2731,3299,(株)ムゲンエステート,東証STD,"1,701",+3,0.18,"64,200",2026/09/17
2732,2732,4524,森下仁丹(株),東証STD,"2,245",+4,0.18,700,2026/09/17
2733,2733,4826,(株)ＣＩＪ,東証PRM,542,+1,0.18,"95,900",2026/09/17
2734,2734,5019,出光興産(株),東証PRM,"1,673",+3,0.18,"4,222,100",2026/09/17
2735,2735,6227,ＡＩメカテック(株),東証STD,"5,710",+10,0.18,"915,700",2026/09/17
2736,2736,6436,アマノ(株),東証PRM,"3,913",+7,0.18,"299,900",2026/09/17
2737,2737,6496,(株)中北製作所,東証STD,"5,450",+10,0.18,"3,600",2026/09/17
2738,2738,1476,iシェアーズ・コア Ｊリート ETF,東証ETF,"1,817",+3,0.17,"39,016",2026/09/17
2739,2739,1497,iシェアーズ 米ドル建ハイイールド社債ETF(H有),東証ETF,"1,719",+3,0.17,"1,734",2026/09/17
2740,2740,2169,ＣＤＳ(株),東証STD,"1,734",+3,0.17,"1,600",2026/09/17
2741,2741,2818,(株)ピエトロ,東証STD,"1,761",+3,0.17,"2,000",2026/09/17
2742,2742,294A,(NEXT FUNDS) MSCIジャパン気候変動指数(セレクト),東証ETF,"2,921",+5,0.17,27,2026/09/17
2743,2743,3046,(株)ジンズホールディングス,東証PRM,"5,880",+10,0.17,"127,400",2026/09/17
2744,2744,3135,(株)マーケットエンタープライズ,東証STD,"1,166",+2,0.17,"5,900",2026/09/17
2745,2745,3160,(株)大光,東証STD,581,+1,0.17,"5,400",2026/09/17
2746,2746,318A,VIX短期先物指数ETF,東証ETF,352.8,+0.6,0.17,"1,349,750",2026/09/17
2747,2747,3682,エンカレッジ・テクノロジ(株),東証STD,583,+1,0.17,"1,900",2026/09/17
2748,2748,4317,(株)レイ,東証STD,573,+1,0.17,600,2026/09/17
2749,2749,5025,(株)マーキュリー,東証GRT,582,+1,0.17,200,2026/09/17
2750,2750,7177,ＧＭＯフィナンシャルホールディングス(株),東証STD,"1,163",+2,0.17,"118,500",2026/09/17
2751,2751,7426,(株)山大,東証STD,595,+1,0.17,"1,100",2026/09/17
2752,2752,7567,(株)栄電子,東証STD,607,+1,0.17,"2,400",2026/09/17
2753,2753,7814,(株)日本創発グループ,東証STD,600,+1,0.17,"4,900",2026/09/17
2754,2754,9709,ＮＣＳ＆Ａ(株),東証STD,"1,202",+2,0.17,"18,300",2026/09/17
2755,2755,1420,サンヨーホームズ(株),東証STD,633,+1,0.16,"9,800",2026/09/17
2756,2756,2428,ウェルネット(株),東証STD,622,+1,0.16,"58,000",2026/09/17
2757,2757,2872,(株)セイヒョー,東証STD,"1,928",+3,0.16,"1,800",2026/09/17
2758,2758,3386,コスモ・バイオ(株),東証STD,"1,248",+2,0.16,"2,600",2026/09/17
2759,2759,3710,ジョルダン(株),東証STD,639,+1,0.16,"1,500",2026/09/17
2760,2760,3891,ニッポン高度紙工業(株),東証STD,"6,350",+10,0.16,"78,800",2026/09/17
2761,2761,391A,(株)山忠,名証MN,"2,459",+4,0.16,400,2026/09/17
2762,2762,4816,東映アニメーション(株),東証STD,"3,105",+5,0.16,"225,600",2026/09/17
2763,2763,4926,(株)シーボン,東証STD,"1,250",+2,0.16,"1,500",2026/09/17
2764,2764,5076,インフロニア・ホールディングス(株),東証PRM,"2,864.5",+4.5,0.16,"1,135,600",2026/09/17
2765,2765,590A,ギフティグループ(株),東証PRM,"1,280",+2,0.16,"120,300",2026/09/17
2766,2766,6156,(株)エーワン精密,東証STD,"1,840",+3,0.16,"6,000",2026/09/17
2767,2767,6382,トリニティ工業(株),東証STD,"1,227",+2,0.16,"14,700",2026/09/17
2768,2768,6568,神戸天然物化学(株),東証GRT,"1,222",+2,0.16,900,2026/09/17
2769,2769,7081,コーユーレンティア(株),東証STD,"1,282",+2,0.16,"1,100",2026/09/17
2770,2770,8065,佐藤商事(株),東証PRM,"3,060",+5,0.16,"104,800",2026/09/17
2771,2771,9033,広島電鉄(株),東証STD,633,+1,0.16,"6,100",2026/09/17
2772,2772,9827,リリカラ(株),東証STD,631,+1,0.16,"18,600",2026/09/17
2773,2773,9986,蔵王産業(株),東証STD,"2,500",+4,0.16,"1,400",2026/09/17
2774,2774,1623,(NEXT FUNDS)鉄鋼･非鉄上場投信,東証ETF,"61,880",+90,0.15,841,2026/09/17
2775,2775,1799,第一建設工業(株),東証STD,"3,310",+5,0.15,"21,300",2026/09/17
2776,2776,3161,アゼアス(株),東証STD,670,+1,0.15,"8,200",2026/09/17
2777,2777,3487,CREロジスティクスファンド投資法人,東証,"137,300",+200,0.15,"1,366",2026/09/17
2778,2778,4091,日本酸素ホールディングス(株),東証PRM,"5,508",+8,0.15,"547,300",2026/09/17
2779,2779,6294,オカダアイヨン(株),東証PRM,"1,958",+3,0.15,"17,600",2026/09/17
2780,2780,6620,宮越ホールディングス(株),東証PRM,675,+1,0.15,"14,700",2026/09/17
2781,2781,6798,ＳＭＫ(株),東証PRM,"3,325",+5,0.15,"8,800",2026/09/17
2782,2782,6964,(株)サンコー,東証STD,688,+1,0.15,"5,500",2026/09/17
2783,2783,7322,(株)三十三フィナンシャルグループ,東証PRM,"2,065",+3,0.15,"389,900",2026/09/17
2784,2784,7416,(株)はるやまホールディングス,東証STD,688,+1,0.15,"1,100",2026/09/17
2785,2785,7443,横浜魚類(株),東証STD,666,+1,0.15,"1,600",2026/09/17
2786,2786,8537,(株)大光銀行,東証STD,"3,240",+5,0.15,"32,700",2026/09/17
2787,2787,143A,イシン(株),東証GRT,701,+1,0.14,700,2026/09/17
2788,2788,2207,(株)ｍｅｉｔｏ,東証PRM,"3,470",+5,0.14,"34,400",2026/09/17
2789,2789,2632,MAXIS ナスダック100上場投信(H有),東証ETF,"17,675",+25,0.14,"4,612",2026/09/17
2790,2790,3571,(株)ソトー,東証STD,722,+1,0.14,"5,100",2026/09/17
2791,2791,381A,iFreeETF 米国国債3-5年(H無),東証ETF,"2,093",+3,0.14,"7,154",2026/09/17
2792,2792,3950,ザ・パック(株),東証PRM,"1,480",+2,0.14,"81,100",2026/09/17
2793,2793,4099,四国化成ホールディングス(株),東証PRM,"2,159",+3,0.14,"958,600",2026/09/17
2794,2794,4193,(株)ファブリカホールディングス,東証STD,"2,159",+3,0.14,"1,500",2026/09/17
2795,2795,4929,(株)アジュバンホールディングス,東証STD,741,+1,0.14,"2,100",2026/09/17
2796,2796,5527,(株)ｐｒｏｐｅｒｔｙ　ｔｅｃｈｎｏｌｏｇｉｅｓ,東証GRT,739,+1,0.14,"8,600",2026/09/17
2797,2797,6870,日本フェンオール(株),東証STD,"2,074",+3,0.14,"2,900",2026/09/17
2798,2798,7513,(株)コジマ,東証PRM,"1,447",+2,0.14,"126,400",2026/09/17
2799,2799,8039,築地魚市場(株),東証STD,"3,465",+5,0.14,800,2026/09/17
2800,2800,8920,(株)東祥,東証STD,696,+1,0.14,"35,700",2026/09/17
2801,2801,8972,KDX不動産投資法人,東証,"146,700",+200,0.14,"4,952",2026/09/17
2802,2802,9782,(株)ディーエムエス,東証STD,"3,490",+5,0.14,"21,200",2026/09/17
2803,2803,2209,井村屋グループ(株),東証PRM,"2,369",+3,0.13,"15,700",2026/09/17
2804,2804,2224,(株)コモ,東証STD,"3,715",+5,0.13,600,2026/09/17
2805,2805,2511,(NEXT FUNDS)外国債券・FTSE世界国債(除く日本・H無),東証ETF,"1,121.5",+1.5,0.13,"60,710",2026/09/17
2806,2806,2798,(株)ワイズテーブルコーポレーション,東証STD,"2,995",+4,0.13,"1,100",2026/09/17
2807,2807,286A,(株)ユカリア,東証GRT,794,+1,0.13,"34,900",2026/09/17
2808,2808,3659,(株)ネクソン,東証PRM,"3,128",+4,0.13,"2,182,400",2026/09/17
2809,2809,4439,(株)東名,東証STD,798,+1,0.13,"5,100",2026/09/17
2810,2810,5940,不二サッシ(株),東証STD,748,+1,0.13,"4,000",2026/09/17
2811,2811,6042,(株)ニッキ,東証STD,"3,835",+5,0.13,200,2026/09/17
2812,2812,6466,(株)ＴＶＥ,東証STD,"3,935",+5,0.13,"9,500",2026/09/17
2813,2813,6584,三桜工業(株),東証PRM,780,+1,0.13,"191,000",2026/09/17
2814,2814,6630,ヤーマン(株),東証PRM,789,+1,0.13,"44,200",2026/09/17
2815,2815,7049,(株)識学,東証GRT,775,+1,0.13,"15,400",2026/09/17
2816,2816,8141,新光商事(株),東証PRM,"1,568",+2,0.13,"20,000",2026/09/17
2817,2817,8203,(株)ＭｒＭａｘＨＤ,東証PRM,757,+1,0.13,"24,300",2026/09/17
2818,2818,8835,太平洋興発(株),東証STD,797,+1,0.13,"46,000",2026/09/17
2819,2819,8964,三井不動産商業ファンド投資法人,東証,"76,400",+100,0.13,"5,258",2026/09/17
2820,2820,9035,第一交通産業(株),福証,746,+1,0.13,"4,700",2026/09/17
2821,2821,9820,エムティジェネックス(株),東証STD,"3,725",+5,0.13,200,2026/09/17
2822,2822,1473,One ETF トピックス,東証ETF,"4,170",+5,0.12,"49,580",2026/09/17
2823,2823,149A,(株)シンカ,東証GRT,804,+1,0.12,"5,400",2026/09/17
2824,2824,1681,上場インデックスファンド海外新興国株式,東証ETF,"3,292",+4,0.12,"10,407",2026/09/17
2825,2825,2245,(NEXT FUNDS) ブルームバーグ 独国債(7-10年)(H有),東証ETF,684,+0.8,0.12,60,2026/09/17
2826,2826,2565,GX ロジスティクス・J-REIT,東証ETF,870,+1,0.12,"2,297",2026/09/17
2827,2827,3296,日本リート投資法人,東証,"80,900",+100,0.12,"2,945",2026/09/17
2828,2828,3600,(株)フジックス,東証STD,"1,722",+2,0.12,200,2026/09/17
2829,2829,383A,MAXIS S&P500均等ウェイト,東証ETF,"2,540",+3,0.12,181,2026/09/17
2830,2830,4464,(株)ソフト９９コーポレーション,東証STD,"4,050",+5,0.12,"1,100",2026/09/17
2831,2831,4925,(株)ハーバー研究所,東証STD,"1,729",+2,0.12,"1,300",2026/09/17
2832,2832,9365,トレーディア(株),東証STD,"1,634",+2,0.12,300,2026/09/17
2833,2833,9636,(株)きんえい,東証STD,"4,215",+5,0.12,"1,000",2026/09/17
2834,2834,142A,(株)ジンジブ,東証GRT,875,+1,0.11,"15,200",2026/09/17
2835,2835,1444,(株)ニッソウ,東証GRT,"2,724",+3,0.11,300,2026/09/17
2836,2836,1867,(株)植木組,東証STD,"2,742",+3,0.11,"2,200",2026/09/17
2837,2837,2186,ソーバル(株),東証STD,899,+1,0.11,800,2026/09/17
2838,2838,2259,iシェアーズ フランス国債7-10年(H有),東証ETF,175,+0.2,0.11,"2,210",2026/09/17
2839,2839,2304,(株)ＣＳＳホールディングス,東証STD,908,+1,0.11,"7,900",2026/09/17
2840,2840,2708,(株)久世,東証STD,"1,890",+2,0.11,800,2026/09/17
2841,2841,2855,GX グリーン・J-REIT,東証ETF,919,+1,0.11,"3,127",2026/09/17
2842,2842,3433,トーカロ(株),東証PRM,"2,815",+3,0.11,"155,100",2026/09/17
2843,2843,4270,(株)ＢｅｅＸ,東証GRT,"1,874",+2,0.11,700,2026/09/17
2844,2844,443A,iFreeETF 東証REIT指数(2・5・8・11月決算型),東証ETF,"1,812",+2,0.11,11,2026/09/17
2845,2845,4462,石原ケミカル(株),東証PRM,"2,805",+3,0.11,"37,500",2026/09/17
2846,2846,4811,(株)ドリーム・アーツ,東証GRT,877,+1,0.11,"7,400",2026/09/17
2847,2847,5586,(株)Ｌａｂｏｒｏ．ＡＩ,東証GRT,913,+1,0.11,"20,200",2026/09/17
2848,2848,6757,(株)ＯＳＧコーポレーション,東証STD,893,+1,0.11,"3,300",2026/09/17
2849,2849,7515,(株)マルヨシセンター,東証STD,"4,585",+5,0.11,200,2026/09/17
2850,2850,8707,岩井コスモホールディングス(株),東証PRM,"4,745",+5,0.11,"94,000",2026/09/17
2851,2851,8708,アイザワ証券グループ(株),東証PRM,"1,763",+2,0.11,"135,200",2026/09/17
2852,2852,8967,日本ロジスティクスファンド投資法人,東証,"92,400",+100,0.11,"6,841",2026/09/17
2853,2853,9193,東京汽船(株),東証STD,888,+1,0.11,"2,600",2026/09/17
2854,2854,9853,(株)銀座ルノアール,東証STD,909,+1,0.11,"1,100",2026/09/17
2855,2855,2098,GX ホテル&リテール・J-REIT,東証ETF,968,+1,0.1,"1,967",2026/09/17
2856,2856,2249,iFreeETF S&P500ダブルインバース,東証ETF,"9,595",+10,0.1,"1,080",2026/09/17
2857,2857,2554,(NEXT FUNDS)米国投資適格社債(1-10年)(H有),東証ETF,730.7,+0.7,0.1,470,2026/09/17
2858,2858,2683,(株)ＵＯＧｒｏｕｐ,東証STD,994,+1,0.1,"1,600",2026/09/17
2859,2859,3175,(株)エー・ピーホールディングス,東証STD,981,+1,0.1,"10,300",2026/09/17
2860,2860,3455,ヘルスケア＆メディカル投資法人,東証,"96,600",+100,0.1,"1,755",2026/09/17
2861,2861,4812,(株)電通総研,東証PRM,"2,864",+3,0.1,"462,300",2026/09/17
2862,2862,9110,ＮＳユナイテッド海運(株),東証PRM,"10,500",+10,0.1,"68,700",2026/09/17
2863,2863,9342,(株)スマサポ,東証GRT,981,+1,0.1,600,2026/09/17
2864,2864,1309,(NEXT FUNDS)ChinaAMC・中国株式・上証50,東証ETF,"54,390",+50,0.09,30,2026/09/17
2865,2865,2517,MAXIS Jリート･コア上場投信,東証ETF,"1,063.5",+1,0.09,"1,480",2026/09/17
2866,2866,2932,(株)ＳＴＩフードホールディングス,東証STD,"1,101",+1,0.09,"9,000",2026/09/17
2867,2867,3172,ティーライフ(株),東証STD,"1,124",+1,0.09,"2,400",2026/09/17
2868,2868,3676,(株)デジタルハーツホールディングス,東証PRM,"1,058",+1,0.09,"231,800",2026/09/17
2869,2869,3922,(株)ＰＲ　ＴＩＭＥＳ,東証PRM,"2,226",+2,0.09,"15,500",2026/09/17
2870,2870,4172,Ｈｉクラテス(株),東証STD,"2,322",+2,0.09,600,2026/09/17
2871,2871,4256,(株)サインド,東証GRT,"1,121",+1,0.09,"3,300",2026/09/17
2872,2872,4404,ミヨシ油脂(株),東証STD,"2,244",+2,0.09,"20,200",2026/09/17
2873,2873,4664,ＲＳＣ,東証STD,"1,125",+1,0.09,"71,300",2026/09/17
2874,2874,7997,(株)くろがね工作所,東証STD,"1,084",+1,0.09,500,2026/09/17
2875,2875,8699,ＨＳホールディングス(株),東証STD,"1,132",+1,0.09,"43,700",2026/09/17
2876,2876,9313,丸八倉庫(株),東証STD,"1,059",+1,0.09,"2,400",2026/09/17
2877,2877,1672,WisdomTree 金上場投信,東証ETF,"62,200",+50,0.08,101,2026/09/17
2878,2878,3297,(株)東武住販,東証STD,"1,178",+1,0.08,800,2026/09/17
2879,2879,3426,アトムリビンテック(株),東証STD,"1,299",+1,0.08,800,2026/09/17
2880,2880,3454,ファーストブラザーズ(株),東証STD,"1,256",+1,0.08,"1,700",2026/09/17
2881,2881,379A,GX S&P500 (ダイナミック・プロテクション),東証ETF,"1,315",+1,0.08,2,2026/09/17
2882,2882,3943,大石産業(株),東証STD,"1,323",+1,0.08,800,2026/09/17
2883,2883,5290,(株)ベルテクスコーポレーション,東証STD,"1,246",+1,0.08,"80,500",2026/09/17
2884,2884,5869,(株)早稲田学習研究会,東証STD,"1,256",+1,0.08,"3,000",2026/09/17
2885,2885,6503,三菱電機(株),東証PRM,"5,164",+4,0.08,"4,392,800",2026/09/17
2886,2886,7361,(株)ヒューマンクリエイションホールディングス,東証GRT,"1,193",+1,0.08,"6,700",2026/09/17
2887,2887,8144,(株)デンキョーグループホールディングス,東証STD,"1,267",+1,0.08,700,2026/09/17
2888,2888,8931,和田興産(株),東証STD,"1,315",+1,0.08,"9,200",2026/09/17
2889,2889,9221,フルハシＥＰＯ(株),東証STD,"1,189",+1,0.08,"36,100",2026/09/17
2890,2890,1419,タマホーム(株),東証PRM,"2,900",+2,0.07,"77,500",2026/09/17
2891,2891,1631,(NEXT FUNDS)銀行上場投信,東証ETF,"41,540",+30,0.07,"1,353",2026/09/17
2892,2892,2092,NZAM 上場投信 フランス国債7-10年(H有),東証ETF,"4,428",+3,0.07,1,2026/09/17
2893,2893,2792,(株)ハニーズホールディングス,東証PRM,"1,448",+1,0.07,"44,600",2026/09/17
2894,2894,2816,(株)ダイショー,東証STD,"1,419",+1,0.07,"2,300",2026/09/17
2895,2895,3466,ラサールロジポート投資法人,東証,"142,600",+100,0.07,"4,594",2026/09/17
2896,2896,3561,(株)力の源ホールディングス,東証PRM,"1,493",+1,0.07,"66,200",2026/09/17
2897,2897,363A,iFreeETF 英国FTSE100,東証ETF,"2,682",+2,0.07,243,2026/09/17
2898,2898,5210,日本山村硝子(株),東証STD,"2,888",+2,0.07,"22,700",2026/09/17
2899,2899,5391,(株)エーアンドエーマテリアル,東証STD,"1,496",+1,0.07,"1,300",2026/09/17
2900,2900,6183,(株)ベルシステム２４ホールディングス,東証PRM,"1,374",+1,0.07,"231,300",2026/09/17
2901,2901,6540,(株)船場,東証STD,"1,486",+1,0.07,"17,200",2026/09/17
2902,2902,7082,(株)ジモティー,東証GRT,"1,407",+1,0.07,"11,600",2026/09/17
2903,2903,7363,(株)ベビーカレンダー,東証GRT,"1,349",+1,0.07,"6,000",2026/09/17
2904,2904,9173,東海汽船(株),東証STD,"2,809",+2,0.07,800,2026/09/17
2905,2905,1597,MAXIS Jリート上場投信,東証ETF,"1,797",+1,0.06,"43,016",2026/09/17
2906,2906,1674,WisdomTree 白金上場投信,東証ETF,"25,175",+15,0.06,184,2026/09/17
2907,2907,1893,五洋建設(株),東証PRM,"1,583",+1,0.06,"2,655,200",2026/09/17
2908,2908,2152,幼児活動研究会(株),東証STD,"1,547",+1,0.06,800,2026/09/17
2909,2909,2627,GX eコマース-日本株式,東証ETF,"1,581",+1,0.06,2,2026/09/17
2910,2910,3352,(株)バッファロー,東証STD,"1,801",+1,0.06,600,2026/09/17
2911,2911,3420,(株)ケー・エフ・シー,東証STD,"1,555",+1,0.06,"1,300",2026/09/17
2912,2912,450A,ステート・ストリート・スパイダー S&P500 ETF(H有),東証ETF,781.1,+0.5,0.06,"6,140",2026/09/17
2913,2913,4752,(株)昭和システムエンジニアリング,東証STD,"1,600",+1,0.06,600,2026/09/17
2914,2914,476A,辻・本郷ＩＴコンサルティング(株),東証STD,"1,655",+1,0.06,"1,600",2026/09/17
2915,2915,9029,(株)ヒガシホールディングス,東証STD,"1,802",+1,0.06,"2,600",2026/09/17
2916,2916,2090,NZAM 上場投信 米国国債7-10年(H有),東証ETF,"4,225",+2,0.05,4,2026/09/17
2917,2917,2883,(株)大冷,東証STD,"2,048",+1,0.05,"3,800",2026/09/17
2918,2918,4623,(株)アサヒペン,東証STD,"1,856",+1,0.05,200,2026/09/17
2919,2919,483A,テラテクノロジー(株),東証STD,"2,170",+1,0.05,"3,700",2026/09/17
2920,2920,626A,iFreeETF ゴールドプラスインカム,東証ETF,"1,904",+1,0.05,"4,572",2026/09/17
2921,2921,7490,日新商事(株),東証STD,"2,187",+1,0.05,500,2026/09/17
2922,2922,8244,(株)近鉄百貨店,東証STD,"1,900",+1,0.05,"24,700",2026/09/17
2923,2923,9351,東洋埠頭(株),東証STD,"1,926",+1,0.05,"4,600",2026/09/17
2924,2924,2469,ヒビノ(株),東証STD,"2,761",+1,0.04,"10,100",2026/09/17
2925,2925,2636,GX MSCIガバナンス・クオリティ-日本株式,東証ETF,"4,862",+2,0.04,19,2026/09/17
2926,2926,274A,(株)ガーデン,東証STD,"2,252",+1,0.04,"8,800",2026/09/17
2927,2927,447A,ステート・ストリート・スパイダー ゴールド ETF(H無),東証ETF,267.4,+0.1,0.04,"45,980",2026/09/17
2928,2928,6810,マクセル(株),東証PRM,"2,537",+1,0.04,"107,100",2026/09/17
2929,2929,7596,(株)魚力,東証PRM,"2,350",+1,0.04,"21,600",2026/09/17
2930,2930,8560,(株)宮崎太陽銀行,福証,"2,602",+1,0.04,"1,200",2026/09/17
2931,2931,2555,東証REIT ETF,東証ETF,"1,814",+0.5,0.03,980,2026/09/17
2932,2932,236A,iシェアーズ 日本国債7-10年,東証ETF,435.7,+0.1,0.02,"62,860",2026/09/17
2933,2933,2251,(NEXT FUNDS) JPX国債先物ダブルインバース,東証ETF,914,+0.1,0.01,"12,010",2026/09/17
2934,2934,502A,GX 超短期円建て債券,東証ETF,901.6,+0.1,0.01,"7,530",2026/09/17
