順位(全市場),順位,コード,銘柄名,市場,現在値,前日比,騰落率(%),出来高,時刻
1,1,6138,ダイジェット工業(株),東証STD,"1,972",+400,25.45,"245,300",2026/08/12
2,2,3323,レカム(株),東証STD,102,+20,24.39,"27,496,100",2026/08/12
3,3,5987,(株)オーネックス,東証STD,"2,050",+400,24.24,700,2026/08/12
4,4,3173,(株)Ｃｏｍｉｎｉｘ,東証STD,"1,559",+300,23.83,"20,600",2026/08/12
5,5,8995,(株)誠建設工業,東証STD,"1,371",+235,20.69,"459,300",2026/08/12
6,6,6862,ミナトホールディングス(株),東証STD,"2,948",+500,20.42,"34,100",2026/08/12
7,7,4381,ビープラッツ(株),東証GRT,474,+80,20.3,"277,600",2026/08/12
8,8,7957,フジコピアン(株),東証STD,"2,390",+400,20.1,"3,000",2026/08/12
9,9,3131,シンデン・ハイテックス(株),東証STD,"6,160","+1,000",19.38,"7,500",2026/08/12
10,10,8132,シナネンホールディングス(株),東証PRM,"7,180",+980,15.81,"66,600",2026/08/12
11,11,4052,フィーチャ(株),東証GRT,733,+100,15.8,"227,400",2026/08/12
12,12,6907,ジオマテック(株),東証STD,756,+94,14.2,"203,700",2026/08/12
13,13,6570,(株)共和コーポレーション,東証STD,"2,970",+368,14.14,"140,500",2026/08/12
14,14,8783,ａｂｃ(株),東証STD,81,+10,14.08,"3,657,300",2026/08/12
15,15,5985,サンコール(株),東証STD,"1,994",+244,13.94,"4,615,600",2026/08/12
16,16,4884,クリングルファーマ(株),東証GRT,411,+49,13.54,"1,093,500",2026/08/12
17,17,1773,ＹＴＬ,東証PRM外国,87,+10,12.99,"116,000",2026/08/12
18,18,3976,(株)シャノン,東証GRT,601,+68,12.76,"104,800",2026/08/12
19,19,5542,新報国マテリアル(株),東証STD,984,+111,12.71,"149,000",2026/08/12
20,20,1960,(株)サンテック,東証STD,"1,634",+183,12.61,"491,800",2026/08/12
21,21,6834,(株)精工技研,東証STD,"23,700","+2,630",12.48,"772,100",2026/08/12
22,22,2038,NEXT NOTES ドバイ原油先物 ダブル・ブル ETN,東証ETF,"2,180",+229,11.74,"248,356",2026/08/12
23,23,3040,(株)ソリトンシステムズ,東証PRM,"2,299",+234,11.33,"739,500",2026/08/12
24,24,593A,(株)ティアフォー,東証GRT,"1,008",+99,10.89,"3,128,400",2026/08/12
25,25,6495,(株)宮入バルブ製作所,東証STD,133,+13,10.83,"2,062,900",2026/08/12
26,26,6327,北川精機(株),東証STD,"3,550",+340,10.59,"744,200",2026/08/12
27,27,5189,櫻護謨(株),東証STD,"3,670",+335,10.04,"19,900",2026/08/12
28,28,607A,(株)エブリー,東証GRT,255,+23,9.91,"3,349,000",2026/08/12
29,29,4919,(株)ミルボン,東証PRM,"3,215",+288,9.84,"546,300",2026/08/12
30,30,6072,地盤ネットホールディングス(株),東証STD,"1,175",+101,9.4,"2,546,600",2026/08/12
31,31,4240,クラスターテクノロジー(株),東証STD,350,+30,9.38,"41,200",2026/08/12
32,32,4937,(株)Ｗａｑｏｏ,東証GRT,"2,150",+182,9.25,"242,200",2026/08/12
33,33,6027,弁護士ドットコム(株),東証PRM,"2,650",+224,9.23,"379,600",2026/08/12
34,34,3187,(株)ミラタップ,東証GRT,338,+28,9.03,"141,600",2026/08/12
35,35,556A,犬猫生活(株),東証GRT,"2,179",+179,8.95,"66,800",2026/08/12
36,36,604A,(株)ビーエイブル,東証STD,"1,016",+83,8.9,"531,100",2026/08/12
37,37,4396,(株)システムサポートホールディングス,東証PRM,"1,268",+103,8.84,"885,100",2026/08/12
38,38,4681,リゾートトラスト(株),東証PRM,"1,905.5",+154,8.79,"2,202,500",2026/08/12
39,39,3787,(株)テクノマセマティカル,東証STD,291,+23,8.58,"182,700",2026/08/12
40,40,6846,(株)中央製作所,名証MN,"1,466",+115,8.51,"1,500",2026/08/12
41,41,6777,ｓａｎｔｅｃ　Ｈｏｌｄｉｎｇｓ(株),東証STD,"19,450","+1,520",8.48,"236,600",2026/08/12
42,42,3110,日東紡,東証PRM,"3,050",+235,8.35,"9,365,700",2026/08/12
43,43,2207,(株)ｍｅｉｔｏ,東証PRM,"3,530",+270,8.28,"131,800",2026/08/12
44,44,4565,ネクセラファーマ(株),東証PRM,"1,002",+76,8.21,"1,395,900",2026/08/12
45,45,2477,手間いらず(株),東証STD,"2,938",+221,8.13,"38,700",2026/08/12
46,46,6525,(株)ＫＯＫＵＳＡＩ　ＥＬＥＣＴＲＩＣ,東証PRM,"8,657",+651,8.13,"7,180,000",2026/08/12
47,47,5537,(株)ＡｌｂａＬｉｎｋ,東証GRT,"3,195",+231,7.79,"53,200",2026/08/12
48,48,1671,WTI原油価格連動型上場投信,東証ETF,"5,228",+375,7.73,"282,417",2026/08/12
49,49,3994,(株)マネーフォワード,東証PRM,"5,796",+415,7.71,"592,900",2026/08/12
50,50,1690,WisdomTree WTI原油上場投信,東証ETF,"2,369.5",+169,7.68,"2,220",2026/08/12
51,51,7363,(株)ベビーカレンダー,東証GRT,"1,270",+90,7.63,"30,400",2026/08/12
52,52,3803,イメージ情報開発(株),東証GRT,568,+40,7.58,"35,100",2026/08/12
53,53,7637,白銅(株),東証PRM,"3,910",+275,7.57,"117,200",2026/08/12
54,54,6976,太陽誘電(株),東証PRM,"10,265",+717,7.51,"29,942,800",2026/08/12
55,55,464A,(株)ＱＰＳホールディングス,東証GRT,"1,795",+125,7.49,"1,835,400",2026/08/12
56,56,5918,瀧上工業(株),東証STD,"7,960",+550,7.42,"4,100",2026/08/12
57,57,2489,(株)アドウェイズ,東証STD,350,+24,7.36,"4,413,400",2026/08/12
58,58,7389,(株)あいちフィナンシャルグループ,東証PRM,"1,688",+115,7.31,"699,800",2026/08/12
59,59,7906,ヨネックス(株),東証STD,"2,820",+190,7.22,"2,334,900",2026/08/12
60,60,268A,リガク・ホールディングス(株),東証PRM,"2,086",+140,7.19,"3,668,100",2026/08/12
61,61,9115,明海グループ(株),東証STD,927,+61,7.04,"39,700",2026/08/12
62,62,2033,NEXT NOTES 韓国KOSPI･ダブル･ブルETN,東証ETF,"68,050","+4,440",6.98,"6,363",2026/08/12
63,63,5801,古河電気工業(株),東証PRM,"4,222",+270,6.83,"37,123,200",2026/08/12
64,64,4687,ＴＤＣソフト(株),東証PRM,"1,009",+64,6.77,"129,200",2026/08/12
65,65,4811,(株)ドリーム・アーツ,東証GRT,844,+53,6.7,"32,800",2026/08/12
66,66,9424,日本通信(株),東証PRM,112,+7,6.67,"3,207,600",2026/08/12
67,67,3449,(株)テクノフレックス,東証STD,"4,115",+255,6.61,"228,600",2026/08/12
68,68,4004,(株)レゾナック・ホールディングス,東証PRM,"17,410","+1,075",6.58,"3,674,700",2026/08/12
69,69,6085,アーキテクツ・スタジオ・ジャパン(株),東証GRT,82,+5,6.49,"1,475,400",2026/08/12
70,70,3097,(株)物語コーポレーション,東証PRM,"5,790",+350,6.43,"690,600",2026/08/12
71,71,6647,森尾電機(株),東証STD,"3,220",+190,6.27,"3,700",2026/08/12
72,72,6787,(株)メイコー,東証PRM,"17,970","+1,060",6.27,"732,500",2026/08/12
73,73,1699,(NEXT FUNDS)NOMURA原油インデックス上場,東証ETF,627.8,+37,6.26,"253,230",2026/08/12
74,74,5256,(株)Ｆｕｓｉｃ,東証GRT,"2,598",+153,6.26,"18,000",2026/08/12
75,75,2737,(株)トーメンデバイス,東証PRM,"31,200","+1,830",6.23,"142,700",2026/08/12
76,76,4182,三菱ガス化学(株),東証PRM,"4,050",+235,6.16,"3,381,800",2026/08/12
77,77,3928,(株)マイネット,東証STD,260,+15,6.12,"151,300",2026/08/12
78,78,3195,(株)ジェネレーションパス,東証STD,575,+33,6.09,"25,500",2026/08/12
79,79,3944,古林紙工(株),東証STD,"3,050",+175,6.09,"2,300",2026/08/12
80,80,2413,エムスリー(株),東証PRM,"1,631.5",+93.5,6.08,"14,747,600",2026/08/12
81,81,6620,宮越ホールディングス(株),東証PRM,700,+40,6.06,"78,300",2026/08/12
82,82,5029,サークレイス(株),東証GRT,860,+49,6.04,"18,600",2026/08/12
83,83,6668,(株)アドテック　プラズマ　テクノロジー,東証STD,"3,660",+205,5.93,"133,700",2026/08/12
84,84,4827,ビジネス・ワンホールディングス(株),福岡Q,880,+49,5.9,"3,800",2026/08/12
85,85,2656,(株)ベクターホールディングス,東証STD,181,+10,5.85,"754,000",2026/08/12
86,86,5210,日本山村硝子(株),東証STD,"2,991",+164,5.8,"178,800",2026/08/12
87,87,6101,(株)ツガミ,東証PRM,"6,220",+340,5.78,"523,100",2026/08/12
88,88,4434,(株)サーバーワークス,東証STD,"2,526",+136,5.69,"89,300",2026/08/12
89,89,2354,(株)ＹＥ　ＤＩＧＩＴＡＬ,東証STD,"1,421",+76,5.65,"921,800",2026/08/12
90,90,6508,(株)明電舎,東証PRM,"11,400",+610,5.65,"286,600",2026/08/12
91,91,4416,(株)Ｔｒｕｅ　Ｄａｔａ,東証GRT,413,+22,5.63,"2,300",2026/08/12
92,92,9024,(株)西武ホールディングス,東証PRM,"3,412",+181,5.6,"1,773,500",2026/08/12
93,93,7875,竹田ｉＰホールディングス(株),東証STD,850,+45,5.59,"126,900",2026/08/12
94,94,7593,ＶＴホールディングス(株),東証PRM,513,+27,5.56,"1,534,800",2026/08/12
95,95,6580,(株)ライトアップ,東証GRT,761,+40,5.55,"62,400",2026/08/12
96,96,1491,中外鉱業(株),東証STD,828,+43,5.48,"99,100",2026/08/12
97,97,5027,ＡｎｙＭｉｎｄ　Ｇｒｏｕｐ(株),東証GRT,598,+31,5.47,"329,300",2026/08/12
98,98,186A,(株)アストロスケールホールディングス,東証GRT,"1,296",+67,5.45,"5,743,200",2026/08/12
99,99,598A,チャットプラス(株),東証GRT,"1,663",+86,5.45,"92,200",2026/08/12
100,100,5034,(株)ｕｎｅｒｒｙ,東証GRT,"2,246",+115,5.4,"24,900",2026/08/12
101,101,4374,(株)ＲＯＢＯＴ　ＰＡＹＭＥＮＴ,東証GRT,"2,448",+125,5.38,"40,700",2026/08/12
102,102,291A,(株)リスキル,東証GRT,"1,888",+96,5.36,"4,300",2026/08/12
103,103,8050,セイコーグループ(株),東証PRM,"11,240",+570,5.34,"1,061,900",2026/08/12
104,104,3891,ニッポン高度紙工業(株),東証STD,"7,110",+360,5.33,"110,500",2026/08/12
105,105,4564,オンコセラピー・サイエンス(株),東証GRT,20,+1,5.26,"212,836,000",2026/08/12
106,106,6265,コンバム(株),東証STD,"3,500",+175,5.26,"5,200",2026/08/12
107,107,1999,サイタホールディングス(株),福証,"4,210",+210,5.25,100,2026/08/12
108,108,3856,Ａｂａｌａｎｃｅ(株),東証STD,362,+18,5.23,"468,000",2026/08/12
109,109,4599,(株)ステムリム,東証GRT,343,+17,5.21,"562,900",2026/08/12
110,110,278A,Ｔｅｒｒａ　Ｄｒｏｎｅ(株),東証GRT,"12,760",+630,5.19,"797,300",2026/08/12
111,111,3825,(株)リミックスポイント,東証STD,223,+11,5.19,"1,418,600",2026/08/12
112,112,7256,河西工業(株),東証STD,446,+22,5.19,"107,900",2026/08/12
113,113,3878,(株)巴川コーポレーション,東証STD,914,+45,5.18,"93,200",2026/08/12
114,114,149A,(株)シンカ,東証GRT,773,+38,5.17,"5,400",2026/08/12
115,115,2492,(株)インフォマート,東証PRM,591,+29,5.16,"3,905,600",2026/08/12
116,116,6030,(株)アドベンチャー,東証GRT,"1,630",+80,5.16,"17,500",2026/08/12
117,117,7322,(株)三十三フィナンシャルグループ,東証PRM,"1,916",+94,5.16,"508,300",2026/08/12
118,118,4061,デンカ(株),東証PRM,"3,596",+176,5.15,"1,082,200",2026/08/12
119,119,9425,ＲｅＹｕｕ　Ｊａｐａｎ(株),東証STD,204,+10,5.15,"397,400",2026/08/12
120,120,387A,フラー(株),東証GRT,"1,050",+51,5.11,"6,600",2026/08/12
121,121,2862,上場インデックスファンドフランス国債(H有),東証ETF,"4,090",+198,5.09,1,2026/08/12
122,122,1691,WisdomTree ガソリン上場投信,東証ETF,"14,500",+700,5.07,27,2026/08/12
123,123,5802,住友電気工業(株),東証PRM,"2,270",+109,5.04,"27,560,000",2026/08/12
124,124,7369,(株)メイホーホールディングス,東証GRT,375,+18,5.04,"9,200",2026/08/12
125,125,2652,(株)まんだらけ,東証STD,480,+23,5.03,"262,800",2026/08/12
126,126,7189,(株)西日本フィナンシャルホールディングス,東証PRM,"4,640",+221,5.0,"432,200",2026/08/12
127,127,3374,内外テック(株),東証STD,"4,420",+210,4.99,"250,700",2026/08/12
128,128,4323,日本システム技術(株),東証PRM,"1,915",+91,4.99,"91,600",2026/08/12
129,129,6597,ＨＰＣシステムズ(株),東証GRT,"3,580",+170,4.99,"73,300",2026/08/12
130,130,7013,(株)ＩＨＩ,東証PRM,"2,896.5",+137.5,4.98,"16,753,500",2026/08/12
131,131,8362,(株)福井銀行,東証PRM,"6,320",+300,4.98,"63,900",2026/08/12
132,132,3954,昭和パックス(株),東証STD,"3,170",+150,4.97,"2,100",2026/08/12
133,133,6444,サンデン(株),東証STD,190,+9,4.97,"274,400",2026/08/12
134,134,9888,(株)ＵＥＸ,東証STD,"1,288",+61,4.97,"171,100",2026/08/12
135,135,3260,(株)エスポア,名証NXT,762,+36,4.96,"5,800",2026/08/12
136,136,3069,(株)ＪＦＬＡホールディングス,東証STD,170,+8,4.94,"436,700",2026/08/12
137,137,3776,(株)ブロードバンドタワー,東証STD,255,+12,4.94,"256,900",2026/08/12
138,138,7685,(株)ＢｕｙＳｅｌｌ　Ｔｅｃｈｎｏｌｏｇｉｅｓ,東証GRT,"3,315",+155,4.91,"498,500",2026/08/12
139,139,2919,(株)マルタイ,福証,"4,405",+205,4.88,100,2026/08/12
140,140,352A,(株)ＬＯＩＶＥ,東証GRT,559,+26,4.88,"8,600",2026/08/12
141,141,9780,(株)ハリマビステム,東証STD,991,+46,4.87,"51,700",2026/08/12
142,142,2488,ＪＴＰ(株),東証STD,"1,448",+67,4.85,"41,200",2026/08/12
143,143,5842,インテグラル(株),東証GRT,"2,985",+137,4.81,"181,500",2026/08/12
144,144,6245,(株)ヒラノテクシード,東証STD,"1,772",+81,4.79,"128,000",2026/08/12
145,145,4377,(株)ワンキャリア,東証GRT,"2,201",+100,4.76,"92,200",2026/08/12
146,146,141A,(株)トライアルホールディングス,東証GRT,"3,420",+155,4.75,"922,200",2026/08/12
147,147,505A,(株)ギークリー,東証STD,"1,351",+61,4.73,"54,100",2026/08/12
148,148,2961,日本調理機(株),東証STD,"1,555",+70,4.71,600,2026/08/12
149,149,4234,(株)サンエー化研,東証STD,955,+43,4.71,"105,800",2026/08/12
150,150,4631,ＤＩＣ(株),東証PRM,"5,631",+253,4.7,"2,824,900",2026/08/12
151,151,2323,(株)ｆｏｎｆｕｎ,東証STD,290,+13,4.69,"70,100",2026/08/12
152,152,5599,Ｓ＆Ｊ(株),東証GRT,"1,140",+51,4.68,"39,800",2026/08/12
153,153,9428,(株)クロップス,東証STD,"1,455",+65,4.68,"6,200",2026/08/12
154,154,2788,アップルインターナショナル(株),東証STD,406,+18,4.64,"152,600",2026/08/12
155,155,4059,(株)まぐまぐ,東証STD,408,+18,4.62,"1,300",2026/08/12
156,156,446A,(株)ノースサンド,東証GRT,"1,725",+76,4.61,"236,900",2026/08/12
157,157,3436,(株)ＳＵＭＣＯ,東証PRM,"3,647",+160,4.59,"13,055,400",2026/08/12
158,158,3673,(株)ブロードリーフ,東証PRM,457,+20,4.58,"1,424,300",2026/08/12
159,159,3905,データセクション(株),東証GRT,"1,859",+81,4.56,"3,388,700",2026/08/12
160,160,1685,WisdomTree エネルギー上場投信,東証ETF,810.3,+35.3,4.55,530,2026/08/12
161,161,3664,(株)ＷＩＺＥ,東証GRT,23,+1,4.55,"29,311,500",2026/08/12
162,162,2342,(株)トランスジェニックグループ,東証STD,231,+10,4.52,"82,600",2026/08/12
163,163,603A,(株)アイ・グリッド・ソリューションズ,東証GRT,886,+38,4.48,"832,500",2026/08/12
164,164,2673,夢みつけ隊(株),東証STD,117,+5,4.46,"210,900",2026/08/12
165,165,8393,(株)宮崎銀行,東証PRM,"2,414",+103,4.46,"237,300",2026/08/12
166,166,3984,(株)ユーザーローカル,東証PRM,"1,533",+65,4.43,"226,700",2026/08/12
167,167,8377,(株)ほくほくフィナンシャルグループ,東証PRM,"8,121",+343,4.41,"402,100",2026/08/12
168,168,4461,第一工業製薬(株),東証PRM,"14,950",+630,4.4,"228,500",2026/08/12
169,169,6488,(株)ヨシタケ,東証STD,"1,044",+44,4.4,"29,400",2026/08/12
170,170,7885,タカノ(株),東証STD,"1,117",+47,4.39,"20,700",2026/08/12
171,171,9271,(株)和心,東証GRT,"1,070",+45,4.39,"31,500",2026/08/12
172,172,8368,(株)百五銀行,東証PRM,"2,150",+90,4.37,"677,700",2026/08/12
173,173,6088,(株)シグマクシス・ホールディングス,東証PRM,551,+23,4.36,"857,700",2026/08/12
174,174,3371,(株)ソフトクリエイトホールディングス,東証PRM,"1,968",+82,4.35,"58,800",2026/08/12
175,175,5381,マイポックス(株),東証STD,936,+39,4.35,"336,600",2026/08/12
176,176,1379,ホクト(株),東証PRM,"2,001",+83,4.33,"291,000",2026/08/12
177,177,7735,(株)ＳＣＲＥＥＮホールディングス,東証PRM,"13,745",+570,4.33,"3,066,700",2026/08/12
178,178,6254,野村マイクロ・サイエンス(株),東証PRM,"3,985",+165,4.32,"1,441,500",2026/08/12
179,179,2501,サッポロビール(株),東証PRM,"2,034",+84,4.31,"2,480,600",2026/08/12
180,180,4960,ケミプロ化成(株),東証STD,557,+23,4.31,"63,800",2026/08/12
181,181,6266,タツモ(株),東証PRM,"3,640",+150,4.3,"1,161,800",2026/08/12
182,182,4583,(株)カイオム・バイオサイエンス,東証GRT,73,+3,4.29,"598,800",2026/08/12
183,183,8361,(株)大垣共立銀行,東証PRM,"7,610",+310,4.25,"147,500",2026/08/12
184,184,2045,NEXT NOTES S&P シンガポール リート(NR)ETN,東証ETF,"21,000",+855,4.24,1,2026/08/12
185,185,6005,三浦工業(株),東証PRM,"3,168",+129,4.24,"704,000",2026/08/12
186,186,3192,(株)白鳩,東証STD,298,+12,4.2,"13,100",2026/08/12
187,187,6298,ワイエイシイホールディングス(株),東証PRM,"1,264",+51,4.2,"219,800",2026/08/12
188,188,4040,南海化学(株),東証STD,"3,855",+155,4.19,"22,700",2026/08/12
189,189,9556,ＩＮＴＬＯＯＰ(株),東証GRT,"2,012",+81,4.19,"33,200",2026/08/12
190,190,3845,(株)アイフリークモバイル,東証STD,249,+10,4.18,"66,000",2026/08/12
191,191,4425,Ｋｕｄａｎ(株),東証GRT,"1,720",+69,4.18,"139,600",2026/08/12
192,192,2330,(株)フォーサイド,東証STD,75,+3,4.17,"165,700",2026/08/12
193,193,9236,ジャパンＭ＆Ａソリューション(株),東証GRT,"1,260",+50,4.13,"2,300",2026/08/12
194,194,4538,扶桑薬品工業(株),東証PRM,"2,281",+90,4.11,"37,900",2026/08/12
195,195,5706,三井金属(株),東証PRM,"29,000","+1,145",4.11,"2,655,800",2026/08/12
196,196,8929,(株)青山財産ネットワークス,東証STD,"1,269",+50,4.1,"114,000",2026/08/12
197,197,2036,NEXT NOTES 金先物 ダブル・ブル ETN,東証ETF,"167,150","+6,550",4.08,"10,736",2026/08/12
198,198,3446,(株)ジェイテックコーポレーション,東証STD,"1,583",+62,4.08,"28,200",2026/08/12
199,199,4563,アンジェス(株),東証GRT,51,+2,4.08,"971,800",2026/08/12
200,200,4496,(株)コマースＯｎｅホールディングス,東証GRT,792,+31,4.07,"2,900",2026/08/12
201,201,4544,Ｈ．Ｕ．グループホールディングス(株),東証PRM,"3,680",+144,4.07,"706,700",2026/08/12
202,202,4317,(株)レイ,東証STD,564,+22,4.06,"19,600",2026/08/12
203,203,5126,ポーターズ(株),東証GRT,"1,540",+60,4.05,600,2026/08/12
204,204,462A,(株)ＦＵＮＤＩＮＮＯ,東証GRT,232,+9,4.04,"147,000",2026/08/12
205,205,2440,(株)ぐるなび,東証STD,129,+5,4.03,"284,500",2026/08/12
206,206,290A,(株)Ｓｙｎｓｐｅｃｔｉｖｅ,東証GRT,"1,444",+56,4.03,"1,959,400",2026/08/12
207,207,8154,加賀電子(株),東証PRM,"5,160",+200,4.03,"210,300",2026/08/12
208,208,1899,(株)福田組,東証PRM,"4,790",+185,4.02,"128,200",2026/08/12
209,209,4641,(株)アルプス技研,東証PRM,828,+32,4.02,"169,000",2026/08/12
210,210,6016,(株)ジャパンエンジンコーポレーション,東証STD,"9,570",+370,4.02,"72,100",2026/08/12
211,211,9554,(株)ＡＶｉＣ,東証GRT,"1,657",+64,4.02,"31,300",2026/08/12
212,212,3661,(株)エムアップホールディングス,東証PRM,833,+32,4.0,"805,200",2026/08/12
213,213,6584,三桜工業(株),東証PRM,806,+31,4.0,"1,376,400",2026/08/12
214,214,9336,大栄環境(株),東証PRM,"3,900",+150,4.0,"318,100",2026/08/12
215,215,6199,(株)セラク,東証STD,"1,409",+54,3.99,"40,200",2026/08/12
216,216,5803,(株)フジクラ,東証PRM,"5,800",+220,3.94,"72,558,500",2026/08/12
217,217,4634,ａｒｔｉｅｎｃｅ(株),東証PRM,"5,020",+190,3.93,"243,400",2026/08/12
218,218,6675,サクサ(株),東証STD,"2,140",+81,3.93,"46,500",2026/08/12
219,219,8367,(株)南都銀行,東証PRM,"1,850",+70,3.93,"398,700",2026/08/12
220,220,5741,(株)ＵＡＣＪ,東証PRM,"2,420",+91,3.91,"737,900",2026/08/12
221,221,285A,キオクシアホールディングス(株),東証PRM,"49,870","+1,860",3.87,"38,905,900",2026/08/12
222,222,2962,(株)テクニスコ,東証STD,"1,316",+49,3.87,"75,600",2026/08/12
223,223,4490,(株)ビザスク,東証GRT,675,+25,3.85,"15,100",2026/08/12
224,224,477A,(株)スタートライン,東証GRT,649,+24,3.84,"20,800",2026/08/12
225,225,4019,(株)スタメン,東証GRT,650,+24,3.83,"26,400",2026/08/12
226,226,1686,WisdomTree 産業用金属上場投信,東証ETF,"3,125",+115,3.82,40,2026/08/12
227,227,402A,(株)アクセルスペースホールディングス,東証GRT,543,+20,3.82,"1,048,600",2026/08/12
228,228,2929,(株)ファーマフーズ,東証PRM,599,+22,3.81,"160,900",2026/08/12
229,229,4075,ブレインズテクノロジー(株),東証GRT,899,+33,3.81,"25,500",2026/08/12
230,230,4255,ＴＨＥＣＯＯ(株),東証GRT,"2,699",+99,3.81,"10,000",2026/08/12
231,231,4398,(株)ブロードバンドセキュリティ,東証STD,"1,308",+48,3.81,"14,700",2026/08/12
232,232,6181,タメニー(株),東証GRT,82,+3,3.8,"151,700",2026/08/12
233,233,3993,(株)ＰＫＳＨＡ　Ｔｅｃｈｎｏｌｏｇｙ,東証PRM,"3,010",+110,3.79,"396,500",2026/08/12
234,234,6518,三相電機(株),東証STD,"1,950",+71,3.78,"15,600",2026/08/12
235,235,9412,スカパーＪＳＡＴ(株),東証PRM,"2,390",+87,3.78,"1,561,800",2026/08/12
236,236,3778,さくらインターネット(株),東証PRM,"3,440",+125,3.77,"720,600",2026/08/12
237,237,4633,サカタインクス(株),東証PRM,"2,694",+97,3.74,"298,800",2026/08/12
238,238,7425,初穂商事(株),東証STD,"1,219",+44,3.74,"1,900",2026/08/12
239,239,4011,(株)ヘッドウォータース,東証GRT,"2,144",+77,3.73,"35,200",2026/08/12
240,240,4662,(株)フォーカスシステムズ,東証PRM,"1,702",+61,3.72,"132,800",2026/08/12
241,241,6047,(株)Ｇｕｎｏｓｙ,東証STD,390,+14,3.72,"135,100",2026/08/12
242,242,7800,(株)アミファ,東証STD,"1,060",+38,3.72,"53,700",2026/08/12
243,243,173A,(株)ハンモック,東証GRT,"1,508",+54,3.71,"1,200",2026/08/12
244,244,5729,日本精鉱(株),東証STD,"1,763",+63,3.71,"34,400",2026/08/12
245,245,9682,(株)ＤＴＳ,東証PRM,"1,089",+39,3.71,"763,900",2026/08/12
246,246,368A,(株)北里,東証PRM,"1,598",+57,3.7,"168,400",2026/08/12
247,247,7199,プレミアグループ(株),東証PRM,"2,185",+78,3.7,"865,000",2026/08/12
248,248,8836,(株)ＲＩＳＥ,東証STD,28,+1,3.7,"190,600",2026/08/12
249,249,410A,ＧＭＯコマース(株),東証GRT,"1,158",+41,3.67,"14,200",2026/08/12
250,250,472A,(株)ミラティブ,東証GRT,593,+21,3.67,"151,800",2026/08/12
251,251,8341,(株)七十七銀行,東証PRM,"3,738",+132,3.66,"624,000",2026/08/12
252,252,8344,(株)山形銀行,東証PRM,"4,250",+150,3.66,"114,300",2026/08/12
253,253,8301,日本銀行,東証,"22,800",+800,3.64,100,2026/08/12
254,254,7327,(株)第四北越フィナンシャルグループ,東証PRM,"2,426",+85,3.63,"808,500",2026/08/12
255,255,7358,(株)ポピンズ,東証STD,"1,743",+61,3.63,"53,600",2026/08/12
256,256,7868,(株)広済堂ホールディングス,東証PRM,543,+19,3.63,"798,900",2026/08/12
257,257,4393,(株)バンク・オブ・イノベーション,東証GRT,"5,160",+180,3.61,"36,100",2026/08/12
258,258,6037,楽待(株),東証STD,"1,066",+37,3.6,"38,600",2026/08/12
259,259,8056,ＢＩＰＲＯＧＹ(株),東証PRM,"4,516",+157,3.6,"618,800",2026/08/12
260,260,8334,(株)群馬銀行,東証PRM,"2,664",+92.5,3.6,"1,068,500",2026/08/12
261,261,8398,(株)筑邦銀行,福証,"2,100",+73,3.6,"2,700",2026/08/12
262,262,3929,ソーシャルワイヤー(株),東証GRT,260,+9,3.59,"34,400",2026/08/12
263,263,7990,グローブライド(株),東証PRM,"2,455",+85,3.59,"210,700",2026/08/12
264,264,9380,東海運(株),東証STD,433,+15,3.59,"107,900",2026/08/12
265,265,9684,(株)スクウェア・エニックス・ホールディングス,東証PRM,"2,974",+103,3.59,"5,357,800",2026/08/12
266,266,287A,黒田グループ(株),東証STD,"1,190",+41,3.57,"689,700",2026/08/12
267,267,8354,(株)ふくおかフィナンシャルグループ,東証PRM,"7,521",+259,3.57,"860,200",2026/08/12
268,268,153A,(株)カウリス,東証GRT,"1,338",+46,3.56,"33,400",2026/08/12
269,269,280A,(株)ＴＭＨ,東証GRT,"1,077",+37,3.56,"66,600",2026/08/12
270,270,1980,ダイダン(株),東証PRM,"2,628",+90,3.55,"662,500",2026/08/12
271,271,1436,(株)グリーンエナジー＆カンパニー,東証GRT,"1,552",+53,3.54,"33,700",2026/08/12
272,272,460A,ＢＲＡＮＵ(株),東証GRT,965,+33,3.54,"20,100",2026/08/12
273,273,1997,暁飯島工業(株),東証STD,"3,960",+135,3.53,"3,100",2026/08/12
274,274,9564,(株)ＦＣＥ,東証STD,587,+20,3.53,"145,800",2026/08/12
275,275,5243,ｎｏｔｅ(株),東証GRT,"2,473",+84,3.52,"291,300",2026/08/12
276,276,9407,(株)ＲＫＢ毎日ホールディングス,福証,"5,880",+200,3.52,200,2026/08/12
277,277,2304,(株)ＣＳＳホールディングス,東証STD,973,+33,3.51,"15,700",2026/08/12
278,278,2667,(株)イメージ　ワン,東証STD,118,+4,3.51,"248,700",2026/08/12
279,279,2926,(株)篠崎屋,東証STD,118,+4,3.51,"106,700",2026/08/12
280,280,606A,金2倍ブルETF,東証ETF,"23,095",+780,3.5,"6,788",2026/08/12
281,281,6457,グローリー(株),東証PRM,"4,853",+164,3.5,"249,600",2026/08/12
282,282,6507,シンフォニアテクノロジー(株),東証PRM,"13,000",+440,3.5,"231,000",2026/08/12
283,283,8345,(株)岩手銀行,東証PRM,"2,363",+80,3.5,"198,100",2026/08/12
284,284,2802,味の素(株),東証PRM,"5,456",+184,3.49,"4,908,600",2026/08/12
285,285,3441,(株)山王,東証STD,"2,725",+92,3.49,"35,500",2026/08/12
286,286,7730,マニー(株),東証PRM,"1,603",+54,3.49,"414,300",2026/08/12
287,287,8065,佐藤商事(株),東証PRM,"3,560",+120,3.49,"69,300",2026/08/12
288,288,1969,高砂熱学工業(株),東証PRM,"4,135",+139,3.48,"795,400",2026/08/12
289,289,5711,三菱マテリアル(株),東証PRM,"5,290",+178,3.48,"4,152,500",2026/08/12
290,290,6958,日本ＣＭＫ(株),東証PRM,744,+25,3.48,"1,346,800",2026/08/12
291,291,7060,ギークス(株),東証STD,595,+20,3.48,"18,900",2026/08/12
292,292,3913,ＧｒｅｅｎＢｅｅ(株),東証STD,"1,073",+36,3.47,"25,200",2026/08/12
293,293,2982,(株)ＡＤワークスグループ,東証PRM,419,+14,3.46,"449,500",2026/08/12
294,294,1429,(株)日本アクア,東証PRM,810,+27,3.45,"197,900",2026/08/12
295,295,3807,(株)フィスコ,東証GRT,90,+3,3.45,"190,500",2026/08/12
296,296,4186,東京応化工業(株),東証PRM,"9,336",+311,3.45,"1,024,400",2026/08/12
297,297,8316,(株)三井住友フィナンシャルグループ,東証PRM,"6,857",+228,3.44,"12,391,400",2026/08/12
298,298,378A,(株)ヒット,東証GRT,"1,125",+37,3.4,"39,800",2026/08/12
299,299,7760,ＩＭＶ(株),東証STD,"1,981",+65,3.39,"194,000",2026/08/12
300,300,281A,インフォメティス(株),東証GRT,459,+15,3.38,"81,700",2026/08/12
301,301,9401,(株)ＴＢＳホールディングス,東証PRM,"5,903",+193,3.38,"382,800",2026/08/12
302,302,1662,石油資源開発(株),東証PRM,"1,815",+59,3.36,"1,772,200",2026/08/12
303,303,2876,(株)デルソーレ,東証STD,492,+16,3.36,"3,900",2026/08/12
304,304,3467,アグレ都市デザイン(株),東証STD,"2,805",+91,3.35,"7,600",2026/08/12
305,305,6333,(株)ＴＥＩＫＯＫＵ,東証PRM,"3,235",+105,3.35,"46,700",2026/08/12
306,306,3416,ピクスタ(株),東証STD,866,+28,3.34,"3,100",2026/08/12
307,307,4071,(株)プラスアルファ・コンサルティング,東証PRM,"2,382",+77,3.34,"425,800",2026/08/12
308,308,5590,(株)ネットスターズ,東証GRT,711,+23,3.34,"116,200",2026/08/12
309,309,579A,GX 銀ビジネス,東証ETF,"1,021",+33,3.34,"18,740",2026/08/12
310,310,300A,ＭＩＣ(株),東証STD,"3,265",+105,3.32,"24,000",2026/08/12
311,311,3918,ＰＣＩホールディングス(株),東証STD,"1,150",+37,3.32,"29,000",2026/08/12
312,312,6195,(株)ホープ,東証GRT,218,+7,3.32,"25,100",2026/08/12
313,313,9267,Ｇｅｎｋｙ　ＤｒｕｇＳｔｏｒｅｓ(株),東証PRM,"3,590",+115,3.31,"86,100",2026/08/12
314,314,366A,ウェルネス・コミュニケーションズ(株),東証GRT,"1,063",+34,3.3,"39,100",2026/08/12
315,315,9735,セコム(株),東証PRM,"6,549",+209,3.3,"1,644,600",2026/08/12
316,316,1967,(株)ヤマト,東証STD,"2,070",+66,3.29,"35,200",2026/08/12
317,317,7944,ローランド(株),東証PRM,"4,390",+140,3.29,"150,800",2026/08/12
318,318,8395,(株)佐賀銀行,東証PRM,"5,970",+190,3.29,"56,700",2026/08/12
319,319,5884,(株)クラダシ,東証GRT,630,+20,3.28,"61,800",2026/08/12
320,320,6182,(株)メタリアル,東証GRT,472,+15,3.28,"40,800",2026/08/12
321,321,3837,アドソル日進(株),東証PRM,"1,422",+45,3.27,"204,000",2026/08/12
322,322,4478,フリー(株),東証GRT,"2,812",+89,3.27,"544,900",2026/08/12
323,323,6954,ファナック(株),東証PRM,"6,720",+213,3.27,"7,176,100",2026/08/12
324,324,2776,新都ホールディングス(株),東証STD,95,+3,3.26,"151,600",2026/08/12
325,325,5344,(株)ＭＡＲＵＷＡ,東証PRM,"60,670","+1,910",3.25,"180,700",2026/08/12
326,326,6334,明治機械(株),東証STD,509,+16,3.25,"29,100",2026/08/12
327,327,9854,愛眼(株),東証STD,286,+9,3.25,"122,200",2026/08/12
328,328,3773,(株)アドバンスト・メディア,東証GRT,"1,085",+34,3.24,"51,300",2026/08/12
329,329,6481,ＴＨＫ(株),東証PRM,"7,244",+227,3.24,"1,205,300",2026/08/12
330,330,6981,(株)村田製作所,東証PRM,"7,538",+236,3.23,"25,048,400",2026/08/12
331,331,7034,(株)プロレド・パートナーズ,東証PRM,384,+12,3.23,"16,200",2026/08/12
332,332,9739,ＮＳＷ(株),東証PRM,"2,618",+82,3.23,"46,500",2026/08/12
333,333,8337,(株)千葉興業銀行,東証PRM,"2,702",+84,3.21,"133,200",2026/08/12
334,334,2326,デジタルアーツ(株),東証PRM,"4,840",+150,3.2,"283,400",2026/08/12
335,335,6490,(株)ＰＩＬＬＡＲ,東証PRM,"10,350",+320,3.19,"153,800",2026/08/12
336,336,9327,(株)イー・ロジット,東証STD,194,+6,3.19,"5,200",2026/08/12
337,337,2146,ＵＴグループ(株),東証PRM,228,+7,3.17,"16,009,700",2026/08/12
338,338,9057,遠州トラック(株),東証STD,"3,255",+100,3.17,"1,900",2026/08/12
339,339,9256,(株)サクシード,東証GRT,"1,300",+40,3.17,"119,400",2026/08/12
340,340,8524,(株)北洋銀行,東証PRM,"1,242",+38,3.16,"1,764,100",2026/08/12
341,341,3407,旭化成(株),東証PRM,"1,734",+53,3.15,"7,455,100",2026/08/12
342,342,4848,(株)フルキャストホールディングス,東証PRM,"1,832",+56,3.15,"232,600",2026/08/12
343,343,5449,大阪製鐵(株),東証STD,"2,747",+84,3.15,"30,700",2026/08/12
344,344,5830,(株)いよぎんホールディングス,東証PRM,"3,830",+117,3.15,"995,700",2026/08/12
345,345,7380,(株)十六フィナンシャルグループ,東証PRM,"2,424",+74,3.15,"420,000",2026/08/12
346,346,9413,(株)テレビ東京ホールディングス,東証PRM,"3,445",+105,3.14,"132,000",2026/08/12
347,347,2345,(株)ＨＯＤＬ１,東証STD,99,+3,3.13,"178,100",2026/08/12
348,348,8411,(株)みずほフィナンシャルグループ,東証PRM,"8,502",+258,3.13,"9,009,000",2026/08/12
349,349,8308,(株)りそなホールディングス,東証PRM,"2,344",+71,3.12,"9,306,300",2026/08/12
350,350,8522,(株)名古屋銀行,東証PRM,"6,620",+200,3.12,"124,200",2026/08/12
351,351,6498,(株)キッツ,東証PRM,"2,086",+63,3.11,"619,200",2026/08/12
352,352,6752,パナソニック　ホールディングス(株),東証PRM,"4,574",+138,3.11,"11,494,800",2026/08/12
353,353,2317,(株)システナ,東証PRM,433,+13,3.1,"1,239,800",2026/08/12
354,354,4125,三和油化工業(株),東証STD,"3,985",+120,3.1,"44,300",2026/08/12
355,355,2334,(株)イオレ,東証GRT,536,+16,3.08,"747,300",2026/08/12
356,356,2060,フィード・ワン(株),東証PRM,"1,342",+40,3.07,"110,500",2026/08/12
357,357,7047,ポート(株),東証GRT,"2,685",+80,3.07,"154,700",2026/08/12
358,358,6098,(株)リクルートホールディングス,東証PRM,"16,660",+495,3.06,"9,007,900",2026/08/12
359,359,7198,ＳＢＩアルヒ(株),東証PRM,842,+25,3.06,"279,500",2026/08/12
360,360,265A,Ｈｍｃｏｍｍ(株),東証GRT,675,+20,3.05,"10,500",2026/08/12
361,361,3763,(株)プロシップ,東証PRM,"1,900",+56,3.04,"89,300",2026/08/12
362,362,4391,ロジザード(株),東証GRT,"1,188",+35,3.04,"10,100",2026/08/12
363,363,4667,アイサンテクノロジー(株),東証STD,"1,967",+58,3.04,"30,300",2026/08/12
364,364,4051,ＧＭＯフィナンシャルゲート(株),東証PRM,"6,810",+200,3.03,"35,600",2026/08/12
365,365,9166,(株)ＧＥＮＤＡ,東証GRT,681,+20,3.03,"1,146,100",2026/08/12
366,366,4062,イビデン(株),東証PRM,"20,480",+600,3.02,"7,950,100",2026/08/12
367,367,7012,川崎重工業(株),東証PRM,"2,775",+81,3.01,"14,345,800",2026/08/12
368,368,2780,(株)コメ兵ホールディングス,東証STD,"5,500",+160,3.0,"123,000",2026/08/12
369,369,145A,(株)Ｌ　ｉｓ　Ｂ,東証GRT,929,+27,2.99,"6,500",2026/08/12
370,370,206A,(株)ＰＲＩＳＭ　ＢｉｏＬａｂ,東証GRT,172,+5,2.99,"88,600",2026/08/12
371,371,5532,(株)リアルゲイト,東証GRT,"3,450",+100,2.99,"24,500",2026/08/12
372,372,6069,トレンダーズ(株),東証GRT,689,+20,2.99,"37,000",2026/08/12
373,373,4685,(株)菱友システムズ,東証STD,"2,698",+78,2.98,"35,200",2026/08/12
374,374,6469,(株)放電精密加工研究所,東証STD,"2,864",+83,2.98,"39,400",2026/08/12
375,375,8366,(株)滋賀銀行,東証PRM,"2,561",+74,2.98,"635,500",2026/08/12
376,376,438A,(株)インフキュリオン,東証GRT,868,+25,2.97,"151,300",2026/08/12
377,377,6492,岡野バルブ製造(株),東証STD,"14,570",+420,2.97,"14,900",2026/08/12
378,378,6089,(株)ウィルグループ,東証PRM,"1,148",+33,2.96,"132,100",2026/08/12
379,379,9561,(株)グラッドキューブ,東証GRT,418,+12,2.96,"9,200",2026/08/12
380,380,4784,ＧＭＯインターネット(株),東証PRM,559,+16,2.95,"1,258,200",2026/08/12
381,381,7699,オムニ・プラス・システム,東証GRT外国,698,+20,2.95,800,2026/08/12
382,382,3992,(株)ニーズウェル,東証PRM,455,+13,2.94,"45,400",2026/08/12
383,383,6634,(株)ＪＮグループ,東証STD,70,+2,2.94,"160,900",2026/08/12
384,384,4419,(株)Ｆｉｎａｔｅｘｔホールディングス,東証GRT,"1,650",+47,2.93,"786,500",2026/08/12
385,385,5254,(株)Ａｒｅｎｔ,東証GRT,"4,390",+125,2.93,"31,900",2026/08/12
386,386,6853,(株)共和電業,東証STD,774,+22,2.93,"46,300",2026/08/12
387,387,7818,(株)トランザクション,東証PRM,"1,194",+34,2.93,"704,400",2026/08/12
388,388,5889,Ｊａｐａｎ　Ｅｙｅｗｅａｒ　Ｈｏｌｄｉｎｇｓ(株),東証PRM,"2,569",+73,2.92,"119,800",2026/08/12
389,389,1605,(株)ＩＮＰＥＸ,東証PRM,"3,717",+105,2.91,"7,656,300",2026/08/12
390,390,2340,(株)極楽湯ホールディングス,東証STD,533,+15,2.9,"53,000",2026/08/12
391,391,8225,(株)タカチホ,東証STD,"3,725",+105,2.9,200,2026/08/12
392,392,296A,令和アカウンティング・ホールディングス(株),東証GRT,893,+25,2.88,"37,100",2026/08/12
393,393,3277,(株)サンセイランディック,東証STD,750,+21,2.88,"370,100",2026/08/12
394,394,3977,フュージョン(株),札幌ア,500,+14,2.88,500,2026/08/12
395,395,6918,(株)アバールデータ,東証STD,"3,395",+95,2.88,"53,300",2026/08/12
396,396,2376,(株)サイネックス,東証STD,788,+22,2.87,"2,500",2026/08/12
397,397,3624,アクセルマーク(株),東証GRT,72,+2,2.86,"454,900",2026/08/12
398,398,3628,(株)データホライゾン,東証GRT,576,+16,2.86,"3,400",2026/08/12
399,399,3826,(株)システムインテグレータ,東証STD,503,+14,2.86,"38,200",2026/08/12
400,400,4772,(株)ＳＭ　ＥＮＴＥＲＴＡＩＮＭＥＮＴ　ＪＡＰＡＮ,東証GRT,72,+2,2.86,"320,000",2026/08/12
401,401,6039,(株)日本動物高度医療センター,東証GRT,"1,079",+30,2.86,"64,600",2026/08/12
402,402,8025,(株)ツカモトコーポレーション,東証STD,"1,329",+37,2.86,"1,900",2026/08/12
403,403,8392,(株)大分銀行,東証PRM,"2,701",+75,2.86,"182,400",2026/08/12
404,404,9959,アシードホールディングス(株),東証STD,"1,118",+31,2.85,"2,100",2026/08/12
405,405,5621,(株)ヒューマンテクノロジーズ,東証GRT,"1,704",+47,2.84,"24,300",2026/08/12
406,406,9633,東京テアトル(株),東証STD,"1,700",+47,2.84,"18,800",2026/08/12
407,407,6025,日本ＰＣサービス(株),名証NXT,763,+21,2.83,"1,300",2026/08/12
408,408,1447,ＳＡＡＦホールディングス(株),東証GRT,364,+10,2.82,"57,600",2026/08/12
409,409,4406,新日本理化(株),東証STD,255,+7,2.82,"1,303,900",2026/08/12
410,410,6837,(株)京写,東証STD,364,+10,2.82,"155,700",2026/08/12
411,411,7167,(株)めぶきフィナンシャルグループ,東証PRM,"1,593.5",+43.5,2.81,"2,194,500",2026/08/12
412,412,218A,(株)Ｌｉｂｅｒａｗａｒｅ,東証GRT,"1,065",+29,2.8,"113,500",2026/08/12
413,413,4829,日本エンタープライズ(株),東証STD,110,+3,2.8,"255,800",2026/08/12
414,414,504A,イノバセル(株),東証GRT,588,+16,2.8,"74,200",2026/08/12
415,415,8544,(株)京葉銀行,東証PRM,"2,644",+72,2.8,"395,300",2026/08/12
416,416,429A,テクセンドフォトマスク(株),東証PRM,"3,870",+105,2.79,"1,051,500",2026/08/12
417,417,4480,(株)メドレー,東証PRM,"2,136",+58,2.79,"154,700",2026/08/12
418,418,5101,横浜ゴム(株),東証PRM,"7,693",+209,2.79,"2,660,000",2026/08/12
419,419,6694,(株)ズーム,東証STD,664,+18,2.79,"4,900",2026/08/12
420,420,2388,(株)ウェッジホールディングス,東証GRT,37,+1,2.78,"42,300",2026/08/12
421,421,5248,(株)テクノロジーズ,東証GRT,483,+13,2.77,"64,100",2026/08/12
422,422,6599,エブレン(株),東証STD,"3,335",+90,2.77,"2,900",2026/08/12
423,423,4441,トビラシステムズ(株),東証STD,"1,563",+42,2.76,"28,300",2026/08/12
424,424,7806,(株)ＭＴＧ,東証GRT,"8,180",+220,2.76,"127,100",2026/08/12
425,425,6292,(株)カワタ,東証STD,860,+23,2.75,"17,900",2026/08/12
426,426,6652,ＩＤＥＣ(株),東証PRM,"3,925",+105,2.75,"174,300",2026/08/12
427,427,5609,日本鋳造(株),東証STD,936,+25,2.74,"9,600",2026/08/12
428,428,8046,丸藤シートパイル(株),東証STD,"1,012",+27,2.74,"35,900",2026/08/12
429,429,8306,(株)三菱ＵＦＪフィナンシャル・グループ,東証PRM,"3,606",+96,2.74,"39,842,100",2026/08/12
430,430,8359,(株)八十二長野銀行,東証PRM,"2,604",+69.5,2.74,"1,425,100",2026/08/12
431,431,4676,(株)フジ・メディア・ホールディングス,東証PRM,"4,170",+111,2.73,"622,300",2026/08/12
432,432,8331,(株)千葉銀行,東証PRM,"2,747",+73,2.73,"2,319,200",2026/08/12
433,433,2032,NEXT NOTES 香港ハンセン･ベアETN,東証ETF,"6,079",+161,2.72,56,2026/08/12
434,434,584A,ＬｉＮＫＸ(株),東証GRT,"2,350",+62,2.71,"77,000",2026/08/12
435,435,5891,(株)ＳＡＫＩＧＡＫＥホールディングス,東証STD,"1,667",+44,2.71,"6,800",2026/08/12
436,436,9987,(株)スズケン,東証PRM,"5,000",+132,2.71,"224,900",2026/08/12
437,437,4208,ＵＢＥ(株),東証PRM,"3,650",+96,2.7,"1,460,100",2026/08/12
438,438,7974,任天堂(株),東証PRM,"8,488",+223,2.7,"17,246,700",2026/08/12
439,439,3288,(株)オープンハウスグループ,東証PRM,"8,278",+217,2.69,"710,900",2026/08/12
440,440,6656,インスペック(株),東証STD,879,+23,2.69,"94,800",2026/08/12
441,441,8551,(株)北日本銀行,東証PRM,"6,870",+180,2.69,"31,100",2026/08/12
442,442,339A,プログレス・テクノロジーズ　グループ(株),東証GRT,918,+24,2.68,"14,500",2026/08/12
443,443,5368,日本インシュレーション(株),東証STD,"1,033",+27,2.68,"11,900",2026/08/12
444,444,1573,中国H株ベア上場投信,東証ETF,"8,280",+215,2.67,380,2026/08/12
445,445,4591,(株)リボミック,東証GRT,77,+2,2.67,"457,000",2026/08/12
446,446,5697,(株)サンユウ,東証STD,846,+22,2.67,"15,700",2026/08/12
447,447,6523,ＰＨＣホールディングス(株),東証PRM,"1,348",+35,2.67,"824,100",2026/08/12
448,448,5342,ジャニス工業(株),名証MN,386,+10,2.66,200,2026/08/12
449,449,6380,オリエンタルチエン工業(株),東証STD,"3,855",+100,2.66,"5,400",2026/08/12
450,450,8844,(株)コスモスイニシア,東証STD,"1,237",+32,2.66,"95,200",2026/08/12
451,451,1615,(NEXT FUNDS)東証銀行業株価指数連動型上場投信,東証ETF,751.6,+19.4,2.65,"5,122,310",2026/08/12
452,452,500A,(株)ＴＯブックス,東証STD,"3,065",+79,2.65,"4,400",2026/08/12
453,453,8558,(株)東和銀行,東証PRM,"1,392",+36,2.65,"210,200",2026/08/12
454,454,3583,オーベクス(株),東証STD,"1,281",+33,2.64,"1,200",2026/08/12
455,455,3678,(株)メディアドゥ,東証PRM,"1,285",+33,2.64,"53,700",2026/08/12
456,456,5026,(株)トリプルアイズ,東証GRT,584,+15,2.64,"18,200",2026/08/12
457,457,2503,キリンホールディングス(株),東証PRM,"3,068",+78.5,2.63,"4,490,700",2026/08/12
458,458,6247,(株)日阪製作所,東証PRM,"1,730",+44,2.61,"64,900",2026/08/12
459,459,8035,東京エレクトロン(株),東証PRM,"58,230","+1,480",2.61,"2,740,400",2026/08/12
460,460,8386,(株)百十四銀行,東証PRM,"2,904",+74,2.61,"275,900",2026/08/12
461,461,9211,(株)エフ・コード,東証GRT,"1,534",+39,2.61,"151,900",2026/08/12
462,462,9366,(株)サンリツ,東証STD,"1,100",+28,2.61,"20,800",2026/08/12
463,463,7692,(株)アースインフィニティ,東証STD,79,+2,2.6,"301,300",2026/08/12
464,464,9553,(株)マイクロアド,東証GRT,631,+16,2.6,"94,400",2026/08/12
465,465,4382,ＨＥＲＯＺ(株),東証STD,754,+19,2.59,"142,500",2026/08/12
466,466,6861,(株)キーエンス,東証PRM,"87,200","+2,200",2.59,"667,800",2026/08/12
467,467,4820,(株)ＥＭシステムズ,東証PRM,557,+14,2.58,"150,300",2026/08/12
468,468,6361,荏原,東証PRM,"5,723",+144,2.58,"3,501,600",2026/08/12
469,469,4082,第一稀元素化学工業(株),東証PRM,"1,954",+49,2.57,"259,900",2026/08/12
470,470,4771,(株)エフアンドエム,東証STD,"2,671",+67,2.57,"15,300",2026/08/12
471,471,1736,(株)オーテック,東証STD,"2,323",+58,2.56,"19,000",2026/08/12
472,472,5832,(株)ちゅうぎんフィナンシャルグループ,東証PRM,"3,402",+85,2.56,"364,100",2026/08/12
473,473,7173,(株)東京きらぼしフィナンシャルグループ,東証PRM,"1,722",+43,2.56,"1,089,400",2026/08/12
474,474,7595,(株)アルゴグラフィックス,東証PRM,"1,323",+33,2.56,"241,800",2026/08/12
475,475,8387,(株)四国銀行,東証PRM,"3,405",+85,2.56,"191,200",2026/08/12
476,476,9502,中部電力(株),東証PRM,"2,729",+68,2.56,"2,658,400",2026/08/12
477,477,143A,イシン(株),東証GRT,684,+17,2.55,500,2026/08/12
478,478,1758,太洋基礎工業(株),東証STD,"2,497",+62,2.55,"4,900",2026/08/12
479,479,8381,(株)山陰合同銀行,東証PRM,"2,498",+62,2.55,"501,900",2026/08/12
480,480,4341,西菱電機(株),東証STD,887,+22,2.54,"2,200",2026/08/12
481,481,3494,(株)マリオン,東証STD,445,+11,2.53,"9,600",2026/08/12
482,482,4114,(株)日本触媒,東証PRM,"2,658.5",+65.5,2.53,"1,876,500",2026/08/12
483,483,4272,日本化薬(株),東証PRM,"2,105",+52,2.53,"699,500",2026/08/12
484,484,6231,木村工機(株),東証STD,"13,380",+330,2.53,"17,200",2026/08/12
485,485,6269,三井海洋開発(株),東証PRM,"9,898",+244,2.53,"633,500",2026/08/12
486,486,1563,東証グロース･コア,東証ETF,"2,361",+58,2.52,"25,237",2026/08/12
487,487,4373,シンプレクス・ホールディングス(株),東証PRM,"1,141",+28,2.52,"794,400",2026/08/12
488,488,4886,あすか製薬ホールディングス(株),東証PRM,"2,086",+51,2.51,"79,000",2026/08/12
489,489,5010,日本精蝋(株),東証STD,245,+6,2.51,"55,500",2026/08/12
490,490,1847,(株)イチケン,東証STD,"3,480",+85,2.5,"118,400",2026/08/12
491,491,4612,日本ペイントホールディングス(株),東証PRM,"1,269.5",+31,2.5,"3,649,000",2026/08/12
492,492,523A,(株)セイワホールディングス,東証GRT,"1,760",+43,2.5,"63,900",2026/08/12
493,493,540A,上場インデックスファンド日経銀行株トップ10,東証ETF,"2,049",+50,2.5,"387,258",2026/08/12
494,494,7388,(株)ＦＰパートナー,東証PRM,"2,210",+54,2.5,"54,900",2026/08/12
495,495,5582,(株)グリッド,東証GRT,"2,016",+49,2.49,"25,300",2026/08/12
496,496,6448,ブラザー工業(株),東証PRM,"4,684",+114,2.49,"1,245,200",2026/08/12
497,497,6637,寺崎電気産業(株),東証STD,"4,115",+100,2.49,"47,200",2026/08/12
498,498,9090,ＡＺ－ＣＯＭ丸和ホールディングス(株),東証PRM,864,+21,2.49,"384,500",2026/08/12
499,499,9532,大阪ガス(株),東証PRM,"5,553",+135,2.49,"1,035,200",2026/08/12
500,500,3916,デジタル・インフォメーション・テクノロジー(株),東証PRM,950,+23,2.48,"81,400",2026/08/12
501,501,6229,(株)オーケーエム,東証STD,"1,611",+39,2.48,"9,100",2026/08/12
502,502,9552,(株)クオンツ総研ホールディングス,東証PRM,992,+24,2.48,"185,800",2026/08/12
503,503,4477,ＢＡＳＥ(株),東証GRT,290,+7,2.47,"659,200",2026/08/12
504,504,7711,助川電気工業(株),東証STD,"4,770",+115,2.47,"44,600",2026/08/12
505,505,8714,(株)池田泉州ホールディングス,東証PRM,"1,039",+25,2.47,"867,600",2026/08/12
506,506,2533,オエノンホールディングス(株),東証PRM,458,+11,2.46,"94,300",2026/08/12
507,507,4840,(株)トライアイズ,東証STD,584,+14,2.46,"61,500",2026/08/12
508,508,7337,(株)ひろぎんホールディングス,東証PRM,"2,286.5",+55,2.46,"589,400",2026/08/12
509,509,215A,(株)タイミー,東証GRT,"1,670",+40,2.45,"1,833,500",2026/08/12
510,510,2325,(株)ＮＪＳ,東証PRM,"4,600",+110,2.45,"124,400",2026/08/12
511,511,4109,ステラ　ケミファ(株),東証PRM,"5,430",+130,2.45,"91,700",2026/08/12
512,512,498A,防衛・航空宇宙 欧州株(ネットリターン)ETN,東証ETF,"10,060",+241,2.45,717,2026/08/12
513,513,9753,アイエックス・ナレッジ(株),東証STD,"1,337",+32,2.45,"12,700",2026/08/12
514,514,9831,(株)ヤマダホールディングス,東証PRM,689.7,+16.5,2.45,"4,190,000",2026/08/12
515,515,6562,(株)ジーニー,東証GRT,"1,093",+26,2.44,"20,400",2026/08/12
516,516,7134,(株)アップガレージグループ,東証STD,"1,468",+35,2.44,"27,400",2026/08/12
517,517,7745,(株)Ａ＆Ｄホロンホールディングス,東証PRM,"2,900",+69,2.44,"95,000",2026/08/12
518,518,4488,ＡＩ　ｉｎｓｉｄｅ(株),東証GRT,"2,190",+52,2.43,"9,100",2026/08/12
519,519,4665,(株)ダスキン,東証PRM,"4,603",+109,2.43,"420,100",2026/08/12
520,520,5575,(株)Ｇｌｏｂｅｅ,東証GRT,"1,137",+27,2.43,"17,300",2026/08/12
521,521,8370,(株)紀陽銀行,東証PRM,"4,845",+115,2.43,"104,300",2026/08/12
522,522,9603,(株)エイチ・アイ・エス,東証PRM,"1,138",+27,2.43,"496,200",2026/08/12
523,523,4174,(株)アピリッツ,東証STD,762,+18,2.42,"15,400",2026/08/12
524,524,1684,WisdomTree ブロード上場投信,東証ETF,"2,550",+60,2.41,50,2026/08/12
525,525,4968,荒川化学工業(株),東証PRM,"2,292",+54,2.41,"214,900",2026/08/12
526,526,1673,WisdomTree 銀上場投信,東証ETF,"9,460",+222,2.4,"3,260",2026/08/12
527,527,2932,(株)ＳＴＩフードホールディングス,東証STD,"1,108",+26,2.4,"9,900",2026/08/12
528,528,3134,Ｈａｍｅｅ(株),東証STD,299,+7,2.4,"36,100",2026/08/12
529,529,4902,コニカミノルタ(株),東証PRM,670.4,+15.7,2.4,"3,161,000",2026/08/12
530,530,568A,iシェアーズ シルバー,東証ETF,171,+4,2.4,"75,730",2026/08/12
531,531,577A,GX シルバー,東証ETF,255.5,+6,2.4,"10,960",2026/08/12
532,532,7044,(株)ピアラ,東証STD,512,+12,2.4,"14,800",2026/08/12
533,533,7932,(株)ニッピ,東証STD,"11,530",+270,2.4,"19,500",2026/08/12
534,534,1542,純銀上場信託(現物国内保管型),東証ETF,"30,690",+715,2.39,"83,743",2026/08/12
535,535,4261,アジアクエスト(株),東証GRT,"3,210",+75,2.39,"3,300",2026/08/12
536,536,6194,(株)アトラエ,東証PRM,901,+21,2.39,"420,800",2026/08/12
537,537,7184,(株)富山第一銀行,東証PRM,"3,040",+71,2.39,"133,300",2026/08/12
538,538,2700,木徳神糧(株),東証STD,"1,724",+40,2.38,"22,200",2026/08/12
539,539,315A,GX 銀行 高配当-日本株式,東証ETF,"1,934",+45,2.38,"133,850",2026/08/12
540,540,391A,(株)山忠,名証MN,"2,540",+59,2.38,300,2026/08/12
541,541,4892,(株)サイフューズ,東証GRT,559,+13,2.38,"66,300",2026/08/12
542,542,7384,(株)プロクレアホールディングス,東証PRM,"4,310",+100,2.38,"61,400",2026/08/12
543,543,9339,(株)コーチ・エィ,東証STD,"1,418",+33,2.38,"2,800",2026/08/12
544,544,3836,(株)アバントグループ,東証PRM,"1,165",+27,2.37,"93,100",2026/08/12
545,545,6099,(株)エラン,東証PRM,776,+18,2.37,"98,200",2026/08/12
546,546,6145,ＮＩＴＴＯＫＵ(株),東証STD,"2,371",+55,2.37,"294,200",2026/08/12
547,547,6159,ミクロン精密(株),東証STD,"1,945",+45,2.37,"1,900",2026/08/12
548,548,6268,ナブテスコ(株),東証PRM,"5,002",+116,2.37,"935,200",2026/08/12
549,549,7078,ＩＮＣＬＵＳＩＶＥ　Ｈｏｌｄｉｎｇｓ(株),東証GRT,345,+8,2.37,"34,000",2026/08/12
550,550,7701,(株)島津製作所,東証PRM,"4,227",+98,2.37,"1,099,500",2026/08/12
551,551,1942,(株)関電工,東証PRM,"5,422",+125,2.36,"1,027,700",2026/08/12
552,552,3157,ジオリーブグループ(株),東証STD,"1,430",+33,2.36,"2,000",2026/08/12
553,553,4404,ミヨシ油脂(株),東証STD,"2,045",+47,2.35,"40,000",2026/08/12
554,554,479A,ＰＲＯＮＩ(株),東証GRT,"1,394",+32,2.35,"31,000",2026/08/12
555,555,7220,武蔵精密工業(株),東証PRM,"3,480",+80,2.35,"856,300",2026/08/12
556,556,7446,東北化学薬品(株),東証STD,"4,360",+100,2.35,300,2026/08/12
557,557,8416,(株)高知銀行,東証STD,"1,087",+25,2.35,"37,100",2026/08/12
558,558,9533,東邦ガス(株),東証PRM,"1,155",+26.5,2.35,"990,000",2026/08/12
559,559,3132,マクニカホールディングス(株),東証PRM,"3,676",+84,2.34,"599,900",2026/08/12
560,560,4064,日本カーバイド工業(株),東証PRM,"3,275",+75,2.34,"116,100",2026/08/12
561,561,4482,(株)ウィルズ,東証GRT,744,+17,2.34,"11,900",2026/08/12
562,562,6038,(株)イード,東証GRT,830,+19,2.34,"9,200",2026/08/12
563,563,6952,カシオ計算機(株),東証PRM,"2,365",+54,2.34,"1,485,100",2026/08/12
564,564,3659,(株)ネクソン,東証PRM,"2,526.5",+57.5,2.33,"2,954,100",2026/08/12
565,565,3670,協立情報通信(株),名証MN,"1,760",+40,2.33,200,2026/08/12
566,566,4689,ＬＩＮＥヤフー(株),東証PRM,499.7,+11.4,2.33,"25,352,300",2026/08/12
567,567,471A,ＮＳグループ(株),東証PRM,"1,583",+36,2.33,"212,300",2026/08/12
568,568,4833,(株)Ｄｅｆ　ｃｏｎｓｕｌｔｉｎｇ,東証GRT,44,+1,2.33,"193,500",2026/08/12
569,569,589A,ネイス(株),東証GRT,"1,320",+30,2.33,"61,100",2026/08/12
570,570,8364,(株)清水銀行,東証PRM,"2,811",+64,2.33,"21,700",2026/08/12
571,571,2331,ＡＬＳＯＫ(株),東証PRM,"1,170",+26.5,2.32,"1,444,100",2026/08/12
572,572,4887,サワイグループホールディングス(株),東証PRM,"1,633.5",+37,2.32,"595,700",2026/08/12
573,573,6191,(株)エアトリ,東証PRM,925,+21,2.32,"210,700",2026/08/12
574,574,6407,ＣＫＤ(株),東証PRM,"6,170",+140,2.32,"1,934,300",2026/08/12
575,575,9130,共栄タンカー(株),東証STD,"1,499",+34,2.32,"42,900",2026/08/12
576,576,4176,(株)ココナラ,東証GRT,266,+6,2.31,"109,200",2026/08/12
577,577,6336,(株)石井表記,東証STD,"1,642",+37,2.31,"37,900",2026/08/12
578,578,8747,豊トラスティ証券(株),東証STD,"2,079",+47,2.31,"7,200",2026/08/12
579,579,9238,バリュークリエーション(株),東証GRT,399,+9,2.31,"5,500",2026/08/12
580,580,1328,(NEXT FUNDS)金価格連動型上場投信,東証ETF,"16,670",+375,2.3,"48,368",2026/08/12
581,581,4409,東邦化学工業(株),東証STD,757,+17,2.3,"15,800",2026/08/12
582,582,7372,(株)デコルテ・ホールディングス,東証GRT,400,+9,2.3,"36,500",2026/08/12
583,583,7792,(株)コラントッテ,東証GRT,"1,512",+34,2.3,"15,100",2026/08/12
584,584,8737,(株)あかつき本社,東証STD,622,+14,2.3,"83,100",2026/08/12
585,585,407A,(株)ＵＮＩＣＯＮホールディングス,東証STD,899,+20,2.28,"53,800",2026/08/12
586,586,8388,(株)阿波銀行,東証PRM,"8,960",+200,2.28,"120,700",2026/08/12
587,587,4512,わかもと製薬(株),東証STD,270,+6,2.27,"58,600",2026/08/12
588,588,6762,ＴＤＫ(株),東証PRM,"3,114",+69,2.27,"7,280,800",2026/08/12
589,589,8303,(株)ＳＢＩ新生銀行,東証PRM,"1,579.5",+35,2.27,"3,838,100",2026/08/12
590,590,137A,Ｃｏｃｏｌｉｖｅ(株),東証GRT,724,+16,2.26,"8,800",2026/08/12
591,591,2432,(株)ディー・エヌ・エー,東証PRM,"2,512",+55.5,2.26,"1,053,500",2026/08/12
592,592,4838,スペースシャワーＳＫＩＹＡＫＩホールディングス(株),東証STD,678,+15,2.26,"51,100",2026/08/12
593,593,5535,ミガロホールディングス(株),東証PRM,271,+6,2.26,"72,700",2026/08/12
594,594,5888,ＤＡＩＷＡ　ＣＹＣＬＥ(株),東証GRT,"2,758",+61,2.26,"1,200",2026/08/12
595,595,4203,住友ベークライト(株),東証PRM,"7,780",+171,2.25,"693,100",2026/08/12
596,596,6405,鈴茂器工(株),東証STD,"1,134",+25,2.25,"42,200",2026/08/12
597,597,6874,協立電機(株),東証STD,"2,360",+52,2.25,"44,900",2026/08/12
598,598,7011,三菱重工業(株),東証PRM,"4,094",+90,2.25,"15,370,900",2026/08/12
599,599,7373,(株)アイドマ・ホールディングス,東証GRT,956,+21,2.25,"190,200",2026/08/12
600,600,9601,松竹(株),東証PRM,"10,890",+240,2.25,"67,100",2026/08/12
601,601,2286,林兼産業(株),東証STD,868,+19,2.24,"24,400",2026/08/12
602,602,3800,(株)ユニリタ,東証STD,"2,010",+44,2.24,"22,700",2026/08/12
603,603,8996,(株)ハウスフリーダム,東証STD,"1,097",+24,2.24,"4,500",2026/08/12
604,604,4890,(株)坪田ラボ,東証GRT,275,+6,2.23,"48,500",2026/08/12
605,605,1631,(NEXT FUNDS)銀行上場投信,東証ETF,"40,570",+880,2.22,"7,577",2026/08/12
606,606,277A,グロービング(株),東証PRM,"1,706",+37,2.22,"143,100",2026/08/12
607,607,4776,サイボウズ(株),東証PRM,"2,811",+61,2.22,"226,600",2026/08/12
608,608,6554,(株)エスユーエス,東証GRT,"1,059",+23,2.22,"20,000",2026/08/12
609,609,4055,ティアンドエスグループ(株),東証GRT,"1,570",+34,2.21,"38,800",2026/08/12
610,610,4481,ベース(株),東証PRM,"3,235",+70,2.21,"57,500",2026/08/12
611,611,8051,(株)山善,東証PRM,"1,942",+42,2.21,"313,500",2026/08/12
612,612,4043,(株)トクヤマ,東証PRM,"4,040",+87,2.2,"716,100",2026/08/12
613,613,4760,(株)アルファ,東証STD,"1,716",+37,2.2,"1,200",2026/08/12
614,614,4888,ステラファーマ(株),東証GRT,325,+7,2.2,"281,100",2026/08/12
615,615,6176,(株)ブランジスタ,東証STD,928,+20,2.2,"169,600",2026/08/12
616,616,7093,アディッシュ(株),東証GRT,557,+12,2.2,"5,100",2026/08/12
617,617,3854,(株)アイル,東証PRM,"2,328",+50,2.19,"162,800",2026/08/12
618,618,4978,(株)リプロセル,東証GRT,140,+3,2.19,"741,600",2026/08/12
619,619,6836,ぷらっとホーム(株),東証STD,840,+18,2.19,"159,300",2026/08/12
620,620,6965,浜松ホトニクス(株),東証PRM,"2,450",+52.5,2.19,"2,275,000",2026/08/12
621,621,9997,(株)ベルーナ,東証PRM,"1,025",+22,2.19,"236,600",2026/08/12
622,622,3979,(株)うるる,東証GRT,421,+9,2.18,"15,800",2026/08/12
623,623,5076,インフロニア・ホールディングス(株),東証PRM,"2,690",+57.5,2.18,"1,649,300",2026/08/12
624,624,8360,(株)山梨中央銀行,東証PRM,"7,040",+150,2.18,"99,600",2026/08/12
625,625,4192,スパイダープラス(株),東証GRT,283,+6,2.17,"212,800",2026/08/12
626,626,4975,(株)ＪＣＵ,東証PRM,"5,640",+120,2.17,"147,300",2026/08/12
627,627,6356,日本ギア工業(株),東証STD,"1,366",+29,2.17,"74,500",2026/08/12
628,628,7172,(株)ジャパンインベストメントアドバイザー,東証PRM,"2,069",+44,2.17,"265,000",2026/08/12
629,629,7236,(株)ティラド,東証PRM,"1,552",+33,2.17,"216,400",2026/08/12
630,630,8999,グランディハウス(株),東証PRM,564,+12,2.17,"113,900",2026/08/12
631,631,1401,(株)エムビーエス,東証GRT,"1,326",+28,2.16,"6,300",2026/08/12
632,632,3121,マーチャント・バンカーズ(株),東証STD,237,+5,2.16,"81,900",2026/08/12
633,633,3632,グリーホールディングス(株),東証PRM,425,+9,2.16,"872,800",2026/08/12
634,634,3892,(株)岡山製紙,東証STD,"1,563",+33,2.16,"3,600",2026/08/12
635,635,2291,福留ハム(株),東証STD,523,+11,2.15,"5,100",2026/08/12
636,636,3798,ＵＬＳグループ(株),東証STD,569,+12,2.15,"334,700",2026/08/12
637,637,7068,フィードフォースグループ(株),東証GRT,569,+12,2.15,"38,700",2026/08/12
638,638,9511,沖縄電力(株),東証PRM,"1,093",+23,2.15,"273,500",2026/08/12
639,639,4028,石原産業(株),東証PRM,"3,055",+64,2.14,"264,900",2026/08/12
640,640,8052,椿本興業(株),東証PRM,"2,767",+58,2.14,"42,800",2026/08/12
641,641,8617,光世証券(株),東証STD,573,+12,2.14,"3,800",2026/08/12
642,642,2058,(株)ヒガシマル,福証,"1,005",+21,2.13,"3,500",2026/08/12
643,643,6863,(株)ニレコ,東証STD,960,+20,2.13,"54,600",2026/08/12
644,644,2301,(株)学情,東証PRM,"1,641",+34,2.12,"123,900",2026/08/12
645,645,7362,(株)Ｔ．Ｓ．Ｉ,東証GRT,868,+18,2.12,"1,300",2026/08/12
646,646,7911,ＴＯＰＰＡＮホールディングス(株),東証PRM,"4,918",+102,2.12,"1,910,100",2026/08/12
647,647,5816,オーナンバ(株),東証STD,"1,600",+33,2.11,"24,300",2026/08/12
648,648,6574,(株)コンヴァノ,東証GRT,97,+2,2.11,"883,700",2026/08/12
649,649,5341,ＡＳＡＨＩ　ＥＩＴＯホールディングス(株),東証STD,146,+3,2.1,"33,800",2026/08/12
650,650,6208,(株)石川製作所,東証STD,"1,699",+35,2.1,"31,900",2026/08/12
651,651,3733,(株)ソフトウェア・サービス,東証STD,"11,740",+240,2.09,"12,400",2026/08/12
652,652,6262,(株)ＰＥＧＡＳＵＳ,東証STD,538,+11,2.09,"40,800",2026/08/12
653,653,6328,荏原実業(株),東証PRM,"2,291",+47,2.09,"168,200",2026/08/12
654,654,7320,Ｓｏｌｖｖｙ(株),東証GRT,"1,564",+32,2.09,"58,900",2026/08/12
655,655,1783,(株)ｆａｎｔａｓｉｓｔａ,東証STD,49,+1,2.08,"88,600",2026/08/12
656,656,2108,日本甜菜製糖(株),東証PRM,"5,390",+110,2.08,"43,400",2026/08/12
657,657,6224,(株)ＪＲＣ,東証GRT,"1,128",+23,2.08,"48,300",2026/08/12
658,658,6317,(株)北川鉄工所,東証STD,"1,819",+37,2.08,"32,900",2026/08/12
659,659,9980,ＭＲＫホールディングス(株),東証STD,98,+2,2.08,"199,900",2026/08/12
660,660,414A,(株)オーバーラップホールディングス,東証GRT,889,+18,2.07,"87,800",2026/08/12
661,661,5036,日本ビジネスシステムズ(株),東証PRM,"1,631",+33,2.07,"118,700",2026/08/12
662,662,6535,(株)アイモバイル,東証PRM,494,+10,2.07,"411,200",2026/08/12
663,663,7734,理研計器(株),東証PRM,"3,450",+70,2.07,"157,700",2026/08/12
664,664,9913,日邦産業(株),東証STD,"3,210",+65,2.07,"7,200",2026/08/12
665,665,4018,(株)Ｇｅｏｌｏｃａｔｉｏｎ　Ｔｅｃｈｎｏｌｏｇｙ,福岡Q,990,+20,2.06,800,2026/08/12
666,666,6184,(株)鎌倉新書,東証PRM,545,+11,2.06,"166,000",2026/08/12
667,667,8713,フィデアホールディングス(株),東証PRM,"2,477",+50,2.06,"117,400",2026/08/12
668,668,2127,(株)日本Ｍ＆Ａセンターホールディングス,東証PRM,663.4,+13.3,2.05,"2,093,200",2026/08/12
669,669,3542,(株)ベガコーポレーション,東証GRT,"1,441",+29,2.05,"15,800",2026/08/12
670,670,4345,(株)シーティーエス,東証PRM,847,+17,2.05,"116,300",2026/08/12
671,671,6544,ジャパンエレベーターサービスホールディングス(株),東証PRM,"1,496.5",+30,2.05,"1,203,400",2026/08/12
672,672,6696,(株)トラース・オン・プロダクト,東証GRT,299,+6,2.05,"19,700",2026/08/12
673,673,163A,半導体フォーカス日本株(ネットリターン)ETN,東証ETF,"20,000",+400,2.04,"4,432",2026/08/12
674,674,1689,WisdomTree 天然ガス上場投信,東証ETF,749,+15,2.04,"77,537",2026/08/12
675,675,3968,セグエグループ(株),東証PRM,601,+12,2.04,"487,900",2026/08/12
676,676,4483,(株)ＪＭＤＣ,東証PRM,"3,500",+70,2.04,"272,100",2026/08/12
677,677,552A,MAXIS 米国AIインフラ株上場投信,東証ETF,"2,500",+50,2.04,"4,606",2026/08/12
678,678,6071,(株)ＩＢＪ,東証PRM,852,+17,2.04,"171,200",2026/08/12
679,679,7793,(株)イメージ・マジック,東証GRT,"1,400",+28,2.04,"1,000",2026/08/12
680,680,8750,(株)第一ライフグループ,東証PRM,"1,877",+37.5,2.04,"9,032,000",2026/08/12
681,681,3375,(株)ＺＯＡ,東証STD,"1,760",+35,2.03,700,2026/08/12
682,682,6521,(株)オキサイド,東証GRT,"3,270",+65,2.03,"168,600",2026/08/12
683,683,6989,北陸電気工業(株),東証STD,"2,359",+47,2.03,"16,600",2026/08/12
684,684,3691,(株)デジタルプラス,東証GRT,"1,514",+30,2.02,"6,400",2026/08/12
685,685,5578,ＡＲアドバンストテクノロジ(株),東証GRT,859,+17,2.02,"32,700",2026/08/12
686,686,7695,(株)交換できるくん,東証GRT,756,+15,2.02,"24,800",2026/08/12
687,687,7729,(株)東京精密,東証PRM,"18,460",+365,2.02,"427,300",2026/08/12
688,688,4318,(株)クイック,東証PRM,811,+16,2.01,"117,700",2026/08/12
689,689,7186,(株)横浜フィナンシャルグループ,東証PRM,"1,874.5",+37,2.01,"2,861,300",2026/08/12
690,690,7354,(株)ダイレクトマーケティングミックス,東証STD,356,+7,2.01,"369,400",2026/08/12
691,691,9513,Ｊ－ＰＯＷＥＲ,東証PRM,"3,905",+77,2.01,"458,100",2026/08/12
692,692,4594,ブライトパス・バイオ(株),東証GRT,51,+1,2.0,"301,300",2026/08/12
693,693,4765,ＳＢＩグローバルアセットマネジメント(株),東証PRM,613,+12,2.0,"282,800",2026/08/12
694,694,5915,(株)駒井ハルテック,東証STD,"2,297",+45,2.0,"10,800",2026/08/12
695,695,6494,(株)ＮＦＫホールディングス,東証STD,102,+2,2.0,"328,200",2026/08/12
696,696,7527,(株)システムソフト,東証STD,51,+1,2.0,"1,313,900",2026/08/12
697,697,7915,ＮＩＳＳＨＡ(株),東証PRM,"1,275",+25,2.0,"208,000",2026/08/12
698,698,341A,(株)トヨコー,東証GRT,"1,948",+38,1.99,"34,900",2026/08/12
699,699,3963,(株)シンクロ・フード,東証PRM,359,+7,1.99,"19,900",2026/08/12
700,700,6091,(株)ウエスコホールディングス,東証STD,922,+18,1.99,"23,600",2026/08/12
701,701,6817,スミダコーポレーション(株),東証PRM,"1,232",+24,1.99,"251,300",2026/08/12
702,702,7148,(株)ＦＰＧ,東証PRM,"1,637",+32,1.99,"495,500",2026/08/12
703,703,7771,日本精密(株),東証STD,307,+6,1.99,"146,100",2026/08/12
704,704,7777,(株)スリー・ディー・マトリックス,東証GRT,359,+7,1.99,"1,447,800",2026/08/12
705,705,9531,東京ガス(株),東証PRM,"6,033",+118,1.99,"1,064,500",2026/08/12
706,706,1951,エクシオグループ(株),東証PRM,"2,632",+51,1.98,"1,033,000",2026/08/12
707,707,4979,ＯＡＴアグリオ(株),東証STD,"2,528",+49,1.98,"59,200",2026/08/12
708,708,6466,(株)ＴＶＥ,東証STD,"4,125",+80,1.98,"12,100",2026/08/12
709,709,6638,(株)ミマキエンジニアリング,東証PRM,"1,904",+37,1.98,"144,600",2026/08/12
710,710,8541,(株)愛媛銀行,東証PRM,"2,835",+55,1.98,"140,500",2026/08/12
711,711,9075,福山通運(株),東証PRM,"6,170",+120,1.98,"123,100",2026/08/12
712,712,4063,信越化学工業(株),東証PRM,"6,410",+124,1.97,"6,278,500",2026/08/12
713,713,4752,(株)昭和システムエンジニアリング,東証STD,"1,550",+30,1.97,"3,900",2026/08/12
714,714,3071,(株)ストリーム,東証STD,104,+2,1.96,"26,300",2026/08/12
715,715,1850,南海辰村建設(株),東証STD,419,+8,1.95,"26,200",2026/08/12
716,716,3671,ソフトマックス(株),東証STD,314,+6,1.95,"42,900",2026/08/12
717,717,7266,(株)今仙電機製作所,東証STD,940,+18,1.95,"30,300",2026/08/12
718,718,9759,(株)ＮＳＤ,東証PRM,"2,799.5",+53.5,1.95,"174,200",2026/08/12
719,719,3997,(株)トレードワークス,東証STD,367,+7,1.94,"220,300",2026/08/12
720,720,4388,(株)エーアイ,東証STD,367,+7,1.94,"34,900",2026/08/12
721,721,9348,(株)ｉｓｐａｃｅ,東証GRT,421,+8,1.94,"868,200",2026/08/12
722,722,9565,ＧＬＯＥ(株),東証GRT,683,+13,1.94,500,2026/08/12
723,723,9610,ウィルソン・ラーニング　ワールドワイド(株),東証STD,105,+2,1.94,"57,900",2026/08/12
724,724,480A,(株)リブ・コンサルティング,東証GRT,"1,054",+20,1.93,"25,100",2026/08/12
725,725,547A,ムニノバホールディングス(株),東証PRM,476,+9,1.93,"5,942,900",2026/08/12
726,726,5844,(株)京都フィナンシャルグループ,東証PRM,"4,759",+90,1.93,"813,900",2026/08/12
727,727,6545,(株)インターネットインフィニティー,東証GRT,900,+17,1.93,"15,700",2026/08/12
728,728,6997,日本ケミコン(株),東証PRM,"2,956",+56,1.93,"1,182,300",2026/08/12
729,729,8473,ＳＢＩホールディングス(株),東証PRM,"3,066",+58,1.93,"3,001,200",2026/08/12
730,730,200A,(NEXT FUNDS) 日経半導体株指数連動型上場投信,東証ETF,"4,448",+84,1.92,"2,172,389",2026/08/12
731,731,262A,(株)インターメスティック,東証PRM,"1,967",+37,1.92,"268,800",2026/08/12
732,732,3189,(株)ＡＮＡＰホールディングス,東証STD,106,+2,1.92,"119,600",2026/08/12
733,733,5356,美濃窯業(株),東証STD,"1,274",+24,1.92,"8,000",2026/08/12
734,734,8537,(株)大光銀行,東証STD,"2,763",+52,1.92,"24,300",2026/08/12
735,735,9158,(株)シーユーシー,東証GRT,747,+14,1.91,"24,500",2026/08/12
736,736,6198,(株)キャリア,東証GRT,214,+4,1.9,"1,600",2026/08/12
737,737,6246,(株)テクノスマート,東証STD,"1,825",+34,1.9,"7,100",2026/08/12
738,738,7609,ダイトロン(株),東証PRM,"4,570",+85,1.9,"180,200",2026/08/12
739,739,9795,(株)ステップ,東証PRM,"2,250",+42,1.9,"13,200",2026/08/12
740,740,1844,(株)大盛工業,東証STD,484,+9,1.89,"64,600",2026/08/12
741,741,369A,(株)エータイ,東証GRT,"2,476",+46,1.89,"23,000",2026/08/12
742,742,4651,(株)サニックスホールディングス,東証STD,269,+5,1.89,"126,500",2026/08/12
743,743,6727,(株)ワコム,東証PRM,807,+15,1.89,"486,300",2026/08/12
744,744,1672,WisdomTree 金上場投信,東証ETF,"64,950","+1,200",1.88,612,2026/08/12
745,745,3300,(株)アンビション　ＤＸ　ホールディングス,東証GRT,"2,221",+41,1.88,"39,000",2026/08/12
746,746,3565,アセンテック(株),東証STD,434,+8,1.88,"202,500",2026/08/12
747,747,4076,(株)シイエヌエス,東証GRT,"1,895",+35,1.88,"1,900",2026/08/12
748,748,6081,アライドアーキテクツ(株),東証GRT,163,+3,1.88,"101,800",2026/08/12
749,749,9729,(株)トーカイ,東証PRM,"2,494",+46,1.88,"43,600",2026/08/12
750,750,3662,(株)エイチームホールディングス,東証PRM,927,+17,1.87,"140,000",2026/08/12
751,751,395A,業界改革厳選ETF地銀,東証ETF,"1,035",+19,1.87,"46,160",2026/08/12
752,752,7187,ジェイリース(株),東証PRM,"1,360",+25,1.87,"81,800",2026/08/12
753,753,9221,フルハシＥＰＯ(株),東証STD,"1,255",+23,1.87,"6,100",2026/08/12
754,754,1627,(NEXT FUNDS)電力･ガス上場投信,東証ETF,"11,480",+210,1.86,"2,117",2026/08/12
755,755,255A,ジーエルテクノホールディングス(株),東証STD,"5,490",+100,1.86,"57,500",2026/08/12
756,756,4970,東洋合成工業(株),東証STD,"12,020",+220,1.86,"123,700",2026/08/12
757,757,6305,日立建機(株),東証PRM,"5,684",+104,1.86,"1,296,800",2026/08/12
758,758,9562,ビジネスコーチ(株),東証GRT,549,+10,1.86,"11,500",2026/08/12
759,759,5132,(株)ｐｌｕｓｚｅｒｏ,東証GRT,"1,868",+34,1.85,"22,300",2026/08/12
760,760,9247,ＴＲＥホールディングス(株),東証PRM,"1,987",+36,1.85,"240,200",2026/08/12
761,761,1435,(株)ｒｏｂｏｔ　ｈｏｍｅ,東証STD,166,+3,1.84,"441,900",2026/08/12
762,762,1458,楽天 ETF-日経レバレッジ指数連動型,東証ETF,"86,770","+1,570",1.84,"84,420",2026/08/12
763,763,4493,(株)サイバーセキュリティクラウド,東証GRT,"1,940",+35,1.84,"73,700",2026/08/12
764,764,513A,GX 防衛テック-日本株式,東証ETF,887,+16,1.84,"153,547",2026/08/12
765,765,150A,(株)ＪＳＨ,東証GRT,501,+9,1.83,"143,900",2026/08/12
766,766,3753,(株)フライトソリューションズ,東証STD,222,+4,1.83,"440,800",2026/08/12
767,767,3799,キーウェアソリューションズ(株),東証STD,"1,168",+21,1.83,"2,100",2026/08/12
768,768,4344,ソースネクスト(株),東証PRM,111,+2,1.83,"1,114,800",2026/08/12
769,769,9876,(株)コックス,東証STD,222,+4,1.83,"25,900",2026/08/12
770,770,4235,ウルトラファブリックス・ホールディングス(株),東証STD,729,+13,1.82,"47,000",2026/08/12
771,771,4310,(株)ドリームインキュベータ,東証PRM,"2,464",+44,1.82,"41,300",2026/08/12
772,772,6548,(株)旅工房,東証GRT,112,+2,1.82,"41,800",2026/08/12
773,773,7018,内海造船(株),東証STD,"11,750",+210,1.82,"19,500",2026/08/12
774,774,7347,(株)マーキュリアホールディングス,東証PRM,785,+14,1.82,"19,500",2026/08/12
775,775,8869,明和地所(株),東証STD,840,+15,1.82,"120,900",2026/08/12
776,776,2991,(株)ランドネット,東証STD,564,+10,1.81,"17,200",2026/08/12
777,777,4124,大阪油化工業(株),東証STD,"2,820",+50,1.81,"4,800",2026/08/12
778,778,4265,Ｉｎｓｔｉｔｕｔｉｏｎ　ｆｏｒ　ａ　Ｇｌｏｂａｌ　Ｓｏｃｉｅ(株),東証GRT,282,+5,1.81,"15,900",2026/08/12
779,779,4973,日本高純度化学(株),東証PRM,"4,770",+85,1.81,"50,100",2026/08/12
780,780,6770,アルプスアルパイン(株),東証PRM,"2,188",+39,1.81,"1,167,000",2026/08/12
781,781,2065,NEXT NOTES 日本株配当貴族（ドルH、NR）ETN,東証ETF,"56,540","+1,000",1.8,2,2026/08/12
782,782,2851,iシェアーズ MSCI ジャパンSRI,東証ETF,406.5,+7.2,1.8,390,2026/08/12
783,783,7359,(株)東京通信グループ,東証GRT,226,+4,1.8,"47,900",2026/08/12
784,784,9076,セイノーホールディングス(株),東証PRM,"2,793.5",+49.5,1.8,"621,700",2026/08/12
785,785,4980,デクセリアルズ(株),東証PRM,"3,120",+55,1.79,"1,091,200",2026/08/12
786,786,6961,(株)エンプラス,東証PRM,"10,790",+190,1.79,"225,600",2026/08/12
787,787,1579,日経平均ブル2倍上場投信,東証ETF,784.9,+13.7,1.78,"10,466,790",2026/08/12
788,788,1965,(株)テクノ菱和,東証STD,"6,300",+110,1.78,"76,000",2026/08/12
789,789,5384,(株)フジミインコーポレーテッド,東証PRM,"4,010",+70,1.78,"271,100",2026/08/12
790,790,6644,大崎電気工業(株),東証PRM,"1,541",+27,1.78,"247,700",2026/08/12
791,791,7182,(株)ゆうちょ銀行,東証PRM,"3,142",+55,1.78,"5,922,500",2026/08/12
792,792,8593,三菱ＨＣキャピタル(株),東証PRM,"1,409.5",+24.5,1.77,"4,646,300",2026/08/12
793,793,8877,エスリード(株),東証PRM,"5,180",+90,1.77,"34,600",2026/08/12
794,794,1570,(NEXT FUNDS)日経平均レバレッジ上場投信,東証ETF,"72,650","+1,260",1.76,"2,234,867",2026/08/12
795,795,213A,上場インデックスファンド日経半導体株,東証ETF,410,+7.1,1.76,"1,187,750",2026/08/12
796,796,2471,(株)エスプール,東証PRM,289,+5,1.76,"518,900",2026/08/12
797,797,5367,(株)ニッカトー,東証STD,"1,213",+21,1.76,"135,400",2026/08/12
798,798,5527,(株)ｐｒｏｐｅｒｔｙ　ｔｅｃｈｎｏｌｏｇｉｅｓ,東証GRT,692,+12,1.76,"9,600",2026/08/12
799,799,5580,(株)プロディライト,東証GRT,"1,676",+29,1.76,"2,300",2026/08/12
800,800,6183,(株)ベルシステム２４ホールディングス,東証PRM,"1,388",+24,1.76,"392,700",2026/08/12
801,801,6189,(株)グローバルキッズＣＯＭＰＡＮＹ,東証STD,"1,038",+18,1.76,"25,300",2026/08/12
802,802,6612,バルミューダ(株),東証GRT,636,+11,1.76,"5,500",2026/08/12
803,803,6963,ローム(株),東証PRM,"4,793",+83,1.76,"3,299,600",2026/08/12
804,804,9743,(株)丹青社,東証PRM,"1,447",+25,1.76,"512,800",2026/08/12
805,805,1319,(NEXT FUNDS)日経300株価指数連動型上場投信,東証ETF,750.1,+12.9,1.75,"5,000",2026/08/12
806,806,2195,アミタホールディングス(株),東証GRT,349,+6,1.75,"60,200",2026/08/12
807,807,241A,(株)ＲＯＸＸ,東証GRT,407,+7,1.75,"36,400",2026/08/12
808,808,3252,地主(株),東証PRM,"2,910",+50,1.75,"140,600",2026/08/12
809,809,3267,(株)フィル・カンパニー,東証STD,639,+11,1.75,"11,800",2026/08/12
810,810,4819,(株)デジタルガレージ,東証PRM,"2,326",+40,1.75,"282,600",2026/08/12
811,811,6277,ホソカワミクロン(株),東証PRM,"5,230",+90,1.75,"36,000",2026/08/12
812,812,6996,ニチコン(株),東証PRM,"2,913",+50,1.75,"776,300",2026/08/12
813,813,7196,(株)Ｃａｓａ,東証STD,754,+13,1.75,"46,800",2026/08/12
814,814,7375,(株)リファインバースグループ,東証GRT,"1,220",+21,1.75,"24,100",2026/08/12
815,815,7434,(株)オータケ,東証STD,"1,798",+31,1.75,"3,100",2026/08/12
816,816,1944,(株)きんでん,東証PRM,"6,822",+117,1.74,"895,700",2026/08/12
817,817,338A,(株)ＺｅｎｍｕＴｅｃｈ,東証GRT,"2,159",+37,1.74,"16,500",2026/08/12
818,818,4166,かっこ(株),東証GRT,643,+11,1.74,"4,000",2026/08/12
819,819,7014,(株)名村造船所,東証STD,"4,385",+75,1.74,"814,700",2026/08/12
820,820,7807,(株)幸和製作所,東証STD,875,+15,1.74,"1,000",2026/08/12
821,821,8358,スルガ銀行(株),東証PRM,"2,803",+48,1.74,"1,285,000",2026/08/12
822,822,9042,阪急阪神ホールディングス(株),東証PRM,"4,625",+79,1.74,"792,900",2026/08/12
823,823,9229,(株)サンウェルズ,東証PRM,117,+2,1.74,"455,900",2026/08/12
824,824,1365,iFreeETF 日経平均レバレッジ・インデックス,東証ETF,"4,480",+76,1.73,"343,580",2026/08/12
825,825,1568,TOPIXブル2倍上場投信,東証ETF,"1,027",+17.5,1.73,"2,110,800",2026/08/12
826,826,4994,大成ラミックグループ(株),東証STD,"2,710",+46,1.73,"20,300",2026/08/12
827,827,4069,(株)ＢｌｕｅＭｅｍｅ,東証GRT,651,+11,1.72,"4,100",2026/08/12
828,828,4386,(株)ＳＩＧグループ,東証STD,885,+15,1.72,"5,900",2026/08/12
829,829,4825,(株)ウェザーニューズ,東証PRM,"2,006",+34,1.72,"189,300",2026/08/12
830,830,6552,(株)ＧａｍｅＷｉｔｈ,東証STD,177,+3,1.72,"35,300",2026/08/12
831,831,6757,(株)ＯＳＧコーポレーション,東証STD,885,+15,1.72,"9,400",2026/08/12
832,832,7095,(株)Ｍａｃｂｅｅ　Ｐｌａｎｅｔ,東証PRM,"1,243",+21,1.72,"77,800",2026/08/12
833,833,8253,(株)クレディセゾン,東証PRM,"4,728",+80,1.72,"569,900",2026/08/12
834,834,9417,(株)スマートバリュー,東証STD,355,+6,1.72,"32,600",2026/08/12
835,835,221A,MAXIS 日経半導体株上場投信,東証ETF,"1,160.5",+19.5,1.71,"154,260",2026/08/12
836,836,2721,(株)ジェイホールディングス,東証STD,119,+2,1.71,"98,500",2026/08/12
837,837,2870,iFreeETF NASDAQ100ダブルインバース,東証ETF,"7,543",+127,1.71,"6,820",2026/08/12
838,838,7427,エコートレーディング(株),東証STD,834,+14,1.71,"7,200",2026/08/12
839,839,8595,ジャフコ　グループ(株),東証PRM,"2,295.5",+38.5,1.71,"315,300",2026/08/12
840,840,2480,システム・ロケーション(株),東証STD,"1,730",+29,1.7,"2,200",2026/08/12
841,841,3241,(株)ウィル,東証STD,597,+10,1.7,"94,500",2026/08/12
842,842,554A,(株)バトンズ,東証GRT,"1,498",+25,1.7,"5,800",2026/08/12
843,843,2986,(株)ＬＡホールディングス,東証GRT,"2,765",+46,1.69,"591,300",2026/08/12
844,844,6769,ザインエレクトロニクス(株),東証STD,"1,086",+18,1.69,"67,300",2026/08/12
845,845,7287,日本精機(株),東証STD,"2,641",+44,1.69,"192,500",2026/08/12
846,846,7640,(株)トップカルチャー,東証STD,180,+3,1.69,"10,700",2026/08/12
847,847,1358,上場インデックス日経レバレッジ指数,東証ETF,"139,150","+2,300",1.68,"5,192",2026/08/12
848,848,4743,(株)アイティフォー,東証PRM,"1,752",+29,1.68,"114,600",2026/08/12
849,849,475A,(株)ギミック,東証STD,606,+10,1.68,"6,900",2026/08/12
850,850,5885,(株)ジーデップ・アドバンス,東証STD,"3,025",+50,1.68,"37,000",2026/08/12
851,851,7352,(株)ＴＷＯＳＴＯＮＥ＆Ｓｏｎｓ,東証GRT,364,+6,1.68,"61,400",2026/08/12
852,852,282A,GX 半導体・トップ10-日本株式,東証ETF,"2,430",+40,1.67,"213,037",2026/08/12
853,853,3111,オーミケンシ(株),東証STD,183,+3,1.67,"11,900",2026/08/12
854,854,537A,NZAM 上場投信 全世界株式(MSCI ACWI)(H無),東証ETF,"1,154",+19,1.67,"9,723",2026/08/12
855,855,6855,日本電子材料(株),東証STD,"6,690",+110,1.67,"958,700",2026/08/12
856,856,8138,三京化成(株),東証STD,"4,265",+70,1.67,100,2026/08/12
857,857,9147,ＮＩＰＰＯＮ　ＥＸＰＲＥＳＳホールディングス(株),東証PRM,"5,668",+93,1.67,"2,152,100",2026/08/12
858,858,1326,SPDRゴールド･シェア,東証ETF,"64,200","+1,050",1.66,"8,297",2026/08/12
859,859,6506,(株)安川電機,東証PRM,"5,454",+89,1.66,"3,934,100",2026/08/12
860,860,3922,(株)ＰＲ　ＴＩＭＥＳ,東証PRM,"2,095",+34,1.65,"46,600",2026/08/12
861,861,4015,ペイクラウドホールディングス(株),東証GRT,553,+9,1.65,"32,400",2026/08/12
862,862,431A,ユーソナー(株),東証GRT,"2,151",+35,1.65,"15,800",2026/08/12
863,863,4366,ダイトーケミックス(株),東証STD,432,+7,1.65,"85,600",2026/08/12
864,864,8343,(株)秋田銀行,東証PRM,"8,030",+130,1.65,"99,500",2026/08/12
865,865,3682,エンカレッジ・テクノロジ(株),東証STD,618,+10,1.64,"1,900",2026/08/12
866,866,3940,(株)ノムラシステムコーポレーション,東証STD,124,+2,1.64,"290,800",2026/08/12
867,867,4686,(株)ジャストシステム,東証PRM,"4,025",+65,1.64,"85,400",2026/08/12
868,868,4754,(株)トスネット,東証STD,"1,549",+25,1.64,500,2026/08/12
869,869,6771,池上通信機(株),東証STD,683,+11,1.64,"15,400",2026/08/12
870,870,7826,(株)フルヤ金属,東証PRM,"8,700",+140,1.64,"818,800",2026/08/12
871,871,8383,(株)鳥取銀行,東証STD,"1,860",+30,1.64,"24,300",2026/08/12
872,872,1808,(株)長谷工コーポレーション,東証PRM,"2,769",+44.5,1.63,"1,075,700",2026/08/12
873,873,1964,中外炉工業(株),東証PRM,"4,045",+65,1.63,"34,900",2026/08/12
874,874,3080,(株)ジェーソン,東証STD,810,+13,1.63,"4,900",2026/08/12
875,875,3849,日本テクノ・ラボ(株),札幌ア,624,+10,1.63,300,2026/08/12
876,876,3917,(株)アイリッジ,東証GRT,437,+7,1.63,"50,300",2026/08/12
877,877,425A,GX ゴールドETF,東証ETF,374.3,+6,1.63,"304,180",2026/08/12
878,878,5445,東京鐵鋼(株),東証PRM,"1,998",+32,1.63,"95,200",2026/08/12
879,879,590A,ギフティグループ(株),東証PRM,"1,124",+18,1.63,"89,200",2026/08/12
880,880,7228,(株)デイトナ,東証STD,"4,045",+65,1.63,"4,100",2026/08/12
881,881,9248,人・夢・技術グループ(株),東証STD,"1,620",+26,1.63,"15,100",2026/08/12
882,882,9438,(株)エムティーアイ,東証PRM,562,+9,1.63,"58,800",2026/08/12
883,883,1540,純金上場信託(現物国内保管型),東証ETF,"21,050",+335,1.62,"397,036",2026/08/12
884,884,3559,(株)ピーバンドットコム,東証STD,440,+7,1.62,"17,600",2026/08/12
885,885,3853,アステリア(株),東証PRM,"1,132",+18,1.62,"235,000",2026/08/12
886,886,6125,(株)岡本工作機械製作所,東証STD,"5,010",+80,1.62,"61,500",2026/08/12
887,887,8066,三谷商事(株),東証STD,"3,135",+50,1.62,"56,200",2026/08/12
888,888,8142,(株)トーホー,東証PRM,"1,382",+22,1.62,"99,400",2026/08/12
889,889,9563,Ａｔｌａｓ　Ｔｅｃｈｎｏｌｏｇｉｅｓ(株),東証GRT,314,+5,1.62,"6,500",2026/08/12
890,890,9763,丸建リース(株),東証STD,"1,321",+21,1.62,"17,000",2026/08/12
891,891,5831,(株)しずおかフィナンシャルグループ,東証PRM,"3,402",+54,1.61,"1,703,000",2026/08/12
892,892,5991,ニッパツ,東証PRM,"3,606",+57,1.61,"697,500",2026/08/12
893,893,6264,(株)マルマエ,東証PRM,"2,086",+33,1.61,"486,600",2026/08/12
894,894,7138,(株)ＴＯＲＩＣＯ,東証GRT,126,+2,1.61,"174,400",2026/08/12
895,895,9740,ＣＳＰ,東証PRM,"2,706",+43,1.61,"24,100",2026/08/12
896,896,1367,iFreeETF TOPIXレバレッジ(2倍)指数,東証ETF,"3,174",+50,1.6,"27,181",2026/08/12
897,897,9672,東京都競馬(株),東証PRM,"5,090",+80,1.6,"60,300",2026/08/12
898,898,253A,(株)ＥＴＳグループ,東証STD,"1,024",+16,1.59,"45,600",2026/08/12
899,899,413A,iFreeETF キャセイ台湾テックリーダー指数,東証ETF,"3,835",+60,1.59,"3,329",2026/08/12
900,900,4443,Ｓａｎｓａｎ(株),東証PRM,"1,983",+31,1.59,"797,700",2026/08/12
901,901,6925,ウシオ電機(株),東証PRM,"4,222",+66,1.59,"328,500",2026/08/12
902,902,1801,大成建設(株),東証PRM,"12,835",+200,1.58,"625,000",2026/08/12
903,903,2353,日本駐車場開発(株),東証PRM,257,+4,1.58,"1,979,400",2026/08/12
904,904,4412,(株)サイエンスアーツ,東証GRT,"1,158",+18,1.58,"11,700",2026/08/12
905,905,6140,旭ダイヤモンド工業(株),東証PRM,"1,289",+20,1.58,"1,392,800",2026/08/12
906,906,8309,三井住友トラストグループ(株),東証PRM,"1,705",+26.5,1.58,"10,342,400",2026/08/12
907,907,1904,大成温調(株),東証STD,"5,190",+80,1.57,"11,300",2026/08/12
908,908,2854,GX テック・トップ20-日本株式,東証ETF,"2,851",+44,1.57,"26,779",2026/08/12
909,909,2981,(株)ランディックス,東証GRT,"2,135",+33,1.57,"11,800",2026/08/12
910,910,3101,東洋紡(株),東証PRM,"1,615",+25,1.57,"424,500",2026/08/12
911,911,8336,(株)武蔵野銀行,東証PRM,"2,660",+41,1.57,"368,000",2026/08/12
912,912,92015,日本航空（株）第１回社債型種類株式,東証PRM,"10,360",+160,1.57,"2,000",2026/08/12
913,913,1723,日本電技(株),東証STD,"2,150",+33,1.56,"165,100",2026/08/12
914,914,2193,クックパッド(株),東証STD,130,+2,1.56,"293,600",2026/08/12
915,915,298A,ＧＶＡ　ＴＥＣＨ(株),東証GRT,325,+5,1.56,"2,800",2026/08/12
916,916,314A,iシェアーズ ゴールド ETF,東証ETF,331.3,+5.1,1.56,"2,782,240",2026/08/12
917,917,9367,大東港運(株),東証STD,"1,948",+30,1.56,"4,100",2026/08/12
918,918,9388,(株)パパネッツ,福岡Q,914,+14,1.56,"3,700",2026/08/12
919,919,1716,第一カッター興業(株),東証STD,"1,442",+22,1.55,"26,400",2026/08/12
920,920,6035,(株)アイ・アールジャパンホールディングス,東証STD,720,+11,1.55,"32,200",2026/08/12
921,921,6551,(株)ツナググループ・ホールディングス,東証STD,590,+9,1.55,"20,800",2026/08/12
922,922,8111,(株)ゴールドウイン,東証PRM,"2,155.5",+33,1.55,"635,100",2026/08/12
923,923,8174,日本瓦斯(株),東証PRM,"2,854",+43.5,1.55,"279,400",2026/08/12
924,924,8600,トモニホールディングス(株),東証PRM,"1,046",+16,1.55,"615,200",2026/08/12
925,925,1618,(NEXT FUNDS)エネルギー資源上場投信,東証ETF,"33,720",+510,1.54,"1,240",2026/08/12
926,926,4596,窪田製薬ホールディングス(株),東証GRT,66,+1,1.54,"1,423,600",2026/08/12
927,927,6147,(株)ヤマザキ,福証,198,+3,1.54,"1,200",2026/08/12
928,928,6788,(株)日本トリム,東証PRM,"4,935",+75,1.54,"27,900",2026/08/12
929,929,8560,(株)宮崎太陽銀行,福証,"2,441",+37,1.54,200,2026/08/12
930,930,147A,(株)ソラコム,東証GRT,"1,127",+17,1.53,"208,100",2026/08/12
931,931,3627,テクミラホールディングス(株),東証STD,265,+4,1.53,"9,800",2026/08/12
932,932,4241,(株)アテクト,東証STD,665,+10,1.53,"18,400",2026/08/12
933,933,578A,GX シルバー (H有),東証ETF,252.4,+3.8,1.53,"5,200",2026/08/12
934,934,2915,ケンコーマヨネーズ(株),東証PRM,"2,003",+30,1.52,"38,000",2026/08/12
935,935,3139,(株)ラクト・ジャパン,東証PRM,"3,340",+50,1.52,"29,900",2026/08/12
936,936,4931,新日本製薬(株),東証PRM,"2,064",+31,1.52,"66,100",2026/08/12
937,937,7831,(株)ウイルコホールディングス,東証STD,67,+1,1.52,"18,100",2026/08/12
938,938,7972,(株)イトーキ,東証PRM,"2,611",+39,1.52,"232,700",2026/08/12
939,939,9514,(株)エフオン,東証STD,335,+5,1.52,"213,300",2026/08/12
940,940,299A,クラシル(株),東証GRT,"1,143",+17,1.51,"69,700",2026/08/12
941,941,6323,ローツェ(株),東証PRM,"4,100",+61,1.51,"3,180,200",2026/08/12
942,942,6458,新晃工業(株),東証PRM,"1,208",+18,1.51,"313,300",2026/08/12
943,943,7096,(株)ステムセル研究所,東証GRT,739,+11,1.51,"3,700",2026/08/12
944,944,7114,(株)フーディソン,東証GRT,805,+12,1.51,"4,200",2026/08/12
945,945,7774,(株)ジャパン・ティッシュエンジニアリング,東証GRT,875,+13,1.51,"168,600",2026/08/12
946,946,9168,(株)ライズ・コンサルティング・グループ,東証GRT,403,+6,1.51,"90,100",2026/08/12
947,947,2050,NEXT NOTES ニッチトップ中小型日本株(NR)ETN,東証ETF,"33,230",+490,1.5,5,2026/08/12
948,948,469A,(株)フィットクルー,東証GRT,"1,492",+22,1.5,"2,900",2026/08/12
949,949,4845,(株)スカラ,東証STD,339,+5,1.5,"37,100",2026/08/12
950,950,7513,(株)コジマ,東証PRM,"1,350",+20,1.5,"256,000",2026/08/12
951,951,8418,(株)山口フィナンシャルグループ,東証PRM,"3,043",+45,1.5,"494,700",2026/08/12
952,952,2332,(株)クエスト,東証STD,"1,771",+26,1.49,"24,300",2026/08/12
953,953,3181,(株)買取王国,東証STD,"1,091",+16,1.49,"6,600",2026/08/12
954,954,3747,(株)インタートレード,東証STD,408,+6,1.49,"21,500",2026/08/12
955,955,4587,ペプチドリーム(株),東証PRM,"1,007",+14.8,1.49,"921,200",2026/08/12
956,956,6046,(株)リンクバル,東証STD,136,+2,1.49,"31,800",2026/08/12
957,957,6832,アオイ電子(株),東証STD,"2,319",+34,1.49,"27,000",2026/08/12
958,958,220A,(株)Ｆａｂｅｒ　Ｃｏｍｐａｎｙ,東証STD,957,+14,1.48,"2,200",2026/08/12
959,959,4447,(株)ピー・ビーシステムズ,東証GRT,480,+7,1.48,"26,300",2026/08/12
960,960,7181,(株)かんぽ生命保険,東証PRM,"1,650",+24,1.48,"3,362,000",2026/08/12
961,961,2438,(株)アスカネット,東証GRT,344,+5,1.47,"17,400",2026/08/12
962,962,3694,(株)オプティム,東証PRM,415,+6,1.47,"100,100",2026/08/12
963,963,4098,チタン工業(株),東証STD,"1,035",+15,1.47,"3,800",2026/08/12
964,964,4107,伊勢化学工業(株),東証STD,"3,790",+55,1.47,"179,500",2026/08/12
965,965,4258,(株)網屋,東証GRT,"4,840",+70,1.47,"88,600",2026/08/12
966,966,5440,共英製鋼(株),東証PRM,"1,936",+28,1.47,"95,700",2026/08/12
967,967,6955,ＦＤＫ(株),東証STD,415,+6,1.47,"33,100",2026/08/12
968,968,8104,クワザワホールディングス(株),東証STD,688,+10,1.47,"17,400",2026/08/12
969,969,156A,マテリアルグループ(株),東証GRT,834,+12,1.46,"27,000",2026/08/12
970,970,1692,WisdomTree アルミニウム上場投信,東証ETF,700.2,+10.1,1.46,"3,200",2026/08/12
971,971,3513,イチカワ(株),東証STD,"3,465",+50,1.46,800,2026/08/12
972,972,3657,ポールトゥウィンホールディングス(株),東証PRM,348,+5,1.46,"152,900",2026/08/12
973,973,3844,コムチュア(株),東証PRM,"1,455",+21,1.46,"119,300",2026/08/12
974,974,3915,(株)テラスカイ,東証PRM,"2,291",+33,1.46,"60,300",2026/08/12
975,975,4623,(株)アサヒペン,東証STD,"1,806",+26,1.46,"16,800",2026/08/12
976,976,5283,(株)高見澤,東証STD,"3,135",+45,1.46,900,2026/08/12
977,977,5984,兼房(株),東証STD,764,+11,1.46,"27,800",2026/08/12
978,978,6104,芝浦機械(株),東証PRM,"4,160",+60,1.46,"115,900",2026/08/12
979,979,6190,(株)フェニックスバイオ,東証GRT,348,+5,1.46,"8,700",2026/08/12
980,980,7180,(株)九州フィナンシャルグループ,東証PRM,"1,495",+21.5,1.46,"1,521,100",2026/08/12
981,981,9302,三井倉庫ホールディングス(株),東証PRM,"3,336",+48,1.46,"259,000",2026/08/12
982,982,9306,東陽倉庫(株),東証STD,"2,010",+29,1.46,"4,400",2026/08/12
983,983,9830,トラスコ中山(株),東証PRM,"2,428",+35,1.46,"196,300",2026/08/12
984,984,2602,日清オイリオグループ(株),東証PRM,"1,960",+28,1.45,"263,900",2026/08/12
985,985,3236,(株)プロパスト,東証STD,280,+4,1.45,"125,900",2026/08/12
986,986,3566,ユニフォームネクスト(株),東証GRT,772,+11,1.45,"9,800",2026/08/12
987,987,7081,コーユーレンティア(株),東証STD,"1,325",+19,1.45,"1,400",2026/08/12
988,988,8966,平和不動産リート投資法人,東証,"133,300","+1,900",1.45,"3,007",2026/08/12
989,989,9343,(株)アイビス,東証GRT,772,+11,1.45,"70,500",2026/08/12
990,990,2282,日本ハム(株),東証PRM,"6,186",+88,1.44,"512,800",2026/08/12
991,991,3087,(株)ドトール・日レスホールディングス,東証PRM,"3,175",+45,1.44,"156,900",2026/08/12
992,992,4180,Ａｐｐｉｅｒ　Ｇｒｏｕｐ(株),東証PRM,983,+14,1.44,"1,364,900",2026/08/12
993,993,5408,(株)中山製鋼所,東証PRM,636,+9,1.44,"467,400",2026/08/12
994,994,9519,(株)レノバ,東証PRM,915,+13,1.44,"727,900",2026/08/12
995,995,1375,ユキグニファクトリー(株),東証PRM,"1,133",+16,1.43,"35,000",2026/08/12
996,996,2644,GX 半導体関連-日本株式,東証ETF,"4,116",+58,1.43,"833,823",2026/08/12
997,997,3440,日創グループ(株),東証STD,920,+13,1.43,"27,100",2026/08/12
998,998,4172,Ｈｉクラテス(株),東証STD,"2,262",+32,1.43,"5,000",2026/08/12
999,999,4582,シンバイオ製薬(株),東証GRT,71,+1,1.43,"370,400",2026/08/12
1000,1000,487A,(NEXT FUNDS) ドイツ株式・DAX(H無),東証ETF,"2,130",+30,1.43,"1,390",2026/08/12
1001,1001,5016,ＪＸ金属(株),東証PRM,"3,900",+55,1.43,"15,997,700",2026/08/12
1002,1002,5461,中部鋼鈑(株),東証PRM,"2,050",+29,1.43,"97,800",2026/08/12
1003,1003,5921,川岸工業(株),東証STD,"4,255",+60,1.43,700,2026/08/12
1004,1004,6753,シャープ(株),東証PRM,659.3,+9.3,1.43,"5,644,600",2026/08/12
1005,1005,7357,(株)ジオコード,東証STD,"1,706",+24,1.43,"3,600",2026/08/12
1006,1006,2264,森永乳業(株),東証PRM,"1,212",+17,1.42,"1,924,500",2026/08/12
1007,1007,2646,GX メタルビジネス-日本株式,東証ETF,"3,915",+55,1.42,"8,386",2026/08/12
1008,1008,5021,コスモエネルギーホールディングス(株),東証PRM,"4,083",+57,1.42,"598,200",2026/08/12
1009,1009,5845,全保連(株),東証STD,"1,212",+17,1.42,"57,600",2026/08/12
1010,1010,6083,ＥＲＩホールディングス(株),東証STD,"1,718",+24,1.42,"72,100",2026/08/12
1011,1011,1624,(NEXT FUNDS)機械上場投信,東証ETF,"88,250","+1,230",1.41,86,2026/08/12
1012,1012,2013,iシェアーズ 米国高配当株 ETF,東証ETF,309.5,+4.3,1.41,"186,670",2026/08/12
1013,1013,4725,(株)ＣＡＣ　Ｈｏｌｄｉｎｇｓ,東証PRM,"1,867",+26,1.41,"60,400",2026/08/12
1014,1014,5035,ＨＯＵＳＥＩ(株),東証GRT,359,+5,1.41,"1,700",2026/08/12
1015,1015,5631,(株)日本製鋼所,東証PRM,"7,746",+108,1.41,"577,400",2026/08/12
1016,1016,7886,ヤマト　モビリティ　＆　Ｍｆｇ．(株),東証STD,717,+10,1.41,"1,200",2026/08/12
1017,1017,2081,政策保有解消推進ETF,東証ETF,"2,169",+30,1.4,197,2026/08/12
1018,1018,383A,MAXIS S&P500均等ウェイト,東証ETF,"2,677",+37,1.4,421,2026/08/12
1019,1019,3933,チエル(株),東証STD,506,+7,1.4,"4,100",2026/08/12
1020,1020,485A,(株)パワーエックス,東証GRT,"1,882",+26,1.4,"2,674,400",2026/08/12
1021,1021,7218,田中精密工業(株),東証STD,"1,089",+15,1.4,"2,500",2026/08/12
1022,1022,9342,(株)スマサポ,東証GRT,941,+13,1.4,200,2026/08/12
1023,1023,3046,(株)ジンズホールディングス,東証PRM,"6,550",+90,1.39,"300,900",2026/08/12
1024,1024,3774,(株)インターネットイニシアティブ,東証PRM,"3,501",+48,1.39,"557,300",2026/08/12
1025,1025,7213,レシップホールディングス(株),東証STD,655,+9,1.39,"30,700",2026/08/12
1026,1026,9475,(株)昭文社ホールディングス,東証STD,511,+7,1.39,"1,800",2026/08/12
1027,1027,1663,Ｋ＆Ｏエナジーグループ(株),東証PRM,"1,842",+25,1.38,"381,100",2026/08/12
1028,1028,256A,飛島ホールディングス(株),東証PRM,"2,061",+28,1.38,"195,900",2026/08/12
1029,1029,3623,ビリングシステム(株),東証GRT,"1,100",+15,1.38,"38,800",2026/08/12
1030,1030,3858,(株)ユビキタスＡＩ,東証STD,294,+4,1.38,"16,200",2026/08/12
1031,1031,447A,ステート・ストリート・スパイダー ゴールド ETF(H無),東証ETF,278.8,+3.8,1.38,"133,150",2026/08/12
1032,1032,520A,ジェイファーマ(株),東証GRT,294,+4,1.38,"27,500",2026/08/12
1033,1033,7522,ワタミ(株),東証PRM,954,+13,1.38,"88,500",2026/08/12
1034,1034,7600,(株)日本エム・ディ・エム,東証PRM,882,+12,1.38,"144,300",2026/08/12
1035,1035,9308,乾汽船(株),東証STD,"2,060",+28,1.38,"215,300",2026/08/12
1036,1036,9419,(株)ワイヤレスゲート,東証STD,293,+4,1.38,"15,000",2026/08/12
1037,1037,3649,(株)ファインデックス,東証PRM,885,+12,1.37,"82,900",2026/08/12
1038,1038,3696,(株)セレス,東証PRM,"2,068",+28,1.37,"172,400",2026/08/12
1039,1039,4486,ユナイトアンドグロウ(株),東証GRT,666,+9,1.37,"5,300",2026/08/12
1040,1040,4584,キッズウェル・バイオ(株),東証GRT,148,+2,1.37,"263,800",2026/08/12
1041,1041,5032,ＡＮＹＣＯＬＯＲ(株),東証PRM,"2,810",+38,1.37,"611,600",2026/08/12
1042,1042,6412,(株)平和,東証PRM,"2,147",+29,1.37,"355,900",2026/08/12
1043,1043,9165,(株)クオルテック,東証GRT,"1,704",+23,1.37,"13,500",2026/08/12
1044,1044,3421,(株)稲葉製作所,東証STD,"1,708",+23,1.36,"37,200",2026/08/12
1045,1045,3727,(株)アプリックス,東証GRT,149,+2,1.36,"75,700",2026/08/12
1046,1046,4536,参天製薬(株),東証PRM,"1,969.5",+26.5,1.36,"894,300",2026/08/12
1047,1047,7893,(株)プロネクサス,東証PRM,"1,120",+15,1.36,"41,900",2026/08/12
1048,1048,8139,(株)ナガホリ,東証STD,"2,240",+30,1.36,"69,700",2026/08/12
1049,1049,8563,(株)大東銀行,東証STD,"1,045",+14,1.36,"37,500",2026/08/12
1050,1050,8795,(株)Ｔ＆Ｄホールディングス,東証PRM,"4,913",+66,1.36,"1,731,800",2026/08/12
1051,1051,1811,(株)錢高組,東証STD,"8,250",+110,1.35,"1,600",2026/08/12
1052,1052,4896,(株)ケイファーマ,東証GRT,749,+10,1.35,"4,900",2026/08/12
1053,1053,8247,(株)大和,東証STD,300,+4,1.35,"12,400",2026/08/12
1054,1054,9017,新潟交通(株),東証STD,"2,020",+27,1.35,800,2026/08/12
1055,1055,9052,山陽電気鉄道(株),東証PRM,"1,956",+26,1.35,"26,800",2026/08/12
1056,1056,9960,東テク(株),東証PRM,"3,760",+50,1.35,"150,400",2026/08/12
1057,1057,2750,石光商事(株),東証STD,"1,287",+17,1.34,"6,400",2026/08/12
1058,1058,3246,(株)コーセーアールイー,東証STD,680,+9,1.34,"16,900",2026/08/12
1059,1059,7350,(株)おきなわフィナンシャルグループ,東証PRM,"7,560",+100,1.34,"76,900",2026/08/12
1060,1060,7643,(株)ダイイチ,東証STD,"1,740",+23,1.34,"2,300",2026/08/12
1061,1061,9241,(株)フューチャーリンクネットワーク,東証GRT,"1,510",+20,1.34,"1,500",2026/08/12
1062,1062,5214,日本電気硝子(株),東証PRM,"5,024",+66,1.33,"567,800",2026/08/12
1063,1063,8002,丸紅(株),東証PRM,"5,016",+66,1.33,"4,426,700",2026/08/12
1064,1064,8057,(株)内田洋行,東証PRM,"2,140",+28,1.33,"115,200",2026/08/12
1065,1065,9044,(株)ＮＡＮＫＡＩ,東証PRM,"2,929",+38.5,1.33,"197,000",2026/08/12
1066,1066,9233,アジア航測(株),東証STD,"1,145",+15,1.33,"12,400",2026/08/12
1067,1067,9625,(株)セレスポ,東証STD,912,+12,1.33,"14,200",2026/08/12
1068,1068,9644,(株)タナベコンサルティンググループ,東証PRM,761,+10,1.33,"29,700",2026/08/12
1069,1069,1893,五洋建設(株),東証PRM,"1,419",+18.5,1.32,"2,999,300",2026/08/12
1070,1070,2130,(株)メンバーズ,東証PRM,922,+12,1.32,"103,300",2026/08/12
1071,1071,2410,(株)キャリアデザインセンター,東証PRM,"2,910",+38,1.32,"26,900",2026/08/12
1072,1072,3113,(株)ＵＮＩＶＡ・Ｏａｋホールディングス,東証STD,77,+1,1.32,"379,500",2026/08/12
1073,1073,3182,オイシックス(株),東証PRM,"1,688",+22,1.32,"72,400",2026/08/12
1074,1074,3920,アイビーシー(株),東証STD,999,+13,1.32,"12,500",2026/08/12
1075,1075,4918,(株)アイビー化粧品,東証STD,308,+4,1.32,"35,500",2026/08/12
1076,1076,5570,(株)ジェノバ,東証GRT,613,+8,1.32,"12,400",2026/08/12
1077,1077,6144,西部電機(株),東証STD,"3,080",+40,1.32,"3,400",2026/08/12
1078,1078,6655,東洋電機(株),名証MN,765,+10,1.32,"1,000",2026/08/12
1079,1079,7512,イオン北海道(株),東証STD,846,+11,1.32,"129,600",2026/08/12
1080,1080,3444,(株)菊池製作所,東証STD,"1,002",+13,1.31,"72,400",2026/08/12
1081,1081,4270,(株)ＢｅｅＸ,東証GRT,"1,850",+24,1.31,"4,600",2026/08/12
1082,1082,4403,日油(株),東証PRM,"2,751",+35.5,1.31,"891,400",2026/08/12
1083,1083,5028,セカンドサイトアナリティカ(株),東証GRT,388,+5,1.31,"26,800",2026/08/12
1084,1084,5285,(株)ヤマックス,東証STD,"1,387",+18,1.31,"59,100",2026/08/12
1085,1085,5957,日東精工(株),東証PRM,774,+10,1.31,"144,000",2026/08/12
1086,1086,6809,ＴＯＡ(株),東証PRM,"1,704",+22,1.31,"116,400",2026/08/12
1087,1087,7570,橋本総業ホールディングス(株),東証STD,"1,396",+18,1.31,"7,100",2026/08/12
1088,1088,155A,(株)情報戦略テクノロジー,東証GRT,854,+11,1.3,"55,900",2026/08/12
1089,1089,3457,(株)Ａｎｄ　Ｄｏホールディングス,東証PRM,937,+12,1.3,"84,200",2026/08/12
1090,1090,4487,(株)スペースマーケット,東証GRT,233,+3,1.3,"14,700",2026/08/12
1091,1091,4933,(株)Ｉ－ｎｅ,東証PRM,"1,399",+18,1.3,"189,500",2026/08/12
1092,1092,5268,旭コンクリート工業(株),東証STD,856,+11,1.3,"6,900",2026/08/12
1093,1093,7265,エイケン工業(株),東証STD,"3,885",+50,1.3,500,2026/08/12
1094,1094,224A,GX ウラニウムビジネス,東証ETF,"1,650",+21,1.29,"8,053",2026/08/12
1095,1095,3842,(株)ネクストジェン,東証STD,"1,024",+13,1.29,"14,600",2026/08/12
1096,1096,6284,日精エー・エス・ビー機械(株),東証PRM,"9,450",+120,1.29,"27,000",2026/08/12
1097,1097,6366,千代田化工建設(株),東証STD,707,+9,1.29,"1,781,600",2026/08/12
1098,1098,198A,ＰｏｓｔＰｒｉｍｅ(株),東証GRT,158,+2,1.28,"47,600",2026/08/12
1099,1099,2975,スター・マイカ・ホールディングス(株),東証PRM,"1,585",+20,1.28,"154,900",2026/08/12
1100,1100,3186,(株)ネクステージ,東証PRM,"3,560",+45,1.28,"323,000",2026/08/12
1101,1101,4375,セーフィー(株),東証GRT,633,+8,1.28,"120,000",2026/08/12
1102,1102,5333,ＮＧＫ(株),東証PRM,"5,763",+73,1.28,"1,143,800",2026/08/12
1103,1103,6255,(株)エヌ・ピー・シー,東証GRT,714,+9,1.28,"193,600",2026/08/12
1104,1104,6395,(株)タダノ,東証PRM,"1,421",+18,1.28,"350,900",2026/08/12
1105,1105,6590,芝浦メカトロニクス(株),東証PRM,"4,340",+55,1.28,"2,590,000",2026/08/12
1106,1106,6674,(株)ジーエス・ユアサ　コーポレーション,東証PRM,"5,520",+70,1.28,"700,900",2026/08/12
1107,1107,7804,(株)ビーアンドピー,東証STD,"2,294",+29,1.28,"1,800",2026/08/12
1108,1108,7840,フランスベッドホールディングス(株),東証PRM,"1,264",+16,1.28,"33,300",2026/08/12
1109,1109,9353,櫻島埠頭(株),東証STD,"2,920",+37,1.28,"1,200",2026/08/12
1110,1110,1946,(株)トーエネック,東証PRM,"2,077",+26,1.27,"136,300",2026/08/12
1111,1111,2097,GX レジデンシャル・J-REIT,東証ETF,955,+12,1.27,503,2026/08/12
1112,1112,3032,(株)ゴルフ・ドゥ,名証NXT,320,+4,1.27,"4,800",2026/08/12
1113,1113,3261,(株)グランディーズ,東証GRT,400,+5,1.27,"4,300",2026/08/12
1114,1114,417A,(株)ブルーゾーンホールディングス,東証PRM,"1,798.5",+22.5,1.27,"513,900",2026/08/12
1115,1115,4418,(株)ＪＤＳＣ,東証GRT,795,+10,1.27,"127,200",2026/08/12
1116,1116,5591,(株)ＡＶＩＬＥＮ,東証GRT,800,+10,1.27,"8,700",2026/08/12
1117,1117,6358,酒井重工業(株),東証PRM,"2,148",+27,1.27,"24,600",2026/08/12
1118,1118,197A,(株)タウンズ,東証STD,481,+6,1.26,"292,300",2026/08/12
1119,1119,2469,ヒビノ(株),東証STD,"2,649",+33,1.26,"33,000",2026/08/12
1120,1120,2613,(株)Ｊ－オイルミルズ,東証PRM,"2,093",+26,1.26,"80,200",2026/08/12
1121,1121,4413,(株)ボードルア,東証PRM,"2,823",+35,1.26,"96,700",2026/08/12
1122,1122,4814,ネクストウェア(株),東証STD,161,+2,1.26,"28,300",2026/08/12
1123,1123,6547,(株)グリーンズ,東証STD,"2,252",+28,1.26,"40,100",2026/08/12
1124,1124,7003,(株)三井Ｅ＆Ｓ,東証PRM,"4,263",+53,1.26,"1,766,300",2026/08/12
1125,1125,8591,オリックス(株),東証PRM,"6,351",+79,1.26,"3,720,800",2026/08/12
1126,1126,9928,(株)ミロク情報サービス,東証PRM,"1,845",+23,1.26,"29,800",2026/08/12
1127,1127,2983,(株)アールプランナー,東証GRT,"1,536",+19,1.25,"10,900",2026/08/12
1128,1128,3612,(株)ワールド,東証PRM,"1,624",+20,1.25,"495,100",2026/08/12
1129,1129,3726,(株)フォーシーズＨＤ,東証STD,405,+5,1.25,"13,600",2026/08/12
1130,1130,4678,(株)秀英予備校,東証STD,323,+4,1.25,"2,200",2026/08/12
1131,1131,6193,バーチャレクス・ホールディングス(株),東証GRT,"1,053",+13,1.25,"6,200",2026/08/12
1132,1132,9941,太洋物産(株),東証STD,"1,215",+15,1.25,"42,300",2026/08/12
1133,1133,2163,(株)アルトナー,東証PRM,981,+12,1.24,"36,600",2026/08/12
1134,1134,2220,亀田製菓(株),東証PRM,"1,308",+16,1.24,"176,900",2026/08/12
1135,1135,2516,東証グロース250ETF,東証ETF,590.1,+7.2,1.24,"363,790",2026/08/12
1136,1136,3269,アドバンス・レジデンス投資法人,東証,"147,200","+1,800",1.24,"8,340",2026/08/12
1137,1137,3557,ユナイテッド＆コレクティブ(株),東証GRT,572,+7,1.24,"11,100",2026/08/12
1138,1138,509A,グリーンライト・再エネインフラ投資法人,東証,"73,200",+900,1.24,375,2026/08/12
1139,1139,5253,カバー(株),東証GRT,"1,630",+20,1.24,"1,628,900",2026/08/12
1140,1140,5587,(株)インバウンドプラットフォーム,東証GRT,896,+11,1.24,"3,800",2026/08/12
1141,1141,7443,横浜魚類(株),東証STD,654,+8,1.24,"3,000",2026/08/12
1142,1142,8439,東京センチュリー(株),東証PRM,"2,523.5",+31,1.24,"469,300",2026/08/12
1143,1143,9908,Ｄｅｎｋｅｉ,東証STD,"2,704",+33,1.24,"22,800",2026/08/12
1144,1144,162A,AIセレクトメガトレンド日本株(ネットリターン)ETN,東証ETF,"17,720",+215,1.23,39,2026/08/12
1145,1145,1799,第一建設工業(株),東証STD,"3,285",+40,1.23,"24,300",2026/08/12
1146,1146,3608,(株)ＴＳＩホールディングス,東証PRM,"1,230",+15,1.23,"227,800",2026/08/12
1147,1147,4657,(株)環境管理センター,東証STD,493,+6,1.23,"24,100",2026/08/12
1148,1148,6177,ＡｐｐＢａｎｋ(株),東証GRT,82,+1,1.23,"40,300",2026/08/12
1149,1149,6539,(株)ＭＳ－Ｊａｐａｎ,東証PRM,985,+12,1.23,"31,300",2026/08/12
1150,1150,7836,アビックス(株),東証STD,82,+1,1.23,"45,400",2026/08/12
1151,1151,7927,ムトー精工(株),東証STD,"2,230",+27,1.23,"15,700",2026/08/12
1152,1152,8976,大和証券オフィス投資法人,東証,"329,500","+4,000",1.23,"1,188",2026/08/12
1153,1153,9767,日建工学(株),東証STD,"1,566",+19,1.23,"2,200",2026/08/12
1154,1154,2083,(NEXT FUNDS) 日本成長株アクティブ,東証ETF,"4,064",+49,1.22,"5,345",2026/08/12
1155,1155,3282,コンフォリア・レジデンシャル投資法人,東証,"99,600","+1,200",1.22,"5,556",2026/08/12
1156,1156,3321,ミタチ産業(株),東証STD,"1,653",+20,1.22,"22,500",2026/08/12
1157,1157,4992,北興化学工業(株),東証STD,"1,988",+24,1.22,"90,600",2026/08/12
1158,1158,6381,アネスト岩田(株),東証PRM,"1,914",+23,1.22,"127,900",2026/08/12
1159,1159,6572,オープングループ(株),東証PRM,249,+3,1.22,"170,400",2026/08/12
1160,1160,6798,ＳＭＫ(株),東証PRM,"3,315",+40,1.22,"11,500",2026/08/12
1161,1161,6929,日本セラミック(株),東証PRM,"3,720",+45,1.22,"160,900",2026/08/12
1162,1162,7571,(株)ヤマノホールディングス,東証STD,83,+1,1.22,"171,200",2026/08/12
1163,1163,7994,(株)オカムラ,東証PRM,"2,328",+28,1.22,"229,500",2026/08/12
1164,1164,9262,(株)シルバーライフ,東証STD,663,+8,1.22,"11,200",2026/08/12
1165,1165,9558,ジャパニアス(株),東証GRT,"1,984",+24,1.22,"7,900",2026/08/12
1166,1166,1480,(NEXT FUNDS)野村企業価値分配指数上場投信,東証ETF,"40,960",+490,1.21,10,2026/08/12
1167,1167,1694,WisdomTree ニッケル上場投信,東証ETF,"2,378.5",+28.5,1.21,10,2026/08/12
1168,1168,2557,SMDAM トピックス上場投信,東証ETF,"4,194",+50,1.21,210,2026/08/12
1169,1169,2970,ＧＬＣ　ＧＲＯＵＰ(株),東証STD,"1,001",+12,1.21,"22,100",2026/08/12
1170,1170,3969,(株)エイトレッド,東証STD,"1,418",+17,1.21,"7,600",2026/08/12
1171,1171,4554,富士製薬工業(株),東証PRM,"1,846",+22,1.21,"87,100",2026/08/12
1172,1172,4666,パーク２４(株),東証PRM,"2,006",+24,1.21,"730,200",2026/08/12
1173,1173,6563,(株)みらいワークス,東証GRT,501,+6,1.21,"4,400",2026/08/12
1174,1174,7366,(株)ＬＩＴＡＬＩＣＯ,東証PRM,"1,835",+22,1.21,"130,300",2026/08/12
1175,1175,9001,東武鉄道(株),東証PRM,"2,971",+35.5,1.21,"399,900",2026/08/12
1176,1176,9003,相鉄ホールディングス(株),東証PRM,"2,508.5",+30,1.21,"248,900",2026/08/12
1177,1177,1888,若築建設(株),東証PRM,"3,780",+45,1.2,"48,900",2026/08/12
1178,1178,3360,シップヘルスケアホールディングス(株),東証PRM,"2,366",+28,1.2,"255,700",2026/08/12
1179,1179,3433,トーカロ(株),東証PRM,"2,951",+35,1.2,"212,700",2026/08/12
1180,1180,350A,デジタルグリッド(株),東証GRT,756,+9,1.2,"151,200",2026/08/12
1181,1181,3679,(株)じげん,東証PRM,423,+5,1.2,"214,700",2026/08/12
1182,1182,5955,(株)ワイズホールディングス,東証STD,84,+1,1.2,"798,700",2026/08/12
1183,1183,6063,日本エマージェンシーアシスタンス(株),東証STD,"1,015",+12,1.2,"4,000",2026/08/12
1184,1184,6392,(株)ヤマダコーポレーション,東証STD,"7,590",+90,1.2,"1,800",2026/08/12
1185,1185,8542,(株)トマト銀行,東証STD,"1,772",+21,1.2,"16,800",2026/08/12
1186,1186,9421,(株)エヌジェイホールディングス,東証STD,505,+6,1.2,"2,300",2026/08/12
1187,1187,9818,大丸エナウィン(株),東証STD,"1,518",+18,1.2,600,2026/08/12
1188,1188,3543,(株)コメダホールディングス,東証PRM,"2,888",+34,1.19,"274,500",2026/08/12
1189,1189,4005,住友化学(株),東証PRM,525.9,+6.2,1.19,"10,610,300",2026/08/12
1190,1190,4574,大幸薬品(株),東証PRM,255,+3,1.19,"119,900",2026/08/12
1191,1191,6835,アライドテレシスホールディングス(株),東証STD,256,+3,1.19,"165,100",2026/08/12
1192,1192,7912,大日本印刷(株),東証PRM,"3,244",+38,1.19,"1,998,500",2026/08/12
1193,1193,8078,阪和興業(株),東証PRM,"1,792",+21,1.19,"538,200",2026/08/12
1194,1194,9073,京極運輸商事(株),東証STD,"1,272",+15,1.19,600,2026/08/12
1195,1195,9404,日本テレビホールディングス(株),東証PRM,"2,929.5",+34.5,1.19,"418,900",2026/08/12
1196,1196,9793,(株)ダイセキ,東証PRM,"3,840",+45,1.19,"149,100",2026/08/12
1197,1197,257A,SMT ETF日本株厳選投資アクティブ,東証ETF,"3,506",+41,1.18,348,2026/08/12
1198,1198,3231,野村不動産ホールディングス(株),東証PRM,919.3,+10.7,1.18,"4,645,000",2026/08/12
1199,1199,6178,日本郵政(株),東証PRM,"2,362",+27.5,1.18,"3,778,000",2026/08/12
1200,1200,7021,(株)ニッチツ,東証STD,"2,139",+25,1.18,400,2026/08/12
1201,1201,1384,(株)ホクリヨウ,東証STD,"2,075",+24,1.17,"32,200",2026/08/12
1202,1202,1848,(株)富士ピー・エス,東証STD,694,+8,1.17,"9,800",2026/08/12
1203,1203,2055,日和産業(株),東証STD,345,+4,1.17,"25,900",2026/08/12
1204,1204,4237,フジプレアム(株),東証STD,346,+4,1.17,"73,800",2026/08/12
1205,1205,9312,ケイヒン(株),東証STD,"2,864",+33,1.17,"15,400",2026/08/12
1206,1206,9319,(株)中央倉庫,東証PRM,"1,736",+20,1.17,"29,900",2026/08/12
1207,1207,9782,(株)ディーエムエス,東証STD,"3,455",+40,1.17,"12,700",2026/08/12
1208,1208,2124,ＪＡＣ　Ｒｅｃｒｕｉｔｍｅｎｔ,東証PRM,959,+11,1.16,"878,600",2026/08/12
1209,1209,4995,サンケイ化学(株),福証,"1,745",+20,1.16,100,2026/08/12
1210,1210,6538,(株)ディスラプターズ,東証STD,262,+3,1.16,"33,900",2026/08/12
1211,1211,7064,(株)ハウテレビジョン,東証STD,869,+10,1.16,"7,300",2026/08/12
1212,1212,9989,(株)サンドラッグ,東証PRM,"3,759",+43,1.16,"468,200",2026/08/12
1213,1213,1376,カネコ種苗(株),東証STD,"1,580",+18,1.15,"13,800",2026/08/12
1214,1214,1885,東亜建設工業(株),東証PRM,"2,029",+23,1.15,"415,500",2026/08/12
1215,1215,2068,NEXT NOTES 高ベータ30(NR)ETN,東証ETF,"39,700",+450,1.15,1,2026/08/12
1216,1216,3697,(株)ＳＨＩＦＴ,東証PRM,916.2,+10.4,1.15,"3,318,000",2026/08/12
1217,1217,3934,(株)ベネフィットジャパン,東証STD,"2,372",+27,1.15,"10,300",2026/08/12
1218,1218,4151,協和キリン(株),東証PRM,"2,592",+29.5,1.15,"1,004,000",2026/08/12
1219,1219,4301,(株)アミューズ,東証PRM,"1,928",+22,1.15,"20,100",2026/08/12
1220,1220,4679,(株)田谷,東証STD,264,+3,1.15,"1,600",2026/08/12
1221,1221,4826,(株)ＣＩＪ,東証PRM,530,+6,1.15,"202,900",2026/08/12
1222,1222,4828,ビジネスエンジニアリング(株),東証PRM,"1,315",+15,1.15,"249,000",2026/08/12
1223,1223,518A,(NEXTFUNDS) FTSE日本株高配当キャッシュフロー50,東証ETF,"2,118",+24,1.15,"5,970",2026/08/12
1224,1224,6658,シライ電子工業(株),東証STD,441,+5,1.15,"72,000",2026/08/12
1225,1225,6838,(株)多摩川ホールディングス,東証STD,"1,491",+17,1.15,"104,800",2026/08/12
1226,1226,1623,(NEXT FUNDS)鉄鋼･非鉄上場投信,東証ETF,"67,600",+760,1.14,"3,391",2026/08/12
1227,1227,2215,第一屋製パン(株),東証STD,623,+7,1.14,"16,900",2026/08/12
1228,1228,2266,六甲バター(株),東証PRM,"1,068",+12,1.14,"44,200",2026/08/12
1229,1229,3687,(株)フィックスターズ,東証PRM,"2,220",+25,1.14,"420,800",2026/08/12
1230,1230,4188,三菱ケミカルグループ(株),東証PRM,"1,246.5",+14,1.14,"4,780,000",2026/08/12
1231,1231,4437,ｇｏｏｄｄａｙｓホールディングス(株),東証GRT,801,+9,1.14,"4,900",2026/08/12
1232,1232,466A,GX 防衛テック,東証ETF,"1,158",+13,1.14,"32,629",2026/08/12
1233,1233,4901,富士フイルムホールディングス(株),東証PRM,"3,198",+36,1.14,"10,791,000",2026/08/12
1234,1234,8011,(株)三陽商会,東証PRM,"5,330",+60,1.14,"38,400",2026/08/12
1235,1235,8804,東京建物(株),東証PRM,"3,378",+38,1.14,"885,600",2026/08/12
1236,1236,9313,丸八倉庫(株),東証STD,"1,065",+12,1.14,100,2026/08/12
1237,1237,1620,(NEXT FUNDS)素材･化学上場投信,東証ETF,"38,400",+430,1.13,305,2026/08/12
1238,1238,2122,(株)インタースペース,東証STD,"1,435",+16,1.13,"8,500",2026/08/12
1239,1239,3471,三井不動産ロジスティクスパーク投資法人,東証,"107,200","+1,200",1.13,"5,727",2026/08/12
1240,1240,3765,ガンホー・オンライン・エンターテイメント(株),東証PRM,"2,422",+27,1.13,"175,200",2026/08/12
1241,1241,4531,有機合成薬品工業(株),東証STD,358,+4,1.13,"43,700",2026/08/12
1242,1242,6156,(株)エーワン精密,東証STD,"1,887",+21,1.13,"19,100",2026/08/12
1243,1243,6864,(株)エヌエフホールディングス,東証STD,"1,611",+18,1.13,"39,000",2026/08/12
1244,1244,7279,(株)ハイレックスコーポレーション,東証STD,"2,512",+28,1.13,"90,000",2026/08/12
1245,1245,1311,(NEXT FUNDS)TOPIX Core30連動型上場投信,東証ETF,"2,161",+24,1.12,"12,082",2026/08/12
1246,1246,1681,上場インデックスファンド海外新興国株式,東証ETF,"3,336",+37,1.12,946,2026/08/12
1247,1247,2270,雪印メグミルク(株),東証PRM,"3,605",+40,1.12,"312,600",2026/08/12
1248,1248,3333,(株)あさひ,東証PRM,"1,352",+15,1.12,"140,200",2026/08/12
1249,1249,3775,(株)ガイアックス,名証NXT,452,+5,1.12,"2,200",2026/08/12
1250,1250,4242,(株)タカギセイコー,東証STD,"1,800",+20,1.12,"3,500",2026/08/12
1251,1251,4433,(株)ヒト・コミュニケーションズ・ホールディングス,東証PRM,904,+10,1.12,"33,100",2026/08/12
1252,1252,5269,日本コンクリート工業(株),東証PRM,360,+4,1.12,"266,100",2026/08/12
1253,1253,6040,日本スキー場開発(株),東証GRT,452,+5,1.12,"33,100",2026/08/12
1254,1254,6059,(株)ウチヤマホールディングス,東証STD,361,+4,1.12,"28,400",2026/08/12
1255,1255,1446,(株)キャンディル,東証STD,546,+6,1.11,"20,300",2026/08/12
1256,1256,2168,(株)パソナグループ,東証PRM,"1,635",+18,1.11,"193,800",2026/08/12
1257,1257,2858,GX 日経225 カバード・コール (プレミアム再投資型),東証ETF,"1,544",+17,1.11,472,2026/08/12
1258,1258,3409,(株)北紡,東証STD,91,+1,1.11,"11,900",2026/08/12
1259,1259,3815,(株)メディア工房,東証GRT,455,+5,1.11,"32,600",2026/08/12
1260,1260,4060,ｒａｋｕｍｏ(株),東証GRT,"1,180",+13,1.11,"6,700",2026/08/12
1261,1261,6497,(株)ハマイ,東証STD,"1,455",+16,1.11,"10,300",2026/08/12
1262,1262,9827,リリカラ(株),東証STD,635,+7,1.11,"22,700",2026/08/12
1263,1263,1473,One ETF トピックス,東証ETF,"4,228",+46,1.1,"4,030",2026/08/12
1264,1264,4021,日産化学(株),東証PRM,"7,923",+86,1.1,"687,600",2026/08/12
1265,1265,4113,田岡化学工業(株),東証STD,735,+8,1.1,"16,700",2026/08/12
1266,1266,4286,(株)ＣＬホールディングス,東証STD,"1,099",+12,1.1,"20,500",2026/08/12
1267,1267,5020,ＥＮＥＯＳホールディングス(株),東証PRM,"1,281.5",+14,1.1,"9,045,300",2026/08/12
1268,1268,585A,日本バリュー・ボトムアップ株式投資戦略,東証ETF,"1,100",+12,1.1,32,2026/08/12
1269,1269,5930,文化シヤッター(株),東証PRM,"1,830",+20,1.1,"157,400",2026/08/12
1270,1270,6166,(株)中村超硬,東証GRT,642,+7,1.1,"166,600",2026/08/12
1271,1271,7097,(株)さくらさくプラス,東証GRT,"2,753",+30,1.1,"4,000",2026/08/12
1272,1272,8181,(株)東天紅,東証STD,"1,010",+11,1.1,"1,300",2026/08/12
1273,1273,1518,三井松島ホールディングス(株),東証PRM,"2,313",+25,1.09,"436,100",2026/08/12
1274,1274,2928,ＲＩＺＡＰグループ(株),札幌ア,186,+2,1.09,"264,500",2026/08/12
1275,1275,3395,(株)サンマルクホールディングス,東証PRM,"2,401",+26,1.09,"141,200",2026/08/12
1276,1276,3848,(株)データ・アプリケーション,東証STD,833,+9,1.09,"2,100",2026/08/12
1277,1277,4547,キッセイ薬品工業(株),東証PRM,"4,160",+45,1.09,"76,600",2026/08/12
1278,1278,5273,三谷セキサン(株),東証STD,"1,863",+20,1.09,"64,600",2026/08/12
1279,1279,6951,日本電子(株),東証PRM,"8,495",+92,1.09,"239,500",2026/08/12
1280,1280,7544,(株)スリーエフ,東証STD,557,+6,1.09,"1,700",2026/08/12
1281,1281,1652,iFreeETF MSCI日本株女性活躍指数(WIN),東証ETF,"5,055",+54,1.08,10,2026/08/12
1282,1282,499A,ラグジュアリー厳選10 欧州株(ネットリターン)ETN,東証ETF,"9,281",+99,1.08,13,2026/08/12
1283,1283,6045,(株)レントラックス,東証GRT,"1,688",+18,1.08,"4,700",2026/08/12
1284,1284,6364,(株)ＡＩＲＭＡＮ,東証PRM,"2,529",+27,1.08,"77,600",2026/08/12
1285,1285,7038,フロンティア・マネジメント(株),東証PRM,564,+6,1.08,"18,300",2026/08/12
1286,1286,8260,(株)井筒屋,東証STD,374,+4,1.08,"5,100",2026/08/12
1287,1287,1488,iFreeETF 東証REIT指数,東証ETF,"1,890",+20,1.07,"275,544",2026/08/12
1288,1288,2588,(株)プレミアムウォーターホールディングス,東証STD,"3,775",+40,1.07,"3,700",2026/08/12
1289,1289,2809,キユーピー(株),東証PRM,"4,638",+49,1.07,"260,800",2026/08/12
1290,1290,3462,野村不動産マスターファンド投資法人,東証,"151,100","+1,600",1.07,"6,989",2026/08/12
1291,1291,3538,(株)ウイルプラスホールディングス,東証STD,947,+10,1.07,"7,400",2026/08/12
1292,1292,4058,トヨクモ(株),東証GRT,"2,463",+26,1.07,"29,900",2026/08/12
1293,1293,526A,JPXスタートアップ急成長100ETF,東証ETF,"2,164",+23,1.07,644,2026/08/12
1294,1294,6307,サンセイ(株),東証STD,473,+5,1.07,"10,000",2026/08/12
1295,1295,6763,帝国通信工業(株),東証PRM,"2,822",+30,1.07,"19,500",2026/08/12
1296,1296,7716,(株)ナカニシ,東証STD,"3,310",+35,1.07,"403,000",2026/08/12
1297,1297,9331,(株)キャスター,東証GRT,753,+8,1.07,"1,100",2026/08/12
1298,1298,9347,日本管財ホールディングス(株),東証PRM,"2,828",+30,1.07,"54,600",2026/08/12
1299,1299,1481,上場インデックスファンド日本経済貢献株,東証ETF,"3,900",+41,1.06,34,2026/08/12
1300,1300,2525,NZAM 上場投信 日経225,東証ETF,"68,530",+720,1.06,"4,076",2026/08/12
1301,1301,3358,Ｔｒａｉｌｈｅａｄ　Ｇｌｏｂａｌ　Ｈｏｌｄｉｎｇｓ(株),東証STD,95,+1,1.06,"98,800",2026/08/12
1302,1302,5820,(株)三ッ星,東証STD,764,+8,1.06,"75,400",2026/08/12
1303,1303,6302,住友重機械工業(株),東証PRM,"5,994",+63,1.06,"839,700",2026/08/12
1304,1304,6748,星和電機(株),東証STD,762,+8,1.06,"52,400",2026/08/12
1305,1305,7083,ＡＨＣグループ(株),東証GRT,"1,046",+11,1.06,"4,200",2026/08/12
1306,1306,8278,(株)フジ,東証PRM,"1,995",+21,1.06,"151,900",2026/08/12
1307,1307,8887,(株)シーラホールディングス,東証STD,381,+4,1.06,"49,900",2026/08/12
1308,1308,1959,(株)クラフティア,東証PRM,"8,180",+85,1.05,"166,800",2026/08/12
1309,1309,288A,ラクサス・テクノロジーズ(株),東証GRT,96,+1,1.05,"32,100",2026/08/12
1310,1310,3415,(株)ＴＯＫＹＯ　ＢＡＳＥ,東証PRM,384,+4,1.05,"316,000",2026/08/12
1311,1311,4766,(株)ピーエイ,東証STD,192,+2,1.05,"8,400",2026/08/12
1312,1312,6338,(株)タカトリ,東証STD,"1,630",+17,1.05,"11,600",2026/08/12
1313,1313,6819,伊豆シャボテンリゾート(株),東証STD,480,+5,1.05,"18,600",2026/08/12
1314,1314,7066,(株)ピアズ,東証GRT,480,+5,1.05,"12,000",2026/08/12
1315,1315,7538,(株)大水,東証STD,385,+4,1.05,"1,600",2026/08/12
1316,1316,8818,京阪神ビルディング(株),東証PRM,"1,059",+11,1.05,"319,600",2026/08/12
1317,1317,8986,大和証券リビング投資法人,東証,"96,100","+1,000",1.05,"3,626",2026/08/12
1318,1318,2645,GX レジャー&エンターテインメント-日本株式,東証ETF,"3,095",+32,1.04,29,2026/08/12
1319,1319,4479,(株)マクアケ,東証GRT,874,+9,1.04,"28,300",2026/08/12
1320,1320,6186,(株)一蔵,東証STD,388,+4,1.04,700,2026/08/12
1321,1321,8089,ナイス(株),東証STD,"1,950",+20,1.04,"5,600",2026/08/12
1322,1322,8304,(株)あおぞら銀行,東証PRM,"3,298",+34,1.04,"1,113,600",2026/08/12
1323,1323,8953,日本都市ファンド投資法人,東証,"116,200","+1,200",1.04,"12,241",2026/08/12
1324,1324,9216,ビーウィズ(株),東証PRM,"1,648",+17,1.04,"23,800",2026/08/12
1325,1325,1925,大和ハウス工業(株),東証PRM,"4,610",+47,1.03,"2,008,000",2026/08/12
1326,1326,4097,高圧ガス工業(株),東証PRM,"1,175",+12,1.03,"115,200",2026/08/12
1327,1327,6076,(株)アメイズ,福証,"1,277",+13,1.03,"2,800",2026/08/12
1328,1328,6627,(株)テラプローブ,東証STD,"11,770",+120,1.03,"123,600",2026/08/12
1329,1329,8252,(株)丸井グループ,東証PRM,"2,987.5",+30.5,1.03,"727,300",2026/08/12
1330,1330,8604,野村ホールディングス(株),東証PRM,"1,566",+16,1.03,"7,812,800",2026/08/12
1331,1331,2429,(株)ワールドホールディングス,東証PRM,"2,678",+27,1.02,"47,500",2026/08/12
1332,1332,4251,恵和(株),東証PRM,"1,288",+13,1.02,"55,400",2026/08/12
1333,1333,4559,ゼリア新薬工業(株),東証PRM,"2,078",+21,1.02,"109,600",2026/08/12
1334,1334,6094,(株)フリークアウト・ホールディングス,東証GRT,595,+6,1.02,"20,100",2026/08/12
1335,1335,6417,(株)ＳＡＮＫＹＯ,東証PRM,"1,935.5",+19.5,1.02,"1,024,100",2026/08/12
1336,1336,6750,エレコム(株),東証PRM,"1,874",+19,1.02,"150,100",2026/08/12
1337,1337,7063,(株)Ｂｉｒｄｍａｎ,東証GRT,99,+1,1.02,"422,900",2026/08/12
1338,1338,9250,(株)ＧＲＣＳ,東証GRT,892,+9,1.02,700,2026/08/12
1339,1339,1306,(NEXT FUNDS)TOPIX連動型上場投信,東証ETF,431.9,+4.3,1.01,"9,512,360",2026/08/12
1340,1340,4519,中外製薬(株),東証PRM,"7,184",+72,1.01,"2,244,000",2026/08/12
1341,1341,6882,(株)三社電機製作所,東証STD,"1,202",+12,1.01,"74,300",2026/08/12
1342,1342,7271,(株)安永,東証STD,797,+8,1.01,"181,200",2026/08/12
1343,1343,7723,愛知時計電機(株),東証PRM,"2,801",+28,1.01,"34,300",2026/08/12
1344,1344,8601,(株)大和証券グループ本社,東証PRM,"1,806.5",+18,1.01,"4,858,400",2026/08/12
1345,1345,1493,One ETF JPX日経中小型,東証ETF,"25,870",+255,1.0,195,2026/08/12
1346,1346,1593,MAXIS JPX日経インデックス400上場投信,東証ETF,"38,550",+380,1.0,"5,106",2026/08/12
1347,1347,210A,iFreeETF 日経高利回りREIT指数,東証ETF,"1,610",+16,1.0,"17,996",2026/08/12
1348,1348,2337,いちご(株),東証PRM,403,+4,1.0,"708,400",2026/08/12
1349,1349,2687,(株)シー・ヴイ・エス・ベイエリア,東証STD,507,+5,1.0,"7,600",2026/08/12
1350,1350,4495,(株)アイキューブドシステムズ,東証GRT,"2,021",+20,1.0,"10,100",2026/08/12
1351,1351,4777,(株)ガーラ,東証STD,203,+2,1.0,"5,500",2026/08/12
1352,1352,4891,(株)ティムス,東証GRT,101,+1,1.0,"196,500",2026/08/12
1353,1353,575A,前澤ホールディングス(株),東証PRM,"1,810",+18,1.0,"51,300",2026/08/12
1354,1354,7486,サンリン(株),東証STD,810,+8,1.0,"5,400",2026/08/12
1355,1355,7989,立川ブラインド工業(株),東証PRM,"2,617",+26,1.0,"18,400",2026/08/12
1356,1356,8984,大和ハウスリート投資法人,東証,"121,000","+1,200",1.0,"5,180",2026/08/12
1357,1357,1397,SMDAM 日経225上場投信,東証ETF,"68,310",+670,0.99,165,2026/08/12
1358,1358,2518,(NEXT FUNDS) MSCI日本株女性活躍(セレクト)上場投信,東証ETF,"2,440",+24,0.99,237,2026/08/12
1359,1359,564A,GX S&P先進国キャッシュフロー・トップ100,東証ETF,"1,117",+11,0.99,205,2026/08/12
1360,1360,6080,Ｍ＆Ａキャピタルパートナーズ(株),東証PRM,"4,070",+40,0.99,"82,600",2026/08/12
1361,1361,6778,(株)アルチザネットワークス,東証STD,612,+6,0.99,"20,100",2026/08/12
1362,1362,7059,(株)コプロ・ホールディングス,東証PRM,814,+8,0.99,"268,100",2026/08/12
1363,1363,7791,ドリームベッド(株),東証STD,813,+8,0.99,"1,600",2026/08/12
1364,1364,7950,日本デコラックス(株),名証MN,"9,200",+90,0.99,100,2026/08/12
1365,1365,8081,(株)カナデン,東証PRM,"2,457",+24,0.99,"63,100",2026/08/12
1366,1366,8097,三愛オブリ(株),東証PRM,"2,354",+23,0.99,"109,100",2026/08/12
1367,1367,8550,(株)栃木銀行,東証PRM,"1,024",+10,0.99,"558,600",2026/08/12
1368,1368,8920,(株)東祥,東証STD,712,+7,0.99,"92,700",2026/08/12
1369,1369,8972,KDX不動産投資法人,東証,"153,100","+1,500",0.99,"4,864",2026/08/12
1370,1370,1810,松井建設(株),東証STD,"1,449",+14,0.98,"34,600",2026/08/12
1371,1371,1828,田辺工業(株),東証STD,"2,371",+23,0.98,"14,200",2026/08/12
1372,1372,1852,(株)淺沼組,東証PRM,926,+9,0.98,"722,500",2026/08/12
1373,1373,2307,(株)クロスキャット,東証PRM,"1,034",+10,0.98,"33,700",2026/08/12
1374,1374,2993,(株)長栄,東証STD,"2,155",+21,0.98,"1,800",2026/08/12
1375,1375,4346,(株)ＮＥＸＹＺ．Ｇｒｏｕｐ,東証STD,827,+8,0.98,"45,300",2026/08/12
1376,1376,4658,日本空調サービス(株),東証PRM,"1,545",+15,0.98,"66,800",2026/08/12
1377,1377,5187,クリエートメディック(株),東証STD,"1,132",+11,0.98,"8,800",2026/08/12
1378,1378,7630,(株)壱番屋,東証PRM,928,+9,0.98,"249,600",2026/08/12
1379,1379,7815,東京ボード工業(株),東証STD,310,+3,0.98,"5,000",2026/08/12
1380,1380,9757,(株)船井総研ホールディングス,東証PRM,"1,136",+11,0.98,"343,800",2026/08/12
1381,1381,1369,One ETF 日経225,東証ETF,"68,000",+650,0.97,"1,140",2026/08/12
1382,1382,2624,iFreeETF 日経225(年4回決算型),東証ETF,"6,795",+65,0.97,"10,337",2026/08/12
1383,1383,3004,神栄(株),東証STD,"2,089",+20,0.97,"9,200",2026/08/12
1384,1384,3668,(株)コロプラ,東証PRM,416,+4,0.97,"447,200",2026/08/12
1385,1385,5857,ＡＲＥホールディングス(株),東証PRM,"3,660",+35,0.97,"1,165,400",2026/08/12
1386,1386,6622,(株)ダイヘン,東証PRM,"13,580",+130,0.97,"316,000",2026/08/12
1387,1387,7897,ホクシン(株),東証STD,104,+1,0.97,"116,800",2026/08/12
1388,1388,9508,九州電力(株),東証PRM,"1,820",+17.5,0.97,"1,040,000",2026/08/12
1389,1389,9543,静岡ガス(株),東証PRM,"1,254",+12,0.97,"172,900",2026/08/12
1390,1390,1921,(株)巴コーポレーション,東証STD,"1,896",+18,0.96,"21,300",2026/08/12
1391,1391,2183,(株)リニカル,東証STD,210,+2,0.96,"46,400",2026/08/12
1392,1392,3788,ＧＭＯグローバルサイン・ホールディングス(株),東証PRM,"2,308",+22,0.96,"27,000",2026/08/12
1393,1393,4013,勤次郎(株),東証GRT,736,+7,0.96,"83,400",2026/08/12
1394,1394,5992,中央発條(株),東証STD,"3,695",+35,0.96,"18,400",2026/08/12
1395,1395,7043,アルー(株),東証GRT,947,+9,0.96,"6,100",2026/08/12
1396,1396,7918,(株)ヴィア・ホールディングス,東証STD,105,+1,0.96,"76,000",2026/08/12
1397,1397,1498,One ETF ESG,東証ETF,"32,980",+310,0.95,477,2026/08/12
1398,1398,2520,(NEXT FUNDS)新興国株式･MSCI EM･(H無),東証ETF,"2,335",+22,0.95,"3,482",2026/08/12
1399,1399,2531,宝ホールディングス(株),東証PRM,"2,027.5",+19,0.95,"363,100",2026/08/12
1400,1400,2625,iFreeETF TOPIX(年4回決算型),東証ETF,"4,150",+39,0.95,"4,498",2026/08/12
1401,1401,2640,GX ゲーム＆アニメ-日本株式,東証ETF,"4,129",+39,0.95,"45,322",2026/08/12
1402,1402,3109,シキボウ(株),東証PRM,"1,058",+10,0.95,"53,700",2026/08/12
1403,1403,3636,(株)三菱総合研究所,東証PRM,"4,780",+45,0.95,"56,200",2026/08/12
1404,1404,5133,(株)テリロジーホールディングス,東証STD,320,+3,0.95,"83,200",2026/08/12
1405,1405,6073,(株)アサンテ,東証PRM,"1,494",+14,0.95,"12,600",2026/08/12
1406,1406,6912,菊水ホールディングス(株),東証STD,"2,347",+22,0.95,"14,000",2026/08/12
1407,1407,6923,スタンレー電気(株),東証PRM,"3,612",+34,0.95,"439,200",2026/08/12
1408,1408,7649,スギホールディングス(株),東証PRM,"2,829.5",+26.5,0.95,"857,800",2026/08/12
1409,1409,7795,(株)ＫＹＯＲＩＴＳＵ,東証STD,213,+2,0.95,"54,800",2026/08/12
1410,1410,8803,平和不動産(株),東証PRM,"2,347",+22,0.95,"170,300",2026/08/12
1411,1411,9163,(株)ナレルグループ,東証GRT,"2,350",+22,0.95,"18,800",2026/08/12
1412,1412,9310,日本トランスシティ(株),東証PRM,"1,387",+13,0.95,"131,400",2026/08/12
1413,1413,1329,iシェアーズ・コア 日経225ETF,東証ETF,"7,000",+65,0.94,"318,686",2026/08/12
1414,1414,1591,(NEXT FUNDS) JPX日経インデックス400,東証ETF,"37,690",+350,0.94,470,2026/08/12
1415,1415,167A,リョーサン菱洋ホールディングス(株),東証PRM,"3,230",+30,0.94,"195,300",2026/08/12
1416,1416,2158,(株)ＦＲＯＮＴＥＯ,東証GRT,644,+6,0.94,"147,900",2026/08/12
1417,1417,2436,共同ピーアール(株),東証STD,645,+6,0.94,"29,200",2026/08/12
1418,1418,3196,(株)ホットランドホールディングス,東証PRM,"1,613",+15,0.94,"69,100",2026/08/12
1419,1419,5939,(株)大谷工業,東証STD,"4,850",+45,0.94,"1,400",2026/08/12
1420,1420,6240,ヤマシンフィルタ(株),東証PRM,538,+5,0.94,"699,600",2026/08/12
1421,1421,6459,だいわ(株),東証PRM,"1,715",+16,0.94,"198,600",2026/08/12
1422,1422,7919,野崎印刷紙業(株),東証STD,215,+2,0.94,"23,700",2026/08/12
1423,1423,8955,日本プライムリアルティ投資法人,東証,"97,000",+900,0.94,"4,678",2026/08/12
1424,1424,1578,上場インデックスファンド日経225(ミニ),東証ETF,"5,400",+50,0.93,"7,586",2026/08/12
1425,1425,1651,iFreeETF TOPIX高配当40指数,東証ETF,"3,255",+30,0.93,"17,270",2026/08/12
1426,1426,2435,(株)シダー,東証STD,218,+2,0.93,"22,000",2026/08/12
1427,1427,2642,SMT ETFカーボン・エフィシェント日本株,東証ETF,"54,310",+500,0.93,1,2026/08/12
1428,1428,2884,(株)ヨシムラ・フード・ホールディングス,東証PRM,650,+6,0.93,"27,600",2026/08/12
1429,1429,3021,(株)パシフィックネット,東証STD,"1,626",+15,0.93,"15,700",2026/08/12
1430,1430,3491,(株)ＧＡ　ｔｅｃｈｎｏｌｏｇｉｅｓ,東証GRT,"1,512",+14,0.93,"121,200",2026/08/12
1431,1431,4073,(株)ジィ・シィ企画,東証GRT,540,+5,0.93,"44,200",2026/08/12
1432,1432,424A,GX ゴールドETF(H有),東証ETF,335.3,+3.1,0.93,"480,800",2026/08/12
1433,1433,4260,(株)ハイブリッドテクノロジーズ,東証GRT,216,+2,0.93,"3,000",2026/08/12
1434,1434,4463,日華化学(株),東証STD,"2,059",+19,0.93,"17,400",2026/08/12
1435,1435,4746,(株)東計電算,東証STD,"6,500",+60,0.93,"66,300",2026/08/12
1436,1436,6070,キャリアリンク(株),東証PRM,"2,379",+22,0.93,"28,100",2026/08/12
1437,1437,6157,日進工具(株),東証STD,865,+8,0.93,"64,000",2026/08/12
1438,1438,7762,シチズン時計(株),東証PRM,"2,595",+24,0.93,"1,734,200",2026/08/12
1439,1439,7857,セキ(株),東証STD,"1,298",+12,0.93,400,2026/08/12
1440,1440,9363,(株)大運,東証STD,542,+5,0.93,"6,100",2026/08/12
1441,1441,9932,杉本商事(株),東証PRM,"1,298",+12,0.93,"28,900",2026/08/12
1442,1442,3962,(株)チェンジホールディングス,東証PRM,982,+9,0.92,"215,400",2026/08/12
1443,1443,5576,(株)オービーシステム,東証STD,"2,946",+27,0.92,"2,000",2026/08/12
1444,1444,5962,浅香工業(株),東証STD,"1,984",+18,0.92,600,2026/08/12
1445,1445,6316,(株)丸山製作所,東証STD,"2,838",+26,0.92,"19,700",2026/08/12
1446,1446,8101,(株)ＧＳＩクレオス,東証PRM,"2,643",+24,0.92,"39,700",2026/08/12
1447,1447,9008,京王電鉄(株),東証PRM,759.7,+6.9,0.92,"1,748,900",2026/08/12
1448,1448,9246,(株)プロジェクトホールディングス,東証GRT,"1,099",+10,0.92,"2,600",2026/08/12
1449,1449,2017,iFreeETF JPXプライム150,東証ETF,"1,550",+14,0.91,"55,608",2026/08/12
1450,1450,3091,(株)ブロンコビリー,東証PRM,"2,557",+23,0.91,"64,000",2026/08/12
1451,1451,3660,(株)アイスタイル,東証PRM,445,+4,0.91,"1,137,200",2026/08/12
1452,1452,4572,カルナバイオサイエンス(株),東証GRT,332,+3,0.91,"188,300",2026/08/12
1453,1453,6223,(株)西部技研,東証STD,"1,986",+18,0.91,"39,800",2026/08/12
1454,1454,6998,日本タングステン(株),東証STD,"3,310",+30,0.91,"313,800",2026/08/12
1455,1455,7698,(株)アイスコ,東証STD,"2,664",+24,0.91,"2,400",2026/08/12
1456,1456,8119,(株)三栄コーポレーション,東証STD,773,+7,0.91,"2,200",2026/08/12
1457,1457,4369,(株)トリケミカル研究所,東証PRM,"3,365",+30,0.9,"309,400",2026/08/12
1458,1458,4430,東海ソフト(株),東証STD,"1,682",+15,0.9,"14,800",2026/08/12
1459,1459,5262,日本ヒューム(株),東証PRM,"1,126",+10,0.9,"339,500",2026/08/12
1460,1460,6467,(株)ニチダイ,東証STD,335,+3,0.9,"6,800",2026/08/12
1461,1461,6522,(株)アスタリスク,東証GRT,"1,794",+16,0.9,"688,700",2026/08/12
1462,1462,8876,(株)リログループ,東証PRM,"2,184",+19.5,0.9,"463,500",2026/08/12
1463,1463,1321,(NEXT FUNDS)日経225連動型上場投信,東証ETF,"69,940",+620,0.89,"181,922",2026/08/12
1464,1464,1430,ファーストコーポレーション(株),東証STD,"1,022",+9,0.89,"18,900",2026/08/12
1465,1465,1625,(NEXT FUNDS)電機･精密上場投信,東証ETF,"66,650",+590,0.89,809,2026/08/12
1466,1466,2084,(NEXT FUNDS) 日本高配当株アクティブ,東証ETF,"3,834",+34,0.89,"6,342",2026/08/12
1467,1467,2978,(株)ツクルバ,東証GRT,341,+3,0.89,"5,000",2026/08/12
1468,1468,3193,(株)エターナルホスピタリティグループ,東証PRM,"1,481",+13,0.89,"132,500",2026/08/12
1469,1469,365A,伊澤タオル(株),東証STD,794,+7,0.89,"39,000",2026/08/12
1470,1470,4054,日本情報クリエイト(株),東証GRT,564,+5,0.89,"8,700",2026/08/12
1471,1471,4368,扶桑化学工業(株),東証PRM,"3,385",+30,0.89,"1,022,900",2026/08/12
1472,1472,4543,テルモ(株),東証PRM,"2,598.5",+23,0.89,"6,704,400",2026/08/12
1473,1473,6558,クックビズ(株),東証GRT,679,+6,0.89,500,2026/08/12
1474,1474,7636,(株)ハンズマン,東証STD,795,+7,0.89,"5,000",2026/08/12
1475,1475,7781,(株)平山ホールディングス,東証STD,796,+7,0.89,"15,700",2026/08/12
1476,1476,8425,みずほリース(株),東証PRM,"1,358",+12,0.89,"440,100",2026/08/12
1477,1477,9025,鴻池運輸(株),東証PRM,"2,932",+26,0.89,"154,600",2026/08/12
1478,1478,1630,(NEXT FUNDS)小売上場投信,東証ETF,"38,980",+340,0.88,261,2026/08/12
1479,1479,1929,日特建設(株),東証PRM,"1,148",+10,0.88,"65,800",2026/08/12
1480,1480,2252,GX Morningstar 米国中小型 Moat,東証ETF,"1,490",+13,0.88,467,2026/08/12
1481,1481,3099,(株)三越伊勢丹ホールディングス,東証PRM,"3,677",+32,0.88,"2,034,600",2026/08/12
1482,1482,3401,帝人(株),東証PRM,"1,780",+15.5,0.88,"983,800",2026/08/12
1483,1483,3923,(株)ラクス,東証PRM,"1,094.5",+9.5,0.88,"1,794,000",2026/08/12
1484,1484,4025,多木化学(株),東証PRM,"5,730",+50,0.88,"35,800",2026/08/12
1485,1485,4193,(株)ファブリカホールディングス,東証STD,"2,410",+21,0.88,"6,700",2026/08/12
1486,1486,421A,(株)ムービン・ストラテジック・キャリア,東証GRT,"3,455",+30,0.88,"187,800",2026/08/12
1487,1487,459A,野村 高利回りJリート指数ETF,東証ETF,"10,370",+90,0.88,10,2026/08/12
1488,1488,608A,上場インデックスファンド東証REIT高利回り30,東証ETF,"1,495",+13,0.88,"3,029",2026/08/12
1489,1489,6472,ＮＴＮ(株),東証PRM,388.2,+3.4,0.88,"2,812,300",2026/08/12
1490,1490,7458,(株)第一興商,東証PRM,"1,832",+16,0.88,"242,400",2026/08/12
1491,1491,8007,高島(株),東証PRM,800,+7,0.88,"55,300",2026/08/12
1492,1492,8244,(株)近鉄百貨店,東証STD,"1,832",+16,0.88,"44,000",2026/08/12
1493,1493,8914,エリアリンク(株),東証STD,919,+8,0.88,"167,800",2026/08/12
1494,1494,9416,(株)ビジョン,東証PRM,"1,036",+9,0.88,"609,800",2026/08/12
1495,1495,1407,(株)ウエストホールディングス,東証STD,"2,671",+23,0.87,"204,700",2026/08/12
1496,1496,2359,(株)コア,東証PRM,"2,086",+18,0.87,"13,600",2026/08/12
1497,1497,2379,ディップ(株),東証PRM,"1,864",+16,0.87,"285,100",2026/08/12
1498,1498,2636,GX MSCIガバナンス・クオリティ-日本株式,東証ETF,"5,074",+44,0.87,115,2026/08/12
1499,1499,3183,ウイン・パートナーズ(株),東証PRM,"1,270",+11,0.87,"13,500",2026/08/12
1500,1500,3234,森ヒルズリート投資法人,東証,"128,200","+1,100",0.87,"2,429",2026/08/12
1501,1501,345A,高配当成長 日本株(ネットリターン)ETN,東証ETF,"15,685",+135,0.87,"3,201",2026/08/12
1502,1502,3558,ジェイドグループ(株),東証GRT,"1,730",+15,0.87,"71,900",2026/08/12
1503,1503,3948,光ビジネスフォーム(株),東証STD,"1,160",+10,0.87,"1,600",2026/08/12
1504,1504,6501,(株)日立製作所,東証PRM,"5,669",+49,0.87,"11,575,200",2026/08/12
1505,1505,6568,神戸天然物化学(株),東証GRT,"1,274",+11,0.87,"2,200",2026/08/12
1506,1506,6775,(株)ＴＢグループ,東証STD,116,+1,0.87,"38,800",2026/08/12
1507,1507,7850,総合商研(株),東証STD,815,+7,0.87,"3,900",2026/08/12
1508,1508,8960,ユナイテッド・アーバン投資法人,東証,"161,900","+1,400",0.87,"4,601",2026/08/12
1509,1509,9142,九州旅客鉄道(株),東証PRM,"3,481",+30,0.87,"545,800",2026/08/12
1510,1510,9468,(株)ＫＡＤＯＫＡＷＡ,東証PRM,"3,602",+31,0.87,"384,600",2026/08/12
1511,1511,9744,(株)メイテックグループホールディングス,東証PRM,"3,353",+29,0.87,"340,400",2026/08/12
1512,1512,1476,iシェアーズ・コア Ｊリート ETF,東証ETF,"1,870",+16,0.86,"56,997",2026/08/12
1513,1513,1934,(株)ユアテック,東証PRM,"2,449",+21,0.86,"97,000",2026/08/12
1514,1514,2639,GX バイオ＆メドテック-日本株式,東証ETF,"1,759",+15,0.86,"1,897",2026/08/12
1515,1515,3634,(株)ソケッツ,東証STD,585,+5,0.86,"4,900",2026/08/12
1516,1516,4183,三井化学(株),東証PRM,"2,230",+19,0.86,"1,914,300",2026/08/12
1517,1517,436A,サイバーソリューションズ(株),東証GRT,"1,058",+9,0.86,"22,700",2026/08/12
1518,1518,4914,高砂香料工業(株),東証PRM,"1,286",+11,0.86,"201,200",2026/08/12
1519,1519,7042,(株)アクセスグループ・ホールディングス,東証STD,704,+6,0.86,"4,100",2026/08/12
1520,1520,7859,(株)アルメディオ,東証STD,234,+2,0.86,"232,300",2026/08/12
1521,1521,7955,クリナップ(株),東証PRM,936,+8,0.86,"42,500",2026/08/12
1522,1522,8864,空港施設(株),東証STD,935,+8,0.86,"83,200",2026/08/12
1523,1523,8928,穴吹興産(株),東証STD,"2,334",+20,0.86,"18,000",2026/08/12
1524,1524,1320,iFreeETF 日経225(年1回決算型),東証ETF,"69,700",+590,0.85,"32,602",2026/08/12
1525,1525,1322,上場インデックス中国A株 E FUND CSI300,東証ETF,"11,900",+100,0.85,199,2026/08/12
1526,1526,1330,上場インデックスファンド225,東証ETF,"70,040",+590,0.85,"35,400",2026/08/12
1527,1527,2004,昭和産業(株),東証PRM,"3,540",+30,0.85,"43,600",2026/08/12
1528,1528,4170,(株)Ｋａｉｚｅｎ　Ｐｌａｔｆｏｒｍ,東証GRT,118,+1,0.85,"52,800",2026/08/12
1529,1529,4642,オリジナル設計(株),東証STD,"1,418",+12,0.85,"2,300",2026/08/12
1530,1530,4671,(株)ファルコホールディングス,東証STD,"2,726",+23,0.85,"10,700",2026/08/12
1531,1531,5184,(株)ニチリン,東証STD,"4,145",+35,0.85,"12,400",2026/08/12
1532,1532,6857,(株)アドバンテスト,東証PRM,"34,550",+290,0.85,"7,284,500",2026/08/12
1533,1533,8014,蝶理(株),東証PRM,"4,140",+35,0.85,"51,200",2026/08/12
1534,1534,9215,(株)ＣａＳｙ,東証GRT,948,+8,0.85,"2,100",2026/08/12
1535,1535,1658,iシェアーズ･コア MSCI 新興国株 ETF,東証ETF,"4,310",+36,0.84,"1,707",2026/08/12
1536,1536,2014,iシェアーズ 米国連続増配株 ETF,東証ETF,324,+2.7,0.84,"56,400",2026/08/12
1537,1537,2930,(株)北の達人コーポレーション,東証PRM,120,+1,0.84,"334,800",2026/08/12
1538,1538,3054,(株)ハイパー,東証STD,241,+2,0.84,"15,400",2026/08/12
1539,1539,336A,ダイナミックマッププラットフォーム(株),東証GRT,717,+6,0.84,"248,700",2026/08/12
1540,1540,349A,SMDAM Active ETF 日本グロース株,東証ETF,856,+7.1,0.84,610,2026/08/12
1541,1541,3967,(株)エルテス,東証GRT,600,+5,0.84,"17,300",2026/08/12
1542,1542,4118,(株)カネカ,東証PRM,"6,099",+51,0.84,"208,200",2026/08/12
1543,1543,4387,(株)ＺＵＵ,東証GRT,478,+4,0.84,"2,900",2026/08/12
1544,1544,463A,(株)インテリックスホールディングス,東証STD,958,+8,0.84,"12,300",2026/08/12
1545,1545,4673,川崎地質(株),東証STD,"4,800",+40,0.84,900,2026/08/12
1546,1546,6632,(株)ＪＶＣケンウッド,東証PRM,"1,018.5",+8.5,0.84,"1,439,700",2026/08/12
1547,1547,7356,Ｒｅｔｔｙ(株),東証GRT,120,+1,0.84,"2,600",2026/08/12
1548,1548,1305,iFreeETF TOPIX(年1回決算型),東証ETF,"4,360",+36,0.83,"73,260",2026/08/12
1549,1549,1475,iシェアーズ・コア TOPIX ETF,東証ETF,425.5,+3.5,0.83,"2,237,210",2026/08/12
1550,1550,1693,WisdomTree 銅上場投信,東証ETF,"9,105",+75,0.83,"5,590",2026/08/12
1551,1551,1952,新日本空調(株),東証PRM,"3,045",+25,0.83,"227,400",2026/08/12
1552,1552,2211,(株)不二家,東証PRM,"2,428",+20,0.83,"30,100",2026/08/12
1553,1553,2553,One ETF 南方 中国A株 CSI500,東証ETF,"2,484.5",+20.5,0.83,"1,240",2026/08/12
1554,1554,4165,(株)プレイド,東証GRT,607,+5,0.83,"230,000",2026/08/12
1555,1555,442A,クラシコ(株),東証GRT,971,+8,0.83,"5,900",2026/08/12
1556,1556,5410,合同製鐵(株),東証PRM,"2,925",+24,0.83,"88,600",2026/08/12
1557,1557,6390,(株)加藤製作所,東証PRM,"1,341",+11,0.83,"24,500",2026/08/12
1558,1558,1860,戸田建設(株),東証PRM,"1,473",+12,0.82,"1,035,600",2026/08/12
1559,1559,3560,(株)ほぼ日,東証STD,"4,315",+35,0.82,"1,700",2026/08/12
1560,1560,3710,ジョルダン(株),東証STD,618,+5,0.82,"1,600",2026/08/12
1561,1561,4198,(株)テンダ,東証STD,492,+4,0.82,"20,500",2026/08/12
1562,1562,5900,(株)ダイケン,東証STD,863,+7,0.82,"2,400",2026/08/12
1563,1563,6185,ＳＭＮ(株),東証STD,367,+3,0.82,"12,600",2026/08/12
1564,1564,6503,三菱電機(株),東証PRM,"5,892",+48,0.82,"4,882,600",2026/08/12
1565,1565,6560,(株)エル・ティー・エス,東証PRM,"1,718",+14,0.82,"11,500",2026/08/12
1566,1566,7980,(株)重松製作所,東証STD,862,+7,0.82,"18,000",2026/08/12
1567,1567,9643,中日本興業(株),名証MN,"11,000",+90,0.82,200,2026/08/12
1568,1568,9790,福井コンピュータホールディングス(株),東証PRM,"3,075",+25,0.82,"41,900",2026/08/12
1569,1569,1930,北陸電気工事(株),東証PRM,"1,494",+12,0.81,"110,400",2026/08/12
1570,1570,2910,(株)ロック・フィールド,東証PRM,"1,376",+11,0.81,"38,300",2026/08/12
1571,1571,3283,日本プロロジスリート投資法人,東証,"87,600",+700,0.81,"7,769",2026/08/12
1572,1572,3309,積水ハウス・リート投資法人,東証,"74,400",+600,0.81,"7,336",2026/08/12
1573,1573,332A,ミーク(株),東証GRT,996,+8,0.81,"132,000",2026/08/12
1574,1574,3487,CREロジスティクスファンド投資法人,東証,"136,900","+1,100",0.81,"1,779",2026/08/12
1575,1575,6050,イー・ガーディアン(株),東証PRM,"1,745",+14,0.81,"15,400",2026/08/12
1576,1576,8707,岩井コスモホールディングス(株),東証PRM,"4,335",+35,0.81,"85,600",2026/08/12
1577,1577,8954,オリックス不動産投資法人,東証,"99,800",+800,0.81,"7,959",2026/08/12
1578,1578,1975,(株)朝日工業社,東証PRM,"3,765",+30,0.8,"76,100",2026/08/12
1579,1579,2852,iシェアーズ グリーンJリート,東証ETF,176.9,+1.4,0.8,"1,090",2026/08/12
1580,1580,3864,三菱製紙(株),東証PRM,"1,133",+9,0.8,"175,500",2026/08/12
1581,1581,4432,ウイングアーク１ｓｔ(株),東証PRM,"3,160",+25,0.8,"222,400",2026/08/12
1582,1582,5011,ニチレキグループ(株),東証PRM,"2,265",+18,0.8,"49,700",2026/08/12
1583,1583,5834,ＳＢＩリーシングサービス(株),東証GRT,"2,779",+22,0.8,"35,200",2026/08/12
1584,1584,6463,ＴＰＲ(株),東証PRM,"1,513",+12,0.8,"130,300",2026/08/12
1585,1585,8130,(株)サンゲツ,東証PRM,"3,135",+25,0.8,"136,600",2026/08/12
1586,1586,8769,(株)アドバンテッジリスクマネジメント,東証STD,504,+4,0.8,"68,500",2026/08/12
1587,1587,9034,南総通運(株),東証STD,"1,640",+13,0.8,"2,700",2026/08/12
1588,1588,9474,(株)ゼンリン,東証PRM,884,+7,0.8,"169,000",2026/08/12
1589,1589,1364,ｉシェアーズ JPX日経400 ETF,東証ETF,"3,833",+30,0.79,"24,344",2026/08/12
1590,1590,3486,(株)グローバル・リンク・マネジメント,東証PRM,"1,921",+15,0.79,"100,200",2026/08/12
1591,1591,3539,(株)ＪＭホールディングス,東証PRM,"1,399",+11,0.79,"123,300",2026/08/12
1592,1592,4523,エーザイ(株),東証PRM,"4,988",+39,0.79,"1,438,800",2026/08/12
1593,1593,4792,山田コンサルティンググループ(株),東証PRM,"1,665",+13,0.79,"25,400",2026/08/12
1594,1594,4885,室町ケミカル(株),東証STD,892,+7,0.79,"13,800",2026/08/12
1595,1595,6225,(株)エコム,名証MN,"2,049",+16,0.79,"1,500",2026/08/12
1596,1596,6703,ＯＫＩ,東証PRM,"2,799",+22,0.79,"686,100",2026/08/12
1597,1597,7214,ＧＭＢ(株),東証STD,"1,144",+9,0.79,"12,100",2026/08/12
1598,1598,7472,(株)鳥羽洋行,東証STD,"3,805",+30,0.79,800,2026/08/12
1599,1599,9332,ＮＩＳＳＯホールディングス(株),東証PRM,638,+5,0.79,"80,800",2026/08/12
1600,1600,1308,上場インデックスファンドTOPIX,東証ETF,"4,260",+33,0.78,"101,430",2026/08/12
1601,1601,1477,iシェアーズ MSCI 日本株最小分散 ETF,東証ETF,"3,376",+26,0.78,"10,339",2026/08/12
1602,1602,1721,コムシスホールディングス(株),東証PRM,"5,306",+41,0.78,"476,600",2026/08/12
1603,1603,2042,NEXT NOTES 東証グロース市場250 ETN,東証ETF,"7,730",+60,0.78,76,2026/08/12
1604,1604,2053,中部飼料(株),東証PRM,"1,931",+15,0.78,"44,100",2026/08/12
1605,1605,2096,GX オフィス・J-REIT,東証ETF,"1,034",+8,0.78,402,2026/08/12
1606,1606,2790,(株)ナフコ,東証STD,"2,205",+17,0.78,"5,400",2026/08/12
1607,1607,2980,ＳＲＥホールディングス(株),東証PRM,"2,588",+20,0.78,"322,800",2026/08/12
1608,1608,2999,ホームポジション(株),東証STD,649,+5,0.78,"16,900",2026/08/12
1609,1609,3377,(株)バイク王＆カンパニー,東証STD,389,+3,0.78,"38,700",2026/08/12
1610,1610,3741,(株)セック,東証PRM,"3,235",+25,0.78,"195,600",2026/08/12
1611,1611,3762,テクマトリックス(株),東証PRM,"2,321",+18,0.78,"247,300",2026/08/12
1612,1612,4492,(株)ゼネテック,東証STD,387,+3,0.78,"6,500",2026/08/12
1613,1613,4527,ロート製薬(株),東証PRM,"2,850",+22,0.78,"1,719,900",2026/08/12
1614,1614,5079,(株)ノバック,東証STD,"2,600",+20,0.78,"8,900",2026/08/12
1615,1615,6013,(株)タクマ,東証PRM,"3,215",+25,0.78,"212,000",2026/08/12
1616,1616,610A,GX 宇宙テック・トップ10(除く日本),東証ETF,"1,161",+9,0.78,"310,477",2026/08/12
1617,1617,7035,ａｎｄ　ｆａｃｔｏｒｙ(株),東証STD,257,+2,0.78,"17,900",2026/08/12
1618,1618,9273,コーア商事ホールディングス(株),東証PRM,772,+6,0.78,"70,800",2026/08/12
1619,1619,9507,四国電力(株),東証PRM,"1,748",+13.5,0.78,"814,900",2026/08/12
1620,1620,1348,MAXIS トピックス上場投信,東証ETF,"4,295",+33,0.77,"37,534",2026/08/12
1621,1621,2072,トップシェアインデックス(ネットリターン)ETN,東証ETF,"22,370",+170,0.77,1,2026/08/12
1622,1622,2638,GX ロボティクス＆AI-日本株式,東証ETF,"2,745",+21,0.77,"27,593",2026/08/12
1623,1623,3280,(株)エストラスト,東証STD,922,+7,0.77,"2,000",2026/08/12
1624,1624,3289,東急不動産ホールディングス(株),東証PRM,"1,311",+10,0.77,"2,664,600",2026/08/12
1625,1625,4709,(株)ＩＤホールディングス,東証PRM,"1,045",+8,0.77,"59,100",2026/08/12
1626,1626,5393,ニチアス(株),東証PRM,"3,529",+27,0.77,"519,400",2026/08/12
1627,1627,7161,(株)じもとホールディングス,東証STD,525,+4,0.77,"43,800",2026/08/12
1628,1628,8798,(株)アドバンスクリエイト,東証PRM,131,+1,0.77,"29,000",2026/08/12
1629,1629,1346,MAXIS 日経225上場投信,東証ETF,"69,880",+530,0.76,"10,153",2026/08/12
1630,1630,146A,コロンビア・ワークス(株),東証STD,"3,305",+25,0.76,"104,900",2026/08/12
1631,1631,2249,iFreeETF S&P500ダブルインバース,東証ETF,"9,261",+70,0.76,303,2026/08/12
1632,1632,2338,クオンタムソリューションズ(株),東証STD,132,+1,0.76,"91,300",2026/08/12
1633,1633,2378,(株)ルネサンス,東証PRM,"1,059",+8,0.76,"45,000",2026/08/12
1634,1634,3154,メディアスホールディングス(株),東証PRM,792,+6,0.76,"27,500",2026/08/12
1635,1635,4168,(株)ヤプリ,東証GRT,796,+6,0.76,"69,200",2026/08/12
1636,1636,4362,日本精化(株),東証PRM,"2,636",+20,0.76,"19,200",2026/08/12
1637,1637,4972,綜研化学(株),東証STD,"3,325",+25,0.76,"95,700",2026/08/12
1638,1638,586A,(NEXT FUNDS) 日経エンタメ・コンテンツ株指数,東証ETF,240,+1.8,0.76,"981,270",2026/08/12
1639,1639,7264,(株)ムロコーポレーション,東証STD,"1,321",+10,0.76,"3,100",2026/08/12
1640,1640,7539,(株)アイナボホールディングス,東証STD,792,+6,0.76,"8,200",2026/08/12
1641,1641,7953,菊水化学工業(株),東証STD,397,+3,0.76,"37,500",2026/08/12
1642,1642,9240,(株)デリバリーコンサルティング,東証GRT,400,+3,0.76,"6,200",2026/08/12
1643,1643,9505,北陸電力(株),東証PRM,933,+7,0.76,"719,800",2026/08/12
1644,1644,9716,(株)乃村工藝社,東証PRM,"1,188",+9,0.76,"249,700",2026/08/12
1645,1645,9974,(株)ベルク,東証PRM,"6,610",+50,0.76,"28,500",2026/08/12
1646,1646,2556,One ETF 東証REIT指数,東証ETF,"1,873",+14,0.75,"30,540",2026/08/12
1647,1647,2784,アルフレッサ　ホールディングス(株),東証PRM,"2,214",+16.5,0.75,"508,900",2026/08/12
1648,1648,2815,アリアケジャパン(株),東証PRM,"5,360",+40,0.75,"69,900",2026/08/12
1649,1649,2836,GX フィンテック-日本株式,東証ETF,"3,206",+24,0.75,36,2026/08/12
1650,1650,3003,ヒューリック(株),東証PRM,"1,747.5",+13,0.75,"2,896,900",2026/08/12
1651,1651,3287,星野リゾート・リート投資法人,東証,"240,500","+1,800",0.75,"1,554",2026/08/12
1652,1652,3437,特殊電極(株),東証STD,"2,690",+20,0.75,200,2026/08/12
1653,1653,3843,フリービット(株),東証PRM,"1,619",+12,0.75,"28,000",2026/08/12
1654,1654,3953,大村紙業(株),東証STD,809,+6,0.75,"4,700",2026/08/12
1655,1655,4421,(株)ディ・アイ・システム,東証STD,937,+7,0.75,700,2026/08/12
1656,1656,4446,Ｌｉｎｋ－Ｕグループ(株),東証STD,807,+6,0.75,"38,800",2026/08/12
1657,1657,5951,ダイニチ工業(株),東証STD,"1,081",+8,0.75,"2,500",2026/08/12
1658,1658,6915,千代田インテグレ(株),東証STD,"3,360",+25,0.75,"5,700",2026/08/12
1659,1659,6960,フクダ電子(株),東証STD,"12,100",+90,0.75,"45,000",2026/08/12
1660,1660,7381,(株)ＣＣＩグループ,東証PRM,"1,215",+9,0.75,"462,300",2026/08/12
1661,1661,8346,(株)東邦銀行,東証PRM,935,+7,0.75,"951,100",2026/08/12
1662,1662,8508,Ｊトラスト(株),東証STD,809,+6,0.75,"1,976,900",2026/08/12
1663,1663,9264,ポエック(株),東証STD,"1,750",+13,0.75,"17,600",2026/08/12
1664,1664,9286,エネクス・インフラ投資法人,東証,"47,200",+350,0.75,"1,393",2026/08/12
1665,1665,2175,(株)エス・エム・エス,東証PRM,"2,311",+17,0.74,"371,200",2026/08/12
1666,1666,3232,三重交通グループホールディングス(株),東証PRM,547,+4,0.74,"185,800",2026/08/12
1667,1667,364A,(NEXT FUNDS) S&P500 配当貴族指数連動型上場投信,東証ETF,"2,573",+19,0.74,"1,626",2026/08/12
1668,1668,4588,オンコリスバイオファーマ(株),東証GRT,"2,870",+21,0.74,"1,115,300",2026/08/12
1669,1669,486A,(NEXT FUNDS) ユーロ・ストックス50(H無),東証ETF,"2,299",+17,0.74,453,2026/08/12
1670,1670,5632,三菱製鋼(株),東証PRM,"2,325",+17,0.74,"65,500",2026/08/12
1671,1671,7164,全国保証(株),東証PRM,"3,114",+23,0.74,"370,900",2026/08/12
1672,1672,7870,福島印刷(株),名証MN,407,+3,0.74,"14,600",2026/08/12
1673,1673,9212,Ｇｒｅｅｎ　Ｅａｒｔｈ　Ｉｎｓｔｉｔｕｔｅ(株),東証GRT,271,+2,0.74,"18,000",2026/08/12
1674,1674,9305,(株)ヤマタネ,東証PRM,"2,040",+15,0.74,"77,400",2026/08/12
1675,1675,2080,PBR1倍割れ解消推進ETF,東証ETF,"2,062",+15,0.73,"38,126",2026/08/12
1676,1676,2526,NZAM 上場投信 JPX日経400,東証ETF,"38,380",+280,0.73,158,2026/08/12
1677,1677,2654,(株)アスモ,東証STD,413,+3,0.73,"9,500",2026/08/12
1678,1678,415A,ＧＭＯ　ＴＥＣＨホールディングス(株),東証GRT,"4,845",+35,0.73,"1,600",2026/08/12
1679,1679,6384,(株)昭和真空,東証STD,"1,653",+12,0.73,"4,900",2026/08/12
1680,1680,7456,松田産業(株),東証PRM,"6,900",+50,0.73,"486,100",2026/08/12
1681,1681,8789,フィンテック　グローバル(株),東証STD,138,+1,0.73,"1,789,900",2026/08/12
1682,1682,2281,プリマハム(株),東証PRM,"2,389",+17,0.72,"119,300",2026/08/12
1683,1683,3002,グンゼ(株),東証PRM,"4,220",+30,0.72,"183,500",2026/08/12
1684,1684,3388,明治電機工業(株),東証PRM,"2,104",+15,0.72,"29,000",2026/08/12
1685,1685,3983,(株)オロ,東証PRM,"2,245",+16,0.72,"18,100",2026/08/12
1686,1686,3988,(株)ＳＹＳホールディングス,東証STD,559,+4,0.72,"3,800",2026/08/12
1687,1687,4704,トレンドマイクロ(株),東証PRM,"6,966",+50,0.72,"859,000",2026/08/12
1688,1688,6479,ミネベアミツミ(株),東証PRM,"3,753",+27,0.72,"3,405,100",2026/08/12
1689,1689,6678,(株)テクノメディカ,東証STD,"2,100",+15,0.72,"11,000",2026/08/12
1690,1690,6867,リーダー電子(株),東証STD,418,+3,0.72,"5,000",2026/08/12
1691,1691,8043,スターゼン(株),東証PRM,"1,390",+10,0.72,"120,300",2026/08/12
1692,1692,9627,(株)アインホールディングス,東証PRM,"6,015",+43,0.72,"314,500",2026/08/12
1693,1693,1333,Ｕｍｉｏｓ(株),東証PRM,"1,278",+9,0.71,"537,700",2026/08/12
1694,1694,2044,NEXT NOTES S&P500 配当貴族(NR)ETN,東証ETF,"35,640",+250,0.71,15,2026/08/12
1695,1695,2865,GX NASDAQ100・カバード・コール,東証ETF,"1,269",+9,0.71,"156,523",2026/08/12
1696,1696,3030,(株)ハブ,東証STD,849,+6,0.71,"11,900",2026/08/12
1697,1697,367A,プリモグローバルホールディングス(株),東証STD,"2,843",+20,0.71,"32,500",2026/08/12
1698,1698,7370,(株)Ｅｎｊｉｎ,東証GRT,709,+5,0.71,"2,200",2026/08/12
1699,1699,8979,スターツプロシード投資法人,東証,"183,700","+1,300",0.71,441,2026/08/12
1700,1700,9765,(株)オオバ,東証PRM,"1,138",+8,0.71,"10,200",2026/08/12
1701,1701,1433,ベステラ(株),東証PRM,"1,148",+8,0.7,"33,000",2026/08/12
1702,1702,1592,上場インデックス JPX日経インデックス400,東証ETF,"3,440",+24,0.7,"65,075",2026/08/12
1703,1703,1596,NZAM 上場投信 TOPIX Ex-Financials,東証ETF,"3,001",+21,0.7,156,2026/08/12
1704,1704,2002,(株)日清製粉グループ本社,東証PRM,"2,011.5",+14,0.7,"820,800",2026/08/12
1705,1705,2043,NEXT NOTES STOXX アセアン好配当50(円、NR)ETN,東証ETF,"30,030",+210,0.7,15,2026/08/12
1706,1706,2664,(株)カワチ薬品,東証PRM,"3,620",+25,0.7,"97,300",2026/08/12
1707,1707,4882,(株)ペルセウスプロテオミクス,東証GRT,143,+1,0.7,"98,800",2026/08/12
1708,1708,7624,(株)ＮａＩＴＯ,東証STD,143,+1,0.7,"96,000",2026/08/12
1709,1709,7970,信越ポリマー(株),東証PRM,"2,288",+16,0.7,"117,800",2026/08/12
1710,1710,8070,東京産業(株),東証PRM,869,+6,0.7,"40,500",2026/08/12
1711,1711,8275,(株)フォーバル,東証STD,"1,010",+7,0.7,"20,800",2026/08/12
1712,1712,8554,(株)南日本銀行,福証,"1,437",+10,0.7,"2,100",2026/08/12
1713,1713,9381,(株)エーアイテイー,東証PRM,"2,311",+16,0.7,"35,800",2026/08/12
1714,1714,9418,(株)Ｕ－ＮＥＸＴ　ＨＯＬＤＩＮＧＳ,東証PRM,"1,733",+12,0.7,"811,300",2026/08/12
1715,1715,2831,はごろもフーズ(株),東証STD,"3,640",+25,0.69,800,2026/08/12
1716,1716,3011,(株)バナーズ,東証STD,145,+1,0.69,"26,000",2026/08/12
1717,1717,3399,(株)丸千代山岡家,東証STD,"3,655",+25,0.69,"103,400",2026/08/12
1718,1718,3451,トーセイ・リート投資法人,東証,"131,100",+900,0.69,415,2026/08/12
1719,1719,3841,(株)ジーダット,東証STD,"1,320",+9,0.69,"2,400",2026/08/12
1720,1720,3943,大石産業(株),東証STD,"1,319",+9,0.69,"10,700",2026/08/12
1721,1721,4324,(株)電通グループ,東証PRM,"3,800",+26,0.69,"1,526,000",2026/08/12
1722,1722,7065,ユーピーアール(株),東証STD,"1,015",+7,0.69,"10,100",2026/08/12
1723,1723,7965,象印マホービン(株),東証PRM,"1,463",+10,0.69,"109,200",2026/08/12
1724,1724,8923,トーセイ(株),東証PRM,"1,753",+12,0.69,"142,400",2026/08/12
1725,1725,9715,トランスコスモス(株),東証PRM,"3,635",+25,0.69,"67,400",2026/08/12
1726,1726,3226,三井不動産アコモデーションファンド投資法人,東証,"119,000",+800,0.68,"4,003",2026/08/12
1727,1727,3989,シェアリングテクノロジー(株),東証GRT,"1,475",+10,0.68,"170,000",2026/08/12
1728,1728,4262,ニフティライフスタイル(株),東証GRT,"1,340",+9,0.68,"3,900",2026/08/12
1729,1729,5929,三和ホールディングス(株),東証PRM,"3,683",+25,0.68,"589,900",2026/08/12
1730,1730,5940,不二サッシ(株),東証STD,735,+5,0.68,"12,300",2026/08/12
1731,1731,6055,ジャパンマテリアル(株),東証PRM,"2,209",+15,0.68,"933,100",2026/08/12
1732,1732,7291,日本プラスト(株),東証STD,446,+3,0.68,"68,100",2026/08/12
1733,1733,7810,(株)クロスフォー,東証STD,147,+1,0.68,"28,500",2026/08/12
1734,1734,8041,ＯＵＧホールディングス(株),東証STD,"4,435",+30,0.68,"4,100",2026/08/12
1735,1735,8202,ラオックスホールディングス(株),東証STD,148,+1,0.68,"27,800",2026/08/12
1736,1736,8349,(株)東北銀行,東証STD,"1,471",+10,0.68,"12,400",2026/08/12
1737,1737,9900,(株)サガミホールディングス,東証PRM,"2,205",+15,0.68,"88,600",2026/08/12
1738,1738,9942,(株)ジョイフル,福証,"1,331",+9,0.68,"16,200",2026/08/12
1739,1739,1418,インターライフホールディングス(株),東証STD,601,+4,0.67,"42,300",2026/08/12
1740,1740,1770,藤田エンジニアリング(株),東証STD,"2,109",+14,0.67,"1,700",2026/08/12
1741,1741,2012,iシェアーズ 米国債0-3カ月 ETF,東証ETF,242.2,+1.6,0.67,"227,650",2026/08/12
1742,1742,2138,クルーズ(株),東証STD,450,+3,0.67,"11,200",2026/08/12
1743,1743,2979,SOSiLA物流リート投資法人,東証,"105,500",+700,0.67,"1,668",2026/08/12
1744,1744,3042,(株)セキュアヴェイル,東証STD,299,+2,0.67,"20,700",2026/08/12
1745,1745,3048,(株)ビックカメラ,東証PRM,"1,732.5",+11.5,0.67,"1,001,400",2026/08/12
1746,1746,3481,三菱地所物流リート投資法人,東証,"120,500",+800,0.67,"1,969",2026/08/12
1747,1747,4966,上村工業(株),東証STD,"20,970",+140,0.67,"84,200",2026/08/12
1748,1748,5618,ナイル(株),東証GRT,301,+2,0.67,"1,600",2026/08/12
1749,1749,5838,楽天銀行(株),東証PRM,"5,690",+38,0.67,"1,777,000",2026/08/12
1750,1750,7091,(株)リビングプラットフォーム,東証GRT,"1,209",+8,0.67,"7,400",2026/08/12
1751,1751,7694,(株)いつも,東証GRT,448,+3,0.67,"3,600",2026/08/12
1752,1752,9173,東海汽船(株),東証STD,"2,851",+19,0.67,"1,600",2026/08/12
1753,1753,9227,マイクロ波化学(株),東証GRT,898,+6,0.67,"119,200",2026/08/12
1754,1754,2292,Ｓ　ＦＯＯＤＳ(株),東証PRM,"2,737",+18,0.66,"193,300",2026/08/12
1755,1755,3760,(株)ケイブ,東証STD,760,+5,0.66,"15,900",2026/08/12
1756,1756,3772,ウェルス・マネジメント(株),東証STD,"1,067",+7,0.66,"28,800",2026/08/12
1757,1757,5216,(株)倉元製作所,東証STD,153,+1,0.66,"119,000",2026/08/12
1758,1758,8706,極東証券(株),東証PRM,"1,833",+12,0.66,"109,600",2026/08/12
1759,1759,9160,(株)オンザページ,東証STD,306,+2,0.66,"21,500",2026/08/12
1760,1760,9984,ソフトバンクグループ(株),東証PRM,"5,520",+36,0.66,"25,407,600",2026/08/12
1761,1761,133A,GX 超短期米国債,東証ETF,"1,078",+7,0.65,"25,347",2026/08/12
1762,1762,1873,(株)日本ハウスホールディングス,東証PRM,309,+2,0.65,"49,000",2026/08/12
1763,1763,2590,ダイドーグループホールディングス(株),東証PRM,"2,945",+19,0.65,"74,300",2026/08/12
1764,1764,2708,(株)久世,東証STD,"2,012",+13,0.65,"2,300",2026/08/12
1765,1765,3107,ダイワボウホールディングス(株),東証PRM,"3,712",+24,0.65,"185,900",2026/08/12
1766,1766,3521,テルマー湯ホールディングス(株),東証STD,156,+1,0.65,"34,500",2026/08/12
1767,1767,4044,セントラル硝子(株),東証PRM,"4,650",+30,0.65,"181,700",2026/08/12
1768,1768,4167,(株)ココペリ,東証GRT,311,+2,0.65,"29,700",2026/08/12
1769,1769,4274,細谷火工(株),東証STD,"1,077",+7,0.65,"19,200",2026/08/12
1770,1770,4288,(株)アズジェント,東証STD,468,+3,0.65,"20,900",2026/08/12
1771,1771,4668,(株)明光ネットワークジャパン,東証PRM,775,+5,0.65,"89,300",2026/08/12
1772,1772,4712,(株)ＫｅｙＨｏｌｄｅｒ,東証STD,774,+5,0.65,"21,400",2026/08/12
1773,1773,5261,リソルホールディングス(株),東証PRM,"7,750",+50,0.65,"5,600",2026/08/12
1774,1774,545A,(株)トランヴィア,東証PRM,930,+6,0.65,"31,200",2026/08/12
1775,1775,558A,(株)ＳＱＵＥＥＺＥ,東証GRT,"4,660",+30,0.65,"4,500",2026/08/12
1776,1776,5959,岡部(株),東証PRM,931,+6,0.65,"90,100",2026/08/12
1777,1777,5973,(株)トーアミ,東証STD,615,+4,0.65,"10,000",2026/08/12
1778,1778,6036,ＫｅｅＰｅｒ技研(株),東証PRM,"2,958",+19,0.65,"113,300",2026/08/12
1779,1779,7438,コンドーテック(株),東証PRM,"1,560",+10,0.65,"38,400",2026/08/12
1780,1780,2181,パーソルホールディングス(株),東証PRM,284,+1.8,0.64,"14,381,000",2026/08/12
1781,1781,2237,iFreeETF S&P500レバレッジ,東証ETF,"2,525",+16,0.64,"26,144",2026/08/12
1782,1782,2485,(株)ティア,東証STD,475,+3,0.64,"26,200",2026/08/12
1783,1783,2528,iFreeETF 東証REIT Core指数,東証ETF,"1,109",+7,0.64,393,2026/08/12
1784,1784,2792,(株)ハニーズホールディングス,東証PRM,"1,423",+9,0.64,"49,400",2026/08/12
1785,1785,3652,(株)ディジタルメディアプロフェッショナル,東証GRT,"2,528",+16,0.64,"23,200",2026/08/12
1786,1786,6445,(株)ジャノメ,東証PRM,"1,409",+9,0.64,"54,600",2026/08/12
1787,1787,7039,ブリッジインターナショナルグループ(株),東証GRT,"1,734",+11,0.64,"7,500",2026/08/12
1788,1788,7508,(株)Ｇ－７ホールディングス,東証PRM,"1,410",+9,0.64,"71,900",2026/08/12
1789,1789,7769,リズム(株),東証PRM,"3,925",+25,0.64,"24,300",2026/08/12
1790,1790,9698,(株)クレオ,東証STD,"1,255",+8,0.64,"7,800",2026/08/12
1791,1791,1632,(NEXT FUNDS)金融(除く銀行)上場投信,東証ETF,"42,920",+270,0.63,"5,035",2026/08/12
1792,1792,1939,(株)四電工,東証PRM,"2,090",+13,0.63,"98,900",2026/08/12
1793,1793,2747,北雄ラッキー(株),東証STD,"3,170",+20,0.63,600,2026/08/12
1794,1794,3123,サイボー(株),東証STD,638,+4,0.63,"3,400",2026/08/12
1795,1795,3463,いちごホテルリート投資法人,東証,"111,200",+700,0.63,593,2026/08/12
1796,1796,4376,(株)くふうカンパニーホールディングス,東証GRT,161,+1,0.63,"15,800",2026/08/12
1797,1797,4476,ＡＩ　ＣＲＯＳＳ(株),東証GRT,"1,111",+7,0.63,"24,300",2026/08/12
1798,1798,5194,相模ゴム工業(株),東証STD,644,+4,0.63,"8,500",2026/08/12
1799,1799,521A,iFreeETF FANG+ゴールド,東証ETF,"2,063",+13,0.63,"356,211",2026/08/12
1800,1800,5388,クニミネ工業(株),東証STD,"1,268",+8,0.63,"8,000",2026/08/12
1801,1801,6093,ミトラグループ(株),東証STD,161,+1,0.63,"77,800",2026/08/12
1802,1802,7192,日本モーゲージサービス(株),東証STD,634,+4,0.63,"24,500",2026/08/12
1803,1803,7715,長野計器(株),東証PRM,"3,965",+25,0.63,"136,500",2026/08/12
1804,1804,8131,(株)ミツウロコグループホールディングス,東証STD,"2,080",+13,0.63,"41,400",2026/08/12
1805,1805,8559,(株)豊和銀行,福証,481,+3,0.63,"10,700",2026/08/12
1806,1806,8699,ＨＳホールディングス(株),東証STD,"1,119",+7,0.63,"41,900",2026/08/12
1807,1807,8964,三井不動産商業ファンド投資法人,東証,"80,400",+500,0.63,"5,353",2026/08/12
1808,1808,9065,山九(株),東証PRM,"8,485",+53,0.63,"226,100",2026/08/12
1809,1809,9450,(株)ファイバーゲート,東証STD,800,+5,0.63,"21,200",2026/08/12
1810,1810,9956,(株)バローホールディングス,東証PRM,"3,170",+20,0.63,"206,000",2026/08/12
1811,1811,1585,iFreeETF TOPIX Ex-Financials,東証ETF,"2,688.5",+16.5,0.62,100,2026/08/12
1812,1812,1898,世紀東急工業(株),東証PRM,"1,460",+9,0.62,"182,100",2026/08/12
1813,1813,2047,NEXT NOTES インドNifty・ベア ETN,東証ETF,"3,412",+21,0.62,3,2026/08/12
1814,1814,2250,iシェアーズ MSCI ジャパン気候変動アクション ETF,東証ETF,375.1,+2.3,0.62,220,2026/08/12
1815,1815,2258,iシェアーズ 米ドル建てハイイールド社債,東証ETF,226.7,+1.4,0.62,"26,040",2026/08/12
1816,1816,2498,(株)オリエンタルコンサルタンツホールディングス,東証STD,"3,240",+20,0.62,"4,500",2026/08/12
1817,1817,2911,旭松食品(株),東証STD,"2,277",+14,0.62,400,2026/08/12
1818,1818,4046,(株)大阪ソーダ,東証PRM,"2,096",+13,0.62,"546,300",2026/08/12
1819,1819,4728,(株)トーセ,東証STD,651,+4,0.62,"2,600",2026/08/12
1820,1820,5246,(株)ＥＬＥＭＥＮＴＳ,東証GRT,808,+5,0.62,"299,900",2026/08/12
1821,1821,7033,(株)マネジメントソリューションズ,東証PRM,"1,460",+9,0.62,"80,800",2026/08/12
1822,1822,7203,トヨタ自動車(株),東証PRM,"2,999.5",+18.5,0.62,"23,418,400",2026/08/12
1823,1823,7208,(株)カネミツ,東証STD,"1,303",+8,0.62,"5,300",2026/08/12
1824,1824,8160,(株)木曽路,東証PRM,"2,429",+15,0.62,"116,300",2026/08/12
1825,1825,1474,One ETF JPX日経400,東証ETF,"37,930",+230,0.61,"1,219",2026/08/12
1826,1826,170A,SMT ETF日本好配当株アクティブ,東証ETF,"3,146",+19,0.61,85,2026/08/12
1827,1827,2524,NZAM 上場投信 TOPIX,東証ETF,"4,286",+26,0.61,"2,798",2026/08/12
1828,1828,3148,(株)クリエイトＳＤホールディングス,東証PRM,"3,315",+20,0.61,"87,800",2026/08/12
1829,1829,3169,(株)ミサワ,東証STD,665,+4,0.61,"2,500",2026/08/12
1830,1830,3178,チムニー(株),東証STD,"1,154",+7,0.61,"10,100",2026/08/12
1831,1831,3466,ラサールロジポート投資法人,東証,"149,400",+900,0.61,"3,200",2026/08/12
1832,1832,3622,ネットイヤーグループ(株),東証STD,492,+3,0.61,"1,400",2026/08/12
1833,1833,3635,(株)コーエーテクモホールディングス,東証PRM,"1,656",+10,0.61,"1,038,100",2026/08/12
1834,1834,4287,(株)ジャストプランニング,東証STD,493,+3,0.61,"5,500",2026/08/12
1835,1835,4372,ユミルリンク(株),東証GRT,"1,310",+8,0.61,"1,300",2026/08/12
1836,1836,4611,大日本塗料(株),東証PRM,"1,477",+9,0.61,"73,500",2026/08/12
1837,1837,4684,(株)オービック,東証PRM,"4,625",+28,0.61,"1,179,700",2026/08/12
1838,1838,7292,(株)村上開明堂,東証STD,"6,570",+40,0.61,"1,700",2026/08/12
1839,1839,7809,(株)壽屋,東証STD,"1,328",+8,0.61,"3,800",2026/08/12
1840,1840,8938,グローム・ホールディングス(株),東証GRT,332,+2,0.61,"1,100",2026/08/12
1841,1841,1332,(株)ニッスイ,東証PRM,"1,258",+7.5,0.6,"1,263,200",2026/08/12
1842,1842,1941,(株)中電工,東証PRM,"5,030",+30,0.6,"92,700",2026/08/12
1843,1843,195A,(株)ＭＵＳＣＡＴ　ＧＲＯＵＰ,東証GRT,666,+4,0.6,"36,700",2026/08/12
1844,1844,211A,(株)カドス・コーポレーション,東証STD,"3,350",+20,0.6,700,2026/08/12
1845,1845,2236,GX S&P500配当貴族,東証ETF,"1,515",+9,0.6,"10,873",2026/08/12
1846,1846,2998,クリアル(株),東証GRT,500,+3,0.6,"106,400",2026/08/12
1847,1847,3771,(株)システムリサーチ,東証PRM,"1,846",+11,0.6,"75,800",2026/08/12
1848,1848,381A,iFreeETF 米国国債3-5年(H無),東証ETF,"2,173",+13,0.6,111,2026/08/12
1849,1849,4783,ＮＣＤ(株),東証STD,"2,495",+15,0.6,"15,300",2026/08/12
1850,1850,4839,(株)ＷＯＷＯＷ,東証PRM,"1,000",+6,0.6,"78,500",2026/08/12
1851,1851,5757,(株)ＣＫサンエツ,東証PRM,"5,050",+30,0.6,"12,200",2026/08/12
1852,1852,6337,(株)テセック,東証STD,"3,355",+20,0.6,"89,700",2026/08/12
1853,1853,6742,(株)京三製作所,東証PRM,"1,000",+6,0.6,"344,500",2026/08/12
1854,1854,6859,エスペック(株),東証PRM,"4,160",+25,0.6,"91,300",2026/08/12
1855,1855,7601,(株)ポプラ,東証STD,167,+1,0.6,900,2026/08/12
1856,1856,9006,京浜急行電鉄(株),東証PRM,"1,513",+9,0.6,"742,200",2026/08/12
1857,1857,9235,売れるネット広告社グループ(株),東証GRT,506,+3,0.6,"32,700",2026/08/12
1858,1858,1343,(NEXT FUNDS)東証REIT指数連動型上場投信,東証ETF,"1,949",+11.5,0.59,"501,820",2026/08/12
1859,1859,2408,(株)ＫＧ情報,東証STD,850,+5,0.59,"2,400",2026/08/12
1860,1860,2462,ライク(株),東証PRM,"1,532",+9,0.59,"17,900",2026/08/12
1861,1861,2517,MAXIS Jリート･コア上場投信,東証ETF,"1,100.5",+6.5,0.59,"1,300",2026/08/12
1862,1862,3242,(株)アーバネットコーポレーション,東証STD,512,+3,0.59,"79,000",2026/08/12
1863,1863,5868,(株)ロココ,東証STD,"1,018",+6,0.59,"1,600",2026/08/12
1864,1864,9446,(株)サカイホールディングス,東証STD,678,+4,0.59,"5,600",2026/08/12
1865,1865,9663,(株)ナガワ,東証PRM,"5,140",+30,0.59,"12,900",2026/08/12
1866,1866,9823,(株)マミーマートホールディングス,東証STD,"1,026",+6,0.59,"87,000",2026/08/12
1867,1867,1786,オリエンタル白石(株),東証PRM,347,+2,0.58,"678,800",2026/08/12
1868,1868,2109,ＤＭ三井製糖(株),東証PRM,"3,495",+20,0.58,"35,100",2026/08/12
1869,1869,2846,(NEXT FUNDS) ダウ・ジョーンズ工業株30種(H有),東証ETF,"2,617",+15,0.58,"1,263",2026/08/12
1870,1870,3281,ＧＬＰ投資法人,東証,"139,800",+800,0.58,"11,717",2026/08/12
1871,1871,328A,GX プライシングパワー・リーダーズ-日本株式,東証ETF,"1,389",+8,0.58,"1,208",2026/08/12
1872,1872,3482,ロードスターキャピタル(株),東証PRM,"2,583",+15,0.58,"131,800",2026/08/12
1873,1873,3648,ＡＧＳ(株),東証STD,"1,045",+6,0.58,"7,100",2026/08/12
1874,1874,6383,(株)ダイフク,東証PRM,"6,190",+36,0.58,"1,789,800",2026/08/12
1875,1875,6823,リオン(株),東証PRM,"3,485",+20,0.58,"47,000",2026/08/12
1876,1876,7683,(株)ダブルエー,東証PRM,"1,388",+8,0.58,"24,500",2026/08/12
1877,1877,9361,伏木海陸運送(株),東証STD,"2,090",+12,0.58,400,2026/08/12
1878,1878,9731,(株)白洋舍,東証STD,"3,490",+20,0.58,700,2026/08/12
1879,1879,1444,(株)ニッソウ,東証GRT,"2,669",+15,0.57,"1,100",2026/08/12
1880,1880,1887,日本国土開発(株),東証PRM,526,+3,0.57,"265,700",2026/08/12
1881,1881,2139,(株)中広,東証STD,530,+3,0.57,"2,600",2026/08/12
1882,1882,2327,日鉄ソリューションズ(株),東証PRM,"3,853",+22,0.57,"166,500",2026/08/12
1883,1883,2620,iシェアーズ 米国債1-3年,東証ETF,369.5,+2.1,0.57,"77,690",2026/08/12
1884,1884,2791,大黒天物産(株),東証PRM,"4,395",+25,0.57,"38,400",2026/08/12
1885,1885,2892,日本食品化工(株),東証STD,"4,445",+25,0.57,"3,700",2026/08/12
1886,1886,3359,(株)ｃｏｔｔａ,東証GRT,532,+3,0.57,"63,700",2026/08/12
1887,1887,4020,ビートレンド(株),東証GRT,707,+4,0.57,"2,800",2026/08/12
1888,1888,4205,日本ゼオン(株),東証PRM,"2,459",+14,0.57,"630,900",2026/08/12
1889,1889,5357,(株)ヨータイ,東証PRM,"1,766",+10,0.57,"30,900",2026/08/12
1890,1890,6134,(株)ＦＵＪＩ,東証PRM,"8,107",+46,0.57,"748,800",2026/08/12
1891,1891,6513,(株)オリジン,東証STD,"1,065",+6,0.57,"3,400",2026/08/12
1892,1892,7520,(株)エコス,東証PRM,"2,471",+14,0.57,"13,900",2026/08/12
1893,1893,7725,(株)インターアクション,東証PRM,"1,925",+11,0.57,"195,100",2026/08/12
1894,1894,8095,アステナホールディングス(株),東証PRM,527,+3,0.57,"94,500",2026/08/12
1895,1895,8147,(株)トミタ,東証STD,"1,404",+8,0.57,"1,300",2026/08/12
1896,1896,9504,中国電力(株),東証PRM,916,+5.2,0.57,"1,661,400",2026/08/12
1897,1897,9658,(株)ビジネスブレイン太田昭和,東証PRM,"1,055",+6,0.57,"78,100",2026/08/12
1898,1898,1398,SMDAM 東証REIT指数上場投信,東証ETF,"1,873",+10.5,0.56,"13,040",2026/08/12
1899,1899,1911,住友林業(株),東証PRM,"1,345",+7.5,0.56,"5,013,600",2026/08/12
1900,1900,2522,iシェアーズ オートメーション&ロボット ETF,東証ETF,"9,098",+51,0.56,889,2026/08/12
1901,1901,4091,日本酸素ホールディングス(株),東証PRM,"6,136",+34,0.56,"314,300",2026/08/12
1902,1902,4264,(株)セキュア,東証GRT,"1,628",+9,0.56,"5,900",2026/08/12
1903,1903,4429,リックソフト(株),東証GRT,717,+4,0.56,"1,700",2026/08/12
1904,1904,5244,(株)ｊｉｇ．ｊｐ,東証GRT,178,+1,0.56,"243,500",2026/08/12
1905,1905,5471,大同特殊鋼(株),東証PRM,"2,331.5",+13,0.56,"805,500",2026/08/12
1906,1906,6485,前澤給装工業(株),東証STD,"1,622",+9,0.56,"22,500",2026/08/12
1907,1907,6496,(株)中北製作所,東証STD,"5,370",+30,0.56,"1,900",2026/08/12
1908,1908,6744,能美防災(株),東証PRM,"4,480",+25,0.56,"78,100",2026/08/12
1909,1909,6988,日東電工(株),東証PRM,"3,575",+20,0.56,"2,554,400",2026/08/12
1910,1910,7247,(株)ミクニ,東証STD,360,+2,0.56,"34,300",2026/08/12
1911,1911,7551,(株)ウェッズ,東証STD,718,+4,0.56,"1,500",2026/08/12
1912,1912,9445,(株)フォーバルテレコム,東証STD,540,+3,0.56,"2,500",2026/08/12
1913,1913,9742,(株)アイネス,東証PRM,"2,319",+13,0.56,"31,500",2026/08/12
1914,1914,2251,(NEXT FUNDS) JPX国債先物ダブルインバース,東証ETF,900.5,+4.9,0.55,"16,860",2026/08/12
1915,1915,2511,(NEXT FUNDS)外国債券・FTSE世界国債(除く日本・H無),東証ETF,"1,185",+6.5,0.55,"11,610",2026/08/12
1916,1916,3104,富士紡ホールディングス(株),東証PRM,"3,650",+20,0.55,"129,700",2026/08/12
1917,1917,3496,(株)アズーム,東証PRM,"4,580",+25,0.55,"41,900",2026/08/12
1918,1918,452A,iシェアーズ S&P500プレミアムインカム,東証ETF,827.9,+4.5,0.55,"115,760",2026/08/12
1919,1919,539A,NZAM 上場投信 海外債券(FTSE WGBI除く日本)(H無),東証ETF,"4,952",+27,0.55,4,2026/08/12
1920,1920,6625,ＪＡＬＣＯホールディングス(株),東証STD,365,+2,0.55,"149,200",2026/08/12
1921,1921,7476,アズワン(株),東証PRM,"2,394.5",+13,0.55,"180,400",2026/08/12
1922,1922,7878,(株)光・彩,東証STD,"1,287",+7,0.55,"1,500",2026/08/12
1923,1923,7963,興研(株),東証STD,"1,812",+10,0.55,"2,900",2026/08/12
1924,1924,194A,(株)ＷＯＬＶＥＳ　ＨＡＮＤ,東証GRT,"1,500",+8,0.54,"13,600",2026/08/12
1925,1925,1972,三晃金属工業(株),東証STD,"1,314",+7,0.54,"24,400",2026/08/12
1926,1926,2240,上場インデックスファンドS&P500先物インバース,東証ETF,"5,258",+28,0.54,"1,060",2026/08/12
1927,1927,2527,NZAM 上場投信 東証REIT Core指数,東証ETF,"1,114",+6,0.54,"31,052",2026/08/12
1928,1928,2555,東証REIT ETF,東証ETF,"1,873",+10,0.54,"4,240",2026/08/12
1929,1929,2916,仙波糖化工業(株),東証STD,743,+4,0.54,"4,900",2026/08/12
1930,1930,294A,(NEXT FUNDS) MSCIジャパン気候変動指数(セレクト),東証ETF,"2,985",+16,0.54,15,2026/08/12
1931,1931,4569,杏林製薬(株),東証PRM,"1,113",+6,0.54,"236,400",2026/08/12
1932,1932,5343,ニッコー(株),名証MN,186,+1,0.54,"35,300",2026/08/12
1933,1933,5702,(株)大紀アルミニウム工業所,東証PRM,"1,850",+10,0.54,"482,900",2026/08/12
1934,1934,5742,エヌアイシ・オートテック(株),東証STD,738,+4,0.54,"2,600",2026/08/12
1935,1935,5851,リョービ(株),東証PRM,"2,784",+15,0.54,"155,400",2026/08/12
1936,1936,6078,(株)バリューＨＲ,東証PRM,"1,488",+8,0.54,"16,000",2026/08/12
1937,1937,8725,ＭＳ＆ＡＤインシュアランスグループホールディングス(株),東証PRM,"4,855",+26,0.54,"3,414,500",2026/08/12
1938,1938,9037,(株)ハマキョウレックス,東証PRM,"1,859",+10,0.54,"161,000",2026/08/12
1939,1939,2404,(株)鉄人化ホールディングス,東証STD,564,+3,0.53,"11,100",2026/08/12
1940,1940,258A,SMT ETF国内リート厳選投資アクティブ,東証ETF,"2,091",+11,0.53,10,2026/08/12
1941,1941,2751,(株)テンポスホールディングス,東証STD,"3,810",+20,0.53,"3,700",2026/08/12
1942,1942,2868,GX S&P500・カバード・コール,東証ETF,"1,145",+6,0.53,"33,227",2026/08/12
1943,1943,4371,(株)コアコンセプト・テクノロジー,東証GRT,"1,508",+8,0.53,"25,900",2026/08/12
1944,1944,4540,(株)ツムラ,東証PRM,"3,777",+20,0.53,"361,800",2026/08/12
1945,1945,4750,(株)ダイサン,東証STD,569,+3,0.53,"6,200",2026/08/12
1946,1946,5386,(株)鶴弥,名証MN,381,+2,0.53,"3,700",2026/08/12
1947,1947,6291,日本エアーテック(株),東証STD,"1,335",+7,0.53,"33,600",2026/08/12
1948,1948,9081,神奈川中央交通(株),東証PRM,"3,800",+20,0.53,"11,700",2026/08/12
1949,1949,9159,(株)Ｗ　ＴＯＫＹＯ,東証GRT,"1,895",+10,0.53,"1,500",2026/08/12
1950,1950,9889,ＪＢＣＣホールディングス(株),東証PRM,"1,708",+9,0.53,"236,000",2026/08/12
1951,1951,2198,アイ・ケイ・ケイホールディングス(株),東証PRM,774,+4,0.52,"20,800",2026/08/12
1952,1952,2937,(株)サンクゼール,東証GRT,"1,750",+9,0.52,"2,500",2026/08/12
1953,1953,3053,(株)ペッパーフードサービス,東証STD,194,+1,0.52,"263,800",2026/08/12
1954,1954,3290,Oneリート投資法人,東証,"77,900",+400,0.52,"1,625",2026/08/12
1955,1955,4440,(株)ヴィッツ,東証STD,"1,157",+6,0.52,"9,800",2026/08/12
1956,1956,5966,ＫＴＣ(株),東証STD,"2,690",+14,0.52,700,2026/08/12
1957,1957,6092,(株)エンバイオ・ホールディングス,東証STD,767,+4,0.52,"13,200",2026/08/12
1958,1958,8088,岩谷産業(株),東証PRM,"2,220",+11.5,0.52,"906,400",2026/08/12
1959,1959,9254,(株)ラバブルマーケティンググループ,東証GRT,"1,166",+6,0.52,300,2026/08/12
1960,1960,9284,カナディアン・ソーラー・インフラ投資法人,東証,"77,000",+400,0.52,"1,576",2026/08/12
1961,1961,9994,(株)やまや,東証STD,"2,120",+11,0.52,"7,500",2026/08/12
1962,1962,1486,上場インデックスファンド米国債券(H無),東証ETF,"23,680",+120,0.51,220,2026/08/12
1963,1963,2098,GX ホテル&リテール・J-REIT,東証ETF,989,+5,0.51,"8,869",2026/08/12
1964,1964,2922,(株)なとり,東証PRM,"1,971",+10,0.51,"17,400",2026/08/12
1965,1965,3352,(株)バッファロー,東証STD,"1,770",+9,0.51,900,2026/08/12
1966,1966,3562,(株)Ｎｏ．１,東証STD,"1,584",+8,0.51,"13,400",2026/08/12
1967,1967,4998,フマキラー(株),東証STD,"1,183",+6,0.51,"17,200",2026/08/12
1968,1968,5704,(株)ＪＭＣ,東証STD,397,+2,0.51,"5,800",2026/08/12
1969,1969,613A,iFreeETF ドイツ0-3カ月短期国債,東証ETF,"1,969",+10,0.51,501,2026/08/12
1970,1970,6701,ＮＥＣ,東証PRM,"4,913",+25,0.51,"7,319,000",2026/08/12
1971,1971,7590,(株)タカショー,東証STD,398,+2,0.51,"23,000",2026/08/12
1972,1972,7628,(株)オーハシテクニカ,東証PRM,"1,183",+6,0.51,"24,100",2026/08/12
1973,1973,8700,丸八証券(株),東証STD,"1,961",+10,0.51,"5,100",2026/08/12
1974,1974,8968,福岡リート投資法人,東証,"177,700",+900,0.51,983,2026/08/12
1975,1975,1677,上場インデックスファンド海外債券毎月分配,東証ETF,"59,900",+300,0.5,130,2026/08/12
1976,1976,223A,GX AI&ビッグデータ,東証ETF,"1,803",+9,0.5,"4,704",2026/08/12
1977,1977,2559,MAXIS 全世界株式(オール・カントリー)上場投信,東証ETF,"3,022",+15,0.5,"311,924",2026/08/12
1978,1978,3174,(株)ハピネス・アンド・ディ,東証STD,401,+2,0.5,"10,400",2026/08/12
1979,1979,3279,アクティビア・プロパティーズ投資法人,東証,"140,400",+700,0.5,"2,748",2026/08/12
1980,1980,3461,(株)パルマ,東証STD,599,+3,0.5,"5,900",2026/08/12
1981,1981,5018,(株)ＭＯＲＥＳＣＯ,東証STD,"2,231",+11,0.5,"13,800",2026/08/12
1982,1982,8987,ジャパンエクセレント投資法人,東証,"142,100",+700,0.5,"1,884",2026/08/12
1983,1983,9467,(株)アルファポリス,東証GRT,"1,000",+5,0.5,"265,900",2026/08/12
1984,1984,9746,(株)ＴＫＣ,東証PRM,"3,985",+20,0.5,"111,000",2026/08/12
1985,1985,1780,(株)ヤマウラ,東証PRM,"1,430",+7,0.49,"52,100",2026/08/12
1986,1986,181A,MAXIS 米国国債1-3年上場投信(H無),東証ETF,532,+2.6,0.49,110,2026/08/12
1987,1987,3137,(株)ファンデリー,東証STD,206,+1,0.49,"9,400",2026/08/12
1988,1988,3222,ユナイテッド・スーパーマーケット・ホールディングス(株),東証STD,813,+4,0.49,"647,200",2026/08/12
1989,1989,3296,日本リート投資法人,東証,"82,400",+400,0.49,"2,302",2026/08/12
1990,1990,3665,(株)エニグモ,東証PRM,410,+2,0.49,"117,300",2026/08/12
1991,1991,3904,(株)カヤック,東証GRT,412,+2,0.49,"25,200",2026/08/12
1992,1992,5204,石塚硝子(株),東証STD,"3,065",+15,0.49,"3,400",2026/08/12
1993,1993,5869,(株)早稲田学習研究会,東証STD,"1,231",+6,0.49,"7,200",2026/08/12
1994,1994,6342,(株)太平製作所,東証STD,"3,075",+15,0.49,"1,100",2026/08/12
1995,1995,6486,イーグル工業(株),東証PRM,"3,060",+15,0.49,"95,600",2026/08/12
1996,1996,6941,山一電機(株),東証PRM,"8,240",+40,0.49,"315,100",2026/08/12
1997,1997,7966,リンテック(株),東証PRM,"6,100",+30,0.49,"211,800",2026/08/12
1998,1998,8098,稲畑産業(株),東証PRM,"4,130",+20,0.49,"95,900",2026/08/12
1999,1999,8793,ＮＥＣキャピタルソリューション(株),東証PRM,"4,105",+20,0.49,"16,200",2026/08/12
2000,2000,8963,インヴィンシブル投資法人,東証,"61,100",+300,0.49,"17,149",2026/08/12
2001,2001,9357,名港海運(株),名証MN,"2,459",+12,0.49,700,2026/08/12
2002,2002,9405,朝日放送グループホールディングス(株),東証PRM,822,+4,0.49,"45,700",2026/08/12
2003,2003,9535,広島ガス(株),東証PRM,412,+2,0.49,"91,000",2026/08/12
2004,2004,2120,(株)ＬＩＦＵＬＬ,東証PRM,211,+1,0.48,"1,088,000",2026/08/12
2005,2005,2433,(株)博報堂ＤＹホールディングス,東証PRM,"1,252",+6,0.48,"627,800",2026/08/12
2006,2006,2678,アスクル(株),東証PRM,"1,261",+6,0.48,"387,000",2026/08/12
2007,2007,2782,(株)セリア,東証STD,"4,220",+20,0.48,"324,600",2026/08/12
2008,2008,3184,ＩＣＤＡホールディングス(株),東証STD,"4,200",+20,0.48,700,2026/08/12
2009,2009,3317,(株)フライングガーデン,東証STD,"1,468",+7,0.48,"3,900",2026/08/12
2010,2010,4026,神島化学工業(株),東証STD,"1,664",+8,0.48,"31,700",2026/08/12
2011,2011,4847,(株)インテリジェント　ウェイブ,東証PRM,"1,260",+6,0.48,"411,300",2026/08/12
2012,2012,4875,メディシノバ,東証STD外国,210,+1,0.48,"31,400",2026/08/12
2013,2013,5233,太平洋セメント(株),東証PRM,"4,191",+20,0.48,"397,800",2026/08/12
2014,2014,6648,(株)かわでん,東証STD,"1,663",+8,0.48,"223,700",2026/08/12
2015,2015,7069,(株)サイバー・バズ,東証GRT,625,+3,0.48,"13,500",2026/08/12
2016,2016,7120,(株)ＳＨＩＮＫＯ,東証STD,"1,039",+5,0.48,"6,600",2026/08/12
2017,2017,8572,アコム(株),東証STD,482.7,+2.3,0.48,"897,600",2026/08/12
2018,2018,9048,名古屋鉄道(株),東証PRM,"1,868",+9,0.48,"911,900",2026/08/12
2019,2019,151A,(株)ダイブグループ,東証GRT,637,+3,0.47,"15,300",2026/08/12
2020,2020,168A,(株)イタミアート,東証GRT,"1,076",+5,0.47,"1,400",2026/08/12
2021,2021,297A,アルピコホールディングス(株),東証STD,215,+1,0.47,"17,800",2026/08/12
2022,2022,3835,ｅＢＡＳＥ(株),東証PRM,427,+2,0.47,"26,300",2026/08/12
2023,2023,4427,(株)ＥｄｕＬａｂ,東証GRT,215,+1,0.47,"17,000",2026/08/12
2024,2024,6034,ＭＲＴ(株),東証GRT,638,+3,0.47,"4,700",2026/08/12
2025,2025,7360,(株)オンデック,東証GRT,644,+3,0.47,"1,900",2026/08/12
2026,2026,7686,(株)ひとまいる,東証STD,427,+2,0.47,"8,000",2026/08/12
2027,2027,7811,中本パックス(株),東証STD,"1,920",+9,0.47,"25,900",2026/08/12
2028,2028,7812,(株)クレステック,東証STD,"2,156",+10,0.47,"1,300",2026/08/12
2029,2029,7928,旭化学工業(株),東証STD,642,+3,0.47,"3,200",2026/08/12
2030,2030,8198,マックスバリュ東海(株),東証STD,"3,200",+15,0.47,"16,600",2026/08/12
2031,2031,8214,(株)ＡＯＫＩホールディングス,東証PRM,"1,704",+8,0.47,"218,600",2026/08/12
2032,2032,9503,関西電力(株),東証PRM,"2,372",+11,0.47,"2,048,500",2026/08/12
2033,2033,1657,iシェアーズ･コア MSCI 先進国株(除く日本)ETF,東証ETF,"7,390",+34,0.46,882,2026/08/12
2034,2034,2552,上場Ｊリート(東証REIT指数)隔月分配(ミニ),東証ETF,"1,945",+9,0.46,"3,781",2026/08/12
2035,2035,2643,(NEXTFUNDS) MSCIジャパンカントリー指数(セレクト),東証ETF,"4,390",+20,0.46,20,2026/08/12
2036,2036,4431,(株)スマレジ,東証GRT,"3,285",+15,0.46,"50,600",2026/08/12
2037,2037,5201,ＡＧＣ(株),東証PRM,"5,900",+27,0.46,"1,273,300",2026/08/12
2038,2038,7847,(株)グラファイトデザイン,東証STD,662,+3,0.46,"4,600",2026/08/12
2039,2039,8135,ゼット(株),東証STD,436,+2,0.46,"7,100",2026/08/12
2040,2040,8585,(株)オリエントコーポレーション,東証PRM,875,+4,0.46,"358,100",2026/08/12
2041,2041,8871,(株)ゴールドクレスト,東証STD,"3,265",+15,0.46,"50,600",2026/08/12
2042,2042,8956,NTT都市開発リート投資法人,東証,"132,000",+600,0.46,"2,182",2026/08/12
2043,2043,9828,(株)Ｇｅｎｋｉ　Ｇｌｏｂａｌ　Ｄｉｎｉｎｇ　Ｃｏｎｃｅｐｔｓ,東証STD,"3,290",+15,0.46,"40,700",2026/08/12
2044,2044,1309,(NEXT FUNDS)ChinaAMC・中国株式・上証50,東証ETF,"55,970",+250,0.45,64,2026/08/12
2045,2045,3639,(株)ボルテージ,東証STD,224,+1,0.45,"1,500",2026/08/12
2046,2046,3640,(株)電算,東証STD,"2,688",+12,0.45,"9,700",2026/08/12
2047,2047,3912,(株)モバイルファクトリー,東証STD,"1,104",+5,0.45,"6,000",2026/08/12
2048,2048,4248,竹本容器(株),東証STD,888,+4,0.45,"9,000",2026/08/12
2049,2049,6662,(株)ユビテック,東証STD,222,+1,0.45,"30,100",2026/08/12
2050,2050,7975,(株)リヒトラブ,東証STD,"1,121",+5,0.45,"2,400",2026/08/12
2051,2051,8006,ユアサ・フナショク(株),東証STD,"1,579",+7,0.45,"5,500",2026/08/12
2052,2052,8079,正栄食品工業(株),東証PRM,"4,420",+20,0.45,"29,200",2026/08/12
2053,2053,8566,リコーリース(株),東証PRM,"6,680",+30,0.45,"26,100",2026/08/12
2054,2054,9824,泉州電業(株),東証PRM,"6,730",+30,0.45,"64,000",2026/08/12
2055,2055,1720,東急建設(株),東証PRM,"1,132",+5,0.44,"343,600",2026/08/12
2056,2056,2628,iFree 中国科創板50,東証ETF,"4,087",+18,0.44,"2,108",2026/08/12
2057,2057,2935,(株)ピックルスホールディングス,東証PRM,"1,148",+5,0.44,"35,900",2026/08/12
2058,2058,3067,(株)東京一番フーズ,東証STD,454,+2,0.44,"5,300",2026/08/12
2059,2059,3653,(株)モルフォ,東証GRT,680,+3,0.44,"8,200",2026/08/12
2060,2060,3793,(株)ドリコム,東証GRT,461,+2,0.44,"69,100",2026/08/12
2061,2061,3851,(株)日本一ソフトウェア,東証STD,"1,140",+5,0.44,"123,000",2026/08/12
2062,2062,4023,(株)クレハ,東証PRM,"4,565",+20,0.44,"395,600",2026/08/12
2063,2063,4539,日本ケミファ(株),東証STD,"1,583",+7,0.44,500,2026/08/12
2064,2064,4626,太陽ホールディングス(株),東証PRM,"4,848",+21,0.44,"204,900",2026/08/12
2065,2065,473A,ニッセイ ETF 日経225インデックス,東証ETF,"1,356",+6,0.44,"23,541",2026/08/12
2066,2066,6387,サムコ(株),東証PRM,"9,200",+40,0.44,"75,500",2026/08/12
2067,2067,7747,朝日インテック(株),東証PRM,"3,914",+17,0.44,"885,200",2026/08/12
2068,2068,9007,小田急電鉄(株),東証PRM,"1,697.5",+7.5,0.44,"1,519,700",2026/08/12
2069,2069,9162,(株)ブリーチ,東証GRT,230,+1,0.44,"10,900",2026/08/12
2070,2070,9351,東洋埠頭(株),東証STD,"1,843",+8,0.44,"1,400",2026/08/12
2071,2071,1617,(NEXT FUNDS)食品上場投信,東証ETF,"49,030",+210,0.43,382,2026/08/12
2072,2072,2229,カルビー(株),東証PRM,"3,034",+13,0.43,"270,800",2026/08/12
2073,2073,2247,iFreeETF S&P500(H無),東証ETF,"2,323",+10,0.43,"33,220",2026/08/12
2074,2074,2838,MAXIS 米国国債7-10年上場投信(H無),東証ETF,"8,700",+37,0.43,278,2026/08/12
2075,2075,3442,(株)ＭＩＥコーポレーション,名証MN,"1,643",+7,0.43,100,2026/08/12
2076,2076,3577,東海染工(株),東証STD,934,+4,0.43,"1,100",2026/08/12
2077,2077,363A,iFreeETF 英国FTSE100,東証ETF,"2,785",+12,0.43,302,2026/08/12
2078,2078,5464,モリ工業(株),東証STD,944,+4,0.43,"12,900",2026/08/12
2079,2079,6871,(株)日本マイクロニクス,東証PRM,"13,950",+60,0.43,"1,717,100",2026/08/12
2080,2080,8076,(株)カノークス,東証STD,"2,100",+9,0.43,"3,500",2026/08/12
2081,2081,8927,(株)明豊エンタープライズ,東証STD,465,+2,0.43,"86,900",2026/08/12
2082,2082,9028,(株)ゼロ,東証STD,"3,515",+15,0.43,"11,000",2026/08/12
2083,2083,9539,京葉瓦斯(株),東証STD,"1,391",+6,0.43,"1,800",2026/08/12
2084,2084,2212,山崎製パン(株),東証PRM,"3,549",+15,0.42,"613,900",2026/08/12
2085,2085,2288,丸大食品(株),東証PRM,"2,164",+9,0.42,"122,400",2026/08/12
2086,2086,2479,(株)ジェイテック,東証STD,240,+1,0.42,"14,500",2026/08/12
2087,2087,2689,オルバヘルスケアホールディングス(株),東証STD,"1,913",+8,0.42,"2,100",2026/08/12
2088,2088,2698,(株)キャンドゥ,東証STD,"3,620",+15,0.42,"8,500",2026/08/12
2089,2089,354A,iFreeETF ブルームバーグ日本株高配当50指数,東証ETF,"3,350",+14,0.42,"65,831",2026/08/12
2090,2090,461A,MAXIS 日本株高配当SMART50,東証ETF,"2,611",+11,0.42,"1,324",2026/08/12
2091,2091,6200,(株)インソース,東証PRM,714,+3,0.42,"464,700",2026/08/12
2092,2092,7414,小野建(株),東証PRM,"1,421",+6,0.42,"66,100",2026/08/12
2093,2093,7625,(株)グローバルダイニング,東証STD,483,+2,0.42,"9,000",2026/08/12
2094,2094,7779,ＣＹＢＥＲＤＹＮＥ(株),東証GRT,239,+1,0.42,"1,131,800",2026/08/12
2095,2095,9027,(株)ロジネットジャパン,札証,"4,820",+20,0.42,500,2026/08/12
2096,2096,9245,(株)リベロ,東証GRT,"2,140",+9,0.42,"5,700",2026/08/12
2097,2097,9872,北恵(株),東証STD,964,+4,0.42,"4,100",2026/08/12
2098,2098,9948,(株)アークス,東証PRM,"3,570",+15,0.42,"94,300",2026/08/12
2099,2099,1494,One ETF 高配当日本株,東証ETF,"43,770",+180,0.41,957,2026/08/12
2100,2100,3292,イオンリート投資法人,東証,"121,100",+500,0.41,"3,524",2026/08/12
2101,2101,3524,日東製網(株),東証STD,"1,484",+6,0.41,"1,600",2026/08/12
2102,2102,3817,(株)ＳＲＡホールディングス,東証PRM,"4,870",+20,0.41,"41,700",2026/08/12
2103,2103,4194,ビジョナル(株),東証PRM,"9,228",+38,0.41,"330,600",2026/08/12
2104,2104,4238,ミライアル(株),東証STD,"1,699",+7,0.41,"31,400",2026/08/12
2105,2105,4617,中国塗料(株),東証PRM,"3,685",+15,0.41,"128,700",2026/08/12
2106,2106,4928,(株)ノエビアホールディングス,東証PRM,"4,840",+20,0.41,"72,900",2026/08/12
2107,2107,5110,住友ゴム工業(株),東証PRM,"2,421.5",+10,0.41,"1,697,600",2026/08/12
2108,2108,5257,ノバシステム(株),東証STD,"2,720",+11,0.41,800,2026/08/12
2109,2109,6888,アクモス(株),東証STD,484,+2,0.41,"8,500",2026/08/12
2110,2110,7313,テイ・エス　テック(株),東証PRM,"1,817.5",+7.5,0.41,"247,200",2026/08/12
2111,2111,7442,中山福(株),東証STD,488,+2,0.41,"4,200",2026/08/12
2112,2112,7916,光村印刷(株),東証STD,"1,946",+8,0.41,"1,500",2026/08/12
2113,2113,8031,三井物産(株),東証PRM,"4,900",+20,0.41,"5,156,900",2026/08/12
2114,2114,9506,東北電力(株),東証PRM,"1,223",+5,0.41,"2,077,700",2026/08/12
2115,2115,9768,いであ(株),東証STD,"3,695",+15,0.41,"7,500",2026/08/12
2116,2116,159A,(NEXT FUNDS) JPXプライム150指数連動型上場投信,東証ETF,746.9,+3,0.4,"4,350",2026/08/12
2117,2117,1840,(株)土屋ホールディングス,東証STD,249,+1,0.4,"28,800",2026/08/12
2118,2118,2296,伊藤ハム米久ホールディングス(株),東証PRM,"5,030",+20,0.4,"126,700",2026/08/12
2119,2119,261A,(株)日水コン,東証STD,"2,032",+8,0.4,"12,700",2026/08/12
2120,2120,2989,東海道リート投資法人,東証,"99,400",+400,0.4,"1,237",2026/08/12
2121,2121,3001,片倉工業(株),東証STD,"3,000",+12,0.4,"44,900",2026/08/12
2122,2122,3284,(株)フージャースホールディングス,東証PRM,"1,263",+5,0.4,"150,700",2026/08/12
2123,2123,331A,(株)メディックス,東証STD,503,+2,0.4,"6,800",2026/08/12
2124,2124,3580,小松マテーレ(株),東証PRM,747,+3,0.4,"55,500",2026/08/12
2125,2125,3626,ＴＩＳＩ(株),東証PRM,"3,780",+15,0.4,"761,500",2026/08/12
2126,2126,3758,(株)アエリア,東証STD,248,+1,0.4,"16,500",2026/08/12
2127,2127,4014,(株)カラダノート,東証GRT,508,+2,0.4,"2,200",2026/08/12
2128,2128,4627,ナトコ(株),東証STD,"1,762",+7,0.4,"3,000",2026/08/12
2129,2129,4951,エステー(株),東証PRM,"1,502",+6,0.4,"27,900",2026/08/12
2130,2130,4990,昭和化学工業(株),東証STD,497,+2,0.4,"2,300",2026/08/12
2131,2131,5284,ヤマウホールディングス(株),東証STD,"2,248",+9,0.4,"11,700",2026/08/12
2132,2132,6310,井関農機(株),東証PRM,"1,758",+7,0.4,"201,500",2026/08/12
2133,2133,6540,(株)船場,東証STD,"1,517",+6,0.4,"14,500",2026/08/12
2134,2134,6977,(株)日本抵抗器製作所,東証STD,"1,524",+6,0.4,"1,900",2026/08/12
2135,2135,7077,(株)ＡＬｉＮＫインターネット,東証GRT,"1,009",+4,0.4,"2,700",2026/08/12
2136,2136,8273,(株)イズミ,東証PRM,"1,004",+4,0.4,"348,200",2026/08/12
2137,2137,8584,(株)ジャックス,東証PRM,"3,775",+15,0.4,"138,300",2026/08/12
2138,2138,9218,(株)メンタルヘルステクノロジーズ,東証GRT,756,+3,0.4,"12,500",2026/08/12
2139,2139,9990,(株)サックスバー　ホールディングス,東証PRM,748,+3,0.4,"47,200",2026/08/12
2140,2140,1656,iシェアーズ･コア 米国債7-10年 ETF,東証ETF,310.5,+1.2,0.39,"175,320",2026/08/12
2141,2141,1680,上場インデックスファンド海外先進国株式,東証ETF,"8,453",+33,0.39,930,2026/08/12
2142,2142,1950,日本電設工業(株),東証PRM,"3,860",+15,0.39,"146,300",2026/08/12
2143,2143,2019,GX 米国優先証券(隔月分配型),東証ETF,"1,024",+4,0.39,"1,906",2026/08/12
2144,2144,2742,(株)ハローズ,東証PRM,"3,820",+15,0.39,"29,800",2026/08/12
2145,2145,2848,GX MSCI 気候変動対応-日本株式,東証ETF,"3,099",+12,0.39,3,2026/08/12
2146,2146,3089,テクノアルファ(株),東証STD,"1,040",+4,0.39,"2,100",2026/08/12
2147,2147,3418,(株)バルニバービ,東証GRT,"1,040",+4,0.39,"26,000",2026/08/12
2148,2148,4579,ラクオリア創薬(株),東証GRT,517,+2,0.39,"91,800",2026/08/12
2149,2149,6180,ＧＭＯメディア(株),東証GRT,"3,815",+15,0.39,"2,000",2026/08/12
2150,2150,6718,アイホン(株),東証PRM,"2,833",+11,0.39,"17,900",2026/08/12
2151,2151,7318,セレンディップ・ホールディングス(株),東証GRT,"1,553",+6,0.39,"853,300",2026/08/12
2152,2152,7464,セフテック(株),東証STD,"1,546",+6,0.39,"1,800",2026/08/12
2153,2153,7532,(株)パン・パシフィック・インターナショナルホールディングス,東証PRM,930,+3.6,0.39,"12,243,900",2026/08/12
2154,2154,8185,(株)チヨダ,東証PRM,"1,026",+4,0.39,"145,400",2026/08/12
2155,2155,9434,ソフトバンク(株),東証PRM,229.3,+0.9,0.39,"68,099,600",2026/08/12
2156,2156,9534,北海道ガス(株),東証PRM,771,+3,0.39,"103,000",2026/08/12
2157,2157,1443,技研ホールディングス(株),東証STD,264,+1,0.38,"24,500",2026/08/12
2158,2158,1541,純プラチナ上場信託(現物国内保管型),東証ETF,"8,196",+31,0.38,"20,600",2026/08/12
2159,2159,1687,WisdomTree 農産物上場投信,東証ETF,"1,049",+4,0.38,"1,340",2026/08/12
2160,2160,1822,大豊建設(株),東証STD,791,+3,0.38,"118,900",2026/08/12
2161,2161,1835,東鉄工業(株),東証PRM,"3,975",+15,0.38,"97,700",2026/08/12
2162,2162,1961,三機工業(株),東証PRM,"2,379",+9,0.38,"719,400",2026/08/12
2163,2163,2497,ユナイテッド(株),東証GRT,523,+2,0.38,"34,500",2026/08/12
2164,2164,2513,(NEXT FUNDS)外国株式･MSCI-KOKUSAI(H無),東証ETF,"3,658",+14,0.38,"1,988",2026/08/12
2165,2165,3199,綿半ホールディングス(株),東証PRM,"1,307",+5,0.38,"42,100",2026/08/12
2166,2166,3468,スターアジア不動産投資法人,東証,"53,400",+200,0.38,"4,732",2026/08/12
2167,2167,3498,霞ヶ関キャピタル(株),東証PRM,"7,920",+30,0.38,"199,400",2026/08/12
2168,2168,3676,(株)デジタルハーツホールディングス,東証PRM,"1,057",+4,0.38,"2,871,900",2026/08/12
2169,2169,4625,アトミクス(株),東証STD,794,+3,0.38,"6,100",2026/08/12
2170,2170,1550,MAXIS 海外株式(MSCIコクサイ)上場投信,東証ETF,"8,237",+30,0.37,"1,064",2026/08/12
2171,2171,2015,iFreeETF 米国国債7-10年(H無),東証ETF,"2,153",+8,0.37,121,2026/08/12
2172,2172,2238,iFreeETF S&P500インバース,東証ETF,"5,203",+19,0.37,"12,477",2026/08/12
2173,2173,3349,(株)コスモス薬品,東証PRM,"6,505",+24,0.37,"305,500",2026/08/12
2174,2174,3561,(株)力の源ホールディングス,東証PRM,"1,615",+6,0.37,"51,400",2026/08/12
2175,2175,4506,住友ファーマ(株),東証PRM,"1,350",+5,0.37,"2,596,700",2026/08/12
2176,2176,4650,ＳＤエンターテイメント(株),東証STD,274,+1,0.37,"3,500",2026/08/12
2177,2177,5013,(株)ユシロ,東証STD,"2,985",+11,0.37,"55,800",2026/08/12
2178,2178,5901,東洋製罐グループホールディングス(株),東証PRM,"4,337",+16,0.37,"249,800",2026/08/12
2179,2179,6776,天昇電気工業(株),東証STD,273,+1,0.37,"8,700",2026/08/12
2180,2180,6841,横河電機(株),東証PRM,"5,473",+20,0.37,"1,004,800",2026/08/12
2181,2181,7090,(株)リグア,東証GRT,806,+3,0.37,800,2026/08/12
2182,2182,7613,シークス(株),東証PRM,"1,621",+6,0.37,"253,100",2026/08/12
2183,2183,7827,(株)オービス,東証STD,"1,641",+6,0.37,"1,400",2026/08/12
2184,2184,8892,(株)エスコン,東証PRM,"1,092",+4,0.37,"173,800",2026/08/12
2185,2185,8985,ジャパン・ホテル・リート投資法人,東証,"81,400",+300,0.37,"12,956",2026/08/12
2186,2186,9046,神戸電鉄(株),東証STD,"2,445",+9,0.37,"5,700",2026/08/12
2187,2187,9303,(株)住友倉庫,東証PRM,"4,115",+15,0.37,"88,800",2026/08/12
2188,2188,9890,(株)マキヤ,東証STD,"1,351",+5,0.37,"10,200",2026/08/12
2189,2189,2256,iシェアーズ 米国総合債券,東証ETF,221,+0.8,0.36,"103,890",2026/08/12
2190,2190,2923,サトウ食品(株),東証STD,"8,260",+30,0.36,"1,400",2026/08/12
2191,2191,2971,エスコンジャパンリート投資法人,東証,"111,000",+400,0.36,566,2026/08/12
2192,2192,319A,(株)技術承継機構,東証GRT,"19,750",+70,0.36,"21,300",2026/08/12
2193,2193,3958,笹徳印刷(株),東証STD,551,+2,0.36,500,2026/08/12
2194,2194,4247,ポバール興業(株),東証STD,"1,390",+5,0.36,700,2026/08/12
2195,2195,5586,(株)Ｌａｂｏｒｏ．ＡＩ,東証GRT,843,+3,0.36,"33,200",2026/08/12
2196,2196,5983,イワブチ(株),東証STD,"14,060",+50,0.36,600,2026/08/12
2197,2197,7717,(株)ブイ・テクノロジー,東証PRM,"5,600",+20,0.36,"196,800",2026/08/12
2198,2198,8228,(株)マルイチ産商,名証MN,"1,117",+4,0.36,"2,500",2026/08/12
2199,2199,8630,ＳＯＭＰＯホールディングス(株),東証PRM,"6,984",+25,0.36,"2,334,400",2026/08/12
2200,2200,1399,上場MSCI日本株高配当低ボラティリティ,東証ETF,"3,190",+11,0.35,"1,589",2026/08/12
2201,2201,1417,(株)ミライト・ワン,東証PRM,"3,468",+12,0.35,"214,400",2026/08/12
2202,2202,2705,(株)大戸屋ホールディングス,東証STD,"8,490",+30,0.35,"26,500",2026/08/12
2203,2203,2844,上場インデックスファンド豪州国債(H無),東証ETF,"5,526",+19,0.35,"1,330",2026/08/12
2204,2204,3791,(株)ＩＧポート,東証STD,"1,134",+4,0.35,"62,900",2026/08/12
2205,2205,532A,NZAM 上場投信 TOPIX高配当40,東証ETF,"2,262",+8,0.35,73,2026/08/12
2206,2206,5588,ファーストアカウンティング(株),東証GRT,861,+3,0.35,"11,000",2026/08/12
2207,2207,6379,レイズネクスト(株),東証PRM,"2,900",+10,0.35,"231,900",2026/08/12
2208,2208,6643,(株)戸上電機製作所,東証STD,"5,770",+20,0.35,"3,200",2026/08/12
2209,2209,6877,ＯＢＡＲＡ　ＧＲＯＵＰ(株),東証STD,"5,810",+20,0.35,"44,300",2026/08/12
2210,2210,7061,日本ホスピスホールディングス(株),東証GRT,566,+2,0.35,"24,100",2026/08/12
2211,2211,7521,(株)ムサシ,東証STD,"2,831",+10,0.35,"1,400",2026/08/12
2212,2212,9258,(株)ＣＳ－Ｃ,東証GRT,289,+1,0.35,"3,300",2026/08/12
2213,2213,9778,(株)昴,東証STD,"5,750",+20,0.35,600,2026/08/12
2214,2214,1349,ABF 汎アジア債券インデックス･ファンド,東証ETF,"17,550",+60,0.34,1,2026/08/12
2215,2215,1787,(株)ナカボーテック,東証STD,"5,970",+20,0.34,500,2026/08/12
2216,2216,2095,GX S&P500配当貴族 (H有),東証ETF,"1,198",+4,0.34,68,2026/08/12
2217,2217,2499,日本和装ホールディングス(株),東証STD,294,+1,0.34,"6,800",2026/08/12
2218,2218,3931,(株)バリューゴルフ,東証GRT,"1,485",+5,0.34,"2,500",2026/08/12
2219,2219,4484,ランサーズ(株),東証GRT,292,+1,0.34,"8,700",2026/08/12
2220,2220,6663,太洋テクノレックス(株),東証STD,296,+1,0.34,"12,900",2026/08/12
2221,2221,8207,テンアライド(株),東証STD,294,+1,0.34,"23,000",2026/08/12
2222,2222,8570,イオンフィナンシャルサービス(株),東証PRM,"1,628.5",+5.5,0.34,"371,100",2026/08/12
2223,2223,9039,(株)サカイ引越センター,東証PRM,"2,958",+10,0.34,"116,600",2026/08/12
2224,2224,2186,ソーバル(株),東証STD,919,+3,0.33,"3,900",2026/08/12
2225,2225,3034,クオールホールディングス(株),東証PRM,"2,427",+8,0.33,"303,200",2026/08/12
2226,2226,3068,(株)ＷＤＩ,東証STD,"3,035",+10,0.33,"13,500",2026/08/12
2227,2227,3393,スターティアホールディングス(株),東証PRM,"3,030",+10,0.33,"21,100",2026/08/12
2228,2228,3834,(株)朝日ネット,東証PRM,615,+2,0.33,"37,400",2026/08/12
2229,2229,4072,(株)電算システムホールディングス,東証PRM,"3,015",+10,0.33,"185,900",2026/08/12
2230,2230,4934,プレミアアンチエイジング(株),東証GRT,600,+2,0.33,"3,000",2026/08/12
2231,2231,5237,(株)ノザワ,東証STD,"1,200",+4,0.33,"2,300",2026/08/12
2232,2232,5695,パウダーテック(株),東証STD,"3,020",+10,0.33,"2,100",2026/08/12
2233,2233,5902,ホッカンホールディングス(株),東証PRM,"2,448",+8,0.33,"22,800",2026/08/12
2234,2234,6090,ヒューマン・メタボローム・テクノロジーズ(株),東証STD,600,+2,0.33,"5,500",2026/08/12
2235,2235,7084,(株)Ｓｍｉｌｅ　Ｈｏｌｄｉｎｇｓ,東証GRT,"2,759",+9,0.33,"1,300",2026/08/12
2236,2236,7240,ＮＯＫ(株),東証PRM,"3,078",+10,0.33,"316,800",2026/08/12
2237,2237,7273,(株)イクヨ,東証STD,607,+2,0.33,"12,300",2026/08/12
2238,2238,7278,(株)エクセディ,東証PRM,"6,060",+20,0.33,"134,200",2026/08/12
2239,2239,7326,ＳＢＩインシュアランスグループ(株),東証GRT,"2,098",+7,0.33,"12,100",2026/08/12
2240,2240,7426,(株)山大,東証STD,603,+2,0.33,900,2026/08/12
2241,2241,7614,(株)オーエムツーネットワーク,東証STD,"1,529",+5,0.33,"2,100",2026/08/12
2242,2242,7872,エステールホールディングス(株),東証STD,607,+2,0.33,"5,800",2026/08/12
2243,2243,7981,タカラスタンダード(株),東証PRM,"3,035",+10,0.33,"87,000",2026/08/12
2244,2244,8399,(株)琉球銀行,東証PRM,"3,055",+10,0.33,"121,400",2026/08/12
2245,2245,9409,(株)テレビ朝日ホールディングス,東証PRM,"3,060",+10,0.33,"245,400",2026/08/12
2246,2246,1803,清水建設(株),東証PRM,"2,382",+7.5,0.32,"4,374,800",2026/08/12
2247,2247,2749,(株)ＪＰホールディングス,東証PRM,631,+2,0.32,"267,500",2026/08/12
2248,2248,2918,わらべや日洋ホールディングス(株),東証PRM,"2,794",+9,0.32,"88,700",2026/08/12
2249,2249,3221,(株)ヨシックスホールディングス,東証PRM,"3,155",+10,0.32,"42,500",2026/08/12
2250,2250,426A,ニッセイ ETF S&P500イコール・ウェイト(H無),東証ETF,"1,247",+4,0.32,"3,329",2026/08/12
2251,2251,4401,(株)ＡＤＥＫＡ,東証PRM,"4,774",+15,0.32,"685,400",2026/08/12
2252,2252,4414,(株)フレクト,東証GRT,"1,250",+4,0.32,"18,500",2026/08/12
2253,2253,8103,明和産業(株),東証PRM,954,+3,0.32,"259,800",2026/08/12
2254,2254,9441,(株)ベルパーク,東証STD,"2,864",+9,0.32,"2,700",2026/08/12
2255,2255,182A,MAXIS 米国国債20年超上場投信(H無),東証ETF,487.3,+1.5,0.31,"144,700",2026/08/12
2256,2256,2082,投資家経営者一心同体ETF,東証ETF,"1,279",+4,0.31,397,2026/08/12
2257,2257,3031,(株)ラクーンホールディングス,東証PRM,637,+2,0.31,"50,500",2026/08/12
2258,2258,408A,iシェアーズ AI グローバル・イノベーション アクティブ,東証ETF,291.6,+0.9,0.31,"362,310",2026/08/12
2259,2259,6324,(株)ハーモニック・ドライブ・システムズ,東証PRM,"6,400",+20,0.31,"1,353,700",2026/08/12
2260,2260,6524,湖北工業(株),東証STD,"4,780",+15,0.31,"155,600",2026/08/12
2261,2261,8967,日本ロジスティクスファンド投資法人,東証,"95,700",+300,0.31,"5,115",2026/08/12
2262,2262,9692,(株)シーイーシー,東証PRM,"2,278",+7,0.31,"86,900",2026/08/12
2263,2263,1802,(株)大林組,東証PRM,"3,027",+9,0.3,"2,507,200",2026/08/12
2264,2264,184A,(株)学びエイド,東証GRT,337,+1,0.3,"8,700",2026/08/12
2265,2265,3439,(株)三ツ知,東証STD,659,+2,0.3,"2,100",2026/08/12
2266,2266,3935,(株)エディア,東証STD,672,+2,0.3,"53,800",2026/08/12
2267,2267,4356,応用技術(株),東証STD,"1,685",+5,0.3,"4,300",2026/08/12
2268,2268,4570,(株)免疫生物研究所,東証GRT,999,+3,0.3,"105,400",2026/08/12
2269,2269,4707,(株)キタック,東証STD,330,+1,0.3,"2,300",2026/08/12
2270,2270,4719,(株)アルファシステムズ,東証PRM,"3,390",+10,0.3,"15,500",2026/08/12
2271,2271,4880,セルソース(株),東証STD,331,+1,0.3,"21,300",2026/08/12
2272,2272,6571,キュービーネットホールディングス(株),東証PRM,"1,320",+4,0.3,"20,200",2026/08/12
2273,2273,7309,(株)シマノ,東証PRM,"20,320",+60,0.3,"331,600",2026/08/12
2274,2274,7500,西川計測(株),東証STD,"9,900",+30,0.3,400,2026/08/12
2275,2275,7865,ピープル(株),東証STD,337,+1,0.3,"2,800",2026/08/12
2276,2276,9885,(株)シャルレ,東証STD,337,+1,0.3,"4,300",2026/08/12
2277,2277,1434,ＪＥＳＣＯホールディングス(株),東証STD,"1,701",+5,0.29,"29,200",2026/08/12
2278,2278,1674,WisdomTree 白金上場投信,東証ETF,"25,515",+75,0.29,186,2026/08/12
2279,2279,2011,SMDAM Active ETF 日本高配当株式,東証ETF,851.5,+2.5,0.29,"34,440",2026/08/12
2280,2280,2676,高千穂交易(株),東証PRM,"2,061",+6,0.29,"16,500",2026/08/12
2281,2281,275A,ハンワホームズ(株),名証NXT,346,+1,0.29,"1,700",2026/08/12
2282,2282,3470,マリモ地方創生リート投資法人,東証,"102,900",+300,0.29,428,2026/08/12
2283,2283,3488,セントラル・リート投資法人,東証,"102,900",+300,0.29,457,2026/08/12
2284,2284,3569,セーレン(株),東証PRM,"3,445",+10,0.29,"283,400",2026/08/12
2285,2285,3900,(株)クラウドワークス,東証GRT,701,+2,0.29,"18,200",2026/08/12
2286,2286,4395,(株)アクリート,東証GRT,687,+2,0.29,"37,800",2026/08/12
2287,2287,4644,イマジニア(株),東証STD,"1,055",+3,0.29,"7,200",2026/08/12
2288,2288,6142,富士精工(株),名証MN,"1,715",+5,0.29,"6,800",2026/08/12
2289,2289,7102,日本車輌製造(株),東証PRM,"3,510",+10,0.29,"35,700",2026/08/12
2290,2290,7277,(株)ＴＢＫ,東証STD,349,+1,0.29,"22,800",2026/08/12
2291,2291,7416,(株)はるやまホールディングス,東証STD,683,+2,0.29,"2,200",2026/08/12
2292,2292,7621,(株)うかい,東証STD,"3,410",+10,0.29,"2,100",2026/08/12
2293,2293,8008,４℃ホールディングス,東証PRM,"2,069",+6,0.29,"80,300",2026/08/12
2294,2294,8267,イオン(株),東証PRM,"1,393.5",+4,0.29,"9,550,400",2026/08/12
2295,2295,8698,マネックスグループ(株),東証PRM,695,+2,0.29,"1,237,000",2026/08/12
2296,2296,8919,(株)カチタス,東証PRM,"3,515",+10,0.29,"343,000",2026/08/12
2297,2297,9170,成友興業(株),名証MN,"1,725",+5,0.29,600,2026/08/12
2298,2298,1696,WisdomTree とうもろこし上場投信,東証ETF,"2,878",+8,0.28,"1,745",2026/08/12
2299,2299,231A,Ｃｒｏｓｓ　Ｅホールディングス(株),福岡Q,"1,075",+3,0.28,200,2026/08/12
2300,2300,2804,ブルドックソース(株),東証PRM,"1,817",+5,0.28,"19,800",2026/08/12
2301,2301,3484,(株)イノベーションホールディングス,東証STD,"1,083",+3,0.28,"7,400",2026/08/12
2302,2302,3607,(株)クラウディアホールディングス,東証STD,363,+1,0.28,"6,100",2026/08/12
2303,2303,4102,丸尾カルシウム(株),東証STD,"1,444",+4,0.28,800,2026/08/12
2304,2304,4290,(株)プレステージ・インターナショナル,東証PRM,705,+2,0.28,"401,100",2026/08/12
2305,2305,4308,(株)Ｊストリーム,東証GRT,355,+1,0.28,"18,300",2026/08/12
2306,2306,468A,GX 米ドル建て投資適格社債,東証ETF,284.3,+0.8,0.28,"2,270",2026/08/12
2307,2307,4694,(株)ビー・エム・エル,東証PRM,"3,585",+10,0.28,"35,800",2026/08/12
2308,2308,5380,新東(株),東証STD,"1,066",+3,0.28,400,2026/08/12
2309,2309,6579,ログリー(株),東証GRT,364,+1,0.28,"4,400",2026/08/12
2310,2310,7820,ニホンフラッシュ(株),東証PRM,713,+2,0.28,"172,500",2026/08/12
2311,2311,1577,(NEXT FUNDS)野村日本株高配当70連動型ETF,東証ETF,"59,380",+160,0.27,"1,661",2026/08/12
2312,2312,1655,iシェアーズ S&P500 米国株 ETF,東証ETF,887.3,+2.4,0.27,"1,017,620",2026/08/12
2313,2313,2048,NEXT NOTES 野村日本株高配当70(ドルH、NR)ETN,東証ETF,"55,440",+150,0.27,100,2026/08/12
2314,2314,2257,iシェアーズ 米ドル建て投資適格社債,東証ETF,222.3,+0.6,0.27,"11,080",2026/08/12
2315,2315,3245,(株)ディア・ライフ,東証PRM,"1,095",+3,0.27,"243,900",2026/08/12
2316,2316,3698,(株)ＣＲＩ・ミドルウェア,東証STD,"1,134",+3,0.27,"13,500",2026/08/12
2317,2317,4624,イサム塗料(株),東証STD,"3,780",+10,0.27,400,2026/08/12
2318,2318,4767,(株)テー・オー・ダブリュー,東証STD,372,+1,0.27,"124,100",2026/08/12
2319,2319,6626,ＳＥＭＩＴＥＣ(株),東証STD,"2,240",+6,0.27,"13,900",2026/08/12
2320,2320,7412,(株)アトム,東証STD,370,+1,0.27,"679,200",2026/08/12
2321,2321,7555,(株)大田花き,東証STD,743,+2,0.27,"1,200",2026/08/12
2322,2322,8860,フジ住宅(株),東証PRM,756,+2,0.27,"44,600",2026/08/12
2323,2323,9035,第一交通産業(株),福証,739,+2,0.27,"9,100",2026/08/12
2324,2324,9242,メディア総研(株),東証GRT,"1,846",+5,0.27,"2,100",2026/08/12
2325,2325,9304,澁澤倉庫(株),東証PRM,"1,891",+5,0.27,"240,800",2026/08/12
2326,2326,9471,(株)文溪堂,名証MN,"1,133",+3,0.27,200,2026/08/12
2327,2327,1547,上場インデックスファンド米国株式(S&P500),東証ETF,"13,395",+35,0.26,"15,308",2026/08/12
2328,2328,2241,MAXIS NYダウ上場投信,東証ETF,953.2,+2.5,0.26,"3,380",2026/08/12
2329,2329,2647,(NEXT FUNDS)ブルームバーグ米国国債(7-10年)(H無),東証ETF,"5,891",+15,0.26,"13,944",2026/08/12
2330,2330,2734,(株)サーラコーポレーション,東証PRM,"1,166",+3,0.26,"218,400",2026/08/12
2331,2331,3050,ＤＣＭホールディングス(株),東証PRM,"1,563",+4,0.26,"217,700",2026/08/12
2332,2332,3295,ヒューリックリート投資法人,東証,"155,000",+400,0.26,"1,878",2026/08/12
2333,2333,3914,ＪＩＧ－ＳＡＷ(株),東証GRT,"2,271",+6,0.26,"16,800",2026/08/12
2334,2334,4337,ぴあ(株),東証PRM,"2,709",+7,0.26,"25,400",2026/08/12
2335,2335,4439,(株)東名,東証STD,763,+2,0.26,"8,800",2026/08/12
2336,2336,5658,日亜鋼業(株),東証STD,384,+1,0.26,"94,000",2026/08/12
2337,2337,566A,iFreeETF ブルームバーグ日本株(除く金融)高配当50,東証ETF,"2,301",+6,0.26,"1,068",2026/08/12
2338,2338,6044,(株)三機サービス,東証STD,"1,960",+5,0.26,"6,800",2026/08/12
2339,2339,6171,(株)土木管理総合試験所,東証STD,382,+1,0.26,"19,800",2026/08/12
2340,2340,6249,(株)ゲームカードホールディングス,東証STD,"2,670",+7,0.26,"4,900",2026/08/12
2341,2341,6845,アズビル(株),東証PRM,"1,551",+4,0.26,"1,512,600",2026/08/12
2342,2342,7374,(株)コンフィデンス・インターワークス,東証GRT,"1,533",+4,0.26,"53,100",2026/08/12
2343,2343,8001,伊藤忠商事(株),東証PRM,"2,096",+5.5,0.26,"10,725,200",2026/08/12
2344,2344,1979,(株)大気社,東証PRM,"4,045",+10,0.25,"397,000",2026/08/12
2345,2345,2148,アイティメディア(株),東証PRM,"1,220",+3,0.25,"30,100",2026/08/12
2346,2346,2373,(株)ケア２１,東証STD,405,+1,0.25,"3,400",2026/08/12
2347,2347,3201,ニッケ,東証PRM,"1,986",+5,0.25,"94,900",2026/08/12
2348,2348,3492,MIRARTH不動産投資法人,東証,"80,700",+200,0.25,"5,945",2026/08/12
2349,2349,3895,ハビックス(株),東証STD,409,+1,0.25,"1,300",2026/08/12
2350,2350,4196,(株)ネオマーケティング,東証STD,"1,975",+5,0.25,"9,400",2026/08/12
2351,2351,4299,(株)ハイマックス,東証STD,"1,201",+3,0.25,"10,100",2026/08/12
2352,2352,4521,科研製薬(株),東証PRM,"4,010",+10,0.25,"154,400",2026/08/12
2353,2353,4809,パラカ(株),東証PRM,"2,033",+5,0.25,"16,800",2026/08/12
2354,2354,4923,コタ(株),東証PRM,"1,226",+3,0.25,"22,200",2026/08/12
2355,2355,5287,(株)イトーヨーギョー,東証STD,808,+2,0.25,"4,200",2026/08/12
2356,2356,538A,NZAM 上場投信 米国国債7-10年(H無),東証ETF,"4,890",+12,0.25,13,2026/08/12
2357,2357,6042,(株)ニッキ,東証STD,"3,950",+10,0.25,200,2026/08/12
2358,2358,6543,(株)日宣,東証STD,"1,200",+3,0.25,"2,000",2026/08/12
2359,2359,178A,GX 革新的優良企業,東証ETF,"1,697",+4,0.24,"4,053",2026/08/12
2360,2360,2483,(株)翻訳センター,東証STD,"2,116",+5,0.24,"8,200",2026/08/12
2361,2361,2668,タビオ(株),東証STD,"1,267",+3,0.24,"1,500",2026/08/12
2362,2362,4259,(株)エクサウィザーズ,東証GRT,842,+2,0.24,"2,084,100",2026/08/12
2363,2363,7435,(株)ナ・デックス,東証STD,"1,279",+3,0.24,"5,700",2026/08/12
2364,2364,7775,大研医器(株),東証STD,426,+1,0.24,"12,900",2026/08/12
2365,2365,8037,カメイ(株),東証PRM,"4,215",+10,0.24,"59,000",2026/08/12
2366,2366,9268,(株)オプティマスグループ,東証STD,420,+1,0.24,"343,500",2026/08/12
2367,2367,9878,(株)セキド,東証STD,414,+1,0.24,"5,600",2026/08/12
2368,2368,2558,MAXIS 米国株式(S&P500)上場投信,東証ETF,"3,542",+8,0.23,"144,811",2026/08/12
2369,2369,2733,(株)あらた,東証PRM,"2,569",+6,0.23,"122,400",2026/08/12
2370,2370,2927,(株)ＡＦＣ－ＨＤアムスライフサイエンス,東証STD,870,+2,0.23,"15,700",2026/08/12
2371,2371,3804,(株)システム　ディ,東証STD,440,+1,0.23,"1,200",2026/08/12
2372,2372,4053,(株)Ｓｕｎ　Ａｓｔｅｒｉｓｋ,東証PRM,444,+1,0.23,"118,100",2026/08/12
2373,2373,5258,(株)トランザクション・メディア・ネットワークス,東証GRT,438,+1,0.23,"54,300",2026/08/12
2374,2374,5423,東京製鐵(株),東証PRM,"1,737",+4,0.23,"344,300",2026/08/12
2375,2375,569A,iシェアーズ プラチナ,東証ETF,176.4,+0.4,0.23,"4,100",2026/08/12
2376,2376,5936,東洋シヤッター(株),東証STD,889,+2,0.23,"1,600",2026/08/12
2377,2377,6022,(株)赤阪鐵工所,東証STD,"2,656",+6,0.23,800,2026/08/12
2378,2378,6232,(株)ＡＣＳＬ,東証GRT,"1,758",+4,0.23,"214,800",2026/08/12
2379,2379,6894,パルステック工業(株),東証STD,"2,141",+5,0.23,600,2026/08/12
2380,2380,8904,(株)ＡＶＡＮＴＩＡ,東証STD,867,+2,0.23,"7,800",2026/08/12
2381,2381,9701,(株)東京會舘,東証STD,"4,300",+10,0.23,"1,200",2026/08/12
2382,2382,9882,(株)イエローハット,東証PRM,"1,749",+4,0.23,"162,800",2026/08/12
2383,2383,1301,(株)極洋,東証PRM,"4,605",+10,0.22,"48,000",2026/08/12
2384,2384,1345,上場インデックスファンドJリート隔月分配,東証ETF,"1,843",+4,0.22,"26,981",2026/08/12
2385,2385,177A,コージンバイオ(株),東証GRT,897,+2,0.22,900,2026/08/12
2386,2386,2235,上場インデックスファンド米国株式(ダウ平均)H無,東証ETF,"3,704",+8,0.22,"9,204",2026/08/12
2387,2387,2491,バリューコマース(株),東証PRM,459,+1,0.22,"164,600",2026/08/12
2388,2388,2565,GX ロジスティクス・J-REIT,東証ETF,902,+2,0.22,"2,467",2026/08/12
2389,2389,3480,(株)ジェイ・エス・ビー,東証PRM,"8,970",+20,0.22,"82,500",2026/08/12
2390,2390,399A,上場インデックスファンド日経平均高配当株50,東証ETF,"2,330",+5,0.22,"33,819",2026/08/12
2391,2391,530A,NZAM 上場投信 東証REIT指数(2・5・8・11月決算型),東証ETF,"1,858",+4,0.22,"25,178",2026/08/12
2392,2392,5401,日本製鉄(株),東証PRM,690.9,+1.5,0.22,"37,862,000",2026/08/12
2393,2393,6904,原田工業(株),東証STD,452,+1,0.22,"3,300",2026/08/12
2394,2394,7487,小津産業(株),東証STD,"1,787",+4,0.22,"7,200",2026/08/12
2395,2395,7702,(株)ＪＭＳ,東証STD,457,+1,0.22,"23,700",2026/08/12
2396,2396,8276,(株)平和堂,東証PRM,"2,713",+6,0.22,"527,000",2026/08/12
2397,2397,8977,阪急阪神リート投資法人,東証,"136,500",+300,0.22,661,2026/08/12
2398,2398,9010,富士急行(株),東証PRM,"2,750",+6,0.22,"194,000",2026/08/12
2399,2399,9709,ＮＣＳ＆Ａ(株),東証STD,"1,368",+3,0.22,"4,700",2026/08/12
2400,2400,9713,(株)ロイヤルホテル,東証STD,903,+2,0.22,"9,400",2026/08/12
2401,2401,9853,(株)銀座ルノアール,東証STD,907,+2,0.22,"1,200",2026/08/12
2402,2402,9929,平和紙業(株),東証STD,465,+1,0.22,"3,800",2026/08/12
2403,2403,2041,NEXT NOTES NYダウ･ベア･ドルヘッジ ETN,東証ETF,"1,917",+4,0.21,"4,120",2026/08/12
2404,2404,2493,イーサポートリンク(株),東証STD,943,+2,0.21,"4,600",2026/08/12
2405,2405,2529,(NEXT FUNDS)野村株主還元70連動型上場投信,東証ETF,"2,373",+5,0.21,"6,203",2026/08/12
2406,2406,2855,GX グリーン・J-REIT,東証ETF,956,+2,0.21,"2,607",2026/08/12
2407,2407,3175,(株)エー・ピーホールディングス,東証STD,949,+2,0.21,"6,600",2026/08/12
2408,2408,4444,(株)インフォネット,東証GRT,952,+2,0.21,"1,400",2026/08/12
2409,2409,5911,(株)横河ブリッジホールディングス,東証PRM,"2,929",+6,0.21,"103,200",2026/08/12
2410,2410,5967,ＴＯＮＥ(株),東証STD,488,+1,0.21,"11,400",2026/08/12
2411,2411,6135,(株)牧野フライス製作所,東証PRM,"14,520",+30,0.21,"97,300",2026/08/12
2412,2412,6455,(株)モリタホールディングス,東証PRM,"2,360",+5,0.21,"41,800",2026/08/12
2413,2413,8365,(株)富山銀行,東証STD,"2,338",+5,0.21,"8,300",2026/08/12
2414,2414,8421,信金中央金庫,東証,"188,600",+400,0.21,198,2026/08/12
2415,2415,8931,和田興産(株),東証STD,"1,400",+3,0.21,"4,700",2026/08/12
2416,2416,9536,西部ガスホールディングス(株),東証PRM,"2,361",+5,0.21,"61,000",2026/08/12
2417,2417,9679,ホウライ(株),東証STD,"2,350",+5,0.21,600,2026/08/12
2418,2418,1619,(NEXT FUNDS)建設･資材上場投信,東証ETF,"45,570",+90,0.2,525,2026/08/12
2419,2419,2255,iシェアーズ 米国債20年超,東証ETF,200.9,+0.4,0.2,"96,310",2026/08/12
2420,2420,2300,(株)きょくとう,東証STD,501,+1,0.2,"1,400",2026/08/12
2421,2421,2329,(株)東北新社,東証STD,500,+1,0.2,"70,400",2026/08/12
2422,2422,2594,キーコーヒー(株),東証PRM,"2,002",+4,0.2,"46,400",2026/08/12
2423,2423,2641,GX グローバルリーダーズ-日本株式,東証ETF,"4,589",+9,0.2,"8,642",2026/08/12
2424,2424,2796,ファーマライズホールディングス(株),東証STD,493,+1,0.2,"3,700",2026/08/12
2425,2425,2883,(株)大冷,東証STD,"2,004",+4,0.2,"1,900",2026/08/12
2426,2426,295A,One ETF FTSE・サウジアラビア・インデックス,東証ETF,"9,930",+20,0.2,9,2026/08/12
2427,2427,3986,(株)ビーブレイクシステムズ,東証STD,497,+1,0.2,"16,800",2026/08/12
2428,2428,4178,(株)Ｓｈａｒｉｎｇ　Ｉｎｎｏｖａｔｉｏｎｓ,東証GRT,494,+1,0.2,"1,000",2026/08/12
2429,2429,4307,(株)野村総合研究所,東証PRM,"4,982",+10,0.2,"2,622,900",2026/08/12
2430,2430,4552,ＪＣＲファーマ(株),東証PRM,509,+1,0.2,"526,100",2026/08/12
2431,2431,5199,不二ラテックス(株),東証STD,"1,990",+4,0.2,300,2026/08/12
2432,2432,580A,GX 銅ビジネス,東証ETF,"1,019",+2,0.2,"20,465",2026/08/12
2433,2433,5909,(株)コロナ,東証STD,990,+2,0.2,"9,500",2026/08/12
2434,2434,5946,(株)長府製作所,東証PRM,"2,020",+4,0.2,"70,700",2026/08/12
2435,2435,6226,守谷輸送機工業(株),東証STD,"2,035",+4,0.2,"286,900",2026/08/12
2436,2436,6228,(株)ジェイ・イー・ティ,東証STD,498,+1,0.2,"29,400",2026/08/12
2437,2437,6616,トレックス・セミコンダクター(株),東証PRM,"2,040",+4,0.2,"113,200",2026/08/12
2438,2438,6699,ダイヤモンドエレクトリックホールディングス(株),東証STD,505,+1,0.2,"86,700",2026/08/12
2439,2439,7040,(株)サン・ライフホールディング,東証STD,979,+2,0.2,"2,600",2026/08/12
2440,2440,7485,岡谷鋼機(株),名証PRM,"5,060",+10,0.2,"3,000",2026/08/12
2441,2441,9832,(株)オートバックスセブン,東証PRM,"1,530",+3,0.2,"114,600",2026/08/12
2442,2442,9982,タキヒヨー(株),東証STD,"2,450",+5,0.2,"2,700",2026/08/12
2443,2443,1719,安藤ハザマ,東証PRM,"1,863.5",+3.5,0.19,"630,800",2026/08/12
2444,2444,2335,(株)キューブシステム,東証PRM,"1,071",+2,0.19,"10,900",2026/08/12
2445,2445,2633,(NEXT FUNDS) S&P500(H無)連動型上場投信,東証ETF,569.2,+1.1,0.19,"434,930",2026/08/12
2446,2446,2882,(株)イートアンドホールディングス,東証PRM,"2,065",+4,0.19,"18,000",2026/08/12
2447,2447,3093,(株)トレジャー・ファクトリー,東証PRM,"2,104",+4,0.19,"192,000",2026/08/12
2448,2448,3455,ヘルスケア＆メディカル投資法人,東証,"105,000",+200,0.19,808,2026/08/12
2449,2449,3941,レンゴー(株),東証PRM,"1,597.5",+3,0.19,"786,300",2026/08/12
2450,2450,4224,ロンシール工業(株),東証STD,"2,155",+4,0.19,"9,900",2026/08/12
2451,2451,4516,日本新薬(株),東証PRM,"3,603",+7,0.19,"339,900",2026/08/12
2452,2452,5019,出光興産(株),東証PRM,"1,297",+2.5,0.19,"4,244,600",2026/08/12
2453,2453,6074,(株)ジェイエスエス,東証STD,524,+1,0.19,"6,500",2026/08/12
2454,2454,609A,GX 総合商社&資源ビジネス-日本株式,東証ETF,"1,060",+2,0.19,"34,107",2026/08/12
2455,2455,6743,大同信号(株),東証STD,"1,071",+2,0.19,"80,100",2026/08/12
2456,2456,7997,(株)くろがね工作所,東証STD,"1,040",+2,0.19,"2,800",2026/08/12
2457,2457,8129,東邦ホールディングス(株),東証PRM,"3,778",+7,0.19,"98,000",2026/08/12
2458,2458,92025,ＡＮＡホールディングス（株）第１回社債型種類株式,東証PRM,"4,800",+9,0.19,"1,800",2026/08/12
2459,2459,9325,ファイズホールディングス(株),東証STD,"1,082",+2,0.19,"6,200",2026/08/12
2460,2460,9867,ソレキア(株),東証STD,"10,380",+20,0.19,"1,300",2026/08/12
2461,2461,1738,(株)ＮＩＴＴＯＨ,名証MN,572,+1,0.18,400,2026/08/12
2462,2462,180A,GX 超長期米国債,東証ETF,285.5,+0.5,0.18,"228,080",2026/08/12
2463,2463,2254,GX チャイナEV&バッテリー,東証ETF,"1,124",+2,0.18,"1,969",2026/08/12
2464,2464,2902,太陽化学(株),名証MN,"2,725",+5,0.18,"1,300",2026/08/12
2465,2465,360A,東証REIT Core ETF,東証ETF,"1,095.5",+2,0.18,10,2026/08/12
2466,2466,3690,(株)イルグルム,東証STD,543,+1,0.18,"5,700",2026/08/12
2467,2467,449A,ステート・ストリート・スパイダー S&P500 ETF(H無),東証ETF,837.6,+1.5,0.18,"2,090",2026/08/12
2468,2468,5933,アルインコ(株),東証PRM,"1,105",+2,0.18,"43,000",2026/08/12
2469,2469,6370,栗田工業(株),東証PRM,"8,532",+15,0.18,"869,100",2026/08/12
2470,2470,7353,ＫＩＹＯラーニング(株),東証GRT,551,+1,0.18,"7,000",2026/08/12
2471,2471,7841,(株)遠藤製作所,東証STD,"1,111",+2,0.18,"7,700",2026/08/12
2472,2472,8281,ゼビオホールディングス(株),東証PRM,"1,137",+2,0.18,"102,800",2026/08/12
2473,2473,9364,(株)上組,東証PRM,"5,044",+9,0.18,"275,200",2026/08/12
2474,2474,9979,(株)大庄,東証STD,"1,094",+2,0.18,"43,600",2026/08/12
2475,2475,9996,(株)サトー商会,東証STD,"2,226",+4,0.18,500,2026/08/12
2476,2476,2475,ＷＤＢホールディングス(株),東証PRM,"1,771",+3,0.17,"34,700",2026/08/12
2477,2477,3190,(株)ホットマン,東証STD,586,+1,0.17,"2,600",2026/08/12
2478,2478,3297,(株)東武住販,東証STD,"1,178",+2,0.17,800,2026/08/12
2479,2479,3474,Ｇ－ＦＡＣＴＯＲＹ(株),東証GRT,579,+1,0.17,"2,100",2026/08/12
2480,2480,4801,セントラルスポーツ(株),東証PRM,"2,423",+4,0.17,"8,900",2026/08/12
2481,2481,5301,東海カーボン(株),東証PRM,"1,818.5",+3,0.17,"1,365,700",2026/08/12
2482,2482,5607,中央可鍛工業(株),名証MN,606,+1,0.17,"26,100",2026/08/12
2483,2483,6982,(株)リード,東証STD,579,+1,0.17,600,2026/08/12
2484,2484,7239,(株)タチエス,東証PRM,"2,301",+4,0.17,"79,300",2026/08/12
2485,2485,8952,ジャパンリアルエステイト投資法人,東証,"119,000",+200,0.17,"12,060",2026/08/12
2486,2486,9041,近鉄グループホールディングス(株),東証PRM,"3,567",+6,0.17,"1,589,800",2026/08/12
2487,2487,9346,(株)ココルポート,東証GRT,"1,718",+3,0.17,"2,900",2026/08/12
2488,2488,1420,サンヨーホームズ(株),東証STD,630,+1,0.16,"13,800",2026/08/12
2489,2489,1514,住石ホールディングス(株),東証STD,625,+1,0.16,"259,700",2026/08/12
2490,2490,1554,上場インデックス世界株式(MSCI ACWI)除く日本,東証ETF,"6,899",+11,0.16,"1,935",2026/08/12
2491,2491,1557,State Street SPDR S&P500 ETF,東証ETF,"122,900",+200,0.16,"3,273",2026/08/12
2492,2492,1597,MAXIS Jリート上場投信,東証ETF,"1,872",+3,0.16,"68,614",2026/08/12
2493,2493,2114,フジ日本(株),東証STD,634,+1,0.16,"15,100",2026/08/12
2494,2494,2208,(株)ブルボン,東証STD,"3,125",+5,0.16,"3,400",2026/08/12
2495,2495,3981,(株)ビーグリー,東証STD,"1,237",+2,0.16,"1,500",2026/08/12
2496,2496,5660,神鋼鋼線工業(株),東証STD,"1,876",+3,0.16,"7,000",2026/08/12
2497,2497,6533,(株)Ｏｒｃｈｅｓｔｒａ　Ｈｏｌｄｉｎｇｓ,東証PRM,"1,251",+2,0.16,"21,700",2026/08/12
2498,2498,7833,(株)アイフィスジャパン,東証STD,639,+1,0.16,"3,700",2026/08/12
2499,2499,9064,ヤマトホールディングス(株),東証PRM,"1,937",+3,0.16,"1,019,800",2026/08/12
2500,2500,9621,(株)建設技術研究所,東証PRM,"3,190",+5,0.16,"53,600",2026/08/12
2501,2501,1566,上場インデックスファンド新興国債券,東証ETF,"53,820",+80,0.15,132,2026/08/12
2502,2502,1653,iFreeETF MSCIジャパンESGセレクト･リーダーズ,東証ETF,"5,204",+8,0.15,910,2026/08/12
2503,2503,1718,美樹工業(株),東証STD,"6,830",+10,0.15,200,2026/08/12
2504,2504,1981,(株)協和日成,東証STD,"1,315",+2,0.15,"4,900",2026/08/12
2505,2505,2736,フェスタリアホールディングス(株),東証STD,670,+1,0.15,"3,400",2026/08/12
2506,2506,2859,(NEXT FUNDS) ユーロ・ストックス50(H有),東証ETF,"3,286",+5,0.15,148,2026/08/12
2507,2507,3249,産業ファンド投資法人,東証,"137,800",+200,0.15,"5,147",2026/08/12
2508,2508,3302,帝国繊維(株),東証PRM,"3,385",+5,0.15,"58,500",2026/08/12
2509,2509,3472,日本ホテル＆レジデンシャル投資法人,東証,"66,400",+100,0.15,689,2026/08/12
2510,2510,3974,ＳＣＡＴ(株),東証STD,673,+1,0.15,"1,100",2026/08/12
2511,2511,3987,エコモット(株),東証GRT,679,+1,0.15,"16,000",2026/08/12
2512,2512,4331,(株)テイクアンドギヴ・ニーズ,東証PRM,688,+1,0.15,"48,800",2026/08/12
2513,2513,6436,アマノ(株),東証PRM,"3,886",+6,0.15,"213,100",2026/08/12
2514,2514,6728,(株)アルバック,東証PRM,"9,159",+14,0.15,"425,400",2026/08/12
2515,2515,6806,ヒロセ電機(株),東証PRM,"27,020",+40,0.15,"147,000",2026/08/12
2516,2516,7087,(株)ウイルテック,東証STD,"1,368",+2,0.15,"2,900",2026/08/12
2517,2517,7506,(株)ハウス　オブ　ローゼ,東証STD,"1,380",+2,0.15,"1,000",2026/08/12
2518,2518,9950,(株)ハチバン,東証STD,"3,420",+5,0.15,500,2026/08/12
2519,2519,1724,シンクレイヤ(株),東証STD,704,+1,0.14,"6,000",2026/08/12
2520,2520,1914,日本基礎技術(株),東証STD,723,+1,0.14,"228,200",2026/08/12
2521,2521,3059,ヒラキ(株),東証STD,712,+1,0.14,"2,000",2026/08/12
2522,2522,396A,業界改革厳選ETF REITイベント・ドリブン,東証ETF,490.9,+0.7,0.14,630,2026/08/12
2523,2523,483A,テラテクノロジー(株),東証STD,"2,220",+3,0.14,"2,700",2026/08/12
2524,2524,5659,日本精線(株),東証PRM,"1,398",+2,0.14,"39,500",2026/08/12
2525,2525,5906,エムケー精工(株),東証STD,739,+1,0.14,"16,100",2026/08/12
2526,2526,8058,三菱商事(株),東証PRM,"4,856",+7,0.14,"6,317,300",2026/08/12
2527,2527,1762,(株)高松コンストラクショングループ,東証PRM,"3,880",+5,0.13,"32,200",2026/08/12
2528,2528,1777,川崎設備工業(株),名証MN,"2,333",+3,0.13,"2,000",2026/08/12
2529,2529,1968,太平電業(株),東証PRM,"2,378",+3,0.13,"158,200",2026/08/12
2530,2530,2908,フジッコ(株),東証PRM,"1,573",+2,0.13,"39,400",2026/08/12
2531,2531,3431,宮地エンジニアリンググループ(株),東証PRM,"1,593",+2,0.13,"87,800",2026/08/12
2532,2532,3452,(株)ビーロット,東証STD,"1,502",+2,0.13,"53,400",2026/08/12
2533,2533,3489,(株)フェイスネットワーク,東証STD,787,+1,0.13,"37,300",2026/08/12
2534,2534,3921,(株)ネオジャパン,東証PRM,"1,597",+2,0.13,"10,800",2026/08/12
2535,2535,4041,日本曹達(株),東証PRM,"3,940",+5,0.13,"85,700",2026/08/12
2536,2536,4177,(株)ｉ－ｐｌｕｇ,東証GRT,"1,527",+2,0.13,"1,600",2026/08/12
2537,2537,4716,日本オラクル(株),東証STD,"9,360",+12,0.13,"309,300",2026/08/12
2538,2538,4996,クミアイ化学工業(株),東証PRM,759,+1,0.13,"286,100",2026/08/12
2539,2539,6432,(株)竹内製作所,東証PRM,"7,700",+10,0.13,"127,200",2026/08/12
2540,2540,6902,(株)デンソー,東証PRM,"1,940.5",+2.5,0.13,"6,422,500",2026/08/12
2541,2541,8016,(株)オンワードホールディングス,東証PRM,768,+1,0.13,"437,300",2026/08/12
2542,2542,8153,(株)モスフードサービス,東証PRM,"3,745",+5,0.13,"113,500",2026/08/12
2543,2543,8173,(株)Ｊｏｓｈｉｎ,東証PRM,"4,005",+5,0.13,"82,700",2026/08/12
2544,2544,2179,(株)成学社,東証STD,838,+1,0.12,"12,200",2026/08/12
2545,2545,2294,(株)柿安本店,東証PRM,"2,556",+3,0.12,"7,100",2026/08/12
2546,2546,2695,くら寿司(株),東証PRM,"1,696",+2,0.12,"235,600",2026/08/12
2547,2547,286A,(株)ユカリア,東証GRT,827,+1,0.12,"4,400",2026/08/12
2548,2548,3396,(株)フェリシモ,東証STD,869,+1,0.12,"3,200",2026/08/12
2549,2549,3476,投資法人みらい,東証,"40,700",+50,0.12,"4,314",2026/08/12
2550,2550,453A,iシェアーズ 米国債20年超プレミアムインカム,東証ETF,763.5,+0.9,0.12,"111,630",2026/08/12
2551,2551,5819,カナレ電気(株),東証STD,"1,741",+2,0.12,"3,000",2026/08/12
2552,2552,6267,ゼネラルパッカー(株),東証STD,"4,010",+5,0.12,300,2026/08/12
2553,2553,7075,(株)ＱＬＳホールディングス,東証GRT,851,+1,0.12,"5,400",2026/08/12
2554,2554,7409,ＡｅｒｏＥｄｇｅ(株),東証GRT,"1,612",+2,0.12,"246,700",2026/08/12
2555,2555,7674,(株)ＮＡＴＴＹ　ＳＷＡＮＫＹホールディングス,東証GRT,"2,570",+3,0.12,"2,100",2026/08/12
2556,2556,1626,(NEXT FUNDS)情報通信･サービス上場投信,東証ETF,"47,550",+50,0.11,497,2026/08/12
2557,2557,1717,明豊ファシリティワークス(株),東証STD,951,+1,0.11,"13,900",2026/08/12
2558,2558,1820,西松建設(株),東証PRM,"5,434",+6,0.11,"142,200",2026/08/12
2559,2559,3047,(株)ＴＲＵＣＫ－ＯＮＥ,福岡Q,905,+1,0.11,500,2026/08/12
2560,2560,3477,フォーライフ(株),東証GRT,898,+1,0.11,"1,500",2026/08/12
2561,2561,3512,日本フエルト(株),東証STD,939,+1,0.11,"6,200",2026/08/12
2562,2562,4326,(株)インテージホールディングス,東証PRM,"1,863",+2,0.11,"32,100",2026/08/12
2563,2563,4812,(株)電通総研,東証PRM,"2,698",+3,0.11,"309,500",2026/08/12
2564,2564,5941,(株)中西製作所,東証STD,"2,665",+3,0.11,"1,500",2026/08/12
2565,2565,6391,(株)加地テック,東証STD,"4,585",+5,0.11,"1,000",2026/08/12
2566,2566,7085,(株)カーブスホールディングス,東証PRM,943,+1,0.11,"462,000",2026/08/12
2567,2567,7219,(株)エッチ・ケー・エス,東証STD,"2,660",+3,0.11,400,2026/08/12
2568,2568,7294,(株)ヨロズ,東証PRM,911,+1,0.11,"48,000",2026/08/12
2569,2569,8242,エイチ・ツー・オー　リテイリング(株),東証PRM,"2,823",+3,0.11,"381,900",2026/08/12
2570,2570,8957,東急リアル・エステート投資法人,東証,"185,700",+200,0.11,"1,803",2026/08/12
2571,2571,8975,いちごオフィスリート投資法人,東証,"94,700",+100,0.11,"2,287",2026/08/12
2572,2572,9344,アクシスコンサルティング(株),東証GRT,943,+1,0.11,"3,300",2026/08/12
2573,2573,9414,日本ＢＳ放送(株),東証STD,924,+1,0.11,"18,600",2026/08/12
2574,2574,9433,ＫＤＤＩ(株),東証PRM,"2,833",+3,0.11,"10,592,600",2026/08/12
2575,2575,140A,iFreeETF 米国10年国債先物インバース,東証ETF,"2,017",+2,0.1,51,2026/08/12
2576,2576,189A,(株)Ｄ＆Ｍカンパニー,東証GRT,972,+1,0.1,"2,300",2026/08/12
2577,2577,2157,(株)コシダカホールディングス,東証PRM,"1,021",+1,0.1,"583,900",2026/08/12
2578,2578,2226,(株)湖池屋,東証STD,"4,825",+5,0.1,"1,600",2026/08/12
2579,2579,2566,上場インデックスファンド日経ESGリート,東証ETF,"1,030",+1,0.1,"7,249",2026/08/12
2580,2580,2934,ジェイフロンティア(株),東証GRT,"1,995",+2,0.1,"10,800",2026/08/12
2581,2581,3937,(株)Ｕｂｉｃｏｍホールディングス,東証STD,"1,041",+1,0.1,"27,200",2026/08/12
2582,2582,4218,ニチバン(株),東証PRM,"1,923",+2,0.1,"21,900",2026/08/12
2583,2583,4985,アース製薬(株),東証PRM,"4,820",+5,0.1,"111,400",2026/08/12
2584,2584,5039,(株)キットアライブ,札幌ア,"1,050",+1,0.1,500,2026/08/12
2585,2585,5185,(株)フコク,東証PRM,"2,035",+2,0.1,"63,200",2026/08/12
2586,2586,5250,ＧＭＯプライム・ストラテジー(株),東証STD,"1,031",+1,0.1,300,2026/08/12
2587,2587,5707,東邦亜鉛(株),東証PRM,"1,006",+1,0.1,"748,700",2026/08/12
2588,2588,576A,GX チャイナテック・カバード・コール,東証ETF,997,+1,0.1,294,2026/08/12
2589,2589,600A,ニッセイ ETF ラッセル2000,東証ETF,"1,991",+2,0.1,"1,364",2026/08/12
2590,2590,6023,ダイハツインフィニアース(株),東証STD,"2,938",+3,0.1,"199,700",2026/08/12
2591,2591,6804,ホシデン(株),東証PRM,"2,896",+3,0.1,"257,100",2026/08/12
2592,2592,6849,日本光電,東証PRM,"1,516.5",+1.5,0.1,"844,300",2026/08/12
2593,2593,7839,(株)ＳＨＯＥＩ,東証PRM,"2,043",+2,0.1,"211,500",2026/08/12
2594,2594,8125,(株)ワキタ,東証PRM,"1,929",+2,0.1,"155,100",2026/08/12
2595,2595,9029,(株)ヒガシホールディングス,東証STD,"1,957",+2,0.1,"3,800",2026/08/12
2596,2596,9846,(株)天満屋ストア,東証STD,"1,007",+1,0.1,"4,800",2026/08/12
2597,2597,9850,(株)グルメ杵屋,東証PRM,972,+1,0.1,"17,900",2026/08/12
2598,2598,166A,(株)タスキホールディングス,東証PRM,"1,117",+1,0.09,"316,200",2026/08/12
2599,2599,1676,WisdomTree 貴金属バスケット上場投信,東証ETF,"42,550",+40,0.09,45,2026/08/12
2600,2600,1826,佐田建設(株),東証STD,"1,098",+1,0.09,"3,200",2026/08/12
2601,2601,3135,(株)マーケットエンタープライズ,東証STD,"1,117",+1,0.09,"9,600",2026/08/12
2602,2602,4524,森下仁丹(株),東証STD,"2,241",+2,0.09,600,2026/08/12
2603,2603,512A,GX ステーブルコイン&トークンビジネス(除く日本),東証ETF,"1,110",+1,0.09,493,2026/08/12
2604,2604,5271,(株)トーヨーアサノ,東証STD,"2,278",+2,0.09,"2,100",2026/08/12
2605,2605,533A,NZAM 上場投信 S&P500(H無),東証ETF,"2,354",+2,0.09,10,2026/08/12
2606,2606,6230,ＳＡＮＥＩ(株),東証STD,"2,113",+2,0.09,"1,700",2026/08/12
2607,2607,6470,大豊工業(株),東証STD,"1,130",+1,0.09,"52,800",2026/08/12
2608,2608,192A,インテグループ(株),東証GRT,"1,213",+1,0.08,"2,900",2026/08/12
2609,2609,2180,(株)サニーサイドアップグループ,東証STD,"1,308",+1,0.08,"1,300",2026/08/12
2610,2610,3320,クロスプラス(株),東証STD,"1,300",+1,0.08,"3,200",2026/08/12
2611,2611,3454,ファーストブラザーズ(株),東証STD,"1,266",+1,0.08,"2,400",2026/08/12
2612,2612,4977,新田ゼラチン(株),東証STD,"1,250",+1,0.08,"41,700",2026/08/12
2613,2613,7314,(株)小田原機器,東証STD,"1,296",+1,0.08,"2,900",2026/08/12
2614,2614,2217,モロゾフ(株),東証PRM,"1,497",+1,0.07,"30,500",2026/08/12
2615,2615,2861,上場インデックスファンドフランス国債(H無),東証ETF,"5,646",+4,0.07,924,2026/08/12
2616,2616,3766,システムズ・デザイン(株),東証STD,"1,425",+1,0.07,"1,500",2026/08/12
2617,2617,3901,マークラインズ(株),東証PRM,"1,515",+1,0.07,"101,900",2026/08/12
2618,2618,4956,コニシ(株),東証PRM,"1,485",+1,0.07,"66,100",2026/08/12
2619,2619,5858,(株)ＳＴＧ,東証GRT,"1,336",+1,0.07,"5,500",2026/08/12
2620,2620,6371,(株)椿本チエイン,東証PRM,"2,706",+2,0.07,"145,800",2026/08/12
2621,2621,6676,(株)バッファロー,東証STD,"2,805",+2,0.07,"44,200",2026/08/12
2622,2622,7082,(株)ジモティー,東証GRT,"1,406",+1,0.07,"6,300",2026/08/12
2623,2623,7638,(株)ＮＥＷ　ＡＲＴ　ＨＯＬＤＩＮＧＳ,東証STD,"1,397",+1,0.07,"37,900",2026/08/12
2624,2624,9251,(株)ＡＢ＆Ｃｏｍｐａｎｙ,東証GRT,"1,389",+1,0.07,"15,800",2026/08/12
2625,2625,9845,(株)パーカーコーポレーション,東証STD,"1,431",+1,0.07,"8,200",2026/08/12
2626,2626,9955,(株)ヨンキュウ,東証STD,"2,826",+2,0.07,"1,900",2026/08/12
2627,2627,1543,純パラジウム上場信託(現物国内保管型),東証ETF,"62,740",+40,0.06,227,2026/08/12
2628,2628,1878,大東建託(株),東証PRM,"3,252",+2,0.06,"1,546,000",2026/08/12
2629,2629,2564,GX MSCIスーパーディビィデンド-日本株式,東証ETF,"3,627",+2,0.06,"11,731",2026/08/12
2630,2630,3065,(株)ライフフーズ,東証STD,"1,619",+1,0.06,700,2026/08/12
2631,2631,3075,(株)銚子丸,東証STD,"1,708",+1,0.06,"4,000",2026/08/12
2632,2632,3299,(株)ムゲンエステート,東証STD,"1,681",+1,0.06,"222,800",2026/08/12
2633,2633,3537,昭栄薬品(株),東証STD,"1,741",+1,0.06,"1,700",2026/08/12
2634,2634,6592,マブチモーター(株),東証PRM,"1,684",+1,0.06,"1,163,400",2026/08/12
2635,2635,8596,(株)九州リースサービス,東証STD,"1,631",+1,0.06,"15,900",2026/08/12
2636,2636,9249,日本エコシステム(株),東証STD,"1,636",+1,0.06,"2,900",2026/08/12
2637,2637,1595,NZAM 上場投信 東証REIT指数,東証ETF,"1,853",+1,0.05,"24,633",2026/08/12
2638,2638,2872,(株)セイヒョー,東証STD,"1,996",+1,0.05,"2,600",2026/08/12
2639,2639,3329,東和フードサービス(株),東証STD,"2,124",+1,0.05,"1,100",2026/08/12
2640,2640,6149,(株)小田原エンジニアリング,東証STD,"2,216",+1,0.05,"53,400",2026/08/12
2641,2641,6473,(株)ジェイテクト,東証PRM,"2,122",+1,0.05,"628,700",2026/08/12
2642,2642,7110,(株)クラシコム,東証GRT,"2,001",+1,0.05,"2,000",2026/08/12
2643,2643,7877,永大化工(株),東証STD,"2,130",+1,0.05,600,2026/08/12
2644,2644,9083,神姫バス(株),東証STD,"1,984",+1,0.05,600,2026/08/12
2645,2645,9206,(株)スターフライヤー,東証STD,"1,914",+1,0.05,"1,100",2026/08/12
2646,2646,1697,WisdomTree 大豆上場投信,東証ETF,"4,530",+2,0.04,380,2026/08/12
2647,2647,2293,滝沢ハム(株),東証STD,"2,766",+1,0.04,800,2026/08/12
2648,2648,2519,(NEXT FUNDS)新興国債券･J.P.M･EM･プラス(H無),東証ETF,"1,199",+0.5,0.04,"1,480",2026/08/12
2649,2649,4549,栄研化学(株),東証PRM,"2,260",+1,0.04,"144,300",2026/08/12
2650,2650,4722,フューチャー(株),東証PRM,"2,445",+1,0.04,"823,300",2026/08/12
2651,2651,5943,(株)ノーリツ,東証PRM,"2,363",+1,0.04,"69,700",2026/08/12
2652,2652,6471,日本精工(株),東証PRM,"1,176.5",+0.5,0.04,"1,369,100",2026/08/12
2653,2653,7305,新家工業(株),東証STD,"2,692",+1,0.04,"12,500",2026/08/12
2654,2654,9322,川西倉庫(株),東証STD,"2,441",+1,0.04,"5,000",2026/08/12
2655,2655,9324,安田倉庫(株),東証PRM,"2,510",+1,0.04,"73,400",2026/08/12
2656,2656,1489,(NEXT FUNDS)日経平均高配当株50指数連動型ETF,東証ETF,"3,508",+1,0.03,"404,271",2026/08/12
2657,2657,1675,WisdomTree パラジウム上場投信,東証ETF,"19,900",+5,0.03,32,2026/08/12
2658,2658,1992,神田通信機(株),東証STD,"2,951",+1,0.03,400,2026/08/12
2659,2659,2089,NZAM 上場投信 DAX(H有),東証ETF,"2,913",+1,0.03,4,2026/08/12
2660,2660,2244,GX US テック・トップ20,東証ETF,"3,650",+1,0.03,"124,619",2026/08/12
2661,2661,5332,ＴＯＴＯ(株),東証PRM,"6,556",+2,0.03,"735,900",2026/08/12
2662,2662,7611,(株)ハイデイ日高,東証PRM,"2,869",+1,0.03,"260,000",2026/08/12
2663,2663,9020,東日本旅客鉄道(株),東証PRM,"3,454",+1,0.03,"2,470,100",2026/08/12
2664,2664,1499,MAXIS 日本株高配当70マーケットニュートラル,東証ETF,"9,209",+2,0.02,62,2026/08/12
2665,2665,1688,WisdomTree 穀物上場投信,東証ETF,560.6,+0.1,0.02,"5,810",2026/08/12
2666,2666,2593,(株)伊藤園,東証PRM,"2,984",+0.5,0.02,"317,500",2026/08/12
2667,2667,2670,(株)エービーシー・マート,東証PRM,"2,823.5",+0.5,0.02,"539,100",2026/08/12
2668,2668,2849,GX Morningstar 高配当 ESG-日本株式,東証ETF,"5,611",+1,0.02,66,2026/08/12
2669,2669,3397,(株)トリドールホールディングス,東証PRM,"4,262",+1,0.02,"247,500",2026/08/12
2670,2670,515A,iシェアーズ 高格付け日本円社債 ETF,東証ETF,501.7,+0.1,0.02,560,2026/08/12
2671,2671,8424,芙蓉総合リース(株),東証PRM,"4,457",+1,0.02,"110,500",2026/08/12
