順位(全市場),順位,コード,銘柄名,市場,現在値,前日比,騰落率(%),出来高,時刻
1,1,5103,昭和ホールディングス(株),東証STD,7,-2,-22.22,"2,724,600",2026/07/31
2,2,2130,(株)メンバーズ,東証PRM,888,-212,-19.27,"513,200",2026/07/31
3,3,2034,NEXT NOTES 韓国KOSPI･ベアETN,東証ETF,"2,000",-423,-17.46,"99,643",2026/07/31
4,4,4307,(株)野村総合研究所,東証PRM,"4,686",-890,-15.96,"7,155,600",2026/07/31
5,5,2579,コカ・コーラ　ボトラーズジャパンホールディングス(株),東証PRM,"3,828",-663,-14.76,"3,157,900",2026/07/31
6,6,4902,コニカミノルタ(株),東証PRM,590.8,-100,-14.48,"11,781,200",2026/07/31
7,7,4549,栄研化学(株),東証PRM,"2,151",-360,-14.34,"1,158,900",2026/07/31
8,8,2216,カンロ(株),東証STD,"1,100",-162,-12.84,"422,000",2026/07/31
9,9,5929,三和ホールディングス(株),東証PRM,"3,442",-503,-12.75,"2,208,600",2026/07/31
10,10,3663,(株)セルシス,東証PRM,"1,723",-242,-12.32,"932,100",2026/07/31
11,11,603A,(株)アイ・グリッド・ソリューションズ,東証GRT,700,-96,-12.06,"1,582,200",2026/07/31
12,12,3070,(株)ジェリービーンズグループ,東証GRT,67,-9,-11.84,"2,381,800",2026/07/31
13,13,7259,(株)アイシン,東証PRM,"2,223.5",-295,-11.71,"6,740,700",2026/07/31
14,14,4568,第一三共(株),東証PRM,"2,567.5",-321.5,-11.13,"18,478,700",2026/07/31
15,15,4709,(株)ＩＤホールディングス,東証PRM,"1,022",-126,-10.98,"242,800",2026/07/31
16,16,5449,大阪製鐵(株),東証STD,"2,506",-308,-10.95,"126,000",2026/07/31
17,17,6902,(株)デンソー,東証PRM,"1,967.5",-230,-10.47,"24,785,700",2026/07/31
18,18,8157,都築電気(株),東証PRM,"3,820",-445,-10.43,"189,800",2026/07/31
19,19,2317,(株)システナ,東証PRM,420,-48,-10.26,"3,731,500",2026/07/31
20,20,604A,(株)ビーエイブル,東証STD,954,-109,-10.25,"2,743,800",2026/07/31
21,21,2127,(株)日本Ｍ＆Ａセンターホールディングス,東証PRM,637.6,-64.2,-9.15,"9,352,100",2026/07/31
22,22,3648,ＡＧＳ(株),東証STD,"1,037",-104,-9.11,"66,100",2026/07/31
23,23,318A,VIX短期先物指数ETF,東証ETF,435.8,-43.5,-9.08,"1,253,550",2026/07/31
24,24,2875,東洋水産(株),東証PRM,"10,365",-990,-8.72,"1,257,000",2026/07/31
25,25,2038,NEXT NOTES ドバイ原油先物 ダブル・ブル ETN,東証ETF,"2,095",-190,-8.32,"175,044",2026/07/31
26,26,1357,(NEXT FUNDS) 日経ダブルインバース上場投信,東証ETF,"2,926",-262,-8.22,"18,084,774",2026/07/31
27,27,1360,日経平均ベア2倍上場投信,東証ETF,71.8,-6.3,-8.07,"231,137,960",2026/07/31
28,28,5938,(株)ＬＩＸＩＬ,東証PRM,"1,735",-151,-8.01,"6,437,700",2026/07/31
29,29,8059,第一実業(株),東証PRM,"3,190",-275,-7.94,"178,400",2026/07/31
30,30,2811,カゴメ(株),東証PRM,"2,610",-222.5,-7.86,"1,017,700",2026/07/31
31,31,1459,楽天 ETF-日経ダブルインバース指数連動型,東証ETF,119,-10,-7.75,"13,640,563",2026/07/31
32,32,2413,エムスリー(株),東証PRM,"1,781.5",-149.5,-7.74,"7,249,100",2026/07/31
33,33,7723,愛知時計電機(株),東証PRM,"2,797",-228,-7.54,"93,800",2026/07/31
34,34,2870,iFreeETF NASDAQ100ダブルインバース,東証ETF,"8,194",-667,-7.53,"43,398",2026/07/31
35,35,1366,iFreeETF 日経平均ダブルインバース・インデックス,東証ETF,74,-6,-7.5,"3,683,647",2026/07/31
36,36,3004,神栄(株),東証STD,"2,072",-167,-7.46,"40,900",2026/07/31
37,37,3116,トヨタ紡織(株),東証PRM,"2,240.5",-179,-7.4,"2,732,500",2026/07/31
38,38,9044,(株)ＮＡＮＫＡＩ,東証PRM,"2,991.5",-234.5,-7.27,"582,100",2026/07/31
39,39,3349,(株)コスモス薬品,東証PRM,"6,383",-497,-7.22,"499,500",2026/07/31
40,40,5482,愛知製鋼(株),東証PRM,"2,956",-229,-7.19,"488,800",2026/07/31
41,41,3566,ユニフォームネクスト(株),東証GRT,837,-62,-6.9,"32,200",2026/07/31
42,42,2229,カルビー(株),東証PRM,"2,904",-215,-6.89,"861,500",2026/07/31
43,43,7476,アズワン(株),東証PRM,"2,405",-173,-6.71,"250,600",2026/07/31
44,44,2212,山崎製パン(株),東証PRM,"3,359",-239,-6.64,"1,117,200",2026/07/31
45,45,1691,WisdomTree ガソリン上場投信,東証ETF,"14,040",-995,-6.62,60,2026/07/31
46,46,9003,相鉄ホールディングス(株),東証PRM,"2,633",-186,-6.6,"771,600",2026/07/31
47,47,4316,(株)ビーマップ,東証GRT,85,-6,-6.59,"63,300",2026/07/31
48,48,5250,ＧＭＯプライム・ストラテジー(株),東証STD,995,-70,-6.57,"3,500",2026/07/31
49,49,9413,(株)テレビ東京ホールディングス,東証PRM,"3,440",-240,-6.52,"212,400",2026/07/31
50,50,6702,富士通(株),東証PRM,"3,659",-243,-6.23,"15,852,800",2026/07/31
51,51,4911,(株)資生堂,東証PRM,"3,154",-206,-6.13,"4,747,900",2026/07/31
52,52,8136,(株)サンリオ,東証PRM,"1,272.5",-81,-5.98,"24,847,400",2026/07/31
53,53,2587,サントリービバレッジ＆フード(株),東証PRM,"4,600",-292,-5.97,"2,075,500",2026/07/31
54,54,4704,トレンドマイクロ(株),東証PRM,"6,341",-402,-5.96,"904,200",2026/07/31
55,55,5994,(株)ファインシンター,東証STD,950,-60,-5.94,"81,200",2026/07/31
56,56,9042,阪急阪神ホールディングス(株),東証PRM,"4,715",-294,-5.87,"1,773,900",2026/07/31
57,57,5242,(株)アイズ,東証GRT,"2,382",-148,-5.85,"15,400",2026/07/31
58,58,6104,芝浦機械(株),東証PRM,"4,125",-255,-5.82,"707,300",2026/07/31
59,59,4324,(株)電通グループ,東証PRM,"3,545",-218,-5.79,"1,590,200",2026/07/31
60,60,4413,(株)ボードルア,東証PRM,"2,869",-176,-5.78,"195,300",2026/07/31
61,61,5380,新東(株),東証STD,"1,016",-62,-5.75,"4,000",2026/07/31
62,62,7974,任天堂(株),東証PRM,"7,679",-466,-5.72,"18,014,300",2026/07/31
63,63,4569,杏林製薬(株),東証PRM,"1,142",-69,-5.7,"266,100",2026/07/31
64,64,3415,(株)ＴＯＫＹＯ　ＢＡＳＥ,東証PRM,382,-23,-5.68,"879,200",2026/07/31
65,65,1671,WTI原油価格連動型上場投信,東証ETF,"5,067",-304,-5.66,"328,261",2026/07/31
66,66,2791,大黒天物産(株),東証PRM,"4,495",-265,-5.57,"115,000",2026/07/31
67,67,6460,セガサミーホールディングス(株),東証PRM,"2,748.5",-162,-5.57,"1,563,300",2026/07/31
68,68,7419,(株)ノジマ,東証PRM,"1,305",-77,-5.57,"1,620,300",2026/07/31
69,69,5253,カバー(株),東証GRT,"1,460",-86,-5.56,"1,829,100",2026/07/31
70,70,2264,森永乳業(株),東証PRM,"1,191",-70,-5.55,"1,774,000",2026/07/31
71,71,3382,(株)セブン＆アイ・ホールディングス,東証PRM,"2,109",-124,-5.55,"9,083,900",2026/07/31
72,72,7063,(株)Ｂｉｒｄｍａｎ,東証GRT,86,-5,-5.49,"1,504,000",2026/07/31
73,73,9256,(株)サクシード,東証GRT,"1,275",-74,-5.49,"415,600",2026/07/31
74,74,9766,コナミグループ(株),東証PRM,"20,640","-1,200",-5.49,"1,292,500",2026/07/31
75,75,409A,オリオンビール(株),東証PRM,"1,246",-72,-5.46,"200,700",2026/07/31
76,76,3231,野村不動産ホールディングス(株),東証PRM,920,-52.7,-5.42,"12,122,400",2026/07/31
77,77,2897,日清食品ホールディングス(株),東証PRM,"2,885.5",-162.5,-5.33,"2,002,600",2026/07/31
78,78,2433,(株)博報堂ＤＹホールディングス,東証PRM,"1,302.5",-73,-5.31,"1,019,700",2026/07/31
79,79,9610,ウィルソン・ラーニング　ワールドワイド(株),東証STD,107,-6,-5.31,"103,800",2026/07/31
80,80,7201,日産自動車(株),東証PRM,336.2,-18.8,-5.3,"57,187,100",2026/07/31
81,81,3539,(株)ＪＭホールディングス,東証PRM,"1,369",-76,-5.26,"392,200",2026/07/31
82,82,4751,(株)サイバーエージェント,東証PRM,"1,455.5",-80.5,-5.24,"5,850,300",2026/07/31
83,83,6701,ＮＥＣ,東証PRM,"4,740",-262,-5.24,"11,240,600",2026/07/31
84,84,3391,(株)ツルハホールディングス,東証PRM,"2,424",-131.5,-5.15,"1,735,500",2026/07/31
85,85,3091,(株)ブロンコビリー,東証PRM,"2,694",-144,-5.07,"177,200",2026/07/31
86,86,2593,(株)伊藤園,東証PRM,"2,984",-159,-5.06,"463,800",2026/07/31
87,87,581A,ＧＯ(株),東証GRT,"2,815",-149,-5.03,"2,881,900",2026/07/31
88,88,4687,ＴＤＣソフト(株),東証PRM,"1,062",-56,-5.01,"76,000",2026/07/31
89,89,296A,令和アカウンティング・ホールディングス(株),東証GRT,857,-45,-4.99,"87,000",2026/07/31
90,90,7649,スギホールディングス(株),東証PRM,"2,822.5",-147.5,-4.97,"964,700",2026/07/31
91,91,2282,日本ハム(株),東証PRM,"6,250",-326,-4.96,"880,800",2026/07/31
92,92,4552,ＪＣＲファーマ(株),東証PRM,479,-25,-4.96,"1,705,000",2026/07/31
93,93,150A,(株)ＪＳＨ,東証GRT,425,-22,-4.92,"508,900",2026/07/31
94,94,3863,日本製紙(株),東証PRM,"1,376",-70,-4.84,"985,800",2026/07/31
95,95,3407,旭化成(株),東証PRM,"1,722.5",-87.5,-4.83,"12,615,000",2026/07/31
96,96,2002,(株)日清製粉グループ本社,東証PRM,"2,012.5",-101,-4.78,"1,311,700",2026/07/31
97,97,3046,(株)ジンズホールディングス,東証PRM,"6,380",-320,-4.78,"454,300",2026/07/31
98,98,2502,アサヒグループホールディングス(株),東証PRM,"1,666.5",-82.5,-4.72,"9,547,000",2026/07/31
99,99,3148,(株)クリエイトＳＤホールディングス,東証PRM,"3,330",-165,-4.72,"125,200",2026/07/31
100,100,1690,WisdomTree WTI原油上場投信,東証ETF,"2,349.5",-116,-4.7,"1,380",2026/07/31
101,101,3197,(株)すかいらーくホールディングス,東証PRM,"3,141",-155,-4.7,"1,238,900",2026/07/31
102,102,6196,(株)ストライクグループ,東証PRM,"1,322",-65,-4.69,"1,273,200",2026/07/31
103,103,7616,(株)コロワイド,東証PRM,"2,057.5",-101,-4.68,"508,500",2026/07/31
104,104,2752,(株)フジオフードグループ本社,東証PRM,"1,133",-55,-4.63,"199,400",2026/07/31
105,105,8802,三菱地所(株),東証PRM,"3,893",-188,-4.61,"4,979,700",2026/07/31
106,106,2871,(株)ニチレイ,東証PRM,"2,203.5",-106,-4.59,"1,506,200",2026/07/31
107,107,7376,ＢＣＣ(株),東証GRT,"1,126",-54,-4.58,"43,000",2026/07/31
108,108,8938,グローム・ホールディングス(株),東証GRT,333,-16,-4.58,"8,200",2026/07/31
109,109,1699,(NEXT FUNDS)NOMURA原油インデックス上場,東証ETF,602.3,-28.7,-4.55,"278,500",2026/07/31
110,110,8798,(株)アドバンスクリエイト,東証PRM,126,-6,-4.55,"54,800",2026/07/31
111,111,1992,神田通信機(株),東証STD,"2,945",-140,-4.54,300,2026/07/31
112,112,4326,(株)インテージホールディングス,東証PRM,"1,915",-91,-4.54,"28,500",2026/07/31
113,113,8227,(株)しまむら,東証PRM,"3,350",-158,-4.5,"614,000",2026/07/31
114,114,2533,オエノンホールディングス(株),東証PRM,490,-23,-4.48,"276,200",2026/07/31
115,115,4684,(株)オービック,東証PRM,"4,525",-211,-4.46,"2,231,700",2026/07/31
116,116,5947,リンナイ(株),東証PRM,"3,580",-167,-4.46,"425,100",2026/07/31
117,117,9021,西日本旅客鉄道(株),東証PRM,"3,001",-140,-4.46,"2,479,800",2026/07/31
118,118,9022,東海旅客鉄道(株),東証PRM,"3,988",-186,-4.46,"4,408,300",2026/07/31
119,119,9684,(株)スクウェア・エニックス・ホールディングス,東証PRM,"2,764.5",-129,-4.46,"1,255,300",2026/07/31
120,120,9759,(株)ＮＳＤ,東証PRM,"2,832.5",-131,-4.42,"1,112,400",2026/07/31
121,121,3092,(株)ＺＯＺＯ,東証PRM,"1,143",-52.5,-4.39,"5,789,500",2026/07/31
122,122,9627,(株)アインホールディングス,東証PRM,"5,883",-269,-4.37,"215,900",2026/07/31
123,123,4507,塩野義製薬(株),東証PRM,"2,908.5",-132.5,-4.36,"3,058,800",2026/07/31
124,124,6659,(株)メディアリンクス,東証STD,44,-2,-4.35,"5,371,700",2026/07/31
125,125,8218,(株)コメリ,東証PRM,"3,860",-175,-4.34,"228,000",2026/07/31
126,126,2270,雪印メグミルク(株),東証PRM,"3,765",-170,-4.32,"211,500",2026/07/31
127,127,5936,東洋シヤッター(株),東証STD,890,-40,-4.3,"67,300",2026/07/31
128,128,8273,(株)イズミ,東証PRM,"1,001",-45,-4.3,"507,200",2026/07/31
129,129,3187,(株)ミラタップ,東証GRT,313,-14,-4.28,"78,600",2026/07/31
130,130,4840,(株)トライアイズ,東証STD,516,-23,-4.27,"83,400",2026/07/31
131,131,7921,(株)ＴＡＫＡＲＡ　＆　ＣＯＭＰＡＮＹ,東証PRM,"4,260",-190,-4.27,"60,100",2026/07/31
132,132,2124,ＪＡＣ　Ｒｅｃｒｕｉｔｍｅｎｔ,東証PRM,943,-42,-4.26,"704,300",2026/07/31
133,133,2674,(株)ハードオフコーポレーション,東証PRM,"2,901",-129,-4.26,"97,600",2026/07/31
134,134,2742,(株)ハローズ,東証PRM,"3,825",-170,-4.26,"33,500",2026/07/31
135,135,3798,ＵＬＳグループ(株),東証STD,562,-25,-4.26,"240,100",2026/07/31
136,136,9433,ＫＤＤＩ(株),東証PRM,"2,921",-130,-4.26,"13,640,200",2026/07/31
137,137,6869,シスメックス(株),東証PRM,"1,599",-71,-4.25,"2,330,300",2026/07/31
138,138,9757,(株)船井総研ホールディングス,東証PRM,"1,105",-49,-4.25,"768,400",2026/07/31
139,139,2915,ケンコーマヨネーズ(株),東証PRM,"2,041",-90,-4.22,"28,400",2026/07/31
140,140,9173,東海汽船(株),東証STD,"2,797",-123,-4.21,"17,600",2026/07/31
141,141,9746,(株)ＴＫＣ,東証PRM,"3,865",-170,-4.21,"116,600",2026/07/31
142,142,9887,(株)松屋フーズホールディングス,東証PRM,"5,010",-220,-4.21,"69,200",2026/07/31
143,143,2607,不二製油(株),東証PRM,"3,964",-174,-4.2,"239,500",2026/07/31
144,144,4922,(株)コーセーホールディングス,東証PRM,"5,685",-249,-4.2,"394,400",2026/07/31
145,145,2801,キッコーマン(株),東証PRM,"1,647.5",-72,-4.19,"4,126,900",2026/07/31
146,146,3050,ＤＣＭホールディングス(株),東証PRM,"1,536",-67,-4.18,"264,900",2026/07/31
147,147,4927,(株)ポーラ・オルビスホールディングス,東証PRM,"1,340.5",-58.5,-4.18,"756,500",2026/07/31
148,148,9142,九州旅客鉄道(株),東証PRM,"3,596",-157,-4.18,"1,011,800",2026/07/31
149,149,3930,(株)はてな,東証GRT,805,-35,-4.17,"146,700",2026/07/31
150,150,7532,(株)パン・パシフィック・インターナショナルホールディングス,東証PRM,902.2,-39.2,-4.16,"13,335,800",2026/07/31
151,151,3549,(株)クスリのアオキホールディングス,東証STD,"4,020",-174,-4.15,"269,600",2026/07/31
152,152,8267,イオン(株),東証PRM,"1,364",-59,-4.15,"13,302,500",2026/07/31
153,153,9432,ＮＴＴ(株),東証PRM,152.4,-6.6,-4.15,"366,355,600",2026/07/31
154,154,1456,iFreeETF 日経平均インバース・インデックス,東証ETF,"1,297",-56,-4.14,"264,566",2026/07/31
155,155,9603,(株)エイチ・アイ・エス,東証PRM,"1,023",-44,-4.12,"642,800",2026/07/31
156,156,9956,(株)バローホールディングス,東証PRM,"3,265",-140,-4.11,"289,000",2026/07/31
157,157,1571,(NEXT FUNDS)日経平均インバース上場投信,東証ETF,304,-13,-4.1,"3,813,824",2026/07/31
158,158,8056,ＢＩＰＲＯＧＹ(株),東証PRM,"4,868",-207,-4.08,"484,700",2026/07/31
159,159,4676,(株)フジ・メディア・ホールディングス,東証PRM,"3,981",-169,-4.07,"826,700",2026/07/31
160,160,421A,(株)ムービン・ストラテジック・キャリア,東証GRT,"3,430",-145,-4.06,"49,900",2026/07/31
161,161,4424,(株)Ａｍａｚｉａ,東証GRT,379,-16,-4.05,"2,434,000",2026/07/31
162,162,2269,明治ホールディングス(株),東証PRM,"3,789",-159,-4.03,"1,553,100",2026/07/31
163,163,3697,(株)ＳＨＩＦＴ,東証PRM,877.6,-36.9,-4.03,"8,423,200",2026/07/31
164,164,4523,エーザイ(株),東証PRM,"4,828",-203,-4.03,"2,497,600",2026/07/31
165,165,4733,(株)オービックビジネスコンサルタント,東証PRM,"8,003",-336,-4.03,"306,400",2026/07/31
166,166,7309,(株)シマノ,東証PRM,"20,125",-845,-4.03,"574,000",2026/07/31
167,167,9842,アークランズ(株),東証PRM,"1,914",-80,-4.01,"325,300",2026/07/31
168,168,3626,ＴＩＳＩ(株),東証PRM,"3,780",-157,-3.99,"1,748,600",2026/07/31
169,169,1580,日経平均ベア上場投信,東証ETF,809,-33.5,-3.98,"648,860",2026/07/31
170,170,4919,(株)ミルボン,東証PRM,"2,781",-115,-3.97,"149,700",2026/07/31
171,171,7459,(株)メディパルホールディングス,東証PRM,"2,883",-119,-3.96,"442,900",2026/07/31
172,172,2815,アリアケジャパン(株),東証PRM,"5,370",-220,-3.94,"123,100",2026/07/31
173,173,586A,(NEXT FUNDS) 日経エンタメ・コンテンツ株指数,東証ETF,234,-9.6,-3.94,"589,580",2026/07/31
174,174,2288,丸大食品(株),東証PRM,"2,297",-94,-3.93,"94,400",2026/07/31
175,175,8129,東邦ホールディングス(株),東証PRM,"4,014",-164,-3.93,"548,400",2026/07/31
176,176,3088,(株)マツキヨココカラ＆カンパニー,東証PRM,"2,534.5",-103.5,-3.92,"2,042,100",2026/07/31
177,177,3659,(株)ネクソン,東証PRM,"2,501",-102,-3.92,"3,375,600",2026/07/31
178,178,7818,(株)トランザクション,東証PRM,"1,200",-49,-3.92,"296,700",2026/07/31
179,179,9006,京浜急行電鉄(株),東証PRM,"1,557",-63.5,-3.92,"1,043,400",2026/07/31
180,180,7947,(株)エフピコ,東証PRM,"2,523",-102,-3.89,"355,600",2026/07/31
181,181,1878,大東建託(株),東証PRM,"3,369",-136,-3.88,"2,488,800",2026/07/31
182,182,3003,ヒューリック(株),東証PRM,"1,758.5",-71,-3.88,"4,368,100",2026/07/31
183,183,330A,(株)ＴａｌｅｎｔＸ,東証GRT,471,-19,-3.88,"19,200",2026/07/31
184,184,7971,東リ(株),東証STD,668,-27,-3.88,"330,500",2026/07/31
185,185,180A,GX 超長期米国債,東証ETF,288.4,-11.6,-3.87,"47,020",2026/07/31
186,186,6262,(株)ＰＥＧＡＳＵＳ,東証STD,522,-21,-3.87,"96,200",2026/07/31
187,187,3640,(株)電算,東証STD,"2,607",-104,-3.84,"25,500",2026/07/31
188,188,4527,ロート製薬(株),東証PRM,"2,388.5",-95,-3.83,"1,095,400",2026/07/31
189,189,2249,iFreeETF S&P500ダブルインバース,東証ETF,"9,883",-392,-3.82,"2,728",2026/07/31
190,190,6727,(株)ワコム,東証PRM,780,-31,-3.82,"1,890,100",2026/07/31
191,191,3921,(株)ネオジャパン,東証PRM,"1,640",-65,-3.81,"31,700",2026/07/31
192,192,7270,(株)ＳＵＢＡＲＵ,東証PRM,"2,715.5",-107.5,-3.81,"6,220,800",2026/07/31
193,193,9828,(株)Ｇｅｎｋｉ　Ｇｌｏｂａｌ　Ｄｉｎｉｎｇ　Ｃｏｎｃｅｐｔｓ,東証STD,"3,535",-140,-3.81,"122,100",2026/07/31
194,194,1466,iFreeETF JPX日経400ダブルインバース・インデックス,東証ETF,203,-8,-3.79,"2,531",2026/07/31
195,195,1621,(NEXT FUNDS)医薬品上場投信,東証ETF,"29,190","-1,150",-3.79,"1,438",2026/07/31
196,196,2109,ＤＭ三井製糖(株),東証PRM,"3,430",-135,-3.79,"47,300",2026/07/31
197,197,3038,(株)神戸物産,東証PRM,"2,751",-108.5,-3.79,"1,751,000",2026/07/31
198,198,4543,テルモ(株),東証PRM,"2,324",-91.5,-3.79,"5,158,600",2026/07/31
199,199,4665,(株)ダスキン,東証PRM,"4,447",-175,-3.79,"120,800",2026/07/31
200,200,7211,三菱自動車(株),東証PRM,368.1,-14.5,-3.79,"10,786,600",2026/07/31
201,201,7752,(株)リコー,東証PRM,"1,579.5",-62,-3.78,"4,210,800",2026/07/31
202,202,2201,森永製菓(株),東証PRM,"2,641",-103.5,-3.77,"389,100",2026/07/31
203,203,5440,共英製鋼(株),東証PRM,"1,942",-76,-3.77,"190,300",2026/07/31
204,204,9005,東急(株),東証PRM,"1,747",-68.5,-3.77,"3,035,800",2026/07/31
205,205,9020,東日本旅客鉄道(株),東証PRM,"3,676",-144,-3.77,"4,152,800",2026/07/31
206,206,205A,(株)ロゴスホールディングス,東証GRT,"1,817",-71,-3.76,"22,500",2026/07/31
207,207,9602,東宝(株),東証PRM,"1,522",-59.5,-3.76,"5,817,300",2026/07/31
208,208,2503,キリンホールディングス(株),東証PRM,"2,953",-115,-3.75,"4,380,800",2026/07/31
209,209,8153,(株)モスフードサービス,東証PRM,"3,855",-150,-3.75,"107,300",2026/07/31
210,210,2809,キユーピー(株),東証PRM,"4,553",-177,-3.74,"442,400",2026/07/31
211,211,2053,中部飼料(株),東証PRM,"1,891",-73,-3.72,"106,400",2026/07/31
212,212,4503,アステラス製薬(株),東証PRM,"2,202",-85,-3.72,"8,229,600",2026/07/31
213,213,9434,ソフトバンク(株),東証PRM,223.4,-8.6,-3.71,"101,869,500",2026/07/31
214,214,7438,コンドーテック(株),東証PRM,"1,534",-59,-3.7,"23,500",2026/07/31
215,215,4559,ゼリア新薬工業(株),東証PRM,"2,090",-80,-3.69,"85,700",2026/07/31
216,216,3180,(株)ビューティガレージ,東証PRM,"1,389",-53,-3.68,"27,700",2026/07/31
217,217,3635,(株)コーエーテクモホールディングス,東証PRM,"1,609.5",-61.5,-3.68,"1,848,000",2026/07/31
218,218,9843,(株)ニトリホールディングス,東証PRM,"2,538.5",-97,-3.68,"3,510,700",2026/07/31
219,219,9605,東映(株),東証PRM,"6,040",-230,-3.67,"90,600",2026/07/31
220,220,9987,(株)スズケン,東証PRM,"5,091",-194,-3.67,"168,900",2026/07/31
221,221,2602,日清オイリオグループ(株),東証PRM,"1,906",-72,-3.64,"269,400",2026/07/31
222,222,3397,(株)トリドールホールディングス,東証PRM,"4,345",-164,-3.64,"350,900",2026/07/31
223,223,6305,日立建機(株),東証PRM,"5,394",-204,-3.64,"3,270,300",2026/07/31
224,224,2437,Ｓｈｉｎｗａ　Ｗｉｓｅ　Ｈｏｌｄｉｎｇｓ(株),東証STD,664,-25,-3.63,"116,600",2026/07/31
225,225,4768,(株)大塚商会,東証PRM,"3,274",-123,-3.62,"1,895,400",2026/07/31
226,226,4250,(株)フロンティア,福岡Q,560,-21,-3.61,900,2026/07/31
227,227,7261,マツダ(株),東証PRM,"1,176.5",-44,-3.61,"7,844,800",2026/07/31
228,228,2001,(株)ニップン,東証PRM,"2,809",-105,-3.6,"245,700",2026/07/31
229,229,4151,協和キリン(株),東証PRM,"2,554.5",-95.5,-3.6,"1,226,500",2026/07/31
230,230,4318,(株)クイック,東証PRM,777,-29,-3.6,"183,200",2026/07/31
231,231,9331,(株)キャスター,東証GRT,724,-27,-3.6,"3,500",2026/07/31
232,232,3064,(株)ＭｏｎｏｔａＲＯ,東証PRM,"2,003",-74.5,-3.59,"3,134,400",2026/07/31
233,233,4502,武田薬品工業(株),東証PRM,"5,513",-205,-3.59,"7,218,600",2026/07/31
234,234,1572,中国H株ブル2倍上場投信,東証ETF,"7,380",-274,-3.58,"7,450",2026/07/31
235,235,2730,(株)エディオン,東証PRM,"2,422",-90,-3.58,"266,500",2026/07/31
236,236,3289,東急不動産ホールディングス(株),東証PRM,"1,336.5",-49.5,-3.57,"4,411,000",2026/07/31
237,237,7373,(株)アイドマ・ホールディングス,東証GRT,946,-35,-3.57,"207,000",2026/07/31
238,238,1848,(株)富士ピー・エス,東証STD,678,-25,-3.56,"52,200",2026/07/31
239,239,2531,宝ホールディングス(株),東証PRM,"2,089.5",-77,-3.55,"578,200",2026/07/31
240,240,8282,(株)ケーズホールディングス,東証PRM,"1,886.5",-69.5,-3.55,"798,500",2026/07/31
241,241,2810,ハウス食品グループ本社(株),東証PRM,"3,873",-142,-3.54,"275,300",2026/07/31
242,242,7412,(株)アトム,東証STD,381,-14,-3.54,"480,700",2026/07/31
243,243,516A,iFreeETF 米ドル・ブル(1倍),東証ETF,"2,055",-75,-3.52,272,2026/07/31
244,244,3190,(株)ホットマン,東証STD,577,-21,-3.51,"7,200",2026/07/31
245,245,7630,(株)壱番屋,東証PRM,934,-34,-3.51,"434,800",2026/07/31
246,246,3048,(株)ビックカメラ,東証PRM,"1,744",-63,-3.49,"657,000",2026/07/31
247,247,234A,GX MSCI キャッシュフローキング-日本株式,東証ETF,"1,472",-53,-3.48,"66,513",2026/07/31
248,248,9438,(株)エムティーアイ,東証PRM,611,-22,-3.48,"26,600",2026/07/31
249,249,9697,(株)カプコン,東証PRM,"3,964",-143,-3.48,"5,452,100",2026/07/31
250,250,9869,加藤産業(株),東証PRM,"6,370",-230,-3.48,"40,200",2026/07/31
251,251,6349,(株)小森コーポレーション,東証PRM,"1,865",-67,-3.47,"602,400",2026/07/31
252,252,2929,(株)ファーマフーズ,東証PRM,558,-20,-3.46,"218,900",2026/07/31
253,253,8979,スターツプロシード投資法人,東証,"184,800","-6,600",-3.45,588,2026/07/31
254,254,4452,花王(株),東証PRM,"3,268",-116,-3.43,"3,932,100",2026/07/31
255,255,7513,(株)コジマ,東証PRM,"1,379",-49,-3.43,"360,500",2026/07/31
256,256,9715,トランスコスモス(株),東証PRM,"3,800",-135,-3.43,"160,200",2026/07/31
257,257,2670,(株)エービーシー・マート,東証PRM,"2,723",-96.5,-3.42,"706,000",2026/07/31
258,258,1981,(株)協和日成,東証STD,"1,333",-47,-3.41,"14,700",2026/07/31
259,259,2044,NEXT NOTES S&P500 配当貴族(NR)ETN,東証ETF,"35,160","-1,240",-3.41,153,2026/07/31
260,260,3222,ユナイテッド・スーパーマーケット・ホールディングス(株),東証STD,822,-29,-3.41,"434,900",2026/07/31
261,261,451A,ステート・ストリート・スパイダー S&P500 高配当株ETF,東証ETF,302.8,-10.7,-3.41,"74,000",2026/07/31
262,262,4534,持田製薬(株),東証PRM,"3,120",-110,-3.41,"68,900",2026/07/31
263,263,4763,(株)クリーク・アンド・リバー社,東証PRM,"1,444",-51,-3.41,"78,900",2026/07/31
264,264,5888,ＤＡＩＷＡ　ＣＹＣＬＥ(株),東証GRT,"2,700",-95,-3.4,"7,800",2026/07/31
265,265,6988,日東電工(株),東証PRM,"3,325",-117,-3.4,"5,790,000",2026/07/31
266,266,9989,(株)サンドラッグ,東証PRM,"3,780",-133,-3.4,"642,200",2026/07/31
267,267,3463,いちごホテルリート投資法人,東証,"114,000","-4,000",-3.39,"1,176",2026/07/31
268,268,4849,エン(株),東証PRM,"1,283",-45,-3.39,"169,200",2026/07/31
269,269,4553,東和薬品(株),東証PRM,"4,005",-140,-3.38,"87,500",2026/07/31
270,270,9227,マイクロ波化学(株),東証GRT,857,-30,-3.38,"556,200",2026/07/31
271,271,6849,日本光電,東証PRM,"1,590.5",-55.5,-3.37,"737,200",2026/07/31
272,272,8174,日本瓦斯(株),東証PRM,"2,851",-99.5,-3.37,"435,500",2026/07/31
273,273,2236,GX S&P500配当貴族,東証ETF,"1,496",-52,-3.36,"77,436",2026/07/31
274,274,364A,(NEXT FUNDS) S&P500 配当貴族指数連動型上場投信,東証ETF,"2,531",-88,-3.36,"19,960",2026/07/31
275,275,2681,(株)ゲオホールディングス,東証PRM,"2,090",-72,-3.33,"218,300",2026/07/31
276,276,3087,(株)ドトール・日レスホールディングス,東証PRM,"3,195",-110,-3.33,"196,700",2026/07/31
277,277,3823,ＴＨＥ　ＷＨＹ　ＨＯＷ　ＤＯ　ＣＯＭＰＡＮＹ(株),東証STD,29,-1,-3.33,"128,100",2026/07/31
278,278,6025,日本ＰＣサービス(株),名証NXT,754,-26,-3.33,600,2026/07/31
279,279,9628,燦ホールディングス(株),東証PRM,"1,450",-50,-3.33,"34,800",2026/07/31
280,280,7446,東北化学薬品(株),東証STD,"4,805",-165,-3.32,800,2026/07/31
281,281,7272,ヤマハ発動機(株),東証PRM,"1,343",-46,-3.31,"6,636,900",2026/07/31
282,282,8071,東海エレクトロニクス(株),名証MN,"2,920",-100,-3.31,700,2026/07/31
283,283,7699,オムニ・プラス・システム,東証GRT外国,703,-24,-3.3,"4,300",2026/07/31
284,284,2501,サッポロビール(株),東証PRM,"2,011.5",-68.5,-3.29,"1,355,400",2026/07/31
285,285,4506,住友ファーマ(株),東証PRM,"1,248",-42.5,-3.29,"4,559,700",2026/07/31
286,286,7464,セフテック(株),東証STD,"1,533",-52,-3.28,"5,700",2026/07/31
287,287,9418,(株)Ｕ－ＮＥＸＴ　ＨＯＬＤＩＮＧＳ,東証PRM,"1,711",-58,-3.28,"559,000",2026/07/31
288,288,2266,六甲バター(株),東証PRM,"1,064",-36,-3.27,"76,500",2026/07/31
289,289,2337,いちご(株),東証PRM,414,-14,-3.27,"1,059,400",2026/07/31
290,290,2640,GX ゲーム＆アニメ-日本株式,東証ETF,"3,939",-133,-3.27,"28,825",2026/07/31
291,291,9882,(株)イエローハット,東証PRM,"1,809",-61,-3.26,"209,600",2026/07/31
292,292,3733,(株)ソフトウェア・サービス,東証STD,"11,020",-370,-3.25,"17,400",2026/07/31
293,293,9064,ヤマトホールディングス(株),東証PRM,"2,069.5",-69.5,-3.25,"1,771,300",2026/07/31
294,294,2157,(株)コシダカホールディングス,東証PRM,"1,046",-35,-3.24,"692,600",2026/07/31
295,295,2292,Ｓ　ＦＯＯＤＳ(株),東証PRM,"2,749",-92,-3.24,"177,600",2026/07/31
296,296,9409,(株)テレビ朝日ホールディングス,東証PRM,"3,135",-105,-3.24,"204,800",2026/07/31
297,297,2181,パーソルホールディングス(株),東証PRM,263.8,-8.8,-3.23,"10,367,900",2026/07/31
298,298,4883,(株)モダリス,東証GRT,30,-1,-3.23,"300,800",2026/07/31
299,299,2585,(株)ライフドリンクカンパニー,東証PRM,"1,446",-48,-3.21,"624,400",2026/07/31
300,300,6334,明治機械(株),東証STD,482,-16,-3.21,"2,000",2026/07/31
301,301,7222,日産車体(株),東証STD,968,-32,-3.2,"66,800",2026/07/31
302,302,8278,(株)フジ,東証PRM,"2,029",-67,-3.2,"149,700",2026/07/31
303,303,1925,大和ハウス工業(株),東証PRM,"4,678",-154,-3.19,"3,177,200",2026/07/31
304,304,4194,ビジョナル(株),東証PRM,"8,713",-287,-3.19,"175,800",2026/07/31
305,305,4681,リゾートトラスト(株),東証PRM,"1,789.5",-59,-3.19,"600,800",2026/07/31
306,306,6417,(株)ＳＡＮＫＹＯ,東証PRM,"1,854",-61,-3.19,"1,267,600",2026/07/31
307,307,8964,三井不動産商業ファンド投資法人,東証,"82,000","-2,700",-3.19,"8,320",2026/07/31
308,308,2121,(株)ＭＩＸＩ,東証PRM,"2,896",-95,-3.18,"293,200",2026/07/31
309,309,2206,江崎グリコ(株),東証PRM,"5,054",-166,-3.18,"303,700",2026/07/31
310,310,6380,オリエンタルチエン工業(株),東証STD,"3,655",-120,-3.18,"21,500",2026/07/31
311,311,7458,(株)第一興商,東証PRM,"1,810.5",-59.5,-3.18,"478,200",2026/07/31
312,312,8801,三井不動産(株),東証PRM,"1,560",-51,-3.17,"10,723,900",2026/07/31
313,313,9533,東邦ガス(株),東証PRM,"1,161.5",-38,-3.17,"1,396,200",2026/07/31
314,314,465A,GX 日経平均株主還元40-日本株式,東証ETF,"1,288",-42,-3.16,"24,036",2026/07/31
315,315,2353,日本駐車場開発(株),東証PRM,246,-8,-3.15,"3,520,700",2026/07/31
316,316,3034,クオールホールディングス(株),東証PRM,"2,094",-68,-3.15,"163,500",2026/07/31
317,317,1333,Ｕｍｉｏｓ(株),東証PRM,"1,311",-42.5,-3.14,"600,900",2026/07/31
318,318,1633,(NEXT FUNDS)不動産上場投信,東証ETF,"50,860","-1,650",-3.14,274,2026/07/31
319,319,2253,GX スーパーディビィデンド-US,東証ETF,"1,356",-44,-3.14,"24,253",2026/07/31
320,320,3281,ＧＬＰ投資法人,東証,"145,000","-4,700",-3.14,"18,088",2026/07/31
321,321,7269,スズキ(株),東証PRM,"2,086",-67.5,-3.13,"8,776,300",2026/07/31
322,322,9041,近鉄グループホールディングス(株),東証PRM,"3,464",-112,-3.13,"719,700",2026/07/31
323,323,9704,(株)アゴーラホスピタリティーグループ,東証STD,31,-1,-3.13,"65,800",2026/07/31
324,324,4718,(株)早稲田アカデミー,東証PRM,"2,488",-80,-3.12,"24,200",2026/07/31
325,325,1695,WisdomTree 小麦上場投信,東証ETF,"3,401",-109,-3.11,"9,283",2026/07/31
326,326,3563,(株)ＦＯＯＤ　＆　ＬＩＦＥ　ＣＯＭＰＡＮＩＥＳ,東証PRM,"5,559",-178,-3.1,"2,360,000",2026/07/31
327,327,7130,ヤマエグループホールディングス(株),東証PRM,"2,814",-90,-3.1,"100,500",2026/07/31
328,328,7611,(株)ハイデイ日高,東証PRM,"2,880",-92,-3.1,"225,800",2026/07/31
329,329,3167,(株)ＴＯＫＡＩホールディングス,東証PRM,"1,162",-37,-3.09,"300,500",2026/07/31
330,330,8804,東京建物(株),東証PRM,"3,387",-108,-3.09,"1,091,900",2026/07/31
331,331,7803,(株)ブシロード,東証GRT,377,-12,-3.08,"924,900",2026/07/31
332,332,9948,(株)アークス,東証PRM,"3,615",-115,-3.08,"72,800",2026/07/31
333,333,4574,大幸薬品(株),東証PRM,253,-8,-3.07,"159,700",2026/07/31
334,334,2013,iシェアーズ 米国高配当株 ETF,東証ETF,310.8,-9.8,-3.06,"756,080",2026/07/31
335,335,2296,伊藤ハム米久ホールディングス(株),東証PRM,"4,905",-155,-3.06,"181,200",2026/07/31
336,336,3028,(株)アルペン,東証PRM,"2,216",-70,-3.06,"106,000",2026/07/31
337,337,8179,ロイヤルホールディングス(株),東証PRM,"1,330",-42,-3.06,"400,700",2026/07/31
338,338,2117,ウェルネオシュガー(株),東証PRM,"2,765",-87,-3.05,"34,200",2026/07/31
339,339,5906,エムケー精工(株),東証STD,732,-23,-3.05,"41,900",2026/07/31
340,340,2733,(株)あらた,東証PRM,"2,611",-82,-3.04,"103,500",2026/07/31
341,341,3765,ガンホー・オンライン・エンターテイメント(株),東証PRM,"2,422",-76,-3.04,"255,700",2026/07/31
342,342,4743,(株)アイティフォー,東証PRM,"1,722",-54,-3.04,"82,700",2026/07/31
343,343,7864,(株)フジシールインターナショナル,東証PRM,"3,025",-95,-3.04,"208,800",2026/07/31
344,344,7679,(株)薬王堂ホールディングス,東証PRM,"1,727",-54,-3.03,"55,600",2026/07/31
345,345,9601,松竹(株),東証PRM,"11,530",-360,-3.03,"55,000",2026/07/31
346,346,4540,(株)ツムラ,東証PRM,"3,817",-119,-3.02,"550,100",2026/07/31
347,347,4716,日本オラクル(株),東証STD,"8,882",-277,-3.02,"461,700",2026/07/31
348,348,7987,ナカバヤシ(株),東証STD,579,-18,-3.02,"113,100",2026/07/31
349,349,2685,(株)アンドエスティＨＤ,東証PRM,"3,380",-105,-3.01,"231,300",2026/07/31
350,350,5930,文化シヤッター(株),東証PRM,"1,904",-59,-3.01,"128,600",2026/07/31
351,351,7516,コーナン商事(株),東証PRM,"4,195",-130,-3.01,"90,000",2026/07/31
352,352,9658,(株)ビジネスブレイン太田昭和,東証PRM,"1,035",-32,-3.0,"72,700",2026/07/31
353,353,1478,iシェアーズ MSCI ジャパン高配当利回り ETF,東証ETF,"5,326",-164,-2.99,"88,678",2026/07/31
354,354,3395,(株)サンマルクホールディングス,東証PRM,"2,565",-79,-2.99,"98,400",2026/07/31
355,355,4528,小野薬品工業(株),東証PRM,"2,384",-73.5,-2.99,"3,274,400",2026/07/31
356,356,8276,(株)平和堂,東証PRM,"2,663",-82,-2.99,"145,000",2026/07/31
357,357,9468,(株)ＫＡＤＯＫＡＷＡ,東証PRM,"3,473",-107,-2.99,"663,000",2026/07/31
358,358,417A,(株)ブルーゾーンホールディングス,東証PRM,"1,788.5",-55,-2.98,"310,600",2026/07/31
359,359,4480,(株)メドレー,東証PRM,"2,049",-63,-2.98,"173,000",2026/07/31
360,360,4819,(株)デジタルガレージ,東証PRM,"2,410",-74,-2.98,"414,400",2026/07/31
361,361,9143,ＳＧホールディングス(株),東証PRM,"1,581.5",-48.5,-2.98,"1,504,000",2026/07/31
362,362,4547,キッセイ薬品工業(株),東証PRM,"4,085",-125,-2.97,"94,100",2026/07/31
363,363,8160,(株)木曽路,東証PRM,"2,460",-75,-2.96,"108,500",2026/07/31
364,364,4521,科研製薬(株),東証PRM,"3,795",-115,-2.94,"485,000",2026/07/31
365,365,3480,(株)ジェイ・エス・ビー,東証PRM,"8,960",-270,-2.93,"67,300",2026/07/31
366,366,4044,セントラル硝子(株),東証PRM,"3,980",-120,-2.93,"273,500",2026/07/31
367,367,7554,(株)幸楽苑,東証PRM,"1,126",-34,-2.93,"53,300",2026/07/31
368,368,9404,日本テレビホールディングス(株),東証PRM,"2,916",-88,-2.93,"574,900",2026/07/31
369,369,195A,(株)ＭＵＳＣＡＴ　ＧＲＯＵＰ,東証GRT,699,-21,-2.92,"23,600",2026/07/31
370,370,5011,ニチレキグループ(株),東証PRM,"2,204",-66,-2.91,"51,700",2026/07/31
371,371,6778,(株)アルチザネットワークス,東証STD,601,-18,-2.91,"45,000",2026/07/31
372,372,2331,ＡＬＳＯＫ(株),東証PRM,"1,173",-35,-2.9,"1,643,200",2026/07/31
373,373,9048,名古屋鉄道(株),東証PRM,"1,895",-56.5,-2.9,"1,469,100",2026/07/31
374,374,9401,(株)ＴＢＳホールディングス,東証PRM,"6,034",-180,-2.9,"485,600",2026/07/31
375,375,2267,(株)ヤクルト本社,東証PRM,"2,819",-84,-2.89,"4,328,100",2026/07/31
376,376,3249,産業ファンド投資法人,東証,"141,300","-4,200",-2.89,"9,368",2026/07/31
377,377,3283,日本プロロジスリート投資法人,東証,"90,600","-2,700",-2.89,"18,412",2026/07/31
378,378,3199,綿半ホールディングス(株),東証PRM,"1,315",-39,-2.88,"59,600",2026/07/31
379,379,4923,コタ(株),東証PRM,"1,216",-36,-2.88,"43,300",2026/07/31
380,380,3387,(株)クリエイト・レストランツ・ホールディングス,東証PRM,779,-23,-2.87,"1,481,400",2026/07/31
381,381,7255,(株)桜井製作所,東証STD,542,-16,-2.87,900,2026/07/31
382,382,7475,アルビス(株),東証PRM,"2,544",-75,-2.86,"15,600",2026/07/31
383,383,9692,(株)シーイーシー,東証PRM,"2,239",-66,-2.86,"91,000",2026/07/31
384,384,2784,アルフレッサ　ホールディングス(株),東証PRM,"2,319.5",-67.5,-2.83,"740,500",2026/07/31
385,385,6098,(株)リクルートホールディングス,東証PRM,"12,550",-365,-2.83,"5,277,600",2026/07/31
386,386,9023,東京地下鉄(株),東証PRM,"1,457.5",-42.5,-2.83,"3,024,600",2026/07/31
387,387,9045,京阪ホールディングス(株),東証PRM,"3,264",-95,-2.83,"553,800",2026/07/31
388,388,3309,積水ハウス・リート投資法人,東証,"75,800","-2,200",-2.82,"15,897",2026/07/31
389,389,4671,(株)ファルコホールディングス,東証STD,"2,651",-77,-2.82,"13,600",2026/07/31
390,390,9742,(株)アイネス,東証PRM,"2,135",-62,-2.82,"56,500",2026/07/31
391,391,9007,小田急電鉄(株),東証PRM,"1,765.5",-51,-2.81,"2,068,000",2026/07/31
392,392,9310,日本トランスシティ(株),東証PRM,"1,350",-39,-2.81,"179,100",2026/07/31
393,393,9739,ＮＳＷ(株),東証PRM,"2,498",-72,-2.8,"32,300",2026/07/31
394,394,1379,ホクト(株),東証PRM,"1,952",-56,-2.79,"68,400",2026/07/31
395,395,3471,三井不動産ロジスティクスパーク投資法人,東証,"108,100","-3,100",-2.79,"8,136",2026/07/31
396,396,8864,空港施設(株),東証STD,941,-27,-2.79,"217,100",2026/07/31
397,397,2018,GX US REIT・トップ20,東証ETF,"1,331",-38,-2.78,291,2026/07/31
398,398,8086,ニプロ(株),東証PRM,"1,625",-46.5,-2.78,"635,600",2026/07/31
399,399,8200,(株)リンガーハット,東証PRM,"2,341",-67,-2.78,"108,500",2026/07/31
400,400,1630,(NEXT FUNDS)小売上場投信,東証ETF,"38,250","-1,090",-2.77,731,2026/07/31
401,401,3608,(株)ＴＳＩホールディングス,東証PRM,"1,230",-35,-2.77,"290,400",2026/07/31
402,402,4887,サワイグループホールディングス(株),東証PRM,"1,650.5",-47,-2.77,"572,900",2026/07/31
403,403,7345,(株)アイ・パートナーズフィナンシャル,東証GRT,947,-27,-2.77,"4,200",2026/07/31
404,404,7751,キヤノン(株),東証PRM,"4,428",-126,-2.77,"8,765,400",2026/07/31
405,405,1928,積水ハウス(株),東証PRM,"3,488",-99,-2.76,"4,541,900",2026/07/31
406,406,3696,(株)セレス,東証PRM,"2,113",-60,-2.76,"433,800",2026/07/31
407,407,7512,イオン北海道(株),東証STD,846,-24,-2.76,"179,200",2026/07/31
408,408,8022,ミズノ(株),東証PRM,"3,695",-105,-2.76,"135,700",2026/07/31
409,409,1375,ユキグニファクトリー(株),東証PRM,"1,166",-33,-2.75,"46,500",2026/07/31
410,410,1659,iシェアーズ 米国リート ETF,東証ETF,"4,083",-115,-2.74,"13,311",2026/07/31
411,411,2325,(株)ＮＪＳ,東証PRM,"4,440",-125,-2.74,"24,200",2026/07/31
412,412,4290,(株)プレステージ・インターナショナル,東証PRM,710,-20,-2.74,"596,200",2026/07/31
413,413,4301,(株)アミューズ,東証PRM,"1,952",-55,-2.74,"16,600",2026/07/31
414,414,7832,(株)バンダイナムコホールディングス,東証PRM,"4,609",-130,-2.74,"3,081,300",2026/07/31
415,415,7157,ライフネット生命保険(株),東証PRM,"1,675",-47,-2.73,"189,100",2026/07/31
416,416,2032,NEXT NOTES 香港ハンセン･ベアETN,東証ETF,"5,980",-167,-2.72,400,2026/07/31
417,417,4516,日本新薬(株),東証PRM,"3,400",-95,-2.72,"1,789,800",2026/07/31
418,418,1377,(株)サカタのタネ,東証PRM,"4,315",-120,-2.71,"125,700",2026/07/31
419,419,4536,参天製薬(株),東証PRM,"1,884",-52.5,-2.71,"1,465,900",2026/07/31
420,420,5032,ＡＮＹＣＯＬＯＲ(株),東証PRM,"2,618",-73,-2.71,"668,900",2026/07/31
421,421,7867,(株)タカラトミー,東証PRM,"3,627",-101,-2.71,"611,100",2026/07/31
422,422,8830,住友不動産(株),東証PRM,"3,603",-100,-2.7,"2,980,500",2026/07/31
423,423,1622,(NEXT FUNDS)自動車･輸送機上場投信,東証ETF,"34,910",-960,-2.68,"1,615",2026/07/31
424,424,3462,野村不動産マスターファンド投資法人,東証,"152,700","-4,200",-2.68,"10,597",2026/07/31
425,425,4199,ワンダープラネット(株),東証GRT,799,-22,-2.68,"39,800",2026/07/31
426,426,7979,(株)松風,東証PRM,"2,109",-58,-2.68,"84,000",2026/07/31
427,427,3282,コンフォリア・レジデンシャル投資法人,東証,"102,100","-2,800",-2.67,"8,858",2026/07/31
428,428,4373,シンプレクス・ホールディングス(株),東証PRM,"1,131",-31,-2.67,"1,555,800",2026/07/31
429,429,6750,エレコム(株),東証PRM,"1,861",-51,-2.67,"275,600",2026/07/31
430,430,9896,ＪＫホールディングス(株),東証STD,"1,385",-38,-2.67,"21,800",2026/07/31
431,431,7267,ホンダ,東証PRM,"1,625.5",-44.5,-2.66,"23,442,500",2026/07/31
432,432,9729,(株)トーカイ,東証PRM,"2,450",-67,-2.66,"26,500",2026/07/31
433,433,3673,(株)ブロードリーフ,東証PRM,440,-12,-2.65,"633,600",2026/07/31
434,434,428A,サイプレス・ホールディングス(株),東証STD,"1,360",-37,-2.65,"16,900",2026/07/31
435,435,5909,(株)コロナ,東証STD,993,-27,-2.65,"16,000",2026/07/31
436,436,2664,(株)カワチ薬品,東証PRM,"3,325",-90,-2.64,"82,400",2026/07/31
437,437,6419,(株)マースグループホールディングス,東証PRM,"3,140",-85,-2.64,"162,400",2026/07/31
438,438,7030,(株)スプリックス,東証STD,"1,105",-30,-2.64,"5,600",2026/07/31
439,439,7085,(株)カーブスホールディングス,東証PRM,960,-26,-2.64,"721,200",2026/07/31
440,440,7545,(株)西松屋チェーン,東証PRM,"1,991",-54,-2.64,"355,900",2026/07/31
441,441,7552,(株)ハピネット,東証PRM,"3,315",-90,-2.64,"210,200",2026/07/31
442,442,8572,アコム(株),東証STD,476.7,-12.9,-2.63,"1,833,000",2026/07/31
443,443,9974,(株)ベルク,東証PRM,"6,660",-180,-2.63,"36,500",2026/07/31
444,444,9008,京王電鉄(株),東証PRM,809.8,-21.8,-2.62,"2,558,100",2026/07/31
445,445,9735,セコム(株),東証PRM,"6,882",-185,-2.62,"1,442,400",2026/07/31
446,446,2726,(株)パルグループホールディングス,東証PRM,"1,495",-40,-2.61,"1,126,000",2026/07/31
447,447,6088,(株)シグマクシス・ホールディングス,東証PRM,597,-16,-2.61,"524,300",2026/07/31
448,448,9699,ニシオホールディングス(株),東証PRM,"4,295",-115,-2.61,"79,600",2026/07/31
449,449,3295,ヒューリックリート投資法人,東証,"157,500","-4,200",-2.6,"3,661",2026/07/31
450,450,6824,新コスモス電機(株),東証STD,"4,680",-125,-2.6,"28,100",2026/07/31
451,451,8214,(株)ＡＯＫＩホールディングス,東証PRM,"1,722",-46,-2.6,"201,000",2026/07/31
452,452,8984,大和ハウスリート投資法人,東証,"123,500","-3,300",-2.6,"9,524",2026/07/31
453,453,1332,(株)ニッスイ,東証PRM,"1,262",-33.5,-2.59,"2,197,600",2026/07/31
454,454,6532,(株)ベイカレント,東証PRM,"7,139",-190,-2.59,"1,926,600",2026/07/31
455,455,4886,あすか製薬ホールディングス(株),東証PRM,"2,151",-57,-2.58,"131,700",2026/07/31
456,456,1376,カネコ種苗(株),東証STD,"1,518",-40,-2.57,"12,000",2026/07/31
457,457,1888,若築建設(株),東証PRM,"3,600",-95,-2.57,"29,200",2026/07/31
458,458,4985,アース製薬(株),東証PRM,"4,730",-125,-2.57,"64,400",2026/07/31
459,459,3543,(株)コメダホールディングス,東証PRM,"2,890",-76,-2.56,"261,800",2026/07/31
460,460,4680,(株)ラウンドワン,東証PRM,"1,216",-32,-2.56,"2,837,600",2026/07/31
461,461,4967,小林製薬(株),東証PRM,"5,588",-147,-2.56,"232,500",2026/07/31
462,462,5867,(株)エスネットワークス,東証GRT,"1,178",-31,-2.56,400,2026/07/31
463,463,8968,福岡リート投資法人,東証,"178,900","-4,700",-2.56,"2,578",2026/07/31
464,464,1356,TOPIXベア2倍上場投信,東証ETF,110.7,-2.9,-2.55,"6,473,230",2026/07/31
465,465,328A,GX プライシングパワー・リーダーズ-日本株式,東証ETF,"1,336",-35,-2.55,"34,055",2026/07/31
466,466,4931,新日本製薬(株),東証PRM,"2,022",-53,-2.55,"27,400",2026/07/31
467,467,5411,ＪＦＥホールディングス(株),東証PRM,"1,817.5",-47.5,-2.55,"7,846,100",2026/07/31
468,468,543A,ＡＲＣＨＩＯＮ(株),東証PRM,267,-7,-2.55,"31,701,800",2026/07/31
469,469,7804,(株)ビーアンドピー,東証STD,"2,258",-59,-2.55,"2,100",2026/07/31
470,470,7906,ヨネックス(株),東証STD,"2,603",-68,-2.55,"457,800",2026/07/31
471,471,8018,三共生興(株),東証STD,804,-21,-2.55,"50,900",2026/07/31
472,472,9039,(株)サカイ引越センター,東証PRM,"2,977",-78,-2.55,"78,600",2026/07/31
473,473,2659,(株)サンエー,東証PRM,"3,255",-85,-2.54,"155,500",2026/07/31
474,474,8410,(株)セブン銀行,東証PRM,318.6,-8.3,-2.54,"10,546,800",2026/07/31
475,475,9305,(株)ヤマタネ,東証PRM,"2,109",-55,-2.54,"55,000",2026/07/31
476,476,1911,住友林業(株),東証PRM,"1,347.5",-35,-2.53,"5,118,900",2026/07/31
477,477,4689,ＬＩＮＥヤフー(株),東証PRM,446.8,-11.6,-2.53,"25,549,200",2026/07/31
478,478,5029,サークレイス(株),東証GRT,809,-21,-2.53,"10,700",2026/07/31
479,479,8198,マックスバリュ東海(株),東証STD,"3,275",-85,-2.53,"20,800",2026/07/31
480,480,8244,(株)近鉄百貨店,東証STD,"1,850",-48,-2.53,"36,800",2026/07/31
481,481,2613,(株)Ｊ－オイルミルズ,東証PRM,"2,086",-54,-2.52,"68,200",2026/07/31
482,482,3399,(株)丸千代山岡家,東証STD,"3,480",-90,-2.52,"126,100",2026/07/31
483,483,4204,積水化学工業(株),東証PRM,"2,665",-69,-2.52,"1,931,800",2026/07/31
484,484,9081,神奈川中央交通(株),東証PRM,"3,870",-100,-2.52,"15,100",2026/07/31
485,485,2281,プリマハム(株),東証PRM,"2,482",-64,-2.51,"134,400",2026/07/31
486,486,3093,(株)トレジャー・ファクトリー,東証PRM,"2,095",-54,-2.51,"81,600",2026/07/31
487,487,4060,ｒａｋｕｍｏ(株),東証GRT,"1,089",-28,-2.51,"3,700",2026/07/31
488,488,8111,(株)ゴールドウイン,東証PRM,"2,291.5",-59,-2.51,"362,800",2026/07/31
489,489,2639,GX バイオ＆メドテック-日本株式,東証ETF,"1,675",-43,-2.5,"1,164",2026/07/31
490,490,3245,(株)ディア・ライフ,東証PRM,"1,091",-28,-2.5,"284,100",2026/07/31
491,491,8167,(株)リテールパートナーズ,東証PRM,"1,371",-35,-2.49,"99,600",2026/07/31
492,492,8955,日本プライムリアルティ投資法人,東証,"98,100","-2,500",-2.49,"8,273",2026/07/31
493,493,1469,JPX日経400ベア2倍上場投信ダブルインバース,東証ETF,192.4,-4.9,-2.48,"21,600",2026/07/31
494,494,3292,イオンリート投資法人,東証,"121,900","-3,100",-2.48,"7,377",2026/07/31
495,495,3946,(株)トーモク,東証PRM,"4,515",-115,-2.48,"247,600",2026/07/31
496,496,7581,(株)サイゼリヤ,東証PRM,"7,880",-200,-2.48,"718,500",2026/07/31
497,497,8699,ＨＳホールディングス(株),東証STD,"1,142",-29,-2.48,"119,000",2026/07/31
498,498,9336,大栄環境(株),東証PRM,"3,740",-95,-2.48,"238,500",2026/07/31
499,499,1472,(NEXT FUNDS)JPX日経400ダブルインバース,東証ETF,79,-2,-2.47,"4,353",2026/07/31
500,500,8967,日本ロジスティクスファンド投資法人,東証,"98,900","-2,500",-2.47,"8,827",2026/07/31
501,501,3182,オイシックス(株),東証PRM,"1,629",-41,-2.46,"105,400",2026/07/31
502,502,3836,(株)アバントグループ,東証PRM,"1,271",-32,-2.46,"85,300",2026/07/31
503,503,4912,ライオン(株),東証PRM,"1,708",-43,-2.46,"948,300",2026/07/31
504,504,3865,北越コーポレーション(株),東証PRM,917,-23,-2.45,"252,800",2026/07/31
505,505,4666,パーク２４(株),東証PRM,"1,975",-49.5,-2.45,"1,339,200",2026/07/31
506,506,8848,(株)レオパレス２１,東証PRM,677,-17,-2.45,"1,311,000",2026/07/31
507,507,8958,グローバル・ワン不動産投資法人,東証,"112,000","-2,800",-2.44,"3,481",2026/07/31
508,508,9319,(株)中央倉庫,東証PRM,"1,800",-45,-2.44,"23,100",2026/07/31
509,509,3612,(株)ワールド,東証PRM,"1,605",-40,-2.43,"327,900",2026/07/31
510,510,3997,(株)トレードワークス,東証STD,401,-10,-2.43,"327,900",2026/07/31
511,511,8079,正栄食品工業(株),東証PRM,"4,415",-110,-2.43,"38,200",2026/07/31
512,512,4880,セルソース(株),東証STD,322,-8,-2.42,"50,700",2026/07/31
513,513,9959,アシードホールディングス(株),東証STD,"1,006",-25,-2.42,"2,500",2026/07/31
514,514,1368,iFreeETF TOPIXダブルインバース(-2倍)指数,東証ETF,162,-4,-2.41,"94,702",2026/07/31
515,515,272A,(株)グリーンクロスホールディングス,福証,"1,378",-34,-2.41,"1,100",2026/07/31
516,516,6191,(株)エアトリ,東証PRM,891,-22,-2.41,"224,800",2026/07/31
517,517,8871,(株)ゴールドクレスト,東証STD,"3,245",-80,-2.41,"96,600",2026/07/31
518,518,8920,(株)東祥,東証STD,768,-19,-2.41,"54,700",2026/07/31
519,519,9928,(株)ミロク情報サービス,東証PRM,"1,823",-45,-2.41,"31,200",2026/07/31
520,520,2193,クックパッド(株),東証STD,122,-3,-2.4,"355,100",2026/07/31
521,521,3234,森ヒルズリート投資法人,東証,"130,100","-3,200",-2.4,"5,030",2026/07/31
522,522,4370,モビルス(株),東証GRT,326,-8,-2.4,"8,800",2026/07/31
523,523,5233,太平洋セメント(株),東証PRM,"4,074",-100,-2.4,"775,700",2026/07/31
524,524,8803,平和不動産(株),東証PRM,"2,355",-58,-2.4,"292,000",2026/07/31
525,525,4020,ビートレンド(株),東証GRT,694,-17,-2.39,400,2026/07/31
526,526,8043,スターゼン(株),東証PRM,"1,347",-33,-2.39,"178,600",2026/07/31
527,527,8398,(株)筑邦銀行,福証,"2,045",-50,-2.39,"3,900",2026/07/31
528,528,8951,日本ビルファンド投資法人,東証,"134,700","-3,300",-2.39,"32,730",2026/07/31
529,529,9270,バリュエンスホールディングス(株),東証GRT,"1,840",-45,-2.39,"72,100",2026/07/31
530,530,1736,(株)オーテック,東証STD,"2,382",-58,-2.38,"2,900",2026/07/31
531,531,2209,井村屋グループ(株),東証PRM,"2,378",-58,-2.38,"24,500",2026/07/31
532,532,6977,(株)日本抵抗器製作所,東証STD,"1,517",-37,-2.38,"12,600",2026/07/31
533,533,7988,(株)ニフコ,東証PRM,"5,209",-127,-2.38,"508,100",2026/07/31
534,534,8113,ユニ・チャーム(株),東証PRM,"1,006.5",-24.5,-2.38,"8,591,200",2026/07/31
535,535,9831,(株)ヤマダホールディングス,東証PRM,713.1,-17.4,-2.38,"5,543,600",2026/07/31
536,536,4719,(株)アルファシステムズ,東証PRM,"3,300",-80,-2.37,"12,900",2026/07/31
537,537,8860,フジ住宅(株),東証PRM,741,-18,-2.37,"118,700",2026/07/31
538,538,2031,NEXT NOTES 香港ハンセン･ダブル･ブルETN,東証ETF,"8,306",-201,-2.36,"1,228",2026/07/31
539,539,3662,(株)エイチームホールディングス,東証PRM,910,-22,-2.36,"465,300",2026/07/31
540,540,1780,(株)ヤマウラ,東証PRM,"1,498",-36,-2.35,"41,900",2026/07/31
541,541,8132,シナネンホールディングス(株),東証PRM,"6,640",-160,-2.35,"4,900",2026/07/31
542,542,8252,(株)丸井グループ,東証PRM,"2,967.5",-71.5,-2.35,"1,746,600",2026/07/31
543,543,3451,トーセイ・リート投資法人,東証,"133,400","-3,200",-2.34,905,2026/07/31
544,544,3762,テクマトリックス(株),東証PRM,"2,042",-49,-2.34,"343,700",2026/07/31
545,545,4113,田岡化学工業(株),東証STD,751,-18,-2.34,"91,100",2026/07/31
546,546,7202,いすゞ自動車(株),東証PRM,"2,402.5",-57.5,-2.34,"3,265,000",2026/07/31
547,547,4205,日本ゼオン(株),東証PRM,"2,261",-54,-2.33,"2,301,400",2026/07/31
548,548,4679,(株)田谷,東証STD,252,-6,-2.33,"8,600",2026/07/31
549,549,3561,(株)力の源ホールディングス,東証PRM,"1,645",-39,-2.32,"58,400",2026/07/31
550,550,3649,(株)ファインデックス,東証PRM,843,-20,-2.32,"80,500",2026/07/31
551,551,4694,(株)ビー・エム・エル,東証PRM,"3,585",-85,-2.32,"100,400",2026/07/31
552,552,4828,ビジネスエンジニアリング(株),東証PRM,"1,223",-29,-2.32,"81,300",2026/07/31
553,553,8952,ジャパンリアルエステイト投資法人,東証,"122,100","-2,900",-2.32,"21,424",2026/07/31
554,554,9769,(株)学究社,東証PRM,"2,693",-64,-2.32,"18,100",2026/07/31
555,555,3139,(株)ラクト・ジャパン,東証PRM,"3,380",-80,-2.31,"56,600",2026/07/31
556,556,7965,象印マホービン(株),東証PRM,"1,440",-34,-2.31,"206,900",2026/07/31
557,557,8101,(株)ＧＳＩクレオス,東証PRM,"2,660",-63,-2.31,"36,100",2026/07/31
558,558,8987,ジャパンエクセレント投資法人,東証,"144,100","-3,400",-2.31,"3,178",2026/07/31
559,559,2819,エバラ食品工業(株),東証STD,"2,465",-58,-2.3,"13,200",2026/07/31
560,560,5943,(株)ノーリツ,東証PRM,"2,375",-56,-2.3,"98,000",2026/07/31
561,561,8242,エイチ・ツー・オー　リテイリング(株),東証PRM,"2,863.5",-67.5,-2.3,"522,900",2026/07/31
562,562,8961,森トラストリート投資法人,東証,"76,300","-1,800",-2.3,"7,652",2026/07/31
563,563,3682,エンカレッジ・テクノロジ(株),東証STD,598,-14,-2.29,"7,300",2026/07/31
564,564,6183,(株)ベルシステム２４ホールディングス,東証PRM,"1,365",-32,-2.29,"331,900",2026/07/31
565,565,6753,シャープ(株),東証PRM,618.4,-14.5,-2.29,"3,430,300",2026/07/31
566,566,7606,(株)ユナイテッドアローズ,東証PRM,"2,427",-57,-2.29,"178,300",2026/07/31
567,567,8976,大和証券オフィス投資法人,東証,"341,000","-8,000",-2.29,"2,010",2026/07/31
568,568,2204,(株)中村屋,東証STD,"3,210",-75,-2.28,"4,900",2026/07/31
569,569,2168,(株)パソナグループ,東証PRM,"1,551",-36,-2.27,"173,000",2026/07/31
570,570,4299,(株)ハイマックス,東証STD,"1,207",-28,-2.27,"6,000",2026/07/31
571,571,4396,(株)システムサポートホールディングス,東証PRM,"1,119",-26,-2.27,"64,200",2026/07/31
572,572,7687,(株)ミクリード,東証GRT,431,-10,-2.27,"13,100",2026/07/31
573,573,9505,北陸電力(株),東証PRM,961.5,-22.2,-2.26,"1,360,000",2026/07/31
574,574,9663,(株)ナガワ,東証PRM,"5,190",-120,-2.26,"23,500",2026/07/31
575,575,9861,(株)吉野家ホールディングス,東証PRM,"3,843",-89,-2.26,"571,600",2026/07/31
576,576,1399,上場MSCI日本株高配当低ボラティリティ,東証ETF,"3,131",-72,-2.25,"2,622",2026/07/31
577,577,4538,扶桑薬品工業(株),東証PRM,"2,175",-50,-2.25,"19,300",2026/07/31
578,578,4732,(株)ユー・エス・エス,東証PRM,"2,017.5",-46.5,-2.25,"1,364,600",2026/07/31
579,579,559A,梅乃宿酒造(株),東証STD,"1,084",-25,-2.25,"35,000",2026/07/31
580,580,9031,西日本鉄道(株),東証PRM,"3,122",-72,-2.25,"246,500",2026/07/31
581,581,3513,イチカワ(株),東証STD,"3,280",-75,-2.24,"3,500",2026/07/31
582,582,8953,日本都市ファンド投資法人,東証,"117,900","-2,700",-2.24,"20,845",2026/07/31
583,583,9220,エフビー介護サービス(株),東証STD,"1,224",-28,-2.24,"2,300",2026/07/31
584,584,9755,応用地質(株),東証PRM,"2,790",-64,-2.24,"103,100",2026/07/31
585,585,2627,GX eコマース-日本株式,東証ETF,"1,579",-36,-2.23,113,2026/07/31
586,586,4323,日本システム技術(株),東証PRM,"1,881",-43,-2.23,"58,700",2026/07/31
587,587,6535,(株)アイモバイル,東証PRM,482,-11,-2.23,"717,500",2026/07/31
588,588,7840,フランスベッドホールディングス(株),東証PRM,"1,274",-29,-2.23,"45,700",2026/07/31
589,589,8281,ゼビオホールディングス(株),東証PRM,"1,096",-25,-2.23,"86,200",2026/07/31
590,590,6085,アーキテクツ・スタジオ・ジャパン(株),東証GRT,88,-2,-2.22,"5,069,500",2026/07/31
591,591,7550,(株)ゼンショーホールディングス,東証PRM,"9,974",-226,-2.22,"701,500",2026/07/31
592,592,1696,WisdomTree とうもろこし上場投信,東証ETF,"2,915",-66,-2.21,"2,079",2026/07/31
593,593,3405,(株)クラレ,東証PRM,"1,840",-41.5,-2.21,"2,759,300",2026/07/31
594,594,3923,(株)ラクス,東証PRM,"1,060",-24,-2.21,"1,962,700",2026/07/31
595,595,9444,(株)トーシンホールディングス,東証STD,221,-5,-2.21,"16,600",2026/07/31
596,596,2004,昭和産業(株),東証PRM,"3,550",-80,-2.2,"94,100",2026/07/31
597,597,1942,(株)関電工,東証PRM,"5,368",-120,-2.19,"6,796,200",2026/07/31
598,598,4483,(株)ＪＭＤＣ,東証PRM,"3,130",-70,-2.19,"206,400",2026/07/31
599,599,5445,東京鐵鋼(株),東証PRM,"1,922",-43,-2.19,"202,300",2026/07/31
600,600,6371,(株)椿本チエイン,東証PRM,"2,586",-58,-2.19,"452,300",2026/07/31
601,601,3269,アドバンス・レジデンス投資法人,東証,"147,900","-3,300",-2.18,"9,534",2026/07/31
602,602,3466,ラサールロジポート投資法人,東証,"152,600","-3,400",-2.18,"5,531",2026/07/31
603,603,4760,(株)アルファ,東証STD,"1,570",-35,-2.18,"2,100",2026/07/31
604,604,5337,ダントーホールディングス(株),東証STD,763,-17,-2.18,"10,400",2026/07/31
605,605,3769,ＧＭＯペイメントゲートウェイ(株),東証PRM,"9,881",-219,-2.17,"227,800",2026/07/31
606,606,1770,藤田エンジニアリング(株),東証STD,"2,035",-45,-2.16,"1,000",2026/07/31
607,607,2782,(株)セリア,東証STD,"3,850",-85,-2.16,"437,000",2026/07/31
608,608,3333,(株)あさひ,東証PRM,"1,358",-30,-2.16,"141,500",2026/07/31
609,609,3854,(株)アイル,東証PRM,"2,260",-50,-2.16,"99,300",2026/07/31
610,610,9347,日本管財ホールディングス(株),東証PRM,"2,803",-62,-2.16,"49,400",2026/07/31
611,611,6586,(株)マキタ,東証PRM,"5,183",-114,-2.15,"1,866,500",2026/07/31
612,612,2240,上場インデックスファンドS&P500先物インバース,東証ETF,"5,435",-119,-2.14,"2,939",2026/07/31
613,613,7447,ナガイレーベン(株),東証PRM,"1,785",-39,-2.14,"103,200",2026/07/31
614,614,7596,(株)魚力,東証PRM,"2,290",-50,-2.14,"16,100",2026/07/31
615,615,2359,(株)コア,東証PRM,"2,022",-44,-2.13,"17,700",2026/07/31
616,616,4206,アイカ工業(株),東証PRM,"3,687",-80,-2.12,"558,300",2026/07/31
617,617,8163,ＳＲＳホールディングス(株),東証PRM,"1,434",-31,-2.12,"268,300",2026/07/31
618,618,9889,ＪＢＣＣホールディングス(株),東証PRM,"1,616",-35,-2.12,"479,200",2026/07/31
619,619,2515,(NEXT FUNDS)外国REIT･S&P先進国REIT(除く日本・H無),東証ETF,"1,759",-38,-2.11,"60,551",2026/07/31
620,620,2555,東証REIT ETF,東証ETF,"1,900.5",-41,-2.11,"26,050",2026/07/31
621,621,2918,わらべや日洋ホールディングス(株),東証PRM,"2,785",-60,-2.11,"103,800",2026/07/31
622,622,4069,(株)ＢｌｕｅＭｅｍｅ,東証GRT,650,-14,-2.11,"2,200",2026/07/31
623,623,4577,ダイト(株),東証PRM,"1,253",-27,-2.11,"61,300",2026/07/31
624,624,1651,iFreeETF TOPIX高配当40指数,東証ETF,"3,221",-69,-2.1,"29,262",2026/07/31
625,625,2804,ブルドックソース(株),東証PRM,"1,817",-39,-2.1,"16,800",2026/07/31
626,626,5108,(株)ブリヂストン,東証PRM,"3,965",-85,-2.1,"6,368,200",2026/07/31
627,627,6915,千代田インテグレ(株),東証STD,"3,260",-70,-2.1,"11,200",2026/07/31
628,628,2836,GX フィンテック-日本株式,東証ETF,"3,140",-67,-2.09,12,2026/07/31
629,629,2855,GX グリーン・J-REIT,東証ETF,983,-21,-2.09,"5,027",2026/07/31
630,630,133A,GX 超短期米国債,東証ETF,"1,084",-23,-2.08,"533,500",2026/07/31
631,631,6089,(株)ウィルグループ,東証PRM,"1,083",-23,-2.08,"35,200",2026/07/31
632,632,6200,(株)インソース,東証PRM,754,-16,-2.08,"857,300",2026/07/31
633,633,6287,(株)サトー,東証PRM,"2,448",-52,-2.08,"161,100",2026/07/31
634,634,7527,(株)システムソフト,東証STD,47,-1,-2.08,"571,800",2026/07/31
635,635,3291,飯田グループホールディングス(株),東証PRM,"2,289",-48.5,-2.07,"877,000",2026/07/31
636,636,7522,ワタミ(株),東証PRM,944,-20,-2.07,"86,300",2026/07/31
637,637,8972,KDX不動産投資法人,東証,"156,100","-3,300",-2.07,"15,888",2026/07/31
638,638,1301,(株)極洋,東証PRM,"4,540",-95,-2.05,"61,200",2026/07/31
639,639,2792,(株)ハニーズホールディングス,東証PRM,"1,433",-30,-2.05,"63,100",2026/07/31
640,640,3989,シェアリングテクノロジー(株),東証GRT,"1,340",-28,-2.05,"204,000",2026/07/31
641,641,7031,(株)インバウンドテック,東証GRT,715,-15,-2.05,100,2026/07/31
642,642,7071,(株)アンビスホールディングス,東証PRM,382,-8,-2.05,"322,800",2026/07/31
643,643,9313,丸八倉庫(株),東証STD,"1,051",-22,-2.05,200,2026/07/31
644,644,2922,(株)なとり,東証PRM,"1,971",-41,-2.04,"21,600",2026/07/31
645,645,3455,ヘルスケア＆メディカル投資法人,東証,"105,400","-2,200",-2.04,"2,648",2026/07/31
646,646,3633,ＧＭＯペパボ(株),東証STD,"1,730",-36,-2.04,"8,200",2026/07/31
647,647,3962,(株)チェンジホールディングス,東証PRM,960,-20,-2.04,"317,200",2026/07/31
648,648,8960,ユナイテッド・アーバン投資法人,東証,"162,900","-3,400",-2.04,"12,051",2026/07/31
649,649,9332,ＮＩＳＳＯホールディングス(株),東証PRM,623,-13,-2.04,"79,600",2026/07/31
650,650,4816,東映アニメーション(株),東証STD,"2,938",-61,-2.03,"647,300",2026/07/31
651,651,7483,(株)ドウシシャ,東証PRM,"2,988",-62,-2.03,"87,200",2026/07/31
652,652,145A,(株)Ｌ　ｉｓ　Ｂ,東証GRT,826,-17,-2.02,"10,200",2026/07/31
653,653,4668,(株)明光ネットワークジャパン,東証PRM,778,-16,-2.02,"124,400",2026/07/31
654,654,7733,オリンパス(株),東証PRM,"1,820",-37.5,-2.02,"5,361,000",2026/07/31
655,655,7874,レック(株),東証PRM,970,-20,-2.02,"74,100",2026/07/31
656,656,9265,ヤマシタヘルスケアホールディングス(株),東証STD,"3,395",-70,-2.02,100,2026/07/31
657,657,2014,iシェアーズ 米国連続増配株 ETF,東証ETF,321.3,-6.6,-2.01,"522,520",2026/07/31
658,658,3001,片倉工業(株),東証STD,"2,821",-58,-2.01,"70,400",2026/07/31
659,659,4951,エステー(株),東証PRM,"1,514",-31,-2.01,"30,900",2026/07/31
660,660,9052,山陽電気鉄道(株),東証PRM,"2,003",-41,-2.01,"36,600",2026/07/31
661,661,9565,ＧＬＯＥ(株),東証GRT,684,-14,-2.01,800,2026/07/31
662,662,3226,三井不動産アコモデーションファンド投資法人,東証,"122,800","-2,500",-2.0,"6,259",2026/07/31
663,663,8954,オリックス不動産投資法人,東証,"103,100","-2,100",-2.0,"19,010",2026/07/31
664,664,2207,(株)ｍｅｉｔｏ,東証PRM,"3,195",-65,-1.99,"43,000",2026/07/31
665,665,2588,(株)プレミアムウォーターホールディングス,東証STD,"3,700",-75,-1.99,"5,400",2026/07/31
666,666,2976,日本グランデ(株),札幌ア,691,-14,-1.99,200,2026/07/31
667,667,3193,(株)エターナルホスピタリティグループ,東証PRM,"1,378",-28,-1.99,"331,900",2026/07/31
668,668,6465,ホシザキ(株),東証PRM,"5,704",-116,-1.99,"413,900",2026/07/31
669,669,6579,ログリー(株),東証GRT,345,-7,-1.99,"6,200",2026/07/31
670,670,3290,Oneリート投資法人,東証,"79,200","-1,600",-1.98,"4,014",2026/07/31
671,671,3591,(株)ワコールホールディングス,東証PRM,"4,402",-89,-1.98,"134,800",2026/07/31
672,672,5571,エキサイトホールディングス(株),東証STD,990,-20,-1.98,400,2026/07/31
673,673,9405,朝日放送グループホールディングス(株),東証PRM,840,-17,-1.98,"31,800",2026/07/31
674,674,2003,日東富士製粉(株),東証STD,"1,837",-37,-1.97,"28,200",2026/07/31
675,675,3708,特種東海製紙(株),東証PRM,"2,086",-42,-1.97,"93,400",2026/07/31
676,676,3934,(株)ベネフィットジャパン,東証STD,"2,184",-44,-1.97,"1,200",2026/07/31
677,677,4071,(株)プラスアルファ・コンサルティング,東証PRM,"2,288",-46,-1.97,"209,100",2026/07/31
678,678,4519,中外製薬(株),東証PRM,"6,932",-139,-1.97,"2,876,800",2026/07/31
679,679,7951,ヤマハ(株),東証PRM,"1,243.5",-25,-1.97,"3,389,500",2026/07/31
680,680,8771,イー・ギャランティ(株),東証PRM,"1,842",-37,-1.97,"111,600",2026/07/31
681,681,4776,サイボウズ(株),東証PRM,"2,695",-54,-1.96,"215,100",2026/07/31
682,682,9508,九州電力(株),東証PRM,"1,779",-35.5,-1.96,"2,385,200",2026/07/31
683,683,1802,(株)大林組,東証PRM,"3,164",-63,-1.95,"4,235,300",2026/07/31
684,684,250A,シマダヤ(株),東証STD,"1,660",-33,-1.95,"27,900",2026/07/31
685,685,3232,三重交通グループホールディングス(株),東証PRM,554,-11,-1.95,"136,200",2026/07/31
686,686,6062,(株)チャーム・ケア・コーポレーション,東証PRM,"1,357",-27,-1.95,"82,500",2026/07/31
687,687,7095,(株)Ｍａｃｂｅｅ　Ｐｌａｎｅｔ,東証PRM,"1,207",-24,-1.95,"52,600",2026/07/31
688,688,7462,(株)ＣＡＰＩＴＡ,東証STD,402,-8,-1.95,"10,000",2026/07/31
689,689,7520,(株)エコス,東証PRM,"2,463",-49,-1.95,"15,600",2026/07/31
690,690,9651,日本プロセス(株),東証STD,"1,911",-38,-1.95,"15,700",2026/07/31
691,691,2678,アスクル(株),東証PRM,"1,262",-25,-1.94,"408,800",2026/07/31
692,692,3760,(株)ケイブ,東証STD,759,-15,-1.94,"62,500",2026/07/31
693,693,8729,ソニーフィナンシャルグループ(株),東証PRM,156.3,-3.1,-1.94,"57,192,400",2026/07/31
694,694,2238,iFreeETF S&P500インバース,東証ETF,"5,374",-106,-1.93,"18,498",2026/07/31
695,695,2252,GX Morningstar 米国中小型 Moat,東証ETF,"1,472",-29,-1.93,746,2026/07/31
696,696,325A,(株)ＴＥＮＴＩＡＬ,東証GRT,"1,522",-30,-1.93,"373,500",2026/07/31
697,697,3459,サムティ・レジデンシャル投資法人,東証,"91,300","-1,800",-1.93,"2,879",2026/07/31
698,698,4544,Ｈ．Ｕ．グループホールディングス(株),東証PRM,"3,411",-67,-1.93,"243,200",2026/07/31
699,699,7421,カッパ・クリエイト(株),東証PRM,"1,628",-32,-1.93,"109,600",2026/07/31
700,700,7860,エイベックス(株),東証PRM,"1,320",-26,-1.93,"207,600",2026/07/31
701,701,9028,(株)ゼロ,東証STD,"3,560",-70,-1.93,"17,700",2026/07/31
702,702,3288,(株)オープンハウスグループ,東証PRM,"8,509",-167,-1.92,"220,200",2026/07/31
703,703,3771,(株)システムリサーチ,東証PRM,"1,837",-36,-1.92,"61,600",2026/07/31
704,704,4420,イーソル(株),東証STD,716,-14,-1.92,"127,900",2026/07/31
705,705,6091,(株)ウエスコホールディングス,東証STD,869,-17,-1.92,"25,600",2026/07/31
706,706,7388,(株)ＦＰパートナー,東証PRM,"2,201",-43,-1.92,"54,700",2026/07/31
707,707,7482,(株)シモジマ,東証PRM,"1,377",-27,-1.92,"24,800",2026/07/31
708,708,7780,(株)メニコン,東証PRM,"1,735",-34,-1.92,"301,200",2026/07/31
709,709,9716,(株)乃村工藝社,東証PRM,"1,172",-23,-1.92,"357,900",2026/07/31
710,710,9997,(株)ベルーナ,東証PRM,"1,074",-21,-1.92,"234,700",2026/07/31
711,711,1766,東建コーポレーション(株),東証PRM,"13,370",-260,-1.91,"24,200",2026/07/31
712,712,7422,東邦レマック(株),東証STD,359,-7,-1.91,"5,200",2026/07/31
713,713,2154,(株)オープンアップグループ,東証PRM,"2,014",-39,-1.9,"364,900",2026/07/31
714,714,2379,ディップ(株),東証PRM,"1,860",-36,-1.9,"411,500",2026/07/31
715,715,3284,(株)フージャースホールディングス,東証PRM,"1,241",-24,-1.9,"171,400",2026/07/31
716,716,3901,マークラインズ(株),東証PRM,"1,343",-26,-1.9,"66,900",2026/07/31
717,717,4641,(株)アルプス技研,東証PRM,825,-16,-1.9,"106,500",2026/07/31
718,718,8566,リコーリース(株),東証PRM,"6,720",-130,-1.9,"86,400",2026/07/31
719,719,8881,(株)日神グループホールディングス,東証PRM,670,-13,-1.9,"190,900",2026/07/31
720,720,7203,トヨタ自動車(株),東証PRM,"3,067",-59,-1.89,"37,342,500",2026/07/31
721,721,7508,(株)Ｇ－７ホールディングス,東証PRM,"1,457",-28,-1.89,"87,000",2026/07/31
722,722,2734,(株)サーラコーポレーション,東証PRM,"1,146",-22,-1.88,"161,000",2026/07/31
723,723,2892,日本食品化工(株),東証STD,"4,445",-85,-1.88,"20,400",2026/07/31
724,724,3487,CREロジスティクスファンド投資法人,東証,"141,000","-2,700",-1.88,"2,680",2026/07/31
725,725,3774,(株)インターネットイニシアティブ,東証PRM,"3,503",-67,-1.88,"553,500",2026/07/31
726,726,4385,(株)メルカリ,東証PRM,"4,290",-82,-1.88,"1,222,100",2026/07/31
727,727,8142,(株)トーホー,東証PRM,"1,355",-26,-1.88,"182,100",2026/07/31
728,728,8203,(株)ＭｒＭａｘＨＤ,東証PRM,785,-15,-1.88,"58,700",2026/07/31
729,729,1808,(株)長谷工コーポレーション,東証PRM,"2,780",-53,-1.87,"1,234,900",2026/07/31
730,730,3151,(株)バイタルケーエスケー・ホールディングス,東証PRM,"1,676",-32,-1.87,"95,300",2026/07/31
731,731,3916,デジタル・インフォメーション・テクノロジー(株),東証PRM,947,-18,-1.87,"102,200",2026/07/31
732,732,4848,(株)フルキャストホールディングス,東証PRM,"1,728",-33,-1.87,"113,500",2026/07/31
733,733,7956,ピジョン(株),東証PRM,"2,020.5",-38.5,-1.87,"1,107,100",2026/07/31
734,734,2294,(株)柿安本店,東証PRM,"2,600",-49,-1.85,"19,500",2026/07/31
735,735,3279,アクティビア・プロパティーズ投資法人,東証,"142,900","-2,700",-1.85,"7,083",2026/07/31
736,736,4432,ウイングアーク１ｓｔ(株),東証PRM,"3,190",-60,-1.85,"309,600",2026/07/31
737,737,4554,富士製薬工業(株),東証PRM,"1,861",-35,-1.85,"69,200",2026/07/31
738,738,5902,ホッカンホールディングス(株),東証PRM,"2,386",-45,-1.85,"21,500",2026/07/31
739,739,6093,ミトラグループ(株),東証STD,159,-3,-1.85,"65,500",2026/07/31
740,740,8103,明和産業(株),東証PRM,902,-17,-1.85,"313,800",2026/07/31
741,741,9467,(株)アルファポリス,東証GRT,"1,061",-20,-1.85,"80,600",2026/07/31
742,742,3674,(株)オークファン,東証GRT,320,-6,-1.84,"3,900",2026/07/31
743,743,7227,アスカ(株),名証MN,"1,816",-34,-1.84,300,2026/07/31
744,744,2428,ウェルネット(株),東証STD,643,-12,-1.83,"48,900",2026/07/31
745,745,2852,iシェアーズ グリーンJリート,東証ETF,182.5,-3.4,-1.83,"3,040",2026/07/31
746,746,3468,スターアジア不動産投資法人,東証,"53,600","-1,000",-1.83,"8,946",2026/07/31
747,747,4434,(株)サーバーワークス,東証STD,"2,358",-44,-1.83,"79,000",2026/07/31
748,748,4481,ベース(株),東証PRM,"3,215",-60,-1.83,"68,100",2026/07/31
749,749,8975,いちごオフィスリート投資法人,東証,"96,300","-1,800",-1.83,"3,417",2026/07/31
750,750,9046,神戸電鉄(株),東証STD,"2,461",-46,-1.83,"10,000",2026/07/31
751,751,2528,iFreeETF 東証REIT Core指数,東証ETF,"1,135",-21,-1.82,522,2026/07/31
752,752,2620,iシェアーズ 米国債1-3年,東証ETF,371.2,-6.9,-1.82,"809,540",2026/07/31
753,753,4674,(株)クレスコ,東証PRM,"1,617",-30,-1.82,"140,300",2026/07/31
754,754,8986,大和証券リビング投資法人,東証,"97,100","-1,800",-1.82,"5,420",2026/07/31
755,755,3848,(株)データ・アプリケーション,東証STD,816,-15,-1.81,"6,800",2026/07/31
756,756,3941,レンゴー(株),東証PRM,"1,492",-27.5,-1.81,"1,006,500",2026/07/31
757,757,4578,大塚ホールディングス(株),東証PRM,"11,100",-205,-1.81,"1,839,000",2026/07/31
758,758,5247,(株)ＢＴＭ,東証GRT,541,-10,-1.81,"1,400",2026/07/31
759,759,9799,旭情報サービス(株),東証STD,924,-17,-1.81,"9,600",2026/07/31
760,760,1929,日特建設(株),東証PRM,"1,143",-21,-1.8,"117,500",2026/07/31
761,761,2093,上場Tracers 米国債0-2年ラダー(H無),東証ETF,"5,355",-98,-1.8,"3,311",2026/07/31
762,762,3817,(株)ＳＲＡホールディングス,東証PRM,"4,650",-85,-1.8,"45,900",2026/07/31
763,763,5410,合同製鐵(株),東証PRM,"2,840",-52,-1.8,"172,500",2026/07/31
764,764,3196,(株)ホットランドホールディングス,東証PRM,"1,644",-30,-1.79,"92,200",2026/07/31
765,765,383A,MAXIS S&P500均等ウェイト,東証ETF,"2,640",-48,-1.79,"6,100",2026/07/31
766,766,538A,NZAM 上場投信 米国国債7-10年(H無),東証ETF,"4,943",-90,-1.79,4,2026/07/31
767,767,6412,(株)平和,東証PRM,"2,140",-39,-1.79,"757,800",2026/07/31
768,768,9307,(株)杉村倉庫,東証STD,985,-18,-1.79,"7,400",2026/07/31
769,769,9744,(株)メイテックグループホールディングス,東証PRM,"3,339",-61,-1.79,"422,800",2026/07/31
770,770,9936,(株)王将フードサービス,東証PRM,"3,020",-55,-1.79,"229,200",2026/07/31
771,771,2043,NEXT NOTES STOXX アセアン好配当50(円、NR)ETN,東証ETF,"30,360",-550,-1.78,6,2026/07/31
772,772,3443,川田テクノロジーズ(株),東証PRM,"1,271",-23,-1.78,"317,800",2026/07/31
773,773,443A,iFreeETF 東証REIT指数(2・5・8・11月決算型),東証ETF,"1,927",-35,-1.78,"33,810",2026/07/31
774,774,7033,(株)マネジメントソリューションズ,東証PRM,"1,432",-26,-1.78,"72,900",2026/07/31
775,775,381A,iFreeETF 米国国債3-5年(H無),東証ETF,"2,224",-40,-1.77,"4,615",2026/07/31
776,776,7292,(株)村上開明堂,東証STD,"6,660",-120,-1.77,"7,200",2026/07/31
777,777,9273,コーア商事ホールディングス(株),東証PRM,777,-14,-1.77,"22,300",2026/07/31
778,778,2552,上場Ｊリート(東証REIT指数)隔月分配(ミニ),東証ETF,"2,013",-36,-1.76,"5,083",2026/07/31
779,779,3950,ザ・パック(株),東証PRM,"1,451",-26,-1.76,"136,000",2026/07/31
780,780,8876,(株)リログループ,東証PRM,"2,014",-36,-1.76,"612,800",2026/07/31
781,781,9740,ＣＳＰ,東証PRM,"2,786",-50,-1.76,"27,600",2026/07/31
782,782,181A,MAXIS 米国国債1-3年上場投信(H無),東証ETF,539.6,-9.6,-1.75,"8,140",2026/07/31
783,783,7294,(株)ヨロズ,東証PRM,897,-16,-1.75,"26,800",2026/07/31
784,784,8030,中央魚類(株),東証STD,"3,640",-65,-1.75,"4,700",2026/07/31
785,785,8130,(株)サンゲツ,東証PRM,"3,095",-55,-1.75,"338,300",2026/07/31
786,786,8165,(株)千趣会,東証STD,112,-2,-1.75,"153,700",2026/07/31
787,787,2429,(株)ワールドホールディングス,東証PRM,"2,657",-47,-1.74,"61,800",2026/07/31
788,788,1656,iシェアーズ･コア 米国債7-10年 ETF,東証ETF,312.7,-5.5,-1.73,"624,620",2026/07/31
789,789,4809,パラカ(株),東証PRM,"2,045",-36,-1.73,"9,300",2026/07/31
790,790,9339,(株)コーチ・エィ,東証STD,"1,360",-24,-1.73,900,2026/07/31
791,791,2933,(株)紀文食品,東証PRM,"1,088",-19,-1.72,"41,800",2026/07/31
792,792,8783,ａｂｃ(株),東証STD,57,-1,-1.72,"1,243,900",2026/07/31
793,793,2461,(株)ファンコミュニケーションズ,東証PRM,403,-7,-1.71,"131,500",2026/07/31
794,794,368A,(株)北里,東証PRM,"1,377",-24,-1.71,"93,500",2026/07/31
795,795,7118,(株)伸和ホールディングス,名証NXT,"4,015",-70,-1.71,200,2026/07/31
796,796,9435,(株)光通信,東証PRM,"39,180",-680,-1.71,"75,100",2026/07/31
797,797,9832,(株)オートバックスセブン,東証PRM,"1,556",-27,-1.71,"557,800",2026/07/31
798,798,1349,ABF 汎アジア債券インデックス･ファンド,東証ETF,"17,620",-305,-1.7,551,2026/07/31
799,799,4165,(株)プレイド,東証GRT,578,-10,-1.7,"313,300",2026/07/31
800,800,4430,東海ソフト(株),東証STD,"1,622",-28,-1.7,"15,300",2026/07/31
801,801,6070,キャリアリンク(株),東証PRM,"2,365",-41,-1.7,"28,300",2026/07/31
802,802,6306,日工(株),東証PRM,982,-17,-1.7,"124,200",2026/07/31
803,803,6326,(株)クボタ,東証PRM,"2,745.5",-47.5,-1.7,"3,440,200",2026/07/31
804,804,7297,(株)カーメイト,東証STD,870,-15,-1.69,"6,300",2026/07/31
805,805,7463,(株)アドヴァングループ,東証STD,933,-16,-1.69,"42,300",2026/07/31
806,806,8285,三谷産業(株),東証STD,700,-12,-1.69,"84,400",2026/07/31
807,807,1688,WisdomTree 穀物上場投信,東証ETF,580,-9.9,-1.68,"11,650",2026/07/31
808,808,2462,ライク(株),東証PRM,"1,521",-26,-1.68,"30,300",2026/07/31
809,809,2517,MAXIS Jリート･コア上場投信,東証ETF,"1,140",-19.5,-1.68,"288,790",2026/07/31
810,810,2519,(NEXT FUNDS)新興国債券･J.P.M･EM･プラス(H無),東証ETF,"1,200",-20.5,-1.68,"8,260",2026/07/31
811,811,3461,(株)パルマ,東証STD,585,-10,-1.68,"3,100",2026/07/31
812,812,3880,大王製紙(株),東証PRM,992,-17,-1.68,"287,600",2026/07/31
813,813,4439,(株)東名,東証STD,759,-13,-1.68,"9,000",2026/07/31
814,814,6570,(株)共和コーポレーション,東証STD,"2,106",-36,-1.68,"5,200",2026/07/31
815,815,2096,GX オフィス・J-REIT,東証ETF,"1,063",-18,-1.67,"50,186",2026/07/31
816,816,2315,(株)ＣＡＩＣＡ　ＤＩＧＩＴＡＬ,東証STD,59,-1,-1.67,"4,087,500",2026/07/31
817,817,3174,(株)ハピネス・アンド・ディ,東証STD,411,-7,-1.67,"24,900",2026/07/31
818,818,345A,高配当成長 日本株(ネットリターン)ETN,東証ETF,"15,590",-265,-1.67,791,2026/07/31
819,819,2993,(株)長栄,東証STD,"2,131",-36,-1.66,300,2026/07/31
820,820,3392,デリカフーズホールディングス(株),東証STD,831,-14,-1.66,"13,900",2026/07/31
821,821,4464,(株)ソフト９９コーポレーション,東証STD,"3,555",-60,-1.66,100,2026/07/31
822,822,6836,ぷらっとホーム(株),東証STD,709,-12,-1.66,"27,800",2026/07/31
823,823,9564,(株)ＦＣＥ,東証STD,534,-9,-1.66,"24,000",2026/07/31
824,824,9900,(株)サガミホールディングス,東証PRM,"2,075",-35,-1.66,"114,400",2026/07/31
825,825,2065,NEXT NOTES 日本株配当貴族（ドルH、NR）ETN,東証ETF,"59,510","-1,000",-1.65,2,2026/07/31
826,826,2695,くら寿司(株),東証PRM,"1,670",-28,-1.65,"180,900",2026/07/31
827,827,4180,Ａｐｐｉｅｒ　Ｇｒｏｕｐ(株),東証PRM,953,-16,-1.65,"684,100",2026/07/31
828,828,9823,(株)マミーマートホールディングス,東証STD,"1,076",-18,-1.65,"116,300",2026/07/31
829,829,9990,(株)サックスバー　ホールディングス,東証PRM,773,-13,-1.65,"74,700",2026/07/31
830,830,2217,モロゾフ(株),東証PRM,"1,500",-25,-1.64,"40,300",2026/07/31
831,831,5258,(株)トランザクション・メディア・ネットワークス,東証GRT,419,-7,-1.64,"54,700",2026/07/31
832,832,7414,小野建(株),東証PRM,"1,438",-24,-1.64,"39,000",2026/07/31
833,833,2015,iFreeETF 米国国債7-10年(H無),東証ETF,"2,171",-36,-1.63,"10,765",2026/07/31
834,834,235A,GX 高配当30-日本株式,東証ETF,"1,392",-23,-1.63,"11,295",2026/07/31
835,835,2440,(株)ぐるなび,東証STD,121,-2,-1.63,"146,700",2026/07/31
836,836,2590,ダイドーグループホールディングス(株),東証PRM,"3,010",-50,-1.63,"105,600",2026/07/31
837,837,5451,(株)ヨドコウ,東証PRM,"1,385",-23,-1.63,"257,400",2026/07/31
838,838,7120,(株)ＳＨＩＮＫＯ,東証STD,"1,029",-17,-1.63,"9,500",2026/07/31
839,839,7278,(株)エクセディ,東証PRM,"6,040",-100,-1.63,"399,200",2026/07/31
840,840,7936,(株)アシックス,東証PRM,"4,754",-79,-1.63,"3,100,300",2026/07/31
841,841,8585,(株)オリエントコーポレーション,東証PRM,903,-15,-1.63,"516,200",2026/07/31
842,842,1687,WisdomTree 農産物上場投信,東証ETF,"1,033",-17,-1.62,"3,240",2026/07/31
843,843,6316,(株)丸山製作所,東証STD,"2,677",-44,-1.62,"6,400",2026/07/31
844,844,7939,(株)研創,東証STD,606,-10,-1.62,"3,600",2026/07/31
845,845,8173,(株)Ｊｏｓｈｉｎ,東証PRM,"3,945",-65,-1.62,"167,900",2026/07/31
846,846,1685,WisdomTree エネルギー上場投信,東証ETF,824.5,-13.5,-1.61,180,2026/07/31
847,847,2211,(株)不二家,東証PRM,"2,446",-40,-1.61,"25,800",2026/07/31
848,848,3267,(株)フィル・カンパニー,東証STD,612,-10,-1.61,"24,300",2026/07/31
849,849,606A,金2倍ブルETF,東証ETF,"20,225",-330,-1.61,539,2026/07/31
850,850,6279,(株)瑞光,東証PRM,917,-15,-1.61,"20,600",2026/07/31
851,851,6289,(株)技研製作所,東証PRM,"1,900",-31,-1.61,"63,600",2026/07/31
852,852,6797,名古屋電機工業(株),東証STD,"1,162",-19,-1.61,700,2026/07/31
853,853,7343,ブロードマインド(株),東証GRT,"1,224",-20,-1.61,"1,600",2026/07/31
854,854,7989,立川ブラインド工業(株),東証PRM,"2,635",-43,-1.61,"39,200",2026/07/31
855,855,5110,住友ゴム工業(株),東証PRM,"2,280",-37,-1.6,"2,750,700",2026/07/31
856,856,7593,ＶＴホールディングス(株),東証PRM,492,-8,-1.6,"318,200",2026/07/31
857,857,9090,ＡＺ－ＣＯＭ丸和ホールディングス(株),東証PRM,921,-15,-1.6,"533,700",2026/07/31
858,858,1343,(NEXT FUNDS)東証REIT指数連動型上場投信,東証ETF,"2,012.5",-32.5,-1.59,"1,077,800",2026/07/31
859,859,1873,(株)日本ハウスホールディングス,東証PRM,310,-5,-1.59,"59,000",2026/07/31
860,860,1476,iシェアーズ・コア Ｊリート ETF,東証ETF,"1,929",-31,-1.58,"290,609",2026/07/31
861,861,1762,(株)高松コンストラクショングループ,東証PRM,"3,735",-60,-1.58,"51,100",2026/07/31
862,862,426A,ニッセイ ETF S&P500イコール・ウェイト(H無),東証ETF,"1,244",-20,-1.58,"26,398",2026/07/31
863,863,4765,ＳＢＩグローバルアセットマネジメント(株),東証PRM,621,-10,-1.58,"468,700",2026/07/31
864,864,5401,日本製鉄(株),東証PRM,649.6,-10.4,-1.58,"46,837,400",2026/07/31
865,865,6923,スタンレー電気(株),東証PRM,"3,491",-56,-1.58,"1,018,300",2026/07/31
866,866,7689,(株)コパ・コーポレーション,東証GRT,312,-5,-1.58,"1,500",2026/07/31
867,867,9024,(株)西武ホールディングス,東証PRM,"3,562",-57,-1.58,"2,937,800",2026/07/31
868,868,9706,日本空港ビルデング(株),東証PRM,"5,667",-91,-1.58,"297,200",2026/07/31
869,869,1944,(株)きんでん,東証PRM,"7,090",-113,-1.57,"1,541,600",2026/07/31
870,870,2012,iシェアーズ 米国債0-3カ月 ETF,東証ETF,244.4,-3.9,-1.57,"1,084,040",2026/07/31
871,871,7791,ドリームベッド(株),東証STD,814,-13,-1.57,"1,100",2026/07/31
872,872,8008,４℃ホールディングス,東証PRM,"2,071",-33,-1.57,"88,900",2026/07/31
873,873,3492,MIRARTH不動産投資法人,東証,"82,600","-1,300",-1.55,"6,627",2026/07/31
874,874,3834,(株)朝日ネット,東証PRM,634,-10,-1.55,"67,300",2026/07/31
875,875,442A,クラシコ(株),東証GRT,953,-15,-1.55,800,2026/07/31
876,876,5946,(株)長府製作所,東証PRM,"2,102",-33,-1.55,"52,300",2026/07/31
877,877,8255,アクシアル　リテイリング(株),東証PRM,"1,268",-20,-1.55,"341,000",2026/07/31
878,878,9165,(株)クオルテック,東証GRT,"1,715",-27,-1.55,"9,000",2026/07/31
879,879,2070,スマート ESG30 女性活躍(ネットリターン)ETN,東証ETF,"16,015",-250,-1.54,1,2026/07/31
880,880,4431,(株)スマレジ,東証GRT,"3,190",-50,-1.54,"110,400",2026/07/31
881,881,4901,富士フイルムホールディングス(株),東証PRM,"3,772",-59,-1.54,"4,348,800",2026/07/31
882,882,7164,全国保証(株),東証PRM,"3,130",-49,-1.54,"1,124,400",2026/07/31
883,883,7416,(株)はるやまホールディングス,東証STD,703,-11,-1.54,"3,200",2026/07/31
884,884,7857,セキ(株),東証STD,"1,277",-20,-1.54,"1,200",2026/07/31
885,885,8698,マネックスグループ(株),東証PRM,705,-11,-1.54,"1,962,200",2026/07/31
886,886,8966,平和不動産リート投資法人,東証,"134,400","-2,100",-1.54,"3,952",2026/07/31
887,887,9009,京成電鉄(株),東証PRM,"1,279.5",-20,-1.54,"1,995,000",2026/07/31
888,888,9619,(株)イチネンホールディングス,東証PRM,"2,370",-37,-1.54,"39,500",2026/07/31
889,889,1486,上場インデックスファンド米国債券(H無),東証ETF,"23,855",-370,-1.53,"7,628",2026/07/31
890,890,2338,クオンタムソリューションズ(株),東証STD,129,-2,-1.53,"51,100",2026/07/31
891,891,3476,投資法人みらい,東証,"41,750",-650,-1.53,"6,369",2026/07/31
892,892,4293,(株)セプテーニ・ホールディングス,東証STD,515,-8,-1.53,"364,800",2026/07/31
893,893,4526,理研ビタミン(株),東証PRM,"3,210",-50,-1.53,"59,000",2026/07/31
894,894,4615,神東塗料(株),東証STD,129,-2,-1.53,"14,500",2026/07/31
895,895,4956,コニシ(株),東証PRM,"1,414",-22,-1.53,"257,100",2026/07/31
896,896,5923,高田機工(株),東証STD,"1,162",-18,-1.53,"1,500",2026/07/31
897,897,6178,日本郵政(株),東証PRM,"2,382",-37,-1.53,"6,692,700",2026/07/31
898,898,6564,(株)ミダックホールディングス,東証PRM,"2,191",-34,-1.53,"30,600",2026/07/31
899,899,7539,(株)アイナボホールディングス,東証STD,772,-12,-1.53,"17,800",2026/07/31
900,900,8045,横浜丸魚(株),東証STD,"1,925",-30,-1.53,"1,100",2026/07/31
901,901,8934,サンフロンティア不動産(株),東証PRM,"2,508",-39,-1.53,"95,900",2026/07/31
902,902,9726,ＫＮＴ－ＣＴホールディングス(株),東証STD,"1,925",-30,-1.53,"17,500",2026/07/31
903,903,2753,(株)あみやき亭,東証PRM,"1,358",-21,-1.52,"34,900",2026/07/31
904,904,3154,メディアスホールディングス(株),東証PRM,779,-12,-1.52,"23,800",2026/07/31
905,905,354A,iFreeETF ブルームバーグ日本株高配当50指数,東証ETF,"3,250",-50,-1.52,"334,267",2026/07/31
906,906,6029,アトラグループ(株),東証STD,194,-3,-1.52,"30,500",2026/07/31
907,907,6455,(株)モリタホールディングス,東証PRM,"2,521",-39,-1.52,"59,100",2026/07/31
908,908,2138,クルーズ(株),東証STD,458,-7,-1.51,"42,400",2026/07/31
909,909,2849,GX Morningstar 高配当 ESG-日本株式,東証ETF,"5,469",-84,-1.51,100,2026/07/31
910,910,2910,(株)ロック・フィールド,東証PRM,"1,370",-21,-1.51,"46,000",2026/07/31
911,911,7839,(株)ＳＨＯＥＩ,東証PRM,"1,951",-30,-1.51,"232,000",2026/07/31
912,912,8877,エスリード(株),東証PRM,"5,210",-80,-1.51,"28,700",2026/07/31
913,913,1559,(NEXT FUNDS)タイ株式指数連動型上場投信,東証ETF,"4,920",-75,-1.5,"1,450",2026/07/31
914,914,2464,(株)Ａｏｂａ－ＢＢＴ,東証STD,329,-5,-1.5,"7,900",2026/07/31
915,915,4053,(株)Ｓｕｎ　Ａｓｔｅｒｉｓｋ,東証PRM,461,-7,-1.5,"61,800",2026/07/31
916,916,7625,(株)グローバルダイニング,東証STD,460,-7,-1.5,"11,700",2026/07/31
917,917,1414,ショーボンドホールディングス(株),東証PRM,"1,322.5",-20,-1.49,"1,853,900",2026/07/31
918,918,1489,(NEXT FUNDS)日経平均高配当株50指数連動型ETF,東証ETF,"3,436",-52,-1.49,"836,632",2026/07/31
919,919,211A,(株)カドス・コーポレーション,東証STD,"3,300",-50,-1.49,"11,500",2026/07/31
920,920,5162,(株)朝日ラバー,東証STD,796,-12,-1.49,"1,200",2026/07/31
921,921,6634,(株)ＪＮグループ,東証STD,66,-1,-1.49,"87,700",2026/07/31
922,922,2254,GX チャイナEV&バッテリー,東証ETF,"1,134",-17,-1.48,"67,561",2026/07/31
923,923,468A,GX 米ドル建て投資適格社債,東証ETF,286,-4.3,-1.48,"4,620",2026/07/31
924,924,6199,(株)セラク,東証STD,"1,331",-20,-1.48,"12,100",2026/07/31
925,925,7678,(株)あさくま,東証STD,"2,990",-45,-1.48,"28,100",2026/07/31
926,926,8181,(株)東天紅,東証STD,"1,000",-15,-1.48,"5,800",2026/07/31
927,927,2565,GX ロジスティクス・J-REIT,東証ETF,938,-14,-1.47,"19,337",2026/07/31
928,928,3457,(株)Ａｎｄ　Ｄｏホールディングス,東証PRM,936,-14,-1.47,"58,600",2026/07/31
929,929,4662,(株)フォーカスシステムズ,東証PRM,"1,748",-26,-1.47,"34,000",2026/07/31
930,930,4686,(株)ジャストシステム,東証PRM,"4,030",-60,-1.47,"98,500",2026/07/31
931,931,7358,(株)ポピンズ,東証STD,"1,479",-22,-1.47,"14,200",2026/07/31
932,932,7885,タカノ(株),東証STD,"1,072",-16,-1.47,"46,700",2026/07/31
933,933,8630,ＳＯＭＰＯホールディングス(株),東証PRM,"7,113",-106,-1.47,"3,011,300",2026/07/31
934,934,1398,SMDAM 東証REIT指数上場投信,東証ETF,"1,918.5",-28.5,-1.46,"56,520",2026/07/31
935,935,1419,タマホーム(株),東証PRM,"3,040",-45,-1.46,"94,800",2026/07/31
936,936,2060,フィード・ワン(株),東証PRM,"1,284",-19,-1.46,"126,000",2026/07/31
937,937,404A,GX チャイナテック・トップ10,東証ETF,"1,283",-19,-1.46,"93,087",2026/07/31
938,938,435A,iFreeETF 日本株配当ローテーション戦略,東証ETF,"2,693",-40,-1.46,"355,353",2026/07/31
939,939,6367,ダイキン工業(株),東証PRM,"23,295",-345,-1.46,"1,509,800",2026/07/31
940,940,9346,(株)ココルポート,東証GRT,"1,623",-24,-1.46,"1,200",2026/07/31
941,941,1870,矢作建設工業(株),東証PRM,"1,908",-28,-1.45,"130,100",2026/07/31
942,942,2882,(株)イートアンドホールディングス,東証PRM,"2,036",-30,-1.45,"27,300",2026/07/31
943,943,3422,(株)Ｊ－ＭＡＸ,東証STD,476,-7,-1.45,"25,000",2026/07/31
944,944,3844,コムチュア(株),東証PRM,"1,430",-21,-1.45,"192,000",2026/07/31
945,945,3861,王子ホールディングス(株),東証PRM,879.8,-12.9,-1.45,"7,998,400",2026/07/31
946,946,4088,エア・ウォーター(株),東証PRM,"2,517",-37,-1.45,"885,800",2026/07/31
947,947,4260,(株)ハイブリッドテクノロジーズ,東証GRT,204,-3,-1.45,"6,100",2026/07/31
948,948,7578,(株)ニチリョク,東証STD,68,-1,-1.45,"93,400",2026/07/31
949,949,8850,スターツコーポレーション(株),東証PRM,"4,755",-70,-1.45,"65,700",2026/07/31
950,950,9259,(株)タカヨシホールディングス,東証GRT,886,-13,-1.45,"7,000",2026/07/31
951,951,9303,(株)住友倉庫,東証PRM,"4,070",-60,-1.45,"88,900",2026/07/31
952,952,2432,(株)ディー・エヌ・エー,東証PRM,"2,471.5",-36,-1.44,"998,400",2026/07/31
953,953,2647,(NEXT FUNDS)ブルームバーグ米国国債(7-10年)(H無),東証ETF,"5,938",-87,-1.44,"91,283",2026/07/31
954,954,3393,スターティアホールディングス(株),東証PRM,"3,080",-45,-1.44,"20,100",2026/07/31
955,955,394A,業界改革厳選ETFテレビ業界,東証ETF,532.6,-7.8,-1.44,20,2026/07/31
956,956,7943,ニチハ(株),東証PRM,"3,090",-45,-1.44,"52,800",2026/07/31
957,957,8029,(株)ルックホールディングス,東証STD,"2,594",-38,-1.44,"23,700",2026/07/31
958,958,9782,(株)ディーエムエス,東証STD,"3,420",-50,-1.44,"67,200",2026/07/31
959,959,3431,宮地エンジニアリンググループ(株),東証PRM,"1,585",-23,-1.43,"70,800",2026/07/31
960,960,5976,ネツレン,東証PRM,"1,380",-20,-1.43,"93,800",2026/07/31
961,961,9001,東武鉄道(株),東証PRM,"3,096",-45,-1.43,"847,400",2026/07/31
962,962,2097,GX レジデンシャル・J-REIT,東証ETF,970,-14,-1.42,"17,888",2026/07/31
963,963,2256,iシェアーズ 米国総合債券,東証ETF,222.8,-3.2,-1.42,"207,330",2026/07/31
964,964,3299,(株)ムゲンエステート,東証STD,"1,942",-28,-1.42,"123,900",2026/07/31
965,965,399A,上場インデックスファンド日経平均高配当株50,東証ETF,"2,283",-33,-1.42,"74,677",2026/07/31
966,966,4429,リックソフト(株),東証GRT,695,-10,-1.42,"3,000",2026/07/31
967,967,6161,(株)エスティック,東証STD,"1,045",-15,-1.42,"8,100",2026/07/31
968,968,3287,星野リゾート・リート投資法人,東証,"244,000","-3,500",-1.41,"1,634",2026/07/31
969,969,4933,(株)Ｉ－ｎｅ,東証PRM,"1,256",-18,-1.41,"27,100",2026/07/31
970,970,7544,(株)スリーエフ,東証STD,559,-8,-1.41,"6,600",2026/07/31
971,971,8923,トーセイ(株),東証PRM,"1,819",-26,-1.41,"317,200",2026/07/31
972,972,9069,センコーグループホールディングス(株),東証PRM,"2,205.5",-31.5,-1.41,"327,600",2026/07/31
973,973,1345,上場インデックスファンドJリート隔月分配,東証ETF,"1,900",-27,-1.4,"69,135",2026/07/31
974,974,1595,NZAM 上場投信 東証REIT指数,東証ETF,"1,902",-27,-1.4,"346,421",2026/07/31
975,975,2220,亀田製菓(株),東証PRM,"1,272",-18,-1.4,"402,500",2026/07/31
976,976,2749,(株)ＪＰホールディングス,東証PRM,636,-9,-1.4,"244,100",2026/07/31
977,977,1941,(株)中電工,東証PRM,"4,960",-70,-1.39,"121,800",2026/07/31
978,978,201A,iシェアーズ Nifty 50 インド株 ETF,東証ETF,184.2,-2.6,-1.39,"82,280",2026/07/31
979,979,2694,(株)焼肉坂井ホールディングス,東証STD,71,-1,-1.39,"415,100",2026/07/31
980,980,3580,小松マテーレ(株),東証PRM,710,-10,-1.39,"101,500",2026/07/31
981,981,3607,(株)クラウディアホールディングス,東証STD,356,-5,-1.39,"16,200",2026/07/31
982,982,4928,(株)ノエビアホールディングス,東証PRM,"4,970",-70,-1.39,"619,700",2026/07/31
983,983,7937,(株)ツツミ,東証STD,"2,553",-36,-1.39,"14,400",2026/07/31
984,984,9248,人・夢・技術グループ(株),東証STD,"1,565",-22,-1.39,"7,300",2026/07/31
985,985,9856,(株)ケーユーホールディングス,東証STD,"1,207",-17,-1.39,"32,800",2026/07/31
986,986,3907,シリコンスタジオ(株),東証STD,"1,004",-14,-1.38,"1,240,600",2026/07/31
987,987,3937,(株)Ｕｂｉｃｏｍホールディングス,東証STD,"1,003",-14,-1.38,"15,000",2026/07/31
988,988,5261,リソルホールディングス(株),東証PRM,"7,870",-110,-1.38,"2,800",2026/07/31
989,989,6035,(株)アイ・アールジャパンホールディングス,東証STD,715,-10,-1.38,"43,100",2026/07/31
990,990,7111,ＩＮＥＳＴ(株),東証STD,500,-7,-1.38,"16,100",2026/07/31
991,991,7510,(株)たけびし,東証PRM,"2,438",-34,-1.38,"29,100",2026/07/31
992,992,7820,ニホンフラッシュ(株),東証PRM,713,-10,-1.38,"66,900",2026/07/31
993,993,9171,栗林商船(株),東証STD,"1,720",-24,-1.38,"1,400",2026/07/31
994,994,1569,TOPIXベア上場投信,東証ETF,753.5,-10.5,-1.37,"120,050",2026/07/31
995,995,1698,上場インデックスファンド日本高配当,東証ETF,"4,322",-60,-1.37,"13,508",2026/07/31
996,996,2108,日本甜菜製糖(株),東証PRM,"5,040",-70,-1.37,"30,500",2026/07/31
997,997,2335,(株)キューブシステム,東証PRM,"1,081",-15,-1.37,"18,700",2026/07/31
998,998,7677,(株)ヤシマキザイ,東証STD,"2,670",-37,-1.37,300,2026/07/31
999,999,8098,稲畑産業(株),東証PRM,"3,965",-55,-1.37,"112,200",2026/07/31
1000,1000,3892,(株)岡山製紙,東証STD,"1,600",-22,-1.36,"4,200",2026/07/31
1001,1001,9558,ジャパニアス(株),東証GRT,"1,952",-27,-1.36,"5,800",2026/07/31
1002,1002,9682,(株)ＤＴＳ,東証PRM,"1,158",-16,-1.36,"1,721,700",2026/07/31
1003,1003,1309,(NEXT FUNDS)ChinaAMC・中国株式・上証50,東証ETF,"55,540",-760,-1.35,155,2026/07/31
1004,1004,1786,オリエンタル白石(株),東証PRM,366,-5,-1.35,"385,800",2026/07/31
1005,1005,356A,GX S&P500 キャッシュフロー・トップ100,東証ETF,"1,540",-21,-1.35,"4,042",2026/07/31
1006,1006,380A,GX チャイナテック,東証ETF,"1,026",-14,-1.35,"10,978",2026/07/31
1007,1007,6292,(株)カワタ,東証STD,805,-11,-1.35,"12,700",2026/07/31
1008,1008,6533,(株)Ｏｒｃｈｅｓｔｒａ　Ｈｏｌｄｉｎｇｓ,東証PRM,"1,166",-16,-1.35,"11,000",2026/07/31
1009,1009,7122,近畿車輛(株),東証STD,"2,343",-32,-1.35,"1,200",2026/07/31
1010,1010,8115,ムーンバット(株),東証STD,"1,531",-21,-1.35,"3,000",2026/07/31
1011,1011,1628,(NEXT FUNDS)運輸･物流上場投信,東証ETF,"21,725",-295,-1.34,781,2026/07/31
1012,1012,2702,日本マクドナルドホールディングス(株),東証STD,"8,080",-110,-1.34,"872,500",2026/07/31
1013,1013,476A,辻・本郷ＩＴコンサルティング(株),東証STD,"1,551",-21,-1.34,"3,600",2026/07/31
1014,1014,7378,(株)アシロ,東証GRT,"1,478",-20,-1.34,"11,600",2026/07/31
1015,1015,8844,(株)コスモスイニシア,東証STD,"1,324",-18,-1.34,"87,100",2026/07/31
1016,1016,3968,セグエグループ(株),東証PRM,593,-8,-1.33,"134,200",2026/07/31
1017,1017,5204,石塚硝子(株),東証STD,"2,970",-40,-1.33,"18,100",2026/07/31
1018,1018,6248,(株)横田製作所,東証STD,"1,782",-24,-1.33,200,2026/07/31
1019,1019,2971,エスコンジャパンリート投資法人,東証,"111,800","-1,500",-1.32,"1,387",2026/07/31
1020,1020,3371,(株)ソフトクリエイトホールディングス,東証PRM,"2,089",-28,-1.32,"87,300",2026/07/31
1021,1021,3597,(株)自重堂,東証STD,"8,980",-120,-1.32,"2,200",2026/07/31
1022,1022,5970,(株)ジーテクト,東証PRM,"2,163",-29,-1.32,"117,100",2026/07/31
1023,1023,6030,(株)アドベンチャー,東証GRT,"1,495",-20,-1.32,"5,500",2026/07/31
1024,1024,6086,シンメンテホールディングス(株),東証GRT,"1,043",-14,-1.32,"28,900",2026/07/31
1025,1025,9075,福山通運(株),東証PRM,"5,970",-80,-1.32,"99,300",2026/07/31
1026,1026,6301,コマツ,東証PRM,"6,994",-93,-1.31,"4,503,900",2026/07/31
1027,1027,7702,(株)ＪＭＳ,東証STD,453,-6,-1.31,"24,200",2026/07/31
1028,1028,7805,プリントネット(株),東証STD,754,-10,-1.31,"8,900",2026/07/31
1029,1029,7849,スターツ出版(株),東証STD,"3,395",-45,-1.31,600,2026/07/31
1030,1030,4934,プレミアアンチエイジング(株),東証GRT,609,-8,-1.3,"8,800",2026/07/31
1031,1031,6073,(株)アサンテ,東証PRM,"1,513",-20,-1.3,"11,200",2026/07/31
1032,1032,6184,(株)鎌倉新書,東証PRM,533,-7,-1.3,"105,100",2026/07/31
1033,1033,7060,ギークス(株),東証STD,607,-8,-1.3,"8,100",2026/07/31
1034,1034,9445,(株)フォーバルテレコム,東証STD,533,-7,-1.3,600,2026/07/31
1035,1035,1764,工藤建設(株),東証STD,"2,675",-35,-1.29,800,2026/07/31
1036,1036,2838,MAXIS 米国国債7-10年上場投信(H無),東証ETF,"8,884",-116,-1.29,"2,677",2026/07/31
1037,1037,8185,(株)チヨダ,東証PRM,998,-13,-1.29,"235,000",2026/07/31
1038,1038,9010,富士急行(株),東証PRM,"2,745",-36,-1.29,"164,600",2026/07/31
1039,1039,9644,(株)タナベコンサルティンググループ,東証PRM,766,-10,-1.29,"53,300",2026/07/31
1040,1040,9731,(株)白洋舍,東証STD,"3,435",-45,-1.29,800,2026/07/31
1041,1041,2411,ゲンダイエージェンシー(株),東証STD,462,-6,-1.28,"5,200",2026/07/31
1042,1042,2511,(NEXT FUNDS)外国債券・FTSE世界国債(除く日本・H無),東証ETF,"1,193.5",-15.5,-1.28,"200,440",2026/07/31
1043,1043,3944,古林紙工(株),東証STD,"2,710",-35,-1.28,300,2026/07/31
1044,1044,4256,(株)サインド,東証GRT,"1,000",-13,-1.28,"1,900",2026/07/31
1045,1045,6430,ダイコク電機(株),東証PRM,"2,462",-32,-1.28,"34,000",2026/07/31
1046,1046,6572,オープングループ(株),東証PRM,231,-3,-1.28,"229,900",2026/07/31
1047,1047,8005,(株)スクロール,東証PRM,"1,701",-22,-1.28,"223,700",2026/07/31
1048,1048,8725,ＭＳ＆ＡＤインシュアランスグループホールディングス(株),東証PRM,"4,924",-64,-1.28,"4,614,100",2026/07/31
1049,1049,8999,グランディハウス(株),東証PRM,542,-7,-1.28,"69,100",2026/07/31
1050,1050,2085,MAXIS 高配当日本株アクティブ,東証ETF,775,-10,-1.27,"11,890",2026/07/31
1051,1051,2705,(株)大戸屋ホールディングス,東証STD,"8,580",-110,-1.27,"15,900",2026/07/31
1052,1052,2923,サトウ食品(株),東証STD,"8,580",-110,-1.27,900,2026/07/31
1053,1053,3266,(株)ファンドクリエーショングループ,東証STD,78,-1,-1.27,"49,700",2026/07/31
1054,1054,3481,三菱地所物流リート投資法人,東証,"124,500","-1,600",-1.27,"4,418",2026/07/31
1055,1055,4839,(株)ＷＯＷＯＷ,東証PRM,"1,011",-13,-1.27,"101,200",2026/07/31
1056,1056,539A,NZAM 上場投信 海外債券(FTSE WGBI除く日本)(H無),東証ETF,"4,981",-64,-1.27,"1,314",2026/07/31
1057,1057,6181,タメニー(株),東証GRT,78,-1,-1.27,"20,200",2026/07/31
1058,1058,6770,アルプスアルパイン(株),東証PRM,"2,214",-28.5,-1.27,"2,560,400",2026/07/31
1059,1059,7079,ＷＤＢココ(株),東証GRT,"2,572",-33,-1.27,"6,500",2026/07/31
1060,1060,7434,(株)オータケ,東証STD,"1,788",-23,-1.27,400,2026/07/31
1061,1061,9343,(株)アイビス,東証GRT,780,-10,-1.27,"12,400",2026/07/31
1062,1062,4428,(株)シノプス,東証GRT,708,-9,-1.26,"5,300",2026/07/31
1063,1063,7284,盟和産業(株),東証STD,"1,172",-15,-1.26,100,2026/07/31
1064,1064,237A,iシェアーズ 米国債25年超 ロングデュレーション,東証ETF,150,-1.9,-1.25,"1,608,990",2026/07/31
1065,1065,3562,(株)Ｎｏ．１,東証STD,"1,577",-20,-1.25,"25,000",2026/07/31
1066,1066,3983,(株)オロ,東証PRM,"2,213",-28,-1.25,"37,300",2026/07/31
1067,1067,9274,ＫＰＰグループホールディングス(株),東証PRM,"1,110",-14,-1.25,"233,900",2026/07/31
1068,1068,4443,Ｓａｎｓａｎ(株),東証PRM,"1,989",-25,-1.24,"1,482,700",2026/07/31
1069,1069,4752,(株)昭和システムエンジニアリング,東証STD,"1,512",-19,-1.24,300,2026/07/31
1070,1070,6995,(株)東海理化,東証PRM,"3,175",-40,-1.24,"285,500",2026/07/31
1071,1071,7607,(株)進和,東証PRM,"3,175",-40,-1.24,"30,800",2026/07/31
1072,1072,2257,iシェアーズ 米ドル建て投資適格社債,東証ETF,224.2,-2.8,-1.23,"53,860",2026/07/31
1073,1073,2864,GX ロジスティクス・REIT,東証ETF,"1,451",-18,-1.23,"4,610",2026/07/31
1074,1074,3002,グンゼ(株),東証PRM,"4,020",-50,-1.23,"535,600",2026/07/31
1075,1075,6325,(株)タカキタ,東証STD,401,-5,-1.23,"14,000",2026/07/31
1076,1076,7486,サンリン(株),東証STD,800,-10,-1.23,200,2026/07/31
1077,1077,7836,アビックス(株),東証STD,80,-1,-1.23,"22,100",2026/07/31
1078,1078,9085,北海道中央バス(株),札証,"5,630",-70,-1.23,300,2026/07/31
1079,1079,9790,福井コンピュータホールディングス(株),東証PRM,"3,225",-40,-1.23,"53,000",2026/07/31
1080,1080,9979,(株)大庄,東証STD,"1,120",-14,-1.23,"33,400",2026/07/31
1081,1081,2258,iシェアーズ 米ドル建てハイイールド社債,東証ETF,227.4,-2.8,-1.22,"413,170",2026/07/31
1082,1082,3221,(株)ヨシックスホールディングス,東証PRM,"3,245",-40,-1.22,"24,800",2026/07/31
1083,1083,9407,(株)ＲＫＢ毎日ホールディングス,福証,"5,680",-70,-1.22,300,2026/07/31
1084,1084,2255,iシェアーズ 米国債20年超,東証ETF,203.5,-2.5,-1.21,"807,550",2026/07/31
1085,1085,3683,(株)サイバーリンクス,東証STD,"1,060",-13,-1.21,"11,500",2026/07/31
1086,1086,6580,(株)ライトアップ,東証GRT,815,-10,-1.21,"18,300",2026/07/31
1087,1087,7313,テイ・エス　テック(株),東証PRM,"1,838",-22.5,-1.21,"443,000",2026/07/31
1088,1088,7949,小松ウオール工業(株),東証PRM,"2,786",-34,-1.21,"82,900",2026/07/31
1089,1089,8023,ＤＡＩＫＯ　ＸＴＥＣＨ(株),東証STD,980,-12,-1.21,"37,000",2026/07/31
1090,1090,2378,(株)ルネサンス,東証PRM,"1,066",-13,-1.2,"33,100",2026/07/31
1091,1091,2935,(株)ピックルスホールディングス,東証PRM,"1,151",-14,-1.2,"25,400",2026/07/31
1092,1092,2982,(株)ＡＤワークスグループ,東証PRM,410,-5,-1.2,"295,000",2026/07/31
1093,1093,377A,(株)エージェントＩＧホールディングス,名証MN,"1,150",-14,-1.2,500,2026/07/31
1094,1094,4827,ビジネス・ワンホールディングス(株),福岡Q,822,-10,-1.2,600,2026/07/31
1095,1095,6539,(株)ＭＳ－Ｊａｐａｎ,東証PRM,991,-12,-1.2,"45,300",2026/07/31
1096,1096,8511,日本証券金融(株),東証PRM,"2,388",-29,-1.2,"593,300",2026/07/31
1097,1097,9337,(株)トリドリ,東証GRT,"1,641",-20,-1.2,"14,100",2026/07/31
1098,1098,9388,(株)パパネッツ,福岡Q,825,-10,-1.2,"1,700",2026/07/31
1099,1099,4783,ＮＣＤ(株),東証STD,"2,488",-30,-1.19,"8,200",2026/07/31
1100,1100,531A,NZAM 上場投信 日経平均高配当株50,東証ETF,"2,241",-27,-1.19,202,2026/07/31
1101,1101,8793,ＮＥＣキャピタルソリューション(株),東証PRM,"4,150",-50,-1.19,"22,400",2026/07/31
1102,1102,9201,日本航空(株),東証PRM,"2,943",-35.5,-1.19,"2,744,700",2026/07/31
1103,1103,2095,GX S&P500配当貴族 (H有),東証ETF,"1,176",-14,-1.18,272,2026/07/31
1104,1104,4612,日本ペイントホールディングス(株),東証PRM,"1,210",-14.5,-1.18,"4,295,700",2026/07/31
1105,1105,4767,(株)テー・オー・ダブリュー,東証STD,336,-4,-1.18,"82,400",2026/07/31
1106,1106,5842,インテグラル(株),東証GRT,"2,931",-35,-1.18,"41,800",2026/07/31
1107,1107,6678,(株)テクノメディカ,東証STD,"2,006",-24,-1.18,"6,800",2026/07/31
1108,1108,9302,三井倉庫ホールディングス(株),東証PRM,"3,607",-43,-1.18,"192,200",2026/07/31
1109,1109,3837,アドソル日進(株),東証PRM,"1,514",-18,-1.17,"70,600",2026/07/31
1110,1110,4107,伊勢化学工業(株),東証STD,"3,380",-40,-1.17,"381,400",2026/07/31
1111,1111,4792,山田コンサルティンググループ(株),東証PRM,"1,695",-20,-1.17,"24,100",2026/07/31
1112,1112,8593,三菱ＨＣキャピタル(株),東証PRM,"1,473",-17.5,-1.17,"6,968,600",2026/07/31
1113,1113,8595,ジャフコ　グループ(株),東証PRM,"2,242",-26.5,-1.17,"487,300",2026/07/31
1114,1114,8929,(株)青山財産ネットワークス,東証STD,"1,271",-15,-1.17,"59,500",2026/07/31
1115,1115,9202,ＡＮＡホールディングス(株),東証PRM,"3,116",-37,-1.17,"2,619,100",2026/07/31
1116,1116,245A,(株)ＩＮＧＳ,東証GRT,"2,466",-29,-1.16,800,2026/07/31
1117,1117,3835,ｅＢＡＳＥ(株),東証PRM,425,-5,-1.16,"68,300",2026/07/31
1118,1118,4331,(株)テイクアンドギヴ・ニーズ,東証PRM,680,-8,-1.16,"39,400",2026/07/31
1119,1119,4419,(株)Ｆｉｎａｔｅｘｔホールディングス,東証GRT,"1,530",-18,-1.16,"552,300",2026/07/31
1120,1120,7057,(株)エヌ・シー・エヌ,東証STD,937,-11,-1.16,300,2026/07/31
1121,1121,2291,福留ハム(株),東証STD,518,-6,-1.15,"1,200",2026/07/31
1122,1122,3157,ジオリーブグループ(株),東証STD,"1,375",-16,-1.15,"11,800",2026/07/31
1123,1123,5891,(株)ＳＡＫＩＧＡＫＥホールディングス,東証STD,"1,640",-19,-1.15,"5,600",2026/07/31
1124,1124,7807,(株)幸和製作所,東証STD,856,-10,-1.15,100,2026/07/31
1125,1125,8057,(株)内田洋行,東証PRM,"2,141",-25,-1.15,"264,200",2026/07/31
1126,1126,8956,NTT都市開発リート投資法人,東証,"137,300","-1,600",-1.15,"5,211",2026/07/31
1127,1127,9068,丸全昭和運輸(株),東証PRM,"7,720",-90,-1.15,"25,500",2026/07/31
1128,1128,9932,杉本商事(株),東証PRM,"1,295",-15,-1.15,"50,600",2026/07/31
1129,1129,1852,(株)淺沼組,東証PRM,871,-10,-1.14,"636,800",2026/07/31
1130,1130,2475,ＷＤＢホールディングス(株),東証PRM,"1,814",-21,-1.14,"13,200",2026/07/31
1131,1131,401A,霞ヶ関ホテルリート投資法人,東証,"95,200","-1,100",-1.14,"1,625",2026/07/31
1132,1132,6135,(株)牧野フライス製作所,東証PRM,"13,920",-160,-1.14,"601,500",2026/07/31
1133,1133,6757,(株)ＯＳＧコーポレーション,東証STD,868,-10,-1.14,"9,700",2026/07/31
1134,1134,8014,蝶理(株),東証PRM,"3,905",-45,-1.14,"70,400",2026/07/31
1135,1135,1678,(NEXT FUNDS)インド株式指数上場投信,東証ETF,323.6,-3.7,-1.13,"288,100",2026/07/31
1136,1136,2556,One ETF 東証REIT指数,東証ETF,"1,920",-22,-1.13,"90,050",2026/07/31
1137,1137,5357,(株)ヨータイ,東証PRM,"1,756",-20,-1.13,"58,400",2026/07/31
1138,1138,5603,虹技(株),東証STD,"1,315",-15,-1.13,400,2026/07/31
1139,1139,6798,ＳＭＫ(株),東証PRM,"3,060",-35,-1.13,"20,400",2026/07/31
1140,1140,6822,大井電気(株),東証STD,"4,800",-55,-1.13,"9,300",2026/07/31
1141,1141,3058,(株)三洋堂ホールディングス,東証STD,705,-8,-1.12,600,2026/07/31
1142,1142,3178,チムニー(株),東証STD,"1,147",-13,-1.12,"13,100",2026/07/31
1143,1143,3465,ケイアイスター不動産(株),東証PRM,"3,540",-40,-1.12,"94,700",2026/07/31
1144,1144,7244,市光工業(株),東証PRM,530,-6,-1.12,"84,300",2026/07/31
1145,1145,7570,橋本総業ホールディングス(株),東証STD,"1,414",-16,-1.12,"19,700",2026/07/31
1146,1146,7823,(株)アートネイチャー,東証STD,884,-10,-1.12,"22,500",2026/07/31
1147,1147,8131,(株)ミツウロコグループホールディングス,東証STD,"2,116",-24,-1.12,"42,100",2026/07/31
1148,1148,9278,ブックオフグループホールディングス(株),東証PRM,"2,816",-32,-1.12,"146,600",2026/07/31
1149,1149,7413,(株)創健社,東証STD,"2,670",-30,-1.11,600,2026/07/31
1150,1150,7453,(株)良品計画,東証PRM,"4,177",-47,-1.11,"3,785,400",2026/07/31
1151,1151,8097,三愛オブリ(株),東証PRM,"2,325",-26,-1.11,"84,000",2026/07/31
1152,1152,8892,(株)エスコン,東証PRM,"1,073",-12,-1.11,"322,900",2026/07/31
1153,1153,3931,(株)バリューゴルフ,東証GRT,"1,533",-17,-1.1,"9,400",2026/07/31
1154,1154,3992,(株)ニーズウェル,東証PRM,450,-5,-1.1,"50,100",2026/07/31
1155,1155,4073,(株)ジィ・シィ企画,東証GRT,449,-5,-1.1,"9,100",2026/07/31
1156,1156,3123,サイボー(株),東証STD,638,-7,-1.09,"1,700",2026/07/31
1157,1157,9025,鴻池運輸(株),東証PRM,"2,992",-33,-1.09,"175,700",2026/07/31
1158,1158,9324,安田倉庫(株),東証PRM,"2,542",-28,-1.09,"76,600",2026/07/31
1159,1159,1828,田辺工業(株),東証STD,"2,280",-25,-1.08,"10,400",2026/07/31
1160,1160,2395,(株)新日本科学,東証PRM,"1,277",-14,-1.08,"197,000",2026/07/31
1161,1161,3205,(株)ダイドーリミテッド,東証STD,732,-8,-1.08,"132,400",2026/07/31
1162,1162,3773,(株)アドバンスト・メディア,東証GRT,"1,094",-12,-1.08,"24,600",2026/07/31
1163,1163,3843,フリービット(株),東証PRM,"1,562",-17,-1.08,"36,200",2026/07/31
1164,1164,495A,One ETF 日本国債 7-10年,東証ETF,971.3,-10.6,-1.08,20,2026/07/31
1165,1165,6147,(株)ヤマザキ,福証,183,-2,-1.08,400,2026/07/31
1166,1166,8309,三井住友トラストグループ(株),東証PRM,"1,654",-18,-1.08,"16,815,400",2026/07/31
1167,1167,9414,日本ＢＳ放送(株),東証STD,914,-10,-1.08,"26,200",2026/07/31
1168,1168,8766,東京海上ホールディングス(株),東証PRM,"8,114",-88,-1.07,"4,956,200",2026/07/31
1169,1169,9119,飯野海運(株),東証PRM,"1,485",-16,-1.07,"197,800",2026/07/31
1170,1170,9368,キムラユニティー(株),東証STD,927,-10,-1.07,"24,300",2026/07/31
1171,1171,1573,中国H株ベア上場投信,東証ETF,"8,225",-88,-1.06,490,2026/07/31
1172,1172,1677,上場インデックスファンド海外債券毎月分配,東証ETF,"60,620",-650,-1.06,140,2026/07/31
1173,1173,3053,(株)ペッパーフードサービス,東証STD,186,-2,-1.06,"105,900",2026/07/31
1174,1174,5283,(株)高見澤,東証STD,"2,998",-32,-1.06,"2,300",2026/07/31
1175,1175,8869,明和地所(株),東証STD,837,-9,-1.06,"56,800",2026/07/31
1176,1176,9215,(株)ＣａＳｙ,東証GRT,929,-10,-1.06,"3,100",2026/07/31
1177,1177,182A,MAXIS 米国国債20年超上場投信(H無),東証ETF,499.5,-5.3,-1.05,"21,620",2026/07/31
1178,1178,2305,(株)スタジオアリス,東証STD,"1,982",-21,-1.05,"20,900",2026/07/31
1179,1179,466A,GX 防衛テック,東証ETF,"1,039",-11,-1.05,"49,492",2026/07/31
1180,1180,7990,グローブライド(株),東証PRM,"2,551",-27,-1.05,"68,400",2026/07/31
1181,1181,2301,(株)学情,東証PRM,"1,622",-17,-1.04,"76,700",2026/07/31
1182,1182,3082,(株)きちりホールディングス,東証STD,955,-10,-1.04,"5,800",2026/07/31
1183,1183,4644,イマジニア(株),東証STD,"1,048",-11,-1.04,"11,400",2026/07/31
1184,1184,5273,三谷セキサン(株),東証STD,"1,909",-20,-1.04,"60,900",2026/07/31
1185,1185,6040,日本スキー場開発(株),東証GRT,475,-5,-1.04,"44,600",2026/07/31
1186,1186,6078,(株)バリューＨＲ,東証PRM,"1,518",-16,-1.04,"19,900",2026/07/31
1187,1187,6413,理想科学工業(株),東証PRM,"1,050",-11,-1.04,"70,600",2026/07/31
1188,1188,9793,(株)ダイセキ,東証PRM,"3,800",-40,-1.04,"148,300",2026/07/31
1189,1189,2700,木徳神糧(株),東証STD,"1,730",-18,-1.03,"13,600",2026/07/31
1190,1190,3401,帝人(株),東証PRM,"1,637",-17,-1.03,"955,200",2026/07/31
1191,1191,6099,(株)エラン,東証PRM,771,-8,-1.03,"128,400",2026/07/31
1192,1192,6186,(株)一蔵,東証STD,384,-4,-1.03,800,2026/07/31
1193,1193,7628,(株)オーハシテクニカ,東証PRM,"1,151",-12,-1.03,"29,300",2026/07/31
1194,1194,3010,ポラリス・ホールディングス(株),東証STD,195,-2,-1.02,"185,900",2026/07/31
1195,1195,3925,(株)ダブルスタンダード,東証PRM,"1,260",-13,-1.02,"32,000",2026/07/31
1196,1196,3996,サインポスト(株),東証STD,195,-2,-1.02,"43,800",2026/07/31
1197,1197,453A,iシェアーズ 米国債20年超プレミアムインカム,東証ETF,777,-8,-1.02,"364,770",2026/07/31
1198,1198,7502,(株)プラザホールディングス,東証STD,"1,651",-17,-1.02,700,2026/07/31
1199,1199,1972,三晃金属工業(株),東証STD,"1,270",-13,-1.01,"20,400",2026/07/31
1200,1200,254A,ＡＩフュージョンキャピタルグループ(株),東証STD,"1,176",-12,-1.01,"82,400",2026/07/31
1201,1201,2629,iFree グレーターベイエリア・イノベーション100,東証ETF,"3,643",-37,-1.01,661,2026/07/31
1202,1202,2806,ユタカフーズ(株),東証STD,"1,871",-19,-1.01,"3,100",2026/07/31
1203,1203,6485,前澤給装工業(株),東証STD,"1,572",-16,-1.01,"28,300",2026/07/31
1204,1204,6488,(株)ヨシタケ,東証STD,980,-10,-1.01,"22,600",2026/07/31
1205,1205,7595,(株)アルゴグラフィックス,東証PRM,"1,366",-14,-1.01,"204,000",2026/07/31
1206,1206,7821,前田工繊(株),東証PRM,"1,965",-20,-1.01,"186,600",2026/07/31
1207,1207,9850,(株)グルメ杵屋,東証PRM,978,-10,-1.01,"24,800",2026/07/31
1208,1208,2911,旭松食品(株),東証STD,"2,277",-23,-1.0,"1,200",2026/07/31
1209,1209,2989,東海道リート投資法人,東証,"99,500","-1,000",-1.0,"2,283",2026/07/31
1210,1210,4634,ａｒｔｉｅｎｃｅ(株),東証PRM,"4,460",-45,-1.0,"159,500",2026/07/31
1211,1211,6420,ガリレイホールディングス(株),東証PRM,"3,455",-35,-1.0,"110,000",2026/07/31
1212,1212,7962,(株)キングジム,東証PRM,793,-8,-1.0,"55,400",2026/07/31
1213,1213,9818,大丸エナウィン(株),東証STD,"1,487",-15,-1.0,"2,200",2026/07/31
1214,1214,1484,One ETF JPX/S&P 設備･人材投資指数,東証ETF,"3,699",-37,-0.99,220,2026/07/31
1215,1215,2307,(株)クロスキャット,東証PRM,"1,000",-10,-0.99,"26,300",2026/07/31
1216,1216,4812,(株)電通総研,東証PRM,"2,687",-27,-0.99,"554,600",2026/07/31
1217,1217,8914,エリアリンク(株),東証STD,997,-10,-0.99,"119,200",2026/07/31
1218,1218,9163,(株)ナレルグループ,東証GRT,"2,311",-23,-0.99,"12,400",2026/07/31
1219,1219,3242,(株)アーバネットコーポレーション,東証STD,503,-5,-0.98,"101,500",2026/07/31
1220,1220,4735,(株)京進,東証STD,303,-3,-0.98,"4,700",2026/07/31
1221,1221,4801,セントラルスポーツ(株),東証PRM,"2,431",-24,-0.98,"12,900",2026/07/31
1222,1222,4994,大成ラミックグループ(株),東証STD,"2,530",-25,-0.98,"10,100",2026/07/31
1223,1223,512A,GX ステーブルコイン&トークンビジネス(除く日本),東証ETF,"1,113",-11,-0.98,"1,092",2026/07/31
1224,1224,9474,(株)ゼンリン,東証PRM,907,-9,-0.98,"446,400",2026/07/31
1225,1225,2326,デジタルアーツ(株),東証PRM,"4,065",-40,-0.97,"127,400",2026/07/31
1226,1226,4337,ぴあ(株),東証PRM,"2,845",-28,-0.97,"21,800",2026/07/31
1227,1227,4932,(株)アルマード,東証STD,713,-7,-0.97,"12,800",2026/07/31
1228,1228,608A,上場インデックスファンド東証REIT高利回り30,東証ETF,"1,530",-15,-0.97,"3,858",2026/07/31
1229,1229,6436,アマノ(株),東証PRM,"3,874",-38,-0.97,"748,400",2026/07/31
1230,1230,7994,(株)オカムラ,東証PRM,"2,340",-23,-0.97,"627,800",2026/07/31
1231,1231,1488,iFreeETF 東証REIT指数,東証ETF,"1,950",-19,-0.96,"14,246",2026/07/31
1232,1232,6074,(株)ジェイエスエス,東証STD,516,-5,-0.96,"1,200",2026/07/31
1233,1233,7955,クリナップ(株),東証PRM,928,-9,-0.96,"62,000",2026/07/31
1234,1234,8897,ＭＩＲＡＲＴＨホールディングス(株),東証PRM,411,-4,-0.96,"380,100",2026/07/31
1235,1235,2497,ユナイテッド(株),東証GRT,520,-5,-0.95,"29,100",2026/07/31
1236,1236,2626,GX デジタル・イノベーション-日本株式,東証ETF,"3,116",-30,-0.95,588,2026/07/31
1237,1237,6718,アイホン(株),東証PRM,"2,818",-27,-0.95,"17,400",2026/07/31
1238,1238,9423,(株)ＦＲＳ,東証STD,104,-1,-0.95,"58,800",2026/07/31
1239,1239,244A,グロースエクスパートナーズ(株),東証GRT,"1,155",-11,-0.94,"1,700",2026/07/31
1240,1240,2489,(株)アドウェイズ,東証STD,317,-3,-0.94,"105,200",2026/07/31
1241,1241,3454,ファーストブラザーズ(株),東証STD,"1,265",-12,-0.94,"10,000",2026/07/31
1242,1242,3488,セントラル・リート投資法人,東証,"105,300","-1,000",-0.94,"1,053",2026/07/31
1243,1243,3679,(株)じげん,東証PRM,421,-4,-0.94,"178,600",2026/07/31
1244,1244,6044,(株)三機サービス,東証STD,"1,902",-18,-0.94,"20,400",2026/07/31
1245,1245,6703,ＯＫＩ,東証PRM,"2,750",-26,-0.94,"2,174,100",2026/07/31
1246,1246,8917,ファースト住建(株),東証STD,"1,155",-11,-0.94,"9,300",2026/07/31
1247,1247,9251,(株)ＡＢ＆Ｃｏｍｐａｎｙ,東証GRT,"1,367",-13,-0.94,"23,400",2026/07/31
1248,1248,9364,(株)上組,東証PRM,"5,179",-49,-0.94,"809,800",2026/07/31
1249,1249,1672,WisdomTree 金上場投信,東証ETF,"60,760",-570,-0.93,314,2026/07/31
1250,1250,2566,上場インデックスファンド日経ESGリート,東証ETF,"1,060",-10,-0.93,567,2026/07/31
1251,1251,3031,(株)ラクーンホールディングス,東証PRM,642,-6,-0.93,"123,100",2026/07/31
1252,1252,4404,ミヨシ油脂(株),東証STD,"1,915",-18,-0.93,"10,900",2026/07/31
1253,1253,4548,生化学工業(株),東証PRM,746,-7,-0.93,"107,200",2026/07/31
1254,1254,6238,フリュー(株),東証PRM,"1,387",-13,-0.93,"74,700",2026/07/31
1255,1255,9267,Ｇｅｎｋｙ　ＤｒｕｇＳｔｏｒｅｓ(株),東証PRM,"3,735",-35,-0.93,"141,400",2026/07/31
1256,1256,1926,ライト工業(株),東証PRM,"3,775",-35,-0.92,"160,800",2026/07/31
1257,1257,3150,(株)グリムス,東証PRM,"2,574",-24,-0.92,"32,500",2026/07/31
1258,1258,6807,日本航空電子工業(株),東証PRM,"2,378",-22,-0.92,"545,800",2026/07/31
1259,1259,9788,(株)ナック,東証PRM,536,-5,-0.92,"34,900",2026/07/31
1260,1260,1882,東亜道路工業(株),東証PRM,"1,626",-15,-0.91,"300,500",2026/07/31
1261,1261,295A,One ETF FTSE・サウジアラビア・インデックス,東証ETF,"9,835",-90,-0.91,3,2026/07/31
1262,1262,505A,(株)ギークリー,東証STD,"1,301",-12,-0.91,"27,000",2026/07/31
1263,1263,8016,(株)オンワードホールディングス,東証PRM,763,-7,-0.91,"790,300",2026/07/31
1264,1264,4343,(株)イオンファンタジー,東証PRM,"2,762",-25,-0.9,"118,900",2026/07/31
1265,1265,4356,応用技術(株),東証STD,"1,656",-15,-0.9,800,2026/07/31
1266,1266,4487,(株)スペースマーケット,東証GRT,219,-2,-0.9,"2,900",2026/07/31
1267,1267,8544,(株)京葉銀行,東証PRM,"2,650",-24,-0.9,"767,100",2026/07/31
1268,1268,166A,(株)タスキホールディングス,東証PRM,"1,109",-10,-0.89,"1,041,800",2026/07/31
1269,1269,2384,ＳＢＳホールディングス(株),東証PRM,"4,460",-40,-0.89,"84,000",2026/07/31
1270,1270,2894,石井食品(株),東証STD,334,-3,-0.89,"9,500",2026/07/31
1271,1271,3360,シップヘルスケアホールディングス(株),東証PRM,"2,561",-23,-0.89,"382,800",2026/07/31
1272,1272,3695,ＧＭＯプロダクトプラットフォーム(株),東証GRT,"1,445",-13,-0.89,"2,400",2026/07/31
1273,1273,4116,大日精化工業(株),東証PRM,"1,114",-10,-0.89,"176,200",2026/07/31
1274,1274,4344,ソースネクスト(株),東証PRM,111,-1,-0.89,"598,500",2026/07/31
1275,1275,4433,(株)ヒト・コミュニケーションズ・ホールディングス,東証PRM,887,-8,-0.89,"41,100",2026/07/31
1276,1276,4531,有機合成薬品工業(株),東証STD,335,-3,-0.89,"194,100",2026/07/31
1277,1277,6458,新晃工業(株),東証PRM,"1,224",-11,-0.89,"271,800",2026/07/31
1278,1278,6482,ＹＵＳＨＩＮ(株),東証STD,668,-6,-0.89,"101,600",2026/07/31
1279,1279,9250,(株)ＧＲＣＳ,東証GRT,887,-8,-0.89,800,2026/07/31
1280,1280,233A,iFreeETF インドNifty50,東証ETF,"1,920",-17,-0.88,"2,302",2026/07/31
1281,1281,2425,(株)ケアサービス,東証STD,674,-6,-0.88,200,2026/07/31
1282,1282,3544,サツドラホールディングス(株),東証STD,"1,246",-11,-0.88,"75,300",2026/07/31
1283,1283,365A,伊澤タオル(株),東証STD,785,-7,-0.88,"28,100",2026/07/31
1284,1284,3661,(株)エムアップホールディングス,東証PRM,789,-7,-0.88,"700,600",2026/07/31
1285,1285,6083,ＥＲＩホールディングス(株),東証STD,"1,575",-14,-0.88,"55,200",2026/07/31
1286,1286,7061,日本ホスピスホールディングス(株),東証GRT,562,-5,-0.88,"41,300",2026/07/31
1287,1287,8118,(株)キング,東証STD,"1,239",-11,-0.88,100,2026/07/31
1288,1288,8125,(株)ワキタ,東証PRM,"1,922",-17,-0.88,"152,300",2026/07/31
1289,1289,9221,フルハシＥＰＯ(株),東証STD,"1,242",-11,-0.88,"9,000",2026/07/31
1290,1290,9470,(株)学研ホールディングス,東証PRM,"1,017",-9,-0.88,"180,400",2026/07/31
1291,1291,9536,西部ガスホールディングス(株),東証PRM,"2,361",-21,-0.88,"93,000",2026/07/31
1292,1292,1626,(NEXT FUNDS)情報通信･サービス上場投信,東証ETF,"44,300",-390,-0.87,"2,750",2026/07/31
1293,1293,228A,(株)オプロ,東証GRT,"1,588",-14,-0.87,"5,800",2026/07/31
1294,1294,4114,(株)日本触媒,東証PRM,"2,158",-19,-0.87,"508,800",2026/07/31
1295,1295,5075,アップコン(株),名証NXT,"1,025",-9,-0.87,"4,800",2026/07/31
1296,1296,5351,品川リフラ(株),東証PRM,"2,057",-18,-0.87,"101,800",2026/07/31
1297,1297,6908,イリソ電子工業(株),東証PRM,"2,740",-24,-0.87,"137,700",2026/07/31
1298,1298,7846,(株)パイロットコーポレーション,東証PRM,"1,813.5",-16,-0.87,"265,900",2026/07/31
1299,1299,8927,(株)明豊エンタープライズ,東証STD,454,-4,-0.87,"148,400",2026/07/31
1300,1300,9424,日本通信(株),東証PRM,114,-1,-0.87,"1,264,000",2026/07/31
1301,1301,1898,世紀東急工業(株),東証PRM,"1,503",-13,-0.86,"199,400",2026/07/31
1302,1302,3143,オーウイル(株),東証STD,688,-6,-0.86,"2,300",2026/07/31
1303,1303,3763,(株)プロシップ,東証PRM,"1,850",-16,-0.86,"28,100",2026/07/31
1304,1304,4012,(株)アクシス,東証STD,"1,738",-15,-0.86,"4,300",2026/07/31
1305,1305,4091,日本酸素ホールディングス(株),東証PRM,"5,781",-50,-0.86,"822,500",2026/07/31
1306,1306,8217,(株)オークワ,東証PRM,807,-7,-0.86,"101,700",2026/07/31
1307,1307,1617,(NEXT FUNDS)食品上場投信,東証ETF,"47,860",-410,-0.85,514,2026/07/31
1308,1308,3877,中越パルプ工業(株),東証PRM,"2,091",-18,-0.85,"32,700",2026/07/31
1309,1309,5391,(株)エーアンドエーマテリアル,東証STD,"1,517",-13,-0.85,"4,000",2026/07/31
1310,1310,5958,三洋工業(株),東証STD,"4,690",-40,-0.85,"2,300",2026/07/31
1311,1311,6272,レオン自動機(株),東証PRM,"1,519",-13,-0.85,"80,400",2026/07/31
1312,1312,7041,ＣＲＧホールディングス(株),東証GRT,352,-3,-0.85,"6,700",2026/07/31
1313,1313,9076,セイノーホールディングス(株),東証PRM,"2,634",-22.5,-0.85,"538,000",2026/07/31
1314,1314,1384,(株)ホクリヨウ,東証STD,"2,018",-17,-0.84,"14,700",2026/07/31
1315,1315,1844,(株)大盛工業,東証STD,474,-4,-0.84,"83,900",2026/07/31
1316,1316,5461,中部鋼鈑(株),東証PRM,"2,127",-18,-0.84,"63,700",2026/07/31
1317,1317,6445,(株)ジャノメ,東証PRM,"1,303",-11,-0.84,"32,200",2026/07/31
1318,1318,8127,ヤマト　インターナショナル(株),東証STD,587,-5,-0.84,"10,200",2026/07/31
1319,1319,9229,(株)サンウェルズ,東証PRM,118,-1,-0.84,"653,100",2026/07/31
1320,1320,459A,野村 高利回りJリート指数ETF,東証ETF,"10,695",-90,-0.83,15,2026/07/31
1321,1321,4617,中国塗料(株),東証PRM,"3,585",-30,-0.83,"660,000",2026/07/31
1322,1322,5125,(株)ファインズ,東証GRT,480,-4,-0.83,"2,600",2026/07/31
1323,1323,5901,東洋製罐グループホールディングス(株),東証PRM,"4,072",-34,-0.83,"351,800",2026/07/31
1324,1324,6788,(株)日本トリム,東証PRM,"4,765",-40,-0.83,"14,200",2026/07/31
1325,1325,2529,(NEXT FUNDS)野村株主還元70連動型上場投信,東証ETF,"2,297",-19,-0.82,"14,941",2026/07/31
1326,1326,479A,ＰＲＯＮＩ(株),東証GRT,"1,331",-11,-0.82,"26,500",2026/07/31
1327,1327,6448,ブラザー工業(株),東証PRM,"4,011",-33,-0.82,"1,562,100",2026/07/31
1328,1328,7049,(株)識学,東証GRT,845,-7,-0.82,"14,600",2026/07/31
1329,1329,7822,永大産業(株),東証STD,243,-2,-0.82,"32,900",2026/07/31
1330,1330,9225,ブリッジコンサルティンググループ(株),東証GRT,968,-8,-0.82,200,2026/07/31
1331,1331,3548,(株)バロックジャパンリミテッド,東証PRM,736,-6,-0.81,"85,000",2026/07/31
1332,1332,4996,クミアイ化学工業(株),東証PRM,734,-6,-0.81,"382,800",2026/07/31
1333,1333,7600,(株)日本エム・ディ・エム,東証PRM,862,-7,-0.81,"664,800",2026/07/31
1334,1334,8381,(株)山陰合同銀行,東証PRM,"2,336",-19,-0.81,"721,800",2026/07/31
1335,1335,8944,(株)ランドビジネス,東証STD,245,-2,-0.81,"100,600",2026/07/31
1336,1336,407A,(株)ＵＮＩＣＯＮホールディングス,東証STD,872,-7,-0.8,"17,600",2026/07/31
1337,1337,5844,(株)京都フィナンシャルグループ,東証PRM,"4,437",-36,-0.8,"1,205,500",2026/07/31
1338,1338,7196,(株)Ｃａｓａ,東証STD,740,-6,-0.8,"56,300",2026/07/31
1339,1339,7296,(株)エフ・シー・シー,東証PRM,"3,740",-30,-0.8,"91,200",2026/07/31
1340,1340,7747,朝日インテック(株),東証PRM,"3,593",-29,-0.8,"1,070,600",2026/07/31
1341,1341,3361,(株)トーエル,東証STD,876,-7,-0.79,"2,200",2026/07/31
1342,1342,4231,タイガースポリマー(株),東証STD,"1,000",-8,-0.79,"11,400",2026/07/31
1343,1343,4633,サカタインクス(株),東証PRM,"2,500",-20,-0.79,"177,400",2026/07/31
1344,1344,8219,青山商事(株),東証PRM,750,-6,-0.79,"798,500",2026/07/31
1345,1345,9672,東京都競馬(株),東証PRM,"5,030",-40,-0.79,"67,000",2026/07/31
1346,1346,1420,サンヨーホームズ(株),東証STD,638,-5,-0.78,"22,400",2026/07/31
1347,1347,2098,GX ホテル&リテール・J-REIT,東証ETF,"1,012",-8,-0.78,"2,237",2026/07/31
1348,1348,3320,クロスプラス(株),東証STD,"1,270",-10,-0.78,"14,900",2026/07/31
1349,1349,4391,ロジザード(株),東証GRT,"1,140",-9,-0.78,900,2026/07/31
1350,1350,1457,iFreeETF TOPIXインバース(-1倍)指数,東証ETF,"1,812",-14,-0.77,"11,707",2026/07/31
1351,1351,3678,(株)メディアドゥ,東証PRM,"1,290",-10,-0.77,"20,700",2026/07/31
1352,1352,3766,システムズ・デザイン(株),東証STD,"1,409",-11,-0.77,500,2026/07/31
1353,1353,6571,キュービーネットホールディングス(株),東証PRM,"1,290",-10,-0.77,"32,000",2026/07/31
1354,1354,9029,(株)ヒガシホールディングス,東証STD,"1,940",-15,-0.77,"3,200",2026/07/31
1355,1355,3472,日本ホテル＆レジデンシャル投資法人,東証,"65,600",-500,-0.76,"1,354",2026/07/31
1356,1356,3698,(株)ＣＲＩ・ミドルウェア,東証STD,"1,183",-9,-0.76,"17,500",2026/07/31
1357,1357,4397,(株)チームスピリット,東証GRT,391,-3,-0.76,"123,900",2026/07/31
1358,1358,469A,(株)フィットクルー,東証GRT,"1,439",-11,-0.76,"3,800",2026/07/31
1359,1359,4958,長谷川香料(株),東証PRM,"3,250",-25,-0.76,"156,700",2026/07/31
1360,1360,600A,ニッセイ ETF ラッセル2000,東証ETF,"1,967",-15,-0.76,"4,374",2026/07/31
1361,1361,9501,東京電力ホールディングス(株),東証PRM,520,-4,-0.76,"50,038,100",2026/07/31
1362,1362,2813,和弘食品(株),東証STD,"3,970",-30,-0.75,"1,000",2026/07/31
1363,1363,3420,(株)ケー・エフ・シー,東証STD,"1,598",-12,-0.75,"1,500",2026/07/31
1364,1364,4725,(株)ＣＡＣ　Ｈｏｌｄｉｎｇｓ,東証PRM,"1,850",-14,-0.75,"62,100",2026/07/31
1365,1365,5532,(株)リアルゲイト,東証GRT,"3,300",-25,-0.75,"38,400",2026/07/31
1366,1366,6050,イー・ガーディアン(株),東証PRM,"1,717",-13,-0.75,"23,400",2026/07/31
1367,1367,9428,(株)クロップス,東証STD,"1,320",-10,-0.75,"1,500",2026/07/31
1368,1368,2071,スマート ESG30 総合(ネットリターン)ETN,東証ETF,"20,130",-150,-0.74,400,2026/07/31
1369,1369,2594,キーコーヒー(株),東証PRM,"2,001",-15,-0.74,"105,900",2026/07/31
1370,1370,3306,日本製麻(株),東証STD,809,-6,-0.74,"14,300",2026/07/31
1371,1371,379A,GX S&P500 (ダイナミック・プロテクション),東証ETF,"1,344",-10,-0.74,18,2026/07/31
1372,1372,4097,高圧ガス工業(株),東証PRM,"1,071",-8,-0.74,"59,700",2026/07/31
1373,1373,4650,ＳＤエンターテイメント(株),東証STD,268,-2,-0.74,"2,800",2026/07/31
1374,1374,5237,(株)ノザワ,東証STD,"1,212",-9,-0.74,"2,100",2026/07/31
1375,1375,6069,トレンダーズ(株),東証GRT,672,-5,-0.74,"14,700",2026/07/31
1376,1376,7039,ブリッジインターナショナルグループ(株),東証GRT,"1,737",-13,-0.74,"3,800",2026/07/31
1377,1377,8233,(株)高島屋,東証PRM,"2,275.5",-17,-0.74,"1,346,600",2026/07/31
1378,1378,9168,(株)ライズ・コンサルティング・グループ,東証GRT,402,-3,-0.74,"98,400",2026/07/31
1379,1379,9946,ミニストップ(株),東証PRM,"1,874",-14,-0.74,"29,300",2026/07/31
1380,1380,1326,SPDRゴールド･シェア,東証ETF,"60,040",-440,-0.73,"6,994",2026/07/31
1381,1381,2471,(株)エスプール,東証PRM,271,-2,-0.73,"645,300",2026/07/31
1382,1382,2979,SOSiLA物流リート投資法人,東証,"108,800",-800,-0.73,"3,375",2026/07/31
1383,1383,5192,三ツ星ベルト(株),東証PRM,"4,085",-30,-0.73,"90,100",2026/07/31
1384,1384,564A,GX S&P先進国キャッシュフロー・トップ100,東証ETF,"1,089",-8,-0.73,914,2026/07/31
1385,1385,6058,(株)ベクトル,東証PRM,"1,776",-13,-0.73,"390,000",2026/07/31
1386,1386,7811,中本パックス(株),東証STD,"1,896",-14,-0.73,"24,700",2026/07/31
1387,1387,7991,マミヤ・オーピー(株),東証STD,"1,094",-8,-0.73,"8,700",2026/07/31
1388,1388,8081,(株)カナデン,東証PRM,"2,451",-18,-0.73,"49,800",2026/07/31
1389,1389,8194,(株)ライフコーポレーション,東証PRM,"2,584",-19,-0.73,"298,300",2026/07/31
1390,1390,9204,スカイマーク(株),東証GRT,408,-3,-0.73,"37,200",2026/07/31
1391,1391,1566,上場インデックスファンド新興国債券,東証ETF,"54,000",-390,-0.72,924,2026/07/31
1392,1392,25935,(株)伊藤園第1種優先株式,東証PRM,"1,788",-13,-0.72,"28,200",2026/07/31
1393,1393,3107,ダイワボウホールディングス(株),東証PRM,"3,576",-26,-0.72,"294,300",2026/07/31
1394,1394,3191,(株)ジョイフル本田,東証PRM,"2,493",-18,-0.72,"729,600",2026/07/31
1395,1395,3559,(株)ピーバンドットコム,東証STD,413,-3,-0.72,"4,700",2026/07/31
1396,1396,5905,日本製罐(株),東証STD,"1,370",-10,-0.72,900,2026/07/31
1397,1397,6730,(株)アクセル,東証STD,"1,101",-8,-0.72,"23,300",2026/07/31
1398,1398,7856,萩原工業(株),東証PRM,"1,781",-13,-0.72,"51,700",2026/07/31
1399,1399,1328,(NEXT FUNDS)金価格連動型上場投信,東証ETF,"15,470",-110,-0.71,"25,607",2026/07/31
1400,1400,1814,大末建設(株),東証PRM,"3,490",-25,-0.71,"78,300",2026/07/31
1401,1401,2445,(株)タカミヤ,東証STD,421,-3,-0.71,"80,700",2026/07/31
1402,1402,4218,ニチバン(株),東証PRM,"1,947",-14,-0.71,"31,200",2026/07/31
1403,1403,425A,GX ゴールドETF,東証ETF,350.5,-2.5,-0.71,"217,120",2026/07/31
1404,1404,5966,ＫＴＣ(株),東証STD,"2,510",-18,-0.71,300,2026/07/31
1405,1405,7215,(株)ファルテック,東証STD,421,-3,-0.71,400,2026/07/31
1406,1406,9972,アルテック(株),東証STD,278,-2,-0.71,"1,600",2026/07/31
1407,1407,273A,SBI サウジアラビア株式上場投信,東証ETF,"9,820",-69,-0.7,74,2026/07/31
1408,1408,4224,ロンシール工業(株),東証STD,"2,137",-15,-0.7,"6,500",2026/07/31
1409,1409,4847,(株)インテリジェント　ウェイブ,東証PRM,"1,000",-7,-0.7,"55,200",2026/07/31
1410,1410,7599,(株)ＩＤＯＭ,東証PRM,"1,284",-9,-0.7,"928,600",2026/07/31
1411,1411,9531,東京ガス(株),東証PRM,"6,219",-44,-0.7,"1,219,200",2026/07/31
1412,1412,9778,(株)昴,東証STD,"5,660",-40,-0.7,700,2026/07/31
1413,1413,1430,ファーストコーポレーション(株),東証STD,"1,003",-7,-0.69,"24,100",2026/07/31
1414,1414,4167,(株)ココペリ,東証GRT,288,-2,-0.69,"6,200",2026/07/31
1415,1415,4258,(株)網屋,東証GRT,"4,335",-30,-0.69,"59,500",2026/07/31
1416,1416,4645,(株)市進ホールディングス,東証STD,431,-3,-0.69,"2,300",2026/07/31
1417,1417,4979,ＯＡＴアグリオ(株),東証STD,"2,434",-17,-0.69,"18,000",2026/07/31
1418,1418,2153,Ｅ・Ｊホールディングス(株),東証PRM,"1,745",-12,-0.68,"38,300",2026/07/31
1419,1419,2404,(株)鉄人化ホールディングス,東証STD,586,-4,-0.68,"16,800",2026/07/31
1420,1420,4310,(株)ドリームインキュベータ,東証PRM,"2,616",-18,-0.68,"29,700",2026/07/31
1421,1421,7698,(株)アイスコ,東証STD,"2,611",-18,-0.68,"1,600",2026/07/31
1422,1422,7701,(株)島津製作所,東証PRM,"4,094",-28,-0.68,"777,200",2026/07/31
1423,1423,2112,塩水港精糖(株),東証STD,448,-3,-0.67,"24,400",2026/07/31
1424,1424,2469,ヒビノ(株),東証STD,"2,668",-18,-0.67,"15,500",2026/07/31
1425,1425,2924,イフジ産業(株),東証STD,"2,064",-14,-0.67,300,2026/07/31
1426,1426,3479,(株)ＴＫＰ,東証GRT,"1,917",-13,-0.67,"116,900",2026/07/31
1427,1427,5697,(株)サンユウ,東証STD,736,-5,-0.67,"11,200",2026/07/31
1428,1428,6257,(株)藤商事,東証STD,"1,033",-7,-0.67,"13,600",2026/07/31
1429,1429,7893,(株)プロネクサス,東証PRM,"1,185",-8,-0.67,"84,100",2026/07/31
1430,1430,8247,(株)大和,東証STD,295,-2,-0.67,"15,100",2026/07/31
1431,1431,1429,(株)日本アクア,東証PRM,753,-5,-0.66,"71,400",2026/07/31
1432,1432,1689,WisdomTree 天然ガス上場投信,東証ETF,752,-5,-0.66,"30,336",2026/07/31
1433,1433,3723,日本ファルコム(株),東証GRT,"2,695",-18,-0.66,"10,700",2026/07/31
1434,1434,4436,(株)ミンカブ・ジ・インフォノイド,東証GRT,454,-3,-0.66,"20,000",2026/07/31
1435,1435,542A,(株)ビタブリッドジャパン,東証GRT,"1,050",-7,-0.66,"6,100",2026/07/31
1436,1436,7239,(株)タチエス,東証PRM,"2,262",-15,-0.66,"84,700",2026/07/31
1437,1437,7670,オーウエル(株),東証STD,"1,051",-7,-0.66,"1,400",2026/07/31
1438,1438,9104,(株)商船三井,東証PRM,"5,894",-39,-0.66,"2,683,900",2026/07/31
1439,1439,9767,日建工学(株),東証STD,"1,509",-10,-0.66,900,2026/07/31
1440,1440,1540,純金上場信託(現物国内保管型),東証ETF,"19,720",-130,-0.65,"236,931",2026/07/31
1441,1441,2041,NEXT NOTES NYダウ･ベア･ドルヘッジ ETN,東証ETF,"1,993",-13,-0.65,"3,834",2026/07/31
1442,1442,3675,(株)クロス・マーケティンググループ,東証STD,607,-4,-0.65,"65,800",2026/07/31
1443,1443,5304,ＳＥＣカーボン(株),東証STD,"2,445",-16,-0.65,"12,700",2026/07/31
1444,1444,7877,永大化工(株),東証STD,"2,147",-14,-0.65,100,2026/07/31
1445,1445,9284,カナディアン・ソーラー・インフラ投資法人,東証,"76,700",-500,-0.65,"2,698",2026/07/31
1446,1446,9780,(株)ハリマビステム,東証STD,916,-6,-0.65,"4,000",2026/07/31
1447,1447,2861,上場インデックスファンドフランス国債(H無),東証ETF,"5,768",-37,-0.64,270,2026/07/31
1448,1448,340A,(株)ジグザグ,東証GRT,309,-2,-0.64,"9,100",2026/07/31
1449,1449,3496,(株)アズーム,東証PRM,"4,655",-30,-0.64,"114,100",2026/07/31
1450,1450,3529,アツギ(株),東証STD,"1,088",-7,-0.64,"86,400",2026/07/31
1451,1451,353A,エレベーターコミュニケーションズ(株),福証,"1,560",-10,-0.64,300,2026/07/31
1452,1452,3993,(株)ＰＫＳＨＡ　Ｔｅｃｈｎｏｌｏｇｙ,東証PRM,"2,787",-18,-0.64,"313,200",2026/07/31
1453,1453,5609,日本鋳造(株),東証STD,926,-6,-0.64,"12,700",2026/07/31
1454,1454,6027,弁護士ドットコム(株),東証PRM,"2,312",-15,-0.64,"39,200",2026/07/31
1455,1455,7613,シークス(株),東証PRM,"1,404",-9,-0.64,"148,600",2026/07/31
1456,1456,8119,(株)三栄コーポレーション,東証STD,781,-5,-0.64,"3,900",2026/07/31
1457,1457,197A,(株)タウンズ,東証STD,473,-3,-0.63,"252,800",2026/07/31
1458,1458,2114,フジ日本(株),東証STD,636,-4,-0.63,"7,200",2026/07/31
1459,1459,2676,高千穂交易(株),東証PRM,"2,046",-13,-0.63,"17,500",2026/07/31
1460,1460,3069,(株)ＪＦＬＡホールディングス,東証STD,159,-1,-0.63,"64,400",2026/07/31
1461,1461,4261,アジアクエスト(株),東証GRT,"3,155",-20,-0.63,900,2026/07/31
1462,1462,6428,(株)オーイズミ,東証STD,316,-2,-0.63,"7,500",2026/07/31
1463,1463,6547,(株)グリーンズ,東証STD,"2,213",-14,-0.63,"38,200",2026/07/31
1464,1464,8230,(株)はせがわ,東証STD,315,-2,-0.63,"11,600",2026/07/31
1465,1465,8253,(株)クレディセゾン,東証PRM,"4,551",-29,-0.63,"982,900",2026/07/31
1466,1466,9827,リリカラ(株),東証STD,628,-4,-0.63,"5,300",2026/07/31
1467,1467,2477,手間いらず(株),東証STD,"2,412",-15,-0.62,"13,100",2026/07/31
1468,1468,2573,北海道コカ・コーラボトリング(株),東証STD,"4,005",-25,-0.62,"4,600",2026/07/31
1469,1469,2669,カネ美食品(株),東証STD,"3,990",-25,-0.62,"7,900",2026/07/31
1470,1470,6038,(株)イード,東証GRT,808,-5,-0.62,"8,100",2026/07/31
1471,1471,6694,(株)ズーム,東証STD,639,-4,-0.62,"1,000",2026/07/31
1472,1472,6699,ダイヤモンドエレクトリックホールディングス(株),東証STD,482,-3,-0.62,"101,300",2026/07/31
1473,1473,6947,(株)図研,東証PRM,"4,835",-30,-0.62,"84,300",2026/07/31
1474,1474,7140,ペットゴー(株),東証GRT,799,-5,-0.62,"2,800",2026/07/31
1475,1475,7833,(株)アイフィスジャパン,東証STD,639,-4,-0.62,"1,700",2026/07/31
1476,1476,9216,ビーウィズ(株),東証PRM,"1,616",-10,-0.62,"16,100",2026/07/31
1477,1477,9830,トラスコ中山(株),東証PRM,"2,415",-15,-0.62,"148,400",2026/07/31
1478,1478,1435,(株)ｒｏｂｏｔ　ｈｏｍｅ,東証STD,163,-1,-0.61,"244,500",2026/07/31
1479,1479,2341,(株)アルバイトタイムス,東証STD,162,-1,-0.61,"24,600",2026/07/31
1480,1480,3986,(株)ビーブレイクシステムズ,東証STD,486,-3,-0.61,"1,200",2026/07/31
1481,1481,5932,三協立山(株),東証PRM,653,-4,-0.61,"73,200",2026/07/31
1482,1482,6467,(株)ニチダイ,東証STD,326,-2,-0.61,"19,600",2026/07/31
1483,1483,9254,(株)ラバブルマーケティンググループ,東証GRT,"1,150",-7,-0.61,400,2026/07/31
1484,1484,9560,(株)プログリット,東証GRT,810,-5,-0.61,"34,800",2026/07/31
1485,1485,9686,東洋テック(株),東証STD,"1,641",-10,-0.61,"3,700",2026/07/31
1486,1486,1380,(株)秋川牧園,東証STD,998,-6,-0.6,100,2026/07/31
1487,1487,3204,(株)トーア紡コーポレーション,東証STD,494,-3,-0.6,"8,900",2026/07/31
1488,1488,3842,(株)ネクストジェン,東証STD,990,-6,-0.6,200,2026/07/31
1489,1489,4845,(株)スカラ,東証STD,334,-2,-0.6,"48,500",2026/07/31
1490,1490,6082,(株)ライドオンエクスプレスホールディングス,東証STD,992,-6,-0.6,"10,400",2026/07/31
1491,1491,6837,(株)京写,東証STD,333,-2,-0.6,"55,000",2026/07/31
1492,1492,7433,伯東(株),東証PRM,"4,940",-30,-0.6,"178,800",2026/07/31
1493,1493,8070,東京産業(株),東証PRM,830,-5,-0.6,"43,100",2026/07/31
1494,1494,8614,東洋証券(株),東証PRM,660,-4,-0.6,"987,200",2026/07/31
1495,1495,248A,(株)キッズスター,東証GRT,840,-5,-0.59,"1,100",2026/07/31
1496,1496,275A,ハンワホームズ(株),名証NXT,338,-2,-0.59,100,2026/07/31
1497,1497,471A,ＮＳグループ(株),東証PRM,"1,509",-9,-0.59,"140,400",2026/07/31
1498,1498,7087,(株)ウイルテック,東証STD,"1,347",-8,-0.59,"1,100",2026/07/31
1499,1499,8052,椿本興業(株),東証PRM,"2,868",-17,-0.59,"33,400",2026/07/31
1500,1500,3908,(株)コラボス,東証STD,345,-2,-0.58,"5,200",2026/07/31
1501,1501,438A,(株)インフキュリオン,東証GRT,863,-5,-0.58,"108,200",2026/07/31
1502,1502,4826,(株)ＣＩＪ,東証PRM,516,-3,-0.58,"208,200",2026/07/31
1503,1503,5244,(株)ｊｉｇ．ｊｐ,東証GRT,170,-1,-0.58,"159,000",2026/07/31
1504,1504,5269,日本コンクリート工業(株),東証PRM,341,-2,-0.58,"104,700",2026/07/31
1505,1505,6758,ソニーグループ(株),東証PRM,"3,787",-22,-0.58,"39,278,600",2026/07/31
1506,1506,7097,(株)さくらさくプラス,東証GRT,"2,747",-16,-0.58,"13,900",2026/07/31
1507,1507,7621,(株)うかい,東証STD,"3,400",-20,-0.58,"1,200",2026/07/31
1508,1508,9416,(株)ビジョン,東証PRM,"1,033",-6,-0.58,"294,000",2026/07/31
1509,1509,9835,(株)ジュンテンドー,東証STD,510,-3,-0.58,"1,200",2026/07/31
1510,1510,3470,マリモ地方創生リート投資法人,東証,"104,500",-600,-0.57,"1,115",2026/07/31
1511,1511,5363,(株)ＴＹＫ,東証STD,694,-4,-0.57,"23,600",2026/07/31
1512,1512,6402,兼松エンジニアリング(株),東証STD,"1,572",-9,-0.57,"4,900",2026/07/31
1513,1513,7073,(株)ジェイック,東証GRT,"2,252",-13,-0.57,"2,800",2026/07/31
1514,1514,3788,ＧＭＯグローバルサイン・ホールディングス(株),東証PRM,"2,293",-13,-0.56,"33,200",2026/07/31
1515,1515,4308,(株)Ｊストリーム,東証GRT,356,-2,-0.56,"94,200",2026/07/31
1516,1516,4398,(株)ブロードバンドセキュリティ,東証STD,"1,240",-7,-0.56,"1,300",2026/07/31
1517,1517,7912,大日本印刷(株),東証PRM,"2,921.5",-16.5,-0.56,"2,034,900",2026/07/31
1518,1518,8554,(株)南日本銀行,福証,"1,410",-8,-0.56,"3,300",2026/07/31
1519,1519,1322,上場インデックス中国A株 E FUND CSI300,東証ETF,"11,780",-65,-0.55,"1,109",2026/07/31
1520,1520,2837,GX 中小型リーダーズ-日本株式,東証ETF,"4,695",-26,-0.55,"77,921",2026/07/31
1521,1521,3166,ＯＣＨＩホールディングス(株),東証STD,"1,452",-8,-0.55,"4,100",2026/07/31
1522,1522,3276,(株)ＪＰＭＣ,東証PRM,"1,822",-10,-0.55,"99,100",2026/07/31
1523,1523,7524,マルシェ(株),東証STD,182,-1,-0.55,"7,300",2026/07/31
1524,1524,8291,日産東京販売ホールディングス(株),東証STD,545,-3,-0.55,"121,500",2026/07/31
1525,1525,8345,(株)岩手銀行,東証PRM,"2,155",-12,-0.55,"431,500",2026/07/31
1526,1526,9249,日本エコシステム(株),東証STD,"1,631",-9,-0.55,"3,300",2026/07/31
1527,1527,372A,(株)レント,東証STD,"5,550",-30,-0.54,"6,400",2026/07/31
1528,1528,3911,(株)Ａｉｍｉｎｇ,東証GRT,184,-1,-0.54,"548,800",2026/07/31
1529,1529,4403,日油(株),東証PRM,"2,788.5",-15,-0.54,"745,700",2026/07/31
1530,1530,5027,ＡｎｙＭｉｎｄ　Ｇｒｏｕｐ(株),東証GRT,557,-3,-0.54,"194,700",2026/07/31
1531,1531,509A,グリーンライト・再エネインフラ投資法人,東証,"73,100",-400,-0.54,258,2026/07/31
1532,1532,5343,ニッコー(株),名証MN,183,-1,-0.54,"8,600",2026/07/31
1533,1533,5933,アルインコ(株),東証PRM,"1,106",-6,-0.54,"34,200",2026/07/31
1534,1534,5992,中央発條(株),東証STD,"3,685",-20,-0.54,"108,800",2026/07/31
1535,1535,6523,ＰＨＣホールディングス(株),東証PRM,"1,100",-6,-0.54,"183,700",2026/07/31
1536,1536,7231,トピー工業(株),東証PRM,"2,938",-16,-0.54,"47,600",2026/07/31
1537,1537,8013,(株)ナイガイ,東証STD,365,-2,-0.54,"11,200",2026/07/31
1538,1538,3260,(株)エスポア,名証NXT,750,-4,-0.53,"16,300",2026/07/31
1539,1539,3768,リスクモンスター(株),東証STD,560,-3,-0.53,800,2026/07/31
1540,1540,387A,フラー(株),東証GRT,934,-5,-0.53,"1,100",2026/07/31
1541,1541,5952,アマテイ(株),東証STD,187,-1,-0.53,"4,600",2026/07/31
1542,1542,6036,ＫｅｅＰｅｒ技研(株),東証PRM,"2,807",-15,-0.53,"81,300",2026/07/31
1543,1543,6546,フルテック(株),東証STD,"1,121",-6,-0.53,200,2026/07/31
1544,1544,7538,(株)大水,東証STD,378,-2,-0.53,900,2026/07/31
1545,1545,8032,日本紙パルプ商事(株),東証PRM,"1,117",-6,-0.53,"214,600",2026/07/31
1546,1546,8584,(株)ジャックス,東証PRM,"3,745",-20,-0.53,"121,200",2026/07/31
1547,1547,9930,北沢産業(株),東証STD,378,-2,-0.53,"2,700",2026/07/31
1548,1548,142A,(株)ジンジブ,東証GRT,761,-4,-0.52,"5,100",2026/07/31
1549,1549,2751,(株)テンポスホールディングス,東証STD,"3,825",-20,-0.52,"5,100",2026/07/31
1550,1550,2868,GX S&P500・カバード・コール,東証ETF,"1,149",-6,-0.52,"122,095",2026/07/31
1551,1551,3300,(株)アンビション　ＤＸ　ホールディングス,東証GRT,"2,102",-11,-0.52,"10,900",2026/07/31
1552,1552,6390,(株)加藤製作所,東証PRM,"1,331",-7,-0.52,"42,600",2026/07/31
1553,1553,9534,北海道ガス(株),東証PRM,772,-4,-0.52,"200,300",2026/07/31
1554,1554,3241,(株)ウィル,東証STD,589,-3,-0.51,"4,300",2026/07/31
1555,1555,461A,MAXIS 日本株高配当SMART50,東証ETF,"2,547",-13,-0.51,"1,670",2026/07/31
1556,1556,5576,(株)オービーシステム,東証STD,"2,913",-15,-0.51,"2,000",2026/07/31
1557,1557,5845,全保連(株),東証STD,"1,171",-6,-0.51,"65,600",2026/07/31
1558,1558,3979,(株)うるる,東証GRT,401,-2,-0.5,"7,600",2026/07/31
1559,1559,5199,不二ラテックス(株),東証STD,"1,990",-10,-0.5,300,2026/07/31
1560,1560,6189,(株)グローバルキッズＣＯＭＰＡＮＹ,東証STD,997,-5,-0.5,"8,400",2026/07/31
1561,1561,6358,酒井重工業(株),東証PRM,"2,175",-11,-0.5,"16,900",2026/07/31
1562,1562,7283,愛三工業(株),東証PRM,"2,404",-12,-0.5,"406,600",2026/07/31
1563,1563,4059,(株)まぐまぐ,東証STD,404,-2,-0.49,100,2026/07/31
1564,1564,4172,Ｈｉクラテス(株),東証STD,"2,219",-11,-0.49,"1,500",2026/07/31
1565,1565,4442,バルテス・ホールディングス(株),東証GRT,410,-2,-0.49,"11,400",2026/07/31
1566,1566,4755,楽天グループ(株),東証PRM,833.6,-4.1,-0.49,"16,198,500",2026/07/31
1567,1567,4914,高砂香料工業(株),東証PRM,"1,210",-6,-0.49,"120,200",2026/07/31
1568,1568,7305,新家工業(株),東証STD,"2,667",-13,-0.49,"21,500",2026/07/31
1569,1569,7981,タカラスタンダード(株),東証PRM,"3,020",-15,-0.49,"691,100",2026/07/31
1570,1570,2560,MAXISカーボン・エフィシェント日本株上場投信,東証ETF,"53,970",-260,-0.48,7,2026/07/31
1571,1571,2652,(株)まんだらけ,東証STD,417,-2,-0.48,"174,200",2026/07/31
1572,1572,3355,クリヤマホールディングス(株),東証STD,"1,646",-8,-0.48,"12,500",2026/07/31
1573,1573,3955,(株)イムラ,東証STD,834,-4,-0.48,"1,100",2026/07/31
1574,1574,5184,(株)ニチリン,東証STD,"4,115",-20,-0.48,"12,200",2026/07/31
1575,1575,7241,フタバ産業(株),東証PRM,"1,037",-5,-0.48,"621,100",2026/07/31
1576,1576,8077,トルク(株),東証STD,208,-1,-0.48,"7,900",2026/07/31
1577,1577,9073,京極運輸商事(株),東証STD,"1,249",-6,-0.48,"1,800",2026/07/31
1578,1578,2874,ヨコレイ,東証PRM,"2,134",-10,-0.47,"180,200",2026/07/31
1579,1579,3277,(株)サンセイランディック,東証STD,642,-3,-0.47,"14,600",2026/07/31
1580,1580,4486,ユナイトアンドグロウ(株),東証GRT,632,-3,-0.47,"3,100",2026/07/31
1581,1581,4613,関西ペイント(株),東証PRM,"2,832",-13.5,-0.47,"1,893,300",2026/07/31
1582,1582,6151,日東工器(株),東証PRM,"1,711",-8,-0.47,"14,000",2026/07/31
1583,1583,7686,(株)ひとまいる,東証STD,423,-2,-0.47,"3,200",2026/07/31
1584,1584,8001,伊藤忠商事(株),東証PRM,"2,014",-9.5,-0.47,"18,422,100",2026/07/31
1585,1585,8957,東急リアル・エステート投資法人,東証,"189,900",-900,-0.47,"5,844",2026/07/31
1586,1586,9268,(株)オプティマスグループ,東証STD,420,-2,-0.47,"217,900",2026/07/31
1587,1587,9504,中国電力(株),東証PRM,940.6,-4.4,-0.47,"2,102,400",2026/07/31
1588,1588,1577,(NEXT FUNDS)野村日本株高配当70連動型ETF,東証ETF,"58,200",-270,-0.46,"3,955",2026/07/31
1589,1589,1934,(株)ユアテック,東証PRM,"2,392",-11,-0.46,"180,900",2026/07/31
1590,1590,3477,フォーライフ(株),東証GRT,870,-4,-0.46,"4,100",2026/07/31
1591,1591,5194,相模ゴム工業(株),東証STD,643,-3,-0.46,"6,500",2026/07/31
1592,1592,7730,マニー(株),東証PRM,"1,512",-7,-0.46,"395,400",2026/07/31
1593,1593,9193,東京汽船(株),東証STD,864,-4,-0.46,"10,100",2026/07/31
1594,1594,9554,(株)ＡＶｉＣ,東証GRT,"1,522",-7,-0.46,"18,700",2026/07/31
1595,1595,314A,iシェアーズ ゴールド ETF,東証ETF,311.5,-1.4,-0.45,"1,644,850",2026/07/31
1596,1596,3914,ＪＩＧ－ＳＡＷ(株),東証GRT,"2,435",-11,-0.45,"8,500",2026/07/31
1597,1597,462A,(株)ＦＵＮＤＩＮＮＯ,東証GRT,222,-1,-0.45,"80,200",2026/07/31
1598,1598,9272,ブティックス(株),東証GRT,"1,540",-7,-0.45,"3,100",2026/07/31
1599,1599,9903,(株)カンセキ,東証STD,889,-4,-0.45,800,2026/07/31
1600,1600,2735,(株)ワッツ,東証STD,677,-3,-0.44,"37,700",2026/07/31
1601,1601,5945,天龍製鋸(株),東証STD,"2,471",-11,-0.44,300,2026/07/31
1602,1602,7604,(株)梅の花グループ,東証STD,897,-4,-0.44,"6,200",2026/07/31
1603,1603,9162,(株)ブリーチ,東証GRT,228,-1,-0.44,"1,600",2026/07/31
1604,1604,9713,(株)ロイヤルホテル,東証STD,902,-4,-0.44,"5,200",2026/07/31
1605,1605,2527,NZAM 上場投信 東証REIT Core指数,東証ETF,"1,154",-5,-0.43,"5,733",2026/07/31
1606,1606,3086,Ｊ．フロント　リテイリング(株),東証PRM,"2,981.5",-13,-0.43,"1,168,200",2026/07/31
1607,1607,3577,東海染工(株),東証STD,926,-4,-0.43,"2,900",2026/07/31
1608,1608,489A,東証REIT物流フォーカスETF,東証ETF,923,-4,-0.43,27,2026/07/31
1609,1609,7844,(株)マーベラス,東証PRM,468,-2,-0.43,"154,900",2026/07/31
1610,1610,7914,共同印刷(株),東証PRM,"1,639",-7,-0.43,"83,100",2026/07/31
1611,1611,2185,(株)シイエム・シイ,東証STD,"1,891",-8,-0.42,500,2026/07/31
1612,1612,3538,(株)ウイルプラスホールディングス,東証STD,955,-4,-0.42,"8,300",2026/07/31
1613,1613,415A,ＧＭＯ　ＴＥＣＨホールディングス(株),東証GRT,"4,780",-20,-0.42,300,2026/07/31
1614,1614,5038,(株)ｅＷｅＬＬ,東証GRT,"2,116",-9,-0.42,"32,200",2026/07/31
1615,1615,6249,(株)ゲームカードホールディングス,東証STD,"2,636",-11,-0.42,"3,400",2026/07/31
1616,1616,6592,マブチモーター(株),東証PRM,"1,665",-7,-0.42,"2,306,200",2026/07/31
1617,1617,7746,岡本硝子(株),東証STD,718,-3,-0.42,"289,500",2026/07/31
1618,1618,9969,(株)ショクブン,東証STD,236,-1,-0.42,"5,300",2026/07/31
1619,1619,1597,MAXIS Jリート上場投信,東証ETF,"1,942",-8,-0.41,"64,542",2026/07/31
1620,1620,1840,(株)土屋ホールディングス,東証STD,245,-1,-0.41,"4,600",2026/07/31
1621,1621,2327,日鉄ソリューションズ(株),東証PRM,"3,915",-16,-0.41,"501,000",2026/07/31
1622,1622,2698,(株)キャンドゥ,東証STD,"3,605",-15,-0.41,"11,100",2026/07/31
1623,1623,2796,ファーマライズホールディングス(株),東証STD,489,-2,-0.41,"2,800",2026/07/31
1624,1624,3641,(株)パピレス,東証STD,965,-4,-0.41,"4,200",2026/07/31
1625,1625,3929,ソーシャルワイヤー(株),東証GRT,245,-1,-0.41,"14,400",2026/07/31
1626,1626,4013,勤次郎(株),東証GRT,724,-3,-0.41,"36,300",2026/07/31
1627,1627,4720,(株)城南進学研究社,東証STD,242,-1,-0.41,800,2026/07/31
1628,1628,6049,(株)イトクロ,東証GRT,242,-1,-0.41,"2,800",2026/07/31
1629,1629,6888,アクモス(株),東証STD,482,-2,-0.41,"15,300",2026/07/31
1630,1630,7417,(株)南陽,東証STD,"1,948",-8,-0.41,"9,800",2026/07/31
1631,1631,7695,(株)交換できるくん,東証GRT,724,-3,-0.41,"10,000",2026/07/31
1632,1632,9503,関西電力(株),東証PRM,"2,440.5",-10,-0.41,"4,691,900",2026/07/31
1633,1633,1479,iFreeETF MSCI日本株人材設備投資指数,東証ETF,"51,990",-210,-0.4,7,2026/07/31
1634,1634,2687,(株)シー・ヴイ・エス・ベイエリア,東証STD,498,-2,-0.4,"3,300",2026/07/31
1635,1635,2820,(株)やまみ,東証STD,"4,975",-20,-0.4,"9,200",2026/07/31
1636,1636,2866,GX 米国優先証券,東証ETF,"1,004",-4,-0.4,"65,580",2026/07/31
1637,1637,6037,楽待(株),東証STD,"1,006",-4,-0.4,"38,000",2026/07/31
1638,1638,6463,ＴＰＲ(株),東証PRM,"1,496",-6,-0.4,"183,200",2026/07/31
1639,1639,9107,川崎汽船(株),東証PRM,"2,850",-11.5,-0.4,"4,745,200",2026/07/31
1640,1640,1652,iFreeETF MSCI日本株女性活躍指数(WIN),東証ETF,"4,908",-19,-0.39,10,2026/07/31
1641,1641,2564,GX MSCIスーパーディビィデンド-日本株式,東証ETF,"3,541",-14,-0.39,"7,337",2026/07/31
1642,1642,4362,日本精化(株),東証PRM,"2,578",-10,-0.39,"32,900",2026/07/31
1643,1643,7868,(株)広済堂ホールディングス,東証PRM,505,-2,-0.39,"346,000",2026/07/31
1644,1644,8304,(株)あおぞら銀行,東証PRM,"3,038",-12,-0.39,"1,850,100",2026/07/31
1645,1645,9543,静岡ガス(株),東証PRM,"1,261",-5,-0.39,"172,600",2026/07/31
1646,1646,9640,(株)セゾンテクノロジー,東証STD,"2,069",-8,-0.39,"12,600",2026/07/31
1647,1647,9698,(株)クレオ,東証STD,"1,265",-5,-0.39,"1,900",2026/07/31
1648,1648,9983,(株)ファーストリテイリング,東証PRM,"78,190",-310,-0.39,"1,447,200",2026/07/31
1649,1649,168A,(株)イタミアート,東証GRT,"1,060",-4,-0.38,"2,800",2026/07/31
1650,1650,2311,(株)エプコ,東証STD,778,-3,-0.38,"9,200",2026/07/31
1651,1651,2908,フジッコ(株),東証PRM,"1,593",-6,-0.38,"123,700",2026/07/31
1652,1652,4262,ニフティライフスタイル(株),東証GRT,"1,320",-5,-0.38,"7,000",2026/07/31
1653,1653,5542,新報国マテリアル(株),東証STD,785,-3,-0.38,"4,700",2026/07/31
1654,1654,6267,ゼネラルパッカー(株),東証STD,"3,940",-15,-0.38,300,2026/07/31
1655,1655,8091,ニチモウ(株),東証PRM,"2,390",-9,-0.38,"24,400",2026/07/31
1656,1656,9213,(株)セイファート,東証STD,"1,046",-4,-0.38,"1,300",2026/07/31
1657,1657,9475,(株)昭文社ホールディングス,東証STD,523,-2,-0.38,"5,500",2026/07/31
1658,1658,2198,アイ・ケイ・ケイホールディングス(株),東証PRM,802,-3,-0.37,"106,000",2026/07/31
1659,1659,3627,テクミラホールディングス(株),東証STD,272,-1,-0.37,"15,300",2026/07/31
1660,1660,3964,(株)オークネット,東証PRM,"1,335",-5,-0.37,"197,000",2026/07/31
1661,1661,550A,(株)ソフトテックス,東証STD,"2,151",-8,-0.37,"3,700",2026/07/31
1662,1662,5949,ユニプレス(株),東証PRM,"1,336",-5,-0.37,"214,400",2026/07/31
1663,1663,6094,(株)フリークアウト・ホールディングス,東証GRT,541,-2,-0.37,"4,400",2026/07/31
1664,1664,7090,(株)リグア,東証GRT,802,-3,-0.37,500,2026/07/31
1665,1665,7638,(株)ＮＥＷ　ＡＲＴ　ＨＯＬＤＩＮＧＳ,東証STD,"1,356",-5,-0.37,"17,800",2026/07/31
1666,1666,7743,(株)シード,東証STD,535,-2,-0.37,"12,500",2026/07/31
1667,1667,1820,西松建設(株),東証PRM,"5,313",-19,-0.36,"113,900",2026/07/31
1668,1668,2991,(株)ランドネット,東証STD,558,-2,-0.36,"20,300",2026/07/31
1669,1669,3024,クリエイト(株),東証STD,"1,116",-4,-0.36,400,2026/07/31
1670,1670,4255,ＴＨＥＣＯＯ(株),東証GRT,"2,460",-9,-0.36,200,2026/07/31
1671,1671,4750,(株)ダイサン,東証STD,555,-2,-0.36,"1,600",2026/07/31
1672,1672,5287,(株)イトーヨーギョー,東証STD,828,-3,-0.36,"10,100",2026/07/31
1673,1673,6763,帝国通信工業(株),東証PRM,"2,760",-10,-0.36,"12,700",2026/07/31
1674,1674,8772,(株)アサックス,東証STD,834,-3,-0.36,"2,200",2026/07/31
1675,1675,8945,サンネクスタグループ(株),東証STD,"1,095",-4,-0.36,"2,000",2026/07/31
1676,1676,1481,上場インデックスファンド日本経済貢献株,東証ETF,"3,740",-13,-0.35,4,2026/07/31
1677,1677,1719,安藤ハザマ,東証PRM,"1,824.5",-6.5,-0.35,"736,100",2026/07/31
1678,1678,2561,iシェアーズ・コア 日本国債 ETF,東証ETF,"1,990",-7,-0.35,"13,069",2026/07/31
1679,1679,2844,上場インデックスファンド豪州国債(H無),東証ETF,"5,645",-20,-0.35,"10,173",2026/07/31
1680,1680,3176,三洋貿易(株),東証PRM,865,-3,-0.35,"172,800",2026/07/31
1681,1681,3560,(株)ほぼ日,東証STD,"4,300",-15,-0.35,"1,700",2026/07/31
1682,1682,4345,(株)シーティーエス,東証PRM,845,-3,-0.35,"184,700",2026/07/31
1683,1683,4478,フリー(株),東証GRT,"2,599",-9,-0.35,"435,200",2026/07/31
1684,1684,5928,アルメタックス(株),東証STD,283,-1,-0.35,"4,200",2026/07/31
1685,1685,6724,セイコーエプソン(株),東証PRM,"2,950",-10.5,-0.35,"2,700,600",2026/07/31
1686,1686,8085,ナラサキ産業(株),東証STD,"4,225",-15,-0.35,"1,700",2026/07/31
1687,1687,9233,アジア航測(株),東証STD,"1,137",-4,-0.35,"7,800",2026/07/31
1688,1688,9419,(株)ワイヤレスゲート,東証STD,287,-1,-0.35,"7,200",2026/07/31
1689,1689,3045,(株)カワサキ,東証STD,"1,485",-5,-0.34,"1,800",2026/07/31
1690,1690,3286,トラストホールディングス(株),東証STD,867,-3,-0.34,"3,900",2026/07/31
1691,1691,498A,防衛・航空宇宙 欧州株(ネットリターン)ETN,東証ETF,"9,545",-33,-0.34,451,2026/07/31
1692,1692,5618,ナイル(株),東証GRT,297,-1,-0.34,300,2026/07/31
1693,1693,7363,(株)ベビーカレンダー,東証GRT,"1,181",-4,-0.34,"1,300",2026/07/31
1694,1694,7564,(株)ワークマン,東証STD,"5,870",-20,-0.34,"396,400",2026/07/31
1695,1695,7808,(株)シー・エス・ランバー,東証STD,"2,673",-9,-0.34,500,2026/07/31
1696,1696,9145,(株)ビーイングホールディングス,東証STD,583,-2,-0.34,"16,800",2026/07/31
1697,1697,9369,(株)キユーソー流通システム,東証STD,"2,899",-10,-0.34,"50,700",2026/07/31
1698,1698,9622,(株)スペース,東証PRM,"1,449",-5,-0.34,"53,800",2026/07/31
1699,1699,9993,(株)ヤマザワ,東証STD,"1,183",-4,-0.34,"3,200",2026/07/31
1700,1700,188A,GX インド・トップ10+,東証ETF,898,-3,-0.33,"6,602",2026/07/31
1701,1701,2186,ソーバル(株),東証STD,916,-3,-0.33,"5,900",2026/07/31
1702,1702,3077,ホリイフードサービス(株),東証STD,899,-3,-0.33,"13,300",2026/07/31
1703,1703,6176,(株)ブランジスタ,東証STD,907,-3,-0.33,"61,600",2026/07/31
1704,1704,6360,(株)東京自働機械製作所,東証STD,"4,490",-15,-0.33,600,2026/07/31
1705,1705,6457,グローリー(株),東証PRM,"4,571",-15,-0.33,"200,100",2026/07/31
1706,1706,7192,日本モーゲージサービス(株),東証STD,601,-2,-0.33,"25,300",2026/07/31
1707,1707,7266,(株)今仙電機製作所,東証STD,916,-3,-0.33,"11,900",2026/07/31
1708,1708,7932,(株)ニッピ,東証STD,"12,160",-40,-0.33,"5,400",2026/07/31
1709,1709,9037,(株)ハマキョウレックス,東証PRM,"1,835",-6,-0.33,"300,000",2026/07/31
1710,1710,9656,グリーンランドリゾート(株),東証STD,598,-2,-0.33,"2,100",2026/07/31
1711,1711,1499,MAXIS 日本株高配当70マーケットニュートラル,東証ETF,"9,100",-29,-0.32,163,2026/07/31
1712,1712,1951,エクシオグループ(株),東証PRM,"2,618",-8.5,-0.32,"868,100",2026/07/31
1713,1713,2208,(株)ブルボン,東証STD,"3,160",-10,-0.32,"3,600",2026/07/31
1714,1714,2498,(株)オリエンタルコンサルタンツホールディングス,東証STD,"3,140",-10,-0.32,"1,200",2026/07/31
1715,1715,2814,佐藤食品工業(株),東証STD,"3,085",-10,-0.32,600,2026/07/31
1716,1716,2884,(株)ヨシムラ・フード・ホールディングス,東証PRM,618,-2,-0.32,"140,700",2026/07/31
1717,1717,3653,(株)モルフォ,東証GRT,630,-2,-0.32,"3,400",2026/07/31
1718,1718,5101,横浜ゴム(株),東証PRM,"7,669",-25,-0.32,"731,700",2026/07/31
1719,1719,7360,(株)オンデック,東証GRT,632,-2,-0.32,500,2026/07/31
1720,1720,9286,エネクス・インフラ投資法人,東証,"47,100",-150,-0.32,"2,618",2026/07/31
1721,1721,2641,GX グローバルリーダーズ-日本株式,東証ETF,"4,438",-14,-0.31,"13,673",2026/07/31
1722,1722,3636,(株)三菱総合研究所,東証PRM,"4,810",-15,-0.31,"94,600",2026/07/31
1723,1723,4936,(株)アクシージア,東証STD,318,-1,-0.31,"53,500",2026/07/31
1724,1724,6632,(株)ＪＶＣケンウッド,東証PRM,"1,134",-3.5,-0.31,"642,200",2026/07/31
1725,1725,6633,(株)ＣＧＳホールディングス,東証STD,326,-1,-0.31,700,2026/07/31
1726,1726,6809,ＴＯＡ(株),東証PRM,"1,628",-5,-0.31,"65,000",2026/07/31
1727,1727,7674,(株)ＮＡＴＴＹ　ＳＷＡＮＫＹホールディングス,東証GRT,"2,565",-8,-0.31,"5,000",2026/07/31
1728,1728,9262,(株)シルバーライフ,東証STD,646,-2,-0.31,"23,700",2026/07/31
1729,1729,9514,(株)エフオン,東証STD,323,-1,-0.31,"55,300",2026/07/31
1730,1730,1853,(株)森組,東証STD,331,-1,-0.3,"12,400",2026/07/31
1731,1731,2241,MAXIS NYダウ上場投信,東証ETF,935.7,-2.8,-0.3,"27,880",2026/07/31
1732,1732,2872,(株)セイヒョー,東証STD,"1,994",-6,-0.3,"5,500",2026/07/31
1733,1733,3183,ウイン・パートナーズ(株),東証PRM,"1,321",-4,-0.3,"11,300",2026/07/31
1734,1734,3447,信和(株),東証STD,994,-3,-0.3,"21,600",2026/07/31
1735,1735,4595,(株)ミズホメディー,東証STD,"1,677",-5,-0.3,"57,500",2026/07/31
1736,1736,5911,(株)横河ブリッジホールディングス,東証PRM,"2,960",-9,-0.3,"295,000",2026/07/31
1737,1737,7277,(株)ＴＢＫ,東証STD,332,-1,-0.3,"13,600",2026/07/31
1738,1738,9049,京福電気鉄道(株),東証STD,"6,700",-20,-0.3,200,2026/07/31
1739,1739,2454,(株)オールアバウト,東証STD,347,-1,-0.29,"4,500",2026/07/31
1740,1740,3109,シキボウ(株),東証PRM,"1,042",-3,-0.29,"66,000",2026/07/31
1741,1741,3772,ウェルス・マネジメント(株),東証STD,"1,049",-3,-0.29,"31,200",2026/07/31
1742,1742,4234,(株)サンエー化研,東証STD,682,-2,-0.29,"12,000",2026/07/31
1743,1743,6059,(株)ウチヤマホールディングス,東証STD,348,-1,-0.29,"21,700",2026/07/31
1744,1744,6544,ジャパンエレベーターサービスホールディングス(株),東証PRM,"1,693",-5,-0.29,"594,700",2026/07/31
1745,1745,6560,(株)エル・ティー・エス,東証PRM,"1,737",-5,-0.29,"4,400",2026/07/31
1746,1746,6964,(株)サンコー,東証STD,687,-2,-0.29,"2,400",2026/07/31
1747,1747,7127,(株)一家ホールディングス,東証STD,698,-2,-0.29,"3,700",2026/07/31
1748,1748,7134,(株)アップガレージグループ,東証STD,"1,382",-4,-0.29,"4,800",2026/07/31
1749,1749,7354,(株)ダイレクトマーケティングミックス,東証STD,346,-1,-0.29,"151,800",2026/07/31
1750,1750,7506,(株)ハウス　オブ　ローゼ,東証STD,"1,376",-4,-0.29,800,2026/07/31
1751,1751,8104,クワザワホールディングス(株),東証STD,692,-2,-0.29,"5,800",2026/07/31
1752,1752,8628,松井証券(株),東証PRM,"1,049",-3,-0.29,"998,600",2026/07/31
1753,1753,8996,(株)ハウスフリーダム,東証STD,"1,017",-3,-0.29,"1,600",2026/07/31
1754,1754,9994,(株)やまや,東証STD,"2,085",-6,-0.29,"2,900",2026/07/31
1755,1755,2009,鳥越製粉(株),東証STD,"1,082",-3,-0.28,"9,600",2026/07/31
1756,1756,3099,(株)三越伊勢丹ホールディングス,東証PRM,"3,587",-10,-0.28,"2,572,700",2026/07/31
1757,1757,3435,サンコーテクノ(株),東証STD,"1,411",-4,-0.28,800,2026/07/31
1758,1758,3712,(株)情報企画,東証STD,"1,062",-3,-0.28,"2,400",2026/07/31
1759,1759,4482,(株)ウィルズ,東証GRT,710,-2,-0.28,"8,500",2026/07/31
1760,1760,5530,日本システムバンク(株),名証MN,"1,082",-3,-0.28,800,2026/07/31
1761,1761,7112,(株)キューブ,東証GRT,710,-2,-0.28,"2,300",2026/07/31
1762,1762,9246,(株)プロジェクトホールディングス,東証GRT,"1,052",-3,-0.28,"1,800",2026/07/31
1763,1763,1447,ＳＡＡＦホールディングス(株),東証GRT,374,-1,-0.27,"44,700",2026/07/31
1764,1764,1555,上場インデックスファンド豪州リート,東証ETF,"2,540",-7,-0.27,416,2026/07/31
1765,1765,1660,MAXIS高利回りJリート上場投信,東証ETF,"10,965",-30,-0.27,"1,688",2026/07/31
1766,1766,2877,日東ベスト(株),東証STD,740,-2,-0.27,900,2026/07/31
1767,1767,3238,セントラル総合開発(株),東証STD,372,-1,-0.27,"7,900",2026/07/31
1768,1768,3317,(株)フライングガーデン,東証STD,"1,475",-4,-0.27,400,2026/07/31
1769,1769,3384,(株)アークコア,名証NXT,746,-2,-0.27,"1,000",2026/07/31
1770,1770,4361,川口化学工業(株),東証STD,"1,493",-4,-0.27,"2,100",2026/07/31
1771,1771,7186,(株)横浜フィナンシャルグループ,東証PRM,"1,839",-5,-0.27,"4,634,200",2026/07/31
1772,1772,7191,(株)イントラスト,東証STD,"1,126",-3,-0.27,"13,600",2026/07/31
1773,1773,7247,(株)ミクニ,東証STD,370,-1,-0.27,"30,600",2026/07/31
1774,1774,8225,(株)タカチホ,東証STD,"3,730",-10,-0.27,800,2026/07/31
1775,1775,8228,(株)マルイチ産商,名証MN,"1,119",-3,-0.27,"3,200",2026/07/31
1776,1776,2293,滝沢ハム(株),東証STD,"2,704",-7,-0.26,700,2026/07/31
1777,1777,3080,(株)ジェーソン,東証STD,779,-2,-0.26,"4,100",2026/07/31
1778,1778,4041,日本曹達(株),東証PRM,"3,835",-10,-0.26,"177,800",2026/07/31
1779,1779,5386,(株)鶴弥,名証MN,378,-1,-0.26,"7,800",2026/07/31
1780,1780,6233,ＫＬＡＳＳ(株),東証STD,386,-1,-0.26,"5,000",2026/07/31
1781,1781,6577,(株)ベストワンドットコム,東証GRT,"1,948",-5,-0.26,"9,400",2026/07/31
1782,1782,7228,(株)デイトナ,東証STD,"3,810",-10,-0.26,900,2026/07/31
1783,1783,7265,エイケン工業(株),東証STD,"3,815",-10,-0.26,800,2026/07/31
1784,1784,7590,(株)タカショー,東証STD,391,-1,-0.26,"14,000",2026/07/31
1785,1785,7769,リズム(株),東証PRM,"3,865",-10,-0.26,"20,000",2026/07/31
1786,1786,7781,(株)平山ホールディングス,東証STD,778,-2,-0.26,"7,900",2026/07/31
1787,1787,8141,新光商事(株),東証PRM,"1,556",-4,-0.26,"20,100",2026/07/31
1788,1788,2268,Ｂ－Ｒ　サーティワン　アイスクリーム(株),東証STD,"4,070",-10,-0.25,"9,100",2026/07/31
1789,1789,2391,(株)プラネット,東証STD,"1,181",-3,-0.25,"6,700",2026/07/31
1790,1790,241A,(株)ＲＯＸＸ,東証GRT,399,-1,-0.25,"4,600",2026/07/31
1791,1791,3041,(株)ビューティカダンホールディングス,東証STD,402,-1,-0.25,"14,100",2026/07/31
1792,1792,3489,(株)フェイスネットワーク,東証STD,785,-2,-0.25,"49,600",2026/07/31
1793,1793,3668,(株)コロプラ,東証PRM,392,-1,-0.25,"342,500",2026/07/31
1794,1794,6543,(株)日宣,東証STD,"1,182",-3,-0.25,"1,800",2026/07/31
1795,1795,7870,福島印刷(株),名証MN,396,-1,-0.25,"5,500",2026/07/31
1796,1796,8007,高島(株),東証PRM,812,-2,-0.25,"112,100",2026/07/31
1797,1797,8060,キヤノンマーケティングジャパン(株),東証PRM,"3,602",-9,-0.25,"416,400",2026/07/31
1798,1798,8715,アニコム　ホールディングス(株),東証PRM,"1,203",-3,-0.25,"305,700",2026/07/31
1799,1799,9348,(株)ｉｓｐａｃｅ,東証GRT,405,-1,-0.25,"874,400",2026/07/31
1800,1800,1550,MAXIS 海外株式(MSCIコクサイ)上場投信,東証ETF,"8,048",-19,-0.24,"27,854",2026/07/31
1801,1801,1835,東鉄工業(株),東証PRM,"4,175",-10,-0.24,"57,200",2026/07/31
1802,1802,3177,(株)ありがとうサービス,東証STD,"4,075",-10,-0.24,"1,200",2026/07/31
1803,1803,3922,(株)ＰＲ　ＴＩＭＥＳ,東証PRM,"2,091",-5,-0.24,"36,700",2026/07/31
1804,1804,4043,(株)トクヤマ,東証PRM,"3,792",-9,-0.24,"1,640,100",2026/07/31
1805,1805,4377,(株)ワンキャリア,東証GRT,"2,120",-5,-0.24,"41,600",2026/07/31
1806,1806,6561,(株)ＨＡＮＡＴＯＵＲ　ＪＡＰＡＮ,東証GRT,820,-2,-0.24,"3,800",2026/07/31
1807,1807,6894,パルステック工業(株),東証STD,"2,120",-5,-0.24,800,2026/07/31
1808,1808,8135,ゼット(株),東証STD,421,-1,-0.24,"7,500",2026/07/31
1809,1809,9878,(株)セキド,東証STD,416,-1,-0.24,"2,600",2026/07/31
1810,1810,259A,(株)ケイ・ウノ,名証NXT,"1,716",-4,-0.23,400,2026/07/31
1811,1811,2649,iシェアーズ 米国政府系機関ジニーメイMBS(H有),東証ETF,576.2,-1.3,-0.23,"14,000",2026/07/31
1812,1812,3075,(株)銚子丸,東証STD,"1,722",-4,-0.23,"6,900",2026/07/31
1813,1813,3421,(株)稲葉製作所,東証STD,"1,703",-4,-0.23,"100,300",2026/07/31
1814,1814,4284,(株)ソルクシーズ,東証STD,436,-1,-0.23,"18,500",2026/07/31
1815,1815,4628,エスケー化研(株),東証STD,"8,780",-20,-0.23,"2,400",2026/07/31
1816,1816,7775,大研医器(株),東証STD,425,-1,-0.23,"66,300",2026/07/31
1817,1817,8075,神鋼商事(株),東証PRM,"2,577",-6,-0.23,"83,800",2026/07/31
1818,1818,8439,東京センチュリー(株),東証PRM,"2,623",-6,-0.23,"1,337,400",2026/07/31
1819,1819,220A,(株)Ｆａｂｅｒ　Ｃｏｍｐａｎｙ,東証STD,927,-2,-0.22,400,2026/07/31
1820,1820,2371,(株)カカクコム,東証PRM,"3,690",-8,-0.22,"421,800",2026/07/31
1821,1821,3551,ダイニック(株),東証STD,"1,367",-3,-0.22,"32,300",2026/07/31
1822,1822,4421,(株)ディ・アイ・システム,東証STD,917,-2,-0.22,"3,700",2026/07/31
1823,1823,515A,iシェアーズ 高格付け日本円社債 ETF,東証ETF,501.7,-1.1,-0.22,"49,360",2026/07/31
1824,1824,532A,NZAM 上場投信 TOPIX高配当40,東証ETF,"2,259",-5,-0.22,"7,406",2026/07/31
1825,1825,8041,ＯＵＧホールディングス(株),東証STD,"4,440",-10,-0.22,"2,000",2026/07/31
1826,1826,9795,(株)ステップ,東証PRM,"2,254",-5,-0.22,"23,300",2026/07/31
1827,1827,2163,(株)アルトナー,東証PRM,951,-2,-0.21,"69,200",2026/07/31
1828,1828,2226,(株)湖池屋,東証STD,"4,765",-10,-0.21,"1,200",2026/07/31
1829,1829,2485,(株)ティア,東証STD,474,-1,-0.21,"19,100",2026/07/31
1830,1830,3370,(株)フジタコーポレーション,東証STD,486,-1,-0.21,"3,500",2026/07/31
1831,1831,363A,iFreeETF 英国FTSE100,東証ETF,"2,812",-6,-0.21,224,2026/07/31
1832,1832,4178,(株)Ｓｈａｒｉｎｇ　Ｉｎｎｏｖａｔｉｏｎｓ,東証GRT,484,-1,-0.21,"15,100",2026/07/31
1833,1833,7226,極東開発工業(株),東証PRM,"2,354",-5,-0.21,"175,700",2026/07/31
1834,1834,8147,(株)トミタ,東証STD,"1,393",-3,-0.21,400,2026/07/31
1835,1835,8421,信金中央金庫,東証,"185,700",-400,-0.21,284,2026/07/31
1836,1836,9282,いちごグリーンインフラ投資法人,東証,"46,750",-100,-0.21,86,2026/07/31
1837,1837,2300,(株)きょくとう,東証STD,501,-1,-0.2,"1,100",2026/07/31
1838,1838,366A,ウェルネス・コミュニケーションズ(株),東証GRT,"1,015",-2,-0.2,"19,100",2026/07/31
1839,1839,3856,Ａｂａｌａｎｃｅ(株),東証STD,510,-1,-0.2,"188,500",2026/07/31
1840,1840,5602,(株)栗本鐵工所,東証PRM,"1,515",-3,-0.2,"209,200",2026/07/31
1841,1841,6578,(株)コレックホールディングス,東証STD,496,-1,-0.2,"7,100",2026/07/31
1842,1842,6675,サクサ(株),東証STD,"2,033",-4,-0.2,"65,600",2026/07/31
1843,1843,8011,(株)三陽商会,東証PRM,"4,900",-10,-0.2,"35,900",2026/07/31
1844,1844,9421,(株)エヌジェイホールディングス,東証STD,500,-1,-0.2,"1,300",2026/07/31
1845,1845,1887,日本国土開発(株),東証PRM,516,-1,-0.19,"346,400",2026/07/31
1846,1846,2162,ｎｍｓホールディングス(株),東証STD,536,-1,-0.19,"39,200",2026/07/31
1847,1847,2235,上場インデックスファンド米国株式(ダウ平均)H無,東証ETF,"3,643",-7,-0.19,"1,242",2026/07/31
1848,1848,3475,(株)グッドコムアセット,東証PRM,"1,545",-3,-0.19,"57,700",2026/07/31
1849,1849,5262,日本ヒューム(株),東証PRM,"1,044",-2,-0.19,"139,300",2026/07/31
1850,1850,7089,フォースタートアップス(株),東証GRT,"1,604",-3,-0.19,"15,400",2026/07/31
1851,1851,7199,プレミアグループ(株),東証PRM,"2,051",-4,-0.19,"119,700",2026/07/31
1852,1852,1477,iシェアーズ MSCI 日本株最小分散 ETF,東証ETF,"3,344",-6,-0.18,895,2026/07/31
1853,1853,1994,高橋カーテンウォール工業(株),東証STD,551,-1,-0.18,"11,000",2026/07/31
1854,1854,2653,イオン九州(株),東証STD,"2,836",-5,-0.18,"24,500",2026/07/31
1855,1855,3958,笹徳印刷(株),東証STD,549,-1,-0.18,"6,000",2026/07/31
1856,1856,3988,(株)ＳＹＳホールディングス,東証STD,549,-1,-0.18,"2,300",2026/07/31
1857,1857,410A,ＧＭＯコマース(株),東証GRT,"1,134",-2,-0.18,"6,500",2026/07/31
1858,1858,4320,(株)ＣＥホールディングス,東証STD,"1,675",-3,-0.18,"28,300",2026/07/31
1859,1859,5621,(株)ヒューマンテクノロジーズ,東証GRT,"1,708",-3,-0.18,"24,200",2026/07/31
1860,1860,7038,フロンティア・マネジメント(株),東証PRM,559,-1,-0.18,"20,200",2026/07/31
1861,1861,7368,表示灯(株),東証STD,"1,662",-3,-0.18,"1,300",2026/07/31
1862,1862,8617,光世証券(株),東証STD,556,-1,-0.18,"2,300",2026/07/31
1863,1863,9365,トレーディア(株),東証STD,"1,685",-3,-0.18,300,2026/07/31
1864,1864,1383,ベルグアース(株),東証STD,"3,020",-5,-0.17,900,2026/07/31
1865,1865,1777,川崎設備工業(株),名証MN,"2,300",-4,-0.17,"8,200",2026/07/31
1866,1866,2513,(NEXT FUNDS)外国株式･MSCI-KOKUSAI(H無),東証ETF,"3,573",-6,-0.17,"71,020",2026/07/31
1867,1867,2530,MAXIS HuaAn中国株式(上海180A株)上場投信,東証ETF,"17,670",-30,-0.17,33,2026/07/31
1868,1868,2558,MAXIS 米国株式(S&P500)上場投信,東証ETF,"3,451",-6,-0.17,"341,407",2026/07/31
1869,1869,2767,円谷フィールズホールディングス(株),東証PRM,"2,410",-4,-0.17,"3,838,100",2026/07/31
1870,1870,6612,バルミューダ(株),東証GRT,601,-1,-0.17,"4,100",2026/07/31
1871,1871,9702,(株)アイ・エス・ビー,東証PRM,"2,362",-4,-0.17,"63,200",2026/07/31
1872,1872,2418,(株)ツカダ・グローバルホールディング,東証STD,608,-1,-0.16,"68,700",2026/07/31
1873,1873,3326,(株)ランシステム,東証STD,635,-1,-0.16,"1,800",2026/07/31
1874,1874,3386,コスモ・バイオ(株),東証STD,"1,257",-2,-0.16,"4,800",2026/07/31
1875,1875,3841,(株)ジーダット,東証STD,"1,211",-2,-0.16,"4,500",2026/07/31
1876,1876,386A,(株)みのや,東証STD,"1,272",-2,-0.16,"1,800",2026/07/31
1877,1877,4008,住友精化(株),東証PRM,"1,223",-2,-0.16,"157,700",2026/07/31
1878,1878,4249,森六(株),東証PRM,"2,516",-4,-0.16,"14,100",2026/07/31
1879,1879,4491,コンピューターマネージメント(株),東証STD,"3,150",-5,-0.16,"2,300",2026/07/31
1880,1880,4722,フューチャー(株),東証PRM,"2,445",-4,-0.16,"4,032,200",2026/07/31
1881,1881,5851,リョービ(株),東証PRM,"2,556",-4,-0.16,"175,000",2026/07/31
1882,1882,8144,(株)デンキョーグループホールディングス,東証STD,"1,264",-2,-0.16,"2,600",2026/07/31
1883,1883,9986,蔵王産業(株),東証STD,"2,486",-4,-0.16,"1,100",2026/07/31
1884,1884,140A,iFreeETF 米国10年国債先物インバース,東証ETF,"2,017",-3,-0.15,6,2026/07/31
1885,1885,1431,(株)Ｌｉｂ　Ｗｏｒｋ,東証GRT,656,-1,-0.15,"21,100",2026/07/31
1886,1886,1813,(株)不動テトラ,東証PRM,"2,682",-4,-0.15,"78,500",2026/07/31
1887,1887,2883,(株)大冷,東証STD,"1,999",-3,-0.15,"2,000",2026/07/31
1888,1888,3839,(株)ＯＤＫソリューションズ,東証STD,645,-1,-0.15,"2,100",2026/07/31
1889,1889,5355,日本ルツボ(株),東証STD,680,-1,-0.15,"7,500",2026/07/31
1890,1890,5527,(株)ｐｒｏｐｅｒｔｙ　ｔｅｃｈｎｏｌｏｇｉｅｓ,東証GRT,679,-1,-0.15,"22,500",2026/07/31
1891,1891,5871,ＳＯＬＩＺＥ　Ｈｏｌｄｉｎｇｓ(株),東証STD,"1,323",-2,-0.15,"3,400",2026/07/31
1892,1892,6932,(株)遠藤照明,東証STD,"2,606",-4,-0.15,"46,400",2026/07/31
1893,1893,7931,未来工業(株),東証PRM,"3,400",-5,-0.15,"20,900",2026/07/31
1894,1894,1716,第一カッター興業(株),東証STD,"1,398",-2,-0.14,"29,600",2026/07/31
1895,1895,1909,日本ドライケミカル(株),東証STD,"3,690",-5,-0.14,"92,300",2026/07/31
1896,1896,3059,ヒラキ(株),東証STD,710,-1,-0.14,"1,000",2026/07/31
1897,1897,572A,iシェアーズ 日本国債3-7年,東証ETF,502.1,-0.7,-0.14,20,2026/07/31
1898,1898,5742,エヌアイシ・オートテック(株),東証STD,722,-1,-0.14,700,2026/07/31
1899,1899,7466,ＳＰＫ(株),東証PRM,"1,387",-2,-0.14,"40,000",2026/07/31
1900,1900,2843,上場インデックスファンド豪州国債(H有),東証ETF,"3,733",-5,-0.13,11,2026/07/31
1901,1901,3495,香陵住販(株),東証STD,"2,371",-3,-0.13,"1,800",2026/07/31
1902,1902,4712,(株)ＫｅｙＨｏｌｄｅｒ,東証STD,753,-1,-0.13,"8,300",2026/07/31
1903,1903,5271,(株)トーヨーアサノ,東証STD,"2,295",-3,-0.13,500,2026/07/31
1904,1904,6247,(株)日阪製作所,東証PRM,"1,597",-2,-0.13,"73,500",2026/07/31
1905,1905,6540,(株)船場,東証STD,"1,489",-2,-0.13,"8,000",2026/07/31
1906,1906,7058,共栄セキュリティーサービス(株),東証STD,"2,973",-4,-0.13,"2,300",2026/07/31
1907,1907,7185,ヒロセ通商(株),東証STD,"3,900",-5,-0.13,"4,000",2026/07/31
1908,1908,7347,(株)マーキュリアホールディングス,東証PRM,778,-1,-0.13,"10,700",2026/07/31
1909,1909,7562,(株)安楽亭,東証STD,"3,790",-5,-0.13,"2,900",2026/07/31
1910,1910,8739,スパークス・グループ(株),東証PRM,"2,255",-3,-0.13,"138,300",2026/07/31
1911,1911,9252,(株)ラストワンマイル,東証GRT,"3,730",-5,-0.13,"7,500",2026/07/31
1912,1912,2927,(株)ＡＦＣ－ＨＤアムスライフサイエンス,東証STD,859,-1,-0.12,"35,600",2026/07/31
1913,1913,3065,(株)ライフフーズ,東証STD,"1,617",-2,-0.12,"1,700",2026/07/31
1914,1914,7080,(株)スポーツフィールド,東証GRT,839,-1,-0.12,"5,900",2026/07/31
1915,1915,7827,(株)オービス,東証STD,"1,650",-2,-0.12,"1,200",2026/07/31
1916,1916,8985,ジャパン・ホテル・リート投資法人,東証,"81,400",-100,-0.12,"23,556",2026/07/31
1917,1917,9633,東京テアトル(株),東証STD,"1,633",-2,-0.12,"1,800",2026/07/31
1918,1918,1546,(NEXT FUNDS)ダウ･ジョーンズ工業株30種(H無),東証ETF,"82,580",-90,-0.11,"2,425",2026/07/31
1919,1919,1717,明豊ファシリティワークス(株),東証STD,949,-1,-0.11,"6,900",2026/07/31
1920,1920,2286,林兼産業(株),東証STD,912,-1,-0.11,"11,600",2026/07/31
1921,1921,2493,イーサポートリンク(株),東証STD,940,-1,-0.11,"2,900",2026/07/31
1922,1922,291A,(株)リスキル,東証GRT,"1,763",-2,-0.11,"2,200",2026/07/31
1923,1923,3469,(株)デュアルタップ,東証STD,901,-1,-0.11,"2,300",2026/07/31
1924,1924,545A,(株)トランヴィア,東証PRM,928,-1,-0.11,"50,400",2026/07/31
1925,1925,7299,フジオーゼックス(株),東証STD,"1,851",-2,-0.11,"3,500",2026/07/31
1926,1926,8051,(株)山善,東証PRM,"1,776",-2,-0.11,"201,700",2026/07/31
1927,1927,8383,(株)鳥取銀行,東証STD,"1,759",-2,-0.11,"58,700",2026/07/31
1928,1928,8908,(株)毎日コムネット,東証STD,869,-1,-0.11,"3,400",2026/07/31
1929,1929,9330,(株)揚羽,東証GRT,875,-1,-0.11,500,2026/07/31
1930,1930,9552,(株)クオンツ総研ホールディングス,東証PRM,928,-1,-0.11,"261,100",2026/07/31
1931,1931,1657,iシェアーズ･コア MSCI 先進国株(除く日本)ETF,東証ETF,"7,265",-7,-0.1,"2,218",2026/07/31
1932,1932,189A,(株)Ｄ＆Ｍカンパニー,東証GRT,999,-1,-0.1,"2,500",2026/07/31
1933,1933,5021,コスモエネルギーホールディングス(株),東証PRM,"3,984",-4,-0.1,"947,100",2026/07/31
1934,1934,530A,NZAM 上場投信 東証REIT指数(2・5・8・11月決算型),東証ETF,"1,927",-2,-0.1,9,2026/07/31
1935,1935,5368,日本インシュレーション(株),東証STD,"1,004",-1,-0.1,"9,400",2026/07/31
1936,1936,5599,Ｓ＆Ｊ(株),東証GRT,"1,050",-1,-0.1,"7,800",2026/07/31
1937,1937,5939,(株)大谷工業,東証STD,"4,825",-5,-0.1,800,2026/07/31
1938,1938,6111,旭精機工業(株),名証MN,"2,010",-2,-0.1,"1,300",2026/07/31
1939,1939,8040,(株)東京ソワール,東証STD,"1,039",-1,-0.1,"1,400",2026/07/31
1940,1940,1632,(NEXT FUNDS)金融(除く銀行)上場投信,東証ETF,"43,510",-40,-0.09,"5,413",2026/07/31
1941,1941,1655,iシェアーズ S&P500 米国株 ETF,東証ETF,866,-0.8,-0.09,"2,800,270",2026/07/31
1942,1942,236A,iシェアーズ 日本国債7-10年,東証ETF,440.6,-0.4,-0.09,"6,760",2026/07/31
1943,1943,274A,(株)ガーデン,東証STD,"2,304",-2,-0.09,"5,300",2026/07/31
1944,1944,2932,(株)ＳＴＩフードホールディングス,東証STD,"1,118",-1,-0.09,"6,800",2026/07/31
1945,1945,4335,ＩＰＳホールディングス(株),東証STD,"1,098",-1,-0.09,800,2026/07/31
1946,1946,7083,ＡＨＣグループ(株),東証GRT,"1,058",-1,-0.09,"1,600",2026/07/31
1947,1947,2180,(株)サニーサイドアップグループ,東証STD,"1,307",-1,-0.08,"52,000",2026/07/31
1948,1948,2668,タビオ(株),東証STD,"1,259",-1,-0.08,700,2026/07/31
1949,1949,2750,石光商事(株),東証STD,"1,289",-1,-0.08,"12,100",2026/07/31
1950,1950,2862,上場インデックスファンドフランス国債(H有),東証ETF,"3,922",-3,-0.08,1,2026/07/31
1951,1951,416A,富士ユナイトホールディングス(株),東証STD,"1,180",-1,-0.08,"11,100",2026/07/31
1952,1952,4977,新田ゼラチン(株),東証STD,"1,297",-1,-0.08,"10,400",2026/07/31
1953,1953,9635,武蔵野興業(株),東証STD,"2,537",-2,-0.08,500,2026/07/31
1954,1954,2036,NEXT NOTES 金先物 ダブル・ブル ETN,東証ETF,"144,500",-100,-0.07,"1,998",2026/07/31
1955,1955,3452,(株)ビーロット,東証STD,"1,456",-1,-0.07,"70,300",2026/07/31
1956,1956,348A,MAXIS 読売333日本株,東証ETF,295.6,-0.2,-0.07,"45,280",2026/07/31
1957,1957,4685,(株)菱友システムズ,東証STD,"2,881",-2,-0.07,"27,400",2026/07/31
1958,1958,4800,オリコン(株),東証STD,"1,356",-1,-0.07,"46,100",2026/07/31
1959,1959,7126,グローバルスタイル(株),東証STD,"1,409",-1,-0.07,"11,200",2026/07/31
1960,1960,8123,川辺(株),東証STD,"1,359",-1,-0.07,400,2026/07/31
1961,1961,9532,大阪ガス(株),東証PRM,"5,515",-4,-0.07,"1,367,100",2026/07/31
1962,1962,9890,(株)マキヤ,東証STD,"1,359",-1,-0.07,"9,900",2026/07/31
1963,1963,6317,(株)北川鉄工所,東証STD,"1,646",-1,-0.06,"19,900",2026/07/31
1964,1964,7487,小津産業(株),東証STD,"1,789",-1,-0.06,"3,500",2026/07/31
1965,1965,2981,(株)ランディックス,東証GRT,"2,052",-1,-0.05,"4,000",2026/07/31
1966,1966,3201,ニッケ,東証PRM,"1,912",-1,-0.05,"121,600",2026/07/31
1967,1967,3329,東和フードサービス(株),東証STD,"2,112",-1,-0.05,"1,100",2026/07/31
1968,1968,4450,(株)パワーソリューションズ,東証GRT,"2,131",-1,-0.05,"1,300",2026/07/31
1969,1969,4832,ＪＦＥシステムズ(株),東証STD,"1,913",-1,-0.05,"26,100",2026/07/31
1970,1970,487A,(NEXT FUNDS) ドイツ株式・DAX(H無),東証ETF,"2,100",-1,-0.05,"1,771",2026/07/31
1971,1971,5990,(株)スーパーツール,東証STD,"1,986",-1,-0.05,800,2026/07/31
1972,1972,6230,ＳＡＮＥＩ(株),東証STD,"2,114",-1,-0.05,"1,200",2026/07/31
1973,1973,1547,上場インデックスファンド米国株式(S&P500),東証ETF,"13,030",-5,-0.04,"28,954",2026/07/31
1974,1974,1554,上場インデックス世界株式(MSCI ACWI)除く日本,東証ETF,"6,745",-3,-0.04,"2,141",2026/07/31
1975,1975,1557,State Street SPDR S&P500 ETF,東証ETF,"119,650",-50,-0.04,"1,822",2026/07/31
1976,1976,566A,iFreeETF ブルームバーグ日本株(除く金融)高配当50,東証ETF,"2,254",-1,-0.04,35,2026/07/31
1977,1977,571A,iシェアーズ 日本国債1-3年,東証ETF,501.1,-0.2,-0.04,10,2026/07/31
1978,1978,7084,(株)Ｓｍｉｌｅ　Ｈｏｌｄｉｎｇｓ,東証GRT,"2,730",-1,-0.04,700,2026/07/31
1979,1979,9322,川西倉庫(株),東証STD,"2,410",-1,-0.04,"2,400",2026/07/31
1980,1980,9381,(株)エーアイテイー,東証PRM,"2,357",-1,-0.04,"26,700",2026/07/31
1981,1981,1605,(株)ＩＮＰＥＸ,東証PRM,"3,627",-1,-0.03,"3,219,500",2026/07/31
1982,1982,208A,(株)構造計画研究所ホールディングス,東証STD,"2,902",-1,-0.03,"4,700",2026/07/31
1983,1983,9513,Ｊ－ＰＯＷＥＲ,東証PRM,"3,800",-1,-0.03,"1,203,000",2026/07/31
1984,1984,1585,iFreeETF TOPIX Ex-Financials,東証ETF,"2,586.5",-0.5,-0.02,10,2026/07/31
1985,1985,2048,NEXT NOTES 野村日本株高配当70(ドルH、NR)ETN,東証ETF,"56,580",-10,-0.02,5,2026/07/31
1986,1986,2633,(NEXT FUNDS) S&P500(H無)連動型上場投信,東証ETF,554,-0.1,-0.02,"142,670",2026/07/31
1987,1987,376A,(NEXT FUNDS)ブルームバーグ米国国債(7-10年)(75%H有),東証ETF,"4,915",-1,-0.02,212,2026/07/31
1988,1988,502A,GX 超短期円建て債券,東証ETF,900.4,-0.2,-0.02,"32,210",2026/07/31
1989,1989,8058,三菱商事(株),東証PRM,"4,776",-1,-0.02,"9,120,900",2026/07/31
1990,1990,9072,ニッコンホールディングス(株),東証PRM,"5,043",-1,-0.02,"208,300",2026/07/31
