順位(全市場),順位,コード,銘柄名,市場,現在値,前日比,騰落率(%),出来高,時刻
1,1,9444,(株)トーシンホールディングス,東証STD,298,+80,36.7,"330,100",2026/08/04
2,2,4381,ビープラッツ(株),東証GRT,443,+80,22.04,"1,980,800",2026/08/04
3,3,3276,(株)ＪＰＭＣ,東証PRM,"2,222",+400,21.95,"61,900",2026/08/04
4,4,7480,スズデン(株),東証STD,"2,901",+500,20.82,"37,200",2026/08/04
5,5,278A,Ｔｅｒｒａ　Ｄｒｏｎｅ(株),東証GRT,"14,360","+2,360",19.67,"2,114,600",2026/08/04
6,6,2737,(株)トーメンデバイス,東証PRM,"31,150","+5,000",19.12,"350,100",2026/08/04
7,7,6522,(株)アスタリスク,東証GRT,"1,786",+286,19.07,"3,090,000",2026/08/04
8,8,4073,(株)ジィ・シィ企画,東証GRT,629,+100,18.9,"871,500",2026/08/04
9,9,6440,ＪＵＫＩ(株),東証PRM,640,+100,18.52,"1,878,700",2026/08/04
10,10,523A,(株)セイワホールディングス,東証GRT,"1,675",+248,17.38,"258,300",2026/08/04
11,11,9257,ＹＣＰホールディングス（グローバル）,東証GRT外国,542,+80,17.32,"11,200",2026/08/04
12,12,6668,(株)アドテック　プラズマ　テクノロジー,東証STD,"3,770",+520,16.0,"442,200",2026/08/04
13,13,7609,ダイトロン(株),東証PRM,"4,150",+570,15.92,"980,200",2026/08/04
14,14,4746,(株)東計電算,東証STD,"5,630",+705,14.31,"15,500",2026/08/04
15,15,3110,日東紡,東証PRM,"3,170",+395,14.23,"8,408,800",2026/08/04
16,16,7272,ヤマハ発動機(株),東証PRM,"1,511",+178.5,13.4,"30,451,900",2026/08/04
17,17,184A,(株)学びエイド,東証GRT,359,+42,13.25,"361,100",2026/08/04
18,18,3374,内外テック(株),東証STD,"3,590",+415,13.07,"115,900",2026/08/04
19,19,6834,(株)精工技研,東証STD,"21,150","+2,250",11.9,"158,100",2026/08/04
20,20,5801,古河電気工業(株),東証PRM,"3,566",+366,11.44,"30,259,200",2026/08/04
21,21,3907,シリコンスタジオ(株),東証STD,"1,210",+124,11.42,"1,517,800",2026/08/04
22,22,4881,(株)ファンペップ,東証GRT,50,+5,11.11,"862,500",2026/08/04
23,23,5446,北越メタル(株),東証STD,"1,250",+122,10.82,"152,300",2026/08/04
24,24,485A,(株)パワーエックス,東証GRT,"1,850",+179,10.71,"6,136,100",2026/08/04
25,25,3851,(株)日本一ソフトウェア,東証STD,"1,048",+98,10.32,"134,700",2026/08/04
26,26,6736,サン電子(株),東証STD,"10,660",+990,10.24,"22,200",2026/08/04
27,27,6085,アーキテクツ・スタジオ・ジャパン(株),東証GRT,77,+7,10.0,"3,896,900",2026/08/04
28,28,8918,(株)ランド,東証STD,11,+1,10.0,"285,271,000",2026/08/04
29,29,6387,サムコ(株),東証PRM,"9,350",+830,9.74,"118,900",2026/08/04
30,30,2068,NEXT NOTES 高ベータ30(NR)ETN,東証ETF,"38,340","+3,340",9.54,7,2026/08/04
31,31,6613,(株)ＱＤレーザ,東証GRT,"1,626",+141,9.49,"2,502,200",2026/08/04
32,32,6134,(株)ＦＵＪＩ,東証PRM,"8,143",+698,9.38,"3,658,400",2026/08/04
33,33,2334,(株)イオレ,東証GRT,507,+43,9.27,"1,171,200",2026/08/04
34,34,9110,ＮＳユナイテッド海運(株),東証PRM,"10,420",+880,9.22,"636,700",2026/08/04
35,35,186A,(株)アストロスケールホールディングス,東証GRT,"1,135",+95,9.13,"4,766,000",2026/08/04
36,36,5243,ｎｏｔｅ(株),東証GRT,"2,158",+174,8.77,"470,200",2026/08/04
37,37,2354,(株)ＹＥ　ＤＩＧＩＴＡＬ,東証STD,"1,362",+107,8.53,"1,675,100",2026/08/04
38,38,290A,(株)Ｓｙｎｓｐｅｃｔｉｖｅ,東証GRT,"1,243",+97,8.46,"1,805,500",2026/08/04
39,39,6777,ｓａｎｔｅｃ　Ｈｏｌｄｉｎｇｓ(株),東証STD,"19,440","+1,490",8.3,"164,500",2026/08/04
40,40,3778,さくらインターネット(株),東証PRM,"3,360",+255,8.21,"1,972,600",2026/08/04
41,41,6302,住友重機械工業(株),東証PRM,"5,720",+433,8.19,"3,210,400",2026/08/04
42,42,6324,(株)ハーモニック・ドライブ・システムズ,東証PRM,"6,840",+510,8.06,"1,903,200",2026/08/04
43,43,6323,ローツェ(株),東証PRM,"4,292",+317,7.97,"3,329,700",2026/08/04
44,44,5803,(株)フジクラ,東証PRM,"4,628",+338,7.88,"54,429,600",2026/08/04
45,45,6622,(株)ダイヘン,東証PRM,"14,780","+1,080",7.88,"593,000",2026/08/04
46,46,319A,(株)技術承継機構,東証GRT,"19,350","+1,410",7.86,"44,300",2026/08/04
47,47,6407,ＣＫＤ(株),東証PRM,"6,330",+460,7.84,"989,700",2026/08/04
48,48,6920,レーザーテック(株),東証PRM,"44,100","+3,190",7.8,"3,829,600",2026/08/04
49,49,5381,マイポックス(株),東証STD,847,+61,7.76,"275,000",2026/08/04
50,50,6143,(株)ソディック,東証PRM,"1,793",+129,7.75,"523,500",2026/08/04
51,51,3667,(株)ｅｎｉｓｈ,東証STD,28,+2,7.69,"221,700",2026/08/04
52,52,4228,積水化成品工業(株),東証PRM,588,+42,7.69,"840,400",2026/08/04
53,53,7011,三菱重工業(株),東証PRM,"4,091",+292,7.69,"55,863,900",2026/08/04
54,54,4179,(株)ジーネクスト,東証GRT,368,+26,7.6,"256,700",2026/08/04
55,55,4022,ラサ工業(株),東証PRM,"2,035",+142,7.5,"1,781,500",2026/08/04
56,56,6866,ＨＩＯＫＩ(株),東証PRM,"12,220",+850,7.48,"106,300",2026/08/04
57,57,5074,テスホールディングス(株),東証PRM,728,+50,7.37,"1,405,800",2026/08/04
58,58,6993,大黒屋ホールディングス(株),東証STD,102,+7,7.37,"14,646,900",2026/08/04
59,59,6232,(株)ＡＣＳＬ,東証GRT,"1,751",+120,7.36,"610,400",2026/08/04
60,60,7613,シークス(株),東証PRM,"1,531",+103,7.21,"562,100",2026/08/04
61,61,5384,(株)フジミインコーポレーテッド,東証PRM,"4,100",+275,7.19,"534,400",2026/08/04
62,62,4424,(株)Ａｍａｚｉａ,東証GRT,403,+27,7.18,"1,002,100",2026/08/04
63,63,2069,NEXT NOTES 低ベータ50(NR)ETN,東証ETF,"21,945","+1,455",7.1,11,2026/08/04
64,64,3131,シンデン・ハイテックス(株),東証STD,"4,500",+295,7.02,"70,500",2026/08/04
65,65,4206,アイカ工業(株),東証PRM,"3,904",+255,6.99,"783,200",2026/08/04
66,66,7774,(株)ジャパン・ティッシュエンジニアリング,東証GRT,754,+49,6.95,"187,300",2026/08/04
67,67,6217,津田駒工業(株),東証STD,753,+48,6.81,"100,000",2026/08/04
68,68,8137,サンワテクノス(株),東証PRM,"3,920",+250,6.81,"147,500",2026/08/04
69,69,6464,(株)ツバキ・ナカシマ,東証PRM,395,+25,6.76,"452,100",2026/08/04
70,70,6890,(株)フェローテック,東証STD,"8,740",+550,6.72,"1,525,100",2026/08/04
71,71,4768,(株)大塚商会,東証PRM,"3,434",+215,6.68,"4,348,600",2026/08/04
72,72,6327,北川精機(株),東証STD,"3,135",+196,6.67,"510,000",2026/08/04
73,73,6125,(株)岡本工作機械製作所,東証STD,"5,470",+340,6.63,"111,800",2026/08/04
74,74,4968,荒川化学工業(株),東証PRM,"1,937",+120,6.6,"207,600",2026/08/04
75,75,6466,(株)ＴＶＥ,東証STD,"4,280",+265,6.6,"10,300",2026/08/04
76,76,6666,リバーエレテック(株),東証STD,824,+51,6.6,"116,100",2026/08/04
77,77,4772,(株)ＳＭ　ＥＮＴＥＲＴＡＩＮＭＥＮＴ　ＪＡＰＡＮ,東証GRT,82,+5,6.49,"219,800",2026/08/04
78,78,6627,(株)テラプローブ,東証STD,"11,230",+680,6.45,"139,100",2026/08/04
79,79,5805,ＳＷＣＣ(株),東証PRM,"11,920",+720,6.43,"485,500",2026/08/04
80,80,6480,日本トムソン(株),東証PRM,"1,920",+115,6.37,"1,125,800",2026/08/04
81,81,280A,(株)ＴＭＨ,東証GRT,"1,008",+60,6.33,"101,100",2026/08/04
82,82,5817,ＪＭＡＣＳ(株),東証STD,"1,008",+60,6.33,"84,700",2026/08/04
83,83,7066,(株)ピアズ,東証GRT,477,+28,6.24,"20,800",2026/08/04
84,84,6741,日本信号(株),東証PRM,"1,706",+98,6.09,"767,000",2026/08/04
85,85,7745,(株)Ａ＆Ｄホロンホールディングス,東証PRM,"3,235",+185,6.07,"256,300",2026/08/04
86,86,4762,(株)エックスネット,東証STD,"2,190",+125,6.05,"5,900",2026/08/04
87,87,6254,野村マイクロ・サイエンス(株),東証PRM,"4,210",+240,6.05,"942,600",2026/08/04
88,88,8061,西華産業(株),東証PRM,"2,846",+162,6.04,"307,100",2026/08/04
89,89,4975,(株)ＪＣＵ,東証PRM,"6,360",+360,6.0,"157,500",2026/08/04
90,90,3491,(株)ＧＡ　ｔｅｃｈｎｏｌｏｇｉｅｓ,東証GRT,"1,505",+85,5.99,"286,900",2026/08/04
91,91,610A,GX 宇宙テック・トップ10(除く日本),東証ETF,"1,026",+58,5.99,"21,488",2026/08/04
92,92,285A,キオクシアホールディングス(株),東証PRM,"52,090","+2,930",5.96,"51,812,500",2026/08/04
93,93,7600,(株)日本エム・ディ・エム,東証PRM,892,+50,5.94,"313,900",2026/08/04
94,94,2664,(株)カワチ薬品,東証PRM,"3,485",+195,5.93,"224,000",2026/08/04
95,95,6490,(株)ＰＩＬＬＡＲ,東証PRM,"10,550",+590,5.92,"205,500",2026/08/04
96,96,6862,ミナトホールディングス(株),東証STD,"2,240",+124,5.86,"311,800",2026/08/04
97,97,8159,(株)立花エレテック,東証PRM,"3,795",+210,5.86,"128,400",2026/08/04
98,98,6218,エンシュウ(株),東証STD,669,+37,5.85,"11,900",2026/08/04
99,99,5208,(株)有沢製作所,東証PRM,"2,557",+141,5.84,"223,200",2026/08/04
100,100,6469,(株)放電精密加工研究所,東証STD,"2,720",+150,5.84,"96,200",2026/08/04
101,101,7735,(株)ＳＣＲＥＥＮホールディングス,東証PRM,"13,070",+720,5.83,"4,379,000",2026/08/04
102,102,9166,(株)ＧＥＮＤＡ,東証GRT,618,+34,5.82,"1,711,000",2026/08/04
103,103,4970,東洋合成工業(株),東証STD,"13,690",+750,5.8,"85,200",2026/08/04
104,104,6941,山一電機(株),東証PRM,"9,140",+500,5.79,"423,400",2026/08/04
105,105,3132,マクニカホールディングス(株),東証PRM,"3,450",+188,5.76,"1,338,100",2026/08/04
106,106,4438,(株)Ｗｅｌｂｙ,東証GRT,258,+14,5.74,"17,700",2026/08/04
107,107,6433,ヒーハイスト(株),東証STD,960,+52,5.73,"73,600",2026/08/04
108,108,6644,大崎電気工業(株),東証PRM,"1,609",+87,5.72,"519,300",2026/08/04
109,109,6925,ウシオ電機(株),東証PRM,"4,013",+215,5.66,"719,200",2026/08/04
110,110,4419,(株)Ｆｉｎａｔｅｘｔホールディングス,東証GRT,"1,573",+84,5.64,"339,000",2026/08/04
111,111,2467,(株)ＶＬＣセキュリティ,名証NXT,188,+10,5.62,"35,300",2026/08/04
112,112,6227,ＡＩメカテック(株),東証STD,"6,830",+360,5.56,"819,500",2026/08/04
113,113,6971,京セラ(株),東証PRM,"3,741",+197,5.56,"6,550,800",2026/08/04
114,114,6579,ログリー(株),東証GRT,364,+19,5.51,"8,500",2026/08/04
115,115,3445,(株)ＲＳ　Ｔｅｃｈｎｏｌｏｇｉｅｓ,東証PRM,"6,730",+350,5.49,"335,800",2026/08/04
116,116,5214,日本電気硝子(株),東証PRM,"4,635",+241,5.48,"1,253,300",2026/08/04
117,117,6779,日本電波工業(株),東証PRM,"2,696",+140,5.48,"967,200",2026/08/04
118,118,9337,(株)トリドリ,東証GRT,"1,776",+91,5.4,"20,600",2026/08/04
119,119,3776,(株)ブロードバンドタワー,東証STD,254,+13,5.39,"555,600",2026/08/04
120,120,6525,(株)ＫＯＫＵＳＡＩ　ＥＬＥＣＴＲＩＣ,東証PRM,"8,203",+418,5.37,"9,689,400",2026/08/04
121,121,6619,ダブル・スコープ(株),東証PRM,157,+8,5.37,"2,375,200",2026/08/04
122,122,4099,四国化成ホールディングス(株),東証PRM,"2,880",+146,5.34,"531,700",2026/08/04
123,123,6838,(株)多摩川ホールディングス,東証STD,"1,460",+74,5.34,"268,500",2026/08/04
124,124,6999,ＫＯＡ(株),東証PRM,"2,426",+123,5.34,"1,168,600",2026/08/04
125,125,8508,Ｊトラスト(株),東証STD,868,+44,5.34,"1,664,000",2026/08/04
126,126,4576,(株)デ・ウエスタン・セラピテクス研究所,東証GRT,79,+4,5.33,"187,600",2026/08/04
127,127,6330,東洋エンジニアリング(株),東証PRM,"1,998",+101,5.32,"1,791,900",2026/08/04
128,128,4422,ＶＡＬＵＥＮＥＸ(株),東証GRT,555,+28,5.31,"91,600",2026/08/04
129,129,5981,東京製綱(株),東証PRM,"2,050",+103,5.29,"174,100",2026/08/04
130,130,504A,イノバセル(株),東証GRT,539,+27,5.27,"66,000",2026/08/04
131,131,5940,不二サッシ(株),東証STD,780,+39,5.26,"249,700",2026/08/04
132,132,5697,(株)サンユウ,東証STD,786,+39,5.22,"31,500",2026/08/04
133,133,6072,地盤ネットホールディングス(株),東証STD,988,+49,5.22,"584,200",2026/08/04
134,134,3237,(株)イントランス,東証GRT,101,+5,5.21,"455,600",2026/08/04
135,135,6998,日本タングステン(株),東証STD,"1,987",+98,5.19,"48,300",2026/08/04
136,136,2315,(株)ＣＡＩＣＡ　ＤＩＧＩＴＡＬ,東証STD,61,+3,5.17,"3,591,600",2026/08/04
137,137,6376,日機装(株),東証PRM,"3,975",+195,5.16,"268,300",2026/08/04
138,138,402A,(株)アクセルスペースホールディングス,東証GRT,491,+24,5.14,"1,580,200",2026/08/04
139,139,4062,イビデン(株),東証PRM,"16,330",+795,5.12,"10,104,000",2026/08/04
140,140,1436,(株)グリーンエナジー＆カンパニー,東証GRT,"1,481",+72,5.11,"53,900",2026/08/04
141,141,6103,オークマ(株),東証PRM,"5,140",+250,5.11,"724,800",2026/08/04
142,142,456A,ＨＵＭＡＮ　ＭＡＤＥ(株),東証GRT,"1,362",+66,5.09,"139,700",2026/08/04
143,143,4980,デクセリアルズ(株),東証PRM,"3,467",+167,5.06,"2,460,800",2026/08/04
144,144,5337,ダントーホールディングス(株),東証STD,830,+40,5.06,"25,900",2026/08/04
145,145,7537,丸文(株),東証PRM,"1,665",+80,5.05,"153,200",2026/08/04
146,146,224A,GX ウラニウムビジネス,東証ETF,"1,483",+71,5.03,"5,203",2026/08/04
147,147,3687,(株)フィックスターズ,東証PRM,"2,199",+105,5.01,"625,700",2026/08/04
148,148,4027,テイカ(株),東証PRM,"2,291",+109,5.0,"71,200",2026/08/04
149,149,2527,NZAM 上場投信 東証REIT Core指数,東証ETF,"1,116",+53,4.99,"40,007",2026/08/04
150,150,3498,霞ヶ関キャピタル(株),東証PRM,"7,990",+380,4.99,"696,200",2026/08/04
151,151,6742,(株)京三製作所,東証PRM,950,+45,4.97,"449,800",2026/08/04
152,152,6648,(株)かわでん,東証STD,"1,928",+91,4.95,"116,700",2026/08/04
153,153,6337,(株)テセック,東証STD,"3,185",+150,4.94,"126,000",2026/08/04
154,154,7366,(株)ＬＩＴＡＬＩＣＯ,東証PRM,"1,660",+78,4.93,"399,300",2026/08/04
155,155,6363,(株)酉島製作所,東証PRM,"2,970",+139,4.91,"217,700",2026/08/04
156,156,7725,(株)インターアクション,東証PRM,"1,773",+83,4.91,"103,700",2026/08/04
157,157,7717,(株)ブイ・テクノロジー,東証PRM,"5,800",+270,4.88,"277,900",2026/08/04
158,158,5726,(株)大阪チタニウムテクノロジーズ,東証PRM,"2,975",+138,4.86,"838,400",2026/08/04
159,159,255A,ジーエルテクノホールディングス(株),東証STD,"6,070",+280,4.84,"90,500",2026/08/04
160,160,8150,三信電気(株),東証PRM,"3,075",+142,4.84,"159,200",2026/08/04
161,161,5802,住友電気工業(株),東証PRM,"2,161.5",+99,4.8,"23,563,900",2026/08/04
162,162,8518,日本アジア投資(株),東証STD,131,+6,4.8,"522,900",2026/08/04
163,163,4971,メック(株),東証PRM,"8,750",+400,4.79,"263,100",2026/08/04
164,164,7729,(株)東京精密,東証PRM,"18,060",+825,4.79,"584,600",2026/08/04
165,165,4107,伊勢化学工業(株),東証STD,"3,615",+165,4.78,"276,000",2026/08/04
166,166,3979,(株)うるる,東証GRT,417,+19,4.77,"19,100",2026/08/04
167,167,8894,(株)ＲＥＶＯＬＵＴＩＯＮ,東証STD,22,+1,4.76,"235,700",2026/08/04
168,168,6864,(株)エヌエフホールディングス,東証STD,"1,526",+69,4.74,"40,600",2026/08/04
169,169,6928,(株)エノモト,東証STD,"2,548",+115,4.73,"52,300",2026/08/04
170,170,4109,ステラ　ケミファ(株),東証PRM,"5,330",+240,4.72,"113,500",2026/08/04
171,171,383A,MAXIS S&P500均等ウェイト,東証ETF,"2,715",+122,4.7,593,2026/08/04
172,172,6237,(株)イワキ,東証PRM,"5,800",+260,4.69,"194,700",2026/08/04
173,173,350A,デジタルグリッド(株),東証GRT,783,+35,4.68,"322,900",2026/08/04
174,174,521A,iFreeETF FANG+ゴールド,東証ETF,"1,835",+82,4.68,"68,783",2026/08/04
175,175,6855,日本電子材料(株),東証STD,"6,490",+290,4.68,"621,300",2026/08/04
176,176,7694,(株)いつも,東証GRT,450,+20,4.65,"19,700",2026/08/04
177,177,4616,川上塗料(株),東証STD,"2,145",+95,4.63,"2,900",2026/08/04
178,178,5138,(株)Ｒｅｂａｓｅ,東証GRT,452,+20,4.63,"10,900",2026/08/04
179,179,6235,(株)オプトラン,東証PRM,"3,115",+137,4.6,"210,100",2026/08/04
180,180,7012,川崎重工業(株),東証PRM,"2,832.5",+124.5,4.6,"13,268,600",2026/08/04
181,181,4911,(株)資生堂,東証PRM,"3,279",+144,4.59,"3,830,000",2026/08/04
182,182,6653,(株)正興電機製作所,東証PRM,"2,222",+97,4.56,"130,100",2026/08/04
183,183,7711,助川電気工業(株),東証STD,"4,475",+195,4.56,"56,800",2026/08/04
184,184,1623,(NEXT FUNDS)鉄鋼･非鉄上場投信,東証ETF,"61,530","+2,680",4.55,"2,289",2026/08/04
185,185,3664,(株)ＷＩＺＥ,東証GRT,23,+1,4.55,"27,445,600",2026/08/04
186,186,4368,扶桑化学工業(株),東証PRM,"3,910",+170,4.55,"645,000",2026/08/04
187,187,6963,ローム(株),東証PRM,"4,525",+197,4.55,"4,475,700",2026/08/04
188,188,8542,(株)トマト銀行,東証STD,"1,705",+74,4.54,"95,000",2026/08/04
189,189,3103,ユニチカ(株),東証STD,876,+38,4.53,"2,407,000",2026/08/04
190,190,4288,(株)アズジェント,東証STD,438,+19,4.53,"45,400",2026/08/04
191,191,6432,(株)竹内製作所,東証PRM,"7,610",+330,4.53,"360,200",2026/08/04
192,192,6141,ＤＭＧ森精機(株),東証PRM,"3,907",+169,4.52,"1,921,100",2026/08/04
193,193,520A,ジェイファーマ(株),東証GRT,278,+12,4.51,"28,700",2026/08/04
194,194,5707,東邦亜鉛(株),東証PRM,905,+39,4.5,"315,800",2026/08/04
195,195,6481,ＴＨＫ(株),東証PRM,"7,055",+304,4.5,"1,321,000",2026/08/04
196,196,9880,イノテック(株),東証PRM,"3,600",+155,4.5,"174,300",2026/08/04
197,197,9888,(株)ＵＥＸ,東証STD,"1,091",+47,4.5,"91,700",2026/08/04
198,198,4370,モビルス(株),東証GRT,326,+14,4.49,900,2026/08/04
199,199,4578,大塚ホールディングス(株),東証PRM,"12,015",+515,4.48,"2,954,400",2026/08/04
200,200,6768,(株)タムラ製作所,東証PRM,817,+35,4.48,"808,200",2026/08/04
201,201,7762,シチズン時計(株),東証PRM,"2,358",+101,4.47,"1,759,500",2026/08/04
202,202,5704,(株)ＪＭＣ,東証GRT,398,+17,4.46,"7,000",2026/08/04
203,203,8050,セイコーグループ(株),東証PRM,"8,900",+380,4.46,"490,500",2026/08/04
204,204,4004,(株)レゾナック・ホールディングス,東証PRM,"14,685",+625,4.45,"2,999,400",2026/08/04
205,205,9104,(株)商船三井,東証PRM,"6,058",+257,4.43,"5,016,900",2026/08/04
206,206,5592,(株)くすりの窓口,東証GRT,"2,410",+102,4.42,"46,100",2026/08/04
207,207,6524,湖北工業(株),東証STD,"4,610",+195,4.42,"230,000",2026/08/04
208,208,4894,クオリプス(株),東証GRT,"4,735",+200,4.41,"110,500",2026/08/04
209,209,5255,(株)モンスターラボ,東証GRT,95,+4,4.4,"350,500",2026/08/04
210,210,7721,東京計器(株),東証PRM,"7,120",+300,4.4,"288,700",2026/08/04
211,211,3997,(株)トレードワークス,東証STD,405,+17,4.38,"123,300",2026/08/04
212,212,5537,(株)ＡｌｂａＬｉｎｋ,東証GRT,"2,725",+114,4.37,"28,800",2026/08/04
213,213,4620,藤倉化成(株),東証STD,887,+37,4.35,"175,300",2026/08/04
214,214,9812,(株)テーオーホールディングス,東証STD,240,+10,4.35,"37,400",2026/08/04
215,215,7510,(株)たけびし,東証PRM,"2,872",+119,4.32,"77,900",2026/08/04
216,216,6336,(株)石井表記,東証STD,"1,548",+64,4.31,"58,700",2026/08/04
217,217,7219,(株)エッチ・ケー・エス,東証STD,"2,747",+113,4.29,"4,800",2026/08/04
218,218,3159,丸善ＣＨＩホールディングス(株),東証STD,390,+16,4.28,"386,700",2026/08/04
219,219,6145,ＮＩＴＴＯＫＵ(株),東証STD,"2,705",+111,4.28,"60,200",2026/08/04
220,220,3449,(株)テクノフレックス,東証STD,"4,765",+195,4.27,"154,300",2026/08/04
221,221,2897,日清食品ホールディングス(株),東証PRM,"2,970",+121,4.25,"5,534,500",2026/08/04
222,222,4187,大阪有機化学工業(株),東証PRM,"4,785",+195,4.25,"176,700",2026/08/04
223,223,316A,iFreeETF FANG+,東証ETF,"2,629",+107,4.24,"1,256,953",2026/08/04
224,224,4222,児玉化学工業(株),東証STD,590,+24,4.24,"190,500",2026/08/04
225,225,6507,シンフォニアテクノロジー(株),東証PRM,"14,020",+570,4.24,"234,200",2026/08/04
226,226,3625,テックファームホールディングス(株),東証GRT,640,+26,4.23,"28,700",2026/08/04
227,227,4966,上村工業(株),東証STD,"23,900",+970,4.23,"87,200",2026/08/04
228,228,6590,芝浦メカトロニクス(株),東証PRM,"4,695",+190,4.22,"2,215,300",2026/08/04
229,229,4189,ＫＨネオケム(株),東証PRM,"3,345",+135,4.21,"489,900",2026/08/04
230,230,6278,ユニオンツール(株),東証PRM,"16,350",+660,4.21,"303,700",2026/08/04
231,231,6356,日本ギア工業(株),東証STD,"1,338",+54,4.21,"89,000",2026/08/04
232,232,1723,日本電技(株),東証STD,"2,206",+89,4.2,"154,000",2026/08/04
233,233,4392,ＦＩＧ(株),東証PRM,871,+35,4.19,"719,400",2026/08/04
234,234,6361,荏原,東証PRM,"5,787",+232,4.18,"3,221,500",2026/08/04
235,235,2934,ジェイフロンティア(株),東証GRT,"1,997",+80,4.17,"29,200",2026/08/04
236,236,2148,アイティメディア(株),東証PRM,"1,229",+49,4.15,"152,600",2026/08/04
237,237,466A,GX 防衛テック,東証ETF,"1,078",+43,4.15,"54,699",2026/08/04
238,238,1407,(株)ウエストホールディングス,東証STD,"2,730",+108,4.12,"546,500",2026/08/04
239,239,6674,(株)ジーエス・ユアサ　コーポレーション,東証PRM,"5,725",+226,4.11,"739,400",2026/08/04
240,240,6871,(株)日本マイクロニクス,東証PRM,"14,430",+570,4.11,"1,190,100",2026/08/04
241,241,464A,(株)ＱＰＳホールディングス,東証GRT,"1,590",+62,4.06,"1,294,700",2026/08/04
242,242,6315,ＴＯＷＡ(株),東証PRM,"2,846",+111,4.06,"4,336,800",2026/08/04
243,243,6787,(株)メイコー,東証PRM,"22,040",+860,4.06,"471,100",2026/08/04
244,244,1961,三機工業(株),東証PRM,"2,312",+90,4.05,"721,200",2026/08/04
245,245,5578,ＡＲアドバンストテクノロジ(株),東証GRT,825,+32,4.04,"64,800",2026/08/04
246,246,7966,リンテック(株),東証PRM,"6,440",+250,4.04,"352,400",2026/08/04
247,247,3138,(株)富士山マガジンサービス,東証STD,"1,136",+44,4.03,"1,600",2026/08/04
248,248,3558,ジェイドグループ(株),東証GRT,"1,685",+65,4.01,"93,200",2026/08/04
249,249,6506,(株)安川電機,東証PRM,"5,133",+198,4.01,"5,126,500",2026/08/04
250,250,3189,(株)ＡＮＡＰホールディングス,東証STD,104,+4,4.0,"79,000",2026/08/04
251,251,5724,(株)アサカ理研,東証STD,"2,372",+91,3.99,"39,100",2026/08/04
252,252,558A,(株)ＳＱＵＥＥＺＥ,東証GRT,"4,585",+175,3.97,"12,100",2026/08/04
253,253,7162,アストマックス(株),東証STD,262,+10,3.97,"134,300",2026/08/04
254,254,6023,ダイハツインフィニアース(株),東証STD,"3,025",+115,3.95,"409,400",2026/08/04
255,255,6677,(株)エスケーエレクトロニクス,東証STD,"3,680",+140,3.95,"133,100",2026/08/04
256,256,281A,インフォメティス(株),東証GRT,475,+18,3.94,"122,900",2026/08/04
257,257,244A,グロースエクスパートナーズ(株),東証GRT,"1,190",+45,3.93,"1,800",2026/08/04
258,258,5310,東洋炭素(株),東証PRM,"6,900",+260,3.92,"89,600",2026/08/04
259,259,7013,(株)ＩＨＩ,東証PRM,"2,879.5",+108.5,3.92,"16,390,100",2026/08/04
260,260,6264,(株)マルマエ,東証PRM,"2,073",+78,3.91,"572,100",2026/08/04
261,261,8946,(株)ＡＳＩＡＮ　ＳＴＡＲ,東証STD,80,+3,3.9,"238,300",2026/08/04
262,262,213A,上場インデックスファンド日経半導体株,東証ETF,408.6,+15.3,3.89,"887,030",2026/08/04
263,263,6022,(株)赤阪鐵工所,東証STD,"2,669",+100,3.89,"2,100",2026/08/04
264,264,6952,カシオ計算機(株),東証PRM,"2,248.5",+84,3.88,"7,541,200",2026/08/04
265,265,7089,フォースタートアップス(株),東証GRT,"1,713",+64,3.88,"64,300",2026/08/04
266,266,9610,ウィルソン・ラーニング　ワールドワイド(株),東証STD,107,+4,3.88,"32,100",2026/08/04
267,267,2867,GX 自動運転&EV,東証ETF,"1,723",+64,3.86,123,2026/08/04
268,268,3656,ＫＬａｂ(株),東証PRM,243,+9,3.85,"3,663,600",2026/08/04
269,269,6914,オプテックスグループ(株),東証PRM,"3,645",+135,3.85,"185,600",2026/08/04
270,270,7383,(株)ネットプロテクションズホールディングス,東証PRM,458,+17,3.85,"576,100",2026/08/04
271,271,4480,(株)メドレー,東証PRM,"2,089",+77,3.83,"199,700",2026/08/04
272,272,6743,大同信号(株),東証STD,925,+34,3.82,"17,000",2026/08/04
273,273,6498,(株)キッツ,東証PRM,"2,317",+85,3.81,"305,400",2026/08/04
274,274,6521,(株)オキサイド,東証GRT,"3,085",+113,3.8,"175,300",2026/08/04
275,275,9115,明海グループ(株),東証STD,846,+31,3.8,"35,000",2026/08/04
276,276,2244,GX US テック・トップ20,東証ETF,"3,508",+128,3.79,"174,593",2026/08/04
277,277,6277,ホソカワミクロン(株),東証PRM,"5,200",+190,3.79,"54,200",2026/08/04
278,278,6814,古野電気(株),東証PRM,"7,390",+270,3.79,"414,700",2026/08/04
279,279,6976,太陽誘電(株),東証PRM,"10,290",+375,3.78,"18,867,900",2026/08/04
280,280,6273,ＳＭＣ(株),東証PRM,"73,650","+2,670",3.76,"287,700",2026/08/04
281,281,7859,(株)アルメディオ,東証STD,221,+8,3.76,"128,500",2026/08/04
282,282,221A,MAXIS 日経半導体株上場投信,東証ETF,"1,148",+41.5,3.75,"392,120",2026/08/04
283,283,6965,浜松ホトニクス(株),東証PRM,"2,408",+87,3.75,"2,663,200",2026/08/04
284,284,166A,(株)タスキホールディングス,東証PRM,"1,113",+40,3.73,"718,800",2026/08/04
285,285,408A,iシェアーズ AI グローバル・イノベーション アクティブ,東証ETF,281.7,+10.1,3.72,"356,420",2026/08/04
286,286,546A,ＭＩＲＡＩＮＩホールディングス(株),東証PRM,"2,480",+89,3.72,"399,400",2026/08/04
287,287,6918,(株)アバールデータ,東証STD,"3,210",+115,3.72,"48,000",2026/08/04
288,288,6493,(株)ＮＩＴＴＡＮ,東証STD,503,+18,3.71,"227,800",2026/08/04
289,289,6549,ディーエムソリューションズ(株),東証STD,"1,233",+44,3.7,"6,000",2026/08/04
290,290,3104,富士紡ホールディングス(株),東証PRM,"3,650",+130,3.69,"142,600",2026/08/04
291,291,4369,(株)トリケミカル研究所,東証PRM,"3,375",+120,3.69,"468,700",2026/08/04
292,292,2652,(株)まんだらけ,東証STD,451,+16,3.68,"184,500",2026/08/04
293,293,4769,(株)ＩＣ,東証STD,"1,128",+40,3.68,700,2026/08/04
294,294,6612,バルミューダ(株),東証GRT,625,+22,3.65,"2,000",2026/08/04
295,295,6284,日精エー・エス・ビー機械(株),東証PRM,"9,390",+330,3.64,"37,000",2026/08/04
296,296,6638,(株)ミマキエンジニアリング,東証PRM,"2,222",+78,3.64,"150,000",2026/08/04
297,297,7375,(株)リファインバースグループ,東証GRT,"1,138",+40,3.64,"15,900",2026/08/04
298,298,396A,業界改革厳選ETF REITイベント・ドリブン,東証ETF,514.5,+18,3.63,310,2026/08/04
299,299,7220,武蔵精密工業(株),東証PRM,"3,285",+115,3.63,"762,700",2026/08/04
300,300,9130,共栄タンカー(株),東証STD,"1,514",+53,3.63,"59,800",2026/08/04
301,301,1942,(株)関電工,東証PRM,"5,515",+192,3.61,"1,116,500",2026/08/04
302,302,2693,ＹＫＴ(株),東証STD,316,+11,3.61,"53,000",2026/08/04
303,303,6629,テクノホライゾン(株),東証STD,977,+34,3.61,"248,500",2026/08/04
304,304,4259,(株)エクサウィザーズ,東証GRT,805,+28,3.6,"735,300",2026/08/04
305,305,3192,(株)白鳩,東証STD,290,+10,3.57,"5,500",2026/08/04
306,306,4597,ソレイジア・ファーマ(株),東証GRT,29,+1,3.57,"91,512,200",2026/08/04
307,307,6946,日本アビオニクス(株),東証STD,"5,540",+190,3.55,"314,700",2026/08/04
308,308,177A,コージンバイオ(株),東証GRT,906,+31,3.54,"1,100",2026/08/04
309,309,3133,(株)海帆,東証GRT,88,+3,3.53,"719,700",2026/08/04
310,310,9227,マイクロ波化学(株),東証GRT,880,+30,3.53,"225,700",2026/08/04
311,311,1685,WisdomTree エネルギー上場投信,東証ETF,796.8,+27.1,3.52,20,2026/08/04
312,312,9551,メタウォーター(株),東証PRM,"3,235",+110,3.52,"213,000",2026/08/04
313,313,4082,第一稀元素化学工業(株),東証PRM,"1,858",+63,3.51,"181,600",2026/08/04
314,314,6113,(株)アマダ,東証PRM,"2,833",+96,3.51,"2,048,900",2026/08/04
315,315,6616,トレックス・セミコンダクター(株),東証PRM,"1,885",+64,3.51,"104,900",2026/08/04
316,316,1827,(株)ナカノフドー建設,東証STD,"1,333",+45,3.49,"16,300",2026/08/04
317,317,3793,(株)ドリコム,東証GRT,445,+15,3.49,"135,200",2026/08/04
318,318,4186,東京応化工業(株),東証PRM,"9,182",+310,3.49,"770,300",2026/08/04
319,319,219A,Ｈｅａｒｔｓｅｅｄ(株),東証GRT,"1,728",+58,3.47,"167,200",2026/08/04
320,320,6383,(株)ダイフク,東証PRM,"6,090",+204,3.47,"2,028,700",2026/08/04
321,321,1319,(NEXT FUNDS)日経300株価指数連動型上場投信,東証ETF,763,+25.5,3.46,"7,000",2026/08/04
322,322,3808,(株)オーケーウェブ,名証NXT,30,+1,3.45,"247,500",2026/08/04
323,323,7072,(株)インティメート・マージャー,東証GRT,"1,169",+39,3.45,"15,200",2026/08/04
324,324,7995,(株)バルカー,東証PRM,"6,900",+230,3.45,"112,500",2026/08/04
325,325,4937,(株)Ｗａｑｏｏ,東証GRT,"1,538",+51,3.43,"2,000",2026/08/04
326,326,6091,(株)ウエスコホールディングス,東証STD,874,+29,3.43,"26,400",2026/08/04
327,327,7093,アディッシュ(株),東証GRT,543,+18,3.43,"2,100",2026/08/04
328,328,2926,(株)篠崎屋,東証STD,121,+4,3.42,"113,400",2026/08/04
329,329,352A,(株)ＬＯＩＶＥ,東証GRT,514,+17,3.42,"62,800",2026/08/04
330,330,2869,iFreeETF NASDAQ100レバレッジ,東証ETF,"2,860",+94,3.4,"129,219",2026/08/04
331,331,9211,(株)エフ・コード,東証GRT,"1,398",+46,3.4,"133,100",2026/08/04
332,332,9331,(株)キャスター,東証GRT,761,+25,3.4,600,2026/08/04
333,333,6366,千代田化工建設(株),東証STD,671,+22,3.39,"2,988,300",2026/08/04
334,334,2962,(株)テクニスコ,東証STD,"1,192",+39,3.38,"36,500",2026/08/04
335,335,5449,大阪製鐵(株),東証STD,"2,448",+80,3.38,"62,100",2026/08/04
336,336,4051,ＧＭＯフィナンシャルゲート(株),東証PRM,"6,460",+210,3.36,"23,000",2026/08/04
337,337,554A,(株)バトンズ,東証GRT,"1,444",+47,3.36,"8,400",2026/08/04
338,338,7030,(株)スプリックス,東証STD,"1,137",+37,3.36,"10,700",2026/08/04
339,339,200A,(NEXT FUNDS) 日経半導体株指数連動型上場投信,東証ETF,"4,423",+143,3.34,"3,430,446",2026/08/04
340,340,7215,(株)ファルテック,東証STD,433,+14,3.34,"5,500",2026/08/04
341,341,4883,(株)モダリス,東証GRT,31,+1,3.33,"1,986,100",2026/08/04
342,342,6841,横河電機(株),東証PRM,"5,894",+190,3.33,"1,545,400",2026/08/04
343,343,6645,オムロン(株),東証PRM,"5,538",+178,3.32,"1,738,100",2026/08/04
344,344,2553,One ETF 南方 中国A株 CSI500,東証ETF,"2,359.5",+75.5,3.31,"2,500",2026/08/04
345,345,2637,GX クリーンテック-日本株式,東証ETF,"2,757",+88,3.3,"5,836",2026/08/04
346,346,5016,ＪＸ金属(株),東証PRM,"3,971",+127,3.3,"22,472,000",2026/08/04
347,347,8105,Ｂｉｔｃｏｉｎ　Ｊａｐａｎ(株),東証STD,94,+3,3.3,"1,136,300",2026/08/04
348,348,6039,(株)日本動物高度医療センター,東証GRT,"1,004",+32,3.29,"47,800",2026/08/04
349,349,4216,旭有機材(株),東証PRM,"6,000",+190,3.27,"64,800",2026/08/04
350,350,4395,(株)アクリート,東証GRT,664,+21,3.27,"87,500",2026/08/04
351,351,5706,三井金属(株),東証PRM,"31,900","+1,010",3.27,"1,064,200",2026/08/04
352,352,6617,(株)東光高岳,東証PRM,"7,630",+240,3.25,"248,300",2026/08/04
353,353,6635,(株)大日光・エンジニアリング,東証STD,667,+21,3.25,"24,700",2026/08/04
354,354,9256,(株)サクシード,東証GRT,"1,301",+41,3.25,"261,900",2026/08/04
355,355,7564,(株)ワークマン,東証STD,"6,050",+190,3.24,"1,060,400",2026/08/04
356,356,130A,(株)Ｖｅｒｉｔａｓ　Ｉｎ　Ｓｉｌｉｃｏ,東証GRT,415,+13,3.23,"21,900",2026/08/04
357,357,3936,(株)グローバルウェイ,東証GRT,160,+5,3.23,"164,600",2026/08/04
358,358,8107,(株)キムラタン,東証STD,32,+1,3.23,"29,300",2026/08/04
359,359,4064,日本カーバイド工業(株),東証PRM,"3,370",+105,3.22,"88,100",2026/08/04
360,360,6258,平田機工(株),東証PRM,"2,985",+93,3.22,"201,800",2026/08/04
361,361,7826,(株)フルヤ金属,東証PRM,"6,740",+210,3.22,"348,800",2026/08/04
362,362,1788,(株)三東工業社,東証STD,"4,335",+135,3.21,"1,000",2026/08/04
363,363,6996,ニチコン(株),東証PRM,"3,025",+94,3.21,"1,216,100",2026/08/04
364,364,6754,アンリツ(株),東証PRM,"3,613",+112,3.2,"1,700,900",2026/08/04
365,365,6859,エスペック(株),東証PRM,"4,030",+125,3.2,"118,600",2026/08/04
366,366,4055,ティアンドエスグループ(株),東証GRT,"1,553",+48,3.19,"40,000",2026/08/04
367,367,4242,(株)タカギセイコー,東証STD,"1,919",+59,3.17,"1,900",2026/08/04
368,368,8344,(株)山形銀行,東証PRM,"3,900",+120,3.17,"190,300",2026/08/04
369,369,8237,(株)松屋,東証PRM,"1,960",+60,3.16,"322,100",2026/08/04
370,370,2321,(株)ソフトフロントホールディングス,東証GRT,131,+4,3.15,"157,600",2026/08/04
371,371,6166,(株)中村超硬,東証GRT,622,+19,3.15,"155,600",2026/08/04
372,372,7362,(株)Ｔ．Ｓ．Ｉ,東証GRT,885,+27,3.15,"1,500",2026/08/04
373,373,7713,シグマ光機(株),東証STD,"2,006",+61,3.14,"45,600",2026/08/04
374,374,3864,三菱製紙(株),東証PRM,"1,152",+35,3.13,"183,200",2026/08/04
375,375,6545,(株)インターネットインフィニティー,東証GRT,858,+26,3.13,"7,500",2026/08/04
376,376,6840,(株)ＡＫＩＢＡホールディングス,東証STD,692,+21,3.13,"594,100",2026/08/04
377,377,4061,デンカ(株),東証PRM,"3,540",+107,3.12,"741,300",2026/08/04
378,378,7363,(株)ベビーカレンダー,東証GRT,"1,226",+37,3.11,"1,800",2026/08/04
379,379,8035,東京エレクトロン(株),東証PRM,"56,700","+1,710",3.11,"3,777,200",2026/08/04
380,380,5122,オカモト(株),東証PRM,"6,310",+190,3.1,"51,200",2026/08/04
381,381,7409,ＡｅｒｏＥｄｇｅ(株),東証GRT,"1,595",+48,3.1,"211,500",2026/08/04
382,382,4689,ＬＩＮＥヤフー(株),東証PRM,460.3,+13.8,3.09,"38,292,700",2026/08/04
383,383,5597,ブルーイノベーション(株),東証GRT,"1,300",+39,3.09,"51,700",2026/08/04
384,384,6599,エブレン(株),東証STD,"3,000",+90,3.09,"1,500",2026/08/04
385,385,4410,ハリマ化成グループ(株),東証PRM,"1,106",+33,3.08,"140,000",2026/08/04
386,386,6634,(株)ＪＮグループ,東証STD,67,+2,3.08,"54,000",2026/08/04
387,387,512A,GX ステーブルコイン&トークンビジネス(除く日本),東証ETF,"1,111",+33,3.06,787,2026/08/04
388,388,1768,(株)ソネック,東証STD,"1,118",+33,3.04,"7,300",2026/08/04
389,389,4379,(株)Ｐｈｏｔｏｓｙｎｔｈ,東証GRT,410,+12,3.02,"35,400",2026/08/04
390,390,9561,(株)グラッドキューブ,東証GRT,410,+12,3.02,"3,700",2026/08/04
391,391,1847,(株)イチケン,東証STD,"2,741",+80,3.01,"77,800",2026/08/04
392,392,4570,(株)免疫生物研究所,東証GRT,959,+28,3.01,"65,300",2026/08/04
393,393,5985,サンコール(株),東証STD,"1,333",+39,3.01,"779,500",2026/08/04
394,394,3186,(株)ネクステージ,東証PRM,"3,435",+100,3.0,"409,800",2026/08/04
395,395,9908,Ｄｅｎｋｅｉ,東証STD,"2,643",+77,3.0,"24,000",2026/08/04
396,396,4175,(株)ｃｏｌｙ,東証GRT,"2,879",+83,2.97,"8,200",2026/08/04
397,397,5129,(株)ＦＩＸＥＲ,東証GRT,243,+7,2.97,"14,000",2026/08/04
398,398,7707,プレシジョン・システム・サイエンス(株),東証GRT,208,+6,2.97,"82,000",2026/08/04
399,399,4258,(株)網屋,東証GRT,"4,350",+125,2.96,"37,400",2026/08/04
400,400,598A,チャットプラス(株),東証GRT,"1,599",+46,2.96,"75,900",2026/08/04
401,401,215A,(株)タイミー,東証GRT,"1,537",+44,2.95,"1,134,200",2026/08/04
402,402,593A,(株)ティアフォー,東証GRT,"1,016",+29,2.94,"1,920,900",2026/08/04
403,403,287A,黒田グループ(株),東証STD,"1,125",+32,2.93,"591,000",2026/08/04
404,404,3810,サイバーステップホールディングス(株),東証STD,176,+5,2.92,"1,828,300",2026/08/04
405,405,7794,(株)イーディーピー,東証GRT,881,+25,2.92,"276,100",2026/08/04
406,406,2038,NEXT NOTES ドバイ原油先物 ダブル・ブル ETN,東証ETF,"2,013",+57,2.91,"47,931",2026/08/04
407,407,4882,(株)ペルセウスプロテオミクス,東証GRT,142,+4,2.9,"137,200",2026/08/04
408,408,516A,iFreeETF 米ドル・ブル(1倍),東証ETF,"2,060",+58,2.9,"1,176",2026/08/04
409,409,6140,旭ダイヤモンド工業(株),東証PRM,"1,136",+32,2.9,"445,600",2026/08/04
410,410,8368,(株)百五銀行,東証PRM,"2,065",+58,2.89,"1,146,700",2026/08/04
411,411,2484,(株)出前館,東証STD,143,+4,2.88,"395,700",2026/08/04
412,412,7760,ＩＭＶ(株),東証STD,"2,500",+70,2.88,"160,900",2026/08/04
413,413,9753,アイエックス・ナレッジ(株),東証STD,"1,322",+37,2.88,"10,100",2026/08/04
414,414,7970,信越ポリマー(株),東証PRM,"2,222",+62,2.87,"225,200",2026/08/04
415,415,9165,(株)クオルテック,東証GRT,"1,756",+49,2.87,"9,300",2026/08/04
416,416,9308,乾汽船(株),東証STD,"1,971",+55,2.87,"203,700",2026/08/04
417,417,2326,デジタルアーツ(株),東証PRM,"4,325",+120,2.85,"355,100",2026/08/04
418,418,4261,アジアクエスト(株),東証GRT,"3,250",+90,2.85,"2,400",2026/08/04
419,419,6395,(株)タダノ,東証PRM,"1,372",+38,2.85,"799,100",2026/08/04
420,420,1965,(株)テクノ菱和,東証STD,"5,790",+160,2.84,"77,500",2026/08/04
421,421,2237,iFreeETF S&P500レバレッジ,東証ETF,"2,426",+67,2.84,"14,762",2026/08/04
422,422,3542,(株)ベガコーポレーション,東証GRT,"1,340",+37,2.84,"21,000",2026/08/04
423,423,3926,(株)オープンドア,東証STD,398,+11,2.84,"60,000",2026/08/04
424,424,460A,ＢＲＡＮＵ(株),東証GRT,940,+26,2.84,"6,800",2026/08/04
425,425,6861,(株)キーエンス,東証PRM,"82,900","+2,290",2.84,"787,300",2026/08/04
426,426,2644,GX 半導体関連-日本株式,東証ETF,"4,075",+112,2.83,"1,026,563",2026/08/04
427,427,5885,(株)ジーデップ・アドバンス,東証STD,"2,763",+76,2.83,"18,600",2026/08/04
428,428,7942,(株)ＪＳＰ,東証PRM,"2,795",+77,2.83,"193,900",2026/08/04
429,429,4203,住友ベークライト(株),東証PRM,"7,440",+204,2.82,"2,573,500",2026/08/04
430,430,446A,(株)ノースサンド,東証GRT,"1,611",+44,2.81,"185,500",2026/08/04
431,431,5532,(株)リアルゲイト,東証GRT,"3,295",+90,2.81,"27,500",2026/08/04
432,432,1944,(株)きんでん,東証PRM,"7,158",+195,2.8,"686,000",2026/08/04
433,433,6472,ＮＴＮ(株),東証PRM,400.3,+10.9,2.8,"4,313,100",2026/08/04
434,434,7456,松田産業(株),東証PRM,"5,510",+150,2.8,"88,400",2026/08/04
435,435,5344,(株)ＭＡＲＵＷＡ,東証PRM,"57,180","+1,550",2.79,"116,900",2026/08/04
436,436,7726,黒田精工(株),東証STD,"1,328",+36,2.79,"15,100",2026/08/04
437,437,2388,(株)ウェッジホールディングス,東証GRT,37,+1,2.78,"41,800",2026/08/04
438,438,6316,(株)丸山製作所,東証STD,"2,768",+75,2.78,"4,900",2026/08/04
439,439,7047,ポート(株),東証GRT,"2,531",+68,2.76,"120,700",2026/08/04
440,440,5254,(株)Ａｒｅｎｔ,東証GRT,"4,490",+120,2.75,"14,400",2026/08/04
441,441,1514,住石ホールディングス(株),東証STD,600,+16,2.74,"392,000",2026/08/04
442,442,269A,(株)Ｓａｐｅｅｔ,東証GRT,"2,585",+69,2.74,"2,700",2026/08/04
443,443,5018,(株)ＭＯＲＥＳＣＯ,東証STD,"2,174",+58,2.74,"27,300",2026/08/04
444,444,552A,MAXIS 米国AIインフラ株上場投信,東証ETF,"2,435",+65,2.74,"4,210",2026/08/04
445,445,1551,東証スタンダードTOP20,東証ETF,"7,150",+190,2.73,310,2026/08/04
446,446,178A,GX 革新的優良企業,東証ETF,"1,619",+43,2.73,"59,413",2026/08/04
447,447,4182,三菱ガス化学(株),東証PRM,"4,322",+115,2.73,"967,300",2026/08/04
448,448,4444,(株)インフォネット,東証GRT,940,+25,2.73,"2,100",2026/08/04
449,449,7776,(株)セルシード,東証GRT,226,+6,2.73,"179,300",2026/08/04
450,450,4125,三和油化工業(株),東証STD,"3,215",+85,2.72,"11,300",2026/08/04
451,451,5715,古河機械金属(株),東証PRM,"3,590",+95,2.72,"422,200",2026/08/04
452,452,4100,戸田工業(株),東証STD,"1,440",+38,2.71,"36,500",2026/08/04
453,453,5992,中央発條(株),東証STD,"3,810",+100,2.7,"60,700",2026/08/04
454,454,5994,(株)ファインシンター,東証STD,952,+25,2.7,"13,200",2026/08/04
455,455,7296,(株)エフ・シー・シー,東証PRM,"3,800",+100,2.7,"306,600",2026/08/04
456,456,392A,iシェアーズ NASDAQ トップ 30,東証ETF,270.9,+7.1,2.69,"87,490",2026/08/04
457,457,9412,スカパーＪＳＡＴ(株),東証PRM,"2,214",+58,2.69,"2,524,700",2026/08/04
458,458,6328,荏原実業(株),東証PRM,"2,527",+66,2.68,"162,100",2026/08/04
459,459,6994,(株)指月電機製作所,東証STD,"1,072",+28,2.68,"193,700",2026/08/04
460,460,3580,小松マテーレ(株),東証PRM,730,+19,2.67,"159,600",2026/08/04
461,461,5250,ＧＭＯプライム・ストラテジー(株),東証STD,"1,040",+27,2.67,"2,200",2026/08/04
462,462,5698,(株)エンビプロ・ホールディングス,東証STD,808,+21,2.67,"134,800",2026/08/04
463,463,3168,(株)ＭＥＲＦ,東証STD,"1,310",+34,2.66,"80,700",2026/08/04
464,464,4588,オンコリスバイオファーマ(株),東証GRT,"2,741",+71,2.66,"534,100",2026/08/04
465,465,6856,(株)堀場製作所,東証PRM,"26,780",+695,2.66,"201,900",2026/08/04
466,466,4814,ネクストウェア(株),東証STD,155,+4,2.65,"14,400",2026/08/04
467,467,5574,(株)ＡＢＥＪＡ,東証GRT,"2,673",+69,2.65,"65,100",2026/08/04
468,468,6518,三相電機(株),東証STD,"1,979",+51,2.65,"6,800",2026/08/04
469,469,298A,ＧＶＡ　ＴＥＣＨ(株),東証GRT,311,+8,2.64,"4,800",2026/08/04
470,470,404A,GX チャイナテック・トップ10,東証ETF,"1,287",+33,2.63,"1,529",2026/08/04
471,471,7741,ＨＯＹＡ(株),東証PRM,"25,925",+665,2.63,"1,384,400",2026/08/04
472,472,1803,清水建設(株),東証PRM,"2,398",+61,2.61,"3,149,100",2026/08/04
473,473,2323,(株)ｆｏｎｆｕｎ,東証STD,275,+7,2.61,"20,300",2026/08/04
474,474,7715,長野計器(株),東証PRM,"3,935",+100,2.61,"72,100",2026/08/04
475,475,476A,辻・本郷ＩＴコンサルティング(株),東証STD,"1,580",+40,2.6,"2,600",2026/08/04
476,476,6370,栗田工業(株),東証PRM,"8,950",+227,2.6,"498,600",2026/08/04
477,477,6969,松尾電機(株),東証STD,"1,104",+28,2.6,"60,800",2026/08/04
478,478,5541,大平洋金属(株),東証PRM,"2,493",+63,2.59,"269,300",2026/08/04
479,479,6775,(株)ＴＢグループ,東証STD,119,+3,2.59,"40,100",2026/08/04
480,480,7916,光村印刷(株),東証STD,"1,901",+48,2.59,"3,400",2026/08/04
481,481,303A,(株)ｖｉｓｕｍｏ,東証GRT,596,+15,2.58,"2,100",2026/08/04
482,482,5884,(株)クラダシ,東証GRT,556,+14,2.58,"6,500",2026/08/04
483,483,6474,(株)不二越,東証PRM,"5,560",+140,2.58,"135,800",2026/08/04
484,484,4704,トレンドマイクロ(株),東証PRM,"6,466",+162,2.57,"844,700",2026/08/04
485,485,7898,(株)ウッドワン,東証STD,918,+23,2.57,"6,400",2026/08/04
486,486,3436,(株)ＳＵＭＣＯ,東証PRM,"3,545",+88,2.55,"14,874,300",2026/08/04
487,487,6516,山洋電気(株),東証PRM,"5,640",+140,2.55,"115,300",2026/08/04
488,488,6615,ユー・エム・シー・エレクトロニクス(株),東証PRM,241,+6,2.55,"22,700",2026/08/04
489,489,8338,(株)筑波銀行,東証PRM,644,+16,2.55,"1,742,900",2026/08/04
490,490,2516,東証グロース250ETF,東証ETF,560.8,+13.9,2.54,"243,140",2026/08/04
491,491,3153,八洲電機(株),東証PRM,"3,035",+75,2.53,"52,700",2026/08/04
492,492,1671,WTI原油価格連動型上場投信,東証ETF,"4,929",+121,2.52,"157,961",2026/08/04
493,493,3741,(株)セック,東証PRM,"3,050",+75,2.52,"52,400",2026/08/04
494,494,3816,(株)大和コンピューター,東証STD,"1,140",+28,2.52,100,2026/08/04
495,495,223A,GX AI&ビッグデータ,東証ETF,"1,717",+42,2.51,"69,072",2026/08/04
496,496,5588,ファーストアカウンティング(株),東証GRT,856,+21,2.51,"23,800",2026/08/04
497,497,9962,(株)ミスミグループ本社,東証PRM,"4,051",+99,2.51,"1,954,000",2026/08/04
498,498,3565,アセンテック(株),東証STD,412,+10,2.49,"167,100",2026/08/04
499,499,9941,太洋物産(株),東証STD,"1,193",+29,2.49,"30,100",2026/08/04
500,500,268A,リガク・ホールディングス(株),東証PRM,"2,189",+53,2.48,"1,696,600",2026/08/04
501,501,3512,日本フエルト(株),東証STD,950,+23,2.48,"3,700",2026/08/04
502,502,3766,システムズ・デザイン(株),東証STD,"1,403",+34,2.48,"1,500",2026/08/04
503,503,5331,ノリタケ(株),東証PRM,"3,510",+85,2.48,"386,800",2026/08/04
504,504,9082,大和自動車交通(株),東証STD,"1,899",+46,2.48,"1,700",2026/08/04
505,505,9348,(株)ｉｓｐａｃｅ,東証GRT,413,+10,2.48,"847,800",2026/08/04
506,506,2760,東京エレクトロン　デバイス(株),東証PRM,"4,150",+100,2.47,"239,300",2026/08/04
507,507,6703,ＯＫＩ,東証PRM,"2,866",+69,2.47,"880,900",2026/08/04
508,508,6737,ＥＩＺＯ(株),東証PRM,"2,949",+71,2.47,"313,100",2026/08/04
509,509,3853,アステリア(株),東証PRM,"1,083",+26,2.46,"166,600",2026/08/04
510,510,4167,(株)ココペリ,東証GRT,291,+7,2.46,"7,800",2026/08/04
511,511,4471,三洋化成工業(株),東証PRM,"5,000",+120,2.46,"114,600",2026/08/04
512,512,9279,(株)ギフトホールディングス,東証PRM,"5,410",+130,2.46,"108,900",2026/08/04
513,513,2158,(株)ＦＲＯＮＴＥＯ,東証GRT,628,+15,2.45,"187,800",2026/08/04
514,514,2656,(株)ベクターホールディングス,東証STD,167,+4,2.45,"89,000",2026/08/04
515,515,487A,(NEXT FUNDS) ドイツ株式・DAX(H無),東証ETF,"2,087",+50,2.45,"2,103",2026/08/04
516,516,5393,ニチアス(株),東証PRM,"3,474",+83,2.45,"873,200",2026/08/04
517,517,6101,(株)ツガミ,東証PRM,"5,860",+140,2.45,"552,800",2026/08/04
518,518,6989,北陸電気工業(株),東証STD,"2,386",+57,2.45,"3,000",2026/08/04
519,519,6369,トーヨーカネツ(株),東証PRM,"2,478",+59,2.44,"161,100",2026/08/04
520,520,4063,信越化学工業(株),東証PRM,"5,987",+142,2.43,"6,864,900",2026/08/04
521,521,2239,上場インデックスファンドS&P500先物レバレッジ2倍,東証ETF,"26,420",+625,2.42,"1,478",2026/08/04
522,522,4425,Ｋｕｄａｎ(株),東証GRT,"1,651",+39,2.42,"119,400",2026/08/04
523,523,4431,(株)スマレジ,東証GRT,"3,170",+75,2.42,"76,000",2026/08/04
524,524,1979,(株)大気社,東証PRM,"4,255",+100,2.41,"250,300",2026/08/04
525,525,3559,(株)ピーバンドットコム,東証STD,425,+10,2.41,"15,300",2026/08/04
526,526,6482,ＹＵＳＨＩＮ(株),東証STD,679,+16,2.41,"79,800",2026/08/04
527,527,6877,ＯＢＡＲＡ　ＧＲＯＵＰ(株),東証STD,"5,960",+140,2.41,"51,100",2026/08/04
528,528,7678,(株)あさくま,東証STD,"3,060",+72,2.41,"20,000",2026/08/04
529,529,1515,日鉄鉱業(株),東証PRM,"3,205",+75,2.4,"712,700",2026/08/04
530,530,6508,(株)明電舎,東証PRM,"10,690",+250,2.39,"359,600",2026/08/04
531,531,7078,ＩＮＣＬＵＳＩＶＥ　Ｈｏｌｄｉｎｇｓ(株),東証GRT,343,+8,2.39,"7,100",2026/08/04
532,532,7433,伯東(株),東証PRM,"5,150",+120,2.39,"130,600",2026/08/04
533,533,8059,第一実業(株),東証PRM,"3,425",+80,2.39,"118,600",2026/08/04
534,534,150A,(株)ＪＳＨ,東証GRT,473,+11,2.38,"597,100",2026/08/04
535,535,1696,WisdomTree とうもろこし上場投信,東証ETF,"2,885",+67,2.38,"5,050",2026/08/04
536,536,2568,上場インデックスファンド米国株式(NASDAQ100)H無,東証ETF,"7,836",+182,2.38,"3,176",2026/08/04
537,537,282A,GX 半導体・トップ10-日本株式,東証ETF,"2,368",+55,2.38,"401,808",2026/08/04
538,538,4078,堺化学工業(株),東証PRM,"4,090",+95,2.38,"218,800",2026/08/04
539,539,6800,(株)ヨコオ,東証PRM,"4,085",+95,2.38,"194,200",2026/08/04
540,540,8158,ソーダニッカ(株),東証PRM,"1,247",+29,2.38,"104,700",2026/08/04
541,541,9824,泉州電業(株),東証PRM,"6,450",+150,2.38,"55,800",2026/08/04
542,542,5572,(株)Ｒｉｄｇｅ－ｉ,東証GRT,"2,475",+57,2.36,"14,200",2026/08/04
543,543,3557,ユナイテッド＆コレクティブ(株),東証GRT,569,+13,2.34,"10,900",2026/08/04
544,544,6824,新コスモス電機(株),東証STD,"4,815",+110,2.34,"8,400",2026/08/04
545,545,2393,(株)日本ケアサプライ,東証STD,"3,945",+90,2.33,"5,400",2026/08/04
546,546,4240,クラスターテクノロジー(株),東証STD,308,+7,2.33,"9,500",2026/08/04
547,547,4833,(株)Ｄｅｆ　ｃｏｎｓｕｌｔｉｎｇ,東証GRT,44,+1,2.33,"848,500",2026/08/04
548,548,4992,北興化学工業(株),東証STD,"1,885",+43,2.33,"144,000",2026/08/04
549,549,499A,ラグジュアリー厳選10 欧州株(ネットリターン)ETN,東証ETF,"9,044",+206,2.33,1,2026/08/04
550,550,6785,(株)鈴木,東証PRM,"3,070",+70,2.33,"84,900",2026/08/04
551,551,313A,iシェアーズ S&P500 トップ20 ETF,東証ETF,259.7,+5.9,2.32,"53,550",2026/08/04
552,552,1695,WisdomTree 小麦上場投信,東証ETF,"3,316",+75,2.31,"5,616",2026/08/04
553,553,2303,(株)ドーン,東証STD,"1,282",+29,2.31,"23,000",2026/08/04
554,554,3652,(株)ディジタルメディアプロフェッショナル,東証GRT,"2,440",+55,2.31,"34,000",2026/08/04
555,555,4390,(株)アイ・ピー・エス,東証PRM,"3,545",+80,2.31,"48,900",2026/08/04
556,556,4380,(株)Ｍマート,東証GRT,624,+14,2.3,"21,300",2026/08/04
557,557,6471,日本精工(株),東証PRM,"1,155.5",+26,2.3,"3,058,200",2026/08/04
558,558,6597,ＨＰＣシステムズ(株),東証GRT,"3,330",+75,2.3,"35,600",2026/08/04
559,559,6745,ホーチキ(株),東証PRM,"1,954",+44,2.3,"156,100",2026/08/04
560,560,7004,カナデビア(株),東証PRM,"1,200",+27,2.3,"817,800",2026/08/04
561,561,2840,iFreeETF NASDAQ100(H無),東証ETF,"2,635",+59,2.29,"145,898",2026/08/04
562,562,3046,(株)ジンズホールディングス,東証PRM,"6,690",+150,2.29,"250,000",2026/08/04
563,563,4592,サンバイオ(株),東証GRT,938,+21,2.29,"705,100",2026/08/04
564,564,5256,(株)Ｆｕｓｉｃ,東証GRT,"2,367",+53,2.29,"2,100",2026/08/04
565,565,149A,(株)シンカ,東証GRT,762,+17,2.28,"3,100",2026/08/04
566,566,1687,WisdomTree 農産物上場投信,東証ETF,"1,033",+23,2.28,"1,230",2026/08/04
567,567,6823,リオン(株),東証PRM,"3,365",+75,2.28,"67,300",2026/08/04
568,568,1555,上場インデックスファンド豪州リート,東証ETF,"2,521",+56,2.27,"1,134",2026/08/04
569,569,2033,NEXT NOTES 韓国KOSPI･ダブル･ブルETN,東証ETF,"64,790","+1,440",2.27,"8,714",2026/08/04
570,570,590A,ギフティグループ(株),東証PRM,"1,080",+24,2.27,"195,800",2026/08/04
571,571,212A,フィットイージー(株),東証PRM,"2,763",+61,2.26,"87,900",2026/08/04
572,572,6405,鈴茂器工(株),東証STD,"1,040",+23,2.26,"15,600",2026/08/04
573,573,2522,iシェアーズ オートメーション&ロボット ETF,東証ETF,"8,635",+190,2.25,"1,810",2026/08/04
574,574,6301,コマツ,東証PRM,"6,912",+152,2.25,"3,130,500",2026/08/04
575,575,6454,マックス(株),東証PRM,"1,911",+42,2.25,"401,800",2026/08/04
576,576,6574,(株)コンヴァノ,東証GRT,91,+2,2.25,"827,100",2026/08/04
577,577,2425,(株)ケアサービス,東証STD,686,+15,2.24,"1,500",2026/08/04
578,578,6364,(株)ＡＩＲＭＡＮ,東証PRM,"2,735",+60,2.24,"227,200",2026/08/04
579,579,3441,(株)山王,東証STD,"2,570",+56,2.23,"25,100",2026/08/04
580,580,3446,(株)ジェイテックコーポレーション,東証STD,"1,511",+33,2.23,"12,900",2026/08/04
581,581,6643,(株)戸上電機製作所,東証STD,"5,960",+130,2.23,"12,500",2026/08/04
582,582,3409,(株)北紡,東証STD,92,+2,2.22,"21,900",2026/08/04
583,583,5121,藤倉コンポジット(株),東証PRM,"2,581",+56,2.22,"190,900",2026/08/04
584,584,9554,(株)ＡＶｉＣ,東証GRT,"1,564",+34,2.22,"19,900",2026/08/04
585,585,3433,トーカロ(株),東証PRM,"3,000",+65,2.21,"305,800",2026/08/04
586,586,4196,(株)ネオマーケティング,東証STD,"1,939",+42,2.21,"6,900",2026/08/04
587,587,587A,インベスコ QQQ トラスト シリーズ1,東証ETF,"111,150","+2,400",2.21,224,2026/08/04
588,588,6266,タツモ(株),東証PRM,"4,165",+90,2.21,"303,100",2026/08/04
589,589,6822,大井電気(株),東証STD,"4,850",+105,2.21,"2,300",2026/08/04
590,590,9270,バリュエンスホールディングス(株),東証GRT,"1,898",+41,2.21,"50,100",2026/08/04
591,591,4445,リビン・テクノロジーズ(株),東証GRT,"1,855",+40,2.2,"3,900",2026/08/04
592,592,4476,ＡＩ　ＣＲＯＳＳ(株),東証GRT,"1,069",+23,2.2,"10,800",2026/08/04
593,593,7318,セレンディップ・ホールディングス(株),東証GRT,"1,953",+42,2.2,"46,700",2026/08/04
594,594,1952,新日本空調(株),東証PRM,"3,270",+70,2.19,"121,000",2026/08/04
595,595,2631,MAXIS ナスダック100上場投信,東証ETF,"32,660",+700,2.19,"33,956",2026/08/04
596,596,4587,ペプチドリーム(株),東証PRM,953.8,+20.4,2.19,"865,200",2026/08/04
597,597,6231,木村工機(株),東証STD,"11,640",+250,2.19,"10,700",2026/08/04
598,598,6255,(株)エヌ・ピー・シー,東証GRT,701,+15,2.19,"330,600",2026/08/04
599,599,4026,神島化学工業(株),東証STD,"1,594",+34,2.18,"33,400",2026/08/04
600,600,6479,ミネベアミツミ(株),東証PRM,"3,847",+82,2.18,"2,285,800",2026/08/04
601,601,6962,(株)大真空,東証PRM,750,+16,2.18,"333,600",2026/08/04
602,602,4479,(株)マクアケ,東証GRT,849,+18,2.17,"30,900",2026/08/04
603,603,4771,(株)エフアンドエム,東証STD,"2,587",+55,2.17,"22,400",2026/08/04
604,604,5906,エムケー精工(株),東証STD,754,+16,2.17,"11,400",2026/08/04
605,605,7505,扶桑電通(株),東証STD,"2,216",+47,2.17,"4,700",2026/08/04
606,606,4047,関東電化工業(株),東証PRM,"2,837",+60,2.16,"627,200",2026/08/04
607,607,6055,ジャパンマテリアル(株),東証PRM,"2,327",+49,2.15,"588,200",2026/08/04
608,608,6863,(株)ニレコ,東証STD,901,+19,2.15,"43,900",2026/08/04
609,609,2645,GX レジャー&エンターテインメント-日本株式,東証ETF,"3,152",+66,2.14,71,2026/08/04
610,610,4593,(株)ヘリオス,東証GRT,240,+5,2.13,"1,062,000",2026/08/04
611,611,5659,日本精線(株),東証PRM,"1,343",+28,2.13,"81,700",2026/08/04
612,612,1545,(NEXT FUNDS)NASDAQ-100(H無)連動型上場投信,東証ETF,231.5,+4.8,2.12,"4,230,640",2026/08/04
613,613,6526,(株)ソシオネクスト,東証PRM,"2,071.5",+43,2.12,"8,584,800",2026/08/04
614,614,3422,(株)Ｊ－ＭＡＸ,東証STD,485,+10,2.11,"31,300",2026/08/04
615,615,6171,(株)土木管理総合試験所,東証STD,388,+8,2.11,"20,800",2026/08/04
616,616,4238,ミライアル(株),東証STD,"1,602",+33,2.1,"51,300",2026/08/04
617,617,4264,(株)セキュア,東証GRT,"1,601",+33,2.1,"2,500",2026/08/04
618,618,6955,ＦＤＫ(株),東証STD,389,+8,2.1,"91,300",2026/08/04
619,619,9072,ニッコンホールディングス(株),東証PRM,"5,144",+106,2.1,"223,600",2026/08/04
620,620,1673,WisdomTree 銀上場投信,東証ETF,"8,465",+173,2.09,"2,300",2026/08/04
621,621,6501,(株)日立製作所,東証PRM,"5,412",+111,2.09,"15,277,700",2026/08/04
622,622,4255,ＴＨＥＣＯＯ(株),東証GRT,"2,550",+52,2.08,300,2026/08/04
623,623,4594,ブライトパス・バイオ(株),東証GRT,49,+1,2.08,"1,025,800",2026/08/04
624,624,498A,防衛・航空宇宙 欧州株(ネットリターン)ETN,東証ETF,"9,583",+195,2.08,30,2026/08/04
625,625,575A,前澤ホールディングス(株),東証PRM,"1,815",+37,2.08,"117,200",2026/08/04
626,626,6832,アオイ電子(株),東証STD,"2,312",+47,2.08,"43,600",2026/08/04
627,627,579A,GX 銀ビジネス,東証ETF,838,+17,2.07,"1,035",2026/08/04
628,628,5991,ニッパツ,東証PRM,"3,605",+73,2.07,"784,300",2026/08/04
629,629,6092,(株)エンバイオ・ホールディングス,東証STD,740,+15,2.07,"18,200",2026/08/04
630,630,6958,日本ＣＭＫ(株),東証PRM,643,+13,2.06,"1,492,800",2026/08/04
631,631,9425,ＲｅＹｕｕ　Ｊａｐａｎ(株),東証STD,198,+4,2.06,"155,100",2026/08/04
632,632,1799,第一建設工業(株),東証STD,"3,485",+70,2.05,"25,500",2026/08/04
633,633,4091,日本酸素ホールディングス(株),東証PRM,"5,772",+116,2.05,"478,900",2026/08/04
634,634,6961,(株)エンプラス,東証PRM,"11,450",+230,2.05,"243,900",2026/08/04
635,635,6503,三菱電機(株),東証PRM,"5,649",+113,2.04,"7,340,000",2026/08/04
636,636,2247,iFreeETF S&P500(H無),東証ETF,"2,262",+45,2.03,"64,707",2026/08/04
637,637,6104,芝浦機械(株),東証PRM,"4,030",+80,2.03,"243,200",2026/08/04
638,638,8473,ＳＢＩホールディングス(株),東証PRM,"2,997.5",+59.5,2.03,"3,775,200",2026/08/04
639,639,167A,リョーサン菱洋ホールディングス(株),東証PRM,"2,978",+59,2.02,"175,800",2026/08/04
640,640,4112,保土谷化学工業(株),東証PRM,"2,021",+40,2.02,"51,700",2026/08/04
641,641,4490,(株)ビザスク,東証GRT,656,+13,2.02,"7,200",2026/08/04
642,642,6367,ダイキン工業(株),東証PRM,"23,765",+470,2.02,"1,615,400",2026/08/04
643,643,8015,豊田通商(株),東証PRM,"6,804",+135,2.02,"2,883,700",2026/08/04
644,644,1938,日本リーテック(株),東証PRM,"2,437",+48,2.01,"112,200",2026/08/04
645,645,3083,スターシーズ(株),東証STD,962,+19,2.01,"37,300",2026/08/04
646,646,3850,(株)ＮＴＴデータイントラマート,東証STD,"3,295",+65,2.01,"58,000",2026/08/04
647,647,5332,ＴＯＴＯ(株),東証PRM,"6,295",+124,2.01,"1,924,300",2026/08/04
648,648,3261,(株)グランディーズ,東証GRT,409,+8,2.0,"4,300",2026/08/04
649,649,513A,GX 防衛テック-日本株式,東証ETF,866,+17,2.0,"268,279",2026/08/04
650,650,6794,フォスター電機(株),東証PRM,"2,914",+57,2.0,"154,100",2026/08/04
651,651,4735,(株)京進,東証STD,307,+6,1.99,"2,200",2026/08/04
652,652,6196,(株)ストライクグループ,東証PRM,"1,330",+26,1.99,"496,700",2026/08/04
653,653,7637,白銅(株),東証PRM,"3,580",+70,1.99,"40,900",2026/08/04
654,654,3107,ダイワボウホールディングス(株),東証PRM,"3,605",+70,1.98,"268,800",2026/08/04
655,655,3563,(株)ＦＯＯＤ　＆　ＬＩＦＥ　ＣＯＭＰＡＮＩＥＳ,東証PRM,"5,624",+109,1.98,"1,853,500",2026/08/04
656,656,4021,日産化学(株),東証PRM,"7,580",+147,1.98,"623,000",2026/08/04
657,657,4220,リケンテクノス(株),東証PRM,"2,673",+52,1.98,"424,800",2026/08/04
658,658,6247,(株)日阪製作所,東証PRM,"1,648",+32,1.98,"69,800",2026/08/04
659,659,379A,GX S&P500 (ダイナミック・プロテクション),東証ETF,"1,344",+26,1.97,4,2026/08/04
660,660,4892,(株)サイフューズ,東証GRT,518,+10,1.97,"17,300",2026/08/04
661,661,563A,GX NASDAQ100・デイリー・カバード・コール,東証ETF,"1,035",+20,1.97,"995,257",2026/08/04
662,662,6157,日進工具(株),東証STD,829,+16,1.97,"208,100",2026/08/04
663,663,8157,都築電気(株),東証PRM,"3,890",+75,1.97,"72,200",2026/08/04
664,664,9632,スバル興業(株),東証STD,"3,625",+70,1.97,"8,300",2026/08/04
665,665,1547,上場インデックスファンド米国株式(S&P500),東証ETF,"13,065",+250,1.95,"13,033",2026/08/04
666,666,4176,(株)ココナラ,東証GRT,262,+5,1.95,"114,100",2026/08/04
667,667,526A,JPXスタートアップ急成長100ETF,東証ETF,"2,089",+40,1.95,438,2026/08/04
668,668,7539,(株)アイナボホールディングス,東証STD,783,+15,1.95,"6,400",2026/08/04
669,669,1950,日本電設工業(株),東証PRM,"3,935",+75,1.94,"158,500",2026/08/04
670,670,3661,(株)エムアップホールディングス,東証PRM,790,+15,1.94,"549,800",2026/08/04
671,671,4875,メディシノバ,東証STD外国,210,+4,1.94,"14,200",2026/08/04
672,672,6331,三菱化工機(株),東証PRM,"3,150",+60,1.94,"203,000",2026/08/04
673,673,7191,(株)イントラスト,東証STD,"1,156",+22,1.94,"22,500",2026/08/04
674,674,8011,(株)三陽商会,東証PRM,"4,990",+95,1.94,"23,100",2026/08/04
675,675,1680,上場インデックスファンド海外先進国株式,東証ETF,"8,244",+156,1.93,"1,161",2026/08/04
676,676,3444,(株)菊池製作所,東証STD,952,+18,1.93,"86,900",2026/08/04
677,677,6951,日本電子(株),東証PRM,"8,305",+157,1.93,"265,900",2026/08/04
678,678,9854,愛眼(株),東証STD,264,+5,1.93,"65,000",2026/08/04
679,679,549A,ヒトトヒトホールディングス(株),東証STD,477,+9,1.92,"29,600",2026/08/04
680,680,5838,楽天銀行(株),東証PRM,"5,406",+102,1.92,"791,000",2026/08/04
681,681,6505,東洋電機製造(株),東証STD,"2,391",+45,1.92,"52,000",2026/08/04
682,682,147A,(株)ソラコム,東証GRT,"1,068",+20,1.91,"36,600",2026/08/04
683,683,4260,(株)ハイブリッドテクノロジーズ,東証GRT,213,+4,1.91,"5,300",2026/08/04
684,684,426A,ニッセイ ETF S&P500イコール・ウェイト(H無),東証ETF,"1,229",+23,1.91,"8,788",2026/08/04
685,685,6136,ＯＳＧ,東証PRM,"3,688",+69,1.91,"360,400",2026/08/04
686,686,7875,竹田ｉＰホールディングス(株),東証STD,800,+15,1.91,"9,000",2026/08/04
687,687,4320,(株)ＣＥホールディングス,東証STD,"1,720",+32,1.9,"23,400",2026/08/04
688,688,5288,アジアパイルホールディングス(株),東証PRM,"1,500",+28,1.9,"159,200",2026/08/04
689,689,6250,(株)やまびこ,東証PRM,"4,025",+75,1.9,"135,600",2026/08/04
690,690,2633,(NEXT FUNDS) S&P500(H無)連動型上場投信,東証ETF,554.7,+10.3,1.89,"487,110",2026/08/04
691,691,4598,Ｄｅｌｔａ－Ｆｌｙ　Ｐｈａｒｍａ(株),東証GRT,108,+2,1.89,"106,500",2026/08/04
692,692,5031,モイ(株),東証GRT,325,+6,1.88,"31,300",2026/08/04
693,693,5342,ジャニス工業(株),名証MN,380,+7,1.88,100,2026/08/04
694,694,6222,(株)島精機製作所,東証PRM,921,+17,1.88,"202,900",2026/08/04
695,695,1699,(NEXT FUNDS)NOMURA原油インデックス上場,東証ETF,589.2,+10.8,1.87,"95,650",2026/08/04
696,696,4040,南海化学(株),東証STD,"3,540",+65,1.87,"5,200",2026/08/04
697,697,4884,クリングルファーマ(株),東証GRT,327,+6,1.87,"32,000",2026/08/04
698,698,5844,(株)京都フィナンシャルグループ,東証PRM,"4,574",+84,1.87,"818,400",2026/08/04
699,699,2638,GX ロボティクス＆AI-日本株式,東証ETF,"2,680",+49,1.86,"26,134",2026/08/04
700,700,3388,明治電機工業(株),東証PRM,"2,078",+38,1.86,"86,000",2026/08/04
701,701,4056,ニューラルグループ(株),東証GRT,219,+4,1.86,"33,900",2026/08/04
702,702,4229,群栄化学工業(株),東証PRM,"4,385",+80,1.86,"44,200",2026/08/04
703,703,519A,(株)ベーシック,東証GRT,549,+10,1.86,"1,700",2026/08/04
704,704,6484,(株)ＫＶＫ,東証STD,"2,349",+43,1.86,"1,600",2026/08/04
705,705,7719,(株)東京衡機,東証STD,439,+8,1.86,"48,000",2026/08/04
706,706,9268,(株)オプティマスグループ,東証STD,437,+8,1.86,"204,600",2026/08/04
707,707,2040,NEXT NOTES NYダウ･ダブル･ブル･ドルヘッジ ETN,東証ETF,"39,600",+720,1.85,364,2026/08/04
708,708,2780,(株)コメ兵ホールディングス,東証STD,"4,950",+90,1.85,"34,600",2026/08/04
709,709,6858,(株)小野測器,東証STD,827,+15,1.85,"88,700",2026/08/04
710,710,142A,(株)ジンジブ,東証GRT,779,+14,1.83,"6,600",2026/08/04
711,711,276A,ククレブ・アドバイザーズ(株),東証GRT,"3,345",+60,1.83,"27,100",2026/08/04
712,712,3939,(株)カナミックネットワーク,東証PRM,500,+9,1.83,"110,000",2026/08/04
713,713,449A,ステート・ストリート・スパイダー S&P500 ETF(H無),東証ETF,816.8,+14.7,1.83,"8,800",2026/08/04
714,714,600A,ニッセイ ETF ラッセル2000,東証ETF,"1,950",+35,1.83,42,2026/08/04
715,715,7779,ＣＹＢＥＲＤＹＮＥ(株),東証GRT,222,+4,1.83,"1,137,400",2026/08/04
716,716,8151,(株)東陽テクニカ,東証PRM,"2,005",+36,1.83,"129,200",2026/08/04
717,717,4120,スガイ化学工業(株),東証STD,"3,070",+55,1.82,200,2026/08/04
718,718,5025,(株)マーキュリー,東証GRT,560,+10,1.82,500,2026/08/04
719,719,5741,(株)ＵＡＣＪ,東証PRM,"2,353",+42,1.82,"538,700",2026/08/04
720,720,6144,西部電機(株),東証STD,"3,085",+55,1.82,"7,800",2026/08/04
721,721,7238,曙ブレーキ工業(株),東証PRM,112,+2,1.82,"1,517,200",2026/08/04
722,722,259A,(株)ケイ・ウノ,名証NXT,"1,742",+31,1.81,200,2026/08/04
723,723,3099,(株)三越伊勢丹ホールディングス,東証PRM,"3,542",+63,1.81,"2,195,600",2026/08/04
724,724,3447,信和(株),東証STD,"1,012",+18,1.81,"34,400",2026/08/04
725,725,1624,(NEXT FUNDS)機械上場投信,東証ETF,"87,010","+1,540",1.8,358,2026/08/04
726,726,4326,(株)インテージホールディングス,東証PRM,"1,925",+34,1.8,"58,900",2026/08/04
727,727,7746,岡本硝子(株),東証STD,735,+13,1.8,"283,100",2026/08/04
728,728,7944,ローランド(株),東証PRM,"4,270",+75,1.79,"124,600",2026/08/04
729,729,1563,東証グロース･コア,東証ETF,"2,171",+38,1.78,"18,652",2026/08/04
730,730,2788,アップルインターナショナル(株),東証STD,400,+7,1.78,"44,500",2026/08/04
731,731,5232,住友大阪セメント(株),東証PRM,"5,498",+96,1.78,"1,874,600",2026/08/04
732,732,5821,平河ヒューテック(株),東証PRM,"3,440",+60,1.78,"98,100",2026/08/04
733,733,2160,(株)ジーエヌアイグループ,東証GRT,"2,532",+44,1.77,"553,800",2026/08/04
734,734,3744,サイオス(株),東証STD,517,+9,1.77,"21,900",2026/08/04
735,735,4440,(株)ヴィッツ,東証STD,"1,147",+20,1.77,"5,100",2026/08/04
736,736,6728,(株)アルバック,東証PRM,"8,749",+152,1.77,"518,600",2026/08/04
737,737,1968,太平電業(株),東証PRM,"2,429",+42,1.76,"174,100",2026/08/04
738,738,2138,クルーズ(株),東証STD,463,+8,1.76,"13,300",2026/08/04
739,739,2235,上場インデックスファンド米国株式(ダウ平均)H無,東証ETF,"3,639",+63,1.76,"4,822",2026/08/04
740,740,2976,日本グランデ(株),札幌ア,693,+12,1.76,500,2026/08/04
741,741,3969,(株)エイトレッド,東証STD,"1,444",+25,1.76,"13,100",2026/08/04
742,742,4234,(株)サンエー化研,東証STD,695,+12,1.76,"4,700",2026/08/04
743,743,1655,iシェアーズ S&P500 米国株 ETF,東証ETF,868.1,+14.9,1.75,"1,330,320",2026/08/04
744,744,1724,シンクレイヤ(株),東証STD,697,+12,1.75,"1,900",2026/08/04
745,745,3858,(株)ユビキタスＡＩ,東証STD,291,+5,1.75,"17,200",2026/08/04
746,746,4463,日華化学(株),東証STD,"2,032",+35,1.75,"27,600",2026/08/04
747,747,5971,(株)共和工業所,東証STD,"8,150",+140,1.75,900,2026/08/04
748,748,9562,ビジネスコーチ(株),東証GRT,524,+9,1.75,"8,500",2026/08/04
749,749,1981,(株)協和日成,東証STD,"1,343",+23,1.74,"1,100",2026/08/04
750,750,6054,(株)リブセンス,東証STD,117,+2,1.74,"25,600",2026/08/04
751,751,5013,(株)ユシロ,東証STD,"2,937",+50,1.73,"43,800",2026/08/04
752,752,7771,日本精密(株),東証STD,294,+5,1.73,"86,800",2026/08/04
753,753,1815,鉄建建設(株),東証PRM,"4,445",+75,1.72,"81,900",2026/08/04
754,754,2241,MAXIS NYダウ上場投信,東証ETF,934,+15.8,1.72,"3,630",2026/08/04
755,755,4015,ペイクラウドホールディングス(株),東証GRT,532,+9,1.72,"26,000",2026/08/04
756,756,4596,窪田製薬ホールディングス(株),東証GRT,59,+1,1.72,"1,171,000",2026/08/04
757,757,5942,日本フイルコン(株),東証STD,650,+11,1.72,"21,800",2026/08/04
758,758,5998,(株)アドバネクス,東証STD,"2,659",+45,1.72,"7,200",2026/08/04
759,759,1959,(株)クラフティア,東証PRM,"8,276",+139,1.71,"222,000",2026/08/04
760,760,4346,(株)ＮＥＸＹＺ．Ｇｒｏｕｐ,東証STD,832,+14,1.71,"39,300",2026/08/04
761,761,5721,エスクリプトエナジー(株),東証STD,60,+1,1.69,"367,800",2026/08/04
762,762,6203,豊和工業(株),東証STD,"1,383",+23,1.69,"172,800",2026/08/04
763,763,6223,(株)西部技研,東証STD,"2,050",+34,1.69,"23,000",2026/08/04
764,764,9304,澁澤倉庫(株),東証PRM,"1,867",+31,1.69,"223,000",2026/08/04
765,765,4388,(株)エーアイ,東証STD,363,+6,1.68,"8,700",2026/08/04
766,766,7271,(株)安永,東証STD,967,+16,1.68,"26,400",2026/08/04
767,767,7356,Ｒｅｔｔｙ(株),東証GRT,121,+2,1.68,"9,200",2026/08/04
768,768,1657,iシェアーズ･コア MSCI 先進国株(除く日本)ETF,東証ETF,"7,246",+119,1.67,465,2026/08/04
769,769,2916,仙波糖化工業(株),東証STD,731,+12,1.67,800,2026/08/04
770,770,3691,(株)デジタルプラス,東証GRT,"1,521",+25,1.67,"11,400",2026/08/04
771,771,5590,(株)ネットスターズ,東証GRT,671,+11,1.67,"65,800",2026/08/04
772,772,5695,パウダーテック(株),東証STD,"3,040",+50,1.67,100,2026/08/04
773,773,1557,State Street SPDR S&P500 ETF,東証ETF,"119,700","+1,950",1.66,"3,253",2026/08/04
774,774,6637,寺崎電気産業(株),東証STD,"3,985",+65,1.66,"30,000",2026/08/04
775,775,9519,(株)レノバ,東証PRM,919,+15,1.66,"553,300",2026/08/04
776,776,6208,(株)石川製作所,東証STD,"1,667",+27,1.65,"56,300",2026/08/04
777,777,6378,木村化工機(株),東証STD,"1,230",+20,1.65,"102,400",2026/08/04
778,778,9468,(株)ＫＡＤＯＫＡＷＡ,東証PRM,"3,444",+56,1.65,"754,800",2026/08/04
779,779,1980,ダイダン(株),東証PRM,"2,417",+39,1.64,"597,400",2026/08/04
780,780,4008,住友精化(株),東証PRM,"1,238",+20,1.64,"176,200",2026/08/04
781,781,5845,全保連(株),東証STD,"1,179",+19,1.64,"68,900",2026/08/04
782,782,6396,(株)宇野澤組鐵工所,東証STD,"4,350",+70,1.64,300,2026/08/04
783,783,2513,(NEXT FUNDS)外国株式･MSCI-KOKUSAI(H無),東証ETF,"3,560",+57,1.63,"52,948",2026/08/04
784,784,3896,阿波製紙(株),東証STD,374,+6,1.63,"7,500",2026/08/04
785,785,4251,恵和(株),東証PRM,"1,247",+20,1.63,"93,100",2026/08/04
786,786,5038,(株)ｅＷｅＬＬ,東証GRT,"2,114",+34,1.63,"8,900",2026/08/04
787,787,5134,(株)ＰＯＰＥＲ,東証GRT,498,+8,1.63,400,2026/08/04
788,788,1945,(株)東京エネシス,東証PRM,"2,012",+32,1.62,"157,700",2026/08/04
789,789,2865,GX NASDAQ100・カバード・コール,東証ETF,"1,254",+20,1.62,"211,173",2026/08/04
790,790,9553,(株)マイクロアド,東証GRT,629,+10,1.62,"90,700",2026/08/04
791,791,1443,技研ホールディングス(株),東証STD,253,+4,1.61,"46,400",2026/08/04
792,792,4499,(株)Ｓｐｅｅｅ,東証STD,"2,274",+36,1.61,"70,300",2026/08/04
793,793,4888,ステラファーマ(株),東証GRT,316,+5,1.61,"177,900",2026/08/04
794,794,4978,(株)リプロセル,東証GRT,126,+2,1.61,"377,700",2026/08/04
795,795,9699,ニシオホールディングス(株),東証PRM,"4,420",+70,1.61,"127,800",2026/08/04
796,796,2243,GX 半導体,東証ETF,"4,328",+68,1.6,"295,384",2026/08/04
797,797,2902,太陽化学(株),名証MN,"2,669",+42,1.6,"6,100",2026/08/04
798,798,3181,(株)買取王国,東証STD,"1,078",+17,1.6,"4,600",2026/08/04
799,799,577A,GX シルバー,東証ETF,228.7,+3.6,1.6,"12,760",2026/08/04
800,800,8345,(株)岩手銀行,東証PRM,"2,220",+35,1.6,"264,200",2026/08/04
801,801,4617,中国塗料(株),東証PRM,"3,505",+55,1.59,"246,300",2026/08/04
802,802,6289,(株)技研製作所,東証PRM,"1,914",+30,1.59,"45,900",2026/08/04
803,803,1885,東亜建設工業(株),東証PRM,"2,057",+32,1.58,"392,900",2026/08/04
804,804,4046,(株)大阪ソーダ,東証PRM,"1,802",+28,1.58,"313,300",2026/08/04
805,805,7018,内海造船(株),東証STD,"10,940",+170,1.58,"17,700",2026/08/04
806,806,431A,ユーソナー(株),東証GRT,"2,072",+32,1.57,"5,500",2026/08/04
807,807,5979,カネソウ(株),名証MN,"5,170",+80,1.57,700,2026/08/04
808,808,4011,(株)ヘッドウォータース,東証GRT,"1,950",+30,1.56,"18,600",2026/08/04
809,809,1546,(NEXT FUNDS)ダウ･ジョーンズ工業株30種(H無),東証ETF,"82,420","+1,260",1.55,815,2026/08/04
810,810,2632,MAXIS ナスダック100上場投信(H有),東証ETF,"17,640",+270,1.55,"9,846",2026/08/04
811,811,5304,ＳＥＣカーボン(株),東証STD,"2,488",+38,1.55,"35,000",2026/08/04
812,812,2845,(NEXT FUNDS) NASDAQ-100(H有)連動型上場投信,東証ETF,"3,492",+53,1.54,"77,678",2026/08/04
813,813,295A,One ETF FTSE・サウジアラビア・インデックス,東証ETF,"9,849",+149,1.54,5,2026/08/04
814,814,4615,神東塗料(株),東証STD,132,+2,1.54,"54,300",2026/08/04
815,815,4023,(株)クレハ,東証PRM,"4,310",+65,1.53,"246,000",2026/08/04
816,816,4420,イーソル(株),東証STD,728,+11,1.53,"91,800",2026/08/04
817,817,4631,ＤＩＣ(株),東証PRM,"4,437",+67,1.53,"382,500",2026/08/04
818,818,576A,GX チャイナテック・カバード・コール,東証ETF,998,+15,1.53,46,2026/08/04
819,819,7936,(株)アシックス,東証PRM,"4,776",+72,1.53,"2,446,300",2026/08/04
820,820,231A,Ｃｒｏｓｓ　Ｅホールディングス(株),福岡Q,"1,070",+16,1.52,100,2026/08/04
821,821,2983,(株)アールプランナー,東証GRT,"1,467",+22,1.52,"11,000",2026/08/04
822,822,3624,アクセルマーク(株),東証GRT,67,+1,1.52,"106,900",2026/08/04
823,823,3683,(株)サイバーリンクス,東証STD,"1,066",+16,1.52,"7,700",2026/08/04
824,824,3825,(株)リミックスポイント,東証STD,201,+3,1.52,"566,800",2026/08/04
825,825,4275,(株)カーリット,東証PRM,"2,345",+35,1.52,"160,700",2026/08/04
826,826,4586,(株)メドレックス,東証GRT,67,+1,1.52,"710,500",2026/08/04
827,827,5139,オープンワーク(株),東証GRT,936,+14,1.52,"28,100",2026/08/04
828,828,2156,セーラー広告(株),東証STD,269,+4,1.51,"3,500",2026/08/04
829,829,3402,東レ(株),東証PRM,"1,146.5",+17,1.51,"4,424,400",2026/08/04
830,830,3787,(株)テクノマセマティカル,東証STD,269,+4,1.51,"14,100",2026/08/04
831,831,6380,オリエンタルチエン工業(株),東証STD,"3,690",+55,1.51,"12,300",2026/08/04
832,832,1689,WisdomTree 天然ガス上場投信,東証ETF,742,+11,1.5,"15,270",2026/08/04
833,833,2019,GX 米国優先証券(隔月分配型),東証ETF,"1,018",+15,1.5,"3,084",2026/08/04
834,834,2859,(NEXT FUNDS) ユーロ・ストックス50(H有),東証ETF,"3,255",+48,1.5,258,2026/08/04
835,835,447A,ステート・ストリート・スパイダー ゴールド ETF(H無),東証ETF,257.8,+3.8,1.5,"134,400",2026/08/04
836,836,6837,(株)京写,東証STD,339,+5,1.5,"51,000",2026/08/04
837,837,7213,レシップホールディングス(株),東証STD,611,+9,1.5,"9,200",2026/08/04
838,838,7486,サンリン(株),東証STD,813,+12,1.5,400,2026/08/04
839,839,7701,(株)島津製作所,東証PRM,"4,070",+60,1.5,"699,800",2026/08/04
840,840,8343,(株)秋田銀行,東証PRM,"7,430",+110,1.5,"118,400",2026/08/04
841,841,3747,(株)インタートレード,東証STD,408,+6,1.49,"26,400",2026/08/04
842,842,6282,オイレス工業(株),東証PRM,"2,933",+43,1.49,"69,600",2026/08/04
843,843,6772,東京コスモス電機(株),東証STD,"1,161",+17,1.49,"2,300",2026/08/04
844,844,8346,(株)東邦銀行,東証PRM,888,+13,1.49,"1,252,600",2026/08/04
845,845,8594,中道リース(株),札証,680,+10,1.49,600,2026/08/04
846,846,135A,(株)ＶＲＡＩＮ　Ｓｏｌｕｔｉｏｎ,東証GRT,"3,770",+55,1.48,"28,800",2026/08/04
847,847,1542,純銀上場信託(現物国内保管型),東証ETF,"26,800",+390,1.48,"39,913",2026/08/04
848,848,1793,(株)大本組,東証STD,"1,988",+29,1.48,"1,300",2026/08/04
849,849,367A,プリモグローバルホールディングス(株),東証STD,"2,741",+40,1.48,"39,000",2026/08/04
850,850,5356,美濃窯業(株),東証STD,"1,304",+19,1.48,"7,000",2026/08/04
851,851,6333,(株)ＴＥＩＫＯＫＵ,東証PRM,"3,435",+50,1.48,"65,500",2026/08/04
852,852,7021,(株)ニッチツ,東証STD,"2,060",+30,1.48,800,2026/08/04
853,853,4893,ノイルイミューン・バイオテック(株),東証GRT,138,+2,1.47,"21,600",2026/08/04
854,854,7681,(株)レオクラン,東証STD,969,+14,1.47,100,2026/08/04
855,855,7831,(株)ウイルコホールディングス,東証STD,69,+1,1.47,"14,200",2026/08/04
856,856,1897,金下建設(株),東証STD,"3,130",+45,1.46,100,2026/08/04
857,857,1963,日揮ホールディングス(株),東証PRM,"2,292.5",+33,1.46,"1,196,600",2026/08/04
858,858,4439,(株)東名,東証STD,764,+11,1.46,"4,200",2026/08/04
859,859,4516,日本新薬(株),東証PRM,"3,473",+50,1.46,"593,600",2026/08/04
860,860,4629,大伸化学(株),東証STD,"1,952",+28,1.46,"4,000",2026/08/04
861,861,300A,ＭＩＣ(株),東証STD,"3,000",+43,1.45,"3,500",2026/08/04
862,862,3719,ＡＩストーム(株),東証STD,140,+2,1.45,"588,900",2026/08/04
863,863,3944,古林紙工(株),東証STD,"2,800",+40,1.45,"2,000",2026/08/04
864,864,421A,(株)ムービン・ストラテジック・キャリア,東証GRT,"3,495",+50,1.45,"23,300",2026/08/04
865,865,6086,シンメンテホールディングス(株),東証GRT,"1,052",+15,1.45,"14,500",2026/08/04
866,866,6960,フクダ電子(株),東証STD,"11,870",+170,1.45,"39,200",2026/08/04
867,867,1893,五洋建設(株),東証PRM,"1,516",+21.5,1.44,"1,454,900",2026/08/04
868,868,3001,片倉工業(株),東証STD,"2,891",+41,1.44,"65,400",2026/08/04
869,869,7111,ＩＮＥＳＴ(株),東証STD,494,+7,1.44,"3,900",2026/08/04
870,870,2563,iシェアーズ S&P500 米国株 ETF(H有),東証ETF,405.2,+5.7,1.43,"175,670",2026/08/04
871,871,4371,(株)コアコンセプト・テクノロジー,東証GRT,"1,420",+20,1.43,"6,600",2026/08/04
872,872,6402,兼松エンジニアリング(株),東証STD,"1,558",+22,1.43,"5,800",2026/08/04
873,873,7357,(株)ジオコード,東証STD,"1,700",+24,1.43,"2,900",2026/08/04
874,874,7837,(株)アールシーコア,東証STD,355,+5,1.43,400,2026/08/04
875,875,7915,ＮＩＳＳＨＡ(株),東証PRM,"1,350",+19,1.43,"193,500",2026/08/04
876,876,8032,日本紙パルプ商事(株),東証PRM,"1,134",+16,1.43,"233,600",2026/08/04
877,877,451A,ステート・ストリート・スパイダー S&P500 高配当株ETF,東証ETF,299.4,+4.2,1.42,"8,720",2026/08/04
878,878,5542,新報国マテリアル(株),東証STD,785,+11,1.42,"4,500",2026/08/04
879,879,559A,梅乃宿酒造(株),東証STD,"1,072",+15,1.42,"12,100",2026/08/04
880,880,7217,(株)テイン,東証STD,429,+6,1.42,500,2026/08/04
881,881,2519,(NEXT FUNDS)新興国債券･J.P.M･EM･プラス(H無),東証ETF,"1,190",+16.5,1.41,"1,690",2026/08/04
882,882,2627,GX eコマース-日本株式,東証ETF,"1,581",+22,1.41,2,2026/08/04
883,883,544A,ＧＭＳグループ(株),東証PRM,360,+5,1.41,"240,600",2026/08/04
884,884,7818,(株)トランザクション,東証PRM,"1,219",+17,1.41,"152,300",2026/08/04
885,885,2841,iFreeETF NASDAQ100(H有),東証ETF,"1,669",+23,1.4,"20,098",2026/08/04
886,886,4205,日本ゼオン(株),東証PRM,"2,275.5",+31.5,1.4,"908,400",2026/08/04
887,887,5186,ニッタ(株),東証PRM,"6,500",+90,1.4,"75,600",2026/08/04
888,888,5631,(株)日本製鋼所,東証PRM,"7,596",+105,1.4,"1,289,500",2026/08/04
889,889,5915,(株)駒井ハルテック,東証STD,"2,243",+31,1.4,"5,700",2026/08/04
890,890,2860,(NEXT FUNDS) ドイツ株式・DAX(H有),東証ETF,"3,291",+45,1.39,"2,865",2026/08/04
891,891,3166,ＯＣＨＩホールディングス(株),東証STD,"1,456",+20,1.39,"6,000",2026/08/04
892,892,341A,(株)トヨコー,東証GRT,"2,049",+28,1.39,"24,000",2026/08/04
893,893,6663,太洋テクノレックス(株),東証STD,292,+4,1.39,"19,900",2026/08/04
894,894,7821,前田工繊(株),東証PRM,"1,967",+27,1.39,"180,200",2026/08/04
895,895,1550,MAXIS 海外株式(MSCIコクサイ)上場投信,東証ETF,"8,021",+109,1.38,"3,022",2026/08/04
896,896,1688,WisdomTree 穀物上場投信,東証ETF,571.5,+7.8,1.38,"4,370",2026/08/04
897,897,578A,GX シルバー (H有),東証ETF,228.1,+3.1,1.38,600,2026/08/04
898,898,6016,(株)ジャパンエンジンコーポレーション,東証STD,"9,540",+130,1.38,"135,200",2026/08/04
899,899,6167,冨士ダイス(株),東証PRM,956,+13,1.38,"44,300",2026/08/04
900,900,6907,ジオマテック(株),東証STD,662,+9,1.38,"6,000",2026/08/04
901,901,7062,(株)フレアス,東証GRT,810,+11,1.38,100,2026/08/04
902,902,163A,半導体フォーカス日本株(ネットリターン)ETN,東証ETF,"19,630",+265,1.37,"18,692",2026/08/04
903,903,343A,(株)ＩＡＣＥトラベル,東証STD,"1,403",+19,1.37,"8,600",2026/08/04
904,904,7810,(株)クロスフォー,東証STD,148,+2,1.37,"37,300",2026/08/04
905,905,1493,One ETF JPX日経中小型,東証ETF,"25,310",+340,1.36,34,2026/08/04
906,906,3173,(株)Ｃｏｍｉｎｉｘ,東証STD,"1,116",+15,1.36,"5,900",2026/08/04
907,907,4827,ビジネス・ワンホールディングス(株),福岡Q,822,+11,1.36,800,2026/08/04
908,908,5252,日本ナレッジ(株),東証GRT,820,+11,1.36,"8,700",2026/08/04
909,909,7369,(株)メイホーホールディングス,東証GRT,374,+5,1.36,"3,800",2026/08/04
910,910,8127,ヤマト　インターナショナル(株),東証STD,595,+8,1.36,"5,300",2026/08/04
911,911,4599,(株)ステムリム,東証GRT,300,+4,1.35,"123,200",2026/08/04
912,912,4760,(株)アルファ,東証STD,"1,657",+22,1.35,"2,500",2026/08/04
913,913,7990,グローブライド(株),東証PRM,"2,623",+35,1.35,"125,800",2026/08/04
914,914,157A,グリーンモンスター(株),東証GRT,758,+10,1.34,"11,000",2026/08/04
915,915,247A,Ａｉロボティクス(株),東証GRT,832,+11,1.34,"290,900",2026/08/04
916,916,2559,MAXIS 全世界株式(オール・カントリー)上場投信,東証ETF,"2,939",+39,1.34,"245,962",2026/08/04
917,917,2805,ヱスビー食品(株),東証STD,"6,790",+90,1.34,"58,900",2026/08/04
918,918,3976,(株)シャノン,東証GRT,531,+7,1.34,"13,000",2026/08/04
919,919,6013,(株)タクマ,東証PRM,"3,410",+45,1.34,"175,700",2026/08/04
920,920,6317,(株)北川鉄工所,東証STD,"1,662",+22,1.34,"23,800",2026/08/04
921,921,1773,ＹＴＬ,東証PRM外国,76,+1,1.33,"11,000",2026/08/04
922,922,2252,GX Morningstar 米国中小型 Moat,東証ETF,"1,445",+19,1.33,62,2026/08/04
923,923,6905,コーセル(株),東証PRM,"1,296",+17,1.33,"240,800",2026/08/04
924,924,6966,(株)三井ハイテック,東証PRM,915,+12,1.33,"1,710,600",2026/08/04
925,925,7435,(株)ナ・デックス,東証STD,"1,219",+16,1.33,"7,600",2026/08/04
926,926,9563,Ａｔｌａｓ　Ｔｅｃｈｎｏｌｏｇｉｅｓ(株),東証GRT,304,+4,1.33,"4,900",2026/08/04
927,927,356A,GX S&P500 キャッシュフロー・トップ100,東証ETF,"1,534",+20,1.32,"50,632",2026/08/04
928,928,4053,(株)Ｓｕｎ　Ａｓｔｅｒｉｓｋ,東証PRM,462,+6,1.32,"49,300",2026/08/04
929,929,4475,ＨＥＮＮＧＥ(株),東証GRT,"1,301",+17,1.32,"609,700",2026/08/04
930,930,6360,(株)東京自働機械製作所,東証STD,"4,620",+60,1.32,900,2026/08/04
931,931,7199,プレミアグループ(株),東証PRM,"2,068",+27,1.32,"156,100",2026/08/04
932,932,3950,ザ・パック(株),東証PRM,"1,464",+19,1.31,"129,100",2026/08/04
933,933,5857,ＡＲＥホールディングス(株),東証PRM,"3,090",+40,1.31,"640,900",2026/08/04
934,934,1625,(NEXT FUNDS)電機･精密上場投信,東証ETF,"63,660",+820,1.3,608,2026/08/04
935,935,1681,上場インデックスファンド海外新興国株式,東証ETF,"3,290",+42,1.29,"3,754",2026/08/04
936,936,6844,新電元工業(株),東証PRM,"3,545",+45,1.29,"90,400",2026/08/04
937,937,7731,(株)ニコン,東証PRM,"1,891",+24,1.29,"1,676,900",2026/08/04
938,938,1679,Simple-X NYダウ･ジョーンズ上場投信,東証ETF,"67,180",+850,1.28,20,2026/08/04
939,939,190A,Ｃｈｏｒｄｉａ　Ｔｈｅｒａｐｅｕｔｉｃｓ(株),東証GRT,79,+1,1.28,"137,100",2026/08/04
940,940,2170,(株)リンクアンドモチベーション,東証PRM,632,+8,1.28,"442,400",2026/08/04
941,941,3266,(株)ファンドクリエーショングループ,東証STD,79,+1,1.28,"19,900",2026/08/04
942,942,5333,ＮＧＫ(株),東証PRM,"5,603",+71,1.28,"1,734,300",2026/08/04
943,943,6769,ザインエレクトロニクス(株),東証STD,"1,030",+13,1.28,"47,400",2026/08/04
944,944,7908,ＫＩＭＯＴＯ,東証STD,238,+3,1.28,"128,000",2026/08/04
945,945,9996,(株)サトー商会,東証STD,"2,299",+29,1.28,"2,100",2026/08/04
946,946,201A,iシェアーズ Nifty 50 インド株 ETF,東証ETF,183.1,+2.3,1.27,"67,350",2026/08/04
947,947,2569,上場インデックスファンド米国株式(NASDAQ100)H有,東証ETF,"4,228",+53,1.27,"44,378",2026/08/04
948,948,3401,帝人(株),東証PRM,"1,638.5",+20.5,1.27,"1,921,600",2026/08/04
949,949,4461,第一工業製薬(株),東証PRM,"11,990",+150,1.27,"197,600",2026/08/04
950,950,486A,(NEXT FUNDS) ユーロ・ストックス50(H無),東証ETF,"2,236",+28,1.27,832,2026/08/04
951,951,2130,(株)メンバーズ,東証PRM,884,+11,1.26,"235,000",2026/08/04
952,952,4169,ＥＮＥＣＨＡＮＧＥ(株),東証GRT,241,+3,1.26,"315,100",2026/08/04
953,953,4973,日本高純度化学(株),東証PRM,"4,430",+55,1.26,"150,000",2026/08/04
954,954,6118,アイダエンジニアリング(株),東証PRM,"1,210",+15,1.26,"131,800",2026/08/04
955,955,6675,サクサ(株),東証STD,"2,002",+25,1.26,"35,500",2026/08/04
956,956,1554,上場インデックス世界株式(MSCI ACWI)除く日本,東証ETF,"6,727",+83,1.25,"7,618",2026/08/04
957,957,3417,大木ヘルスケアホールディングス(株),東証STD,"1,055",+13,1.25,"7,300",2026/08/04
958,958,4274,細谷火工(株),東証STD,"1,055",+13,1.25,"11,000",2026/08/04
959,959,5199,不二ラテックス(株),東証STD,"2,024",+25,1.25,100,2026/08/04
960,960,6177,ＡｐｐＢａｎｋ(株),東証GRT,81,+1,1.25,"114,600",2026/08/04
961,961,6835,アライドテレシスホールディングス(株),東証STD,243,+3,1.25,"232,600",2026/08/04
962,962,7128,ユニソルホールディングス(株),東証PRM,"2,911",+36,1.25,"158,300",2026/08/04
963,963,8147,(株)トミタ,東証STD,"1,372",+17,1.25,600,2026/08/04
964,964,8173,(株)Ｊｏｓｈｉｎ,東証PRM,"4,060",+50,1.25,"336,800",2026/08/04
965,965,1969,高砂熱学工業(株),東証PRM,"4,244",+52,1.24,"308,100",2026/08/04
966,966,4579,ラクオリア創薬(株),東証GRT,488,+6,1.24,"95,300",2026/08/04
967,967,8020,兼松(株),東証PRM,"2,127",+26,1.24,"1,093,900",2026/08/04
968,968,3981,(株)ビーグリー,東証STD,"1,230",+15,1.23,600,2026/08/04
969,969,4575,(株)キャンバス,東証GRT,739,+9,1.23,"135,700",2026/08/04
970,970,5955,(株)ワイズホールディングス,東証STD,82,+1,1.23,"1,047,300",2026/08/04
971,971,612A,One ETF 日本国債先物逆連動指数,東証ETF,"9,870",+120,1.23,20,2026/08/04
972,972,6538,(株)ディスラプターズ,東証STD,246,+3,1.23,"20,600",2026/08/04
973,973,7836,アビックス(株),東証STD,82,+1,1.23,"96,600",2026/08/04
974,974,7847,(株)グラファイトデザイン,東証STD,660,+8,1.23,"4,300",2026/08/04
975,975,9254,(株)ラバブルマーケティンググループ,東証GRT,"1,154",+14,1.23,100,2026/08/04
976,976,9513,Ｊ－ＰＯＷＥＲ,東証PRM,"3,866",+47,1.23,"943,500",2026/08/04
977,977,1620,(NEXT FUNDS)素材･化学上場投信,東証ETF,"36,510",+440,1.22,178,2026/08/04
978,978,4366,ダイトーケミックス(株),東証STD,415,+5,1.22,"27,500",2026/08/04
979,979,5713,住友金属鉱山(株),東証PRM,"8,058",+97,1.22,"2,408,800",2026/08/04
980,980,6467,(株)ニチダイ,東証STD,332,+4,1.22,"10,400",2026/08/04
981,981,7044,(株)ピアラ,東証STD,499,+6,1.22,"2,500",2026/08/04
982,982,9252,(株)ラストワンマイル,東証GRT,"3,730",+45,1.22,"1,400",2026/08/04
983,983,2646,GX メタルビジネス-日本株式,東証ETF,"3,593",+43,1.21,"9,101",2026/08/04
984,984,463A,(株)インテリックスホールディングス,東証STD,922,+11,1.21,"11,900",2026/08/04
985,985,4658,日本空調サービス(株),東証PRM,"1,502",+18,1.21,"140,100",2026/08/04
986,986,8070,東京産業(株),東証PRM,834,+10,1.21,"58,000",2026/08/04
987,987,2459,アウンコンサルティング(株),東証STD,169,+2,1.2,"43,800",2026/08/04
988,988,3807,(株)フィスコ,東証GRT,84,+1,1.2,"153,800",2026/08/04
989,989,6392,(株)ヤマダコーポレーション,東証STD,"7,620",+90,1.2,800,2026/08/04
990,990,6470,大豊工業(株),東証STD,"1,098",+13,1.2,"129,900",2026/08/04
991,991,7602,(株)レダックス,東証STD,168,+2,1.2,"101,900",2026/08/04
992,992,3300,(株)アンビション　ＤＸ　ホールディングス,東証GRT,"2,120",+25,1.19,"7,300",2026/08/04
993,993,5609,日本鋳造(株),東証STD,935,+11,1.19,"7,500",2026/08/04
994,994,6338,(株)タカトリ,東証STD,"1,532",+18,1.19,"8,100",2026/08/04
995,995,6954,ファナック(株),東証PRM,"6,187",+73,1.19,"11,268,600",2026/08/04
996,996,8139,(株)ナガホリ,東証STD,"2,046",+24,1.19,"24,400",2026/08/04
997,997,9896,ＪＫホールディングス(株),東証STD,"1,366",+16,1.19,"20,400",2026/08/04
998,998,3489,(株)フェイスネットワーク,東証STD,773,+9,1.18,"84,600",2026/08/04
999,999,6310,井関農機(株),東証PRM,"1,882",+22,1.18,"107,900",2026/08/04
1000,1000,6707,サンケン電気(株),東証PRM,"8,645",+101,1.18,"144,700",2026/08/04
1001,1001,7064,(株)ハウテレビジョン,東証STD,860,+10,1.18,"2,300",2026/08/04
1002,1002,7354,(株)ダイレクトマーケティングミックス,東証STD,342,+4,1.18,"190,800",2026/08/04
1003,1003,1597,MAXIS Jリート上場投信,東証ETF,"1,899",+22,1.17,"130,107",2026/08/04
1004,1004,2086,NZAM 上場投信 S&P500(H有),東証ETF,"3,036",+35,1.17,245,2026/08/04
1005,1005,2630,MAXIS 米国株式(S&P500)上場投信(H有),東証ETF,"15,975",+185,1.17,"2,448",2026/08/04
1006,1006,3623,ビリングシステム(株),東証GRT,"1,035",+12,1.17,"16,900",2026/08/04
1007,1007,4664,ＲＳＣ,東証STD,953,+11,1.17,"52,800",2026/08/04
1008,1008,5367,(株)ニッカトー,東証STD,"1,300",+15,1.17,"983,900",2026/08/04
1009,1009,6074,(株)ジェイエスエス,東証STD,519,+6,1.17,"1,300",2026/08/04
1010,1010,6420,ガリレイホールディングス(株),東証PRM,"3,460",+40,1.17,"75,200",2026/08/04
1011,1011,2802,味の素(株),東証PRM,"4,953",+57,1.16,"3,217,000",2026/08/04
1012,1012,346A,(NEXT FUNDS) S&P500 半導体・半導体製造装置35%,東証ETF,"4,790",+55,1.16,"4,565",2026/08/04
1013,1013,4060,ｒａｋｕｍｏ(株),東証GRT,"1,129",+13,1.16,"6,000",2026/08/04
1014,1014,5587,(株)インバウンドプラットフォーム,東証GRT,956,+11,1.16,"4,500",2026/08/04
1015,1015,6135,(株)牧野フライス製作所,東証PRM,"14,880",+170,1.16,"273,500",2026/08/04
1016,1016,6305,日立建機(株),東証PRM,"5,305",+61,1.16,"1,844,400",2026/08/04
1017,1017,6393,油研工業(株),東証STD,"3,055",+35,1.16,"2,000",2026/08/04
1018,1018,6496,(株)中北製作所,東証STD,"5,250",+60,1.16,"12,700",2026/08/04
1019,1019,8154,加賀電子(株),東証PRM,"4,780",+55,1.16,"188,600",2026/08/04
1020,1020,1322,上場インデックス中国A株 E FUND CSI300,東証ETF,"11,460",+130,1.15,754,2026/08/04
1021,1021,2044,NEXT NOTES S&P500 配当貴族(NR)ETN,東証ETF,"35,070",+400,1.15,639,2026/08/04
1022,1022,2634,(NEXT FUNDS) S&P500(H有)連動型上場投信,東証ETF,"3,153",+36,1.15,"31,457",2026/08/04
1023,1023,3673,(株)ブロードリーフ,東証PRM,439,+5,1.15,"719,100",2026/08/04
1024,1024,3945,スーパーバッグ(株),東証STD,"2,296",+26,1.15,600,2026/08/04
1025,1025,4270,(株)ＢｅｅＸ,東証GRT,"1,844",+21,1.15,"1,000",2026/08/04
1026,1026,6594,ニデック(株),東証PRM,"2,718",+31,1.15,"3,080,500",2026/08/04
1027,1027,9212,Ｇｒｅｅｎ　Ｅａｒｔｈ　Ｉｎｓｔｉｔｕｔｅ(株),東証GRT,263,+3,1.15,"16,100",2026/08/04
1028,1028,9330,(株)揚羽,東証GRT,880,+10,1.15,700,2026/08/04
1029,1029,2514,(NEXT FUNDS)外国株式･MSCI-KOKUSAI(H有),東証ETF,"2,040",+23,1.14,"187,263",2026/08/04
1030,1030,325A,(株)ＴＥＮＴＩＡＬ,東証GRT,"1,502",+17,1.14,"141,100",2026/08/04
1031,1031,3440,日創グループ(株),東証STD,885,+10,1.14,"9,900",2026/08/04
1032,1032,3947,ダイナパック(株),東証STD,"2,227",+25,1.14,200,2026/08/04
1033,1033,7951,ヤマハ(株),東証PRM,"1,244.5",+14,1.14,"2,212,800",2026/08/04
1034,1034,1573,中国H株ベア上場投信,東証ETF,"8,080",+90,1.13,250,2026/08/04
1035,1035,5582,(株)グリッド,東証GRT,"1,972",+22,1.13,"18,200",2026/08/04
1036,1036,5602,(株)栗本鐵工所,東証PRM,"1,524",+17,1.13,"167,100",2026/08/04
1037,1037,2562,上場インデックスファンド米国株式(ダウ平均)H有,東証ETF,"3,710",+41,1.12,"17,426",2026/08/04
1038,1038,3386,コスモ・バイオ(株),東証STD,"1,266",+14,1.12,900,2026/08/04
1039,1039,3733,(株)ソフトウェア・サービス,東証STD,"10,850",+120,1.12,"10,100",2026/08/04
1040,1040,429A,テクセンドフォトマスク(株),東証PRM,"4,055",+45,1.12,"602,400",2026/08/04
1041,1041,4650,ＳＤエンターテイメント(株),東証STD,272,+3,1.12,"2,100",2026/08/04
1042,1042,6561,(株)ＨＡＮＡＴＯＵＲ　ＪＡＰＡＮ,東証GRT,812,+9,1.12,"3,700",2026/08/04
1043,1043,8145,中部水産(株),名証MN,"3,160",+35,1.12,100,2026/08/04
1044,1044,9173,東海汽船(株),東証STD,"2,791",+31,1.12,"2,600",2026/08/04
1045,1045,450A,ステート・ストリート・スパイダー S&P500 ETF(H有),東証ETF,784,+8.6,1.11,"6,840",2026/08/04
1046,1046,8233,(株)高島屋,東証PRM,"2,237.5",+24.5,1.11,"1,530,300",2026/08/04
1047,1047,9761,東海リース(株),東証STD,"2,377",+26,1.11,"5,300",2026/08/04
1048,1048,3036,アルコニックス(株),東証PRM,"2,659",+29,1.1,"159,800",2026/08/04
1049,1049,6492,岡野バルブ製造(株),東証STD,"13,760",+150,1.1,"33,700",2026/08/04
1050,1050,141A,(株)トライアルホールディングス,東証GRT,"3,250",+35,1.09,"666,200",2026/08/04
1051,1051,3326,(株)ランシステム,東証STD,647,+7,1.09,500,2026/08/04
1052,1052,3723,日本ファルコム(株),東証GRT,"2,773",+30,1.09,"8,400",2026/08/04
1053,1053,3937,(株)Ｕｂｉｃｏｍホールディングス,東証STD,"1,019",+11,1.09,"16,300",2026/08/04
1054,1054,6138,ダイジェット工業(株),東証STD,"1,117",+12,1.09,700,2026/08/04
1055,1055,6351,(株)鶴見製作所,東証PRM,"2,233",+24,1.09,"56,200",2026/08/04
1056,1056,6997,日本ケミコン(株),東証PRM,"3,245",+35,1.09,"812,600",2026/08/04
1057,1057,7080,(株)スポーツフィールド,東証GRT,832,+9,1.09,"6,500",2026/08/04
1058,1058,9327,(株)イー・ロジット,東証STD,185,+2,1.09,"13,100",2026/08/04
1059,1059,2345,(株)ＨＯＤＬ１,東証STD,94,+1,1.08,"115,800",2026/08/04
1060,1060,4204,積水化学工業(株),東証PRM,"2,622.5",+28,1.08,"2,117,100",2026/08/04
1061,1061,5218,(株)オハラ,東証STD,"1,501",+16,1.08,"86,900",2026/08/04
1062,1062,6150,タケダ機械(株),東証STD,"2,815",+30,1.08,"1,900",2026/08/04
1063,1063,6332,月島ホールディングス(株),東証PRM,"2,723",+29,1.08,"93,200",2026/08/04
1064,1064,8260,(株)井筒屋,東証STD,373,+4,1.08,"6,100",2026/08/04
1065,1065,1939,(株)四電工,東証PRM,"2,074",+22,1.07,"107,800",2026/08/04
1066,1066,8377,(株)ほくほくフィナンシャルグループ,東証PRM,"7,633",+81,1.07,"545,100",2026/08/04
1067,1067,9215,(株)ＣａＳｙ,東証GRT,944,+10,1.07,500,2026/08/04
1068,1068,9742,(株)アイネス,東証PRM,"2,182",+23,1.07,"38,900",2026/08/04
1069,1069,277A,グロービング(株),東証PRM,"1,625",+17,1.06,"135,800",2026/08/04
1070,1070,3753,(株)フライトソリューションズ,東証STD,190,+2,1.06,"111,500",2026/08/04
1071,1071,8381,(株)山陰合同銀行,東証PRM,"2,373",+25,1.06,"449,900",2026/08/04
1072,1072,9467,(株)アルファポリス,東証GRT,"1,044",+11,1.06,"46,500",2026/08/04
1073,1073,9980,ＭＲＫホールディングス(株),東証STD,95,+1,1.06,"33,900",2026/08/04
1074,1074,1812,鹿島,東証PRM,"5,310",+55,1.05,"1,751,300",2026/08/04
1075,1075,2175,(株)エス・エム・エス,東証PRM,"2,206",+23,1.05,"503,800",2026/08/04
1076,1076,364A,(NEXT FUNDS) S&P500 配当貴族指数連動型上場投信,東証ETF,"2,495",+26,1.05,"5,036",2026/08/04
1077,1077,4119,(株)日本ピグメントホールディングス,東証STD,"5,750",+60,1.05,700,2026/08/04
1078,1078,415A,ＧＭＯ　ＴＥＣＨホールディングス(株),東証GRT,"4,820",+50,1.05,600,2026/08/04
1079,1079,5753,日本伸銅(株),東証STD,"2,410",+25,1.05,"2,800",2026/08/04
1080,1080,6929,日本セラミック(株),東証PRM,"3,835",+40,1.05,"112,400",2026/08/04
1081,1081,7265,エイケン工業(株),東証STD,"3,845",+40,1.05,200,2026/08/04
1082,1082,8085,ナラサキ産業(株),東証STD,"4,350",+45,1.05,"13,000",2026/08/04
1083,1083,9170,成友興業(株),名証MN,"1,728",+18,1.05,800,2026/08/04
1084,1084,9557,(株)エアークローゼット,東証GRT,192,+2,1.05,"3,200",2026/08/04
1085,1085,2641,GX グローバルリーダーズ-日本株式,東証ETF,"4,355",+45,1.04,"19,798",2026/08/04
1086,1086,274A,(株)ガーデン,東証STD,"2,335",+24,1.04,"3,700",2026/08/04
1087,1087,4172,Ｈｉクラテス(株),東証STD,"2,230",+23,1.04,200,2026/08/04
1088,1088,5233,太平洋セメント(株),東証PRM,"4,000",+41,1.04,"605,600",2026/08/04
1089,1089,5271,(株)トーヨーアサノ,東証STD,"2,243",+23,1.04,400,2026/08/04
1090,1090,5334,日本特殊陶業(株),東証PRM,"9,875",+102,1.04,"884,300",2026/08/04
1091,1091,7747,朝日インテック(株),東証PRM,"3,596",+37,1.04,"740,300",2026/08/04
1092,1092,9639,三協フロンテア(株),東証STD,"2,334",+24,1.04,"1,500",2026/08/04
1093,1093,1807,(株)佐藤渡辺,東証STD,"1,861",+19,1.03,"1,000",2026/08/04
1094,1094,2236,GX S&P500配当貴族,東証ETF,"1,474",+15,1.03,"12,632",2026/08/04
1095,1095,2248,iFreeETF S&P500(H有),東証ETF,"2,742",+28,1.03,"50,797",2026/08/04
1096,1096,2521,上場インデックスファンド米国株式(S&P500)H有,東証ETF,"2,154",+22,1.03,"17,912",2026/08/04
1097,1097,288A,ラクサス・テクノロジーズ(株),東証GRT,98,+1,1.03,"28,400",2026/08/04
1098,1098,3405,(株)クラレ,東証PRM,"1,819.5",+18.5,1.03,"1,242,400",2026/08/04
1099,1099,5851,リョービ(株),東証PRM,"2,652",+27,1.03,"188,700",2026/08/04
1100,1100,6620,宮越ホールディングス(株),東証PRM,684,+7,1.03,"60,800",2026/08/04
1101,1101,9698,(株)クレオ,東証STD,"1,279",+13,1.03,"2,600",2026/08/04
1102,1102,9960,東テク(株),東証PRM,"3,940",+40,1.03,"72,700",2026/08/04
1103,1103,2242,MAXIS NYダウ上場投信(H有),東証ETF,685.6,+6.9,1.02,"2,370",2026/08/04
1104,1104,3101,東洋紡(株),東証PRM,"1,583",+16,1.02,"611,400",2026/08/04
1105,1105,6158,(株)和井田製作所,東証STD,989,+10,1.02,"3,700",2026/08/04
1106,1106,8052,椿本興業(株),東証PRM,"2,667",+27,1.02,"68,100",2026/08/04
1107,1107,195A,(株)ＭＵＳＣＡＴ　ＧＲＯＵＰ,東証GRT,702,+7,1.01,"3,900",2026/08/04
1108,1108,2046,NEXT NOTES インドNifty･ダブル・ブル ETN,東証ETF,"25,500",+255,1.01,170,2026/08/04
1109,1109,3321,ミタチ産業(株),東証STD,"1,604",+16,1.01,"47,600",2026/08/04
1110,1110,4043,(株)トクヤマ,東証PRM,"3,917",+39,1.01,"719,000",2026/08/04
1111,1111,4571,ＮＡＮＯ　ホールディングス(株),東証GRT,100,+1,1.01,"257,100",2026/08/04
1112,1112,1867,(株)植木組,東証STD,"2,827",+28,1.0,"11,000",2026/08/04
1113,1113,4393,(株)バンク・オブ・イノベーション,東証GRT,"5,050",+50,1.0,"18,300",2026/08/04
1114,1114,4406,新日本理化(株),東証STD,203,+2,1.0,"65,000",2026/08/04
1115,1115,4446,Ｌｉｎｋ－Ｕグループ(株),東証STD,812,+8,1.0,"36,700",2026/08/04
1116,1116,500A,(株)ＴＯブックス,東証STD,"3,030",+30,1.0,"4,600",2026/08/04
1117,1117,6562,(株)ジーニー,東証GRT,"1,012",+10,1.0,"16,500",2026/08/04
1118,1118,6836,ぷらっとホーム(株),東証STD,710,+7,1.0,"4,100",2026/08/04
1119,1119,7963,興研(株),東証STD,"1,825",+18,1.0,"3,300",2026/08/04
1120,1120,8841,(株)テーオーシー,東証STD,909,+9,1.0,"138,400",2026/08/04
1121,1121,1658,iシェアーズ･コア MSCI 新興国株 ETF,東証ETF,"4,176",+41,0.99,"4,542",2026/08/04
1122,1122,1697,WisdomTree 大豆上場投信,東証ETF,"4,480",+44,0.99,750,2026/08/04
1123,1123,2340,(株)極楽湯ホールディングス,東証STD,511,+5,0.99,"29,100",2026/08/04
1124,1124,369A,(株)エータイ,東証GRT,"2,355",+23,0.99,"6,100",2026/08/04
1125,1125,4025,多木化学(株),東証PRM,"5,110",+50,0.99,"39,600",2026/08/04
1126,1126,4377,(株)ワンキャリア,東証GRT,"2,044",+20,0.99,"47,300",2026/08/04
1127,1127,4572,カルナバイオサイエンス(株),東証GRT,306,+3,0.99,"35,900",2026/08/04
1128,1128,4691,ワシントンホテル(株),東証STD,"2,150",+21,0.99,"31,000",2026/08/04
1129,1129,7850,総合商研(株),東証STD,813,+8,0.99,"3,200",2026/08/04
1130,1130,7897,ホクシン(株),東証STD,102,+1,0.99,"150,300",2026/08/04
1131,1131,8361,(株)大垣共立銀行,東証PRM,"7,120",+70,0.99,"154,700",2026/08/04
1132,1132,2088,NZAM 上場投信 NYダウ30(H有),東証ETF,"2,677",+26,0.98,3,2026/08/04
1133,1133,3628,(株)データホライゾン,東証GRT,620,+6,0.98,"5,600",2026/08/04
1134,1134,4012,(株)アクシス,東証STD,"1,754",+17,0.98,"7,300",2026/08/04
1135,1135,5958,三洋工業(株),東証STD,"4,645",+45,0.98,"24,100",2026/08/04
1136,1136,7525,リックス(株),東証PRM,"3,610",+35,0.98,"12,400",2026/08/04
1137,1137,1832,(株)北海電工,札証,"1,464",+14,0.97,"4,900",2026/08/04
1138,1138,3205,(株)ダイドーリミテッド,東証STD,729,+7,0.97,"55,800",2026/08/04
1139,1139,4896,(株)ケイファーマ,東証GRT,725,+7,0.97,"4,500",2026/08/04
1140,1140,6986,双葉電子工業(株),東証PRM,627,+6,0.97,"262,900",2026/08/04
1141,1141,7441,(株)Ｍｉｓｕｍｉ,福証,"1,778",+17,0.97,800,2026/08/04
1142,1142,7793,(株)イメージ・マジック,東証GRT,"1,350",+13,0.97,200,2026/08/04
1143,1143,2304,(株)ＣＳＳホールディングス,東証STD,944,+9,0.96,400,2026/08/04
1144,1144,2342,(株)トランスジェニックグループ,東証STD,211,+2,0.96,"7,200",2026/08/04
1145,1145,2492,(株)インフォマート,東証PRM,527,+5,0.96,"3,613,000",2026/08/04
1146,1146,7976,三菱鉛筆(株),東証PRM,"2,727",+26,0.96,"158,400",2026/08/04
1147,1147,8388,(株)阿波銀行,東証PRM,"8,430",+80,0.96,"113,100",2026/08/04
1148,1148,1559,(NEXT FUNDS)タイ株式指数連動型上場投信,東証ETF,"4,885",+46,0.95,335,2026/08/04
1149,1149,1672,WisdomTree 金上場投信,東証ETF,"59,550",+560,0.95,106,2026/08/04
1150,1150,1686,WisdomTree 産業用金属上場投信,東証ETF,"3,079",+29,0.95,60,2026/08/04
1151,1151,3055,(株)ほくやく・竹山ホールディングス,札証,960,+9,0.95,400,2026/08/04
1152,1152,7320,Ｓｏｌｖｖｙ(株),東証GRT,"1,493",+14,0.95,"62,400",2026/08/04
1153,1153,7685,(株)ＢｕｙＳｅｌｌ　Ｔｅｃｈｎｏｌｏｇｉｅｓ,東証GRT,"2,980",+28,0.95,"233,600",2026/08/04
1154,1154,8341,(株)七十七銀行,東証PRM,"3,510",+33,0.95,"865,900",2026/08/04
1155,1155,9475,(株)昭文社ホールディングス,東証STD,534,+5,0.95,"5,000",2026/08/04
1156,1156,1869,名工建設(株),名証MN,"1,923",+18,0.94,"4,400",2026/08/04
1157,1157,564A,GX S&P先進国キャッシュフロー・トップ100,東証ETF,"1,077",+10,0.94,159,2026/08/04
1158,1158,6731,(株)ピクセラ,東証STD,107,+1,0.94,"77,900",2026/08/04
1159,1159,8697,(株)日本取引所グループ,東証PRM,"2,194",+20.5,0.94,"3,278,500",2026/08/04
1160,1160,2435,(株)シダー,東証STD,217,+2,0.93,"6,500",2026/08/04
1161,1161,4017,(株)クリーマ,東証GRT,217,+2,0.93,"3,600",2026/08/04
1162,1162,5189,櫻護謨(株),東証STD,"3,260",+30,0.93,"11,000",2026/08/04
1163,1163,5246,(株)ＥＬＥＭＥＮＴＳ,東証GRT,757,+7,0.93,"271,700",2026/08/04
1164,1164,5909,(株)コロナ,東証STD,975,+9,0.93,"30,000",2026/08/04
1165,1165,7259,(株)アイシン,東証PRM,"2,163",+20,0.93,"2,796,000",2026/08/04
1166,1166,1721,コムシスホールディングス(株),東証PRM,"5,248",+48,0.92,"406,600",2026/08/04
1167,1167,3550,(株)スタジオアタオ,東証GRT,220,+2,0.92,"1,800",2026/08/04
1168,1168,4761,(株)さくらケーシーエス,東証STD,"1,425",+13,0.92,"2,500",2026/08/04
1169,1169,5579,(株)ＧＳＩ,札証,"1,312",+12,0.92,300,2026/08/04
1170,1170,7814,(株)日本創発グループ,東証STD,661,+6,0.92,"32,300",2026/08/04
1171,1171,9514,(株)エフオン,東証STD,329,+3,0.92,"157,100",2026/08/04
1172,1172,2254,GX チャイナEV&バッテリー,東証ETF,"1,106",+10,0.91,"60,850",2026/08/04
1173,1173,3798,ＵＬＳグループ(株),東証STD,557,+5,0.91,"123,700",2026/08/04
1174,1174,4256,(株)サインド,東証GRT,"1,002",+9,0.91,700,2026/08/04
1175,1175,4344,ソースネクスト(株),東証PRM,111,+1,0.91,"734,600",2026/08/04
1176,1176,4385,(株)メルカリ,東証PRM,"4,313",+39,0.91,"1,147,300",2026/08/04
1177,1177,5026,(株)トリプルアイズ,東証GRT,553,+5,0.91,"12,000",2026/08/04
1178,1178,6869,シスメックス(株),東証PRM,"1,610.5",+14.5,0.91,"2,058,900",2026/08/04
1179,1179,7167,(株)めぶきフィナンシャルグループ,東証PRM,"1,496.5",+13.5,0.91,"2,316,400",2026/08/04
1180,1180,9903,(株)カンセキ,東証STD,891,+8,0.91,"1,900",2026/08/04
1181,1181,2055,日和産業(株),東証STD,335,+3,0.9,800,2026/08/04
1182,1182,2846,(NEXT FUNDS) ダウ・ジョーンズ工業株30種(H有),東証ETF,"2,578",+23,0.9,"3,712",2026/08/04
1183,1183,4237,フジプレアム(株),東証STD,336,+3,0.9,"21,300",2026/08/04
1184,1184,4776,サイボウズ(株),東証PRM,"2,677",+24,0.9,"169,200",2026/08/04
1185,1185,611A,One ETF 日本国債27-30年,東証ETF,"1,005",+9,0.9,10,2026/08/04
1186,1186,6626,ＳＥＭＩＴＥＣ(株),東証STD,"2,011",+18,0.9,"5,100",2026/08/04
1187,1187,7277,(株)ＴＢＫ,東証STD,335,+3,0.9,"14,200",2026/08/04
1188,1188,7777,(株)スリー・ディー・マトリックス,東証GRT,337,+3,0.9,"1,012,600",2026/08/04
1189,1189,9867,ソレキア(株),東証STD,"10,100",+90,0.9,500,2026/08/04
1190,1190,1579,日経平均ブル2倍上場投信,東証ETF,704,+6.2,0.89,"13,768,460",2026/08/04
1191,1191,3662,(株)エイチームホールディングス,東証PRM,908,+8,0.89,"185,600",2026/08/04
1192,1192,4194,ビジョナル(株),東証PRM,"8,774",+77,0.89,"248,100",2026/08/04
1193,1193,5527,(株)ｐｒｏｐｅｒｔｙ　ｔｅｃｈｎｏｌｏｇｉｅｓ,東証GRT,679,+6,0.89,"11,500",2026/08/04
1194,1194,5816,オーナンバ(株),東証STD,"1,581",+14,0.89,"23,500",2026/08/04
1195,1195,8699,ＨＳホールディングス(株),東証STD,"1,129",+10,0.89,"51,900",2026/08/04
1196,1196,1570,(NEXT FUNDS)日経平均レバレッジ上場投信,東証ETF,"65,180",+570,0.88,"2,830,774",2026/08/04
1197,1197,3908,(株)コラボス,東証STD,343,+3,0.88,"2,000",2026/08/04
1198,1198,3935,(株)エディア,東証STD,686,+6,0.88,"32,500",2026/08/04
1199,1199,5242,(株)アイズ,東証GRT,"2,303",+20,0.88,"11,300",2026/08/04
1200,1200,7059,(株)コプロ・ホールディングス,東証PRM,806,+7,0.88,"66,300",2026/08/04
1201,1201,9780,(株)ハリマビステム,東証STD,917,+8,0.88,"2,100",2026/08/04
1202,1202,4263,サスメド(株),東証GRT,699,+6,0.87,"19,000",2026/08/04
1203,1203,5591,(株)ＡＶＩＬＥＮ,東証GRT,811,+7,0.87,"6,700",2026/08/04
1204,1204,6059,(株)ウチヤマホールディングス,東証STD,348,+3,0.87,"11,000",2026/08/04
1205,1205,7813,(株)プラッツ,東証STD,813,+7,0.87,"2,400",2026/08/04
1206,1206,9436,沖縄セルラー電話(株),東証STD,"4,070",+35,0.87,"120,100",2026/08/04
1207,1207,1566,上場インデックスファンド新興国債券,東証ETF,"53,000",+450,0.86,89,2026/08/04
1208,1208,254A,ＡＩフュージョンキャピタルグループ(株),東証STD,"1,174",+10,0.86,"12,700",2026/08/04
1209,1209,2864,GX ロジスティクス・REIT,東証ETF,"1,413",+12,0.86,307,2026/08/04
1210,1210,7034,(株)プロレド・パートナーズ,東証PRM,352,+3,0.86,"12,900",2026/08/04
1211,1211,9635,武蔵野興業(株),東証STD,"2,568",+22,0.86,200,2026/08/04
1212,1212,9664,(株)御園座,名証MN,"1,517",+13,0.86,700,2026/08/04
1213,1213,2558,MAXIS 米国株式(S&P500)上場投信,東証ETF,"3,455",+29,0.85,"125,061",2026/08/04
1214,1214,2667,(株)イメージ　ワン,東証STD,118,+1,0.85,"140,600",2026/08/04
1215,1215,4170,(株)Ｋａｉｚｅｎ　Ｐｌａｔｆｏｒｍ,東証GRT,118,+1,0.85,"44,200",2026/08/04
1216,1216,5010,日本精蝋(株),東証STD,236,+2,0.85,"28,800",2026/08/04
1217,1217,5301,東海カーボン(株),東証PRM,"1,550.5",+13,0.85,"1,142,300",2026/08/04
1218,1218,6894,パルステック工業(株),東証STD,"2,137",+18,0.85,900,2026/08/04
1219,1219,9229,(株)サンウェルズ,東証PRM,119,+1,0.85,"570,900",2026/08/04
1220,1220,2226,(株)湖池屋,東証STD,"4,800",+40,0.84,"27,500",2026/08/04
1221,1221,2585,(株)ライフドリンクカンパニー,東証PRM,"1,449",+12,0.84,"289,200",2026/08/04
1222,1222,3370,(株)フジタコーポレーション,東証STD,478,+4,0.84,"5,600",2026/08/04
1223,1223,3912,(株)モバイルファクトリー,東証STD,"1,077",+9,0.84,"5,800",2026/08/04
1224,1224,4075,ブレインズテクノロジー(株),東証GRT,843,+7,0.84,"5,500",2026/08/04
1225,1225,5921,川岸工業(株),東証STD,"4,195",+35,0.84,500,2026/08/04
1226,1226,6335,(株)東京機械製作所,東証STD,721,+6,0.84,"8,700",2026/08/04
1227,1227,7291,日本プラスト(株),東証STD,479,+4,0.84,"11,600",2026/08/04
1228,1228,8550,(株)栃木銀行,東証PRM,962,+8,0.84,"714,800",2026/08/04
1229,1229,9362,兵機海運(株),東証STD,"3,585",+30,0.84,"1,500",2026/08/04
1230,1230,1458,楽天 ETF-日経レバレッジ指数連動型,東証ETF,"77,810",+640,0.83,"97,691",2026/08/04
1231,1231,2032,NEXT NOTES 香港ハンセン･ベアETN,東証ETF,"5,920",+49,0.83,6,2026/08/04
1232,1232,3260,(株)エスポア,名証NXT,728,+6,0.83,"6,400",2026/08/04
1233,1233,4624,イサム塗料(株),東証STD,"3,625",+30,0.83,700,2026/08/04
1234,1234,9816,(株)ストライダーズ,東証STD,242,+2,0.83,"5,900",2026/08/04
1235,1235,2980,ＳＲＥホールディングス(株),東証PRM,"2,700",+22,0.82,"334,000",2026/08/04
1236,1236,6371,(株)椿本チエイン,東証PRM,"2,572",+21,0.82,"239,800",2026/08/04
1237,1237,7638,(株)ＮＥＷ　ＡＲＴ　ＨＯＬＤＩＮＧＳ,東証STD,"1,360",+11,0.82,"17,000",2026/08/04
1238,1238,8944,(株)ランドビジネス,東証STD,247,+2,0.82,"67,200",2026/08/04
1239,1239,9708,(株)帝国ホテル,東証STD,982,+8,0.82,"122,300",2026/08/04
1240,1240,1429,(株)日本アクア,東証PRM,747,+6,0.81,"59,600",2026/08/04
1241,1241,2866,GX 米国優先証券,東証ETF,990,+8,0.81,"29,815",2026/08/04
1242,1242,296A,令和アカウンティング・ホールディングス(株),東証GRT,870,+7,0.81,"36,200",2026/08/04
1243,1243,3758,(株)アエリア,東証STD,248,+2,0.81,"9,200",2026/08/04
1244,1244,3917,(株)アイリッジ,東証GRT,495,+4,0.81,"11,800",2026/08/04
1245,1245,4398,(株)ブロードバンドセキュリティ,東証STD,"1,245",+10,0.81,300,2026/08/04
1246,1246,8366,(株)滋賀銀行,東証PRM,"2,486",+20,0.81,"1,183,000",2026/08/04
1247,1247,3384,(株)アークコア,名証NXT,757,+6,0.8,300,2026/08/04
1248,1248,4334,(株)ユークス,東証STD,379,+3,0.8,"3,600",2026/08/04
1249,1249,4889,(株)レナサイエンス,東証GRT,"1,512",+12,0.8,"193,700",2026/08/04
1250,1250,5616,(株)雨風太陽,東証GRT,628,+5,0.8,500,2026/08/04
1251,1251,6186,(株)一蔵,東証STD,380,+3,0.8,600,2026/08/04
1252,1252,6651,日東工業(株),東証PRM,"4,410",+35,0.8,"88,700",2026/08/04
1253,1253,9233,アジア航測(株),東証STD,"1,129",+9,0.8,"7,500",2026/08/04
1254,1254,9272,ブティックス(株),東証GRT,"1,518",+12,0.8,"3,600",2026/08/04
1255,1255,9385,(株)ショーエイコーポレーション,東証STD,755,+6,0.8,"13,700",2026/08/04
1256,1256,4212,積水樹脂(株),東証PRM,"2,943",+23,0.79,"119,400",2026/08/04
1257,1257,8524,(株)北洋銀行,東証PRM,"1,150",+9,0.79,"1,483,800",2026/08/04
1258,1258,2836,GX フィンテック-日本株式,東証ETF,"3,106",+24,0.78,4,2026/08/04
1259,1259,3597,(株)自重堂,東証STD,"9,000",+70,0.78,"1,400",2026/08/04
1260,1260,3984,(株)ユーザーローカル,東証PRM,"1,809",+14,0.78,"63,300",2026/08/04
1261,1261,4626,太陽ホールディングス(株),東証PRM,"4,797",+37,0.78,"608,900",2026/08/04
1262,1262,4960,ケミプロ化成(株),東証STD,514,+4,0.78,"11,400",2026/08/04
1263,1263,5757,(株)ＣＫサンエツ,東証PRM,"5,180",+40,0.78,"6,500",2026/08/04
1264,1264,7769,リズム(株),東証PRM,"3,860",+30,0.78,"18,900",2026/08/04
1265,1265,7868,(株)広済堂ホールディングス,東証PRM,516,+4,0.78,"329,900",2026/08/04
1266,1266,9360,鈴与シンワート(株),東証STD,"2,976",+23,0.78,"1,100",2026/08/04
1267,1267,2094,東証REITインバースETF,東証ETF,783,+6,0.77,"28,003",2026/08/04
1268,1268,2095,GX S&P500配当貴族 (H有),東証ETF,"1,181",+9,0.77,414,2026/08/04
1269,1269,3921,(株)ネオジャパン,東証PRM,"1,575",+12,0.77,"13,600",2026/08/04
1270,1270,452A,iシェアーズ S&P500プレミアムインカム,東証ETF,810.2,+6.2,0.77,"174,020",2026/08/04
1271,1271,4976,東洋ドライルーブ(株),東証STD,"1,310",+10,0.77,200,2026/08/04
1272,1272,5932,三協立山(株),東証PRM,651,+5,0.77,"43,700",2026/08/04
1273,1273,6298,ワイエイシイホールディングス(株),東証PRM,"1,182",+9,0.77,"148,900",2026/08/04
1274,1274,6727,(株)ワコム,東証PRM,789,+6,0.77,"897,000",2026/08/04
1275,1275,6771,池上通信機(株),東証STD,654,+5,0.77,"2,000",2026/08/04
1276,1276,7227,アスカ(株),名証MN,"1,830",+14,0.77,200,2026/08/04
1277,1277,8014,蝶理(株),東証PRM,"3,905",+30,0.77,"41,800",2026/08/04
1278,1278,1676,WisdomTree 貴金属バスケット上場投信,東証ETF,"39,690",+300,0.76,2,2026/08/04
1279,1279,220A,(株)Ｆａｂｅｒ　Ｃｏｍｐａｎｙ,東証STD,933,+7,0.76,300,2026/08/04
1280,1280,3021,(株)パシフィックネット,東証STD,"1,583",+12,0.76,"7,000",2026/08/04
1281,1281,4415,(株)ブロードエンタープライズ,東証GRT,"1,450",+11,0.76,"5,700",2026/08/04
1282,1282,5444,大和工業(株),東証PRM,"13,335",+100,0.76,"198,000",2026/08/04
1283,1283,7373,(株)アイドマ・ホールディングス,東証GRT,934,+7,0.76,"73,500",2026/08/04
1284,1284,7670,オーウエル(株),東証STD,"1,066",+8,0.76,"1,300",2026/08/04
1285,1285,7971,東リ(株),東証STD,664,+5,0.76,"104,000",2026/08/04
1286,1286,1446,(株)キャンディル,東証STD,540,+4,0.75,"2,000",2026/08/04
1287,1287,2768,双日(株),東証PRM,"5,232",+39,0.75,"1,306,900",2026/08/04
1288,1288,2972,サンケイリアルエステート投資法人,東証,"107,700",+800,0.75,956,2026/08/04
1289,1289,3097,(株)物語コーポレーション,東証PRM,"5,350",+40,0.75,"223,000",2026/08/04
1290,1290,3513,イチカワ(株),東証STD,"3,375",+25,0.75,800,2026/08/04
1291,1291,3653,(株)モルフォ,東証GRT,672,+5,0.75,"8,100",2026/08/04
1292,1292,468A,GX 米ドル建て投資適格社債,東証ETF,281.2,+2.1,0.75,970,2026/08/04
1293,1293,472A,(株)ミラティブ,東証GRT,537,+4,0.75,"68,800",2026/08/04
1294,1294,6656,インスペック(株),東証STD,942,+7,0.75,"50,400",2026/08/04
1295,1295,6988,日東電工(株),東証PRM,"3,374",+25,0.75,"3,019,200",2026/08/04
1296,1296,8386,(株)百十四銀行,東証PRM,"2,813",+21,0.75,"255,100",2026/08/04
1297,1297,1801,大成建設(株),東証PRM,"13,005",+95,0.74,"533,500",2026/08/04
1298,1298,372A,(株)レント,東証STD,"5,470",+40,0.74,"8,600",2026/08/04
1299,1299,381A,iFreeETF 米国国債3-5年(H無),東証ETF,"2,184",+16,0.74,263,2026/08/04
1300,1300,3989,シェアリングテクノロジー(株),東証GRT,"1,355",+10,0.74,"102,600",2026/08/04
1301,1301,5079,(株)ノバック,東証STD,"2,582",+19,0.74,"2,400",2026/08/04
1302,1302,5363,(株)ＴＹＫ,東証STD,680,+5,0.74,"36,200",2026/08/04
1303,1303,7102,日本車輌製造(株),東証PRM,"3,405",+25,0.74,"40,400",2026/08/04
1304,1304,9251,(株)ＡＢ＆Ｃｏｍｐａｎｙ,東証GRT,"1,370",+10,0.74,"13,300",2026/08/04
1305,1305,1716,第一カッター興業(株),東証STD,"1,375",+10,0.73,"11,200",2026/08/04
1306,1306,2970,ＧＬＣ　ＧＲＯＵＰ(株),東証STD,969,+7,0.73,"3,000",2026/08/04
1307,1307,3910,(株)エムケイシステム,東証STD,277,+2,0.73,"1,800",2026/08/04
1308,1308,7014,(株)名村造船所,東証STD,"4,155",+30,0.73,"1,085,900",2026/08/04
1309,1309,7325,(株)アイリックコーポレーション,東証GRT,693,+5,0.73,"4,700",2026/08/04
1310,1310,9339,(株)コーチ・エィ,東証STD,"1,376",+10,0.73,"1,400",2026/08/04
1311,1311,1349,ABF 汎アジア債券インデックス･ファンド,東証ETF,"17,385",+125,0.72,2,2026/08/04
1312,1312,2012,iシェアーズ 米国債0-3カ月 ETF,東証ETF,239.1,+1.7,0.72,"639,030",2026/08/04
1313,1313,2258,iシェアーズ 米ドル建てハイイールド社債,東証ETF,223.5,+1.6,0.72,"179,250",2026/08/04
1314,1314,4020,ビートレンド(株),東証GRT,701,+5,0.72,300,2026/08/04
1315,1315,4116,大日精化工業(株),東証PRM,"1,121",+8,0.72,"152,400",2026/08/04
1316,1316,4716,日本オラクル(株),東証STD,"8,800",+63,0.72,"340,400",2026/08/04
1317,1317,5928,アルメタックス(株),東証STD,281,+2,0.72,"6,900",2026/08/04
1318,1318,7624,(株)ＮａＩＴＯ,東証STD,140,+1,0.72,"17,500",2026/08/04
1319,1319,9085,北海道中央バス(株),札証,"5,590",+40,0.72,100,2026/08/04
1320,1320,9351,東洋埠頭(株),東証STD,"1,826",+13,0.72,"2,500",2026/08/04
1321,1321,1593,MAXIS JPX日経インデックス400上場投信,東証ETF,"37,050",+260,0.71,"1,125",2026/08/04
1322,1322,196A,(株)ＭＦＳ,東証GRT,284,+2,0.71,"27,700",2026/08/04
1323,1323,2868,GX S&P500・カバード・コール,東証ETF,"1,136",+8,0.71,"102,801",2026/08/04
1324,1324,3768,リスクモンスター(株),東証STD,564,+4,0.71,"3,700",2026/08/04
1325,1325,6488,(株)ヨシタケ,東証STD,990,+7,0.71,"6,300",2026/08/04
1326,1326,7173,(株)東京きらぼしフィナンシャルグループ,東証PRM,"1,706",+12,0.71,"1,273,200",2026/08/04
1327,1327,7599,(株)ＩＤＯＭ,東証PRM,"1,277",+9,0.71,"617,600",2026/08/04
1328,1328,7734,理研計器(株),東証PRM,"3,560",+25,0.71,"120,100",2026/08/04
1329,1329,9237,(株)笑美面,東証GRT,854,+6,0.71,"4,500",2026/08/04
1330,1330,1365,iFreeETF 日経平均レバレッジ・インデックス,東証ETF,"4,018",+28,0.7,"289,528",2026/08/04
1331,1331,4565,ネクセラファーマ(株),東証PRM,859,+6,0.7,"475,400",2026/08/04
1332,1332,469A,(株)フィットクルー,東証GRT,"1,431",+10,0.7,"1,500",2026/08/04
1333,1333,4932,(株)アルマード,東証STD,716,+5,0.7,"4,000",2026/08/04
1334,1334,4977,新田ゼラチン(株),東証STD,"1,302",+9,0.7,"12,300",2026/08/04
1335,1335,5618,ナイル(株),東証GRT,289,+2,0.7,"1,400",2026/08/04
1336,1336,5930,文化シヤッター(株),東証PRM,"1,882",+13,0.7,"234,500",2026/08/04
1337,1337,7084,(株)Ｓｍｉｌｅ　Ｈｏｌｄｉｎｇｓ,東証GRT,"2,749",+19,0.7,700,2026/08/04
1338,1338,8066,三谷商事(株),東証STD,"2,883",+20,0.7,"3,800",2026/08/04
1339,1339,8143,(株)ラピーヌ,東証STD,143,+1,0.7,600,2026/08/04
1340,1340,1560,(NEXT FUNDS)マレーシアKLCI連動型上場投信,東証ETF,"6,670",+46,0.69,115,2026/08/04
1341,1341,1619,(NEXT FUNDS)建設･資材上場投信,東証ETF,"45,520",+310,0.69,249,2026/08/04
1342,1342,257A,SMT ETF日本株厳選投資アクティブ,東証ETF,"3,340",+23,0.69,217,2026/08/04
1343,1343,2588,(株)プレミアムウォーターホールディングス,東証STD,"3,670",+25,0.69,700,2026/08/04
1344,1344,366A,ウェルネス・コミュニケーションズ(株),東証GRT,"1,020",+7,0.69,"21,200",2026/08/04
1345,1345,4430,東海ソフト(株),東証STD,"1,614",+11,0.69,"4,500",2026/08/04
1346,1346,6845,アズビル(株),東証PRM,"1,670.5",+11.5,0.69,"1,140,000",2026/08/04
1347,1347,283A,GX USテック・配当貴族,東証ETF,"1,323",+9,0.68,"33,694",2026/08/04
1348,1348,3760,(株)ケイブ,東証STD,738,+5,0.68,"10,400",2026/08/04
1349,1349,3796,(株)いい生活,東証STD,295,+2,0.68,"7,500",2026/08/04
1350,1350,3815,(株)メディア工房,東証GRT,446,+3,0.68,"9,400",2026/08/04
1351,1351,4028,石原産業(株),東証PRM,"2,971",+20,0.68,"209,700",2026/08/04
1352,1352,4409,東邦化学工業(株),東証STD,742,+5,0.68,"2,700",2026/08/04
1353,1353,479A,ＰＲＯＮＩ(株),東証GRT,"1,331",+9,0.68,"10,800",2026/08/04
1354,1354,5341,ＡＳＡＨＩ　ＥＩＴＯホールディングス(株),東証STD,147,+1,0.68,"32,400",2026/08/04
1355,1355,6340,澁谷工業(株),東証PRM,"4,410",+30,0.68,"56,600",2026/08/04
1356,1356,7097,(株)さくらさくプラス,東証GRT,"2,680",+18,0.68,"11,600",2026/08/04
1357,1357,9820,エムティジェネックス(株),東証STD,"3,700",+25,0.68,300,2026/08/04
1358,1358,2014,iシェアーズ 米国連続増配株 ETF,東証ETF,316.2,+2.1,0.67,"217,380",2026/08/04
1359,1359,2975,スター・マイカ・ホールディングス(株),東証PRM,"1,497",+10,0.67,"241,800",2026/08/04
1360,1360,4218,ニチバン(株),東証PRM,"1,941",+13,0.67,"13,000",2026/08/04
1361,1361,5621,(株)ヒューマンテクノロジーズ,東証GRT,"1,664",+11,0.67,"22,100",2026/08/04
1362,1362,6382,トリニティ工業(株),東証STD,"1,205",+8,0.67,"36,400",2026/08/04
1363,1363,6557,ＡＩＡＩグループ(株),東証GRT,756,+5,0.67,"100,200",2026/08/04
1364,1364,8242,エイチ・ツー・オー　リテイリング(株),東証PRM,"2,869.5",+19,0.67,"776,000",2026/08/04
1365,1365,8558,(株)東和銀行,東証PRM,"1,350",+9,0.67,"135,500",2026/08/04
1366,1366,133A,GX 超短期米国債,東証ETF,"1,067",+7,0.66,"225,303",2026/08/04
1367,1367,2620,iシェアーズ 米国債1-3年,東証ETF,364.6,+2.4,0.66,"130,400",2026/08/04
1368,1368,2647,(NEXT FUNDS)ブルームバーグ米国国債(7-10年)(H無),東証ETF,"5,818",+38,0.66,611,2026/08/04
1369,1369,2984,ヤマイチエステート(株),東証STD,757,+5,0.66,"11,200",2026/08/04
1370,1370,3804,(株)システム　ディ,東証STD,457,+3,0.66,"2,700",2026/08/04
1371,1371,4493,(株)サイバーセキュリティクラウド,東証GRT,"1,823",+12,0.66,"66,500",2026/08/04
1372,1372,7804,(株)ビーアンドピー,東証STD,"2,273",+15,0.66,"1,300",2026/08/04
1373,1373,8912,(株)エリアクエスト,東証STD,153,+1,0.66,"10,100",2026/08/04
1374,1374,1553,MAXIS S&P東海上場投信,名証ETF,"5,394",+35,0.65,200,2026/08/04
1375,1375,1693,WisdomTree 銅上場投信,東証ETF,"8,958",+58,0.65,"7,840",2026/08/04
1376,1376,1899,(株)福田組,東証PRM,"3,880",+25,0.65,"31,700",2026/08/04
1377,1377,2411,ゲンダイエージェンシー(株),東証STD,465,+3,0.65,"4,700",2026/08/04
1378,1378,3490,(株)アズ企画設計,東証STD,"3,120",+20,0.65,"1,300",2026/08/04
1379,1379,3521,テルマー湯ホールディングス(株),東証STD,154,+1,0.65,"6,300",2026/08/04
1380,1380,4241,(株)アテクト,東証STD,623,+4,0.65,"3,000",2026/08/04
1381,1381,5471,大同特殊鋼(株),東証PRM,"2,235.5",+14.5,0.65,"751,700",2026/08/04
1382,1382,6229,(株)オーケーエム,東証STD,"1,547",+10,0.65,"8,800",2026/08/04
1383,1383,6269,三井海洋開発(株),東証PRM,"10,100",+65,0.65,"273,000",2026/08/04
1384,1384,6523,ＰＨＣホールディングス(株),東証PRM,"1,086",+7,0.65,"207,500",2026/08/04
1385,1385,6586,(株)マキタ,東証PRM,"5,290",+34,0.65,"1,473,300",2026/08/04
1386,1386,6706,電気興業(株),東証PRM,"3,085",+20,0.65,"28,700",2026/08/04
1387,1387,7273,(株)イクヨ,東証STD,615,+4,0.65,"22,000",2026/08/04
1388,1388,7716,(株)ナカニシ,東証STD,"3,095",+20,0.65,"225,200",2026/08/04
1389,1389,8331,(株)千葉銀行,東証PRM,"2,631.5",+17,0.65,"2,329,900",2026/08/04
1390,1390,146A,コロンビア・ワークス(株),東証STD,"3,155",+20,0.64,"23,400",2026/08/04
1391,1391,182A,MAXIS 米国国債20年超上場投信(H無),東証ETF,487,+3.1,0.64,"2,690",2026/08/04
1392,1392,2884,(株)ヨシムラ・フード・ホールディングス,東証PRM,625,+4,0.64,"57,000",2026/08/04
1393,1393,330A,(株)ＴａｌｅｎｔＸ,東証GRT,473,+3,0.64,"5,600",2026/08/04
1394,1394,584A,ＬｉＮＫＸ(株),東証GRT,"2,190",+14,0.64,"60,500",2026/08/04
1395,1395,8141,新光商事(株),東証PRM,"1,579",+10,0.64,"43,000",2026/08/04
1396,1396,8559,(株)豊和銀行,福証,474,+3,0.64,"3,400",2026/08/04
1397,1397,3069,(株)ＪＦＬＡホールディングス,東証STD,160,+1,0.63,"49,200",2026/08/04
1398,1398,3674,(株)オークファン,東証GRT,317,+2,0.63,"1,400",2026/08/04
1399,1399,3993,(株)ＰＫＳＨＡ　Ｔｅｃｈｎｏｌｏｇｙ,東証PRM,"2,864",+18,0.63,"232,600",2026/08/04
1400,1400,401A,霞ヶ関ホテルリート投資法人,東証,"95,800",+600,0.63,940,2026/08/04
1401,1401,5216,(株)倉元製作所,東証STD,161,+1,0.63,"90,400",2026/08/04
1402,1402,5302,日本カーボン(株),東証PRM,"4,790",+30,0.63,"60,700",2026/08/04
1403,1403,6853,(株)共和電業,東証STD,795,+5,0.63,"26,000",2026/08/04
1404,1404,7150,(株)島根銀行,東証STD,478,+3,0.63,"15,200",2026/08/04
1405,1405,8089,ナイス(株),東証STD,"1,931",+12,0.63,"1,000",2026/08/04
1406,1406,8604,野村ホールディングス(株),東証PRM,"1,515",+9.5,0.63,"9,147,400",2026/08/04
1407,1407,9244,(株)デジタリフト,東証GRT,"1,280",+8,0.63,"1,800",2026/08/04
1408,1408,1399,上場MSCI日本株高配当低ボラティリティ,東証ETF,"3,107",+19,0.62,256,2026/08/04
1409,1409,2015,iFreeETF 米国国債7-10年(H無),東証ETF,"2,126",+13,0.62,"1,618",2026/08/04
1410,1410,2481,(株)タウンニュース社,東証STD,648,+4,0.62,600,2026/08/04
1411,1411,273A,SBI サウジアラビア株式上場投信,東証ETF,"9,700",+60,0.62,65,2026/08/04
1412,1412,3246,(株)コーセーアールイー,東証STD,654,+4,0.62,"3,200",2026/08/04
1413,1413,3695,ＧＭＯプロダクトプラットフォーム(株),東証GRT,"1,452",+9,0.62,"2,000",2026/08/04
1414,1414,5194,相模ゴム工業(株),東証STD,648,+4,0.62,"3,200",2026/08/04
1415,1415,6042,(株)ニッキ,東証STD,"4,040",+25,0.62,100,2026/08/04
1416,1416,7376,ＢＣＣ(株),東証GRT,"1,134",+7,0.62,"37,700",2026/08/04
1417,1417,7625,(株)グローバルダイニング,東証STD,485,+3,0.62,"5,900",2026/08/04
1418,1418,7791,ドリームベッド(株),東証STD,817,+5,0.62,200,2026/08/04
1419,1419,1578,上場インデックスファンド日経225(ミニ),東証ETF,"5,111",+31,0.61,"3,778",2026/08/04
1420,1420,1853,(株)森組,東証STD,330,+2,0.61,"3,500",2026/08/04
1421,1421,2058,(株)ヒガシマル,福証,985,+6,0.61,400,2026/08/04
1422,1422,2438,(株)アスカネット,東証GRT,332,+2,0.61,"13,400",2026/08/04
1423,1423,2636,GX MSCIガバナンス・クオリティ-日本株式,東証ETF,"4,766",+29,0.61,7,2026/08/04
1424,1424,3030,(株)ハブ,東証STD,823,+5,0.61,"8,900",2026/08/04
1425,1425,3649,(株)ファインデックス,東証PRM,826,+5,0.61,"85,300",2026/08/04
1426,1426,3657,ポールトゥウィンホールディングス(株),東証PRM,332,+2,0.61,"123,700",2026/08/04
1427,1427,3955,(株)イムラ,東証STD,830,+5,0.61,"1,200",2026/08/04
1428,1428,4044,セントラル硝子(株),東証PRM,"4,145",+25,0.61,"80,500",2026/08/04
1429,1429,4465,(株)ニイタカ,東証STD,"2,318",+14,0.61,"11,400",2026/08/04
1430,1430,5268,旭コンクリート工業(株),東証STD,819,+5,0.61,"4,800",2026/08/04
1431,1431,6146,(株)ディスコ,東証PRM,"60,890",+370,0.61,"1,719,000",2026/08/04
1432,1432,6444,サンデン(株),東証STD,165,+1,0.61,"69,700",2026/08/04
1433,1433,8399,(株)琉球銀行,東証PRM,"2,954",+18,0.61,"128,600",2026/08/04
1434,1434,8614,東洋証券(株),東証PRM,655,+4,0.61,"646,400",2026/08/04
1435,1435,1358,上場インデックス日経レバレッジ指数,東証ETF,"124,750",+750,0.6,"7,296",2026/08/04
1436,1436,2011,SMDAM Active ETF 日本高配当株式,東証ETF,834.4,+5,0.6,"47,220",2026/08/04
1437,1437,2894,石井食品(株),東証STD,336,+2,0.6,900,2026/08/04
1438,1438,3646,(株)駅探,東証STD,336,+2,0.6,"1,100",2026/08/04
1439,1439,4847,(株)インテリジェント　ウェイブ,東証PRM,"1,003",+6,0.6,"44,000",2026/08/04
1440,1440,5965,(株)フジマック,東証STD,"1,169",+7,0.6,"4,400",2026/08/04
1441,1441,7601,(株)ポプラ,東証STD,167,+1,0.6,"3,200",2026/08/04
1442,1442,7865,ピープル(株),東証STD,338,+2,0.6,"3,100",2026/08/04
1443,1443,8360,(株)山梨中央銀行,東証PRM,"6,710",+40,0.6,"145,500",2026/08/04
1444,1444,9702,(株)アイ・エス・ビー,東証PRM,"2,358",+14,0.6,"36,800",2026/08/04
1445,1445,2093,上場Tracers 米国債0-2年ラダー(H無),東証ETF,"5,260",+31,0.59,"3,125",2026/08/04
1446,1446,9446,(株)サカイホールディングス,東証STD,687,+4,0.59,300,2026/08/04
1447,1447,2168,(株)パソナグループ,東証PRM,"1,569",+9,0.58,"140,800",2026/08/04
1448,1448,2854,GX テック・トップ20-日本株式,東証ETF,"2,587",+15,0.58,"25,324",2026/08/04
1449,1449,414A,(株)オーバーラップホールディングス,東証GRT,867,+5,0.58,"63,900",2026/08/04
1450,1450,8253,(株)クレディセゾン,東証PRM,"4,519",+26,0.58,"694,200",2026/08/04
1451,1451,2670,(株)エービーシー・マート,東証PRM,"2,726",+15.5,0.57,"471,100",2026/08/04
1452,1452,3692,(株)ＦＦＲＩセキュリティ,東証GRT,"5,280",+30,0.57,"48,000",2026/08/04
1453,1453,4956,コニシ(株),東証PRM,"1,413",+8,0.57,"107,000",2026/08/04
1454,1454,496A,One ETF 日本国債 17-20年,東証ETF,942.9,+5.3,0.57,60,2026/08/04
1455,1455,6027,弁護士ドットコム(株),東証PRM,"2,290",+13,0.57,"51,100",2026/08/04
1456,1456,7886,ヤマト　モビリティ　＆　Ｍｆｇ．(株),東証STD,704,+4,0.57,200,2026/08/04
1457,1457,9504,中国電力(株),東証PRM,912.1,+5.2,0.57,"2,033,800",2026/08/04
1458,1458,1914,日本基礎技術(株),東証STD,716,+4,0.56,"11,000",2026/08/04
1459,1459,1934,(株)ユアテック,東証PRM,"2,340",+13,0.56,"155,200",2026/08/04
1460,1460,4076,(株)シイエヌエス,東証GRT,"1,810",+10,0.56,700,2026/08/04
1461,1461,6614,(株)シキノハイテック,東証STD,890,+5,0.56,"4,500",2026/08/04
1462,1462,6899,ＡＳＴＩ(株),東証STD,"2,333",+13,0.56,"8,400",2026/08/04
1463,1463,7952,(株)河合楽器製作所,東証PRM,"3,565",+20,0.56,"21,400",2026/08/04
1464,1464,2938,(株)オカムラ食品工業,東証STD,"1,275",+7,0.55,"53,200",2026/08/04
1465,1465,4193,(株)ファブリカホールディングス,東証STD,"2,370",+13,0.55,"2,000",2026/08/04
1466,1466,5343,ニッコー(株),名証MN,184,+1,0.55,"6,300",2026/08/04
1467,1467,6094,(株)フリークアウト・ホールディングス,東証GRT,549,+3,0.55,"12,800",2026/08/04
1468,1468,6357,三精テクノロジーズ(株),東証STD,"2,362",+13,0.55,"22,400",2026/08/04
1469,1469,6654,不二電機工業(株),東証STD,"1,095",+6,0.55,"10,300",2026/08/04
1470,1470,1348,MAXIS トピックス上場投信,東証ETF,"4,129",+22,0.54,"81,605",2026/08/04
1471,1471,1930,北陸電気工事(株),東証PRM,"1,476",+8,0.54,"68,800",2026/08/04
1472,1472,3377,(株)バイク王＆カンパニー,東証STD,372,+2,0.54,"6,100",2026/08/04
1473,1473,4612,日本ペイントホールディングス(株),東証PRM,"1,211.5",+6.5,0.54,"2,805,300",2026/08/04
1474,1474,5952,アマテイ(株),東証STD,187,+1,0.54,"8,800",2026/08/04
1475,1475,6099,(株)エラン,東証PRM,745,+4,0.54,"182,900",2026/08/04
1476,1476,6724,セイコーエプソン(株),東証PRM,"2,972",+16,0.54,"1,550,400",2026/08/04
1477,1477,6875,(株)メガチップス,東証PRM,"9,260",+50,0.54,"111,800",2026/08/04
1478,1478,7803,(株)ブシロード,東証GRT,371,+2,0.54,"968,800",2026/08/04
1479,1479,9942,(株)ジョイフル,福証,"1,314",+7,0.54,"9,300",2026/08/04
1480,1480,1328,(NEXT FUNDS)金価格連動型上場投信,東証ETF,"15,130",+80,0.53,"20,678",2026/08/04
1481,1481,1720,東急建設(株),東証PRM,"1,146",+6,0.53,"339,900",2026/08/04
1482,1482,173A,(株)ハンモック,東証GRT,"1,518",+8,0.53,"1,400",2026/08/04
1483,1483,5028,セカンドサイトアナリティカ(株),東証GRT,379,+2,0.53,"4,000",2026/08/04
1484,1484,556A,犬猫生活(株),東証GRT,"1,905",+10,0.53,"22,600",2026/08/04
1485,1485,6418,日本金銭機械(株),東証PRM,"1,141",+6,0.53,"90,500",2026/08/04
1486,1486,9767,日建工学(株),東証STD,"1,523",+8,0.53,900,2026/08/04
1487,1487,1677,上場インデックスファンド海外債券毎月分配,東証ETF,"59,410",+310,0.52,20,2026/08/04
1488,1488,2666,(株)オートウェーブ,東証STD,192,+1,0.52,"70,100",2026/08/04
1489,1489,613A,iFreeETF ドイツ0-3カ月短期国債,東証ETF,"1,942",+10,0.52,712,2026/08/04
1490,1490,7129,ミアヘルサホールディングス(株),東証STD,"1,160",+6,0.52,"1,700",2026/08/04
1491,1491,8367,(株)南都銀行,東証PRM,"1,730",+9,0.52,"520,600",2026/08/04
1492,1492,3967,(株)エルテス,東証GRT,594,+3,0.51,"5,200",2026/08/04
1493,1493,3996,サインポスト(株),東証STD,198,+1,0.51,"82,800",2026/08/04
1494,1494,4199,ワンダープラネット(株),東証GRT,796,+4,0.51,"8,900",2026/08/04
1495,1495,491A,iシェアーズ S&P500 除く金融 ETF(H有),東証ETF,550.1,+2.8,0.51,20,2026/08/04
1496,1496,7033,(株)マネジメントソリューションズ,東証PRM,"1,392",+7,0.51,"71,600",2026/08/04
1497,1497,7267,ホンダ,東証PRM,"1,575",+8,0.51,"18,554,400",2026/08/04
1498,1498,9145,(株)ビーイングホールディングス,東証STD,588,+3,0.51,"10,100",2026/08/04
1499,1499,1309,(NEXT FUNDS)ChinaAMC・中国株式・上証50,東証ETF,"53,950",+270,0.5,127,2026/08/04
1500,1500,1586,上場インデックス TOPIX Ex-Financials,東証ETF,"2,995",+15,0.5,37,2026/08/04
1501,1501,1941,(株)中電工,東証PRM,"5,000",+25,0.5,"105,800",2026/08/04
1502,1502,2257,iシェアーズ 米ドル建て投資適格社債,東証ETF,219.9,+1.1,0.5,"19,890",2026/08/04
1503,1503,2267,(株)ヤクルト本社,東証PRM,"2,795.5",+14,0.5,"1,273,700",2026/08/04
1504,1504,3665,(株)エニグモ,東証PRM,400,+2,0.5,"97,800",2026/08/04
1505,1505,3895,ハビックス(株),東証STD,406,+2,0.5,"1,500",2026/08/04
1506,1506,4543,テルモ(株),東証PRM,"2,323",+11.5,0.5,"2,875,800",2026/08/04
1507,1507,5162,(株)朝日ラバー,東証STD,804,+4,0.5,"1,800",2026/08/04
1508,1508,589A,ネイス(株),東証GRT,"1,203",+6,0.5,"62,500",2026/08/04
1509,1509,6245,(株)ヒラノテクシード,東証STD,"1,621",+8,0.5,"42,700",2026/08/04
1510,1510,8051,(株)山善,東証PRM,"1,796",+9,0.5,"176,100",2026/08/04
1511,1511,2183,(株)リニカル,東証STD,206,+1,0.49,"17,500",2026/08/04
1512,1512,2375,ギグワークス(株),東証STD,206,+1,0.49,"51,200",2026/08/04
1513,1513,2379,ディップ(株),東証PRM,"1,839",+9,0.49,"424,600",2026/08/04
1514,1514,4114,(株)日本触媒,東証PRM,"2,136",+10.5,0.49,"638,700",2026/08/04
1515,1515,4442,バルテス・ホールディングス(株),東証GRT,410,+2,0.49,"7,700",2026/08/04
1516,1516,5570,(株)ジェノバ,東証GRT,611,+3,0.49,"3,500",2026/08/04
1517,1517,6798,ＳＭＫ(株),東証PRM,"3,085",+15,0.49,"17,700",2026/08/04
1518,1518,7384,(株)プロクレアホールディングス,東証PRM,"4,090",+20,0.49,"78,500",2026/08/04
1519,1519,7927,ムトー精工(株),東証STD,"2,249",+11,0.49,"11,200",2026/08/04
1520,1520,3878,(株)巴川コーポレーション,東証STD,835,+4,0.48,"21,200",2026/08/04
1521,1521,5586,(株)Ｌａｂｏｒｏ．ＡＩ,東証GRT,829,+4,0.48,"20,900",2026/08/04
1522,1522,585A,日本バリュー・ボトムアップ株式投資戦略,東証ETF,"1,041",+5,0.48,477,2026/08/04
1523,1523,6448,ブラザー工業(株),東証PRM,"4,018",+19,0.48,"685,000",2026/08/04
1524,1524,7360,(株)オンデック,東証GRT,633,+3,0.48,300,2026/08/04
1525,1525,7686,(株)ひとまいる,東証STD,423,+2,0.48,"1,900",2026/08/04
1526,1526,8707,岩井コスモホールディングス(株),東証PRM,"4,210",+20,0.48,"114,100",2026/08/04
1527,1527,1397,SMDAM 日経225上場投信,東証ETF,"64,700",+300,0.47,"5,010",2026/08/04
1528,1528,3845,(株)アイフリークモバイル,東証STD,213,+1,0.47,"6,100",2026/08/04
1529,1529,425A,GX ゴールドETF,東証ETF,341.9,+1.6,0.47,"142,920",2026/08/04
1530,1530,453A,iシェアーズ 米国債20年超プレミアムインカム,東証ETF,755.5,+3.5,0.47,"116,190",2026/08/04
1531,1531,5714,ＤＯＷＡホールディングス(株),東証PRM,"8,197",+38,0.47,"322,100",2026/08/04
1532,1532,6658,シライ電子工業(株),東証STD,428,+2,0.47,"54,100",2026/08/04
1533,1533,8029,(株)ルックホールディングス,東証STD,"2,555",+12,0.47,"27,400",2026/08/04
1534,1534,8135,ゼット(株),東証STD,424,+2,0.47,"6,600",2026/08/04
1535,1535,2018,GX US REIT・トップ20,東証ETF,"1,299",+6,0.46,"1,085",2026/08/04
1536,1536,2092,NZAM 上場投信 フランス国債7-10年(H有),東証ETF,"4,597",+21,0.46,4,2026/08/04
1537,1537,314A,iシェアーズ ゴールド ETF,東証ETF,303.4,+1.4,0.46,"1,546,390",2026/08/04
1538,1538,6291,日本エアーテック(株),東証STD,"1,322",+6,0.46,"24,500",2026/08/04
1539,1539,7135,ジャパンクラフトホールディングス(株),東証STD,220,+1,0.46,"1,000",2026/08/04
1540,1540,8411,(株)みずほフィナンシャルグループ,東証PRM,"8,131",+37,0.46,"7,714,600",2026/08/04
1541,1541,1329,iシェアーズ・コア 日経225ETF,東証ETF,"6,665",+30,0.45,"475,745",2026/08/04
1542,1542,1659,iシェアーズ 米国リート ETF,東証ETF,"3,990",+18,0.45,"10,380",2026/08/04
1543,1543,3639,(株)ボルテージ,東証STD,224,+1,0.45,"3,200",2026/08/04
1544,1544,412A,(NEXT FUNDS) 台湾イノベイティブ・テクノロジー50,東証ETF,"4,045",+18,0.45,"4,238",2026/08/04
1545,1545,4487,(株)スペースマーケット,東証GRT,225,+1,0.45,"2,400",2026/08/04
1546,1546,5137,(株)スマートドライブ,東証GRT,221,+1,0.45,"98,100",2026/08/04
1547,1547,580A,GX 銅ビジネス,東証ETF,900,+4,0.45,"1,977",2026/08/04
1548,1548,6744,能美防災(株),東証PRM,"4,490",+20,0.45,"105,000",2026/08/04
1549,1549,7561,(株)ハークスレイホールディングス,東証STD,663,+3,0.45,"22,400",2026/08/04
1550,1550,9428,(株)クロップス,東証STD,"1,326",+6,0.45,300,2026/08/04
1551,1551,1369,One ETF 日経225,東証ETF,"64,280",+280,0.44,"5,321",2026/08/04
1552,1552,1946,(株)トーエネック,東証PRM,"2,065",+9,0.44,"149,100",2026/08/04
1553,1553,1982,日比谷総合設備(株),東証PRM,"2,770",+12,0.44,"100,900",2026/08/04
1554,1554,7446,東北化学薬品(株),東証STD,"4,540",+20,0.44,700,2026/08/04
1555,1555,8304,(株)あおぞら銀行,東証PRM,"3,227",+14,0.44,"1,766,400",2026/08/04
1556,1556,2816,(株)ダイショー,東証STD,"1,415",+6,0.43,"1,300",2026/08/04
1557,1557,3916,デジタル・インフォメーション・テクノロジー(株),東証PRM,927,+4,0.43,"96,500",2026/08/04
1558,1558,6087,(株)アビスト,東証STD,"3,475",+15,0.43,800,2026/08/04
1559,1559,7126,グローバルスタイル(株),東証STD,"1,405",+6,0.43,"4,000",2026/08/04
1560,1560,7494,(株)コナカ,東証STD,236,+1,0.43,"23,100",2026/08/04
1561,1561,1330,上場インデックスファンド225,東証ETF,"66,190",+280,0.42,"20,940",2026/08/04
1562,1562,3571,(株)ソトー,東証STD,713,+3,0.42,"2,200",2026/08/04
1563,1563,3928,(株)マイネット,東証STD,237,+1,0.42,"2,300",2026/08/04
1564,1564,4595,(株)ミズホメディー,東証STD,"1,662",+7,0.42,"45,200",2026/08/04
1565,1565,4613,関西ペイント(株),東証PRM,"2,850",+12,0.42,"765,100",2026/08/04
1566,1566,4979,ＯＡＴアグリオ(株),東証STD,"2,403",+10,0.42,"15,700",2026/08/04
1567,1567,550A,(株)ソフトテックス,東証STD,"2,160",+9,0.42,700,2026/08/04
1568,1568,6543,(株)日宣,東証STD,"1,194",+5,0.42,"2,400",2026/08/04
1569,1569,6819,伊豆シャボテンリゾート(株),東証STD,478,+2,0.42,"11,000",2026/08/04
1570,1570,7091,(株)リビングプラットフォーム,東証GRT,"1,205",+5,0.42,"4,800",2026/08/04
1571,1571,7280,(株)ミツバ,東証PRM,"1,192",+5,0.42,"216,100",2026/08/04
1572,1572,7871,フクビ化学工業(株),東証STD,951,+4,0.42,"3,400",2026/08/04
1573,1573,8715,アニコム　ホールディングス(株),東証PRM,"1,205",+5,0.42,"262,100",2026/08/04
1574,1574,9206,(株)スターフライヤー,東証STD,"1,929",+8,0.42,"1,400",2026/08/04
1575,1575,1483,iシェアーズ JPX/S&P 設備･人材投資ETF,東証ETF,"3,643",+15,0.41,1,2026/08/04
1576,1576,1491,中外鉱業(株),東証STD,728,+3,0.41,"9,500",2026/08/04
1577,1577,1840,(株)土屋ホールディングス,東証STD,245,+1,0.41,"3,300",2026/08/04
1578,1578,2256,iシェアーズ 米国総合債券,東証ETF,218.6,+0.9,0.41,"37,960",2026/08/04
1579,1579,2515,(NEXT FUNDS)外国REIT･S&P先進国REIT(除く日本・H無),東証ETF,"1,711",+7,0.41,"51,582",2026/08/04
1580,1580,2861,上場インデックスファンドフランス国債(H無),東証ETF,"5,662",+23,0.41,286,2026/08/04
1581,1581,3064,(株)ＭｏｎｏｔａＲＯ,東証PRM,"1,969.5",+8,0.41,"2,325,300",2026/08/04
1582,1582,4174,(株)アピリッツ,東証STD,728,+3,0.41,"8,900",2026/08/04
1583,1583,548A,(株)システムエグゼ,東証STD,978,+4,0.41,"15,800",2026/08/04
1584,1584,6005,三浦工業(株),東証PRM,"3,165",+13,0.41,"273,100",2026/08/04
1585,1585,6031,ＺＥＴＡ(株),東証GRT,244,+1,0.41,"62,900",2026/08/04
1586,1586,6049,(株)イトクロ,東証GRT,243,+1,0.41,"1,000",2026/08/04
1587,1587,9083,神姫バス(株),東証STD,"1,975",+8,0.41,"2,100",2026/08/04
1588,1588,9357,名港海運(株),名証MN,"2,467",+10,0.41,"5,000",2026/08/04
1589,1589,9726,ＫＮＴ－ＣＴホールディングス(株),東証STD,"1,960",+8,0.41,"23,200",2026/08/04
1590,1590,1813,(株)不動テトラ,東証PRM,"2,759",+11,0.4,"107,500",2026/08/04
1591,1591,4361,川口化学工業(株),東証STD,"1,507",+6,0.4,"1,600",2026/08/04
1592,1592,478A,(株)フツパー,東証GRT,756,+3,0.4,"40,200",2026/08/04
1593,1593,6578,(株)コレックホールディングス,東証STD,501,+2,0.4,"5,400",2026/08/04
1594,1594,7224,新明和工業(株),東証PRM,"1,984",+8,0.4,"205,700",2026/08/04
1595,1595,8185,(株)チヨダ,東証PRM,993,+4,0.4,"143,900",2026/08/04
1596,1596,9302,三井倉庫ホールディングス(株),東証PRM,"3,541",+14,0.4,"208,700",2026/08/04
1597,1597,2222,寿スピリッツ(株),東証PRM,"2,556.5",+10,0.39,"848,000",2026/08/04
1598,1598,3803,イメージ情報開発(株),東証GRT,511,+2,0.39,"5,800",2026/08/04
1599,1599,3903,(株)ｇｕｍｉ,東証PRM,258,+1,0.39,"648,500",2026/08/04
1600,1600,5603,虹技(株),東証STD,"1,274",+5,0.39,"2,200",2026/08/04
1601,1601,6465,ホシザキ(株),東証PRM,"5,647",+22,0.39,"341,100",2026/08/04
1602,1602,7857,セキ(株),東証STD,"1,282",+5,0.39,500,2026/08/04
1603,1603,8113,ユニ・チャーム(株),東証PRM,998.4,+3.9,0.39,"5,354,400",2026/08/04
1604,1604,8117,中央自動車工業(株),東証STD,"2,070",+8,0.39,"98,600",2026/08/04
1605,1605,1798,(株)守谷商会,東証STD,"1,044",+4,0.38,"12,400",2026/08/04
1606,1606,228A,(株)オプロ,東証GRT,"1,580",+6,0.38,"2,700",2026/08/04
1607,1607,2573,北海道コカ・コーラボトリング(株),東証STD,"3,980",+15,0.38,"4,400",2026/08/04
1608,1608,2844,上場インデックスファンド豪州国債(H無),東証ETF,"5,523",+21,0.38,"8,349",2026/08/04
1609,1609,4886,あすか製薬ホールディングス(株),東証PRM,"2,139",+8,0.38,"101,700",2026/08/04
1610,1610,7114,(株)フーディソン,東証GRT,783,+3,0.38,"1,500",2026/08/04
1611,1611,7722,国際計測器(株),東証STD,792,+3,0.38,"38,000",2026/08/04
1612,1612,7972,(株)イトーキ,東証PRM,"2,894",+11,0.38,"133,100",2026/08/04
1613,1613,9534,北海道ガス(株),東証PRM,785,+3,0.38,"159,500",2026/08/04
1614,1614,4922,(株)コーセーホールディングス,東証PRM,"5,658",+21,0.37,"232,900",2026/08/04
1615,1615,5632,三菱製鋼(株),東証PRM,"2,176",+8,0.37,"55,700",2026/08/04
1616,1616,5858,(株)ＳＴＧ,東証GRT,"1,357",+5,0.37,900,2026/08/04
1617,1617,6240,ヤマシンフィルタ(株),東証PRM,544,+2,0.37,"177,200",2026/08/04
1618,1618,6809,ＴＯＡ(株),東証PRM,"1,608",+6,0.37,"101,100",2026/08/04
1619,1619,7808,(株)シー・エス・ランバー,東証STD,"2,690",+10,0.37,100,2026/08/04
1620,1620,8892,(株)エスコン,東証PRM,"1,072",+4,0.37,"183,500",2026/08/04
1621,1621,9034,南総通運(株),東証STD,"1,609",+6,0.37,"5,000",2026/08/04
1622,1622,9324,安田倉庫(株),東証PRM,"2,435",+9,0.37,"291,200",2026/08/04
1623,1623,1321,(NEXT FUNDS)日経225連動型上場投信,東証ETF,"66,090",+240,0.36,"257,102",2026/08/04
1624,1624,1326,SPDRゴールド･シェア,東証ETF,"58,680",+210,0.36,"4,204",2026/08/04
1625,1625,1540,純金上場信託(現物国内保管型),東証ETF,"19,260",+70,0.36,"170,656",2026/08/04
1626,1626,2626,GX デジタル・イノベーション-日本株式,東証ETF,"3,079",+11,0.36,660,2026/08/04
1627,1627,3024,クリエイト(株),東証STD,"1,120",+4,0.36,400,2026/08/04
1628,1628,3423,(株)エスイー,東証STD,278,+1,0.36,"7,700",2026/08/04
1629,1629,3537,昭栄薬品(株),東証STD,"1,676",+6,0.36,200,2026/08/04
1630,1630,363A,iFreeETF 英国FTSE100,東証ETF,"2,751",+10,0.36,473,2026/08/04
1631,1631,4088,エア・ウォーター(株),東証PRM,"2,543",+9,0.36,"1,952,100",2026/08/04
1632,1632,6696,(株)トラース・オン・プロダクト,東証GRT,281,+1,0.36,"12,400",2026/08/04
1633,1633,7980,(株)重松製作所,東証STD,847,+3,0.36,"13,900",2026/08/04
1634,1634,9701,(株)東京會舘,東証STD,"4,210",+15,0.36,"1,400",2026/08/04
1635,1635,9972,アルテック(株),東証STD,277,+1,0.36,600,2026/08/04
1636,1636,9986,蔵王産業(株),東証STD,"2,486",+9,0.36,"3,500",2026/08/04
1637,1637,1346,MAXIS 日経225上場投信,東証ETF,"66,200",+230,0.35,"16,495",2026/08/04
1638,1638,1828,田辺工業(株),東証STD,"2,289",+8,0.35,"7,300",2026/08/04
1639,1639,2530,MAXIS HuaAn中国株式(上海180A株)上場投信,東証ETF,"17,170",+60,0.35,21,2026/08/04
1640,1640,2622,iシェアーズ 米ドル建て新興国債券(H有),東証ETF,"1,704",+6,0.35,245,2026/08/04
1641,1641,2649,iシェアーズ 米国政府系機関ジニーメイMBS(H有),東証ETF,575.8,+2,0.35,"4,890",2026/08/04
1642,1642,3634,(株)ソケッツ,東証STD,581,+2,0.35,"4,500",2026/08/04
1643,1643,4192,スパイダープラス(株),東証GRT,286,+1,0.35,"27,500",2026/08/04
1644,1644,4484,ランサーズ(株),東証GRT,288,+1,0.35,"6,400",2026/08/04
1645,1645,8398,(株)筑邦銀行,福証,"2,011",+7,0.35,"2,400",2026/08/04
1646,1646,2325,(株)ＮＪＳ,東証PRM,"4,375",+15,0.34,"16,400",2026/08/04
1647,1647,2624,iFreeETF 日経225(年4回決算型),東証ETF,"6,442",+22,0.34,"41,905",2026/08/04
1648,1648,2851,iシェアーズ MSCI ジャパンSRI,東証ETF,382.6,+1.3,0.34,120,2026/08/04
1649,1649,3877,中越パルプ工業(株),東証PRM,"2,090",+7,0.34,"23,100",2026/08/04
1650,1650,4058,トヨクモ(株),東証GRT,"2,342",+8,0.34,"12,500",2026/08/04
1651,1651,4634,ａｒｔｉｅｎｃｅ(株),東証PRM,"4,475",+15,0.34,"126,600",2026/08/04
1652,1652,6544,ジャパンエレベーターサービスホールディングス(株),東証PRM,"1,646.5",+5.5,0.34,"466,700",2026/08/04
1653,1653,7192,日本モーゲージサービス(株),東証STD,599,+2,0.34,"27,100",2026/08/04
1654,1654,8093,極東貿易(株),東証PRM,"1,780",+6,0.34,"23,600",2026/08/04
1655,1655,8207,テンアライド(株),東証STD,294,+1,0.34,"12,200",2026/08/04
1656,1656,9259,(株)タカヨシホールディングス,東証GRT,875,+3,0.34,"12,700",2026/08/04
1657,1657,9656,グリーンランドリゾート(株),東証STD,599,+2,0.34,700,2026/08/04
1658,1658,9994,(株)やまや,東証STD,"2,068",+7,0.34,"3,500",2026/08/04
1659,1659,1474,One ETF JPX日経400,東証ETF,"36,320",+120,0.33,"2,225",2026/08/04
1660,1660,1951,エクシオグループ(株),東証PRM,"2,563.5",+8.5,0.33,"485,200",2026/08/04
1661,1661,2629,iFree グレーターベイエリア・イノベーション100,東証ETF,"3,608",+12,0.33,"3,559",2026/08/04
1662,1662,3280,(株)エストラスト,東証STD,909,+3,0.33,"16,200",2026/08/04
1663,1663,340A,(株)ジグザグ,東証GRT,303,+1,0.33,"4,900",2026/08/04
1664,1664,3553,共和レザー(株),東証STD,902,+3,0.33,"27,500",2026/08/04
1665,1665,4177,(株)ｉ－ｐｌｕｇ,東証GRT,"1,533",+5,0.33,900,2026/08/04
1666,1666,4477,ＢＡＳＥ(株),東証GRT,304,+1,0.33,"610,100",2026/08/04
1667,1667,4483,(株)ＪＭＤＣ,東証PRM,"3,010",+10,0.33,"320,100",2026/08/04
1668,1668,5133,(株)テリロジーホールディングス,東証STD,303,+1,0.33,"5,800",2026/08/04
1669,1669,6149,(株)小田原エンジニアリング,東証STD,"2,159",+7,0.33,"4,800",2026/08/04
1670,1670,7186,(株)横浜フィナンシャルグループ,東証PRM,"1,821.5",+6,0.33,"2,602,200",2026/08/04
1671,1671,7689,(株)コパ・コーポレーション,東証GRT,304,+1,0.33,400,2026/08/04
1672,1672,7812,(株)クレステック,東証STD,"2,139",+7,0.33,"2,100",2026/08/04
1673,1673,7815,東京ボード工業(株),東証STD,308,+1,0.33,"74,600",2026/08/04
1674,1674,7955,クリナップ(株),東証PRM,909,+3,0.33,"55,500",2026/08/04
1675,1675,8354,(株)ふくおかフィナンシャルグループ,東証PRM,"7,384",+24,0.33,"470,900",2026/08/04
1676,1676,9160,(株)オンザページ,東証STD,301,+1,0.33,"8,900",2026/08/04
1677,1677,9220,エフビー介護サービス(株),東証STD,"1,228",+4,0.33,500,2026/08/04
1678,1678,477A,(株)スタートライン,東証GRT,619,+2,0.32,"6,700",2026/08/04
1679,1679,4918,(株)アイビー化粧品,東証STD,312,+1,0.32,"10,800",2026/08/04
1680,1680,6246,(株)テクノスマート,東証STD,"1,859",+6,0.32,"2,300",2026/08/04
1681,1681,6428,(株)オーイズミ,東証STD,316,+1,0.32,"3,000",2026/08/04
1682,1682,6588,東芝テック(株),東証PRM,"3,090",+10,0.32,"119,700",2026/08/04
1683,1683,7115,(株)アルファパーチェス,東証STD,"1,575",+5,0.32,"2,200",2026/08/04
1684,1684,8418,(株)山口フィナンシャルグループ,東証PRM,"2,953",+9.5,0.32,"477,600",2026/08/04
1685,1685,9790,福井コンピュータホールディングス(株),東証PRM,"3,100",+10,0.32,"53,200",2026/08/04
1686,1686,3169,(株)ミサワ,東証STD,652,+2,0.31,"3,400",2026/08/04
1687,1687,3221,(株)ヨシックスホールディングス,東証PRM,"3,210",+10,0.31,"24,000",2026/08/04
1688,1688,4183,三井化学(株),東証PRM,"2,097.5",+6.5,0.31,"2,054,500",2026/08/04
1689,1689,473A,ニッセイ ETF 日経225インデックス,東証ETF,"1,283",+4,0.31,"3,254",2026/08/04
1690,1690,540A,上場インデックスファンド日経銀行株トップ10,東証ETF,"1,966",+6,0.31,"54,727",2026/08/04
1691,1691,5411,ＪＦＥホールディングス(株),東証PRM,"1,799.5",+5.5,0.31,"4,765,300",2026/08/04
1692,1692,7674,(株)ＮＡＴＴＹ　ＳＷＡＮＫＹホールディングス,東証GRT,"2,568",+8,0.31,"2,200",2026/08/04
1693,1693,7911,ＴＯＰＰＡＮホールディングス(株),東証PRM,"4,513",+14,0.31,"1,102,900",2026/08/04
1694,1694,8023,ＤＡＩＫＯ　ＸＴＥＣＨ(株),東証STD,980,+3,0.31,"6,600",2026/08/04
1695,1695,2195,アミタホールディングス(株),東証GRT,337,+1,0.3,"5,400",2026/08/04
1696,1696,2253,GX スーパーディビィデンド-US,東証ETF,"1,327",+4,0.3,"17,438",2026/08/04
1697,1697,2464,(株)Ａｏｂａ－ＢＢＴ,東証STD,330,+1,0.3,"5,500",2026/08/04
1698,1698,4401,(株)ＡＤＥＫＡ,東証PRM,"3,947",+12,0.3,"335,500",2026/08/04
1699,1699,4838,スペースシャワーＳＫＩＹＡＫＩホールディングス(株),東証STD,660,+2,0.3,"19,300",2026/08/04
1700,1700,5480,日本冶金工業(株),東証PRM,"4,935",+15,0.3,"44,900",2026/08/04
1701,1701,7367,(株)セルム,東証STD,332,+1,0.3,"3,600",2026/08/04
1702,1702,9366,(株)サンリツ,東証STD,"1,019",+3,0.3,"1,800",2026/08/04
1703,1703,137A,Ｃｏｃｏｌｉｖｅ(株),東証GRT,701,+2,0.29,"1,000",2026/08/04
1704,1704,3003,ヒューリック(株),東証PRM,"1,715",+5,0.29,"2,441,200",2026/08/04
1705,1705,3089,テクノアルファ(株),東証STD,"1,023",+3,0.29,"11,400",2026/08/04
1706,1706,4531,有機合成薬品工業(株),東証STD,346,+1,0.29,"45,900",2026/08/04
1707,1707,542A,(株)ビタブリッドジャパン,東証GRT,"1,052",+3,0.29,"4,700",2026/08/04
1708,1708,5852,(株)アーレスティ,東証PRM,684,+2,0.29,"92,500",2026/08/04
1709,1709,6036,ＫｅｅＰｅｒ技研(株),東証PRM,"2,772",+8,0.29,"49,600",2026/08/04
1710,1710,6257,(株)藤商事,東証STD,"1,028",+3,0.29,"13,000",2026/08/04
1711,1711,6806,ヒロセ電機(株),東証PRM,"27,415",+80,0.29,"261,000",2026/08/04
1712,1712,6908,イリソ電子工業(株),東証PRM,"2,770",+8,0.29,"106,100",2026/08/04
1713,1713,7050,(株)フロンティアインターナショナル,東証GRT,"1,396",+4,0.29,"4,100",2026/08/04
1714,1714,4098,チタン工業(株),東証STD,"1,065",+3,0.28,"5,500",2026/08/04
1715,1715,4482,(株)ウィルズ,東証GRT,714,+2,0.28,"6,500",2026/08/04
1716,1716,5951,ダイニチ工業(株),東証STD,"1,059",+3,0.28,"8,100",2026/08/04
1717,1717,6513,(株)オリジン,東証STD,"1,057",+3,0.28,"3,700",2026/08/04
1718,1718,7727,(株)オーバル,東証STD,727,+2,0.28,"70,100",2026/08/04
1719,1719,8309,三井住友トラストグループ(株),東証PRM,"1,631",+4.5,0.28,"10,397,500",2026/08/04
1720,1720,9245,(株)リベロ,東証GRT,"2,146",+6,0.28,"5,900",2026/08/04
1721,1721,2224,(株)コモ,東証STD,"3,700",+10,0.27,"1,200",2026/08/04
1722,1722,2371,(株)カカクコム,東証PRM,"3,700",+10,0.27,"401,000",2026/08/04
1723,1723,2520,(NEXT FUNDS)新興国株式･MSCI EM･(H無),東証ETF,"2,270",+6,0.27,"4,224",2026/08/04
1724,1724,2526,NZAM 上場投信 JPX日経400,東証ETF,"36,470",+100,0.27,416,2026/08/04
1725,1725,2831,はごろもフーズ(株),東証STD,"3,650",+10,0.27,"1,700",2026/08/04
1726,1726,3238,セントラル総合開発(株),東証STD,373,+1,0.27,"2,800",2026/08/04
1727,1727,410A,ＧＭＯコマース(株),東証GRT,"1,133",+3,0.27,"12,800",2026/08/04
1728,1728,5984,兼房(株),東証STD,730,+2,0.27,"3,800",2026/08/04
1729,1729,7371,Ｚｅｎｋｅｎ(株),東証GRT,736,+2,0.27,"6,300",2026/08/04
1730,1730,7412,(株)アトム,東証STD,378,+1,0.27,"265,000",2026/08/04
1731,1731,7538,(株)大水,東証STD,378,+1,0.27,900,2026/08/04
1732,1732,7555,(株)大田花き,東証STD,742,+2,0.27,200,2026/08/04
1733,1733,8016,(株)オンワードホールディングス,東証PRM,753,+2,0.27,"568,900",2026/08/04
1734,1734,8860,フジ住宅(株),東証PRM,740,+2,0.27,"57,400",2026/08/04
1735,1735,9336,大栄環境(株),東証PRM,"3,655",+10,0.27,"91,500",2026/08/04
1736,1736,9793,(株)ダイセキ,東証PRM,"3,730",+10,0.27,"115,900",2026/08/04
1737,1737,1802,(株)大林組,東証PRM,"3,122",+8,0.26,"1,457,400",2026/08/04
1738,1738,2623,iシェアーズ ユーロ建て投資適格社債(H有),東証ETF,"1,945",+5,0.26,741,2026/08/04
1739,1739,5101,横浜ゴム(株),東証PRM,"7,351",+19,0.26,"475,500",2026/08/04
1740,1740,5261,リソルホールディングス(株),東証PRM,"7,710",+20,0.26,"1,900",2026/08/04
1741,1741,5867,(株)エスネットワークス,東証GRT,"1,178",+3,0.26,"1,500",2026/08/04
1742,1742,6339,新東工業(株),東証PRM,"1,149",+3,0.26,"78,200",2026/08/04
1743,1743,6457,グローリー(株),東証PRM,"4,589",+12,0.26,"221,500",2026/08/04
1744,1744,6533,(株)Ｏｒｃｈｅｓｔｒａ　Ｈｏｌｄｉｎｇｓ,東証PRM,"1,169",+3,0.26,"5,000",2026/08/04
1745,1745,6763,帝国通信工業(株),東証PRM,"2,683",+7,0.26,"16,100",2026/08/04
1746,1746,6932,(株)遠藤照明,東証STD,"2,679",+7,0.26,"63,700",2026/08/04
1747,1747,7347,(株)マーキュリアホールディングス,東証PRM,783,+2,0.26,"2,800",2026/08/04
1748,1748,8152,ソマール(株),東証STD,"7,710",+20,0.26,"1,800",2026/08/04
1749,1749,8393,(株)宮崎銀行,東証PRM,"2,327",+6,0.26,"241,100",2026/08/04
1750,1750,9248,人・夢・技術グループ(株),東証STD,"1,557",+4,0.26,"12,300",2026/08/04
1751,1751,1498,One ETF ESG,東証ETF,"31,540",+80,0.25,3,2026/08/04
1752,1752,1591,(NEXT FUNDS) JPX日経インデックス400,東証ETF,"36,030",+90,0.25,"2,020",2026/08/04
1753,1753,1690,WisdomTree WTI原油上場投信,東証ETF,"2,200",+5.5,0.25,"1,580",2026/08/04
1754,1754,180A,GX 超長期米国債,東証ETF,281.2,+0.7,0.25,"22,080",2026/08/04
1755,1755,2524,NZAM 上場投信 TOPIX,東証ETF,"4,088",+10,0.25,"5,554",2026/08/04
1756,1756,2654,(株)アスモ,東証STD,408,+1,0.25,"3,100",2026/08/04
1757,1757,3002,グンゼ(株),東証PRM,"4,000",+10,0.25,"122,700",2026/08/04
1758,1758,3041,(株)ビューティカダンホールディングス,東証STD,402,+1,0.25,"7,800",2026/08/04
1759,1759,336A,ダイナミックマッププラットフォーム(株),東証GRT,817,+2,0.25,"129,100",2026/08/04
1760,1760,376A,(NEXT FUNDS)ブルームバーグ米国国債(7-10年)(75%H有),東証ETF,"4,878",+12,0.25,"4,144",2026/08/04
1761,1761,4452,花王(株),東証PRM,"3,216",+8,0.25,"2,365,200",2026/08/04
1762,1762,4492,(株)ゼネテック,東証STD,398,+1,0.25,"5,300",2026/08/04
1763,1763,6325,(株)タカキタ,東証STD,403,+1,0.25,"1,800",2026/08/04
1764,1764,6485,前澤給装工業(株),東証STD,"1,573",+4,0.25,"18,800",2026/08/04
1765,1765,6850,(株)チノー,東証PRM,"1,624",+4,0.25,"46,500",2026/08/04
1766,1766,7095,(株)Ｍａｃｂｅｅ　Ｐｌａｎｅｔ,東証PRM,"1,225",+3,0.25,"71,700",2026/08/04
1767,1767,7744,ノーリツ鋼機(株),東証PRM,"1,986",+5,0.25,"231,000",2026/08/04
1768,1768,7870,福島印刷(株),名証MN,399,+1,0.25,"1,500",2026/08/04
1769,1769,8985,ジャパン・ホテル・リート投資法人,東証,"80,600",+200,0.25,"12,554",2026/08/04
1770,1770,9168,(株)ライズ・コンサルティング・グループ,東証GRT,397,+1,0.25,"43,600",2026/08/04
1771,1771,1850,南海辰村建設(株),東証STD,411,+1,0.24,"43,700",2026/08/04
1772,1772,2923,サトウ食品(株),東証STD,"8,230",+20,0.24,"1,200",2026/08/04
1773,1773,3020,アプライド(株),東証STD,"4,100",+10,0.24,"1,600",2026/08/04
1774,1774,3679,(株)じげん,東証PRM,415,+1,0.24,"249,400",2026/08/04
1775,1775,4386,(株)ＳＩＧグループ,東証STD,853,+2,0.24,"2,600",2026/08/04
1776,1776,4926,(株)シーボン,東証STD,"1,260",+3,0.24,600,2026/08/04
1777,1777,4994,大成ラミックグループ(株),東証STD,"2,531",+6,0.24,"17,400",2026/08/04
1778,1778,6098,(株)リクルートホールディングス,東証PRM,"12,415",+30,0.24,"3,354,300",2026/08/04
1779,1779,6555,(株)ＭＳ＆Ｃｏｎｓｕｌｔｉｎｇ,東証STD,420,+1,0.24,200,2026/08/04
1780,1780,6867,リーダー電子(株),東証STD,416,+1,0.24,400,2026/08/04
1781,1781,7049,(株)識学,東証GRT,852,+2,0.24,"8,000",2026/08/04
1782,1782,8929,(株)青山財産ネットワークス,東証STD,"1,253",+3,0.24,"62,600",2026/08/04
1783,1783,9060,日本ロジテム(株),東証STD,"4,235",+10,0.24,600,2026/08/04
1784,1784,9636,(株)きんえい,東証STD,"4,185",+10,0.24,700,2026/08/04
1785,1785,1497,iシェアーズ 米ドル建ハイイールド社債ETF(H有),東証ETF,"1,730",+4,0.23,"10,589",2026/08/04
1786,1786,1966,(株)高田工業所,東証STD,"1,739",+4,0.23,"4,400",2026/08/04
1787,1787,2169,ＣＤＳ(株),東証STD,"1,715",+4,0.23,"2,900",2026/08/04
1788,1788,3443,川田テクノロジーズ(株),東証PRM,"1,297",+3,0.23,"267,700",2026/08/04
1789,1789,3934,(株)ベネフィットジャパン,東証STD,"2,165",+5,0.23,600,2026/08/04
1790,1790,3941,レンゴー(株),東証PRM,"1,493.5",+3.5,0.23,"1,072,400",2026/08/04
1791,1791,5032,ＡＮＹＣＯＬＯＲ(株),東証PRM,"2,612",+6,0.23,"426,700",2026/08/04
1792,1792,5290,(株)ベルテクスコーポレーション,東証STD,"1,315",+3,0.23,"74,800",2026/08/04
1793,1793,7073,(株)ジェイック,東証GRT,"2,220",+5,0.23,"1,400",2026/08/04
1794,1794,7297,(株)カーメイト,東証STD,862,+2,0.23,"2,100",2026/08/04
1795,1795,9706,日本空港ビルデング(株),東証PRM,"5,760",+13,0.23,"356,300",2026/08/04
1796,1796,2491,バリューコマース(株),東証PRM,454,+1,0.22,"186,700",2026/08/04
1797,1797,2974,大英産業(株),福証,922,+2,0.22,500,2026/08/04
1798,1798,3459,サムティ・レジデンシャル投資法人,東証,"89,700",+200,0.22,"1,939",2026/08/04
1799,1799,4667,アイサンテクノロジー(株),東証STD,"1,833",+4,0.22,"19,300",2026/08/04
1800,1800,7087,(株)ウイルテック,東証STD,"1,350",+3,0.22,200,2026/08/04
1801,1801,8927,(株)明豊エンタープライズ,東証STD,456,+1,0.22,"36,900",2026/08/04
1802,1802,9799,旭情報サービス(株),東証STD,913,+2,0.22,"5,100",2026/08/04
1803,1803,1320,iFreeETF 日経225(年1回決算型),東証ETF,"65,900",+140,0.21,"32,176",2026/08/04
1804,1804,1367,iFreeETF TOPIXレバレッジ(2倍)指数,東証ETF,"2,879",+6,0.21,"51,148",2026/08/04
1805,1805,3105,日清紡ホールディングス(株),東証PRM,"2,181.5",+4.5,0.21,"511,800",2026/08/04
1806,1806,3933,チエル(株),東証STD,484,+1,0.21,"1,200",2026/08/04
1807,1807,4673,川崎地質(株),東証STD,"4,675",+10,0.21,"1,100",2026/08/04
1808,1808,5125,(株)ファインズ,東証GRT,475,+1,0.21,"5,900",2026/08/04
1809,1809,5202,日本板硝子(株),東証PRM,482,+1,0.21,"355,200",2026/08/04
1810,1810,5939,(株)大谷工業,東証STD,"4,850",+10,0.21,200,2026/08/04
1811,1811,6381,アネスト岩田(株),東証PRM,"1,876",+4,0.21,"230,400",2026/08/04
1812,1812,6888,アクモス(株),東証STD,480,+1,0.21,"53,500",2026/08/04
1813,1813,6927,ヘリオス　テクノ　ホールディング(株),東証STD,946,+2,0.21,"79,700",2026/08/04
1814,1814,7040,(株)サン・ライフホールディング,東証STD,977,+2,0.21,"1,700",2026/08/04
1815,1815,7888,三光合成(株),東証PRM,938,+2,0.21,"117,000",2026/08/04
1816,1816,9307,(株)杉村倉庫,東証STD,972,+2,0.21,"5,000",2026/08/04
1817,1817,1568,TOPIXブル2倍上場投信,東証ETF,939.9,+1.9,0.2,"1,680,310",2026/08/04
1818,1818,2554,(NEXT FUNDS)米国投資適格社債(1-10年)(H有),東証ETF,751.9,+1.5,0.2,30,2026/08/04
1819,1819,2676,高千穂交易(株),東証PRM,"2,030",+4,0.2,"11,900",2026/08/04
1820,1820,3106,クラボウ,東証PRM,"9,920",+20,0.2,"66,000",2026/08/04
1821,1821,4317,(株)レイ,東証STD,502,+1,0.2,"5,900",2026/08/04
1822,1822,5351,品川リフラ(株),東証PRM,"2,055",+4,0.2,"119,200",2026/08/04
1823,1823,6165,パンチ工業(株),東証STD,510,+1,0.2,"40,900",2026/08/04
1824,1824,7161,(株)じもとホールディングス,東証STD,509,+1,0.2,"78,400",2026/08/04
1825,1825,7378,(株)アシロ,東証GRT,"1,495",+3,0.2,"19,000",2026/08/04
1826,1826,9119,飯野海運(株),東証PRM,"1,530",+3,0.2,"678,300",2026/08/04
1827,1827,9301,三菱倉庫(株),東証PRM,"1,478",+3,0.2,"1,309,400",2026/08/04
1828,1828,9556,ＩＮＴＬＯＯＰ(株),東証GRT,"2,018",+4,0.2,"14,700",2026/08/04
1829,1829,2301,(株)学情,東証PRM,"1,605",+3,0.19,"41,000",2026/08/04
1830,1830,2986,(株)ＬＡホールディングス,東証GRT,"2,670",+5,0.19,"120,600",2026/08/04
1831,1831,3245,(株)ディア・ライフ,東証PRM,"1,072",+2,0.19,"161,300",2026/08/04
1832,1832,3468,スターアジア不動産投資法人,東証,"52,900",+100,0.19,"6,163",2026/08/04
1833,1833,436A,サイバーソリューションズ(株),東証GRT,"1,037",+2,0.19,"6,600",2026/08/04
1834,1834,4840,(株)トライアイズ,東証STD,534,+1,0.19,"20,800",2026/08/04
1835,1835,6262,(株)ＰＥＧＡＳＵＳ,東証STD,516,+1,0.19,"67,400",2026/08/04
1836,1836,6384,(株)昭和真空,東証STD,"1,617",+3,0.19,"15,500",2026/08/04
1837,1837,7867,(株)タカラトミー,東証PRM,"3,663",+7,0.19,"783,800",2026/08/04
1838,1838,8190,(株)ヤマナカ,名証MN,519,+1,0.19,"2,600",2026/08/04
1839,1839,8628,松井証券(株),東証PRM,"1,034",+2,0.19,"956,200",2026/08/04
1840,1840,9363,(株)大運,東証STD,534,+1,0.19,"7,900",2026/08/04
1841,1841,1795,(株)マサル,東証STD,"5,530",+10,0.18,400,2026/08/04
1842,1842,2031,NEXT NOTES 香港ハンセン･ダブル･ブルETN,東証ETF,"8,167",+15,0.18,363,2026/08/04
1843,1843,2091,NZAM 上場投信 ドイツ国債7-10年(H有),東証ETF,"4,527",+8,0.18,11,2026/08/04
1844,1844,2293,滝沢ハム(株),東証STD,"2,725",+5,0.18,"1,400",2026/08/04
1845,1845,2557,SMDAM トピックス上場投信,東証ETF,"3,997",+7,0.18,60,2026/08/04
1846,1846,467A,GX 米ドル建て投資適格社債(H有),東証ETF,280,+0.5,0.18,100,2026/08/04
1847,1847,6730,(株)アクセル,東証STD,"1,103",+2,0.18,"21,400",2026/08/04
1848,1848,7039,ブリッジインターナショナルグループ(株),東証GRT,"1,716",+3,0.18,"9,400",2026/08/04
1849,1849,7991,マミヤ・オーピー(株),東証STD,"1,092",+2,0.18,"3,400",2026/08/04
1850,1850,2424,(株)ブラス,東証STD,600,+1,0.17,"4,600",2026/08/04
1851,1851,2511,(NEXT FUNDS)外国債券・FTSE世界国債(除く日本・H無),東証ETF,"1,164.5",+2,0.17,"89,570",2026/08/04
1852,1852,3068,(株)ＷＤＩ,東証STD,"3,010",+5,0.17,"1,400",2026/08/04
1853,1853,3241,(株)ウィル,東証STD,579,+1,0.17,"5,000",2026/08/04
1854,1854,7399,(株)ナンシン,東証STD,595,+1,0.17,"1,200",2026/08/04
1855,1855,9264,ポエック(株),東証STD,"1,719",+3,0.17,"13,100",2026/08/04
1856,1856,1401,(株)エムビーエス,東証GRT,"1,268",+2,0.16,"3,500",2026/08/04
1857,1857,2215,第一屋製パン(株),東証STD,611,+1,0.16,"2,200",2026/08/04
1858,1858,2221,岩塚製菓(株),東証STD,"3,085",+5,0.16,"2,100",2026/08/04
1859,1859,3763,(株)プロシップ,東証PRM,"1,868",+3,0.16,"24,300",2026/08/04
1860,1860,4491,コンピューターマネージメント(株),東証STD,"3,155",+5,0.16,"1,300",2026/08/04
1861,1861,505A,(株)ギークリー,東証STD,"1,275",+2,0.16,"29,900",2026/08/04
1862,1862,5966,ＫＴＣ(株),東証STD,"2,514",+4,0.16,300,2026/08/04
1863,1863,6568,神戸天然物化学(株),東証GRT,"1,250",+2,0.16,600,2026/08/04
1864,1864,7606,(株)ユナイテッドアローズ,東証PRM,"2,447",+4,0.16,"163,100",2026/08/04
1865,1865,7879,(株)ノダ,東証STD,646,+1,0.16,"12,400",2026/08/04
1866,1866,9262,(株)シルバーライフ,東証STD,642,+1,0.16,"14,000",2026/08/04
1867,1867,9723,(株)京都ホテル,東証STD,636,+1,0.16,"2,800",2026/08/04
1868,1868,1306,(NEXT FUNDS)TOPIX連動型上場投信,東証ETF,412.4,+0.6,0.15,"22,158,610",2026/08/04
1869,1869,1308,上場インデックスファンドTOPIX,東証ETF,"4,071",+6,0.15,"154,349",2026/08/04
1870,1870,1444,(株)ニッソウ,東証GRT,"2,599",+4,0.15,"2,300",2026/08/04
1871,1871,3157,ジオリーブグループ(株),東証STD,"1,352",+2,0.15,"4,000",2026/08/04
1872,1872,3472,日本ホテル＆レジデンシャル投資法人,東証,"65,100",+100,0.15,643,2026/08/04
1873,1873,3974,ＳＣＡＴ(株),東証STD,654,+1,0.15,"1,800",2026/08/04
1874,1874,5355,日本ルツボ(株),東証STD,679,+1,0.15,700,2026/08/04
1875,1875,6076,(株)アメイズ,福証,"1,301",+2,0.15,"5,900",2026/08/04
1876,1876,6652,ＩＤＥＣ(株),東証PRM,"3,450",+5,0.15,"104,800",2026/08/04
1877,1877,9782,(株)ディーエムエス,東証STD,"3,390",+5,0.15,"23,700",2026/08/04
1878,1878,2084,(NEXT FUNDS) 日本高配当株アクティブ,東証ETF,"3,700",+5,0.14,"7,634",2026/08/04
1879,1879,2173,(株)博展,東証GRT,712,+1,0.14,"4,700",2026/08/04
1880,1880,237A,iシェアーズ 米国債25年超 ロングデュレーション,東証ETF,145.2,+0.2,0.14,"840,790",2026/08/04
1881,1881,2551,マルサンアイ(株),名証MN,"3,570",+5,0.14,700,2026/08/04
1882,1882,3059,ヒラキ(株),東証STD,710,+1,0.14,800,2026/08/04
1883,1883,4642,オリジナル設計(株),東証STD,"1,412",+2,0.14,"3,100",2026/08/04
1884,1884,5253,カバー(株),東証GRT,"1,459",+2,0.14,"1,050,600",2026/08/04
1885,1885,7131,のむら産業(株),東証STD,"3,515",+5,0.14,800,2026/08/04
1886,1886,7565,萬世電機(株),東証STD,"7,100",+10,0.14,700,2026/08/04
1887,1887,7749,メディキット(株),東証STD,"2,806",+4,0.14,"2,500",2026/08/04
1888,1888,7917,ＺＡＣＲＯＳ(株),東証PRM,"1,390",+2,0.14,"117,500",2026/08/04
1889,1889,9934,因幡電機産業(株),東証PRM,"2,903.5",+4,0.14,"218,100",2026/08/04
1890,1890,1964,中外炉工業(株),東証PRM,"3,940",+5,0.13,"52,800",2026/08/04
1891,1891,1975,(株)朝日工業社,東証PRM,"3,740",+5,0.13,"151,200",2026/08/04
1892,1892,1997,暁飯島工業(株),東証STD,"3,805",+5,0.13,700,2026/08/04
1893,1893,2251,(NEXT FUNDS) JPX国債先物ダブルインバース,東証ETF,898.3,+1.2,0.13,"64,880",2026/08/04
1894,1894,2669,カネ美食品(株),東証STD,"3,975",+5,0.13,"4,500",2026/08/04
1895,1895,2813,和弘食品(株),東証STD,"3,955",+5,0.13,700,2026/08/04
1896,1896,2843,上場インデックスファンド豪州国債(H有),東証ETF,"3,728",+5,0.13,321,2026/08/04
1897,1897,3080,(株)ジェーソン,東証STD,788,+1,0.13,"1,500",2026/08/04
1898,1898,3953,大村紙業(株),東証STD,789,+1,0.13,"1,000",2026/08/04
1899,1899,4437,ｇｏｏｄｄａｙｓホールディングス(株),東証GRT,786,+1,0.13,"2,300",2026/08/04
1900,1900,4547,キッセイ薬品工業(株),東証PRM,"3,860",+5,0.13,"114,400",2026/08/04
1901,1901,4705,(株)クリップコーポレーション,東証STD,777,+1,0.13,500,2026/08/04
1902,1902,6977,(株)日本抵抗器製作所,東証STD,"1,583",+2,0.13,"3,400",2026/08/04
1903,1903,7198,ＳＢＩアルヒ(株),東証PRM,801,+1,0.13,"83,800",2026/08/04
1904,1904,7562,(株)安楽亭,東証STD,"3,795",+5,0.13,"2,400",2026/08/04
1905,1905,7608,(株)エスケイジャパン,東証STD,787,+1,0.13,"40,600",2026/08/04
1906,1906,94346,ソフトバンク(株)第2回社債型種類株式,東証PRM,"7,600",+10,0.13,"4,200",2026/08/04
1907,1907,156A,マテリアルグループ(株),東証GRT,818,+1,0.12,"28,400",2026/08/04
1908,1908,1835,東鉄工業(株),東証PRM,"4,105",+5,0.12,"48,600",2026/08/04
1909,1909,2415,ヒューマンホールディングス(株),東証STD,"1,616",+2,0.12,"1,100",2026/08/04
1910,1910,2512,(NEXT FUNDS)外国債券・FTSE世界国債(除く日本・H有),東証ETF,730.2,+0.9,0.12,"28,160",2026/08/04
1911,1911,2648,(NEXT FUNDS)ブルームバーグ米国国債(7-10年)(H有),東証ETF,"3,349",+4,0.12,62,2026/08/04
1912,1912,4628,エスケー化研(株),東証STD,"8,680",+10,0.12,"6,100",2026/08/04
1913,1913,4633,サカタインクス(株),東証PRM,"2,476",+3,0.12,"129,200",2026/08/04
1914,1914,5870,(株)ナルネットコミュニケーションズ,東証GRT,803,+1,0.12,"13,300",2026/08/04
1915,1915,6050,イー・ガーディアン(株),東証PRM,"1,700",+2,0.12,"22,300",2026/08/04
1916,1916,6151,日東工器(株),東証PRM,"1,706",+2,0.12,"30,700",2026/08/04
1917,1917,6580,(株)ライトアップ,東証GRT,817,+1,0.12,"14,900",2026/08/04
1918,1918,7118,(株)伸和ホールディングス,名証NXT,"4,090",+5,0.12,200,2026/08/04
1919,1919,7140,ペットゴー(株),東証GRT,803,+1,0.12,300,2026/08/04
1920,1920,8053,住友商事(株),東証PRM,"1,662.5",+2,0.12,"12,877,300",2026/08/04
1921,1921,9193,東京汽船(株),東証STD,857,+1,0.12,"3,400",2026/08/04
1922,1922,9517,イーレックス(株),東証PRM,835,+1,0.12,"171,200",2026/08/04
1923,1923,1382,(株)ホーブ,東証STD,941,+1,0.11,900,2026/08/04
1924,1924,1675,WisdomTree パラジウム上場投信,東証ETF,"18,380",+20,0.11,72,2026/08/04
1925,1925,188A,GX インド・トップ10+,東証ETF,884,+1,0.11,"2,341",2026/08/04
1926,1926,2259,iシェアーズ フランス国債7-10年(H有),東証ETF,181.5,+0.2,0.11,160,2026/08/04
1927,1927,233A,iFreeETF インドNifty50,東証ETF,"1,896",+2,0.11,"5,447",2026/08/04
1928,1928,2837,GX 中小型リーダーズ-日本株式,東証ETF,"4,674",+5,0.11,"5,613",2026/08/04
1929,1929,3175,(株)エー・ピーホールディングス,東証STD,950,+1,0.11,"8,200",2026/08/04
1930,1930,3396,(株)フェリシモ,東証STD,876,+1,0.11,"4,600",2026/08/04
1931,1931,4243,(株)ニックス,東証STD,936,+1,0.11,"1,000",2026/08/04
1932,1932,4248,竹本容器(株),東証STD,875,+1,0.11,"12,200",2026/08/04
1933,1933,4885,室町ケミカル(株),東証STD,885,+1,0.11,"4,300",2026/08/04
1934,1934,6248,(株)横田製作所,東証STD,"1,784",+2,0.11,300,2026/08/04
1935,1935,7619,田中商事(株),東証STD,917,+1,0.11,700,2026/08/04
1936,1936,9312,ケイヒン(株),東証STD,"2,828",+3,0.11,"10,100",2026/08/04
1937,1937,1305,iFreeETF TOPIX(年1回決算型),東証ETF,"4,166",+4,0.1,"133,990",2026/08/04
1938,1938,1475,iシェアーズ・コア TOPIX ETF,東証ETF,410.8,+0.4,0.1,"5,673,340",2026/08/04
1939,1939,332A,ミーク(株),東証GRT,982,+1,0.1,"40,100",2026/08/04
1940,1940,5262,日本ヒューム(株),東証PRM,"1,041",+1,0.1,"139,100",2026/08/04
1941,1941,7500,西川計測(株),東証STD,"9,790",+10,0.1,100,2026/08/04
1942,1942,8714,(株)池田泉州ホールディングス,東証PRM,974,+1,0.1,"1,217,600",2026/08/04
1943,1943,9271,(株)和心,東証GRT,"1,002",+1,0.1,"6,600",2026/08/04
1944,1944,9306,東陽倉庫(株),東証STD,"1,993",+2,0.1,"2,300",2026/08/04
1945,1945,2009,鳥越製粉(株),東証STD,"1,077",+1,0.09,"5,700",2026/08/04
1946,1946,2597,(株)ユニカフェ,東証STD,"1,160",+1,0.09,"2,100",2026/08/04
1947,1947,3172,ティーライフ(株),東証STD,"1,123",+1,0.09,"10,100",2026/08/04
1948,1948,4412,(株)サイエンスアーツ,東証GRT,"1,137",+1,0.09,"6,900",2026/08/04
1949,1949,4450,(株)パワーソリューションズ,東証GRT,"2,147",+2,0.09,900,2026/08/04
1950,1950,5530,日本システムバンク(株),名証MN,"1,077",+1,0.09,"3,400",2026/08/04
1951,1951,7885,タカノ(株),東証STD,"1,071",+1,0.09,"7,600",2026/08/04
1952,1952,8595,ジャフコ　グループ(株),東証PRM,"2,241",+2,0.09,"395,100",2026/08/04
1953,1953,8917,ファースト住建(株),東証STD,"1,141",+1,0.09,"4,600",2026/08/04
1954,1954,1766,東建コーポレーション(株),東証PRM,"12,900",+10,0.08,"34,300",2026/08/04
1955,1955,2668,タビオ(株),東証STD,"1,265",+1,0.08,400,2026/08/04
1956,1956,413A,iFreeETF キャセイ台湾テックリーダー指数,東証ETF,"3,601",+3,0.08,"7,608",2026/08/04
1957,1957,4262,ニフティライフスタイル(株),東証GRT,"1,321",+1,0.08,"5,300",2026/08/04
1958,1958,4478,フリー(株),東証GRT,"2,552",+2,0.08,"302,300",2026/08/04
1959,1959,4914,高砂香料工業(株),東証PRM,"1,180",+1,0.08,"183,500",2026/08/04
1960,1960,5388,クニミネ工業(株),東証STD,"1,235",+1,0.08,"1,000",2026/08/04
1961,1961,5458,高砂鐵工(株),東証STD,"1,315",+1,0.08,400,2026/08/04
1962,1962,572A,iシェアーズ 日本国債3-7年,東証ETF,501.4,+0.4,0.08,10,2026/08/04
1963,1963,5869,(株)早稲田学習研究会,東証STD,"1,222",+1,0.08,"1,600",2026/08/04
1964,1964,6239,(株)ナガオカ,東証STD,"1,303",+1,0.08,500,2026/08/04
1965,1965,6458,新晃工業(株),東証PRM,"1,238",+1,0.08,"188,400",2026/08/04
1966,1966,7046,ＴＤＳＥ(株),東証GRT,"1,300",+1,0.08,600,2026/08/04
1967,1967,7287,日本精機(株),東証STD,"2,478",+2,0.08,"205,300",2026/08/04
1968,1968,7361,(株)ヒューマンクリエイションホールディングス,東証GRT,"1,200",+1,0.08,"1,400",2026/08/04
1969,1969,138A,光フードサービス(株),東証GRT,"2,962",+2,0.07,700,2026/08/04
1970,1970,1960,(株)サンテック,東証STD,"1,446",+1,0.07,"6,900",2026/08/04
1971,1971,208A,(株)構造計画研究所ホールディングス,東証STD,"2,873",+2,0.07,"5,400",2026/08/04
1972,1972,2918,わらべや日洋ホールディングス(株),東証PRM,"2,713",+2,0.07,"119,700",2026/08/04
1973,1973,3475,(株)グッドコムアセット,東証PRM,"1,507",+1,0.07,"51,300",2026/08/04
1974,1974,4462,石原ケミカル(株),東証PRM,"2,879",+2,0.07,"54,400",2026/08/04
1975,1975,471A,ＮＳグループ(株),東証PRM,"1,490",+1,0.07,"120,500",2026/08/04
1976,1976,5210,日本山村硝子(株),東証STD,"2,770",+2,0.07,"19,900",2026/08/04
1977,1977,5285,(株)ヤマックス,東証STD,"1,482",+1,0.07,"48,700",2026/08/04
1978,1978,6137,小池酸素工業(株),東証STD,"1,526",+1,0.07,"37,200",2026/08/04
1979,1979,6272,レオン自動機(株),東証PRM,"1,510",+1,0.07,"62,900",2026/08/04
1980,1980,6497,(株)ハマイ,東証STD,"1,373",+1,0.07,"12,800",2026/08/04
1981,1981,7501,(株)ティムコ,東証STD,"1,500",+1,0.07,500,2026/08/04
1982,1982,7570,橋本総業ホールディングス(株),東証STD,"1,371",+1,0.07,"8,500",2026/08/04
1983,1983,1496,iシェアーズ 米ドル建て投資適格社債ETF(H有),東証ETF,"1,632",+1,0.06,"23,002",2026/08/04
1984,1984,1651,iFreeETF TOPIX高配当40指数,東証ETF,"3,156",+2,0.06,"89,318",2026/08/04
1985,1985,1820,西松建設(株),東証PRM,"5,248",+3,0.06,"102,900",2026/08/04
1986,1986,2016,iFreeETF 米国国債7-10年(H有),東証ETF,"1,769",+1,0.06,"18,605",2026/08/04
1987,1987,2937,(株)サンクゼール,東証GRT,"1,741",+1,0.06,900,2026/08/04
1988,1988,4171,(株)グローバルインフォメーション,東証STD,"1,666",+1,0.06,800,2026/08/04
1989,1989,515A,iシェアーズ 高格付け日本円社債 ETF,東証ETF,501.8,+0.3,0.06,350,2026/08/04
1990,1990,5938,(株)ＬＩＸＩＬ,東証PRM,"1,720",+1,0.06,"2,656,800",2026/08/04
1991,1991,6083,ＥＲＩホールディングス(株),東証STD,"1,573",+1,0.06,"69,000",2026/08/04
1992,1992,7487,小津産業(株),東証STD,"1,776",+1,0.06,"1,300",2026/08/04
1993,1993,7502,(株)プラザホールディングス,東証STD,"1,651",+1,0.06,500,2026/08/04
1994,1994,9249,日本エコシステム(株),東証STD,"1,622",+1,0.06,"2,500",2026/08/04
1995,1995,9633,東京テアトル(株),東証STD,"1,636",+1,0.06,"1,700",2026/08/04
1996,1996,1364,ｉシェアーズ JPX日経400 ETF,東証ETF,"3,702",+2,0.05,"22,795",2026/08/04
1997,1997,236A,iシェアーズ 日本国債7-10年,東証ETF,439.5,+0.2,0.05,"334,100",2026/08/04
1998,1998,3329,東和フードサービス(株),東証STD,"2,123",+1,0.05,"1,700",2026/08/04
1999,1999,4094,日本化学産業(株),東証STD,"2,091",+1,0.05,"9,000",2026/08/04
2000,2000,4536,参天製薬(株),東証PRM,"1,870",+1,0.05,"926,200",2026/08/04
2001,2001,6156,(株)エーワン精密,東証STD,"1,821",+1,0.05,"6,300",2026/08/04
2002,2002,1764,工藤建設(株),東証STD,"2,676",+1,0.04,600,2026/08/04
2003,2003,2042,NEXT NOTES 東証グロース市場250 ETN,東証ETF,"7,325",+3,0.04,"1,068",2026/08/04
2004,2004,4722,フューチャー(株),東証PRM,"2,446",+1,0.04,"1,115,100",2026/08/04
2005,2005,5902,ホッカンホールディングス(株),東証PRM,"2,362",+1,0.04,"14,200",2026/08/04
2006,2006,6226,守谷輸送機工業(株),東証STD,"2,290",+1,0.04,"148,100",2026/08/04
2007,2007,7698,(株)アイスコ,東証STD,"2,620",+1,0.04,"1,400",2026/08/04
2008,2008,8392,(株)大分銀行,東証PRM,"2,589",+1,0.04,"193,400",2026/08/04
2009,2009,159A,(NEXT FUNDS) JPXプライム150指数連動型上場投信,東証ETF,712.2,+0.2,0.03,"247,840",2026/08/04
2010,2010,1678,(NEXT FUNDS)インド株式指数上場投信,東証ETF,320.8,+0.1,0.03,"262,900",2026/08/04
2011,2011,2013,iシェアーズ 米国高配当株 ETF,東証ETF,304,+0.1,0.03,"368,910",2026/08/04
2012,2012,94345,ソフトバンク(株)第1回社債型種類株式,東証PRM,"3,801",+1,0.03,"1,700",2026/08/04
2013,2013,183A,MAXIS 米国国債20年超上場投信(H有),東証ETF,433.4,+0.1,0.02,"89,120",2026/08/04
2014,2014,2857,iシェアーズ ドイツ国債 ETF(H有),東証ETF,625.4,+0.1,0.02,70,2026/08/04
2015,2015,502A,GX 超短期円建て債券,東証ETF,900.6,+0.1,0.01,"25,390",2026/08/04
