順位(全市場),順位,コード,銘柄名,市場,現在値,前日比,騰落率(%),出来高,時刻
1,1,4881,(株)ファンペップ,東証GRT,52,-16,-23.53,"2,875,400",2026/07/28
2,2,9256,(株)サクシード,東証GRT,"1,846",-500,-21.31,"395,300",2026/07/28
3,3,4052,フィーチャ(株),東証GRT,321,-80,-19.95,"750,900",2026/07/28
4,4,278A,Ｔｅｒｒａ　Ｄｒｏｎｅ(株),東証GRT,"10,380","-2,540",-19.66,"1,351,000",2026/07/28
5,5,6327,北川精機(株),東証STD,"2,941",-694,-19.09,"801,600",2026/07/28
6,6,285A,キオクシアホールディングス(株),東証PRM,"44,550","-10,000",-18.33,"39,856,200",2026/07/28
7,7,2033,NEXT NOTES 韓国KOSPI･ダブル･ブルETN,東証ETF,"63,940","-14,280",-18.26,"11,282",2026/07/28
8,8,150A,(株)ＪＳＨ,東証GRT,447,-90,-16.76,"2,376,300",2026/07/28
9,9,3436,(株)ＳＵＭＣＯ,東証PRM,"3,140",-622,-16.53,"18,184,200",2026/07/28
10,10,4970,東洋合成工業(株),東証STD,"12,540","-2,460",-16.4,"70,800",2026/07/28
11,11,584A,ＬｉＮＫＸ(株),東証GRT,"2,240",-434,-16.23,"394,500",2026/07/28
12,12,5240,ｍｏｎｏＡＩ　ｔｅｃｈｎｏｌｏｇｙ(株),東証GRT,210,-40,-16.0,"2,432,700",2026/07/28
13,13,6656,インスペック(株),東証STD,943,-172,-15.43,"172,800",2026/07/28
14,14,6323,ローツェ(株),東証PRM,"3,828",-684,-15.16,"3,205,000",2026/07/28
15,15,4381,ビープラッツ(株),東証GRT,326,-58,-15.1,"438,300",2026/07/28
16,16,6278,ユニオンツール(株),東証PRM,"15,290","-2,680",-14.91,"483,900",2026/07/28
17,17,485A,(株)パワーエックス,東証GRT,"1,520",-257,-14.46,"5,397,200",2026/07/28
18,18,5242,(株)アイズ,東証GRT,"2,323",-386,-14.25,"378,700",2026/07/28
19,19,6525,(株)ＫＯＫＵＳＡＩ　ＥＬＥＣＴＲＩＣ,東証PRM,"7,348","-1,213",-14.17,"6,858,000",2026/07/28
20,20,6920,レーザーテック(株),東証PRM,"37,440","-6,120",-14.05,"3,252,000",2026/07/28
21,21,3132,マクニカホールディングス(株),東証PRM,"3,082",-497,-13.89,"3,266,300",2026/07/28
22,22,6779,日本電波工業(株),東証PRM,"2,395",-379,-13.66,"1,137,400",2026/07/28
23,23,3047,(株)ＴＲＵＣＫ－ＯＮＥ,福岡Q,"1,030",-160,-13.45,"2,100",2026/07/28
24,24,200A,(NEXT FUNDS) 日経半導体株指数連動型上場投信,東証ETF,"3,942",-585,-12.92,"4,746,605",2026/07/28
25,25,3907,シリコンスタジオ(株),東証STD,"1,018",-148,-12.69,"1,691,800",2026/07/28
26,26,6085,アーキテクツ・スタジオ・ジャパン(株),東証GRT,98,-14,-12.5,"4,530,400",2026/07/28
27,27,213A,上場インデックスファンド日経半導体株,東証ETF,364.4,-52,-12.49,"4,486,880",2026/07/28
28,28,6871,(株)日本マイクロニクス,東証PRM,"12,960","-1,850",-12.49,"1,149,600",2026/07/28
29,29,6890,(株)フェローテック,東証STD,"7,550","-1,070",-12.41,"3,225,500",2026/07/28
30,30,3445,(株)ＲＳ　Ｔｅｃｈｎｏｌｏｇｉｅｓ,東証PRM,"6,220",-880,-12.39,"408,300",2026/07/28
31,31,6146,(株)ディスコ,東証PRM,"54,900","-7,750",-12.37,"2,110,800",2026/07/28
32,32,6840,(株)ＡＫＩＢＡホールディングス,東証STD,582,-82,-12.35,"599,200",2026/07/28
33,33,6999,ＫＯＡ(株),東証PRM,"2,235",-315,-12.35,"2,368,300",2026/07/28
34,34,6227,ＡＩメカテック(株),東証STD,"5,970",-840,-12.33,"1,078,000",2026/07/28
35,35,6407,ＣＫＤ(株),東証PRM,"5,560",-780,-12.3,"1,142,200",2026/07/28
36,36,6324,(株)ハーモニック・ドライブ・システムズ,東証PRM,"5,780",-810,-12.29,"2,057,600",2026/07/28
37,37,4935,(株)リベルタ,東証STD,258,-36,-12.24,"2,560,500",2026/07/28
38,38,4516,日本新薬(株),東証PRM,"3,580",-499,-12.23,"2,079,400",2026/07/28
39,39,282A,GX 半導体・トップ10-日本株式,東証ETF,"2,128",-294,-12.14,"981,273",2026/07/28
40,40,221A,MAXIS 日経半導体株上場投信,東証ETF,"1,035.5",-142,-12.06,"1,179,200",2026/07/28
41,41,4187,大阪有機化学工業(株),東証PRM,"4,565",-625,-12.04,"206,000",2026/07/28
42,42,4424,(株)Ａｍａｚｉａ,東証GRT,360,-49,-11.98,"1,008,800",2026/07/28
43,43,7717,(株)ブイ・テクノロジー,東証PRM,"5,370",-720,-11.82,"453,400",2026/07/28
44,44,429A,テクセンドフォトマスク(株),東証PRM,"3,785",-505,-11.77,"1,627,700",2026/07/28
45,45,6981,(株)村田製作所,東証PRM,"7,153",-949,-11.71,"31,110,900",2026/07/28
46,46,6997,日本ケミコン(株),東証PRM,"2,826",-374,-11.69,"1,108,400",2026/07/28
47,47,3891,ニッポン高度紙工業(株),東証STD,"6,050",-790,-11.55,"207,300",2026/07/28
48,48,4004,(株)レゾナック・ホールディングス,東証PRM,"12,365","-1,605",-11.49,"3,088,500",2026/07/28
49,49,6481,ＴＨＫ(株),東証PRM,"6,158",-779,-11.23,"2,327,700",2026/07/28
50,50,6855,日本電子材料(株),東証STD,"5,460",-690,-11.22,"933,300",2026/07/28
51,51,6315,ＴＯＷＡ(株),東証PRM,"2,538",-320,-11.2,"4,096,400",2026/07/28
52,52,2644,GX 半導体関連-日本株式,東証ETF,"3,785",-474,-11.13,"1,366,871",2026/07/28
53,53,6254,野村マイクロ・サイエンス(株),東証PRM,"3,680",-460,-11.11,"1,172,100",2026/07/28
54,54,4062,イビデン(株),東証PRM,"14,855","-1,845",-11.05,"7,885,000",2026/07/28
55,55,6963,ローム(株),東証PRM,"4,117",-511,-11.04,"5,791,100",2026/07/28
56,56,7731,(株)ニコン,東証PRM,"1,956",-242.5,-11.03,"2,354,200",2026/07/28
57,57,6976,太陽誘電(株),東証PRM,"10,275","-1,270",-11.0,"20,130,600",2026/07/28
58,58,8035,東京エレクトロン(株),東証PRM,"55,920","-6,880",-10.96,"4,363,800",2026/07/28
59,59,7735,(株)ＳＣＲＥＥＮホールディングス,東証PRM,"14,175","-1,720",-10.82,"3,249,100",2026/07/28
60,60,6941,山一電機(株),東証PRM,"8,260",-980,-10.61,"283,000",2026/07/28
61,61,6627,(株)テラプローブ,東証STD,"9,710","-1,150",-10.59,"111,700",2026/07/28
62,62,6266,タツモ(株),東証PRM,"4,020",-475,-10.57,"512,700",2026/07/28
63,63,7034,(株)プロレド・パートナーズ,東証PRM,364,-43,-10.57,"97,400",2026/07/28
64,64,6728,(株)アルバック,東証PRM,"8,320",-981,-10.55,"730,800",2026/07/28
65,65,6723,ルネサスエレクトロニクス(株),東証PRM,"3,462",-404,-10.45,"14,086,000",2026/07/28
66,66,2050,NEXT NOTES ニッチトップ中小型日本株(NR)ETN,東証ETF,"32,000","-3,710",-10.39,18,2026/07/28
67,67,6526,(株)ソシオネクスト,東証PRM,"2,149",-248.5,-10.36,"8,439,000",2026/07/28
68,68,6522,(株)アスタリスク,東証GRT,"1,459",-168,-10.33,"931,900",2026/07/28
69,69,6622,(株)ダイヘン,東証PRM,"13,110","-1,510",-10.33,"513,100",2026/07/28
70,70,5706,三井金属(株),東証PRM,"28,010","-3,220",-10.31,"1,116,400",2026/07/28
71,71,163A,半導体フォーカス日本株(ネットリターン)ETN,東証ETF,"18,060","-2,065",-10.26,"16,666",2026/07/28
72,72,6613,(株)ＱＤレーザ,東証GRT,"1,391",-159,-10.26,"2,293,900",2026/07/28
73,73,6387,サムコ(株),東証PRM,"8,370",-950,-10.19,"92,700",2026/07/28
74,74,4461,第一工業製薬(株),東証PRM,"9,020","-1,020",-10.16,"194,500",2026/07/28
75,75,5384,(株)フジミインコーポレーテッド,東証PRM,"3,680",-415,-10.13,"621,500",2026/07/28
76,76,6590,芝浦メカトロニクス(株),東証PRM,"4,620",-520,-10.12,"1,867,500",2026/07/28
77,77,6857,(株)アドバンテスト,東証PRM,"25,510","-2,870",-10.11,"10,348,000",2026/07/28
78,78,5103,昭和ホールディングス(株),東証STD,9,-1,-10.0,"5,297,600",2026/07/28
79,79,6469,(株)放電精密加工研究所,東証STD,"2,489",-276,-9.98,"154,900",2026/07/28
80,80,3449,(株)テクノフレックス,東証STD,"4,250",-470,-9.96,"191,600",2026/07/28
81,81,1930,北陸電気工事(株),東証PRM,"1,475",-163,-9.95,"931,500",2026/07/28
82,82,4099,四国化成ホールディングス(株),東証PRM,"2,417",-266,-9.91,"819,300",2026/07/28
83,83,6101,(株)ツガミ,東証PRM,"6,290",-690,-9.89,"593,400",2026/07/28
84,84,6777,ｓａｎｔｅｃ　Ｈｏｌｄｉｎｇｓ(株),東証STD,"16,500","-1,810",-9.89,"119,900",2026/07/28
85,85,3905,データセクション(株),東証GRT,"2,094",-229,-9.86,"1,464,600",2026/07/28
86,86,2737,(株)トーメンデバイス,東証PRM,"15,090","-1,640",-9.8,"124,400",2026/07/28
87,87,6134,(株)ＦＵＪＩ,東証PRM,"6,806",-739,-9.79,"1,030,100",2026/07/28
88,88,194A,(株)ＷＯＬＶＥＳ　ＨＡＮＤ,東証GRT,"1,301",-141,-9.78,"32,700",2026/07/28
89,89,6368,オルガノ(株),東証PRM,"13,535","-1,465",-9.77,"367,100",2026/07/28
90,90,7729,(株)東京精密,東証PRM,"16,120","-1,745",-9.77,"726,700",2026/07/28
91,91,6268,ナブテスコ(株),東証PRM,"4,429",-479,-9.76,"1,229,400",2026/07/28
92,92,6235,(株)オプトラン,東証PRM,"2,929",-316,-9.74,"370,900",2026/07/28
93,93,1382,(株)ホーブ,東証STD,844,-91,-9.73,"14,900",2026/07/28
94,94,4022,ラサ工業(株),東証PRM,"1,719",-185,-9.72,"1,366,600",2026/07/28
95,95,4186,東京応化工業(株),東証PRM,"8,989",-961,-9.66,"1,044,700",2026/07/28
96,96,6836,ぷらっとホーム(株),東証STD,740,-79,-9.65,"32,500",2026/07/28
97,97,4968,荒川化学工業(株),東証PRM,"1,825",-193,-9.56,"254,000",2026/07/28
98,98,4971,メック(株),東証PRM,"7,580",-800,-9.55,"290,600",2026/07/28
99,99,6506,(株)安川電機,東証PRM,"4,756",-501,-9.53,"9,637,000",2026/07/28
100,100,6507,シンフォニアテクノロジー(株),東証PRM,"12,530","-1,310",-9.47,"159,100",2026/07/28
101,101,5016,ＪＸ金属(株),東証PRM,"3,430",-358,-9.45,"18,262,700",2026/07/28
102,102,6668,(株)アドテック　プラズマ　テクノロジー,東証STD,"2,698",-281,-9.43,"196,200",2026/07/28
103,103,6862,ミナトホールディングス(株),東証STD,"1,677",-174,-9.4,"297,000",2026/07/28
104,104,4047,関東電化工業(株),東証PRM,"2,521",-261,-9.38,"615,500",2026/07/28
105,105,6787,(株)メイコー,東証PRM,"20,850","-2,140",-9.31,"333,200",2026/07/28
106,106,6490,(株)ＰＩＬＬＡＲ,東証PRM,"9,030",-920,-9.25,"153,000",2026/07/28
107,107,6834,(株)精工技研,東証STD,"18,260","-1,860",-9.24,"118,300",2026/07/28
108,108,6273,ＳＭＣ(株),東証PRM,"65,190","-6,610",-9.21,"326,900",2026/07/28
109,109,6480,日本トムソン(株),東証PRM,"1,613",-163,-9.18,"925,300",2026/07/28
110,110,268A,リガク・ホールディングス(株),東証PRM,"1,945",-195,-9.11,"2,720,100",2026/07/28
111,111,4368,扶桑化学工業(株),東証PRM,"3,525",-350,-9.03,"1,624,000",2026/07/28
112,112,6617,(株)東光高岳,東証PRM,"7,180",-710,-9.0,"160,500",2026/07/28
113,113,4369,(株)トリケミカル研究所,東証PRM,"3,055",-300,-8.94,"581,600",2026/07/28
114,114,3110,日東紡,東証PRM,"2,886",-279,-8.82,"6,197,400",2026/07/28
115,115,4265,Ｉｎｓｔｉｔｕｔｉｏｎ　ｆｏｒ　ａ　Ｇｌｏｂａｌ　Ｓｏｃｉｅ(株),東証GRT,279,-27,-8.82,"200,000",2026/07/28
116,116,6800,(株)ヨコオ,東証PRM,"3,895",-375,-8.78,"143,000",2026/07/28
117,117,3104,富士紡ホールディングス(株),東証PRM,"3,650",-350,-8.75,"174,200",2026/07/28
118,118,2523,MAXIS トピックス(除く金融)上場投信,東証ETF,"2,937",-280,-8.7,30,2026/07/28
119,119,6361,荏原,東証PRM,"5,151",-490,-8.69,"3,626,300",2026/07/28
120,120,5333,ＮＧＫ(株),東証PRM,"5,538",-525,-8.66,"2,037,300",2026/07/28
121,121,5367,(株)ニッカトー,東証STD,"1,057",-100,-8.64,"310,000",2026/07/28
122,122,6232,(株)ＡＣＳＬ,東証GRT,"1,544",-146,-8.64,"709,900",2026/07/28
123,123,7826,(株)フルヤ金属,東証PRM,"6,150",-580,-8.62,"499,800",2026/07/28
124,124,6217,津田駒工業(株),東証STD,690,-65,-8.61,"128,700",2026/07/28
125,125,6645,オムロン(株),東証PRM,"5,165",-485,-8.58,"1,429,600",2026/07/28
126,126,6055,ジャパンマテリアル(株),東証PRM,"2,103",-197,-8.57,"741,600",2026/07/28
127,127,6838,(株)多摩川ホールディングス,東証STD,"1,249",-116,-8.5,"291,800",2026/07/28
128,128,6856,(株)堀場製作所,東証PRM,"24,700","-2,295",-8.5,"278,600",2026/07/28
129,129,8746,ｕｎｂａｎｋｅｄ(株),東証STD,97,-9,-8.49,"211,300",2026/07/28
130,130,6768,(株)タムラ製作所,東証PRM,810,-75,-8.47,"1,302,500",2026/07/28
131,131,6264,(株)マルマエ,東証PRM,"1,830",-169,-8.45,"609,300",2026/07/28
132,132,6524,湖北工業(株),東証STD,"4,130",-380,-8.43,"223,800",2026/07/28
133,133,5381,マイポックス(株),東証STD,741,-68,-8.41,"237,400",2026/07/28
134,134,408A,iシェアーズ AI グローバル・イノベーション アクティブ,東証ETF,271,-24.8,-8.38,"1,582,450",2026/07/28
135,135,6962,(株)大真空,東証PRM,712,-65,-8.37,"445,600",2026/07/28
136,136,6961,(株)エンプラス,東証PRM,"11,950","-1,080",-8.29,"200,900",2026/07/28
137,137,6474,(株)不二越,東証PRM,"5,330",-480,-8.26,"186,800",2026/07/28
138,138,4182,三菱ガス化学(株),東証PRM,"4,003",-360,-8.25,"1,152,600",2026/07/28
139,139,2693,ＹＫＴ(株),東証STD,313,-28,-8.21,"485,300",2026/07/28
140,140,5801,古河電気工業(株),東証PRM,"3,008",-269,-8.21,"19,009,200",2026/07/28
141,141,6337,(株)テセック,東証STD,"2,180",-194,-8.17,"132,800",2026/07/28
142,142,6996,ニチコン(株),東証PRM,"2,755",-245,-8.17,"830,200",2026/07/28
143,143,6376,日機装(株),東証PRM,"3,730",-330,-8.13,"530,100",2026/07/28
144,144,1570,(NEXT FUNDS)日経平均レバレッジ上場投信,東証ETF,"62,100","-5,490",-8.12,"3,804,587",2026/07/28
145,145,280A,(株)ＴＭＨ,東証GRT,872,-77,-8.11,"115,000",2026/07/28
146,146,6521,(株)オキサイド,東証GRT,"2,925",-255,-8.02,"220,800",2026/07/28
147,147,1365,iFreeETF 日経平均レバレッジ・インデックス,東証ETF,"3,834",-332,-7.97,"512,951",2026/07/28
148,148,1458,楽天 ETF-日経レバレッジ指数連動型,東証ETF,"74,140","-6,420",-7.97,"140,661",2026/07/28
149,149,1579,日経平均ブル2倍上場投信,東証ETF,671,-58,-7.96,"19,390,040",2026/07/28
150,150,6993,大黒屋ホールディングス(株),東証STD,93,-8,-7.92,"18,911,300",2026/07/28
151,151,1358,上場インデックス日経レバレッジ指数,東証ETF,"118,300","-10,150",-7.9,"29,539",2026/07/28
152,152,523A,(株)セイワホールディングス,東証GRT,"1,429",-122,-7.87,"143,400",2026/07/28
153,153,6143,(株)ソディック,東証PRM,"1,593",-136,-7.87,"616,200",2026/07/28
154,154,9257,ＹＣＰホールディングス（グローバル）,東証GRT外国,450,-38,-7.79,"20,300",2026/07/28
155,155,462A,(株)ＦＵＮＤＩＮＮＯ,東証GRT,214,-18,-7.76,"225,400",2026/07/28
156,156,6113,(株)アマダ,東証PRM,"2,708.5",-227.5,-7.75,"2,280,400",2026/07/28
157,157,6498,(株)キッツ,東証PRM,"2,113",-177,-7.73,"357,700",2026/07/28
158,158,5310,東洋炭素(株),東証PRM,"6,350",-530,-7.7,"130,400",2026/07/28
159,159,6925,ウシオ電機(株),東証PRM,"3,823",-319,-7.7,"435,600",2026/07/28
160,160,7715,長野計器(株),東証PRM,"3,545",-295,-7.68,"65,900",2026/07/28
161,161,6616,トレックス・セミコンダクター(株),東証PRM,"1,695",-139,-7.58,"113,400",2026/07/28
162,162,6336,(株)石井表記,東証STD,"1,482",-121,-7.55,"127,000",2026/07/28
163,163,6370,栗田工業(株),東証PRM,"8,301",-677,-7.54,"778,700",2026/07/28
164,164,6508,(株)明電舎,東証PRM,"8,370",-680,-7.51,"207,700",2026/07/28
165,165,2243,GX 半導体,東証ETF,"4,341",-351,-7.48,"444,855",2026/07/28
166,166,6666,リバーエレテック(株),東証STD,683,-55,-7.45,"255,200",2026/07/28
167,167,6258,平田機工(株),東証PRM,"2,731",-218,-7.39,"399,000",2026/07/28
168,168,7375,(株)リファインバースグループ,東証GRT,"1,108",-88,-7.36,"54,800",2026/07/28
169,169,3441,(株)山王,東証STD,"2,447",-193,-7.31,"98,000",2026/07/28
170,170,4980,デクセリアルズ(株),東証PRM,"3,371",-266,-7.31,"1,501,700",2026/07/28
171,171,4975,(株)ＪＣＵ,東証PRM,"5,720",-450,-7.29,"105,100",2026/07/28
172,172,6228,(株)ジェイ・イー・ティ,東証STD,498,-39,-7.26,"88,200",2026/07/28
173,173,6752,パナソニック　ホールディングス(株),東証PRM,"3,604",-282,-7.26,"10,584,600",2026/07/28
174,174,7138,(株)ＴＯＲＩＣＯ,東証GRT,128,-10,-7.25,"408,800",2026/07/28
175,175,5341,ＡＳＡＨＩ　ＥＩＴＯホールディングス(株),東証STD,141,-11,-7.24,"181,800",2026/07/28
176,176,6136,ＯＳＧ,東証PRM,"3,717",-290,-7.24,"652,700",2026/07/28
177,177,276A,ククレブ・アドバイザーズ(株),東証GRT,"3,340",-260,-7.22,"45,300",2026/07/28
178,178,4216,旭有機材(株),東証PRM,"5,940",-460,-7.19,"62,800",2026/07/28
179,179,6965,浜松ホトニクス(株),東証PRM,"2,198",-169.5,-7.16,"3,681,000",2026/07/28
180,180,3237,(株)イントランス,東証GRT,91,-7,-7.14,"505,500",2026/07/28
181,181,9247,ＴＲＥホールディングス(株),東証PRM,"1,977",-152,-7.14,"258,900",2026/07/28
182,182,9399,ビート・ホールディングス・リミテッド,東証STD外国,13,-1,-7.14,"798,781",2026/07/28
183,183,412A,(NEXT FUNDS) 台湾イノベイティブ・テクノロジー50,東証ETF,"3,975",-305,-7.13,"12,803",2026/07/28
184,184,1718,美樹工業(株),東証STD,"6,920",-530,-7.11,"8,200",2026/07/28
185,185,5802,住友電気工業(株),東証PRM,"2,187.5",-167.5,-7.11,"20,330,500",2026/07/28
186,186,346A,(NEXT FUNDS) S&P500 半導体・半導体製造装置35%,東証ETF,"4,794",-365,-7.08,"40,186",2026/07/28
187,187,6969,松尾電機(株),東証STD,985,-75,-7.08,"63,300",2026/07/28
188,188,5344,(株)ＭＡＲＵＷＡ,東証PRM,"52,900","-4,020",-7.06,"182,700",2026/07/28
189,189,3374,内外テック(株),東証STD,"2,984",-226,-7.04,"49,600",2026/07/28
190,190,7409,ＡｅｒｏＥｄｇｅ(株),東証GRT,"1,402",-106,-7.03,"144,400",2026/07/28
191,191,4593,(株)ヘリオス,東証GRT,226,-17,-7.0,"1,936,000",2026/07/28
192,192,6383,(株)ダイフク,東証PRM,"5,861",-441,-7.0,"2,022,200",2026/07/28
193,193,7378,(株)アシロ,東証GRT,"1,487",-112,-7.0,"29,100",2026/07/28
194,194,255A,ジーエルテクノホールディングス(株),東証STD,"5,350",-400,-6.96,"168,000",2026/07/28
195,195,6928,(株)エノモト,東証STD,"2,339",-175,-6.96,"65,500",2026/07/28
196,196,3433,トーカロ(株),東証PRM,"2,791",-208,-6.94,"1,097,900",2026/07/28
197,197,5332,ＴＯＴＯ(株),東証PRM,"6,937",-516,-6.92,"1,401,100",2026/07/28
198,198,6866,ＨＩＯＫＩ(株),東証PRM,"10,640",-790,-6.91,"56,600",2026/07/28
199,199,2652,(株)まんだらけ,東証STD,405,-30,-6.9,"541,700",2026/07/28
200,200,3672,(株)オルトプラス,東証STD,27,-2,-6.9,"587,700",2026/07/28
201,201,6492,岡野バルブ製造(株),東証STD,"12,990",-960,-6.88,"35,700",2026/07/28
202,202,5885,(株)ジーデップ・アドバンス,東証STD,"2,551",-188,-6.86,"46,700",2026/07/28
203,203,5724,(株)アサカ理研,東証STD,"2,278",-167,-6.83,"49,000",2026/07/28
204,204,3878,(株)巴川コーポレーション,東証STD,794,-58,-6.81,"96,800",2026/07/28
205,205,6436,アマノ(株),東証PRM,"3,766",-273,-6.76,"730,300",2026/07/28
206,206,7760,ＩＭＶ(株),東証STD,"2,230",-161,-6.73,"98,300",2026/07/28
207,207,7966,リンテック(株),東証PRM,"6,120",-440,-6.71,"233,600",2026/07/28
208,208,6769,ザインエレクトロニクス(株),東証STD,947,-68,-6.7,"147,100",2026/07/28
209,209,1625,(NEXT FUNDS)電機･精密上場投信,東証ETF,"59,550","-4,260",-6.68,"5,852",2026/07/28
210,210,1684,WisdomTree ブロード上場投信,東証ETF,"2,520",-180,-6.67,"1,100",2026/07/28
211,211,4125,三和油化工業(株),東証STD,"3,245",-230,-6.62,"18,300",2026/07/28
212,212,135A,(株)ＶＲＡＩＮ　Ｓｏｌｕｔｉｏｎ,東証GRT,"3,535",-250,-6.61,"56,300",2026/07/28
213,213,6742,(株)京三製作所,東証PRM,851,-60,-6.59,"453,900",2026/07/28
214,214,6754,アンリツ(株),東証PRM,"3,651",-257,-6.58,"965,100",2026/07/28
215,215,5074,テスホールディングス(株),東証PRM,659,-46,-6.52,"2,502,500",2026/07/28
216,216,9880,イノテック(株),東証PRM,"3,095",-215,-6.5,"135,100",2026/07/28
217,217,4275,(株)カーリット,東証PRM,"2,262",-157,-6.49,"205,100",2026/07/28
218,218,4966,上村工業(株),東証STD,"21,630","-1,500",-6.49,"108,100",2026/07/28
219,219,4664,ＲＳＣ,東証STD,928,-64,-6.45,"58,300",2026/07/28
220,220,5985,サンコール(株),東証STD,"1,161",-80,-6.45,"750,900",2026/07/28
221,221,7911,ＴＯＰＰＡＮホールディングス(株),東証PRM,"4,391",-302,-6.44,"2,670,300",2026/07/28
222,222,5393,ニチアス(株),東証PRM,"3,261",-224,-6.43,"798,900",2026/07/28
223,223,4238,ミライアル(株),東証STD,"1,582",-106,-6.28,"95,300",2026/07/28
224,224,4833,(株)Ｄｅｆ　ｃｏｎｓｕｌｔｉｎｇ,東証GRT,45,-3,-6.25,"1,238,700",2026/07/28
225,225,3106,クラボウ,東証PRM,"9,610",-640,-6.24,"58,500",2026/07/28
226,226,4100,戸田工業(株),東証STD,"1,322",-88,-6.24,"77,800",2026/07/28
227,227,5189,櫻護謨(株),東証STD,"3,550",-235,-6.21,"6,100",2026/07/28
228,228,4667,アイサンテクノロジー(株),東証STD,"1,800",-119,-6.2,"102,400",2026/07/28
229,229,6503,三菱電機(株),東証PRM,"5,319",-350,-6.17,"6,391,900",2026/07/28
230,230,2354,(株)ＹＥ　ＤＩＧＩＴＡＬ,東証STD,"1,267",-83,-6.15,"2,955,300",2026/07/28
231,231,6914,オプテックスグループ(株),東証PRM,"3,355",-220,-6.15,"177,800",2026/07/28
232,232,4092,日本化学工業(株),東証PRM,"5,050",-330,-6.13,"196,100",2026/07/28
233,233,6653,(株)正興電機製作所,東証PRM,"2,099",-137,-6.13,"322,800",2026/07/28
234,234,6707,サンケン電気(株),東証PRM,"8,311",-543,-6.13,"209,800",2026/07/28
235,235,6832,アオイ電子(株),東証STD,"2,250",-147,-6.13,"63,300",2026/07/28
236,236,4392,ＦＩＧ(株),東証PRM,891,-58,-6.11,"1,375,500",2026/07/28
237,237,4061,デンカ(株),東証PRM,"3,402",-221,-6.1,"979,000",2026/07/28
238,238,5805,ＳＷＣＣ(株),東証PRM,"10,780",-700,-6.1,"472,900",2026/07/28
239,239,6841,横河電機(株),東証PRM,"5,655",-367,-6.09,"1,070,300",2026/07/28
240,240,6496,(株)中北製作所,東証STD,"5,100",-330,-6.08,"19,700",2026/07/28
241,241,6954,ファナック(株),東証PRM,"6,373",-412,-6.07,"6,478,600",2026/07/28
242,242,4229,群栄化学工業(株),東証PRM,"4,425",-285,-6.05,"23,400",2026/07/28
243,243,6951,日本電子(株),東証PRM,"7,812",-503,-6.05,"350,600",2026/07/28
244,244,6140,旭ダイヤモンド工業(株),東証PRM,"1,073",-69,-6.04,"764,300",2026/07/28
245,245,6356,日本ギア工業(株),東証STD,"1,296",-83,-6.02,"158,000",2026/07/28
246,246,6104,芝浦機械(株),東証PRM,"4,560",-290,-5.98,"150,700",2026/07/28
247,247,2962,(株)テクニスコ,東証STD,"1,134",-72,-5.97,"105,400",2026/07/28
248,248,5597,ブルーイノベーション(株),東証GRT,"1,186",-75,-5.95,"59,800",2026/07/28
249,249,6479,ミネベアミツミ(株),東証PRM,"3,668",-232,-5.95,"3,258,600",2026/07/28
250,250,6946,日本アビオニクス(株),東証STD,"4,975",-315,-5.95,"174,000",2026/07/28
251,251,9962,(株)ミスミグループ本社,東証PRM,"3,459",-218,-5.93,"1,604,000",2026/07/28
252,252,6844,新電元工業(株),東証PRM,"3,265",-205,-5.91,"131,100",2026/07/28
253,253,6335,(株)東京機械製作所,東証STD,687,-43,-5.89,"32,200",2026/07/28
254,254,2334,(株)イオレ,東証GRT,480,-30,-5.88,"1,296,500",2026/07/28
255,255,3624,アクセルマーク(株),東証GRT,64,-4,-5.88,"1,080,100",2026/07/28
256,256,5331,ノリタケ(株),東証PRM,"3,280",-205,-5.88,"253,700",2026/07/28
257,257,6125,(株)岡本工作機械製作所,東証STD,"4,820",-300,-5.86,"65,900",2026/07/28
258,258,2637,GX クリーンテック-日本株式,東証ETF,"2,690",-167,-5.85,"7,780",2026/07/28
259,259,5803,(株)フジクラ,東証PRM,"4,073",-252,-5.83,"39,640,100",2026/07/28
260,260,7711,助川電気工業(株),東証STD,"4,250",-260,-5.76,"80,500",2026/07/28
261,261,6440,ＪＵＫＩ(株),東証PRM,509,-31,-5.74,"311,400",2026/07/28
262,262,7995,(株)バルカー,東証PRM,"6,240",-380,-5.74,"90,400",2026/07/28
263,263,6674,(株)ジーエス・ユアサ　コーポレーション,東証PRM,"5,461",-332,-5.73,"942,600",2026/07/28
264,264,7751,キヤノン(株),東証PRM,"4,478",-272,-5.73,"8,557,000",2026/07/28
265,265,3719,ＡＩストーム(株),東証STD,149,-9,-5.7,"502,900",2026/07/28
266,266,6877,ＯＢＡＲＡ　ＧＲＯＵＰ(株),東証STD,"5,530",-330,-5.63,"106,500",2026/07/28
267,267,1960,(株)サンテック,東証STD,"1,448",-86,-5.61,"20,500",2026/07/28
268,268,6433,ヒーハイスト(株),東証STD,844,-50,-5.59,"108,200",2026/07/28
269,269,3856,Ａｂａｌａｎｃｅ(株),東証STD,491,-29,-5.58,"199,800",2026/07/28
270,270,4179,(株)ジーネクスト,東証GRT,340,-20,-5.56,"117,800",2026/07/28
271,271,6237,(株)イワキ,東証PRM,"4,855",-285,-5.54,"232,300",2026/07/28
272,272,2869,iFreeETF NASDAQ100レバレッジ,東証ETF,"2,633",-154,-5.53,"205,495",2026/07/28
273,273,4960,ケミプロ化成(株),東証STD,497,-29,-5.51,"29,700",2026/07/28
274,274,6584,三桜工業(株),東証PRM,774,-45,-5.49,"753,000",2026/07/28
275,275,1961,三機工業(株),東証PRM,"2,338",-134,-5.42,"628,600",2026/07/28
276,276,6516,山洋電気(株),東証PRM,"5,410",-310,-5.42,"209,300",2026/07/28
277,277,5713,住友金属鉱山(株),東証PRM,"7,364",-421,-5.41,"2,329,600",2026/07/28
278,278,6141,ＤＭＧ森精機(株),東証PRM,"3,591",-205,-5.4,"1,727,200",2026/07/28
279,279,8416,(株)高知銀行,東証STD,"1,140",-65,-5.39,"104,100",2026/07/28
280,280,8308,(株)りそなホールディングス,東証PRM,"2,265",-128.5,-5.37,"12,507,100",2026/07/28
281,281,4025,多木化学(株),東証PRM,"4,680",-265,-5.36,"25,600",2026/07/28
282,282,4043,(株)トクヤマ,東証PRM,"4,312",-244,-5.36,"1,004,500",2026/07/28
283,283,1407,(株)ウエストホールディングス,東証STD,"2,634",-149,-5.35,"592,700",2026/07/28
284,284,4109,ステラ　ケミファ(株),東証PRM,"5,130",-290,-5.35,"100,600",2026/07/28
285,285,6145,ＮＩＴＴＯＫＵ(株),東証STD,"2,530",-143,-5.35,"177,200",2026/07/28
286,286,1850,南海辰村建設(株),東証STD,427,-24,-5.32,"140,700",2026/07/28
287,287,4620,藤倉化成(株),東証STD,845,-47,-5.27,"141,500",2026/07/28
288,288,6736,サン電子(株),東証STD,"9,340",-520,-5.27,"29,200",2026/07/28
289,289,5715,古河機械金属(株),東証PRM,"3,515",-195,-5.26,"293,300",2026/07/28
290,290,6994,(株)指月電機製作所,東証STD,990,-55,-5.26,"216,400",2026/07/28
291,291,4203,住友ベークライト(株),東証PRM,"6,297",-348,-5.24,"567,300",2026/07/28
292,292,7245,大同メタル工業(株),東証PRM,"1,267",-70,-5.24,"350,800",2026/07/28
293,293,7912,大日本印刷(株),東証PRM,"3,003",-166,-5.24,"1,771,600",2026/07/28
294,294,1624,(NEXT FUNDS)機械上場投信,東証ETF,"83,000","-4,560",-5.21,"1,127",2026/07/28
295,295,3864,三菱製紙(株),東証PRM,"1,091",-60,-5.21,"247,400",2026/07/28
296,296,4046,(株)大阪ソーダ,東証PRM,"1,770",-97,-5.2,"417,000",2026/07/28
297,297,540A,上場インデックスファンド日経銀行株トップ10,東証ETF,"2,041",-112,-5.2,"147,442",2026/07/28
298,298,6614,(株)シキノハイテック,東証STD,845,-46,-5.16,"11,600",2026/07/28
299,299,9425,ＲｅＹｕｕ　Ｊａｐａｎ(株),東証STD,202,-11,-5.16,"331,900",2026/07/28
300,300,1568,TOPIXブル2倍上場投信,東証ETF,941.8,-51.1,-5.15,"4,898,280",2026/07/28
301,301,421A,(株)ムービン・ストラテジック・キャリア,東証GRT,"3,685",-200,-5.15,"61,300",2026/07/28
302,302,4418,(株)ＪＤＳＣ,東証GRT,794,-43,-5.14,"162,700",2026/07/28
303,303,2760,東京エレクトロン　デバイス(株),東証PRM,"3,705",-200,-5.12,"209,600",2026/07/28
304,304,2338,クオンタムソリューションズ(株),東証STD,130,-7,-5.11,"228,400",2026/07/28
305,305,5334,日本特殊陶業(株),東証PRM,"8,941",-480,-5.1,"1,320,100",2026/07/28
306,306,3687,(株)フィックスターズ,東証PRM,"2,073",-111,-5.08,"946,500",2026/07/28
307,307,4575,(株)キャンバス,東証GRT,730,-39,-5.07,"277,100",2026/07/28
308,308,7609,ダイトロン(株),東証PRM,"3,285",-175,-5.06,"126,900",2026/07/28
309,309,7794,(株)イーディーピー,東証GRT,888,-47,-5.03,"358,700",2026/07/28
310,310,9171,栗林商船(株),東証STD,"1,645",-87,-5.02,"11,500",2026/07/28
311,311,1623,(NEXT FUNDS)鉄鋼･非鉄上場投信,東証ETF,"57,430","-3,030",-5.01,"3,537",2026/07/28
312,312,5572,(株)Ｒｉｄｇｅ－ｉ,東証GRT,"2,389",-126,-5.01,"31,100",2026/07/28
313,313,2854,GX テック・トップ20-日本株式,東証ETF,"2,451",-129,-5.0,"28,087",2026/07/28
314,314,3187,(株)ミラタップ,東証GRT,323,-17,-5.0,"33,900",2026/07/28
315,315,5831,(株)しずおかフィナンシャルグループ,東証PRM,"3,290",-173,-5.0,"2,371,100",2026/07/28
316,316,5991,ニッパツ,東証PRM,"3,485",-183,-4.99,"832,800",2026/07/28
317,317,7725,(株)インターアクション,東証PRM,"1,684",-88,-4.97,"227,000",2026/07/28
318,318,6518,三相電機(株),東証STD,"1,819",-95,-4.96,"10,700",2026/07/28
319,319,8360,(株)山梨中央銀行,東証PRM,"6,900",-360,-4.96,"195,000",2026/07/28
320,320,9551,メタウォーター(株),東証PRM,"3,065",-160,-4.96,"175,600",2026/07/28
321,321,3989,シェアリングテクノロジー(株),東証GRT,"1,345",-70,-4.95,"389,300",2026/07/28
322,322,552A,MAXIS 米国AIインフラ株上場投信,東証ETF,"2,448",-127,-4.93,"4,723",2026/07/28
323,323,7175,今村証券(株),東証STD,"1,699",-88,-4.92,"24,700",2026/07/28
324,324,157A,グリーンモンスター(株),東証GRT,775,-40,-4.91,"36,200",2026/07/28
325,325,4082,第一稀元素化学工業(株),東証PRM,"1,761",-91,-4.91,"149,900",2026/07/28
326,326,4188,三菱ケミカルグループ(株),東証PRM,"1,165",-60,-4.9,"6,240,800",2026/07/28
327,327,281A,インフォメティス(株),東証GRT,428,-22,-4.89,"203,300",2026/07/28
328,328,3444,(株)菊池製作所,東証STD,915,-47,-4.89,"122,000",2026/07/28
329,329,6966,(株)三井ハイテック,東証PRM,875,-45,-4.89,"2,622,100",2026/07/28
330,330,8411,(株)みずほフィナンシャルグループ,東証PRM,"8,210",-421,-4.88,"11,809,100",2026/07/28
331,331,4629,大伸化学(株),東証STD,"1,884",-96,-4.85,"16,100",2026/07/28
332,332,6331,三菱化工機(株),東証PRM,"3,235",-165,-4.85,"178,800",2026/07/28
333,333,218A,(株)Ｌｉｂｅｒａｗａｒｅ,東証GRT,982,-50,-4.84,"252,500",2026/07/28
334,334,7318,セレンディップ・ホールディングス(株),東証GRT,"1,907",-97,-4.84,"105,400",2026/07/28
335,335,7719,(株)東京衡機,東証STD,413,-21,-4.84,"149,300",2026/07/28
336,336,556A,犬猫生活(株),東証GRT,"1,913",-97,-4.83,"64,400",2026/07/28
337,337,6859,エスペック(株),東証PRM,"3,945",-200,-4.83,"166,600",2026/07/28
338,338,4772,(株)ＳＭ　ＥＮＴＥＲＴＡＩＮＭＥＮＴ　ＪＡＰＡＮ,東証GRT,79,-4,-4.82,"505,100",2026/07/28
339,339,4691,ワシントンホテル(株),東証STD,"2,176",-110,-4.81,"47,800",2026/07/28
340,340,4992,北興化学工業(株),東証STD,"1,820",-92,-4.81,"170,800",2026/07/28
341,341,5741,(株)ＵＡＣＪ,東証PRM,"2,276",-115,-4.81,"675,500",2026/07/28
342,342,4078,堺化学工業(株),東証PRM,"3,870",-195,-4.8,"343,500",2026/07/28
343,343,8012,長瀬産業(株),東証PRM,"1,142.5",-57.5,-4.79,"1,210,400",2026/07/28
344,344,4412,(株)サイエンスアーツ,東証GRT,"1,116",-56,-4.78,"40,400",2026/07/28
345,345,9029,(株)ヒガシホールディングス,東証STD,"1,981",-99,-4.76,"27,000",2026/07/28
346,346,9973,ＫＯＺＯホールディングス(株),東証STD,20,-1,-4.76,"188,100",2026/07/28
347,347,4366,ダイトーケミックス(株),東証STD,421,-21,-4.75,"271,500",2026/07/28
348,348,7707,プレシジョン・システム・サイエンス(株),東証GRT,201,-10,-4.74,"114,900",2026/07/28
349,349,3195,(株)ジェネレーションパス,東証STD,564,-28,-4.73,"51,500",2026/07/28
350,350,5471,大同特殊鋼(株),東証PRM,"2,316.5",-115,-4.73,"2,090,200",2026/07/28
351,351,6166,(株)中村超硬,東証GRT,606,-30,-4.72,"221,800",2026/07/28
352,352,6326,(株)クボタ,東証PRM,"2,746.5",-136,-4.72,"3,353,400",2026/07/28
353,353,6971,京セラ(株),東証PRM,"3,617",-179,-4.72,"6,441,500",2026/07/28
354,354,6958,日本ＣＭＫ(株),東証PRM,607,-30,-4.71,"774,600",2026/07/28
355,355,7713,シグマ光機(株),東証STD,"1,850",-91,-4.69,"68,700",2026/07/28
356,356,8783,ａｂｃ(株),東証STD,61,-3,-4.69,"550,400",2026/07/28
357,357,7182,(株)ゆうちょ銀行,東証PRM,"3,256",-160,-4.68,"7,305,300",2026/07/28
358,358,7726,黒田精工(株),東証STD,"1,222",-60,-4.68,"31,600",2026/07/28
359,359,1770,藤田エンジニアリング(株),東証STD,"2,183",-107,-4.67,"3,600",2026/07/28
360,360,8115,ムーンバット(株),東証STD,"1,551",-76,-4.67,"9,200",2026/07/28
361,361,7456,松田産業(株),東証PRM,"5,320",-260,-4.66,"90,800",2026/07/28
362,362,7083,ＡＨＣグループ(株),東証GRT,"1,025",-50,-4.65,"18,900",2026/07/28
363,363,7859,(株)アルメディオ,東証STD,205,-10,-4.65,"314,400",2026/07/28
364,364,4422,ＶＡＬＵＥＮＥＸ(株),東証GRT,514,-25,-4.64,"38,900",2026/07/28
365,365,5337,ダントーホールディングス(株),東証STD,801,-39,-4.64,"14,600",2026/07/28
366,366,7776,(株)セルシード,東証GRT,206,-10,-4.63,"223,300",2026/07/28
367,367,9502,中部電力(株),東証PRM,"2,866",-139,-4.63,"6,020,100",2026/07/28
368,368,2160,(株)ジーエヌアイグループ,東証GRT,"2,456",-119,-4.62,"1,217,300",2026/07/28
369,369,3853,アステリア(株),東証PRM,"1,032",-50,-4.62,"232,300",2026/07/28
370,370,4596,窪田製薬ホールディングス(株),東証GRT,62,-3,-4.62,"1,899,600",2026/07/28
371,371,8361,(株)大垣共立銀行,東証PRM,"7,850",-380,-4.62,"196,800",2026/07/28
372,372,6907,ジオマテック(株),東証STD,642,-31,-4.61,"26,300",2026/07/28
373,373,7970,信越ポリマー(株),東証PRM,"2,153",-104,-4.61,"450,500",2026/07/28
374,374,3101,東洋紡(株),東証PRM,"1,538",-74,-4.59,"663,600",2026/07/28
375,375,4956,コニシ(株),東証PRM,"1,413",-68,-4.59,"316,800",2026/07/28
376,376,4055,ティアンドエスグループ(株),東証GRT,"1,438",-69,-4.58,"52,700",2026/07/28
377,377,6724,セイコーエプソン(株),東証PRM,"2,957",-142,-4.58,"1,934,200",2026/07/28
378,378,8508,Ｊトラスト(株),東証STD,791,-38,-4.58,"915,800",2026/07/28
379,379,4401,(株)ＡＤＥＫＡ,東証PRM,"3,876",-185,-4.56,"499,600",2026/07/28
380,380,7608,(株)エスケイジャパン,東証STD,774,-37,-4.56,"133,600",2026/07/28
381,381,3664,(株)ＷＩＺＥ,東証GRT,21,-1,-4.55,"18,386,700",2026/07/28
382,382,6310,井関農機(株),東証PRM,"1,847",-88,-4.55,"104,300",2026/07/28
383,383,6338,(株)タカトリ,東証STD,"1,467",-70,-4.55,"26,100",2026/07/28
384,384,593A,(株)ティアフォー,東証GRT,"1,009",-48,-4.54,"6,832,900",2026/07/28
385,385,6298,ワイエイシイホールディングス(株),東証PRM,"1,115",-53,-4.54,"268,800",2026/07/28
386,386,8132,シナネンホールディングス(株),東証PRM,"6,520",-310,-4.54,"10,900",2026/07/28
387,387,1892,徳倉建設(株),名証MN,"8,040",-380,-4.51,"4,700",2026/07/28
388,388,3825,(株)リミックスポイント,東証STD,191,-9,-4.5,"820,000",2026/07/28
389,389,5711,三菱マテリアル(株),東証PRM,"4,034",-190,-4.5,"1,079,100",2026/07/28
390,390,6330,東洋エンジニアリング(株),東証PRM,"2,001",-94,-4.49,"3,461,300",2026/07/28
391,391,3656,ＫＬａｂ(株),東証PRM,213,-10,-4.48,"1,715,300",2026/07/28
392,392,5820,(株)三ッ星,東証STD,683,-32,-4.48,"56,800",2026/07/28
393,393,6794,フォスター電機(株),東証PRM,"2,751",-129,-4.48,"174,300",2026/07/28
394,394,6806,ヒロセ電機(株),東証PRM,"27,180","-1,275",-4.48,"280,200",2026/07/28
395,395,8392,(株)大分銀行,東証PRM,"2,749",-129,-4.48,"373,700",2026/07/28
396,396,9519,(株)レノバ,東証PRM,983,-46,-4.47,"767,300",2026/07/28
397,397,4063,信越化学工業(株),東証PRM,"5,872",-274,-4.46,"15,490,100",2026/07/28
398,398,8550,(株)栃木銀行,東証PRM,"1,011",-47,-4.44,"719,500",2026/07/28
399,399,9984,ソフトバンクグループ(株),東証PRM,"5,095",-236,-4.43,"59,274,300",2026/07/28
400,400,7746,岡本硝子(株),東証STD,736,-34,-4.42,"348,300",2026/07/28
401,401,9941,太洋物産(株),東証STD,"1,254",-58,-4.42,"58,500",2026/07/28
402,402,1367,iFreeETF TOPIXレバレッジ(2倍)指数,東証ETF,"2,928",-135,-4.41,"73,828",2026/07/28
403,403,4395,(株)アクリート,東証GRT,715,-33,-4.41,"43,800",2026/07/28
404,404,5028,セカンドサイトアナリティカ(株),東証GRT,347,-16,-4.41,"19,300",2026/07/28
405,405,4894,クオリプス(株),東証GRT,"4,130",-190,-4.4,"115,500",2026/07/28
406,406,5698,(株)エンビプロ・ホールディングス,東証STD,763,-35,-4.39,"197,600",2026/07/28
407,407,6635,(株)大日光・エンジニアリング,東証STD,631,-29,-4.39,"92,600",2026/07/28
408,408,6432,(株)竹内製作所,東証PRM,"7,430",-340,-4.38,"231,600",2026/07/28
409,409,6785,(株)鈴木,東証PRM,"2,883",-132,-4.38,"94,000",2026/07/28
410,410,2467,(株)ＶＬＣセキュリティ,名証NXT,175,-8,-4.37,"30,400",2026/07/28
411,411,6471,日本精工(株),東証PRM,"1,095",-50,-4.37,"2,695,500",2026/07/28
412,412,8366,(株)滋賀銀行,東証PRM,"2,606",-119,-4.37,"1,362,900",2026/07/28
413,413,6464,(株)ツバキ・ナカシマ,東証PRM,352,-16,-4.35,"526,300",2026/07/28
414,414,6504,富士電機(株),東証PRM,"12,420",-565,-4.35,"1,299,600",2026/07/28
415,415,6823,リオン(株),東証PRM,"3,295",-150,-4.35,"84,900",2026/07/28
416,416,8338,(株)筑波銀行,東証PRM,660,-30,-4.35,"1,990,700",2026/07/28
417,417,6861,(株)キーエンス,東証PRM,"70,950","-3,220",-4.34,"833,000",2026/07/28
418,418,4261,アジアクエスト(株),東証GRT,"3,090",-140,-4.33,"5,100",2026/07/28
419,419,4462,石原ケミカル(株),東証PRM,"2,805",-127,-4.33,"37,500",2026/07/28
420,420,598A,チャットプラス(株),東証GRT,"1,589",-72,-4.33,"907,300",2026/07/28
421,421,6265,コンバム(株),東証STD,"3,205",-145,-4.33,"8,300",2026/07/28
422,422,6986,双葉電子工業(株),東証PRM,575,-26,-4.33,"400,600",2026/07/28
423,423,9051,センコン物流(株),東証STD,"1,303",-59,-4.33,"1,000",2026/07/28
424,424,4021,日産化学(株),東証PRM,"7,419",-335,-4.32,"681,800",2026/07/28
425,425,6203,豊和工業(株),東証STD,"1,373",-62,-4.32,"329,000",2026/07/28
426,426,9647,(株)協和コンサルタンツ,東証STD,"6,220",-280,-4.31,"4,500",2026/07/28
427,427,4091,日本酸素ホールディングス(株),東証PRM,"5,825",-262,-4.3,"388,300",2026/07/28
428,428,7384,(株)プロクレアホールディングス,東証PRM,"4,225",-190,-4.3,"105,100",2026/07/28
429,429,162A,AIセレクトメガトレンド日本株(ネットリターン)ETN,東証ETF,"16,410",-735,-4.29,65,2026/07/28
430,430,8707,岩井コスモホールディングス(株),東証PRM,"4,135",-185,-4.28,"172,800",2026/07/28
431,431,6231,木村工機(株),東証STD,"12,120",-540,-4.27,"12,100",2026/07/28
432,432,6305,日立建機(株),東証PRM,"5,438",-242,-4.26,"1,106,400",2026/07/28
433,433,2628,iFree 中国科創板50,東証ETF,"4,015",-178,-4.25,"22,586",2026/07/28
434,434,9235,売れるネット広告社グループ(株),東証GRT,496,-22,-4.25,"58,400",2026/07/28
435,435,6810,マクセル(株),東証PRM,"2,079",-92,-4.24,"180,800",2026/07/28
436,436,4574,大幸薬品(株),東証PRM,249,-11,-4.23,"434,900",2026/07/28
437,437,1369,One ETF 日経225,東証ETF,"62,680","-2,760",-4.22,"20,870",2026/07/28
438,438,2164,(株)地域新聞社,東証STD,159,-7,-4.22,"48,700",2026/07/28
439,439,4107,伊勢化学工業(株),東証STD,"3,520",-155,-4.22,"203,800",2026/07/28
440,440,5076,インフロニア・ホールディングス(株),東証PRM,"2,712.5",-119.5,-4.22,"1,883,000",2026/07/28
441,441,6870,日本フェンオール(株),東証STD,"2,431",-107,-4.22,"9,100",2026/07/28
442,442,7819,粧美堂(株),東証STD,953,-42,-4.22,"92,800",2026/07/28
443,443,7741,ＨＯＹＡ(株),東証PRM,"23,685","-1,040",-4.21,"1,044,300",2026/07/28
444,444,8938,グローム・ホールディングス(株),東証GRT,341,-15,-4.21,"3,300",2026/07/28
445,445,4028,石原産業(株),東証PRM,"2,898",-127,-4.2,"386,800",2026/07/28
446,446,5208,(株)有沢製作所,東証PRM,"2,425",-106,-4.19,"231,200",2026/07/28
447,447,6814,古野電気(株),東証PRM,"7,320",-320,-4.19,"635,800",2026/07/28
448,448,8393,(株)宮崎銀行,東証PRM,"2,446",-107,-4.19,"278,200",2026/07/28
449,449,8364,(株)清水銀行,東証PRM,"2,775",-121,-4.18,"24,600",2026/07/28
450,450,1946,(株)トーエネック,東証PRM,"2,069",-90,-4.17,"268,300",2026/07/28
451,451,6730,(株)アクセル,東証STD,"1,080",-47,-4.17,"75,400",2026/07/28
452,452,6740,(株)ジャパンディスプレイ,東証PRM,46,-2,-4.17,"9,001,700",2026/07/28
453,453,6850,(株)チノー,東証PRM,"1,563",-68,-4.17,"52,000",2026/07/28
454,454,8344,(株)山形銀行,東証PRM,"4,020",-175,-4.17,"155,000",2026/07/28
455,455,8698,マネックスグループ(株),東証PRM,712,-31,-4.17,"2,093,900",2026/07/28
456,456,6159,ミクロン精密(株),東証STD,"1,799",-78,-4.16,"1,100",2026/07/28
457,457,8346,(株)東邦銀行,東証PRM,898,-39,-4.16,"1,045,600",2026/07/28
458,458,6363,(株)酉島製作所,東証PRM,"2,725",-118,-4.15,"163,600",2026/07/28
459,459,3635,(株)コーエーテクモホールディングス,東証PRM,"1,530",-66,-4.14,"4,512,700",2026/07/28
460,460,4592,サンバイオ(株),東証GRT,926,-40,-4.14,"931,100",2026/07/28
461,461,2638,GX ロボティクス＆AI-日本株式,東証ETF,"2,553",-110,-4.13,"101,591",2026/07/28
462,462,3741,(株)セック,東証PRM,"2,876",-124,-4.13,"104,600",2026/07/28
463,463,4008,住友精化(株),東証PRM,"1,230",-53,-4.13,"204,400",2026/07/28
464,464,6284,日精エー・エス・ビー機械(株),東証PRM,"8,820",-380,-4.13,"38,100",2026/07/28
465,465,1329,iシェアーズ・コア 日経225ETF,東証ETF,"6,499",-279,-4.12,"911,479",2026/07/28
466,466,2345,(株)ＨＯＤＬ１,東証STD,93,-4,-4.12,"251,800",2026/07/28
467,467,546A,ＭＩＲＡＩＮＩホールディングス(株),東証PRM,"2,189",-94,-4.12,"216,900",2026/07/28
468,468,6223,(株)西部技研,東証STD,"1,980",-85,-4.12,"76,400",2026/07/28
469,469,8524,(株)北洋銀行,東証PRM,"1,211",-52,-4.12,"2,026,200",2026/07/28
470,470,6634,(株)ＪＮグループ,東証STD,70,-3,-4.11,"113,200",2026/07/28
471,471,1578,上場インデックスファンド日経225(ミニ),東証ETF,"4,978",-213,-4.1,"14,744",2026/07/28
472,472,8368,(株)百五銀行,東証PRM,"2,036",-87,-4.1,"1,052,900",2026/07/28
473,473,8591,オリックス(株),東証PRM,"6,400",-273,-4.09,"4,200,700",2026/07/28
474,474,4064,日本カーバイド工業(株),東証PRM,"3,175",-135,-4.08,"68,600",2026/07/28
475,475,6157,日進工具(株),東証STD,916,-39,-4.08,"122,200",2026/07/28
476,476,7603,ジーイエット(株),東証STD,47,-2,-4.08,"776,400",2026/07/28
477,477,7777,(株)スリー・ディー・マトリックス,東証GRT,329,-14,-4.08,"1,769,100",2026/07/28
478,478,5659,日本精線(株),東証PRM,"1,342",-57,-4.07,"175,200",2026/07/28
479,479,5714,ＤＯＷＡホールディングス(株),東証PRM,"8,089",-343,-4.07,"544,300",2026/07/28
480,480,2158,(株)ＦＲＯＮＴＥＯ,東証GRT,614,-26,-4.06,"229,200",2026/07/28
481,481,1631,(NEXT FUNDS)銀行上場投信,東証ETF,"40,530","-1,710",-4.05,"36,815",2026/07/28
482,482,4222,児玉化学工業(株),東証STD,569,-24,-4.05,"287,800",2026/07/28
483,483,4591,(株)リボミック,東証GRT,71,-3,-4.05,"901,900",2026/07/28
484,484,6030,(株)アドベンチャー,東証GRT,"1,470",-62,-4.05,"5,100",2026/07/28
485,485,6343,フリージア・マクロス(株),東証STD,142,-6,-4.05,"157,600",2026/07/28
486,486,8337,(株)千葉興業銀行,東証PRM,"2,677",-113,-4.05,"155,300",2026/07/28
487,487,413A,iFreeETF キャセイ台湾テックリーダー指数,東証ETF,"3,559",-150,-4.04,"3,107",2026/07/28
488,488,1321,(NEXT FUNDS)日経225連動型上場投信,東証ETF,"64,570","-2,710",-4.03,"414,393",2026/07/28
489,489,1945,(株)東京エネシス,東証PRM,"1,955",-82,-4.03,"218,200",2026/07/28
490,490,5998,(株)アドバネクス,東証STD,"2,617",-110,-4.03,"14,900",2026/07/28
491,491,6588,東芝テック(株),東証PRM,"3,095",-130,-4.03,"190,200",2026/07/28
492,492,1330,上場インデックスファンド225,東証ETF,"64,600","-2,700",-4.01,"44,069",2026/07/28
493,493,5563,新日本電工(株),東証PRM,407,-17,-4.01,"822,100",2026/07/28
494,494,6875,(株)メガチップス,東証PRM,"9,100",-380,-4.01,"127,900",2026/07/28
495,495,1346,MAXIS 日経225上場投信,東証ETF,"64,510","-2,690",-4.0,"29,891",2026/07/28
496,496,6763,帝国通信工業(株),東証PRM,"2,833",-118,-4.0,"16,800",2026/07/28
497,497,550A,(株)ソフトテックス,東証STD,"2,237",-93,-3.99,"4,000",2026/07/28
498,498,8050,セイコーグループ(株),東証PRM,"7,450",-310,-3.99,"266,300",2026/07/28
499,499,1615,(NEXT FUNDS)東証銀行業株価指数連動型上場投信,東証ETF,750.9,-31.1,-3.98,"7,660,380",2026/07/28
500,500,5214,日本電気硝子(株),東証PRM,"5,384",-223,-3.98,"680,900",2026/07/28
501,501,6103,オークマ(株),東証PRM,"4,820",-200,-3.98,"474,200",2026/07/28
502,502,2042,NEXT NOTES 東証グロース市場250 ETN,東証ETF,"7,015",-290,-3.97,591,2026/07/28
503,503,4378,(株)ＣＩＮＣ,東証GRT,460,-19,-3.97,"37,000",2026/07/28
504,504,2632,MAXIS ナスダック100上場投信(H有),東証ETF,"16,870",-695,-3.96,"2,992",2026/07/28
505,505,3131,シンデン・ハイテックス(株),東証STD,"3,395",-140,-3.96,"14,200",2026/07/28
506,506,8544,(株)京葉銀行,東証PRM,"2,819",-116,-3.95,"658,600",2026/07/28
507,507,9304,澁澤倉庫(株),東証PRM,"1,727",-71,-3.95,"325,100",2026/07/28
508,508,1449,(株)ＦＵＪＩジャパン,札証,318,-13,-3.93,300,2026/07/28
509,509,7357,(株)ジオコード,東証STD,"1,615",-66,-3.93,"15,000",2026/07/28
510,510,1663,Ｋ＆Ｏエナジーグループ(株),東証PRM,"1,801",-73,-3.9,"261,600",2026/07/28
511,511,6619,ダブル・スコープ(株),東証PRM,148,-6,-3.9,"3,423,900",2026/07/28
512,512,1320,iFreeETF 日経225(年1回決算型),東証ETF,"64,400","-2,610",-3.89,"73,595",2026/07/28
513,513,2351,(株)ＡＳＪ,東証STD,321,-13,-3.89,"8,100",2026/07/28
514,514,404A,GX チャイナテック・トップ10,東証ETF,"1,308",-53,-3.89,"8,015",2026/07/28
515,515,4570,(株)免疫生物研究所,東証GRT,940,-38,-3.89,"91,600",2026/07/28
516,516,7003,(株)三井Ｅ＆Ｓ,東証PRM,"4,923",-199,-3.89,"3,450,900",2026/07/28
517,517,2525,NZAM 上場投信 日経225,東証ETF,"63,110","-2,550",-3.88,"4,341",2026/07/28
518,518,3691,(株)デジタルプラス,東証GRT,"1,536",-62,-3.88,"9,900",2026/07/28
519,519,6247,(株)日阪製作所,東証PRM,"1,635",-66,-3.88,"43,900",2026/07/28
520,520,8316,(株)三井住友フィナンシャルグループ,東証PRM,"6,934",-280,-3.88,"14,821,600",2026/07/28
521,521,1397,SMDAM 日経225上場投信,東証ETF,"63,100","-2,540",-3.87,"4,558",2026/07/28
522,522,6638,(株)ミマキエンジニアリング,東証PRM,"2,113",-85,-3.87,"112,100",2026/07/28
523,523,7762,シチズン時計(株),東証PRM,"2,140",-86,-3.86,"1,185,700",2026/07/28
524,524,8377,(株)ほくほくフィナンシャルグループ,東証PRM,"7,696",-309,-3.86,"586,200",2026/07/28
525,525,190A,Ｃｈｏｒｄｉａ　Ｔｈｅｒａｐｅｕｔｉｃｓ(株),東証GRT,75,-3,-3.85,"320,000",2026/07/28
526,526,3841,(株)ジーダット,東証STD,"1,200",-48,-3.85,"4,700",2026/07/28
527,527,6748,星和電機(株),東証STD,724,-29,-3.85,"7,300",2026/07/28
528,528,3103,ユニチカ(株),東証STD,826,-33,-3.84,"2,013,600",2026/07/28
529,529,3417,大木ヘルスケアホールディングス(株),東証STD,"1,052",-42,-3.84,"33,300",2026/07/28
530,530,8362,(株)福井銀行,東証PRM,"6,010",-240,-3.84,"67,300",2026/07/28
531,531,7236,(株)ティラド,東証PRM,"1,481",-59,-3.83,"352,800",2026/07/28
532,532,4393,(株)バンク・オブ・イノベーション,東証GRT,"4,655",-185,-3.82,"28,300",2026/07/28
533,533,6597,ＨＰＣシステムズ(株),東証GRT,"3,275",-130,-3.82,"67,500",2026/07/28
534,534,7901,(株)マツモト,東証STD,831,-33,-3.82,"9,800",2026/07/28
535,535,315A,GX 銀行 高配当-日本株式,東証ETF,"1,942",-77,-3.81,"2,686,005",2026/07/28
536,536,5757,(株)ＣＫサンエツ,東証PRM,"5,050",-200,-3.81,"12,700",2026/07/28
537,537,6182,(株)メタリアル,東証GRT,429,-17,-3.81,"51,900",2026/07/28
538,538,6615,ユー・エム・シー・エレクトロニクス(株),東証PRM,227,-9,-3.81,"52,800",2026/07/28
539,539,9085,北海道中央バス(株),札証,"5,550",-220,-3.81,500,2026/07/28
540,540,4073,(株)ジィ・シィ企画,東証GRT,456,-18,-3.8,"13,700",2026/07/28
541,541,8336,(株)武蔵野銀行,東証PRM,"2,706",-107,-3.8,"327,900",2026/07/28
542,542,589A,ネイス(株),東証GRT,"1,193",-47,-3.79,"415,000",2026/07/28
543,543,4565,ネクセラファーマ(株),東証PRM,867,-34,-3.77,"701,200",2026/07/28
544,544,392A,iシェアーズ NASDAQ トップ 30,東証ETF,266.5,-10.4,-3.76,"211,830",2026/07/28
545,545,4976,東洋ドライルーブ(株),東証STD,"1,280",-50,-3.76,"3,300",2026/07/28
546,546,3712,(株)情報企画,東証STD,"1,055",-41,-3.74,"13,200",2026/07/28
547,547,6482,ＹＵＳＨＩＮ(株),東証STD,669,-26,-3.74,"84,100",2026/07/28
548,548,8061,西華産業(株),東証PRM,"2,548",-99,-3.74,"176,600",2026/07/28
549,549,1620,(NEXT FUNDS)素材･化学上場投信,東証ETF,"36,160","-1,400",-3.73,853,2026/07/28
550,550,1893,五洋建設(株),東証PRM,"1,524.5",-59,-3.73,"1,468,500",2026/07/28
551,551,3036,アルコニックス(株),東証PRM,"2,527",-98,-3.73,"127,200",2026/07/28
552,552,338A,(株)ＺｅｎｍｕＴｅｃｈ,東証GRT,"2,222",-86,-3.73,"53,800",2026/07/28
553,553,4888,ステラファーマ(株),東証GRT,310,-12,-3.73,"208,300",2026/07/28
554,554,6023,ダイハツインフィニアース(株),東証STD,"2,734",-106,-3.73,"151,700",2026/07/28
555,555,6637,寺崎電気産業(株),東証STD,"4,010",-155,-3.72,"66,000",2026/07/28
556,556,7161,(株)じもとホールディングス,東証STD,518,-20,-3.72,"61,500",2026/07/28
557,557,8522,(株)名古屋銀行,東証PRM,"6,730",-260,-3.72,"130,300",2026/07/28
558,558,9270,バリュエンスホールディングス(株),東証GRT,"1,838",-71,-3.72,"92,600",2026/07/28
559,559,6908,イリソ電子工業(株),東証PRM,"2,782",-107,-3.7,"128,600",2026/07/28
560,560,7322,(株)三十三フィナンシャルグループ,東証PRM,"1,978",-76,-3.7,"384,400",2026/07/28
561,561,2624,iFreeETF 日経225(年4回決算型),東証ETF,"6,298",-241,-3.69,"85,774",2026/07/28
562,562,4937,(株)Ｗａｑｏｏ,東証GRT,"1,512",-58,-3.69,600,2026/07/28
563,563,2867,GX 自動運転&EV,東証ETF,"1,702",-65,-3.68,"2,506",2026/07/28
564,564,473A,ニッセイ ETF 日経225インデックス,東証ETF,"1,256",-48,-3.68,"70,289",2026/07/28
565,565,6703,ＯＫＩ,東証PRM,"3,275",-125,-3.68,"692,200",2026/07/28
566,566,137A,Ｃｏｃｏｌｉｖｅ(株),東証GRT,682,-26,-3.67,"2,300",2026/07/28
567,567,6835,アライドテレシスホールディングス(株),東証STD,236,-9,-3.67,"489,400",2026/07/28
568,568,8331,(株)千葉銀行,東証PRM,"2,702",-103,-3.67,"2,447,000",2026/07/28
569,569,1673,WisdomTree 銀上場投信,東証ETF,"8,510",-323,-3.66,"6,330",2026/07/28
570,570,402A,(株)アクセルスペースホールディングス,東証GRT,449,-17,-3.65,"1,553,000",2026/07/28
571,571,1798,(株)守谷商会,東証STD,"1,060",-40,-3.64,"5,100",2026/07/28
572,572,3747,(株)インタートレード,東証STD,397,-15,-3.64,"16,800",2026/07/28
573,573,6208,(株)石川製作所,東証STD,"1,590",-60,-3.64,"57,700",2026/07/28
574,574,8729,ソニーフィナンシャルグループ(株),東証PRM,156.1,-5.9,-3.64,"60,918,200",2026/07/28
575,575,6033,(株)エクストリーム,東証GRT,"1,672",-63,-3.63,"30,200",2026/07/28
576,576,6817,スミダコーポレーション(株),東証PRM,"1,301",-49,-3.63,"478,000",2026/07/28
577,577,8306,(株)三菱ＵＦＪフィナンシャル・グループ,東証PRM,"3,661",-138,-3.63,"58,207,600",2026/07/28
578,578,1965,(株)テクノ菱和,東証STD,"6,120",-230,-3.62,"60,500",2026/07/28
579,579,349A,SMDAM Active ETF 日本グロース株,東証ETF,813.6,-30.6,-3.62,"5,060",2026/07/28
580,580,3512,日本フエルト(株),東証STD,933,-35,-3.62,"19,800",2026/07/28
581,581,7425,初穂商事(株),東証STD,"1,171",-44,-3.62,"2,600",2026/07/28
582,582,1997,暁飯島工業(株),東証STD,"3,750",-140,-3.6,"9,300",2026/07/28
583,583,7716,(株)ナカニシ,東証STD,"3,080",-115,-3.6,"216,800",2026/07/28
584,584,8345,(株)岩手銀行,東証PRM,"2,278",-85,-3.6,"309,900",2026/07/28
585,585,7480,スズデン(株),東証STD,"2,360",-88,-3.59,"40,800",2026/07/28
586,586,8418,(株)山口フィナンシャルグループ,東証PRM,"3,058",-114,-3.59,"573,500",2026/07/28
587,587,4973,日本高純度化学(株),東証PRM,"4,305",-160,-3.58,"215,400",2026/07/28
588,588,6339,新東工業(株),東証PRM,"1,130",-42,-3.58,"123,000",2026/07/28
589,589,2802,味の素(株),東証PRM,"4,888",-181,-3.57,"5,081,400",2026/07/28
590,590,3667,(株)ｅｎｉｓｈ,東証STD,27,-1,-3.57,"661,400",2026/07/28
591,591,4167,(株)ココペリ,東証GRT,297,-11,-3.57,"14,000",2026/07/28
592,592,7537,丸文(株),東証PRM,"1,650",-61,-3.57,"138,600",2026/07/28
593,593,1542,純銀上場信託(現物国内保管型),東証ETF,"27,260","-1,005",-3.56,"57,250",2026/07/28
594,594,5142,アキレス(株),東証PRM,"1,245",-46,-3.56,"35,500",2026/07/28
595,595,7946,(株)光陽社,名証MN,352,-13,-3.56,400,2026/07/28
596,596,1975,(株)朝日工業社,東証PRM,"3,940",-145,-3.55,"80,400",2026/07/28
597,597,4259,(株)エクサウィザーズ,東証GRT,788,-29,-3.55,"1,209,500",2026/07/28
598,598,5446,北越メタル(株),東証STD,"1,087",-40,-3.55,"27,400",2026/07/28
599,599,577A,GX シルバー,東証ETF,231,-8.5,-3.55,"4,480",2026/07/28
600,600,4169,ＥＮＥＣＨＡＮＧＥ(株),東証GRT,218,-8,-3.54,"554,600",2026/07/28
601,601,5301,東海カーボン(株),東証PRM,"1,567.5",-57.5,-3.54,"2,521,700",2026/07/28
602,602,6731,(株)ピクセラ,東証STD,109,-4,-3.54,"200,400",2026/07/28
603,603,4425,Ｋｕｄａｎ(株),東証GRT,"1,668",-61,-3.53,"148,000",2026/07/28
604,604,223A,GX AI&ビッグデータ,東証ETF,"1,671",-61,-3.52,"44,892",2026/07/28
605,605,6135,(株)牧野フライス製作所,東証PRM,"14,270",-520,-3.52,"306,800",2026/07/28
606,606,6472,ＮＴＮ(株),東証PRM,367.3,-13.4,-3.52,"3,353,800",2026/07/28
607,607,6912,菊水ホールディングス(株),東証STD,"1,837",-67,-3.52,"11,200",2026/07/28
608,608,290A,(株)Ｓｙｎｓｐｅｃｔｉｖｅ,東証GRT,"1,100",-40,-3.51,"1,394,300",2026/07/28
609,609,4471,三洋化成工業(株),東証PRM,"4,810",-175,-3.51,"46,200",2026/07/28
610,610,6882,(株)三社電機製作所,東証STD,"1,098",-40,-3.51,"85,800",2026/07/28
611,611,4183,三井化学(株),東証PRM,"2,129",-77,-3.49,"1,953,400",2026/07/28
612,612,8159,(株)立花エレテック,東証PRM,"3,320",-120,-3.49,"28,400",2026/07/28
613,613,2488,ＪＴＰ(株),東証STD,"1,385",-50,-3.48,"46,000",2026/07/28
614,614,4031,片倉コープアグリ(株),東証STD,"1,025",-37,-3.48,"18,200",2026/07/28
615,615,4042,東ソー(株),東証PRM,"2,745",-99,-3.48,"1,346,000",2026/07/28
616,616,5279,日本興業(株),東証STD,"1,164",-42,-3.48,"11,700",2026/07/28
617,617,7022,サノヤスホールディングス(株),東証STD,305,-11,-3.48,"225,400",2026/07/28
618,618,1658,iシェアーズ･コア MSCI 新興国株 ETF,東証ETF,"4,175",-150,-3.47,"13,741",2026/07/28
619,619,3558,ジェイドグループ(株),東証GRT,"1,620",-58,-3.46,"100,900",2026/07/28
620,620,7745,(株)Ａ＆Ｄホロンホールディングス,東証PRM,"2,870",-103,-3.46,"128,800",2026/07/28
621,621,6955,ＦＤＫ(株),東証STD,392,-14,-3.45,"178,700",2026/07/28
622,622,9960,東テク(株),東証PRM,"3,930",-140,-3.44,"74,800",2026/07/28
623,623,2520,(NEXT FUNDS)新興国株式･MSCI EM･(H無),東証ETF,"2,260",-80,-3.42,"5,842",2026/07/28
624,624,4011,(株)ヘッドウォータース,東証GRT,"1,919",-68,-3.42,"47,200",2026/07/28
625,625,8624,いちよし証券(株),東証PRM,"1,497",-53,-3.42,"151,800",2026/07/28
626,626,3392,デリカフーズホールディングス(株),東証STD,821,-29,-3.41,"29,400",2026/07/28
627,627,8011,(株)三陽商会,東証PRM,"4,680",-165,-3.41,"58,700",2026/07/28
628,628,9115,明海グループ(株),東証STD,851,-30,-3.41,"44,500",2026/07/28
629,629,4208,ＵＢＥ(株),東証PRM,"3,213",-113,-3.4,"1,143,700",2026/07/28
630,630,5729,日本精鉱(株),東証STD,"1,534",-54,-3.4,"17,200",2026/07/28
631,631,3896,阿波製紙(株),東証STD,371,-13,-3.39,"32,200",2026/07/28
632,632,6798,ＳＭＫ(株),東証PRM,"3,000",-105,-3.38,"70,400",2026/07/28
633,633,7047,ポート(株),東証GRT,"2,346",-82,-3.38,"82,500",2026/07/28
634,634,9651,日本プロセス(株),東証STD,"1,884",-66,-3.38,"30,200",2026/07/28
635,635,257A,SMT ETF日本株厳選投資アクティブ,東証ETF,"3,300",-115,-3.37,536,2026/07/28
636,636,4631,ＤＩＣ(株),東証PRM,"4,384",-153,-3.37,"451,200",2026/07/28
637,637,4889,(株)レナサイエンス,東証GRT,"1,493",-52,-3.37,"142,700",2026/07/28
638,638,6574,(株)コンヴァノ,東証GRT,86,-3,-3.37,"434,800",2026/07/28
639,639,6592,マブチモーター(株),東証PRM,"1,648",-57.5,-3.37,"1,309,900",2026/07/28
640,640,5953,昭和鉄工(株),福証,"7,200",-250,-3.36,100,2026/07/28
641,641,6629,テクノホライゾン(株),東証STD,948,-33,-3.36,"391,200",2026/07/28
642,642,6167,冨士ダイス(株),東証PRM,924,-32,-3.35,"112,000",2026/07/28
643,643,6977,(株)日本抵抗器製作所,東証STD,"1,384",-48,-3.35,"6,700",2026/07/28
644,644,6998,日本タングステン(株),東証STD,"1,844",-64,-3.35,"40,600",2026/07/28
645,645,7875,竹田ｉＰホールディングス(株),東証STD,780,-27,-3.35,"46,300",2026/07/28
646,646,6864,(株)エヌエフホールディングス,東証STD,"1,507",-52,-3.34,"91,800",2026/07/28
647,647,7018,内海造船(株),東証STD,"10,720",-370,-3.34,"38,800",2026/07/28
648,648,1585,iFreeETF TOPIX Ex-Financials,東証ETF,"2,587",-89,-3.33,60,2026/07/28
649,649,2315,(株)ＣＡＩＣＡ　ＤＩＧＩＴＡＬ,東証STD,58,-2,-3.33,"3,285,900",2026/07/28
650,650,5255,(株)モンスターラボ,東証GRT,87,-3,-3.33,"352,100",2026/07/28
651,651,6364,(株)ＡＩＲＭＡＮ,東証PRM,"1,943",-67,-3.33,"40,000",2026/07/28
652,652,8359,(株)八十二長野銀行,東証PRM,"2,609.5",-90,-3.33,"1,925,100",2026/07/28
653,653,8617,光世証券(株),東証STD,551,-19,-3.33,"69,200",2026/07/28
654,654,1871,ピーエス・コンストラクション(株),東証PRM,"2,213",-76,-3.32,"65,400",2026/07/28
655,655,6466,(株)ＴＶＥ,東証STD,"3,930",-135,-3.32,"13,900",2026/07/28
656,656,568A,iシェアーズ シルバー,東証ETF,154.6,-5.3,-3.31,"46,110",2026/07/28
657,657,8343,(株)秋田銀行,東証PRM,"7,590",-260,-3.31,"112,000",2026/07/28
658,658,350A,デジタルグリッド(株),東証GRT,732,-25,-3.3,"537,900",2026/07/28
659,659,4205,日本ゼオン(株),東証PRM,"2,182.5",-74.5,-3.3,"767,600",2026/07/28
660,660,8358,スルガ銀行(株),東証PRM,"2,667",-91,-3.3,"891,700",2026/07/28
661,661,206A,(株)ＰＲＩＳＭ　ＢｉｏＬａｂ,東証GRT,147,-5,-3.29,"88,400",2026/07/28
662,662,7184,(株)富山第一銀行,東証PRM,"3,090",-105,-3.29,"259,600",2026/07/28
663,663,8334,(株)群馬銀行,東証PRM,"2,571",-87.5,-3.29,"1,131,000",2026/07/28
664,664,6351,(株)鶴見製作所,東証PRM,"2,157",-73,-3.27,"55,000",2026/07/28
665,665,6644,大崎電気工業(株),東証PRM,"1,478",-50,-3.27,"299,700",2026/07/28
666,666,7337,(株)ひろぎんホールディングス,東証PRM,"2,275.5",-77,-3.27,"984,100",2026/07/28
667,667,8002,丸紅(株),東証PRM,"5,272",-178,-3.27,"4,616,700",2026/07/28
668,668,9385,(株)ショーエイコーポレーション,東証STD,768,-26,-3.27,"11,600",2026/07/28
669,669,9514,(株)エフオン,東証STD,325,-11,-3.27,"90,600",2026/07/28
670,670,4499,(株)Ｓｐｅｅｅ,東証STD,"2,074",-70,-3.26,"50,600",2026/07/28
671,671,8137,サンワテクノス(株),東証PRM,"3,710",-125,-3.26,"69,900",2026/07/28
672,672,1681,上場インデックスファンド海外新興国株式,東証ETF,"3,250",-109,-3.25,"1,043",2026/07/28
673,673,1963,日揮ホールディングス(株),東証PRM,"2,294",-77,-3.25,"2,103,800",2026/07/28
674,674,6255,(株)エヌ・ピー・シー,東証GRT,596,-20,-3.25,"244,700",2026/07/28
675,675,6648,(株)かわでん,東証STD,"1,666",-56,-3.25,"63,000",2026/07/28
676,676,7781,(株)平山ホールディングス,東証STD,775,-26,-3.25,"23,200",2026/07/28
677,677,9212,Ｇｒｅｅｎ　Ｅａｒｔｈ　Ｉｎｓｔｉｔｕｔｅ(株),東証GRT,268,-9,-3.25,"56,500",2026/07/28
678,678,5631,(株)日本製鋼所,東証PRM,"7,429",-249,-3.24,"601,800",2026/07/28
679,679,7435,(株)ナ・デックス,東証STD,"1,163",-39,-3.24,"53,200",2026/07/28
680,680,7637,白銅(株),東証PRM,"3,285",-110,-3.24,"40,200",2026/07/28
681,681,8154,加賀電子(株),東証PRM,"4,330",-145,-3.24,"146,600",2026/07/28
682,682,8354,(株)ふくおかフィナンシャルグループ,東証PRM,"7,550",-253,-3.24,"752,900",2026/07/28
683,683,2469,ヒビノ(株),東証STD,"2,724",-91,-3.23,"27,500",2026/07/28
684,684,4840,(株)トライアイズ,東証STD,539,-18,-3.23,"15,600",2026/07/28
685,685,578A,GX シルバー (H有),東証ETF,222.5,-7.4,-3.22,480,2026/07/28
686,686,3306,日本製麻(株),東証STD,813,-27,-3.21,"48,500",2026/07/28
687,687,5537,(株)ＡｌｂａＬｉｎｋ,東証GRT,"2,804",-93,-3.21,"43,800",2026/07/28
688,688,6586,(株)マキタ,東証PRM,"5,672",-188,-3.21,"707,000",2026/07/28
689,689,7271,(株)安永,東証STD,936,-31,-3.21,"49,300",2026/07/28
690,690,8708,アイザワ証券グループ(株),東証PRM,"1,600",-53,-3.21,"203,200",2026/07/28
691,691,1938,日本リーテック(株),東証PRM,"2,448",-81,-3.2,"99,500",2026/07/28
692,692,1952,新日本空調(株),東証PRM,"3,340",-110,-3.19,"300,000",2026/07/28
693,693,6245,(株)ヒラノテクシード,東証STD,"1,577",-52,-3.19,"164,600",2026/07/28
694,694,1599,iFreeETF JPX日経400,東証ETF,"36,520","-1,200",-3.18,33,2026/07/28
695,695,2250,iシェアーズ MSCI ジャパン気候変動アクション ETF,東証ETF,362.2,-11.9,-3.18,"51,970",2026/07/28
696,696,369A,(株)エータイ,東証GRT,"2,226",-73,-3.18,"16,200",2026/07/28
697,697,7030,(株)スプリックス,東証STD,"1,156",-38,-3.18,"22,800",2026/07/28
698,698,7701,(株)島津製作所,東証PRM,"4,138",-136,-3.18,"951,600",2026/07/28
699,699,8558,(株)東和銀行,東証PRM,"1,401",-46,-3.18,"192,400",2026/07/28
700,700,1514,住石ホールディングス(株),東証STD,581,-19,-3.17,"233,500",2026/07/28
701,701,3105,日清紡ホールディングス(株),東証PRM,"2,170",-71,-3.17,"889,100",2026/07/28
702,702,5243,ｎｏｔｅ(株),東証GRT,"2,045",-67,-3.17,"258,700",2026/07/28
703,703,6366,千代田化工建設(株),東証STD,703,-23,-3.17,"3,944,800",2026/07/28
704,704,8609,(株)岡三証券グループ,東証PRM,"1,039",-34,-3.17,"469,100",2026/07/28
705,705,3810,サイバーステップホールディングス(株),東証STD,153,-5,-3.16,"265,800",2026/07/28
706,706,4588,オンコリスバイオファーマ(株),東証GRT,"2,491",-81,-3.15,"435,600",2026/07/28
707,707,5816,オーナンバ(株),東証STD,"1,535",-50,-3.15,"61,000",2026/07/28
708,708,2237,iFreeETF S&P500レバレッジ,東証ETF,"2,286",-74,-3.14,"12,781",2026/07/28
709,709,3936,(株)グローバルウェイ,東証GRT,154,-5,-3.14,"214,600",2026/07/28
710,710,478A,(株)フツパー,東証GRT,740,-24,-3.14,"49,000",2026/07/28
711,711,3494,(株)マリオン,東証STD,434,-14,-3.13,"20,200",2026/07/28
712,712,4346,(株)ＮＥＸＹＺ．Ｇｒｏｕｐ,東証STD,775,-25,-3.13,"50,700",2026/07/28
713,713,4883,(株)モダリス,東証GRT,31,-1,-3.13,"1,762,200",2026/07/28
714,714,6046,(株)リンクバル,東証STD,124,-4,-3.13,"30,700",2026/07/28
715,715,9704,(株)アゴーラホスピタリティーグループ,東証STD,31,-1,-3.13,"1,218,100",2026/07/28
716,716,2087,NZAM 上場投信 NASDAQ100(H有),東証ETF,"3,265",-105,-3.12,88,2026/07/28
717,717,5830,(株)いよぎんホールディングス,東証PRM,"3,667",-118,-3.12,"1,619,400",2026/07/28
718,718,6229,(株)オーケーエム,東証STD,"1,553",-50,-3.12,"30,700",2026/07/28
719,719,9147,ＮＩＰＰＯＮ　ＥＸＰＲＥＳＳホールディングス(株),東証PRM,"5,367",-173,-3.12,"1,320,500",2026/07/28
720,720,3350,(株)メタプラネット,東証STD,218,-7,-3.11,"17,824,900",2026/07/28
721,721,9353,櫻島埠頭(株),東証STD,"2,960",-95,-3.11,"5,200",2026/07/28
722,722,1869,名工建設(株),名証MN,"1,936",-62,-3.1,"36,800",2026/07/28
723,723,1979,(株)大気社,東証PRM,"4,375",-140,-3.1,"384,900",2026/07/28
724,724,6016,(株)ジャパンエンジンコーポレーション,東証STD,"9,390",-300,-3.1,"178,200",2026/07/28
725,725,6599,エブレン(株),東証STD,"2,904",-93,-3.1,800,2026/07/28
726,726,153A,(株)カウリス,東証GRT,"1,190",-38,-3.09,"27,400",2026/07/28
727,727,265A,Ｈｍｃｏｍｍ(株),東証GRT,659,-21,-3.09,"11,400",2026/07/28
728,728,4113,田岡化学工業(株),東証STD,783,-25,-3.09,"68,000",2026/07/28
729,729,5380,新東(株),東証STD,"1,065",-34,-3.09,400,2026/07/28
730,730,6822,大井電気(株),東証STD,"5,340",-170,-3.09,"4,100",2026/07/28
731,731,6302,住友重機械工業(株),東証PRM,"5,252",-167,-3.08,"910,200",2026/07/28
732,732,7327,(株)第四北越フィナンシャルグループ,東証PRM,"2,328",-74,-3.08,"788,800",2026/07/28
733,733,9229,(株)サンウェルズ,東証PRM,126,-4,-3.08,"269,600",2026/07/28
734,734,1736,(株)オーテック,東証STD,"2,433",-77,-3.07,"3,900",2026/07/28
735,735,2531,宝ホールディングス(株),東証PRM,"2,118.5",-67,-3.07,"546,600",2026/07/28
736,736,4549,栄研化学(株),東証PRM,"2,462",-78,-3.07,"357,700",2026/07/28
737,737,6858,(株)小野測器,東証STD,789,-25,-3.07,"327,500",2026/07/28
738,738,7180,(株)九州フィナンシャルグループ,東証PRM,"1,560.5",-49.5,-3.07,"1,259,300",2026/07/28
739,739,4189,ＫＨネオケム(株),東証PRM,"3,010",-95,-3.06,"111,100",2026/07/28
740,740,4902,コニカミノルタ(株),東証PRM,661.5,-20.9,-3.06,"4,205,900",2026/07/28
741,741,5817,ＪＭＡＣＳ(株),東証STD,886,-28,-3.06,"88,600",2026/07/28
742,742,7065,ユーピーアール(株),東証STD,981,-31,-3.06,"30,400",2026/07/28
743,743,242A,(株)リプライオリティ,福岡Q,541,-17,-3.05,600,2026/07/28
744,744,8747,豊トラスティ証券(株),東証STD,"2,351",-74,-3.05,"15,600",2026/07/28
745,745,6651,日東工業(株),東証PRM,"4,310",-135,-3.04,"89,800",2026/07/28
746,746,1982,日比谷総合設備(株),東証PRM,"2,850",-89,-3.03,"76,400",2026/07/28
747,747,3401,帝人(株),東証PRM,"1,681",-52.5,-3.03,"697,500",2026/07/28
748,748,4493,(株)サイバーセキュリティクラウド,東証GRT,"1,761",-55,-3.03,"78,100",2026/07/28
749,749,5707,東邦亜鉛(株),東証PRM,832,-26,-3.03,"492,800",2026/07/28
750,750,6333,(株)ＴＥＩＫＯＫＵ,東証PRM,"3,200",-100,-3.03,"35,500",2026/07/28
751,751,6494,(株)ＮＦＫホールディングス,東証STD,96,-3,-3.03,"318,400",2026/07/28
752,752,1688,WisdomTree 穀物上場投信,東証ETF,590.1,-18.4,-3.02,"22,900",2026/07/28
753,753,3996,サインポスト(株),東証STD,193,-6,-3.02,"62,700",2026/07/28
754,754,4097,高圧ガス工業(株),東証PRM,"1,090",-34,-3.02,"86,100",2026/07/28
755,755,1812,鹿島,東証PRM,"5,485",-170,-3.01,"1,498,700",2026/07/28
756,756,5834,ＳＢＩリーシングサービス(株),東証GRT,"2,743",-85,-3.01,"72,200",2026/07/28
757,757,5071,(株)ヴィス,東証STD,"1,421",-44,-3.0,"2,600",2026/07/28
758,758,8395,(株)佐賀銀行,東証PRM,"5,820",-180,-3.0,"73,100",2026/07/28
759,759,1498,One ETF ESG,東証ETF,"31,480",-970,-2.99,712,2026/07/28
760,760,6144,西部電機(株),東証STD,"2,755",-85,-2.99,"8,300",2026/07/28
761,761,6745,ホーチキ(株),東証PRM,"1,913",-59,-2.99,"128,200",2026/07/28
762,762,8152,ソマール(株),東証STD,"7,450",-230,-2.99,"2,800",2026/07/28
763,763,9854,愛眼(株),東証STD,260,-8,-2.99,"54,600",2026/07/28
764,764,1493,One ETF JPX日経中小型,東証ETF,"24,600",-755,-2.98,261,2026/07/28
765,765,7189,(株)西日本フィナンシャルホールディングス,東証PRM,"4,395",-135,-2.98,"745,400",2026/07/28
766,766,2438,(株)アスカネット,東証GRT,327,-10,-2.97,"77,500",2026/07/28
767,767,3189,(株)ＡＮＡＰホールディングス,東証STD,98,-3,-2.97,"49,500",2026/07/28
768,768,8704,トレイダーズホールディングス(株),東証STD,"1,242",-38,-2.97,"82,800",2026/07/28
769,769,1942,(株)関電工,東証PRM,"5,905",-180,-2.96,"1,062,500",2026/07/28
770,770,3407,旭化成(株),東証PRM,"1,817",-55.5,-2.96,"4,931,400",2026/07/28
771,771,5586,(株)Ｌａｂｏｒｏ．ＡＩ,東証GRT,820,-25,-2.96,"26,600",2026/07/28
772,772,6165,パンチ工業(株),東証STD,491,-15,-2.96,"95,300",2026/07/28
773,773,3776,(株)ブロードバンドタワー,東証STD,230,-7,-2.95,"1,005,500",2026/07/28
774,774,7381,(株)ＣＣＩグループ,東証PRM,"1,150",-35,-2.95,"574,900",2026/07/28
775,775,9307,(株)杉村倉庫,東証STD,"1,021",-31,-2.95,"23,800",2026/07/28
776,776,2845,(NEXT FUNDS) NASDAQ-100(H有)連動型上場投信,東証ETF,"3,338",-101,-2.94,"14,556",2026/07/28
777,777,1711,(株)ＳＤＳホールディングス,東証STD,233,-7,-2.92,"31,400",2026/07/28
778,778,5033,(株)ヌーラボ,東証GRT,831,-25,-2.92,"13,900",2026/07/28
779,779,5246,(株)ＥＬＥＭＥＮＴＳ,東証GRT,766,-23,-2.92,"626,200",2026/07/28
780,780,7224,新明和工業(株),東証PRM,"1,960",-59,-2.92,"166,500",2026/07/28
781,781,2323,(株)ｆｏｎｆｕｎ,東証STD,267,-8,-2.91,"59,100",2026/07/28
782,782,2569,上場インデックスファンド米国株式(NASDAQ100)H有,東証ETF,"4,040",-121,-2.91,"10,620",2026/07/28
783,783,1518,三井松島ホールディングス(株),東証PRM,"2,312",-69,-2.9,"1,161,700",2026/07/28
784,784,6240,ヤマシンフィルタ(株),東証PRM,535,-16,-2.9,"433,800",2026/07/28
785,785,9158,(株)シーユーシー,東証GRT,771,-23,-2.9,"37,400",2026/07/28
786,786,2332,(株)クエスト,東証STD,"1,648",-49,-2.89,"12,400",2026/07/28
787,787,2522,iシェアーズ オートメーション&ロボット ETF,東証ETF,"8,325",-248,-2.89,"5,324",2026/07/28
788,788,456A,ＨＵＭＡＮ　ＭＡＤＥ(株),東証GRT,"1,378",-41,-2.89,"259,500",2026/07/28
789,789,5981,東京製綱(株),東証PRM,"1,912",-57,-2.89,"85,500",2026/07/28
790,790,1619,(NEXT FUNDS)建設･資材上場投信,東証ETF,"46,510","-1,380",-2.88,971,2026/07/28
791,791,5129,(株)ＦＩＸＥＲ,東証GRT,236,-7,-2.88,"25,300",2026/07/28
792,792,7186,(株)横浜フィナンシャルグループ,東証PRM,"1,925.5",-57,-2.88,"4,669,300",2026/07/28
793,793,8151,(株)東陽テクニカ,東証PRM,"1,924",-57,-2.88,"132,000",2026/07/28
794,794,8750,(株)第一ライフグループ,東証PRM,"1,902.5",-56.5,-2.88,"13,645,000",2026/07/28
795,795,2459,アウンコンサルティング(株),東証STD,169,-5,-2.87,"254,900",2026/07/28
796,796,5702,(株)大紀アルミニウム工業所,東証PRM,"1,455",-43,-2.87,"383,200",2026/07/28
797,797,2840,iFreeETF NASDAQ100(H無),東証ETF,"2,619",-77,-2.86,"154,067",2026/07/28
798,798,3174,(株)ハピネス・アンド・ディ,東証STD,441,-13,-2.86,"60,200",2026/07/28
799,799,3186,(株)ネクステージ,東証PRM,"3,395",-100,-2.86,"524,000",2026/07/28
800,800,4583,(株)カイオム・バイオサイエンス,東証GRT,68,-2,-2.86,"294,800",2026/07/28
801,801,5527,(株)ｐｒｏｐｅｒｔｙ　ｔｅｃｈｎｏｌｏｇｉｅｓ,東証GRT,679,-20,-2.86,"22,300",2026/07/28
802,802,5591,(株)ＡＶＩＬＥＮ,東証GRT,781,-23,-2.86,"26,300",2026/07/28
803,803,6486,イーグル工業(株),東証PRM,"2,958",-87,-2.86,"140,000",2026/07/28
804,804,6643,(株)戸上電機製作所,東証STD,"5,090",-150,-2.86,"15,200",2026/07/28
805,805,3181,(株)買取王国,東証STD,"1,055",-31,-2.85,"7,800",2026/07/28
806,806,6328,荏原実業(株),東証PRM,"2,351",-69,-2.85,"57,500",2026/07/28
807,807,9130,共栄タンカー(株),東証STD,"1,430",-42,-2.85,"23,200",2026/07/28
808,808,3727,(株)アプリックス,東証GRT,137,-4,-2.84,"65,500",2026/07/28
809,809,4026,神島化学工業(株),東証STD,"1,537",-45,-2.84,"66,800",2026/07/28
810,810,559A,梅乃宿酒造(株),東証STD,"1,128",-33,-2.84,"20,000",2026/07/28
811,811,5632,三菱製鋼(株),東証PRM,"2,124",-62,-2.84,"76,200",2026/07/28
812,812,6317,(株)北川鉄工所,東証STD,"1,640",-48,-2.84,"28,900",2026/07/28
813,813,7613,シークス(株),東証PRM,"1,402",-41,-2.84,"177,100",2026/07/28
814,814,1969,高砂熱学工業(株),東証PRM,"4,390",-128,-2.83,"625,300",2026/07/28
815,815,3580,小松マテーレ(株),東証PRM,721,-21,-2.83,"96,700",2026/07/28
816,816,2568,上場インデックスファンド米国株式(NASDAQ100)H無,東証ETF,"7,779",-226,-2.82,"6,217",2026/07/28
817,817,563A,GX NASDAQ100・デイリー・カバード・コール,東証ETF,"1,035",-30,-2.82,"3,913,295",2026/07/28
818,818,8367,(株)南都銀行,東証PRM,"1,894",-55,-2.82,"602,000",2026/07/28
819,819,6762,ＴＤＫ(株),東証PRM,"2,927.5",-84.5,-2.81,"14,855,900",2026/07/28
820,820,8387,(株)四国銀行,東証PRM,"3,460",-100,-2.81,"143,100",2026/07/28
821,821,1591,(NEXT FUNDS) JPX日経インデックス400,東証ETF,"35,860","-1,030",-2.79,"1,631",2026/07/28
822,822,4005,住友化学(株),東証PRM,529.8,-15.2,-2.79,"12,081,800",2026/07/28
823,823,5588,ファーストアカウンティング(株),東証GRT,767,-22,-2.79,"13,000",2026/07/28
824,824,7771,日本精密(株),東証STD,279,-8,-2.79,"72,900",2026/07/28
825,825,1801,大成建設(株),東証PRM,"13,450",-385,-2.78,"489,900",2026/07/28
826,826,2017,iFreeETF JPXプライム150,東証ETF,"1,468",-42,-2.78,"122,619",2026/07/28
827,827,2983,(株)アールプランナー,東証GRT,"1,471",-42,-2.78,"25,900",2026/07/28
828,828,8226,(株)理経,東証STD,350,-10,-2.78,"154,000",2026/07/28
829,829,8795,(株)Ｔ＆Ｄホールディングス,東証PRM,"5,032",-144,-2.78,"1,647,400",2026/07/28
830,830,3723,日本ファルコム(株),東証GRT,"2,561",-73,-2.77,"5,400",2026/07/28
831,831,5832,(株)ちゅうぎんフィナンシャルグループ,東証PRM,"3,368",-96,-2.77,"279,900",2026/07/28
832,832,7389,(株)あいちフィナンシャルグループ,東証PRM,"1,823",-52,-2.77,"724,500",2026/07/28
833,833,3446,(株)ジェイテックコーポレーション,東証STD,"1,478",-42,-2.76,"43,100",2026/07/28
834,834,215A,(株)タイミー,東証GRT,"1,414",-40,-2.75,"897,300",2026/07/28
835,835,3750,ＡＤＲバイオメディカルホールディングス(株),東証STD,778,-22,-2.75,"13,200",2026/07/28
836,836,4463,日華化学(株),東証STD,"1,777",-50,-2.74,"8,700",2026/07/28
837,837,5304,ＳＥＣカーボン(株),東証STD,"2,485",-70,-2.74,"22,500",2026/07/28
838,838,2631,MAXIS ナスダック100上場投信,東証ETF,"32,430",-910,-2.73,"16,477",2026/07/28
839,839,5821,平河ヒューテック(株),東証PRM,"2,991",-84,-2.73,"67,100",2026/07/28
840,840,3753,(株)フライトソリューションズ,東証STD,179,-5,-2.72,"151,300",2026/07/28
841,841,4977,新田ゼラチン(株),東証STD,"1,288",-36,-2.72,"44,400",2026/07/28
842,842,9517,イーレックス(株),東証PRM,859,-24,-2.72,"199,400",2026/07/28
843,843,1593,MAXIS JPX日経インデックス400上場投信,東証ETF,"36,650","-1,020",-2.71,"11,866",2026/07/28
844,844,548A,(株)システムエグゼ,東証STD,970,-27,-2.71,"7,600",2026/07/28
845,845,8381,(株)山陰合同銀行,東証PRM,"2,478",-69,-2.71,"328,700",2026/07/28
846,846,8769,(株)アドバンテッジリスクマネジメント,東証STD,502,-14,-2.71,"51,800",2026/07/28
847,847,9896,ＪＫホールディングス(株),東証STD,"1,399",-39,-2.71,"25,600",2026/07/28
848,848,1689,WisdomTree 天然ガス上場投信,東証ETF,757,-21,-2.7,"95,779",2026/07/28
849,849,1814,大末建設(株),東証PRM,"3,605",-100,-2.7,"73,500",2026/07/28
850,850,554A,(株)バトンズ,東証GRT,"1,441",-40,-2.7,"19,600",2026/07/28
851,851,6018,阪神内燃機工業(株),東証STD,"6,120",-170,-2.7,"1,000",2026/07/28
852,852,6677,(株)エスケーエレクトロニクス,東証STD,"3,430",-95,-2.7,"56,100",2026/07/28
853,853,7173,(株)東京きらぼしフィナンシャルグループ,東証PRM,"1,764",-49,-2.7,"1,277,800",2026/07/28
854,854,1306,(NEXT FUNDS)TOPIX連動型上場投信,東証ETF,412.9,-11.4,-2.69,"36,925,830",2026/07/28
855,855,4027,テイカ(株),東証PRM,"2,240",-62,-2.69,"94,700",2026/07/28
856,856,9211,(株)エフ・コード,東証GRT,"1,337",-37,-2.69,"97,100",2026/07/28
857,857,2841,iFreeETF NASDAQ100(H有),東証ETF,"1,599",-44,-2.68,"16,186",2026/07/28
858,858,4882,(株)ペルセウスプロテオミクス,東証GRT,145,-4,-2.68,"271,100",2026/07/28
859,859,6384,(株)昭和真空,東証STD,"1,600",-44,-2.68,"33,900",2026/07/28
860,860,7380,(株)十六フィナンシャルグループ,東証PRM,"2,507",-69,-2.68,"400,800",2026/07/28
861,861,1474,One ETF JPX日経400,東証ETF,"36,100",-990,-2.67,870,2026/07/28
862,862,2330,(株)フォーサイド,東証STD,73,-2,-2.67,"115,100",2026/07/28
863,863,4448,(株)ｋｕｂｅｌｌ,東証GRT,292,-8,-2.67,"83,600",2026/07/28
864,864,4587,ペプチドリーム(株),東証PRM,930.3,-25.5,-2.67,"1,081,100",2026/07/28
865,865,7610,(株)テイツー,東証STD,146,-4,-2.67,"794,600",2026/07/28
866,866,146A,コロンビア・ワークス(株),東証STD,"3,115",-85,-2.66,"43,400",2026/07/28
867,867,1723,日本電技(株),東証STD,"2,340",-64,-2.66,"219,000",2026/07/28
868,868,2567,NZAM 上場投信 S&P/JPXカーボン・エフィシェント指数,東証ETF,527.3,-14.4,-2.66,"1,300",2026/07/28
869,869,6222,(株)島精機製作所,東証PRM,877,-24,-2.66,"150,900",2026/07/28
870,870,6357,三精テクノロジーズ(株),東証STD,"2,305",-63,-2.66,"48,500",2026/07/28
871,871,8157,都築電気(株),東証PRM,"4,030",-110,-2.66,"48,600",2026/07/28
872,872,6459,だいわ(株),東証PRM,"1,689",-46,-2.65,"70,400",2026/07/28
873,873,6501,(株)日立製作所,東証PRM,"4,890",-133,-2.65,"12,339,000",2026/07/28
874,874,6952,カシオ計算機(株),東証PRM,"1,728",-47,-2.65,"937,100",2026/07/28
875,875,7350,(株)おきなわフィナンシャルグループ,東証PRM,"7,360",-200,-2.65,"69,400",2026/07/28
876,876,7917,ＺＡＣＲＯＳ(株),東証PRM,"1,357",-37,-2.65,"147,000",2026/07/28
877,877,2646,GX メタルビジネス-日本株式,東証ETF,"3,360",-91,-2.64,"7,915",2026/07/28
878,878,4263,サスメド(株),東証GRT,701,-19,-2.64,"68,900",2026/07/28
879,879,7416,(株)はるやまホールディングス,東証STD,701,-19,-2.64,"11,700",2026/07/28
880,880,8341,(株)七十七銀行,東証PRM,"3,580",-97,-2.64,"657,300",2026/07/28
881,881,1545,(NEXT FUNDS)NASDAQ-100(H無)連動型上場投信,東証ETF,229.7,-6.2,-2.63,"4,902,650",2026/07/28
882,882,2516,東証グロース250ETF,東証ETF,536.5,-14.5,-2.63,"411,630",2026/07/28
883,883,2553,One ETF 南方 中国A株 CSI500,東証ETF,"2,353",-63.5,-2.63,"2,680",2026/07/28
884,884,3647,(株)アスリナ,東証STD,111,-3,-2.63,"55,700",2026/07/28
885,885,4531,有機合成薬品工業(株),東証STD,333,-9,-2.63,"147,600",2026/07/28
886,886,4552,ＪＣＲファーマ(株),東証PRM,518,-14,-2.63,"494,200",2026/07/28
887,887,7367,(株)セルム,東証STD,333,-9,-2.63,"4,800",2026/07/28
888,888,9348,(株)ｉｓｐａｃｅ,東証GRT,408,-11,-2.63,"1,579,200",2026/07/28
889,889,145A,(株)Ｌ　ｉｓ　Ｂ,東証GRT,854,-23,-2.62,"3,300",2026/07/28
890,890,253A,(株)ＥＴＳグループ,東証STD,"1,115",-30,-2.62,"17,100",2026/07/28
891,891,3914,ＪＩＧ－ＳＡＷ(株),東証GRT,"2,380",-64,-2.62,"7,300",2026/07/28
892,892,505A,(株)ギークリー,東証STD,"1,339",-36,-2.62,"57,900",2026/07/28
893,893,1475,iシェアーズ・コア TOPIX ETF,東証ETF,411.2,-11,-2.61,"3,296,850",2026/07/28
894,894,2557,SMDAM トピックス上場投信,東証ETF,"4,007",-107,-2.6,"6,450",2026/07/28
895,895,2848,GX MSCI 気候変動対応-日本株式,東証ETF,"2,956",-79,-2.6,18,2026/07/28
896,896,4176,(株)ココナラ,東証GRT,262,-7,-2.6,"101,400",2026/07/28
897,897,4436,(株)ミンカブ・ジ・インフォノイド,東証GRT,450,-12,-2.6,"51,200",2026/07/28
898,898,513A,GX 防衛テック-日本株式,東証ETF,823,-22,-2.6,"300,772",2026/07/28
899,899,587A,インベスコ QQQ トラスト シリーズ1,東証ETF,"110,650","-2,950",-2.6,"1,060",2026/07/28
900,900,7727,(株)オーバル,東証STD,712,-19,-2.6,"100,700",2026/07/28
901,901,4015,ペイクラウドホールディングス(株),東証GRT,526,-14,-2.59,"30,600",2026/07/28
902,902,7915,ＮＩＳＳＨＡ(株),東証PRM,"1,353",-36,-2.59,"167,300",2026/07/28
903,903,7952,(株)河合楽器製作所,東証PRM,"3,200",-85,-2.59,"51,400",2026/07/28
904,904,3157,ジオリーブグループ(株),東証STD,"1,399",-37,-2.58,"4,600",2026/07/28
905,905,4483,(株)ＪＭＤＣ,東証PRM,"3,210",-85,-2.58,"356,400",2026/07/28
906,906,6005,三浦工業(株),東証PRM,"3,168",-84,-2.58,"499,700",2026/07/28
907,907,156A,マテリアルグループ(株),東証GRT,834,-22,-2.57,"79,800",2026/07/28
908,908,4488,ＡＩ　ｉｎｓｉｄｅ(株),東証GRT,"2,120",-56,-2.57,"11,700",2026/07/28
909,909,6905,コーセル(株),東証PRM,"1,249",-33,-2.57,"202,700",2026/07/28
910,910,166A,(株)タスキホールディングス,東証PRM,"1,067",-28,-2.56,"335,100",2026/07/28
911,911,407A,(株)ＵＮＩＣＯＮホールディングス,東証STD,876,-23,-2.56,"13,500",2026/07/28
912,912,5922,那須電機鉄工(株),東証STD,"19,390",-510,-2.56,"1,600",2026/07/28
913,913,7162,アストマックス(株),東証STD,266,-7,-2.56,"77,400",2026/07/28
914,914,7721,東京計器(株),東証PRM,"6,840",-180,-2.56,"370,500",2026/07/28
915,915,2239,上場インデックスファンドS&P500先物レバレッジ2倍,東証ETF,"24,875",-650,-2.55,"1,037",2026/07/28
916,916,2489,(株)アドウェイズ,東証STD,306,-8,-2.55,"104,000",2026/07/28
917,917,3787,(株)テクノマセマティカル,東証STD,268,-7,-2.55,"2,600",2026/07/28
918,918,4410,ハリマ化成グループ(株),東証PRM,995,-26,-2.55,"60,600",2026/07/28
919,919,5253,カバー(株),東証GRT,"1,608",-42,-2.55,"5,686,400",2026/07/28
920,920,1473,One ETF トピックス,東証ETF,"4,034",-105,-2.54,"36,610",2026/07/28
921,921,7004,カナデビア(株),東証PRM,"1,191",-31,-2.54,"909,800",2026/07/28
922,922,2036,NEXT NOTES 金先物 ダブル・ブル ETN,東証ETF,"146,200","-3,800",-2.53,"2,601",2026/07/28
923,923,5580,(株)プロディライト,東証GRT,"1,619",-42,-2.53,"1,000",2026/07/28
924,924,6226,守谷輸送機工業(株),東証STD,"2,500",-65,-2.53,"235,700",2026/07/28
925,925,6340,澁谷工業(株),東証PRM,"4,240",-110,-2.53,"47,800",2026/07/28
926,926,6721,ウインテスト(株),東証STD,77,-2,-2.53,"213,800",2026/07/28
927,927,8386,(株)百十四銀行,東証PRM,"2,924",-76,-2.53,"320,000",2026/07/28
928,928,2667,(株)イメージ　ワン,東証STD,116,-3,-2.52,"176,600",2026/07/28
929,929,4170,(株)Ｋａｉｚｅｎ　Ｐｌａｔｆｏｒｍ,東証GRT,116,-3,-2.52,"22,100",2026/07/28
930,930,6652,ＩＤＥＣ(株),東証PRM,"3,290",-85,-2.52,"140,800",2026/07/28
931,931,6676,(株)バッファロー,東証STD,"2,708",-70,-2.52,"40,600",2026/07/28
932,932,6918,(株)アバールデータ,東証STD,"3,100",-80,-2.52,"25,300",2026/07/28
933,933,4118,(株)カネカ,東証PRM,"5,738",-148,-2.51,"183,800",2026/07/28
934,934,3070,(株)ジェリービーンズグループ,東証GRT,78,-2,-2.5,"628,900",2026/07/28
935,935,6138,ダイジェット工業(株),東証STD,"1,133",-29,-2.5,"1,900",2026/07/28
936,936,7048,ベルトラ(株),東証GRT,156,-4,-2.5,"170,900",2026/07/28
937,937,9501,東京電力ホールディングス(株),東証PRM,523.6,-13.4,-2.5,"47,242,300",2026/07/28
938,938,4199,ワンダープラネット(株),東証GRT,823,-21,-2.49,"29,400",2026/07/28
939,939,5132,(株)ｐｌｕｓｚｅｒｏ,東証GRT,"1,921",-49,-2.49,"28,300",2026/07/28
940,940,558A,(株)ＳＱＵＥＥＺＥ,東証GRT,"4,500",-115,-2.49,"8,800",2026/07/28
941,941,6191,(株)エアトリ,東証PRM,860,-22,-2.49,"67,800",2026/07/28
942,942,7212,(株)エフテック,東証STD,665,-17,-2.49,"29,900",2026/07/28
943,943,8135,ゼット(株),東証STD,430,-11,-2.49,"7,600",2026/07/28
944,944,352A,(株)ＬＯＩＶＥ,東証GRT,471,-12,-2.48,"3,200",2026/07/28
945,945,5216,(株)倉元製作所,東証STD,157,-4,-2.48,"191,100",2026/07/28
946,946,7734,理研計器(株),東証PRM,"3,340",-85,-2.48,"116,800",2026/07/28
947,947,9554,(株)ＡＶｉＣ,東証GRT,"1,535",-39,-2.48,"14,200",2026/07/28
948,948,170A,SMT ETF日本好配当株アクティブ,東証ETF,"3,077",-78,-2.47,469,2026/07/28
949,949,4890,(株)坪田ラボ,東証GRT,237,-6,-2.47,"63,600",2026/07/28
950,950,6560,(株)エル・ティー・エス,東証PRM,"1,701",-43,-2.47,"9,700",2026/07/28
951,951,1348,MAXIS トピックス上場投信,東証ETF,"4,118",-104,-2.46,"109,519",2026/07/28
952,952,247A,Ａｉロボティクス(株),東証GRT,794,-20,-2.46,"798,600",2026/07/28
953,953,2524,NZAM 上場投信 TOPIX,東証ETF,"4,088",-103,-2.46,"74,046",2026/07/28
954,954,5579,(株)ＧＳＩ,札証,"1,307",-33,-2.46,300,2026/07/28
955,955,4539,日本ケミファ(株),東証STD,"1,630",-41,-2.45,800,2026/07/28
956,956,6224,(株)ＪＲＣ,東証GRT,"1,113",-28,-2.45,"55,300",2026/07/28
957,957,7888,三光合成(株),東証PRM,914,-23,-2.45,"210,700",2026/07/28
958,958,1592,上場インデックス JPX日経インデックス400,東証ETF,"3,285",-82,-2.44,"4,241",2026/07/28
959,959,3653,(株)モルフォ,東証GRT,640,-16,-2.44,"17,400",2026/07/28
960,960,4979,ＯＡＴアグリオ(株),東証STD,"2,434",-61,-2.44,"21,700",2026/07/28
961,961,6495,(株)宮入バルブ製作所,東証STD,120,-3,-2.44,"67,400",2026/07/28
962,962,2244,GX US テック・トップ20,東証ETF,"3,411",-85,-2.43,"152,478",2026/07/28
963,963,7240,ＮＯＫ(株),東証PRM,"2,997.5",-74.5,-2.43,"596,600",2026/07/28
964,964,3168,(株)ＭＥＲＦ,東証STD,"1,210",-30,-2.42,"53,700",2026/07/28
965,965,3402,東レ(株),東証PRM,"1,150",-28.5,-2.42,"4,253,200",2026/07/28
966,966,3903,(株)ｇｕｍｉ,東証PRM,242,-6,-2.42,"301,200",2026/07/28
967,967,5258,(株)トランザクション・メディア・ネットワークス,東証GRT,403,-10,-2.42,"44,800",2026/07/28
968,968,8537,(株)大光銀行,東証STD,"2,825",-70,-2.42,"74,500",2026/07/28
969,969,1305,iFreeETF TOPIX(年1回決算型),東証ETF,"4,178",-103,-2.41,"257,200",2026/07/28
970,970,1308,上場インデックスファンドTOPIX,東証ETF,"4,082",-101,-2.41,"280,728",2026/07/28
971,971,3153,八洲電機(株),東証PRM,"2,912",-72,-2.41,"62,700",2026/07/28
972,972,8046,丸藤シートパイル(株),東証STD,891,-22,-2.41,"42,200",2026/07/28
973,973,4174,(株)アピリッツ,東証STD,733,-18,-2.4,"34,800",2026/07/28
974,974,4427,(株)ＥｄｕＬａｂ,東証GRT,203,-5,-2.4,"43,300",2026/07/28
975,975,7181,(株)かんぽ生命保険,東証PRM,"1,752.5",-43,-2.39,"2,327,500",2026/07/28
976,976,7730,マニー(株),東証PRM,"1,514",-37,-2.39,"402,500",2026/07/28
977,977,7752,(株)リコー,東証PRM,"1,593.5",-39,-2.39,"2,856,100",2026/07/28
978,978,1847,(株)イチケン,東証STD,"2,704",-66,-2.38,"34,400",2026/07/28
979,979,2321,(株)ソフトフロントホールディングス,東証GRT,123,-3,-2.38,"134,700",2026/07/28
980,980,4347,ブロードメディア(株),東証STD,"1,760",-43,-2.38,"7,100",2026/07/28
981,981,5232,住友大阪セメント(株),東証PRM,"5,568",-136,-2.38,"218,900",2026/07/28
982,982,5703,日本軽金属ホールディングス(株),東証PRM,"2,621",-64,-2.38,"368,500",2026/07/28
983,983,7709,クボテック(株),東証STD,41,-1,-2.38,"10,900",2026/07/28
984,984,9241,(株)フューチャーリンクネットワーク,東証GRT,"1,392",-34,-2.38,"1,400",2026/07/28
985,985,9271,(株)和心,東証GRT,984,-24,-2.38,"15,900",2026/07/28
986,986,1443,技研ホールディングス(株),東証STD,247,-6,-2.37,"78,200",2026/07/28
987,987,5989,(株)エイチワン,東証PRM,"1,526",-37,-2.37,"119,200",2026/07/28
988,988,6737,ＥＩＺＯ(株),東証PRM,"2,764",-67,-2.37,"133,800",2026/07/28
989,989,7042,(株)アクセスグループ・ホールディングス,東証STD,660,-16,-2.37,"1,800",2026/07/28
990,990,7815,東京ボード工業(株),東証STD,329,-8,-2.37,"7,500",2026/07/28
991,991,1980,ダイダン(株),東証PRM,"2,566",-62,-2.36,"573,700",2026/07/28
992,992,3388,明治電機工業(株),東証PRM,"2,192",-53,-2.36,"35,200",2026/07/28
993,993,4978,(株)リプロセル,東証GRT,124,-3,-2.36,"1,001,000",2026/07/28
994,994,8365,(株)富山銀行,東証STD,"2,362",-57,-2.36,"9,700",2026/07/28
995,995,155A,(株)情報戦略テクノロジー,東証GRT,832,-20,-2.35,"39,800",2026/07/28
996,996,1605,(株)ＩＮＰＥＸ,東証PRM,"3,566",-86,-2.35,"4,170,000",2026/07/28
997,997,2700,木徳神糧(株),東証STD,"1,705",-41,-2.35,"20,500",2026/07/28
998,998,5026,(株)トリプルアイズ,東証GRT,582,-14,-2.35,"38,900",2026/07/28
999,999,5038,(株)ｅＷｅＬＬ,東証GRT,"1,996",-48,-2.35,"28,900",2026/07/28
1000,1000,6845,アズビル(株),東証PRM,"1,638",-39.5,-2.35,"1,072,500",2026/07/28
1001,1001,4177,(株)ｉ－ｐｌｕｇ,東証GRT,"1,502",-36,-2.34,400,2026/07/28
1002,1002,4599,(株)ステムリム,東証GRT,292,-7,-2.34,"126,500",2026/07/28
1003,1003,5942,日本フイルコン(株),東証STD,625,-15,-2.34,"67,900",2026/07/28
1004,1004,8563,(株)大東銀行,東証STD,"1,042",-25,-2.34,"33,700",2026/07/28
1005,1005,2625,iFreeETF TOPIX(年4回決算型),東証ETF,"3,975",-95,-2.33,"154,501",2026/07/28
1006,1006,2998,クリアル(株),東証GRT,502,-12,-2.33,"268,600",2026/07/28
1007,1007,5262,日本ヒューム(株),東証PRM,"1,049",-25,-2.33,"147,000",2026/07/28
1008,1008,8616,東海東京フィナンシャル・ホールディングス(株),東証PRM,796,-19,-2.33,"774,400",2026/07/28
1009,1009,8798,(株)アドバンスクリエイト,東証PRM,126,-3,-2.33,"47,700",2026/07/28
1010,1010,9214,Ｒｅｃｏｖｅｒｙ　Ｉｎｔｅｒｎａｔｉｏｎａｌ(株),東証GRT,"1,260",-30,-2.33,"1,500",2026/07/28
1011,1011,4450,(株)パワーソリューションズ,東証GRT,"2,109",-50,-2.32,"3,700",2026/07/28
1012,1012,6493,(株)ＮＩＴＴＡＮ,東証STD,463,-11,-2.32,"88,800",2026/07/28
1013,1013,6741,日本信号(株),東証PRM,"1,561",-37,-2.32,"248,100",2026/07/28
1014,1014,2048,NEXT NOTES 野村日本株高配当70(ドルH、NR)ETN,東証ETF,"57,500","-1,360",-2.31,5,2026/07/28
1015,1015,4572,カルナバイオサイエンス(株),東証GRT,296,-7,-2.31,"121,300",2026/07/28
1016,1016,8150,三信電気(株),東証PRM,"2,874",-68,-2.31,"30,300",2026/07/28
1017,1017,1815,鉄建建設(株),東証PRM,"4,455",-105,-2.3,"115,200",2026/07/28
1018,1018,4023,(株)クレハ,東証PRM,"4,255",-100,-2.3,"286,100",2026/07/28
1019,1019,438A,(株)インフキュリオン,東証GRT,848,-20,-2.3,"97,200",2026/07/28
1020,1020,6250,(株)やまびこ,東証PRM,"3,830",-90,-2.3,"161,700",2026/07/28
1021,1021,8714,(株)池田泉州ホールディングス,東証PRM,"1,061",-25,-2.3,"3,523,400",2026/07/28
1022,1022,5186,ニッタ(株),東証PRM,"6,390",-150,-2.29,"64,600",2026/07/28
1023,1023,605A,(NEXT FUNDS) 日本株政策フォーカス上場投信,東証ETF,192.7,-4.5,-2.28,"186,020",2026/07/28
1024,1024,6178,日本郵政(株),東証PRM,"2,464",-57.5,-2.28,"5,153,000",2026/07/28
1025,1025,2173,(株)博展,東証GRT,689,-16,-2.27,"8,900",2026/07/28
1026,1026,2518,(NEXT FUNDS) MSCI日本株女性活躍(セレクト)上場投信,東証ETF,"2,369",-55,-2.27,110,2026/07/28
1027,1027,3779,ジェイ・エスコム　ホールディングス(株),東証STD,129,-3,-2.27,"10,800",2026/07/28
1028,1028,6960,フクダ電子(株),東証STD,"11,640",-270,-2.27,"53,800",2026/07/28
1029,1029,2484,(株)出前館,東証STD,130,-3,-2.26,"485,000",2026/07/28
1030,1030,3420,(株)ケー・エフ・シー,東証STD,"1,598",-37,-2.26,200,2026/07/28
1031,1031,585A,日本バリュー・ボトムアップ株式投資戦略,東証ETF,"1,040",-24,-2.26,326,2026/07/28
1032,1032,6190,(株)フェニックスバイオ,東証GRT,346,-8,-2.26,"3,700",2026/07/28
1033,1033,6198,(株)キャリア,東証GRT,216,-5,-2.26,"38,900",2026/07/28
1034,1034,6579,ログリー(株),東証GRT,346,-8,-2.26,"8,300",2026/07/28
1035,1035,3399,(株)丸千代山岡家,東証STD,"3,685",-85,-2.25,"111,700",2026/07/28
1036,1036,6778,(株)アルチザネットワークス,東証STD,652,-15,-2.25,"61,900",2026/07/28
1037,1037,7433,伯東(株),東証PRM,"4,570",-105,-2.25,"94,200",2026/07/28
1038,1038,7800,(株)アミファ,東証STD,954,-22,-2.25,"30,200",2026/07/28
1039,1039,8562,(株)福島銀行,東証STD,347,-8,-2.25,"278,700",2026/07/28
1040,1040,2038,NEXT NOTES ドバイ原油先物 ダブル・ブル ETN,東証ETF,"2,225",-51,-2.24,"102,355",2026/07/28
1041,1041,4274,細谷火工(株),東証STD,"1,047",-24,-2.24,"21,100",2026/07/28
1042,1042,5599,Ｓ＆Ｊ(株),東証GRT,"1,092",-25,-2.24,"10,600",2026/07/28
1043,1043,5857,ＡＲＥホールディングス(株),東証PRM,"3,055",-70,-2.24,"605,800",2026/07/28
1044,1044,2083,(NEXT FUNDS) 日本成長株アクティブ,東証ETF,"3,811",-87,-2.23,"10,569",2026/07/28
1045,1045,2521,上場インデックスファンド米国株式(S&P500)H有,東証ETF,"2,069",-47,-2.22,"5,061",2026/07/28
1046,1046,4240,クラスターテクノロジー(株),東証STD,308,-7,-2.22,"7,700",2026/07/28
1047,1047,4286,(株)ＣＬホールディングス,東証STD,"1,143",-26,-2.22,"14,800",2026/07/28
1048,1048,4997,日本農薬(株),東証PRM,"1,057",-24,-2.22,"200,800",2026/07/28
1049,1049,5252,日本ナレッジ(株),東証GRT,792,-18,-2.22,"12,700",2026/07/28
1050,1050,7167,(株)めぶきフィナンシャルグループ,東証PRM,"1,520",-34.5,-2.22,"3,210,000",2026/07/28
1051,1051,9888,(株)ＵＥＸ,東証STD,"1,011",-23,-2.22,"67,000",2026/07/28
1052,1052,1322,上場インデックス中国A株 E FUND CSI300,東証ETF,"11,750",-265,-2.21,207,2026/07/28
1053,1053,3302,帝国繊維(株),東証PRM,"3,325",-75,-2.21,"41,500",2026/07/28
1054,1054,7011,三菱重工業(株),東証PRM,"3,805",-86,-2.21,"14,730,900",2026/07/28
1055,1055,7779,ＣＹＢＥＲＤＹＮＥ(株),東証GRT,222,-5,-2.2,"1,316,100",2026/07/28
1056,1056,8020,兼松(株),東証PRM,"2,086.5",-47,-2.2,"445,300",2026/07/28
1057,1057,8065,佐藤商事(株),東証PRM,"2,973",-67,-2.2,"29,700",2026/07/28
1058,1058,8066,三谷商事(株),東証STD,"2,802",-63,-2.2,"9,600",2026/07/28
1059,1059,8370,(株)紀陽銀行,東証PRM,"4,900",-110,-2.2,"165,400",2026/07/28
1060,1060,8614,東洋証券(株),東証PRM,667,-15,-2.2,"579,000",2026/07/28
1061,1061,9238,バリュークリエーション(株),東証GRT,401,-9,-2.2,"20,400",2026/07/28
1062,1062,6301,コマツ,東証PRM,"6,750",-151,-2.19,"3,661,900",2026/07/28
1063,1063,6395,(株)タダノ,東証PRM,"1,338",-30,-2.19,"347,700",2026/07/28
1064,1064,7012,川崎重工業(株),東証PRM,"2,674.5",-60,-2.19,"8,330,500",2026/07/28
1065,1065,8473,ＳＢＩホールディングス(株),東証PRM,"2,818",-63,-2.19,"3,033,800",2026/07/28
1066,1066,1686,WisdomTree 産業用金属上場投信,東証ETF,"3,101",-69,-2.18,50,2026/07/28
1067,1067,4880,セルソース(株),東証STD,314,-7,-2.18,"27,000",2026/07/28
1068,1068,7256,河西工業(株),東証STD,403,-9,-2.18,"161,400",2026/07/28
1069,1069,287A,黒田グループ(株),東証STD,"1,083",-24,-2.17,"502,000",2026/07/28
1070,1070,3498,霞ヶ関キャピタル(株),東証PRM,"7,220",-160,-2.17,"596,100",2026/07/28
1071,1071,7013,(株)ＩＨＩ,東証PRM,"2,774.5",-61.5,-2.17,"8,790,800",2026/07/28
1072,1072,7283,愛三工業(株),東証PRM,"2,298",-51,-2.17,"118,100",2026/07/28
1073,1073,9799,旭情報サービス(株),東証STD,947,-21,-2.17,"15,400",2026/07/28
1074,1074,2138,クルーズ(株),東証STD,454,-10,-2.16,"23,100",2026/07/28
1075,1075,3236,(株)プロパスト,東証STD,272,-6,-2.16,"85,000",2026/07/28
1076,1076,4272,日本化薬(株),東証PRM,"1,944.5",-43,-2.16,"541,200",2026/07/28
1077,1077,2586,(株)フルッタフルッタ,東証GRT,91,-2,-2.15,"820,300",2026/07/28
1078,1078,2636,GX MSCIガバナンス・クオリティ-日本株式,東証ETF,"4,727",-104,-2.15,17,2026/07/28
1079,1079,5136,ｔｒｉｐｌａ(株),東証GRT,"1,728",-38,-2.15,"39,400",2026/07/28
1080,1080,5541,大平洋金属(株),東証PRM,"2,361",-52,-2.15,"422,800",2026/07/28
1081,1081,8604,野村ホールディングス(株),東証PRM,"1,571",-34.5,-2.15,"9,565,300",2026/07/28
1082,1082,3415,(株)ＴＯＫＹＯ　ＢＡＳＥ,東証PRM,412,-9,-2.14,"627,000",2026/07/28
1083,1083,4224,ロンシール工業(株),東証STD,"2,152",-47,-2.14,"3,200",2026/07/28
1084,1084,6262,(株)ＰＥＧＡＳＵＳ,東証STD,548,-12,-2.14,"45,200",2026/07/28
1085,1085,7071,(株)アンビスホールディングス,東証PRM,365,-8,-2.14,"230,200",2026/07/28
1086,1086,8542,(株)トマト銀行,東証STD,"1,649",-36,-2.14,"31,900",2026/07/28
1087,1087,8551,(株)北日本銀行,東証PRM,"6,850",-150,-2.14,"52,300",2026/07/28
1088,1088,9709,ＮＣＳ＆Ａ(株),東証STD,"1,280",-28,-2.14,"7,100",2026/07/28
1089,1089,1941,(株)中電工,東証PRM,"5,060",-110,-2.13,"61,300",2026/07/28
1090,1090,4192,スパイダープラス(株),東証GRT,276,-6,-2.13,"100,400",2026/07/28
1091,1091,4413,(株)ボードルア,東証PRM,"2,936",-64,-2.13,"195,500",2026/07/28
1092,1092,5870,(株)ナルネットコミュニケーションズ,東証GRT,781,-17,-2.13,"10,500",2026/07/28
1093,1093,6989,北陸電気工業(株),東証STD,"2,388",-52,-2.13,"19,500",2026/07/28
1094,1094,7527,(株)システムソフト,東証STD,46,-1,-2.13,"839,000",2026/07/28
1095,1095,9824,泉州電業(株),東証PRM,"5,980",-130,-2.13,"63,200",2026/07/28
1096,1096,1692,WisdomTree アルミニウム上場投信,東証ETF,674.4,-14.6,-2.12,"23,700",2026/07/28
1097,1097,3482,ロードスターキャピタル(株),東証PRM,"2,728",-59,-2.12,"119,100",2026/07/28
1098,1098,4255,ＴＨＥＣＯＯ(株),東証GRT,"2,401",-52,-2.12,"1,800",2026/07/28
1099,1099,6555,(株)ＭＳ＆Ｃｏｎｓｕｌｔｉｎｇ,東証STD,416,-9,-2.12,"1,900",2026/07/28
1100,1100,6929,日本セラミック(株),東証PRM,"3,690",-80,-2.12,"110,000",2026/07/28
1101,1101,9327,(株)イー・ロジット,東証STD,185,-4,-2.12,"9,800",2026/07/28
1102,1102,288A,ラクサス・テクノロジーズ(株),東証GRT,93,-2,-2.11,"19,500",2026/07/28
1103,1103,298A,ＧＶＡ　ＴＥＣＨ(株),東証GRT,325,-7,-2.11,"2,300",2026/07/28
1104,1104,3788,ＧＭＯグローバルサイン・ホールディングス(株),東証PRM,"2,177",-47,-2.11,"29,200",2026/07/28
1105,1105,6623,愛知電機(株),名証PRM,"8,800",-190,-2.11,"5,400",2026/07/28
1106,1106,7131,のむら産業(株),東証STD,"3,480",-75,-2.11,"4,300",2026/07/28
1107,1107,7723,愛知時計電機(株),東証PRM,"3,015",-65,-2.11,"12,500",2026/07/28
1108,1108,1311,(NEXT FUNDS)TOPIX Core30連動型上場投信,東証ETF,"2,050",-44,-2.1,"30,028",2026/07/28
1109,1109,149A,(株)シンカ,東証GRT,745,-16,-2.1,"5,900",2026/07/28
1110,1110,1888,若築建設(株),東証PRM,"3,500",-75,-2.1,"23,000",2026/07/28
1111,1111,2058,(株)ヒガシマル,福証,979,-21,-2.1,"1,900",2026/07/28
1112,1112,3023,ラサ商事(株),東証STD,"1,864",-40,-2.1,"27,100",2026/07/28
1113,1113,4584,キッズウェル・バイオ(株),東証GRT,140,-3,-2.1,"235,200",2026/07/28
1114,1114,6445,(株)ジャノメ,東証PRM,"1,307",-28,-2.1,"35,700",2026/07/28
1115,1115,7908,ＫＩＭＯＴＯ,東証STD,233,-5,-2.1,"68,000",2026/07/28
1116,1116,5121,藤倉コンポジット(株),東証PRM,"2,435",-52,-2.09,"102,900",2026/07/28
1117,1117,8081,(株)カナデン,東証PRM,"2,477",-53,-2.09,"49,100",2026/07/28
1118,1118,5020,ＥＮＥＯＳホールディングス(株),東証PRM,"1,296",-27.5,-2.08,"7,393,700",2026/07/28
1119,1119,606A,金2倍ブルETF,東証ETF,"20,665",-440,-2.08,212,2026/07/28
1120,1120,6807,日本航空電子工業(株),東証PRM,"2,493",-53,-2.08,"257,400",2026/07/28
1121,1121,8078,阪和興業(株),東証PRM,"1,698",-36,-2.08,"441,800",2026/07/28
1122,1122,8697,(株)日本取引所グループ,東証PRM,"2,241",-47.5,-2.08,"5,899,700",2026/07/28
1123,1123,1950,日本電設工業(株),東証PRM,"4,015",-85,-2.07,"112,200",2026/07/28
1124,1124,6696,(株)トラース・オン・プロダクト,東証GRT,284,-6,-2.07,"30,600",2026/07/28
1125,1125,9908,Ｄｅｎｋｅｉ,東証STD,"2,601",-55,-2.07,"20,400",2026/07/28
1126,1126,1515,日鉄鉱業(株),東証PRM,"2,849",-60,-2.06,"687,500",2026/07/28
1127,1127,159A,(NEXT FUNDS) JPXプライム150指数連動型上場投信,東証ETF,712.7,-15,-2.06,"85,990",2026/07/28
1128,1128,4012,(株)アクシス,東証STD,"1,712",-36,-2.06,"4,900",2026/07/28
1129,1129,4571,ＮＡＮＯ　ホールディングス(株),東証GRT,95,-2,-2.06,"346,500",2026/07/28
1130,1130,5911,(株)横河ブリッジホールディングス,東証PRM,"2,943",-62,-2.06,"292,500",2026/07/28
1131,1131,5994,(株)ファインシンター,東証STD,997,-21,-2.06,"5,200",2026/07/28
1132,1132,9476,(株)中央経済社ホールディングス,東証STD,999,-21,-2.06,"1,000",2026/07/28
1133,1133,1813,(株)不動テトラ,東証PRM,"2,678",-56,-2.05,"66,700",2026/07/28
1134,1134,186A,(株)アストロスケールホールディングス,東証GRT,"1,004",-21,-2.05,"3,930,000",2026/07/28
1135,1135,5254,(株)Ａｒｅｎｔ,東証GRT,"4,290",-90,-2.05,"13,300",2026/07/28
1136,1136,5576,(株)オービーシステム,東証STD,"2,863",-60,-2.05,"3,100",2026/07/28
1137,1137,6031,ＺＥＴＡ(株),東証GRT,239,-5,-2.05,"87,700",2026/07/28
1138,1138,6037,楽待(株),東証STD,"1,002",-21,-2.05,"31,000",2026/07/28
1139,1139,3900,(株)クラウドワークス,東証GRT,672,-14,-2.04,"43,900",2026/07/28
1140,1140,4367,広栄化学(株),東証STD,"2,597",-54,-2.04,"4,300",2026/07/28
1141,1141,579A,GX 銀ビジネス,東証ETF,863,-18,-2.04,"3,087",2026/07/28
1142,1142,6094,(株)フリークアウト・ホールディングス,東証GRT,528,-11,-2.04,"8,100",2026/07/28
1143,1143,6454,マックス(株),東証PRM,"1,730",-36,-2.04,"286,600",2026/07/28
1144,1144,6473,(株)ジェイテクト,東証PRM,"2,062",-43,-2.04,"1,192,000",2026/07/28
1145,1145,7326,ＳＢＩインシュアランスグループ(株),東証GRT,"2,111",-44,-2.04,"14,800",2026/07/28
1146,1146,8105,Ｂｉｔｃｏｉｎ　Ｊａｐａｎ(株),東証STD,96,-2,-2.04,"723,300",2026/07/28
1147,1147,8920,(株)東祥,東証STD,769,-16,-2.04,"58,200",2026/07/28
1148,1148,1653,iFreeETF MSCIジャパンESGセレクト･リーダーズ,東証ETF,"5,055",-105,-2.03,"16,570",2026/07/28
1149,1149,3652,(株)ディジタルメディアプロフェッショナル,東証GRT,"2,273",-47,-2.03,"56,300",2026/07/28
1150,1150,4396,(株)システムサポートホールディングス,東証PRM,"1,110",-23,-2.03,"47,100",2026/07/28
1151,1151,4658,日本空調サービス(株),東証PRM,"1,596",-33,-2.03,"54,800",2026/07/28
1152,1152,5533,(株)エリッツホールディングス,東証STD,"1,983",-41,-2.03,800,2026/07/28
1153,1153,7916,光村印刷(株),東証STD,"1,831",-38,-2.03,100,2026/07/28
1154,1154,1695,WisdomTree 小麦上場投信,東証ETF,"3,488",-72,-2.02,"26,287",2026/07/28
1155,1155,4220,リケンテクノス(株),東証PRM,"1,794",-37,-2.02,"93,300",2026/07/28
1156,1156,6803,ティアック(株),東証STD,97,-2,-2.02,"244,800",2026/07/28
1157,1157,8622,水戸証券(株),東証PRM,775,-16,-2.02,"328,200",2026/07/28
1158,1158,8944,(株)ランドビジネス,東証STD,243,-5,-2.02,"69,200",2026/07/28
1159,1159,9612,(株)ラックランド,東証PRM,"1,258",-26,-2.02,"27,200",2026/07/28
1160,1160,4390,(株)アイ・ピー・エス,東証PRM,"3,415",-70,-2.01,"60,900",2026/07/28
1161,1161,9903,(株)カンセキ,東証STD,876,-18,-2.01,"7,200",2026/07/28
1162,1162,2175,(株)エス・エム・エス,東証PRM,"2,352",-48,-2.0,"814,700",2026/07/28
1163,1163,2980,ＳＲＥホールディングス(株),東証PRM,"2,554",-52,-2.0,"162,900",2026/07/28
1164,1164,4577,ダイト(株),東証PRM,"1,275",-26,-2.0,"70,500",2026/07/28
1165,1165,6658,シライ電子工業(株),東証STD,440,-9,-2.0,"103,800",2026/07/28
1166,1166,8104,クワザワホールディングス(株),東証STD,687,-14,-2.0,"13,700",2026/07/28
1167,1167,9932,杉本商事(株),東証PRM,"1,274",-26,-2.0,"45,900",2026/07/28
1168,1168,3970,(株)イノベーション,東証STD,790,-16,-1.99,"4,100",2026/07/28
1169,1169,521A,iFreeETF FANG+ゴールド,東証ETF,"1,770",-36,-1.99,"41,999",2026/07/28
1170,1170,5285,(株)ヤマックス,東証STD,"1,328",-27,-1.99,"21,200",2026/07/28
1171,1171,6663,太洋テクノレックス(株),東証STD,296,-6,-1.99,"66,100",2026/07/28
1172,1172,9082,大和自動車交通(株),東証STD,"1,725",-35,-1.99,"4,100",2026/07/28
1173,1173,9699,ニシオホールディングス(株),東証PRM,"4,185",-85,-1.99,"41,400",2026/07/28
1174,1174,4476,ＡＩ　ＣＲＯＳＳ(株),東証GRT,"1,039",-21,-1.98,"16,700",2026/07/28
1175,1175,4598,Ｄｅｌｔａ－Ｆｌｙ　Ｐｈａｒｍａ(株),東証GRT,99,-2,-1.98,"173,600",2026/07/28
1176,1176,4901,富士フイルムホールディングス(株),東証PRM,"3,755",-76,-1.98,"4,101,900",2026/07/28
1177,1177,6029,アトラグループ(株),東証STD,198,-4,-1.98,"39,900",2026/07/28
1178,1178,9073,京極運輸商事(株),東証STD,"1,235",-25,-1.98,"5,600",2026/07/28
1179,1179,8706,極東証券(株),東証PRM,"1,739",-35,-1.97,"203,200",2026/07/28
1180,1180,313A,iシェアーズ S&P500 トップ20 ETF,東証ETF,259.9,-5.2,-1.96,"105,840",2026/07/28
1181,1181,4178,(株)Ｓｈａｒｉｎｇ　Ｉｎｎｏｖａｔｉｏｎｓ,東証GRT,501,-10,-1.96,"2,500",2026/07/28
1182,1182,8253,(株)クレディセゾン,東証PRM,"4,549",-91,-1.96,"765,600",2026/07/28
1183,1183,1685,WisdomTree エネルギー上場投信,東証ETF,804,-16,-1.95,260,2026/07/28
1184,1184,2526,NZAM 上場投信 JPX日経400,東証ETF,"36,630",-730,-1.95,"12,688",2026/07/28
1185,1185,3040,(株)ソリトンシステムズ,東証PRM,"1,966",-39,-1.95,"61,000",2026/07/28
1186,1186,4202,(株)ダイセル,東証PRM,"1,460",-29,-1.95,"2,039,700",2026/07/28
1187,1187,5133,(株)テリロジーホールディングス,東証STD,301,-6,-1.95,"36,900",2026/07/28
1188,1188,518A,(NEXTFUNDS) FTSE日本株高配当キャッシュフロー50,東証ETF,"2,010",-40,-1.95,"7,703",2026/07/28
1189,1189,5288,アジアパイルホールディングス(株),東証PRM,"1,510",-30,-1.95,"112,000",2026/07/28
1190,1190,332A,ミーク(株),東証GRT,962,-19,-1.94,"62,300",2026/07/28
1191,1191,6291,日本エアーテック(株),東証STD,"1,315",-26,-1.94,"49,000",2026/07/28
1192,1192,7264,(株)ムロコーポレーション,東証STD,"1,363",-27,-1.94,"2,400",2026/07/28
1193,1193,8291,日産東京販売ホールディングス(株),東証STD,557,-11,-1.94,"102,300",2026/07/28
1194,1194,9412,スカパーＪＳＡＴ(株),東証PRM,"2,173",-43,-1.94,"2,307,800",2026/07/28
1195,1195,2884,(株)ヨシムラ・フード・ホールディングス,東証PRM,610,-12,-1.93,"91,600",2026/07/28
1196,1196,366A,ウェルネス・コミュニケーションズ(株),東証GRT,"1,017",-20,-1.93,"38,500",2026/07/28
1197,1197,4112,保土谷化学工業(株),東証PRM,"2,036",-40,-1.93,"46,200",2026/07/28
1198,1198,4120,スガイ化学工業(株),東証STD,"3,050",-60,-1.93,500,2026/07/28
1199,1199,5921,川岸工業(株),東証STD,"4,055",-80,-1.93,200,2026/07/28
1200,1200,1553,MAXIS S&P東海上場投信,名証ETF,"5,459",-107,-1.92,10,2026/07/28
1201,1201,1716,第一カッター興業(株),東証STD,"1,382",-27,-1.92,"17,100",2026/07/28
1202,1202,224A,GX ウラニウムビジネス,東証ETF,"1,481",-29,-1.92,"6,686",2026/07/28
1203,1203,2780,(株)コメ兵ホールディングス,東証STD,"5,100",-100,-1.92,"59,600",2026/07/28
1204,1204,2936,ベースフード(株),東証GRT,256,-5,-1.92,"26,800",2026/07/28
1205,1205,2972,サンケイリアルエステート投資法人,東証,"107,300","-2,100",-1.92,"1,610",2026/07/28
1206,1206,4288,(株)アズジェント,東証STD,409,-8,-1.92,"15,000",2026/07/28
1207,1207,1768,(株)ソネック,東証STD,"1,076",-21,-1.91,"4,400",2026/07/28
1208,1208,2982,(株)ＡＤワークスグループ,東証PRM,410,-8,-1.91,"197,000",2026/07/28
1209,1209,4814,ネクストウェア(株),東証STD,154,-3,-1.91,"37,600",2026/07/28
1210,1210,6151,日東工器(株),東証PRM,"1,693",-33,-1.91,"20,700",2026/07/28
1211,1211,6517,デンヨー(株),東証PRM,"3,595",-70,-1.91,"42,000",2026/07/28
1212,1212,7014,(株)名村造船所,東証STD,"4,375",-85,-1.91,"1,748,900",2026/07/28
1213,1213,2642,SMT ETFカーボン・エフィシェント日本株,東証ETF,"52,280","-1,010",-1.9,1,2026/07/28
1214,1214,4838,スペースシャワーＳＫＩＹＡＫＩホールディングス(株),東証STD,670,-13,-1.9,"31,400",2026/07/28
1215,1215,5079,(株)ノバック,東証STD,"2,583",-50,-1.9,"5,700",2026/07/28
1216,1216,6347,(株)プラコー,東証STD,258,-5,-1.9,"17,600",2026/07/28
1217,1217,7694,(株)いつも,東証GRT,414,-8,-1.9,"3,700",2026/07/28
1218,1218,8601,(株)大和証券グループ本社,東証PRM,"1,836",-35.5,-1.9,"4,527,900",2026/07/28
1219,1219,1899,(株)福田組,東証PRM,"3,885",-75,-1.89,"47,000",2026/07/28
1220,1220,2991,(株)ランドネット,東証STD,571,-11,-1.89,"9,800",2026/07/28
1221,1221,5660,神鋼鋼線工業(株),東証STD,"1,864",-36,-1.89,"20,800",2026/07/28
1222,1222,6678,(株)テクノメディカ,東証STD,"2,026",-39,-1.89,"10,300",2026/07/28
1223,1223,7199,プレミアグループ(株),東証PRM,"2,021",-39,-1.89,"136,300",2026/07/28
1224,1224,7868,(株)広済堂ホールディングス,東証PRM,520,-10,-1.89,"656,800",2026/07/28
1225,1225,8117,中央自動車工業(株),東証STD,"2,078",-40,-1.89,"56,400",2026/07/28
1226,1226,198A,ＰｏｓｔＰｒｉｍｅ(株),東証GRT,157,-3,-1.88,"149,900",2026/07/28
1227,1227,3138,(株)富士山マガジンサービス,東証STD,"1,148",-22,-1.88,"4,300",2026/07/28
1228,1228,4651,(株)サニックスホールディングス,東証STD,261,-5,-1.88,"163,200",2026/07/28
1229,1229,4673,川崎地質(株),東証STD,"4,700",-90,-1.88,"5,500",2026/07/28
1230,1230,5542,新報国マテリアル(株),東証STD,785,-15,-1.88,"4,400",2026/07/28
1231,1231,6379,レイズネクスト(株),東証PRM,"2,615",-50,-1.88,"174,600",2026/07/28
1232,1232,7247,(株)ミクニ,東証STD,365,-7,-1.88,"37,700",2026/07/28
1233,1233,7628,(株)オーハシテクニカ,東証PRM,"1,146",-22,-1.88,"15,600",2026/07/28
1234,1234,1885,東亜建設工業(株),東証PRM,"2,049",-39,-1.87,"339,900",2026/07/28
1235,1235,3300,(株)アンビション　ＤＸ　ホールディングス,東証GRT,"2,104",-40,-1.87,"13,500",2026/07/28
1236,1236,3911,(株)Ａｉｍｉｎｇ,東証GRT,210,-4,-1.87,"617,700",2026/07/28
1237,1237,5013,(株)ユシロ,東証STD,"2,944",-56,-1.87,"40,800",2026/07/28
1238,1238,6013,(株)タクマ,東証PRM,"3,410",-65,-1.87,"180,900",2026/07/28
1239,1239,9820,エムティジェネックス(株),東証STD,"3,670",-70,-1.87,700,2026/07/28
1240,1240,1803,清水建設(株),東証PRM,"2,476.5",-47,-1.86,"2,815,700",2026/07/28
1241,1241,2342,(株)トランスジェニックグループ,東証STD,211,-4,-1.86,"23,000",2026/07/28
1242,1242,8935,(株)ＦＪネクストホールディングス,東証PRM,"1,845",-35,-1.86,"36,300",2026/07/28
1243,1243,1905,(株)テノックス,東証STD,"1,483",-28,-1.85,"5,500",2026/07/28
1244,1244,323A,(株)フライヤー,東証GRT,372,-7,-1.85,"15,800",2026/07/28
1245,1245,3968,セグエグループ(株),東証PRM,585,-11,-1.85,"175,200",2026/07/28
1246,1246,4512,わかもと製薬(株),東証STD,266,-5,-1.85,"60,700",2026/07/28
1247,1247,4736,日本ラッド(株),東証STD,582,-11,-1.85,"3,800",2026/07/28
1248,1248,491A,iシェアーズ S&P500 除く金融 ETF(H有),東証ETF,529.8,-10,-1.85,200,2026/07/28
1249,1249,5871,ＳＯＬＩＺＥ　Ｈｏｌｄｉｎｇｓ(株),東証STD,"1,324",-25,-1.85,"6,700",2026/07/28
1250,1250,7254,(株)ユニバンス,東証STD,798,-15,-1.85,600,2026/07/28
1251,1251,7600,(株)日本エム・ディ・エム,東証PRM,903,-17,-1.85,"126,900",2026/07/28
1252,1252,1418,インターライフホールディングス(株),東証STD,587,-11,-1.84,"69,600",2026/07/28
1253,1253,3708,特種東海製紙(株),東証PRM,"2,137",-40,-1.84,"70,800",2026/07/28
1254,1254,6448,ブラザー工業(株),東証PRM,"4,007",-75,-1.84,"1,033,700",2026/07/28
1255,1255,1364,ｉシェアーズ JPX日経400 ETF,東証ETF,"3,697",-69,-1.83,"24,436",2026/07/28
1256,1256,1652,iFreeETF MSCI日本株女性活躍指数(WIN),東証ETF,"4,927",-92,-1.83,10,2026/07/28
1257,1257,1921,(株)巴コーポレーション,東証STD,"1,719",-32,-1.83,"26,200",2026/07/28
1258,1258,3221,(株)ヨシックスホールディングス,東証PRM,"3,225",-60,-1.83,"40,400",2026/07/28
1259,1259,5282,ジオスター(株),東証STD,428,-8,-1.83,"52,800",2026/07/28
1260,1260,6365,(株)電業社機械製作所,東証STD,"5,370",-100,-1.83,800,2026/07/28
1261,1261,7238,曙ブレーキ工業(株),東証PRM,107,-2,-1.83,"2,444,200",2026/07/28
1262,1262,9366,(株)サンリツ,東証STD,"1,020",-19,-1.83,"3,200",2026/07/28
1263,1263,3182,オイシックス(株),東証PRM,"1,615",-30,-1.82,"71,400",2026/07/28
1264,1264,3565,アセンテック(株),東証STD,432,-8,-1.82,"207,200",2026/07/28
1265,1265,6647,森尾電機(株),東証STD,"2,700",-50,-1.82,"1,000",2026/07/28
1266,1266,7273,(株)イクヨ,東証STD,595,-11,-1.82,"82,200",2026/07/28
1267,1267,7813,(株)プラッツ,東証STD,811,-15,-1.82,"5,600",2026/07/28
1268,1268,9902,(株)日伝,東証PRM,"2,800",-52,-1.82,"74,800",2026/07/28
1269,1269,4635,東京インキ(株),東証STD,"1,414",-26,-1.81,"27,400",2026/07/28
1270,1270,534A,NZAM 上場投信 NASDAQ100(H無),東証ETF,"2,386",-44,-1.81,"2,066",2026/07/28
1271,1271,5851,リョービ(株),東証PRM,"2,498",-46,-1.81,"118,200",2026/07/28
1272,1272,6309,巴工業(株),東証PRM,"1,898",-35,-1.81,"101,400",2026/07/28
1273,1273,3121,マーチャント・バンカーズ(株),東証STD,218,-4,-1.8,"25,200",2026/07/28
1274,1274,6230,ＳＡＮＥＩ(株),東証STD,"2,131",-39,-1.8,"2,000",2026/07/28
1275,1275,9274,ＫＰＰグループホールディングス(株),東証PRM,"1,092",-20,-1.8,"237,000",2026/07/28
1276,1276,5302,日本カーボン(株),東証PRM,"4,665",-85,-1.79,"51,100",2026/07/28
1277,1277,5406,(株)神戸製鋼所,東証PRM,"2,008",-36.5,-1.79,"2,491,500",2026/07/28
1278,1278,5721,エスクリプトエナジー(株),東証STD,55,-1,-1.79,"1,187,900",2026/07/28
1279,1279,5844,(株)京都フィナンシャルグループ,東証PRM,"4,603",-84,-1.79,"1,186,100",2026/07/28
1280,1280,1577,(NEXT FUNDS)野村日本株高配当70連動型ETF,東証ETF,"58,480","-1,060",-1.78,"5,377",2026/07/28
1281,1281,1827,(株)ナカノフドー建設,東証STD,"1,325",-24,-1.78,"27,000",2026/07/28
1282,1282,2080,PBR1倍割れ解消推進ETF,東証ETF,"2,042",-37,-1.78,"76,144",2026/07/28
1283,1283,3405,(株)クラレ,東証PRM,"1,849.5",-33.5,-1.78,"2,048,100",2026/07/28
1284,1284,3922,(株)ＰＲ　ＴＩＭＥＳ,東証PRM,"2,100",-38,-1.78,"233,000",2026/07/28
1285,1285,4972,綜研化学(株),東証STD,"3,040",-55,-1.78,"226,600",2026/07/28
1286,1286,5590,(株)ネットスターズ,東証GRT,664,-12,-1.78,"66,400",2026/07/28
1287,1287,5957,日東精工(株),東証PRM,774,-14,-1.78,"115,300",2026/07/28
1288,1288,6626,ＳＥＭＩＴＥＣ(株),東証STD,"1,985",-36,-1.78,"21,900",2026/07/28
1289,1289,7936,(株)アシックス,東証PRM,"4,863",-88,-1.78,"3,047,600",2026/07/28
1290,1290,368A,(株)北里,東証PRM,"1,384",-25,-1.77,"95,200",2026/07/28
1291,1291,3915,(株)テラスカイ,東証PRM,"1,994",-36,-1.77,"191,100",2026/07/28
1292,1292,3937,(株)Ｕｂｉｃｏｍホールディングス,東証STD,"1,001",-18,-1.77,"24,400",2026/07/28
1293,1293,4051,ＧＭＯフィナンシャルゲート(株),東証PRM,"6,090",-110,-1.77,"19,900",2026/07/28
1294,1294,5915,(株)駒井ハルテック,東証STD,"2,219",-40,-1.77,"2,200",2026/07/28
1295,1295,7354,(株)ダイレクトマーケティングミックス,東証STD,333,-6,-1.77,"175,900",2026/07/28
1296,1296,8070,東京産業(株),東証PRM,833,-15,-1.77,"75,300",2026/07/28
1297,1297,8700,丸八証券(株),東証STD,"1,994",-36,-1.77,"3,200",2026/07/28
1298,1298,1434,ＪＥＳＣＯホールディングス(株),東証STD,"1,673",-30,-1.76,"51,000",2026/07/28
1299,1299,4634,ａｒｔｉｅｎｃｅ(株),東証PRM,"4,475",-80,-1.76,"125,200",2026/07/28
1300,1300,9536,西部ガスホールディングス(株),東証PRM,"2,351",-42,-1.76,"61,100",2026/07/28
1301,1301,1430,ファーストコーポレーション(株),東証STD,"1,008",-18,-1.75,"12,500",2026/07/28
1302,1302,1586,上場インデックス TOPIX Ex-Financials,東証ETF,"2,975",-53,-1.75,77,2026/07/28
1303,1303,4845,(株)スカラ,東証STD,336,-6,-1.75,"27,900",2026/07/28
1304,1304,5244,(株)ｊｉｇ．ｊｐ,東証GRT,168,-3,-1.75,"290,400",2026/07/28
1305,1305,6458,新晃工業(株),東証PRM,"1,234",-22,-1.75,"229,500",2026/07/28
1306,1306,7485,岡谷鋼機(株),名証PRM,"5,050",-90,-1.75,"4,100",2026/07/28
1307,1307,7927,ムトー精工(株),東証STD,"2,302",-41,-1.75,"17,800",2026/07/28
1308,1308,9424,日本通信(株),東証PRM,112,-2,-1.75,"1,105,400",2026/07/28
1309,1309,1802,(株)大林組,東証PRM,"3,273",-58,-1.74,"1,909,900",2026/07/28
1310,1310,4228,積水化成品工業(株),東証PRM,509,-9,-1.74,"416,200",2026/07/28
1311,1311,8095,アステナホールディングス(株),東証PRM,508,-9,-1.74,"90,200",2026/07/28
1312,1312,8963,インヴィンシブル投資法人,東証,"62,000","-1,100",-1.74,"35,092",2026/07/28
1313,1313,569A,iシェアーズ プラチナ,東証ETF,165.1,-2.9,-1.73,"2,730",2026/07/28
1314,1314,6279,(株)瑞光,東証PRM,908,-16,-1.73,"13,600",2026/07/28
1315,1315,1959,(株)クラフティア,東証PRM,"8,945",-157,-1.72,"183,900",2026/07/28
1316,1316,2813,和弘食品(株),東証STD,"4,000",-70,-1.72,"1,900",2026/07/28
1317,1317,330A,(株)ＴａｌｅｎｔＸ,東証GRT,457,-8,-1.72,"15,800",2026/07/28
1318,1318,4440,(株)ヴィッツ,東証STD,"1,144",-20,-1.72,"11,800",2026/07/28
1319,1319,4657,(株)環境管理センター,東証STD,457,-8,-1.72,"1,700",2026/07/28
1320,1320,6378,木村化工機(株),東証STD,"1,199",-21,-1.72,"148,000",2026/07/28
1321,1321,7505,扶桑電通(株),東証STD,"2,231",-39,-1.72,"8,100",2026/07/28
1322,1322,8088,岩谷産業(株),東証PRM,"1,969.5",-34.5,-1.72,"722,900",2026/07/28
1323,1323,9193,東京汽船(株),東証STD,855,-15,-1.72,"13,900",2026/07/28
1324,1324,2931,(株)ユーグレナ,東証PRM,344,-6,-1.71,"647,900",2026/07/28
1325,1325,3634,(株)ソケッツ,東証STD,575,-10,-1.71,"4,200",2026/07/28
1326,1326,4235,ウルトラファブリックス・ホールディングス(株),東証STD,688,-12,-1.71,"21,200",2026/07/28
1327,1327,4769,(株)ＩＣ,東証STD,"1,089",-19,-1.71,300,2026/07/28
1328,1328,7118,(株)伸和ホールディングス,名証NXT,"4,025",-70,-1.71,200,2026/07/28
1329,1329,7235,東京ラヂエーター製造(株),東証STD,"1,552",-27,-1.71,"42,500",2026/07/28
1330,1330,7280,(株)ミツバ,東証PRM,"1,149",-20,-1.71,"263,300",2026/07/28
1331,1331,8031,三井物産(株),東証PRM,"4,890",-85,-1.71,"5,351,700",2026/07/28
1332,1332,3021,(株)パシフィックネット,東証STD,"1,560",-27,-1.7,"28,200",2026/07/28
1333,1333,1417,(株)ミライト・ワン,東証PRM,"3,611",-62,-1.69,"288,200",2026/07/28
1334,1334,2193,クックパッド(株),東証STD,116,-2,-1.69,"169,900",2026/07/28
1335,1335,314A,iシェアーズ ゴールド ETF,東証ETF,313.6,-5.4,-1.69,"1,118,900",2026/07/28
1336,1336,4498,サイバートラスト(株),東証GRT,"1,166",-20,-1.69,"44,400",2026/07/28
1337,1337,4936,(株)アクシージア,東証STD,349,-6,-1.69,"72,300",2026/07/28
1338,1338,6277,ホソカワミクロン(株),東証PRM,"4,935",-85,-1.69,"39,800",2026/07/28
1339,1339,6513,(株)オリジン,東証STD,"1,045",-18,-1.69,"8,500",2026/07/28
1340,1340,8699,ＨＳホールディングス(株),東証STD,"1,164",-20,-1.69,"39,800",2026/07/28
1341,1341,9162,(株)ブリーチ,東証GRT,232,-4,-1.69,"9,700",2026/07/28
1342,1342,9312,ケイヒン(株),東証STD,"2,846",-49,-1.69,"3,100",2026/07/28
1343,1343,3600,(株)フジックス,東証STD,"1,701",-29,-1.68,"4,200",2026/07/28
1344,1344,4041,日本曹達(株),東証PRM,"3,815",-65,-1.68,"122,800",2026/07/28
1345,1345,5699,(株)イボキン,東証STD,"1,461",-25,-1.68,"3,700",2026/07/28
1346,1346,6282,オイレス工業(株),東証PRM,"2,806",-48,-1.68,"59,400",2026/07/28
1347,1347,2612,かどや製油(株),東証STD,"1,770",-30,-1.67,"3,400",2026/07/28
1348,1348,6092,(株)エンバイオ・ホールディングス,東証STD,707,-12,-1.67,"16,100",2026/07/28
1349,1349,6307,サンセイ(株),東証STD,470,-8,-1.67,"19,500",2026/07/28
1350,1350,1632,(NEXT FUNDS)金融(除く銀行)上場投信,東証ETF,"43,800",-740,-1.66,"3,485",2026/07/28
1351,1351,7157,ライフネット生命保険(株),東証PRM,"1,604",-27,-1.66,"182,400",2026/07/28
1352,1352,3799,キーウェアソリューションズ(株),東証STD,"1,071",-18,-1.65,"5,000",2026/07/28
1353,1353,4611,大日本塗料(株),東証PRM,"1,373",-23,-1.65,"50,600",2026/07/28
1354,1354,5602,(株)栗本鐵工所,東証PRM,"1,494",-25,-1.65,"274,300",2026/07/28
1355,1355,3682,エンカレッジ・テクノロジ(株),東証STD,598,-10,-1.64,"24,400",2026/07/28
1356,1356,4093,東邦アセチレン(株),東証STD,420,-7,-1.64,"19,400",2026/07/28
1357,1357,7046,ＴＤＳＥ(株),東証GRT,"1,260",-21,-1.64,"2,500",2026/07/28
1358,1358,9837,モリト(株),東証PRM,"1,795",-30,-1.64,"100,400",2026/07/28
1359,1359,3089,テクノアルファ(株),東証STD,"1,023",-17,-1.63,"11,500",2026/07/28
1360,1360,4098,チタン工業(株),東証STD,"1,029",-17,-1.63,"3,300",2026/07/28
1361,1361,6369,トーヨーカネツ(株),東証PRM,"2,415",-40,-1.63,"86,100",2026/07/28
1362,1362,8014,蝶理(株),東証PRM,"3,915",-65,-1.63,"30,700",2026/07/28
1363,1363,8309,三井住友トラストグループ(株),東証PRM,"6,769",-112,-1.63,"3,324,500",2026/07/28
1364,1364,8919,(株)カチタス,東証PRM,"3,325",-55,-1.63,"144,300",2026/07/28
1365,1365,9791,(株)ビケンテクノ,東証STD,"1,206",-20,-1.63,"1,800",2026/07/28
1366,1366,3176,三洋貿易(株),東証PRM,849,-14,-1.62,"108,700",2026/07/28
1367,1367,5210,日本山村硝子(株),東証STD,"2,790",-46,-1.62,"49,000",2026/07/28
1368,1368,6276,シリウスビジョン(株),東証STD,303,-5,-1.62,"31,300",2026/07/28
1369,1369,6367,ダイキン工業(株),東証PRM,"23,745",-390,-1.62,"1,267,200",2026/07/28
1370,1370,1968,太平電業(株),東証PRM,"2,440",-40,-1.61,"233,500",2026/07/28
1371,1371,4019,(株)スタメン,東証GRT,611,-10,-1.61,"9,100",2026/07/28
1372,1372,5391,(株)エーアンドエーマテリアル,東証STD,"1,524",-25,-1.61,"8,500",2026/07/28
1373,1373,5463,丸一鋼管(株),東証PRM,"1,800",-29.5,-1.61,"456,700",2026/07/28
1374,1374,7931,未来工業(株),東証PRM,"3,360",-55,-1.61,"37,700",2026/07/28
1375,1375,8023,ＤＡＩＫＯ　ＸＴＥＣＨ(株),東証STD,978,-16,-1.61,"19,200",2026/07/28
1376,1376,1674,WisdomTree 白金上場投信,東証ETF,"23,640",-385,-1.6,175,2026/07/28
1377,1377,2768,双日(株),東証PRM,"5,359",-87,-1.6,"922,900",2026/07/28
1378,1378,4264,(株)セキュア,東証GRT,"1,542",-25,-1.6,"2,700",2026/07/28
1379,1379,6058,(株)ベクトル,東証PRM,"1,780",-29,-1.6,"391,600",2026/07/28
1380,1380,6209,リケンＮＰＲ(株),東証PRM,"4,000",-65,-1.6,"88,100",2026/07/28
1381,1381,8158,ソーダニッカ(株),東証PRM,"1,171",-19,-1.6,"28,000",2026/07/28
1382,1382,2429,(株)ワールドホールディングス,東証PRM,"2,729",-44,-1.59,"38,900",2026/07/28
1383,1383,2440,(株)ぐるなび,東証STD,124,-2,-1.59,"114,700",2026/07/28
1384,1384,3611,(株)マツオカコーポレーション,東証STD,"2,477",-40,-1.59,"31,200",2026/07/28
1385,1385,3865,北越コーポレーション(株),東証PRM,929,-15,-1.59,"167,200",2026/07/28
1386,1386,4415,(株)ブロードエンタープライズ,東証GRT,"1,301",-21,-1.59,"2,100",2026/07/28
1387,1387,4783,ＮＣＤ(株),東証STD,"2,479",-40,-1.59,"11,300",2026/07/28
1388,1388,1852,(株)淺沼組,東証PRM,872,-14,-1.58,"455,700",2026/07/28
1389,1389,5838,楽天銀行(株),東証PRM,"5,559",-89,-1.58,"677,100",2026/07/28
1390,1390,7061,日本ホスピスホールディングス(株),東証GRT,559,-9,-1.58,"32,300",2026/07/28
1391,1391,5290,(株)ベルテクスコーポレーション,東証STD,"1,317",-21,-1.57,"59,800",2026/07/28
1392,1392,147A,(株)ソラコム,東証GRT,"1,007",-16,-1.56,"46,000",2026/07/28
1393,1393,1494,One ETF 高配当日本株,東証ETF,"44,100",-700,-1.56,"4,637",2026/07/28
1394,1394,348A,MAXIS 読売333日本株,東証ETF,295.9,-4.7,-1.56,"198,150",2026/07/28
1395,1395,7115,(株)アルファパーチェス,東証STD,"1,580",-25,-1.56,"7,200",2026/07/28
1396,1396,8059,第一実業(株),東証PRM,"3,475",-55,-1.56,"48,300",2026/07/28
1397,1397,9119,飯野海運(株),東証PRM,"1,510",-24,-1.56,"182,500",2026/07/28
1398,1398,177A,コージンバイオ(株),東証GRT,890,-14,-1.55,700,2026/07/28
1399,1399,4251,恵和(株),東証PRM,"1,204",-19,-1.55,"100,400",2026/07/28
1400,1400,4382,ＨＥＲＯＺ(株),東証STD,697,-11,-1.55,"65,900",2026/07/28
1401,1401,5704,(株)ＪＭＣ,東証GRT,382,-6,-1.55,"3,900",2026/07/28
1402,1402,6853,(株)共和電業,東証STD,761,-12,-1.55,"55,600",2026/07/28
1403,1403,9678,(株)カナモト,東証PRM,"5,070",-80,-1.55,"111,100",2026/07/28
1404,1404,1887,日本国土開発(株),東証PRM,513,-8,-1.54,"397,400",2026/07/28
1405,1405,2851,iシェアーズ MSCI ジャパンSRI,東証ETF,389.4,-6.1,-1.54,90,2026/07/28
1406,1406,6771,池上通信機(株),東証STD,641,-10,-1.54,"26,400",2026/07/28
1407,1407,8518,日本アジア投資(株),東証STD,128,-2,-1.54,"33,200",2026/07/28
1408,1408,2874,ヨコレイ,東証PRM,"2,128",-33,-1.53,"176,800",2026/07/28
1409,1409,3739,コムシード(株),名証NXT,129,-2,-1.53,"5,400",2026/07/28
1410,1410,4323,日本システム技術(株),東証PRM,"1,862",-29,-1.53,"43,800",2026/07/28
1411,1411,7702,(株)ＪＭＳ,東証STD,451,-7,-1.53,"23,400",2026/07/28
1412,1412,1860,戸田建設(株),東証PRM,"1,520.5",-23.5,-1.52,"831,000",2026/07/28
1413,1413,261A,(株)日水コン,東証STD,"2,014",-31,-1.52,"11,300",2026/07/28
1414,1414,3045,(株)カワサキ,東証STD,"1,493",-23,-1.52,800,2026/07/28
1415,1415,3560,(株)ほぼ日,東証STD,"4,205",-65,-1.52,"6,300",2026/07/28
1416,1416,4579,ラクオリア創薬(株),東証GRT,453,-7,-1.52,"140,100",2026/07/28
1417,1417,5892,(株)ｙｕｔｏｒｉ,東証GRT,"2,012",-31,-1.52,"18,000",2026/07/28
1418,1418,5932,三協立山(株),東証PRM,646,-10,-1.52,"82,000",2026/07/28
1419,1419,6727,(株)ワコム,東証PRM,777,-12,-1.52,"803,100",2026/07/28
1420,1420,3843,フリービット(株),東証PRM,"1,566",-24,-1.51,"36,000",2026/07/28
1421,1421,4053,(株)Ｓｕｎ　Ａｓｔｅｒｉｓｋ,東証PRM,456,-7,-1.51,"62,200",2026/07/28
1422,1422,4114,(株)日本触媒,東証PRM,"2,150",-33,-1.51,"514,000",2026/07/28
1423,1423,6027,弁護士ドットコム(株),東証PRM,"2,281",-35,-1.51,"82,100",2026/07/28
1424,1424,3694,(株)オプティム,東証PRM,393,-6,-1.5,"114,000",2026/07/28
1425,1425,6675,サクサ(株),東証STD,"2,034",-31,-1.5,"39,700",2026/07/28
1426,1426,3299,(株)ムゲンエステート,東証STD,"1,984",-30,-1.49,"93,300",2026/07/28
1427,1427,4237,フジプレアム(株),東証STD,331,-5,-1.49,"29,500",2026/07/28
1428,1428,4586,(株)メドレックス,東証GRT,66,-1,-1.49,"4,154,800",2026/07/28
1429,1429,4771,(株)エフアンドエム,東証STD,"2,381",-36,-1.49,"3,800",2026/07/28
1430,1430,6390,(株)加藤製作所,東証PRM,"1,325",-20,-1.49,"47,400",2026/07/28
1431,1431,7366,(株)ＬＩＴＡＬＩＣＯ,東証PRM,"1,588",-24,-1.49,"95,200",2026/07/28
1432,1432,8398,(株)筑邦銀行,福証,"2,118",-32,-1.49,"1,000",2026/07/28
1433,1433,9240,(株)デリバリーコンサルティング,東証GRT,397,-6,-1.49,"6,400",2026/07/28
1434,1434,1764,工藤建設(株),東証STD,"2,670",-40,-1.48,"2,900",2026/07/28
1435,1435,2721,(株)ジェイホールディングス,東証STD,133,-2,-1.48,"68,100",2026/07/28
1436,1436,3648,ＡＧＳ(株),東証STD,"1,135",-17,-1.48,"4,800",2026/07/28
1437,1437,3927,(株)フーバーブレイン,東証STD,934,-14,-1.48,"18,700",2026/07/28
1438,1438,4069,(株)ＢｌｕｅＭｅｍｅ,東証GRT,666,-10,-1.48,"3,800",2026/07/28
1439,1439,7871,フクビ化学工業(株),東証STD,935,-14,-1.48,"16,600",2026/07/28
1440,1440,3556,リネットジャパングループ(株),東証GRT,804,-12,-1.47,"46,900",2026/07/28
1441,1441,367A,プリモグローバルホールディングス(株),東証STD,"2,616",-39,-1.47,"65,200",2026/07/28
1442,1442,5201,ＡＧＣ(株),東証PRM,"6,168",-92,-1.47,"1,573,300",2026/07/28
1443,1443,5269,日本コンクリート工業(株),東証PRM,334,-5,-1.47,"98,700",2026/07/28
1444,1444,9268,(株)オプティマスグループ,東証STD,403,-6,-1.47,"159,600",2026/07/28
1445,1445,3099,(株)三越伊勢丹ホールディングス,東証PRM,"3,634",-54,-1.46,"2,122,800",2026/07/28
1446,1446,4056,ニューラルグループ(株),東証GRT,203,-3,-1.46,"65,200",2026/07/28
1447,1447,4633,サカタインクス(株),東証PRM,"2,502",-37,-1.46,"181,500",2026/07/28
1448,1448,6334,明治機械(株),東証STD,472,-7,-1.46,"4,500",2026/07/28
1449,1449,7919,野崎印刷紙業(株),東証STD,202,-3,-1.46,"28,700",2026/07/28
1450,1450,8058,三菱商事(株),東証PRM,"4,776",-71,-1.46,"7,208,100",2026/07/28
1451,1451,1799,第一建設工業(株),東証STD,"3,410",-50,-1.45,"23,100",2026/07/28
1452,1452,4249,森六(株),東証PRM,"2,510",-37,-1.45,"15,600",2026/07/28
1453,1453,4582,シンバイオ製薬(株),東証GRT,68,-1,-1.45,"560,000",2026/07/28
1454,1454,4813,(株)ＡＣＣＥＳＳ,東証PRM,341,-5,-1.45,"426,700",2026/07/28
1455,1455,7942,(株)ＪＳＰ,東証PRM,"2,506",-37,-1.45,"68,700",2026/07/28
1456,1456,1696,WisdomTree とうもろこし上場投信,東証ETF,"3,001",-44,-1.44,"2,080",2026/07/28
1457,1457,1721,コムシスホールディングス(株),東証PRM,"5,270",-77,-1.44,"536,300",2026/07/28
1458,1458,264A,(株)Ｓｃｈｏｏ,東証GRT,274,-4,-1.44,"29,500",2026/07/28
1459,1459,9446,(株)サカイホールディングス,東証STD,685,-10,-1.44,"5,700",2026/07/28
1460,1460,1861,(株)熊谷組,東証PRM,"1,448",-21,-1.43,"760,900",2026/07/28
1461,1461,3969,(株)エイトレッド,東証STD,"1,382",-20,-1.43,"11,400",2026/07/28
1462,1462,6332,月島ホールディングス(株),東証PRM,"2,686",-39,-1.43,"107,300",2026/07/28
1463,1463,9072,ニッコンホールディングス(株),東証PRM,"5,021",-73,-1.43,"226,500",2026/07/28
1464,1464,9438,(株)エムティーアイ,東証PRM,619,-9,-1.43,"33,000",2026/07/28
1465,1465,9560,(株)プログリット,東証GRT,825,-12,-1.43,"43,200",2026/07/28
1466,1466,1866,北野建設(株),東証STD,"1,112",-16,-1.42,"19,500",2026/07/28
1467,1467,1964,中外炉工業(株),東証PRM,"3,820",-55,-1.42,"104,600",2026/07/28
1468,1468,1967,(株)ヤマト,東証STD,"2,012",-29,-1.42,"39,600",2026/07/28
1469,1469,2286,林兼産業(株),東証STD,900,-13,-1.42,"6,500",2026/07/28
1470,1470,3003,ヒューリック(株),東証PRM,"1,809",-26,-1.42,"4,261,500",2026/07/28
1471,1471,448A,ステート・ストリート・スパイダー ゴールド ETF(H有),東証ETF,242.9,-3.5,-1.42,"5,610",2026/07/28
1472,1472,8015,豊田通商(株),東証PRM,"6,465",-93,-1.42,"3,089,000",2026/07/28
1473,1473,5257,ノバシステム(株),東証STD,"2,514",-36,-1.41,"1,700",2026/07/28
1474,1474,6176,(株)ブランジスタ,東証STD,909,-13,-1.41,"81,400",2026/07/28
1475,1475,6568,神戸天然物化学(株),東証GRT,"1,260",-18,-1.41,500,2026/07/28
1476,1476,6863,(株)ニレコ,東証STD,"2,732",-39,-1.41,"27,300",2026/07/28
1477,1477,8715,アニコム　ホールディングス(株),東証PRM,"1,190",-17,-1.41,"303,000",2026/07/28
1478,1478,9687,(株)ＫＳＫ,東証STD,"4,560",-65,-1.41,800,2026/07/28
1479,1479,1627,(NEXT FUNDS)電力･ガス上場投信,東証ETF,"11,585",-165,-1.4,"4,817",2026/07/28
1480,1480,2764,(株)ひらまつ,東証STD,141,-2,-1.4,"96,500",2026/07/28
1481,1481,4308,(株)Ｊストリーム,東証GRT,353,-5,-1.4,"47,700",2026/07/28
1482,1482,4414,(株)フレクト,東証GRT,"1,195",-17,-1.4,"11,800",2026/07/28
1483,1483,4547,キッセイ薬品工業(株),東証PRM,"4,240",-60,-1.4,"93,500",2026/07/28
1484,1484,5137,(株)スマートドライブ,東証GRT,211,-3,-1.4,"147,300",2026/07/28
1485,1485,580A,GX 銅ビジネス,東証ETF,917,-13,-1.4,"2,284",2026/07/28
1486,1486,7120,(株)ＳＨＩＮＫＯ,東証STD,"1,055",-15,-1.4,"7,000",2026/07/28
1487,1487,7266,(株)今仙電機製作所,東証STD,915,-13,-1.4,"25,800",2026/07/28
1488,1488,3935,(株)エディア,東証STD,709,-10,-1.39,"20,200",2026/07/28
1489,1489,7150,(株)島根銀行,東証STD,498,-7,-1.39,"28,700",2026/07/28
1490,1490,7818,(株)トランザクション,東証PRM,"1,202",-17,-1.39,"133,800",2026/07/28
1491,1491,8349,(株)東北銀行,東証STD,"1,490",-21,-1.39,"17,400",2026/07/28
1492,1492,1491,中外鉱業(株),東証STD,714,-10,-1.38,"41,600",2026/07/28
1493,1493,1687,WisdomTree 農産物上場投信,東証ETF,"1,070",-15,-1.38,"3,100",2026/07/28
1494,1494,1939,(株)四電工,東証PRM,"1,997",-28,-1.38,"90,100",2026/07/28
1495,1495,2563,iシェアーズ S&P500 米国株 ETF(H有),東証ETF,392.2,-5.5,-1.38,"175,240",2026/07/28
1496,1496,3744,サイオス(株),東証STD,499,-7,-1.38,"21,800",2026/07/28
1497,1497,5408,(株)中山製鋼所,東証PRM,643,-9,-1.38,"117,600",2026/07/28
1498,1498,5571,エキサイトホールディングス(株),東証STD,"1,002",-14,-1.38,200,2026/07/28
1499,1499,6874,協立電機(株),東証STD,"2,505",-35,-1.38,"1,900",2026/07/28
1500,1500,7525,リックス(株),東証PRM,"3,575",-50,-1.38,"17,500",2026/07/28
1501,1501,4075,ブレインズテクノロジー(株),東証GRT,862,-12,-1.37,"11,400",2026/07/28
1502,1502,4095,日本パーカライジング(株),東証PRM,"1,661",-23,-1.37,"205,000",2026/07/28
1503,1503,4258,(株)網屋,東証GRT,"4,330",-60,-1.37,"35,300",2026/07/28
1504,1504,4374,(株)ＲＯＢＯＴ　ＰＡＹＭＥＮＴ,東証GRT,"2,302",-32,-1.37,"2,500",2026/07/28
1505,1505,5902,ホッカンホールディングス(株),東証PRM,"2,383",-33,-1.37,"11,600",2026/07/28
1506,1506,6927,ヘリオス　テクノ　ホールディング(株),東証STD,938,-13,-1.37,"93,500",2026/07/28
1507,1507,8835,太平洋興発(株),東証STD,793,-11,-1.37,"28,400",2026/07/28
1508,1508,9272,ブティックス(株),東証GRT,"1,445",-20,-1.37,"3,000",2026/07/28
1509,1509,9934,因幡電機産業(株),東証PRM,"2,781.5",-38.5,-1.37,"203,400",2026/07/28
1510,1510,1904,大成温調(株),東証STD,"5,090",-70,-1.36,"7,400",2026/07/28
1511,1511,302A,(株)ビースタイルホールディングス,東証GRT,582,-8,-1.36,400,2026/07/28
1512,1512,3352,(株)バッファロー,東証STD,"1,745",-24,-1.36,900,2026/07/28
1513,1513,3993,(株)ＰＫＳＨＡ　Ｔｅｃｈｎｏｌｏｇｙ,東証PRM,"2,763",-38,-1.36,"305,800",2026/07/28
1514,1514,6072,地盤ネットホールディングス(株),東証STD,872,-12,-1.36,"933,200",2026/07/28
1515,1515,6470,大豊工業(株),東証STD,"1,088",-15,-1.36,"84,200",2026/07/28
1516,1516,8202,ラオックスホールディングス(株),東証STD,145,-2,-1.36,"187,100",2026/07/28
1517,1517,9507,四国電力(株),東証PRM,"1,591",-22,-1.36,"759,800",2026/07/28
1518,1518,3183,ウイン・パートナーズ(株),東証PRM,"1,317",-18,-1.35,"17,200",2026/07/28
1519,1519,3321,ミタチ産業(株),東証STD,"1,530",-21,-1.35,"46,800",2026/07/28
1520,1520,5888,ＤＡＩＷＡ　ＣＹＣＬＥ(株),東証GRT,"2,705",-37,-1.35,"7,200",2026/07/28
1521,1521,6932,(株)遠藤照明,東証STD,"2,565",-35,-1.35,"23,500",2026/07/28
1522,1522,7345,(株)アイ・パートナーズフィナンシャル,東証GRT,951,-13,-1.35,"1,300",2026/07/28
1523,1523,9553,(株)マイクロアド,東証GRT,583,-8,-1.35,"87,600",2026/07/28
1524,1524,3698,(株)ＣＲＩ・ミドルウェア,東証STD,"1,181",-16,-1.34,"3,800",2026/07/28
1525,1525,4784,ＧＭＯインターネット(株),東証PRM,517,-7,-1.34,"1,204,600",2026/07/28
1526,1526,4892,(株)サイフューズ,東証GRT,516,-7,-1.34,"50,000",2026/07/28
1527,1527,6505,東洋電機製造(株),東証STD,"2,355",-32,-1.34,"88,100",2026/07/28
1528,1528,6543,(株)日宣,東証STD,"1,179",-16,-1.34,"2,500",2026/07/28
1529,1529,7128,ユニソルホールディングス(株),東証PRM,"2,719",-37,-1.34,"84,100",2026/07/28
1530,1530,7231,トピー工業(株),東証PRM,"2,881",-39,-1.34,"45,100",2026/07/28
1531,1531,9319,(株)中央倉庫,東証PRM,"1,839",-25,-1.34,"26,800",2026/07/28
1532,1532,2497,ユナイテッド(株),東証GRT,518,-7,-1.33,"38,800",2026/07/28
1533,1533,316A,iFreeETF FANG+,東証ETF,"2,531",-34,-1.33,"196,082",2026/07/28
1534,1534,3323,レカム(株),東証STD,74,-1,-1.33,"198,100",2026/07/28
1535,1535,472A,(株)ミラティブ,東証GRT,520,-7,-1.33,"105,100",2026/07/28
1536,1536,4896,(株)ケイファーマ,東証GRT,740,-10,-1.33,"10,600",2026/07/28
1537,1537,547A,ムニノバホールディングス(株),東証PRM,445,-6,-1.33,"1,417,600",2026/07/28
1538,1538,5992,中央発條(株),東証STD,"3,710",-50,-1.33,"63,600",2026/07/28
1539,1539,6915,千代田インテグレ(株),東証STD,"3,345",-45,-1.33,"8,900",2026/07/28
1540,1540,8594,中道リース(株),札証,670,-9,-1.33,400,2026/07/28
1541,1541,8818,京阪神ビルディング(株),東証PRM,"1,110",-15,-1.33,"299,400",2026/07/28
1542,1542,471A,ＮＳグループ(株),東証PRM,"1,495",-20,-1.32,"169,600",2026/07/28
1543,1543,5618,ナイル(株),東証GRT,300,-4,-1.32,"4,900",2026/07/28
1544,1544,8830,住友不動産(株),東証PRM,"3,731",-50,-1.32,"2,106,500",2026/07/28
1545,1545,2986,(株)ＬＡホールディングス,東証GRT,"2,714",-36,-1.31,"182,700",2026/07/28
1546,1546,6371,(株)椿本チエイン,東証PRM,"2,642",-35,-1.31,"258,200",2026/07/28
1547,1547,1929,日特建設(株),東証PRM,"1,139",-15,-1.3,"56,300",2026/07/28
1548,1548,2643,(NEXTFUNDS) MSCIジャパンカントリー指数(セレクト),東証ETF,"4,168",-55,-1.3,5,2026/07/28
1549,1549,3639,(株)ボルテージ,東証STD,228,-3,-1.3,"12,000",2026/07/28
1550,1550,3773,(株)アドバンスト・メディア,東証GRT,"1,062",-14,-1.3,"22,800",2026/07/28
1551,1551,5018,(株)ＭＯＲＥＳＣＯ,東証STD,"2,120",-28,-1.3,"48,100",2026/07/28
1552,1552,7279,(株)ハイレックスコーポレーション,東証STD,"2,196",-29,-1.3,"85,000",2026/07/28
1553,1553,9436,沖縄セルラー電話(株),東証STD,"3,795",-50,-1.3,"91,100",2026/07/28
1554,1554,9997,(株)ベルーナ,東証PRM,"1,067",-14,-1.3,"198,500",2026/07/28
1555,1555,1951,エクシオグループ(株),東証PRM,"2,670",-35,-1.29,"803,200",2026/07/28
1556,1556,2529,(NEXT FUNDS)野村株主還元70連動型上場投信,東証ETF,"2,290",-30,-1.29,"9,704",2026/07/28
1557,1557,256A,飛島ホールディングス(株),東証PRM,"2,067",-27,-1.29,"170,900",2026/07/28
1558,1558,2858,GX 日経225 カバード・コール (プレミアム再投資型),東証ETF,"1,450",-19,-1.29,"1,662",2026/07/28
1559,1559,7932,(株)ニッピ,東証STD,"12,290",-160,-1.29,"6,800",2026/07/28
1560,1560,9284,カナディアン・ソーラー・インフラ投資法人,東証,"76,300","-1,000",-1.29,"1,931",2026/07/28
1561,1561,9444,(株)トーシンホールディングス,東証STD,230,-3,-1.29,"1,500",2026/07/28
1562,1562,2656,(株)ベクターホールディングス,東証STD,154,-2,-1.28,"311,000",2026/07/28
1563,1563,3452,(株)ビーロット,東証STD,"1,462",-19,-1.28,"59,300",2026/07/28
1564,1564,4576,(株)デ・ウエスタン・セラピテクス研究所,東証GRT,77,-1,-1.28,"238,300",2026/07/28
1565,1565,1618,(NEXT FUNDS)エネルギー資源上場投信,東証ETF,"33,460",-430,-1.27,"1,011",2026/07/28
1566,1566,1873,(株)日本ハウスホールディングス,東証PRM,311,-4,-1.27,"60,900",2026/07/28
1567,1567,1944,(株)きんでん,東証PRM,"7,696",-99,-1.27,"1,649,000",2026/07/28
1568,1568,2491,バリューコマース(株),東証PRM,465,-6,-1.27,"117,500",2026/07/28
1569,1569,3154,メディアスホールディングス(株),東証PRM,780,-10,-1.27,"31,300",2026/07/28
1570,1570,4642,オリジナル設計(株),東証STD,"1,402",-18,-1.27,"2,200",2026/07/28
1571,1571,4884,クリングルファーマ(株),東証GRT,312,-4,-1.27,"68,500",2026/07/28
1572,1572,5010,日本精蝋(株),東証STD,234,-3,-1.27,"108,900",2026/07/28
1573,1573,6770,アルプスアルパイン(株),東証PRM,"2,207",-28.5,-1.27,"1,982,000",2026/07/28
1574,1574,7172,(株)ジャパンインベストメントアドバイザー,東証PRM,"2,097",-27,-1.27,"328,500",2026/07/28
1575,1575,7675,セントラルフォレストグループ(株),名証MN,"2,800",-36,-1.27,500,2026/07/28
1576,1576,7692,(株)アースインフィニティ,東証STD,78,-1,-1.27,"237,000",2026/07/28
1577,1577,8008,４℃ホールディングス,東証PRM,"2,028",-26,-1.27,"128,300",2026/07/28
1578,1578,8166,(株)タカキュー,東証STD,78,-1,-1.27,"57,600",2026/07/28
1579,1579,8303,(株)ＳＢＩ新生銀行,東証PRM,"1,441.5",-18.5,-1.27,"3,389,000",2026/07/28
1580,1580,9221,フルハシＥＰＯ(株),東証STD,"1,247",-16,-1.27,"16,900",2026/07/28
1581,1581,9343,(株)アイビス,東証GRT,775,-10,-1.27,"16,400",2026/07/28
1582,1582,1720,東急建設(株),東証PRM,"1,173",-15,-1.26,"354,100",2026/07/28
1583,1583,4626,太陽ホールディングス(株),東証PRM,"4,689",-60,-1.26,"704,000",2026/07/28
1584,1584,6444,サンデン(株),東証STD,157,-2,-1.26,"62,800",2026/07/28
1585,1585,1629,(NEXT FUNDS)商社･卸売上場投信,東証ETF,261.1,-3.3,-1.25,"1,517,420",2026/07/28
1586,1586,339A,プログレス・テクノロジーズ　グループ(株),東証GRT,871,-11,-1.25,"21,400",2026/07/28
1587,1587,6177,ＡｐｐＢａｎｋ(株),東証GRT,79,-1,-1.25,"1,194,000",2026/07/28
1588,1588,178A,GX 革新的優良企業,東証ETF,"1,590",-20,-1.24,"53,845",2026/07/28
1589,1589,3123,サイボー(株),東証STD,639,-8,-1.24,"1,000",2026/07/28
1590,1590,4438,(株)Ｗｅｌｂｙ,東証GRT,238,-3,-1.24,"5,800",2026/07/28
1591,1591,5578,ＡＲアドバンストテクノロジ(株),東証GRT,794,-10,-1.24,"49,200",2026/07/28
1592,1592,6699,ダイヤモンドエレクトリックホールディングス(株),東証STD,476,-6,-1.24,"57,700",2026/07/28
1593,1593,7997,(株)くろがね工作所,東証STD,"1,032",-13,-1.24,800,2026/07/28
1594,1594,8053,住友商事(株),東証PRM,"1,591.5",-20,-1.24,"12,686,400",2026/07/28
1595,1595,8600,トモニホールディングス(株),東証PRM,"1,037",-13,-1.24,"779,400",2026/07/28
1596,1596,9561,(株)グラッドキューブ,東証GRT,399,-5,-1.24,"4,600",2026/07/28
1597,1597,3248,(株)アールエイジ,東証STD,881,-11,-1.23,"1,300",2026/07/28
1598,1598,6664,(株)オプトエレクトロニクス,東証STD,240,-3,-1.23,"1,200",2026/07/28
1599,1599,2248,iFreeETF S&P500(H有),東証ETF,"2,662",-33,-1.22,"1,385",2026/07/28
1600,1600,2325,(株)ＮＪＳ,東証PRM,"4,435",-55,-1.22,"26,700",2026/07/28
1601,1601,3277,(株)サンセイランディック,東証STD,649,-8,-1.22,"7,500",2026/07/28
1602,1602,450A,ステート・ストリート・スパイダー S&P500 ETF(H有),東証ETF,760.7,-9.4,-1.22,590,2026/07/28
1603,1603,9357,名港海運(株),名証MN,"2,420",-30,-1.22,"9,200",2026/07/28
1604,1604,9508,九州電力(株),東証PRM,"1,820",-22.5,-1.22,"1,633,800",2026/07/28
1605,1605,1435,(株)ｒｏｂｏｔ　ｈｏｍｅ,東証STD,163,-2,-1.21,"315,300",2026/07/28
1606,1606,2378,(株)ルネサンス,東証PRM,"1,061",-13,-1.21,"34,100",2026/07/28
1607,1607,3252,地主(株),東証PRM,"2,931",-36,-1.21,"70,700",2026/07/28
1608,1608,5268,旭コンクリート工業(株),東証STD,818,-10,-1.21,"1,700",2026/07/28
1609,1609,5589,(株)オートサーバー,東証STD,"2,687",-33,-1.21,"1,600",2026/07/28
1610,1610,7856,萩原工業(株),東証PRM,"1,802",-22,-1.21,"45,400",2026/07/28
1611,1611,9107,川崎汽船(株),東証PRM,"2,815.5",-34.5,-1.21,"4,531,200",2026/07/28
1612,1612,9326,関通ホールディングス(株),東証GRT,489,-6,-1.21,"29,300",2026/07/28
1613,1613,1655,iシェアーズ S&P500 米国株 ETF,東証ETF,873.2,-10.6,-1.2,"1,359,460",2026/07/28
1614,1614,4439,(株)東名,東証STD,821,-10,-1.2,"29,500",2026/07/28
1615,1615,4625,アトミクス(株),東証STD,738,-9,-1.2,"1,300",2026/07/28
1616,1616,6564,(株)ミダックホールディングス,東証PRM,"2,215",-27,-1.2,"19,200",2026/07/28
1617,1617,9262,(株)シルバーライフ,東証STD,659,-8,-1.2,"28,800",2026/07/28
1618,1618,9380,東海運(株),東証STD,412,-5,-1.2,"22,300",2026/07/28
1619,1619,9991,ジェコス(株),東証PRM,"1,649",-20,-1.2,"60,300",2026/07/28
1620,1620,167A,リョーサン菱洋ホールディングス(株),東証PRM,"2,825",-34,-1.19,"249,900",2026/07/28
1621,1621,1787,(株)ナカボーテック,東証STD,"5,800",-70,-1.19,100,2026/07/28
1622,1622,2084,(NEXT FUNDS) 日本高配当株アクティブ,東証ETF,"3,730",-45,-1.19,"35,877",2026/07/28
1623,1623,2762,(株)ＳＡＮＫＯ　ＭＡＲＫＥＴＩＮＧ　ＦＯＯＤＳ,東証STD,83,-1,-1.19,"26,400",2026/07/28
1624,1624,3201,ニッケ,東証PRM,"1,904",-23,-1.19,"104,400",2026/07/28
1625,1625,4231,タイガースポリマー(株),東証STD,997,-12,-1.19,"20,000",2026/07/28
1626,1626,486A,(NEXT FUNDS) ユーロ・ストックス50(H無),東証ETF,"2,237",-27,-1.19,"1,046",2026/07/28
1627,1627,6080,Ｍ＆Ａキャピタルパートナーズ(株),東証PRM,"3,740",-45,-1.19,"127,100",2026/07/28
1628,1628,6837,(株)京写,東証STD,331,-4,-1.19,"72,800",2026/07/28
1629,1629,9407,(株)ＲＫＢ毎日ホールディングス,福証,"5,820",-70,-1.19,400,2026/07/28
1630,1630,9506,東北電力(株),東証PRM,"1,163.5",-14,-1.19,"2,468,500",2026/07/28
1631,1631,1384,(株)ホクリヨウ,東証STD,"2,015",-24,-1.18,"21,900",2026/07/28
1632,1632,3241,(株)ウィル,東証STD,586,-7,-1.18,"2,500",2026/07/28
1633,1633,3529,アツギ(株),東証STD,"1,093",-13,-1.18,"34,400",2026/07/28
1634,1634,4094,日本化学産業(株),東証STD,"2,086",-25,-1.18,"29,600",2026/07/28
1635,1635,4685,(株)菱友システムズ,東証STD,"2,849",-34,-1.18,"16,500",2026/07/28
1636,1636,4722,フューチャー(株),東証PRM,"2,340",-28,-1.18,"517,400",2026/07/28
1637,1637,6249,(株)ゲームカードホールディングス,東証STD,"2,599",-31,-1.18,"10,900",2026/07/28
1638,1638,6632,(株)ＪＶＣケンウッド,東証PRM,"1,132.5",-13.5,-1.18,"534,600",2026/07/28
1639,1639,7463,(株)アドヴァングループ,東証STD,924,-11,-1.18,"21,300",2026/07/28
1640,1640,7947,(株)エフピコ,東証PRM,"2,607",-31,-1.18,"266,600",2026/07/28
1641,1641,8085,ナラサキ産業(株),東証STD,"4,195",-50,-1.18,300,2026/07/28
1642,1642,8511,日本証券金融(株),東証PRM,"2,437",-29,-1.18,"188,400",2026/07/28
1643,1643,2641,GX グローバルリーダーズ-日本株式,東証ETF,"4,397",-52,-1.17,"11,004",2026/07/28
1644,1644,3623,ビリングシステム(株),東証GRT,"1,014",-12,-1.17,"22,800",2026/07/28
1645,1645,3963,(株)シンクロ・フード,東証PRM,337,-4,-1.17,"38,600",2026/07/28
1646,1646,4832,ＪＦＥシステムズ(株),東証STD,"2,026",-24,-1.17,"20,500",2026/07/28
1647,1647,5480,日本冶金工業(株),東証PRM,"5,060",-60,-1.17,"49,500",2026/07/28
1648,1648,8802,三菱地所(株),東証PRM,"4,050",-48,-1.17,"2,533,900",2026/07/28
1649,1649,9165,(株)クオルテック,東証GRT,"1,695",-20,-1.17,"5,800",2026/07/28
1650,1650,9505,北陸電力(株),東証PRM,955.2,-11.3,-1.17,"1,064,200",2026/07/28
1651,1651,9511,沖縄電力(株),東証PRM,931,-11,-1.17,"160,500",2026/07/28
1652,1652,3547,(株)ユニシアホールディングス,東証STD,"1,784",-21,-1.16,"29,800",2026/07/28
1653,1653,6625,ＪＡＬＣＯホールディングス(株),東証STD,342,-4,-1.16,"317,900",2026/07/28
1654,1654,7102,日本車輌製造(株),東証PRM,"3,835",-45,-1.16,"82,000",2026/07/28
1655,1655,8860,フジ住宅(株),東証PRM,764,-9,-1.16,"47,700",2026/07/28
1656,1656,9904,(株)ベリテ,東証STD,256,-3,-1.16,"36,800",2026/07/28
1657,1657,212A,フィットイージー(株),東証PRM,"2,740",-32,-1.15,"120,900",2026/07/28
1658,1658,2633,(NEXT FUNDS) S&P500(H無)連動型上場投信,東証ETF,558.4,-6.5,-1.15,"52,460",2026/07/28
1659,1659,3024,クリエイト(株),東証STD,"1,117",-13,-1.15,"1,200",2026/07/28
1660,1660,410A,ＧＭＯコマース(株),東証GRT,"1,119",-13,-1.15,"5,500",2026/07/28
1661,1661,8737,(株)あかつき本社,東証STD,601,-7,-1.15,"49,400",2026/07/28
1662,1662,575A,前澤ホールディングス(株),東証PRM,"1,820",-21,-1.14,"91,800",2026/07/28
1663,1663,6557,ＡＩＡＩグループ(株),東証GRT,692,-8,-1.14,"20,000",2026/07/28
1664,1664,9363,(株)大運,東証STD,520,-6,-1.14,"6,900",2026/07/28
1665,1665,2247,iFreeETF S&P500(H無),東証ETF,"2,279",-26,-1.13,"5,171",2026/07/28
1666,1666,2415,ヒューマンホールディングス(株),東証STD,"1,573",-18,-1.13,"8,600",2026/07/28
1667,1667,3361,(株)トーエル,東証STD,873,-10,-1.13,"2,700",2026/07/28
1668,1668,4088,エア・ウォーター(株),東証PRM,"2,620",-30,-1.13,"1,316,900",2026/07/28
1669,1669,4284,(株)ソルクシーズ,東証STD,439,-5,-1.13,"59,800",2026/07/28
1670,1670,442A,クラシコ(株),東証GRT,960,-11,-1.13,"5,800",2026/07/28
1671,1671,6382,トリニティ工業(株),東証STD,"1,225",-14,-1.13,"35,700",2026/07/28
1672,1672,6413,理想科学工業(株),東証PRM,"1,047",-12,-1.13,"78,300",2026/07/28
1673,1673,9325,ファイズホールディングス(株),東証STD,"1,138",-13,-1.13,"4,300",2026/07/28
1674,1674,1554,上場インデックス世界株式(MSCI ACWI)除く日本,東証ETF,"6,800",-77,-1.12,"1,182",2026/07/28
1675,1675,3877,中越パルプ工業(株),東証PRM,"2,122",-24,-1.12,"32,200",2026/07/28
1676,1676,424A,GX ゴールドETF(H有),東証ETF,309.6,-3.5,-1.12,"17,070",2026/07/28
1677,1677,5248,(株)テクノロジーズ,東証GRT,528,-6,-1.12,"63,100",2026/07/28
1678,1678,7287,日本精機(株),東証STD,"2,390",-27,-1.12,"148,900",2026/07/28
1679,1679,7320,Ｓｏｌｖｖｙ(株),東証GRT,"1,414",-16,-1.12,"34,600",2026/07/28
1680,1680,7972,(株)イトーキ,東証PRM,"2,905",-33,-1.12,"177,500",2026/07/28
1681,1681,8075,神鋼商事(株),東証PRM,"2,558",-29,-1.12,"42,200",2026/07/28
1682,1682,8304,(株)あおぞら銀行,東証PRM,"3,089",-35,-1.12,"1,616,200",2026/07/28
1683,1683,9059,カンダホールディングス(株),東証STD,884,-10,-1.12,"1,500",2026/07/28
1684,1684,1326,SPDRゴールド･シェア,東証ETF,"60,750",-680,-1.11,"5,814",2026/07/28
1685,1685,1671,WTI原油価格連動型上場投信,東証ETF,"5,169",-58,-1.11,"231,116",2026/07/28
1686,1686,283A,GX USテック・配当貴族,東証ETF,"1,332",-15,-1.11,"78,653",2026/07/28
1687,1687,3627,テクミラホールディングス(株),東証STD,267,-3,-1.11,"32,300",2026/07/28
1688,1688,4320,(株)ＣＥホールディングス,東証STD,"1,690",-19,-1.11,"19,000",2026/07/28
1689,1689,4403,日油(株),東証PRM,"2,794",-31.5,-1.11,"646,100",2026/07/28
1690,1690,4885,室町ケミカル(株),東証STD,888,-10,-1.11,"21,000",2026/07/28
1691,1691,5982,(株)マルゼン,東証STD,"4,000",-45,-1.11,"5,000",2026/07/28
1692,1692,6196,(株)ストライクグループ,東証PRM,"1,341",-15,-1.11,"337,900",2026/07/28
1693,1693,6246,(株)テクノスマート,東証STD,"1,864",-21,-1.11,"14,400",2026/07/28
1694,1694,6272,レオン自動機(株),東証PRM,"1,520",-17,-1.11,"51,800",2026/07/28
1695,1695,7198,ＳＢＩアルヒ(株),東証PRM,802,-9,-1.11,"93,100",2026/07/28
1696,1696,7744,ノーリツ鋼機(株),東証PRM,"1,964",-22,-1.11,"452,600",2026/07/28
1697,1697,7963,興研(株),東証STD,"1,785",-20,-1.11,"1,500",2026/07/28
1698,1698,1966,(株)高田工業所,東証STD,"1,710",-19,-1.1,"9,400",2026/07/28
1699,1699,3177,(株)ありがとうサービス,東証STD,"4,040",-45,-1.1,800,2026/07/28
1700,1700,461A,MAXIS 日本株高配当SMART50,東証ETF,"2,611",-29,-1.1,"2,512",2026/07/28
1701,1701,6580,(株)ライトアップ,東証GRT,807,-9,-1.1,"12,400",2026/07/28
1702,1702,8041,ＯＵＧホールディングス(株),東証STD,"4,510",-50,-1.1,"5,100",2026/07/28
1703,1703,1972,三晃金属工業(株),東証STD,"1,274",-14,-1.09,"29,200",2026/07/28
1704,1704,2689,オルバヘルスケアホールディングス(株),東証STD,"1,905",-21,-1.09,"2,300",2026/07/28
1705,1705,2901,(株)ウェルディッシュ,東証STD,181,-2,-1.09,"160,200",2026/07/28
1706,1706,3001,片倉工業(株),東証STD,"2,721",-30,-1.09,"42,400",2026/07/28
1707,1707,3486,(株)グローバル・リンク・マネジメント,東証PRM,"1,901",-21,-1.09,"37,400",2026/07/28
1708,1708,425A,GX ゴールドETF,東証ETF,354.5,-3.9,-1.09,"119,700",2026/07/28
1709,1709,447A,ステート・ストリート・スパイダー ゴールド ETF(H無),東証ETF,264.2,-2.9,-1.09,"116,570",2026/07/28
1710,1710,8999,グランディハウス(株),東証PRM,544,-6,-1.09,"34,100",2026/07/28
1711,1711,1447,ＳＡＡＦホールディングス(株),東証GRT,365,-4,-1.08,"114,300",2026/07/28
1712,1712,2928,ＲＩＺＡＰグループ(株),札幌ア,183,-2,-1.08,"123,400",2026/07/28
1713,1713,3053,(株)ペッパーフードサービス,東証STD,183,-2,-1.08,"204,400",2026/07/28
1714,1714,3569,セーレン(株),東証PRM,"3,210",-35,-1.08,"151,400",2026/07/28
1715,1715,449A,ステート・ストリート・スパイダー S&P500 ETF(H無),東証ETF,822.4,-9,-1.08,"74,090",2026/07/28
1716,1716,5726,(株)大阪チタニウムテクノロジーズ,東証PRM,"2,651",-29,-1.08,"500,600",2026/07/28
1717,1717,6118,アイダエンジニアリング(株),東証PRM,"1,189",-13,-1.08,"160,100",2026/07/28
1718,1718,6533,(株)Ｏｒｃｈｅｓｔｒａ　Ｈｏｌｄｉｎｇｓ,東証PRM,"1,187",-13,-1.08,"5,000",2026/07/28
1719,1719,7282,豊田合成(株),東証PRM,"5,128",-56,-1.08,"648,800",2026/07/28
1720,1720,1541,純プラチナ上場信託(現物国内保管型),東証ETF,"7,655",-83,-1.07,"24,523",2026/07/28
1721,1721,1557,State Street SPDR S&P500 ETF,東証ETF,"120,700","-1,300",-1.07,"1,849",2026/07/28
1722,1722,2859,(NEXT FUNDS) ユーロ・ストックス50(H有),東証ETF,"3,155",-34,-1.07,591,2026/07/28
1723,1723,3377,(株)バイク王＆カンパニー,東証STD,371,-4,-1.07,"26,400",2026/07/28
1724,1724,3443,川田テクノロジーズ(株),東証PRM,"1,298",-14,-1.07,"342,400",2026/07/28
1725,1725,4044,セントラル硝子(株),東証PRM,"4,150",-45,-1.07,"104,800",2026/07/28
1726,1726,4375,セーフィー(株),東証GRT,650,-7,-1.07,"156,900",2026/07/28
1727,1727,4420,イーソル(株),東証STD,738,-8,-1.07,"84,200",2026/07/28
1728,1728,4914,高砂香料工業(株),東証PRM,"1,198",-13,-1.07,"182,100",2026/07/28
1729,1729,5535,ミガロホールディングス(株),東証PRM,278,-3,-1.07,"106,800",2026/07/28
1730,1730,6194,(株)アトラエ,東証PRM,832,-9,-1.07,"80,700",2026/07/28
1731,1731,8869,明和地所(株),東証STD,830,-9,-1.07,"53,100",2026/07/28
1732,1732,9218,(株)メンタルヘルステクノロジーズ,東証GRT,742,-8,-1.07,"9,200",2026/07/28
1733,1733,9509,北海道電力(株),東証PRM,"1,021",-11,-1.07,"1,729,500",2026/07/28
1734,1734,1680,上場インデックスファンド海外先進国株式,東証ETF,"8,293",-89,-1.06,"2,677",2026/07/28
1735,1735,2776,新都ホールディングス(株),東証STD,93,-1,-1.06,"112,600",2026/07/28
1736,1736,3150,(株)グリムス,東証PRM,"2,618",-28,-1.06,"50,800",2026/07/28
1737,1737,3205,(株)ダイドーリミテッド,東証STD,746,-8,-1.06,"129,600",2026/07/28
1738,1738,376A,(NEXT FUNDS)ブルームバーグ米国国債(7-10年)(75%H有),東証ETF,"4,932",-53,-1.06,1,2026/07/28
1739,1739,414A,(株)オーバーラップホールディングス,東証GRT,841,-9,-1.06,"115,800",2026/07/28
1740,1740,4166,かっこ(株),東証GRT,656,-7,-1.06,"2,800",2026/07/28
1741,1741,8032,日本紙パルプ商事(株),東証PRM,"1,115",-12,-1.06,"209,900",2026/07/28
1742,1742,8887,(株)シーラホールディングス,東証STD,375,-4,-1.06,"83,300",2026/07/28
1743,1743,1672,WisdomTree 金上場投信,東証ETF,"61,370",-650,-1.05,722,2026/07/28
1744,1744,2216,カンロ(株),東証STD,"1,223",-13,-1.05,"57,800",2026/07/28
1745,1745,3315,日本コークス工業(株),東証PRM,94,-1,-1.05,"4,140,600",2026/07/28
1746,1746,3768,リスクモンスター(株),東証STD,565,-6,-1.05,"4,300",2026/07/28
1747,1747,4165,(株)プレイド,東証GRT,566,-6,-1.05,"147,100",2026/07/28
1748,1748,4175,(株)ｃｏｌｙ,東証GRT,"2,644",-28,-1.05,"10,100",2026/07/28
1749,1749,4316,(株)ビーマップ,東証GRT,94,-1,-1.05,"31,800",2026/07/28
1750,1750,5386,(株)鶴弥,名証MN,377,-4,-1.05,"3,600",2026/07/28
1751,1751,7782,(株)シンシア,東証STD,470,-5,-1.05,"1,600",2026/07/28
1752,1752,7806,(株)ＭＴＧ,東証GRT,"7,530",-80,-1.05,"62,600",2026/07/28
1753,1753,8613,丸三証券(株),東証PRM,"1,128",-12,-1.05,"218,800",2026/07/28
1754,1754,9980,ＭＲＫホールディングス(株),東証STD,94,-1,-1.05,"105,700",2026/07/28
1755,1755,2820,(株)やまみ,東証STD,"4,750",-50,-1.04,"7,900",2026/07/28
1756,1756,3916,デジタル・インフォメーション・テクノロジー(株),東証PRM,949,-10,-1.04,"100,000",2026/07/28
1757,1757,6899,ＡＳＴＩ(株),東証STD,"2,376",-25,-1.04,"2,200",2026/07/28
1758,1758,8139,(株)ナガホリ,東証STD,"2,100",-22,-1.04,"31,100",2026/07/28
1759,1759,8952,ジャパンリアルエステイト投資法人,東証,"123,400","-1,300",-1.04,"15,151",2026/07/28
1760,1760,9046,神戸電鉄(株),東証STD,"2,481",-26,-1.04,"6,000",2026/07/28
1761,1761,9619,(株)イチネンホールディングス,東証PRM,"2,375",-25,-1.04,"30,100",2026/07/28
1762,1762,6078,(株)バリューＨＲ,東証PRM,"1,534",-16,-1.03,"21,400",2026/07/28
1763,1763,9068,丸全昭和運輸(株),東証PRM,"7,710",-80,-1.03,"25,300",2026/07/28
1764,1764,2865,GX NASDAQ100・カバード・コール,東証ETF,"1,265",-13,-1.02,"350,892",2026/07/28
1765,1765,303A,(株)ｖｉｓｕｍｏ,東証GRT,583,-6,-1.02,"2,900",2026/07/28
1766,1766,3440,日創グループ(株),東証STD,877,-9,-1.02,"42,200",2026/07/28
1767,1767,3683,(株)サイバーリンクス,東証STD,"1,063",-11,-1.02,"16,000",2026/07/28
1768,1768,3950,ザ・パック(株),東証PRM,"1,457",-15,-1.02,"88,200",2026/07/28
1769,1769,4018,(株)Ｇｅｏｌｏｃａｔｉｏｎ　Ｔｅｃｈｎｏｌｏｇｙ,福岡Q,970,-10,-1.02,"2,500",2026/07/28
1770,1770,4301,(株)アミューズ,東証PRM,"1,947",-20,-1.02,"14,500",2026/07/28
1771,1771,4343,(株)イオンファンタジー,東証PRM,"2,717",-28,-1.02,"47,600",2026/07/28
1772,1772,543A,ＡＲＣＨＩＯＮ(株),東証PRM,290,-3,-1.02,"22,681,400",2026/07/28
1773,1773,7040,(株)サン・ライフホールディング,東証STD,975,-10,-1.02,"1,400",2026/07/28
1774,1774,8388,(株)阿波銀行,東証PRM,"8,770",-90,-1.02,"330,000",2026/07/28
1775,1775,8881,(株)日神グループホールディングス,東証PRM,680,-7,-1.02,"167,000",2026/07/28
1776,1776,1328,(NEXT FUNDS)金価格連動型上場投信,東証ETF,"15,670",-160,-1.01,"20,709",2026/07/28
1777,1777,1436,(株)グリーンエナジー＆カンパニー,東証GRT,"1,272",-13,-1.01,"36,300",2026/07/28
1778,1778,3010,ポラリス・ホールディングス(株),東証STD,197,-2,-1.01,"359,000",2026/07/28
1779,1779,3951,朝日印刷(株),東証STD,885,-9,-1.01,"21,200",2026/07/28
1780,1780,4417,グローバルセキュリティエキスパート(株),東証GRT,"4,405",-45,-1.01,"48,800",2026/07/28
1781,1781,526A,JPXスタートアップ急成長100ETF,東証ETF,"2,048",-21,-1.01,388,2026/07/28
1782,1782,5351,品川リフラ(株),東証PRM,"2,067",-21,-1.01,"118,400",2026/07/28
1783,1783,6039,(株)日本動物高度医療センター,東証GRT,976,-10,-1.01,"32,200",2026/07/28
1784,1784,6149,(株)小田原エンジニアリング,東証STD,"2,165",-22,-1.01,"12,800",2026/07/28
1785,1785,7325,(株)アイリックコーポレーション,東証GRT,683,-7,-1.01,"4,400",2026/07/28
1786,1786,7373,(株)アイドマ・ホールディングス,東証GRT,980,-10,-1.01,"95,300",2026/07/28
1787,1787,8076,(株)カノークス,東証STD,"2,062",-21,-1.01,"4,300",2026/07/28
1788,1788,8572,アコム(株),東証STD,488.6,-5,-1.01,"1,466,500",2026/07/28
1789,1789,9731,(株)白洋舍,東証STD,"3,435",-35,-1.01,"1,700",2026/07/28
1790,1790,1540,純金上場信託(現物国内保管型),東証ETF,"19,900",-200,-1.0,"151,051",2026/07/28
1791,1791,3909,(株)ショーケース,東証STD,198,-2,-1.0,"4,400",2026/07/28
1792,1792,416A,富士ユナイトホールディングス(株),東証STD,"1,190",-12,-1.0,"5,800",2026/07/28
1793,1793,4406,新日本理化(株),東証STD,199,-2,-1.0,"405,800",2026/07/28
1794,1794,5363,(株)ＴＹＫ,東証STD,696,-7,-1.0,"55,000",2026/07/28
1795,1795,7192,日本モーゲージサービス(株),東証STD,597,-6,-1.0,"10,900",2026/07/28
1796,1796,7242,カヤバ(株),東証PRM,"4,445",-45,-1.0,"124,900",2026/07/28
1797,1797,8125,(株)ワキタ,東証PRM,"1,890",-19,-1.0,"153,400",2026/07/28
1798,1798,9782,(株)ディーエムエス,東証STD,"3,475",-35,-1.0,"28,400",2026/07/28
1799,1799,3469,(株)デュアルタップ,東証STD,901,-9,-0.99,"4,400",2026/07/28
1800,1800,395A,業界改革厳選ETF地銀,東証ETF,"1,050",-10.5,-0.99,"143,200",2026/07/28
1801,1801,3964,(株)オークネット,東証PRM,"1,395",-14,-0.99,"152,800",2026/07/28
1802,1802,4256,(株)サインド,東証GRT,"1,001",-10,-0.99,"1,400",2026/07/28
1803,1803,5852,(株)アーレスティ,東証PRM,700,-7,-0.99,"150,100",2026/07/28
1804,1804,5933,アルインコ(株),東証PRM,"1,099",-11,-0.99,"28,300",2026/07/28
1805,1805,7079,ＷＤＢココ(株),東証GRT,"2,610",-26,-0.99,600,2026/07/28
1806,1806,9475,(株)昭文社ホールディングス,東証STD,500,-5,-0.99,"2,900",2026/07/28
1807,1807,2254,GX チャイナEV&バッテリー,東証ETF,"1,113",-11,-0.98,"55,392",2026/07/28
1808,1808,4495,(株)アイキューブドシステムズ,東証GRT,"1,926",-19,-0.98,"4,100",2026/07/28
1809,1809,6393,油研工業(株),東証STD,"3,025",-30,-0.98,"2,000",2026/07/28
1810,1810,6563,(株)みらいワークス,東証GRT,503,-5,-0.98,"5,600",2026/07/28
1811,1811,7075,(株)ＱＬＳホールディングス,東証GRT,807,-8,-0.98,"1,600",2026/07/28
1812,1812,7795,(株)ＫＹＯＲＩＴＳＵ,東証STD,203,-2,-0.98,"57,700",2026/07/28
1813,1813,7944,ローランド(株),東証PRM,"4,025",-40,-0.98,"82,300",2026/07/28
1814,1814,8399,(株)琉球銀行,東証PRM,"3,025",-30,-0.98,"153,700",2026/07/28
1815,1815,8585,(株)オリエントコーポレーション,東証PRM,909,-9,-0.98,"474,900",2026/07/28
1816,1816,2086,NZAM 上場投信 S&P500(H有),東証ETF,"2,954",-29,-0.97,3,2026/07/28
1817,1817,5192,三ツ星ベルト(株),東証PRM,"4,095",-40,-0.97,"69,200",2026/07/28
1818,1818,6071,(株)ＩＢＪ,東証PRM,817,-8,-0.97,"85,200",2026/07/28
1819,1819,160A,(株)アズパートナーズ,東証STD,"2,068",-20,-0.96,"12,400",2026/07/28
1820,1820,2183,(株)リニカル,東証STD,207,-2,-0.96,"18,300",2026/07/28
1821,1821,2513,(NEXT FUNDS)外国株式･MSCI-KOKUSAI(H無),東証ETF,"3,597",-35,-0.96,"1,383",2026/07/28
1822,1822,3559,(株)ピーバンドットコム,東証STD,413,-4,-0.96,"14,000",2026/07/28
1823,1823,3665,(株)エニグモ,東証PRM,414,-4,-0.96,"150,200",2026/07/28
1824,1824,6358,酒井重工業(株),東証PRM,"2,165",-21,-0.96,"24,200",2026/07/28
1825,1825,6706,電気興業(株),東証PRM,"2,991",-29,-0.96,"50,100",2026/07/28
1826,1826,7218,田中精密工業(株),東証STD,"1,037",-10,-0.96,"1,500",2026/07/28
1827,1827,7774,(株)ジャパン・ティッシュエンジニアリング,東証GRT,617,-6,-0.96,"45,300",2026/07/28
1828,1828,8897,ＭＩＲＡＲＴＨホールディングス(株),東証PRM,412,-4,-0.96,"437,600",2026/07/28
1829,1829,9423,(株)ＦＲＳ,東証STD,103,-1,-0.96,"33,900",2026/07/28
1830,1830,9632,スバル興業(株),東証STD,"3,595",-35,-0.96,"20,800",2026/07/28
1831,1831,9830,トラスコ中山(株),東証PRM,"2,382",-23,-0.96,"171,100",2026/07/28
1832,1832,9906,藤井産業(株),東証STD,"4,110",-40,-0.96,400,2026/07/28
1833,1833,2435,(株)シダー,東証STD,208,-2,-0.95,"18,400",2026/07/28
1834,1834,5940,不二サッシ(株),東証STD,731,-7,-0.95,"19,600",2026/07/28
1835,1835,8877,エスリード(株),東証PRM,"5,240",-50,-0.95,"23,500",2026/07/28
1836,1836,9286,エネクス・インフラ投資法人,東証,"47,150",-450,-0.95,"5,362",2026/07/28
1837,1837,9539,京葉瓦斯(株),東証STD,"1,459",-14,-0.95,"5,800",2026/07/28
1838,1838,9878,(株)セキド,東証STD,416,-4,-0.95,"4,400",2026/07/28
1839,1839,1547,上場インデックスファンド米国株式(S&P500),東証ETF,"13,175",-125,-0.94,"30,348",2026/07/28
1840,1840,2634,(NEXT FUNDS) S&P500(H有)連動型上場投信,東証ETF,"3,068",-29,-0.94,"6,602",2026/07/28
1841,1841,3912,(株)モバイルファクトリー,東証STD,"1,057",-10,-0.94,"6,900",2026/07/28
1842,1842,4829,日本エンタープライズ(株),東証STD,105,-1,-0.94,"160,300",2026/07/28
1843,1843,5695,パウダーテック(株),東証STD,"2,964",-28,-0.94,"1,400",2026/07/28
1844,1844,6184,(株)鎌倉新書,東証PRM,526,-5,-0.94,"79,600",2026/07/28
1845,1845,7049,(株)識学,東証GRT,846,-8,-0.94,"10,600",2026/07/28
1846,1846,7481,尾家産業(株),東証STD,"2,531",-24,-0.94,"1,600",2026/07/28
1847,1847,8052,椿本興業(株),東証PRM,"2,860",-27,-0.94,"22,400",2026/07/28
1848,1848,1848,(株)富士ピー・エス,東証STD,637,-6,-0.93,"3,900",2026/07/28
1849,1849,2935,(株)ピックルスホールディングス,東証PRM,"1,168",-11,-0.93,"15,400",2026/07/28
1850,1850,3032,(株)ゴルフ・ドゥ,名証NXT,318,-3,-0.93,"5,500",2026/07/28
1851,1851,3633,ＧＭＯペパボ(株),東証STD,"1,711",-16,-0.93,"9,500",2026/07/28
1852,1852,5965,(株)フジマック,東証STD,"1,171",-11,-0.93,"7,500",2026/07/28
1853,1853,7217,(株)テイン,東証STD,426,-4,-0.93,"2,300",2026/07/28
1854,1854,9206,(株)スターフライヤー,東証STD,"1,926",-18,-0.93,"1,400",2026/07/28
1855,1855,2195,アミタホールディングス(株),東証GRT,324,-3,-0.92,"10,800",2026/07/28
1856,1856,2385,(株)総医研ホールディングス,東証GRT,216,-2,-0.92,"78,100",2026/07/28
1857,1857,2410,(株)キャリアデザインセンター,東証PRM,"2,898",-27,-0.92,"16,100",2026/07/28
1858,1858,2475,ＷＤＢホールディングス(株),東証PRM,"1,830",-17,-0.92,"8,600",2026/07/28
1859,1859,2778,パレモ・ホールディングス(株),東証STD,108,-1,-0.92,"22,200",2026/07/28
1860,1860,297A,アルピコホールディングス(株),東証STD,216,-2,-0.92,"57,900",2026/07/28
1861,1861,3965,(株)キャピタル・アセット・プランニング,東証STD,857,-8,-0.92,"2,300",2026/07/28
1862,1862,4528,小野薬品工業(株),東証PRM,"2,417",-22.5,-0.92,"1,462,400",2026/07/28
1863,1863,4754,(株)トスネット,東証STD,"1,502",-14,-0.92,200,2026/07/28
1864,1864,5530,日本システムバンク(株),名証MN,"1,080",-10,-0.92,"7,500",2026/07/28
1865,1865,7089,フォースタートアップス(株),東証GRT,"1,615",-15,-0.92,"41,600",2026/07/28
1866,1866,7093,アディッシュ(株),東証GRT,540,-5,-0.92,"1,500",2026/07/28
1867,1867,8165,(株)千趣会,東証STD,108,-1,-0.92,"178,100",2026/07/28
1868,1868,9101,日本郵船(株),東証PRM,"6,020",-56,-0.92,"2,465,700",2026/07/28
1869,1869,1484,One ETF JPX/S&P 設備･人材投資指数,東証ETF,"3,683",-34,-0.91,"3,840",2026/07/28
1870,1870,1697,WisdomTree 大豆上場投信,東証ETF,"4,799",-44,-0.91,190,2026/07/28
1871,1871,2130,(株)メンバーズ,東証PRM,"1,083",-10,-0.91,"46,100",2026/07/28
1872,1872,2558,MAXIS 米国株式(S&P500)上場投信,東証ETF,"3,476",-32,-0.91,"313,460",2026/07/28
1873,1873,2588,(株)プレミアムウォーターホールディングス,東証STD,"3,800",-35,-0.91,"1,600",2026/07/28
1874,1874,2847,GX 新成長インフラ-日本株式,東証ETF,"2,933",-27,-0.91,"1,274",2026/07/28
1875,1875,3550,(株)スタジオアタオ,東証GRT,218,-2,-0.91,"1,200",2026/07/28
1876,1876,4958,長谷川香料(株),東証PRM,"3,260",-30,-0.91,"47,200",2026/07/28
1877,1877,6089,(株)ウィルグループ,東証PRM,"1,090",-10,-0.91,"39,700",2026/07/28
1878,1878,7135,ジャパンクラフトホールディングス(株),東証STD,218,-2,-0.91,"9,400",2026/07/28
1879,1879,7277,(株)ＴＢＫ,東証STD,328,-3,-0.91,"11,700",2026/07/28
1880,1880,7475,アルビス(株),東証PRM,"2,615",-24,-0.91,"7,600",2026/07/28
1881,1881,1926,ライト工業(株),東証PRM,"3,865",-35,-0.9,"135,600",2026/07/28
1882,1882,1976,明星工業(株),東証PRM,"1,976",-18,-0.9,"124,500",2026/07/28
1883,1883,2514,(NEXT FUNDS)外国株式･MSCI-KOKUSAI(H有),東証ETF,"1,987",-18,-0.9,726,2026/07/28
1884,1884,2894,石井食品(株),東証STD,331,-3,-0.9,"4,800",2026/07/28
1885,1885,319A,(株)技術承継機構,東証GRT,"16,500",-150,-0.9,"31,400",2026/07/28
1886,1886,3372,(株)関門海,東証STD,219,-2,-0.9,"3,800",2026/07/28
1887,1887,3918,ＰＣＩホールディングス(株),東証STD,"1,210",-11,-0.9,"8,700",2026/07/28
1888,1888,4886,あすか製薬ホールディングス(株),東証PRM,"2,213",-20,-0.9,"59,500",2026/07/28
1889,1889,6743,大同信号(株),東証STD,883,-8,-0.9,"14,000",2026/07/28
1890,1890,7347,(株)マーキュリアホールディングス,東証PRM,771,-7,-0.9,"6,900",2026/07/28
1891,1891,8595,ジャフコ　グループ(株),東証PRM,"2,253",-20.5,-0.9,"430,800",2026/07/28
1892,1892,8705,日産証券グループ(株),東証STD,220,-2,-0.9,"216,300",2026/07/28
1893,1893,9273,コーア商事ホールディングス(株),東証PRM,772,-7,-0.9,"25,100",2026/07/28
1894,1894,2736,フェスタリアホールディングス(株),東証STD,670,-6,-0.89,"5,200",2026/07/28
1895,1895,6485,前澤給装工業(株),東証STD,"1,567",-14,-0.89,"15,000",2026/07/28
1896,1896,7226,極東開発工業(株),東証PRM,"2,344",-21,-0.89,"200,600",2026/07/28
1897,1897,7359,(株)東京通信グループ,東証GRT,223,-2,-0.89,"43,800",2026/07/28
1898,1898,8439,東京センチュリー(株),東証PRM,"2,683.5",-24,-0.89,"573,300",2026/07/28
1899,1899,9388,(株)パパネッツ,福岡Q,"1,665",-15,-0.89,"1,700",2026/07/28
1900,1900,2384,ＳＢＳホールディングス(株),東証PRM,"4,500",-40,-0.88,"93,200",2026/07/28
1901,1901,3597,(株)自重堂,東証STD,"9,010",-80,-0.88,"2,000",2026/07/28
1902,1902,365A,伊澤タオル(株),東証STD,793,-7,-0.88,"57,100",2026/07/28
1903,1903,3932,(株)アカツキ,東証PRM,"2,932",-26,-0.88,"45,100",2026/07/28
1904,1904,5250,ＧＭＯプライム・ストラテジー(株),東証STD,"1,015",-9,-0.88,700,2026/07/28
1905,1905,532A,NZAM 上場投信 TOPIX高配当40,東証ETF,"2,251",-20,-0.88,"45,029",2026/07/28
1906,1906,5491,日本金属(株),東証STD,902,-8,-0.88,"41,400",2026/07/28
1907,1907,6897,(株)ツインバード,東証STD,678,-6,-0.88,"33,600",2026/07/28
1908,1908,7038,フロンティア・マネジメント(株),東証PRM,560,-5,-0.88,"12,600",2026/07/28
1909,1909,7072,(株)インティメート・マージャー,東証GRT,"1,018",-9,-0.88,"1,500",2026/07/28
1910,1910,8951,日本ビルファンド投資法人,東証,"135,400","-1,200",-0.88,"28,326",2026/07/28
1911,1911,9466,(株)アイドママーケティングコミュニケーション,東証STD,224,-2,-0.88,"3,600",2026/07/28
1912,1912,9552,(株)クオンツ総研ホールディングス,東証PRM,903,-8,-0.88,"236,500",2026/07/28
1913,1913,2734,(株)サーラコーポレーション,東証PRM,"1,137",-10,-0.87,"109,500",2026/07/28
1914,1914,3657,ポールトゥウィンホールディングス(株),東証PRM,342,-3,-0.87,"315,000",2026/07/28
1915,1915,4119,(株)日本ピグメントホールディングス,東証STD,"5,730",-50,-0.87,100,2026/07/28
1916,1916,4444,(株)インフォネット,東証GRT,911,-8,-0.87,"1,300",2026/07/28
1917,1917,549A,ヒトトヒトホールディングス(株),東証STD,456,-4,-0.87,"48,400",2026/07/28
1918,1918,2411,ゲンダイエージェンシー(株),東証STD,460,-4,-0.86,"12,900",2026/07/28
1919,1919,3386,コスモ・バイオ(株),東証STD,"1,274",-11,-0.86,"11,900",2026/07/28
1920,1920,3908,(株)コラボス,東証STD,345,-3,-0.86,"2,500",2026/07/28
1921,1921,5356,美濃窯業(株),東証STD,"1,263",-11,-0.86,"2,900",2026/07/28
1922,1922,6059,(株)ウチヤマホールディングス,東証STD,345,-3,-0.86,"7,700",2026/07/28
1923,1923,7059,(株)コプロ・ホールディングス,東証PRM,806,-7,-0.86,"97,000",2026/07/28
1924,1924,8098,稲畑産業(株),東証PRM,"4,015",-35,-0.86,"99,900",2026/07/28
1925,1925,9876,(株)コックス,東証STD,231,-2,-0.86,"12,100",2026/07/28
1926,1926,6035,(株)アイ・アールジャパンホールディングス,東証STD,704,-6,-0.85,"44,100",2026/07/28
1927,1927,6804,ホシデン(株),東証PRM,"2,816",-24,-0.85,"215,500",2026/07/28
1928,1928,8876,(株)リログループ,東証PRM,"2,046",-17.5,-0.85,"417,200",2026/07/28
1929,1929,9215,(株)ＣａＳｙ,東証GRT,933,-8,-0.85,700,2026/07/28
1930,1930,1560,(NEXT FUNDS)マレーシアKLCI連動型上場投信,東証ETF,"6,730",-57,-0.84,232,2026/07/28
1931,1931,197A,(株)タウンズ,東証STD,473,-4,-0.84,"269,400",2026/07/28
1932,1932,2371,(株)カカクコム,東証PRM,"3,650",-31,-0.84,"259,300",2026/07/28
1933,1933,3940,(株)ノムラシステムコーポレーション,東証STD,118,-1,-0.84,"176,200",2026/07/28
1934,1934,6345,(株)アイチコーポレーション,東証PRM,"1,420",-12,-0.84,"93,200",2026/07/28
1935,1935,6775,(株)ＴＢグループ,東証STD,118,-1,-0.84,"349,000",2026/07/28
1936,1936,7461,(株)キムラ,東証STD,470,-4,-0.84,900,2026/07/28
1937,1937,8424,芙蓉総合リース(株),東証PRM,"4,482",-38,-0.84,"181,300",2026/07/28
1938,1938,9726,ＫＮＴ－ＣＴホールディングス(株),東証STD,"1,889",-16,-0.84,"22,200",2026/07/28
1939,1939,1550,MAXIS 海外株式(MSCIコクサイ)上場投信,東証ETF,"8,112",-68,-0.83,"1,157",2026/07/28
1940,1940,2449,(株)プラップジャパン,東証STD,"1,075",-9,-0.83,"3,300",2026/07/28
1941,1941,2483,(株)翻訳センター,東証STD,"2,267",-19,-0.83,"9,500",2026/07/28
1942,1942,2930,(株)北の達人コーポレーション,東証PRM,119,-1,-0.83,"187,700",2026/07/28
1943,1943,3933,チエル(株),東証STD,477,-4,-0.83,"10,200",2026/07/28
1944,1944,5612,日本鋳鉄管(株),東証STD,"1,556",-13,-0.83,"4,400",2026/07/28
1945,1945,5753,日本伸銅(株),東証STD,"2,400",-20,-0.83,400,2026/07/28
1946,1946,6819,伊豆シャボテンリゾート(株),東証STD,476,-4,-0.83,"8,800",2026/07/28
1947,1947,7356,Ｒｅｔｔｙ(株),東証GRT,119,-1,-0.83,"12,300",2026/07/28
1948,1948,7681,(株)レオクラン,東証STD,955,-8,-0.83,400,2026/07/28
1949,1949,8931,和田興産(株),東証STD,"1,431",-12,-0.83,"7,700",2026/07/28
1950,1950,9104,(株)商船三井,東証PRM,"5,863",-49,-0.83,"1,910,600",2026/07/28
1951,1951,9760,(株)進学会ホールディングス,東証STD,119,-1,-0.83,"24,800",2026/07/28
1952,1952,1828,田辺工業(株),東証STD,"2,296",-19,-0.82,"13,000",2026/07/28
1953,1953,1835,東鉄工業(株),東証PRM,"4,210",-35,-0.82,"77,100",2026/07/28
1954,1954,2846,(NEXT FUNDS) ダウ・ジョーンズ工業株30種(H有),東証ETF,"2,527",-21,-0.82,866,2026/07/28
1955,1955,3422,(株)Ｊ－ＭＡＸ,東証STD,483,-4,-0.82,"1,700",2026/07/28
1956,1956,3649,(株)ファインデックス,東証PRM,843,-7,-0.82,"59,400",2026/07/28
1957,1957,8804,東京建物(株),東証PRM,"3,491",-29,-0.82,"695,400",2026/07/28
1958,1958,2053,中部飼料(株),東証PRM,"1,969",-16,-0.81,"63,800",2026/07/28
1959,1959,2303,(株)ドーン,東証STD,"1,232",-10,-0.81,"9,000",2026/07/28
1960,1960,4198,(株)テンダ,東証STD,490,-4,-0.81,"5,400",2026/07/28
1961,1961,4998,フマキラー(株),東証STD,"1,219",-10,-0.81,"28,800",2026/07/28
1962,1962,6316,(株)丸山製作所,東証STD,"2,806",-23,-0.81,"11,600",2026/07/28
1963,1963,7187,ジェイリース(株),東証PRM,"1,350",-11,-0.81,"52,300",2026/07/28
1964,1964,8628,松井証券(株),東証PRM,"1,106",-9,-0.81,"1,975,600",2026/07/28
1965,1965,9360,鈴与シンワート(株),東証STD,"2,950",-24,-0.81,400,2026/07/28
1966,1966,9996,(株)サトー商会,東証STD,"2,195",-18,-0.81,300,2026/07/28
1967,1967,2307,(株)クロスキャット,東証PRM,990,-8,-0.8,"23,200",2026/07/28
1968,1968,2559,MAXIS 全世界株式(オール・カントリー)上場投信,東証ETF,"2,969",-24,-0.8,"266,925",2026/07/28
1969,1969,531A,NZAM 上場投信 日経平均高配当株50,東証ETF,"2,246",-18,-0.8,170,2026/07/28
1970,1970,576A,GX チャイナテック・カバード・コール,東証ETF,990,-8,-0.8,"2,187",2026/07/28
1971,1971,6286,靜甲(株),東証STD,"1,372",-11,-0.8,"4,200",2026/07/28
1972,1972,7191,(株)イントラスト,東証STD,"1,113",-9,-0.8,"47,300",2026/07/28
1973,1973,7213,レシップホールディングス(株),東証STD,619,-5,-0.8,"13,000",2026/07/28
1974,1974,7986,日本アイ・エス・ケイ(株),東証STD,"1,855",-15,-0.8,300,2026/07/28
1975,1975,1309,(NEXT FUNDS)ChinaAMC・中国株式・上証50,東証ETF,"56,730",-450,-0.79,36,2026/07/28
1976,1976,1401,(株)エムビーエス,東証GRT,"1,260",-10,-0.79,"4,100",2026/07/28
1977,1977,2207,(株)ｍｅｉｔｏ,東証PRM,"3,145",-25,-0.79,"48,600",2026/07/28
1978,1978,2300,(株)きょくとう,東証STD,500,-4,-0.79,"3,200",2026/07/28
1979,1979,3803,イメージ情報開発(株),東証GRT,500,-4,-0.79,"5,800",2026/07/28
1980,1980,391A,(株)山忠,名証MN,"2,520",-20,-0.79,200,2026/07/28
1981,1981,4241,(株)アテクト,東証STD,630,-5,-0.79,"6,100",2026/07/28
1982,1982,4662,(株)フォーカスシステムズ,東証PRM,"1,763",-14,-0.79,"35,200",2026/07/28
1983,1983,7679,(株)薬王堂ホールディングス,東証PRM,"1,756",-14,-0.79,"43,400",2026/07/28
1984,1984,9285,東京インフラ・エネルギー投資法人,東証,"44,050",-350,-0.79,136,2026/07/28
1985,1985,9332,ＮＩＳＳＯホールディングス(株),東証PRM,628,-5,-0.79,"49,100",2026/07/28
1986,1986,9765,(株)オオバ,東証PRM,"1,125",-9,-0.79,"10,200",2026/07/28
1987,1987,1433,ベステラ(株),東証PRM,"1,147",-9,-0.78,"35,300",2026/07/28
1988,1988,3760,(株)ケイブ,東証STD,768,-6,-0.78,"39,500",2026/07/28
1989,1989,3984,(株)ユーザーローカル,東証PRM,"1,791",-14,-0.78,"70,600",2026/07/28
1990,1990,4045,東亞合成(株),東証PRM,"1,787.5",-14,-0.78,"348,200",2026/07/28
1991,1991,4839,(株)ＷＯＷＯＷ,東証PRM,"1,018",-8,-0.78,"59,500",2026/07/28
1992,1992,7228,(株)デイトナ,東証STD,"3,840",-30,-0.78,600,2026/07/28
1993,1993,9336,大栄環境(株),東証PRM,"3,795",-30,-0.78,"140,300",2026/07/28
1994,1994,9450,(株)ファイバーゲート,東証STD,768,-6,-0.78,"26,000",2026/07/28
1995,1995,3077,ホリイフードサービス(株),東証STD,908,-7,-0.77,"14,900",2026/07/28
1996,1996,6091,(株)ウエスコホールディングス,東証STD,908,-7,-0.77,"28,900",2026/07/28
1997,1997,6155,高松機械工業(株),東証STD,513,-4,-0.77,"9,200",2026/07/28
1998,1998,7953,菊水化学工業(株),東証STD,388,-3,-0.77,"1,800",2026/07/28
1999,1999,9755,応用地質(株),東証PRM,"2,821",-22,-0.77,"59,900",2026/07/28
2000,2000,2353,日本駐車場開発(株),東証PRM,262,-2,-0.76,"5,019,700",2026/07/28
2001,2001,3161,アゼアス(株),東証STD,653,-5,-0.76,"7,200",2026/07/28
2002,2002,3491,(株)ＧＡ　ｔｅｃｈｎｏｌｏｇｉｅｓ,東証GRT,"1,313",-10,-0.76,"156,200",2026/07/28
2003,2003,5241,(株)日本オーエー研究所,名証MN,786,-6,-0.76,400,2026/07/28
2004,2004,5445,東京鐵鋼(株),東証PRM,"1,950",-15,-0.76,"109,000",2026/07/28
2005,2005,7472,(株)鳥羽洋行,東証STD,"3,940",-30,-0.76,900,2026/07/28
2006,2006,7570,橋本総業ホールディングス(株),東証STD,"1,432",-11,-0.76,"5,700",2026/07/28
2007,2007,8789,フィンテック　グローバル(株),東証STD,131,-1,-0.76,"679,400",2026/07/28
2008,2008,9248,人・夢・技術グループ(株),東証STD,"1,570",-12,-0.76,"11,600",2026/07/28
2009,2009,1657,iシェアーズ･コア MSCI 先進国株(除く日本)ETF,東証ETF,"7,315",-55,-0.75,695,2026/07/28
2010,2010,241A,(株)ＲＯＸＸ,東証GRT,399,-3,-0.75,"11,100",2026/07/28
2011,2011,4792,山田コンサルティンググループ(株),東証PRM,"1,721",-13,-0.75,"20,500",2026/07/28
2012,2012,6096,(株)レアジョブ,東証STD,395,-3,-0.75,"19,200",2026/07/28
2013,2013,7937,(株)ツツミ,東証STD,"2,646",-20,-0.75,"4,200",2026/07/28
2014,2014,8953,日本都市ファンド投資法人,東証,"119,100",-900,-0.75,"15,446",2026/07/28
2015,2015,9513,Ｊ－ＰＯＷＥＲ,東証PRM,"3,820",-29,-0.75,"669,100",2026/07/28
2016,2016,1699,(NEXT FUNDS)NOMURA原油インデックス上場,東証ETF,620.3,-4.6,-0.74,"187,440",2026/07/28
2017,2017,2391,(株)プラネット,東証STD,"1,210",-9,-0.74,"6,900",2026/07/28
2018,2018,328A,GX プライシングパワー・リーダーズ-日本株式,東証ETF,"1,345",-10,-0.74,866,2026/07/28
2019,2019,4719,(株)アルファシステムズ,東証PRM,"3,370",-25,-0.74,"4,900",2026/07/28
2020,2020,6535,(株)アイモバイル,東証PRM,538,-4,-0.74,"629,300",2026/07/28
2021,2021,7148,(株)ＦＰＧ,東証PRM,"1,614",-12,-0.74,"436,000",2026/07/28
2022,2022,7417,(株)南陽,東証STD,"1,872",-14,-0.74,"4,600",2026/07/28
2023,2023,7955,クリナップ(株),東証PRM,934,-7,-0.74,"52,300",2026/07/28
2024,2024,8163,ＳＲＳホールディングス(株),東証PRM,"1,348",-10,-0.74,"99,300",2026/07/28
2025,2025,130A,(株)Ｖｅｒｉｔａｓ　Ｉｎ　Ｓｉｌｉｃｏ,東証GRT,410,-3,-0.73,"4,300",2026/07/28
2026,2026,1724,シンクレイヤ(株),東証STD,680,-5,-0.73,"2,700",2026/07/28
2027,2027,2040,NEXT NOTES NYダウ･ダブル･ブル･ドルヘッジ ETN,東証ETF,"38,100",-280,-0.73,574,2026/07/28
2028,2028,2461,(株)ファンコミュニケーションズ,東証PRM,406,-3,-0.73,"53,700",2026/07/28
2029,2029,372A,(株)レント,東証STD,"5,470",-40,-0.73,"6,600",2026/07/28
2030,2030,3901,マークラインズ(株),東証PRM,"1,353",-10,-0.73,"32,100",2026/07/28
2031,2031,3926,(株)オープンドア,東証STD,409,-3,-0.73,"36,000",2026/07/28
2032,2032,4059,(株)まぐまぐ,東証STD,410,-3,-0.73,"1,500",2026/07/28
2033,2033,4204,積水化学工業(株),東証PRM,"2,715",-20,-0.73,"1,738,700",2026/07/28
2034,2034,4911,(株)資生堂,東証PRM,"3,253",-24,-0.73,"3,332,300",2026/07/28
2035,2035,5021,コスモエネルギーホールディングス(株),東証PRM,"3,947",-29,-0.73,"489,300",2026/07/28
2036,2036,6156,(株)エーワン精密,東証STD,"1,777",-13,-0.73,"11,500",2026/07/28
2037,2037,7068,フィードフォースグループ(株),東証GRT,543,-4,-0.73,"96,400",2026/07/28
2038,2038,7841,(株)遠藤製作所,東証STD,"1,081",-8,-0.73,"20,200",2026/07/28
2039,2039,9227,マイクロ波化学(株),東証GRT,817,-6,-0.73,"101,600",2026/07/28
2040,2040,1820,西松建設(株),東証PRM,"5,385",-39,-0.72,"103,700",2026/07/28
2041,2041,2462,ライク(株),東証PRM,"1,516",-11,-0.72,"29,900",2026/07/28
2042,2042,3041,(株)ビューティカダンホールディングス,東証STD,411,-3,-0.72,"7,300",2026/07/28
2043,2043,3988,(株)ＳＹＳホールディングス,東証STD,550,-4,-0.72,"1,200",2026/07/28
2044,2044,4416,(株)Ｔｒｕｅ　Ｄａｔａ,東証GRT,412,-3,-0.72,"4,000",2026/07/28
2045,2045,6269,三井海洋開発(株),東証PRM,"10,325",-75,-0.72,"580,800",2026/07/28
2046,2046,7994,(株)オカムラ,東証PRM,"2,329",-17,-0.72,"531,500",2026/07/28
2047,2047,8772,(株)アサックス,東証STD,833,-6,-0.72,"3,600",2026/07/28
2048,2048,8985,ジャパン・ホテル・リート投資法人,東証,"82,200",-600,-0.72,"19,692",2026/07/28
2049,2049,272A,(株)グリーンクロスホールディングス,福証,"1,393",-10,-0.71,"1,000",2026/07/28
2050,2050,324A,(株)ブッキングリゾート,東証GRT,699,-5,-0.71,"7,000",2026/07/28
2051,2051,498A,防衛・航空宇宙 欧州株(ネットリターン)ETN,東証ETF,"9,384",-67,-0.71,398,2026/07/28
2052,2052,5027,ＡｎｙＭｉｎｄ　Ｇｒｏｕｐ(株),東証GRT,557,-4,-0.71,"194,800",2026/07/28
2053,2053,6137,小池酸素工業(株),東証STD,"1,540",-11,-0.71,"45,800",2026/07/28
2054,2054,6545,(株)インターネットインフィニティー,東証GRT,837,-6,-0.71,"5,700",2026/07/28
2055,2055,6919,ケル(株),東証STD,"1,400",-10,-0.71,"4,000",2026/07/28
2056,2056,7246,プレス工業(株),東証PRM,841,-6,-0.71,"244,000",2026/07/28
2057,2057,7624,(株)ＮａＩＴＯ,東証STD,140,-1,-0.71,"20,500",2026/07/28
2058,2058,7740,(株)タムロン,東証PRM,"1,126",-8,-0.71,"311,400",2026/07/28
2059,2059,9535,広島ガス(株),東証PRM,419,-3,-0.71,"75,800",2026/07/28
2060,2060,2804,ブルドックソース(株),東証PRM,"1,835",-13,-0.7,"34,400",2026/07/28
2061,2061,3835,ｅＢＡＳＥ(株),東証PRM,425,-3,-0.7,"104,900",2026/07/28
2062,2062,5928,アルメタックス(株),東証STD,283,-2,-0.7,"2,800",2026/07/28
2063,2063,6022,(株)赤阪鐵工所,東証STD,"2,540",-18,-0.7,"3,000",2026/07/28
2064,2064,7353,ＫＩＹＯラーニング(株),東証GRT,568,-4,-0.7,"3,800",2026/07/28
2065,2065,1662,石油資源開発(株),東証PRM,"1,732",-12,-0.69,"1,126,000",2026/07/28
2066,2066,2929,(株)ファーマフーズ,東証PRM,578,-4,-0.69,"94,700",2026/07/28
2067,2067,3011,(株)バナーズ,東証STD,144,-1,-0.69,"19,100",2026/07/28
2068,2068,3437,特殊電極(株),東証STD,"2,717",-19,-0.69,100,2026/07/28
2069,2069,3793,(株)ドリコム,東証GRT,434,-3,-0.69,"97,100",2026/07/28
2070,2070,4482,(株)ウィルズ,東証GRT,723,-5,-0.69,"6,900",2026/07/28
2071,2071,8143,(株)ラピーヌ,東証STD,144,-1,-0.69,"3,800",2026/07/28
2072,2072,8713,フィデアホールディングス(株),東証PRM,"2,162",-15,-0.69,"64,700",2026/07/28
2073,2073,9028,(株)ゼロ,東証STD,"3,600",-25,-0.69,"17,000",2026/07/28
2074,2074,9359,伊勢湾海運(株),名証MN,"1,005",-7,-0.69,"4,800",2026/07/28
2075,2075,9419,(株)ワイヤレスゲート,東証STD,287,-2,-0.69,"18,100",2026/07/28
2076,2076,228A,(株)オプロ,東証GRT,"1,610",-11,-0.68,"3,700",2026/07/28
2077,2077,2818,(株)ピエトロ,東証STD,"1,748",-12,-0.68,"1,200",2026/07/28
2078,2078,3983,(株)オロ,東証PRM,"2,185",-15,-0.68,"34,400",2026/07/28
2079,2079,4404,ミヨシ油脂(株),東証STD,"1,902",-13,-0.68,"9,400",2026/07/28
2080,2080,5819,カナレ電気(株),東証STD,"1,747",-12,-0.68,"4,100",2026/07/28
2081,2081,7208,(株)カネミツ,東証STD,"1,316",-9,-0.68,"1,600",2026/07/28
2082,2082,8051,(株)山善,東証PRM,"1,754",-12,-0.68,"129,000",2026/07/28
2083,2083,1481,上場インデックスファンド日本経済貢献株,東証ETF,"3,725",-25,-0.67,310,2026/07/28
2084,2084,3042,(株)セキュアヴェイル,東証STD,296,-2,-0.67,"10,600",2026/07/28
2085,2085,3156,(株)レスター,東証PRM,"3,680",-25,-0.67,"175,200",2026/07/28
2086,2086,3461,(株)パルマ,東証STD,592,-4,-0.67,"2,900",2026/07/28
2087,2087,3850,(株)ＮＴＴデータイントラマート,東証STD,"2,969",-20,-0.67,"9,200",2026/07/28
2088,2088,4548,生化学工業(株),東証PRM,743,-5,-0.67,"157,800",2026/07/28
2089,2089,5283,(株)高見澤,東証STD,"2,951",-20,-0.67,300,2026/07/28
2090,2090,7294,(株)ヨロズ,東証PRM,887,-6,-0.67,"26,500",2026/07/28
2091,2091,8127,ヤマト　インターナショナル(株),東証STD,591,-4,-0.67,"4,900",2026/07/28
2092,2092,8844,(株)コスモスイニシア,東証STD,"1,329",-9,-0.67,"53,200",2026/07/28
2093,2093,9249,日本エコシステム(株),東証STD,"1,624",-11,-0.67,"6,200",2026/07/28
2094,2094,1429,(株)日本アクア,東証PRM,750,-5,-0.66,"66,100",2026/07/28
2095,2095,296A,令和アカウンティング・ホールディングス(株),東証GRT,905,-6,-0.66,"90,900",2026/07/28
2096,2096,3355,クリヤマホールディングス(株),東証STD,"1,651",-11,-0.66,"15,500",2026/07/28
2097,2097,3521,テルマー湯ホールディングス(株),東証STD,151,-1,-0.66,"11,700",2026/07/28
2098,2098,3981,(株)ビーグリー,東証STD,"1,210",-8,-0.66,600,2026/07/28
2099,2099,3992,(株)ニーズウェル,東証PRM,449,-3,-0.66,"51,900",2026/07/28
2100,2100,4194,ビジョナル(株),東証PRM,"9,000",-60,-0.66,"149,200",2026/07/28
2101,2101,7084,(株)Ｓｍｉｌｅ　Ｈｏｌｄｉｎｇｓ,東証GRT,"2,730",-18,-0.66,"2,700",2026/07/28
2102,2102,8560,(株)宮崎太陽銀行,福証,"2,410",-16,-0.66,900,2026/07/28
2103,2103,8928,穴吹興産(株),東証STD,"2,244",-15,-0.66,"7,200",2026/07/28
2104,2104,3551,ダイニック(株),東証STD,"1,385",-9,-0.65,"15,500",2026/07/28
2105,2105,409A,オリオンビール(株),東証PRM,"1,222",-8,-0.65,"110,600",2026/07/28
2106,2106,4480,(株)メドレー,東証PRM,"1,993",-13,-0.65,"104,100",2026/07/28
2107,2107,4918,(株)アイビー化粧品,東証STD,307,-2,-0.65,"31,100",2026/07/28
2108,2108,545A,(株)トランヴィア,東証PRM,923,-6,-0.65,"46,300",2026/07/28
2109,2109,5644,(株)メタルアート,東証STD,"7,670",-50,-0.65,"28,200",2026/07/28
2110,2110,5976,ネツレン,東証PRM,"1,386",-9,-0.65,"80,700",2026/07/28
2111,2111,6036,ＫｅｅＰｅｒ技研(株),東証PRM,"2,754",-18,-0.65,"77,600",2026/07/28
2112,2112,7810,(株)クロスフォー,東証STD,153,-1,-0.65,"133,700",2026/07/28
2113,2113,7979,(株)松風,東証PRM,"2,124",-14,-0.65,"74,100",2026/07/28
2114,2114,8016,(株)オンワードホールディングス,東証PRM,759,-5,-0.65,"594,900",2026/07/28
2115,2115,8103,明和産業(株),東証PRM,916,-6,-0.65,"217,200",2026/07/28
2116,2116,138A,光フードサービス(株),東証GRT,"2,950",-19,-0.64,800,2026/07/28
2117,2117,2335,(株)キューブシステム,東証PRM,"1,089",-7,-0.64,"14,100",2026/07/28
2118,2118,3467,アグレ都市デザイン(株),東証STD,"2,800",-18,-0.64,"6,100",2026/07/28
2119,2119,4447,(株)ピー・ビーシステムズ,東証GRT,469,-3,-0.64,"4,500",2026/07/28
2120,2120,463A,(株)インテリックスホールディングス,東証STD,934,-6,-0.64,"9,300",2026/07/28
2121,2121,541A,One ETF TOPIX高配当株グロース指数,東証ETF,"1,079.5",-7,-0.64,20,2026/07/28
2122,2122,6076,(株)アメイズ,福証,"1,242",-8,-0.64,"2,300",2026/07/28
2123,2123,7885,タカノ(株),東証STD,"1,085",-7,-0.64,"15,400",2026/07/28
2124,2124,1489,(NEXT FUNDS)日経平均高配当株50指数連動型ETF,東証ETF,"3,463",-22,-0.63,"869,711",2026/07/28
2125,2125,254A,ＡＩフュージョンキャピタルグループ(株),東証STD,"1,269",-8,-0.63,"70,800",2026/07/28
2126,2126,4668,(株)明光ネットワークジャパン,東証PRM,791,-5,-0.63,"98,200",2026/07/28
2127,2127,6034,ＭＲＴ(株),東証GRT,628,-4,-0.63,700,2026/07/28
2128,2128,6081,アライドアーキテクツ(株),東証GRT,157,-1,-0.63,"128,700",2026/07/28
2129,2129,6218,エンシュウ(株),東証STD,626,-4,-0.63,"3,400",2026/07/28
2130,2130,7438,コンドーテック(株),東証PRM,"1,570",-10,-0.63,"28,600",2026/07/28
2131,2131,7733,オリンパス(株),東証PRM,"1,802",-11.5,-0.63,"3,909,500",2026/07/28
2132,2132,9827,リリカラ(株),東証STD,626,-4,-0.63,"7,800",2026/07/28
2133,2133,9979,(株)大庄,東証STD,"1,110",-7,-0.63,"24,900",2026/07/28
2134,2134,2676,高千穂交易(株),東証PRM,"2,081",-13,-0.62,"23,800",2026/07/28
2135,2135,386A,(株)みのや,東証STD,"1,276",-8,-0.62,"3,400",2026/07/28
2136,2136,4506,住友ファーマ(株),東証PRM,"1,292.5",-8,-0.62,"3,264,400",2026/07/28
2137,2137,4678,(株)秀英予備校,東証STD,320,-2,-0.62,"2,100",2026/07/28
2138,2138,5161,西川ゴム工業(株),東証STD,"3,205",-20,-0.62,"105,100",2026/07/28
2139,2139,5975,東プレ(株),東証PRM,"2,732",-17,-0.62,"49,100",2026/07/28
2140,2140,6463,ＴＰＲ(株),東証PRM,"1,442",-9,-0.62,"154,600",2026/07/28
2141,2141,7140,ペットゴー(株),東証GRT,801,-5,-0.62,"3,700",2026/07/28
2142,2142,7291,日本プラスト(株),東証STD,484,-3,-0.62,"17,600",2026/07/28
2143,2143,7414,小野建(株),東証PRM,"1,438",-9,-0.62,"38,700",2026/07/28
2144,2144,7539,(株)アイナボホールディングス,東証STD,799,-5,-0.62,"7,700",2026/07/28
2145,2145,7722,国際計測器(株),東証STD,798,-5,-0.62,"28,800",2026/07/28
2146,2146,8972,KDX不動産投資法人,東証,"159,200","-1,000",-0.62,"13,253",2026/07/28
2147,2147,9533,東邦ガス(株),東証PRM,"1,207.5",-7.5,-0.62,"1,219,600",2026/07/28
2148,2148,9622,(株)スペース,東証PRM,"1,453",-9,-0.62,"26,100",2026/07/28
2149,2149,9753,アイエックス・ナレッジ(株),東証STD,"1,283",-8,-0.62,"10,600",2026/07/28
2150,2150,9842,アークランズ(株),東証PRM,"1,928",-12,-0.62,"264,600",2026/07/28
2151,2151,2796,ファーマライズホールディングス(株),東証STD,490,-3,-0.61,"7,300",2026/07/28
2152,2152,3948,光ビジネスフォーム(株),東証STD,"1,140",-7,-0.61,"1,300",2026/07/28
2153,2153,3994,(株)マネーフォワード,東証PRM,"5,665",-35,-0.61,"655,300",2026/07/28
2154,2154,401A,霞ヶ関ホテルリート投資法人,東証,"97,700",-600,-0.61,"1,808",2026/07/28
2155,2155,4437,ｇｏｏｄｄａｙｓホールディングス(株),東証GRT,812,-5,-0.61,"2,000",2026/07/28
2156,2156,4536,参天製薬(株),東証PRM,"1,960",-12,-0.61,"1,009,900",2026/07/28
2157,2157,6069,トレンダーズ(株),東証GRT,652,-4,-0.61,"23,700",2026/07/28
2158,2158,6306,日工(株),東証PRM,978,-6,-0.61,"117,400",2026/07/28
2159,2159,6894,パルステック工業(株),東証STD,"2,110",-13,-0.61,"1,300",2026/07/28
2160,2160,7980,(株)重松製作所,東証STD,810,-5,-0.61,"8,700",2026/07/28
2161,2161,8975,いちごオフィスリート投資法人,東証,"97,000",-600,-0.61,"2,701",2026/07/28
2162,2162,9531,東京ガス(株),東証PRM,"6,235",-38,-0.61,"897,700",2026/07/28
2163,2163,9850,(株)グルメ杵屋,東証PRM,979,-6,-0.61,"13,000",2026/07/28
2164,2164,2341,(株)アルバイトタイムス,東証STD,167,-1,-0.6,"9,100",2026/07/28
2165,2165,2395,(株)新日本科学,東証PRM,"1,316",-8,-0.6,"159,500",2026/07/28
2166,2166,2464,(株)Ａｏｂａ－ＢＢＴ,東証STD,329,-2,-0.6,"8,100",2026/07/28
2167,2167,335A,(株)ミライロ,東証GRT,334,-2,-0.6,"5,400",2026/07/28
2168,2168,4553,東和薬品(株),東証PRM,"4,120",-25,-0.6,"128,300",2026/07/28
2169,2169,6633,(株)ＣＧＳホールディングス,東証STD,329,-2,-0.6,"7,400",2026/07/28
2170,2170,7914,共同印刷(株),東証PRM,"1,646",-10,-0.6,"37,900",2026/07/28
2171,2171,7951,ヤマハ(株),東証PRM,"1,248",-7.5,-0.6,"2,141,900",2026/07/28
2172,2172,8596,(株)九州リースサービス,東証STD,"1,501",-9,-0.6,"14,000",2026/07/28
2173,2173,9381,(株)エーアイテイー,東証PRM,"2,329",-14,-0.6,"20,300",2026/07/28
2174,2174,9401,(株)ＴＢＳホールディングス,東証PRM,"6,277",-38,-0.6,"256,400",2026/07/28
2175,2175,9562,ビジネスコーチ(株),東証GRT,498,-3,-0.6,"14,000",2026/07/28
2176,2176,9565,ＧＬＯＥ(株),東証GRT,666,-4,-0.6,"1,500",2026/07/28
2177,2177,189A,(株)Ｄ＆Ｍカンパニー,東証GRT,"1,008",-6,-0.59,"4,500",2026/07/28
2178,2178,2098,GX ホテル&リテール・J-REIT,東証ETF,"1,012",-6,-0.59,"5,305",2026/07/28
2179,2179,3646,(株)駅探,東証STD,336,-2,-0.59,"4,600",2026/07/28
2180,2180,4496,(株)コマースＯｎｅホールディングス,東証GRT,845,-5,-0.59,"4,900",2026/07/28
2181,2181,5979,カネソウ(株),名証MN,"5,050",-30,-0.59,100,2026/07/28
2182,2182,6073,(株)アサンテ,東証PRM,"1,511",-9,-0.59,"11,900",2026/07/28
2183,2183,6189,(株)グローバルキッズＣＯＭＰＡＮＹ,東証STD,"1,005",-6,-0.59,"5,100",2026/07/28
2184,2184,6420,ガリレイホールディングス(株),東証PRM,"3,350",-20,-0.59,"54,200",2026/07/28
2185,2185,6923,スタンレー電気(株),東証PRM,"3,541",-21,-0.59,"754,900",2026/07/28
2186,2186,7078,ＩＮＣＬＵＳＩＶＥ　Ｈｏｌｄｉｎｇｓ(株),東証GRT,336,-2,-0.59,"16,000",2026/07/28
2187,2187,7214,ＧＭＢ(株),東証STD,"1,014",-6,-0.59,"2,300",2026/07/28
2188,2188,8771,イー・ギャランティ(株),東証PRM,"1,852",-11,-0.59,"96,400",2026/07/28
2189,2189,9036,東部ネットワーク(株),東証STD,"1,355",-8,-0.59,"6,100",2026/07/28
2190,2190,9405,朝日放送グループホールディングス(株),東証PRM,840,-5,-0.59,"41,300",2026/07/28
2191,2191,9818,大丸エナウィン(株),東証STD,"1,515",-9,-0.59,100,2026/07/28
2192,2192,2408,(株)ＫＧ情報,東証STD,854,-5,-0.58,"1,000",2026/07/28
2193,2193,3111,オーミケンシ(株),東証STD,170,-1,-0.58,"4,000",2026/07/28
2194,2194,3116,トヨタ紡織(株),東証PRM,"2,313.5",-13.5,-0.58,"702,700",2026/07/28
2195,2195,3359,(株)ｃｏｔｔａ,東証GRT,515,-3,-0.58,"10,800",2026/07/28
2196,2196,4072,(株)電算システムホールディングス,東証PRM,"2,906",-17,-0.58,"17,200",2026/07/28
2197,2197,4377,(株)ワンキャリア,東証GRT,"2,048",-12,-0.58,"57,700",2026/07/28
2198,2198,5909,(株)コロナ,東証STD,"1,030",-6,-0.58,"5,800",2026/07/28
2199,2199,608A,上場インデックスファンド東証REIT高利回り30,東証ETF,"1,538",-9,-0.58,"6,605",2026/07/28
2200,2200,6457,グローリー(株),東証PRM,"4,486",-26,-0.58,"166,500",2026/07/28
2201,2201,6554,(株)エスユーエス,東証GRT,"1,028",-6,-0.58,"5,700",2026/07/28
2202,2202,8904,(株)ＡＶＡＮＴＩＡ,東証STD,850,-5,-0.58,"17,700",2026/07/28
2203,2203,8996,(株)ハウスフリーダム,東証STD,"1,031",-6,-0.58,800,2026/07/28
2204,2204,9264,ポエック(株),東証STD,"1,710",-10,-0.58,"10,400",2026/07/28
2205,2205,378A,(株)ヒット,東証GRT,"1,055",-6,-0.57,"14,700",2026/07/28
2206,2206,4627,ナトコ(株),東証STD,"1,755",-10,-0.57,"1,600",2026/07/28
2207,2207,4825,(株)ウェザーニューズ,東証PRM,"1,930",-11,-0.57,"207,400",2026/07/28
2208,2208,9532,大阪ガス(株),東証PRM,"5,536",-32,-0.57,"857,500",2026/07/28
2209,2209,1377,(株)サカタのタネ,東証PRM,"4,440",-25,-0.56,"91,500",2026/07/28
2210,2210,1879,新日本建設(株),東証PRM,"2,112",-12,-0.56,"78,900",2026/07/28
2211,2211,3941,レンゴー(株),東証PRM,"1,519.5",-8.5,-0.56,"1,726,800",2026/07/28
2212,2212,4014,(株)カラダノート,東証GRT,536,-3,-0.56,"12,100",2026/07/28
2213,2213,4212,積水樹脂(株),東証PRM,"2,652",-15,-0.56,"60,800",2026/07/28
2214,2214,460A,ＢＲＡＮＵ(株),東証GRT,890,-5,-0.56,"1,500",2026/07/28
2215,2215,6455,(株)モリタホールディングス,東証PRM,"2,500",-14,-0.56,"65,000",2026/07/28
2216,2216,6484,(株)ＫＶＫ,東証STD,"2,317",-13,-0.56,"6,800",2026/07/28
2217,2217,9702,(株)アイ・エス・ビー,東証PRM,"2,329",-13,-0.56,"32,900",2026/07/28
2218,2218,208A,(株)構造計画研究所ホールディングス,東証STD,"2,910",-16,-0.55,"3,300",2026/07/28
2219,2219,2266,六甲バター(株),東証PRM,"1,088",-6,-0.55,"42,900",2026/07/28
2220,2220,2892,日本食品化工(株),東証STD,"4,555",-25,-0.55,"3,500",2026/07/28
2221,2221,3245,(株)ディア・ライフ,東証PRM,"1,087",-6,-0.55,"308,500",2026/07/28
2222,2222,4394,(株)エクスモーション,東証GRT,544,-3,-0.55,"8,800",2026/07/28
2223,2223,4628,エスケー化研(株),東証STD,"8,960",-50,-0.55,"11,400",2026/07/28
2224,2224,5742,エヌアイシ・オートテック(株),東証STD,720,-4,-0.55,"1,400",2026/07/28
2225,2225,6047,(株)Ｇｕｎｏｓｙ,東証STD,360,-2,-0.55,"160,300",2026/07/28
2226,2226,6424,(株)高見沢サイバネティックス,東証STD,897,-5,-0.55,"2,600",2026/07/28
2227,2227,6547,(株)グリーンズ,東証STD,"2,153",-12,-0.55,"40,100",2026/07/28
2228,2228,7695,(株)交換できるくん,東証GRT,723,-4,-0.55,"3,500",2026/07/28
2229,2229,8934,サンフロンティア不動産(株),東証PRM,"2,548",-14,-0.55,"78,900",2026/07/28
2230,2230,9351,東洋埠頭(株),東証STD,"1,823",-10,-0.55,"4,600",2026/07/28
2231,2231,9369,(株)キユーソー流通システム,東証STD,"2,897",-16,-0.55,"42,800",2026/07/28
2232,2232,1786,オリエンタル白石(株),東証PRM,369,-2,-0.54,"431,100",2026/07/28
2233,2233,2146,ＵＴグループ(株),東証PRM,184,-1,-0.54,"5,318,200",2026/07/28
2234,2234,2224,(株)コモ,東証STD,"3,670",-20,-0.54,"3,100",2026/07/28
2235,2235,3159,丸善ＣＨＩホールディングス(株),東証STD,365,-2,-0.54,"300,500",2026/07/28
2236,2236,4761,(株)さくらケーシーエス,東証STD,"1,487",-8,-0.54,"12,400",2026/07/28
2237,2237,4820,(株)ＥＭシステムズ,東証PRM,556,-3,-0.54,"119,400",2026/07/28
2238,2238,6070,キャリアリンク(株),東証PRM,"2,387",-13,-0.54,"24,500",2026/07/28
2239,2239,6926,岡谷電機産業(株),東証STD,185,-1,-0.54,"7,800",2026/07/28
2240,2240,2493,イーサポートリンク(株),東証STD,938,-5,-0.53,"5,200",2026/07/28
2241,2241,2622,iシェアーズ 米ドル建て新興国債券(H有),東証ETF,"1,692",-9,-0.53,"3,142",2026/07/28
2242,2242,2975,スター・マイカ・ホールディングス(株),東証PRM,"1,492",-8,-0.53,"157,200",2026/07/28
2243,2243,3238,セントラル総合開発(株),東証STD,372,-2,-0.53,"9,900",2026/07/28
2244,2244,3468,スターアジア不動産投資法人,東証,"56,500",-300,-0.53,"5,759",2026/07/28
2245,2245,3962,(株)チェンジホールディングス,東証PRM,930,-5,-0.53,"306,600",2026/07/28
2246,2246,5019,出光興産(株),東証PRM,"1,307",-7,-0.53,"3,468,500",2026/07/28
2247,2247,6546,フルテック(株),東証STD,"1,125",-6,-0.53,"1,500",2026/07/28
2248,2248,6571,キュービーネットホールディングス(株),東証PRM,"1,309",-7,-0.53,"21,000",2026/07/28
2249,2249,8029,(株)ルックホールディングス,東証STD,"2,643",-14,-0.53,"6,700",2026/07/28
2250,2250,8074,(株)ＹＵＡＳＡ,東証PRM,"5,680",-30,-0.53,"33,200",2026/07/28
2251,2251,9557,(株)エアークローゼット,東証GRT,186,-1,-0.53,"8,200",2026/07/28
2252,2252,2666,(株)オートウェーブ,東証STD,191,-1,-0.52,"75,400",2026/07/28
2253,2253,3086,Ｊ．フロント　リテイリング(株),東証PRM,"3,050",-16,-0.52,"1,058,100",2026/07/28
2254,2254,3199,綿半ホールディングス(株),東証PRM,"1,335",-7,-0.52,"42,000",2026/07/28
2255,2255,5609,日本鋳造(株),東証STD,957,-5,-0.52,"8,400",2026/07/28
2256,2256,6570,(株)共和コーポレーション,東証STD,"2,117",-11,-0.52,"7,000",2026/07/28
2257,2257,6824,新コスモス電機(株),東証STD,"4,825",-25,-0.52,"13,400",2026/07/28
2258,2258,7805,プリントネット(株),東証STD,758,-4,-0.52,"6,700",2026/07/28
2259,2259,8260,(株)井筒屋,東証STD,381,-2,-0.52,"1,900",2026/07/28
2260,2260,8425,みずほリース(株),東証PRM,"1,338",-7,-0.52,"583,700",2026/07/28
2261,2261,9435,(株)光通信,東証PRM,"38,570",-200,-0.52,"65,600",2026/07/28
2262,2262,9639,三協フロンテア(株),東証STD,"2,276",-12,-0.52,"6,200",2026/07/28
2263,2263,1325,(NEXT FUNDS)ブラジル株式指数上場投信,東証ETF,294.8,-1.5,-0.51,"50,130",2026/07/28
2264,2264,1543,純パラジウム上場信託(現物国内保管型),東証ETF,"58,950",-300,-0.51,437,2026/07/28
2265,2265,2120,(株)ＬＩＦＵＬＬ,東証PRM,196,-1,-0.51,"412,200",2026/07/28
2266,2266,3668,(株)コロプラ,東証PRM,387,-2,-0.51,"400,100",2026/07/28
2267,2267,379A,GX S&P500 (ダイナミック・プロテクション),東証ETF,"1,358",-7,-0.51,16,2026/07/28
2268,2268,415A,ＧＭＯ　ＴＥＣＨホールディングス(株),東証GRT,"4,850",-25,-0.51,100,2026/07/28
2269,2269,4686,(株)ジャストシステム,東証PRM,"3,940",-20,-0.51,"90,400",2026/07/28
2270,2270,4766,(株)ピーエイ,東証STD,197,-1,-0.51,"12,700",2026/07/28
2271,2271,5078,(株)セレコーポレーション,東証STD,"4,890",-25,-0.51,200,2026/07/28
2272,2272,7769,リズム(株),東証PRM,"3,920",-20,-0.51,"15,700",2026/07/28
2273,2273,7870,福島印刷(株),名証MN,389,-2,-0.51,"3,300",2026/07/28
2274,2274,7987,ナカバヤシ(株),東証STD,582,-3,-0.51,"71,600",2026/07/28
2275,2275,1698,上場インデックスファンド日本高配当,東証ETF,"4,363",-22,-0.5,"24,189",2026/07/28
2276,2276,1822,大豊建設(株),東証STD,789,-4,-0.5,"91,600",2026/07/28
2277,2277,2375,ギグワークス(株),東証STD,201,-1,-0.5,"24,200",2026/07/28
2278,2278,2418,(株)ツカダ・グローバルホールディング,東証STD,600,-3,-0.5,"89,300",2026/07/28
2279,2279,3489,(株)フェイスネットワーク,東証STD,797,-4,-0.5,"35,700",2026/07/28
2280,2280,3880,大王製紙(株),東証PRM,988,-5,-0.5,"256,500",2026/07/28
2281,2281,4446,Ｌｉｎｋ－Ｕグループ(株),東証STD,800,-4,-0.5,"79,600",2026/07/28
2282,2282,4558,(株)中京医薬品,東証STD,199,-1,-0.5,"2,600",2026/07/28
2283,2283,4777,(株)ガーラ,東証STD,199,-1,-0.5,"2,400",2026/07/28
2284,2284,480A,(株)リブ・コンサルティング,東証GRT,998,-5,-0.5,"8,600",2026/07/28
2285,2285,483A,テラテクノロジー(株),東証STD,"2,193",-11,-0.5,"2,400",2026/07/28
2286,2286,5261,リソルホールディングス(株),東証PRM,"7,940",-40,-0.5,"3,200",2026/07/28
2287,2287,5411,ＪＦＥホールディングス(株),東証PRM,"1,795",-9,-0.5,"6,704,500",2026/07/28
2288,2288,1811,(株)錢高組,東証STD,"8,170",-40,-0.49,"3,100",2026/07/28
2289,2289,2221,岩塚製菓(株),東証STD,"3,070",-15,-0.49,"5,500",2026/07/28
2290,2290,2268,Ｂ－Ｒ　サーティワン　アイスクリーム(株),東証STD,"4,070",-20,-0.49,"5,100",2026/07/28
2291,2291,4360,(株)マナック・ケミカル・パートナーズ,東証STD,807,-4,-0.49,"6,300",2026/07/28
2292,2292,4714,(株)リソー教育グループ,東証PRM,203,-1,-0.49,"301,800",2026/07/28
2293,2293,6561,(株)ＨＡＮＡＴＯＵＲ　ＪＡＰＡＮ,東証GRT,816,-4,-0.49,"13,600",2026/07/28
2294,2294,8275,(株)フォーバル,東証STD,"1,010",-5,-0.49,"21,400",2026/07/28
2295,2295,9449,ＧＭＯインターネットグループ(株),東証PRM,"4,100",-20,-0.49,"698,100",2026/07/28
2296,2296,1897,金下建設(株),東証STD,"3,085",-15,-0.48,700,2026/07/28
2297,2297,2882,(株)イートアンドホールディングス,東証PRM,"2,062",-10,-0.48,"24,300",2026/07/28
2298,2298,3109,シキボウ(株),東証PRM,"1,036",-5,-0.48,"38,800",2026/07/28
2299,2299,3987,エコモット(株),東証GRT,626,-3,-0.48,"21,100",2026/07/28
2300,2300,4492,(株)ゼネテック,東証STD,418,-2,-0.48,"21,700",2026/07/28
2301,2301,4934,プレミアアンチエイジング(株),東証GRT,622,-3,-0.48,"11,200",2026/07/28
2302,2302,5616,(株)雨風太陽,東証GRT,622,-3,-0.48,"1,400",2026/07/28
2303,2303,6195,(株)ホープ,東証GRT,209,-1,-0.48,"6,800",2026/07/28
2304,2304,7821,前田工繊(株),東証PRM,"1,885",-9,-0.48,"112,100",2026/07/28
2305,2305,9994,(株)やまや,東証STD,"2,070",-10,-0.48,"11,100",2026/07/28
2306,2306,1867,(株)植木組,東証STD,"2,781",-13,-0.47,"7,300",2026/07/28
2307,2307,2481,(株)タウンニュース社,東証STD,634,-3,-0.47,700,2026/07/28
2308,2308,3031,(株)ラクーンホールディングス,東証PRM,638,-3,-0.47,"95,300",2026/07/28
2309,2309,3608,(株)ＴＳＩホールディングス,東証PRM,"1,263",-6,-0.47,"225,200",2026/07/28
2310,2310,4017,(株)クリーマ,東証GRT,214,-1,-0.47,"85,500",2026/07/28
2311,2311,4644,イマジニア(株),東証STD,"1,050",-5,-0.47,"34,700",2026/07/28
2312,2312,4933,(株)Ｉ－ｎｅ,東証PRM,"1,262",-6,-0.47,"44,400",2026/07/28
2313,2313,542A,(株)ビタブリッドジャパン,東証GRT,"1,060",-5,-0.47,"10,800",2026/07/28
2314,2314,6419,(株)マースグループホールディングス,東証PRM,"3,150",-15,-0.47,"68,900",2026/07/28
2315,2315,7833,(株)アイフィスジャパン,東証STD,638,-3,-0.47,"3,100",2026/07/28
2316,2316,9628,燦ホールディングス(株),東証PRM,"1,475",-7,-0.47,"35,200",2026/07/28
2317,2317,9976,(株)セキチュー,東証STD,"1,052",-5,-0.47,"1,300",2026/07/28
2318,2318,2337,いちご(株),東証PRM,430,-2,-0.46,"558,600",2026/07/28
2319,2319,2750,石光商事(株),東証STD,"1,296",-6,-0.46,"7,500",2026/07/28
2320,2320,3477,フォーライフ(株),東証GRT,865,-4,-0.46,"3,400",2026/07/28
2321,2321,3660,(株)アイスタイル,東証PRM,435,-2,-0.46,"951,700",2026/07/28
2322,2322,6662,(株)ユビテック,東証STD,215,-1,-0.46,"10,000",2026/07/28
2323,2323,6718,アイホン(株),東証PRM,"2,838",-13,-0.46,"18,500",2026/07/28
2324,2324,6757,(株)ＯＳＧコーポレーション,東証STD,872,-4,-0.46,"4,000",2026/07/28
2325,2325,7971,東リ(株),東証STD,656,-3,-0.46,"89,200",2026/07/28
2326,2326,8803,平和不動産(株),東証PRM,"2,396",-11,-0.46,"146,400",2026/07/28
2327,2327,2204,(株)中村屋,東証STD,"3,285",-15,-0.45,"5,700",2026/07/28
2328,2328,3320,クロスプラス(株),東証STD,"1,337",-6,-0.45,"10,500",2026/07/28
2329,2329,3763,(株)プロシップ,東証PRM,"1,780",-8,-0.45,"40,900",2026/07/28
2330,2330,6523,ＰＨＣホールディングス(株),東証PRM,"1,102",-5,-0.45,"189,200",2026/07/28
2331,2331,8281,ゼビオホールディングス(株),東証PRM,"1,112",-5,-0.45,"68,400",2026/07/28
2332,2332,201A,iシェアーズ Nifty 50 インド株 ETF,東証ETF,183.1,-0.8,-0.44,"451,610",2026/07/28
2333,2333,2735,(株)ワッツ,東証STD,673,-3,-0.44,"20,600",2026/07/28
2334,2334,2819,エバラ食品工業(株),東証STD,"2,513",-11,-0.44,"12,900",2026/07/28
2335,2335,3928,(株)マイネット,東証STD,227,-1,-0.44,"10,600",2026/07/28
2336,2336,4245,(株)ダイキアクシス,東証STD,680,-3,-0.44,"7,100",2026/07/28
2337,2337,4487,(株)スペースマーケット,東証GRT,224,-1,-0.44,"3,200",2026/07/28
2338,2338,5187,クリエートメディック(株),東証STD,"1,144",-5,-0.44,"1,900",2026/07/28
2339,2339,6964,(株)サンコー,東証STD,682,-3,-0.44,"4,400",2026/07/28
2340,2340,8566,リコーリース(株),東証PRM,"6,730",-30,-0.44,"35,500",2026/07/28
2341,2341,8871,(株)ゴールドクレスト,東証STD,"3,360",-15,-0.44,"70,200",2026/07/28
2342,2342,9254,(株)ラバブルマーケティンググループ,東証GRT,"1,135",-5,-0.44,400,2026/07/28
2343,2343,9439,(株)エム・エイチ・グループ,東証STD,224,-1,-0.44,"39,500",2026/07/28
2344,2344,9857,英和(株),東証STD,"2,485",-11,-0.44,"1,300",2026/07/28
2345,2345,2011,SMDAM Active ETF 日本高配当株式,東証ETF,836.7,-3.6,-0.43,"72,790",2026/07/28
2346,2346,2974,大英産業(株),福証,921,-4,-0.43,400,2026/07/28
2347,2347,3068,(株)ＷＤＩ,東証STD,"2,997",-13,-0.43,"3,200",2026/07/28
2348,2348,3297,(株)東武住販,東証STD,"1,164",-5,-0.43,"4,100",2026/07/28
2349,2349,4020,ビートレンド(株),東証GRT,689,-3,-0.43,700,2026/07/28
2350,2350,4040,南海化学(株),東証STD,"3,485",-15,-0.43,"8,700",2026/07/28
2351,2351,4502,武田薬品工業(株),東証PRM,"5,744",-25,-0.43,"3,918,100",2026/07/28
2352,2352,4932,(株)アルマード,東証STD,700,-3,-0.43,"11,300",2026/07/28
2353,2353,7494,(株)コナカ,東証STD,234,-1,-0.43,"19,800",2026/07/28
2354,2354,9069,センコーグループホールディングス(株),東証PRM,"2,196",-9.5,-0.43,"310,600",2026/07/28
2355,2355,3939,(株)カナミックネットワーク,東証PRM,479,-2,-0.42,"131,700",2026/07/28
2356,2356,4624,イサム塗料(株),東証STD,"3,520",-15,-0.42,200,2026/07/28
2357,2357,494A,One ETF 日本国債 3-7年,東証ETF,994.3,-4.2,-0.42,10,2026/07/28
2358,2358,5464,モリ工業(株),東証STD,954,-4,-0.42,"17,700",2026/07/28
2359,2359,7370,(株)Ｅｎｊｉｎ,東証GRT,710,-3,-0.42,"3,200",2026/07/28
2360,2360,7822,永大産業(株),東証STD,239,-1,-0.42,"38,700",2026/07/28
2361,2361,7878,(株)光・彩,東証STD,"1,418",-6,-0.42,"1,000",2026/07/28
2362,2362,9340,(株)アソインターナショナル,東証STD,715,-3,-0.42,"3,400",2026/07/28
2363,2363,9969,(株)ショクブン,東証STD,235,-1,-0.42,"2,900",2026/07/28
2364,2364,1719,安藤ハザマ,東証PRM,"1,831",-7.5,-0.41,"552,300",2026/07/28
2365,2365,3802,(株)エコミック,東証STD,491,-2,-0.41,"2,000",2026/07/28
2366,2366,3917,(株)アイリッジ,東証GRT,488,-2,-0.41,"19,700",2026/07/28
2367,2367,4387,(株)ＺＵＵ,東証GRT,486,-2,-0.41,"2,300",2026/07/28
2368,2368,452A,iシェアーズ S&P500プレミアムインカム,東証ETF,825.5,-3.4,-0.41,"274,230",2026/07/28
2369,2369,4996,クミアイ化学工業(株),東証PRM,731,-3,-0.41,"390,800",2026/07/28
2370,2370,6049,(株)イトクロ,東証GRT,241,-1,-0.41,"19,600",2026/07/28
2371,2371,6562,(株)ジーニー,東証GRT,962,-4,-0.41,"10,000",2026/07/28
2372,2372,6888,アクモス(株),東証STD,482,-2,-0.41,"7,800",2026/07/28
2373,2373,7095,(株)Ｍａｃｂｅｅ　Ｐｌａｎｅｔ,東証PRM,"1,203",-5,-0.41,"82,500",2026/07/28
2374,2374,7488,(株)ヤガミ,名証MN,"4,875",-20,-0.41,600,2026/07/28
2375,2375,8986,大和証券リビング投資法人,東証,"98,300",-400,-0.41,"5,687",2026/07/28
2376,2376,9716,(株)乃村工藝社,東証PRM,"1,208",-5,-0.41,"314,500",2026/07/28
2377,2377,9816,(株)ストライダーズ,東証STD,245,-1,-0.41,"3,600",2026/07/28
2378,2378,2046,NEXT NOTES インドNifty･ダブル・ブル ETN,東証ETF,"25,075",-100,-0.4,873,2026/07/28
2379,2379,2849,GX Morningstar 高配当 ESG-日本株式,東証ETF,"5,508",-22,-0.4,"24,840",2026/07/28
2380,2380,4317,(株)レイ,東証STD,499,-2,-0.4,"5,200",2026/07/28
2381,2381,4763,(株)クリーク・アンド・リバー社,東証PRM,"1,504",-6,-0.4,"45,700",2026/07/28
2382,2382,6630,ヤーマン(株),東証PRM,750,-3,-0.4,"39,100",2026/07/28
2383,2383,7442,中山福(株),東証STD,494,-2,-0.4,"4,700",2026/07/28
2384,2384,8022,ミズノ(株),東証PRM,"3,695",-15,-0.4,"136,900",2026/07/28
2385,2385,8739,スパークス・グループ(株),東証PRM,"2,228",-9,-0.4,"85,900",2026/07/28
2386,2386,9110,ＮＳユナイテッド海運(株),東証PRM,"7,500",-30,-0.4,"50,300",2026/07/28
2387,2387,2555,東証REIT ETF,東証ETF,"1,930.5",-7.5,-0.39,"52,060",2026/07/28
2388,2388,3309,積水ハウス・リート投資法人,東証,"76,700",-300,-0.39,"10,418",2026/07/28
2389,2389,4221,大倉工業(株),東証PRM,"5,170",-20,-0.39,"52,500",2026/07/28
2390,2390,4826,(株)ＣＩＪ,東証PRM,516,-2,-0.39,"179,900",2026/07/28
2391,2391,6161,(株)エスティック,東証STD,"1,029",-4,-0.39,"4,300",2026/07/28
2392,2392,6381,アネスト岩田(株),東証PRM,"1,784",-7,-0.39,"63,800",2026/07/28
2393,2393,8144,(株)デンキョーグループホールディングス,東証STD,"1,273",-5,-0.39,"3,000",2026/07/28
2394,2394,9503,関西電力(株),東証PRM,"2,420",-9.5,-0.39,"3,831,600",2026/07/28
2395,2395,2251,(NEXT FUNDS) JPX国債先物ダブルインバース,東証ETF,889.6,-3.4,-0.38,"14,360",2026/07/28
2396,2396,2562,上場インデックスファンド米国株式(ダウ平均)H有,東証ETF,"3,627",-14,-0.38,"29,101",2026/07/28
2397,2397,3329,東和フードサービス(株),東証STD,"2,111",-8,-0.38,"2,800",2026/07/28
2398,2398,3929,ソーシャルワイヤー(株),東証GRT,260,-1,-0.38,"6,600",2026/07/28
2399,2399,4310,(株)ドリームインキュベータ,東証PRM,"2,641",-10,-0.38,"24,400",2026/07/28
2400,2400,4389,プロパティデータバンク(株),東証GRT,"1,060",-4,-0.38,"2,200",2026/07/28
2401,2401,4475,ＨＥＮＮＧＥ(株),東証GRT,"1,326",-5,-0.38,"355,800",2026/07/28
2402,2402,4674,(株)クレスコ,東証PRM,"1,576",-6,-0.38,"42,200",2026/07/28
2403,2403,5951,ダイニチ工業(株),東証STD,"1,036",-4,-0.38,"5,300",2026/07/28
2404,2404,6400,不二精機(株),東証STD,261,-1,-0.38,"12,100",2026/07/28
2405,2405,7567,(株)栄電子,東証STD,526,-2,-0.38,"13,000",2026/07/28
2406,2406,7743,(株)シード,東証STD,523,-2,-0.38,"13,400",2026/07/28
2407,2407,7988,(株)ニフコ,東証PRM,"5,237",-20,-0.38,"421,600",2026/07/28
2408,2408,8190,(株)ヤマナカ,名証MN,520,-2,-0.38,"5,700",2026/07/28
2409,2409,8570,イオンフィナンシャルサービス(株),東証PRM,"1,574",-6,-0.38,"343,600",2026/07/28
2410,2410,9663,(株)ナガワ,東証PRM,"5,200",-20,-0.38,"15,700",2026/07/28
2411,2411,1826,佐田建設(株),東証STD,"1,076",-4,-0.37,"5,600",2026/07/28
2412,2412,2471,(株)エスプール,東証PRM,270,-1,-0.37,"429,800",2026/07/28
2413,2413,3504,(株)丸八ホールディングス,名証MN,"1,330",-5,-0.37,"23,000",2026/07/28
2414,2414,354A,iFreeETF ブルームバーグ日本株高配当50指数,東証ETF,"3,268",-12,-0.37,"279,120",2026/07/28
2415,2415,4124,大阪油化工業(株),東証STD,"2,710",-10,-0.37,500,2026/07/28
2416,2416,5204,石塚硝子(株),東証STD,"2,999",-11,-0.37,"11,600",2026/07/28
2417,2417,5884,(株)クラダシ,東証GRT,544,-2,-0.37,"24,300",2026/07/28
2418,2418,6497,(株)ハマイ,東証STD,"1,360",-5,-0.37,"2,200",2026/07/28
2419,2419,7087,(株)ウイルテック,東証STD,"1,350",-5,-0.37,"1,500",2026/07/28
2420,2420,9367,大東港運(株),東証STD,"1,880",-7,-0.37,"2,000",2026/07/28
2421,2421,148A,(株)ハッチ・ワーク,東証GRT,"1,670",-6,-0.36,"2,400",2026/07/28
2422,2422,2530,MAXIS HuaAn中国株式(上海180A株)上場投信,東証ETF,"17,905",-65,-0.36,4,2026/07/28
2423,2423,3030,(株)ハブ,東証STD,825,-3,-0.36,"18,500",2026/07/28
2424,2424,4116,大日精化工業(株),東証PRM,"1,101",-4,-0.36,"236,000",2026/07/28
2425,2425,4641,(株)アルプス技研,東証PRM,836,-3,-0.36,"83,800",2026/07/28
2426,2426,5889,Ｊａｐａｎ　Ｅｙｅｗｅａｒ　Ｈｏｌｄｉｎｇｓ(株),東証PRM,"2,505",-9,-0.36,"111,400",2026/07/28
2427,2427,7482,(株)シモジマ,東証PRM,"1,395",-5,-0.36,"21,900",2026/07/28
2428,2428,7791,ドリームベッド(株),東証STD,824,-3,-0.36,"1,100",2026/07/28
2429,2429,94346,ソフトバンク(株)第2回社債型種類株式,東証PRM,"7,558",-27,-0.36,"9,000",2026/07/28
2430,2430,3501,ＳＵＭＩＮＯＥ(株),東証PRM,"1,144",-4,-0.35,"18,800",2026/07/28
2431,2431,4484,ランサーズ(株),東証GRT,286,-1,-0.35,"5,100",2026/07/28
2432,2432,4750,(株)ダイサン,東証STD,562,-2,-0.35,"3,200",2026/07/28
2433,2433,6294,オカダアイヨン(株),東証PRM,"2,003",-7,-0.35,"19,200",2026/07/28
2434,2434,7413,(株)創健社,東証STD,"2,558",-9,-0.35,800,2026/07/28
2435,2435,7957,フジコピアン(株),東証STD,"1,978",-7,-0.35,"5,200",2026/07/28
2436,2436,8917,ファースト住建(株),東証STD,"1,138",-4,-0.35,"23,800",2026/07/28
2437,2437,9083,神姫バス(株),東証STD,"1,967",-7,-0.35,"3,100",2026/07/28
2438,2438,9242,メディア総研(株),東証GRT,"2,020",-7,-0.35,"1,600",2026/07/28
2439,2439,1810,松井建設(株),東証STD,"1,451",-5,-0.34,"25,900",2026/07/28
2440,2440,2868,GX S&P500・カバード・コール,東証ETF,"1,162",-4,-0.34,"21,487",2026/07/28
2441,2441,3474,Ｇ－ＦＡＣＴＯＲＹ(株),東証GRT,578,-2,-0.34,"1,900",2026/07/28
2442,2442,3858,(株)ユビキタスＡＩ,東証STD,292,-1,-0.34,"12,400",2026/07/28
2443,2443,477A,(株)スタートライン,東証GRT,595,-2,-0.34,"18,000",2026/07/28
2444,2444,5923,高田機工(株),東証STD,"1,169",-4,-0.34,"1,500",2026/07/28
2445,2445,6540,(株)船場,東証STD,"1,485",-5,-0.34,"21,500",2026/07/28
2446,2446,7893,(株)プロネクサス,東証PRM,"1,179",-4,-0.34,"26,300",2026/07/28
2447,2447,7921,(株)ＴＡＫＡＲＡ　＆　ＣＯＭＰＡＮＹ,東証PRM,"4,425",-15,-0.34,"52,000",2026/07/28
2448,2448,7976,三菱鉛筆(株),東証PRM,"2,623",-9,-0.34,"96,300",2026/07/28
2449,2449,8093,極東貿易(株),東証PRM,"1,780",-6,-0.34,"48,300",2026/07/28
2450,2450,8131,(株)ミツウロコグループホールディングス,東証STD,"2,070",-7,-0.34,"33,100",2026/07/28
2451,2451,8908,(株)毎日コムネット,東証STD,872,-3,-0.34,"3,100",2026/07/28
2452,2452,1758,太洋基礎工業(株),東証STD,"2,400",-8,-0.33,"19,700",2026/07/28
2453,2453,2209,井村屋グループ(株),東証PRM,"2,427",-8,-0.33,"19,100",2026/07/28
2454,2454,3463,いちごホテルリート投資法人,東証,"122,000",-400,-0.33,"1,303",2026/07/28
2455,2455,3796,(株)いい生活,東証STD,298,-1,-0.33,"5,900",2026/07/28
2456,2456,4076,(株)シイエヌエス,東証GRT,"1,806",-6,-0.33,"1,000",2026/07/28
2457,2457,4180,Ａｐｐｉｅｒ　Ｇｒｏｕｐ(株),東証PRM,910,-3,-0.33,"949,800",2026/07/28
2458,2458,4243,(株)ニックス,東証STD,914,-3,-0.33,500,2026/07/28
2459,2459,5936,東洋シヤッター(株),東証STD,912,-3,-0.33,"2,800",2026/07/28
2460,2460,5943,(株)ノーリツ,東証PRM,"2,387",-8,-0.33,"72,800",2026/07/28
2461,2461,6537,ＷＡＳＨハウス(株),東証GRT,305,-1,-0.33,"13,800",2026/07/28
2462,2462,8247,(株)大和,東証STD,299,-1,-0.33,"5,300",2026/07/28
2463,2463,9504,中国電力(株),東証PRM,947.9,-3.1,-0.33,"1,839,400",2026/07/28
2464,2464,220A,(株)Ｆａｂｅｒ　Ｃｏｍｐａｎｙ,東証STD,927,-3,-0.32,600,2026/07/28
2465,2465,356A,GX S&P500 キャッシュフロー・トップ100,東証ETF,"1,561",-5,-0.32,"5,148",2026/07/28
2466,2466,4016,ＭＩＴホールディングス(株),東証STD,941,-3,-0.32,"2,300",2026/07/28
2467,2467,4554,富士製薬工業(株),東証PRM,"1,863",-6,-0.32,"123,400",2026/07/28
2468,2468,4951,エステー(株),東証PRM,"1,547",-5,-0.32,"27,800",2026/07/28
2469,2469,6428,(株)オーイズミ,東証STD,315,-1,-0.32,"4,100",2026/07/28
2470,2470,7943,ニチハ(株),東証PRM,"3,090",-10,-0.32,"61,000",2026/07/28
2471,2471,9341,(株)ＧＥＮＯＶＡ,東証PRM,631,-2,-0.32,"61,500",2026/07/28
2472,2472,9344,アクシスコンサルティング(株),東証GRT,925,-3,-0.32,"1,200",2026/07/28
2473,2473,1420,サンヨーホームズ(株),東証STD,645,-2,-0.31,"15,800",2026/07/28
2474,2474,1870,矢作建設工業(株),東証PRM,"1,936",-6,-0.31,"136,600",2026/07/28
2475,2475,2217,モロゾフ(株),東証PRM,"1,605",-5,-0.31,"39,000",2026/07/28
2476,2476,3454,ファーストブラザーズ(株),東証STD,"1,270",-4,-0.31,600,2026/07/28
2477,2477,4534,持田製薬(株),東証PRM,"3,185",-10,-0.31,"51,600",2026/07/28
2478,2478,4819,(株)デジタルガレージ,東証PRM,"2,288",-7,-0.31,"142,200",2026/07/28
2479,2479,7874,レック(株),東証PRM,971,-3,-0.31,"39,300",2026/07/28
2480,2480,9739,ＮＳＷ(株),東証PRM,"2,551",-8,-0.31,"14,400",2026/07/28
2481,2481,1380,(株)秋川牧園,東証STD,998,-3,-0.3,"2,200",2026/07/28
2482,2482,2055,日和産業(株),東証STD,332,-1,-0.3,"5,000",2026/07/28
2483,2483,274A,(株)ガーデン,東証STD,"2,301",-7,-0.3,"4,400",2026/07/28
2484,2484,3447,信和(株),東証STD,986,-3,-0.3,"9,700",2026/07/28
2485,2485,3537,昭栄薬品(株),東証STD,"1,660",-5,-0.3,600,2026/07/28
2486,2486,3662,(株)エイチームホールディングス,東証PRM,997,-3,-0.3,"243,500",2026/07/28
2487,2487,3674,(株)オークファン,東証GRT,329,-1,-0.3,"1,900",2026/07/28
2488,2488,4365,松本油脂製薬(株),東証STD,"19,680",-60,-0.3,500,2026/07/28
2489,2489,4430,東海ソフト(株),東証STD,"1,655",-5,-0.3,"4,300",2026/07/28
2490,2490,4540,(株)ツムラ,東証PRM,"3,929",-12,-0.3,"521,600",2026/07/28
2491,2491,6349,(株)小森コーポレーション,東証PRM,"1,665",-5,-0.3,"183,200",2026/07/28
2492,2492,6539,(株)ＭＳ－Ｊａｐａｎ,東証PRM,996,-3,-0.3,"40,200",2026/07/28
2493,2493,9686,東洋テック(株),東証STD,"1,653",-5,-0.3,"3,200",2026/07/28
2494,2494,9890,(株)マキヤ,東証STD,"1,341",-4,-0.3,"3,500",2026/07/28
2495,2495,2630,MAXIS 米国株式(S&P500)上場投信(H有),東証ETF,"15,650",-45,-0.29,"1,373",2026/07/28
2496,2496,3224,(株)ゼネラル・オイスター,東証GRT,695,-2,-0.29,"8,900",2026/07/28
2497,2497,4429,リックソフト(株),東証GRT,699,-2,-0.29,"2,500",2026/07/28
2498,2498,4623,(株)アサヒペン,東証STD,"1,720",-5,-0.29,300,2026/07/28
2499,2499,4767,(株)テー・オー・ダブリュー,東証STD,339,-1,-0.29,"151,300",2026/07/28
2500,2500,4801,セントラルスポーツ(株),東証PRM,"2,412",-7,-0.29,"6,500",2026/07/28
2501,2501,7112,(株)キューブ,東証GRT,694,-2,-0.29,"1,400",2026/07/28
2502,2502,7849,スターツ出版(株),東証STD,"3,400",-10,-0.29,400,2026/07/28
2503,2503,8976,大和証券オフィス投資法人,東証,"345,500","-1,000",-0.29,"2,116",2026/07/28
2504,2504,9470,(株)学研ホールディングス,東証PRM,"1,022",-3,-0.29,"80,600",2026/07/28
2505,2505,9828,(株)Ｇｅｎｋｉ　Ｇｌｏｂａｌ　Ｄｉｎｉｎｇ　Ｃｏｎｃｅｐｔｓ,東証STD,"3,435",-10,-0.29,"42,000",2026/07/28
2506,2506,1808,(株)長谷工コーポレーション,東証PRM,"2,843",-8,-0.28,"661,900",2026/07/28
2507,2507,2096,GX オフィス・J-REIT,東証ETF,"1,067",-3,-0.28,"3,000",2026/07/28
2508,2508,2978,(株)ツクルバ,東証GRT,354,-1,-0.28,"3,600",2026/07/28
2509,2509,3059,ヒラキ(株),東証STD,713,-2,-0.28,"5,300",2026/07/28
2510,2510,3180,(株)ビューティガレージ,東証PRM,"1,414",-4,-0.28,"14,000",2026/07/28
2511,2511,363A,iFreeETF 英国FTSE100,東証ETF,"2,806",-8,-0.28,"1,045",2026/07/28
2512,2512,4057,(株)インターファクトリー,東証GRT,350,-1,-0.28,"1,300",2026/07/28
2513,2513,4994,大成ラミックグループ(株),東証STD,"2,526",-7,-0.28,"12,100",2026/07/28
2514,2514,544A,ＧＭＳグループ(株),東証PRM,359,-1,-0.28,"296,700",2026/07/28
2515,2515,6287,(株)サトー,東証PRM,"2,473",-7,-0.28,"119,500",2026/07/28
2516,2516,6565,ＡＢホテル(株),名証MN,"1,424",-4,-0.28,"2,500",2026/07/28
2517,2517,8060,キヤノンマーケティングジャパン(株),東証PRM,"3,547",-10,-0.28,"382,400",2026/07/28
2518,2518,9625,(株)セレスポ,東証STD,"1,080",-3,-0.28,"21,900",2026/07/28
2519,2519,2094,東証REITインバースETF,東証ETF,751,-2,-0.27,"103,080",2026/07/28
2520,2520,2790,(株)ナフコ,東証STD,"2,222",-6,-0.27,"1,200",2026/07/28
2521,2521,2861,上場インデックスファンドフランス国債(H無),東証ETF,"5,810",-16,-0.27,"2,530",2026/07/28
2522,2522,4409,東邦化学工業(株),東証STD,734,-2,-0.27,"4,300",2026/07/28
2523,2523,564A,GX S&P先進国キャッシュフロー・トップ100,東証ETF,"1,095",-3,-0.27,529,2026/07/28
2524,2524,5984,兼房(株),東証STD,736,-2,-0.27,"3,900",2026/07/28
2525,2525,6392,(株)ヤマダコーポレーション,東証STD,"7,470",-20,-0.27,"1,000",2026/07/28
2526,2526,7555,(株)大田花き,東証STD,740,-2,-0.27,300,2026/07/28
2527,2527,8584,(株)ジャックス,東証PRM,"3,755",-10,-0.27,"83,500",2026/07/28
2528,2528,8968,福岡リート投資法人,東証,"181,800",-500,-0.27,"1,368",2026/07/28
2529,2529,1345,上場インデックスファンドJリート隔月分配,東証ETF,"1,909",-5,-0.26,"157,368",2026/07/28
2530,2530,1376,カネコ種苗(株),東証STD,"1,536",-4,-0.26,"13,600",2026/07/28
2531,2531,3080,(株)ジェーソン,東証STD,773,-2,-0.26,"2,800",2026/07/28
2532,2532,4391,ロジザード(株),東証GRT,"1,169",-3,-0.26,"1,700",2026/07/28
2533,2533,4752,(株)昭和システムエンジニアリング,東証STD,"1,538",-4,-0.26,"11,100",2026/07/28
2534,2534,517A,iFreeETF 米ドル・べア(1倍),東証ETF,"1,900",-5,-0.26,2,2026/07/28
2535,2535,6171,(株)土木管理総合試験所,東証STD,378,-1,-0.26,"15,700",2026/07/28
2536,2536,7265,エイケン工業(株),東証STD,"3,850",-10,-0.26,800,2026/07/28
2537,2537,7504,(株)高速,東証PRM,"3,840",-10,-0.26,"55,700",2026/07/28
2538,2538,7883,サンメッセ(株),東証STD,390,-1,-0.26,"3,700",2026/07/28
2539,2539,8101,(株)ＧＳＩクレオス,東証PRM,"2,723",-7,-0.26,"32,100",2026/07/28
2540,2540,9048,名古屋鉄道(株),東証PRM,"1,945",-5,-0.26,"873,300",2026/07/28
2541,2541,9252,(株)ラストワンマイル,東証GRT,"3,850",-10,-0.26,"2,800",2026/07/28
2542,2542,9930,北沢産業(株),東証STD,382,-1,-0.26,"38,800",2026/07/28
2543,2543,192A,インテグループ(株),東証GRT,"1,204",-3,-0.25,800,2026/07/28
2544,2544,2148,アイティメディア(株),東証PRM,"1,181",-3,-0.25,"46,100",2026/07/28
2545,2545,2198,アイ・ケイ・ケイホールディングス(株),東証PRM,796,-2,-0.25,"144,500",2026/07/28
2546,2546,2373,(株)ケア２１,東証STD,403,-1,-0.25,"5,900",2026/07/28
2547,2547,3431,宮地エンジニアリンググループ(株),東証PRM,"1,569",-4,-0.25,"57,600",2026/07/28
2548,2548,3632,グリーホールディングス(株),東証PRM,396,-1,-0.25,"313,400",2026/07/28
2549,2549,3892,(株)岡山製紙,東証STD,"1,620",-4,-0.25,"2,800",2026/07/28
2550,2550,3895,ハビックス(株),東証STD,406,-1,-0.25,"2,300",2026/07/28
2551,2551,4923,コタ(株),東証PRM,"1,219",-3,-0.25,"35,800",2026/07/28
2552,2552,5930,文化シヤッター(株),東証PRM,"1,959",-5,-0.25,"107,300",2026/07/28
2553,2553,6083,ＥＲＩホールディングス(株),東証STD,"1,569",-4,-0.25,"54,800",2026/07/28
2554,2554,6325,(株)タカキタ,東証STD,404,-1,-0.25,"5,200",2026/07/28
2555,2555,7444,ハリマ共和物産(株),東証STD,"1,985",-5,-0.25,400,2026/07/28
2556,2556,7590,(株)タカショー,東証STD,392,-1,-0.25,"16,100",2026/07/28
2557,2557,7962,(株)キングジム,東証PRM,807,-2,-0.25,"35,700",2026/07/28
2558,2558,8018,三共生興(株),東証STD,813,-2,-0.25,"37,200",2026/07/28
2559,2559,9216,ビーウィズ(株),東証PRM,"1,610",-4,-0.25,"25,100",2026/07/28
2560,2560,2235,上場インデックスファンド米国株式(ダウ平均)H無,東証ETF,"3,696",-9,-0.24,159,2026/07/28
2561,2561,3063,(株)ジェイグループホールディングス,東証GRT,"1,247",-3,-0.24,"14,500",2026/07/28
2562,2562,4386,(株)ＳＩＧグループ,東証STD,841,-2,-0.24,"4,100",2026/07/28
2563,2563,4887,サワイグループホールディングス(株),東証PRM,"1,675",-4,-0.24,"426,500",2026/07/28
2564,2564,5237,(株)ノザワ,東証STD,"1,267",-3,-0.24,"2,200",2026/07/28
2565,2565,6267,ゼネラルパッカー(株),東証STD,"4,090",-10,-0.24,"1,300",2026/07/28
2566,2566,6292,(株)カワタ,東証STD,822,-2,-0.24,"4,800",2026/07/28
2567,2567,8233,(株)高島屋,東証PRM,"2,317.5",-5.5,-0.24,"1,521,300",2026/07/28
2568,2568,8793,ＮＥＣキャピタルソリューション(株),東証PRM,"4,110",-10,-0.24,"17,700",2026/07/28
2569,2569,1659,iシェアーズ 米国リート ETF,東証ETF,"4,262",-10,-0.23,"18,889",2026/07/28
2570,2570,2903,シノブフーズ(株),東証STD,"1,711",-4,-0.23,"2,000",2026/07/28
2571,2571,3286,トラストホールディングス(株),東証STD,864,-2,-0.23,"4,700",2026/07/28
2572,2572,3815,(株)メディア工房,東証GRT,443,-1,-0.23,"8,100",2026/07/28
2573,2573,5032,ＡＮＹＣＯＬＯＲ(株),東証PRM,"2,631",-6,-0.23,"729,600",2026/07/28
2574,2574,5357,(株)ヨータイ,東証PRM,"1,766",-4,-0.23,"29,100",2026/07/28
2575,2575,6142,富士精工(株),名証MN,"1,759",-4,-0.23,700,2026/07/28
2576,2576,6848,東亜ディーケーケー(株),東証STD,852,-2,-0.23,"1,100",2026/07/28
2577,2577,9402,中部日本放送(株),名証PRM,"1,292",-3,-0.23,"5,200",2026/07/28
2578,2578,9742,(株)アイネス,東証PRM,"2,181",-5,-0.23,"27,200",2026/07/28
2579,2579,2031,NEXT NOTES 香港ハンセン･ダブル･ブルETN,東証ETF,"8,027",-18,-0.22,"1,110",2026/07/28
2580,2580,3067,(株)東京一番フーズ,東証STD,452,-1,-0.22,"5,000",2026/07/28
2581,2581,3283,日本プロロジスリート投資法人,東証,"92,600",-200,-0.22,"11,352",2026/07/28
2582,2582,3333,(株)あさひ,東証PRM,"1,335",-3,-0.22,"162,600",2026/07/28
2583,2583,3804,(株)システム　ディ,東証STD,450,-1,-0.22,"1,400",2026/07/28
2584,2584,3946,(株)トーモク,東証PRM,"4,540",-10,-0.22,"87,700",2026/07/28
2585,2585,4671,(株)ファルコホールディングス,東証STD,"2,704",-6,-0.22,"8,400",2026/07/28
2586,2586,6391,(株)加地テック,東証STD,"4,530",-10,-0.22,"1,700",2026/07/28
2587,2587,7487,小津産業(株),東証STD,"1,777",-4,-0.22,"2,000",2026/07/28
2588,2588,7625,(株)グローバルダイニング,東証STD,464,-1,-0.22,"2,300",2026/07/28
2589,2589,7793,(株)イメージ・マジック,東証GRT,"1,367",-3,-0.22,"1,000",2026/07/28
2590,2590,9163,(株)ナレルグループ,東証GRT,"2,302",-5,-0.22,"14,500",2026/07/28
2591,2591,2072,トップシェアインデックス(ネットリターン)ETN,東証ETF,"21,450",-45,-0.21,2,2026/07/28
2592,2592,2789,(株)カルラ,東証STD,468,-1,-0.21,"1,900",2026/07/28
2593,2593,2970,ＧＬＣ　ＧＲＯＵＰ(株),東証STD,950,-2,-0.21,"9,400",2026/07/28
2594,2594,341A,(株)トヨコー,東証GRT,"1,936",-4,-0.21,"11,200",2026/07/28
2595,2595,3457,(株)Ａｎｄ　Ｄｏホールディングス,東証PRM,936,-2,-0.21,"67,900",2026/07/28
2596,2596,5202,日本板硝子(株),東証PRM,483,-1,-0.21,"397,200",2026/07/28
2597,2597,5939,(株)大谷工業,東証STD,"4,840",-10,-0.21,800,2026/07/28
2598,2598,7044,(株)ピアラ,東証STD,485,-1,-0.21,"3,600",2026/07/28
2599,2599,7130,ヤマエグループホールディングス(株),東証PRM,"2,887",-6,-0.21,"45,300",2026/07/28
2600,2600,7683,(株)ダブルエー,東証PRM,"1,418",-3,-0.21,"52,100",2026/07/28
2601,2601,9301,三菱倉庫(株),東証PRM,"1,633.5",-3.5,-0.21,"802,100",2026/07/28
2602,2602,1844,(株)大盛工業,東証STD,499,-1,-0.2,"49,100",2026/07/28
2603,2603,1898,世紀東急工業(株),東証PRM,"1,489",-3,-0.2,"157,900",2026/07/28
2604,2604,245A,(株)ＩＮＧＳ,東証GRT,"2,485",-5,-0.2,"2,800",2026/07/28
2605,2605,2839,MAXIS 米国国債7-10年上場投信(H有),東証ETF,"5,027",-10,-0.2,"3,899",2026/07/28
2606,2606,2855,GX グリーン・J-REIT,東証ETF,994,-2,-0.2,9,2026/07/28
2607,2607,3204,(株)トーア紡コーポレーション,東証STD,504,-1,-0.2,"5,300",2026/07/28
2608,2608,331A,(株)メディックス,東証STD,505,-1,-0.2,500,2026/07/28
2609,2609,4246,ダイキョーニシカワ(株),東証PRM,"1,018",-2,-0.2,"209,000",2026/07/28
2610,2610,4990,昭和化学工業(株),東証STD,496,-1,-0.2,"1,300",2026/07/28
2611,2611,6578,(株)コレックホールディングス,東証STD,498,-1,-0.2,"4,800",2026/07/28
2612,2612,7990,グローブライド(株),東証PRM,"2,476",-5,-0.2,"58,300",2026/07/28
2613,2613,8185,(株)チヨダ,東証PRM,"1,006",-2,-0.2,"144,800",2026/07/28
2614,2614,8593,三菱ＨＣキャピタル(株),東証PRM,"1,467",-3,-0.2,"3,562,100",2026/07/28
2615,2615,9017,新潟交通(株),東証STD,"2,004",-4,-0.2,200,2026/07/28
2616,2616,9306,東陽倉庫(株),東証STD,"2,039",-4,-0.2,"5,900",2026/07/28
2617,2617,9672,東京都競馬(株),東証PRM,"5,010",-10,-0.2,"66,900",2026/07/28
2618,2618,9708,(株)帝国ホテル,東証STD,996,-2,-0.2,"103,400",2026/07/28
2619,2619,9729,(株)トーカイ,東証PRM,"2,478",-5,-0.2,"28,800",2026/07/28
2620,2620,1780,(株)ヤマウラ,東証PRM,"1,544",-3,-0.19,"35,300",2026/07/28
2621,2621,3462,野村不動産マスターファンド投資法人,東証,"156,100",-300,-0.19,"6,008",2026/07/28
2622,2622,3622,ネットイヤーグループ(株),東証STD,518,-1,-0.19,"4,100",2026/07/28
2623,2623,4151,協和キリン(株),東証PRM,"2,656",-5,-0.19,"875,900",2026/07/28
2624,2624,5036,日本ビジネスシステムズ(株),東証PRM,"1,557",-3,-0.19,"44,100",2026/07/28
2625,2625,6402,兼松エンジニアリング(株),東証STD,"1,545",-3,-0.19,"8,000",2026/07/28
2626,2626,7110,(株)クラシコム,東証GRT,"2,063",-4,-0.19,"3,900",2026/07/28
2627,2627,7453,(株)良品計画,東証PRM,"4,305",-8,-0.19,"3,248,200",2026/07/28
2628,2628,7614,(株)オーエムツーネットワーク,東証STD,"1,552",-3,-0.19,"6,200",2026/07/28
2629,2629,8133,伊藤忠エネクス(株),東証PRM,"2,080",-4,-0.19,"104,800",2026/07/28
2630,2630,9445,(株)フォーバルテレコム,東証STD,534,-1,-0.19,800,2026/07/28
2631,2631,9691,(株)両毛システムズ,東証STD,"5,150",-10,-0.19,900,2026/07/28
2632,2632,2127,(株)日本Ｍ＆Ａセンターホールディングス,東証PRM,679.9,-1.2,-0.18,"1,828,500",2026/07/28
2633,2633,2241,MAXIS NYダウ上場投信,東証ETF,949.5,-1.7,-0.18,"5,790",2026/07/28
2634,2634,2293,滝沢ハム(株),東証STD,"2,720",-5,-0.18,600,2026/07/28
2635,2635,2492,(株)インフォマート,東証PRM,549,-1,-0.18,"3,230,300",2026/07/28
2636,2636,2639,GX バイオ＆メドテック-日本株式,東証ETF,"1,694",-3,-0.18,"1,008",2026/07/28
2637,2637,3557,ユナイテッド＆コレクティブ(株),東証GRT,546,-1,-0.18,"5,200",2026/07/28
2638,2638,467A,GX 米ドル建て投資適格社債(H有),東証ETF,279.5,-0.5,-0.18,180,2026/07/28
2639,2639,5284,ヤマウホールディングス(株),東証STD,"2,213",-4,-0.18,"3,000",2026/07/28
2640,2640,5938,(株)ＬＩＸＩＬ,東証PRM,"1,896.5",-3.5,-0.18,"1,748,300",2026/07/28
2641,2641,6418,日本金銭機械(株),東証PRM,"1,085",-2,-0.18,"110,200",2026/07/28
2642,2642,6654,不二電機工業(株),東証STD,"1,109",-2,-0.18,"24,400",2026/07/28
2643,2643,6809,ＴＯＡ(株),東証PRM,"1,636",-3,-0.18,"71,000",2026/07/28
2644,2644,7368,表示灯(株),東証STD,"1,682",-3,-0.18,600,2026/07/28
2645,2645,8898,(株)センチュリー２１・ジャパン,東証STD,"1,128",-2,-0.18,"3,200",2026/07/28
2646,2646,9074,日本石油輸送(株),東証STD,"5,430",-10,-0.18,500,2026/07/28
2647,2647,9633,東京テアトル(株),東証STD,"1,646",-3,-0.18,"1,400",2026/07/28
2648,2648,1478,iシェアーズ MSCI ジャパン高配当利回り ETF,東証ETF,"5,369",-9,-0.17,"33,329",2026/07/28
2649,2649,1497,iシェアーズ 米ドル建ハイイールド社債ETF(H有),東証ETF,"1,721",-3,-0.17,"11,849",2026/07/28
2650,2650,1738,(株)ＮＩＴＴＯＨ,名証MN,581,-1,-0.17,300,2026/07/28
2651,2651,2404,(株)鉄人化ホールディングス,東証STD,594,-1,-0.17,"9,600",2026/07/28
2652,2652,2798,(株)ワイズテーブルコーポレーション,東証STD,"3,025",-5,-0.17,"2,000",2026/07/28
2653,2653,3160,(株)大光,東証STD,580,-1,-0.17,"4,400",2026/07/28
2654,2654,3172,ティーライフ(株),東証STD,"1,151",-2,-0.17,"24,600",2026/07/28
2655,2655,4373,シンプレクス・ホールディングス(株),東証PRM,"1,144",-2,-0.17,"2,659,300",2026/07/28
2656,2656,5973,(株)トーアミ,東証STD,603,-1,-0.17,300,2026/07/28
2657,2657,6050,イー・ガーディアン(株),東証PRM,"1,756",-3,-0.17,"15,500",2026/07/28
2658,2658,6430,ダイコク電機(株),東証PRM,"2,420",-4,-0.17,"83,100",2026/07/28
2659,2659,7284,盟和産業(株),東証STD,"1,171",-2,-0.17,"1,000",2026/07/28
2660,2660,7399,(株)ナンシン,東証STD,596,-1,-0.17,800,2026/07/28
2661,2661,8091,ニチモウ(株),東証PRM,"2,341",-4,-0.17,"11,000",2026/07/28
2662,2662,9605,東映(株),東証PRM,"5,990",-10,-0.17,"209,700",2026/07/28
2663,2663,9656,グリーンランドリゾート(株),東証STD,603,-1,-0.17,400,2026/07/28
2664,2664,1595,NZAM 上場投信 東証REIT指数,東証ETF,"1,915",-3,-0.16,"217,080",2026/07/28
2665,2665,2206,江崎グリコ(株),東証PRM,"5,132",-8,-0.16,"312,200",2026/07/28
2666,2666,2556,One ETF 東証REIT指数,東証ETF,"1,928.5",-3,-0.16,"111,060",2026/07/28
2667,2667,2805,ヱスビー食品(株),東証STD,"6,120",-10,-0.16,"52,100",2026/07/28
2668,2668,3267,(株)フィル・カンパニー,東証STD,607,-1,-0.16,"17,100",2026/07/28
2669,2669,3326,(株)ランシステム,東証STD,639,-1,-0.16,"1,800",2026/07/28
2670,2670,530A,NZAM 上場投信 東証REIT指数(2・5・8・11月決算型),東証ETF,"1,923",-3,-0.16,109,2026/07/28
2671,2671,7058,共栄セキュリティーサービス(株),東証STD,"3,190",-5,-0.16,"4,800",2026/07/28
2672,2672,7060,ギークス(株),東証STD,617,-1,-0.16,"5,100",2026/07/28
2673,2673,7443,横浜魚類(株),東証STD,637,-1,-0.16,"1,700",2026/07/28
2674,2674,75505,（株）ゼンショーホールディングス第1回社債型種類株式,東証PRM,"4,941",-8,-0.16,100,2026/07/28
2675,2675,1477,iシェアーズ MSCI 日本株最小分散 ETF,東証ETF,"3,341",-5,-0.15,"2,413",2026/07/28
2676,2676,1911,住友林業(株),東証PRM,"1,374.5",-2,-0.15,"2,738,700",2026/07/28
2677,2677,2425,(株)ケアサービス,東証STD,665,-1,-0.15,"1,400",2026/07/28
2678,2678,2922,(株)なとり,東証PRM,"1,997",-3,-0.15,"18,900",2026/07/28
2679,2679,3064,(株)ＭｏｎｏｔａＲＯ,東証PRM,"1,977",-3,-0.15,"2,118,700",2026/07/28
2680,2680,3426,アトムリビンテック(株),東証STD,"1,298",-2,-0.15,"1,600",2026/07/28
2681,2681,5990,(株)スーパーツール,東証STD,"1,987",-3,-0.15,400,2026/07/28
2682,2682,7305,新家工業(株),東証STD,"2,656",-4,-0.15,"19,700",2026/07/28
2683,2683,1381,(株)アクシーズ,東証STD,"3,515",-5,-0.14,"1,400",2026/07/28
2684,2684,1909,日本ドライケミカル(株),東証STD,"3,695",-5,-0.14,"24,700",2026/07/28
2685,2685,2551,マルサンアイ(株),名証MN,"3,560",-5,-0.14,900,2026/07/28
2686,2686,2816,(株)ダイショー,東証STD,"1,410",-2,-0.14,"1,000",2026/07/28
2687,2687,2993,(株)長栄,東証STD,"2,145",-3,-0.14,300,2026/07/28
2688,2688,3107,ダイワボウホールディングス(株),東証PRM,"3,594",-5,-0.14,"302,500",2026/07/28
2689,2689,3139,(株)ラクト・ジャパン,東証PRM,"3,455",-5,-0.14,"20,700",2026/07/28
2690,2690,3695,ＧＭＯプロダクトプラットフォーム(株),東証GRT,"1,450",-2,-0.14,"2,100",2026/07/28
2691,2691,3824,メディアファイブ(株),福岡Q,708,-1,-0.14,100,2026/07/28
2692,2692,3947,ダイナパック(株),東証STD,"2,200",-3,-0.14,800,2026/07/28
2693,2693,4712,(株)ＫｅｙＨｏｌｄｅｒ,東証STD,734,-1,-0.14,"41,200",2026/07/28
2694,2694,5697,(株)サンユウ,東証STD,735,-1,-0.14,"2,700",2026/07/28
2695,2695,6988,日東電工(株),東証PRM,"3,446",-5,-0.14,"5,219,300",2026/07/28
2696,2696,7096,(株)ステムセル研究所,東証GRT,724,-1,-0.14,"1,900",2026/07/28
2697,2697,9035,第一交通産業(株),福証,732,-1,-0.14,"6,100",2026/07/28
2698,2698,9305,(株)ヤマタネ,東証PRM,"2,140",-3,-0.14,"55,100",2026/07/28
2699,2699,1399,上場MSCI日本株高配当低ボラティリティ,東証ETF,"3,172",-4,-0.13,"2,707",2026/07/28
2700,2700,1777,川崎設備工業(株),名証MN,"2,320",-3,-0.13,"13,200",2026/07/28
2701,2701,2573,北海道コカ・コーラボトリング(株),東証STD,"3,995",-5,-0.13,"8,100",2026/07/28
2702,2702,3293,アズマハウス(株),東証STD,767,-1,-0.13,"2,000",2026/07/28
2703,2703,3548,(株)バロックジャパンリミテッド,東証PRM,742,-1,-0.13,"57,200",2026/07/28
2704,2704,4521,科研製薬(株),東証PRM,"3,910",-5,-0.13,"100,000",2026/07/28
2705,2705,493A,One ETF 日本国債 1-3年,東証ETF,998.7,-1.3,-0.13,50,2026/07/28
2706,2706,7562,(株)安楽亭,東証STD,"3,780",-5,-0.13,"1,500",2026/07/28
2707,2707,9534,北海道ガス(株),東証PRM,783,-1,-0.13,"134,100",2026/07/28
2708,2708,9644,(株)タナベコンサルティンググループ,東証PRM,766,-1,-0.13,"26,100",2026/07/28
2709,2709,1496,iシェアーズ 米ドル建て投資適格社債ETF(H有),東証ETF,"1,635",-2,-0.12,"18,539",2026/07/28
2710,2710,1788,(株)三東工業社,東証STD,"4,200",-5,-0.12,"1,300",2026/07/28
2711,2711,2301,(株)学情,東証PRM,"1,644",-2,-0.12,"66,900",2026/07/28
2712,2712,2937,(株)サンクゼール,東証GRT,"1,717",-2,-0.12,"2,900",2026/07/28
2713,2713,5184,(株)ニチリン,東証STD,"4,100",-5,-0.12,"13,500",2026/07/28
2714,2714,8005,(株)スクロール,東証PRM,"1,714",-2,-0.12,"84,400",2026/07/28
2715,2715,1717,明豊ファシリティワークス(株),東証STD,944,-1,-0.11,"5,400",2026/07/28
2716,2716,1771,日本乾溜工業(株),福証,944,-1,-0.11,800,2026/07/28
2717,2717,2153,Ｅ・Ｊホールディングス(株),東証PRM,"1,762",-2,-0.11,"44,100",2026/07/28
2718,2718,2186,ソーバル(株),東証STD,915,-1,-0.11,"3,600",2026/07/28
2719,2719,2267,(株)ヤクルト本社,東証PRM,"2,812.5",-3,-0.11,"850,600",2026/07/28
2720,2720,25935,(株)伊藤園第1種優先株式,東証PRM,"1,791",-2,-0.11,"26,600",2026/07/28
2721,2721,2653,イオン九州(株),東証STD,"2,845",-3,-0.11,"26,200",2026/07/28
2722,2722,2844,上場インデックスファンド豪州国債(H無),東証ETF,"5,695",-6,-0.11,376,2026/07/28
2723,2723,2852,iシェアーズ グリーンJリート,東証ETF,184.5,-0.2,-0.11,"50,610",2026/07/28
2724,2724,334A,(株)ビジュアル・プロセッシング・ジャパン,東証GRT,911,-1,-0.11,400,2026/07/28
2725,2725,4341,西菱電機(株),東証STD,872,-1,-0.11,900,2026/07/28
2726,2726,488A,iシェアーズ 円高フォーカス ETF,東証ETF,747.6,-0.8,-0.11,"21,690",2026/07/28
2727,2727,5185,(株)フコク,東証PRM,"1,863",-2,-0.11,"51,900",2026/07/28
2728,2728,5941,(株)中西製作所,東証STD,"2,664",-3,-0.11,900,2026/07/28
2729,2729,5959,岡部(株),東証PRM,924,-1,-0.11,"59,200",2026/07/28
2730,2730,6744,能美防災(株),東証PRM,"4,405",-5,-0.11,"79,700",2026/07/28
2731,2731,7362,(株)Ｔ．Ｓ．Ｉ,東証GRT,886,-1,-0.11,"1,000",2026/07/28
2732,2732,7447,ナガイレーベン(株),東証PRM,"1,790",-2,-0.11,"54,100",2026/07/28
2733,2733,8766,東京海上ホールディングス(株),東証PRM,"8,234",-9,-0.11,"4,666,200",2026/07/28
2734,2734,9330,(株)揚羽,東証GRT,874,-1,-0.11,"1,400",2026/07/28
2735,2735,9780,(株)ハリマビステム,東証STD,927,-1,-0.11,"2,800",2026/07/28
2736,2736,1488,iFreeETF 東証REIT指数,東証ETF,"1,946",-2,-0.1,"399,283",2026/07/28
2737,2737,1546,(NEXT FUNDS)ダウ･ジョーンズ工業株30種(H無),東証ETF,"83,760",-80,-0.1,"1,185",2026/07/28
2738,2738,1597,MAXIS Jリート上場投信,東証ETF,"1,942",-2,-0.1,"314,973",2026/07/28
2739,2739,2073,スマート ESG30 低カーボンリスク(ネットリターン)ETN,東証ETF,"15,480",-15,-0.1,1,2026/07/28
2740,2740,2708,(株)久世,東証STD,"1,983",-2,-0.1,"2,100",2026/07/28
2741,2741,3140,ＢＲＵＮＯ(株),東証GRT,"1,004",-1,-0.1,"8,200",2026/07/28
2742,2742,3459,サムティ・レジデンシャル投資法人,東証,"95,600",-100,-0.1,"1,554",2026/07/28
2743,2743,3920,アイビーシー(株),東証STD,998,-1,-0.1,500,2026/07/28
2744,2744,5075,アップコン(株),名証NXT,"1,020",-1,-0.1,"1,300",2026/07/28
2745,2745,515A,iシェアーズ 高格付け日本円社債 ETF,東証ETF,502,-0.5,-0.1,210,2026/07/28
2746,2746,5868,(株)ロココ,東証STD,953,-1,-0.1,"5,300",2026/07/28
2747,2747,6158,(株)和井田製作所,東証STD,978,-1,-0.1,"1,800",2026/07/28
2748,2748,7077,(株)ＡＬｉＮＫインターネット,東証GRT,"1,008",-1,-0.1,600,2026/07/28
2749,2749,8955,日本プライムリアルティ投資法人,東証,"98,700",-100,-0.1,"8,853",2026/07/28
2750,2750,1566,上場インデックスファンド新興国債券,東証ETF,"54,110",-50,-0.09,240,2026/07/28
2751,2751,1656,iシェアーズ･コア 米国債7-10年 ETF,東証ETF,319,-0.3,-0.09,"129,280",2026/07/28
2752,2752,2009,鳥越製粉(株),東証STD,"1,087",-1,-0.09,"14,300",2026/07/28
2753,2753,258A,SMT ETF国内リート厳選投資アクティブ,東証ETF,"2,162",-2,-0.09,78,2026/07/28
2754,2754,3418,(株)バルニバービ,東証GRT,"1,139",-1,-0.09,"40,500",2026/07/28
2755,2755,4335,ＩＰＳホールディングス(株),東証STD,"1,105",-1,-0.09,"1,200",2026/07/28
2756,2756,453A,iシェアーズ 米国債20年超プレミアムインカム,東証ETF,794.2,-0.7,-0.09,"53,140",2026/07/28
2757,2757,566A,iFreeETF ブルームバーグ日本株(除く金融)高配当50,東証ETF,"2,248",-2,-0.09,141,2026/07/28
2758,2758,7554,(株)幸楽苑,東証PRM,"1,148",-1,-0.09,"41,800",2026/07/28
2759,2759,7670,オーウエル(株),東証STD,"1,065",-1,-0.09,"2,900",2026/07/28
2760,2760,7984,コクヨ(株),東証PRM,882.3,-0.8,-0.09,"1,048,400",2026/07/28
2761,2761,1398,SMDAM 東証REIT指数上場投信,東証ETF,"1,936",-1.5,-0.08,"74,030",2026/07/28
2762,2762,1677,上場インデックスファンド海外債券毎月分配,東証ETF,"61,230",-50,-0.08,120,2026/07/28
2763,2763,2082,投資家経営者一心同体ETF,東証ETF,"1,229",-1,-0.08,17,2026/07/28
2764,2764,2180,(株)サニーサイドアップグループ,東証STD,"1,307",-1,-0.08,"2,100",2026/07/28
2765,2765,2837,GX 中小型リーダーズ-日本株式,東証ETF,"4,722",-4,-0.08,"28,174",2026/07/28
2766,2766,3434,(株)アルファ,東証STD,"1,223",-1,-0.08,"6,900",2026/07/28
2767,2767,3544,サツドラホールディングス(株),東証STD,"1,257",-1,-0.08,"56,700",2026/07/28
2768,2768,4362,日本精化(株),東証PRM,"2,648",-2,-0.08,"25,300",2026/07/28
2769,2769,4569,杏林製薬(株),東証PRM,"1,182",-1,-0.08,"103,400",2026/07/28
2770,2770,5869,(株)早稲田学習研究会,東証STD,"1,230",-1,-0.08,"3,900",2026/07/28
2771,2771,5945,天龍製鋸(株),東証STD,"2,491",-2,-0.08,500,2026/07/28
2772,2772,5949,ユニプレス(株),東証PRM,"1,305",-1,-0.08,"110,000",2026/07/28
2773,2773,6239,(株)ナガオカ,東証STD,"1,299",-1,-0.08,"5,000",2026/07/28
2774,2774,9302,三井倉庫ホールディングス(株),東証PRM,"3,662",-3,-0.08,"179,400",2026/07/28
2775,2775,9543,静岡ガス(株),東証PRM,"1,279",-1,-0.08,"119,600",2026/07/28
2776,2776,9763,丸建リース(株),東証STD,"1,260",-1,-0.08,"16,000",2026/07/28
2777,2777,173A,(株)ハンモック,東証GRT,"1,519",-1,-0.07,"6,600",2026/07/28
2778,2778,1832,(株)北海電工,札証,"1,356",-1,-0.07,"3,600",2026/07/28
2779,2779,2018,GX US REIT・トップ20,東証ETF,"1,383",-1,-0.07,"10,430",2026/07/28
2780,2780,2649,iシェアーズ 米国政府系機関ジニーメイMBS(H有),東証ETF,577.6,-0.4,-0.07,"5,690",2026/07/28
2781,2781,2918,わらべや日洋ホールディングス(株),東証PRM,"2,833",-2,-0.07,"93,000",2026/07/28
2782,2782,4812,(株)電通総研,東証PRM,"2,708",-2,-0.07,"639,600",2026/07/28
2783,2783,5444,大和工業(株),東証PRM,"13,385",-10,-0.07,"212,200",2026/07/28
2784,2784,7094,(株)ＮｅｘＴｏｎｅ,東証GRT,"1,419",-1,-0.07,"38,100",2026/07/28
2785,2785,7097,(株)さくらさくプラス,東証GRT,"2,994",-2,-0.07,"11,100",2026/07/28
2786,2786,1882,東亜道路工業(株),東証PRM,"1,634",-1,-0.06,"260,200",2026/07/28
2787,2787,7673,ダイコー通産(株),東証STD,"1,631",-1,-0.06,300,2026/07/28
2788,2788,7780,(株)メニコン,東証PRM,"1,764",-1,-0.06,"222,000",2026/07/28
2789,2789,8086,ニプロ(株),東証PRM,"1,627",-1,-0.06,"568,400",2026/07/28
2790,2790,3931,(株)バリューゴルフ,東証GRT,"1,878",-1,-0.05,"7,300",2026/07/28
2791,2791,5105,ＴＯＹＯ　ＴＩＲＥ(株),東証PRM,"4,157",-2,-0.05,"539,600",2026/07/28
2792,2792,516A,iFreeETF 米ドル・ブル(1倍),東証ETF,"2,130",-1,-0.05,8,2026/07/28
2793,2793,6465,ホシザキ(株),東証PRM,"5,703",-3,-0.05,"433,100",2026/07/28
2794,2794,7811,中本パックス(株),東証STD,"1,911",-1,-0.05,"19,500",2026/07/28
2795,2795,8089,ナイス(株),東証STD,"1,909",-1,-0.05,"4,100",2026/07/28
2796,2796,94345,ソフトバンク(株)第1回社債型種類株式,東証PRM,"3,795",-2,-0.05,"2,400",2026/07/28
2797,2797,9928,(株)ミロク情報サービス,東証PRM,"1,833",-1,-0.05,"31,900",2026/07/28
2798,2798,2292,Ｓ　ＦＯＯＤＳ(株),東証PRM,"2,836",-1,-0.04,"161,800",2026/07/28
2799,2799,2519,(NEXT FUNDS)新興国債券･J.P.M･EM･プラス(H無),東証ETF,"1,232",-0.5,-0.04,"4,630",2026/07/28
2800,2800,572A,iシェアーズ 日本国債3-7年,東証ETF,502.2,-0.2,-0.04,10,2026/07/28
2801,2801,573A,iシェアーズ 日本国債20年超,東証ETF,495.7,-0.2,-0.04,"7,860",2026/07/28
2802,2802,6150,タケダ機械(株),東証STD,"2,781",-1,-0.04,900,2026/07/28
2803,2803,1349,ABF 汎アジア債券インデックス･ファンド,東証ETF,"17,880",-5,-0.03,6,2026/07/28
2804,2804,2554,(NEXT FUNDS)米国投資適格社債(1-10年)(H有),東証ETF,747.8,-0.2,-0.03,90,2026/07/28
2805,2805,570A,iシェアーズ 日本国債0-1年,東証ETF,901.3,-0.3,-0.03,140,2026/07/28
2806,2806,2510,(NEXT FUNDS)国内債券・NOMURA-BPI総合,東証ETF,807.7,-0.2,-0.02,"69,250",2026/07/28
2807,2807,2856,iシェアーズ 米国債3-7年 ETF(H有),東証ETF,647.5,-0.1,-0.02,"74,370",2026/07/28
2808,2808,502A,GX 超短期円建て債券,東証ETF,900.4,-0.1,-0.01,"5,680",2026/07/28
