順位(全市場),順位,コード,銘柄名,市場,現在値,前日比,騰落率(%),出来高,時刻
1,1,538A,NZAM 上場投信 米国国債7-10年(H無),東証ETF,"9,433","+4,000",73.62,6,2026/09/25
2,2,627A,ａｋｉｐｐａ(株),東証STD,"1,637",+300,22.44,"27,485,000",2026/09/25
3,3,4935,(株)リベルタ,東証STD,174,+30,20.83,"5,281,300",2026/09/25
4,4,7883,サンメッセ(株),東証STD,485,+80,19.75,"322,200",2026/09/25
5,5,6904,原田工業(株),東証STD,885,+136,18.16,"730,200",2026/09/25
6,6,4967,小林製薬(株),東証PRM,"6,885","+1,000",16.99,"236,200",2026/09/25
7,7,3803,イメージ情報開発(株),東証GRT,707,+100,16.47,"153,800",2026/09/25
8,8,3905,データセクション(株),東証GRT,"2,077",+270,14.94,"22,040,900",2026/09/25
9,9,410A,ＧＭＯコマース(株),東証GRT,"1,280",+152,13.48,"234,500",2026/09/25
10,10,2134,北浜キャピタルパートナーズ(株),東証STD,19,+2,11.76,"6,320,000",2026/09/25
11,11,6877,ＯＢＡＲＡ　ＧＲＯＵＰ(株),東証STD,"5,930",+620,11.68,"208,800",2026/09/25
12,12,8247,(株)大和,東証STD,370,+38,11.45,"153,000",2026/09/25
13,13,7256,河西工業(株),東証STD,565,+50,9.71,"938,800",2026/09/25
14,14,556A,犬猫生活(株),東証GRT,"2,900",+250,9.43,"109,400",2026/09/25
15,15,2737,(株)トーメンデバイス,東証PRM,"43,700","+3,750",9.39,"259,600",2026/09/25
16,16,7826,(株)フルヤ金属,東証PRM,"11,700","+1,000",9.35,"762,400",2026/09/25
17,17,6277,ホソカワミクロン(株),東証PRM,"6,680",+550,8.97,"219,300",2026/09/25
18,18,1783,(株)ｆａｎｔａｓｉｓｔａ,東証STD,74,+6,8.82,"3,370,400",2026/09/25
19,19,7322,(株)三十三フィナンシャルグループ,東証PRM,"2,238",+181,8.8,"760,400",2026/09/25
20,20,5256,(株)Ｆｕｓｉｃ,東証GRT,"3,535",+285,8.77,"38,000",2026/09/25
21,21,8338,(株)筑波銀行,東証PRM,788,+62,8.54,"3,509,400",2026/09/25
22,22,8346,(株)東邦銀行,東証PRM,"1,097",+86,8.51,"1,951,900",2026/09/25
23,23,7389,(株)あいちフィナンシャルグループ,東証PRM,"2,066",+161,8.45,"1,715,500",2026/09/25
24,24,8344,(株)山形銀行,東証PRM,"5,680",+440,8.4,"324,900",2026/09/25
25,25,4716,日本オラクル(株),東証STD,"9,890",+745,8.15,"928,400",2026/09/25
26,26,8551,(株)北日本銀行,東証PRM,"9,060",+680,8.11,"67,800",2026/09/25
27,27,8343,(株)秋田銀行,東証PRM,"10,250",+760,8.01,"263,200",2026/09/25
28,28,8550,(株)栃木銀行,東証PRM,"1,208",+89,7.95,"1,429,100",2026/09/25
29,29,8388,(株)阿波銀行,東証PRM,"11,040",+810,7.92,"206,400",2026/09/25
30,30,4120,スガイ化学工業(株),東証STD,"3,110",+228,7.91,"3,100",2026/09/25
31,31,4840,(株)トライアイズ,東証STD,762,+53,7.48,"296,100",2026/09/25
32,32,7950,日本デコラックス(株),名証MN,"9,990",+690,7.42,100,2026/09/25
33,33,8393,(株)宮崎銀行,東証PRM,"2,955",+201,7.3,"577,800",2026/09/25
34,34,2778,パレモ・ホールディングス(株),東証STD,121,+8,7.08,"212,600",2026/09/25
35,35,8334,(株)群馬銀行,東証PRM,"3,208",+207,6.9,"2,281,600",2026/09/25
36,36,319A,(株)技術承継機構,東証GRT,"21,460","+1,380",6.87,"60,100",2026/09/25
37,37,3070,(株)ジェリービーンズグループ,東証GRT,47,+3,6.82,"1,800,400",2026/09/25
38,38,8541,(株)愛媛銀行,東証PRM,"3,700",+230,6.63,"413,100",2026/09/25
39,39,8345,(株)岩手銀行,東証PRM,"2,907",+168,6.13,"645,200",2026/09/25
40,40,7180,(株)九州フィナンシャルグループ,東証PRM,"1,745",+100,6.08,"2,169,300",2026/09/25
41,41,8387,(株)四国銀行,東証PRM,"4,635",+265,6.06,"604,400",2026/09/25
42,42,8544,(株)京葉銀行,東証PRM,"3,010",+172,6.06,"469,700",2026/09/25
43,43,7327,(株)第四北越フィナンシャルグループ,東証PRM,"2,855",+163,6.05,"1,911,900",2026/09/25
44,44,6301,コマツ,東証PRM,"7,640",+431,5.98,"5,019,500",2026/09/25
45,45,8368,(株)百五銀行,東証PRM,"2,606",+147,5.98,"1,088,500",2026/09/25
46,46,7161,(株)じもとホールディングス,東証STD,663,+37,5.91,"208,100",2026/09/25
47,47,8558,(株)東和銀行,東証PRM,"1,585",+88,5.88,"272,700",2026/09/25
48,48,8154,加賀電子(株),東証PRM,"5,420",+300,5.86,"298,500",2026/09/25
49,49,8364,(株)清水銀行,東証PRM,"3,280",+180,5.81,"51,500",2026/09/25
50,50,3625,テックファームホールディングス(株),東証GRT,719,+39,5.74,"27,800",2026/09/25
51,51,4387,(株)ＺＵＵ,東証GRT,610,+33,5.72,"13,000",2026/09/25
52,52,8366,(株)滋賀銀行,東証PRM,"3,020",+157,5.48,"750,100",2026/09/25
53,53,8377,(株)ほくほくフィナンシャルグループ,東証PRM,"8,815",+457,5.47,"698,600",2026/09/25
54,54,8392,(株)大分銀行,東証PRM,"3,280",+170,5.47,"224,800",2026/09/25
55,55,9244,(株)デジタリフト,東証GRT,"1,573",+81,5.43,"28,200",2026/09/25
56,56,1401,(株)エムビーエス,東証GRT,"1,449",+74,5.38,"29,100",2026/09/25
57,57,8395,(株)佐賀銀行,東証PRM,"7,080",+360,5.36,"78,500",2026/09/25
58,58,9304,澁澤倉庫(株),東証PRM,"2,259",+115,5.36,"237,300",2026/09/25
59,59,3131,シンデン・ハイテックス(株),東証STD,"7,950",+400,5.3,"77,300",2026/09/25
60,60,8362,(株)福井銀行,東証PRM,"8,180",+410,5.28,"286,700",2026/09/25
61,61,461A,MAXIS 日本株高配当SMART50,東証ETF,"2,731",+135,5.2,"31,592",2026/09/25
62,62,6943,ＮＫＫスイッチズ(株),東証STD,"6,100",+300,5.17,"2,000",2026/09/25
63,63,7380,(株)十六フィナンシャルグループ,東証PRM,"2,849",+140,5.17,"1,016,200",2026/09/25
64,64,7184,(株)富山第一銀行,東証PRM,"3,665",+180,5.16,"219,500",2026/09/25
65,65,7847,(株)グラファイトデザイン,東証STD,694,+34,5.15,"22,800",2026/09/25
66,66,3823,ＴＨＥ　ＷＨＹ　ＨＯＷ　ＤＯ　ＣＯＭＰＡＮＹ(株),東証STD,42,+2,5.0,"4,325,100",2026/09/25
67,67,8308,(株)りそなホールディングス,東証PRM,"2,540",+121,5.0,"8,871,400",2026/09/25
68,68,7173,(株)東京きらぼしフィナンシャルグループ,東証PRM,"1,787",+85,4.99,"1,719,200",2026/09/25
69,69,6081,アライドアーキテクツ(株),東証GRT,148,+7,4.96,"287,600",2026/09/25
70,70,367A,プリモグローバルホールディングス(株),東証STD,"2,886",+136,4.95,"72,600",2026/09/25
71,71,542A,(株)ビタブリッドジャパン,東証GRT,"1,123",+53,4.95,"28,100",2026/09/25
72,72,4875,メディシノバ,東証STD外国,425,+20,4.94,"681,100",2026/09/25
73,73,5838,楽天銀行(株),東証PRM,"6,394",+296,4.85,"1,532,700",2026/09/25
74,74,4588,オンコリスバイオファーマ(株),東証GRT,"6,280",+290,4.84,"1,654,000",2026/09/25
75,75,8035,東京エレクトロン(株),東証PRM,"56,520","+2,600",4.82,"3,653,300",2026/09/25
76,76,7746,岡本硝子(株),東証STD,851,+39,4.8,"5,104,800",2026/09/25
77,77,5831,(株)しずおかフィナンシャルグループ,東証PRM,"3,624",+164,4.74,"1,952,300",2026/09/25
78,78,7189,(株)西日本フィナンシャルホールディングス,東証PRM,"5,146",+233,4.74,"770,700",2026/09/25
79,79,6376,日機装(株),東証PRM,"3,650",+165,4.73,"471,900",2026/09/25
80,80,8361,(株)大垣共立銀行,東証PRM,"8,850",+400,4.73,"292,100",2026/09/25
81,81,5830,(株)いよぎんホールディングス,東証PRM,"3,917",+176,4.7,"1,412,900",2026/09/25
82,82,298A,ＧＶＡ　ＴＥＣＨ(株),東証GRT,337,+15,4.66,"9,500",2026/09/25
83,83,7182,(株)ゆうちょ銀行,東証PRM,"3,349",+149,4.66,"7,916,000",2026/09/25
84,84,8522,(株)名古屋銀行,東証PRM,"7,470",+330,4.62,"131,200",2026/09/25
85,85,8354,(株)ふくおかフィナンシャルグループ,東証PRM,"8,008",+349,4.56,"892,900",2026/09/25
86,86,8386,(株)百十四銀行,東証PRM,"3,245",+140,4.51,"312,600",2026/09/25
87,87,8714,(株)池田泉州ホールディングス,東証PRM,"1,139",+49,4.5,"1,654,700",2026/09/25
88,88,7350,(株)おきなわフィナンシャルグループ,東証PRM,"8,280",+350,4.41,"93,600",2026/09/25
89,89,8399,(株)琉球銀行,東証PRM,"3,430",+145,4.41,"252,900",2026/09/25
90,90,3034,クオールホールディングス(株),東証PRM,"2,448",+103,4.39,"195,300",2026/09/25
91,91,8360,(株)山梨中央銀行,東証PRM,"7,620",+320,4.38,"191,700",2026/09/25
92,92,4784,ＧＭＯインターネット(株),東証PRM,551,+23,4.36,"1,634,900",2026/09/25
93,93,8416,(株)高知銀行,東証STD,"1,172",+49,4.36,"49,000",2026/09/25
94,94,8713,フィデアホールディングス(株),東証PRM,"2,871",+120,4.36,"100,200",2026/09/25
95,95,8524,(株)北洋銀行,東証PRM,"1,375",+57,4.32,"1,558,100",2026/09/25
96,96,8359,(株)八十二長野銀行,東証PRM,"2,840",+117,4.3,"1,617,600",2026/09/25
97,97,4746,(株)東計電算,東証STD,"7,540",+310,4.29,"49,700",2026/09/25
98,98,7384,(株)プロクレアホールディングス,東証PRM,"5,630",+230,4.26,"172,000",2026/09/25
99,99,9976,(株)セキチュー,東証STD,"1,200",+49,4.26,"4,500",2026/09/25
100,100,4062,イビデン(株),東証PRM,"23,345",+940,4.2,"11,458,500",2026/09/25
101,101,6638,(株)ミマキエンジニアリング,東証PRM,"2,242",+90,4.18,"150,600",2026/09/25
102,102,8411,(株)みずほフィナンシャルグループ,東証PRM,"8,626",+346,4.18,"10,570,300",2026/09/25
103,103,3664,(株)ＷＩＺＥ,東証GRT,25,+1,4.17,"44,543,700",2026/09/25
104,104,1447,ＳＡＡＦホールディングス(株),東証GRT,327,+13,4.14,"183,700",2026/09/25
105,105,8367,(株)南都銀行,東証PRM,"2,088",+83,4.14,"486,100",2026/09/25
106,106,4241,(株)アテクト,東証STD,756,+30,4.13,"35,100",2026/09/25
107,107,8337,(株)千葉興業銀行,東証PRM,"2,777",+110,4.12,"181,300",2026/09/25
108,108,3769,ＧＭＯペイメントゲートウェイ(株),東証PRM,"9,087",+359,4.11,"428,200",2026/09/25
109,109,395A,業界改革厳選ETF地銀,東証ETF,"1,121",+44,4.09,"81,840",2026/09/25
110,110,6740,(株)ジャパンディスプレイ,東証PRM,51,+2,4.08,"22,102,700",2026/09/25
111,111,9271,(株)和心,東証GRT,952,+37,4.04,"11,900",2026/09/25
112,112,8537,(株)大光銀行,東証STD,"3,360",+130,4.02,"31,000",2026/09/25
113,113,4889,(株)レナサイエンス,東証GRT,"1,218",+47,4.01,"482,800",2026/09/25
114,114,7167,(株)めぶきフィナンシャルグループ,東証PRM,"1,729.5",+66.5,4.0,"3,463,800",2026/09/25
115,115,7186,(株)横浜フィナンシャルグループ,東証PRM,"1,930.5",+74,3.99,"4,637,200",2026/09/25
116,116,8306,(株)三菱ＵＦＪフィナンシャル・グループ,東証PRM,"3,714",+141,3.95,"47,407,500",2026/09/25
117,117,3177,(株)ありがとうサービス,東証STD,"4,750",+180,3.94,"2,400",2026/09/25
118,118,8600,トモニホールディングス(株),東証PRM,"1,226",+46,3.9,"889,700",2026/09/25
119,119,5832,(株)ちゅうぎんフィナンシャルグループ,東証PRM,"3,794",+142,3.89,"632,600",2026/09/25
120,120,2629,iFree グレーターベイエリア・イノベーション100,東証ETF,"4,889",+182,3.87,"251,930",2026/09/25
121,121,221A,MAXIS 日経半導体株上場投信,東証ETF,"1,160",+43,3.85,"54,820",2026/09/25
122,122,9310,日本トランスシティ(株),東証PRM,"1,462",+54,3.84,"96,700",2026/09/25
123,123,8336,(株)武蔵野銀行,東証PRM,"2,957",+109,3.83,"286,200",2026/09/25
124,124,1480,(NEXT FUNDS)野村企業価値分配指数上場投信,東証ETF,"40,850","+1,490",3.79,7,2026/09/25
125,125,6178,日本郵政(株),東証PRM,"2,579",+94,3.78,"5,531,300",2026/09/25
126,126,8331,(株)千葉銀行,東証PRM,"2,834.5",+102.5,3.75,"3,392,700",2026/09/25
127,127,7021,(株)ニッチツ,東証STD,"2,489",+89,3.71,"4,200",2026/09/25
128,128,186A,(株)アストロスケールホールディングス,東証GRT,"1,234",+44,3.7,"3,941,400",2026/09/25
129,129,1615,(NEXT FUNDS)東証銀行業株価指数連動型上場投信,東証ETF,780.7,+27.7,3.68,"4,461,830",2026/09/25
130,130,4256,(株)サインド,東証GRT,"1,183",+42,3.68,"7,600",2026/09/25
131,131,5532,(株)リアルゲイト,東証GRT,"3,675",+130,3.67,"60,300",2026/09/25
132,132,7337,(株)ひろぎんホールディングス,東証PRM,"2,470",+87.5,3.67,"762,000",2026/09/25
133,133,9408,(株)ＢＳＮメディアホールディングス,東証STD,"2,798",+99,3.67,200,2026/09/25
134,134,5136,ｔｒｉｐｌａ(株),東証GRT,"2,410",+85,3.66,"122,600",2026/09/25
135,135,8370,(株)紀陽銀行,東証PRM,"5,390",+190,3.65,"183,800",2026/09/25
136,136,5121,藤倉コンポジット(株),東証PRM,"3,000",+105,3.63,"284,800",2026/09/25
137,137,6508,(株)明電舎,東証PRM,"11,460",+400,3.62,"245,800",2026/09/25
138,138,7521,(株)ムサシ,東証STD,"2,779",+97,3.62,"4,800",2026/09/25
139,139,8304,(株)あおぞら銀行,東証PRM,"3,526",+123,3.61,"1,188,200",2026/09/25
140,140,7567,(株)栄電子,東証STD,633,+22,3.6,"25,800",2026/09/25
141,141,8316,(株)三井住友フィナンシャルグループ,東証PRM,"6,919",+240,3.59,"14,825,600",2026/09/25
142,142,4582,シンバイオ製薬(株),東証GRT,58,+2,3.57,"977,500",2026/09/25
143,143,7721,東京計器(株),東証PRM,"7,580",+260,3.55,"348,500",2026/09/25
144,144,8341,(株)七十七銀行,東証PRM,"4,197",+144,3.55,"1,008,600",2026/09/25
145,145,5125,(株)ファインズ,東証GRT,526,+18,3.54,"4,500",2026/09/25
146,146,1773,ＹＴＬ,東証PRM外国,88,+3,3.53,"57,000",2026/09/25
147,147,7524,マルシェ(株),東証STD,177,+6,3.51,"47,000",2026/09/25
148,148,8418,(株)山口フィナンシャルグループ,東証PRM,"3,550",+120,3.5,"643,700",2026/09/25
149,149,1631,(NEXT FUNDS)銀行上場投信,東証ETF,"42,100","+1,420",3.49,"13,681",2026/09/25
150,150,3374,内外テック(株),東証STD,"4,600",+155,3.49,"51,300",2026/09/25
151,151,7372,(株)デコルテ・ホールディングス,東証GRT,416,+14,3.48,"13,500",2026/09/25
152,152,7381,(株)ＣＣＩグループ,東証PRM,"1,370",+46,3.47,"558,900",2026/09/25
153,153,1684,WisdomTree ブロード上場投信,東証ETF,"2,849.5",+94.5,3.43,250,2026/09/25
154,154,7634,(株)星医療酸器,東証STD,"5,430",+180,3.43,800,2026/09/25
155,155,4674,(株)クレスコ,東証PRM,"1,904",+63,3.42,"163,900",2026/09/25
156,156,6727,(株)ワコム,東証PRM,880,+29,3.41,"1,164,500",2026/09/25
157,157,9265,ヤマシタヘルスケアホールディングス(株),東証STD,"3,790",+125,3.41,"11,100",2026/09/25
158,158,3103,ユニチカ(株),東証STD,"1,520",+50,3.4,"4,439,200",2026/09/25
159,159,6490,(株)ＰＩＬＬＡＲ,東証PRM,"10,350",+340,3.4,"132,800",2026/09/25
160,160,8383,(株)鳥取銀行,東証STD,"1,976",+65,3.4,"30,400",2026/09/25
161,161,8562,(株)福島銀行,東証STD,398,+13,3.38,"222,300",2026/09/25
162,162,4592,サンバイオ(株),東証GRT,951,+31,3.37,"544,000",2026/09/25
163,163,9274,ＫＰＰグループホールディングス(株),東証PRM,"1,176",+38,3.34,"634,700",2026/09/25
164,164,2388,(株)ウェッジホールディングス,東証GRT,31,+1,3.33,"99,700",2026/09/25
165,165,2586,(株)フルッタフルッタ,東証GRT,62,+2,3.33,"1,138,500",2026/09/25
166,166,7735,(株)ＳＣＲＥＥＮホールディングス,東証PRM,"13,740",+440,3.31,"1,966,100",2026/09/25
167,167,4997,日本農薬(株),東証PRM,"1,222",+39,3.3,"518,900",2026/09/25
168,168,6890,(株)フェローテック,東証STD,"10,640",+340,3.3,"1,029,000",2026/09/25
169,169,8381,(株)山陰合同銀行,東証PRM,"2,660",+85,3.3,"484,600",2026/09/25
170,170,4100,戸田工業(株),東証STD,"1,916",+61,3.29,"108,500",2026/09/25
171,171,7073,(株)ジェイック,東証GRT,"2,386",+76,3.29,"3,000",2026/09/25
172,172,6548,(株)旅工房,東証GRT,127,+4,3.25,"12,500",2026/09/25
173,173,315A,GX 銀行 高配当-日本株式,東証ETF,"1,977",+62,3.24,"117,965",2026/09/25
174,174,7510,(株)たけびし,東証PRM,"2,900",+91,3.24,"111,600",2026/09/25
175,175,8704,トレイダーズホールディングス(株),東証STD,"1,436",+45,3.24,"87,100",2026/09/25
176,176,6613,(株)ＱＤレーザ,東証GRT,"2,244",+69,3.17,"1,556,800",2026/09/25
177,177,7063,(株)Ｂｉｒｄｍａｎ,東証GRT,65,+2,3.17,"7,142,900",2026/09/25
178,178,9257,ＹＣＰホールディングス（グローバル）,東証GRT外国,522,+16,3.16,"1,800",2026/09/25
179,179,6971,京セラ(株),東証PRM,"3,764",+114,3.12,"4,078,000",2026/09/25
180,180,6481,ＴＨＫ(株),東証PRM,"6,429",+194,3.11,"822,700",2026/09/25
181,181,9308,乾汽船(株),東証STD,"2,428",+73,3.1,"230,200",2026/09/25
182,182,2531,宝ホールディングス(株),東証PRM,"2,672",+80,3.09,"762,100",2026/09/25
183,183,148A,(株)ハッチ・ワーク,東証GRT,"1,810",+54,3.08,"2,200",2026/09/25
184,184,6928,(株)エノモト,東証STD,"3,210",+95,3.05,"70,900",2026/09/25
185,185,4394,(株)エクスモーション,東証GRT,712,+21,3.04,"40,300",2026/09/25
186,186,6861,(株)キーエンス,東証PRM,"79,600","+2,330",3.02,"731,800",2026/09/25
187,187,7500,西川計測(株),東証STD,"10,610",+310,3.01,100,2026/09/25
188,188,206A,(株)ＰＲＩＳＭ　ＢｉｏＬａｂ,東証GRT,172,+5,2.99,"59,500",2026/09/25
189,189,4409,東邦化学工業(株),東証STD,826,+24,2.99,"16,900",2026/09/25
190,190,8137,サンワテクノス(株),東証PRM,"4,845",+140,2.98,"61,300",2026/09/25
191,191,6226,守谷輸送機工業(株),東証STD,"2,229",+64,2.96,"107,100",2026/09/25
192,192,4286,(株)ＣＬホールディングス,東証STD,"1,396",+40,2.95,"43,500",2026/09/25
193,193,9324,安田倉庫(株),東証PRM,"2,798",+80,2.94,"141,400",2026/09/25
194,194,8303,(株)ＳＢＩ新生銀行,東証PRM,"1,619",+46,2.92,"3,395,100",2026/09/25
195,195,1358,上場インデックス日経レバレッジ指数,東証ETF,"132,750","+3,750",2.91,"5,752",2026/09/25
196,196,6989,北陸電気工業(株),東証STD,"2,440",+69,2.91,"7,200",2026/09/25
197,197,4579,ラクオリア創薬(株),東証GRT,607,+17,2.88,"163,000",2026/09/25
198,198,4673,川崎地質(株),東証STD,"4,995",+140,2.88,"3,200",2026/09/25
199,199,604A,(株)ビーエイブル,東証STD,"1,502",+42,2.88,"1,219,100",2026/09/25
200,200,7357,(株)ジオコード,東証STD,"1,750",+49,2.88,"7,700",2026/09/25
201,201,7600,(株)日本エム・ディ・エム,東証PRM,679,+19,2.88,"258,200",2026/09/25
202,202,6857,(株)アドバンテスト,東証PRM,"34,000",+940,2.84,"7,899,800",2026/09/25
203,203,6920,レーザーテック(株),東証PRM,"40,910","+1,130",2.84,"2,941,000",2026/09/25
204,204,7760,ＩＭＶ(株),東証STD,"2,180",+60,2.83,"57,600",2026/09/25
205,205,462A,(株)ＦＵＮＤＩＮＮＯ,東証GRT,255,+7,2.82,"201,800",2026/09/25
206,206,7806,(株)ＭＴＧ,東証GRT,"8,400",+230,2.82,"199,400",2026/09/25
207,207,6337,(株)テセック,東証STD,"3,665",+100,2.81,"36,500",2026/09/25
208,208,6810,マクセル(株),東証PRM,"2,632",+72,2.81,"241,600",2026/09/25
209,209,3788,ＧＭＯグローバルサイン・ホールディングス(株),東証PRM,"2,059",+56,2.8,"39,600",2026/09/25
210,210,4206,アイカ工業(株),東証PRM,"4,367",+119,2.8,"328,900",2026/09/25
211,211,543A,ＡＲＣＨＩＯＮ(株),東証PRM,294,+8,2.8,"34,292,800",2026/09/25
212,212,8159,(株)立花エレテック,東証PRM,"4,410",+120,2.8,"59,000",2026/09/25
213,213,4552,ＪＣＲファーマ(株),東証PRM,515,+14,2.79,"410,900",2026/09/25
214,214,3267,(株)フィル・カンパニー,東証STD,628,+17,2.78,"20,100",2026/09/25
215,215,4772,(株)ＳＭ　ＥＮＴＥＲＴＡＩＮＭＥＮＴ　ＪＡＰＡＮ,東証GRT,74,+2,2.78,"220,100",2026/09/25
216,216,2483,(株)翻訳センター,東証STD,"2,280",+61,2.75,"6,000",2026/09/25
217,217,5334,日本特殊陶業(株),東証PRM,"7,621",+204,2.75,"1,387,500",2026/09/25
218,218,9562,ビジネスコーチ(株),東証GRT,711,+19,2.75,"16,300",2026/09/25
219,219,5844,(株)京都フィナンシャルグループ,東証PRM,"4,869",+129,2.72,"1,099,400",2026/09/25
220,220,4116,大日精化工業(株),東証PRM,"1,363",+36,2.71,"179,100",2026/09/25
221,221,7453,(株)良品計画,東証PRM,"4,050",+107,2.71,"3,156,500",2026/09/25
222,222,8151,(株)東陽テクニカ,東証PRM,"1,936",+51,2.71,"216,400",2026/09/25
223,223,1458,楽天 ETF-日経レバレッジ指数連動型,東証ETF,"83,070","+2,180",2.7,"108,448",2026/09/25
224,224,3946,(株)トーモク,東証PRM,"4,565",+120,2.7,"95,300",2026/09/25
225,225,7192,日本モーゲージサービス(株),東証STD,722,+19,2.7,"107,800",2026/09/25
226,226,8084,(株)ＲＹＯＤＥＮ,東証PRM,"4,950",+130,2.7,"43,600",2026/09/25
227,227,5026,(株)トリプルアイズ,東証GRT,611,+16,2.69,"34,000",2026/09/25
228,228,4356,応用技術(株),東証STD,"1,649",+43,2.68,"1,700",2026/09/25
229,229,157A,グリーンモンスター(株),東証GRT,769,+20,2.67,"6,800",2026/09/25
230,230,3036,アルコニックス(株),東証PRM,"3,460",+90,2.67,"111,500",2026/09/25
231,231,8439,東京センチュリー(株),東証PRM,"2,740.5",+71,2.66,"725,000",2026/09/25
232,232,1568,TOPIXブル2倍上場投信,東証ETF,"1,016",+26.2,2.65,"1,574,210",2026/09/25
233,233,348A,MAXIS 読売333日本株,東証ETF,299.9,+7.7,2.64,"26,130",2026/09/25
234,234,5368,日本インシュレーション(株),東証STD,"1,053",+27,2.63,"33,000",2026/09/25
235,235,6265,コンバム(株),東証STD,"3,315",+85,2.63,"1,800",2026/09/25
236,236,3173,(株)Ｃｏｍｉｎｉｘ,東証STD,"1,452",+37,2.61,"10,500",2026/09/25
237,237,4885,室町ケミカル(株),東証STD,906,+23,2.6,"17,700",2026/09/25
238,238,5195,バンドー化学(株),東証PRM,"2,527",+64,2.6,"98,500",2026/09/25
239,239,9997,(株)ベルーナ,東証PRM,"1,103",+28,2.6,"762,100",2026/09/25
240,240,7236,(株)ティラド,東証PRM,"1,544",+39,2.59,"484,300",2026/09/25
241,241,8697,(株)日本取引所グループ,東証PRM,"2,333",+59,2.59,"4,217,700",2026/09/25
242,242,6875,(株)メガチップス,東証PRM,"11,150",+280,2.58,"88,100",2026/09/25
243,243,8365,(株)富山銀行,東証STD,"2,422",+61,2.58,"12,400",2026/09/25
244,244,9027,(株)ロジネットジャパン,札証,"4,990",+125,2.57,700,2026/09/25
245,245,9369,(株)キユーソー流通システム,東証STD,"2,994",+75,2.57,"41,800",2026/09/25
246,246,2481,(株)タウンニュース社,東証STD,721,+18,2.56,"3,700",2026/09/25
247,247,5363,(株)ＴＹＫ,東証STD,725,+18,2.55,"100,900",2026/09/25
248,248,7181,(株)かんぽ生命保険,東証PRM,"1,828",+45.5,2.55,"1,849,500",2026/09/25
249,249,3321,ミタチ産業(株),東証STD,"1,855",+46,2.54,"44,500",2026/09/25
250,250,5981,東京製綱(株),東証PRM,"1,939",+48,2.54,"112,600",2026/09/25
251,251,6869,シスメックス(株),東証PRM,"1,901",+47,2.54,"2,739,000",2026/09/25
252,252,6981,(株)村田製作所,東証PRM,"8,022",+199,2.54,"22,514,600",2026/09/25
253,253,8398,(株)筑邦銀行,福証,"2,500",+62,2.54,"5,900",2026/09/25
254,254,6859,エスペック(株),東証PRM,"4,075",+100,2.52,"44,300",2026/09/25
255,255,6976,太陽誘電(株),東証PRM,"9,160",+225,2.52,"27,217,100",2026/09/25
256,256,8358,スルガ銀行(株),東証PRM,"2,891",+71,2.52,"841,600",2026/09/25
257,257,6523,ＰＨＣホールディングス(株),東証PRM,"1,430",+35,2.51,"682,100",2026/09/25
258,258,3845,(株)アイフリークモバイル,東証STD,328,+8,2.5,"104,200",2026/09/25
259,259,8601,(株)大和証券グループ本社,東証PRM,"1,845.5",+45,2.5,"5,862,700",2026/09/25
260,260,9651,日本プロセス(株),東証STD,"1,965",+48,2.5,"23,800",2026/09/25
261,261,4439,(株)東名,東証STD,829,+20,2.47,"13,300",2026/09/25
262,262,276A,ククレブ・アドバイザーズ(株),東証GRT,"4,375",+105,2.46,"21,600",2026/09/25
263,263,3422,(株)Ｊ－ＭＡＸ,東証STD,628,+15,2.45,"38,100",2026/09/25
264,264,4979,ＯＡＴアグリオ(株),東証STD,"2,932",+70,2.45,"23,200",2026/09/25
265,265,1579,日経平均ブル2倍上場投信,東証ETF,751,+17.8,2.43,"10,289,170",2026/09/25
266,266,247A,Ａｉロボティクス(株),東証GRT,"1,010",+24,2.43,"2,063,300",2026/09/25
267,267,3407,旭化成(株),東証PRM,"1,645.5",+39,2.43,"5,907,600",2026/09/25
268,268,9147,ＮＩＰＰＯＮ　ＥＸＰＲＥＳＳホールディングス(株),東証PRM,"5,793",+137,2.42,"1,020,900",2026/09/25
269,269,9658,(株)ビジネスブレイン太田昭和,東証PRM,"1,144",+27,2.42,"130,900",2026/09/25
270,270,2060,フィード・ワン(株),東証PRM,"1,489",+35,2.41,"206,200",2026/09/25
271,271,4395,(株)アクリート,東証GRT,595,+14,2.41,"51,700",2026/09/25
272,272,6728,(株)アルバック,東証PRM,"7,610",+179,2.41,"478,300",2026/09/25
273,273,6898,トミタ電機(株),東証STD,"4,895",+115,2.41,"1,600",2026/09/25
274,274,6149,(株)小田原エンジニアリング,東証STD,"2,260",+53,2.4,"13,000",2026/09/25
275,275,7856,萩原工業(株),東証PRM,"2,050",+48,2.4,"70,200",2026/09/25
276,276,1365,iFreeETF 日経平均レバレッジ・インデックス,東証ETF,"4,288",+100,2.39,"237,834",2026/09/25
277,277,5208,(株)有沢製作所,東証PRM,"2,785",+65,2.39,"213,600",2026/09/25
278,278,7552,(株)ハピネット,東証PRM,"4,290",+100,2.39,"315,700",2026/09/25
279,279,3176,三洋貿易(株),東証PRM,"1,163",+27,2.38,"476,600",2026/09/25
280,280,6177,ＡｐｐＢａｎｋ(株),東証GRT,86,+2,2.38,"251,800",2026/09/25
281,281,8795,(株)Ｔ＆Ｄホールディングス,東証PRM,"4,993",+116,2.38,"1,382,600",2026/09/25
282,282,4901,富士フイルムホールディングス(株),東証PRM,"3,449",+80,2.37,"4,392,100",2026/09/25
283,283,5025,(株)マーキュリー,東証GRT,604,+14,2.37,"1,600",2026/09/25
284,284,6264,(株)マルマエ,東証PRM,"1,940",+45,2.37,"383,900",2026/09/25
285,285,8309,三井住友トラストグループ(株),東証PRM,"1,801.5",+41.5,2.36,"9,345,100",2026/09/25
286,286,8604,野村ホールディングス(株),東証PRM,"1,586",+36.5,2.36,"9,617,000",2026/09/25
287,287,4471,三洋化成工業(株),東証PRM,"6,540",+150,2.35,"132,900",2026/09/25
288,288,6748,星和電機(株),東証STD,784,+18,2.35,"13,900",2026/09/25
289,289,2760,東京エレクトロン　デバイス(株),東証PRM,"4,610",+105,2.33,"192,200",2026/09/25
290,290,3984,(株)ユーザーローカル,東証PRM,"1,623",+37,2.33,"85,500",2026/09/25
291,291,6408,小倉クラッチ(株),東証STD,"4,400",+100,2.33,"1,500",2026/09/25
292,292,4119,(株)日本ピグメントホールディングス,東証STD,"6,170",+140,2.32,"1,300",2026/09/25
293,293,6466,(株)ＴＶＥ,東証STD,"4,190",+95,2.32,"10,900",2026/09/25
294,294,6497,(株)ハマイ,東証STD,"1,455",+33,2.32,"7,800",2026/09/25
295,295,6525,(株)ＫＯＫＵＳＡＩ　ＥＬＥＣＴＲＩＣ,東証PRM,"9,300",+211,2.32,"6,192,900",2026/09/25
296,296,7299,フジオーゼックス(株),東証STD,"1,849",+42,2.32,"5,800",2026/09/25
297,297,1570,(NEXT FUNDS)日経平均レバレッジ上場投信,東証ETF,"69,540","+1,570",2.31,"1,958,924",2026/09/25
298,298,3261,(株)グランディーズ,東証GRT,442,+10,2.31,"7,700",2026/09/25
299,299,5034,(株)ｕｎｅｒｒｙ,東証GRT,"2,476",+56,2.31,"18,300",2026/09/25
300,300,4444,(株)インフォネット,東証GRT,980,+22,2.3,"1,800",2026/09/25
301,301,6103,オークマ(株),東証PRM,"4,665",+105,2.3,"339,000",2026/09/25
302,302,9962,(株)ミスミグループ本社,東証PRM,"3,919",+88,2.3,"2,142,200",2026/09/25
303,303,9212,Ｇｒｅｅｎ　Ｅａｒｔｈ　Ｉｎｓｔｉｔｕｔｅ(株),東証STD,313,+7,2.29,"557,700",2026/09/25
304,304,1367,iFreeETF TOPIXレバレッジ(2倍)指数,東証ETF,"3,138",+70,2.28,"45,440",2026/09/25
305,305,2929,(株)ファーマフーズ,東証PRM,718,+16,2.28,"329,300",2026/09/25
306,306,3156,(株)レスター,東証PRM,"6,280",+140,2.28,"135,700",2026/09/25
307,307,4228,積水化成品工業(株),東証PRM,629,+14,2.28,"179,600",2026/09/25
308,308,4385,(株)メルカリ,東証PRM,"3,635",+81,2.28,"2,312,400",2026/09/25
309,309,7745,(株)Ａ＆Ｄホロンホールディングス,東証PRM,"3,010",+67,2.28,"99,600",2026/09/25
310,310,268A,リガク・ホールディングス(株),東証PRM,"1,668",+37,2.27,"1,991,200",2026/09/25
311,311,6918,(株)アバールデータ,東証STD,"4,060",+90,2.27,"62,500",2026/09/25
312,312,4736,日本ラッド(株),東証STD,589,+13,2.26,"3,500",2026/09/25
313,313,534A,NZAM 上場投信 NASDAQ100(H無),東証ETF,"2,489",+55,2.26,72,2026/09/25
314,314,9536,西部ガスホールディングス(株),東証PRM,"2,664",+59,2.26,"206,800",2026/09/25
315,315,346A,(NEXT FUNDS) S&P500 半導体・半導体製造装置35%,東証ETF,"5,276",+116,2.25,"6,272",2026/09/25
316,316,4572,カルナバイオサイエンス(株),東証GRT,455,+10,2.25,"79,000",2026/09/25
317,317,4620,藤倉化成(株),東証STD,"1,093",+24,2.25,"167,300",2026/09/25
318,318,1866,北野建設(株),東証STD,"1,141",+25,2.24,"20,600",2026/09/25
319,319,3878,(株)巴川コーポレーション,東証STD,866,+19,2.24,"31,900",2026/09/25
320,320,4008,住友精化(株),東証PRM,"1,555",+34,2.24,"213,500",2026/09/25
321,321,5122,オカモト(株),東証PRM,"6,400",+140,2.24,"19,500",2026/09/25
322,322,5726,(株)大阪チタニウムテクノロジーズ,東証PRM,"2,462",+54,2.24,"421,900",2026/09/25
323,323,8066,三谷商事(株),東証STD,"3,655",+80,2.24,"23,100",2026/09/25
324,324,246A,(株)アスア,東証GRT,"1,102",+24,2.23,"3,600",2026/09/25
325,325,2961,日本調理機(株),東証STD,"1,514",+33,2.23,700,2026/09/25
326,326,6863,(株)ニレコ,東証STD,"1,145",+25,2.23,"120,200",2026/09/25
327,327,7729,(株)東京精密,東証PRM,"17,675",+385,2.23,"318,500",2026/09/25
328,328,9253,スローガン(株),東証GRT,779,+17,2.23,"5,100",2026/09/25
329,329,7480,スズデン(株),東証STD,"3,685",+80,2.22,"59,300",2026/09/25
330,330,4415,(株)ブロードエンタープライズ,東証GRT,"1,436",+31,2.21,"10,300",2026/09/25
331,331,546A,ＭＩＲＡＩＮＩホールディングス(株),東証PRM,"2,642",+57,2.21,"345,600",2026/09/25
332,332,285A,キオクシアホールディングス(株),東証PRM,"55,780","+1,200",2.2,"21,757,800",2026/09/25
333,333,8995,(株)誠建設工業,東証STD,"1,951",+42,2.2,"93,700",2026/09/25
334,334,3935,(株)エディア,東証STD,748,+16,2.19,"50,300",2026/09/25
335,335,4220,リケンテクノス(株),東証PRM,"2,426",+52,2.19,"348,200",2026/09/25
336,336,7762,シチズン時計(株),東証PRM,"2,429",+52,2.19,"1,066,400",2026/09/25
337,337,3934,(株)ベネフィットジャパン,東証STD,"2,345",+50,2.18,"1,200",2026/09/25
338,338,5035,ＨＯＵＳＥＩ(株),東証GRT,375,+8,2.18,"7,900",2026/09/25
339,339,540A,上場インデックスファンド日経銀行株トップ10,東証ETF,"2,061",+44,2.18,"98,828",2026/09/25
340,340,3445,(株)ＲＳ　Ｔｅｃｈｎｏｌｏｇｉｅｓ,東証PRM,"6,120",+130,2.17,"165,100",2026/09/25
341,341,9355,(株)リンコーコーポレーション,東証STD,"2,258",+48,2.17,300,2026/09/25
342,342,9830,トラスコ中山(株),東証PRM,"2,448",+52,2.17,"124,500",2026/09/25
343,343,6323,ローツェ(株),東証PRM,"3,786",+80,2.16,"1,089,600",2026/09/25
344,344,4382,ＨＥＲＯＺ(株),東証STD,856,+18,2.15,"172,800",2026/09/25
345,345,9880,イノテック(株),東証PRM,"3,565",+75,2.15,"102,800",2026/09/25
346,346,2413,エムスリー(株),東証PRM,"1,767.5",+37,2.14,"3,600,500",2026/09/25
347,347,4436,(株)ミンカブ・ジ・インフォノイド,東証GRT,715,+15,2.14,"3,270,500",2026/09/25
348,348,6101,(株)ツガミ,東証PRM,"5,260",+110,2.14,"190,400",2026/09/25
349,349,8616,東海東京フィナンシャル・ホールディングス(株),東証PRM,906,+19,2.14,"1,052,400",2026/09/25
350,350,8729,ソニーフィナンシャルグループ(株),東証PRM,162.3,+3.4,2.14,"59,839,600",2026/09/25
351,351,2644,GX 半導体関連-日本株式,東証ETF,"4,047",+84,2.12,"414,287",2026/09/25
352,352,5576,(株)オービーシステム,東証STD,"3,130",+65,2.12,"3,600",2026/09/25
353,353,7952,(株)河合楽器製作所,東証PRM,"3,370",+70,2.12,"21,800",2026/09/25
354,354,213A,上場インデックスファンド日経半導体株,東証ETF,411.3,+8.5,2.11,"480,920",2026/09/25
355,355,7162,アストマックス(株),東証STD,291,+6,2.11,"27,600",2026/09/25
356,356,8103,明和産業(株),東証PRM,"1,018",+21,2.11,"314,200",2026/09/25
357,357,8157,都築電気(株),東証PRM,"4,360",+90,2.11,"70,600",2026/09/25
358,358,7369,(株)メイホーホールディングス,東証GRT,389,+8,2.1,"15,200",2026/09/25
359,359,7550,(株)ゼンショーホールディングス,東証PRM,"10,435",+215,2.1,"629,000",2026/09/25
360,360,6098,(株)リクルートホールディングス,東証PRM,"16,335",+335,2.09,"4,023,900",2026/09/25
361,361,8624,いちよし証券(株),東証PRM,"1,710",+35,2.09,"176,500",2026/09/25
362,362,9543,静岡ガス(株),東証PRM,"1,370",+28,2.09,"241,600",2026/09/25
363,363,6599,エブレン(株),東証STD,"4,420",+90,2.08,"25,400",2026/09/25
364,364,1961,三機工業(株),東証PRM,"2,570",+52,2.07,"514,200",2026/09/25
365,365,7715,長野計器(株),東証PRM,"4,185",+85,2.07,"66,800",2026/09/25
366,366,9312,ケイヒン(株),東証STD,"3,050",+62,2.07,"24,900",2026/09/25
367,367,5975,東プレ(株),東証PRM,"3,475",+70,2.06,"79,800",2026/09/25
368,368,6225,(株)エコム,名証MN,"1,981",+40,2.06,"17,100",2026/09/25
369,369,8050,セイコーグループ(株),東証PRM,"10,410",+210,2.06,"414,200",2026/09/25
370,370,9533,東邦ガス(株),東証PRM,"1,263",+25.5,2.06,"955,300",2026/09/25
371,371,2869,iFreeETF NASDAQ100レバレッジ,東証ETF,"3,134",+63,2.05,"193,314",2026/09/25
372,372,6418,日本金銭機械(株),東証PRM,"1,294",+26,2.05,"267,900",2026/09/25
373,373,8255,アクシアル　リテイリング(株),東証PRM,"1,343",+27,2.05,"306,800",2026/09/25
374,374,3985,テモナ(株),東証STD,200,+4,2.04,"15,600",2026/09/25
375,375,6469,(株)放電精密加工研究所,東証STD,"2,945",+59,2.04,"26,400",2026/09/25
376,376,7886,ヤマト　モビリティ　＆　Ｍｆｇ．(株),東証STD,599,+12,2.04,"8,400",2026/09/25
377,377,8609,(株)岡三証券グループ,東証PRM,"1,253",+25,2.04,"471,300",2026/09/25
378,378,2072,トップシェアインデックス(ネットリターン)ETN,東証ETF,"22,135",+440,2.03,3,2026/09/25
379,379,6405,鈴茂器工(株),東証STD,"1,265",+25,2.02,"38,100",2026/09/25
380,380,4189,ＫＨネオケム(株),東証PRM,"3,300",+65,2.01,"158,700",2026/09/25
381,381,6018,阪神内燃機工業(株),東証STD,"6,100",+120,2.01,"1,300",2026/09/25
382,382,6754,アンリツ(株),東証PRM,"3,400",+67,2.01,"1,180,800",2026/09/25
383,383,2972,サンケイリアルエステート投資法人,東証,"107,200","+2,100",2.0,"2,629",2026/09/25
384,384,8591,オリックス(株),東証PRM,"6,171",+121,2.0,"2,776,600",2026/09/25
385,385,2212,山崎製パン(株),東証PRM,"3,642",+71,1.99,"618,500",2026/09/25
386,386,5541,大平洋金属(株),東証PRM,"2,713",+53,1.99,"482,400",2026/09/25
387,387,5142,アキレス(株),東証PRM,"1,903",+37,1.98,"89,600",2026/09/25
388,388,5942,日本フイルコン(株),東証STD,668,+13,1.98,"123,700",2026/09/25
389,389,3979,(株)うるる,東証GRT,465,+9,1.97,"6,000",2026/09/25
390,390,7906,ヨネックス(株),東証STD,"2,429",+47,1.97,"568,700",2026/09/25
391,391,6239,(株)ナガオカ,東証STD,"1,460",+28,1.96,"3,000",2026/09/25
392,392,6724,セイコーエプソン(株),東証PRM,"3,272",+63,1.96,"1,432,800",2026/09/25
393,393,8935,(株)ＦＪネクストホールディングス,東証PRM,"2,025",+39,1.96,"76,700",2026/09/25
394,394,167A,リョーサン菱洋ホールディングス(株),東証PRM,"3,395",+65,1.95,"249,500",2026/09/25
395,395,3944,古林紙工(株),東証STD,"3,130",+60,1.95,200,2026/09/25
396,396,6838,(株)多摩川ホールディングス,東証STD,"1,464",+28,1.95,"134,000",2026/09/25
397,397,8022,ミズノ(株),東証PRM,"4,185",+80,1.95,"203,400",2026/09/25
398,398,8563,(株)大東銀行,東証STD,"1,202",+23,1.95,"61,900",2026/09/25
399,399,8750,(株)第一ライフグループ,東証PRM,"1,907",+36.5,1.95,"8,401,200",2026/09/25
400,400,3692,(株)ＦＦＲＩセキュリティ,東証GRT,"7,880",+150,1.94,"316,200",2026/09/25
401,401,4709,(株)ＩＤホールディングス,東証PRM,"1,111",+21,1.93,"57,400",2026/09/25
402,402,8707,岩井コスモホールディングス(株),東証PRM,"4,745",+90,1.93,"82,800",2026/09/25
403,403,1822,大豊建設(株),東証STD,851,+16,1.92,"396,300",2026/09/25
404,404,4990,昭和化学工業(株),東証STD,532,+10,1.92,"2,700",2026/09/25
405,405,584A,ＬｉＮＫＸ(株),東証GRT,"2,492",+47,1.92,"40,200",2026/09/25
406,406,9127,玉井商船(株),東証STD,"3,710",+70,1.92,"8,000",2026/09/25
407,407,4203,住友ベークライト(株),東証PRM,"8,183",+153,1.91,"716,100",2026/09/25
408,408,6480,日本トムソン(株),東証PRM,"1,869",+35,1.91,"698,600",2026/09/25
409,409,8996,(株)ハウスフリーダム,東証STD,"1,067",+20,1.91,"3,100",2026/09/25
410,410,9903,(株)カンセキ,東証STD,905,+17,1.91,"4,700",2026/09/25
411,411,282A,GX 半導体・トップ10-日本株式,東証ETF,"2,360",+44,1.9,"135,430",2026/09/25
412,412,4017,(株)クリーマ,東証GRT,215,+4,1.9,"29,700",2026/09/25
413,413,4628,エスケー化研(株),東証STD,"10,190",+190,1.9,"15,500",2026/09/25
414,414,8739,スパークス・グループ(株),東証PRM,"2,679",+50,1.9,"153,000",2026/09/25
415,415,9301,三菱倉庫(株),東証PRM,"1,584.5",+29.5,1.9,"1,262,900",2026/09/25
416,416,6644,大崎電気工業(株),東証PRM,"1,512",+28,1.89,"644,700",2026/09/25
417,417,9837,モリト(株),東証PRM,"1,836",+34,1.89,"70,500",2026/09/25
418,418,6135,(株)牧野フライス製作所,東証PRM,"15,750",+290,1.88,"112,900",2026/09/25
419,419,323A,(株)フライヤー,東証GRT,382,+7,1.87,"4,400",2026/09/25
420,420,9331,(株)キャスター,東証GRT,708,+13,1.87,"2,100",2026/09/25
421,421,7214,ＧＭＢ(株),東証STD,"1,152",+21,1.86,"16,000",2026/09/25
422,422,1498,One ETF ESG,東証ETF,"33,040",+600,1.85,"2,328",2026/09/25
423,423,6349,(株)小森コーポレーション,東証PRM,"2,034",+37,1.85,"362,200",2026/09/25
424,424,8511,日本証券金融(株),東証PRM,"2,528",+46,1.85,"278,000",2026/09/25
425,425,9366,(株)サンリツ,東証STD,"1,320",+24,1.85,"16,100",2026/09/25
426,426,3040,(株)ソリトンシステムズ,東証PRM,"2,719",+49,1.84,"187,900",2026/09/25
427,427,3598,山喜(株),東証STD,166,+3,1.84,"13,500",2026/09/25
428,428,7717,(株)ブイ・テクノロジー,東証PRM,"6,090",+110,1.84,"169,200",2026/09/25
429,429,8143,(株)ラピーヌ,東証STD,166,+3,1.84,"412,400",2026/09/25
430,430,8559,(株)豊和銀行,福証,497,+9,1.84,"14,100",2026/09/25
431,431,2053,中部飼料(株),東証PRM,"2,059",+37,1.83,"197,800",2026/09/25
432,432,6504,富士電機(株),東証PRM,"13,615",+245,1.83,"898,900",2026/09/25
433,433,6630,ヤーマン(株),東証PRM,781,+14,1.83,"92,400",2026/09/25
434,434,9278,ブックオフグループホールディングス(株),東証PRM,"2,833",+51,1.83,"123,700",2026/09/25
435,435,3076,あい　ホールディングス(株),東証PRM,"3,020",+54,1.82,"116,800",2026/09/25
436,436,3157,ジオリーブグループ(株),東証STD,"1,456",+26,1.82,"9,500",2026/09/25
437,437,6485,前澤給装工業(株),東証STD,"1,678",+30,1.82,"39,100",2026/09/25
438,438,7701,(株)島津製作所,東証PRM,"4,034",+72,1.82,"857,700",2026/09/25
439,439,8698,マネックスグループ(株),東証PRM,729,+13,1.82,"1,378,300",2026/09/25
440,440,3628,(株)データホライゾン,東証GRT,732,+13,1.81,"9,600",2026/09/25
441,441,5659,日本精線(株),東証PRM,"1,465",+26,1.81,"61,400",2026/09/25
442,442,8181,(株)東天紅,東証STD,"1,010",+18,1.81,"8,100",2026/09/25
443,443,6840,(株)ＡＫＩＢＡホールディングス,東証STD,905,+16,1.8,"919,700",2026/09/25
444,444,7985,ネポン(株),福証,736,+13,1.8,400,2026/09/25
445,445,1573,中国H株ベア上場投信,東証ETF,"8,530",+150,1.79,240,2026/09/25
446,446,6305,日立建機(株),東証PRM,"5,746",+101,1.79,"1,262,700",2026/09/25
447,447,6862,ミナトホールディングス(株),東証STD,"5,690",+100,1.79,"360,700",2026/09/25
448,448,2974,大英産業(株),福証,915,+16,1.78,"2,500",2026/09/25
449,449,4769,(株)ＩＣ,東証STD,"1,145",+20,1.78,300,2026/09/25
450,450,8078,阪和興業(株),東証PRM,"1,941",+34,1.78,"575,400",2026/09/25
451,451,8700,丸八証券(株),東証STD,"2,168",+38,1.78,"5,700",2026/09/25
452,452,8793,ＮＥＣキャピタルソリューション(株),東証PRM,"4,285",+75,1.78,"16,200",2026/09/25
453,453,9729,(株)トーカイ,東証PRM,"2,575",+45,1.78,"32,900",2026/09/25
454,454,2220,亀田製菓(株),東証PRM,"1,326",+23,1.77,"196,100",2026/09/25
455,455,6752,パナソニック　ホールディングス(株),東証PRM,"4,588",+80,1.77,"8,978,100",2026/09/25
456,456,7979,(株)松風,東証PRM,"2,302",+40,1.77,"63,800",2026/09/25
457,457,8630,ＳＯＭＰＯホールディングス(株),東証PRM,"6,888",+120,1.77,"2,294,900",2026/09/25
458,458,8891,ＡＭＧホールディングス(株),東証STD,"2,123",+37,1.77,"4,900",2026/09/25
459,459,9780,(株)ハリマビステム,東証STD,"1,152",+20,1.77,"7,800",2026/09/25
460,460,2207,(株)ｍｅｉｔｏ,東証PRM,"3,475",+60,1.76,"145,000",2026/09/25
461,461,2341,(株)アルバイトタイムス,東証STD,173,+3,1.76,"12,200",2026/09/25
462,462,6912,菊水ホールディングス(株),東証STD,"2,718",+47,1.76,"15,100",2026/09/25
463,463,7240,ＮＯＫ(株),東証PRM,"3,056",+53,1.76,"446,100",2026/09/25
464,464,9514,(株)エフオン,東証STD,347,+6,1.76,"139,000",2026/09/25
465,465,3153,八洲電機(株),東証PRM,"3,190",+55,1.75,"136,200",2026/09/25
466,466,5742,エヌアイシ・オートテック(株),東証STD,755,+13,1.75,"2,000",2026/09/25
467,467,7131,のむら産業(株),東証STD,"3,775",+65,1.75,"4,100",2026/09/25
468,468,7175,今村証券(株),東証STD,"2,149",+37,1.75,"5,200",2026/09/25
469,469,200A,(NEXT FUNDS) 日経半導体株指数連動型上場投信,東証ETF,"4,456",+76,1.74,"883,801",2026/09/25
470,470,2841,iFreeETF NASDAQ100(H有),東証ETF,"1,752",+30,1.74,"9,981",2026/09/25
471,471,3350,(株)メタプラネット,東証STD,293,+5,1.74,"20,949,300",2026/09/25
472,472,447A,ステート・ストリート・スパイダー ゴールド ETF(H無),東証ETF,275.1,+4.7,1.74,"124,060",2026/09/25
473,473,5380,新東(株),東証STD,"1,401",+24,1.74,"2,900",2026/09/25
474,474,3132,マクニカホールディングス(株),東証PRM,"4,287",+73,1.73,"1,174,400",2026/09/25
475,475,6676,(株)バッファロー,東証STD,"3,535",+60,1.73,"173,100",2026/09/25
476,476,7602,(株)レダックス,東証STD,176,+3,1.73,"93,100",2026/09/25
477,477,7863,(株)平賀,東証STD,943,+16,1.73,300,2026/09/25
478,478,9307,(株)杉村倉庫,東証STD,939,+16,1.73,"14,800",2026/09/25
479,479,9449,ＧＭＯインターネットグループ(株),東証PRM,"3,992",+68,1.73,"275,400",2026/09/25
480,480,4182,三菱ガス化学(株),東証PRM,"3,906",+66,1.72,"1,045,700",2026/09/25
481,481,4376,(株)くふうカンパニーホールディングス,東証GRT,177,+3,1.72,"32,800",2026/09/25
482,482,7504,(株)高速,東証PRM,"4,445",+75,1.72,"47,200",2026/09/25
483,483,8877,エスリード(株),東証PRM,"5,320",+90,1.72,"25,300",2026/09/25
484,484,2681,(株)ゲオホールディングス,東証PRM,"2,381",+40,1.71,"161,200",2026/09/25
485,485,8424,芙蓉総合リース(株),東証PRM,"4,577",+77,1.71,"224,000",2026/09/25
486,486,1879,新日本建設(株),東証PRM,"2,338",+39,1.7,"259,600",2026/09/25
487,487,2459,アウンコンサルティング(株),東証STD,179,+3,1.7,"21,600",2026/09/25
488,488,3107,ダイワボウホールディングス(株),東証PRM,"3,765",+63,1.7,"361,400",2026/09/25
489,489,4503,アステラス製薬(株),東証PRM,"2,399",+40,1.7,"5,627,600",2026/09/25
490,490,4568,第一三共(株),東証PRM,"2,929",+49,1.7,"6,404,400",2026/09/25
491,491,8410,(株)セブン銀行,東証PRM,346.7,+5.8,1.7,"4,669,800",2026/09/25
492,492,2243,GX 半導体,東証ETF,"4,746",+79,1.69,"167,335",2026/09/25
493,493,3277,(株)サンセイランディック,東証STD,840,+14,1.69,"27,500",2026/09/25
494,494,6146,(株)ディスコ,東証PRM,"54,220",+900,1.69,"1,120,200",2026/09/25
495,495,7280,(株)ミツバ,東証PRM,"1,382",+23,1.69,"172,700",2026/09/25
496,496,8167,(株)リテールパートナーズ,東証PRM,"1,446",+24,1.69,"77,800",2026/09/25
497,497,1724,シンクレイヤ(株),東証STD,727,+12,1.68,"6,200",2026/09/25
498,498,1965,(株)テクノ菱和,東証STD,"7,280",+120,1.68,"52,700",2026/09/25
499,499,3361,(株)トーエル,東証STD,906,+15,1.68,"4,800",2026/09/25
500,500,5288,アジアパイルホールディングス(株),東証PRM,"1,510",+25,1.68,"250,200",2026/09/25
501,501,9742,(株)アイネス,東証PRM,"2,297",+38,1.68,"42,900",2026/09/25
502,502,9818,大丸エナウィン(株),東証STD,"1,576",+26,1.68,"5,000",2026/09/25
503,503,7354,(株)ダイレクトマーケティングミックス,東証STD,366,+6,1.67,"356,700",2026/09/25
504,504,8053,住友商事(株),東証PRM,"1,798",+29.5,1.67,"9,076,400",2026/09/25
505,505,4022,ラサ工業(株),東証PRM,"1,900",+31,1.66,"482,100",2026/09/25
506,506,8237,(株)松屋,東証PRM,"2,209",+36,1.66,"206,000",2026/09/25
507,507,2503,キリンホールディングス(株),東証PRM,"2,867.5",+46.5,1.65,"2,746,800",2026/09/25
508,508,2923,サトウ食品(株),東証STD,"7,410",+120,1.65,"2,200",2026/09/25
509,509,4629,大伸化学(株),東証STD,"2,530",+41,1.65,"1,400",2026/09/25
510,510,6951,日本電子(株),東証PRM,"7,689",+125,1.65,"270,800",2026/09/25
511,511,7102,日本車輌製造(株),東証PRM,"3,695",+60,1.65,"39,700",2026/09/25
512,512,2086,NZAM 上場投信 S&P500(H有),東証ETF,"3,090",+50,1.64,1,2026/09/25
513,513,5036,日本ビジネスシステムズ(株),東証PRM,"1,613",+26,1.64,"212,100",2026/09/25
514,514,6400,不二精機(株),東証STD,310,+5,1.64,"31,600",2026/09/25
515,515,8059,第一実業(株),東証PRM,"3,720",+60,1.64,"131,600",2026/09/25
516,516,2038,NEXT NOTES ドバイ原油先物 ダブル・ブル ETN,東証ETF,"2,930",+47,1.63,"108,366",2026/09/25
517,517,2831,はごろもフーズ(株),東証STD,"3,750",+60,1.63,"1,500",2026/09/25
518,518,3001,片倉工業(株),東証STD,"3,125",+50,1.63,"36,500",2026/09/25
519,519,6777,ｓａｎｔｅｃ　Ｈｏｌｄｉｎｇｓ(株),東証STD,"21,870",+350,1.63,"86,500",2026/09/25
520,520,7466,ＳＰＫ(株),東証PRM,"1,500",+24,1.63,"70,900",2026/09/25
521,521,7812,(株)クレステック,東証STD,"2,116",+34,1.63,"2,700",2026/09/25
522,522,9031,西日本鉄道(株),東証PRM,"3,125",+50,1.63,"745,000",2026/09/25
523,523,6273,ＳＭＣ(株),東証PRM,"69,620","+1,110",1.62,"289,800",2026/09/25
524,524,6445,(株)ジャノメ,東証PRM,"1,379",+22,1.62,"48,600",2026/09/25
525,525,8131,(株)ミツウロコグループホールディングス,東証STD,"2,514",+40,1.62,"66,400",2026/09/25
526,526,2607,不二製油(株),東証PRM,"4,480",+71,1.61,"324,600",2026/09/25
527,527,5384,(株)フジミインコーポレーテッド,東証PRM,"3,465",+55,1.61,"221,000",2026/09/25
528,528,6364,(株)ＡＩＲＭＡＮ,東証PRM,"2,585",+41,1.61,"123,400",2026/09/25
529,529,6365,(株)電業社機械製作所,東証STD,"5,690",+90,1.61,"2,300",2026/09/25
530,530,2433,(株)博報堂ＤＹホールディングス,東証PRM,"1,330.5",+21,1.6,"820,500",2026/09/25
531,531,4686,(株)ジャストシステム,東証PRM,"4,440",+70,1.6,"142,900",2026/09/25
532,532,6029,アトラグループ(株),東証STD,191,+3,1.6,"22,100",2026/09/25
533,533,7433,伯東(株),東証PRM,"5,700",+90,1.6,"153,900",2026/09/25
534,534,9327,(株)イー・ロジット,東証STD,191,+3,1.6,"2,100",2026/09/25
535,535,3840,(株)ヴィクトン,東証STD,64,+1,1.59,"167,500",2026/09/25
536,536,4059,(株)まぐまぐ,東証STD,384,+6,1.59,"1,300",2026/09/25
537,537,5283,(株)高見澤,東証STD,"3,185",+50,1.59,"4,400",2026/09/25
538,538,2993,(株)長栄,東証STD,"2,255",+35,1.58,"1,800",2026/09/25
539,539,3858,(株)ユビキタスＡＩ,東証STD,321,+5,1.58,"30,100",2026/09/25
540,540,585A,日本バリュー・ボトムアップ株式投資戦略,東証ETF,"1,095",+17,1.58,"1,746",2026/09/25
541,541,6250,(株)やまびこ,東証PRM,"4,510",+70,1.58,"144,800",2026/09/25
542,542,6327,北川精機(株),東証STD,"3,210",+50,1.58,"179,200",2026/09/25
543,543,6814,古野電気(株),東証PRM,"7,710",+120,1.58,"271,000",2026/09/25
544,544,7085,(株)カーブスホールディングス,東証PRM,898,+14,1.58,"324,000",2026/09/25
545,545,7640,(株)トップカルチャー,東証STD,193,+3,1.58,"92,200",2026/09/25
546,546,8060,キヤノンマーケティングジャパン(株),東証PRM,"3,737",+58,1.58,"351,600",2026/09/25
547,547,8133,伊藤忠エネクス(株),東証PRM,"2,374",+37,1.58,"143,600",2026/09/25
548,548,8174,日本瓦斯(株),東証PRM,"3,084",+48,1.58,"392,200",2026/09/25
549,549,9517,イーレックス(株),東証PRM,837,+13,1.58,"221,100",2026/09/25
550,550,1625,(NEXT FUNDS)電機･精密上場投信,東証ETF,"65,350","+1,010",1.57,"1,002",2026/09/25
551,551,3105,日清紡ホールディングス(株),東証PRM,"2,559",+39.5,1.57,"856,900",2026/09/25
552,552,4574,大幸薬品(株),東証PRM,259,+4,1.57,"120,500",2026/09/25
553,553,4972,綜研化学(株),東証STD,"4,195",+65,1.57,"47,600",2026/09/25
554,554,5563,新日本電工(株),東証PRM,452,+7,1.57,"808,800",2026/09/25
555,555,7150,(株)島根銀行,東証STD,519,+8,1.57,"26,200",2026/09/25
556,556,7955,クリナップ(株),東証PRM,969,+15,1.57,"59,300",2026/09/25
557,557,196A,(株)ＭＦＳ,東証GRT,325,+5,1.56,"79,200",2026/09/25
558,558,2193,クックパッド(株),東証STD,130,+2,1.56,"189,700",2026/09/25
559,559,4166,かっこ(株),東証GRT,650,+10,1.56,"15,100",2026/09/25
560,560,4617,中国塗料(株),東証PRM,"3,580",+55,1.56,"149,800",2026/09/25
561,561,5704,(株)ＪＭＣ,東証STD,390,+6,1.56,"2,400",2026/09/25
562,562,575A,前澤ホールディングス(株),東証PRM,"1,952",+30,1.56,"107,900",2026/09/25
563,563,6554,(株)エスユーエス,東証GRT,"1,171",+18,1.56,"40,200",2026/09/25
564,564,9900,(株)サガミホールディングス,東証PRM,"1,108",+17,1.56,"342,300",2026/09/25
565,565,2004,昭和産業(株),東証PRM,"3,965",+60,1.54,"83,700",2026/09/25
566,566,3695,ＧＭＯプロダクトプラットフォーム(株),東証GRT,"1,717",+26,1.54,"6,900",2026/09/25
567,567,4290,(株)プレステージ・インターナショナル,東証PRM,723,+11,1.54,"939,400",2026/09/25
568,568,4767,(株)テー・オー・ダブリュー,東証STD,395,+6,1.54,"162,900",2026/09/25
569,569,7606,(株)ユナイテッドアローズ,東証PRM,"2,442",+37,1.54,"218,600",2026/09/25
570,570,8052,椿本興業(株),東証PRM,"2,974",+45,1.54,"107,600",2026/09/25
571,571,8929,(株)青山財産ネットワークス,東証STD,"1,389",+21,1.54,"76,800",2026/09/25
572,572,3154,メディアスホールディングス(株),東証PRM,798,+12,1.53,"17,300",2026/09/25
573,573,3940,(株)ノムラシステムコーポレーション,東証STD,133,+2,1.53,"45,300",2026/09/25
574,574,4667,アイサンテクノロジー(株),東証STD,"3,310",+50,1.53,"89,900",2026/09/25
575,575,5803,(株)フジクラ,東証PRM,"4,986",+75,1.53,"26,991,600",2026/09/25
576,576,9629,ピー・シー・エー(株),東証PRM,"1,594",+24,1.53,"27,100",2026/09/25
577,577,1628,(NEXT FUNDS)運輸･物流上場投信,東証ETF,"22,335",+335,1.52,395,2026/09/25
578,578,3627,テクミラホールディングス(株),東証STD,267,+4,1.52,"15,100",2026/09/25
579,579,6198,(株)キャリア,東証GRT,200,+3,1.52,"6,300",2026/09/25
580,580,6209,リケンＮＰＲ(株),東証PRM,"4,010",+60,1.52,"92,600",2026/09/25
581,581,7031,(株)インバウンドテック,東証GRT,669,+10,1.52,"1,800",2026/09/25
582,582,7438,コンドーテック(株),東証PRM,"1,802",+27,1.52,"47,200",2026/09/25
583,583,9101,日本郵船(株),東証PRM,"7,365",+110,1.52,"2,138,100",2026/09/25
584,584,4527,ロート製薬(株),東証PRM,"2,822",+42,1.51,"906,300",2026/09/25
585,585,4570,(株)免疫生物研究所,東証GRT,"1,210",+18,1.51,"126,400",2026/09/25
586,586,5901,東洋製罐グループホールディングス(株),東証PRM,"4,564",+68,1.51,"439,600",2026/09/25
587,587,2395,(株)新日本科学,東証PRM,"1,352",+20,1.5,"124,200",2026/09/25
588,588,3064,(株)ＭｏｎｏｔａＲＯ,東証PRM,"1,960",+29,1.5,"1,897,700",2026/09/25
589,589,3796,(株)いい生活,東証STD,338,+5,1.5,"58,100",2026/09/25
590,590,6648,(株)かわでん,東証STD,"1,688",+25,1.5,"28,500",2026/09/25
591,591,7060,ギークス(株),東証STD,611,+9,1.5,"36,100",2026/09/25
592,592,7509,アイエーグループ(株),東証STD,"4,750",+70,1.5,300,2026/09/25
593,593,8708,アイザワ証券グループ(株),東証PRM,"1,756",+26,1.5,"156,400",2026/09/25
594,594,9381,(株)エーアイテイー,東証PRM,"2,370",+35,1.5,"18,000",2026/09/25
595,595,7441,(株)Ｍｉｓｕｍｉ,福証,"1,776",+26,1.49,500,2026/09/25
596,596,7458,(株)第一興商,東証PRM,"1,910.5",+28,1.49,"907,400",2026/09/25
597,597,7570,橋本総業ホールディングス(株),東証STD,"1,430",+21,1.49,"6,400",2026/09/25
598,598,7741,ＨＯＹＡ(株),東証PRM,"23,485",+345,1.49,"1,357,300",2026/09/25
599,599,3077,ホリイフードサービス(株),東証STD,"1,367",+20,1.48,"11,200",2026/09/25
600,600,441A,ＮＥ(株),東証GRT,275,+4,1.48,"51,900",2026/09/25
601,601,5979,カネソウ(株),名証MN,"5,480",+80,1.48,"2,000",2026/09/25
602,602,6180,ＧＭＯメディア(株),東証GRT,"3,765",+55,1.48,"1,000",2026/09/25
603,603,9678,(株)カナモト,東証PRM,"5,500",+80,1.48,"162,200",2026/09/25
604,604,1827,(株)ナカノフドー建設,東証STD,"1,449",+21,1.47,"34,200",2026/09/25
605,605,3387,(株)クリエイト・レストランツ・ホールディングス,東証PRM,761,+11,1.47,"911,600",2026/09/25
606,606,4902,コニカミノルタ(株),東証PRM,670.8,+9.7,1.47,"5,995,100",2026/09/25
607,607,5310,東洋炭素(株),東証PRM,"7,590",+110,1.47,"138,300",2026/09/25
608,608,5582,(株)グリッド,東証GRT,"2,134",+31,1.47,"22,100",2026/09/25
609,609,7220,武蔵精密工業(株),東証PRM,"2,973",+43,1.47,"1,451,800",2026/09/25
610,610,7878,(株)光・彩,東証STD,"1,176",+17,1.47,"2,300",2026/09/25
611,611,3853,アステリア(株),東証PRM,"1,111",+16,1.46,"162,800",2026/09/25
612,612,6463,ＴＰＲ(株),東証PRM,"1,595",+23,1.46,"113,100",2026/09/25
613,613,6737,ＥＩＺＯ(株),東証PRM,"3,135",+45,1.46,"98,400",2026/09/25
614,614,408A,iシェアーズ AI グローバル・イノベーション アクティブ,東証ETF,307.4,+4.4,1.45,"863,450",2026/09/25
615,615,6962,(株)大真空,東証PRM,842,+12,1.45,"152,900",2026/09/25
616,616,7091,(株)リビングプラットフォーム,東証GRT,"1,325",+19,1.45,"23,800",2026/09/25
617,617,7733,オリンパス(株),東証PRM,"2,024",+29,1.45,"3,524,800",2026/09/25
618,618,7752,(株)リコー,東証PRM,"1,683",+24,1.45,"1,776,400",2026/09/25
619,619,8473,ＳＢＩホールディングス(株),東証PRM,"3,298",+47,1.45,"2,696,100",2026/09/25
620,620,9603,(株)エイチ・アイ・エス,東証PRM,"1,121",+16,1.45,"555,400",2026/09/25
621,621,2117,ウェルネオシュガー(株),東証PRM,"2,880",+41,1.44,"26,500",2026/09/25
622,622,3921,(株)ネオジャパン,東証PRM,"1,687",+24,1.44,"12,200",2026/09/25
623,623,4978,(株)リプロセル,東証GRT,141,+2,1.44,"274,700",2026/09/25
624,624,5185,(株)フコク,東証PRM,"2,040",+29,1.44,"52,800",2026/09/25
625,625,7128,ユニソルホールディングス(株),東証PRM,"2,884",+41,1.44,"57,800",2026/09/25
626,626,8570,イオンフィナンシャルサービス(株),東証PRM,"1,622",+23,1.44,"662,100",2026/09/25
627,627,2109,ＤＭ三井製糖(株),東証PRM,"3,900",+55,1.43,"48,100",2026/09/25
628,628,4502,武田薬品工業(株),東証PRM,"5,969",+84,1.43,"3,826,100",2026/09/25
629,629,4528,小野薬品工業(株),東証PRM,"2,442",+34.5,1.43,"1,840,900",2026/09/25
630,630,6473,(株)ジェイテクト,東証PRM,"2,125.5",+30,1.43,"884,500",2026/09/25
631,631,1770,藤田エンジニアリング(株),東証STD,"2,363",+33,1.42,"6,500",2026/09/25
632,632,3766,システムズ・デザイン(株),東証STD,"1,501",+21,1.42,"2,000",2026/09/25
633,633,6292,(株)カワタ,東証STD,859,+12,1.42,"2,000",2026/09/25
634,634,6741,日本信号(株),東証PRM,"1,854",+26,1.42,"192,800",2026/09/25
635,635,2137,(株)光ハイツ・ヴェラス,札幌ア,720,+10,1.41,300,2026/09/25
636,636,610A,GX 宇宙テック・トップ10(除く日本),東証ETF,"1,078",+15,1.41,"10,909",2026/09/25
637,637,7912,大日本印刷(株),東証PRM,"3,016",+42,1.41,"1,460,100",2026/09/25
638,638,8613,丸三証券(株),東証PRM,"1,296",+18,1.41,"264,700",2026/09/25
639,639,3583,オーベクス(株),東証STD,"1,379",+19,1.4,"2,500",2026/09/25
640,640,4072,(株)電算システムホールディングス,東証PRM,"3,260",+45,1.4,"28,300",2026/09/25
641,641,6062,(株)チャーム・ケア・コーポレーション,東証PRM,"1,446",+20,1.4,"124,500",2026/09/25
642,642,7409,ＡｅｒｏＥｄｇｅ(株),東証GRT,"1,524",+21,1.4,"63,300",2026/09/25
643,643,9247,ＴＲＥホールディングス(株),東証PRM,"1,807",+25,1.4,"234,400",2026/09/25
644,644,1475,iシェアーズ・コア TOPIX ETF,東証ETF,424.5,+5.8,1.39,"1,254,190",2026/09/25
645,645,4249,森六(株),東証PRM,"2,922",+40,1.39,"19,400",2026/09/25
646,646,6033,(株)エクストリーム,東証GRT,"1,750",+24,1.39,"24,500",2026/09/25
647,647,6750,エレコム(株),東証PRM,"2,049",+28,1.39,"272,100",2026/09/25
648,648,2579,コカ・コーラ　ボトラーズジャパンホールディングス(株),東証PRM,"3,831",+52,1.38,"575,500",2026/09/25
649,649,6070,キャリアリンク(株),東証PRM,"2,571",+35,1.38,"79,500",2026/09/25
650,650,6856,(株)堀場製作所,東証PRM,"23,855",+325,1.38,"271,400",2026/09/25
651,651,6914,オプテックスグループ(株),東証PRM,"3,315",+45,1.38,"153,300",2026/09/25
652,652,7217,(株)テイン,東証STD,442,+6,1.38,"5,500",2026/09/25
653,653,7545,(株)西松屋チェーン,東証PRM,"1,979",+27,1.38,"235,800",2026/09/25
654,654,9621,(株)建設技術研究所,東証PRM,"3,295",+45,1.38,"87,600",2026/09/25
655,655,1305,iFreeETF TOPIX(年1回決算型),東証ETF,"4,351",+59,1.37,"38,740",2026/09/25
656,656,3360,シップヘルスケアホールディングス(株),東証PRM,"2,475",+33.5,1.37,"277,600",2026/09/25
657,657,3569,セーレン(株),東証PRM,"3,335",+45,1.37,"158,300",2026/09/25
658,658,4491,コンピューターマネージメント(株),東証STD,"3,325",+45,1.37,"4,800",2026/09/25
659,659,5892,(株)ｙｕｔｏｒｉ,東証GRT,"3,035",+41,1.37,"185,100",2026/09/25
660,660,6448,ブラザー工業(株),東証PRM,"4,732",+64,1.37,"1,191,300",2026/09/25
661,661,6721,ウインテスト(株),東証STD,74,+1,1.37,"197,200",2026/09/25
662,662,366A,ウェルネス・コミュニケーションズ(株),東証GRT,"1,194",+16,1.36,"55,800",2026/09/25
663,663,3817,(株)ＳＲＡホールディングス,東証PRM,"4,855",+65,1.36,"76,500",2026/09/25
664,664,6345,(株)アイチコーポレーション,東証PRM,"1,487",+20,1.36,"151,500",2026/09/25
665,665,8043,スターゼン(株),東証PRM,"1,570",+21,1.36,"344,900",2026/09/25
666,666,8892,(株)エスコン,東証PRM,"1,118",+15,1.36,"122,300",2026/09/25
667,667,2081,政策保有解消推進ETF,東証ETF,"2,184",+29,1.35,614,2026/09/25
668,668,3054,(株)ハイパー,東証STD,376,+5,1.35,"16,600",2026/09/25
669,669,3299,(株)ムゲンエステート,東証STD,"1,730",+23,1.35,"109,200",2026/09/25
670,670,3771,(株)システムリサーチ,東証PRM,"1,948",+26,1.35,"149,100",2026/09/25
671,671,8051,(株)山善,東証PRM,"2,028",+27,1.35,"171,100",2026/09/25
672,672,8127,ヤマト　インターナショナル(株),東証STD,527,+7,1.35,"14,600",2026/09/25
673,673,9380,東海運(株),東証STD,449,+6,1.35,"26,800",2026/09/25
674,674,9843,(株)ニトリホールディングス,東証PRM,"3,075",+41,1.35,"4,181,700",2026/09/25
675,675,2970,ＧＬＣ　ＧＲＯＵＰ(株),東証STD,"1,135",+15,1.34,"5,200",2026/09/25
676,676,4023,(株)クレハ,東証PRM,"4,165",+55,1.34,"440,800",2026/09/25
677,677,6632,(株)ＪＶＣケンウッド,東証PRM,"1,018",+13.5,1.34,"1,023,200",2026/09/25
678,678,6855,日本電子材料(株),東証STD,"7,590",+100,1.34,"488,400",2026/09/25
679,679,7564,(株)ワークマン,東証STD,"5,290",+70,1.34,"329,800",2026/09/25
680,680,7944,ローランド(株),東証PRM,"3,790",+50,1.34,"99,500",2026/09/25
681,681,8005,(株)スクロール,東証PRM,"1,817",+24,1.34,"279,800",2026/09/25
682,682,8769,(株)アドバンテッジリスクマネジメント,東証STD,529,+7,1.34,"17,800",2026/09/25
683,683,2901,(株)ウェルディッシュ,東証STD,152,+2,1.33,"70,300",2026/09/25
684,684,316A,iFreeETF FANG+,東証ETF,"2,825",+37,1.33,"288,843",2026/09/25
685,685,4612,日本ペイントホールディングス(株),東証PRM,"1,179.5",+15.5,1.33,"4,904,600",2026/09/25
686,686,533A,NZAM 上場投信 S&P500(H無),東証ETF,"2,293",+30,1.33,4,2026/09/25
687,687,6254,野村マイクロ・サイエンス(株),東証PRM,"3,420",+45,1.33,"445,400",2026/09/25
688,688,6486,イーグル工業(株),東証PRM,"3,055",+40,1.33,"137,500",2026/09/25
689,689,8132,シナネンホールディングス(株),東証PRM,"7,640",+100,1.33,"9,600",2026/09/25
690,690,2244,GX US テック・トップ20,東証ETF,"3,770",+49,1.32,"117,289",2026/09/25
691,691,2384,ＳＢＳホールディングス(株),東証PRM,"5,390",+70,1.32,"78,900",2026/09/25
692,692,303A,(株)ｖｉｓｕｍｏ,東証GRT,612,+8,1.32,"12,900",2026/09/25
693,693,4299,(株)ハイマックス,東証STD,"1,226",+16,1.32,"6,300",2026/09/25
694,694,5133,(株)テリロジーホールディングス,東証STD,307,+4,1.32,"57,000",2026/09/25
695,695,6338,(株)タカトリ,東証STD,"1,690",+22,1.32,"5,300",2026/09/25
696,696,6577,(株)ベストワンドットコム,東証GRT,"1,379",+18,1.32,"9,400",2026/09/25
697,697,6647,森尾電機(株),東証STD,"3,850",+50,1.32,"3,600",2026/09/25
698,698,7068,フィードフォースグループ(株),東証GRT,615,+8,1.32,"64,500",2026/09/25
699,699,9107,川崎汽船(株),東証PRM,"3,451",+45,1.32,"3,478,900",2026/09/25
700,700,256A,飛島ホールディングス(株),東証PRM,"2,326",+30,1.31,"232,800",2026/09/25
701,701,2624,iFreeETF 日経225(年4回決算型),東証ETF,"6,666",+86,1.31,"109,222",2026/09/25
702,702,4044,セントラル硝子(株),東証PRM,"4,635",+60,1.31,"78,700",2026/09/25
703,703,4351,(株)山田再生系債権回収総合事務所,東証STD,848,+11,1.31,"2,700",2026/09/25
704,704,4410,ハリマ化成グループ(株),東証PRM,"1,158",+15,1.31,"82,600",2026/09/25
705,705,7218,田中精密工業(株),東証STD,"1,160",+15,1.31,"1,400",2026/09/25
706,706,7832,(株)バンダイナムコホールディングス,東証PRM,"5,551",+72,1.31,"2,090,300",2026/09/25
707,707,8253,(株)クレディセゾン,東証PRM,"4,650",+60,1.31,"623,400",2026/09/25
708,708,8628,松井証券(株),東証PRM,"1,159",+15,1.31,"862,000",2026/09/25
709,709,3547,(株)ユニシアホールディングス,東証STD,"1,949",+25,1.3,"31,200",2026/09/25
710,710,3708,特種東海製紙(株),東証PRM,"2,256",+29,1.3,"70,800",2026/09/25
711,711,6046,(株)リンクバル,東証STD,156,+2,1.3,"50,400",2026/09/25
712,712,6381,アネスト岩田(株),東証PRM,"1,945",+25,1.3,"68,000",2026/09/25
713,713,9470,(株)学研ホールディングス,東証PRM,"1,087",+14,1.3,"471,300",2026/09/25
714,714,1306,(NEXT FUNDS)TOPIX連動型上場投信,東証ETF,430.3,+5.5,1.29,"15,068,240",2026/09/25
715,715,1330,上場インデックスファンド225,東証ETF,"68,890",+880,1.29,"23,520",2026/09/25
716,716,2819,エバラ食品工業(株),東証STD,"2,516",+32,1.29,"8,300",2026/09/25
717,717,392A,iシェアーズ NASDAQ トップ 30,東証ETF,290,+3.7,1.29,"202,610",2026/09/25
718,718,5013,(株)ユシロ,東証STD,"3,135",+40,1.29,"45,800",2026/09/25
719,719,516A,iFreeETF 米ドル・ブル(1倍),東証ETF,"2,047",+26,1.29,32,2026/09/25
720,720,5834,ＳＢＩリーシングサービス(株),東証GRT,"2,900",+37,1.29,"59,300",2026/09/25
721,721,6141,ＤＭＧ森精機(株),東証PRM,"2,933.5",+37.5,1.29,"1,471,100",2026/09/25
722,722,9037,(株)ハマキョウレックス,東証PRM,"1,878",+24,1.29,"117,200",2026/09/25
723,723,1321,(NEXT FUNDS)日経225連動型上場投信,東証ETF,"68,730",+870,1.28,"178,275",2026/09/25
724,724,1848,(株)富士ピー・エス,東証STD,872,+11,1.28,"68,200",2026/09/25
725,725,373A,(株)リップス,東証GRT,"1,499",+19,1.28,"1,400",2026/09/25
726,726,4623,(株)アサヒペン,東証STD,"1,894",+24,1.28,"1,300",2026/09/25
727,727,5139,オープンワーク(株),東証GRT,949,+12,1.28,"19,900",2026/09/25
728,728,6340,澁谷工業(株),東証PRM,"5,560",+70,1.28,"53,400",2026/09/25
729,729,6758,ソニーグループ(株),東証PRM,"3,710",+47,1.28,"14,559,900",2026/09/25
730,730,7071,(株)アンビスホールディングス,東証PRM,396,+5,1.28,"365,300",2026/09/25
731,731,7951,ヤマハ(株),東証PRM,"1,263.5",+16,1.28,"1,634,100",2026/09/25
732,732,162A,AIセレクトメガトレンド日本株(ネットリターン)ETN,東証ETF,"17,105",+215,1.27,788,2026/09/25
733,733,5038,(株)ｅＷｅＬＬ,東証GRT,"2,156",+27,1.27,"23,200",2026/09/25
734,734,7172,(株)ジャパンインベストメントアドバイザー,東証PRM,"2,161",+27,1.27,"183,400",2026/09/25
735,735,2080,PBR1倍割れ解消推進ETF,東証ETF,"2,083",+26,1.26,"37,879",2026/09/25
736,736,3030,(株)ハブ,東証STD,884,+11,1.26,"13,900",2026/09/25
737,737,8074,(株)ＹＵＡＳＡ,東証PRM,"6,450",+80,1.26,"31,700",2026/09/25
738,738,8075,神鋼商事(株),東証PRM,"3,225",+40,1.26,"61,400",2026/09/25
739,739,9119,飯野海運(株),東証PRM,"1,766",+22,1.26,"221,500",2026/09/25
740,740,1346,MAXIS 日経225上場投信,東証ETF,"68,710",+850,1.25,"9,340",2026/09/25
741,741,1577,(NEXT FUNDS)野村日本株高配当70連動型ETF,東証ETF,"60,900",+750,1.25,"4,074",2026/09/25
742,742,2337,いちご(株),東証PRM,405,+5,1.25,"702,200",2026/09/25
743,743,6785,(株)鈴木,東証PRM,"3,235",+40,1.25,"71,200",2026/09/25
744,744,7459,(株)メディパルホールディングス,東証PRM,"3,161",+39,1.25,"1,079,600",2026/09/25
745,745,8425,みずほリース(株),東証PRM,"1,378",+17,1.25,"561,000",2026/09/25
746,746,9565,ＧＬＯＥ(株),東証GRT,650,+8,1.25,"2,500",2026/09/25
747,747,9767,日建工学(株),東証STD,"1,787",+22,1.25,"1,100",2026/09/25
748,748,163A,半導体フォーカス日本株(ネットリターン)ETN,東証ETF,"19,610",+240,1.24,"9,287",2026/09/25
749,749,6533,(株)Ｏｒｃｈｅｓｔｒａ　Ｈｏｌｄｉｎｇｓ,東証PRM,"1,228",+15,1.24,"14,500",2026/09/25
750,750,8789,フィンテック　グローバル(株),東証STD,163,+2,1.24,"562,900",2026/09/25
751,751,9072,ニッコンホールディングス(株),東証PRM,"5,125",+63,1.24,"141,300",2026/09/25
752,752,9081,神奈川中央交通(株),東証PRM,"4,095",+50,1.24,"19,100",2026/09/25
753,753,1320,iFreeETF 日経225(年1回決算型),東証ETF,"68,480",+830,1.23,"13,559",2026/09/25
754,754,1591,(NEXT FUNDS) JPX日経インデックス400,東証ETF,"37,180",+450,1.23,641,2026/09/25
755,755,2557,SMDAM トピックス上場投信,東証ETF,"4,184",+51,1.23,"74,090",2026/09/25
756,756,2641,GX グローバルリーダーズ-日本株式,東証ETF,"4,535",+55,1.23,577,2026/09/25
757,757,2656,(株)ベクターホールディングス,東証STD,164,+2,1.23,"188,900",2026/09/25
758,758,4208,ＵＢＥ(株),東証PRM,"3,467",+42,1.23,"622,800",2026/09/25
759,759,4931,新日本製薬(株),東証PRM,"2,065",+25,1.23,"76,700",2026/09/25
760,760,632A,GX 日経225,東証ETF,"66,430",+810,1.23,654,2026/09/25
761,761,6517,デンヨー(株),東証PRM,"4,110",+50,1.23,"44,700",2026/09/25
762,762,7294,(株)ヨロズ,東証PRM,902,+11,1.23,"76,800",2026/09/25
763,763,257A,SMT ETF日本株厳選投資アクティブ,東証ETF,"3,395",+41,1.22,102,2026/09/25
764,764,2636,GX MSCIガバナンス・クオリティ-日本株式,東証ETF,"4,913",+59,1.22,244,2026/09/25
765,765,2664,(株)カワチ薬品,東証PRM,"3,730",+45,1.22,"57,000",2026/09/25
766,766,2734,(株)サーラコーポレーション,東証PRM,"1,243",+15,1.22,"131,800",2026/09/25
767,767,3113,(株)ＵＮＩＶＡ・Ｏａｋホールディングス,東証STD,83,+1,1.22,"144,400",2026/09/25
768,768,4118,(株)カネカ,東証PRM,"6,154",+74,1.22,"282,600",2026/09/25
769,769,413A,iFreeETF キャセイ台湾テックリーダー指数,東証ETF,"4,059",+49,1.22,"2,089",2026/09/25
770,770,7270,(株)ＳＵＢＡＲＵ,東証PRM,"2,660",+32,1.22,"3,462,800",2026/09/25
771,771,7908,ＫＩＭＯＴＯ,東証STD,248,+3,1.22,"66,500",2026/09/25
772,772,9348,(株)ｉｓｐａｃｅ,東証GRT,414,+5,1.22,"484,800",2026/09/25
773,773,159A,(NEXT FUNDS) JPXプライム150指数連動型上場投信,東証ETF,742,+8.9,1.21,"64,200",2026/09/25
774,774,1888,若築建設(株),東証PRM,"3,765",+45,1.21,"12,600",2026/09/25
775,775,2922,(株)なとり,東証PRM,"2,007",+24,1.21,"23,700",2026/09/25
776,776,3848,(株)データ・アプリケーション,東証STD,837,+10,1.21,"2,800",2026/09/25
777,777,4544,Ｈ．Ｕ．グループホールディングス(株),東証PRM,"3,600",+43,1.21,"172,900",2026/09/25
778,778,4633,サカタインクス(株),東証PRM,"2,684",+32,1.21,"163,200",2026/09/25
779,779,473A,ニッセイ ETF 日経225インデックス,東証ETF,"1,333",+16,1.21,"2,781",2026/09/25
780,780,5757,(株)ＣＫサンエツ,東証PRM,"5,010",+60,1.21,"11,600",2026/09/25
781,781,5851,リョービ(株),東証PRM,"2,769",+33,1.21,"146,000",2026/09/25
782,782,6823,リオン(株),東証PRM,"3,355",+40,1.21,"46,500",2026/09/25
783,783,8584,(株)ジャックス,東証PRM,"3,750",+45,1.21,"134,300",2026/09/25
784,784,8725,ＭＳ＆ＡＤインシュアランスグループホールディングス(株),東証PRM,"5,030",+60,1.21,"4,654,700",2026/09/25
785,785,1418,インターライフホールディングス(株),東証STD,592,+7,1.2,"114,600",2026/09/25
786,786,3023,ラサ商事(株),東証STD,"2,100",+25,1.2,"32,500",2026/09/25
787,787,3086,Ｊ．フロント　リテイリング(株),東証PRM,"2,708.5",+32,1.2,"904,800",2026/09/25
788,788,5218,(株)オハラ,東証STD,"1,691",+20,1.2,"48,900",2026/09/25
789,789,5985,サンコール(株),東証STD,"2,445",+29,1.2,"729,400",2026/09/25
790,790,6822,大井電気(株),東証STD,"5,050",+60,1.2,900,2026/09/25
791,791,8015,豊田通商(株),東証PRM,"7,449",+88,1.2,"2,065,100",2026/09/25
792,792,9051,センコン物流(株),東証STD,"1,264",+15,1.2,"2,600",2026/09/25
793,793,1397,SMDAM 日経225上場投信,東証ETF,"67,200",+790,1.19,"11,026",2026/09/25
794,794,1621,(NEXT FUNDS)医薬品上場投信,東証ETF,"30,620",+360,1.19,"1,306",2026/09/25
795,795,3623,ビリングシステム(株),東証GRT,"1,275",+15,1.19,"14,200",2026/09/25
796,796,7287,日本精機(株),東証STD,"2,804",+33,1.19,"193,100",2026/09/25
797,797,7422,東邦レマック(株),東証STD,424,+5,1.19,"9,700",2026/09/25
798,798,7571,(株)ヤマノホールディングス,東証STD,85,+1,1.19,"224,000",2026/09/25
799,799,7744,ノーリツ鋼機(株),東証PRM,"2,037",+24,1.19,"215,800",2026/09/25
800,800,8194,(株)ライフコーポレーション,東証PRM,"2,713",+32,1.19,"236,400",2026/09/25
801,801,9832,(株)オートバックスセブン,東証PRM,"1,620",+19,1.19,"622,100",2026/09/25
802,802,1369,One ETF 日経225,東証ETF,"66,800",+780,1.18,950,2026/09/25
803,803,1578,上場インデックスファンド日経225(ミニ),東証ETF,"5,305",+62,1.18,"2,606",2026/09/25
804,804,3167,(株)ＴＯＫＡＩホールディングス,東証PRM,"1,371",+16,1.18,"908,900",2026/09/25
805,805,325A,(株)ＴＥＮＴＩＡＬ,東証GRT,"1,977",+23,1.18,"189,300",2026/09/25
806,806,3750,ＡＤＲバイオメディカルホールディングス(株),東証STD,860,+10,1.18,"6,400",2026/09/25
807,807,3880,大王製紙(株),東証PRM,"1,031",+12,1.18,"377,900",2026/09/25
808,808,4246,ダイキョーニシカワ(株),東証PRM,"1,113",+13,1.18,"210,100",2026/09/25
809,809,4587,ペプチドリーム(株),東証PRM,"1,069",+12.5,1.18,"494,300",2026/09/25
810,810,5858,(株)ＳＴＧ,東証GRT,"1,200",+14,1.18,"7,100",2026/09/25
811,811,6941,山一電機(株),東証PRM,"8,560",+100,1.18,"226,300",2026/09/25
812,812,9857,英和(株),東証STD,"2,648",+31,1.18,"1,100",2026/09/25
813,813,3645,(株)メディカルネット,東証STD,259,+3,1.17,"11,500",2026/09/25
814,814,429A,テクセンドフォトマスク(株),東証PRM,"3,880",+45,1.17,"331,100",2026/09/25
815,815,4540,(株)ツムラ,東証PRM,"3,878",+45,1.17,"431,200",2026/09/25
816,816,5410,合同製鐵(株),東証PRM,"3,025",+35,1.17,"163,500",2026/09/25
817,817,9765,(株)オオバ,東証PRM,"1,207",+14,1.17,"40,600",2026/09/25
818,818,192A,インテグループ(株),東証GRT,"1,305",+15,1.16,"3,200",2026/09/25
819,819,220A,(株)Ｆａｂｅｒ　Ｃｏｍｐａｎｙ,東証STD,962,+11,1.16,"1,200",2026/09/25
820,820,6614,(株)シキノハイテック,東証STD,870,+10,1.16,"5,800",2026/09/25
821,821,8091,ニチモウ(株),東証PRM,"2,448",+28,1.16,"10,900",2026/09/25
822,822,8142,(株)トーホー,東証PRM,"1,391",+16,1.16,"129,800",2026/09/25
823,823,9438,(株)エムティーアイ,東証PRM,608,+7,1.16,"21,400",2026/09/25
824,824,2931,(株)ユーグレナ,東証PRM,351,+4,1.15,"469,400",2026/09/25
825,825,3679,(株)じげん,東証PRM,441,+5,1.15,"590,500",2026/09/25
826,826,4263,サスメド(株),東証GRT,439,+5,1.15,"113,100",2026/09/25
827,827,4569,杏林製薬(株),東証PRM,"1,140",+13,1.15,"237,300",2026/09/25
828,828,4616,川上塗料(株),東証STD,"2,544",+29,1.15,"1,100",2026/09/25
829,829,6326,(株)クボタ,東証PRM,"2,782",+31.5,1.15,"4,451,100",2026/09/25
830,830,6391,(株)加地テック,東証STD,"4,845",+55,1.15,"2,000",2026/09/25
831,831,3600,(株)フジックス,東証STD,"1,770",+20,1.14,200,2026/09/25
832,832,3863,日本製紙(株),東証PRM,"1,333",+15,1.14,"505,300",2026/09/25
833,833,5406,(株)神戸製鋼所,東証PRM,"2,080",+23.5,1.14,"1,956,200",2026/09/25
834,834,5471,大同特殊鋼(株),東証PRM,"2,479.5",+28,1.14,"832,900",2026/09/25
835,835,6287,(株)サトー,東証PRM,"2,739",+31,1.14,"132,500",2026/09/25
836,836,6965,浜松ホトニクス(株),東証PRM,"2,342.5",+26.5,1.14,"1,508,100",2026/09/25
837,837,9932,杉本商事(株),東証PRM,"1,334",+15,1.14,"48,300",2026/09/25
838,838,1311,(NEXT FUNDS)TOPIX Core30連動型上場投信,東証ETF,"2,155",+24,1.13,"6,561",2026/09/25
839,839,170A,SMT ETF日本好配当株アクティブ,東証ETF,"3,140",+35,1.13,431,2026/09/25
840,840,4380,(株)Ｍマート,東証GRT,714,+8,1.13,"5,900",2026/09/25
841,841,4973,日本高純度化学(株),東証PRM,"4,905",+55,1.13,"70,100",2026/09/25
842,842,6588,東芝テック(株),東証PRM,"2,942",+33,1.13,"155,300",2026/09/25
843,843,6623,愛知電機(株),名証PRM,"8,980",+100,1.13,"3,400",2026/09/25
844,844,6915,千代田インテグレ(株),東証STD,"3,585",+40,1.13,"14,200",2026/09/25
845,845,7476,アズワン(株),東証PRM,"2,542",+28.5,1.13,"136,900",2026/09/25
846,846,9040,大宝運輸(株),名証MN,"4,045",+45,1.13,"1,100",2026/09/25
847,847,9612,(株)ラックランド,東証PRM,"1,257",+14,1.13,"50,400",2026/09/25
848,848,1308,上場インデックスファンドTOPIX,東証ETF,"4,250",+47,1.12,"113,688",2026/09/25
849,849,151A,(株)ダイブグループ,東証GRT,632,+7,1.12,"5,900",2026/09/25
850,850,3839,(株)ＯＤＫソリューションズ,東証STD,633,+7,1.12,"14,200",2026/09/25
851,851,6894,パルステック工業(株),東証STD,"2,169",+24,1.12,"2,200",2026/09/25
852,852,6993,大黒屋ホールディングス(株),東証STD,90,+1,1.12,"2,279,000",2026/09/25
853,853,7877,永大化工(株),東証STD,"2,176",+24,1.12,100,2026/09/25
854,854,9009,京成電鉄(株),東証PRM,"1,352.5",+15,1.12,"1,670,900",2026/09/25
855,855,2467,(株)ＶＬＣセキュリティ,名証NXT,182,+2,1.11,"41,200",2026/09/25
856,856,2587,サントリービバレッジ＆フード(株),東証PRM,"4,542",+50,1.11,"884,400",2026/09/25
857,857,3494,(株)マリオン,東証STD,455,+5,1.11,"7,500",2026/09/25
858,858,6371,(株)椿本チエイン,東証PRM,"2,723",+30,1.11,"189,600",2026/09/25
859,859,6472,ＮＴＮ(株),東証PRM,391.3,+4.3,1.11,"2,416,600",2026/09/25
860,860,8081,(株)カナデン,東証PRM,"2,630",+29,1.11,"67,700",2026/09/25
861,861,8887,(株)シーラホールディングス,東証STD,363,+4,1.11,"50,100",2026/09/25
862,862,9073,京極運輸商事(株),東証STD,"1,277",+14,1.11,"2,900",2026/09/25
863,863,2525,NZAM 上場投信 日経225,東証ETF,"66,900",+730,1.1,"9,348",2026/09/25
864,864,2908,フジッコ(株),東証PRM,"1,647",+18,1.1,"65,100",2026/09/25
865,865,5697,(株)サンユウ,東証STD,829,+9,1.1,"2,000",2026/09/25
866,866,9202,ＡＮＡホールディングス(株),東証PRM,"3,045",+33,1.1,"2,071,000",2026/09/25
867,867,9991,ジェコス(株),東証PRM,"1,830",+20,1.1,"28,400",2026/09/25
868,868,2266,六甲バター(株),東証PRM,"1,114",+12,1.09,"65,100",2026/09/25
869,869,2281,プリマハム(株),東証PRM,"2,415",+26,1.09,"320,300",2026/09/25
870,870,4307,(株)野村総合研究所,東証PRM,"5,089",+55,1.09,"1,966,100",2026/09/25
871,871,4559,ゼリア新薬工業(株),東証PRM,"2,035",+22,1.09,"199,400",2026/09/25
872,872,4578,大塚ホールディングス(株),東証PRM,"11,160",+120,1.09,"1,325,000",2026/09/25
873,873,7931,未来工業(株),東証PRM,"3,700",+40,1.09,"14,700",2026/09/25
874,874,9778,(株)昴,東証STD,"5,570",+60,1.09,200,2026/09/25
875,875,1560,(NEXT FUNDS)マレーシアKLCI連動型上場投信,東証ETF,"6,279",+67,1.08,217,2026/09/25
876,876,3179,シュッピン(株),東証PRM,"1,308",+14,1.08,"248,900",2026/09/25
877,877,4091,日本酸素ホールディングス(株),東証PRM,"5,630",+60,1.08,"785,000",2026/09/25
878,878,4523,エーザイ(株),東証PRM,"4,955",+53,1.08,"1,189,600",2026/09/25
879,879,4611,大日本塗料(株),東証PRM,"1,593",+17,1.08,"100,900",2026/09/25
880,880,4760,(株)アルファ,名証MN,"1,215",+13,1.08,900,2026/09/25
881,881,6104,芝浦機械(株),東証PRM,"4,685",+50,1.08,"174,200",2026/09/25
882,882,7893,(株)プロネクサス,東証PRM,"1,123",+12,1.08,"41,600",2026/09/25
883,883,8071,東海エレクトロニクス(株),名証MN,"2,990",+32,1.08,100,2026/09/25
884,884,8076,(株)カノークス,東証STD,"2,150",+23,1.08,"6,700",2026/09/25
885,885,9069,センコーグループホールディングス(株),東証PRM,"2,380.5",+25.5,1.08,"367,400",2026/09/25
886,886,9214,Ｒｅｃｏｖｅｒｙ　Ｉｎｔｅｒｎａｔｉｏｎａｌ(株),東証GRT,"1,308",+14,1.08,100,2026/09/25
887,887,9769,(株)学究社,東証PRM,"2,619",+28,1.08,"14,300",2026/09/25
888,888,9980,ＭＲＫホールディングス(株),東証STD,94,+1,1.08,"80,900",2026/09/25
889,889,1329,iシェアーズ・コア 日経225ETF,東証ETF,"6,874",+73,1.07,"226,530",2026/09/25
890,890,2224,(株)コモ,東証STD,"3,770",+40,1.07,"5,100",2026/09/25
891,891,2670,(株)エービーシー・マート,東証PRM,"2,735",+29,1.07,"621,300",2026/09/25
892,892,3236,(株)プロパスト,東証STD,284,+3,1.07,"63,800",2026/09/25
893,893,4095,日本パーカライジング(株),東証PRM,"1,800",+19,1.07,"171,900",2026/09/25
894,894,4346,(株)ＮＥＸＹＺ．Ｇｒｏｕｐ,東証STD,"1,037",+11,1.07,"52,100",2026/09/25
895,895,6208,(株)石川製作所,東証STD,"1,800",+19,1.07,"106,300",2026/09/25
896,896,7291,日本プラスト(株),東証STD,472,+5,1.07,"50,400",2026/09/25
897,897,7619,田中商事(株),東証STD,"1,040",+11,1.07,"61,400",2026/09/25
898,898,7751,キヤノン(株),東証PRM,"4,613",+49,1.07,"2,669,100",2026/09/25
899,899,7990,グローブライド(株),東証PRM,"2,459",+26,1.07,"82,500",2026/09/25
900,900,7994,(株)オカムラ,東証PRM,"2,365",+25,1.07,"174,400",2026/09/25
901,901,9505,北陸電力(株),東証PRM,"1,133",+12,1.07,"1,045,900",2026/09/25
902,902,9644,(株)タナベコンサルティンググループ,東証PRM,759,+8,1.07,"66,800",2026/09/25
903,903,2613,(株)Ｊ－オイルミルズ,東証PRM,"2,292",+24,1.06,"47,600",2026/09/25
904,904,2802,味の素(株),東証PRM,"5,051",+53,1.06,"3,000,500",2026/09/25
905,905,3010,ポラリス・ホールディングス(株),東証STD,191,+2,1.06,"228,500",2026/09/25
906,906,4719,(株)アルファシステムズ,東証PRM,"3,350",+35,1.06,"22,200",2026/09/25
907,907,6849,日本光電,東証PRM,"1,625",+17,1.06,"672,200",2026/09/25
908,908,7443,横浜魚類(株),東証STD,669,+7,1.06,"2,100",2026/09/25
909,909,7482,(株)シモジマ,東証PRM,"1,527",+16,1.06,"45,300",2026/09/25
910,910,7608,(株)エスケイジャパン,東証STD,955,+10,1.06,"64,200",2026/09/25
911,911,8158,ソーダニッカ(株),東証PRM,"1,334",+14,1.06,"45,300",2026/09/25
912,912,9322,川西倉庫(株),東証STD,"2,488",+26,1.06,"5,200",2026/09/25
913,913,2173,(株)博展,東証GRT,771,+8,1.05,"27,000",2026/09/25
914,914,2524,NZAM 上場投信 TOPIX,東証ETF,"4,221",+44,1.05,"17,882",2026/09/25
915,915,2567,NZAM 上場投信 S&P/JPXカーボン・エフィシェント指数,東証ETF,546,+5.7,1.05,"10,460",2026/09/25
916,916,2625,iFreeETF TOPIX(年4回決算型),東証ETF,"4,137",+43,1.05,"1,554",2026/09/25
917,917,2845,(NEXT FUNDS) NASDAQ-100(H有)連動型上場投信,東証ETF,"3,669",+38,1.05,"6,482",2026/09/25
918,918,3539,(株)ＪＭホールディングス,東証PRM,"1,450",+15,1.05,"150,600",2026/09/25
919,919,3696,(株)セレス,東証PRM,"2,217",+23,1.05,"103,000",2026/09/25
920,920,3994,(株)マネーフォワード,東証PRM,"5,763",+60,1.05,"609,800",2026/09/25
921,921,504A,イノバセル(株),東証GRT,579,+6,1.05,"148,200",2026/09/25
922,922,5930,文化シヤッター(株),東証PRM,"1,928",+20,1.05,"102,800",2026/09/25
923,923,6161,(株)エスティック,東証STD,"1,057",+11,1.05,"2,700",2026/09/25
924,924,6963,ローム(株),東証PRM,"4,792",+50,1.05,"2,407,800",2026/09/25
925,925,7282,豊田合成(株),東証PRM,"5,310",+55,1.05,"350,100",2026/09/25
926,926,7520,(株)エコス,東証PRM,"2,596",+27,1.05,"16,700",2026/09/25
927,927,9305,(株)ヤマタネ,東証PRM,"2,126",+22,1.05,"73,900",2026/09/25
928,928,1592,上場インデックス JPX日経インデックス400,東証ETF,"3,403",+35,1.04,"7,483",2026/09/25
929,929,1867,(株)植木組,東証STD,"2,732",+28,1.04,"5,600",2026/09/25
930,930,259A,(株)ケイ・ウノ,名証NXT,"1,940",+20,1.04,"2,100",2026/09/25
931,931,2795,日本プリメックス(株),東証STD,974,+10,1.04,"1,200",2026/09/25
932,932,3986,(株)ビーブレイクシステムズ,東証STD,484,+5,1.04,"6,100",2026/09/25
933,933,4025,多木化学(株),東証PRM,"5,810",+60,1.04,"20,100",2026/09/25
934,934,6635,(株)大日光・エンジニアリング,東証STD,679,+7,1.04,"2,800",2026/09/25
935,935,7740,(株)タムロン,東証PRM,"1,361",+14,1.04,"326,100",2026/09/25
936,936,9005,東急(株),東証PRM,"1,658.5",+17,1.04,"2,257,700",2026/09/25
937,937,1689,WisdomTree 天然ガス上場投信,東証ETF,782,+8,1.03,"144,716",2026/09/25
938,938,2914,ＪＴ,東証PRM,"6,943",+71,1.03,"4,213,200",2026/09/25
939,939,3909,(株)ショーケース,東証STD,196,+2,1.03,"3,200",2026/09/25
940,940,5011,ニチレキグループ(株),東証PRM,"2,354",+24,1.03,"65,500",2026/09/25
941,941,6493,(株)ＮＩＴＴＡＮ,東証STD,490,+5,1.03,"42,300",2026/09/25
942,942,6776,天昇電気工業(株),東証STD,295,+3,1.03,"23,400",2026/09/25
943,943,7615,(株)京都きもの友禅ホールディングス,東証STD,98,+1,1.03,"27,900",2026/09/25
944,944,8057,(株)内田洋行,東証PRM,"2,247",+23,1.03,"170,000",2026/09/25
945,945,9021,西日本旅客鉄道(株),東証PRM,"3,037",+31,1.03,"1,764,400",2026/09/25
946,946,9532,大阪ガス(株),東証PRM,"5,863",+60,1.03,"1,001,600",2026/09/25
947,947,9983,(株)ファーストリテイリング,東証PRM,"68,620",+700,1.03,"756,200",2026/09/25
948,948,2237,iFreeETF S&P500レバレッジ,東証ETF,"2,473",+25,1.02,"9,894",2026/09/25
949,949,2642,SMT ETFカーボン・エフィシェント日本株,東証ETF,"54,210",+550,1.02,1,2026/09/25
950,950,2937,(株)サンクゼール,東証GRT,"1,790",+18,1.02,"11,200",2026/09/25
951,951,3139,(株)ラクト・ジャパン,東証PRM,"3,480",+35,1.02,"28,800",2026/09/25
952,952,4892,(株)サイフューズ,東証GRT,690,+7,1.02,"40,700",2026/09/25
953,953,6309,巴工業(株),東証PRM,"1,984",+20,1.02,"110,600",2026/09/25
954,954,7033,(株)マネジメントソリューションズ,東証PRM,"1,591",+16,1.02,"69,700",2026/09/25
955,955,8566,リコーリース(株),東証PRM,"6,940",+70,1.02,"60,200",2026/09/25
956,956,9041,近鉄グループホールディングス(株),東証PRM,"3,556",+36,1.02,"1,188,900",2026/09/25
957,957,9824,泉州電業(株),東証PRM,"7,930",+80,1.02,"84,400",2026/09/25
958,958,3134,Ｈａｍｅｅ(株),東証STD,299,+3,1.01,"42,300",2026/09/25
959,959,3558,ジェイドグループ(株),東証GRT,"1,895",+19,1.01,"74,600",2026/09/25
960,960,6118,アイダエンジニアリング(株),東証PRM,"1,206",+12,1.01,"223,500",2026/09/25
961,961,9446,(株)サカイホールディングス,東証STD,697,+7,1.01,"3,200",2026/09/25
962,962,1429,(株)日本アクア,東証PRM,808,+8,1.0,"54,200",2026/09/25
963,963,2250,iシェアーズ MSCI ジャパン気候変動アクション ETF,東証ETF,375,+3.7,1.0,530,2026/09/25
964,964,2375,ギグワークス(株),東証STD,203,+2,1.0,"20,900",2026/09/25
965,965,2897,日清食品ホールディングス(株),東証PRM,"2,939",+29,1.0,"999,500",2026/09/25
966,966,3042,(株)セキュアヴェイル,東証STD,303,+3,1.0,"16,900",2026/09/25
967,967,4238,ミライアル(株),東証STD,"2,025",+20,1.0,"82,400",2026/09/25
968,968,4484,ランサーズ(株),東証GRT,302,+3,1.0,"17,200",2026/09/25
969,969,5108,(株)ブリヂストン,東証PRM,"3,839",+38,1.0,"4,182,700",2026/09/25
970,970,518A,(NEXT FUNDS) FTSE日本株高配当キャッシュフロー50,東証ETF,"2,129",+21,1.0,"7,719",2026/09/25
971,971,6224,(株)ＪＲＣ,東証GRT,"1,212",+12,1.0,"12,300",2026/09/25
972,972,630A,ニッセイ ETF TOPIX(年4回決算型),東証ETF,"1,510",+15,1.0,543,2026/09/25
973,973,6841,横河電機(株),東証PRM,"4,740",+47,1.0,"1,016,200",2026/09/25
974,974,6988,日東電工(株),東証PRM,"3,548",+35,1.0,"3,082,500",2026/09/25
975,975,7325,(株)アイリックコーポレーション,東証GRT,709,+7,1.0,"8,300",2026/09/25
976,976,7811,中本パックス(株),東証STD,"2,329",+23,1.0,"33,100",2026/09/25
977,977,8058,三菱商事(株),東証PRM,"4,859",+48,1.0,"7,325,300",2026/09/25
978,978,8098,稲畑産業(株),東証PRM,"4,535",+45,1.0,"138,900",2026/09/25
979,979,8876,(株)リログループ,東証PRM,"2,317.5",+23,1.0,"563,800",2026/09/25
980,980,1489,(NEXT FUNDS)日経平均高配当株50指数連動型ETF,東証ETF,"3,585",+35,0.99,"457,068",2026/09/25
981,981,2017,iFreeETF JPXプライム150,東証ETF,"1,536",+15,0.99,"4,847",2026/09/25
982,982,2721,(株)ジェイホールディングス,東証STD,102,+1,0.99,"29,400",2026/09/25
983,983,3028,(株)アルペン,東証PRM,"2,336",+23,0.99,"67,900",2026/09/25
984,984,3071,(株)ストリーム,東証STD,102,+1,0.99,"26,500",2026/09/25
985,985,6306,日工(株),東証PRM,"1,020",+10,0.99,"99,500",2026/09/25
986,986,6455,(株)モリタホールディングス,東証PRM,"2,540",+25,0.99,"70,300",2026/09/25
987,987,6549,ディーエムソリューションズ(株),東証STD,"1,118",+11,0.99,"3,800",2026/09/25
988,988,6845,アズビル(株),東証PRM,"1,479",+14.5,0.99,"1,672,600",2026/09/25
989,989,9024,(株)西武ホールディングス,東証PRM,"3,586",+35,0.99,"1,105,900",2026/09/25
990,990,9619,(株)イチネンホールディングス,東証PRM,"2,762",+27,0.99,"37,400",2026/09/25
991,991,1994,高橋カーテンウォール工業(株),東証STD,618,+6,0.98,"3,400",2026/09/25
992,992,2424,(株)ブラス,東証STD,617,+6,0.98,"2,200",2026/09/25
993,993,2573,北海道コカ・コーラボトリング(株),東証STD,"4,130",+40,0.98,"5,600",2026/09/25
994,994,2848,GX MSCI 気候変動対応-日本株式,東証ETF,"3,083",+30,0.98,47,2026/09/25
995,995,2851,iシェアーズ MSCI ジャパンSRI,東証ETF,399.9,+3.9,0.98,"2,570",2026/09/25
996,996,3184,ＩＣＤＡホールディングス(株),東証STD,"4,140",+40,0.98,300,2026/09/25
997,997,3760,(株)ケイブ,東証STD,722,+7,0.98,"11,200",2026/09/25
998,998,4445,リビン・テクノロジーズ(株),東証GRT,"1,960",+19,0.98,"4,600",2026/09/25
999,999,4886,あすか製薬ホールディングス(株),東証PRM,"2,157",+21,0.98,"51,900",2026/09/25
1000,1000,5020,ＥＮＥＯＳホールディングス(株),東証PRM,"1,436",+14,0.98,"12,562,600",2026/09/25
1001,1001,5458,高砂鐵工(株),東証STD,"1,333",+13,0.98,"1,100",2026/09/25
1002,1002,5949,ユニプレス(株),東証PRM,"1,342",+13,0.98,"123,900",2026/09/25
1003,1003,6333,(株)ＴＥＩＫＯＫＵ,東証PRM,"3,605",+35,0.98,"92,200",2026/09/25
1004,1004,8276,(株)平和堂,東証PRM,"2,684",+26,0.98,"87,100",2026/09/25
1005,1005,8572,アコム(株),東証STD,486.7,+4.7,0.98,"1,405,500",2026/09/25
1006,1006,9039,(株)サカイ引越センター,東証PRM,"3,080",+30,0.98,"132,100",2026/09/25
1007,1007,9085,北海道中央バス(株),札証,"5,150",+50,0.98,"1,600",2026/09/25
1008,1008,9341,(株)ＧＥＮＯＶＡ,東証PRM,620,+6,0.98,"31,900",2026/09/25
1009,1009,9351,東洋埠頭(株),東証STD,"1,949",+19,0.98,"12,900",2026/09/25
1010,1010,9739,ＮＳＷ(株),東証PRM,"2,691",+26,0.98,"34,800",2026/09/25
1011,1011,9882,(株)イエローハット,東証PRM,"1,745",+17,0.98,"238,400",2026/09/25
1012,1012,2568,上場インデックスファンド米国株式(NASDAQ100)H無,東証ETF,"8,299",+80,0.97,"6,853",2026/09/25
1013,1013,2602,日清オイリオグループ(株),東証PRM,"2,089",+20,0.97,"186,000",2026/09/25
1014,1014,3092,(株)ＺＯＺＯ,東証PRM,"1,149.5",+11,0.97,"2,697,200",2026/09/25
1015,1015,4543,テルモ(株),東証PRM,"2,296.5",+22,0.97,"5,424,500",2026/09/25
1016,1016,5105,ＴＯＹＯ　ＴＩＲＥ(株),東証PRM,"3,871",+37,0.97,"1,249,100",2026/09/25
1017,1017,5332,ＴＯＴＯ(株),東証PRM,"5,916",+57,0.97,"834,600",2026/09/25
1018,1018,5805,ＳＷＣＣ(株),東証PRM,"13,540",+130,0.97,"221,000",2026/09/25
1019,1019,6586,(株)マキタ,東証PRM,"5,396",+52,0.97,"769,000",2026/09/25
1020,1020,7239,(株)タチエス,東証PRM,"2,398",+23,0.97,"148,200",2026/09/25
1021,1021,8037,カメイ(株),東証PRM,"5,210",+50,0.97,"146,300",2026/09/25
1022,1022,8065,佐藤商事(株),東証PRM,"3,130",+30,0.97,"55,400",2026/09/25
1023,1023,9344,アクシスコンサルティング(株),東証GRT,"1,354",+13,0.97,"15,500",2026/09/25
1024,1024,3964,(株)オークネット,東証PRM,"1,367",+13,0.96,"484,700",2026/09/25
1025,1025,6470,大豊工業(株),東証STD,"1,152",+11,0.96,"65,100",2026/09/25
1026,1026,6629,テクノホライゾン(株),東証STD,"1,050",+10,0.96,"158,300",2026/09/25
1027,1027,7914,共同印刷(株),東証PRM,"1,784",+17,0.96,"85,100",2026/09/25
1028,1028,7981,タカラスタンダード(株),東証PRM,"3,140",+30,0.96,"119,600",2026/09/25
1029,1029,7983,(株)ミロク,東証STD,"1,162",+11,0.96,"1,200",2026/09/25
1030,1030,9531,東京ガス(株),東証PRM,"6,226",+59,0.96,"917,700",2026/09/25
1031,1031,9628,燦ホールディングス(株),東証PRM,"1,365",+13,0.96,"86,800",2026/09/25
1032,1032,9682,(株)ＤＴＳ,東証PRM,"1,152",+11,0.96,"919,600",2026/09/25
1033,1033,2685,(株)アンドエスティＨＤ,東証PRM,"3,200",+30,0.95,"199,700",2026/09/25
1034,1034,287A,黒田グループ(株),東証STD,"1,172",+11,0.95,"491,700",2026/09/25
1035,1035,3106,クラボウ,東証PRM,"11,690",+110,0.95,"38,500",2026/09/25
1036,1036,3205,(株)ダイドーリミテッド,東証STD,747,+7,0.95,"103,300",2026/09/25
1037,1037,3916,デジタル・インフォメーション・テクノロジー(株),東証PRM,961,+9,0.95,"75,900",2026/09/25
1038,1038,4046,(株)大阪ソーダ,東証PRM,"2,012",+19,0.95,"303,800",2026/09/25
1039,1039,4076,(株)シイエヌエス,東証GRT,"2,020",+19,0.95,"3,700",2026/09/25
1040,1040,4187,大阪有機化学工業(株),東証PRM,"4,250",+40,0.95,"125,000",2026/09/25
1041,1041,5619,マーソ(株),東証GRT,849,+8,0.95,800,2026/09/25
1042,1042,6457,グローリー(株),東証PRM,"4,554",+43,0.95,"186,500",2026/09/25
1043,1043,6769,ザインエレクトロニクス(株),東証STD,"1,281",+12,0.95,"99,600",2026/09/25
1044,1044,8593,三菱ＨＣキャピタル(株),東証PRM,"1,378.5",+13,0.95,"3,953,000",2026/09/25
1045,1045,9359,伊勢湾海運(株),名証MN,958,+9,0.95,"6,200",2026/09/25
1046,1046,2307,(株)クロスキャット,東証PRM,"1,070",+10,0.94,"74,600",2026/09/25
1047,1047,2501,サッポロビール(株),東証PRM,"1,820",+17,0.94,"974,500",2026/09/25
1048,1048,3050,ＤＣＭホールディングス(株),東証PRM,"1,608",+15,0.94,"307,700",2026/09/25
1049,1049,3498,霞ヶ関キャピタル(株),東証PRM,"7,550",+70,0.94,"255,000",2026/09/25
1050,1050,559A,梅乃宿酒造(株),東証STD,"1,179",+11,0.94,"6,400",2026/09/25
1051,1051,5702,(株)大紀アルミニウム工業所,東証PRM,"1,835",+17,0.94,"254,200",2026/09/25
1052,1052,6820,アイコム(株),東証PRM,"3,750",+35,0.94,"21,400",2026/09/25
1053,1053,7723,愛知時計電機(株),東証PRM,"2,909",+27,0.94,"19,300",2026/09/25
1054,1054,7844,(株)マーベラス,東証PRM,539,+5,0.94,"198,900",2026/09/25
1055,1055,8860,フジ住宅(株),東証PRM,752,+7,0.94,"61,300",2026/09/25
1056,1056,184A,(株)学びエイド,東証GRT,324,+3,0.93,"1,300",2026/09/25
1057,1057,2810,ハウス食品グループ本社(株),東証PRM,"4,027",+37,0.93,"241,800",2026/09/25
1058,1058,3996,サインポスト(株),東証STD,218,+2,0.93,"39,500",2026/09/25
1059,1059,412A,(NEXT FUNDS) 台湾イノベイティブ・テクノロジー50,東証ETF,"4,794",+44,0.93,"6,554",2026/09/25
1060,1060,423A,(株)ライオン事務器,東証STD,326,+3,0.93,"19,800",2026/09/25
1061,1061,486A,(NEXT FUNDS) ユーロ・ストックス50(H無),東証ETF,"2,179",+20,0.93,"1,008",2026/09/25
1062,1062,4880,セルソース(株),東証STD,325,+3,0.93,"61,200",2026/09/25
1063,1063,5388,クニミネ工業(株),東証STD,"1,408",+13,0.93,"11,700",2026/09/25
1064,1064,7035,ａｎｄ　ｆａｃｔｏｒｙ(株),東証STD,218,+2,0.93,"25,800",2026/09/25
1065,1065,7079,ＷＤＢココ(株),東証GRT,"2,600",+24,0.93,"3,600",2026/09/25
1066,1066,7512,イオン北海道(株),東証STD,864,+8,0.93,"88,900",2026/09/25
1067,1067,7897,ホクシン(株),東証STD,108,+1,0.93,"48,500",2026/09/25
1068,1068,8020,兼松(株),東証PRM,"2,338.5",+21.5,0.93,"564,000",2026/09/25
1069,1069,9610,ウィルソン・ラーニング　ワールドワイド(株),東証STD,109,+1,0.93,"61,900",2026/09/25
1070,1070,2292,Ｓ　ＦＯＯＤＳ(株),東証PRM,"2,757",+25,0.92,"131,800",2026/09/25
1071,1071,4370,モビルス(株),東証GRT,437,+4,0.92,"22,300",2026/09/25
1072,1072,5480,日本冶金工業(株),東証PRM,"5,500",+50,0.92,"43,700",2026/09/25
1073,1073,5970,(株)ジーテクト,東証PRM,"2,304",+21,0.92,"163,100",2026/09/25
1074,1074,6474,(株)不二越,東証PRM,"5,510",+50,0.92,"48,500",2026/09/25
1075,1075,6677,(株)エスケーエレクトロニクス,東証STD,"3,280",+30,0.92,"85,100",2026/09/25
1076,1076,6794,フォスター電機(株),東証PRM,"3,285",+30,0.92,"216,400",2026/09/25
1077,1077,7807,(株)幸和製作所,東証STD,880,+8,0.92,"1,300",2026/09/25
1078,1078,7997,(株)くろがね工作所,東証STD,"1,098",+10,0.92,"2,400",2026/09/25
1079,1079,1766,東建コーポレーション(株),東証PRM,"13,280",+120,0.91,"30,200",2026/09/25
1080,1080,2048,NEXT NOTES 野村日本株高配当70(ドルH、NR)ETN,東証ETF,"56,380",+510,0.91,10,2026/09/25
1081,1081,3469,(株)デュアルタップ,東証STD,889,+8,0.91,"1,300",2026/09/25
1082,1082,3962,(株)チェンジホールディングス,東証PRM,"1,001",+9,0.91,"146,700",2026/09/25
1083,1083,5333,ＮＧＫ(株),東証PRM,"5,415",+49,0.91,"1,156,200",2026/09/25
1084,1084,5449,大阪製鐵(株),東証STD,"2,650",+24,0.91,"28,300",2026/09/25
1085,1085,181A,MAXIS 米国国債1-3年上場投信(H無),東証ETF,526.6,+4.7,0.9,"13,760",2026/09/25
1086,1086,2678,アスクル(株),東証PRM,"1,240",+11,0.9,"266,700",2026/09/25
1087,1087,3433,トーカロ(株),東証PRM,"2,917",+26,0.9,"173,600",2026/09/25
1088,1088,3804,(株)システム　ディ,東証STD,448,+4,0.9,"4,400",2026/09/25
1089,1089,4923,コタ(株),東証PRM,"1,232",+11,0.9,"28,500",2026/09/25
1090,1090,6054,(株)リブセンス,東証STD,112,+1,0.9,"14,900",2026/09/25
1091,1091,6742,(株)京三製作所,東証PRM,"1,120",+10,0.9,"313,400",2026/09/25
1092,1092,6753,シャープ(株),東証PRM,662.3,+5.9,0.9,"3,038,400",2026/09/25
1093,1093,7241,フタバ産業(株),東証PRM,"1,119",+10,0.9,"516,800",2026/09/25
1094,1094,7537,丸文(株),東証PRM,"1,913",+17,0.9,"76,200",2026/09/25
1095,1095,7670,オーウエル(株),東証STD,"1,230",+11,0.9,"4,500",2026/09/25
1096,1096,7686,(株)ひとまいる,東証STD,450,+4,0.9,"36,300",2026/09/25
1097,1097,7938,(株)リーガルコーポレーション,東証STD,"2,132",+19,0.9,"1,900",2026/09/25
1098,1098,7995,(株)バルカー,東証PRM,"6,760",+60,0.9,"39,600",2026/09/25
1099,1099,9064,ヤマトホールディングス(株),東証PRM,"2,020",+18,0.9,"1,808,900",2026/09/25
1100,1100,9302,三井倉庫ホールディングス(株),東証PRM,"3,367",+30,0.9,"229,700",2026/09/25
1101,1101,1553,MAXIS S&P東海上場投信,名証ETF,"5,751",+51,0.89,40,2026/09/25
1102,1102,2001,(株)ニップン,東証PRM,"2,952",+26,0.89,"145,100",2026/09/25
1103,1103,2164,(株)地域新聞社,東証STD,113,+1,0.89,"26,400",2026/09/25
1104,1104,4112,保土谷化学工業(株),東証PRM,"2,160",+19,0.89,"34,500",2026/09/25
1105,1105,5632,三菱製鋼(株),東証PRM,"2,593",+23,0.89,"159,500",2026/09/25
1106,1106,6143,(株)ソディック,東証PRM,"1,703",+15,0.89,"311,000",2026/09/25
1107,1107,6392,(株)ヤマダコーポレーション,東証STD,"7,940",+70,0.89,300,2026/09/25
1108,1108,8029,(株)ルックホールディングス,東証STD,"2,714",+24,0.89,"8,800",2026/09/25
1109,1109,8252,(株)丸井グループ,東証PRM,"2,889.5",+25.5,0.89,"831,800",2026/09/25
1110,1110,1518,三井松島ホールディングス(株),東証PRM,"2,300",+20,0.88,"361,600",2026/09/25
1111,1111,2211,(株)不二家,東証PRM,"2,526",+22,0.88,"33,700",2026/09/25
1112,1112,2247,iFreeETF S&P500(H無),東証ETF,"2,290",+20,0.88,"69,975",2026/09/25
1113,1113,3504,(株)丸八ホールディングス,名証MN,"1,382",+12,0.88,"3,700",2026/09/25
1114,1114,4763,(株)クリーク・アンド・リバー社,東証PRM,"1,493",+13,0.88,"35,700",2026/09/25
1115,1115,517A,iFreeETF 米ドル・べア(1倍),東証ETF,"1,951",+17,0.88,5,2026/09/25
1116,1116,6436,アマノ(株),東証PRM,"3,909",+34,0.88,"355,600",2026/09/25
1117,1117,6702,富士通(株),東証PRM,"4,028",+35,0.88,"7,302,900",2026/09/25
1118,1118,7276,(株)小糸製作所,東証PRM,"2,690.5",+23.5,0.88,"866,300",2026/09/25
1119,1119,7513,(株)コジマ,東証PRM,"1,484",+13,0.88,"231,500",2026/09/25
1120,1120,8848,(株)レオパレス２１,東証PRM,"1,030",+9,0.88,"3,941,500",2026/09/25
1121,1121,1348,MAXIS トピックス上場投信,東証ETF,"4,285",+37,0.87,"28,672",2026/09/25
1122,1122,2239,上場インデックスファンドS&P500先物レバレッジ2倍,東証ETF,"26,765",+230,0.87,390,2026/09/25
1123,1123,2325,(株)ＮＪＳ,東証PRM,"4,635",+40,0.87,"19,200",2026/09/25
1124,1124,242A,(株)リプライオリティ,福岡Q,580,+5,0.87,600,2026/09/25
1125,1125,3556,リネットジャパングループ(株),東証GRT,811,+7,0.87,"22,700",2026/09/25
1126,1126,416A,富士ユナイトホールディングス(株),東証STD,"1,388",+12,0.87,"16,700",2026/09/25
1127,1127,625A,(株)Ｓｋｙｆａｌｌ,東証GRT,"1,627",+14,0.87,"5,015,800",2026/09/25
1128,1128,7062,(株)フレアス,東証GRT,693,+6,0.87,"2,500",2026/09/25
1129,1129,7245,大同メタル工業(株),東証PRM,"1,163",+10,0.87,"225,400",2026/09/25
1130,1130,7747,朝日インテック(株),東証PRM,"3,367",+29,0.87,"1,413,200",2026/09/25
1131,1131,7846,(株)パイロットコーポレーション,東証PRM,"2,155.5",+18.5,0.87,"310,200",2026/09/25
1132,1132,9130,共栄タンカー(株),東証STD,"1,747",+15,0.87,"121,800",2026/09/25
1133,1133,9242,メディア総研(株),東証GRT,"1,974",+17,0.87,100,2026/09/25
1134,1134,2332,(株)クエスト,東証STD,"1,750",+15,0.86,"10,300",2026/09/25
1135,1135,2569,上場インデックスファンド米国株式(NASDAQ100)H有,東証ETF,"4,458",+38,0.86,"6,791",2026/09/25
1136,1136,4598,Ｄｅｌｔａ－Ｆｌｙ　Ｐｈａｒｍａ(株),東証GRT,117,+1,0.86,"253,200",2026/09/25
1137,1137,4662,(株)フォーカスシステムズ,東証PRM,"1,647",+14,0.86,"35,700",2026/09/25
1138,1138,4845,(株)スカラ,東証STD,350,+3,0.86,"26,100",2026/09/25
1139,1139,587A,インベスコ QQQ トラスト シリーズ1,東証ETF,"117,750","+1,000",0.86,382,2026/09/25
1140,1140,6307,サンセイ(株),東証STD,469,+4,0.86,"4,300",2026/09/25
1141,1141,6412,(株)平和,東証PRM,"2,216",+19,0.86,"563,200",2026/09/25
1142,1142,7970,信越ポリマー(株),東証PRM,"2,350",+20,0.86,"105,800",2026/09/25
1143,1143,8508,Ｊトラスト(株),東証STD,818,+7,0.86,"1,282,200",2026/09/25
1144,1144,137A,Ｃｏｃｏｌｉｖｅ(株),東証GRT,709,+6,0.85,"1,200",2026/09/25
1145,1145,1694,WisdomTree ニッケル上場投信,東証ETF,"2,254",+19,0.85,50,2026/09/25
1146,1146,2811,カゴメ(株),東証PRM,"2,725.5",+23,0.85,"239,900",2026/09/25
1147,1147,4687,ＴＤＣソフト(株),東証PRM,"1,063",+9,0.85,"74,800",2026/09/25
1148,1148,539A,NZAM 上場投信 海外債券(FTSE WGBI除く日本)(H無),東証ETF,"4,859",+41,0.85,10,2026/09/25
1149,1149,5575,(株)Ｇｌｏｂｅｅ,東証GRT,"1,186",+10,0.85,"4,100",2026/09/25
1150,1150,563A,GX NASDAQ100・デイリー・カバード・コール,東証ETF,"1,063",+9,0.85,"920,484",2026/09/25
1151,1151,6952,カシオ計算機(株),東証PRM,"2,201.5",+18.5,0.85,"1,641,900",2026/09/25
1152,1152,7921,(株)ＴＡＫＡＲＡ　＆　ＣＯＭＰＡＮＹ,東証PRM,"4,135",+35,0.85,"25,900",2026/09/25
1153,1153,8349,(株)東北銀行,東証STD,"1,655",+14,0.85,"29,500",2026/09/25
1154,1154,9115,明海グループ(株),東証STD,"1,069",+9,0.85,"18,000",2026/09/25
1155,1155,9842,アークランズ(株),東証PRM,"1,896",+16,0.85,"119,200",2026/09/25
1156,1156,1381,(株)アクシーズ,東証STD,"3,595",+30,0.84,"1,200",2026/09/25
1157,1157,1624,(NEXT FUNDS)機械上場投信,東証ETF,"83,800",+700,0.84,149,2026/09/25
1158,1158,1899,(株)福田組,東証PRM,"4,805",+40,0.84,"48,700",2026/09/25
1159,1159,3739,コムシード(株),名証NXT,120,+1,0.84,"6,800",2026/09/25
1160,1160,499A,ラグジュアリー厳選10 欧州株(ネットリターン)ETN,東証ETF,"7,951",+66,0.84,23,2026/09/25
1161,1161,5451,(株)ヨドコウ,東証PRM,"1,448",+12,0.84,"289,600",2026/09/25
1162,1162,7867,(株)タカラトミー,東証PRM,"4,086",+34,0.84,"580,500",2026/09/25
1163,1163,9060,日本ロジテム(株),東証STD,"4,195",+35,0.84,"1,000",2026/09/25
1164,1164,9326,関通ホールディングス(株),東証GRT,478,+4,0.84,"6,200",2026/09/25
1165,1165,9639,三協フロンテア(株),東証STD,"2,403",+20,0.84,"2,700",2026/09/25
1166,1166,9872,北恵(株),東証STD,960,+8,0.84,"6,000",2026/09/25
1167,1167,9896,ＪＫホールディングス(株),東証STD,"1,433",+12,0.84,"41,900",2026/09/25
1168,1168,2526,NZAM 上場投信 JPX日経400,東証ETF,"37,590",+310,0.83,273,2026/09/25
1169,1169,2736,フェスタリアホールディングス(株),東証STD,607,+5,0.83,"1,600",2026/09/25
1170,1170,2859,(NEXT FUNDS) ユーロ・ストックス50(H有),東証ETF,"3,177",+26,0.83,776,2026/09/25
1171,1171,4539,日本ケミファ(株),東証STD,"1,573",+13,0.83,"1,200",2026/09/25
1172,1172,4914,高砂香料工業(株),東証PRM,"1,335",+11,0.83,"138,500",2026/09/25
1173,1173,4968,荒川化学工業(株),東証PRM,"2,418",+20,0.83,"201,700",2026/09/25
1174,1174,5911,(株)横河ブリッジホールディングス,東証PRM,"3,030",+25,0.83,"87,300",2026/09/25
1175,1175,5988,(株)パイオラックス,東証PRM,"1,710",+14,0.83,"79,400",2026/09/25
1176,1176,6315,ＴＯＷＡ(株),東証PRM,"2,193",+18,0.83,"3,005,300",2026/09/25
1177,1177,6834,(株)精工技研,東証STD,"6,090",+50,0.83,"515,500",2026/09/25
1178,1178,7630,(株)壱番屋,東証PRM,"1,095",+9,0.83,"556,100",2026/09/25
1179,1179,7936,(株)アシックス,東証PRM,"4,144",+34,0.83,"5,440,700",2026/09/25
1180,1180,7942,(株)ＪＳＰ,東証PRM,"3,035",+25,0.83,"71,000",2026/09/25
1181,1181,8111,(株)ゴールドウイン,東証PRM,"2,182",+18,0.83,"474,300",2026/09/25
1182,1182,1473,One ETF トピックス,東証ETF,"4,201",+34,0.82,"1,750",2026/09/25
1183,1183,1618,(NEXT FUNDS)エネルギー資源上場投信,東証ETF,"37,060",+300,0.82,971,2026/09/25
1184,1184,1814,大末建設(株),東証PRM,"3,680",+30,0.82,"66,700",2026/09/25
1185,1185,2801,キッコーマン(株),東証PRM,"1,662",+13.5,0.82,"2,573,800",2026/09/25
1186,1186,3467,アグレ都市デザイン(株),東証STD,"2,838",+23,0.82,"2,600",2026/09/25
1187,1187,3825,(株)リミックスポイント,東証STD,247,+2,0.82,"1,110,400",2026/09/25
1188,1188,4186,東京応化工業(株),東証PRM,"8,358",+68,0.82,"739,200",2026/09/25
1189,1189,4318,(株)クイック,東証PRM,863,+7,0.82,"115,300",2026/09/25
1190,1190,4368,扶桑化学工業(株),東証PRM,"3,060",+25,0.82,"430,600",2026/09/25
1191,1191,4849,エン(株),東証PRM,"1,727",+14,0.82,"394,700",2026/09/25
1192,1192,8804,東京建物(株),東証PRM,"3,320",+27,0.82,"1,058,800",2026/09/25
1193,1193,9504,中国電力(株),東証PRM,"1,050.5",+8.5,0.82,"1,743,700",2026/09/25
1194,1194,1477,iシェアーズ MSCI 日本株最小分散 ETF,東証ETF,"3,373",+27,0.81,807,2026/09/25
1195,1195,2639,GX バイオ＆メドテック-日本株式,東証ETF,"1,734",+14,0.81,"1,612",2026/09/25
1196,1196,2750,石光商事(株),東証STD,"1,373",+11,0.81,"11,500",2026/09/25
1197,1197,3941,レンゴー(株),東証PRM,"1,549",+12.5,0.81,"1,012,800",2026/09/25
1198,1198,3955,(株)イムラ,東証STD,874,+7,0.81,"7,800",2026/09/25
1199,1199,4098,チタン工業(株),東証STD,"1,000",+8,0.81,"3,900",2026/09/25
1200,1200,4205,日本ゼオン(株),東証PRM,"2,440",+19.5,0.81,"1,015,700",2026/09/25
1201,1201,5463,丸一鋼管(株),東証PRM,"1,732",+14,0.81,"620,800",2026/09/25
1202,1202,6699,ダイヤモンドエレクトリックホールディングス(株),東証STD,497,+4,0.81,"63,000",2026/09/25
1203,1203,7731,(株)ニコン,東証PRM,"1,873.5",+15,0.81,"2,709,400",2026/09/25
1204,1204,1494,One ETF 高配当日本株,東証ETF,"44,290",+350,0.8,"1,335",2026/09/25
1205,1205,2157,(株)コシダカホールディングス,東証PRM,"1,007",+8,0.8,"816,000",2026/09/25
1206,1206,2169,ＣＤＳ(株),東証STD,"1,754",+14,0.8,"2,700",2026/09/25
1207,1207,2464,(株)Ａｏｂａ－ＢＢＴ,東証STD,379,+3,0.8,"12,800",2026/09/25
1208,1208,2700,木徳神糧(株),東証STD,"1,754",+14,0.8,"6,900",2026/09/25
1209,1209,4452,花王(株),東証PRM,"3,513",+28,0.8,"3,144,000",2026/09/25
1210,1210,4848,(株)フルキャストホールディングス,東証PRM,"1,882",+15,0.8,"66,600",2026/09/25
1211,1211,5262,日本ヒューム(株),東証PRM,"1,128",+9,0.8,"139,000",2026/09/25
1212,1212,6395,(株)タダノ,東証PRM,"1,381",+11,0.8,"247,300",2026/09/25
1213,1213,6762,ＴＤＫ(株),東証PRM,"2,978",+23.5,0.8,"9,616,900",2026/09/25
1214,1214,6908,イリソ電子工業(株),東証PRM,"2,881",+23,0.8,"124,100",2026/09/25
1215,1215,6927,ヘリオス　テクノ　ホールディング(株),東証STD,"1,004",+8,0.8,"42,700",2026/09/25
1216,1216,7231,トピー工業(株),東証PRM,"3,160",+25,0.8,"61,200",2026/09/25
1217,1217,8944,(株)ランドビジネス,東証STD,251,+2,0.8,"14,400",2026/09/25
1218,1218,1545,(NEXT FUNDS)NASDAQ-100(H無)連動型上場投信,東証ETF,243.9,+1.9,0.79,"5,559,330",2026/09/25
1219,1219,2058,(株)ヒガシマル,福証,"1,018",+8,0.79,900,2026/09/25
1220,1220,4198,(株)テンダ,東証STD,512,+4,0.79,"6,400",2026/09/25
1221,1221,5302,日本カーボン(株),東証PRM,"5,110",+40,0.79,"41,900",2026/09/25
1222,1222,8013,(株)ナイガイ,東証STD,383,+3,0.79,"8,000",2026/09/25
1223,1223,8079,正栄食品工業(株),東証PRM,"4,460",+35,0.79,"33,000",2026/09/25
1224,1224,8173,(株)Ｊｏｓｈｉｎ,東証PRM,"4,455",+35,0.79,"343,500",2026/09/25
1225,1225,9740,ＣＳＰ,東証PRM,"2,684",+21,0.79,"27,000",2026/09/25
1226,1226,1474,One ETF JPX日経400,東証ETF,"37,430",+290,0.78,32,2026/09/25
1227,1227,205A,(株)ロゴスホールディングス,東証GRT,"1,670",+13,0.78,"21,400",2026/09/25
1228,1228,210A,iFreeETF 日経高利回りREIT指数,東証ETF,"1,547",+12,0.78,"70,276",2026/09/25
1229,1229,5602,(株)栗本鐵工所,東証PRM,"1,672",+13,0.78,"296,800",2026/09/25
1230,1230,6289,(株)技研製作所,東証PRM,"1,948",+15,0.78,"62,200",2026/09/25
1231,1231,6545,(株)インターネットインフィニティー,東証GRT,779,+6,0.78,"13,900",2026/09/25
1232,1232,7771,日本精密(株),東証STD,259,+2,0.78,"58,400",2026/09/25
1233,1233,7857,セキ(株),東証STD,"1,285",+10,0.78,400,2026/09/25
1234,1234,7871,フクビ化学工業(株),東証STD,"1,028",+8,0.78,"7,300",2026/09/25
1235,1235,8002,丸紅(株),東証PRM,"4,916",+38,0.78,"6,739,800",2026/09/25
1236,1236,8117,中央自動車工業(株),東証STD,"2,195",+17,0.78,"314,500",2026/09/25
1237,1237,9001,東武鉄道(株),東証PRM,"2,970",+23,0.78,"1,047,500",2026/09/25
1238,1238,9044,(株)ＮＡＮＫＡＩ,東証PRM,"3,244",+25,0.78,"1,241,200",2026/09/25
1239,1239,9330,(株)揚羽,東証GRT,907,+7,0.78,"5,600",2026/09/25
1240,1240,9763,丸建リース(株),東証STD,"1,289",+10,0.78,"5,900",2026/09/25
1241,1241,9788,(株)ナック,東証PRM,520,+4,0.78,"36,700",2026/09/25
1242,1242,1692,WisdomTree アルミニウム上場投信,東証ETF,693.3,+5.3,0.77,600,2026/09/25
1243,1243,1941,(株)中電工,東証PRM,"5,220",+40,0.77,"67,900",2026/09/25
1244,1244,1964,中外炉工業(株),東証PRM,"3,935",+30,0.77,"15,700",2026/09/25
1245,1245,2646,GX メタルビジネス-日本株式,東証ETF,"3,798",+29,0.77,524,2026/09/25
1246,1246,2854,GX テック・トップ20-日本株式,東証ETF,"2,761",+21,0.77,"35,033",2026/09/25
1247,1247,345A,高配当成長 日本株(ネットリターン)ETN,東証ETF,"15,730",+120,0.77,"2,317",2026/09/25
1248,1248,4350,(株)メディカルシステムネットワーク,東証STD,523,+4,0.77,"63,200",2026/09/25
1249,1249,4919,(株)ミルボン,東証PRM,"3,260",+25,0.77,"162,900",2026/09/25
1250,1250,6407,ＣＫＤ(株),東証PRM,"5,240",+40,0.77,"297,500",2026/09/25
1251,1251,7472,(株)鳥羽洋行,東証STD,"3,905",+30,0.77,"1,000",2026/09/25
1252,1252,9616,(株)共立メンテナンス,東証PRM,"3,258",+25,0.77,"1,058,200",2026/09/25
1253,1253,2108,日本甜菜製糖(株),東証PRM,"5,270",+40,0.76,"28,800",2026/09/25
1254,1254,2631,MAXIS ナスダック100上場投信,東証ETF,"34,620",+260,0.76,"11,665",2026/09/25
1255,1255,2634,(NEXT FUNDS) S&P500(H有)連動型上場投信,東証ETF,"3,176",+24,0.76,"5,119",2026/09/25
1256,1256,2749,(株)ＪＰホールディングス,東証PRM,667,+5,0.76,"661,400",2026/09/25
1257,1257,4114,(株)日本触媒,東証PRM,"2,600",+19.5,0.76,"1,032,000",2026/09/25
1258,1258,4626,太陽ホールディングス(株),東証PRM,"4,780",+36,0.76,"309,600",2026/09/25
1259,1259,5019,出光興産(株),東証PRM,"1,663",+12.5,0.76,"3,878,000",2026/09/25
1260,1260,5932,三協立山(株),東証PRM,664,+5,0.76,"102,400",2026/09/25
1261,1261,6513,(株)オリジン,東証STD,"1,319",+10,0.76,"14,200",2026/09/25
1262,1262,6546,フルテック(株),東証STD,"1,189",+9,0.76,"4,200",2026/09/25
1263,1263,7590,(株)タカショー,東証STD,397,+3,0.76,"29,000",2026/09/25
1264,1264,7965,象印マホービン(株),東証PRM,"1,461",+11,0.76,"106,200",2026/09/25
1265,1265,8031,三井物産(株),東証PRM,"5,071",+38,0.76,"5,530,700",2026/09/25
1266,1266,8150,三信電気(株),東証PRM,"3,320",+25,0.76,"36,100",2026/09/25
1267,1267,8766,東京海上ホールディングス(株),東証PRM,"7,992",+60,0.76,"6,096,500",2026/09/25
1268,1268,9059,カンダホールディングス(株),東証STD,932,+7,0.76,"2,700",2026/09/25
1269,1269,9534,北海道ガス(株),東証PRM,932,+7,0.76,"208,700",2026/09/25
1270,1270,1301,(株)極洋,東証PRM,"4,715",+35,0.75,"27,100",2026/09/25
1271,1271,262A,(株)インターメスティック,東証PRM,"1,735",+13,0.75,"140,600",2026/09/25
1272,1272,2935,(株)ピックルスホールディングス,東証PRM,"1,215",+9,0.75,"29,000",2026/09/25
1273,1273,2991,(株)ランドネット,東証STD,536,+4,0.75,"9,500",2026/09/25
1274,1274,3089,テクノアルファ(株),東証STD,"1,077",+8,0.75,"5,300",2026/09/25
1275,1275,4301,(株)アミューズ,東証PRM,"1,892",+14,0.75,"15,100",2026/09/25
1276,1276,5279,日本興業(株),東証STD,"1,205",+9,0.75,"7,800",2026/09/25
1277,1277,6524,湖北工業(株),東証STD,"5,350",+40,0.75,"171,400",2026/09/25
1278,1278,6905,コーセル(株),東証PRM,"1,474",+11,0.75,"353,700",2026/09/25
1279,1279,7962,(株)キングジム,東証PRM,803,+6,0.75,"30,600",2026/09/25
1280,1280,1443,技研ホールディングス(株),東証STD,274,+2,0.74,"55,600",2026/09/25
1281,1281,1593,MAXIS JPX日経インデックス400上場投信,東証ETF,"38,000",+280,0.74,"2,092",2026/09/25
1282,1282,166A,(株)タスキホールディングス,東証PRM,"1,096",+8,0.74,"208,400",2026/09/25
1283,1283,2003,日東富士製粉(株),東証STD,"1,912",+14,0.74,"19,700",2026/09/25
1284,1284,2493,イーサポートリンク(株),東証STD,959,+7,0.74,"5,600",2026/09/25
1285,1285,2768,双日(株),東証PRM,"5,756",+42,0.74,"1,170,900",2026/09/25
1286,1286,3031,(株)ラクーンホールディングス,東証PRM,681,+5,0.74,"88,700",2026/09/25
1287,1287,3187,(株)ミラタップ,東証GRT,409,+3,0.74,"35,800",2026/09/25
1288,1288,3891,ニッポン高度紙工業(株),東証STD,"6,850",+50,0.74,"88,900",2026/09/25
1289,1289,4665,(株)ダスキン,東証PRM,"4,772",+35,0.74,"178,100",2026/09/25
1290,1290,6134,(株)ＦＵＪＩ,東証PRM,"7,454",+55,0.74,"562,900",2026/09/25
1291,1291,6237,(株)イワキ,東証PRM,"4,110",+30,0.74,"72,300",2026/09/25
1292,1292,6561,(株)ＨＡＮＡＴＯＵＲ　ＪＡＰＡＮ,東証GRT,821,+6,0.74,"4,700",2026/09/25
1293,1293,7976,三菱鉛筆(株),東証PRM,"3,395",+25,0.74,"129,500",2026/09/25
1294,1294,8198,マックスバリュ東海(株),東証STD,"3,395",+25,0.74,"16,800",2026/09/25
1295,1295,8542,(株)トマト銀行,東証STD,"1,915",+14,0.74,"35,400",2026/09/25
1296,1296,8869,明和地所(株),東証STD,813,+6,0.74,"49,000",2026/09/25
1297,1297,9869,加藤産業(株),東証PRM,"6,850",+50,0.74,"44,900",2026/09/25
1298,1298,1419,タマホーム(株),東証PRM,"2,915",+21,0.73,"39,700",2026/09/25
1299,1299,1484,One ETF JPX/S&P 設備･人材投資指数,東証ETF,"3,890",+28,0.73,80,2026/09/25
1300,1300,2522,iシェアーズ オートメーション&ロボット ETF,東証ETF,"9,115",+66,0.73,"2,619",2026/09/25
1301,1301,2871,(株)ニチレイ,東証PRM,"2,219.5",+16,0.73,"999,600",2026/09/25
1302,1302,304A,フォルシア(株),東証GRT,"2,065",+15,0.73,"4,000",2026/09/25
1303,1303,3608,(株)ＴＳＩホールディングス,東証PRM,"1,246",+9,0.73,"208,000",2026/09/25
1304,1304,4178,(株)Ｓｈａｒｉｎｇ　Ｉｎｎｏｖａｔｉｏｎｓ,東証GRT,551,+4,0.73,"5,400",2026/09/25
1305,1305,4441,トビラシステムズ(株),東証STD,"1,521",+11,0.73,"7,900",2026/09/25
1306,1306,4912,ライオン(株),東証PRM,"1,730.5",+12.5,0.73,"988,400",2026/09/25
1307,1307,5301,東海カーボン(株),東証PRM,"2,289.5",+16.5,0.73,"2,957,300",2026/09/25
1308,1308,531A,NZAM 上場投信 日経平均高配当株50,東証ETF,"2,337",+17,0.73,260,2026/09/25
1309,1309,6058,(株)ベクトル,東証PRM,"1,930",+14,0.73,"491,900",2026/09/25
1310,1310,7374,(株)コンフィデンス・インターワークス,東証GRT,"1,527",+11,0.73,"13,800",2026/09/25
1311,1311,7416,(株)はるやまホールディングス,東証STD,688,+5,0.73,"11,900",2026/09/25
1312,1312,8560,(株)宮崎太陽銀行,福証,"2,638",+19,0.73,"3,900",2026/09/25
1313,1313,9413,(株)テレビ東京ホールディングス,東証PRM,"3,435",+25,0.73,"41,600",2026/09/25
1314,1314,2002,(株)日清製粉グループ本社,東証PRM,"2,028",+14.5,0.72,"874,500",2026/09/25
1315,1315,2229,カルビー(株),東証PRM,"3,059",+22,0.72,"287,000",2026/09/25
1316,1316,4360,(株)マナック・ケミカル・パートナーズ,東証STD,986,+7,0.72,"2,700",2026/09/25
1317,1317,4536,参天製薬(株),東証PRM,"1,748.5",+12.5,0.72,"1,531,000",2026/09/25
1318,1318,4627,ナトコ(株),東証STD,"1,965",+14,0.72,"2,700",2026/09/25
1319,1319,4980,デクセリアルズ(株),東証PRM,"3,079",+22,0.72,"1,092,400",2026/09/25
1320,1320,5909,(株)コロナ,東証STD,973,+7,0.72,"18,300",2026/09/25
1321,1321,6113,(株)アマダ,東証PRM,"2,504",+18,0.72,"1,178,400",2026/09/25
1322,1322,6617,(株)東光高岳,東証PRM,"6,950",+50,0.72,"53,400",2026/09/25
1323,1323,7114,(株)フーディソン,東証GRT,834,+6,0.72,"5,500",2026/09/25
1324,1324,7254,(株)ユニバンス,東証STD,840,+6,0.72,200,2026/09/25
1325,1325,7874,レック(株),東証PRM,977,+7,0.72,"54,100",2026/09/25
1326,1326,8008,４℃ホールディングス,東証PRM,"2,105",+15,0.72,"64,900",2026/09/25
1327,1327,8864,空港施設(株),東証STD,975,+7,0.72,"56,400",2026/09/25
1328,1328,2032,NEXT NOTES 香港ハンセン･ベアETN,東証ETF,"6,218",+44,0.71,890,2026/09/25
1329,1329,2083,(NEXT FUNDS) 日本成長株アクティブ,東証ETF,"3,959",+28,0.71,"2,526",2026/09/25
1330,1330,2321,(株)ソフトフロントホールディングス,東証GRT,141,+1,0.71,"187,300",2026/09/25
1331,1331,2632,MAXIS ナスダック100上場投信(H有),東証ETF,"18,540",+130,0.71,"1,236",2026/09/25
1332,1332,2849,GX Morningstar 高配当 ESG-日本株式,東証ETF,"5,545",+39,0.71,19,2026/09/25
1333,1333,3636,(株)三菱総合研究所,東証PRM,"4,965",+35,0.71,"41,400",2026/09/25
1334,1334,4362,日本精化(株),東証PRM,"2,708",+19,0.71,"38,100",2026/09/25
1335,1335,5974,中国工業(株),東証STD,855,+6,0.71,800,2026/09/25
1336,1336,6501,(株)日立製作所,東証PRM,"5,536",+39,0.71,"9,858,600",2026/09/25
1337,1337,7947,(株)エフピコ,東証PRM,"2,833",+20,0.71,"127,400",2026/09/25
1338,1338,8614,東洋証券(株),東証PRM,706,+5,0.71,"413,900",2026/09/25
1339,1339,2087,NZAM 上場投信 NASDAQ100(H有),東証ETF,"3,572",+25,0.7,"11,106",2026/09/25
1340,1340,2206,江崎グリコ(株),東証PRM,"5,050",+35,0.7,"167,700",2026/09/25
1341,1341,223A,GX AI&ビッグデータ,東証ETF,"1,868",+13,0.7,"45,101",2026/09/25
1342,1342,2612,かどや製油(株),東証STD,"2,870",+20,0.7,"258,300",2026/09/25
1343,1343,2735,(株)ワッツ,東証STD,722,+5,0.7,"86,600",2026/09/25
1344,1344,313A,iシェアーズ S&P500 トップ20 ETF,東証ETF,274.4,+1.9,0.7,"46,220",2026/09/25
1345,1345,368A,(株)北里,東証PRM,"1,438",+10,0.7,"75,100",2026/09/25
1346,1346,4507,塩野義製薬(株),東証PRM,"2,938",+20.5,0.7,"2,423,900",2026/09/25
1347,1347,4920,(株)日本色材工業研究所,東証STD,"1,145",+8,0.7,"1,400",2026/09/25
1348,1348,600A,ニッセイ ETF ラッセル2000,東証ETF,"1,865",+13,0.7,78,2026/09/25
1349,1349,6622,(株)ダイヘン,東証PRM,"12,930",+90,0.7,"90,100",2026/09/25
1350,1350,7377,ＤＮホールディングス(株),東証STD,"1,732",+12,0.7,"3,200",2026/09/25
1351,1351,7875,竹田ｉＰホールディングス(株),東証STD,858,+6,0.7,"75,900",2026/09/25
1352,1352,7966,リンテック(株),東証PRM,"5,750",+40,0.7,"2,116,500",2026/09/25
1353,1353,195A,(株)ＭＵＳＣＡＴ　ＧＲＯＵＰ,東証GRT,725,+5,0.69,"12,700",2026/09/25
1354,1354,3166,ＯＣＨＩホールディングス(株),東証STD,"1,450",+10,0.69,"2,100",2026/09/25
1355,1355,3320,クロスプラス(株),東証STD,"1,308",+9,0.69,"8,900",2026/09/25
1356,1356,3775,(株)ガイアックス,名証NXT,440,+3,0.69,700,2026/09/25
1357,1357,4093,東邦アセチレン(株),東証STD,436,+3,0.69,"6,300",2026/09/25
1358,1358,4631,ＤＩＣ(株),東証PRM,"4,846",+33,0.69,"523,400",2026/09/25
1359,1359,4975,(株)ＪＣＵ,東証PRM,"5,870",+40,0.69,"53,100",2026/09/25
1360,1360,500A,(株)ＴＯブックス,東証STD,"3,635",+25,0.69,"4,800",2026/09/25
1361,1361,5928,アルメタックス(株),東証STD,292,+2,0.69,"4,200",2026/09/25
1362,1362,622A,(株)テクノクラフト,東証STD,582,+4,0.69,"87,600",2026/09/25
1363,1363,6268,ナブテスコ(株),東証PRM,"4,792",+33,0.69,"861,500",2026/09/25
1364,1364,6637,寺崎電気産業(株),東証STD,"4,395",+30,0.69,"17,400",2026/09/25
1365,1365,6678,(株)テクノメディカ,東証STD,"2,045",+14,0.69,"11,100",2026/09/25
1366,1366,7038,フロンティア・マネジメント(株),東証PRM,583,+4,0.69,"15,300",2026/09/25
1367,1367,7203,トヨタ自動車(株),東証PRM,"2,989.5",+20.5,0.69,"21,084,000",2026/09/25
1368,1368,7297,(株)カーメイト,東証STD,879,+6,0.69,600,2026/09/25
1369,1369,7525,リックス(株),東証PRM,"3,635",+25,0.69,"11,000",2026/09/25
1370,1370,8179,ロイヤルホールディングス(株),東証PRM,"1,310",+9,0.69,"179,100",2026/09/25
1371,1371,9401,(株)ＴＢＳホールディングス,東証PRM,"5,828",+40,0.69,"272,800",2026/09/25
1372,1372,9432,ＮＴＴ(株),東証PRM,176.1,+1.2,0.69,"180,233,400",2026/09/25
1373,1373,1850,南海辰村建設(株),東証STD,441,+3,0.68,"11,800",2026/09/25
1374,1374,2391,(株)プラネット,東証STD,"1,179",+8,0.68,"2,600",2026/09/25
1375,1375,2415,ヒューマンホールディングス(株),東証STD,"1,619",+11,0.68,"3,800",2026/09/25
1376,1376,3841,(株)ジーダット,東証STD,"1,332",+9,0.68,900,2026/09/25
1377,1377,3918,ＰＣＩホールディングス(株),東証STD,"1,193",+8,0.68,"3,900",2026/09/25
1378,1378,438A,(株)インフキュリオン,東証GRT,"1,044",+7,0.68,"58,100",2026/09/25
1379,1379,4512,わかもと製薬(株),東証STD,296,+2,0.68,"22,100",2026/09/25
1380,1380,4733,(株)オービックビジネスコンサルタント,東証PRM,"8,261",+56,0.68,"262,600",2026/09/25
1381,1381,4894,クオリプス(株),東証GRT,"5,930",+40,0.68,"79,800",2026/09/25
1382,1382,5992,中央発條(株),東証STD,"3,720",+25,0.68,"17,800",2026/09/25
1383,1383,6136,ＯＳＧ,東証PRM,"3,564",+24,0.68,"590,100",2026/09/25
1384,1384,6343,フリージア・マクロス(株),東証STD,147,+1,0.68,"28,800",2026/09/25
1385,1385,6367,ダイキン工業(株),東証PRM,"20,860",+140,0.68,"1,007,800",2026/09/25
1386,1386,7177,ＧＭＯフィナンシャルホールディングス(株),東証STD,"1,184",+8,0.68,"249,100",2026/09/25
1387,1387,8233,(株)高島屋,東証PRM,"2,135",+14.5,0.68,"1,841,100",2026/09/25
1388,1388,9068,丸全昭和運輸(株),東証PRM,"7,370",+50,0.68,"20,700",2026/09/25
1389,1389,9535,広島ガス(株),東証PRM,444,+3,0.68,"77,200",2026/09/25
1390,1390,1499,MAXIS 日本株高配当70マーケットニュートラル,東証ETF,"9,418",+63,0.67,48,2026/09/25
1391,1391,1651,iFreeETF TOPIX高配当40指数,東証ETF,"3,325",+22,0.67,"8,429",2026/09/25
1392,1392,1981,(株)協和日成,東証STD,"1,349",+9,0.67,"2,400",2026/09/25
1393,1393,2033,NEXT NOTES 韓国KOSPI･ダブル･ブルETN,東証ETF,"79,270",+530,0.67,"1,717",2026/09/25
1394,1394,2485,(株)ティア,東証STD,452,+3,0.67,"31,600",2026/09/25
1395,1395,253A,(株)ＥＴＳグループ,東証STD,"1,049",+7,0.67,"16,700",2026/09/25
1396,1396,3024,クリエイト(株),東証STD,"1,194",+8,0.67,"1,300",2026/09/25
1397,1397,336A,ダイナミックマッププラットフォーム(株),東証GRT,"1,361",+9,0.67,"1,993,400",2026/09/25
1398,1398,3931,(株)バリューゴルフ,東証GRT,"1,500",+10,0.67,"1,300",2026/09/25
1399,1399,4004,(株)レゾナック・ホールディングス,東証PRM,"14,960",+100,0.67,"1,916,300",2026/09/25
1400,1400,4324,(株)電通グループ,東証PRM,"3,585",+24,0.67,"897,300",2026/09/25
1401,1401,5989,(株)エイチワン,東証PRM,"1,505",+10,0.67,"99,100",2026/09/25
1402,1402,5990,(株)スーパーツール,東証STD,"1,943",+13,0.67,300,2026/09/25
1403,1403,5991,ニッパツ,東証PRM,"3,453",+23,0.67,"606,700",2026/09/25
1404,1404,6235,(株)オプトラン,東証PRM,"2,559",+17,0.67,"353,900",2026/09/25
1405,1405,6266,タツモ(株),東証PRM,"3,745",+25,0.67,"150,100",2026/09/25
1406,1406,9048,名古屋鉄道(株),東証PRM,"1,872.5",+12.5,0.67,"2,514,700",2026/09/25
1407,1407,9768,いであ(株),東証STD,"3,740",+25,0.67,"12,400",2026/09/25
1408,1408,9948,(株)アークス,東証PRM,"3,735",+25,0.67,"79,600",2026/09/25
1409,1409,1630,(NEXT FUNDS)小売上場投信,東証ETF,"36,350",+240,0.66,255,2026/09/25
1410,1410,1979,(株)大気社,東証PRM,"3,825",+25,0.66,"162,000",2026/09/25
1411,1411,2288,丸大食品(株),東証PRM,"2,286",+15,0.66,"287,200",2026/09/25
1412,1412,3109,シキボウ(株),東証PRM,"1,068",+7,0.66,"51,100",2026/09/25
1413,1413,354A,iFreeETF ブルームバーグ日本株高配当50指数,東証ETF,"3,357",+22,0.66,"90,662",2026/09/25
1414,1414,3580,小松マテーレ(株),東証PRM,763,+5,0.66,"45,200",2026/09/25
1415,1415,5134,(株)ＰＯＰＥＲ,東証GRT,460,+3,0.66,"2,900",2026/09/25
1416,1416,5401,日本製鉄(株),東証PRM,685.5,+4.5,0.66,"23,941,300",2026/09/25
1417,1417,6013,(株)タクマ,東証PRM,"3,030",+20,0.66,"165,300",2026/09/25
1418,1418,6272,レオン自動機(株),東証PRM,"1,528",+10,0.66,"46,800",2026/09/25
1419,1419,6743,大同信号(株),東証STD,"1,062",+7,0.66,"8,200",2026/09/25
1420,1420,7361,(株)ヒューマンクリエイションホールディングス,東証GRT,"1,223",+8,0.66,"14,200",2026/09/25
1421,1421,7810,(株)クロスフォー,東証STD,153,+1,0.66,"42,400",2026/09/25
1422,1422,8086,ニプロ(株),東証PRM,"1,450.5",+9.5,0.66,"713,500",2026/09/25
1423,1423,8093,極東貿易(株),東証PRM,"1,821",+12,0.66,"31,000",2026/09/25
1424,1424,8227,(株)しまむら,東証PRM,"3,216",+21,0.66,"720,900",2026/09/25
1425,1425,9282,いちごグリーンインフラ投資法人,東証,"30,500",+200,0.66,151,2026/09/25
1426,1426,94346,ソフトバンク(株)第2回社債型種類株式,東証PRM,"7,570",+50,0.66,"2,000",2026/09/25
1427,1427,1586,上場インデックス TOPIX Ex-Financials,東証ETF,"3,107",+20,0.65,12,2026/09/25
1428,1428,2564,GX MSCIスーパーディビィデンド-日本株式,東証ETF,"3,715",+24,0.65,"2,197",2026/09/25
1429,1429,387A,フラー(株),東証GRT,930,+6,0.65,"2,000",2026/09/25
1430,1430,4041,日本曹達(株),東証PRM,"3,875",+25,0.65,"256,500",2026/09/25
1431,1431,4341,西菱電機(株),東証STD,927,+6,0.65,"2,300",2026/09/25
1432,1432,4412,(株)サイエンスアーツ,東証GRT,"1,390",+9,0.65,"9,300",2026/09/25
1433,1433,5580,(株)プロディライト,東証GRT,"1,560",+10,0.65,"2,200",2026/09/25
1434,1434,5729,日本精鉱(株),東証STD,"1,700",+11,0.65,"6,000",2026/09/25
1435,1435,6156,(株)エーワン精密,東証STD,"1,848",+12,0.65,"4,900",2026/09/25
1436,1436,6246,(株)テクノスマート,東証STD,"1,850",+12,0.65,"4,300",2026/09/25
1437,1437,6563,(株)みらいワークス,東証GRT,466,+3,0.65,"1,500",2026/09/25
1438,1438,6844,新電元工業(株),東証PRM,"3,120",+20,0.65,"56,700",2026/09/25
1439,1439,6902,(株)デンソー,東証PRM,"1,924",+12.5,0.65,"5,839,500",2026/09/25
1440,1440,8061,西華産業(株),東証PRM,"3,085",+20,0.65,"97,300",2026/09/25
1441,1441,8230,(株)はせがわ,東証STD,308,+2,0.65,"8,000",2026/09/25
1442,1442,9416,(株)ビジョン,東証PRM,"1,079",+7,0.65,"449,200",2026/09/25
1443,1443,9474,(株)ゼンリン,東証PRM,932,+6,0.65,"159,100",2026/09/25
1444,1444,9856,(株)ケーユーホールディングス,東証STD,"1,240",+8,0.65,"29,800",2026/09/25
1445,1445,1623,(NEXT FUNDS)鉄鋼･非鉄上場投信,東証ETF,"63,290",+400,0.64,681,2026/09/25
1446,1446,1869,名工建設(株),名証MN,"1,893",+12,0.64,"4,400",2026/09/25
1447,1447,1870,矢作建設工業(株),東証PRM,"2,188",+14,0.64,"126,300",2026/09/25
1448,1448,2708,(株)久世,東証STD,"1,900",+12,0.64,"1,200",2026/09/25
1449,1449,2907,(株)あじかん,東証STD,"1,570",+10,0.64,"6,800",2026/09/25
1450,1450,3774,(株)インターネットイニシアティブ,東証PRM,"3,465",+22,0.64,"458,000",2026/09/25
1451,1451,399A,上場インデックスファンド日経平均高配当株50,東証ETF,"2,377",+15,0.64,"24,563",2026/09/25
1452,1452,5444,大和工業(株),東証PRM,"12,565",+80,0.64,"114,000",2026/09/25
1453,1453,5464,モリ工業(株),東証STD,940,+6,0.64,"26,400",2026/09/25
1454,1454,6370,栗田工業(株),東証PRM,"7,723",+49,0.64,"598,500",2026/09/25
1455,1455,6594,ニデック(株),東証PRM,"2,840",+18,0.64,"3,803,700",2026/09/25
1456,1456,7034,(株)プロレド・パートナーズ,東証PRM,316,+2,0.64,"42,100",2026/09/25
1457,1457,7368,表示灯(株),東証STD,"1,727",+11,0.64,"1,300",2026/09/25
1458,1458,7378,(株)アシロ,東証GRT,"1,581",+10,0.64,"4,500",2026/09/25
1459,1459,7841,(株)遠藤製作所,東証STD,"1,094",+7,0.64,"3,900",2026/09/25
1460,1460,8088,岩谷産業(株),東証PRM,"2,136.5",+13.5,0.64,"592,800",2026/09/25
1461,1461,9934,因幡電機産業(株),東証PRM,"3,138",+20,0.64,"180,200",2026/09/25
1462,1462,1963,日揮ホールディングス(株),東証PRM,"2,314.5",+14.5,0.63,"1,541,600",2026/09/25
1463,1463,2269,明治ホールディングス(株),東証PRM,"4,320",+27,0.63,"1,285,300",2026/09/25
1464,1464,2918,わらべや日洋ホールディングス(株),東証PRM,"2,719",+17,0.63,"65,300",2026/09/25
1465,1465,3861,王子ホールディングス(株),東証PRM,875.8,+5.5,0.63,"2,893,000",2026/09/25
1466,1466,4074,(株)ラキール,東証GRT,795,+5,0.63,"1,900",2026/09/25
1467,1467,6061,(株)ユニバーサル園芸社,東証STD,"3,180",+20,0.63,"4,500",2026/09/25
1468,1468,6655,東洋電機(株),名証MN,798,+5,0.63,300,2026/09/25
1469,1469,7695,(株)交換できるくん,東証GRT,952,+6,0.63,"7,700",2026/09/25
1470,1470,8850,スターツコーポレーション(株),東証PRM,"4,775",+30,0.63,"52,100",2026/09/25
1471,1471,9337,(株)トリドリ,東証GRT,"1,448",+9,0.63,"10,200",2026/09/25
1472,1472,9735,セコム(株),東証PRM,"6,392",+40,0.63,"1,266,500",2026/09/25
1473,1473,1379,ホクト(株),東証PRM,"2,125",+13,0.62,"74,900",2026/09/25
1474,1474,198A,ＰｏｓｔＰｒｉｍｅ(株),東証GRT,162,+1,0.62,"20,600",2026/09/25
1475,1475,2533,オエノンホールディングス(株),東証PRM,486,+3,0.62,"150,200",2026/09/25
1476,1476,2767,円谷フィールズホールディングス(株),東証PRM,"2,615",+16,0.62,"374,200",2026/09/25
1477,1477,3291,飯田グループホールディングス(株),東証PRM,"2,266",+14,0.62,"547,400",2026/09/25
1478,1478,4113,田岡化学工業(株),東証STD,816,+5,0.62,"15,500",2026/09/25
1479,1479,4287,(株)ジャストプランニング,東証STD,489,+3,0.62,"15,500",2026/09/25
1480,1480,4728,(株)トーセ,東証STD,651,+4,0.62,"2,700",2026/09/25
1481,1481,6322,(株)タクミナ,東証STD,"1,612",+10,0.62,"1,100",2026/09/25
1482,1482,6369,トーヨーカネツ(株),東証PRM,"2,440",+15,0.62,"66,500",2026/09/25
1483,1483,6809,ＴＯＡ(株),東証PRM,"1,778",+11,0.62,"73,000",2026/09/25
1484,1484,7059,(株)コプロ・ホールディングス,東証PRM,971,+6,0.62,"75,200",2026/09/25
1485,1485,7351,(株)グッドパッチ,東証GRT,484,+3,0.62,"11,300",2026/09/25
1486,1486,7352,(株)ＴＷＯＳＴＯＮＥ＆Ｓｏｎｓ,東証GRT,326,+2,0.62,"34,000",2026/09/25
1487,1487,7956,ピジョン(株),東証PRM,"2,040",+12.5,0.62,"1,026,900",2026/09/25
1488,1488,9342,(株)スマサポ,東証GRT,971,+6,0.62,"2,300",2026/09/25
1489,1489,1364,ｉシェアーズ JPX日経400 ETF,東証ETF,"3,789",+23,0.61,"3,916",2026/09/25
1490,1490,25935,(株)伊藤園第1種優先株式,東証PRM,"1,812",+11,0.61,"17,300",2026/09/25
1491,1491,2840,iFreeETF NASDAQ100(H無),東証ETF,"2,785",+17,0.61,"134,035",2026/09/25
1492,1492,3048,(株)ビックカメラ,東証PRM,"1,735",+10.5,0.61,"623,200",2026/09/25
1493,1493,3939,(株)カナミックネットワーク,東証PRM,494,+3,0.61,"113,700",2026/09/25
1494,1494,3974,ＳＣＡＴ(株),東証STD,658,+4,0.61,"9,100",2026/09/25
1495,1495,4401,(株)ＡＤＥＫＡ,東証PRM,"4,650",+28,0.61,"253,500",2026/09/25
1496,1496,4534,持田製薬(株),東証PRM,"3,300",+20,0.61,"31,400",2026/09/25
1497,1497,4658,日本空調サービス(株),東証PRM,"1,651",+10,0.61,"205,000",2026/09/25
1498,1498,4685,(株)菱友システムズ,東証STD,"2,785",+17,0.61,"22,900",2026/09/25
1499,1499,5242,(株)アイズ,東証GRT,"2,325",+14,0.61,"16,800",2026/09/25
1500,1500,5843,ニッポンインシュア(株),東証STD,"2,324",+14,0.61,"6,900",2026/09/25
1501,1501,6302,住友重機械工業(株),東証PRM,"5,957",+36,0.61,"926,200",2026/09/25
1502,1502,8006,ユアサ・フナショク(株),東証STD,"1,483",+9,0.61,600,2026/09/25
1503,1503,9022,東海旅客鉄道(株),東証PRM,"3,778",+23,0.61,"2,423,600",2026/09/25
1504,1504,1605,(株)ＩＮＰＥＸ,東証PRM,"3,857",+23,0.6,"4,263,800",2026/09/25
1505,1505,1928,積水ハウス(株),東証PRM,"3,369",+20,0.6,"2,306,300",2026/09/25
1506,1506,2296,伊藤ハム米久ホールディングス(株),東証PRM,"5,040",+30,0.6,"107,300",2026/09/25
1507,1507,2408,(株)ＫＧ情報,東証STD,843,+5,0.6,"5,800",2026/09/25
1508,1508,2867,GX 自動運転&EV,東証ETF,"1,679",+10,0.6,"1,471",2026/09/25
1509,1509,3161,アゼアス(株),東証STD,675,+4,0.6,"3,800",2026/09/25
1510,1510,3204,(株)トーア紡コーポレーション,東証STD,505,+3,0.6,"8,400",2026/09/25
1511,1511,4021,日産化学(株),東証PRM,"8,341",+50,0.6,"484,000",2026/09/25
1512,1512,4432,ウイングアーク１ｓｔ(株),東証PRM,"3,340",+20,0.6,"93,400",2026/09/25
1513,1513,4526,理研ビタミン(株),東証PRM,"3,340",+20,0.6,"138,200",2026/09/25
1514,1514,4956,コニシ(株),東証PRM,"1,519",+9,0.6,"70,200",2026/09/25
1515,1515,6063,日本エマージェンシーアシスタンス(株),東証STD,"1,008",+6,0.6,"1,300",2026/09/25
1516,1516,6286,靜甲(株),東証STD,"1,505",+9,0.6,"1,300",2026/09/25
1517,1517,6535,(株)アイモバイル,東証PRM,499,+3,0.6,"212,300",2026/09/25
1518,1518,7463,(株)アドヴァングループ,東証STD,999,+6,0.6,"45,400",2026/09/25
1519,1519,7485,岡谷鋼機(株),名証PRM,"5,040",+30,0.6,"3,800",2026/09/25
1520,1520,7808,(株)シー・エス・ランバー,東証STD,"2,666",+16,0.6,"2,200",2026/09/25
1521,1521,8139,(株)ナガホリ,東証STD,"2,173",+13,0.6,"12,600",2026/09/25
1522,1522,8927,(株)明豊エンタープライズ,東証STD,506,+3,0.6,"104,000",2026/09/25
1523,1523,9160,(株)オンザページ,東証STD,336,+2,0.6,"65,900",2026/09/25
1524,1524,9303,(株)住友倉庫,東証PRM,"4,200",+25,0.6,"99,900",2026/09/25
1525,1525,9726,ＫＮＴ－ＣＴホールディングス(株),東証STD,"2,020",+12,0.6,"34,800",2026/09/25
1526,1526,9744,(株)メイテックグループホールディングス,東証PRM,"3,503",+21,0.6,"662,500",2026/09/25
1527,1527,1960,(株)サンテック,東証STD,"1,715",+10,0.59,"14,300",2026/09/25
1528,1528,208A,(株)構造計画研究所ホールディングス,東証STD,"2,906",+17,0.59,"2,700",2026/09/25
1529,1529,2154,(株)オープンアップグループ,東証PRM,"2,036",+12,0.59,"122,900",2026/09/25
1530,1530,4819,(株)デジタルガレージ,東証PRM,"2,407",+14,0.59,"255,900",2026/09/25
1531,1531,5571,エキサイトホールディングス(株),東証STD,"1,025",+6,0.59,"2,500",2026/09/25
1532,1532,6788,(株)日本トリム,東証PRM,"5,130",+30,0.59,"6,600",2026/09/25
1533,1533,7246,プレス工業(株),東証PRM,"1,015",+6,0.59,"244,800",2026/09/25
1534,1534,7255,(株)桜井製作所,東証STD,513,+3,0.59,"16,000",2026/09/25
1535,1535,7353,ＫＩＹＯラーニング(株),東証GRT,510,+3,0.59,"2,000",2026/09/25
1536,1536,7624,(株)ＮａＩＴＯ,東証STD,170,+1,0.59,"70,900",2026/09/25
1537,1537,7915,ＮＩＳＳＨＡ(株),東証PRM,"1,201",+7,0.59,"231,600",2026/09/25
1538,1538,8070,東京産業(株),東証PRM,"1,029",+6,0.59,"87,400",2026/09/25
1539,1539,9245,(株)リベロ,東証GRT,"2,040",+12,0.59,"6,500",2026/09/25
1540,1540,9509,北海道電力(株),東証PRM,"1,115.5",+6.5,0.59,"1,727,900",2026/09/25
1541,1541,9835,(株)ジュンテンドー,東証STD,513,+3,0.59,"2,500",2026/09/25
1542,1542,9974,(株)ベルク,東証PRM,"6,840",+40,0.59,"36,500",2026/09/25
1543,1543,1433,ベステラ(株),東証PRM,"1,207",+7,0.58,"38,500",2026/09/25
1544,1544,1904,大成温調(株),東証STD,"5,160",+30,0.58,"12,500",2026/09/25
1545,1545,4015,ペイクラウドホールディングス(株),東証GRT,522,+3,0.58,"20,900",2026/09/25
1546,1546,4270,(株)ＢｅｅＸ,東証GRT,"1,907",+11,0.58,"22,400",2026/09/25
1547,1547,4832,ＪＦＥシステムズ(株),東証STD,"1,923",+11,0.58,"4,500",2026/09/25
1548,1548,5244,(株)ｊｉｇ．ｊｐ,東証GRT,174,+1,0.58,"388,800",2026/09/25
1549,1549,5902,ホッカンホールディングス(株),東証PRM,"2,755",+16,0.58,"19,500",2026/09/25
1550,1550,5923,高田機工(株),東証STD,"1,205",+7,0.58,"4,100",2026/09/25
1551,1551,6074,(株)ジェイエスエス,東証STD,517,+3,0.58,"3,600",2026/09/25
1552,1552,6464,(株)ツバキ・ナカシマ,東証PRM,344,+2,0.58,"238,700",2026/09/25
1553,1553,7041,ＣＲＧホールディングス(株),東証GRT,345,+2,0.58,"16,400",2026/09/25
1554,1554,7078,ＩＮＣＬＵＳＩＶＥ　Ｈｏｌｄｉｎｇｓ(株),東証GRT,349,+2,0.58,"9,000",2026/09/25
1555,1555,7643,(株)ダイイチ,東証STD,"1,730",+10,0.58,"2,900",2026/09/25
1556,1556,7804,(株)ビーアンドピー,東証STD,"2,420",+14,0.58,"7,200",2026/09/25
1557,1557,8920,(株)東祥,東証STD,690,+4,0.58,"51,500",2026/09/25
1558,1558,245A,(株)ＩＮＧＳ,東証GRT,"2,485",+14,0.57,900,2026/09/25
1559,1559,2875,東洋水産(株),東証PRM,"9,777",+55,0.57,"402,500",2026/09/25
1560,1560,3443,川田テクノロジーズ(株),東証PRM,"1,412",+8,0.57,"152,600",2026/09/25
1561,1561,3678,(株)メディアドゥ,東証PRM,"1,239",+7,0.57,"22,100",2026/09/25
1562,1562,4057,(株)インターファクトリー,東証GRT,352,+2,0.57,400,2026/09/25
1563,1563,4707,(株)キタック,東証STD,354,+2,0.57,"14,000",2026/09/25
1564,1564,5929,三和ホールディングス(株),東証PRM,"3,500",+20,0.57,"798,800",2026/09/25
1565,1565,6036,ＫｅｅＰｅｒ技研(株),東証PRM,"3,515",+20,0.57,"62,000",2026/09/25
1566,1566,6078,(株)バリューＨＲ,東証PRM,"1,577",+9,0.57,"35,000",2026/09/25
1567,1567,6240,ヤマシンフィルタ(株),東証PRM,527,+3,0.57,"342,900",2026/09/25
1568,1568,6282,オイレス工業(株),東証PRM,"2,991",+17,0.57,"281,400",2026/09/25
1569,1569,6382,トリニティ工業(株),東証STD,"1,240",+7,0.57,"12,100",2026/09/25
1570,1570,7593,ＶＴホールディングス(株),東証PRM,529,+3,0.57,"451,400",2026/09/25
1571,1571,8095,アステナホールディングス(株),東証PRM,527,+3,0.57,"67,900",2026/09/25
1572,1572,8595,ジャフコ　グループ(株),東証PRM,"2,288",+13,0.57,"355,400",2026/09/25
1573,1573,8596,(株)九州リースサービス,東証STD,"1,577",+9,0.57,"16,000",2026/09/25
1574,1574,2429,(株)ワールドホールディングス,東証PRM,"2,850",+16,0.56,"39,600",2026/09/25
1575,1575,3646,(株)駅探,東証STD,360,+2,0.56,"5,800",2026/09/25
1576,1576,4194,ビジョナル(株),東証PRM,"8,503",+47,0.56,"327,400",2026/09/25
1577,1577,4613,関西ペイント(株),東証PRM,"2,867",+16,0.56,"777,800",2026/09/25
1578,1578,609A,GX 総合商社&資源ビジネス-日本株式,東証ETF,"1,078",+6,0.56,"14,115",2026/09/25
1579,1579,6145,ＮＩＴＴＯＫＵ(株),東証STD,"2,678",+15,0.56,"139,300",2026/09/25
1580,1580,6182,(株)メタリアル,東証GRT,537,+3,0.56,"19,800",2026/09/25
1581,1581,7224,新明和工業(株),東証PRM,"1,974",+11,0.56,"151,400",2026/09/25
1582,1582,8771,イー・ギャランティ(株),東証PRM,"1,784",+10,0.56,"103,800",2026/09/25
1583,1583,9733,(株)ナガセ,東証STD,"2,323",+13,0.56,"11,800",2026/09/25
1584,1584,1815,鉄建建設(株),東証PRM,"4,565",+25,0.55,"69,500",2026/09/25
1585,1585,2270,雪印メグミルク(株),東証PRM,"3,670",+20,0.55,"103,600",2026/09/25
1586,1586,2668,タビオ(株),東証STD,"1,275",+7,0.55,200,2026/09/25
1587,1587,2981,(株)ランディックス,東証GRT,"2,370",+13,0.55,"4,900",2026/09/25
1588,1588,3454,ファーストブラザーズ(株),東証STD,"1,274",+7,0.55,"6,300",2026/09/25
1589,1589,3865,北越コーポレーション(株),東証PRM,922,+5,0.55,"117,400",2026/09/25
1590,1590,4197,(株)アスマーク,東証STD,"2,374",+13,0.55,200,2026/09/25
1591,1591,4768,(株)大塚商会,東証PRM,"3,662",+20,0.55,"1,116,000",2026/09/25
1592,1592,5644,(株)メタルアート,東証STD,"7,280",+40,0.55,"1,800",2026/09/25
1593,1593,6498,(株)キッツ,東証PRM,"2,004",+11,0.55,"358,400",2026/09/25
1594,1594,6571,キュービーネットホールディングス(株),東証PRM,"1,282",+7,0.55,"40,300",2026/09/25
1595,1595,7126,グローバルスタイル(株),東証STD,"1,459",+8,0.55,"2,300",2026/09/25
1596,1596,7419,(株)ノジマ,東証PRM,"1,289",+7,0.55,"589,400",2026/09/25
1597,1597,7516,コーナン商事(株),東証PRM,"4,580",+25,0.55,"77,500",2026/09/25
1598,1598,8012,長瀬産業(株),東証PRM,"1,184.5",+6.5,0.55,"969,700",2026/09/25
1599,1599,8622,水戸証券(株),東証PRM,920,+5,0.55,"237,700",2026/09/25
1600,1600,8802,三菱地所(株),東証PRM,"3,655",+20,0.55,"3,843,500",2026/09/25
1601,1601,9622,(株)スペース,東証PRM,"1,452",+8,0.55,"67,000",2026/09/25
1602,1602,9913,日邦産業(株),東証STD,"3,685",+20,0.55,"3,400",2026/09/25
1603,1603,2883,(株)大冷,東証STD,"2,055",+11,0.54,"6,000",2026/09/25
1604,1604,2902,太陽化学(株),名証MN,"2,785",+15,0.54,"2,700",2026/09/25
1605,1605,4448,(株)ｋｕｂｅｌｌ,東証GRT,372,+2,0.54,"73,900",2026/09/25
1606,1606,5445,東京鐵鋼(株),東証PRM,"2,067",+11,0.54,"114,300",2026/09/25
1607,1607,6807,日本航空電子工業(株),東証PRM,"2,584",+14,0.54,"258,300",2026/09/25
1608,1608,7222,日産車体(株),東証STD,935,+5,0.54,"61,000",2026/09/25
1609,1609,7555,(株)大田花き,東証STD,747,+4,0.54,"1,700",2026/09/25
1610,1610,9143,ＳＧホールディングス(株),東証PRM,"1,500",+8,0.54,"1,368,300",2026/09/25
1611,1611,1585,iFreeETF TOPIX Ex-Financials,東証ETF,"2,672",+14,0.53,150,2026/09/25
1612,1612,1599,iFreeETF JPX日経400,東証ETF,"37,670",+200,0.53,49,2026/09/25
1613,1613,1617,(NEXT FUNDS)食品上場投信,東証ETF,"47,790",+250,0.53,313,2026/09/25
1614,1614,1942,(株)関電工,東証PRM,"5,652",+30,0.53,"1,620,900",2026/09/25
1615,1615,1972,三晃金属工業(株),東証STD,"1,318",+7,0.53,"31,800",2026/09/25
1616,1616,2502,アサヒグループホールディングス(株),東証PRM,"1,614",+8.5,0.53,"4,475,000",2026/09/25
1617,1617,2858,GX 日経225 カバード・コール (プレミアム再投資型),東証ETF,"1,526",+8,0.53,214,2026/09/25
1618,1618,3563,(株)ＦＯＯＤ　＆　ＬＩＦＥ　ＣＯＭＰＡＮＩＥＳ,東証PRM,"4,920",+26,0.53,"2,192,800",2026/09/25
1619,1619,6570,(株)共和コーポレーション,東証STD,"3,825",+20,0.53,"48,200",2026/09/25
1620,1620,7244,市光工業(株),東証PRM,569,+3,0.53,"117,900",2026/09/25
1621,1621,7464,セフテック(株),東証STD,"1,517",+8,0.53,300,2026/09/25
1622,1622,7902,(株)ソノコム,東証STD,"1,130",+6,0.53,700,2026/09/25
1623,1623,7987,ナカバヤシ(株),東証STD,570,+3,0.53,"41,100",2026/09/25
1624,1624,8219,青山商事(株),東証PRM,761,+4,0.53,"681,300",2026/09/25
1625,1625,1653,iFreeETF MSCIジャパンESGセレクト･リーダーズ,東証ETF,"5,198",+27,0.52,"5,610",2026/09/25
1626,1626,228A,(株)オプロ,東証GRT,"1,739",+9,0.52,"1,200",2026/09/25
1627,1627,2563,iシェアーズ S&P500 米国株 ETF(H有),東証ETF,406.6,+2.1,0.52,"190,230",2026/09/25
1628,1628,2836,GX フィンテック-日本株式,東証ETF,"3,278",+17,0.52,25,2026/09/25
1629,1629,3020,アプライド(株),東証STD,"4,800",+25,0.52,"1,500",2026/09/25
1630,1630,3138,(株)富士山マガジンサービス,東証STD,"1,161",+6,0.52,"1,600",2026/09/25
1631,1631,3191,(株)ジョイフル本田,東証PRM,"2,300",+12,0.52,"168,800",2026/09/25
1632,1632,6430,ダイコク電機(株),東証PRM,"2,490",+13,0.52,"40,700",2026/09/25
1633,1633,6926,岡谷電機産業(株),東証STD,192,+1,0.52,"9,900",2026/09/25
1634,1634,7226,極東開発工業(株),東証PRM,"2,320",+12,0.52,"268,700",2026/09/25
1635,1635,7975,(株)リヒトラブ,東証STD,"1,163",+6,0.52,"2,100",2026/09/25
1636,1636,8260,(株)井筒屋,東証STD,389,+2,0.52,"16,800",2026/09/25
1637,1637,9008,京王電鉄(株),東証PRM,795.1,+4.1,0.52,"2,685,600",2026/09/25
1638,1638,2475,ＷＤＢホールディングス(株),東証PRM,"1,773",+9,0.51,"21,700",2026/09/25
1639,1639,4310,(株)ドリームインキュベータ,東証PRM,"2,574",+13,0.51,"14,500",2026/09/25
1640,1640,4450,(株)パワーソリューションズ,東証GRT,"2,368",+12,0.51,"2,900",2026/09/25
1641,1641,4777,(株)ガーラ,東証STD,199,+1,0.51,"19,300",2026/09/25
1642,1642,4792,山田コンサルティンググループ(株),東証PRM,"1,791",+9,0.51,"24,400",2026/09/25
1643,1643,4927,(株)ポーラ・オルビスホールディングス,東証PRM,"1,390",+7,0.51,"472,700",2026/09/25
1644,1644,512A,GX ステーブルコイン&トークンビジネス(除く日本),東証ETF,"1,185",+6,0.51,"2,248",2026/09/25
1645,1645,5713,住友金属鉱山(株),東証PRM,"9,587",+49,0.51,"1,546,000",2026/09/25
1646,1646,6356,日本ギア工業(株),東証STD,"1,369",+7,0.51,"160,400",2026/09/25
1647,1647,6383,(株)ダイフク,東証PRM,"5,549",+28,0.51,"1,763,100",2026/09/25
1648,1648,6543,(株)日宣,東証STD,"1,184",+6,0.51,"1,900",2026/09/25
1649,1649,6850,(株)チノー,東証PRM,"1,776",+9,0.51,"28,800",2026/09/25
1650,1650,6871,(株)日本マイクロニクス,東証PRM,"13,830",+70,0.51,"767,600",2026/09/25
1651,1651,7097,(株)さくらさくプラス,東証GRT,"2,778",+14,0.51,"8,700",2026/09/25
1652,1652,7118,(株)伸和ホールディングス,名証NXT,"4,930",+25,0.51,200,2026/09/25
1653,1653,7575,日本ライフライン(株),東証PRM,"1,570",+8,0.51,"1,794,300",2026/09/25
1654,1654,8046,丸藤シートパイル(株),東証STD,992,+5,0.51,"12,600",2026/09/25
1655,1655,8125,(株)ワキタ,東証PRM,"1,973",+10,0.51,"95,000",2026/09/25
1656,1656,8218,(株)コメリ,東証PRM,"3,930",+20,0.51,"51,100",2026/09/25
1657,1657,8273,(株)イズミ,東証PRM,983,+5,0.51,"280,900",2026/09/25
1658,1658,9065,山九(株),東証PRM,"8,224",+42,0.51,"199,000",2026/09/25
1659,1659,9450,(株)ファイバーゲート,東証STD,791,+4,0.51,"34,700",2026/09/25
1660,1660,3501,ＳＵＭＩＮＯＥ(株),東証PRM,"1,198",+6,0.5,"15,800",2026/09/25
1661,1661,435A,iFreeETF 日本株配当ローテーション戦略,東証ETF,"2,793",+14,0.5,"140,225",2026/09/25
1662,1662,530A,NZAM 上場投信 東証REIT指数(2・5・8・11月決算型),東証ETF,"1,807",+9,0.5,281,2026/09/25
1663,1663,5741,(株)ＵＡＣＪ,東証PRM,"2,230",+11,0.5,"1,105,500",2026/09/25
1664,1664,5801,古河電気工業(株),東証PRM,"3,826",+19,0.5,"19,066,200",2026/09/25
1665,1665,6016,(株)ジャパンエンジンコーポレーション,東証STD,"12,070",+60,0.5,"68,900",2026/09/25
1666,1666,6387,サムコ(株),東証PRM,"8,000",+40,0.5,"142,000",2026/09/25
1667,1667,7850,総合商研(株),東証STD,797,+4,0.5,"3,000",2026/09/25
1668,1668,8275,(株)フォーバル,東証STD,"1,006",+5,0.5,"72,600",2026/09/25
1669,1669,1555,上場インデックスファンド豪州リート,東証ETF,"2,234",+11,0.49,"18,792",2026/09/25
1670,1670,1652,iFreeETF MSCI日本株女性活躍指数(WIN),東証ETF,"5,077",+25,0.49,50,2026/09/25
1671,1671,2435,(株)シダー,東証STD,205,+1,0.49,"3,600",2026/09/25
1672,1672,2861,上場インデックスファンドフランス国債(H無),東証ETF,"5,301",+26,0.49,40,2026/09/25
1673,1673,3680,(株)ホットリンク,東証GRT,205,+1,0.49,"20,100",2026/09/25
1674,1674,4051,ＧＭＯフィナンシャルゲート(株),東証PRM,"6,200",+30,0.49,"14,700",2026/09/25
1675,1675,4097,高圧ガス工業(株),東証PRM,"1,233",+6,0.49,"50,100",2026/09/25
1676,1676,4809,パラカ(株),東証PRM,"2,040",+10,0.49,"16,900",2026/09/25
1677,1677,5021,コスモエネルギーホールディングス(株),東証PRM,"4,510",+22,0.49,"580,000",2026/09/25
1678,1678,5252,日本ナレッジ(株),東証GRT,"1,024",+5,0.49,"19,400",2026/09/25
1679,1679,5845,全保連(株),東証STD,"1,226",+6,0.49,"14,900",2026/09/25
1680,1680,6195,(株)ホープ,東証GRT,206,+1,0.49,"5,000",2026/09/25
1681,1681,6278,ユニオンツール(株),東証PRM,"14,320",+70,0.49,"193,200",2026/09/25
1682,1682,6393,油研工業(株),東証STD,"3,090",+15,0.49,"1,500",2026/09/25
1683,1683,6505,東洋電機製造(株),東証STD,"2,463",+12,0.49,"31,800",2026/09/25
1684,1684,7872,エステールホールディングス(株),東証STD,621,+3,0.49,"3,200",2026/09/25
1685,1685,9441,(株)ベルパーク,東証STD,"3,090",+15,0.49,"2,200",2026/09/25
1686,1686,138A,光フードサービス(株),東証GRT,"3,125",+15,0.48,"2,000",2026/09/25
1687,1687,140A,iFreeETF 米国10年国債先物インバース,東証ETF,"2,084",+10,0.48,149,2026/09/25
1688,1688,1768,(株)ソネック,東証STD,"1,037",+5,0.48,"2,700",2026/09/25
1689,1689,2034,NEXT NOTES 韓国KOSPI･ベアETN,東証ETF,"1,868",+9,0.48,"2,472",2026/09/25
1690,1690,2082,投資家経営者一心同体ETF,東証ETF,"1,252",+6,0.48,1,2026/09/25
1691,1691,241A,(株)ＲＯＸＸ,東証GRT,420,+2,0.48,"7,700",2026/09/25
1692,1692,3101,東洋紡(株),東証PRM,"1,678",+8,0.48,"400,100",2026/09/25
1693,1693,5351,品川リフラ(株),東証PRM,"2,091",+10,0.48,"155,900",2026/09/25
1694,1694,5802,住友電気工業(株),東証PRM,"2,211",+10.5,0.48,"14,543,900",2026/09/25
1695,1695,6701,ＮＥＣ,東証PRM,"4,815",+23,0.48,"5,185,400",2026/09/25
1696,1696,7164,全国保証(株),東証PRM,"3,148",+15,0.48,"331,100",2026/09/25
1697,1697,7483,(株)ドウシシャ,東証PRM,"3,120",+15,0.48,"43,700",2026/09/25
1698,1698,7730,マニー(株),東証PRM,"1,466",+7,0.48,"190,200",2026/09/25
1699,1699,7917,ＺＡＣＲＯＳ(株),東証PRM,"1,261",+6,0.48,"114,200",2026/09/25
1700,1700,8077,トルク(株),東証STD,211,+1,0.48,"14,900",2026/09/25
1701,1701,9003,相鉄ホールディングス(株),東証PRM,"2,637.5",+12.5,0.48,"832,300",2026/09/25
1702,1702,9365,トレーディア(株),東証STD,"1,668",+8,0.48,"1,200",2026/09/25
1703,1703,9412,スカパーＪＳＡＴ(株),東証PRM,"2,077",+10,0.48,"1,280,900",2026/09/25
1704,1704,1554,上場インデックス世界株式(MSCI ACWI)除く日本,東証ETF,"6,834",+32,0.47,"9,025",2026/09/25
1705,1705,1898,世紀東急工業(株),東証PRM,"1,490",+7,0.47,"232,900",2026/09/25
1706,1706,3550,(株)スタジオアタオ,東証GRT,216,+1,0.47,"3,300",2026/09/25
1707,1707,4045,東亞合成(株),東証PRM,"1,827.5",+8.5,0.47,"314,700",2026/09/25
1708,1708,6413,理想科学工業(株),東証PRM,"1,063",+5,0.47,"93,100",2026/09/25
1709,1709,8032,日本紙パルプ商事(株),東証PRM,"1,272",+6,0.47,"249,200",2026/09/25
1710,1710,8130,(株)サンゲツ,東証PRM,"3,235",+15,0.47,"131,500",2026/09/25
1711,1711,8871,(株)ゴールドクレスト,東証STD,"3,220",+15,0.47,"31,000",2026/09/25
1712,1712,9325,ファイズホールディングス(株),東証STD,"1,071",+5,0.47,"9,700",2026/09/25
1713,1713,9364,(株)上組,東証PRM,"4,916",+23,0.47,"281,800",2026/09/25
1714,1714,1934,(株)ユアテック,東証PRM,"2,625",+12,0.46,"115,400",2026/09/25
1715,1715,2218,日糧製パン(株),札証,"2,165",+10,0.46,600,2026/09/25
1716,1716,2462,ライク(株),東証PRM,"1,523",+7,0.46,"21,100",2026/09/25
1717,1717,3104,富士紡ホールディングス(株),東証PRM,"3,305",+15,0.46,"101,400",2026/09/25
1718,1718,3148,(株)クリエイトＳＤホールディングス,東証PRM,"3,310",+15,0.46,"78,900",2026/09/25
1719,1719,3791,(株)ＩＧポート,東証STD,"1,089",+5,0.46,"41,400",2026/09/25
1720,1720,4193,(株)ファブリカホールディングス,東証STD,"2,190",+10,0.46,"11,600",2026/09/25
1721,1721,5192,三ツ星ベルト(株),東証PRM,"4,330",+20,0.46,"67,300",2026/09/25
1722,1722,6151,日東工器(株),東証PRM,"1,762",+8,0.46,"14,600",2026/09/25
1723,1723,6351,(株)鶴見製作所,東証PRM,"2,648",+12,0.46,"69,300",2026/09/25
1724,1724,7313,テイ・エス　テック(株),東証PRM,"1,842",+8.5,0.46,"316,400",2026/09/25
1725,1725,8214,(株)ＡＯＫＩホールディングス,東証PRM,"1,742",+8,0.46,"281,700",2026/09/25
1726,1726,8818,京阪神ビルディング(株),東証PRM,"1,086",+5,0.46,"667,600",2026/09/25
1727,1727,9057,遠州トラック(株),東証STD,"3,290",+15,0.46,"1,400",2026/09/25
1728,1728,9902,(株)日伝,東証PRM,"3,265",+15,0.46,"111,800",2026/09/25
1729,1729,1911,住友林業(株),東証PRM,"1,220.5",+5.5,0.45,"4,425,100",2026/09/25
1730,1730,2186,ソーバル(株),東証STD,900,+4,0.45,"3,600",2026/09/25
1731,1731,2513,(NEXT FUNDS)外国株式･MSCI-KOKUSAI(H無),東証ETF,"3,577",+16,0.45,"8,690",2026/09/25
1732,1732,274A,(株)ガーデン,東証STD,"2,246",+10,0.45,"2,700",2026/09/25
1733,1733,2780,(株)コメ兵ホールディングス,東証STD,"4,490",+20,0.45,"35,900",2026/09/25
1734,1734,3201,ニッケ,東証PRM,"2,002",+9,0.45,"61,200",2026/09/25
1735,1735,3372,(株)関門海,東証STD,221,+1,0.45,"26,600",2026/09/25
1736,1736,4524,森下仁丹(株),東証STD,"2,254",+10,0.45,"2,200",2026/09/25
1737,1737,5579,(株)ＧＳＩ,札証,"1,340",+6,0.45,600,2026/09/25
1738,1738,6111,旭精機工業(株),名証MN,"2,020",+9,0.45,400,2026/09/25
1739,1739,7213,レシップホールディングス(株),東証STD,668,+3,0.45,"16,200",2026/09/25
1740,1740,9052,山陽電気鉄道(株),東証PRM,"2,007",+9,0.45,"47,800",2026/09/25
1741,1741,9165,(株)クオルテック,東証GRT,"1,805",+8,0.45,"6,700",2026/09/25
1742,1742,9219,(株)ギックス,東証GRT,900,+4,0.45,"5,600",2026/09/25
1743,1743,9876,(株)コックス,東証STD,221,+1,0.45,"11,500",2026/09/25
1744,1744,9956,(株)バローホールディングス,東証PRM,"3,370",+15,0.45,"151,900",2026/09/25
1745,1745,2248,iFreeETF S&P500(H有),東証ETF,"2,758",+12,0.44,"18,563",2026/09/25
1746,1746,250A,シマダヤ(株),東証STD,"1,616",+7,0.44,"30,700",2026/09/25
1747,1747,2559,MAXIS 全世界株式(オール・カントリー)上場投信,東証ETF,"2,977",+13,0.44,"243,158",2026/09/25
1748,1748,2791,大黒天物産(株),東証PRM,"4,525",+20,0.44,"32,600",2026/09/25
1749,1749,314A,iシェアーズ ゴールド ETF,東証ETF,322.5,+1.4,0.44,"1,988,900",2026/09/25
1750,1750,3762,テクマトリックス(株),東証PRM,"2,535",+11,0.44,"243,300",2026/09/25
1751,1751,521A,iFreeETF FANG+ゴールド,東証ETF,"2,062",+9,0.44,"38,368",2026/09/25
1752,1752,523A,(株)セイワホールディングス,東証GRT,"1,824",+8,0.44,"116,000",2026/09/25
1753,1753,6662,(株)ユビテック,東証STD,228,+1,0.44,"3,000",2026/09/25
1754,1754,6806,ヒロセ電機(株),東証PRM,"25,030",+110,0.44,"139,000",2026/09/25
1755,1755,7326,ＳＢＩインシュアランスグループ(株),東証GRT,"2,300",+10,0.44,"18,800",2026/09/25
1756,1756,7625,(株)グローバルダイニング,東証STD,461,+2,0.44,"5,800",2026/09/25
1757,1757,7702,(株)ＪＭＳ,東証STD,461,+2,0.44,"21,500",2026/09/25
1758,1758,7776,(株)セルシード,東証GRT,227,+1,0.44,"57,500",2026/09/25
1759,1759,7885,タカノ(株),東証STD,"1,147",+5,0.44,"14,000",2026/09/25
1760,1760,8897,ＭＩＲＡＲＴＨホールディングス(株),東証PRM,452,+2,0.44,"598,200",2026/09/25
1761,1761,2047,NEXT NOTES インドNifty・ベア ETN,東証ETF,"3,497",+15,0.43,2,2026/09/25
1762,1762,2676,高千穂交易(株),東証PRM,"2,085",+9,0.43,"25,700",2026/09/25
1763,1763,2752,(株)フジオフードグループ本社,東証PRM,"1,172",+5,0.43,"81,800",2026/09/25
1764,1764,3280,(株)エストラスト,東証STD,942,+4,0.43,"1,000",2026/09/25
1765,1765,3289,東急不動産ホールディングス(株),東証PRM,"1,283.5",+5.5,0.43,"2,543,900",2026/09/25
1766,1766,3662,(株)エイチームホールディングス,東証PRM,934,+4,0.43,"61,500",2026/09/25
1767,1767,3744,サイオス(株),東証STD,468,+2,0.43,"8,300",2026/09/25
1768,1768,7679,(株)薬王堂ホールディングス,東証PRM,"1,640",+7,0.43,"66,400",2026/09/25
1769,1769,7898,(株)ウッドワン,東証STD,939,+4,0.43,"3,000",2026/09/25
1770,1770,8801,三井不動産(株),東証PRM,"1,507.5",+6.5,0.43,"10,088,600",2026/09/25
1771,1771,9699,ニシオホールディングス(株),東証PRM,"4,685",+20,0.43,"64,700",2026/09/25
1772,1772,1925,大和ハウス工業(株),東証PRM,"4,551",+19,0.42,"2,333,900",2026/09/25
1773,1773,1951,エクシオグループ(株),東証PRM,"2,616",+11,0.42,"535,600",2026/09/25
1774,1774,2146,ＵＴグループ(株),東証PRM,240,+1,0.42,"4,034,900",2026/09/25
1775,1775,2492,(株)インフォマート,東証PRM,712,+3,0.42,"2,698,000",2026/09/25
1776,1776,3611,(株)マツオカコーポレーション,東証STD,"2,406",+10,0.42,"19,300",2026/09/25
1777,1777,4680,(株)ラウンドワン,東証PRM,"1,187.5",+5,0.42,"1,632,800",2026/09/25
1778,1778,5161,西川ゴム工業(株),東証STD,"3,625",+15,0.42,"98,800",2026/09/25
1779,1779,7628,(株)オーハシテクニカ,東証PRM,"1,184",+5,0.42,"112,000",2026/09/25
1780,1780,7638,(株)ＮＥＷ　ＡＲＴ　ＨＯＬＤＩＮＧＳ,東証STD,"1,425",+6,0.42,"17,400",2026/09/25
1781,1781,7927,ムトー精工(株),東証STD,"2,392",+10,0.42,"23,300",2026/09/25
1782,1782,7949,小松ウオール工業(株),東証PRM,"2,841",+12,0.42,"47,900",2026/09/25
1783,1783,8244,(株)近鉄百貨店,東証STD,"1,894",+8,0.42,"35,200",2026/09/25
1784,1784,9513,Ｊ－ＰＯＷＥＲ,東証PRM,"4,109",+17,0.42,"583,000",2026/09/25
1785,1785,1495,上場インデックスファンドアジアリート,東証ETF,"11,000",+45,0.41,74,2026/09/25
1786,1786,1557,State Street SPDR S&P500 ETF,東証ETF,"121,600",+500,0.41,932,2026/09/25
1787,1787,2084,(NEXT FUNDS) 日本高配当株アクティブ,東証ETF,"3,909",+16,0.41,"4,791",2026/09/25
1788,1788,3003,ヒューリック(株),東証PRM,"1,734",+7,0.41,"1,615,500",2026/09/25
1789,1789,3223,(株)エスエルディー,東証STD,990,+4,0.41,"4,900",2026/09/25
1790,1790,331A,(株)メディックス,東証STD,487,+2,0.41,"6,500",2026/09/25
1791,1791,4694,(株)ビー・エム・エル,東証PRM,"3,700",+15,0.41,"47,200",2026/09/25
1792,1792,5271,(株)トーヨーアサノ,東証STD,"2,214",+9,0.41,"1,200",2026/09/25
1793,1793,5331,ノリタケ(株),東証PRM,"3,710",+15,0.41,"146,700",2026/09/25
1794,1794,552A,MAXIS 米国AIインフラ株上場投信,東証ETF,"2,468",+10,0.41,"6,195",2026/09/25
1795,1795,5891,(株)ＳＡＫＩＧＡＫＥホールディングス,東証STD,"1,699",+7,0.41,"3,900",2026/09/25
1796,1796,7283,愛三工業(株),東証PRM,"2,224",+9,0.41,"142,300",2026/09/25
1797,1797,9206,(株)スターフライヤー,東証STD,"1,963",+8,0.41,"1,800",2026/09/25
1798,1798,9221,フルハシＥＰＯ(株),東証STD,"1,222",+5,0.41,"63,900",2026/09/25
1799,1799,9466,(株)アイドママーケティングコミュニケーション,東証STD,247,+1,0.41,"7,000",2026/09/25
1800,1800,9511,沖縄電力(株),東証PRM,"1,214",+5,0.41,"166,900",2026/09/25
1801,1801,9672,東京都競馬(株),東証PRM,"4,900",+20,0.41,"65,300",2026/09/25
1802,1802,9904,(株)ベリテ,東証STD,243,+1,0.41,"9,000",2026/09/25
1803,1803,1840,(株)土屋ホールディングス,東証STD,252,+1,0.4,"8,300",2026/09/25
1804,1804,2300,(株)きょくとう,東証STD,501,+2,0.4,"2,900",2026/09/25
1805,1805,349A,SMDAM Active ETF 日本グロース株,東証ETF,823.8,+3.3,0.4,190,2026/09/25
1806,1806,3826,(株)システムインテグレータ,東証STD,499,+2,0.4,"12,400",2026/09/25
1807,1807,4331,(株)テイクアンドギヴ・ニーズ,東証PRM,749,+3,0.4,"25,500",2026/09/25
1808,1808,4538,扶桑薬品工業(株),東証PRM,"2,250",+9,0.4,"19,500",2026/09/25
1809,1809,487A,(NEXT FUNDS) ドイツ株式・DAX(H無),東証ETF,"2,014",+8,0.4,52,2026/09/25
1810,1810,5940,不二サッシ(株),東証STD,751,+3,0.4,"12,400",2026/09/25
1811,1811,6091,(株)ウエスコホールディングス,東証STD,997,+4,0.4,"17,300",2026/09/25
1812,1812,6484,(株)ＫＶＫ,東証STD,"2,256",+9,0.4,"1,100",2026/09/25
1813,1813,6492,岡野バルブ製造(株),東証STD,"15,160",+60,0.4,"5,000",2026/09/25
1814,1814,7120,(株)ＳＨＩＮＫＯ,東証STD,"1,001",+4,0.4,"12,100",2026/09/25
1815,1815,8113,ユニ・チャーム(株),東証PRM,956.7,+3.8,0.4,"3,969,800",2026/09/25
1816,1816,8203,(株)ＭｒＭａｘＨＤ,東証PRM,754,+3,0.4,"42,000",2026/09/25
1817,1817,92015,日本航空（株）第１回社債型種類株式,東証PRM,"10,160",+40,0.4,"6,700",2026/09/25
1818,1818,1926,ライト工業(株),東証PRM,"3,910",+15,0.39,"102,400",2026/09/25
1819,1819,2674,(株)ハードオフコーポレーション,東証PRM,"2,607",+10,0.39,"26,300",2026/09/25
1820,1820,3121,マーチャント・バンカーズ(株),東証STD,256,+1,0.39,"19,700",2026/09/25
1821,1821,3183,ウイン・パートナーズ(株),東証PRM,"1,276",+5,0.39,"20,800",2026/09/25
1822,1822,3932,(株)アカツキ,東証PRM,"3,860",+15,0.39,"61,400",2026/09/25
1823,1823,4661,(株)オリエンタルランド,東証PRM,"2,968",+11.5,0.39,"4,755,200",2026/09/25
1824,1824,4951,エステー(株),東証PRM,"1,539",+6,0.39,"73,300",2026/09/25
1825,1825,5201,ＡＧＣ(株),東証PRM,"5,710",+22,0.39,"1,141,400",2026/09/25
1826,1826,535A,NZAM 上場投信 DAX(H無),東証ETF,"2,081",+8,0.39,572,2026/09/25
1827,1827,6718,アイホン(株),東証PRM,"2,850",+11,0.39,"27,000",2026/09/25
1828,1828,7769,リズム(株),東証PRM,"3,870",+15,0.39,"13,200",2026/09/25
1829,1829,7937,(株)ツツミ,東証STD,"2,562",+10,0.39,"13,000",2026/09/25
1830,1830,9007,小田急電鉄(株),東証PRM,"1,782.5",+7,0.39,"1,757,400",2026/09/25
1831,1831,9201,日本航空(株),東証PRM,"3,096",+12,0.39,"1,902,300",2026/09/25
1832,1832,9418,(株)Ｕ－ＮＥＸＴ　ＨＯＬＤＩＮＧＳ,東証PRM,"1,798",+7,0.39,"324,500",2026/09/25
1833,1833,9709,ＮＣＳ＆Ａ(株),東証STD,"1,274",+5,0.39,"6,800",2026/09/25
1834,1834,9759,(株)ＮＳＤ,東証PRM,"2,936.5",+11.5,0.39,"441,900",2026/09/25
1835,1835,9990,(株)サックスバー　ホールディングス,東証PRM,767,+3,0.39,"59,700",2026/09/25
1836,1836,150A,(株)ＪＳＨ,東証GRT,794,+3,0.38,"170,500",2026/09/25
1837,1837,1547,上場インデックスファンド米国株式(S&P500),東証ETF,"13,285",+50,0.38,"12,444",2026/09/25
1838,1838,1681,上場インデックスファンド海外新興国株式,東証ETF,"3,408",+13,0.38,"2,487",2026/09/25
1839,1839,1793,(株)大本組,東証STD,"2,127",+8,0.38,"3,000",2026/09/25
1840,1840,1835,東鉄工業(株),東証PRM,"3,925",+15,0.38,"78,200",2026/09/25
1841,1841,2251,(NEXT FUNDS) JPX国債先物ダブルインバース,東証ETF,926,+3.5,0.38,"16,560",2026/09/25
1842,1842,2497,ユナイテッド(株),東証GRT,527,+2,0.38,"14,600",2026/09/25
1843,1843,2862,上場インデックスファンドフランス国債(H有),東証ETF,"3,714",+14,0.38,2,2026/09/25
1844,1844,2986,(株)ＬＡホールディングス,東証GRT,"2,937",+11,0.38,"104,500",2026/09/25
1845,1845,3306,日本製麻(株),東証STD,794,+3,0.38,"80,800",2026/09/25
1846,1846,3420,(株)ケー・エフ・シー,東証STD,"1,570",+6,0.38,"1,400",2026/09/25
1847,1847,3492,MIRARTH不動産投資法人,東証,"78,900",+300,0.38,"6,486",2026/09/25
1848,1848,4705,(株)クリップコーポレーション,東証STD,783,+3,0.38,"1,200",2026/09/25
1849,1849,5273,三谷セキサン(株),東証STD,"2,140",+8,0.38,"78,900",2026/09/25
1850,1850,5589,(株)オートサーバー,東証STD,"2,929",+11,0.38,"1,100",2026/09/25
1851,1851,5986,モリテック　スチール(株),東証STD,263,+1,0.38,"49,600",2026/09/25
1852,1852,6390,(株)加藤製作所,東証PRM,"1,331",+5,0.38,"74,300",2026/09/25
1853,1853,6787,(株)メイコー,東証PRM,"23,870",+90,0.38,"705,800",2026/09/25
1854,1854,6870,日本フェンオール(株),東証STD,"2,100",+8,0.38,"1,900",2026/09/25
1855,1855,7481,尾家産業(株),東証STD,"2,621",+10,0.38,"4,700",2026/09/25
1856,1856,7613,シークス(株),東証PRM,"1,602",+6,0.38,"188,100",2026/09/25
1857,1857,7840,フランスベッドホールディングス(株),東証PRM,"1,309",+5,0.38,"31,900",2026/09/25
1858,1858,9313,丸八倉庫(株),東証STD,"1,060",+4,0.38,200,2026/09/25
1859,1859,1384,(株)ホクリヨウ,東証STD,"2,144",+8,0.37,"9,900",2026/09/25
1860,1860,149A,(株)シンカ,東証GRT,805,+3,0.37,"5,100",2026/09/25
1861,1861,3612,(株)ワールド,東証PRM,"1,608",+6,0.37,"187,900",2026/09/25
1862,1862,4109,ステラ　ケミファ(株),東証PRM,"5,420",+20,0.37,"26,500",2026/09/25
1863,1863,465A,GX 日経平均株主還元40-日本株式,東証ETF,"1,345",+5,0.37,"1,735",2026/09/25
1864,1864,4750,(株)ダイサン,東証STD,549,+2,0.37,"4,400",2026/09/25
1865,1865,564A,GX S&P先進国キャッシュフロー・トップ100,東証ETF,"1,095",+4,0.37,127,2026/09/25
1866,1866,6157,日進工具(株),東証STD,820,+3,0.37,"54,700",2026/09/25
1867,1867,7228,(株)デイトナ,東証STD,"4,020",+15,0.37,400,2026/09/25
1868,1868,7486,サンリン(株),東証STD,810,+3,0.37,"1,200",2026/09/25
1869,1869,9046,神戸電鉄(株),東証STD,"2,474",+9,0.37,"11,300",2026/09/25
1870,1870,9264,ポエック(株),東証STD,"1,634",+6,0.37,"10,400",2026/09/25
1871,1871,1736,(株)オーテック,東証STD,"2,510",+9,0.36,"4,900",2026/09/25
1872,1872,3002,グンゼ(株),東証PRM,"4,125",+15,0.36,"253,300",2026/09/25
1873,1873,3099,(株)三越伊勢丹ホールディングス,東証PRM,"3,343",+12,0.36,"1,321,800",2026/09/25
1874,1874,3395,(株)サンマルクホールディングス,東証PRM,"2,515",+9,0.36,"134,500",2026/09/25
1875,1875,452A,iシェアーズ S&P500プレミアムインカム,東証ETF,813.8,+2.9,0.36,"576,460",2026/09/25
1876,1876,4642,オリジナル設計(株),東証STD,"1,408",+5,0.36,"5,400",2026/09/25
1877,1877,613A,iFreeETF ドイツ0-3カ月短期国債,東証ETF,"1,935",+7,0.36,30,2026/09/25
1878,1878,6165,パンチ工業(株),東証STD,552,+2,0.36,"81,700",2026/09/25
1879,1879,7259,(株)アイシン,東証PRM,"2,237",+8,0.36,"2,654,300",2026/09/25
1880,1880,7309,(株)シマノ,東証PRM,"18,025",+65,0.36,"240,900",2026/09/25
1881,1881,9972,アルテック(株),東証STD,277,+1,0.36,"2,100",2026/09/25
1882,1882,160A,(株)アズパートナーズ,東証STD,"2,001",+7,0.35,"9,500",2026/09/25
1883,1883,2693,ＹＫＴ(株),東証STD,286,+1,0.35,"299,800",2026/09/25
1884,1884,2868,GX S&P500・カバード・コール,東証ETF,"1,145",+4,0.35,"27,818",2026/09/25
1885,1885,3768,リスクモンスター(株),東証STD,571,+2,0.35,"5,700",2026/09/25
1886,1886,4221,大倉工業(株),東証PRM,"5,740",+20,0.35,"23,800",2026/09/25
1887,1887,4433,(株)ヒト・コミュニケーションズ・ホールディングス,東証PRM,859,+3,0.35,"18,400",2026/09/25
1888,1888,4506,住友ファーマ(株),東証PRM,"1,595",+5.5,0.35,"2,081,900",2026/09/25
1889,1889,4995,サンケイ化学(株),福証,"1,726",+6,0.35,100,2026/09/25
1890,1890,5214,日本電気硝子(株),東証PRM,"4,875",+17,0.35,"479,000",2026/09/25
1891,1891,5268,旭コンクリート工業(株),東証STD,860,+3,0.35,"2,100",2026/09/25
1892,1892,5947,リンナイ(株),東証PRM,"3,450",+12,0.35,"276,200",2026/09/25
1893,1893,7157,ライフネット生命保険(株),東証PRM,"1,415",+5,0.35,"158,100",2026/09/25
1894,1894,7296,(株)エフ・シー・シー,東証PRM,"4,250",+15,0.35,"99,900",2026/09/25
1895,1895,8281,ゼビオホールディングス(株),東証PRM,"1,137",+4,0.35,"238,900",2026/09/25
1896,1896,8554,(株)南日本銀行,福証,"1,435",+5,0.35,"8,900",2026/09/25
1897,1897,9753,アイエックス・ナレッジ(株),東証STD,"1,435",+5,0.35,"1,700",2026/09/25
1898,1898,1777,川崎設備工業(株),名証MN,"2,373",+8,0.34,"3,900",2026/09/25
1899,1899,2181,パーソルホールディングス(株),東証PRM,293.8,+1,0.34,"9,747,800",2026/09/25
1900,1900,4042,東ソー(株),東証PRM,"2,656.5",+9,0.34,"1,235,600",2026/09/25
1901,1901,5618,ナイル(株),東証GRT,293,+1,0.34,"7,300",2026/09/25
1902,1902,5703,日本軽金属ホールディングス(株),東証PRM,"2,995",+10,0.34,"253,600",2026/09/25
1903,1903,5958,三洋工業(株),東証STD,"4,395",+15,0.34,700,2026/09/25
1904,1904,5997,協立エアテック(株),東証STD,892,+3,0.34,"1,200",2026/09/25
1905,1905,6089,(株)ウィルグループ,東証PRM,"1,171",+4,0.34,"38,200",2026/09/25
1906,1906,6882,(株)三社電機製作所,東証STD,"1,183",+4,0.34,"42,400",2026/09/25
1907,1907,7284,盟和産業(株),東証STD,"1,192",+4,0.34,"1,200",2026/09/25
1908,1908,7413,(株)創健社,東証STD,"2,950",+10,0.34,"1,100",2026/09/25
1909,1909,7814,(株)日本創発グループ,東証STD,597,+2,0.34,"4,400",2026/09/25
1910,1910,8772,(株)アサックス,東証STD,895,+3,0.34,"4,700",2026/09/25
1911,1911,9697,(株)カプコン,東証PRM,"4,415",+15,0.34,"2,316,500",2026/09/25
1912,1912,1481,上場インデックスファンド日本経済貢献株,東証ETF,"3,913",+13,0.33,59,2026/09/25
1913,1913,1852,(株)淺沼組,東証PRM,901,+3,0.33,"318,500",2026/09/25
1914,1914,3241,(株)ウィル,東証STD,601,+2,0.33,"3,000",2026/09/25
1915,1915,4124,大阪油化工業(株),東証STD,"3,050",+10,0.33,"1,400",2026/09/25
1916,1916,4212,積水樹脂(株),東証PRM,"3,000",+10,0.33,"37,700",2026/09/25
1917,1917,4936,(株)アクシージア,東証STD,308,+1,0.33,"24,800",2026/09/25
1918,1918,4977,新田ゼラチン(株),東証STD,"1,200",+4,0.33,"50,500",2026/09/25
1919,1919,5570,(株)ジェノバ,東証GRT,616,+2,0.33,"7,500",2026/09/25
1920,1920,6184,(株)鎌倉新書,東証PRM,608,+2,0.33,"127,200",2026/09/25
1921,1921,6190,(株)フェニックスバイオ,東証GRT,305,+1,0.33,"3,000",2026/09/25
1922,1922,7012,川崎重工業(株),東証PRM,"2,408",+8,0.33,"7,358,900",2026/09/25
1923,1923,7191,(株)イントラスト,東証STD,"1,213",+4,0.33,"8,900",2026/09/25
1924,1924,8207,テンアライド(株),東証STD,302,+1,0.33,"56,900",2026/09/25
1925,1925,8934,サンフロンティア不動産(株),東証PRM,"2,408",+8,0.33,"126,400",2026/09/25
1926,1926,8976,大和証券オフィス投資法人,東証,"307,500","+1,000",0.33,"1,886",2026/09/25
1927,1927,9790,福井コンピュータホールディングス(株),東証PRM,"3,060",+10,0.33,"22,500",2026/09/25
1928,1928,1444,(株)ニッソウ,東証GRT,"2,796",+9,0.32,"5,100",2026/09/25
1929,1929,2208,(株)ブルボン,東証STD,"3,170",+10,0.32,"4,900",2026/09/25
1930,1930,2499,日本和装ホールディングス(株),東証STD,309,+1,0.32,"1,700",2026/09/25
1931,1931,2530,MAXIS HuaAn中国株式(上海180A株)上場投信,東証ETF,"17,395",+55,0.32,"1,559",2026/09/25
1932,1932,264A,(株)Ｓｃｈｏｏ,東証GRT,311,+1,0.32,"55,500",2026/09/25
1933,1933,2769,(株)ヴィレッジヴァンガードコーポレーション,東証STD,928,+3,0.32,"5,000",2026/09/25
1934,1934,2814,佐藤食品工業(株),東証STD,"1,899",+6,0.32,"7,600",2026/09/25
1935,1935,3461,(株)パルマ,東証STD,634,+2,0.32,"10,000",2026/09/25
1936,1936,3562,(株)Ｎｏ．１,東証STD,"1,590",+5,0.32,"8,900",2026/09/25
1937,1937,3849,日本テクノ・ラボ(株),札幌ア,621,+2,0.32,600,2026/09/25
1938,1938,4204,積水化学工業(株),東証PRM,"2,525",+8,0.32,"1,343,500",2026/09/25
1939,1939,5869,(株)早稲田学習研究会,東証STD,"1,261",+4,0.32,"6,800",2026/09/25
1940,1940,6454,マックス(株),東証PRM,"1,883",+6,0.32,"196,300",2026/09/25
1941,1941,7399,(株)ナンシン,東証STD,623,+2,0.32,"1,400",2026/09/25
1942,1942,7860,エイベックス(株),東証PRM,"1,272",+4,0.32,"85,300",2026/09/25
1943,1943,7988,(株)ニフコ,東証PRM,"4,954",+16,0.32,"216,100",2026/09/25
1944,1944,9409,(株)テレビ朝日ホールディングス,東証PRM,"3,110",+10,0.32,"189,000",2026/09/25
1945,1945,9723,(株)京都ホテル,東証STD,633,+2,0.32,"1,900",2026/09/25
1946,1946,1514,住石ホールディングス(株),東証STD,643,+2,0.31,"179,700",2026/09/25
1947,1947,175A,(株)Ｗｉｌｌ　Ｓｍａｒｔ,東証GRT,645,+2,0.31,"3,300",2026/09/25
1948,1948,1982,日比谷総合設備(株),東証PRM,"3,280",+10,0.31,"74,500",2026/09/25
1949,1949,2558,MAXIS 米国株式(S&P500)上場投信,東証ETF,"3,511",+11,0.31,"167,095",2026/09/25
1950,1950,2698,(株)キャンドゥ,東証STD,"3,285",+10,0.31,"9,500",2026/09/25
1951,1951,2865,GX NASDAQ100・カバード・コール,東証ETF,"1,295",+4,0.31,"352,143",2026/09/25
1952,1952,3066,(株)ＪＢイレブン,名証MN,655,+2,0.31,"13,100",2026/09/25
1953,1953,3284,(株)フージャースホールディングス,東証PRM,"1,297",+4,0.31,"252,200",2026/09/25
1954,1954,340A,(株)ジグザグ,東証GRT,320,+1,0.31,"4,300",2026/09/25
1955,1955,3633,ＧＭＯペパボ(株),東証STD,"2,584",+8,0.31,"16,700",2026/09/25
1956,1956,4481,ベース(株),東証PRM,"3,210",+10,0.31,"57,500",2026/09/25
1957,1957,4752,(株)昭和システムエンジニアリング,東証STD,"1,610",+5,0.31,"3,600",2026/09/25
1958,1958,7595,(株)アルゴグラフィックス,東証PRM,"1,295",+4,0.31,"248,100",2026/09/25
1959,1959,8938,グローム・ホールディングス(株),東証GRT,326,+1,0.31,"4,500",2026/09/25
1960,1960,9025,鴻池運輸(株),東証PRM,"2,949",+9,0.31,"86,300",2026/09/25
1961,1961,9414,日本ＢＳ放送(株),東証STD,966,+3,0.31,"203,300",2026/09/25
1962,1962,9633,東京テアトル(株),東証STD,"1,915",+6,0.31,"8,000",2026/09/25
1963,1963,9795,(株)ステップ,東証PRM,"2,283",+7,0.31,"46,800",2026/09/25
1964,1964,2683,(株)ＵＯＧｒｏｕｐ,東証STD,994,+3,0.3,"1,800",2026/09/25
1965,1965,3196,(株)ホットランドホールディングス,東証PRM,"1,647",+5,0.3,"46,100",2026/09/25
1966,1966,4237,フジプレアム(株),東証STD,336,+1,0.3,"15,800",2026/09/25
1967,1967,4398,(株)ブロードバンドセキュリティ,東証STD,"1,319",+4,0.3,"2,200",2026/09/25
1968,1968,4839,(株)ＷＯＷＯＷ,東証PRM,"1,000",+3,0.3,"71,000",2026/09/25
1969,1969,5015,ビーピー・カストロール(株),東証STD,"1,001",+3,0.3,"8,900",2026/09/25
1970,1970,5075,アップコン(株),名証NXT,"1,018",+3,0.3,"1,900",2026/09/25
1971,1971,5440,共英製鋼(株),東証PRM,"2,014",+6,0.3,"102,200",2026/09/25
1972,1972,5867,(株)エスネットワークス,東証GRT,"1,344",+4,0.3,"1,400",2026/09/25
1973,1973,6969,松尾電機(株),東証STD,"1,010",+3,0.3,"12,700",2026/09/25
1974,1974,7042,(株)アクセスグループ・ホールディングス,東証STD,669,+2,0.3,"1,400",2026/09/25
1975,1975,7277,(株)ＴＢＫ,東証STD,338,+1,0.3,"17,800",2026/09/25
1976,1976,7447,ナガイレーベン(株),東証PRM,"1,654",+5,0.3,"89,600",2026/09/25
1977,1977,7502,(株)プラザホールディングス,東証STD,"1,698",+5,0.3,"1,500",2026/09/25
1978,1978,7673,ダイコー通産(株),東証STD,"1,684",+5,0.3,500,2026/09/25
1979,1979,9074,日本石油輸送(株),東証STD,"4,950",+15,0.3,"1,100",2026/09/25
1980,1980,9279,(株)ギフトホールディングス,東証PRM,"1,982",+6,0.3,"265,700",2026/09/25
1981,1981,9417,(株)スマートバリュー,東証STD,329,+1,0.3,"5,700",2026/09/25
1982,1982,9823,(株)マミーマートホールディングス,東証STD,"1,015",+3,0.3,"86,400",2026/09/25
1983,1983,1493,One ETF JPX日経中小型,東証ETF,"25,945",+75,0.29,73,2026/09/25
1984,1984,168A,(株)イタミアート,東証GRT,"1,055",+3,0.29,500,2026/09/25
1985,1985,1808,(株)長谷工コーポレーション,東証PRM,"2,731.5",+8,0.29,"704,900",2026/09/25
1986,1986,2438,(株)アスカネット,東証GRT,348,+1,0.29,"20,800",2026/09/25
1987,1987,2454,(株)オールアバウト,東証STD,344,+1,0.29,"23,500",2026/09/25
1988,1988,2733,(株)あらた,東証PRM,"2,720",+8,0.29,"268,500",2026/09/25
1989,1989,4255,ＴＨＥＣＯＯ(株),東証GRT,"3,480",+10,0.29,"5,400",2026/09/25
1990,1990,4461,第一工業製薬(株),東証PRM,"13,950",+40,0.29,"132,700",2026/09/25
1991,1991,4595,(株)ミズホメディー,東証STD,"1,745",+5,0.29,"90,000",2026/09/25
1992,1992,5071,(株)ヴィス,東証STD,"1,405",+4,0.29,"378,300",2026/09/25
1993,1993,6420,ガリレイホールディングス(株),東証PRM,"3,510",+10,0.29,"69,400",2026/09/25
1994,1994,8228,(株)マルイチ産商,名証MN,"1,052",+3,0.29,"6,100",2026/09/25
1995,1995,8923,トーセイ(株),東証PRM,"1,722",+5,0.29,"151,800",2026/09/25
1996,1996,9012,秩父鉄道(株),東証STD,"2,087",+6,0.29,400,2026/09/25
1997,1997,9332,ＮＩＳＳＯホールディングス(株),東証PRM,684,+2,0.29,"97,300",2026/09/25
1998,1998,9706,日本空港ビルデング(株),東証PRM,"5,545",+16,0.29,"681,200",2026/09/25
1999,1999,141A,(株)トライアルホールディングス,東証GRT,"3,640",+10,0.28,"372,200",2026/09/25
2000,2000,2092,NZAM 上場投信 フランス国債7-10年(H有),東証ETF,"4,375",+12,0.28,1,2026/09/25
2001,2001,2722,(株)ＩＫホールディングス,東証STD,361,+1,0.28,"4,100",2026/09/25
2002,2002,2818,(株)ピエトロ,東証STD,"1,760",+5,0.28,"4,300",2026/09/25
2003,2003,3415,(株)ＴＯＫＹＯ　ＢＡＳＥ,東証PRM,356,+1,0.28,"281,700",2026/09/25
2004,2004,3945,スーパーバッグ(株),東証STD,"2,187",+6,0.28,800,2026/09/25
2005,2005,4243,(株)ニックス,東証STD,"1,069",+3,0.28,"2,100",2026/09/25
2006,2006,4245,(株)ダイキアクシス,東証STD,718,+2,0.28,"13,700",2026/09/25
2007,2007,4475,ＨＥＮＮＧＥ(株),東証GRT,"1,780",+5,0.28,"413,800",2026/09/25
2008,2008,4476,ＡＩ　ＣＲＯＳＳ(株),東証GRT,"1,084",+3,0.28,"11,800",2026/09/25
2009,2009,4751,(株)サイバーエージェント,東証PRM,"1,249.5",+3.5,0.28,"4,094,600",2026/09/25
2010,2010,5269,日本コンクリート工業(株),東証PRM,364,+1,0.28,"140,000",2026/09/25
2011,2011,550A,(株)ソフトテックス,東証STD,"2,171",+6,0.28,"4,300",2026/09/25
2012,2012,6923,スタンレー電気(株),東証PRM,"3,584",+10,0.28,"408,800",2026/09/25
2013,2013,7839,(株)ＳＨＯＥＩ,東証PRM,"2,150",+6,0.28,"231,400",2026/09/25
2014,2014,7991,マミヤ・オーピー(株),東証STD,"1,061",+3,0.28,"5,900",2026/09/25
2015,2015,8917,ファースト住建(株),東証STD,"1,090",+3,0.28,"20,300",2026/09/25
2016,2016,9554,(株)ＡＶｉＣ,東証GRT,"1,800",+5,0.28,"15,300",2026/09/25
2017,2017,9601,松竹(株),東証PRM,"10,880",+30,0.28,"25,000",2026/09/25
2018,2018,9755,応用地質(株),東証PRM,"2,863",+8,0.28,"41,200",2026/09/25
2019,2019,1620,(NEXT FUNDS)素材･化学上場投信,東証ETF,"36,880",+100,0.27,826,2026/09/25
2020,2020,1658,iシェアーズ･コア MSCI 新興国株 ETF,東証ETF,"4,382",+12,0.27,"1,276",2026/09/25
2021,2021,275A,ハンワホームズ(株),名証NXT,371,+1,0.27,100,2026/09/25
2022,2022,3143,オーウイル(株),東証STD,730,+2,0.27,"9,200",2026/09/25
2023,2023,3382,(株)セブン＆アイ・ホールディングス,東証PRM,"2,005.5",+5.5,0.27,"8,585,600",2026/09/25
2024,2024,4553,東和薬品(株),東証PRM,"3,710",+10,0.27,"89,500",2026/09/25
2025,2025,4761,(株)さくらケーシーエス,東証STD,"1,488",+4,0.27,"10,300",2026/09/25
2026,2026,537A,NZAM 上場投信 全世界株式(MSCI ACWI)(H無),東証ETF,"1,127",+3,0.27,140,2026/09/25
2027,2027,5753,日本伸銅(株),東証STD,"2,592",+7,0.27,"1,900",2026/09/25
2028,2028,6185,ＳＭＮ(株),東証STD,367,+1,0.27,"10,900",2026/09/25
2029,2029,6675,サクサ(株),東証STD,"2,200",+6,0.27,"28,100",2026/09/25
2030,2030,7247,(株)ミクニ,東証STD,370,+1,0.27,"27,000",2026/09/25
2031,2031,7637,白銅(株),東証PRM,"3,690",+10,0.27,"33,300",2026/09/25
2032,2032,7646,(株)ＰＬＡＮＴ,東証STD,"1,825",+5,0.27,"9,600",2026/09/25
2033,2033,8706,極東証券(株),東証PRM,"1,877",+5,0.27,"186,100",2026/09/25
2034,2034,1349,ABF 汎アジア債券インデックス･ファンド,東証ETF,"17,485",+45,0.26,19,2026/09/25
2035,2035,1622,(NEXT FUNDS)自動車･輸送機上場投信,東証ETF,"34,370",+90,0.26,"1,330",2026/09/25
2036,2036,2877,日東ベスト(株),東証STD,762,+2,0.26,"3,700",2026/09/25
2037,2037,3035,ケイティケイ(株),東証STD,779,+2,0.26,"5,800",2026/09/25
2038,2038,3293,アズマハウス(株),東証STD,767,+2,0.26,"1,100",2026/09/25
2039,2039,334A,(株)ビジュアル・プロセッシング・ジャパン,東証GRT,"1,173",+3,0.26,"7,900",2026/09/25
2040,2040,4107,伊勢化学工業(株),東証STD,"3,895",+10,0.26,"101,300",2026/09/25
2041,2041,471A,ＮＳグループ(株),東証PRM,"1,547",+4,0.26,"186,600",2026/09/25
2042,2042,4725,(株)ＣＡＣ　Ｈｏｌｄｉｎｇｓ,東証PRM,"1,952",+5,0.26,"46,300",2026/09/25
2043,2043,4922,(株)コーセーホールディングス,東証PRM,"5,716",+15,0.26,"273,400",2026/09/25
2044,2044,7049,(株)識学,東証GRT,779,+2,0.26,"13,600",2026/09/25
2045,2045,7554,(株)幸楽苑,東証PRM,"1,176",+3,0.26,"60,900",2026/09/25
2046,2046,7916,光村印刷(株),東証STD,"1,915",+5,0.26,"3,400",2026/09/25
2047,2047,8898,(株)センチュリー２１・ジャパン,東証STD,"1,166",+3,0.26,"3,600",2026/09/25
2048,2048,9433,ＫＤＤＩ(株),東証PRM,"3,039",+8,0.26,"8,776,100",2026/09/25
2049,2049,94345,ソフトバンク(株)第1回社債型種類株式,東証PRM,"3,809",+10,0.26,"2,000",2026/09/25
2050,2050,1399,上場MSCI日本株高配当低ボラティリティ,東証ETF,"3,229",+8,0.25,"3,193",2026/09/25
2051,2051,1788,(株)三東工業社,東証STD,"4,090",+10,0.25,200,2026/09/25
2052,2052,1882,東亜道路工業(株),東証PRM,"1,620",+4,0.25,"380,500",2026/09/25
2053,2053,1975,(株)朝日工業社,東証PRM,"4,005",+10,0.25,"84,700",2026/09/25
2054,2054,244A,グロースエクスパートナーズ(株),東証GRT,"1,190",+3,0.25,"2,200",2026/09/25
2055,2055,2461,(株)ファンコミュニケーションズ,東証PRM,395,+1,0.25,"139,500",2026/09/25
2056,2056,281A,インフォメティス(株),東証GRT,401,+1,0.25,"74,400",2026/09/25
2057,2057,3626,ＴＩＳＩ(株),東証PRM,"4,015",+10,0.25,"717,100",2026/09/25
2058,2058,4547,キッセイ薬品工業(株),東証PRM,"4,005",+10,0.25,"54,900",2026/09/25
2059,2059,4666,パーク２４(株),東証PRM,"2,013.5",+5,0.25,"729,600",2026/09/25
2060,2060,6357,三精テクノロジーズ(株),東証STD,"2,779",+7,0.25,"37,800",2026/09/25
2061,2061,6960,フクダ電子(株),東証STD,"12,080",+30,0.25,"79,900",2026/09/25
2062,2062,7140,ペットゴー(株),東証GRT,800,+2,0.25,"3,100",2026/09/25
2063,2063,7421,カッパ・クリエイト(株),東証PRM,"1,624",+4,0.25,"68,200",2026/09/25
2064,2064,7953,菊水化学工業(株),東証STD,406,+1,0.25,"45,100",2026/09/25
2065,2065,7984,コクヨ(株),東証PRM,898.9,+2.2,0.25,"817,300",2026/09/25
2066,2066,8217,(株)オークワ,東証PRM,803,+2,0.25,"75,400",2026/09/25
2067,2067,9468,(株)ＫＡＤＯＫＡＷＡ,東証PRM,"3,665",+9,0.25,"365,600",2026/09/25
2068,2068,1414,ショーボンドホールディングス(株),東証PRM,"1,265.5",+3,0.24,"625,700",2026/09/25
2069,2069,178A,GX 革新的優良企業,東証ETF,"1,673",+4,0.24,"9,459",2026/09/25
2070,2070,1914,日本基礎技術(株),東証STD,823,+2,0.24,"12,100",2026/09/25
2071,2071,2011,SMDAM Active ETF 日本高配当株式,東証ETF,863.2,+2.1,0.24,"22,990",2026/09/25
2072,2072,2070,スマート ESG30 女性活躍(ネットリターン)ETN,東証ETF,"16,595",+40,0.24,3,2026/09/25
2073,2073,2788,アップルインターナショナル(株),東証STD,414,+1,0.24,"73,300",2026/09/25
2074,2074,3486,(株)グローバル・リンク・マネジメント,東証PRM,"2,046",+5,0.24,"31,600",2026/09/25
2075,2075,3632,グリーホールディングス(株),東証PRM,423,+1,0.24,"327,500",2026/09/25
2076,2076,3926,(株)オープンドア,東証STD,424,+1,0.24,"24,000",2026/09/25
2077,2077,4151,協和キリン(株),東証PRM,"2,267",+5.5,0.24,"1,440,400",2026/09/25
2078,2078,4718,(株)早稲田アカデミー,東証PRM,"2,470",+6,0.24,"71,000",2026/09/25
2079,2079,6566,(株)要興業,東証STD,"1,269",+3,0.24,300,2026/09/25
2080,2080,6998,日本タングステン(株),東証STD,"4,260",+10,0.24,"112,000",2026/09/25
2081,2081,7198,ＳＢＩアルヒ(株),東証PRM,842,+2,0.24,"79,000",2026/09/25
2082,2082,7775,大研医器(株),東証STD,425,+1,0.24,"25,300",2026/09/25
2083,2083,8018,三共生興(株),東証STD,849,+2,0.24,"25,400",2026/09/25
2084,2084,8585,(株)オリエントコーポレーション,東証PRM,847,+2,0.24,"400,000",2026/09/25
2085,2085,9376,(株)ユーラシア旅行社,東証STD,850,+2,0.24,"13,100",2026/09/25
2086,2086,9661,(株)歌舞伎座,東証STD,"4,170",+10,0.24,"7,800",2026/09/25
2087,2087,9889,ＪＢＣＣホールディングス(株),東証PRM,"1,690",+4,0.24,"164,300",2026/09/25
2088,2088,156A,マテリアルグループ(株),東証GRT,874,+2,0.23,"14,700",2026/09/25
2089,2089,1966,(株)高田工業所,東証STD,"1,754",+4,0.23,"1,800",2026/09/25
2090,2090,2267,(株)ヤクルト本社,東証PRM,"2,809.5",+6.5,0.23,"849,300",2026/09/25
2091,2091,2645,GX レジャー&エンターテインメント-日本株式,東証ETF,"3,082",+7,0.23,49,2026/09/25
2092,2092,3388,明治電機工業(株),東証PRM,"2,139",+5,0.23,"36,800",2026/09/25
2093,2093,3482,ロードスターキャピタル(株),東証PRM,"2,603",+6,0.23,"80,500",2026/09/25
2094,2094,4288,(株)アズジェント,東証STD,430,+1,0.23,"8,600",2026/09/25
2095,2095,488A,iシェアーズ 円高フォーカス ETF,東証ETF,770.8,+1.8,0.23,"22,870",2026/09/25
2096,2096,5423,東京製鐵(株),東証PRM,"1,716",+4,0.23,"251,500",2026/09/25
2097,2097,547A,ムニノバホールディングス(株),東証PRM,437,+1,0.23,"1,561,000",2026/09/25
2098,2098,6768,(株)タムラ製作所,東証PRM,871,+2,0.23,"680,700",2026/09/25
2099,2099,7314,(株)小田原機器,東証STD,"1,307",+3,0.23,"2,400",2026/09/25
2100,2100,8135,ゼット(株),東証STD,431,+1,0.23,"11,700",2026/09/25
2101,2101,9023,東京地下鉄(株),東証PRM,"1,536.5",+3.5,0.23,"2,041,100",2026/09/25
2102,2102,9402,中部日本放送(株),名証PRM,"1,282",+3,0.23,"10,600",2026/09/25
2103,2103,9895,(株)コンセック,東証STD,"1,291",+3,0.23,"1,500",2026/09/25
2104,2104,142A,(株)ジンジブ,東証GRT,925,+2,0.22,"8,100",2026/09/25
2105,2105,1716,第一カッター興業(株),東証STD,"1,371",+3,0.22,"20,800",2026/09/25
2106,2106,1844,(株)大盛工業,東証STD,449,+1,0.22,"42,000",2026/09/25
2107,2107,2112,塩水港精糖(株),東証STD,463,+1,0.22,"38,800",2026/09/25
2108,2108,2201,森永製菓(株),東証PRM,"2,474",+5.5,0.22,"242,500",2026/09/25
2109,2109,2630,MAXIS 米国株式(S&P500)上場投信(H有),東証ETF,"16,095",+35,0.22,324,2026/09/25
2110,2110,2638,GX ロボティクス＆AI-日本株式,東証ETF,"2,681",+6,0.22,"25,890",2026/09/25
2111,2111,3231,野村不動産ホールディングス(株),東証PRM,908,+2,0.22,"4,432,000",2026/09/25
2112,2112,3951,朝日印刷(株),東証STD,911,+2,0.22,"17,900",2026/09/25
2113,2113,5110,住友ゴム工業(株),東証PRM,"2,036",+4.5,0.22,"1,736,200",2026/09/25
2114,2114,5936,東洋シヤッター(株),東証STD,904,+2,0.22,"4,600",2026/09/25
2115,2115,6658,シライ電子工業(株),東証STD,449,+1,0.22,"48,600",2026/09/25
2116,2116,7066,(株)ピアズ,東証GRT,456,+1,0.22,"5,600",2026/09/25
2117,2117,7989,立川ブラインド工業(株),東証PRM,"2,700",+6,0.22,"85,000",2026/09/25
2118,2118,8928,穴吹興産(株),東証STD,"2,309",+5,0.22,"4,200",2026/09/25
2119,2119,9713,(株)ロイヤルホテル,東証STD,927,+2,0.22,"5,000",2026/09/25
2120,2120,1550,MAXIS 海外株式(MSCIコクサイ)上場投信,東証ETF,"8,083",+17,0.21,"7,611",2026/09/25
2121,2121,1655,iシェアーズ S&P500 米国株 ETF,東証ETF,878,+1.8,0.21,"1,894,820",2026/09/25
2122,2122,1662,石油資源開発(株),東証PRM,"1,883",+4,0.21,"1,077,400",2026/09/25
2123,2123,2327,日鉄ソリューションズ(株),東証PRM,"3,885",+8,0.21,"262,100",2026/09/25
2124,2124,2520,(NEXT FUNDS)新興国株式･MSCI EM･(H無),東証ETF,"2,368",+5,0.21,"4,923",2026/09/25
2125,2125,2626,GX デジタル・イノベーション-日本株式,東証ETF,"3,340",+7,0.21,964,2026/09/25
2126,2126,2782,(株)セリア,東証STD,"4,690",+10,0.21,"217,500",2026/09/25
2127,2127,2872,(株)セイヒョー,東証STD,"1,926",+4,0.21,"3,800",2026/09/25
2128,2128,2876,(株)デルソーレ,東証STD,471,+1,0.21,"2,300",2026/09/25
2129,2129,3150,(株)グリムス,東証PRM,"2,436",+5,0.21,"29,400",2026/09/25
2130,2130,4928,(株)ノエビアホールディングス,東証PRM,"4,815",+10,0.21,"129,800",2026/09/25
2131,2131,5078,(株)セレコーポレーション,東証STD,"4,730",+10,0.21,400,2026/09/25
2132,2132,5816,オーナンバ(株),東証STD,"1,437",+3,0.21,"7,000",2026/09/25
2133,2133,6279,(株)瑞光,東証PRM,946,+2,0.21,"25,700",2026/09/25
2134,2134,6578,(株)コレックホールディングス,東証STD,480,+1,0.21,"4,800",2026/09/25
2135,2135,6819,伊豆シャボテンリゾート(株),東証STD,478,+1,0.21,"5,700",2026/09/25
2136,2136,7043,アルー(株),東証GRT,943,+2,0.21,"3,100",2026/09/25
2137,2137,7130,ヤマエグループホールディングス(株),東証PRM,"2,804",+6,0.21,"58,100",2026/09/25
2138,2138,7487,小津産業(株),東証STD,"1,874",+4,0.21,"9,700",2026/09/25
2139,2139,9339,(株)コーチ・エィ,東証STD,"1,429",+3,0.21,"2,700",2026/09/25
2140,2140,2561,iシェアーズ・コア 日本国債 ETF,東証ETF,"1,964",+4,0.2,"9,027",2026/09/25
2141,2141,3288,(株)オープンハウスグループ,東証PRM,"7,659",+15,0.2,"211,300",2026/09/25
2142,2142,3359,(株)ｃｏｔｔａ,東証GRT,512,+1,0.2,"46,600",2026/09/25
2143,2143,3417,大木ヘルスケアホールディングス(株),東証STD,995,+2,0.2,"3,100",2026/09/25
2144,2144,3591,(株)ワコールホールディングス,東証PRM,"3,968",+8,0.2,"163,600",2026/09/25
2145,2145,3947,ダイナパック(株),東証STD,"2,465",+5,0.2,"1,400",2026/09/25
2146,2146,4053,(株)Ｓｕｎ　Ａｓｔｅｒｉｓｋ,東証PRM,505,+1,0.2,"162,700",2026/09/25
2147,2147,4463,日華化学(株),東証STD,"2,005",+4,0.2,"7,100",2026/09/25
2148,2148,5391,(株)エーアンドエーマテリアル,東証STD,"1,525",+3,0.2,"9,100",2026/09/25
2149,2149,5695,パウダーテック(株),東証STD,"2,978",+6,0.2,800,2026/09/25
2150,2150,612A,One ETF 日本国債先物逆連動指数,東証ETF,"10,200",+20,0.2,10,2026/09/25
2151,2151,6167,冨士ダイス(株),東証PRM,"1,010",+2,0.2,"52,000",2026/09/25
2152,2152,7821,前田工繊(株),東証PRM,"1,983",+4,0.2,"170,100",2026/09/25
2153,2153,7896,セブン工業(株),東証STD,503,+1,0.2,"1,000",2026/09/25
2154,2154,9890,(株)マキヤ,東証STD,"1,481",+3,0.2,"8,200",2026/09/25
2155,2155,1333,Ｕｍｉｏｓ(株),東証PRM,"1,291",+2.5,0.19,"471,200",2026/09/25
2156,2156,1657,iシェアーズ･コア MSCI 先進国株(除く日本)ETF,東証ETF,"7,245",+14,0.19,248,2026/09/25
2157,2157,1659,iシェアーズ 米国リート ETF,東証ETF,"3,689",+7,0.19,"1,549",2026/09/25
2158,2158,1680,上場インデックスファンド海外先進国株式,東証ETF,"8,291",+16,0.19,"6,149",2026/09/25
2159,2159,197A,(株)タウンズ,東証STD,528,+1,0.19,"226,900",2026/09/25
2160,2160,2040,NEXT NOTES NYダウ･ダブル･ブル･ドルヘッジ ETN,東証ETF,"36,830",+70,0.19,595,2026/09/25
2161,2161,2139,(株)中広,東証STD,521,+1,0.19,"10,700",2026/09/25
2162,2162,3151,(株)バイタルケーエスケー・ホールディングス,東証PRM,"1,613",+3,0.19,"92,700",2026/09/25
2163,2163,3242,(株)アーバネットコーポレーション,東証STD,530,+1,0.19,"35,200",2026/09/25
2164,2164,3538,(株)ウイルプラスホールディングス,東証STD,"1,040",+2,0.19,"6,100",2026/09/25
2165,2165,3560,(株)ほぼ日,東証STD,"5,200",+10,0.19,"4,800",2026/09/25
2166,2166,3676,(株)デジタルハーツホールディングス,東証PRM,"1,050",+2,0.19,"81,000",2026/09/25
2167,2167,5039,(株)キットアライブ,札幌ア,"1,074",+2,0.19,500,2026/09/25
2168,2168,9045,京阪ホールディングス(株),東証PRM,"3,217",+6,0.19,"396,800",2026/09/25
2169,2169,9421,(株)エヌジェイホールディングス,東証STD,530,+1,0.19,"4,800",2026/09/25
2170,2170,9928,(株)ミロク情報サービス,東証PRM,"2,086",+4,0.19,"82,100",2026/09/25
2171,2171,9989,(株)サンドラッグ,東証PRM,"3,668",+7,0.19,"498,000",2026/09/25
2172,2172,2371,(株)カカクコム,東証PRM,"3,812",+7,0.18,"374,300",2026/09/25
2173,2173,2469,ヒビノ(株),東証STD,"2,745",+5,0.18,"11,600",2026/09/25
2174,2174,255A,ジーエルテクノホールディングス(株),東証STD,"5,450",+10,0.18,"24,200",2026/09/25
2175,2175,2932,(株)ＳＴＩフードホールディングス,東証STD,"1,100",+2,0.18,"10,200",2026/09/25
2176,2176,3172,ティーライフ(株),東証STD,"1,128",+2,0.18,"4,400",2026/09/25
2177,2177,3401,帝人(株),東証PRM,"1,708",+3,0.18,"607,700",2026/09/25
2178,2178,377A,(株)エージェントＩＧホールディングス,名証MN,"1,092",+2,0.18,100,2026/09/25
2179,2179,4743,(株)アイティフォー,東証PRM,"1,669",+3,0.18,"59,800",2026/09/25
2180,2180,6516,山洋電気(株),東証PRM,"5,430",+10,0.18,"59,400",2026/09/25
2181,2181,6643,(株)戸上電機製作所,東証STD,"5,680",+10,0.18,"1,600",2026/09/25
2182,2182,8999,グランディハウス(株),東証PRM,569,+1,0.18,"53,300",2026/09/25
2183,2183,9248,人・夢・技術グループ(株),東証STD,"1,684",+3,0.18,"29,000",2026/09/25
2184,2184,1375,ユキグニファクトリー(株),東証PRM,"1,177",+2,0.17,"62,900",2026/09/25
2185,2185,2529,(NEXT FUNDS)野村株主還元70連動型上場投信,東証ETF,"2,379",+4,0.17,"40,319",2026/09/25
2186,2186,3190,(株)ホットマン,東証STD,586,+1,0.17,"3,100",2026/09/25
2187,2187,3490,(株)アズ企画設計,東証STD,"3,035",+5,0.17,"1,300",2026/09/25
2188,2188,3682,エンカレッジ・テクノロジ(株),東証STD,586,+1,0.17,"1,900",2026/09/25
2189,2189,3948,光ビジネスフォーム(株),東証STD,"1,185",+2,0.17,"4,800",2026/09/25
2190,2190,3967,(株)エルテス,東証GRT,576,+1,0.17,"2,300",2026/09/25
2191,2191,4251,恵和(株),東証PRM,"1,195",+2,0.17,"85,800",2026/09/25
2192,2192,5101,横浜ゴム(株),東証PRM,"6,986",+12,0.17,"981,400",2026/09/25
2193,2193,566A,iFreeETF ブルームバーグ日本株(除く金融)高配当50,東証ETF,"2,310",+4,0.17,124,2026/09/25
2194,2194,5938,(株)ＬＩＸＩＬ,東証PRM,"1,728",+3,0.17,"1,912,300",2026/09/25
2195,2195,6384,(株)昭和真空,東証STD,"1,733",+3,0.17,"10,400",2026/09/25
2196,2196,6496,(株)中北製作所,東証STD,"5,740",+10,0.17,"8,400",2026/09/25
2197,2197,6592,マブチモーター(株),東証PRM,"1,724.5",+3,0.17,"1,007,800",2026/09/25
2198,2198,7599,(株)ＩＤＯＭ,東証PRM,"1,204",+2,0.17,"827,500",2026/09/25
2199,2199,8118,(株)キング,東証STD,"1,180",+2,0.17,"4,500",2026/09/25
2200,2200,9605,東映(株),東証PRM,"6,000",+10,0.17,"64,400",2026/09/25
2201,2201,9757,(株)船井総研ホールディングス,東証PRM,"1,191",+2,0.17,"191,600",2026/09/25
2202,2202,9946,ミニストップ(株),東証PRM,"1,787",+3,0.17,"35,500",2026/09/25
2203,2203,1420,サンヨーホームズ(株),東証STD,632,+1,0.16,"11,500",2026/09/25
2204,2204,1802,(株)大林組,東証PRM,"3,067",+5,0.16,"2,720,700",2026/09/25
2205,2205,1929,日特建設(株),東証PRM,"1,238",+2,0.16,"81,000",2026/09/25
2206,2206,2088,NZAM 上場投信 NYダウ30(H有),東証ETF,"2,579",+4,0.16,"47,418",2026/09/25
2207,2207,2204,(株)中村屋,東証STD,"3,110",+5,0.16,"9,200",2026/09/25
2208,2208,2215,第一屋製パン(株),東証STD,621,+1,0.16,"2,800",2026/09/25
2209,2209,2305,(株)スタジオアリス,東証STD,"1,872",+3,0.16,"18,900",2026/09/25
2210,2210,2428,ウェルネット(株),東証STD,623,+1,0.16,"28,700",2026/09/25
2211,2211,2623,iシェアーズ ユーロ建て投資適格社債(H有),東証ETF,"1,902",+3,0.16,136,2026/09/25
2212,2212,3068,(株)ＷＤＩ,東証STD,"3,055",+5,0.16,"5,900",2026/09/25
2213,2213,3402,東レ(株),東証PRM,"1,253",+2,0.16,"3,876,500",2026/09/25
2214,2214,3434,(株)アルファ,東証STD,"1,249",+2,0.16,"2,100",2026/09/25
2215,2215,3479,(株)ＴＫＰ,東証GRT,"1,884",+3,0.16,"51,900",2026/09/25
2216,2216,3834,(株)朝日ネット,東証PRM,609,+1,0.16,"53,500",2026/09/25
2217,2217,3864,三菱製紙(株),東証PRM,"1,228",+2,0.16,"137,700",2026/09/25
2218,2218,386A,(株)みのや,東証STD,"1,254",+2,0.16,"6,000",2026/09/25
2219,2219,5616,(株)雨風太陽,東証GRT,642,+1,0.16,"1,200",2026/09/25
2220,2220,7110,(株)クラシコム,東証GRT,"1,910",+3,0.16,"7,500",2026/09/25
2221,2221,7713,シグマ光機(株),東証STD,"2,526",+4,0.16,"21,400",2026/09/25
2222,2222,7928,旭化学工業(株),東証STD,615,+1,0.16,"2,100",2026/09/25
2223,2223,9036,東部ネットワーク(株),東証STD,"1,233",+2,0.16,300,2026/09/25
2224,2224,1878,大東建託(株),東証PRM,"3,300",+5,0.15,"1,369,100",2026/09/25
2225,2225,2514,(NEXT FUNDS)外国株式･MSCI-KOKUSAI(H有),東証ETF,"2,032",+3,0.15,"4,225",2026/09/25
2226,2226,2637,GX クリーンテック-日本株式,東証ETF,"2,624",+4,0.15,985,2026/09/25
2227,2227,2784,アルフレッサ　ホールディングス(株),東証PRM,"2,387.5",+3.5,0.15,"458,100",2026/09/25
2228,2228,2924,イフジ産業(株),東証STD,"1,941",+3,0.15,"1,700",2026/09/25
2229,2229,3004,神栄(株),東証STD,"2,060",+3,0.15,"9,800",2026/09/25
2230,2230,3548,(株)バロックジャパンリミテッド,東証PRM,667,+1,0.15,"118,600",2026/09/25
2231,2231,3925,(株)ダブルスタンダード,東証PRM,"1,315",+2,0.15,"22,200",2026/09/25
2232,2232,4490,(株)ビザスク,東証GRT,675,+1,0.15,"4,100",2026/09/25
2233,2233,450A,ステート・ストリート・スパイダー S&P500 ETF(H有),東証ETF,791.2,+1.2,0.15,"1,820",2026/09/25
2234,2234,4619,日本特殊塗料(株),東証STD,"2,698",+4,0.15,"28,000",2026/09/25
2235,2235,4971,メック(株),東証PRM,"6,730",+10,0.15,"366,200",2026/09/25
2236,2236,5355,日本ルツボ(株),東証STD,663,+1,0.15,"6,700",2026/09/25
2237,2237,6227,ＡＩメカテック(株),東証STD,"6,620",+10,0.15,"944,200",2026/09/25
2238,2238,6291,日本エアーテック(株),東証STD,"1,341",+2,0.15,"16,400",2026/09/25
2239,2239,6460,セガサミーホールディングス(株),東証PRM,"3,265",+5,0.15,"800,600",2026/09/25
2240,2240,6771,池上通信機(株),東証STD,652,+1,0.15,"7,700",2026/09/25
2241,2241,7292,(株)村上開明堂,東証STD,"6,830",+10,0.15,"1,300",2026/09/25
2242,2242,7699,オムニ・プラス・システム,東証GRT外国,681,+1,0.15,100,2026/09/25
2243,2243,7833,(株)アイフィスジャパン,東証STD,684,+1,0.15,"6,800",2026/09/25
2244,2244,8881,(株)日神グループホールディングス,東証PRM,661,+1,0.15,"104,200",2026/09/25
2245,2245,9306,東陽倉庫(株),東証STD,"2,033",+3,0.15,"2,700",2026/09/25
2246,2246,9731,(株)白洋舍,東証STD,"3,400",+5,0.15,"1,900",2026/09/25
2247,2247,1718,美樹工業(株),東証STD,"7,140",+10,0.14,800,2026/09/25
2248,2248,1832,(株)北海電工,札証,"1,398",+2,0.14,"3,400",2026/09/25
2249,2249,2359,(株)コア,東証PRM,"2,118",+3,0.14,"16,900",2026/09/25
2250,2250,3169,(株)ミサワ,東証STD,694,+1,0.14,"10,500",2026/09/25
2251,2251,3252,地主(株),東証PRM,"2,790",+4,0.14,"93,700",2026/09/25
2252,2252,4462,石原ケミカル(株),東証PRM,"2,801",+4,0.14,"65,500",2026/09/25
2253,2253,6471,日本精工(株),東証PRM,"1,100",+1.5,0.14,"1,824,600",2026/09/25
2254,2254,6703,ＯＫＩ,東証PRM,"2,775",+4,0.14,"585,500",2026/09/25
2255,2255,7127,(株)一家ホールディングス,東証STD,712,+1,0.14,"15,200",2026/09/25
2256,2256,7267,ホンダ,東証PRM,"1,735.5",+2.5,0.14,"14,681,100",2026/09/25
2257,2257,7508,(株)Ｇ－７ホールディングス,東証PRM,"1,450",+2,0.14,"51,100",2026/09/25
2258,2258,7698,(株)アイスコ,東証STD,"2,890",+4,0.14,"4,300",2026/09/25
2259,2259,9955,(株)ヨンキュウ,東証STD,"2,817",+4,0.14,"2,400",2026/09/25
2260,2260,1332,(株)ニッスイ,東証PRM,"1,158",+1.5,0.13,"1,820,600",2026/09/25
2261,2261,1939,(株)四電工,東証PRM,"2,348",+3,0.13,"109,800",2026/09/25
2262,2262,2121,(株)ＭＩＸＩ,東証PRM,"3,830",+5,0.13,"304,700",2026/09/25
2263,2263,234A,GX MSCI キャッシュフローキング-日本株式,東証ETF,"1,498",+2,0.13,260,2026/09/25
2264,2264,2515,(NEXT FUNDS)外国REIT･S&P先進国REIT(除く日本・H無),東証ETF,"1,574",+2,0.13,"18,210",2026/09/25
2265,2265,2813,和弘食品(株),東証STD,"3,910",+5,0.13,700,2026/09/25
2266,2266,3877,中越パルプ工業(株),東証PRM,"2,248",+3,0.13,"55,400",2026/09/25
2267,2267,4549,栄研化学(株),東証PRM,"2,391",+3,0.13,"112,600",2026/09/25
2268,2268,4929,(株)アジュバンホールディングス,東証STD,743,+1,0.13,"2,500",2026/09/25
2269,2269,5984,兼房(株),東証STD,787,+1,0.13,"2,800",2026/09/25
2270,2270,6137,小池酸素工業(株),東証STD,"1,538",+2,0.13,"22,200",2026/09/25
2271,2271,7196,(株)Ｃａｓａ,東証STD,751,+1,0.13,"4,100",2026/09/25
2272,2272,7722,国際計測器(株),東証STD,789,+1,0.13,"16,200",2026/09/25
2273,2273,7743,(株)シード,東証STD,793,+1,0.13,"221,700",2026/09/25
2274,2274,8141,新光商事(株),東証PRM,"1,568",+2,0.13,"36,900",2026/09/25
2275,2275,8803,平和不動産(株),東証PRM,"2,373",+3,0.13,"215,400",2026/09/25
2276,2276,194A,(株)ＷＯＬＶＥＳ　ＨＡＮＤ,東証GRT,"1,672",+2,0.12,"30,700",2026/09/25
2277,2277,1950,日本電設工業(株),東証PRM,"4,100",+5,0.12,"127,300",2026/09/25
2278,2278,2259,iシェアーズ フランス国債7-10年(H有),東証ETF,173.2,+0.2,0.12,330,2026/09/25
2279,2279,248A,(株)キッズスター,東証GRT,807,+1,0.12,900,2026/09/25
2280,2280,2730,(株)エディオン,東証PRM,"2,497",+3,0.12,"335,300",2026/09/25
2281,2281,3283,日本プロロジスリート投資法人,東証,"84,600",+100,0.12,"12,012",2026/09/25
2282,2282,341A,(株)トヨコー,東証GRT,"2,410",+3,0.12,"46,500",2026/09/25
2283,2283,4040,南海化学(株),東証STD,"4,010",+5,0.12,"9,500",2026/09/25
2284,2284,4464,(株)ソフト９９コーポレーション,東証STD,"4,060",+5,0.12,"3,700",2026/09/25
2285,2285,5715,古河機械金属(株),東証PRM,"4,145",+5,0.12,"160,200",2026/09/25
2286,2286,5982,(株)マルゼン,東証STD,"4,080",+5,0.12,"1,600",2026/09/25
2287,2287,6368,オルガノ(株),東証PRM,"12,690",+15,0.12,"217,500",2026/09/25
2288,2288,6459,だいわ(株),東証PRM,"1,690",+2,0.12,"87,600",2026/09/25
2289,2289,7219,(株)エッチ・ケー・エス,東証STD,"2,454",+3,0.12,"1,100",2026/09/25
2290,2290,7791,ドリームベッド(株),東証STD,828,+1,0.12,900,2026/09/25
2291,2291,7823,(株)アートネイチャー,東証STD,823,+1,0.12,"136,400",2026/09/25
2292,2292,7980,(株)重松製作所,東証STD,861,+1,0.12,"11,100",2026/09/25
2293,2293,8014,蝶理(株),東証PRM,"4,250",+5,0.12,"28,100",2026/09/25
2294,2294,8242,エイチ・ツー・オー　リテイリング(株),東証PRM,"2,851",+3.5,0.12,"389,100",2026/09/25
2295,2295,8904,(株)ＡＶＡＮＴＩＡ,東証STD,822,+1,0.12,"6,100",2026/09/25
2296,2296,1717,明豊ファシリティワークス(株),東証STD,936,+1,0.11,"13,000",2026/09/25
2297,2297,2153,Ｅ・Ｊホールディングス(株),東証PRM,"1,892",+2,0.11,"88,500",2026/09/25
2298,2298,2633,(NEXT FUNDS) S&P500(H無)連動型上場投信,東証ETF,561.5,+0.6,0.11,"76,870",2026/09/25
2299,2299,2843,上場インデックスファンド豪州国債(H有),東証ETF,"3,605",+4,0.11,36,2026/09/25
2300,2300,2989,東海道リート投資法人,東証,"91,700",+100,0.11,"3,779",2026/09/25
2301,2301,3353,(株)メディカル一光グループ,東証STD,"2,784",+3,0.11,900,2026/09/25
2302,2302,3477,フォーライフ(株),東証STD,918,+1,0.11,"9,400",2026/09/25
2303,2303,3965,(株)キャピタル・アセット・プランニング,東証STD,894,+1,0.11,"13,800",2026/09/25
2304,2304,3983,(株)オロ,東証PRM,"1,904",+2,0.11,"46,200",2026/09/25
2305,2305,407A,(株)ＵＮＩＣＯＮホールディングス,東証STD,924,+1,0.11,"5,800",2026/09/25
2306,2306,4248,竹本容器(株),東証STD,881,+1,0.11,"16,100",2026/09/25
2307,2307,4386,(株)ＳＩＧグループ,東証STD,900,+1,0.11,"4,400",2026/09/25
2308,2308,491A,iシェアーズ S&P500 除く金融 ETF(H有),東証ETF,556.5,+0.6,0.11,"20,000",2026/09/25
2309,2309,5939,(株)大谷工業,東証STD,"4,680",+5,0.11,200,2026/09/25
2310,2310,7604,(株)梅の花グループ,東証STD,921,+1,0.11,"6,900",2026/09/25
2311,2311,7827,(株)オービス,東証STD,"1,800",+2,0.11,"4,200",2026/09/25
2312,2312,9360,鈴与シンワート(株),東証STD,"2,753",+3,0.11,"1,500",2026/09/25
2313,2313,9388,(株)パパネッツ,福岡Q,916,+1,0.11,"1,600",2026/09/25
2314,2314,9853,(株)銀座ルノアール,東証STD,909,+1,0.11,"3,100",2026/09/25
2315,2315,9960,東テク(株),東証PRM,"4,400",+5,0.11,"96,900",2026/09/25
2316,2316,2124,ＪＡＣ　Ｒｅｃｒｕｉｔｍｅｎｔ,東証PRM,"1,029",+1,0.1,"305,800",2026/09/25
2317,2317,261A,(株)日水コン,東証STD,"2,002",+2,0.1,"10,000",2026/09/25
2318,2318,3082,(株)きちりホールディングス,東証STD,979,+1,0.1,"8,200",2026/09/25
2319,2319,3920,アイビーシー(株),東証STD,990,+1,0.1,700,2026/09/25
2320,2320,449A,ステート・ストリート・スパイダー S&P500 ETF(H無),東証ETF,829.3,+0.8,0.1,"7,090",2026/09/25
2321,2321,4992,北興化学工業(株),東証STD,"1,950",+2,0.1,"84,200",2026/09/25
2322,2322,579A,GX 銀ビジネス,東証ETF,"1,003",+1,0.1,"6,511",2026/09/25
2323,2323,6082,(株)ライドオンエクスプレスホールディングス,東証STD,991,+1,0.1,"12,700",2026/09/25
2324,2324,6360,(株)東京自働機械製作所,東証STD,"4,850",+5,0.1,600,2026/09/25
2325,2325,6488,(株)ヨシタケ,東証STD,"1,046",+1,0.1,"4,200",2026/09/25
2326,2326,7030,(株)スプリックス,東証STD,973,+1,0.1,"17,400",2026/09/25
2327,2327,7076,名南Ｍ＆Ａ(株),名証MN,"1,003",+1,0.1,"28,300",2026/09/25
2328,2328,7444,ハリマ共和物産(株),東証STD,"2,002",+2,0.1,"1,400",2026/09/25
2329,2329,7986,日本アイ・エス・ケイ(株),東証STD,"1,929",+2,0.1,100,2026/09/25
2330,2330,8040,(株)東京ソワール,東証STD,"1,047",+1,0.1,"2,400",2026/09/25
2331,2331,8278,(株)フジ,東証PRM,"2,036",+2,0.1,"75,600",2026/09/25
2332,2332,9006,京浜急行電鉄(株),東証PRM,"1,550",+1.5,0.1,"1,266,700",2026/09/25
2333,2333,9215,(株)ＣａＳｙ,東証GRT,991,+1,0.1,"1,300",2026/09/25
2334,2334,9846,(株)天満屋ストア,東証STD,984,+1,0.1,"4,600",2026/09/25
2335,2335,236A,iシェアーズ 日本国債7-10年,東証ETF,433.3,+0.4,0.09,"35,670",2026/09/25
2336,2336,3197,(株)すかいらーくホールディングス,東証PRM,"3,171",+3,0.09,"755,600",2026/09/25
2337,2337,3648,ＡＧＳ(株),東証STD,"1,070",+1,0.09,"14,800",2026/09/25
2338,2338,4516,日本新薬(株),東証PRM,"3,509",+3,0.09,"381,800",2026/09/25
2339,2339,5284,ヤマウホールディングス(株),東証STD,"2,225",+2,0.09,"4,300",2026/09/25
2340,2340,5714,ＤＯＷＡホールディングス(株),東証PRM,"8,972",+8,0.09,"412,400",2026/09/25
2341,2341,5933,アルインコ(株),東証PRM,"1,116",+1,0.09,"34,900",2026/09/25
2342,2342,6654,不二電機工業(株),東証STD,"1,080",+1,0.09,"8,600",2026/09/25
2343,2343,7932,(株)ニッピ,東証STD,"11,510",+10,0.09,"8,400",2026/09/25
2344,2344,9471,(株)文溪堂,名証MN,"1,136",+1,0.09,200,2026/09/25
2345,2345,9643,中日本興業(株),名証MN,"11,160",+10,0.09,500,2026/09/25
2346,2346,1479,iFreeETF MSCI日本株人材設備投資指数,東証ETF,"52,400",+40,0.08,2,2026/09/25
2347,2347,2085,MAXIS 高配当日本株アクティブ,東証ETF,787.9,+0.6,0.08,"75,370",2026/09/25
2348,2348,2242,MAXIS NYダウ上場投信(H有),東証ETF,660,+0.5,0.08,"2,040",2026/09/25
2349,2349,2282,日本ハム(株),東証PRM,"6,044",+5,0.08,"415,600",2026/09/25
2350,2350,3297,(株)東武住販,東証STD,"1,185",+1,0.08,"3,100",2026/09/25
2351,2351,332A,ミーク(株),東証GRT,"1,235",+1,0.08,"36,800",2026/09/25
2352,2352,3405,(株)クラレ,東証PRM,"1,805.5",+1.5,0.08,"1,732,300",2026/09/25
2353,2353,460A,ＢＲＡＮＵ(株),東証GRT,"1,300",+1,0.08,"29,400",2026/09/25
2354,2354,4681,リゾートトラスト(株),東証PRM,"1,787.5",+1.5,0.08,"392,800",2026/09/25
2355,2355,4684,(株)オービック,東証PRM,"5,061",+4,0.08,"1,599,900",2026/09/25
2356,2356,6298,ワイエイシイホールディングス(株),東証PRM,"1,272",+1,0.08,"80,200",2026/09/25
2357,2357,6339,新東工業(株),東証PRM,"1,216",+1,0.08,"216,000",2026/09/25
2358,2358,6458,新晃工業(株),東証PRM,"1,242",+1,0.08,"153,800",2026/09/25
2359,2359,7122,近畿車輛(株),東証STD,"2,444",+2,0.08,"3,400",2026/09/25
2360,2360,7208,(株)カネミツ,東証STD,"1,296",+1,0.08,"1,300",2026/09/25
2361,2361,7211,三菱自動車(株),東証PRM,367.8,+0.3,0.08,"7,876,300",2026/09/25
2362,2362,8025,(株)ツカモトコーポレーション,東証STD,"1,307",+1,0.08,200,2026/09/25
2363,2363,1478,iシェアーズ MSCI ジャパン高配当利回り ETF,東証ETF,"5,387",+4,0.07,"16,848",2026/09/25
2364,2364,1629,(NEXT FUNDS)商社･卸売上場投信,東証ETF,276.1,+0.2,0.07,"356,730",2026/09/25
2365,2365,2089,NZAM 上場投信 DAX(H有),東証ETF,"2,801",+2,0.07,"48,715",2026/09/25
2366,2366,2136,(株)ヒップ,東証STD,"1,427",+1,0.07,500,2026/09/25
2367,2367,2217,モロゾフ(株),東証PRM,"1,498",+1,0.07,"25,000",2026/09/25
2368,2368,272A,(株)グリーンクロスホールディングス,福証,"1,367",+1,0.07,"10,700",2026/09/25
2369,2369,2816,(株)ダイショー,東証STD,"1,421",+1,0.07,"8,200",2026/09/25
2370,2370,3391,(株)ツルハホールディングス,東証PRM,"2,167",+1.5,0.07,"1,680,700",2026/09/25
2371,2371,5367,(株)ニッカトー,東証STD,"1,398",+1,0.07,"188,400",2026/09/25
2372,2372,5976,ネツレン,東証PRM,"1,482",+1,0.07,"97,300",2026/09/25
2373,2373,6196,(株)ストライクグループ,東証PRM,"1,424",+1,0.07,"375,400",2026/09/25
2374,2374,635A,SMBC Prime 日本短期債券ETF(毎月決算型),東証ETF,901.8,+0.6,0.07,100,2026/09/25
2375,2375,7375,(株)リファインバースグループ,東証GRT,"1,336",+1,0.07,"47,500",2026/09/25
2376,2376,9042,阪急阪神ホールディングス(株),東証PRM,"4,510",+3,0.07,"1,091,000",2026/09/25
2377,2377,1559,(NEXT FUNDS)タイ株式指数連動型上場投信,東証ETF,"4,749",+3,0.06,679,2026/09/25
2378,2378,1626,(NEXT FUNDS)情報通信･サービス上場投信,東証ETF,"49,060",+30,0.06,223,2026/09/25
2379,2379,173A,(株)ハンモック,東証GRT,"1,600",+1,0.06,"3,900",2026/09/25
2380,2380,2556,One ETF 東証REIT指数,東証ETF,"1,808",+1,0.06,"30,980",2026/09/25
2381,2381,2837,GX 中小型リーダーズ-日本株式,東証ETF,"4,864",+3,0.06,"2,943",2026/09/25
2382,2382,3436,(株)ＳＵＭＣＯ,東証PRM,"3,117",+2,0.06,"7,411,900",2026/09/25
2383,2383,572A,iシェアーズ 日本国債3-7年,東証ETF,494.1,+0.3,0.06,"19,990",2026/09/25
2384,2384,6402,兼松エンジニアリング(株),東証STD,"1,636",+1,0.06,"1,700",2026/09/25
2385,2385,6864,(株)エヌエフホールディングス,東証STD,"1,642",+1,0.06,"18,000",2026/09/25
2386,2386,7148,(株)ＦＰＧ,東証PRM,"1,710",+1,0.06,"683,100",2026/09/25
2387,2387,7235,東京ラヂエーター製造(株),東証STD,"1,575",+1,0.06,"15,600",2026/09/25
2388,2388,7460,(株)ヤギ,東証STD,"1,628",+1,0.06,"9,100",2026/09/25
2389,2389,75505,（株）ゼンショーホールディングス第1回社債型種類株式,東証PRM,"4,923",+3,0.06,"1,600",2026/09/25
2390,2390,7780,(株)メニコン,東証PRM,"1,764",+1,0.06,"241,600",2026/09/25
2391,2391,7793,(株)イメージ・マジック,東証GRT,"1,618",+1,0.06,800,2026/09/25
2392,2392,8056,ＢＩＰＲＯＧＹ(株),東証PRM,"4,796",+3,0.06,"301,100",2026/09/25
2393,2393,2552,上場Ｊリート(東証REIT指数)隔月分配(ミニ),東証ETF,"1,871",+1,0.05,"145,139",2026/09/25
2394,2394,2804,ブルドックソース(株),東証PRM,"1,854",+1,0.05,"16,100",2026/09/25
2395,2395,3800,(株)ユニリタ,東証STD,"1,980",+1,0.05,"3,700",2026/09/25
2396,2396,3922,(株)ＰＲ　ＴＩＭＥＳ,東証PRM,"2,185",+1,0.05,"27,800",2026/09/25
2397,2397,417A,(株)ブルーゾーンホールディングス,東証PRM,"1,888.5",+1,0.05,"198,200",2026/09/25
2398,2398,4326,(株)インテージホールディングス,東証PRM,"2,001",+1,0.05,"22,100",2026/09/25
2399,2399,497A,インバウンド消費関連 日本株(ネットリターン)ETN,東証ETF,"10,200",+5,0.05,10,2026/09/25
2400,2400,6044,(株)三機サービス,東証STD,"1,891",+1,0.05,"2,300",2026/09/25
2401,2401,606A,金2倍ブルETF,東証ETF,"20,690",+10,0.05,"3,007",2026/09/25
2402,2402,6294,オカダアイヨン(株),東証PRM,"1,966",+1,0.05,"12,200",2026/09/25
2403,2403,7119,(株)ハルメクホールディングス,東証GRT,"2,074",+1,0.05,"38,500",2026/09/25
2404,2404,7505,扶桑電通(株),東証STD,"2,085",+1,0.05,"22,200",2026/09/25
2405,2405,7523,アールビバン(株),東証STD,"1,876",+1,0.05,200,2026/09/25
2406,2406,9367,大東港運(株),東証STD,"2,001",+1,0.05,"4,200",2026/09/25
2407,2407,1828,田辺工業(株),東証STD,"2,426",+1,0.04,"29,900",2026/09/25
2408,2408,1938,日本リーテック(株),東証PRM,"2,637",+1,0.04,"109,100",2026/09/25
2409,2409,2209,井村屋グループ(株),東証PRM,"2,356",+1,0.04,"57,500",2026/09/25
2410,2410,391A,(株)山忠,名証MN,"2,490",+1,0.04,200,2026/09/25
2411,2411,4047,関東電化工業(株),東証PRM,"2,401",+1,0.04,"560,200",2026/09/25
2412,2412,7675,セントラルフォレストグループ(株),名証MN,"2,741",+1,0.04,100,2026/09/25
2413,2413,8101,(株)ＧＳＩクレオス,東証PRM,"2,603",+1,0.04,"41,900",2026/09/25
2414,2414,9163,(株)ナレルグループ,東証GRT,"2,396",+1,0.04,"22,300",2026/09/25
2415,2415,9679,ホウライ(株),東証STD,"2,290",+1,0.04,"1,000",2026/09/25
2416,2416,9761,東海リース(株),東証STD,"2,491",+1,0.04,"8,300",2026/09/25
2417,2417,9986,蔵王産業(株),東証STD,"2,505",+1,0.04,800,2026/09/25
2418,2418,1417,(株)ミライト・ワン,東証PRM,"3,580",+1,0.03,"226,100",2026/09/25
2419,2419,570A,iシェアーズ 日本国債0-1年,東証ETF,901.8,+0.3,0.03,"3,260",2026/09/25
2420,2420,6532,(株)ベイカレント,東証PRM,"7,673",+2,0.03,"1,085,700",2026/09/25
2421,2421,9104,(株)商船三井,東証PRM,"7,106",+2,0.03,"2,549,700",2026/09/25
2422,2422,9353,櫻島埠頭(株),東証STD,"2,996",+1,0.03,"1,300",2026/09/25
2423,2423,498A,防衛・航空宇宙 欧州株(ネットリターン)ETN,東証ETF,"8,925",+2,0.02,15,2026/09/25
2424,2424,92025,ＡＮＡホールディングス（株）第１回社債型種類株式,東証PRM,"4,767",+1,0.02,"2,600",2026/09/25
2425,2425,1551,東証スタンダードTOP20,東証ETF,"7,183",+1,0.01,"1,150",2026/09/25
2426,2426,502A,GX 超短期円建て債券,東証ETF,901.8,+0.1,0.01,"14,710",2026/09/25
2427,2427,9831,(株)ヤマダホールディングス,東証PRM,719.5,+0.1,0.01,"6,065,600",2026/09/25
