順位(全市場),順位,コード,銘柄名,市場,現在値,前日比,騰落率(%),出来高,時刻
1,1,4599,(株)ステムリム,東証GRT,180,-59,-24.69,"5,303,600",2026/09/11
2,2,9556,ＩＮＴＬＯＯＰ(株),東証GRT,"2,045",-500,-19.65,"538,900",2026/09/11
3,3,3903,(株)ｇｕｍｉ,東証PRM,216,-51,-19.1,"1,726,700",2026/09/11
4,4,6336,(株)石井表記,東証STD,"1,560",-353,-18.45,"1,399,700",2026/09/11
5,5,2321,(株)ソフトフロントホールディングス,東証GRT,161,-36,-18.27,"3,155,200",2026/09/11
6,6,215A,(株)タイミー,東証GRT,"1,300",-259,-16.61,"11,337,000",2026/09/11
7,7,4052,フィーチャ(株),東証GRT,"1,118",-222,-16.57,"10,826,300",2026/09/11
8,8,4883,(株)モダリス,東証GRT,36,-7,-16.28,"17,606,700",2026/09/11
9,9,4498,サイバートラスト(株),東証GRT,"1,047",-182,-14.81,"418,000",2026/09/11
10,10,4422,ＶＡＬＵＥＮＥＸ(株),東証GRT,492,-83,-14.43,"392,400",2026/09/11
11,11,7689,(株)コパ・コーポレーション,東証GRT,342,-57,-14.29,"115,400",2026/09/11
12,12,2375,ギグワークス(株),東証STD,201,-33,-14.1,"353,800",2026/09/11
13,13,3653,(株)モルフォ,東証GRT,"1,289",-201,-13.49,"2,707,800",2026/09/11
14,14,3070,(株)ジェリービーンズグループ,東証GRT,60,-9,-13.04,"4,008,100",2026/09/11
15,15,350A,デジタルグリッド(株),東証GRT,711,-103,-12.65,"3,390,800",2026/09/11
16,16,4996,クミアイ化学工業(株),東証PRM,663,-96,-12.65,"2,369,000",2026/09/11
17,17,336A,ダイナミックマッププラットフォーム(株),東証GRT,"1,403",-196,-12.26,"4,610,900",2026/09/11
18,18,3856,Ａｂａｌａｎｃｅ(株),東証STD,230,-29,-11.2,"169,600",2026/09/11
19,19,4004,(株)レゾナック・ホールディングス,東証PRM,"14,295","-1,710",-10.68,"2,935,300",2026/09/11
20,20,603A,(株)アイ・グリッド・ソリューションズ,東証GRT,841,-100,-10.63,"1,598,500",2026/09/11
21,21,6577,(株)ベストワンドットコム,東証GRT,"1,413",-159,-10.11,"88,100",2026/09/11
22,22,6227,ＡＩメカテック(株),東証STD,"5,800",-600,-9.38,"1,096,800",2026/09/11
23,23,7075,(株)ＱＬＳホールディングス,東証GRT,948,-98,-9.37,"34,000",2026/09/11
24,24,520A,ジェイファーマ(株),東証GRT,467,-48,-9.32,"666,800",2026/09/11
25,25,6570,(株)共和コーポレーション,東証STD,"3,260",-325,-9.07,"69,500",2026/09/11
26,26,8746,ｕｎｂａｎｋｅｄ(株),東証STD,115,-11,-8.73,"349,700",2026/09/11
27,27,4194,ビジョナル(株),東証PRM,"8,028",-766,-8.71,"1,145,400",2026/09/11
28,28,1515,日鉄鉱業(株),東証PRM,"3,340",-315,-8.62,"840,500",2026/09/11
29,29,6619,ダブル・スコープ(株),東証PRM,149,-14,-8.59,"3,473,600",2026/09/11
30,30,4583,(株)カイオム・バイオサイエンス,東証GRT,86,-8,-8.51,"2,580,500",2026/09/11
31,31,8065,佐藤商事(株),東証PRM,"3,140",-285,-8.32,"574,400",2026/09/11
32,32,4563,アンジェス(株),東証GRT,36,-3,-7.69,"4,711,500",2026/09/11
33,33,6966,(株)三井ハイテック,東証PRM,868,-72,-7.66,"7,386,500",2026/09/11
34,34,2923,サトウ食品(株),東証STD,"7,180",-590,-7.59,"11,000",2026/09/11
35,35,4014,(株)カラダノート,東証GRT,515,-42,-7.54,"103,100",2026/09/11
36,36,9692,(株)シーイーシー,東証PRM,"2,106",-171,-7.51,"380,400",2026/09/11
37,37,4548,生化学工業(株),東証PRM,644,-52,-7.47,"1,231,200",2026/09/11
38,38,6525,(株)ＫＯＫＵＳＡＩ　ＥＬＥＣＴＲＩＣ,東証PRM,"8,162",-659,-7.47,"7,710,700",2026/09/11
39,39,7826,(株)フルヤ金属,東証PRM,"10,330",-810,-7.27,"613,100",2026/09/11
40,40,1758,太洋基礎工業(株),東証STD,"2,370",-181,-7.1,"11,100",2026/09/11
41,41,285A,キオクシアホールディングス(株),東証PRM,"54,030","-4,060",-6.99,"28,051,100",2026/09/11
42,42,4056,ニューラルグループ(株),東証GRT,213,-16,-6.99,"603,400",2026/09/11
43,43,7911,ＴＯＰＰＡＮホールディングス(株),東証PRM,"4,725",-353,-6.95,"2,261,600",2026/09/11
44,44,7709,クボテック(株),東証STD,67,-5,-6.94,"5,200,600",2026/09/11
45,45,5713,住友金属鉱山(株),東証PRM,"9,484",-706,-6.93,"3,585,600",2026/09/11
46,46,6871,(株)日本マイクロニクス,東証PRM,"12,680",-940,-6.9,"1,469,200",2026/09/11
47,47,265A,Ｈｍｃｏｍｍ(株),東証GRT,753,-55,-6.81,"294,700",2026/09/11
48,48,6862,ミナトホールディングス(株),東証STD,"4,310",-305,-6.61,"294,200",2026/09/11
49,49,2330,(株)フォーサイド,東証STD,99,-7,-6.6,"2,197,000",2026/09/11
50,50,6085,アーキテクツ・スタジオ・ジャパン(株),東証GRT,156,-11,-6.59,"5,904,600",2026/09/11
51,51,4394,(株)エクスモーション,東証GRT,630,-44,-6.53,"34,400",2026/09/11
52,52,6857,(株)アドバンテスト,東証PRM,"31,720","-2,200",-6.49,"11,096,600",2026/09/11
53,53,6834,(株)精工技研,東証STD,"5,090",-350,-6.43,"752,600",2026/09/11
54,54,7063,(株)Ｂｉｒｄｍａｎ,東証GRT,74,-5,-6.33,"334,400",2026/09/11
55,55,4651,(株)サニックスホールディングス,東証STD,253,-17,-6.3,"1,349,100",2026/09/11
56,56,6890,(株)フェローテック,東証STD,"8,620",-580,-6.3,"1,125,100",2026/09/11
57,57,6387,サムコ(株),東証PRM,"8,020",-530,-6.2,"136,800",2026/09/11
58,58,4370,モビルス(株),東証GRT,409,-27,-6.19,"690,900",2026/09/11
59,59,6327,北川精機(株),東証STD,"2,909",-191,-6.16,"334,500",2026/09/11
60,60,275A,ハンワホームズ(株),名証NXT,366,-24,-6.15,100,2026/09/11
61,61,6840,(株)ＡＫＩＢＡホールディングス,東証STD,778,-51,-6.15,"412,300",2026/09/11
62,62,146A,コロンビア・ワークス(株),東証STD,"3,440",-225,-6.14,"91,700",2026/09/11
63,63,7322,(株)三十三フィナンシャルグループ,東証PRM,"2,033",-133,-6.14,"1,569,200",2026/09/11
64,64,462A,(株)ＦＵＮＤＩＮＮＯ,東証GRT,265,-17,-6.03,"336,700",2026/09/11
65,65,5240,ｍｏｎｏＡＩ　ｔｅｃｈｎｏｌｏｇｙ(株),東証GRT,187,-12,-6.03,"240,300",2026/09/11
66,66,7735,(株)ＳＣＲＥＥＮホールディングス,東証PRM,"12,255",-785,-6.02,"1,850,700",2026/09/11
67,67,5706,三井金属(株),東証PRM,"23,240","-1,465",-5.93,"1,866,500",2026/09/11
68,68,580A,GX 銅ビジネス,東証ETF,997,-62,-5.85,"40,645",2026/09/11
69,69,6962,(株)大真空,東証PRM,757,-47,-5.85,"700,900",2026/09/11
70,70,4238,ミライアル(株),東証STD,"1,837",-114,-5.84,"97,100",2026/09/11
71,71,3778,さくらインターネット(株),東証PRM,"3,660",-225,-5.79,"804,000",2026/09/11
72,72,6778,(株)アルチザネットワークス,東証STD,606,-37,-5.75,"50,700",2026/09/11
73,73,6997,日本ケミコン(株),東証PRM,"2,674",-162,-5.71,"844,600",2026/09/11
74,74,3399,(株)丸千代山岡家,東証STD,"3,820",-230,-5.68,"197,800",2026/09/11
75,75,8783,ａｂｃ(株),東証STD,50,-3,-5.66,"2,030,100",2026/09/11
76,76,4762,(株)エックスネット,東証STD,"2,075",-124,-5.64,"3,200",2026/09/11
77,77,5287,(株)イトーヨーギョー,東証STD,920,-55,-5.64,"205,400",2026/09/11
78,78,4258,(株)網屋,東証GRT,"4,890",-290,-5.6,"73,200",2026/09/11
79,79,4461,第一工業製薬(株),東証PRM,"12,480",-740,-5.6,"152,200",2026/09/11
80,80,6668,(株)アドテック　プラズマ　テクノロジー,東証STD,"3,965",-235,-5.6,"51,900",2026/09/11
81,81,5255,(株)モンスターラボ,東証GRT,85,-5,-5.56,"505,600",2026/09/11
82,82,6963,ローム(株),東証PRM,"4,577",-267,-5.51,"4,207,000",2026/09/11
83,83,598A,チャットプラス(株),東証GRT,"1,418",-82,-5.47,"91,800",2026/09/11
84,84,3907,シリコンスタジオ(株),東証STD,"2,116",-122,-5.45,"203,100",2026/09/11
85,85,7456,松田産業(株),東証PRM,"6,790",-390,-5.43,"146,900",2026/09/11
86,86,4062,イビデン(株),東証PRM,"19,560","-1,120",-5.42,"8,459,000",2026/09/11
87,87,8742,(株)小林洋行,東証STD,594,-34,-5.41,"23,000",2026/09/11
88,88,1674,WisdomTree 白金上場投信,東証ETF,"24,880","-1,420",-5.4,317,2026/09/11
89,89,421A,(株)ムービン・ストラテジック・キャリア,東証GRT,"3,505",-200,-5.4,"131,500",2026/09/11
90,90,6521,(株)オキサイド,東証GRT,"3,085",-175,-5.37,"136,200",2026/09/11
91,91,5721,エスクリプトエナジー(株),東証STD,53,-3,-5.36,"953,100",2026/09/11
92,92,6627,(株)テラプローブ,東証STD,"10,600",-600,-5.36,"72,600",2026/09/11
93,93,1999,サイタホールディングス(株),福証,"3,805",-215,-5.35,100,2026/09/11
94,94,3040,(株)ソリトンシステムズ,東証PRM,"2,228",-126,-5.35,"149,400",2026/09/11
95,95,4889,(株)レナサイエンス,東証GRT,"1,150",-65,-5.35,"230,400",2026/09/11
96,96,5537,(株)ＡｌｂａＬｉｎｋ,東証GRT,"3,100",-175,-5.34,"60,300",2026/09/11
97,97,578A,GX シルバー (H有),東証ETF,246.3,-13.7,-5.27,"93,390",2026/09/11
98,98,2667,(株)イメージ　ワン,東証STD,108,-6,-5.26,"261,700",2026/09/11
99,99,429A,テクセンドフォトマスク(株),東証PRM,"3,740",-205,-5.2,"676,900",2026/09/11
100,100,6951,日本電子(株),東証PRM,"6,855",-376,-5.2,"294,100",2026/09/11
101,101,5715,古河機械金属(株),東証PRM,"4,045",-220,-5.16,"332,900",2026/09/11
102,102,593A,(株)ティアフォー,東証GRT,"2,134",-116,-5.16,"9,277,900",2026/09/11
103,103,523A,(株)セイワホールディングス,東証GRT,"1,754",-95,-5.14,"97,200",2026/09/11
104,104,4840,(株)トライアイズ,東証STD,650,-35,-5.11,"85,000",2026/09/11
105,105,6323,ローツェ(株),東証PRM,"3,464",-185,-5.07,"1,567,300",2026/09/11
106,106,4425,Ｋｕｄａｎ(株),東証GRT,"1,421",-75,-5.01,"194,400",2026/09/11
107,107,6920,レーザーテック(株),東証PRM,"34,570","-1,750",-4.82,"3,010,300",2026/09/11
108,108,3825,(株)リミックスポイント,東証STD,218,-11,-4.8,"1,265,700",2026/09/11
109,109,568A,iシェアーズ シルバー,東証ETF,161.8,-8.1,-4.77,"163,300",2026/09/11
110,110,6315,ＴＯＷＡ(株),東証PRM,"2,116",-106,-4.77,"4,041,900",2026/09/11
111,111,1542,純銀上場信託(現物国内保管型),東証ETF,"28,590","-1,430",-4.76,"62,204",2026/09/11
112,112,6369,トーヨーカネツ(株),東証PRM,"2,340",-117,-4.76,"211,600",2026/09/11
113,113,577A,GX シルバー,東証ETF,242.5,-12,-4.72,"7,950",2026/09/11
114,114,4069,(株)ＢｌｕｅＭｅｍｅ,東証GRT,648,-32,-4.71,"9,000",2026/09/11
115,115,6278,ユニオンツール(株),東証PRM,"12,530",-620,-4.71,"230,700",2026/09/11
116,116,200A,(NEXT FUNDS) 日経半導体株指数連動型上場投信,東証ETF,"4,198",-207,-4.7,"1,993,719",2026/09/11
117,117,3687,(株)フィックスターズ,東証PRM,"2,185",-107,-4.67,"574,500",2026/09/11
118,118,5885,(株)ジーデップ・アドバンス,東証STD,"3,180",-155,-4.65,"42,700",2026/09/11
119,119,4092,日本化学工業(株),東証PRM,"5,340",-260,-4.64,"180,100",2026/09/11
120,120,2673,夢みつけ隊(株),東証STD,103,-5,-4.63,"591,200",2026/09/11
121,121,6276,シリウスビジョン(株),東証STD,352,-17,-4.61,"56,600",2026/09/11
122,122,143A,イシン(株),東証GRT,705,-34,-4.6,"1,900",2026/09/11
123,123,3113,(株)ＵＮＩＶＡ・Ｏａｋホールディングス,東証STD,83,-4,-4.6,"276,100",2026/09/11
124,124,8050,セイコーグループ(株),東証PRM,"8,920",-430,-4.6,"852,900",2026/09/11
125,125,4664,ＲＳＣ,東証STD,"1,102",-53,-4.59,"92,300",2026/09/11
126,126,319A,(株)技術承継機構,東証GRT,"19,060",-910,-4.56,"48,700",2026/09/11
127,127,5857,ＡＲＥホールディングス(株),東証PRM,"3,555",-170,-4.56,"535,800",2026/09/11
128,128,7354,(株)ダイレクトマーケティングミックス,東証STD,377,-18,-4.56,"262,500",2026/09/11
129,129,282A,GX 半導体・トップ10-日本株式,東証ETF,"2,196",-104,-4.52,"300,428",2026/09/11
130,130,4448,(株)ｋｕｂｅｌｌ,東証GRT,338,-16,-4.52,"194,200",2026/09/11
131,131,4691,ワシントンホテル(株),東証STD,"2,049",-97,-4.52,"83,000",2026/09/11
132,132,5381,マイポックス(株),東証STD,943,-44,-4.46,"259,600",2026/09/11
133,133,5724,(株)アサカ理研,東証STD,"3,105",-145,-4.46,"58,700",2026/09/11
134,134,7318,セレンディップ・ホールディングス(株),東証GRT,"1,284",-60,-4.46,"129,300",2026/09/11
135,135,4022,ラサ工業(株),東証PRM,"1,830",-85,-4.44,"602,100",2026/09/11
136,136,9087,タカセ(株),東証STD,"2,150",-100,-4.44,"2,900",2026/09/11
137,137,5711,三菱マテリアル(株),東証PRM,"5,022",-233,-4.43,"2,028,500",2026/09/11
138,138,6235,(株)オプトラン,東証PRM,"2,395",-111,-4.43,"277,300",2026/09/11
139,139,221A,MAXIS 日経半導体株上場投信,東証ETF,"1,093",-50.5,-4.42,"119,460",2026/09/11
140,140,569A,iシェアーズ プラチナ,東証ETF,173.8,-8,-4.4,"29,710",2026/09/11
141,141,4392,ＦＩＧ(株),東証PRM,980,-45,-4.39,"1,230,900",2026/09/11
142,142,3180,(株)ビューティガレージ,東証PRM,"1,530",-70,-4.38,"80,800",2026/09/11
143,143,5803,(株)フジクラ,東証PRM,"4,982",-227,-4.36,"38,396,400",2026/09/11
144,144,4480,(株)メドレー,東証PRM,"2,358",-107,-4.34,"446,800",2026/09/11
145,145,3192,(株)白鳩,東証STD,265,-12,-4.33,"46,900",2026/09/11
146,146,6777,ｓａｎｔｅｃ　Ｈｏｌｄｉｎｇｓ(株),東証STD,"19,020",-860,-4.33,"105,500",2026/09/11
147,147,4598,Ｄｅｌｔａ－Ｆｌｙ　Ｐｈａｒｍａ(株),東証GRT,111,-5,-4.31,"2,045,100",2026/09/11
148,148,4222,児玉化学工業(株),東証STD,648,-29,-4.28,"835,800",2026/09/11
149,149,6264,(株)マルマエ,東証PRM,"1,810",-81,-4.28,"655,400",2026/09/11
150,150,1673,WisdomTree 銀上場投信,東証ETF,"8,960",-400,-4.27,"6,190",2026/09/11
151,151,6961,(株)エンプラス,東証PRM,"9,730",-430,-4.23,"79,700",2026/09/11
152,152,581A,ＧＯ(株),東証GRT,"3,190",-140,-4.2,"1,574,300",2026/09/11
153,153,1541,純プラチナ上場信託(現物国内保管型),東証ETF,"8,065",-352,-4.18,"29,140",2026/09/11
154,154,213A,上場インデックスファンド日経半導体株,東証ETF,387.9,-16.9,-4.17,"801,920",2026/09/11
155,155,5753,日本伸銅(株),東証STD,"2,443",-106,-4.16,"5,400",2026/09/11
156,156,7717,(株)ブイ・テクノロジー,東証PRM,"5,530",-240,-4.16,"153,900",2026/09/11
157,157,6269,三井海洋開発(株),東証PRM,"8,995",-389,-4.15,"838,900",2026/09/11
158,158,2644,GX 半導体関連-日本株式,東証ETF,"3,718",-160,-4.13,"775,202",2026/09/11
159,159,4680,(株)ラウンドワン,東証PRM,"1,173.5",-50.5,-4.13,"2,340,700",2026/09/11
160,160,7640,(株)トップカルチャー,東証STD,186,-8,-4.12,"51,700",2026/09/11
161,161,3691,(株)デジタルプラス,東証GRT,"1,774",-76,-4.11,"30,500",2026/09/11
162,162,6055,ジャパンマテリアル(株),東証PRM,"2,088",-89,-4.09,"568,700",2026/09/11
163,163,5714,ＤＯＷＡホールディングス(株),東証PRM,"8,885",-378,-4.08,"485,300",2026/09/11
164,164,6597,ＨＰＣシステムズ(株),東証GRT,"3,420",-145,-4.07,"63,100",2026/09/11
165,165,3110,日東紡,東証PRM,"2,835",-120,-4.06,"5,228,900",2026/09/11
166,166,4884,クリングルファーマ(株),東証GRT,425,-18,-4.06,"77,400",2026/09/11
167,167,2983,(株)アールプランナー,東証GRT,"1,667",-70,-4.03,"305,800",2026/09/11
168,168,7505,扶桑電通(株),東証STD,"2,097",-88,-4.03,"37,100",2026/09/11
169,169,2464,(株)Ａｏｂａ－ＢＢＴ,東証STD,361,-15,-3.99,"19,300",2026/09/11
170,170,6855,日本電子材料(株),東証STD,"6,490",-270,-3.99,"517,600",2026/09/11
171,171,5892,(株)ｙｕｔｏｒｉ,東証GRT,"2,656",-110,-3.98,"105,800",2026/09/11
172,172,6266,タツモ(株),東証PRM,"3,375",-140,-3.98,"221,100",2026/09/11
173,173,8045,横浜丸魚(株),東証STD,"2,002",-83,-3.98,"2,800",2026/09/11
174,174,3441,(株)山王,東証STD,"2,758",-114,-3.97,"60,000",2026/09/11
175,175,4970,東洋合成工業(株),東証STD,"9,700",-400,-3.96,"116,500",2026/09/11
176,176,9984,ソフトバンクグループ(株),東証PRM,"6,540",-270,-3.96,"69,041,500",2026/09/11
177,177,6524,湖北工業(株),東証STD,"4,860",-200,-3.95,"200,400",2026/09/11
178,178,7095,(株)Ｍａｃｂｅｅ　Ｐｌａｎｅｔ,東証PRM,"1,168",-48,-3.95,"149,500",2026/09/11
179,179,6307,サンセイ(株),東証STD,463,-19,-3.94,"19,300",2026/09/11
180,180,4575,(株)キャンバス,東証GRT,734,-30,-3.93,"176,700",2026/09/11
181,181,1693,WisdomTree 銅上場投信,東証ETF,"8,617",-352,-3.92,"20,220",2026/09/11
182,182,5817,ＪＭＡＣＳ(株),東証STD,"1,034",-42,-3.9,"37,400",2026/09/11
183,183,4369,(株)トリケミカル研究所,東証PRM,"2,922",-118,-3.88,"472,200",2026/09/11
184,184,3350,(株)メタプラネット,東証STD,249,-10,-3.86,"12,541,600",2026/09/11
185,185,5032,ＡＮＹＣＯＬＯＲ(株),東証PRM,"3,115",-125,-3.86,"1,247,300",2026/09/11
186,186,6723,ルネサスエレクトロニクス(株),東証PRM,"3,192",-128,-3.86,"10,122,800",2026/09/11
187,187,7794,(株)イーディーピー,東証GRT,972,-39,-3.86,"288,200",2026/09/11
188,188,4375,セーフィー(株),東証GRT,649,-26,-3.85,"175,800",2026/09/11
189,189,7713,シグマ光機(株),東証STD,"2,303",-92,-3.84,"16,300",2026/09/11
190,190,9560,(株)プログリット,東証GRT,857,-34,-3.82,"32,500",2026/09/11
191,191,6356,日本ギア工業(株),東証STD,"1,213",-48,-3.81,"394,600",2026/09/11
192,192,1946,(株)トーエネック,東証PRM,"2,154",-85,-3.8,"241,500",2026/09/11
193,193,8105,Ｂｉｔｃｏｉｎ　Ｊａｐａｎ(株),東証STD,76,-3,-3.8,"857,600",2026/09/11
194,194,5384,(株)フジミインコーポレーテッド,東証PRM,"3,175",-125,-3.79,"360,600",2026/09/11
195,195,6045,(株)レントラックス,東証GRT,"2,032",-80,-3.79,"27,200",2026/09/11
196,196,6337,(株)テセック,東証STD,"3,300",-130,-3.79,"33,600",2026/09/11
197,197,633A,GX 韓国半導体・トップ10,東証ETF,993,-39,-3.78,"367,047",2026/09/11
198,198,6616,トレックス・セミコンダクター(株),東証PRM,"1,780",-70,-3.78,"86,300",2026/09/11
199,199,604A,(株)ビーエイブル,東証STD,"1,175",-46,-3.77,"417,500",2026/09/11
200,200,7527,(株)システムソフト,東証STD,51,-2,-3.77,"1,750,100",2026/09/11
201,201,7806,(株)ＭＴＧ,東証GRT,"7,650",-300,-3.77,"167,500",2026/09/11
202,202,4441,トビラシステムズ(株),東証STD,"1,509",-59,-3.76,"49,500",2026/09/11
203,203,1570,(NEXT FUNDS)日経平均レバレッジ上場投信,東証ETF,"64,650","-2,520",-3.75,"3,018,073",2026/09/11
204,204,1365,iFreeETF 日経平均レバレッジ・インデックス,東証ETF,"3,988",-155,-3.74,"358,714",2026/09/11
205,205,6666,リバーエレテック(株),東証STD,799,-31,-3.73,"42,100",2026/09/11
206,206,6301,コマツ,東証PRM,"7,114",-275,-3.72,"4,144,200",2026/09/11
207,207,1579,日経平均ブル2倍上場投信,東証ETF,699.3,-26.9,-3.7,"18,842,760",2026/09/11
208,208,4833,(株)Ｄｅｆ　ｃｏｎｓｕｌｔｉｎｇ,東証GRT,52,-2,-3.7,"895,400",2026/09/11
209,209,7637,白銅(株),東証PRM,"3,385",-130,-3.7,"36,600",2026/09/11
210,210,5367,(株)ニッカトー,東証STD,"1,360",-52,-3.68,"124,100",2026/09/11
211,211,5707,東邦亜鉛(株),東証PRM,969,-37,-3.68,"691,200",2026/09/11
212,212,9552,(株)クオンツ総研ホールディングス,東証PRM,996,-38,-3.68,"448,700",2026/09/11
213,213,1980,ダイダン(株),東証PRM,"2,653",-101,-3.67,"539,800",2026/09/11
214,214,4316,(株)ビーマップ,東証GRT,105,-4,-3.67,"1,538,400",2026/09/11
215,215,6480,日本トムソン(株),東証PRM,"1,600",-61,-3.67,"835,900",2026/09/11
216,216,4064,日本カーバイド工業(株),東証PRM,"3,420",-130,-3.66,"97,400",2026/09/11
217,217,7692,(株)アースインフィニティ,東証STD,79,-3,-3.66,"1,628,700",2026/09/11
218,218,1458,楽天 ETF-日経レバレッジ指数連動型,東証ETF,"77,260","-2,910",-3.63,"122,045",2026/09/11
219,219,5541,大平洋金属(株),東証PRM,"2,630",-99,-3.63,"225,900",2026/09/11
220,220,6030,(株)アドベンチャー,東証GRT,"1,644",-62,-3.63,"14,600",2026/09/11
221,221,6330,東洋エンジニアリング(株),東証PRM,"2,736",-103,-3.63,"9,534,500",2026/09/11
222,222,262A,(株)インターメスティック,東証PRM,"1,675",-63,-3.62,"340,900",2026/09/11
223,223,7762,シチズン時計(株),東証PRM,"2,210",-83,-3.62,"2,067,000",2026/09/11
224,224,3905,データセクション(株),東証GRT,"1,547",-58,-3.61,"1,606,200",2026/09/11
225,225,3374,内外テック(株),東証STD,"3,900",-145,-3.58,"18,800",2026/09/11
226,226,402A,(株)アクセルスペースホールディングス,東証GRT,511,-19,-3.58,"1,625,900",2026/09/11
227,227,2039,NEXT NOTES ドバイ原油先物 ベア ETN,東証ETF,486,-18,-3.57,"1,438,713",2026/09/11
228,228,206A,(株)ＰＲＩＳＭ　ＢｉｏＬａｂ,東証GRT,162,-6,-3.57,"123,200",2026/09/11
229,229,4978,(株)リプロセル,東証GRT,135,-5,-3.57,"896,200",2026/09/11
230,230,6031,ＺＥＴＡ(株),東証STD,270,-10,-3.57,"78,100",2026/09/11
231,231,6036,ＫｅｅＰｅｒ技研(株),東証PRM,"3,520",-130,-3.56,"186,900",2026/09/11
232,232,6590,芝浦メカトロニクス(株),東証PRM,"3,790",-140,-3.56,"1,370,400",2026/09/11
233,233,6629,テクノホライゾン(株),東証STD,949,-35,-3.56,"154,500",2026/09/11
234,234,2751,(株)テンポスホールディングス,東証STD,"3,530",-130,-3.55,"24,100",2026/09/11
235,235,3449,(株)テクノフレックス,東証STD,"3,955",-145,-3.54,"85,000",2026/09/11
236,236,4237,フジプレアム(株),東証STD,328,-12,-3.53,"72,800",2026/09/11
237,237,6433,ヒーハイスト(株),東証STD,"1,125",-41,-3.52,"63,200",2026/09/11
238,238,1447,ＳＡＡＦホールディングス(株),東証GRT,357,-13,-3.51,"40,200",2026/09/11
239,239,1623,(NEXT FUNDS)鉄鋼･非鉄上場投信,東証ETF,"62,720","-2,280",-3.51,"1,217",2026/09/11
240,240,3624,アクセルマーク(株),東証GRT,83,-3,-3.49,"326,500",2026/09/11
241,241,1975,(株)朝日工業社,東証PRM,"3,740",-135,-3.48,"95,700",2026/09/11
242,242,6143,(株)ソディック,東証PRM,"1,607",-58,-3.48,"470,500",2026/09/11
243,243,480A,(株)リブ・コンサルティング,東証GRT,917,-33,-3.47,"18,800",2026/09/11
244,244,5985,サンコール(株),東証STD,"2,120",-76,-3.46,"540,500",2026/09/11
245,245,7571,(株)ヤマノホールディングス,東証STD,84,-3,-3.45,"342,500",2026/09/11
246,246,3038,(株)神戸物産,東証PRM,"2,965.5",-105.5,-3.44,"2,925,100",2026/09/11
247,247,5131,リンカーズ(株),東証GRT,113,-4,-3.42,"71,500",2026/09/11
248,248,5574,(株)ＡＢＥＪＡ,東証GRT,"2,965",-105,-3.42,"93,700",2026/09/11
249,249,6674,(株)ジーエス・ユアサ　コーポレーション,東証PRM,"4,962",-175,-3.41,"606,100",2026/09/11
250,250,7685,(株)ＢｕｙＳｅｌｌ　Ｔｅｃｈｎｏｌｏｇｉｅｓ,東証GRT,"2,800",-99,-3.41,"677,600",2026/09/11
251,251,7729,(株)東京精密,東証PRM,"16,285",-575,-3.41,"266,400",2026/09/11
252,252,9279,(株)ギフトホールディングス,東証PRM,"2,151",-76,-3.41,"322,000",2026/09/11
253,253,7138,(株)ＴＯＲＩＣＯ,東証GRT,142,-5,-3.4,"348,600",2026/09/11
254,254,4890,(株)坪田ラボ,東証GRT,257,-9,-3.38,"49,400",2026/09/11
255,255,504A,イノバセル(株),東証GRT,543,-19,-3.38,"108,700",2026/09/11
256,256,3131,シンデン・ハイテックス(株),東証STD,"6,310",-220,-3.37,"30,900",2026/09/11
257,257,4565,ネクセラファーマ(株),東証PRM,"1,204",-42,-3.37,"1,530,300",2026/09/11
258,258,6338,(株)タカトリ,東証STD,"1,605",-56,-3.37,"13,200",2026/09/11
259,259,9256,(株)サクシード,東証GRT,975,-34,-3.37,"31,400",2026/09/11
260,260,4424,(株)Ａｍａｚｉａ,東証GRT,316,-11,-3.36,"45,400",2026/09/11
261,261,5586,(株)Ｌａｂｏｒｏ．ＡＩ,東証GRT,920,-32,-3.36,"66,300",2026/09/11
262,262,281A,インフォメティス(株),東証GRT,406,-14,-3.33,"458,000",2026/09/11
263,263,4167,(株)ココペリ,東証GRT,319,-11,-3.33,"19,400",2026/09/11
264,264,5971,(株)共和工業所,東証STD,"8,410",-290,-3.33,700,2026/09/11
265,265,9562,ビジネスコーチ(株),東証GRT,696,-24,-3.33,"3,500",2026/09/11
266,266,212A,フィットイージー(株),東証PRM,"2,800",-96,-3.31,"152,600",2026/09/11
267,267,4125,三和油化工業(株),東証STD,"3,510",-120,-3.31,"24,700",2026/09/11
268,268,7725,(株)インターアクション,東証PRM,"1,692",-58,-3.31,"85,900",2026/09/11
269,269,7774,(株)ジャパン・ティッシュエンジニアリング,東証GRT,790,-27,-3.3,"196,000",2026/09/11
270,270,3445,(株)ＲＳ　Ｔｅｃｈｎｏｌｏｇｉｅｓ,東証PRM,"5,290",-180,-3.29,"194,300",2026/09/11
271,271,8938,グローム・ホールディングス(株),東証GRT,323,-11,-3.29,"1,000",2026/09/11
272,272,1961,三機工業(株),東証PRM,"2,299",-78,-3.28,"599,500",2026/09/11
273,273,4586,(株)メドレックス,東証GRT,59,-2,-3.28,"518,200",2026/09/11
274,274,6508,(株)明電舎,東証PRM,"10,320",-350,-3.28,"204,100",2026/09/11
275,275,3498,霞ヶ関キャピタル(株),東証PRM,"7,130",-240,-3.26,"228,600",2026/09/11
276,276,7694,(株)いつも,東証GRT,594,-20,-3.26,"42,700",2026/09/11
277,277,6376,日機装(株),東証PRM,"3,270",-110,-3.25,"443,400",2026/09/11
278,278,6772,東京コスモス電機(株),東証STD,"1,011",-34,-3.25,"5,700",2026/09/11
279,279,264A,(株)Ｓｃｈｏｏ,東証GRT,328,-11,-3.24,"117,600",2026/09/11
280,280,3436,(株)ＳＵＭＣＯ,東証PRM,"2,959",-99,-3.24,"11,593,400",2026/09/11
281,281,7814,(株)日本創発グループ,東証STD,598,-20,-3.24,"24,900",2026/09/11
282,282,4165,(株)プレイド,東証GRT,629,-21,-3.23,"278,400",2026/09/11
283,283,2782,(株)セリア,東証STD,"4,660",-155,-3.22,"482,500",2026/09/11
284,284,1358,上場インデックス日経レバレッジ指数,東証ETF,"123,450","-4,100",-3.21,"11,425",2026/09/11
285,285,3915,(株)テラスカイ,東証PRM,"2,261",-75,-3.21,"82,300",2026/09/11
286,286,3977,フュージョン(株),札幌ア,512,-17,-3.21,100,2026/09/11
287,287,4234,(株)サンエー化研,東証STD,999,-33,-3.2,"30,300",2026/09/11
288,288,6125,(株)岡本工作機械製作所,東証STD,"4,545",-150,-3.19,"44,300",2026/09/11
289,289,4011,(株)ヘッドウォータース,東証GRT,"2,378",-78,-3.18,"39,000",2026/09/11
290,290,4479,(株)マクアケ,東証GRT,943,-31,-3.18,"23,000",2026/09/11
291,291,6324,(株)ハーモニック・ドライブ・システムズ,東証PRM,"5,790",-190,-3.18,"2,221,100",2026/09/11
292,292,4170,(株)Ｋａｉｚｅｎ　Ｐｌａｔｆｏｒｍ,東証GRT,122,-4,-3.17,"220,000",2026/09/11
293,293,7581,(株)サイゼリヤ,東証PRM,"6,740",-220,-3.16,"443,800",2026/09/11
294,294,9914,(株)植松商会,名証MN,736,-24,-3.16,400,2026/09/11
295,295,4186,東京応化工業(株),東証PRM,"8,054",-262,-3.15,"894,300",2026/09/11
296,296,4366,ダイトーケミックス(株),東証STD,430,-14,-3.15,"40,500",2026/09/11
297,297,584A,ＬｉＮＫＸ(株),東証GRT,"2,610",-85,-3.15,"107,300",2026/09/11
298,298,2354,(株)ＹＥ　ＤＩＧＩＴＡＬ,東証STD,"1,329",-43,-3.13,"395,300",2026/09/11
299,299,3891,ニッポン高度紙工業(株),東証STD,"6,200",-200,-3.13,"133,600",2026/09/11
300,300,579A,GX 銀ビジネス,東証ETF,"1,021",-33,-3.13,"12,621",2026/09/11
301,301,4047,関東電化工業(株),東証PRM,"2,136",-68,-3.09,"836,000",2026/09/11
302,302,378A,(株)ヒット,東証GRT,880,-28,-3.08,"76,900",2026/09/11
303,303,6844,新電元工業(株),東証PRM,"2,864",-91,-3.08,"123,500",2026/09/11
304,304,9519,(株)レノバ,東証PRM,881,-28,-3.08,"824,400",2026/09/11
305,305,5016,ＪＸ金属(株),東証PRM,"3,695",-117,-3.07,"16,352,700",2026/09/11
306,306,5998,(株)アドバネクス,東証STD,"2,561",-81,-3.07,"13,600",2026/09/11
307,307,4570,(株)免疫生物研究所,東証GRT,"1,109",-35,-3.06,"101,800",2026/09/11
308,308,7115,(株)アルファパーチェス,東証STD,"1,455",-46,-3.06,"8,000",2026/09/11
309,309,259A,(株)ケイ・ウノ,名証NXT,"1,878",-59,-3.05,"1,900",2026/09/11
310,310,3083,スターシーズ(株),東証STD,"1,244",-39,-3.04,"292,000",2026/09/11
311,311,6016,(株)ジャパンエンジンコーポレーション,東証STD,"10,830",-340,-3.04,"108,800",2026/09/11
312,312,6469,(株)放電精密加工研究所,東証STD,"2,644",-83,-3.04,"73,700",2026/09/11
313,313,456A,ＨＵＭＡＮ　ＭＡＤＥ(株),東証GRT,"1,377",-43,-3.03,"884,100",2026/09/11
314,314,6653,(株)正興電機製作所,東証PRM,"2,045",-64,-3.03,"97,000",2026/09/11
315,315,6996,ニチコン(株),東証PRM,"2,528",-79,-3.03,"654,500",2026/09/11
316,316,1563,東証グロース･コア,東証ETF,"2,380",-74,-3.02,"7,424",2026/09/11
317,317,3491,(株)ＧＡ　ｔｅｃｈｎｏｌｏｇｉｅｓ,東証GRT,"1,447",-45,-3.02,"279,800",2026/09/11
318,318,3853,アステリア(株),東証PRM,"1,060",-33,-3.02,"164,600",2026/09/11
319,319,4397,(株)チームスピリット,東証GRT,387,-12,-3.01,"25,500",2026/09/11
320,320,7966,リンテック(株),東証PRM,"5,160",-160,-3.01,"613,300",2026/09/11
321,321,9166,(株)ＧＥＮＤＡ,東証GRT,709,-22,-3.01,"1,031,600",2026/09/11
322,322,2762,(株)ＳＡＮＫＯ　ＭＡＲＫＥＴＩＮＧ　ＦＯＯＤＳ,東証STD,65,-2,-2.99,"257,300",2026/09/11
323,323,4596,窪田製薬ホールディングス(株),東証GRT,65,-2,-2.99,"1,911,700",2026/09/11
324,324,6146,(株)ディスコ,東証PRM,"51,980","-1,600",-2.99,"1,430,800",2026/09/11
325,325,7815,東京ボード工業(株),東証STD,325,-10,-2.99,"5,400",2026/09/11
326,326,8079,正栄食品工業(株),東証PRM,"4,385",-135,-2.99,"95,500",2026/09/11
327,327,9211,(株)エフ・コード,東証GRT,"1,394",-43,-2.99,"95,800",2026/09/11
328,328,2036,NEXT NOTES 金先物 ダブル・ブル ETN,東証ETF,"149,600","-4,600",-2.98,"5,511",2026/09/11
329,329,3168,(株)ＭＥＲＦ,東証STD,"1,268",-39,-2.98,"74,400",2026/09/11
330,330,3563,(株)ＦＯＯＤ　＆　ＬＩＦＥ　ＣＯＭＰＡＮＩＥＳ,東証PRM,"5,171",-159,-2.98,"2,190,800",2026/09/11
331,331,4828,ビジネスエンジニアリング(株),東証PRM,"1,335",-41,-2.98,"106,000",2026/09/11
332,332,9941,太洋物産(株),東証STD,"1,204",-37,-2.98,"19,000",2026/09/11
333,333,4393,(株)バンク・オブ・イノベーション,東証GRT,"5,560",-170,-2.97,"35,700",2026/09/11
334,334,9514,(株)エフオン,東証STD,327,-10,-2.97,"132,800",2026/09/11
335,335,5741,(株)ＵＡＣＪ,東証PRM,"2,164",-66,-2.96,"1,065,800",2026/09/11
336,336,6506,(株)安川電機,東証PRM,"4,301",-131,-2.96,"5,133,300",2026/09/11
337,337,2471,(株)エスプール,東証PRM,263,-8,-2.95,"507,100",2026/09/11
338,338,1950,日本電設工業(株),東証PRM,"3,965",-120,-2.94,"111,200",2026/09/11
339,339,2315,(株)ＣＡＩＣＡ　ＤＩＧＩＴＡＬ,東証STD,66,-2,-2.94,"3,709,400",2026/09/11
340,340,2388,(株)ウェッジホールディングス,東証GRT,33,-1,-2.94,"14,000",2026/09/11
341,341,6769,ザインエレクトロニクス(株),東証STD,"1,121",-34,-2.94,"74,300",2026/09/11
342,342,7715,長野計器(株),東証PRM,"3,800",-115,-2.94,"86,300",2026/09/11
343,343,4932,(株)アルマード,東証STD,796,-24,-2.93,"22,800",2026/09/11
344,344,7532,(株)パン・パシフィック・インターナショナルホールディングス,東証PRM,726.1,-21.9,-2.93,"22,135,200",2026/09/11
345,345,3936,(株)グローバルウェイ,東証GRT,133,-4,-2.92,"295,900",2026/09/11
346,346,1675,WisdomTree パラジウム上場投信,東証ETF,"18,345",-550,-2.91,"1,225",2026/09/11
347,347,2067,NEXT NOTES 野村AI ビジネス70(NR)ETN,東証ETF,"27,850",-835,-2.91,60,2026/09/11
348,348,3937,(株)Ｕｂｉｃｏｍホールディングス,東証STD,"1,136",-34,-2.91,"211,200",2026/09/11
349,349,3976,(株)シャノン,東証GRT,568,-17,-2.91,"14,600",2026/09/11
350,350,4813,(株)ＡＣＣＥＳＳ,東証PRM,401,-12,-2.91,"456,400",2026/09/11
351,351,2874,ヨコレイ,東証PRM,"2,211",-66,-2.9,"183,000",2026/09/11
352,352,4187,大阪有機化学工業(株),東証PRM,"4,020",-120,-2.9,"216,700",2026/09/11
353,353,6999,ＫＯＡ(株),東証PRM,"2,107",-63,-2.9,"374,700",2026/09/11
354,354,4445,リビン・テクノロジーズ(株),東証GRT,"1,922",-57,-2.88,"2,300",2026/09/11
355,355,1911,住友林業(株),東証PRM,"1,218",-36,-2.87,"9,363,000",2026/09/11
356,356,3104,富士紡ホールディングス(株),東証PRM,"3,215",-95,-2.87,"137,000",2026/09/11
357,357,3565,アセンテック(株),東証STD,476,-14,-2.86,"234,500",2026/09/11
358,358,5582,(株)グリッド,東証GRT,"2,075",-61,-2.86,"15,300",2026/09/11
359,359,6522,(株)アスタリスク,東証GRT,"1,458",-43,-2.86,"574,200",2026/09/11
360,360,6176,(株)ブランジスタ,東証STD,"1,058",-31,-2.85,"97,500",2026/09/11
361,361,7353,ＫＩＹＯラーニング(株),東証GRT,511,-15,-2.85,"48,600",2026/09/11
362,362,1963,日揮ホールディングス(株),東証PRM,"2,312",-67.5,-2.84,"1,986,400",2026/09/11
363,363,6912,菊水ホールディングス(株),東証STD,"2,428",-71,-2.84,"10,600",2026/09/11
364,364,6254,野村マイクロ・サイエンス(株),東証PRM,"3,260",-95,-2.83,"517,200",2026/09/11
365,365,163A,半導体フォーカス日本株(ネットリターン)ETN,東証ETF,"18,270",-530,-2.82,"6,453",2026/09/11
366,366,2070,スマート ESG30 女性活躍(ネットリターン)ETN,東証ETF,"15,825",-460,-2.82,6,2026/09/11
367,367,9206,(株)スターフライヤー,東証STD,"1,933",-56,-2.82,"1,000",2026/09/11
368,368,195A,(株)ＭＵＳＣＡＴ　ＧＲＯＵＰ,東証GRT,656,-19,-2.81,"30,100",2026/09/11
369,369,3036,アルコニックス(株),東証PRM,"3,290",-95,-2.81,"110,700",2026/09/11
370,370,4055,ティアンドエスグループ(株),東証GRT,"1,625",-47,-2.81,"35,000",2026/09/11
371,371,4334,(株)ユークス,東証STD,381,-11,-2.81,"87,600",2026/09/11
372,372,6094,(株)フリークアウト・ホールディングス,東証GRT,518,-15,-2.81,"42,700",2026/09/11
373,373,7972,(株)イトーキ,東証PRM,"2,388",-69,-2.81,"235,800",2026/09/11
374,374,6490,(株)ＰＩＬＬＡＲ,東証PRM,"9,040",-260,-2.8,"132,200",2026/09/11
375,375,6994,(株)指月電機製作所,東証STD,"1,144",-33,-2.8,"98,100",2026/09/11
376,376,9082,大和自動車交通(株),東証STD,"2,466",-71,-2.8,"102,000",2026/09/11
377,377,2459,アウンコンサルティング(株),東証STD,174,-5,-2.79,"424,000",2026/09/11
378,378,4107,伊勢化学工業(株),東証STD,"3,830",-110,-2.79,"221,700",2026/09/11
379,379,4377,(株)ワンキャリア,東証GRT,"2,231",-64,-2.79,"45,200",2026/09/11
380,380,2586,(株)フルッタフルッタ,東証GRT,70,-2,-2.78,"746,400",2026/09/11
381,381,9204,スカイマーク(株),東証GRT,419,-12,-2.78,"69,000",2026/09/11
382,382,4661,(株)オリエンタルランド,東証PRM,"3,085",-88,-2.77,"5,616,100",2026/09/11
383,383,5471,大同特殊鋼(株),東証PRM,"2,313",-66,-2.77,"1,049,700",2026/09/11
384,384,6380,オリエンタルチエン工業(株),東証STD,"3,855",-110,-2.77,"4,600",2026/09/11
385,385,7504,(株)高速,東証PRM,"4,395",-125,-2.77,"56,100",2026/09/11
386,386,6856,(株)堀場製作所,東証PRM,"21,490",-610,-2.76,"256,000",2026/09/11
387,387,4379,(株)Ｐｈｏｔｏｓｙｎｔｈ,東証GRT,424,-12,-2.75,"45,400",2026/09/11
388,388,6748,星和電機(株),東証STD,743,-21,-2.75,"16,900",2026/09/11
389,389,9706,日本空港ビルデング(株),東証PRM,"5,409",-153,-2.75,"927,700",2026/09/11
390,390,2585,(株)ライフドリンクカンパニー,東証PRM,"1,347",-38,-2.74,"608,500",2026/09/11
391,391,4074,(株)ラキール,東証GRT,782,-22,-2.74,"3,000",2026/09/11
392,392,5535,ミガロホールディングス(株),東証PRM,284,-8,-2.74,"169,700",2026/09/11
393,393,6149,(株)小田原エンジニアリング,東証STD,"2,166",-61,-2.74,"14,100",2026/09/11
394,394,6952,カシオ計算機(株),東証PRM,"2,004.5",-56.5,-2.74,"1,638,800",2026/09/11
395,395,4572,カルナバイオサイエンス(株),東証GRT,427,-12,-2.73,"89,000",2026/09/11
396,396,6357,三精テクノロジーズ(株),東証STD,"2,636",-74,-2.73,"28,900",2026/09/11
397,397,3063,(株)ジェイグループホールディングス,東証GRT,"1,146",-32,-2.72,"22,300",2026/09/11
398,398,6897,(株)ツインバード,東証STD,643,-18,-2.72,"56,000",2026/09/11
399,399,7069,(株)サイバー・バズ,東証GRT,501,-14,-2.72,"13,600",2026/09/11
400,400,1543,純パラジウム上場信託(現物国内保管型),東証ETF,"58,200","-1,620",-2.71,508,2026/09/11
401,401,1652,iFreeETF MSCI日本株女性活躍指数(WIN),東証ETF,"4,916",-137,-2.71,10,2026/09/11
402,402,549A,ヒトトヒトホールディングス(株),東証STD,503,-14,-2.71,"37,400",2026/09/11
403,403,5838,楽天銀行(株),東証PRM,"6,396",-178,-2.71,"1,340,200",2026/09/11
404,404,6614,(株)シキノハイテック,東証STD,862,-24,-2.71,"12,700",2026/09/11
405,405,5283,(株)高見澤,東証STD,"3,060",-85,-2.7,800,2026/09/11
406,406,6291,日本エアーテック(株),東証STD,"1,298",-36,-2.7,"49,500",2026/09/11
407,407,7603,ジーイエット(株),東証STD,36,-1,-2.7,"414,000",2026/09/11
408,408,155A,(株)情報戦略テクノロジー,東証GRT,796,-22,-2.69,"19,700",2026/09/11
409,409,3660,(株)アイスタイル,東証PRM,471,-13,-2.69,"970,400",2026/09/11
410,410,3753,(株)フライトソリューションズ,東証STD,217,-6,-2.69,"130,800",2026/09/11
411,411,3895,ハビックス(株),東証STD,471,-13,-2.69,"34,800",2026/09/11
412,412,5587,(株)インバウンドプラットフォーム,東証GRT,795,-22,-2.69,"21,100",2026/09/11
413,413,6083,ＥＲＩホールディングス(株),東証STD,"1,518",-42,-2.69,"31,100",2026/09/11
414,414,6413,理想科学工業(株),東証PRM,"1,011",-28,-2.69,"174,200",2026/09/11
415,415,1869,名工建設(株),名証MN,"1,852",-51,-2.68,"25,500",2026/09/11
416,416,4431,(株)スマレジ,東証GRT,"3,265",-90,-2.68,"66,400",2026/09/11
417,417,6617,(株)東光高岳,東証PRM,"6,530",-180,-2.68,"76,800",2026/09/11
418,418,2737,(株)トーメンデバイス,東証PRM,"34,800",-950,-2.66,"141,900",2026/09/11
419,419,4192,スパイダープラス(株),東証GRT,293,-8,-2.66,"83,300",2026/09/11
420,420,5282,ジオスター(株),東証STD,402,-11,-2.66,"121,700",2026/09/11
421,421,6298,ワイエイシイホールディングス(株),東証PRM,"1,243",-34,-2.66,"140,900",2026/09/11
422,422,9145,(株)ビーイングホールディングス,東証STD,549,-15,-2.66,"59,000",2026/09/11
423,423,3559,(株)ピーバンドットコム,東証STD,445,-12,-2.63,"5,300",2026/09/11
424,424,5591,(株)ＡＶＩＬＥＮ,東証GRT,852,-23,-2.63,"8,200",2026/09/11
425,425,6466,(株)ＴＶＥ,東証STD,"3,720",-100,-2.62,"6,800",2026/09/11
426,426,7602,(株)レダックス,東証STD,186,-5,-2.62,"229,400",2026/09/11
427,427,2646,GX メタルビジネス-日本株式,東証ETF,"3,701",-99,-2.61,"3,078",2026/09/11
428,428,478A,(株)フツパー,東証GRT,750,-20,-2.6,"155,600",2026/09/11
429,429,6046,(株)リンクバル,東証STD,150,-4,-2.6,"67,800",2026/09/11
430,430,7609,ダイトロン(株),東証PRM,"3,935",-105,-2.6,"124,000",2026/09/11
431,431,9962,(株)ミスミグループ本社,東証PRM,"3,447",-92,-2.6,"1,583,400",2026/09/11
432,432,2788,アップルインターナショナル(株),東証STD,381,-10,-2.56,"34,900",2026/09/11
433,433,3987,エコモット(株),東証GRT,610,-16,-2.56,"10,500",2026/09/11
434,434,8035,東京エレクトロン(株),東証PRM,"51,460","-1,350",-2.56,"3,852,700",2026/09/11
435,435,6859,エスペック(株),東証PRM,"3,815",-100,-2.55,"82,300",2026/09/11
436,436,2047,NEXT NOTES インドNifty・ベア ETN,東証ETF,"3,380",-88,-2.54,61,2026/09/11
437,437,2168,(株)パソナグループ,東証PRM,"1,532",-40,-2.54,"149,200",2026/09/11
438,438,3841,(株)ジーダット,東証STD,"1,307",-34,-2.54,"1,400",2026/09/11
439,439,6543,(株)日宣,東証STD,"1,193",-31,-2.53,"2,000",2026/09/11
440,440,7578,(株)ニチリョク,東証STD,77,-2,-2.53,"25,700",2026/09/11
441,441,3793,(株)ドリコム,東証GRT,502,-13,-2.52,"98,200",2026/09/11
442,442,4406,新日本理化(株),東証STD,232,-6,-2.52,"363,600",2026/09/11
443,443,6445,(株)ジャノメ,東証PRM,"1,314",-34,-2.52,"72,700",2026/09/11
444,444,4935,(株)リベルタ,東証STD,194,-5,-2.51,"319,300",2026/09/11
445,445,302A,(株)ビースタイルホールディングス,東証GRT,586,-15,-2.5,"16,700",2026/09/11
446,446,5074,テスホールディングス(株),東証PRM,586,-15,-2.5,"953,800",2026/09/11
447,447,5253,カバー(株),東証GRT,"1,600",-41,-2.5,"964,500",2026/09/11
448,448,550A,(株)ソフトテックス,東証STD,"2,145",-55,-2.5,"4,000",2026/09/11
449,449,6407,ＣＫＤ(株),東証PRM,"5,060",-130,-2.5,"395,200",2026/09/11
450,450,7064,(株)ハウテレビジョン,東証STD,935,-24,-2.5,"8,900",2026/09/11
451,451,8135,ゼット(株),東証STD,429,-11,-2.5,"16,300",2026/09/11
452,452,4483,(株)ＪＭＤＣ,東証PRM,"3,520",-90,-2.49,"358,900",2026/09/11
453,453,9278,ブックオフグループホールディングス(株),東証PRM,"2,659",-68,-2.49,"99,400",2026/09/11
454,454,2338,クオンタムソリューションズ(株),東証STD,118,-3,-2.48,"380,300",2026/09/11
455,455,4891,(株)ティムス,東証GRT,118,-3,-2.48,"325,300",2026/09/11
456,456,2938,(株)オカムラ食品工業,東証STD,"1,262",-32,-2.47,"56,300",2026/09/11
457,457,4368,扶桑化学工業(株),東証PRM,"2,800",-71,-2.47,"985,100",2026/09/11
458,458,4972,綜研化学(株),東証STD,"3,755",-95,-2.47,"45,200",2026/09/11
459,459,5599,Ｓ＆Ｊ(株),東証GRT,986,-25,-2.47,"12,200",2026/09/11
460,460,4078,堺化学工業(株),東証PRM,"3,575",-90,-2.46,"182,400",2026/09/11
461,461,5698,(株)エンビプロ・ホールディングス,東証STD,715,-18,-2.46,"201,000",2026/09/11
462,462,5010,日本精蝋(株),東証STD,279,-7,-2.45,"154,300",2026/09/11
463,463,7094,(株)ＮｅｘＴｏｎｅ,東証GRT,"1,792",-45,-2.45,"38,000",2026/09/11
464,464,3054,(株)ハイパー,東証STD,360,-9,-2.44,"35,300",2026/09/11
465,465,4591,(株)リボミック,東証GRT,80,-2,-2.44,"266,200",2026/09/11
466,466,6481,ＴＨＫ(株),東証PRM,"5,874",-147,-2.44,"1,215,800",2026/09/11
467,467,8934,サンフロンティア不動産(株),東証PRM,"2,320",-58,-2.44,"199,800",2026/09/11
468,468,1433,ベステラ(株),東証PRM,"1,204",-30,-2.43,"88,100",2026/09/11
469,469,2373,(株)ケア２１,東証STD,402,-10,-2.43,"18,800",2026/09/11
470,470,3134,Ｈａｍｅｅ(株),東証STD,281,-7,-2.43,"72,700",2026/09/11
471,471,4228,積水化成品工業(株),東証PRM,561,-14,-2.43,"338,600",2026/09/11
472,472,6867,リーダー電子(株),東証STD,402,-10,-2.43,"17,500",2026/09/11
473,473,7084,(株)Ｓｍｉｌｅ　Ｈｏｌｄｉｎｇｓ,東証GRT,"2,765",-69,-2.43,"7,900",2026/09/11
474,474,4376,(株)くふうカンパニーホールディングス,東証GRT,161,-4,-2.42,"68,100",2026/09/11
475,475,4385,(株)メルカリ,東証PRM,"3,826",-95,-2.42,"1,860,000",2026/09/11
476,476,1596,NZAM 上場投信 TOPIX Ex-Financials,東証ETF,"3,000",-74,-2.41,1,2026/09/11
477,477,1942,(株)関電工,東証PRM,"5,433",-134,-2.41,"484,300",2026/09/11
478,478,4462,石原ケミカル(株),東証PRM,"2,791",-69,-2.41,"41,000",2026/09/11
479,479,7760,ＩＭＶ(株),東証STD,"1,985",-49,-2.41,"65,100",2026/09/11
480,480,247A,Ａｉロボティクス(株),東証GRT,"1,015",-25,-2.4,"709,600",2026/09/11
481,481,5344,(株)ＭＡＲＵＷＡ,東証PRM,"54,460","-1,340",-2.4,"77,300",2026/09/11
482,482,5906,エムケー精工(株),東証STD,773,-19,-2.4,"7,000",2026/09/11
483,483,268A,リガク・ホールディングス(株),東証PRM,"1,591",-39,-2.39,"1,711,400",2026/09/11
484,484,5729,日本精鉱(株),東証STD,"1,677",-41,-2.39,"9,300",2026/09/11
485,485,6785,(株)鈴木,東証PRM,"3,065",-75,-2.39,"61,800",2026/09/11
486,486,3252,地主(株),東証PRM,"2,745",-67,-2.38,"269,300",2026/09/11
487,487,408A,iシェアーズ AI グローバル・イノベーション アクティブ,東証ETF,278.5,-6.8,-2.38,"669,700",2026/09/11
488,488,1945,(株)東京エネシス,東証PRM,"2,073",-50,-2.36,"251,700",2026/09/11
489,489,2791,大黒天物産(株),東証PRM,"4,560",-110,-2.36,"55,100",2026/09/11
490,490,4188,三菱ケミカルグループ(株),東証PRM,"1,156.5",-28,-2.36,"5,644,600",2026/09/11
491,491,6134,(株)ＦＵＪＩ,東証PRM,"6,705",-162,-2.36,"1,550,100",2026/09/11
492,492,6548,(株)旅工房,東証GRT,124,-3,-2.36,"136,000",2026/09/11
493,493,218A,(株)Ｌｉｂｅｒａｗａｒｅ,東証GRT,"1,123",-27,-2.35,"192,600",2026/09/11
494,494,5597,ブルーイノベーション(株),東証GRT,"1,370",-33,-2.35,"76,600",2026/09/11
495,495,3964,(株)オークネット,東証PRM,"1,251",-30,-2.34,"406,100",2026/09/11
496,496,5871,ＳＯＬＩＺＥ　Ｈｏｌｄｉｎｇｓ(株),東証STD,"1,380",-33,-2.34,"9,600",2026/09/11
497,497,8123,川辺(株),東証STD,"1,377",-33,-2.34,"4,300",2026/09/11
498,498,2033,NEXT NOTES 韓国KOSPI･ダブル･ブルETN,東証ETF,"77,940","-1,860",-2.33,"2,432",2026/09/11
499,499,2930,(株)北の達人コーポレーション,東証PRM,126,-3,-2.33,"322,100",2026/09/11
500,500,3648,ＡＧＳ(株),東証STD,"1,050",-25,-2.33,"10,800",2026/09/11
501,501,4012,(株)アクシス,東証STD,"1,676",-40,-2.33,"10,900",2026/09/11
502,502,4120,スガイ化学工業(株),東証STD,"2,930",-70,-2.33,200,2026/09/11
503,503,7003,(株)三井Ｅ＆Ｓ,東証PRM,"4,145",-99,-2.33,"2,143,200",2026/09/11
504,504,4490,(株)ビザスク,東証GRT,632,-15,-2.32,"19,200",2026/09/11
505,505,6145,ＮＩＴＴＯＫＵ(株),東証STD,"2,439",-58,-2.32,"103,800",2026/09/11
506,506,6378,木村化工機(株),東証STD,"1,138",-27,-2.32,"122,000",2026/09/11
507,507,9223,(株)ＡＳＮＯＶＡ,東証GRT,421,-10,-2.32,"12,800",2026/09/11
508,508,9716,(株)乃村工藝社,東証PRM,"1,220",-29,-2.32,"401,300",2026/09/11
509,509,2931,(株)ユーグレナ,東証PRM,338,-8,-2.31,"1,001,600",2026/09/11
510,510,5246,(株)ＥＬＥＭＥＮＴＳ,東証GRT,805,-19,-2.31,"368,900",2026/09/11
511,511,7157,ライフネット生命保険(株),東証PRM,"1,393",-33,-2.31,"388,700",2026/09/11
512,512,7383,(株)ネットプロテクションズホールディングス,東証PRM,381,-9,-2.31,"583,400",2026/09/11
513,513,7771,日本精密(株),東証STD,254,-6,-2.31,"95,000",2026/09/11
514,514,6981,(株)村田製作所,東証PRM,"7,352",-173,-2.3,"23,574,100",2026/09/11
515,515,9073,京極運輸商事(株),東証STD,"1,231",-29,-2.3,200,2026/09/11
516,516,1435,(株)ｒｏｂｏｔ　ｈｏｍｅ,東証STD,171,-4,-2.29,"440,000",2026/09/11
517,517,1518,三井松島ホールディングス(株),東証PRM,"2,223",-52,-2.29,"715,400",2026/09/11
518,518,277A,グロービング(株),東証PRM,"1,790",-42,-2.29,"143,600",2026/09/11
519,519,3940,(株)ノムラシステムコーポレーション,東証STD,128,-3,-2.29,"445,200",2026/09/11
520,520,4025,多木化学(株),東証PRM,"5,550",-130,-2.29,"22,400",2026/09/11
521,521,4635,東京インキ(株),東証STD,"2,045",-48,-2.29,"21,500",2026/09/11
522,522,6707,サンケン電気(株),東証PRM,"6,610",-155,-2.29,"122,200",2026/09/11
523,523,6928,(株)エノモト,東証STD,"2,905",-68,-2.29,"51,700",2026/09/11
524,524,1663,Ｋ＆Ｏエナジーグループ(株),東証PRM,"1,926",-45,-2.28,"158,000",2026/09/11
525,525,276A,ククレブ・アドバイザーズ(株),東証GRT,"4,065",-95,-2.28,"23,100",2026/09/11
526,526,4220,リケンテクノス(株),東証PRM,"2,317",-54,-2.28,"118,900",2026/09/11
527,527,4259,(株)エクサウィザーズ,東証GRT,814,-19,-2.28,"848,500",2026/09/11
528,528,4437,ｇｏｏｄｄａｙｓホールディングス(株),東証GRT,727,-17,-2.28,"1,400",2026/09/11
529,529,505A,(株)ギークリー,東証STD,"1,328",-31,-2.28,"41,600",2026/09/11
530,530,3954,昭和パックス(株),東証STD,"2,932",-68,-2.27,200,2026/09/11
531,531,6258,平田機工(株),東証PRM,"3,450",-80,-2.27,"282,400",2026/09/11
532,532,7134,(株)アップガレージグループ,東証STD,"1,377",-32,-2.27,"14,400",2026/09/11
533,533,6526,(株)ソシオネクスト,東証PRM,"1,834.5",-42.5,-2.26,"6,024,800",2026/09/11
534,534,255A,ジーエルテクノホールディングス(株),東証STD,"4,985",-115,-2.25,"48,800",2026/09/11
535,535,3409,(株)北紡,東証STD,87,-2,-2.25,"129,100",2026/09/11
536,536,4576,(株)デ・ウエスタン・セラピテクス研究所,東証GRT,87,-2,-2.25,"90,200",2026/09/11
537,537,5578,ＡＲアドバンストテクノロジ(株),東証GRT,870,-20,-2.25,"12,400",2026/09/11
538,538,5703,日本軽金属ホールディングス(株),東証PRM,"2,909",-67,-2.25,"324,100",2026/09/11
539,539,6864,(株)エヌエフホールディングス,東証STD,"1,564",-36,-2.25,"29,500",2026/09/11
540,540,6492,岡野バルブ製造(株),東証STD,"13,560",-310,-2.24,"5,900",2026/09/11
541,541,6507,シンフォニアテクノロジー(株),東証PRM,"11,330",-260,-2.24,"170,900",2026/09/11
542,542,7565,萬世電機(株),東証STD,"8,310",-190,-2.24,300,2026/09/11
543,543,8267,イオン(株),東証PRM,"1,332.5",-30.5,-2.24,"14,151,400",2026/09/11
544,544,2146,ＵＴグループ(株),東証PRM,219,-5,-2.23,"4,453,000",2026/09/11
545,545,3652,(株)ディジタルメディアプロフェッショナル,東証GRT,"2,499",-57,-2.23,"35,300",2026/09/11
546,546,6140,旭ダイヤモンド工業(株),東証PRM,"1,097",-25,-2.23,"464,800",2026/09/11
547,547,1436,(株)グリーンエナジー＆カンパニー,東証GRT,"1,678",-38,-2.21,"100,200",2026/09/11
548,548,4493,(株)サイバーセキュリティクラウド,東証GRT,"1,724",-39,-2.21,"95,200",2026/09/11
549,549,6098,(株)リクルートホールディングス,東証PRM,"15,500",-350,-2.21,"4,847,300",2026/09/11
550,550,3993,(株)ＰＫＳＨＡ　Ｔｅｃｈｎｏｌｏｇｙ,東証PRM,"3,110",-70,-2.2,"210,700",2026/09/11
551,551,6662,(株)ユビテック,東証STD,222,-5,-2.2,"5,700",2026/09/11
552,552,6814,古野電気(株),東証PRM,"7,100",-160,-2.2,"235,200",2026/09/11
553,553,7776,(株)セルシード,東証GRT,222,-5,-2.2,"114,200",2026/09/11
554,554,3446,(株)ジェイテックコーポレーション,東証STD,"1,607",-36,-2.19,"13,800",2026/09/11
555,555,4360,(株)マナック・ケミカル・パートナーズ,東証STD,938,-21,-2.19,"6,900",2026/09/11
556,556,4973,日本高純度化学(株),東証PRM,"4,680",-105,-2.19,"64,800",2026/09/11
557,557,367A,プリモグローバルホールディングス(株),東証STD,"2,778",-62,-2.18,"24,000",2026/09/11
558,558,3465,ケイアイスター不動産(株),東証PRM,"3,150",-70,-2.17,"166,700",2026/09/11
559,559,9250,(株)ＧＲＣＳ,東証GRT,990,-22,-2.17,"1,300",2026/09/11
560,560,2980,ＳＲＥホールディングス(株),東証PRM,"2,219",-49,-2.16,"311,300",2026/09/11
561,561,2120,(株)ＬＩＦＵＬＬ,東証PRM,228,-5,-2.15,"595,600",2026/09/11
562,562,238A,iシェアーズ 米国債25年超 ロングデュレーション(H有),東証ETF,118.1,-2.6,-2.15,"843,530",2026/09/11
563,563,3323,レカム(株),東証STD,91,-2,-2.15,"182,400",2026/09/11
564,564,3849,日本テクノ・ラボ(株),札幌ア,593,-13,-2.15,"1,200",2026/09/11
565,565,4175,(株)ｃｏｌｙ,東証GRT,"2,820",-62,-2.15,"4,300",2026/09/11
566,566,4183,三井化学(株),東証PRM,"2,097",-46,-2.15,"2,088,600",2026/09/11
567,567,4966,上村工業(株),東証STD,"18,770",-410,-2.14,"52,000",2026/09/11
568,568,5258,(株)トランザクション・メディア・ネットワークス,東証GRT,411,-9,-2.14,"58,200",2026/09/11
569,569,6226,守谷輸送機工業(株),東証STD,"2,153",-47,-2.14,"166,300",2026/09/11
570,570,6425,(株)ユニバーサルエンターテインメント,東証STD,733,-16,-2.14,"139,900",2026/09/11
571,571,6752,パナソニック　ホールディングス(株),東証PRM,"4,200",-92,-2.14,"8,125,800",2026/09/11
572,572,7074,(株)トゥエンティーフォーセブンホールディングス,東証GRT,183,-4,-2.14,"8,700",2026/09/11
573,573,9854,愛眼(株),東証STD,275,-6,-2.14,"62,100",2026/09/11
574,574,2046,NEXT NOTES インドNifty･ダブル・ブル ETN,東証ETF,"22,500",-490,-2.13,897,2026/09/11
575,575,3967,(株)エルテス,東証GRT,551,-12,-2.13,"18,500",2026/09/11
576,576,4027,テイカ(株),東証PRM,"2,341",-51,-2.13,"52,700",2026/09/11
577,577,5592,(株)くすりの窓口,東証GRT,"2,579",-56,-2.13,"60,500",2026/09/11
578,578,6182,(株)メタリアル,東証GRT,505,-11,-2.13,"21,100",2026/09/11
579,579,2185,(株)シイエム・シイ,東証STD,"1,942",-42,-2.12,"1,800",2026/09/11
580,580,2678,アスクル(株),東証PRM,"1,200",-26,-2.12,"563,700",2026/09/11
581,581,6217,津田駒工業(株),東証STD,738,-16,-2.12,"34,300",2026/09/11
582,582,6366,千代田化工建設(株),東証STD,693,-15,-2.12,"2,020,500",2026/09/11
583,583,4058,トヨクモ(株),東証GRT,"2,229",-48,-2.11,"20,100",2026/09/11
584,584,5020,ＥＮＥＯＳホールディングス(株),東証PRM,"1,441",-31,-2.11,"13,710,800",2026/09/11
585,585,5271,(株)トーヨーアサノ,東証STD,"2,181",-47,-2.11,600,2026/09/11
586,586,5563,新日本電工(株),東証PRM,417,-9,-2.11,"596,300",2026/09/11
587,587,6368,オルガノ(株),東証PRM,"12,050",-260,-2.11,"265,100",2026/09/11
588,588,7851,カワセコンピュータサプライ(株),福証,186,-4,-2.11,800,2026/09/11
589,589,6518,三相電機(株),東証STD,"1,632",-35,-2.1,"15,100",2026/09/11
590,590,7916,光村印刷(株),東証STD,"1,865",-40,-2.1,100,2026/09/11
591,591,9647,(株)協和コンサルタンツ,東証STD,"6,530",-140,-2.1,"1,500",2026/09/11
592,592,5208,(株)有沢製作所,東証PRM,"2,535",-54,-2.09,"145,600",2026/09/11
593,593,526A,JPXスタートアップ急成長100ETF,東証ETF,"2,200",-47,-2.09,625,2026/09/11
594,594,5702,(株)大紀アルミニウム工業所,東証PRM,"1,731",-37,-2.09,"324,700",2026/09/11
595,595,7089,フォースタートアップス(株),東証GRT,"1,356",-29,-2.09,"27,500",2026/09/11
596,596,7649,スギホールディングス(株),東証PRM,"1,264",-27,-2.09,"3,268,600",2026/09/11
597,597,3260,(株)エスポア,名証NXT,470,-10,-2.08,"2,300",2026/09/11
598,598,3741,(株)セック,東証PRM,"3,065",-65,-2.08,"67,000",2026/09/11
599,599,4673,川崎地質(株),東証STD,"4,710",-100,-2.08,"3,400",2026/09/11
600,600,5618,ナイル(株),東証GRT,282,-6,-2.08,"1,800",2026/09/11
601,601,5621,(株)ヒューマンテクノロジーズ,東証GRT,"1,504",-32,-2.08,"29,200",2026/09/11
602,602,5632,三菱製鋼(株),東証PRM,"2,309",-49,-2.08,"175,900",2026/09/11
603,603,6523,ＰＨＣホールディングス(株),東証PRM,"1,224",-26,-2.08,"772,000",2026/09/11
604,604,2998,クリアル(株),東証GRT,521,-11,-2.07,"114,500",2026/09/11
605,605,6383,(株)ダイフク,東証PRM,"5,429",-115,-2.07,"1,737,200",2026/09/11
606,606,2408,(株)ＫＧ情報,東証STD,808,-17,-2.06,"2,300",2026/09/11
607,607,4990,昭和化学工業(株),東証STD,524,-11,-2.06,"4,900",2026/09/11
608,608,6247,(株)日阪製作所,東証PRM,"1,661",-35,-2.06,"109,100",2026/09/11
609,609,626A,iFreeETF ゴールドプラスインカム,東証ETF,"1,906",-40,-2.06,"7,231",2026/09/11
610,610,6976,太陽誘電(株),東証PRM,"9,209",-194,-2.06,"31,494,700",2026/09/11
611,611,8914,エリアリンク(株),東証STD,857,-18,-2.06,"81,300",2026/09/11
612,612,1330,上場インデックスファンド225,東証ETF,"66,340","-1,390",-2.05,"51,272",2026/09/11
613,613,211A,(株)カドス・コーポレーション,東証STD,"3,350",-70,-2.05,"17,000",2026/09/11
614,614,4109,ステラ　ケミファ(株),東証PRM,"5,260",-110,-2.05,"54,100",2026/09/11
615,615,5570,(株)ジェノバ,東証GRT,622,-13,-2.05,"16,400",2026/09/11
616,616,1893,五洋建設(株),東証PRM,"1,438",-30,-2.04,"1,930,800",2026/09/11
617,617,6877,ＯＢＡＲＡ　ＧＲＯＵＰ(株),東証STD,"5,290",-110,-2.04,"28,500",2026/09/11
618,618,9010,富士急行(株),東証PRM,"2,594",-54,-2.04,"135,200",2026/09/11
619,619,5612,日本鋳鉄管(株),東証STD,"1,548",-32,-2.03,"9,800",2026/09/11
620,620,5858,(株)ＳＴＧ,東証GRT,"1,161",-24,-2.03,"17,300",2026/09/11
621,621,6496,(株)中北製作所,東証STD,"5,320",-110,-2.03,"2,900",2026/09/11
622,622,7085,(株)カーブスホールディングス,東証PRM,867,-18,-2.03,"335,600",2026/09/11
623,623,4642,オリジナル設計(株),東証STD,"1,408",-29,-2.02,"1,300",2026/09/11
624,624,142A,(株)ジンジブ,東証GRT,829,-17,-2.01,"2,900",2026/09/11
625,625,4718,(株)早稲田アカデミー,東証PRM,"2,454",-50,-2.0,"90,100",2026/09/11
626,626,6659,(株)メディアリンクス,東証STD,49,-1,-2.0,"3,316,000",2026/09/11
627,627,9502,中部電力(株),東証PRM,"2,992",-61,-2.0,"4,099,100",2026/09/11
628,628,4579,ラクオリア創薬(株),東証GRT,542,-11,-1.99,"122,400",2026/09/11
629,629,7320,Ｓｏｌｖｖｙ(株),東証GRT,"1,380",-28,-1.99,"22,100",2026/09/11
630,630,4488,ＡＩ　ｉｎｓｉｄｅ(株),東証GRT,"2,076",-42,-1.98,"6,600",2026/09/11
631,631,4719,(株)アルファシステムズ,東証PRM,"3,220",-65,-1.98,"21,400",2026/09/11
632,632,6049,(株)イトクロ,東証GRT,247,-5,-1.98,"120,100",2026/09/11
633,633,6547,(株)グリーンズ,東証STD,"2,082",-42,-1.98,"42,000",2026/09/11
634,634,6622,(株)ダイヘン,東証PRM,"11,900",-240,-1.98,"155,800",2026/09/11
635,635,257A,SMT ETF日本株厳選投資アクティブ,東証ETF,"3,281",-66,-1.97,411,2026/09/11
636,636,3996,サインポスト(株),東証STD,199,-4,-1.97,"9,700",2026/09/11
637,637,2489,(株)アドウェイズ,東証STD,400,-8,-1.96,"207,400",2026/09/11
638,638,2492,(株)インフォマート,東証PRM,700,-14,-1.96,"2,906,000",2026/09/11
639,639,346A,(NEXT FUNDS) S&P500 半導体・半導体製造装置35%,東証ETF,"4,804",-96,-1.96,"4,824",2026/09/11
640,640,7102,日本車輌製造(株),東証PRM,"3,510",-70,-1.96,"30,700",2026/09/11
641,641,2332,(株)クエスト,東証STD,"1,659",-33,-1.95,"12,500",2026/09/11
642,642,299A,クラシル(株),東証GRT,"1,208",-24,-1.95,"195,400",2026/09/11
643,643,3097,(株)物語コーポレーション,東証PRM,"5,520",-110,-1.95,"190,500",2026/09/11
644,644,3837,アドソル日進(株),東証PRM,"1,305",-26,-1.95,"202,500",2026/09/11
645,645,4971,メック(株),東証PRM,"6,020",-120,-1.95,"302,400",2026/09/11
646,646,5805,ＳＷＣＣ(株),東証PRM,"13,600",-270,-1.95,"279,400",2026/09/11
647,647,6918,(株)アバールデータ,東証STD,"3,525",-70,-1.95,"50,100",2026/09/11
648,648,4028,石原産業(株),東証PRM,"2,880",-57,-1.94,"195,600",2026/09/11
649,649,9331,(株)キャスター,東証GRT,707,-14,-1.94,200,2026/09/11
650,650,2437,Ｓｈｉｎｗａ　Ｗｉｓｅ　Ｈｏｌｄｉｎｇｓ(株),東証STD,609,-12,-1.93,"29,400",2026/09/11
651,651,3723,日本ファルコム(株),東証GRT,"2,589",-51,-1.93,"17,500",2026/09/11
652,652,4760,(株)アルファ,東証STD,"1,471",-29,-1.93,"2,800",2026/09/11
653,653,7014,(株)名村造船所,東証STD,"4,580",-90,-1.93,"2,414,400",2026/09/11
654,654,4378,(株)ＣＩＮＣ,東証GRT,512,-10,-1.92,"45,700",2026/09/11
655,655,4881,(株)ファンペップ,東証GRT,51,-1,-1.92,"208,300",2026/09/11
656,656,7741,ＨＯＹＡ(株),東証PRM,"22,690",-445,-1.92,"1,203,300",2026/09/11
657,657,2208,(株)ブルボン,東証STD,"3,085",-60,-1.91,"8,900",2026/09/11
658,658,4592,サンバイオ(株),東証GRT,922,-18,-1.91,"554,900",2026/09/11
659,659,1407,(株)ウエストホールディングス,東証STD,"2,220",-43,-1.9,"573,600",2026/09/11
660,660,1944,(株)きんでん,東証PRM,"6,756",-131,-1.9,"517,500",2026/09/11
661,661,2533,オエノンホールディングス(株),東証PRM,465,-9,-1.9,"122,700",2026/09/11
662,662,2628,iFree 中国科創板50,東証ETF,"3,610",-70,-1.9,"7,260",2026/09/11
663,663,3690,(株)イルグルム,東証STD,569,-11,-1.9,"13,800",2026/09/11
664,664,4240,クラスターテクノロジー(株),東証STD,309,-6,-1.9,"8,000",2026/09/11
665,665,6731,(株)ピクセラ,東証STD,103,-2,-1.9,"18,500",2026/09/11
666,666,7412,(株)アトム,東証STD,362,-7,-1.9,"506,400",2026/09/11
667,667,1495,上場インデックスファンドアジアリート,東証ETF,"10,880",-210,-1.89,831,2026/09/11
668,668,3189,(株)ＡＮＡＰホールディングス,東証STD,104,-2,-1.89,"91,700",2026/09/11
669,669,6340,澁谷工業(株),東証PRM,"5,180",-100,-1.89,"61,200",2026/09/11
670,670,7902,(株)ソノコム,東証STD,"1,091",-21,-1.89,"2,000",2026/09/11
671,671,3496,(株)アズーム,東証PRM,"4,705",-90,-1.88,"41,700",2026/09/11
672,672,3845,(株)アイフリークモバイル,東証STD,313,-6,-1.88,"226,000",2026/09/11
673,673,476A,辻・本郷ＩＴコンサルティング(株),東証STD,"1,620",-31,-1.88,"2,200",2026/09/11
674,674,5256,(株)Ｆｕｓｉｃ,東証GRT,"2,656",-51,-1.88,"2,000",2026/09/11
675,675,4662,(株)フォーカスシステムズ,東証PRM,"1,578",-30,-1.87,"45,200",2026/09/11
676,676,314A,iシェアーズ ゴールド ETF,東証ETF,317,-6,-1.86,"2,657,900",2026/09/11
677,677,3560,(株)ほぼ日,東証STD,"4,225",-80,-1.86,"1,900",2026/09/11
678,678,6044,(株)三機サービス,東証STD,"1,847",-35,-1.86,"9,300",2026/09/11
679,679,6866,ＨＩＯＫＩ(株),東証PRM,"10,010",-190,-1.86,"29,500",2026/09/11
680,680,6882,(株)三社電機製作所,東証STD,"1,110",-21,-1.86,"42,500",2026/09/11
681,681,7352,(株)ＴＷＯＳＴＯＮＥ＆Ｓｏｎｓ,東証GRT,317,-6,-1.86,"51,800",2026/09/11
682,682,9720,(株)ホテル、ニューグランド,東証STD,"6,330",-120,-1.86,200,2026/09/11
683,683,1321,(NEXT FUNDS)日経225連動型上場投信,東証ETF,"66,250","-1,250",-1.85,"392,048",2026/09/11
684,684,1914,日本基礎技術(株),東証STD,797,-15,-1.85,"25,600",2026/09/11
685,685,4371,(株)コアコンセプト・テクノロジー,東証GRT,"1,432",-27,-1.85,"5,500",2026/09/11
686,686,4412,(株)サイエンスアーツ,東証GRT,"1,326",-25,-1.85,"10,200",2026/09/11
687,687,4880,セルソース(株),東証STD,318,-6,-1.85,"119,700",2026/09/11
688,688,5034,(株)ｕｎｅｒｒｙ,東証GRT,"2,224",-42,-1.85,"16,200",2026/09/11
689,689,6328,荏原実業(株),東証PRM,"2,276",-43,-1.85,"78,200",2026/09/11
690,690,6626,ＳＥＭＩＴＥＣ(株),東証STD,"2,284",-43,-1.85,"25,900",2026/09/11
691,691,8789,フィンテック　グローバル(株),東証STD,159,-3,-1.85,"1,104,300",2026/09/11
692,692,9170,成友興業(株),名証MN,"1,436",-27,-1.85,200,2026/09/11
693,693,9273,コーア商事ホールディングス(株),東証PRM,742,-14,-1.85,"71,600",2026/09/11
694,694,224A,GX ウラニウムビジネス,東証ETF,"1,599",-30,-1.84,"11,841",2026/09/11
695,695,5957,日東精工(株),東証PRM,746,-14,-1.84,"100,900",2026/09/11
696,696,6047,(株)Ｇｕｎｏｓｙ,東証STD,374,-7,-1.84,"100,900",2026/09/11
697,697,1485,MAXIS JAPAN 設備･人材積極投資企業200上場投信,東証ETF,"53,550","-1,000",-1.83,1,2026/09/11
698,698,473A,ニッセイ ETF 日経225インデックス,東証ETF,"1,284",-24,-1.83,"20,159",2026/09/11
699,699,6599,エブレン(株),東証STD,"3,765",-70,-1.83,"4,300",2026/09/11
700,700,6779,日本電波工業(株),東証PRM,"2,844",-53,-1.83,"1,891,400",2026/09/11
701,701,9876,(株)コックス,東証STD,214,-4,-1.83,"50,700",2026/09/11
702,702,3994,(株)マネーフォワード,東証PRM,"5,941",-110,-1.82,"376,300",2026/09/11
703,703,7435,(株)ナ・デックス,東証STD,"1,239",-23,-1.82,"14,200",2026/09/11
704,704,4584,キッズウェル・バイオ(株),東証GRT,163,-3,-1.81,"231,700",2026/09/11
705,705,6699,ダイヤモンドエレクトリックホールディングス(株),東証STD,489,-9,-1.81,"101,900",2026/09/11
706,706,6745,ホーチキ(株),東証PRM,"1,843",-34,-1.81,"196,700",2026/09/11
707,707,7031,(株)インバウンドテック,東証GRT,707,-13,-1.81,"5,700",2026/09/11
708,708,1812,鹿島,東証PRM,"4,897",-90,-1.8,"2,760,500",2026/09/11
709,709,5254,(株)Ａｒｅｎｔ,東証GRT,"4,100",-75,-1.8,"16,000",2026/09/11
710,710,5699,(株)イボキン,東証STD,"1,580",-29,-1.8,"4,900",2026/09/11
711,711,1346,MAXIS 日経225上場投信,東証ETF,"66,260","-1,210",-1.79,"39,870",2026/09/11
712,712,183A,MAXIS 米国国債20年超上場投信(H有),東証ETF,421.3,-7.7,-1.79,720,2026/09/11
713,713,3489,(株)フェイスネットワーク,東証STD,769,-14,-1.79,"70,400",2026/09/11
714,714,3598,山喜(株),東証STD,165,-3,-1.79,"8,800",2026/09/11
715,715,4124,大阪油化工業(株),東証STD,"2,956",-54,-1.79,"1,400",2026/09/11
716,716,6965,浜松ホトニクス(株),東証PRM,"2,193",-40,-1.79,"1,915,700",2026/09/11
717,717,9412,スカパーＪＳＡＴ(株),東証PRM,"1,916",-35,-1.79,"1,442,500",2026/09/11
718,718,1320,iFreeETF 日経225(年1回決算型),東証ETF,"66,100","-1,200",-1.78,"35,889",2026/09/11
719,719,1625,(NEXT FUNDS)電機･精密上場投信,東証ETF,"61,130","-1,110",-1.78,350,2026/09/11
720,720,2588,(株)プレミアムウォーターホールディングス,東証STD,"3,585",-65,-1.78,"7,400",2026/09/11
721,721,2999,ホームポジション(株),東証STD,498,-9,-1.78,"27,900",2026/09/11
722,722,4112,保土谷化学工業(株),東証PRM,"2,043",-37,-1.78,"54,000",2026/09/11
723,723,6464,(株)ツバキ・ナカシマ,東証PRM,332,-6,-1.78,"338,900",2026/09/11
724,724,6958,日本ＣＭＫ(株),東証PRM,719,-13,-1.78,"588,500",2026/09/11
725,725,145A,(株)Ｌ　ｉｓ　Ｂ,東証GRT,890,-16,-1.77,"2,600",2026/09/11
726,726,219A,Ｈｅａｒｔｓｅｅｄ(株),東証GRT,"2,271",-41,-1.77,"284,200",2026/09/11
727,727,4019,(株)スタメン,東証GRT,611,-11,-1.77,"38,700",2026/09/11
728,728,4373,シンプレクス・ホールディングス(株),東証PRM,"1,107",-20,-1.77,"1,311,100",2026/09/11
729,729,7780,(株)メニコン,東証PRM,"1,668",-30,-1.77,"268,000",2026/09/11
730,730,9417,(株)スマートバリュー,東証STD,333,-6,-1.77,"1,700",2026/09/11
731,731,2181,パーソルホールディングス(株),東証PRM,284.1,-5.1,-1.76,"10,303,400",2026/09/11
732,732,3769,ＧＭＯペイメントゲートウェイ(株),東証PRM,"8,293",-149,-1.76,"286,500",2026/09/11
733,733,4434,(株)サーバーワークス,東証STD,"2,407",-43,-1.76,"27,300",2026/09/11
734,734,5994,(株)ファインシンター,東証STD,"1,005",-18,-1.76,"5,100",2026/09/11
735,735,7292,(株)村上開明堂,東証STD,"6,700",-120,-1.76,"3,100",2026/09/11
736,736,7901,(株)マツモト,東証STD,839,-15,-1.76,"1,300",2026/09/11
737,737,9511,沖縄電力(株),東証PRM,"1,172",-21,-1.76,"443,800",2026/09/11
738,738,1976,明星工業(株),東証PRM,"1,686",-30,-1.75,"83,900",2026/09/11
739,739,4166,かっこ(株),東証GRT,619,-11,-1.75,"10,800",2026/09/11
740,740,4410,ハリマ化成グループ(株),東証PRM,"1,064",-19,-1.75,"48,400",2026/09/11
741,741,7196,(株)Ｃａｓａ,東証STD,729,-13,-1.75,"25,000",2026/09/11
742,742,9229,(株)サンウェルズ,東証PRM,112,-2,-1.75,"226,500",2026/09/11
743,743,9610,ウィルソン・ラーニング　ワールドワイド(株),東証STD,112,-2,-1.75,"219,200",2026/09/11
744,744,2516,東証グロース250ETF,東証ETF,610,-10.8,-1.74,"300,640",2026/09/11
745,745,325A,(株)ＴＥＮＴＩＡＬ,東証GRT,"1,746",-31,-1.74,"139,000",2026/09/11
746,746,269A,(株)Ｓａｐｅｅｔ,東証GRT,"2,837",-50,-1.73,"6,500",2026/09/11
747,747,4177,(株)ｉ－ｐｌｕｇ,東証GRT,"1,476",-26,-1.73,"4,700",2026/09/11
748,748,4552,ＪＣＲファーマ(株),東証PRM,512,-9,-1.73,"638,000",2026/09/11
749,749,5139,オープンワーク(株),東証GRT,909,-16,-1.73,"12,600",2026/09/11
750,750,5304,ＳＥＣカーボン(株),東証STD,"2,493",-44,-1.73,"46,300",2026/09/11
751,751,6513,(株)オリジン,東証STD,"1,250",-22,-1.73,"18,000",2026/09/11
752,752,8996,(株)ハウスフリーダム,東証STD,"1,079",-19,-1.73,"1,200",2026/09/11
753,753,9635,武蔵野興業(株),東証STD,"2,551",-45,-1.73,100,2026/09/11
754,754,2553,One ETF 南方 中国A株 CSI500,東証ETF,"2,344.5",-41,-1.72,"5,450",2026/09/11
755,755,294A,(NEXT FUNDS) MSCIジャパン気候変動指数(セレクト),東証ETF,"2,859",-50,-1.72,56,2026/09/11
756,756,3415,(株)ＴＯＫＹＯ　ＢＡＳＥ,東証PRM,343,-6,-1.72,"231,300",2026/09/11
757,757,3798,ＵＬＳグループ(株),東証STD,514,-9,-1.72,"169,700",2026/09/11
758,758,4582,シンバイオ製薬(株),東証GRT,57,-1,-1.72,"1,421,400",2026/09/11
759,759,5268,旭コンクリート工業(株),東証STD,857,-15,-1.72,"5,200",2026/09/11
760,760,7912,大日本印刷(株),東証PRM,"3,029",-53,-1.72,"1,675,100",2026/09/11
761,761,2089,NZAM 上場投信 DAX(H有),東証ETF,"2,809",-49,-1.71,222,2026/09/11
762,762,2097,GX レジデンシャル・J-REIT,東証ETF,920,-16,-1.71,"8,717",2026/09/11
763,763,2869,iFreeETF NASDAQ100レバレッジ,東証ETF,"2,873",-50,-1.71,"318,044",2026/09/11
764,764,5133,(株)テリロジーホールディングス,東証STD,288,-5,-1.71,"36,900",2026/09/11
765,765,5243,ｎｏｔｅ(株),東証GRT,"2,812",-49,-1.71,"118,800",2026/09/11
766,766,7018,内海造船(株),東証STD,"12,680",-220,-1.71,"29,900",2026/09/11
767,767,7041,ＣＲＧホールディングス(株),東証GRT,345,-6,-1.71,"4,400",2026/09/11
768,768,7376,ＢＣＣ(株),東証GRT,746,-13,-1.71,"54,100",2026/09/11
769,769,9888,(株)ＵＥＸ,東証STD,"1,209",-21,-1.71,"41,000",2026/09/11
770,770,1329,iシェアーズ・コア 日経225ETF,東証ETF,"6,636",-115,-1.7,"705,878",2026/09/11
771,771,1397,SMDAM 日経225上場投信,東証ETF,"64,760","-1,120",-1.7,"20,281",2026/09/11
772,772,4417,グローバルセキュリティエキスパート(株),東証GRT,"4,340",-75,-1.7,"24,000",2026/09/11
773,773,4531,有機合成薬品工業(株),東証STD,347,-6,-1.7,"46,600",2026/09/11
774,774,6018,阪神内燃機工業(株),東証STD,"5,790",-100,-1.7,100,2026/09/11
775,775,6165,パンチ工業(株),東証STD,521,-9,-1.7,"60,100",2026/09/11
776,776,9307,(株)杉村倉庫,東証STD,925,-16,-1.7,"6,700",2026/09/11
777,777,1434,ＪＥＳＣＯホールディングス(株),東証STD,"1,566",-27,-1.69,"34,900",2026/09/11
778,778,2525,NZAM 上場投信 日経225,東証ETF,"64,400","-1,110",-1.69,"40,206",2026/09/11
779,779,2780,(株)コメ兵ホールディングス,東証STD,"4,365",-75,-1.69,"144,000",2026/09/11
780,780,2979,SOSiLA物流リート投資法人,東証,"98,800","-1,700",-1.69,"4,793",2026/09/11
781,781,3569,セーレン(株),東証PRM,"3,195",-55,-1.69,"237,800",2026/09/11
782,782,3656,ＫＬａｂ(株),東証PRM,175,-3,-1.69,"1,987,000",2026/09/11
783,783,3998,(株)すららネット,東証GRT,290,-5,-1.69,"2,000",2026/09/11
784,784,4475,ＨＥＮＮＧＥ(株),東証GRT,"1,632",-28,-1.69,"388,800",2026/09/11
785,785,6497,(株)ハマイ,東証STD,"1,455",-25,-1.69,"7,600",2026/09/11
786,786,6554,(株)エスユーエス,東証GRT,"1,106",-19,-1.69,"8,100",2026/09/11
787,787,7022,サノヤスホールディングス(株),東証STD,348,-6,-1.69,"60,000",2026/09/11
788,788,3111,オーミケンシ(株),東証STD,176,-3,-1.68,"2,100",2026/09/11
789,789,3300,(株)アンビション　ＤＸ　ホールディングス,東証GRT,"1,818",-31,-1.68,"68,000",2026/09/11
790,790,3421,(株)稲葉製作所,東証STD,"1,693",-29,-1.68,"19,900",2026/09/11
791,791,3923,(株)ラクス,東証PRM,"1,021.5",-17.5,-1.68,"1,858,500",2026/09/11
792,792,4057,(株)インターファクトリー,東証GRT,351,-6,-1.68,"4,300",2026/09/11
793,793,4937,(株)Ｗａｑｏｏ,東証GRT,"2,397",-41,-1.68,"2,100",2026/09/11
794,794,6113,(株)アマダ,東証PRM,"2,338.5",-40,-1.68,"3,099,900",2026/09/11
795,795,6594,ニデック(株),東証PRM,"2,691",-46,-1.68,"3,948,500",2026/09/11
796,796,7272,ヤマハ発動機(株),東証PRM,"1,731.5",-29.5,-1.68,"7,238,200",2026/09/11
797,797,1626,(NEXT FUNDS)情報通信･サービス上場投信,東証ETF,"48,370",-820,-1.67,876,2026/09/11
798,798,2982,(株)ＡＤワークスグループ,東証PRM,413,-7,-1.67,"270,600",2026/09/11
799,799,3878,(株)巴川コーポレーション,東証STD,824,-14,-1.67,"47,100",2026/09/11
800,800,5026,(株)トリプルアイズ,東証GRT,588,-10,-1.67,"28,700",2026/09/11
801,801,5659,日本精線(株),東証PRM,"1,356",-23,-1.67,"42,500",2026/09/11
802,802,9346,(株)ココルポート,東証GRT,"1,820",-31,-1.67,"9,700",2026/09/11
803,803,2638,GX ロボティクス＆AI-日本株式,東証ETF,"2,555",-43,-1.66,"67,019",2026/09/11
804,804,290A,(株)Ｓｙｎｓｐｅｃｔｉｖｅ,東証GRT,"1,419",-24,-1.66,"766,100",2026/09/11
805,805,2975,スター・マイカ・ホールディングス(株),東証PRM,"1,360",-23,-1.66,"452,500",2026/09/11
806,806,3928,(株)マイネット,東証STD,237,-4,-1.66,"14,600",2026/09/11
807,807,4463,日華化学(株),東証STD,"1,901",-32,-1.66,"17,100",2026/09/11
808,808,6034,ＭＲＴ(株),東証GRT,594,-10,-1.66,"19,600",2026/09/11
809,809,6218,エンシュウ(株),東証STD,652,-11,-1.66,"1,600",2026/09/11
810,810,632A,GX 日経225,東証ETF,"63,970","-1,080",-1.66,"1,445",2026/09/11
811,811,8158,ソーダニッカ(株),東証PRM,"1,300",-22,-1.66,"77,200",2026/09/11
812,812,3261,(株)グランディーズ,東証GRT,416,-7,-1.65,"6,500",2026/09/11
813,813,3892,(株)岡山製紙,東証STD,"1,548",-26,-1.65,"1,500",2026/09/11
814,814,3935,(株)エディア,東証STD,714,-12,-1.65,"27,100",2026/09/11
815,815,4169,ＥＮＥＣＨＡＮＧＥ(株),東証GRT,239,-4,-1.65,"526,700",2026/09/11
816,816,6144,西部電機(株),東証STD,"2,807",-47,-1.65,"3,300",2026/09/11
817,817,9024,(株)西武ホールディングス,東証PRM,"3,507",-59,-1.65,"1,081,700",2026/09/11
818,818,5602,(株)栗本鐵工所,東証PRM,"1,617",-27,-1.64,"222,800",2026/09/11
819,819,7072,(株)インティメート・マージャー,東証GRT,"1,079",-18,-1.64,"3,500",2026/09/11
820,820,1369,One ETF 日経225,東証ETF,"64,500","-1,070",-1.63,"9,049",2026/09/11
821,821,1578,上場インデックスファンド日経225(ミニ),東証ETF,"5,120",-85,-1.63,"68,736",2026/09/11
822,822,1591,(NEXT FUNDS) JPX日経インデックス400,東証ETF,"36,120",-600,-1.63,"18,078",2026/09/11
823,823,4997,日本農薬(株),東証PRM,"1,149",-19,-1.63,"406,100",2026/09/11
824,824,8088,岩谷産業(株),東証PRM,"2,118.5",-35,-1.63,"712,900",2026/09/11
825,825,9249,日本エコシステム(株),東証STD,"1,632",-27,-1.63,"9,000",2026/09/11
826,826,2158,(株)ＦＲＯＮＴＥＯ,東証GRT,609,-10,-1.62,"146,900",2026/09/11
827,827,2637,GX クリーンテック-日本株式,東証ETF,"2,544",-42,-1.62,"1,040",2026/09/11
828,828,2652,(株)まんだらけ,東証STD,424,-7,-1.62,"148,000",2026/09/11
829,829,3608,(株)ＴＳＩホールディングス,東証PRM,"1,211",-20,-1.62,"224,100",2026/09/11
830,830,4072,(株)電算システムホールディングス,東証PRM,"3,045",-50,-1.62,"38,700",2026/09/11
831,831,4628,エスケー化研(株),東証STD,"9,730",-160,-1.62,"9,900",2026/09/11
832,832,4629,大伸化学(株),東証STD,"2,490",-41,-1.62,"6,700",2026/09/11
833,833,6071,(株)ＩＢＪ,東証PRM,850,-14,-1.62,"248,500",2026/09/11
834,834,6744,能美防災(株),東証PRM,"3,955",-65,-1.62,"90,700",2026/09/11
835,835,3840,(株)ヴィクトン,東証STD,61,-1,-1.61,"82,700",2026/09/11
836,836,5802,住友電気工業(株),東証PRM,"2,077.5",-34,-1.61,"14,578,800",2026/09/11
837,837,220A,(株)Ｆａｂｅｒ　Ｃｏｍｐａｎｙ,東証STD,921,-15,-1.6,"4,200",2026/09/11
838,838,2884,(株)ヨシムラ・フード・ホールディングス,東証PRM,614,-10,-1.6,"181,500",2026/09/11
839,839,2926,(株)篠崎屋,東証STD,123,-2,-1.6,"87,900",2026/09/11
840,840,6005,三浦工業(株),東証PRM,"3,005",-49,-1.6,"377,400",2026/09/11
841,841,6223,(株)西部技研,東証STD,"1,911",-31,-1.6,"26,300",2026/09/11
842,842,8917,ファースト住建(株),東証STD,"1,048",-17,-1.6,"117,500",2026/09/11
843,843,9619,(株)イチネンホールディングス,東証PRM,"2,637",-43,-1.6,"43,100",2026/09/11
844,844,9791,(株)ビケンテクノ,東証STD,"1,168",-19,-1.6,"1,700",2026/09/11
845,845,1994,高橋カーテンウォール工業(株),東証STD,620,-10,-1.59,"6,800",2026/09/11
846,846,5356,美濃窯業(株),東証STD,"1,237",-20,-1.59,"9,900",2026/09/11
847,847,556A,犬猫生活(株),東証GRT,"2,230",-36,-1.59,"18,400",2026/09/11
848,848,5844,(株)京都フィナンシャルグループ,東証PRM,"4,815",-78,-1.59,"1,358,500",2026/09/11
849,849,6504,富士電機(株),東証PRM,"12,650",-205,-1.59,"649,700",2026/09/11
850,850,7894,丸東産業(株),福証,"2,101",-34,-1.59,100,2026/09/11
851,851,9509,北海道電力(株),東証PRM,"1,114.5",-18,-1.59,"2,044,500",2026/09/11
852,852,4936,(株)アクシージア,東証STD,311,-5,-1.58,"47,100",2026/09/11
853,853,5834,ＳＢＩリーシングサービス(株),東証GRT,"2,742",-44,-1.58,"39,300",2026/09/11
854,854,7111,ＩＮＥＳＴ(株),東証STD,498,-8,-1.58,"9,300",2026/09/11
855,855,8226,(株)理経,東証STD,373,-6,-1.58,"309,300",2026/09/11
856,856,4577,ダイト(株),東証PRM,"1,253",-20,-1.57,"85,700",2026/09/11
857,857,4612,日本ペイントホールディングス(株),東証PRM,"1,097",-17.5,-1.57,"3,552,900",2026/09/11
858,858,6147,(株)ヤマザキ,福証,188,-3,-1.57,"8,600",2026/09/11
859,859,6754,アンリツ(株),東証PRM,"3,139",-50,-1.57,"1,088,400",2026/09/11
860,860,7871,フクビ化学工業(株),東証STD,"1,003",-16,-1.57,900,2026/09/11
861,861,8871,(株)ゴールドクレスト,東証STD,"3,140",-50,-1.57,"51,300",2026/09/11
862,862,1514,住石ホールディングス(株),東証STD,633,-10,-1.56,"221,000",2026/09/11
863,863,3035,ケイティケイ(株),東証STD,755,-12,-1.56,"6,300",2026/09/11
864,864,4099,四国化成ホールディングス(株),東証PRM,"2,151",-34,-1.56,"711,800",2026/09/11
865,865,558A,(株)ＳＱＵＥＥＺＥ,東証GRT,"5,670",-90,-1.56,"9,000",2026/09/11
866,866,6245,(株)ヒラノテクシード,東証STD,"1,763",-28,-1.56,"52,400",2026/09/11
867,867,6907,ジオマテック(株),東証STD,757,-12,-1.56,"39,200",2026/09/11
868,868,1694,WisdomTree ニッケル上場投信,東証ETF,"2,219",-35,-1.55,160,2026/09/11
869,869,196A,(株)ＭＦＳ,東証GRT,317,-5,-1.55,"120,300",2026/09/11
870,870,2488,ＪＴＰ(株),東証STD,"1,398",-22,-1.55,"28,000",2026/09/11
871,871,261A,(株)日水コン,東証STD,"1,972",-31,-1.55,"21,100",2026/09/11
872,872,339A,プログレス・テクノロジーズ　グループ(株),東証GRT,890,-14,-1.55,"8,000",2026/09/11
873,873,4031,片倉コープアグリ(株),東証STD,"1,080",-17,-1.55,"19,100",2026/09/11
874,874,5588,ファーストアカウンティング(株),東証GRT,827,-13,-1.55,"9,300",2026/09/11
875,875,6728,(株)アルバック,東証PRM,"6,910",-109,-1.55,"462,100",2026/09/11
876,876,3103,ユニチカ(株),東証STD,"1,470",-23,-1.54,"4,309,200",2026/09/11
877,877,3426,アトムリビンテック(株),東証STD,"1,280",-20,-1.54,"2,000",2026/09/11
878,878,4496,(株)コマースＯｎｅホールディングス,東証GRT,765,-12,-1.54,"4,900",2026/09/11
879,879,5843,ニッポンインシュア(株),東証STD,"2,241",-35,-1.54,"8,500",2026/09/11
880,880,8247,(株)大和,東証STD,320,-5,-1.54,600,2026/09/11
881,881,9036,東部ネットワーク(株),東証STD,"1,218",-19,-1.54,"2,000",2026/09/11
882,882,1724,シンクレイヤ(株),東証STD,707,-11,-1.53,"3,900",2026/09/11
883,883,2376,(株)サイネックス,東証STD,773,-12,-1.53,200,2026/09/11
884,884,3143,オーウイル(株),東証STD,710,-11,-1.53,"4,000",2026/09/11
885,885,3452,(株)ビーロット,東証STD,"1,414",-22,-1.53,"86,400",2026/09/11
886,886,4005,住友化学(株),東証PRM,558.5,-8.7,-1.53,"13,072,300",2026/09/11
887,887,4241,(株)アテクト,東証STD,645,-10,-1.53,"14,300",2026/09/11
888,888,4887,サワイグループホールディングス(株),東証PRM,"1,580.5",-24.5,-1.53,"642,200",2026/09/11
889,889,9337,(株)トリドリ,東証GRT,"1,417",-22,-1.53,"2,800",2026/09/11
890,890,9444,(株)トーシンホールディングス,東証STD,257,-4,-1.53,"6,700",2026/09/11
891,891,1799,第一建設工業(株),東証STD,"3,250",-50,-1.52,"24,400",2026/09/11
892,892,3556,リネットジャパングループ(株),東証GRT,778,-12,-1.52,"39,000",2026/09/11
893,893,3922,(株)ＰＲ　ＴＩＭＥＳ,東証PRM,"2,135",-33,-1.52,"16,000",2026/09/11
894,894,464A,(株)ＱＰＳホールディングス,東証GRT,"1,625",-25,-1.52,"1,208,700",2026/09/11
895,895,2418,(株)ツカダ・グローバルホールディング,東証STD,588,-9,-1.51,"98,700",2026/09/11
896,896,4452,花王(株),東証PRM,"3,387",-52,-1.51,"3,334,100",2026/09/11
897,897,544A,ＧＭＳグループ(株),東証PRM,326,-5,-1.51,"558,200",2026/09/11
898,898,6302,住友重機械工業(株),東証PRM,"5,526",-85,-1.51,"874,800",2026/09/11
899,899,6361,荏原,東証PRM,"4,247",-65,-1.51,"3,537,000",2026/09/11
900,900,6841,横河電機(株),東証PRM,"4,568",-70,-1.51,"1,280,100",2026/09/11
901,901,7245,大同メタル工業(株),東証PRM,"1,109",-17,-1.51,"335,800",2026/09/11
902,902,2243,GX 半導体,東証ETF,"4,259",-65,-1.5,"154,258",2026/09/11
903,903,3645,(株)メディカルネット,東証STD,263,-4,-1.5,"55,400",2026/09/11
904,904,4671,(株)ファルコホールディングス,東証STD,"2,824",-43,-1.5,"18,300",2026/09/11
905,905,5480,日本冶金工業(株),東証PRM,"5,260",-80,-1.5,"79,500",2026/09/11
906,906,6039,(株)日本動物高度医療センター,東証GRT,983,-15,-1.5,"55,500",2026/09/11
907,907,6572,オープングループ(株),東証PRM,263,-4,-1.5,"145,800",2026/09/11
908,908,6787,(株)メイコー,東証PRM,"19,020",-290,-1.5,"244,400",2026/09/11
909,909,7625,(株)グローバルダイニング,東証STD,459,-7,-1.5,"11,400",2026/09/11
910,910,3916,デジタル・インフォメーション・テクノロジー(株),東証PRM,926,-14,-1.49,"70,900",2026/09/11
911,911,424A,GX ゴールドETF(H有),東証ETF,330.7,-5,-1.49,"430,600",2026/09/11
912,912,4486,ユナイトアンドグロウ(株),東証GRT,659,-10,-1.49,"3,000",2026/09/11
913,913,575A,前澤ホールディングス(株),東証PRM,"1,846",-28,-1.49,"88,100",2026/09/11
914,914,6703,ＯＫＩ,東証PRM,"2,573",-39,-1.49,"515,200",2026/09/11
915,915,6771,池上通信機(株),東証STD,660,-10,-1.49,"9,400",2026/09/11
916,916,8061,西華産業(株),東証PRM,"2,903",-44,-1.49,"123,200",2026/09/11
917,917,166A,(株)タスキホールディングス,東証PRM,"1,063",-16,-1.48,"248,100",2026/09/11
918,918,2624,iFreeETF 日経225(年4回決算型),東証ETF,"6,455",-97,-1.48,"124,291",2026/09/11
919,919,2876,(株)デルソーレ,東証STD,467,-7,-1.48,"4,000",2026/09/11
920,920,3355,クリヤマホールディングス(株),東証STD,"1,730",-26,-1.48,"21,300",2026/09/11
921,921,3659,(株)ネクソン,東証PRM,"3,070",-46,-1.48,"2,745,300",2026/09/11
922,922,4073,(株)ジィ・シィ企画,東証GRT,466,-7,-1.48,"2,100",2026/09/11
923,923,4776,サイボウズ(株),東証PRM,"2,936",-44,-1.48,"133,100",2026/09/11
924,924,4811,(株)ドリーム・アーツ,東証GRT,866,-13,-1.48,"17,300",2026/09/11
925,925,8869,明和地所(株),東証STD,800,-12,-1.48,"78,100",2026/09/11
926,926,9539,京葉瓦斯(株),東証STD,"1,335",-20,-1.48,"2,400",2026/09/11
927,927,9708,(株)帝国ホテル,東証STD,935,-14,-1.48,"223,000",2026/09/11
928,928,2579,コカ・コーラ　ボトラーズジャパンホールディングス(株),東証PRM,"3,684",-55,-1.47,"650,500",2026/09/11
929,929,2705,(株)大戸屋ホールディングス,東証STD,"8,710",-130,-1.47,"16,300",2026/09/11
930,930,3288,(株)オープンハウスグループ,東証PRM,"7,415",-111,-1.47,"251,700",2026/09/11
931,931,3391,(株)ツルハホールディングス,東証PRM,"2,245",-33.5,-1.47,"1,388,500",2026/09/11
932,932,4356,応用技術(株),東証STD,"1,612",-24,-1.47,400,2026/09/11
933,933,4885,室町ケミカル(株),東証STD,871,-13,-1.47,"12,800",2026/09/11
934,934,5075,アップコン(株),名証NXT,"1,005",-15,-1.47,"6,500",2026/09/11
935,935,5363,(株)ＴＹＫ,東証STD,669,-10,-1.47,"75,300",2026/09/11
936,936,6080,Ｍ＆Ａキャピタルパートナーズ(株),東証PRM,"4,010",-60,-1.47,"71,500",2026/09/11
937,937,6395,(株)タダノ,東証PRM,"1,338",-20,-1.47,"292,000",2026/09/11
938,938,6762,ＴＤＫ(株),東証PRM,"2,808.5",-42,-1.47,"12,186,500",2026/09/11
939,939,7749,メディキット(株),東証STD,"2,877",-43,-1.47,"9,700",2026/09/11
940,940,9212,Ｇｒｅｅｎ　Ｅａｒｔｈ　Ｉｎｓｔｉｔｕｔｅ(株),東証GRT,269,-4,-1.47,"22,100",2026/09/11
941,941,7097,(株)さくらさくプラス,東証GRT,"2,703",-40,-1.46,"7,400",2026/09/11
942,942,7746,岡本硝子(株),東証STD,813,-12,-1.45,"340,900",2026/09/11
943,943,7915,ＮＩＳＳＨＡ(株),東証PRM,"1,159",-17,-1.45,"295,900",2026/09/11
944,944,9767,日建工学(株),東証STD,"1,626",-24,-1.45,"1,000",2026/09/11
945,945,1620,(NEXT FUNDS)素材･化学上場投信,東証ETF,"35,520",-520,-1.44,241,2026/09/11
946,946,1813,(株)不動テトラ,東証PRM,"2,875",-42,-1.44,"58,800",2026/09/11
947,947,4176,(株)ココナラ,東証GRT,273,-4,-1.44,"67,600",2026/09/11
948,948,4418,(株)ＪＤＳＣ,東証GRT,"1,030",-15,-1.44,"126,300",2026/09/11
949,949,5331,ノリタケ(株),東証PRM,"3,420",-50,-1.44,"149,000",2026/09/11
950,950,1595,NZAM 上場投信 東証REIT指数,東証ETF,"1,795",-26,-1.43,"401,791",2026/09/11
951,951,3154,メディアスホールディングス(株),東証PRM,760,-11,-1.43,"37,500",2026/09/11
952,952,3236,(株)プロパスト,東証STD,275,-4,-1.43,"112,500",2026/09/11
953,953,6365,(株)電業社機械製作所,東証STD,"5,500",-80,-1.43,500,2026/09/11
954,954,8039,築地魚市場(株),東証STD,"3,450",-50,-1.43,"9,000",2026/09/11
955,955,8398,(株)筑邦銀行,福証,"2,350",-34,-1.43,200,2026/09/11
956,956,9168,(株)ライズ・コンサルティング・グループ,東証GRT,414,-6,-1.43,"25,900",2026/09/11
957,957,9972,アルテック(株),東証STD,275,-4,-1.43,"5,100",2026/09/11
958,958,1367,iFreeETF TOPIXレバレッジ(2倍)指数,東証ETF,"2,980",-43,-1.42,"98,994",2026/09/11
959,959,1568,TOPIXブル2倍上場投信,東証ETF,964,-13.9,-1.42,"2,135,210",2026/09/11
960,960,2693,ＹＫＴ(株),東証STD,277,-4,-1.42,"25,700",2026/09/11
961,961,3416,ピクスタ(株),東証STD,902,-13,-1.42,"1,000",2026/09/11
962,962,4893,ノイルイミューン・バイオテック(株),東証GRT,139,-2,-1.42,"135,800",2026/09/11
963,963,5290,(株)ベルテクスコーポレーション,東証STD,"1,184",-17,-1.42,"72,700",2026/09/11
964,964,5965,(株)フジマック,東証STD,"1,183",-17,-1.42,"6,600",2026/09/11
965,965,2138,クルーズ(株),東証STD,420,-6,-1.41,"53,000",2026/09/11
966,966,2325,(株)ＮＪＳ,東証PRM,"4,535",-65,-1.41,"21,000",2026/09/11
967,967,3011,(株)バナーズ,東証STD,140,-2,-1.41,"9,700",2026/09/11
968,968,4428,(株)シノプス,東証GRT,699,-10,-1.41,400,2026/09/11
969,969,521A,iFreeETF FANG+ゴールド,東証ETF,"1,957",-28,-1.41,"35,646",2026/09/11
970,970,6544,ジャパンエレベーターサービスホールディングス(株),東証PRM,"1,432.5",-20.5,-1.41,"702,800",2026/09/11
971,971,7634,(株)星医療酸器,東証STD,"4,890",-70,-1.41,400,2026/09/11
972,972,7906,ヨネックス(株),東証STD,"2,385",-34,-1.41,"337,800",2026/09/11
973,973,2685,(株)アンドエスティＨＤ,東証PRM,"3,165",-45,-1.4,"133,200",2026/09/11
974,974,2837,GX 中小型リーダーズ-日本株式,東証ETF,"4,660",-66,-1.4,"6,669",2026/09/11
975,975,3046,(株)ジンズホールディングス,東証PRM,"5,630",-80,-1.4,"140,200",2026/09/11
976,976,4182,三菱ガス化学(株),東証PRM,"3,809",-54,-1.4,"1,582,500",2026/09/11
977,977,428A,サイプレス・ホールディングス(株),東証STD,"1,546",-22,-1.4,"16,400",2026/09/11
978,978,6042,(株)ニッキ,東証STD,"3,860",-55,-1.4,300,2026/09/11
979,979,6870,日本フェンオール(株),東証STD,"2,106",-30,-1.4,"7,200",2026/09/11
980,980,7550,(株)ゼンショーホールディングス,東証PRM,"11,235",-160,-1.4,"532,700",2026/09/11
981,981,3661,(株)エムアップホールディングス,東証PRM,778,-11,-1.39,"493,600",2026/09/11
982,982,4389,プロパティデータバンク(株),東証GRT,"1,068",-15,-1.39,"3,700",2026/09/11
983,983,4593,(株)ヘリオス,東証GRT,284,-4,-1.39,"1,150,100",2026/09/11
984,984,7466,ＳＰＫ(株),東証PRM,"1,419",-20,-1.39,"29,600",2026/09/11
985,985,7747,朝日インテック(株),東証PRM,"3,190",-45,-1.39,"1,449,800",2026/09/11
986,986,8739,スパークス・グループ(株),東証PRM,"2,552",-36,-1.39,"181,100",2026/09/11
987,987,9057,遠州トラック(株),東証STD,"3,200",-45,-1.39,500,2026/09/11
988,988,9625,(株)セレスポ,東証STD,920,-13,-1.39,"3,800",2026/09/11
989,989,1429,(株)日本アクア,東証PRM,786,-11,-1.38,"71,500",2026/09/11
990,990,4015,ペイクラウドホールディングス(株),東証GRT,502,-7,-1.38,"38,700",2026/09/11
991,991,5726,(株)大阪チタニウムテクノロジーズ,東証PRM,"2,510",-35,-1.38,"544,200",2026/09/11
992,992,6013,(株)タクマ,東証PRM,"2,922",-41,-1.38,"251,400",2026/09/11
993,993,6086,シンメンテホールディングス(株),東証GRT,"1,001",-14,-1.38,"46,900",2026/09/11
994,994,6432,(株)竹内製作所,東証PRM,"7,160",-100,-1.38,"231,600",2026/09/11
995,995,7932,(株)ニッピ,東証STD,"11,450",-160,-1.38,"5,800",2026/09/11
996,996,9407,(株)ＲＫＢ毎日ホールディングス,福証,"5,760",-80,-1.37,200,2026/09/11
997,997,3459,サムティ・レジデンシャル投資法人,東証,"87,000","-1,200",-1.36,"4,343",2026/09/11
998,998,6118,アイダエンジニアリング(株),東証PRM,"1,230",-17,-1.36,"342,100",2026/09/11
999,999,6343,フリージア・マクロス(株),東証STD,145,-2,-1.36,"42,100",2026/09/11
1000,1000,7212,(株)エフテック,東証STD,725,-10,-1.36,"46,800",2026/09/11
1001,1001,7844,(株)マーベラス,東証PRM,506,-7,-1.36,"241,200",2026/09/11
1002,1002,8095,アステナホールディングス(株),東証PRM,508,-7,-1.36,"136,700",2026/09/11
1003,1003,253A,(株)ＥＴＳグループ,東証STD,"1,020",-14,-1.35,"11,300",2026/09/11
1004,1004,3105,日清紡ホールディングス(株),東証PRM,"2,235",-30.5,-1.35,"713,200",2026/09/11
1005,1005,3296,日本リート投資法人,東証,"80,100","-1,100",-1.35,"10,470",2026/09/11
1006,1006,3934,(株)ベネフィットジャパン,東証STD,"2,267",-31,-1.35,"3,900",2026/09/11
1007,1007,4401,(株)ＡＤＥＫＡ,東証PRM,"4,375",-60,-1.35,"247,500",2026/09/11
1008,1008,6069,トレンダーズ(株),東証GRT,659,-9,-1.35,"23,300",2026/09/11
1009,1009,8198,マックスバリュ東海(株),東証STD,"3,295",-45,-1.35,"12,800",2026/09/11
1010,1010,1624,(NEXT FUNDS)機械上場投信,東証ETF,"80,270","-1,090",-1.34,367,2026/09/11
1011,1011,1815,鉄建建設(株),東証PRM,"4,420",-60,-1.34,"101,400",2026/09/11
1012,1012,237A,iシェアーズ 米国債25年超 ロングデュレーション,東証ETF,139.5,-1.9,-1.34,"956,250",2026/09/11
1013,1013,2790,(株)ナフコ,東証STD,"2,068",-28,-1.34,"10,300",2026/09/11
1014,1014,3223,(株)エスエルディー,東証STD,956,-13,-1.34,300,2026/09/11
1015,1015,3962,(株)チェンジホールディングス,東証PRM,957,-13,-1.34,"153,100",2026/09/11
1016,1016,4918,(株)アイビー化粧品,東証STD,295,-4,-1.34,"11,900",2026/09/11
1017,1017,8960,ユナイテッド・アーバン投資法人,東証,"154,900","-2,100",-1.34,"14,268",2026/09/11
1018,1018,9216,ビーウィズ(株),東証PRM,"1,624",-22,-1.34,"20,900",2026/09/11
1019,1019,9903,(株)カンセキ,東証STD,881,-12,-1.34,"1,500",2026/09/11
1020,1020,1540,純金上場信託(現物国内保管型),東証ETF,"20,050",-270,-1.33,"266,246",2026/09/11
1021,1021,4178,(株)Ｓｈａｒｉｎｇ　Ｉｎｎｏｖａｔｉｏｎｓ,東証GRT,519,-7,-1.33,"1,900",2026/09/11
1022,1022,6503,三菱電機(株),東証PRM,"5,027",-68,-1.33,"6,163,500",2026/09/11
1023,1023,8953,日本都市ファンド投資法人,東証,"111,100","-1,500",-1.33,"35,943",2026/09/11
1024,1024,9027,(株)ロジネットジャパン,札証,"4,810",-65,-1.33,200,2026/09/11
1025,1025,1803,清水建設(株),東証PRM,"2,360",-31.5,-1.32,"4,412,100",2026/09/11
1026,1026,3021,(株)パシフィックネット,東証STD,"1,565",-21,-1.32,"8,500",2026/09/11
1027,1027,425A,GX ゴールドETF,東証ETF,358.1,-4.8,-1.32,"319,380",2026/09/11
1028,1028,5216,(株)倉元製作所,東証STD,150,-2,-1.32,"146,100",2026/09/11
1029,1029,7836,アビックス(株),東証STD,75,-1,-1.32,"111,200",2026/09/11
1030,1030,9302,三井倉庫ホールディングス(株),東証PRM,"3,295",-44,-1.32,"262,600",2026/09/11
1031,1031,9341,(株)ＧＥＮＯＶＡ,東証PRM,597,-8,-1.32,"106,500",2026/09/11
1032,1032,9726,ＫＮＴ－ＣＴホールディングス(株),東証STD,"1,873",-25,-1.32,"36,400",2026/09/11
1033,1033,4082,第一稀元素化学工業(株),東証PRM,"2,407",-32,-1.31,"335,200",2026/09/11
1034,1034,4979,ＯＡＴアグリオ(株),東証STD,"2,869",-38,-1.31,"24,000",2026/09/11
1035,1035,5288,アジアパイルホールディングス(株),東証PRM,"1,436",-19,-1.31,"179,000",2026/09/11
1036,1036,6268,ナブテスコ(株),東証PRM,"4,438",-59,-1.31,"977,200",2026/09/11
1037,1037,6858,(株)小野測器,東証STD,828,-11,-1.31,"28,800",2026/09/11
1038,1038,7208,(株)カネミツ,東証STD,"1,285",-17,-1.31,400,2026/09/11
1039,1039,9551,メタウォーター(株),東証PRM,"3,025",-40,-1.31,"114,000",2026/09/11
1040,1040,9658,(株)ビジネスブレイン太田昭和,東証PRM,"1,056",-14,-1.31,"62,400",2026/09/11
1041,1041,2096,GX オフィス・J-REIT,東証ETF,985,-13,-1.3,"23,909",2026/09/11
1042,1042,3387,(株)クリエイト・レストランツ・ホールディングス,東証PRM,761,-10,-1.3,"902,500",2026/09/11
1043,1043,3591,(株)ワコールホールディングス,東証PRM,"3,950",-52,-1.3,"155,300",2026/09/11
1044,1044,4091,日本酸素ホールディングス(株),東証PRM,"5,379",-71,-1.3,"749,400",2026/09/11
1045,1045,4168,(株)ヤプリ,東証GRT,757,-10,-1.3,"39,800",2026/09/11
1046,1046,4892,(株)サイフューズ,東証GRT,607,-8,-1.3,"23,100",2026/09/11
1047,1047,6040,日本スキー場開発(株),東証GRT,455,-6,-1.3,"44,100",2026/09/11
1048,1048,9446,(株)サカイホールディングス,東証STD,684,-9,-1.3,"7,800",2026/09/11
1049,1049,1555,上場インデックスファンド豪州リート,東証ETF,"2,222",-29,-1.29,"1,098",2026/09/11
1050,1050,2215,第一屋製パン(株),東証STD,611,-8,-1.29,"13,000",2026/09/11
1051,1051,2395,(株)新日本科学,東証PRM,"1,305",-17,-1.29,"114,200",2026/09/11
1052,1052,2567,NZAM 上場投信 S&P/JPXカーボン・エフィシェント指数,東証ETF,528.1,-6.9,-1.29,600,2026/09/11
1053,1053,280A,(株)ＴＭＨ,東証GRT,"1,070",-14,-1.29,"23,500",2026/09/11
1054,1054,3030,(株)ハブ,東証STD,843,-11,-1.29,"12,800",2026/09/11
1055,1055,3299,(株)ムゲンエステート,東証STD,"1,683",-22,-1.29,"157,300",2026/09/11
1056,1056,3349,(株)コスモス薬品,東証PRM,"6,501",-85,-1.29,"378,100",2026/09/11
1057,1057,548A,(株)システムエグゼ,東証STD,919,-12,-1.29,"14,500",2026/09/11
1058,1058,5821,平河ヒューテック(株),東証PRM,"3,060",-40,-1.29,"54,000",2026/09/11
1059,1059,6578,(株)コレックホールディングス,東証STD,460,-6,-1.29,"2,100",2026/09/11
1060,1060,6838,(株)多摩川ホールディングス,東証STD,"1,526",-20,-1.29,"312,100",2026/09/11
1061,1061,7956,ピジョン(株),東証PRM,"1,912.5",-25,-1.29,"1,049,000",2026/09/11
1062,1062,2522,iシェアーズ オートメーション&ロボット ETF,東証ETF,"8,391",-109,-1.28,"9,553",2026/09/11
1063,1063,3280,(株)エストラスト,東証STD,927,-12,-1.28,"3,900",2026/09/11
1064,1064,7012,川崎重工業(株),東証PRM,"2,319",-30,-1.28,"11,489,600",2026/09/11
1065,1065,8022,ミズノ(株),東証PRM,"3,860",-50,-1.28,"302,300",2026/09/11
1066,1066,8518,日本アジア投資(株),東証STD,154,-2,-1.28,"33,300",2026/09/11
1067,1067,2040,NEXT NOTES NYダウ･ダブル･ブル･ドルヘッジ ETN,東証ETF,"38,120",-490,-1.27,319,2026/09/11
1068,1068,2301,(株)学情,東証PRM,"1,632",-21,-1.27,"104,600",2026/09/11
1069,1069,2656,(株)ベクターホールディングス,東証STD,155,-2,-1.27,"148,100",2026/09/11
1070,1070,3173,(株)Ｃｏｍｉｎｉｘ,東証STD,"1,398",-18,-1.27,"4,500",2026/09/11
1071,1071,3566,ユニフォームネクスト(株),東証GRT,702,-9,-1.27,"5,700",2026/09/11
1072,1072,3733,(株)ソフトウェア・サービス,東証STD,"11,660",-150,-1.27,"5,500",2026/09/11
1073,1073,3997,(株)トレードワークス,東証STD,388,-5,-1.27,"49,800",2026/09/11
1074,1074,609A,GX 総合商社&資源ビジネス-日本株式,東証ETF,"1,085",-14,-1.27,"27,329",2026/09/11
1075,1075,6317,(株)北川鉄工所,東証STD,"1,707",-22,-1.27,"37,800",2026/09/11
1076,1076,6370,栗田工業(株),東証PRM,"7,366",-95,-1.27,"669,400",2026/09/11
1077,1077,6806,ヒロセ電機(株),東証PRM,"24,065",-310,-1.27,"176,600",2026/09/11
1078,1078,6845,アズビル(株),東証PRM,"1,437",-18.5,-1.27,"1,474,200",2026/09/11
1079,1079,6947,(株)図研,東証PRM,"4,655",-60,-1.27,"43,900",2026/09/11
1080,1080,7309,(株)シマノ,東証PRM,"17,915",-230,-1.27,"343,800",2026/09/11
1081,1081,8139,(株)ナガホリ,東証STD,"2,179",-28,-1.27,700,2026/09/11
1082,1082,8166,(株)タカキュー,東証STD,78,-1,-1.27,"13,300",2026/09/11
1083,1083,1488,iFreeETF 東証REIT指数,東証ETF,"1,798",-23,-1.26,"146,862",2026/09/11
1084,1084,1934,(株)ユアテック,東証PRM,"2,587",-33,-1.26,"111,500",2026/09/11
1085,1085,4231,タイガースポリマー(株),東証STD,"1,016",-13,-1.26,"13,000",2026/09/11
1086,1086,5285,(株)ヤマックス,東証STD,"1,332",-17,-1.26,"17,000",2026/09/11
1087,1087,6224,(株)ＪＲＣ,東証GRT,"1,175",-15,-1.26,"21,500",2026/09/11
1088,1088,6381,アネスト岩田(株),東証PRM,"1,876",-24,-1.26,"91,400",2026/09/11
1089,1089,6647,森尾電機(株),東証STD,"3,540",-45,-1.26,600,2026/09/11
1090,1090,7810,(株)クロスフォー,東証STD,157,-2,-1.26,"62,900",2026/09/11
1091,1091,1871,ピーエス・コンストラクション(株),東証PRM,"2,137",-27,-1.25,"151,300",2026/09/11
1092,1092,4419,(株)Ｆｉｎａｔｅｘｔホールディングス,東証GRT,"1,338",-17,-1.25,"230,900",2026/09/11
1093,1093,4432,ウイングアーク１ｓｔ(株),東証PRM,"3,155",-40,-1.25,"104,400",2026/09/11
1094,1094,7218,田中精密工業(株),東証STD,"1,106",-14,-1.25,"3,000",2026/09/11
1095,1095,7839,(株)ＳＨＯＥＩ,東証PRM,"2,046",-26,-1.25,"235,400",2026/09/11
1096,1096,135A,(株)ＶＲＡＩＮ　Ｓｏｌｕｔｉｏｎ,東証GRT,"4,395",-55,-1.24,"60,700",2026/09/11
1097,1097,2469,ヒビノ(株),東証STD,"2,790",-35,-1.24,"9,600",2026/09/11
1098,1098,254A,ＡＩフュージョンキャピタルグループ(株),東証STD,"1,196",-15,-1.24,"10,900",2026/09/11
1099,1099,332A,ミーク(株),東証GRT,"1,118",-14,-1.24,"48,500",2026/09/11
1100,1100,423A,(株)ライオン事務器,東証STD,319,-4,-1.24,"34,600",2026/09/11
1101,1101,5333,ＮＧＫ(株),東証PRM,"5,001",-63,-1.24,"2,156,100",2026/09/11
1102,1102,5527,(株)ｐｒｏｐｅｒｔｙ　ｔｅｃｈｎｏｌｏｇｉｅｓ,東証GRT,719,-9,-1.24,"12,000",2026/09/11
1103,1103,5658,日亜鋼業(株),東証STD,397,-5,-1.24,"50,300",2026/09/11
1104,1104,6161,(株)エスティック,東証STD,"1,035",-13,-1.24,"2,800",2026/09/11
1105,1105,6560,(株)エル・ティー・エス,東証PRM,"1,758",-22,-1.24,"22,500",2026/09/11
1106,1106,6677,(株)エスケーエレクトロニクス,東証STD,"3,185",-40,-1.24,"85,600",2026/09/11
1107,1107,7067,ブランディングテクノロジー(株),東証GRT,"1,037",-13,-1.24,200,2026/09/11
1108,1108,7381,(株)ＣＣＩグループ,東証PRM,"1,278",-16,-1.24,"706,500",2026/09/11
1109,1109,7995,(株)バルカー,東証PRM,"6,370",-80,-1.24,"49,600",2026/09/11
1110,1110,9142,九州旅客鉄道(株),東証PRM,"3,506",-44,-1.24,"749,800",2026/09/11
1111,1111,9616,(株)共立メンテナンス,東証PRM,"3,095",-39,-1.24,"793,600",2026/09/11
1112,1112,9621,(株)建設技術研究所,東証PRM,"3,195",-40,-1.24,"66,500",2026/09/11
1113,1113,149A,(株)シンカ,東証GRT,800,-10,-1.23,"3,800",2026/09/11
1114,1114,2962,(株)テクニスコ,東証STD,"1,768",-22,-1.23,"199,700",2026/09/11
1115,1115,3197,(株)すかいらーくホールディングス,東証PRM,"3,301",-41,-1.23,"902,200",2026/09/11
1116,1116,3346,ヒロタグループホールディングス(株),名証NXT,80,-1,-1.23,"11,300",2026/09/11
1117,1117,3747,(株)インタートレード,東証STD,402,-5,-1.23,"52,700",2026/09/11
1118,1118,3776,(株)ブロードバンドタワー,東証STD,240,-3,-1.23,"67,100",2026/09/11
1119,1119,4199,ワンダープラネット(株),東証GRT,800,-10,-1.23,"5,300",2026/09/11
1120,1120,5134,(株)ＰＯＰＥＲ,東証GRT,481,-6,-1.23,"13,100",2026/09/11
1121,1121,607A,(株)エブリー,東証GRT,240,-3,-1.23,"828,900",2026/09/11
1122,1122,7850,総合商研(株),東証STD,801,-10,-1.23,"4,600",2026/09/11
1123,1123,2735,(株)ワッツ,東証STD,727,-9,-1.22,"45,100",2026/09/11
1124,1124,3179,シュッピン(株),東証PRM,"1,133",-14,-1.22,"255,200",2026/09/11
1125,1125,4538,扶桑薬品工業(株),東証PRM,"2,182",-27,-1.22,"16,600",2026/09/11
1126,1126,6875,(株)メガチップス,東証PRM,"10,490",-130,-1.22,"89,400",2026/09/11
1127,1127,7033,(株)マネジメントソリューションズ,東証PRM,"1,539",-19,-1.22,"65,600",2026/09/11
1128,1128,2802,味の素(株),東証PRM,"4,974",-61,-1.21,"2,939,800",2026/09/11
1129,1129,3106,クラボウ,東証PRM,"10,620",-130,-1.21,"54,500",2026/09/11
1130,1130,3727,(株)アプリックス,東証GRT,163,-2,-1.21,"50,500",2026/09/11
1131,1131,448A,ステート・ストリート・スパイダー ゴールド ETF(H有),東証ETF,261.4,-3.2,-1.21,"20,270",2026/09/11
1132,1132,5241,(株)日本オーエー研究所,名証MN,734,-9,-1.21,500,2026/09/11
1133,1133,5257,ノバシステム(株),東証STD,"2,852",-35,-1.21,"6,000",2026/09/11
1134,1134,1476,iシェアーズ・コア Ｊリート ETF,東証ETF,"1,807",-22,-1.2,"156,905",2026/09/11
1135,1135,1676,WisdomTree 貴金属バスケット上場投信,東証ETF,"41,990",-510,-1.2,18,2026/09/11
1136,1136,1979,(株)大気社,東証PRM,"3,700",-45,-1.2,"239,400",2026/09/11
1137,1137,2334,(株)イオレ,東証GRT,574,-7,-1.2,"517,000",2026/09/11
1138,1138,2438,(株)アスカネット,東証GRT,329,-4,-1.2,"73,400",2026/09/11
1139,1139,2555,東証REIT ETF,東証ETF,"1,805",-22,-1.2,"9,170",2026/09/11
1140,1140,3580,小松マテーレ(株),東証PRM,742,-9,-1.2,"42,300",2026/09/11
1141,1141,4391,ロジザード(株),東証GRT,"1,149",-14,-1.2,"4,000",2026/09/11
1142,1142,4476,ＡＩ　ＣＲＯＳＳ(株),東証GRT,"1,071",-13,-1.2,"8,800",2026/09/11
1143,1143,5842,インテグラル(株),東証GRT,"2,958",-36,-1.2,"59,200",2026/09/11
1144,1144,6335,(株)東京機械製作所,東証STD,578,-7,-1.2,"56,200",2026/09/11
1145,1145,7057,(株)エヌ・シー・エヌ,東証STD,903,-11,-1.2,300,2026/09/11
1146,1146,9244,(株)デジタリフト,東証GRT,"1,398",-17,-1.2,"9,100",2026/09/11
1147,1147,1328,(NEXT FUNDS)金価格連動型上場投信,東証ETF,"15,825",-190,-1.19,"31,826",2026/09/11
1148,1148,1899,(株)福田組,東証PRM,"4,585",-55,-1.19,"50,200",2026/09/11
1149,1149,3287,星野リゾート・リート投資法人,東証,"232,700","-2,800",-1.19,"3,013",2026/09/11
1150,1150,446A,(株)ノースサンド,東証GRT,"1,914",-23,-1.19,"818,300",2026/09/11
1151,1151,7821,前田工繊(株),東証PRM,"1,915",-23,-1.19,"97,200",2026/09/11
1152,1152,8975,いちごオフィスリート投資法人,東証,"91,500","-1,100",-1.19,"6,979",2026/09/11
1153,1153,1345,上場インデックスファンドJリート隔月分配,東証ETF,"1,761",-21,-1.18,"40,421",2026/09/11
1154,1154,1848,(株)富士ピー・エス,東証STD,755,-9,-1.18,"4,700",2026/09/11
1155,1155,1926,ライト工業(株),東証PRM,"3,760",-45,-1.18,"183,600",2026/09/11
1156,1156,2689,オルバディーブイエックスヘルスケア(株),東証STD,"1,926",-23,-1.18,"4,500",2026/09/11
1157,1157,2819,エバラ食品工業(株),東証STD,"2,430",-29,-1.18,"17,500",2026/09/11
1158,1158,3283,日本プロロジスリート投資法人,東証,"84,000","-1,000",-1.18,"26,998",2026/09/11
1159,1159,3284,(株)フージャースホールディングス,東証PRM,"1,252",-15,-1.18,"331,000",2026/09/11
1160,1160,3548,(株)バロックジャパンリミテッド,東証PRM,669,-8,-1.18,"242,400",2026/09/11
1161,1161,6835,アライドテレシスホールディングス(株),東証STD,252,-3,-1.18,"182,900",2026/09/11
1162,1162,7730,マニー(株),東証PRM,"1,422",-17,-1.18,"404,600",2026/09/11
1163,1163,7837,(株)アールシーコア,東証STD,334,-4,-1.18,"1,600",2026/09/11
1164,1164,8967,日本ロジスティクスファンド投資法人,東証,"92,400","-1,100",-1.18,"12,108",2026/09/11
1165,1165,186A,(株)アストロスケールホールディングス,東証GRT,"1,010",-12,-1.17,"2,717,100",2026/09/11
1166,1166,2636,GX MSCIガバナンス・クオリティ-日本株式,東証ETF,"4,744",-56,-1.17,9,2026/09/11
1167,1167,4040,南海化学(株),東証STD,"3,790",-45,-1.17,"8,000",2026/09/11
1168,1168,6136,ＯＳＧ,東証PRM,"3,382",-40,-1.17,"318,900",2026/09/11
1169,1169,6345,(株)アイチコーポレーション,東証PRM,"1,432",-17,-1.17,"131,400",2026/09/11
1170,1170,6620,宮越ホールディングス(株),東証PRM,677,-8,-1.17,"53,500",2026/09/11
1171,1171,7822,永大産業(株),東証STD,253,-3,-1.17,"17,700",2026/09/11
1172,1172,8628,松井証券(株),東証PRM,"1,181",-14,-1.17,"748,500",2026/09/11
1173,1173,9782,(株)ディーエムエス,東証STD,"3,385",-40,-1.17,"39,900",2026/09/11
1174,1174,9842,アークランズ(株),東証PRM,"1,861",-22,-1.17,"152,800",2026/09/11
1175,1175,1808,(株)長谷工コーポレーション,東証PRM,"2,719.5",-32,-1.16,"1,113,900",2026/09/11
1176,1176,2681,(株)ゲオホールディングス,東証PRM,"2,216",-26,-1.16,"210,100",2026/09/11
1177,1177,3101,東洋紡(株),東証PRM,"1,620",-19,-1.16,"453,700",2026/09/11
1178,1178,3435,サンコーテクノ(株),東証STD,"1,535",-18,-1.16,"1,700",2026/09/11
1179,1179,365A,伊澤タオル(株),東証STD,770,-9,-1.16,"38,500",2026/09/11
1180,1180,4249,森六(株),東証PRM,"2,802",-33,-1.16,"26,100",2026/09/11
1181,1181,6993,大黒屋ホールディングス(株),東証STD,85,-1,-1.16,"642,000",2026/09/11
1182,1182,7868,(株)広済堂ホールディングス,東証PRM,511,-6,-1.16,"499,100",2026/09/11
1183,1183,8594,中道リース(株),札証,684,-8,-1.16,200,2026/09/11
1184,1184,9247,ＴＲＥホールディングス(株),東証PRM,"1,784",-21,-1.16,"239,400",2026/09/11
1185,1185,1619,(NEXT FUNDS)建設･資材上場投信,東証ETF,"43,860",-510,-1.15,460,2026/09/11
1186,1186,2353,日本駐車場開発(株),東証PRM,258,-3,-1.15,"2,184,900",2026/09/11
1187,1187,396A,業界改革厳選ETF REITイベント・ドリブン,東証ETF,471,-5.5,-1.15,80,2026/09/11
1188,1188,4536,参天製薬(株),東証PRM,"1,725",-20,-1.15,"1,233,800",2026/09/11
1189,1189,459A,野村 高利回りJリート指数ETF,東証ETF,"9,984",-116,-1.15,416,2026/09/11
1190,1190,6240,ヤマシンフィルタ(株),東証PRM,518,-6,-1.15,"400,800",2026/09/11
1191,1191,6332,月島ホールディングス(株),東証PRM,"2,669",-31,-1.15,"122,200",2026/09/11
1192,1192,1326,SPDRゴールド･シェア,東証ETF,"61,460",-710,-1.14,"7,000",2026/09/11
1193,1193,2108,日本甜菜製糖(株),東証PRM,"5,190",-60,-1.14,"37,100",2026/09/11
1194,1194,2479,(株)ジェイテック,東証STD,260,-3,-1.14,"126,300",2026/09/11
1195,1195,2565,GX ロジスティクス・J-REIT,東証ETF,870,-10,-1.14,"3,589",2026/09/11
1196,1196,2742,(株)ハローズ,東証PRM,"3,900",-45,-1.14,"37,900",2026/09/11
1197,1197,298A,ＧＶＡ　ＴＥＣＨ(株),東証GRT,347,-4,-1.14,"6,000",2026/09/11
1198,1198,3182,オイシックス(株),東証PRM,"1,559",-18,-1.14,"136,000",2026/09/11
1199,1199,3760,(株)ケイブ,東証STD,691,-8,-1.14,"22,500",2026/09/11
1200,1200,3991,ウォンテッドリー(株),東証GRT,955,-11,-1.14,"1,000",2026/09/11
1201,1201,4374,(株)ＲＯＢＯＴ　ＰＡＹＭＥＮＴ,東証GRT,"2,518",-29,-1.14,"4,200",2026/09/11
1202,1202,5244,(株)ｊｉｇ．ｊｐ,東証GRT,173,-2,-1.14,"93,200",2026/09/11
1203,1203,6458,新晃工業(株),東証PRM,"1,217",-14,-1.14,"219,500",2026/09/11
1204,1204,7030,(株)スプリックス,東証STD,950,-11,-1.14,"19,800",2026/09/11
1205,1205,7670,オーウエル(株),東証STD,"1,214",-14,-1.14,"2,300",2026/09/11
1206,1206,8954,オリックス不動産投資法人,東証,"95,500","-1,100",-1.14,"27,651",2026/09/11
1207,1207,9340,(株)アソインターナショナル,東証STD,780,-9,-1.14,"8,300",2026/09/11
1208,1208,1866,北野建設(株),東証STD,"1,138",-13,-1.13,"21,000",2026/09/11
1209,1209,2098,GX ホテル&リテール・J-REIT,東証ETF,962,-11,-1.13,"31,828",2026/09/11
1210,1210,2292,Ｓ　ＦＯＯＤＳ(株),東証PRM,"2,717",-31,-1.13,"200,900",2026/09/11
1211,1211,2311,(株)エプコ,東証STD,785,-9,-1.13,"5,000",2026/09/11
1212,1212,258A,SMT ETF国内リート厳選投資アクティブ,東証ETF,"2,017",-23,-1.13,107,2026/09/11
1213,1213,3292,イオンリート投資法人,東証,"114,100","-1,300",-1.13,"11,005",2026/09/11
1214,1214,4113,田岡化学工業(株),東証STD,789,-9,-1.13,"10,100",2026/09/11
1215,1215,4205,日本ゼオン(株),東証PRM,"2,326",-26.5,-1.13,"863,100",2026/09/11
1216,1216,4578,大塚ホールディングス(株),東証PRM,"11,335",-130,-1.13,"1,681,600",2026/09/11
1217,1217,4771,(株)エフアンドエム,東証STD,"2,632",-30,-1.13,"27,100",2026/09/11
1218,1218,4894,クオリプス(株),東証GRT,"5,260",-60,-1.13,"47,700",2026/09/11
1219,1219,8908,(株)毎日コムネット,東証STD,872,-10,-1.13,"6,000",2026/09/11
1220,1220,9553,(株)マイクロアド,東証GRT,612,-7,-1.13,"57,100",2026/09/11
1221,1221,2498,(株)オリエンタルコンサルタンツホールディングス,東証STD,"3,095",-35,-1.12,"8,900",2026/09/11
1222,1222,3807,(株)フィスコ,東証GRT,88,-1,-1.12,"223,800",2026/09/11
1223,1223,3941,レンゴー(株),東証PRM,"1,500.5",-17,-1.12,"924,100",2026/09/11
1224,1224,6444,サンデン(株),東証STD,176,-2,-1.12,"62,800",2026/09/11
1225,1225,7192,日本モーゲージサービス(株),東証STD,706,-8,-1.12,"50,900",2026/09/11
1226,1226,8337,(株)千葉興業銀行,東証PRM,"2,642",-30,-1.12,"117,400",2026/09/11
1227,1227,9065,山九(株),東証PRM,"7,914",-90,-1.12,"908,800",2026/09/11
1228,1228,1443,技研ホールディングス(株),東証STD,268,-3,-1.11,"29,600",2026/09/11
1229,1229,3309,積水ハウス・リート投資法人,東証,"71,200",-800,-1.11,"26,332",2026/09/11
1230,1230,3462,野村不動産マスターファンド投資法人,東証,"142,500","-1,600",-1.11,"16,789",2026/09/11
1231,1231,4179,(株)ジーネクスト,東証GRT,356,-4,-1.11,"24,500",2026/09/11
1232,1232,5943,(株)ノーリツ,東証PRM,"2,221",-25,-1.11,"88,400",2026/09/11
1233,1233,6701,ＮＥＣ,東証PRM,"4,536",-51,-1.11,"5,050,900",2026/09/11
1234,1234,7991,マミヤ・オーピー(株),東証STD,"1,068",-12,-1.11,"5,700",2026/09/11
1235,1235,8614,東洋証券(株),東証PRM,714,-8,-1.11,"560,700",2026/09/11
1236,1236,8698,マネックスグループ(株),東証PRM,714,-8,-1.11,"1,060,800",2026/09/11
1237,1237,1343,(NEXT FUNDS)東証REIT指数連動型上場投信,東証ETF,"1,888.5",-21,-1.1,"1,451,140",2026/09/11
1238,1238,1384,(株)ホクリヨウ,東証STD,"2,161",-24,-1.1,"12,700",2026/09/11
1239,1239,2303,(株)ドーン,東証STD,"1,350",-15,-1.1,"13,400",2026/09/11
1240,1240,3839,(株)ＯＤＫソリューションズ,東証STD,628,-7,-1.1,"5,100",2026/09/11
1241,1241,6644,大崎電気工業(株),東証PRM,"1,437",-16,-1.1,"307,700",2026/09/11
1242,1242,7059,(株)コプロ・ホールディングス,東証PRM,898,-10,-1.1,"96,500",2026/09/11
1243,1243,7077,(株)ＡＬｉＮＫインターネット,東証GRT,987,-11,-1.1,200,2026/09/11
1244,1244,7731,(株)ニコン,東証PRM,"1,702.5",-19,-1.1,"1,957,700",2026/09/11
1245,1245,8802,三菱地所(株),東証PRM,"3,602",-40,-1.1,"3,393,800",2026/09/11
1246,1246,8860,フジ住宅(株),東証PRM,722,-8,-1.1,"68,100",2026/09/11
1247,1247,1887,日本国土開発(株),東証PRM,543,-6,-1.09,"214,600",2026/09/11
1248,1248,2016,iFreeETF 米国国債7-10年(H有),東証ETF,"1,720",-19,-1.09,"302,577",2026/09/11
1249,1249,3023,ラサ商事(株),東証STD,"1,992",-22,-1.09,"28,200",2026/09/11
1250,1250,3420,(株)ケー・エフ・シー,東証STD,"1,545",-17,-1.09,"2,300",2026/09/11
1251,1251,3457,(株)Ａｎｄ　Ｄｏホールディングス,東証PRM,911,-10,-1.09,"204,000",2026/09/11
1252,1252,3487,CREロジスティクスファンド投資法人,東証,"135,700","-1,500",-1.09,"3,977",2026/09/11
1253,1253,4569,杏林製薬(株),東証PRM,"1,091",-12,-1.09,"235,200",2026/09/11
1254,1254,5013,(株)ユシロ,東証STD,"2,825",-31,-1.09,"32,000",2026/09/11
1255,1255,5033,(株)ヌーラボ,東証GRT,"1,175",-13,-1.09,"50,300",2026/09/11
1256,1256,5851,リョービ(株),東証PRM,"2,627",-29,-1.09,"177,700",2026/09/11
1257,1257,7359,(株)東京通信グループ,東証GRT,272,-3,-1.09,"78,400",2026/09/11
1258,1258,7711,助川電気工業(株),東証STD,"4,975",-55,-1.09,"38,000",2026/09/11
1259,1259,9699,ニシオホールディングス(株),東証PRM,"4,555",-50,-1.09,"64,000",2026/09/11
1260,1260,1861,(株)熊谷組,東証PRM,"1,278",-14,-1.08,"819,900",2026/09/11
1261,1261,2058,(株)ヒガシマル,福証,"1,004",-11,-1.08,500,2026/09/11
1262,1262,3482,ロードスターキャピタル(株),東証PRM,"2,468",-27,-1.08,"96,800",2026/09/11
1263,1263,4264,(株)セキュア,東証GRT,"1,380",-15,-1.08,"38,900",2026/09/11
1264,1264,4750,(株)ダイサン,東証STD,549,-6,-1.08,"2,600",2026/09/11
1265,1265,5464,モリ工業(株),東証STD,914,-10,-1.08,"42,100",2026/09/11
1266,1266,7952,(株)河合楽器製作所,東証PRM,"3,200",-35,-1.08,"14,100",2026/09/11
1267,1267,9020,東日本旅客鉄道(株),東証PRM,"3,493",-38,-1.08,"2,777,300",2026/09/11
1268,1268,1867,(株)植木組,東証STD,"2,675",-29,-1.07,"4,100",2026/09/11
1269,1269,3851,(株)日本一ソフトウェア,東証STD,"1,393",-15,-1.07,"143,100",2026/09/11
1270,1270,4482,(株)ウィルズ,東証GRT,739,-8,-1.07,"8,200",2026/09/11
1271,1271,542A,(株)ビタブリッドジャパン,東証GRT,"1,018",-11,-1.07,"16,200",2026/09/11
1272,1272,5801,古河電気工業(株),東証PRM,"3,981",-43,-1.07,"23,237,900",2026/09/11
1273,1273,7716,(株)ナカニシ,東証STD,"2,954",-32,-1.07,"250,900",2026/09/11
1274,1274,8844,(株)コスモスイニシア,東証STD,"1,207",-13,-1.07,"203,700",2026/09/11
1275,1275,1811,(株)錢高組,東証STD,"7,490",-80,-1.06,900,2026/09/11
1276,1276,2972,サンケイリアルエステート投資法人,東証,"103,100","-1,100",-1.06,"2,819",2026/09/11
1277,1277,3087,(株)ドトール・日レスホールディングス,東証PRM,"3,275",-35,-1.06,"129,700",2026/09/11
1278,1278,3358,Ｔｒａｉｌｈｅａｄ　Ｇｌｏｂａｌ　Ｈｏｌｄｉｎｇｓ(株),東証STD,93,-1,-1.06,"37,900",2026/09/11
1279,1279,3547,(株)ユニシアホールディングス,東証STD,"1,865",-20,-1.06,"19,000",2026/09/11
1280,1280,366A,ウェルネス・コミュニケーションズ(株),東証GRT,"1,120",-12,-1.06,"17,600",2026/09/11
1281,1281,3909,(株)ショーケース,東証STD,187,-2,-1.06,"1,800",2026/09/11
1282,1282,3970,(株)イノベーション,東証STD,840,-9,-1.06,600,2026/09/11
1283,1283,4388,(株)エーアイ,東証STD,373,-4,-1.06,"20,800",2026/09/11
1284,1284,7793,(株)イメージ・マジック,東証GRT,"1,500",-16,-1.06,"1,000",2026/09/11
1285,1285,2269,明治ホールディングス(株),東証PRM,"4,257",-45,-1.05,"1,055,300",2026/09/11
1286,1286,4180,Ａｐｐｉｅｒ　Ｇｒｏｕｐ(株),東証PRM,"1,420",-15,-1.05,"1,323,600",2026/09/11
1287,1287,5952,アマテイ(株),東証STD,189,-2,-1.05,"13,700",2026/09/11
1288,1288,6776,天昇電気工業(株),東証STD,282,-3,-1.05,"9,900",2026/09/11
1289,1289,6824,新コスモス電機(株),東証STD,"4,230",-45,-1.05,"22,200",2026/09/11
1290,1290,7564,(株)ワークマン,東証STD,"5,670",-60,-1.05,"306,400",2026/09/11
1291,1291,9979,(株)大庄,東証STD,"1,040",-11,-1.05,"60,300",2026/09/11
1292,1292,9980,ＭＲＫホールディングス(株),東証STD,94,-1,-1.05,"93,400",2026/09/11
1293,1293,1545,(NEXT FUNDS)NASDAQ-100(H無)連動型上場投信,東証ETF,227.5,-2.4,-1.04,"2,981,250",2026/09/11
1294,1294,1723,日本電技(株),東証STD,"2,485",-26,-1.04,"191,600",2026/09/11
1295,1295,1964,中外炉工業(株),東証PRM,"3,805",-40,-1.04,"39,800",2026/09/11
1296,1296,1969,高砂熱学工業(株),東証PRM,"4,395",-46,-1.04,"537,900",2026/09/11
1297,1297,205A,(株)ロゴスホールディングス,東証GRT,"1,610",-17,-1.04,"21,700",2026/09/11
1298,1298,2461,(株)ファンコミュニケーションズ,東証PRM,382,-4,-1.04,"140,700",2026/09/11
1299,1299,3269,アドバンス・レジデンス投資法人,東証,"143,000","-1,500",-1.04,"14,179",2026/09/11
1300,1300,3442,(株)ＭＩＥコーポレーション,名証MN,"1,801",-19,-1.04,100,2026/09/11
1301,1301,4251,恵和(株),東証PRM,"1,145",-12,-1.04,"105,300",2026/09/11
1302,1302,7595,(株)アルゴグラフィックス,東証PRM,"1,236",-13,-1.04,"207,700",2026/09/11
1303,1303,8952,ジャパンリアルエステイト投資法人,東証,"114,100","-1,200",-1.04,"38,974",2026/09/11
1304,1304,9685,ＫＹＣＯＭホールディングス(株),東証STD,570,-6,-1.04,"3,500",2026/09/11
1305,1305,1398,SMDAM 東証REIT指数上場投信,東証ETF,"1,778.5",-18.5,-1.03,"247,650",2026/09/11
1306,1306,6101,(株)ツガミ,東証PRM,"4,825",-50,-1.03,"506,500",2026/09/11
1307,1307,6702,富士通(株),東証PRM,"3,749",-39,-1.03,"7,876,000",2026/09/11
1308,1308,7719,(株)東京衡機,東証STD,481,-5,-1.03,"140,400",2026/09/11
1309,1309,8005,(株)スクロール,東証PRM,"1,729",-18,-1.03,"225,100",2026/09/11
1310,1310,8935,(株)ＦＪネクストホールディングス,東証PRM,"1,920",-20,-1.03,"61,400",2026/09/11
1311,1311,1332,(株)ニッスイ,東証PRM,"1,170",-12,-1.02,"1,775,500",2026/09/11
1312,1312,1826,佐田建設(株),東証STD,"1,071",-11,-1.02,"2,800",2026/09/11
1313,1313,1852,(株)淺沼組,東証PRM,871,-9,-1.02,"406,300",2026/09/11
1314,1314,2160,(株)ジーエヌアイグループ,東証GRT,"2,897",-30,-1.02,"787,000",2026/09/11
1315,1315,2254,GX チャイナEV&バッテリー,東証ETF,970,-10,-1.02,"23,376",2026/09/11
1316,1316,2557,SMDAM トピックス上場投信,東証ETF,"4,059",-42,-1.02,110,2026/09/11
1317,1317,2813,和弘食品(株),東証STD,"3,900",-40,-1.02,"1,600",2026/09/11
1318,1318,3139,(株)ラクト・ジャパン,東証PRM,"3,380",-35,-1.02,"34,500",2026/09/11
1319,1319,3864,三菱製紙(株),東証PRM,"1,169",-12,-1.02,"108,500",2026/09/11
1320,1320,3950,ザ・パック(株),東証PRM,"1,454",-15,-1.02,"117,100",2026/09/11
1321,1321,6287,(株)サトー,東証PRM,"2,613",-27,-1.02,"96,000",2026/09/11
1322,1322,6537,ＷＡＳＨハウス(株),東証GRT,292,-3,-1.02,"9,500",2026/09/11
1323,1323,6954,ファナック(株),東証PRM,"5,735",-59,-1.02,"7,214,400",2026/09/11
1324,1324,7049,(株)識学,東証GRT,780,-8,-1.02,"15,400",2026/09/11
1325,1325,7278,(株)エクセディ,東証PRM,"5,810",-60,-1.02,"348,100",2026/09/11
1326,1326,7792,(株)コラントッテ,東証GRT,"1,462",-15,-1.02,"15,600",2026/09/11
1327,1327,8919,(株)カチタス,東証PRM,"3,410",-35,-1.02,"280,300",2026/09/11
1328,1328,8920,(株)東祥,東証STD,679,-7,-1.02,"126,600",2026/09/11
1329,1329,9159,(株)Ｗ　ＴＯＫＹＯ,東証GRT,"1,936",-20,-1.02,"2,700",2026/09/11
1330,1330,9258,(株)ＣＳ－Ｃ,東証GRT,290,-3,-1.02,"5,900",2026/09/11
1331,1331,9740,ＣＳＰ,東証PRM,"2,626",-27,-1.02,"20,400",2026/09/11
1332,1332,1860,戸田建設(株),東証PRM,"1,472",-15,-1.01,"849,400",2026/09/11
1333,1333,2157,(株)コシダカホールディングス,東証PRM,977,-10,-1.01,"465,800",2026/09/11
1334,1334,2621,iシェアーズ 米国債20年超(H有),東証ETF,983,-10,-1.01,"533,986",2026/09/11
1335,1335,3241,(株)ウィル,東証STD,588,-6,-1.01,"5,600",2026/09/11
1336,1336,438A,(株)インフキュリオン,東証GRT,984,-10,-1.01,"64,900",2026/09/11
1337,1337,4755,楽天グループ(株),東証PRM,716.3,-7.3,-1.01,"12,169,700",2026/09/11
1338,1338,7071,(株)アンビスホールディングス,東証PRM,391,-4,-1.01,"190,800",2026/09/11
1339,1339,8181,(株)東天紅,東証STD,983,-10,-1.01,"6,300",2026/09/11
1340,1340,9215,(株)ＣａＳｙ,東証GRT,983,-10,-1.01,"2,000",2026/09/11
1341,1341,141A,(株)トライアルホールディングス,東証GRT,"3,945",-40,-1.0,"612,100",2026/09/11
1342,1342,179A,GX 超長期米国債 (H有),東証ETF,237.6,-2.4,-1.0,"18,780",2026/09/11
1343,1343,2566,上場インデックスファンド日経ESGリート,東証ETF,993,-10,-1.0,"2,469",2026/09/11
1344,1344,3224,(株)ゼネラル・オイスター,東証GRT,693,-7,-1.0,"2,600",2026/09/11
1345,1345,3352,(株)バッファロー,東証STD,"1,780",-18,-1.0,600,2026/09/11
1346,1346,3836,(株)アバントグループ,東証PRM,"1,190",-12,-1.0,"88,500",2026/09/11
1347,1347,4528,小野薬品工業(株),東証PRM,"2,320",-23.5,-1.0,"1,647,400",2026/09/11
1348,1348,513A,GX 防衛テック-日本株式,東証ETF,791,-8,-1.0,"314,266",2026/09/11
1349,1349,7172,(株)ジャパンインベストメントアドバイザー,東証PRM,"2,073",-21,-1.0,"116,200",2026/09/11
1350,1350,7368,表示灯(株),東証STD,"1,678",-17,-1.0,"2,200",2026/09/11
1351,1351,9715,トランスコスモス(株),東証PRM,"3,470",-35,-1.0,"173,400",2026/09/11
1352,1352,1801,大成建設(株),東証PRM,"12,470",-125,-0.99,"881,500",2026/09/11
1353,1353,2087,NZAM 上場投信 NASDAQ100(H有),東証ETF,"3,412",-34,-0.99,"1,828",2026/09/11
1354,1354,2152,幼児活動研究会(株),東証STD,"1,498",-15,-0.99,200,2026/09/11
1355,1355,2237,iFreeETF S&P500レバレッジ,東証ETF,"2,405",-24,-0.99,"13,024",2026/09/11
1356,1356,2590,ダイドーグループホールディングス(株),東証PRM,"3,015",-30,-0.99,"78,600",2026/09/11
1357,1357,3279,アクティビア・プロパティーズ投資法人,東証,"130,600","-1,300",-0.99,"10,145",2026/09/11
1358,1358,5137,(株)スマートドライブ,東証GRT,299,-3,-0.99,"380,900",2026/09/11
1359,1359,5380,新東(株),東証STD,"1,500",-15,-0.99,"14,200",2026/09/11
1360,1360,5915,(株)駒井ハルテック,東証STD,"2,395",-24,-0.99,"2,400",2026/09/11
1361,1361,6198,(株)キャリア,東証GRT,200,-2,-0.99,"2,300",2026/09/11
1362,1362,7502,(株)プラザホールディングス,東証STD,"1,702",-17,-0.99,"1,000",2026/09/11
1363,1363,7522,ワタミ(株),東証PRM,904,-9,-0.99,"183,200",2026/09/11
1364,1364,9501,東京電力ホールディングス(株),東証PRM,540.9,-5.4,-0.99,"35,803,900",2026/09/11
1365,1365,160A,(株)アズパートナーズ,東証STD,"1,921",-19,-0.98,"6,700",2026/09/11
1366,1366,1658,iシェアーズ･コア MSCI 新興国株 ETF,東証ETF,"4,250",-42,-0.98,"3,160",2026/09/11
1367,1367,1777,川崎設備工業(株),名証MN,"2,322",-23,-0.98,"3,900",2026/09/11
1368,1368,2173,(株)博展,東証GRT,705,-7,-0.98,"6,600",2026/09/11
1369,1369,2809,キユーピー(株),東証PRM,"4,545",-45,-0.98,"345,700",2026/09/11
1370,1370,3444,(株)菊池製作所,東証STD,"1,015",-10,-0.98,"142,100",2026/09/11
1371,1371,3466,ラサールロジポート投資法人,東証,"141,900","-1,400",-0.98,"7,873",2026/09/11
1372,1372,4416,(株)Ｔｒｕｅ　Ｄａｔａ,東証GRT,405,-4,-0.98,"1,700",2026/09/11
1373,1373,6561,(株)ＨＡＮＡＴＯＵＲ　ＪＡＰＡＮ,東証GRT,811,-8,-0.98,"10,400",2026/09/11
1374,1374,6648,(株)かわでん,東証STD,"1,620",-16,-0.98,"30,800",2026/09/11
1375,1375,6914,オプテックスグループ(株),東証PRM,"3,045",-30,-0.98,"170,200",2026/09/11
1376,1376,8737,(株)あかつき本社,東証STD,609,-6,-0.98,"54,400",2026/09/11
1377,1377,8963,インヴィンシブル投資法人,東証,"60,700",-600,-0.98,"115,233",2026/09/11
1378,1378,8976,大和証券オフィス投資法人,東証,"302,500","-3,000",-0.98,"3,921",2026/09/11
1379,1379,1419,タマホーム(株),東証PRM,"2,852",-28,-0.97,"102,600",2026/09/11
1380,1380,2042,NEXT NOTES 東証グロース市場250 ETN,東証ETF,"8,076",-79,-0.97,5,2026/09/11
1381,1381,274A,(株)ガーデン,東証STD,"2,241",-22,-0.97,"6,100",2026/09/11
1382,1382,2855,GX グリーン・J-REIT,東証ETF,917,-9,-0.97,131,2026/09/11
1383,1383,3041,(株)ビューティカダンホールディングス,東証STD,408,-4,-0.97,"1,800",2026/09/11
1384,1384,3153,八洲電機(株),東証PRM,"2,976",-29,-0.97,"90,000",2026/09/11
1385,1385,3433,トーカロ(株),東証PRM,"2,752",-27,-0.97,"250,100",2026/09/11
1386,1386,3471,三井不動産ロジスティクスパーク投資法人,東証,"102,000","-1,000",-0.97,"13,318",2026/09/11
1387,1387,4674,(株)クレスコ,東証PRM,"1,742",-17,-0.97,"164,900",2026/09/11
1388,1388,5929,三和ホールディングス(株),東証PRM,"3,367",-33,-0.97,"967,000",2026/09/11
1389,1389,6663,太洋テクノレックス(株),東証STD,305,-3,-0.97,"22,100",2026/09/11
1390,1390,6908,イリソ電子工業(株),東証PRM,"2,750",-27,-0.97,"114,700",2026/09/11
1391,1391,7130,ヤマエグループホールディングス(株),東証PRM,"2,767",-27,-0.97,"87,800",2026/09/11
1392,1392,7707,プレシジョン・システム・サイエンス(株),東証GRT,204,-2,-0.97,"62,900",2026/09/11
1393,1393,8012,長瀬産業(株),東証PRM,"1,128",-11,-0.97,"826,300",2026/09/11
1394,1394,8165,(株)千趣会,東証STD,102,-1,-0.97,"168,600",2026/09/11
1395,1395,9022,東海旅客鉄道(株),東証PRM,"3,797",-37,-0.97,"2,275,800",2026/09/11
1396,1396,1719,安藤ハザマ,東証PRM,"1,862",-18,-0.96,"846,800",2026/09/11
1397,1397,1930,北陸電気工事(株),東証PRM,"1,552",-15,-0.96,"51,000",2026/09/11
1398,1398,3205,(株)ダイドーリミテッド,東証STD,722,-7,-0.96,"126,100",2026/09/11
1399,1399,407A,(株)ＵＮＩＣＯＮホールディングス,東証STD,925,-9,-0.96,"15,200",2026/09/11
1400,1400,6929,日本セラミック(株),東証PRM,"3,605",-35,-0.96,"89,100",2026/09/11
1401,1401,7992,セーラー万年筆(株),東証STD,103,-1,-0.96,"30,700",2026/09/11
1402,1402,8364,(株)清水銀行,東証PRM,"3,110",-30,-0.96,"39,400",2026/09/11
1403,1403,9202,ＡＮＡホールディングス(株),東証PRM,"2,935",-28.5,-0.96,"2,553,900",2026/09/11
1404,1404,2844,上場インデックスファンド豪州国債(H無),東証ETF,"5,318",-51,-0.95,"4,888",2026/09/11
1405,1405,3249,産業ファンド投資法人,東証,"135,800","-1,300",-0.95,"14,086",2026/09/11
1406,1406,3359,(株)ｃｏｔｔａ,東証GRT,522,-5,-0.95,"23,900",2026/09/11
1407,1407,3468,スターアジア不動産投資法人,東証,"52,400",-500,-0.95,"17,850",2026/09/11
1408,1408,3712,(株)情報企画,東証STD,"1,045",-10,-0.95,"4,300",2026/09/11
1409,1409,3843,フリービット(株),東証PRM,"1,664",-16,-0.95,"39,600",2026/09/11
1410,1410,4763,(株)クリーク・アンド・リバー社,東証PRM,"1,455",-14,-0.95,"35,400",2026/09/11
1411,1411,4766,(株)ピーエイ,東証STD,208,-2,-0.95,"5,800",2026/09/11
1412,1412,4784,ＧＭＯインターネット(株),東証PRM,523,-5,-0.95,"1,057,900",2026/09/11
1413,1413,5905,日本製罐(株),東証STD,"1,360",-13,-0.95,800,2026/09/11
1414,1414,6391,(株)加地テック,東証STD,"4,670",-45,-0.95,"1,900",2026/09/11
1415,1415,8864,空港施設(株),東証STD,937,-9,-0.95,"66,800",2026/09/11
1416,1416,9423,(株)ＦＲＳ,東証STD,104,-1,-0.95,"116,000",2026/09/11
1417,1417,1597,MAXIS Jリート上場投信,東証ETF,"1,789",-17,-0.94,"126,911",2026/09/11
1418,1418,1798,(株)守谷商会,東証STD,"1,050",-10,-0.94,"1,800",2026/09/11
1419,1419,2449,(株)プラップジャパン,東証STD,"1,050",-10,-0.94,"4,000",2026/09/11
1420,1420,2528,iFreeETF 東証REIT Core指数,東証ETF,"1,052",-10,-0.94,"13,261",2026/09/11
1421,1421,3290,Oneリート投資法人,東証,"73,600",-700,-0.94,"6,145",2026/09/11
1422,1422,3773,(株)アドバンスト・メディア,東証GRT,"1,058",-10,-0.94,"19,900",2026/09/11
1423,1423,4433,(株)ヒト・コミュニケーションズ・ホールディングス,東証PRM,844,-8,-0.94,"31,900",2026/09/11
1424,1424,4549,栄研化学(株),東証PRM,"2,216",-21,-0.94,"130,100",2026/09/11
1425,1425,4641,(株)アルプス技研,東証PRM,841,-8,-0.94,"106,300",2026/09/11
1426,1426,7283,愛三工業(株),東証PRM,"2,117",-20,-0.94,"188,600",2026/09/11
1427,1427,8227,(株)しまむら,東証PRM,"3,171",-30,-0.94,"678,700",2026/09/11
1428,1428,8955,日本プライムリアルティ投資法人,東証,"94,500",-900,-0.94,"14,052",2026/09/11
1429,1429,9201,日本航空(株),東証PRM,"2,964",-28,-0.94,"2,339,100",2026/09/11
1430,1430,9369,(株)キユーソー流通システム,東証STD,"2,935",-28,-0.94,"36,400",2026/09/11
1431,1431,1627,(NEXT FUNDS)電力･ガス上場投信,東証ETF,"12,805",-120,-0.93,"2,956",2026/09/11
1432,1432,2216,カンロ(株),東証STD,"1,066",-10,-0.93,"50,700",2026/09/11
1433,1433,2250,iシェアーズ MSCI ジャパン気候変動アクション ETF,東証ETF,363.3,-3.4,-0.93,160,2026/09/11
1434,1434,2556,One ETF 東証REIT指数,東証ETF,"1,813",-17,-0.93,"45,120",2026/09/11
1435,1435,2848,GX MSCI 気候変動対応-日本株式,東証ETF,"2,997",-28,-0.93,22,2026/09/11
1436,1436,335A,(株)ミライロ,東証GRT,320,-3,-0.93,"8,900",2026/09/11
1437,1437,3407,旭化成(株),東証PRM,"1,552",-14.5,-0.93,"4,562,300",2026/09/11
1438,1438,4829,日本エンタープライズ(株),東証STD,107,-1,-0.93,"224,500",2026/09/11
1439,1439,4847,(株)インテリジェント　ウェイブ,東証PRM,"1,378",-13,-0.93,"37,100",2026/09/11
1440,1440,6193,バーチャレクス・ホールディングス(株),東証GRT,"1,166",-11,-0.93,"11,500",2026/09/11
1441,1441,6540,(株)船場,東証STD,"1,493",-14,-0.93,"19,000",2026/09/11
1442,1442,6555,(株)ＭＳ＆Ｃｏｎｓｕｌｔｉｎｇ,東証STD,425,-4,-0.93,"2,100",2026/09/11
1443,1443,7065,ユーピーアール(株),東証STD,954,-9,-0.93,"31,600",2026/09/11
1444,1444,7297,(株)カーメイト,東証STD,855,-8,-0.93,"4,900",2026/09/11
1445,1445,7795,(株)ＫＹＯＲＩＴＳＵ,東証STD,213,-2,-0.93,"43,400",2026/09/11
1446,1446,9622,(株)スペース,東証PRM,"1,388",-13,-0.93,"52,200",2026/09/11
1447,1447,1660,MAXIS高利回りJリート上場投信,東証ETF,"10,270",-95,-0.92,"1,860",2026/09/11
1448,1448,180A,GX 超長期米国債,東証ETF,268.4,-2.5,-0.92,"863,300",2026/09/11
1449,1449,1939,(株)四電工,東証PRM,"2,269",-21,-0.92,"71,100",2026/09/11
1450,1450,2483,(株)翻訳センター,東証STD,"2,151",-20,-0.92,"8,400",2026/09/11
1451,1451,3282,コンフォリア・レジデンシャル投資法人,東証,"97,100",-900,-0.92,"11,128",2026/09/11
1452,1452,3495,香陵住販(株),東証STD,"2,260",-21,-0.92,200,2026/09/11
1453,1453,4116,大日精化工業(株),東証PRM,"1,294",-12,-0.92,"133,000",2026/09/11
1454,1454,4382,ＨＥＲＯＺ(株),東証STD,757,-7,-0.92,"125,300",2026/09/11
1455,1455,4728,(株)トーセ,東証STD,644,-6,-0.92,"4,800",2026/09/11
1456,1456,6078,(株)バリューＨＲ,東証PRM,"1,508",-14,-0.92,"30,500",2026/09/11
1457,1457,7914,共同印刷(株),東証PRM,"1,725",-16,-0.92,"70,200",2026/09/11
1458,1458,8046,丸藤シートパイル(株),東証STD,973,-9,-0.92,"9,000",2026/09/11
1459,1459,8957,東急リアル・エステート投資法人,東証,"184,000","-1,700",-0.92,"4,673",2026/09/11
1460,1460,2674,(株)ハードオフコーポレーション,東証PRM,"2,501",-23,-0.91,"57,800",2026/09/11
1461,1461,379A,GX S&P500 (ダイナミック・プロテクション),東証ETF,"1,302",-12,-0.91,650,2026/09/11
1462,1462,3800,(株)ユニリタ,東証STD,"1,960",-18,-0.91,900,2026/09/11
1463,1463,5279,日本興業(株),東証STD,"1,195",-11,-0.91,"3,200",2026/09/11
1464,1464,5440,共英製鋼(株),東証PRM,"1,959",-18,-0.91,"108,200",2026/09/11
1465,1465,7599,(株)ＩＤＯＭ,東証PRM,"1,203",-11,-0.91,"950,700",2026/09/11
1466,1466,7606,(株)ユナイテッドアローズ,東証PRM,"2,299",-21,-0.91,"232,200",2026/09/11
1467,1467,8244,(株)近鉄百貨店,東証STD,"1,856",-17,-0.91,"38,000",2026/09/11
1468,1468,8596,(株)九州リースサービス,東証STD,"1,524",-14,-0.91,"23,000",2026/09/11
1469,1469,9709,ＮＣＳ＆Ａ(株),東証STD,"1,201",-11,-0.91,"6,300",2026/09/11
1470,1470,1835,東鉄工業(株),東証PRM,"3,860",-35,-0.9,"83,800",2026/09/11
1471,1471,4284,(株)ソルクシーズ,東証STD,441,-4,-0.9,"19,700",2026/09/11
1472,1472,7083,ＡＨＣグループ(株),東証GRT,"1,105",-10,-0.9,"2,700",2026/09/11
1473,1473,8233,(株)高島屋,東証PRM,"2,099.5",-19,-0.9,"2,187,500",2026/09/11
1474,1474,8897,ＭＩＲＡＲＴＨホールディングス(株),東証PRM,438,-4,-0.9,"652,500",2026/09/11
1475,1475,9009,京成電鉄(株),東証PRM,"1,382.5",-12.5,-0.9,"2,371,400",2026/09/11
1476,1476,9439,(株)エム・エイチ・グループ,東証STD,220,-2,-0.9,"9,800",2026/09/11
1477,1477,3674,(株)オークファン,東証GRT,333,-3,-0.89,"8,700",2026/09/11
1478,1478,4439,(株)東名,東証STD,777,-7,-0.89,"5,900",2026/09/11
1479,1479,6151,日東工器(株),東証PRM,"1,679",-15,-0.89,"14,600",2026/09/11
1480,1480,6574,(株)コンヴァノ,東証GRT,111,-1,-0.89,"977,300",2026/09/11
1481,1481,7217,(株)テイン,東証STD,447,-4,-0.89,"8,200",2026/09/11
1482,1482,8951,日本ビルファンド投資法人,東証,"121,900","-1,100",-0.89,"51,856",2026/09/11
1483,1483,9880,イノテック(株),東証PRM,"3,350",-30,-0.89,"143,200",2026/09/11
1484,1484,1833,(株)奥村組,東証PRM,"5,650",-50,-0.88,"171,700",2026/09/11
1485,1485,2978,(株)ツクルバ,東証GRT,336,-3,-0.88,"3,600",2026/09/11
1486,1486,4337,ぴあ(株),東証PRM,"2,591",-23,-0.88,"26,500",2026/09/11
1487,1487,4477,ＢＡＳＥ(株),東証GRT,336,-3,-0.88,"1,072,800",2026/09/11
1488,1488,5218,(株)オハラ,東証STD,"1,581",-14,-0.88,"69,700",2026/09/11
1489,1489,6630,ヤーマン(株),東証PRM,785,-7,-0.88,"68,300",2026/09/11
1490,1490,7745,(株)Ａ＆Ｄホロンホールディングス,東証PRM,"2,828",-25,-0.88,"94,800",2026/09/11
1491,1491,7919,野崎印刷紙業(株),東証STD,226,-2,-0.88,"11,300",2026/09/11
1492,1492,1716,第一カッター興業(株),東証STD,"1,366",-12,-0.87,"23,100",2026/09/11
1493,1493,2778,パレモ・ホールディングス(株),東証STD,114,-1,-0.87,"70,200",2026/09/11
1494,1494,2862,上場インデックスファンドフランス国債(H有),東証ETF,"3,766",-33,-0.87,16,2026/09/11
1495,1495,3744,サイオス(株),東証STD,456,-4,-0.87,"7,100",2026/09/11
1496,1496,4288,(株)アズジェント,東証STD,456,-4,-0.87,"11,000",2026/09/11
1497,1497,5162,(株)朝日ラバー,東証STD,797,-7,-0.87,200,2026/09/11
1498,1498,5991,ニッパツ,東証PRM,"3,301",-29,-0.87,"810,200",2026/09/11
1499,1499,6632,(株)ＪＶＣケンウッド,東証PRM,967.3,-8.5,-0.87,"1,407,900",2026/09/11
1500,1500,7545,(株)西松屋チェーン,東証PRM,"1,938",-17,-0.87,"141,400",2026/09/11
1501,1501,7979,(株)松風,東証PRM,"2,158",-19,-0.87,"91,200",2026/09/11
1502,1502,9162,(株)ブリーチ,東証GRT,228,-2,-0.87,"3,700",2026/09/11
1503,1503,1828,田辺工業(株),東証STD,"2,425",-21,-0.86,"24,300",2026/09/11
1504,1504,2164,(株)地域新聞社,東証STD,115,-1,-0.86,"76,600",2026/09/11
1505,1505,244A,グロースエクスパートナーズ(株),東証GRT,"1,150",-10,-0.86,900,2026/09/11
1506,1506,2702,日本マクドナルドホールディングス(株),東証STD,"8,030",-70,-0.86,"445,000",2026/09/11
1507,1507,2858,GX 日経225 カバード・コール (プレミアム再投資型),東証ETF,"1,490",-13,-0.86,"1,329",2026/09/11
1508,1508,3034,クオールホールディングス(株),東証PRM,"2,199",-19,-0.86,"129,200",2026/09/11
1509,1509,3542,(株)ベガコーポレーション,東証GRT,"1,495",-13,-0.86,"24,500",2026/09/11
1510,1510,3925,(株)ダブルスタンダード,東証PRM,"1,271",-11,-0.86,"41,100",2026/09/11
1511,1511,4021,日産化学(株),東証PRM,"7,878",-68,-0.86,"799,400",2026/09/11
1512,1512,4450,(株)パワーソリューションズ,東証GRT,"2,302",-20,-0.86,"1,500",2026/09/11
1513,1513,4588,オンコリスバイオファーマ(株),東証GRT,"5,740",-50,-0.86,"1,738,400",2026/09/11
1514,1514,4657,(株)環境管理センター,東証STD,460,-4,-0.86,"4,000",2026/09/11
1515,1515,5038,(株)ｅＷｅＬＬ,東証GRT,"2,064",-18,-0.86,"29,600",2026/09/11
1516,1516,7175,今村証券(株),東証STD,"1,958",-17,-0.86,"4,100",2026/09/11
1517,1517,7356,Ｒｅｔｔｙ(株),東証GRT,115,-1,-0.86,"26,300",2026/09/11
1518,1518,1814,大末建設(株),東証PRM,"3,485",-30,-0.85,"77,100",2026/09/11
1519,1519,2083,(NEXT FUNDS) 日本成長株アクティブ,東証ETF,"3,840",-33,-0.85,"3,193",2026/09/11
1520,1520,303A,(株)ｖｉｓｕｍｏ,東証GRT,583,-5,-0.85,"1,200",2026/09/11
1521,1521,3226,三井不動産アコモデーションファンド投資法人,東証,"116,100","-1,000",-0.85,"12,800",2026/09/11
1522,1522,3696,(株)セレス,東証PRM,"2,110",-18,-0.85,"72,400",2026/09/11
1523,1523,4242,(株)タカギセイコー,東証STD,"1,751",-15,-0.85,"3,700",2026/09/11
1524,1524,4390,(株)アイ・ピー・エス,東証PRM,"4,085",-35,-0.85,"56,200",2026/09/11
1525,1525,4825,(株)ウェザーニューズ,東証PRM,"1,978",-17,-0.85,"146,200",2026/09/11
1526,1526,5021,コスモエネルギーホールディングス(株),東証PRM,"4,523",-39,-0.85,"635,600",2026/09/11
1527,1527,606A,金2倍ブルETF,東証ETF,"20,530",-175,-0.85,"4,840",2026/09/11
1528,1528,6150,タケダ機械(株),東証STD,"2,790",-24,-0.85,600,2026/09/11
1529,1529,6200,(株)インソース,東証PRM,697,-6,-0.85,"357,400",2026/09/11
1530,1530,6579,ログリー(株),東証GRT,351,-3,-0.85,200,2026/09/11
1531,1531,7375,(株)リファインバースグループ,東証GRT,"1,167",-10,-0.85,"285,200",2026/09/11
1532,1532,7409,ＡｅｒｏＥｄｇｅ(株),東証GRT,"1,403",-12,-0.85,"172,800",2026/09/11
1533,1533,7971,東リ(株),東証STD,697,-6,-0.85,"91,200",2026/09/11
1534,1534,8473,ＳＢＩホールディングス(株),東証PRM,"3,262",-28,-0.85,"2,905,500",2026/09/11
1535,1535,9908,Ｄｅｎｋｅｉ,東証STD,"2,794",-24,-0.85,"10,400",2026/09/11
1536,1536,1959,(株)クラフティア,東証PRM,"7,887",-67,-0.84,"172,500",2026/09/11
1537,1537,2294,(株)柿安本店,東証PRM,"2,480",-21,-0.84,"48,700",2026/09/11
1538,1538,2517,MAXIS Jリート･コア上場投信,東証ETF,"1,060.5",-9,-0.84,"4,190",2026/09/11
1539,1539,2642,SMT ETFカーボン・エフィシェント日本株,東証ETF,"52,850",-450,-0.84,1,2026/09/11
1540,1540,6239,(株)ナガオカ,東証STD,"1,420",-12,-0.84,"1,500",2026/09/11
1541,1541,6305,日立建機(株),東証PRM,"5,633",-48,-0.84,"1,227,400",2026/09/11
1542,1542,8152,ソマール(株),東証STD,"7,100",-60,-0.84,"1,400",2026/09/11
1543,1543,8228,(株)マルイチ産商,名証MN,"1,064",-9,-0.84,"25,800",2026/09/11
1544,1544,8961,森トラストリート投資法人,東証,"70,700",-600,-0.84,"10,702",2026/09/11
1545,1545,2071,スマート ESG30 総合(ネットリターン)ETN,東証ETF,"19,210",-160,-0.83,538,2026/09/11
1546,1546,2841,iFreeETF NASDAQ100(H有),東証ETF,"1,676",-14,-0.83,"48,913",2026/09/11
1547,1547,3032,(株)ゴルフ・ドゥ,名証NXT,240,-2,-0.83,"8,300",2026/09/11
1548,1548,3455,ヘルスケア＆メディカル投資法人,東証,"95,300",-800,-0.83,"4,989",2026/09/11
1549,1549,4886,あすか製薬ホールディングス(株),東証PRM,"2,040",-17,-0.83,"53,500",2026/09/11
1550,1550,5269,日本コンクリート工業(株),東証PRM,359,-3,-0.83,"179,700",2026/09/11
1551,1551,7231,トピー工業(株),東証PRM,"3,000",-25,-0.83,"132,500",2026/09/11
1552,1552,9812,(株)テーオーホールディングス,東証STD,240,-2,-0.83,"1,000",2026/09/11
1553,1553,1305,iFreeETF TOPIX(年1回決算型),東証ETF,"4,236",-35,-0.82,"155,020",2026/09/11
1554,1554,2153,Ｅ・Ｊホールディングス(株),東証PRM,"1,817",-15,-0.82,"48,600",2026/09/11
1555,1555,3186,(株)ネクステージ,東証PRM,"2,915",-24,-0.82,"641,900",2026/09/11
1556,1556,3281,ＧＬＰ投資法人,東証,"132,500","-1,100",-0.82,"21,826",2026/09/11
1557,1557,3302,帝国繊維(株),東証PRM,"3,020",-25,-0.82,"58,500",2026/09/11
1558,1558,4208,ＵＢＥ(株),東証PRM,"3,380",-28,-0.82,"881,900",2026/09/11
1559,1559,5976,ネツレン,東証PRM,"1,446",-12,-0.82,"73,700",2026/09/11
1560,1560,5981,東京製綱(株),東証PRM,"1,818",-15,-0.82,"79,200",2026/09/11
1561,1561,6562,(株)ジーニー,東証GRT,972,-8,-0.82,"29,300",2026/09/11
1562,1562,9672,東京都競馬(株),東証PRM,"4,860",-40,-0.82,"52,100",2026/09/11
1563,1563,1477,iシェアーズ MSCI 日本株最小分散 ETF,東証ETF,"3,305",-27,-0.81,"13,187",2026/09/11
1564,1564,1487,上場インデックスファンド米国債券(H有),東証ETF,"11,565",-95,-0.81,"1,148",2026/09/11
1565,1565,1493,One ETF JPX日経中小型,東証ETF,"24,990",-205,-0.81,256,2026/09/11
1566,1566,1592,上場インデックス JPX日経インデックス400,東証ETF,"3,318",-27,-0.81,"3,599",2026/09/11
1567,1567,1681,上場インデックスファンド海外新興国株式,東証ETF,"3,313",-27,-0.81,"1,132",2026/09/11
1568,1568,3470,マリモ地方創生リート投資法人,東証,"97,400",-800,-0.81,"1,892",2026/09/11
1569,1569,4720,(株)城南進学研究社,東証STD,245,-2,-0.81,"1,900",2026/09/11
1570,1570,5357,(株)ヨータイ,東証PRM,"1,716",-14,-0.81,"52,900",2026/09/11
1571,1571,7888,三光合成(株),東証PRM,858,-7,-0.81,"111,500",2026/09/11
1572,1572,7994,(株)オカムラ,東証PRM,"2,314",-19,-0.81,"356,200",2026/09/11
1573,1573,8977,阪急阪神リート投資法人,東証,"134,900","-1,100",-0.81,"3,331",2026/09/11
1574,1574,9039,(株)サカイ引越センター,東証PRM,"2,941",-24,-0.81,"84,000",2026/09/11
1575,1575,9476,(株)中央経済社ホールディングス,東証STD,979,-8,-0.81,"1,400",2026/09/11
1576,1576,1496,iシェアーズ 米ドル建て投資適格社債ETF(H有),東証ETF,"1,611",-13,-0.8,"3,936",2026/09/11
1577,1577,1672,WisdomTree 金上場投信,東証ETF,"62,200",-500,-0.8,192,2026/09/11
1578,1578,1832,(株)北海電工,札証,"1,370",-11,-0.8,"2,500",2026/09/11
1579,1579,2843,上場インデックスファンド豪州国債(H有),東証ETF,"3,597",-29,-0.8,"7,559",2026/09/11
1580,1580,2918,わらべや日洋ホールディングス(株),東証PRM,"2,719",-22,-0.8,"103,600",2026/09/11
1581,1581,3481,三菱地所物流リート投資法人,東証,"111,800",-900,-0.8,"7,907",2026/09/11
1582,1582,3537,昭栄薬品(株),東証STD,"1,747",-14,-0.8,200,2026/09/11
1583,1583,3538,(株)ウイルプラスホールディングス,東証STD,993,-8,-0.8,"14,700",2026/09/11
1584,1584,3622,ネットイヤーグループ(株),東証STD,493,-4,-0.8,"12,300",2026/09/11
1585,1585,4403,日油(株),東証PRM,"2,599",-21,-0.8,"830,900",2026/09/11
1586,1586,519A,(株)ベーシック,東証GRT,497,-4,-0.8,"5,900",2026/09/11
1587,1587,563A,GX NASDAQ100・デイリー・カバード・コール,東証ETF,998,-8,-0.8,"2,430,785",2026/09/11
1588,1588,6137,小池酸素工業(株),東証STD,"1,480",-12,-0.8,"26,100",2026/09/11
1589,1589,6484,(株)ＫＶＫ,東証STD,"2,226",-18,-0.8,500,2026/09/11
1590,1590,6538,(株)ディスラプターズ,東証STD,249,-2,-0.8,"64,100",2026/09/11
1591,1591,6549,ディーエムソリューションズ(株),東証STD,"1,114",-9,-0.8,"3,100",2026/09/11
1592,1592,7421,カッパ・クリエイト(株),東証PRM,"1,605",-13,-0.8,"124,800",2026/09/11
1593,1593,7611,(株)ハイデイ日高,東証PRM,"2,976",-24,-0.8,"109,700",2026/09/11
1594,1594,8282,(株)ケーズホールディングス,東証PRM,"1,848.5",-15,-0.8,"774,200",2026/09/11
1595,1595,8544,(株)京葉銀行,東証PRM,"2,839",-23,-0.8,"483,500",2026/09/11
1596,1596,9663,(株)ナガワ,東証PRM,"4,990",-40,-0.8,"40,100",2026/09/11
1597,1597,9702,(株)アイ・エス・ビー,東証PRM,"2,366",-19,-0.8,"16,200",2026/09/11
1598,1598,2017,iFreeETF JPXプライム150,東証ETF,"1,499",-12,-0.79,"18,950",2026/09/11
1599,1599,2846,(NEXT FUNDS) ダウ・ジョーンズ工業株30種(H有),東証ETF,"2,517",-20,-0.79,"10,282",2026/09/11
1600,1600,3443,川田テクノロジーズ(株),東証PRM,"1,375",-11,-0.79,"251,100",2026/09/11
1601,1601,4061,デンカ(株),東証PRM,"3,286",-26,-0.79,"738,100",2026/09/11
1602,1602,4769,(株)ＩＣ,東証STD,"1,137",-9,-0.79,"1,400",2026/09/11
1603,1603,552A,MAXIS 米国AIインフラ株上場投信,東証ETF,"2,391",-19,-0.79,"4,506",2026/09/11
1604,1604,5942,日本フイルコン(株),東証STD,630,-5,-0.79,"12,900",2026/09/11
1605,1605,6810,マクセル(株),東証PRM,"2,501",-20,-0.79,"186,900",2026/09/11
1606,1606,7369,(株)メイホーホールディングス,東証GRT,376,-3,-0.79,"2,100",2026/09/11
1607,1607,7638,(株)ＮＥＷ　ＡＲＴ　ＨＯＬＤＩＮＧＳ,東証STD,"1,375",-11,-0.79,"18,300",2026/09/11
1608,1608,8163,ＳＲＳホールディングス(株),東証PRM,"1,513",-12,-0.79,"120,800",2026/09/11
1609,1609,151A,(株)ダイブグループ,東証GRT,634,-5,-0.78,"16,900",2026/09/11
1610,1610,2095,GX S&P500配当貴族 (H有),東証ETF,"1,152",-9,-0.78,"17,930",2026/09/11
1611,1611,2867,GX 自動運転&EV,東証ETF,"1,650",-13,-0.78,"1,928",2026/09/11
1612,1612,3238,セントラル総合開発(株),東証STD,384,-3,-0.78,"35,200",2026/09/11
1613,1613,3321,ミタチ産業(株),東証STD,"1,646",-13,-0.78,"17,400",2026/09/11
1614,1614,4218,ニチバン(株),東証PRM,"1,901",-15,-0.78,"31,400",2026/09/11
1615,1615,479A,ＰＲＯＮＩ(株),東証GRT,"1,910",-15,-0.78,"49,200",2026/09/11
1616,1616,4914,高砂香料工業(株),東証PRM,"1,277",-10,-0.78,"197,700",2026/09/11
1617,1617,6180,ＧＭＯメディア(株),東証GRT,"3,810",-30,-0.78,"3,700",2026/09/11
1618,1618,6775,(株)ＴＢグループ,東証STD,127,-1,-0.78,"118,000",2026/09/11
1619,1619,6941,山一電機(株),東証PRM,"7,630",-60,-0.78,"390,900",2026/09/11
1620,1620,8772,(株)アサックス,東証STD,891,-7,-0.78,"3,500",2026/09/11
1621,1621,9769,(株)学究社,東証PRM,"2,530",-20,-0.78,"17,600",2026/09/11
1622,1622,2170,(株)リンクアンドモチベーション,東証PRM,647,-5,-0.77,"222,800",2026/09/11
1623,1623,2569,上場インデックスファンド米国株式(NASDAQ100)H有,東証ETF,"4,261",-33,-0.77,"7,828",2026/09/11
1624,1624,3202,ダイトウボウ(株),東証STD,129,-1,-0.77,"15,600",2026/09/11
1625,1625,496A,One ETF 日本国債 17-20年,東証ETF,933.5,-7.2,-0.77,570,2026/09/11
1626,1626,5386,(株)鶴弥,名証MN,386,-3,-0.77,"3,600",2026/09/11
1627,1627,7373,(株)アイドマ・ホールディングス,東証GRT,901,-7,-0.77,"73,200",2026/09/11
1628,1628,7936,(株)アシックス,東証PRM,"3,989",-31,-0.77,"5,030,200",2026/09/11
1629,1629,8020,兼松(株),東証PRM,"2,263",-17.5,-0.77,"583,000",2026/09/11
1630,1630,8966,平和不動産リート投資法人,東証,"129,400","-1,000",-0.77,"8,255",2026/09/11
1631,1631,9312,ケイヒン(株),東証STD,"2,819",-22,-0.77,"9,500",2026/09/11
1632,1632,9843,(株)ニトリホールディングス,東証PRM,"3,242",-25,-0.77,"3,320,000",2026/09/11
1633,1633,1431,(株)Ｌｉｂ　Ｗｏｒｋ,東証GRT,650,-5,-0.76,"14,700",2026/09/11
1634,1634,150A,(株)ＪＳＨ,東証GRT,779,-6,-0.76,"208,800",2026/09/11
1635,1635,409A,オリオンビール(株),東証PRM,"1,171",-9,-0.76,"126,200",2026/09/11
1636,1636,4443,Ｓａｎｓａｎ(株),東証PRM,"1,961",-15,-0.76,"729,200",2026/09/11
1637,1637,4595,(株)ミズホメディー,東証STD,"1,690",-13,-0.76,"52,100",2026/09/11
1638,1638,5332,ＴＯＴＯ(株),東証PRM,"5,773",-44,-0.76,"1,066,100",2026/09/11
1639,1639,6331,三菱化工機(株),東証PRM,"3,255",-25,-0.76,"176,500",2026/09/11
1640,1640,7061,日本ホスピスホールディングス(株),東証GRT,521,-4,-0.76,"219,100",2026/09/11
1641,1641,9558,ジャパニアス(株),東証GRT,"1,960",-15,-0.76,"2,300",2026/09/11
1642,1642,9887,(株)松屋フーズホールディングス,東証PRM,"5,240",-40,-0.76,"41,200",2026/09/11
1643,1643,1736,(株)オーテック,東証STD,"2,382",-18,-0.75,"1,800",2026/09/11
1644,1644,2090,NZAM 上場投信 米国国債7-10年(H有),東証ETF,"4,240",-32,-0.75,"20,844",2026/09/11
1645,1645,2852,iシェアーズ グリーンJリート,東証ETF,171,-1.3,-0.75,"15,390",2026/09/11
1646,1646,2859,(NEXT FUNDS) ユーロ・ストックス50(H有),東証ETF,"3,158",-24,-0.75,510,2026/09/11
1647,1647,3161,アゼアス(株),東証STD,660,-5,-0.75,"18,300",2026/09/11
1648,1648,4299,(株)ハイマックス,東証STD,"1,195",-9,-0.75,"9,800",2026/09/11
1649,1649,538A,NZAM 上場投信 米国国債7-10年(H無),東証ETF,"4,662",-35,-0.75,21,2026/09/11
1650,1650,5463,丸一鋼管(株),東証PRM,"1,716.5",-13,-0.75,"589,300",2026/09/11
1651,1651,5947,リンナイ(株),東証PRM,"3,432",-26,-0.75,"477,200",2026/09/11
1652,1652,608A,上場インデックスファンド東証REIT高利回り30,東証ETF,"1,454",-11,-0.75,"11,523",2026/09/11
1653,1653,6289,(株)技研製作所,東証PRM,"1,861",-14,-0.75,"63,800",2026/09/11
1654,1654,7361,(株)ヒューマンクリエイションホールディングス,東証GRT,"1,190",-9,-0.75,"1,200",2026/09/11
1655,1655,2092,NZAM 上場投信 フランス国債7-10年(H有),東証ETF,"4,433",-33,-0.74,"225,016",2026/09/11
1656,1656,2475,ＷＤＢホールディングス(株),東証PRM,"1,733",-13,-0.74,"16,200",2026/09/11
1657,1657,2527,NZAM 上場投信 東証REIT Core指数,東証ETF,"1,076",-8,-0.74,"37,182",2026/09/11
1658,1658,2594,キーコーヒー(株),東証PRM,"2,001",-15,-0.74,"123,400",2026/09/11
1659,1659,2625,iFreeETF TOPIX(年4回決算型),東証ETF,"4,029",-30,-0.74,"99,969",2026/09/11
1660,1660,2866,GX 米国優先証券,東証ETF,934,-7,-0.74,"54,558",2026/09/11
1661,1661,3196,(株)ホットランドホールディングス,東証PRM,"1,616",-12,-0.74,"76,200",2026/09/11
1662,1662,4931,新日本製薬(株),東証PRM,"2,009",-15,-0.74,"35,700",2026/09/11
1663,1663,5697,(株)サンユウ,東証STD,803,-6,-0.74,"2,900",2026/09/11
1664,1664,5939,(株)大谷工業,東証STD,"4,675",-35,-0.74,"1,900",2026/09/11
1665,1665,611A,One ETF 日本国債27-30年,東証ETF,992.6,-7.4,-0.74,50,2026/09/11
1666,1666,6955,ＦＤＫ(株),東証STD,400,-3,-0.74,"34,300",2026/09/11
1667,1667,7046,ＴＤＳＥ(株),東証GRT,"1,340",-10,-0.74,"3,100",2026/09/11
1668,1668,7833,(株)アイフィスジャパン,東証STD,673,-5,-0.74,"4,700",2026/09/11
1669,1669,9828,(株)Ｇｅｎｋｉ　Ｇｌｏｂａｌ　Ｄｉｎｉｎｇ　Ｃｏｎｃｅｐｔｓ,東証STD,"3,365",-25,-0.74,"74,900",2026/09/11
1670,1670,2179,(株)成学社,東証STD,820,-6,-0.73,600,2026/09/11
1671,1671,2648,(NEXT FUNDS)ブルームバーグ米国国債(7-10年)(H有),東証ETF,"3,262",-24,-0.73,"41,207",2026/09/11
1672,1672,3423,(株)エスイー,東証STD,273,-2,-0.73,"3,700",2026/09/11
1673,1673,4229,群栄化学工業(株),東証PRM,"4,090",-30,-0.73,"42,400",2026/09/11
1674,1674,4725,(株)ＣＡＣ　Ｈｏｌｄｉｎｇｓ,東証PRM,"1,908",-14,-0.73,"43,400",2026/09/11
1675,1675,6420,ガリレイホールディングス(株),東証PRM,"3,395",-25,-0.73,"47,200",2026/09/11
1676,1676,7482,(株)シモジマ,東証PRM,"1,486",-11,-0.73,"166,100",2026/09/11
1677,1677,7610,(株)テイツー,東証STD,136,-1,-0.73,"681,900",2026/09/11
1678,1678,7679,(株)薬王堂ホールディングス,東証PRM,"1,629",-12,-0.73,"53,300",2026/09/11
1679,1679,9678,(株)カナモト,東証PRM,"5,420",-40,-0.73,"112,000",2026/09/11
1680,1680,1630,(NEXT FUNDS)小売上場投信,東証ETF,"36,030",-260,-0.72,522,2026/09/11
1681,1681,1885,東亜建設工業(株),東証PRM,"2,067",-15,-0.72,"497,800",2026/09/11
1682,1682,3678,(株)メディアドゥ,東証PRM,"1,236",-9,-0.72,"32,800",2026/09/11
1683,1683,4045,東亞合成(株),東証PRM,"1,792.5",-13,-0.72,"330,600",2026/09/11
1684,1684,5889,Ｊａｐａｎ　Ｅｙｅｗｅａｒ　Ｈｏｌｄｉｎｇｓ(株),東証PRM,"2,498",-18,-0.72,"144,000",2026/09/11
1685,1685,5933,アルインコ(株),東証PRM,"1,102",-8,-0.72,"37,200",2026/09/11
1686,1686,7091,(株)リビングプラットフォーム,東証GRT,"1,248",-9,-0.72,"10,600",2026/09/11
1687,1687,7460,(株)ヤギ,東証STD,"1,648",-12,-0.72,"17,700",2026/09/11
1688,1688,7811,中本パックス(株),東証STD,"1,937",-14,-0.72,"9,200",2026/09/11
1689,1689,8958,グローバル・ワン不動産投資法人,東証,"110,800",-800,-0.72,"9,443",2026/09/11
1690,1690,9063,岡山県貨物運送(株),東証STD,"4,150",-30,-0.72,500,2026/09/11
1691,1691,9348,(株)ｉｓｐａｃｅ,東証GRT,411,-3,-0.72,"427,600",2026/09/11
1692,1692,9360,鈴与シンワート(株),東証STD,"2,750",-20,-0.72,700,2026/09/11
1693,1693,1306,(NEXT FUNDS)TOPIX連動型上場投信,東証ETF,419.7,-3,-0.71,"14,757,050",2026/09/11
1694,1694,156A,マテリアルグループ(株),東証GRT,843,-6,-0.71,"45,600",2026/09/11
1695,1695,3234,森ヒルズリート投資法人,東証,"125,000",-900,-0.71,"8,302",2026/09/11
1696,1696,3611,(株)マツオカコーポレーション,東証STD,"2,363",-17,-0.71,"30,600",2026/09/11
1697,1697,3904,(株)カヤック,東証GRT,420,-3,-0.71,"5,100",2026/09/11
1698,1698,4631,ＤＩＣ(株),東証PRM,"4,612",-33,-0.71,"591,500",2026/09/11
1699,1699,6089,(株)ウィルグループ,東証PRM,"1,126",-8,-0.71,"46,100",2026/09/11
1700,1700,6292,(株)カワタ,東証STD,835,-6,-0.71,"2,500",2026/09/11
1701,1701,7949,小松ウオール工業(株),東証PRM,"2,779",-20,-0.71,"59,800",2026/09/11
1702,1702,7990,グローブライド(株),東証PRM,"2,368",-17,-0.71,"82,400",2026/09/11
1703,1703,8167,(株)リテールパートナーズ,東証PRM,"1,390",-10,-0.71,"107,800",2026/09/11
1704,1704,8273,(株)イズミ,東証PRM,983,-7,-0.71,"514,100",2026/09/11
1705,1705,9259,(株)タカヨシホールディングス,東証GRT,844,-6,-0.71,"8,500",2026/09/11
1706,1706,9627,(株)アインホールディングス,東証PRM,"5,863",-42,-0.71,"126,700",2026/09/11
1707,1707,1850,南海辰村建設(株),東証STD,427,-3,-0.7,"13,800",2026/09/11
1708,1708,2317,(株)システナ,東証PRM,425,-3,-0.7,"1,103,600",2026/09/11
1709,1709,2632,MAXIS ナスダック100上場投信(H有),東証ETF,"17,830",-125,-0.7,"6,948",2026/09/11
1710,1710,2700,木徳神糧(株),東証STD,"1,703",-12,-0.7,"9,200",2026/09/11
1711,1711,3467,アグレ都市デザイン(株),東証STD,"2,680",-19,-0.7,"8,600",2026/09/11
1712,1712,3946,(株)トーモク,東証PRM,"4,280",-30,-0.7,"54,100",2026/09/11
1713,1713,4008,住友精化(株),東証PRM,"1,425",-10,-0.7,"168,100",2026/09/11
1714,1714,4587,ペプチドリーム(株),東証PRM,"1,060.5",-7.5,-0.7,"713,200",2026/09/11
1715,1715,6899,ＡＳＴＩ(株),東証STD,"2,257",-16,-0.7,"10,300",2026/09/11
1716,1716,7087,(株)ウイルテック,東証STD,"1,420",-10,-0.7,"2,400",2026/09/11
1717,1717,7561,(株)ハークスレイホールディングス,東証STD,712,-5,-0.7,"7,000",2026/09/11
1718,1718,7805,プリントネット(株),東証STD,713,-5,-0.7,"4,000",2026/09/11
1719,1719,7819,粧美堂(株),東証STD,998,-7,-0.7,"16,400",2026/09/11
1720,1720,8142,(株)トーホー,東証PRM,"1,411",-10,-0.7,"110,600",2026/09/11
1721,1721,8697,(株)日本取引所グループ,東証PRM,"2,210.5",-15.5,-0.7,"3,331,500",2026/09/11
1722,1722,8968,福岡リート投資法人,東証,"171,300","-1,200",-0.7,"3,803",2026/09/11
1723,1723,178A,GX 革新的優良企業,東証ETF,"1,591",-11,-0.69,"12,436",2026/09/11
1724,1724,1810,松井建設(株),東証STD,"1,429",-10,-0.69,"38,500",2026/09/11
1725,1725,1972,三晃金属工業(株),東証STD,"1,298",-9,-0.69,"17,000",2026/09/11
1726,1726,2875,東洋水産(株),東証PRM,"10,005",-70,-0.69,"482,000",2026/09/11
1727,1727,4071,(株)プラスアルファ・コンサルティング,東証PRM,"2,028",-14,-0.69,"207,900",2026/09/11
1728,1728,4346,(株)ＮＥＸＹＺ．Ｇｒｏｕｐ,東証STD,"1,007",-7,-0.69,"140,600",2026/09/11
1729,1729,4992,北興化学工業(株),東証STD,"1,874",-13,-0.69,"47,900",2026/09/11
1730,1730,4998,フマキラー(株),東証STD,"1,158",-8,-0.69,"11,200",2026/09/11
1731,1731,610A,GX 宇宙テック・トップ10(除く日本),東証ETF,"1,014",-7,-0.69,"27,659",2026/09/11
1732,1732,7038,フロンティア・マネジメント(株),東証PRM,575,-4,-0.69,"16,500",2026/09/11
1733,1733,7177,ＧＭＯフィナンシャルホールディングス(株),東証STD,"1,158",-8,-0.69,"183,400",2026/09/11
1734,1734,7236,(株)ティラド,東証PRM,"1,444",-10,-0.69,"359,100",2026/09/11
1735,1735,7965,象印マホービン(株),東証PRM,"1,447",-10,-0.69,"87,900",2026/09/11
1736,1736,8143,(株)ラピーヌ,東証STD,143,-1,-0.69,"8,000",2026/09/11
1737,1737,182A,MAXIS 米国国債20年超上場投信(H無),東証ETF,464.6,-3.2,-0.68,"3,900",2026/09/11
1738,1738,2209,井村屋グループ(株),東証PRM,"2,353",-16,-0.68,"25,800",2026/09/11
1739,1739,2801,キッコーマン(株),東証PRM,"1,671",-11.5,-0.68,"4,806,000",2026/09/11
1740,1740,373A,(株)リップス,東証GRT,"1,460",-10,-0.68,"3,100",2026/09/11
1741,1741,3943,大石産業(株),東証STD,"1,311",-9,-0.68,"2,200",2026/09/11
1742,1742,630A,ニッセイ ETF TOPIX(年4回決算型),東証ETF,"1,468",-10,-0.68,"3,045",2026/09/11
1743,1743,6986,双葉電子工業(株),東証PRM,730,-5,-0.68,"732,400",2026/09/11
1744,1744,7686,(株)ひとまいる,東証STD,436,-3,-0.68,"14,900",2026/09/11
1745,1745,9305,(株)ヤマタネ,東証PRM,"2,043",-14,-0.68,"66,300",2026/09/11
1746,1746,9743,(株)丹青社,東証PRM,"1,471",-10,-0.68,"515,800",2026/09/11
1747,1747,9793,(株)ダイセキ,東証PRM,"3,655",-25,-0.68,"115,000",2026/09/11
1748,1748,1981,(株)協和日成,東証STD,"1,328",-9,-0.67,"3,600",2026/09/11
1749,1749,2154,(株)オープンアップグループ,東証PRM,"1,923",-13,-0.67,"268,800",2026/09/11
1750,1750,2736,フェスタリアホールディングス(株),東証STD,597,-4,-0.67,"4,400",2026/09/11
1751,1751,3107,ダイワボウホールディングス(株),東証PRM,"3,705",-25,-0.67,"366,400",2026/09/11
1752,1752,3418,(株)バルニバービ,東証GRT,"1,045",-7,-0.67,"13,000",2026/09/11
1753,1753,364A,(NEXT FUNDS) S&P500 配当貴族指数連動型上場投信,東証ETF,"2,382",-16,-0.67,"18,280",2026/09/11
1754,1754,376A,(NEXT FUNDS)ブルームバーグ米国国債(7-10年)(75%H有),東証ETF,"4,737",-32,-0.67,"15,007",2026/09/11
1755,1755,392A,iシェアーズ NASDAQ トップ 30,東証ETF,267.3,-1.8,-0.67,"44,810",2026/09/11
1756,1756,4060,ｒａｋｕｍｏ(株),東証GRT,"1,190",-8,-0.67,"4,100",2026/09/11
1757,1757,5121,藤倉コンポジット(株),東証PRM,"2,660",-18,-0.67,"77,300",2026/09/11
1758,1758,5142,アキレス(株),東証PRM,"1,773",-12,-0.67,"63,700",2026/09/11
1759,1759,6925,ウシオ電機(株),東証PRM,"3,538",-24,-0.67,"280,200",2026/09/11
1760,1760,7607,(株)進和,東証PRM,"2,965",-20,-0.67,"27,000",2026/09/11
1761,1761,8202,ラオックスホールディングス(株),東証STD,148,-1,-0.67,"35,500",2026/09/11
1762,1762,8595,ジャフコ　グループ(株),東証PRM,"2,237",-15,-0.67,"318,700",2026/09/11
1763,1763,9042,阪急阪神ホールディングス(株),東証PRM,"4,617",-31,-0.67,"759,800",2026/09/11
1764,1764,9242,メディア総研(株),東証GRT,"1,920",-13,-0.67,"2,100",2026/09/11
1765,1765,1311,(NEXT FUNDS)TOPIX Core30連動型上場投信,東証ETF,"2,105",-14,-0.66,"15,422",2026/09/11
1766,1766,1482,iシェアーズ・コア 米国債7-10年ETF(H有),東証ETF,"1,514",-10,-0.66,"29,031",2026/09/11
1767,1767,2379,ディップ(株),東証PRM,"1,797",-12,-0.66,"244,200",2026/09/11
1768,1768,2971,エスコンジャパンリート投資法人,東証,"106,000",-700,-0.66,"1,972",2026/09/11
1769,1769,3422,(株)Ｊ－ＭＡＸ,東証STD,602,-4,-0.66,"33,000",2026/09/11
1770,1770,3834,(株)朝日ネット,東証PRM,602,-4,-0.66,"62,700",2026/09/11
1771,1771,3865,北越コーポレーション(株),東証PRM,898,-6,-0.66,"247,600",2026/09/11
1772,1772,412A,(NEXT FUNDS) 台湾イノベイティブ・テクノロジー50,東証ETF,"4,376",-29,-0.66,996,2026/09/11
1773,1773,4151,協和キリン(株),東証PRM,"2,191.5",-14.5,-0.66,"1,822,800",2026/09/11
1774,1774,4735,(株)京進,東証STD,299,-2,-0.66,"1,900",2026/09/11
1775,1775,4923,コタ(株),東証PRM,"1,203",-8,-0.66,"28,800",2026/09/11
1776,1776,585A,日本バリュー・ボトムアップ株式投資戦略,東証ETF,"1,054",-7,-0.66,378,2026/09/11
1777,1777,6156,(株)エーワン精密,東証STD,"1,801",-12,-0.66,"16,900",2026/09/11
1778,1778,6279,(株)瑞光,東証PRM,900,-6,-0.66,"26,600",2026/09/11
1779,1779,7464,セフテック(株),東証STD,"1,504",-10,-0.66,"4,500",2026/09/11
1780,1780,8203,(株)ＭｒＭａｘＨＤ,東証PRM,751,-5,-0.66,"80,500",2026/09/11
1781,1781,8964,三井不動産商業ファンド投資法人,東証,"75,700",-500,-0.66,"14,221",2026/09/11
1782,1782,9795,(株)ステップ,東証PRM,"2,257",-15,-0.66,"16,000",2026/09/11
1783,1783,1844,(株)大盛工業,東証STD,462,-3,-0.65,"333,400",2026/09/11
1784,1784,1982,日比谷総合設備(株),東証PRM,"3,075",-20,-0.65,"87,800",2026/09/11
1785,1785,2413,エムスリー(株),東証PRM,"1,690",-11,-0.65,"3,721,700",2026/09/11
1786,1786,2499,日本和装ホールディングス(株),東証STD,306,-2,-0.65,"8,100",2026/09/11
1787,1787,2622,iシェアーズ 米ドル建て新興国債券(H有),東証ETF,"1,688",-11,-0.65,332,2026/09/11
1788,1788,2910,(株)ロック・フィールド,東証PRM,"1,379",-9,-0.65,"45,800",2026/09/11
1789,1789,3245,(株)ディア・ライフ,東証PRM,"1,068",-7,-0.65,"294,000",2026/09/11
1790,1790,3490,(株)アズ企画設計,東証STD,"3,040",-20,-0.65,100,2026/09/11
1791,1791,3549,(株)クスリのアオキホールディングス,東証STD,"4,000",-26,-0.65,"259,900",2026/09/11
1792,1792,395A,業界改革厳選ETF地銀,東証ETF,"1,077",-7,-0.65,"53,690",2026/09/11
1793,1793,413A,iFreeETF キャセイ台湾テックリーダー指数,東証ETF,"3,805",-25,-0.65,"1,297",2026/09/11
1794,1794,467A,GX 米ドル建て投資適格社債(H有),東証ETF,273.7,-1.8,-0.65,350,2026/09/11
1795,1795,6037,楽待(株),東証STD,"1,071",-7,-0.65,"33,700",2026/09/11
1796,1796,6861,(株)キーエンス,東証PRM,"76,000",-500,-0.65,"795,800",2026/09/11
1797,1797,7624,(株)ＮａＩＴＯ,東証STD,154,-1,-0.65,"22,800",2026/09/11
1798,1798,7695,(株)交換できるくん,東証GRT,922,-6,-0.65,"11,500",2026/09/11
1799,1799,7917,ＺＡＣＲＯＳ(株),東証PRM,"1,219",-8,-0.65,"110,500",2026/09/11
1800,1800,8031,三井物産(株),東証PRM,"5,060",-33,-0.65,"7,792,100",2026/09/11
1801,1801,8508,Ｊトラスト(株),東証STD,761,-5,-0.65,"878,200",2026/09/11
1802,1802,9271,(株)和心,東証GRT,917,-6,-0.65,"9,000",2026/09/11
1803,1803,1348,MAXIS トピックス上場投信,東証ETF,"4,182",-27,-0.64,"60,621",2026/09/11
1804,1804,1376,カネコ種苗(株),東証STD,"1,541",-10,-0.64,"15,200",2026/09/11
1805,1805,2484,(株)出前館,東証STD,155,-1,-0.64,"341,300",2026/09/11
1806,1806,2847,GX 新成長インフラ-日本株式,東証ETF,"2,944",-19,-0.64,259,2026/09/11
1807,1807,2970,ＧＬＣ　ＧＲＯＵＰ(株),東証STD,"1,082",-7,-0.64,"4,700",2026/09/11
1808,1808,2986,(株)ＬＡホールディングス,東証GRT,"2,785",-18,-0.64,"93,800",2026/09/11
1809,1809,3992,(株)ニーズウェル,東証PRM,464,-3,-0.64,"25,800",2026/09/11
1810,1810,5018,(株)ＭＯＲＥＳＣＯ,東証STD,"2,338",-15,-0.64,"5,700",2026/09/11
1811,1811,6093,ミトラグループ(株),東証STD,156,-1,-0.64,"52,000",2026/09/11
1812,1812,7350,(株)おきなわフィナンシャルグループ,東証PRM,"7,750",-50,-0.64,"99,100",2026/09/11
1813,1813,8986,大和証券リビング投資法人,東証,"92,800",-600,-0.64,"13,737",2026/09/11
1814,1814,9359,伊勢湾海運(株),名証MN,934,-6,-0.64,"2,100",2026/09/11
1815,1815,9687,(株)ＫＳＫ,東証STD,"4,625",-30,-0.64,"3,200",2026/09/11
1816,1816,175A,(株)Ｗｉｌｌ　Ｓｍａｒｔ,東証GRT,627,-4,-0.63,"7,100",2026/09/11
1817,1817,1952,新日本空調(株),東証PRM,"3,140",-20,-0.63,"165,400",2026/09/11
1818,1818,223A,GX AI&ビッグデータ,東証ETF,"1,744",-11,-0.63,"4,539",2026/09/11
1819,1819,3492,MIRARTH不動産投資法人,東証,"78,400",-500,-0.63,"9,250",2026/09/11
1820,1820,4481,ベース(株),東証PRM,"3,175",-20,-0.63,"65,600",2026/09/11
1821,1821,4665,(株)ダスキン,東証PRM,"4,580",-29,-0.63,"107,500",2026/09/11
1822,1822,5301,東海カーボン(株),東証PRM,"1,987.5",-12.5,-0.63,"2,976,200",2026/09/11
1823,1823,535A,NZAM 上場投信 DAX(H無),東証ETF,"2,065",-13,-0.63,55,2026/09/11
1824,1824,7425,初穂商事(株),東証STD,"1,102",-7,-0.63,"1,600",2026/09/11
1825,1825,7616,(株)コロワイド,東証PRM,"2,035",-13,-0.63,"417,700",2026/09/11
1826,1826,8912,(株)エリアクエスト,東証STD,157,-1,-0.63,"48,100",2026/09/11
1827,1827,9339,(株)コーチ・エィ,東証STD,"1,431",-9,-0.63,"1,900",2026/09/11
1828,1828,9402,中部日本放送(株),名証PRM,"1,254",-8,-0.63,"26,900",2026/09/11
1829,1829,9467,(株)アルファポリス,東証GRT,"1,100",-7,-0.63,"58,600",2026/09/11
1830,1830,9929,平和紙業(株),東証STD,473,-3,-0.63,600,2026/09/11
1831,1831,1853,(株)森組,東証STD,321,-2,-0.62,"14,100",2026/09/11
1832,1832,198A,ＰｏｓｔＰｒｉｍｅ(株),東証GRT,161,-1,-0.62,"20,900",2026/09/11
1833,1833,2384,ＳＢＳホールディングス(株),東証PRM,"4,810",-30,-0.62,"48,300",2026/09/11
1834,1834,2429,(株)ワールドホールディングス,東証PRM,"2,738",-17,-0.62,"65,100",2026/09/11
1835,1835,2477,手間いらず(株),東証STD,"3,200",-20,-0.62,"7,300",2026/09/11
1836,1836,3088,(株)マツキヨココカラ＆カンパニー,東証PRM,"2,473.5",-15.5,-0.62,"1,963,900",2026/09/11
1837,1837,3123,サイボー(株),東証STD,645,-4,-0.62,"4,200",2026/09/11
1838,1838,340A,(株)ジグザグ,東証GRT,320,-2,-0.62,"8,900",2026/09/11
1839,1839,3486,(株)グローバル・リンク・マネジメント,東証PRM,"1,925",-12,-0.62,"55,300",2026/09/11
1840,1840,4544,Ｈ．Ｕ．グループホールディングス(株),東証PRM,"3,367",-21,-0.62,"226,000",2026/09/11
1841,1841,4712,(株)ＫｅｙＨｏｌｄｅｒ,東証STD,803,-5,-0.62,"10,000",2026/09/11
1842,1842,6157,日進工具(株),東証STD,802,-5,-0.62,"122,200",2026/09/11
1843,1843,6167,冨士ダイス(株),東証PRM,961,-6,-0.62,"88,700",2026/09/11
1844,1844,6905,コーセル(株),東証PRM,"1,287",-8,-0.62,"155,600",2026/09/11
1845,1845,7271,(株)安永,東証STD,801,-5,-0.62,"42,100",2026/09/11
1846,1846,7601,(株)ポプラ,東証STD,161,-1,-0.62,"29,300",2026/09/11
1847,1847,8097,三愛オブリ(株),東証PRM,"2,394",-15,-0.62,"164,500",2026/09/11
1848,1848,2148,アイティメディア(株),東証PRM,"1,147",-7,-0.61,"36,500",2026/09/11
1849,1849,248A,(株)キッズスター,東証GRT,809,-5,-0.61,400,2026/09/11
1850,1850,2853,iシェアーズ 気候リスク調整世界国債(除く日本・H有),東証ETF,603.3,-3.7,-0.61,40,2026/09/11
1851,1851,3199,綿半ホールディングス(株),東証PRM,"1,302",-8,-0.61,"34,500",2026/09/11
1852,1852,3231,野村不動産ホールディングス(株),東証PRM,902,-5.5,-0.61,"5,251,100",2026/09/11
1853,1853,3863,日本製紙(株),東証PRM,"1,299",-8,-0.61,"555,800",2026/09/11
1854,1854,443A,iFreeETF 東証REIT指数(2・5・8・11月決算型),東証ETF,"1,804",-11,-0.61,197,2026/09/11
1855,1855,5401,日本製鉄(株),東証PRM,686.4,-4.2,-0.61,"23,731,600",2026/09/11
1856,1856,6082,(株)ライドオンエクスプレスホールディングス,東証STD,985,-6,-0.61,"40,000",2026/09/11
1857,1857,6706,電気興業(株),東証PRM,"3,255",-20,-0.61,"30,500",2026/09/11
1858,1858,7034,(株)プロレド・パートナーズ,東証PRM,326,-2,-0.61,"26,300",2026/09/11
1859,1859,7674,(株)ＮＡＴＴＹ　ＳＷＡＮＫＹホールディングス,東証GRT,"2,588",-16,-0.61,"3,800",2026/09/11
1860,1860,7721,東京計器(株),東証PRM,"6,550",-40,-0.61,"282,000",2026/09/11
1861,1861,7782,(株)シンシア,東証STD,486,-3,-0.61,"3,700",2026/09/11
1862,1862,7938,(株)リーガルコーポレーション,東証STD,"2,106",-13,-0.61,"2,400",2026/09/11
1863,1863,9048,名古屋鉄道(株),東証PRM,"1,861.5",-11.5,-0.61,"861,500",2026/09/11
1864,1864,9342,(株)スマサポ,東証GRT,975,-6,-0.61,"2,000",2026/09/11
1865,1865,9790,福井コンピュータホールディングス(株),東証PRM,"2,950",-18,-0.61,"44,000",2026/09/11
1866,1866,2524,NZAM 上場投信 TOPIX,東証ETF,"4,113",-25,-0.6,"127,699",2026/09/11
1867,1867,2670,(株)エービーシー・マート,東証PRM,"2,641",-16,-0.6,"538,700",2026/09/11
1868,1868,349A,SMDAM Active ETF 日本グロース株,東証ETF,797.9,-4.8,-0.6,300,2026/09/11
1869,1869,487A,(NEXT FUNDS) ドイツ株式・DAX(H無),東証ETF,"1,997",-12,-0.6,259,2026/09/11
1870,1870,5946,(株)長府製作所,東証PRM,"2,001",-12,-0.6,"69,300",2026/09/11
1871,1871,7073,(株)ジェイック,東証GRT,"2,302",-14,-0.6,700,2026/09/11
1872,1872,7984,コクヨ(株),東証PRM,905.8,-5.5,-0.6,"1,429,200",2026/09/11
1873,1873,8985,ジャパン・ホテル・リート投資法人,東証,"83,000",-500,-0.6,"42,146",2026/09/11
1874,1874,8987,ジャパンエクセレント投資法人,東証,"133,500",-800,-0.6,"6,513",2026/09/11
1875,1875,9160,(株)オンザページ,東証STD,330,-2,-0.6,"10,200",2026/09/11
1876,1876,9755,応用地質(株),東証PRM,"2,801",-17,-0.6,"93,100",2026/09/11
1877,1877,1720,東急建設(株),東証PRM,"1,179",-7,-0.59,"239,000",2026/09/11
1878,1878,2207,(株)ｍｅｉｔｏ,東証PRM,"3,390",-20,-0.59,"51,900",2026/09/11
1879,1879,2239,上場インデックスファンドS&P500先物レバレッジ2倍,東証ETF,"26,235",-155,-0.59,"2,007",2026/09/11
1880,1880,2510,(NEXT FUNDS)国内債券・NOMURA-BPI総合,東証ETF,795.3,-4.7,-0.59,"496,480",2026/09/11
1881,1881,3802,(株)エコミック,東証STD,503,-3,-0.59,"1,700",2026/09/11
1882,1882,4293,(株)セプテーニ・ホールディングス,東証STD,506,-3,-0.59,"446,500",2026/09/11
1883,1883,4707,(株)キタック,東証STD,336,-2,-0.59,"9,300",2026/09/11
1884,1884,5248,(株)テクノロジーズ,東証GRT,509,-3,-0.59,"19,600",2026/09/11
1885,1885,6257,(株)藤商事,東証STD,"1,006",-6,-0.59,"40,200",2026/09/11
1886,1886,6505,東洋電機製造(株),東証STD,"2,370",-14,-0.59,"28,200",2026/09/11
1887,1887,7039,ブリッジインターナショナルグループ(株),東証GRT,"1,356",-8,-0.59,"10,300",2026/09/11
1888,1888,7062,(株)フレアス,東証GRT,679,-4,-0.59,"4,500",2026/09/11
1889,1889,8359,(株)八十二長野銀行,東証PRM,"2,703.5",-16,-0.59,"1,643,200",2026/09/11
1890,1890,8624,いちよし証券(株),東証PRM,"1,699",-10,-0.59,"123,600",2026/09/11
1891,1891,8877,エスリード(株),東証PRM,"5,090",-30,-0.59,"25,100",2026/09/11
1892,1892,8979,スターツプロシード投資法人,東証,"184,300","-1,100",-0.59,"2,194",2026/09/11
1893,1893,9127,玉井商船(株),東証STD,"3,360",-20,-0.59,"3,200",2026/09/11
1894,1894,9554,(株)ＡＶｉＣ,東証GRT,"1,671",-10,-0.59,"34,600",2026/09/11
1895,1895,9636,(株)きんえい,東証STD,"4,190",-25,-0.59,"2,500",2026/09/11
1896,1896,9639,三協フロンテア(株),東証STD,"2,352",-14,-0.59,"10,600",2026/09/11
1897,1897,1879,新日本建設(株),東証PRM,"2,236",-13,-0.58,"408,800",2026/09/11
1898,1898,1941,(株)中電工,東証PRM,"5,120",-30,-0.58,"107,300",2026/09/11
1899,1899,2055,日和産業(株),東証STD,344,-2,-0.58,"6,900",2026/09/11
1900,1900,210A,iFreeETF 日経高利回りREIT指数,東証ETF,"1,538",-9,-0.58,"123,533",2026/09/11
1901,1901,3242,(株)アーバネットコーポレーション,東証STD,517,-3,-0.58,"28,700",2026/09/11
1902,1902,3646,(株)駅探,東証STD,345,-2,-0.58,"8,100",2026/09/11
1903,1903,4042,東ソー(株),東証PRM,"2,566",-15,-0.58,"1,068,500",2026/09/11
1904,1904,4380,(株)Ｍマート,東証GRT,688,-4,-0.58,"5,400",2026/09/11
1905,1905,4783,ＮＣＤ(株),東証STD,"2,590",-15,-0.58,"43,700",2026/09/11
1906,1906,5938,(株)ＬＩＸＩＬ,東証PRM,"1,717",-10,-0.58,"2,857,400",2026/09/11
1907,1907,5953,昭和鉄工(株),福証,"6,910",-40,-0.58,200,2026/09/11
1908,1908,6467,(株)ニチダイ,東証STD,340,-2,-0.58,"10,000",2026/09/11
1909,1909,7080,(株)スポーツフィールド,東証GRT,855,-5,-0.58,"17,900",2026/09/11
1910,1910,7377,ＤＮホールディングス(株),東証STD,"1,700",-10,-0.58,"2,800",2026/09/11
1911,1911,7438,コンドーテック(株),東証PRM,"1,721",-10,-0.58,"54,900",2026/09/11
1912,1912,1786,オリエンタル白石(株),東証PRM,347,-2,-0.57,"414,700",2026/09/11
1913,1913,2082,投資家経営者一心同体ETF,東証ETF,"1,216",-7,-0.57,61,2026/09/11
1914,1914,2404,(株)鉄人化ホールディングス,東証STD,523,-3,-0.57,"8,900",2026/09/11
1915,1915,2503,キリンホールディングス(株),東証PRM,"2,775",-16,-0.57,"3,097,100",2026/09/11
1916,1916,2562,上場インデックスファンド米国株式(ダウ平均)H有,東証ETF,"3,633",-21,-0.57,"7,758",2026/09/11
1917,1917,2845,(NEXT FUNDS) NASDAQ-100(H有)連動型上場投信,東証ETF,"3,510",-20,-0.57,"11,457",2026/09/11
1918,1918,2854,GX テック・トップ20-日本株式,東証ETF,"2,633",-15,-0.57,"177,440",2026/09/11
1919,1919,3151,(株)バイタルケーエスケー・ホールディングス,東証PRM,"1,571",-9,-0.57,"85,500",2026/09/11
1920,1920,3513,イチカワ(株),東証STD,"3,465",-20,-0.57,"1,800",2026/09/11
1921,1921,3663,(株)セルシス,東証PRM,"1,751",-10,-0.57,"220,500",2026/09/11
1922,1922,3911,(株)Ａｉｍｉｎｇ,東証GRT,173,-1,-0.57,"169,600",2026/09/11
1923,1923,4255,ＴＨＥＣＯＯ(株),東証GRT,"3,500",-20,-0.57,"5,700",2026/09/11
1924,1924,4361,川口化学工業(株),東証STD,"1,561",-9,-0.57,"3,500",2026/09/11
1925,1925,7458,(株)第一興商,東証PRM,"1,828.5",-10.5,-0.57,"287,100",2026/09/11
1926,1926,7683,(株)ダブルエー,東証PRM,"1,398",-8,-0.57,"21,100",2026/09/11
1927,1927,7726,黒田精工(株),東証STD,"1,391",-8,-0.57,"12,600",2026/09/11
1928,1928,7887,南海プライウッド(株),東証STD,"1,572",-9,-0.57,400,2026/09/11
1929,1929,8016,(株)オンワードホールディングス,東証PRM,698,-4,-0.57,"737,600",2026/09/11
1930,1930,8057,(株)内田洋行,東証PRM,"2,083",-12,-0.57,"158,300",2026/09/11
1931,1931,8609,(株)岡三証券グループ,東証PRM,"1,221",-7,-0.57,"420,500",2026/09/11
1932,1932,9325,ファイズホールディングス(株),東証STD,"1,042",-6,-0.57,"10,400",2026/09/11
1933,1933,208A,(株)構造計画研究所ホールディングス,東証STD,"2,865",-16,-0.56,"3,600",2026/09/11
1934,1934,2257,iシェアーズ 米ドル建て投資適格社債,東証ETF,212.6,-1.2,-0.56,"16,350",2026/09/11
1935,1935,2645,GX レジャー&エンターテインメント-日本株式,東証ETF,"3,028",-17,-0.56,226,2026/09/11
1936,1936,2733,(株)あらた,東証PRM,"2,650",-15,-0.56,"104,300",2026/09/11
1937,1937,2922,(株)なとり,東証PRM,"1,964",-11,-0.56,"24,100",2026/09/11
1938,1938,360A,東証REIT Core ETF,東証ETF,"1,060",-6,-0.56,10,2026/09/11
1939,1939,4414,(株)フレクト,東証GRT,"1,072",-6,-0.56,"11,700",2026/09/11
1940,1940,5028,セカンドサイトアナリティカ(株),東証GRT,353,-2,-0.56,"3,300",2026/09/11
1941,1941,6035,(株)アイ・アールジャパンホールディングス,東証STD,711,-4,-0.56,"36,000",2026/09/11
1942,1942,7370,(株)Ｅｎｊｉｎ,東証GRT,711,-4,-0.56,"4,500",2026/09/11
1943,1943,7524,マルシェ(株),東証STD,177,-1,-0.56,"15,500",2026/09/11
1944,1944,9682,(株)ＤＴＳ,東証PRM,"1,071",-6,-0.56,"567,600",2026/09/11
1945,1945,137A,Ｃｏｃｏｌｉｖｅ(株),東証GRT,717,-4,-0.55,"1,600",2026/09/11
1946,1946,2561,iシェアーズ・コア 日本国債 ETF,東証ETF,"1,979",-11,-0.55,"174,682",2026/09/11
1947,1947,2839,MAXIS 米国国債7-10年上場投信(H有),東証ETF,"4,893",-27,-0.55,453,2026/09/11
1948,1948,3772,ウェルス・マネジメント(株),東証STD,"1,090",-6,-0.55,"23,700",2026/09/11
1949,1949,3951,朝日印刷(株),東証STD,904,-5,-0.55,"17,700",2026/09/11
1950,1950,3958,笹徳印刷(株),東証STD,542,-3,-0.55,"7,600",2026/09/11
1951,1951,447A,ステート・ストリート・スパイダー ゴールド ETF(H無),東証ETF,268.8,-1.5,-0.55,"157,270",2026/09/11
1952,1952,4506,住友ファーマ(株),東証PRM,"1,527",-8.5,-0.55,"3,411,700",2026/09/11
1953,1953,450A,ステート・ストリート・スパイダー S&P500 ETF(H有),東証ETF,781.8,-4.3,-0.55,260,2026/09/11
1954,1954,5242,(株)アイズ,東証GRT,"2,360",-13,-0.55,"4,000",2026/09/11
1955,1955,5542,新報国マテリアル(株),東証STD,896,-5,-0.55,"12,100",2026/09/11
1956,1956,6059,(株)ウチヤマホールディングス,東証STD,364,-2,-0.55,"12,300",2026/09/11
1957,1957,6155,高松機械工業(株),東証STD,539,-3,-0.55,"16,900",2026/09/11
1958,1958,6185,ＳＭＮ(株),東証STD,364,-2,-0.55,"6,300",2026/09/11
1959,1959,6309,巴工業(株),東証PRM,"2,002",-11,-0.55,"98,300",2026/09/11
1960,1960,7126,グローバルスタイル(株),東証STD,"1,436",-8,-0.55,"4,800",2026/09/11
1961,1961,7247,(株)ミクニ,東証STD,361,-2,-0.55,"19,800",2026/09/11
1962,1962,7343,ブロードマインド(株),東証GRT,"1,263",-7,-0.55,600,2026/09/11
1963,1963,7870,福島印刷(株),名証MN,363,-2,-0.55,"2,300",2026/09/11
1964,1964,7893,(株)プロネクサス,東証PRM,"1,078",-6,-0.55,"74,200",2026/09/11
1965,1965,8291,日産東京販売ホールディングス(株),東証STD,544,-3,-0.55,"116,100",2026/09/11
1966,1966,9029,(株)ヒガシホールディングス,東証STD,"1,811",-10,-0.55,"8,900",2026/09/11
1967,1967,9253,スローガン(株),東証GRT,728,-4,-0.55,"3,300",2026/09/11
1968,1968,1585,iFreeETF TOPIX Ex-Financials,東証ETF,"2,588",-14,-0.54,490,2026/09/11
1969,1969,1633,(NEXT FUNDS)不動産上場投信,東証ETF,"47,990",-260,-0.54,608,2026/09/11
1970,1970,2015,iFreeETF 米国国債7-10年(H無),東証ETF,"2,029",-11,-0.54,"3,401",2026/09/11
1971,1971,2241,MAXIS NYダウ上場投信,東証ETF,896.9,-4.9,-0.54,"2,160",2026/09/11
1972,1972,2432,(株)ディー・エヌ・エー,東証PRM,"2,496",-13.5,-0.54,"1,055,900",2026/09/11
1973,1973,2554,(NEXT FUNDS)米国投資適格社債(1-10年)(H有),東証ETF,732.8,-4,-0.54,"1,640",2026/09/11
1974,1974,2993,(株)長栄,東証STD,"2,200",-12,-0.54,500,2026/09/11
1975,1975,3553,共和レザー(株),東証STD,915,-5,-0.54,"33,800",2026/09/11
1976,1976,3577,東海染工(株),東証STD,920,-5,-0.54,"2,300",2026/09/11
1977,1977,4261,アジアクエスト(株),東証GRT,"2,943",-16,-0.54,"1,400",2026/09/11
1978,1978,453A,iシェアーズ 米国債20年超プレミアムインカム,東証ETF,723.6,-3.9,-0.54,"110,140",2026/09/11
1979,1979,6171,(株)土木管理総合試験所,東証STD,371,-2,-0.54,"18,600",2026/09/11
1980,1980,6625,ＪＡＬＣＯホールディングス(株),東証STD,370,-2,-0.54,"211,400",2026/09/11
1981,1981,7244,市光工業(株),東証PRM,554,-3,-0.54,"161,300",2026/09/11
1982,1982,7808,(株)シー・エス・ランバー,東証STD,"2,755",-15,-0.54,"2,600",2026/09/11
1983,1983,7944,ローランド(株),東証PRM,"3,660",-20,-0.54,"71,000",2026/09/11
1984,1984,8041,ＯＵＧホールディングス(株),東証STD,"4,575",-25,-0.54,700,2026/09/11
1985,1985,8892,(株)エスコン,東証PRM,"1,096",-6,-0.54,"158,400",2026/09/11
1986,1986,9344,アクシスコンサルティング(株),東証GRT,"1,292",-7,-0.54,"11,700",2026/09/11
1987,1987,9936,(株)王将フードサービス,東証PRM,"2,927",-16,-0.54,"395,800",2026/09/11
1988,1988,1717,明豊ファシリティワークス(株),東証STD,932,-5,-0.53,"6,700",2026/09/11
1989,1989,2201,森永製菓(株),東証PRM,"2,442",-13,-0.53,"344,600",2026/09/11
1990,1990,2288,丸大食品(株),東証PRM,"2,241",-12,-0.53,"156,100",2026/09/11
1991,1991,2519,(NEXT FUNDS)新興国債券･J.P.M･EM･プラス(H無),東証ETF,"1,117",-6,-0.53,"3,990",2026/09/11
1992,1992,2856,iシェアーズ 米国債3-7年 ETF(H有),東証ETF,640.4,-3.4,-0.53,"6,720",2026/09/11
1993,1993,2989,東海道リート投資法人,東証,"94,200",-500,-0.53,"4,249",2026/09/11
1994,1994,3010,ポラリス・ホールディングス(株),東証STD,188,-1,-0.53,"75,400",2026/09/11
1995,1995,3138,(株)富士山マガジンサービス,東証STD,"1,124",-6,-0.53,700,2026/09/11
1996,1996,3405,(株)クラレ,東証PRM,"1,766.5",-9.5,-0.53,"1,399,900",2026/09/11
1997,1997,4767,(株)テー・オー・ダブリュー,東証STD,378,-2,-0.53,"94,200",2026/09/11
1998,1998,4960,ケミプロ化成(株),東証STD,562,-3,-0.53,"31,400",2026/09/11
1999,1999,5388,クニミネ工業(株),東証STD,"1,312",-7,-0.53,"6,600",2026/09/11
2000,2000,5888,ＤＡＩＷＡ　ＣＹＣＬＥ(株),東証GRT,"2,801",-15,-0.53,"3,200",2026/09/11
2001,2001,6532,(株)ベイカレント,東証PRM,"7,337",-39,-0.53,"1,020,700",2026/09/11
2002,2002,6718,アイホン(株),東証PRM,"2,795",-15,-0.53,"41,200",2026/09/11
2003,2003,7173,(株)東京きらぼしフィナンシャルグループ,東証PRM,"1,676",-9,-0.53,"1,206,500",2026/09/11
2004,2004,7955,クリナップ(株),東証PRM,944,-5,-0.53,"47,200",2026/09/11
2005,2005,9158,(株)シーユーシー,東証GRT,754,-4,-0.53,"10,200",2026/09/11
2006,2006,2124,ＪＡＣ　Ｒｅｃｒｕｉｔｍｅｎｔ,東証PRM,956,-5,-0.52,"520,100",2026/09/11
2007,2007,2256,iシェアーズ 米国総合債券,東証ETF,211.6,-1.1,-0.52,"53,630",2026/09/11
2008,2008,236A,iシェアーズ 日本国債7-10年,東証ETF,435.8,-2.3,-0.52,"107,990",2026/09/11
2009,2009,245A,(株)ＩＮＧＳ,東証GRT,"2,486",-13,-0.52,"1,800",2026/09/11
2010,2010,2669,カネ美食品(株),東証STD,"3,845",-20,-0.52,"3,600",2026/09/11
2011,2011,2838,MAXIS 米国国債7-10年上場投信(H無),東証ETF,"8,267",-43,-0.52,271,2026/09/11
2012,2012,3293,アズマハウス(株),東証STD,764,-4,-0.52,"8,700",2026/09/11
2013,2013,3377,(株)バイク王＆カンパニー,東証STD,382,-2,-0.52,"2,300",2026/09/11
2014,2014,3985,テモナ(株),東証STD,192,-1,-0.52,"2,800",2026/09/11
2015,2015,4527,ロート製薬(株),東証PRM,"2,788",-14.5,-0.52,"898,900",2026/09/11
2016,2016,534A,NZAM 上場投信 NASDAQ100(H無),東証ETF,"2,279",-12,-0.52,26,2026/09/11
2017,2017,5984,兼房(株),東証STD,767,-4,-0.52,"3,700",2026/09/11
2018,2018,6384,(株)昭和真空,東証STD,"1,718",-9,-0.52,"9,600",2026/09/11
2019,2019,6809,ＴＯＡ(株),東証PRM,"1,708",-9,-0.52,"79,000",2026/09/11
2020,2020,6926,岡谷電機産業(株),東証STD,192,-1,-0.52,"5,600",2026/09/11
2021,2021,7239,(株)タチエス,東証PRM,"2,285",-12,-0.52,"142,500",2026/09/11
2022,2022,7463,(株)アドヴァングループ,東証STD,954,-5,-0.52,"22,700",2026/09/11
2023,2023,7722,国際計測器(株),東証STD,764,-4,-0.52,"18,300",2026/09/11
2024,2024,7740,(株)タムロン,東証PRM,"1,333",-7,-0.52,"336,100",2026/09/11
2025,2025,8086,ニプロ(株),東証PRM,"1,438.5",-7.5,-0.52,"674,800",2026/09/11
2026,2026,8179,ロイヤルホールディングス(株),東証PRM,"1,342",-7,-0.52,"305,100",2026/09/11
2027,2027,9449,ＧＭＯインターネットグループ(株),東証PRM,"3,816",-20,-0.52,"234,200",2026/09/11
2028,2028,1554,上場インデックス世界株式(MSCI ACWI)除く日本,東証ETF,"6,602",-34,-0.51,525,2026/09/11
2029,2029,2259,iシェアーズ フランス国債7-10年(H有),東証ETF,175.8,-0.9,-0.51,"706,100",2026/09/11
2030,2030,2937,(株)サンクゼール,東証GRT,"1,758",-9,-0.51,"3,700",2026/09/11
2031,2031,3419,アートグリーン(株),名証NXT,"1,960",-10,-0.51,400,2026/09/11
2032,2032,4059,(株)まぐまぐ,東証STD,388,-2,-0.51,"1,900",2026/09/11
2033,2033,5334,日本特殊陶業(株),東証PRM,"7,205",-37,-0.51,"1,436,000",2026/09/11
2034,2034,7040,(株)サン・ライフホールディング,東証STD,970,-5,-0.51,"1,400",2026/09/11
2035,2035,7744,ノーリツ鋼機(株),東証PRM,"1,954",-10,-0.51,"269,100",2026/09/11
2036,2036,8260,(株)井筒屋,東証STD,394,-2,-0.51,"10,300",2026/09/11
2037,2037,8804,東京建物(株),東証PRM,"3,288",-17,-0.51,"1,126,900",2026/09/11
2038,2038,9640,(株)セゾンテクノロジー,東証STD,"1,965",-10,-0.51,"2,500",2026/09/11
2039,2039,9896,ＪＫホールディングス(株),東証STD,"1,371",-7,-0.51,"23,100",2026/09/11
2040,2040,2229,カルビー(株),東証PRM,"3,009",-15,-0.5,"332,100",2026/09/11
2041,2041,2564,GX MSCIスーパーディビィデンド-日本株式,東証ETF,"3,614",-18,-0.5,"596,686",2026/09/11
2042,2042,2630,MAXIS 米国株式(S&P500)上場投信(H有),東証ETF,"15,970",-80,-0.5,616,2026/09/11
2043,2043,291A,(株)リスキル,東証GRT,"1,971",-10,-0.5,"1,200",2026/09/11
2044,2044,3159,丸善ＣＨＩホールディングス(株),東証STD,400,-2,-0.5,"115,100",2026/09/11
2045,2045,4098,チタン工業(株),東証STD,999,-5,-0.5,"4,800",2026/09/11
2046,2046,4114,(株)日本触媒,東証PRM,"2,507",-12.5,-0.5,"796,300",2026/09/11
2047,2047,463A,(株)インテリックスホールディングス,東証STD,"1,005",-5,-0.5,"9,400",2026/09/11
2048,2048,4777,(株)ガーラ,東証STD,198,-1,-0.5,"15,100",2026/09/11
2049,2049,498A,防衛・航空宇宙 欧州株(ネットリターン)ETN,東証ETF,"8,601",-43,-0.5,48,2026/09/11
2050,2050,587A,インベスコ QQQ トラスト シリーズ1,東証ETF,"109,650",-550,-0.5,109,2026/09/11
2051,2051,6405,鈴茂器工(株),東証STD,"1,191",-6,-0.5,"40,700",2026/09/11
2052,2052,7358,(株)ポピンズ,東証STD,"1,787",-9,-0.5,"12,400",2026/09/11
2053,2053,7883,サンメッセ(株),東証STD,398,-2,-0.5,"3,800",2026/09/11
2054,2054,8830,住友不動産(株),東証PRM,"3,211",-16,-0.5,"2,967,900",2026/09/11
2055,2055,9264,ポエック(株),東証STD,"1,580",-8,-0.5,"13,900",2026/09/11
2056,2056,1473,One ETF トピックス,東証ETF,"4,096",-20,-0.49,"6,540",2026/09/11
2057,2057,2088,NZAM 上場投信 NYダウ30(H有),東証ETF,"2,623",-13,-0.49,"3,428",2026/09/11
2058,2058,2183,(株)リニカル,東証STD,203,-1,-0.49,"17,700",2026/09/11
2059,2059,2526,NZAM 上場投信 JPX日経400,東証ETF,"36,670",-180,-0.49,"10,405",2026/09/11
2060,2060,2792,(株)ハニーズホールディングス,東証PRM,"1,418",-7,-0.49,"54,400",2026/09/11
2061,2061,3512,日本フエルト(株),東証STD,"1,022",-5,-0.49,"4,700",2026/09/11
2062,2062,4094,日本化学産業(株),東証STD,"2,240",-11,-0.49,"7,000",2026/09/11
2063,2063,4404,ミヨシ油脂(株),東証STD,"2,217",-11,-0.49,"23,300",2026/09/11
2064,2064,5210,日本山村硝子(株),東証STD,"2,856",-14,-0.49,"40,700",2026/09/11
2065,2065,5589,(株)オートサーバー,東証STD,"2,816",-14,-0.49,"3,800",2026/09/11
2066,2066,6363,(株)酉島製作所,東証PRM,"2,832",-14,-0.49,"166,000",2026/09/11
2067,2067,7483,(株)ドウシシャ,東証PRM,"3,055",-15,-0.49,"72,900",2026/09/11
2068,2068,8174,日本瓦斯(株),東証PRM,"3,028",-15,-0.49,"337,800",2026/09/11
2069,2069,8366,(株)滋賀銀行,東証PRM,"2,852",-14,-0.49,"772,000",2026/09/11
2070,2070,9983,(株)ファーストリテイリング,東証PRM,"66,480",-330,-0.49,"1,474,500",2026/09/11
2071,2071,1475,iシェアーズ・コア TOPIX ETF,東証ETF,413.5,-2,-0.48,"5,508,840",2026/09/11
2072,2072,1678,(NEXT FUNDS)インド株式指数上場投信,東証ETF,291,-1.4,-0.48,"759,060",2026/09/11
2073,2073,1960,(株)サンテック,東証STD,"1,651",-8,-0.48,"14,000",2026/09/11
2074,2074,1967,(株)ヤマト,東証STD,"2,090",-10,-0.48,"12,400",2026/09/11
2075,2075,2204,(株)中村屋,東証STD,"3,115",-15,-0.48,"9,900",2026/09/11
2076,2076,3181,(株)買取王国,東証STD,"1,028",-5,-0.48,"2,200",2026/09/11
2077,2077,3461,(株)パルマ,東証STD,617,-3,-0.48,"4,900",2026/09/11
2078,2078,3633,ＧＭＯペパボ(株),東証STD,"2,467",-12,-0.48,"13,200",2026/09/11
2079,2079,382A,iFreeETF 米国国債3-5年(H有),東証ETF,"1,877",-9,-0.48,"52,497",2026/09/11
2080,2080,4093,東邦アセチレン(株),東証STD,419,-2,-0.48,"20,400",2026/09/11
2081,2081,414A,(株)オーバーラップホールディングス,東証GRT,836,-4,-0.48,"61,000",2026/09/11
2082,2082,4436,(株)ミンカブ・ジ・インフォノイド,東証GRT,413,-2,-0.48,"12,400",2026/09/11
2083,2083,5393,ニチアス(株),東証PRM,"3,292",-16,-0.48,"531,700",2026/09/11
2084,2084,5410,合同製鐵(株),東証PRM,"3,110",-15,-0.48,"154,900",2026/09/11
2085,2085,5572,(株)Ｒｉｄｇｅ－ｉ,東証GRT,"2,879",-14,-0.48,"145,100",2026/09/11
2086,2086,6471,日本精工(株),東証PRM,"1,043.5",-5,-0.48,"3,192,200",2026/09/11
2087,2087,7011,三菱重工業(株),東証PRM,"3,705",-18,-0.48,"13,750,300",2026/09/11
2088,2088,8008,４℃ホールディングス,東証PRM,"2,058",-10,-0.48,"82,100",2026/09/11
2089,2089,8303,(株)ＳＢＩ新生銀行,東証PRM,"1,568.5",-7.5,-0.48,"2,721,600",2026/09/11
2090,2090,8923,トーセイ(株),東証PRM,"1,672",-8,-0.48,"135,700",2026/09/11
2091,2091,9878,(株)セキド,東証STD,413,-2,-0.48,"4,700",2026/09/11
2092,2092,1870,矢作建設工業(株),東証PRM,"2,104",-10,-0.47,"105,400",2026/09/11
2093,2093,2242,MAXIS NYダウ上場投信(H有),東証ETF,672.7,-3.2,-0.47,110,2026/09/11
2094,2094,2327,日鉄ソリューションズ(株),東証PRM,"3,810",-18,-0.47,"223,300",2026/09/11
2095,2095,2502,アサヒグループホールディングス(株),東証PRM,"1,586.5",-7.5,-0.47,"5,737,700",2026/09/11
2096,2096,2563,iシェアーズ S&P500 米国株 ETF(H有),東証ETF,402.4,-1.9,-0.47,"478,310",2026/09/11
2097,2097,2864,GX ロジスティクス・REIT,東証ETF,"1,273",-6,-0.47,251,2026/09/11
2098,2098,3692,(株)ＦＦＲＩセキュリティ,東証GRT,"6,330",-30,-0.47,"116,900",2026/09/11
2099,2099,4013,勤次郎(株),東証GRT,635,-3,-0.47,"30,800",2026/09/11
2100,2100,4017,(株)クリーマ,東証GRT,212,-1,-0.47,"1,400",2026/09/11
2101,2101,4534,持田製薬(株),東証PRM,"3,160",-15,-0.47,"56,700",2026/09/11
2102,2102,6104,芝浦機械(株),東証PRM,"4,225",-20,-0.47,"408,200",2026/09/11
2103,2103,6498,(株)キッツ,東証PRM,"1,916",-9,-0.47,"339,900",2026/09/11
2104,2104,6804,ホシデン(株),東証PRM,"2,519",-12,-0.47,"243,500",2026/09/11
2105,2105,6874,協立電機(株),東証STD,"2,333",-11,-0.47,"2,900",2026/09/11
2106,2106,7841,(株)遠藤製作所,東証STD,"1,060",-5,-0.47,"11,900",2026/09/11
2107,2107,8365,(株)富山銀行,東証STD,"2,326",-11,-0.47,"4,400",2026/09/11
2108,2108,8956,NTT都市開発リート投資法人,東証,"126,300",-600,-0.47,"6,440",2026/09/11
2109,2109,9033,広島電鉄(株),東証STD,632,-3,-0.47,"6,000",2026/09/11
2110,2110,1308,上場インデックスファンドTOPIX,東証ETF,"4,149",-19,-0.46,"372,079",2026/09/11
2111,2111,130A,(株)Ｖｅｒｉｔａｓ　Ｉｎ　Ｓｉｌｉｃｏ,東証GRT,434,-2,-0.46,"7,400",2026/09/11
2112,2112,1486,上場インデックスファンド米国債券(H無),東証ETF,"22,565",-105,-0.46,"4,359",2026/09/11
2113,2113,1966,(株)高田工業所,東証STD,"1,730",-8,-0.46,"1,500",2026/09/11
2114,2114,2267,(株)ヤクルト本社,東証PRM,"2,816",-13,-0.46,"936,100",2026/09/11
2115,2115,2410,(株)キャリアデザインセンター,東証PRM,"2,811",-13,-0.46,"33,300",2026/09/11
2116,2116,2433,(株)博報堂ＤＹホールディングス,東証PRM,"1,302",-6,-0.46,"1,031,800",2026/09/11
2117,2117,2698,(株)キャンドゥ,東証STD,"3,265",-15,-0.46,"14,400",2026/09/11
2118,2118,2749,(株)ＪＰホールディングス,東証PRM,645,-3,-0.46,"173,200",2026/09/11
2119,2119,2836,GX フィンテック-日本株式,東証ETF,"3,246",-15,-0.46,4,2026/09/11
2120,2120,3396,(株)フェリシモ,東証STD,863,-4,-0.46,"1,000",2026/09/11
2121,2121,3472,日本ホテル＆レジデンシャル投資法人,東証,"65,300",-300,-0.46,"2,845",2026/09/11
2122,2122,3550,(株)スタジオアタオ,東証GRT,216,-1,-0.46,"43,500",2026/09/11
2123,2123,3694,(株)オプティム,東証PRM,435,-2,-0.46,"133,500",2026/09/11
2124,2124,4023,(株)クレハ,東証PRM,"4,325",-20,-0.46,"202,800",2026/09/11
2125,2125,541A,One ETF TOPIX高配当株グロース指数,東証ETF,"1,083",-5,-0.46,190,2026/09/11
2126,2126,6166,(株)中村超硬,東証GRT,652,-3,-0.46,"93,600",2026/09/11
2127,2127,6248,(株)横田製作所,東証STD,"1,739",-8,-0.46,600,2026/09/11
2128,2128,7362,(株)Ｔ．Ｓ．Ｉ,東証GRT,865,-4,-0.46,300,2026/09/11
2129,2129,7531,清和中央ホールディングス(株),東証STD,"1,294",-6,-0.46,200,2026/09/11
2130,2130,7630,(株)壱番屋,東証PRM,"1,090",-5,-0.46,"473,000",2026/09/11
2131,2131,7804,(株)ビーアンドピー,東証STD,"2,403",-11,-0.46,"3,300",2026/09/11
2132,2132,7864,(株)フジシールインターナショナル,東証PRM,"3,240",-15,-0.46,"142,000",2026/09/11
2133,2133,8881,(株)日神グループホールディングス,東証PRM,651,-3,-0.46,"152,700",2026/09/11
2134,2134,9701,(株)東京會舘,東証STD,"4,370",-20,-0.46,700,2026/09/11
2135,2135,9759,(株)ＮＳＤ,東証PRM,"2,800.5",-13,-0.46,"271,700",2026/09/11
2136,2136,9987,(株)スズケン,東証PRM,"5,173",-24,-0.46,"202,900",2026/09/11
2137,2137,2091,NZAM 上場投信 ドイツ国債7-10年(H有),東証ETF,"4,412",-20,-0.45,29,2026/09/11
2138,2138,2286,林兼産業(株),東証STD,890,-4,-0.45,"7,500",2026/09/11
2139,2139,2882,(株)イートアンドホールディングス,東証PRM,"2,002",-9,-0.45,"20,200",2026/09/11
2140,2140,3372,(株)関門海,東証STD,220,-1,-0.45,"6,700",2026/09/11
2141,2141,4235,ウルトラファブリックス・ホールディングス(株),東証STD,667,-3,-0.45,"13,600",2026/09/11
2142,2142,4310,(株)ドリームインキュベータ,東証PRM,"2,446",-11,-0.45,"19,200",2026/09/11
2143,2143,4539,日本ケミファ(株),東証STD,"1,548",-7,-0.45,"1,700",2026/09/11
2144,2144,530A,NZAM 上場投信 東証REIT指数(2・5・8・11月決算型),東証ETF,"1,783",-8,-0.45,36,2026/09/11
2145,2145,537A,NZAM 上場投信 全世界株式(MSCI ACWI)(H無),東証ETF,"1,094",-5,-0.45,143,2026/09/11
2146,2146,5852,(株)アーレスティ,東証PRM,667,-3,-0.45,"65,800",2026/09/11
2147,2147,6091,(株)ウエスコホールディングス,東証STD,876,-4,-0.45,"8,000",2026/09/11
2148,2148,6645,オムロン(株),東証PRM,"6,003",-27,-0.45,"1,518,900",2026/09/11
2149,2149,7477,ムラキ(株),東証STD,"1,532",-7,-0.45,"3,500",2026/09/11
2150,2150,7942,(株)ＪＳＰ,東証PRM,"2,851",-13,-0.45,"58,100",2026/09/11
2151,2151,7989,立川ブラインド工業(株),東証PRM,"2,642",-12,-0.45,"29,500",2026/09/11
2152,2152,8093,極東貿易(株),東証PRM,"1,767",-8,-0.45,"42,200",2026/09/11
2153,2153,8616,東海東京フィナンシャル・ホールディングス(株),東証PRM,889,-4,-0.45,"1,039,900",2026/09/11
2154,2154,9083,神姫バス(株),東証STD,"1,981",-9,-0.45,"1,900",2026/09/11
2155,2155,1656,iシェアーズ･コア 米国債7-10年 ETF,東証ETF,295.6,-1.3,-0.44,"1,338,260",2026/09/11
2156,2156,1882,東亜道路工業(株),東証PRM,"1,585",-7,-0.44,"421,700",2026/09/11
2157,2157,2248,iFreeETF S&P500(H有),東証ETF,"2,728",-12,-0.44,"2,441",2026/09/11
2158,2158,250A,シマダヤ(株),東証STD,"1,573",-7,-0.44,"42,500",2026/09/11
2159,2159,2634,(NEXT FUNDS) S&P500(H有)連動型上場投信,東証ETF,"3,137",-14,-0.44,"167,801",2026/09/11
2160,2160,3695,ＧＭＯプロダクトプラットフォーム(株),東証GRT,"1,600",-7,-0.44,"7,700",2026/09/11
2161,2161,4053,(株)Ｓｕｎ　Ａｓｔｅｒｉｓｋ,東証PRM,451,-2,-0.44,"74,300",2026/09/11
2162,2162,4204,積水化学工業(株),東証PRM,"2,473.5",-11,-0.44,"1,775,800",2026/09/11
2163,2163,518A,(NEXT FUNDS) FTSE日本株高配当キャッシュフロー50,東証ETF,"2,050",-9,-0.44,"5,864",2026/09/11
2164,2164,5411,ＪＦＥホールディングス(株),東証PRM,"1,820",-8,-0.44,"5,269,900",2026/09/11
2165,2165,5967,ＴＯＮＥ(株),東証STD,453,-2,-0.44,"6,700",2026/09/11
2166,2166,6485,前澤給装工業(株),東証STD,"1,593",-7,-0.44,"43,100",2026/09/11
2167,2167,7226,極東開発工業(株),東証PRM,"2,265",-10,-0.44,"223,300",2026/09/11
2168,2168,7604,(株)梅の花グループ,東証STD,904,-4,-0.44,"8,300",2026/09/11
2169,2169,7621,(株)うかい,東証STD,"3,415",-15,-0.44,"2,800",2026/09/11
2170,2170,8898,(株)センチュリー２１・ジャパン,東証STD,"1,125",-5,-0.44,500,2026/09/11
2171,2171,9366,(株)サンリツ,東証STD,"1,119",-5,-0.44,"1,300",2026/09/11
2172,2172,9414,日本ＢＳ放送(株),東証STD,903,-4,-0.44,"37,200",2026/09/11
2173,2173,1618,(NEXT FUNDS)エネルギー資源上場投信,東証ETF,"37,450",-160,-0.43,"1,070",2026/09/11
2174,2174,1802,(株)大林組,東証PRM,"3,012",-13,-0.43,"3,346,400",2026/09/11
2175,2175,1965,(株)テクノ菱和,東証STD,"6,970",-30,-0.43,"54,300",2026/09/11
2176,2176,2112,塩水港精糖(株),東証STD,462,-2,-0.43,"41,500",2026/09/11
2177,2177,2252,GX Morningstar 米国中小型 Moat,東証ETF,"1,384",-6,-0.43,"6,050",2026/09/11
2178,2178,324A,(株)ブッキングリゾート,東証GRT,702,-3,-0.43,"22,900",2026/09/11
2179,2179,3289,東急不動産ホールディングス(株),東証PRM,"1,285.5",-5.5,-0.43,"2,691,200",2026/09/11
2180,2180,3479,(株)ＴＫＰ,東証GRT,"1,852",-8,-0.43,"28,300",2026/09/11
2181,2181,368A,(株)北里,東証PRM,"1,393",-6,-0.43,"75,600",2026/09/11
2182,2182,4341,西菱電機(株),東証STD,916,-4,-0.43,600,2026/09/11
2183,2183,4487,(株)スペースマーケット,東証GRT,232,-1,-0.43,"1,900",2026/09/11
2184,2184,7701,(株)島津製作所,東証PRM,"3,742",-16,-0.43,"1,424,100",2026/09/11
2185,2185,9072,ニッコンホールディングス(株),東証PRM,"5,093",-22,-0.43,"234,100",2026/09/11
2186,2186,9267,Ｇｅｎｋｙ　ＤｒｕｇＳｔｏｒｅｓ(株),東証PRM,"3,445",-15,-0.43,"106,900",2026/09/11
2187,2187,9326,関通ホールディングス(株),東証GRT,468,-2,-0.43,"12,300",2026/09/11
2188,2188,9799,旭情報サービス(株),東証STD,929,-4,-0.43,"2,800",2026/09/11
2189,2189,2236,GX S&P500配当貴族,東証ETF,"1,412",-6,-0.42,"13,415",2026/09/11
2190,2190,2493,イーサポートリンク(株),東証STD,945,-4,-0.42,"1,400",2026/09/11
2191,2191,2612,かどや製油(株),東証STD,"2,384",-10,-0.42,"22,900",2026/09/11
2192,2192,3698,(株)ＣＲＩ・ミドルウェア,東証STD,"1,198",-5,-0.42,"6,400",2026/09/11
2193,2193,4063,信越化学工業(株),東証PRM,"5,738",-24,-0.42,"7,659,000",2026/09/11
2194,2194,4193,(株)ファブリカホールディングス,東証STD,"2,146",-9,-0.42,"3,600",2026/09/11
2195,2195,4553,東和薬品(株),東証PRM,"3,520",-15,-0.42,"122,400",2026/09/11
2196,2196,5125,(株)ファインズ,東証GRT,473,-2,-0.42,"3,400",2026/09/11
2197,2197,5406,(株)神戸製鋼所,東証PRM,"2,021",-8.5,-0.42,"1,655,900",2026/09/11
2198,2198,7525,リックス(株),東証PRM,"3,515",-15,-0.42,"24,700",2026/09/11
2199,2199,7551,(株)ウェッズ,東証STD,708,-3,-0.42,"4,900",2026/09/11
2200,2200,7908,ＫＩＭＯＴＯ,東証STD,235,-1,-0.42,"134,800",2026/09/11
2201,2201,8927,(株)明豊エンタープライズ,東証STD,477,-2,-0.42,"54,500",2026/09/11
2202,2202,9506,東北電力(株),東証PRM,"1,417.5",-6,-0.42,"5,188,600",2026/09/11
2203,2203,9959,アシードホールディングス(株),東証STD,950,-4,-0.42,"3,600",2026/09/11
2204,2204,9969,(株)ショクブン,東証STD,236,-1,-0.42,"2,600",2026/09/11
2205,2205,147A,(株)ソラコム,東証GRT,968,-4,-0.41,"94,800",2026/09/11
2206,2206,148A,(株)ハッチ・ワーク,東証GRT,"1,690",-7,-0.41,"1,700",2026/09/11
2207,2207,1659,iシェアーズ 米国リート ETF,東証ETF,"3,678",-15,-0.41,"4,289",2026/09/11
2208,2208,2647,(NEXT FUNDS)ブルームバーグ米国国債(7-10年)(H無),東証ETF,"5,549",-23,-0.41,"3,561",2026/09/11
2209,2209,3939,(株)カナミックネットワーク,東証PRM,484,-2,-0.41,"145,400",2026/09/11
2210,2210,3945,スーパーバッグ(株),東証STD,"2,163",-9,-0.41,600,2026/09/11
2211,2211,5101,横浜ゴム(株),東証PRM,"6,764",-28,-0.41,"998,600",2026/09/11
2212,2212,6326,(株)クボタ,東証PRM,"2,783",-11.5,-0.41,"5,061,300",2026/09/11
2213,2213,6448,ブラザー工業(株),東証PRM,"4,363",-18,-0.41,"1,289,300",2026/09/11
2214,2214,6455,(株)モリタホールディングス,東証PRM,"2,449",-10,-0.41,"58,600",2026/09/11
2215,2215,7148,(株)ＦＰＧ,東証PRM,"1,680",-7,-0.41,"534,500",2026/09/11
2216,2216,7494,(株)コナカ,東証STD,243,-1,-0.41,"26,300",2026/09/11
2217,2217,8185,(株)チヨダ,東証PRM,983,-4,-0.41,"76,300",2026/09/11
2218,2218,8214,(株)ＡＯＫＩホールディングス,東証PRM,"1,694",-7,-0.41,"226,500",2026/09/11
2219,2219,9351,東洋埠頭(株),東証STD,"1,930",-8,-0.41,"1,900",2026/09/11
2220,2220,9913,日邦産業(株),東証STD,"3,625",-15,-0.41,"1,300",2026/09/11
2221,2221,1498,One ETF ESG,東証ETF,"32,020",-130,-0.4,5,2026/09/11
2222,2222,1593,MAXIS JPX日経インデックス400上場投信,東証ETF,"37,120",-150,-0.4,"5,296",2026/09/11
2223,2223,1711,(株)ＳＤＳホールディングス,東証STD,246,-1,-0.4,"23,100",2026/09/11
2224,2224,1820,西松建設(株),東証PRM,"5,479",-22,-0.4,"103,300",2026/09/11
2225,2225,233A,iFreeETF インドNifty50,東証ETF,"1,747",-7,-0.4,"39,094",2026/09/11
2226,2226,2514,(NEXT FUNDS)外国株式･MSCI-KOKUSAI(H有),東証ETF,"2,015",-8,-0.4,"2,137",2026/09/11
2227,2227,2687,(株)シー・ヴイ・エス・ベイエリア,東証STD,493,-2,-0.4,"1,700",2026/09/11
2228,2228,2984,ヤマイチエステート(株),東証STD,755,-3,-0.4,"18,200",2026/09/11
2229,2229,3183,ウイン・パートナーズ(株),東証PRM,"1,245",-5,-0.4,"29,700",2026/09/11
2230,2230,3291,飯田グループホールディングス(株),東証PRM,"2,223",-9,-0.4,"597,400",2026/09/11
2231,2231,3382,(株)セブン＆アイ・ホールディングス,東証PRM,"2,008",-8,-0.4,"8,558,800",2026/09/11
2232,2232,4343,(株)イオンファンタジー,東証PRM,"2,713",-11,-0.4,"41,800",2026/09/11
2233,2233,4438,(株)Ｗｅｌｂｙ,東証GRT,252,-1,-0.4,"11,000",2026/09/11
2234,2234,4809,パラカ(株),東証PRM,"1,994",-8,-0.4,"22,600",2026/09/11
2235,2235,4912,ライオン(株),東証PRM,"1,737",-7,-0.4,"1,192,200",2026/09/11
2236,2236,5261,リソルホールディングス(株),東証PRM,"7,510",-30,-0.4,"2,100",2026/09/11
2237,2237,5742,エヌアイシ・オートテック(株),東証STD,743,-3,-0.4,"1,200",2026/09/11
2238,2238,5832,(株)ちゅうぎんフィナンシャルグループ,東証PRM,"3,508",-14,-0.4,"503,600",2026/09/11
2239,2239,6539,(株)ＭＳ－Ｊａｐａｎ,東証PRM,986,-4,-0.4,"38,000",2026/09/11
2240,2240,6566,(株)要興業,東証STD,"1,256",-5,-0.4,700,2026/09/11
2241,2241,6888,アクモス(株),東証STD,498,-2,-0.4,"4,700",2026/09/11
2242,2242,7255,(株)桜井製作所,東証STD,500,-2,-0.4,"23,300",2026/09/11
2243,2243,7488,(株)ヤガミ,名証MN,"4,970",-20,-0.4,600,2026/09/11
2244,2244,9816,(株)ストライダーズ,東証STD,247,-1,-0.4,"1,000",2026/09/11
2245,2245,3004,神栄(株),東証STD,"2,053",-8,-0.39,"3,600",2026/09/11
2246,2246,4202,(株)ダイセル,東証PRM,"1,393",-5.5,-0.39,"793,900",2026/09/11
2247,2247,4668,(株)明光ネットワークジャパン,東証PRM,763,-3,-0.39,"64,200",2026/09/11
2248,2248,4687,ＴＤＣソフト(株),東証PRM,"1,025",-4,-0.39,"116,800",2026/09/11
2249,2249,6742,(株)京三製作所,東証PRM,"1,020",-4,-0.39,"336,800",2026/09/11
2250,2250,6853,(株)共和電業,東証STD,758,-3,-0.39,"14,600",2026/09/11
2251,2251,7896,セブン工業(株),東証STD,505,-2,-0.39,400,2026/09/11
2252,2252,9163,(株)ナレルグループ,東証GRT,"2,328",-9,-0.39,"18,300",2026/09/11
2253,2253,9218,(株)メンタルヘルステクノロジーズ,東証GRT,773,-3,-0.39,"48,800",2026/09/11
2254,2254,9478,ＳＥホールディングス・アンド・インキュベーションズ(株),東証STD,511,-2,-0.39,"12,900",2026/09/11
2255,2255,9788,(株)ナック,東証PRM,511,-2,-0.39,"32,200",2026/09/11
2256,2256,1793,(株)大本組,東証STD,"2,080",-8,-0.38,"1,700",2026/09/11
2257,2257,1840,(株)土屋ホールディングス,東証STD,259,-1,-0.38,"25,500",2026/09/11
2258,2258,2359,(株)コア,東証PRM,"2,073",-8,-0.38,"14,900",2026/09/11
2259,2259,2378,(株)ルネサンス,東証PRM,"1,042",-4,-0.38,"28,900",2026/09/11
2260,2260,2559,MAXIS 全世界株式(オール・カントリー)上場投信,東証ETF,"2,893",-11,-0.38,"181,363",2026/09/11
2261,2261,2804,ブルドックソース(株),東証PRM,"1,848",-7,-0.38,"16,500",2026/09/11
2262,2262,3854,(株)アイル,東証PRM,"2,121",-8,-0.38,"156,000",2026/09/11
2263,2263,4705,(株)クリップコーポレーション,東証STD,787,-3,-0.38,500,2026/09/11
2264,2264,7481,尾家産業(株),東証STD,"2,600",-10,-0.38,300,2026/09/11
2265,2265,8007,高島(株),東証PRM,790,-3,-0.38,"129,500",2026/09/11
2266,2266,8153,(株)モスフードサービス,東証PRM,"3,925",-15,-0.38,"199,700",2026/09/11
2267,2267,168A,(株)イタミアート,東証GRT,"1,088",-4,-0.37,"1,400",2026/09/11
2268,2268,2573,北海道コカ・コーラボトリング(株),東証STD,"4,020",-15,-0.37,"2,500",2026/09/11
2269,2269,2631,MAXIS ナスダック100上場投信,東証ETF,"32,240",-120,-0.37,"10,166",2026/09/11
2270,2270,2798,(株)ワイズテーブルコーポレーション,東証STD,"2,994",-11,-0.37,"1,500",2026/09/11
2271,2271,3002,グンゼ(株),東証PRM,"4,010",-15,-0.37,"152,400",2026/09/11
2272,2272,3193,(株)エターナルホスピタリティグループ,東証PRM,"1,359",-5,-0.37,"367,200",2026/09/11
2273,2273,348A,MAXIS 読売333日本株,東証ETF,293.7,-1.1,-0.37,"15,710",2026/09/11
2274,2274,4650,ＳＤエンターテイメント(株),東証STD,270,-1,-0.37,"11,500",2026/09/11
2275,2275,4676,(株)フジ・メディア・ホールディングス,東証PRM,"4,034",-15,-0.37,"491,200",2026/09/11
2276,2276,5110,住友ゴム工業(株),東証PRM,"1,996.5",-7.5,-0.37,"2,022,100",2026/09/11
2277,2277,5830,(株)いよぎんホールディングス,東証PRM,"3,816",-14,-0.37,"1,317,600",2026/09/11
2278,2278,6058,(株)ベクトル,東証PRM,"1,880",-7,-0.37,"523,300",2026/09/11
2279,2279,6379,レイズネクスト(株),東証PRM,"2,924",-11,-0.37,"281,200",2026/09/11
2280,2280,6654,不二電機工業(株),東証STD,"1,073",-4,-0.37,"5,400",2026/09/11
2281,2281,8127,ヤマト　インターナショナル(株),東証STD,535,-2,-0.37,"7,300",2026/09/11
2282,2282,8511,日本証券金融(株),東証PRM,"2,431",-9,-0.37,"174,300",2026/09/11
2283,2283,8714,(株)池田泉州ホールディングス,東証PRM,"1,071",-4,-0.37,"1,135,900",2026/09/11
2284,2284,1586,上場インデックス TOPIX Ex-Financials,東証ETF,"3,020",-11,-0.36,37,2026/09/11
2285,2285,1787,(株)ナカボーテック,東証STD,"5,610",-20,-0.36,100,2026/09/11
2286,2286,2086,NZAM 上場投信 S&P500(H有),東証ETF,"3,035",-11,-0.36,24,2026/09/11
2287,2287,2653,イオン九州(株),東証STD,"2,792",-10,-0.36,"16,700",2026/09/11
2288,2288,2760,東京エレクトロン　デバイス(株),東証PRM,"4,095",-15,-0.36,"96,900",2026/09/11
2289,2289,3476,投資法人みらい,東証,"41,400",-150,-0.36,"15,689",2026/09/11
2290,2290,3848,(株)データ・アプリケーション,東証STD,835,-3,-0.36,"2,300",2026/09/11
2291,2291,3933,チエル(株),東証STD,546,-2,-0.36,"1,100",2026/09/11
2292,2292,6196,(株)ストライクグループ,東証PRM,"1,394",-5,-0.36,"335,800",2026/09/11
2293,2293,6836,ぷらっとホーム(株),東証STD,820,-3,-0.36,"2,200",2026/09/11
2294,2294,7214,ＧＭＢ(株),東証STD,"1,105",-4,-0.36,"2,500",2026/09/11
2295,2295,7305,新家工業(株),東証STD,"2,737",-10,-0.36,"14,300",2026/09/11
2296,2296,7544,(株)スリーエフ,東証STD,551,-2,-0.36,"5,600",2026/09/11
2297,2297,8018,三共生興(株),東証STD,827,-3,-0.36,"49,100",2026/09/11
2298,2298,8699,ＨＳホールディングス(株),東証STD,"1,120",-4,-0.36,"16,200",2026/09/11
2299,2299,8999,グランディハウス(株),東証PRM,558,-2,-0.36,"46,000",2026/09/11
2300,2300,9254,(株)ラバブルマーケティンググループ,東証GRT,"1,100",-4,-0.36,400,2026/09/11
2301,2301,9564,(株)ＦＣＥ,東証STD,555,-2,-0.36,"31,500",2026/09/11
2302,2302,1418,インターライフホールディングス(株),東証STD,576,-2,-0.35,"33,400",2026/09/11
2303,2303,1497,iシェアーズ 米ドル建ハイイールド社債ETF(H有),東証ETF,"1,724",-6,-0.35,"4,796",2026/09/11
2304,2304,201A,iシェアーズ Nifty 50 インド株 ETF,東証ETF,171,-0.6,-0.35,"259,580",2026/09/11
2305,2305,2136,(株)ヒップ,東証STD,"1,404",-5,-0.35,800,2026/09/11
2306,2306,2520,(NEXT FUNDS)新興国株式･MSCI EM･(H無),東証ETF,"2,307",-8,-0.35,"8,094",2026/09/11
2307,2307,3682,エンカレッジ・テクノロジ(株),東証STD,570,-2,-0.35,"3,700",2026/09/11
2308,2308,3910,(株)エムケイシステム,東証STD,285,-1,-0.35,"2,900",2026/09/11
2309,2309,5011,ニチレキグループ(株),東証PRM,"2,277",-8,-0.35,"63,000",2026/09/11
2310,2310,6580,(株)ライトアップ,東証GRT,859,-3,-0.35,"29,600",2026/09/11
2311,2311,7514,(株)ヒマラヤ,東証STD,850,-3,-0.35,"6,500",2026/09/11
2312,2312,9364,(株)上組,東証PRM,"4,809",-17,-0.35,"335,700",2026/09/11
2313,2313,9906,藤井産業(株),東証STD,"4,245",-15,-0.35,800,2026/09/11
2314,2314,9993,(株)ヤマザワ,東証STD,"1,151",-4,-0.35,"3,700",2026/09/11
2315,2315,1560,(NEXT FUNDS)マレーシアKLCI連動型上場投信,東証ETF,"6,205",-21,-0.34,323,2026/09/11
2316,2316,1905,(株)テノックス,東証STD,"1,445",-5,-0.34,400,2026/09/11
2317,2317,2217,モロゾフ(株),東証PRM,"1,478",-5,-0.34,"39,700",2026/09/11
2318,2318,2245,(NEXT FUNDS) ブルームバーグ 独国債(7-10年)(H有),東証ETF,684,-2.3,-0.34,10,2026/09/11
2319,2319,2676,高千穂交易(株),東証PRM,"2,052",-7,-0.34,"21,600",2026/09/11
2320,2320,2851,iシェアーズ MSCI ジャパンSRI,東証ETF,385.7,-1.3,-0.34,"68,150",2026/09/11
2321,2321,2860,(NEXT FUNDS) ドイツ株式・DAX(H有),東証ETF,"3,205",-11,-0.34,"3,781",2026/09/11
2322,2322,3295,ヒューリックリート投資法人,東証,"147,500",-500,-0.34,"8,013",2026/09/11
2323,2323,4386,(株)ＳＩＧグループ,東証STD,872,-3,-0.34,"7,100",2026/09/11
2324,2324,4465,(株)ニイタカ,東証STD,"2,368",-8,-0.34,"2,500",2026/09/11
2325,2325,4681,リゾートトラスト(株),東証PRM,"1,757",-6,-0.34,"486,300",2026/09/11
2326,2326,6367,ダイキン工業(株),東証PRM,"20,780",-70,-0.34,"1,228,000",2026/09/11
2327,2327,7284,盟和産業(株),東証STD,"1,160",-4,-0.34,200,2026/09/11
2328,2328,7554,(株)幸楽苑,東証PRM,"1,156",-4,-0.34,"54,000",2026/09/11
2329,2329,9090,ＡＺ－ＣＯＭ丸和ホールディングス(株),東証PRM,882,-3,-0.34,"543,700",2026/09/11
2330,2330,9330,(株)揚羽,東証GRT,886,-3,-0.34,600,2026/09/11
2331,2331,9345,ビズメイツ(株),東証GRT,590,-2,-0.34,400,2026/09/11
2332,2332,9603,(株)エイチ・アイ・エス,東証PRM,"1,172",-4,-0.34,"476,700",2026/09/11
2333,2333,1474,One ETF JPX日経400,東証ETF,"36,530",-120,-0.33,8,2026/09/11
2334,2334,1680,上場インデックスファンド海外先進国株式,東証ETF,"8,043",-27,-0.33,547,2026/09/11
2335,2335,1873,(株)日本ハウスホールディングス,東証PRM,302,-1,-0.33,"80,300",2026/09/11
2336,2336,1928,積水ハウス(株),東証PRM,"3,361",-11,-0.33,"3,209,500",2026/09/11
2337,2337,2186,ソーバル(株),東証STD,897,-3,-0.33,"3,100",2026/09/11
2338,2338,2501,サッポロビール(株),東証PRM,"1,838",-6,-0.33,"1,174,100",2026/09/11
2339,2339,2892,日本食品化工(株),東証STD,"4,580",-15,-0.33,"4,800",2026/09/11
2340,2340,3671,ソフトマックス(株),東証STD,304,-1,-0.33,"7,200",2026/09/11
2341,2341,4666,パーク２４(株),東証PRM,"1,950",-6.5,-0.33,"913,000",2026/09/11
2342,2342,471A,ＮＳグループ(株),東証PRM,"1,520",-5,-0.33,"223,800",2026/09/11
2343,2343,477A,(株)スタートライン,東証GRT,903,-3,-0.33,"48,800",2026/09/11
2344,2344,488A,iシェアーズ 円高フォーカス ETF,東証ETF,790.8,-2.6,-0.33,"8,040",2026/09/11
2345,2345,5607,中央可鍛工業(株),名証MN,607,-2,-0.33,"8,300",2026/09/11
2346,2346,5609,日本鋳造(株),東証STD,905,-3,-0.33,"5,600",2026/09/11
2347,2347,5973,(株)トーアミ,東証STD,608,-2,-0.33,300,2026/09/11
2348,2348,6265,コンバム(株),東証STD,"3,055",-10,-0.33,500,2026/09/11
2349,2349,7849,スターツ出版(株),東証STD,"3,000",-10,-0.33,"2,200",2026/09/11
2350,2350,8252,(株)丸井グループ,東証PRM,"2,852.5",-9.5,-0.33,"1,401,200",2026/09/11
2351,2351,8876,(株)リログループ,東証PRM,"2,134",-7,-0.33,"610,000",2026/09/11
2352,2352,9474,(株)ゼンリン,東証PRM,907,-3,-0.33,"109,300",2026/09/11
2353,2353,1301,(株)極洋,東証PRM,"4,625",-15,-0.32,"38,900",2026/09/11
2354,2354,1414,ショーボンドホールディングス(株),東証PRM,"1,241",-4,-0.32,"1,018,400",2026/09/11
2355,2355,1499,MAXIS 日本株高配当70マーケットニュートラル,東証ETF,"9,350",-30,-0.32,65,2026/09/11
2356,2356,1921,(株)巴コーポレーション,東証STD,"1,881",-6,-0.32,"8,300",2026/09/11
2357,2357,2428,ウェルネット(株),東証STD,623,-2,-0.32,"29,700",2026/09/11
2358,2358,2521,上場インデックスファンド米国株式(S&P500)H有,東証ETF,"2,155",-7,-0.32,"6,116",2026/09/11
2359,2359,2769,(株)ヴィレッジヴァンガードコーポレーション,東証STD,922,-3,-0.32,"2,800",2026/09/11
2360,2360,3386,コスモ・バイオ(株),東証STD,"1,250",-4,-0.32,"1,200",2026/09/11
2361,2361,3858,(株)ユビキタスＡＩ,東証STD,309,-1,-0.32,"18,800",2026/09/11
2362,2362,418A,ウリドキ(株),名証NXT,"1,258",-4,-0.32,"6,800",2026/09/11
2363,2363,4751,(株)サイバーエージェント,東証PRM,"1,231.5",-4,-0.32,"4,925,400",2026/09/11
2364,2364,6070,キャリアリンク(株),東証PRM,"2,479",-8,-0.32,"24,600",2026/09/11
2365,2365,6568,神戸天然物化学(株),東証GRT,"1,248",-4,-0.32,"2,300",2026/09/11
2366,2366,7345,(株)アイ・パートナーズフィナンシャル,東証GRT,937,-3,-0.32,"1,900",2026/09/11
2367,2367,8706,極東証券(株),東証PRM,"1,888",-6,-0.32,"142,300",2026/09/11
2368,2368,9173,東海汽船(株),東証STD,"2,813",-9,-0.32,"1,600",2026/09/11
2369,2369,9534,北海道ガス(株),東証PRM,925,-3,-0.32,"465,200",2026/09/11
2370,2370,9818,大丸エナウィン(株),東証STD,"1,540",-5,-0.32,200,2026/09/11
2371,2371,1771,日本乾溜工業(株),福証,952,-3,-0.31,"2,700",2026/09/11
2372,2372,2568,上場インデックスファンド米国株式(NASDAQ100)H無,東証ETF,"7,723",-24,-0.31,"11,849",2026/09/11
2373,2373,2623,iシェアーズ ユーロ建て投資適格社債(H有),東証ETF,"1,911",-6,-0.31,"1,455",2026/09/11
2374,2374,2795,日本プリメックス(株),東証STD,951,-3,-0.31,300,2026/09/11
2375,2375,2840,iFreeETF NASDAQ100(H無),東証ETF,"2,595",-8,-0.31,"64,134",2026/09/11
2376,2376,3066,(株)ＪＢイレブン,名証MN,644,-2,-0.31,"3,300",2026/09/11
2377,2377,3175,(株)エー・ピーホールディングス,東証STD,976,-3,-0.31,"9,100",2026/09/11
2378,2378,3191,(株)ジョイフル本田,東証PRM,"2,245",-7,-0.31,"145,700",2026/09/11
2379,2379,3326,(株)ランシステム,東証STD,650,-2,-0.31,"2,400",2026/09/11
2380,2380,3900,(株)クラウドワークス,東証GRT,649,-2,-0.31,"67,200",2026/09/11
2381,2381,4620,藤倉化成(株),東証STD,966,-3,-0.31,"107,900",2026/09/11
2382,2382,492A,One ETF 日本国債 高クーポン(平均残存10年未満),東証ETF,964.6,-3,-0.31,"1,720",2026/09/11
2383,2383,5603,虹技(株),東証STD,"1,300",-4,-0.31,"7,500",2026/09/11
2384,2384,6927,ヘリオス　テクノ　ホールディング(株),東証STD,967,-3,-0.31,"40,300",2026/09/11
2385,2385,7090,(株)リグア,東証GRT,950,-3,-0.31,400,2026/09/11
2386,2386,7266,(株)今仙電機製作所,東証STD,962,-3,-0.31,"23,800",2026/09/11
2387,2387,7874,レック(株),東証PRM,951,-3,-0.31,"218,000",2026/09/11
2388,2388,9245,(株)リベロ,東証GRT,"1,945",-6,-0.31,"5,900",2026/09/11
2389,2389,9468,(株)ＫＡＤＯＫＡＷＡ,東証PRM,"3,588",-11,-0.31,"356,600",2026/09/11
2390,2390,9733,(株)ナガセ,東証STD,"2,284",-7,-0.31,"13,400",2026/09/11
2391,2391,159A,(NEXT FUNDS) JPXプライム150指数連動型上場投信,東証ETF,725.7,-2.2,-0.3,"17,540",2026/09/11
2392,2392,1766,東建コーポレーション(株),東証PRM,"13,490",-40,-0.3,"19,000",2026/09/11
2393,2393,2649,iシェアーズ 米国政府系機関ジニーメイMBS(H有),東証ETF,570.5,-1.7,-0.3,"2,880",2026/09/11
2394,2394,2750,石光商事(株),東証STD,"1,346",-4,-0.3,"5,600",2026/09/11
2395,2395,3028,(株)アルペン,東証PRM,"2,289",-7,-0.3,"74,700",2026/09/11
2396,2396,3539,(株)ＪＭホールディングス,東証PRM,"1,336",-4,-0.3,"157,500",2026/09/11
2397,2397,466A,GX 防衛テック,東証ETF,995,-3,-0.3,"88,812",2026/09/11
2398,2398,4678,(株)秀英予備校,東証STD,329,-1,-0.3,"2,100",2026/09/11
2399,2399,5355,日本ルツボ(株),東証STD,660,-2,-0.3,"2,100",2026/09/11
2400,2400,7277,(株)ＴＢＫ,東証STD,337,-1,-0.3,"25,600",2026/09/11
2401,2401,7447,ナガイレーベン(株),東証PRM,"1,640",-5,-0.3,"76,300",2026/09/11
2402,2402,8011,(株)三陽商会,東証PRM,"1,313",-4,-0.3,"136,700",2026/09/11
2403,2403,8129,東邦ホールディングス(株),東証PRM,"3,940",-12,-0.3,"150,100",2026/09/11
2404,2404,8242,エイチ・ツー・オー　リテイリング(株),東証PRM,"2,833.5",-8.5,-0.3,"285,900",2026/09/11
2405,2405,8803,平和不動産(株),東証PRM,"2,318",-7,-0.3,"202,300",2026/09/11
2406,2406,9034,南総通運(株),東証STD,"1,663",-5,-0.3,"3,800",2026/09/11
2407,2407,9052,山陽電気鉄道(株),東証PRM,"1,985",-6,-0.3,"42,500",2026/09/11
2408,2408,9332,ＮＩＳＳＯホールディングス(株),東証PRM,658,-2,-0.3,"80,200",2026/09/11
2409,2409,9885,(株)シャルレ,東証STD,331,-1,-0.3,"2,600",2026/09/11
2410,2410,1550,MAXIS 海外株式(MSCIコクサイ)上場投信,東証ETF,"7,832",-23,-0.29,892,2026/09/11
2411,2411,1951,エクシオグループ(株),東証PRM,"2,540.5",-7.5,-0.29,"445,500",2026/09/11
2412,2412,2518,(NEXT FUNDS) MSCI日本株女性活躍(セレクト)上場投信,東証ETF,"2,399",-7,-0.29,"5,590",2026/09/11
2413,2413,3395,(株)サンマルクホールディングス,東証PRM,"2,441",-7,-0.29,"73,500",2026/09/11
2414,2414,4617,中国塗料(株),東証PRM,"3,445",-10,-0.29,"219,300",2026/09/11
2415,2415,4792,山田コンサルティンググループ(株),東証PRM,"1,749",-5,-0.29,"18,600",2026/09/11
2416,2416,4994,大成ラミックグループ(株),東証STD,"2,727",-8,-0.29,"15,700",2026/09/11
2417,2417,5532,(株)リアルゲイト,東証GRT,"3,435",-10,-0.29,"13,000",2026/09/11
2418,2418,6199,(株)セラク,東証STD,"1,372",-4,-0.29,"22,400",2026/09/11
2419,2419,6964,(株)サンコー,東証STD,688,-2,-0.29,800,2026/09/11
2420,2420,7047,ポート(株),東証GRT,"2,065",-6,-0.29,"149,900",2026/09/11
2421,2421,7078,ＩＮＣＬＵＳＩＶＥ　Ｈｏｌｄｉｎｇｓ(株),東証GRT,341,-1,-0.29,"9,300",2026/09/11
2422,2422,7325,(株)アイリックコーポレーション,東証GRT,685,-2,-0.29,"7,700",2026/09/11
2423,2423,7416,(株)はるやまホールディングス,東証STD,681,-2,-0.29,"1,000",2026/09/11
2424,2424,7677,(株)ヤシマキザイ,東証STD,"2,742",-8,-0.29,100,2026/09/11
2425,2425,7734,理研計器(株),東証PRM,"3,380",-10,-0.29,"112,500",2026/09/11
2426,2426,8700,丸八証券(株),東証STD,"2,093",-6,-0.29,"1,400",2026/09/11
2427,2427,9416,(株)ビジョン,東証PRM,"1,037",-3,-0.29,"250,400",2026/09/11
2428,2428,1491,中外鉱業(株),東証STD,706,-2,-0.28,"10,500",2026/09/11
2429,2429,1718,美樹工業(株),東証STD,"7,110",-20,-0.28,"2,200",2026/09/11
2430,2430,2206,江崎グリコ(株),東証PRM,"4,984",-14,-0.28,"149,500",2026/09/11
2431,2431,3908,(株)コラボス,東証STD,355,-1,-0.28,"2,300",2026/09/11
2432,2432,4245,(株)ダイキアクシス,東証STD,701,-2,-0.28,"8,100",2026/09/11
2433,2433,4324,(株)電通グループ,東証PRM,"3,577",-10,-0.28,"1,122,000",2026/09/11
2434,2434,5310,東洋炭素(株),東証PRM,"7,110",-20,-0.28,"139,400",2026/09/11
2435,2435,5644,(株)メタルアート,東証STD,"7,200",-20,-0.28,"4,100",2026/09/11
2436,2436,5816,オーナンバ(株),東証STD,"1,437",-4,-0.28,"18,600",2026/09/11
2437,2437,6099,(株)エラン,東証PRM,710,-2,-0.28,"79,300",2026/09/11
2438,2438,8887,(株)シーラホールディングス,東証STD,358,-1,-0.28,"47,500",2026/09/11
2439,2439,8945,サンネクスタグループ(株),東証STD,"1,082",-3,-0.28,"3,200",2026/09/11
2440,2440,9068,丸全昭和運輸(株),東証PRM,"7,170",-20,-0.28,"38,800",2026/09/11
2441,2441,9986,蔵王産業(株),東証STD,"2,497",-7,-0.28,"1,000",2026/09/11
2442,2442,157A,グリーンモンスター(株),東証GRT,728,-2,-0.27,"22,300",2026/09/11
2443,2443,1599,iFreeETF JPX日経400,東証ETF,"36,910",-100,-0.27,36,2026/09/11
2444,2444,1898,世紀東急工業(株),東証PRM,"1,473",-4,-0.27,"133,400",2026/09/11
2445,2445,2122,(株)インタースペース,東証STD,"1,452",-4,-0.27,"4,300",2026/09/11
2446,2446,2726,(株)パルグループホールディングス,東証PRM,"1,481",-4,-0.27,"884,900",2026/09/11
2447,2447,316A,iFreeETF FANG+,東証ETF,"2,626",-7,-0.27,"115,509",2026/09/11
2448,2448,356A,GX S&P500 キャッシュフロー・トップ100,東証ETF,"1,504",-4,-0.27,"4,602",2026/09/11
2449,2449,3683,(株)サイバーリンクス,東証STD,"1,109",-3,-0.27,"7,200",2026/09/11
2450,2450,3901,マークラインズ(株),東証PRM,"1,476",-4,-0.27,"85,800",2026/09/11
2451,2451,4256,(株)サインド,東証GRT,"1,126",-3,-0.27,"2,900",2026/09/11
2452,2452,4623,(株)アサヒペン,東証STD,"1,830",-5,-0.27,500,2026/09/11
2453,2453,6837,(株)京写,東証STD,363,-1,-0.27,"30,400",2026/09/11
2454,2454,7096,(株)ステムセル研究所,東証GRT,748,-2,-0.27,"1,500",2026/09/11
2455,2455,7182,(株)ゆうちょ銀行,東証PRM,"3,290",-9,-0.27,"6,871,200",2026/09/11
2456,2456,7885,タカノ(株),東証STD,"1,125",-3,-0.27,"13,600",2026/09/11
2457,2457,8338,(株)筑波銀行,東証PRM,726,-2,-0.27,"1,501,100",2026/09/11
2458,2458,8972,KDX不動産投資法人,東証,"146,400",-400,-0.27,"20,618",2026/09/11
2459,2459,9238,バリュークリエーション(株),東証GRT,372,-1,-0.27,"5,400",2026/09/11
2460,2460,9990,(株)サックスバー　ホールディングス,東証PRM,744,-2,-0.27,"76,900",2026/09/11
2461,2461,2212,山崎製パン(株),東証PRM,"3,867",-10,-0.26,"569,100",2026/09/11
2462,2462,3135,(株)マーケットエンタープライズ,東証STD,"1,159",-3,-0.26,"4,200",2026/09/11
2463,2463,3501,ＳＵＭＩＮＯＥ(株),東証PRM,"1,156",-3,-0.26,"14,500",2026/09/11
2464,2464,3612,(株)ワールド,東証PRM,"1,562",-4,-0.26,"262,100",2026/09/11
2465,2465,3953,大村紙業(株),東証STD,780,-2,-0.26,"1,900",2026/09/11
2466,2466,4658,日本空調サービス(株),東証PRM,"1,525",-4,-0.26,"142,600",2026/09/11
2467,2467,4733,(株)オービックビジネスコンサルタント,東証PRM,"8,107",-21,-0.26,"295,600",2026/09/11
2468,2468,5187,クリエートメディック(株),東証STD,"1,133",-3,-0.26,"3,000",2026/09/11
2469,2469,6209,リケンＮＰＲ(株),東証PRM,"3,790",-10,-0.26,"100,500",2026/09/11
2470,2470,7472,(株)鳥羽洋行,東証STD,"3,900",-10,-0.26,500,2026/09/11
2471,2471,7590,(株)タカショー,東証STD,391,-1,-0.26,"24,300",2026/09/11
2472,2472,7769,リズム(株),東証PRM,"3,780",-10,-0.26,"18,100",2026/09/11
2473,2473,9233,アジア航測(株),東証STD,"1,154",-3,-0.26,"4,000",2026/09/11
2474,2474,9768,いであ(株),東証STD,"3,770",-10,-0.26,"7,800",2026/09/11
2475,2475,1546,(NEXT FUNDS)ダウ･ジョーンズ工業株30種(H無),東証ETF,"78,520",-200,-0.25,716,2026/09/11
2476,2476,1617,(NEXT FUNDS)食品上場投信,東証ETF,"47,110",-120,-0.25,788,2026/09/11
2477,2477,1762,(株)高松コンストラクショングループ,東証PRM,"4,055",-10,-0.25,"40,300",2026/09/11
2478,2478,1929,日特建設(株),東証PRM,"1,202",-3,-0.25,"103,300",2026/09/11
2479,2479,2018,GX US REIT・トップ20,東証ETF,"1,216",-3,-0.25,70,2026/09/11
2480,2480,2031,NEXT NOTES 香港ハンセン･ダブル･ブルETN,東証ETF,"7,274",-18,-0.25,125,2026/09/11
2481,2481,2043,NEXT NOTES STOXX アセアン好配当50(円、NR)ETN,東証ETF,"29,420",-75,-0.25,185,2026/09/11
2482,2482,3080,(株)ジェーソン,東証STD,814,-2,-0.25,"2,100",2026/09/11
2483,2483,3174,(株)ハピネス・アンド・ディ,東証STD,399,-1,-0.25,"7,100",2026/09/11
2484,2484,3353,(株)メディカル一光グループ,東証STD,"2,797",-7,-0.25,"5,300",2026/09/11
2485,2485,4409,東邦化学工業(株),東証STD,789,-2,-0.25,"3,500",2026/09/11
2486,2486,4743,(株)アイティフォー,東証PRM,"1,600",-4,-0.25,"103,500",2026/09/11
2487,2487,517A,iFreeETF 米ドル・べア(1倍),東証ETF,"1,998",-5,-0.25,114,2026/09/11
2488,2488,605A,(NEXT FUNDS) 日本株政策フォーカス上場投信,東証ETF,196.3,-0.5,-0.25,"85,610",2026/09/11
2489,2489,6430,ダイコク電機(株),東証PRM,"2,427",-6,-0.25,"105,300",2026/09/11
2490,2490,6545,(株)インターネットインフィニティー,東証GRT,800,-2,-0.25,"4,400",2026/09/11
2491,2491,6588,東芝テック(株),東証PRM,"2,780",-7,-0.25,"126,200",2026/09/11
2492,2492,6613,(株)ＱＤレーザ,東証GRT,"1,964",-5,-0.25,"1,234,900",2026/09/11
2493,2493,7140,ペットゴー(株),東証GRT,800,-2,-0.25,100,2026/09/11
2494,2494,7539,(株)アイナボホールディングス,東証STD,808,-2,-0.25,"8,900",2026/09/11
2495,2495,7636,(株)ハンズマン,東証STD,794,-2,-0.25,"5,900",2026/09/11
2496,2496,7953,菊水化学工業(株),東証STD,398,-1,-0.25,"3,300",2026/09/11
2497,2497,7962,(株)キングジム,東証PRM,785,-2,-0.25,"32,400",2026/09/11
2498,2498,8835,太平洋興発(株),東証STD,795,-2,-0.25,"6,900",2026/09/11
2499,2499,92015,日本航空（株）第１回社債型種類株式,東証PRM,"10,120",-25,-0.25,"5,900",2026/09/11
2500,2500,9508,九州電力(株),東証PRM,"2,179.5",-5.5,-0.25,"2,921,000",2026/09/11
2501,2501,9928,(株)ミロク情報サービス,東証PRM,"2,000",-5,-0.25,"26,000",2026/09/11
2502,2502,1483,iシェアーズ JPX/S&P 設備･人材投資ETF,東証ETF,"3,806",-9,-0.24,165,2026/09/11
2503,2503,1968,太平電業(株),東証PRM,"2,513",-6,-0.24,"134,300",2026/09/11
2504,2504,2730,(株)エディオン,東証PRM,"2,459",-6,-0.24,"336,600",2026/09/11
2505,2505,3001,片倉工業(株),東証STD,"2,897",-7,-0.24,"28,800",2026/09/11
2506,2506,3665,(株)エニグモ,東証PRM,421,-1,-0.24,"92,100",2026/09/11
2507,2507,3750,ＡＤＲバイオメディカルホールディングス(株),東証STD,833,-2,-0.24,"4,600",2026/09/11
2508,2508,3844,コムチュア(株),東証PRM,"1,265",-3,-0.24,"639,500",2026/09/11
2509,2509,4420,イーソル(株),東証STD,820,-2,-0.24,"406,100",2026/09/11
2510,2510,6284,日精エー・エス・ビー機械(株),東証PRM,"8,370",-20,-0.24,"26,900",2026/09/11
2511,2511,6637,寺崎電気産業(株),東証STD,"4,100",-10,-0.24,"27,700",2026/09/11
2512,2512,7937,(株)ツツミ,東証STD,"2,545",-6,-0.24,"17,200",2026/09/11
2513,2513,8117,中央自動車工業(株),東証STD,"2,090",-5,-0.24,"277,500",2026/09/11
2514,2514,8160,(株)木曽路,東証PRM,"2,449",-6,-0.24,"75,200",2026/09/11
2515,2515,8904,(株)ＡＶＡＮＴＩＡ,東証STD,816,-2,-0.24,"16,900",2026/09/11
2516,2516,9248,人・夢・技術グループ(株),東証STD,"1,650",-4,-0.24,"69,800",2026/09/11
2517,2517,9517,イーレックス(株),東証PRM,830,-2,-0.24,"228,200",2026/09/11
2518,2518,9661,(株)歌舞伎座,東証STD,"4,185",-10,-0.24,"5,000",2026/09/11
2519,2519,1383,ベルグアース(株),東証STD,"2,992",-7,-0.23,300,2026/09/11
2520,2520,1698,上場インデックスファンド日本高配当,東証ETF,"4,326",-10,-0.23,"16,532",2026/09/11
2521,2521,2235,上場インデックスファンド米国株式(ダウ平均)H無,東証ETF,"3,494",-8,-0.23,754,2026/09/11
2522,2522,2247,iFreeETF S&P500(H無),東証ETF,"2,205",-5,-0.23,"5,911",2026/09/11
2523,2523,2393,(株)日本ケアサプライ,東証STD,"4,260",-10,-0.23,"1,600",2026/09/11
2524,2524,3167,(株)ＴＯＫＡＩホールディングス,東証PRM,"1,322",-3,-0.23,"497,900",2026/09/11
2525,2525,3248,(株)アールエイジ,東証STD,884,-2,-0.23,900,2026/09/11
2526,2526,3286,トラストホールディングス(株),東証STD,885,-2,-0.23,"3,500",2026/09/11
2527,2527,3361,(株)トーエル,東証STD,881,-2,-0.23,"2,000",2026/09/11
2528,2528,3815,(株)メディア工房,東証GRT,427,-1,-0.23,"6,200",2026/09/11
2529,2529,3965,(株)キャピタル・アセット・プランニング,東証STD,885,-2,-0.23,"11,500",2026/09/11
2530,2530,4248,竹本容器(株),東証STD,875,-2,-0.23,"2,800",2026/09/11
2531,2531,4645,(株)市進ホールディングス,東証STD,435,-1,-0.23,900,2026/09/11
2532,2532,489A,東証REIT物流フォーカスETF,東証ETF,860,-2,-0.23,497,2026/09/11
2533,2533,6651,日東工業(株),東証PRM,"4,345",-10,-0.23,"86,800",2026/09/11
2534,2534,7187,ジェイリース(株),東証PRM,"1,312",-3,-0.23,"68,800",2026/09/11
2535,2535,7314,(株)小田原機器,東証STD,"1,320",-3,-0.23,400,2026/09/11
2536,2536,7380,(株)十六フィナンシャルグループ,東証PRM,"2,633",-6,-0.23,"505,200",2026/09/11
2537,2537,9380,東海運(株),東証STD,437,-1,-0.23,"4,900",2026/09/11
2538,2538,9507,四国電力(株),東証PRM,"2,174.5",-5,-0.23,"1,624,800",2026/09/11
2539,2539,2304,(株)ＣＳＳホールディングス,東証STD,902,-2,-0.22,"5,400",2026/09/11
2540,2540,2485,(株)ティア,東証STD,444,-1,-0.22,"39,900",2026/09/11
2541,2541,2633,(NEXT FUNDS) S&P500(H無)連動型上場投信,東証ETF,541.3,-1.2,-0.22,"399,550",2026/09/11
2542,2542,3504,(株)丸八ホールディングス,名証MN,"1,366",-3,-0.22,"2,100",2026/09/11
2543,2543,3926,(株)オープンドア,東証STD,456,-1,-0.22,"49,700",2026/09/11
2544,2544,468A,GX 米ドル建て投資適格社債,東証ETF,269.2,-0.6,-0.22,"3,190",2026/09/11
2545,2545,4819,(株)デジタルガレージ,東証PRM,"2,238",-5,-0.22,"270,800",2026/09/11
2546,2546,4901,富士フイルムホールディングス(株),東証PRM,"3,225",-7,-0.22,"4,290,100",2026/09/11
2547,2547,6424,(株)高見沢サイバネティックス,東証STD,893,-2,-0.22,"1,600",2026/09/11
2548,2548,6758,ソニーグループ(株),東証PRM,"3,632",-8,-0.22,"14,472,100",2026/09/11
2549,2549,6763,帝国通信工業(株),東証PRM,"2,728",-6,-0.22,"14,900",2026/09/11
2550,2550,7687,(株)ミクリード,東証GRT,448,-1,-0.22,"2,300",2026/09/11
2551,2551,8200,(株)リンガーハット,東証PRM,"2,307",-5,-0.22,"63,900",2026/09/11
2552,2552,9037,(株)ハマキョウレックス,東証PRM,"1,799",-4,-0.22,"176,400",2026/09/11
2553,2553,9713,(株)ロイヤルホテル,東証STD,915,-2,-0.22,"5,700",2026/09/11
2554,2554,9849,(株)共同紙販ホールディングス,東証STD,"4,510",-10,-0.22,200,2026/09/11
2555,2555,2034,NEXT NOTES 韓国KOSPI･ベアETN,東証ETF,"1,862",-4,-0.21,"46,828",2026/09/11
2556,2556,235A,GX 高配当30-日本株式,東証ETF,"1,409",-3,-0.21,"31,898",2026/09/11
2557,2557,2530,MAXIS HuaAn中国株式(上海180A株)上場投信,東証ETF,"17,020",-35,-0.21,181,2026/09/11
2558,2558,2558,MAXIS 米国株式(S&P500)上場投信,東証ETF,"3,377",-7,-0.21,"132,986",2026/09/11
2559,2559,2607,不二製油(株),東証PRM,"4,372",-9,-0.21,"307,700",2026/09/11
2560,2560,2789,(株)カルラ,東証STD,476,-1,-0.21,400,2026/09/11
2561,2561,401A,霞ヶ関ホテルリート投資法人,東証,"94,500",-200,-0.21,"2,079",2026/09/11
2562,2562,4421,(株)ディ・アイ・システム,東証STD,948,-2,-0.21,"2,300",2026/09/11
2563,2563,4523,エーザイ(株),東証PRM,"4,658",-10,-0.21,"1,376,000",2026/09/11
2564,2564,494A,One ETF 日本国債 3-7年,東証ETF,981.7,-2.1,-0.21,"1,960",2026/09/11
2565,2565,5078,(株)セレコーポレーション,東証STD,"4,725",-10,-0.21,"1,100",2026/09/11
2566,2566,5989,(株)エイチワン,東証PRM,"1,425",-3,-0.21,"129,200",2026/09/11
2567,2567,6229,(株)オーケーエム,東証STD,"1,451",-3,-0.21,"20,100",2026/09/11
2568,2568,6493,(株)ＮＩＴＴＡＮ,東証STD,475,-1,-0.21,"63,000",2026/09/11
2569,2569,6942,(株)ソフィアホールディングス,東証STD,"1,432",-3,-0.21,"2,800",2026/09/11
2570,2570,9368,キムラユニティー(株),東証STD,952,-2,-0.21,"14,900",2026/09/11
2571,2571,9435,(株)光通信,東証PRM,"37,680",-80,-0.21,"66,300",2026/09/11
2572,2572,1417,(株)ミライト・ワン,東証PRM,"3,512",-7,-0.2,"307,900",2026/09/11
2573,2573,1768,(株)ソネック,東証STD,"1,021",-2,-0.2,"5,600",2026/09/11
2574,2574,197A,(株)タウンズ,東証STD,502,-1,-0.2,"184,000",2026/09/11
2575,2575,2291,福留ハム(株),東証STD,509,-1,-0.2,"1,000",2026/09/11
2576,2576,3076,あい　ホールディングス(株),東証PRM,"2,975",-6,-0.2,"123,100",2026/09/11
2577,2577,3166,ＯＣＨＩホールディングス(株),東証STD,"1,463",-3,-0.2,"1,700",2026/09/11
2578,2578,4198,(株)テンダ,東証STD,499,-1,-0.2,600,2026/09/11
2579,2579,4307,(株)野村総合研究所,東証PRM,"4,901",-10,-0.2,"2,170,500",2026/09/11
2580,2580,4839,(株)ＷＯＷＯＷ,東証PRM,"1,002",-2,-0.2,"39,900",2026/09/11
2581,2581,515A,iシェアーズ 高格付け日本円社債 ETF,東証ETF,498,-1,-0.2,"6,770",2026/09/11
2582,2582,545A,(株)トランヴィア,東証PRM,980,-2,-0.2,"55,300",2026/09/11
2583,2583,573A,iシェアーズ 日本国債20年超,東証ETF,494,-1,-0.2,"281,440",2026/09/11
2584,2584,6364,(株)ＡＩＲＭＡＮ,東証PRM,"2,454",-5,-0.2,"81,900",2026/09/11
2585,2585,6743,大同信号(株),東証STD,"1,008",-2,-0.2,"22,700",2026/09/11
2586,2586,6788,(株)日本トリム,東証PRM,"5,030",-10,-0.2,"8,300",2026/09/11
2587,2587,7199,プレミアグループ(株),東証PRM,"2,027",-4,-0.2,"184,700",2026/09/11
2588,2588,7800,(株)アミファ,東証STD,975,-2,-0.2,"7,800",2026/09/11
2589,2589,7943,ニチハ(株),東証PRM,"2,938",-6,-0.2,"81,800",2026/09/11
2590,2590,8769,(株)アドバンテッジリスクマネジメント,東証STD,491,-1,-0.2,"20,000",2026/09/11
2591,2591,9074,日本石油輸送(株),東証STD,"4,960",-10,-0.2,100,2026/09/11
2592,2592,9251,(株)ＡＢ＆Ｃｏｍｐａｎｙ,東証GRT,"1,507",-3,-0.2,"29,600",2026/09/11
2593,2593,9742,(株)アイネス,東証PRM,"2,045",-4,-0.2,"27,200",2026/09/11
2594,2594,9823,(株)マミーマートホールディングス,東証STD,"1,001",-2,-0.2,"75,500",2026/09/11
2595,2595,9835,(株)ジュンテンドー,東証STD,508,-1,-0.2,"1,500",2026/09/11
2596,2596,1364,ｉシェアーズ JPX日経400 ETF,東証ETF,"3,707",-7,-0.19,"6,295",2026/09/11
2597,2597,1444,(株)ニッソウ,東証GRT,"2,671",-5,-0.19,"1,900",2026/09/11
2598,2598,1446,(株)キャンディル,東証STD,537,-1,-0.19,"2,100",2026/09/11
2599,2599,2139,(株)中広,東証STD,519,-1,-0.19,"1,300",2026/09/11
2600,2600,2497,ユナイテッド(株),東証GRT,528,-1,-0.19,"18,300",2026/09/11
2601,2601,3109,シキボウ(株),東証PRM,"1,044",-2,-0.19,"49,600",2026/09/11
2602,2602,363A,iFreeETF 英国FTSE100,東証ETF,"2,656",-5,-0.19,213,2026/09/11
2603,2603,3791,(株)ＩＧポート,東証STD,"1,030",-2,-0.19,"25,200",2026/09/11
2604,2604,3921,(株)ネオジャパン,東証PRM,"1,576",-3,-0.19,"61,500",2026/09/11
2605,2605,4685,(株)菱友システムズ,東証STD,"2,628",-5,-0.19,"17,000",2026/09/11
2606,2606,4927,(株)ポーラ・オルビスホールディングス,東証PRM,"1,339",-2.5,-0.19,"380,700",2026/09/11
2607,2607,9308,乾汽船(株),東証STD,"2,096",-4,-0.19,"99,000",2026/09/11
2608,2608,9739,ＮＳＷ(株),東証PRM,"2,630",-5,-0.19,"22,900",2026/09/11
2609,2609,9996,(株)サトー商会,東証STD,"2,063",-4,-0.19,"1,600",2026/09/11
2610,2610,287A,黒田グループ(株),東証STD,"1,126",-2,-0.18,"462,800",2026/09/11
2611,2611,2932,(株)ＳＴＩフードホールディングス,東証STD,"1,101",-2,-0.18,"13,300",2026/09/11
2612,2612,3401,帝人(株),東証PRM,"1,649.5",-3,-0.18,"765,500",2026/09/11
2613,2613,3670,協立情報通信(株),名証MN,"1,708",-3,-0.18,200,2026/09/11
2614,2614,372A,(株)レント,東証STD,"5,540",-10,-0.18,"2,300",2026/09/11
2615,2615,4920,(株)日本色材工業研究所,東証STD,"1,120",-2,-0.18,200,2026/09/11
2616,2616,5530,日本システムバンク(株),名証MN,"1,091",-2,-0.18,"1,200",2026/09/11
2617,2617,5891,(株)ＳＡＫＩＧＡＫＥホールディングス,東証STD,"1,681",-3,-0.18,"2,400",2026/09/11
2618,2618,7997,(株)くろがね工作所,東証STD,"1,085",-2,-0.18,"4,900",2026/09/11
2619,2619,8818,京阪神ビルディング(株),東証PRM,"1,118",-2,-0.18,"296,500",2026/09/11
2620,2620,9982,タキヒヨー(株),東証STD,"2,715",-5,-0.18,"2,200",2026/09/11
2621,2621,1657,iシェアーズ･コア MSCI 先進国株(除く日本)ETF,東証ETF,"7,026",-12,-0.17,274,2026/09/11
2622,2622,2935,(株)ピックルスホールディングス,東証PRM,"1,192",-2,-0.17,"21,100",2026/09/11
2623,2623,3176,三洋貿易(株),東証PRM,"1,143",-2,-0.17,"296,400",2026/09/11
2624,2624,3178,チムニー(株),東証STD,"1,195",-2,-0.17,"6,700",2026/09/11
2625,2625,3297,(株)東武住販,東証STD,"1,173",-2,-0.17,"1,000",2026/09/11
2626,2626,3474,Ｇ－ＦＡＣＴＯＲＹ(株),東証GRT,600,-1,-0.17,"4,900",2026/09/11
2627,2627,3918,ＰＣＩホールディングス(株),東証STD,"1,156",-2,-0.17,"6,200",2026/09/11
2628,2628,4925,(株)ハーバー研究所,東証STD,"1,725",-3,-0.17,900,2026/09/11
2629,2629,5695,パウダーテック(株),東証STD,"3,000",-5,-0.17,300,2026/09/11
2630,2630,6612,バルミューダ(株),東証GRT,591,-1,-0.17,"2,600",2026/09/11
2631,2631,7060,ギークス(株),東証STD,579,-1,-0.17,"10,100",2026/09/11
2632,2632,7426,(株)山大,東証STD,599,-1,-0.17,100,2026/09/11
2633,2633,7567,(株)栄電子,東証STD,604,-1,-0.17,"5,100",2026/09/11
2634,2634,8984,大和ハウスリート投資法人,東証,"115,100",-200,-0.17,"19,800",2026/09/11
2635,2635,9656,グリーンランドリゾート(株),東証STD,600,-1,-0.17,"7,100",2026/09/11
2636,2636,9757,(株)船井総研ホールディングス,東証PRM,"1,156",-2,-0.17,"277,600",2026/09/11
2637,2637,9830,トラスコ中山(株),東証PRM,"2,369",-4,-0.17,"112,000",2026/09/11
2638,2638,138A,光フードサービス(株),東証GRT,"3,090",-5,-0.16,500,2026/09/11
2639,2639,2857,iシェアーズ ドイツ国債 ETF(H有),東証ETF,615.5,-1,-0.16,"1,003,450",2026/09/11
2640,2640,3434,(株)アルファ,東証STD,"1,241",-2,-0.16,"4,400",2026/09/11
2641,2641,452A,iシェアーズ S&P500プレミアムインカム,東証ETF,797.1,-1.3,-0.16,"336,610",2026/09/11
2642,2642,4967,小林製薬(株),東証PRM,"5,768",-9,-0.16,"207,400",2026/09/11
2643,2643,6571,キュービーネットホールディングス(株),東証PRM,"1,258",-2,-0.16,"44,400",2026/09/11
2644,2644,6676,(株)バッファロー,東証STD,"3,030",-5,-0.16,"39,800",2026/09/11
2645,2645,6798,ＳＭＫ(株),東証PRM,"3,190",-5,-0.16,"11,100",2026/09/11
2646,2646,7419,(株)ノジマ,東証PRM,"1,231",-2,-0.16,"615,700",2026/09/11
2647,2647,7523,アールビバン(株),東証STD,"1,875",-3,-0.16,"5,900",2026/09/11
2648,2648,7928,旭化学工業(株),東証STD,611,-1,-0.16,"2,700",2026/09/11
2649,2649,8399,(株)琉球銀行,東証PRM,"3,220",-5,-0.16,"238,500",2026/09/11
2650,2650,9006,京浜急行電鉄(株),東証PRM,"1,560.5",-2.5,-0.16,"758,300",2026/09/11
2651,2651,9989,(株)サンドラッグ,東証PRM,"3,665",-6,-0.16,"443,500",2026/09/11
2652,2652,1401,(株)エムビーエス,東証GRT,"1,314",-2,-0.15,"1,500",2026/09/11
2653,2653,1827,(株)ナカノフドー建設,東証STD,"1,311",-2,-0.15,"7,100",2026/09/11
2654,2654,1847,(株)イチケン,東証STD,"3,310",-5,-0.15,"24,800",2026/09/11
2655,2655,1897,金下建設(株),東証STD,"3,310",-5,-0.15,300,2026/09/11
2656,2656,3148,(株)クリエイトＳＤホールディングス,東証PRM,"3,310",-5,-0.15,"79,700",2026/09/11
2657,2657,328A,GX プライシングパワー・リーダーズ-日本株式,東証ETF,"1,347",-2,-0.15,92,2026/09/11
2658,2658,4272,日本化薬(株),東証PRM,"2,036",-3,-0.15,"463,700",2026/09/11
2659,2659,4491,コンピューターマネージメント(株),東証STD,"3,315",-5,-0.15,"1,600",2026/09/11
2660,2660,5019,出光興産(株),東証PRM,"1,648",-2.5,-0.15,"7,416,300",2026/09/11
2661,2661,7180,(株)九州フィナンシャルグループ,東証PRM,"1,615.5",-2.5,-0.15,"1,490,300",2026/09/11
2662,2662,7220,武蔵精密工業(株),東証PRM,"2,713",-4,-0.15,"663,500",2026/09/11
2663,2663,7510,(株)たけびし,東証PRM,"2,628",-4,-0.15,"33,200",2026/09/11
2664,2664,8425,みずほリース(株),東証PRM,"1,346",-2,-0.15,"489,200",2026/09/11
2665,2665,8613,丸三証券(株),東証PRM,"1,292",-2,-0.15,"242,600",2026/09/11
2666,2666,9049,京福電気鉄道(株),東証STD,"6,610",-10,-0.15,100,2026/09/11
2667,2667,9306,東陽倉庫(株),東証STD,"1,992",-3,-0.15,"8,300",2026/09/11
2668,2668,9731,(株)白洋舍,東証STD,"3,375",-5,-0.15,400,2026/09/11
2669,2669,9869,加藤産業(株),東証PRM,"6,720",-10,-0.15,"47,400",2026/09/11
2670,2670,1780,(株)ヤマウラ,東証PRM,"1,479",-2,-0.14,"29,700",2026/09/11
2671,2671,2117,ウェルネオシュガー(株),東証PRM,"2,814",-4,-0.14,"22,600",2026/09/11
2672,2672,2258,iシェアーズ 米ドル建てハイイールド社債,東証ETF,218.2,-0.3,-0.14,"24,330",2026/09/11
2673,2673,2512,(NEXT FUNDS)外国債券・FTSE世界国債(除く日本・H有),東証ETF,711.8,-1,-0.14,"624,480",2026/09/11
2674,2674,3571,(株)ソトー,東証STD,717,-1,-0.14,"2,700",2026/09/11
2675,2675,4262,ニフティライフスタイル(株),東証GRT,"1,384",-2,-0.14,"2,600",2026/09/11
2676,2676,4507,塩野義製薬(株),東証PRM,"2,827",-4,-0.14,"3,364,400",2026/09/11
2677,2677,6135,(株)牧野フライス製作所,東証PRM,"14,580",-20,-0.14,"147,300",2026/09/11
2678,2678,6652,ＩＤＥＣ(株),東証PRM,"3,575",-5,-0.14,"92,400",2026/09/11
2679,2679,7112,(株)キューブ,東証GRT,694,-1,-0.14,"1,200",2026/09/11
2680,2680,7127,(株)一家ホールディングス,東証STD,706,-1,-0.14,"12,000",2026/09/11
2681,2681,7723,愛知時計電機(株),東証PRM,"2,831",-4,-0.14,"20,400",2026/09/11
2682,2682,7820,ニホンフラッシュ(株),東証PRM,700,-1,-0.14,"76,100",2026/09/11
2683,2683,8059,第一実業(株),東証PRM,"3,615",-5,-0.14,"74,700",2026/09/11
2684,2684,8104,クワザワホールディングス(株),東証STD,707,-1,-0.14,"9,600",2026/09/11
2685,2685,8336,(株)武蔵野銀行,東証PRM,"2,799",-4,-0.14,"304,400",2026/09/11
2686,2686,8558,(株)東和銀行,東証PRM,"1,468",-2,-0.14,"182,900",2026/09/11
2687,2687,286A,(株)ユカリア,東証GRT,797,-1,-0.13,"18,600",2026/09/11
2688,2688,2877,日東ベスト(株),東証STD,746,-1,-0.13,"3,400",2026/09/11
2689,2689,3150,(株)グリムス,東証PRM,"2,397",-3,-0.13,"55,700",2026/09/11
2690,2690,3697,(株)ＳＨＩＦＴ,東証PRM,834.5,-1.1,-0.13,"4,117,000",2026/09/11
2691,2691,3984,(株)ユーザーローカル,東証PRM,"1,529",-2,-0.13,"111,300",2026/09/11
2692,2692,4521,科研製薬(株),東証PRM,"3,830",-5,-0.13,"120,200",2026/09/11
2693,2693,5027,ＡｎｙＭｉｎｄ　Ｇｒｏｕｐ(株),東証GRT,749,-1,-0.13,"185,600",2026/09/11
2694,2694,50765,インフロニア・ホールディングス（株）第1回社債型種類株式,東証PRM,"4,634",-6,-0.13,"3,300",2026/09/11
2695,2695,5391,(株)エーアンドエーマテリアル,東証STD,"1,482",-2,-0.13,"13,200",2026/09/11
2696,2696,5945,天龍製鋸(株),東証STD,"2,267",-3,-0.13,"1,500",2026/09/11
2697,2697,6237,(株)イワキ,東証PRM,"3,860",-5,-0.13,"60,800",2026/09/11
2698,2698,6286,靜甲(株),東証STD,"1,485",-2,-0.13,"1,800",2026/09/11
2699,2699,6989,北陸電気工業(株),東証STD,"2,304",-3,-0.13,"11,500",2026/09/11
2700,2700,7185,ヒロセ通商(株),東証STD,"3,925",-5,-0.13,"6,000",2026/09/11
2701,2701,7562,(株)安楽亭,東証STD,"3,835",-5,-0.13,"2,700",2026/09/11
2702,2702,8141,新光商事(株),東証PRM,"1,565",-2,-0.13,"169,700",2026/09/11
2703,2703,9035,第一交通産業(株),福証,742,-1,-0.13,"11,000",2026/09/11
2704,2704,2927,(株)ＡＦＣ－ＨＤアムスライフサイエンス,東証STD,858,-1,-0.12,"8,800",2026/09/11
2705,2705,4351,(株)山田再生系債権回収総合事務所,東証STD,863,-1,-0.12,800,2026/09/11
2706,2706,6592,マブチモーター(株),東証PRM,"1,658.5",-2,-0.12,"1,213,200",2026/09/11
2707,2707,6694,(株)ズーム,東証STD,833,-1,-0.12,"14,800",2026/09/11
2708,2708,7037,(株)テノ．ホールディングス,東証STD,801,-1,-0.12,"21,900",2026/09/11
2709,2709,9040,大宝運輸(株),名証MN,"4,240",-5,-0.12,700,2026/09/11
2710,2710,9857,英和(株),東証STD,"2,580",-3,-0.12,100,2026/09/11
2711,2711,25935,(株)伊藤園第1種優先株式,東証PRM,"1,800",-2,-0.11,"16,400",2026/09/11
2712,2712,2811,カゴメ(株),東証PRM,"2,757",-3,-0.11,"329,000",2026/09/11
2713,2713,3469,(株)デュアルタップ,東証STD,890,-1,-0.11,"3,200",2026/09/11
2714,2714,3662,(株)エイチームホールディングス,東証PRM,922,-1,-0.11,"56,900",2026/09/11
2715,2715,387A,フラー(株),東証GRT,918,-1,-0.11,"1,900",2026/09/11
2716,2716,449A,ステート・ストリート・スパイダー S&P500 ETF(H無),東証ETF,799.6,-0.9,-0.11,"53,550",2026/09/11
2717,2717,4928,(株)ノエビアホールディングス,東証PRM,"4,740",-5,-0.11,"87,000",2026/09/11
2718,2718,5909,(株)コロナ,東証STD,940,-1,-0.11,"12,700",2026/09/11
2719,2719,5936,東洋シヤッター(株),東証STD,905,-1,-0.11,"7,100",2026/09/11
2720,2720,5959,岡部(株),東証PRM,930,-1,-0.11,"73,400",2026/09/11
2721,2721,7608,(株)エスケイジャパン,東証STD,878,-1,-0.11,"279,000",2026/09/11
2722,2722,8029,(株)ルックホールディングス,東証STD,"2,614",-3,-0.11,"12,600",2026/09/11
2723,2723,2019,GX 米国優先証券(隔月分配型),東証ETF,980,-1,-0.1,"9,903",2026/09/11
2724,2724,2255,iシェアーズ 米国債20年超,東証ETF,192.5,-0.2,-0.1,"266,450",2026/09/11
2725,2725,2307,(株)クロスキャット,東証PRM,"1,028",-1,-0.1,"32,900",2026/09/11
2726,2726,2768,双日(株),東証PRM,"5,739",-6,-0.1,"1,242,400",2026/09/11
2727,2727,3082,(株)きちりホールディングス,東証STD,978,-1,-0.1,"5,500",2026/09/11
2728,2728,6063,日本エマージェンシーアシスタンス(株),東証STD,"1,003",-1,-0.1,"1,500",2026/09/11
2729,2729,6138,ダイジェット工業(株),東証STD,"1,963",-2,-0.1,"18,800",2026/09/11
2730,2730,6969,松尾電機(株),東証STD,995,-1,-0.1,"25,200",2026/09/11
2731,2731,7120,(株)ＳＨＩＮＫＯ,東証STD,995,-1,-0.1,"5,100",2026/09/11
2732,2732,7856,萩原工業(株),東証PRM,"1,995",-2,-0.1,"94,400",2026/09/11
2733,2733,8275,(株)フォーバル,東証STD,"1,000",-1,-0.1,"22,100",2026/09/11
2734,2734,8715,アニコム　ホールディングス(株),東証PRM,"1,017",-1,-0.1,"259,300",2026/09/11
2735,2735,9846,(株)天満屋ストア,東証STD,983,-1,-0.1,"5,700",2026/09/11
2736,2736,9997,(株)ベルーナ,東証PRM,"1,034",-1,-0.1,"216,900",2026/09/11
2737,2737,1655,iシェアーズ S&P500 米国株 ETF,東証ETF,846.2,-0.8,-0.09,"1,634,970",2026/09/11
2738,2738,2044,NEXT NOTES S&P500 配当貴族(NR)ETN,東証ETF,"33,640",-30,-0.09,17,2026/09/11
2739,2739,2511,(NEXT FUNDS)外国債券・FTSE世界国債(除く日本・H無),東証ETF,"1,119",-1,-0.09,"889,180",2026/09/11
2740,2740,2752,(株)フジオフードグループ本社,東証PRM,"1,148",-1,-0.09,"82,000",2026/09/11
2741,2741,3842,(株)ネクストジェン,東証STD,"1,068",-1,-0.09,"5,400",2026/09/11
2742,2742,4499,(株)Ｓｐｅｅｅ,東証STD,"2,238",-2,-0.09,"93,200",2026/09/11
2743,2743,4968,荒川化学工業(株),東証PRM,"2,125",-2,-0.09,"182,700",2026/09/11
2744,2744,5284,ヤマウホールディングス(株),東証STD,"2,210",-2,-0.09,"5,500",2026/09/11
2745,2745,7490,日新商事(株),東証STD,"2,185",-2,-0.09,"6,100",2026/09/11
2746,2746,7596,(株)魚力,東証PRM,"2,309",-2,-0.09,"18,500",2026/09/11
2747,2747,7975,(株)リヒトラブ,東証STD,"1,168",-1,-0.09,"1,400",2026/09/11
2748,2748,8301,日本銀行,東証,"21,500",-20,-0.09,200,2026/09/11
2749,2749,8604,野村ホールディングス(株),東証PRM,"1,664.5",-1.5,-0.09,"9,025,300",2026/09/11
2750,2750,9012,秩父鉄道(株),東証STD,"2,111",-2,-0.09,300,2026/09/11
2751,2751,9643,中日本興業(株),名証MN,"11,090",-10,-0.09,300,2026/09/11
2752,2752,192A,インテグループ(株),東証GRT,"1,295",-1,-0.08,"1,700",2026/09/11
2753,2753,2865,GX NASDAQ100・カバード・コール,東証ETF,"1,232",-1,-0.08,"303,596",2026/09/11
2754,2754,2997,(株)ストレージ王,東証GRT,"1,323",-1,-0.08,"2,000",2026/09/11
2755,2755,3320,クロスプラス(株),東証STD,"1,301",-1,-0.08,"8,700",2026/09/11
2756,2756,3437,特殊電極(株),東証STD,"2,660",-2,-0.08,600,2026/09/11
2757,2757,3981,(株)ビーグリー,東証STD,"1,218",-1,-0.08,"2,400",2026/09/11
2758,2758,4097,高圧ガス工業(株),東証PRM,"1,180",-1,-0.08,"68,000",2026/09/11
2759,2759,4722,フューチャー(株),東証PRM,"2,420",-2,-0.08,"966,500",2026/09/11
2760,2760,5214,日本電気硝子(株),東証PRM,"4,802",-4,-0.08,"547,500",2026/09/11
2761,2761,539A,NZAM 上場投信 海外債券(FTSE WGBI除く日本)(H無),東証ETF,"4,759",-4,-0.08,64,2026/09/11
2762,2762,5869,(株)早稲田学習研究会,東証STD,"1,254",-1,-0.08,"5,600",2026/09/11
2763,2763,6232,(株)ＡＣＳＬ,東証GRT,"1,303",-1,-0.08,"1,644,000",2026/09/11
2764,2764,6932,(株)遠藤照明,東証STD,"2,512",-2,-0.08,"83,900",2026/09/11
2765,2765,7520,(株)エコス,東証PRM,"2,499",-2,-0.08,"20,900",2026/09/11
2766,2766,7840,フランスベッドホールディングス(株),東証PRM,"1,283",-1,-0.08,"36,400",2026/09/11
2767,2767,92025,ＡＮＡホールディングス（株）第１回社債型種類株式,東証PRM,"4,776",-4,-0.08,"4,000",2026/09/11
2768,2768,9729,(株)トーカイ,東証PRM,"2,513",-2,-0.08,"40,400",2026/09/11
2769,2769,9856,(株)ケーユーホールディングス,東証STD,"1,215",-1,-0.08,"35,200",2026/09/11
2770,2770,9895,(株)コンセック,東証STD,"1,275",-1,-0.08,400,2026/09/11
2771,2771,2816,(株)ダイショー,東証STD,"1,416",-1,-0.07,"2,000",2026/09/11
2772,2772,3561,(株)力の源ホールディングス,東証PRM,"1,482",-1,-0.07,"96,000",2026/09/11
2773,2773,3931,(株)バリューゴルフ,東証GRT,"1,496",-1,-0.07,500,2026/09/11
2774,2774,3969,(株)エイトレッド,東証STD,"1,401",-1,-0.07,"7,200",2026/09/11
2775,2775,4118,(株)カネカ,東証PRM,"5,927",-4,-0.07,"208,800",2026/09/11
2776,2776,451A,ステート・ストリート・スパイダー S&P500 高配当株ETF,東証ETF,284.8,-0.2,-0.07,"16,380",2026/09/11
2777,2777,6846,(株)中央製作所,名証MN,"1,390",-1,-0.07,100,2026/09/11
2778,2778,2244,GX US テック・トップ20,東証ETF,"3,463",-2,-0.06,"105,817",2026/09/11
2779,2779,228A,(株)オプロ,東証GRT,"1,680",-1,-0.06,"1,100",2026/09/11
2780,2780,2480,システム・ロケーション(株),東証STD,"1,798",-1,-0.06,600,2026/09/11
2781,2781,2513,(NEXT FUNDS)外国株式･MSCI-KOKUSAI(H無),東証ETF,"3,460",-2,-0.06,"8,821",2026/09/11
2782,2782,2818,(株)ピエトロ,東証STD,"1,765",-1,-0.06,900,2026/09/11
2783,2783,3065,(株)ライフフーズ,東証STD,"1,586",-1,-0.06,700,2026/09/11
2784,2784,3989,シェアリングテクノロジー(株),東証GRT,"1,544",-1,-0.06,"1,548,700",2026/09/11
2785,2785,4320,(株)ＣＥホールディングス,東証STD,"1,646",-1,-0.06,"538,500",2026/09/11
2786,2786,6322,(株)タクミナ,東証STD,"1,585",-1,-0.06,400,2026/09/11
2787,2787,304A,フォルシア(株),東証GRT,"1,945",-1,-0.05,"1,100",2026/09/11
2788,2788,3877,中越パルプ工業(株),東証PRM,"2,199",-1,-0.05,"52,400",2026/09/11
2789,2789,4076,(株)シイエヌエス,東証GRT,"1,961",-1,-0.05,200,2026/09/11
2790,2790,4196,(株)ネオマーケティング,東証STD,"2,174",-1,-0.05,"12,200",2026/09/11
2791,2791,486A,(NEXT FUNDS) ユーロ・ストックス50(H無),東証ETF,"2,156",-1,-0.05,"12,280",2026/09/11
2792,2792,6472,ＮＴＮ(株),東証PRM,370.1,-0.2,-0.05,"3,678,000",2026/09/11
2793,2793,7434,(株)オータケ,東証STD,"1,825",-1,-0.05,"5,600",2026/09/11
2794,2794,8421,信金中央金庫,東証,"191,000",-100,-0.05,137,2026/09/11
2795,2795,9401,(株)ＴＢＳホールディングス,東証PRM,"5,685",-3,-0.05,"320,600",2026/09/11
2796,2796,9633,東京テアトル(株),東証STD,"1,904",-1,-0.05,"4,200",2026/09/11
2797,2797,2293,滝沢ハム(株),東証STD,"2,700",-1,-0.04,"2,100",2026/09/11
2798,2798,566A,iFreeETF ブルームバーグ日本株(除く金融)高配当50,東証ETF,"2,267",-1,-0.04,13,2026/09/11
2799,2799,572A,iシェアーズ 日本国債3-7年,東証ETF,497.8,-0.2,-0.04,320,2026/09/11
2800,2800,7079,ＷＤＢココ(株),東証GRT,"2,560",-1,-0.04,400,2026/09/11
2801,2801,1349,ABF 汎アジア債券インデックス･ファンド,東証ETF,"17,145",-5,-0.03,20,2026/09/11
2802,2802,1677,上場インデックスファンド海外債券毎月分配,東証ETF,"57,590",-20,-0.03,70,2026/09/11
2803,2803,1686,WisdomTree 産業用金属上場投信,東証ETF,"3,030",-1,-0.03,10,2026/09/11
2804,2804,5108,(株)ブリヂストン,東証PRM,"3,777",-1,-0.03,"5,431,800",2026/09/11
2805,2805,570A,iシェアーズ 日本国債0-1年,東証ETF,901.1,-0.3,-0.03,"17,980",2026/09/11
2806,2806,8052,椿本興業(株),東証PRM,"2,881",-1,-0.03,"74,900",2026/09/11
2807,2807,8306,(株)三菱ＵＦＪフィナンシャル・グループ,東証PRM,"3,661",-1,-0.03,"51,100,200",2026/09/11
2808,2808,8418,(株)山口フィナンシャルグループ,東証PRM,"3,203",-1,-0.03,"803,900",2026/09/11
2809,2809,6141,ＤＭＧ森精機(株),東証PRM,"2,764.5",-0.5,-0.02,"1,502,900",2026/09/11
2810,2810,7476,アズワン(株),東証PRM,"2,463",-0.5,-0.02,"170,200",2026/09/11
2811,2811,1692,WisdomTree アルミニウム上場投信,東証ETF,680,-0.1,-0.01,"2,100",2026/09/11
2812,2812,502A,GX 超短期円建て債券,東証ETF,901.5,-0.1,-0.01,"58,930",2026/09/11
