順位(全市場),順位,コード,銘柄名,市場,現在値,前日比,騰落率(%),出来高,時刻
1,1,3054,(株)ハイパー,東証STD,321,+80,33.2,"1,254,300",2026/08/18
2,2,2962,(株)テクニスコ,東証STD,"1,659",+300,22.08,"171,600",2026/08/18
3,3,8995,(株)誠建設工業,東証STD,"2,380",+400,20.2,"25,600",2026/08/18
4,4,9344,アクシスコンサルティング(株),東証GRT,"1,369",+230,20.19,"210,100",2026/08/18
5,5,6085,アーキテクツ・スタジオ・ジャパン(株),東証GRT,94,+14,17.5,"6,700,500",2026/08/18
6,6,4572,カルナバイオサイエンス(株),東証GRT,403,+60,17.49,"789,800",2026/08/18
7,7,150A,(株)ＪＳＨ,東証GRT,764,+100,15.06,"1,806,900",2026/08/18
8,8,4424,(株)Ａｍａｚｉａ,東証GRT,369,+48,14.95,"2,177,200",2026/08/18
9,9,3778,さくらインターネット(株),東証PRM,"4,300",+500,13.16,"5,024,600",2026/08/18
10,10,9425,ＲｅＹｕｕ　Ｊａｐａｎ(株),東証STD,230,+26,12.75,"3,845,200",2026/08/18
11,11,7035,ａｎｄ　ｆａｃｔｏｒｙ(株),東証STD,292,+33,12.74,"3,455,900",2026/08/18
12,12,4416,(株)Ｔｒｕｅ　Ｄａｔａ,東証GRT,434,+48,12.44,"333,300",2026/08/18
13,13,6027,弁護士ドットコム(株),東証PRM,"3,740",+380,11.31,"586,500",2026/08/18
14,14,6276,シリウスビジョン(株),東証STD,425,+43,11.26,"1,590,400",2026/08/18
15,15,3787,(株)テクノマセマティカル,東証STD,323,+31,10.62,"32,700",2026/08/18
16,16,8560,(株)宮崎太陽銀行,福証,"2,779",+249,9.84,"6,600",2026/08/18
17,17,3187,(株)ミラタップ,東証GRT,400,+35,9.59,"411,700",2026/08/18
18,18,2038,NEXT NOTES ドバイ原油先物 ダブル・ブル ETN,東証ETF,"2,285",+185,8.81,"124,954",2026/08/18
19,19,6998,日本タングステン(株),東証STD,"3,460",+270,8.46,"231,600",2026/08/18
20,20,195A,(株)ＭＵＳＣＡＴ　ＧＲＯＵＰ,東証GRT,622,+47,8.17,"28,000",2026/08/18
21,21,8070,東京産業(株),東証PRM,948,+71,8.1,"750,500",2026/08/18
22,22,8841,(株)テーオーシー,東証STD,"1,055",+79,8.09,"763,500",2026/08/18
23,23,4784,ＧＭＯインターネット(株),東証PRM,584,+43,7.95,"4,124,400",2026/08/18
24,24,3917,(株)アイリッジ,東証GRT,491,+36,7.91,"77,600",2026/08/18
25,25,4392,ＦＩＧ(株),東証PRM,"1,325",+95,7.72,"21,367,600",2026/08/18
26,26,6570,(株)共和コーポレーション,東証STD,"3,250",+215,7.08,"68,400",2026/08/18
27,27,3926,(株)オープンドア,東証STD,420,+27,6.87,"87,300",2026/08/18
28,28,7090,(株)リグア,東証GRT,875,+56,6.84,"5,900",2026/08/18
29,29,2160,(株)ジーエヌアイグループ,東証GRT,"2,854",+181,6.77,"1,627,100",2026/08/18
30,30,8398,(株)筑邦銀行,福証,"2,400",+151,6.71,"5,300",2026/08/18
31,31,5027,ＡｎｙＭｉｎｄ　Ｇｒｏｕｐ(株),東証GRT,771,+48,6.64,"1,449,500",2026/08/18
32,32,325A,(株)ＴＥＮＴＩＡＬ,東証GRT,"1,745",+108,6.6,"378,700",2026/08/18
33,33,6226,守谷輸送機工業(株),東証STD,"2,366",+146,6.58,"593,400",2026/08/18
34,34,7354,(株)ダイレクトマーケティングミックス,東証STD,362,+22,6.47,"519,800",2026/08/18
35,35,8066,三谷商事(株),東証STD,"3,350",+200,6.35,"59,100",2026/08/18
36,36,4813,(株)ＡＣＣＥＳＳ,東証PRM,430,+25,6.17,"970,500",2026/08/18
37,37,6840,(株)ＡＫＩＢＡホールディングス,東証STD,835,+48,6.1,"1,316,400",2026/08/18
38,38,2874,ヨコレイ,東証PRM,"2,232",+128,6.08,"306,500",2026/08/18
39,39,219A,Ｈｅａｒｔｓｅｅｄ(株),東証GRT,"2,062",+117,6.02,"697,200",2026/08/18
40,40,7578,(株)ニチリョク,東証STD,71,+4,5.97,"81,600",2026/08/18
41,41,6721,ウインテスト(株),東証STD,75,+4,5.63,"344,000",2026/08/18
42,42,4259,(株)エクサウィザーズ,東証GRT,781,+41,5.54,"2,367,300",2026/08/18
43,43,2492,(株)インフォマート,東証PRM,599,+31,5.46,"4,656,500",2026/08/18
44,44,7018,内海造船(株),東証STD,"12,800",+660,5.44,"53,000",2026/08/18
45,45,526A,JPXスタートアップ急成長100ETF,東証ETF,"2,370",+122,5.43,"1,777",2026/08/18
46,46,4552,ＪＣＲファーマ(株),東証PRM,525,+27,5.42,"1,132,800",2026/08/18
47,47,8139,(株)ナガホリ,東証STD,"2,299",+118,5.41,"61,400",2026/08/18
48,48,9072,ニッコンホールディングス(株),東証PRM,"5,725",+294,5.41,"775,900",2026/08/18
49,49,544A,ＧＭＳグループ(株),東証PRM,376,+19,5.32,"729,600",2026/08/18
50,50,3810,サイバーステップホールディングス(株),東証STD,240,+12,5.26,"7,938,600",2026/08/18
51,51,3350,(株)メタプラネット,東証STD,228,+11,5.07,"18,005,100",2026/08/18
52,52,5537,(株)ＡｌｂａＬｉｎｋ,東証GRT,"3,095",+148,5.02,"180,200",2026/08/18
53,53,4769,(株)ＩＣ,東証STD,"1,153",+55,5.01,"4,100",2026/08/18
54,54,1360,日経平均ベア2倍上場投信,東証ETF,65.1,+3.1,5.0,"137,215,700",2026/08/18
55,55,1459,楽天 ETF-日経ダブルインバース指数連動型,東証ETF,106,+5,4.95,"6,113,487",2026/08/18
56,56,4576,(株)デ・ウエスタン・セラピテクス研究所,東証GRT,86,+4,4.88,"467,100",2026/08/18
57,57,1671,WTI原油価格連動型上場投信,東証ETF,"5,379",+249,4.85,"207,799",2026/08/18
58,58,9562,ビジネスコーチ(株),東証GRT,630,+29,4.83,"16,800",2026/08/18
59,59,8395,(株)佐賀銀行,東証PRM,"6,750",+310,4.81,"133,700",2026/08/18
60,60,1357,(NEXT FUNDS) 日経ダブルインバース上場投信,東証ETF,"2,648",+120,4.75,"10,371,258",2026/08/18
61,61,5902,ホッカンホールディングス(株),東証PRM,"2,714",+122,4.71,"41,400",2026/08/18
62,62,8783,ａｂｃ(株),東証STD,67,+3,4.69,"1,123,000",2026/08/18
63,63,8715,アニコム　ホールディングス(株),東証PRM,"1,143",+51,4.67,"564,200",2026/08/18
64,64,1618,(NEXT FUNDS)エネルギー資源上場投信,東証ETF,"35,800","+1,560",4.56,"1,888",2026/08/18
65,65,3664,(株)ＷＩＺＥ,東証GRT,23,+1,4.55,"29,853,200",2026/08/18
66,66,9101,日本郵船(株),東証PRM,"6,784",+294,4.53,"4,793,600",2026/08/18
67,67,1699,(NEXT FUNDS)NOMURA原油インデックス上場,東証ETF,650.5,+28,4.5,"199,630",2026/08/18
68,68,5632,三菱製鋼(株),東証PRM,"2,568",+110,4.48,"220,800",2026/08/18
69,69,8247,(株)大和,東証STD,313,+13,4.33,"17,800",2026/08/18
70,70,4092,日本化学工業(株),東証PRM,"5,800",+240,4.32,"192,000",2026/08/18
71,71,3845,(株)アイフリークモバイル,東証STD,250,+10,4.17,"472,100",2026/08/18
72,72,8173,(株)Ｊｏｓｈｉｎ,東証PRM,"4,250",+170,4.17,"146,300",2026/08/18
73,73,3769,ＧＭＯペイメントゲートウェイ(株),東証PRM,"9,175",+366,4.15,"636,300",2026/08/18
74,74,8522,(株)名古屋銀行,東証PRM,"7,080",+280,4.12,"294,100",2026/08/18
75,75,8542,(株)トマト銀行,東証STD,"1,997",+79,4.12,"67,600",2026/08/18
76,76,8617,光世証券(株),東証STD,609,+24,4.1,"33,000",2026/08/18
77,77,2323,(株)ｆｏｎｆｕｎ,東証STD,331,+13,4.09,"312,200",2026/08/18
78,78,302A,(株)ビースタイルホールディングス,東証GRT,637,+25,4.08,"195,100",2026/08/18
79,79,8541,(株)愛媛銀行,東証PRM,"3,320",+130,4.08,"296,600",2026/08/18
80,80,2034,NEXT NOTES 韓国KOSPI･ベアETN,東証ETF,"1,890",+73,4.02,"49,345",2026/08/18
81,81,9268,(株)オプティマスグループ,東証STD,440,+17,4.02,"513,000",2026/08/18
82,82,4073,(株)ジィ・シィ企画,東証GRT,527,+20,3.94,"35,200",2026/08/18
83,83,3315,日本コークス工業(株),東証PRM,106,+4,3.92,"12,365,300",2026/08/18
84,84,9506,東北電力(株),東証PRM,"1,306",+49,3.9,"4,348,600",2026/08/18
85,85,4243,(株)ニックス,東証STD,998,+37,3.85,"6,800",2026/08/18
86,86,9104,(株)商船三井,東証PRM,"6,881",+252,3.8,"5,085,300",2026/08/18
87,87,2121,(株)ＭＩＸＩ,東証PRM,"3,430",+125,3.78,"567,800",2026/08/18
88,88,8554,(株)南日本銀行,福証,"1,520",+55,3.75,"9,000",2026/08/18
89,89,2788,アップルインターナショナル(株),東証STD,418,+15,3.72,"125,000",2026/08/18
90,90,6333,(株)ＴＥＩＫＯＫＵ,東証PRM,"3,370",+120,3.69,"92,400",2026/08/18
91,91,6523,ＰＨＣホールディングス(株),東証PRM,"1,446",+51,3.66,"906,600",2026/08/18
92,92,9824,泉州電業(株),東証PRM,"7,080",+250,3.66,"92,400",2026/08/18
93,93,5660,神鋼鋼線工業(株),東証STD,"1,929",+68,3.65,"28,300",2026/08/18
94,94,9130,共栄タンカー(株),東証STD,"1,675",+59,3.65,"73,300",2026/08/18
95,95,9254,(株)ラバブルマーケティンググループ,東証GRT,"1,143",+40,3.63,"1,600",2026/08/18
96,96,3907,シリコンスタジオ(株),東証STD,"1,528",+53,3.59,"364,700",2026/08/18
97,97,3747,(株)インタートレード,東証STD,434,+15,3.58,"41,800",2026/08/18
98,98,4972,綜研化学(株),東証STD,"3,475",+120,3.58,"51,400",2026/08/18
99,99,5142,アキレス(株),東証PRM,"1,980",+68,3.56,"125,100",2026/08/18
100,100,1690,WisdomTree WTI原油上場投信,東証ETF,"2,439.5",+83.5,3.54,"3,830",2026/08/18
101,101,5401,日本製鉄(株),東証PRM,693.6,+23.6,3.52,"43,939,600",2026/08/18
102,102,8798,(株)アドバンスクリエイト,東証PRM,147,+5,3.52,"90,900",2026/08/18
103,103,9274,ＫＰＰグループホールディングス(株),東証PRM,"1,122",+38,3.51,"298,800",2026/08/18
104,104,3843,フリービット(株),東証PRM,"1,772",+60,3.5,"63,800",2026/08/18
105,105,4812,(株)電通総研,東証PRM,"2,749",+93,3.5,"811,000",2026/08/18
106,106,6070,キャリアリンク(株),東証PRM,"2,633",+89,3.5,"73,500",2026/08/18
107,107,6184,(株)鎌倉新書,東証PRM,598,+20,3.46,"287,700",2026/08/18
108,108,4886,あすか製薬ホールディングス(株),東証PRM,"2,191",+73,3.45,"145,400",2026/08/18
109,109,5269,日本コンクリート工業(株),東証PRM,390,+13,3.45,"1,027,000",2026/08/18
110,110,2047,NEXT NOTES インドNifty・ベア ETN,東証ETF,"3,456",+115,3.44,100,2026/08/18
111,111,1697,WisdomTree 大豆上場投信,東証ETF,"4,650",+154,3.43,530,2026/08/18
112,112,4165,(株)プレイド,東証GRT,723,+24,3.43,"733,700",2026/08/18
113,113,4502,武田薬品工業(株),東証PRM,"5,702",+189,3.43,"4,655,200",2026/08/18
114,114,5575,(株)Ｇｌｏｂｅｅ,東証GRT,"1,210",+40,3.42,"18,500",2026/08/18
115,115,1514,住石ホールディングス(株),東証STD,667,+22,3.41,"749,900",2026/08/18
116,116,3661,(株)エムアップホールディングス,東証PRM,819,+27,3.41,"947,700",2026/08/18
117,117,9244,(株)デジタリフト,東証GRT,"1,272",+42,3.41,"3,600",2026/08/18
118,118,2780,(株)コメ兵ホールディングス,東証STD,"5,500",+180,3.38,"188,700",2026/08/18
119,119,3623,ビリングシステム(株),東証GRT,"1,108",+36,3.36,"41,200",2026/08/18
120,120,8131,(株)ミツウロコグループホールディングス,東証STD,"2,136",+69,3.34,"60,200",2026/08/18
121,121,3184,ＩＣＤＡホールディングス(株),東証STD,"4,345",+140,3.33,200,2026/08/18
122,122,1605,(株)ＩＮＰＥＸ,東証PRM,"3,900",+125,3.31,"4,635,200",2026/08/18
123,123,8075,神鋼商事(株),東証PRM,"3,125",+100,3.31,"94,400",2026/08/18
124,124,8364,(株)清水銀行,東証PRM,"3,290",+105,3.3,"55,900",2026/08/18
125,125,8747,豊トラスティ証券(株),東証STD,"2,137",+68,3.29,"13,800",2026/08/18
126,126,9831,(株)ヤマダホールディングス,東証PRM,707.7,+22.5,3.28,"4,266,700",2026/08/18
127,127,4976,東洋ドライルーブ(株),東証STD,"1,455",+46,3.26,"7,800",2026/08/18
128,128,8105,Ｂｉｔｃｏｉｎ　Ｊａｐａｎ(株),東証STD,95,+3,3.26,"1,958,000",2026/08/18
129,129,9310,日本トランスシティ(株),東証PRM,"1,459",+46,3.26,"131,300",2026/08/18
130,130,198A,ＰｏｓｔＰｒｉｍｅ(株),東証GRT,160,+5,3.23,"71,600",2026/08/18
131,131,9115,明海グループ(株),東証STD,"1,087",+34,3.23,"164,900",2026/08/18
132,132,5985,サンコール(株),東証STD,"2,434",+76,3.22,"2,106,900",2026/08/18
133,133,1366,iFreeETF 日経平均ダブルインバース・インデックス,東証ETF,66,+2,3.13,"3,198,521",2026/08/18
134,134,6822,大井電気(株),東証STD,"4,950",+150,3.13,"5,200",2026/08/18
135,135,5707,東邦亜鉛(株),東証PRM,"1,123",+34,3.12,"1,318,900",2026/08/18
136,136,4553,東和薬品(株),東証PRM,"3,830",+115,3.1,"130,900",2026/08/18
137,137,3047,(株)ＴＲＵＣＫ－ＯＮＥ,福岡Q,"1,000",+30,3.09,"1,000",2026/08/18
138,138,3913,ＧｒｅｅｎＢｅｅ(株),東証STD,"1,136",+34,3.09,"25,900",2026/08/18
139,139,2814,佐藤食品工業(株),東証STD,"3,345",+100,3.08,"4,200",2026/08/18
140,140,9508,九州電力(株),東証PRM,"1,912",+57,3.07,"2,125,600",2026/08/18
141,141,4419,(株)Ｆｉｎａｔｅｘｔホールディングス,東証GRT,"1,314",+39,3.06,"918,400",2026/08/18
142,142,4704,トレンドマイクロ(株),東証PRM,"5,516",+164,3.06,"2,135,600",2026/08/18
143,143,5019,出光興産(株),東証PRM,"1,370.5",+40.5,3.05,"4,674,400",2026/08/18
144,144,9051,センコン物流(株),東証STD,"1,319",+39,3.05,700,2026/08/18
145,145,1438,(株)岐阜造園,東証STD,"2,349",+69,3.03,"3,900",2026/08/18
146,146,7162,アストマックス(株),東証STD,274,+8,3.01,"54,900",2026/08/18
147,147,7550,(株)ゼンショーホールディングス,東証PRM,"11,700",+340,2.99,"640,200",2026/08/18
148,148,5301,東海カーボン(株),東証PRM,"1,846",+53.5,2.98,"1,287,200",2026/08/18
149,149,2120,(株)ＬＩＦＵＬＬ,東証PRM,243,+7,2.97,"1,149,600",2026/08/18
150,150,9170,成友興業(株),名証MN,"1,915",+55,2.96,"1,200",2026/08/18
151,151,1662,石油資源開発(株),東証PRM,"1,873",+53,2.91,"1,465,900",2026/08/18
152,152,3649,(株)ファインデックス,東証PRM,850,+24,2.91,"233,300",2026/08/18
153,153,9780,(株)ハリマビステム,東証STD,"1,071",+30,2.88,"12,200",2026/08/18
154,154,2870,iFreeETF NASDAQ100ダブルインバース,東証ETF,"7,450",+206,2.84,"43,326",2026/08/18
155,155,5411,ＪＦＥホールディングス(株),東証PRM,"1,831.5",+50.5,2.84,"5,040,600",2026/08/18
156,156,6046,(株)リンクバル,東証STD,145,+4,2.84,"122,900",2026/08/18
157,157,8132,シナネンホールディングス(株),東証PRM,"9,050",+250,2.84,"48,800",2026/08/18
158,158,4413,(株)ボードルア,東証PRM,"2,942",+81,2.83,"165,200",2026/08/18
159,159,4891,(株)ティムス,東証GRT,109,+3,2.83,"764,600",2026/08/18
160,160,5703,日本軽金属ホールディングス(株),東証PRM,"3,085",+85,2.83,"312,200",2026/08/18
161,161,8551,(株)北日本銀行,東証PRM,"7,630",+210,2.83,"161,000",2026/08/18
162,162,8018,三共生興(株),東証STD,878,+24,2.81,"47,400",2026/08/18
163,163,6118,アイダエンジニアリング(株),東証PRM,"1,287",+35,2.8,"267,300",2026/08/18
164,164,4343,(株)イオンファンタジー,東証PRM,"2,880",+78,2.78,"104,200",2026/08/18
165,165,4404,ミヨシ油脂(株),東証STD,"2,130",+57,2.75,"28,000",2026/08/18
166,166,9619,(株)イチネンホールディングス,東証PRM,"2,686",+72,2.75,"46,500",2026/08/18
167,167,7634,(株)星医療酸器,東証STD,"5,270",+140,2.73,400,2026/08/18
168,168,8138,三京化成(株),東証STD,"4,325",+115,2.73,500,2026/08/18
169,169,9561,(株)グラッドキューブ,東証GRT,415,+11,2.72,"69,000",2026/08/18
170,170,8078,阪和興業(株),東証PRM,"1,859",+49,2.71,"514,400",2026/08/18
171,171,5962,浅香工業(株),東証STD,"2,054",+54,2.7,"8,800",2026/08/18
172,172,6138,ダイジェット工業(株),東証STD,"2,021",+53,2.69,"35,200",2026/08/18
173,173,9304,澁澤倉庫(株),東証PRM,"2,023",+53,2.69,"166,700",2026/08/18
174,174,2764,(株)ひらまつ,東証STD,156,+4,2.63,"131,200",2026/08/18
175,175,4053,(株)Ｓｕｎ　Ａｓｔｅｒｉｓｋ,東証PRM,469,+12,2.63,"155,400",2026/08/18
176,176,9424,日本通信(株),東証PRM,117,+3,2.63,"4,916,700",2026/08/18
177,177,9982,タキヒヨー(株),東証STD,"2,581",+66,2.62,"5,200",2026/08/18
178,178,7552,(株)ハピネット,東証PRM,"3,545",+90,2.6,"291,600",2026/08/18
179,179,7358,(株)ポピンズ,東証STD,"1,785",+45,2.59,"31,100",2026/08/18
180,180,7516,コーナン商事(株),東証PRM,"4,380",+110,2.58,"118,900",2026/08/18
181,181,5658,日亜鋼業(株),東証STD,399,+10,2.57,"90,200",2026/08/18
182,182,2109,ＤＭ三井製糖(株),東証PRM,"3,600",+90,2.56,"52,600",2026/08/18
183,183,9505,北陸電力(株),東証PRM,984.3,+24.6,2.56,"829,300",2026/08/18
184,184,3863,日本製紙(株),東証PRM,"1,372",+34,2.54,"821,500",2026/08/18
185,185,4011,(株)ヘッドウォータース,東証GRT,"2,342",+58,2.54,"127,900",2026/08/18
186,186,5631,(株)日本製鋼所,東証PRM,"8,256",+204,2.53,"1,390,000",2026/08/18
187,187,7381,(株)ＣＣＩグループ,東証PRM,"1,302",+32,2.52,"478,900",2026/08/18
188,188,5021,コスモエネルギーホールディングス(株),東証PRM,"4,250",+104,2.51,"627,100",2026/08/18
189,189,8074,(株)ＹＵＡＳＡ,東証PRM,"6,130",+150,2.51,"39,300",2026/08/18
190,190,9119,飯野海運(株),東証PRM,"1,686",+41,2.49,"315,100",2026/08/18
191,191,1515,日鉄鉱業(株),東証PRM,"3,510",+85,2.48,"456,800",2026/08/18
192,192,5161,西川ゴム工業(株),東証STD,"3,510",+85,2.48,"116,800",2026/08/18
193,193,1571,(NEXT FUNDS)日経平均インバース上場投信,東証ETF,290,+7,2.47,"1,460,616",2026/08/18
194,194,3679,(株)じげん,東証PRM,457,+11,2.47,"410,600",2026/08/18
195,195,4627,ナトコ(株),東証STD,"1,865",+45,2.47,"4,700",2026/08/18
196,196,1384,(株)ホクリヨウ,東証STD,"2,247",+54,2.46,"21,600",2026/08/18
197,197,1580,日経平均ベア上場投信,東証ETF,771,+18.5,2.46,"268,550",2026/08/18
198,198,6071,(株)ＩＢＪ,東証PRM,963,+23,2.45,"1,176,300",2026/08/18
199,199,7014,(株)名村造船所,東証STD,"4,620",+110,2.44,"1,514,500",2026/08/18
200,200,3856,Ａｂａｌａｎｃｅ(株),東証STD,380,+9,2.43,"150,400",2026/08/18
201,201,8349,(株)東北銀行,東証STD,"1,610",+38,2.42,"42,700",2026/08/18
202,202,4937,(株)Ｗａｑｏｏ,東証GRT,"2,210",+52,2.41,"15,800",2026/08/18
203,203,6016,(株)ジャパンエンジンコーポレーション,東証STD,"10,190",+240,2.41,"120,500",2026/08/18
204,204,1456,iFreeETF 日経平均インバース・インデックス,東証ETF,"1,235",+29,2.4,"213,274",2026/08/18
205,205,5406,(株)神戸製鋼所,東証PRM,"2,050",+48,2.4,"1,928,700",2026/08/18
206,206,8713,フィデアホールディングス(株),東証PRM,"2,770",+65,2.4,"200,000",2026/08/18
207,207,3825,(株)リミックスポイント,東証STD,214,+5,2.39,"1,931,800",2026/08/18
208,208,5381,マイポックス(株),東証STD,984,+23,2.39,"294,500",2026/08/18
209,209,1696,WisdomTree とうもろこし上場投信,東証ETF,"3,049",+71,2.38,"3,699",2026/08/18
210,210,286A,(株)ユカリア,東証GRT,818,+19,2.38,"36,500",2026/08/18
211,211,3680,(株)ホットリンク,東証GRT,215,+5,2.38,"49,900",2026/08/18
212,212,4968,荒川化学工業(株),東証PRM,"2,540",+59,2.38,"305,700",2026/08/18
213,213,9438,(株)エムティーアイ,東証PRM,605,+14,2.37,"45,600",2026/08/18
214,214,3904,(株)カヤック,東証GRT,433,+10,2.36,"27,800",2026/08/18
215,215,5246,(株)ＥＬＥＭＥＮＴＳ,東証GRT,868,+20,2.36,"682,900",2026/08/18
216,216,5273,三谷セキサン(株),東証STD,"1,996",+46,2.36,"94,100",2026/08/18
217,217,244A,グロースエクスパートナーズ(株),東証GRT,"1,178",+27,2.35,"1,700",2026/08/18
218,218,4811,(株)ドリーム・アーツ,東証GRT,830,+19,2.34,"11,200",2026/08/18
219,219,5572,(株)Ｒｉｄｇｅ－ｉ,東証GRT,"2,716",+62,2.34,"31,800",2026/08/18
220,220,1716,第一カッター興業(株),東証STD,"1,456",+33,2.32,"81,100",2026/08/18
221,221,6342,(株)太平製作所,東証STD,"3,015",+68,2.31,600,2026/08/18
222,222,9914,(株)植松商会,名証MN,754,+17,2.31,100,2026/08/18
223,223,3865,北越コーポレーション(株),東証PRM,893,+20,2.29,"340,400",2026/08/18
224,224,4587,ペプチドリーム(株),東証PRM,"1,025.5",+23,2.29,"1,416,800",2026/08/18
225,225,1356,TOPIXベア2倍上場投信,東証ETF,103.7,+2.3,2.27,"3,632,380",2026/08/18
226,226,3931,(株)バリューゴルフ,東証GRT,"1,532",+34,2.27,"3,000",2026/08/18
227,227,2193,クックパッド(株),東証STD,136,+3,2.26,"335,900",2026/08/18
228,228,4286,(株)ＣＬホールディングス,東証STD,"1,177",+26,2.26,"51,300",2026/08/18
229,229,3323,レカム(株),東証STD,91,+2,2.25,"1,107,000",2026/08/18
230,230,6379,レイズネクスト(株),東証PRM,"3,005",+66,2.25,"127,300",2026/08/18
231,231,9107,川崎汽船(株),東証PRM,"3,141",+69,2.25,"6,940,200",2026/08/18
232,232,417A,(株)ブルーゾーンホールディングス,東証PRM,"1,826",+40,2.24,"321,900",2026/08/18
233,233,4350,(株)メディカルシステムネットワーク,東証STD,505,+11,2.23,"335,800",2026/08/18
234,234,4680,(株)ラウンドワン,東証PRM,"1,328",+29,2.23,"2,572,500",2026/08/18
235,235,9647,(株)協和コンサルタンツ,東証STD,"6,420",+140,2.23,"2,000",2026/08/18
236,236,4833,(株)Ｄｅｆ　ｃｏｎｓｕｌｔｉｎｇ,東証GRT,46,+1,2.22,"844,700",2026/08/18
237,237,4240,クラスターテクノロジー(株),東証STD,324,+7,2.21,"33,500",2026/08/18
238,238,7877,永大化工(株),東証STD,"2,264",+49,2.21,"1,500",2026/08/18
239,239,4674,(株)クレスコ,東証PRM,"1,998",+43,2.2,"409,900",2026/08/18
240,240,6225,(株)エコム,名証MN,"2,095",+45,2.2,100,2026/08/18
241,241,7361,(株)ヒューマンクリエイションホールディングス,東証GRT,"1,209",+26,2.2,"13,400",2026/08/18
242,242,9204,スカイマーク(株),東証GRT,418,+9,2.2,"42,200",2026/08/18
243,243,469A,(株)フィットクルー,東証GRT,"1,630",+35,2.19,"2,900",2026/08/18
244,244,8362,(株)福井銀行,東証PRM,"7,000",+150,2.19,"90,700",2026/08/18
245,245,9534,北海道ガス(株),東証PRM,795,+17,2.19,"155,000",2026/08/18
246,246,1691,WisdomTree ガソリン上場投信,東証ETF,"14,740",+315,2.18,57,2026/08/18
247,247,2491,バリューコマース(株),東証PRM,475,+10,2.15,"383,400",2026/08/18
248,248,4828,ビジネスエンジニアリング(株),東証PRM,"1,377",+29,2.15,"102,500",2026/08/18
249,249,5010,日本精蝋(株),東証STD,333,+7,2.15,"4,249,100",2026/08/18
250,250,9031,西日本鉄道(株),東証PRM,"3,086",+65,2.15,"212,800",2026/08/18
251,251,5410,合同製鐵(株),東証PRM,"3,005",+63,2.14,"119,400",2026/08/18
252,252,2249,iFreeETF S&P500ダブルインバース,東証ETF,"9,308",+194,2.13,"11,236",2026/08/18
253,253,9616,(株)共立メンテナンス,東証PRM,"3,274",+68,2.12,"927,700",2026/08/18
254,254,290A,(株)Ｓｙｎｓｐｅｃｔｉｖｅ,東証GRT,"1,450",+30,2.11,"2,017,700",2026/08/18
255,255,2726,(株)パルグループホールディングス,東証PRM,"1,508",+31,2.1,"674,900",2026/08/18
256,256,3925,(株)ダブルスタンダード,東証PRM,"1,361",+28,2.1,"61,200",2026/08/18
257,257,7593,ＶＴホールディングス(株),東証PRM,535,+11,2.1,"669,000",2026/08/18
258,258,8133,伊藤忠エネクス(株),東証PRM,"2,184",+45,2.1,"108,200",2026/08/18
259,259,4478,フリー(株),東証GRT,"3,420",+70,2.09,"650,300",2026/08/18
260,260,296A,令和アカウンティング・ホールディングス(株),東証GRT,934,+19,2.08,"48,500",2026/08/18
261,261,6291,日本エアーテック(株),東証STD,"1,380",+28,2.07,"48,600",2026/08/18
262,262,4776,サイボウズ(株),東証PRM,"2,979",+60,2.06,"305,600",2026/08/18
263,263,4432,ウイングアーク１ｓｔ(株),東証PRM,"3,235",+65,2.05,"156,200",2026/08/18
264,264,5616,(株)雨風太陽,東証GRT,647,+13,2.05,"2,100",2026/08/18
265,265,6330,東洋エンジニアリング(株),東証PRM,"2,488",+50,2.05,"5,146,900",2026/08/18
266,266,9307,(株)杉村倉庫,東証STD,995,+20,2.05,"14,300",2026/08/18
267,267,7947,(株)エフピコ,東証PRM,"2,747",+55,2.04,"202,200",2026/08/18
268,268,4588,オンコリスバイオファーマ(株),東証GRT,"3,560",+70,2.01,"1,199,800",2026/08/18
269,269,8084,(株)ＲＹＯＤＥＮ,東証PRM,"4,815",+95,2.01,"78,400",2026/08/18
270,270,4881,(株)ファンペップ,東証GRT,51,+1,2.0,"273,900",2026/08/18
271,271,8043,スターゼン(株),東証PRM,"1,529",+30,2.0,"153,800",2026/08/18
272,272,8163,ＳＲＳホールディングス(株),東証PRM,"1,494",+29,1.98,"88,000",2026/08/18
273,273,4396,(株)システムサポートホールディングス,東証PRM,"1,400",+27,1.97,"133,600",2026/08/18
274,274,4978,(株)リプロセル,東証GRT,155,+3,1.97,"851,200",2026/08/18
275,275,5757,(株)ＣＫサンエツ,東証PRM,"5,180",+100,1.97,"5,000",2026/08/18
276,276,5941,(株)中西製作所,東証STD,"2,799",+54,1.97,900,2026/08/18
277,277,7509,アイエーグループ(株),東証STD,"4,915",+95,1.97,800,2026/08/18
278,278,7979,(株)松風,東証PRM,"2,379",+46,1.97,"94,400",2026/08/18
279,279,2032,NEXT NOTES 香港ハンセン･ベアETN,東証ETF,"6,098",+117,1.96,25,2026/08/18
280,280,9252,(株)ラストワンマイル,東証GRT,"3,895",+75,1.96,"4,100",2026/08/18
281,281,3539,(株)ＪＭホールディングス,東証PRM,"1,461",+28,1.95,"148,500",2026/08/18
282,282,6820,アイコム(株),東証PRM,"3,400",+65,1.95,"11,300",2026/08/18
283,283,8167,(株)リテールパートナーズ,東証PRM,"1,467",+28,1.95,"303,900",2026/08/18
284,284,2004,昭和産業(株),東証PRM,"3,670",+70,1.94,"58,400",2026/08/18
285,285,8343,(株)秋田銀行,東証PRM,"8,940",+170,1.94,"259,100",2026/08/18
286,286,8410,(株)セブン銀行,東証PRM,342.1,+6.5,1.94,"6,311,900",2026/08/18
287,287,318A,VIX短期先物指数ETF,東証ETF,391.8,+7.4,1.93,"1,543,710",2026/08/18
288,288,4051,ＧＭＯフィナンシャルゲート(株),東証PRM,"6,880",+130,1.93,"45,200",2026/08/18
289,289,7733,オリンパス(株),東証PRM,"2,116",+40,1.93,"4,157,800",2026/08/18
290,290,8416,(株)高知銀行,東証STD,"1,213",+23,1.93,"71,900",2026/08/18
291,291,9311,アサガミ(株),東証STD,"7,960",+150,1.92,100,2026/08/18
292,292,9450,(株)ファイバーゲート,東証STD,744,+14,1.92,"77,200",2026/08/18
293,293,1921,(株)巴コーポレーション,東証STD,"1,870",+35,1.91,"21,000",2026/08/18
294,294,2734,(株)サーラコーポレーション,東証PRM,"1,230",+23,1.91,"130,000",2026/08/18
295,295,6655,東洋電機(株),名証MN,800,+15,1.91,"1,900",2026/08/18
296,296,9257,ＹＣＰホールディングス（グローバル）,東証GRT外国,533,+10,1.91,"1,200",2026/08/18
297,297,4884,クリングルファーマ(株),東証GRT,429,+8,1.9,"151,100",2026/08/18
298,298,7677,(株)ヤシマキザイ,東証STD,"2,836",+53,1.9,600,2026/08/18
299,299,3880,大王製紙(株),東証PRM,971,+18,1.89,"254,600",2026/08/18
300,300,4594,ブライトパス・バイオ(株),東証GRT,54,+1,1.89,"2,047,700",2026/08/18
301,301,6492,岡野バルブ製造(株),東証STD,"15,600",+290,1.89,"12,300",2026/08/18
302,302,4629,大伸化学(株),東証STD,"2,170",+40,1.88,"2,300",2026/08/18
303,303,581A,ＧＯ(株),東証GRT,"3,520",+65,1.88,"1,000,100",2026/08/18
304,304,5970,(株)ジーテクト,東証PRM,"2,382",+44,1.88,"156,200",2026/08/18
305,305,4365,松本油脂製薬(株),東証STD,"20,740",+380,1.87,900,2026/08/18
306,306,3901,マークラインズ(株),東証PRM,"1,643",+30,1.86,"167,100",2026/08/18
307,307,6305,日立建機(株),東証PRM,"5,490",+100,1.86,"1,614,600",2026/08/18
308,308,8008,４℃ホールディングス,東証PRM,"2,133",+39,1.86,"97,900",2026/08/18
309,309,5020,ＥＮＥＯＳホールディングス(株),東証PRM,"1,318.5",+24,1.85,"5,858,100",2026/08/18
310,310,5922,那須電機鉄工(株),東証STD,"20,370",+370,1.85,900,2026/08/18
311,311,4849,エン(株),東証PRM,"1,498",+27,1.84,"228,500",2026/08/18
312,312,7184,(株)富山第一銀行,東証PRM,"3,315",+60,1.84,"208,800",2026/08/18
313,313,8037,カメイ(株),東証PRM,"4,420",+80,1.84,"44,600",2026/08/18
314,314,9267,Ｇｅｎｋｙ　ＤｒｕｇＳｔｏｒｅｓ(株),東証PRM,"3,595",+65,1.84,"75,500",2026/08/18
315,315,9900,(株)サガミホールディングス,東証PRM,"2,270",+41,1.84,"97,700",2026/08/18
316,316,1377,(株)サカタのタネ,東証PRM,"4,460",+80,1.83,"103,400",2026/08/18
317,317,8255,アクシアル　リテイリング(株),東証PRM,"1,224",+22,1.83,"210,200",2026/08/18
318,318,9507,四国電力(株),東証PRM,"1,840.5",+33,1.83,"919,200",2026/08/18
319,319,3423,(株)エスイー,東証STD,280,+5,1.82,"13,900",2026/08/18
320,320,6548,(株)旅工房,東証GRT,112,+2,1.82,"58,000",2026/08/18
321,321,7357,(株)ジオコード,東証STD,"1,748",+31,1.81,"7,000",2026/08/18
322,322,8399,(株)琉球銀行,東証PRM,"3,370",+60,1.81,"114,400",2026/08/18
323,323,2778,パレモ・ホールディングス(株),東証STD,113,+2,1.8,"107,100",2026/08/18
324,324,3377,(株)バイク王＆カンパニー,東証STD,396,+7,1.8,"41,200",2026/08/18
325,325,7413,(株)創健社,東証STD,"2,655",+47,1.8,200,2026/08/18
326,326,3840,パス(株),東証STD,57,+1,1.79,"22,800",2026/08/18
327,327,4885,室町ケミカル(株),東証STD,908,+16,1.79,"9,700",2026/08/18
328,328,5588,ファーストアカウンティング(株),東証GRT,800,+14,1.78,"19,100",2026/08/18
329,329,7513,(株)コジマ,東証PRM,"1,369",+24,1.78,"315,200",2026/08/18
330,330,2938,(株)オカムラ食品工業,東証STD,"1,324",+23,1.77,"48,900",2026/08/18
331,331,6814,古野電気(株),東証PRM,"8,060",+140,1.77,"316,600",2026/08/18
332,332,8537,(株)大光銀行,東証STD,"3,160",+55,1.77,"67,200",2026/08/18
333,333,1738,(株)ＮＩＴＴＯＨ,名証MN,578,+10,1.76,400,2026/08/18
334,334,7878,(株)光・彩,東証STD,"1,327",+23,1.76,900,2026/08/18
335,335,2393,(株)日本ケアサプライ,東証STD,"4,350",+75,1.75,"16,600",2026/08/18
336,336,3154,メディアスホールディングス(株),東証PRM,820,+14,1.74,"41,100",2026/08/18
337,337,416A,富士ユナイトホールディングス(株),東証STD,"1,289",+22,1.74,"11,400",2026/08/18
338,338,6193,バーチャレクス・ホールディングス(株),東証GRT,"1,110",+19,1.74,"10,500",2026/08/18
339,339,8118,(株)キング,東証STD,"1,230",+21,1.74,500,2026/08/18
340,340,1687,WisdomTree 農産物上場投信,東証ETF,"1,088",+18.5,1.73,"7,780",2026/08/18
341,341,2784,アルフレッサ　ホールディングス(株),東証PRM,"2,289",+39,1.73,"645,100",2026/08/18
342,342,9303,(株)住友倉庫,東証PRM,"4,120",+70,1.73,"77,000",2026/08/18
343,343,1621,(NEXT FUNDS)医薬品上場投信,東証ETF,"30,220",+510,1.72,"1,682",2026/08/18
344,344,3182,オイシックス(株),東証PRM,"1,713",+29,1.72,"104,400",2026/08/18
345,345,428A,サイプレス・ホールディングス(株),東証STD,"1,478",+25,1.72,"22,400",2026/08/18
346,346,3034,クオールホールディングス(株),東証PRM,"2,613",+44,1.71,"204,200",2026/08/18
347,347,6269,三井海洋開発(株),東証PRM,"10,715",+180,1.71,"881,600",2026/08/18
348,348,8929,(株)青山財産ネットワークス,東証STD,"1,307",+22,1.71,"70,300",2026/08/18
349,349,1469,JPX日経400ベア2倍上場投信ダブルインバース,東証ETF,179.2,+3,1.7,"17,070",2026/08/18
350,350,1787,(株)ナカボーテック,東証STD,"5,970",+100,1.7,400,2026/08/18
351,351,8273,(株)イズミ,東証PRM,"1,017",+17,1.7,"429,800",2026/08/18
352,352,8570,イオンフィナンシャルサービス(株),東証PRM,"1,642",+27.5,1.7,"534,300",2026/08/18
353,353,9535,広島ガス(株),東証PRM,418,+7,1.7,"85,900",2026/08/18
354,354,4579,ラクオリア創薬(株),東証GRT,542,+9,1.69,"146,700",2026/08/18
355,355,7640,(株)トップカルチャー,東証STD,181,+3,1.69,"3,400",2026/08/18
356,356,9519,(株)レノバ,東証PRM,964,+16,1.69,"576,900",2026/08/18
357,357,3221,(株)ヨシックスホールディングス,東証PRM,"3,330",+55,1.68,"34,300",2026/08/18
358,358,4477,ＢＡＳＥ(株),東証GRT,302,+5,1.68,"604,500",2026/08/18
359,359,4819,(株)デジタルガレージ,東証PRM,"2,237",+37,1.68,"328,700",2026/08/18
360,360,6869,シスメックス(株),東証PRM,"1,881.5",+31,1.68,"2,507,300",2026/08/18
361,361,7071,(株)アンビスホールディングス,東証PRM,423,+7,1.68,"411,400",2026/08/18
362,362,7182,(株)ゆうちょ銀行,東証PRM,"3,332",+55,1.68,"7,287,600",2026/08/18
363,363,7460,(株)ヤギ,東証STD,"1,698",+28,1.68,"16,200",2026/08/18
364,364,9759,(株)ＮＳＤ,東証PRM,"2,818.5",+46.5,1.68,"265,300",2026/08/18
365,365,1788,(株)三東工業社,東証STD,"4,270",+70,1.67,400,2026/08/18
366,366,2742,(株)ハローズ,東証PRM,"3,955",+65,1.67,"42,500",2026/08/18
367,367,2469,ヒビノ(株),東証STD,"2,760",+45,1.66,"13,700",2026/08/18
368,368,9633,東京テアトル(株),東証STD,"1,772",+29,1.66,"12,500",2026/08/18
369,369,7689,(株)コパ・コーポレーション,東証GRT,308,+5,1.65,"1,400",2026/08/18
370,370,7955,クリナップ(株),東証PRM,987,+16,1.65,"58,100",2026/08/18
371,371,9246,(株)プロジェクトホールディングス,東証GRT,"1,106",+18,1.65,"4,700",2026/08/18
372,372,9706,日本空港ビルデング(株),東証PRM,"5,595",+91,1.65,"331,300",2026/08/18
373,373,2207,(株)ｍｅｉｔｏ,東証PRM,"3,710",+60,1.64,"52,400",2026/08/18
374,374,3836,(株)アバントグループ,東証PRM,"1,181",+19,1.64,"74,800",2026/08/18
375,375,7686,(株)ひとまいる,東証STD,434,+7,1.64,"14,900",2026/08/18
376,376,9536,西部ガスホールディングス(株),東証PRM,"2,421",+39,1.64,"62,300",2026/08/18
377,377,1795,(株)マサル,東証STD,"5,610",+90,1.63,300,2026/08/18
378,378,4483,(株)ＪＭＤＣ,東証PRM,"3,425",+55,1.63,"316,700",2026/08/18
379,379,5801,古河電気工業(株),東証PRM,"4,368",+70,1.63,"43,304,600",2026/08/18
380,380,7350,(株)おきなわフィナンシャルグループ,東証PRM,"8,120",+130,1.63,"111,300",2026/08/18
381,381,277A,グロービング(株),東証PRM,"1,760",+28,1.62,"176,300",2026/08/18
382,382,3930,(株)はてな,東証GRT,755,+12,1.62,"35,200",2026/08/18
383,383,6888,アクモス(株),東証STD,503,+8,1.62,"27,600",2026/08/18
384,384,2685,(株)アンドエスティＨＤ,東証PRM,"3,480",+55,1.61,"451,600",2026/08/18
385,385,8031,三井物産(株),東証PRM,"4,873",+77,1.61,"4,142,700",2026/08/18
386,386,3224,(株)ゼネラル・オイスター,東証GRT,700,+11,1.6,"2,100",2026/08/18
387,387,9504,中国電力(株),東証PRM,948.7,+14.9,1.6,"2,010,700",2026/08/18
388,388,6546,フルテック(株),東証STD,"1,148",+18,1.59,600,2026/08/18
389,389,1688,WisdomTree 穀物上場投信,東証ETF,593.2,+9.2,1.58,"40,690",2026/08/18
390,390,2130,(株)メンバーズ,東証PRM,966,+15,1.58,"117,400",2026/08/18
391,391,2307,(株)クロスキャット,東証PRM,"1,092",+17,1.58,"53,600",2026/08/18
392,392,9778,(株)昴,東証STD,"5,770",+90,1.58,400,2026/08/18
393,393,3817,(株)ＳＲＡホールディングス,東証PRM,"4,845",+75,1.57,"36,900",2026/08/18
394,394,4334,(株)ユークス,東証STD,388,+6,1.57,"6,900",2026/08/18
395,395,8558,(株)東和銀行,東証PRM,"1,552",+24,1.57,"171,100",2026/08/18
396,396,2440,(株)ぐるなび,東証STD,130,+2,1.56,"194,300",2026/08/18
397,397,2749,(株)ＪＰホールディングス,東証PRM,653,+10,1.56,"264,700",2026/08/18
398,398,3708,特種東海製紙(株),東証PRM,"2,145",+33,1.56,"49,900",2026/08/18
399,399,5025,(株)マーキュリー,東証GRT,587,+9,1.56,500,2026/08/18
400,400,5218,(株)オハラ,東証STD,"1,626",+25,1.56,"117,100",2026/08/18
401,401,7042,(株)アクセスグループ・ホールディングス,東証STD,715,+11,1.56,"4,200",2026/08/18
402,402,7459,(株)メディパルホールディングス,東証PRM,"2,861.5",+44,1.56,"388,800",2026/08/18
403,403,8098,稲畑産業(株),東証PRM,"4,235",+65,1.56,"81,500",2026/08/18
404,404,8368,(株)百五銀行,東証PRM,"2,341",+36,1.56,"877,200",2026/08/18
405,405,9869,加藤産業(株),東証PRM,"6,500",+100,1.56,"26,400",2026/08/18
406,406,4922,(株)コーセーホールディングス,東証PRM,"5,718",+87,1.55,"334,100",2026/08/18
407,407,6473,(株)ジェイテクト,東証PRM,"2,162.5",+33,1.55,"1,391,700",2026/08/18
408,408,8127,ヤマト　インターナショナル(株),東証STD,589,+9,1.55,"27,600",2026/08/18
409,409,9699,ニシオホールディングス(株),東証PRM,"4,590",+70,1.55,"61,700",2026/08/18
410,410,2791,大黒天物産(株),東証PRM,"4,605",+70,1.54,"47,100",2026/08/18
411,411,3696,(株)セレス,東証PRM,"2,180",+33,1.54,"191,000",2026/08/18
412,412,7115,(株)アルファパーチェス,東証STD,"1,513",+23,1.54,"10,800",2026/08/18
413,413,7267,ホンダ,東証PRM,"1,713",+26,1.54,"15,929,000",2026/08/18
414,414,7004,カナデビア(株),東証PRM,"1,264",+19,1.53,"1,014,600",2026/08/18
415,415,7879,(株)ノダ,東証STD,665,+10,1.53,"15,200",2026/08/18
416,416,1333,Ｕｍｉｏｓ(株),東証PRM,"1,302",+19.5,1.52,"492,500",2026/08/18
417,417,4569,杏林製薬(株),東証PRM,"1,134",+17,1.52,"401,400",2026/08/18
418,418,4586,(株)メドレックス,東証GRT,67,+1,1.52,"716,300",2026/08/18
419,419,7831,(株)ウイルコホールディングス,東証STD,67,+1,1.52,"9,100",2026/08/18
420,420,2053,中部飼料(株),東証PRM,"2,012",+30,1.51,"64,300",2026/08/18
421,421,2733,(株)あらた,東証PRM,"2,614",+39,1.51,"60,300",2026/08/18
422,422,2842,iFreeETF NASDAQ100インバース,東証ETF,"12,070",+180,1.51,"10,194",2026/08/18
423,423,4521,科研製薬(株),東証PRM,"4,030",+60,1.51,"92,200",2026/08/18
424,424,479A,ＰＲＯＮＩ(株),東証GRT,"1,749",+26,1.51,"83,500",2026/08/18
425,425,5262,日本ヒューム(株),東証PRM,"1,142",+17,1.51,"350,100",2026/08/18
426,426,7320,Ｓｏｌｖｖｙ(株),東証GRT,"1,416",+21,1.51,"85,400",2026/08/18
427,427,7380,(株)十六フィナンシャルグループ,東証PRM,"2,630",+39,1.51,"728,700",2026/08/18
428,428,4568,第一三共(株),東証PRM,"2,700",+40,1.5,"4,542,400",2026/08/18
429,429,6078,(株)バリューＨＲ,東証PRM,"1,560",+23,1.5,"31,000",2026/08/18
430,430,4847,(株)インテリジェント　ウェイブ,東証PRM,"1,294",+19,1.49,"142,700",2026/08/18
431,431,5959,岡部(株),東証PRM,953,+14,1.49,"96,000",2026/08/18
432,432,6807,日本航空電子工業(株),東証PRM,"2,380",+35,1.49,"355,200",2026/08/18
433,433,7180,(株)九州フィナンシャルグループ,東証PRM,"1,564",+23,1.49,"1,236,500",2026/08/18
434,434,6088,(株)シグマクシス・ホールディングス,東証PRM,548,+8,1.48,"408,000",2026/08/18
435,435,7280,(株)ミツバ,東証PRM,"1,304",+19,1.48,"256,300",2026/08/18
436,436,7337,(株)ひろぎんホールディングス,東証PRM,"2,394.5",+35,1.48,"692,300",2026/08/18
437,437,8097,三愛オブリ(株),東証PRM,"2,398",+35,1.48,"74,400",2026/08/18
438,438,3547,(株)ユニシアホールディングス,東証STD,"1,869",+27,1.47,"53,200",2026/08/18
439,439,6035,(株)アイ・アールジャパンホールディングス,東証STD,760,+11,1.47,"57,100",2026/08/18
440,440,6464,(株)ツバキ・ナカシマ,東証PRM,345,+5,1.47,"601,700",2026/08/18
441,441,8058,三菱商事(株),東証PRM,"4,778",+69,1.47,"5,791,600",2026/08/18
442,442,9887,(株)松屋フーズホールディングス,東証PRM,"4,820",+70,1.47,"128,100",2026/08/18
443,443,3910,(株)エムケイシステム,東証STD,278,+4,1.46,"1,700",2026/08/18
444,444,5423,東京製鐵(株),東証PRM,"1,742",+25,1.46,"285,100",2026/08/18
445,445,7073,(株)ジェイック,東証GRT,"2,288",+33,1.46,100,2026/08/18
446,446,7078,ＩＮＣＬＵＳＩＶＥ　Ｈｏｌｄｉｎｇｓ(株),東証GRT,347,+5,1.46,"15,500",2026/08/18
447,447,4890,(株)坪田ラボ,東証GRT,279,+4,1.45,"16,300",2026/08/18
448,448,7564,(株)ワークマン,東証STD,"6,290",+90,1.45,"368,100",2026/08/18
449,449,9127,玉井商船(株),東証STD,"3,145",+45,1.45,"5,100",2026/08/18
450,450,9145,(株)ビーイングホールディングス,東証STD,561,+8,1.45,"23,200",2026/08/18
451,451,2654,(株)アスモ,東証STD,424,+6,1.44,"11,800",2026/08/18
452,452,3962,(株)チェンジホールディングス,東証PRM,985,+14,1.44,"296,200",2026/08/18
453,453,4345,(株)シーティーエス,東証PRM,844,+12,1.44,"70,000",2026/08/18
454,454,4506,住友ファーマ(株),東証PRM,"1,375",+19.5,1.44,"2,509,900",2026/08/18
455,455,4577,ダイト(株),東証PRM,"1,335",+19,1.44,"41,600",2026/08/18
456,456,4641,(株)アルプス技研,東証PRM,844,+12,1.44,"104,300",2026/08/18
457,457,1685,WisdomTree エネルギー上場投信,東証ETF,850,+12,1.43,910,2026/08/18
458,458,3097,(株)物語コーポレーション,東証PRM,"5,690",+80,1.43,"158,900",2026/08/18
459,459,4234,(株)サンエー化研,東証STD,994,+14,1.43,"54,600",2026/08/18
460,460,6496,(株)中北製作所,東証STD,"5,660",+80,1.43,"9,100",2026/08/18
461,461,7327,(株)第四北越フィナンシャルグループ,東証PRM,"2,555",+36,1.43,"723,500",2026/08/18
462,462,9602,東宝(株),東証PRM,"1,520.5",+21.5,1.43,"3,384,200",2026/08/18
463,463,1628,(NEXT FUNDS)運輸･物流上場投信,東証ETF,"21,805",+305,1.42,"1,028",2026/08/18
464,464,1976,明星工業(株),東証PRM,"1,855",+26,1.42,"137,100",2026/08/18
465,465,2730,(株)エディオン,東証PRM,"2,508",+35,1.42,"253,800",2026/08/18
466,466,2498,(株)オリエンタルコンサルタンツホールディングス,東証STD,"3,235",+45,1.41,"23,300",2026/08/18
467,467,3176,三洋貿易(株),東証PRM,"1,148",+16,1.41,"286,900",2026/08/18
468,468,5729,日本精鉱(株),東証STD,"1,801",+25,1.41,"23,700",2026/08/18
469,469,5838,楽天銀行(株),東証PRM,"6,308",+88,1.41,"1,291,300",2026/08/18
470,470,6396,(株)宇野澤組鐵工所,東証STD,"4,665",+65,1.41,"1,500",2026/08/18
471,471,8334,(株)群馬銀行,東証PRM,"2,800.5",+39,1.41,"822,600",2026/08/18
472,472,9069,センコーグループホールディングス(株),東証PRM,"2,342.5",+32.5,1.41,"554,300",2026/08/18
473,473,4845,(株)スカラ,東証STD,362,+5,1.4,"111,800",2026/08/18
474,474,6338,(株)タカトリ,東証STD,"1,742",+24,1.4,"44,700",2026/08/18
475,475,4676,(株)フジ・メディア・ホールディングス,東証PRM,"4,160",+57,1.39,"432,000",2026/08/18
476,476,6455,(株)モリタホールディングス,東証PRM,"2,400",+33,1.39,"77,800",2026/08/18
477,477,7531,清和中央ホールディングス(株),東証STD,"1,314",+18,1.39,100,2026/08/18
478,478,7931,未来工業(株),東証PRM,"3,650",+50,1.39,"20,800",2026/08/18
479,479,8285,三谷産業(株),東証STD,801,+11,1.39,"76,400",2026/08/18
480,480,9253,スローガン(株),東証GRT,730,+10,1.39,"1,600",2026/08/18
481,481,3167,(株)ＴＯＫＡＩホールディングス,東証PRM,"1,251",+17,1.38,"262,100",2026/08/18
482,482,3179,シュッピン(株),東証PRM,"1,250",+17,1.38,"183,300",2026/08/18
483,483,369A,(株)エータイ,東証GRT,"2,565",+35,1.38,"10,300",2026/08/18
484,484,5888,ＤＡＩＷＡ　ＣＹＣＬＥ(株),東証GRT,"2,873",+39,1.38,"6,100",2026/08/18
485,485,5943,(株)ノーリツ,東証PRM,"2,423",+33,1.38,"99,900",2026/08/18
486,486,7036,(株)イーエムネットジャパン,東証GRT,659,+9,1.38,"3,500",2026/08/18
487,487,8358,スルガ銀行(株),東証PRM,"2,943",+40,1.38,"1,018,200",2026/08/18
488,488,9044,(株)ＮＡＮＫＡＩ,東証PRM,"2,972",+40.5,1.38,"204,400",2026/08/18
489,489,1472,(NEXT FUNDS)JPX日経400ダブルインバース,東証ETF,74,+1,1.37,"8,504",2026/08/18
490,490,145A,(株)Ｌ　ｉｓ　Ｂ,東証GRT,895,+12,1.36,"9,600",2026/08/18
491,491,300A,ＭＩＣ(株),東証STD,"3,355",+45,1.36,"10,000",2026/08/18
492,492,4331,(株)テイクアンドギヴ・ニーズ,東証PRM,747,+10,1.36,"89,800",2026/08/18
493,493,4736,日本ラッド(株),東証STD,597,+8,1.36,"4,300",2026/08/18
494,494,7384,(株)プロクレアホールディングス,東証PRM,"4,830",+65,1.36,"124,600",2026/08/18
495,495,8217,(株)オークワ,東証PRM,820,+11,1.36,"181,000",2026/08/18
496,496,1368,iFreeETF TOPIXダブルインバース(-2倍)指数,東証ETF,150,+2,1.35,"56,984",2026/08/18
497,497,3612,(株)ワールド,東証PRM,"1,649",+22,1.35,"438,300",2026/08/18
498,498,6472,ＮＴＮ(株),東証PRM,391.4,+5.2,1.35,"4,231,900",2026/08/18
499,499,7351,(株)グッドパッチ,東証GRT,452,+6,1.35,"13,700",2026/08/18
500,500,9065,山九(株),東証PRM,"8,615",+115,1.35,"164,400",2026/08/18
501,501,3134,Ｈａｍｅｅ(株),東証STD,303,+4,1.34,"34,100",2026/08/18
502,502,3951,朝日印刷(株),東証STD,905,+12,1.34,"36,800",2026/08/18
503,503,7426,(株)山大,東証STD,679,+9,1.34,200,2026/08/18
504,504,7624,(株)ＮａＩＴＯ,東証STD,151,+2,1.34,"135,200",2026/08/18
505,505,7819,粧美堂(株),東証STD,986,+13,1.34,"26,000",2026/08/18
506,506,4528,小野薬品工業(株),東証PRM,"2,440.5",+32,1.33,"1,426,700",2026/08/18
507,507,2330,(株)フォーサイド,東証STD,77,+1,1.32,"91,600",2026/08/18
508,508,3561,(株)力の源ホールディングス,東証PRM,"1,615",+21,1.32,"44,200",2026/08/18
509,509,5386,(株)鶴弥,名証MN,383,+5,1.32,"9,900",2026/08/18
510,510,8544,(株)京葉銀行,東証PRM,"2,837",+37,1.32,"407,200",2026/08/18
511,511,8946,(株)ＡＳＩＡＮ　ＳＴＡＲ,東証STD,77,+1,1.32,"18,100",2026/08/18
512,512,3558,ジェイドグループ(株),東証GRT,"1,778",+23,1.31,"67,800",2026/08/18
513,513,4996,クミアイ化学工業(株),東証PRM,774,+10,1.31,"397,600",2026/08/18
514,514,7150,(株)島根銀行,東証STD,541,+7,1.31,"85,000",2026/08/18
515,515,7483,(株)ドウシシャ,東証PRM,"3,010",+39,1.31,"56,800",2026/08/18
516,516,7488,(株)ヤガミ,名証MN,"5,030",+65,1.31,"2,300",2026/08/18
517,517,5199,不二ラテックス(株),東証STD,"2,026",+26,1.3,200,2026/08/18
518,518,6497,(株)ハマイ,東証STD,"1,401",+18,1.3,"4,700",2026/08/18
519,519,7482,(株)シモジマ,東証PRM,"1,486",+19,1.3,"20,200",2026/08/18
520,520,8005,(株)スクロール,東証PRM,"1,874",+24,1.3,"205,900",2026/08/18
521,521,1555,上場インデックスファンド豪州リート,東証ETF,"2,514",+32,1.29,"1,552",2026/08/18
522,522,3032,(株)ゴルフ・ドゥ,名証NXT,236,+3,1.29,"17,300",2026/08/18
523,523,6142,富士精工(株),名証MN,"1,730",+22,1.29,"1,800",2026/08/18
524,524,8093,極東貿易(株),東証PRM,"1,890",+24,1.29,"46,900",2026/08/18
525,525,8392,(株)大分銀行,東証PRM,"2,897",+37,1.29,"312,900",2026/08/18
526,526,8585,(株)オリエントコーポレーション,東証PRM,863,+11,1.29,"457,100",2026/08/18
527,527,9930,北沢産業(株),東証STD,393,+5,1.29,"9,400",2026/08/18
528,528,3050,ＤＣＭホールディングス(株),東証PRM,"1,582",+20,1.28,"267,900",2026/08/18
529,529,3113,(株)ＵＮＩＶＡ・Ｏａｋホールディングス,東証STD,79,+1,1.28,"121,600",2026/08/18
530,530,3440,日創グループ(株),東証STD,949,+12,1.28,"16,300",2026/08/18
531,531,3983,(株)オロ,東証PRM,"2,132",+27,1.28,"49,400",2026/08/18
532,532,4094,日本化学産業(株),東証STD,"2,294",+29,1.28,"9,600",2026/08/18
533,533,5911,(株)横河ブリッジホールディングス,東証PRM,"2,997",+38,1.28,"102,000",2026/08/18
534,534,7186,(株)横浜フィナンシャルグループ,東証PRM,"1,935.5",+24.5,1.28,"3,608,300",2026/08/18
535,535,7836,アビックス(株),東証STD,79,+1,1.28,"248,000",2026/08/18
536,536,2901,(株)ウェルディッシュ,東証STD,161,+2,1.26,"172,500",2026/08/18
537,537,2908,フジッコ(株),東証PRM,"1,605",+20,1.26,"48,700",2026/08/18
538,538,3371,(株)ソフトクリエイトホールディングス,東証PRM,"2,095",+26,1.26,"51,900",2026/08/18
539,539,423A,(株)ライオン事務器,東証STD,322,+4,1.26,"23,200",2026/08/18
540,540,4341,西菱電機(株),東証STD,881,+11,1.26,"1,400",2026/08/18
541,541,5408,(株)中山製鋼所,東証PRM,645,+8,1.26,"226,700",2026/08/18
542,542,9001,東武鉄道(株),東証PRM,"2,962.5",+37,1.26,"602,300",2026/08/18
543,543,9621,(株)建設技術研究所,東証PRM,"3,215",+40,1.26,"55,200",2026/08/18
544,544,190A,Ｃｈｏｒｄｉａ　Ｔｈｅｒａｐｅｕｔｉｃｓ(株),東証GRT,81,+1,1.25,"412,800",2026/08/18
545,545,8079,正栄食品工業(株),東証PRM,"4,455",+55,1.25,"30,900",2026/08/18
546,546,535A,NZAM 上場投信 DAX(H無),東証ETF,"2,207",+27,1.24,1,2026/08/18
547,547,335A,(株)ミライロ,東証GRT,330,+4,1.23,"19,200",2026/08/18
548,548,3950,ザ・パック(株),東証PRM,"1,482",+18,1.23,"102,300",2026/08/18
549,549,4221,大倉工業(株),東証PRM,"5,770",+70,1.23,"34,200",2026/08/18
550,550,4247,ポバール興業(株),東証STD,"1,399",+17,1.23,900,2026/08/18
551,551,6769,ザインエレクトロニクス(株),東証STD,"1,154",+14,1.23,"58,800",2026/08/18
552,552,7167,(株)めぶきフィナンシャルグループ,東証PRM,"1,691.5",+20.5,1.23,"3,132,900",2026/08/18
553,553,7231,トピー工業(株),東証PRM,"3,035",+37,1.23,"30,700",2026/08/18
554,554,7791,ドリームベッド(株),東証STD,822,+10,1.23,500,2026/08/18
555,555,8418,(株)山口フィナンシャルグループ,東証PRM,"3,222",+39,1.23,"371,000",2026/08/18
556,556,8789,フィンテック　グローバル(株),東証STD,164,+2,1.23,"2,931,700",2026/08/18
557,557,8999,グランディハウス(株),東証PRM,577,+7,1.23,"72,100",2026/08/18
558,558,2211,(株)不二家,東証PRM,"2,481",+30,1.22,"35,800",2026/08/18
559,559,4023,(株)クレハ,東証PRM,"4,570",+55,1.22,"224,800",2026/08/18
560,560,4689,ＬＩＮＥヤフー(株),東証PRM,497.9,+6,1.22,"14,858,800",2026/08/18
561,561,5946,(株)長府製作所,東証PRM,"2,069",+25,1.22,"47,900",2026/08/18
562,562,6540,(株)船場,東証STD,"1,572",+19,1.22,"3,600",2026/08/18
563,563,7181,(株)かんぽ生命保険,東証PRM,"1,702",+20.5,1.22,"2,236,600",2026/08/18
564,564,7581,(株)サイゼリヤ,東証PRM,"7,450",+90,1.22,"396,400",2026/08/18
565,565,8725,ＭＳ＆ＡＤインシュアランスグループホールディングス(株),東証PRM,"4,985",+60,1.22,"3,888,200",2026/08/18
566,566,9006,京浜急行電鉄(株),東証PRM,"1,534.5",+18.5,1.22,"619,300",2026/08/18
567,567,9220,エフビー介護サービス(株),東証STD,"1,245",+15,1.22,200,2026/08/18
568,568,2978,(株)ツクルバ,東証GRT,334,+4,1.21,"5,700",2026/08/18
569,569,4480,(株)メドレー,東証PRM,"2,844",+34,1.21,"576,000",2026/08/18
570,570,7270,(株)ＳＵＢＡＲＵ,東証PRM,"2,588.5",+31,1.21,"3,471,400",2026/08/18
571,571,9240,(株)デリバリーコンサルティング,東証GRT,418,+5,1.21,"4,200",2026/08/18
572,572,2820,(株)やまみ,東証STD,"5,890",+70,1.2,"24,600",2026/08/18
573,573,3091,(株)ブロンコビリー,東証PRM,"2,705",+32,1.2,"76,100",2026/08/18
574,574,4503,アステラス製薬(株),東証PRM,"2,310.5",+27.5,1.2,"4,808,500",2026/08/18
575,575,9682,(株)ＤＴＳ,東証PRM,"1,094",+13,1.2,"468,800",2026/08/18
576,576,556A,犬猫生活(株),東証GRT,"2,288",+27,1.19,"51,300",2026/08/18
577,577,9823,(株)マミーマートホールディングス,東証STD,"1,023",+12,1.19,"71,400",2026/08/18
578,578,4584,キッズウェル・バイオ(株),東証GRT,171,+2,1.18,"449,600",2026/08/18
579,579,8011,(株)三陽商会,東証PRM,"5,160",+60,1.18,"40,900",2026/08/18
580,580,1627,(NEXT FUNDS)電力･ガス上場投信,東証ETF,"11,645",+135,1.17,"2,273",2026/08/18
581,581,1904,大成温調(株),東証STD,"5,190",+60,1.17,"4,300",2026/08/18
582,582,2269,明治ホールディングス(株),東証PRM,"4,244",+49,1.17,"957,900",2026/08/18
583,583,2752,(株)フジオフードグループ本社,東証PRM,"1,120",+13,1.17,"80,400",2026/08/18
584,584,3280,(株)エストラスト,東証STD,950,+11,1.17,"24,100",2026/08/18
585,585,3489,(株)フェイスネットワーク,東証STD,863,+10,1.17,"104,900",2026/08/18
586,586,7033,(株)マネジメントソリューションズ,東証PRM,"1,643",+19,1.17,"203,000",2026/08/18
587,587,8174,日本瓦斯(株),東証PRM,"2,899.5",+33.5,1.17,"164,000",2026/08/18
588,588,8227,(株)しまむら,東証PRM,"3,386",+39,1.17,"1,264,100",2026/08/18
589,589,9997,(株)ベルーナ,東証PRM,"1,039",+12,1.17,"306,300",2026/08/18
590,590,2238,iFreeETF S&P500インバース,東証ETF,"5,223",+60,1.16,"7,126",2026/08/18
591,591,5955,(株)ワイズホールディングス,東証STD,87,+1,1.16,"1,092,300",2026/08/18
592,592,2674,(株)ハードオフコーポレーション,東証PRM,"2,738",+31,1.15,"82,300",2026/08/18
593,593,3138,(株)富士山マガジンサービス,東証STD,"1,145",+13,1.15,"1,300",2026/08/18
594,594,4246,ダイキョーニシカワ(株),東証PRM,"1,143",+13,1.15,"390,900",2026/08/18
595,595,9348,(株)ｉｓｐａｃｅ,東証GRT,439,+5,1.15,"1,264,800",2026/08/18
596,596,9381,(株)エーアイテイー,東証PRM,"2,365",+27,1.15,"25,500",2026/08/18
597,597,142A,(株)ジンジブ,東証GRT,800,+9,1.14,"4,900",2026/08/18
598,598,1652,iFreeETF MSCI日本株女性活躍指数(WIN),東証ETF,"5,151",+58,1.14,20,2026/08/18
599,599,2117,ウェルネオシュガー(株),東証PRM,"2,828",+32,1.14,"21,000",2026/08/18
600,600,3157,ジオリーブグループ(株),東証STD,"1,423",+16,1.14,900,2026/08/18
601,601,4057,(株)インターファクトリー,東証GRT,354,+4,1.14,"6,100",2026/08/18
602,602,7157,ライフネット生命保険(株),東証PRM,"1,502",+17,1.14,"348,100",2026/08/18
603,603,7299,フジオーゼックス(株),東証STD,"1,871",+21,1.14,"7,800",2026/08/18
604,604,9882,(株)イエローハット,東証PRM,"1,775",+20,1.14,"160,600",2026/08/18
605,605,3093,(株)トレジャー・ファクトリー,東証PRM,"2,150",+24,1.13,"108,100",2026/08/18
606,606,4299,(株)ハイマックス,東証STD,"1,248",+14,1.13,"4,700",2026/08/18
607,607,4832,ＪＦＥシステムズ(株),東証STD,"1,961",+22,1.13,"5,900",2026/08/18
608,608,6417,(株)ＳＡＮＫＹＯ,東証PRM,"1,920.5",+21.5,1.13,"846,900",2026/08/18
609,609,6469,(株)放電精密加工研究所,東証STD,"3,125",+35,1.13,"125,500",2026/08/18
610,610,7856,萩原工業(株),東証PRM,"1,885",+21,1.13,"52,400",2026/08/18
611,611,9003,相鉄ホールディングス(株),東証PRM,"2,561",+28.5,1.13,"317,800",2026/08/18
612,612,9045,京阪ホールディングス(株),東証PRM,"3,142",+35,1.13,"294,300",2026/08/18
613,613,4593,(株)ヘリオス,東証GRT,270,+3,1.12,"1,660,400",2026/08/18
614,614,5028,セカンドサイトアナリティカ(株),東証GRT,360,+4,1.12,"20,200",2026/08/18
615,615,6436,アマノ(株),東証PRM,"3,884",+43,1.12,"209,800",2026/08/18
616,616,7486,サンリン(株),東証STD,810,+9,1.12,"1,500",2026/08/18
617,617,8130,(株)サンゲツ,東証PRM,"3,165",+35,1.12,"154,200",2026/08/18
618,618,9369,(株)キユーソー流通システム,東証STD,"3,150",+35,1.12,"29,300",2026/08/18
619,619,3087,(株)ドトール・日レスホールディングス,東証PRM,"3,185",+35,1.11,"75,200",2026/08/18
620,620,4242,(株)タカギセイコー,東証STD,"1,817",+20,1.11,"1,600",2026/08/18
621,621,5122,オカモト(株),東証PRM,"6,400",+70,1.11,"24,300",2026/08/18
622,622,5132,(株)ｐｌｕｓｚｅｒｏ,東証GRT,"2,011",+22,1.11,"13,800",2026/08/18
623,623,5283,(株)高見澤,東証STD,"3,185",+35,1.11,400,2026/08/18
624,624,6317,(株)北川鉄工所,東証STD,"1,905",+21,1.11,"41,300",2026/08/18
625,625,6336,(株)石井表記,東証STD,"1,816",+20,1.11,"74,200",2026/08/18
626,626,8242,エイチ・ツー・オー　リテイリング(株),東証PRM,"2,869",+31.5,1.11,"323,900",2026/08/18
627,627,1457,iFreeETF TOPIXインバース(-1倍)指数,東証ETF,"1,747",+19,1.1,"1,237",2026/08/18
628,628,2489,(株)アドウェイズ,東証STD,369,+4,1.1,"235,400",2026/08/18
629,629,8361,(株)大垣共立銀行,東証PRM,"8,240",+90,1.1,"160,400",2026/08/18
630,630,8365,(株)富山銀行,東証STD,"2,480",+27,1.1,"1,500",2026/08/18
631,631,8383,(株)鳥取銀行,東証STD,"2,020",+22,1.1,"54,200",2026/08/18
632,632,9857,英和(株),東証STD,"2,674",+29,1.1,300,2026/08/18
633,633,2041,NEXT NOTES NYダウ･ベア･ドルヘッジ ETN,東証ETF,"1,942",+21,1.09,"1,315",2026/08/18
634,634,2831,はごろもフーズ(株),東証STD,"3,695",+40,1.09,500,2026/08/18
635,635,3067,(株)東京一番フーズ,東証STD,465,+5,1.09,"4,200",2026/08/18
636,636,4114,(株)日本触媒,東証PRM,"2,696.5",+29,1.09,"818,200",2026/08/18
637,637,1435,(株)ｒｏｂｏｔ　ｈｏｍｅ,東証STD,188,+2,1.08,"719,000",2026/08/18
638,638,3964,(株)オークネット,東証PRM,"1,501",+16,1.08,"388,900",2026/08/18
639,639,6926,岡谷電機産業(株),東証STD,188,+2,1.08,"24,500",2026/08/18
640,640,7256,河西工業(株),東証STD,468,+5,1.08,"713,600",2026/08/18
641,641,7360,(株)オンデック,東証GRT,655,+7,1.08,"1,300",2026/08/18
642,642,7679,(株)薬王堂ホールディングス,東証PRM,"1,777",+19,1.08,"47,000",2026/08/18
643,643,8030,中央魚類(株),東証STD,"3,730",+40,1.08,"1,300",2026/08/18
644,644,8194,(株)ライフコーポレーション,東証PRM,"2,613",+28,1.08,"144,000",2026/08/18
645,645,8337,(株)千葉興業銀行,東証PRM,"2,803",+30,1.08,"157,700",2026/08/18
646,646,9632,スバル興業(株),東証STD,"3,760",+40,1.08,"6,400",2026/08/18
647,647,5618,ナイル(株),東証GRT,284,+3,1.07,"2,400",2026/08/18
648,648,6029,アトラグループ(株),東証STD,189,+2,1.07,"7,500",2026/08/18
649,649,7921,(株)ＴＡＫＡＲＡ　＆　ＣＯＭＰＡＮＹ,東証PRM,"4,260",+45,1.07,"46,100",2026/08/18
650,650,9259,(株)タカヨシホールディングス,東証GRT,847,+9,1.07,"11,900",2026/08/18
651,651,9991,ジェコス(株),東証PRM,"1,791",+19,1.07,"42,300",2026/08/18
652,652,1466,iFreeETF JPX日経400ダブルインバース・インデックス,東証ETF,191,+2,1.06,429,2026/08/18
653,653,4523,エーザイ(株),東証PRM,"4,779",+50,1.06,"805,200",2026/08/18
654,654,5715,古河機械金属(株),東証PRM,"4,300",+45,1.06,"360,100",2026/08/18
655,655,9987,(株)スズケン,東証PRM,"5,038",+53,1.06,"146,900",2026/08/18
656,656,9994,(株)やまや,東証STD,"2,106",+22,1.06,"27,800",2026/08/18
657,657,149A,(株)シンカ,東証GRT,770,+8,1.05,"3,400",2026/08/18
658,658,2172,(株)インサイト,札証,385,+4,1.05,600,2026/08/18
659,659,2664,(株)カワチ薬品,東証PRM,"3,850",+40,1.05,"139,200",2026/08/18
660,660,2805,ヱスビー食品(株),東証STD,"6,740",+70,1.05,"51,500",2026/08/18
661,661,3537,昭栄薬品(株),東証STD,"1,729",+18,1.05,"1,400",2026/08/18
662,662,3577,東海染工(株),東証STD,959,+10,1.05,800,2026/08/18
663,663,3877,中越パルプ工業(株),東証PRM,"2,219",+23,1.05,"51,100",2026/08/18
664,664,4838,スペースシャワーＳＫＩＹＡＫＩホールディングス(株),東証STD,676,+7,1.05,"50,100",2026/08/18
665,665,7545,(株)西松屋チェーン,東証PRM,"2,017",+21,1.05,"1,278,300",2026/08/18
666,666,8032,日本紙パルプ商事(株),東証PRM,"1,250",+13,1.05,"206,000",2026/08/18
667,667,9218,(株)メンタルヘルステクノロジーズ,東証GRT,769,+8,1.05,"13,200",2026/08/18
668,668,1569,TOPIXベア上場投信,東証ETF,730,+7.5,1.04,"16,900",2026/08/18
669,669,1718,美樹工業(株),東証STD,"6,790",+70,1.04,"5,800",2026/08/18
670,670,4445,リビン・テクノロジーズ(株),東証GRT,"1,841",+19,1.04,500,2026/08/18
671,671,4446,Ｌｉｎｋ－Ｕグループ(株),東証STD,877,+9,1.04,"129,200",2026/08/18
672,672,4544,Ｈ．Ｕ．グループホールディングス(株),東証PRM,"3,579",+37,1.04,"165,300",2026/08/18
673,673,7074,(株)トゥエンティーフォーセブンホールディングス,東証GRT,195,+2,1.04,"11,700",2026/08/18
674,674,7504,(株)高速,東証PRM,"4,870",+50,1.04,"81,100",2026/08/18
675,675,3180,(株)ビューティガレージ,東証PRM,"1,567",+16,1.03,"27,900",2026/08/18
676,676,4447,(株)ピー・ビーシステムズ,東証GRT,492,+5,1.03,"8,100",2026/08/18
677,677,4709,(株)ＩＤホールディングス,東証PRM,"1,084",+11,1.03,"48,500",2026/08/18
678,678,6484,(株)ＫＶＫ,東証STD,"2,249",+23,1.03,"1,600",2026/08/18
679,679,7914,共同印刷(株),東証PRM,"1,760",+18,1.03,"112,000",2026/08/18
680,680,1573,中国H株ベア上場投信,東証ETF,"8,340",+84,1.02,390,2026/08/18
681,681,3358,Ｔｒａｉｌｈｅａｄ　Ｇｌｏｂａｌ　Ｈｏｌｄｉｎｇｓ(株),東証STD,99,+1,1.02,"387,200",2026/08/18
682,682,3802,(株)エコミック,東証STD,497,+5,1.02,"1,900",2026/08/18
683,683,4362,日本精化(株),東証PRM,"2,678",+27,1.02,"17,000",2026/08/18
684,684,5248,(株)テクノロジーズ,東証GRT,494,+5,1.02,"20,300",2026/08/18
685,685,8698,マネックスグループ(株),東証PRM,693,+7,1.02,"1,343,800",2026/08/18
686,686,1433,ベステラ(株),東証PRM,"1,202",+12,1.01,"56,500",2026/08/18
687,687,2384,ＳＢＳホールディングス(株),東証PRM,"4,985",+50,1.01,"60,800",2026/08/18
688,688,2656,(株)ベクターホールディングス,東証STD,200,+2,1.01,"543,300",2026/08/18
689,689,3543,(株)コメダホールディングス,東証PRM,"2,910",+29,1.01,"294,100",2026/08/18
690,690,6238,フリュー(株),東証PRM,"1,401",+14,1.01,"120,800",2026/08/18
691,691,7057,(株)エヌ・シー・エヌ,東証STD,899,+9,1.01,"1,300",2026/08/18
692,692,9324,安田倉庫(株),東証PRM,"2,597",+26,1.01,"104,700",2026/08/18
693,693,3306,日本製麻(株),東証STD,608,+6,1.0,"46,100",2026/08/18
694,694,4493,(株)サイバーセキュリティクラウド,東証GRT,"1,921",+19,1.0,"129,800",2026/08/18
695,695,4507,塩野義製薬(株),東証PRM,"2,831",+28,1.0,"2,106,300",2026/08/18
696,696,7241,フタバ産業(株),東証PRM,"1,108",+11,1.0,"208,200",2026/08/18
697,697,8111,(株)ゴールドウイン,東証PRM,"2,119",+21,1.0,"633,600",2026/08/18
698,698,9076,セイノーホールディングス(株),東証PRM,"2,827",+28,1.0,"361,500",2026/08/18
699,699,2811,カゴメ(株),東証PRM,"2,654",+26,0.99,"629,700",2026/08/18
700,700,3431,宮地エンジニアリンググループ(株),東証PRM,"1,636",+16,0.99,"95,500",2026/08/18
701,701,4735,(株)京進,東証STD,306,+3,0.99,"2,200",2026/08/18
702,702,6849,日本光電,東証PRM,"1,472.5",+14.5,0.99,"734,700",2026/08/18
703,703,8061,西華産業(株),東証PRM,"3,070",+30,0.99,"196,500",2026/08/18
704,704,8524,(株)北洋銀行,東証PRM,"1,324",+13,0.99,"2,045,600",2026/08/18
705,705,8746,ｕｎｂａｎｋｅｄ(株),東証STD,102,+1,0.99,"118,200",2026/08/18
706,706,9509,北海道電力(株),東証PRM,"1,067.5",+10.5,0.99,"1,835,100",2026/08/18
707,707,2768,双日(株),東証PRM,"5,655",+55,0.98,"863,600",2026/08/18
708,708,5933,アルインコ(株),東証PRM,"1,133",+11,0.98,"30,700",2026/08/18
709,709,6995,(株)東海理化,東証PRM,"3,100",+30,0.98,"88,800",2026/08/18
710,710,1375,ユキグニファクトリー(株),東証PRM,"1,144",+11,0.97,"35,200",2026/08/18
711,711,3137,(株)ファンデリー,東証STD,209,+2,0.97,"20,900",2026/08/18
712,712,4743,(株)アイティフォー,東証PRM,"1,673",+16,0.97,"106,200",2026/08/18
713,713,7975,(株)リヒトラブ,東証STD,"1,144",+11,0.97,900,2026/08/18
714,714,9022,東海旅客鉄道(株),東証PRM,"3,833",+37,0.97,"1,810,300",2026/08/18
715,715,9856,(株)ケーユーホールディングス,東証STD,"1,250",+12,0.97,"53,100",2026/08/18
716,716,3066,(株)ＪＢイレブン,名証MN,634,+6,0.96,"3,800",2026/08/18
717,717,3071,(株)ストリーム,東証STD,105,+1,0.96,"23,700",2026/08/18
718,718,7236,(株)ティラド,東証PRM,"1,581",+15,0.96,"275,700",2026/08/18
719,719,7421,カッパ・クリエイト(株),東証PRM,"1,581",+15,0.96,"57,800",2026/08/18
720,720,7554,(株)幸楽苑,東証PRM,"1,154",+11,0.96,"68,800",2026/08/18
721,721,9052,山陽電気鉄道(株),東証PRM,"2,008",+19,0.96,"52,200",2026/08/18
722,722,9416,(株)ビジョン,東証PRM,"1,053",+10,0.96,"474,200",2026/08/18
723,723,9906,藤井産業(株),東証STD,"4,215",+40,0.96,"3,700",2026/08/18
724,724,1484,One ETF JPX/S&P 設備･人材投資指数,東証ETF,"3,838",+36,0.95,100,2026/08/18
725,725,609A,GX 総合商社&資源ビジネス-日本株式,東証ETF,"1,062",+10,0.95,"33,853",2026/08/18
726,726,7047,ポート(株),東証GRT,"2,240",+21,0.95,"270,700",2026/08/18
727,727,7897,ホクシン(株),東証STD,106,+1,0.95,"86,600",2026/08/18
728,728,8864,空港施設(株),東証STD,955,+9,0.95,"50,300",2026/08/18
729,729,3491,(株)ＧＡ　ｔｅｃｈｎｏｌｏｇｉｅｓ,東証GRT,"1,500",+14,0.94,"158,900",2026/08/18
730,730,5975,東プレ(株),東証PRM,"3,220",+30,0.94,"265,700",2026/08/18
731,731,7201,日産自動車(株),東証PRM,333.3,+3.1,0.94,"21,718,300",2026/08/18
732,732,8088,岩谷産業(株),東証PRM,"2,265",+21,0.94,"698,500",2026/08/18
733,733,2108,日本甜菜製糖(株),東証PRM,"5,430",+50,0.93,"20,900",2026/08/18
734,734,5139,オープンワーク(株),東証GRT,972,+9,0.93,"17,400",2026/08/18
735,735,5285,(株)ヤマックス,東証STD,"1,410",+13,0.93,"42,100",2026/08/18
736,736,5965,(株)フジマック,東証STD,"1,196",+11,0.93,"2,800",2026/08/18
737,737,6034,ＭＲＴ(株),東証GRT,650,+6,0.93,"2,600",2026/08/18
738,738,6731,(株)ピクセラ,東証STD,109,+1,0.93,"21,600",2026/08/18
739,739,8129,東邦ホールディングス(株),東証PRM,"3,900",+36,0.93,"151,100",2026/08/18
740,740,8165,(株)千趣会,東証STD,109,+1,0.93,"102,400",2026/08/18
741,741,8336,(株)武蔵野銀行,東証PRM,"2,816",+26,0.93,"261,300",2026/08/18
742,742,8622,水戸証券(株),東証PRM,867,+8,0.93,"269,700",2026/08/18
743,743,9729,(株)トーカイ,東証PRM,"2,509",+23,0.93,"20,700",2026/08/18
744,744,2281,プリマハム(株),東証PRM,"2,412",+22,0.92,"105,500",2026/08/18
745,745,2351,(株)ＡＳＪ,東証STD,330,+3,0.92,"2,700",2026/08/18
746,746,3031,(株)ラクーンホールディングス,東証PRM,656,+6,0.92,"63,800",2026/08/18
747,747,4337,ぴあ(株),東証PRM,"2,747",+25,0.92,"23,200",2026/08/18
748,748,4829,日本エンタープライズ(株),東証STD,110,+1,0.92,"151,300",2026/08/18
749,749,5909,(株)コロナ,東証STD,991,+9,0.92,"9,300",2026/08/18
750,750,5984,兼房(株),東証STD,770,+7,0.92,"5,800",2026/08/18
751,751,8152,ソマール(株),東証STD,"7,670",+70,0.92,300,2026/08/18
752,752,9241,(株)フューチャーリンクネットワーク,東証GRT,"1,533",+14,0.92,"1,300",2026/08/18
753,753,9974,(株)ベルク,東証PRM,"6,600",+60,0.92,"32,800",2026/08/18
754,754,2627,GX eコマース-日本株式,東証ETF,"1,559",+14,0.91,157,2026/08/18
755,755,3943,大石産業(株),東証STD,"1,337",+12,0.91,"3,000",2026/08/18
756,756,4112,保土谷化学工業(株),東証PRM,"2,331",+21,0.91,"47,500",2026/08/18
757,757,4450,(株)パワーソリューションズ,東証GRT,"2,220",+20,0.91,"2,400",2026/08/18
758,758,6412,(株)平和,東証PRM,"2,209",+20,0.91,"281,400",2026/08/18
759,759,6637,寺崎電気産業(株),東証STD,"4,415",+40,0.91,"46,800",2026/08/18
760,760,8233,(株)高島屋,東証PRM,"2,265.5",+20.5,0.91,"1,166,000",2026/08/18
761,761,8628,松井証券(株),東証PRM,"1,106",+10,0.91,"727,300",2026/08/18
762,762,8714,(株)池田泉州ホールディングス,東証PRM,"1,113",+10,0.91,"1,025,500",2026/08/18
763,763,8996,(株)ハウスフリーダム,東証STD,"1,109",+10,0.91,"1,500",2026/08/18
764,764,9049,京福電気鉄道(株),東証STD,"6,660",+60,0.91,700,2026/08/18
765,765,9740,ＣＳＰ,東証PRM,"2,783",+25,0.91,"26,200",2026/08/18
766,766,9828,(株)Ｇｅｎｋｉ　Ｇｌｏｂａｌ　Ｄｉｎｉｎｇ　Ｃｏｎｃｅｐｔｓ,東証STD,"3,325",+30,0.91,"71,200",2026/08/18
767,767,3148,(株)クリエイトＳＤホールディングス,東証PRM,"3,375",+30,0.9,"95,200",2026/08/18
768,768,3639,(株)ボルテージ,東証STD,225,+2,0.9,"7,800",2026/08/18
769,769,4031,片倉コープアグリ(株),東証STD,"1,124",+10,0.9,"36,700",2026/08/18
770,770,4958,長谷川香料(株),東証PRM,"3,350",+30,0.9,"44,500",2026/08/18
771,771,9251,(株)ＡＢ＆Ｃｏｍｐａｎｙ,東証GRT,"1,450",+13,0.9,"40,600",2026/08/18
772,772,9301,三菱倉庫(株),東証PRM,"1,512",+13.5,0.9,"1,289,000",2026/08/18
773,773,3191,(株)ジョイフル本田,東証PRM,"2,278",+20,0.89,"115,400",2026/08/18
774,774,3912,(株)モバイルファクトリー,東証STD,"1,130",+10,0.89,"4,500",2026/08/18
775,775,4151,協和キリン(株),東証PRM,"2,564",+22.5,0.89,"926,600",2026/08/18
776,776,8144,(株)デンキョーグループホールディングス,東証STD,"1,247",+11,0.89,"5,100",2026/08/18
777,777,1762,(株)高松コンストラクショングループ,東証PRM,"3,995",+35,0.88,"39,000",2026/08/18
778,778,3647,(株)アスリナ,東証STD,114,+1,0.88,"98,700",2026/08/18
779,779,435A,iFreeETF 日本株配当ローテーション戦略,東証ETF,"2,744",+24,0.88,"96,894",2026/08/18
780,780,6190,(株)フェニックスバイオ,東証GRT,343,+3,0.88,"1,900",2026/08/18
781,781,7865,ピープル(株),東証STD,343,+3,0.88,800,2026/08/18
782,782,7986,日本アイ・エス・ケイ(株),東証STD,"1,950",+17,0.88,"2,400",2026/08/18
783,783,9514,(株)エフオン,東証STD,344,+3,0.88,"87,500",2026/08/18
784,784,2138,クルーズ(株),東証STD,463,+4,0.87,"24,300",2026/08/18
785,785,4536,参天製薬(株),東証PRM,"1,916",+16.5,0.87,"759,700",2026/08/18
786,786,6433,ヒーハイスト(株),東証STD,"1,039",+9,0.87,"82,400",2026/08/18
787,787,7813,(株)プラッツ,東証STD,809,+7,0.87,"4,200",2026/08/18
788,788,1879,新日本建設(株),東証PRM,"2,334",+20,0.86,"139,600",2026/08/18
789,789,2464,(株)Ａｏｂａ－ＢＢＴ,東証STD,350,+3,0.86,"18,200",2026/08/18
790,790,4088,エア・ウォーター(株),東証PRM,"2,571",+22,0.86,"637,000",2026/08/18
791,791,4559,ゼリア新薬工業(株),東証PRM,"2,112",+18,0.86,"75,800",2026/08/18
792,792,5982,(株)マルゼン,東証STD,"4,125",+35,0.86,"3,700",2026/08/18
793,793,9466,(株)アイドママーケティングコミュニケーション,東証STD,234,+2,0.86,"4,200",2026/08/18
794,794,1379,ホクト(株),東証PRM,"2,024",+17,0.85,"81,900",2026/08/18
795,795,3077,ホリイフードサービス(株),東証STD,951,+8,0.85,"22,300",2026/08/18
796,796,4997,日本農薬(株),東証PRM,"1,190",+10,0.85,"151,300",2026/08/18
797,797,5035,ＨＯＵＳＥＩ(株),東証GRT,358,+3,0.85,"2,800",2026/08/18
798,798,5830,(株)いよぎんホールディングス,東証PRM,"4,039",+34,0.85,"917,300",2026/08/18
799,799,7122,近畿車輛(株),東証STD,"2,382",+20,0.85,"4,600",2026/08/18
800,800,7284,盟和産業(株),東証STD,"1,185",+10,0.85,"1,200",2026/08/18
801,801,9832,(株)オートバックスセブン,東証PRM,"1,538",+13,0.85,"116,900",2026/08/18
802,802,2003,日東富士製粉(株),東証STD,"1,791",+15,0.84,"21,600",2026/08/18
803,803,3758,(株)アエリア,東証STD,241,+2,0.84,"12,000",2026/08/18
804,804,3848,(株)データ・アプリケーション,東証STD,840,+7,0.84,"1,800",2026/08/18
805,805,7277,(株)ＴＢＫ,東証STD,362,+3,0.84,"36,300",2026/08/18
806,806,7874,レック(株),東証PRM,965,+8,0.84,"87,400",2026/08/18
807,807,2349,(株)エヌアイデイ,東証STD,"2,538",+21,0.83,700,2026/08/18
808,808,3402,東レ(株),東証PRM,"1,344",+11,0.83,"3,472,600",2026/08/18
809,809,3461,(株)パルマ,東証STD,605,+5,0.83,"2,100",2026/08/18
810,810,4005,住友化学(株),東証PRM,532.4,+4.4,0.83,"10,819,600",2026/08/18
811,811,5288,アジアパイルホールディングス(株),東証PRM,"1,578",+13,0.83,"233,500",2026/08/18
812,812,5949,ユニプレス(株),東証PRM,"1,329",+11,0.83,"104,000",2026/08/18
813,813,6543,(株)日宣,東証STD,"1,215",+10,0.83,"1,700",2026/08/18
814,814,6737,ＥＩＺＯ(株),東証PRM,"3,045",+25,0.83,"144,100",2026/08/18
815,815,7198,ＳＢＩアルヒ(株),東証PRM,849,+7,0.83,"112,300",2026/08/18
816,816,1309,(NEXT FUNDS)ChinaAMC・中国株式・上証50,東証ETF,"55,500",+450,0.82,12,2026/08/18
817,817,2043,NEXT NOTES STOXX アセアン好配当50(円、NR)ETN,東証ETF,"30,600",+250,0.82,1,2026/08/18
818,818,2331,ＡＬＳＯＫ(株),東証PRM,"1,164.5",+9.5,0.82,"924,100",2026/08/18
819,819,3048,(株)ビックカメラ,東証PRM,"1,730",+14,0.82,"952,200",2026/08/18
820,820,4018,(株)Ｇｅｏｌｏｃａｔｉｏｎ　Ｔｅｃｈｎｏｌｏｇｙ,福岡Q,987,+8,0.82,"1,000",2026/08/18
821,821,438A,(株)インフキュリオン,東証GRT,987,+8,0.82,"256,400",2026/08/18
822,822,4623,(株)アサヒペン,東証STD,"1,840",+15,0.82,"5,600",2026/08/18
823,823,6022,(株)赤阪鐵工所,東証STD,"2,690",+22,0.82,"2,200",2026/08/18
824,824,7246,プレス工業(株),東証PRM,989,+8,0.82,"307,400",2026/08/18
825,825,7512,イオン北海道(株),東証STD,856,+7,0.82,"153,700",2026/08/18
826,826,7780,(株)メニコン,東証PRM,"1,973",+16,0.82,"302,600",2026/08/18
827,827,7939,(株)研創,東証STD,613,+5,0.82,700,2026/08/18
828,828,8071,東海エレクトロニクス(株),名証MN,"2,950",+24,0.82,200,2026/08/18
829,829,8559,(株)豊和銀行,福証,490,+4,0.82,"29,200",2026/08/18
830,830,3388,明治電機工業(株),東証PRM,"2,119",+17,0.81,"21,300",2026/08/18
831,831,3719,ＡＩストーム(株),東証STD,124,+1,0.81,"525,700",2026/08/18
832,832,3753,(株)フライトソリューションズ,東証STD,248,+2,0.81,"498,400",2026/08/18
833,833,5257,ノバシステム(株),東証STD,"2,735",+22,0.81,"8,500",2026/08/18
834,834,7278,(株)エクセディ,東証PRM,"6,240",+50,0.81,"130,100",2026/08/18
835,835,7505,扶桑電通(株),東証STD,"2,113",+17,0.81,"18,800",2026/08/18
836,836,7990,グローブライド(株),東証PRM,"2,490",+20,0.81,"145,400",2026/08/18
837,837,8439,東京センチュリー(株),東証PRM,"2,540",+20.5,0.81,"505,400",2026/08/18
838,838,9351,東洋埠頭(株),東証STD,"1,869",+15,0.81,"11,400",2026/08/18
839,839,4293,(株)セプテーニ・ホールディングス,東証STD,507,+4,0.8,"237,500",2026/08/18
840,840,4920,(株)日本色材工業研究所,東証STD,"1,131",+9,0.8,900,2026/08/18
841,841,5302,日本カーボン(株),東証PRM,"5,060",+40,0.8,"59,200",2026/08/18
842,842,549A,ヒトトヒトホールディングス(株),東証STD,507,+4,0.8,"44,100",2026/08/18
843,843,6257,(株)藤商事,東証STD,"1,009",+8,0.8,"21,500",2026/08/18
844,844,6347,(株)プラコー,東証STD,251,+2,0.8,"21,100",2026/08/18
845,845,6757,(株)ＯＳＧコーポレーション,東証STD,887,+7,0.8,"2,600",2026/08/18
846,846,7611,(株)ハイデイ日高,東証PRM,"2,911",+23,0.8,"314,400",2026/08/18
847,847,8101,(株)ＧＳＩクレオス,東証PRM,"2,759",+22,0.8,"34,700",2026/08/18
848,848,8219,青山商事(株),東証PRM,756,+6,0.8,"394,600",2026/08/18
849,849,8260,(株)井筒屋,東証STD,378,+3,0.8,"20,200",2026/08/18
850,850,8341,(株)七十七銀行,東証PRM,"3,912",+31,0.8,"749,100",2026/08/18
851,851,153A,(株)カウリス,東証GRT,"1,409",+11,0.79,"94,300",2026/08/18
852,852,2240,上場インデックスファンドS&P500先物インバース,東証ETF,"5,249",+41,0.79,146,2026/08/18
853,853,2296,伊藤ハム米久ホールディングス(株),東証PRM,"5,100",+40,0.79,"96,600",2026/08/18
854,854,2819,エバラ食品工業(株),東証STD,"2,548",+20,0.79,"16,900",2026/08/18
855,855,2930,(株)北の達人コーポレーション,東証PRM,127,+1,0.79,"301,000",2026/08/18
856,856,3349,(株)コスモス薬品,東証PRM,"6,406",+50,0.79,"274,500",2026/08/18
857,857,3940,(株)ノムラシステムコーポレーション,東証STD,128,+1,0.79,"200,000",2026/08/18
858,858,447A,ステート・ストリート・スパイダー ゴールド ETF(H無),東証ETF,281,+2.2,0.79,"112,900",2026/08/18
859,859,4733,(株)オービックビジネスコンサルタント,東証PRM,"8,063",+63,0.79,"249,800",2026/08/18
860,860,5194,相模ゴム工業(株),東証STD,640,+5,0.79,"5,800",2026/08/18
861,861,7138,(株)ＴＯＲＩＣＯ,東証GRT,127,+1,0.79,"135,100",2026/08/18
862,862,7814,(株)日本創発グループ,東証STD,634,+5,0.79,"14,000",2026/08/18
863,863,8147,(株)トミタ,東証STD,"1,410",+11,0.79,"1,000",2026/08/18
864,864,8844,(株)コスモスイニシア,東証STD,"1,270",+10,0.79,"52,400",2026/08/18
865,865,9795,(株)ステップ,東証PRM,"2,288",+18,0.79,"22,200",2026/08/18
866,866,9842,アークランズ(株),東証PRM,"1,921",+15,0.79,"264,500",2026/08/18
867,867,2036,NEXT NOTES 金先物 ダブル・ブル ETN,東証ETF,"168,500","+1,300",0.78,"7,724",2026/08/18
868,868,2060,フィード・ワン(株),東証PRM,"1,413",+11,0.78,"123,600",2026/08/18
869,869,2158,(株)ＦＲＯＮＴＥＯ,東証GRT,649,+5,0.78,"257,100",2026/08/18
870,870,2702,日本マクドナルドホールディングス(株),東証STD,"7,780",+60,0.78,"667,400",2026/08/18
871,871,3443,川田テクノロジーズ(株),東証PRM,"1,426",+11,0.78,"347,400",2026/08/18
872,872,4534,持田製薬(株),東証PRM,"3,220",+25,0.78,"35,800",2026/08/18
873,873,6493,(株)ＮＩＴＴＡＮ,東証STD,517,+4,0.78,"46,000",2026/08/18
874,874,8338,(株)筑波銀行,東証PRM,775,+6,0.78,"2,106,800",2026/08/18
875,875,1489,(NEXT FUNDS)日経平均高配当株50指数連動型ETF,東証ETF,"3,533",+27,0.77,"332,634",2026/08/18
876,876,2013,iシェアーズ 米国高配当株 ETF,東証ETF,313.5,+2.4,0.77,"120,950",2026/08/18
877,877,4526,理研ビタミン(株),東証PRM,"3,275",+25,0.77,"43,400",2026/08/18
878,878,5741,(株)ＵＡＣＪ,東証PRM,"2,473",+19,0.77,"1,425,400",2026/08/18
879,879,7044,(株)ピアラ,東証STD,521,+4,0.77,"9,100",2026/08/18
880,880,8700,丸八証券(株),東証STD,"1,965",+15,0.77,"4,900",2026/08/18
881,881,9059,カンダホールディングス(株),東証STD,915,+7,0.77,"2,500",2026/08/18
882,882,9531,東京ガス(株),東証PRM,"6,051",+46,0.77,"812,700",2026/08/18
883,883,3903,(株)ｇｕｍｉ,東証PRM,264,+2,0.76,"608,000",2026/08/18
884,884,4475,ＨＥＮＮＧＥ(株),東証GRT,"1,466",+11,0.76,"369,200",2026/08/18
885,885,4615,神東塗料(株),東証STD,132,+1,0.76,"49,000",2026/08/18
886,886,4792,山田コンサルティンググループ(株),東証PRM,"1,723",+13,0.76,"18,100",2026/08/18
887,887,4956,コニシ(株),東証PRM,"1,459",+11,0.76,"59,900",2026/08/18
888,888,6547,(株)グリーンズ,東証STD,"2,000",+15,0.76,"71,600",2026/08/18
889,889,7242,カヤバ(株),東証PRM,"4,640",+35,0.76,"66,000",2026/08/18
890,890,7255,(株)桜井製作所,東証STD,529,+4,0.76,"2,400",2026/08/18
891,891,7259,(株)アイシン,東証PRM,"2,258",+17,0.76,"1,634,300",2026/08/18
892,892,7313,テイ・エス　テック(株),東証PRM,"1,844.5",+14,0.76,"210,100",2026/08/18
893,893,3496,(株)アズーム,東証PRM,"4,730",+35,0.75,"63,800",2026/08/18
894,894,3939,(株)カナミックネットワーク,東証PRM,534,+4,0.75,"189,100",2026/08/18
895,895,431A,ユーソナー(株),東証GRT,"2,156",+16,0.75,"33,900",2026/08/18
896,896,4442,バルテス・ホールディングス(株),東証GRT,402,+3,0.75,"35,100",2026/08/18
897,897,4527,ロート製薬(株),東証PRM,"2,770.5",+20.5,0.75,"672,700",2026/08/18
898,898,4650,ＳＤエンターテイメント(株),東証STD,269,+2,0.75,"2,300",2026/08/18
899,899,5162,(株)朝日ラバー,東証STD,805,+6,0.75,"1,100",2026/08/18
900,900,6772,東京コスモス電機(株),東証STD,"1,068",+8,0.75,"1,400",2026/08/18
901,901,8308,(株)りそなホールディングス,東証PRM,"2,500",+18.5,0.75,"9,724,500",2026/08/18
902,902,8344,(株)山形銀行,東証PRM,"4,690",+35,0.75,"107,700",2026/08/18
903,903,8388,(株)阿波銀行,東証PRM,"9,460",+70,0.75,"124,900",2026/08/18
904,904,1807,(株)佐藤渡辺,東証STD,"1,914",+14,0.74,"1,400",2026/08/18
905,905,4318,(株)クイック,東証PRM,821,+6,0.74,"125,800",2026/08/18
906,906,4512,わかもと製薬(株),東証STD,274,+2,0.74,"16,800",2026/08/18
907,907,554A,(株)バトンズ,東証GRT,"1,488",+11,0.74,"23,600",2026/08/18
908,908,5592,(株)くすりの窓口,東証GRT,"2,730",+20,0.74,"107,000",2026/08/18
909,909,5845,全保連(株),東証STD,"1,226",+9,0.74,"25,800",2026/08/18
910,910,7222,日産車体(株),東証STD,957,+7,0.74,"77,600",2026/08/18
911,911,7463,(株)アドヴァングループ,東証STD,953,+7,0.74,"21,400",2026/08/18
912,912,8613,丸三証券(株),東証PRM,"1,218",+9,0.74,"134,600",2026/08/18
913,913,9009,京成電鉄(株),東証PRM,"1,289.5",+9.5,0.74,"1,465,700",2026/08/18
914,914,1684,WisdomTree ブロード上場投信,東証ETF,"2,560.5",+18.5,0.73,940,2026/08/18
915,915,3333,(株)あさひ,東証PRM,"1,381",+10,0.73,"280,600",2026/08/18
916,916,4620,藤倉化成(株),東証STD,969,+7,0.73,"105,400",2026/08/18
917,917,5461,中部鋼鈑(株),東証PRM,"2,081",+15,0.73,"71,200",2026/08/18
918,918,5976,ネツレン,東証PRM,"1,515",+11,0.73,"88,100",2026/08/18
919,919,6365,(株)電業社機械製作所,東証STD,"5,550",+40,0.73,700,2026/08/18
920,920,8421,信金中央金庫,東証,"194,400","+1,400",0.73,544,2026/08/18
921,921,9742,(株)アイネス,東証PRM,"2,357",+17,0.73,"17,200",2026/08/18
922,922,2179,(株)成学社,東証STD,841,+6,0.72,"10,100",2026/08/18
923,923,2531,宝ホールディングス(株),東証PRM,"2,106.5",+15,0.72,"375,100",2026/08/18
924,924,6332,月島ホールディングス(株),東証PRM,"2,803",+20,0.72,"86,700",2026/08/18
925,925,6846,(株)中央製作所,名証MN,"1,400",+10,0.72,400,2026/08/18
926,926,7971,東リ(株),東証STD,697,+5,0.72,"97,600",2026/08/18
927,927,8742,(株)小林洋行,東証STD,560,+4,0.72,"3,300",2026/08/18
928,928,9433,ＫＤＤＩ(株),東証PRM,"2,854",+20.5,0.72,"7,077,400",2026/08/18
929,929,9702,(株)アイ・エス・ビー,東証PRM,"2,526",+18,0.72,"48,200",2026/08/18
930,930,2122,(株)インタースペース,東証STD,"1,421",+10,0.71,"4,000",2026/08/18
931,931,3569,セーレン(株),東証PRM,"3,530",+25,0.71,"199,000",2026/08/18
932,932,6072,地盤ネットホールディングス(株),東証STD,"1,142",+8,0.71,"516,100",2026/08/18
933,933,7887,南海プライウッド(株),東証STD,"1,566",+11,0.71,"3,200",2026/08/18
934,934,8367,(株)南都銀行,東証PRM,"1,976",+14,0.71,"391,000",2026/08/18
935,935,9476,(株)中央経済社ホールディングス,東証STD,992,+7,0.71,200,2026/08/18
936,936,9708,(株)帝国ホテル,東証STD,989,+7,0.71,"108,300",2026/08/18
937,937,1689,WisdomTree 天然ガス上場投信,東証ETF,715,+5,0.7,"40,402",2026/08/18
938,938,2127,(株)日本Ｍ＆Ａセンターホールディングス,東証PRM,660,+4.6,0.7,"1,190,100",2026/08/18
939,939,2404,(株)鉄人化ホールディングス,東証STD,574,+4,0.7,"20,100",2026/08/18
940,940,3375,(株)ＺＯＡ,東証STD,"1,727",+12,0.7,400,2026/08/18
941,941,4783,ＮＣＤ(株),東証STD,"2,605",+18,0.7,"10,900",2026/08/18
942,942,4893,ノイルイミューン・バイオテック(株),東証GRT,143,+1,0.7,"102,300",2026/08/18
943,943,520A,ジェイファーマ(株),東証GRT,288,+2,0.7,"17,300",2026/08/18
944,944,586A,(NEXT FUNDS) 日経エンタメ・コンテンツ株指数,東証ETF,245,+1.7,0.7,"659,740",2026/08/18
945,945,5929,三和ホールディングス(株),東証PRM,"3,577",+25,0.7,"483,500",2026/08/18
946,946,6200,(株)インソース,東証PRM,719,+5,0.7,"450,400",2026/08/18
947,947,6902,(株)デンソー,東証PRM,"1,933.5",+13.5,0.7,"6,398,800",2026/08/18
948,948,7532,(株)パン・パシフィック・インターナショナルホールディングス,東証PRM,915.5,+6.4,0.7,"15,874,400",2026/08/18
949,949,8346,(株)東邦銀行,東証PRM,"1,009",+7,0.7,"857,800",2026/08/18
950,950,9008,京王電鉄(株),東証PRM,763.4,+5.3,0.7,"1,507,000",2026/08/18
951,951,1319,(NEXT FUNDS)日経300株価指数連動型上場投信,東証ETF,784.4,+5.4,0.69,"2,000",2026/08/18
952,952,4290,(株)プレステージ・インターナショナル,東証PRM,725,+5,0.69,"400,300",2026/08/18
953,953,4484,ランサーズ(株),東証GRT,290,+2,0.69,"10,100",2026/08/18
954,954,5578,ＡＲアドバンストテクノロジ(株),東証GRT,873,+6,0.69,"38,100",2026/08/18
955,955,6539,(株)ＭＳ－Ｊａｐａｎ,東証PRM,"1,015",+7,0.69,"57,600",2026/08/18
956,956,6730,(株)アクセル,東証STD,"1,171",+8,0.69,"36,300",2026/08/18
957,957,7446,東北化学薬品(株),東証STD,"4,360",+30,0.69,300,2026/08/18
958,958,7868,(株)広済堂ホールディングス,東証PRM,581,+4,0.69,"663,000",2026/08/18
959,959,7932,(株)ニッピ,東証STD,"11,720",+80,0.69,"3,600",2026/08/18
960,960,8278,(株)フジ,東証PRM,"2,029",+14,0.69,"107,600",2026/08/18
961,961,9564,(株)ＦＣＥ,東証STD,582,+4,0.69,"50,200",2026/08/18
962,962,2499,日本和装ホールディングス(株),東証STD,295,+2,0.68,"1,200",2026/08/18
963,963,2847,GX 新成長インフラ-日本株式,東証ETF,"3,100",+21,0.68,423,2026/08/18
964,964,3549,(株)クスリのアオキホールディングス,東証STD,"4,014",+27,0.68,"226,000",2026/08/18
965,965,3844,コムチュア(株),東証PRM,"1,326",+9,0.68,"417,400",2026/08/18
966,966,7596,(株)魚力,東証PRM,"2,352",+16,0.68,"13,500",2026/08/18
967,967,8185,(株)チヨダ,東証PRM,"1,039",+7,0.68,"168,700",2026/08/18
968,968,3775,(株)ガイアックス,名証NXT,453,+3,0.67,"3,200",2026/08/18
969,969,475A,(株)ギミック,東証STD,597,+4,0.67,"5,100",2026/08/18
970,970,7305,新家工業(株),東証STD,"2,710",+18,0.67,"17,700",2026/08/18
971,971,7326,ＳＢＩインシュアランスグループ(株),東証GRT,"2,114",+14,0.67,"10,700",2026/08/18
972,972,208A,(株)構造計画研究所ホールディングス,東証STD,"3,040",+20,0.66,"16,700",2026/08/18
973,973,3580,小松マテーレ(株),東証PRM,757,+5,0.66,"115,000",2026/08/18
974,974,4538,扶桑薬品工業(株),東証PRM,"2,299",+15,0.66,"23,300",2026/08/18
975,975,6229,(株)オーケーエム,東証STD,"1,525",+10,0.66,"20,000",2026/08/18
976,976,6460,セガサミーホールディングス(株),東証PRM,"2,748",+18,0.66,"610,100",2026/08/18
977,977,8016,(株)オンワードホールディングス,東証PRM,766,+5,0.66,"575,700",2026/08/18
978,978,8091,ニチモウ(株),東証PRM,"2,427",+16,0.66,"9,700",2026/08/18
979,979,9658,(株)ビジネスブレイン太田昭和,東証PRM,"1,063",+7,0.66,"84,200",2026/08/18
980,980,1852,(株)淺沼組,東証PRM,926,+6,0.65,"579,500",2026/08/18
981,981,2164,(株)地域新聞社,東証STD,154,+1,0.65,"7,400",2026/08/18
982,982,3109,シキボウ(株),東証PRM,"1,083",+7,0.65,"64,000",2026/08/18
983,983,3815,(株)メディア工房,東証GRT,464,+3,0.65,"6,400",2026/08/18
984,984,4068,ベイシス(株),東証GRT,"1,695",+11,0.65,"1,300",2026/08/18
985,985,5918,瀧上工業(株),東証STD,"7,700",+50,0.65,100,2026/08/18
986,986,7096,(株)ステムセル研究所,東証GRT,773,+5,0.65,"10,200",2026/08/18
987,987,7283,愛三工業(株),東証PRM,"2,320",+15,0.65,"103,300",2026/08/18
988,988,7943,ニチハ(株),東証PRM,"3,110",+20,0.65,"46,100",2026/08/18
989,989,9007,小田急電鉄(株),東証PRM,"1,713",+11,0.65,"1,167,500",2026/08/18
990,990,1629,(NEXT FUNDS)商社･卸売上場投信,東証ETF,265.9,+1.7,0.64,"730,780",2026/08/18
991,991,3944,古林紙工(株),東証STD,"3,140",+20,0.64,800,2026/08/18
992,992,545A,(株)トランヴィア,東証PRM,947,+6,0.64,"45,400",2026/08/18
993,993,7607,(株)進和,東証PRM,"3,135",+20,0.64,"22,500",2026/08/18
994,994,9341,(株)ＧＥＮＯＶＡ,東証PRM,632,+4,0.64,"57,400",2026/08/18
995,995,9449,ＧＭＯインターネットグループ(株),東証PRM,"3,955",+25,0.64,"650,300",2026/08/18
996,996,9929,平和紙業(株),東証STD,469,+3,0.64,"2,600",2026/08/18
997,997,184A,(株)学びエイド,東証GRT,321,+2,0.63,"4,300",2026/08/18
998,998,2433,(株)博報堂ＤＹホールディングス,東証PRM,"1,275",+8,0.63,"1,211,900",2026/08/18
999,999,4041,日本曹達(株),東証PRM,"3,965",+25,0.63,"52,300",2026/08/18
1000,1000,4565,ネクセラファーマ(株),東証PRM,"1,111",+7,0.63,"1,628,900",2026/08/18
1001,1001,6328,荏原実業(株),東証PRM,"2,400",+15,0.63,"133,800",2026/08/18
1002,1002,7461,(株)キムラ,東証STD,479,+3,0.63,200,2026/08/18
1003,1003,7808,(株)シー・エス・ランバー,東証STD,"2,700",+17,0.63,300,2026/08/18
1004,1004,9746,(株)ＴＫＣ,東証PRM,"3,980",+25,0.63,"78,100",2026/08/18
1005,1005,3360,シップヘルスケアホールディングス(株),東証PRM,"2,349.5",+14.5,0.62,"208,000",2026/08/18
1006,1006,3636,(株)三菱総合研究所,東証PRM,"4,875",+30,0.62,"35,900",2026/08/18
1007,1007,3765,ガンホー・オンライン・エンターテイメント(株),東証PRM,"2,436",+15,0.62,"175,800",2026/08/18
1008,1008,4418,(株)ＪＤＳＣ,東証GRT,970,+6,0.62,"472,900",2026/08/18
1009,1009,5233,太平洋セメント(株),東証PRM,"4,227",+26,0.62,"406,500",2026/08/18
1010,1010,6081,アライドアーキテクツ(株),東証GRT,162,+1,0.62,"43,700",2026/08/18
1011,1011,7414,小野建(株),東証PRM,"1,463",+9,0.62,"72,500",2026/08/18
1012,1012,8600,トモニホールディングス(株),東証PRM,"1,130",+7,0.62,"992,200",2026/08/18
1013,1013,9956,(株)バローホールディングス,東証PRM,"3,230",+20,0.62,"229,600",2026/08/18
1014,1014,1925,大和ハウス工業(株),東証PRM,"4,599",+28,0.61,"1,415,400",2026/08/18
1015,1015,197A,(株)タウンズ,東証STD,497,+3,0.61,"367,700",2026/08/18
1016,1016,3064,(株)ＭｏｎｏｔａＲＯ,東証PRM,"1,811.5",+11,0.61,"2,295,000",2026/08/18
1017,1017,3922,(株)ＰＲ　ＴＩＭＥＳ,東証PRM,"2,154",+13,0.61,"40,300",2026/08/18
1018,1018,4707,(株)キタック,東証STD,330,+2,0.61,"12,200",2026/08/18
1019,1019,4763,(株)クリーク・アンド・リバー社,東証PRM,"1,492",+9,0.61,"40,900",2026/08/18
1020,1020,8566,リコーリース(株),東証PRM,"6,580",+40,0.61,"27,800",2026/08/18
1021,1021,9405,朝日放送グループホールディングス(株),東証PRM,825,+5,0.61,"49,200",2026/08/18
1022,1022,3204,(株)トーア紡コーポレーション,東証STD,501,+3,0.6,"6,400",2026/08/18
1023,1023,4178,(株)Ｓｈａｒｉｎｇ　Ｉｎｎｏｖａｔｉｏｎｓ,東証GRT,501,+3,0.6,"4,400",2026/08/18
1024,1024,4816,東映アニメーション(株),東証STD,"2,830",+17,0.6,"351,800",2026/08/18
1025,1025,7189,(株)西日本フィナンシャルホールディングス,東証PRM,"4,873",+29,0.6,"501,000",2026/08/18
1026,1026,8928,穴吹興産(株),東証STD,"2,337",+14,0.6,"7,700",2026/08/18
1027,1027,9216,ビーウィズ(株),東証PRM,"1,688",+10,0.6,"20,200",2026/08/18
1028,1028,2341,(株)アルバイトタイムス,東証STD,170,+1,0.59,"30,400",2026/08/18
1029,1029,2454,(株)オールアバウト,東証STD,341,+2,0.59,"6,300",2026/08/18
1030,1030,5071,(株)ヴィス,東証STD,"1,368",+8,0.59,"2,600",2026/08/18
1031,1031,7031,(株)インバウンドテック,東証GRT,679,+4,0.59,100,2026/08/18
1032,1032,7077,(株)ＡＬｉＮＫインターネット,東証GRT,"1,020",+6,0.59,400,2026/08/18
1033,1033,7896,セブン工業(株),東証STD,513,+3,0.59,800,2026/08/18
1034,1034,8214,(株)ＡＯＫＩホールディングス,東証PRM,"1,710",+10,0.59,"137,400",2026/08/18
1035,1035,9063,岡山県貨物運送(株),東証STD,"4,240",+25,0.59,"1,300",2026/08/18
1036,1036,9413,(株)テレビ東京ホールディングス,東証PRM,"3,385",+20,0.59,"71,500",2026/08/18
1037,1037,3977,フュージョン(株),札幌ア,522,+3,0.58,500,2026/08/18
1038,1038,7433,伯東(株),東証PRM,"5,190",+30,0.58,"67,400",2026/08/18
1039,1039,8244,(株)近鉄百貨店,東証STD,"1,898",+11,0.58,"51,500",2026/08/18
1040,1040,1674,WisdomTree 白金上場投信,東証ETF,"25,495",+145,0.57,351,2026/08/18
1041,1041,2292,Ｓ　ＦＯＯＤＳ(株),東証PRM,"2,812",+16,0.57,"240,000",2026/08/18
1042,1042,354A,iFreeETF ブルームバーグ日本株高配当50指数,東証ETF,"3,329",+19,0.57,"61,789",2026/08/18
1043,1043,5287,(株)イトーヨーギョー,東証STD,879,+5,0.57,"13,300",2026/08/18
1044,1044,569A,iシェアーズ プラチナ,東証ETF,177.4,+1,0.57,"5,070",2026/08/18
1045,1045,6050,イー・ガーディアン(株),東証PRM,"1,770",+10,0.57,"21,900",2026/08/18
1046,1046,6552,(株)ＧａｍｅＷｉｔｈ,東証STD,175,+1,0.57,"8,900",2026/08/18
1047,1047,9475,(株)昭文社ホールディングス,東証STD,526,+3,0.57,"2,400",2026/08/18
1048,1048,2792,(株)ハニーズホールディングス,東証PRM,"1,431",+8,0.56,"42,800",2026/08/18
1049,1049,2815,アリアケジャパン(株),東証PRM,"5,360",+30,0.56,"72,100",2026/08/18
1050,1050,348A,MAXIS 読売333日本株,東証ETF,305.3,+1.7,0.56,"33,090",2026/08/18
1051,1051,5192,三ツ星ベルト(株),東証PRM,"4,485",+25,0.56,"51,500",2026/08/18
1052,1052,7524,マルシェ(株),東証STD,181,+1,0.56,"10,000",2026/08/18
1053,1053,7886,ヤマト　モビリティ　＆　Ｍｆｇ．(株),東証STD,717,+4,0.56,300,2026/08/18
1054,1054,2588,(株)プレミアムウォーターホールディングス,東証STD,"3,680",+20,0.55,"2,300",2026/08/18
1055,1055,2804,ブルドックソース(株),東証PRM,"1,820",+10,0.55,"20,200",2026/08/18
1056,1056,3223,(株)エスエルディー,東証STD,919,+5,0.55,"2,800",2026/08/18
1057,1057,3597,(株)自重堂,東証STD,"9,130",+50,0.55,800,2026/08/18
1058,1058,3799,キーウェアソリューションズ(株),東証STD,"1,098",+6,0.55,"6,000",2026/08/18
1059,1059,407A,(株)ＵＮＩＣＯＮホールディングス,東証STD,908,+5,0.55,"23,400",2026/08/18
1060,1060,4465,(株)ニイタカ,東証STD,"2,357",+13,0.55,"1,400",2026/08/18
1061,1061,6309,巴工業(株),東証PRM,"2,001",+11,0.55,"113,400",2026/08/18
1062,1062,7261,マツダ(株),東証PRM,"1,184",+6.5,0.55,"4,762,100",2026/08/18
1063,1063,7821,前田工繊(株),東証PRM,"2,018",+11,0.55,"104,000",2026/08/18
1064,1064,7851,カワセコンピュータサプライ(株),福証,184,+1,0.55,100,2026/08/18
1065,1065,3232,三重交通グループホールディングス(株),東証PRM,557,+3,0.54,"137,700",2026/08/18
1066,1066,3284,(株)フージャースホールディングス,東証PRM,"1,303",+7,0.54,"217,600",2026/08/18
1067,1067,334A,(株)ビジュアル・プロセッシング・ジャパン,東証GRT,928,+5,0.54,"1,100",2026/08/18
1068,1068,4540,(株)ツムラ,東証PRM,"3,740",+20,0.54,"572,600",2026/08/18
1069,1069,4718,(株)早稲田アカデミー,東証PRM,"2,427",+13,0.54,"29,000",2026/08/18
1070,1070,5343,ニッコー(株),名証MN,186,+1,0.54,"10,800",2026/08/18
1071,1071,542A,(株)ビタブリッドジャパン,東証GRT,"1,107",+6,0.54,"6,100",2026/08/18
1072,1072,7034,(株)プロレド・パートナーズ,東証PRM,375,+2,0.54,"24,900",2026/08/18
1073,1073,7902,(株)ソノコム,東証STD,"1,115",+6,0.54,"1,400",2026/08/18
1074,1074,8550,(株)栃木銀行,東証PRM,"1,126",+6,0.54,"646,500",2026/08/18
1075,1075,9532,大阪ガス(株),東証PRM,"5,444",+29,0.54,"546,100",2026/08/18
1076,1076,1301,(株)極洋,東証PRM,"4,740",+25,0.53,"45,300",2026/08/18
1077,1077,1981,(株)協和日成,東証STD,"1,331",+7,0.53,"3,900",2026/08/18
1078,1078,1994,高橋カーテンウォール工業(株),東証STD,568,+3,0.53,"12,600",2026/08/18
1079,1079,3861,王子ホールディングス(株),東証PRM,866.4,+4.6,0.53,"3,124,600",2026/08/18
1080,1080,4040,南海化学(株),東証STD,"3,815",+20,0.53,"12,700",2026/08/18
1081,1081,4635,東京インキ(株),東証STD,"2,083",+11,0.53,"58,400",2026/08/18
1082,1082,6180,ＧＭＯメディア(株),東証GRT,"3,800",+20,0.53,"1,000",2026/08/18
1083,1083,9347,日本管財ホールディングス(株),東証PRM,"2,845",+15,0.53,"37,500",2026/08/18
1084,1084,9757,(株)船井総研ホールディングス,東証PRM,"1,142",+6,0.53,"322,800",2026/08/18
1085,1085,1870,矢作建設工業(株),東証PRM,"2,125",+11,0.52,"150,200",2026/08/18
1086,1086,2639,GX バイオ＆メドテック-日本株式,東証ETF,"1,749",+9,0.52,"1,209",2026/08/18
1087,1087,2681,(株)ゲオホールディングス,東証PRM,"2,304",+12,0.52,"147,300",2026/08/18
1088,1088,4218,ニチバン(株),東証PRM,"1,946",+10,0.52,"11,500",2026/08/18
1089,1089,6982,(株)リード,東証STD,579,+3,0.52,600,2026/08/18
1090,1090,8006,ユアサ・フナショク(株),東証STD,"1,541",+8,0.52,"4,700",2026/08/18
1091,1091,8218,(株)コメリ,東証PRM,"3,845",+20,0.52,"96,500",2026/08/18
1092,1092,8708,アイザワ証券グループ(株),東証PRM,"1,724",+9,0.52,"81,800",2026/08/18
1093,1093,9081,神奈川中央交通(株),東証PRM,"3,890",+20,0.52,"10,000",2026/08/18
1094,1094,9644,(株)タナベコンサルティンググループ,東証PRM,773,+4,0.52,"48,100",2026/08/18
1095,1095,2094,東証REITインバースETF,東証ETF,782,+4,0.51,567,2026/08/18
1096,1096,2590,ダイドーグループホールディングス(株),東証PRM,"2,952",+15,0.51,"69,300",2026/08/18
1097,1097,4020,ビートレンド(株),東証GRT,792,+4,0.51,"1,500",2026/08/18
1098,1098,4202,(株)ダイセル,東証PRM,"1,482",+7.5,0.51,"857,200",2026/08/18
1099,1099,4658,日本空調サービス(株),東証PRM,"1,563",+8,0.51,"52,500",2026/08/18
1100,1100,5831,(株)しずおかフィナンシャルグループ,東証PRM,"3,566",+18,0.51,"1,812,400",2026/08/18
1101,1101,5868,(株)ロココ,東証STD,995,+5,0.51,"12,400",2026/08/18
1102,1102,6364,(株)ＡＩＲＭＡＮ,東証PRM,"2,571",+13,0.51,"67,200",2026/08/18
1103,1103,6439,中日本鋳工(株),名証MN,392,+2,0.51,700,2026/08/18
1104,1104,6630,ヤーマン(株),東証PRM,791,+4,0.51,"164,700",2026/08/18
1105,1105,7282,豊田合成(株),東証PRM,"5,297",+27,0.51,"412,800",2026/08/18
1106,1106,7476,アズワン(株),東証PRM,"2,358.5",+12,0.51,"88,900",2026/08/18
1107,1107,9605,東映(株),東証PRM,"5,940",+30,0.51,"48,900",2026/08/18
1108,1108,1541,純プラチナ上場信託(現物国内保管型),東証ETF,"8,211",+41,0.5,"27,629",2026/08/18
1109,1109,1997,暁飯島工業(株),東証STD,"4,035",+20,0.5,"2,600",2026/08/18
1110,1110,3896,阿波製紙(株),東証STD,400,+2,0.5,"11,700",2026/08/18
1111,1111,4516,日本新薬(株),東証PRM,"3,616",+18,0.5,"377,800",2026/08/18
1112,1112,4558,(株)中京医薬品,東証STD,201,+1,0.5,"4,200",2026/08/18
1113,1113,4766,(株)ピーエイ,東証STD,201,+1,0.5,"17,200",2026/08/18
1114,1114,6198,(株)キャリア,東証GRT,203,+1,0.5,"9,900",2026/08/18
1115,1115,1376,カネコ種苗(株),東証STD,"1,634",+8,0.49,"12,200",2026/08/18
1116,1116,2373,(株)ケア２１,東証STD,407,+2,0.49,"4,900",2026/08/18
1117,1117,3222,ユナイテッド・スーパーマーケット・ホールディングス(株),東証STD,819,+4,0.49,"579,900",2026/08/18
1118,1118,3261,(株)グランディーズ,東証GRT,410,+2,0.49,"3,200",2026/08/18
1119,1119,3395,(株)サンマルクホールディングス,東証PRM,"2,445",+12,0.49,"59,100",2026/08/18
1120,1120,3538,(株)ウイルプラスホールディングス,東証STD,"1,024",+5,0.49,"11,300",2026/08/18
1121,1121,4547,キッセイ薬品工業(株),東証PRM,"4,110",+20,0.49,"53,900",2026/08/18
1122,1122,4714,(株)リソー教育グループ,東証PRM,205,+1,0.49,"403,300",2026/08/18
1123,1123,4977,新田ゼラチン(株),東証STD,"1,227",+6,0.49,"45,700",2026/08/18
1124,1124,7227,アスカ(株),名証MN,"1,849",+9,0.49,"1,400",2026/08/18
1125,1125,9005,東急(株),東証PRM,"1,642",+8,0.49,"2,415,900",2026/08/18
1126,1126,1328,(NEXT FUNDS)金価格連動型上場投信,東証ETF,"16,610",+80,0.48,"22,251",2026/08/18
1127,1127,1780,(株)ヤマウラ,東証PRM,"1,477",+7,0.48,"23,900",2026/08/18
1128,1128,3834,(株)朝日ネット,東証PRM,623,+3,0.48,"42,000",2026/08/18
1129,1129,4875,メディシノバ,東証STD外国,209,+1,0.48,"17,900",2026/08/18
1130,1130,4979,ＯＡＴアグリオ(株),東証STD,"2,713",+13,0.48,"17,000",2026/08/18
1131,1131,6490,(株)ＰＩＬＬＡＲ,東証PRM,"10,530",+50,0.48,"201,800",2026/08/18
1132,1132,6565,ＡＢホテル(株),名証MN,"1,267",+6,0.48,"24,900",2026/08/18
1133,1133,6778,(株)アルチザネットワークス,東証STD,626,+3,0.48,"12,200",2026/08/18
1134,1134,8040,(株)東京ソワール,東証STD,"1,049",+5,0.48,100,2026/08/18
1135,1135,8848,(株)レオパレス２１,東証PRM,625,+3,0.48,"1,010,600",2026/08/18
1136,1136,1898,世紀東急工業(株),東証PRM,"1,491",+7,0.47,"121,500",2026/08/18
1137,1137,3421,(株)稲葉製作所,東証STD,"1,727",+8,0.47,"26,400",2026/08/18
1138,1138,4994,大成ラミックグループ(株),東証STD,"2,768",+13,0.47,"21,000",2026/08/18
1139,1139,7687,(株)ミクリード,東証GRT,430,+2,0.47,"3,800",2026/08/18
1140,1140,9163,(株)ナレルグループ,東証GRT,"2,364",+11,0.47,"22,100",2026/08/18
1141,1141,2012,iシェアーズ 米国債0-3カ月 ETF,東証ETF,242.5,+1.1,0.46,"55,800",2026/08/18
1142,1142,3837,アドソル日進(株),東証PRM,"1,529",+7,0.46,"93,000",2026/08/18
1143,1143,4488,ＡＩ　ｉｎｓｉｄｅ(株),東証GRT,"2,189",+10,0.46,"5,000",2026/08/18
1144,1144,7011,三菱重工業(株),東証PRM,"4,370",+20,0.46,"20,536,800",2026/08/18
1145,1145,7362,(株)Ｔ．Ｓ．Ｉ,東証GRT,870,+4,0.46,"2,400",2026/08/18
1146,1146,7928,旭化学工業(株),東証STD,654,+3,0.46,"5,800",2026/08/18
1147,1147,8179,ロイヤルホールディングス(株),東証PRM,"1,297",+6,0.46,"358,400",2026/08/18
1148,1148,8958,グローバル・ワン不動産投資法人,東証,"110,100",+500,0.46,"3,964",2026/08/18
1149,1149,9090,ＡＺ－ＣＯＭ丸和ホールディングス(株),東証PRM,881,+4,0.46,"307,300",2026/08/18
1150,1150,1326,SPDRゴールド･シェア,東証ETF,"64,420",+290,0.45,"4,577",2026/08/18
1151,1151,1766,東建コーポレーション(株),東証PRM,"13,320",+60,0.45,"14,300",2026/08/18
1152,1152,3199,綿半ホールディングス(株),東証PRM,"1,329",+6,0.45,"20,500",2026/08/18
1153,1153,395A,業界改革厳選ETF地銀,東証ETF,"1,104",+5,0.45,"107,940",2026/08/18
1154,1154,425A,GX ゴールドETF,東証ETF,375.9,+1.7,0.45,"199,060",2026/08/18
1155,1155,4524,森下仁丹(株),東証STD,"2,248",+10,0.45,900,2026/08/18
1156,1156,5445,東京鐵鋼(株),東証PRM,"2,031",+9,0.45,"107,800",2026/08/18
1157,1157,5981,東京製綱(株),東証PRM,"2,002",+9,0.45,"91,800",2026/08/18
1158,1158,6662,(株)ユビテック,東証STD,223,+1,0.45,"37,200",2026/08/18
1159,1159,7976,三菱鉛筆(株),東証PRM,"2,872",+13,0.45,"85,300",2026/08/18
1160,1160,8001,伊藤忠商事(株),東証PRM,"2,000.5",+9,0.45,"9,270,300",2026/08/18
1161,1161,9223,(株)ＡＳＮＯＶＡ,東証GRT,447,+2,0.45,"2,000",2026/08/18
1162,1162,9367,大東港運(株),東証STD,"2,008",+9,0.45,"3,400",2026/08/18
1163,1163,1381,(株)アクシーズ,東証STD,"3,435",+15,0.44,"2,200",2026/08/18
1164,1164,2146,ＵＴグループ(株),東証PRM,226,+1,0.44,"7,820,600",2026/08/18
1165,1165,2974,大英産業(株),福証,919,+4,0.44,800,2026/08/18
1166,1166,3139,(株)ラクト・ジャパン,東証PRM,"3,395",+15,0.44,"44,900",2026/08/18
1167,1167,4208,ＵＢＥ(株),東証PRM,"3,669",+16,0.44,"788,600",2026/08/18
1168,1168,4487,(株)スペースマーケット,東証GRT,226,+1,0.44,"7,300",2026/08/18
1169,1169,5351,品川リフラ(株),東証PRM,"2,052",+9,0.44,"127,000",2026/08/18
1170,1170,7173,(株)東京きらぼしフィナンシャルグループ,東証PRM,"1,806",+8,0.44,"929,800",2026/08/18
1171,1171,7906,ヨネックス(株),東証STD,"2,756",+12,0.44,"454,600",2026/08/18
1172,1172,8424,芙蓉総合リース(株),東証PRM,"4,377",+19,0.44,"197,700",2026/08/18
1173,1173,9250,(株)ＧＲＣＳ,東証GRT,909,+4,0.44,"1,100",2026/08/18
1174,1174,9782,(株)ディーエムエス,東証STD,"3,455",+15,0.44,"22,800",2026/08/18
1175,1175,2080,PBR1倍割れ解消推進ETF,東証ETF,"2,099",+9,0.43,"20,640",2026/08/18
1176,1176,3024,クリエイト(株),東証STD,"1,170",+5,0.43,900,2026/08/18
1177,1177,3196,(株)ホットランドホールディングス,東証PRM,"1,632",+7,0.43,"129,800",2026/08/18
1178,1178,3370,(株)フジタコーポレーション,東証STD,465,+2,0.43,"1,300",2026/08/18
1179,1179,446A,(株)ノースサンド,東証GRT,"1,865",+8,0.43,"482,700",2026/08/18
1180,1180,4719,(株)アルファシステムズ,東証PRM,"3,480",+15,0.43,"11,000",2026/08/18
1181,1181,6964,(株)サンコー,東証STD,702,+3,0.43,"1,600",2026/08/18
1182,1182,7127,(株)一家ホールディングス,東証STD,701,+3,0.43,"4,600",2026/08/18
1183,1183,7239,(株)タチエス,東証PRM,"2,336",+10,0.43,"66,200",2026/08/18
1184,1184,7345,(株)アイ・パートナーズフィナンシャル,東証GRT,945,+4,0.43,"5,500",2026/08/18
1185,1185,8002,丸紅(株),東証PRM,"4,938",+21,0.43,"2,955,500",2026/08/18
1186,1186,8053,住友商事(株),東証PRM,"1,757.5",+7.5,0.43,"7,133,800",2026/08/18
1187,1187,9936,(株)王将フードサービス,東証PRM,"2,832",+12,0.43,"242,700",2026/08/18
1188,1188,1686,WisdomTree 産業用金属上場投信,東証ETF,"3,128",+13,0.42,10,2026/08/18
1189,1189,1711,(株)ＳＤＳホールディングス,東証STD,241,+1,0.42,"18,000",2026/08/18
1190,1190,1724,シンクレイヤ(株),東証STD,711,+3,0.42,"4,200",2026/08/18
1191,1191,382A,iFreeETF 米国国債3-5年(H有),東証ETF,"1,898",+8,0.42,72,2026/08/18
1192,1192,4694,(株)ビー・エム・エル,東証PRM,"3,595",+15,0.42,"37,000",2026/08/18
1193,1193,4928,(株)ノエビアホールディングス,東証PRM,"4,760",+20,0.42,"79,800",2026/08/18
1194,1194,5134,(株)ＰＯＰＥＲ,東証GRT,475,+2,0.42,"1,800",2026/08/18
1195,1195,5451,(株)ヨドコウ,東証PRM,"1,426",+6,0.42,"231,600",2026/08/18
1196,1196,5832,(株)ちゅうぎんフィナンシャルグループ,東証PRM,"3,545",+15,0.42,"224,500",2026/08/18
1197,1197,6279,(株)瑞光,東証PRM,952,+4,0.42,"24,100",2026/08/18
1198,1198,8387,(株)四国銀行,東証PRM,"3,545",+15,0.42,"147,300",2026/08/18
1199,1199,8967,日本ロジスティクスファンド投資法人,東証,"95,700",+400,0.42,"7,150",2026/08/18
1200,1200,2329,(株)東北新社,東証STD,490,+2,0.41,"212,800",2026/08/18
1201,1201,2620,iシェアーズ 米国債1-3年,東証ETF,370.8,+1.5,0.41,"30,930",2026/08/18
1202,1202,4929,(株)アジュバンホールディングス,東証STD,736,+3,0.41,"1,100",2026/08/18
1203,1203,7030,(株)スプリックス,東証STD,982,+4,0.41,"8,200",2026/08/18
1204,1204,7062,(株)フレアス,東証GRT,728,+3,0.41,"3,500",2026/08/18
1205,1205,8089,ナイス(株),東証STD,"1,964",+8,0.41,"3,500",2026/08/18
1206,1206,9068,丸全昭和運輸(株),東証PRM,"7,400",+30,0.41,"17,300",2026/08/18
1207,1207,2093,上場Tracers 米国債0-2年ラダー(H無),東証ETF,"5,306",+21,0.4,"31,748",2026/08/18
1208,1208,2224,(株)コモ,東証STD,"3,720",+15,0.4,"1,400",2026/08/18
1209,1209,2904,一正蒲鉾(株),東証STD,754,+3,0.4,"2,100",2026/08/18
1210,1210,3088,(株)マツキヨココカラ＆カンパニー,東証PRM,"2,487.5",+10,0.4,"1,283,700",2026/08/18
1211,1211,3454,ファーストブラザーズ(株),東証STD,"1,266",+5,0.4,"1,400",2026/08/18
1212,1212,4287,(株)ジャストプランニング,東証STD,497,+2,0.4,"5,000",2026/08/18
1213,1213,4926,(株)シーボン,東証STD,"1,245",+5,0.4,"1,600",2026/08/18
1214,1214,576A,GX チャイナテック・カバード・コール,東証ETF,994,+4,0.4,"4,910",2026/08/18
1215,1215,5940,不二サッシ(株),東証STD,751,+3,0.4,"8,200",2026/08/18
1216,1216,6334,明治機械(株),東証STD,497,+2,0.4,"5,200",2026/08/18
1217,1217,6788,(株)日本トリム,東証PRM,"5,000",+20,0.4,"13,700",2026/08/18
1218,1218,7643,(株)ダイイチ,東証STD,"1,747",+7,0.4,"1,300",2026/08/18
1219,1219,8370,(株)紀陽銀行,東証PRM,"5,080",+20,0.4,"84,200",2026/08/18
1220,1220,8393,(株)宮崎銀行,東証PRM,"2,520",+10,0.4,"507,400",2026/08/18
1221,1221,9543,静岡ガス(株),東証PRM,"1,249",+5,0.4,"110,300",2026/08/18
1222,1222,399A,上場インデックスファンド日経平均高配当株50,東証ETF,"2,341",+9,0.39,"18,138",2026/08/18
1223,1223,6076,(株)アメイズ,福証,"1,274",+5,0.39,900,2026/08/18
1224,1224,6535,(株)アイモバイル,東証PRM,512,+2,0.39,"469,100",2026/08/18
1225,1225,7003,(株)三井Ｅ＆Ｓ,東証PRM,"4,396",+17,0.39,"1,775,600",2026/08/18
1226,1226,7114,(株)フーディソン,東証GRT,778,+3,0.39,"1,400",2026/08/18
1227,1227,7318,セレンディップ・ホールディングス(株),東証GRT,"1,551",+6,0.39,"215,600",2026/08/18
1228,1228,8119,(株)三栄コーポレーション,東証STD,781,+3,0.39,"4,000",2026/08/18
1229,1229,8203,(株)ＭｒＭａｘＨＤ,東証PRM,778,+3,0.39,"71,100",2026/08/18
1230,1230,8630,ＳＯＭＰＯホールディングス(株),東証PRM,"6,740",+26,0.39,"3,072,300",2026/08/18
1231,1231,9042,阪急阪神ホールディングス(株),東証PRM,"4,653",+18,0.39,"560,700",2026/08/18
1232,1232,9147,ＮＩＰＰＯＮ　ＥＸＰＲＥＳＳホールディングス(株),東証PRM,"5,636",+22,0.39,"710,800",2026/08/18
1233,1233,9629,ピー・シー・エー(株),東証PRM,"1,543",+6,0.39,"21,300",2026/08/18
1234,1234,2353,日本駐車場開発(株),東証PRM,265,+1,0.38,"1,990,800",2026/08/18
1235,1235,3583,オーベクス(株),東証STD,"1,305",+5,0.38,"2,600",2026/08/18
1236,1236,5698,(株)エンビプロ・ホールディングス,東証STD,798,+3,0.38,"370,700",2026/08/18
1237,1237,6613,(株)ＱＤレーザ,東証GRT,"2,091",+8,0.38,"6,259,200",2026/08/18
1238,1238,9012,秩父鉄道(株),東証STD,"2,108",+8,0.38,300,2026/08/18
1239,1239,2836,GX フィンテック-日本株式,東証ETF,"3,235",+12,0.37,126,2026/08/18
1240,1240,381A,iFreeETF 米国国債3-5年(H無),東証ETF,"2,180",+8,0.37,622,2026/08/18
1241,1241,4250,(株)フロンティア,福岡Q,544,+2,0.37,200,2026/08/18
1242,1242,4262,ニフティライフスタイル(株),東証GRT,"1,369",+5,0.37,"2,300",2026/08/18
1243,1243,6240,ヤマシンフィルタ(株),東証PRM,545,+2,0.37,"284,100",2026/08/18
1244,1244,7177,ＧＭＯフィナンシャルホールディングス(株),東証STD,"1,090",+4,0.37,"126,800",2026/08/18
1245,1245,7271,(株)安永,東証STD,820,+3,0.37,"82,400",2026/08/18
1246,1246,8095,アステナホールディングス(株),東証PRM,540,+2,0.37,"79,000",2026/08/18
1247,1247,9357,名港海運(株),名証MN,"2,459",+9,0.37,"4,100",2026/08/18
1248,1248,9678,(株)カナモト,東証PRM,"5,450",+20,0.37,"54,000",2026/08/18
1249,1249,2301,(株)学情,東証PRM,"1,679",+6,0.36,"148,500",2026/08/18
1250,1250,2864,GX ロジスティクス・REIT,東証ETF,"1,399",+5,0.36,"6,657",2026/08/18
1251,1251,2971,エスコンジャパンリート投資法人,東証,"111,600",+400,0.36,"1,097",2026/08/18
1252,1252,4183,三井化学(株),東証PRM,"2,205",+8,0.36,"1,466,600",2026/08/18
1253,1253,8869,明和地所(株),東証STD,842,+3,0.36,"70,100",2026/08/18
1254,1254,9249,日本エコシステム(株),東証STD,"1,660",+6,0.36,"8,300",2026/08/18
1255,1255,9934,因幡電機産業(株),東証PRM,"3,049",+11,0.36,"152,700",2026/08/18
1256,1256,1577,(NEXT FUNDS)野村日本株高配当70連動型ETF,東証ETF,"59,800",+210,0.35,"3,517",2026/08/18
1257,1257,2705,(株)大戸屋ホールディングス,東証STD,"8,720",+30,0.35,"17,500",2026/08/18
1258,1258,5928,アルメタックス(株),東証STD,285,+1,0.35,"4,300",2026/08/18
1259,1259,6178,日本郵政(株),東証PRM,"2,403",+8.5,0.35,"3,268,500",2026/08/18
1260,1260,7368,表示灯(株),東証STD,"1,710",+6,0.35,"2,100",2026/08/18
1261,1261,8086,ニプロ(株),東証PRM,"1,588.5",+5.5,0.35,"636,800",2026/08/18
1262,1262,9471,(株)文溪堂,名証MN,"1,145",+4,0.35,400,2026/08/18
1263,1263,9755,応用地質(株),東証PRM,"2,890",+10,0.35,"57,100",2026/08/18
1264,1264,1444,(株)ニッソウ,東証GRT,"2,664",+9,0.34,600,2026/08/18
1265,1265,1694,WisdomTree ニッケル上場投信,東証ETF,"2,340.5",+8,0.34,30,2026/08/18
1266,1266,3286,トラストホールディングス(株),東証STD,892,+3,0.34,"1,000",2026/08/18
1267,1267,4248,竹本容器(株),東証STD,895,+3,0.34,"10,000",2026/08/18
1268,1268,4452,花王(株),東証PRM,"3,505",+12,0.34,"3,225,800",2026/08/18
1269,1269,461A,MAXIS 日本株高配当SMART50,東証ETF,"2,635",+9,0.34,319,2026/08/18
1270,1270,5011,ニチレキグループ(株),東証PRM,"2,350",+8,0.34,"38,700",2026/08/18
1271,1271,7994,(株)オカムラ,東証PRM,"2,342",+8,0.34,"162,500",2026/08/18
1272,1272,8207,テンアライド(株),東証STD,296,+1,0.34,"17,400",2026/08/18
1273,1273,8904,(株)ＡＶＡＮＴＩＡ,東証STD,873,+3,0.34,"12,200",2026/08/18
1274,1274,9024,(株)西武ホールディングス,東証PRM,"3,289",+11,0.34,"1,126,400",2026/08/18
1275,1275,9039,(株)サカイ引越センター,東証PRM,"2,993",+10,0.34,"57,300",2026/08/18
1276,1276,9402,中部日本放送(株),名証PRM,"1,191",+4,0.34,"4,400",2026/08/18
1277,1277,9419,(株)ワイヤレスゲート,東証STD,291,+1,0.34,"4,100",2026/08/18
1278,1278,9501,東京電力ホールディングス(株),東証PRM,524.5,+1.8,0.34,"33,341,900",2026/08/18
1279,1279,9791,(株)ビケンテクノ,東証STD,"1,164",+4,0.34,"2,700",2026/08/18
1280,1280,1566,上場インデックスファンド新興国債券,東証ETF,"53,960",+180,0.33,748,2026/08/18
1281,1281,196A,(株)ＭＦＳ,東証GRT,307,+1,0.33,"63,700",2026/08/18
1282,1282,246A,(株)アスア,東証GRT,911,+3,0.33,"93,200",2026/08/18
1283,1283,314A,iシェアーズ ゴールド ETF,東証ETF,332.5,+1.1,0.33,"1,541,680",2026/08/18
1284,1284,3393,スターティアホールディングス(株),東証PRM,"3,010",+10,0.33,"34,000",2026/08/18
1285,1285,3981,(株)ビーグリー,東証STD,"1,203",+4,0.33,"6,600",2026/08/18
1286,1286,4611,大日本塗料(株),東証PRM,"1,522",+5,0.33,"55,400",2026/08/18
1287,1287,476A,辻・本郷ＩＴコンサルティング(株),東証STD,"1,530",+5,0.33,"2,600",2026/08/18
1288,1288,5133,(株)テリロジーホールディングス,東証STD,306,+1,0.33,"49,000",2026/08/18
1289,1289,9342,(株)スマサポ,東証GRT,922,+3,0.33,"2,400",2026/08/18
1290,1290,9656,グリーンランドリゾート(株),東証STD,601,+2,0.33,"5,700",2026/08/18
1291,1291,1672,WisdomTree 金上場投信,東証ETF,"65,110",+210,0.32,196,2026/08/18
1292,1292,175A,(株)Ｗｉｌｌ　Ｓｍａｒｔ,東証GRT,618,+2,0.32,"1,000",2026/08/18
1293,1293,2148,アイティメディア(株),東証PRM,"1,261",+4,0.32,"32,700",2026/08/18
1294,1294,2917,(株)大森屋,東証STD,939,+3,0.32,"2,800",2026/08/18
1295,1295,4044,セントラル硝子(株),東証PRM,"4,660",+15,0.32,"74,900",2026/08/18
1296,1296,5869,(株)早稲田学習研究会,東証STD,"1,258",+4,0.32,"12,800",2026/08/18
1297,1297,5997,協立エアテック(株),東証STD,943,+3,0.32,"2,300",2026/08/18
1298,1298,7475,アルビス(株),東証PRM,"2,535",+8,0.32,"10,000",2026/08/18
1299,1299,8309,三井住友トラストグループ(株),東証PRM,"1,734",+5.5,0.32,"8,745,700",2026/08/18
1300,1300,8386,(株)百十四銀行,東証PRM,"3,135",+10,0.32,"422,700",2026/08/18
1301,1301,9790,福井コンピュータホールディングス(株),東証PRM,"3,100",+10,0.32,"29,800",2026/08/18
1302,1302,1332,(株)ニッスイ,東証PRM,"1,296",+4,0.31,"1,222,100",2026/08/18
1303,1303,1540,純金上場信託(現物国内保管型),東証ETF,"21,090",+65,0.31,"202,529",2026/08/18
1304,1304,1599,iFreeETF JPX日経400,東証ETF,"38,750",+120,0.31,22,2026/08/18
1305,1305,189A,(株)Ｄ＆Ｍカンパニー,東証GRT,986,+3,0.31,"1,100",2026/08/18
1306,1306,2288,丸大食品(株),東証PRM,"2,230",+7,0.31,"71,200",2026/08/18
1307,1307,3771,(株)システムリサーチ,東証PRM,"1,921",+6,0.31,"46,500",2026/08/18
1308,1308,3991,ウォンテッドリー(株),東証GRT,960,+3,0.31,"2,100",2026/08/18
1309,1309,4356,応用技術(株),東証STD,"1,635",+5,0.31,"1,000",2026/08/18
1310,1310,4481,ベース(株),東証PRM,"3,195",+10,0.31,"124,200",2026/08/18
1311,1311,4684,(株)オービック,東証PRM,"4,553",+14,0.31,"1,086,800",2026/08/18
1312,1312,471A,ＮＳグループ(株),東証PRM,"1,600",+5,0.31,"145,200",2026/08/18
1313,1313,4887,サワイグループホールディングス(株),東証PRM,"1,605",+5,0.31,"518,100",2026/08/18
1314,1314,4914,高砂香料工業(株),東証PRM,"1,276",+4,0.31,"117,300",2026/08/18
1315,1315,5018,(株)ＭＯＲＥＳＣＯ,東証STD,"2,268",+7,0.31,"18,300",2026/08/18
1316,1316,7279,(株)ハイレックスコーポレーション,東証STD,"2,582",+8,0.31,"52,800",2026/08/18
1317,1317,8359,(株)八十二長野銀行,東証PRM,"2,730",+8.5,0.31,"1,228,700",2026/08/18
1318,1318,9036,東部ネットワーク(株),東証STD,"1,304",+4,0.31,"3,800",2026/08/18
1319,1319,140A,iFreeETF 米国10年国債先物インバース,東証ETF,"2,020",+6,0.3,27,2026/08/18
1320,1320,2058,(株)ヒガシマル,福証,998,+3,0.3,200,2026/08/18
1321,1321,2070,スマート ESG30 女性活躍(ネットリターン)ETN,東証ETF,"16,740",+50,0.3,3,2026/08/18
1322,1322,2564,GX MSCIスーパーディビィデンド-日本株式,東証ETF,"3,663",+11,0.3,"2,754",2026/08/18
1323,1323,2695,くら寿司(株),東証PRM,"1,693",+5,0.3,"238,600",2026/08/18
1324,1324,3439,(株)三ツ知,東証STD,676,+2,0.3,"1,600",2026/08/18
1325,1325,3635,(株)コーエーテクモホールディングス,東証PRM,"1,665",+5,0.3,"855,700",2026/08/18
1326,1326,3674,(株)オークファン,東証GRT,333,+1,0.3,"9,500",2026/08/18
1327,1327,5015,ビーピー・カストロール(株),東証STD,"1,004",+3,0.3,"11,600",2026/08/18
1328,1328,7203,トヨタ自動車(株),東証PRM,"3,022",+9,0.3,"17,285,000",2026/08/18
1329,1329,7367,(株)セルム,東証STD,339,+1,0.3,"1,400",2026/08/18
1330,1330,7377,ＤＮホールディングス(株),東証STD,"1,686",+5,0.3,"11,000",2026/08/18
1331,1331,7458,(株)第一興商,東証PRM,"1,833",+5.5,0.3,"186,300",2026/08/18
1332,1332,7837,(株)アールシーコア,東証STD,332,+1,0.3,"1,500",2026/08/18
1333,1333,8871,(株)ゴールドクレスト,東証STD,"3,315",+10,0.3,"47,600",2026/08/18
1334,1334,2282,日本ハム(株),東証PRM,"6,324",+18,0.29,"716,000",2026/08/18
1335,1335,2612,かどや製油(株),東証STD,"1,745",+5,0.29,"2,400",2026/08/18
1336,1336,2625,iFreeETF TOPIX(年4回決算型),東証ETF,"4,202",+12,0.29,"15,531",2026/08/18
1337,1337,2894,石井食品(株),東証STD,351,+1,0.29,"8,500",2026/08/18
1338,1338,2970,ＧＬＣ　ＧＲＯＵＰ(株),東証STD,"1,043",+3,0.29,"7,900",2026/08/18
1339,1339,3447,信和(株),東証STD,"1,028",+3,0.29,"14,200",2026/08/18
1340,1340,4118,(株)カネカ,東証PRM,"6,295",+18,0.29,"230,000",2026/08/18
1341,1341,4687,ＴＤＣソフト(株),東証PRM,"1,021",+3,0.29,"77,600",2026/08/18
1342,1342,4888,ステラファーマ(株),東証GRT,340,+1,0.29,"200,500",2026/08/18
1343,1343,6912,菊水ホールディングス(株),東証STD,"2,386",+7,0.29,"20,800",2026/08/18
1344,1344,7067,ブランディングテクノロジー(株),東証GRT,"1,030",+3,0.29,"1,100",2026/08/18
1345,1345,7175,今村証券(株),東証STD,"1,711",+5,0.29,"3,000",2026/08/18
1346,1346,7211,三菱自動車(株),東証PRM,349,+1,0.29,"6,389,500",2026/08/18
1347,1347,8160,(株)木曽路,東証PRM,"2,393",+7,0.29,"120,500",2026/08/18
1348,1348,9337,(株)トリドリ,東証GRT,"1,406",+4,0.29,"57,100",2026/08/18
1349,1349,133A,GX 超短期米国債,東証ETF,"1,081",+3,0.28,"209,791",2026/08/18
1350,1350,1399,上場MSCI日本株高配当低ボラティリティ,東証ETF,"3,187",+9,0.28,623,2026/08/18
1351,1351,3291,飯田グループホールディングス(株),東証PRM,"2,297.5",+6.5,0.28,"380,100",2026/08/18
1352,1352,3355,クリヤマホールディングス(株),東証STD,"1,800",+5,0.28,"17,900",2026/08/18
1353,1353,3417,大木ヘルスケアホールディングス(株),東証STD,"1,066",+3,0.28,"6,500",2026/08/18
1354,1354,3571,(株)ソトー,東証STD,718,+2,0.28,"1,300",2026/08/18
1355,1355,3657,ポールトゥウィンホールディングス(株),東証PRM,353,+1,0.28,"129,400",2026/08/18
1356,1356,4310,(株)ドリームインキュベータ,東証PRM,"2,507",+7,0.28,"14,300",2026/08/18
1357,1357,4642,オリジナル設計(株),東証STD,"1,422",+4,0.28,"1,100",2026/08/18
1358,1358,4644,イマジニア(株),東証STD,"1,059",+3,0.28,"8,800",2026/08/18
1359,1359,483A,テラテクノロジー(株),東証STD,"2,179",+6,0.28,800,2026/08/18
1360,1360,6310,井関農機(株),東証PRM,"1,804",+5,0.28,"176,300",2026/08/18
1361,1361,6380,オリエンタルチエン工業(株),東証STD,"3,635",+10,0.28,"4,000",2026/08/18
1362,1362,8059,第一実業(株),東証PRM,"3,590",+10,0.28,"82,400",2026/08/18
1363,1363,9513,Ｊ－ＰＯＷＥＲ,東証PRM,"3,944",+11,0.28,"407,100",2026/08/18
1364,1364,9948,(株)アークス,東証PRM,"3,615",+10,0.28,"109,200",2026/08/18
1365,1365,1810,松井建設(株),東証STD,"1,464",+4,0.27,"29,000",2026/08/18
1366,1366,2371,(株)カカクコム,東証PRM,"3,710",+10,0.27,"288,000",2026/08/18
1367,1367,3205,(株)ダイドーリミテッド,東証STD,738,+2,0.27,"98,500",2026/08/18
1368,1368,6358,酒井重工業(株),東証PRM,"2,192",+6,0.27,"17,200",2026/08/18
1369,1369,7214,ＧＭＢ(株),東証STD,"1,134",+3,0.27,"9,300",2026/08/18
1370,1370,7841,(株)遠藤製作所,東証STD,"1,131",+3,0.27,"3,500",2026/08/18
1371,1371,5232,住友大阪セメント(株),東証PRM,"5,860",+15,0.26,"164,000",2026/08/18
1372,1372,566A,iFreeETF ブルームバーグ日本株(除く金融)高配当50,東証ETF,"2,305",+6,0.26,13,2026/08/18
1373,1373,6463,ＴＰＲ(株),東証PRM,"1,557",+4,0.26,"74,800",2026/08/18
1374,1374,6625,ＪＡＬＣＯホールディングス(株),東証STD,380,+1,0.26,"243,400",2026/08/18
1375,1375,8153,(株)モスフードサービス,東証PRM,"3,790",+10,0.26,"96,500",2026/08/18
1376,1376,8860,フジ住宅(株),東証PRM,768,+2,0.26,"36,100",2026/08/18
1377,1377,8887,(株)シーラホールディングス,東証STD,389,+1,0.26,"61,900",2026/08/18
1378,1378,1793,(株)大本組,東証STD,"2,034",+5,0.25,800,2026/08/18
1379,1379,2181,パーソルホールディングス(株),東証PRM,284.5,+0.7,0.25,"11,261,400",2026/08/18
1380,1380,3041,(株)ビューティカダンホールディングス,東証STD,404,+1,0.25,"3,300",2026/08/18
1381,1381,3063,(株)ジェイグループホールディングス,東証GRT,"1,213",+3,0.25,"36,400",2026/08/18
1382,1382,3159,丸善ＣＨＩホールディングス(株),東証STD,409,+1,0.25,"96,500",2026/08/18
1383,1383,3297,(株)東武住販,東証STD,"1,187",+3,0.25,"3,300",2026/08/18
1384,1384,3854,(株)アイル,東証PRM,"2,416",+6,0.25,"77,100",2026/08/18
1385,1385,5971,(株)共和工業所,東証STD,"8,170",+20,0.25,500,2026/08/18
1386,1386,6874,協立電機(株),東証STD,"2,378",+6,0.25,"5,300",2026/08/18
1387,1387,7585,(株)かんなん丸,東証STD,407,+1,0.25,"11,700",2026/08/18
1388,1388,7616,(株)コロワイド,東証PRM,"2,010",+5,0.25,"414,700",2026/08/18
1389,1389,9640,(株)セゾンテクノロジー,東証STD,"2,010",+5,0.25,"1,800",2026/08/18
1390,1390,2445,(株)タカミヤ,東証STD,419,+1,0.24,"62,400",2026/08/18
1391,1391,3030,(株)ハブ,東証STD,840,+2,0.24,"5,300",2026/08/18
1392,1392,3668,(株)コロプラ,東証PRM,416,+1,0.24,"541,100",2026/08/18
1393,1393,3835,ｅＢＡＳＥ(株),東証PRM,425,+1,0.24,"46,700",2026/08/18
1394,1394,4923,コタ(株),東証PRM,"1,241",+3,0.24,"21,800",2026/08/18
1395,1395,518A,(NEXTFUNDS) FTSE日本株高配当キャッシュフロー50,東証ETF,"2,065",+5,0.24,"33,027",2026/08/18
1396,1396,7839,(株)ＳＨＯＥＩ,東証PRM,"2,047",+5,0.24,"120,100",2026/08/18
1397,1397,8282,(株)ケーズホールディングス,東証PRM,"1,916.5",+4.5,0.24,"645,000",2026/08/18
1398,1398,9048,名古屋鉄道(株),東証PRM,"1,864.5",+4.5,0.24,"487,800",2026/08/18
1399,1399,1543,純パラジウム上場信託(現物国内保管型),東証ETF,"61,290",+140,0.23,212,2026/08/18
1400,1400,1615,(NEXT FUNDS)東証銀行業株価指数連動型上場投信,東証ETF,770.3,+1.8,0.23,"2,763,660",2026/08/18
1401,1401,3020,アプライド(株),東証STD,"4,410",+10,0.23,"2,000",2026/08/18
1402,1402,3248,(株)アールエイジ,東証STD,890,+2,0.23,300,2026/08/18
1403,1403,492A,One ETF 日本国債 高クーポン(平均残存10年未満),東証ETF,968.2,+2.2,0.23,160,2026/08/18
1404,1404,589A,ネイス(株),東証GRT,"1,300",+3,0.23,"28,700",2026/08/18
1405,1405,5988,(株)パイオラックス,東証PRM,"1,721",+4,0.23,"83,100",2026/08/18
1406,1406,7075,(株)ＱＬＳホールディングス,東証GRT,855,+2,0.23,"6,700",2026/08/18
1407,1407,7297,(株)カーメイト,東証STD,864,+2,0.23,"1,000",2026/08/18
1408,1408,7812,(株)クレステック,東証STD,"2,144",+5,0.23,"2,800",2026/08/18
1409,1409,2253,GX スーパーディビィデンド-US,東証ETF,"1,353",+3,0.22,"5,348",2026/08/18
1410,1410,2485,(株)ティア,東証STD,447,+1,0.22,"59,000",2026/08/18
1411,1411,2753,(株)あみやき亭,東証PRM,"1,391",+3,0.22,"29,800",2026/08/18
1412,1412,3457,(株)Ａｎｄ　Ｄｏホールディングス,東証PRM,924,+2,0.22,"186,600",2026/08/18
1413,1413,404A,GX チャイナテック・トップ10,東証ETF,"1,359",+3,0.22,"11,259",2026/08/18
1414,1414,4633,サカタインクス(株),東証PRM,"2,681",+6,0.22,"132,500",2026/08/18
1415,1415,7949,小松ウオール工業(株),東証PRM,"2,776",+6,0.22,"41,000",2026/08/18
1416,1416,3641,(株)パピレス,東証STD,974,+2,0.21,"2,300",2026/08/18
1417,1417,4578,大塚ホールディングス(株),東証PRM,"12,040",+25,0.21,"832,200",2026/08/18
1418,1418,4671,(株)ファルコホールディングス,東証STD,"2,819",+6,0.21,"12,400",2026/08/18
1419,1419,5458,高砂鐵工(株),東証STD,"1,422",+3,0.21,600,2026/08/18
1420,1420,5589,(株)オートサーバー,東証STD,"2,840",+6,0.21,"1,300",2026/08/18
1421,1421,6577,(株)ベストワンドットコム,東証GRT,"1,903",+4,0.21,"1,500",2026/08/18
1422,1422,7130,ヤマエグループホールディングス(株),東証PRM,"2,912",+6,0.21,"75,400",2026/08/18
1423,1423,7266,(株)今仙電機製作所,東証STD,960,+2,0.21,"21,700",2026/08/18
1424,1424,7863,(株)平賀,東証STD,935,+2,0.21,600,2026/08/18
1425,1425,8955,日本プライムリアルティ投資法人,東証,"97,000",+200,0.21,"6,287",2026/08/18
1426,1426,9503,関西電力(株),東証PRM,"2,398.5",+5,0.21,"2,183,000",2026/08/18
1427,1427,1677,上場インデックスファンド海外債券毎月分配,東証ETF,"59,960",+120,0.2,270,2026/08/18
1428,1428,2154,(株)オープンアップグループ,東証PRM,"2,027",+4,0.2,"145,400",2026/08/18
1429,1429,2291,福留ハム(株),東証STD,512,+1,0.2,"3,800",2026/08/18
1430,1430,3116,トヨタ紡織(株),東証PRM,"2,257",+4.5,0.2,"413,300",2026/08/18
1431,1431,415A,ＧＭＯ　ＴＥＣＨホールディングス(株),東証GRT,"5,090",+10,0.2,"3,000",2026/08/18
1432,1432,6073,(株)アサンテ,東証PRM,"1,508",+3,0.2,"4,900",2026/08/18
1433,1433,7485,岡谷鋼機(株),名証PRM,"5,070",+10,0.2,"13,600",2026/08/18
1434,1434,8934,サンフロンティア不動産(株),東証PRM,"2,472",+5,0.2,"89,200",2026/08/18
1435,1435,8935,(株)ＦＪネクストホールディングス,東証PRM,"2,052",+4,0.2,"55,900",2026/08/18
1436,1436,8954,オリックス不動産投資法人,東証,"99,700",+200,0.2,"14,507",2026/08/18
1437,1437,9468,(株)ＫＡＤＯＫＡＷＡ,東証PRM,"3,530",+7,0.2,"428,500",2026/08/18
1438,1438,2497,ユナイテッド(株),東証GRT,527,+1,0.19,"22,700",2026/08/18
1439,1439,3089,テクノアルファ(株),東証STD,"1,049",+2,0.19,"5,600",2026/08/18
1440,1440,3359,(株)ｃｏｔｔａ,東証GRT,523,+1,0.19,"10,900",2026/08/18
1441,1441,3803,イメージ情報開発(株),東証GRT,530,+1,0.19,"40,400",2026/08/18
1442,1442,3984,(株)ユーザーローカル,東証PRM,"1,575",+3,0.19,"97,500",2026/08/18
1443,1443,4194,ビジョナル(株),東証PRM,"9,081",+17,0.19,"168,000",2026/08/18
1444,1444,5185,(株)フコク,東証PRM,"2,088",+4,0.19,"67,000",2026/08/18
1445,1445,5947,リンナイ(株),東証PRM,"3,616",+7,0.19,"262,900",2026/08/18
1446,1446,6277,ホソカワミクロン(株),東証PRM,"5,160",+10,0.19,"28,800",2026/08/18
1447,1447,7065,ユーピーアール(株),東証STD,"1,028",+2,0.19,"8,800",2026/08/18
1448,1448,7076,名南Ｍ＆Ａ(株),名証MN,"1,037",+2,0.19,"1,100",2026/08/18
1449,1449,7832,(株)バンダイナムコホールディングス,東証PRM,"5,342",+10,0.19,"1,784,700",2026/08/18
1450,1450,9835,(株)ジュンテンドー,東証STD,514,+1,0.19,"4,900",2026/08/18
1451,1451,1494,One ETF 高配当日本株,東証ETF,"43,870",+80,0.18,"1,182",2026/08/18
1452,1452,2009,鳥越製粉(株),東証STD,"1,089",+2,0.18,"16,600",2026/08/18
1453,1453,2168,(株)パソナグループ,東証PRM,"1,643",+3,0.18,"167,100",2026/08/18
1454,1454,2267,(株)ヤクルト本社,東証PRM,"2,845.5",+5,0.18,"1,177,100",2026/08/18
1455,1455,2933,(株)紀文食品,東証PRM,"1,113",+2,0.18,"42,900",2026/08/18
1456,1456,4927,(株)ポーラ・オルビスホールディングス,東証PRM,"1,380",+2.5,0.18,"439,400",2026/08/18
1457,1457,5480,日本冶金工業(株),東証PRM,"5,500",+10,0.18,"42,100",2026/08/18
1458,1458,7544,(株)スリーエフ,東証STD,557,+1,0.18,"1,900",2026/08/18
1459,1459,7938,(株)リーガルコーポレーション,東証STD,"2,198",+4,0.18,"1,400",2026/08/18
1460,1460,9643,中日本興業(株),名証MN,"10,980",+20,0.18,200,2026/08/18
1461,1461,9686,東洋テック(株),東証STD,"1,670",+3,0.18,900,2026/08/18
1462,1462,2229,カルビー(株),東証PRM,"3,011",+5,0.17,"257,400",2026/08/18
1463,1463,2511,(NEXT FUNDS)外国債券・FTSE世界国債(除く日本・H無),東証ETF,"1,186",+2,0.17,"28,730",2026/08/18
1464,1464,2597,(株)ユニカフェ,東証STD,"1,179",+2,0.17,"6,900",2026/08/18
1465,1465,274A,(株)ガーデン,東証STD,"2,356",+4,0.17,"3,100",2026/08/18
1466,1466,3918,ＰＣＩホールディングス(株),東証STD,"1,162",+2,0.17,"5,500",2026/08/18
1467,1467,4820,(株)ＥＭシステムズ,東証PRM,591,+1,0.17,"146,500",2026/08/18
1468,1468,504A,イノバセル(株),東証GRT,592,+1,0.17,"44,700",2026/08/18
1469,1469,5279,日本興業(株),東証STD,"1,189",+2,0.17,"3,200",2026/08/18
1470,1470,6405,鈴茂器工(株),東証STD,"1,179",+2,0.17,"20,300",2026/08/18
1471,1471,7399,(株)ナンシン,東証STD,595,+1,0.17,"2,100",2026/08/18
1472,1472,8876,(株)リログループ,東証PRM,"2,122",+3.5,0.17,"376,200",2026/08/18
1473,1473,9418,(株)Ｕ－ＮＥＸＴ　ＨＯＬＤＩＮＧＳ,東証PRM,"1,729",+3,0.17,"552,600",2026/08/18
1474,1474,138A,光フードサービス(株),東証GRT,"3,070",+5,0.16,"1,800",2026/08/18
1475,1475,1420,サンヨーホームズ(株),東証STD,632,+1,0.16,"12,800",2026/08/18
1476,1476,1656,iシェアーズ･コア 米国債7-10年 ETF,東証ETF,310.6,+0.5,0.16,"663,120",2026/08/18
1477,1477,1820,西松建設(株),東証PRM,"5,536",+9,0.16,"115,600",2026/08/18
1478,1478,2114,フジ日本(株),東証STD,646,+1,0.16,"9,300",2026/08/18
1479,1479,2428,ウェルネット(株),東証STD,631,+1,0.16,"37,100",2026/08/18
1480,1480,4801,セントラルスポーツ(株),東証PRM,"2,452",+4,0.16,"7,500",2026/08/18
1481,1481,5195,バンドー化学(株),東証PRM,"2,468",+4,0.16,"38,000",2026/08/18
1482,1482,6393,油研工業(株),東証STD,"3,070",+5,0.16,"1,900",2026/08/18
1483,1483,7012,川崎重工業(株),東証PRM,"2,860",+4.5,0.16,"10,456,600",2026/08/18
1484,1484,8473,ＳＢＩホールディングス(株),東証PRM,"3,075",+5,0.16,"2,141,500",2026/08/18
1485,1485,9033,広島電鉄(株),東証STD,633,+1,0.16,"8,100",2026/08/18
1486,1486,9946,ミニストップ(株),東証PRM,"1,827",+3,0.16,"55,000",2026/08/18
1487,1487,9986,蔵王産業(株),東証STD,"2,500",+4,0.16,"1,100",2026/08/18
1488,1488,1325,(NEXT FUNDS)ブラジル株式指数上場投信,東証ETF,270.9,+0.4,0.15,"11,860",2026/08/18
1489,1489,2735,(株)ワッツ,東証STD,685,+1,0.15,"29,800",2026/08/18
1490,1490,2750,石光商事(株),東証STD,"1,346",+2,0.15,"8,300",2026/08/18
1491,1491,3123,サイボー(株),東証STD,651,+1,0.15,"5,200",2026/08/18
1492,1492,3326,(株)ランシステム,東証STD,660,+1,0.15,600,2026/08/18
1493,1493,3800,(株)ユニリタ,東証STD,"1,979",+3,0.15,"6,100",2026/08/18
1494,1494,3974,ＳＣＡＴ(株),東証STD,670,+1,0.15,"1,400",2026/08/18
1495,1495,3987,エコモット(株),東証GRT,674,+1,0.15,"9,500",2026/08/18
1496,1496,4398,(株)ブロードバンドセキュリティ,東証STD,"1,293",+2,0.15,"5,200",2026/08/18
1497,1497,4728,(株)トーセ,東証STD,650,+1,0.15,"2,200",2026/08/18
1498,1498,5597,ブルーイノベーション(株),東証GRT,"1,342",+2,0.15,"68,300",2026/08/18
1499,1499,5852,(株)アーレスティ,東証PRM,679,+1,0.15,"134,500",2026/08/18
1500,1500,8276,(株)平和堂,東証PRM,"2,749",+4,0.15,"1,297,300",2026/08/18
1501,1501,8354,(株)ふくおかフィナンシャルグループ,東証PRM,"7,763",+12,0.15,"662,800",2026/08/18
1502,1502,8614,東洋証券(株),東証PRM,682,+1,0.15,"398,900",2026/08/18
1503,1503,9306,東陽倉庫(株),東証STD,"2,006",+3,0.15,"14,100",2026/08/18
1504,1504,9628,燦ホールディングス(株),東証PRM,"1,375",+2,0.15,"46,800",2026/08/18
1505,1505,9942,(株)ジョイフル,福証,"1,336",+2,0.15,"7,700",2026/08/18
1506,1506,256A,飛島ホールディングス(株),東証PRM,"2,145",+3,0.14,"239,100",2026/08/18
1507,1507,4245,(株)ダイキアクシス,東証STD,708,+1,0.14,"17,600",2026/08/18
1508,1508,4548,生化学工業(株),東証PRM,708,+1,0.14,"92,800",2026/08/18
1509,1509,5805,ＳＷＣＣ(株),東証PRM,"14,700",+20,0.14,"496,700",2026/08/18
1510,1510,6087,(株)アビスト,東証STD,"3,515",+5,0.14,"1,200",2026/08/18
1511,1511,7131,のむら産業(株),東証STD,"3,620",+5,0.14,"3,000",2026/08/18
1512,1512,7322,(株)三十三フィナンシャルグループ,東証PRM,"2,081",+3,0.14,"363,300",2026/08/18
1513,1513,7506,(株)ハウス　オブ　ローゼ,東証STD,"1,382",+2,0.14,700,2026/08/18
1514,1514,8123,川辺(株),東証STD,"1,383",+2,0.14,"1,200",2026/08/18
1515,1515,8225,(株)タカチホ,東証STD,"3,505",+5,0.14,300,2026/08/18
1516,1516,8306,(株)三菱ＵＦＪフィナンシャル・グループ,東証PRM,"3,654",+5,0.14,"29,977,100",2026/08/18
1517,1517,9028,(株)ゼロ,東証STD,"3,555",+5,0.14,"7,300",2026/08/18
1518,1518,9265,ヤマシタヘルスケアホールディングス(株),東証STD,"3,705",+5,0.14,700,2026/08/18
1519,1519,141A,(株)トライアルホールディングス,東証GRT,"3,795",+5,0.13,"840,700",2026/08/18
1520,1520,1659,iシェアーズ 米国リート ETF,東証ETF,"3,968",+5,0.13,"2,675",2026/08/18
1521,1521,2311,(株)エプコ,東証STD,785,+1,0.13,"3,400",2026/08/18
1522,1522,3989,シェアリングテクノロジー(株),東証GRT,"1,497",+2,0.13,"163,800",2026/08/18
1523,1523,4204,積水化学工業(株),東証PRM,"2,656",+3.5,0.13,"1,536,200",2026/08/18
1524,1524,4665,(株)ダスキン,東証PRM,"4,549",+6,0.13,"82,900",2026/08/18
1525,1525,5253,カバー(株),東証GRT,"1,540",+2,0.13,"1,809,700",2026/08/18
1526,1526,7555,(株)大田花き,東証STD,745,+1,0.13,500,2026/08/18
1527,1527,7636,(株)ハンズマン,東証STD,798,+1,0.13,"8,500",2026/08/18
1528,1528,8572,アコム(株),東証STD,480.4,+0.6,0.13,"1,074,500",2026/08/18
1529,1529,9385,(株)ショーエイコーポレーション,東証STD,756,+1,0.13,"9,000",2026/08/18
1530,1530,9533,東邦ガス(株),東証PRM,"1,186.5",+1.5,0.13,"818,700",2026/08/18
1531,1531,9692,(株)シーイーシー,東証PRM,"2,353",+3,0.13,"96,800",2026/08/18
1532,1532,3420,(株)ケー・エフ・シー,東証STD,"1,613",+2,0.12,"1,300",2026/08/18
1533,1533,6080,Ｍ＆Ａキャピタルパートナーズ(株),東証PRM,"4,060",+5,0.12,"98,900",2026/08/18
1534,1534,7140,ペットゴー(株),東証GRT,803,+1,0.12,400,2026/08/18
1535,1535,7502,(株)プラザホールディングス,東証STD,"1,673",+2,0.12,500,2026/08/18
1536,1536,7823,(株)アートネイチャー,東証STD,840,+1,0.12,"62,000",2026/08/18
1537,1537,7988,(株)ニフコ,東証PRM,"5,059",+6,0.12,"232,700",2026/08/18
1538,1538,8007,高島(株),東証PRM,809,+1,0.12,"51,500",2026/08/18
1539,1539,8616,東海東京フィナンシャル・ホールディングス(株),東証PRM,834,+1,0.12,"412,800",2026/08/18
1540,1540,8707,岩井コスモホールディングス(株),東証PRM,"4,345",+5,0.12,"75,500",2026/08/18
1541,1541,9436,沖縄セルラー電話(株),東証STD,"4,010",+5,0.12,"120,400",2026/08/18
1542,1542,9517,イーレックス(株),東証PRM,852,+1,0.12,"347,700",2026/08/18
1543,1543,1622,(NEXT FUNDS)自動車･輸送機上場投信,東証ETF,"35,060",+40,0.11,"1,164",2026/08/18
1544,1544,25935,(株)伊藤園第1種優先株式,東証PRM,"1,792",+2,0.11,"13,100",2026/08/18
1545,1545,3361,(株)トーエル,東証STD,873,+1,0.11,400,2026/08/18
1546,1546,3692,(株)ＦＦＲＩセキュリティ,東証GRT,"4,745",+5,0.11,"127,300",2026/08/18
1547,1547,3946,(株)トーモク,東証PRM,"4,720",+5,0.11,"92,200",2026/08/18
1548,1548,4016,ＭＩＴホールディングス(株),東証STD,942,+1,0.11,"1,600",2026/08/18
1549,1549,414A,(株)オーバーラップホールディングス,東証GRT,905,+1,0.11,"49,000",2026/08/18
1550,1550,4270,(株)ＢｅｅＸ,東証GRT,"1,855",+2,0.11,"5,700",2026/08/18
1551,1551,5541,大平洋金属(株),東証PRM,"2,662",+3,0.11,"198,300",2026/08/18
1552,1552,606A,金2倍ブルETF,東証ETF,"22,830",+25,0.11,"3,310",2026/08/18
1553,1553,7515,(株)マルヨシセンター,東証STD,"4,595",+5,0.11,300,2026/08/18
1554,1554,8771,イー・ギャランティ(株),東証PRM,"1,864",+2,0.11,"100,400",2026/08/18
1555,1555,9041,近鉄グループホールディングス(株),東証PRM,"3,536",+4,0.11,"405,500",2026/08/18
1556,1556,9173,東海汽船(株),東証STD,"2,835",+3,0.11,"1,200",2026/08/18
1557,1557,9537,北陸ガス(株),東証STD,"4,490",+5,0.11,200,2026/08/18
1558,1558,9837,モリト(株),東証PRM,"1,862",+2,0.11,"53,700",2026/08/18
1559,1559,1798,(株)守谷商会,東証STD,"1,003",+1,0.1,"16,500",2026/08/18
1560,1560,2085,MAXIS 高配当日本株アクティブ,東証ETF,780.8,+0.8,0.1,"23,880",2026/08/18
1561,1561,2594,キーコーヒー(株),東証PRM,"2,025",+2,0.1,"68,300",2026/08/18
1562,1562,2883,(株)大冷,東証STD,"2,005",+2,0.1,"2,000",2026/08/18
1563,1563,4098,チタン工業(株),東証STD,"1,030",+1,0.1,"4,400",2026/08/18
1564,1564,4261,アジアクエスト(株),東証GRT,"2,893",+3,0.1,"15,300",2026/08/18
1565,1565,4666,パーク２４(株),東証PRM,"1,998",+2,0.1,"577,800",2026/08/18
1566,1566,5368,日本インシュレーション(株),東証STD,"1,015",+1,0.1,"2,300",2026/08/18
1567,1567,539A,NZAM 上場投信 海外債券(FTSE WGBI除く日本)(H無),東証ETF,"4,962",+5,0.1,2,2026/08/18
1568,1568,5440,共英製鋼(株),東証PRM,"2,000",+2,0.1,"90,900",2026/08/18
1569,1569,5817,ＪＭＡＣＳ(株),東証STD,"1,041",+1,0.1,"81,500",2026/08/18
1570,1570,5990,(株)スーパーツール,東証STD,"1,947",+2,0.1,400,2026/08/18
1571,1571,7058,共栄セキュリティーサービス(株),東証STD,"2,911",+3,0.1,700,2026/08/18
1572,1572,7871,フクビ化学工業(株),東証STD,"1,040",+1,0.1,"3,700",2026/08/18
1573,1573,9110,ＮＳユナイテッド海運(株),東証PRM,"10,450",+10,0.1,"105,400",2026/08/18
1574,1574,9359,伊勢湾海運(株),名証MN,954,+1,0.1,"1,300",2026/08/18
1575,1575,9361,伏木海陸運送(株),東証STD,"2,015",+2,0.1,300,2026/08/18
1576,1576,1651,iFreeETF TOPIX高配当40指数,東証ETF,"3,243",+3,0.09,"14,798",2026/08/18
1577,1577,2251,(NEXT FUNDS) JPX国債先物ダブルインバース,東証ETF,908.2,+0.8,0.09,"22,280",2026/08/18
1578,1578,273A,SBI サウジアラビア株式上場投信,東証ETF,"9,949",+9,0.09,137,2026/08/18
1579,1579,2868,GX S&P500・カバード・コール,東証ETF,"1,146",+1,0.09,"10,193",2026/08/18
1580,1580,3023,ラサ商事(株),東証STD,"2,122",+2,0.09,"35,800",2026/08/18
1581,1581,3172,ティーライフ(株),東証STD,"1,127",+1,0.09,"1,300",2026/08/18
1582,1582,3181,(株)買取王国,東証STD,"1,080",+1,0.09,"1,300",2026/08/18
1583,1583,3676,(株)デジタルハーツホールディングス,東証PRM,"1,059",+1,0.09,"697,200",2026/08/18
1584,1584,7083,ＡＨＣグループ(株),東証GRT,"1,060",+1,0.09,"1,800",2026/08/18
1585,1585,7893,(株)プロネクサス,東証PRM,"1,149",+1,0.09,"61,700",2026/08/18
1586,1586,9765,(株)オオバ,東証PRM,"1,150",+1,0.09,"12,700",2026/08/18
1587,1587,1478,iシェアーズ MSCI ジャパン高配当利回り ETF,東証ETF,"5,239",+4,0.08,"9,205",2026/08/18
1588,1588,1486,上場インデックスファンド米国債券(H無),東証ETF,"23,685",+20,0.08,"1,852",2026/08/18
1589,1589,2668,タビオ(株),東証STD,"1,267",+1,0.08,400,2026/08/18
1590,1590,2865,GX NASDAQ100・カバード・コール,東証ETF,"1,273",+1,0.08,"207,336",2026/08/18
1591,1591,3287,星野リゾート・リート投資法人,東証,"241,500",+200,0.08,"1,325",2026/08/18
1592,1592,3320,クロスプラス(株),東証STD,"1,305",+1,0.08,"3,400",2026/08/18
1593,1593,3426,アトムリビンテック(株),東証STD,"1,286",+1,0.08,200,2026/08/18
1594,1594,448A,ステート・ストリート・スパイダー ゴールド ETF(H有),東証ETF,264,+0.2,0.08,"8,420",2026/08/18
1595,1595,515A,iシェアーズ 高格付け日本円社債 ETF,東証ETF,500.6,+0.4,0.08,"19,230",2026/08/18
1596,1596,5983,イワブチ(株),東証STD,"13,130",+10,0.08,800,2026/08/18
1597,1597,7809,(株)壽屋,東証STD,"1,320",+1,0.08,"2,400",2026/08/18
1598,1598,7860,エイベックス(株),東証PRM,"1,253",+1,0.08,"149,500",2026/08/18
1599,1599,9322,川西倉庫(株),東証STD,"2,483",+2,0.08,"2,600",2026/08/18
1600,1600,2838,MAXIS 米国国債7-10年上場投信(H無),東証ETF,"8,703",+6,0.07,207,2026/08/18
1601,1601,2907,(株)あじかん,東証STD,"1,520",+1,0.07,"2,900",2026/08/18
1602,1602,3045,(株)カワサキ,東証STD,"1,501",+1,0.07,700,2026/08/18
1603,1603,328A,GX プライシングパワー・リーダーズ-日本株式,東証ETF,"1,385",+1,0.07,905,2026/08/18
1604,1604,4102,丸尾カルシウム(株),東証STD,"1,455",+1,0.07,500,2026/08/18
1605,1605,4212,積水樹脂(株),東証PRM,"2,783",+2,0.07,"72,800",2026/08/18
1606,1606,4361,川口化学工業(株),東証STD,"1,517",+1,0.07,"1,200",2026/08/18
1607,1607,4800,オリコン(株),東証STD,"1,358",+1,0.07,"75,400",2026/08/18
1608,1608,5391,(株)エーアンドエーマテリアル,東証STD,"1,527",+1,0.07,"12,600",2026/08/18
1609,1609,7126,グローバルスタイル(株),東証STD,"1,424",+1,0.07,"4,700",2026/08/18
1610,1610,7683,(株)ダブルエー,東証PRM,"1,390",+1,0.07,"16,700",2026/08/18
1611,1611,2515,(NEXT FUNDS)外国REIT･S&P先進国REIT(除く日本・H無),東証ETF,"1,714",+1,0.06,"4,005",2026/08/18
1612,1612,2700,木徳神糧(株),東証STD,"1,808",+1,0.06,"10,600",2026/08/18
1613,1613,452A,iシェアーズ S&P500プレミアムインカム,東証ETF,824,+0.5,0.06,"108,640",2026/08/18
1614,1614,7827,(株)オービス,東証STD,"1,731",+1,0.06,"2,200",2026/08/18
1615,1615,8141,新光商事(株),東証PRM,"1,567",+1,0.06,"25,700",2026/08/18
1616,1616,9744,(株)メイテックグループホールディングス,東証PRM,"3,307",+2,0.06,"251,800",2026/08/18
1617,1617,1675,WisdomTree パラジウム上場投信,東証ETF,"19,310",+10,0.05,164,2026/08/18
1618,1618,2593,(株)伊藤園,東証PRM,"2,937",+1.5,0.05,"268,700",2026/08/18
1619,1619,2613,(株)Ｊ－オイルミルズ,東証PRM,"2,175",+1,0.05,"62,400",2026/08/18
1620,1620,3591,(株)ワコールホールディングス,東証PRM,"4,222",+2,0.05,"92,700",2026/08/18
1621,1621,4931,新日本製薬(株),東証PRM,"2,051",+1,0.05,"27,000",2026/08/18
1622,1622,496A,One ETF 日本国債 17-20年,東証ETF,930.7,+0.5,0.05,"79,960",2026/08/18
1623,1623,5702,(株)大紀アルミニウム工業所,東証PRM,"1,860",+1,0.05,"234,600",2026/08/18
1624,1624,6111,旭精機工業(株),名証MN,"2,013",+1,0.05,"1,600",2026/08/18
1625,1625,6294,オカダアイヨン(株),東証PRM,"1,943",+1,0.05,"28,500",2026/08/18
1626,1626,6381,アネスト岩田(株),東証PRM,"1,935",+1,0.05,"63,700",2026/08/18
1627,1627,2510,(NEXT FUNDS)国内債券・NOMURA-BPI総合,東証ETF,800.4,+0.3,0.04,"45,020",2026/08/18
1628,1628,3947,ダイナパック(株),東証STD,"2,458",+1,0.04,"3,900",2026/08/18
1629,1629,4771,(株)エフアンドエム,東証STD,"2,677",+1,0.04,"9,600",2026/08/18
1630,1630,8381,(株)山陰合同銀行,東証PRM,"2,640",+1,0.04,"447,600",2026/08/18
1631,1631,9733,(株)ナガセ,東証STD,"2,288",+1,0.04,"11,100",2026/08/18
1632,1632,1678,(NEXT FUNDS)インド株式指数上場投信,東証ETF,311,+0.1,0.03,"457,840",2026/08/18
1633,1633,2647,(NEXT FUNDS)ブルームバーグ米国国債(7-10年)(H無),東証ETF,"5,896",+2,0.03,600,2026/08/18
1634,1634,4124,大阪油化工業(株),東証STD,"2,897",+1,0.03,"1,700",2026/08/18
1635,1635,570A,iシェアーズ 日本国債0-1年,東証ETF,901.4,+0.3,0.03,"5,040",2026/08/18
1636,1636,6282,オイレス工業(株),東証PRM,"2,961",+1,0.03,"53,800",2026/08/18
1637,1637,9404,日本テレビホールディングス(株),東証PRM,"2,927.5",+1,0.03,"444,600",2026/08/18
1638,1638,1631,(NEXT FUNDS)銀行上場投信,東証ETF,"41,470",+10,0.02,"5,622",2026/08/18
1639,1639,92025,ＡＮＡホールディングス（株）第１回社債型種類株式,東証PRM,"4,800",+1,0.02,"1,200",2026/08/18
1640,1640,9502,中部電力(株),東証PRM,"2,850",+0.5,0.02,"2,672,900",2026/08/18
1641,1641,502A,GX 超短期円建て債券,東証ETF,901,+0.1,0.01,"86,280",2026/08/18
1642,1642,8411,(株)みずほフィナンシャルグループ,東証PRM,"8,531",+1,0.01,"8,030,300",2026/08/18
