順位(全市場),順位,コード,銘柄名,市場,現在値,前日比,騰落率(%),出来高,時刻
1,1,4052,フィーチャ(株),東証GRT,401,+80,24.92,"1,761,000",2026/07/27
2,2,5242,(株)アイズ,東証GRT,"2,709",+500,22.63,"98,800",2026/07/27
3,3,5253,カバー(株),東証GRT,"1,650",+300,22.22,"6,710,300",2026/07/27
4,4,6993,大黒屋ホールディングス(株),東証STD,101,+18,21.69,"37,214,700",2026/07/27
5,5,8995,(株)誠建設工業,東証STD,943,+150,18.92,"166,100",2026/07/27
6,6,5240,ｍｏｎｏＡＩ　ｔｅｃｈｎｏｌｏｇｙ(株),東証GRT,250,+37,17.37,"3,861,500",2026/07/27
7,7,3260,(株)エスポア,名証NXT,742,+100,15.58,"2,200",2026/07/27
8,8,3047,(株)ＴＲＵＣＫ－ＯＮＥ,福岡Q,"1,190",+150,14.42,"4,100",2026/07/27
9,9,2050,NEXT NOTES ニッチトップ中小型日本株(NR)ETN,東証ETF,"35,710","+4,200",13.33,12,2026/07/27
10,10,3445,(株)ＲＳ　Ｔｅｃｈｎｏｌｏｇｉｅｓ,東証PRM,"7,100",+830,13.24,"498,700",2026/07/27
11,11,4833,(株)Ｄｅｆ　ｃｏｎｓｕｌｔｉｎｇ,東証GRT,48,+5,11.63,"2,591,400",2026/07/27
12,12,6330,東洋エンジニアリング(株),東証PRM,"2,095",+211,11.2,"6,172,400",2026/07/27
13,13,7819,粧美堂(株),東証STD,995,+99,11.05,"119,300",2026/07/27
14,14,9256,(株)サクシード,東証GRT,"2,346",+226,10.66,"1,095,500",2026/07/27
15,15,5574,(株)ＡＢＥＪＡ,東証GRT,"2,515",+228,9.97,"242,300",2026/07/27
16,16,2437,Ｓｈｉｎｗａ　Ｗｉｓｅ　Ｈｏｌｄｉｎｇｓ(株),東証STD,680,+61,9.85,"246,300",2026/07/27
17,17,6228,(株)ジェイ・イー・ティ,東証STD,537,+48,9.82,"103,200",2026/07/27
18,18,4434,(株)サーバーワークス,東証STD,"2,070",+181,9.58,"187,700",2026/07/27
19,19,4373,シンプレクス・ホールディングス(株),東証PRM,"1,146",+99,9.46,"1,856,900",2026/07/27
20,20,338A,(株)ＺｅｎｍｕＴｅｃｈ,東証GRT,"2,308",+198,9.38,"68,800",2026/07/27
21,21,3697,(株)ＳＨＩＦＴ,東証PRM,882.2,+75.2,9.32,"12,484,000",2026/07/27
22,22,6548,(株)旅工房,東証GRT,118,+10,9.26,"1,785,400",2026/07/27
23,23,6335,(株)東京機械製作所,東証STD,730,+61,9.12,"42,900",2026/07/27
24,24,6532,(株)ベイカレント,東証PRM,"7,106",+584,8.95,"2,480,200",2026/07/27
25,25,6836,ぷらっとホーム(株),東証STD,819,+67,8.91,"41,800",2026/07/27
26,26,9082,大和自動車交通(株),東証STD,"1,760",+140,8.64,"3,400",2026/07/27
27,27,4664,ＲＳＣ,東証STD,992,+77,8.42,"123,500",2026/07/27
28,28,550A,(株)ソフトテックス,東証STD,"2,330",+180,8.37,"13,900",2026/07/27
29,29,3712,(株)情報企画,東証STD,"1,096",+83,8.19,"53,000",2026/07/27
30,30,8746,ｕｎｂａｎｋｅｄ(株),東証STD,106,+8,8.16,"396,100",2026/07/27
31,31,4194,ビジョナル(株),東証PRM,"9,060",+673,8.02,"300,600",2026/07/27
32,32,4424,(株)Ａｍａｚｉａ,東証GRT,409,+30,7.92,"2,564,300",2026/07/27
33,33,4448,(株)ｋｕｂｅｌｌ,東証GRT,300,+22,7.91,"140,200",2026/07/27
34,34,4575,(株)キャンバス,東証GRT,769,+55,7.7,"269,900",2026/07/27
35,35,4911,(株)資生堂,東証PRM,"3,277",+232,7.62,"4,457,700",2026/07/27
36,36,7832,(株)バンダイナムコホールディングス,東証PRM,"4,419",+308,7.49,"2,739,900",2026/07/27
37,37,8136,(株)サンリオ,東証PRM,"1,245.5",+86,7.42,"23,998,500",2026/07/27
38,38,7803,(株)ブシロード,東証GRT,394,+27,7.36,"1,813,100",2026/07/27
39,39,3659,(株)ネクソン,東証PRM,"2,444.5",+166.5,7.31,"3,245,900",2026/07/27
40,40,5136,ｔｒｉｐｌａ(株),東証GRT,"1,766",+120,7.29,"31,600",2026/07/27
41,41,5027,ＡｎｙＭｉｎｄ　Ｇｒｏｕｐ(株),東証GRT,561,+38,7.27,"256,200",2026/07/27
42,42,7255,(株)桜井製作所,東証STD,548,+37,7.24,"63,600",2026/07/27
43,43,3923,(株)ラクス,東証PRM,"1,030",+69.2,7.2,"2,056,300",2026/07/27
44,44,4180,Ａｐｐｉｅｒ　Ｇｒｏｕｐ(株),東証PRM,913,+61,7.16,"906,400",2026/07/27
45,45,4722,フューチャー(株),東証PRM,"2,368",+158,7.15,"842,500",2026/07/27
46,46,7063,(株)Ｂｉｒｄｍａｎ,東証GRT,90,+6,7.14,"424,700",2026/07/27
47,47,9308,乾汽船(株),東証STD,"1,860",+124,7.14,"283,000",2026/07/27
48,48,184A,(株)学びエイド,東証GRT,333,+22,7.07,"20,600",2026/07/27
49,49,1770,藤田エンジニアリング(株),東証STD,"2,290",+150,7.01,"6,400",2026/07/27
50,50,4684,(株)オービック,東証PRM,"4,485",+293,6.99,"2,522,500",2026/07/27
51,51,7138,(株)ＴＯＲＩＣＯ,東証GRT,138,+9,6.98,"651,500",2026/07/27
52,52,7383,(株)ネットプロテクションズホールディングス,東証PRM,430,+28,6.97,"668,100",2026/07/27
53,53,3661,(株)エムアップホールディングス,東証PRM,786,+50,6.79,"789,400",2026/07/27
54,54,3760,(株)ケイブ,東証STD,774,+49,6.76,"57,900",2026/07/27
55,55,4199,ワンダープラネット(株),東証GRT,844,+53,6.7,"42,800",2026/07/27
56,56,4058,トヨクモ(株),東証GRT,"2,197",+137,6.65,"29,900",2026/07/27
57,57,5032,ＡＮＹＣＯＬＯＲ(株),東証PRM,"2,637",+164,6.63,"805,100",2026/07/27
58,58,7974,任天堂(株),東証PRM,"7,431",+462,6.63,"11,520,800",2026/07/27
59,59,9560,(株)プログリット,東証GRT,837,+52,6.62,"78,500",2026/07/27
60,60,9603,(株)エイチ・アイ・エス,東証PRM,"1,051",+65,6.59,"963,100",2026/07/27
61,61,9889,ＪＢＣＣホールディングス(株),東証PRM,"1,545",+95,6.55,"214,200",2026/07/27
62,62,6736,サン電子(株),東証STD,"9,860",+600,6.48,"21,500",2026/07/27
63,63,9258,(株)ＣＳ－Ｃ,東証GRT,312,+19,6.48,"1,100",2026/07/27
64,64,5830,(株)いよぎんホールディングス,東証PRM,"3,785",+229,6.44,"1,893,100",2026/07/27
65,65,4475,ＨＥＮＮＧＥ(株),東証GRT,"1,331",+80,6.39,"361,900",2026/07/27
66,66,4687,ＴＤＣソフト(株),東証PRM,"1,070",+64,6.36,"172,500",2026/07/27
67,67,4586,(株)メドレックス,東証GRT,67,+4,6.35,"3,004,800",2026/07/27
68,68,3498,霞ヶ関キャピタル(株),東証PRM,"7,380",+440,6.34,"857,400",2026/07/27
69,69,9766,コナミグループ(株),東証PRM,"19,480","+1,160",6.33,"627,100",2026/07/27
70,70,4443,Ｓａｎｓａｎ(株),東証PRM,"1,900",+113,6.32,"1,531,900",2026/07/27
71,71,4686,(株)ジャストシステム,東証PRM,"3,960",+235,6.31,"128,500",2026/07/27
72,72,1518,三井松島ホールディングス(株),東証PRM,"2,381",+140,6.25,"2,312,900",2026/07/27
73,73,7550,(株)ゼンショーホールディングス,東証PRM,"9,696",+569,6.23,"748,700",2026/07/27
74,74,3635,(株)コーエーテクモホールディングス,東証PRM,"1,596",+93,6.19,"2,035,600",2026/07/27
75,75,6702,富士通(株),東証PRM,"3,482",+203,6.19,"9,088,900",2026/07/27
76,76,9904,(株)ベリテ,東証STD,259,+15,6.15,"74,900",2026/07/27
77,77,7901,(株)マツモト,東証STD,864,+50,6.14,"8,600",2026/07/27
78,78,6305,日立建機(株),東証PRM,"5,680",+328,6.13,"1,424,600",2026/07/27
79,79,6570,(株)共和コーポレーション,東証STD,"2,128",+123,6.13,"22,600",2026/07/27
80,80,558A,(株)ＳＱＵＥＥＺＥ,東証GRT,"4,615",+265,6.09,"21,700",2026/07/27
81,81,3660,(株)アイスタイル,東証PRM,437,+25,6.07,"1,235,400",2026/07/27
82,82,7202,いすゞ自動車(株),東証PRM,"2,410",+138,6.07,"3,704,000",2026/07/27
83,83,6724,セイコーエプソン(株),東証PRM,"3,099",+177,6.06,"2,514,300",2026/07/27
84,84,3064,(株)ＭｏｎｏｔａＲＯ,東証PRM,"1,980",+113,6.05,"2,084,900",2026/07/27
85,85,7030,(株)スプリックス,東証STD,"1,194",+68,6.04,"29,100",2026/07/27
86,86,4478,フリー(株),東証GRT,"2,550",+145,6.03,"479,800",2026/07/27
87,87,6255,(株)エヌ・ピー・シー,東証GRT,616,+35,6.02,"305,900",2026/07/27
88,88,8050,セイコーグループ(株),東証PRM,"7,760",+440,6.01,"239,800",2026/07/27
89,89,4816,東映アニメーション(株),東証STD,"2,870",+162,5.98,"434,600",2026/07/27
90,90,3132,マクニカホールディングス(株),東証PRM,"3,579",+201,5.95,"3,617,200",2026/07/27
91,91,5707,東邦亜鉛(株),東証PRM,858,+48,5.93,"339,100",2026/07/27
92,92,2640,GX ゲーム＆アニメ-日本株式,東証ETF,"3,790",+210,5.87,"36,512",2026/07/27
93,93,7095,(株)Ｍａｃｂｅｅ　Ｐｌａｎｅｔ,東証PRM,"1,208",+67,5.87,"88,100",2026/07/27
94,94,8798,(株)アドバンスクリエイト,東証PRM,129,+7,5.74,"63,500",2026/07/27
95,95,9706,日本空港ビルデング(株),東証PRM,"5,600",+304,5.74,"376,400",2026/07/27
96,96,6460,セガサミーホールディングス(株),東証PRM,"2,664",+144,5.71,"1,292,000",2026/07/27
97,97,3733,(株)ソフトウェア・サービス,東証STD,"10,760",+580,5.7,"9,900",2026/07/27
98,98,6592,マブチモーター(株),東証PRM,"1,705.5",+92,5.7,"1,580,400",2026/07/27
99,99,9684,(株)スクウェア・エニックス・ホールディングス,東証PRM,"2,649",+142.5,5.69,"812,400",2026/07/27
100,100,4418,(株)ＪＤＳＣ,東証GRT,837,+45,5.68,"193,000",2026/07/27
101,101,6849,日本光電,東証PRM,"1,600",+86,5.68,"743,700",2026/07/27
102,102,4901,富士フイルムホールディングス(株),東証PRM,"3,831",+205,5.65,"6,218,000",2026/07/27
103,103,4776,サイボウズ(株),東証PRM,"2,625",+140,5.63,"312,300",2026/07/27
104,104,586A,(NEXT FUNDS) 日経エンタメ・コンテンツ株指数,東証ETF,223.3,+11.9,5.63,"401,810",2026/07/27
105,105,6731,(株)ピクセラ,東証STD,113,+6,5.61,"176,800",2026/07/27
106,106,9051,センコン物流(株),東証STD,"1,362",+72,5.58,"1,900",2026/07/27
107,107,2492,(株)インフォマート,東証PRM,550,+29,5.57,"4,826,900",2026/07/27
108,108,5273,三谷セキサン(株),東証STD,"1,839",+97,5.57,"56,200",2026/07/27
109,109,9552,(株)クオンツ総研ホールディングス,東証PRM,911,+48,5.56,"434,000",2026/07/27
110,110,4661,(株)オリエンタルランド,東証PRM,"2,831.5",+149,5.55,"7,732,300",2026/07/27
111,111,4165,(株)プレイド,東証GRT,572,+30,5.54,"216,600",2026/07/27
112,112,4902,コニカミノルタ(株),東証PRM,682.4,+35.8,5.54,"4,424,900",2026/07/27
113,113,5254,(株)Ａｒｅｎｔ,東証GRT,"4,380",+230,5.54,"27,000",2026/07/27
114,114,4768,(株)大塚商会,東証PRM,"3,193",+167,5.52,"1,287,600",2026/07/27
115,115,6307,サンセイ(株),東証STD,478,+25,5.52,"42,100",2026/07/27
116,116,6496,(株)中北製作所,東証STD,"5,430",+280,5.44,"24,000",2026/07/27
117,117,3984,(株)ユーザーローカル,東証PRM,"1,805",+93,5.43,"73,300",2026/07/27
118,118,4784,ＧＭＯインターネット(株),東証PRM,524,+27,5.43,"1,587,800",2026/07/27
119,119,5587,(株)インバウンドプラットフォーム,東証GRT,912,+47,5.43,"22,700",2026/07/27
120,120,3994,(株)マネーフォワード,東証PRM,"5,700",+293,5.42,"380,200",2026/07/27
121,121,3926,(株)オープンドア,東証STD,412,+21,5.37,"126,100",2026/07/27
122,122,7780,(株)メニコン,東証PRM,"1,765",+90,5.37,"364,300",2026/07/27
123,123,5889,Ｊａｐａｎ　Ｅｙｅｗｅａｒ　Ｈｏｌｄｉｎｇｓ(株),東証PRM,"2,514",+128,5.36,"196,400",2026/07/27
124,124,8237,(株)松屋,東証PRM,"1,778",+90,5.33,"387,700",2026/07/27
125,125,4286,(株)ＣＬホールディングス,東証STD,"1,169",+59,5.32,"33,000",2026/07/27
126,126,6027,弁護士ドットコム(株),東証PRM,"2,316",+117,5.32,"92,800",2026/07/27
127,127,4307,(株)野村総合研究所,東証PRM,"5,196",+261,5.29,"2,345,900",2026/07/27
128,128,4324,(株)電通グループ,東証PRM,"3,561",+179,5.29,"1,223,900",2026/07/27
129,129,9201,日本航空(株),東証PRM,"2,934",+147,5.27,"3,803,500",2026/07/27
130,130,7048,ベルトラ(株),東証GRT,160,+8,5.26,"210,500",2026/07/27
131,131,446A,(株)ノースサンド,東証GRT,"1,526",+76,5.24,"529,000",2026/07/27
132,132,4888,ステラファーマ(株),東証GRT,322,+16,5.23,"311,500",2026/07/27
133,133,3189,(株)ＡＮＡＰホールディングス,東証STD,101,+5,5.21,"84,500",2026/07/27
134,134,8056,ＢＩＰＲＯＧＹ(株),東証PRM,"4,863",+241,5.21,"426,600",2026/07/27
135,135,9449,ＧＭＯインターネットグループ(株),東証PRM,"4,120",+204,5.21,"496,300",2026/07/27
136,136,4417,グローバルセキュリティエキスパート(株),東証GRT,"4,450",+220,5.2,"35,300",2026/07/27
137,137,7378,(株)アシロ,東証GRT,"1,599",+79,5.2,"14,600",2026/07/27
138,138,2934,ジェイフロンティア(株),東証GRT,"1,805",+89,5.19,"24,300",2026/07/27
139,139,4431,(株)スマレジ,東証GRT,"3,050",+150,5.17,"79,500",2026/07/27
140,140,9310,日本トランスシティ(株),東証PRM,"1,322",+65,5.17,"160,900",2026/07/27
141,141,7211,三菱自動車(株),東証PRM,364.9,+17.9,5.16,"14,189,800",2026/07/27
142,142,9616,(株)共立メンテナンス,東証PRM,"3,221",+157,5.12,"1,345,200",2026/07/27
143,143,535A,NZAM 上場投信 DAX(H無),東証ETF,"2,199",+107,5.11,9,2026/07/27
144,144,1718,美樹工業(株),東証STD,"7,450",+360,5.08,"7,100",2026/07/27
145,145,299A,クラシル(株),東証GRT,"1,038",+50,5.06,"139,500",2026/07/27
146,146,3907,シリコンスタジオ(株),東証STD,"1,166",+56,5.05,"2,692,900",2026/07/27
147,147,7747,朝日インテック(株),東証PRM,"3,549",+170,5.03,"1,353,100",2026/07/27
148,148,9759,(株)ＮＳＤ,東証PRM,"2,807",+134.5,5.03,"381,700",2026/07/27
149,149,7003,(株)三井Ｅ＆Ｓ,東証PRM,"5,122",+245,5.02,"3,326,400",2026/07/27
150,150,7947,(株)エフピコ,東証PRM,"2,638",+126,5.02,"392,300",2026/07/27
151,151,3626,ＴＩＳＩ(株),東証PRM,"3,665",+175,5.01,"952,200",2026/07/27
152,152,6141,ＤＭＧ森精機(株),東証PRM,"3,796",+181,5.01,"1,530,500",2026/07/27
153,153,2440,(株)ぐるなび,東証STD,126,+6,5.0,"154,500",2026/07/27
154,154,6465,ホシザキ(株),東証PRM,"5,706",+271,4.99,"565,000",2026/07/27
155,155,8729,ソニーフィナンシャルグループ(株),東証PRM,162,+7.7,4.99,"77,914,200",2026/07/27
156,156,6869,シスメックス(株),東証PRM,"1,606",+76,4.97,"2,535,000",2026/07/27
157,157,4046,(株)大阪ソーダ,東証PRM,"1,867",+88,4.95,"837,400",2026/07/27
158,158,7751,キヤノン(株),東証PRM,"4,750",+224,4.95,"7,499,000",2026/07/27
159,159,4680,(株)ラウンドワン,東証PRM,"1,234",+58,4.93,"2,494,900",2026/07/27
160,160,5953,昭和鉄工(株),福証,"7,450",+350,4.93,500,2026/07/27
161,161,3896,阿波製紙(株),東証STD,384,+18,4.92,"46,700",2026/07/27
162,162,4381,ビープラッツ(株),東証GRT,384,+18,4.92,"908,200",2026/07/27
163,163,3911,(株)Ａｉｍｉｎｇ,東証GRT,214,+10,4.9,"839,400",2026/07/27
164,164,6588,東芝テック(株),東証PRM,"3,225",+150,4.88,"341,500",2026/07/27
165,165,7752,(株)リコー,東証PRM,"1,632.5",+76,4.88,"2,803,300",2026/07/27
166,166,8344,(株)山形銀行,東証PRM,"4,195",+195,4.88,"207,400",2026/07/27
167,167,3769,ＧＭＯペイメントゲートウェイ(株),東証PRM,"9,838",+457,4.87,"203,400",2026/07/27
168,168,8383,(株)鳥取銀行,東証STD,"1,767",+82,4.87,"83,400",2026/07/27
169,169,2433,(株)博報堂ＤＹホールディングス,東証PRM,"1,304.5",+60.5,4.86,"1,041,400",2026/07/27
170,170,7733,オリンパス(株),東証PRM,"1,813.5",+84,4.86,"5,527,300",2026/07/27
171,171,4922,(株)コーセーホールディングス,東証PRM,"5,756",+266,4.85,"357,500",2026/07/27
172,172,4596,窪田製薬ホールディングス(株),東証GRT,65,+3,4.84,"1,600,200",2026/07/27
173,173,4751,(株)サイバーエージェント,東証PRM,"1,472.5",+68,4.84,"6,312,800",2026/07/27
174,174,6758,ソニーグループ(株),東証PRM,"3,574",+165,4.84,"16,590,300",2026/07/27
175,175,8518,日本アジア投資(株),東証STD,130,+6,4.84,"29,200",2026/07/27
176,176,7800,(株)アミファ,東証STD,976,+45,4.83,"78,100",2026/07/27
177,177,4385,(株)メルカリ,東証PRM,"4,453",+203,4.78,"1,709,500",2026/07/27
178,178,5262,日本ヒューム(株),東証PRM,"1,074",+49,4.78,"302,200",2026/07/27
179,179,3559,(株)ピーバンドットコム,東証STD,417,+19,4.77,"27,500",2026/07/27
180,180,5938,(株)ＬＩＸＩＬ,東証PRM,"1,900",+86.5,4.77,"2,583,800",2026/07/27
181,181,9278,ブックオフグループホールディングス(株),東証PRM,"2,722",+124,4.77,"184,100",2026/07/27
182,182,4766,(株)ピーエイ,東証STD,198,+9,4.76,"14,100",2026/07/27
183,183,8011,(株)三陽商会,東証PRM,"4,845",+220,4.76,"51,900",2026/07/27
184,184,9044,(株)ＮＡＮＫＡＩ,東証PRM,"3,064",+139,4.75,"341,900",2026/07/27
185,185,5110,住友ゴム工業(株),東証PRM,"2,240.5",+101,4.72,"2,454,700",2026/07/27
186,186,3496,(株)アズーム,東証PRM,"4,555",+205,4.71,"52,700",2026/07/27
187,187,5724,(株)アサカ理研,東証STD,"2,445",+110,4.71,"34,500",2026/07/27
188,188,3156,(株)レスター,東証PRM,"3,705",+165,4.66,"129,600",2026/07/27
189,189,319A,(株)技術承継機構,東証GRT,"16,650",+740,4.65,"52,700",2026/07/27
190,190,1515,日鉄鉱業(株),東証PRM,"2,909",+129,4.64,"506,800",2026/07/27
191,191,2413,エムスリー(株),東証PRM,"1,904.5",+84.5,4.64,"3,063,300",2026/07/27
192,192,543A,ＡＲＣＨＩＯＮ(株),東証PRM,293,+13,4.64,"48,031,100",2026/07/27
193,193,4881,(株)ファンペップ,東証GRT,68,+3,4.62,"105,600",2026/07/27
194,194,6701,ＮＥＣ,東証PRM,"4,445",+196,4.61,"5,765,000",2026/07/27
195,195,9697,(株)カプコン,東証PRM,"3,519",+155,4.61,"2,989,600",2026/07/27
196,196,4937,(株)Ｗａｑｏｏ,東証GRT,"1,570",+69,4.6,900,2026/07/27
197,197,146A,コロンビア・ワークス(株),東証STD,"3,200",+140,4.58,"56,000",2026/07/27
198,198,4733,(株)オービックビジネスコンサルタント,東証PRM,"7,987",+349,4.57,"604,400",2026/07/27
199,199,4432,ウイングアーク１ｓｔ(株),東証PRM,"2,960",+129,4.56,"414,800",2026/07/27
200,200,3941,レンゴー(株),東証PRM,"1,528",+66.5,4.55,"1,211,100",2026/07/27
201,201,7376,ＢＣＣ(株),東証GRT,"1,171",+51,4.55,"57,700",2026/07/27
202,202,4323,日本システム技術(株),東証PRM,"1,891",+82,4.53,"35,800",2026/07/27
203,203,8254,(株)さいか屋,東証STD,277,+12,4.53,"76,800",2026/07/27
204,204,9843,(株)ニトリホールディングス,東証PRM,"2,516",+109,4.53,"3,084,200",2026/07/27
205,205,4956,コニシ(株),東証PRM,"1,481",+64,4.52,"195,300",2026/07/27
206,206,5411,ＪＦＥホールディングス(株),東証PRM,"1,804",+78,4.52,"6,931,800",2026/07/27
207,207,7460,(株)ヤギ,東証STD,"1,850",+80,4.52,"33,100",2026/07/27
208,208,3360,シップヘルスケアホールディングス(株),東証PRM,"2,501.5",+108,4.51,"409,600",2026/07/27
209,209,3565,アセンテック(株),東証STD,440,+19,4.51,"214,200",2026/07/27
210,210,429A,テクセンドフォトマスク(株),東証PRM,"4,290",+185,4.51,"1,119,100",2026/07/27
211,211,4716,日本オラクル(株),東証STD,"8,679",+373,4.49,"460,100",2026/07/27
212,212,3762,テクマトリックス(株),東証PRM,"1,969",+84,4.46,"209,200",2026/07/27
213,213,4419,(株)Ｆｉｎａｔｅｘｔホールディングス,東証GRT,"1,569",+67,4.46,"394,700",2026/07/27
214,214,7102,日本車輌製造(株),東証PRM,"3,880",+165,4.44,"84,100",2026/07/27
215,215,4445,リビン・テクノロジーズ(株),東証GRT,"1,750",+74,4.42,"3,500",2026/07/27
216,216,2585,(株)ライフドリンクカンパニー,東証PRM,"1,467",+62,4.41,"588,500",2026/07/27
217,217,7716,(株)ナカニシ,東証STD,"3,195",+135,4.41,"239,300",2026/07/27
218,218,9202,ＡＮＡホールディングス(株),東証PRM,"3,081",+130,4.41,"3,338,700",2026/07/27
219,219,8541,(株)愛媛銀行,東証PRM,"2,917",+123,4.4,"1,018,200",2026/07/27
220,220,7269,スズキ(株),東証PRM,"2,055",+86.5,4.39,"7,291,900",2026/07/27
221,221,6191,(株)エアトリ,東証PRM,882,+37,4.38,"139,900",2026/07/27
222,222,7608,(株)エスケイジャパン,東証STD,811,+34,4.38,"112,600",2026/07/27
223,223,9746,(株)ＴＫＣ,東証PRM,"3,815",+160,4.38,"109,700",2026/07/27
224,224,3086,Ｊ．フロント　リテイリング(株),東証PRM,"3,066",+128.5,4.37,"979,600",2026/07/27
225,225,8016,(株)オンワードホールディングス,東証PRM,764,+32,4.37,"1,003,900",2026/07/27
226,226,1911,住友林業(株),東証PRM,"1,376.5",+57.5,4.36,"4,453,200",2026/07/27
227,227,3791,(株)ＩＧポート,東証STD,"1,006",+42,4.36,"268,400",2026/07/27
228,228,5713,住友金属鉱山(株),東証PRM,"7,785",+325,4.36,"2,906,500",2026/07/27
229,229,3306,日本製麻(株),東証STD,840,+35,4.35,"50,400",2026/07/27
230,230,4310,(株)ドリームインキュベータ,東証PRM,"2,651",+110,4.33,"36,400",2026/07/27
231,231,7951,ヤマハ(株),東証PRM,"1,255.5",+52,4.32,"2,407,900",2026/07/27
232,232,9413,(株)テレビ東京ホールディングス,東証PRM,"3,620",+150,4.32,"99,000",2026/07/27
233,233,590A,ギフティグループ(株),東証PRM,"1,041",+43,4.31,"238,400",2026/07/27
234,234,4377,(株)ワンキャリア,東証GRT,"2,060",+85,4.3,"51,200",2026/07/27
235,235,5243,ｎｏｔｅ(株),東証GRT,"2,112",+87,4.3,"205,900",2026/07/27
236,236,7242,カヤバ(株),東証PRM,"4,490",+185,4.3,"106,100",2026/07/27
237,237,1944,(株)きんでん,東証PRM,"7,795",+321,4.29,"1,175,200",2026/07/27
238,238,6634,(株)ＪＮグループ,東証STD,73,+3,4.29,"143,700",2026/07/27
239,239,6088,(株)シグマクシス・ホールディングス,東証PRM,590,+24,4.24,"440,100",2026/07/27
240,240,7184,(株)富山第一銀行,東証PRM,"3,195",+130,4.24,"208,600",2026/07/27
241,241,7725,(株)インターアクション,東証PRM,"1,772",+72,4.24,"134,300",2026/07/27
242,242,3201,ニッケ,東証PRM,"1,927",+78,4.22,"140,600",2026/07/27
243,243,3563,(株)ＦＯＯＤ　＆　ＬＩＦＥ　ＣＯＭＰＡＮＩＥＳ,東証PRM,"5,657",+229,4.22,"1,669,600",2026/07/27
244,244,606A,金2倍ブルETF,東証ETF,"21,105",+855,4.22,528,2026/07/27
245,245,212A,フィットイージー(株),東証PRM,"2,772",+112,4.21,"157,400",2026/07/27
246,246,5105,ＴＯＹＯ　ＴＩＲＥ(株),東証PRM,"4,159",+168,4.21,"616,100",2026/07/27
247,247,6586,(株)マキタ,東証PRM,"5,860",+237,4.21,"660,100",2026/07/27
248,248,4882,(株)ペルセウスプロテオミクス,東証GRT,149,+6,4.2,"274,200",2026/07/27
249,249,5599,Ｓ＆Ｊ(株),東証GRT,"1,117",+45,4.2,"16,500",2026/07/27
250,250,5884,(株)クラダシ,東証GRT,546,+22,4.2,"16,500",2026/07/27
251,251,9507,四国電力(株),東証PRM,"1,613",+65,4.2,"899,500",2026/07/27
252,252,2626,GX デジタル・イノベーション-日本株式,東証ETF,"3,084",+124,4.19,"2,810",2026/07/27
253,253,3179,シュッピン(株),東証PRM,"1,292",+52,4.19,"109,100",2026/07/27
254,254,9227,マイクロ波化学(株),東証GRT,823,+33,4.18,"70,200",2026/07/27
255,255,9418,(株)Ｕ－ＮＥＸＴ　ＨＯＬＤＩＮＧＳ,東証PRM,"1,720",+69,4.18,"710,900",2026/07/27
256,256,4588,オンコリスバイオファーマ(株),東証GRT,"2,572",+103,4.17,"261,900",2026/07/27
257,257,7270,(株)ＳＵＢＡＲＵ,東証PRM,"2,663.5",+106.5,4.17,"4,649,900",2026/07/27
258,258,1850,南海辰村建設(株),東証STD,451,+18,4.16,"172,700",2026/07/27
259,259,3116,トヨタ紡織(株),東証PRM,"2,327",+93,4.16,"690,900",2026/07/27
260,260,9778,(株)昴,東証STD,"5,780",+230,4.14,"1,200",2026/07/27
261,261,2321,(株)ソフトフロントホールディングス,東証GRT,126,+5,4.13,"198,700",2026/07/27
262,262,5892,(株)ｙｕｔｏｒｉ,東証GRT,"2,043",+81,4.13,"62,100",2026/07/27
263,263,6436,アマノ(株),東証PRM,"4,039",+160,4.12,"511,200",2026/07/27
264,264,5287,(株)イトーヨーギョー,東証STD,836,+33,4.11,"32,100",2026/07/27
265,265,6960,フクダ電子(株),東証STD,"11,910",+470,4.11,"34,800",2026/07/27
266,266,7259,(株)アイシン,東証PRM,"2,400",+94.5,4.1,"1,964,600",2026/07/27
267,267,7296,(株)エフ・シー・シー,東証PRM,"3,685",+145,4.1,"100,700",2026/07/27
268,268,8345,(株)岩手銀行,東証PRM,"2,363",+93,4.1,"360,000",2026/07/27
269,269,9682,(株)ＤＴＳ,東証PRM,"1,119",+44,4.09,"560,100",2026/07/27
270,270,7014,(株)名村造船所,東証STD,"4,460",+175,4.08,"1,417,500",2026/07/27
271,271,6046,(株)リンクバル,東証STD,128,+5,4.07,"10,600",2026/07/27
272,272,6417,(株)ＳＡＮＫＹＯ,東証PRM,"1,791.5",+70,4.07,"807,300",2026/07/27
273,273,4168,(株)ヤプリ,東証GRT,795,+31,4.06,"67,900",2026/07/27
274,274,2645,GX レジャー&エンターテインメント-日本株式,東証ETF,"3,004",+117,4.05,723,2026/07/27
275,275,4167,(株)ココペリ,東証GRT,308,+12,4.05,"23,800",2026/07/27
276,276,6222,(株)島精機製作所,東証PRM,901,+35,4.04,"270,900",2026/07/27
277,277,8057,(株)内田洋行,東証PRM,"2,164",+84,4.04,"251,300",2026/07/27
278,278,3091,(株)ブロンコビリー,東証PRM,"2,642",+102,4.02,"373,600",2026/07/27
279,279,526A,JPXスタートアップ急成長100ETF,東証ETF,"2,069",+80,4.02,"4,795",2026/07/27
280,280,3916,デジタル・インフォメーション・テクノロジー(株),東証PRM,959,+37,4.01,"89,100",2026/07/27
281,281,9900,(株)サガミホールディングス,東証PRM,"1,998",+77,4.01,"163,200",2026/07/27
282,282,4427,(株)ＥｄｕＬａｂ,東証GRT,208,+8,4.0,"17,300",2026/07/27
283,283,6902,(株)デンソー,東証PRM,"2,056",+79,4.0,"9,471,600",2026/07/27
284,284,9029,(株)ヒガシホールディングス,東証STD,"2,080",+80,4.0,"60,200",2026/07/27
285,285,4480,(株)メドレー,東証PRM,"2,006",+77,3.99,"139,100",2026/07/27
286,286,6841,横河電機(株),東証PRM,"6,022",+230,3.97,"1,162,400",2026/07/27
287,287,7942,(株)ＪＳＰ,東証PRM,"2,543",+97,3.97,"120,200",2026/07/27
288,288,9267,Ｇｅｎｋｙ　ＤｒｕｇＳｔｏｒｅｓ(株),東証PRM,"3,930",+150,3.97,"129,200",2026/07/27
289,289,2039,NEXT NOTES ドバイ原油先物 ベア ETN,東証ETF,525,+20,3.96,"212,128",2026/07/27
290,290,1892,徳倉建設(株),名証MN,"8,420",+320,3.95,800,2026/07/27
291,291,8542,(株)トマト銀行,東証STD,"1,685",+64,3.95,"40,600",2026/07/27
292,292,1447,ＳＡＡＦホールディングス(株),東証GRT,369,+14,3.94,"82,100",2026/07/27
293,293,7878,(株)光・彩,東証STD,"1,424",+54,3.94,"12,600",2026/07/27
294,294,9501,東京電力ホールディングス(株),東証PRM,537,+20.3,3.93,"35,878,500",2026/07/27
295,295,3936,(株)グローバルウェイ,東証GRT,159,+6,3.92,"145,100",2026/07/27
296,296,6473,(株)ジェイテクト,東証PRM,"2,105",+79.5,3.92,"1,283,400",2026/07/27
297,297,368A,(株)北里,東証PRM,"1,409",+53,3.91,"195,000",2026/07/27
298,298,4301,(株)アミューズ,東証PRM,"1,967",+74,3.91,"24,800",2026/07/27
299,299,546A,ＭＩＲＡＩＮＩホールディングス(株),東証PRM,"2,283",+86,3.91,"201,200",2026/07/27
300,300,7150,(株)島根銀行,東証STD,505,+19,3.91,"82,800",2026/07/27
301,301,8364,(株)清水銀行,東証PRM,"2,896",+109,3.91,"43,900",2026/07/27
302,302,9342,(株)スマサポ,東証GRT,850,+32,3.91,"3,900",2026/07/27
303,303,3974,ＳＣＡＴ(株),東証STD,639,+24,3.9,"11,800",2026/07/27
304,304,4543,テルモ(株),東証PRM,"2,249",+84.5,3.9,"4,788,800",2026/07/27
305,305,6301,コマツ,東証PRM,"6,901",+259,3.9,"3,141,000",2026/07/27
306,306,7175,今村証券(株),東証STD,"1,787",+67,3.9,"62,500",2026/07/27
307,307,8233,(株)高島屋,東証PRM,"2,323",+87,3.89,"1,709,000",2026/07/27
308,308,8275,(株)フォーバル,東証STD,"1,015",+38,3.89,"69,900",2026/07/27
309,309,3087,(株)ドトール・日レスホールディングス,東証PRM,"3,210",+120,3.88,"169,900",2026/07/27
310,310,6988,日東電工(株),東証PRM,"3,451",+129,3.88,"4,326,900",2026/07/27
311,311,9042,阪急阪神ホールディングス(株),東証PRM,"4,902",+183,3.88,"1,598,700",2026/07/27
312,312,9887,(株)松屋フーズホールディングス,東証PRM,"5,090",+190,3.88,"62,500",2026/07/27
313,313,5216,(株)倉元製作所,東証STD,161,+6,3.87,"263,200",2026/07/27
314,314,6200,(株)インソース,東証PRM,752,+28,3.87,"1,847,100",2026/07/27
315,315,4092,日本化学工業(株),東証PRM,"5,380",+200,3.86,"265,600",2026/07/27
316,316,4176,(株)ココナラ,東証GRT,269,+10,3.86,"85,000",2026/07/27
317,317,4393,(株)バンク・オブ・イノベーション,東証GRT,"4,840",+180,3.86,"30,000",2026/07/27
318,318,2998,クリアル(株),東証GRT,514,+19,3.84,"252,000",2026/07/27
319,319,3436,(株)ＳＵＭＣＯ,東証PRM,"3,762",+139,3.84,"24,920,300",2026/07/27
320,320,5541,大平洋金属(株),東証PRM,"2,413",+89,3.83,"208,600",2026/07/27
321,321,7272,ヤマハ発動機(株),東証PRM,"1,327",+49,3.83,"6,339,000",2026/07/27
322,322,7851,カワセコンピュータサプライ(株),福証,190,+7,3.83,"11,500",2026/07/27
323,323,3673,(株)ブロードリーフ,東証PRM,435,+16,3.82,"603,600",2026/07/27
324,324,5108,(株)ブリヂストン,東証PRM,"3,858",+142,3.82,"4,394,100",2026/07/27
325,325,6136,ＯＳＧ,東証PRM,"4,007",+147,3.81,"710,300",2026/07/27
326,326,2338,クオンタムソリューションズ(株),東証STD,137,+5,3.79,"228,000",2026/07/27
327,327,3914,ＪＩＧ－ＳＡＷ(株),東証GRT,"2,444",+89,3.78,"5,300",2026/07/27
328,328,6798,ＳＭＫ(株),東証PRM,"3,105",+113,3.78,"26,100",2026/07/27
329,329,8524,(株)北洋銀行,東証PRM,"1,263",+46,3.78,"2,417,600",2026/07/27
330,330,6098,(株)リクルートホールディングス,東証PRM,"12,510",+455,3.77,"3,937,600",2026/07/27
331,331,8377,(株)ほくほくフィナンシャルグループ,東証PRM,"8,005",+291,3.77,"495,800",2026/07/27
332,332,2395,(株)新日本科学,東証PRM,"1,324",+48,3.76,"172,300",2026/07/27
333,333,4933,(株)Ｉ－ｎｅ,東証PRM,"1,268",+46,3.76,"50,800",2026/07/27
334,334,6923,スタンレー電気(株),東証PRM,"3,562",+129,3.76,"758,900",2026/07/27
335,335,4612,日本ペイントホールディングス(株),東証PRM,"1,162.5",+42,3.75,"4,037,700",2026/07/27
336,336,4772,(株)ＳＭ　ＥＮＴＥＲＴＡＩＮＭＥＮＴ　ＪＡＰＡＮ,東証GRT,83,+3,3.75,"720,800",2026/07/27
337,337,7416,(株)はるやまホールディングス,東証STD,720,+26,3.75,"8,300",2026/07/27
338,338,7513,(株)コジマ,東証PRM,"1,412",+51,3.75,"328,100",2026/07/27
339,339,9010,富士急行(株),東証PRM,"2,736",+99,3.75,"196,400",2026/07/27
340,340,2491,バリューコマース(株),東証PRM,471,+17,3.74,"264,100",2026/07/27
341,341,4540,(株)ツムラ,東証PRM,"3,941",+142,3.74,"641,000",2026/07/27
342,342,4755,楽天グループ(株),東証PRM,815,+29.4,3.74,"16,073,500",2026/07/27
343,343,6054,(株)リブセンス,東証STD,111,+4,3.74,"38,900",2026/07/27
344,344,7261,マツダ(株),東証PRM,"1,165",+42,3.74,"7,536,000",2026/07/27
345,345,2767,円谷フィールズホールディングス(株),東証PRM,"1,530",+55,3.73,"780,300",2026/07/27
346,346,3001,片倉工業(株),東証STD,"2,751",+99,3.73,"35,700",2026/07/27
347,347,4288,(株)アズジェント,東証STD,417,+15,3.73,"3,700",2026/07/27
348,348,5138,(株)Ｒｅｂａｓｅ,東証GRT,417,+15,3.73,700,2026/07/27
349,349,6753,シャープ(株),東証PRM,608.7,+21.9,3.73,"3,646,000",2026/07/27
350,350,8113,ユニ・チャーム(株),東証PRM,992.9,+35.7,3.73,"4,341,500",2026/07/27
351,351,8714,(株)池田泉州ホールディングス,東証PRM,"1,086",+39,3.72,"1,645,000",2026/07/27
352,352,8173,(株)Ｊｏｓｈｉｎ,東証PRM,"3,910",+140,3.71,"223,200",2026/07/27
353,353,9628,燦ホールディングス(株),東証PRM,"1,482",+53,3.71,"36,500",2026/07/27
354,354,2926,(株)篠崎屋,東証STD,112,+4,3.7,"334,400",2026/07/27
355,355,3003,ヒューリック(株),東証PRM,"1,835",+65.5,3.7,"3,147,500",2026/07/27
356,356,1367,iFreeETF TOPIXレバレッジ(2倍)指数,東証ETF,"3,063",+109,3.69,"50,230",2026/07/27
357,357,3765,ガンホー・オンライン・エンターテイメント(株),東証PRM,"2,416",+86,3.69,"266,400",2026/07/27
358,358,8086,ニプロ(株),東証PRM,"1,628",+58,3.69,"912,700",2026/07/27
359,359,9982,タキヒヨー(株),東証STD,"2,362",+84,3.69,"19,300",2026/07/27
360,360,4681,リゾートトラスト(株),東証PRM,"1,764",+62.5,3.67,"545,000",2026/07/27
361,361,6425,(株)ユニバーサルエンターテインメント,東証STD,649,+23,3.67,"210,400",2026/07/27
362,362,3798,ＵＬＳグループ(株),東証STD,566,+20,3.66,"183,200",2026/07/27
363,363,3182,オイシックス(株),東証PRM,"1,645",+58,3.65,"95,500",2026/07/27
364,364,5940,不二サッシ(株),東証STD,738,+26,3.65,"27,100",2026/07/27
365,365,6391,(株)加地テック,東証STD,"4,540",+160,3.65,"2,500",2026/07/27
366,366,8346,(株)東邦銀行,東証PRM,937,+33,3.65,"967,000",2026/07/27
367,367,9424,日本通信(株),東証PRM,114,+4,3.64,"1,102,800",2026/07/27
368,368,3386,コスモ・バイオ(株),東証STD,"1,285",+45,3.63,"35,400",2026/07/27
369,369,5715,古河機械金属(株),東証PRM,"3,710",+130,3.63,"292,600",2026/07/27
370,370,7532,(株)パン・パシフィック・インターナショナルホールディングス,東証PRM,894,+31.3,3.63,"8,374,100",2026/07/27
371,371,8157,都築電気(株),東証PRM,"4,140",+145,3.63,"36,600",2026/07/27
372,372,2764,(株)ひらまつ,東証STD,143,+5,3.62,"252,400",2026/07/27
373,373,3076,あい　ホールディングス(株),東証PRM,"2,831",+99,3.62,"249,600",2026/07/27
374,374,3197,(株)すかいらーくホールディングス,東証PRM,"3,088",+107.5,3.61,"1,059,800",2026/07/27
375,375,4337,ぴあ(株),東証PRM,"2,840",+99,3.61,"24,700",2026/07/27
376,376,4629,大伸化学(株),東証STD,"1,980",+69,3.61,"7,600",2026/07/27
377,377,7071,(株)アンビスホールディングス,東証PRM,373,+13,3.61,"158,300",2026/07/27
378,378,3092,(株)ＺＯＺＯ,東証PRM,"1,165",+40.5,3.6,"3,833,500",2026/07/27
379,379,3191,(株)ジョイフル本田,東証PRM,"2,398",+83,3.59,"237,200",2026/07/27
380,380,3375,(株)ＺＯＡ,東証STD,"1,792",+62,3.58,"2,200",2026/07/27
381,381,6448,ブラザー工業(株),東証PRM,"4,082",+141,3.58,"918,300",2026/07/27
382,382,7915,ＮＩＳＳＨＡ(株),東証PRM,"1,389",+48,3.58,"215,300",2026/07/27
383,383,9435,(株)光通信,東証PRM,"38,770","+1,340",3.58,"86,700",2026/07/27
384,384,6501,(株)日立製作所,東証PRM,"5,023",+173,3.57,"11,712,100",2026/07/27
385,385,7867,(株)タカラトミー,東証PRM,"3,539",+122,3.57,"512,300",2026/07/27
386,386,3186,(株)ネクステージ,東証PRM,"3,495",+120,3.56,"432,300",2026/07/27
387,387,4347,ブロードメディア(株),東証STD,"1,803",+62,3.56,"7,200",2026/07/27
388,388,6675,サクサ(株),東証STD,"2,065",+71,3.56,"30,800",2026/07/27
389,389,9259,(株)タカヨシホールディングス,東証GRT,873,+30,3.56,"23,900",2026/07/27
390,390,3031,(株)ラクーンホールディングス,東証PRM,641,+22,3.55,"143,800",2026/07/27
391,391,1480,(NEXT FUNDS)野村企業価値分配指数上場投信,東証ETF,"40,910","+1,400",3.54,10,2026/07/27
392,392,5393,ニチアス(株),東証PRM,"3,485",+119,3.54,"511,100",2026/07/27
393,393,4704,トレンドマイクロ(株),東証PRM,"6,490",+221,3.53,"895,100",2026/07/27
394,394,6016,(株)ジャパンエンジンコーポレーション,東証STD,"9,690",+330,3.53,"208,000",2026/07/27
395,395,9009,京成電鉄(株),東証PRM,"1,290",+44,3.53,"1,644,100",2026/07/27
396,396,1925,大和ハウス工業(株),東証PRM,"4,740",+161,3.52,"3,182,700",2026/07/27
397,397,3097,(株)物語コーポレーション,東証PRM,"5,150",+175,3.52,"123,100",2026/07/27
398,398,3636,(株)三菱総合研究所,東証PRM,"4,850",+165,3.52,"63,300",2026/07/27
399,399,478A,(株)フツパー,東証GRT,764,+26,3.52,"81,200",2026/07/27
400,400,9250,(株)ＧＲＣＳ,東証GRT,885,+30,3.51,700,2026/07/27
401,401,9401,(株)ＴＢＳホールディングス,東証PRM,"6,315",+214,3.51,"401,000",2026/07/27
402,402,2923,サトウ食品(株),東証STD,"8,600",+290,3.49,"2,100",2026/07/27
403,403,2980,ＳＲＥホールディングス(株),東証PRM,"2,606",+88,3.49,"372,400",2026/07/27
404,404,3405,(株)クラレ,東証PRM,"1,883",+63.5,3.49,"2,084,700",2026/07/27
405,405,4838,スペースシャワーＳＫＩＹＡＫＩホールディングス(株),東証STD,683,+23,3.48,"52,200",2026/07/27
406,406,1963,日揮ホールディングス(株),東証PRM,"2,371",+79.5,3.47,"2,192,200",2026/07/27
407,407,2641,GX グローバルリーダーズ-日本株式,東証ETF,"4,449",+149,3.47,"43,006",2026/07/27
408,408,3153,八洲電機(株),東証PRM,"2,984",+100,3.47,"72,900",2026/07/27
409,409,5591,(株)ＡＶＩＬＥＮ,東証GRT,804,+27,3.47,"31,100",2026/07/27
410,410,7352,(株)ＴＷＯＳＴＯＮＥ＆Ｓｏｎｓ,東証GRT,329,+11,3.46,"64,900",2026/07/27
411,411,6807,日本航空電子工業(株),東証PRM,"2,546",+85,3.45,"212,100",2026/07/27
412,412,7282,豊田合成(株),東証PRM,"5,184",+173,3.45,"482,000",2026/07/27
413,413,7089,フォースタートアップス(株),東証GRT,"1,630",+54,3.43,"13,700",2026/07/27
414,414,7446,東北化学薬品(株),東証STD,"4,970",+165,3.43,"1,600",2026/07/27
415,415,9508,九州電力(株),東証PRM,"1,842.5",+61,3.42,"1,658,400",2026/07/27
416,416,9554,(株)ＡＶｉＣ,東証GRT,"1,574",+52,3.42,"16,600",2026/07/27
417,417,3291,飯田グループホールディングス(株),東証PRM,"2,334",+77,3.41,"633,600",2026/07/27
418,418,3561,(株)力の源ホールディングス,東証PRM,"1,667",+55,3.41,"108,800",2026/07/27
419,419,9020,東日本旅客鉄道(株),東証PRM,"3,756",+124,3.41,"4,003,600",2026/07/27
420,420,206A,(株)ＰＲＩＳＭ　ＢｉｏＬａｂ,東証GRT,152,+5,3.4,"78,100",2026/07/27
421,421,9672,東京都競馬(株),東証PRM,"5,020",+165,3.4,"96,400",2026/07/27
422,422,4477,ＢＡＳＥ(株),東証GRT,305,+10,3.39,"948,700",2026/07/27
423,423,6471,日本精工(株),東証PRM,"1,145",+37.5,3.39,"2,719,400",2026/07/27
424,424,9272,ブティックス(株),東証GRT,"1,465",+48,3.39,"4,300",2026/07/27
425,425,2938,(株)オカムラ食品工業,東証STD,"1,253",+41,3.38,"66,900",2026/07/27
426,426,5137,(株)スマートドライブ,東証GRT,214,+7,3.38,"92,100",2026/07/27
427,427,7458,(株)第一興商,東証PRM,"1,821.5",+59.5,3.38,"305,700",2026/07/27
428,428,3288,(株)オープンハウスグループ,東証PRM,"8,662",+282,3.37,"260,300",2026/07/27
429,429,3694,(株)オプティム,東証PRM,399,+13,3.37,"102,700",2026/07/27
430,430,4490,(株)ビザスク,東証GRT,645,+21,3.37,"11,100",2026/07/27
431,431,6058,(株)ベクトル,東証PRM,"1,809",+59,3.37,"325,800",2026/07/27
432,432,6470,大豊工業(株),東証STD,"1,103",+36,3.37,"110,200",2026/07/27
433,433,6652,ＩＤＥＣ(株),東証PRM,"3,375",+110,3.37,"130,500",2026/07/27
434,434,9022,東海旅客鉄道(株),東証PRM,"4,023",+131,3.37,"2,928,300",2026/07/27
435,435,2082,投資家経営者一心同体ETF,東証ETF,"1,230",+40,3.36,611,2026/07/27
436,436,2726,(株)パルグループホールディングス,東証PRM,"1,444",+47,3.36,"856,100",2026/07/27
437,437,9021,西日本旅客鉄道(株),東証PRM,"3,075",+100,3.36,"2,853,600",2026/07/27
438,438,1946,(株)トーエネック,東証PRM,"2,159",+70,3.35,"229,800",2026/07/27
439,439,3640,(株)電算,東証STD,"2,500",+81,3.35,"20,900",2026/07/27
440,440,4053,(株)Ｓｕｎ　Ａｓｔｅｒｉｓｋ,東証PRM,463,+15,3.35,"91,200",2026/07/27
441,441,7981,タカラスタンダード(株),東証PRM,"3,240",+105,3.35,"209,400",2026/07/27
442,442,9505,北陸電力(株),東証PRM,966.5,+31.3,3.35,"997,300",2026/07/27
443,443,262A,(株)インターメスティック,東証PRM,"1,855",+60,3.34,"215,600",2026/07/27
444,444,5079,(株)ノバック,東証STD,"2,633",+85,3.34,"9,000",2026/07/27
445,445,9416,(株)ビジョン,東証PRM,"1,021",+33,3.34,"338,800",2026/07/27
446,446,3446,(株)ジェイテックコーポレーション,東証STD,"1,520",+49,3.33,"21,700",2026/07/27
447,447,7860,エイベックス(株),東証PRM,"1,305",+42,3.33,"222,100",2026/07/27
448,448,6395,(株)タダノ,東証PRM,"1,368",+44,3.32,"387,100",2026/07/27
449,449,6832,アオイ電子(株),東証STD,"2,397",+77,3.32,"53,100",2026/07/27
450,450,7201,日産自動車(株),東証PRM,332.9,+10.7,3.32,"28,384,500",2026/07/27
451,451,195A,(株)ＭＵＳＣＡＴ　ＧＲＯＵＰ,東証GRT,781,+25,3.31,"8,400",2026/07/27
452,452,4476,ＡＩ　ＣＲＯＳＳ(株),東証GRT,"1,060",+34,3.31,"12,400",2026/07/27
453,453,7369,(株)メイホーホールディングス,東証GRT,375,+12,3.31,"10,200",2026/07/27
454,454,1808,(株)長谷工コーポレーション,東証PRM,"2,851",+91,3.3,"894,400",2026/07/27
455,455,2317,(株)システナ,東証PRM,438,+14,3.3,"1,116,900",2026/07/27
456,456,4479,(株)マクアケ,東証GRT,"1,001",+32,3.3,"94,600",2026/07/27
457,457,5586,(株)Ｌａｂｏｒｏ．ＡＩ,東証GRT,845,+27,3.3,"28,400",2026/07/27
458,458,7936,(株)アシックス,東証PRM,"4,951",+158,3.3,"2,273,900",2026/07/27
459,459,2489,(株)アドウェイズ,東証STD,314,+10,3.29,"99,200",2026/07/27
460,460,4258,(株)網屋,東証GRT,"4,390",+140,3.29,"18,800",2026/07/27
461,461,4396,(株)システムサポートホールディングス,東証PRM,"1,133",+36,3.28,"62,600",2026/07/27
462,462,4813,(株)ＡＣＣＥＳＳ,東証PRM,346,+11,3.28,"422,200",2026/07/27
463,463,498A,防衛・航空宇宙 欧州株(ネットリターン)ETN,東証ETF,"9,451",+300,3.28,444,2026/07/27
464,464,3529,アツギ(株),東証STD,"1,106",+35,3.27,"40,700",2026/07/27
465,465,5304,ＳＥＣカーボン(株),東証STD,"2,555",+81,3.27,"39,100",2026/07/27
466,466,6861,(株)キーエンス,東証PRM,"74,170","+2,350",3.27,"675,900",2026/07/27
467,467,7823,(株)アートネイチャー,東証STD,883,+28,3.27,"49,600",2026/07/27
468,468,4091,日本酸素ホールディングス(株),東証PRM,"6,087",+192,3.26,"494,000",2026/07/27
469,469,4666,パーク２４(株),東証PRM,"2,013.5",+63.5,3.26,"838,600",2026/07/27
470,470,5423,東京製鐵(株),東証PRM,"1,742",+55,3.26,"280,800",2026/07/27
471,471,2222,寿スピリッツ(株),東証PRM,"2,513",+79,3.25,"495,600",2026/07/27
472,472,3069,(株)ＪＦＬＡホールディングス,東証STD,159,+5,3.25,"72,900",2026/07/27
473,473,3391,(株)ツルハホールディングス,東証PRM,"2,479",+78,3.25,"1,351,500",2026/07/27
474,474,461A,MAXIS 日本株高配当SMART50,東証ETF,"2,640",+83,3.25,"2,393",2026/07/27
475,475,6440,ＪＵＫＩ(株),東証PRM,540,+17,3.25,"125,900",2026/07/27
476,476,6908,イリソ電子工業(株),東証PRM,"2,889",+91,3.25,"175,800",2026/07/27
477,477,3289,東急不動産ホールディングス(株),東証PRM,"1,370.5",+43,3.24,"2,726,900",2026/07/27
478,478,431A,ユーソナー(株),東証GRT,"1,945",+61,3.24,"11,700",2026/07/27
479,479,4493,(株)サイバーセキュリティクラウド,東証GRT,"1,816",+57,3.24,"48,700",2026/07/27
480,480,4928,(株)ノエビアホールディングス,東証PRM,"4,785",+150,3.24,"204,600",2026/07/27
481,481,5401,日本製鉄(株),東証PRM,636.9,+20,3.24,"50,639,100",2026/07/27
482,482,8242,エイチ・ツー・オー　リテイリング(株),東証PRM,"2,853",+89.5,3.24,"403,600",2026/07/27
483,483,198A,ＰｏｓｔＰｒｉｍｅ(株),東証GRT,160,+5,3.23,"414,800",2026/07/27
484,484,2673,夢みつけ隊(株),東証STD,96,+3,3.23,"103,700",2026/07/27
485,485,4481,ベース(株),東証PRM,"3,195",+100,3.23,"145,600",2026/07/27
486,486,578A,GX シルバー (H有),東証ETF,229.9,+7.2,3.23,"1,080",2026/07/27
487,487,2695,くら寿司(株),東証PRM,"1,637",+51,3.22,"352,100",2026/07/27
488,488,300A,ＭＩＣ(株),東証STD,"2,946",+92,3.22,"12,100",2026/07/27
489,489,3851,(株)日本一ソフトウェア,東証STD,930,+29,3.22,"12,600",2026/07/27
490,490,4828,ビジネスエンジニアリング(株),東証PRM,"1,217",+38,3.22,"114,100",2026/07/27
491,491,7681,(株)レオクラン,東証STD,963,+30,3.22,600,2026/07/27
492,492,3844,コムチュア(株),東証PRM,"1,382",+43,3.21,"256,200",2026/07/27
493,493,6770,アルプスアルパイン(株),東証PRM,"2,235.5",+69.5,3.21,"1,656,600",2026/07/27
494,494,9353,櫻島埠頭(株),東証STD,"3,055",+95,3.21,"3,600",2026/07/27
495,495,9722,藤田観光(株),東証PRM,"1,991",+62,3.21,"181,500",2026/07/27
496,496,3678,(株)メディアドゥ,東証PRM,"1,289",+40,3.2,"49,400",2026/07/27
497,497,6788,(株)日本トリム,東証PRM,"4,670",+145,3.2,"13,200",2026/07/27
498,498,8544,(株)京葉銀行,東証PRM,"2,935",+91,3.2,"845,600",2026/07/27
499,499,3415,(株)ＴＯＫＹＯ　ＢＡＳＥ,東証PRM,421,+13,3.19,"766,100",2026/07/27
500,500,4662,(株)フォーカスシステムズ,東証PRM,"1,777",+55,3.19,"40,900",2026/07/27
501,501,4826,(株)ＣＩＪ,東証PRM,518,+16,3.19,"193,600",2026/07/27
502,502,3174,(株)ハピネス・アンド・ディ,東証STD,454,+14,3.18,"520,800",2026/07/27
503,503,4849,エン(株),東証PRM,"1,297",+40,3.18,"161,400",2026/07/27
504,504,4617,中国塗料(株),東証PRM,"3,745",+115,3.17,"254,300",2026/07/27
505,505,6877,ＯＢＡＲＡ　ＧＲＯＵＰ(株),東証STD,"5,860",+180,3.17,"82,100",2026/07/27
506,506,6952,カシオ計算機(株),東証PRM,"1,775",+54.5,3.17,"797,000",2026/07/27
507,507,9556,ＩＮＴＬＯＯＰ(株),東証GRT,"1,887",+58,3.17,"17,800",2026/07/27
508,508,465A,GX 日経平均株主還元40-日本株式,東証ETF,"1,310",+40,3.15,"13,651",2026/07/27
509,509,6995,(株)東海理化,東証PRM,"3,270",+100,3.15,"129,000",2026/07/27
510,510,7864,(株)フジシールインターナショナル,東証PRM,"3,115",+95,3.15,"151,700",2026/07/27
511,511,8226,(株)理経,東証STD,360,+11,3.15,"118,800",2026/07/27
512,512,8392,(株)大分銀行,東証PRM,"2,878",+88,3.15,"278,100",2026/07/27
513,513,8876,(株)リログループ,東証PRM,"2,063.5",+63,3.15,"502,900",2026/07/27
514,514,135A,(株)ＶＲＡＩＮ　Ｓｏｌｕｔｉｏｎ,東証GRT,"3,785",+115,3.13,"81,300",2026/07/27
515,515,2763,(株)エフティグループ,東証STD,"1,155",+35,3.13,"87,000",2026/07/27
516,516,3181,(株)買取王国,東証STD,"1,086",+33,3.13,"2,800",2026/07/27
517,517,7552,(株)ハピネット,東証PRM,"3,135",+95,3.13,"162,600",2026/07/27
518,518,6645,オムロン(株),東証PRM,"5,650",+171,3.12,"1,170,800",2026/07/27
519,519,8877,エスリード(株),東証PRM,"5,290",+160,3.12,"28,900",2026/07/27
520,520,2501,サッポロビール(株),東証PRM,"2,058",+62,3.11,"1,129,900",2026/07/27
521,521,3987,エコモット(株),東証GRT,629,+19,3.11,"33,900",2026/07/27
522,522,4326,(株)インテージホールディングス,東証PRM,"2,023",+61,3.11,"41,000",2026/07/27
523,523,7476,アズワン(株),東証PRM,"2,521",+76,3.11,"155,700",2026/07/27
524,524,9506,東北電力(株),東証PRM,"1,177.5",+35.5,3.11,"2,483,700",2026/07/27
525,525,2325,(株)ＮＪＳ,東証PRM,"4,490",+135,3.1,"26,500",2026/07/27
526,526,4894,クオリプス(株),東証GRT,"4,320",+130,3.1,"126,900",2026/07/27
527,527,7581,(株)サイゼリヤ,東証PRM,"7,660",+230,3.1,"925,800",2026/07/27
528,528,2379,ディップ(株),東証PRM,"1,834",+55,3.09,"335,600",2026/07/27
529,529,3608,(株)ＴＳＩホールディングス,東証PRM,"1,269",+38,3.09,"220,200",2026/07/27
530,530,5482,愛知製鋼(株),東証PRM,"3,165",+95,3.09,"135,600",2026/07/27
531,531,6557,ＡＩＡＩグループ(株),東証GRT,700,+21,3.09,"54,100",2026/07/27
532,532,8179,ロイヤルホールディングス(株),東証PRM,"1,300",+39,3.09,"248,700",2026/07/27
533,533,8551,(株)北日本銀行,東証PRM,"7,000",+210,3.09,"52,600",2026/07/27
534,534,6103,オークマ(株),東証PRM,"5,020",+150,3.08,"357,700",2026/07/27
535,535,6947,(株)図研,東証PRM,"4,680",+140,3.08,"38,800",2026/07/27
536,536,1568,TOPIXブル2倍上場投信,東証ETF,992.9,+29.6,3.07,"2,371,170",2026/07/27
537,537,3558,ジェイドグループ(株),東証GRT,"1,678",+50,3.07,"56,400",2026/07/27
538,538,4237,フジプレアム(株),東証STD,336,+10,3.07,"48,500",2026/07/27
539,539,4889,(株)レナサイエンス,東証GRT,"1,545",+46,3.07,"159,600",2026/07/27
540,540,566A,iFreeETF ブルームバーグ日本株(除く金融)高配当50,東証ETF,"2,250",+67,3.07,49,2026/07/27
541,541,1879,新日本建設(株),東証PRM,"2,124",+63,3.06,"132,300",2026/07/27
542,542,253A,(株)ＥＴＳグループ,東証STD,"1,145",+34,3.06,"25,500",2026/07/27
543,543,2638,GX ロボティクス＆AI-日本株式,東証ETF,"2,663",+79,3.06,"29,302",2026/07/27
544,544,6326,(株)クボタ,東証PRM,"2,882.5",+85.5,3.06,"2,633,200",2026/07/27
545,545,7267,ホンダ,東証PRM,"1,583",+47,3.06,"14,458,100",2026/07/27
546,546,8022,ミズノ(株),東証PRM,"3,710",+110,3.06,"132,800",2026/07/27
547,547,8410,(株)セブン銀行,東証PRM,320.1,+9.5,3.06,"6,390,400",2026/07/27
548,548,4463,日華化学(株),東証STD,"1,827",+54,3.05,"20,900",2026/07/27
549,549,1414,ショーボンドホールディングス(株),東証PRM,"1,320",+39,3.04,"949,100",2026/07/27
550,550,2970,ＧＬＣ　ＧＲＯＵＰ(株),東証STD,952,+28,3.03,"19,100",2026/07/27
551,551,3302,帝国繊維(株),東証PRM,"3,400",+100,3.03,"50,400",2026/07/27
552,552,4188,三菱ケミカルグループ(株),東証PRM,"1,225",+36,3.03,"5,951,000",2026/07/27
553,553,6454,マックス(株),東証PRM,"1,766",+52,3.03,"386,800",2026/07/27
554,554,8393,(株)宮崎銀行,東証PRM,"2,553",+75,3.03,"292,500",2026/07/27
555,555,9279,(株)ギフトホールディングス,東証PRM,"4,935",+145,3.03,"73,000",2026/07/27
556,556,3963,(株)シンクロ・フード,東証PRM,341,+10,3.02,"45,200",2026/07/27
557,557,5406,(株)神戸製鋼所,東証PRM,"2,044.5",+60,3.02,"2,335,700",2026/07/27
558,558,8934,サンフロンティア不動産(株),東証PRM,"2,562",+75,3.02,"153,500",2026/07/27
559,559,9434,ソフトバンク(株),東証PRM,228.3,+6.7,3.02,"81,127,600",2026/07/27
560,560,3944,古林紙工(株),東証STD,"2,601",+76,3.01,"1,500",2026/07/27
561,561,4845,(株)スカラ,東証STD,342,+10,3.01,"42,200",2026/07/27
562,562,577A,GX シルバー,東証ETF,239.5,+7,3.01,"10,340",2026/07/27
563,563,5929,三和ホールディングス(株),東証PRM,"3,899",+114,3.01,"490,200",2026/07/27
564,564,6036,ＫｅｅＰｅｒ技研(株),東証PRM,"2,772",+81,3.01,"127,700",2026/07/27
565,565,6237,(株)イワキ,東証PRM,"5,140",+150,3.01,"117,400",2026/07/27
566,566,6334,明治機械(株),東証STD,479,+14,3.01,"4,800",2026/07/27
567,567,6474,(株)不二越,東証PRM,"5,810",+170,3.01,"112,800",2026/07/27
568,568,7734,理研計器(株),東証PRM,"3,425",+100,3.01,"83,900",2026/07/27
569,569,7984,コクヨ(株),東証PRM,883.1,+25.8,3.01,"1,090,000",2026/07/27
570,570,8349,(株)東北銀行,東証STD,"1,511",+44,3.0,"27,000",2026/07/27
571,571,4204,積水化学工業(株),東証PRM,"2,735",+79.5,2.99,"1,874,300",2026/07/27
572,572,8338,(株)筑波銀行,東証PRM,690,+20,2.99,"1,525,100",2026/07/27
573,573,8697,(株)日本取引所グループ,東証PRM,"2,288.5",+66.5,2.99,"3,133,100",2026/07/27
574,574,1399,上場MSCI日本株高配当低ボラティリティ,東証ETF,"3,176",+92,2.98,"1,312",2026/07/27
575,575,407A,(株)ＵＮＩＣＯＮホールディングス,東証STD,899,+26,2.98,"31,800",2026/07/27
576,576,6069,トレンダーズ(株),東証GRT,656,+19,2.98,"20,000",2026/07/27
577,577,7932,(株)ニッピ,東証STD,"12,450",+360,2.98,"17,800",2026/07/27
578,578,8630,ＳＯＭＰＯホールディングス(株),東証PRM,"7,261",+210,2.98,"1,986,400",2026/07/27
579,579,4483,(株)ＪＭＤＣ,東証PRM,"3,295",+95,2.97,"154,600",2026/07/27
580,580,8304,(株)あおぞら銀行,東証PRM,"3,124",+90,2.97,"1,811,600",2026/07/27
581,581,9008,京王電鉄(株),東証PRM,807.3,+23.3,2.97,"2,116,400",2026/07/27
582,582,264A,(株)Ｓｃｈｏｏ,東証GRT,278,+8,2.96,"25,300",2026/07/27
583,583,4343,(株)イオンファンタジー,東証PRM,"2,745",+79,2.96,"77,000",2026/07/27
584,584,6814,古野電気(株),東証PRM,"7,640",+220,2.96,"572,800",2026/07/27
585,585,1622,(NEXT FUNDS)自動車･輸送機上場投信,東証ETF,"34,230",+980,2.95,"1,979",2026/07/27
586,586,3475,(株)グッドコムアセット,東証PRM,"1,534",+44,2.95,"121,800",2026/07/27
587,587,3836,(株)アバントグループ,東証PRM,"1,257",+36,2.95,"62,200",2026/07/27
588,588,435A,iFreeETF 日本株配当ローテーション戦略,東証ETF,"2,724",+78,2.95,"115,233",2026/07/27
589,589,5527,(株)ｐｒｏｐｅｒｔｙ　ｔｅｃｈｎｏｌｏｇｉｅｓ,東証GRT,699,+20,2.95,"24,500",2026/07/27
590,590,6101,(株)ツガミ,東証PRM,"6,980",+200,2.95,"407,900",2026/07/27
591,591,7839,(株)ＳＨＯＥＩ,東証PRM,"1,953",+56,2.95,"228,300",2026/07/27
592,592,9024,(株)西武ホールディングス,東証PRM,"3,665",+105,2.95,"1,313,100",2026/07/27
593,593,2292,Ｓ　ＦＯＯＤＳ(株),東証PRM,"2,837",+81,2.94,"143,000",2026/07/27
594,594,2931,(株)ユーグレナ,東証PRM,350,+10,2.94,"735,800",2026/07/27
595,595,6418,日本金銭機械(株),東証PRM,"1,087",+31,2.94,"99,700",2026/07/27
596,596,9363,(株)大運,東証STD,526,+15,2.94,"13,900",2026/07/27
597,597,145A,(株)Ｌ　ｉｓ　Ｂ,東証GRT,877,+25,2.93,"7,600",2026/07/27
598,598,3652,(株)ディジタルメディアプロフェッショナル,東証GRT,"2,320",+66,2.93,"46,600",2026/07/27
599,599,7245,大同メタル工業(株),東証PRM,"1,337",+38,2.93,"447,800",2026/07/27
600,600,147A,(株)ソラコム,東証GRT,"1,023",+29,2.92,"31,000",2026/07/27
601,601,2237,iFreeETF S&P500レバレッジ,東証ETF,"2,360",+67,2.92,"8,723",2026/07/27
602,602,2326,デジタルアーツ(株),東証PRM,"4,050",+115,2.92,"108,200",2026/07/27
603,603,2670,(株)エービーシー・マート,東証PRM,"2,714",+77,2.92,"663,300",2026/07/27
604,604,8550,(株)栃木銀行,東証PRM,"1,058",+30,2.92,"789,600",2026/07/27
605,605,9001,東武鉄道(株),東証PRM,"3,100",+88,2.92,"755,400",2026/07/27
606,606,1928,積水ハウス(株),東証PRM,"3,639",+103,2.91,"3,535,300",2026/07/27
607,607,3668,(株)コロプラ,東証PRM,389,+11,2.91,"410,400",2026/07/27
608,608,3778,さくらインターネット(株),東証PRM,"2,900",+82,2.91,"760,000",2026/07/27
609,609,4613,関西ペイント(株),東証PRM,"2,739",+77.5,2.91,"1,156,700",2026/07/27
610,610,518A,(NEXTFUNDS) FTSE日本株高配当キャッシュフロー50,東証ETF,"2,050",+58,2.91,"8,544",2026/07/27
611,611,8267,イオン(株),東証PRM,"1,378",+39,2.91,"8,328,700",2026/07/27
612,612,4412,(株)サイエンスアーツ,東証GRT,"1,172",+33,2.9,"17,400",2026/07/27
613,613,4552,ＪＣＲファーマ(株),東証PRM,532,+15,2.9,"388,400",2026/07/27
614,614,568A,iシェアーズ シルバー,東証ETF,159.9,+4.5,2.9,"27,390",2026/07/27
615,615,6420,ガリレイホールディングス(株),東証PRM,"3,370",+95,2.9,"52,100",2026/07/27
616,616,6971,京セラ(株),東証PRM,"3,796",+107,2.9,"5,574,900",2026/07/27
617,617,9729,(株)トーカイ,東証PRM,"2,483",+70,2.9,"26,500",2026/07/27
618,618,1673,WisdomTree 銀上場投信,東証ETF,"8,833",+248,2.89,"11,910",2026/07/27
619,619,354A,iFreeETF ブルームバーグ日本株高配当50指数,東証ETF,"3,280",+92,2.89,"5,147",2026/07/27
620,620,4072,(株)電算システムホールディングス,東証PRM,"2,923",+82,2.89,"24,000",2026/07/27
621,621,6146,(株)ディスコ,東証PRM,"62,650","+1,760",2.89,"1,849,700",2026/07/27
622,622,6564,(株)ミダックホールディングス,東証PRM,"2,242",+63,2.89,"32,000",2026/07/27
623,623,6750,エレコム(株),東証PRM,"1,888",+53,2.89,"197,700",2026/07/27
624,624,1572,中国H株ブル2倍上場投信,東証ETF,"7,150",+200,2.88,"1,360",2026/07/27
625,625,489A,東証REIT物流フォーカスETF,東証ETF,929,+26,2.88,172,2026/07/27
626,626,5909,(株)コロナ,東証STD,"1,036",+29,2.88,"18,300",2026/07/27
627,627,8129,東邦ホールディングス(株),東証PRM,"4,219",+118,2.88,"206,300",2026/07/27
628,628,5132,(株)ｐｌｕｓｚｅｒｏ,東証GRT,"1,970",+55,2.87,"36,700",2026/07/27
629,629,8066,三谷商事(株),東証STD,"2,865",+80,2.87,"7,500",2026/07/27
630,630,8398,(株)筑邦銀行,福証,"2,150",+60,2.87,"3,900",2026/07/27
631,631,3134,Ｈａｍｅｅ(株),東証STD,288,+8,2.86,"75,100",2026/07/27
632,632,4495,(株)アイキューブドシステムズ,東証GRT,"1,945",+54,2.86,"4,100",2026/07/27
633,633,9404,日本テレビホールディングス(株),東証PRM,"2,932",+81.5,2.86,"399,500",2026/07/27
634,634,4998,フマキラー(株),東証STD,"1,229",+34,2.85,"69,300",2026/07/27
635,635,7322,(株)三十三フィナンシャルグループ,東証PRM,"2,054",+57,2.85,"367,500",2026/07/27
636,636,9702,(株)アイ・エス・ビー,東証PRM,"2,342",+65,2.85,"29,000",2026/07/27
637,637,9045,京阪ホールディングス(株),東証PRM,"3,295",+91,2.84,"369,600",2026/07/27
638,638,2152,幼児活動研究会(株),東証STD,"1,600",+44,2.83,"4,500",2026/07/27
639,639,2384,ＳＢＳホールディングス(株),東証PRM,"4,540",+125,2.83,"82,200",2026/07/27
640,640,3397,(株)トリドールホールディングス,東証PRM,"4,185",+115,2.83,"296,800",2026/07/27
641,641,7906,ヨネックス(株),東証STD,"2,613",+72,2.83,"378,700",2026/07/27
642,642,9007,小田急電鉄(株),東証PRM,"1,782.5",+49,2.83,"1,484,100",2026/07/27
643,643,2124,ＪＡＣ　Ｒｅｃｒｕｉｔｍｅｎｔ,東証PRM,948,+26,2.82,"666,700",2026/07/27
644,644,3793,(株)ドリコム,東証GRT,437,+12,2.82,"71,300",2026/07/27
645,645,4380,(株)Ｍマート,東証GRT,"1,239",+34,2.82,"3,800",2026/07/27
646,646,219A,Ｈｅａｒｔｓｅｅｄ(株),東証GRT,"1,717",+47,2.81,"176,800",2026/07/27
647,647,4611,大日本塗料(株),東証PRM,"1,396",+38,2.8,"87,900",2026/07/27
648,648,5982,(株)マルゼン,東証STD,"4,045",+110,2.8,"12,900",2026/07/27
649,649,3993,(株)ＰＫＳＨＡ　Ｔｅｃｈｎｏｌｏｇｙ,東証PRM,"2,801",+76,2.79,"749,700",2026/07/27
650,650,4366,ダイトーケミックス(株),東証STD,442,+12,2.79,"776,500",2026/07/27
651,651,4633,サカタインクス(株),東証PRM,"2,539",+69,2.79,"252,700",2026/07/27
652,652,6966,(株)三井ハイテック,東証PRM,920,+25,2.79,"1,674,100",2026/07/27
653,653,9601,松竹(株),東証PRM,"11,420",+310,2.79,"51,100",2026/07/27
654,654,1835,東鉄工業(株),東証PRM,"4,245",+115,2.78,"86,000",2026/07/27
655,655,1852,(株)淺沼組,東証PRM,886,+24,2.78,"642,000",2026/07/27
656,656,4344,ソースネクスト(株),東証PRM,111,+3,2.78,"859,300",2026/07/27
657,657,4403,日油(株),東証PRM,"2,825.5",+76.5,2.78,"672,900",2026/07/27
658,658,5947,リンナイ(株),東証PRM,"3,656",+99,2.78,"380,000",2026/07/27
659,659,7613,シークス(株),東証PRM,"1,443",+39,2.78,"178,500",2026/07/27
660,660,7921,(株)ＴＡＫＡＲＡ　＆　ＣＯＭＰＡＮＹ,東証PRM,"4,440",+120,2.78,"49,700",2026/07/27
661,661,9438,(株)エムティーアイ,東証PRM,628,+17,2.78,"30,500",2026/07/27
662,662,1633,(NEXT FUNDS)不動産上場投信,東証ETF,"52,290","+1,410",2.77,355,2026/07/27
663,663,1853,(株)森組,東証STD,334,+9,2.77,"143,800",2026/07/27
664,664,2250,iシェアーズ MSCI ジャパン気候変動アクション ETF,東証ETF,374.1,+10.1,2.77,"1,050",2026/07/27
665,665,6055,ジャパンマテリアル(株),東証PRM,"2,300",+62,2.77,"527,800",2026/07/27
666,666,6562,(株)ジーニー,東証GRT,966,+26,2.77,"18,400",2026/07/27
667,667,6580,(株)ライトアップ,東証GRT,816,+22,2.77,"10,500",2026/07/27
668,668,6677,(株)エスケーエレクトロニクス,東証STD,"3,525",+95,2.77,"88,200",2026/07/27
669,669,7821,前田工繊(株),東証PRM,"1,894",+51,2.77,"112,300",2026/07/27
670,670,1651,iFreeETF TOPIX高配当40指数,東証ETF,"3,274",+88,2.76,"29,064",2026/07/27
671,671,4369,(株)トリケミカル研究所,東証PRM,"3,355",+90,2.76,"405,600",2026/07/27
672,672,6310,井関農機(株),東証PRM,"1,935",+52,2.76,"85,200",2026/07/27
673,673,8154,加賀電子(株),東証PRM,"4,475",+120,2.76,"128,800",2026/07/27
674,674,8337,(株)千葉興業銀行,東証PRM,"2,790",+75,2.76,"95,300",2026/07/27
675,675,3103,ユニチカ(株),東証STD,859,+23,2.75,"1,603,100",2026/07/27
676,676,7033,(株)マネジメントソリューションズ,東証PRM,"1,381",+37,2.75,"42,300",2026/07/27
677,677,2327,日鉄ソリューションズ(株),東証PRM,"3,904",+104,2.74,"318,800",2026/07/27
678,678,2330,(株)フォーサイド,東証STD,75,+2,2.74,"50,200",2026/07/27
679,679,3675,(株)クロス・マーケティンググループ,東証STD,600,+16,2.74,"31,400",2026/07/27
680,680,4488,ＡＩ　ｉｎｓｉｄｅ(株),東証GRT,"2,176",+58,2.74,"12,000",2026/07/27
681,681,4676,(株)フジ・メディア・ホールディングス,東証PRM,"4,166",+111,2.74,"374,000",2026/07/27
682,682,6071,(株)ＩＢＪ,東証PRM,825,+22,2.74,"110,100",2026/07/27
683,683,6083,ＥＲＩホールディングス(株),東証STD,"1,573",+42,2.74,"58,300",2026/07/27
684,684,6412,(株)平和,東証PRM,"2,099",+56,2.74,"394,300",2026/07/27
685,685,6506,(株)安川電機,東証PRM,"5,257",+140,2.74,"7,074,600",2026/07/27
686,686,8387,(株)四国銀行,東証PRM,"3,560",+95,2.74,"198,900",2026/07/27
687,687,8830,住友不動産(株),東証PRM,"3,781",+101,2.74,"2,785,800",2026/07/27
688,688,1888,若築建設(株),東証PRM,"3,575",+95,2.73,"21,400",2026/07/27
689,689,3992,(株)ニーズウェル,東証PRM,452,+12,2.73,"49,100",2026/07/27
690,690,4169,ＥＮＥＣＨＡＮＧＥ(株),東証GRT,226,+6,2.73,"459,400",2026/07/27
691,691,6630,ヤーマン(株),東証PRM,753,+20,2.73,"78,500",2026/07/27
692,692,6748,星和電機(株),東証STD,753,+20,2.73,"10,100",2026/07/27
693,693,2432,(株)ディー・エヌ・エー,東証PRM,"2,451.5",+65,2.72,"995,700",2026/07/27
694,694,4967,小林製薬(株),東証PRM,"5,587",+148,2.72,"207,100",2026/07/27
695,695,6351,(株)鶴見製作所,東証PRM,"2,230",+59,2.72,"38,700",2026/07/27
696,696,7134,(株)アップガレージグループ,東証STD,"1,398",+37,2.72,"9,900",2026/07/27
697,697,7350,(株)おきなわフィナンシャルグループ,東証PRM,"7,560",+200,2.72,"74,200",2026/07/27
698,698,8218,(株)コメリ,東証PRM,"3,590",+95,2.72,"77,100",2026/07/27
699,699,1803,清水建設(株),東証PRM,"2,523.5",+66.5,2.71,"2,667,100",2026/07/27
700,700,2742,(株)ハローズ,東証PRM,"3,795",+100,2.71,"25,300",2026/07/27
701,701,3628,(株)データホライゾン,東証GRT,606,+16,2.71,"6,500",2026/07/27
702,702,4224,ロンシール工業(株),東証STD,"2,199",+58,2.71,"5,600",2026/07/27
703,703,6184,(株)鎌倉新書,東証PRM,531,+14,2.71,"129,500",2026/07/27
704,704,6302,住友重機械工業(株),東証PRM,"5,419",+143,2.71,"733,400",2026/07/27
705,705,6804,ホシデン(株),東証PRM,"2,840",+75,2.71,"234,400",2026/07/27
706,706,7779,ＣＹＢＥＲＤＹＮＥ(株),東証GRT,227,+6,2.71,"795,200",2026/07/27
707,707,8142,(株)トーホー,東証PRM,"1,404",+37,2.71,"249,300",2026/07/27
708,708,8802,三菱地所(株),東証PRM,"4,098",+108,2.71,"2,938,300",2026/07/27
709,709,8804,東京建物(株),東証PRM,"3,520",+93,2.71,"870,900",2026/07/27
710,710,1628,(NEXT FUNDS)運輸･物流上場投信,東証ETF,"21,875",+575,2.7,"1,506",2026/07/27
711,711,3647,(株)アスリナ,東証STD,114,+3,2.7,"76,300",2026/07/27
712,712,3665,(株)エニグモ,東証PRM,418,+11,2.7,"280,600",2026/07/27
713,713,7244,市光工業(株),東証PRM,533,+14,2.7,"91,100",2026/07/27
714,714,7949,小松ウオール工業(株),東証PRM,"2,699",+71,2.7,"93,200",2026/07/27
715,715,8200,(株)リンガーハット,東証PRM,"2,356",+62,2.7,"127,000",2026/07/27
716,716,6366,千代田化工建設(株),東証STD,726,+19,2.69,"3,394,000",2026/07/27
717,717,6463,ＴＰＲ(株),東証PRM,"1,451",+38,2.69,"142,000",2026/07/27
718,718,486A,(NEXT FUNDS) ユーロ・ストックス50(H無),東証ETF,"2,264",+59,2.68,"1,355",2026/07/27
719,719,7575,日本ライフライン(株),東証PRM,"1,418",+37,2.68,"223,000",2026/07/27
720,720,8255,アクシアル　リテイリング(株),東証PRM,"1,224",+32,2.68,"175,600",2026/07/27
721,721,9504,中国電力(株),東証PRM,951,+24.8,2.68,"1,661,900",2026/07/27
722,722,9644,(株)タナベコンサルティンググループ,東証PRM,767,+20,2.68,"41,900",2026/07/27
723,723,9720,(株)ホテル、ニューグランド,東証STD,"6,130",+160,2.68,400,2026/07/27
724,724,9930,北沢産業(株),東証STD,383,+10,2.68,"16,300",2026/07/27
725,725,2018,GX US REIT・トップ20,東証ETF,"1,384",+36,2.67,"1,576",2026/07/27
726,726,4177,(株)ｉ－ｐｌｕｇ,東証GRT,"1,538",+40,2.67,"3,700",2026/07/27
727,727,4436,(株)ミンカブ・ジ・インフォノイド,東証GRT,462,+12,2.67,"74,400",2026/07/27
728,728,6094,(株)フリークアウト・ホールディングス,東証GRT,539,+14,2.67,"24,600",2026/07/27
729,729,6430,ダイコク電機(株),東証PRM,"2,424",+63,2.67,"36,400",2026/07/27
730,730,8725,ＭＳ＆ＡＤインシュアランスグループホールディングス(株),東証PRM,"5,029",+131,2.67,"4,742,600",2026/07/27
731,731,4054,日本情報クリエイト(株),東証GRT,579,+15,2.66,"6,500",2026/07/27
732,732,4375,セーフィー(株),東証GRT,657,+17,2.66,"127,000",2026/07/27
733,733,6323,ローツェ(株),東証PRM,"4,512",+117,2.66,"2,164,800",2026/07/27
734,734,6486,イーグル工業(株),東証PRM,"3,045",+79,2.66,"191,700",2026/07/27
735,735,7972,(株)イトーキ,東証PRM,"2,938",+76,2.66,"138,300",2026/07/27
736,736,9503,関西電力(株),東証PRM,"2,429.5",+63,2.66,"3,343,200",2026/07/27
737,737,2415,ヒューマンホールディングス(株),東証STD,"1,591",+41,2.65,"8,900",2026/07/27
738,738,3803,イメージ情報開発(株),東証GRT,504,+13,2.65,"20,700",2026/07/27
739,739,4107,伊勢化学工業(株),東証STD,"3,675",+95,2.65,"245,700",2026/07/27
740,740,2815,アリアケジャパン(株),東証PRM,"5,440",+140,2.64,"131,800",2026/07/27
741,741,3150,(株)グリムス,東証PRM,"2,646",+68,2.64,"31,600",2026/07/27
742,742,3854,(株)アイル,東証PRM,"2,297",+59,2.64,"99,100",2026/07/27
743,743,7371,Ｚｅｎｋｅｎ(株),東証GRT,738,+19,2.64,"14,400",2026/07/27
744,744,7453,(株)良品計画,東証PRM,"4,313",+111,2.64,"3,012,600",2026/07/27
745,745,7701,(株)島津製作所,東証PRM,"4,274",+110,2.64,"995,600",2026/07/27
746,746,8366,(株)滋賀銀行,東証PRM,"2,725",+70,2.64,"1,469,300",2026/07/27
747,747,9036,東部ネットワーク(株),東証STD,"1,363",+35,2.64,"2,000",2026/07/27
748,748,9699,ニシオホールディングス(株),東証PRM,"4,270",+110,2.64,"44,700",2026/07/27
749,749,1814,大末建設(株),東証PRM,"3,705",+95,2.63,"88,100",2026/07/27
750,750,1959,(株)クラフティア,東証PRM,"9,102",+233,2.63,"343,900",2026/07/27
751,751,4011,(株)ヘッドウォータース,東証GRT,"1,987",+51,2.63,"15,900",2026/07/27
752,752,5018,(株)ＭＯＲＥＳＣＯ,東証STD,"2,148",+55,2.63,"54,200",2026/07/27
753,753,5101,横浜ゴム(株),東証PRM,"7,538",+193,2.63,"729,500",2026/07/27
754,754,6845,アズビル(株),東証PRM,"1,677.5",+43,2.63,"958,800",2026/07/27
755,755,7595,(株)アルゴグラフィックス,東証PRM,"1,327",+34,2.63,"184,200",2026/07/27
756,756,8336,(株)武蔵野銀行,東証PRM,"2,813",+72,2.63,"316,500",2026/07/27
757,757,9861,(株)吉野家ホールディングス,東証PRM,"3,707",+95,2.63,"500,600",2026/07/27
758,758,1484,One ETF JPX/S&P 設備･人材投資指数,東証ETF,"3,717",+95,2.62,"3,860",2026/07/27
759,759,166A,(株)タスキホールディングス,東証PRM,"1,095",+28,2.62,"353,500",2026/07/27
760,760,2108,日本甜菜製糖(株),東証PRM,"5,090",+130,2.62,"32,200",2026/07/27
761,761,5994,(株)ファインシンター,東証STD,"1,018",+26,2.62,"7,500",2026/07/27
762,762,8935,(株)ＦＪネクストホールディングス,東証PRM,"1,880",+48,2.62,"49,700",2026/07/27
763,763,9962,(株)ミスミグループ本社,東証PRM,"3,677",+94,2.62,"1,182,100",2026/07/27
764,764,2193,クックパッド(株),東証STD,118,+3,2.61,"115,100",2026/07/27
765,765,4247,ポバール興業(株),東証STD,"1,377",+35,2.61,600,2026/07/27
766,766,4743,(株)アイティフォー,東証PRM,"1,727",+44,2.61,"72,000",2026/07/27
767,767,4814,ネクストウェア(株),東証STD,157,+4,2.61,"58,800",2026/07/27
768,768,6316,(株)丸山製作所,東証STD,"2,829",+72,2.61,"7,700",2026/07/27
769,769,6579,ログリー(株),東証GRT,354,+9,2.61,"2,700",2026/07/27
770,770,6615,ユー・エム・シー・エレクトロニクス(株),東証PRM,236,+6,2.61,"27,800",2026/07/27
771,771,7459,(株)メディパルホールディングス,東証PRM,"2,951.5",+75,2.61,"321,400",2026/07/27
772,772,9005,東急(株),東証PRM,"1,792",+45.5,2.61,"2,418,100",2026/07/27
773,773,3106,クラボウ,東証PRM,"10,250",+260,2.6,"84,400",2026/07/27
774,774,3299,(株)ムゲンエステート,東証STD,"2,014",+51,2.6,"121,200",2026/07/27
775,775,3623,ビリングシステム(株),東証GRT,"1,026",+26,2.6,"26,800",2026/07/27
776,776,4544,Ｈ．Ｕ．グループホールディングス(株),東証PRM,"3,434",+87,2.6,"188,200",2026/07/27
777,777,499A,ラグジュアリー厳選10 欧州株(ネットリターン)ETN,東証ETF,"9,099",+231,2.6,2,2026/07/27
778,778,9553,(株)マイクロアド,東証GRT,591,+15,2.6,"57,500",2026/07/27
779,779,1489,(NEXT FUNDS)日経平均高配当株50指数連動型ETF,東証ETF,"3,485",+88,2.59,"1,077,691",2026/07/27
780,780,3399,(株)丸千代山岡家,東証STD,"3,770",+95,2.59,"116,500",2026/07/27
781,781,4275,(株)カーリット,東証PRM,"2,419",+61,2.59,"180,600",2026/07/27
782,782,4746,(株)東計電算,東証STD,"4,950",+125,2.59,"29,200",2026/07/27
783,783,6523,ＰＨＣホールディングス(株),東証PRM,"1,107",+28,2.59,"264,600",2026/07/27
784,784,7856,萩原工業(株),東証PRM,"1,824",+46,2.59,"61,200",2026/07/27
785,785,2127,(株)日本Ｍ＆Ａセンターホールディングス,東証PRM,681.1,+17.1,2.58,"1,865,400",2026/07/27
786,786,3632,グリーホールディングス(株),東証PRM,397,+10,2.58,"452,300",2026/07/27
787,787,5885,(株)ジーデップ・アドバンス,東証STD,"2,739",+69,2.58,"23,800",2026/07/27
788,788,7309,(株)シマノ,東証PRM,"19,050",+480,2.58,"375,200",2026/07/27
789,789,8046,丸藤シートパイル(株),東証STD,913,+23,2.58,"18,200",2026/07/27
790,790,2198,アイ・ケイ・ケイホールディングス(株),東証PRM,798,+20,2.57,"73,000",2026/07/27
791,791,4379,(株)Ｐｈｏｔｏｓｙｎｔｈ,東証GRT,399,+10,2.57,"15,400",2026/07/27
792,792,4667,アイサンテクノロジー(株),東証STD,"1,919",+48,2.57,"37,500",2026/07/27
793,793,4820,(株)ＥＭシステムズ,東証PRM,559,+14,2.57,"145,000",2026/07/27
794,794,7313,テイ・エス　テック(株),東証PRM,"1,818",+45.5,2.57,"329,900",2026/07/27
795,795,7389,(株)あいちフィナンシャルグループ,東証PRM,"1,875",+47,2.57,"723,900",2026/07/27
796,796,304A,フォルシア(株),東証GRT,"2,006",+50,2.56,"4,600",2026/07/27
797,797,5013,(株)ユシロ,東証STD,"3,000",+75,2.56,"36,600",2026/07/27
798,798,7212,(株)エフテック,東証STD,682,+17,2.56,"104,100",2026/07/27
799,799,8303,(株)ＳＢＩ新生銀行,東証PRM,"1,460",+36.5,2.56,"2,434,000",2026/07/27
800,800,2784,アルフレッサ　ホールディングス(株),東証PRM,"2,409",+60,2.55,"617,400",2026/07/27
801,801,4819,(株)デジタルガレージ,東証PRM,"2,295",+57,2.55,"171,300",2026/07/27
802,802,6047,(株)Ｇｕｎｏｓｙ,東証STD,362,+9,2.55,"301,600",2026/07/27
803,803,6282,オイレス工業(株),東証PRM,"2,854",+71,2.55,"57,600",2026/07/27
804,804,7699,オムニ・プラス・システム,東証GRT外国,723,+18,2.55,100,2026/07/27
805,805,1542,純銀上場信託(現物国内保管型),東証ETF,"28,265",+700,2.54,"47,586",2026/07/27
806,806,4113,田岡化学工業(株),東証STD,808,+20,2.54,"73,000",2026/07/27
807,807,531A,NZAM 上場投信 日経平均高配当株50,東証ETF,"2,264",+56,2.54,557,2026/07/27
808,808,7246,プレス工業(株),東証PRM,847,+21,2.54,"306,100",2026/07/27
809,809,8600,トモニホールディングス(株),東証PRM,"1,050",+26,2.54,"1,050,400",2026/07/27
810,810,1626,(NEXT FUNDS)情報通信･サービス上場投信,東証ETF,"44,600","+1,100",2.53,473,2026/07/27
811,811,2267,(株)ヤクルト本社,東証PRM,"2,815.5",+69.5,2.53,"1,074,600",2026/07/27
812,812,4026,神島化学工業(株),東証STD,"1,582",+39,2.53,"54,100",2026/07/27
813,813,4960,ケミプロ化成(株),東証STD,526,+13,2.53,"12,600",2026/07/27
814,814,5252,日本ナレッジ(株),東証GRT,810,+20,2.53,"2,600",2026/07/27
815,815,5923,高田機工(株),東証STD,"1,173",+29,2.53,"9,200",2026/07/27
816,816,5943,(株)ノーリツ,東証PRM,"2,395",+59,2.53,"69,000",2026/07/27
817,817,5988,(株)パイオラックス,東証PRM,"1,705",+42,2.53,"73,100",2026/07/27
818,818,7236,(株)ティラド,東証PRM,"1,540",+38,2.53,"173,900",2026/07/27
819,819,7516,コーナン商事(株),東証PRM,"4,260",+105,2.53,"97,900",2026/07/27
820,820,4539,日本ケミファ(株),東証STD,"1,671",+41,2.52,"3,700",2026/07/27
821,821,4923,コタ(株),東証PRM,"1,222",+30,2.52,"44,900",2026/07/27
822,822,6031,ＺＥＴＡ(株),東証GRT,244,+6,2.52,"71,200",2026/07/27
823,823,6209,リケンＮＰＲ(株),東証PRM,"4,065",+100,2.52,"115,400",2026/07/27
824,824,7278,(株)エクセディ,東証PRM,"6,110",+150,2.52,"179,300",2026/07/27
825,825,7447,ナガイレーベン(株),東証PRM,"1,792",+44,2.52,"58,400",2026/07/27
826,826,7888,三光合成(株),東証PRM,937,+23,2.52,"171,500",2026/07/27
827,827,8617,光世証券(株),東証STD,570,+14,2.52,"4,800",2026/07/27
828,828,2040,NEXT NOTES NYダウ･ダブル･ブル･ドルヘッジ ETN,東証ETF,"38,380",+940,2.51,349,2026/07/27
829,829,4714,(株)リソー教育グループ,東証PRM,204,+5,2.51,"486,900",2026/07/27
830,830,6037,楽待(株),東証STD,"1,023",+25,2.51,"31,100",2026/07/27
831,831,7381,(株)ＣＣＩグループ,東証PRM,"1,185",+29,2.51,"545,500",2026/07/27
832,832,3861,王子ホールディングス(株),東証PRM,882.4,+21.5,2.5,"3,711,600",2026/07/27
833,833,391A,(株)山忠,名証MN,"2,540",+62,2.5,"1,700",2026/07/27
834,834,4116,大日精化工業(株),東証PRM,"1,105",+27,2.5,"112,700",2026/07/27
835,835,569A,iシェアーズ プラチナ,東証ETF,168,+4.1,2.5,"1,990",2026/07/27
836,836,5986,モリテック　スチール(株),東証STD,246,+6,2.5,"62,600",2026/07/27
837,837,6306,日工(株),東証PRM,984,+24,2.5,"164,200",2026/07/27
838,838,6810,マクセル(株),東証PRM,"2,171",+53,2.5,"137,900",2026/07/27
839,839,7844,(株)マーベラス,東証PRM,451,+11,2.5,"93,100",2026/07/27
840,840,7919,野崎印刷紙業(株),東証STD,205,+5,2.5,"38,400",2026/07/27
841,841,2579,コカ・コーラ　ボトラーズジャパンホールディングス(株),東証PRM,"4,364",+106,2.49,"756,200",2026/07/27
842,842,2837,GX 中小型リーダーズ-日本株式,東証ETF,"4,726",+115,2.49,"56,750",2026/07/27
843,843,3176,三洋貿易(株),東証PRM,863,+21,2.49,"155,800",2026/07/27
844,844,8841,(株)テーオーシー,東証STD,906,+22,2.49,"58,000",2026/07/27
845,845,9602,東宝(株),東証PRM,"1,482.5",+36,2.49,"8,017,100",2026/07/27
846,846,1951,エクシオグループ(株),東証PRM,"2,705",+65.5,2.48,"829,000",2026/07/27
847,847,2281,プリマハム(株),東証PRM,"2,483",+60,2.48,"117,000",2026/07/27
848,848,2429,(株)ワールドホールディングス,東証PRM,"2,773",+67,2.48,"56,000",2026/07/27
849,849,2639,GX バイオ＆メドテック-日本株式,東証ETF,"1,697",+41,2.48,"1,135",2026/07/27
850,850,3107,ダイワボウホールディングス(株),東証PRM,"3,599",+87,2.48,"327,100",2026/07/27
851,851,3903,(株)ｇｕｍｉ,東証PRM,248,+6,2.48,"291,500",2026/07/27
852,852,6459,だいわ(株),東証PRM,"1,735",+42,2.48,"70,000",2026/07/27
853,853,7745,(株)Ａ＆Ｄホロンホールディングス,東証PRM,"2,973",+72,2.48,"78,100",2026/07/27
854,854,7871,フクビ化学工業(株),東証STD,949,+23,2.48,"5,900",2026/07/27
855,855,9564,(株)ＦＣＥ,東証STD,538,+13,2.48,"29,000",2026/07/27
856,856,6272,レオン自動機(株),東証PRM,"1,537",+37,2.47,"64,900",2026/07/27
857,857,6727,(株)ワコム,東証PRM,789,+19,2.47,"1,120,400",2026/07/27
858,858,9006,京浜急行電鉄(株),東証PRM,"1,596",+38.5,2.47,"798,400",2026/07/27
859,859,1478,iシェアーズ MSCI ジャパン高配当利回り ETF,東証ETF,"5,378",+129,2.46,"40,478",2026/07/27
860,860,1869,名工建設(株),名証MN,"1,998",+48,2.46,"20,400",2026/07/27
861,861,5831,(株)しずおかフィナンシャルグループ,東証PRM,"3,463",+83,2.46,"1,602,900",2026/07/27
862,862,8923,トーセイ(株),東証PRM,"1,790",+43,2.46,"240,900",2026/07/27
863,863,9246,(株)プロジェクトホールディングス,東証GRT,"1,041",+25,2.46,500,2026/07/27
864,864,1885,東亜建設工業(株),東証PRM,"2,088",+50,2.45,"302,800",2026/07/27
865,865,2982,(株)ＡＤワークスグループ,東証PRM,418,+10,2.45,"251,900",2026/07/27
866,866,3040,(株)ソリトンシステムズ,東証PRM,"2,005",+48,2.45,"74,600",2026/07/27
867,867,4249,森六(株),東証PRM,"2,547",+61,2.45,"19,100",2026/07/27
868,868,6277,ホソカワミクロン(株),東証PRM,"5,020",+120,2.45,"36,800",2026/07/27
869,869,7094,(株)ＮｅｘＴｏｎｅ,東証GRT,"1,420",+34,2.45,"32,800",2026/07/27
870,870,8801,三井不動産(株),東証PRM,"1,588",+38,2.45,"6,867,500",2026/07/27
871,871,9158,(株)シーユーシー,東証GRT,794,+19,2.45,"43,000",2026/07/27
872,872,4627,ナトコ(株),東証STD,"1,765",+42,2.44,"1,900",2026/07/27
873,873,5532,(株)リアルゲイト,東証GRT,"3,575",+85,2.44,"10,500",2026/07/27
874,874,5698,(株)エンビプロ・ホールディングス,東証STD,798,+19,2.44,"128,400",2026/07/27
875,875,579A,GX 銀ビジネス,東証ETF,881,+21,2.44,"5,797",2026/07/27
876,876,7276,(株)小糸製作所,東証PRM,"2,520.5",+60,2.44,"759,000",2026/07/27
877,877,7283,愛三工業(株),東証PRM,"2,349",+56,2.44,"117,200",2026/07/27
878,878,7571,(株)ヤマノホールディングス,東証STD,84,+2,2.44,"242,800",2026/07/27
879,879,8276,(株)平和堂,東証PRM,"2,649",+63,2.44,"118,500",2026/07/27
880,880,1914,日本基礎技術(株),東証STD,716,+17,2.43,"30,400",2026/07/27
881,881,2593,(株)伊藤園,東証PRM,"3,072",+73,2.43,"257,700",2026/07/27
882,882,3663,(株)セルシス,東証PRM,"1,854",+44,2.43,"182,900",2026/07/27
883,883,6676,(株)バッファロー,東証STD,"2,778",+66,2.43,"29,100",2026/07/27
884,884,6954,ファナック(株),東証PRM,"6,785",+161,2.43,"5,712,300",2026/07/27
885,885,7630,(株)壱番屋,東証PRM,928,+22,2.43,"573,500",2026/07/27
886,886,8803,平和不動産(株),東証PRM,"2,407",+57,2.43,"147,000",2026/07/27
887,887,9509,北海道電力(株),東証PRM,"1,032",+24.5,2.43,"2,354,900",2026/07/27
888,888,1659,iシェアーズ 米国リート ETF,東証ETF,"4,272",+101,2.42,"8,472",2026/07/27
889,889,372A,(株)レント,東証STD,"5,510",+130,2.42,"11,800",2026/07/27
890,890,4980,デクセリアルズ(株),東証PRM,"3,637",+86,2.42,"1,279,000",2026/07/27
891,891,6651,日東工業(株),東証PRM,"4,445",+105,2.42,"64,900",2026/07/27
892,892,8999,グランディハウス(株),東証PRM,550,+13,2.42,"102,300",2026/07/27
893,893,9474,(株)ゼンリン,東証PRM,930,+22,2.42,"243,100",2026/07/27
894,894,9692,(株)シーイーシー,東証PRM,"2,283",+54,2.42,"79,700",2026/07/27
895,895,1675,WisdomTree パラジウム上場投信,東証ETF,"18,890",+445,2.41,314,2026/07/27
896,896,3968,セグエグループ(株),東証PRM,596,+14,2.41,"362,100",2026/07/27
897,897,6113,(株)アマダ,東証PRM,"2,936",+69,2.41,"1,453,300",2026/07/27
898,898,235A,GX 高配当30-日本株式,東証ETF,"1,409",+33,2.4,"5,398",2026/07/27
899,899,3035,ケイティケイ(株),東証STD,810,+19,2.4,"11,600",2026/07/27
900,900,3708,特種東海製紙(株),東証PRM,"2,177",+51,2.4,"59,900",2026/07/27
901,901,4534,持田製薬(株),東証PRM,"3,195",+75,2.4,"66,300",2026/07/27
902,902,497A,インバウンド消費関連 日本株(ネットリターン)ETN,東証ETF,"10,440",+245,2.4,42,2026/07/27
903,903,5078,(株)セレコーポレーション,東証STD,"4,915",+115,2.4,700,2026/07/27
904,904,6485,前澤給装工業(株),東証STD,"1,581",+37,2.4,"39,400",2026/07/27
905,905,7018,内海造船(株),東証STD,"11,090",+260,2.4,"33,700",2026/07/27
906,906,7367,(株)セルム,東証STD,342,+8,2.4,"12,600",2026/07/27
907,907,8252,(株)丸井グループ,東証PRM,"2,991.5",+70,2.4,"993,100",2026/07/27
908,908,8360,(株)山梨中央銀行,東証PRM,"7,260",+170,2.4,"162,400",2026/07/27
909,909,9119,飯野海運(株),東証PRM,"1,534",+36,2.4,"221,000",2026/07/27
910,910,3349,(株)コスモス薬品,東証PRM,"6,385",+149,2.39,"302,500",2026/07/27
911,911,7979,(株)松風,東証PRM,"2,138",+50,2.39,"63,500",2026/07/27
912,912,9519,(株)レノバ,東証PRM,"1,029",+24,2.39,"796,400",2026/07/27
913,913,1941,(株)中電工,東証PRM,"5,170",+120,2.38,"74,500",2026/07/27
914,914,234A,GX MSCI キャッシュフローキング-日本株式,東証ETF,"1,505",+35,2.38,"2,540",2026/07/27
915,915,3173,(株)Ｃｏｍｉｎｉｘ,東証STD,"1,077",+25,2.38,"8,100",2026/07/27
916,916,3773,(株)アドバンスト・メディア,東証GRT,"1,076",+25,2.38,"22,300",2026/07/27
917,917,5310,東洋炭素(株),東証PRM,"6,880",+160,2.38,"99,600",2026/07/27
918,918,5941,(株)中西製作所,東証STD,"2,667",+62,2.38,"1,300",2026/07/27
919,919,6289,(株)技研製作所,東証PRM,"1,894",+44,2.38,"46,300",2026/07/27
920,920,7128,ユニソルホールディングス(株),東証PRM,"2,756",+64,2.38,"95,300",2026/07/27
921,921,3123,サイボー(株),東証STD,647,+15,2.37,"7,000",2026/07/27
922,922,4221,大倉工業(株),東証PRM,"5,190",+120,2.37,"40,500",2026/07/27
923,923,6432,(株)竹内製作所,東証PRM,"7,770",+180,2.37,"214,200",2026/07/27
924,924,9345,ビズメイツ(株),東証GRT,648,+15,2.37,"4,300",2026/07/27
925,925,6022,(株)赤阪鐵工所,東証STD,"2,558",+59,2.36,"2,200",2026/07/27
926,926,6238,フリュー(株),東証PRM,"1,389",+32,2.36,"83,300",2026/07/27
927,927,6455,(株)モリタホールディングス,東証PRM,"2,514",+58,2.36,"88,800",2026/07/27
928,928,7203,トヨタ自動車(株),東証PRM,"2,965.5",+68.5,2.36,"26,894,200",2026/07/27
929,929,7994,(株)オカムラ,東証PRM,"2,346",+54,2.36,"257,400",2026/07/27
930,930,2181,パーソルホールディングス(株),東証PRM,266,+6.1,2.35,"6,597,000",2026/07/27
931,931,3133,(株)海帆,東証GRT,87,+2,2.35,"1,027,500",2026/07/27
932,932,4732,(株)ユー・エス・エス,東証PRM,"2,001",+46,2.35,"1,025,400",2026/07/27
933,933,480A,(株)リブ・コンサルティング,東証GRT,"1,003",+23,2.35,"5,400",2026/07/27
934,934,5351,品川リフラ(株),東証PRM,"2,088",+48,2.35,"89,400",2026/07/27
935,935,5911,(株)横河ブリッジホールディングス,東証PRM,"3,005",+69,2.35,"211,600",2026/07/27
936,936,6518,三相電機(株),東証STD,"1,914",+44,2.35,"6,200",2026/07/27
937,937,8343,(株)秋田銀行,東証PRM,"7,850",+180,2.35,"115,600",2026/07/27
938,938,9709,ＮＣＳ＆Ａ(株),東証STD,"1,308",+30,2.35,"19,300",2026/07/27
939,939,9882,(株)イエローハット,東証PRM,"1,829",+42,2.35,"181,400",2026/07/27
940,940,2497,ユナイテッド(株),東証GRT,525,+12,2.34,"31,400",2026/07/27
941,941,2860,(NEXT FUNDS) ドイツ株式・DAX(H有),東証ETF,"3,187",+73,2.34,"6,363",2026/07/27
942,942,2875,東洋水産(株),東証PRM,"10,945",+250,2.34,"322,400",2026/07/27
943,943,3196,(株)ホットランドホールディングス,東証PRM,"1,661",+38,2.34,"260,000",2026/07/27
944,944,5285,(株)ヤマックス,東証STD,"1,355",+31,2.34,"16,200",2026/07/27
945,945,6030,(株)アドベンチャー,東証GRT,"1,532",+35,2.34,"5,700",2026/07/27
946,946,7616,(株)コロワイド,東証PRM,"1,988.5",+45.5,2.34,"452,500",2026/07/27
947,947,9170,成友興業(株),名証MN,"1,750",+40,2.34,"1,600",2026/07/27
948,948,2353,日本駐車場開発(株),東証PRM,264,+6,2.33,"4,567,200",2026/07/27
949,949,2475,ＷＤＢホールディングス(株),東証PRM,"1,847",+42,2.33,"8,700",2026/07/27
950,950,3771,(株)システムリサーチ,東証PRM,"1,841",+42,2.33,"39,100",2026/07/27
951,951,6635,(株)大日光・エンジニアリング,東証STD,660,+15,2.33,"26,200",2026/07/27
952,952,7723,愛知時計電機(株),東証PRM,"3,080",+70,2.33,"11,400",2026/07/27
953,953,7887,南海プライウッド(株),東証STD,"1,540",+35,2.33,600,2026/07/27
954,954,8111,(株)ゴールドウイン,東証PRM,"2,354.5",+53.5,2.33,"426,200",2026/07/27
955,955,9025,鴻池運輸(株),東証PRM,"2,948",+67,2.33,"113,000",2026/07/27
956,956,9307,(株)杉村倉庫,東証STD,"1,052",+24,2.33,"22,600",2026/07/27
957,957,3817,(株)ＳＲＡホールディングス,東証PRM,"4,630",+105,2.32,"70,400",2026/07/27
958,958,5134,(株)ＰＯＰＥＲ,東証GRT,529,+12,2.32,"2,100",2026/07/27
959,959,7599,(株)ＩＤＯＭ,東証PRM,"1,325",+30,2.32,"628,000",2026/07/27
960,960,7902,(株)ソノコム,東証STD,"1,104",+25,2.32,"1,100",2026/07/27
961,961,7988,(株)ニフコ,東証PRM,"5,257",+119,2.32,"282,400",2026/07/27
962,962,348A,MAXIS 読売333日本株,東証ETF,300.6,+6.8,2.31,"113,790",2026/07/27
963,963,6194,(株)アトラエ,東証PRM,841,+19,2.31,"115,500",2026/07/27
964,964,7173,(株)東京きらぼしフィナンシャルグループ,東証PRM,"1,813",+41,2.31,"1,453,100",2026/07/27
965,965,7943,ニチハ(株),東証PRM,"3,100",+70,2.31,"51,800",2026/07/27
966,966,9110,ＮＳユナイテッド海運(株),東証PRM,"7,530",+170,2.31,"73,200",2026/07/27
967,967,2560,MAXISカーボン・エフィシェント日本株上場投信,東証ETF,"54,230","+1,220",2.3,36,2026/07/27
968,968,3048,(株)ビックカメラ,東証PRM,"1,759",+39.5,2.3,"518,800",2026/07/27
969,969,6574,(株)コンヴァノ,東証GRT,89,+2,2.3,"220,900",2026/07/27
970,970,4771,(株)エフアンドエム,東証STD,"2,417",+54,2.29,"24,100",2026/07/27
971,971,6182,(株)メタリアル,東証GRT,446,+10,2.29,"38,500",2026/07/27
972,972,7111,ＩＮＥＳＴ(株),東証STD,492,+11,2.29,"14,000",2026/07/27
973,973,2048,NEXT NOTES 野村日本株高配当70(ドルH、NR)ETN,東証ETF,"58,860","+1,310",2.28,58,2026/07/27
974,974,2897,日清食品ホールディングス(株),東証PRM,"2,959.5",+66,2.28,"816,800",2026/07/27
975,975,4088,エア・ウォーター(株),東証PRM,"2,650",+59,2.28,"655,100",2026/07/27
976,976,4914,高砂香料工業(株),東証PRM,"1,211",+27,2.28,"142,500",2026/07/27
977,977,5451,(株)ヨドコウ,東証PRM,"1,391",+31,2.28,"296,500",2026/07/27
978,978,2849,GX Morningstar 高配当 ESG-日本株式,東証ETF,"5,530",+123,2.27,270,2026/07/27
979,979,3231,野村不動産ホールディングス(株),東証PRM,968,+21.5,2.27,"2,450,900",2026/07/27
980,980,5255,(株)モンスターラボ,東証GRT,90,+2,2.27,"384,200",2026/07/27
981,981,5449,大阪製鐵(株),東証STD,"2,709",+60,2.27,"45,800",2026/07/27
982,982,7198,ＳＢＩアルヒ(株),東証PRM,811,+18,2.27,"154,200",2026/07/27
983,983,7280,(株)ミツバ,東証PRM,"1,169",+26,2.27,"156,000",2026/07/27
984,984,1686,WisdomTree 産業用金属上場投信,東証ETF,"3,170",+70,2.26,40,2026/07/27
985,985,265A,Ｈｍｃｏｍｍ(株),東証GRT,680,+15,2.26,"19,600",2026/07/27
986,986,394A,業界改革厳選ETFテレビ業界,東証ETF,533.6,+11.8,2.26,"1,440",2026/07/27
987,987,4719,(株)アルファシステムズ,東証PRM,"3,395",+75,2.26,"7,100",2026/07/27
988,988,7114,(株)フーディソン,東証GRT,768,+17,2.26,"5,600",2026/07/27
989,989,8163,ＳＲＳホールディングス(株),東証PRM,"1,358",+30,2.26,"126,800",2026/07/27
990,990,9166,(株)ＧＥＮＤＡ,東証GRT,588,+13,2.26,"1,348,200",2026/07/27
991,991,261A,(株)日水コン,東証STD,"2,045",+45,2.25,"14,300",2026/07/27
992,992,2749,(株)ＪＰホールディングス,東証PRM,636,+14,2.25,"315,300",2026/07/27
993,993,4259,(株)エクサウィザーズ,東証GRT,817,+18,2.25,"1,070,300",2026/07/27
994,994,4413,(株)ボードルア,東証PRM,"3,000",+66,2.25,"233,900",2026/07/27
995,995,4848,(株)フルキャストホールディングス,東証PRM,"1,685",+37,2.25,"78,200",2026/07/27
996,996,7164,全国保証(株),東証PRM,"3,133",+69,2.25,"446,500",2026/07/27
997,997,1811,(株)錢高組,東証STD,"8,210",+180,2.24,800,2026/07/27
998,998,3326,(株)ランシステム,東証STD,640,+14,2.24,"3,000",2026/07/27
999,999,6078,(株)バリューＨＲ,東証PRM,"1,550",+34,2.24,"23,000",2026/07/27
1000,1000,6199,(株)セラク,東証STD,"1,280",+28,2.24,"22,900",2026/07/27
1001,1001,1577,(NEXT FUNDS)野村日本株高配当70連動型ETF,東証ETF,"59,540","+1,300",2.23,"3,974",2026/07/27
1002,1002,4880,セルソース(株),東証STD,321,+7,2.23,"25,400",2026/07/27
1003,1003,6240,ヤマシンフィルタ(株),東証PRM,551,+12,2.23,"257,400",2026/07/27
1004,1004,7240,ＮＯＫ(株),東証PRM,"3,072",+67,2.23,"318,700",2026/07/27
1005,1005,8159,(株)立花エレテック,東証PRM,"3,440",+75,2.23,"19,900",2026/07/27
1006,1006,9658,(株)ビジネスブレイン太田昭和,東証PRM,"1,055",+23,2.23,"87,700",2026/07/27
1007,1007,9828,(株)Ｇｅｎｋｉ　Ｇｌｏｂａｌ　Ｄｉｎｉｎｇ　Ｃｏｎｃｅｐｔｓ,東証STD,"3,445",+75,2.23,"67,800",2026/07/27
1008,1008,345A,高配当成長 日本株(ネットリターン)ETN,東証ETF,"15,875",+345,2.22,785,2026/07/27
1009,1009,5161,西川ゴム工業(株),東証STD,"3,225",+70,2.22,"113,500",2026/07/27
1010,1010,6165,パンチ工業(株),東証STD,506,+11,2.22,"75,400",2026/07/27
1011,1011,6413,理想科学工業(株),東証PRM,"1,059",+23,2.22,"61,200",2026/07/27
1012,1012,7600,(株)日本エム・ディ・エム,東証PRM,920,+20,2.22,"166,100",2026/07/27
1013,1013,2146,ＵＴグループ(株),東証PRM,185,+4,2.21,"5,344,500",2026/07/27
1014,1014,2488,ＪＴＰ(株),東証STD,"1,435",+31,2.21,"24,400",2026/07/27
1015,1015,2974,大英産業(株),福証,925,+20,2.21,"1,200",2026/07/27
1016,1016,3053,(株)ペッパーフードサービス,東証STD,185,+4,2.21,"183,200",2026/07/27
1017,1017,3236,(株)プロパスト,東証STD,278,+6,2.21,"63,300",2026/07/27
1018,1018,3401,帝人(株),東証PRM,"1,733.5",+37.5,2.21,"739,500",2026/07/27
1019,1019,4060,ｒａｋｕｍｏ(株),東証GRT,"1,112",+24,2.21,"17,600",2026/07/27
1020,1020,4082,第一稀元素化学工業(株),東証PRM,"1,852",+40,2.21,"124,100",2026/07/27
1021,1021,5195,バンドー化学(株),東証PRM,"2,360",+51,2.21,"49,500",2026/07/27
1022,1022,6050,イー・ガーディアン(株),東証PRM,"1,759",+38,2.21,"14,100",2026/07/27
1023,1023,6637,寺崎電気産業(株),東証STD,"4,165",+90,2.21,"93,400",2026/07/27
1024,1024,9274,ＫＰＰグループホールディングス(株),東証PRM,"1,112",+24,2.21,"288,700",2026/07/27
1025,1025,2792,(株)ハニーズホールディングス,東証PRM,"1,438",+31,2.2,"76,700",2026/07/27
1026,1026,2981,(株)ランディックス,東証GRT,"2,044",+44,2.2,"2,400",2026/07/27
1027,1027,3849,日本テクノ・ラボ(株),札幌ア,605,+13,2.2,600,2026/07/27
1028,1028,5075,アップコン(株),名証NXT,"1,021",+22,2.2,"6,800",2026/07/27
1029,1029,5834,ＳＢＩリーシングサービス(株),東証GRT,"2,828",+61,2.2,"58,700",2026/07/27
1030,1030,6149,(株)小田原エンジニアリング,東証STD,"2,187",+47,2.2,"12,400",2026/07/27
1031,1031,7247,(株)ミクニ,東証STD,372,+8,2.2,"65,200",2026/07/27
1032,1032,7762,シチズン時計(株),東証PRM,"2,226",+48,2.2,"1,001,100",2026/07/27
1033,1033,9081,神奈川中央交通(株),東証PRM,"3,950",+85,2.2,"15,800",2026/07/27
1034,1034,1698,上場インデックスファンド日本高配当,東証ETF,"4,385",+94,2.19,"12,370",2026/07/27
1035,1035,3962,(株)チェンジホールディングス,東証PRM,935,+20,2.19,"305,900",2026/07/27
1036,1036,7486,サンリン(株),東証STD,792,+17,2.19,"2,000",2026/07/27
1037,1037,9101,日本郵船(株),東証PRM,"6,076",+130,2.19,"3,857,100",2026/07/27
1038,1038,2170,(株)リンクアンドモチベーション,東証PRM,610,+13,2.18,"502,800",2026/07/27
1039,1039,363A,iFreeETF 英国FTSE100,東証ETF,"2,814",+60,2.18,414,2026/07/27
1040,1040,4175,(株)ｃｏｌｙ,東証GRT,"2,672",+57,2.18,"3,100",2026/07/27
1041,1041,7199,プレミアグループ(株),東証PRM,"2,060",+44,2.18,"145,800",2026/07/27
1042,1042,7508,(株)Ｇ－７ホールディングス,東証PRM,"1,454",+31,2.18,"64,800",2026/07/27
1043,1043,9936,(株)王将フードサービス,東証PRM,"3,005",+64,2.18,"195,800",2026/07/27
1044,1044,3727,(株)アプリックス,東証GRT,141,+3,2.17,"62,300",2026/07/27
1045,1045,6457,グローリー(株),東証PRM,"4,512",+96,2.17,"210,700",2026/07/27
1046,1046,1887,日本国土開発(株),東証PRM,521,+11,2.16,"482,300",2026/07/27
1047,1047,2587,サントリービバレッジ＆フード(株),東証PRM,"4,730",+100,2.16,"785,400",2026/07/27
1048,1048,3468,スターアジア不動産投資法人,東証,"56,800","+1,200",2.16,"4,998",2026/07/27
1049,1049,3788,ＧＭＯグローバルサイン・ホールディングス(株),東証PRM,"2,224",+47,2.16,"18,400",2026/07/27
1050,1050,6555,(株)ＭＳ＆Ｃｏｎｓｕｌｔｉｎｇ,東証STD,425,+9,2.16,"1,600",2026/07/27
1051,1051,8079,正栄食品工業(株),東証PRM,"4,500",+95,2.16,"49,900",2026/07/27
1052,1052,8700,丸八証券(株),東証STD,"2,030",+43,2.16,"8,800",2026/07/27
1053,1053,9145,(株)ビーイングホールディングス,東証STD,568,+12,2.16,"18,500",2026/07/27
1054,1054,9842,アークランズ(株),東証PRM,"1,940",+41,2.16,"382,900",2026/07/27
1055,1055,1976,明星工業(株),東証PRM,"1,994",+42,2.15,"159,600",2026/07/27
1056,1056,288A,ラクサス・テクノロジーズ(株),東証GRT,95,+2,2.15,"34,600",2026/07/27
1057,1057,3741,(株)セック,東証PRM,"3,000",+63,2.15,"72,600",2026/07/27
1058,1058,4498,サイバートラスト(株),東証GRT,"1,186",+25,2.15,"41,800",2026/07/27
1059,1059,5602,(株)栗本鐵工所,東証PRM,"1,519",+32,2.15,"250,200",2026/07/27
1060,1060,5612,日本鋳鉄管(株),東証STD,"1,569",+33,2.15,"7,300",2026/07/27
1061,1061,8130,(株)サンゲツ,東証PRM,"3,085",+65,2.15,"267,800",2026/07/27
1062,1062,8593,三菱ＨＣキャピタル(株),東証PRM,"1,470",+31,2.15,"4,148,000",2026/07/27
1063,1063,8848,(株)レオパレス２１,東証PRM,664,+14,2.15,"1,040,400",2026/07/27
1064,1064,9663,(株)ナガワ,東証PRM,"5,220",+110,2.15,"45,700",2026/07/27
1065,1065,2282,日本ハム(株),東証PRM,"6,385",+134,2.14,"444,300",2026/07/27
1066,1066,3002,グンゼ(株),東証PRM,"4,065",+85,2.14,"233,100",2026/07/27
1067,1067,4019,(株)スタメン,東証GRT,621,+13,2.14,"18,400",2026/07/27
1068,1068,4502,武田薬品工業(株),東証PRM,"5,769",+121,2.14,"4,647,600",2026/07/27
1069,1069,7944,ローランド(株),東証PRM,"4,065",+85,2.14,"77,800",2026/07/27
1070,1070,4437,ｇｏｏｄｄａｙｓホールディングス(株),東証GRT,817,+17,2.13,"2,300",2026/07/27
1071,1071,5851,リョービ(株),東証PRM,"2,544",+53,2.13,"104,400",2026/07/27
1072,1072,6223,(株)西部技研,東証STD,"2,065",+43,2.13,"38,100",2026/07/27
1073,1073,6706,電気興業(株),東証PRM,"3,020",+63,2.13,"64,400",2026/07/27
1074,1074,6740,(株)ジャパンディスプレイ,東証PRM,48,+1,2.13,"15,737,400",2026/07/27
1075,1075,7037,(株)テノ．ホールディングス,東証STD,864,+18,2.13,"2,200",2026/07/27
1076,1076,8174,日本瓦斯(株),東証PRM,"2,924.5",+61,2.13,"182,300",2026/07/27
1077,1077,9743,(株)丹青社,東証PRM,"1,438",+30,2.13,"816,400",2026/07/27
1078,1078,1481,上場インデックスファンド日本経済貢献株,東証ETF,"3,750",+78,2.12,590,2026/07/27
1079,1079,2438,(株)アスカネット,東証GRT,337,+7,2.12,"52,800",2026/07/27
1080,1080,2871,(株)ニチレイ,東証PRM,"2,195.5",+45.5,2.12,"1,487,600",2026/07/27
1081,1081,3402,東レ(株),東証PRM,"1,178.5",+24.5,2.12,"3,398,200",2026/07/27
1082,1082,4071,(株)プラスアルファ・コンサルティング,東証PRM,"2,267",+47,2.12,"161,800",2026/07/27
1083,1083,4577,ダイト(株),東証PRM,"1,301",+27,2.12,"60,100",2026/07/27
1084,1084,6584,三桜工業(株),東証PRM,819,+17,2.12,"496,500",2026/07/27
1085,1085,9928,(株)ミロク情報サービス,東証PRM,"1,834",+38,2.12,"27,100",2026/07/27
1086,1086,1619,(NEXT FUNDS)建設･資材上場投信,東証ETF,"47,890",+990,2.11,407,2026/07/27
1087,1087,2566,上場インデックスファンド日経ESGリート,東証ETF,"1,067",+22,2.11,"10,591",2026/07/27
1088,1088,2607,不二製油(株),東証PRM,"3,916",+81,2.11,"160,600",2026/07/27
1089,1089,4891,(株)ティムス,東証GRT,97,+2,2.11,"158,900",2026/07/27
1090,1090,5233,太平洋セメント(株),東証PRM,"4,208",+87,2.11,"648,000",2026/07/27
1091,1091,5269,日本コンクリート工業(株),東証PRM,339,+7,2.11,"93,800",2026/07/27
1092,1092,5949,ユニプレス(株),東証PRM,"1,306",+27,2.11,"96,400",2026/07/27
1093,1093,7287,日本精機(株),東証STD,"2,417",+50,2.11,"83,200",2026/07/27
1094,1094,7337,(株)ひろぎんホールディングス,東証PRM,"2,352.5",+48.5,2.11,"857,800",2026/07/27
1095,1095,8563,(株)大東銀行,東証STD,"1,067",+22,2.11,"51,900",2026/07/27
1096,1096,8591,オリックス(株),東証PRM,"6,673",+138,2.11,"2,955,900",2026/07/27
1097,1097,8713,フィデアホールディングス(株),東証PRM,"2,177",+45,2.11,"81,300",2026/07/27
1098,1098,8919,(株)カチタス,東証PRM,"3,380",+70,2.11,"176,400",2026/07/27
1099,1099,9632,スバル興業(株),東証STD,"3,630",+75,2.11,"7,100",2026/07/27
1100,1100,1674,WisdomTree 白金上場投信,東証ETF,"24,025",+495,2.1,192,2026/07/27
1101,1101,2201,森永製菓(株),東証PRM,"2,704",+55.5,2.1,"252,000",2026/07/27
1102,1102,3479,(株)ＴＫＰ,東証GRT,"1,850",+38,2.1,"108,100",2026/07/27
1103,1103,6229,(株)オーケーエム,東証STD,"1,603",+33,2.1,"12,100",2026/07/27
1104,1104,6249,(株)ゲームカードホールディングス,東証STD,"2,630",+54,2.1,"24,200",2026/07/27
1105,1105,6332,月島ホールディングス(株),東証PRM,"2,725",+56,2.1,"94,000",2026/07/27
1106,1106,7628,(株)オーハシテクニカ,東証PRM,"1,168",+24,2.1,"19,800",2026/07/27
1107,1107,9068,丸全昭和運輸(株),東証PRM,"7,790",+160,2.1,"33,100",2026/07/27
1108,1108,9341,(株)ＧＥＮＯＶＡ,東証PRM,633,+13,2.1,"96,000",2026/07/27
1109,1109,9716,(株)乃村工藝社,東証PRM,"1,213",+25,2.1,"274,100",2026/07/27
1110,1110,2811,カゴメ(株),東証PRM,"2,754",+56.5,2.09,"237,000",2026/07/27
1111,1111,3045,(株)カワサキ,東証STD,"1,516",+31,2.09,"1,400",2026/07/27
1112,1112,456A,ＨＵＭＡＮ　ＭＡＤＥ(株),東証GRT,"1,419",+29,2.09,"240,700",2026/07/27
1113,1113,4832,ＪＦＥシステムズ(株),東証STD,"2,050",+42,2.09,"53,300",2026/07/27
1114,1114,5946,(株)長府製作所,東証PRM,"2,101",+43,2.09,"44,100",2026/07/27
1115,1115,6472,ＮＴＮ(株),東証PRM,380.7,+7.8,2.09,"2,456,700",2026/07/27
1116,1116,8125,(株)ワキタ,東証PRM,"1,909",+39,2.09,"176,400",2026/07/27
1117,1117,8227,(株)しまむら,東証PRM,"3,369",+69,2.09,"506,500",2026/07/27
1118,1118,9031,西日本鉄道(株),東証PRM,"3,171",+65,2.09,"203,400",2026/07/27
1119,1119,9409,(株)テレビ朝日ホールディングス,東証PRM,"3,175",+65,2.09,"155,600",2026/07/27
1120,1120,2089,NZAM 上場投信 DAX(H有),東証ETF,"2,792",+57,2.08,18,2026/07/27
1121,1121,2109,ＤＭ三井製糖(株),東証PRM,"3,440",+70,2.08,"50,600",2026/07/27
1122,1122,250A,シマダヤ(株),東証STD,"1,666",+34,2.08,"41,900",2026/07/27
1123,1123,3237,(株)イントランス,東証GRT,98,+2,2.08,"151,600",2026/07/27
1124,1124,3917,(株)アイリッジ,東証GRT,490,+10,2.08,"42,400",2026/07/27
1125,1125,4523,エーザイ(株),東証PRM,"4,753",+97,2.08,"2,045,100",2026/07/27
1126,1126,505A,(株)ギークリー,東証STD,"1,375",+28,2.08,"34,800",2026/07/27
1127,1127,6250,(株)やまびこ,東証PRM,"3,920",+80,2.08,"79,200",2026/07/27
1128,1128,7679,(株)薬王堂ホールディングス,東証PRM,"1,770",+36,2.08,"28,400",2026/07/27
1129,1129,8150,三信電気(株),東証PRM,"2,942",+60,2.08,"38,700",2026/07/27
1130,1130,9003,相鉄ホールディングス(株),東証PRM,"2,629.5",+53.5,2.08,"270,300",2026/07/27
1131,1131,2148,アイティメディア(株),東証PRM,"1,184",+24,2.07,"51,700",2026/07/27
1132,1132,6850,(株)チノー,東証PRM,"1,631",+33,2.07,"21,500",2026/07/27
1133,1133,7148,(株)ＦＰＧ,東証PRM,"1,626",+33,2.07,"545,400",2026/07/27
1134,1134,8015,豊田通商(株),東証PRM,"6,558",+133,2.07,"2,433,700",2026/07/27
1135,1135,8225,(株)タカチホ,東証STD,"3,445",+70,2.07,100,2026/07/27
1136,1136,8368,(株)百五銀行,東証PRM,"2,123",+43,2.07,"633,400",2026/07/27
1137,1137,8388,(株)阿波銀行,東証PRM,"8,860",+180,2.07,"183,000",2026/07/27
1138,1138,9331,(株)キャスター,東証GRT,740,+15,2.07,"2,100",2026/07/27
1139,1139,2239,上場インデックスファンドS&P500先物レバレッジ2倍,東証ETF,"25,525",+515,2.06,"2,732",2026/07/27
1140,1140,2503,キリンホールディングス(株),東証PRM,"2,968",+60,2.06,"2,844,600",2026/07/27
1141,1141,3183,ウイン・パートナーズ(株),東証PRM,"1,335",+27,2.06,"12,000",2026/07/27
1142,1142,3467,アグレ都市デザイン(株),東証STD,"2,818",+57,2.06,"8,700",2026/07/27
1143,1143,3580,小松マテーレ(株),東証PRM,742,+15,2.06,"104,100",2026/07/27
1144,1144,6033,(株)エクストリーム,東証GRT,"1,735",+35,2.06,"21,600",2026/07/27
1145,1145,6309,巴工業(株),東証PRM,"1,933",+39,2.06,"89,600",2026/07/27
1146,1146,6803,ティアック(株),東証STD,99,+2,2.06,"225,200",2026/07/27
1147,1147,7615,(株)京都きもの友禅ホールディングス,東証STD,99,+2,2.06,"26,400",2026/07/27
1148,1148,8944,(株)ランドビジネス,東証STD,248,+5,2.06,"80,700",2026/07/27
1149,1149,8954,オリックス不動産投資法人,東証,"103,800","+2,100",2.06,"14,029",2026/07/27
1150,1150,8976,大和証券オフィス投資法人,東証,"346,500","+7,000",2.06,"2,867",2026/07/27
1151,1151,9215,(株)ＣａＳｙ,東証GRT,941,+19,2.06,"1,400",2026/07/27
1152,1152,9385,(株)ショーエイコーポレーション,東証STD,794,+16,2.06,"22,600",2026/07/27
1153,1153,9511,沖縄電力(株),東証PRM,942,+19,2.06,"190,400",2026/07/27
1154,1154,9769,(株)学究社,東証PRM,"2,678",+54,2.06,"10,700",2026/07/27
1155,1155,1934,(株)ユアテック,東証PRM,"2,384",+48,2.05,"135,400",2026/07/27
1156,1156,3796,(株)いい生活,東証STD,299,+6,2.05,"23,500",2026/07/27
1157,1157,3865,北越コーポレーション(株),東証PRM,944,+19,2.05,"200,600",2026/07/27
1158,1158,4371,(株)コアコンセプト・テクノロジー,東証GRT,"1,392",+28,2.05,"42,600",2026/07/27
1159,1159,4428,(株)シノプス,東証GRT,745,+15,2.05,"8,500",2026/07/27
1160,1160,4761,(株)さくらケーシーエス,東証STD,"1,495",+30,2.05,"4,300",2026/07/27
1161,1161,4994,大成ラミックグループ(株),東証STD,"2,533",+51,2.05,"16,100",2026/07/27
1162,1162,5976,ネツレン,東証PRM,"1,395",+28,2.05,"77,600",2026/07/27
1163,1163,8354,(株)ふくおかフィナンシャルグループ,東証PRM,"7,803",+157,2.05,"525,600",2026/07/27
1164,1164,9946,ミニストップ(株),東証PRM,"1,840",+37,2.05,"100,800",2026/07/27
1165,1165,1783,(株)ｆａｎｔａｓｉｓｔａ,東証STD,50,+1,2.04,"331,400",2026/07/27
1166,1166,3569,セーレン(株),東証PRM,"3,245",+65,2.04,"123,600",2026/07/27
1167,1167,3696,(株)セレス,東証PRM,"2,105",+42,2.04,"95,200",2026/07/27
1168,1168,5391,(株)エーアンドエーマテリアル,東証STD,"1,549",+31,2.04,"11,800",2026/07/27
1169,1169,5463,丸一鋼管(株),東証PRM,"1,829.5",+36.5,2.04,"754,600",2026/07/27
1170,1170,8194,(株)ライフコーポレーション,東証PRM,"2,500",+50,2.04,"146,900",2026/07/27
1171,1171,8473,ＳＢＩホールディングス(株),東証PRM,"2,881",+57.5,2.04,"2,800,700",2026/07/27
1172,1172,9830,トラスコ中山(株),東証PRM,"2,405",+48,2.04,"187,200",2026/07/27
1173,1173,3252,地主(株),東証PRM,"2,967",+59,2.03,"83,200",2026/07/27
1174,1174,5983,イワブチ(株),東証STD,"15,100",+300,2.03,300,2026/07/27
1175,1175,6469,(株)放電精密加工研究所,東証STD,"2,765",+55,2.03,"142,100",2026/07/27
1176,1176,7192,日本モーゲージサービス(株),東証STD,603,+12,2.03,"25,200",2026/07/27
1177,1177,7409,ＡｅｒｏＥｄｇｅ(株),東証GRT,"1,508",+30,2.03,"118,600",2026/07/27
1178,1178,7722,国際計測器(株),東証STD,803,+16,2.03,"39,000",2026/07/27
1179,1179,8584,(株)ジャックス,東証PRM,"3,765",+75,2.03,"127,700",2026/07/27
1180,1180,2121,(株)ＭＩＸＩ,東証PRM,"2,884",+57,2.02,"239,300",2026/07/27
1181,1181,2678,アスクル(株),東証PRM,"1,260",+25,2.02,"414,400",2026/07/27
1182,1182,3036,アルコニックス(株),東証PRM,"2,625",+52,2.02,"112,600",2026/07/27
1183,1183,4927,(株)ポーラ・オルビスホールディングス,東証PRM,"1,337",+26.5,2.02,"508,500",2026/07/27
1184,1184,4958,長谷川香料(株),東証PRM,"3,290",+65,2.02,"45,100",2026/07/27
1185,1185,500A,(株)ＴＯブックス,東証STD,"2,929",+58,2.02,"6,100",2026/07/27
1186,1186,5491,日本金属(株),東証STD,910,+18,2.02,"29,200",2026/07/27
1187,1187,6287,(株)サトー,東証PRM,"2,480",+49,2.02,"82,700",2026/07/27
1188,1188,6737,ＥＩＺＯ(株),東証PRM,"2,831",+56,2.02,"239,600",2026/07/27
1189,1189,9271,(株)和心,東証GRT,"1,008",+20,2.02,"10,500",2026/07/27
1190,1190,9991,ジェコス(株),東証PRM,"1,669",+33,2.02,"43,000",2026/07/27
1191,1191,1969,高砂熱学工業(株),東証PRM,"4,518",+89,2.01,"419,400",2026/07/27
1192,1192,3267,(株)フィル・カンパニー,東証STD,608,+12,2.01,"47,000",2026/07/27
1193,1193,4503,アステラス製薬(株),東証PRM,"2,210",+43.5,2.01,"5,781,500",2026/07/27
1194,1194,5035,ＨＯＵＳＥＩ(株),東証GRT,356,+7,2.01,"2,100",2026/07/27
1195,1195,6333,(株)ＴＥＩＫＯＫＵ,東証PRM,"3,300",+65,2.01,"39,600",2026/07/27
1196,1196,7177,ＧＭＯフィナンシャルホールディングス(株),東証STD,"1,064",+21,2.01,"219,800",2026/07/27
1197,1197,7675,セントラルフォレストグループ(株),名証MN,"2,836",+56,2.01,300,2026/07/27
1198,1198,3028,(株)アルペン,東証PRM,"2,241",+44,2.0,"128,100",2026/07/27
1199,1199,4442,バルテス・ホールディングス(株),東証GRT,409,+8,2.0,"17,700",2026/07/27
1200,1200,5905,日本製罐(株),東証STD,"1,380",+27,2.0,800,2026/07/27
1201,1201,6797,名古屋電機工業(株),東証STD,"1,175",+23,2.0,"5,700",2026/07/27
1202,1202,7189,(株)西日本フィナンシャルホールディングス,東証PRM,"4,530",+89,2.0,"464,000",2026/07/27
1203,1203,7965,象印マホービン(株),東証PRM,"1,430",+28,2.0,"179,800",2026/07/27
1204,1204,8043,スターゼン(株),東証PRM,"1,325",+26,2.0,"152,100",2026/07/27
1205,1205,8979,スターツプロシード投資法人,東証,"188,300","+3,700",2.0,462,2026/07/27
1206,1206,9248,人・夢・技術グループ(株),東証STD,"1,582",+31,2.0,"13,600",2026/07/27
1207,1207,9857,英和(株),東証STD,"2,496",+49,2.0,"4,200",2026/07/27
1208,1208,3371,(株)ソフトクリエイトホールディングス,東証PRM,"2,051",+40,1.99,"41,200",2026/07/27
1209,1209,3421,(株)稲葉製作所,東証STD,"1,790",+35,1.99,"64,400",2026/07/27
1210,1210,3983,(株)オロ,東証PRM,"2,200",+43,1.99,"35,700",2026/07/27
1211,1211,6267,ゼネラルパッカー(株),東証STD,"4,100",+80,1.99,900,2026/07/27
1212,1212,7874,レック(株),東証PRM,974,+19,1.99,"47,000",2026/07/27
1213,1213,8008,４℃ホールディングス,東証PRM,"2,054",+40,1.99,"64,200",2026/07/27
1214,1214,8103,明和産業(株),東証PRM,922,+18,1.99,"185,400",2026/07/27
1215,1215,8424,芙蓉総合リース(株),東証PRM,"4,520",+88,1.99,"204,800",2026/07/27
1216,1216,9467,(株)アルファポリス,東証GRT,"1,024",+20,1.99,"122,400",2026/07/27
1217,1217,9612,(株)ラックランド,東証PRM,"1,284",+25,1.99,"36,500",2026/07/27
1218,1218,2206,江崎グリコ(株),東証PRM,"5,140",+100,1.98,"322,900",2026/07/27
1219,1219,3547,(株)ユニシアホールディングス,東証STD,"1,805",+35,1.98,"22,500",2026/07/27
1220,1220,4206,アイカ工業(株),東証PRM,"3,703",+72,1.98,"230,500",2026/07/27
1221,1221,4635,東京インキ(株),東証STD,"1,440",+28,1.98,"41,500",2026/07/27
1222,1222,556A,犬猫生活(株),東証GRT,"2,010",+39,1.98,"39,700",2026/07/27
1223,1223,6741,日本信号(株),東証PRM,"1,598",+31,1.98,"193,300",2026/07/27
1224,1224,7893,(株)プロネクサス,東証PRM,"1,183",+23,1.98,"36,300",2026/07/27
1225,1225,7917,ＺＡＣＲＯＳ(株),東証PRM,"1,394",+27,1.98,"123,700",2026/07/27
1226,1226,8908,(株)毎日コムネット,東証STD,875,+17,1.98,"12,900",2026/07/27
1227,1227,9432,ＮＴＴ(株),東証PRM,154.3,+3,1.98,"226,043,900",2026/07/27
1228,1228,1332,(株)ニッスイ,東証PRM,"1,292.5",+25,1.97,"1,676,400",2026/07/27
1229,1229,1632,(NEXT FUNDS)金融(除く銀行)上場投信,東証ETF,"44,540",+860,1.97,"1,549",2026/07/27
1230,1230,210A,iFreeETF 日経高利回りREIT指数,東証ETF,"1,659",+32,1.97,"16,368",2026/07/27
1231,1231,2590,ダイドーグループホールディングス(株),東証PRM,"3,005",+58,1.97,"123,200",2026/07/27
1232,1232,4228,積水化成品工業(株),東証PRM,518,+10,1.97,"222,500",2026/07/27
1233,1233,6224,(株)ＪＲＣ,東証GRT,"1,141",+22,1.97,"33,000",2026/07/27
1234,1234,7729,(株)東京精密,東証PRM,"17,865",+345,1.97,"366,300",2026/07/27
1235,1235,2085,MAXIS 高配当日本株アクティブ,東証ETF,776,+14.9,1.96,"34,310",2026/07/27
1236,1236,2229,カルビー(株),東証PRM,"2,998",+57.5,1.96,"203,900",2026/07/27
1237,1237,2296,伊藤ハム米久ホールディングス(株),東証PRM,"4,945",+95,1.96,"152,500",2026/07/27
1238,1238,3387,(株)クリエイト・レストランツ・ホールディングス,東証PRM,781,+15,1.96,"1,271,900",2026/07/27
1239,1239,4812,(株)電通総研,東証PRM,"2,710",+52,1.96,"538,900",2026/07/27
1240,1240,7384,(株)プロクレアホールディングス,東証PRM,"4,415",+85,1.96,"77,700",2026/07/27
1241,1241,1541,純プラチナ上場信託(現物国内保管型),東証ETF,"7,738",+148,1.95,"23,918",2026/07/27
1242,1242,2685,(株)アンドエスティＨＤ,東証PRM,"3,400",+65,1.95,"109,900",2026/07/27
1243,1243,3648,ＡＧＳ(株),東証STD,"1,152",+22,1.95,"10,100",2026/07/27
1244,1244,3880,大王製紙(株),東証PRM,993,+19,1.95,"152,000",2026/07/27
1245,1245,7554,(株)幸楽苑,東証PRM,"1,149",+22,1.95,"64,400",2026/07/27
1246,1246,8214,(株)ＡＯＫＩホールディングス,東証PRM,"1,725",+33,1.95,"154,000",2026/07/27
1247,1247,9343,(株)アイビス,東証GRT,785,+15,1.95,"19,800",2026/07/27
1248,1248,2567,NZAM 上場投信 S&P/JPXカーボン・エフィシェント指数,東証ETF,541.7,+10.3,1.94,650,2026/07/27
1249,1249,2918,わらべや日洋ホールディングス(株),東証PRM,"2,835",+54,1.94,"137,200",2026/07/27
1250,1250,5444,大和工業(株),東証PRM,"13,395",+255,1.94,"149,600",2026/07/27
1251,1251,5588,ファーストアカウンティング(株),東証GRT,789,+15,1.94,"8,900",2026/07/27
1252,1252,6599,エブレン(株),東証STD,"2,997",+57,1.94,"1,300",2026/07/27
1253,1253,7743,(株)シード,東証STD,525,+10,1.94,"37,700",2026/07/27
1254,1254,9142,九州旅客鉄道(株),東証PRM,"3,728",+71,1.94,"771,300",2026/07/27
1255,1255,1493,One ETF JPX日経中小型,東証ETF,"25,355",+480,1.93,"1,150",2026/07/27
1256,1256,1882,東亜道路工業(株),東証PRM,"1,635",+31,1.93,"339,600",2026/07/27
1257,1257,2529,(NEXT FUNDS)野村株主還元70連動型上場投信,東証ETF,"2,320",+44,1.93,"6,213",2026/07/27
1258,1258,3476,投資法人みらい,東証,"42,250",+800,1.93,"6,227",2026/07/27
1259,1259,3774,(株)インターネットイニシアティブ,東証PRM,"3,479",+66,1.93,"392,700",2026/07/27
1260,1260,532A,NZAM 上場投信 TOPIX高配当40,東証ETF,"2,271",+43,1.93,732,2026/07/27
1261,1261,5592,(株)くすりの窓口,東証GRT,"2,326",+44,1.93,"59,400",2026/07/27
1262,1262,6547,(株)グリーンズ,東証STD,"2,165",+41,1.93,"26,300",2026/07/27
1263,1263,3034,クオールホールディングス(株),東証PRM,"2,128",+40,1.92,"141,100",2026/07/27
1264,1264,4362,日本精化(株),東証PRM,"2,650",+50,1.92,"25,800",2026/07/27
1265,1265,5356,美濃窯業(株),東証STD,"1,274",+24,1.92,"11,800",2026/07/27
1266,1266,5699,(株)イボキン,東証STD,"1,486",+28,1.92,"2,400",2026/07/27
1267,1267,6444,サンデン(株),東証STD,159,+3,1.92,"85,100",2026/07/27
1268,1268,6776,天昇電気工業(株),東証STD,265,+5,1.92,"8,600",2026/07/27
1269,1269,6823,リオン(株),東証PRM,"3,445",+65,1.92,"62,800",2026/07/27
1270,1270,7987,ナカバヤシ(株),東証STD,585,+11,1.92,"54,300",2026/07/27
1271,1271,8850,スターツコーポレーション(株),東証PRM,"4,775",+90,1.92,"46,100",2026/07/27
1272,1272,2080,PBR1倍割れ解消推進ETF,東証ETF,"2,079",+39,1.91,"19,207",2026/07/27
1273,1273,3088,(株)マツキヨココカラ＆カンパニー,東証PRM,"2,505.5",+47,1.91,"1,675,200",2026/07/27
1274,1274,3591,(株)ワコールホールディングス,東証PRM,"4,481",+84,1.91,"68,300",2026/07/27
1275,1275,6632,(株)ＪＶＣケンウッド,東証PRM,"1,146",+21.5,1.91,"587,200",2026/07/27
1276,1276,160A,(株)アズパートナーズ,東証STD,"2,088",+39,1.9,"8,500",2026/07/27
1277,1277,3300,(株)アンビション　ＤＸ　ホールディングス,東証GRT,"2,144",+40,1.9,"10,100",2026/07/27
1278,1278,3320,クロスプラス(株),東証STD,"1,343",+25,1.9,"9,500",2026/07/27
1279,1279,3835,ｅＢＡＳＥ(株),東証PRM,428,+8,1.9,"87,300",2026/07/27
1280,1280,4205,日本ゼオン(株),東証PRM,"2,257",+42,1.9,"769,900",2026/07/27
1281,1281,5440,共英製鋼(株),東証PRM,"1,930",+36,1.9,"113,700",2026/07/27
1282,1282,5726,(株)大阪チタニウムテクノロジーズ,東証PRM,"2,680",+50,1.9,"237,700",2026/07/27
1283,1283,8032,日本紙パルプ商事(株),東証PRM,"1,127",+21,1.9,"191,600",2026/07/27
1284,1284,8273,(株)イズミ,東証PRM,"1,018",+19,1.9,"278,500",2026/07/27
1285,1285,8334,(株)群馬銀行,東証PRM,"2,658.5",+49.5,1.9,"1,054,600",2026/07/27
1286,1286,1430,ファーストコーポレーション(株),東証STD,"1,026",+19,1.89,"24,500",2026/07/27
1287,1287,2337,いちご(株),東証PRM,432,+8,1.89,"849,900",2026/07/27
1288,1288,2428,ウェルネット(株),東証STD,647,+12,1.89,"72,800",2026/07/27
1289,1289,2983,(株)アールプランナー,東証GRT,"1,513",+28,1.89,"9,100",2026/07/27
1290,1290,4452,花王(株),東証PRM,"3,284",+61,1.89,"1,979,800",2026/07/27
1291,1291,5036,日本ビジネスシステムズ(株),東証PRM,"1,560",+29,1.89,"91,100",2026/07/27
1292,1292,589A,ネイス(株),東証GRT,"1,240",+23,1.89,"129,700",2026/07/27
1293,1293,6929,日本セラミック(株),東証PRM,"3,770",+70,1.89,"72,800",2026/07/27
1294,1294,7776,(株)セルシード,東証GRT,216,+4,1.89,"119,800",2026/07/27
1295,1295,9765,(株)オオバ,東証PRM,"1,134",+21,1.89,"40,500",2026/07/27
1296,1296,3472,日本ホテル＆レジデンシャル投資法人,東証,"65,200","+1,200",1.88,"1,557",2026/07/27
1297,1297,3763,(株)プロシップ,東証PRM,"1,788",+33,1.88,"40,100",2026/07/27
1298,1298,5071,(株)ヴィス,東証STD,"1,465",+27,1.88,"13,200",2026/07/27
1299,1299,5714,ＤＯＷＡホールディングス(株),東証PRM,"8,432",+156,1.88,"480,800",2026/07/27
1300,1300,6535,(株)アイモバイル,東証PRM,542,+10,1.88,"868,400",2026/07/27
1301,1301,7846,(株)パイロットコーポレーション,東証PRM,"1,811.5",+33.5,1.88,"159,200",2026/07/27
1302,1302,8059,第一実業(株),東証PRM,"3,530",+65,1.88,"49,300",2026/07/27
1303,1303,8975,いちごオフィスリート投資法人,東証,"97,600","+1,800",1.88,"2,765",2026/07/27
1304,1304,2073,スマート ESG30 低カーボンリスク(ネットリターン)ETN,東証ETF,"15,495",+285,1.87,100,2026/07/27
1305,1305,3283,日本プロロジスリート投資法人,東証,"92,800","+1,700",1.87,"14,435",2026/07/27
1306,1306,3687,(株)フィックスターズ,東証PRM,"2,184",+40,1.87,"440,300",2026/07/27
1307,1307,4023,(株)クレハ,東証PRM,"4,355",+80,1.87,"235,400",2026/07/27
1308,1308,4045,東亞合成(株),東証PRM,"1,801.5",+33,1.87,"343,200",2026/07/27
1309,1309,4270,(株)ＢｅｅＸ,東証GRT,"1,798",+33,1.87,"4,200",2026/07/27
1310,1310,5530,日本システムバンク(株),名証MN,"1,090",+20,1.87,"3,800",2026/07/27
1311,1311,5998,(株)アドバネクス,東証STD,"2,727",+50,1.87,"7,500",2026/07/27
1312,1312,6145,ＮＩＴＴＯＫＵ(株),東証STD,"2,673",+49,1.87,"93,100",2026/07/27
1313,1313,7162,アストマックス(株),東証STD,273,+5,1.87,"45,300",2026/07/27
1314,1314,8399,(株)琉球銀行,東証PRM,"3,055",+56,1.87,"113,100",2026/07/27
1315,1315,9605,東映(株),東証PRM,"6,000",+110,1.87,"80,100",2026/07/27
1316,1316,9974,(株)ベルク,東証PRM,"6,540",+120,1.87,"18,300",2026/07/27
1317,1317,1813,(株)不動テトラ,東証PRM,"2,734",+50,1.86,"50,900",2026/07/27
1318,1318,1942,(株)関電工,東証PRM,"6,085",+111,1.86,"942,100",2026/07/27
1319,1319,3501,ＳＵＭＩＮＯＥ(株),東証PRM,"1,148",+21,1.86,"16,300",2026/07/27
1320,1320,5970,(株)ジーテクト,東証PRM,"2,141",+39,1.86,"78,200",2026/07/27
1321,1321,6039,(株)日本動物高度医療センター,東証GRT,986,+18,1.86,"57,100",2026/07/27
1322,1322,9325,ファイズホールディングス(株),東証STD,"1,151",+21,1.86,"4,700",2026/07/27
1323,1323,9763,丸建リース(株),東証STD,"1,261",+23,1.86,"14,200",2026/07/27
1324,1324,2204,(株)中村屋,東証STD,"3,300",+60,1.85,"9,800",2026/07/27
1325,1325,2602,日清オイリオグループ(株),東証PRM,"1,986",+36,1.85,"261,400",2026/07/27
1326,1326,2674,(株)ハードオフコーポレーション,東証PRM,"2,870",+52,1.85,"65,400",2026/07/27
1327,1327,3050,ＤＣＭホールディングス(株),東証PRM,"1,538",+28,1.85,"251,900",2026/07/27
1328,1328,5247,(株)ＢＴＭ,東証GRT,552,+10,1.85,"3,000",2026/07/27
1329,1329,5902,ホッカンホールディングス(株),東証PRM,"2,416",+44,1.85,"21,600",2026/07/27
1330,1330,5975,東プレ(株),東証PRM,"2,749",+50,1.85,"45,100",2026/07/27
1331,1331,7135,ジャパンクラフトホールディングス(株),東証STD,220,+4,1.85,"6,600",2026/07/27
1332,1332,7320,Ｓｏｌｖｖｙ(株),東証GRT,"1,430",+26,1.85,"22,900",2026/07/27
1333,1333,7433,伯東(株),東証PRM,"4,675",+85,1.85,"89,100",2026/07/27
1334,1334,7916,光村印刷(株),東証STD,"1,869",+34,1.85,700,2026/07/27
1335,1335,9048,名古屋鉄道(株),東証PRM,"1,950",+35.5,1.85,"1,202,500",2026/07/27
1336,1336,9417,(株)スマートバリュー,東証STD,330,+6,1.85,"8,100",2026/07/27
1337,1337,9856,(株)ケーユーホールディングス,東証STD,"1,210",+22,1.85,"55,400",2026/07/27
1338,1338,1543,純パラジウム上場信託(現物国内保管型),東証ETF,"59,250","+1,070",1.84,259,2026/07/27
1339,1339,1982,日比谷総合設備(株),東証PRM,"2,939",+53,1.84,"145,700",2026/07/27
1340,1340,2702,日本マクドナルドホールディングス(株),東証STD,"7,730",+140,1.84,"402,600",2026/07/27
1341,1341,4041,日本曹達(株),東証PRM,"3,880",+70,1.84,"112,200",2026/07/27
1342,1342,6198,(株)キャリア,東証GRT,221,+4,1.84,"2,100",2026/07/27
1343,1343,9340,(株)アソインターナショナル,東証STD,718,+13,1.84,"10,500",2026/07/27
1344,1344,9837,モリト(株),東証PRM,"1,825",+33,1.84,"42,200",2026/07/27
1345,1345,2760,東京エレクトロン　デバイス(株),東証PRM,"3,905",+70,1.83,"163,700",2026/07/27
1346,1346,3121,マーチャント・バンカーズ(株),東証STD,222,+4,1.83,"31,300",2026/07/27
1347,1347,3612,(株)ワールド,東証PRM,"1,617",+29,1.83,"245,700",2026/07/27
1348,1348,421A,(株)ムービン・ストラテジック・キャリア,東証GRT,"3,885",+70,1.83,"23,700",2026/07/27
1349,1349,7292,(株)村上開明堂,東証STD,"6,690",+120,1.83,"4,900",2026/07/27
1350,1350,9543,静岡ガス(株),東証PRM,"1,280",+23,1.83,"113,700",2026/07/27
1351,1351,314A,iシェアーズ ゴールド ETF,東証ETF,319,+5.7,1.82,"1,372,380",2026/07/27
1352,1352,3232,三重交通グループホールディングス(株),東証PRM,560,+10,1.82,"78,400",2026/07/27
1353,1353,3242,(株)アーバネットコーポレーション,東証STD,504,+9,1.82,"112,900",2026/07/27
1354,1354,3932,(株)アカツキ,東証PRM,"2,958",+53,1.82,"48,100",2026/07/27
1355,1355,4293,(株)セプテーニ・ホールディングス,東証STD,504,+9,1.82,"315,300",2026/07/27
1356,1356,5660,神鋼鋼線工業(株),東証STD,"1,900",+34,1.82,"30,600",2026/07/27
1357,1357,6390,(株)加藤製作所,東証PRM,"1,345",+24,1.82,"88,100",2026/07/27
1358,1358,7953,菊水化学工業(株),東証STD,391,+7,1.82,"13,400",2026/07/27
1359,1359,8185,(株)チヨダ,東証PRM,"1,008",+18,1.82,"150,900",2026/07/27
1360,1360,8892,(株)エスコン,東証PRM,"1,117",+20,1.82,"227,700",2026/07/27
1361,1361,278A,Ｔｅｒｒａ　Ｄｒｏｎｅ(株),東証GRT,"12,920",+230,1.81,"897,800",2026/07/27
1362,1362,2908,フジッコ(株),東証PRM,"1,577",+28,1.81,"62,700",2026/07/27
1363,1363,4051,ＧＭＯフィナンシャルゲート(株),東証PRM,"6,200",+110,1.81,"22,200",2026/07/27
1364,1364,5142,アキレス(株),東証PRM,"1,291",+23,1.81,"59,600",2026/07/27
1365,1365,6099,(株)エラン,東証PRM,786,+14,1.81,"51,200",2026/07/27
1366,1366,7235,東京ラヂエーター製造(株),東証STD,"1,579",+28,1.81,"41,800",2026/07/27
1367,1367,7769,リズム(株),東証PRM,"3,940",+70,1.81,"27,300",2026/07/27
1368,1368,8958,グローバル・ワン不動産投資法人,東証,"112,600","+2,000",1.81,"2,559",2026/07/27
1369,1369,2676,高千穂交易(株),東証PRM,"2,094",+37,1.8,"24,000",2026/07/27
1370,1370,3486,(株)グローバル・リンク・マネジメント,東証PRM,"1,922",+34,1.8,"63,600",2026/07/27
1371,1371,3543,(株)コメダホールディングス,東証PRM,"2,887",+51,1.8,"241,100",2026/07/27
1372,1372,7241,フタバ産業(株),東証PRM,"1,018",+18,1.8,"131,500",2026/07/27
1373,1373,7774,(株)ジャパン・ティッシュエンジニアリング,東証GRT,623,+11,1.8,"32,900",2026/07/27
1374,1374,8331,(株)千葉銀行,東証PRM,"2,805",+49.5,1.8,"2,029,700",2026/07/27
1375,1375,8771,イー・ギャランティ(株),東証PRM,"1,863",+33,1.8,"78,500",2026/07/27
1376,1376,8952,ジャパンリアルエステイト投資法人,東証,"124,700","+2,200",1.8,"14,078",2026/07/27
1377,1377,2301,(株)学情,東証PRM,"1,646",+29,1.79,"68,600",2026/07/27
1378,1378,2733,(株)あらた,東証PRM,"2,620",+46,1.79,"67,300",2026/07/27
1379,1379,2859,(NEXT FUNDS) ユーロ・ストックス50(H有),東証ETF,"3,189",+56,1.79,"4,812",2026/07/27
1380,1380,4172,Ｈｉクラテス(株),東証STD,"2,214",+39,1.79,"1,200",2026/07/27
1381,1381,4668,(株)明光ネットワークジャパン,東証PRM,796,+14,1.79,"91,900",2026/07/27
1382,1382,5122,オカモト(株),東証PRM,"5,700",+100,1.79,"23,500",2026/07/27
1383,1383,5244,(株)ｊｉｇ．ｊｐ,東証GRT,171,+3,1.79,"290,000",2026/07/27
1384,1384,5729,日本精鉱(株),東証STD,"1,588",+28,1.79,"14,300",2026/07/27
1385,1385,6096,(株)レアジョブ,東証STD,398,+7,1.79,"20,600",2026/07/27
1386,1386,6257,(株)藤商事,東証STD,"1,025",+18,1.79,"16,800",2026/07/27
1387,1387,6371,(株)椿本チエイン,東証PRM,"2,677",+47,1.79,"258,500",2026/07/27
1388,1388,7957,フジコピアン(株),東証STD,"1,985",+35,1.79,"6,800",2026/07/27
1389,1389,8041,ＯＵＧホールディングス(株),東証STD,"4,560",+80,1.79,"3,800",2026/07/27
1390,1390,8101,(株)ＧＳＩクレオス,東証PRM,"2,730",+48,1.79,"37,200",2026/07/27
1391,1391,162A,AIセレクトメガトレンド日本株(ネットリターン)ETN,東証ETF,"17,145",+300,1.78,147,2026/07/27
1392,1392,4912,ライオン(株),東証PRM,"1,689",+29.5,1.78,"749,900",2026/07/27
1393,1393,6571,キュービーネットホールディングス(株),東証PRM,"1,316",+23,1.78,"27,600",2026/07/27
1394,1394,7222,日産車体(株),東証STD,971,+17,1.78,"44,100",2026/07/27
1395,1395,7565,萬世電機(株),東証STD,"6,850",+120,1.78,200,2026/07/27
1396,1396,9827,リリカラ(株),東証STD,630,+11,1.78,"11,300",2026/07/27
1397,1397,1301,(株)極洋,東証PRM,"4,595",+80,1.77,"32,700",2026/07/27
1398,1398,3395,(株)サンマルクホールディングス,東証PRM,"2,593",+45,1.77,"57,700",2026/07/27
1399,1399,4013,勤次郎(株),東証GRT,690,+12,1.77,"18,700",2026/07/27
1400,1400,6151,日東工器(株),東証PRM,"1,726",+30,1.77,"15,500",2026/07/27
1401,1401,6155,高松機械工業(株),東証STD,517,+9,1.77,"6,200",2026/07/27
1402,1402,6419,(株)マースグループホールディングス,東証PRM,"3,165",+55,1.77,"44,500",2026/07/27
1403,1403,7771,日本精密(株),東証STD,287,+5,1.77,"57,900",2026/07/27
1404,1404,8750,(株)第一ライフグループ,東証PRM,"1,959",+34,1.77,"13,893,300",2026/07/27
1405,1405,9869,加藤産業(株),東証PRM,"6,330",+110,1.77,"37,500",2026/07/27
1406,1406,1766,東建コーポレーション(株),東証PRM,"13,280",+230,1.76,"32,400",2026/07/27
1407,1407,1799,第一建設工業(株),東証STD,"3,460",+60,1.76,"13,300",2026/07/27
1408,1408,1939,(株)四電工,東証PRM,"2,025",+35,1.76,"79,400",2026/07/27
1409,1409,2810,ハウス食品グループ本社(株),東証PRM,"3,988",+69,1.76,"297,300",2026/07/27
1410,1410,2846,(NEXT FUNDS) ダウ・ジョーンズ工業株30種(H有),東証ETF,"2,548",+44,1.76,"2,661",2026/07/27
1411,1411,438A,(株)インフキュリオン,東証GRT,868,+15,1.76,"110,000",2026/07/27
1412,1412,4526,理研ビタミン(株),東証PRM,"3,175",+55,1.76,"76,200",2026/07/27
1413,1413,4792,山田コンサルティンググループ(株),東証PRM,"1,734",+30,1.76,"23,600",2026/07/27
1414,1414,5930,文化シヤッター(株),東証PRM,"1,964",+34,1.76,"108,300",2026/07/27
1415,1415,5959,岡部(株),東証PRM,925,+16,1.76,"109,000",2026/07/27
1416,1416,6086,シンメンテホールディングス(株),東証GRT,"1,039",+18,1.76,"14,800",2026/07/27
1417,1417,6379,レイズネクスト(株),東証PRM,"2,665",+46,1.76,"242,400",2026/07/27
1418,1418,2031,NEXT NOTES 香港ハンセン･ダブル･ブルETN,東証ETF,"8,045",+138,1.75,"5,381",2026/07/27
1419,1419,269A,(株)Ｓａｐｅｅｔ,東証GRT,"2,440",+42,1.75,"1,500",2026/07/27
1420,1420,2813,和弘食品(株),東証STD,"4,070",+70,1.75,"1,800",2026/07/27
1421,1421,2929,(株)ファーマフーズ,東証PRM,582,+10,1.75,"102,500",2026/07/27
1422,1422,3431,宮地エンジニアリンググループ(株),東証PRM,"1,573",+27,1.75,"91,500",2026/07/27
1423,1423,4021,日産化学(株),東証PRM,"7,754",+133,1.75,"561,500",2026/07/27
1424,1424,4658,日本空調サービス(株),東証PRM,"1,629",+28,1.75,"75,400",2026/07/27
1425,1425,8217,(株)オークワ,東証PRM,813,+14,1.75,"76,700",2026/07/27
1426,1426,1833,(株)奥村組,東証PRM,"5,850",+100,1.74,"120,300",2026/07/27
1427,1427,2046,NEXT NOTES インドNifty･ダブル・ブル ETN,東証ETF,"25,175",+430,1.74,133,2026/07/27
1428,1428,472A,(株)ミラティブ,東証GRT,527,+9,1.74,"167,100",2026/07/27
1429,1429,552A,MAXIS 米国AIインフラ株上場投信,東証ETF,"2,575",+44,1.74,"4,846",2026/07/27
1430,1430,7545,(株)西松屋チェーン,東証PRM,"1,986",+34,1.74,"330,200",2026/07/27
1431,1431,7794,(株)イーディーピー,東証GRT,935,+16,1.74,"309,200",2026/07/27
1432,1432,8864,空港施設(株),東証STD,995,+17,1.74,"73,300",2026/07/27
1433,1433,8977,阪急阪神リート投資法人,東証,"140,300","+2,400",1.74,"1,834",2026/07/27
1434,1434,2117,ウェルネオシュガー(株),東証PRM,"2,760",+47,1.73,"25,700",2026/07/27
1435,1435,2752,(株)フジオフードグループ本社,東証PRM,"1,116",+19,1.73,"113,300",2026/07/27
1436,1436,463A,(株)インテリックスホールディングス,東証STD,940,+16,1.73,"9,500",2026/07/27
1437,1437,5410,合同製鐵(株),東証PRM,"2,823",+48,1.73,"100,100",2026/07/27
1438,1438,548A,(株)システムエグゼ,東証STD,997,+17,1.73,"11,400",2026/07/27
1439,1439,7343,ブロードマインド(株),東証GRT,"1,235",+21,1.73,"7,600",2026/07/27
1440,1440,7955,クリナップ(株),東証PRM,941,+16,1.73,"53,400",2026/07/27
1441,1441,8153,(株)モスフードサービス,東証PRM,"3,830",+65,1.73,"99,100",2026/07/27
1442,1442,2083,(NEXT FUNDS) 日本成長株アクティブ,東証ETF,"3,898",+66,1.72,"4,394",2026/07/27
1443,1443,2254,GX チャイナEV&バッテリー,東証ETF,"1,124",+19,1.72,"28,169",2026/07/27
1444,1444,3679,(株)じげん,東証PRM,413,+7,1.72,"161,100",2026/07/27
1445,1445,367A,プリモグローバルホールディングス(株),東証STD,"2,655",+45,1.72,"47,100",2026/07/27
1446,1446,4382,ＨＥＲＯＺ(株),東証STD,708,+12,1.72,"32,000",2026/07/27
1447,1447,4389,プロパティデータバンク(株),東証GRT,"1,064",+18,1.72,"4,500",2026/07/27
1448,1448,4587,ペプチドリーム(株),東証PRM,955.8,+16.2,1.72,"642,500",2026/07/27
1449,1449,4811,(株)ドリーム・アーツ,東証GRT,826,+14,1.72,"12,800",2026/07/27
1450,1450,5257,ノバシステム(株),東証STD,"2,550",+43,1.72,900,2026/07/27
1451,1451,8562,(株)福島銀行,東証STD,355,+6,1.72,"283,100",2026/07/27
1452,1452,8985,ジャパン・ホテル・リート投資法人,東証,"82,800","+1,400",1.72,"21,189",2026/07/27
1453,1453,9932,杉本商事(株),東証PRM,"1,300",+22,1.72,"41,800",2026/07/27
1454,1454,9948,(株)アークス,東証PRM,"3,555",+60,1.72,"53,200",2026/07/27
1455,1455,1720,東急建設(株),東証PRM,"1,188",+20,1.71,"308,100",2026/07/27
1456,1456,233A,iFreeETF インドNifty50,東証ETF,"1,906",+32,1.71,"22,744",2026/07/27
1457,1457,3492,MIRARTH不動産投資法人,東証,"83,300","+1,400",1.71,"4,686",2026/07/27
1458,1458,3940,(株)ノムラシステムコーポレーション,東証STD,119,+2,1.71,"253,000",2026/07/27
1459,1459,4439,(株)東名,東証STD,831,+14,1.71,"8,800",2026/07/27
1460,1460,4709,(株)ＩＤホールディングス,東証PRM,"1,128",+19,1.71,"81,900",2026/07/27
1461,1461,5302,日本カーボン(株),東証PRM,"4,750",+80,1.71,"35,300",2026/07/27
1462,1462,6775,(株)ＴＢグループ,東証STD,119,+2,1.71,"41,600",2026/07/27
1463,1463,6856,(株)堀場製作所,東証PRM,"26,995",+455,1.71,"191,800",2026/07/27
1464,1464,8572,アコム(株),東証STD,493.6,+8.3,1.71,"2,064,700",2026/07/27
1465,1465,2410,(株)キャリアデザインセンター,東証PRM,"2,925",+49,1.7,"19,700",2026/07/27
1466,1466,3221,(株)ヨシックスホールディングス,東証PRM,"3,285",+55,1.7,"34,400",2026/07/27
1467,1467,4044,セントラル硝子(株),東証PRM,"4,195",+70,1.7,"75,500",2026/07/27
1468,1468,4114,(株)日本触媒,東証PRM,"2,183",+36.5,1.7,"495,800",2026/07/27
1469,1469,4422,ＶＡＬＵＥＮＥＸ(株),東証GRT,539,+9,1.7,"21,700",2026/07/27
1470,1470,460A,ＢＲＡＮＵ(株),東証GRT,895,+15,1.7,"13,900",2026/07/27
1471,1471,7466,ＳＰＫ(株),東証PRM,"1,373",+23,1.7,"33,800",2026/07/27
1472,1472,8957,東急リアル・エステート投資法人,東証,"197,900","+3,300",1.7,"2,204",2026/07/27
1473,1473,9211,(株)エフ・コード,東証GRT,"1,374",+23,1.7,"48,800",2026/07/27
1474,1474,2065,NEXT NOTES 日本株配当貴族（ドルH、NR）ETN,東証ETF,"60,000","+1,000",1.69,9,2026/07/27
1475,1475,2154,(株)オープンアップグループ,東証PRM,"2,040",+34,1.69,"148,000",2026/07/27
1476,1476,416A,富士ユナイトホールディングス(株),東証STD,"1,202",+20,1.69,"4,300",2026/07/27
1477,1477,6140,旭ダイヤモンド工業(株),東証PRM,"1,142",+19,1.69,"456,400",2026/07/27
1478,1478,6699,ダイヤモンドエレクトリックホールディングス(株),東証STD,482,+8,1.69,"64,300",2026/07/27
1479,1479,7822,永大産業(株),東証STD,240,+4,1.69,"21,500",2026/07/27
1480,1480,9324,安田倉庫(株),東証PRM,"2,589",+43,1.69,"115,300",2026/07/27
1481,1481,2017,iFreeETF JPXプライム150,東証ETF,"1,510",+25,1.68,"30,168",2026/07/27
1482,1482,2629,iFree グレーターベイエリア・イノベーション100,東証ETF,"3,697",+61,1.68,"1,295",2026/07/27
1483,1483,395A,業界改革厳選ETF地銀,東証ETF,"1,060.5",+17.5,1.68,"48,610",2026/07/27
1484,1484,3997,(株)トレードワークス,東証STD,364,+6,1.68,"109,200",2026/07/27
1485,1485,5125,(株)ファインズ,東証GRT,484,+8,1.68,"2,900",2026/07/27
1486,1486,6888,アクモス(株),東証STD,484,+8,1.68,"10,800",2026/07/27
1487,1487,7047,ポート(株),東証GRT,"2,428",+40,1.68,"59,100",2026/07/27
1488,1488,7093,アディッシュ(株),東証GRT,545,+9,1.68,"1,100",2026/07/27
1489,1489,7525,リックス(株),東証PRM,"3,625",+60,1.68,"9,500",2026/07/27
1490,1490,8920,(株)東祥,東証STD,785,+13,1.68,"40,900",2026/07/27
1491,1491,9405,朝日放送グループホールディングス(株),東証PRM,845,+14,1.68,"27,900",2026/07/27
1492,1492,155A,(株)情報戦略テクノロジー,東証GRT,852,+14,1.67,"15,300",2026/07/27
1493,1493,1795,(株)マサル,東証STD,"5,490",+90,1.67,700,2026/07/27
1494,1494,1822,大豊建設(株),東証STD,793,+13,1.67,"143,700",2026/07/27
1495,1495,3234,森ヒルズリート投資法人,東証,"134,200","+2,200",1.67,"3,945",2026/07/27
1496,1496,334A,(株)ビジュアル・プロセッシング・ジャパン,東証GRT,912,+15,1.67,"3,000",2026/07/27
1497,1497,4593,(株)ヘリオス,東証GRT,243,+4,1.67,"1,465,000",2026/07/27
1498,1498,5241,(株)日本オーエー研究所,名証MN,792,+13,1.67,200,2026/07/27
1499,1499,6405,鈴茂器工(株),東証STD,"1,032",+17,1.67,"49,300",2026/07/27
1500,1500,6809,ＴＯＡ(株),東証PRM,"1,639",+27,1.67,"94,200",2026/07/27
1501,1501,2986,(株)ＬＡホールディングス,東証GRT,"2,750",+45,1.66,"138,600",2026/07/27
1502,1502,3922,(株)ＰＲ　ＴＩＭＥＳ,東証PRM,"2,138",+35,1.66,"46,400",2026/07/27
1503,1503,3950,ザ・パック(株),東証PRM,"1,472",+24,1.66,"103,200",2026/07/27
1504,1504,5133,(株)テリロジーホールディングス,東証STD,307,+5,1.66,"46,800",2026/07/27
1505,1505,575A,前澤ホールディングス(株),東証PRM,"1,841",+30,1.66,"73,000",2026/07/27
1506,1506,6005,三浦工業(株),東証PRM,"3,252",+53,1.66,"393,900",2026/07/27
1507,1507,6794,フォスター電機(株),東証PRM,"2,880",+47,1.66,"99,100",2026/07/27
1508,1508,6835,アライドテレシスホールディングス(株),東証STD,245,+4,1.66,"300,300",2026/07/27
1509,1509,7004,カナデビア(株),東証PRM,"1,222",+20,1.66,"754,400",2026/07/27
1510,1510,7593,ＶＴホールディングス(株),東証PRM,489,+8,1.66,"315,700",2026/07/27
1511,1511,8585,(株)オリエントコーポレーション,東証PRM,918,+15,1.66,"473,200",2026/07/27
1512,1512,2735,(株)ワッツ,東証STD,676,+11,1.65,"31,600",2026/07/27
1513,1513,328A,GX プライシングパワー・リーダーズ-日本株式,東証ETF,"1,355",+22,1.65,994,2026/07/27
1514,1514,3837,アドソル日進(株),東証PRM,"1,482",+24,1.65,"57,200",2026/07/27
1515,1515,448A,ステート・ストリート・スパイダー ゴールド ETF(H有),東証ETF,246.4,+4,1.65,"7,340",2026/07/27
1516,1516,4547,キッセイ薬品工業(株),東証PRM,"4,300",+70,1.65,"45,400",2026/07/27
1517,1517,5288,アジアパイルホールディングス(株),東証PRM,"1,540",+25,1.65,"112,000",2026/07/27
1518,1518,6339,新東工業(株),東証PRM,"1,172",+19,1.65,"80,900",2026/07/27
1519,1519,7483,(株)ドウシシャ,東証PRM,"3,020",+49,1.65,"57,400",2026/07/27
1520,1520,8960,ユナイテッド・アーバン投資法人,東証,"166,400","+2,700",1.65,"6,123",2026/07/27
1521,1521,9364,(株)上組,東証PRM,"5,238",+85,1.65,"328,300",2026/07/27
1522,1522,167A,リョーサン菱洋ホールディングス(株),東証PRM,"2,859",+46,1.64,"223,000",2026/07/27
1523,1523,2220,亀田製菓(株),東証PRM,"1,242",+20,1.64,"100,800",2026/07/27
1524,1524,2516,東証グロース250ETF,東証ETF,551,+8.9,1.64,"192,360",2026/07/27
1525,1525,3393,スターティアホールディングス(株),東証PRM,"3,095",+50,1.64,"41,500",2026/07/27
1526,1526,3766,システムズ・デザイン(株),東証STD,"1,428",+23,1.64,"3,600",2026/07/27
1527,1527,3901,マークラインズ(株),東証PRM,"1,363",+22,1.64,"27,500",2026/07/27
1528,1528,4151,協和キリン(株),東証PRM,"2,661",+43,1.64,"844,900",2026/07/27
1529,1529,4183,三井化学(株),東証PRM,"2,206",+35.5,1.64,"1,659,400",2026/07/27
1530,1530,4990,昭和化学工業(株),東証STD,497,+8,1.64,"1,000",2026/07/27
1531,1531,6656,インスペック(株),東証STD,"1,115",+18,1.64,"54,100",2026/07/27
1532,1532,7231,トピー工業(株),東証PRM,"2,920",+47,1.64,"38,800",2026/07/27
1533,1533,7539,(株)アイナボホールディングス,東証STD,804,+13,1.64,"9,300",2026/07/27
1534,1534,9023,東京地下鉄(株),東証PRM,"1,458.5",+23.5,1.64,"2,103,300",2026/07/27
1535,1535,1306,(NEXT FUNDS)TOPIX連動型上場投信,東証ETF,424.3,+6.8,1.63,"14,187,050",2026/07/27
1536,1536,2884,(株)ヨシムラ・フード・ホールディングス,東証PRM,622,+10,1.63,"62,900",2026/07/27
1537,1537,5214,日本電気硝子(株),東証PRM,"5,607",+90,1.63,"609,900",2026/07/27
1538,1538,521A,iFreeETF FANG+ゴールド,東証ETF,"1,806",+29,1.63,"47,756",2026/07/27
1539,1539,5461,中部鋼鈑(株),東証PRM,"2,120",+34,1.63,"85,600",2026/07/27
1540,1540,5965,(株)フジマック,東証STD,"1,182",+19,1.63,"7,200",2026/07/27
1541,1541,6262,(株)ＰＥＧＡＳＵＳ,東証STD,560,+9,1.63,"34,100",2026/07/27
1542,1542,7059,(株)コプロ・ホールディングス,東証PRM,813,+13,1.63,"80,400",2026/07/27
1543,1543,7213,レシップホールディングス(株),東証STD,624,+10,1.63,"19,800",2026/07/27
1544,1544,8418,(株)山口フィナンシャルグループ,東証PRM,"3,172",+51,1.63,"605,200",2026/07/27
1545,1545,9303,(株)住友倉庫,東証PRM,"4,055",+65,1.63,"106,300",2026/07/27
1546,1546,9715,トランスコスモス(株),東証PRM,"3,745",+60,1.63,"67,000",2026/07/27
1547,1547,1866,北野建設(株),東証STD,"1,128",+18,1.62,"23,100",2026/07/27
1548,1548,2288,丸大食品(株),東証PRM,"2,318",+37,1.62,"56,700",2026/07/27
1549,1549,2515,(NEXT FUNDS)外国REIT･S&P先進国REIT(除く日本・H無),東証ETF,"1,819",+29,1.62,"12,802",2026/07/27
1550,1550,3912,(株)モバイルファクトリー,東証STD,"1,067",+17,1.62,"20,300",2026/07/27
1551,1551,4491,コンピューターマネージメント(株),東証STD,"3,135",+50,1.62,"1,200",2026/07/27
1552,1552,1873,(株)日本ハウスホールディングス,東証PRM,315,+5,1.61,"59,700",2026/07/27
1553,1553,339A,プログレス・テクノロジーズ　グループ(株),東証GRT,882,+14,1.61,"11,400",2026/07/27
1554,1554,4674,(株)クレスコ,東証PRM,"1,582",+25,1.61,"65,200",2026/07/27
1555,1555,5384,(株)フジミインコーポレーテッド,東証PRM,"4,095",+65,1.61,"479,200",2026/07/27
1556,1556,6247,(株)日阪製作所,東証PRM,"1,701",+27,1.61,"34,400",2026/07/27
1557,1557,6383,(株)ダイフク,東証PRM,"6,302",+100,1.61,"1,578,400",2026/07/27
1558,1558,7118,(株)伸和ホールディングス,名証NXT,"4,095",+65,1.61,100,2026/07/27
1559,1559,7740,(株)タムロン,東証PRM,"1,134",+18,1.61,"272,000",2026/07/27
1560,1560,8037,カメイ(株),東証PRM,"3,780",+60,1.61,"53,800",2026/07/27
1561,1561,8609,(株)岡三証券グループ,東証PRM,"1,073",+17,1.61,"389,600",2026/07/27
1562,1562,8963,インヴィンシブル投資法人,東証,"63,100","+1,000",1.61,"40,745",2026/07/27
1563,1563,2852,iシェアーズ グリーンJリート,東証ETF,184.7,+2.9,1.6,"52,940",2026/07/27
1564,1564,399A,上場インデックスファンド日経平均高配当株50,東証ETF,"2,291",+36,1.6,"118,124",2026/07/27
1565,1565,4978,(株)リプロセル,東証GRT,127,+2,1.6,"509,600",2026/07/27
1566,1566,5571,エキサイトホールディングス(株),東証STD,"1,016",+16,1.6,"3,000",2026/07/27
1567,1567,6208,(株)石川製作所,東証STD,"1,650",+26,1.6,"42,500",2026/07/27
1568,1568,6563,(株)みらいワークス,東証GRT,508,+8,1.6,"2,800",2026/07/27
1569,1569,7091,(株)リビングプラットフォーム,東証GRT,"1,205",+19,1.6,"6,800",2026/07/27
1570,1570,9768,いであ(株),東証STD,"3,490",+55,1.6,"15,800",2026/07/27
1571,1571,1348,MAXIS トピックス上場投信,東証ETF,"4,222",+66,1.59,"281,519",2026/07/27
1572,1572,2053,中部飼料(株),東証PRM,"1,985",+31,1.59,"44,800",2026/07/27
1573,1573,2158,(株)ＦＲＯＮＴＥＯ,東証GRT,640,+10,1.59,"114,200",2026/07/27
1574,1574,2666,(株)オートウェーブ,東証STD,192,+3,1.59,"94,400",2026/07/27
1575,1575,324A,(株)ブッキングリゾート,東証GRT,704,+11,1.59,"10,500",2026/07/27
1576,1576,3864,三菱製紙(株),東証PRM,"1,151",+18,1.59,"186,400",2026/07/27
1577,1577,4208,ＵＢＥ(株),東証PRM,"3,326",+52,1.59,"840,700",2026/07/27
1578,1578,5363,(株)ＴＹＫ,東証STD,703,+11,1.59,"20,000",2026/07/27
1579,1579,7186,(株)横浜フィナンシャルグループ,東証PRM,"1,982.5",+31,1.59,"3,034,800",2026/07/27
1580,1580,7522,ワタミ(株),東証PRM,957,+15,1.59,"49,800",2026/07/27
1581,1581,7814,(株)日本創発グループ,東証STD,639,+10,1.59,"12,300",2026/07/27
1582,1582,8929,(株)青山財産ネットワークス,東証STD,"1,274",+20,1.59,"65,800",2026/07/27
1583,1583,9059,カンダホールディングス(株),東証STD,894,+14,1.59,"7,800",2026/07/27
1584,1584,1376,カネコ種苗(株),東証STD,"1,540",+24,1.58,"16,600",2026/07/27
1585,1585,2043,NEXT NOTES STOXX アセアン好配当50(円、NR)ETN,東証ETF,"30,840",+480,1.58,15,2026/07/27
1586,1586,2502,アサヒグループホールディングス(株),東証PRM,"1,674",+26,1.58,"7,251,800",2026/07/27
1587,1587,3245,(株)ディア・ライフ,東証PRM,"1,093",+17,1.58,"142,300",2026/07/27
1588,1588,5185,(株)フコク,東証PRM,"1,865",+29,1.58,"45,300",2026/07/27
1589,1589,5832,(株)ちゅうぎんフィナンシャルグループ,東証PRM,"3,464",+54,1.58,"313,100",2026/07/27
1590,1590,5842,インテグラル(株),東証GRT,"2,768",+43,1.58,"163,200",2026/07/27
1591,1591,6134,(株)ＦＵＪＩ,東証PRM,"7,545",+117,1.58,"503,100",2026/07/27
1592,1592,6264,(株)マルマエ,東証PRM,"1,999",+31,1.58,"437,900",2026/07/27
1593,1593,6378,木村化工機(株),東証STD,"1,220",+19,1.58,"97,200",2026/07/27
1594,1594,6590,芝浦メカトロニクス(株),東証PRM,"5,140",+80,1.58,"1,106,700",2026/07/27
1595,1595,7746,岡本硝子(株),東証STD,770,+12,1.58,"463,700",2026/07/27
1596,1596,9251,(株)ＡＢ＆Ｃｏｍｐａｎｙ,東証GRT,"1,353",+21,1.58,"32,800",2026/07/27
1597,1597,1663,Ｋ＆Ｏエナジーグループ(株),東証PRM,"1,874",+29,1.57,"216,400",2026/07/27
1598,1598,1738,(株)ＮＩＴＴＯＨ,名証MN,582,+9,1.57,200,2026/07/27
1599,1599,177A,コージンバイオ(株),東証GRT,904,+14,1.57,"2,600",2026/07/27
1600,1600,1898,世紀東急工業(株),東証PRM,"1,492",+23,1.57,"157,400",2026/07/27
1601,1601,409A,オリオンビール(株),東証PRM,"1,230",+19,1.57,"91,900",2026/07/27
1602,1602,4641,(株)アルプス技研,東証PRM,839,+13,1.57,"160,600",2026/07/27
1603,1603,4783,ＮＣＤ(株),東証STD,"2,519",+39,1.57,"8,100",2026/07/27
1604,1604,6962,(株)大真空,東証PRM,777,+12,1.57,"318,100",2026/07/27
1605,1605,9107,川崎汽船(株),東証PRM,"2,850",+44,1.57,"6,655,200",2026/07/27
1606,1606,9831,(株)ヤマダホールディングス,東証PRM,735.9,+11.4,1.57,"3,655,200",2026/07/27
1607,1607,1494,One ETF 高配当日本株,東証ETF,"44,800",+690,1.56,955,2026/07/27
1608,1608,3946,(株)トーモク,東証PRM,"4,550",+70,1.56,"112,500",2026/07/27
1609,1609,5031,モイ(株),東証GRT,325,+5,1.56,"31,300",2026/07/27
1610,1610,5408,(株)中山製鋼所,東証PRM,652,+10,1.56,"197,900",2026/07/27
1611,1611,7327,(株)第四北越フィナンシャルグループ,東証PRM,"2,402",+37,1.56,"803,800",2026/07/27
1612,1612,8766,東京海上ホールディングス(株),東証PRM,"8,243",+127,1.56,"4,704,600",2026/07/27
1613,1613,9735,セコム(株),東証PRM,"6,908",+106,1.56,"1,388,700",2026/07/27
1614,1614,1871,ピーエス・コンストラクション(株),東証PRM,"2,289",+35,1.55,"66,900",2026/07/27
1615,1615,2935,(株)ピックルスホールディングス,東証PRM,"1,179",+18,1.55,"17,500",2026/07/27
1616,1616,3277,(株)サンセイランディック,東証STD,657,+10,1.55,"6,600",2026/07/27
1617,1617,417A,(株)ブルーゾーンホールディングス,東証PRM,"1,772.5",+27,1.55,"207,200",2026/07/27
1618,1618,4579,ラクオリア創薬(株),東証GRT,460,+7,1.55,"61,700",2026/07/27
1619,1619,5703,日本軽金属ホールディングス(株),東証PRM,"2,685",+41,1.55,"344,800",2026/07/27
1620,1620,5957,日東精工(株),東証PRM,788,+12,1.55,"99,400",2026/07/27
1621,1621,6400,不二精機(株),東証STD,262,+4,1.55,"12,700",2026/07/27
1622,1622,8281,ゼビオホールディングス(株),東証PRM,"1,117",+17,1.55,"72,800",2026/07/27
1623,1623,1630,(NEXT FUNDS)小売上場投信,東証ETF,"38,140",+580,1.54,"1,014",2026/07/27
1624,1624,1899,(株)福田組,東証PRM,"3,960",+60,1.54,"45,300",2026/07/27
1625,1625,4318,(株)クイック,東証PRM,789,+12,1.54,"94,700",2026/07/27
1626,1626,6090,ヒューマン・メタボローム・テクノロジーズ(株),東証STD,594,+9,1.54,"9,500",2026/07/27
1627,1627,6458,新晃工業(株),東証PRM,"1,256",+19,1.54,"181,200",2026/07/27
1628,1628,7537,丸文(株),東証PRM,"1,711",+26,1.54,"99,800",2026/07/27
1629,1629,7956,ピジョン(株),東証PRM,"1,975.5",+30,1.54,"708,300",2026/07/27
1630,1630,9740,ＣＳＰ,東証PRM,"2,766",+42,1.54,"23,000",2026/07/27
1631,1631,1992,神田通信機(株),東証STD,"3,045",+46,1.53,"1,800",2026/07/27
1632,1632,2307,(株)クロスキャット,東証PRM,998,+15,1.53,"24,000",2026/07/27
1633,1633,3281,ＧＬＰ投資法人,東証,"145,900","+2,200",1.53,"7,777",2026/07/27
1634,1634,330A,(株)ＴａｌｅｎｔＸ,東証GRT,465,+7,1.53,"13,800",2026/07/27
1635,1635,3355,クリヤマホールディングス(株),東証STD,"1,662",+25,1.53,"12,000",2026/07/27
1636,1636,3843,フリービット(株),東証PRM,"1,590",+24,1.53,"31,900",2026/07/27
1637,1637,5026,(株)トリプルアイズ,東証GRT,596,+9,1.53,"19,200",2026/07/27
1638,1638,7266,(株)今仙電機製作所,東証STD,928,+14,1.53,"21,700",2026/07/27
1639,1639,8818,京阪神ビルディング(株),東証PRM,"1,125",+17,1.53,"319,200",2026/07/27
1640,1640,9168,(株)ライズ・コンサルティング・グループ,東証GRT,397,+6,1.53,"149,500",2026/07/27
1641,1641,1676,WisdomTree 貴金属バスケット上場投信,東証ETF,"40,100",+600,1.52,5,2026/07/27
1642,1642,1981,(株)協和日成,東証STD,"1,333",+20,1.52,"2,600",2026/07/27
1643,1643,241A,(株)ＲＯＸＸ,東証GRT,402,+6,1.52,"6,100",2026/07/27
1644,1644,349A,SMDAM Active ETF 日本グロース株,東証ETF,844.2,+12.6,1.52,"2,940",2026/07/27
1645,1645,3676,(株)デジタルハーツホールディングス,東証PRM,736,+11,1.52,"214,800",2026/07/27
1646,1646,4578,大塚ホールディングス(株),東証PRM,"11,325",+170,1.52,"1,320,900",2026/07/27
1647,1647,4985,アース製薬(株),東証PRM,"4,690",+70,1.52,"43,000",2026/07/27
1648,1648,5578,ＡＲアドバンストテクノロジ(株),東証GRT,804,+12,1.52,"31,200",2026/07/27
1649,1649,5958,三洋工業(株),東証STD,"4,685",+70,1.52,"34,100",2026/07/27
1650,1650,6338,(株)タカトリ,東証STD,"1,537",+23,1.52,"23,400",2026/07/27
1651,1651,6517,デンヨー(株),東証PRM,"3,665",+55,1.52,"39,200",2026/07/27
1652,1652,7482,(株)シモジマ,東証PRM,"1,400",+21,1.52,"18,700",2026/07/27
1653,1653,8395,(株)佐賀銀行,東証PRM,"6,000",+90,1.52,"96,600",2026/07/27
1654,1654,9757,(株)船井総研ホールディングス,東証PRM,"1,134",+17,1.52,"491,200",2026/07/27
1655,1655,1591,(NEXT FUNDS) JPX日経インデックス400,東証ETF,"36,890",+550,1.51,500,2026/07/27
1656,1656,1627,(NEXT FUNDS)電力･ガス上場投信,東証ETF,"11,750",+175,1.51,"3,168",2026/07/27
1657,1657,2331,ＡＬＳＯＫ(株),東証PRM,"1,175",+17.5,1.51,"2,019,900",2026/07/27
1658,1658,2565,GX ロジスティクス・J-REIT,東証ETF,942,+14,1.51,"6,979",2026/07/27
1659,1659,2851,iシェアーズ MSCI ジャパンSRI,東証ETF,395.5,+5.9,1.51,"12,820",2026/07/27
1660,1660,459A,野村 高利回りJリート指数ETF,東証ETF,"10,750",+160,1.51,75,2026/07/27
1661,1661,6029,アトラグループ(株),東証STD,202,+3,1.51,"33,200",2026/07/27
1662,1662,8160,(株)木曽路,東証PRM,"2,428",+36,1.51,"82,500",2026/07/27
1663,1663,8914,エリアリンク(株),東証STD,943,+14,1.51,"129,000",2026/07/27
1664,1664,9983,(株)ファーストリテイリング,東証PRM,"77,370","+1,150",1.51,"1,077,300",2026/07/27
1665,1665,1684,WisdomTree ブロード上場投信,東証ETF,"2,700",+40,1.5,130,2026/07/27
1666,1666,1929,日特建設(株),東証PRM,"1,154",+17,1.5,"90,600",2026/07/27
1667,1667,2042,NEXT NOTES 東証グロース市場250 ETN,東証ETF,"7,305",+108,1.5,396,2026/07/27
1668,1668,2294,(株)柿安本店,東証PRM,"2,634",+39,1.5,"17,500",2026/07/27
1669,1669,2471,(株)エスプール,東証PRM,271,+4,1.5,"140,200",2026/07/27
1670,1670,258A,SMT ETF国内リート厳選投資アクティブ,東証ETF,"2,164",+32,1.5,283,2026/07/27
1671,1671,5590,(株)ネットスターズ,東証GRT,676,+10,1.5,"63,600",2026/07/27
1672,1672,6376,日機装(株),東証PRM,"4,060",+60,1.5,"282,000",2026/07/27
1673,1673,6915,千代田インテグレ(株),東証STD,"3,390",+50,1.5,"6,800",2026/07/27
1674,1674,7181,(株)かんぽ生命保険,東証PRM,"1,795.5",+26.5,1.5,"2,262,800",2026/07/27
1675,1675,7989,立川ブラインド工業(株),東証PRM,"2,633",+39,1.5,"27,100",2026/07/27
1676,1676,1878,大東建託(株),東証PRM,"3,330",+49,1.49,"1,158,700",2026/07/27
1677,1677,2036,NEXT NOTES 金先物 ダブル・ブル ETN,東証ETF,"150,000","+2,200",1.49,"2,534",2026/07/27
1678,1678,2461,(株)ファンコミュニケーションズ,東証PRM,409,+6,1.49,"77,600",2026/07/27
1679,1679,3099,(株)三越伊勢丹ホールディングス,東証PRM,"3,688",+54,1.49,"2,456,500",2026/07/27
1680,1680,3937,(株)Ｕｂｉｃｏｍホールディングス,東証STD,"1,019",+15,1.49,"13,400",2026/07/27
1681,1681,4246,ダイキョーニシカワ(株),東証PRM,"1,020",+15,1.49,"237,900",2026/07/27
1682,1682,4767,(株)テー・オー・ダブリュー,東証STD,340,+5,1.49,"91,800",2026/07/27
1683,1683,4931,新日本製薬(株),東証PRM,"2,045",+30,1.49,"16,200",2026/07/27
1684,1684,5076,インフロニア・ホールディングス(株),東証PRM,"2,832",+41.5,1.49,"739,300",2026/07/27
1685,1685,6703,ＯＫＩ,東証PRM,"3,400",+50,1.49,"558,000",2026/07/27
1686,1686,7157,ライフネット生命保険(株),東証PRM,"1,631",+24,1.49,"214,800",2026/07/27
1687,1687,7831,(株)ウイルコホールディングス,東証STD,68,+1,1.49,"13,500",2026/07/27
1688,1688,8002,丸紅(株),東証PRM,"5,450",+80,1.49,"4,210,700",2026/07/27
1689,1689,8554,(株)南日本銀行,福証,"1,430",+21,1.49,"1,000",2026/07/27
1690,1690,8951,日本ビルファンド投資法人,東証,"136,600","+2,000",1.49,"23,331",2026/07/27
1691,1691,9820,エムティジェネックス(株),東証STD,"3,740",+55,1.49,400,2026/07/27
1692,1692,9908,Ｄｅｎｋｅｉ,東証STD,"2,656",+39,1.49,"7,300",2026/07/27
1693,1693,1474,One ETF JPX日経400,東証ETF,"37,090",+540,1.48,84,2026/07/27
1694,1694,1721,コムシスホールディングス(株),東証PRM,"5,347",+78,1.48,"634,500",2026/07/27
1695,1695,2081,政策保有解消推進ETF,東証ETF,"2,191",+32,1.48,195,2026/07/27
1696,1696,2903,シノブフーズ(株),東証STD,"1,715",+25,1.48,"4,200",2026/07/27
1697,1697,2915,ケンコーマヨネーズ(株),東証PRM,"2,060",+30,1.48,"17,100",2026/07/27
1698,1698,3205,(株)ダイドーリミテッド,東証STD,754,+11,1.48,"111,600",2026/07/27
1699,1699,3222,ユナイテッド・スーパーマーケット・ホールディングス(株),東証STD,823,+12,1.48,"374,200",2026/07/27
1700,1700,3248,(株)アールエイジ,東証STD,892,+13,1.48,"3,000",2026/07/27
1701,1701,3459,サムティ・レジデンシャル投資法人,東証,"95,700","+1,400",1.48,"1,109",2026/07/27
1702,1702,3539,(株)ＪＭホールディングス,東証PRM,"1,370",+20,1.48,"489,300",2026/07/27
1703,1703,4665,(株)ダスキン,東証PRM,"4,532",+66,1.48,"80,700",2026/07/27
1704,1704,4839,(株)ＷＯＷＯＷ,東証PRM,"1,026",+15,1.48,"66,300",2026/07/27
1705,1705,6062,(株)チャーム・ケア・コーポレーション,東証PRM,"1,373",+20,1.48,"61,400",2026/07/27
1706,1706,6951,日本電子(株),東証PRM,"8,315",+121,1.48,"242,500",2026/07/27
1707,1707,7294,(株)ヨロズ,東証PRM,893,+13,1.48,"29,200",2026/07/27
1708,1708,7438,コンドーテック(株),東証PRM,"1,580",+23,1.48,"38,600",2026/07/27
1709,1709,7570,橋本総業ホールディングス(株),東証STD,"1,443",+21,1.48,"9,400",2026/07/27
1710,1710,8881,(株)日神グループホールディングス,東証PRM,687,+10,1.48,"64,600",2026/07/27
1711,1711,1343,(NEXT FUNDS)東証REIT指数連動型上場投信,東証ETF,"2,039.5",+29.5,1.47,"954,780",2026/07/27
1712,1712,1398,SMDAM 東証REIT指数上場投信,東証ETF,"1,937.5",+28,1.47,"125,680",2026/07/27
1713,1713,3657,ポールトゥウィンホールディングス(株),東証PRM,345,+5,1.47,"136,200",2026/07/27
1714,1714,471A,ＮＳグループ(株),東証PRM,"1,515",+22,1.47,"141,500",2026/07/27
1715,1715,5258,(株)トランザクション・メディア・ネットワークス,東証GRT,413,+6,1.47,"41,500",2026/07/27
1716,1716,5921,川岸工業(株),東証STD,"4,135",+60,1.47,500,2026/07/27
1717,1717,7914,共同印刷(株),東証PRM,"1,656",+24,1.47,"59,600",2026/07/27
1718,1718,9906,藤井産業(株),東証STD,"4,150",+60,1.47,"3,000",2026/07/27
1719,1719,238A,iシェアーズ 米国債25年超 ロングデュレーション(H有),東証ETF,125.3,+1.8,1.46,"550,880",2026/07/27
1720,1720,2564,GX MSCIスーパーディビィデンド-日本株式,東証ETF,"3,533",+51,1.46,"53,353",2026/07/27
1721,1721,2801,キッコーマン(株),東証PRM,"1,636.5",+23.5,1.46,"2,363,200",2026/07/27
1722,1722,3407,旭化成(株),東証PRM,"1,872.5",+27,1.46,"4,749,600",2026/07/27
1723,1723,5857,ＡＲＥホールディングス(株),東証PRM,"3,125",+45,1.46,"494,300",2026/07/27
1724,1724,6023,ダイハツインフィニアース(株),東証STD,"2,840",+41,1.46,"275,300",2026/07/27
1725,1725,6144,西部電機(株),東証STD,"2,840",+41,1.46,"4,800",2026/07/27
1726,1726,6718,アイホン(株),東証PRM,"2,851",+41,1.46,"25,600",2026/07/27
1727,1727,7606,(株)ユナイテッドアローズ,東証PRM,"2,436",+35,1.46,"144,500",2026/07/27
1728,1728,8897,ＭＩＲＡＲＴＨホールディングス(株),東証PRM,416,+6,1.46,"412,400",2026/07/27
1729,1729,9225,ブリッジコンサルティンググループ(株),東証GRT,976,+14,1.46,200,2026/07/27
1730,1730,9651,日本プロセス(株),東証STD,"1,950",+28,1.46,"9,700",2026/07/27
1731,1731,9731,(株)白洋舍,東証STD,"3,470",+50,1.46,"4,100",2026/07/27
1732,1732,1473,One ETF トピックス,東証ETF,"4,139",+59,1.45,"11,090",2026/07/27
1733,1733,1921,(株)巴コーポレーション,東証STD,"1,751",+25,1.45,"7,200",2026/07/27
1734,1734,211A,(株)カドス・コーポレーション,東証STD,"3,850",+55,1.45,"7,900",2026/07/27
1735,1735,2700,木徳神糧(株),東証STD,"1,746",+25,1.45,"16,700",2026/07/27
1736,1736,3471,三井不動産ロジスティクスパーク投資法人,東証,"112,300","+1,600",1.45,"6,281",2026/07/27
1737,1737,4583,(株)カイオム・バイオサイエンス,東証GRT,70,+1,1.45,"201,600",2026/07/27
1738,1738,541A,One ETF TOPIX高配当株グロース指数,東証ETF,"1,086.5",+15.5,1.45,30,2026/07/27
1739,1739,6178,日本郵政(株),東証PRM,"2,521.5",+36,1.45,"5,707,000",2026/07/27
1740,1740,6337,(株)テセック,東証STD,"2,374",+34,1.45,"46,600",2026/07/27
1741,1741,8522,(株)名古屋銀行,東証PRM,"6,990",+100,1.45,"132,300",2026/07/27
1742,1742,9348,(株)ｉｓｐａｃｅ,東証GRT,419,+6,1.45,"758,100",2026/07/27
1743,1743,9782,(株)ディーエムエス,東証STD,"3,510",+50,1.45,"24,400",2026/07/27
1744,1744,1475,iシェアーズ・コア TOPIX ETF,東証ETF,422.2,+6,1.44,"3,432,950",2026/07/27
1745,1745,2004,昭和産業(株),東証PRM,"3,525",+50,1.44,"40,200",2026/07/27
1746,1746,3333,(株)あさひ,東証PRM,"1,338",+19,1.44,"163,600",2026/07/27
1747,1747,3698,(株)ＣＲＩ・ミドルウェア,東証STD,"1,197",+17,1.44,"4,200",2026/07/27
1748,1748,3976,(株)シャノン,東証GRT,563,+8,1.44,"25,800",2026/07/27
1749,1749,4094,日本化学産業(株),東証STD,"2,111",+30,1.44,"12,200",2026/07/27
1750,1750,6258,平田機工(株),東証PRM,"2,949",+42,1.44,"248,600",2026/07/27
1751,1751,6612,バルミューダ(株),東証GRT,634,+9,1.44,"2,900",2026/07/27
1752,1752,6919,ケル(株),東証STD,"1,410",+20,1.44,"7,300",2026/07/27
1753,1753,7624,(株)ＮａＩＴＯ,東証STD,141,+2,1.44,"7,500",2026/07/27
1754,1754,8953,日本都市ファンド投資法人,東証,"120,000","+1,700",1.44,"18,521",2026/07/27
1755,1755,9041,近鉄グループホールディングス(株),東証PRM,"3,529",+50,1.44,"421,500",2026/07/27
1756,1756,9284,カナディアン・ソーラー・インフラ投資法人,東証,"77,300","+1,100",1.44,"1,822",2026/07/27
1757,1757,9744,(株)メイテックグループホールディングス,東証PRM,"3,310",+47,1.44,"326,000",2026/07/27
1758,1758,1652,iFreeETF MSCI日本株女性活躍指数(WIN),東証ETF,"5,019",+71,1.43,10,2026/07/27
1759,1759,1802,(株)大林組,東証PRM,"3,331",+47,1.43,"1,693,600",2026/07/27
1760,1760,2157,(株)コシダカホールディングス,東証PRM,"1,067",+15,1.43,"777,300",2026/07/27
1761,1761,2978,(株)ツクルバ,東証GRT,355,+5,1.43,"4,500",2026/07/27
1762,1762,3296,日本リート投資法人,東証,"85,100","+1,200",1.43,"2,074",2026/07/27
1763,1763,360A,東証REIT Core ETF,東証ETF,"1,134",+16,1.43,520,2026/07/27
1764,1764,4631,ＤＩＣ(株),東証PRM,"4,537",+64,1.43,"422,800",2026/07/27
1765,1765,4718,(株)早稲田アカデミー,東証PRM,"2,478",+35,1.43,"25,500",2026/07/27
1766,1766,5279,日本興業(株),東証STD,"1,206",+17,1.43,"3,200",2026/07/27
1767,1767,6035,(株)アイ・アールジャパンホールディングス,東証STD,710,+10,1.43,"37,300",2026/07/27
1768,1768,7239,(株)タチエス,東証PRM,"2,200",+31,1.43,"108,800",2026/07/27
1769,1769,7442,中山福(株),東証STD,496,+7,1.43,"10,600",2026/07/27
1770,1770,8023,ＤＡＩＫＯ　ＸＴＥＣＨ(株),東証STD,994,+14,1.43,"9,200",2026/07/27
1771,1771,8381,(株)山陰合同銀行,東証PRM,"2,547",+36,1.43,"423,200",2026/07/27
1772,1772,8425,みずほリース(株),東証PRM,"1,345",+19,1.43,"590,700",2026/07/27
1773,1773,9326,関通ホールディングス(株),東証GRT,495,+7,1.43,"17,300",2026/07/27
1774,1774,9425,ＲｅＹｕｕ　Ｊａｐａｎ(株),東証STD,213,+3,1.43,"503,600",2026/07/27
1775,1775,9987,(株)スズケン,東証PRM,"5,248",+74,1.43,"107,200",2026/07/27
1776,1776,208A,(株)構造計画研究所ホールディングス,東証STD,"2,926",+41,1.42,"3,100",2026/07/27
1777,1777,2096,GX オフィス・J-REIT,東証ETF,"1,070",+15,1.42,882,2026/07/27
1778,1778,3482,ロードスターキャピタル(株),東証PRM,"2,787",+39,1.42,"153,200",2026/07/27
1779,1779,376A,(NEXT FUNDS)ブルームバーグ米国国債(7-10年)(75%H有),東証ETF,"4,985",+70,1.42,2,2026/07/27
1780,1780,4124,大阪油化工業(株),東証STD,"2,720",+38,1.42,600,2026/07/27
1781,1781,4671,(株)ファルコホールディングス,東証STD,"2,710",+38,1.42,"8,900",2026/07/27
1782,1782,530A,NZAM 上場投信 東証REIT指数(2・5・8・11月決算型),東証ETF,"1,926",+27,1.42,43,2026/07/27
1783,1783,545A,(株)トランヴィア,東証PRM,929,+13,1.42,"51,800",2026/07/27
1784,1784,5891,(株)ＳＡＫＩＧＡＫＥホールディングス,東証STD,"1,643",+23,1.42,"13,300",2026/07/27
1785,1785,6539,(株)ＭＳ－Ｊａｐａｎ,東証PRM,999,+14,1.42,"55,700",2026/07/27
1786,1786,6905,コーセル(株),東証PRM,"1,282",+18,1.42,"127,400",2026/07/27
1787,1787,8084,(株)ＲＹＯＤＥＮ,東証PRM,"3,925",+55,1.42,"29,400",2026/07/27
1788,1788,8439,東京センチュリー(株),東証PRM,"2,707.5",+38,1.42,"615,200",2026/07/27
1789,1789,9551,メタウォーター(株),東証PRM,"3,225",+45,1.42,"124,500",2026/07/27
1790,1790,2527,NZAM 上場投信 東証REIT Core指数,東証ETF,"1,151",+16,1.41,"38,632",2026/07/27
1791,1791,2694,(株)焼肉坂井ホールディングス,東証STD,72,+1,1.41,"460,100",2026/07/27
1792,1792,3055,(株)ほくやく・竹山ホールディングス,札証,938,+13,1.41,"3,000",2026/07/27
1793,1793,3921,(株)ネオジャパン,東証PRM,"1,654",+23,1.41,"10,400",2026/07/27
1794,1794,4694,(株)ビー・エム・エル,東証PRM,"3,605",+50,1.41,"83,500",2026/07/27
1795,1795,512A,GX ステーブルコイン&トークンビジネス(除く日本),東証ETF,"1,149",+16,1.41,584,2026/07/27
1796,1796,6357,三精テクノロジーズ(株),東証STD,"2,368",+33,1.41,"22,100",2026/07/27
1797,1797,8622,水戸証券(株),東証PRM,791,+11,1.41,"307,800",2026/07/27
1798,1798,8795,(株)Ｔ＆Ｄホールディングス,東証PRM,"5,176",+72,1.41,"1,134,600",2026/07/27
1799,1799,1333,Ｕｍｉｏｓ(株),東証PRM,"1,339.5",+18.5,1.4,"520,100",2026/07/27
1800,1800,1599,iFreeETF JPX日経400,東証ETF,"37,720",+520,1.4,4,2026/07/27
1801,1801,2385,(株)総医研ホールディングス,東証GRT,218,+3,1.4,"156,000",2026/07/27
1802,1802,2552,上場Ｊリート(東証REIT指数)隔月分配(ミニ),東証ETF,"2,028",+28,1.4,"1,501",2026/07/27
1803,1803,5283,(株)高見澤,東証STD,"2,971",+41,1.4,600,2026/07/27
1804,1804,6061,(株)ユニバーサル園芸社,東証STD,"2,743",+38,1.4,"2,300",2026/07/27
1805,1805,8143,(株)ラピーヌ,東証STD,145,+2,1.4,"2,400",2026/07/27
1806,1806,8367,(株)南都銀行,東証PRM,"1,949",+27,1.4,"615,000",2026/07/27
1807,1807,9989,(株)サンドラッグ,東証PRM,"3,829",+53,1.4,"388,100",2026/07/27
1808,1808,1961,三機工業(株),東証PRM,"2,472",+34,1.39,"940,700",2026/07/27
1809,1809,2555,東証REIT ETF,東証ETF,"1,938",+26.5,1.39,"31,540",2026/07/27
1810,1810,2972,サンケイリアルエステート投資法人,東証,"109,400","+1,500",1.39,474,2026/07/27
1811,1811,3295,ヒューリックリート投資法人,東証,"160,900","+2,200",1.39,"2,574",2026/07/27
1812,1812,3443,川田テクノロジーズ(株),東証PRM,"1,312",+18,1.39,"324,400",2026/07/27
1813,1813,425A,GX ゴールドETF,東証ETF,358.4,+4.9,1.39,"75,830",2026/07/27
1814,1814,5480,日本冶金工業(株),東証PRM,"5,120",+70,1.39,"34,000",2026/07/27
1815,1815,5711,三菱マテリアル(株),東証PRM,"4,224",+58,1.39,"847,900",2026/07/27
1816,1816,5932,三協立山(株),東証PRM,656,+9,1.39,"63,800",2026/07/27
1817,1817,7727,(株)オーバル,東証STD,731,+10,1.39,"81,300",2026/07/27
1818,1818,8968,福岡リート投資法人,東証,"182,300","+2,500",1.39,"1,147",2026/07/27
1819,1819,8972,KDX不動産投資法人,東証,"160,200","+2,200",1.39,"11,017",2026/07/27
1820,1820,1328,(NEXT FUNDS)金価格連動型上場投信,東証ETF,"15,830",+215,1.38,"14,469",2026/07/27
1821,1821,2001,(株)ニップン,東証PRM,"2,871",+39,1.38,"191,900",2026/07/27
1822,1822,2153,Ｅ・Ｊホールディングス(株),東証PRM,"1,764",+24,1.38,"41,700",2026/07/27
1823,1823,3063,(株)ジェイグループホールディングス,東証GRT,"1,250",+17,1.38,"17,300",2026/07/27
1824,1824,3284,(株)フージャースホールディングス,東証PRM,"1,251",+17,1.38,"127,200",2026/07/27
1825,1825,343A,(株)ＩＡＣＥトラベル,東証STD,"1,398",+19,1.38,"1,400",2026/07/27
1826,1826,3550,(株)スタジオアタオ,東証GRT,220,+3,1.38,"2,800",2026/07/27
1827,1827,3925,(株)ダブルスタンダード,東証PRM,"1,245",+17,1.38,"36,200",2026/07/27
1828,1828,487A,(NEXT FUNDS) ドイツ株式・DAX(H無),東証ETF,"2,064",+28,1.38,58,2026/07/27
1829,1829,5589,(株)オートサーバー,東証STD,"2,720",+37,1.38,"2,400",2026/07/27
1830,1830,8001,伊藤忠商事(株),東証PRM,"1,984.5",+27,1.38,"13,331,100",2026/07/27
1831,1831,8219,青山商事(株),東証PRM,737,+10,1.38,"455,200",2026/07/27
1832,1832,9470,(株)学研ホールディングス,東証PRM,"1,025",+14,1.38,"93,700",2026/07/27
1833,1833,9517,イーレックス(株),東証PRM,883,+12,1.38,"136,600",2026/07/27
1834,1834,9539,京葉瓦斯(株),東証STD,"1,473",+20,1.38,"5,400",2026/07/27
1835,1835,1326,SPDRゴールド･シェア,東証ETF,"61,430",+830,1.37,"22,494",2026/07/27
1836,1836,1498,One ETF ESG,東証ETF,"32,450",+440,1.37,25,2026/07/27
1837,1837,1786,オリエンタル白石(株),東証PRM,371,+5,1.37,"560,600",2026/07/27
1838,1838,2594,キーコーヒー(株),東証PRM,"1,994",+27,1.37,"79,800",2026/07/27
1839,1839,366A,ウェルネス・コミュニケーションズ(株),東証GRT,"1,037",+14,1.37,"14,200",2026/07/27
1840,1840,4507,塩野義製薬(株),東証PRM,"2,894.5",+39,1.37,"1,957,400",2026/07/27
1841,1841,4762,(株)エックスネット,東証STD,"1,920",+26,1.37,"4,300",2026/07/27
1842,1842,7412,(株)アトム,東証STD,369,+5,1.37,"342,600",2026/07/27
1843,1843,7937,(株)ツツミ,東証STD,"2,666",+36,1.37,"3,600",2026/07/27
1844,1844,1377,(株)サカタのタネ,東証PRM,"4,465",+60,1.36,"96,400",2026/07/27
1845,1845,1418,インターライフホールディングス(株),東証STD,598,+8,1.36,"31,300",2026/07/27
1846,1846,1477,iシェアーズ MSCI 日本株最小分散 ETF,東証ETF,"3,346",+45,1.36,"39,679",2026/07/27
1847,1847,1540,純金上場信託(現物国内保管型),東証ETF,"20,100",+270,1.36,"112,214",2026/07/27
1848,1848,1597,MAXIS Jリート上場投信,東証ETF,"1,944",+26,1.36,"37,857",2026/07/27
1849,1849,1617,(NEXT FUNDS)食品上場投信,東証ETF,"47,590",+640,1.36,802,2026/07/27
1850,1850,256A,飛島ホールディングス(株),東証PRM,"2,094",+28,1.36,"193,200",2026/07/27
1851,1851,3042,(株)セキュアヴェイル,東証STD,298,+4,1.36,"12,100",2026/07/27
1852,1852,3287,星野リゾート・リート投資法人,東証,"246,700","+3,300",1.36,"1,030",2026/07/27
1853,1853,3462,野村不動産マスターファンド投資法人,東証,"156,400","+2,100",1.36,"7,202",2026/07/27
1854,1854,428A,サイプレス・ホールディングス(株),東証STD,"1,345",+18,1.36,"9,800",2026/07/27
1855,1855,4433,(株)ヒト・コミュニケーションズ・ホールディングス,東証PRM,893,+12,1.36,"39,200",2026/07/27
1856,1856,4689,ＬＩＮＥヤフー(株),東証PRM,441.2,+5.9,1.36,"13,000,100",2026/07/27
1857,1857,4919,(株)ミルボン,東証PRM,"2,823",+38,1.36,"57,400",2026/07/27
1858,1858,6074,(株)ジェイエスエス,東証STD,520,+7,1.36,"1,100",2026/07/27
1859,1859,6104,芝浦機械(株),東証PRM,"4,850",+65,1.36,"124,600",2026/07/27
1860,1860,7191,(株)イントラスト,東証STD,"1,122",+15,1.36,"25,800",2026/07/27
1861,1861,7218,田中精密工業(株),東証STD,"1,047",+14,1.36,"2,200",2026/07/27
1862,1862,9536,西部ガスホールディングス(株),東証PRM,"2,393",+32,1.36,"53,400",2026/07/27
1863,1863,2613,(株)Ｊ－オイルミルズ,東証PRM,"2,095",+28,1.35,"32,700",2026/07/27
1864,1864,2753,(株)あみやき亭,東証PRM,"1,349",+18,1.35,"26,900",2026/07/27
1865,1865,3323,レカム(株),東証STD,75,+1,1.35,"201,800",2026/07/27
1866,1866,3433,トーカロ(株),東証PRM,"2,999",+40,1.35,"628,000",2026/07/27
1867,1867,415A,ＧＭＯ　ＴＥＣＨホールディングス(株),東証GRT,"4,875",+65,1.35,500,2026/07/27
1868,1868,4487,(株)スペースマーケット,東証GRT,225,+3,1.35,"2,900",2026/07/27
1869,1869,6196,(株)ストライクグループ,東証PRM,"1,356",+18,1.35,"274,400",2026/07/27
1870,1870,6986,双葉電子工業(株),東証PRM,601,+8,1.35,"330,600",2026/07/27
1871,1871,7610,(株)テイツー,東証STD,150,+2,1.35,"836,700",2026/07/27
1872,1872,8361,(株)大垣共立銀行,東証PRM,"8,230",+110,1.35,"170,400",2026/07/27
1873,1873,8793,ＮＥＣキャピタルソリューション(株),東証PRM,"4,120",+55,1.35,"14,300",2026/07/27
1874,1874,8871,(株)ゴールドクレスト,東証STD,"3,375",+45,1.35,"45,300",2026/07/27
1875,1875,9052,山陽電気鉄道(株),東証PRM,"2,024",+27,1.35,"28,200",2026/07/27
1876,1876,9218,(株)メンタルヘルステクノロジーズ,東証GRT,750,+10,1.35,"15,200",2026/07/27
1877,1877,9439,(株)エム・エイチ・グループ,東証STD,225,+3,1.35,"46,800",2026/07/27
1878,1878,9767,日建工学(株),東証STD,"1,506",+20,1.35,"1,500",2026/07/27
1879,1879,1429,(株)日本アクア,東証PRM,755,+10,1.34,"62,100",2026/07/27
1880,1880,1672,WisdomTree 金上場投信,東証ETF,"62,020",+820,1.34,133,2026/07/27
1881,1881,1812,鹿島,東証PRM,"5,655",+75,1.34,"994,800",2026/07/27
1882,1882,1972,三晃金属工業(株),東証STD,"1,288",+17,1.34,"39,000",2026/07/27
1883,1883,3439,(株)三ツ知,東証STD,680,+9,1.34,300,2026/07/27
1884,1884,3487,CREロジスティクスファンド投資法人,東証,"144,000","+1,900",1.34,935,2026/07/27
1885,1885,3549,(株)クスリのアオキホールディングス,東証STD,"3,770",+50,1.34,"294,400",2026/07/27
1886,1886,3848,(株)データ・アプリケーション,東証STD,829,+11,1.34,"3,900",2026/07/27
1887,1887,5189,櫻護謨(株),東証STD,"3,785",+50,1.34,"3,700",2026/07/27
1888,1888,6080,Ｍ＆Ａキャピタルパートナーズ(株),東証PRM,"3,785",+50,1.34,"98,800",2026/07/27
1889,1889,7080,(株)スポーツフィールド,東証GRT,830,+11,1.34,"20,900",2026/07/27
1890,1890,7417,(株)南陽,東証STD,"1,886",+25,1.34,"7,200",2026/07/27
1891,1891,7567,(株)栄電子,東証STD,528,+7,1.34,"7,300",2026/07/27
1892,1892,8117,中央自動車工業(株),東証STD,"2,118",+28,1.34,"65,200",2026/07/27
1893,1893,8594,中道リース(株),札証,679,+9,1.34,600,2026/07/27
1894,1894,8614,東洋証券(株),東証PRM,682,+9,1.34,"429,100",2026/07/27
1895,1895,8887,(株)シーラホールディングス,東証STD,379,+5,1.34,"55,700",2026/07/27
1896,1896,9850,(株)グルメ杵屋,東証PRM,985,+13,1.34,"45,900",2026/07/27
1897,1897,9896,ＪＫホールディングス(株),東証STD,"1,438",+19,1.34,"14,400",2026/07/27
1898,1898,1815,鉄建建設(株),東証PRM,"4,560",+60,1.33,"72,100",2026/07/27
1899,1899,2209,井村屋グループ(株),東証PRM,"2,435",+32,1.33,"19,300",2026/07/27
1900,1900,3562,(株)Ｎｏ．１,東証STD,"1,599",+21,1.33,"21,400",2026/07/27
1901,1901,585A,日本バリュー・ボトムアップ株式投資戦略,東証ETF,"1,064",+14,1.33,111,2026/07/27
1902,1902,6644,大崎電気工業(株),東証PRM,"1,528",+20,1.33,"179,000",2026/07/27
1903,1903,8075,神鋼商事(株),東証PRM,"2,587",+34,1.33,"58,000",2026/07/27
1904,1904,8737,(株)あかつき本社,東証STD,608,+8,1.33,"48,300",2026/07/27
1905,1905,8869,明和地所(株),東証STD,839,+11,1.33,"62,400",2026/07/27
1906,1906,8955,日本プライムリアルティ投資法人,東証,"98,800","+1,300",1.33,"7,200",2026/07/27
1907,1907,8987,ジャパンエクセレント投資法人,東証,"144,700","+1,900",1.33,"1,824",2026/07/27
1908,1908,9726,ＫＮＴ－ＣＴホールディングス(株),東証STD,"1,905",+25,1.33,"14,400",2026/07/27
1909,1909,1762,(株)高松コンストラクショングループ,東証PRM,"3,840",+50,1.32,"40,400",2026/07/27
1910,1910,2819,エバラ食品工業(株),東証STD,"2,524",+33,1.32,"12,000",2026/07/27
1911,1911,3167,(株)ＴＯＫＡＩホールディングス,東証PRM,"1,155",+15,1.32,"231,700",2026/07/27
1912,1912,4471,三洋化成工業(株),東証PRM,"4,985",+65,1.32,"44,700",2026/07/27
1913,1913,6279,(株)瑞光,東証PRM,924,+12,1.32,"11,700",2026/07/27
1914,1914,6544,ジャパンエレベーターサービスホールディングス(株),東証PRM,"1,689",+22,1.32,"554,600",2026/07/27
1915,1915,7161,(株)じもとホールディングス,東証STD,538,+7,1.32,"100,600",2026/07/27
1916,1916,9163,(株)ナレルグループ,東証GRT,"2,307",+30,1.32,"18,000",2026/07/27
1917,1917,9336,大栄環境(株),東証PRM,"3,825",+50,1.32,"104,100",2026/07/27
1918,1918,9622,(株)スペース,東証PRM,"1,462",+19,1.32,"39,900",2026/07/27
1919,1919,9755,応用地質(株),東証PRM,"2,843",+37,1.32,"53,600",2026/07/27
1920,1920,9832,(株)オートバックスセブン,東証PRM,"1,537",+20,1.32,"200,200",2026/07/27
1921,1921,2269,明治ホールディングス(株),東証PRM,"3,792",+49,1.31,"812,300",2026/07/27
1922,1922,2557,SMDAM トピックス上場投信,東証ETF,"4,114",+53,1.31,"6,660",2026/07/27
1923,1923,2979,SOSiLA物流リート投資法人,東証,"108,300","+1,400",1.31,"2,008",2026/07/27
1924,1924,5704,(株)ＪＭＣ,東証GRT,388,+5,1.31,"3,200",2026/07/27
1925,1925,8370,(株)紀陽銀行,東証PRM,"5,010",+65,1.31,"232,200",2026/07/27
1926,1926,9446,(株)サカイホールディングス,東証STD,695,+9,1.31,"3,100",2026/07/27
1927,1927,1305,iFreeETF TOPIX(年1回決算型),東証ETF,"4,281",+55,1.3,"154,280",2026/07/27
1928,1928,190A,Ｃｈｏｒｄｉａ　Ｔｈｅｒａｐｅｕｔｉｃｓ(株),東証GRT,78,+1,1.3,"478,100",2026/07/27
1929,1929,1994,高橋カーテンウォール工業(株),東証STD,545,+7,1.3,"8,400",2026/07/27
1930,1930,2044,NEXT NOTES S&P500 配当貴族(NR)ETN,東証ETF,"35,860",+460,1.3,217,2026/07/27
1931,1931,3542,(株)ベガコーポレーション,東証GRT,"1,248",+16,1.3,"10,900",2026/07/27
1932,1932,4391,ロジザード(株),東証GRT,"1,172",+15,1.3,"1,800",2026/07/27
1933,1933,5753,日本伸銅(株),東証STD,"2,420",+31,1.3,"1,900",2026/07/27
1934,1934,7065,ユーピーアール(株),東証STD,"1,012",+13,1.3,"8,200",2026/07/27
1935,1935,8052,椿本興業(株),東証PRM,"2,887",+37,1.3,"24,700",2026/07/27
1936,1936,1625,(NEXT FUNDS)電機･精密上場投信,東証ETF,"63,810",+810,1.29,335,2026/07/27
1937,1937,2168,(株)パソナグループ,東証PRM,"1,575",+20,1.29,"127,200",2026/07/27
1938,1938,436A,サイバーソリューションズ(株),東証GRT,"1,021",+13,1.29,"29,400",2026/07/27
1939,1939,5838,楽天銀行(株),東証PRM,"5,648",+72,1.29,"718,400",2026/07/27
1940,1940,7021,(株)ニッチツ,東証STD,"1,966",+25,1.29,"2,400",2026/07/27
1941,1941,7305,新家工業(株),東証STD,"2,660",+34,1.29,"23,000",2026/07/27
1942,1942,7363,(株)ベビーカレンダー,東証GRT,"1,182",+15,1.29,"29,700",2026/07/27
1943,1943,7590,(株)タカショー,東証STD,393,+5,1.29,"30,500",2026/07/27
1944,1944,9143,ＳＧホールディングス(株),東証PRM,"1,609",+20.5,1.29,"1,427,900",2026/07/27
1945,1945,9162,(株)ブリーチ,東証GRT,236,+3,1.29,"10,600",2026/07/27
1946,1946,2524,NZAM 上場投信 TOPIX,東証ETF,"4,191",+53,1.28,"18,229",2026/07/27
1947,1947,3279,アクティビア・プロパティーズ投資法人,東証,"142,600","+1,800",1.28,"4,924",2026/07/27
1948,1948,3451,トーセイ・リート投資法人,東証,"134,700","+1,700",1.28,633,2026/07/27
1949,1949,5010,日本精蝋(株),東証STD,237,+3,1.28,"49,600",2026/07/27
1950,1950,5025,(株)マーキュリー,東証GRT,555,+7,1.28,200,2026/07/27
1951,1951,6721,ウインテスト(株),東証STD,79,+1,1.28,"193,900",2026/07/27
1952,1952,7022,サノヤスホールディングス(株),東証STD,316,+4,1.28,"96,600",2026/07/27
1953,1953,7131,のむら産業(株),東証STD,"3,555",+45,1.28,"1,000",2026/07/27
1954,1954,7692,(株)アースインフィニティ,東証STD,79,+1,1.28,"264,700",2026/07/27
1955,1955,7908,ＫＩＭＯＴＯ,東証STD,238,+3,1.28,"31,500",2026/07/27
1956,1956,8166,(株)タカキュー,東証STD,79,+1,1.28,"17,900",2026/07/27
1957,1957,9037,(株)ハマキョウレックス,東証PRM,"1,822",+23,1.28,"93,600",2026/07/27
1958,1958,9332,ＮＩＳＳＯホールディングス(株),東証PRM,633,+8,1.28,"113,100",2026/07/27
1959,1959,1345,上場インデックスファンドJリート隔月分配,東証ETF,"1,914",+24,1.27,"101,174",2026/07/27
1960,1960,1586,上場インデックス TOPIX Ex-Financials,東証ETF,"3,028",+38,1.27,130,2026/07/27
1961,1961,159A,(NEXT FUNDS) JPXプライム150指数連動型上場投信,東証ETF,727.7,+9.1,1.27,"7,060",2026/07/27
1962,1962,1867,(株)植木組,東証STD,"2,794",+35,1.27,"7,500",2026/07/27
1963,1963,2737,(株)トーメンデバイス,東証PRM,"16,730",+210,1.27,"94,000",2026/07/27
1964,1964,2790,(株)ナフコ,東証STD,"2,228",+28,1.27,"3,500",2026/07/27
1965,1965,3070,(株)ジェリービーンズグループ,東証GRT,80,+1,1.27,"940,800",2026/07/27
1966,1966,3566,ユニフォームネクスト(株),東証GRT,875,+11,1.27,"11,800",2026/07/27
1967,1967,4196,(株)ネオマーケティング,東証STD,"1,749",+22,1.27,"8,700",2026/07/27
1968,1968,5162,(株)朝日ラバー,東証STD,796,+10,1.27,"4,500",2026/07/27
1969,1969,5261,リソルホールディングス(株),東証PRM,"7,980",+100,1.27,"4,200",2026/07/27
1970,1970,6093,ミトラグループ(株),東証STD,159,+2,1.27,"31,700",2026/07/27
1971,1971,6533,(株)Ｏｒｃｈｅｓｔｒａ　Ｈｏｌｄｉｎｇｓ,東証PRM,"1,200",+15,1.27,"6,400",2026/07/27
1972,1972,8014,蝶理(株),東証PRM,"3,980",+50,1.27,"32,800",2026/07/27
1973,1973,8244,(株)近鉄百貨店,東証STD,"1,832",+23,1.27,"42,400",2026/07/27
1974,1974,8341,(株)七十七銀行,東証PRM,"3,677",+46,1.27,"469,100",2026/07/27
1975,1975,9057,遠州トラック(株),東証STD,"3,185",+40,1.27,"1,800",2026/07/27
1976,1976,9233,アジア航測(株),東証STD,"1,117",+14,1.27,"11,000",2026/07/27
1977,1977,2003,日東富士製粉(株),東証STD,"1,844",+23,1.26,"21,900",2026/07/27
1978,1978,3109,シキボウ(株),東証PRM,"1,041",+13,1.26,"72,100",2026/07/27
1979,1979,3970,(株)イノベーション,東証STD,806,+10,1.26,300,2026/07/27
1980,1980,4725,(株)ＣＡＣ　Ｈｏｌｄｉｎｇｓ,東証PRM,"1,848",+23,1.26,"69,800",2026/07/27
1981,1981,6744,能美防災(株),東証PRM,"4,410",+55,1.26,"95,800",2026/07/27
1982,1982,8088,岩谷産業(株),東証PRM,"2,004",+25,1.26,"633,200",2026/07/27
1983,1983,8715,アニコム　ホールディングス(株),東証PRM,"1,207",+15,1.26,"272,900",2026/07/27
1984,1984,1860,戸田建設(株),東証PRM,"1,544",+19,1.25,"722,700",2026/07/27
1985,1985,2518,(NEXT FUNDS) MSCI日本株女性活躍(セレクト)上場投信,東証ETF,"2,424",+30,1.25,"26,089",2026/07/27
1986,1986,2522,iシェアーズ オートメーション&ロボット ETF,東証ETF,"8,573",+106,1.25,"1,485",2026/07/27
1987,1987,2562,上場インデックスファンド米国株式(ダウ平均)H有,東証ETF,"3,641",+45,1.25,"2,570",2026/07/27
1988,1988,341A,(株)トヨコー,東証GRT,"1,940",+24,1.25,"17,100",2026/07/27
1989,1989,4299,(株)ハイマックス,東証STD,"1,215",+15,1.25,"5,700",2026/07/27
1990,1990,4506,住友ファーマ(株),東証PRM,"1,300.5",+16,1.25,"3,356,600",2026/07/27
1991,1991,5256,(株)Ｆｕｓｉｃ,東証GRT,"2,340",+29,1.25,"2,500",2026/07/27
1992,1992,6356,日本ギア工業(株),東証STD,"1,379",+17,1.25,"195,400",2026/07/27
1993,1993,6363,(株)酉島製作所,東証PRM,"2,843",+35,1.25,"84,000",2026/07/27
1994,1994,7061,日本ホスピスホールディングス(株),東証GRT,568,+7,1.25,"28,200",2026/07/27
1995,1995,7962,(株)キングジム,東証PRM,809,+10,1.25,"46,200",2026/07/27
1996,1996,9742,(株)アイネス,東証PRM,"2,186",+27,1.25,"18,000",2026/07/27
1997,1997,2002,(株)日清製粉グループ本社,東証PRM,"2,074.5",+25.5,1.24,"663,000",2026/07/27
1998,1998,2521,上場インデックスファンド米国株式(S&P500)H有,東証ETF,"2,116",+26,1.24,"1,104",2026/07/27
1999,1999,2791,大黒天物産(株),東証PRM,"4,505",+55,1.24,"26,400",2026/07/27
2000,2000,4251,恵和(株),東証PRM,"1,223",+15,1.24,"53,600",2026/07/27
2001,2001,4951,エステー(株),東証PRM,"1,552",+19,1.24,"34,700",2026/07/27
2002,2002,6266,タツモ(株),東証PRM,"4,495",+55,1.24,"241,700",2026/07/27
2003,2003,6381,アネスト岩田(株),東証PRM,"1,791",+22,1.24,"107,700",2026/07/27
2004,2004,8005,(株)スクロール,東証PRM,"1,716",+21,1.24,"138,500",2026/07/27
2005,2005,1570,(NEXT FUNDS)日経平均レバレッジ上場投信,東証ETF,"67,590",+820,1.23,"2,519,478",2026/07/27
2006,2006,2378,(株)ルネサンス,東証PRM,"1,074",+13,1.23,"43,000",2026/07/27
2007,2007,2517,MAXIS Jリート･コア上場投信,東証ETF,"1,148",+14,1.23,"11,090",2026/07/27
2008,2008,369A,(株)エータイ,東証GRT,"2,299",+28,1.23,"11,700",2026/07/27
2009,2009,4765,ＳＢＩグローバルアセットマネジメント(株),東証PRM,574,+7,1.23,"813,500",2026/07/27
2010,2010,6864,(株)エヌエフホールディングス,東証STD,"1,559",+19,1.23,"48,600",2026/07/27
2011,2011,7971,東リ(株),東証STD,659,+8,1.23,"88,100",2026/07/27
2012,2012,2855,GX グリーン・J-REIT,東証ETF,996,+12,1.22,775,2026/07/27
2013,2013,298A,ＧＶＡ　ＴＥＣＨ(株),東証GRT,332,+4,1.22,"1,700",2026/07/27
2014,2014,3597,(株)自重堂,東証STD,"9,090",+110,1.22,"2,300",2026/07/27
2015,2015,4012,(株)アクシス,東証STD,"1,748",+21,1.22,"9,700",2026/07/27
2016,2016,4064,日本カーバイド工業(株),東証PRM,"3,310",+40,1.22,"54,400",2026/07/27
2017,2017,7561,(株)ハークスレイホールディングス,東証STD,662,+8,1.22,"26,000",2026/07/27
2018,2018,8029,(株)ルックホールディングス,東証STD,"2,657",+32,1.22,"11,500",2026/07/27
2019,2019,8964,三井不動産商業ファンド投資法人,東証,"83,000","+1,000",1.22,"8,941",2026/07/27
2020,2020,1308,上場インデックスファンドTOPIX,東証ETF,"4,183",+50,1.21,"288,840",2026/07/27
2021,2021,1458,楽天 ETF-日経レバレッジ指数連動型,東証ETF,"80,560",+960,1.21,"103,217",2026/07/27
2022,2022,2071,スマート ESG30 総合(ネットリターン)ETN,東証ETF,"20,000",+240,1.21,170,2026/07/27
2023,2023,2514,(NEXT FUNDS)外国株式･MSCI-KOKUSAI(H有),東証ETF,"2,005",+24,1.21,"150,137",2026/07/27
2024,2024,2933,(株)紀文食品,東証PRM,"1,091",+13,1.21,"23,000",2026/07/27
2025,2025,6481,ＴＨＫ(株),東証PRM,"6,937",+83,1.21,"1,540,000",2026/07/27
2026,2026,8278,(株)フジ,東証PRM,"2,000",+24,1.21,"86,800",2026/07/27
2027,2027,8365,(株)富山銀行,東証STD,"2,419",+29,1.21,"19,200",2026/07/27
2028,2028,9301,三菱倉庫(株),東証PRM,"1,637",+19.5,1.21,"1,074,400",2026/07/27
2029,2029,141A,(株)トライアルホールディングス,東証GRT,"3,025",+36,1.2,"292,400",2026/07/27
2030,2030,1592,上場インデックス JPX日経インデックス400,東証ETF,"3,367",+40,1.2,"12,051",2026/07/27
2031,2031,189A,(株)Ｄ＆Ｍカンパニー,東証GRT,"1,014",+12,1.2,"2,000",2026/07/27
2032,2032,2762,(株)ＳＡＮＫＯ　ＭＡＲＫＥＴＩＮＧ　ＦＯＯＤＳ,東証STD,84,+1,1.2,"115,800",2026/07/27
2033,2033,5901,東洋製罐グループホールディングス(株),東証PRM,"4,146",+49,1.2,"190,700",2026/07/27
2034,2034,6941,山一電機(株),東証PRM,"9,240",+110,1.2,"180,600",2026/07/27
2035,2035,7215,(株)ファルテック,東証STD,421,+5,1.2,"3,800",2026/07/27
2036,2036,7939,(株)研創,東証STD,590,+7,1.2,"2,800",2026/07/27
2037,2037,8051,(株)山善,東証PRM,"1,766",+21,1.2,"215,400",2026/07/27
2038,2038,8167,(株)リテールパートナーズ,東証PRM,"1,349",+16,1.2,"98,100",2026/07/27
2039,2039,8306,(株)三菱ＵＦＪフィナンシャル・グループ,東証PRM,"3,799",+45,1.2,"46,560,000",2026/07/27
2040,2040,9878,(株)セキド,東証STD,420,+5,1.2,"7,600",2026/07/27
2041,2041,1384,(株)ホクリヨウ,東証STD,"2,039",+24,1.19,"12,200",2026/07/27
2042,2042,1434,ＪＥＳＣＯホールディングス(株),東証STD,"1,703",+20,1.19,"69,300",2026/07/27
2043,2043,4005,住友化学(株),東証PRM,545,+6.4,1.19,"9,173,400",2026/07/27
2044,2044,5271,(株)トーヨーアサノ,東証STD,"2,290",+27,1.19,"1,000",2026/07/27
2045,2045,6125,(株)岡本工作機械製作所,東証STD,"5,120",+60,1.19,"41,700",2026/07/27
2046,2046,7366,(株)ＬＩＴＡＬＩＣＯ,東証PRM,"1,612",+19,1.19,"73,000",2026/07/27
2047,2047,7611,(株)ハイデイ日高,東証PRM,"2,813",+33,1.19,"148,600",2026/07/27
2048,2048,9739,ＮＳＷ(株),東証PRM,"2,559",+30,1.19,"28,400",2026/07/27
2049,2049,1483,iシェアーズ JPX/S&P 設備･人材投資ETF,東証ETF,"3,700",+43,1.18,1,2026/07/27
2050,2050,1514,住石ホールディングス(株),東証STD,600,+7,1.18,"242,700",2026/07/27
2051,2051,1593,MAXIS JPX日経インデックス400上場投信,東証ETF,"37,670",+440,1.18,"3,025",2026/07/27
2052,2052,2531,宝ホールディングス(株),東証PRM,"2,185.5",+25.5,1.18,"423,500",2026/07/27
2053,2053,3111,オーミケンシ(株),東証STD,171,+2,1.18,"3,400",2026/07/27
2054,2054,3538,(株)ウイルプラスホールディングス,東証STD,945,+11,1.18,"21,400",2026/07/27
2055,2055,4887,サワイグループホールディングス(株),東証PRM,"1,679",+19.5,1.18,"644,100",2026/07/27
2056,2056,5201,ＡＧＣ(株),東証PRM,"6,260",+73,1.18,"997,000",2026/07/27
2057,2057,6118,アイダエンジニアリング(株),東証PRM,"1,202",+14,1.18,"67,100",2026/07/27
2058,2058,7072,(株)インティメート・マージャー,東証GRT,"1,027",+12,1.18,"3,100",2026/07/27
2059,2059,8308,(株)りそなホールディングス,東証PRM,"2,393.5",+28,1.18,"9,342,600",2026/07/27
2060,2060,9104,(株)商船三井,東証PRM,"5,912",+69,1.18,"3,032,100",2026/07/27
2061,2061,9450,(株)ファイバーゲート,東証STD,774,+9,1.18,"38,100",2026/07/27
2062,2062,1801,大成建設(株),東証PRM,"13,835",+160,1.17,"384,500",2026/07/27
2063,2063,237A,iシェアーズ 米国債25年超 ロングデュレーション,東証ETF,156,+1.8,1.17,"166,510",2026/07/27
2064,2064,3038,(株)神戸物産,東証PRM,"2,690",+31,1.17,"1,627,100",2026/07/27
2065,2065,3321,ミタチ産業(株),東証STD,"1,551",+18,1.17,"73,000",2026/07/27
2066,2066,3359,(株)ｃｏｔｔａ,東証GRT,518,+6,1.17,"9,600",2026/07/27
2067,2067,6273,ＳＭＣ(株),東証PRM,"71,800",+830,1.17,"189,300",2026/07/27
2068,2068,6785,(株)鈴木,東証PRM,"3,015",+35,1.17,"55,100",2026/07/27
2069,2069,7421,カッパ・クリエイト(株),東証PRM,"1,552",+18,1.17,"121,600",2026/07/27
2070,2070,7730,マニー(株),東証PRM,"1,551",+18,1.17,"470,700",2026/07/27
2071,2071,9235,売れるネット広告社グループ(株),東証GRT,518,+6,1.17,"35,100",2026/07/27
2072,2072,9902,(株)日伝,東証PRM,"2,852",+33,1.17,"84,400",2026/07/27
2073,2073,1595,NZAM 上場投信 東証REIT指数,東証ETF,"1,918",+22,1.16,"40,429",2026/07/27
2074,2074,3452,(株)ビーロット,東証STD,"1,481",+17,1.16,"40,400",2026/07/27
2075,2075,4341,西菱電機(株),東証STD,873,+10,1.16,"1,900",2026/07/27
2076,2076,4685,(株)菱友システムズ,東証STD,"2,883",+33,1.16,"20,400",2026/07/27
2077,2077,6340,澁谷工業(株),東証PRM,"4,350",+50,1.16,"33,000",2026/07/27
2078,2078,6393,油研工業(株),東証STD,"3,055",+35,1.16,"2,200",2026/07/27
2079,2079,9534,北海道ガス(株),東証PRM,784,+9,1.16,"82,900",2026/07/27
2080,2080,1870,矢作建設工業(株),東証PRM,"1,942",+22,1.15,"108,100",2026/07/27
2081,2081,188A,GX インド・トップ10+,東証ETF,883,+10,1.15,"15,334",2026/07/27
2082,2082,2556,One ETF 東証REIT指数,東証ETF,"1,931.5",+22,1.15,"170,250",2026/07/27
2083,2083,2734,(株)サーラコーポレーション,東証PRM,"1,147",+13,1.15,"113,500",2026/07/27
2084,2084,4057,(株)インターファクトリー,東証GRT,351,+4,1.15,"2,300",2026/07/27
2085,2085,4202,(株)ダイセル,東証PRM,"1,489",+17,1.15,"1,225,900",2026/07/27
2086,2086,4218,ニチバン(株),東証PRM,"1,932",+22,1.15,"15,200",2026/07/27
2087,2087,4345,(株)シーティーエス,東証PRM,876,+10,1.15,"142,000",2026/07/27
2088,2088,6347,(株)プラコー,東証STD,263,+3,1.15,"32,200",2026/07/27
2089,2089,6349,(株)小森コーポレーション,東証PRM,"1,670",+19,1.15,"118,500",2026/07/27
2090,2090,7868,(株)広済堂ホールディングス,東証PRM,530,+6,1.15,"388,700",2026/07/27
2091,2091,8386,(株)百十四銀行,東証PRM,"3,000",+34,1.15,"376,600",2026/07/27
2092,2092,8570,イオンフィナンシャルサービス(株),東証PRM,"1,580",+18,1.15,"381,600",2026/07/27
2093,2093,1365,iFreeETF 日経平均レバレッジ・インデックス,東証ETF,"4,166",+47,1.14,"215,625",2026/07/27
2094,2094,1488,iFreeETF 東証REIT指数,東証ETF,"1,948",+22,1.14,"86,920",2026/07/27
2095,2095,1678,(NEXT FUNDS)インド株式指数上場投信,東証ETF,320.6,+3.6,1.14,"1,221,660",2026/07/27
2096,2096,168A,(株)イタミアート,東証GRT,"1,062",+12,1.14,"2,100",2026/07/27
2097,2097,2563,iシェアーズ S&P500 米国株 ETF(H有),東証ETF,397.7,+4.5,1.14,"167,110",2026/07/27
2098,2098,3489,(株)フェイスネットワーク,東証STD,801,+9,1.14,"30,500",2026/07/27
2099,2099,4189,ＫＨネオケム(株),東証PRM,"3,105",+35,1.14,"84,100",2026/07/27
2100,2100,4570,(株)免疫生物研究所,東証GRT,978,+11,1.14,"34,800",2026/07/27
2101,2101,5844,(株)京都フィナンシャルグループ,東証PRM,"4,687",+53,1.14,"846,800",2026/07/27
2102,2102,6976,太陽誘電(株),東証PRM,"11,545",+130,1.14,"15,997,700",2026/07/27
2103,2103,332A,ミーク(株),東証GRT,981,+11,1.13,"83,900",2026/07/27
2104,2104,5820,(株)三ッ星,東証STD,715,+8,1.13,"19,400",2026/07/27
2105,2105,6246,(株)テクノスマート,東証STD,"1,885",+21,1.13,"3,100",2026/07/27
2106,2106,6291,日本エアーテック(株),東証STD,"1,341",+15,1.13,"52,600",2026/07/27
2107,2107,7040,(株)サン・ライフホールディング,東証STD,985,+11,1.13,"1,000",2026/07/27
2108,2108,7326,ＳＢＩインシュアランスグループ(株),東証GRT,"2,155",+24,1.13,"23,500",2026/07/27
2109,2109,8007,高島(株),東証PRM,804,+9,1.13,"111,300",2026/07/27
2110,2110,8362,(株)福井銀行,東証PRM,"6,250",+70,1.13,"81,900",2026/07/27
2111,2111,8835,太平洋興発(株),東証STD,804,+9,1.13,"12,200",2026/07/27
2112,2112,2095,GX S&P500配当貴族 (H有),東証ETF,"1,171",+13,1.12,215,2026/07/27
2113,2113,2642,SMT ETFカーボン・エフィシェント日本株,東証ETF,"53,290",+590,1.12,7,2026/07/27
2114,2114,5582,(株)グリッド,東証GRT,"1,902",+21,1.12,"7,300",2026/07/27
2115,2115,6817,スミダコーポレーション(株),東証PRM,"1,350",+15,1.12,"203,600",2026/07/27
2116,2116,7284,盟和産業(株),東証STD,"1,173",+13,1.12,200,2026/07/27
2117,2117,8018,三共生興(株),東証STD,815,+9,1.12,"33,100",2026/07/27
2118,2118,9064,ヤマトホールディングス(株),東証PRM,"2,067.5",+23,1.12,"1,781,000",2026/07/27
2119,2119,4482,(株)ウィルズ,東証GRT,728,+8,1.11,"17,700",2026/07/27
2120,2120,4559,ゼリア新薬工業(株),東証PRM,"2,104",+23,1.11,"70,000",2026/07/27
2121,2121,6364,(株)ＡＩＲＭＡＮ,東証PRM,"2,010",+22,1.11,"37,200",2026/07/27
2122,2122,7885,タカノ(株),東証STD,"1,092",+12,1.11,"12,300",2026/07/27
2123,2123,8699,ＨＳホールディングス(株),東証STD,"1,184",+13,1.11,"82,900",2026/07/27
2124,2124,1579,日経平均ブル2倍上場投信,東証ETF,729,+7.9,1.1,"13,720,630",2026/07/27
2125,2125,315A,GX 銀行 高配当-日本株式,東証ETF,"2,019",+22,1.1,"96,056",2026/07/27
2126,2126,5471,大同特殊鋼(株),東証PRM,"2,431.5",+26.5,1.1,"935,200",2026/07/27
2127,2127,6543,(株)日宣,東証STD,"1,195",+13,1.1,"1,800",2026/07/27
2128,2128,9686,東洋テック(株),東証STD,"1,658",+18,1.1,"5,500",2026/07/27
2129,2129,2586,(株)フルッタフルッタ,東証GRT,93,+1,1.09,"896,600",2026/07/27
2130,2130,2625,iFreeETF TOPIX(年4回決算型),東証ETF,"4,070",+44,1.09,"19,876",2026/07/27
2131,2131,3193,(株)エターナルホスピタリティグループ,東証PRM,"2,958",+32,1.09,"115,900",2026/07/27
2132,2132,383A,MAXIS S&P500均等ウェイト,東証ETF,"2,678",+29,1.09,350,2026/07/27
2133,2133,4825,(株)ウェザーニューズ,東証PRM,"1,941",+21,1.09,"170,600",2026/07/27
2134,2134,7456,松田産業(株),東証PRM,"5,580",+60,1.09,"115,600",2026/07/27
2135,2135,7625,(株)グローバルダイニング,東証STD,465,+5,1.09,"5,100",2026/07/27
2136,2136,8698,マネックスグループ(株),東証PRM,743,+8,1.09,"1,757,900",2026/07/27
2137,2137,9780,(株)ハリマビステム,東証STD,928,+10,1.09,"7,200",2026/07/27
2138,2138,1631,(NEXT FUNDS)銀行上場投信,東証ETF,"42,240",+450,1.08,"3,254",2026/07/27
2139,2139,2914,ＪＴ,東証PRM,"6,531",+70,1.08,"4,299,800",2026/07/27
2140,2140,3457,(株)Ａｎｄ　Ｄｏホールディングス,東証PRM,938,+10,1.08,"83,100",2026/07/27
2141,2141,3611,(株)マツオカコーポレーション,東証STD,"2,517",+27,1.08,"21,100",2026/07/27
2142,2142,3964,(株)オークネット,東証PRM,"1,409",+15,1.08,"114,000",2026/07/27
2143,2143,4192,スパイダープラス(株),東証GRT,282,+3,1.08,"78,100",2026/07/27
2144,2144,5535,ミガロホールディングス(株),東証PRM,281,+3,1.08,"70,300",2026/07/27
2145,2145,5702,(株)大紀アルミニウム工業所,東証PRM,"1,498",+16,1.08,"364,700",2026/07/27
2146,2146,9090,ＡＺ－ＣＯＭ丸和ホールディングス(株),東証PRM,932,+10,1.08,"527,900",2026/07/27
2147,2147,2485,(株)ティア,東証STD,474,+5,1.07,"20,100",2026/07/27
2148,2148,2809,キユーピー(株),東証PRM,"4,523",+48,1.07,"246,900",2026/07/27
2149,2149,2882,(株)イートアンドホールディングス,東証PRM,"2,072",+22,1.07,"14,400",2026/07/27
2150,2150,3392,デリカフーズホールディングス(株),東証STD,850,+9,1.07,"12,200",2026/07/27
2151,2151,3878,(株)巴川コーポレーション,東証STD,852,+9,1.07,"90,600",2026/07/27
2152,2152,4447,(株)ピー・ビーシステムズ,東証GRT,472,+5,1.07,"4,800",2026/07/27
2153,2153,5218,(株)オハラ,東証STD,"1,420",+15,1.07,"59,100",2026/07/27
2154,2154,5915,(株)駒井ハルテック,東証STD,"2,259",+24,1.07,"6,400",2026/07/27
2155,2155,6367,ダイキン工業(株),東証PRM,"24,135",+255,1.07,"917,800",2026/07/27
2156,2156,6369,トーヨーカネツ(株),東証PRM,"2,455",+26,1.07,"69,300",2026/07/27
2157,2157,8291,日産東京販売ホールディングス(株),東証STD,568,+6,1.07,"97,400",2026/07/27
2158,2158,1546,(NEXT FUNDS)ダウ･ジョーンズ工業株30種(H無),東証ETF,"83,840",+880,1.06,628,2026/07/27
2159,2159,2236,GX S&P500配当貴族,東証ETF,"1,522",+16,1.06,"64,003",2026/07/27
2160,2160,3768,リスクモンスター(株),東証STD,571,+6,1.06,"5,600",2026/07/27
2161,2161,4290,(株)プレステージ・インターナショナル,東証PRM,667,+7,1.06,"476,100",2026/07/27
2162,2162,4976,東洋ドライルーブ(株),東証STD,"1,330",+14,1.06,800,2026/07/27
2163,2163,7990,グローブライド(株),東証PRM,"2,481",+26,1.06,"71,300",2026/07/27
2164,2164,8074,(株)ＹＵＡＳＡ,東証PRM,"5,710",+60,1.06,"42,000",2026/07/27
2165,2165,9468,(株)ＫＡＤＯＫＡＷＡ,東証PRM,"3,518",+37,1.06,"597,900",2026/07/27
2166,2166,9627,(株)アインホールディングス,東証PRM,"5,895",+62,1.06,"205,000",2026/07/27
2167,2167,9639,三協フロンテア(株),東証STD,"2,288",+24,1.06,"27,300",2026/07/27
2168,2168,9980,ＭＲＫホールディングス(株),東証STD,95,+1,1.06,"91,300",2026/07/27
2169,2169,1433,ベステラ(株),東証PRM,"1,156",+12,1.05,"25,800",2026/07/27
2170,2170,2311,(株)エプコ,東証STD,769,+8,1.05,"6,300",2026/07/27
2171,2171,2788,アップルインターナショナル(株),東証STD,386,+4,1.05,"18,000",2026/07/27
2172,2172,3470,マリモ地方創生リート投資法人,東証,"106,000","+1,100",1.05,725,2026/07/27
2173,2173,3477,フォーライフ(株),東証GRT,869,+9,1.05,"8,800",2026/07/27
2174,2174,378A,(株)ヒット,東証GRT,"1,061",+11,1.05,"15,500",2026/07/27
2175,2175,6616,トレックス・セミコンダクター(株),東証PRM,"1,834",+19,1.05,"89,900",2026/07/27
2176,2176,8566,リコーリース(株),東証PRM,"6,760",+70,1.05,"36,400",2026/07/27
2177,2177,8707,岩井コスモホールディングス(株),東証PRM,"4,320",+45,1.05,"153,100",2026/07/27
2178,2178,9996,(株)サトー商会,東証STD,"2,213",+23,1.05,"1,800",2026/07/27
2179,2179,1926,ライト工業(株),東証PRM,"3,900",+40,1.04,"212,900",2026/07/27
2180,2180,201A,iシェアーズ Nifty 50 インド株 ETF,東証ETF,183.9,+1.9,1.04,"96,360",2026/07/27
2181,2181,2768,双日(株),東証PRM,"5,446",+56,1.04,"1,035,900",2026/07/27
2182,2182,3370,(株)フジタコーポレーション,東証STD,485,+5,1.04,"3,300",2026/07/27
2183,2183,3422,(株)Ｊ－ＭＡＸ,東証STD,487,+5,1.04,"6,700",2026/07/27
2184,2184,404A,GX チャイナテック・トップ10,東証ETF,"1,361",+14,1.04,"33,273",2026/07/27
2185,2185,4571,ＮＡＮＯ　ホールディングス(株),東証GRT,97,+1,1.04,"244,500",2026/07/27
2186,2186,8966,平和不動産リート投資法人,東証,"135,700","+1,400",1.04,"2,011",2026/07/27
2187,2187,9305,(株)ヤマタネ,東証PRM,"2,143",+22,1.04,"67,700",2026/07/27
2188,2188,9433,ＫＤＤＩ(株),東証PRM,"2,953",+30.5,1.04,"8,389,300",2026/07/27
2189,2189,1615,(NEXT FUNDS)東証銀行業株価指数連動型上場投信,東証ETF,782,+8,1.03,"5,916,920",2026/07/27
2190,2190,2120,(株)ＬＩＦＵＬＬ,東証PRM,197,+2,1.03,"481,800",2026/07/27
2191,2191,2499,日本和装ホールディングス(株),東証STD,295,+3,1.03,"10,100",2026/07/27
2192,2192,356A,GX S&P500 キャッシュフロー・トップ100,東証ETF,"1,566",+16,1.03,"27,123",2026/07/27
2193,2193,396A,業界改革厳選ETF REITイベント・ドリブン,東証ETF,508,+5.2,1.03,40,2026/07/27
2194,2194,4255,ＴＨＥＣＯＯ(株),東証GRT,"2,453",+25,1.03,"1,800",2026/07/27
2195,2195,5445,東京鐵鋼(株),東証PRM,"1,965",+20,1.03,"107,100",2026/07/27
2196,2196,5819,カナレ電気(株),東証STD,"1,759",+18,1.03,"7,200",2026/07/27
2197,2197,5989,(株)エイチワン,東証PRM,"1,563",+16,1.03,"126,400",2026/07/27
2198,2198,8956,NTT都市開発リート投資法人,東証,"137,300","+1,400",1.03,"4,187",2026/07/27
2199,2199,1681,上場インデックスファンド海外新興国株式,東証ETF,"3,359",+34,1.02,"5,296",2026/07/27
2200,2200,170A,SMT ETF日本好配当株アクティブ,東証ETF,"3,155",+32,1.02,331,2026/07/27
2201,2201,3010,ポラリス・ホールディングス(株),東証STD,199,+2,1.02,"357,400",2026/07/27
2202,2202,3951,朝日印刷(株),東証STD,894,+9,1.02,"17,200",2026/07/27
2203,2203,5342,ジャニス工業(株),名証MN,397,+4,1.02,200,2026/07/27
2204,2204,6482,ＹＵＳＨＩＮ(株),東証STD,695,+7,1.02,"50,900",2026/07/27
2205,2205,8076,(株)カノークス,東証STD,"2,083",+21,1.02,"6,100",2026/07/27
2206,2206,8093,極東貿易(株),東証PRM,"1,786",+18,1.02,"42,600",2026/07/27
2207,2207,8203,(株)ＭｒＭａｘＨＤ,東証PRM,792,+8,1.02,"41,900",2026/07/27
2208,2208,8986,大和証券リビング投資法人,東証,"98,700","+1,000",1.02,"5,052",2026/07/27
2209,2209,9127,玉井商船(株),東証STD,"2,780",+28,1.02,"3,300",2026/07/27
2210,2210,2058,(株)ヒガシマル,福証,"1,000",+10,1.01,"2,300",2026/07/27
2211,2211,2418,(株)ツカダ・グローバルホールディング,東証STD,603,+6,1.01,"55,300",2026/07/27
2212,2212,3825,(株)リミックスポイント,東証STD,200,+2,1.01,"562,700",2026/07/27
2213,2213,4022,ラサ工業(株),東証PRM,"1,904",+19,1.01,"1,392,300",2026/07/27
2214,2214,450A,ステート・ストリート・スパイダー S&P500 ETF(H有),東証ETF,770.1,+7.7,1.01,"1,430",2026/07/27
2215,2215,4735,(株)京進,東証STD,300,+3,1.01,"23,600",2026/07/27
2216,2216,5870,(株)ナルネットコミュニケーションズ,東証GRT,798,+8,1.01,"8,300",2026/07/27
2217,2217,7130,ヤマエグループホールディングス(株),東証PRM,"2,893",+29,1.01,"37,200",2026/07/27
2218,2218,7781,(株)平山ホールディングス,東証STD,801,+8,1.01,"3,100",2026/07/27
2219,2219,8309,三井住友トラストグループ(株),東証PRM,"6,881",+69,1.01,"2,860,600",2026/07/27
2220,2220,1381,(株)アクシーズ,東証STD,"3,520",+35,1.0,"3,000",2026/07/27
2221,2221,1716,第一カッター興業(株),東証STD,"1,409",+14,1.0,"12,400",2026/07/27
2222,2222,2179,(株)成学社,東証STD,809,+8,1.0,900,2026/07/27
2223,2223,2286,林兼産業(株),東証STD,913,+9,1.0,"18,000",2026/07/27
2224,2224,2375,ギグワークス(株),東証STD,202,+2,1.0,"29,100",2026/07/27
2225,2225,3204,(株)トーア紡コーポレーション,東証STD,505,+5,1.0,"13,400",2026/07/27
2226,2226,5210,日本山村硝子(株),東証STD,"2,836",+28,1.0,"48,100",2026/07/27
2227,2227,6663,太洋テクノレックス(株),東証STD,302,+3,1.0,"18,300",2026/07/27
2228,2228,8967,日本ロジスティクスファンド投資法人,東証,"101,300","+1,000",1.0,"8,616",2026/07/27
2229,2229,9264,ポエック(株),東証STD,"1,720",+17,1.0,"4,400",2026/07/27
2230,2230,9368,キムラユニティー(株),東証STD,909,+9,1.0,"7,600",2026/07/27
2231,2231,2098,GX ホテル&リテール・J-REIT,東証ETF,"1,018",+10,0.99,"4,917",2026/07/27
2232,2232,2462,ライク(株),東証PRM,"1,527",+15,0.99,"21,500",2026/07/27
2233,2233,3077,ホリイフードサービス(株),東証STD,915,+9,0.99,"6,300",2026/07/27
2234,2234,3490,(株)アズ企画設計,東証STD,"3,050",+30,0.99,"1,600",2026/07/27
2235,2235,3556,リネットジャパングループ(株),東証GRT,816,+8,0.99,"46,200",2026/07/27
2236,2236,4042,東ソー(株),東証PRM,"2,844",+28,0.99,"1,358,000",2026/07/27
2237,2237,4178,(株)Ｓｈａｒｉｎｇ　Ｉｎｎｏｖａｔｉｏｎｓ,東証GRT,511,+5,0.99,"5,700",2026/07/27
2238,2238,5936,東洋シヤッター(株),東証STD,915,+9,0.99,"3,100",2026/07/27
2239,2239,6537,ＷＡＳＨハウス(株),東証GRT,306,+3,0.99,"9,100",2026/07/27
2240,2240,7208,(株)カネミツ,東証STD,"1,325",+13,0.99,"12,300",2026/07/27
2241,2241,9558,ジャパニアス(株),東証GRT,"1,935",+19,0.99,"7,200",2026/07/27
2242,2242,9635,武蔵野興業(株),東証STD,"2,547",+25,0.99,200,2026/07/27
2243,2243,9979,(株)大庄,東証STD,"1,117",+11,0.99,"19,800",2026/07/27
2244,2244,1491,中外鉱業(株),東証STD,724,+7,0.98,"15,600",2026/07/27
2245,2245,218A,(株)Ｌｉｂｅｒａｗａｒｅ,東証GRT,"1,032",+10,0.98,"75,000",2026/07/27
2246,2246,3747,(株)インタートレード,東証STD,412,+4,0.98,"6,900",2026/07/27
2247,2247,4918,(株)アイビー化粧品,東証STD,309,+3,0.98,"27,700",2026/07/27
2248,2248,5268,旭コンクリート工業(株),東証STD,828,+8,0.98,"1,300",2026/07/27
2249,2249,536A,NZAM 上場投信 先進国株式(MSCI-KOKUSAI)(H無),東証ETF,"2,274",+22,0.98,11,2026/07/27
2250,2250,7076,名南Ｍ＆Ａ(株),名証MN,"1,027",+10,0.98,"2,700",2026/07/27
2251,2251,9347,日本管財ホールディングス(株),東証PRM,"2,795",+27,0.98,"54,100",2026/07/27
2252,2252,9888,(株)ＵＥＸ,東証STD,"1,034",+10,0.98,"33,200",2026/07/27
2253,2253,2183,(株)リニカル,東証STD,209,+2,0.97,"23,300",2026/07/27
2254,2254,2241,MAXIS NYダウ上場投信,東証ETF,951.2,+9.1,0.97,"14,700",2026/07/27
2255,2255,283A,GX USテック・配当貴族,東証ETF,"1,347",+13,0.97,"33,982",2026/07/27
2256,2256,2844,上場インデックスファンド豪州国債(H無),東証ETF,"5,701",+55,0.97,"1,823",2026/07/27
2257,2257,3089,テクノアルファ(株),東証STD,"1,040",+10,0.97,"4,000",2026/07/27
2258,2258,3352,(株)バッファロー,東証STD,"1,769",+17,0.97,"3,500",2026/07/27
2259,2259,5805,ＳＷＣＣ(株),東証PRM,"11,480",+110,0.97,"333,200",2026/07/27
2260,2260,8984,大和ハウスリート投資法人,東証,"125,300","+1,200",0.97,"6,431",2026/07/27
2261,2261,9366,(株)サンリツ,東証STD,"1,039",+10,0.97,"3,300",2026/07/27
2262,2262,9619,(株)イチネンホールディングス,東証PRM,"2,400",+23,0.97,"21,900",2026/07/27
2263,2263,9790,福井コンピュータホールディングス(株),東証PRM,"3,130",+30,0.97,"28,700",2026/07/27
2264,2264,9934,因幡電機産業(株),東証PRM,"2,820",+27,0.97,"151,900",2026/07/27
2265,2265,2435,(株)シダー,東証STD,210,+2,0.96,"5,100",2026/07/27
2266,2266,5922,那須電機鉄工(株),東証STD,"19,900",+190,0.96,800,2026/07/27
2267,2267,6328,荏原実業(株),東証PRM,"2,420",+23,0.96,"43,300",2026/07/27
2268,2268,7912,大日本印刷(株),東証PRM,"3,169",+30,0.96,"1,046,400",2026/07/27
2269,2269,9245,(株)リベロ,東証GRT,"1,995",+19,0.96,"1,900",2026/07/27
2270,2270,2235,上場インデックスファンド米国株式(ダウ平均)H無,東証ETF,"3,705",+35,0.95,224,2026/07/27
2271,2271,2820,(株)やまみ,東証STD,"4,800",+45,0.95,"9,800",2026/07/27
2272,2272,3548,(株)バロックジャパンリミテッド,東証PRM,743,+7,0.95,"73,200",2026/07/27
2273,2273,4625,アトミクス(株),東証STD,747,+7,0.95,"6,800",2026/07/27
2274,2274,4829,日本エンタープライズ(株),東証STD,106,+1,0.95,"221,700",2026/07/27
2275,2275,5563,新日本電工(株),東証PRM,424,+4,0.95,"531,800",2026/07/27
2276,2276,6626,ＳＥＭＩＴＥＣ(株),東証STD,"2,021",+19,0.95,"20,000",2026/07/27
2277,2277,7512,イオン北海道(株),東証STD,849,+8,0.95,"121,100",2026/07/27
2278,2278,8089,ナイス(株),東証STD,"1,910",+18,0.95,"4,100",2026/07/27
2279,2279,8091,ニチモウ(株),東証PRM,"2,345",+22,0.95,"18,900",2026/07/27
2280,2280,8359,(株)八十二長野銀行,東証PRM,"2,699.5",+25.5,0.95,"1,535,700",2026/07/27
2281,2281,156A,マテリアルグループ(株),東証GRT,856,+8,0.94,"34,300",2026/07/27
2282,2282,182A,MAXIS 米国国債20年超上場投信(H無),東証ETF,513.5,+4.8,0.94,"7,120",2026/07/27
2283,2283,2248,iFreeETF S&P500(H有),東証ETF,"2,695",+25,0.94,232,2026/07/27
2284,2284,2342,(株)トランスジェニックグループ,東証STD,215,+2,0.94,"11,400",2026/07/27
2285,2285,2408,(株)ＫＧ情報,東証STD,859,+8,0.94,"8,900",2026/07/27
2286,2286,2854,GX テック・トップ20-日本株式,東証ETF,"2,580",+24,0.94,"9,717",2026/07/27
2287,2287,2861,上場インデックスファンドフランス国債(H無),東証ETF,"5,826",+54,0.94,16,2026/07/27
2288,2288,364A,(NEXT FUNDS) S&P500 配当貴族指数連動型上場投信,東証ETF,"2,578",+24,0.94,"9,334",2026/07/27
2289,2289,4014,(株)カラダノート,東証GRT,539,+5,0.94,"7,200",2026/07/27
2290,2290,4017,(株)クリーマ,東証GRT,215,+2,0.94,"8,000",2026/07/27
2291,2291,4527,ロート製薬(株),東証PRM,"2,372",+22,0.94,"1,221,700",2026/07/27
2292,2292,4592,サンバイオ(株),東証GRT,966,+9,0.94,"557,500",2026/07/27
2293,2293,4763,(株)クリーク・アンド・リバー社,東証PRM,"1,510",+14,0.94,"44,900",2026/07/27
2294,2294,5843,ニッポンインシュア(株),東証STD,"2,351",+22,0.94,"10,500",2026/07/27
2295,2295,5969,(株)ロブテックス,東証STD,"1,181",+11,0.94,400,2026/07/27
2296,2296,7217,(株)テイン,東証STD,430,+4,0.94,"1,400",2026/07/27
2297,2297,7859,(株)アルメディオ,東証STD,215,+2,0.94,"113,600",2026/07/27
2298,2298,9039,(株)サカイ引越センター,東証PRM,"3,010",+28,0.94,"72,700",2026/07/27
2299,2299,9788,(株)ナック,東証PRM,538,+5,0.94,"58,000",2026/07/27
2300,2300,1379,ホクト(株),東証PRM,"1,954",+18,0.93,"100,700",2026/07/27
2301,2301,1383,ベルグアース(株),東証STD,"3,025",+28,0.93,"3,200",2026/07/27
2302,2302,1417,(株)ミライト・ワン,東証PRM,"3,673",+34,0.93,"345,300",2026/07/27
2303,2303,2097,GX レジデンシャル・J-REIT,東証ETF,975,+9,0.93,"100,643",2026/07/27
2304,2304,2195,アミタホールディングス(株),東証GRT,327,+3,0.93,"15,300",2026/07/27
2305,2305,2652,(株)まんだらけ,東証STD,435,+4,0.93,"69,500",2026/07/27
2306,2306,2804,ブルドックソース(株),東証PRM,"1,848",+17,0.93,"66,900",2026/07/27
2307,2307,297A,アルピコホールディングス(株),東証STD,218,+2,0.93,"55,100",2026/07/27
2308,2308,3180,(株)ビューティガレージ,東証PRM,"1,418",+13,0.93,"18,000",2026/07/27
2309,2309,3286,トラストホールディングス(株),東証STD,866,+8,0.93,"3,000",2026/07/27
2310,2310,3420,(株)ケー・エフ・シー,東証STD,"1,635",+15,0.93,"4,800",2026/07/27
2311,2311,3799,キーウェアソリューションズ(株),東証STD,"1,089",+10,0.93,"5,100",2026/07/27
2312,2312,3989,シェアリングテクノロジー(株),東証GRT,"1,415",+13,0.93,"190,200",2026/07/27
2313,2313,4028,石原産業(株),東証PRM,"3,025",+28,0.93,"294,400",2026/07/27
2314,2314,5282,ジオスター(株),東証STD,436,+4,0.93,"24,600",2026/07/27
2315,2315,6932,(株)遠藤照明,東証STD,"2,600",+24,0.93,"26,300",2026/07/27
2316,2316,7238,曙ブレーキ工業(株),東証PRM,109,+1,0.93,"1,769,500",2026/07/27
2317,2317,7488,(株)ヤガミ,名証MN,"4,895",+45,0.93,"2,400",2026/07/27
2318,2318,1893,五洋建設(株),東証PRM,"1,583.5",+14.5,0.92,"1,282,900",2026/07/27
2319,2319,1938,日本リーテック(株),東証PRM,"2,529",+23,0.92,"82,400",2026/07/27
2320,2320,2335,(株)キューブシステム,東証PRM,"1,096",+10,0.92,"23,900",2026/07/27
2321,2321,2932,(株)ＳＴＩフードホールディングス,東証STD,"1,093",+10,0.92,"8,300",2026/07/27
2322,2322,3674,(株)オークファン,東証GRT,330,+3,0.92,"6,800",2026/07/27
2323,2323,3842,(株)ネクストジェン,東証STD,991,+9,0.92,"7,600",2026/07/27
2324,2324,9330,(株)揚羽,東証GRT,875,+8,0.92,"2,100",2026/07/27
2325,2325,9990,(株)サックスバー　ホールディングス,東証PRM,766,+7,0.92,"101,800",2026/07/27
2326,2326,1499,MAXIS 日本株高配当70マーケットニュートラル,東証ETF,"9,175",+83,0.91,69,2026/07/27
2327,2327,1550,MAXIS 海外株式(MSCIコクサイ)上場投信,東証ETF,"8,180",+74,0.91,925,2026/07/27
2328,2328,1554,上場インデックス世界株式(MSCI ACWI)除く日本,東証ETF,"6,877",+62,0.91,"1,060",2026/07/27
2329,2329,1820,西松建設(株),東証PRM,"5,424",+49,0.91,"116,900",2026/07/27
2330,2330,2084,(NEXT FUNDS) 日本高配当株アクティブ,東証ETF,"3,775",+34,0.91,"4,358",2026/07/27
2331,2331,2894,石井食品(株),東証STD,334,+3,0.91,"6,800",2026/07/27
2332,2332,3981,(株)ビーグリー,東証STD,"1,218",+11,0.91,700,2026/07/27
2333,2333,4284,(株)ソルクシーズ,東証STD,444,+4,0.91,"28,200",2026/07/27
2334,2334,5621,(株)ヒューマンテクノロジーズ,東証GRT,"1,657",+15,0.91,"18,000",2026/07/27
2335,2335,6137,小池酸素工業(株),東証STD,"1,551",+14,0.91,"33,300",2026/07/27
2336,2336,7277,(株)ＴＢＫ,東証STD,331,+3,0.91,"12,000",2026/07/27
2337,2337,8931,和田興産(株),東証STD,"1,443",+13,0.91,"18,700",2026/07/27
2338,2338,9367,大東港運(株),東証STD,"1,887",+17,0.91,"2,700",2026/07/27
2339,2339,2163,(株)アルトナー,東証PRM,"2,011",+18,0.9,"11,600",2026/07/27
2340,2340,2553,One ETF 南方 中国A株 CSI500,東証ETF,"2,416.5",+21.5,0.9,"7,880",2026/07/27
2341,2341,3148,(株)クリエイトＳＤホールディングス,東証PRM,"3,365",+30,0.9,"77,100",2026/07/27
2342,2342,3290,Oneリート投資法人,東証,"78,900",+700,0.9,"1,794",2026/07/27
2343,2343,3350,(株)メタプラネット,東証STD,225,+2,0.9,"14,346,300",2026/07/27
2344,2344,4404,ミヨシ油脂(株),東証STD,"1,915",+17,0.9,"8,700",2026/07/27
2345,2345,4973,日本高純度化学(株),東証PRM,"4,465",+40,0.9,"281,800",2026/07/27
2346,2346,5246,(株)ＥＬＥＭＥＮＴＳ,東証GRT,789,+7,0.9,"826,400",2026/07/27
2347,2347,6156,(株)エーワン精密,東証STD,"1,790",+16,0.9,"10,900",2026/07/27
2348,2348,6920,レーザーテック(株),東証PRM,"43,560",+390,0.9,"2,325,700",2026/07/27
2349,2349,7359,(株)東京通信グループ,東証GRT,225,+2,0.9,"42,100",2026/07/27
2350,2350,2212,山崎製パン(株),東証PRM,"3,389",+30,0.89,"672,800",2026/07/27
2351,2351,2252,GX Morningstar 米国中小型 Moat,東証ETF,"1,471",+13,0.89,14,2026/07/27
2352,2352,3804,(株)システム　ディ,東証STD,451,+4,0.89,"15,500",2026/07/27
2353,2353,4262,ニフティライフスタイル(株),東証GRT,"1,360",+12,0.89,"6,900",2026/07/27
2354,2354,453A,iシェアーズ 米国債20年超プレミアムインカム,東証ETF,794.9,+7,0.89,"91,020",2026/07/27
2355,2355,7472,(株)鳥羽洋行,東証STD,"3,970",+35,0.89,700,2026/07/27
2356,2356,8928,穴吹興産(株),東証STD,"2,259",+20,0.89,"7,100",2026/07/27
2357,2357,2247,iFreeETF S&P500(H無),東証ETF,"2,305",+20,0.88,"14,162",2026/07/27
2358,2358,2523,MAXIS トピックス(除く金融)上場投信,東証ETF,"3,217",+28,0.88,570,2026/07/27
2359,2359,2528,iFreeETF 東証REIT Core指数,東証ETF,"1,145",+10,0.88,"1,252",2026/07/27
2360,2360,2634,(NEXT FUNDS) S&P500(H有)連動型上場投信,東証ETF,"3,097",+27,0.88,"33,833",2026/07/27
2361,2361,2636,GX MSCIガバナンス・クオリティ-日本株式,東証ETF,"4,831",+42,0.88,21,2026/07/27
2362,2362,290A,(株)Ｓｙｎｓｐｅｃｔｉｖｅ,東証GRT,"1,140",+10,0.88,"1,294,400",2026/07/27
2363,2363,3691,(株)デジタルプラス,東証GRT,"1,598",+14,0.88,"14,500",2026/07/27
2364,2364,5131,リンカーズ(株),東証GRT,114,+1,0.88,"41,800",2026/07/27
2365,2365,6176,(株)ブランジスタ,東証STD,922,+8,0.88,"79,000",2026/07/27
2366,2366,6554,(株)エスユーエス,東証GRT,"1,034",+9,0.88,"5,300",2026/07/27
2367,2367,7039,ブリッジインターナショナルグループ(株),東証GRT,"1,723",+15,0.88,"8,500",2026/07/27
2368,2368,7167,(株)めぶきフィナンシャルグループ,東証PRM,"1,554.5",+13.5,0.88,"1,774,600",2026/07/27
2369,2369,7638,(株)ＮＥＷ　ＡＲＴ　ＨＯＬＤＩＮＧＳ,東証STD,"1,370",+12,0.88,"12,100",2026/07/27
2370,2370,8917,ファースト住建(株),東証STD,"1,142",+10,0.88,"10,900",2026/07/27
2371,2371,9414,日本ＢＳ放送(株),東証STD,916,+8,0.88,"26,400",2026/07/27
2372,2372,9610,ウィルソン・ラーニング　ワールドワイド(株),東証STD,115,+1,0.88,"26,100",2026/07/27
2373,2373,3178,チムニー(株),東証STD,"1,158",+10,0.87,"16,800",2026/07/27
2374,2374,336A,ダイナミックマッププラットフォーム(株),東証GRT,810,+7,0.87,"233,000",2026/07/27
2375,2375,3967,(株)エルテス,東証GRT,579,+5,0.87,"3,300",2026/07/27
2376,2376,4440,(株)ヴィッツ,東証STD,"1,164",+10,0.87,"15,100",2026/07/27
2377,2377,5204,石塚硝子(株),東証STD,"3,010",+26,0.87,"9,000",2026/07/27
2378,2378,6059,(株)ウチヤマホールディングス,東証STD,348,+3,0.87,"11,000",2026/07/27
2379,2379,6745,ホーチキ(株),東証PRM,"1,972",+17,0.87,"108,800",2026/07/27
2380,2380,8253,(株)クレディセゾン,東証PRM,"4,640",+40,0.87,"1,076,600",2026/07/27
2381,2381,2513,(NEXT FUNDS)外国株式･MSCI-KOKUSAI(H無),東証ETF,"3,632",+31,0.86,"2,053",2026/07/27
2382,2382,2789,(株)カルラ,東証STD,469,+4,0.86,"2,200",2026/07/27
2383,2383,2971,エスコンジャパンリート投資法人,東証,"117,700","+1,000",0.86,534,2026/07/27
2384,2384,4229,群栄化学工業(株),東証PRM,"4,710",+40,0.86,"11,800",2026/07/27
2385,2385,449A,ステート・ストリート・スパイダー S&P500 ETF(H無),東証ETF,831.4,+7.1,0.86,880,2026/07/27
2386,2386,5852,(株)アーレスティ,東証PRM,707,+6,0.86,"99,200",2026/07/27
2387,2387,6073,(株)アサンテ,東証PRM,"1,520",+13,0.86,"24,300",2026/07/27
2388,2388,7494,(株)コナカ,東証STD,235,+2,0.86,"17,000",2026/07/27
2389,2389,8891,ＡＭＧホールディングス(株),東証STD,"2,105",+18,0.86,"3,200",2026/07/27
2390,2390,9147,ＮＩＰＰＯＮ　ＥＸＰＲＥＳＳホールディングス(株),東証PRM,"5,540",+47,0.86,"750,200",2026/07/27
2391,2391,9214,Ｒｅｃｏｖｅｒｙ　Ｉｎｔｅｒｎａｔｉｏｎａｌ(株),東証GRT,"1,290",+11,0.86,600,2026/07/27
2392,2392,1717,明豊ファシリティワークス(株),東証STD,945,+8,0.85,"33,200",2026/07/27
2393,2393,1719,安藤ハザマ,東証PRM,"1,838.5",+15.5,0.85,"472,500",2026/07/27
2394,2394,2404,(株)鉄人化ホールディングス,東証STD,595,+5,0.85,"14,300",2026/07/27
2395,2395,2667,(株)イメージ　ワン,東証STD,119,+1,0.85,"173,300",2026/07/27
2396,2396,5192,三ツ星ベルト(株),東証PRM,"4,135",+35,0.85,"77,300",2026/07/27
2397,2397,6565,ＡＢホテル(株),名証MN,"1,428",+12,0.85,"1,900",2026/07/27
2398,2398,7085,(株)カーブスホールディングス,東証PRM,947,+8,0.85,"389,600",2026/07/27
2399,2399,7782,(株)シンシア,東証STD,475,+4,0.85,"5,800",2026/07/27
2400,2400,8282,(株)ケーズホールディングス,東証PRM,"1,899.5",+16,0.85,"663,000",2026/07/27
2401,2401,8706,極東証券(株),東証PRM,"1,774",+15,0.85,"126,200",2026/07/27
2402,2402,1655,iシェアーズ S&P500 米国株 ETF,東証ETF,883.8,+7.4,0.84,"883,060",2026/07/27
2403,2403,2242,MAXIS NYダウ上場投信(H有),東証ETF,671.4,+5.6,0.84,"5,040",2026/07/27
2404,2404,3850,(株)ＮＴＴデータイントラマート,東証STD,"2,989",+25,0.84,"15,000",2026/07/27
2405,2405,4595,(株)ミズホメディー,東証STD,"1,671",+14,0.84,"88,100",2026/07/27
2406,2406,4977,新田ゼラチン(株),東証STD,"1,324",+11,0.84,"18,500",2026/07/27
2407,2407,5208,(株)有沢製作所,東証PRM,"2,531",+21,0.84,"106,500",2026/07/27
2408,2408,6092,(株)エンバイオ・ホールディングス,東証STD,719,+6,0.84,"4,700",2026/07/27
2409,2409,7356,Ｒｅｔｔｙ(株),東証GRT,120,+1,0.84,"3,800",2026/07/27
2410,2410,7414,小野建(株),東証PRM,"1,447",+12,0.84,"49,900",2026/07/27
2411,2411,7976,三菱鉛筆(株),東証PRM,"2,632",+22,0.84,"90,200",2026/07/27
2412,2412,9760,(株)進学会ホールディングス,東証STD,120,+1,0.84,"12,700",2026/07/27
2413,2413,1557,State Street SPDR S&P500 ETF,東証ETF,"122,000","+1,000",0.83,"1,681",2026/07/27
2414,2414,2264,森永乳業(株),東証PRM,"1,269",+10.5,0.83,"1,800,300",2026/07/27
2415,2415,2266,六甲バター(株),東証PRM,"1,094",+9,0.83,"28,800",2026/07/27
2416,2416,2831,はごろもフーズ(株),東証STD,"3,650",+30,0.83,"2,300",2026/07/27
2417,2417,2848,GX MSCI 気候変動対応-日本株式,東証ETF,"3,035",+25,0.83,51,2026/07/27
2418,2418,3649,(株)ファインデックス,東証PRM,850,+7,0.83,"50,300",2026/07/27
2419,2419,3758,(株)アエリア,東証STD,243,+2,0.83,"19,000",2026/07/27
2420,2420,418A,ウリドキ(株),名証NXT,"1,219",+10,0.83,"8,900",2026/07/27
2421,2421,4212,積水樹脂(株),東証PRM,"2,667",+22,0.83,"42,900",2026/07/27
2422,2422,4809,パラカ(株),東証PRM,"2,063",+17,0.83,"17,000",2026/07/27
2423,2423,5028,セカンドサイトアナリティカ(株),東証GRT,363,+3,0.83,"8,300",2026/07/27
2424,2424,6664,(株)オプトエレクトロニクス,東証STD,243,+2,0.83,"2,600",2026/07/27
2425,2425,7110,(株)クラシコム,東証GRT,"2,067",+17,0.83,"2,300",2026/07/27
2426,2426,7291,日本プラスト(株),東証STD,487,+4,0.83,"32,500",2026/07/27
2427,2427,8070,東京産業(株),東証PRM,848,+7,0.83,"49,000",2026/07/27
2428,2428,1657,iシェアーズ･コア MSCI 先進国株(除く日本)ETF,東証ETF,"7,370",+60,0.82,936,2026/07/27
2429,2429,179A,GX 超長期米国債 (H有),東証ETF,246.8,+2,0.82,"14,700",2026/07/27
2430,2430,1807,(株)佐藤渡辺,東証STD,"1,845",+15,0.82,"1,000",2026/07/27
2431,2431,1861,(株)熊谷組,東証PRM,"1,469",+12,0.82,"727,900",2026/07/27
2432,2432,2211,(株)不二家,東証PRM,"2,466",+20,0.82,"16,600",2026/07/27
2433,2433,2221,岩塚製菓(株),東証STD,"3,085",+25,0.82,"12,900",2026/07/27
2434,2434,2864,GX ロジスティクス・REIT,東証ETF,"1,470",+12,0.82,68,2026/07/27
2435,2435,287A,黒田グループ(株),東証STD,"1,107",+9,0.82,"342,900",2026/07/27
2436,2436,3054,(株)ハイパー,東証STD,245,+2,0.82,"5,100",2026/07/27
2437,2437,3226,三井不動産アコモデーションファンド投資法人,東証,"122,900","+1,000",0.82,"5,788",2026/07/27
2438,2438,3249,産業ファンド投資法人,東証,"148,100","+1,200",0.82,"8,290",2026/07/27
2439,2439,4568,第一三共(株),東証PRM,"2,822.5",+23,0.82,"5,250,200",2026/07/27
2440,2440,5933,アルインコ(株),東証PRM,"1,110",+9,0.82,"40,800",2026/07/27
2441,2441,6464,(株)ツバキ・ナカシマ,東証PRM,368,+3,0.82,"607,000",2026/07/27
2442,2442,7279,(株)ハイレックスコーポレーション,東証STD,"2,225",+18,0.82,"60,100",2026/07/27
2443,2443,9012,秩父鉄道(株),東証STD,"2,100",+17,0.82,500,2026/07/27
2444,2444,9069,センコーグループホールディングス(株),東証PRM,"2,205.5",+18,0.82,"331,400",2026/07/27
2445,2445,9165,(株)クオルテック,東証GRT,"1,715",+14,0.82,"4,400",2026/07/27
2446,2446,9816,(株)ストライダーズ,東証STD,246,+2,0.82,"3,800",2026/07/27
2447,2447,9994,(株)やまや,東証STD,"2,080",+17,0.82,"10,900",2026/07/27
2448,2448,223A,GX AI&ビッグデータ,東証ETF,"1,732",+14,0.81,"28,846",2026/07/27
2449,2449,2526,NZAM 上場投信 JPX日経400,東証ETF,"37,360",+300,0.81,442,2026/07/27
2450,2450,2922,(株)なとり,東証PRM,"2,000",+16,0.81,"20,000",2026/07/27
2451,2451,3481,三菱地所物流リート投資法人,東証,"124,900","+1,000",0.81,"1,450",2026/07/27
2452,2452,4097,高圧ガス工業(株),東証PRM,"1,124",+9,0.81,"60,500",2026/07/27
2453,2453,426A,ニッセイ ETF S&P500イコール・ウェイト(H無),東証ETF,"1,250",+10,0.81,"1,492",2026/07/27
2454,2454,441A,ＮＥ(株),東証GRT,250,+2,0.81,"33,200",2026/07/27
2455,2455,4548,生化学工業(株),東証PRM,748,+6,0.81,"54,500",2026/07/27
2456,2456,6653,(株)正興電機製作所,東証PRM,"2,236",+18,0.81,"666,900",2026/07/27
2457,2457,6730,(株)アクセル,東証STD,"1,127",+9,0.81,"26,300",2026/07/27
2458,2458,9216,ビーウィズ(株),東証PRM,"1,614",+13,0.81,"37,900",2026/07/27
2459,2459,9219,(株)ギックス,東証GRT,871,+7,0.81,"5,400",2026/07/27
2460,2460,9532,大阪ガス(株),東証PRM,"5,568",+45,0.81,"837,900",2026/07/27
2461,2461,1930,北陸電気工事(株),東証PRM,"1,638",+13,0.8,"90,800",2026/07/27
2462,2462,2621,iシェアーズ 米国債20年超(H有),東証ETF,"1,012",+8,0.8,"202,746",2026/07/27
2463,2463,2730,(株)エディオン,東証PRM,"2,517",+20,0.8,"264,600",2026/07/27
2464,2464,2841,iFreeETF NASDAQ100(H有),東証ETF,"1,643",+13,0.8,"15,401",2026/07/27
2465,2465,313A,iシェアーズ S&P500 トップ20 ETF,東証ETF,265.1,+2.1,0.8,"6,800",2026/07/27
2466,2466,4256,(株)サインド,東証GRT,"1,011",+8,0.8,"3,700",2026/07/27
2467,2467,6034,ＭＲＴ(株),東証GRT,632,+5,0.8,"4,000",2026/07/27
2468,2468,1945,(株)東京エネシス,東証PRM,"2,037",+16,0.79,"189,100",2026/07/27
2469,2469,3202,ダイトウボウ(株),東証STD,127,+1,0.79,"24,000",2026/07/27
2470,2470,3466,ラサールロジポート投資法人,東証,"153,300","+1,200",0.79,"5,443",2026/07/27
2471,2471,5845,全保連(株),東証STD,"1,019",+8,0.79,"28,100",2026/07/27
2472,2472,5979,カネソウ(株),名証MN,"5,080",+40,0.79,800,2026/07/27
2473,2473,6480,日本トムソン(株),東証PRM,"1,776",+14,0.79,"605,100",2026/07/27
2474,2474,7607,(株)進和,東証PRM,"3,170",+25,0.79,"18,400",2026/07/27
2475,2475,7847,(株)グラファイトデザイン,東証STD,640,+5,0.79,"3,400",2026/07/27
2476,2476,8071,東海エレクトロニクス(株),名証MN,"2,943",+23,0.79,200,2026/07/27
2477,2477,9793,(株)ダイセキ,東証PRM,"3,835",+30,0.79,"140,100",2026/07/27
2478,2478,1364,ｉシェアーズ JPX日経400 ETF,東証ETF,"3,766",+29,0.78,"32,616",2026/07/27
2479,2479,1431,(株)Ｌｉｂ　Ｗｏｒｋ,東証GRT,643,+5,0.78,"8,300",2026/07/27
2480,2480,1780,(株)ヤマウラ,東証PRM,"1,547",+12,0.78,"53,400",2026/07/27
2481,2481,2011,SMDAM Active ETF 日本高配当株式,東証ETF,840.3,+6.5,0.78,"129,810",2026/07/27
2482,2482,2060,フィード・ワン(株),東証PRM,"1,293",+10,0.78,"40,700",2026/07/27
2483,2483,3280,(株)エストラスト,東証STD,907,+7,0.78,"3,100",2026/07/27
2484,2484,3953,大村紙業(株),東証STD,776,+6,0.78,700,2026/07/27
2485,2485,4261,アジアクエスト(株),東証GRT,"3,230",+25,0.78,600,2026/07/27
2486,2486,4574,大幸薬品(株),東証PRM,260,+2,0.78,"117,500",2026/07/27
2487,2487,4619,日本特殊塗料(株),東証STD,"2,455",+19,0.78,"21,700",2026/07/27
2488,2488,6193,バーチャレクス・ホールディングス(株),東証GRT,"1,038",+8,0.78,"2,200",2026/07/27
2489,2489,8601,(株)大和証券グループ本社,東証PRM,"1,871.5",+14.5,0.78,"3,250,300",2026/07/27
2490,2490,8860,フジ住宅(株),東証PRM,773,+6,0.78,"44,900",2026/07/27
2491,2491,8961,森トラストリート投資法人,東証,"77,300",+600,0.78,"5,776",2026/07/27
2492,2492,9252,(株)ラストワンマイル,東証GRT,"3,860",+30,0.78,"6,500",2026/07/27
2493,2493,9678,(株)カナモト,東証PRM,"5,150",+40,0.78,"102,400",2026/07/27
2494,2494,2255,iシェアーズ 米国債20年超,東証ETF,209.4,+1.6,0.77,"65,890",2026/07/27
2495,2495,2559,MAXIS 全世界株式(オール・カントリー)上場投信,東証ETF,"2,993",+23,0.77,"196,754",2026/07/27
2496,2496,4098,チタン工業(株),東証STD,"1,046",+8,0.77,"4,700",2026/07/27
2497,2497,4118,(株)カネカ,東証PRM,"5,886",+45,0.77,"208,600",2026/07/27
2498,2498,4193,(株)ファブリカホールディングス,東証STD,"2,345",+18,0.77,"4,400",2026/07/27
2499,2499,6040,日本スキー場開発(株),東証GRT,521,+4,0.77,"75,000",2026/07/27
2500,2500,6284,日精エー・エス・ビー機械(株),東証PRM,"9,200",+70,0.77,"18,800",2026/07/27
2501,2501,9351,東洋埠頭(株),東証STD,"1,833",+14,0.77,"3,800",2026/07/27
2502,2502,1547,上場インデックスファンド米国株式(S&P500),東証ETF,"13,300",+100,0.76,"11,893",2026/07/27
2503,2503,4166,かっこ(株),東証GRT,663,+5,0.76,"4,200",2026/07/27
2504,2504,4367,広栄化学(株),東証STD,"2,651",+20,0.76,"6,800",2026/07/27
2505,2505,4651,(株)サニックスホールディングス,東証STD,266,+2,0.76,"173,000",2026/07/27
2506,2506,6143,(株)ソディック,東証PRM,"1,729",+13,0.76,"386,500",2026/07/27
2507,2507,6513,(株)オリジン,東証STD,"1,063",+8,0.76,"2,700",2026/07/27
2508,2508,6820,アイコム(株),東証PRM,"3,325",+25,0.76,"11,200",2026/07/27
2509,2509,7444,ハリマ共和物産(株),東証STD,"1,990",+15,0.76,"1,400",2026/07/27
2510,2510,8078,阪和興業(株),東証PRM,"1,734",+13,0.76,"303,400",2026/07/27
2511,2511,8789,フィンテック　グローバル(株),東証STD,132,+1,0.76,"521,000",2026/07/27
2512,2512,9262,(株)シルバーライフ,東証STD,667,+5,0.76,"13,500",2026/07/27
2513,2513,180A,GX 超長期米国債,東証ETF,297,+2.2,0.75,"150,400",2026/07/27
2514,2514,2632,MAXIS ナスダック100上場投信(H有),東証ETF,"17,565",+130,0.75,"1,457",2026/07/27
2515,2515,3627,テクミラホールディングス(株),東証STD,270,+2,0.75,"17,700",2026/07/27
2516,2516,4801,セントラルスポーツ(株),東証PRM,"2,419",+18,0.75,"14,900",2026/07/27
2517,2517,6445,(株)ジャノメ,東証PRM,"1,335",+10,0.75,"27,900",2026/07/27
2518,2518,7299,フジオーゼックス(株),東証STD,"1,870",+14,0.75,"8,300",2026/07/27
2519,2519,9240,(株)デリバリーコンサルティング,東証GRT,403,+3,0.75,"9,000",2026/07/27
2520,2520,9531,東京ガス(株),東証PRM,"6,273",+47,0.75,"924,000",2026/07/27
2521,2521,1660,MAXIS高利回りJリート上場投信,東証ETF,"10,860",+80,0.74,"5,192",2026/07/27
2522,2522,1764,工藤建設(株),東証STD,"2,710",+20,0.74,"1,400",2026/07/27
2523,2523,2391,(株)プラネット,東証STD,"1,219",+9,0.74,"9,100",2026/07/27
2524,2524,2705,(株)大戸屋ホールディングス,東証STD,"8,160",+60,0.74,"9,600",2026/07/27
2525,2525,2839,MAXIS 米国国債7-10年上場投信(H有),東証ETF,"5,037",+37,0.74,51,2026/07/27
2526,2526,2910,(株)ロック・フィールド,東証PRM,"1,368",+10,0.74,"48,000",2026/07/27
2527,2527,3895,ハビックス(株),東証STD,407,+3,0.74,"3,600",2026/07/27
2528,2528,4331,(株)テイクアンドギヴ・ニーズ,東証PRM,677,+5,0.74,"107,200",2026/07/27
2529,2529,5464,モリ工業(株),東証STD,958,+7,0.74,"14,000",2026/07/27
2530,2530,6838,(株)多摩川ホールディングス,東証STD,"1,365",+10,0.74,"197,900",2026/07/27
2531,2531,6955,ＦＤＫ(株),東証STD,406,+3,0.74,"114,200",2026/07/27
2532,2532,7621,(株)うかい,東証STD,"3,405",+25,0.74,"2,700",2026/07/27
2533,2533,8316,(株)三井住友フィナンシャルグループ,東証PRM,"7,214",+53,0.74,"11,641,800",2026/07/27
2534,2534,1349,ABF 汎アジア債券インデックス･ファンド,東証ETF,"17,885",+130,0.73,11,2026/07/27
2535,2535,4020,ビートレンド(株),東証GRT,692,+5,0.73,400,2026/07/27
2536,2536,4553,東和薬品(株),東証PRM,"4,145",+30,0.73,"113,800",2026/07/27
2537,2537,9799,旭情報サービス(株),東証STD,968,+7,0.73,"6,500",2026/07/27
2538,2538,1311,(NEXT FUNDS)TOPIX Core30連動型上場投信,東証ETF,"2,094",+15,0.72,"3,186",2026/07/27
2539,2539,1555,上場インデックスファンド豪州リート,東証ETF,"2,515",+18,0.72,"2,277",2026/07/27
2540,2540,3292,イオンリート投資法人,東証,"126,500",+900,0.72,"5,103",2026/07/27
2541,2541,4235,ウルトラファブリックス・ホールディングス(株),東証STD,700,+5,0.72,"25,800",2026/07/27
2542,2542,6545,(株)インターネットインフィニティー,東証GRT,843,+6,0.72,"7,100",2026/07/27
2543,2543,7264,(株)ムロコーポレーション,東証STD,"1,390",+10,0.72,"3,200",2026/07/27
2544,2544,8628,松井証券(株),東証PRM,"1,115",+8,0.72,"804,000",2026/07/27
2545,2545,2698,(株)キャンドゥ,東証STD,"3,565",+25,0.71,"10,100",2026/07/27
2546,2546,3435,サンコーテクノ(株),東証STD,"1,414",+10,0.71,"1,300",2026/07/27
2547,2547,3447,信和(株),東証STD,989,+7,0.71,"26,300",2026/07/27
2548,2548,451A,ステート・ストリート・スパイダー S&P500 高配当株ETF,東証ETF,309.9,+2.2,0.71,"20,060",2026/07/27
2549,2549,4642,オリジナル設計(株),東証STD,"1,420",+10,0.71,"2,400",2026/07/27
2550,2550,4893,ノイルイミューン・バイオテック(株),東証GRT,142,+1,0.71,"24,500",2026/07/27
2551,2551,7840,フランスベッドホールディングス(株),東証PRM,"1,275",+9,0.71,"25,200",2026/07/27
2552,2552,7886,ヤマト　モビリティ　＆　Ｍｆｇ．(株),東証STD,710,+5,0.71,300,2026/07/27
2553,2553,8020,兼松(株),東証PRM,"2,133.5",+15,0.71,"371,600",2026/07/27
2554,2554,9083,神姫バス(株),東証STD,"1,974",+14,0.71,"1,200",2026/07/27
2555,2555,9942,(株)ジョイフル,福証,"1,285",+9,0.71,"9,700",2026/07/27
2556,2556,274A,(株)ガーデン,東証STD,"2,308",+16,0.7,"2,800",2026/07/27
2557,2557,2927,(株)ＡＦＣ－ＨＤアムスライフサイエンス,東証STD,861,+6,0.7,"30,000",2026/07/27
2558,2558,3059,ヒラキ(株),東証STD,715,+5,0.7,"3,200",2026/07/27
2559,2559,3396,(株)フェリシモ,東証STD,865,+6,0.7,"4,400",2026/07/27
2560,2560,4263,サスメド(株),東証GRT,720,+5,0.7,"32,500",2026/07/27
2561,2561,452A,iシェアーズ S&P500プレミアムインカム,東証ETF,828.9,+5.8,0.7,"149,380",2026/07/27
2562,2562,4584,キッズウェル・バイオ(株),東証GRT,143,+1,0.7,"193,600",2026/07/27
2563,2563,5900,(株)ダイケン,東証STD,859,+6,0.7,"3,400",2026/07/27
2564,2564,7388,(株)ＦＰパートナー,東証PRM,"2,152",+15,0.7,"45,000",2026/07/27
2565,2565,9419,(株)ワイヤレスゲート,東証STD,289,+2,0.7,"13,000",2026/07/27
2566,2566,9629,ピー・シー・エー(株),東証PRM,"1,429",+10,0.7,"74,700",2026/07/27
2567,2567,3192,(株)白鳩,東証STD,293,+2,0.69,"40,600",2026/07/27
2568,2568,3634,(株)ソケッツ,東証STD,585,+4,0.69,900,2026/07/27
2569,2569,380A,GX チャイナテック,東証ETF,"1,017",+7,0.69,"7,888",2026/07/27
2570,2570,3858,(株)ユビキタスＡＩ,東証STD,293,+2,0.69,"24,400",2026/07/27
2571,2571,479A,ＰＲＯＮＩ(株),東証GRT,"1,322",+9,0.69,"23,600",2026/07/27
2572,2572,6696,(株)トラース・オン・プロダクト,東証GRT,290,+2,0.69,"16,500",2026/07/27
2573,2573,1578,上場インデックスファンド日経225(ミニ),東証ETF,"5,191",+35,0.68,"2,256",2026/07/27
2574,2574,5011,ニチレキグループ(株),東証PRM,"2,207",+15,0.68,"48,500",2026/07/27
2575,2575,6343,フリージア・マクロス(株),東証STD,148,+1,0.68,"71,600",2026/07/27
2576,2576,6678,(株)テクノメディカ,東証STD,"2,065",+14,0.68,"4,400",2026/07/27
2577,2577,6846,(株)中央製作所,名証MN,"1,333",+9,0.68,400,2026/07/27
2578,2578,7358,(株)ポピンズ,東証STD,"1,487",+10,0.68,"25,800",2026/07/27
2579,2579,8133,伊藤忠エネクス(株),東証PRM,"2,084",+14,0.68,"174,100",2026/07/27
2580,2580,9621,(株)建設技術研究所,東証PRM,"2,940",+20,0.68,"26,300",2026/07/27
2581,2581,1329,iシェアーズ・コア 日経225ETF,東証ETF,"6,778",+45,0.67,"305,973",2026/07/27
2582,2582,2112,塩水港精糖(株),東証STD,451,+3,0.67,"44,100",2026/07/27
2583,2583,2175,(株)エス・エム・エス,東証PRM,"2,400",+16,0.67,"807,600",2026/07/27
2584,2584,2630,MAXIS 米国株式(S&P500)上場投信(H有),東証ETF,"15,695",+105,0.67,"2,324",2026/07/27
2585,2585,6384,(株)昭和真空,東証STD,"1,644",+11,0.67,"18,400",2026/07/27
2586,2586,7187,ジェイリース(株),東証PRM,"1,361",+9,0.67,"22,500",2026/07/27
2587,2587,7741,ＨＯＹＡ(株),東証PRM,"24,725",+165,0.67,"685,100",2026/07/27
2588,2588,9633,東京テアトル(株),東証STD,"1,649",+11,0.67,"2,500",2026/07/27
2589,2589,2525,NZAM 上場投信 日経225,東証ETF,"65,660",+430,0.66,"10,832",2026/07/27
2590,2590,549A,ヒトトヒトホールディングス(株),東証STD,460,+3,0.66,"49,800",2026/07/27
2591,2591,6497,(株)ハマイ,東証STD,"1,365",+9,0.66,"8,100",2026/07/27
2592,2592,7119,(株)ハルメクホールディングス,東証GRT,"1,685",+11,0.66,"2,100",2026/07/27
2593,2593,8927,(株)明豊エンタープライズ,東証STD,461,+3,0.66,"90,300",2026/07/27
2594,2594,9160,(株)オンザページ,東証STD,304,+2,0.66,"16,800",2026/07/27
2595,2595,9247,ＴＲＥホールディングス(株),東証PRM,"2,129",+14,0.66,"204,900",2026/07/27
2596,2596,3309,積水ハウス・リート投資法人,東証,"77,000",+500,0.65,"12,239",2026/07/27
2597,2597,423A,(株)ライオン事務器,東証STD,309,+2,0.65,"14,900",2026/07/27
2598,2598,540A,上場インデックスファンド日経銀行株トップ10,東証ETF,"2,153",+14,0.65,"69,708",2026/07/27
2599,2599,7515,(株)マルヨシセンター,東証STD,"4,650",+30,0.65,100,2026/07/27
2600,2600,7810,(株)クロスフォー,東証STD,154,+1,0.65,"76,500",2026/07/27
2601,2601,9997,(株)ベルーナ,東証PRM,"1,081",+7,0.65,"292,200",2026/07/27
2602,2602,138A,光フードサービス(株),東証GRT,"2,969",+19,0.64,700,2026/07/27
2603,2603,1768,(株)ソネック,東証STD,"1,097",+7,0.64,"5,500",2026/07/27
2604,2604,3719,ＡＩストーム(株),東証STD,158,+1,0.64,"204,000",2026/07/27
2605,2605,424A,GX ゴールドETF(H有),東証ETF,313.1,+2,0.64,"17,720",2026/07/27
2606,2606,4521,科研製薬(株),東証PRM,"3,915",+25,0.64,"143,100",2026/07/27
2607,2607,1397,SMDAM 日経225上場投信,東証ETF,"65,640",+410,0.63,"5,215",2026/07/27
2608,2608,197A,(株)タウンズ,東証STD,477,+3,0.63,"269,400",2026/07/27
2609,2609,2558,MAXIS 米国株式(S&P500)上場投信,東証ETF,"3,508",+22,0.63,"66,025",2026/07/27
2610,2610,2659,(株)サンエー,東証PRM,"3,190",+20,0.63,"143,500",2026/07/27
2611,2611,2818,(株)ピエトロ,東証STD,"1,760",+11,0.63,"1,500",2026/07/27
2612,2612,3023,ラサ商事(株),東証STD,"1,904",+12,0.63,"38,100",2026/07/27
2613,2613,3032,(株)ゴルフ・ドゥ,名証NXT,321,+2,0.63,"4,100",2026/07/27
2614,2614,316A,iFreeETF FANG+,東証ETF,"2,565",+16,0.63,"160,799",2026/07/27
2615,2615,3834,(株)朝日ネット,東証PRM,640,+4,0.63,"22,100",2026/07/27
2616,2616,3939,(株)カナミックネットワーク,東証PRM,481,+3,0.63,"113,800",2026/07/27
2617,2617,4378,(株)ＣＩＮＣ,東証GRT,479,+3,0.63,"19,400",2026/07/27
2618,2618,5446,北越メタル(株),東証STD,"1,127",+7,0.63,"1,700",2026/07/27
2619,2619,6070,キャリアリンク(株),東証PRM,"2,400",+15,0.63,"15,100",2026/07/27
2620,2620,6345,(株)アイチコーポレーション,東証PRM,"1,432",+9,0.63,"98,500",2026/07/27
2621,2621,7975,(株)リヒトラブ,東証STD,"1,110",+7,0.63,500,2026/07/27
2622,2622,8131,(株)ミツウロコグループホールディングス,東証STD,"2,077",+13,0.63,"43,900",2026/07/27
2623,2623,8704,トレイダーズホールディングス(株),東証STD,"1,280",+8,0.63,"81,700",2026/07/27
2624,2624,9723,(株)京都ホテル,東証STD,638,+4,0.63,"1,300",2026/07/27
2625,2625,1476,iシェアーズ・コア Ｊリート ETF,東証ETF,"1,942",+12,0.62,"86,676",2026/07/27
2626,2626,2014,iシェアーズ 米国連続増配株 ETF,東証ETF,326.9,+2,0.62,"242,950",2026/07/27
2627,2627,410A,ＧＭＯコマース(株),東証GRT,"1,132",+7,0.62,"9,000",2026/07/27
2628,2628,442A,クラシコ(株),東証GRT,971,+6,0.62,"3,200",2026/07/27
2629,2629,4462,石原ケミカル(株),東証PRM,"2,932",+18,0.62,"34,600",2026/07/27
2630,2630,5186,ニッタ(株),東証PRM,"6,540",+40,0.62,"57,900",2026/07/27
2631,2631,5194,相模ゴム工業(株),東証STD,650,+4,0.62,"4,700",2026/07/27
2632,2632,5966,ＫＴＣ(株),東証STD,"2,617",+16,0.62,700,2026/07/27
2633,2633,6498,(株)キッツ,東証PRM,"2,290",+14,0.62,"182,100",2026/07/27
2634,2634,6771,池上通信機(株),東証STD,651,+4,0.62,"7,000",2026/07/27
2635,2635,6824,新コスモス電機(株),東証STD,"4,850",+30,0.62,"6,400",2026/07/27
2636,2636,7646,(株)ＰＬＡＮＴ,東証STD,"1,793",+11,0.62,"3,200",2026/07/27
2637,2637,7713,シグマ光機(株),東証STD,"1,941",+12,0.62,"36,800",2026/07/27
2638,2638,8560,(株)宮崎太陽銀行,福証,"2,426",+15,0.62,"2,000",2026/07/27
2639,2639,1375,ユキグニファクトリー(株),東証PRM,"1,161",+7,0.61,"28,300",2026/07/27
2640,2640,1435,(株)ｒｏｂｏｔ　ｈｏｍｅ,東証STD,165,+1,0.61,"151,700",2026/07/27
2641,2641,1629,(NEXT FUNDS)商社･卸売上場投信,東証ETF,264.4,+1.6,0.61,"5,283,910",2026/07/27
2642,2642,1828,田辺工業(株),東証STD,"2,315",+14,0.61,"21,400",2026/07/27
2643,2643,1950,日本電設工業(株),東証PRM,"4,100",+25,0.61,"120,300",2026/07/27
2644,2644,2164,(株)地域新聞社,東証STD,166,+1,0.61,"8,300",2026/07/27
2645,2645,2305,(株)スタジオアリス,東証STD,"1,973",+12,0.61,"23,400",2026/07/27
2646,2646,2612,かどや製油(株),東証STD,"1,800",+11,0.61,"9,900",2026/07/27
2647,2647,2687,(株)シー・ヴイ・エス・ベイエリア,東証STD,494,+3,0.61,"4,600",2026/07/27
2648,2648,3802,(株)エコミック,東証STD,493,+3,0.61,"4,200",2026/07/27
2649,2649,401A,霞ヶ関ホテルリート投資法人,東証,"98,300",+600,0.61,801,2026/07/27
2650,2650,5981,東京製綱(株),東証PRM,"1,969",+12,0.61,"47,000",2026/07/27
2651,2651,6408,小倉クラッチ(株),東証STD,"4,155",+25,0.61,300,2026/07/27
2652,2652,6633,(株)ＣＧＳホールディングス,東証STD,331,+2,0.61,"3,200",2026/07/27
2653,2653,7744,ノーリツ鋼機(株),東証PRM,"1,986",+12,0.61,"412,400",2026/07/27
2654,2654,7952,(株)河合楽器製作所,東証PRM,"3,285",+20,0.61,"19,300",2026/07/27
2655,2655,8511,日本証券金融(株),東証PRM,"2,466",+15,0.61,"249,000",2026/07/27
2656,2656,9733,(株)ナガセ,東証STD,"2,300",+14,0.61,"24,400",2026/07/27
2657,2657,1321,(NEXT FUNDS)日経225連動型上場投信,東証ETF,"67,280",+400,0.6,"297,036",2026/07/27
2658,2658,2624,iFreeETF 日経225(年4回決算型),東証ETF,"6,539",+39,0.6,"48,457",2026/07/27
2659,2659,4374,(株)ＲＯＢＯＴ　ＰＡＹＭＥＮＴ,東証GRT,"2,334",+14,0.6,900,2026/07/27
2660,2660,4616,川上塗料(株),東証STD,"2,005",+12,0.6,"1,100",2026/07/27
2661,2661,4847,(株)インテリジェント　ウェイブ,東証PRM,"1,009",+6,0.6,"41,800",2026/07/27
2662,2662,5290,(株)ベルテクスコーポレーション,東証STD,"1,338",+8,0.6,"35,500",2026/07/27
2663,2663,6552,(株)ＧａｍｅＷｉｔｈ,東証STD,167,+1,0.6,"44,100",2026/07/27
2664,2664,7826,(株)フルヤ金属,東証PRM,"6,730",+40,0.6,"361,500",2026/07/27
2665,2665,9302,三井倉庫ホールディングス(株),東証PRM,"3,665",+22,0.6,"188,000",2026/07/27
2666,2666,1358,上場インデックス日経レバレッジ指数,東証ETF,"128,450",+750,0.59,"6,285",2026/07/27
2667,2667,387A,フラー(株),東証GRT,"1,017",+6,0.59,"1,500",2026/07/27
2668,2668,4245,(株)ダイキアクシス,東証STD,683,+4,0.59,"12,700",2026/07/27
2669,2669,6964,(株)サンコー,東証STD,685,+4,0.59,"1,600",2026/07/27
2670,2670,7485,岡谷鋼機(株),名証PRM,"5,140",+30,0.59,"2,200",2026/07/27
2671,2671,7804,(株)ビーアンドピー,東証STD,"2,230",+13,0.59,"3,400",2026/07/27
2672,2672,8158,ソーダニッカ(株),東証PRM,"1,190",+7,0.59,"35,000",2026/07/27
2673,2673,2569,上場インデックスファンド米国株式(NASDAQ100)H有,東証ETF,"4,161",+24,0.58,"15,154",2026/07/27
2674,2674,2845,(NEXT FUNDS) NASDAQ-100(H有)連動型上場投信,東証ETF,"3,439",+20,0.58,"8,053",2026/07/27
2675,2675,2869,iFreeETF NASDAQ100レバレッジ,東証ETF,"2,787",+16,0.58,"97,711",2026/07/27
2676,2676,3139,(株)ラクト・ジャパン,東証PRM,"3,460",+20,0.58,"16,800",2026/07/27
2677,2677,3282,コンフォリア・レジデンシャル投資法人,東証,"104,500",+600,0.58,"8,654",2026/07/27
2678,2678,3622,ネットイヤーグループ(株),東証STD,519,+3,0.58,"1,400",2026/07/27
2679,2679,3856,Ａｂａｌａｎｃｅ(株),東証STD,520,+3,0.58,"214,000",2026/07/27
2680,2680,4234,(株)サンエー化研,東証STD,695,+4,0.58,"5,300",2026/07/27
2681,2681,6013,(株)タクマ,東証PRM,"3,475",+20,0.58,"296,000",2026/07/27
2682,2682,7480,スズデン(株),東証STD,"2,448",+14,0.58,"20,200",2026/07/27
2683,2683,7640,(株)トップカルチャー,東証STD,172,+1,0.58,"10,300",2026/07/27
2684,2684,9171,栗林商船(株),東証STD,"1,732",+10,0.58,"1,000",2026/07/27
2685,2685,9823,(株)マミーマートホールディングス,東証STD,"1,046",+6,0.58,"47,600",2026/07/27
2686,2686,1968,太平電業(株),東証PRM,"2,480",+14,0.57,"153,200",2026/07/27
2687,2687,2681,(株)ゲオホールディングス,東証PRM,"2,101",+12,0.57,"101,500",2026/07/27
2688,2688,3068,(株)ＷＤＩ,東証STD,"3,010",+17,0.57,"1,700",2026/07/27
2689,2689,3131,シンデン・ハイテックス(株),東証STD,"3,535",+20,0.57,"7,600",2026/07/27
2690,2690,3168,(株)ＭＥＲＦ,東証STD,"1,240",+7,0.57,"33,100",2026/07/27
2691,2691,3772,ウェルス・マネジメント(株),東証STD,"1,053",+6,0.57,"24,600",2026/07/27
2692,2692,4932,(株)アルマード,東証STD,703,+4,0.57,"11,400",2026/07/27
2693,2693,7721,東京計器(株),東証PRM,"7,020",+40,0.57,"370,200",2026/07/27
2694,2694,1826,佐田建設(株),東証STD,"1,080",+6,0.56,"11,000",2026/07/27
2695,2695,25935,(株)伊藤園第1種優先株式,東証PRM,"1,793",+10,0.56,"20,000",2026/07/27
2696,2696,2722,(株)ＩＫホールディングス,東証STD,358,+2,0.56,"6,400",2026/07/27
2697,2697,2840,iFreeETF NASDAQ100(H無),東証ETF,"2,696",+15,0.56,"81,563",2026/07/27
2698,2698,4102,丸尾カルシウム(株),東証STD,"1,443",+8,0.56,400,2026/07/27
2699,2699,5248,(株)テクノロジーズ,東証GRT,534,+3,0.56,"44,600",2026/07/27
2700,2700,6231,木村工機(株),東証STD,"12,660",+70,0.56,"4,400",2026/07/27
2701,2701,6623,愛知電機(株),名証PRM,"8,990",+50,0.56,"2,100",2026/07/27
2702,2702,7227,アスカ(株),名証MN,"1,810",+10,0.56,500,2026/07/27
2703,2703,7596,(株)魚力,東証PRM,"2,320",+13,0.56,"4,300",2026/07/27
2704,2704,7927,ムトー精工(株),東証STD,"2,343",+13,0.56,"23,600",2026/07/27
2705,2705,9221,フルハシＥＰＯ(株),東証STD,"1,263",+7,0.56,"9,000",2026/07/27
2706,2706,1487,上場インデックスファンド米国債券(H有),東証ETF,"11,785",+65,0.55,"2,726",2026/07/27
2707,2707,183A,MAXIS 米国国債20年超上場投信(H有),東証ETF,439.7,+2.4,0.55,10,2026/07/27
2708,2708,2130,(株)メンバーズ,東証PRM,"1,093",+6,0.55,"30,000",2026/07/27
2709,2709,2892,日本食品化工(株),東証STD,"4,580",+25,0.55,"7,900",2026/07/27
2710,2710,2901,(株)ウェルディッシュ,東証STD,183,+1,0.55,"53,100",2026/07/27
2711,2711,3317,(株)フライングガーデン,東証STD,"1,465",+8,0.55,"2,600",2026/07/27
2712,2712,3384,(株)アークコア,名証NXT,737,+4,0.55,"1,100",2026/07/27
2713,2713,4008,住友精化(株),東証PRM,"1,283",+7,0.55,"153,100",2026/07/27
2714,2714,7380,(株)十六フィナンシャルグループ,東証PRM,"2,576",+14,0.55,"578,900",2026/07/27
2715,2715,7524,マルシェ(株),東証STD,183,+1,0.55,"4,800",2026/07/27
2716,2716,7695,(株)交換できるくん,東証GRT,727,+4,0.55,"8,000",2026/07/27
2717,2717,2245,(NEXT FUNDS) ブルームバーグ 独国債(7-10年)(H有),東証ETF,706.4,+3.8,0.54,"48,440",2026/07/27
2718,2718,2750,石光商事(株),東証STD,"1,302",+7,0.54,"7,300",2026/07/27
2719,2719,2928,ＲＩＺＡＰグループ(株),札幌ア,185,+1,0.54,"137,100",2026/07/27
2720,2720,2975,スター・マイカ・ホールディングス(株),東証PRM,"1,500",+8,0.54,"117,000",2026/07/27
2721,2721,3238,セントラル総合開発(株),東証STD,374,+2,0.54,"5,700",2026/07/27
2722,2722,580A,GX 銅ビジネス,東証ETF,930,+5,0.54,"6,888",2026/07/27
2723,2723,6135,(株)牧野フライス製作所,東証PRM,"14,790",+80,0.54,"194,300",2026/07/27
2724,2724,6479,ミネベアミツミ(株),東証PRM,"3,900",+21,0.54,"2,310,900",2026/07/27
2725,2725,7368,表示灯(株),東証STD,"1,685",+9,0.54,400,2026/07/27
2726,2726,7463,(株)アドヴァングループ,東証STD,935,+5,0.54,"13,100",2026/07/27
2727,2727,9065,山九(株),東証PRM,"9,280",+50,0.54,"149,500",2026/07/27
2728,2728,1320,iFreeETF 日経225(年1回決算型),東証ETF,"67,010",+350,0.53,"29,072",2026/07/27
2729,2729,142A,(株)ジンジブ,東証GRT,760,+4,0.53,"1,100",2026/07/27
2730,2730,2226,(株)湖池屋,東証STD,"4,755",+25,0.53,"2,900",2026/07/27
2731,2731,3024,クリエイト(株),東証STD,"1,130",+6,0.53,"2,500",2026/07/27
2732,2732,4112,保土谷化学工業(株),東証PRM,"2,076",+11,0.53,"33,600",2026/07/27
2733,2733,4397,(株)チームスピリット,東証GRT,379,+2,0.53,"97,900",2026/07/27
2734,2734,4415,(株)ブロードエンタープライズ,東証GRT,"1,322",+7,0.53,"2,200",2026/07/27
2735,2735,4754,(株)トスネット,東証STD,"1,516",+8,0.53,300,2026/07/27
2736,2736,6167,冨士ダイス(株),東証PRM,956,+5,0.53,"41,900",2026/07/27
2737,2737,6439,中日本鋳工(株),名証MN,379,+2,0.53,400,2026/07/27
2738,2738,7505,扶桑電通(株),東証STD,"2,270",+12,0.53,"6,100",2026/07/27
2739,2739,7520,(株)エコス,東証PRM,"2,477",+13,0.53,"15,300",2026/07/27
2740,2740,9327,(株)イー・ロジット,東証STD,189,+1,0.53,"4,700",2026/07/27
2741,2741,2244,GX US テック・トップ20,東証ETF,"3,496",+18,0.52,"104,944",2026/07/27
2742,2742,3160,(株)大光,東証STD,581,+3,0.52,"9,800",2026/07/27
2743,2743,3190,(株)ホットマン,東証STD,582,+3,0.52,"10,600",2026/07/27
2744,2744,3293,アズマハウス(株),東証STD,768,+4,0.52,"1,500",2026/07/27
2745,2745,3474,Ｇ－ＦＡＣＴＯＲＹ(株),東証GRT,580,+3,0.52,"4,000",2026/07/27
2746,2746,6042,(株)ニッキ,東証STD,"3,900",+20,0.52,100,2026/07/27
2747,2747,608A,上場インデックスファンド東証REIT高利回り30,東証ETF,"1,547",+8,0.52,"4,596",2026/07/27
2748,2748,6298,ワイエイシイホールディングス(株),東証PRM,"1,168",+6,0.52,"177,800",2026/07/27
2749,2749,7228,(株)デイトナ,東証STD,"3,870",+20,0.52,"1,900",2026/07/27
2750,2750,7504,(株)高速,東証PRM,"3,850",+20,0.52,"68,700",2026/07/27
2751,2751,7564,(株)ワークマン,東証STD,"5,840",+30,0.52,"445,100",2026/07/27
2752,2752,9436,沖縄セルラー電話(株),東証STD,"3,845",+20,0.52,"83,600",2026/07/27
2753,2753,1330,上場インデックスファンド225,東証ETF,"67,300",+340,0.51,"23,487",2026/07/27
2754,2754,4569,杏林製薬(株),東証PRM,"1,183",+6,0.51,"134,500",2026/07/27
2755,2755,5015,ビーピー・カストロール(株),東証STD,995,+5,0.51,"12,900",2026/07/27
2756,2756,5357,(株)ヨータイ,東証PRM,"1,770",+9,0.51,"41,900",2026/07/27
2757,2757,6505,東洋電機製造(株),東証STD,"2,387",+12,0.51,"45,800",2026/07/27
2758,2758,7062,(株)フレアス,東証GRT,785,+4,0.51,600,2026/07/27
2759,2759,75505,（株）ゼンショーホールディングス第1回社債型種類株式,東証PRM,"4,949",+25,0.51,600,2026/07/27
2760,2760,9244,(株)デジタリフト,東証GRT,"1,184",+6,0.51,"12,700",2026/07/27
2761,2761,178A,GX 革新的優良企業,東証ETF,"1,610",+8,0.5,"58,179",2026/07/27
2762,2762,2436,共同ピーアール(株),東証STD,598,+3,0.5,"15,500",2026/07/27
2763,2763,2669,カネ美食品(株),東証STD,"4,000",+20,0.5,"3,200",2026/07/27
2764,2764,286A,(株)ユカリア,東証GRT,800,+4,0.5,"16,500",2026/07/27
2765,2765,3104,富士紡ホールディングス(株),東証PRM,"4,000",+20,0.5,"148,200",2026/07/27
2766,2766,3140,ＢＲＵＮＯ(株),東証GRT,"1,005",+5,0.5,"15,900",2026/07/27
2767,2767,3166,ＯＣＨＩホールディングス(株),東証STD,"1,421",+7,0.5,"2,600",2026/07/27
2768,2768,4076,(株)シイエヌエス,東証GRT,"1,812",+9,0.5,"1,100",2026/07/27
2769,2769,4406,新日本理化(株),東証STD,201,+1,0.5,"46,200",2026/07/27
2770,2770,4558,(株)中京医薬品,東証STD,200,+1,0.5,"6,400",2026/07/27
2771,2771,4777,(株)ガーラ,東証STD,200,+1,0.5,"4,500",2026/07/27
2772,2772,5381,マイポックス(株),東証STD,809,+4,0.5,"166,900",2026/07/27
2773,2773,600A,ニッセイ ETF ラッセル2000,東証ETF,"2,002",+10,0.5,199,2026/07/27
2774,2774,7435,(株)ナ・デックス,東証STD,"1,202",+6,0.5,"18,700",2026/07/27
2775,2775,8098,稲畑産業(株),東証PRM,"4,050",+20,0.5,"99,600",2026/07/27
2776,2776,2445,(株)タカミヤ,東証STD,413,+2,0.49,"75,000",2026/07/27
2777,2777,4056,ニューラルグループ(株),東証GRT,206,+1,0.49,"21,100",2026/07/27
2778,2778,4410,ハリマ化成グループ(株),東証PRM,"1,021",+5,0.49,"39,600",2026/07/27
2779,2779,5184,(株)ニチリン,東証STD,"4,105",+20,0.49,"22,800",2026/07/27
2780,2780,6038,(株)イード,東証GRT,822,+4,0.49,"4,300",2026/07/27
2781,2781,6254,野村マイクロ・サイエンス(株),東証PRM,"4,140",+20,0.49,"728,000",2026/07/27
2782,2782,7060,ギークス(株),東証STD,618,+3,0.49,"13,600",2026/07/27
2783,2783,7791,ドリームベッド(株),東証STD,827,+4,0.49,"1,100",2026/07/27
2784,2784,9204,スカイマーク(株),東証GRT,410,+2,0.49,"114,800",2026/07/27
2785,2785,9312,ケイヒン(株),東証STD,"2,895",+14,0.49,"5,200",2026/07/27
2786,2786,9795,(株)ステップ,東証PRM,"2,241",+11,0.49,"13,700",2026/07/27
2787,2787,2207,(株)ｍｅｉｔｏ,東証PRM,"3,170",+15,0.48,"33,700",2026/07/27
2788,2788,2648,(NEXT FUNDS)ブルームバーグ米国国債(7-10年)(H有),東証ETF,"3,354",+16,0.48,"10,886",2026/07/27
2789,2789,3943,大石産業(株),東証STD,"1,266",+6,0.48,"1,800",2026/07/27
2790,2790,4644,イマジニア(株),東証STD,"1,055",+5,0.48,"24,400",2026/07/27
2791,2791,4827,ビジネス・ワンホールディングス(株),福岡Q,831,+4,0.48,"1,000",2026/07/27
2792,2792,4934,プレミアアンチエイジング(株),東証GRT,625,+3,0.48,"13,200",2026/07/27
2793,2793,5016,ＪＸ金属(株),東証PRM,"3,788",+18,0.48,"15,210,100",2026/07/27
2794,2794,6218,エンシュウ(株),東証STD,630,+3,0.48,"3,100",2026/07/27
2795,2795,7694,(株)いつも,東証GRT,422,+2,0.48,"5,100",2026/07/27
2796,2796,7707,プレシジョン・システム・サイエンス(株),東証GRT,211,+1,0.48,"82,700",2026/07/27
2797,2797,7997,(株)くろがね工作所,東証STD,"1,045",+5,0.48,"1,800",2026/07/27
2798,2798,8077,トルク(株),東証STD,209,+1,0.48,"8,600",2026/07/27
2799,2799,8772,(株)アサックス,東証STD,839,+4,0.48,"3,900",2026/07/27
2800,2800,9159,(株)Ｗ　ＴＯＫＹＯ,東証GRT,"1,890",+9,0.48,"2,500",2026/07/27
2801,2801,9223,(株)ＡＳＮＯＶＡ,東証GRT,420,+2,0.48,"2,900",2026/07/27
2802,2802,9535,広島ガス(株),東証PRM,422,+2,0.48,"56,900",2026/07/27
2803,2803,2208,(株)ブルボン,東証STD,"3,175",+15,0.47,"2,700",2026/07/27
2804,2804,257A,SMT ETF日本株厳選投資アクティブ,東証ETF,"3,415",+16,0.47,356,2026/07/27
2805,2805,2622,iシェアーズ 米ドル建て新興国債券(H有),東証ETF,"1,701",+8,0.47,357,2026/07/27
2806,2806,2623,iシェアーズ ユーロ建て投資適格社債(H有),東証ETF,"1,942",+9,0.47,"5,391",2026/07/27
2807,2807,2838,MAXIS 米国国債7-10年上場投信(H無),東証ETF,"9,038",+42,0.47,"6,899",2026/07/27
2808,2808,3137,(株)ファンデリー,東証STD,216,+1,0.47,"13,600",2026/07/27
2809,2809,3560,(株)ほぼ日,東証STD,"4,270",+20,0.47,"2,400",2026/07/27
2810,2810,4401,(株)ＡＤＥＫＡ,東証PRM,"4,061",+19,0.47,"314,500",2026/07/27
2811,2811,563A,GX NASDAQ100・デイリー・カバード・コール,東証ETF,"1,065",+5,0.47,"1,201,886",2026/07/27
2812,2812,6540,(株)船場,東証STD,"1,490",+7,0.47,"12,000",2026/07/27
2813,2813,7687,(株)ミクリード,東証GRT,432,+2,0.47,"5,800",2026/07/27
2814,2814,7877,永大化工(株),東証STD,"2,147",+10,0.47,900,2026/07/27
2815,2815,8053,住友商事(株),東証PRM,"1,611.5",+7.5,0.47,"7,766,000",2026/07/27
2816,2816,8358,スルガ銀行(株),東証PRM,"2,758",+13,0.47,"809,800",2026/07/27
2817,2817,9956,(株)バローホールディングス,東証PRM,"3,235",+15,0.47,"249,300",2026/07/27
2818,2818,1482,iシェアーズ・コア 米国債7-10年ETF(H有),東証ETF,"1,543",+7,0.46,"81,760",2026/07/27
2819,2819,2449,(株)プラップジャパン,東証STD,"1,084",+5,0.46,"5,500",2026/07/27
2820,2820,2647,(NEXT FUNDS)ブルームバーグ米国国債(7-10年)(H無),東証ETF,"6,053",+28,0.46,"30,074",2026/07/27
2821,2821,2843,上場インデックスファンド豪州国債(H有),東証ETF,"3,711",+17,0.46,103,2026/07/27
2822,2822,3455,ヘルスケア＆メディカル投資法人,東証,"109,900",+500,0.46,849,2026/07/27
2823,2823,6324,(株)ハーモニック・ドライブ・システムズ,東証PRM,"6,590",+30,0.46,"1,276,500",2026/07/27
2824,2824,6504,富士電機(株),東証PRM,"12,985",+60,0.46,"656,500",2026/07/27
2825,2825,7066,(株)ピアズ,東証GRT,433,+2,0.46,"6,900",2026/07/27
2826,2826,7081,コーユーレンティア(株),東証STD,"1,320",+6,0.46,"1,400",2026/07/27
2827,2827,1346,MAXIS 日経225上場投信,東証ETF,"67,200",+300,0.45,"9,155",2026/07/27
2828,2828,1486,上場インデックスファンド米国債券(H無),東証ETF,"24,335",+110,0.45,233,2026/07/27
2829,2829,2016,iFreeETF 米国国債7-10年(H有),東証ETF,"1,772",+8,0.45,"122,915",2026/07/27
2830,2830,2359,(株)コア,東証PRM,"2,012",+9,0.45,"31,100",2026/07/27
2831,2831,2519,(NEXT FUNDS)新興国債券･J.P.M･EM･プラス(H無),東証ETF,"1,232.5",+5.5,0.45,910,2026/07/27
2832,2832,4264,(株)セキュア,東証GRT,"1,567",+7,0.45,"1,900",2026/07/27
2833,2833,6614,(株)シキノハイテック,東証STD,891,+4,0.45,"2,800",2026/07/27
2834,2834,7126,グローバルスタイル(株),東証STD,"1,547",+7,0.45,"16,700",2026/07/27
2835,2835,7711,助川電気工業(株),東証STD,"4,510",+20,0.45,"70,100",2026/07/27
2836,2836,8705,日産証券グループ(株),東証STD,222,+1,0.45,"189,600",2026/07/27
2837,2837,8739,スパークス・グループ(株),東証PRM,"2,237",+10,0.45,"85,200",2026/07/27
2838,2838,1680,上場インデックスファンド海外先進国株式,東証ETF,"8,382",+37,0.44,824,2026/07/27
2839,2839,2217,モロゾフ(株),東証PRM,"1,610",+7,0.44,"28,000",2026/07/27
2840,2840,2259,iシェアーズ フランス国債7-10年(H有),東証ETF,181.2,+0.8,0.44,"143,320",2026/07/27
2841,2841,2911,旭松食品(株),東証STD,"2,266",+10,0.44,800,2026/07/27
2842,2842,3928,(株)マイネット,東証STD,228,+1,0.44,"15,400",2026/07/27
2843,2843,4220,リケンテクノス(株),東証PRM,"1,831",+8,0.44,"63,300",2026/07/27
2844,2844,4242,(株)タカギセイコー,東証STD,"1,836",+8,0.44,"1,500",2026/07/27
2845,2845,4634,ａｒｔｉｅｎｃｅ(株),東証PRM,"4,555",+20,0.44,"116,100",2026/07/27
2846,2846,6286,靜甲(株),東証STD,"1,383",+6,0.44,"9,400",2026/07/27
2847,2847,7702,(株)ＪＭＳ,東証STD,458,+2,0.44,"27,300",2026/07/27
2848,2848,9713,(株)ロイヤルホテル,東証STD,904,+4,0.44,"10,500",2026/07/27
2849,2849,9812,(株)テーオーホールディングス,東証STD,230,+1,0.44,"1,500",2026/07/27
2850,2850,1496,iシェアーズ 米ドル建て投資適格社債ETF(H有),東証ETF,"1,637",+7,0.43,"14,394",2026/07/27
2851,2851,2138,クルーズ(株),東証STD,464,+2,0.43,"16,000",2026/07/27
2852,2852,3931,(株)バリューゴルフ,東証GRT,"1,879",+8,0.43,"5,400",2026/07/27
2853,2853,3969,(株)エイトレッド,東証STD,"1,402",+6,0.43,"1,800",2026/07/27
2854,2854,4390,(株)アイ・ピー・エス,東証PRM,"3,485",+15,0.43,"52,100",2026/07/27
2855,2855,467A,GX 米ドル建て投資適格社債(H有),東証ETF,280,+1.2,0.43,70,2026/07/27
2856,2856,8097,三愛オブリ(株),東証PRM,"2,331",+10,0.43,"113,400",2026/07/27
2857,2857,8104,クワザワホールディングス(株),東証STD,701,+3,0.43,"27,500",2026/07/27
2858,2858,9872,北恵(株),東証STD,933,+4,0.43,"5,100",2026/07/27
2859,2859,2874,ヨコレイ,東証PRM,"2,161",+9,0.42,"134,500",2026/07/27
2860,2860,3465,ケイアイスター不動産(株),東証PRM,"3,590",+15,0.42,"122,500",2026/07/27
2861,2861,3776,(株)ブロードバンドタワー,東証STD,237,+1,0.42,"624,200",2026/07/27
2862,2862,3935,(株)エディア,東証STD,719,+3,0.42,"28,300",2026/07/27
2863,2863,4430,東海ソフト(株),東証STD,"1,660",+7,0.42,"8,900",2026/07/27
2864,2864,5332,ＴＯＴＯ(株),東証PRM,"7,453",+31,0.42,"1,097,100",2026/07/27
2865,2865,5967,ＴＯＮＥ(株),東証STD,473,+2,0.42,"10,600",2026/07/27
2866,2866,6538,(株)ディスラプターズ,東証STD,239,+1,0.42,"2,000",2026/07/27
2867,2867,6998,日本タングステン(株),東証STD,"1,908",+8,0.42,"13,600",2026/07/27
2868,2868,7271,(株)安永,東証STD,967,+4,0.42,"28,500",2026/07/27
2869,2869,7820,ニホンフラッシュ(株),東証PRM,724,+3,0.42,"84,500",2026/07/27
2870,2870,8012,長瀬産業(株),東証PRM,"1,200",+5,0.42,"530,000",2026/07/27
2871,2871,2862,上場インデックスファンドフランス国債(H有),東証ETF,"3,916",+16,0.41,10,2026/07/27
2872,2872,2876,(株)デルソーレ,東証STD,485,+2,0.41,"3,600",2026/07/27
2873,2873,3075,(株)銚子丸,東証STD,"1,712",+7,0.41,"8,800",2026/07/27
2874,2874,3645,(株)メディカルネット,東証GRT,243,+1,0.41,"6,700",2026/07/27
2875,2875,4538,扶桑薬品工業(株),東証PRM,"2,212",+9,0.41,"17,500",2026/07/27
2876,2876,4712,(株)ＫｅｙＨｏｌｄｅｒ,東証STD,735,+3,0.41,"13,700",2026/07/27
2877,2877,4720,(株)城南進学研究社,東証STD,242,+1,0.41,"1,800",2026/07/27
2878,2878,4929,(株)アジュバンホールディングス,東証STD,740,+3,0.41,"3,900",2026/07/27
2879,2879,5129,(株)ＦＩＸＥＲ,東証GRT,243,+1,0.41,"21,200",2026/07/27
2880,2880,5632,三菱製鋼(株),東証PRM,"2,186",+9,0.41,"46,900",2026/07/27
2881,2881,6572,オープングループ(株),東証PRM,242,+1,0.41,"296,300",2026/07/27
2882,2882,6806,ヒロセ電機(株),東証PRM,"28,455",+115,0.41,"247,800",2026/07/27
2883,2883,8151,(株)東陽テクニカ,東証PRM,"1,981",+8,0.41,"103,800",2026/07/27
2884,2884,9791,(株)ビケンテクノ,東証STD,"1,226",+5,0.41,500,2026/07/27
2885,2885,1847,(株)イチケン,東証STD,"2,770",+11,0.4,"16,400",2026/07/27
2886,2886,2349,(株)エヌアイデイ,東証STD,"2,522",+10,0.4,"15,400",2026/07/27
2887,2887,3920,アイビーシー(株),東証STD,999,+4,0.4,"2,300",2026/07/27
2888,2888,6082,(株)ライドオンエクスプレスホールディングス,東証STD,996,+4,0.4,"8,900",2026/07/27
2889,2889,9708,(株)帝国ホテル,東証STD,998,+4,0.4,"151,600",2026/07/27
2890,2890,1904,大成温調(株),東証STD,"5,160",+20,0.39,"10,200",2026/07/27
2891,2891,1967,(株)ヤマト,東証STD,"2,041",+8,0.39,"20,200",2026/07/27
2892,2892,2865,GX NASDAQ100・カバード・コール,東証ETF,"1,278",+5,0.39,"145,166",2026/07/27
2893,2893,2989,東海道リート投資法人,東証,"103,300",+400,0.39,"1,195",2026/07/27
2894,2894,3080,(株)ジェーソン,東証STD,775,+3,0.39,"2,700",2026/07/27
2895,2895,523A,(株)セイワホールディングス,東証GRT,"1,551",+6,0.39,"60,700",2026/07/27
2896,2896,6370,栗田工業(株),東証PRM,"8,978",+35,0.39,"342,500",2026/07/27
2897,2897,7265,エイケン工業(株),東証STD,"3,860",+15,0.39,700,2026/07/27
2898,2898,7481,尾家産業(株),東証STD,"2,555",+10,0.39,"1,100",2026/07/27
2899,2899,9402,中部日本放送(株),名証PRM,"1,295",+5,0.39,"4,500",2026/07/27
2900,2900,9513,Ｊ－ＰＯＷＥＲ,東証PRM,"3,849",+15,0.39,"723,500",2026/07/27
2901,2901,1656,iシェアーズ･コア 米国債7-10年 ETF,東証ETF,319.3,+1.2,0.38,"139,610",2026/07/27
2902,2902,181A,MAXIS 米国国債1-3年上場投信(H無),東証ETF,549.1,+2.1,0.38,10,2026/07/27
2903,2903,2902,太陽化学(株),名証MN,"2,630",+10,0.38,"1,000",2026/07/27
2904,2904,3488,セントラル・リート投資法人,東証,"105,100",+400,0.38,705,2026/07/27
2905,2905,3491,(株)ＧＡ　ｔｅｃｈｎｏｌｏｇｉｅｓ,東証GRT,"1,323",+5,0.38,"108,700",2026/07/27
2906,2906,3690,(株)イルグルム,東証STD,534,+2,0.38,"3,800",2026/07/27
2907,2907,5542,新報国マテリアル(株),東証STD,800,+3,0.38,"9,600",2026/07/27
2908,2908,573A,iシェアーズ 日本国債20年超,東証ETF,495.9,+1.9,0.38,"7,640",2026/07/27
2909,2909,6894,パルステック工業(株),東証STD,"2,123",+8,0.38,700,2026/07/27
2910,2910,7226,極東開発工業(株),東証PRM,"2,365",+9,0.38,"180,600",2026/07/27
2911,2911,8190,(株)ヤマナカ,名証MN,522,+2,0.38,"3,100",2026/07/27
2912,2912,3423,(株)エスイー,東証STD,268,+1,0.37,"5,400",2026/07/27
2913,2913,3683,(株)サイバーリンクス,東証STD,"1,074",+4,0.37,"13,900",2026/07/27
2914,2914,4524,森下仁丹(株),東証STD,"2,197",+8,0.37,"1,200",2026/07/27
2915,2915,4650,ＳＤエンターテイメント(株),東証STD,269,+1,0.37,"3,200",2026/07/27
2916,2916,492A,One ETF 日本国債 高クーポン(平均残存10年未満),東証ETF,972.6,+3.6,0.37,290,2026/07/27
2917,2917,7087,(株)ウイルテック,東証STD,"1,355",+5,0.37,"1,200",2026/07/27
2918,2918,7682,(株)浜木綿,東証STD,"4,095",+15,0.37,"3,000",2026/07/27
2919,2919,7980,(株)重松製作所,東証STD,815,+3,0.37,"7,300",2026/07/27
2920,2920,8616,東海東京フィナンシャル・ホールディングス(株),東証PRM,815,+3,0.37,"740,300",2026/07/27
2921,2921,8945,サンネクスタグループ(株),東証STD,"1,092",+4,0.37,"4,800",2026/07/27
2922,2922,1438,(株)岐阜造園,東証STD,"1,938",+7,0.36,600,2026/07/27
2923,2923,2034,NEXT NOTES 韓国KOSPI･ベアETN,東証ETF,"1,978",+7,0.36,"47,536",2026/07/27
2924,2924,242A,(株)リプライオリティ,福岡Q,558,+2,0.36,100,2026/07/27
2925,2925,392A,iシェアーズ NASDAQ トップ 30,東証ETF,276.9,+1,0.36,"47,600",2026/07/27
2926,2926,4750,(株)ダイサン,東証STD,564,+2,0.36,"9,800",2026/07/27
2927,2927,5858,(株)ＳＴＧ,東証GRT,"1,390",+5,0.36,800,2026/07/27
2928,2928,7038,フロンティア・マネジメント(株),東証PRM,565,+2,0.36,"18,900",2026/07/27
2929,2929,7894,丸東産業(株),福証,"2,208",+8,0.36,400,2026/07/27
2930,2930,8081,(株)カナデン,東証PRM,"2,530",+9,0.36,"32,000",2026/07/27
2931,2931,9388,(株)パパネッツ,福岡Q,"1,680",+6,0.36,"1,500",2026/07/27
2932,2932,1679,Simple-X NYダウ･ジョーンズ上場投信,東証ETF,"68,310",+240,0.35,10,2026/07/27
2933,2933,2256,iシェアーズ 米国総合債券,東証ETF,227.2,+0.8,0.35,"24,980",2026/07/27
2934,2934,2649,iシェアーズ 米国政府系機関ジニーメイMBS(H有),東証ETF,578,+2,0.35,80,2026/07/27
2935,2935,4623,(株)アサヒペン,東証STD,"1,725",+6,0.35,"1,300",2026/07/27
2936,2936,4925,(株)ハーバー研究所,東証STD,"1,742",+6,0.35,"1,500",2026/07/27
2937,2937,587A,インベスコ QQQ トラスト シリーズ1,東証ETF,"113,600",+400,0.35,571,2026/07/27
2938,2938,6560,(株)エル・ティー・エス,東証PRM,"1,744",+6,0.35,"4,100",2026/07/27
2939,2939,8613,丸三証券(株),東証PRM,"1,140",+4,0.35,"179,100",2026/07/27
2940,2940,9242,メディア総研(株),東証GRT,"2,027",+7,0.35,"2,100",2026/07/27
2941,2941,1545,(NEXT FUNDS)NASDAQ-100(H無)連動型上場投信,東証ETF,235.9,+0.8,0.34,"4,899,570",2026/07/27
2942,2942,2868,GX S&P500・カバード・コール,東証ETF,"1,166",+4,0.34,"29,192",2026/07/27
2943,2943,3195,(株)ジェネレーションパス,東証STD,592,+2,0.34,"27,100",2026/07/27
2944,2944,6503,三菱電機(株),東証PRM,"5,669",+19,0.34,"5,310,700",2026/07/27
2945,2945,7180,(株)九州フィナンシャルグループ,東証PRM,"1,610",+5.5,0.34,"1,243,900",2026/07/27
2946,2946,7399,(株)ナンシン,東証STD,597,+2,0.34,600,2026/07/27
2947,2947,7514,(株)ヒマラヤ,東証STD,873,+3,0.34,"4,100",2026/07/27
2948,2948,8604,野村ホールディングス(株),東証PRM,"1,605.5",+5.5,0.34,"9,076,500",2026/07/27
2949,2949,3269,アドバンス・レジデンス投資法人,東証,"151,100",+500,0.33,"22,467",2026/07/27
2950,2950,4572,カルナバイオサイエンス(株),東証GRT,303,+1,0.33,"156,400",2026/07/27
2951,2951,491A,iシェアーズ S&P500 除く金融 ETF(H有),東証ETF,539.8,+1.8,0.33,20,2026/07/27
2952,2952,5607,中央可鍛工業(株),名証MN,616,+2,0.33,"24,600",2026/07/27
2953,2953,6508,(株)明電舎,東証PRM,"9,050",+30,0.33,"189,900",2026/07/27
2954,2954,6982,(株)リード,東証STD,616,+2,0.33,700,2026/07/27
2955,2955,7604,(株)梅の花グループ,東証STD,899,+3,0.33,"7,200",2026/07/27
2956,2956,7872,エステールホールディングス(株),東証STD,608,+2,0.33,"8,700",2026/07/27
2957,2957,8065,佐藤商事(株),東証PRM,"3,040",+10,0.33,"17,900",2026/07/27
2958,2958,9563,Ａｔｌａｓ　Ｔｅｃｈｎｏｌｏｇｉｅｓ(株),東証GRT,300,+1,0.33,"3,300",2026/07/27
2959,2959,9687,(株)ＫＳＫ,東証STD,"4,625",+15,0.33,"5,100",2026/07/27
2960,2960,9849,(株)共同紙販ホールディングス,東証STD,"4,510",+15,0.33,800,2026/07/27
2961,2961,2015,iFreeETF 米国国債7-10年(H無),東証ETF,"2,211",+7,0.32,"28,012",2026/07/27
2962,2962,2216,カンロ(株),東証STD,"1,236",+4,0.32,"69,100",2026/07/27
2963,2963,2303,(株)ドーン,東証STD,"1,242",+4,0.32,"11,000",2026/07/27
2964,2964,2304,(株)ＣＳＳホールディングス,東証STD,935,+3,0.32,"3,100",2026/07/27
2965,2965,2424,(株)ブラス,東証STD,630,+2,0.32,"12,700",2026/07/27
2966,2966,2493,イーサポートリンク(株),東証STD,943,+3,0.32,"3,300",2026/07/27
2967,2967,3066,(株)ＪＢイレブン,名証MN,620,+2,0.32,"5,000",2026/07/27
2968,2968,3082,(株)きちりホールディングス,東証STD,946,+3,0.32,"11,200",2026/07/27
2969,2969,3175,(株)エー・ピーホールディングス,東証STD,941,+3,0.32,"5,900",2026/07/27
2970,2970,340A,(株)ジグザグ,東証GRT,309,+1,0.32,"13,200",2026/07/27
2971,2971,3998,(株)すららネット,東証GRT,309,+1,0.32,800,2026/07/27
2972,2972,4240,クラスターテクノロジー(株),東証STD,315,+1,0.32,"2,700",2026/07/27
2973,2973,4516,日本新薬(株),東証PRM,"4,079",+13,0.32,"276,700",2026/07/27
2974,2974,5616,(株)雨風太陽,東証GRT,625,+2,0.32,"1,000",2026/07/27
2975,2975,5868,(株)ロココ,東証STD,954,+3,0.32,"1,300",2026/07/27
2976,2976,6382,トリニティ工業(株),東証STD,"1,239",+4,0.32,"21,600",2026/07/27
2977,2977,6965,浜松ホトニクス(株),東証PRM,"2,367.5",+7.5,0.32,"2,102,500",2026/07/27
2978,2978,7057,(株)エヌ・シー・エヌ,東証STD,940,+3,0.32,300,2026/07/27
2979,2979,8230,(株)はせがわ,東証STD,316,+1,0.32,"10,400",2026/07/27
2980,2980,9986,蔵王産業(株),東証STD,"2,500",+8,0.32,"3,300",2026/07/27
2981,2981,2853,iシェアーズ 気候リスク調整世界国債(除く日本・H有),東証ETF,613.9,+1.9,0.31,"60,020",2026/07/27
2982,2982,3454,ファーストブラザーズ(株),東証STD,"1,274",+4,0.31,"1,500",2026/07/27
2983,2983,3839,(株)ＯＤＫソリューションズ,東証STD,640,+2,0.31,"3,300",2026/07/27
2984,2984,473A,ニッセイ ETF 日経225インデックス,東証ETF,"1,304",+4,0.31,"3,151",2026/07/27
2985,2985,6594,ニデック(株),東証PRM,"2,557",+8,0.31,"4,294,100",2026/07/27
2986,2986,7058,共栄セキュリティーサービス(株),東証STD,"3,195",+10,0.31,"2,500",2026/07/27
2987,2987,9249,日本エコシステム(株),東証STD,"1,635",+5,0.31,"1,200",2026/07/27
2988,2988,1380,(株)秋川牧園,東証STD,"1,001",+3,0.3,"1,500",2026/07/27
2989,2989,1495,上場インデックスファンドアジアリート,東証ETF,"11,665",+35,0.3,72,2026/07/27
2990,2990,2090,NZAM 上場投信 米国国債7-10年(H有),東証ETF,"4,317",+13,0.3,221,2026/07/27
2991,2991,2332,(株)クエスト,東証STD,"1,697",+5,0.3,"13,000",2026/07/27
2992,2992,4365,松本油脂製薬(株),東証STD,"19,740",+60,0.3,900,2026/07/27
2993,2993,6063,日本エマージェンシーアシスタンス(株),東証STD,995,+3,0.3,"4,200",2026/07/27
2994,2994,6467,(株)ニチダイ,東証STD,330,+1,0.3,700,2026/07/27
2995,2995,7042,(株)アクセスグループ・ホールディングス,東証STD,676,+2,0.3,"1,000",2026/07/27
2996,2996,9885,(株)シャルレ,東証STD,334,+1,0.3,"3,200",2026/07/27
2997,2997,2013,iシェアーズ 米国高配当株 ETF,東証ETF,316.5,+0.9,0.29,"764,440",2026/07/27
2998,2998,2253,GX スーパーディビィデンド-US,東証ETF,"1,395",+4,0.29,"28,708",2026/07/27
2999,2999,2454,(株)オールアバウト,東証STD,346,+1,0.29,"6,700",2026/07/27
3000,3000,2856,iシェアーズ 米国債3-7年 ETF(H有),東証ETF,647.6,+1.9,0.29,"20,980",2026/07/27
3001,3001,6183,(株)ベルシステム２４ホールディングス,東証PRM,"1,371",+4,0.29,"293,200",2026/07/27
3002,3002,7849,スターツ出版(株),東証STD,"3,410",+10,0.29,700,2026/07/27
3003,3003,1621,(NEXT FUNDS)医薬品上場投信,東証ETF,"30,080",+85,0.28,"1,573",2026/07/27
3004,3004,1810,松井建設(株),東証STD,"1,456",+4,0.28,"22,100",2026/07/27
3005,3005,245A,(株)ＩＮＧＳ,東証GRT,"2,490",+7,0.28,700,2026/07/27
3006,3006,2551,マルサンアイ(株),名証MN,"3,565",+10,0.28,700,2026/07/27
3007,3007,2653,イオン九州(株),東証STD,"2,848",+8,0.28,"9,600",2026/07/27
3008,3008,268A,リガク・ホールディングス(株),東証PRM,"2,140",+6,0.28,"2,337,300",2026/07/27
3009,3009,2993,(株)長栄,東証STD,"2,148",+6,0.28,"2,500",2026/07/27
3010,3010,3524,日東製網(株),東証STD,"1,449",+4,0.28,"3,000",2026/07/27
3011,3011,4272,日本化薬(株),東証PRM,"1,987.5",+5.5,0.28,"619,800",2026/07/27
3012,3012,7083,ＡＨＣグループ(株),東証GRT,"1,075",+3,0.28,"3,100",2026/07/27
3013,3013,7419,(株)ノジマ,東証PRM,"1,443",+4,0.28,"582,300",2026/07/27
3014,3014,7422,東邦レマック(株),東証STD,364,+1,0.28,"6,000",2026/07/27
3015,3015,7735,(株)ＳＣＲＥＥＮホールディングス,東証PRM,"15,895",+45,0.28,"2,458,300",2026/07/27
3016,3016,9236,ジャパンＭ＆Ａソリューション(株),東証GRT,"1,083",+3,0.28,"4,500",2026/07/27
3017,3017,9253,スローガン(株),東証GRT,717,+2,0.28,"1,600",2026/07/27
3018,3018,1909,日本ドライケミカル(株),東証STD,"3,700",+10,0.27,"33,300",2026/07/27
3019,3019,2091,NZAM 上場投信 ドイツ国債7-10年(H有),東証ETF,"4,515",+12,0.27,1,2026/07/27
3020,3020,2631,MAXIS ナスダック100上場投信,東証ETF,"33,340",+90,0.27,"7,944",2026/07/27
3021,3021,2857,iシェアーズ ドイツ国債 ETF(H有),東証ETF,625.8,+1.7,0.27,"113,480",2026/07/27
3022,3022,3159,丸善ＣＨＩホールディングス(株),東証STD,367,+1,0.27,"390,100",2026/07/27
3023,3023,3723,日本ファルコム(株),東証GRT,"2,634",+7,0.27,"8,300",2026/07/27
3024,3024,3726,(株)フォーシーズＨＤ,東証STD,367,+1,0.27,"6,300",2026/07/27
3025,3025,496A,One ETF 日本国債 17-20年,東証ETF,945.5,+2.5,0.27,"1,960",2026/07/27
3026,3026,4996,クミアイ化学工業(株),東証PRM,734,+2,0.27,"375,100",2026/07/27
3027,3027,5020,ＥＮＥＯＳホールディングス(株),東証PRM,"1,323.5",+3.5,0.27,"5,950,400",2026/07/27
3028,3028,5576,(株)オービーシステム,東証STD,"2,923",+8,0.27,"2,700",2026/07/27
3029,3029,564A,GX S&P先進国キャッシュフロー・トップ100,東証ETF,"1,098",+3,0.27,66,2026/07/27
3030,3030,5658,日亜鋼業(株),東証STD,371,+1,0.27,"10,000",2026/07/27
3031,3031,5992,中央発條(株),東証STD,"3,760",+10,0.27,"51,100",2026/07/27
3032,3032,6089,(株)ウィルグループ,東証PRM,"1,100",+3,0.27,"29,300",2026/07/27
3033,3033,6392,(株)ヤマダコーポレーション,東証STD,"7,490",+20,0.27,900,2026/07/27
3034,3034,6862,ミナトホールディングス(株),東証STD,"1,851",+5,0.27,"112,000",2026/07/27
3035,3035,7555,(株)大田花き,東証STD,742,+2,0.27,300,2026/07/27
3036,3036,7698,(株)アイスコ,東証STD,"2,612",+7,0.27,"1,800",2026/07/27
3037,3037,8898,(株)センチュリー２１・ジャパン,東証STD,"1,130",+3,0.27,"4,100",2026/07/27
3038,3038,1624,(NEXT FUNDS)機械上場投信,東証ETF,"87,560",+230,0.26,115,2026/07/27
3039,3039,2751,(株)テンポスホールディングス,東証STD,"3,860",+10,0.26,"7,900",2026/07/27
3040,3040,4691,ワシントンホテル(株),東証STD,"2,286",+6,0.26,"40,100",2026/07/27
3041,3041,5187,クリエートメディック(株),東証STD,"1,149",+3,0.26,"9,900",2026/07/27
3042,3042,5386,(株)鶴弥,名証MN,381,+1,0.26,"2,600",2026/07/27
3043,3043,5644,(株)メタルアート,東証STD,"7,720",+20,0.26,"18,100",2026/07/27
3044,3044,6171,(株)土木管理総合試験所,東証STD,379,+1,0.26,"46,500",2026/07/27
3045,3045,6185,ＳＭＮ(株),東証STD,390,+1,0.26,"11,800",2026/07/27
3046,3046,6882,(株)三社電機製作所,東証STD,"1,138",+3,0.26,"132,900",2026/07/27
3047,3047,7870,福島印刷(株),名証MN,391,+1,0.26,"3,700",2026/07/27
3048,3048,8260,(株)井筒屋,東証STD,383,+1,0.26,"19,300",2026/07/27
3049,3049,9273,コーア商事ホールディングス(株),東証PRM,779,+2,0.26,"38,100",2026/07/27
3050,3050,2373,(株)ケア２１,東証STD,404,+1,0.25,"7,600",2026/07/27
3051,3051,2511,(NEXT FUNDS)外国債券・FTSE世界国債(除く日本・H無),東証ETF,"1,207",+3,0.25,"7,130",2026/07/27
3052,3052,2654,(株)アスモ,東証STD,401,+1,0.25,"5,600",2026/07/27
3053,3053,3261,(株)グランディーズ,東証GRT,399,+1,0.25,"5,800",2026/07/27
3054,3054,4346,(株)ＮＥＸＹＺ．Ｇｒｏｕｐ,東証STD,800,+2,0.25,"50,100",2026/07/27
3055,3055,5991,ニッパツ,東証PRM,"3,668",+9,0.25,"529,200",2026/07/27
3056,3056,6294,オカダアイヨン(株),東証PRM,"2,010",+5,0.25,"22,800",2026/07/27
3057,3057,6325,(株)タカキタ,東証STD,405,+1,0.25,"5,700",2026/07/27
3058,3058,7224,新明和工業(株),東証PRM,"2,019",+5,0.25,"130,600",2026/07/27
3059,3059,9533,東邦ガス(株),東証PRM,"1,215",+3,0.25,"1,239,400",2026/07/27
3060,3060,1563,東証グロース･コア,東証ETF,"2,128",+5,0.24,"10,785",2026/07/27
3061,3061,4043,(株)トクヤマ,東証PRM,"4,556",+11,0.24,"575,600",2026/07/27
3062,3062,4095,日本パーカライジング(株),東証PRM,"1,684",+4,0.24,"163,600",2026/07/27
3063,3063,4238,ミライアル(株),東証STD,"1,688",+4,0.24,"121,400",2026/07/27
3064,3064,4441,トビラシステムズ(株),東証STD,"1,650",+4,0.24,"28,900",2026/07/27
3065,3065,468A,GX 米ドル建て投資適格社債,東証ETF,291.9,+0.7,0.24,920,2026/07/27
3066,3066,5572,(株)Ｒｉｄｇｅ－ｉ,東証GRT,"2,515",+6,0.24,"8,900",2026/07/27
3067,3067,5869,(株)早稲田学習研究会,東証STD,"1,231",+3,0.24,"3,700",2026/07/27
3068,3068,7219,(株)エッチ・ケー・エス,東証STD,"2,526",+6,0.24,900,2026/07/27
3069,3069,7256,河西工業(株),東証STD,412,+1,0.24,"70,000",2026/07/27
3070,3070,8144,(株)デンキョーグループホールディングス,東証STD,"1,278",+3,0.24,"5,500",2026/07/27
3071,3071,8708,アイザワ証券グループ(株),東証PRM,"1,653",+4,0.24,"143,600",2026/07/27
3072,3072,9636,(株)きんえい,東証STD,"4,260",+10,0.24,"1,000",2026/07/27
3073,3073,2937,(株)サンクゼール,東証GRT,"1,719",+4,0.23,"3,300",2026/07/27
3074,3074,3440,日創グループ(株),東証STD,886,+2,0.23,"13,000",2026/07/27
3075,3075,386A,(株)みのや,東証STD,"1,284",+3,0.23,"2,100",2026/07/27
3076,3076,4248,竹本容器(株),東証STD,863,+2,0.23,"12,500",2026/07/27
3077,3077,447A,ステート・ストリート・スパイダー ゴールド ETF(H無),東証ETF,267.1,+0.6,0.23,"31,920",2026/07/27
3078,3078,5284,ヤマウホールディングス(株),東証STD,"2,217",+5,0.23,"6,000",2026/07/27
3079,3079,6848,東亜ディーケーケー(株),東証STD,854,+2,0.23,"5,500",2026/07/27
3080,3080,9753,アイエックス・ナレッジ(株),東証STD,"1,291",+3,0.23,"9,900",2026/07/27
3081,3081,2257,iシェアーズ 米ドル建て投資適格社債,東証ETF,228.1,+0.5,0.22,"11,290",2026/07/27
3082,3082,2371,(株)カカクコム,東証PRM,"3,681",+8,0.22,"386,300",2026/07/27
3083,3083,3551,ダイニック(株),東証STD,"1,394",+3,0.22,"8,300",2026/07/27
3084,3084,547A,ムニノバホールディングス(株),東証PRM,451,+1,0.22,"1,317,400",2026/07/27
3085,3085,8035,東京エレクトロン(株),東証PRM,"62,800",+140,0.22,"2,720,800",2026/07/27
3086,3086,9903,(株)カンセキ,東証STD,894,+2,0.22,"2,200",2026/07/27
3087,3087,1771,日本乾溜工業(株),福証,945,+2,0.21,400,2026/07/27
3088,3088,2072,トップシェアインデックス(ネットリターン)ETN,東証ETF,"21,495",+45,0.21,1,2026/07/27
3089,3089,382A,iFreeETF 米国国債3-5年(H有),東証ETF,"1,910",+4,0.21,20,2026/07/27
3090,3090,3933,チエル(株),東証STD,481,+1,0.21,"8,800",2026/07/27
3091,3091,4673,川崎地質(株),東証STD,"4,790",+10,0.21,"5,700",2026/07/27
3092,3092,5232,住友大阪セメント(株),東証PRM,"5,704",+12,0.21,"223,500",2026/07/27
3093,3093,5609,日本鋳造(株),東証STD,962,+2,0.21,"1,900",2026/07/27
3094,3094,6526,(株)ソシオネクスト,東証PRM,"2,397.5",+5,0.21,"6,039,300",2026/07/27
3095,3095,6819,伊豆シャボテンリゾート(株),東証STD,480,+1,0.21,"2,400",2026/07/27
3096,3096,6927,ヘリオス　テクノ　ホールディング(株),東証STD,951,+2,0.21,"53,800",2026/07/27
3097,3097,8537,(株)大光銀行,東証STD,"2,895",+6,0.21,"32,300",2026/07/27
3098,3098,9761,東海リース(株),東証STD,"2,348",+5,0.21,"1,800",2026/07/27
3099,3099,1677,上場インデックスファンド海外債券毎月分配,東証ETF,"61,280",+120,0.2,170,2026/07/27
3100,3100,1693,WisdomTree 銅上場投信,東証ETF,"8,925",+18,0.2,"3,210",2026/07/27
3101,3101,1844,(株)大盛工業,東証STD,500,+1,0.2,"54,700",2026/07/27
3102,3102,2300,(株)きょくとう,東証STD,504,+1,0.2,"3,000",2026/07/27
3103,3103,2329,(株)東北新社,東証STD,500,+1,0.2,"53,600",2026/07/27
3104,3104,2340,(株)極楽湯ホールディングス,東証STD,500,+1,0.2,"30,800",2026/07/27
3105,3105,5990,(株)スーパーツール,東証STD,"1,990",+4,0.2,400,2026/07/27
3106,3106,6111,旭精機工業(株),名証MN,"2,019",+4,0.2,"1,000",2026/07/27
3107,3107,9846,(株)天満屋ストア,東証STD,"1,002",+2,0.2,"1,100",2026/07/27
3108,3108,1560,(NEXT FUNDS)マレーシアKLCI連動型上場投信,東証ETF,"6,787",+13,0.19,43,2026/07/27
3109,3109,228A,(株)オプロ,東証GRT,"1,621",+3,0.19,"2,100",2026/07/27
3110,3110,2780,(株)コメ兵ホールディングス,東証STD,"5,200",+10,0.19,"22,500",2026/07/27
3111,3111,6643,(株)戸上電機製作所,東証STD,"5,240",+10,0.19,"4,800",2026/07/27
3112,3112,7614,(株)オーエムツーネットワーク,東証STD,"1,555",+3,0.19,"4,400",2026/07/27
3113,3113,8095,アステナホールディングス(株),東証PRM,517,+1,0.19,"83,900",2026/07/27
3114,3114,8996,(株)ハウスフリーダム,東証STD,"1,037",+2,0.19,700,2026/07/27
3115,3115,2009,鳥越製粉(株),東証STD,"1,088",+2,0.18,"18,300",2026/07/27
3116,3116,3816,(株)大和コンピューター,東証STD,"1,127",+2,0.18,600,2026/07/27
3117,3117,3945,スーパーバッグ(株),東証STD,"2,240",+4,0.18,600,2026/07/27
3118,3118,3958,笹徳印刷(株),東証STD,547,+1,0.18,"5,900",2026/07/27
3119,3119,4528,小野薬品工業(株),東証PRM,"2,439.5",+4.5,0.18,"1,568,600",2026/07/27
3120,3120,5021,コスモエネルギーホールディングス(株),東証PRM,"3,976",+7,0.18,"560,500",2026/07/27
3121,3121,6245,(株)ヒラノテクシード,東証STD,"1,629",+3,0.18,"73,800",2026/07/27
3122,3122,6654,不二電機工業(株),東証STD,"1,111",+2,0.18,"29,100",2026/07/27
3123,3123,6822,大井電気(株),東証STD,"5,510",+10,0.18,"3,100",2026/07/27
3124,3124,8031,三井物産(株),東証PRM,"4,975",+9,0.18,"5,529,400",2026/07/27
3125,3125,8228,(株)マルイチ産商,名証MN,"1,120",+2,0.18,"2,600",2026/07/27
3126,3126,9502,中部電力(株),東証PRM,"3,005",+5.5,0.18,"4,447,900",2026/07/27
3127,3127,1777,川崎設備工業(株),名証MN,"2,323",+4,0.17,"8,000",2026/07/27
3128,3128,2798,(株)ワイズテーブルコーポレーション,東証STD,"3,030",+5,0.17,"1,500",2026/07/27
3129,3129,3297,(株)東武住販,東証STD,"1,169",+2,0.17,"2,100",2026/07/27
3130,3130,3948,光ビジネスフォーム(株),東証STD,"1,147",+2,0.17,700,2026/07/27
3131,3131,4222,児玉化学工業(株),東証STD,593,+1,0.17,"178,500",2026/07/27
3132,3132,6142,富士精工(株),名証MN,"1,763",+3,0.17,"1,100",2026/07/27
3133,3133,7377,ＤＮホールディングス(株),東証STD,"1,751",+3,0.17,"2,600",2026/07/27
3134,3134,9656,グリーンランドリゾート(株),東証STD,604,+1,0.17,"5,400",2026/07/27
3135,3135,9679,ホウライ(株),東証STD,"2,389",+4,0.17,200,2026/07/27
3136,3136,9993,(株)ヤマザワ,東証STD,"1,179",+2,0.17,"2,600",2026/07/27
3137,3137,1620,(NEXT FUNDS)素材･化学上場投信,東証ETF,"37,560",+60,0.16,"1,126",2026/07/27
3138,3138,2114,フジ日本(株),東証STD,640,+1,0.16,"16,500",2026/07/27
3139,3139,2644,GX 半導体関連-日本株式,東証ETF,"4,259",+7,0.16,"1,133,517",2026/07/27
3140,3140,4216,旭有機材(株),東証PRM,"6,400",+10,0.16,"61,900",2026/07/27
3141,3141,5821,平河ヒューテック(株),東証PRM,"3,075",+5,0.16,"89,400",2026/07/27
3142,3142,5942,日本フイルコン(株),東証STD,640,+1,0.16,"33,800",2026/07/27
3143,3143,6694,(株)ズーム,東証STD,638,+1,0.16,"3,100",2026/07/27
3144,3144,6918,(株)アバールデータ,東証STD,"3,180",+5,0.16,"21,100",2026/07/27
3145,3145,6958,日本ＣＭＫ(株),東証PRM,637,+1,0.16,"475,200",2026/07/27
3146,3146,7314,(株)小田原機器,東証STD,"1,250",+2,0.16,"1,100",2026/07/27
3147,3147,7510,(株)たけびし,東証PRM,"2,460",+4,0.16,"22,500",2026/07/27
3148,3148,7811,中本パックス(株),東証STD,"1,912",+3,0.16,"13,500",2026/07/27
3149,3149,7818,(株)トランザクション,東証PRM,"1,219",+2,0.16,"188,400",2026/07/27
3150,3150,7833,(株)アイフィスジャパン,東証STD,641,+1,0.16,"3,400",2026/07/27
3151,3151,2561,iシェアーズ・コア 日本国債 ETF,東証ETF,"1,996",+3,0.15,"2,151",2026/07/27
3152,3152,3246,(株)コーセーアールイー,東証STD,659,+1,0.15,"5,100",2026/07/27
3153,3153,3900,(株)クラウドワークス,東証GRT,686,+1,0.15,"75,400",2026/07/27
3154,3154,6235,(株)オプトラン,東証PRM,"3,245",+5,0.15,"338,600",2026/07/27
3155,3155,6331,三菱化工機(株),東証PRM,"3,400",+5,0.15,"165,900",2026/07/27
3156,3156,8844,(株)コスモスイニシア,東証STD,"1,338",+2,0.15,"74,900",2026/07/27
3157,3157,9647,(株)協和コンサルタンツ,東証STD,"6,500",+10,0.15,300,2026/07/27
3158,3158,3571,(株)ソトー,東証STD,711,+1,0.14,"1,100",2026/07/27
3159,3159,3695,ＧＭＯプロダクトプラットフォーム(株),東証GRT,"1,452",+2,0.14,"2,500",2026/07/27
3160,3160,4040,南海化学(株),東証STD,"3,500",+5,0.14,"3,400",2026/07/27
3161,3161,4409,東邦化学工業(株),東証STD,736,+1,0.14,"2,300",2026/07/27
3162,3162,4464,(株)ソフト９９コーポレーション,東証STD,"3,565",+5,0.14,800,2026/07/27
3163,3163,5697,(株)サンユウ,東証STD,736,+1,0.14,"4,300",2026/07/27
3164,3164,6315,ＴＯＷＡ(株),東証PRM,"2,858",+4,0.14,"3,301,800",2026/07/27
3165,3165,7370,(株)Ｅｎｊｉｎ,東証GRT,713,+1,0.14,"2,600",2026/07/27
3166,3166,9362,兵機海運(株),東証STD,"3,505",+5,0.14,200,2026/07/27
3167,3167,9412,スカパーＪＳＡＴ(株),東証PRM,"2,216",+3,0.14,"1,373,600",2026/07/27
3168,3168,9640,(株)セゾンテクノロジー,東証STD,"2,077",+3,0.14,"4,300",2026/07/27
3169,3169,149A,(株)シンカ,東証GRT,761,+1,0.13,"12,900",2026/07/27
3170,3170,4705,(株)クリップコーポレーション,東証STD,777,+1,0.13,"1,600",2026/07/27
3171,3171,4886,あすか製薬ホールディングス(株),東証PRM,"2,233",+3,0.13,"53,900",2026/07/27
3172,3172,7185,ヒロセ通商(株),東証STD,"3,900",+5,0.13,"4,700",2026/07/27
3173,3173,7715,長野計器(株),東証PRM,"3,840",+5,0.13,"66,500",2026/07/27
3174,3174,8595,ジャフコ　グループ(株),東証PRM,"2,273.5",+3,0.13,"460,000",2026/07/27
3175,3175,8596,(株)九州リースサービス,東証STD,"1,510",+2,0.13,"20,800",2026/07/27
3176,3176,1999,サイタホールディングス(株),福証,"4,015",+5,0.12,100,2026/07/27
3177,3177,2268,Ｂ－Ｒ　サーティワン　アイスクリーム(株),東証STD,"4,090",+5,0.12,"5,800",2026/07/27
3178,3178,248A,(株)キッズスター,東証GRT,819,+1,0.12,200,2026/07/27
3179,3179,2510,(NEXT FUNDS)国内債券・NOMURA-BPI総合,東証ETF,807.9,+1,0.12,"2,760",2026/07/27
3180,3180,3030,(株)ハブ,東証STD,828,+1,0.12,"16,400",2026/07/27
3181,3181,3096,(株)オーシャンシステム,東証STD,"1,642",+2,0.12,"3,300",2026/07/27
3182,3182,5121,藤倉コンポジット(株),東証PRM,"2,487",+3,0.12,"71,700",2026/07/27
3183,3183,6561,(株)ＨＡＮＡＴＯＵＲ　ＪＡＰＡＮ,東証GRT,820,+1,0.12,"9,300",2026/07/27
3184,3184,7043,アルー(株),東証GRT,868,+1,0.12,"6,700",2026/07/27
3185,3185,7643,(株)ダイイチ,東証STD,"1,704",+2,0.12,"4,800",2026/07/27
3186,3186,9046,神戸電鉄(株),東証STD,"2,507",+3,0.12,"6,100",2026/07/27
3187,3187,9701,(株)東京會舘,東証STD,"4,230",+5,0.12,800,2026/07/27
3188,3188,3223,(株)エスエルディー,東証STD,919,+1,0.11,300,2026/07/27
3189,3189,3469,(株)デュアルタップ,東証STD,910,+1,0.11,"4,600",2026/07/27
3190,3190,3991,ウォンテッドリー(株),東証GRT,916,+1,0.11,"2,200",2026/07/27
3191,3191,6742,(株)京三製作所,東証PRM,911,+1,0.11,"237,200",2026/07/27
3192,3192,7749,メディキット(株),東証STD,"2,803",+3,0.11,"1,200",2026/07/27
3193,3193,9285,東京インフラ・エネルギー投資法人,東証,"44,400",+50,0.11,465,2026/07/27
3194,3194,9286,エネクス・インフラ投資法人,東証,"47,600",+50,0.11,"3,318",2026/07/27
3195,3195,9319,(株)中央倉庫,東証PRM,"1,864",+2,0.11,"23,100",2026/07/27
3196,3196,2836,GX フィンテック-日本株式,東証ETF,"3,113",+3,0.1,569,2026/07/27
3197,3197,2883,(株)大冷,東証STD,"1,998",+2,0.1,"2,000",2026/07/27
3198,3198,3641,(株)パピレス,東証STD,956,+1,0.1,"3,400",2026/07/27
3199,3199,443A,iFreeETF 東証REIT指数(2・5・8・11月決算型),東証ETF,"1,948",+2,0.1,"38,724",2026/07/27
3200,3200,572A,iシェアーズ 日本国債3-7年,東証ETF,502.4,+0.5,0.1,30,2026/07/27
3201,3201,605A,(NEXT FUNDS) 日本株政策フォーカス上場投信,東証ETF,197.2,+0.2,0.1,"86,420",2026/07/27
3202,3202,6157,日進工具(株),東証STD,955,+1,0.1,"39,700",2026/07/27
3203,3203,7077,(株)ＡＬｉＮＫインターネット,東証GRT,"1,009",+1,0.1,"1,800",2026/07/27
3204,3204,9213,(株)セイファート,東証STD,"1,050",+1,0.1,"2,200",2026/07/27
3205,3205,9959,アシードホールディングス(株),東証STD,"1,046",+1,0.1,"6,900",2026/07/27
3206,3206,3135,(株)マーケットエンタープライズ,東証STD,"1,061",+1,0.09,"5,800",2026/07/27
3207,3207,3172,ティーライフ(株),東証STD,"1,153",+1,0.09,"16,900",2026/07/27
3208,3208,570A,iシェアーズ 日本国債0-1年,東証ETF,901.6,+0.8,0.09,710,2026/07/27
3209,3209,7490,日新商事(株),東証STD,"2,190",+2,0.09,"2,100",2026/07/27
3210,3210,9625,(株)セレスポ,東証STD,"1,083",+1,0.09,"1,400",2026/07/27
3211,3211,1758,太洋基礎工業(株),東証STD,"2,408",+2,0.08,"1,100",2026/07/27
3212,3212,2180,(株)サニーサイドアップグループ,東証STD,"1,308",+1,0.08,"2,100",2026/07/27
3213,3213,3434,(株)アルファ,東証STD,"1,224",+1,0.08,"13,400",2026/07/27
3214,3214,4926,(株)シーボン,東証STD,"1,233",+1,0.08,800,2026/07/27
3215,3215,6752,パナソニック　ホールディングス(株),東証PRM,"3,886",+3,0.08,"6,117,600",2026/07/27
3216,3216,7046,ＴＤＳＥ(株),東証GRT,"1,281",+1,0.08,100,2026/07/27
3217,3217,9428,(株)クロップス,東証STD,"1,321",+1,0.08,900,2026/07/27
3218,3218,9941,太洋物産(株),東証STD,"1,312",+1,0.08,"22,900",2026/07/27
3219,3219,2816,(株)ダイショー,東証STD,"1,412",+1,0.07,"3,200",2026/07/27
3220,3220,294A,(NEXT FUNDS) MSCIジャパン気候変動指数(セレクト),東証ETF,"2,930",+2,0.07,1,2026/07/27
3221,3221,6203,豊和工業(株),東証STD,"1,435",+1,0.07,"170,700",2026/07/27
3222,3222,7082,(株)ジモティー,東証GRT,"1,405",+1,0.07,"23,500",2026/07/27
3223,3223,9076,セイノーホールディングス(株),東証PRM,"2,707.5",+2,0.07,"238,300",2026/07/27
3224,3224,9241,(株)フューチャーリンクネットワーク,東証GRT,"1,426",+1,0.07,"1,100",2026/07/27
3225,3225,9339,(株)コーチ・エィ,東証STD,"1,350",+1,0.07,300,2026/07/27
3226,3226,1566,上場インデックスファンド新興国債券,東証ETF,"54,160",+30,0.06,157,2026/07/27
3227,3227,3276,(株)ＪＰＭＣ,東証PRM,"1,795",+1,0.06,"94,900",2026/07/27
3228,3228,7827,(株)オービス,東証STD,"1,625",+1,0.06,900,2026/07/27
3229,3229,163A,半導体フォーカス日本株(ネットリターン)ETN,東証ETF,"20,125",+10,0.05,"6,870",2026/07/27
3230,3230,2689,オルバヘルスケアホールディングス(株),東証STD,"1,926",+1,0.05,"1,700",2026/07/27
3231,3231,2806,ユタカフーズ(株),東証STD,"1,890",+1,0.05,"1,100",2026/07/27
3232,3232,3419,アートグリーン(株),名証NXT,"1,983",+1,0.05,400,2026/07/27
3233,3233,8421,信金中央金庫,東証,"185,700",+100,0.05,213,2026/07/27
3234,3234,94345,ソフトバンク(株)第1回社債型種類株式,東証PRM,"3,797",+2,0.05,"2,500",2026/07/27
3235,3235,2520,(NEXT FUNDS)新興国株式･MSCI EM･(H無),東証ETF,"2,340",+1,0.04,"6,005",2026/07/27
3236,3236,381A,iFreeETF 米国国債3-5年(H無),東証ETF,"2,263",+1,0.04,"44,891",2026/07/27
3237,3237,515A,iシェアーズ 高格付け日本円社債 ETF,東証ETF,502.5,+0.2,0.04,"2,410",2026/07/27
3238,3238,6577,(株)ベストワンドットコム,東証GRT,"2,345",+1,0.04,"5,400",2026/07/27
3239,3239,2530,MAXIS HuaAn中国株式(上海180A株)上場投信,東証ETF,"17,970",+5,0.03,7,2026/07/27
3240,3240,488A,iシェアーズ 円高フォーカス ETF,東証ETF,748.4,+0.2,0.03,"33,100",2026/07/27
3241,3241,7097,(株)さくらさくプラス,東証GRT,"2,996",+1,0.03,"10,600",2026/07/27
3242,3242,502A,GX 超短期円建て債券,東証ETF,900.5,+0.2,0.02,"11,180",2026/07/27
3243,3243,50765,インフロニア・ホールディングス（株）第1回社債型種類株式,東証PRM,"4,631",+1,0.02,"4,600",2026/07/27
3244,3244,6268,ナブテスコ(株),東証PRM,"4,908",+1,0.02,"1,722,200",2026/07/27
