順位(全市場),順位,コード,銘柄名,市場,現在値,前日比,騰落率(%),出来高,時刻
1,1,4935,(株)リベルタ,東証STD,139,-50,-26.46,"87,900",2026/09/16
2,2,3260,(株)エスポア,名証NXT,391,-80,-16.99,400,2026/09/16
3,3,7709,クボテック(株),東証STD,54,-11,-16.92,"838,200",2026/09/16
4,4,3441,(株)山王,東証STD,"1,890",-305,-13.9,"844,000",2026/09/16
5,5,6203,豊和工業(株),東証STD,"2,135",-341,-13.77,"5,930,400",2026/09/16
6,6,485A,(株)パワーエックス,東証GRT,"2,085",-315,-13.13,"16,812,900",2026/09/16
7,7,4316,(株)ビーマップ,東証GRT,77,-11,-12.5,"341,800",2026/09/16
8,8,4052,フィーチャ(株),東証GRT,832,-116,-12.24,"1,579,600",2026/09/16
9,9,3664,(株)ＷＩＺＥ,東証GRT,22,-3,-12.0,"34,877,300",2026/09/16
10,10,3189,(株)ＡＮＡＰホールディングス,東証STD,99,-11,-10.0,"470,000",2026/09/16
11,11,1447,ＳＡＡＦホールディングス(株),東証GRT,309,-34,-9.91,"236,100",2026/09/16
12,12,8995,(株)誠建設工業,東証STD,"1,720",-180,-9.47,"129,500",2026/09/16
13,13,2338,クオンタムソリューションズ(株),東証STD,106,-11,-9.4,"167,400",2026/09/16
14,14,3444,(株)菊池製作所,東証STD,"1,101",-114,-9.38,"841,100",2026/09/16
15,15,5031,モイ(株),東証GRT,388,-40,-9.35,"1,882,200",2026/09/16
16,16,377A,(株)エージェントＩＧホールディングス,名証MN,"1,088",-111,-9.26,900,2026/09/16
17,17,4588,オンコリスバイオファーマ(株),東証GRT,"5,800",-590,-9.23,"4,264,200",2026/09/16
18,18,278A,Ｔｅｒｒａ　Ｄｒｏｎｅ(株),東証GRT,"17,270","-1,710",-9.01,"1,080,000",2026/09/16
19,19,4446,Ｌｉｎｋ－Ｕグループ(株),東証STD,695,-65,-8.55,"242,800",2026/09/16
20,20,325A,(株)ＴＥＮＴＩＡＬ,東証GRT,"1,814",-166,-8.38,"611,500",2026/09/16
21,21,581A,ＧＯ(株),東証GRT,"3,145",-285,-8.31,"7,923,400",2026/09/16
22,22,4196,(株)ネオマーケティング,東証STD,"1,972",-168,-7.85,"28,500",2026/09/16
23,23,4833,(株)Ｄｅｆ　ｃｏｎｓｕｌｔｉｎｇ,東証GRT,49,-4,-7.55,"2,881,200",2026/09/16
24,24,3195,(株)ジェネレーションパス,東証STD,460,-37,-7.44,"358,800",2026/09/16
25,25,7138,(株)ＴＯＲＩＣＯ,東証GRT,134,-10,-6.94,"793,200",2026/09/16
26,26,442A,クラシコ(株),東証GRT,798,-58,-6.78,"16,700",2026/09/16
27,27,7602,(株)レダックス,東証STD,183,-13,-6.63,"194,400",2026/09/16
28,28,141A,(株)トライアルホールディングス,東証GRT,"3,700",-260,-6.57,"901,800",2026/09/16
29,29,9414,日本ＢＳ放送(株),東証STD,983,-67,-6.38,"676,700",2026/09/16
30,30,3350,(株)メタプラネット,東証STD,235,-16,-6.37,"17,809,800",2026/09/16
31,31,4385,(株)メルカリ,東証PRM,"3,621",-246,-6.36,"3,991,800",2026/09/16
32,32,7806,(株)ＭＴＧ,東証GRT,"7,480",-480,-6.03,"234,800",2026/09/16
33,33,4274,細谷火工(株),東証STD,"1,162",-74,-5.99,"438,600",2026/09/16
34,34,4381,ビープラッツ(株),東証GRT,221,-14,-5.96,"187,000",2026/09/16
35,35,8783,ａｂｃ(株),東証STD,48,-3,-5.88,"1,434,900",2026/09/16
36,36,3856,Ａｂａｌａｎｃｅ(株),東証STD,244,-15,-5.79,"187,800",2026/09/16
37,37,3653,(株)モルフォ,東証GRT,"1,080",-63,-5.51,"265,200",2026/09/16
38,38,4582,シンバイオ製薬(株),東証GRT,53,-3,-5.36,"1,046,900",2026/09/16
39,39,2134,北浜キャピタルパートナーズ(株),東証STD,18,-1,-5.26,"4,724,900",2026/09/16
40,40,7719,(株)東京衡機,東証STD,504,-28,-5.26,"356,900",2026/09/16
41,41,6977,(株)日本抵抗器製作所,東証STD,"1,318",-72,-5.18,"2,200",2026/09/16
42,42,593A,(株)ティアフォー,東証GRT,"1,940",-105,-5.13,"6,410,300",2026/09/16
43,43,3133,(株)海帆,東証GRT,57,-3,-5.0,"642,300",2026/09/16
44,44,4594,ブライトパス・バイオ(株),東証GRT,57,-3,-5.0,"2,597,600",2026/09/16
45,45,9279,(株)ギフトホールディングス,東証PRM,"2,014",-106,-5.0,"490,300",2026/09/16
46,46,5216,(株)倉元製作所,東証STD,136,-7,-4.9,"339,800",2026/09/16
47,47,2961,日本調理機(株),東証STD,"1,493",-76,-4.84,200,2026/09/16
48,48,153A,(株)カウリス,東証GRT,"1,578",-80,-4.83,"88,500",2026/09/16
49,49,338A,(株)ＺｅｎｍｕＴｅｃｈ,東証GRT,"2,951",-149,-4.81,"738,200",2026/09/16
50,50,7035,ａｎｄ　ｆａｃｔｏｒｙ(株),東証STD,218,-11,-4.8,"165,700",2026/09/16
51,51,6208,(株)石川製作所,東証STD,"1,761",-86,-4.66,"556,600",2026/09/16
52,52,7581,(株)サイゼリヤ,東証PRM,"6,390",-310,-4.63,"494,100",2026/09/16
53,53,2315,(株)ＣＡＩＣＡ　ＤＩＧＩＴＡＬ,東証STD,62,-3,-4.62,"6,049,200",2026/09/16
54,54,4578,大塚ホールディングス(株),東証PRM,"10,905",-520,-4.55,"1,912,700",2026/09/16
55,55,9166,(株)ＧＥＮＤＡ,東証GRT,655,-31,-4.52,"2,056,100",2026/09/16
56,56,4890,(株)坪田ラボ,東証GRT,256,-12,-4.48,"59,300",2026/09/16
57,57,4344,ソースネクスト(株),東証PRM,107,-5,-4.46,"3,049,900",2026/09/16
58,58,9425,ＲｅＹｕｕ　Ｊａｐａｎ(株),東証STD,236,-11,-4.45,"1,076,200",2026/09/16
59,59,3047,(株)ＴＲＵＣＫ－ＯＮＥ,福岡Q,861,-40,-4.44,"2,800",2026/09/16
60,60,4564,オンコセラピー・サイエンス(株),東証GRT,22,-1,-4.35,"180,740,600",2026/09/16
61,61,194A,(株)ＷＯＬＶＥＳ　ＨＡＮＤ,東証GRT,"1,655",-74,-4.28,"341,700",2026/09/16
62,62,4629,大伸化学(株),東証STD,"2,496",-111,-4.26,"7,100",2026/09/16
63,63,3926,(株)オープンドア,東証STD,456,-20,-4.2,"30,200",2026/09/16
64,64,4478,フリー(株),東証GRT,"3,765",-165,-4.2,"443,800",2026/09/16
65,65,5979,カネソウ(株),名証MN,"5,700",-250,-4.2,200,2026/09/16
66,66,4260,(株)ハイブリッドテクノロジーズ,東証GRT,206,-9,-4.19,"262,400",2026/09/16
67,67,9556,ＩＮＴＬＯＯＰ(株),東証GRT,"2,154",-94,-4.18,"74,000",2026/09/16
68,68,3905,データセクション(株),東証GRT,"1,446",-63,-4.17,"1,856,600",2026/09/16
69,69,3020,アプライド(株),東証STD,"4,635",-200,-4.14,"5,200",2026/09/16
70,70,143A,イシン(株),東証GRT,700,-30,-4.11,"1,200",2026/09/16
71,71,4506,住友ファーマ(株),東証PRM,"1,517.5",-65,-4.11,"4,286,200",2026/09/16
72,72,6072,地盤ネットホールディングス(株),東証STD,"1,049",-45,-4.11,"621,900",2026/09/16
73,73,2321,(株)ソフトフロントホールディングス,東証GRT,144,-6,-4.0,"318,100",2026/09/16
74,74,7521,(株)ムサシ,東証STD,"2,687",-112,-4.0,"1,600",2026/09/16
75,75,2424,(株)ブラス,東証STD,631,-26,-3.96,"9,900",2026/09/16
76,76,336A,ダイナミックマッププラットフォーム(株),東証GRT,"1,263",-52,-3.95,"1,737,700",2026/09/16
77,77,3914,ＪＩＧ－ＳＡＷ(株),東証GRT,"2,555",-105,-3.95,"13,300",2026/09/16
78,78,6736,サン電子(株),東証STD,"9,730",-400,-3.95,"49,000",2026/09/16
79,79,6336,(株)石井表記,東証STD,"1,348",-55,-3.92,"233,800",2026/09/16
80,80,2585,(株)ライフドリンクカンパニー,東証PRM,"1,332",-53,-3.83,"482,800",2026/09/16
81,81,558A,(株)ＳＱＵＥＥＺＥ,東証GRT,"5,530",-220,-3.83,"18,400",2026/09/16
82,82,9444,(株)トーシンホールディングス,東証STD,252,-10,-3.82,"14,500",2026/09/16
83,83,4011,(株)ヘッドウォータース,東証GRT,"2,245",-88,-3.77,"52,400",2026/09/16
84,84,2484,(株)出前館,東証STD,154,-6,-3.75,"560,700",2026/09/16
85,85,3192,(株)白鳩,東証STD,257,-10,-3.75,"28,100",2026/09/16
86,86,7694,(株)いつも,東証GRT,565,-22,-3.75,"10,500",2026/09/16
87,87,4392,ＦＩＧ(株),東証PRM,945,-36,-3.67,"786,400",2026/09/16
88,88,462A,(株)ＦＵＮＤＩＮＮＯ,東証GRT,264,-10,-3.65,"465,700",2026/09/16
89,89,9982,タキヒヨー(株),東証STD,"2,603",-97,-3.59,"4,100",2026/09/16
90,90,6573,ＣＲＡＶＩＡ(株),東証GRT,27,-1,-3.57,"632,600",2026/09/16
91,91,4174,(株)アピリッツ,東証STD,"1,040",-38,-3.53,"1,572,900",2026/09/16
92,92,6177,ＡｐｐＢａｎｋ(株),東証GRT,82,-3,-3.53,"143,500",2026/09/16
93,93,2072,トップシェアインデックス(ネットリターン)ETN,東証ETF,"21,580",-780,-3.49,2,2026/09/16
94,94,6081,アライドアーキテクツ(株),東証GRT,139,-5,-3.47,"329,900",2026/09/16
95,95,3672,(株)オルトプラス,東証STD,28,-1,-3.45,"99,600",2026/09/16
96,96,421A,(株)ムービン・ストラテジック・キャリア,東証GRT,"3,680",-130,-3.41,"32,700",2026/09/16
97,97,7649,スギホールディングス(株),東証PRM,"1,245",-44,-3.41,"2,329,700",2026/09/16
98,98,3903,(株)ｇｕｍｉ,東証PRM,199,-7,-3.4,"1,347,800",2026/09/16
99,99,340A,(株)ジグザグ,東証GRT,314,-11,-3.38,"12,400",2026/09/16
100,100,5254,(株)Ａｒｅｎｔ,東証GRT,"4,080",-140,-3.32,"10,600",2026/09/16
101,101,2480,システム・ロケーション(株),東証STD,"1,838",-62,-3.26,"5,400",2026/09/16
102,102,4395,(株)アクリート,東証GRT,563,-19,-3.26,"88,200",2026/09/16
103,103,4440,(株)ヴィッツ,東証STD,"2,114",-71,-3.25,"765,200",2026/09/16
104,104,5838,楽天銀行(株),東証PRM,"6,177",-206,-3.23,"936,800",2026/09/16
105,105,4346,(株)ＮＥＸＹＺ．Ｇｒｏｕｐ,東証STD,"1,021",-34,-3.22,"125,700",2026/09/16
106,106,552A,MAXIS 米国AIインフラ株上場投信,東証ETF,"2,264",-75,-3.21,"3,579",2026/09/16
107,107,4592,サンバイオ(株),東証GRT,877,-29,-3.2,"1,543,800",2026/09/16
108,108,4179,(株)ジーネクスト,東証GRT,334,-11,-3.19,"96,600",2026/09/16
109,109,3686,(株)ディー・エル・イー,東証STD,61,-2,-3.17,"148,100",2026/09/16
110,110,7550,(株)ゼンショーホールディングス,東証PRM,"10,980",-360,-3.17,"619,600",2026/09/16
111,111,9235,売れるネット広告社グループ(株),東証GRT,398,-13,-3.16,"44,700",2026/09/16
112,112,3804,(株)システム　ディ,東証STD,431,-14,-3.15,"15,400",2026/09/16
113,113,7047,ポート(株),東証GRT,"2,105",-68,-3.13,"249,200",2026/09/16
114,114,3779,ジェイ・エスコム　ホールディングス(株),東証STD,125,-4,-3.1,"121,300",2026/09/16
115,115,4565,ネクセラファーマ(株),東証PRM,"1,195",-38,-3.08,"806,700",2026/09/16
116,116,9843,(株)ニトリホールディングス,東証PRM,"3,080",-98,-3.08,"3,872,000",2026/09/16
117,117,504A,イノバセル(株),東証GRT,540,-17,-3.05,"101,100",2026/09/16
118,118,2388,(株)ウェッジホールディングス,東証GRT,32,-1,-3.03,"147,400",2026/09/16
119,119,2776,新都ホールディングス(株),東証STD,96,-3,-3.03,"487,500",2026/09/16
120,120,4584,キッズウェル・バイオ(株),東証GRT,160,-5,-3.03,"462,600",2026/09/16
121,121,1436,(株)グリーンエナジー＆カンパニー,東証GRT,"1,704",-53,-3.02,"42,100",2026/09/16
122,122,9220,エフビー介護サービス(株),東証STD,"1,260",-39,-3.0,"11,400",2026/09/16
123,123,3391,(株)ツルハホールディングス,東証PRM,"2,209",-68,-2.99,"1,471,600",2026/09/16
124,124,4596,窪田製薬ホールディングス(株),東証GRT,65,-2,-2.99,"964,800",2026/09/16
125,125,1686,WisdomTree 産業用金属上場投信,東証ETF,"3,002",-92,-2.97,20,2026/09/16
126,126,4419,(株)Ｆｉｎａｔｅｘｔホールディングス,東証GRT,"1,373",-42,-2.97,"216,800",2026/09/16
127,127,264A,(株)Ｓｃｈｏｏ,東証GRT,328,-10,-2.96,"65,500",2026/09/16
128,128,580A,GX 銅ビジネス,東証ETF,959,-29,-2.94,"17,086",2026/09/16
129,129,7603,ジーイエット(株),東証STD,33,-1,-2.94,"216,300",2026/09/16
130,130,4058,トヨクモ(株),東証GRT,"2,296",-69,-2.92,"17,100",2026/09/16
131,131,137A,Ｃｏｃｏｌｉｖｅ(株),東証GRT,701,-21,-2.91,"3,800",2026/09/16
132,132,330A,(株)ＴａｌｅｎｔＸ,東証GRT,534,-16,-2.91,"13,900",2026/09/16
133,133,6838,(株)多摩川ホールディングス,東証STD,"1,335",-40,-2.91,"296,600",2026/09/16
134,134,4576,(株)デ・ウエスタン・セラピテクス研究所,東証GRT,67,-2,-2.9,"757,000",2026/09/16
135,135,4393,(株)バンク・オブ・イノベーション,東証GRT,"5,710",-170,-2.89,"57,900",2026/09/16
136,136,9812,(株)テーオーホールディングス,東証STD,235,-7,-2.89,"17,200",2026/09/16
137,137,2976,日本グランデ(株),札幌ア,677,-20,-2.87,100,2026/09/16
138,138,9766,コナミグループ(株),東証PRM,"20,675",-610,-2.87,"416,900",2026/09/16
139,139,5075,アップコン(株),名証NXT,992,-29,-2.84,"2,000",2026/09/16
140,140,7318,セレンディップ・ホールディングス(株),東証GRT,"1,306",-38,-2.83,"73,000",2026/09/16
141,141,7685,(株)ＢｕｙＳｅｌｌ　Ｔｅｃｈｎｏｌｏｇｉｅｓ,東証GRT,"2,850",-83,-2.83,"456,300",2026/09/16
142,142,6772,東京コスモス電機(株),東証STD,"1,000",-29,-2.82,"7,300",2026/09/16
143,143,4394,(株)エクスモーション,東証GRT,660,-19,-2.8,"23,200",2026/09/16
144,144,4563,アンジェス(株),東証GRT,35,-1,-2.78,"1,038,300",2026/09/16
145,145,5572,(株)Ｒｉｄｇｅ－ｉ,東証GRT,"2,777",-79,-2.77,"53,600",2026/09/16
146,146,5575,(株)Ｇｌｏｂｅｅ,東証GRT,"1,125",-32,-2.77,"6,300",2026/09/16
147,147,7501,(株)ティムコ,東証STD,"1,410",-40,-2.76,400,2026/09/16
148,148,526A,JPXスタートアップ急成長100ETF,東証ETF,"2,275",-64,-2.74,718,2026/09/16
149,149,6522,(株)アスタリスク,東証GRT,"1,386",-39,-2.74,"448,100",2026/09/16
150,150,3038,(株)神戸物産,東証PRM,"3,080",-86,-2.72,"1,820,800",2026/09/16
151,151,2042,NEXT NOTES 東証グロース市場250 ETN,東証ETF,"7,976",-221,-2.7,446,2026/09/16
152,152,3542,(株)ベガコーポレーション,東証GRT,"1,486",-41,-2.69,"8,500",2026/09/16
153,153,415A,ＧＭＯ　ＴＥＣＨホールディングス(株),東証GRT,"5,430",-150,-2.69,"1,200",2026/09/16
154,154,2516,東証グロース250ETF,東証ETF,610.7,-16.7,-2.66,"278,330",2026/09/16
155,155,7776,(株)セルシード,東証GRT,220,-6,-2.65,"88,200",2026/09/16
156,156,520A,ジェイファーマ(株),東証GRT,405,-11,-2.64,"234,100",2026/09/16
157,157,3277,(株)サンセイランディック,東証STD,814,-22,-2.63,"24,200",2026/09/16
158,158,8946,(株)ＡＳＩＡＮ　ＳＴＡＲ,東証STD,74,-2,-2.63,"125,400",2026/09/16
159,159,9698,(株)クレオ,東証STD,"1,266",-34,-2.62,"1,700",2026/09/16
160,160,7810,(株)クロスフォー,東証STD,150,-4,-2.6,"208,100",2026/09/16
161,161,2778,パレモ・ホールディングス(株),東証STD,113,-3,-2.59,"152,200",2026/09/16
162,162,6193,バーチャレクス・ホールディングス(株),東証GRT,"1,168",-31,-2.59,"6,600",2026/09/16
163,163,4755,楽天グループ(株),東証PRM,714.7,-18.9,-2.58,"13,189,000",2026/09/16
164,164,3652,(株)ディジタルメディアプロフェッショナル,東証GRT,"2,464",-65,-2.57,"28,400",2026/09/16
165,165,4488,ＡＩ　ｉｎｓｉｄｅ(株),東証GRT,"2,085",-55,-2.57,"4,200",2026/09/16
166,166,7906,ヨネックス(株),東証STD,"2,309",-61,-2.57,"432,000",2026/09/16
167,167,7578,(株)ニチリョク,東証STD,76,-2,-2.56,"527,700",2026/09/16
168,168,4479,(株)マクアケ,東証GRT,957,-25,-2.55,"14,500",2026/09/16
169,169,6034,ＭＲＴ(株),東証GRT,573,-15,-2.55,"8,700",2026/09/16
170,170,4014,(株)カラダノート,東証GRT,460,-12,-2.54,"68,600",2026/09/16
171,171,4429,リックソフト(株),東証GRT,729,-19,-2.54,"2,800",2026/09/16
172,172,2656,(株)ベクターホールディングス,東証STD,154,-4,-2.53,"113,000",2026/09/16
173,173,277A,グロービング(株),東証PRM,"1,812",-47,-2.53,"91,000",2026/09/16
174,174,4591,(株)リボミック,東証GRT,77,-2,-2.53,"560,600",2026/09/16
175,175,9760,(株)進学会ホールディングス,東証STD,116,-3,-2.52,"108,800",2026/09/16
176,176,4170,(株)Ｋａｉｚｅｎ　Ｐｌａｔｆｏｒｍ,東証GRT,117,-3,-2.5,"415,700",2026/09/16
177,177,6836,ぷらっとホーム(株),東証STD,820,-21,-2.5,"5,000",2026/09/16
178,178,7936,(株)アシックス,東証PRM,"4,013",-102,-2.48,"4,311,800",2026/09/16
179,179,7048,ベルトラ(株),東証GRT,158,-4,-2.47,"190,900",2026/09/16
180,180,3994,(株)マネーフォワード,東証PRM,"5,985",-151,-2.46,"368,900",2026/09/16
181,181,7265,エイケン工業(株),東証STD,"3,565",-90,-2.46,"1,500",2026/09/16
182,182,9603,(株)エイチ・アイ・エス,東証PRM,"1,135",-28,-2.41,"348,600",2026/09/16
183,183,4499,(株)Ｓｐｅｅｅ,東証STD,"2,195",-54,-2.4,"97,400",2026/09/16
184,184,9417,(株)スマートバリュー,東証STD,326,-8,-2.4,"5,800",2026/09/16
185,185,1694,WisdomTree ニッケル上場投信,東証ETF,"2,123",-52,-2.39,720,2026/09/16
186,186,5867,(株)エスネットワークス,東証GRT,"1,269",-31,-2.38,"3,600",2026/09/16
187,187,8136,(株)サンリオ,東証PRM,"1,191",-29,-2.38,"19,644,100",2026/09/16
188,188,2034,NEXT NOTES 韓国KOSPI･ベアETN,東証ETF,"1,922",-46,-2.34,"5,169",2026/09/16
189,189,4264,(株)セキュア,東証GRT,"1,416",-34,-2.34,"19,900",2026/09/16
190,190,5619,マーソ(株),東証GRT,834,-20,-2.34,800,2026/09/16
191,191,2836,GX フィンテック-日本株式,東証ETF,"3,285",-77,-2.29,20,2026/09/16
192,192,8301,日本銀行,東証,"21,300",-500,-2.29,200,2026/09/16
193,193,8624,いちよし証券(株),東証PRM,"1,672",-39,-2.28,"233,100",2026/09/16
194,194,5255,(株)モンスターラボ,東証GRT,86,-2,-2.27,"90,400",2026/09/16
195,195,7354,(株)ダイレクトマーケティングミックス,東証STD,388,-9,-2.27,"287,800",2026/09/16
196,196,5029,サークレイス(株),東証GRT,910,-21,-2.26,"15,100",2026/09/16
197,197,5137,(株)スマートドライブ,東証GRT,303,-7,-2.26,"476,400",2026/09/16
198,198,4376,(株)くふうカンパニーホールディングス,東証GRT,174,-4,-2.25,"72,100",2026/09/16
199,199,3765,ガンホー・オンライン・エンターテイメント(株),東証PRM,"2,486",-57,-2.24,"215,200",2026/09/16
200,200,4194,ビジョナル(株),東証PRM,"8,407",-193,-2.24,"160,000",2026/09/16
201,201,4397,(株)チームスピリット,東証GRT,392,-9,-2.24,"48,900",2026/09/16
202,202,9627,(株)アインホールディングス,東証PRM,"5,606",-128,-2.23,"205,400",2026/09/16
203,203,4240,クラスターテクノロジー(株),東証STD,309,-7,-2.22,"12,800",2026/09/16
204,204,9978,(株)文教堂グループホールディングス,東証STD,44,-1,-2.22,"24,100",2026/09/16
205,205,2160,(株)ジーエヌアイグループ,東証GRT,"2,831",-64,-2.21,"1,017,400",2026/09/16
206,206,2334,(株)イオレ,東証GRT,576,-13,-2.21,"533,700",2026/09/16
207,207,505A,(株)ギークリー,東証STD,"1,371",-31,-2.21,"15,400",2026/09/16
208,208,6380,オリエンタルチエン工業(株),東証STD,"3,755",-85,-2.21,"5,300",2026/09/16
209,209,9554,(株)ＡＶｉＣ,東証GRT,"1,680",-38,-2.21,"21,500",2026/09/16
210,210,1844,(株)大盛工業,東証STD,445,-10,-2.2,"70,000",2026/09/16
211,211,215A,(株)タイミー,東証GRT,"1,287",-29,-2.2,"2,715,100",2026/09/16
212,212,3097,(株)物語コーポレーション,東証PRM,"5,340",-120,-2.2,"135,600",2026/09/16
213,213,3186,(株)ネクステージ,東証PRM,"2,890",-65,-2.2,"565,400",2026/09/16
214,214,6993,大黒屋ホールディングス(株),東証STD,89,-2,-2.2,"1,474,700",2026/09/16
215,215,196A,(株)ＭＦＳ,東証GRT,312,-7,-2.19,"91,000",2026/09/16
216,216,5025,(株)マーキュリー,東証GRT,581,-13,-2.19,"2,200",2026/09/16
217,217,6138,ダイジェット工業(株),東証STD,"1,922",-43,-2.19,"6,400",2026/09/16
218,218,7851,カワセコンピュータサプライ(株),福証,179,-4,-2.19,700,2026/09/16
219,219,4575,(株)キャンバス,東証GRT,719,-16,-2.18,"93,300",2026/09/16
220,220,2820,(株)やまみ,東証STD,"6,320",-140,-2.17,"10,200",2026/09/16
221,221,512A,GX ステーブルコイン&トークンビジネス(除く日本),東証ETF,"1,125",-25,-2.17,"2,067",2026/09/16
222,222,265A,Ｈｍｃｏｍｍ(株),東証GRT,726,-16,-2.16,"39,700",2026/09/16
223,223,6846,(株)中央製作所,名証MN,"1,360",-30,-2.16,500,2026/09/16
224,224,575A,前澤ホールディングス(株),東証PRM,"1,881",-41,-2.13,"83,900",2026/09/16
225,225,2698,(株)キャンドゥ,東証STD,"3,230",-70,-2.12,"19,800",2026/09/16
226,226,3923,(株)ラクス,東証PRM,"1,061",-23,-2.12,"1,245,200",2026/09/16
227,227,4441,トビラシステムズ(株),東証STD,"1,482",-32,-2.11,"11,600",2026/09/16
228,228,4680,(株)ラウンドワン,東証PRM,"1,157.5",-25,-2.11,"2,708,500",2026/09/16
229,229,2121,(株)ＭＩＸＩ,東証PRM,"3,745",-80,-2.09,"376,600",2026/09/16
230,230,4427,(株)ＥｄｕＬａｂ,東証GRT,234,-5,-2.09,"14,300",2026/09/16
231,231,3624,アクセルマーク(株),東証GRT,94,-2,-2.08,"805,100",2026/09/16
232,232,5621,(株)ヒューマンテクノロジーズ,東証GRT,"1,550",-33,-2.08,"15,500",2026/09/16
233,233,212A,フィットイージー(株),東証PRM,"2,603",-55,-2.07,"265,200",2026/09/16
234,234,280A,(株)ＴＭＨ,東証GRT,"1,088",-23,-2.07,"38,900",2026/09/16
235,235,9906,藤井産業(株),東証STD,"4,070",-85,-2.05,"6,000",2026/09/16
236,236,6786,(株)ＲＶＨ,東証STD,48,-1,-2.04,"38,700",2026/09/16
237,237,8260,(株)井筒屋,東証STD,384,-8,-2.04,"11,000",2026/09/16
238,238,3495,香陵住販(株),東証STD,"2,316",-48,-2.03,"1,000",2026/09/16
239,239,3563,(株)ＦＯＯＤ　＆　ＬＩＦＥ　ＣＯＭＰＡＮＩＥＳ,東証PRM,"4,846",-100,-2.02,"3,715,000",2026/09/16
240,240,3915,(株)テラスカイ,東証PRM,"2,259",-46,-2.0,"54,800",2026/09/16
241,241,4169,ＥＮＥＣＨＡＮＧＥ(株),東証GRT,245,-5,-2.0,"277,000",2026/09/16
242,242,7527,(株)システムソフト,東証STD,49,-1,-2.0,"1,057,500",2026/09/16
243,243,7985,ネポン(株),福証,735,-15,-2.0,200,2026/09/16
244,244,3733,(株)ソフトウェア・サービス,東証STD,"11,840",-240,-1.99,"1,600",2026/09/16
245,245,9974,(株)ベルク,東証PRM,"6,910",-140,-1.99,"23,200",2026/09/16
246,246,2851,iシェアーズ MSCI ジャパンSRI,東証ETF,392,-7.9,-1.98,80,2026/09/16
247,247,6176,(株)ブランジスタ,東証STD,"1,038",-21,-1.98,"166,100",2026/09/16
248,248,2212,山崎製パン(株),東証PRM,"3,746",-75,-1.96,"449,600",2026/09/16
249,249,5243,ｎｏｔｅ(株),東証GRT,"2,951",-59,-1.96,"276,900",2026/09/16
250,250,3697,(株)ＳＨＩＦＴ,東証PRM,855.6,-16.9,-1.94,"2,476,700",2026/09/16
251,251,4288,(株)アズジェント,東証STD,455,-9,-1.94,"4,800",2026/09/16
252,252,5027,ＡｎｙＭｉｎｄ　Ｇｒｏｕｐ(株),東証GRT,759,-15,-1.94,"235,300",2026/09/16
253,253,9684,(株)スクウェア・エニックス・ホールディングス,東証PRM,"2,938.5",-58,-1.94,"1,228,800",2026/09/16
254,254,276A,ククレブ・アドバイザーズ(株),東証GRT,"4,075",-80,-1.93,"26,100",2026/09/16
255,255,9900,(株)サガミホールディングス,東証PRM,"1,115",-22,-1.93,"274,500",2026/09/16
256,256,2726,(株)パルグループホールディングス,東証PRM,"1,479",-29,-1.92,"490,000",2026/09/16
257,257,4894,クオリプス(株),東証GRT,"5,630",-110,-1.92,"108,100",2026/09/16
258,258,6276,シリウスビジョン(株),東証STD,357,-7,-1.92,"27,300",2026/09/16
259,259,7422,東邦レマック(株),東証STD,409,-8,-1.92,"6,200",2026/09/16
260,260,3399,(株)丸千代山岡家,東証STD,"3,600",-70,-1.91,"126,900",2026/09/16
261,261,367A,プリモグローバルホールディングス(株),東証STD,"2,740",-53,-1.9,"51,500",2026/09/16
262,262,2303,(株)ドーン,東証STD,"1,352",-26,-1.89,"7,800",2026/09/16
263,263,2673,夢みつけ隊(株),東証STD,104,-2,-1.89,"49,700",2026/09/16
264,264,3823,ＴＨＥ　ＷＨＹ　ＨＯＷ　ＤＯ　ＣＯＭＰＡＮＹ(株),東証STD,52,-1,-1.89,"32,673,400",2026/09/16
265,265,6425,(株)ユニバーサルエンターテインメント,東証STD,728,-14,-1.89,"164,600",2026/09/16
266,266,9887,(株)松屋フーズホールディングス,東証PRM,"5,200",-100,-1.89,"48,200",2026/09/16
267,267,4689,ＬＩＮＥヤフー(株),東証PRM,554.3,-10.6,-1.88,"16,908,800",2026/09/16
268,268,2685,(株)アンドエスティＨＤ,東証PRM,"3,145",-60,-1.87,"144,500",2026/09/16
269,269,285A,キオクシアホールディングス(株),東証PRM,"50,780",-970,-1.87,"27,253,000",2026/09/16
270,270,2998,クリアル(株),東証GRT,526,-10,-1.87,"104,700",2026/09/16
271,271,7794,(株)イーディーピー,東証GRT,945,-18,-1.87,"199,600",2026/09/16
272,272,1563,東証グロース･コア,東証ETF,"2,377",-45,-1.86,"6,382",2026/09/16
273,273,3753,(株)フライトソリューションズ,東証STD,211,-4,-1.86,"62,700",2026/09/16
274,274,9367,大東港運(株),東証STD,"2,010",-38,-1.86,"1,700",2026/09/16
275,275,4572,カルナバイオサイエンス(株),東証GRT,424,-8,-1.85,"46,900",2026/09/16
276,276,4912,ライオン(株),東証PRM,"1,721",-32.5,-1.85,"1,189,700",2026/09/16
277,277,8554,(株)南日本銀行,福証,"1,433",-27,-1.85,"10,500",2026/09/16
278,278,8746,ｕｎｂａｎｋｅｄ(株),東証STD,106,-2,-1.85,"193,900",2026/09/16
279,279,2782,(株)セリア,東証STD,"4,795",-90,-1.84,"348,200",2026/09/16
280,280,3159,丸善ＣＨＩホールディングス(株),東証STD,375,-7,-1.83,"76,600",2026/09/16
281,281,3349,(株)コスモス薬品,東証PRM,"6,487",-121,-1.83,"422,800",2026/09/16
282,282,5884,(株)クラダシ,東証GRT,590,-11,-1.83,"26,300",2026/09/16
283,283,9565,ＧＬＯＥ(株),東証GRT,642,-12,-1.83,"1,700",2026/09/16
284,284,4813,(株)ＡＣＣＥＳＳ,東証PRM,377,-7,-1.82,"696,500",2026/09/16
285,285,6771,池上通信機(株),東証STD,649,-12,-1.82,"16,600",2026/09/16
286,286,4598,Ｄｅｌｔａ－Ｆｌｙ　Ｐｈａｒｍａ(株),東証GRT,109,-2,-1.8,"509,200",2026/09/16
287,287,6054,(株)リブセンス,東証STD,109,-2,-1.8,"9,300",2026/09/16
288,288,3558,ジェイドグループ(株),東証GRT,"1,870",-34,-1.79,"93,800",2026/09/16
289,289,4587,ペプチドリーム(株),東証PRM,"1,041.5",-19,-1.79,"589,300",2026/09/16
290,290,6047,(株)Ｇｕｎｏｓｙ,東証STD,384,-7,-1.79,"71,300",2026/09/16
291,291,6199,(株)セラク,東証STD,"1,428",-26,-1.79,"12,000",2026/09/16
292,292,7014,(株)名村造船所,東証STD,"4,665",-85,-1.79,"1,386,900",2026/09/16
293,293,8152,ソマール(株),東証STD,"7,120",-130,-1.79,700,2026/09/16
294,294,6532,(株)ベイカレント,東証PRM,"7,573",-137,-1.78,"778,600",2026/09/16
295,295,5367,(株)ニッカトー,東証STD,"1,390",-25,-1.77,"106,700",2026/09/16
296,296,7359,(株)東京通信グループ,東証GRT,277,-5,-1.77,"16,100",2026/09/16
297,297,8278,(株)フジ,東証PRM,"2,053",-37,-1.77,"76,800",2026/09/16
298,298,3892,(株)岡山製紙,東証STD,"1,564",-28,-1.76,"1,500",2026/09/16
299,299,391A,(株)山忠,名証MN,"2,455",-44,-1.76,700,2026/09/16
300,300,4019,(株)スタメン,東証GRT,619,-11,-1.75,"31,600",2026/09/16
301,301,7779,ＣＹＢＥＲＤＹＮＥ(株),東証GRT,225,-4,-1.75,"526,500",2026/09/16
302,302,8022,ミズノ(株),東証PRM,"3,945",-70,-1.74,"157,800",2026/09/16
303,303,1965,(株)テクノ菱和,東証STD,"6,820",-120,-1.73,"83,900",2026/09/16
304,304,4475,ＨＥＮＮＧＥ(株),東証GRT,"1,709",-30,-1.73,"502,400",2026/09/16
305,305,7832,(株)バンダイナムコホールディングス,東証PRM,"5,463",-96,-1.73,"1,919,400",2026/09/16
306,306,9272,ブティックス(株),東証GRT,"1,425",-25,-1.72,"3,300",2026/09/16
307,307,4100,戸田工業(株),東証STD,"1,605",-28,-1.71,"91,700",2026/09/16
308,308,7076,名南Ｍ＆Ａ(株),名証MN,"1,040",-18,-1.7,"6,400",2026/09/16
309,309,3032,(株)ゴルフ・ドゥ,名証NXT,232,-4,-1.69,"1,800",2026/09/16
310,310,1788,(株)三東工業社,東証STD,"4,085",-70,-1.68,200,2026/09/16
311,311,3778,さくらインターネット(株),東証PRM,"3,520",-60,-1.68,"450,300",2026/09/16
312,312,4343,(株)イオンファンタジー,東証PRM,"2,696",-46,-1.68,"44,800",2026/09/16
313,313,8138,三京化成(株),東証STD,"4,105",-70,-1.68,"1,200",2026/09/16
314,314,1459,楽天 ETF-日経ダブルインバース指数連動型,東証ETF,118,-2,-1.67,"3,302,395",2026/09/16
315,315,1770,藤田エンジニアリング(株),東証STD,"2,294",-39,-1.67,"18,700",2026/09/16
316,316,2039,NEXT NOTES ドバイ原油先物 ベア ETN,東証ETF,470,-8,-1.67,"1,179,200",2026/09/16
317,317,3659,(株)ネクソン,東証PRM,"3,124",-53,-1.67,"2,515,800",2026/09/16
318,318,4120,スガイ化学工業(株),東証STD,"2,881",-49,-1.67,"1,000",2026/09/16
319,319,4414,(株)フレクト,東証GRT,"1,062",-18,-1.67,"12,200",2026/09/16
320,320,4599,(株)ステムリム,東証GRT,177,-3,-1.67,"638,600",2026/09/16
321,321,4661,(株)オリエンタルランド,東証PRM,"3,002",-51,-1.67,"4,640,400",2026/09/16
322,322,5695,パウダーテック(株),東証STD,"2,950",-50,-1.67,600,2026/09/16
323,323,8267,イオン(株),東証PRM,"1,328.5",-22.5,-1.67,"10,162,200",2026/09/16
324,324,4263,サスメド(株),東証GRT,415,-7,-1.66,"47,300",2026/09/16
325,325,5240,ｍｏｎｏＡＩ　ｔｅｃｈｎｏｌｏｇｙ(株),東証GRT,178,-3,-1.66,"81,500",2026/09/16
326,326,5253,カバー(株),東証GRT,"1,607",-27,-1.65,"936,900",2026/09/16
327,327,9468,(株)ＫＡＤＯＫＡＷＡ,東証PRM,"3,636",-61,-1.65,"313,800",2026/09/16
328,328,2814,佐藤食品工業(株),東証STD,"1,915",-32,-1.64,"5,500",2026/09/16
329,329,3840,(株)ヴィクトン,東証STD,60,-1,-1.64,"132,700",2026/09/16
330,330,4586,(株)メドレックス,東証GRT,60,-1,-1.64,"460,500",2026/09/16
331,331,9602,東宝(株),東証PRM,"1,592",-26.5,-1.64,"2,125,600",2026/09/16
332,332,2327,日鉄ソリューションズ(株),東証PRM,"3,858",-64,-1.63,"234,000",2026/09/16
333,333,5983,イワブチ(株),東証STD,"13,900",-230,-1.63,500,2026/09/16
334,334,9914,(株)植松商会,名証MN,726,-12,-1.63,200,2026/09/16
335,335,469A,(株)フィットクルー,東証GRT,"1,701",-28,-1.62,"4,800",2026/09/16
336,336,4827,ビジネス・ワンホールディングス(株),福岡Q,852,-14,-1.62,100,2026/09/16
337,337,7564,(株)ワークマン,東証STD,"5,480",-90,-1.62,"542,000",2026/09/16
338,338,9686,東洋テック(株),東証STD,"1,703",-28,-1.62,"1,500",2026/09/16
339,339,2354,(株)ＹＥ　ＤＩＧＩＴＡＬ,東証STD,"1,282",-21,-1.61,"223,200",2026/09/16
340,340,5699,(株)イボキン,東証STD,"1,598",-26,-1.6,"2,600",2026/09/16
341,341,6037,楽待(株),東証STD,"1,052",-17,-1.59,"49,600",2026/09/16
342,342,3549,(株)クスリのアオキホールディングス,東証STD,"3,993",-64,-1.58,"223,000",2026/09/16
343,343,4579,ラクオリア創薬(株),東証GRT,559,-9,-1.58,"183,600",2026/09/16
344,344,2373,(株)ケア２１,東証STD,440,-7,-1.57,"16,400",2026/09/16
345,345,2897,日清食品ホールディングス(株),東証PRM,"2,949",-47,-1.57,"1,495,000",2026/09/16
346,346,4811,(株)ドリーム・アーツ,東証GRT,876,-14,-1.57,"17,300",2026/09/16
347,347,7352,(株)ＴＷＯＳＴＯＮＥ＆Ｓｏｎｓ,東証GRT,314,-5,-1.57,"89,300",2026/09/16
348,348,9336,大栄環境(株),東証PRM,"3,760",-60,-1.57,"106,100",2026/09/16
349,349,4412,(株)サイエンスアーツ,東証GRT,"1,325",-21,-1.56,"11,800",2026/09/16
350,350,6548,(株)旅工房,東証GRT,126,-2,-1.56,"19,400",2026/09/16
351,351,268A,リガク・ホールディングス(株),東証PRM,"1,593",-25,-1.55,"2,302,100",2026/09/16
352,352,2801,キッコーマン(株),東証PRM,"1,650.5",-26,-1.55,"2,802,700",2026/09/16
353,353,3760,(株)ケイブ,東証STD,699,-11,-1.55,"3,100",2026/09/16
354,354,5129,(株)ＦＩＸＥＲ,東証GRT,254,-4,-1.55,"101,000",2026/09/16
355,355,3088,(株)マツキヨココカラ＆カンパニー,東証PRM,"2,496.5",-39,-1.54,"1,849,000",2026/09/16
356,356,3197,(株)すかいらーくホールディングス,東証PRM,"3,257",-51,-1.54,"781,000",2026/09/16
357,357,7878,(株)光・彩,東証STD,"1,150",-18,-1.54,"15,500",2026/09/16
358,358,7800,(株)アミファ,東証STD,968,-15,-1.53,"6,000",2026/09/16
359,359,9984,ソフトバンクグループ(株),東証PRM,"6,183",-96,-1.53,"67,198,800",2026/09/16
360,360,4059,(株)まぐまぐ,東証STD,390,-6,-1.52,"4,400",2026/09/16
361,361,4483,(株)ＪＭＤＣ,東証PRM,"3,555",-55,-1.52,"134,300",2026/09/16
362,362,6335,(株)東京機械製作所,東証STD,585,-9,-1.52,"2,800",2026/09/16
363,363,4491,コンピューターマネージメント(株),東証STD,"3,260",-50,-1.51,"5,900",2026/09/16
364,364,5134,(株)ＰＯＰＥＲ,東証GRT,457,-7,-1.51,"2,400",2026/09/16
365,365,3762,テクマトリックス(株),東証PRM,"2,487",-38,-1.5,"237,400",2026/09/16
366,366,6198,(株)キャリア,東証GRT,197,-3,-1.5,"1,700",2026/09/16
367,367,6563,(株)みらいワークス,東証GRT,459,-7,-1.5,"15,500",2026/09/16
368,368,2762,(株)ＳＡＮＫＯ　ＭＡＲＫＥＴＩＮＧ　ＦＯＯＤＳ,東証STD,66,-1,-1.49,"196,400",2026/09/16
369,369,7877,永大化工(株),東証STD,"2,185",-33,-1.49,"1,300",2026/09/16
370,370,2702,日本マクドナルドホールディングス(株),東証STD,"7,970",-120,-1.48,"446,400",2026/09/16
371,371,2978,(株)ツクルバ,東証GRT,332,-5,-1.48,"4,400",2026/09/16
372,372,5262,日本ヒューム(株),東証PRM,"1,134",-17,-1.48,"192,400",2026/09/16
373,373,5888,ＤＡＩＷＡ　ＣＹＣＬＥ(株),東証GRT,"2,728",-41,-1.48,"6,300",2026/09/16
374,374,3138,(株)富士山マガジンサービス,東証STD,"1,141",-17,-1.47,900,2026/09/16
375,375,352A,(株)ＬＯＩＶＥ,東証GRT,536,-8,-1.47,"4,800",2026/09/16
376,376,4776,サイボウズ(株),東証PRM,"3,025",-45,-1.47,"175,400",2026/09/16
377,377,6557,ＡＩＡＩグループ(株),東証GRT,737,-11,-1.47,"6,200",2026/09/16
378,378,9563,Ａｔｌａｓ　Ｔｅｃｈｎｏｌｏｇｉｅｓ(株),東証GRT,335,-5,-1.47,"124,800",2026/09/16
379,379,4784,ＧＭＯインターネット(株),東証PRM,539,-8,-1.46,"1,453,700",2026/09/16
380,380,548A,(株)システムエグゼ,東証STD,945,-14,-1.46,"17,900",2026/09/16
381,381,5742,エヌアイシ・オートテック(株),東証STD,745,-11,-1.46,"3,200",2026/09/16
382,382,6620,宮越ホールディングス(株),東証PRM,674,-10,-1.46,"22,600",2026/09/16
383,383,190A,Ｃｈｏｒｄｉａ　Ｔｈｅｒａｐｅｕｔｉｃｓ(株),東証GRT,68,-1,-1.45,"320,100",2026/09/16
384,384,2586,(株)フルッタフルッタ,東証GRT,68,-1,-1.45,"362,600",2026/09/16
385,385,4382,ＨＥＲＯＺ(株),東証STD,824,-12,-1.44,"155,700",2026/09/16
386,386,6460,セガサミーホールディングス(株),東証PRM,"3,274",-48,-1.44,"1,042,000",2026/09/16
387,387,2498,(株)オリエンタルコンサルタンツホールディングス,東証STD,"3,110",-45,-1.43,"11,300",2026/09/16
388,388,4356,応用技術(株),東証STD,"1,591",-23,-1.43,"1,300",2026/09/16
389,389,3993,(株)ＰＫＳＨＡ　Ｔｅｃｈｎｏｌｏｇｙ,東証PRM,"3,130",-45,-1.42,"165,400",2026/09/16
390,390,3687,(株)フィックスターズ,東証PRM,"2,174",-31,-1.41,"255,600",2026/09/16
391,391,4307,(株)野村総合研究所,東証PRM,"5,097",-73,-1.41,"1,837,900",2026/09/16
392,392,5131,リンカーズ(株),東証GRT,210,-3,-1.41,"45,805,200",2026/09/16
393,393,6634,(株)ＪＮグループ,東証STD,70,-1,-1.41,"40,000",2026/09/16
394,394,2875,東洋水産(株),東証PRM,"9,895",-140,-1.4,"494,900",2026/09/16
395,395,3854,(株)アイル,東証PRM,"2,109",-30,-1.4,"70,900",2026/09/16
396,396,4527,ロート製薬(株),東証PRM,"2,825",-40,-1.4,"742,500",2026/09/16
397,397,579A,GX 銀ビジネス,東証ETF,986,-14,-1.4,"3,481",2026/09/16
398,398,6454,マックス(株),東証PRM,"1,899",-27,-1.4,"191,100",2026/09/16
399,399,7089,フォースタートアップス(株),東証GRT,"1,342",-19,-1.4,"6,200",2026/09/16
400,400,9418,(株)Ｕ－ＮＥＸＴ　ＨＯＬＤＩＮＧＳ,東証PRM,"1,759",-25,-1.4,"307,400",2026/09/16
401,401,9651,日本プロセス(株),東証STD,"1,902",-27,-1.4,"13,800",2026/09/16
402,402,2694,(株)焼肉坂井ホールディングス,東証STD,71,-1,-1.39,"136,300",2026/09/16
403,403,269A,(株)Ｓａｐｅｅｔ,東証GRT,"2,840",-40,-1.39,"1,900",2026/09/16
404,404,499A,ラグジュアリー厳選10 欧州株(ネットリターン)ETN,東証ETF,"7,861",-111,-1.39,120,2026/09/16
405,405,603A,(株)アイ・グリッド・ソリューションズ,東証GRT,850,-12,-1.39,"1,918,100",2026/09/16
406,406,8698,マネックスグループ(株),東証PRM,713,-10,-1.38,"1,507,600",2026/09/16
407,407,409A,オリオンビール(株),東証PRM,"1,152",-16,-1.37,"284,500",2026/09/16
408,408,6625,ＪＡＬＣＯホールディングス(株),東証STD,361,-5,-1.37,"194,700",2026/09/16
409,409,8473,ＳＢＩホールディングス(株),東証PRM,"3,236",-45,-1.37,"4,873,600",2026/09/16
410,410,436A,サイバーソリューションズ(株),東証GRT,"1,310",-18,-1.36,"57,700",2026/09/16
411,411,4552,ＪＣＲファーマ(株),東証PRM,509,-7,-1.36,"347,700",2026/09/16
412,412,3976,(株)シャノン,東証GRT,586,-8,-1.35,"21,000",2026/09/16
413,413,5242,(株)アイズ,東証GRT,"2,560",-35,-1.35,"2,800",2026/09/16
414,414,5892,(株)ｙｕｔｏｒｉ,東証GRT,"2,704",-37,-1.35,"95,200",2026/09/16
415,415,9478,ＳＥホールディングス・アンド・インキュベーションズ(株),東証STD,511,-7,-1.35,"6,800",2026/09/16
416,416,2991,(株)ランドネット,東証STD,516,-7,-1.34,"47,700",2026/09/16
417,417,4673,川崎地質(株),東証STD,"4,770",-65,-1.34,"1,900",2026/09/16
418,418,6558,クックビズ(株),東証GRT,661,-9,-1.34,600,2026/09/16
419,419,3825,(株)リミックスポイント,東証STD,222,-3,-1.33,"805,200",2026/09/16
420,420,7836,アビックス(株),東証STD,74,-1,-1.33,"283,500",2026/09/16
421,421,9828,(株)Ｇｅｎｋｉ　Ｇｌｏｂａｌ　Ｄｉｎｉｎｇ　Ｃｏｎｃｅｐｔｓ,東証STD,"3,345",-45,-1.33,"78,800",2026/09/16
422,422,3648,ＡＧＳ(株),東証STD,"1,044",-14,-1.32,"14,100",2026/09/16
423,423,4445,リビン・テクノロジーズ(株),東証GRT,"1,946",-26,-1.32,"2,000",2026/09/16
424,424,4664,ＲＳＣ,東証STD,"1,124",-15,-1.32,"57,700",2026/09/16
425,425,6249,(株)ゲームカードホールディングス,東証STD,"2,847",-38,-1.32,"16,800",2026/09/16
426,426,1319,(NEXT FUNDS)日経300株価指数連動型上場投信,東証ETF,738.2,-9.8,-1.31,"2,000",2026/09/16
427,427,3024,クリエイト(株),東証STD,"1,203",-16,-1.31,"1,700",2026/09/16
428,428,9687,(株)ＫＳＫ,東証STD,"4,520",-60,-1.31,"1,500",2026/09/16
429,429,4480,(株)メドレー,東証PRM,"2,349",-31,-1.3,"189,700",2026/09/16
430,430,6492,岡野バルブ製造(株),東証STD,"14,450",-190,-1.3,"32,900",2026/09/16
431,431,6721,ウインテスト(株),東証STD,76,-1,-1.3,"302,600",2026/09/16
432,432,7453,(株)良品計画,東証PRM,"3,951",-52,-1.3,"2,082,400",2026/09/16
433,433,8349,(株)東北銀行,東証STD,"1,676",-22,-1.3,"28,100",2026/09/16
434,434,2874,ヨコレイ,東証PRM,"2,150",-28,-1.29,"126,100",2026/09/16
435,435,3671,ソフトマックス(株),東証STD,305,-4,-1.29,"10,800",2026/09/16
436,436,4936,(株)アクシージア,東証STD,305,-4,-1.29,"55,900",2026/09/16
437,437,5532,(株)リアルゲイト,東証GRT,"3,430",-45,-1.29,"12,000",2026/09/16
438,438,7095,(株)Ｍａｃｂｅｅ　Ｐｌａｎｅｔ,東証PRM,"1,151",-15,-1.29,"54,400",2026/09/16
439,439,6384,(株)昭和真空,東証STD,"1,691",-22,-1.28,"7,700",2026/09/16
440,440,1368,iFreeETF TOPIXダブルインバース(-2倍)指数,東証ETF,155,-2,-1.27,"4,660",2026/09/16
441,441,334A,(株)ビジュアル・プロセッシング・ジャパン,東証GRT,"1,085",-14,-1.27,900,2026/09/16
442,442,4428,(株)シノプス,東証GRT,700,-9,-1.27,"3,500",2026/09/16
443,443,7611,(株)ハイデイ日高,東証PRM,"2,955",-38,-1.27,"120,100",2026/09/16
444,444,9206,(株)スターフライヤー,東証STD,"1,945",-25,-1.27,"3,600",2026/09/16
445,445,2640,GX ゲーム＆アニメ-日本株式,東証ETF,"4,230",-54,-1.26,"15,425",2026/09/16
446,446,542A,(株)ビタブリッドジャパン,東証GRT,"1,025",-13,-1.25,"1,800",2026/09/16
447,447,6158,(株)和井田製作所,東証STD,"1,025",-13,-1.25,"3,900",2026/09/16
448,448,6419,(株)マースグループホールディングス,東証PRM,"3,165",-40,-1.25,"53,700",2026/09/16
449,449,8200,(株)リンガーハット,東証PRM,"2,287",-29,-1.25,"74,200",2026/09/16
450,450,4071,(株)プラスアルファ・コンサルティング,東証PRM,"2,066",-26,-1.24,"154,600",2026/09/16
451,451,5729,日本精鉱(株),東証STD,"1,666",-21,-1.24,"10,300",2026/09/16
452,452,3266,(株)ファンドクリエーショングループ,東証STD,80,-1,-1.23,"63,500",2026/09/16
453,453,3747,(株)インタートレード,東証STD,400,-5,-1.23,"37,400",2026/09/16
454,454,4437,ｇｏｏｄｄａｙｓホールディングス(株),東証GRT,720,-9,-1.23,"5,300",2026/09/16
455,455,5032,ＡＮＹＣＯＬＯＲ(株),東証PRM,"3,200",-40,-1.23,"380,000",2026/09/16
456,456,273A,SBI サウジアラビア株式上場投信,東証ETF,"9,601",-119,-1.22,150,2026/09/16
457,457,303A,(株)ｖｉｓｕｍｏ,東証GRT,565,-7,-1.22,"10,100",2026/09/16
458,458,3113,(株)ＵＮＩＶＡ・Ｏａｋホールディングス,東証STD,81,-1,-1.22,"93,700",2026/09/16
459,459,3698,(株)ＣＲＩ・ミドルウェア,東証STD,"1,211",-15,-1.22,"7,200",2026/09/16
460,460,5998,(株)アドバネクス,東証STD,"2,760",-34,-1.22,"6,200",2026/09/16
461,461,6166,(株)中村超硬,東証GRT,650,-8,-1.22,"41,200",2026/09/16
462,462,7358,(株)ポピンズ,東証STD,"1,787",-22,-1.22,"8,500",2026/09/16
463,463,7360,(株)オンデック,東証GRT,650,-8,-1.22,"1,600",2026/09/16
464,464,9215,(株)ＣａＳｙ,東証GRT,974,-12,-1.22,"3,800",2026/09/16
465,465,299A,クラシル(株),東証GRT,"1,228",-15,-1.21,"151,900",2026/09/16
466,466,4247,ポバール興業(株),東証STD,"1,389",-17,-1.21,100,2026/09/16
467,467,6118,アイダエンジニアリング(株),東証PRM,"1,226",-15,-1.21,"270,800",2026/09/16
468,468,177A,コージンバイオ(株),東証GRT,826,-10,-1.2,"1,300",2026/09/16
469,469,2877,日東ベスト(株),東証STD,742,-9,-1.2,"4,500",2026/09/16
470,470,6018,阪神内燃機工業(株),東証STD,"5,770",-70,-1.2,500,2026/09/16
471,471,9022,東海旅客鉄道(株),東証PRM,"3,796",-46,-1.2,"1,445,900",2026/09/16
472,472,3121,マーチャント・バンカーズ(株),東証STD,250,-3,-1.19,"83,300",2026/09/16
473,473,3678,(株)メディアドゥ,東証PRM,"1,242",-15,-1.19,"19,900",2026/09/16
474,474,8700,丸八証券(株),東証STD,"2,084",-25,-1.19,"1,500",2026/09/16
475,475,3727,(株)アプリックス,東証GRT,167,-2,-1.18,"20,100",2026/09/16
476,476,431A,ユーソナー(株),東証GRT,"2,690",-32,-1.18,"41,900",2026/09/16
477,477,4351,(株)山田再生系債権回収総合事務所,東証STD,838,-10,-1.18,"5,700",2026/09/16
478,478,6073,(株)アサンテ,東証PRM,"1,512",-18,-1.18,"44,600",2026/09/16
479,479,2764,(株)ひらまつ,東証STD,169,-2,-1.17,"70,100",2026/09/16
480,480,3970,(株)イノベーション,東証STD,845,-10,-1.17,"2,600",2026/09/16
481,481,4293,(株)セプテーニ・ホールディングス,東証STD,507,-6,-1.17,"274,200",2026/09/16
482,482,5889,Ｊａｐａｎ　Ｅｙｅｗｅａｒ　Ｈｏｌｄｉｎｇｓ(株),東証PRM,"2,275",-27,-1.17,"255,600",2026/09/16
483,483,6570,(株)共和コーポレーション,東証STD,"3,385",-40,-1.17,"51,700",2026/09/16
484,484,7041,ＣＲＧホールディングス(株),東証GRT,339,-4,-1.17,"11,000",2026/09/16
485,485,7808,(株)シー・エス・ランバー,東証STD,"2,698",-32,-1.17,"8,500",2026/09/16
486,486,2607,不二製油(株),東証PRM,"4,497",-53,-1.16,"228,700",2026/09/16
487,487,586A,(NEXT FUNDS) 日経エンタメ・コンテンツ株指数,東証ETF,247.1,-2.9,-1.16,"323,720",2026/09/16
488,488,7213,レシップホールディングス(株),東証STD,679,-8,-1.16,"22,500",2026/09/16
489,489,9450,(株)ファイバーゲート,東証STD,770,-9,-1.16,"16,300",2026/09/16
490,490,1357,(NEXT FUNDS) 日経ダブルインバース上場投信,東証ETF,"2,924",-34,-1.15,"5,430,654",2026/09/16
491,491,475A,(株)ギミック,東証STD,688,-8,-1.15,"15,900",2026/09/16
492,492,5871,ＳＯＬＩＺＥ　Ｈｏｌｄｉｎｇｓ(株),東証STD,"1,380",-16,-1.15,"6,200",2026/09/16
493,493,6091,(株)ウエスコホールディングス,東証STD,944,-11,-1.15,"32,900",2026/09/16
494,494,7150,(株)島根銀行,東証STD,515,-6,-1.15,"12,400",2026/09/16
495,495,7376,ＢＣＣ(株),東証GRT,776,-9,-1.15,"12,700",2026/09/16
496,496,7512,イオン北海道(株),東証STD,859,-10,-1.15,"115,700",2026/09/16
497,497,7711,助川電気工業(株),東証STD,"5,150",-60,-1.15,"113,800",2026/09/16
498,498,4687,ＴＤＣソフト(株),東証PRM,"1,045",-12,-1.14,"49,400",2026/09/16
499,499,5631,(株)日本製鋼所,東証PRM,"7,107",-82,-1.14,"722,000",2026/09/16
500,500,8127,ヤマト　インターナショナル(株),東証STD,520,-6,-1.14,"10,800",2026/09/16
501,501,5244,(株)ｊｉｇ．ｊｐ,東証GRT,175,-2,-1.13,"113,400",2026/09/16
502,502,5724,(株)アサカ理研,東証STD,"3,055",-35,-1.13,"28,600",2026/09/16
503,503,7037,(株)テノ．ホールディングス,東証STD,786,-9,-1.13,"20,500",2026/09/16
504,504,7524,マルシェ(株),東証STD,175,-2,-1.13,"51,000",2026/09/16
505,505,7746,岡本硝子(株),東証STD,786,-9,-1.13,"360,600",2026/09/16
506,506,2479,(株)ジェイテック,東証STD,264,-3,-1.12,"70,200",2026/09/16
507,507,3661,(株)エムアップホールディングス,東証PRM,794,-9,-1.12,"241,900",2026/09/16
508,508,3807,(株)フィスコ,東証GRT,88,-1,-1.12,"269,600",2026/09/16
509,509,4816,東映アニメーション(株),東証STD,"3,100",-35,-1.12,"281,000",2026/09/16
510,510,7561,(株)ハークスレイホールディングス,東証STD,708,-8,-1.12,"26,200",2026/09/16
511,511,9560,(株)プログリット,東証GRT,886,-10,-1.12,"13,400",2026/09/16
512,512,1356,TOPIXベア2倍上場投信,東証ETF,107,-1.2,-1.11,"1,781,040",2026/09/16
513,513,3775,(株)ガイアックス,名証NXT,445,-5,-1.11,"13,600",2026/09/16
514,514,4896,(株)ケイファーマ,東証GRT,804,-9,-1.11,"15,800",2026/09/16
515,515,5028,セカンドサイトアナリティカ(株),東証GRT,355,-4,-1.11,"8,800",2026/09/16
516,516,7875,竹田ｉＰホールディングス(株),東証STD,801,-9,-1.11,"12,700",2026/09/16
517,517,2894,石井食品(株),東証STD,359,-4,-1.1,"7,100",2026/09/16
518,518,3135,(株)マーケットエンタープライズ,東証STD,"1,164",-13,-1.1,"8,000",2026/09/16
519,519,3494,(株)マリオン,東証STD,451,-5,-1.1,"14,100",2026/09/16
520,520,8011,(株)三陽商会,東証PRM,"1,350",-15,-1.1,"108,200",2026/09/16
521,521,8276,(株)平和堂,東証PRM,"2,695",-30,-1.1,"77,700",2026/09/16
522,522,9227,マイクロ波化学(株),東証GRT,811,-9,-1.1,"114,000",2026/09/16
523,523,3323,レカム(株),東証STD,91,-1,-1.09,"99,500",2026/09/16
524,524,5994,(株)ファインシンター,東証STD,"1,000",-11,-1.09,"2,200",2026/09/16
525,525,7110,(株)クラシコム,東証GRT,"1,898",-21,-1.09,"18,900",2026/09/16
526,526,9202,ＡＮＡホールディングス(株),東証PRM,"2,943.5",-32.5,-1.09,"2,769,100",2026/09/16
527,527,9476,(株)中央経済社ホールディングス,東証STD,999,-11,-1.09,100,2026/09/16
528,528,2330,(株)フォーサイド,東証STD,92,-1,-1.08,"1,794,900",2026/09/16
529,529,2791,大黒天物産(株),東証PRM,"4,595",-50,-1.08,"26,200",2026/09/16
530,530,288A,ラクサス・テクノロジーズ(株),東証GRT,92,-1,-1.08,"33,700",2026/09/16
531,531,3694,(株)オプティム,東証PRM,458,-5,-1.08,"189,500",2026/09/16
532,532,4430,東海ソフト(株),東証STD,"1,741",-19,-1.08,"4,600",2026/09/16
533,533,5586,(株)Ｌａｂｏｒｏ．ＡＩ,東証GRT,912,-10,-1.08,"32,900",2026/09/16
534,534,5616,(株)雨風太陽,東証GRT,642,-7,-1.08,"2,800",2026/09/16
535,535,6577,(株)ベストワンドットコム,東証GRT,"1,378",-15,-1.08,"5,400",2026/09/16
536,536,7081,コーユーレンティア(株),東証STD,"1,280",-14,-1.08,"6,800",2026/09/16
537,537,7792,(株)コラントッテ,東証GRT,"1,474",-16,-1.07,"13,800",2026/09/16
538,538,9042,阪急阪神ホールディングス(株),東証PRM,"4,616",-50,-1.07,"594,200",2026/09/16
539,539,2156,セーラー広告(株),東証STD,279,-3,-1.06,"2,900",2026/09/16
540,540,3091,(株)ブロンコビリー,東証PRM,"2,791",-30,-1.06,"43,100",2026/09/16
541,541,4256,(株)サインド,東証GRT,"1,120",-12,-1.06,"2,300",2026/09/16
542,542,5939,(株)大谷工業,東証STD,"4,645",-50,-1.06,"2,000",2026/09/16
543,543,7532,(株)パン・パシフィック・インターナショナルホールディングス,東証PRM,719.6,-7.7,-1.06,"12,644,700",2026/09/16
544,544,9248,人・夢・技術グループ(株),東証STD,"1,681",-18,-1.06,"19,000",2026/09/16
545,545,9273,コーア商事ホールディングス(株),東証PRM,746,-8,-1.06,"28,600",2026/09/16
546,546,1401,(株)エムビーエス,東証GRT,"1,321",-14,-1.05,800,2026/09/16
547,547,3010,ポラリス・ホールディングス(株),東証STD,188,-2,-1.05,"61,700",2026/09/16
548,548,3358,Ｔｒａｉｌｈｅａｄ　Ｇｌｏｂａｌ　Ｈｏｌｄｉｎｇｓ(株),東証STD,94,-1,-1.05,"36,700",2026/09/16
549,549,3895,ハビックス(株),東証STD,469,-5,-1.05,"8,400",2026/09/16
550,550,3974,ＳＣＡＴ(株),東証STD,660,-7,-1.05,"3,200",2026/09/16
551,551,2811,カゴメ(株),東証PRM,"2,708",-28.5,-1.04,"268,800",2026/09/16
552,552,7460,(株)ヤギ,東証STD,"1,615",-17,-1.04,"29,500",2026/09/16
553,553,8163,ＳＲＳホールディングス(株),東証PRM,"1,520",-16,-1.04,"126,500",2026/09/16
554,554,8255,アクシアル　リテイリング(株),東証PRM,"1,330",-14,-1.04,"169,100",2026/09/16
555,555,3028,(株)アルペン,東証PRM,"2,301",-24,-1.03,"53,200",2026/09/16
556,556,6982,(株)リード,東証STD,575,-6,-1.03,500,2026/09/16
557,557,7859,(株)アルメディオ,東証STD,287,-3,-1.03,"76,200",2026/09/16
558,558,8194,(株)ライフコーポレーション,東証PRM,"2,684",-28,-1.03,"224,900",2026/09/16
559,559,8303,(株)ＳＢＩ新生銀行,東証PRM,"1,592.5",-16.5,-1.03,"2,546,200",2026/09/16
560,560,4259,(株)エクサウィザーズ,東証GRT,874,-9,-1.02,"632,700",2026/09/16
561,561,7674,(株)ＮＡＴＴＹ　ＳＷＡＮＫＹホールディングス,東証GRT,"2,710",-28,-1.02,"11,500",2026/09/16
562,562,9278,ブックオフグループホールディングス(株),東証PRM,"2,627",-27,-1.02,"102,700",2026/09/16
563,563,3174,(株)ハピネス・アンド・ディ,東証STD,391,-4,-1.01,"30,200",2026/09/16
564,564,4301,(株)アミューズ,東証PRM,"1,857",-19,-1.01,"15,500",2026/09/16
565,565,4418,(株)ＪＤＳＣ,東証GRT,"1,079",-11,-1.01,"169,700",2026/09/16
566,566,6803,ティアック(株),東証STD,98,-1,-1.01,"296,600",2026/09/16
567,567,7112,(株)キューブ,東証GRT,687,-7,-1.01,"4,100",2026/09/16
568,568,7590,(株)タカショー,東証STD,394,-4,-1.01,"11,800",2026/09/16
569,569,8628,松井証券(株),東証PRM,"1,178",-12,-1.01,"745,200",2026/09/16
570,570,247A,Ａｉロボティクス(株),東証GRT,991,-10,-1.0,"595,200",2026/09/16
571,571,4060,ｒａｋｕｍｏ(株),東証GRT,"1,192",-12,-1.0,"3,100",2026/09/16
572,572,4151,協和キリン(株),東証PRM,"2,218.5",-22.5,-1.0,"1,301,100",2026/09/16
573,573,4528,小野薬品工業(株),東証PRM,"2,330",-23.5,-1.0,"1,083,800",2026/09/16
574,574,5161,西川ゴム工業(株),東証STD,"3,450",-35,-1.0,"104,300",2026/09/16
575,575,6402,兼松エンジニアリング(株),東証STD,"1,591",-16,-1.0,"2,100",2026/09/16
576,576,1718,美樹工業(株),東証STD,"7,020",-70,-0.99,800,2026/09/16
577,577,3315,日本コークス工業(株),東証PRM,100,-1,-0.99,"5,280,600",2026/09/16
578,578,3361,(株)トーエル,東証STD,901,-9,-0.99,"1,600",2026/09/16
579,579,417A,(株)ブルーゾーンホールディングス,東証PRM,"1,899",-19,-0.99,"161,700",2026/09/16
580,580,4370,モビルス(株),東証GRT,400,-4,-0.99,"83,700",2026/09/16
581,581,5391,(株)エーアンドエーマテリアル,東証STD,"1,495",-15,-0.99,"4,700",2026/09/16
582,582,6439,中日本鋳工(株),名証MN,401,-4,-0.99,"2,700",2026/09/16
583,583,6562,(株)ジーニー,東証GRT,996,-10,-0.99,"15,600",2026/09/16
584,584,7069,(株)サイバー・バズ,東証GRT,499,-5,-0.99,"31,300",2026/09/16
585,585,7271,(株)安永,東証STD,799,-8,-0.99,"67,600",2026/09/16
586,586,9709,ＮＣＳ＆Ａ(株),東証STD,"1,200",-12,-0.99,"5,700",2026/09/16
587,587,4536,参天製薬(株),東証PRM,"1,725",-17,-0.98,"1,359,100",2026/09/16
588,588,5697,(株)サンユウ,東証STD,806,-8,-0.98,"2,700",2026/09/16
589,589,5936,東洋シヤッター(株),東証STD,906,-9,-0.98,"1,700",2026/09/16
590,590,6225,(株)エコム,名証MN,"2,030",-20,-0.98,"1,200",2026/09/16
591,591,1360,日経平均ベア2倍上場投信,東証ETF,71.8,-0.7,-0.97,"149,326,500",2026/09/16
592,592,2489,(株)アドウェイズ,東証STD,410,-4,-0.97,"84,600",2026/09/16
593,593,2751,(株)テンポスホールディングス,東証STD,"3,580",-35,-0.97,"8,200",2026/09/16
594,594,4175,(株)ｃｏｌｙ,東証GRT,"2,960",-29,-0.97,"5,600",2026/09/16
595,595,5337,ダントーホールディングス(株),東証STD,821,-8,-0.97,"8,300",2026/09/16
596,596,550A,(株)ソフトテックス,東証STD,"2,149",-21,-0.97,"1,200",2026/09/16
597,597,6184,(株)鎌倉新書,東証PRM,613,-6,-0.97,"127,600",2026/09/16
598,598,6637,寺崎電気産業(株),東証STD,"4,075",-40,-0.97,"14,100",2026/09/16
599,599,7481,尾家産業(株),東証STD,"2,555",-25,-0.97,"3,400",2026/09/16
600,600,7823,(株)アートネイチャー,東証STD,821,-8,-0.97,"68,100",2026/09/16
601,601,7992,セーラー万年筆(株),東証STD,102,-1,-0.97,"18,800",2026/09/16
602,602,8056,ＢＩＰＲＯＧＹ(株),東証PRM,"4,793",-47,-0.97,"388,700",2026/09/16
603,603,9009,京成電鉄(株),東証PRM,"1,373.5",-13.5,-0.97,"2,167,600",2026/09/16
604,604,1572,中国H株ブル2倍上場投信,東証ETF,"6,529",-63,-0.96,210,2026/09/16
605,605,1905,(株)テノックス,東証STD,"1,450",-14,-0.96,"3,900",2026/09/16
606,606,4056,ニューラルグループ(株),東証GRT,206,-2,-0.96,"177,200",2026/09/16
607,607,438A,(株)インフキュリオン,東証GRT,"1,034",-10,-0.96,"108,200",2026/09/16
608,608,4733,(株)オービックビジネスコンサルタント,東証PRM,"8,221",-80,-0.96,"114,700",2026/09/16
609,609,6696,(株)トラース・オン・プロダクト,東証GRT,310,-3,-0.96,"16,500",2026/09/16
610,610,2972,サンケイリアルエステート投資法人,東証,"104,800","-1,000",-0.95,"1,115",2026/09/16
611,611,3267,(株)フィル・カンパニー,東証STD,623,-6,-0.95,"9,500",2026/09/16
612,612,3662,(株)エイチームホールディングス,東証PRM,940,-9,-0.95,"51,700",2026/09/16
613,613,4082,第一稀元素化学工業(株),東証PRM,"2,407",-23,-0.95,"246,100",2026/09/16
614,614,4270,(株)ＢｅｅＸ,東証GRT,"1,872",-18,-0.95,"1,300",2026/09/16
615,615,6045,(株)レントラックス,東証GRT,"2,090",-20,-0.95,"14,600",2026/09/16
616,616,6070,キャリアリンク(株),東証PRM,"2,505",-24,-0.95,"25,500",2026/09/16
617,617,6080,Ｍ＆Ａキャピタルパートナーズ(株),東証PRM,"4,185",-40,-0.95,"128,900",2026/09/16
618,618,7707,プレシジョン・システム・サイエンス(株),東証GRT,208,-2,-0.95,"47,700",2026/09/16
619,619,9861,(株)吉野家ホールディングス,東証PRM,"3,761",-36,-0.95,"271,700",2026/09/16
620,620,3853,アステリア(株),東証PRM,"1,057",-10,-0.94,"89,900",2026/09/16
621,621,4716,日本オラクル(株),東証STD,"9,150",-87,-0.94,"169,800",2026/09/16
622,622,5449,大阪製鐵(株),東証STD,"2,527",-24,-0.94,"14,400",2026/09/16
623,623,6633,(株)ＣＧＳホールディングス,東証STD,315,-3,-0.94,"3,000",2026/09/16
624,624,7807,(株)幸和製作所,東証STD,847,-8,-0.94,"6,300",2026/09/16
625,625,9168,(株)ライズ・コンサルティング・グループ,東証GRT,423,-4,-0.94,"48,400",2026/09/16
626,626,9355,(株)リンコーコーポレーション,東証STD,"2,205",-21,-0.94,500,2026/09/16
627,627,9204,スカイマーク(株),東証GRT,425,-4,-0.93,"32,100",2026/09/16
628,628,9610,ウィルソン・ラーニング　ワールドワイド(株),東証STD,107,-1,-0.93,"98,600",2026/09/16
629,629,9996,(株)サトー商会,東証STD,"2,020",-19,-0.93,500,2026/09/16
630,630,2432,(株)ディー・エヌ・エー,東証PRM,"2,535",-23.5,-0.92,"719,400",2026/09/16
631,631,4016,ＭＩＴホールディングス(株),東証STD,"1,073",-10,-0.92,"2,300",2026/09/16
632,632,5258,(株)トランザクション・メディア・ネットワークス,東証GRT,432,-4,-0.92,"27,100",2026/09/16
633,633,5726,(株)大阪チタニウムテクノロジーズ,東証PRM,"2,382",-22,-0.92,"869,600",2026/09/16
634,634,9045,京阪ホールディングス(株),東証PRM,"3,235",-30,-0.92,"166,900",2026/09/16
635,635,9051,センコン物流(株),東証STD,"1,290",-12,-0.92,900,2026/09/16
636,636,9214,Ｒｅｃｏｖｅｒｙ　Ｉｎｔｅｒｎａｔｉｏｎａｌ(株),東証GRT,"1,295",-12,-0.92,"3,300",2026/09/16
637,637,2317,(株)システナ,東証PRM,437,-4,-0.91,"487,300",2026/09/16
638,638,3137,(株)ファンデリー,東証STD,217,-2,-0.91,"11,000",2026/09/16
639,639,4165,(株)プレイド,東証GRT,650,-6,-0.91,"128,300",2026/09/16
640,640,4884,クリングルファーマ(株),東証GRT,436,-4,-0.91,"33,900",2026/09/16
641,641,5530,日本システムバンク(株),名証MN,"1,085",-10,-0.91,"5,000",2026/09/16
642,642,5958,三洋工業(株),東証STD,"4,360",-40,-0.91,"13,100",2026/09/16
643,643,5987,(株)オーネックス,東証STD,"1,630",-15,-0.91,100,2026/09/16
644,644,2198,アイ・ケイ・ケイホールディングス(株),東証PRM,772,-7,-0.9,"29,300",2026/09/16
645,645,3920,アイビーシー(株),東証STD,989,-9,-0.9,400,2026/09/16
646,646,4431,(株)スマレジ,東証GRT,"3,310",-30,-0.9,"122,400",2026/09/16
647,647,4892,(株)サイフューズ,東証GRT,664,-6,-0.9,"95,300",2026/09/16
648,648,7077,(株)ＡＬｉＮＫインターネット,東証GRT,987,-9,-0.9,800,2026/09/16
649,649,7819,粧美堂(株),東証STD,986,-9,-0.9,"66,500",2026/09/16
650,650,7901,(株)マツモト,東証STD,775,-7,-0.9,"5,100",2026/09/16
651,651,8185,(株)チヨダ,東証PRM,993,-9,-0.9,"60,700",2026/09/16
652,652,9165,(株)クオルテック,東証GRT,"1,766",-16,-0.9,"2,400",2026/09/16
653,653,9778,(株)昴,東証STD,"5,500",-50,-0.9,100,2026/09/16
654,654,2641,GX グローバルリーダーズ-日本株式,東証ETF,"4,435",-40,-0.89,"6,740",2026/09/16
655,655,3844,コムチュア(株),東証PRM,"1,341",-12,-0.89,"156,200",2026/09/16
656,656,3900,(株)クラウドワークス,東証GRT,669,-6,-0.89,"30,500",2026/09/16
657,657,4168,(株)ヤプリ,東証GRT,783,-7,-0.89,"46,100",2026/09/16
658,658,4237,フジプレアム(株),東証STD,334,-3,-0.89,"8,400",2026/09/16
659,659,5285,(株)ヤマックス,東証STD,"1,337",-12,-0.89,"12,600",2026/09/16
660,660,7513,(株)コジマ,東証PRM,"1,445",-13,-0.89,"174,600",2026/09/16
661,661,8841,(株)テーオーシー,東証STD,997,-9,-0.89,"53,100",2026/09/16
662,662,9160,(株)オンザページ,東証STD,334,-3,-0.89,"47,000",2026/09/16
663,663,2164,(株)地域新聞社,東証STD,113,-1,-0.88,"27,400",2026/09/16
664,664,286A,(株)ユカリア,東証GRT,793,-7,-0.88,"25,900",2026/09/16
665,665,4477,ＢＡＳＥ(株),東証GRT,336,-3,-0.88,"560,600",2026/09/16
666,666,5900,(株)ダイケン,東証STD,899,-8,-0.88,"1,400",2026/09/16
667,667,6083,ＥＲＩホールディングス(株),東証STD,"1,576",-14,-0.88,"11,800",2026/09/16
668,668,92025,ＡＮＡホールディングス（株）第１回社債型種類株式,東証PRM,"4,750",-42,-0.88,"16,000",2026/09/16
669,669,9343,(株)アイビス,東証GRT,785,-7,-0.88,"18,200",2026/09/16
670,670,9936,(株)王将フードサービス,東証PRM,"2,931",-26,-0.88,"384,300",2026/09/16
671,671,9956,(株)バローホールディングス,東証PRM,"3,375",-30,-0.88,"187,500",2026/09/16
672,672,1577,(NEXT FUNDS)野村日本株高配当70連動型ETF,東証ETF,"59,200",-520,-0.87,"2,042",2026/09/16
673,673,2325,(株)ＮＪＳ,東証PRM,"4,550",-40,-0.87,"20,300",2026/09/16
674,674,2742,(株)ハローズ,東証PRM,"3,970",-35,-0.87,"20,200",2026/09/16
675,675,3092,(株)ＺＯＺＯ,東証PRM,"1,145.5",-10,-0.87,"2,118,100",2026/09/16
676,676,4889,(株)レナサイエンス,東証GRT,"1,138",-10,-0.87,"155,100",2026/09/16
677,677,5582,(株)グリッド,東証GRT,"2,054",-18,-0.87,"13,000",2026/09/16
678,678,7373,(株)アイドマ・ホールディングス,東証GRT,912,-8,-0.87,"33,000",2026/09/16
679,679,7522,ワタミ(株),東証PRM,908,-8,-0.87,"158,200",2026/09/16
680,680,7681,(株)レオクラン,東証STD,"1,024",-9,-0.87,"2,800",2026/09/16
681,681,8227,(株)しまむら,東証PRM,"3,188",-28,-0.87,"573,200",2026/09/16
682,682,2207,(株)ｍｅｉｔｏ,東証PRM,"3,465",-30,-0.86,"34,700",2026/09/16
683,683,4062,イビデン(株),東証PRM,"18,950",-165,-0.86,"6,582,500",2026/09/16
684,684,8979,スターツプロシード投資法人,東証,"184,600","-1,600",-0.86,605,2026/09/16
685,685,4197,(株)アスマーク,東証STD,"2,341",-20,-0.85,"2,300",2026/09/16
686,686,4245,(株)ダイキアクシス,東証STD,701,-6,-0.85,"8,300",2026/09/16
687,687,4286,(株)ＣＬホールディングス,東証STD,"1,287",-11,-0.85,"15,800",2026/09/16
688,688,4932,(株)アルマード,東証STD,819,-7,-0.85,"9,900",2026/09/16
689,689,554A,(株)バトンズ,東証GRT,"1,520",-13,-0.85,"2,600",2026/09/16
690,690,7022,サノヤスホールディングス(株),東証STD,352,-3,-0.85,"79,400",2026/09/16
691,691,9252,(株)ラストワンマイル,東証GRT,"4,095",-35,-0.85,"6,400",2026/09/16
692,692,1381,(株)アクシーズ,東証STD,"3,545",-30,-0.84,"6,100",2026/09/16
693,693,1798,(株)守谷商会,東証STD,"1,058",-9,-0.84,300,2026/09/16
694,694,3046,(株)ジンズホールディングス,東証PRM,"5,870",-50,-0.84,"149,100",2026/09/16
695,695,3773,(株)アドバンスト・メディア,東証GRT,"1,060",-9,-0.84,"32,700",2026/09/16
696,696,4374,(株)ＲＯＢＯＴ　ＰＡＹＭＥＮＴ,東証GRT,"2,485",-21,-0.84,"2,800",2026/09/16
697,697,6111,旭精機工業(株),名証MN,"2,017",-17,-0.84,700,2026/09/16
698,698,6469,(株)放電精密加工研究所,東証STD,"2,716",-23,-0.84,"48,000",2026/09/16
699,699,7551,(株)ウェッズ,東証STD,705,-6,-0.84,"6,600",2026/09/16
700,700,4434,(株)サーバーワークス,東証STD,"2,393",-20,-0.83,"22,500",2026/09/16
701,701,4519,中外製薬(株),東証PRM,"6,446",-54,-0.83,"2,225,200",2026/09/16
702,702,5891,(株)ＳＡＫＩＧＡＫＥホールディングス,東証STD,"1,674",-14,-0.83,"5,100",2026/09/16
703,703,6334,明治機械(株),東証STD,477,-4,-0.83,"1,200",2026/09/16
704,704,7963,興研(株),東証STD,"1,800",-15,-0.83,"4,800",2026/09/16
705,705,3591,(株)ワコールホールディングス,東証PRM,"3,994",-33,-0.82,"88,600",2026/09/16
706,706,7073,(株)ジェイック,東証GRT,"2,312",-19,-0.82,"1,100",2026/09/16
707,707,8876,(株)リログループ,東証PRM,"2,167",-18,-0.82,"513,000",2026/09/16
708,708,8887,(株)シーラホールディングス,東証STD,361,-3,-0.82,"52,300",2026/09/16
709,709,9020,東日本旅客鉄道(株),東証PRM,"3,499",-29,-0.82,"2,568,900",2026/09/16
710,710,156A,マテリアルグループ(株),東証GRT,860,-7,-0.81,"23,600",2026/09/16
711,711,2379,ディップ(株),東証PRM,"1,829",-15,-0.81,"202,900",2026/09/16
712,712,2440,(株)ぐるなび,東証STD,122,-1,-0.81,"120,000",2026/09/16
713,713,3776,(株)ブロードバンドタワー,東証STD,246,-2,-0.81,"133,400",2026/09/16
714,714,497A,インバウンド消費関連 日本株(ネットリターン)ETN,東証ETF,"10,355",-85,-0.81,280,2026/09/16
715,715,262A,(株)インターメスティック,東証PRM,"1,736",-14,-0.8,"150,300",2026/09/16
716,716,3561,(株)力の源ホールディングス,東証PRM,"1,492",-12,-0.8,"77,200",2026/09/16
717,717,6778,(株)アルチザネットワークス,東証STD,618,-5,-0.8,"20,600",2026/09/16
718,718,6986,双葉電子工業(株),東証PRM,741,-6,-0.8,"192,700",2026/09/16
719,719,2204,(株)中村屋,東証STD,"3,140",-25,-0.79,"8,600",2026/09/16
720,720,3064,(株)ＭｏｎｏｔａＲＯ,東証PRM,"1,957",-15.5,-0.79,"1,826,100",2026/09/16
721,721,3536,アクサスホールディングス(株),東証STD,126,-1,-0.79,"5,500",2026/09/16
722,722,4320,(株)ＣＥホールディングス,東証STD,"1,632",-13,-0.79,"219,800",2026/09/16
723,723,6049,(株)イトクロ,東証GRT,250,-2,-0.79,"6,800",2026/09/16
724,724,6538,(株)ディスラプターズ,東証STD,250,-2,-0.79,"42,800",2026/09/16
725,725,7488,(株)ヤガミ,名証MN,"5,000",-40,-0.79,400,2026/09/16
726,726,9405,朝日放送グループホールディングス(株),東証PRM,875,-7,-0.79,"51,900",2026/09/16
727,727,378A,(株)ヒット,東証GRT,895,-7,-0.78,"35,100",2026/09/16
728,728,5194,相模ゴム工業(株),東証STD,636,-5,-0.78,"4,400",2026/09/16
729,729,6016,(株)ジャパンエンジンコーポレーション,東証STD,"11,390",-90,-0.78,"84,000",2026/09/16
730,730,6146,(株)ディスコ,東証PRM,"51,000",-400,-0.78,"1,348,900",2026/09/16
731,731,6230,ＳＡＮＥＩ(株),東証STD,"2,163",-17,-0.78,300,2026/09/16
732,732,6894,パルステック工業(株),東証STD,"2,152",-17,-0.78,200,2026/09/16
733,733,7383,(株)ネットプロテクションズホールディングス,東証PRM,382,-3,-0.78,"490,400",2026/09/16
734,734,2193,クックパッド(株),東証STD,129,-1,-0.77,"156,900",2026/09/16
735,735,3202,ダイトウボウ(株),東証STD,129,-1,-0.77,"15,100",2026/09/16
736,736,3649,(株)ファインデックス,東証PRM,908,-7,-0.77,"59,800",2026/09/16
737,737,4337,ぴあ(株),東証PRM,"2,586",-20,-0.77,"20,100",2026/09/16
738,738,4570,(株)免疫生物研究所,東証GRT,"1,153",-9,-0.77,"143,900",2026/09/16
739,739,4728,(株)トーセ,東証STD,647,-5,-0.77,"1,600",2026/09/16
740,740,6989,北陸電気工業(株),東証STD,"2,312",-18,-0.77,"95,900",2026/09/16
741,741,7538,(株)大水,東証STD,389,-3,-0.77,"10,200",2026/09/16
742,742,2046,NEXT NOTES インドNifty･ダブル・ブル ETN,東証ETF,"22,200",-170,-0.76,355,2026/09/16
743,743,2930,(株)北の達人コーポレーション,東証PRM,131,-1,-0.76,"263,400",2026/09/16
744,744,4990,昭和化学工業(株),東証STD,521,-4,-0.76,"3,700",2026/09/16
745,745,6094,(株)フリークアウト・ホールディングス,東証GRT,521,-4,-0.76,"30,600",2026/09/16
746,746,7314,(株)小田原機器,東証STD,"1,311",-10,-0.76,"1,500",2026/09/16
747,747,2267,(株)ヤクルト本社,東証PRM,"2,831.5",-21.5,-0.75,"800,900",2026/09/16
748,748,2353,日本駐車場開発(株),東証PRM,266,-2,-0.75,"2,233,600",2026/09/16
749,749,4751,(株)サイバーエージェント,東証PRM,"1,253.5",-9.5,-0.75,"3,648,500",2026/09/16
750,750,5834,ＳＢＩリーシングサービス(株),東証GRT,"2,781",-21,-0.75,"36,100",2026/09/16
751,751,6547,(株)グリーンズ,東証STD,"2,127",-16,-0.75,"23,700",2026/09/16
752,752,6572,オープングループ(株),東証PRM,265,-2,-0.75,"78,400",2026/09/16
753,753,9271,(株)和心,東証GRT,929,-7,-0.75,"5,300",2026/09/16
754,754,9285,東京インフラ・エネルギー投資法人,東証,"39,800",-300,-0.75,127,2026/09/16
755,755,1826,佐田建設(株),東証STD,"1,069",-8,-0.74,"7,200",2026/09/16
756,756,3537,昭栄薬品(株),東証STD,"1,742",-13,-0.74,"3,800",2026/09/16
757,757,3695,ＧＭＯプロダクトプラットフォーム(株),東証GRT,"1,613",-12,-0.74,"12,100",2026/09/16
758,758,4377,(株)ワンキャリア,東証GRT,"2,292",-17,-0.74,"33,200",2026/09/16
759,759,4650,ＳＤエンターテイメント(株),東証STD,269,-2,-0.74,"2,500",2026/09/16
760,760,8006,ユアサ・フナショク(株),東証STD,"1,479",-11,-0.74,"4,200",2026/09/16
761,761,8179,ロイヤルホールディングス(株),東証PRM,"1,337",-10,-0.74,"230,900",2026/09/16
762,762,9539,京葉瓦斯(株),東証STD,"1,334",-10,-0.74,"5,700",2026/09/16
763,763,1621,(NEXT FUNDS)医薬品上場投信,東証ETF,"29,850",-220,-0.73,731,2026/09/16
764,764,2163,(株)アルトナー,東証PRM,946,-7,-0.73,"15,600",2026/09/16
765,765,2659,(株)サンエー,東証PRM,"3,400",-25,-0.73,"153,500",2026/09/16
766,766,3723,日本ファルコム(株),東証GRT,"2,722",-20,-0.73,"4,600",2026/09/16
767,767,4691,ワシントンホテル(株),東証STD,"2,050",-15,-0.73,"56,700",2026/09/16
768,768,4743,(株)アイティフォー,東証PRM,"1,642",-12,-0.73,"50,700",2026/09/16
769,769,6496,(株)中北製作所,東証STD,"5,440",-40,-0.73,"2,500",2026/09/16
770,770,6544,ジャパンエレベーターサービスホールディングス(株),東証PRM,"1,504",-11,-0.73,"610,100",2026/09/16
771,771,6568,神戸天然物化学(株),東証GRT,"1,220",-9,-0.73,"1,800",2026/09/16
772,772,7030,(株)スプリックス,東証STD,958,-7,-0.73,"12,600",2026/09/16
773,773,9428,(株)クロップス,東証STD,"1,487",-11,-0.73,300,2026/09/16
774,774,9946,ミニストップ(株),東証PRM,"1,771",-13,-0.73,"54,000",2026/09/16
775,775,1771,日本乾溜工業(株),福証,965,-7,-0.72,100,2026/09/16
776,776,2695,くら寿司(株),東証PRM,"1,659",-12,-0.72,"387,800",2026/09/16
777,777,4176,(株)ココナラ,東証GRT,275,-2,-0.72,"46,700",2026/09/16
778,778,4893,ノイルイミューン・バイオテック(株),東証GRT,138,-1,-0.72,"41,500",2026/09/16
779,779,6031,ＺＥＴＡ(株),東証STD,275,-2,-0.72,"27,200",2026/09/16
780,780,7971,東リ(株),東証STD,692,-5,-0.72,"74,000",2026/09/16
781,781,8142,(株)トーホー,東証PRM,"1,380",-10,-0.72,"78,700",2026/09/16
782,782,9267,Ｇｅｎｋｙ　ＤｒｕｇＳｔｏｒｅｓ(株),東証PRM,"3,440",-25,-0.72,"84,000",2026/09/16
783,783,9434,ソフトバンク(株),東証PRM,248.8,-1.8,-0.72,"65,775,400",2026/09/16
784,784,9643,中日本興業(株),名証MN,"11,020",-80,-0.72,100,2026/09/16
785,785,9878,(株)セキド,東証STD,415,-3,-0.72,"16,000",2026/09/16
786,786,2639,GX バイオ＆メドテック-日本株式,東証ETF,"1,688",-12,-0.71,290,2026/09/16
787,787,3632,グリーホールディングス(株),東証PRM,422,-3,-0.71,"303,400",2026/09/16
788,788,3640,(株)電算,東証STD,"2,790",-20,-0.71,"5,900",2026/09/16
789,789,9342,(株)スマサポ,東証GRT,980,-7,-0.71,"1,200",2026/09/16
790,790,9561,(株)グラッドキューブ,東証GRT,422,-3,-0.71,"5,800",2026/09/16
791,791,2001,(株)ニップン,東証PRM,"2,973",-21,-0.7,"111,100",2026/09/16
792,792,3157,ジオリーブグループ(株),東証STD,"1,425",-10,-0.7,"2,100",2026/09/16
793,793,3222,ユナイテッド・スーパーマーケット・ホールディングス(株),東証STD,850,-6,-0.7,"321,700",2026/09/16
794,794,2627,GX eコマース-日本株式,東証ETF,"1,580",-11,-0.69,3,2026/09/16
795,795,369A,(株)エータイ,東証GRT,"2,602",-18,-0.69,"5,600",2026/09/16
796,796,4553,東和薬品(株),東証PRM,"3,600",-25,-0.69,"88,400",2026/09/16
797,797,4686,(株)ジャストシステム,東証PRM,"4,295",-30,-0.69,"105,100",2026/09/16
798,798,6257,(株)藤商事,東証STD,"1,012",-7,-0.69,"35,600",2026/09/16
799,799,6614,(株)シキノハイテック,東証STD,863,-6,-0.69,"2,200",2026/09/16
800,800,7157,ライフネット生命保険(株),東証PRM,"1,439",-10,-0.69,"170,800",2026/09/16
801,801,7162,アストマックス(株),東証STD,289,-2,-0.69,"49,000",2026/09/16
802,802,2502,アサヒグループホールディングス(株),東証PRM,"1,610",-11,-0.68,"4,916,900",2026/09/16
803,803,4662,(株)フォーカスシステムズ,東証PRM,"1,610",-11,-0.68,"14,900",2026/09/16
804,804,5133,(株)テリロジーホールディングス,東証STD,290,-2,-0.68,"20,700",2026/09/16
805,805,6537,ＷＡＳＨハウス(株),東証GRT,293,-2,-0.68,"5,300",2026/09/16
806,806,8071,東海エレクトロニクス(株),名証MN,"2,933",-20,-0.68,200,2026/09/16
807,807,1580,日経平均ベア上場投信,東証ETF,810.5,-5.5,-0.67,"331,780",2026/09/16
808,808,2915,ケンコーマヨネーズ(株),東証PRM,"2,084",-14,-0.67,"46,800",2026/09/16
809,809,3004,神栄(株),東証STD,"2,068",-14,-0.67,"6,900",2026/09/16
810,810,4735,(株)京進,東証STD,297,-2,-0.67,"7,400",2026/09/16
811,811,5026,(株)トリプルアイズ,東証GRT,593,-4,-0.67,"8,600",2026/09/16
812,812,5108,(株)ブリヂストン,東証PRM,"3,715",-25,-0.67,"2,707,700",2026/09/16
813,813,9948,(株)アークス,東証PRM,"3,725",-25,-0.67,"79,600",2026/09/16
814,814,2378,(株)ルネサンス,東証PRM,"1,051",-7,-0.66,"22,500",2026/09/16
815,815,2780,(株)コメ兵ホールディングス,東証STD,"4,485",-30,-0.66,"93,300",2026/09/16
816,816,3232,三重交通グループホールディングス(株),東証PRM,599,-4,-0.66,"236,600",2026/09/16
817,817,3422,(株)Ｊ－ＭＡＸ,東証STD,598,-4,-0.66,"57,900",2026/09/16
818,818,4512,わかもと製薬(株),東証STD,300,-2,-0.66,"20,400",2026/09/16
819,819,5950,日本パワーファスニング(株),東証STD,150,-1,-0.66,"13,600",2026/09/16
820,820,6046,(株)リンクバル,東証STD,150,-1,-0.66,"55,600",2026/09/16
821,821,6190,(株)フェニックスバイオ,東証GRT,300,-2,-0.66,"5,700",2026/09/16
822,822,7039,ブリッジインターナショナルグループ(株),東証GRT,"1,364",-9,-0.66,"8,800",2026/09/16
823,823,7545,(株)西松屋チェーン,東証PRM,"1,951",-13,-0.66,"101,100",2026/09/16
824,824,7939,(株)研創,東証STD,601,-4,-0.66,500,2026/09/16
825,825,8219,青山商事(株),東証PRM,758,-5,-0.66,"703,600",2026/09/16
826,826,9247,ＴＲＥホールディングス(株),東証PRM,"1,796",-12,-0.66,"185,500",2026/09/16
827,827,1925,大和ハウス工業(株),東証PRM,"4,557",-30,-0.65,"1,339,900",2026/09/16
828,828,246A,(株)アスア,東証GRT,"1,070",-7,-0.65,"67,500",2026/09/16
829,829,3042,(株)セキュアヴェイル,東証STD,305,-2,-0.65,"28,100",2026/09/16
830,830,3387,(株)クリエイト・レストランツ・ホールディングス,東証PRM,763,-5,-0.65,"827,700",2026/09/16
831,831,3419,アートグリーン(株),名証NXT,"1,977",-13,-0.65,400,2026/09/16
832,832,3635,(株)コーエーテクモホールディングス,東証PRM,"1,672",-11,-0.65,"672,400",2026/09/16
833,833,4994,大成ラミックグループ(株),東証STD,"2,758",-18,-0.65,"12,100",2026/09/16
834,834,517A,iFreeETF 米ドル・べア(1倍),東証ETF,"1,972",-13,-0.65,200,2026/09/16
835,835,5491,日本金属(株),東証STD,923,-6,-0.65,"93,700",2026/09/16
836,836,6042,(株)ニッキ,東証STD,"3,830",-25,-0.65,300,2026/09/16
837,837,6521,(株)オキサイド,東証GRT,"3,055",-20,-0.65,"58,800",2026/09/16
838,838,6551,(株)ツナググループ・ホールディングス,東証STD,616,-4,-0.65,"15,100",2026/09/16
839,839,7357,(株)ジオコード,東証STD,"1,689",-11,-0.65,"1,800",2026/09/16
840,840,8160,(株)木曽路,東証PRM,"2,442",-16,-0.65,"93,700",2026/09/16
841,841,9284,カナディアン・ソーラー・インフラ投資法人,東証,"76,300",-500,-0.65,607,2026/09/16
842,842,9889,ＪＢＣＣホールディングス(株),東証PRM,"1,694",-11,-0.65,"206,700",2026/09/16
843,843,9989,(株)サンドラッグ,東証PRM,"3,695",-24,-0.65,"279,200",2026/09/16
844,844,2082,投資家経営者一心同体ETF,東証ETF,"1,234",-8,-0.64,23,2026/09/16
845,845,2282,日本ハム(株),東証PRM,"6,211",-40,-0.64,"389,300",2026/09/16
846,846,2483,(株)翻訳センター,東証STD,"2,190",-14,-0.64,"6,400",2026/09/16
847,847,2962,(株)テクニスコ,東証STD,"1,707",-11,-0.64,"168,300",2026/09/16
848,848,3559,(株)ピーバンドットコム,東証STD,463,-3,-0.64,700,2026/09/16
849,849,4809,パラカ(株),東証PRM,"2,022",-13,-0.64,"19,100",2026/09/16
850,850,556A,犬猫生活(株),東証GRT,"2,344",-15,-0.64,"51,900",2026/09/16
851,851,5570,(株)ジェノバ,東証GRT,619,-4,-0.64,"6,900",2026/09/16
852,852,6307,サンセイ(株),東証STD,465,-3,-0.64,"2,200",2026/09/16
853,853,7273,(株)イクヨ,東証STD,618,-4,-0.64,"68,300",2026/09/16
854,854,8622,水戸証券(株),東証PRM,929,-6,-0.64,"252,600",2026/09/16
855,855,1569,TOPIXベア上場投信,東証ETF,741.1,-4.7,-0.63,"36,500",2026/09/16
856,856,2708,(株)久世,東証STD,"1,888",-12,-0.63,900,2026/09/16
857,857,3077,ホリイフードサービス(株),東証STD,"1,268",-8,-0.63,"65,400",2026/09/16
858,858,4113,田岡化学工業(株),東証STD,783,-5,-0.63,"35,200",2026/09/16
859,859,5831,(株)しずおかフィナンシャルグループ,東証PRM,"3,491",-22,-0.63,"1,459,100",2026/09/16
860,860,7087,(株)ウイルテック,東証STD,"1,429",-9,-0.63,"4,600",2026/09/16
861,861,8308,(株)りそなホールディングス,東証PRM,"2,447.5",-15.5,-0.63,"7,221,300",2026/09/16
862,862,1457,iFreeETF TOPIXインバース(-1倍)指数,東証ETF,"1,775",-11,-0.62,"1,377",2026/09/16
863,863,1853,(株)森組,東証STD,322,-2,-0.62,"26,100",2026/09/16
864,864,206A,(株)ＰＲＩＳＭ　ＢｉｏＬａｂ,東証GRT,160,-1,-0.62,"73,400",2026/09/16
865,865,219A,Ｈｅａｒｔｓｅｅｄ(株),東証GRT,"2,420",-15,-0.62,"335,000",2026/09/16
866,866,3223,(株)エスエルディー,東証STD,969,-6,-0.62,400,2026/09/16
867,867,3543,(株)コメダホールディングス,東証PRM,"2,870",-18,-0.62,"139,100",2026/09/16
868,868,4712,(株)ＫｅｙＨｏｌｄｅｒ,東証STD,805,-5,-0.62,"4,600",2026/09/16
869,869,540A,上場インデックスファンド日経銀行株トップ10,東証ETF,"2,076",-13,-0.62,"38,537",2026/09/16
870,870,6897,(株)ツインバード,東証STD,640,-4,-0.62,"32,700",2026/09/16
871,871,8113,ユニ・チャーム(株),東証PRM,955,-6,-0.62,"3,073,200",2026/09/16
872,872,1626,(NEXT FUNDS)情報通信･サービス上場投信,東証ETF,"49,210",-300,-0.61,370,2026/09/16
873,873,3087,(株)ドトール・日レスホールディングス,東証PRM,"3,240",-20,-0.61,"69,900",2026/09/16
874,874,3333,(株)あさひ,東証PRM,"1,304",-8,-0.61,"92,800",2026/09/16
875,875,3470,マリモ地方創生リート投資法人,東証,"97,700",-600,-0.61,"1,777",2026/09/16
876,876,3660,(株)アイスタイル,東証PRM,486,-3,-0.61,"550,600",2026/09/16
877,877,4432,ウイングアーク１ｓｔ(株),東証PRM,"3,270",-20,-0.61,"48,800",2026/09/16
878,878,6058,(株)ベクトル,東証PRM,"1,960",-12,-0.61,"190,600",2026/09/16
879,879,8604,野村ホールディングス(株),東証PRM,"1,634.5",-10,-0.61,"8,310,000",2026/09/16
880,880,8984,大和ハウスリート投資法人,東証,"114,400",-700,-0.61,"8,363",2026/09/16
881,881,9360,鈴与シンワート(株),東証STD,"2,758",-17,-0.61,"1,100",2026/09/16
882,882,1631,(NEXT FUNDS)銀行上場投信,東証ETF,"41,510",-250,-0.6,"1,693",2026/09/16
883,883,3069,(株)ＪＦＬＡホールディングス,東証STD,165,-1,-0.6,"48,200",2026/09/16
884,884,3148,(株)クリエイトＳＤホールディングス,東証PRM,"3,325",-20,-0.6,"41,200",2026/09/16
885,885,4825,(株)ウェザーニューズ,東証PRM,"1,999",-12,-0.6,"127,200",2026/09/16
886,886,6063,日本エマージェンシーアシスタンス(株),東証STD,"1,001",-6,-0.6,600,2026/09/16
887,887,6535,(株)アイモバイル,東証PRM,500,-3,-0.6,"123,500",2026/09/16
888,888,7003,(株)三井Ｅ＆Ｓ,東証PRM,"4,145",-25,-0.6,"1,793,500",2026/09/16
889,889,9006,京浜急行電鉄(株),東証PRM,"1,565",-9.5,-0.6,"455,100",2026/09/16
890,890,9049,京福電気鉄道(株),東証STD,"6,590",-40,-0.6,300,2026/09/16
891,891,2305,(株)スタジオアリス,東証STD,"1,859",-11,-0.59,"22,200",2026/09/16
892,892,2438,(株)アスカネット,東証GRT,339,-2,-0.59,"31,000",2026/09/16
893,893,272A,(株)グリーンクロスホールディングス,福証,"1,347",-8,-0.59,800,2026/09/16
894,894,328A,GX プライシングパワー・リーダーズ-日本株式,東証ETF,"1,352",-8,-0.59,674,2026/09/16
895,895,3674,(株)オークファン,東証GRT,337,-2,-0.59,"7,000",2026/09/16
896,896,4486,ユナイトアンドグロウ(株),東証GRT,670,-4,-0.59,"9,400",2026/09/16
897,897,4681,リゾートトラスト(株),東証PRM,"1,771",-10.5,-0.59,"289,500",2026/09/16
898,898,5941,(株)中西製作所,東証STD,"2,680",-16,-0.59,900,2026/09/16
899,899,6255,(株)エヌ・ピー・シー,東証GRT,679,-4,-0.59,"131,600",2026/09/16
900,900,9142,九州旅客鉄道(株),東証PRM,"3,540",-21,-0.59,"463,600",2026/09/16
901,901,1768,(株)ソネック,東証STD,"1,026",-6,-0.58,"3,100",2026/09/16
902,902,197A,(株)タウンズ,東証STD,512,-3,-0.58,"169,800",2026/09/16
903,903,4015,ペイクラウドホールディングス(株),東証GRT,515,-3,-0.58,"7,700",2026/09/16
904,904,402A,(株)アクセルスペースホールディングス,東証GRT,517,-3,-0.58,"662,500",2026/09/16
905,905,4261,アジアクエスト(株),東証GRT,"2,924",-17,-0.58,"3,800",2026/09/16
906,906,4832,ＪＦＥシステムズ(株),東証STD,"1,901",-11,-0.58,"14,100",2026/09/16
907,907,5248,(株)テクノロジーズ,東証GRT,516,-3,-0.58,"6,500",2026/09/16
908,908,5268,旭コンクリート工業(株),東証STD,857,-5,-0.58,"5,500",2026/09/16
909,909,7044,(株)ピアラ,東証STD,516,-3,-0.58,"4,300",2026/09/16
910,910,7064,(株)ハウテレビジョン,東証STD,"1,022",-6,-0.58,"5,700",2026/09/16
911,911,7361,(株)ヒューマンクリエイションホールディングス,東証GRT,"1,192",-7,-0.58,"2,300",2026/09/16
912,912,7957,フジコピアン(株),東証STD,"2,560",-15,-0.58,"1,800",2026/09/16
913,913,9250,(株)ＧＲＣＳ,東証GRT,"1,025",-6,-0.58,600,2026/09/16
914,914,178A,GX 革新的優良企業,東証ETF,"1,576",-9,-0.57,"28,362",2026/09/16
915,915,195A,(株)ＭＵＳＣＡＴ　ＧＲＯＵＰ,東証GRT,702,-4,-0.57,"11,400",2026/09/16
916,916,2136,(株)ヒップ,東証STD,"1,404",-8,-0.57,"1,900",2026/09/16
917,917,2497,ユナイテッド(株),東証GRT,526,-3,-0.57,"20,700",2026/09/16
918,918,3252,地主(株),東証PRM,"2,773",-16,-0.57,"137,200",2026/09/16
919,919,3418,(株)バルニバービ,東証GRT,"1,045",-6,-0.57,"15,700",2026/09/16
920,920,4845,(株)スカラ,東証STD,348,-2,-0.57,"29,300",2026/09/16
921,921,6316,(株)丸山製作所,東証STD,"2,988",-17,-0.57,"9,300",2026/09/16
922,922,7042,(株)アクセスグループ・ホールディングス,東証STD,693,-4,-0.57,"1,700",2026/09/16
923,923,8228,(株)マルイチ産商,名証MN,"1,048",-6,-0.57,"46,100",2026/09/16
924,924,8914,エリアリンク(株),東証STD,875,-5,-0.57,"53,500",2026/09/16
925,925,8920,(株)東祥,東証STD,695,-4,-0.57,"37,700",2026/09/16
926,926,2492,(株)インフォマート,東証PRM,708,-4,-0.56,"2,732,600",2026/09/16
927,927,2626,GX デジタル・イノベーション-日本株式,東証ETF,"3,351",-19,-0.56,96,2026/09/16
928,928,3058,(株)三洋堂ホールディングス,東証STD,714,-4,-0.56,"1,500",2026/09/16
929,929,3656,ＫＬａｂ(株),東証PRM,178,-1,-0.56,"1,069,500",2026/09/16
930,930,3911,(株)Ａｉｍｉｎｇ,東証GRT,177,-1,-0.56,"162,400",2026/09/16
931,931,4709,(株)ＩＤホールディングス,東証PRM,"1,071",-6,-0.56,"43,700",2026/09/16
932,932,8383,(株)鳥取銀行,東証STD,"1,940",-11,-0.56,"17,500",2026/09/16
933,933,9008,京王電鉄(株),東証PRM,798.9,-4.5,-0.56,"1,999,100",2026/09/16
934,934,9432,ＮＴＴ(株),東証PRM,177.1,-1,-0.56,"152,906,500",2026/09/16
935,935,1384,(株)ホクリヨウ,東証STD,"2,172",-12,-0.55,"7,800",2026/09/16
936,936,1888,若築建設(株),東証PRM,"3,635",-20,-0.55,"12,000",2026/09/16
937,937,2722,(株)ＩＫホールディングス,東証STD,360,-2,-0.55,"4,200",2026/09/16
938,938,3166,ＯＣＨＩホールディングス(株),東証STD,"1,453",-8,-0.55,"4,500",2026/09/16
939,939,3927,(株)フーバーブレイン,東証STD,909,-5,-0.55,"15,500",2026/09/16
940,940,5589,(株)オートサーバー,東証STD,"2,869",-16,-0.55,400,2026/09/16
941,941,5997,協立エアテック(株),東証STD,902,-5,-0.55,800,2026/09/16
942,942,6030,(株)アドベンチャー,東証GRT,"1,820",-10,-0.55,"18,100",2026/09/16
943,943,7135,ジャパンクラフトホールディングス(株),東証STD,180,-1,-0.55,"33,000",2026/09/16
944,944,7965,象印マホービン(株),東証PRM,"1,457",-8,-0.55,"83,600",2026/09/16
945,945,8291,日産東京販売ホールディングス(株),東証STD,546,-3,-0.55,"69,700",2026/09/16
946,946,9388,(株)パパネッツ,福岡Q,905,-5,-0.55,"1,400",2026/09/16
947,947,1651,iFreeETF TOPIX高配当40指数,東証ETF,"3,315",-18,-0.54,"8,542",2026/09/16
948,948,2923,サトウ食品(株),東証STD,"7,320",-40,-0.54,"3,700",2026/09/16
949,949,318A,VIX短期先物指数ETF,東証ETF,352.2,-1.9,-0.54,"664,430",2026/09/16
950,950,3810,サイバーステップホールディングス(株),東証STD,185,-1,-0.54,"437,700",2026/09/16
951,951,3932,(株)アカツキ,東証PRM,"3,675",-20,-0.54,"90,200",2026/09/16
952,952,4623,(株)アサヒペン,東証STD,"1,855",-10,-0.54,"1,300",2026/09/16
953,953,5698,(株)エンビプロ・ホールディングス,東証STD,731,-4,-0.54,"92,400",2026/09/16
954,954,6540,(株)船場,東証STD,"1,485",-8,-0.54,"14,500",2026/09/16
955,955,7616,(株)コロワイド,東証PRM,"2,027.5",-11,-0.54,"537,100",2026/09/16
956,956,8111,(株)ゴールドウイン,東証PRM,"2,129.5",-11.5,-0.54,"355,100",2026/09/16
957,957,9034,南総通運(株),東証STD,"1,667",-9,-0.54,"5,400",2026/09/16
958,958,9238,バリュークリエーション(株),東証GRT,368,-2,-0.54,"5,900",2026/09/16
959,959,9658,(株)ビジネスブレイン太田昭和,東証PRM,"1,095",-6,-0.54,"72,400",2026/09/16
960,960,148A,(株)ハッチ・ワーク,東証GRT,"1,691",-9,-0.53,"4,100",2026/09/16
961,961,1972,三晃金属工業(株),東証STD,"1,302",-7,-0.53,"26,600",2026/09/16
962,962,2087,NZAM 上場投信 NASDAQ100(H有),東証ETF,"3,392",-18,-0.53,6,2026/09/16
963,963,2175,(株)エス・エム・エス,東証PRM,"2,652",-14,-0.53,"200,000",2026/09/16
964,964,2892,日本食品化工(株),東証STD,"4,710",-25,-0.53,"11,800",2026/09/16
965,965,4388,(株)エーアイ,東証STD,376,-2,-0.53,"5,900",2026/09/16
966,966,4985,アース製薬(株),東証PRM,"4,705",-25,-0.53,"34,600",2026/09/16
967,967,5261,リソルホールディングス(株),東証PRM,"7,550",-40,-0.53,"3,600",2026/09/16
968,968,7043,アルー(株),東証GRT,940,-5,-0.53,"8,400",2026/09/16
969,969,7368,表示灯(株),東証STD,"1,691",-9,-0.53,300,2026/09/16
970,970,9408,(株)ＢＳＮメディアホールディングス,東証STD,"2,608",-14,-0.53,300,2026/09/16
971,971,1551,東証スタンダードTOP20,東証ETF,"7,073",-37,-0.52,20,2026/09/16
972,972,2211,(株)不二家,東証PRM,"2,500",-13,-0.52,"24,700",2026/09/16
973,973,2788,アップルインターナショナル(株),東証STD,384,-2,-0.52,"32,900",2026/09/16
974,974,3909,(株)ショーケース,東証STD,191,-1,-0.52,"6,300",2026/09/16
975,975,4334,(株)ユークス,東証STD,382,-2,-0.52,"10,900",2026/09/16
976,976,5952,アマテイ(株),東証STD,191,-1,-0.52,"42,400",2026/09/16
977,977,6853,(株)共和電業,東証STD,764,-4,-0.52,"24,100",2026/09/16
978,978,7133,ＨＹＵＧＡ　ＰＲＩＭＡＲＹ　ＣＡＲＥ(株),東証GRT,"1,335",-7,-0.52,"1,400",2026/09/16
979,979,8050,セイコーグループ(株),東証PRM,"9,520",-50,-0.52,"372,600",2026/09/16
980,980,9023,東京地下鉄(株),東証PRM,"1,532",-8,-0.52,"1,242,400",2026/09/16
981,981,9368,キムラユニティー(株),東証STD,957,-5,-0.52,"57,100",2026/09/16
982,982,9795,(株)ステップ,東証PRM,"2,289",-12,-0.52,"18,800",2026/09/16
983,983,218A,(株)Ｌｉｂｅｒａｗａｒｅ,東証GRT,980,-5,-0.51,"386,500",2026/09/16
984,984,4624,イサム塗料(株),東証STD,"3,920",-20,-0.51,"2,200",2026/09/16
985,985,4736,日本ラッド(株),東証STD,587,-3,-0.51,600,2026/09/16
986,986,491A,iシェアーズ S&P500 除く金融 ETF(H有),東証ETF,545.6,-2.8,-0.51,"9,380",2026/09/16
987,987,4976,東洋ドライルーブ(株),東証STD,"1,562",-8,-0.51,"2,100",2026/09/16
988,988,7071,(株)アンビスホールディングス,東証PRM,393,-2,-0.51,"162,400",2026/09/16
989,989,7185,ヒロセ通商(株),東証STD,"3,885",-20,-0.51,"10,100",2026/09/16
990,990,75505,（株）ゼンショーホールディングス第1回社債型種類株式,東証PRM,"4,915",-25,-0.51,"1,300",2026/09/16
991,991,7722,国際計測器(株),東証STD,775,-4,-0.51,"31,300",2026/09/16
992,992,2736,フェスタリアホールディングス(株),東証STD,598,-3,-0.5,"1,300",2026/09/16
993,993,2848,GX MSCI 気候変動対応-日本株式,東証ETF,"3,001",-15,-0.5,3,2026/09/16
994,994,3053,(株)ペッパーフードサービス,東証STD,201,-1,-0.5,"154,100",2026/09/16
995,995,3446,(株)ジェイテックコーポレーション,東証STD,"1,601",-8,-0.5,"16,500",2026/09/16
996,996,3675,(株)クロス・マーケティンググループ,東証STD,598,-3,-0.5,"48,600",2026/09/16
997,997,4439,(株)東名,東証STD,797,-4,-0.5,"3,600",2026/09/16
998,998,4492,(株)ゼネテック,東証STD,397,-2,-0.5,"9,300",2026/09/16
999,999,4558,(株)中京医薬品,東証STD,200,-1,-0.5,"4,400",2026/09/16
1000,1000,523A,(株)セイワホールディングス,東証GRT,"1,776",-9,-0.5,"61,000",2026/09/16
1001,1001,5410,合同製鐵(株),東証PRM,"3,010",-15,-0.5,"54,700",2026/09/16
1002,1002,6082,(株)ライドオンエクスプレスホールディングス,東証STD,990,-5,-0.5,"16,600",2026/09/16
1003,1003,6457,グローリー(株),東証PRM,"4,399",-22,-0.5,"114,300",2026/09/16
1004,1004,7506,(株)ハウス　オブ　ローゼ,東証STD,"1,381",-7,-0.5,500,2026/09/16
1005,1005,7804,(株)ビーアンドピー,東証STD,"2,384",-12,-0.5,"1,900",2026/09/16
1006,1006,7871,フクビ化学工業(株),東証STD,994,-5,-0.5,"4,000",2026/09/16
1007,1007,7883,サンメッセ(株),東証STD,399,-2,-0.5,"2,600",2026/09/16
1008,1008,8835,太平洋興発(株),東証STD,796,-4,-0.5,"8,400",2026/09/16
1009,1009,9163,(株)ナレルグループ,東証GRT,"2,379",-12,-0.5,"12,000",2026/09/16
1010,1010,9663,(株)ナガワ,東証PRM,"4,995",-25,-0.5,"17,700",2026/09/16
1011,1011,2371,(株)カカクコム,東証PRM,"3,820",-19,-0.49,"237,200",2026/09/16
1012,1012,3680,(株)ホットリンク,東証GRT,202,-1,-0.49,"14,200",2026/09/16
1013,1013,4390,(株)アイ・ピー・エス,東証PRM,"4,090",-20,-0.49,"25,600",2026/09/16
1014,1014,5943,(株)ノーリツ,東証PRM,"2,216",-11,-0.49,"87,000",2026/09/16
1015,1015,8045,横浜丸魚(株),東証STD,"2,030",-10,-0.49,400,2026/09/16
1016,1016,8976,大和証券オフィス投資法人,東証,"304,000","-1,500",-0.49,"1,713",2026/09/16
1017,1017,9994,(株)やまや,東証STD,"2,051",-10,-0.49,"2,600",2026/09/16
1018,1018,168A,(株)イタミアート,東証GRT,"1,045",-5,-0.48,"2,700",2026/09/16
1019,1019,241A,(株)ＲＯＸＸ,東証GRT,417,-2,-0.48,"6,400",2026/09/16
1020,1020,2428,ウェルネット(株),東証STD,621,-3,-0.48,"37,300",2026/09/16
1021,1021,2435,(株)シダー,東証STD,207,-1,-0.48,"7,100",2026/09/16
1022,1022,598A,チャットプラス(株),東証GRT,"1,439",-7,-0.48,"48,000",2026/09/16
1023,1023,6824,新コスモス電機(株),東証STD,"4,140",-20,-0.48,"14,400",2026/09/16
1024,1024,8706,極東証券(株),東証PRM,"1,869",-9,-0.48,"139,000",2026/09/16
1025,1025,221A,MAXIS 日経半導体株上場投信,東証ETF,"1,065",-5,-0.47,"49,540",2026/09/16
1026,1026,2918,わらべや日洋ホールディングス(株),東証PRM,"2,745",-13,-0.47,"47,100",2026/09/16
1027,1027,3299,(株)ムゲンエステート,東証STD,"1,698",-8,-0.47,"87,600",2026/09/16
1028,1028,3904,(株)カヤック,東証GRT,421,-2,-0.47,"5,700",2026/09/16
1029,1029,6874,協立電機(株),東証STD,"2,339",-11,-0.47,"2,800",2026/09/16
1030,1030,7689,(株)コパ・コーポレーション,東証GRT,420,-2,-0.47,"459,800",2026/09/16
1031,1031,8077,トルク(株),東証STD,211,-1,-0.47,"6,400",2026/09/16
1032,1032,9723,(株)京都ホテル,東証STD,629,-3,-0.47,"10,100",2026/09/16
1033,1033,9942,(株)ジョイフル,福証,"1,282",-6,-0.47,"4,600",2026/09/16
1034,1034,1456,iFreeETF 日経平均インバース・インデックス,東証ETF,"1,301",-6,-0.46,"12,534",2026/09/16
1035,1035,1495,上場インデックスファンドアジアリート,東証ETF,"10,810",-50,-0.46,287,2026/09/16
1036,1036,2971,エスコンジャパンリート投資法人,東証,"107,200",-500,-0.46,836,2026/09/16
1037,1037,3435,サンコーテクノ(株),東証STD,"1,525",-7,-0.46,"3,400",2026/09/16
1038,1038,3925,(株)ダブルスタンダード,東証PRM,"1,305",-6,-0.46,"24,600",2026/09/16
1039,1039,4481,ベース(株),東証PRM,"3,240",-15,-0.46,"42,000",2026/09/16
1040,1040,4925,(株)ハーバー研究所,東証STD,"1,727",-8,-0.46,"1,100",2026/09/16
1041,1041,4951,エステー(株),東証PRM,"1,524",-7,-0.46,"33,400",2026/09/16
1042,1042,6580,(株)ライトアップ,東証GRT,861,-4,-0.46,"23,800",2026/09/16
1043,1043,7217,(株)テイン,東証STD,435,-2,-0.46,"4,900",2026/09/16
1044,1044,7630,(株)壱番屋,東証PRM,"1,077",-5,-0.46,"439,200",2026/09/16
1045,1045,7980,(株)重松製作所,東証STD,873,-4,-0.46,"25,200",2026/09/16
1046,1046,9537,北陸ガス(株),東証STD,"4,290",-20,-0.46,500,2026/09/16
1047,1047,2170,(株)リンクアンドモチベーション,東証PRM,669,-3,-0.45,"248,300",2026/09/16
1048,1048,477A,(株)スタートライン,東証GRT,876,-4,-0.45,"32,000",2026/09/16
1049,1049,6142,富士精工(株),名証MN,"1,762",-8,-0.45,"4,400",2026/09/16
1050,1050,6226,守谷輸送機工業(株),東証STD,"2,190",-10,-0.45,"50,000",2026/09/16
1051,1051,7033,(株)マネジメントソリューションズ,東証PRM,"1,551",-7,-0.45,"47,100",2026/09/16
1052,1052,7608,(株)エスケイジャパン,東証STD,890,-4,-0.45,"94,700",2026/09/16
1053,1053,8354,(株)ふくおかフィナンシャルグループ,東証PRM,"7,700",-35,-0.45,"724,100",2026/09/16
1054,1054,8705,日産証券グループ(株),東証STD,223,-1,-0.45,"92,100",2026/09/16
1055,1055,8977,阪急阪神リート投資法人,東証,"134,100",-600,-0.45,"1,197",2026/09/16
1056,1056,9439,(株)エム・エイチ・グループ,東証STD,219,-1,-0.45,"8,300",2026/09/16
1057,1057,2220,亀田製菓(株),東証PRM,"1,344",-6,-0.44,"186,200",2026/09/16
1058,1058,2750,石光商事(株),東証STD,"1,352",-6,-0.44,"9,300",2026/09/16
1059,1059,4375,セーフィー(株),東証GRT,677,-3,-0.44,"249,700",2026/09/16
1060,1060,7919,野崎印刷紙業(株),東証STD,225,-1,-0.44,"10,200",2026/09/16
1061,1061,8566,リコーリース(株),東証PRM,"6,850",-30,-0.44,"29,900",2026/09/16
1062,1062,9090,ＡＺ－ＣＯＭ丸和ホールディングス(株),東証PRM,903,-4,-0.44,"329,500",2026/09/16
1063,1063,9629,ピー・シー・エー(株),東証PRM,"1,587",-7,-0.44,"13,600",2026/09/16
1064,1064,2112,塩水港精糖(株),東証STD,462,-2,-0.43,"33,800",2026/09/16
1065,1065,2903,シノブフーズ(株),東証STD,"1,630",-7,-0.43,"1,800",2026/09/16
1066,1066,3969,(株)エイトレッド,東証STD,"1,404",-6,-0.43,"4,500",2026/09/16
1067,1067,4379,(株)Ｐｈｏｔｏｓｙｎｔｈ,東証GRT,465,-2,-0.43,"190,800",2026/09/16
1068,1068,4450,(株)パワーソリューションズ,東証GRT,"2,310",-10,-0.43,"1,200",2026/09/16
1069,1069,4998,フマキラー(株),東証STD,"1,165",-5,-0.43,"11,300",2026/09/16
1070,1070,5038,(株)ｅＷｅＬＬ,東証GRT,"2,098",-9,-0.43,"12,500",2026/09/16
1071,1071,9162,(株)ブリーチ,東証GRT,229,-1,-0.43,"6,600",2026/09/16
1072,1072,9474,(株)ゼンリン,東証PRM,920,-4,-0.43,"111,400",2026/09/16
1073,1073,9713,(株)ロイヤルホテル,東証STD,916,-4,-0.43,"4,200",2026/09/16
1074,1074,9782,(株)ディーエムエス,東証STD,"3,485",-15,-0.43,"26,500",2026/09/16
1075,1075,2003,日東富士製粉(株),東証STD,"1,892",-8,-0.42,"15,500",2026/09/16
1076,1076,220A,(株)Ｆａｂｅｒ　Ｃｏｍｐａｎｙ,東証STD,955,-4,-0.42,800,2026/09/16
1077,1077,2254,GX チャイナEV&バッテリー,東証ETF,956,-4,-0.42,"23,533",2026/09/16
1078,1078,2552,上場Ｊリート(東証REIT指数)隔月分配(ミニ),東証ETF,"1,885",-8,-0.42,549,2026/09/16
1079,1079,2735,(株)ワッツ,東証STD,712,-3,-0.42,"32,000",2026/09/16
1080,1080,3382,(株)セブン＆アイ・ホールディングス,東証PRM,"2,031.5",-8.5,-0.42,"5,997,100",2026/09/16
1081,1081,3639,(株)ボルテージ,東証STD,235,-1,-0.42,"7,600",2026/09/16
1082,1082,3696,(株)セレス,東証PRM,"2,150",-9,-0.42,"43,400",2026/09/16
1083,1083,4421,(株)ディ・アイ・システム,東証STD,947,-4,-0.42,"2,500",2026/09/16
1084,1084,4768,(株)大塚商会,東証PRM,"3,591",-15,-0.42,"962,700",2026/09/16
1085,1085,5078,(株)セレコーポレーション,東証STD,"4,725",-20,-0.42,500,2026/09/16
1086,1086,6087,(株)アビスト,東証STD,"3,550",-15,-0.42,"1,000",2026/09/16
1087,1087,7127,(株)一家ホールディングス,東証STD,706,-3,-0.42,"7,100",2026/09/16
1088,1088,1711,(株)ＳＤＳホールディングス,東証STD,245,-1,-0.41,"23,900",2026/09/16
1089,1089,261A,(株)日水コン,東証STD,"1,960",-8,-0.41,"17,300",2026/09/16
1090,1090,2687,(株)シー・ヴイ・エス・ベイエリア,東証STD,489,-2,-0.41,"2,500",2026/09/16
1091,1091,2784,アルフレッサ　ホールディングス(株),東証PRM,"2,327",-9.5,-0.41,"338,300",2026/09/16
1092,1092,3282,コンフォリア・レジデンシャル投資法人,東証,"97,100",-400,-0.41,"4,142",2026/09/16
1093,1093,3917,(株)アイリッジ,東証GRT,487,-2,-0.41,"6,000",2026/09/16
1094,1094,3928,(株)マイネット,東証STD,241,-1,-0.41,"7,900",2026/09/16
1095,1095,3981,(株)ビーグリー,東証STD,"1,215",-5,-0.41,800,2026/09/16
1096,1096,4507,塩野義製薬(株),東証PRM,"2,892",-12,-0.41,"2,366,600",2026/09/16
1097,1097,5590,(株)ネットスターズ,東証GRT,730,-3,-0.41,"28,700",2026/09/16
1098,1098,6232,(株)ＡＣＳＬ,東証GRT,"1,224",-5,-0.41,"547,200",2026/09/16
1099,1099,6342,(株)太平製作所,東証STD,"2,910",-12,-0.41,600,2026/09/16
1100,1100,6820,アイコム(株),東証PRM,"3,600",-15,-0.41,"8,600",2026/09/16
1101,1101,7212,(株)エフテック,東証STD,736,-3,-0.41,"16,800",2026/09/16
1102,1102,8927,(株)明豊エンタープライズ,東証STD,486,-2,-0.41,"107,000",2026/09/16
1103,1103,9074,日本石油輸送(株),東証STD,"4,880",-20,-0.41,"3,900",2026/09/16
1104,1104,9466,(株)アイドママーケティングコミュニケーション,東証STD,240,-1,-0.41,500,2026/09/16
1105,1105,9503,関西電力(株),東証PRM,"2,931.5",-12,-0.41,"3,308,200",2026/09/16
1106,1106,1840,(株)土屋ホールディングス,東証STD,248,-1,-0.4,"27,900",2026/09/16
1107,1107,2041,NEXT NOTES NYダウ･ベア･ドルヘッジ ETN,東証ETF,"1,976",-8,-0.4,628,2026/09/16
1108,1108,233A,iFreeETF インドNifty50,東証ETF,"1,746",-7,-0.4,"23,190",2026/09/16
1109,1109,3395,(株)サンマルクホールディングス,東証PRM,"2,484",-10,-0.4,"65,200",2026/09/16
1110,1110,4310,(株)ドリームインキュベータ,東証PRM,"2,476",-10,-0.4,"6,900",2026/09/16
1111,1111,4911,(株)資生堂,東証PRM,"3,461",-14,-0.4,"1,581,100",2026/09/16
1112,1112,5946,(株)長府製作所,東証PRM,"1,993",-8,-0.4,"34,100",2026/09/16
1113,1113,6430,ダイコク電機(株),東証PRM,"2,489",-10,-0.4,"34,200",2026/09/16
1114,1114,6539,(株)ＭＳ－Ｊａｐａｎ,東証PRM,996,-4,-0.4,"16,800",2026/09/16
1115,1115,8129,東邦ホールディングス(株),東証PRM,"3,989",-16,-0.4,"104,500",2026/09/16
1116,1116,9270,バリュエンスホールディングス(株),東証GRT,"1,993",-8,-0.4,"29,300",2026/09/16
1117,1117,9357,名港海運(株),名証MN,"2,510",-10,-0.4,"3,300",2026/09/16
1118,1118,9385,(株)ショーエイコーポレーション,東証STD,750,-3,-0.4,"5,100",2026/09/16
1119,1119,3984,(株)ユーザーローカル,東証PRM,"1,544",-6,-0.39,"31,800",2026/09/16
1120,1120,4574,大幸薬品(株),東証PRM,257,-1,-0.39,"37,500",2026/09/16
1121,1121,590A,ギフティグループ(株),東証PRM,"1,278",-5,-0.39,"123,700",2026/09/16
1122,1122,6050,イー・ガーディアン(株),東証PRM,"1,800",-7,-0.39,"16,600",2026/09/16
1123,1123,6078,(株)バリューＨＲ,東証PRM,"1,551",-6,-0.39,"19,400",2026/09/16
1124,1124,6189,(株)グローバルキッズＣＯＭＰＡＮＹ,東証STD,"1,010",-4,-0.39,"5,600",2026/09/16
1125,1125,7715,長野計器(株),東証PRM,"3,880",-15,-0.39,"80,300",2026/09/16
1126,1126,8359,(株)八十二長野銀行,東証PRM,"2,696.5",-10.5,-0.39,"946,000",2026/09/16
1127,1127,9257,ＹＣＰホールディングス（グローバル）,東証GRT外国,510,-2,-0.39,"1,100",2026/09/16
1128,1128,9557,(株)エアークローゼット,東証GRT,256,-1,-0.39,"11,200",2026/09/16
1129,1129,1429,(株)日本アクア,東証PRM,787,-3,-0.38,"72,500",2026/09/16
1130,1130,2083,(NEXT FUNDS) 日本成長株アクティブ,東証ETF,"3,895",-15,-0.38,"2,383",2026/09/16
1131,1131,2404,(株)鉄人化ホールディングス,東証STD,521,-2,-0.38,"2,600",2026/09/16
1132,1132,2449,(株)プラップジャパン,東証STD,"1,060",-4,-0.38,"10,500",2026/09/16
1133,1133,2528,iFreeETF 東証REIT Core指数,東証ETF,"1,054",-4,-0.38,"18,790",2026/09/16
1134,1134,3431,宮地エンジニアリンググループ(株),東証PRM,"1,560",-6,-0.38,"53,400",2026/09/16
1135,1135,3442,(株)ＭＩＥコーポレーション,名証MN,"1,820",-7,-0.38,200,2026/09/16
1136,1136,3663,(株)セルシス,東証PRM,"1,846",-7,-0.38,"176,800",2026/09/16
1137,1137,3791,(株)ＩＧポート,東証STD,"1,041",-4,-0.38,"51,100",2026/09/16
1138,1138,3841,(株)ジーダット,東証STD,"1,313",-5,-0.38,200,2026/09/16
1139,1139,4054,日本情報クリエイト(株),東証GRT,518,-2,-0.38,"15,800",2026/09/16
1140,1140,7850,総合商研(株),東証STD,792,-3,-0.38,"3,500",2026/09/16
1141,1141,7887,南海プライウッド(株),東証STD,"1,566",-6,-0.38,"2,700",2026/09/16
1142,1142,8410,(株)セブン銀行,東証PRM,343.1,-1.3,-0.38,"2,529,500",2026/09/16
1143,1143,9759,(株)ＮＳＤ,東証PRM,"2,867",-11,-0.38,"213,200",2026/09/16
1144,1144,166A,(株)タスキホールディングス,東証PRM,"1,065",-4,-0.37,"146,100",2026/09/16
1145,1145,2268,Ｂ－Ｒ　サーティワン　アイスクリーム(株),東証STD,"4,045",-15,-0.37,"6,600",2026/09/16
1146,1146,231A,Ｃｒｏｓｓ　Ｅホールディングス(株),福岡Q,"1,080",-4,-0.37,300,2026/09/16
1147,1147,2924,イフジ産業(株),東証STD,"1,903",-7,-0.37,"1,100",2026/09/16
1148,1148,3933,チエル(株),東証STD,543,-2,-0.37,600,2026/09/16
1149,1149,461A,MAXIS 日本株高配当SMART50,東証ETF,"2,669",-10,-0.37,"1,762",2026/09/16
1150,1150,4801,セントラルスポーツ(株),東証PRM,"2,420",-9,-0.37,"20,900",2026/09/16
1151,1151,6191,(株)エアトリ,東証PRM,"1,634",-6,-0.37,"1,026,800",2026/09/16
1152,1152,8115,ムーンバット(株),東証STD,"1,334",-5,-0.37,"1,700",2026/09/16
1153,1153,8411,(株)みずほフィナンシャルグループ,東証PRM,"8,566",-32,-0.37,"6,671,500",2026/09/16
1154,1154,9363,(株)大運,東証STD,535,-2,-0.37,"2,400",2026/09/16
1155,1155,9761,東海リース(株),東証STD,"2,455",-9,-0.37,"2,300",2026/09/16
1156,1156,160A,(株)アズパートナーズ,東証STD,"1,942",-7,-0.36,"7,300",2026/09/16
1157,1157,2009,鳥越製粉(株),東証STD,"1,106",-4,-0.36,"9,400",2026/09/16
1158,1158,205A,(株)ロゴスホールディングス,東証GRT,"1,652",-6,-0.36,"21,900",2026/09/16
1159,1159,2070,スマート ESG30 女性活躍(ネットリターン)ETN,東証ETF,"16,500",-60,-0.36,4,2026/09/16
1160,1160,2622,iシェアーズ 米ドル建て新興国債券(H有),東証ETF,"1,672",-6,-0.36,831,2026/09/16
1161,1161,2910,(株)ロック・フィールド,東証PRM,"1,395",-5,-0.36,"32,800",2026/09/16
1162,1162,3848,(株)データ・アプリケーション,東証STD,830,-3,-0.36,"1,200",2026/09/16
1163,1163,3983,(株)オロ,東証PRM,"1,918",-7,-0.36,"24,500",2026/09/16
1164,1164,4345,(株)シーティーエス,東証PRM,841,-3,-0.36,"34,800",2026/09/16
1165,1165,4960,ケミプロ化成(株),東証STD,552,-2,-0.36,"15,900",2026/09/16
1166,1166,5184,(株)ニチリン,東証STD,"4,115",-15,-0.36,"7,100",2026/09/16
1167,1167,9254,(株)ラバブルマーケティンググループ,東証GRT,"1,097",-4,-0.36,"1,600",2026/09/16
1168,1168,9682,(株)ＤＴＳ,東証PRM,"1,097",-4,-0.36,"375,000",2026/09/16
1169,1169,2852,iシェアーズ グリーンJリート,東証ETF,171.1,-0.6,-0.35,"5,440",2026/09/16
1170,1170,3843,フリービット(株),東証PRM,"1,709",-6,-0.35,"47,300",2026/09/16
1171,1171,410A,ＧＭＯコマース(株),東証GRT,"1,126",-4,-0.35,"2,700",2026/09/16
1172,1172,4593,(株)ヘリオス,東証GRT,288,-1,-0.35,"1,197,300",2026/09/16
1173,1173,4642,オリジナル設計(株),東証STD,"1,415",-5,-0.35,"2,300",2026/09/16
1174,1174,479A,ＰＲＯＮＩ(株),東証GRT,"1,992",-7,-0.35,"57,600",2026/09/16
1175,1175,493A,One ETF 日本国債 1-3年,東証ETF,993.6,-3.5,-0.35,70,2026/09/16
1176,1176,6027,弁護士ドットコム(株),東証PRM,"5,620",-20,-0.35,"147,800",2026/09/16
1177,1177,6776,天昇電気工業(株),東証STD,284,-1,-0.35,"8,000",2026/09/16
1178,1178,6848,東亜ディーケーケー(株),東証STD,866,-3,-0.35,"6,900",2026/09/16
1179,1179,7079,ＷＤＢココ(株),東証GRT,"2,569",-9,-0.35,"1,400",2026/09/16
1180,1180,7173,(株)東京きらぼしフィナンシャルグループ,東証PRM,"1,693",-6,-0.35,"1,012,500",2026/09/16
1181,1181,8306,(株)三菱ＵＦＪフィナンシャル・グループ,東証PRM,"3,655",-13,-0.35,"33,677,700",2026/09/16
1182,1182,9564,(株)ＦＣＥ,東証STD,564,-2,-0.35,"22,900",2026/09/16
1183,1183,9706,日本空港ビルデング(株),東証PRM,"5,456",-19,-0.35,"635,800",2026/09/16
1184,1184,1418,インターライフホールディングス(株),東証STD,584,-2,-0.34,"10,400",2026/09/16
1185,1185,2148,アイティメディア(株),東証PRM,"1,158",-4,-0.34,"30,300",2026/09/16
1186,1186,2393,(株)日本ケアサプライ,東証STD,"4,360",-15,-0.34,600,2026/09/16
1187,1187,2792,(株)ハニーズホールディングス,東証PRM,"1,447",-5,-0.34,"34,200",2026/09/16
1188,1188,3190,(株)ホットマン,東証STD,585,-2,-0.34,"1,200",2026/09/16
1189,1189,3226,三井不動産アコモデーションファンド投資法人,東証,"116,300",-400,-0.34,"5,838",2026/09/16
1190,1190,3475,(株)グッドコムアセット,東証PRM,"1,474",-5,-0.34,"93,300",2026/09/16
1191,1191,4685,(株)菱友システムズ,東証STD,"2,677",-9,-0.34,"5,200",2026/09/16
1192,1192,7038,フロンティア・マネジメント(株),東証PRM,578,-2,-0.34,"10,300",2026/09/16
1193,1193,8616,東海東京フィナンシャル・ホールディングス(株),東証PRM,887,-3,-0.34,"735,800",2026/09/16
1194,1194,8972,KDX不動産投資法人,東証,"146,500",-500,-0.34,"6,385",2026/09/16
1195,1195,9170,成友興業(株),名証MN,"1,449",-5,-0.34,"1,500",2026/09/16
1196,1196,138A,光フードサービス(株),東証GRT,"3,065",-10,-0.33,"1,100",2026/09/16
1197,1197,1571,(NEXT FUNDS)日経平均インバース上場投信,東証ETF,306,-1,-0.33,"869,014",2026/09/16
1198,1198,1659,iシェアーズ 米国リート ETF,東証ETF,"3,669",-12,-0.33,"5,052",2026/09/16
1199,1199,1867,(株)植木組,東証STD,"2,739",-9,-0.33,"3,900",2026/09/16
1200,1200,2645,GX レジャー&エンターテインメント-日本株式,東証ETF,"3,065",-10,-0.33,105,2026/09/16
1201,1201,2935,(株)ピックルスホールディングス,東証PRM,"1,210",-4,-0.33,"18,800",2026/09/16
1202,1202,3769,ＧＭＯペイメントゲートウェイ(株),東証PRM,"8,678",-29,-0.33,"257,600",2026/09/16
1203,1203,3849,日本テクノ・ラボ(株),札幌ア,601,-2,-0.33,400,2026/09/16
1204,1204,4927,(株)ポーラ・オルビスホールディングス,東証PRM,"1,367",-4.5,-0.33,"302,000",2026/09/16
1205,1205,5139,オープンワーク(株),東証GRT,912,-3,-0.33,"2,900",2026/09/16
1206,1206,5607,中央可鍛工業(株),名証MN,611,-2,-0.33,"6,300",2026/09/16
1207,1207,6156,(株)エーワン精密,東証STD,"1,837",-6,-0.33,"7,600",2026/09/16
1208,1208,7122,近畿車輛(株),東証STD,"2,395",-8,-0.33,"1,100",2026/09/16
1209,1209,8008,４℃ホールディングス,東証PRM,"2,092",-7,-0.33,"43,000",2026/09/16
1210,1210,8570,イオンフィナンシャルサービス(株),東証PRM,"1,639.5",-5.5,-0.33,"351,600",2026/09/16
1211,1211,9286,エネクス・インフラ投資法人,東証,"45,350",-150,-0.33,777,2026/09/16
1212,1212,9656,グリーンランドリゾート(株),東証STD,597,-2,-0.33,"2,900",2026/09/16
1213,1213,2208,(株)ブルボン,東証STD,"3,130",-10,-0.32,"4,900",2026/09/16
1214,1214,2670,(株)エービーシー・マート,東証PRM,"2,666.5",-8.5,-0.32,"320,700",2026/09/16
1215,1215,2769,(株)ヴィレッジヴァンガードコーポレーション,東証STD,922,-3,-0.32,"4,400",2026/09/16
1216,1216,3916,デジタル・インフォメーション・テクノロジー(株),東証PRM,941,-3,-0.32,"54,900",2026/09/16
1217,1217,395A,業界改革厳選ETF地銀,東証ETF,"1,076.5",-3.5,-0.32,"120,520",2026/09/16
1218,1218,4676,(株)フジ・メディア・ホールディングス,東証PRM,"4,096",-13,-0.32,"382,500",2026/09/16
1219,1219,584A,ＬｉＮＫＸ(株),東証GRT,"2,501",-8,-0.32,"64,200",2026/09/16
1220,1220,6412,(株)平和,東証PRM,"2,208",-7,-0.32,"246,700",2026/09/16
1221,1221,7094,(株)ＮｅｘＴｏｎｅ,東証GRT,"1,846",-6,-0.32,"34,600",2026/09/16
1222,1222,7981,タカラスタンダード(株),東証PRM,"3,085",-10,-0.32,"72,000",2026/09/16
1223,1223,8957,東急リアル・エステート投資法人,東証,"184,200",-600,-0.32,"1,678",2026/09/16
1224,1224,9033,広島電鉄(株),東証STD,632,-2,-0.32,"12,400",2026/09/16
1225,1225,9955,(株)ヨンキュウ,東証STD,"2,800",-9,-0.32,"3,800",2026/09/16
1226,1226,2795,日本プリメックス(株),東証STD,956,-3,-0.31,200,2026/09/16
1227,1227,3021,(株)パシフィックネット,東証STD,"1,586",-5,-0.31,"3,200",2026/09/16
1228,1228,3710,ジョルダン(株),東証STD,638,-2,-0.31,"2,000",2026/09/16
1229,1229,4323,日本システム技術(株),東証PRM,"1,915",-6,-0.31,"24,300",2026/09/16
1230,1230,4493,(株)サイバーセキュリティクラウド,東証GRT,"1,918",-6,-0.31,"178,500",2026/09/16
1231,1231,6023,ダイハツインフィニアース(株),東証STD,"3,195",-10,-0.31,"70,000",2026/09/16
1232,1232,6927,ヘリオス　テクノ　ホールディング(株),東証STD,971,-3,-0.31,"18,500",2026/09/16
1233,1233,7421,カッパ・クリエイト(株),東証PRM,"1,634",-5,-0.31,"47,500",2026/09/16
1234,1234,9044,(株)ＮＡＮＫＡＩ,東証PRM,"3,186",-10,-0.31,"343,100",2026/09/16
1235,1235,4559,ゼリア新薬工業(株),東証PRM,"2,008",-6,-0.3,"86,900",2026/09/16
1236,1236,4839,(株)ＷＯＷＯＷ,東証PRM,"1,003",-3,-0.3,"47,900",2026/09/16
1237,1237,545A,(株)トランヴィア,東証PRM,995,-3,-0.3,"49,000",2026/09/16
1238,1238,6039,(株)日本動物高度医療センター,東証GRT,"1,008",-3,-0.3,"29,300",2026/09/16
1239,1239,6086,シンメンテホールディングス(株),東証GRT,"1,007",-3,-0.3,"24,200",2026/09/16
1240,1240,610A,GX 宇宙テック・トップ10(除く日本),東証ETF,"1,000",-3,-0.3,"25,197",2026/09/16
1241,1241,7443,横浜魚類(株),東証STD,665,-2,-0.3,"1,500",2026/09/16
1242,1242,7815,東京ボード工業(株),東証STD,337,-1,-0.3,"6,300",2026/09/16
1243,1243,8273,(株)イズミ,東証PRM,987,-3,-0.3,"229,900",2026/09/16
1244,1244,8601,(株)大和証券グループ本社,東証PRM,"1,831",-5.5,-0.3,"7,315,200",2026/09/16
1245,1245,9005,東急(株),東証PRM,"1,668",-5,-0.3,"1,736,000",2026/09/16
1246,1246,9347,日本管財ホールディングス(株),東証PRM,"2,949",-9,-0.3,"120,800",2026/09/16
1247,1247,9722,藤田観光(株),東証PRM,"2,685",-8,-0.3,"370,900",2026/09/16
1248,1248,1566,上場インデックスファンド新興国債券,東証ETF,"51,490",-150,-0.29,155,2026/09/16
1249,1249,2475,ＷＤＢホールディングス(株),東証PRM,"1,747",-5,-0.29,"10,600",2026/09/16
1250,1250,2602,日清オイリオグループ(株),東証PRM,"2,088",-6,-0.29,"159,300",2026/09/16
1251,1251,2849,GX Morningstar 高配当 ESG-日本株式,東証ETF,"5,474",-16,-0.29,"7,889",2026/09/16
1252,1252,450A,ステート・ストリート・スパイダー S&P500 ETF(H有),東証ETF,780.6,-2.3,-0.29,80,2026/09/16
1253,1253,4967,小林製薬(株),東証PRM,"5,797",-17,-0.29,"149,600",2026/09/16
1254,1254,518A,(NEXT FUNDS) FTSE日本株高配当キャッシュフロー50,東証ETF,"2,094",-6,-0.29,"10,518",2026/09/16
1255,1255,5929,三和ホールディングス(株),東証PRM,"3,435",-10,-0.29,"433,300",2026/09/16
1256,1256,9021,西日本旅客鉄道(株),東証PRM,"3,048",-9,-0.29,"1,211,100",2026/09/16
1257,1257,1430,ファーストコーポレーション(株),東証STD,"1,050",-3,-0.28,"33,200",2026/09/16
1258,1258,3539,(株)ＪＭホールディングス,東証PRM,"1,438",-4,-0.28,"167,400",2026/09/16
1259,1259,4324,(株)電通グループ,東証PRM,"3,623",-10,-0.28,"742,500",2026/09/16
1260,1260,5039,(株)キットアライブ,札幌ア,"1,067",-3,-0.28,"1,400",2026/09/16
1261,1261,5269,日本コンクリート工業(株),東証PRM,362,-1,-0.28,"94,400",2026/09/16
1262,1262,5446,北越メタル(株),東証STD,"1,075",-3,-0.28,"292,300",2026/09/16
1263,1263,6200,(株)インソース,東証PRM,720,-2,-0.28,"204,600",2026/09/16
1264,1264,6417,(株)ＳＡＮＫＹＯ,東証PRM,"2,111.5",-6,-0.28,"746,500",2026/09/16
1265,1265,6702,富士通(株),東証PRM,"3,934",-11,-0.28,"5,760,800",2026/09/16
1266,1266,7412,(株)アトム,東証STD,360,-1,-0.28,"362,000",2026/09/16
1267,1267,7480,スズデン(株),東証STD,"3,500",-10,-0.28,"40,000",2026/09/16
1268,1268,8945,サンネクスタグループ(株),東証STD,"1,085",-3,-0.28,"2,300",2026/09/16
1269,1269,9339,(株)コーチ・エィ,東証STD,"1,429",-4,-0.28,800,2026/09/16
1270,1270,94346,ソフトバンク(株)第2回社債型種類株式,東証PRM,"7,560",-21,-0.28,"6,800",2026/09/16
1271,1271,2266,六甲バター(株),東証PRM,"1,107",-3,-0.27,"39,600",2026/09/16
1272,1272,3772,ウェルス・マネジメント(株),東証STD,"1,095",-3,-0.27,"19,300",2026/09/16
1273,1273,3851,(株)日本一ソフトウェア,東証STD,"1,451",-4,-0.27,"67,100",2026/09/16
1274,1274,3922,(株)ＰＲ　ＴＩＭＥＳ,東証PRM,"2,224",-6,-0.27,"16,300",2026/09/16
1275,1275,4331,(株)テイクアンドギヴ・ニーズ,東証PRM,749,-2,-0.27,"17,400",2026/09/16
1276,1276,4569,杏林製薬(株),東証PRM,"1,121",-3,-0.27,"130,600",2026/09/16
1277,1277,6238,フリュー(株),東証PRM,"1,455",-4,-0.27,"57,200",2026/09/16
1278,1278,6656,インスペック(株),東証STD,744,-2,-0.27,"35,300",2026/09/16
1279,1279,9743,(株)丹青社,東証PRM,"1,460",-4,-0.27,"260,500",2026/09/16
1280,1280,1375,ユキグニファクトリー(株),東証PRM,"1,169",-3,-0.26,"23,000",2026/09/16
1281,1281,2040,NEXT NOTES NYダウ･ダブル･ブル･ドルヘッジ ETN,東証ETF,"37,920",-100,-0.26,119,2026/09/16
1282,1282,2152,幼児活動研究会(株),東証STD,"1,546",-4,-0.26,800,2026/09/16
1283,1283,2689,オルバディーブイエックスヘルスケア(株),東証STD,"1,921",-5,-0.26,"2,200",2026/09/16
1284,1284,316A,iFreeETF FANG+,東証ETF,"2,650",-7,-0.26,"74,285",2026/09/16
1285,1285,3850,(株)ＮＴＴデータイントラマート,東証STD,"3,905",-10,-0.26,"32,500",2026/09/16
1286,1286,494A,One ETF 日本国債 3-7年,東証ETF,979.1,-2.6,-0.26,70,2026/09/16
1287,1287,559A,梅乃宿酒造(株),東証STD,"1,165",-3,-0.26,"9,300",2026/09/16
1288,1288,7372,(株)デコルテ・ホールディングス,東証GRT,390,-1,-0.26,"1,700",2026/09/16
1289,1289,7374,(株)コンフィデンス・インターワークス,東証GRT,"1,511",-4,-0.26,"9,800",2026/09/16
1290,1290,7614,(株)オーエムツーネットワーク,東証STD,"1,550",-4,-0.26,"3,100",2026/09/16
1291,1291,7932,(株)ニッピ,東証STD,"11,490",-30,-0.26,"7,500",2026/09/16
1292,1292,9733,(株)ナガセ,東証STD,"2,302",-6,-0.26,"9,900",2026/09/16
1293,1293,1332,(株)ニッスイ,東証PRM,"1,186.5",-3,-0.25,"1,311,200",2026/09/16
1294,1294,149A,(株)シンカ,東証GRT,803,-2,-0.25,"2,300",2026/09/16
1295,1295,1914,日本基礎技術(株),東証STD,798,-2,-0.25,"22,900",2026/09/16
1296,1296,2050,NEXT NOTES ニッチトップ中小型日本株(NR)ETN,東証ETF,"31,660",-80,-0.25,1,2026/09/16
1297,1297,2071,スマート ESG30 総合(ネットリターン)ETN,東証ETF,"19,665",-50,-0.25,200,2026/09/16
1298,1298,2337,いちご(株),東証PRM,403,-1,-0.25,"590,300",2026/09/16
1299,1299,2555,東証REIT ETF,東証ETF,"1,813.5",-4.5,-0.25,"3,570",2026/09/16
1300,1300,2882,(株)イートアンドホールディングス,東証PRM,"2,002",-5,-0.25,"13,700",2026/09/16
1301,1301,3041,(株)ビューティカダンホールディングス,東証STD,406,-1,-0.25,"6,600",2026/09/16
1302,1302,3296,日本リート投資法人,東証,"80,800",-200,-0.25,"2,576",2026/09/16
1303,1303,3392,デリカフーズホールディングス(株),東証STD,801,-2,-0.25,"14,300",2026/09/16
1304,1304,3612,(株)ワールド,東証PRM,"1,595",-4,-0.25,"173,400",2026/09/16
1305,1305,3726,(株)フォーシーズＨＤ,東証STD,398,-1,-0.25,"17,300",2026/09/16
1306,1306,4462,石原ケミカル(株),東証PRM,"2,802",-7,-0.25,"33,700",2026/09/16
1307,1307,452A,iシェアーズ S&P500プレミアムインカム,東証ETF,799,-2,-0.25,"221,490",2026/09/16
1308,1308,4922,(株)コーセーホールディングス,東証PRM,"5,635",-14,-0.25,"211,900",2026/09/16
1309,1309,5658,日亜鋼業(株),東証STD,402,-1,-0.25,"31,300",2026/09/16
1310,1310,6543,(株)日宣,東証STD,"1,186",-3,-0.25,"1,500",2026/09/16
1311,1311,6955,ＦＤＫ(株),東証STD,402,-1,-0.25,"16,400",2026/09/16
1312,1312,7670,オーウエル(株),東証STD,"1,195",-3,-0.25,"2,800",2026/09/16
1313,1313,8091,ニチモウ(株),東証PRM,"2,380",-6,-0.25,"13,800",2026/09/16
1314,1314,8217,(株)オークワ,東証PRM,801,-2,-0.25,"45,600",2026/09/16
1315,1315,9221,フルハシＥＰＯ(株),東証STD,"1,188",-3,-0.25,"27,200",2026/09/16
1316,1316,9264,ポエック(株),東証STD,"1,603",-4,-0.25,"6,100",2026/09/16
1317,1317,9612,(株)ラックランド,東証PRM,"1,220",-3,-0.25,"27,000",2026/09/16
1318,1318,9930,北沢産業(株),東証STD,402,-1,-0.25,"6,000",2026/09/16
1319,1319,5962,浅香工業(株),東証STD,"2,105",-5,-0.24,"1,500",2026/09/16
1320,1320,7215,(株)ファルテック,東証STD,423,-1,-0.24,400,2026/09/16
1321,1321,7679,(株)薬王堂ホールディングス,東証PRM,"1,642",-4,-0.24,"41,100",2026/09/16
1322,1322,7749,メディキット(株),東証STD,"2,883",-7,-0.24,"2,600",2026/09/16
1323,1323,7791,ドリームベッド(株),東証STD,831,-2,-0.24,"3,400",2026/09/16
1324,1324,9241,(株)フューチャーリンクネットワーク,東証GRT,"1,255",-3,-0.24,400,2026/09/16
1325,1325,9742,(株)アイネス,東証PRM,"2,121",-5,-0.24,"17,700",2026/09/16
1326,1326,2088,NZAM 上場投信 NYダウ30(H有),東証ETF,"2,621",-6,-0.23,2,2026/09/16
1327,1327,2138,クルーズ(株),東証STD,432,-1,-0.23,"3,500",2026/09/16
1328,1328,2251,(NEXT FUNDS) JPX国債先物ダブルインバース,東証ETF,913.9,-2.1,-0.23,"6,190",2026/09/16
1329,1329,2565,GX ロジスティクス・J-REIT,東証ETF,869,-2,-0.23,"1,760",2026/09/16
1330,1330,2652,(株)まんだらけ,東証STD,437,-1,-0.23,"54,200",2026/09/16
1331,1331,2818,(株)ピエトロ,東証STD,"1,758",-4,-0.23,"2,700",2026/09/16
1332,1332,2854,GX テック・トップ20-日本株式,東証ETF,"2,653",-6,-0.23,"22,073",2026/09/16
1333,1333,3286,トラストホールディングス(株),東証STD,878,-2,-0.23,"3,400",2026/09/16
1334,1334,343A,(株)ＩＡＣＥトラベル,東証STD,"1,307",-3,-0.23,"4,900",2026/09/16
1335,1335,4193,(株)ファブリカホールディングス,東証STD,"2,156",-5,-0.23,"2,200",2026/09/16
1336,1336,4242,(株)タカギセイコー,東証STD,"1,760",-4,-0.23,"6,400",2026/09/16
1337,1337,5334,日本特殊陶業(株),東証PRM,"7,245",-17,-0.23,"841,500",2026/09/16
1338,1338,5603,虹技(株),東証STD,"1,307",-3,-0.23,"4,000",2026/09/16
1339,1339,573A,iシェアーズ 日本国債20年超,東証ETF,483.9,-1.1,-0.23,"820,890",2026/09/16
1340,1340,6076,(株)アメイズ,福証,"1,309",-3,-0.23,"13,600",2026/09/16
1341,1341,7514,(株)ヒマラヤ,東証STD,850,-2,-0.23,"2,900",2026/09/16
1342,1342,7781,(株)平山ホールディングス,東証STD,876,-2,-0.23,"11,900",2026/09/16
1343,1343,8025,(株)ツカモトコーポレーション,東証STD,"1,306",-3,-0.23,500,2026/09/16
1344,1344,8135,ゼット(株),東証STD,429,-1,-0.23,"23,800",2026/09/16
1345,1345,8931,和田興産(株),東証STD,"1,314",-3,-0.23,"2,200",2026/09/16
1346,1346,9201,日本航空(株),東証PRM,"3,004",-7,-0.23,"1,849,300",2026/09/16
1347,1347,9380,東海運(株),東証STD,436,-1,-0.23,"9,500",2026/09/16
1348,1348,1478,iシェアーズ MSCI ジャパン高配当利回り ETF,東証ETF,"5,370",-12,-0.22,"6,610",2026/09/16
1349,1349,2097,GX レジデンシャル・J-REIT,東証ETF,920,-2,-0.22,285,2026/09/16
1350,1350,2242,MAXIS NYダウ上場投信(H有),東証ETF,670.8,-1.5,-0.22,"100,440",2026/09/16
1351,1351,2288,丸大食品(株),東証PRM,"2,286",-5,-0.22,"131,500",2026/09/16
1352,1352,2855,GX グリーン・J-REIT,東証ETF,918,-2,-0.22,"1,874",2026/09/16
1353,1353,3248,(株)アールエイジ,東証STD,895,-2,-0.22,600,2026/09/16
1354,1354,3979,(株)うるる,東証GRT,453,-1,-0.22,"4,700",2026/09/16
1355,1355,4524,森下仁丹(株),東証STD,"2,241",-5,-0.22,700,2026/09/16
1356,1356,534A,NZAM 上場投信 NASDAQ100(H無),東証ETF,"2,287",-5,-0.22,6,2026/09/16
1357,1357,6044,(株)三機サービス,東証STD,"1,847",-4,-0.22,"5,600",2026/09/16
1358,1358,6071,(株)ＩＢＪ,東証PRM,896,-2,-0.22,"265,400",2026/09/16
1359,1359,7066,(株)ピアズ,東証GRT,458,-1,-0.22,"4,300",2026/09/16
1360,1360,7726,黒田精工(株),東証STD,"1,390",-3,-0.22,600,2026/09/16
1361,1361,9849,(株)共同紙販ホールディングス,東証STD,"4,500",-10,-0.22,400,2026/09/16
1362,1362,1717,明豊ファシリティワークス(株),東証STD,938,-2,-0.21,"5,400",2026/09/16
1363,1363,2869,iFreeETF NASDAQ100レバレッジ,東証ETF,"2,844",-6,-0.21,"257,309",2026/09/16
1364,1364,331A,(株)メディックス,東証STD,486,-1,-0.21,"14,700",2026/09/16
1365,1365,3496,(株)アズーム,東証PRM,"4,765",-10,-0.21,"22,800",2026/09/16
1366,1366,3986,(株)ビーブレイクシステムズ,東証STD,472,-1,-0.21,"1,500",2026/09/16
1367,1367,401A,霞ヶ関ホテルリート投資法人,東証,"96,100",-200,-0.21,541,2026/09/16
1368,1368,4287,(株)ジャストプランニング,東証STD,467,-1,-0.21,"14,900",2026/09/16
1369,1369,6301,コマツ,東証PRM,"7,045",-15,-0.21,"2,558,200",2026/09/16
1370,1370,7186,(株)横浜フィナンシャルグループ,東証PRM,"1,883.5",-4,-0.21,"3,491,200",2026/09/16
1371,1371,7291,日本プラスト(株),東証STD,465,-1,-0.21,"5,600",2026/09/16
1372,1372,9337,(株)トリドリ,東証GRT,"1,436",-3,-0.21,"2,400",2026/09/16
1373,1373,1380,(株)秋川牧園,東証STD,998,-2,-0.2,"2,000",2026/09/16
1374,1374,147A,(株)ソラコム,東証GRT,982,-2,-0.2,"49,600",2026/09/16
1375,1375,2226,(株)湖池屋,東証STD,"4,915",-10,-0.2,"3,100",2026/09/16
1376,1376,2798,(株)ワイズテーブルコーポレーション,東証STD,"2,991",-6,-0.2,"1,000",2026/09/16
1377,1377,3204,(株)トーア紡コーポレーション,東証STD,499,-1,-0.2,500,2026/09/16
1378,1378,3447,信和(株),東証STD,"1,013",-2,-0.2,"14,000",2026/09/16
1379,1379,3712,(株)情報企画,東証STD,994,-2,-0.2,"4,800",2026/09/16
1380,1380,3802,(株)エコミック,東証STD,501,-1,-0.2,900,2026/09/16
1381,1381,4422,ＶＡＬＵＥＮＥＸ(株),東証GRT,504,-1,-0.2,"58,800",2026/09/16
1382,1382,4452,花王(株),東証PRM,"3,436",-7,-0.2,"1,683,600",2026/09/16
1383,1383,5302,日本カーボン(株),東証PRM,"5,050",-10,-0.2,"17,600",2026/09/16
1384,1384,5706,三井金属(株),東証PRM,"22,760",-45,-0.2,"774,400",2026/09/16
1385,1385,6888,アクモス(株),東証STD,499,-1,-0.2,"5,400",2026/09/16
1386,1386,7050,(株)フロンティアインターナショナル,東証GRT,"1,529",-3,-0.2,"33,100",2026/09/16
1387,1387,7115,(株)アルファパーチェス,東証STD,"1,462",-3,-0.2,"2,200",2026/09/16
1388,1388,7984,コクヨ(株),東証PRM,897.8,-1.8,-0.2,"481,100",2026/09/16
1389,1389,1446,(株)キャンディル,東証STD,538,-1,-0.19,"1,900",2026/09/16
1390,1390,210A,iFreeETF 日経高利回りREIT指数,東証ETF,"1,542",-3,-0.19,"1,467",2026/09/16
1391,1391,2767,円谷フィールズホールディングス(株),東証PRM,"2,602",-5,-0.19,"438,900",2026/09/16
1392,1392,2815,アリアケジャパン(株),東証PRM,"5,240",-10,-0.19,"80,200",2026/09/16
1393,1393,4443,Ｓａｎｓａｎ(株),東証PRM,"2,076",-4,-0.19,"798,100",2026/09/16
1394,1394,6165,パンチ工業(株),東証STD,532,-1,-0.19,"24,800",2026/09/16
1395,1395,7505,扶桑電通(株),東証STD,"2,102",-4,-0.19,"9,300",2026/09/16
1396,1396,2044,NEXT NOTES S&P500 配当貴族(NR)ETN,東証ETF,"33,540",-60,-0.18,336,2026/09/16
1397,1397,3967,(株)エルテス,東証GRT,565,-1,-0.18,"8,900",2026/09/16
1398,1398,4750,(株)ダイサン,東証STD,546,-1,-0.18,"5,300",2026/09/16
1399,1399,5271,(株)トーヨーアサノ,東証STD,"2,191",-4,-0.18,500,2026/09/16
1400,1400,5966,ＫＴＣ(株),東証STD,"2,700",-5,-0.18,600,2026/09/16
1401,1401,6484,(株)ＫＶＫ,東証STD,"2,275",-4,-0.18,700,2026/09/16
1402,1402,7244,市光工業(株),東証PRM,555,-1,-0.18,"59,600",2026/09/16
1403,1403,7377,ＤＮホールディングス(株),東証STD,"1,690",-3,-0.18,"82,200",2026/09/16
1404,1404,7544,(株)スリーエフ,東証STD,553,-1,-0.18,"11,800",2026/09/16
1405,1405,9467,(株)アルファポリス,東証GRT,"1,109",-2,-0.18,"117,100",2026/09/16
1406,1406,1345,上場インデックスファンドJリート隔月分配,東証ETF,"1,770",-3,-0.17,"19,672",2026/09/16
1407,1407,1497,iシェアーズ 米ドル建ハイイールド社債ETF(H有),東証ETF,"1,716",-3,-0.17,"10,715",2026/09/16
1408,1408,2512,(NEXT FUNDS)外国債券・FTSE世界国債(除く日本・H有),東証ETF,708.6,-1.2,-0.17,"14,900",2026/09/16
1409,1409,2562,上場インデックスファンド米国株式(ダウ平均)H有,東証ETF,"3,625",-6,-0.17,"20,646",2026/09/16
1410,1410,3178,チムニー(株),東証STD,"1,206",-2,-0.17,"9,200",2026/09/16
1411,1411,3634,(株)ソケッツ,東証STD,593,-1,-0.17,"1,200",2026/09/16
1412,1412,3918,ＰＣＩホールディングス(株),東証STD,"1,170",-2,-0.17,"8,500",2026/09/16
1413,1413,3937,(株)Ｕｂｉｃｏｍホールディングス,東証STD,"1,171",-2,-0.17,"46,600",2026/09/16
1414,1414,4373,シンプレクス・ホールディングス(株),東証PRM,"1,160",-2,-0.17,"983,700",2026/09/16
1415,1415,4595,(株)ミズホメディー,東証STD,"1,715",-3,-0.17,"39,800",2026/09/16
1416,1416,488A,iシェアーズ 円高フォーカス ETF,東証ETF,785,-1.3,-0.17,"7,150",2026/09/16
1417,1417,4934,プレミアアンチエイジング(株),東証GRT,600,-1,-0.17,"11,500",2026/09/16
1418,1418,5843,ニッポンインシュア(株),東証STD,"2,320",-4,-0.17,"5,400",2026/09/16
1419,1419,6277,ホソカワミクロン(株),東証PRM,"5,770",-10,-0.17,"26,200",2026/09/16
1420,1420,6626,ＳＥＭＩＴＥＣ(株),東証STD,"2,373",-4,-0.17,"3,100",2026/09/16
1421,1421,6797,名古屋電機工業(株),東証STD,"1,205",-2,-0.17,"1,700",2026/09/16
1422,1422,7060,ギークス(株),東証STD,583,-1,-0.17,"9,300",2026/09/16
1423,1423,7203,トヨタ自動車(株),東証PRM,"3,016",-5,-0.17,"17,508,600",2026/09/16
1424,1424,7284,盟和産業(株),東証STD,"1,161",-2,-0.17,"1,100",2026/09/16
1425,1425,7554,(株)幸楽苑,東証PRM,"1,173",-2,-0.17,"28,100",2026/09/16
1426,1426,7943,ニチハ(株),東証PRM,"3,005",-5,-0.17,"33,900",2026/09/16
1427,1427,9345,ビズメイツ(株),東証GRT,592,-1,-0.17,"2,200",2026/09/16
1428,1428,9790,福井コンピュータホールディングス(株),東証PRM,"3,005",-5,-0.17,"19,700",2026/09/16
1429,1429,1397,SMDAM 日経225上場投信,東証ETF,"64,160",-100,-0.16,8,2026/09/16
1430,1430,2221,岩塚製菓(株),東証STD,"3,045",-5,-0.16,"2,800",2026/09/16
1431,1431,2864,GX ロジスティクス・REIT,東証ETF,"1,276",-2,-0.16,31,2026/09/16
1432,1432,3068,(株)ＷＤＩ,東証STD,"3,045",-5,-0.16,300,2026/09/16
1433,1433,3083,スターシーズ(株),東証STD,"1,231",-2,-0.16,"120,900",2026/09/16
1434,1434,3393,スターティアホールディングス(株),東証PRM,"3,110",-5,-0.16,"51,100",2026/09/16
1435,1435,3454,ファーストブラザーズ(株),東証STD,"1,255",-2,-0.16,800,2026/09/16
1436,1436,3836,(株)アバントグループ,東証PRM,"1,216",-2,-0.16,"33,300",2026/09/16
1437,1437,4577,ダイト(株),東証PRM,"1,287",-2,-0.16,"61,800",2026/09/16
1438,1438,4616,川上塗料(株),東証STD,"2,501",-4,-0.16,"2,800",2026/09/16
1439,1439,4718,(株)早稲田アカデミー,東証PRM,"2,535",-4,-0.16,"19,000",2026/09/16
1440,1440,5942,日本フイルコン(株),東証STD,637,-1,-0.16,"5,400",2026/09/16
1441,1441,6758,ソニーグループ(株),東証PRM,"3,719",-6,-0.16,"9,045,400",2026/09/16
1442,1442,7872,エステールホールディングス(株),東証STD,616,-1,-0.16,900,2026/09/16
1443,1443,140A,iFreeETF 米国10年国債先物インバース,東証ETF,"2,059",-3,-0.15,57,2026/09/16
1444,1444,1799,第一建設工業(株),東証STD,"3,305",-5,-0.15,"19,700",2026/09/16
1445,1445,2425,(株)ケアサービス,東証STD,674,-1,-0.15,200,2026/09/16
1446,1446,2594,キーコーヒー(株),東証PRM,"2,004",-3,-0.15,"49,200",2026/09/16
1447,1447,2837,GX 中小型リーダーズ-日本株式,東証ETF,"4,806",-7,-0.15,"1,114",2026/09/16
1448,1448,3161,アゼアス(株),東証STD,669,-1,-0.15,"7,500",2026/09/16
1449,1449,3221,(株)ヨシックスホールディングス,東証PRM,"3,230",-5,-0.15,"22,100",2026/09/16
1450,1450,3548,(株)バロックジャパンリミテッド,東証PRM,670,-1,-0.15,"96,100",2026/09/16
1451,1451,6445,(株)ジャノメ,東証PRM,"1,347",-2,-0.15,"22,000",2026/09/16
1452,1452,6635,(株)大日光・エンジニアリング,東証STD,674,-1,-0.15,"37,900",2026/09/16
1453,1453,7036,(株)イーエムネットジャパン,東証GRT,665,-1,-0.15,500,2026/09/16
1454,1454,7167,(株)めぶきフィナンシャルグループ,東証PRM,"1,680.5",-2.5,-0.15,"2,765,300",2026/09/16
1455,1455,2089,NZAM 上場投信 DAX(H有),東証ETF,"2,819",-4,-0.14,212,2026/09/16
1456,1456,2122,(株)インタースペース,東証STD,"1,458",-2,-0.14,"5,100",2026/09/16
1457,1457,2201,森永製菓(株),東証PRM,"2,488.5",-3.5,-0.14,"206,600",2026/09/16
1458,1458,2556,One ETF 東証REIT指数,東証ETF,"1,820.5",-2.5,-0.14,"19,700",2026/09/16
1459,1459,2632,MAXIS ナスダック100上場投信(H有),東証ETF,"17,650",-25,-0.14,"1,023",2026/09/16
1460,1460,2753,(株)あみやき亭,東証PRM,"1,394",-2,-0.14,"19,600",2026/09/16
1461,1461,3059,ヒラキ(株),東証STD,709,-1,-0.14,"1,100",2026/09/16
1462,1462,3205,(株)ダイドーリミテッド,東証STD,733,-1,-0.14,"48,900",2026/09/16
1463,1463,3224,(株)ゼネラル・オイスター,東証GRT,698,-1,-0.14,300,2026/09/16
1464,1464,324A,(株)ブッキングリゾート,東証GRT,711,-1,-0.14,"29,300",2026/09/16
1465,1465,3309,積水ハウス・リート投資法人,東証,"71,800",-100,-0.14,"9,179",2026/09/16
1466,1466,3935,(株)エディア,東証STD,728,-1,-0.14,"40,100",2026/09/16
1467,1467,4838,スペースシャワーＳＫＩＹＡＫＩホールディングス(株),東証STD,718,-1,-0.14,"28,000",2026/09/16
1468,1468,5816,オーナンバ(株),東証STD,"1,429",-2,-0.14,"14,900",2026/09/16
1469,1469,5947,リンナイ(株),東証PRM,"3,456",-5,-0.14,"161,900",2026/09/16
1470,1470,6035,(株)アイ・アールジャパンホールディングス,東証STD,716,-1,-0.14,"32,900",2026/09/16
1471,1471,7084,(株)Ｓｍｉｌｅ　Ｈｏｌｄｉｎｇｓ,東証GRT,"2,771",-4,-0.14,"10,000",2026/09/16
1472,1472,8016,(株)オンワードホールディングス,東証PRM,716,-1,-0.14,"402,000",2026/09/16
1473,1473,8704,トレイダーズホールディングス(株),東証STD,"1,391",-2,-0.14,"48,400",2026/09/16
1474,1474,9012,秩父鉄道(株),東証STD,"2,090",-3,-0.14,300,2026/09/16
1475,1475,9622,(株)スペース,東証PRM,"1,413",-2,-0.14,"30,500",2026/09/16
1476,1476,9697,(株)カプコン,東証PRM,"4,345",-6,-0.14,"2,130,400",2026/09/16
1477,1477,1343,(NEXT FUNDS)東証REIT指数連動型上場投信,東証ETF,"1,892.5",-2.5,-0.13,"740,290",2026/09/16
1478,1478,1615,(NEXT FUNDS)東証銀行業株価指数連動型上場投信,東証ETF,766.9,-1,-0.13,"2,471,110",2026/09/16
1479,1479,2017,iFreeETF JPXプライム150,東証ETF,"1,500",-2,-0.13,"78,831",2026/09/16
1480,1480,2094,東証REITインバースETF,東証ETF,797,-1,-0.13,147,2026/09/16
1481,1481,2109,ＤＭ三井製糖(株),東証PRM,"3,830",-5,-0.13,"63,400",2026/09/16
1482,1482,2224,(株)コモ,東証STD,"3,710",-5,-0.13,"1,500",2026/09/16
1483,1483,2239,上場インデックスファンドS&P500先物レバレッジ2倍,東証ETF,"26,055",-35,-0.13,40,2026/09/16
1484,1484,2859,(NEXT FUNDS) ユーロ・ストックス50(H有),東証ETF,"3,148",-4,-0.13,"1,026",2026/09/16
1485,1485,2904,一正蒲鉾(株),東証STD,755,-1,-0.13,"2,500",2026/09/16
1486,1486,3065,(株)ライフフーズ,東証STD,"1,586",-2,-0.13,300,2026/09/16
1487,1487,3191,(株)ジョイフル本田,東証PRM,"2,265",-3,-0.13,"133,800",2026/09/16
1488,1488,3420,(株)ケー・エフ・シー,東証STD,"1,554",-2,-0.13,"2,200",2026/09/16
1489,1489,3492,MIRARTH不動産投資法人,東証,"79,200",-100,-0.13,"4,129",2026/09/16
1490,1490,3930,(株)はてな,東証GRT,769,-1,-0.13,"6,500",2026/09/16
1491,1491,4074,(株)ラキール,東証GRT,775,-1,-0.13,"1,100",2026/09/16
1492,1492,4668,(株)明光ネットワークジャパン,東証PRM,757,-1,-0.13,"55,900",2026/09/16
1493,1493,5940,不二サッシ(株),東証STD,747,-1,-0.13,"9,700",2026/09/16
1494,1494,7049,(株)識学,東証GRT,774,-1,-0.13,"8,500",2026/09/16
1495,1495,7096,(株)ステムセル研究所,東証GRT,748,-1,-0.13,"1,200",2026/09/16
1496,1496,7270,(株)ＳＵＢＡＲＵ,東証PRM,"2,625.5",-3.5,-0.13,"2,093,100",2026/09/16
1497,1497,8119,(株)三栄コーポレーション,東証STD,790,-1,-0.13,600,2026/09/16
1498,1498,8153,(株)モスフードサービス,東証PRM,"3,960",-5,-0.13,"216,600",2026/09/16
1499,1499,1547,上場インデックスファンド米国株式(S&P500),東証ETF,"12,810",-15,-0.12,"4,870",2026/09/16
1500,1500,201A,iシェアーズ Nifty 50 インド株 ETF,東証ETF,170.8,-0.2,-0.12,"102,960",2026/09/16
1501,1501,228A,(株)オプロ,東証GRT,"1,687",-2,-0.12,"1,200",2026/09/16
1502,1502,245A,(株)ＩＮＧＳ,東証GRT,"2,500",-3,-0.12,"1,400",2026/09/16
1503,1503,248A,(株)キッズスター,東証GRT,805,-1,-0.12,600,2026/09/16
1504,1504,2573,北海道コカ・コーラボトリング(株),東証STD,"4,060",-5,-0.12,"3,500",2026/09/16
1505,1505,2841,iFreeETF NASDAQ100(H有),東証ETF,"1,663",-2,-0.12,"5,320",2026/09/16
1506,1506,2927,(株)ＡＦＣ－ＨＤアムスライフサイエンス,東証STD,854,-1,-0.12,"7,500",2026/09/16
1507,1507,3050,ＤＣＭホールディングス(株),東証PRM,"1,608",-2,-0.12,"233,100",2026/09/16
1508,1508,4547,キッセイ薬品工業(株),東証PRM,"4,010",-5,-0.12,"32,100",2026/09/16
1509,1509,489A,東証REIT物流フォーカスETF,東証ETF,858,-1,-0.12,11,2026/09/16
1510,1510,5971,(株)共和工業所,東証STD,"8,650",-10,-0.12,400,2026/09/16
1511,1511,5974,中国工業(株),東証STD,840,-1,-0.12,400,2026/09/16
1512,1512,6038,(株)イード,東証GRT,829,-1,-0.12,"3,000",2026/09/16
1513,1513,6317,(株)北川鉄工所,東証STD,"2,440",-3,-0.12,"250,200",2026/09/16
1514,1514,6561,(株)ＨＡＮＡＴＯＵＲ　ＪＡＰＡＮ,東証GRT,813,-1,-0.12,"4,100",2026/09/16
1515,1515,7371,Ｚｅｎｋｅｎ(株),東証GRT,809,-1,-0.12,"8,800",2026/09/16
1516,1516,8214,(株)ＡＯＫＩホールディングス,東証PRM,"1,713",-2,-0.12,"115,600",2026/09/16
1517,1517,8341,(株)七十七銀行,東証PRM,"4,032",-5,-0.12,"670,900",2026/09/16
1518,1518,8869,明和地所(株),東証STD,812,-1,-0.12,"43,900",2026/09/16
1519,1519,9661,(株)歌舞伎座,東証STD,"4,180",-5,-0.12,"8,300",2026/09/16
1520,1520,9746,(株)ＴＫＣ,東証PRM,"4,105",-5,-0.12,"59,100",2026/09/16
1521,1521,9832,(株)オートバックスセブン,東証PRM,"1,602",-2,-0.12,"264,400",2026/09/16
1522,1522,135A,(株)ＶＲＡＩＮ　Ｓｏｌｕｔｉｏｎ,東証GRT,"4,565",-5,-0.11,"47,500",2026/09/16
1523,1523,1560,(NEXT FUNDS)マレーシアKLCI連動型上場投信,東証ETF,"6,182",-7,-0.11,94,2026/09/16
1524,1524,2286,林兼産業(株),東証STD,903,-1,-0.11,"37,900",2026/09/16
1525,1525,3965,(株)キャピタル・アセット・プランニング,東証STD,884,-1,-0.11,"9,200",2026/09/16
1526,1526,4341,西菱電機(株),東証STD,919,-1,-0.11,600,2026/09/16
1527,1527,5287,(株)イトーヨーギョー,東証STD,906,-1,-0.11,"23,100",2026/09/16
1528,1528,6246,(株)テクノスマート,東証STD,"1,821",-2,-0.11,"4,200",2026/09/16
1529,1529,6287,(株)サトー,東証PRM,"2,658",-3,-0.11,"61,900",2026/09/16
1530,1530,6391,(株)加地テック,東証STD,"4,695",-5,-0.11,"1,100",2026/09/16
1531,1531,7085,(株)カーブスホールディングス,東証PRM,881,-1,-0.11,"249,300",2026/09/16
1532,1532,7220,武蔵精密工業(株),東証PRM,"2,721",-3,-0.11,"407,600",2026/09/16
1533,1533,7813,(株)プラッツ,東証STD,914,-1,-0.11,"2,100",2026/09/16
1534,1534,8955,日本プライムリアルティ投資法人,東証,"94,800",-100,-0.11,"4,646",2026/09/16
1535,1535,9059,カンダホールディングス(株),東証STD,924,-1,-0.11,"5,800",2026/09/16
1536,1536,9173,東海汽船(株),東証STD,"2,807",-3,-0.11,"1,000",2026/09/16
1537,1537,9853,(株)銀座ルノアール,東証STD,908,-1,-0.11,"3,100",2026/09/16
1538,1538,2872,(株)セイヒョー,東証STD,"1,925",-2,-0.1,"2,100",2026/09/16
1539,1539,2914,ＪＴ,東証PRM,"6,773",-7,-0.1,"3,055,100",2026/09/16
1540,1540,3175,(株)エー・ピーホールディングス,東証STD,980,-1,-0.1,"10,100",2026/09/16
1541,1541,3455,ヘルスケア＆メディカル投資法人,東証,"96,500",-100,-0.1,"3,727",2026/09/16
1542,1542,3471,三井不動産ロジスティクスパーク投資法人,東証,"102,500",-100,-0.1,"5,590",2026/09/16
1543,1543,3641,(株)パピレス,東証STD,998,-1,-0.1,"5,600",2026/09/16
1544,1544,3962,(株)チェンジホールディングス,東証PRM,993,-1,-0.1,"84,600",2026/09/16
1545,1545,4018,(株)Ｇｅｏｌｏｃａｔｉｏｎ　Ｔｅｃｈｎｏｌｏｇｙ,福岡Q,998,-1,-0.1,600,2026/09/16
1546,1546,4231,タイガースポリマー(株),東証STD,"1,026",-1,-0.1,"15,600",2026/09/16
1547,1547,4812,(株)電通総研,東証PRM,"2,861",-3,-0.1,"669,700",2026/09/16
1548,1548,6022,(株)赤阪鐵工所,東証STD,"2,881",-3,-0.1,100,2026/09/16
1549,1549,6159,ミクロン精密(株),東証STD,"2,035",-2,-0.1,"2,500",2026/09/16
1550,1550,7266,(株)今仙電機製作所,東証STD,978,-1,-0.1,"19,500",2026/09/16
1551,1551,7874,レック(株),東証PRM,962,-1,-0.1,"38,100",2026/09/16
1552,1552,8125,(株)ワキタ,東証PRM,"1,966",-2,-0.1,"132,900",2026/09/16
1553,1553,8181,(株)東天紅,東証STD,985,-1,-0.1,"1,900",2026/09/16
1554,1554,8275,(株)フォーバル,東証STD,"1,007",-1,-0.1,"26,900",2026/09/16
1555,1555,8864,空港施設(株),東証STD,953,-1,-0.1,"47,300",2026/09/16
1556,1556,9306,東陽倉庫(株),東証STD,"1,995",-2,-0.1,"1,700",2026/09/16
1557,1557,9449,ＧＭＯインターネットグループ(株),東証PRM,"3,972",-4,-0.1,"257,600",2026/09/16
1558,1558,9558,ジャパニアス(株),東証GRT,"1,985",-2,-0.1,"1,400",2026/09/16
1559,1559,9846,(株)天満屋ストア,東証STD,981,-1,-0.1,"1,800",2026/09/16
1560,1560,1311,(NEXT FUNDS)TOPIX Core30連動型上場投信,東証ETF,"2,116",-2,-0.09,"7,378",2026/09/16
1561,1561,1632,(NEXT FUNDS)金融(除く銀行)上場投信,東証ETF,"43,570",-40,-0.09,490,2026/09/16
1562,1562,2245,(NEXT FUNDS) ブルームバーグ 独国債(7-10年)(H有),東証ETF,683.2,-0.6,-0.09,140,2026/09/16
1563,1563,2391,(株)プラネット,東証STD,"1,175",-1,-0.09,"1,800",2026/09/16
1564,1564,2527,NZAM 上場投信 東証REIT Core指数,東証ETF,"1,078",-1,-0.09,79,2026/09/16
1565,1565,2643,(NEXTFUNDS) MSCIジャパンカントリー指数(セレクト),東証ETF,"4,270",-4,-0.09,130,2026/09/16
1566,1566,2845,(NEXT FUNDS) NASDAQ-100(H有)連動型上場投信,東証ETF,"3,487",-3,-0.09,"1,233",2026/09/16
1567,1567,3063,(株)ジェイグループホールディングス,東証GRT,"1,166",-1,-0.09,"14,500",2026/09/16
1568,1568,3089,テクノアルファ(株),東証STD,"1,060",-1,-0.09,"5,400",2026/09/16
1569,1569,3181,(株)買取王国,東証STD,"1,052",-1,-0.09,"1,600",2026/09/16
1570,1570,3245,(株)ディア・ライフ,東証PRM,"1,082",-1,-0.09,"284,900",2026/09/16
1571,1571,3329,東和フードサービス(株),東証STD,"2,143",-2,-0.09,"1,300",2026/09/16
1572,1572,3676,(株)デジタルハーツホールディングス,東証PRM,"1,057",-1,-0.09,"724,600",2026/09/16
1573,1573,3912,(株)モバイルファクトリー,東証STD,"1,135",-1,-0.09,"2,100",2026/09/16
1574,1574,3913,ＧｒｅｅｎＢｅｅ(株),東証STD,"1,157",-1,-0.09,"3,000",2026/09/16
1575,1575,6488,(株)ヨシタケ,東証STD,"1,054",-1,-0.09,"1,100",2026/09/16
1576,1576,7214,ＧＭＢ(株),東証STD,"1,090",-1,-0.09,"2,500",2026/09/16
1577,1577,8952,ジャパンリアルエステイト投資法人,東証,"114,600",-100,-0.09,"12,702",2026/09/16
1578,1578,2997,(株)ストレージ王,東証GRT,"1,322",-1,-0.08,"20,600",2026/09/16
1579,1579,3150,(株)グリムス,東証PRM,"2,420",-2,-0.08,"23,300",2026/09/16
1580,1580,3183,ウイン・パートナーズ(株),東証PRM,"1,263",-1,-0.08,"8,700",2026/09/16
1581,1581,3234,森ヒルズリート投資法人,東証,"124,000",-100,-0.08,"4,085",2026/09/16
1582,1582,3611,(株)マツオカコーポレーション,東証STD,"2,375",-2,-0.08,"18,800",2026/09/16
1583,1583,426A,ニッセイ ETF S&P500イコール・ウェイト(H無),東証ETF,"1,183",-1,-0.08,"2,077",2026/09/16
1584,1584,4403,日油(株),東証PRM,"2,582.5",-2,-0.08,"541,100",2026/09/16
1585,1585,4937,(株)Ｗａｑｏｏ,東証GRT,"2,400",-2,-0.08,"1,900",2026/09/16
1586,1586,515A,iシェアーズ 高格付け日本円社債 ETF,東証ETF,498.7,-0.4,-0.08,"1,010",2026/09/16
1587,1587,5845,全保連(株),東証STD,"1,209",-1,-0.08,"15,600",2026/09/16
1588,1588,9739,ＮＳＷ(株),東証PRM,"2,664",-2,-0.08,"22,000",2026/09/16
1589,1589,2002,(株)日清製粉グループ本社,東証PRM,"2,055.5",-1.5,-0.07,"509,500",2026/09/16
1590,1590,2060,フィード・ワン(株),東証PRM,"1,459",-1,-0.07,"71,700",2026/09/16
1591,1591,2217,モロゾフ(株),東証PRM,"1,483",-1,-0.07,"19,000",2026/09/16
1592,1592,224A,GX ウラニウムビジネス,東証ETF,"1,500",-1,-0.07,"4,233",2026/09/16
1593,1593,3045,(株)カワサキ,東証STD,"1,465",-1,-0.07,800,2026/09/16
1594,1594,3249,産業ファンド投資法人,東証,"136,400",-100,-0.07,"4,399",2026/09/16
1595,1595,3281,ＧＬＰ投資法人,東証,"133,300",-100,-0.07,"7,033",2026/09/16
1596,1596,3462,野村不動産マスターファンド投資法人,東証,"143,300",-100,-0.07,"5,619",2026/09/16
1597,1597,3524,日東製網(株),東証STD,"1,480",-1,-0.07,"1,400",2026/09/16
1598,1598,4415,(株)ブロードエンタープライズ,東証GRT,"1,408",-1,-0.07,"8,300",2026/09/16
1599,1599,6183,(株)ベルシステム２４ホールディングス,東証PRM,"1,373",-1,-0.07,"107,900",2026/09/16
1600,1600,6486,イーグル工業(株),東証PRM,"2,959",-2,-0.07,"76,600",2026/09/16
1601,1601,8252,(株)丸井グループ,東証PRM,"2,889",-2,-0.07,"658,300",2026/09/16
1602,1602,9664,(株)御園座,名証MN,"1,491",-1,-0.07,"2,000",2026/09/16
1603,1603,1398,SMDAM 東証REIT指数上場投信,東証ETF,"1,788.5",-1,-0.06,"8,690",2026/09/16
1604,1604,1595,NZAM 上場投信 東証REIT指数,東証ETF,"1,799",-1,-0.06,"4,413",2026/09/16
1605,1605,2249,iFreeETF S&P500ダブルインバース,東証ETF,"9,585",-6,-0.06,"1,135",2026/09/16
1606,1606,25935,(株)伊藤園第1種優先株式,東証PRM,"1,800",-1,-0.06,"9,100",2026/09/16
1607,1607,4055,ティアンドエスグループ(株),東証GRT,"1,604",-1,-0.06,"20,000",2026/09/16
1608,1608,4503,アステラス製薬(株),東証PRM,"2,313.5",-1.5,-0.06,"5,057,600",2026/09/16
1609,1609,476A,辻・本郷ＩＴコンサルティング(株),東証STD,"1,654",-1,-0.06,"1,600",2026/09/16
1610,1610,7182,(株)ゆうちょ銀行,東証PRM,"3,258",-2,-0.06,"3,600,400",2026/09/16
1611,1611,8725,ＭＳ＆ＡＤインシュアランスグループホールディングス(株),東証PRM,"5,155",-3,-0.06,"4,600,300",2026/09/16
1612,1612,8804,東京建物(株),東証PRM,"3,281",-2,-0.06,"533,200",2026/09/16
1613,1613,2514,(NEXT FUNDS)外国株式･MSCI-KOKUSAI(H有),東証ETF,"2,009",-1,-0.05,"4,934",2026/09/16
1614,1614,2568,上場インデックスファンド米国株式(NASDAQ100)H無,東証ETF,"7,714",-4,-0.05,"4,051",2026/09/16
1615,1615,4076,(株)シイエヌエス,東証GRT,"1,973",-1,-0.05,"2,200",2026/09/16
1616,1616,4224,ロンシール工業(株),東証STD,"2,105",-1,-0.05,"31,200",2026/09/16
1617,1617,4495,(株)アイキューブドシステムズ,東証GRT,"2,060",-1,-0.05,"3,300",2026/09/16
1618,1618,5016,ＪＸ金属(株),東証PRM,"3,652",-2,-0.05,"10,176,500",2026/09/16
1619,1619,5280,ヨシコン(株),東証STD,"2,191",-1,-0.05,"8,800",2026/09/16
1620,1620,587A,インベスコ QQQ トラスト シリーズ1,東証ETF,"109,650",-50,-0.05,28,2026/09/16
1621,1621,9305,(株)ヤマタネ,東証PRM,"2,103",-1,-0.05,"32,300",2026/09/16
1622,1622,2281,プリマハム(株),東証PRM,"2,418",-1,-0.04,"172,100",2026/09/16
1623,1623,2294,(株)柿安本店,東証PRM,"2,484",-1,-0.04,"17,300",2026/09/16
1624,1624,4684,(株)オービック,東証PRM,"5,065",-2,-0.04,"1,097,900",2026/09/16
1625,1625,4722,フューチャー(株),東証PRM,"2,425",-1,-0.04,"476,600",2026/09/16
1626,1626,7520,(株)エコス,東証PRM,"2,597",-1,-0.04,"13,700",2026/09/16
1627,1627,9324,安田倉庫(株),東証PRM,"2,682",-1,-0.04,"31,100",2026/09/16
1628,1628,9679,ホウライ(株),東証STD,"2,299",-1,-0.04,300,2026/09/16
1629,1629,1678,(NEXT FUNDS)インド株式指数上場投信,東証ETF,290.8,-0.1,-0.03,"309,930",2026/09/16
1630,1630,2031,NEXT NOTES 香港ハンセン･ダブル･ブルETN,東証ETF,"7,288",-2,-0.03,15,2026/09/16
1631,1631,2250,iシェアーズ MSCI ジャパン気候変動アクション ETF,東証ETF,367.6,-0.1,-0.03,300,2026/09/16
1632,1632,2630,MAXIS 米国株式(S&P500)上場投信(H有),東証ETF,"15,905",-5,-0.03,703,2026/09/16
1633,1633,3774,(株)インターネットイニシアティブ,東証PRM,"3,398",-1,-0.03,"260,600",2026/09/16
1634,1634,4666,パーク２４(株),東証PRM,"1,996",-0.5,-0.03,"702,400",2026/09/16
1635,1635,5110,住友ゴム工業(株),東証PRM,"1,993.5",-0.5,-0.03,"1,298,200",2026/09/16
1636,1636,5830,(株)いよぎんホールディングス,東証PRM,"3,828",-1,-0.03,"588,600",2026/09/16
1637,1637,7180,(株)九州フィナンシャルグループ,東証PRM,"1,611.5",-0.5,-0.03,"951,400",2026/09/16
1638,1638,9031,西日本鉄道(株),東証PRM,"3,127",-1,-0.03,"222,700",2026/09/16
1639,1639,2092,NZAM 上場投信 フランス国債7-10年(H有),東証ETF,"4,425",-1,-0.02,20,2026/09/16
1640,1640,7269,スズキ(株),東証PRM,"2,026.5",-0.5,-0.02,"6,007,100",2026/09/16
1641,1641,502A,GX 超短期円建て債券,東証ETF,901.5,-0.1,-0.01,"11,860",2026/09/16
