順位(全市場),順位,コード,銘柄名,市場,現在値,前日比,騰落率(%),出来高,時刻
1,1,6085,アーキテクツ・スタジオ・ジャパン(株),東証GRT,70,-18,-20.45,"6,517,200",2026/08/03
2,2,3856,Ａｂａｌａｎｃｅ(株),東証STD,410,-100,-19.61,"444,000",2026/08/03
3,3,5034,(株)ｕｎｅｒｒｙ,東証GRT,"2,050",-434,-17.47,"88,400",2026/08/03
4,4,5214,日本電気硝子(株),東証PRM,"4,394",-929,-17.45,"2,303,700",2026/08/03
5,5,2721,(株)ジェイホールディングス,東証STD,128,-24,-15.79,"845,600",2026/08/03
6,6,6157,日進工具(株),東証STD,813,-149,-15.49,"456,000",2026/08/03
7,7,6870,日本フェンオール(株),東証STD,"2,229",-405,-15.38,"60,800",2026/08/03
8,8,6954,ファナック(株),東証PRM,"6,114","-1,021",-14.31,"21,706,000",2026/08/03
9,9,4395,(株)アクリート,東証GRT,643,-92,-12.52,"330,300",2026/08/03
10,10,5332,ＴＯＴＯ(株),東証PRM,"6,171",-839,-11.97,"3,460,300",2026/08/03
11,11,6817,スミダコーポレーション(株),東証PRM,"1,143",-149,-11.53,"862,700",2026/08/03
12,12,3851,(株)日本一ソフトウェア,東証STD,950,-113,-10.63,"142,600",2026/08/03
13,13,4685,(株)菱友システムズ,東証STD,"2,597",-284,-9.86,"203,400",2026/08/03
14,14,7003,(株)三井Ｅ＆Ｓ,東証PRM,"4,425",-443,-9.1,"10,861,100",2026/08/03
15,15,8918,(株)ランド,東証STD,10,-1,-9.09,"305,997,900",2026/08/03
16,16,3047,(株)ＴＲＵＣＫ－ＯＮＥ,福岡Q,920,-88,-8.73,700,2026/08/03
17,17,4417,グローバルセキュリティエキスパート(株),東証GRT,"4,200",-380,-8.3,"97,600",2026/08/03
18,18,2492,(株)インフォマート,東証PRM,522,-47,-8.26,"4,771,200",2026/08/03
19,19,1976,明星工業(株),東証PRM,"1,872",-166,-8.15,"197,400",2026/08/03
20,20,1479,iFreeETF MSCI日本株人材設備投資指数,東証ETF,"47,800","-4,190",-8.06,124,2026/08/03
21,21,9301,三菱倉庫(株),東証PRM,"1,475",-128,-7.99,"3,236,400",2026/08/03
22,22,8052,椿本興業(株),東証PRM,"2,640",-228,-7.95,"125,700",2026/08/03
23,23,2527,NZAM 上場投信 東証REIT Core指数,東証ETF,"1,063",-91,-7.89,"87,999",2026/08/03
24,24,9399,ビート・ホールディングス・リミテッド,東証STD外国,12,-1,-7.69,"2,600,739",2026/08/03
25,25,7282,豊田合成(株),東証PRM,"5,145",-417,-7.5,"892,400",2026/08/03
26,26,6185,ＳＭＮ(株),東証STD,372,-30,-7.46,"112,400",2026/08/03
27,27,3976,(株)シャノン,東証GRT,524,-42,-7.42,"49,300",2026/08/03
28,28,3388,明治電機工業(株),東証PRM,"2,040",-162,-7.36,"176,400",2026/08/03
29,29,9997,(株)ベルーナ,東証PRM,996,-78,-7.26,"865,300",2026/08/03
30,30,7172,(株)ジャパンインベストメントアドバイザー,東証PRM,"1,991",-155,-7.22,"1,121,800",2026/08/03
31,31,6565,ＡＢホテル(株),名証MN,"1,320",-102,-7.17,"20,800",2026/08/03
32,32,9020,東日本旅客鉄道(株),東証PRM,"3,422",-254,-6.91,"6,811,400",2026/08/03
33,33,5243,ｎｏｔｅ(株),東証GRT,"1,984",-145,-6.81,"350,200",2026/08/03
34,34,4658,日本空調サービス(株),東証PRM,"1,484",-108,-6.78,"417,500",2026/08/03
35,35,7269,スズキ(株),東証PRM,"1,945.5",-140.5,-6.74,"14,674,800",2026/08/03
36,36,9682,(株)ＤＴＳ,東証PRM,"1,080",-78,-6.74,"1,163,300",2026/08/03
37,37,4062,イビデン(株),東証PRM,"15,535","-1,115",-6.7,"8,105,600",2026/08/03
38,38,9027,(株)ロジネットジャパン,札証,"4,760",-340,-6.67,600,2026/08/03
39,39,1685,WisdomTree エネルギー上場投信,東証ETF,769.7,-54.8,-6.65,590,2026/08/03
40,40,2038,NEXT NOTES ドバイ原油先物 ダブル・ブル ETN,東証ETF,"1,956",-139,-6.63,"150,606",2026/08/03
41,41,1690,WisdomTree WTI原油上場投信,東証ETF,"2,194.5",-155,-6.6,"4,650",2026/08/03
42,42,7537,丸文(株),東証PRM,"1,585",-110,-6.49,"358,600",2026/08/03
43,43,4761,(株)さくらケーシーエス,東証STD,"1,412",-97,-6.43,"18,400",2026/08/03
44,44,2003,日東富士製粉(株),東証STD,"1,720",-117,-6.37,"101,500",2026/08/03
45,45,6503,三菱電機(株),東証PRM,"5,536",-376,-6.36,"13,219,500",2026/08/03
46,46,8115,ムーンバット(株),東証STD,"1,434",-97,-6.34,"15,700",2026/08/03
47,47,4461,第一工業製薬(株),東証PRM,"11,840",-780,-6.18,"311,300",2026/08/03
48,48,5342,ジャニス工業(株),名証MN,373,-24,-6.05,800,2026/08/03
49,49,8518,日本アジア投資(株),東証STD,125,-8,-6.02,"81,000",2026/08/03
50,50,3449,(株)テクノフレックス,東証STD,"4,570",-290,-5.97,"212,700",2026/08/03
51,51,7446,東北化学薬品(株),東証STD,"4,520",-285,-5.93,"5,500",2026/08/03
52,52,9941,太洋物産(株),東証STD,"1,164",-73,-5.9,"68,100",2026/08/03
53,53,8920,(株)東祥,東証STD,723,-45,-5.86,"160,800",2026/08/03
54,54,9325,ファイズホールディングス(株),東証STD,"1,085",-66,-5.73,"104,100",2026/08/03
55,55,6522,(株)アスタリスク,東証GRT,"1,500",-91,-5.72,"411,900",2026/08/03
56,56,6770,アルプスアルパイン(株),東証PRM,"2,087.5",-126.5,-5.71,"3,011,000",2026/08/03
57,57,2903,シノブフーズ(株),東証STD,"1,615",-97,-5.67,"5,500",2026/08/03
58,58,5280,ヨシコン(株),東証STD,"2,197",-132,-5.67,"40,500",2026/08/03
59,59,4547,キッセイ薬品工業(株),東証PRM,"3,855",-230,-5.63,"148,500",2026/08/03
60,60,3133,(株)海帆,東証GRT,85,-5,-5.56,"883,700",2026/08/03
61,61,5802,住友電気工業(株),東証PRM,"2,062.5",-121.5,-5.56,"37,767,100",2026/08/03
62,62,4416,(株)Ｔｒｕｅ　Ｄａｔａ,東証GRT,392,-23,-5.54,"11,200",2026/08/03
63,63,2637,GX クリーンテック-日本株式,東証ETF,"2,669",-156,-5.52,"7,818",2026/08/03
64,64,9828,(株)Ｇｅｎｋｉ　Ｇｌｏｂａｌ　Ｄｉｎｉｎｇ　Ｃｏｎｃｅｐｔｓ,東証STD,"3,340",-195,-5.52,"135,200",2026/08/03
65,65,5449,大阪製鐵(株),東証STD,"2,368",-138,-5.51,"86,100",2026/08/03
66,66,276A,ククレブ・アドバイザーズ(株),東証GRT,"3,285",-190,-5.47,"45,400",2026/08/03
67,67,504A,イノバセル(株),東証GRT,512,-29,-5.36,"57,900",2026/08/03
68,68,606A,金2倍ブルETF,東証ETF,"19,140","-1,085",-5.36,863,2026/08/03
69,69,3350,(株)メタプラネット,東証STD,232,-13,-5.31,"24,191,900",2026/08/03
70,70,6336,(株)石井表記,東証STD,"1,484",-83,-5.3,"78,000",2026/08/03
71,71,7425,初穂商事(株),東証STD,"1,184",-66,-5.28,"1,500",2026/08/03
72,72,7508,(株)Ｇ－７ホールディングス,東証PRM,"1,380",-77,-5.28,"184,200",2026/08/03
73,73,6758,ソニーグループ(株),東証PRM,"3,589",-198,-5.23,"27,774,900",2026/08/03
74,74,6144,西部電機(株),東証STD,"3,030",-165,-5.16,"18,600",2026/08/03
75,75,8769,(株)アドバンテッジリスクマネジメント,東証STD,499,-27,-5.13,"30,300",2026/08/03
76,76,1671,WTI原油価格連動型上場投信,東証ETF,"4,808",-259,-5.11,"225,192",2026/08/03
77,77,4539,日本ケミファ(株),東証STD,"1,576",-84,-5.06,"6,000",2026/08/03
78,78,9065,山九(株),東証PRM,"8,993",-479,-5.06,"651,400",2026/08/03
79,79,8802,三菱地所(株),東証PRM,"3,700",-193,-4.96,"8,143,500",2026/08/03
80,80,7014,(株)名村造船所,東証STD,"4,125",-215,-4.95,"1,970,000",2026/08/03
81,81,396A,業界改革厳選ETF REITイベント・ドリブン,東証ETF,496.5,-25.8,-4.94,80,2026/08/03
82,82,5134,(株)ＰＯＰＥＲ,東証GRT,490,-25,-4.85,"7,600",2026/08/03
83,83,2327,日鉄ソリューションズ(株),東証PRM,"3,726",-189,-4.83,"400,700",2026/08/03
84,84,4882,(株)ペルセウスプロテオミクス,東証GRT,138,-7,-4.83,"443,400",2026/08/03
85,85,6101,(株)ツガミ,東証PRM,"5,720",-290,-4.83,"801,700",2026/08/03
86,86,6379,レイズネクスト(株),東証PRM,"2,771",-140,-4.81,"292,100",2026/08/03
87,87,7893,(株)プロネクサス,東証PRM,"1,128",-57,-4.81,"49,200",2026/08/03
88,88,9158,(株)シーユーシー,東証GRT,752,-38,-4.81,"104,400",2026/08/03
89,89,184A,(株)学びエイド,東証GRT,317,-16,-4.8,"5,400",2026/08/03
90,90,318A,VIX短期先物指数ETF,東証ETF,414.9,-20.9,-4.8,"1,233,240",2026/08/03
91,91,3712,(株)情報企画,東証STD,"1,011",-51,-4.8,"1,900",2026/08/03
92,92,2036,NEXT NOTES 金先物 ダブル・ブル ETN,東証ETF,"137,600","-6,900",-4.78,"7,059",2026/08/03
93,93,247A,Ａｉロボティクス(株),東証GRT,821,-41,-4.76,"593,100",2026/08/03
94,94,8585,(株)オリエントコーポレーション,東証PRM,860,-43,-4.76,"974,100",2026/08/03
95,95,5126,ポーターズ(株),東証GRT,"1,610",-80,-4.73,300,2026/08/03
96,96,610A,GX 宇宙テック・トップ10(除く日本),東証ETF,968,-48,-4.72,"295,472",2026/08/03
97,97,6995,(株)東海理化,東証PRM,"3,025",-150,-4.72,"241,800",2026/08/03
98,98,1695,WisdomTree 小麦上場投信,東証ETF,"3,241",-160,-4.7,"12,102",2026/08/03
99,99,3921,(株)ネオジャパン,東証PRM,"1,563",-77,-4.7,"21,100",2026/08/03
100,100,5574,(株)ＡＢＥＪＡ,東証GRT,"2,604",-128,-4.69,"109,400",2026/08/03
101,101,7369,(株)メイホーホールディングス,東証GRT,369,-18,-4.65,"4,000",2026/08/03
102,102,4875,メディシノバ,東証STD外国,206,-10,-4.63,"41,900",2026/08/03
103,103,6040,日本スキー場開発(株),東証GRT,453,-22,-4.63,"93,300",2026/08/03
104,104,4811,(株)ドリーム・アーツ,東証GRT,805,-39,-4.62,"2,800",2026/08/03
105,105,9715,トランスコスモス(株),東証PRM,"3,625",-175,-4.61,"237,300",2026/08/03
106,106,224A,GX ウラニウムビジネス,東証ETF,"1,412",-68,-4.59,"17,468",2026/08/03
107,107,8801,三井不動産(株),東証PRM,"1,488.5",-71.5,-4.58,"14,067,600",2026/08/03
108,108,8919,(株)カチタス,東証PRM,"3,240",-155,-4.57,"235,300",2026/08/03
109,109,9324,安田倉庫(株),東証PRM,"2,426",-116,-4.56,"108,800",2026/08/03
110,110,8894,(株)ＲＥＶＯＬＵＴＩＯＮ,東証STD,21,-1,-4.55,"797,800",2026/08/03
111,111,4113,田岡化学工業(株),東証STD,717,-34,-4.53,"106,900",2026/08/03
112,112,4377,(株)ワンキャリア,東証GRT,"2,024",-96,-4.53,"136,300",2026/08/03
113,113,6545,(株)インターネットインフィニティー,東証GRT,832,-39,-4.48,"13,500",2026/08/03
114,114,1950,日本電設工業(株),東証PRM,"3,860",-180,-4.46,"240,300",2026/08/03
115,115,3137,(株)ファンデリー,東証STD,214,-10,-4.46,"70,400",2026/08/03
116,116,4392,ＦＩＧ(株),東証PRM,836,-39,-4.46,"702,600",2026/08/03
117,117,4120,スガイ化学工業(株),東証STD,"3,015",-140,-4.44,600,2026/08/03
118,118,4216,旭有機材(株),東証PRM,"5,810",-270,-4.44,"146,000",2026/08/03
119,119,352A,(株)ＬＯＩＶＥ,東証GRT,497,-23,-4.42,"116,900",2026/08/03
120,120,4188,三菱ケミカルグループ(株),東証PRM,"1,135.5",-52.5,-4.42,"9,770,500",2026/08/03
121,121,5101,横浜ゴム(株),東証PRM,"7,332",-337,-4.39,"869,000",2026/08/03
122,122,3407,旭化成(株),東証PRM,"1,647.5",-75,-4.35,"9,491,200",2026/08/03
123,123,5423,東京製鐵(株),東証PRM,"1,695",-77,-4.35,"486,200",2026/08/03
124,124,6473,(株)ジェイテクト,東証PRM,"2,119.5",-96.5,-4.35,"2,066,500",2026/08/03
125,125,6702,富士通(株),東証PRM,"3,500",-159,-4.35,"9,682,900",2026/08/03
126,126,2923,サトウ食品(株),東証STD,"8,210",-370,-4.31,"3,500",2026/08/03
127,127,2842,iFreeETF NASDAQ100インバース,東証ETF,"12,600",-565,-4.29,"9,833",2026/08/03
128,128,4370,モビルス(株),東証GRT,312,-14,-4.29,"2,400",2026/08/03
129,129,1658,iシェアーズ･コア MSCI 新興国株 ETF,東証ETF,"4,135",-185,-4.28,"20,582",2026/08/03
130,130,7988,(株)ニフコ,東証PRM,"4,986",-223,-4.28,"516,100",2026/08/03
131,131,7202,いすゞ自動車(株),東証PRM,"2,300.5",-102,-4.25,"7,887,600",2026/08/03
132,132,6104,芝浦機械(株),東証PRM,"3,950",-175,-4.24,"473,900",2026/08/03
133,133,8081,(株)カナデン,東証PRM,"2,347",-104,-4.24,"233,000",2026/08/03
134,134,1684,WisdomTree ブロード上場投信,東証ETF,"2,481",-109.5,-4.23,680,2026/08/03
135,135,2491,バリューコマース(株),東証PRM,453,-20,-4.23,"305,100",2026/08/03
136,136,4410,ハリマ化成グループ(株),東証PRM,"1,073",-47,-4.2,"129,100",2026/08/03
137,137,9790,福井コンピュータホールディングス(株),東証PRM,"3,090",-135,-4.19,"52,600",2026/08/03
138,138,1959,(株)クラフティア,東証PRM,"8,137",-354,-4.17,"430,300",2026/08/03
139,139,5953,昭和鉄工(株),福証,"6,900",-300,-4.17,100,2026/08/03
140,140,2243,GX 半導体,東証ETF,"4,260",-185,-4.16,"394,654",2026/08/03
141,141,3994,(株)マネーフォワード,東証PRM,"5,228",-227,-4.16,"367,500",2026/08/03
142,142,5242,(株)アイズ,東証GRT,"2,283",-99,-4.16,"9,000",2026/08/03
143,143,4483,(株)ＪＭＤＣ,東証PRM,"3,000",-130,-4.15,"295,000",2026/08/03
144,144,5858,(株)ＳＴＧ,東証GRT,"1,352",-58,-4.11,"3,900",2026/08/03
145,145,4687,ＴＤＣソフト(株),東証PRM,"1,019",-43,-4.05,"124,200",2026/08/03
146,146,6455,(株)モリタホールディングス,東証PRM,"2,419",-102,-4.05,"193,300",2026/08/03
147,147,1697,WisdomTree 大豆上場投信,東証ETF,"4,436",-185,-4.0,190,2026/08/03
148,148,4594,ブライトパス・バイオ(株),東証GRT,48,-2,-4.0,"1,316,700",2026/08/03
149,149,408A,iシェアーズ AI グローバル・イノベーション アクティブ,東証ETF,271.6,-11.3,-3.99,"847,610",2026/08/03
150,150,8145,中部水産(株),名証MN,"3,125",-130,-3.99,"4,000",2026/08/03
151,151,6971,京セラ(株),東証PRM,"3,544",-147,-3.98,"7,586,400",2026/08/03
152,152,1699,(NEXT FUNDS)NOMURA原油インデックス上場,東証ETF,578.4,-23.9,-3.97,"253,820",2026/08/03
153,153,258A,SMT ETF国内リート厳選投資アクティブ,東証ETF,"2,103",-87,-3.97,237,2026/08/03
154,154,533A,NZAM 上場投信 S&P500(H無),東証ETF,"2,302",-95,-3.96,26,2026/08/03
155,155,6494,(株)ＮＦＫホールディングス,東証STD,97,-4,-3.96,"230,200",2026/08/03
156,156,1633,(NEXT FUNDS)不動産上場投信,東証ETF,"48,850","-2,010",-3.95,880,2026/08/03
157,157,3529,アツギ(株),東証STD,"1,045",-43,-3.95,"48,900",2026/08/03
158,158,4848,(株)フルキャストホールディングス,東証PRM,"1,660",-68,-3.94,"108,800",2026/08/03
159,159,7887,南海プライウッド(株),東証STD,"1,539",-63,-3.93,"4,400",2026/08/03
160,160,7283,愛三工業(株),東証PRM,"2,310",-94,-3.91,"359,600",2026/08/03
161,161,6099,(株)エラン,東証PRM,741,-30,-3.89,"124,100",2026/08/03
162,162,5110,住友ゴム工業(株),東証PRM,"2,191.5",-88.5,-3.88,"2,116,400",2026/08/03
163,163,1322,上場インデックス中国A株 E FUND CSI300,東証ETF,"11,330",-450,-3.82,780,2026/08/03
164,164,4814,ネクストウェア(株),東証STD,151,-6,-3.82,"55,200",2026/08/03
165,165,8541,(株)愛媛銀行,東証PRM,"2,675",-106,-3.81,"383,300",2026/08/03
166,166,1878,大東建託(株),東証PRM,"3,241",-128,-3.8,"2,444,200",2026/08/03
167,167,3911,(株)Ａｉｍｉｎｇ,東証GRT,177,-7,-3.8,"613,700",2026/08/03
168,168,7888,三光合成(株),東証PRM,936,-37,-3.8,"195,800",2026/08/03
169,169,7800,(株)アミファ,東証STD,943,-37,-3.78,"72,900",2026/08/03
170,170,9142,九州旅客鉄道(株),東証PRM,"3,460",-136,-3.78,"1,447,600",2026/08/03
171,171,1961,三機工業(株),東証PRM,"2,222",-87,-3.77,"751,200",2026/08/03
172,172,2410,(株)キャリアデザインセンター,東証PRM,"2,808",-110,-3.77,"95,400",2026/08/03
173,173,4617,中国塗料(株),東証PRM,"3,450",-135,-3.77,"551,400",2026/08/03
174,174,2780,(株)コメ兵ホールディングス,東証STD,"4,860",-190,-3.76,"77,400",2026/08/03
175,175,4347,ブロードメディア(株),東証STD,"1,688",-66,-3.76,"6,300",2026/08/03
176,176,5240,ｍｏｎｏＡＩ　ｔｅｃｈｎｏｌｏｇｙ(株),東証GRT,206,-8,-3.74,"406,900",2026/08/03
177,177,8818,京阪神ビルディング(株),東証PRM,"1,106",-43,-3.74,"574,700",2026/08/03
178,178,9610,ウィルソン・ラーニング　ワールドワイド(株),東証STD,103,-4,-3.74,"72,700",2026/08/03
179,179,2247,iFreeETF S&P500(H無),東証ETF,"2,217",-86,-3.73,"218,083",2026/08/03
180,180,3260,(株)エスポア,名証NXT,722,-28,-3.73,"6,600",2026/08/03
181,181,4880,セルソース(株),東証STD,310,-12,-3.73,"55,600",2026/08/03
182,182,5021,コスモエネルギーホールディングス(株),東証PRM,"3,836",-148,-3.71,"608,500",2026/08/03
183,183,8914,エリアリンク(株),東証STD,960,-37,-3.71,"128,300",2026/08/03
184,184,3667,(株)ｅｎｉｓｈ,東証STD,26,-1,-3.7,"109,500",2026/08/03
185,185,8836,(株)ＲＩＳＥ,東証STD,26,-1,-3.7,"31,600",2026/08/03
186,186,4343,(株)イオンファンタジー,東証PRM,"2,660",-102,-3.69,"101,300",2026/08/03
187,187,8439,東京センチュリー(株),東証PRM,"2,526.5",-96.5,-3.68,"1,270,400",2026/08/03
188,188,7595,(株)アルゴグラフィックス,東証PRM,"1,316",-50,-3.66,"423,500",2026/08/03
189,189,3371,(株)ソフトクリエイトホールディングス,東証PRM,"2,013",-76,-3.64,"109,800",2026/08/03
190,190,6664,(株)オプトエレクトロニクス,東証STD,239,-9,-3.63,"1,400",2026/08/03
191,191,4928,(株)ノエビアホールディングス,東証PRM,"4,790",-180,-3.62,"204,300",2026/08/03
192,192,7259,(株)アイシン,東証PRM,"2,143",-80.5,-3.62,"4,810,000",2026/08/03
193,193,1483,iシェアーズ JPX/S&P 設備･人材投資ETF,東証ETF,"3,628",-136,-3.61,6,2026/08/03
194,194,3291,飯田グループホールディングス(株),東証PRM,"2,206.5",-82.5,-3.6,"751,500",2026/08/03
195,195,3565,アセンテック(株),東証STD,402,-15,-3.6,"227,000",2026/08/03
196,196,7267,ホンダ,東証PRM,"1,567",-58.5,-3.6,"19,396,800",2026/08/03
197,197,1766,東建コーポレーション(株),東証PRM,"12,890",-480,-3.59,"27,700",2026/08/03
198,198,4413,(株)ボードルア,東証PRM,"2,766",-103,-3.59,"155,400",2026/08/03
199,199,7270,(株)ＳＵＢＡＲＵ,東証PRM,"2,618",-97.5,-3.59,"5,392,100",2026/08/03
200,200,9311,アサガミ(株),東証STD,"7,810",-290,-3.58,300,2026/08/03
201,201,9504,中国電力(株),東証PRM,906.9,-33.7,-3.58,"3,725,000",2026/08/03
202,202,4523,エーザイ(株),東証PRM,"4,656",-172,-3.56,"2,274,700",2026/08/03
203,203,5105,ＴＯＹＯ　ＴＩＲＥ(株),東証PRM,"4,128",-152,-3.55,"601,600",2026/08/03
204,204,9882,(株)イエローハット,東証PRM,"1,745",-64,-3.54,"370,900",2026/08/03
205,205,3138,(株)富士山マガジンサービス,東証STD,"1,092",-40,-3.53,"8,600",2026/08/03
206,206,4519,中外製薬(株),東証PRM,"6,687",-245,-3.53,"3,532,400",2026/08/03
207,207,1622,(NEXT FUNDS)自動車･輸送機上場投信,東証ETF,"33,680","-1,230",-3.52,"8,116",2026/08/03
208,208,2565,GX ロジスティクス・J-REIT,東証ETF,905,-33,-3.52,"104,854",2026/08/03
209,209,7322,(株)三十三フィナンシャルグループ,東証PRM,"1,843",-67,-3.51,"671,600",2026/08/03
210,210,5603,虹技(株),東証STD,"1,269",-46,-3.5,"8,000",2026/08/03
211,211,2768,双日(株),東証PRM,"5,193",-188,-3.49,"2,112,000",2026/08/03
212,212,4976,東洋ドライルーブ(株),東証STD,"1,300",-47,-3.49,"1,700",2026/08/03
213,213,9003,相鉄ホールディングス(株),東証PRM,"2,541",-92,-3.49,"533,800",2026/08/03
214,214,1447,ＳＡＡＦホールディングス(株),東証GRT,361,-13,-3.48,"113,800",2026/08/03
215,215,6768,(株)タムラ製作所,東証PRM,782,-28,-3.46,"1,057,400",2026/08/03
216,216,2864,GX ロジスティクス・REIT,東証ETF,"1,401",-50,-3.45,"11,843",2026/08/03
217,217,3192,(株)白鳩,東証STD,280,-10,-3.45,"24,700",2026/08/03
218,218,4371,(株)コアコンセプト・テクノロジー,東証GRT,"1,400",-50,-3.45,"18,600",2026/08/03
219,219,8877,エスリード(株),東証PRM,"5,030",-180,-3.45,"44,800",2026/08/03
220,220,1675,WisdomTree パラジウム上場投信,東証ETF,"18,360",-655,-3.44,306,2026/08/03
221,221,6981,(株)村田製作所,東証PRM,"7,161",-255,-3.44,"41,411,700",2026/08/03
222,222,3760,(株)ケイブ,東証STD,733,-26,-3.43,"28,400",2026/08/03
223,223,552A,MAXIS 米国AIインフラ株上場投信,東証ETF,"2,370",-84,-3.42,"4,052",2026/08/03
224,224,3935,(株)エディア,東証STD,680,-24,-3.41,"52,900",2026/08/03
225,225,6832,アオイ電子(株),東証STD,"2,265",-80,-3.41,"64,300",2026/08/03
226,226,8951,日本ビルファンド投資法人,東証,"130,100","-4,600",-3.41,"39,708",2026/08/03
227,227,223A,GX AI&ビッグデータ,東証ETF,"1,675",-59,-3.4,"17,165",2026/08/03
228,228,5440,共英製鋼(株),東証PRM,"1,876",-66,-3.4,"249,100",2026/08/03
229,229,577A,GX シルバー,東証ETF,225.1,-7.9,-3.39,"6,830",2026/08/03
230,230,8630,ＳＯＭＰＯホールディングス(株),東証PRM,"6,872",-241,-3.39,"3,274,200",2026/08/03
231,231,1928,積水ハウス(株),東証PRM,"3,370",-118,-3.38,"3,881,600",2026/08/03
232,232,3659,(株)ネクソン,東証PRM,"2,416.5",-84.5,-3.38,"2,486,400",2026/08/03
233,233,4176,(株)ココナラ,東証GRT,257,-9,-3.38,"191,600",2026/08/03
234,234,5356,美濃窯業(株),東証STD,"1,285",-45,-3.38,"8,000",2026/08/03
235,235,5971,(株)共和工業所,東証STD,"8,010",-280,-3.38,"1,100",2026/08/03
236,236,6613,(株)ＱＤレーザ,東証GRT,"1,485",-52,-3.38,"1,889,200",2026/08/03
237,237,3191,(株)ジョイフル本田,東証PRM,"2,409",-84,-3.37,"361,900",2026/08/03
238,238,4714,(株)リソー教育グループ,東証PRM,201,-7,-3.37,"894,400",2026/08/03
239,239,5618,ナイル(株),東証GRT,287,-10,-3.37,"5,200",2026/08/03
240,240,7203,トヨタ自動車(株),東証PRM,"2,963.5",-103.5,-3.37,"43,659,400",2026/08/03
241,241,9708,(株)帝国ホテル,東証STD,974,-34,-3.37,"407,900",2026/08/03
242,242,5019,出光興産(株),東証PRM,"1,267",-44,-3.36,"3,348,400",2026/08/03
243,243,7957,フジコピアン(株),東証STD,"2,039",-71,-3.36,"7,300",2026/08/03
244,244,1309,(NEXT FUNDS)ChinaAMC・中国株式・上証50,東証ETF,"53,680","-1,860",-3.35,139,2026/08/03
245,245,1597,MAXIS Jリート上場投信,東証ETF,"1,877",-65,-3.35,"919,003",2026/08/03
246,246,2254,GX チャイナEV&バッテリー,東証ETF,"1,096",-38,-3.35,"64,640",2026/08/03
247,247,6301,コマツ,東証PRM,"6,760",-234,-3.35,"3,562,800",2026/08/03
248,248,9075,福山通運(株),東証PRM,"5,770",-200,-3.35,"111,900",2026/08/03
249,249,1696,WisdomTree とうもろこし上場投信,東証ETF,"2,818",-97,-3.33,"3,711",2026/08/03
250,250,237A,iシェアーズ 米国債25年超 ロングデュレーション,東証ETF,145,-5,-3.33,"2,212,620",2026/08/03
251,251,2523,MAXIS トピックス(除く金融)上場投信,東証ETF,"3,139",-108,-3.33,"2,030",2026/08/03
252,252,4015,ペイクラウドホールディングス(株),東証GRT,523,-18,-3.33,"36,700",2026/08/03
253,253,7201,日産自動車(株),東証PRM,325,-11.2,-3.33,"44,454,600",2026/08/03
254,254,8977,阪急阪神リート投資法人,東証,"139,300","-4,800",-3.33,"2,780",2026/08/03
255,255,2158,(株)ＦＲＯＮＴＥＯ,東証GRT,613,-21,-3.31,"120,700",2026/08/03
256,256,2926,(株)篠崎屋,東証STD,117,-4,-3.31,"197,400",2026/08/03
257,257,4490,(株)ビザスク,東証GRT,643,-22,-3.31,"15,400",2026/08/03
258,258,5724,(株)アサカ理研,東証STD,"2,281",-78,-3.31,"38,700",2026/08/03
259,259,6840,(株)ＡＫＩＢＡホールディングス,東証STD,671,-23,-3.31,"708,600",2026/08/03
260,260,3086,Ｊ．フロント　リテイリング(株),東証PRM,"2,883",-98.5,-3.3,"1,475,300",2026/08/03
261,261,579A,GX 銀ビジネス,東証ETF,821,-28,-3.3,"2,863",2026/08/03
262,262,7906,ヨネックス(株),東証STD,"2,517",-86,-3.3,"575,700",2026/08/03
263,263,6857,(株)アドバンテスト,東証PRM,"31,430","-1,070",-3.29,"9,793,800",2026/08/03
264,264,8473,ＳＢＩホールディングス(株),東証PRM,"2,938",-100,-3.29,"6,663,600",2026/08/03
265,265,2560,MAXISカーボン・エフィシェント日本株上場投信,東証ETF,"52,200","-1,770",-3.28,128,2026/08/03
266,266,3083,スターシーズ(株),東証STD,943,-32,-3.28,"45,200",2026/08/03
267,267,7033,(株)マネジメントソリューションズ,東証PRM,"1,385",-47,-3.28,"100,900",2026/08/03
268,268,7389,(株)あいちフィナンシャルグループ,東証PRM,"1,680",-57,-3.28,"809,100",2026/08/03
269,269,2854,GX テック・トップ20-日本株式,東証ETF,"2,572",-87,-3.27,"23,744",2026/08/03
270,270,5271,(株)トーヨーアサノ,東証STD,"2,220",-75,-3.27,"1,500",2026/08/03
271,271,166A,(株)タスキホールディングス,東証PRM,"1,073",-36,-3.25,"506,400",2026/08/03
272,272,1417,(株)ミライト・ワン,東証PRM,"3,437",-115,-3.24,"361,800",2026/08/03
273,273,3997,(株)トレードワークス,東証STD,388,-13,-3.24,"182,100",2026/08/03
274,274,8923,トーセイ(株),東証PRM,"1,760",-59,-3.24,"257,000",2026/08/03
275,275,1662,石油資源開発(株),東証PRM,"1,710",-57,-3.23,"1,404,600",2026/08/03
276,276,3686,(株)ディー・エル・イー,東証STD,60,-2,-3.23,"232,100",2026/08/03
277,277,3803,イメージ情報開発(株),東証GRT,509,-17,-3.23,"11,000",2026/08/03
278,278,453A,iシェアーズ 米国債20年超プレミアムインカム,東証ETF,752,-25,-3.22,"525,630",2026/08/03
279,279,5621,(株)ヒューマンテクノロジーズ,東証GRT,"1,653",-55,-3.22,"33,600",2026/08/03
280,280,5975,東プレ(株),東証PRM,"2,732",-91,-3.22,"98,100",2026/08/03
281,281,1543,純パラジウム上場信託(現物国内保管型),東証ETF,"58,270","-1,930",-3.21,163,2026/08/03
282,282,9832,(株)オートバックスセブン,東証PRM,"1,506",-50,-3.21,"581,800",2026/08/03
283,283,9936,(株)王将フードサービス,東証PRM,"2,923",-97,-3.21,"458,000",2026/08/03
284,284,2998,クリアル(株),東証GRT,484,-16,-3.2,"258,400",2026/08/03
285,285,4819,(株)デジタルガレージ,東証PRM,"2,333",-77,-3.2,"222,100",2026/08/03
286,286,2019,GX 米国優先証券(隔月分配型),東証ETF,"1,003",-33,-3.19,"34,094",2026/08/03
287,287,6337,(株)テセック,東証STD,"3,035",-100,-3.19,"228,400",2026/08/03
288,288,7480,スズデン(株),東証STD,"2,401",-79,-3.19,"136,400",2026/08/03
289,289,612A,One ETF 日本国債先物逆連動指数,東証ETF,"9,750",-320,-3.18,70,2026/08/03
290,290,8133,伊藤忠エネクス(株),東証PRM,"2,101",-69,-3.18,"182,200",2026/08/03
291,291,2520,(NEXT FUNDS)新興国株式･MSCI EM･(H無),東証ETF,"2,264",-74,-3.17,"17,212",2026/08/03
292,292,2530,MAXIS HuaAn中国株式(上海180A株)上場投信,東証ETF,"17,110",-560,-3.17,265,2026/08/03
293,293,1827,(株)ナカノフドー建設,東証STD,"1,288",-42,-3.16,"6,400",2026/08/03
294,294,5248,(株)テクノロジーズ,東証GRT,460,-15,-3.16,"85,800",2026/08/03
295,295,2332,(株)クエスト,東証STD,"1,693",-55,-3.15,"17,800",2026/08/03
296,296,2892,日本食品化工(株),東証STD,"4,305",-140,-3.15,"8,200",2026/08/03
297,297,2337,いちご(株),東証PRM,401,-13,-3.14,"1,135,800",2026/08/03
298,298,2522,iシェアーズ オートメーション&ロボット ETF,東証ETF,"8,445",-274,-3.14,"6,133",2026/08/03
299,299,3289,東急不動産ホールディングス(株),東証PRM,"1,294.5",-42,-3.14,"3,621,700",2026/08/03
300,300,4323,日本システム技術(株),東証PRM,"1,822",-59,-3.14,"56,700",2026/08/03
301,301,512A,GX ステーブルコイン&トークンビジネス(除く日本),東証ETF,"1,078",-35,-3.14,"3,720",2026/08/03
302,302,9502,中部電力(株),東証PRM,"2,699.5",-87.5,-3.14,"4,343,400",2026/08/03
303,303,2252,GX Morningstar 米国中小型 Moat,東証ETF,"1,426",-46,-3.13,"4,870",2026/08/03
304,304,2515,(NEXT FUNDS)外国REIT･S&P先進国REIT(除く日本・H無),東証ETF,"1,704",-55,-3.13,"107,835",2026/08/03
305,305,182A,MAXIS 米国国債20年超上場投信(H無),東証ETF,483.9,-15.6,-3.12,"83,200",2026/08/03
306,306,4286,(株)ＣＬホールディングス,東証STD,"1,118",-36,-3.12,"12,300",2026/08/03
307,307,4443,Ｓａｎｓａｎ(株),東証PRM,"1,927",-62,-3.12,"1,231,900",2026/08/03
308,308,499A,ラグジュアリー厳選10 欧州株(ネットリターン)ETN,東証ETF,"8,838",-285,-3.12,6,2026/08/03
309,309,7083,ＡＨＣグループ(株),東証GRT,"1,025",-33,-3.12,"8,100",2026/08/03
310,310,4549,栄研化学(株),東証PRM,"2,084",-67,-3.11,"483,600",2026/08/03
311,311,7570,橋本総業ホールディングス(株),東証STD,"1,370",-44,-3.11,"20,100",2026/08/03
312,312,1652,iFreeETF MSCI日本株女性活躍指数(WIN),東証ETF,"4,756",-152,-3.1,"9,350",2026/08/03
313,313,3097,(株)物語コーポレーション,東証PRM,"5,310",-170,-3.1,"304,800",2026/08/03
314,314,6564,(株)ミダックホールディングス,東証PRM,"2,123",-68,-3.1,"50,900",2026/08/03
315,315,4373,シンプレクス・ホールディングス(株),東証PRM,"1,096",-35,-3.09,"1,055,000",2026/08/03
316,316,5838,楽天銀行(株),東証PRM,"5,304",-169,-3.09,"740,100",2026/08/03
317,317,6637,寺崎電気産業(株),東証STD,"3,920",-125,-3.09,"29,800",2026/08/03
318,318,7097,(株)さくらさくプラス,東証GRT,"2,662",-85,-3.09,"22,700",2026/08/03
319,319,5698,(株)エンビプロ・ホールディングス,東証STD,787,-25,-3.08,"267,500",2026/08/03
320,320,1850,南海辰村建設(株),東証STD,410,-13,-3.07,"75,500",2026/08/03
321,321,6544,ジャパンエレベーターサービスホールディングス(株),東証PRM,"1,641",-52,-3.07,"620,100",2026/08/03
322,322,9319,(株)中央倉庫,東証PRM,"1,745",-55,-3.06,"39,900",2026/08/03
323,323,314A,iシェアーズ ゴールド ETF,東証ETF,302,-9.5,-3.05,"4,645,090",2026/08/03
324,324,426A,ニッセイ ETF S&P500イコール・ウェイト(H無),東証ETF,"1,206",-38,-3.05,"3,196",2026/08/03
325,325,497A,インバウンド消費関連 日本株(ネットリターン)ETN,東証ETF,"10,495",-330,-3.05,801,2026/08/03
326,326,6763,帝国通信工業(株),東証PRM,"2,676",-84,-3.04,"20,700",2026/08/03
327,327,8804,東京建物(株),東証PRM,"3,284",-103,-3.04,"995,000",2026/08/03
328,328,6976,太陽誘電(株),東証PRM,"9,915",-310,-3.03,"20,700,900",2026/08/03
329,329,7244,市光工業(株),東証PRM,514,-16,-3.02,"93,900",2026/08/03
330,330,8364,(株)清水銀行,東証PRM,"2,600",-81,-3.02,"84,200",2026/08/03
331,331,3099,(株)三越伊勢丹ホールディングス,東証PRM,"3,479",-108,-3.01,"2,276,900",2026/08/03
332,332,3636,(株)三菱総合研究所,東証PRM,"4,665",-145,-3.01,"84,700",2026/08/03
333,333,6228,(株)ジェイ・イー・ティ,東証STD,548,-17,-3.01,"58,900",2026/08/03
334,334,487A,(NEXT FUNDS) ドイツ株式・DAX(H無),東証ETF,"2,037",-63,-3.0,"3,127",2026/08/03
335,335,1681,上場インデックスファンド海外新興国株式,東証ETF,"3,248",-100,-2.99,"2,445",2026/08/03
336,336,1811,(株)錢高組,東証STD,"8,120",-250,-2.99,700,2026/08/03
337,337,9166,(株)ＧＥＮＤＡ,東証GRT,584,-18,-2.99,"2,123,300",2026/08/03
338,338,9908,Ｄｅｎｋｅｉ,東証STD,"2,566",-79,-2.99,"22,100",2026/08/03
339,339,1605,(株)ＩＮＰＥＸ,東証PRM,"3,519",-108,-2.98,"4,281,000",2026/08/03
340,340,2867,GX 自動運転&EV,東証ETF,"1,659",-51,-2.98,"1,001",2026/08/03
341,341,4431,(株)スマレジ,東証GRT,"3,095",-95,-2.98,"80,100",2026/08/03
342,342,6149,(株)小田原エンジニアリング,東証STD,"2,152",-66,-2.98,"5,800",2026/08/03
343,343,7278,(株)エクセディ,東証PRM,"5,860",-180,-2.98,"297,900",2026/08/03
344,344,8864,空港施設(株),東証STD,913,-28,-2.98,"150,900",2026/08/03
345,345,9385,(株)ショーエイコーポレーション,東証STD,749,-23,-2.98,"10,000",2026/08/03
346,346,2848,GX MSCI 気候変動対応-日本株式,東証ETF,"2,972",-91,-2.97,36,2026/08/03
347,347,540A,上場インデックスファンド日経銀行株トップ10,東証ETF,"1,960",-60,-2.97,"157,841",2026/08/03
348,348,9628,燦ホールディングス(株),東証PRM,"1,407",-43,-2.97,"30,300",2026/08/03
349,349,1555,上場インデックスファンド豪州リート,東証ETF,"2,465",-75,-2.95,"1,660",2026/08/03
350,350,346A,(NEXT FUNDS) S&P500 半導体・半導体製造装置35%,東証ETF,"4,735",-144,-2.95,"7,364",2026/08/03
351,351,4125,三和油化工業(株),東証STD,"3,130",-95,-2.95,"14,700",2026/08/03
352,352,3624,アクセルマーク(株),東証GRT,66,-2,-2.94,"238,900",2026/08/03
353,353,4112,保土谷化学工業(株),東証PRM,"1,981",-60,-2.94,"64,000",2026/08/03
354,354,4263,サスメド(株),東証GRT,693,-21,-2.94,"49,200",2026/08/03
355,355,6309,巴工業(株),東証PRM,"1,880",-57,-2.94,"138,000",2026/08/03
356,356,8316,(株)三井住友フィナンシャルグループ,東証PRM,"6,614",-200,-2.94,"21,080,600",2026/08/03
357,357,8584,(株)ジャックス,東証PRM,"3,635",-110,-2.94,"163,500",2026/08/03
358,358,9045,京阪ホールディングス(株),東証PRM,"3,168",-96,-2.94,"392,200",2026/08/03
359,359,9305,(株)ヤマタネ,東証PRM,"2,047",-62,-2.94,"103,000",2026/08/03
360,360,7261,マツダ(株),東証PRM,"1,142",-34.5,-2.93,"8,569,100",2026/08/03
361,361,475A,(株)ギミック,東証STD,565,-17,-2.92,"8,100",2026/08/03
362,362,7240,ＮＯＫ(株),東証PRM,"2,958",-89,-2.92,"382,400",2026/08/03
363,363,1672,WisdomTree 金上場投信,東証ETF,"58,990","-1,770",-2.91,522,2026/08/03
364,364,425A,GX ゴールドETF,東証ETF,340.3,-10.2,-2.91,"633,870",2026/08/03
365,365,6239,(株)ナガオカ,東証STD,"1,302",-39,-2.91,800,2026/08/03
366,366,8841,(株)テーオーシー,東証STD,900,-27,-2.91,"196,100",2026/08/03
367,367,8934,サンフロンティア不動産(株),東証PRM,"2,435",-73,-2.91,"159,300",2026/08/03
368,368,9763,丸建リース(株),東証STD,"1,273",-38,-2.9,"26,200",2026/08/03
369,369,1822,大豊建設(株),東証STD,772,-23,-2.89,"210,900",2026/08/03
370,370,8593,三菱ＨＣキャピタル(株),東証PRM,"1,430.5",-42.5,-2.89,"6,409,500",2026/08/03
371,371,2524,NZAM 上場投信 TOPIX,東証ETF,"4,078",-121,-2.88,"152,715",2026/08/03
372,372,2641,GX グローバルリーダーズ-日本株式,東証ETF,"4,310",-128,-2.88,"34,194",2026/08/03
373,373,5532,(株)リアルゲイト,東証GRT,"3,205",-95,-2.88,"44,400",2026/08/03
374,374,7689,(株)コパ・コーポレーション,東証GRT,303,-9,-2.88,"1,000",2026/08/03
375,375,1488,iFreeETF 東証REIT指数,東証ETF,"1,894",-56,-2.87,"319,316",2026/08/03
376,376,210A,iFreeETF 日経高利回りREIT指数,東証ETF,"1,627",-48,-2.87,"50,986",2026/08/03
377,377,4189,ＫＨネオケム(株),東証PRM,"3,210",-95,-2.87,"282,900",2026/08/03
378,378,1419,タマホーム(株),東証PRM,"2,953",-87,-2.86,"153,500",2026/08/03
379,379,1573,中国H株ベア上場投信,東証ETF,"7,990",-235,-2.86,520,2026/08/03
380,380,2012,iシェアーズ 米国債0-3カ月 ETF,東証ETF,237.4,-7,-2.86,"2,474,730",2026/08/03
381,381,3929,ソーシャルワイヤー(株),東証GRT,238,-7,-2.86,"22,200",2026/08/03
382,382,4960,ケミプロ化成(株),東証STD,510,-15,-2.86,"12,400",2026/08/03
383,383,2018,GX US REIT・トップ20,東証ETF,"1,293",-38,-2.85,"7,924",2026/08/03
384,384,530A,NZAM 上場投信 東証REIT指数(2・5・8・11月決算型),東証ETF,"1,872",-55,-2.85,"19,988",2026/08/03
385,385,6088,(株)シグマクシス・ホールディングス,東証PRM,580,-17,-2.85,"583,100",2026/08/03
386,386,3766,システムズ・デザイン(株),東証STD,"1,369",-40,-2.84,"5,100",2026/08/03
387,387,532A,NZAM 上場投信 TOPIX高配当40,東証ETF,"2,195",-64,-2.83,440,2026/08/03
388,388,8830,住友不動産(株),東証PRM,"3,501",-102,-2.83,"2,672,500",2026/08/03
389,389,5233,太平洋セメント(株),東証PRM,"3,959",-115,-2.82,"559,600",2026/08/03
390,390,8766,東京海上ホールディングス(株),東証PRM,"7,885",-229,-2.82,"5,208,300",2026/08/03
391,391,1688,WisdomTree 穀物上場投信,東証ETF,563.7,-16.3,-2.81,"12,440",2026/08/03
392,392,3395,(株)サンマルクホールディングス,東証PRM,"2,493",-72,-2.81,"149,700",2026/08/03
393,393,6138,ダイジェット工業(株),東証STD,"1,105",-32,-2.81,"3,800",2026/08/03
394,394,6269,三井海洋開発(株),東証PRM,"10,035",-290,-2.81,"324,800",2026/08/03
395,395,1780,(株)ヤマウラ,東証PRM,"1,456",-42,-2.8,"40,500",2026/08/03
396,396,2384,ＳＢＳホールディングス(株),東証PRM,"4,335",-125,-2.8,"67,600",2026/08/03
397,397,9519,(株)レノバ,東証PRM,904,-26,-2.8,"636,900",2026/08/03
398,398,1689,WisdomTree 天然ガス上場投信,東証ETF,731,-21,-2.79,"84,133",2026/08/03
399,399,447A,ステート・ストリート・スパイダー ゴールド ETF(H無),東証ETF,254,-7.3,-2.79,"219,430",2026/08/03
400,400,6625,ＪＡＬＣＯホールディングス(株),東証STD,348,-10,-2.79,"370,400",2026/08/03
401,401,1660,MAXIS高利回りJリート上場投信,東証ETF,"10,660",-305,-2.78,"10,319",2026/08/03
402,402,1694,WisdomTree ニッケル上場投信,東証ETF,"2,343",-67,-2.78,200,2026/08/03
403,403,1788,(株)三東工業社,東証STD,"4,200",-120,-2.78,800,2026/08/03
404,404,6305,日立建機(株),東証PRM,"5,244",-150,-2.78,"2,607,600",2026/08/03
405,405,4069,(株)ＢｌｕｅＭｅｍｅ,東証GRT,632,-18,-2.77,"2,700",2026/08/03
406,406,1869,名工建設(株),名証MN,"1,905",-54,-2.76,"4,500",2026/08/03
407,407,2983,(株)アールプランナー,東証GRT,"1,445",-41,-2.76,"13,500",2026/08/03
408,408,3003,ヒューリック(株),東証PRM,"1,710",-48.5,-2.76,"3,529,800",2026/08/03
409,409,413A,iFreeETF キャセイ台湾テックリーダー指数,東証ETF,"3,598",-102,-2.76,"3,662",2026/08/03
410,410,459A,野村 高利回りJリート指数ETF,東証ETF,"10,400",-295,-2.76,55,2026/08/03
411,411,6091,(株)ウエスコホールディングス,東証STD,845,-24,-2.76,"34,200",2026/08/03
412,412,9413,(株)テレビ東京ホールディングス,東証PRM,"3,345",-95,-2.76,"188,500",2026/08/03
413,413,6675,サクサ(株),東証STD,"1,977",-56,-2.75,"71,100",2026/08/03
414,414,8233,(株)高島屋,東証PRM,"2,213",-62.5,-2.75,"2,550,300",2026/08/03
415,415,9904,(株)ベリテ,東証STD,248,-7,-2.75,"18,000",2026/08/03
416,416,180A,GX 超長期米国債,東証ETF,280.5,-7.9,-2.74,"193,420",2026/08/03
417,417,2986,(株)ＬＡホールディングス,東証GRT,"2,665",-75,-2.74,"257,100",2026/08/03
418,418,5363,(株)ＴＹＫ,東証STD,675,-19,-2.74,"207,000",2026/08/03
419,419,5592,(株)くすりの窓口,東証GRT,"2,308",-65,-2.74,"51,400",2026/08/03
420,420,5713,住友金属鉱山(株),東証PRM,"7,961",-224,-2.74,"3,132,800",2026/08/03
421,421,7860,エイベックス(株),東証PRM,"1,284",-36,-2.73,"229,000",2026/08/03
422,422,8147,(株)トミタ,東証STD,"1,355",-38,-2.73,900,2026/08/03
423,423,1659,iシェアーズ 米国リート ETF,東証ETF,"3,972",-111,-2.72,"10,082",2026/08/03
424,424,1808,(株)長谷工コーポレーション,東証PRM,"2,704.5",-75.5,-2.72,"1,077,200",2026/08/03
425,425,1934,(株)ユアテック,東証PRM,"2,327",-65,-2.72,"231,400",2026/08/03
426,426,2874,ヨコレイ,東証PRM,"2,076",-58,-2.72,"330,600",2026/08/03
427,427,5909,(株)コロナ,東証STD,966,-27,-2.72,"26,000",2026/08/03
428,428,7211,三菱自動車(株),東証PRM,358.1,-10,-2.72,"13,391,000",2026/08/03
429,429,7610,(株)テイツー,東証STD,143,-4,-2.72,"726,300",2026/08/03
430,430,1328,(NEXT FUNDS)金価格連動型上場投信,東証ETF,"15,050",-420,-2.71,"61,697",2026/08/03
431,431,5852,(株)アーレスティ,東証PRM,682,-19,-2.71,"142,500",2026/08/03
432,432,7085,(株)カーブスホールディングス,東証PRM,934,-26,-2.71,"803,200",2026/08/03
433,433,8057,(株)内田洋行,東証PRM,"2,083",-58,-2.71,"208,100",2026/08/03
434,434,8252,(株)丸井グループ,東証PRM,"2,887",-80.5,-2.71,"1,199,200",2026/08/03
435,435,2388,(株)ウェッジホールディングス,東証GRT,36,-1,-2.7,"80,300",2026/08/03
436,436,3323,レカム(株),東証STD,72,-2,-2.7,"443,500",2026/08/03
437,437,1540,純金上場信託(現物国内保管型),東証ETF,"19,190",-530,-2.69,"501,239",2026/08/03
438,438,1566,上場インデックスファンド新興国債券,東証ETF,"52,550","-1,450",-2.69,896,2026/08/03
439,439,4820,(株)ＥＭシステムズ,東証PRM,543,-15,-2.69,"94,500",2026/08/03
440,440,6222,(株)島精機製作所,東証PRM,904,-25,-2.69,"302,000",2026/08/03
441,441,6588,東芝テック(株),東証PRM,"3,080",-85,-2.69,"206,800",2026/08/03
442,442,3184,ＩＣＤＡホールディングス(株),東証STD,"4,350",-120,-2.68,"1,200",2026/08/03
443,443,3465,ケイアイスター不動産(株),東証PRM,"3,445",-95,-2.68,"132,100",2026/08/03
444,444,3489,(株)フェイスネットワーク,東証STD,764,-21,-2.68,"88,200",2026/08/03
445,445,4419,(株)Ｆｉｎａｔｅｘｔホールディングス,東証GRT,"1,489",-41,-2.68,"339,200",2026/08/03
446,446,2015,iFreeETF 米国国債7-10年(H無),東証ETF,"2,113",-58,-2.67,"53,451",2026/08/03
447,447,3561,(株)力の源ホールディングス,東証PRM,"1,601",-44,-2.67,"69,700",2026/08/03
448,448,4241,(株)アテクト,東証STD,619,-17,-2.67,"5,300",2026/08/03
449,449,6045,(株)レントラックス,東証GRT,"1,605",-44,-2.67,"12,100",2026/08/03
450,450,7466,ＳＰＫ(株),東証PRM,"1,350",-37,-2.67,"40,200",2026/08/03
451,451,9036,東部ネットワーク(株),東証STD,"1,347",-37,-2.67,500,2026/08/03
452,452,2531,宝ホールディングス(株),東証PRM,"2,034",-55.5,-2.66,"461,800",2026/08/03
453,453,2647,(NEXT FUNDS)ブルームバーグ米国国債(7-10年)(H無),東証ETF,"5,780",-158,-2.66,"2,214",2026/08/03
454,454,2918,わらべや日洋ホールディングス(株),東証PRM,"2,711",-74,-2.66,"158,000",2026/08/03
455,455,2181,パーソルホールディングス(株),東証PRM,256.8,-7,-2.65,"7,458,600",2026/08/03
456,456,2752,(株)フジオフードグループ本社,東証PRM,"1,103",-30,-2.65,"173,200",2026/08/03
457,457,4051,ＧＭＯフィナンシャルゲート(株),東証PRM,"6,250",-170,-2.65,"29,800",2026/08/03
458,458,4204,積水化学工業(株),東証PRM,"2,594.5",-70.5,-2.65,"3,133,500",2026/08/03
459,459,5137,(株)スマートドライブ,東証GRT,220,-6,-2.65,"214,300",2026/08/03
460,460,2152,幼児活動研究会(株),東証STD,"1,477",-40,-2.64,"1,500",2026/08/03
461,461,315A,GX 銀行 高配当-日本株式,東証ETF,"1,878",-51,-2.64,"625,517",2026/08/03
462,462,600A,ニッセイ ETF ラッセル2000,東証ETF,"1,915",-52,-2.64,"1,050",2026/08/03
463,463,7388,(株)ＦＰパートナー,東証PRM,"2,143",-58,-2.64,"54,100",2026/08/03
464,464,7886,ヤマト　モビリティ　＆　Ｍｆｇ．(株),東証STD,700,-19,-2.64,"1,300",2026/08/03
465,465,9467,(株)アルファポリス,東証GRT,"1,033",-28,-2.64,"50,300",2026/08/03
466,466,2418,(株)ツカダ・グローバルホールディング,東証STD,592,-16,-2.63,"130,200",2026/08/03
467,467,3733,(株)ソフトウェア・サービス,東証STD,"10,730",-290,-2.63,"19,400",2026/08/03
468,468,4565,ネクセラファーマ(株),東証PRM,853,-23,-2.63,"698,600",2026/08/03
469,469,7148,(株)ＦＰＧ,東証PRM,"1,667",-45,-2.63,"917,900",2026/08/03
470,470,7320,Ｓｏｌｖｖｙ(株),東証GRT,"1,479",-40,-2.63,"19,600",2026/08/03
471,471,8850,スターツコーポレーション(株),東証PRM,"4,630",-125,-2.63,"69,300",2026/08/03
472,472,8967,日本ロジスティクスファンド投資法人,東証,"96,300","-2,600",-2.63,"11,877",2026/08/03
473,473,2198,アイ・ケイ・ケイホールディングス(株),東証PRM,781,-21,-2.62,"68,700",2026/08/03
474,474,3542,(株)ベガコーポレーション,東証GRT,"1,303",-35,-2.62,"59,000",2026/08/03
475,475,566A,iFreeETF ブルームバーグ日本株(除く金融)高配当50,東証ETF,"2,195",-59,-2.62,153,2026/08/03
476,476,9345,ビズメイツ(株),東証GRT,632,-17,-2.62,"2,300",2026/08/03
477,477,1326,SPDRゴールド･シェア,東証ETF,"58,470","-1,570",-2.61,"10,782",2026/08/03
478,478,2047,NEXT NOTES インドNifty・ベア ETN,東証ETF,"3,361",-90,-2.61,208,2026/08/03
479,479,3649,(株)ファインデックス,東証PRM,821,-22,-2.61,"72,800",2026/08/03
480,480,4418,(株)ＪＤＳＣ,東証GRT,784,-21,-2.61,"132,800",2026/08/03
481,481,1773,ＹＴＬ,東証PRM外国,75,-2,-2.6,"8,000",2026/08/03
482,482,2511,(NEXT FUNDS)外国債券・FTSE世界国債(除く日本・H無),東証ETF,"1,162.5",-31,-2.6,"729,420",2026/08/03
483,483,7111,ＩＮＥＳＴ(株),東証STD,487,-13,-2.6,"14,200",2026/08/03
484,484,7213,レシップホールディングス(株),東証STD,602,-16,-2.59,"20,700",2026/08/03
485,485,1980,ダイダン(株),東証PRM,"2,378",-63,-2.58,"822,800",2026/08/03
486,486,516A,iFreeETF 米ドル・ブル(1倍),東証ETF,"2,002",-53,-2.58,"1,613",2026/08/03
487,487,9001,東武鉄道(株),東証PRM,"3,016",-80,-2.58,"767,300",2026/08/03
488,488,298A,ＧＶＡ　ＴＥＣＨ(株),東証GRT,303,-8,-2.57,"3,500",2026/08/03
489,489,1542,純銀上場信託(現物国内保管型),東証ETF,"26,410",-695,-2.56,"64,758",2026/08/03
490,490,4914,高砂香料工業(株),東証PRM,"1,179",-31,-2.56,"302,600",2026/08/03
491,491,6227,ＡＩメカテック(株),東証STD,"6,470",-170,-2.56,"781,900",2026/08/03
492,492,6599,エブレン(株),東証STD,"2,910",-76,-2.55,"4,100",2026/08/03
493,493,6652,ＩＤＥＣ(株),東証PRM,"3,445",-90,-2.55,"131,800",2026/08/03
494,494,8303,(株)ＳＢＩ新生銀行,東証PRM,"1,453",-38,-2.55,"4,945,800",2026/08/03
495,495,4258,(株)網屋,東証GRT,"4,225",-110,-2.54,"17,300",2026/08/03
496,496,4771,(株)エフアンドエム,東証STD,"2,532",-66,-2.54,"17,100",2026/08/03
497,497,8953,日本都市ファンド投資法人,東証,"114,900","-3,000",-2.54,"20,147",2026/08/03
498,498,9336,大栄環境(株),東証PRM,"3,645",-95,-2.54,"161,500",2026/08/03
499,499,1345,上場インデックスファンドJリート隔月分配,東証ETF,"1,852",-48,-2.53,"52,617",2026/08/03
500,500,1691,WisdomTree ガソリン上場投信,東証ETF,"13,685",-355,-2.53,30,2026/08/03
501,501,2840,iFreeETF NASDAQ100(H無),東証ETF,"2,576",-67,-2.53,"217,888",2026/08/03
502,502,2844,上場インデックスファンド豪州国債(H無),東証ETF,"5,502",-143,-2.53,"10,949",2026/08/03
503,503,3916,デジタル・インフォメーション・テクノロジー(株),東証PRM,923,-24,-2.53,"127,500",2026/08/03
504,504,4092,日本化学工業(株),東証PRM,"5,780",-150,-2.53,"332,600",2026/08/03
505,505,4661,(株)オリエンタルランド,東証PRM,"3,087",-80,-2.53,"9,944,700",2026/08/03
506,506,7976,三菱鉛筆(株),東証PRM,"2,701",-70,-2.53,"247,300",2026/08/03
507,507,9896,ＪＫホールディングス(株),東証STD,"1,350",-35,-2.53,"24,400",2026/08/03
508,508,1673,WisdomTree 銀上場投信,東証ETF,"8,292",-214,-2.52,"5,960",2026/08/03
509,509,3475,(株)グッドコムアセット,東証PRM,"1,506",-39,-2.52,"89,200",2026/08/03
510,510,363A,iFreeETF 英国FTSE100,東証ETF,"2,741",-71,-2.52,608,2026/08/03
511,511,381A,iFreeETF 米国国債3-5年(H無),東証ETF,"2,168",-56,-2.52,"102,286",2026/08/03
512,512,5020,ＥＮＥＯＳホールディングス(株),東証PRM,"1,294",-33.5,-2.52,"7,301,000",2026/08/03
513,513,1677,上場インデックスファンド海外債券毎月分配,東証ETF,"59,100","-1,520",-2.51,220,2026/08/03
514,514,3151,(株)バイタルケーエスケー・ホールディングス,東証PRM,"1,634",-42,-2.51,"81,800",2026/08/03
515,515,451A,ステート・ストリート・スパイダー S&P500 高配当株ETF,東証ETF,295.2,-7.6,-2.51,"65,180",2026/08/03
516,516,7984,コクヨ(株),東証PRM,887,-22.8,-2.51,"1,519,300",2026/08/03
517,517,9008,京王電鉄(株),東証PRM,789.5,-20.3,-2.51,"2,305,800",2026/08/03
518,518,9044,(株)ＮＡＮＫＡＩ,東証PRM,"2,916.5",-75,-2.51,"435,000",2026/08/03
519,519,5464,モリ工業(株),東証STD,936,-24,-2.5,"28,000",2026/08/03
520,520,146A,コロンビア・ワークス(株),東証STD,"3,135",-80,-2.49,"41,600",2026/08/03
521,521,5026,(株)トリプルアイズ,東証GRT,548,-14,-2.49,"24,400",2026/08/03
522,522,559A,梅乃宿酒造(株),東証STD,"1,057",-27,-2.49,"33,200",2026/08/03
523,523,3281,ＧＬＰ投資法人,東証,"141,400","-3,600",-2.48,"17,766",2026/08/03
524,524,3930,(株)はてな,東証GRT,785,-20,-2.48,"44,100",2026/08/03
525,525,7483,(株)ドウシシャ,東証PRM,"2,914",-74,-2.48,"212,700",2026/08/03
526,526,2236,GX S&P500配当貴族,東証ETF,"1,459",-37,-2.47,"58,594",2026/08/03
527,527,3370,(株)フジタコーポレーション,東証STD,474,-12,-2.47,"21,600",2026/08/03
528,528,4923,コタ(株),東証PRM,"1,186",-30,-2.47,"57,600",2026/08/03
529,529,9632,スバル興業(株),東証STD,"3,555",-90,-2.47,"13,000",2026/08/03
530,530,1653,iFreeETF MSCIジャパンESGセレクト･リーダーズ,東証ETF,"5,005",-126,-2.46,"18,160",2026/08/03
531,531,2875,東洋水産(株),東証PRM,"10,110",-255,-2.46,"825,000",2026/08/03
532,532,3402,東レ(株),東証PRM,"1,129.5",-28.5,-2.46,"4,348,400",2026/08/03
533,533,5254,(株)Ａｒｅｎｔ,東証GRT,"4,370",-110,-2.46,"11,500",2026/08/03
534,534,2962,(株)テクニスコ,東証STD,"1,153",-29,-2.45,"34,300",2026/08/03
535,535,364A,(NEXT FUNDS) S&P500 配当貴族指数連動型上場投信,東証ETF,"2,469",-62,-2.45,"24,477",2026/08/03
536,536,3769,ＧＭＯペイメントゲートウェイ(株),東証PRM,"9,639",-242,-2.45,"240,400",2026/08/03
537,537,4569,杏林製薬(株),東証PRM,"1,114",-28,-2.45,"208,600",2026/08/03
538,538,5588,ファーストアカウンティング(株),東証GRT,835,-21,-2.45,"23,700",2026/08/03
539,539,5970,(株)ジーテクト,東証PRM,"2,110",-53,-2.45,"135,700",2026/08/03
540,540,9468,(株)ＫＡＤＯＫＡＷＡ,東証PRM,"3,388",-85,-2.45,"891,400",2026/08/03
541,541,2640,GX ゲーム＆アニメ-日本株式,東証ETF,"3,843",-96,-2.44,"24,512",2026/08/03
542,542,345A,高配当成長 日本株(ネットリターン)ETN,東証ETF,"15,210",-380,-2.44,"1,569",2026/08/03
543,543,8198,マックスバリュ東海(株),東証STD,"3,195",-80,-2.44,"22,300",2026/08/03
544,544,181A,MAXIS 米国国債1-3年上場投信(H無),東証ETF,526.5,-13.1,-2.43,"56,840",2026/08/03
545,545,2253,GX スーパーディビィデンド-US,東証ETF,"1,323",-33,-2.43,"27,211",2026/08/03
546,546,325A,(株)ＴＥＮＴＩＡＬ,東証GRT,"1,485",-37,-2.43,"298,100",2026/08/03
547,547,7181,(株)かんぽ生命保険,東証PRM,"1,728",-43,-2.43,"2,354,200",2026/08/03
548,548,7309,(株)シマノ,東証PRM,"19,635",-490,-2.43,"365,600",2026/08/03
549,549,2258,iシェアーズ 米ドル建てハイイールド社債,東証ETF,221.9,-5.5,-2.42,"511,940",2026/08/03
550,550,2620,iシェアーズ 米国債1-3年,東証ETF,362.2,-9,-2.42,"1,469,880",2026/08/03
551,551,4927,(株)ポーラ・オルビスホールディングス,東証PRM,"1,308",-32.5,-2.42,"608,100",2026/08/03
552,552,5994,(株)ファインシンター,東証STD,927,-23,-2.42,"18,300",2026/08/03
553,553,9449,ＧＭＯインターネットグループ(株),東証PRM,"4,151",-103,-2.42,"550,100",2026/08/03
554,554,9556,ＩＮＴＬＯＯＰ(株),東証GRT,"2,014",-50,-2.42,"36,400",2026/08/03
555,555,1481,上場インデックスファンド日本経済貢献株,東証ETF,"3,650",-90,-2.41,268,2026/08/03
556,556,1951,エクシオグループ(株),東証PRM,"2,555",-63,-2.41,"605,800",2026/08/03
557,557,213A,上場インデックスファンド日経半導体株,東証ETF,393.3,-9.7,-2.41,"1,429,340",2026/08/03
558,558,2257,iシェアーズ 米ドル建て投資適格社債,東証ETF,218.8,-5.4,-2.41,"71,670",2026/08/03
559,559,4673,川崎地質(株),東証STD,"4,665",-115,-2.41,"4,700",2026/08/03
560,560,468A,GX 米ドル建て投資適格社債,東証ETF,279.1,-6.9,-2.41,"15,380",2026/08/03
561,561,6577,(株)ベストワンドットコム,東証GRT,"1,901",-47,-2.41,"11,800",2026/08/03
562,562,8425,みずほリース(株),東証PRM,"1,335",-33,-2.41,"814,300",2026/08/03
563,563,3771,(株)システムリサーチ,東証PRM,"1,793",-44,-2.4,"36,700",2026/08/03
564,564,2553,One ETF 南方 中国A株 CSI500,東証ETF,"2,284",-56,-2.39,"2,300",2026/08/03
565,565,2979,SOSiLA物流リート投資法人,東証,"106,200","-2,600",-2.39,"3,039",2026/08/03
566,566,6025,日本ＰＣサービス(株),名証NXT,736,-18,-2.39,"1,000",2026/08/03
567,567,9028,(株)ゼロ,東証STD,"3,475",-85,-2.39,"10,900",2026/08/03
568,568,1812,鹿島,東証PRM,"5,255",-128,-2.38,"2,024,900",2026/08/03
569,569,5480,日本冶金工業(株),東証PRM,"4,920",-120,-2.38,"78,700",2026/08/03
570,570,3076,あい　ホールディングス(株),東証PRM,"2,880",-70,-2.37,"175,300",2026/08/03
571,571,4553,東和薬品(株),東証PRM,"3,910",-95,-2.37,"91,300",2026/08/03
572,572,593A,(株)ティアフォー,東証GRT,987,-24,-2.37,"3,524,800",2026/08/03
573,573,6663,太洋テクノレックス(株),東証STD,288,-7,-2.37,"33,700",2026/08/03
574,574,7955,クリナップ(株),東証PRM,906,-22,-2.37,"92,800",2026/08/03
575,575,1716,第一カッター興業(株),東証STD,"1,365",-33,-2.36,"15,200",2026/08/03
576,576,2566,上場インデックスファンド日経ESGリート,東証ETF,"1,035",-25,-2.36,"100,852",2026/08/03
577,577,2749,(株)ＪＰホールディングス,東証PRM,621,-15,-2.36,"322,200",2026/08/03
578,578,4978,(株)リプロセル,東証GRT,124,-3,-2.36,"615,500",2026/08/03
579,579,2093,上場Tracers 米国債0-2年ラダー(H無),東証ETF,"5,229",-126,-2.35,"10,220",2026/08/03
580,580,3232,三重交通グループホールディングス(株),東証PRM,541,-13,-2.35,"168,900",2026/08/03
581,581,3306,日本製麻(株),東証STD,790,-19,-2.35,"22,200",2026/08/03
582,582,4013,勤次郎(株),東証GRT,707,-17,-2.35,"29,600",2026/08/03
583,583,5471,大同特殊鋼(株),東証PRM,"2,221",-53.5,-2.35,"779,600",2026/08/03
584,584,7438,コンドーテック(株),東証PRM,"1,498",-36,-2.35,"30,500",2026/08/03
585,585,2556,One ETF 東証REIT指数,東証ETF,"1,875",-45,-2.34,"154,130",2026/08/03
586,586,5956,トーソー(株),東証STD,585,-14,-2.34,"7,900",2026/08/03
587,587,8596,(株)九州リースサービス,東証STD,"1,542",-37,-2.34,"25,400",2026/08/03
588,588,8795,(株)Ｔ＆Ｄホールディングス,東証PRM,"4,969",-119,-2.34,"1,262,000",2026/08/03
589,589,1680,上場インデックスファンド海外先進国株式,東証ETF,"8,088",-193,-2.33,"40,242",2026/08/03
590,590,1914,日本基礎技術(株),東証STD,712,-17,-2.33,"28,300",2026/08/03
591,591,3439,(株)三ツ知,東証STD,674,-16,-2.32,"7,300",2026/08/03
592,592,6330,東洋エンジニアリング(株),東証PRM,"1,897",-45,-2.32,"1,414,100",2026/08/03
593,593,7600,(株)日本エム・ディ・エム,東証PRM,842,-20,-2.32,"399,400",2026/08/03
594,594,9856,(株)ケーユーホールディングス,東証STD,"1,179",-28,-2.32,"23,900",2026/08/03
595,595,3196,(株)ホットランドホールディングス,東証PRM,"1,606",-38,-2.31,"106,400",2026/08/03
596,596,4446,Ｌｉｎｋ－Ｕグループ(株),東証STD,804,-19,-2.31,"83,400",2026/08/03
597,597,563A,GX NASDAQ100・デイリー・カバード・コール,東証ETF,"1,015",-24,-2.31,"3,039,925",2026/08/03
598,598,6955,ＦＤＫ(株),東証STD,381,-9,-2.31,"141,500",2026/08/03
599,599,7354,(株)ダイレクトマーケティングミックス,東証STD,338,-8,-2.31,"218,700",2026/08/03
600,600,8037,カメイ(株),東証PRM,"3,805",-90,-2.31,"62,600",2026/08/03
601,601,9663,(株)ナガワ,東証PRM,"5,070",-120,-2.31,"27,300",2026/08/03
602,602,1679,Simple-X NYダウ･ジョーンズ上場投信,東証ETF,"66,330","-1,560",-2.3,30,2026/08/03
603,603,2865,GX NASDAQ100・カバード・コール,東証ETF,"1,234",-29,-2.3,"837,302",2026/08/03
604,604,5458,高砂鐵工(株),東証STD,"1,314",-31,-2.3,"1,400",2026/08/03
605,605,5461,中部鋼鈑(株),東証PRM,"2,078",-49,-2.3,"127,800",2026/08/03
606,606,8931,和田興産(株),東証STD,"1,403",-33,-2.3,"11,500",2026/08/03
607,607,2256,iシェアーズ 米国総合債券,東証ETF,217.7,-5.1,-2.29,"868,760",2026/08/03
608,608,2559,MAXIS 全世界株式(オール・カントリー)上場投信,東証ETF,"2,900",-68,-2.29,"657,109",2026/08/03
609,609,5261,リソルホールディングス(株),東証PRM,"7,690",-180,-2.29,"5,900",2026/08/03
610,610,6190,(株)フェニックスバイオ,東証GRT,341,-8,-2.29,"2,200",2026/08/03
611,611,6382,トリニティ工業(株),東証STD,"1,197",-28,-2.29,"54,500",2026/08/03
612,612,6402,兼松エンジニアリング(株),東証STD,"1,536",-36,-2.29,"3,000",2026/08/03
613,613,6658,シライ電子工業(株),東証STD,426,-10,-2.29,"132,500",2026/08/03
614,614,7459,(株)メディパルホールディングス,東証PRM,"2,817",-66,-2.29,"410,800",2026/08/03
615,615,1367,iFreeETF TOPIXレバレッジ(2倍)指数,東証ETF,"2,873",-67,-2.28,"58,569",2026/08/03
616,616,3226,三井不動産アコモデーションファンド投資法人,東証,"120,000","-2,800",-2.28,"10,640",2026/08/03
617,617,6432,(株)竹内製作所,東証PRM,"7,280",-170,-2.28,"269,700",2026/08/03
618,618,7362,(株)Ｔ．Ｓ．Ｉ,東証GRT,858,-20,-2.28,"1,500",2026/08/03
619,619,1484,One ETF JPX/S&P 設備･人材投資指数,東証ETF,"3,615",-84,-2.27,"11,760",2026/08/03
620,620,1568,TOPIXブル2倍上場投信,東証ETF,938,-21.8,-2.27,"5,108,830",2026/08/03
621,621,2395,(株)新日本科学,東証PRM,"1,248",-29,-2.27,"186,700",2026/08/03
622,622,340A,(株)ジグザグ,東証GRT,302,-7,-2.27,"39,700",2026/08/03
623,623,3793,(株)ドリコム,東証GRT,430,-10,-2.27,"84,300",2026/08/03
624,624,4833,(株)Ｄｅｆ　ｃｏｎｓｕｌｔｉｎｇ,東証GRT,43,-1,-2.27,"898,800",2026/08/03
625,625,9025,鴻池運輸(株),東証PRM,"2,924",-68,-2.27,"116,100",2026/08/03
626,626,2096,GX オフィス・J-REIT,東証ETF,"1,039",-24,-2.26,"226,839",2026/08/03
627,627,2270,雪印メグミルク(株),東証PRM,"3,680",-85,-2.26,"203,800",2026/08/03
628,628,2331,ＡＬＳＯＫ(株),東証PRM,"1,146.5",-26.5,-2.26,"1,161,300",2026/08/03
629,629,404A,GX チャイナテック・トップ10,東証ETF,"1,254",-29,-2.26,"37,107",2026/08/03
630,630,5018,(株)ＭＯＲＥＳＣＯ,東証STD,"2,116",-49,-2.26,"33,900",2026/08/03
631,631,7823,(株)アートネイチャー,東証STD,864,-20,-2.26,"35,000",2026/08/03
632,632,3417,大木ヘルスケアホールディングス(株),東証STD,"1,042",-24,-2.25,"22,900",2026/08/03
633,633,3863,日本製紙(株),東証PRM,"1,345",-31,-2.25,"1,627,900",2026/08/03
634,634,2014,iシェアーズ 米国連続増配株 ETF,東証ETF,314.1,-7.2,-2.24,"323,690",2026/08/03
635,635,2552,上場Ｊリート(東証REIT指数)隔月分配(ミニ),東証ETF,"1,968",-45,-2.24,"30,403",2026/08/03
636,636,2861,上場インデックスファンドフランス国債(H無),東証ETF,"5,639",-129,-2.24,308,2026/08/03
637,637,2975,スター・マイカ・ホールディングス(株),東証PRM,"1,487",-34,-2.24,"156,000",2026/08/03
638,638,4444,(株)インフォネット,東証GRT,915,-21,-2.24,600,2026/08/03
639,639,8881,(株)日神グループホールディングス,東証PRM,655,-15,-2.24,"154,200",2026/08/03
640,640,9505,北陸電力(株),東証PRM,940,-21.5,-2.24,"972,600",2026/08/03
641,641,1687,WisdomTree 農産物上場投信,東証ETF,"1,010",-23,-2.23,"4,950",2026/08/03
642,642,1720,東急建設(株),東証PRM,"1,140",-26,-2.23,"373,700",2026/08/03
643,643,521A,iFreeETF FANG+ゴールド,東証ETF,"1,753",-40,-2.23,"30,908",2026/08/03
644,644,7921,(株)ＴＡＫＡＲＡ　＆　ＣＯＭＰＡＮＹ,東証PRM,"4,165",-95,-2.23,"36,700",2026/08/03
645,645,2013,iシェアーズ 米国高配当株 ETF,東証ETF,303.9,-6.9,-2.22,"480,990",2026/08/03
646,646,2082,投資家経営者一心同体ETF,東証ETF,"1,236",-28,-2.22,23,2026/08/03
647,647,3139,(株)ラクト・ジャパン,東証PRM,"3,305",-75,-2.22,"62,600",2026/08/03
648,648,3923,(株)ラクス,東証PRM,"1,036.5",-23.5,-2.22,"1,836,600",2026/08/03
649,649,5029,サークレイス(株),東証GRT,791,-18,-2.22,"6,200",2026/08/03
650,650,7022,サノヤスホールディングス(株),東証STD,309,-7,-2.22,"63,000",2026/08/03
651,651,8139,(株)ナガホリ,東証STD,"2,022",-46,-2.22,"95,200",2026/08/03
652,652,8361,(株)大垣共立銀行,東証PRM,"7,050",-160,-2.22,"267,000",2026/08/03
653,653,9302,三井倉庫ホールディングス(株),東証PRM,"3,527",-80,-2.22,"200,400",2026/08/03
654,654,133A,GX 超短期米国債,東証ETF,"1,060",-24,-2.21,"1,013,545",2026/08/03
655,655,1632,(NEXT FUNDS)金融(除く銀行)上場投信,東証ETF,"42,550",-960,-2.21,"3,778",2026/08/03
656,656,2519,(NEXT FUNDS)新興国債券･J.P.M･EM･プラス(H無),東証ETF,"1,173.5",-26.5,-2.21,"9,990",2026/08/03
657,657,6630,ヤーマン(株),東証PRM,753,-17,-2.21,"100,300",2026/08/03
658,658,7413,(株)創健社,東証STD,"2,611",-59,-2.21,300,2026/08/03
659,659,7417,(株)南陽,東証STD,"1,905",-43,-2.21,"5,900",2026/08/03
660,660,9272,ブティックス(株),東証GRT,"1,506",-34,-2.21,"11,300",2026/08/03
661,661,2307,(株)クロスキャット,東証PRM,978,-22,-2.2,"46,300",2026/08/03
662,662,2528,iFreeETF 東証REIT Core指数,東証ETF,"1,110",-25,-2.2,"139,086",2026/08/03
663,663,6183,(株)ベルシステム２４ホールディングス,東証PRM,"1,335",-30,-2.2,"444,300",2026/08/03
664,664,7731,(株)ニコン,東証PRM,"1,867",-42,-2.2,"2,027,800",2026/08/03
665,665,9005,東急(株),東証PRM,"1,708.5",-38.5,-2.2,"3,932,400",2026/08/03
666,666,2043,NEXT NOTES STOXX アセアン好配当50(円、NR)ETN,東証ETF,"29,695",-665,-2.19,14,2026/08/03
667,667,2323,(株)ｆｏｎｆｕｎ,東証STD,268,-6,-2.19,"31,100",2026/08/03
668,668,2376,(株)サイネックス,東証STD,759,-17,-2.19,"7,300",2026/08/03
669,669,2866,GX 米国優先証券,東証ETF,982,-22,-2.19,"169,229",2026/08/03
670,670,3222,ユナイテッド・スーパーマーケット・ホールディングス(株),東証STD,804,-18,-2.19,"717,200",2026/08/03
671,671,4825,(株)ウェザーニューズ,東証PRM,"1,971",-44,-2.18,"145,300",2026/08/03
672,672,9007,小田急電鉄(株),東証PRM,"1,727",-38.5,-2.18,"2,041,300",2026/08/03
673,673,1826,佐田建設(株),東証STD,"1,082",-24,-2.17,"61,000",2026/08/03
674,674,2568,上場インデックスファンド米国株式(NASDAQ100)H無,東証ETF,"7,654",-170,-2.17,"17,132",2026/08/03
675,675,3231,野村不動産ホールディングス(株),東証PRM,900,-20,-2.17,"9,804,800",2026/08/03
676,676,3777,(株)環境フレンドリーホールディングス,東証GRT,45,-1,-2.17,"842,700",2026/08/03
677,677,4881,(株)ファンペップ,東証GRT,45,-1,-2.17,"188,200",2026/08/03
678,678,5949,ユニプレス(株),東証PRM,"1,307",-29,-2.17,"191,800",2026/08/03
679,679,6407,ＣＫＤ(株),東証PRM,"5,870",-130,-2.17,"876,600",2026/08/03
680,680,6547,(株)グリーンズ,東証STD,"2,165",-48,-2.17,"35,400",2026/08/03
681,681,1628,(NEXT FUNDS)運輸･物流上場投信,東証ETF,"21,255",-470,-2.16,"3,632",2026/08/03
682,682,3476,投資法人みらい,東証,"40,850",-900,-2.16,"10,231",2026/08/03
683,683,372A,(株)レント,東証STD,"5,430",-120,-2.16,"3,800",2026/08/03
684,684,4091,日本酸素ホールディングス(株),東証PRM,"5,656",-125,-2.16,"618,500",2026/08/03
685,685,4893,ノイルイミューン・バイオテック(株),東証GRT,136,-3,-2.16,"37,500",2026/08/03
686,686,5991,ニッパツ,東証PRM,"3,532",-78,-2.16,"795,600",2026/08/03
687,687,6159,ミクロン精密(株),東証STD,"1,810",-40,-2.16,400,2026/08/03
688,688,7878,(株)光・彩,東証STD,"1,316",-29,-2.16,300,2026/08/03
689,689,9022,東海旅客鉄道(株),東証PRM,"3,902",-86,-2.16,"4,205,800",2026/08/03
690,690,1379,ホクト(株),東証PRM,"1,910",-42,-2.15,"89,700",2026/08/03
691,691,3153,八洲電機(株),東証PRM,"2,960",-65,-2.15,"106,000",2026/08/03
692,692,3931,(株)バリューゴルフ,東証GRT,"1,500",-33,-2.15,"9,100",2026/08/03
693,693,4763,(株)クリーク・アンド・リバー社,東証PRM,"1,413",-31,-2.15,"52,900",2026/08/03
694,694,5027,ＡｎｙＭｉｎｄ　Ｇｒｏｕｐ(株),東証GRT,545,-12,-2.15,"192,600",2026/08/03
695,695,505A,(株)ギークリー,東証STD,"1,273",-28,-2.15,"21,700",2026/08/03
696,696,9143,ＳＧホールディングス(株),東証PRM,"1,547.5",-34,-2.15,"1,134,300",2026/08/03
697,697,1570,(NEXT FUNDS)日経平均レバレッジ上場投信,東証ETF,"64,610","-1,410",-2.14,"2,805,563",2026/08/03
698,698,2085,MAXIS 高配当日本株アクティブ,東証ETF,758.4,-16.6,-2.14,"79,810",2026/08/03
699,699,3635,(株)コーエーテクモホールディングス,東証PRM,"1,575",-34.5,-2.14,"1,519,400",2026/08/03
700,700,4310,(株)ドリームインキュベータ,東証PRM,"2,560",-56,-2.14,"42,200",2026/08/03
701,701,4548,生化学工業(株),東証PRM,730,-16,-2.14,"149,300",2026/08/03
702,702,7463,(株)アドヴァングループ,東証STD,913,-20,-2.14,"34,100",2026/08/03
703,703,9987,(株)スズケン,東証PRM,"4,982",-109,-2.14,"208,400",2026/08/03
704,704,1365,iFreeETF 日経平均レバレッジ・インデックス,東証ETF,"3,990",-87,-2.13,"308,109",2026/08/03
705,705,1458,楽天 ETF-日経レバレッジ指数連動型,東証ETF,"77,170","-1,680",-2.13,"113,604",2026/08/03
706,706,1560,(NEXT FUNDS)マレーシアKLCI連動型上場投信,東証ETF,"6,624",-144,-2.13,800,2026/08/03
707,707,3719,ＡＩストーム(株),東証STD,138,-3,-2.13,"524,500",2026/08/03
708,708,8952,ジャパンリアルエステイト投資法人,東証,"119,500","-2,600",-2.13,"24,901",2026/08/03
709,709,9024,(株)西武ホールディングス,東証PRM,"3,486",-76,-2.13,"3,923,900",2026/08/03
710,710,1579,日経平均ブル2倍上場投信,東証ETF,697.8,-15.1,-2.12,"17,035,130",2026/08/03
711,711,3004,神栄(株),東証STD,"2,028",-44,-2.12,"37,300",2026/08/03
712,712,3405,(株)クラレ,東証PRM,"1,801",-39,-2.12,"2,399,800",2026/08/03
713,713,587A,インベスコ QQQ トラスト シリーズ1,東証ETF,"108,750","-2,350",-2.12,536,2026/08/03
714,714,7475,アルビス(株),東証PRM,"2,490",-54,-2.12,"13,900",2026/08/03
715,715,7803,(株)ブシロード,東証GRT,369,-8,-2.12,"871,600",2026/08/03
716,716,2041,NEXT NOTES NYダウ･ベア･ドルヘッジ ETN,東証ETF,"1,951",-42,-2.11,"2,971",2026/08/03
717,717,3358,Ｔｒａｉｌｈｅａｄ　Ｇｌｏｂａｌ　Ｈｏｌｄｉｎｇｓ(株),東証STD,93,-2,-2.11,"49,200",2026/08/03
718,718,3470,マリモ地方創生リート投資法人,東証,"102,300","-2,200",-2.11,"2,672",2026/08/03
719,719,6078,(株)バリューＨＲ,東証PRM,"1,486",-32,-2.11,"59,600",2026/08/03
720,720,7231,トピー工業(株),東証PRM,"2,876",-62,-2.11,"73,700",2026/08/03
721,721,8132,シナネンホールディングス(株),東証PRM,"6,500",-140,-2.11,"7,700",2026/08/03
722,722,8725,ＭＳ＆ＡＤインシュアランスグループホールディングス(株),東証PRM,"4,820",-104,-2.11,"4,692,000",2026/08/03
723,723,9793,(株)ダイセキ,東証PRM,"3,720",-80,-2.11,"166,900",2026/08/03
724,724,3974,ＳＣＡＴ(株),東証STD,653,-14,-2.1,"3,800",2026/08/03
725,725,6807,日本航空電子工業(株),東証PRM,"2,328",-50,-2.1,"380,500",2026/08/03
726,726,3788,ＧＭＯグローバルサイン・ホールディングス(株),東証PRM,"2,245",-48,-2.09,"29,700",2026/08/03
727,727,6532,(株)ベイカレント,東証PRM,"6,990",-149,-2.09,"1,139,200",2026/08/03
728,728,1651,iFreeETF TOPIX高配当40指数,東証ETF,"3,154",-67,-2.08,"96,102",2026/08/03
729,729,1911,住友林業(株),東証PRM,"1,319.5",-28,-2.08,"4,060,100",2026/08/03
730,730,6615,ユー・エム・シー・エレクトロニクス(株),東証PRM,235,-5,-2.08,"36,000",2026/08/03
731,731,6740,(株)ジャパンディスプレイ,東証PRM,47,-1,-2.08,"6,675,800",2026/08/03
732,732,2266,六甲バター(株),東証PRM,"1,042",-22,-2.07,"85,400",2026/08/03
733,733,3064,(株)ＭｏｎｏｔａＲＯ,東証PRM,"1,961.5",-41.5,-2.07,"2,648,300",2026/08/03
734,734,3360,シップヘルスケアホールディングス(株),東証PRM,"2,508",-53,-2.07,"303,000",2026/08/03
735,735,3491,(株)ＧＡ　ｔｅｃｈｎｏｌｏｇｉｅｓ,東証GRT,"1,420",-30,-2.07,"225,800",2026/08/03
736,736,4274,細谷火工(株),東証STD,"1,042",-22,-2.07,"19,100",2026/08/03
737,737,5983,イワブチ(株),東証STD,"14,650",-310,-2.07,600,2026/08/03
738,738,6561,(株)ＨＡＮＡＴＯＵＲ　ＪＡＰＡＮ,東証GRT,803,-17,-2.07,"15,000",2026/08/03
739,739,7037,(株)テノ．ホールディングス,東証STD,852,-18,-2.07,"3,000",2026/08/03
740,740,1698,上場インデックスファンド日本高配当,東証ETF,"4,233",-89,-2.06,"100,099",2026/08/03
741,741,2208,(株)ブルボン,東証STD,"3,095",-65,-2.06,"13,300",2026/08/03
742,742,4887,サワイグループホールディングス(株),東証PRM,"1,616.5",-34,-2.06,"495,900",2026/08/03
743,743,6331,三菱化工機(株),東証PRM,"3,090",-65,-2.06,"513,600",2026/08/03
744,744,7150,(株)島根銀行,東証STD,475,-10,-2.06,"16,800",2026/08/03
745,745,7743,(株)シード,東証STD,524,-11,-2.06,"16,000",2026/08/03
746,746,7874,レック(株),東証PRM,950,-20,-2.06,"75,200",2026/08/03
747,747,1434,ＪＥＳＣＯホールディングス(株),東証STD,"1,670",-35,-2.05,"140,300",2026/08/03
748,748,5834,ＳＢＩリーシングサービス(株),東証GRT,"2,772",-58,-2.05,"100,600",2026/08/03
749,749,7701,(株)島津製作所,東証PRM,"4,010",-84,-2.05,"857,300",2026/08/03
750,750,8194,(株)ライフコーポレーション,東証PRM,"2,531",-53,-2.05,"222,600",2026/08/03
751,751,9340,(株)アソインターナショナル,東証STD,715,-15,-2.05,"5,700",2026/08/03
752,752,1349,ABF 汎アジア債券インデックス･ファンド,東証ETF,"17,260",-360,-2.04,93,2026/08/03
753,753,156A,マテリアルグループ(株),東証GRT,817,-17,-2.04,"123,700",2026/08/03
754,754,1783,(株)ｆａｎｔａｓｉｓｔａ,東証STD,48,-1,-2.04,"143,300",2026/08/03
755,755,392A,iシェアーズ NASDAQ トップ 30,東証ETF,263.8,-5.5,-2.04,"146,810",2026/08/03
756,756,4099,四国化成ホールディングス(株),東証PRM,"2,734",-57,-2.04,"717,200",2026/08/03
757,757,486A,(NEXT FUNDS) ユーロ・ストックス50(H無),東証ETF,"2,208",-46,-2.04,"2,930",2026/08/03
758,758,7094,(株)ＮｅｘＴｏｎｅ,東証GRT,"1,490",-31,-2.04,"34,000",2026/08/03
759,759,7164,全国保証(株),東証PRM,"3,066",-64,-2.04,"463,700",2026/08/03
760,760,8954,オリックス不動産投資法人,東証,"101,000","-2,100",-2.04,"17,668",2026/08/03
761,761,8955,日本プライムリアルティ投資法人,東証,"96,100","-2,000",-2.04,"9,076",2026/08/03
762,762,8956,NTT都市開発リート投資法人,東証,"134,500","-2,800",-2.04,"4,991",2026/08/03
763,763,9729,(株)トーカイ,東証PRM,"2,400",-50,-2.04,"24,300",2026/08/03
764,764,2011,SMDAM Active ETF 日本高配当株式,東証ETF,829.4,-17.2,-2.03,"207,810",2026/08/03
765,765,256A,飛島ホールディングス(株),東証PRM,"2,027",-42,-2.03,"225,800",2026/08/03
766,766,2645,GX レジャー&エンターテインメント-日本株式,東証ETF,"3,086",-64,-2.03,136,2026/08/03
767,767,8869,明和地所(株),東証STD,820,-17,-2.03,"102,700",2026/08/03
768,768,2631,MAXIS ナスダック100上場投信,東証ETF,"31,960",-660,-2.02,"51,762",2026/08/03
769,769,3463,いちごホテルリート投資法人,東証,"111,700","-2,300",-2.02,"1,707",2026/08/03
770,770,4481,ベース(株),東証PRM,"3,150",-65,-2.02,"83,900",2026/08/03
771,771,564A,GX S&P先進国キャッシュフロー・トップ100,東証ETF,"1,067",-22,-2.02,386,2026/08/03
772,772,6005,三浦工業(株),東証PRM,"3,152",-65,-2.02,"279,900",2026/08/03
773,773,1925,大和ハウス工業(株),東証PRM,"4,584",-94,-2.01,"2,135,800",2026/08/03
774,774,3481,三菱地所物流リート投資法人,東証,"122,000","-2,500",-2.01,"3,912",2026/08/03
775,775,547A,ムニノバホールディングス(株),東証PRM,439,-9,-2.01,"1,623,900",2026/08/03
776,776,6902,(株)デンソー,東証PRM,"1,928",-39.5,-2.01,"12,369,700",2026/08/03
777,777,7373,(株)アイドマ・ホールディングス,東証GRT,927,-19,-2.01,"122,100",2026/08/03
778,778,7927,ムトー精工(株),東証STD,"2,238",-46,-2.01,"31,000",2026/08/03
779,779,8699,ＨＳホールディングス(株),東証STD,"1,119",-23,-2.01,"131,400",2026/08/03
780,780,9048,名古屋鉄道(株),東証PRM,"1,857",-38,-2.01,"1,271,800",2026/08/03
781,781,9932,杉本商事(株),東証PRM,"1,269",-26,-2.01,"54,900",2026/08/03
782,782,4971,メック(株),東証PRM,"8,350",-170,-2.0,"367,500",2026/08/03
783,783,7013,(株)ＩＨＩ,東証PRM,"2,771",-56.5,-2.0,"12,140,600",2026/08/03
784,784,8398,(株)筑邦銀行,福証,"2,004",-41,-2.0,"1,100",2026/08/03
785,785,1545,(NEXT FUNDS)NASDAQ-100(H無)連動型上場投信,東証ETF,226.7,-4.6,-1.99,"15,102,640",2026/08/03
786,786,2526,NZAM 上場投信 JPX日経400,東証ETF,"36,370",-740,-1.99,"1,515",2026/08/03
787,787,2914,ＪＴ,東証PRM,"6,993",-142,-1.99,"5,695,500",2026/08/03
788,788,4448,(株)ｋｕｂｅｌｌ,東証GRT,295,-6,-1.99,"93,300",2026/08/03
789,789,5079,(株)ノバック,東証STD,"2,563",-52,-1.99,"7,900",2026/08/03
790,790,7012,川崎重工業(株),東証PRM,"2,708",-55,-1.99,"9,986,000",2026/08/03
791,791,7722,国際計測器(株),東証STD,789,-16,-1.99,"42,300",2026/08/03
792,792,9672,東京都競馬(株),東証PRM,"4,930",-100,-1.99,"86,300",2026/08/03
793,793,2784,アルフレッサ　ホールディングス(株),東証PRM,"2,273.5",-46,-1.98,"571,800",2026/08/03
794,794,2851,iシェアーズ MSCI ジャパンSRI,東証ETF,381.3,-7.7,-1.98,910,2026/08/03
795,795,3622,ネットイヤーグループ(株),東証STD,494,-10,-1.98,"9,200",2026/08/03
796,796,4574,大幸薬品(株),東証PRM,248,-5,-1.98,"116,000",2026/08/03
797,797,4769,(株)ＩＣ,東証STD,"1,088",-22,-1.98,100,2026/08/03
798,798,4839,(株)ＷＯＷＯＷ,東証PRM,991,-20,-1.98,"104,600",2026/08/03
799,799,6654,不二電機工業(株),東証STD,"1,089",-22,-1.98,"18,500",2026/08/03
800,800,7735,(株)ＳＣＲＥＥＮホールディングス,東証PRM,"12,350",-250,-1.98,"4,234,600",2026/08/03
801,801,1586,上場インデックス TOPIX Ex-Financials,東証ETF,"2,980",-60,-1.97,249,2026/08/03
802,802,3459,サムティ・レジデンシャル投資法人,東証,"89,500","-1,800",-1.97,"4,366",2026/08/03
803,803,3836,(株)アバントグループ,東証PRM,"1,246",-25,-1.97,"125,700",2026/08/03
804,804,4040,南海化学(株),東証STD,"3,475",-70,-1.97,"8,200",2026/08/03
805,805,4290,(株)プレステージ・インターナショナル,東証PRM,696,-14,-1.97,"787,800",2026/08/03
806,806,4394,(株)エクスモーション,東証GRT,546,-11,-1.97,"19,100",2026/08/03
807,807,4754,(株)トスネット,東証STD,"1,540",-31,-1.97,700,2026/08/03
808,808,8029,(株)ルックホールディングス,東証STD,"2,543",-51,-1.97,"32,400",2026/08/03
809,809,1618,(NEXT FUNDS)エネルギー資源上場投信,東証ETF,"32,980",-660,-1.96,"1,685",2026/08/03
810,810,2513,(NEXT FUNDS)外国株式･MSCI-KOKUSAI(H無),東証ETF,"3,503",-70,-1.96,"139,047",2026/08/03
811,811,2529,(NEXT FUNDS)野村株主還元70連動型上場投信,東証ETF,"2,252",-45,-1.96,"20,971",2026/08/03
812,812,2978,(株)ツクルバ,東証GRT,351,-7,-1.96,"2,100",2026/08/03
813,813,4386,(株)ＳＩＧグループ,東証STD,851,-17,-1.96,"4,900",2026/08/03
814,814,480A,(株)リブ・コンサルティング,東証GRT,998,-20,-1.96,"10,200",2026/08/03
815,815,518A,(NEXTFUNDS) FTSE日本株高配当キャッシュフロー50,東証ETF,"1,999",-40,-1.96,"6,485",2026/08/03
816,816,5444,大和工業(株),東証PRM,"13,235",-265,-1.96,"200,100",2026/08/03
817,817,9644,(株)タナベコンサルティンググループ,東証PRM,751,-15,-1.96,"36,400",2026/08/03
818,818,1398,SMDAM 東証REIT指数上場投信,東証ETF,"1,881",-37.5,-1.95,"138,420",2026/08/03
819,819,2908,フジッコ(株),東証PRM,"1,562",-31,-1.95,"70,300",2026/08/03
820,820,3694,(株)オプティム,東証PRM,403,-8,-1.95,"125,100",2026/08/03
821,821,4528,小野薬品工業(株),東証PRM,"2,337.5",-46.5,-1.95,"1,775,600",2026/08/03
822,822,6178,日本郵政(株),東証PRM,"2,335.5",-46.5,-1.95,"5,983,400",2026/08/03
823,823,6471,日本精工(株),東証PRM,"1,129.5",-22.5,-1.95,"4,213,600",2026/08/03
824,824,6718,アイホン(株),東証PRM,"2,763",-55,-1.95,"50,600",2026/08/03
825,825,7292,(株)村上開明堂,東証STD,"6,530",-130,-1.95,"6,800",2026/08/03
826,826,7826,(株)フルヤ金属,東証PRM,"6,530",-130,-1.95,"423,100",2026/08/03
827,827,9039,(株)サカイ引越センター,東証PRM,"2,919",-58,-1.95,"73,000",2026/08/03
828,828,9351,東洋埠頭(株),東証STD,"1,813",-36,-1.95,"6,200",2026/08/03
829,829,452A,iシェアーズ S&P500プレミアムインカム,東証ETF,804,-15.9,-1.94,"1,307,130",2026/08/03
830,830,4684,(株)オービック,東証PRM,"4,437",-88,-1.94,"1,881,400",2026/08/03
831,831,7972,(株)イトーキ,東証PRM,"2,883",-57,-1.94,"230,300",2026/08/03
832,832,7989,立川ブラインド工業(株),東証PRM,"2,584",-51,-1.94,"46,700",2026/08/03
833,833,2173,(株)博展,東証GRT,711,-14,-1.93,"8,600",2026/08/03
834,834,2517,MAXIS Jリート･コア上場投信,東証ETF,"1,118",-22,-1.93,"37,700",2026/08/03
835,835,2855,GX グリーン・J-REIT,東証ETF,964,-19,-1.93,"157,311",2026/08/03
836,836,3504,(株)丸八ホールディングス,名証MN,"1,322",-26,-1.93,"2,500",2026/08/03
837,837,379A,GX S&P500 (ダイナミック・プロテクション),東証ETF,"1,318",-26,-1.93,"25,133",2026/08/03
838,838,4892,(株)サイフューズ,東証GRT,508,-10,-1.93,"35,800",2026/08/03
839,839,8056,ＢＩＰＲＯＧＹ(株),東証PRM,"4,774",-94,-1.93,"489,000",2026/08/03
840,840,1476,iシェアーズ・コア Ｊリート ETF,東証ETF,"1,892",-37,-1.92,"452,429",2026/08/03
841,841,1478,iシェアーズ MSCI ジャパン高配当利回り ETF,東証ETF,"5,224",-102,-1.92,"172,611",2026/08/03
842,842,3245,(株)ディア・ライフ,東証PRM,"1,070",-21,-1.92,"454,300",2026/08/03
843,843,3837,アドソル日進(株),東証PRM,"1,485",-29,-1.92,"75,300",2026/08/03
844,844,5958,三洋工業(株),東証STD,"4,600",-90,-1.92,"88,600",2026/08/03
845,845,6039,(株)日本動物高度医療センター,東証GRT,972,-19,-1.92,"80,100",2026/08/03
846,846,6224,(株)ＪＲＣ,東証GRT,"1,124",-22,-1.92,"34,000",2026/08/03
847,847,6412,(株)平和,東証PRM,"2,099",-41,-1.92,"344,000",2026/08/03
848,848,9697,(株)カプコン,東証PRM,"3,888",-76,-1.92,"3,486,300",2026/08/03
849,849,1810,松井建設(株),東証STD,"1,438",-28,-1.91,"61,800",2026/08/03
850,850,2375,ギグワークス(株),東証STD,205,-4,-1.91,"24,400",2026/08/03
851,851,6430,ダイコク電機(株),東証PRM,"2,415",-47,-1.91,"42,600",2026/08/03
852,852,6523,ＰＨＣホールディングス(株),東証PRM,"1,079",-21,-1.91,"228,500",2026/08/03
853,853,7080,(株)スポーツフィールド,東証GRT,823,-16,-1.91,"9,600",2026/08/03
854,854,7793,(株)イメージ・マジック,東証GRT,"1,337",-26,-1.91,600,2026/08/03
855,855,8976,大和証券オフィス投資法人,東証,"334,500","-6,500",-1.91,"2,347",2026/08/03
856,856,9601,松竹(株),東証PRM,"11,310",-220,-1.91,"77,100",2026/08/03
857,857,1657,iシェアーズ･コア MSCI 先進国株(除く日本)ETF,東証ETF,"7,127",-138,-1.9,"1,397",2026/08/03
858,858,3455,ヘルスケア＆メディカル投資法人,東証,"103,400","-2,000",-1.9,"2,695",2026/08/03
859,859,4502,武田薬品工業(株),東証PRM,"5,408",-105,-1.9,"4,750,600",2026/08/03
860,860,8386,(株)百十四銀行,東証PRM,"2,792",-54,-1.9,"430,400",2026/08/03
861,861,1861,(株)熊谷組,東証PRM,"1,404",-27,-1.89,"781,800",2026/08/03
862,862,1979,(株)大気社,東証PRM,"4,155",-80,-1.89,"247,800",2026/08/03
863,863,2220,亀田製菓(株),東証PRM,"1,248",-24,-1.89,"304,300",2026/08/03
864,864,2557,SMDAM トピックス上場投信,東証ETF,"3,990",-77,-1.89,350,2026/08/03
865,865,2602,日清オイリオグループ(株),東証PRM,"1,870",-36,-1.89,"353,100",2026/08/03
866,866,3680,(株)ホットリンク,東証GRT,208,-4,-1.89,"51,400",2026/08/03
867,867,4027,テイカ(株),東証PRM,"2,182",-42,-1.89,"61,300",2026/08/03
868,868,4478,フリー(株),東証GRT,"2,550",-49,-1.89,"409,500",2026/08/03
869,869,456A,ＨＵＭＡＮ　ＭＡＤＥ(株),東証GRT,"1,296",-25,-1.89,"259,700",2026/08/03
870,870,4746,(株)東計電算,東証STD,"4,925",-95,-1.89,"32,200",2026/08/03
871,871,8097,三愛オブリ(株),東証PRM,"2,281",-44,-1.89,"99,600",2026/08/03
872,872,2081,政策保有解消推進ETF,東証ETF,"2,089",-40,-1.88,"1,163",2026/08/03
873,873,4437,ｇｏｏｄｄａｙｓホールディングス(株),東証GRT,785,-15,-1.88,"3,600",2026/08/03
874,874,8101,(株)ＧＳＩクレオス,東証PRM,"2,610",-50,-1.88,"37,300",2026/08/03
875,875,9147,ＮＩＰＰＯＮ　ＥＸＰＲＥＳＳホールディングス(株),東証PRM,"5,179",-99,-1.88,"1,133,100",2026/08/03
876,876,1676,WisdomTree 貴金属バスケット上場投信,東証ETF,"39,390",-750,-1.87,20,2026/08/03
877,877,2241,MAXIS NYダウ上場投信,東証ETF,918.2,-17.5,-1.87,"116,640",2026/08/03
878,878,2613,(株)Ｊ－オイルミルズ,東証PRM,"2,047",-39,-1.87,"77,800",2026/08/03
879,879,2980,ＳＲＥホールディングス(株),東証PRM,"2,678",-51,-1.87,"305,000",2026/08/03
880,880,3241,(株)ウィル,東証STD,578,-11,-1.87,"8,400",2026/08/03
881,881,443A,iFreeETF 東証REIT指数(2・5・8・11月決算型),東証ETF,"1,891",-36,-1.87,853,2026/08/03
882,882,4849,エン(株),東証PRM,"1,259",-24,-1.87,"250,100",2026/08/03
883,883,5659,日本精線(株),東証PRM,"1,315",-25,-1.87,"112,100",2026/08/03
884,884,5741,(株)ＵＡＣＪ,東証PRM,"2,311",-44,-1.87,"808,800",2026/08/03
885,885,1623,(NEXT FUNDS)鉄鋼･非鉄上場投信,東証ETF,"58,850","-1,110",-1.85,"6,265",2026/08/03
886,886,201A,iシェアーズ Nifty 50 インド株 ETF,東証ETF,180.8,-3.4,-1.85,"133,280",2026/08/03
887,887,2031,NEXT NOTES 香港ハンセン･ダブル･ブルETN,東証ETF,"8,152",-154,-1.85,914,2026/08/03
888,888,2836,GX フィンテック-日本株式,東証ETF,"3,082",-58,-1.85,14,2026/08/03
889,889,3284,(株)フージャースホールディングス,東証PRM,"1,218",-23,-1.85,"272,100",2026/08/03
890,890,461A,MAXIS 日本株高配当SMART50,東証ETF,"2,500",-47,-1.85,"6,182",2026/08/03
891,891,8007,高島(株),東証PRM,797,-15,-1.85,"137,700",2026/08/03
892,892,9063,岡山県貨物運送(株),東証STD,"3,975",-75,-1.85,"1,000",2026/08/03
893,893,2154,(株)オープンアップグループ,東証PRM,"1,977",-37,-1.84,"188,800",2026/08/03
894,894,2235,上場インデックスファンド米国株式(ダウ平均)H無,東証ETF,"3,576",-67,-1.84,"41,568",2026/08/03
895,895,4452,花王(株),東証PRM,"3,208",-60,-1.84,"3,792,000",2026/08/03
896,896,472A,(株)ミラティブ,東証GRT,533,-10,-1.84,"122,400",2026/08/03
897,897,5699,(株)イボキン,東証STD,"1,443",-27,-1.84,"7,500",2026/08/03
898,898,5930,文化シヤッター(株),東証PRM,"1,869",-35,-1.84,"168,700",2026/08/03
899,899,7059,(株)コプロ・ホールディングス,東証PRM,799,-15,-1.84,"144,000",2026/08/03
900,900,7198,ＳＢＩアルヒ(株),東証PRM,800,-15,-1.84,"151,500",2026/08/03
901,901,8244,(株)近鉄百貨店,東証STD,"1,816",-34,-1.84,"46,500",2026/08/03
902,902,8957,東急リアル・エステート投資法人,東証,"186,400","-3,500",-1.84,"3,624",2026/08/03
903,903,9658,(株)ビジネスブレイン太田昭和,東証PRM,"1,016",-19,-1.84,"91,600",2026/08/03
904,904,9831,(株)ヤマダホールディングス,東証PRM,700,-13.1,-1.84,"4,499,700",2026/08/03
905,905,151A,(株)ダイブグループ,東証GRT,643,-12,-1.83,"5,500",2026/08/03
906,906,1553,MAXIS S&P東海上場投信,名証ETF,"5,359",-100,-1.83,100,2026/08/03
907,907,273A,SBI サウジアラビア株式上場投信,東証ETF,"9,640",-180,-1.83,255,2026/08/03
908,908,2868,GX S&P500・カバード・コール,東証ETF,"1,128",-21,-1.83,"179,515",2026/08/03
909,909,3382,(株)セブン＆アイ・ホールディングス,東証PRM,"2,070.5",-38.5,-1.83,"9,514,100",2026/08/03
910,910,3925,(株)ダブルスタンダード,東証PRM,"1,237",-23,-1.83,"48,700",2026/08/03
911,911,1311,(NEXT FUNDS)TOPIX Core30連動型上場投信,東証ETF,"2,054",-38,-1.82,"31,427",2026/08/03
912,912,2032,NEXT NOTES 香港ハンセン･ベアETN,東証ETF,"5,871",-109,-1.82,451,2026/08/03
913,913,3157,ジオリーブグループ(株),東証STD,"1,350",-25,-1.82,"9,400",2026/08/03
914,914,6186,(株)一蔵,東証STD,377,-7,-1.82,"1,600",2026/08/03
915,915,7131,のむら産業(株),東証STD,"3,510",-65,-1.82,"1,000",2026/08/03
916,916,7313,テイ・エス　テック(株),東証PRM,"1,804.5",-33.5,-1.82,"351,600",2026/08/03
917,917,160A,(株)アズパートナーズ,東証STD,"2,007",-37,-1.81,"10,500",2026/08/03
918,918,2852,iシェアーズ グリーンJリート,東証ETF,179.2,-3.3,-1.81,"155,810",2026/08/03
919,919,3246,(株)コーセーアールイー,東証STD,650,-12,-1.81,"9,900",2026/08/03
920,920,3484,(株)イノベーションホールディングス,東証STD,"1,083",-20,-1.81,"7,400",2026/08/03
921,921,4480,(株)メドレー,東証PRM,"2,012",-37,-1.81,"164,300",2026/08/03
922,922,6231,木村工機(株),東証STD,"11,390",-210,-1.81,"10,500",2026/08/03
923,923,8079,正栄食品工業(株),東証PRM,"4,335",-80,-1.81,"55,700",2026/08/03
924,924,1835,東鉄工業(株),東証PRM,"4,100",-75,-1.8,"72,000",2026/08/03
925,925,2325,(株)ＮＪＳ,東証PRM,"4,360",-80,-1.8,"36,800",2026/08/03
926,926,3299,(株)ムゲンエステート,東証STD,"1,907",-35,-1.8,"148,800",2026/08/03
927,927,3626,ＴＩＳＩ(株),東証PRM,"3,712",-68,-1.8,"1,239,600",2026/08/03
928,928,4668,(株)明光ネットワークジャパン,東証PRM,764,-14,-1.8,"182,600",2026/08/03
929,929,6226,守谷輸送機工業(株),東証STD,"2,289",-42,-1.8,"153,100",2026/08/03
930,930,6923,スタンレー電気(株),東証PRM,"3,428",-63,-1.8,"742,400",2026/08/03
931,931,9042,阪急阪神ホールディングス(株),東証PRM,"4,630",-85,-1.8,"1,236,200",2026/08/03
932,932,9052,山陽電気鉄道(株),東証PRM,"1,967",-36,-1.8,"38,900",2026/08/03
933,933,1803,清水建設(株),東証PRM,"2,337",-42.5,-1.79,"4,717,900",2026/08/03
934,934,1944,(株)きんでん,東証PRM,"6,963",-127,-1.79,"992,600",2026/08/03
935,935,2269,明治ホールディングス(株),東証PRM,"3,721",-68,-1.79,"1,480,800",2026/08/03
936,936,4441,トビラシステムズ(株),東証STD,"1,650",-30,-1.79,"17,400",2026/08/03
937,937,6113,(株)アマダ,東証PRM,"2,737",-50,-1.79,"2,793,200",2026/08/03
938,938,7675,セントラルフォレストグループ(株),名証MN,"2,750",-50,-1.79,100,2026/08/03
939,939,8958,グローバル・ワン不動産投資法人,東証,"110,000","-2,000",-1.79,"3,823",2026/08/03
940,940,8966,平和不動産リート投資法人,東証,"132,000","-2,400",-1.79,"6,678",2026/08/03
941,941,9405,朝日放送グループホールディングス(株),東証PRM,825,-15,-1.79,"36,400",2026/08/03
942,942,9979,(株)大庄,東証STD,"1,100",-20,-1.79,"51,400",2026/08/03
943,943,1498,One ETF ESG,東証ETF,"31,460",-570,-1.78,"3,020",2026/08/03
944,944,3798,ＵＬＳグループ(株),東証STD,552,-10,-1.78,"184,900",2026/08/03
945,945,383A,MAXIS S&P500均等ウェイト,東証ETF,"2,593",-47,-1.78,"3,359",2026/08/03
946,946,4732,(株)ユー・エス・エス,東証PRM,"1,981.5",-36,-1.78,"1,235,800",2026/08/03
947,947,6899,ＡＳＴＩ(株),東証STD,"2,320",-42,-1.78,"1,300",2026/08/03
948,948,7956,ピジョン(株),東証PRM,"1,984.5",-36,-1.78,"1,018,100",2026/08/03
949,949,3466,ラサールロジポート投資法人,東証,"149,900","-2,700",-1.77,"7,233",2026/08/03
950,950,3661,(株)エムアップホールディングス,東証PRM,775,-14,-1.77,"504,800",2026/08/03
951,951,6445,(株)ジャノメ,東証PRM,"1,280",-23,-1.77,"49,500",2026/08/03
952,952,6754,アンリツ(株),東証PRM,"3,501",-63,-1.77,"2,220,600",2026/08/03
953,953,7702,(株)ＪＭＳ,東証STD,445,-8,-1.77,"43,700",2026/08/03
954,954,2915,ケンコーマヨネーズ(株),東証PRM,"2,005",-36,-1.76,"35,400",2026/08/03
955,955,4026,神島化学工業(株),東証STD,"1,560",-28,-1.76,"50,700",2026/08/03
956,956,6919,ケル(株),東証STD,"1,392",-25,-1.76,"7,800",2026/08/03
957,957,8275,(株)フォーバル,東証STD,"1,002",-18,-1.76,"23,200",2026/08/03
958,958,257A,SMT ETF日本株厳選投資アクティブ,東証ETF,"3,317",-59,-1.75,72,2026/08/03
959,959,3420,(株)ケー・エフ・シー,東証STD,"1,570",-28,-1.75,"1,300",2026/08/03
960,960,5036,日本ビジネスシステムズ(株),東証PRM,"1,572",-28,-1.75,"74,900",2026/08/03
961,961,7326,ＳＢＩインシュアランスグループ(株),東証GRT,"2,081",-37,-1.75,"24,000",2026/08/03
962,962,8200,(株)リンガーハット,東証PRM,"2,300",-41,-1.75,"127,900",2026/08/03
963,963,8891,ＡＭＧホールディングス(株),東証STD,"2,076",-37,-1.75,"2,000",2026/08/03
964,964,7371,Ｚｅｎｋｅｎ(株),東証GRT,734,-13,-1.74,"18,200",2026/08/03
965,965,8424,芙蓉総合リース(株),東証PRM,"4,464",-79,-1.74,"223,200",2026/08/03
966,966,8803,平和不動産(株),東証PRM,"2,314",-41,-1.74,"362,600",2026/08/03
967,967,2633,(NEXT FUNDS) S&P500(H無)連動型上場投信,東証ETF,544.4,-9.6,-1.73,"355,600",2026/08/03
968,968,6560,(株)エル・ティー・エス,東証PRM,"1,707",-30,-1.73,"9,200",2026/08/03
969,969,7840,フランスベッドホールディングス(株),東証PRM,"1,252",-22,-1.73,"57,800",2026/08/03
970,970,9857,英和(株),東証STD,"2,555",-45,-1.73,"1,200",2026/08/03
971,971,1546,(NEXT FUNDS)ダウ･ジョーンズ工業株30種(H無),東証ETF,"81,160","-1,420",-1.72,"3,757",2026/08/03
972,972,1619,(NEXT FUNDS)建設･資材上場投信,東証ETF,"45,210",-790,-1.72,"2,659",2026/08/03
973,973,1926,ライト工業(株),東証PRM,"3,710",-65,-1.72,"145,000",2026/08/03
974,974,2206,江崎グリコ(株),東証PRM,"4,967",-87,-1.72,"303,600",2026/08/03
975,975,3309,積水ハウス・リート投資法人,東証,"74,500","-1,300",-1.72,"18,525",2026/08/03
976,976,6291,日本エアーテック(株),東証STD,"1,316",-23,-1.72,"42,800",2026/08/03
977,977,7949,小松ウオール工業(株),東証PRM,"2,738",-48,-1.72,"61,700",2026/08/03
978,978,1343,(NEXT FUNDS)東証REIT指数連動型上場投信,東証ETF,"1,978",-34.5,-1.71,"2,346,070",2026/08/03
979,979,1975,(株)朝日工業社,東証PRM,"3,735",-65,-1.71,"126,600",2026/08/03
980,980,3277,(株)サンセイランディック,東証STD,631,-11,-1.71,"26,900",2026/08/03
981,981,4229,群栄化学工業(株),東証PRM,"4,305",-75,-1.71,"42,100",2026/08/03
982,982,586A,(NEXT FUNDS) 日経エンタメ・コンテンツ株指数,東証ETF,230,-4,-1.71,"593,870",2026/08/03
983,983,6189,(株)グローバルキッズＣＯＭＰＡＮＹ,東証STD,980,-17,-1.71,"12,500",2026/08/03
984,984,7220,武蔵精密工業(株),東証PRM,"3,170",-55,-1.71,"936,100",2026/08/03
985,985,7914,共同印刷(株),東証PRM,"1,611",-28,-1.71,"70,000",2026/08/03
986,986,8964,三井不動産商業ファンド投資法人,東証,"80,600","-1,400",-1.71,"7,782",2026/08/03
987,987,2288,丸大食品(株),東証PRM,"2,258",-39,-1.7,"103,100",2026/08/03
988,988,2751,(株)テンポスホールディングス,東証STD,"3,760",-65,-1.7,"6,000",2026/08/03
989,989,2790,(株)ナフコ,東証STD,"2,196",-38,-1.7,"7,500",2026/08/03
990,990,3482,ロードスターキャピタル(株),東証PRM,"2,661",-46,-1.7,"136,700",2026/08/03
991,991,3558,ジェイドグループ(株),東証GRT,"1,620",-28,-1.7,"53,500",2026/08/03
992,992,5038,(株)ｅＷｅＬＬ,東証GRT,"2,080",-36,-1.7,"20,700",2026/08/03
993,993,5707,東邦亜鉛(株),東証PRM,866,-15,-1.7,"304,300",2026/08/03
994,994,8897,ＭＩＲＡＲＴＨホールディングス(株),東証PRM,404,-7,-1.7,"729,900",2026/08/03
995,995,8984,大和ハウスリート投資法人,東証,"121,400","-2,100",-1.7,"10,638",2026/08/03
996,996,9532,大阪ガス(株),東証PRM,"5,421",-94,-1.7,"987,800",2026/08/03
997,997,1550,MAXIS 海外株式(MSCIコクサイ)上場投信,東証ETF,"7,912",-136,-1.69,"7,686",2026/08/03
998,998,1625,(NEXT FUNDS)電機･精密上場投信,東証ETF,"62,840","-1,080",-1.69,908,2026/08/03
999,999,1969,高砂熱学工業(株),東証PRM,"4,192",-72,-1.69,"571,100",2026/08/03
1000,1000,2130,(株)メンバーズ,東証PRM,873,-15,-1.69,"368,900",2026/08/03
1001,1001,2315,(株)ＣＡＩＣＡ　ＤＩＧＩＴＡＬ,東証STD,58,-1,-1.69,"4,511,500",2026/08/03
1002,1002,356A,GX S&P500 キャッシュフロー・トップ100,東証ETF,"1,514",-26,-1.69,"8,999",2026/08/03
1003,1003,3968,セグエグループ(株),東証PRM,583,-10,-1.69,"207,900",2026/08/03
1004,1004,4596,窪田製薬ホールディングス(株),東証GRT,58,-1,-1.69,"1,065,300",2026/08/03
1005,1005,5715,古河機械金属(株),東証PRM,"3,495",-60,-1.69,"260,400",2026/08/03
1006,1006,8570,イオンフィナンシャルサービス(株),東証PRM,"1,544",-26.5,-1.69,"607,300",2026/08/03
1007,1007,4725,(株)ＣＡＣ　Ｈｏｌｄｉｎｇｓ,東証PRM,"1,819",-31,-1.68,"50,800",2026/08/03
1008,1008,4768,(株)大塚商会,東証PRM,"3,219",-55,-1.68,"1,764,000",2026/08/03
1009,1009,4979,ＯＡＴアグリオ(株),東証STD,"2,393",-41,-1.68,"30,800",2026/08/03
1010,1010,568A,iシェアーズ シルバー,東証ETF,151.8,-2.6,-1.68,"114,970",2026/08/03
1011,1011,188A,GX インド・トップ10+,東証ETF,883,-15,-1.67,"45,255",2026/08/03
1012,1012,2801,キッコーマン(株),東証PRM,"1,620",-27.5,-1.67,"3,651,100",2026/08/03
1013,1013,313A,iシェアーズ S&P500 トップ20 ETF,東証ETF,253.8,-4.3,-1.67,"144,380",2026/08/03
1014,1014,4005,住友化学(株),東証PRM,512.6,-8.7,-1.67,"13,971,400",2026/08/03
1015,1015,6849,日本光電,東証PRM,"1,564",-26.5,-1.67,"659,200",2026/08/03
1016,1016,9761,東海リース(株),東証STD,"2,351",-40,-1.67,"5,900",2026/08/03
1017,1017,3679,(株)じげん,東証PRM,414,-7,-1.66,"177,800",2026/08/03
1018,1018,3843,フリービット(株),東証PRM,"1,536",-26,-1.66,"41,000",2026/08/03
1019,1019,8309,三井住友トラストグループ(株),東証PRM,"1,626.5",-27.5,-1.66,"13,354,300",2026/08/03
1020,1020,9401,(株)ＴＢＳホールディングス,東証PRM,"5,934",-100,-1.66,"392,400",2026/08/03
1021,1021,1547,上場インデックスファンド米国株式(S&P500),東証ETF,"12,815",-215,-1.65,"47,801",2026/08/03
1022,1022,1559,(NEXT FUNDS)タイ株式指数連動型上場投信,東証ETF,"4,839",-81,-1.65,367,2026/08/03
1023,1023,2440,(株)ぐるなび,東証STD,119,-2,-1.65,"208,500",2026/08/03
1024,1024,2479,(株)ジェイテック,東証STD,239,-4,-1.65,"44,400",2026/08/03
1025,1025,2567,NZAM 上場投信 S&P/JPXカーボン・エフィシェント指数,東証ETF,530,-8.9,-1.65,50,2026/08/03
1026,1026,283A,GX USテック・配当貴族,東証ETF,"1,314",-22,-1.65,"46,107",2026/08/03
1027,1027,2935,(株)ピックルスホールディングス,東証PRM,"1,132",-19,-1.65,"28,800",2026/08/03
1028,1028,3055,(株)ほくやく・竹山ホールディングス,札証,951,-16,-1.65,700,2026/08/03
1029,1029,5033,(株)ヌーラボ,東証GRT,835,-14,-1.65,"9,300",2026/08/03
1030,1030,6568,神戸天然物化学(株),東証GRT,"1,248",-21,-1.65,400,2026/08/03
1031,1031,6947,(株)図研,東証PRM,"4,755",-80,-1.65,"49,700",2026/08/03
1032,1032,7222,日産車体(株),東証STD,952,-16,-1.65,"146,800",2026/08/03
1033,1033,7832,(株)バンダイナムコホールディングス,東証PRM,"4,533",-76,-1.65,"2,609,700",2026/08/03
1034,1034,8929,(株)青山財産ネットワークス,東証STD,"1,250",-21,-1.65,"70,200",2026/08/03
1035,1035,9029,(株)ヒガシホールディングス,東証STD,"1,908",-32,-1.65,"7,400",2026/08/03
1036,1036,498A,防衛・航空宇宙 欧州株(ネットリターン)ETN,東証ETF,"9,388",-157,-1.64,31,2026/08/03
1037,1037,500A,(株)ＴＯブックス,東証STD,"3,000",-50,-1.64,"3,700",2026/08/03
1038,1038,7073,(株)ジェイック,東証GRT,"2,215",-37,-1.64,"2,600",2026/08/03
1039,1039,9160,(株)オンザページ,東証STD,300,-5,-1.64,"48,000",2026/08/03
1040,1040,9535,広島ガス(株),東証PRM,421,-7,-1.64,"88,700",2026/08/03
1041,1041,1577,(NEXT FUNDS)野村日本株高配当70連動型ETF,東証ETF,"57,250",-950,-1.63,"10,190",2026/08/03
1042,1042,2157,(株)コシダカホールディングス,東証PRM,"1,029",-17,-1.63,"911,800",2026/08/03
1043,1043,3487,CREロジスティクスファンド投資法人,東証,"138,700","-2,300",-1.63,"2,317",2026/08/03
1044,1044,4240,クラスターテクノロジー(株),東証STD,301,-5,-1.63,"5,900",2026/08/03
1045,1045,4716,日本オラクル(株),東証STD,"8,737",-145,-1.63,"254,200",2026/08/03
1046,1046,539A,NZAM 上場投信 海外債券(FTSE WGBI除く日本)(H無),東証ETF,"4,900",-81,-1.63,8,2026/08/03
1047,1047,5933,アルインコ(株),東証PRM,"1,088",-18,-1.63,"53,200",2026/08/03
1048,1048,6470,大豊工業(株),東証STD,"1,085",-18,-1.63,"84,400",2026/08/03
1049,1049,7068,フィードフォースグループ(株),東証GRT,542,-9,-1.63,"41,100",2026/08/03
1050,1050,3981,(株)ビーグリー,東証STD,"1,215",-20,-1.62,"2,200",2026/08/03
1051,1051,449A,ステート・ストリート・スパイダー S&P500 ETF(H無),東証ETF,802.1,-13.2,-1.62,"824,680",2026/08/03
1052,1052,4620,藤倉化成(株),東証STD,850,-14,-1.62,"152,700",2026/08/03
1053,1053,463A,(株)インテリックスホールディングス,東証STD,911,-15,-1.62,"10,600",2026/08/03
1054,1054,4733,(株)オービックビジネスコンサルタント,東証PRM,"7,873",-130,-1.62,"213,900",2026/08/03
1055,1055,5463,丸一鋼管(株),東証PRM,"1,760",-29,-1.62,"472,800",2026/08/03
1056,1056,6383,(株)ダイフク,東証PRM,"5,886",-97,-1.62,"2,051,300",2026/08/03
1057,1057,8076,(株)カノークス,東証STD,"2,065",-34,-1.62,"5,500",2026/08/03
1058,1058,8628,松井証券(株),東証PRM,"1,032",-17,-1.62,"1,011,100",2026/08/03
1059,1059,9740,ＣＳＰ,東証PRM,"2,741",-45,-1.62,"25,200",2026/08/03
1060,1060,1486,上場インデックスファンド米国債券(H無),東証ETF,"23,470",-385,-1.61,"9,958",2026/08/03
1061,1061,1686,WisdomTree 産業用金属上場投信,東証ETF,"3,050",-50,-1.61,500,2026/08/03
1062,1062,2379,ディップ(株),東証PRM,"1,830",-30,-1.61,"373,300",2026/08/03
1063,1063,3494,(株)マリオン,東証STD,428,-7,-1.61,"9,000",2026/08/03
1064,1064,4498,サイバートラスト(株),東証GRT,"1,223",-20,-1.61,"77,400",2026/08/03
1065,1065,4765,ＳＢＩグローバルアセットマネジメント(株),東証PRM,611,-10,-1.61,"520,500",2026/08/03
1066,1066,7226,極東開発工業(株),東証PRM,"2,316",-38,-1.61,"233,600",2026/08/03
1067,1067,1572,中国H株ブル2倍上場投信,東証ETF,"7,262",-118,-1.6,"4,100",2026/08/03
1068,1068,2475,ＷＤＢホールディングス(株),東証PRM,"1,785",-29,-1.6,"15,700",2026/08/03
1069,1069,367A,プリモグローバルホールディングス(株),東証STD,"2,701",-44,-1.6,"46,800",2026/08/03
1070,1070,3917,(株)アイリッジ,東証GRT,491,-8,-1.6,"11,500",2026/08/03
1071,1071,435A,iFreeETF 日本株配当ローテーション戦略,東証ETF,"2,650",-43,-1.6,"238,495",2026/08/03
1072,1072,576A,GX チャイナテック・カバード・コール,東証ETF,983,-16,-1.6,"2,099",2026/08/03
1073,1073,5901,東洋製罐グループホールディングス(株),東証PRM,"4,007",-65,-1.6,"173,800",2026/08/03
1074,1074,6809,ＴＯＡ(株),東証PRM,"1,602",-26,-1.6,"144,700",2026/08/03
1075,1075,8972,KDX不動産投資法人,東証,"153,600","-2,500",-1.6,"12,922",2026/08/03
1076,1076,1325,(NEXT FUNDS)ブラジル株式指数上場投信,東証ETF,291.3,-4.7,-1.59,"9,350",2026/08/03
1077,1077,1358,上場インデックス日経レバレッジ指数,東証ETF,"124,000","-2,000",-1.59,"9,744",2026/08/03
1078,1078,1429,(株)日本アクア,東証PRM,741,-12,-1.59,"78,300",2026/08/03
1079,1079,1557,State Street SPDR S&P500 ETF,東証ETF,"117,750","-1,900",-1.59,"8,054",2026/08/03
1080,1080,5658,日亜鋼業(株),東証STD,372,-6,-1.59,"42,900",2026/08/03
1081,1081,6225,(株)エコム,名証MN,"2,037",-33,-1.59,600,2026/08/03
1082,1082,8104,クワザワホールディングス(株),東証STD,681,-11,-1.59,"6,900",2026/08/03
1083,1083,9409,(株)テレビ朝日ホールディングス,東証PRM,"3,085",-50,-1.59,"189,600",2026/08/03
1084,1084,9722,藤田観光(株),東証PRM,"1,984",-32,-1.59,"180,200",2026/08/03
1085,1085,1443,技研ホールディングス(株),東証STD,249,-4,-1.58,"80,500",2026/08/03
1086,1086,1802,(株)大林組,東証PRM,"3,114",-50,-1.58,"1,986,200",2026/08/03
1087,1087,3660,(株)アイスタイル,東証PRM,435,-7,-1.58,"374,000",2026/08/03
1088,1088,4337,ぴあ(株),東証PRM,"2,800",-45,-1.58,"23,800",2026/08/03
1089,1089,5541,大平洋金属(株),東証PRM,"2,430",-39,-1.58,"179,900",2026/08/03
1090,1090,9104,(株)商船三井,東証PRM,"5,801",-93,-1.58,"2,976,000",2026/08/03
1091,1091,9259,(株)タカヨシホールディングス,東証GRT,872,-14,-1.58,"6,600",2026/08/03
1092,1092,9720,(株)ホテル、ニューグランド,東証STD,"6,230",-100,-1.58,"1,400",2026/08/03
1093,1093,2733,(株)あらた,東証PRM,"2,570",-41,-1.57,"100,200",2026/08/03
1094,1094,4299,(株)ハイマックス,東証STD,"1,188",-19,-1.57,"10,200",2026/08/03
1095,1095,478A,(株)フツパー,東証GRT,753,-12,-1.57,"61,200",2026/08/03
1096,1096,5946,(株)長府製作所,東証PRM,"2,069",-33,-1.57,"75,000",2026/08/03
1097,1097,8016,(株)オンワードホールディングス,東証PRM,751,-12,-1.57,"910,000",2026/08/03
1098,1098,8793,ＮＥＣキャピタルソリューション(株),東証PRM,"4,085",-65,-1.57,"39,800",2026/08/03
1099,1099,9021,西日本旅客鉄道(株),東証PRM,"2,954",-47,-1.57,"3,224,700",2026/08/03
1100,1100,9347,日本管財ホールディングス(株),東証PRM,"2,759",-44,-1.57,"78,100",2026/08/03
1101,1101,9470,(株)学研ホールディングス,東証PRM,"1,001",-16,-1.57,"186,000",2026/08/03
1102,1102,3116,トヨタ紡織(株),東証PRM,"2,205.5",-35,-1.56,"1,844,700",2026/08/03
1103,1103,3674,(株)オークファン,東証GRT,315,-5,-1.56,"4,400",2026/08/03
1104,1104,4526,理研ビタミン(株),東証PRM,"3,160",-50,-1.56,"74,200",2026/08/03
1105,1105,4676,(株)フジ・メディア・ホールディングス,東証PRM,"3,919",-62,-1.56,"741,700",2026/08/03
1106,1106,4776,サイボウズ(株),東証PRM,"2,653",-42,-1.56,"276,800",2026/08/03
1107,1107,7276,(株)小糸製作所,東証PRM,"2,654.5",-42,-1.56,"1,385,100",2026/08/03
1108,1108,7699,オムニ・プラス・システム,東証GRT外国,692,-11,-1.56,"3,300",2026/08/03
1109,1109,8750,(株)第一ライフグループ,東証PRM,"1,888.5",-30,-1.56,"9,330,200",2026/08/03
1110,1110,9284,カナディアン・ソーラー・インフラ投資法人,東証,"75,500","-1,200",-1.56,"2,939",2026/08/03
1111,1111,1807,(株)佐藤渡辺,東証STD,"1,842",-29,-1.55,"1,400",2026/08/03
1112,1112,2097,GX レジデンシャル・J-REIT,東証ETF,955,-15,-1.55,"290,825",2026/08/03
1113,1113,2211,(株)不二家,東証PRM,"2,408",-38,-1.55,"36,200",2026/08/03
1114,1114,2212,山崎製パン(株),東証PRM,"3,307",-52,-1.55,"1,158,500",2026/08/03
1115,1115,2666,(株)オートウェーブ,東証STD,191,-3,-1.55,"117,300",2026/08/03
1116,1116,3296,日本リート投資法人,東証,"82,500","-1,300",-1.55,"5,589",2026/08/03
1117,1117,3854,(株)アイル,東証PRM,"2,225",-35,-1.55,"94,000",2026/08/03
1118,1118,4109,ステラ　ケミファ(株),東証PRM,"5,090",-80,-1.55,"84,400",2026/08/03
1119,1119,6062,(株)チャーム・ケア・コーポレーション,東証PRM,"1,336",-21,-1.55,"79,900",2026/08/03
1120,1120,6136,ＯＳＧ,東証PRM,"3,619",-57,-1.55,"460,000",2026/08/03
1121,1121,6678,(株)テクノメディカ,東証STD,"1,975",-31,-1.55,"21,100",2026/08/03
1122,1122,2002,(株)日清製粉グループ本社,東証PRM,"1,981.5",-31,-1.54,"1,043,600",2026/08/03
1123,1123,2294,(株)柿安本店,東証PRM,"2,560",-40,-1.54,"22,000",2026/08/03
1124,1124,2626,GX デジタル・イノベーション-日本株式,東証ETF,"3,068",-48,-1.54,558,2026/08/03
1125,1125,3088,(株)マツキヨココカラ＆カンパニー,東証PRM,"2,495.5",-39,-1.54,"1,437,600",2026/08/03
1126,1126,3234,森ヒルズリート投資法人,東証,"128,100","-2,000",-1.54,"4,421",2026/08/03
1127,1127,7512,イオン北海道(株),東証STD,833,-13,-1.54,"202,300",2026/08/03
1128,1128,2070,スマート ESG30 女性活躍(ネットリターン)ETN,東証ETF,"15,770",-245,-1.53,1,2026/08/03
1129,1129,4151,協和キリン(株),東証PRM,"2,515.5",-39,-1.53,"1,240,400",2026/08/03
1130,1130,4792,山田コンサルティンググループ(株),東証PRM,"1,669",-26,-1.53,"30,300",2026/08/03
1131,1131,6036,ＫｅｅＰｅｒ技研(株),東証PRM,"2,764",-43,-1.53,"89,900",2026/08/03
1132,1132,7414,小野建(株),東証PRM,"1,416",-22,-1.53,"51,400",2026/08/03
1133,1133,5612,日本鋳鉄管(株),東証STD,"1,560",-24,-1.52,"20,200",2026/08/03
1134,1134,6203,豊和工業(株),東証STD,"1,360",-21,-1.52,"160,400",2026/08/03
1135,1135,6345,(株)アイチコーポレーション,東証PRM,"1,429",-22,-1.52,"125,700",2026/08/03
1136,1136,6366,千代田化工建設(株),東証STD,649,-10,-1.52,"2,956,700",2026/08/03
1137,1137,6634,(株)ＪＮグループ,東証STD,65,-1,-1.52,"62,000",2026/08/03
1138,1138,6814,古野電気(株),東証PRM,"7,120",-110,-1.52,"416,000",2026/08/03
1139,1139,9307,(株)杉村倉庫,東証STD,970,-15,-1.52,"6,100",2026/08/03
1140,1140,1489,(NEXT FUNDS)日経平均高配当株50指数連動型ETF,東証ETF,"3,384",-52,-1.51,"1,350,503",2026/08/03
1141,1141,2989,東海道リート投資法人,東証,"98,000","-1,500",-1.51,"5,027",2026/08/03
1142,1142,3075,(株)銚子丸,東証STD,"1,696",-26,-1.51,"15,600",2026/08/03
1143,1143,3462,野村不動産マスターファンド投資法人,東証,"150,400","-2,300",-1.51,"12,314",2026/08/03
1144,1144,4114,(株)日本触媒,東証PRM,"2,125.5",-32.5,-1.51,"664,400",2026/08/03
1145,1145,4665,(株)ダスキン,東証PRM,"4,380",-67,-1.51,"110,000",2026/08/03
1146,1146,5889,Ｊａｐａｎ　Ｅｙｅｗｅａｒ　Ｈｏｌｄｉｎｇｓ(株),東証PRM,"2,483",-38,-1.51,"101,900",2026/08/03
1147,1147,6027,弁護士ドットコム(株),東証PRM,"2,277",-35,-1.51,"48,900",2026/08/03
1148,1148,7115,(株)アルファパーチェス,東証STD,"1,570",-24,-1.51,"3,400",2026/08/03
1149,1149,7447,ナガイレーベン(株),東証PRM,"1,758",-27,-1.51,"181,300",2026/08/03
1150,1150,9795,(株)ステップ,東証PRM,"2,220",-34,-1.51,"24,200",2026/08/03
1151,1151,1554,上場インデックス世界株式(MSCI ACWI)除く日本,東証ETF,"6,644",-101,-1.5,"6,177",2026/08/03
1152,1152,2378,(株)ルネサンス,東証PRM,"1,050",-16,-1.5,"43,900",2026/08/03
1153,1153,2590,ダイドーグループホールディングス(株),東証PRM,"2,965",-45,-1.5,"124,400",2026/08/03
1154,1154,2695,くら寿司(株),東証PRM,"1,645",-25,-1.5,"273,600",2026/08/03
1155,1155,4231,タイガースポリマー(株),東証STD,985,-15,-1.5,"50,900",2026/08/03
1156,1156,4544,Ｈ．Ｕ．グループホールディングス(株),東証PRM,"3,360",-51,-1.5,"287,000",2026/08/03
1157,1157,4611,大日本塗料(株),東証PRM,"1,378",-21,-1.5,"64,200",2026/08/03
1158,1158,6046,(株)リンクバル,東証STD,131,-2,-1.5,"41,100",2026/08/03
1159,1159,7305,新家工業(株),東証STD,"2,627",-40,-1.5,"23,300",2026/08/03
1160,1160,9233,アジア航測(株),東証STD,"1,120",-17,-1.5,"8,400",2026/08/03
1161,1161,2588,(株)プレミアムウォーターホールディングス,東証STD,"3,645",-55,-1.49,"3,900",2026/08/03
1162,1162,269A,(株)Ｓａｐｅｅｔ,東証GRT,"2,516",-38,-1.49,"3,200",2026/08/03
1163,1163,3468,スターアジア不動産投資法人,東証,"52,800",-800,-1.49,"7,723",2026/08/03
1164,1164,4440,(株)ヴィッツ,東証STD,"1,127",-17,-1.49,"21,800",2026/08/03
1165,1165,9168,(株)ライズ・コンサルティング・グループ,東証GRT,396,-6,-1.49,"107,300",2026/08/03
1166,1166,9561,(株)グラッドキューブ,東証GRT,398,-6,-1.49,700,2026/08/03
1167,1167,9612,(株)ラックランド,東証PRM,"1,256",-19,-1.49,"31,500",2026/08/03
1168,1168,9823,(株)マミーマートホールディングス,東証STD,"1,060",-16,-1.49,"117,200",2026/08/03
1169,1169,1655,iシェアーズ S&P500 米国株 ETF,東証ETF,853.2,-12.8,-1.48,"4,011,250",2026/08/03
1170,1170,2471,(株)エスプール,東証PRM,267,-4,-1.48,"573,200",2026/08/03
1171,1171,2518,(NEXT FUNDS) MSCI日本株女性活躍(セレクト)上場投信,東証ETF,"2,330",-35,-1.48,"10,277",2026/08/03
1172,1172,5695,パウダーテック(株),東証STD,"2,990",-45,-1.48,"1,000",2026/08/03
1173,1173,7812,(株)クレステック,東証STD,"2,132",-32,-1.48,"2,100",2026/08/03
1174,1174,9127,玉井商船(株),東証STD,"2,799",-42,-1.48,"3,100",2026/08/03
1175,1175,9619,(株)イチネンホールディングス,東証PRM,"2,335",-35,-1.48,"51,200",2026/08/03
1176,1176,3079,ディーブイエックス(株),東証STD,940,-14,-1.47,"10,800",2026/08/03
1177,1177,428A,サイプレス・ホールディングス(株),東証STD,"1,340",-20,-1.47,"26,200",2026/08/03
1178,1178,4538,扶桑薬品工業(株),東証PRM,"2,143",-32,-1.47,"16,100",2026/08/03
1179,1179,549A,ヒトトヒトホールディングス(株),東証STD,468,-7,-1.47,"22,500",2026/08/03
1180,1180,6486,イーグル工業(株),東証PRM,"2,956",-44,-1.47,"144,800",2026/08/03
1181,1181,8219,青山商事(株),東証PRM,739,-11,-1.47,"618,400",2026/08/03
1182,1182,1898,世紀東急工業(株),東証PRM,"1,481",-22,-1.46,"180,600",2026/08/03
1183,1183,2982,(株)ＡＤワークスグループ,東証PRM,404,-6,-1.46,"395,700",2026/08/03
1184,1184,3909,(株)ショーケース,東証STD,202,-3,-1.46,"2,400",2026/08/03
1185,1185,4245,(株)ダイキアクシス,東証STD,673,-10,-1.46,"11,600",2026/08/03
1186,1186,4587,ペプチドリーム(株),東証PRM,933.4,-13.8,-1.46,"1,171,600",2026/08/03
1187,1187,4712,(株)ＫｅｙＨｏｌｄｅｒ,東証STD,742,-11,-1.46,"8,600",2026/08/03
1188,1188,5905,日本製罐(株),東証STD,"1,350",-20,-1.46,700,2026/08/03
1189,1189,6332,月島ホールディングス(株),東証PRM,"2,694",-40,-1.46,"104,200",2026/08/03
1190,1190,7575,日本ライフライン(株),東証PRM,"1,547",-23,-1.46,"285,600",2026/08/03
1191,1191,7707,プレシジョン・システム・サイエンス(株),東証GRT,202,-3,-1.46,"111,200",2026/08/03
1192,1192,7856,萩原工業(株),東証PRM,"1,755",-26,-1.46,"45,600",2026/08/03
1193,1193,9627,(株)アインホールディングス,東証PRM,"5,797",-86,-1.46,"229,300",2026/08/03
1194,1194,1968,太平電業(株),東証PRM,"2,387",-35,-1.45,"139,500",2026/08/03
1195,1195,2976,日本グランデ(株),札幌ア,681,-10,-1.45,700,2026/08/03
1196,1196,3908,(株)コラボス,東証STD,340,-5,-1.45,"5,900",2026/08/03
1197,1197,4743,(株)アイティフォー,東証PRM,"1,697",-25,-1.45,"83,600",2026/08/03
1198,1198,5857,ＡＲＥホールディングス(株),東証PRM,"3,050",-45,-1.45,"700,000",2026/08/03
1199,1199,1364,ｉシェアーズ JPX日経400 ETF,東証ETF,"3,700",-54,-1.44,"70,538",2026/08/03
1200,1200,2503,キリンホールディングス(株),東証PRM,"2,910.5",-42.5,-1.44,"3,543,400",2026/08/03
1201,1201,2636,GX MSCIガバナンス・クオリティ-日本株式,東証ETF,"4,737",-69,-1.44,252,2026/08/03
1202,1202,3109,シキボウ(株),東証PRM,"1,027",-15,-1.44,"77,300",2026/08/03
1203,1203,3252,地主(株),東証PRM,"2,880",-42,-1.44,"141,500",2026/08/03
1204,1204,4414,(株)フレクト,東証GRT,"1,232",-18,-1.44,"16,800",2026/08/03
1205,1205,8986,大和証券リビング投資法人,東証,"95,700","-1,400",-1.44,"7,325",2026/08/03
1206,1206,300A,ＭＩＣ(株),東証STD,"2,957",-43,-1.43,"8,800",2026/08/03
1207,1207,3236,(株)プロパスト,東証STD,275,-4,-1.43,"110,400",2026/08/03
1208,1208,3283,日本プロロジスリート投資法人,東証,"89,300","-1,300",-1.43,"16,889",2026/08/03
1209,1209,3922,(株)ＰＲ　ＴＩＭＥＳ,東証PRM,"2,061",-30,-1.43,"48,700",2026/08/03
1210,1210,4933,(株)Ｉ－ｎｅ,東証PRM,"1,238",-18,-1.43,"49,100",2026/08/03
1211,1211,5284,ヤマウホールディングス(株),東証STD,"2,278",-33,-1.43,"14,500",2026/08/03
1212,1212,5535,ミガロホールディングス(株),東証PRM,275,-4,-1.43,"152,800",2026/08/03
1213,1213,6358,酒井重工業(株),東証PRM,"2,144",-31,-1.43,"23,700",2026/08/03
1214,1214,8153,(株)モスフードサービス,東証PRM,"3,800",-55,-1.43,"103,800",2026/08/03
1215,1215,8395,(株)佐賀銀行,東証PRM,"5,520",-80,-1.43,"83,400",2026/08/03
1216,1216,9989,(株)サンドラッグ,東証PRM,"3,726",-54,-1.43,"702,500",2026/08/03
1217,1217,1541,純プラチナ上場信託(現物国内保管型),東証ETF,"7,588",-109,-1.42,"15,261",2026/08/03
1218,1218,2170,(株)リンクアンドモチベーション,東証PRM,624,-9,-1.42,"462,300",2026/08/03
1219,1219,2810,ハウス食品グループ本社(株),東証PRM,"3,818",-55,-1.42,"265,500",2026/08/03
1220,1220,3488,セントラル・リート投資法人,東証,"103,800","-1,500",-1.42,"2,322",2026/08/03
1221,1221,548A,(株)システムエグゼ,東証STD,974,-14,-1.42,"17,100",2026/08/03
1222,1222,5989,(株)エイチワン,東証PRM,"1,523",-22,-1.42,"151,300",2026/08/03
1223,1223,7593,ＶＴホールディングス(株),東証PRM,485,-7,-1.42,"432,500",2026/08/03
1224,1224,9085,北海道中央バス(株),札証,"5,550",-80,-1.42,300,2026/08/03
1225,1225,9533,東邦ガス(株),東証PRM,"1,145",-16.5,-1.42,"1,077,200",2026/08/03
1226,1226,324A,(株)ブッキングリゾート,東証GRT,700,-10,-1.41,"9,800",2026/08/03
1227,1227,4428,(株)シノプス,東証GRT,698,-10,-1.41,"4,500",2026/08/03
1228,1228,5928,アルメタックス(株),東証STD,279,-4,-1.41,"7,300",2026/08/03
1229,1229,6961,(株)エンプラス,東証PRM,"11,220",-160,-1.41,"323,900",2026/08/03
1230,1230,9051,センコン物流(株),東証STD,"1,330",-19,-1.41,800,2026/08/03
1231,1231,9799,旭情報サービス(株),東証STD,911,-13,-1.41,"8,600",2026/08/03
1232,1232,1305,iFreeETF TOPIX(年1回決算型),東証ETF,"4,162",-59,-1.4,"215,020",2026/08/03
1233,1233,1495,上場インデックスファンドアジアリート,東証ETF,"11,635",-165,-1.4,121,2026/08/03
1234,1234,2705,(株)大戸屋ホールディングス,東証STD,"8,460",-120,-1.4,"11,300",2026/08/03
1235,1235,2753,(株)あみやき亭,東証PRM,"1,339",-19,-1.4,"53,700",2026/08/03
1236,1236,3288,(株)オープンハウスグループ,東証PRM,"8,390",-119,-1.4,"293,200",2026/08/03
1237,1237,4093,東邦アセチレン(株),東証STD,422,-6,-1.4,"16,700",2026/08/03
1238,1238,5542,新報国マテリアル(株),東証STD,774,-11,-1.4,"7,700",2026/08/03
1239,1239,9360,鈴与シンワート(株),東証STD,"2,953",-42,-1.4,500,2026/08/03
1240,1240,9381,(株)エーアイテイー,東証PRM,"2,324",-33,-1.4,"37,700",2026/08/03
1241,1241,2044,NEXT NOTES S&P500 配当貴族(NR)ETN,東証ETF,"34,670",-490,-1.39,839,2026/08/03
1242,1242,2335,(株)キューブシステム,東証PRM,"1,066",-15,-1.39,"24,000",2026/08/03
1243,1243,2429,(株)ワールドホールディングス,東証PRM,"2,620",-37,-1.39,"69,000",2026/08/03
1244,1244,2802,味の素(株),東証PRM,"4,896",-69,-1.39,"3,457,300",2026/08/03
1245,1245,3221,(株)ヨシックスホールディングス,東証PRM,"3,200",-45,-1.39,"63,800",2026/08/03
1246,1246,3708,特種東海製紙(株),東証PRM,"2,057",-29,-1.39,"95,000",2026/08/03
1247,1247,4167,(株)ココペリ,東証GRT,284,-4,-1.39,"13,100",2026/08/03
1248,1248,4694,(株)ビー・エム・エル,東証PRM,"3,535",-50,-1.39,"69,100",2026/08/03
1249,1249,5035,ＨＯＵＳＥＩ(株),東証GRT,355,-5,-1.39,"1,100",2026/08/03
1250,1250,7679,(株)薬王堂ホールディングス,東証PRM,"1,703",-24,-1.39,"47,300",2026/08/03
1251,1251,8143,(株)ラピーヌ,東証STD,142,-2,-1.39,900,2026/08/03
1252,1252,2098,GX ホテル&リテール・J-REIT,東証ETF,998,-14,-1.38,"7,755",2026/08/03
1253,1253,2124,ＪＡＣ　Ｒｅｃｒｕｉｔｍｅｎｔ,東証PRM,930,-13,-1.38,"672,100",2026/08/03
1254,1254,221A,MAXIS 日経半導体株上場投信,東証ETF,"1,106.5",-15.5,-1.38,"1,144,710",2026/08/03
1255,1255,4055,ティアンドエスグループ(株),東証GRT,"1,505",-21,-1.38,"48,000",2026/08/03
1256,1256,4284,(株)ソルクシーズ,東証STD,430,-6,-1.38,"28,700",2026/08/03
1257,1257,4475,ＨＥＮＮＧＥ(株),東証GRT,"1,284",-18,-1.38,"283,000",2026/08/03
1258,1258,4990,昭和化学工業(株),東証STD,501,-7,-1.38,"4,000",2026/08/03
1259,1259,5185,(株)フコク,東証PRM,"1,852",-26,-1.38,"60,500",2026/08/03
1260,1260,6465,ホシザキ(株),東証PRM,"5,625",-79,-1.38,"433,300",2026/08/03
1261,1261,7039,ブリッジインターナショナルグループ(株),東証GRT,"1,713",-24,-1.38,"4,600",2026/08/03
1262,1262,7069,(株)サイバー・バズ,東証GRT,645,-9,-1.38,"6,000",2026/08/03
1263,1263,8524,(株)北洋銀行,東証PRM,"1,141",-16,-1.38,"1,792,000",2026/08/03
1264,1264,8908,(株)毎日コムネット,東証STD,857,-12,-1.38,"7,000",2026/08/03
1265,1265,9064,ヤマトホールディングス(株),東証PRM,"2,041",-28.5,-1.38,"1,782,000",2026/08/03
1266,1266,9956,(株)バローホールディングス,東証PRM,"3,220",-45,-1.38,"223,900",2026/08/03
1267,1267,1399,上場MSCI日本株高配当低ボラティリティ,東証ETF,"3,088",-43,-1.37,"3,887",2026/08/03
1268,1268,2501,サッポロビール(株),東証PRM,"1,984",-27.5,-1.37,"1,174,500",2026/08/03
1269,1269,295A,One ETF FTSE・サウジアラビア・インデックス,東証ETF,"9,700",-135,-1.37,41,2026/08/03
1270,1270,3011,(株)バナーズ,東証STD,144,-2,-1.37,"8,600",2026/08/03
1271,1271,3205,(株)ダイドーリミテッド,東証STD,722,-10,-1.37,"173,000",2026/08/03
1272,1272,4896,(株)ケイファーマ,東証GRT,718,-10,-1.37,"6,400",2026/08/03
1273,1273,5408,(株)中山製鋼所,東証PRM,648,-9,-1.37,"229,900",2026/08/03
1274,1274,1330,上場インデックスファンド225,東証ETF,"65,910",-910,-1.36,"28,965",2026/08/03
1275,1275,1938,日本リーテック(株),東証PRM,"2,389",-33,-1.36,"130,100",2026/08/03
1276,1276,2249,iFreeETF S&P500ダブルインバース,東証ETF,"9,749",-134,-1.36,"5,877",2026/08/03
1277,1277,3183,ウイン・パートナーズ(株),東証PRM,"1,303",-18,-1.36,"17,700",2026/08/03
1278,1278,3550,(株)スタジオアタオ,東証GRT,218,-3,-1.36,"14,000",2026/08/03
1279,1279,3673,(株)ブロードリーフ,東証PRM,434,-6,-1.36,"1,446,600",2026/08/03
1280,1280,4293,(株)セプテーニ・ホールディングス,東証STD,508,-7,-1.36,"316,600",2026/08/03
1281,1281,4719,(株)アルファシステムズ,東証PRM,"3,255",-45,-1.36,"16,900",2026/08/03
1282,1282,4826,(株)ＣＩＪ,東証PRM,509,-7,-1.36,"239,300",2026/08/03
1283,1283,6196,(株)ストライクグループ,東証PRM,"1,304",-18,-1.36,"523,700",2026/08/03
1284,1284,8614,東洋証券(株),東証PRM,651,-9,-1.36,"887,900",2026/08/03
1285,1285,8844,(株)コスモスイニシア,東証STD,"1,306",-18,-1.36,"99,300",2026/08/03
1286,1286,9444,(株)トーシンホールディングス,東証STD,218,-3,-1.36,"6,600",2026/08/03
1287,1287,212A,フィットイージー(株),東証PRM,"2,702",-37,-1.35,"140,300",2026/08/03
1288,1288,233A,iFreeETF インドNifty50,東証ETF,"1,894",-26,-1.35,"11,313",2026/08/03
1289,1289,2594,キーコーヒー(株),東証PRM,"1,974",-27,-1.35,"101,800",2026/08/03
1290,1290,3421,(株)稲葉製作所,東証STD,"1,680",-23,-1.35,"49,500",2026/08/03
1291,1291,3451,トーセイ・リート投資法人,東証,"131,600","-1,800",-1.35,917,2026/08/03
1292,1292,5341,ＡＳＡＨＩ　ＥＩＴＯホールディングス(株),東証STD,146,-2,-1.35,"67,200",2026/08/03
1293,1293,5832,(株)ちゅうぎんフィナンシャルグループ,東証PRM,"3,278",-45,-1.35,"327,000",2026/08/03
1294,1294,6371,(株)椿本チエイン,東証PRM,"2,551",-35,-1.35,"276,800",2026/08/03
1295,1295,6390,(株)加藤製作所,東証PRM,"1,313",-18,-1.35,"70,200",2026/08/03
1296,1296,6841,横河電機(株),東証PRM,"5,704",-78,-1.35,"1,126,500",2026/08/03
1297,1297,7971,東リ(株),東証STD,659,-9,-1.35,"178,900",2026/08/03
1298,1298,8975,いちごオフィスリート投資法人,東証,"95,000","-1,300",-1.35,"4,577",2026/08/03
1299,1299,9974,(株)ベルク,東証PRM,"6,570",-90,-1.35,"32,600",2026/08/03
1300,1300,4827,ビジネス・ワンホールディングス(株),福岡Q,811,-11,-1.34,100,2026/08/03
1301,1301,6090,ヒューマン・メタボローム・テクノロジーズ(株),東証STD,591,-8,-1.34,"4,600",2026/08/03
1302,1302,6262,(株)ＰＥＧＡＳＵＳ,東証STD,515,-7,-1.34,"141,000",2026/08/03
1303,1303,6294,オカダアイヨン(株),東証PRM,"1,983",-27,-1.34,"56,300",2026/08/03
1304,1304,9687,(株)ＫＳＫ,東証STD,"4,420",-60,-1.34,"1,200",2026/08/03
1305,1305,9769,(株)学究社,東証PRM,"2,657",-36,-1.34,"14,200",2026/08/03
1306,1306,1308,上場インデックスファンドTOPIX,東証ETF,"4,065",-55,-1.33,"229,945",2026/08/03
1307,1307,2267,(株)ヤクルト本社,東証PRM,"2,781.5",-37.5,-1.33,"1,703,200",2026/08/03
1308,1308,250A,シマダヤ(株),東証STD,"1,638",-22,-1.33,"46,800",2026/08/03
1309,1309,3492,MIRARTH不動産投資法人,東証,"81,500","-1,100",-1.33,"9,164",2026/08/03
1310,1310,3992,(株)ニーズウェル,東証PRM,444,-6,-1.33,"32,100",2026/08/03
1311,1311,471A,ＮＳグループ(株),東証PRM,"1,489",-20,-1.33,"178,700",2026/08/03
1312,1312,6890,(株)フェローテック,東証STD,"8,190",-110,-1.33,"1,390,800",2026/08/03
1313,1313,8002,丸紅(株),東証PRM,"5,132",-69,-1.33,"11,847,400",2026/08/03
1314,1314,1414,ショーボンドホールディングス(株),東証PRM,"1,305",-17.5,-1.32,"1,098,300",2026/08/03
1315,1315,4476,ＡＩ　ＣＲＯＳＳ(株),東証GRT,"1,046",-14,-1.32,"11,400",2026/08/03
1316,1316,4576,(株)デ・ウエスタン・セラピテクス研究所,東証GRT,75,-1,-1.32,"393,200",2026/08/03
1317,1317,5805,ＳＷＣＣ(株),東証PRM,"11,200",-150,-1.32,"602,800",2026/08/03
1318,1318,8876,(株)リログループ,東証PRM,"1,987.5",-26.5,-1.32,"814,000",2026/08/03
1319,1319,9173,東海汽船(株),東証STD,"2,760",-37,-1.32,"7,300",2026/08/03
1320,1320,9474,(株)ゼンリン,東証PRM,895,-12,-1.32,"431,300",2026/08/03
1321,1321,173A,(株)ハンモック,東証GRT,"1,510",-20,-1.31,"1,500",2026/08/03
1322,1322,1966,(株)高田工業所,東証STD,"1,735",-23,-1.31,800,2026/08/03
1323,1323,4071,(株)プラスアルファ・コンサルティング,東証PRM,"2,258",-30,-1.31,"155,800",2026/08/03
1324,1324,4595,(株)ミズホメディー,東証STD,"1,655",-22,-1.31,"99,600",2026/08/03
1325,1325,6098,(株)リクルートホールディングス,東証PRM,"12,385",-165,-1.31,"3,639,900",2026/08/03
1326,1326,6166,(株)中村超硬,東証GRT,603,-8,-1.31,"98,600",2026/08/03
1327,1327,8961,森トラストリート投資法人,東証,"75,300","-1,000",-1.31,"6,595",2026/08/03
1328,1328,8963,インヴィンシブル投資法人,東証,"60,400",-800,-1.31,"30,941",2026/08/03
1329,1329,1718,美樹工業(株),東証STD,"6,810",-90,-1.3,"1,600",2026/08/03
1330,1330,3471,三井不動産ロジスティクスパーク投資法人,東証,"106,700","-1,400",-1.3,"10,795",2026/08/03
1331,1331,3608,(株)ＴＳＩホールディングス,東証PRM,"1,214",-16,-1.3,"240,900",2026/08/03
1332,1332,4183,三井化学(株),東証PRM,"2,091",-27.5,-1.3,"3,029,200",2026/08/03
1333,1333,4627,ナトコ(株),東証STD,"1,746",-23,-1.3,"1,100",2026/08/03
1334,1334,6238,フリュー(株),東証PRM,"1,369",-18,-1.3,"111,400",2026/08/03
1335,1335,8917,ファースト住建(株),東証STD,"1,140",-15,-1.3,"11,700",2026/08/03
1336,1336,9040,大宝運輸(株),名証MN,"4,170",-55,-1.3,400,2026/08/03
1337,1337,9517,イーレックス(株),東証PRM,834,-11,-1.3,"236,300",2026/08/03
1338,1338,1306,(NEXT FUNDS)TOPIX連動型上場投信,東証ETF,411.8,-5.4,-1.29,"23,173,840",2026/08/03
1339,1339,1873,(株)日本ハウスホールディングス,東証PRM,306,-4,-1.29,"136,900",2026/08/03
1340,1340,1882,東亜道路工業(株),東証PRM,"1,605",-21,-1.29,"570,600",2026/08/03
1341,1341,2629,iFree グレーターベイエリア・イノベーション100,東証ETF,"3,596",-47,-1.29,"2,724",2026/08/03
1342,1342,3199,綿半ホールディングス(株),東証PRM,"1,298",-17,-1.29,"71,400",2026/08/03
1343,1343,4011,(株)ヘッドウォータース,東証GRT,"1,920",-25,-1.29,"21,300",2026/08/03
1344,1344,5108,(株)ブリヂストン,東証PRM,"3,914",-51,-1.29,"4,322,900",2026/08/03
1345,1345,5411,ＪＦＥホールディングス(株),東証PRM,"1,794",-23.5,-1.29,"5,236,700",2026/08/03
1346,1346,6645,オムロン(株),東証PRM,"5,360",-70,-1.29,"1,325,800",2026/08/03
1347,1347,8130,(株)サンゲツ,東証PRM,"3,055",-40,-1.29,"170,100",2026/08/03
1348,1348,9242,メディア総研(株),東証GRT,"1,836",-24,-1.29,"2,500",2026/08/03
1349,1349,9368,キムラユニティー(株),東証STD,915,-12,-1.29,"19,500",2026/08/03
1350,1350,9744,(株)メイテックグループホールディングス,東証PRM,"3,296",-43,-1.29,"473,600",2026/08/03
1351,1351,1631,(NEXT FUNDS)銀行上場投信,東証ETF,"39,270",-510,-1.28,"21,414",2026/08/03
1352,1352,1820,西松建設(株),東証PRM,"5,245",-68,-1.28,"135,800",2026/08/03
1353,1353,198A,ＰｏｓｔＰｒｉｍｅ(株),東証GRT,154,-2,-1.28,"23,200",2026/08/03
1354,1354,2084,(NEXT FUNDS) 日本高配当株アクティブ,東証ETF,"3,695",-48,-1.28,"29,951",2026/08/03
1355,1355,2849,GX Morningstar 高配当 ESG-日本株式,東証ETF,"5,399",-70,-1.28,"4,152",2026/08/03
1356,1356,4772,(株)ＳＭ　ＥＮＴＥＲＴＡＩＮＭＥＮＴ　ＪＡＰＡＮ,東証GRT,77,-1,-1.28,"308,400",2026/08/03
1357,1357,513A,GX 防衛テック-日本株式,東証ETF,849,-11,-1.28,"175,564",2026/08/03
1358,1358,519A,(株)ベーシック,東証GRT,539,-7,-1.28,"3,600",2026/08/03
1359,1359,5884,(株)クラダシ,東証GRT,542,-7,-1.28,"3,800",2026/08/03
1360,1360,7186,(株)横浜フィナンシャルグループ,東証PRM,"1,815.5",-23.5,-1.28,"4,845,000",2026/08/03
1361,1361,8031,三井物産(株),東証PRM,"4,874",-63,-1.28,"7,340,800",2026/08/03
1362,1362,9332,ＮＩＳＳＯホールディングス(株),東証PRM,615,-8,-1.28,"75,500",2026/08/03
1363,1363,9684,(株)スクウェア・エニックス・ホールディングス,東証PRM,"2,729",-35.5,-1.28,"1,140,900",2026/08/03
1364,1364,9946,ミニストップ(株),東証PRM,"1,850",-24,-1.28,"40,500",2026/08/03
1365,1365,1617,(NEXT FUNDS)食品上場投信,東証ETF,"47,250",-610,-1.27,"3,535",2026/08/03
1366,1366,197A,(株)タウンズ,東証STD,467,-6,-1.27,"508,200",2026/08/03
1367,1367,205A,(株)ロゴスホールディングス,東証GRT,"1,794",-23,-1.27,"16,000",2026/08/03
1368,1368,2216,カンロ(株),東証STD,"1,086",-14,-1.27,"233,600",2026/08/03
1369,1369,2627,GX eコマース-日本株式,東証ETF,"1,559",-20,-1.27,864,2026/08/03
1370,1370,3185,夢展望(株),東証GRT,155,-2,-1.27,"80,200",2026/08/03
1371,1371,3562,(株)Ｎｏ．１,東証STD,"1,557",-20,-1.27,"32,000",2026/08/03
1372,1372,4985,アース製薬(株),東証PRM,"4,670",-60,-1.27,"76,400",2026/08/03
1373,1373,5830,(株)いよぎんホールディングス,東証PRM,"3,588",-46,-1.27,"1,062,700",2026/08/03
1374,1374,7114,(株)フーディソン,東証GRT,780,-10,-1.27,"2,600",2026/08/03
1375,1375,7821,前田工繊(株),東証PRM,"1,940",-25,-1.27,"222,000",2026/08/03
1376,1376,7846,(株)パイロットコーポレーション,東証PRM,"1,790.5",-23,-1.27,"192,000",2026/08/03
1377,1377,8253,(株)クレディセゾン,東証PRM,"4,493",-58,-1.27,"942,200",2026/08/03
1378,1378,1592,上場インデックス JPX日経インデックス400,東証ETF,"3,290",-42,-1.26,"18,599",2026/08/03
1379,1379,2209,井村屋グループ(株),東証PRM,"2,348",-30,-1.26,"22,600",2026/08/03
1380,1380,2436,共同ピーアール(株),東証STD,628,-8,-1.26,"36,400",2026/08/03
1381,1381,2642,SMT ETFカーボン・エフィシェント日本株,東証ETF,"51,920",-660,-1.26,3,2026/08/03
1382,1382,2897,日清食品ホールディングス(株),東証PRM,"2,849",-36.5,-1.26,"1,457,100",2026/08/03
1383,1383,3290,Oneリート投資法人,東証,"78,200","-1,000",-1.26,"4,014",2026/08/03
1384,1384,7004,カナデビア(株),東証PRM,"1,173",-15,-1.26,"1,025,200",2026/08/03
1385,1385,8043,スターゼン(株),東証PRM,"1,330",-17,-1.26,"191,400",2026/08/03
1386,1386,9046,神戸電鉄(株),東証STD,"2,430",-31,-1.26,"8,200",2026/08/03
1387,1387,9928,(株)ミロク情報サービス,東証PRM,"1,800",-23,-1.26,"102,400",2026/08/03
1388,1388,1721,コムシスホールディングス(株),東証PRM,"5,200",-66,-1.25,"603,800",2026/08/03
1389,1389,3953,大村紙業(株),東証STD,788,-10,-1.25,"3,600",2026/08/03
1390,1390,4326,(株)インテージホールディングス,東証PRM,"1,891",-24,-1.25,"56,100",2026/08/03
1391,1391,4432,ウイングアーク１ｓｔ(株),東証PRM,"3,150",-40,-1.25,"283,400",2026/08/03
1392,1392,4628,エスケー化研(株),東証STD,"8,670",-110,-1.25,"5,600",2026/08/03
1393,1393,469A,(株)フィットクルー,東証GRT,"1,421",-18,-1.25,"3,000",2026/08/03
1394,1394,5125,(株)ファインズ,東証GRT,474,-6,-1.25,"5,800",2026/08/03
1395,1395,7038,フロンティア・マネジメント(株),東証PRM,552,-7,-1.25,"11,400",2026/08/03
1396,1396,7291,日本プラスト(株),東証STD,475,-6,-1.25,"23,800",2026/08/03
1397,1397,7599,(株)ＩＤＯＭ,東証PRM,"1,268",-16,-1.25,"1,221,200",2026/08/03
1398,1398,8835,太平洋興発(株),東証STD,790,-10,-1.25,"26,500",2026/08/03
1399,1399,177A,コージンバイオ(株),東証GRT,875,-11,-1.24,200,2026/08/03
1400,1400,2477,手間いらず(株),東証STD,"2,382",-30,-1.24,"8,500",2026/08/03
1401,1401,2607,不二製油(株),東証PRM,"3,915",-49,-1.24,"244,900",2026/08/03
1402,1402,2638,GX ロボティクス＆AI-日本株式,東証ETF,"2,631",-33,-1.24,"77,989",2026/08/03
1403,1403,3665,(株)エニグモ,東証PRM,398,-5,-1.24,"181,700",2026/08/03
1404,1404,4671,(株)ファルコホールディングス,東証STD,"2,618",-33,-1.24,"13,900",2026/08/03
1405,1405,473A,ニッセイ ETF 日経225インデックス,東証ETF,"1,279",-16,-1.24,"49,108",2026/08/03
1406,1406,5942,日本フイルコン(株),東証STD,639,-8,-1.24,"35,300",2026/08/03
1407,1407,7551,(株)ウェッズ,東証STD,717,-9,-1.24,"6,600",2026/08/03
1408,1408,8979,スターツプロシード投資法人,東証,"182,500","-2,300",-1.24,729,2026/08/03
1409,1409,1770,藤田エンジニアリング(株),東証STD,"2,010",-25,-1.23,"1,600",2026/08/03
1410,1410,1952,新日本空調(株),東証PRM,"3,200",-40,-1.23,"178,600",2026/08/03
1411,1411,2301,(株)学情,東証PRM,"1,602",-20,-1.23,"79,900",2026/08/03
1412,1412,7294,(株)ヨロズ,東証PRM,886,-11,-1.23,"49,400",2026/08/03
1413,1413,7482,(株)シモジマ,東証PRM,"1,360",-17,-1.23,"31,100",2026/08/03
1414,1414,8985,ジャパン・ホテル・リート投資法人,東証,"80,400","-1,000",-1.23,"16,432",2026/08/03
1415,1415,2762,(株)ＳＡＮＫＯ　ＭＡＲＫＥＴＩＮＧ　ＦＯＯＤＳ,東証STD,81,-1,-1.22,"175,800",2026/08/03
1416,1416,3645,(株)メディカルネット,東証GRT,243,-3,-1.22,"8,900",2026/08/03
1417,1417,4631,ＤＩＣ(株),東証PRM,"4,370",-54,-1.22,"464,100",2026/08/03
1418,1418,5955,(株)ワイズホールディングス,東証STD,81,-1,-1.22,"1,434,900",2026/08/03
1419,1419,8088,岩谷産業(株),東証PRM,"2,026.5",-25,-1.22,"765,400",2026/08/03
1420,1420,9031,西日本鉄道(株),東証PRM,"3,084",-38,-1.22,"276,700",2026/08/03
1421,1421,9364,(株)上組,東証PRM,"5,116",-63,-1.22,"390,200",2026/08/03
1422,1422,3295,ヒューリックリート投資法人,東証,"155,600","-1,900",-1.21,"6,279",2026/08/03
1423,1423,3880,大王製紙(株),東証PRM,980,-12,-1.21,"262,100",2026/08/03
1424,1424,4375,セーフィー(株),東証GRT,655,-8,-1.21,"112,400",2026/08/03
1425,1425,6539,(株)ＭＳ－Ｊａｐａｎ,東証PRM,979,-12,-1.21,"36,600",2026/08/03
1426,1426,9252,(株)ラストワンマイル,東証GRT,"3,685",-45,-1.21,"7,200",2026/08/03
1427,1427,3167,(株)ＴＯＫＡＩホールディングス,東証PRM,"1,148",-14,-1.2,"300,100",2026/08/03
1428,1428,328A,GX プライシングパワー・リーダーズ-日本株式,東証ETF,"1,320",-16,-1.2,"13,317",2026/08/03
1429,1429,3467,アグレ都市デザイン(株),東証STD,"2,720",-33,-1.2,"9,400",2026/08/03
1430,1430,3671,ソフトマックス(株),東証STD,330,-4,-1.2,"44,300",2026/08/03
1431,1431,4366,ダイトーケミックス(株),東証STD,410,-5,-1.2,"37,300",2026/08/03
1432,1432,4845,(株)スカラ,東証STD,330,-4,-1.2,"58,400",2026/08/03
1433,1433,5273,三谷セキサン(株),東証STD,"1,886",-23,-1.2,"44,500",2026/08/03
1434,1434,5590,(株)ネットスターズ,東証GRT,660,-8,-1.2,"114,100",2026/08/03
1435,1435,6823,リオン(株),東証PRM,"3,290",-40,-1.2,"69,900",2026/08/03
1436,1436,7044,(株)ピアラ,東証STD,493,-6,-1.2,"2,900",2026/08/03
1437,1437,7442,中山福(株),東証STD,492,-6,-1.2,"17,100",2026/08/03
1438,1438,7571,(株)ヤマノホールディングス,東証STD,82,-1,-1.2,"178,500",2026/08/03
1439,1439,1801,大成建設(株),東証PRM,"12,910",-155,-1.19,"626,200",2026/08/03
1440,1440,2564,GX MSCIスーパーディビィデンド-日本株式,東証ETF,"3,499",-42,-1.19,"117,293",2026/08/03
1441,1441,3279,アクティビア・プロパティーズ投資法人,東証,"141,200","-1,700",-1.19,"8,242",2026/08/03
1442,1442,3287,星野リゾート・リート投資法人,東証,"241,100","-2,900",-1.19,"1,961",2026/08/03
1443,1443,3346,ヒロタグループホールディングス(株),名証NXT,83,-1,-1.19,"7,800",2026/08/03
1444,1444,3454,ファーストブラザーズ(株),東証STD,"1,250",-15,-1.19,"5,800",2026/08/03
1445,1445,4479,(株)マクアケ,東証GRT,831,-10,-1.19,"41,600",2026/08/03
1446,1446,545A,(株)トランヴィア,東証PRM,917,-11,-1.19,"47,700",2026/08/03
1447,1447,5959,岡部(株),東証PRM,910,-11,-1.19,"170,100",2026/08/03
1448,1448,6264,(株)マルマエ,東証PRM,"1,995",-24,-1.19,"638,000",2026/08/03
1449,1449,7367,(株)セルム,東証STD,331,-4,-1.19,"1,700",2026/08/03
1450,1450,7458,(株)第一興商,東証PRM,"1,789",-21.5,-1.19,"265,100",2026/08/03
1451,1451,7601,(株)ポプラ,東証STD,166,-2,-1.19,"11,600",2026/08/03
1452,1452,7730,マニー(株),東証PRM,"1,494",-18,-1.19,"476,300",2026/08/03
1453,1453,8113,ユニ・チャーム(株),東証PRM,994.5,-12,-1.19,"5,199,400",2026/08/03
1454,1454,9306,東陽倉庫(株),東証STD,"1,991",-24,-1.19,"6,700",2026/08/03
1455,1455,4503,アステラス製薬(株),東証PRM,"2,176",-26,-1.18,"7,373,300",2026/08/03
1456,1456,534A,NZAM 上場投信 NASDAQ100(H無),東証ETF,"2,346",-28,-1.18,374,2026/08/03
1457,1457,5973,(株)トーアミ,東証STD,584,-7,-1.18,600,2026/08/03
1458,1458,7611,(株)ハイデイ日高,東証PRM,"2,846",-34,-1.18,"217,900",2026/08/03
1459,1459,7775,大研医器(株),東証STD,420,-5,-1.18,"20,900",2026/08/03
1460,1460,7849,スターツ出版(株),東証STD,"3,355",-40,-1.18,900,2026/08/03
1461,1461,9256,(株)サクシード,東証GRT,"1,260",-15,-1.18,"403,800",2026/08/03
1462,1462,1474,One ETF JPX日経400,東証ETF,"36,200",-430,-1.17,"1,125",2026/08/03
1463,1463,2931,(株)ユーグレナ,東証PRM,337,-4,-1.17,"567,500",2026/08/03
1464,1464,3150,(株)グリムス,東証PRM,"2,544",-30,-1.17,"41,000",2026/08/03
1465,1465,417A,(株)ブルーゾーンホールディングス,東証PRM,"1,767.5",-21,-1.17,"310,500",2026/08/03
1466,1466,4246,ダイキョーニシカワ(株),東証PRM,"1,018",-12,-1.17,"348,500",2026/08/03
1467,1467,4430,東海ソフト(株),東証STD,"1,603",-19,-1.17,"23,800",2026/08/03
1468,1468,4495,(株)アイキューブドシステムズ,東証GRT,"1,943",-23,-1.17,"1,900",2026/08/03
1469,1469,7974,任天堂(株),東証PRM,"7,589",-90,-1.17,"8,268,900",2026/08/03
1470,1470,8066,三谷商事(株),東証STD,"2,863",-34,-1.17,"5,200",2026/08/03
1471,1471,1475,iシェアーズ・コア TOPIX ETF,東証ETF,410.4,-4.8,-1.16,"13,654,110",2026/08/03
1472,1472,1593,MAXIS JPX日経インデックス400上場投信,東証ETF,"36,790",-430,-1.16,"3,517",2026/08/03
1473,1473,2305,(株)スタジオアリス,東証STD,"1,959",-23,-1.16,"29,400",2026/08/03
1474,1474,3401,帝人(株),東証PRM,"1,618",-19,-1.16,"1,200,100",2026/08/03
1475,1475,3623,ビリングシステム(株),東証GRT,"1,023",-12,-1.16,"17,000",2026/08/03
1476,1476,3984,(株)ユーザーローカル,東証PRM,"1,795",-21,-1.16,"62,300",2026/08/03
1477,1477,4666,パーク２４(株),東証PRM,"1,952",-23,-1.16,"1,072,900",2026/08/03
1478,1478,5753,日本伸銅(株),東証STD,"2,385",-28,-1.16,300,2026/08/03
1479,1479,9605,東映(株),東証PRM,"5,970",-70,-1.16,"95,500",2026/08/03
1480,1480,3107,ダイワボウホールディングス(株),東証PRM,"3,535",-41,-1.15,"271,600",2026/08/03
1481,1481,3269,アドバンス・レジデンス投資法人,東証,"146,200","-1,700",-1.15,"10,421",2026/08/03
1482,1482,6822,大井電気(株),東証STD,"4,745",-55,-1.15,"10,000",2026/08/03
1483,1483,7060,ギークス(株),東証STD,600,-7,-1.15,"11,100",2026/08/03
1484,1484,7297,(株)カーメイト,東証STD,860,-10,-1.15,"2,300",2026/08/03
1485,1485,7649,スギホールディングス(株),東証PRM,"2,790",-32.5,-1.15,"941,500",2026/08/03
1486,1486,7932,(株)ニッピ,東証STD,"12,020",-140,-1.15,"6,900",2026/08/03
1487,1487,9994,(株)やまや,東証STD,"2,061",-24,-1.15,"13,200",2026/08/03
1488,1488,1930,北陸電気工事(株),東証PRM,"1,468",-17,-1.14,"155,600",2026/08/03
1489,1489,238A,iシェアーズ 米国債25年超 ロングデュレーション(H有),東証ETF,121.4,-1.4,-1.14,"378,750",2026/08/03
1490,1490,2525,NZAM 上場投信 日経225,東証ETF,"64,450",-740,-1.14,"10,877",2026/08/03
1491,1491,5288,アジアパイルホールディングス(株),東証PRM,"1,472",-17,-1.14,"205,100",2026/08/03
1492,1492,569A,iシェアーズ プラチナ,東証ETF,164.1,-1.9,-1.14,"7,080",2026/08/03
1493,1493,7271,(株)安永,東証STD,951,-11,-1.14,"36,700",2026/08/03
1494,1494,9212,Ｇｒｅｅｎ　Ｅａｒｔｈ　Ｉｎｓｔｉｔｕｔｅ(株),東証GRT,260,-3,-1.14,"38,800",2026/08/03
1495,1495,178A,GX 革新的優良企業,東証ETF,"1,576",-18,-1.13,"10,559",2026/08/03
1496,1496,2004,昭和産業(株),東証PRM,"3,510",-40,-1.13,"64,400",2026/08/03
1497,1497,2264,森永乳業(株),東証PRM,"1,177.5",-13.5,-1.13,"1,562,700",2026/08/03
1498,1498,231A,Ｃｒｏｓｓ　Ｅホールディングス(株),福岡Q,"1,054",-12,-1.13,400,2026/08/03
1499,1499,2555,東証REIT ETF,東証ETF,"1,879",-21.5,-1.13,"47,890",2026/08/03
1500,1500,4783,ＮＣＤ(株),東証STD,"2,460",-28,-1.13,"6,900",2026/08/03
1501,1501,5869,(株)早稲田学習研究会,東証STD,"1,221",-14,-1.13,"9,300",2026/08/03
1502,1502,5998,(株)アドバネクス,東証STD,"2,614",-30,-1.13,"6,000",2026/08/03
1503,1503,7640,(株)トップカルチャー,東証STD,175,-2,-1.13,"5,600",2026/08/03
1504,1504,9250,(株)ＧＲＣＳ,東証GRT,877,-10,-1.13,600,2026/08/03
1505,1505,1329,iシェアーズ・コア 日経225ETF,東証ETF,"6,635",-75,-1.12,"751,077",2026/08/03
1506,1506,2625,iFreeETF TOPIX(年4回決算型),東証ETF,"3,969",-45,-1.12,"30,269",2026/08/03
1507,1507,3787,(株)テクノマセマティカル,東証STD,265,-3,-1.12,"5,300",2026/08/03
1508,1508,3844,コムチュア(株),東証PRM,"1,414",-16,-1.12,"228,100",2026/08/03
1509,1509,520A,ジェイファーマ(株),東証GRT,266,-3,-1.12,"21,700",2026/08/03
1510,1510,5923,高田機工(株),東証STD,"1,149",-13,-1.12,600,2026/08/03
1511,1511,6035,(株)アイ・アールジャパンホールディングス,東証STD,707,-8,-1.12,"46,100",2026/08/03
1512,1512,6800,(株)ヨコオ,東証PRM,"3,990",-45,-1.12,"201,600",2026/08/03
1513,1513,1621,(NEXT FUNDS)医薬品上場投信,東証ETF,"28,865",-325,-1.11,"2,660",2026/08/03
1514,1514,2244,GX US テック・トップ20,東証ETF,"3,380",-38,-1.11,"123,108",2026/08/03
1515,1515,5333,ＮＧＫ(株),東証PRM,"5,532",-62,-1.11,"2,430,100",2026/08/03
1516,1516,6050,イー・ガーディアン(株),東証PRM,"1,698",-19,-1.11,"29,400",2026/08/03
1517,1517,6103,オークマ(株),東証PRM,"4,890",-55,-1.11,"629,100",2026/08/03
1518,1518,7811,中本パックス(株),東証STD,"1,875",-21,-1.11,"27,500",2026/08/03
1519,1519,9101,日本郵船(株),東証PRM,"6,042",-68,-1.11,"3,756,300",2026/08/03
1520,1520,9216,ビーウィズ(株),東証PRM,"1,598",-18,-1.11,"24,700",2026/08/03
1521,1521,1870,矢作建設工業(株),東証PRM,"1,887",-21,-1.1,"154,700",2026/08/03
1522,1522,2804,ブルドックソース(株),東証PRM,"1,797",-20,-1.1,"22,500",2026/08/03
1523,1523,286A,(株)ユカリア,東証GRT,811,-9,-1.1,"8,800",2026/08/03
1524,1524,3166,ＯＣＨＩホールディングス(株),東証STD,"1,436",-16,-1.1,"2,300",2026/08/03
1525,1525,316A,iFreeETF FANG+,東証ETF,"2,522",-28,-1.1,"168,197",2026/08/03
1526,1526,3662,(株)エイチームホールディングス,東証PRM,900,-10,-1.1,"293,400",2026/08/03
1527,1527,3934,(株)ベネフィットジャパン,東証STD,"2,160",-24,-1.1,"3,500",2026/08/03
1528,1528,609A,GX 総合商社&資源ビジネス-日本株式,東証ETF,989,-11,-1.1,"14,155",2026/08/03
1529,1529,6369,トーヨーカネツ(株),東証PRM,"2,419",-27,-1.1,"88,700",2026/08/03
1530,1530,8255,アクシアル　リテイリング(株),東証PRM,"1,254",-14,-1.1,"252,100",2026/08/03
1531,1531,8928,穴吹興産(株),東証STD,"2,248",-25,-1.1,"8,100",2026/08/03
1532,1532,2175,(株)エス・エム・エス,東証PRM,"2,183",-24,-1.09,"685,000",2026/08/03
1533,1533,2831,はごろもフーズ(株),東証STD,"3,640",-40,-1.09,"1,400",2026/08/03
1534,1534,3031,(株)ラクーンホールディングス,東証PRM,635,-7,-1.09,"80,500",2026/08/03
1535,1535,4641,(株)アルプス技研,東証PRM,816,-9,-1.09,"131,200",2026/08/03
1536,1536,611A,One ETF 日本国債27-30年,東証ETF,996,-11,-1.09,"1,100",2026/08/03
1537,1537,6474,(株)不二越,東証PRM,"5,420",-60,-1.09,"128,000",2026/08/03
1538,1538,6504,富士電機(株),東証PRM,"14,130",-155,-1.09,"1,937,300",2026/08/03
1539,1539,7409,ＡｅｒｏＥｄｇｅ(株),東証GRT,"1,547",-17,-1.09,"142,500",2026/08/03
1540,1540,8418,(株)山口フィナンシャルグループ,東証PRM,"2,943.5",-32.5,-1.09,"507,500",2026/08/03
1541,1541,8742,(株)小林洋行,東証STD,544,-6,-1.09,"2,200",2026/08/03
1542,1542,8771,イー・ギャランティ(株),東証PRM,"1,822",-20,-1.09,"130,700",2026/08/03
1543,1543,9009,京成電鉄(株),東証PRM,"1,265.5",-14,-1.09,"2,749,600",2026/08/03
1544,1544,3053,(株)ペッパーフードサービス,東証STD,184,-2,-1.08,"225,700",2026/08/03
1545,1545,3566,ユニフォームネクスト(株),東証GRT,828,-9,-1.08,"25,100",2026/08/03
1546,1546,3910,(株)エムケイシステム,東証STD,275,-3,-1.08,700,2026/08/03
1547,1547,3955,(株)イムラ,東証STD,825,-9,-1.08,"2,000",2026/08/03
1548,1548,4053,(株)Ｓｕｎ　Ａｓｔｅｒｉｓｋ,東証PRM,456,-5,-1.08,"80,000",2026/08/03
1549,1549,412A,(NEXT FUNDS) 台湾イノベイティブ・テクノロジー50,東証ETF,"4,027",-44,-1.08,"6,574",2026/08/03
1550,1550,4221,大倉工業(株),東証PRM,"5,490",-60,-1.08,"84,900",2026/08/03
1551,1551,4633,サカタインクス(株),東証PRM,"2,473",-27,-1.08,"180,000",2026/08/03
1552,1552,5586,(株)Ｌａｂｏｒｏ．ＡＩ,東証GRT,825,-9,-1.08,"19,400",2026/08/03
1553,1553,5660,神鋼鋼線工業(株),東証STD,"1,922",-21,-1.08,"30,100",2026/08/03
1554,1554,7247,(株)ミクニ,東証STD,366,-4,-1.08,"36,800",2026/08/03
1555,1555,7353,ＫＩＹＯラーニング(株),東証GRT,552,-6,-1.08,"10,500",2026/08/03
1556,1556,9327,(株)イー・ロジット,東証STD,183,-2,-1.08,"2,100",2026/08/03
1557,1557,9759,(株)ＮＳＤ,東証PRM,"2,802",-30.5,-1.08,"336,700",2026/08/03
1558,1558,1321,(NEXT FUNDS)日経225連動型上場投信,東証ETF,"65,850",-710,-1.07,"267,374",2026/08/03
1559,1559,1332,(株)ニッスイ,東証PRM,"1,248.5",-13.5,-1.07,"1,283,000",2026/08/03
1560,1560,1578,上場インデックスファンド日経225(ミニ),東証ETF,"5,080",-55,-1.07,"6,307",2026/08/03
1561,1561,1591,(NEXT FUNDS) JPX日経インデックス400,東証ETF,"35,940",-390,-1.07,"1,805",2026/08/03
1562,1562,208A,(株)構造計画研究所ホールディングス,東証STD,"2,871",-31,-1.07,"4,200",2026/08/03
1563,1563,2639,GX バイオ＆メドテック-日本株式,東証ETF,"1,657",-18,-1.07,869,2026/08/03
1564,1564,3292,イオンリート投資法人,東証,"120,600","-1,300",-1.07,"6,992",2026/08/03
1565,1565,3457,(株)Ａｎｄ　Ｄｏホールディングス,東証PRM,926,-10,-1.07,"82,300",2026/08/03
1566,1566,4208,ＵＢＥ(株),東証PRM,"3,149",-34,-1.07,"1,256,100",2026/08/03
1567,1567,4635,東京インキ(株),東証STD,"1,384",-15,-1.07,"23,100",2026/08/03
1568,1568,4691,ワシントンホテル(株),東証STD,"2,129",-23,-1.07,"30,000",2026/08/03
1569,1569,5932,三協立山(株),東証PRM,646,-7,-1.07,"102,700",2026/08/03
1570,1570,6143,(株)ソディック,東証PRM,"1,664",-18,-1.07,"448,100",2026/08/03
1571,1571,6405,鈴茂器工(株),東証STD,"1,017",-11,-1.07,"17,200",2026/08/03
1572,1572,6915,千代田インテグレ(株),東証STD,"3,225",-35,-1.07,"10,300",2026/08/03
1573,1573,7296,(株)エフ・シー・シー,東証PRM,"3,700",-40,-1.07,"136,800",2026/08/03
1574,1574,2593,(株)伊藤園,東証PRM,"2,952.5",-31.5,-1.06,"413,600",2026/08/03
1575,1575,2624,iFreeETF 日経225(年4回決算型),東証ETF,"6,420",-69,-1.06,"113,489",2026/08/03
1576,1576,4681,リゾートトラスト(株),東証PRM,"1,770.5",-19,-1.06,"407,900",2026/08/03
1577,1577,4828,ビジネスエンジニアリング(株),東証PRM,"1,210",-13,-1.06,"89,700",2026/08/03
1578,1578,6070,キャリアリンク(株),東証PRM,"2,340",-25,-1.06,"33,400",2026/08/03
1579,1579,7847,(株)グラファイトデザイン,東証STD,652,-7,-1.06,"4,200",2026/08/03
1580,1580,8968,福岡リート投資法人,東証,"177,000","-1,900",-1.06,"2,308",2026/08/03
1581,1581,9930,北沢産業(株),東証STD,374,-4,-1.06,600,2026/08/03
1582,1582,1382,(株)ホーブ,東証STD,940,-10,-1.05,"3,000",2026/08/03
1583,1583,2117,ウェルネオシュガー(株),東証PRM,"2,736",-29,-1.05,"37,400",2026/08/03
1584,1584,2664,(株)カワチ薬品,東証PRM,"3,290",-35,-1.05,"82,200",2026/08/03
1585,1585,354A,iFreeETF ブルームバーグ日本株高配当50指数,東証ETF,"3,216",-34,-1.05,"93,513",2026/08/03
1586,1586,4023,(株)クレハ,東証PRM,"4,245",-45,-1.05,"348,800",2026/08/03
1587,1587,4212,積水樹脂(株),東証PRM,"2,920",-31,-1.05,"122,600",2026/08/03
1588,1588,4222,児玉化学工業(株),東証STD,566,-6,-1.05,"200,900",2026/08/03
1589,1589,5587,(株)インバウンドプラットフォーム,東証GRT,945,-10,-1.05,"4,800",2026/08/03
1590,1590,5902,ホッカンホールディングス(株),東証PRM,"2,361",-25,-1.05,"25,000",2026/08/03
1591,1591,5911,(株)横河ブリッジホールディングス,東証PRM,"2,929",-31,-1.05,"181,200",2026/08/03
1592,1592,6167,冨士ダイス(株),東証PRM,943,-10,-1.05,"59,100",2026/08/03
1593,1593,6623,愛知電機(株),名証PRM,"9,400",-100,-1.05,"12,900",2026/08/03
1594,1594,7412,(株)アトム,東証STD,377,-4,-1.05,"354,200",2026/08/03
1595,1595,7936,(株)アシックス,東証PRM,"4,704",-50,-1.05,"2,804,300",2026/08/03
1596,1596,7951,ヤマハ(株),東証PRM,"1,230.5",-13,-1.05,"2,738,400",2026/08/03
1597,1597,8559,(株)豊和銀行,福証,471,-5,-1.05,"4,600",2026/08/03
1598,1598,8898,(株)センチュリー２１・ジャパン,東証STD,"1,129",-12,-1.05,"26,900",2026/08/03
1599,1599,9034,南総通運(株),東証STD,"1,603",-17,-1.05,"2,700",2026/08/03
1600,1600,9980,ＭＲＫホールディングス(株),東証STD,94,-1,-1.05,"49,700",2026/08/03
1601,1601,3543,(株)コメダホールディングス,東証PRM,"2,860",-30,-1.04,"308,200",2026/08/03
1602,1602,4552,ＪＣＲファーマ(株),東証PRM,474,-5,-1.04,"729,500",2026/08/03
1603,1603,4577,ダイト(株),東証PRM,"1,240",-13,-1.04,"106,900",2026/08/03
1604,1604,4931,新日本製薬(株),東証PRM,"2,001",-21,-1.04,"30,500",2026/08/03
1605,1605,6326,(株)クボタ,東証PRM,"2,717",-28.5,-1.04,"3,741,400",2026/08/03
1606,1606,6745,ホーチキ(株),東証PRM,"1,910",-20,-1.04,"236,000",2026/08/03
1607,1607,7460,(株)ヤギ,東証STD,"1,804",-19,-1.04,"70,200",2026/08/03
1608,1608,7987,ナカバヤシ(株),東証STD,573,-6,-1.04,"46,700",2026/08/03
1609,1609,8237,(株)松屋,東証PRM,"1,900",-20,-1.04,"263,100",2026/08/03
1610,1610,9622,(株)スペース,東証PRM,"1,434",-15,-1.04,"43,100",2026/08/03
1611,1611,1375,ユキグニファクトリー(株),東証PRM,"1,154",-12,-1.03,"56,000",2026/08/03
1612,1612,1397,SMDAM 日経225上場投信,東証ETF,"64,400",-670,-1.03,"2,202",2026/08/03
1613,1613,1693,WisdomTree 銅上場投信,東証ETF,"8,900",-93,-1.03,"5,110",2026/08/03
1614,1614,3501,ＳＵＭＩＮＯＥ(株),東証PRM,"1,151",-12,-1.03,"19,900",2026/08/03
1615,1615,4206,アイカ工業(株),東証PRM,"3,649",-38,-1.03,"233,700",2026/08/03
1616,1616,483A,テラテクノロジー(株),東証STD,"2,201",-23,-1.03,600,2026/08/03
1617,1617,6803,ティアック(株),東証STD,96,-1,-1.03,"243,600",2026/08/03
1618,1618,9081,神奈川中央交通(株),東証PRM,"3,830",-40,-1.03,"16,400",2026/08/03
1619,1619,1320,iFreeETF 日経225(年1回決算型),東証ETF,"65,760",-680,-1.02,"32,832",2026/08/03
1620,1620,254A,ＡＩフュージョンキャピタルグループ(株),東証STD,"1,164",-12,-1.02,"51,900",2026/08/03
1621,1621,2871,(株)ニチレイ,東証PRM,"2,181",-22.5,-1.02,"1,423,700",2026/08/03
1622,1622,5965,(株)フジマック,東証STD,"1,162",-12,-1.02,"11,700",2026/08/03
1623,1623,6089,(株)ウィルグループ,東証PRM,"1,072",-11,-1.02,"43,600",2026/08/03
1624,1624,7187,ジェイリース(株),東証PRM,"1,357",-14,-1.02,"95,000",2026/08/03
1625,1625,8086,ニプロ(株),東証PRM,"1,608.5",-16.5,-1.02,"662,500",2026/08/03
1626,1626,8203,(株)ＭｒＭａｘＨＤ,東証PRM,777,-8,-1.02,"56,500",2026/08/03
1627,1627,9782,(株)ディーエムエス,東証STD,"3,385",-35,-1.02,"56,800",2026/08/03
1628,1628,1348,MAXIS トピックス上場投信,東証ETF,"4,107",-42,-1.01,"146,320",2026/08/03
1629,1629,1369,One ETF 日経225,東証ETF,"64,000",-650,-1.01,"14,080",2026/08/03
1630,1630,1799,第一建設工業(株),東証STD,"3,415",-35,-1.01,"12,100",2026/08/03
1631,1631,2922,(株)なとり,東証PRM,"1,951",-20,-1.01,"20,400",2026/08/03
1632,1632,3939,(株)カナミックネットワーク,東証PRM,491,-5,-1.01,"169,900",2026/08/03
1633,1633,526A,JPXスタートアップ急成長100ETF,東証ETF,"2,049",-21,-1.01,425,2026/08/03
1634,1634,5947,リンナイ(株),東証PRM,"3,544",-36,-1.01,"297,300",2026/08/03
1635,1635,6420,ガリレイホールディングス(株),東証PRM,"3,420",-35,-1.01,"60,500",2026/08/03
1636,1636,2046,NEXT NOTES インドNifty･ダブル・ブル ETN,東証ETF,"25,245",-255,-1.0,322,2026/08/03
1637,1637,2573,北海道コカ・コーラボトリング(株),東証STD,"3,965",-40,-1.0,"15,500",2026/08/03
1638,1638,3077,ホリイフードサービス(株),東証STD,890,-9,-1.0,"15,000",2026/08/03
1639,1639,3132,マクニカホールディングス(株),東証PRM,"3,262",-33,-1.0,"920,600",2026/08/03
1640,1640,3135,(株)マーケットエンタープライズ,東証STD,"1,085",-11,-1.0,"5,800",2026/08/03
1641,1641,376A,(NEXT FUNDS)ブルームバーグ米国国債(7-10年)(75%H有),東証ETF,"4,866",-49,-1.0,"21,030",2026/08/03
1642,1642,4559,ゼリア新薬工業(株),東証PRM,"2,069",-21,-1.0,"106,300",2026/08/03
1643,1643,5076,インフロニア・ホールディングス(株),東証PRM,"2,571",-26,-1.0,"1,777,300",2026/08/03
1644,1644,5711,三菱マテリアル(株),東証PRM,"4,151",-42,-1.0,"1,167,500",2026/08/03
1645,1645,6254,野村マイクロ・サイエンス(株),東証PRM,"3,970",-40,-1.0,"997,300",2026/08/03
1646,1646,7242,カヤバ(株),東証PRM,"4,475",-45,-1.0,"115,500",2026/08/03
1647,1647,7979,(株)松風,東証PRM,"2,088",-21,-1.0,"98,700",2026/08/03
1648,1648,130A,(株)Ｖｅｒｉｔａｓ　Ｉｎ　Ｓｉｌｉｃｏ,東証GRT,402,-4,-0.99,"364,100",2026/08/03
1649,1649,1620,(NEXT FUNDS)素材･化学上場投信,東証ETF,"36,070",-360,-0.99,500,2026/08/03
1650,1650,1663,Ｋ＆Ｏエナジーグループ(株),東証PRM,"1,805",-18,-0.99,"227,500",2026/08/03
1651,1651,3242,(株)アーバネットコーポレーション,東証STD,498,-5,-0.99,"100,400",2026/08/03
1652,1652,4076,(株)シイエヌエス,東証GRT,"1,800",-18,-0.99,"4,700",2026/08/03
1653,1653,4404,ミヨシ油脂(株),東証STD,"1,896",-19,-0.99,"19,800",2026/08/03
1654,1654,4998,フマキラー(株),東証STD,"1,205",-12,-0.99,"21,300",2026/08/03
1655,1655,6145,ＮＩＴＴＯＫＵ(株),東証STD,"2,594",-26,-0.99,"90,800",2026/08/03
1656,1656,6466,(株)ＴＶＥ,東証STD,"4,015",-40,-0.99,"6,500",2026/08/03
1657,1657,1473,One ETF トピックス,東証ETF,"4,042",-40,-0.98,"62,250",2026/08/03
1658,1658,1981,(株)協和日成,東証STD,"1,320",-13,-0.98,"2,800",2026/08/03
1659,1659,2415,ヒューマンホールディングス(株),東証STD,"1,614",-16,-0.98,"4,800",2026/08/03
1660,1660,2676,高千穂交易(株),東証PRM,"2,026",-20,-0.98,"21,500",2026/08/03
1661,1661,3486,(株)グローバル・リンク・マネジメント,東証PRM,"1,914",-19,-0.98,"33,200",2026/08/03
1662,1662,4218,ニチバン(株),東証PRM,"1,928",-19,-0.98,"32,500",2026/08/03
1663,1663,7235,東京ラヂエーター製造(株),東証STD,"1,516",-15,-0.98,"51,600",2026/08/03
1664,1664,7266,(株)今仙電機製作所,東証STD,907,-9,-0.98,"56,000",2026/08/03
1665,1665,7554,(株)幸楽苑,東証PRM,"1,115",-11,-0.98,"78,200",2026/08/03
1666,1666,7850,総合商研(株),東証STD,805,-8,-0.98,"3,600",2026/08/03
1667,1667,7938,(株)リーガルコーポレーション,東証STD,"2,222",-22,-0.98,400,2026/08/03
1668,1668,8960,ユナイテッド・アーバン投資法人,東証,"161,300","-1,600",-0.98,"10,260",2026/08/03
1669,1669,9264,ポエック(株),東証STD,"1,716",-17,-0.98,"23,200",2026/08/03
1670,1670,1982,日比谷総合設備(株),東証PRM,"2,758",-27,-0.97,"132,100",2026/08/03
1671,1671,3071,(株)ストリーム,東証STD,102,-1,-0.97,"10,700",2026/08/03
1672,1672,4662,(株)フォーカスシステムズ,東証PRM,"1,731",-17,-0.97,"35,600",2026/08/03
1673,1673,5232,住友大阪セメント(株),東証PRM,"5,402",-53,-0.97,"332,600",2026/08/03
1674,1674,7723,愛知時計電機(株),東証PRM,"2,770",-27,-0.97,"102,200",2026/08/03
1675,1675,8591,オリックス(株),東証PRM,"6,348",-62,-0.97,"3,641,200",2026/08/03
1676,1676,9366,(株)サンリツ,東証STD,"1,016",-10,-0.97,"1,800",2026/08/03
1677,1677,1719,安藤ハザマ,東証PRM,"1,807",-17.5,-0.96,"816,200",2026/08/03
1678,1678,2433,(株)博報堂ＤＹホールディングス,東証PRM,"1,290",-12.5,-0.96,"778,900",2026/08/03
1679,1679,2483,(株)翻訳センター,東証STD,"2,277",-22,-0.96,"1,800",2026/08/03
1680,1680,2497,ユナイテッド(株),東証GRT,515,-5,-0.96,"26,400",2026/08/03
1681,1681,3945,スーパーバッグ(株),東証STD,"2,270",-22,-0.96,"1,100",2026/08/03
1682,1682,5757,(株)ＣＫサンエツ,東証PRM,"5,140",-50,-0.96,"6,900",2026/08/03
1683,1683,585A,日本バリュー・ボトムアップ株式投資戦略,東証ETF,"1,036",-10,-0.96,"1,913",2026/08/03
1684,1684,6592,マブチモーター(株),東証PRM,"1,649",-16,-0.96,"1,098,500",2026/08/03
1685,1685,9006,京浜急行電鉄(株),東証PRM,"1,542",-15,-0.96,"1,278,000",2026/08/03
1686,1686,1654,iFreeETF FTSE JPX Blossom Japan Index,東証ETF,"3,143",-30,-0.95,"3,440",2026/08/03
1687,1687,3591,(株)ワコールホールディングス,東証PRM,"4,360",-42,-0.95,"95,500",2026/08/03
1688,1688,4403,日油(株),東証PRM,"2,762",-26.5,-0.95,"770,400",2026/08/03
1689,1689,4575,(株)キャンバス,東証GRT,730,-7,-0.95,"171,400",2026/08/03
1690,1690,4829,日本エンタープライズ(株),東証STD,104,-1,-0.95,"192,800",2026/08/03
1691,1691,575A,前澤ホールディングス(株),東証PRM,"1,778",-17,-0.95,"147,900",2026/08/03
1692,1692,5984,兼房(株),東証STD,728,-7,-0.95,"2,400",2026/08/03
1693,1693,6656,インスペック(株),東証STD,935,-9,-0.95,"66,400",2026/08/03
1694,1694,7747,朝日インテック(株),東証PRM,"3,559",-34,-0.95,"992,900",2026/08/03
1695,1695,8604,野村ホールディングス(株),東証PRM,"1,505.5",-14.5,-0.95,"12,762,100",2026/08/03
1696,1696,170A,SMT ETF日本好配当株アクティブ,東証ETF,"3,052",-29,-0.94,205,2026/08/03
1697,1697,2114,フジ日本(株),東証STD,630,-6,-0.94,"16,400",2026/08/03
1698,1698,3087,(株)ドトール・日レスホールディングス,東証PRM,"3,165",-30,-0.94,"158,900",2026/08/03
1699,1699,3683,(株)サイバーリンクス,東証STD,"1,050",-10,-0.94,"14,500",2026/08/03
1700,1700,5845,全保連(株),東証STD,"1,160",-11,-0.94,"59,400",2026/08/03
1701,1701,7167,(株)めぶきフィナンシャルグループ,東証PRM,"1,483",-14,-0.94,"2,527,300",2026/08/03
1702,1702,7607,(株)進和,東証PRM,"3,145",-30,-0.94,"34,700",2026/08/03
1703,1703,7871,フクビ化学工業(株),東証STD,947,-9,-0.94,"1,500",2026/08/03
1704,1704,3032,(株)ゴルフ・ドゥ,名証NXT,320,-3,-0.93,"7,300",2026/08/03
1705,1705,3691,(株)デジタルプラス,東証GRT,"1,496",-14,-0.93,"6,100",2026/08/03
1706,1706,4021,日産化学(株),東証PRM,"7,433",-70,-0.93,"693,200",2026/08/03
1707,1707,4166,かっこ(株),東証GRT,636,-6,-0.93,"8,000",2026/08/03
1708,1708,4884,クリングルファーマ(株),東証GRT,321,-3,-0.93,"35,500",2026/08/03
1709,1709,4886,あすか製薬ホールディングス(株),東証PRM,"2,131",-20,-0.93,"119,200",2026/08/03
1710,1710,5031,モイ(株),東証GRT,319,-3,-0.93,"14,000",2026/08/03
1711,1711,9193,東京汽船(株),東証STD,856,-8,-0.93,"6,700",2026/08/03
1712,1712,1494,One ETF 高配当日本株,東証ETF,"43,190",-400,-0.92,"2,282",2026/08/03
1713,1713,218A,(株)Ｌｉｂｅｒａｗａｒｅ,東証GRT,"1,072",-10,-0.92,"125,900",2026/08/03
1714,1714,2742,(株)ハローズ,東証PRM,"3,790",-35,-0.92,"45,300",2026/08/03
1715,1715,297A,アルピコホールディングス(株),東証STD,215,-2,-0.92,"15,000",2026/08/03
1716,1716,3397,(株)トリドールホールディングス,東証PRM,"4,305",-40,-0.92,"297,600",2026/08/03
1717,1717,4017,(株)クリーマ,東証GRT,215,-2,-0.92,"2,900",2026/08/03
1718,1718,5714,ＤＯＷＡホールディングス(株),東証PRM,"8,159",-76,-0.92,"452,100",2026/08/03
1719,1719,5938,(株)ＬＩＸＩＬ,東証PRM,"1,719",-16,-0.92,"4,137,600",2026/08/03
1720,1720,6662,(株)ユビテック,東証STD,216,-2,-0.92,"30,000",2026/08/03
1721,1721,6736,サン電子(株),東証STD,"9,670",-90,-0.92,"17,000",2026/08/03
1722,1722,8001,伊藤忠商事(株),東証PRM,"1,995.5",-18.5,-0.92,"16,013,900",2026/08/03
1723,1723,8035,東京エレクトロン(株),東証PRM,"54,990",-510,-0.92,"4,585,200",2026/08/03
1724,1724,8999,グランディハウス(株),東証PRM,537,-5,-0.92,"47,700",2026/08/03
1725,1725,1449,(株)ＦＵＪＩジャパン,札証,325,-3,-0.91,100,2026/08/03
1726,1726,1853,(株)森組,東証STD,328,-3,-0.91,"18,100",2026/08/03
1727,1727,211A,(株)カドス・コーポレーション,東証STD,"3,270",-30,-0.91,"19,300",2026/08/03
1728,1728,3472,日本ホテル＆レジデンシャル投資法人,東証,"65,000",-600,-0.91,999,2026/08/03
1729,1729,4912,ライオン(株),東証PRM,"1,692.5",-15.5,-0.91,"987,900",2026/08/03
1730,1730,6548,(株)旅工房,東証GRT,109,-1,-0.91,"53,600",2026/08/03
1731,1731,6951,日本電子(株),東証PRM,"8,148",-75,-0.91,"239,800",2026/08/03
1732,1732,7614,(株)オーエムツーネットワーク,東証STD,"1,530",-14,-0.91,"4,600",2026/08/03
1733,1733,7769,リズム(株),東証PRM,"3,830",-35,-0.91,"19,100",2026/08/03
1734,1734,9068,丸全昭和運輸(株),東証PRM,"7,650",-70,-0.91,"28,100",2026/08/03
1735,1735,1678,(NEXT FUNDS)インド株式指数上場投信,東証ETF,320.7,-2.9,-0.9,"522,290",2026/08/03
1736,1736,1893,五洋建設(株),東証PRM,"1,494.5",-13.5,-0.9,"1,795,100",2026/08/03
1737,1737,200A,(NEXT FUNDS) 日経半導体株指数連動型上場投信,東証ETF,"4,280",-39,-0.9,"9,189,476",2026/08/03
1738,1738,2393,(株)日本ケアサプライ,東証STD,"3,855",-35,-0.9,"11,200",2026/08/03
1739,1739,2438,(株)アスカネット,東証GRT,330,-3,-0.9,"25,400",2026/08/03
1740,1740,3387,(株)クリエイト・レストランツ・ホールディングス,東証PRM,772,-7,-0.9,"1,697,600",2026/08/03
1741,1741,338A,(株)ＺｅｎｍｕＴｅｃｈ,東証GRT,"2,081",-19,-0.9,"20,000",2026/08/03
1742,1742,3657,ポールトゥウィンホールディングス(株),東証PRM,330,-3,-0.9,"182,200",2026/08/03
1743,1743,4344,ソースネクスト(株),東証PRM,110,-1,-0.9,"535,900",2026/08/03
1744,1744,5208,(株)有沢製作所,東証PRM,"2,416",-22,-0.9,"252,400",2026/08/03
1745,1745,6235,(株)オプトラン,東証PRM,"2,978",-27,-0.9,"329,800",2026/08/03
1746,1746,7545,(株)西松屋チェーン,東証PRM,"1,973",-18,-0.9,"505,200",2026/08/03
1747,1747,8185,(株)チヨダ,東証PRM,989,-9,-0.9,"208,400",2026/08/03
1748,1748,8624,いちよし証券(株),東証PRM,"1,544",-14,-0.9,"165,500",2026/08/03
1749,1749,9274,ＫＰＰグループホールディングス(株),東証PRM,"1,100",-10,-0.9,"220,300",2026/08/03
1750,1750,1384,(株)ホクリヨウ,東証STD,"2,000",-18,-0.89,"23,700",2026/08/03
1751,1751,2932,(株)ＳＴＩフードホールディングス,東証STD,"1,108",-10,-0.89,"6,800",2026/08/03
1752,1752,3110,日東紡,東証PRM,"2,775",-25,-0.89,"4,326,800",2026/08/03
1753,1753,4058,トヨクモ(株),東証GRT,"2,334",-21,-0.89,"25,100",2026/08/03
1754,1754,7359,(株)東京通信グループ,東証GRT,222,-2,-0.89,"14,300",2026/08/03
1755,1755,7975,(株)リヒトラブ,東証STD,"1,110",-10,-0.89,"2,300",2026/08/03
1756,1756,8411,(株)みずほフィナンシャルグループ,東証PRM,"8,094",-73,-0.89,"10,847,200",2026/08/03
1757,1757,9221,フルハシＥＰＯ(株),東証STD,"1,231",-11,-0.89,"15,300",2026/08/03
1758,1758,9867,ソレキア(株),東証STD,"10,010",-90,-0.89,100,2026/08/03
1759,1759,228A,(株)オプロ,東証GRT,"1,574",-14,-0.88,"2,300",2026/08/03
1760,1760,3551,ダイニック(株),東証STD,"1,355",-12,-0.88,"31,800",2026/08/03
1761,1761,4199,ワンダープラネット(株),東証GRT,792,-7,-0.88,"9,700",2026/08/03
1762,1762,5131,リンカーズ(株),東証GRT,113,-1,-0.88,"13,400",2026/08/03
1763,1763,5527,(株)ｐｒｏｐｅｒｔｙ　ｔｅｃｈｎｏｌｏｇｉｅｓ,東証GRT,673,-6,-0.88,"16,500",2026/08/03
1764,1764,7865,ピープル(株),東証STD,336,-3,-0.88,"1,200",2026/08/03
1765,1765,7875,竹田ｉＰホールディングス(株),東証STD,785,-7,-0.88,"7,400",2026/08/03
1766,1766,8705,日産証券グループ(株),東証STD,224,-2,-0.88,"80,700",2026/08/03
1767,1767,244A,グロースエクスパートナーズ(株),東証GRT,"1,145",-10,-0.87,800,2026/08/03
1768,1768,7505,扶桑電通(株),東証STD,"2,169",-19,-0.87,"2,300",2026/08/03
1769,1769,7721,東京計器(株),東証PRM,"6,820",-60,-0.87,"224,400",2026/08/03
1770,1770,8217,(株)オークワ,東証PRM,800,-7,-0.87,"107,900",2026/08/03
1771,1771,8697,(株)日本取引所グループ,東証PRM,"2,173.5",-19,-0.87,"4,095,100",2026/08/03
1772,1772,9254,(株)ラバブルマーケティンググループ,東証GRT,"1,140",-10,-0.87,600,2026/08/03
1773,1773,9731,(株)白洋舍,東証STD,"3,405",-30,-0.87,"3,100",2026/08/03
1774,1774,1346,MAXIS 日経225上場投信,東証ETF,"65,970",-570,-0.86,"46,820",2026/08/03
1775,1775,277A,グロービング(株),東証PRM,"1,608",-14,-0.86,"104,700",2026/08/03
1776,1776,2811,カゴメ(株),東証PRM,"2,587.5",-22.5,-0.86,"541,800",2026/08/03
1777,1777,4202,(株)ダイセル,東証PRM,"1,438",-12.5,-0.86,"2,107,100",2026/08/03
1778,1778,4801,セントラルスポーツ(株),東証PRM,"2,410",-21,-0.86,"14,600",2026/08/03
1779,1779,6059,(株)ウチヤマホールディングス,東証STD,345,-3,-0.86,"3,100",2026/08/03
1780,1780,7421,カッパ・クリエイト(株),東証PRM,"1,614",-14,-0.86,"109,300",2026/08/03
1781,1781,2750,石光商事(株),東証STD,"1,278",-11,-0.85,"9,200",2026/08/03
1782,1782,3249,産業ファンド投資法人,東証,"140,100","-1,200",-0.85,"10,357",2026/08/03
1783,1783,3670,協立情報通信(株),名証MN,"1,740",-15,-0.85,100,2026/08/03
1784,1784,5010,日本精蝋(株),東証STD,234,-2,-0.85,"88,900",2026/08/03
1785,1785,5891,(株)ＳＡＫＩＧＡＫＥホールディングス,東証STD,"1,626",-14,-0.85,"3,700",2026/08/03
1786,1786,6775,(株)ＴＢグループ,東証STD,116,-1,-0.85,"52,600",2026/08/03
1787,1787,6836,ぷらっとホーム(株),東証STD,703,-6,-0.85,"16,900",2026/08/03
1788,1788,8160,(株)木曽路,東証PRM,"2,439",-21,-0.85,"123,600",2026/08/03
1789,1789,9388,(株)パパネッツ,福岡Q,818,-7,-0.85,"2,200",2026/08/03
1790,1790,1942,(株)関電工,東証PRM,"5,323",-45,-0.84,"1,732,200",2026/08/03
1791,1791,2612,かどや製油(株),東証STD,"1,771",-15,-0.84,"4,400",2026/08/03
1792,1792,261A,(株)日水コン,東証STD,"2,007",-17,-0.84,"21,100",2026/08/03
1793,1793,2792,(株)ハニーズホールディングス,東証PRM,"1,421",-12,-0.84,"54,500",2026/08/03
1794,1794,2930,(株)北の達人コーポレーション,東証PRM,118,-1,-0.84,"187,600",2026/08/03
1795,1795,4378,(株)ＣＩＮＣ,東証GRT,473,-4,-0.84,"9,400",2026/08/03
1796,1796,4922,(株)コーセーホールディングス,東証PRM,"5,637",-48,-0.84,"292,000",2026/08/03
1797,1797,4997,日本農薬(株),東証PRM,"1,068",-9,-0.84,"198,300",2026/08/03
1798,1798,6289,(株)技研製作所,東証PRM,"1,884",-16,-0.84,"48,600",2026/08/03
1799,1799,6676,(株)バッファロー,東証STD,"2,718",-23,-0.84,"56,100",2026/08/03
1800,1800,7280,(株)ミツバ,東証PRM,"1,187",-10,-0.84,"258,800",2026/08/03
1801,1801,4249,森六(株),東証PRM,"2,495",-21,-0.83,"20,000",2026/08/03
1802,1802,4462,石原ケミカル(株),東証PRM,"2,877",-24,-0.83,"64,700",2026/08/03
1803,1803,7981,タカラスタンダード(株),東証PRM,"2,995",-25,-0.83,"182,400",2026/08/03
1804,1804,8737,(株)あかつき本社,東証STD,597,-5,-0.83,"60,300",2026/08/03
1805,1805,3063,(株)ジェイグループホールディングス,東証GRT,"1,212",-10,-0.82,"37,600",2026/08/03
1806,1806,6551,(株)ツナググループ・ホールディングス,東証STD,605,-5,-0.82,"20,300",2026/08/03
1807,1807,6566,(株)要興業,東証STD,"1,328",-11,-0.82,"4,100",2026/08/03
1808,1808,6898,トミタ電機(株),東証STD,"3,650",-30,-0.82,"1,700",2026/08/03
1809,1809,8282,(株)ケーズホールディングス,東証PRM,"1,871",-15.5,-0.82,"613,800",2026/08/03
1810,1810,9037,(株)ハマキョウレックス,東証PRM,"1,820",-15,-0.82,"190,000",2026/08/03
1811,1811,9227,マイクロ波化学(株),東証GRT,850,-7,-0.82,"173,600",2026/08/03
1812,1812,162A,AIセレクトメガトレンド日本株(ネットリターン)ETN,東証ETF,"17,180",-140,-0.81,913,2026/08/03
1813,1813,2971,エスコンジャパンリート投資法人,東証,"110,900",-900,-0.81,"1,393",2026/08/03
1814,1814,3611,(株)マツオカコーポレーション,東証STD,"2,443",-20,-0.81,"32,000",2026/08/03
1815,1815,3758,(株)アエリア,東証STD,246,-2,-0.81,"10,700",2026/08/03
1816,1816,3896,阿波製紙(株),東証STD,368,-3,-0.81,"12,400",2026/08/03
1817,1817,6351,(株)鶴見製作所,東証PRM,"2,209",-18,-0.81,"65,600",2026/08/03
1818,1818,8118,(株)キング,東証STD,"1,229",-10,-0.81,"2,000",2026/08/03
1819,1819,9218,(株)メンタルヘルステクノロジーズ,東証GRT,735,-6,-0.81,"21,500",2026/08/03
1820,1820,1433,ベステラ(株),東証PRM,"1,119",-9,-0.8,"31,800",2026/08/03
1821,1821,3377,(株)バイク王＆カンパニー,東証STD,370,-3,-0.8,"13,600",2026/08/03
1822,1822,4527,ロート製薬(株),東証PRM,"2,369.5",-19,-0.8,"1,316,300",2026/08/03
1823,1823,4536,参天製薬(株),東証PRM,"1,869",-15,-0.8,"1,050,400",2026/08/03
1824,1824,5388,クニミネ工業(株),東証STD,"1,234",-10,-0.8,"7,500",2026/08/03
1825,1825,5940,不二サッシ(株),東証STD,741,-6,-0.8,"26,300",2026/08/03
1826,1826,5943,(株)ノーリツ,東証PRM,"2,356",-19,-0.8,"109,300",2026/08/03
1827,1827,6918,(株)アバールデータ,東証STD,"3,095",-25,-0.8,"47,500",2026/08/03
1828,1828,8511,日本証券金融(株),東証PRM,"2,369",-19,-0.8,"322,400",2026/08/03
1829,1829,9887,(株)松屋フーズホールディングス,東証PRM,"4,970",-40,-0.8,"92,000",2026/08/03
1830,1830,2218,日糧製パン(株),札証,"2,143",-17,-0.79,"1,200",2026/08/03
1831,1831,2462,ライク(株),東証PRM,"1,509",-12,-0.79,"34,800",2026/08/03
1832,1832,3096,(株)オーシャンシステム,東証STD,"1,634",-13,-0.79,"2,500",2026/08/03
1833,1833,3202,ダイトウボウ(株),東証STD,126,-1,-0.79,"182,400",2026/08/03
1834,1834,3563,(株)ＦＯＯＤ　＆　ＬＩＦＥ　ＣＯＭＰＡＮＩＥＳ,東証PRM,"5,515",-44,-0.79,"1,240,900",2026/08/03
1835,1835,399A,上場インデックスファンド日経平均高配当株50,東証ETF,"2,265",-18,-0.79,"54,063",2026/08/03
1836,1836,4324,(株)電通グループ,東証PRM,"3,517",-28,-0.79,"1,346,600",2026/08/03
1837,1837,4424,(株)Ａｍａｚｉａ,東証GRT,376,-3,-0.79,"666,900",2026/08/03
1838,1838,4439,(株)東名,東証STD,753,-6,-0.79,"8,100",2026/08/03
1839,1839,578A,GX シルバー (H有),東証ETF,225,-1.8,-0.79,"16,540",2026/08/03
1840,1840,6495,(株)宮入バルブ製作所,東証STD,125,-1,-0.79,"53,800",2026/08/03
1841,1841,6998,日本タングステン(株),東証STD,"1,889",-15,-0.79,"18,700",2026/08/03
1842,1842,7485,岡谷鋼機(株),名証PRM,"5,030",-40,-0.79,"1,800",2026/08/03
1843,1843,7827,(株)オービス,東証STD,"1,637",-13,-0.79,"1,600",2026/08/03
1844,1844,7896,セブン工業(株),東証STD,505,-4,-0.79,"1,800",2026/08/03
1845,1845,8015,豊田通商(株),東証PRM,"6,669",-53,-0.79,"3,437,900",2026/08/03
1846,1846,9359,伊勢湾海運(株),名証MN,"1,000",-8,-0.79,"1,700",2026/08/03
1847,1847,1866,北野建設(株),東証STD,"1,140",-9,-0.78,"15,100",2026/08/03
1848,1848,5187,クリエートメディック(株),東証STD,"1,140",-9,-0.78,"1,400",2026/08/03
1849,1849,6150,タケダ機械(株),東証STD,"2,785",-22,-0.78,600,2026/08/03
1850,1850,7272,ヤマハ発動機(株),東証PRM,"1,332.5",-10.5,-0.78,"6,108,200",2026/08/03
1851,1851,7487,小津産業(株),東証STD,"1,775",-14,-0.78,"4,400",2026/08/03
1852,1852,9837,モリト(株),東証PRM,"1,789",-14,-0.78,"70,200",2026/08/03
1853,1853,9990,(株)サックスバー　ホールディングス,東証PRM,767,-6,-0.78,"51,400",2026/08/03
1854,1854,219A,Ｈｅａｒｔｓｅｅｄ(株),東証GRT,"1,670",-13,-0.77,"98,900",2026/08/03
1855,1855,2240,上場インデックスファンドS&P500先物インバース,東証ETF,"5,393",-42,-0.77,73,2026/08/03
1856,1856,3028,(株)アルペン,東証PRM,"2,199",-17,-0.77,"97,600",2026/08/03
1857,1857,4642,オリジナル設計(株),東証STD,"1,410",-11,-0.77,"22,100",2026/08/03
1858,1858,6155,高松機械工業(株),東証STD,515,-4,-0.77,900,2026/08/03
1859,1859,6257,(株)藤商事,東証STD,"1,025",-8,-0.77,"17,400",2026/08/03
1860,1860,7122,近畿車輛(株),東証STD,"2,325",-18,-0.77,400,2026/08/03
1861,1861,8014,蝶理(株),東証PRM,"3,875",-30,-0.77,"47,400",2026/08/03
1862,1862,8393,(株)宮崎銀行,東証PRM,"2,321",-18,-0.77,"274,800",2026/08/03
1863,1863,9248,人・夢・技術グループ(株),東証STD,"1,553",-12,-0.77,"14,900",2026/08/03
1864,1864,9262,(株)シルバーライフ,東証STD,641,-5,-0.77,"37,700",2026/08/03
1865,1865,3536,アクサスホールディングス(株),東証STD,130,-1,-0.76,"30,600",2026/08/03
1866,1866,5816,オーナンバ(株),東証STD,"1,567",-12,-0.76,"33,000",2026/08/03
1867,1867,5957,日東精工(株),東証PRM,779,-6,-0.76,"100,600",2026/08/03
1868,1868,6279,(株)瑞光,東証PRM,910,-7,-0.76,"20,900",2026/08/03
1869,1869,7740,(株)タムロン,東証PRM,"1,427",-11,-0.76,"1,572,400",2026/08/03
1870,1870,8789,フィンテック　グローバル(株),東証STD,131,-1,-0.76,"888,900",2026/08/03
1871,1871,8987,ジャパンエクセレント投資法人,東証,"143,000","-1,100",-0.76,"4,115",2026/08/03
1872,1872,9702,(株)アイ・エス・ビー,東証PRM,"2,344",-18,-0.76,"56,600",2026/08/03
1873,1873,9735,セコム(株),東証PRM,"6,830",-52,-0.76,"1,432,300",2026/08/03
1874,1874,9780,(株)ハリマビステム,東証STD,909,-7,-0.76,"3,200",2026/08/03
1875,1875,2736,フェスタリアホールディングス(株),東証STD,663,-5,-0.75,"5,100",2026/08/03
1876,1876,3002,グンゼ(株),東証PRM,"3,990",-30,-0.75,"183,600",2026/08/03
1877,1877,3632,グリーホールディングス(株),東証PRM,399,-3,-0.75,"456,000",2026/08/03
1878,1878,3979,(株)うるる,東証GRT,398,-3,-0.75,"44,400",2026/08/03
1879,1879,4205,日本ゼオン(株),東証PRM,"2,244",-17,-0.75,"1,255,400",2026/08/03
1880,1880,4379,(株)Ｐｈｏｔｏｓｙｎｔｈ,東証GRT,398,-3,-0.75,"15,900",2026/08/03
1881,1881,4554,富士製薬工業(株),東証PRM,"1,847",-14,-0.75,"99,500",2026/08/03
1882,1882,6482,ＹＵＳＨＩＮ(株),東証STD,663,-5,-0.75,"58,100",2026/08/03
1883,1883,7561,(株)ハークスレイホールディングス,東証STD,660,-5,-0.75,"14,700",2026/08/03
1884,1884,7636,(株)ハンズマン,東証STD,798,-6,-0.75,"16,600",2026/08/03
1885,1885,8129,東邦ホールディングス(株),東証PRM,"3,984",-30,-0.75,"158,100",2026/08/03
1886,1886,8179,ロイヤルホールディングス(株),東証PRM,"1,320",-10,-0.75,"332,700",2026/08/03
1887,1887,9539,京葉瓦斯(株),東証STD,"1,447",-11,-0.75,"1,000",2026/08/03
1888,1888,1674,WisdomTree 白金上場投信,東証ETF,"23,515",-175,-0.74,448,2026/08/03
1889,1889,179A,GX 超長期米国債 (H有),東証ETF,242.8,-1.8,-0.74,"40,500",2026/08/03
1890,1890,2153,Ｅ・Ｊホールディングス(株),東証PRM,"1,732",-13,-0.74,"53,600",2026/08/03
1891,1891,2304,(株)ＣＳＳホールディングス,東証STD,935,-7,-0.74,"2,100",2026/08/03
1892,1892,2815,アリアケジャパン(株),東証PRM,"5,330",-40,-0.74,"116,900",2026/08/03
1893,1893,3446,(株)ジェイテックコーポレーション,東証STD,"1,478",-11,-0.74,"15,100",2026/08/03
1894,1894,4168,(株)ヤプリ,東証GRT,806,-6,-0.74,"71,200",2026/08/03
1895,1895,6013,(株)タクマ,東証PRM,"3,365",-25,-0.74,"172,700",2026/08/03
1896,1896,6069,トレンダーズ(株),東証GRT,667,-5,-0.74,"20,900",2026/08/03
1897,1897,7567,(株)栄電子,東証STD,537,-4,-0.74,"10,000",2026/08/03
1898,1898,8142,(株)トーホー,東証PRM,"1,345",-10,-0.74,"152,700",2026/08/03
1899,1899,8848,(株)レオパレス２１,東証PRM,672,-5,-0.74,"976,800",2026/08/03
1900,1900,1450,ＴＡＮＡＫＥＮ(株),東証STD,"1,499",-11,-0.73,"8,100",2026/08/03
1901,1901,3143,オーウイル(株),東証STD,683,-5,-0.73,"1,700",2026/08/03
1902,1902,3302,帝国繊維(株),東証PRM,"3,395",-25,-0.73,"57,700",2026/08/03
1903,1903,4251,恵和(株),東証PRM,"1,227",-9,-0.73,"58,500",2026/08/03
1904,1904,7752,(株)リコー,東証PRM,"1,568",-11.5,-0.73,"2,124,100",2026/08/03
1905,1905,9733,(株)ナガセ,東証STD,"2,322",-17,-0.73,"21,600",2026/08/03
1906,1906,9766,コナミグループ(株),東証PRM,"20,490",-150,-0.73,"578,100",2026/08/03
1907,1907,2558,MAXIS 米国株式(S&P500)上場投信,東証ETF,"3,426",-25,-0.72,"339,583",2026/08/03
1908,1908,2929,(株)ファーマフーズ,東証PRM,554,-4,-0.72,"134,200",2026/08/03
1909,1909,4301,(株)アミューズ,東証PRM,"1,938",-14,-0.72,"22,200",2026/08/03
1910,1910,5451,(株)ヨドコウ,東証PRM,"1,375",-10,-0.72,"237,000",2026/08/03
1911,1911,6558,クックビズ(株),東証GRT,688,-5,-0.72,200,2026/08/03
1912,1912,7516,コーナン商事(株),東証PRM,"4,165",-30,-0.72,"94,000",2026/08/03
1913,1913,8070,東京産業(株),東証PRM,824,-6,-0.72,"61,000",2026/08/03
1914,1914,9558,ジャパニアス(株),東証GRT,"1,938",-14,-0.72,"4,000",2026/08/03
1915,1915,9850,(株)グルメ杵屋,東証PRM,971,-7,-0.72,"32,400",2026/08/03
1916,1916,9972,アルテック(株),東証STD,276,-2,-0.72,"3,700",2026/08/03
1917,1917,4540,(株)ツムラ,東証PRM,"3,790",-27,-0.71,"477,800",2026/08/03
1918,1918,476A,辻・本郷ＩＴコンサルティング(株),東証STD,"1,540",-11,-0.71,900,2026/08/03
1919,1919,7126,グローバルスタイル(株),東証STD,"1,399",-10,-0.71,"2,600",2026/08/03
1920,1920,7416,(株)はるやまホールディングス,東証STD,698,-5,-0.71,"1,700",2026/08/03
1921,1921,8698,マネックスグループ(株),東証PRM,700,-5,-0.71,"2,629,700",2026/08/03
1922,1922,1945,(株)東京エネシス,東証PRM,"1,980",-14,-0.7,"144,400",2026/08/03
1923,1923,2708,(株)久世,東証STD,"1,996",-14,-0.7,800,2026/08/03
1924,1924,4192,スパイダープラス(株),東証GRT,285,-2,-0.7,"85,400",2026/08/03
1925,1925,4256,(株)サインド,東証GRT,993,-7,-0.7,"1,600",2026/08/03
1926,1926,6246,(株)テクノスマート,東証STD,"1,853",-13,-0.7,"11,000",2026/08/03
1927,1927,7628,(株)オーハシテクニカ,東証PRM,"1,143",-8,-0.7,"35,300",2026/08/03
1928,1928,9419,(株)ワイヤレスゲート,東証STD,285,-2,-0.7,"39,100",2026/08/03
1929,1929,9830,トラスコ中山(株),東証PRM,"2,398",-17,-0.7,"143,700",2026/08/03
1930,1930,9861,(株)吉野家ホールディングス,東証PRM,"3,816",-27,-0.7,"703,700",2026/08/03
1931,1931,2632,MAXIS ナスダック100上場投信(H有),東証ETF,"17,370",-120,-0.69,"51,483",2026/08/03
1932,1932,2916,仙波糖化工業(株),東証STD,719,-5,-0.69,"3,600",2026/08/03
1933,1933,3452,(株)ビーロット,東証STD,"1,446",-10,-0.69,"69,500",2026/08/03
1934,1934,6484,(株)ＫＶＫ,東証STD,"2,306",-16,-0.69,"1,700",2026/08/03
1935,1935,7065,ユーピーアール(株),東証STD,"1,001",-7,-0.69,"13,900",2026/08/03
1936,1936,8030,中央魚類(株),東証STD,"3,615",-25,-0.69,"3,300",2026/08/03
1937,1937,9285,東京インフラ・エネルギー投資法人,東証,"43,150",-300,-0.69,823,2026/08/03
1938,1938,9991,ジェコス(株),東証PRM,"1,734",-12,-0.69,"90,500",2026/08/03
1939,1939,1815,鉄建建設(株),東証PRM,"4,370",-30,-0.68,"129,900",2026/08/03
1940,1940,2924,イフジ産業(株),東証STD,"2,050",-14,-0.68,"7,700",2026/08/03
1941,1941,3134,Ｈａｍｅｅ(株),東証STD,290,-2,-0.68,"46,200",2026/08/03
1942,1942,3548,(株)バロックジャパンリミテッド,東証PRM,731,-5,-0.68,"69,600",2026/08/03
1943,1943,3796,(株)いい生活,東証STD,293,-2,-0.68,"6,200",2026/08/03
1944,1944,3951,朝日印刷(株),東証STD,878,-6,-0.68,"14,500",2026/08/03
1945,1945,4584,キッズウェル・バイオ(株),東証GRT,146,-1,-0.68,"218,700",2026/08/03
1946,1946,479A,ＰＲＯＮＩ(株),東証GRT,"1,322",-9,-0.68,"19,800",2026/08/03
1947,1947,5357,(株)ヨータイ,東証PRM,"1,744",-12,-0.68,"49,000",2026/08/03
1948,1948,7196,(株)Ｃａｓａ,東証STD,735,-5,-0.68,"33,900",2026/08/03
1949,1949,7810,(株)クロスフォー,東証STD,146,-1,-0.68,"54,000",2026/08/03
1950,1950,7994,(株)オカムラ,東証PRM,"2,324",-16,-0.68,"319,300",2026/08/03
1951,1951,9716,(株)乃村工藝社,東証PRM,"1,164",-8,-0.68,"385,900",2026/08/03
1952,1952,9820,エムティジェネックス(株),東証STD,"3,675",-25,-0.68,400,2026/08/03
1953,1953,2238,iFreeETF S&P500インバース,東証ETF,"5,338",-36,-0.67,"9,086",2026/08/03
1954,1954,2681,(株)ゲオホールディングス,東証PRM,"2,076",-14,-0.67,"137,600",2026/08/03
1955,1955,3034,クオールホールディングス(株),東証PRM,"2,080",-14,-0.67,"145,800",2026/08/03
1956,1956,3093,(株)トレジャー・ファクトリー,東証PRM,"2,081",-14,-0.67,"112,400",2026/08/03
1957,1957,3524,日東製網(株),東証STD,"1,474",-10,-0.67,700,2026/08/03
1958,1958,4031,片倉コープアグリ(株),東証STD,"1,036",-7,-0.67,"22,600",2026/08/03
1959,1959,4599,(株)ステムリム,東証GRT,296,-2,-0.67,"142,100",2026/08/03
1960,1960,6460,セガサミーホールディングス(株),東証PRM,"2,730",-18.5,-0.67,"1,134,400",2026/08/03
1961,1961,6861,(株)キーエンス,東証PRM,"80,610",-540,-0.67,"744,000",2026/08/03
1962,1962,7192,日本モーゲージサービス(株),東証STD,597,-4,-0.67,"28,900",2026/08/03
1963,1963,7685,(株)ＢｕｙＳｅｌｌ　Ｔｅｃｈｎｏｌｏｇｉｅｓ,東証GRT,"2,952",-20,-0.67,"238,600",2026/08/03
1964,1964,9903,(株)カンセキ,東証STD,883,-6,-0.67,"2,600",2026/08/03
1965,1965,1301,(株)極洋,東証PRM,"4,510",-30,-0.66,"120,800",2026/08/03
1966,1966,2138,クルーズ(株),東証STD,455,-3,-0.66,"10,200",2026/08/03
1967,1967,4477,ＢＡＳＥ(株),東証GRT,303,-2,-0.66,"524,900",2026/08/03
1968,1968,4572,カルナバイオサイエンス(株),東証GRT,303,-2,-0.66,"101,200",2026/08/03
1969,1969,4680,(株)ラウンドワン,東証PRM,"1,208",-8,-0.66,"2,520,900",2026/08/03
1970,1970,4735,(株)京進,東証STD,301,-2,-0.66,"2,400",2026/08/03
1971,1971,6073,(株)アサンテ,東証PRM,"1,503",-10,-0.66,"14,700",2026/08/03
1972,1972,6272,レオン自動機(株),東証PRM,"1,509",-10,-0.66,"79,100",2026/08/03
1973,1973,7239,(株)タチエス,東証PRM,"2,247",-15,-0.66,"108,000",2026/08/03
1974,1974,8167,(株)リテールパートナーズ,東証PRM,"1,362",-9,-0.66,"143,200",2026/08/03
1975,1975,9041,近鉄グループホールディングス(株),東証PRM,"3,441",-23,-0.66,"658,500",2026/08/03
1976,1976,4919,(株)ミルボン,東証PRM,"2,763",-18,-0.65,"185,400",2026/08/03
1977,1977,5570,(株)ジェノバ,東証GRT,608,-4,-0.65,"6,200",2026/08/03
1978,1978,6622,(株)ダイヘン,東証PRM,"13,700",-90,-0.65,"370,600",2026/08/03
1979,1979,6706,電気興業(株),東証PRM,"3,065",-20,-0.65,"28,300",2026/08/03
1980,1980,6982,(株)リード,東証STD,610,-4,-0.65,500,2026/08/03
1981,1981,1493,One ETF JPX日経中小型,東証ETF,"24,970",-160,-0.64,"1,132",2026/08/03
1982,1982,2747,北雄ラッキー(株),東証STD,"3,125",-20,-0.64,"1,100",2026/08/03
1983,1983,3490,(株)アズ企画設計,東証STD,"3,100",-20,-0.64,"1,400",2026/08/03
1984,1984,365A,伊澤タオル(株),東証STD,780,-5,-0.64,"69,800",2026/08/03
1985,1985,3773,(株)アドバンスト・メディア,東証GRT,"1,087",-7,-0.64,"26,900",2026/08/03
1986,1986,4956,コニシ(株),東証PRM,"1,405",-9,-0.64,"137,900",2026/08/03
1987,1987,7916,光村印刷(株),東証STD,"1,853",-12,-0.64,"6,600",2026/08/03
1988,1988,8060,キヤノンマーケティングジャパン(株),東証PRM,"3,579",-23,-0.64,"390,600",2026/08/03
1989,1989,8119,(株)三栄コーポレーション,東証STD,776,-5,-0.64,"5,300",2026/08/03
1990,1990,8281,ゼビオホールディングス(株),東証PRM,"1,089",-7,-0.64,"104,200",2026/08/03
1991,1991,8729,ソニーフィナンシャルグループ(株),東証PRM,155.3,-1,-0.64,"47,193,100",2026/08/03
1992,1992,9286,エネクス・インフラ投資法人,東証,"46,800",-300,-0.64,"1,838",2026/08/03
1993,1993,9827,リリカラ(株),東証STD,624,-4,-0.64,"10,600",2026/08/03
1994,1994,2485,(株)ティア,東証STD,471,-3,-0.63,"26,300",2026/08/03
1995,1995,3970,(株)イノベーション,東証STD,792,-5,-0.63,100,2026/08/03
1996,1996,3983,(株)オロ,東証PRM,"2,199",-14,-0.63,"39,600",2026/08/03
1997,1997,5885,(株)ジーデップ・アドバンス,東証STD,"2,687",-17,-0.63,"20,100",2026/08/03
1998,1998,6788,(株)日本トリム,東証PRM,"4,735",-30,-0.63,"14,900",2026/08/03
1999,1999,6853,(株)共和電業,東証STD,790,-5,-0.63,"29,900",2026/08/03
2000,2000,7581,(株)サイゼリヤ,東証PRM,"7,830",-50,-0.63,"664,900",2026/08/03
2001,2001,7965,象印マホービン(株),東証PRM,"1,431",-9,-0.63,"255,200",2026/08/03
2002,2002,8008,４℃ホールディングス,東証PRM,"2,058",-13,-0.63,"95,000",2026/08/03
2003,2003,9312,ケイヒン(株),東証STD,"2,825",-18,-0.63,"13,100",2026/08/03
2004,2004,9404,日本テレビホールディングス(株),東証PRM,"2,897.5",-18.5,-0.63,"836,100",2026/08/03
2005,2005,9543,静岡ガス(株),東証PRM,"1,253",-8,-0.63,"244,900",2026/08/03
2006,2006,9723,(株)京都ホテル,東証STD,635,-4,-0.63,"2,400",2026/08/03
2007,2007,1771,日本乾溜工業(株),福証,959,-6,-0.62,"3,700",2026/08/03
2008,2008,2060,フィード・ワン(株),東証PRM,"1,276",-8,-0.62,"105,100",2026/08/03
2009,2009,2090,NZAM 上場投信 米国国債7-10年(H有),東証ETF,"4,310",-27,-0.62,"5,675",2026/08/03
2010,2010,2341,(株)アルバイトタイムス,東証STD,161,-1,-0.62,"15,800",2026/08/03
2011,2011,2585,(株)ライフドリンクカンパニー,東証PRM,"1,437",-9,-0.62,"484,500",2026/08/03
2012,2012,2970,ＧＬＣ　ＧＲＯＵＰ(株),東証STD,962,-6,-0.62,"9,300",2026/08/03
2013,2013,3933,チエル(株),東証STD,483,-3,-0.62,"3,300",2026/08/03
2014,2014,4018,(株)Ｇｅｏｌｏｃａｔｉｏｎ　Ｔｅｃｈｎｏｌｏｇｙ,福岡Q,964,-6,-0.62,"1,300",2026/08/03
2015,2015,4078,堺化学工業(株),東証PRM,"3,995",-25,-0.62,"272,500",2026/08/03
2016,2016,5982,(株)マルゼン,東証STD,"4,035",-25,-0.62,"5,200",2026/08/03
2017,2017,6022,(株)赤阪鐵工所,東証STD,"2,569",-16,-0.62,"1,200",2026/08/03
2018,2018,6571,キュービーネットホールディングス(株),東証PRM,"1,282",-8,-0.62,"18,600",2026/08/03
2019,2019,6737,ＥＩＺＯ(株),東証PRM,"2,878",-18,-0.62,"349,900",2026/08/03
2020,2020,6888,アクモス(株),東証STD,479,-3,-0.62,"6,100",2026/08/03
2021,2021,7036,(株)イーエムネットジャパン,東証GRT,645,-4,-0.62,900,2026/08/03
2022,2022,7532,(株)パン・パシフィック・インターナショナルホールディングス,東証PRM,896.6,-5.6,-0.62,"7,666,700",2026/08/03
2023,2023,7911,ＴＯＰＰＡＮホールディングス(株),東証PRM,"4,499",-28,-0.62,"1,575,700",2026/08/03
2024,2024,8359,(株)八十二長野銀行,東証PRM,"2,492.5",-15.5,-0.62,"1,768,400",2026/08/03
2025,2025,9010,富士急行(株),東証PRM,"2,728",-17,-0.62,"181,200",2026/08/03
2026,2026,9433,ＫＤＤＩ(株),東証PRM,"2,903",-18,-0.62,"9,797,200",2026/08/03
2027,2027,4072,(株)電算システムホールディングス,東証PRM,"2,915",-18,-0.61,"27,900",2026/08/03
2028,2028,4198,(株)テンダ,東証STD,491,-3,-0.61,"5,500",2026/08/03
2029,2029,4728,(株)トーセ,東証STD,649,-4,-0.61,"3,400",2026/08/03
2030,2030,5184,(株)ニチリン,東証STD,"4,090",-25,-0.61,"14,400",2026/08/03
2031,2031,7040,(株)サン・ライフホールディング,東証STD,975,-6,-0.61,"1,200",2026/08/03
2032,2032,7081,コーユーレンティア(株),東証STD,"1,310",-8,-0.61,"1,400",2026/08/03
2033,2033,9163,(株)ナレルグループ,東証GRT,"2,297",-14,-0.61,"19,200",2026/08/03
2034,2034,9249,日本エコシステム(株),東証STD,"1,621",-10,-0.61,"3,600",2026/08/03
2035,2035,9531,東京ガス(株),東証PRM,"6,181",-38,-0.61,"1,207,700",2026/08/03
2036,2036,9755,応用地質(株),東証PRM,"2,773",-17,-0.61,"62,500",2026/08/03
2037,2037,1518,三井松島ホールディングス(株),東証PRM,"2,312",-14,-0.6,"776,200",2026/08/03
2038,2038,2017,iFreeETF JPXプライム150,東証ETF,"1,487",-9,-0.6,"259,808",2026/08/03
2039,2039,335A,(株)ミライロ,東証GRT,332,-2,-0.6,"5,300",2026/08/03
2040,2040,3646,(株)駅探,東証STD,334,-2,-0.6,"12,000",2026/08/03
2041,2041,4838,スペースシャワーＳＫＩＹＡＫＩホールディングス(株),東証STD,658,-4,-0.6,"43,100",2026/08/03
2042,2042,4911,(株)資生堂,東証PRM,"3,135",-19,-0.6,"2,886,300",2026/08/03
2043,2043,5015,ビーピー・カストロール(株),東証STD,993,-6,-0.6,"20,700",2026/08/03
2044,2044,2201,森永製菓(株),東証PRM,"2,625.5",-15.5,-0.59,"337,200",2026/08/03
2045,2045,3744,サイオス(株),東証STD,508,-3,-0.59,"30,500",2026/08/03
2046,2046,4014,(株)カラダノート,東証GRT,505,-3,-0.59,"7,000",2026/08/03
2047,2047,464A,(株)ＱＰＳホールディングス,東証GRT,"1,528",-9,-0.59,"1,013,700",2026/08/03
2048,2048,4951,エステー(株),東証PRM,"1,505",-9,-0.59,"35,700",2026/08/03
2049,2049,6728,(株)アルバック,東証PRM,"8,597",-51,-0.59,"582,200",2026/08/03
2050,2050,7931,未来工業(株),東証PRM,"3,380",-20,-0.59,"26,000",2026/08/03
2051,2051,153A,(株)カウリス,東証GRT,"1,210",-7,-0.58,"21,000",2026/08/03
2052,2052,1724,シンクレイヤ(株),東証STD,685,-4,-0.58,"4,900",2026/08/03
2053,2053,2907,(株)あじかん,東証STD,"1,545",-9,-0.58,"6,700",2026/08/03
2054,2054,3963,(株)シンクロ・フード,東証PRM,340,-2,-0.58,"37,100",2026/08/03
2055,2055,4704,トレンドマイクロ(株),東証PRM,"6,304",-37,-0.58,"633,400",2026/08/03
2056,2056,6074,(株)ジェイエスエス,東証STD,513,-3,-0.58,"1,500",2026/08/03
2057,2057,6086,シンメンテホールディングス(株),東証GRT,"1,037",-6,-0.58,"7,000",2026/08/03
2058,2058,6193,バーチャレクス・ホールディングス(株),東証GRT,"1,026",-6,-0.58,"2,900",2026/08/03
2059,2059,8040,(株)東京ソワール,東証STD,"1,033",-6,-0.58,"2,300",2026/08/03
2060,2060,9416,(株)ビジョン,東証PRM,"1,027",-6,-0.58,"273,800",2026/08/03
2061,2061,9446,(株)サカイホールディングス,東証STD,683,-4,-0.58,900,2026/08/03
2062,2062,147A,(株)ソラコム,東証GRT,"1,048",-6,-0.57,"32,700",2026/08/03
2063,2063,183A,MAXIS 米国国債20年超上場投信(H有),東証ETF,433.3,-2.5,-0.57,50,2026/08/03
2064,2064,1852,(株)淺沼組,東証PRM,866,-5,-0.57,"523,700",2026/08/03
2065,2065,195A,(株)ＭＵＳＣＡＴ　ＧＲＯＵＰ,東証GRT,695,-4,-0.57,"44,200",2026/08/03
2066,2066,3440,日創グループ(株),東証STD,875,-5,-0.57,"30,500",2026/08/03
2067,2067,4248,竹本容器(株),東証STD,874,-5,-0.57,"16,800",2026/08/03
2068,2068,4390,(株)アイ・ピー・エス,東証PRM,"3,465",-20,-0.57,"62,300",2026/08/03
2069,2069,4967,小林製薬(株),東証PRM,"5,556",-32,-0.57,"213,300",2026/08/03
2070,2070,7366,(株)ＬＩＴＡＬＩＣＯ,東証PRM,"1,582",-9,-0.57,"185,000",2026/08/03
2071,2071,7983,(株)ミロク,東証STD,"1,050",-6,-0.57,700,2026/08/03
2072,2072,8053,住友商事(株),東証PRM,"1,660.5",-9.5,-0.57,"16,927,700",2026/08/03
2073,2073,8544,(株)京葉銀行,東証PRM,"2,635",-15,-0.57,"725,000",2026/08/03
2074,2074,9330,(株)揚羽,東証GRT,870,-5,-0.57,"1,000",2026/08/03
2075,2075,1446,(株)キャンディル,東証STD,536,-3,-0.56,"3,000",2026/08/03
2076,2076,1793,(株)大本組,東証STD,"1,959",-11,-0.56,"2,200",2026/08/03
2077,2077,2722,(株)ＩＫホールディングス,東証STD,357,-2,-0.56,"4,000",2026/08/03
2078,2078,3181,(株)買取王国,東証STD,"1,061",-6,-0.56,"5,100",2026/08/03
2079,2079,3195,(株)ジェネレーションパス,東証STD,532,-3,-0.56,"13,300",2026/08/03
2080,2080,323A,(株)フライヤー,東証GRT,357,-2,-0.56,"12,300",2026/08/03
2081,2081,3248,(株)アールエイジ,東証STD,889,-5,-0.56,"1,400",2026/08/03
2082,2082,3597,(株)自重堂,東証STD,"8,930",-50,-0.56,"5,000",2026/08/03
2083,2083,544A,ＧＭＳグループ(株),東証PRM,355,-2,-0.56,"263,600",2026/08/03
2084,2084,7525,リックス(株),東証PRM,"3,575",-20,-0.56,"18,500",2026/08/03
2085,2085,1491,中外鉱業(株),東証STD,725,-4,-0.55,"18,400",2026/08/03
2086,2086,2009,鳥越製粉(株),東証STD,"1,076",-6,-0.55,"26,300",2026/08/03
2087,2087,2837,GX 中小型リーダーズ-日本株式,東証ETF,"4,669",-26,-0.55,"38,347",2026/08/03
2088,2088,4493,(株)サイバーセキュリティクラウド,東証GRT,"1,811",-10,-0.55,"63,500",2026/08/03
2089,2089,5530,日本システムバンク(株),名証MN,"1,076",-6,-0.55,"2,600",2026/08/03
2090,2090,5632,三菱製鋼(株),東証PRM,"2,168",-12,-0.55,"90,900",2026/08/03
2091,2091,580A,GX 銅ビジネス,東証ETF,896,-5,-0.55,"3,222",2026/08/03
2092,2092,6092,(株)エンバイオ・ホールディングス,東証STD,725,-4,-0.55,"9,900",2026/08/03
2093,2093,6380,オリエンタルチエン工業(株),東証STD,"3,635",-20,-0.55,"7,500",2026/08/03
2094,2094,7524,マルシェ(株),東証STD,181,-1,-0.55,"26,800",2026/08/03
2095,2095,1885,東亜建設工業(株),東証PRM,"2,025",-11,-0.54,"352,800",2026/08/03
2096,2096,2146,ＵＴグループ(株),東証PRM,183,-1,-0.54,"6,389,900",2026/08/03
2097,2097,2502,アサヒグループホールディングス(株),東証PRM,"1,657.5",-9,-0.54,"7,380,200",2026/08/03
2098,2098,3816,(株)大和コンピューター,東証STD,"1,112",-6,-0.54,"3,300",2026/08/03
2099,2099,4172,Ｈｉクラテス(株),東証STD,"2,207",-12,-0.54,900,2026/08/03
2100,2100,4543,テルモ(株),東証PRM,"2,311.5",-12.5,-0.54,"3,619,300",2026/08/03
2101,2101,489A,東証REIT物流フォーカスETF,東証ETF,918,-5,-0.54,15,2026/08/03
2102,2102,496A,One ETF 日本国債 17-20年,東証ETF,937.6,-5.1,-0.54,"126,620",2026/08/03
2103,2103,5579,(株)ＧＳＩ,札証,"1,300",-7,-0.54,300,2026/08/03
2104,2104,8260,(株)井筒屋,東証STD,369,-2,-0.54,"6,300",2026/08/03
2105,2105,9267,Ｇｅｎｋｙ　ＤｒｕｇＳｔｏｒｅｓ(株),東証PRM,"3,715",-20,-0.54,"107,800",2026/08/03
2106,2106,3864,三菱製紙(株),東証PRM,"1,117",-6,-0.53,"263,800",2026/08/03
2107,2107,4054,日本情報クリエイト(株),東証GRT,565,-3,-0.53,"2,900",2026/08/03
2108,2108,4334,(株)ユークス,東証STD,376,-2,-0.53,800,2026/08/03
2109,2109,5602,(株)栗本鐵工所,東証PRM,"1,507",-8,-0.53,"206,000",2026/08/03
2110,2110,5952,アマテイ(株),東証STD,186,-1,-0.53,"13,000",2026/08/03
2111,2111,6199,(株)セラク,東証STD,"1,324",-7,-0.53,"24,300",2026/08/03
2112,2112,6200,(株)インソース,東証PRM,750,-4,-0.53,"713,100",2026/08/03
2113,2113,6926,岡谷電機産業(株),東証STD,186,-1,-0.53,"14,600",2026/08/03
2114,2114,7173,(株)東京きらぼしフィナンシャルグループ,東証PRM,"1,694",-9,-0.53,"1,299,100",2026/08/03
2115,2115,7522,ワタミ(株),東証PRM,939,-5,-0.53,"79,000",2026/08/03
2116,2116,9357,名港海運(株),名証MN,"2,457",-13,-0.53,"2,400",2026/08/03
2117,2117,9471,(株)文溪堂,名証MN,"1,124",-6,-0.53,200,2026/08/03
2118,2118,3293,アズマハウス(株),東証STD,770,-4,-0.52,700,2026/08/03
2119,2119,5704,(株)ＪＭＣ,東証GRT,381,-2,-0.52,"1,500",2026/08/03
2120,2120,7539,(株)アイナボホールディングス,東証STD,768,-4,-0.52,"16,000",2026/08/03
2121,2121,7638,(株)ＮＥＷ　ＡＲＴ　ＨＯＬＤＩＮＧＳ,東証STD,"1,349",-7,-0.52,"38,600",2026/08/03
2122,2122,7953,菊水化学工業(株),東証STD,386,-2,-0.52,"4,800",2026/08/03
2123,2123,8341,(株)七十七銀行,東証PRM,"3,477",-18,-0.52,"745,200",2026/08/03
2124,2124,167A,リョーサン菱洋ホールディングス(株),東証PRM,"2,919",-15,-0.51,"179,500",2026/08/03
2125,2125,2148,アイティメディア(株),東証PRM,"1,180",-6,-0.51,"83,100",2026/08/03
2126,2126,3010,ポラリス・ホールディングス(株),東証STD,194,-1,-0.51,"298,800",2026/08/03
2127,2127,3842,(株)ネクストジェン,東証STD,985,-5,-0.51,"3,900",2026/08/03
2128,2128,4028,石原産業(株),東証PRM,"2,951",-15,-0.51,"270,700",2026/08/03
2129,2129,4766,(株)ピーエイ,東証STD,194,-1,-0.51,"4,200",2026/08/03
2130,2130,5981,東京製綱(株),東証PRM,"1,947",-10,-0.51,"64,900",2026/08/03
2131,2131,598A,チャットプラス(株),東証GRT,"1,553",-8,-0.51,"73,800",2026/08/03
2132,2132,6666,リバーエレテック(株),東証STD,773,-4,-0.51,"107,700",2026/08/03
2133,2133,6989,北陸電気工業(株),東証STD,"2,329",-12,-0.51,"7,800",2026/08/03
2134,2134,9251,(株)ＡＢ＆Ｃｏｍｐａｎｙ,東証GRT,"1,360",-7,-0.51,"24,100",2026/08/03
2135,2135,2621,iシェアーズ 米国債20年超(H有),東証ETF,997,-5,-0.5,"611,689",2026/08/03
2136,2136,2669,カネ美食品(株),東証STD,"3,970",-20,-0.5,"5,800",2026/08/03
2137,2137,2813,和弘食品(株),東証STD,"3,950",-20,-0.5,"6,200",2026/08/03
2138,2138,3612,(株)ワールド,東証PRM,"1,597",-8,-0.5,"335,700",2026/08/03
2139,2139,4406,新日本理化(株),東証STD,201,-1,-0.5,"71,200",2026/08/03
2140,2140,8273,(株)イズミ,東証PRM,996,-5,-0.5,"471,400",2026/08/03
2141,2141,8368,(株)百五銀行,東証PRM,"2,007",-10,-0.5,"1,132,800",2026/08/03
2142,2142,2183,(株)リニカル,東証STD,205,-1,-0.49,"45,600",2026/08/03
2143,2143,2816,(株)ダイショー,東証STD,"1,409",-7,-0.49,"6,100",2026/08/03
2144,2144,2819,エバラ食品工業(株),東証STD,"2,453",-12,-0.49,"11,200",2026/08/03
2145,2145,4442,バルテス・ホールディングス(株),東証GRT,408,-2,-0.49,"19,000",2026/08/03
2146,2146,5192,三ツ星ベルト(株),東証PRM,"4,065",-20,-0.49,"66,600",2026/08/03
2147,2147,6384,(株)昭和真空,東証STD,"1,614",-8,-0.49,"6,700",2026/08/03
2148,2148,7199,プレミアグループ(株),東証PRM,"2,041",-10,-0.49,"227,000",2026/08/03
2149,2149,9348,(株)ｉｓｐａｃｅ,東証GRT,403,-2,-0.49,"1,037,600",2026/08/03
2150,2150,2221,岩塚製菓(株),東証STD,"3,080",-15,-0.48,"1,300",2026/08/03
2151,2151,2342,(株)トランスジェニックグループ,東証STD,209,-1,-0.48,"12,600",2026/08/03
2152,2152,248A,(株)キッズスター,東証GRT,836,-4,-0.48,"1,200",2026/08/03
2153,2153,4075,ブレインズテクノロジー(株),東証GRT,836,-4,-0.48,"5,700",2026/08/03
2154,2154,4718,(株)早稲田アカデミー,東証PRM,"2,476",-12,-0.48,"44,400",2026/08/03
2155,2155,6419,(株)マースグループホールディングス,東証PRM,"3,125",-15,-0.48,"115,200",2026/08/03
2156,2156,7215,(株)ファルテック,東証STD,419,-2,-0.48,600,2026/08/03
2157,2157,7919,野崎印刷紙業(株),東証STD,207,-1,-0.48,"17,700",2026/08/03
2158,2158,8331,(株)千葉銀行,東証PRM,"2,614.5",-12.5,-0.48,"2,627,900",2026/08/03
2159,2159,8772,(株)アサックス,東証STD,830,-4,-0.48,"6,100",2026/08/03
2160,2160,9341,(株)ＧＥＮＯＶＡ,東証PRM,627,-3,-0.48,"39,600",2026/08/03
2161,2161,9367,大東港運(株),東証STD,"1,881",-9,-0.48,500,2026/08/03
2162,2162,9636,(株)きんえい,東証STD,"4,175",-20,-0.48,"1,500",2026/08/03
2163,2163,9913,日邦産業(株),東証STD,"3,095",-15,-0.48,"3,100",2026/08/03
2164,2164,1595,NZAM 上場投信 東証REIT指数,東証ETF,"1,893",-9,-0.47,"256,720",2026/08/03
2165,2165,2207,(株)ｍｅｉｔｏ,東証PRM,"3,180",-15,-0.47,"37,200",2026/08/03
2166,2166,2428,ウェルネット(株),東証STD,640,-3,-0.47,"44,600",2026/08/03
2167,2167,3123,サイボー(株),東証STD,635,-3,-0.47,900,2026/08/03
2168,2168,348A,MAXIS 読売333日本株,東証ETF,294.2,-1.4,-0.47,"188,530",2026/08/03
2169,2169,3834,(株)朝日ネット,東証PRM,631,-3,-0.47,"47,300",2026/08/03
2170,2170,4275,(株)カーリット,東証PRM,"2,310",-11,-0.47,"231,500",2026/08/03
2171,2171,5900,(株)ダイケン,東証STD,851,-4,-0.47,"1,400",2026/08/03
2172,2172,6848,東亜ディーケーケー(株),東証STD,854,-4,-0.47,"4,900",2026/08/03
2173,2173,7217,(株)テイン,東証STD,423,-2,-0.47,"1,000",2026/08/03
2174,2174,7686,(株)ひとまいる,東証STD,421,-2,-0.47,"3,800",2026/08/03
2175,2175,7794,(株)イーディーピー,東証GRT,856,-4,-0.47,"255,700",2026/08/03
2176,2176,8892,(株)エスコン,東証PRM,"1,068",-5,-0.47,"364,000",2026/08/03
2177,2177,9165,(株)クオルテック,東証GRT,"1,707",-8,-0.47,"18,500",2026/08/03
2178,2178,2670,(株)エービーシー・マート,東証PRM,"2,710.5",-12.5,-0.46,"532,600",2026/08/03
2179,2179,4175,(株)ｃｏｌｙ,東証GRT,"2,796",-13,-0.46,"5,700",2026/08/03
2180,2180,5032,ＡＮＹＣＯＬＯＲ(株),東証PRM,"2,606",-12,-0.46,"484,600",2026/08/03
2181,2181,5988,(株)パイオラックス,東証PRM,"1,735",-8,-0.46,"116,100",2026/08/03
2182,2182,6137,小池酸素工業(株),東証STD,"1,525",-7,-0.46,"32,900",2026/08/03
2183,2183,6194,(株)アトラエ,東証PRM,857,-4,-0.46,"99,900",2026/08/03
2184,2184,6469,(株)放電精密加工研究所,東証STD,"2,570",-12,-0.46,"51,900",2026/08/03
2185,2185,7779,ＣＹＢＥＲＤＹＮＥ(株),東証GRT,218,-1,-0.46,"1,674,800",2026/08/03
2186,2186,8111,(株)ゴールドウイン,東証PRM,"2,281",-10.5,-0.46,"328,500",2026/08/03
2187,2187,2425,(株)ケアサービス,東証STD,671,-3,-0.45,"2,900",2026/08/03
2188,2188,3186,(株)ネクステージ,東証PRM,"3,335",-15,-0.45,"379,500",2026/08/03
2189,2189,3639,(株)ボルテージ,東証STD,223,-1,-0.45,"1,100",2026/08/03
2190,2190,4463,日華化学(株),東証STD,"1,997",-9,-0.45,"66,700",2026/08/03
2191,2191,5871,ＳＯＬＩＺＥ　Ｈｏｌｄｉｎｇｓ(株),東証STD,"1,317",-6,-0.45,"2,200",2026/08/03
2192,2192,5936,東洋シヤッター(株),東証STD,886,-4,-0.45,"10,500",2026/08/03
2193,2193,6863,(株)ニレコ,東証STD,882,-4,-0.45,"62,800",2026/08/03
2194,2194,7030,(株)スプリックス,東証STD,"1,100",-5,-0.45,"2,600",2026/08/03
2195,2195,7135,ジャパンクラフトホールディングス(株),東証STD,219,-1,-0.45,"5,300",2026/08/03
2196,2196,8041,ＯＵＧホールディングス(株),東証STD,"4,420",-20,-0.45,"10,200",2026/08/03
2197,2197,8242,エイチ・ツー・オー　リテイリング(株),東証PRM,"2,850.5",-13,-0.45,"385,600",2026/08/03
2198,2198,8594,中道リース(株),札証,670,-3,-0.45,700,2026/08/03
2199,2199,2882,(株)イートアンドホールディングス,東証PRM,"2,027",-9,-0.44,"21,600",2026/08/03
2200,2200,3333,(株)あさひ,東証PRM,"1,352",-6,-0.44,"89,900",2026/08/03
2201,2201,4412,(株)サイエンスアーツ,東証GRT,"1,136",-5,-0.44,"16,500",2026/08/03
2202,2202,4816,東映アニメーション(株),東証STD,"2,925",-13,-0.44,"788,300",2026/08/03
2203,2203,8103,明和産業(株),東証PRM,898,-4,-0.44,"283,900",2026/08/03
2204,2204,1814,大末建設(株),東証PRM,"3,475",-15,-0.43,"84,200",2026/08/03
2205,2205,2870,iFreeETF NASDAQ100ダブルインバース,東証ETF,"8,159",-35,-0.43,"19,048",2026/08/03
2206,2206,4362,日本精化(株),東証PRM,"2,567",-11,-0.43,"40,000",2026/08/03
2207,2207,4570,(株)免疫生物研究所,東証GRT,931,-4,-0.43,"39,900",2026/08/03
2208,2208,6339,新東工業(株),東証PRM,"1,146",-5,-0.43,"101,400",2026/08/03
2209,2209,8334,(株)群馬銀行,東証PRM,"2,527.5",-11,-0.43,"1,479,800",2026/08/03
2210,2210,8542,(株)トマト銀行,東証STD,"1,631",-7,-0.43,"26,200",2026/08/03
2211,2211,9640,(株)セゾンテクノロジー,東証STD,"2,060",-9,-0.43,"2,100",2026/08/03
2212,2212,9812,(株)テーオーホールディングス,東証STD,230,-1,-0.43,"1,100",2026/08/03
2213,2213,159A,(NEXT FUNDS) JPXプライム150指数連動型上場投信,東証ETF,712,-3,-0.42,"365,180",2026/08/03
2214,2214,1629,(NEXT FUNDS)商社･卸売上場投信,東証ETF,261.9,-1.1,-0.42,"2,773,580",2026/08/03
2215,2215,1711,(株)ＳＤＳホールディングス,東証STD,236,-1,-0.42,"11,200",2026/08/03
2216,2216,1844,(株)大盛工業,東証STD,472,-2,-0.42,"54,200",2026/08/03
2217,2217,2646,GX メタルビジネス-日本株式,東証ETF,"3,550",-15,-0.42,"23,642",2026/08/03
2218,2218,2649,iシェアーズ 米国政府系機関ジニーメイMBS(H有),東証ETF,573.8,-2.4,-0.42,"16,990",2026/08/03
2219,2219,3538,(株)ウイルプラスホールディングス,東証STD,951,-4,-0.42,"10,900",2026/08/03
2220,2220,3571,(株)ソトー,東証STD,710,-3,-0.42,"8,000",2026/08/03
2221,2221,4169,ＥＮＥＣＨＡＮＧＥ(株),東証GRT,238,-1,-0.42,"551,800",2026/08/03
2222,2222,4593,(株)ヘリオス,東証GRT,235,-1,-0.42,"1,023,000",2026/08/03
2223,2223,6819,伊豆シャボテンリゾート(株),東証STD,476,-2,-0.42,"8,400",2026/08/03
2224,2224,8089,ナイス(株),東証STD,"1,919",-8,-0.42,"1,200",2026/08/03
2225,2225,9768,いであ(株),東証STD,"3,570",-15,-0.42,"25,100",2026/08/03
2226,2226,9842,アークランズ(株),東証PRM,"1,906",-8,-0.42,"537,300",2026/08/03
2227,2227,9929,平和紙業(株),東証STD,469,-2,-0.42,"1,300",2026/08/03
2228,2228,1840,(株)土屋ホールディングス,東証STD,244,-1,-0.41,"13,800",2026/08/03
2229,2229,3950,ザ・パック(株),東証PRM,"1,445",-6,-0.41,"133,200",2026/08/03
2230,2230,4008,住友精化(株),東証PRM,"1,218",-5,-0.41,"198,700",2026/08/03
2231,2231,4409,東邦化学工業(株),東証STD,737,-3,-0.41,"1,300",2026/08/03
2232,2232,4612,日本ペイントホールディングス(株),東証PRM,"1,205",-5,-0.41,"5,074,400",2026/08/03
2233,2233,5915,(株)駒井ハルテック,東証STD,"2,212",-9,-0.41,900,2026/08/03
2234,2234,6151,日東工器(株),東証PRM,"1,704",-7,-0.41,"36,100",2026/08/03
2235,2235,6306,日工(株),東証PRM,978,-4,-0.41,"129,600",2026/08/03
2236,2236,6472,ＮＴＮ(株),東証PRM,389.4,-1.6,-0.41,"5,041,000",2026/08/03
2237,2237,6699,ダイヤモンドエレクトリックホールディングス(株),東証STD,480,-2,-0.41,"66,000",2026/08/03
2238,2238,7727,(株)オーバル,東証STD,725,-3,-0.41,"44,300",2026/08/03
2239,2239,7912,大日本印刷(株),東証PRM,"2,909.5",-12,-0.41,"1,632,100",2026/08/03
2240,2240,9322,川西倉庫(株),東証STD,"2,400",-10,-0.41,"5,200",2026/08/03
2241,2241,1430,ファーストコーポレーション(株),東証STD,999,-4,-0.4,"27,100",2026/08/03
2242,2242,1860,戸田建設(株),東証PRM,"1,484.5",-6,-0.4,"1,473,800",2026/08/03
2243,2243,3386,コスモ・バイオ(株),東証STD,"1,252",-5,-0.4,"3,500",2026/08/03
2244,2244,3633,ＧＭＯペパボ(株),東証STD,"1,723",-7,-0.4,"9,200",2026/08/03
2245,2245,3861,王子ホールディングス(株),東証PRM,876.3,-3.5,-0.4,"4,591,200",2026/08/03
2246,2246,4398,(株)ブロードバンドセキュリティ,東証STD,"1,235",-5,-0.4,"3,300",2026/08/03
2247,2247,4679,(株)田谷,東証STD,251,-1,-0.4,"6,500",2026/08/03
2248,2248,5401,日本製鉄(株),東証PRM,647,-2.6,-0.4,"44,246,400",2026/08/03
2249,2249,5819,カナレ電気(株),東証STD,"1,765",-7,-0.4,"4,100",2026/08/03
2250,2250,6277,ホソカワミクロン(株),東証PRM,"5,010",-20,-0.4,"47,600",2026/08/03
2251,2251,8860,フジ住宅(株),東証PRM,738,-3,-0.4,"125,800",2026/08/03
2252,2252,9326,関通ホールディングス(株),東証GRT,497,-2,-0.4,"13,600",2026/08/03
2253,2253,9846,(株)天満屋ストア,東証STD,"1,002",-4,-0.4,"4,600",2026/08/03
2254,2254,1899,(株)福田組,東証PRM,"3,855",-15,-0.39,"50,800",2026/08/03
2255,2255,2648,(NEXT FUNDS)ブルームバーグ米国国債(7-10年)(H有),東証ETF,"3,345",-13,-0.39,397,2026/08/03
2256,2256,2904,一正蒲鉾(株),東証STD,758,-3,-0.39,"3,100",2026/08/03
2257,2257,3375,(株)ＺＯＡ,東証STD,"1,785",-7,-0.39,"1,300",2026/08/03
2258,2258,380A,GX チャイナテック,東証ETF,"1,022",-4,-0.39,"30,273",2026/08/03
2259,2259,4318,(株)クイック,東証PRM,774,-3,-0.39,"254,400",2026/08/03
2260,2260,4809,パラカ(株),東証PRM,"2,037",-8,-0.39,"19,900",2026/08/03
2261,2261,5136,ｔｒｉｐｌａ(株),東証GRT,"1,767",-7,-0.39,"18,900",2026/08/03
2262,2262,6229,(株)オーケーエム,東証STD,"1,537",-6,-0.39,"14,300",2026/08/03
2263,2263,6779,日本電波工業(株),東証PRM,"2,556",-10,-0.39,"859,700",2026/08/03
2264,2264,6845,アズビル(株),東証PRM,"1,659",-6.5,-0.39,"1,184,500",2026/08/03
2265,2265,2139,(株)中広,東証STD,526,-2,-0.38,"1,600",2026/08/03
2266,2266,2510,(NEXT FUNDS)国内債券・NOMURA-BPI総合,東証ETF,805.5,-3.1,-0.38,"333,090",2026/08/03
2267,2267,3877,中越パルプ工業(株),東証PRM,"2,083",-8,-0.38,"37,700",2026/08/03
2268,2268,446A,(株)ノースサンド,東証GRT,"1,567",-6,-0.38,"386,500",2026/08/03
2269,2269,4651,(株)サニックスホールディングス,東証STD,264,-1,-0.38,"317,600",2026/08/03
2270,2270,466A,GX 防衛テック,東証ETF,"1,035",-4,-0.38,"24,582",2026/08/03
2271,2271,5262,日本ヒューム(株),東証PRM,"1,040",-4,-0.38,"201,300",2026/08/03
2272,2272,6184,(株)鎌倉新書,東証PRM,531,-2,-0.38,"111,900",2026/08/03
2273,2273,6655,東洋電機(株),名証MN,777,-3,-0.38,500,2026/08/03
2274,2274,7093,アディッシュ(株),東証GRT,525,-2,-0.38,300,2026/08/03
2275,2275,8098,稲畑産業(株),東証PRM,"3,950",-15,-0.38,"102,500",2026/08/03
2276,2276,8190,(株)ヤマナカ,名証MN,518,-2,-0.38,"2,300",2026/08/03
2277,2277,9213,(株)セイファート,東証STD,"1,042",-4,-0.38,500,2026/08/03
2278,2278,9854,愛眼(株),東証STD,259,-1,-0.38,"44,200",2026/08/03
2279,2279,2179,(株)成学社,東証STD,816,-3,-0.37,800,2026/08/03
2280,2280,2268,Ｂ－Ｒ　サーティワン　アイスクリーム(株),東証STD,"4,055",-15,-0.37,"7,800",2026/08/03
2281,2281,3023,ラサ商事(株),東証STD,"1,874",-7,-0.37,"25,400",2026/08/03
2282,2282,4097,高圧ガス工業(株),東証PRM,"1,067",-4,-0.37,"66,100",2026/08/03
2283,2283,4385,(株)メルカリ,東証PRM,"4,274",-16,-0.37,"1,195,200",2026/08/03
2284,2284,448A,ステート・ストリート・スパイダー ゴールド ETF(H有),東証ETF,244.4,-0.9,-0.37,"23,230",2026/08/03
2285,2285,5195,バンドー化学(株),東証PRM,"2,414",-9,-0.37,"78,000",2026/08/03
2286,2286,543A,ＡＲＣＨＩＯＮ(株),東証PRM,266,-1,-0.37,"28,194,500",2026/08/03
2287,2287,6584,三桜工業(株),東証PRM,810,-3,-0.37,"444,400",2026/08/03
2288,2288,7177,ＧＭＯフィナンシャルホールディングス(株),東証STD,"1,084",-4,-0.37,"223,700",2026/08/03
2289,2289,7456,松田産業(株),東証PRM,"5,360",-20,-0.37,"88,900",2026/08/03
2290,2290,7991,マミヤ・オーピー(株),東証STD,"1,090",-4,-0.37,"20,300",2026/08/03
2291,2291,2991,(株)ランドネット,東証STD,556,-2,-0.36,"21,500",2026/08/03
2292,2292,3423,(株)エスイー,東証STD,277,-1,-0.36,"5,300",2026/08/03
2293,2293,6071,(株)ＩＢＪ,東証PRM,820,-3,-0.36,"118,200",2026/08/03
2294,2294,6317,(株)北川鉄工所,東証STD,"1,640",-6,-0.36,"23,000",2026/08/03
2295,2295,6696,(株)トラース・オン・プロダクト,東証GRT,280,-1,-0.36,"10,600",2026/08/03
2296,2296,7683,(株)ダブルエー,東証PRM,"1,371",-5,-0.36,"43,500",2026/08/03
2297,2297,8617,光世証券(株),東証STD,554,-2,-0.36,"6,500",2026/08/03
2298,2298,9986,蔵王産業(株),東証STD,"2,477",-9,-0.36,"2,600",2026/08/03
2299,2299,2408,(株)ＫＧ情報,東証STD,843,-3,-0.35,"2,600",2026/08/03
2300,2300,3948,光ビジネスフォーム(株),東証STD,"1,134",-4,-0.35,800,2026/08/03
2301,2301,410A,ＧＭＯコマース(株),東証GRT,"1,130",-4,-0.35,"5,200",2026/08/03
2302,2302,4119,(株)日本ピグメントホールディングス,東証STD,"5,690",-20,-0.35,"2,100",2026/08/03
2303,2303,438A,(株)インフキュリオン,東証GRT,860,-3,-0.35,"78,900",2026/08/03
2304,2304,6323,ローツェ(株),東証PRM,"3,975",-14,-0.35,"4,282,500",2026/08/03
2305,2305,7129,ミアヘルサホールディングス(株),東証STD,"1,154",-4,-0.35,900,2026/08/03
2306,2306,2095,GX S&P500配当貴族 (H有),東証ETF,"1,172",-4,-0.34,"60,096",2026/08/03
2307,2307,2255,iシェアーズ 米国債20年超,東証ETF,202.8,-0.7,-0.34,"1,798,420",2026/08/03
2308,2308,234A,GX MSCI キャッシュフローキング-日本株式,東証ETF,"1,467",-5,-0.34,"8,161",2026/08/03
2309,2309,3160,(株)大光,東証STD,579,-2,-0.34,"4,600",2026/08/03
2310,2310,3967,(株)エルテス,東証GRT,591,-2,-0.34,"6,500",2026/08/03
2311,2311,4507,塩野義製薬(株),東証PRM,"2,898.5",-10,-0.34,"2,659,500",2026/08/03
2312,2312,5842,インテグラル(株),東証GRT,"2,921",-10,-0.34,"66,700",2026/08/03
2313,2313,7399,(株)ナンシン,東証STD,594,-2,-0.34,"1,000",2026/08/03
2314,2314,7616,(株)コロワイド,東証PRM,"2,050.5",-7,-0.34,"598,900",2026/08/03
2315,2315,8207,テンアライド(株),東証STD,293,-1,-0.34,"20,600",2026/08/03
2316,2316,2587,サントリービバレッジ＆フード(株),東証PRM,"4,585",-15,-0.33,"1,157,500",2026/08/03
2317,2317,3280,(株)エストラスト,東証STD,906,-3,-0.33,"9,100",2026/08/03
2318,2318,3300,(株)アンビション　ＤＸ　ホールディングス,東証GRT,"2,095",-7,-0.33,"17,700",2026/08/03
2319,2319,334A,(株)ビジュアル・プロセッシング・ジャパン,東証GRT,915,-3,-0.33,800,2026/08/03
2320,2320,3675,(株)クロス・マーケティンググループ,東証STD,605,-2,-0.33,"26,200",2026/08/03
2321,2321,4224,ロンシール工業(株),東証STD,"2,130",-7,-0.33,"12,500",2026/08/03
2322,2322,6176,(株)ブランジスタ,東証STD,904,-3,-0.33,"79,300",2026/08/03
2323,2323,6393,油研工業(株),東証STD,"3,020",-10,-0.33,"3,000",2026/08/03
2324,2324,7646,(株)ＰＬＡＮＴ,東証STD,"1,816",-6,-0.33,"8,200",2026/08/03
2325,2325,7864,(株)フジシールインターナショナル,東証PRM,"3,015",-10,-0.33,"201,500",2026/08/03
2326,2326,8091,ニチモウ(株),東証PRM,"2,382",-8,-0.33,"12,100",2026/08/03
2327,2327,8613,丸三証券(株),東証PRM,"1,212",-4,-0.33,"359,800",2026/08/03
2328,2328,9435,(株)光通信,東証PRM,"39,050",-130,-0.33,"85,100",2026/08/03
2329,2329,9563,Ａｔｌａｓ　Ｔｅｃｈｎｏｌｏｇｉｅｓ(株),東証GRT,300,-1,-0.33,400,2026/08/03
2330,2330,9647,(株)協和コンサルタンツ,東証STD,"6,120",-20,-0.33,"6,400",2026/08/03
2331,2331,2251,(NEXT FUNDS) JPX国債先物ダブルインバース,東証ETF,897.1,-2.9,-0.32,"68,560",2026/08/03
2332,2332,3048,(株)ビックカメラ,東証PRM,"1,738.5",-5.5,-0.32,"718,600",2026/08/03
2333,2333,3697,(株)ＳＨＩＦＴ,東証PRM,874.8,-2.8,-0.32,"5,799,300",2026/08/03
2334,2334,3947,ダイナパック(株),東証STD,"2,202",-7,-0.32,"2,000",2026/08/03
2335,2335,423A,(株)ライオン事務器,東証STD,313,-1,-0.32,"35,300",2026/08/03
2336,2336,4992,北興化学工業(株),東証STD,"1,842",-6,-0.32,"138,400",2026/08/03
2337,2337,5607,中央可鍛工業(株),名証MN,614,-2,-0.32,"9,300",2026/08/03
2338,2338,6428,(株)オーイズミ,東証STD,315,-1,-0.32,"5,400",2026/08/03
2339,2339,7299,フジオーゼックス(株),東証STD,"1,845",-6,-0.32,"6,000",2026/08/03
2340,2340,7360,(株)オンデック,東証GRT,630,-2,-0.32,700,2026/08/03
2341,2341,9902,(株)日伝,東証PRM,"3,075",-10,-0.32,"131,700",2026/08/03
2342,2342,1420,サンヨーホームズ(株),東証STD,636,-2,-0.31,"19,100",2026/08/03
2343,2343,2847,GX 新成長インフラ-日本株式,東証ETF,"2,922",-9,-0.31,538,2026/08/03
2344,2344,2911,旭松食品(株),東証STD,"2,270",-7,-0.31,"1,600",2026/08/03
2345,2345,3092,(株)ＺＯＺＯ,東証PRM,"1,139.5",-3.5,-0.31,"4,502,700",2026/08/03
2346,2346,4629,大伸化学(株),東証STD,"1,924",-6,-0.31,"5,500",2026/08/03
2347,2347,4678,(株)秀英予備校,東証STD,323,-1,-0.31,"2,500",2026/08/03
2348,2348,4707,(株)キタック,東証STD,326,-1,-0.31,"3,000",2026/08/03
2349,2349,4977,新田ゼラチン(株),東証STD,"1,293",-4,-0.31,"53,600",2026/08/03
2350,2350,8023,ＤＡＩＫＯ　ＸＴＥＣＨ(株),東証STD,977,-3,-0.31,"4,900",2026/08/03
2351,2351,8337,(株)千葉興業銀行,東証PRM,"2,604",-8,-0.31,"99,000",2026/08/03
2352,2352,8935,(株)ＦＪネクストホールディングス,東証PRM,"1,904",-6,-0.31,"91,600",2026/08/03
2353,2353,189A,(株)Ｄ＆Ｍカンパニー,東証GRT,996,-3,-0.3,"2,900",2026/08/03
2354,2354,236A,iシェアーズ 日本国債7-10年,東証ETF,439.3,-1.3,-0.3,"7,940",2026/08/03
2355,2355,2437,Ｓｈｉｎｗａ　Ｗｉｓｅ　Ｈｏｌｄｉｎｇｓ(株),東証STD,662,-2,-0.3,"60,500",2026/08/03
2356,2356,275A,ハンワホームズ(株),名証NXT,337,-1,-0.3,"1,900",2026/08/03
2357,2357,4847,(株)インテリジェント　ウェイブ,東証PRM,997,-3,-0.3,"46,800",2026/08/03
2358,2358,6037,楽待(株),東証STD,"1,003",-3,-0.3,"15,200",2026/08/03
2359,2359,6395,(株)タダノ,東証PRM,"1,334",-4,-0.3,"472,300",2026/08/03
2360,2360,6448,ブラザー工業(株),東証PRM,"3,999",-12,-0.3,"736,500",2026/08/03
2361,2361,8181,(株)東天紅,東証STD,997,-3,-0.3,"2,600",2026/08/03
2362,2362,259A,(株)ケイ・ウノ,名証NXT,"1,711",-5,-0.29,400,2026/08/03
2363,2363,4094,日本化学産業(株),東証STD,"2,090",-6,-0.29,"17,500",2026/08/03
2364,2364,424A,GX ゴールドETF(H有),東証ETF,311.2,-0.9,-0.29,"274,310",2026/08/03
2365,2365,4331,(株)テイクアンドギヴ・ニーズ,東証PRM,678,-2,-0.29,"47,900",2026/08/03
2366,2366,5269,日本コンクリート工業(株),東証PRM,340,-1,-0.29,"335,300",2026/08/03
2367,2367,5351,品川リフラ(株),東証PRM,"2,051",-6,-0.29,"140,600",2026/08/03
2368,2368,5355,日本ルツボ(株),東証STD,678,-2,-0.29,"1,200",2026/08/03
2369,2369,7034,(株)プロレド・パートナーズ,東証PRM,349,-1,-0.29,"14,700",2026/08/03
2370,2370,7182,(株)ゆうちょ銀行,東証PRM,"3,102",-9,-0.29,"8,088,500",2026/08/03
2371,2371,7325,(株)アイリックコーポレーション,東証GRT,688,-2,-0.29,"3,300",2026/08/03
2372,2372,8123,川辺(株),東証STD,"1,355",-4,-0.29,300,2026/08/03
2373,2373,8214,(株)ＡＯＫＩホールディングス,東証PRM,"1,717",-5,-0.29,"268,200",2026/08/03
2374,2374,2016,iFreeETF 米国国債7-10年(H有),東証ETF,"1,768",-5,-0.28,89,2026/08/03
2375,2375,25935,(株)伊藤園第1種優先株式,東証PRM,"1,783",-5,-0.28,"21,200",2026/08/03
2376,2376,2698,(株)キャンドゥ,東証STD,"3,595",-10,-0.28,"13,100",2026/08/03
2377,2377,2818,(株)ピエトロ,東証STD,"1,755",-5,-0.28,"1,000",2026/08/03
2378,2378,2839,MAXIS 米国国債7-10年上場投信(H有),東証ETF,"5,010",-14,-0.28,"10,007",2026/08/03
2379,2379,2853,iシェアーズ 気候リスク調整世界国債(除く日本・H有),東証ETF,613.9,-1.7,-0.28,10,2026/08/03
2380,2380,4619,日本特殊塗料(株),東証STD,"2,464",-7,-0.28,"35,600",2026/08/03
2381,2381,4932,(株)アルマード,東証STD,711,-2,-0.28,"16,000",2026/08/03
2382,2382,5644,(株)メタルアート,東証STD,"7,230",-20,-0.28,"14,900",2026/08/03
2383,2383,6342,(株)太平製作所,東証STD,"2,844",-8,-0.28,200,2026/08/03
2384,2384,8093,極東貿易(株),東証PRM,"1,774",-5,-0.28,"51,900",2026/08/03
2385,2385,9976,(株)セキチュー,東証STD,"1,052",-3,-0.28,100,2026/08/03
2386,2386,2843,上場インデックスファンド豪州国債(H有),東証ETF,"3,723",-10,-0.27,18,2026/08/03
2387,2387,373A,(株)リップス,東証GRT,"1,490",-4,-0.27,"3,800",2026/08/03
2388,2388,4920,(株)日本色材工業研究所,東証STD,"1,119",-3,-0.27,800,2026/08/03
2389,2389,5576,(株)オービーシステム,東証STD,"2,905",-8,-0.27,"1,300",2026/08/03
2390,2390,6540,(株)船場,東証STD,"1,485",-4,-0.27,"12,000",2026/08/03
2391,2391,8572,アコム(株),東証STD,475.4,-1.3,-0.27,"2,016,300",2026/08/03
2392,2392,1929,日特建設(株),東証PRM,"1,140",-3,-0.26,"76,800",2026/08/03
2393,2393,2092,NZAM 上場投信 フランス国債7-10年(H有),東証ETF,"4,576",-12,-0.26,1,2026/08/03
2394,2394,3154,メディアスホールディングス(株),東証PRM,777,-2,-0.26,"40,900",2026/08/03
2395,2395,5201,ＡＧＣ(株),東証PRM,"6,063",-16,-0.26,"2,239,900",2026/08/03
2396,2396,6338,(株)タカトリ,東証STD,"1,514",-4,-0.26,"12,300",2026/08/03
2397,2397,7265,エイケン工業(株),東証STD,"3,805",-10,-0.26,300,2026/08/03
2398,2398,7538,(株)大水,東証STD,377,-1,-0.26,"6,600",2026/08/03
2399,2399,7590,(株)タカショー,東証STD,390,-1,-0.26,"23,800",2026/08/03
2400,2400,9746,(株)ＴＫＣ,東証PRM,"3,855",-10,-0.26,"142,000",2026/08/03
2401,2401,9765,(株)オオバ,東証PRM,"1,130",-3,-0.26,"8,800",2026/08/03
2402,2402,2391,(株)プラネット,東証STD,"1,178",-3,-0.25,"8,900",2026/08/03
2403,2403,2413,エムスリー(株),東証PRM,"1,777",-4.5,-0.25,"4,582,500",2026/08/03
2404,2404,2512,(NEXT FUNDS)外国債券・FTSE世界国債(除く日本・H有),東証ETF,729.3,-1.8,-0.25,"10,150",2026/08/03
2405,2405,3041,(株)ビューティカダンホールディングス,東証STD,401,-1,-0.25,"9,100",2026/08/03
2406,2406,3431,宮地エンジニアリンググループ(株),東証PRM,"1,581",-4,-0.25,"95,000",2026/08/03
2407,2407,4401,(株)ＡＤＥＫＡ,東証PRM,"3,935",-10,-0.25,"561,400",2026/08/03
2408,2408,4686,(株)ジャストシステム,東証PRM,"4,020",-10,-0.25,"91,800",2026/08/03
2409,2409,5591,(株)ＡＶＩＬＥＮ,東証GRT,804,-2,-0.25,"10,900",2026/08/03
2410,2410,5867,(株)エスネットワークス,東証GRT,"1,175",-3,-0.25,900,2026/08/03
2411,2411,6042,(株)ニッキ,東証STD,"4,015",-10,-0.25,"1,000",2026/08/03
2412,2412,7791,ドリームベッド(株),東証STD,812,-2,-0.25,"2,400",2026/08/03
2413,2413,8715,アニコム　ホールディングス(株),東証PRM,"1,200",-3,-0.25,"420,200",2026/08/03
2414,2414,1496,iシェアーズ 米ドル建て投資適格社債ETF(H有),東証ETF,"1,631",-4,-0.24,"18,058",2026/08/03
2415,2415,1599,iFreeETF JPX日経400,東証ETF,"36,740",-90,-0.24,1,2026/08/03
2416,2416,3030,(株)ハブ,東証STD,818,-2,-0.24,"11,900",2026/08/03
2417,2417,3878,(株)巴川コーポレーション,東証STD,831,-2,-0.24,"28,400",2026/08/03
2418,2418,4042,東ソー(株),東証PRM,"2,704",-6.5,-0.24,"1,635,400",2026/08/03
2419,2419,6368,オルガノ(株),東証PRM,"14,645",-35,-0.24,"427,000",2026/08/03
2420,2420,7944,ローランド(株),東証PRM,"4,195",-10,-0.24,"95,600",2026/08/03
2421,2421,8399,(株)琉球銀行,東証PRM,"2,936",-7,-0.24,"174,800",2026/08/03
2422,2422,9701,(株)東京會舘,東証STD,"4,195",-10,-0.24,"1,000",2026/08/03
2423,2423,9878,(株)セキド,東証STD,415,-1,-0.24,"6,300",2026/08/03
2424,2424,339A,プログレス・テクノロジーズ　グループ(株),東証GRT,881,-2,-0.23,"17,100",2026/08/03
2425,2425,5011,ニチレキグループ(株),東証PRM,"2,199",-5,-0.23,"52,300",2026/08/03
2426,2426,5282,ジオスター(株),東証STD,429,-1,-0.23,"60,800",2026/08/03
2427,2427,5563,新日本電工(株),東証PRM,427,-1,-0.23,"809,400",2026/08/03
2428,2428,6340,澁谷工業(株),東証PRM,"4,380",-10,-0.23,"51,300",2026/08/03
2429,2429,7687,(株)ミクリード,東証GRT,430,-1,-0.23,"2,500",2026/08/03
2430,2430,2091,NZAM 上場投信 ドイツ国債7-10年(H有),東証ETF,"4,519",-10,-0.22,5,2026/08/03
2431,2431,2769,(株)ヴィレッジヴァンガードコーポレーション,東証STD,892,-2,-0.22,"3,000",2026/08/03
2432,2432,3817,(株)ＳＲＡホールディングス,東証PRM,"4,640",-10,-0.22,"55,600",2026/08/03
2433,2433,4592,サンバイオ(株),東証GRT,917,-2,-0.22,"377,900",2026/08/03
2434,2434,5609,日本鋳造(株),東証STD,924,-2,-0.22,"7,500",2026/08/03
2435,2435,572A,iシェアーズ 日本国債3-7年,東証ETF,501,-1.1,-0.22,270,2026/08/03
2436,2436,5976,ネツレン,東証PRM,"1,377",-3,-0.22,"82,300",2026/08/03
2437,2437,6370,栗田工業(株),東証PRM,"8,723",-19,-0.22,"509,900",2026/08/03
2438,2438,7208,(株)カネミツ,東証STD,"1,347",-3,-0.22,"1,100",2026/08/03
2439,2439,7506,(株)ハウス　オブ　ローゼ,東証STD,"1,373",-3,-0.22,"1,600",2026/08/03
2440,2440,7619,田中商事(株),東証STD,916,-2,-0.22,"3,000",2026/08/03
2441,2441,7898,(株)ウッドワン,東証STD,895,-2,-0.22,"1,400",2026/08/03
2442,2442,2067,NEXT NOTES 野村AI ビジネス70(NR)ETN,東証ETF,"28,000",-60,-0.21,1,2026/08/03
2443,2443,2163,(株)アルトナー,東証PRM,949,-2,-0.21,"58,300",2026/08/03
2444,2444,2689,オルバヘルスケアホールディングス(株),東証STD,"1,906",-4,-0.21,"3,400",2026/08/03
2445,2445,330A,(株)ＴａｌｅｎｔＸ,東証GRT,470,-1,-0.21,"2,000",2026/08/03
2446,2446,3422,(株)Ｊ－ＭＡＸ,東証STD,475,-1,-0.21,"18,800",2026/08/03
2447,2447,415A,ＧＭＯ　ＴＥＣＨホールディングス(株),東証GRT,"4,770",-10,-0.21,800,2026/08/03
2448,2448,4193,(株)ファブリカホールディングス,東証STD,"2,357",-5,-0.21,"2,300",2026/08/03
2449,2449,5202,日本板硝子(株),東証PRM,481,-1,-0.21,"2,186,400",2026/08/03
2450,2450,5253,カバー(株),東証GRT,"1,457",-3,-0.21,"1,789,000",2026/08/03
2451,2451,5843,ニッポンインシュア(株),東証STD,"2,385",-5,-0.21,"7,800",2026/08/03
2452,2452,6927,ヘリオス　テクノ　ホールディング(株),東証STD,944,-2,-0.21,"62,700",2026/08/03
2453,2453,7630,(株)壱番屋,東証PRM,932,-2,-0.21,"509,700",2026/08/03
2454,2454,9282,いちごグリーンインフラ投資法人,東証,"46,650",-100,-0.21,149,2026/08/03
2455,2455,2300,(株)きょくとう,東証STD,500,-1,-0.2,"1,000",2026/08/03
2456,2456,2858,GX 日経225 カバード・コール (プレミアム再投資型),東証ETF,"1,470",-3,-0.2,320,2026/08/03
2457,2457,3317,(株)フライングガーデン,東証STD,"1,472",-3,-0.2,400,2026/08/03
2458,2458,331A,(株)メディックス,東証STD,505,-1,-0.2,"1,700",2026/08/03
2459,2459,366A,ウェルネス・コミュニケーションズ(株),東証GRT,"1,013",-2,-0.2,"27,300",2026/08/03
2460,2460,3920,アイビーシー(株),東証STD,993,-2,-0.2,600,2026/08/03
2461,2461,4994,大成ラミックグループ(株),東証STD,"2,525",-5,-0.2,"16,500",2026/08/03
2462,2462,573A,iシェアーズ 日本国債20年超,東証ETF,494.8,-1,-0.2,"134,590",2026/08/03
2463,2463,6082,(株)ライドオンエクスプレスホールディングス,東証STD,990,-2,-0.2,"8,900",2026/08/03
2464,2464,6562,(株)ジーニー,東証GRT,"1,002",-2,-0.2,"26,600",2026/08/03
2465,2465,6563,(株)みらいワークス,東証GRT,497,-1,-0.2,"6,000",2026/08/03
2466,2466,1482,iシェアーズ・コア 米国債7-10年ETF(H有),東証ETF,"1,539",-3,-0.19,"30,082",2026/08/03
2467,2467,3359,(株)ｃｏｔｔａ,東証GRT,516,-1,-0.19,"17,200",2026/08/03
2468,2468,3418,(株)バルニバービ,東証GRT,"1,048",-2,-0.19,"28,200",2026/08/03
2469,2469,5406,(株)神戸製鋼所,東証PRM,"2,073",-4,-0.19,"2,175,300",2026/08/03
2470,2470,5706,三井金属(株),東証PRM,"30,890",-60,-0.19,"976,100",2026/08/03
2471,2471,6083,ＥＲＩホールディングス(株),東証STD,"1,572",-3,-0.19,"70,300",2026/08/03
2472,2472,6230,ＳＡＮＥＩ(株),東証STD,"2,110",-4,-0.19,"1,800",2026/08/03
2473,2473,6485,前澤給装工業(株),東証STD,"1,569",-3,-0.19,"26,200",2026/08/03
2474,2474,6869,シスメックス(株),東証PRM,"1,596",-3,-0.19,"2,866,700",2026/08/03
2475,2475,7241,フタバ産業(株),東証PRM,"1,035",-2,-0.19,"510,300",2026/08/03
2476,2476,7674,(株)ＮＡＴＴＹ　ＳＷＡＮＫＹホールディングス,東証GRT,"2,560",-5,-0.19,"3,700",2026/08/03
2477,2477,7885,タカノ(株),東証STD,"1,070",-2,-0.19,"25,600",2026/08/03
2478,2478,9788,(株)ナック,東証PRM,535,-1,-0.19,"69,800",2026/08/03
2479,2479,1615,(NEXT FUNDS)東証銀行業株価指数連動型上場投信,東証ETF,728.7,-1.3,-0.18,"8,184,960",2026/08/03
2480,2480,4194,ビジョナル(株),東証PRM,"8,697",-16,-0.18,"225,700",2026/08/03
2481,2481,175A,(株)Ｗｉｌｌ　Ｓｍａｒｔ,東証GRT,595,-1,-0.17,900,2026/08/03
2482,2482,1833,(株)奥村組,東証PRM,"5,780",-10,-0.17,"134,900",2026/08/03
2483,2483,290A,(株)Ｓｙｎｓｐｅｃｔｉｖｅ,東証GRT,"1,146",-2,-0.17,"907,000",2026/08/03
2484,2484,303A,(株)ｖｉｓｕｍｏ,東証GRT,581,-1,-0.17,"20,400",2026/08/03
2485,2485,4623,(株)アサヒペン,東証STD,"1,718",-3,-0.17,800,2026/08/03
2486,2486,6378,木村化工機(株),東証STD,"1,210",-2,-0.17,"92,500",2026/08/03
2487,2487,6505,東洋電機製造(株),東証STD,"2,346",-4,-0.17,"58,600",2026/08/03
2488,2488,6772,東京コスモス電機(株),東証STD,"1,144",-2,-0.17,800,2026/08/03
2489,2489,7284,盟和産業(株),東証STD,"1,170",-2,-0.17,600,2026/08/03
2490,2490,7426,(株)山大,東証STD,601,-1,-0.17,100,2026/08/03
2491,2491,7564,(株)ワークマン,東証STD,"5,860",-10,-0.17,"573,400",2026/08/03
2492,2492,8071,東海エレクトロニクス(株),名証MN,"2,915",-5,-0.17,400,2026/08/03
2493,2493,9656,グリーンランドリゾート(株),東証STD,597,-1,-0.17,"1,000",2026/08/03
2494,2494,9679,ホウライ(株),東証STD,"2,380",-4,-0.17,100,2026/08/03
2495,2495,3441,(株)山王,東証STD,"2,514",-4,-0.16,"27,400",2026/08/03
2496,2496,3710,ジョルダン(株),東証STD,619,-1,-0.16,"3,600",2026/08/03
2497,2497,382A,iFreeETF 米国国債3-5年(H有),東証ETF,"1,910",-3,-0.16,"6,855",2026/08/03
2498,2498,4832,ＪＦＥシステムズ(株),東証STD,"1,910",-3,-0.16,"18,000",2026/08/03
2499,2499,6034,ＭＲＴ(株),東証GRT,630,-1,-0.16,800,2026/08/03
2500,2500,6750,エレコム(株),東証PRM,"1,858",-3,-0.16,"283,700",2026/08/03
2501,2501,7133,ＨＹＵＧＡ　ＰＲＩＭＡＲＹ　ＣＡＲＥ(株),東証GRT,"1,216",-2,-0.16,"1,400",2026/08/03
2502,2502,7833,(株)アイフィスジャパン,東証STD,638,-1,-0.16,"2,900",2026/08/03
2503,2503,7966,リンテック(株),東証PRM,"6,190",-10,-0.16,"321,900",2026/08/03
2504,2504,9057,遠州トラック(株),東証STD,"3,185",-5,-0.16,"1,900",2026/08/03
2505,2505,1333,Ｕｍｉｏｓ(株),東証PRM,"1,309",-2,-0.15,"493,400",2026/08/03
2506,2506,2292,Ｓ　ＦＯＯＤＳ(株),東証PRM,"2,745",-4,-0.15,"194,700",2026/08/03
2507,2507,3169,(株)ミサワ,東証STD,650,-1,-0.15,"1,600",2026/08/03
2508,2508,5290,(株)ベルテクスコーポレーション,東証STD,"1,312",-2,-0.15,"37,600",2026/08/03
2509,2509,605A,(NEXT FUNDS) 日本株政策フォーカス上場投信,東証ETF,194.7,-0.3,-0.15,"94,870",2026/08/03
2510,2510,6701,ＮＥＣ,東証PRM,"4,733",-7,-0.15,"6,344,100",2026/08/03
2511,2511,6806,ヒロセ電機(株),東証PRM,"27,335",-40,-0.15,"185,700",2026/08/03
2512,2512,6897,(株)ツインバード,東証STD,683,-1,-0.15,"15,600",2026/08/03
2513,2513,7444,ハリマ共和物産(株),東証STD,"1,990",-3,-0.15,400,2026/08/03
2514,2514,7809,(株)壽屋,東証STD,"1,319",-2,-0.15,"1,200",2026/08/03
2515,2515,7879,(株)ノダ,東証STD,645,-1,-0.15,"5,400",2026/08/03
2516,2516,8522,(株)名古屋銀行,東証PRM,"6,500",-10,-0.15,"163,100",2026/08/03
2517,2517,9402,中部日本放送(株),名証PRM,"1,293",-2,-0.15,"10,500",2026/08/03
2518,2518,9709,ＮＣＳ＆Ａ(株),東証STD,"1,376",-2,-0.15,"5,300",2026/08/03
2519,2519,235A,GX 高配当30-日本株式,東証ETF,"1,390",-2,-0.14,"175,198",2026/08/03
2520,2520,2551,マルサンアイ(株),名証MN,"3,565",-5,-0.14,"1,700",2026/08/03
2521,2521,3059,ヒラキ(株),東証STD,709,-1,-0.14,"2,500",2026/08/03
2522,2522,3695,ＧＭＯプロダクトプラットフォーム(株),東証GRT,"1,443",-2,-0.14,"2,400",2026/08/03
2523,2523,509A,グリーンライト・再エネインフラ投資法人,東証,"73,000",-100,-0.14,83,2026/08/03
2524,2524,5918,瀧上工業(株),東証STD,"7,140",-10,-0.14,100,2026/08/03
2525,2525,6087,(株)アビスト,東証STD,"3,460",-5,-0.14,"2,000",2026/08/03
2526,2526,6335,(株)東京機械製作所,東証STD,715,-1,-0.14,"15,900",2026/08/03
2527,2527,8022,ミズノ(株),東証PRM,"3,690",-5,-0.14,"146,800",2026/08/03
2528,2528,8039,築地魚市場(株),東証STD,"3,505",-5,-0.14,"1,500",2026/08/03
2529,2529,9035,第一交通産業(株),福証,735,-1,-0.14,"8,300",2026/08/03
2530,2530,9353,櫻島埠頭(株),東証STD,"2,931",-4,-0.14,800,2026/08/03
2531,2531,1762,(株)高松コンストラクショングループ,東証PRM,"3,730",-5,-0.13,"50,300",2026/08/03
2532,2532,1997,暁飯島工業(株),東証STD,"3,800",-5,-0.13,"1,400",2026/08/03
2533,2533,2516,東証グロース250ETF,東証ETF,546.9,-0.7,-0.13,"127,730",2026/08/03
2534,2534,3824,メディアファイブ(株),福岡Q,743,-1,-0.13,100,2026/08/03
2535,2535,3941,レンゴー(株),東証PRM,"1,490",-2,-0.13,"867,300",2026/08/03
2536,2536,4197,(株)アスマーク,東証STD,"2,335",-3,-0.13,200,2026/08/03
2537,2537,4368,扶桑化学工業(株),東証PRM,"3,740",-5,-0.13,"648,900",2026/08/03
2538,2538,4929,(株)アジュバンホールディングス,東証STD,740,-1,-0.13,"1,800",2026/08/03
2539,2539,7185,ヒロセ通商(株),東証STD,"3,895",-5,-0.13,"3,100",2026/08/03
2540,2540,7596,(株)魚力,東証PRM,"2,287",-3,-0.13,"14,900",2026/08/03
2541,2541,8157,都築電気(株),東証PRM,"3,815",-5,-0.13,"99,100",2026/08/03
2542,2542,8595,ジャフコ　グループ(株),東証PRM,"2,239",-3,-0.13,"459,900",2026/08/03
2543,2543,9343,(株)アイビス,東証GRT,779,-1,-0.13,"19,700",2026/08/03
2544,2544,1497,iシェアーズ 米ドル建ハイイールド社債ETF(H有),東証ETF,"1,726",-2,-0.12,"8,551",2026/08/03
2545,2545,2169,ＣＤＳ(株),東証STD,"1,711",-2,-0.12,"2,500",2026/08/03
2546,2546,2554,(NEXT FUNDS)米国投資適格社債(1-10年)(H有),東証ETF,750.4,-0.9,-0.12,230,2026/08/03
2547,2547,2859,(NEXT FUNDS) ユーロ・ストックス50(H有),東証ETF,"3,207",-4,-0.12,"1,602",2026/08/03
2548,2548,3020,アプライド(株),東証STD,"4,090",-5,-0.12,"1,000",2026/08/03
2549,2549,3286,トラストホールディングス(株),東証STD,866,-1,-0.12,"3,300",2026/08/03
2550,2550,3600,(株)フジックス,東証STD,"1,706",-2,-0.12,400,2026/08/03
2551,2551,4345,(株)シーティーエス,東証PRM,844,-1,-0.12,"137,500",2026/08/03
2552,2552,4980,デクセリアルズ(株),東証PRM,"3,300",-4,-0.12,"1,558,200",2026/08/03
2553,2553,5252,日本ナレッジ(株),東証GRT,809,-1,-0.12,"12,900",2026/08/03
2554,2554,6209,リケンＮＰＲ(株),東証PRM,"4,070",-5,-0.12,"135,900",2026/08/03
2555,2555,7807,(株)幸和製作所,東証STD,855,-1,-0.12,400,2026/08/03
2556,2556,8707,岩井コスモホールディングス(株),東証PRM,"4,190",-5,-0.12,"119,700",2026/08/03
2557,2557,220A,(株)Ｆａｂｅｒ　Ｃｏｍｐａｎｙ,東証STD,926,-1,-0.11,"1,300",2026/08/03
2558,2558,2259,iシェアーズ フランス国債7-10年(H有),東証ETF,181.3,-0.2,-0.11,"60,750",2026/08/03
2559,2559,2791,大黒天物産(株),東証PRM,"4,490",-5,-0.11,"62,100",2026/08/03
2560,2560,3105,日清紡ホールディングス(株),東証PRM,"2,177",-2.5,-0.11,"742,600",2026/08/03
2561,2561,3396,(株)フェリシモ,東証STD,875,-1,-0.11,"3,400",2026/08/03
2562,2562,4186,東京応化工業(株),東証PRM,"8,872",-10,-0.11,"815,200",2026/08/03
2563,2563,4968,荒川化学工業(株),東証PRM,"1,817",-2,-0.11,"184,800",2026/08/03
2564,2564,6284,日精エー・エス・ビー機械(株),東証PRM,"9,060",-10,-0.11,"33,700",2026/08/03
2565,2565,6743,大同信号(株),東証STD,891,-1,-0.11,"12,000",2026/08/03
2566,2566,7515,(株)マルヨシセンター,東証STD,"4,565",-5,-0.11,200,2026/08/03
2567,2567,7963,興研(株),東証STD,"1,807",-2,-0.11,"2,600",2026/08/03
2568,2568,8306,(株)三菱ＵＦＪフィナンシャル・グループ,東証PRM,"3,567",-4,-0.11,"53,159,300",2026/08/03
2569,2569,9090,ＡＺ－ＣＯＭ丸和ホールディングス(株),東証PRM,920,-1,-0.11,"569,900",2026/08/03
2570,2570,9159,(株)Ｗ　ＴＯＫＹＯ,東証GRT,"1,888",-2,-0.11,"5,000",2026/08/03
2571,2571,9661,(株)歌舞伎座,東証STD,"4,480",-5,-0.11,"5,500",2026/08/03
2572,2572,2226,(株)湖池屋,東証STD,"4,760",-5,-0.1,"1,600",2026/08/03
2573,2573,2683,(株)魚喜,東証STD,"1,013",-1,-0.1,"2,400",2026/08/03
2574,2574,2857,iシェアーズ ドイツ国債 ETF(H有),東証ETF,625.3,-0.6,-0.1,50,2026/08/03
2575,2575,3082,(株)きちりホールディングス,東証STD,954,-1,-0.1,"5,200",2026/08/03
2576,2576,3140,ＢＲＵＮＯ(株),東証GRT,"1,000",-1,-0.1,"6,700",2026/08/03
2577,2577,542A,(株)ビタブリッドジャパン,東証GRT,"1,049",-1,-0.1,"5,100",2026/08/03
2578,2578,7076,名南Ｍ＆Ａ(株),名証MN,"1,031",-1,-0.1,"3,200",2026/08/03
2579,2579,8011,(株)三陽商会,東証PRM,"4,895",-5,-0.1,"49,100",2026/08/03
2580,2580,9072,ニッコンホールディングス(株),東証PRM,"5,038",-5,-0.1,"255,300",2026/08/03
2581,2581,9271,(株)和心,東証GRT,"1,001",-1,-0.1,"14,700",2026/08/03
2582,2582,1627,(NEXT FUNDS)電力･ガス上場投信,東証ETF,"11,550",-10,-0.09,"15,372",2026/08/03
2583,2583,3178,チムニー(株),東証STD,"1,146",-1,-0.09,"12,200",2026/08/03
2584,2584,3349,(株)コスモス薬品,東証PRM,"6,377",-6,-0.09,"449,300",2026/08/03
2585,2585,3912,(株)モバイルファクトリー,東証STD,"1,068",-1,-0.09,"3,200",2026/08/03
2586,2586,4116,大日精化工業(株),東証PRM,"1,113",-1,-0.09,"232,700",2026/08/03
2587,2587,4396,(株)システムサポートホールディングス,東証PRM,"1,118",-1,-0.09,"97,600",2026/08/03
2588,2588,537A,NZAM 上場投信 全世界株式(MSCI ACWI)(H無),東証ETF,"1,154",-1,-0.09,"2,549",2026/08/03
2589,2589,6513,(株)オリジン,東証STD,"1,054",-1,-0.09,"8,000",2026/08/03
2590,2590,6965,浜松ホトニクス(株),東証PRM,"2,321",-2,-0.09,"2,382,500",2026/08/03
2591,2591,9996,(株)サトー商会,東証STD,"2,270",-2,-0.09,300,2026/08/03
2592,2592,1487,上場インデックスファンド米国債券(H有),東証ETF,"11,770",-10,-0.08,502,2026/08/03
2593,2593,3391,(株)ツルハホールディングス,東証PRM,"2,422",-2,-0.08,"1,161,500",2026/08/03
2594,2594,3918,ＰＣＩホールディングス(株),東証STD,"1,219",-1,-0.08,"19,600",2026/08/03
2595,2595,465A,GX 日経平均株主還元40-日本株式,東証ETF,"1,287",-1,-0.08,"21,358",2026/08/03
2596,2596,4970,東洋合成工業(株),東証STD,"12,940",-10,-0.08,"101,700",2026/08/03
2597,2597,6417,(株)ＳＡＮＫＹＯ,東証PRM,"1,852.5",-1.5,-0.08,"1,050,600",2026/08/03
2598,2598,7046,ＴＤＳＥ(株),東証GRT,"1,299",-1,-0.08,"5,800",2026/08/03
2599,2599,9214,Ｒｅｃｏｖｅｒｙ　Ｉｎｔｅｒｎａｔｉｏｎａｌ(株),東証GRT,"1,284",-1,-0.08,100,2026/08/03
2600,2600,2122,(株)インタースペース,東証STD,"1,400",-1,-0.07,"3,800",2026/08/03
2601,2601,2997,(株)ストレージ王,東証GRT,"1,336",-1,-0.07,"5,000",2026/08/03
2602,2602,3091,(株)ブロンコビリー,東証PRM,"2,692",-2,-0.07,"181,500",2026/08/03
2603,2603,4100,戸田工業(株),東証STD,"1,402",-1,-0.07,"85,600",2026/08/03
2604,2604,4689,ＬＩＮＥヤフー(株),東証PRM,446.5,-0.3,-0.07,"24,757,400",2026/08/03
2605,2605,6752,パナソニック　ホールディングス(株),東証PRM,"4,281",-3,-0.07,"20,470,200",2026/08/03
2606,2606,6963,ローム(株),東証PRM,"4,328",-3,-0.07,"5,063,700",2026/08/03
2607,2607,7058,共栄セキュリティーサービス(株),東証STD,"2,971",-2,-0.07,100,2026/08/03
2608,2608,7678,(株)あさくま,東証STD,"2,988",-2,-0.07,"16,200",2026/08/03
2609,2609,7749,メディキット(株),東証STD,"2,802",-2,-0.07,500,2026/08/03
2610,2610,9602,東宝(株),東証PRM,"1,521",-1,-0.07,"3,600,800",2026/08/03
2611,2611,9664,(株)御園座,名証MN,"1,504",-1,-0.07,"2,500",2026/08/03
2612,2612,2622,iシェアーズ 米ドル建て新興国債券(H有),東証ETF,"1,698",-1,-0.06,"5,290",2026/08/03
2613,2613,3182,オイシックス(株),東証PRM,"1,628",-1,-0.06,"139,700",2026/08/03
2614,2614,3663,(株)セルシス,東証PRM,"1,722",-1,-0.06,"454,800",2026/08/03
2615,2615,4012,(株)アクシス,東証STD,"1,737",-1,-0.06,"5,300",2026/08/03
2616,2616,4171,(株)グローバルインフォメーション,東証STD,"1,665",-1,-0.06,"1,800",2026/08/03
2617,2617,570A,iシェアーズ 日本国債0-1年,東証ETF,901.4,-0.5,-0.06,"23,650",2026/08/03
2618,2618,7377,ＤＮホールディングス(株),東証STD,"1,754",-1,-0.06,700,2026/08/03
2619,2619,7502,(株)プラザホールディングス,東証STD,"1,650",-1,-0.06,"1,200",2026/08/03
2620,2620,7643,(株)ダイイチ,東証STD,"1,716",-1,-0.06,"1,500",2026/08/03
2621,2621,9365,トレーディア(株),東証STD,"1,684",-1,-0.06,600,2026/08/03
2622,2622,9686,東洋テック(株),東証STD,"1,640",-1,-0.06,"4,600",2026/08/03
2623,2623,4242,(株)タカギセイコー,東証STD,"1,860",-1,-0.05,"4,300",2026/08/03
2624,2624,4270,(株)ＢｅｅＸ,東証GRT,"1,823",-1,-0.05,600,2026/08/03
2625,2625,6361,荏原,東証PRM,"5,555",-3,-0.05,"2,045,800",2026/08/03
2626,2626,6626,ＳＥＭＩＴＥＣ(株),東証STD,"1,993",-1,-0.05,"12,700",2026/08/03
2627,2627,6894,パルステック工業(株),東証STD,"2,119",-1,-0.05,"1,000",2026/08/03
2628,2628,7733,オリンパス(株),東証PRM,"1,819",-1,-0.05,"4,210,500",2026/08/03
2629,2629,467A,GX 米ドル建て投資適格社債(H有),東証ETF,279.5,-0.1,-0.04,540,2026/08/03
2630,2630,50765,インフロニア・ホールディングス（株）第1回社債型種類株式,東証PRM,"4,630",-2,-0.04,"5,800",2026/08/03
2631,2631,515A,iシェアーズ 高格付け日本円社債 ETF,東証ETF,501.5,-0.2,-0.04,520,2026/08/03
2632,2632,6249,(株)ゲームカードホールディングス,東証STD,"2,635",-1,-0.04,"6,200",2026/08/03
2633,2633,7180,(株)九州フィナンシャルグループ,東証PRM,"1,484",-0.5,-0.03,"1,797,500",2026/08/03
2634,2634,2229,カルビー(株),東証PRM,"2,903.5",-0.5,-0.02,"619,700",2026/08/03
