順位(全市場),順位,コード,銘柄名,市場,現在値,前日比,騰落率(%),出来高,時刻
1,1,6513,(株)オリジン,東証STD,"1,376",+300,27.88,"504,200",2026/08/14
2,2,7815,東京ボード工業(株),東証STD,387,+80,26.06,"117,300",2026/08/14
3,3,8995,(株)誠建設工業,東証STD,"1,580",+300,23.44,"573,100",2026/08/14
4,4,4480,(株)メドレー,東証PRM,"2,677",+500,22.97,"878,200",2026/08/14
5,5,3633,ＧＭＯペパボ(株),東証STD,"2,200",+400,22.22,"43,000",2026/08/14
6,6,479A,ＰＲＯＮＩ(株),東証GRT,"1,734",+297,20.67,"361,400",2026/08/14
7,7,2585,(株)ライフドリンクカンパニー,東証PRM,"1,787",+300,20.17,"2,318,800",2026/08/14
8,8,3659,(株)ネクソン,東証PRM,"3,022",+500.5,19.85,"786,300",2026/08/14
9,9,9557,(株)エアークローゼット,東証GRT,231,+38,19.69,"703,200",2026/08/14
10,10,150A,(株)ＪＳＨ,東証GRT,619,+100,19.27,"20,600",2026/08/14
11,11,6027,弁護士ドットコム(株),東証PRM,"3,750",+600,19.05,"1,095,200",2026/08/14
12,12,3660,(株)アイスタイル,東証PRM,517,+80,18.31,"2,817,000",2026/08/14
13,13,9399,ビート・ホールディングス・リミテッド,東証STD外国,13,+2,18.18,"1,064,701",2026/08/14
14,14,3103,ユニチカ(株),東証STD,"1,594",+244,18.07,"45,765,900",2026/08/14
15,15,4377,(株)ワンキャリア,東証GRT,"2,557",+391,18.05,"523,300",2026/08/14
16,16,4478,フリー(株),東証GRT,"3,345",+501,17.62,"941,400",2026/08/14
17,17,6904,原田工業(株),東証STD,540,+80,17.39,"87,700",2026/08/14
18,18,4392,ＦＩＧ(株),東証PRM,"1,050",+150,16.67,"4,881,100",2026/08/14
19,19,3895,ハビックス(株),東証STD,569,+80,16.36,"573,800",2026/08/14
20,20,4255,ＴＨＥＣＯＯ(株),東証GRT,"3,720",+520,16.25,"146,300",2026/08/14
21,21,3937,(株)Ｕｂｉｃｏｍホールディングス,東証STD,"1,205",+167,16.09,"340,900",2026/08/14
22,22,5892,(株)ｙｕｔｏｒｉ,東証GRT,"2,534",+337,15.34,"432,200",2026/08/14
23,23,4180,Ａｐｐｉｅｒ　Ｇｒｏｕｐ(株),東証PRM,"1,132",+150,15.27,"572,400",2026/08/14
24,24,5592,(株)くすりの窓口,東証GRT,"2,880",+377,15.06,"382,200",2026/08/14
25,25,4165,(株)プレイド,東証GRT,683,+89,14.98,"2,921,100",2026/08/14
26,26,5137,(株)スマートドライブ,東証GRT,266,+34,14.66,"1,578,200",2026/08/14
27,27,6522,(株)アスタリスク,東証GRT,"2,165",+264,13.89,"5,167,800",2026/08/14
28,28,6694,(株)ズーム,東証STD,759,+90,13.45,"167,400",2026/08/14
29,29,6376,日機装(株),東証PRM,"4,385",+510,13.16,"1,636,900",2026/08/14
30,30,6918,(株)アバールデータ,東証STD,"3,930",+445,12.77,"382,100",2026/08/14
31,31,7727,(株)オーバル,東証STD,925,+104,12.67,"620,300",2026/08/14
32,32,291A,(株)リスキル,東証GRT,"2,027",+212,11.68,"24,000",2026/08/14
33,33,4020,ビートレンド(株),東証GRT,785,+82,11.66,"13,300",2026/08/14
34,34,3810,サイバーステップホールディングス(株),東証STD,212,+22,11.58,"2,247,100",2026/08/14
35,35,7936,(株)アシックス,東証PRM,"5,281",+515,10.81,"26,323,200",2026/08/14
36,36,8508,Ｊトラスト(株),東証STD,895,+86,10.63,"2,884,300",2026/08/14
37,37,194A,(株)ＷＯＬＶＥＳ　ＨＡＮＤ,東証GRT,"2,100",+200,10.53,"287,400",2026/08/14
38,38,141A,(株)トライアルホールディングス,東証GRT,"3,680",+350,10.51,"3,409,500",2026/08/14
39,39,3994,(株)マネーフォワード,東証PRM,"6,479",+605,10.3,"1,220,300",2026/08/14
40,40,558A,(株)ＳＱＵＥＥＺＥ,東証GRT,"5,040",+465,10.16,"80,400",2026/08/14
41,41,6862,ミナトホールディングス(株),東証STD,"3,800",+350,10.14,"3,707,500",2026/08/14
42,42,8918,(株)ランド,東証STD,11,+1,10.0,"337,155,900",2026/08/14
43,43,7409,ＡｅｒｏＥｄｇｅ(株),東証GRT,"1,683",+152,9.93,"863,800",2026/08/14
44,44,4419,(株)Ｆｉｎａｔｅｘｔホールディングス,東証GRT,"1,394",+125,9.85,"2,070,500",2026/08/14
45,45,3968,セグエグループ(株),東証PRM,648,+58,9.83,"1,702,500",2026/08/14
46,46,2437,Ｓｈｉｎｗａ　Ｗｉｓｅ　Ｈｏｌｄｉｎｇｓ(株),東証STD,638,+57,9.81,"229,200",2026/08/14
47,47,2120,(株)ＬＩＦＵＬＬ,東証PRM,243,+21,9.46,"3,177,000",2026/08/14
48,48,5287,(株)イトーヨーギョー,東証STD,893,+77,9.44,"177,900",2026/08/14
49,49,3237,(株)イントランス,東証GRT,107,+9,9.18,"554,100",2026/08/14
50,50,4022,ラサ工業(株),東証PRM,"2,370",+199,9.17,"1,650,300",2026/08/14
51,51,3156,(株)レスター,東証PRM,"5,510",+460,9.11,"214,500",2026/08/14
52,52,5038,(株)ｅＷｅＬＬ,東証GRT,"2,302",+188,8.89,"167,200",2026/08/14
53,53,586A,(NEXT FUNDS) 日経エンタメ・コンテンツ株指数,東証ETF,256.3,+19.8,8.37,"1,153,260",2026/08/14
54,54,3907,シリコンスタジオ(株),東証STD,"1,595",+123,8.36,"755,700",2026/08/14
55,55,4390,(株)アイ・ピー・エス,東証PRM,"4,045",+305,8.16,"153,400",2026/08/14
56,56,9327,(株)イー・ロジット,東証STD,204,+15,7.94,"15,400",2026/08/14
57,57,4052,フィーチャ(株),東証GRT,629,+46,7.89,"2,200,400",2026/08/14
58,58,336A,ダイナミックマッププラットフォーム(株),東証GRT,805,+58,7.76,"252,800",2026/08/14
59,59,3672,(株)オルトプラス,東証STD,28,+2,7.69,"123,700",2026/08/14
60,60,4169,ＥＮＥＣＨＡＮＧＥ(株),東証GRT,337,+24,7.67,"4,636,500",2026/08/14
61,61,5574,(株)ＡＢＥＪＡ,東証GRT,"3,030",+215,7.64,"271,500",2026/08/14
62,62,4397,(株)チームスピリット,東証GRT,423,+30,7.63,"208,300",2026/08/14
63,63,4420,イーソル(株),東証STD,737,+52,7.59,"195,600",2026/08/14
64,64,3697,(株)ＳＨＩＦＴ,東証PRM,956.1,+67.3,7.57,"6,610,900",2026/08/14
65,65,4331,(株)テイクアンドギヴ・ニーズ,東証PRM,733,+51,7.48,"397,000",2026/08/14
66,66,3993,(株)ＰＫＳＨＡ　Ｔｅｃｈｎｏｌｏｇｙ,東証PRM,"3,170",+219,7.42,"1,713,900",2026/08/14
67,67,6444,サンデン(株),東証STD,203,+14,7.41,"425,500",2026/08/14
68,68,7715,長野計器(株),東証PRM,"4,420",+305,7.41,"329,200",2026/08/14
69,69,3923,(株)ラクス,東証PRM,"1,175",+81,7.4,"3,787,700",2026/08/14
70,70,5586,(株)Ｌａｂｏｒｏ．ＡＩ,東証GRT,902,+62,7.38,"359,200",2026/08/14
71,71,2033,NEXT NOTES 韓国KOSPI･ダブル･ブルETN,東証ETF,"76,980","+5,270",7.35,"5,328",2026/08/14
72,72,4381,ビープラッツ(株),東証GRT,429,+29,7.25,"1,518,000",2026/08/14
73,73,4584,キッズウェル・バイオ(株),東証GRT,163,+11,7.24,"806,800",2026/08/14
74,74,7694,(株)いつも,東証GRT,566,+38,7.2,"132,300",2026/08/14
75,75,9170,成友興業(株),名証MN,"1,860",+125,7.2,"1,100",2026/08/14
76,76,173A,(株)ハンモック,東証GRT,"1,575",+105,7.14,"17,700",2026/08/14
77,77,3628,(株)データホライゾン,東証GRT,602,+40,7.12,"17,600",2026/08/14
78,78,6058,(株)ベクトル,東証PRM,"1,849",+121,7.0,"538,500",2026/08/14
79,79,6627,(株)テラプローブ,東証STD,"12,840",+840,7.0,"296,000",2026/08/14
80,80,8066,三谷商事(株),東証STD,"3,230",+210,6.95,"38,700",2026/08/14
81,81,7974,任天堂(株),東証PRM,"8,900",+575,6.91,"18,615,900",2026/08/14
82,82,2640,GX ゲーム＆アニメ-日本株式,東証ETF,"4,300",+277,6.89,"45,483",2026/08/14
83,83,378A,(株)ヒット,東証GRT,"1,211",+78,6.88,"112,400",2026/08/14
84,84,421A,(株)ムービン・ストラテジック・キャリア,東証GRT,"3,900",+250,6.85,"139,900",2026/08/14
85,85,3034,クオールホールディングス(株),東証PRM,"2,638",+168,6.8,"348,100",2026/08/14
86,86,7389,(株)あいちフィナンシャルグループ,東証PRM,"1,868",+118,6.74,"2,076,300",2026/08/14
87,87,3944,古林紙工(株),東証STD,"3,180",+200,6.71,"4,300",2026/08/14
88,88,4431,(株)スマレジ,東証GRT,"3,435",+215,6.68,"117,900",2026/08/14
89,89,4583,(株)カイオム・バイオサイエンス,東証GRT,80,+5,6.67,"1,241,600",2026/08/14
90,90,6731,(株)ピクセラ,東証STD,115,+7,6.48,"239,800",2026/08/14
91,91,135A,(株)ＶＲＡＩＮ　Ｓｏｌｕｔｉｏｎ,東証GRT,"4,120",+250,6.46,"102,000",2026/08/14
92,92,4597,ソレイジア・ファーマ(株),東証GRT,33,+2,6.45,"56,490,900",2026/08/14
93,93,4883,(株)モダリス,東証GRT,33,+2,6.45,"465,700",2026/08/14
94,94,3710,ジョルダン(株),東証STD,661,+40,6.44,"119,500",2026/08/14
95,95,3538,(株)ウイルプラスホールディングス,東証STD,"1,029",+62,6.41,"113,600",2026/08/14
96,96,6526,(株)ソシオネクスト,東証PRM,"2,118.5",+127,6.38,"9,203,900",2026/08/14
97,97,4418,(株)ＪＤＳＣ,東証GRT,852,+51,6.37,"407,300",2026/08/14
98,98,6563,(株)みらいワークス,東証GRT,537,+32,6.34,"20,000",2026/08/14
99,99,7094,(株)ＮｅｘＴｏｎｅ,東証GRT,"1,760",+105,6.34,"117,600",2026/08/14
100,100,5885,(株)ジーデップ・アドバンス,東証STD,"3,285",+195,6.31,"124,300",2026/08/14
101,101,9319,(株)中央倉庫,東証PRM,"1,890",+112,6.3,"58,400",2026/08/14
102,102,8281,ゼビオホールディングス(株),東証PRM,"1,218",+72,6.28,"647,900",2026/08/14
103,103,590A,ギフティグループ(株),東証PRM,"1,188",+70,6.26,"427,200",2026/08/14
104,104,7552,(株)ハピネット,東証PRM,"3,480",+205,6.26,"392,800",2026/08/14
105,105,9562,ビジネスコーチ(株),東証GRT,584,+34,6.18,"11,000",2026/08/14
106,106,3131,シンデン・ハイテックス(株),東証STD,"6,880",+400,6.17,"146,000",2026/08/14
107,107,5587,(株)インバウンドプラットフォーム,東証GRT,968,+56,6.14,"53,900",2026/08/14
108,108,5724,(株)アサカ理研,東証STD,"3,000",+172,6.08,"181,700",2026/08/14
109,109,3925,(株)ダブルスタンダード,東証PRM,"1,333",+76,6.05,"176,700",2026/08/14
110,110,3694,(株)オプティム,東証PRM,442,+25,6.0,"474,200",2026/08/14
111,111,8398,(株)筑邦銀行,福証,"2,250",+127,5.98,"1,800",2026/08/14
112,112,5027,ＡｎｙＭｉｎｄ　Ｇｒｏｕｐ(株),東証GRT,623,+35,5.95,"723,500",2026/08/14
113,113,4443,Ｓａｎｓａｎ(株),東証PRM,"2,106",+118,5.94,"1,369,300",2026/08/14
114,114,4776,サイボウズ(株),東証PRM,"2,945",+165,5.94,"746,900",2026/08/14
115,115,4412,(株)サイエンスアーツ,東証GRT,"1,220",+68,5.9,"37,400",2026/08/14
116,116,4475,ＨＥＮＮＧＥ(株),東証GRT,"1,529",+85,5.89,"630,000",2026/08/14
117,117,7779,ＣＹＢＥＲＤＹＮＥ(株),東証GRT,256,+14,5.79,"2,915,900",2026/08/14
118,118,265A,Ｈｍｃｏｍｍ(株),東証GRT,716,+39,5.76,"37,400",2026/08/14
119,119,2820,(株)やまみ,東証STD,"5,900",+320,5.73,"62,100",2026/08/14
120,120,6758,ソニーグループ(株),東証PRM,"3,912",+212,5.73,"23,873,300",2026/08/14
121,121,6340,澁谷工業(株),東証PRM,"5,400",+290,5.68,"367,700",2026/08/14
122,122,2351,(株)ＡＳＪ,東証STD,337,+18,5.64,"32,600",2026/08/14
123,123,2492,(株)インフォマート,東証PRM,614,+32,5.5,"3,229,700",2026/08/14
124,124,9424,日本通信(株),東証PRM,115,+6,5.5,"2,115,400",2026/08/14
125,125,6840,(株)ＡＫＩＢＡホールディングス,東証STD,736,+38,5.44,"1,313,000",2026/08/14
126,126,5189,櫻護謨(株),東証STD,"3,825",+195,5.37,"18,400",2026/08/14
127,127,5985,サンコール(株),東証STD,"2,138",+109,5.37,"2,174,000",2026/08/14
128,128,8065,佐藤商事(株),東証PRM,"3,925",+200,5.37,"132,600",2026/08/14
129,129,3854,(株)アイル,東証PRM,"2,439",+124,5.36,"212,300",2026/08/14
130,130,9346,(株)ココルポート,東証GRT,"1,841",+93,5.32,"55,500",2026/08/14
131,131,4071,(株)プラスアルファ・コンサルティング,東証PRM,"2,224",+111,5.25,"694,400",2026/08/14
132,132,7878,(株)光・彩,東証STD,"1,368",+68,5.23,800,2026/08/14
133,133,9554,(株)ＡＶｉＣ,東証GRT,"1,770",+88,5.23,"99,800",2026/08/14
134,134,5884,(株)クラダシ,東証GRT,668,+33,5.2,"216,100",2026/08/14
135,135,4427,(株)ＥｄｕＬａｂ,東証GRT,223,+11,5.19,"134,400",2026/08/14
136,136,4073,(株)ジィ・シィ企画,東証GRT,570,+28,5.17,"64,800",2026/08/14
137,137,5707,東邦亜鉛(株),東証PRM,"1,081",+53,5.16,"1,546,000",2026/08/14
138,138,8518,日本アジア投資(株),東証STD,143,+7,5.15,"77,900",2026/08/14
139,139,544A,ＧＭＳグループ(株),東証PRM,349,+17,5.12,"1,358,900",2026/08/14
140,140,2413,エムスリー(株),東証PRM,"1,697.5",+82.5,5.11,"6,308,000",2026/08/14
141,141,6193,バーチャレクス・ホールディングス(株),東証GRT,"1,093",+53,5.1,"16,600",2026/08/14
142,142,6701,ＮＥＣ,東証PRM,"5,168",+251,5.1,"8,970,600",2026/08/14
143,143,6258,平田機工(株),東証PRM,"3,825",+185,5.08,"640,300",2026/08/14
144,144,5132,(株)ｐｌｕｓｚｅｒｏ,東証GRT,"2,011",+97,5.07,"43,700",2026/08/14
145,145,4178,(株)Ｓｈａｒｉｎｇ　Ｉｎｎｏｖａｔｉｏｎｓ,東証GRT,520,+25,5.05,"7,200",2026/08/14
146,146,3778,さくらインターネット(株),東証PRM,"3,870",+185,5.02,"1,747,400",2026/08/14
147,147,436A,サイバーソリューションズ(株),東証GRT,"1,113",+53,5.0,"77,800",2026/08/14
148,148,9087,タカセ(株),東証STD,"2,100",+100,5.0,"1,700",2026/08/14
149,149,4978,(株)リプロセル,東証GRT,148,+7,4.96,"1,489,200",2026/08/14
150,150,4976,東洋ドライルーブ(株),東証STD,"1,400",+66,4.95,"15,600",2026/08/14
151,151,3763,(株)プロシップ,東証PRM,"2,022",+95,4.93,"88,400",2026/08/14
152,152,4177,(株)ｉ－ｐｌｕｇ,東証GRT,"1,598",+75,4.92,"4,500",2026/08/14
153,153,3040,(株)ソリトンシステムズ,東証PRM,"2,563",+119,4.87,"276,700",2026/08/14
154,154,3984,(株)ユーザーローカル,東証PRM,"1,594",+74,4.87,"191,300",2026/08/14
155,155,6433,ヒーハイスト(株),東証STD,"1,014",+47,4.86,"107,300",2026/08/14
156,156,5575,(株)Ｇｌｏｂｅｅ,東証GRT,"1,233",+57,4.85,"24,900",2026/08/14
157,157,3771,(株)システムリサーチ,東証PRM,"1,929",+89,4.84,"113,400",2026/08/14
158,158,4375,セーフィー(株),東証GRT,655,+30,4.8,"323,700",2026/08/14
159,159,4288,(株)アズジェント,東証STD,483,+22,4.77,"19,900",2026/08/14
160,160,6199,(株)セラク,東証STD,"1,472",+67,4.77,"38,900",2026/08/14
161,161,3189,(株)ＡＮＡＰホールディングス,東証STD,110,+5,4.76,"305,000",2026/08/14
162,162,332A,ミーク(株),東証GRT,"1,080",+49,4.75,"161,100",2026/08/14
163,163,9166,(株)ＧＥＮＤＡ,東証GRT,740,+33,4.67,"2,986,800",2026/08/14
164,164,2070,スマート ESG30 女性活躍(ネットリターン)ETN,東証ETF,"16,975",+755,4.65,3,2026/08/14
165,165,7256,河西工業(株),東証STD,451,+20,4.64,"4,284,600",2026/08/14
166,166,8364,(株)清水銀行,東証PRM,"3,075",+136,4.63,"69,700",2026/08/14
167,167,9692,(株)シーイーシー,東証PRM,"2,410",+106,4.6,"205,700",2026/08/14
168,168,247A,Ａｉロボティクス(株),東証GRT,866,+38,4.59,"1,690,800",2026/08/14
169,169,5715,古河機械金属(株),東証PRM,"4,215",+185,4.59,"997,100",2026/08/14
170,170,6135,(株)牧野フライス製作所,東証PRM,"15,350",+670,4.56,"272,500",2026/08/14
171,171,5244,(株)ｊｉｇ．ｊｐ,東証GRT,185,+8,4.52,"930,400",2026/08/14
172,172,8136,(株)サンリオ,東証PRM,"1,282.5",+55.5,4.52,"43,179,000",2026/08/14
173,173,5563,新日本電工(株),東証PRM,443,+19,4.48,"948,400",2026/08/14
174,174,4849,エン(株),東証PRM,"1,495",+64,4.47,"384,000",2026/08/14
175,175,6245,(株)ヒラノテクシード,東証STD,"1,869",+80,4.47,"92,900",2026/08/14
176,176,8562,(株)福島銀行,東証STD,374,+16,4.47,"670,100",2026/08/14
177,177,6532,(株)ベイカレント,東証PRM,"7,687",+328,4.46,"1,650,700",2026/08/14
178,178,3036,アルコニックス(株),東証PRM,"3,755",+160,4.45,"207,600",2026/08/14
179,179,7033,(株)マネジメントソリューションズ,東証PRM,"1,520",+64,4.4,"167,700",2026/08/14
180,180,4417,グローバルセキュリティエキスパート(株),東証GRT,"4,760",+200,4.39,"78,100",2026/08/14
181,181,7504,(株)高速,東証PRM,"4,870",+205,4.39,"89,600",2026/08/14
182,182,3556,リネットジャパングループ(株),東証GRT,881,+37,4.38,"187,800",2026/08/14
183,183,4376,(株)くふうカンパニーホールディングス,東証GRT,167,+7,4.38,"58,400",2026/08/14
184,184,6551,(株)ツナググループ・ホールディングス,東証STD,620,+26,4.38,"35,000",2026/08/14
185,185,7522,ワタミ(株),東証PRM,"1,000",+42,4.38,"400,800",2026/08/14
186,186,3371,(株)ソフトクリエイトホールディングス,東証PRM,"2,059",+86,4.36,"71,900",2026/08/14
187,187,9107,川崎汽船(株),東証PRM,"3,030",+126.5,4.36,"7,773,700",2026/08/14
188,188,5273,三谷セキサン(株),東証STD,"1,943",+81,4.35,"84,800",2026/08/14
189,189,4767,(株)テー・オー・ダブリュー,東証STD,387,+16,4.31,"456,500",2026/08/14
190,190,7269,スズキ(株),東証PRM,"2,086.5",+86,4.3,"8,220,700",2026/08/14
191,191,298A,ＧＶＡ　ＴＥＣＨ(株),東証GRT,340,+14,4.29,"31,100",2026/08/14
192,192,3679,(株)じげん,東証PRM,439,+18,4.28,"551,600",2026/08/14
193,193,8338,(株)筑波銀行,東証PRM,755,+31,4.28,"3,818,100",2026/08/14
194,194,9726,ＫＮＴ－ＣＴホールディングス(株),東証STD,"1,972",+81,4.28,"33,500",2026/08/14
195,195,3719,ＡＩストーム(株),東証STD,122,+5,4.27,"901,900",2026/08/14
196,196,6470,大豊工業(株),東証STD,"1,197",+49,4.27,"81,700",2026/08/14
197,197,6614,(株)シキノハイテック,東証STD,904,+37,4.27,"14,000",2026/08/14
198,198,9702,(株)アイ・エス・ビー,東証PRM,"2,568",+105,4.26,"41,700",2026/08/14
199,199,2854,GX テック・トップ20-日本株式,東証ETF,"3,020",+123,4.25,"1,323,500",2026/08/14
200,200,5380,新東(株),東証STD,"1,178",+48,4.25,"3,300",2026/08/14
201,201,478A,(株)フツパー,東証GRT,789,+32,4.23,"117,800",2026/08/14
202,202,3914,ＪＩＧ－ＳＡＷ(株),東証GRT,"2,397",+97,4.22,"31,700",2026/08/14
203,203,299A,クラシル(株),東証GRT,"1,163",+47,4.21,"129,200",2026/08/14
204,204,7637,白銅(株),東証PRM,"3,970",+160,4.2,"86,900",2026/08/14
205,205,2215,第一屋製パン(株),東証STD,650,+26,4.17,"49,000",2026/08/14
206,206,460A,ＢＲＡＮＵ(株),東証GRT,"1,000",+40,4.17,"36,200",2026/08/14
207,207,7111,ＩＮＥＳＴ(株),東証STD,500,+20,4.17,"15,000",2026/08/14
208,208,1443,技研ホールディングス(株),東証STD,276,+11,4.15,"351,300",2026/08/14
209,209,3542,(株)ベガコーポレーション,東証GRT,"1,455",+58,4.15,"18,900",2026/08/14
210,210,9310,日本トランスシティ(株),東証PRM,"1,435",+57,4.14,"134,400",2026/08/14
211,211,4902,コニカミノルタ(株),東証PRM,690.9,+27.4,4.13,"4,883,200",2026/08/14
212,212,559A,梅乃宿酒造(株),東証STD,"1,160",+46,4.13,"33,400",2026/08/14
213,213,276A,ククレブ・アドバイザーズ(株),東証GRT,"3,540",+140,4.12,"17,900",2026/08/14
214,214,4629,大伸化学(株),東証STD,"2,150",+85,4.12,"5,300",2026/08/14
215,215,6508,(株)明電舎,東証PRM,"12,370",+490,4.12,"397,900",2026/08/14
216,216,8746,ｕｎｂａｎｋｅｄ(株),東証STD,101,+4,4.12,"99,700",2026/08/14
217,217,6317,(株)北川鉄工所,東証STD,"1,875",+74,4.11,"68,200",2026/08/14
218,218,1435,(株)ｒｏｂｏｔ　ｈｏｍｅ,東証STD,178,+7,4.09,"656,000",2026/08/14
219,219,324A,(株)ブッキングリゾート,東証GRT,767,+30,4.07,"17,600",2026/08/14
220,220,6574,(株)コンヴァノ,東証GRT,103,+4,4.04,"4,262,800",2026/08/14
221,221,9556,ＩＮＴＬＯＯＰ(株),東証GRT,"2,060",+80,4.04,"42,800",2026/08/14
222,222,7609,ダイトロン(株),東証PRM,"4,770",+185,4.03,"178,500",2026/08/14
223,223,4371,(株)コアコンセプト・テクノロジー,東証GRT,"1,525",+59,4.02,"35,600",2026/08/14
224,224,4687,ＴＤＣソフト(株),東証PRM,"1,036",+40,4.02,"128,400",2026/08/14
225,225,6217,津田駒工業(株),東証STD,828,+32,4.02,"315,800",2026/08/14
226,226,2330,(株)フォーサイド,東証STD,78,+3,4.0,"401,400",2026/08/14
227,227,3176,三洋貿易(株),東証PRM,"1,170",+45,4.0,"636,100",2026/08/14
228,228,9928,(株)ミロク情報サービス,東証PRM,"1,923",+74,4.0,"55,800",2026/08/14
229,229,3901,マークラインズ(株),東証PRM,"1,615",+62,3.99,"158,500",2026/08/14
230,230,4591,(株)リボミック,東証GRT,79,+3,3.95,"991,600",2026/08/14
231,231,2307,(株)クロスキャット,東証PRM,"1,082",+41,3.94,"80,000",2026/08/14
232,232,296A,令和アカウンティング・ホールディングス(株),東証GRT,928,+35,3.92,"60,700",2026/08/14
233,233,4574,大幸薬品(株),東証PRM,266,+10,3.91,"515,200",2026/08/14
234,234,4118,(株)カネカ,東証PRM,"6,345",+238,3.9,"914,000",2026/08/14
235,235,4373,シンプレクス・ホールディングス(株),東証PRM,"1,172",+44,3.9,"953,800",2026/08/14
236,236,7565,萬世電機(株),東証STD,"8,000",+300,3.9,700,2026/08/14
237,237,6871,(株)日本マイクロニクス,東証PRM,"15,020",+560,3.87,"2,300,600",2026/08/14
238,238,7318,セレンディップ・ホールディングス(株),東証GRT,"1,476",+55,3.87,"128,400",2026/08/14
239,239,6482,ＹＵＳＨＩＮ(株),東証STD,727,+27,3.86,"107,800",2026/08/14
240,240,604A,(株)ビーエイブル,東証STD,999,+37,3.85,"423,100",2026/08/14
241,241,6573,ＣＲＡＶＩＡ(株),東証GRT,27,+1,3.85,"993,500",2026/08/14
242,242,3683,(株)サイバーリンクス,東証STD,"1,109",+41,3.84,"60,000",2026/08/14
243,243,5843,ニッポンインシュア(株),東証STD,"2,489",+92,3.84,"17,700",2026/08/14
244,244,2646,GX メタルビジネス-日本株式,東証ETF,"3,850",+142,3.83,"19,044",2026/08/14
245,245,186A,(株)アストロスケールホールディングス,東証GRT,"1,333",+49,3.82,"4,154,900",2026/08/14
246,246,4448,(株)ｋｕｂｅｌｌ,東証GRT,326,+12,3.82,"172,700",2026/08/14
247,247,5971,(株)共和工業所,東証STD,"8,160",+300,3.82,900,2026/08/14
248,248,9278,ブックオフグループホールディングス(株),東証PRM,"2,926",+107,3.8,"116,000",2026/08/14
249,249,7527,(株)システムソフト,東証STD,55,+2,3.77,"1,924,100",2026/08/14
250,250,9697,(株)カプコン,東証PRM,"4,180",+152,3.77,"2,220,900",2026/08/14
251,251,285A,キオクシアホールディングス(株),東証PRM,"53,740","+1,940",3.75,"45,148,800",2026/08/14
252,252,2518,(NEXT FUNDS) MSCI日本株女性活躍(セレクト)上場投信,東証ETF,"2,471",+89,3.74,181,2026/08/14
253,253,5033,(株)ヌーラボ,東証GRT,859,+31,3.74,"20,100",2026/08/14
254,254,6291,日本エアーテック(株),東証STD,"1,365",+49,3.72,"66,600",2026/08/14
255,255,3042,(株)セキュアヴェイル,東証STD,308,+11,3.7,"40,900",2026/08/14
256,256,8737,(株)あかつき本社,東証STD,646,+23,3.69,"235,500",2026/08/14
257,257,3843,フリービット(株),東証PRM,"1,695",+60,3.67,"77,700",2026/08/14
258,258,9344,アクシスコンサルティング(株),東証GRT,989,+35,3.67,"5,900",2026/08/14
259,259,5644,(株)メタルアート,東証STD,"7,390",+260,3.65,"5,600",2026/08/14
260,260,5989,(株)エイチワン,東証PRM,"1,510",+53,3.64,"238,200",2026/08/14
261,261,6457,グローリー(株),東証PRM,"4,925",+173,3.64,"222,500",2026/08/14
262,262,3915,(株)テラスカイ,東証PRM,"2,424",+85,3.63,"100,500",2026/08/14
263,263,5580,(株)プロディライト,東証GRT,"1,711",+60,3.63,"3,700",2026/08/14
264,264,8056,ＢＩＰＲＯＧＹ(株),東証PRM,"4,653",+163,3.63,"812,300",2026/08/14
265,265,3625,テックファームホールディングス(株),東証GRT,660,+23,3.61,"21,100",2026/08/14
266,266,6572,オープングループ(株),東証PRM,258,+9,3.61,"272,800",2026/08/14
267,267,1332,(株)ニッスイ,東証PRM,"1,310",+45.5,3.6,"2,011,000",2026/08/14
268,268,581A,ＧＯ(株),東証GRT,"3,600",+125,3.6,"1,441,400",2026/08/14
269,269,6330,東洋エンジニアリング(株),東証PRM,"2,590",+90,3.6,"6,631,200",2026/08/14
270,270,9211,(株)エフ・コード,東証GRT,"1,584",+55,3.6,"215,100",2026/08/14
271,271,3236,(株)プロパスト,東証STD,289,+10,3.58,"154,000",2026/08/14
272,272,4263,サスメド(株),東証GRT,549,+19,3.58,"150,700",2026/08/14
273,273,2436,共同ピーアール(株),東証STD,638,+22,3.57,"68,600",2026/08/14
274,274,6638,(株)ミマキエンジニアリング,東証PRM,"2,002",+69,3.57,"182,400",2026/08/14
275,275,9236,ジャパンＭ＆Ａソリューション(株),東証GRT,"1,304",+45,3.57,"3,600",2026/08/14
276,276,2502,アサヒグループホールディングス(株),東証PRM,"1,743.5",+60,3.56,"14,799,200",2026/08/14
277,277,5232,住友大阪セメント(株),東証PRM,"5,912",+203,3.56,"325,800",2026/08/14
278,278,9766,コナミグループ(株),東証PRM,"21,990",+755,3.56,"802,600",2026/08/14
279,279,4075,ブレインズテクノロジー(株),東証GRT,906,+31,3.54,"10,800",2026/08/14
280,280,6794,フォスター電機(株),東証PRM,"3,075",+105,3.54,"366,100",2026/08/14
281,281,9854,愛眼(株),東証STD,293,+10,3.53,"72,500",2026/08/14
282,282,2557,SMDAM トピックス上場投信,東証ETF,"4,385",+149,3.52,"1,960",2026/08/14
283,283,3491,(株)ＧＡ　ｔｅｃｈｎｏｌｏｇｉｅｓ,東証GRT,"1,531",+52,3.52,"152,200",2026/08/14
284,284,4058,トヨクモ(株),東証GRT,"2,382",+81,3.52,"122,000",2026/08/14
285,285,4436,(株)ミンカブ・ジ・インフォノイド,東証GRT,471,+16,3.52,"76,700",2026/08/14
286,286,5011,ニチレキグループ(株),東証PRM,"2,354",+80,3.52,"111,000",2026/08/14
287,287,228A,(株)オプロ,東証GRT,"1,650",+56,3.51,"5,200",2026/08/14
288,288,6445,(株)ジャノメ,東証PRM,"1,447",+49,3.51,"96,100",2026/08/14
289,289,4196,(株)ネオマーケティング,東証STD,"2,010",+68,3.5,"24,700",2026/08/14
290,290,6838,(株)多摩川ホールディングス,東証STD,"1,568",+53,3.5,"440,000",2026/08/14
291,291,7832,(株)バンダイナムコホールディングス,東証PRM,"5,435",+183,3.48,"3,602,500",2026/08/14
292,292,6562,(株)ジーニー,東証GRT,"1,105",+37,3.46,"47,000",2026/08/14
293,293,6753,シャープ(株),東証PRM,675.6,+22.6,3.46,"3,932,200",2026/08/14
294,294,302A,(株)ビースタイルホールディングス,東証GRT,630,+21,3.45,"7,200",2026/08/14
295,295,4709,(株)ＩＤホールディングス,東証PRM,"1,080",+36,3.45,"109,700",2026/08/14
296,296,4486,ユナイトアンドグロウ(株),東証GRT,691,+23,3.44,"48,900",2026/08/14
297,297,6613,(株)ＱＤレーザ,東証GRT,"1,806",+60,3.44,"2,662,400",2026/08/14
298,298,5076,インフロニア・ホールディングス(株),東証PRM,"2,838",+94,3.43,"1,955,700",2026/08/14
299,299,512A,GX ステーブルコイン&トークンビジネス(除く日本),東証ETF,"1,146",+38,3.43,"3,208",2026/08/14
300,300,8550,(株)栃木銀行,東証PRM,"1,117",+37,3.43,"1,084,200",2026/08/14
301,301,5139,オープンワーク(株),東証GRT,967,+32,3.42,"21,500",2026/08/14
302,302,7294,(株)ヨロズ,東証PRM,938,+31,3.42,"72,000",2026/08/14
303,303,4389,プロパティデータバンク(株),東証GRT,"1,034",+34,3.4,"10,800",2026/08/14
304,304,7955,クリナップ(株),東証PRM,973,+32,3.4,"84,200",2026/08/14
305,305,1515,日鉄鉱業(株),東証PRM,"3,365",+110,3.38,"673,400",2026/08/14
306,306,4434,(株)サーバーワークス,東証STD,"2,505",+82,3.38,"58,700",2026/08/14
307,307,5851,リョービ(株),東証PRM,"2,874",+94,3.38,"173,500",2026/08/14
308,308,8029,(株)ルックホールディングス,東証STD,"2,671",+87,3.37,"17,500",2026/08/14
309,309,7695,(株)交換できるくん,東証GRT,768,+25,3.36,"10,200",2026/08/14
310,310,8789,フィンテック　グローバル(株),東証STD,154,+5,3.36,"2,735,200",2026/08/14
311,311,3808,(株)オーケーウェブ,名証NXT,31,+1,3.33,"69,400",2026/08/14
312,312,2195,アミタホールディングス(株),東証GRT,343,+11,3.31,"34,900",2026/08/14
313,313,446A,(株)ノースサンド,東証GRT,"1,840",+59,3.31,"672,600",2026/08/14
314,314,3762,テクマトリックス(株),東証PRM,"2,379",+76,3.3,"201,800",2026/08/14
315,315,4194,ビジョナル(株),東証PRM,"9,347",+297,3.28,"186,400",2026/08/14
316,316,6247,(株)日阪製作所,東証PRM,"1,800",+57,3.27,"87,700",2026/08/14
317,317,6584,三桜工業(株),東証PRM,822,+26,3.27,"485,300",2026/08/14
318,318,9024,(株)西武ホールディングス,東証PRM,"3,348",+106,3.27,"1,651,200",2026/08/14
319,319,7236,(株)ティラド,東証PRM,"1,585",+50,3.26,"266,400",2026/08/14
320,320,8132,シナネンホールディングス(株),東証PRM,"7,920",+250,3.26,"41,500",2026/08/14
321,321,9941,太洋物産(株),東証STD,"1,202",+38,3.26,"46,900",2026/08/14
322,322,5742,エヌアイシ・オートテック(株),東証STD,762,+24,3.25,"5,800",2026/08/14
323,323,3849,日本テクノ・ラボ(株),札幌ア,637,+20,3.24,"1,000",2026/08/14
324,324,2836,GX フィンテック-日本株式,東証ETF,"3,355",+105,3.23,213,2026/08/14
325,325,3135,(株)マーケットエンタープライズ,東証STD,"1,150",+36,3.23,"18,800",2026/08/14
326,326,3245,(株)ディア・ライフ,東証PRM,"1,151",+36,3.23,"826,800",2026/08/14
327,327,4413,(株)ボードルア,東証PRM,"2,843",+89,3.23,"149,500",2026/08/14
328,328,4260,(株)ハイブリッドテクノロジーズ,東証GRT,225,+7,3.21,"13,000",2026/08/14
329,329,9716,(株)乃村工藝社,東証PRM,"1,221",+38,3.21,"358,300",2026/08/14
330,330,3940,(株)ノムラシステムコーポレーション,東証STD,129,+4,3.2,"317,000",2026/08/14
331,331,431A,ユーソナー(株),東証GRT,"2,161",+67,3.2,"19,100",2026/08/14
332,332,6763,帝国通信工業(株),東証PRM,"2,969",+92,3.2,"31,200",2026/08/14
333,333,7793,(株)イメージ・マジック,東証GRT,"1,450",+45,3.2,"4,800",2026/08/14
334,334,8891,ＡＭＧホールディングス(株),東証STD,"2,128",+66,3.2,"13,500",2026/08/14
335,335,5820,(株)三ッ星,東証STD,808,+25,3.19,"53,400",2026/08/14
336,336,2315,(株)ＣＡＩＣＡ　ＤＩＧＩＴＡＬ,東証STD,65,+2,3.17,"5,505,700",2026/08/14
337,337,300A,ＭＩＣ(株),東証STD,"3,415",+105,3.17,"13,900",2026/08/14
338,338,7018,内海造船(株),東証STD,"12,040",+370,3.17,"33,400",2026/08/14
339,339,7794,(株)イーディーピー,東証GRT,946,+29,3.16,"638,000",2026/08/14
340,340,2923,サトウ食品(株),東証STD,"8,520",+260,3.15,"2,100",2026/08/14
341,341,3954,昭和パックス(株),東証STD,"3,270",+100,3.15,"3,700",2026/08/14
342,342,2980,ＳＲＥホールディングス(株),東証PRM,"2,597",+79,3.14,"339,400",2026/08/14
343,343,3798,ＵＬＳグループ(株),東証STD,525,+16,3.14,"493,600",2026/08/14
344,344,4299,(株)ハイマックス,東証STD,"1,250",+38,3.14,"21,600",2026/08/14
345,345,3837,アドソル日進(株),東証PRM,"1,518",+46,3.13,"124,900",2026/08/14
346,346,4575,(株)キャンバス,東証GRT,791,+24,3.13,"267,000",2026/08/14
347,347,5994,(株)ファインシンター,東証STD,"1,023",+31,3.13,"15,400",2026/08/14
348,348,6460,セガサミーホールディングス(株),東証PRM,"2,736.5",+83,3.13,"953,200",2026/08/14
349,349,7322,(株)三十三フィナンシャルグループ,東証PRM,"2,077",+63,3.13,"481,600",2026/08/14
350,350,8399,(株)琉球銀行,東証PRM,"3,295",+100,3.13,"282,500",2026/08/14
351,351,9561,(株)グラッドキューブ,東証GRT,429,+13,3.13,"29,200",2026/08/14
352,352,8366,(株)滋賀銀行,東証PRM,"2,775",+84,3.12,"933,100",2026/08/14
353,353,3195,(株)ジェネレーションパス,東証STD,597,+18,3.11,"29,400",2026/08/14
354,354,4979,ＯＡＴアグリオ(株),東証STD,"2,651",+80,3.11,"46,200",2026/08/14
355,355,9438,(株)エムティーアイ,東証PRM,599,+18,3.1,"65,500",2026/08/14
356,356,3662,(株)エイチームホールディングス,東証PRM,967,+29,3.09,"126,400",2026/08/14
357,357,4307,(株)野村総合研究所,東証PRM,"5,131",+154,3.09,"2,753,500",2026/08/14
358,358,4889,(株)レナサイエンス,東証GRT,"1,201",+36,3.09,"559,200",2026/08/14
359,359,5122,オカモト(株),東証PRM,"6,340",+190,3.09,"26,800",2026/08/14
360,360,7213,レシップホールディングス(株),東証STD,670,+20,3.08,"60,500",2026/08/14
361,361,7578,(株)ニチリョク,東証STD,67,+2,3.08,"79,000",2026/08/14
362,362,8137,サンワテクノス(株),東証PRM,"4,180",+125,3.08,"58,000",2026/08/14
363,363,8783,ａｂｃ(株),東証STD,67,+2,3.08,"983,200",2026/08/14
364,364,2060,フィード・ワン(株),東証PRM,"1,410",+42,3.07,"161,300",2026/08/14
365,365,9104,(株)商船三井,東証PRM,"6,471",+192,3.06,"3,580,200",2026/08/14
366,366,4068,ベイシス(株),東証GRT,"1,759",+52,3.05,"6,100",2026/08/14
367,367,6463,ＴＰＲ(株),東証PRM,"1,553",+46,3.05,"114,500",2026/08/14
368,368,5726,(株)大阪チタニウムテクノロジーズ,東証PRM,"2,983",+88,3.04,"630,600",2026/08/14
369,369,9101,日本郵船(株),東証PRM,"6,400",+189,3.04,"3,408,700",2026/08/14
370,370,3180,(株)ビューティガレージ,東証PRM,"1,530",+45,3.03,"35,100",2026/08/14
371,371,6554,(株)エスユーエス,東証GRT,"1,088",+32,3.03,"44,000",2026/08/14
372,372,9889,ＪＢＣＣホールディングス(株),東証PRM,"1,735",+51,3.03,"195,400",2026/08/14
373,373,153A,(株)カウリス,東証GRT,"1,401",+41,3.01,"185,400",2026/08/14
374,374,159A,(NEXT FUNDS) JPXプライム150指数連動型上場投信,東証ETF,767.8,+22.4,3.01,"29,180",2026/08/14
375,375,6625,ＪＡＬＣＯホールディングス(株),東証STD,377,+11,3.01,"360,500",2026/08/14
376,376,9143,ＳＧホールディングス(株),東証PRM,"1,644",+48,3.01,"1,762,800",2026/08/14
377,377,9553,(株)マイクロアド,東証GRT,651,+19,3.01,"216,100",2026/08/14
378,378,2767,円谷フィールズホールディングス(株),東証PRM,"2,473",+72,3.0,"919,900",2026/08/14
379,379,4674,(株)クレスコ,東証PRM,"1,955",+57,3.0,"325,800",2026/08/14
380,380,7762,シチズン時計(株),東証PRM,"2,751",+80,3.0,"3,261,900",2026/08/14
381,381,6507,シンフォニアテクノロジー(株),東証PRM,"13,490",+390,2.98,"191,600",2026/08/14
382,382,9900,(株)サガミホールディングス,東証PRM,"2,249",+65,2.98,"137,700",2026/08/14
383,383,3315,日本コークス工業(株),東証PRM,104,+3,2.97,"5,100,300",2026/08/14
384,384,4840,(株)トライアイズ,東証STD,555,+16,2.97,"29,700",2026/08/14
385,385,8135,ゼット(株),東証STD,450,+13,2.97,"42,800",2026/08/14
386,386,6977,(株)日本抵抗器製作所,東証STD,"1,462",+42,2.96,"13,700",2026/08/14
387,387,5902,ホッカンホールディングス(株),東証PRM,"2,585",+74,2.95,"48,300",2026/08/14
388,388,1899,(株)福田組,東証PRM,"4,895",+140,2.94,"104,100",2026/08/14
389,389,4238,ミライアル(株),東証STD,"1,784",+51,2.94,"51,100",2026/08/14
390,390,4571,ＮＡＮＯ　ホールディングス(株),東証GRT,105,+3,2.94,"520,200",2026/08/14
391,391,5101,横浜ゴム(株),東証PRM,"7,850",+224,2.94,"1,001,700",2026/08/14
392,392,8139,(株)ナガホリ,東証STD,"2,418",+69,2.94,"108,200",2026/08/14
393,393,9337,(株)トリドリ,東証GRT,"1,364",+39,2.94,"100,200",2026/08/14
394,394,9984,ソフトバンクグループ(株),東証PRM,"5,739",+164,2.94,"41,591,000",2026/08/14
395,395,2325,(株)ＮＪＳ,東証PRM,"4,750",+135,2.93,"50,600",2026/08/14
396,396,2042,NEXT NOTES 東証グロース市場250 ETN,東証ETF,"7,934",+225,2.92,"1,020",2026/08/14
397,397,2479,(株)ジェイテック,東証STD,247,+7,2.92,"105,600",2026/08/14
398,398,3608,(株)ＴＳＩホールディングス,東証PRM,"1,267",+36,2.92,"340,000",2026/08/14
399,399,3565,アセンテック(株),東証STD,461,+13,2.9,"263,600",2026/08/14
400,400,4671,(株)ファルコホールディングス,東証STD,"2,834",+80,2.9,"27,800",2026/08/14
401,401,6798,ＳＭＫ(株),東証PRM,"3,545",+100,2.9,"13,700",2026/08/14
402,402,6928,(株)エノモト,東証STD,"3,195",+90,2.9,"75,800",2026/08/14
403,403,9160,(株)オンザページ,東証STD,319,+9,2.9,"115,900",2026/08/14
404,404,9856,(株)ケーユーホールディングス,東証STD,"1,240",+35,2.9,"62,300",2026/08/14
405,405,4109,ステラ　ケミファ(株),東証PRM,"5,700",+160,2.89,"131,100",2026/08/14
406,406,4784,ＧＭＯインターネット(株),東証PRM,569,+16,2.89,"2,510,900",2026/08/14
407,407,6269,三井海洋開発(株),東証PRM,"10,510",+295,2.89,"604,200",2026/08/14
408,408,3977,フュージョン(株),札幌ア,500,+14,2.88,500,2026/08/14
409,409,5632,三菱製鋼(株),東証PRM,"2,431",+68,2.88,"127,400",2026/08/14
410,410,4686,(株)ジャストシステム,東証PRM,"4,125",+115,2.87,"107,900",2026/08/14
411,411,6227,ＡＩメカテック(株),東証STD,"6,460",+180,2.87,"1,079,400",2026/08/14
412,412,8018,三共生興(株),東証STD,860,+24,2.87,"41,600",2026/08/14
413,413,4258,(株)網屋,東証GRT,"4,675",+130,2.86,"75,100",2026/08/14
414,414,4592,サンバイオ(株),東証GRT,"1,043",+29,2.86,"614,900",2026/08/14
415,415,4813,(株)ＡＣＣＥＳＳ,東証PRM,432,+12,2.86,"803,500",2026/08/14
416,416,6966,(株)三井ハイテック,東証PRM,970,+27,2.86,"1,492,300",2026/08/14
417,417,3922,(株)ＰＲ　ＴＩＭＥＳ,東証PRM,"2,135",+59,2.84,"43,700",2026/08/14
418,418,4318,(株)クイック,東証PRM,832,+23,2.84,"144,300",2026/08/14
419,419,4662,(株)フォーカスシステムズ,東証PRM,"1,741",+48,2.84,"50,100",2026/08/14
420,420,7990,グローブライド(株),東証PRM,"2,499",+69,2.84,"155,000",2026/08/14
421,421,2667,(株)イメージ　ワン,東証STD,109,+3,2.83,"91,200",2026/08/14
422,422,4284,(株)ソルクシーズ,東証STD,436,+12,2.83,"34,200",2026/08/14
423,423,5142,アキレス(株),東証PRM,"1,887",+52,2.83,"150,700",2026/08/14
424,424,2433,(株)博報堂ＤＹホールディングス,東証PRM,"1,276",+35,2.82,"751,300",2026/08/14
425,425,6240,ヤマシンフィルタ(株),東証PRM,546,+15,2.82,"312,900",2026/08/14
426,426,7901,(株)マツモト,東証STD,840,+23,2.82,"5,200",2026/08/14
427,427,2626,GX デジタル・イノベーション-日本株式,東証ETF,"3,363",+92,2.81,"10,735",2026/08/14
428,428,6266,タツモ(株),東証PRM,"4,020",+110,2.81,"414,700",2026/08/14
429,429,6902,(株)デンソー,東証PRM,"1,955",+53.5,2.81,"8,367,600",2026/08/14
430,430,2432,(株)ディー・エヌ・エー,東証PRM,"2,536",+69,2.8,"1,590,800",2026/08/14
431,431,6915,千代田インテグレ(株),東証STD,"3,490",+95,2.8,"12,800",2026/08/14
432,432,7827,(株)オービス,東証STD,"1,687",+46,2.8,"2,400",2026/08/14
433,433,7466,ＳＰＫ(株),東証PRM,"1,400",+38,2.79,"33,100",2026/08/14
434,434,8078,阪和興業(株),東証PRM,"1,842",+50,2.79,"542,400",2026/08/14
435,435,2388,(株)ウェッジホールディングス,東証GRT,37,+1,2.78,"71,200",2026/08/14
436,436,6635,(株)大日光・エンジニアリング,東証STD,665,+18,2.78,"33,900",2026/08/14
437,437,3583,オーベクス(株),東証STD,"1,300",+35,2.77,"4,600",2026/08/14
438,438,6994,(株)指月電機製作所,東証STD,"1,189",+32,2.77,"189,000",2026/08/14
439,439,9560,(株)プログリット,東証GRT,853,+23,2.77,"49,800",2026/08/14
440,440,6958,日本ＣＭＫ(株),東証PRM,783,+21,2.76,"870,600",2026/08/14
441,441,6997,日本ケミコン(株),東証PRM,"3,165",+85,2.76,"760,400",2026/08/14
442,442,2124,ＪＡＣ　Ｒｅｃｒｕｉｔｍｅｎｔ,東証PRM,"1,045",+28,2.75,"1,716,500",2026/08/14
443,443,1654,iFreeETF FTSE JPX Blossom Japan Index,東証ETF,"3,377",+90,2.74,"1,230",2026/08/14
444,444,2764,(株)ひらまつ,東証STD,150,+4,2.74,"211,400",2026/08/14
445,445,9739,ＮＳＷ(株),東証PRM,"2,740",+73,2.74,"53,500",2026/08/14
446,446,168A,(株)イタミアート,東証GRT,"1,091",+29,2.73,"2,800",2026/08/14
447,447,7161,(株)じもとホールディングス,東証STD,564,+15,2.73,"193,000",2026/08/14
448,448,9517,イーレックス(株),東証PRM,866,+23,2.73,"236,900",2026/08/14
449,449,9449,ＧＭＯインターネットグループ(株),東証PRM,"4,343",+115,2.72,"400,300",2026/08/14
450,450,1447,ＳＡＡＦホールディングス(株),東証GRT,379,+10,2.71,"138,200",2026/08/14
451,451,3302,帝国繊維(株),東証PRM,"3,420",+90,2.7,"48,400",2026/08/14
452,452,3661,(株)エムアップホールディングス,東証PRM,836,+22,2.7,"838,500",2026/08/14
453,453,2303,(株)ドーン,東証STD,"1,338",+35,2.69,"19,400",2026/08/14
454,454,5621,(株)ヒューマンテクノロジーズ,東証GRT,"1,715",+45,2.69,"24,000",2026/08/14
455,455,6138,ダイジェット工業(株),東証STD,"1,985",+52,2.69,"45,300",2026/08/14
456,456,9237,(株)笑美面,東証GRT,840,+22,2.69,"24,300",2026/08/14
457,457,3900,(株)クラウドワークス,東証GRT,691,+18,2.67,"140,100",2026/08/14
458,458,4820,(株)ＥＭシステムズ,東証PRM,577,+15,2.67,"158,800",2026/08/14
459,459,7734,理研計器(株),東証PRM,"3,465",+90,2.67,"194,000",2026/08/14
460,460,2928,ＲＩＺＡＰグループ(株),札幌ア,193,+5,2.66,"379,200",2026/08/14
461,461,3856,Ａｂａｌａｎｃｅ(株),東証STD,347,+9,2.66,"174,600",2026/08/14
462,462,6237,(株)イワキ,東証PRM,"4,635",+120,2.66,"133,400",2026/08/14
463,463,6963,ローム(株),東証PRM,"5,016",+130,2.66,"5,574,600",2026/08/14
464,464,2976,日本グランデ(株),札幌ア,697,+18,2.65,"1,200",2026/08/14
465,465,5032,ＡＮＹＣＯＬＯＲ(株),東証PRM,"2,830",+73,2.65,"557,100",2026/08/14
466,466,6298,ワイエイシイホールディングス(株),東証PRM,"1,318",+34,2.65,"587,000",2026/08/14
467,467,6592,マブチモーター(株),東証PRM,"1,742",+45,2.65,"3,641,000",2026/08/14
468,468,9063,岡山県貨物運送(株),東証STD,"4,280",+110,2.64,500,2026/08/14
469,469,3349,(株)コスモス薬品,東証PRM,"6,584",+169,2.63,"453,500",2026/08/14
470,470,6070,キャリアリンク(株),東証PRM,"2,463",+63,2.63,"54,300",2026/08/14
471,471,2681,(株)ゲオホールディングス,東証PRM,"2,349",+60,2.62,"192,700",2026/08/14
472,472,3673,(株)ブロードリーフ,東証PRM,431,+11,2.62,"1,574,400",2026/08/14
473,473,6637,寺崎電気産業(株),東証STD,"4,305",+110,2.62,"74,900",2026/08/14
474,474,9740,ＣＳＰ,東証PRM,"2,776",+71,2.62,"37,400",2026/08/14
475,475,4112,保土谷化学工業(株),東証PRM,"2,328",+59,2.6,"56,900",2026/08/14
476,476,9742,(株)アイネス,東証PRM,"2,370",+60,2.6,"31,400",2026/08/14
477,477,5131,リンカーズ(株),東証GRT,119,+3,2.59,"47,000",2026/08/14
478,478,6857,(株)アドバンテスト,東証PRM,"36,870",+930,2.59,"9,994,100",2026/08/14
479,479,7231,トピー工業(株),東証PRM,"3,020",+76,2.58,"77,600",2026/08/14
480,480,7272,ヤマハ発動機(株),東証PRM,"1,949",+49,2.58,"8,214,200",2026/08/14
481,481,2983,(株)アールプランナー,東証GRT,"1,604",+40,2.56,"30,700",2026/08/14
482,482,5357,(株)ヨータイ,東証PRM,"1,809",+45,2.55,"76,500",2026/08/14
483,483,605A,(NEXT FUNDS) 日本株政策フォーカス上場投信,東証ETF,209,+5.2,2.55,"76,730",2026/08/14
484,484,7047,ポート(株),東証GRT,"2,256",+56,2.55,"572,600",2026/08/14
485,485,3708,特種東海製紙(株),東証PRM,"2,141",+53,2.54,"54,400",2026/08/14
486,486,2175,(株)エス・エム・エス,東証PRM,"2,353",+58,2.53,"445,700",2026/08/14
487,487,5482,愛知製鋼(株),東証PRM,"3,240",+80,2.53,"163,000",2026/08/14
488,488,6184,(株)鎌倉新書,東証PRM,567,+14,2.53,"248,600",2026/08/14
489,489,6620,宮越ホールディングス(株),東証PRM,730,+18,2.53,"106,900",2026/08/14
490,490,7241,フタバ産業(株),東証PRM,"1,094",+27,2.53,"309,400",2026/08/14
491,491,3817,(株)ＳＲＡホールディングス,東証PRM,"4,890",+120,2.52,"36,800",2026/08/14
492,492,4432,ウイングアーク１ｓｔ(株),東証PRM,"3,260",+80,2.52,"188,000",2026/08/14
493,493,1921,(株)巴コーポレーション,東証STD,"1,917",+47,2.51,"21,900",2026/08/14
494,494,394A,業界改革厳選ETFテレビ業界,東証ETF,538.9,+13.2,2.51,620,2026/08/14
495,495,6118,アイダエンジニアリング(株),東証PRM,"1,225",+30,2.51,"91,100",2026/08/14
496,496,1434,ＪＥＳＣＯホールディングス(株),東証STD,"1,761",+43,2.5,"47,300",2026/08/14
497,497,2408,(株)ＫＧ情報,東証STD,861,+21,2.5,"19,800",2026/08/14
498,498,2516,東証グロース250ETF,東証ETF,601.7,+14.7,2.5,"698,150",2026/08/14
499,499,3121,マーチャント・バンカーズ(株),東証STD,246,+6,2.5,"119,100",2026/08/14
500,500,3936,(株)グローバルウェイ,東証GRT,164,+4,2.5,"319,900",2026/08/14
501,501,4476,ＡＩ　ＣＲＯＳＳ(株),東証GRT,"1,147",+28,2.5,"36,400",2026/08/14
502,502,548A,(株)システムエグゼ,東証STD,942,+23,2.5,"19,500",2026/08/14
503,503,9425,ＲｅＹｕｕ　Ｊａｐａｎ(株),東証STD,205,+5,2.5,"248,000",2026/08/14
504,504,5578,ＡＲアドバンストテクノロジ(株),東証GRT,864,+21,2.49,"47,500",2026/08/14
505,505,7247,(株)ミクニ,東証STD,370,+9,2.49,"62,900",2026/08/14
506,506,7537,丸文(株),東証PRM,"1,890",+46,2.49,"142,200",2026/08/14
507,507,8558,(株)東和銀行,東証PRM,"1,524",+37,2.49,"345,700",2026/08/14
508,508,3939,(株)カナミックネットワーク,東証PRM,537,+13,2.48,"208,500",2026/08/14
509,509,7746,岡本硝子(株),東証STD,743,+18,2.48,"367,700",2026/08/14
510,510,2970,ＧＬＣ　ＧＲＯＵＰ(株),東証STD,"1,039",+25,2.47,"17,400",2026/08/14
511,511,3416,ピクスタ(株),東証STD,870,+21,2.47,"4,200",2026/08/14
512,512,5949,ユニプレス(株),東証PRM,"1,328",+32,2.47,"173,500",2026/08/14
513,513,6093,ミトラグループ(株),東証STD,166,+4,2.47,"92,600",2026/08/14
514,514,6474,(株)不二越,東証PRM,"5,810",+140,2.47,"72,300",2026/08/14
515,515,6658,シライ電子工業(株),東証STD,457,+11,2.47,"142,000",2026/08/14
516,516,7836,アビックス(株),東証STD,83,+2,2.47,"171,200",2026/08/14
517,517,9257,ＹＣＰホールディングス（グローバル）,東証GRT外国,540,+13,2.47,200,2026/08/14
518,518,4777,(株)ガーラ,東証STD,208,+5,2.46,"52,000",2026/08/14
519,519,9962,(株)ミスミグループ本社,東証PRM,"3,831",+92,2.46,"1,645,100",2026/08/14
520,520,142A,(株)ジンジブ,東証GRT,793,+19,2.45,"26,200",2026/08/14
521,521,2664,(株)カワチ薬品,東証PRM,"3,770",+90,2.45,"108,100",2026/08/14
522,522,4175,(株)ｃｏｌｙ,東証GRT,"2,798",+67,2.45,"6,400",2026/08/14
523,523,8617,光世証券(株),東証STD,585,+14,2.45,"14,600",2026/08/14
524,524,1563,東証グロース･コア,東証ETF,"2,431",+58,2.44,"57,058",2026/08/14
525,525,2760,東京エレクトロン　デバイス(株),東証PRM,"4,415",+105,2.44,"130,100",2026/08/14
526,526,3105,日清紡ホールディングス(株),東証PRM,"2,479",+59,2.44,"872,900",2026/08/14
527,527,3346,ヒロタグループホールディングス(株),名証NXT,84,+2,2.44,"26,100",2026/08/14
528,528,7096,(株)ステムセル研究所,東証GRT,757,+18,2.44,"4,700",2026/08/14
529,529,7138,(株)ＴＯＲＩＣＯ,東証GRT,126,+3,2.44,"252,100",2026/08/14
530,530,7383,(株)ネットプロテクションズホールディングス,東証PRM,461,+11,2.44,"761,600",2026/08/14
531,531,4193,(株)ファブリカホールディングス,東証STD,"2,146",+51,2.43,"61,000",2026/08/14
532,532,6702,富士通(株),東証PRM,"3,841",+91,2.43,"9,198,900",2026/08/14
533,533,6982,(株)リード,東証STD,589,+14,2.43,700,2026/08/14
534,534,7729,(株)東京精密,東証PRM,"19,145",+455,2.43,"440,600",2026/08/14
535,535,8059,第一実業(株),東証PRM,"3,585",+85,2.43,"93,700",2026/08/14
536,536,4064,日本カーバイド工業(株),東証PRM,"3,385",+80,2.42,"76,100",2026/08/14
537,537,7868,(株)広済堂ホールディングス,東証PRM,550,+13,2.42,"479,300",2026/08/14
538,538,428A,サイプレス・ホールディングス(株),東証STD,"1,401",+33,2.41,"24,700",2026/08/14
539,539,4409,東邦化学工業(株),東証STD,765,+18,2.41,"15,200",2026/08/14
540,540,4382,ＨＥＲＯＺ(株),東証STD,768,+18,2.4,"65,000",2026/08/14
541,541,5031,モイ(株),東証GRT,341,+8,2.4,"38,200",2026/08/14
542,542,6590,芝浦メカトロニクス(株),東証PRM,"4,485",+105,2.4,"2,250,900",2026/08/14
543,543,325A,(株)ＴＥＮＴＩＡＬ,東証GRT,"1,585",+37,2.39,"113,700",2026/08/14
544,544,6088,(株)シグマクシス・ホールディングス,東証PRM,556,+13,2.39,"555,200",2026/08/14
545,545,7865,ピープル(株),東証STD,343,+8,2.39,"7,800",2026/08/14
546,546,9039,(株)サカイ引越センター,東証PRM,"3,005",+70,2.39,"94,600",2026/08/14
547,547,5246,(株)ＥＬＥＭＥＮＴＳ,東証GRT,860,+20,2.38,"720,300",2026/08/14
548,548,5838,楽天銀行(株),東証PRM,"6,057",+141,2.38,"1,939,200",2026/08/14
549,549,5888,ＤＡＩＷＡ　ＣＹＣＬＥ(株),東証GRT,"2,837",+66,2.38,"6,200",2026/08/14
550,550,9629,ピー・シー・エー(株),東証PRM,"1,550",+36,2.38,"44,700",2026/08/14
551,551,281A,インフォメティス(株),東証GRT,475,+11,2.37,"145,300",2026/08/14
552,552,4275,(株)カーリット,東証PRM,"2,113",+49,2.37,"265,700",2026/08/14
553,553,4680,(株)ラウンドワン,東証PRM,"1,339.5",+31,2.37,"3,015,800",2026/08/14
554,554,4733,(株)オービックビジネスコンサルタント,東証PRM,"8,246",+191,2.37,"163,000",2026/08/14
555,555,5612,日本鋳鉄管(株),東証STD,"1,599",+37,2.37,"25,400",2026/08/14
556,556,5805,ＳＷＣＣ(株),東証PRM,"14,260",+330,2.37,"551,200",2026/08/14
557,557,7095,(株)Ｍａｃｂｅｅ　Ｐｌａｎｅｔ,東証PRM,"1,255",+29,2.37,"73,500",2026/08/14
558,558,1963,日揮ホールディングス(株),東証PRM,"2,345",+54,2.36,"1,629,900",2026/08/14
559,559,3083,スターシーズ(株),東証STD,954,+22,2.36,"64,300",2026/08/14
560,560,9663,(株)ナガワ,東証PRM,"5,210",+120,2.36,"19,800",2026/08/14
561,561,9837,モリト(株),東証PRM,"1,866",+43,2.36,"64,200",2026/08/14
562,562,3222,ユナイテッド・スーパーマーケット・ホールディングス(株),東証STD,827,+19,2.35,"868,200",2026/08/14
563,563,6630,ヤーマン(株),東証PRM,784,+18,2.35,"199,600",2026/08/14
564,564,2317,(株)システナ,東証PRM,438,+10,2.34,"1,247,400",2026/08/14
565,565,4385,(株)メルカリ,東証PRM,"4,851",+111,2.34,"2,268,500",2026/08/14
566,566,1980,ダイダン(株),東証PRM,"2,770",+63,2.33,"730,400",2026/08/14
567,567,2096,GX オフィス・J-REIT,東証ETF,"1,052",+24,2.33,"24,513",2026/08/14
568,568,2193,クックパッド(株),東証STD,132,+3,2.33,"234,300",2026/08/14
569,569,3267,(株)フィル・カンパニー,東証STD,659,+15,2.33,"36,400",2026/08/14
570,570,3663,(株)セルシス,東証PRM,"1,891",+43,2.33,"172,500",2026/08/14
571,571,9682,(株)ＤＴＳ,東証PRM,"1,098",+25,2.33,"515,000",2026/08/14
572,572,256A,飛島ホールディングス(株),東証PRM,"2,119",+48,2.32,"288,900",2026/08/14
573,573,4270,(株)ＢｅｅＸ,東証GRT,"1,893",+43,2.32,"5,400",2026/08/14
574,574,7725,(株)インターアクション,東証PRM,"1,986",+45,2.32,"141,400",2026/08/14
575,575,8151,(株)東陽テクニカ,東証PRM,"2,117",+48,2.32,"380,800",2026/08/14
576,576,3591,(株)ワコールホールディングス,東証PRM,"4,336",+98,2.31,"165,500",2026/08/14
577,577,6225,(株)エコム,名証MN,"2,079",+47,2.31,"1,200",2026/08/14
578,578,7795,(株)ＫＹＯＲＩＴＳＵ,東証STD,221,+5,2.31,"116,200",2026/08/14
579,579,3640,(株)電算,東証STD,"2,763",+62,2.3,"9,500",2026/08/14
580,580,2146,ＵＴグループ(株),東証PRM,223,+5,2.29,"9,805,600",2026/08/14
581,581,2385,(株)総医研ホールディングス,東証GRT,223,+5,2.29,"56,400",2026/08/14
582,582,7050,(株)フロンティアインターナショナル,東証GRT,"1,383",+31,2.29,"9,800",2026/08/14
583,583,2130,(株)メンバーズ,東証PRM,942,+21,2.28,"53,000",2026/08/14
584,584,2220,亀田製菓(株),東証PRM,"1,345",+30,2.28,"222,000",2026/08/14
585,585,2737,(株)トーメンデバイス,東証PRM,"31,400",+700,2.28,"129,000",2026/08/14
586,586,8022,ミズノ(株),東証PRM,"4,270",+95,2.28,"303,100",2026/08/14
587,587,4894,クオリプス(株),東証GRT,"5,400",+120,2.27,"158,000",2026/08/14
588,588,9369,(株)キユーソー流通システム,東証STD,"3,035",+67,2.26,"32,300",2026/08/14
589,589,2053,中部飼料(株),東証PRM,"1,997",+44,2.25,"84,700",2026/08/14
590,590,3020,アプライド(株),東証STD,"4,325",+95,2.25,"6,100",2026/08/14
591,591,4577,ダイト(株),東証PRM,"1,318",+29,2.25,"56,500",2026/08/14
592,592,5026,(株)トリプルアイズ,東証GRT,590,+13,2.25,"14,300",2026/08/14
593,593,6092,(株)エンバイオ・ホールディングス,東証STD,774,+17,2.25,"17,000",2026/08/14
594,594,6943,ＮＫＫスイッチズ(株),東証STD,"5,450",+120,2.25,300,2026/08/14
595,595,2410,(株)キャリアデザインセンター,東証PRM,"2,973",+65,2.24,"38,000",2026/08/14
596,596,5572,(株)Ｒｉｄｇｅ－ｉ,東証GRT,"2,606",+57,2.24,"22,500",2026/08/14
597,597,7435,(株)ナ・デックス,東証STD,"1,323",+29,2.24,"23,400",2026/08/14
598,598,9265,ヤマシタヘルスケアホールディングス(株),東証STD,"3,650",+80,2.24,"1,700",2026/08/14
599,599,3437,特殊電極(株),東証STD,"2,750",+60,2.23,300,2026/08/14
600,600,3626,ＴＩＳＩ(株),東証PRM,"3,848",+84,2.23,"830,500",2026/08/14
601,601,4326,(株)インテージホールディングス,東証PRM,"1,924",+42,2.23,"23,400",2026/08/14
602,602,4387,(株)ＺＵＵ,東証GRT,505,+11,2.23,"6,800",2026/08/14
603,603,469A,(株)フィットクルー,東証GRT,"1,558",+34,2.23,"2,300",2026/08/14
604,604,6310,井関農機(株),東証PRM,"1,785",+39,2.23,"176,000",2026/08/14
605,605,1605,(株)ＩＮＰＥＸ,東証PRM,"3,782",+82,2.22,"4,479,400",2026/08/14
606,606,441A,ＮＥ(株),東証GRT,276,+6,2.22,"56,000",2026/08/14
607,607,4833,(株)Ｄｅｆ　ｃｏｎｓｕｌｔｉｎｇ,東証GRT,46,+1,2.22,"1,319,900",2026/08/14
608,608,6306,日工(株),東証PRM,"1,014",+22,2.22,"152,000",2026/08/14
609,609,7254,(株)ユニバンス,東証STD,828,+18,2.22,"5,600",2026/08/14
610,610,7760,ＩＭＶ(株),東証STD,"2,115",+46,2.22,"123,500",2026/08/14
611,611,7885,タカノ(株),東証STD,"1,151",+25,2.22,"13,300",2026/08/14
612,612,3793,(株)ドリコム,東証GRT,463,+10,2.21,"66,100",2026/08/14
613,613,5802,住友電気工業(株),東証PRM,"2,386",+51.5,2.21,"27,793,500",2026/08/14
614,614,6503,三菱電機(株),東証PRM,"6,153",+133,2.21,"7,545,200",2026/08/14
615,615,6912,菊水ホールディングス(株),東証STD,"2,409",+52,2.21,"11,500",2026/08/14
616,616,1436,(株)グリーンエナジー＆カンパニー,東証GRT,"1,625",+35,2.2,"61,500",2026/08/14
617,617,2503,キリンホールディングス(株),東証PRM,"3,108",+67,2.2,"4,342,400",2026/08/14
618,618,6089,(株)ウィルグループ,東証PRM,"1,162",+25,2.2,"82,100",2026/08/14
619,619,6517,デンヨー(株),東証PRM,"4,190",+90,2.2,"29,600",2026/08/14
620,620,6837,(株)京写,東証STD,371,+8,2.2,"85,800",2026/08/14
621,621,9130,共栄タンカー(株),東証STD,"1,533",+33,2.2,"55,300",2026/08/14
622,622,2501,サッポロビール(株),東証PRM,"2,050",+44,2.19,"1,561,400",2026/08/14
623,623,4620,藤倉化成(株),東証STD,982,+21,2.19,"150,900",2026/08/14
624,624,7856,萩原工業(株),東証PRM,"1,870",+40,2.19,"97,700",2026/08/14
625,625,2222,寿スピリッツ(株),東証PRM,"2,746",+58.5,2.18,"673,300",2026/08/14
626,626,379A,GX S&P500 (ダイナミック・プロテクション),東証ETF,"1,405",+30,2.18,161,2026/08/14
627,627,5440,共英製鋼(株),東証PRM,"1,965",+42,2.18,"83,800",2026/08/14
628,628,9684,(株)スクウェア・エニックス・ホールディングス,東証PRM,"2,930.5",+62.5,2.18,"1,777,400",2026/08/14
629,629,3992,(株)ニーズウェル,東証PRM,470,+10,2.17,"88,100",2026/08/14
630,630,4768,(株)大塚商会,東証PRM,"3,536",+75,2.17,"1,456,400",2026/08/14
631,631,7066,(株)ピアズ,東証GRT,470,+10,2.17,"17,600",2026/08/14
632,632,3496,(株)アズーム,東証PRM,"4,720",+100,2.16,"48,100",2026/08/14
633,633,3753,(株)フライトソリューションズ,東証STD,237,+5,2.16,"312,000",2026/08/14
634,634,3904,(株)カヤック,東証GRT,426,+9,2.16,"30,000",2026/08/14
635,635,6836,ぷらっとホーム(株),東証STD,853,+18,2.16,"26,100",2026/08/14
636,636,7283,愛三工業(株),東証PRM,"2,320",+49,2.16,"117,600",2026/08/14
637,637,9341,(株)ＧＥＮＯＶＡ,東証PRM,616,+13,2.16,"90,900",2026/08/14
638,638,2498,(株)オリエンタルコンサルタンツホールディングス,東証STD,"3,330",+70,2.15,"9,700",2026/08/14
639,639,4763,(株)クリーク・アンド・リバー社,東証PRM,"1,474",+31,2.15,"58,400",2026/08/14
640,640,5579,(株)ＧＳＩ,札証,"1,329",+28,2.15,"1,000",2026/08/14
641,641,5703,日本軽金属ホールディングス(株),東証PRM,"3,000",+63,2.15,"345,700",2026/08/14
642,642,8416,(株)高知銀行,東証STD,"1,140",+24,2.15,"57,500",2026/08/14
643,643,8563,(株)大東銀行,東証STD,"1,095",+23,2.15,"110,100",2026/08/14
644,644,2915,ケンコーマヨネーズ(株),東証PRM,"2,051",+43,2.14,"59,600",2026/08/14
645,645,4404,ミヨシ油脂(株),東証STD,"2,100",+44,2.14,"26,500",2026/08/14
646,646,6368,オルガノ(株),東証PRM,"14,785",+310,2.14,"249,000",2026/08/14
647,647,6841,横河電機(株),東証PRM,"5,689",+119,2.14,"1,184,700",2026/08/14
648,648,6850,(株)チノー,東証PRM,"1,715",+36,2.14,"60,100",2026/08/14
649,649,3054,(株)ハイパー,東証STD,240,+5,2.13,"55,900",2026/08/14
650,650,1553,MAXIS S&P東海上場投信,名証ETF,"5,833",+121,2.12,20,2026/08/14
651,651,3439,(株)三ツ知,東証STD,674,+14,2.12,"2,200",2026/08/14
652,652,3489,(株)フェイスネットワーク,東証STD,820,+17,2.12,"137,700",2026/08/14
653,653,5288,アジアパイルホールディングス(株),東証PRM,"1,542",+32,2.12,"294,400",2026/08/14
654,654,6664,(株)オプトエレクトロニクス,東証STD,241,+5,2.12,"3,400",2026/08/14
655,655,7044,(株)ピアラ,東証STD,530,+11,2.12,"13,900",2026/08/14
656,656,8935,(株)ＦＪネクストホールディングス,東証PRM,"2,024",+42,2.12,"99,800",2026/08/14
657,657,5915,(株)駒井ハルテック,東証STD,"2,370",+49,2.11,"9,700",2026/08/14
658,658,6309,巴工業(株),東証PRM,"1,982",+41,2.11,"96,200",2026/08/14
659,659,7068,フィードフォースグループ(株),東証GRT,580,+12,2.11,"56,500",2026/08/14
660,660,4072,(株)電算システムホールディングス,東証PRM,"3,160",+65,2.1,"79,500",2026/08/14
661,661,8057,(株)内田洋行,東証PRM,"2,185",+45,2.1,"126,900",2026/08/14
662,662,9602,東宝(株),東証PRM,"1,506",+31,2.1,"3,366,000",2026/08/14
663,663,2750,石光商事(株),東証STD,"1,316",+27,2.09,"51,700",2026/08/14
664,664,3444,(株)菊池製作所,東証STD,"1,027",+21,2.09,"85,400",2026/08/14
665,665,3558,ジェイドグループ(株),東証GRT,"1,759",+36,2.09,"231,900",2026/08/14
666,666,6615,ユー・エム・シー・エレクトロニクス(株),東証PRM,244,+5,2.09,"28,000",2026/08/14
667,667,7859,(株)アルメディオ,東証STD,244,+5,2.09,"86,500",2026/08/14
668,668,8088,岩谷産業(株),東証PRM,"2,249.5",+46,2.09,"887,900",2026/08/14
669,669,9345,ビズメイツ(株),東証GRT,635,+13,2.09,"1,800",2026/08/14
670,670,5248,(株)テクノロジーズ,東証GRT,491,+10,2.08,"11,500",2026/08/14
671,671,6786,(株)ＲＶＨ,東証STD,49,+1,2.08,"30,900",2026/08/14
672,672,7603,ジーイエット(株),東証STD,49,+1,2.08,"377,400",2026/08/14
673,673,7733,オリンパス(株),東証PRM,"2,110.5",+43,2.08,"5,691,400",2026/08/14
674,674,8395,(株)佐賀銀行,東証PRM,"6,380",+130,2.08,"131,500",2026/08/14
675,675,9761,東海リース(株),東証STD,"2,450",+50,2.08,"12,100",2026/08/14
676,676,3930,(株)はてな,東証GRT,738,+15,2.07,"38,000",2026/08/14
677,677,5342,ジャニス工業(株),名証MN,394,+8,2.07,200,2026/08/14
678,678,7246,プレス工業(株),東証PRM,984,+20,2.07,"342,300",2026/08/14
679,679,7570,橋本総業ホールディングス(株),東証STD,"1,429",+29,2.07,"9,800",2026/08/14
680,680,4053,(株)Ｓｕｎ　Ａｓｔｅｒｉｓｋ,東証PRM,446,+9,2.06,"175,300",2026/08/14
681,681,6155,高松機械工業(株),東証STD,545,+11,2.06,"20,300",2026/08/14
682,682,8835,太平洋興発(株),東証STD,794,+16,2.06,"20,700",2026/08/14
683,683,9932,杉本商事(株),東証PRM,"1,335",+27,2.06,"58,600",2026/08/14
684,684,3421,(株)稲葉製作所,東証STD,"1,744",+35,2.05,"69,400",2026/08/14
685,685,9880,イノテック(株),東証PRM,"3,730",+75,2.05,"135,800",2026/08/14
686,686,1690,WisdomTree WTI原油上場投信,東証ETF,"2,330",+46.5,2.04,"1,030",2026/08/14
687,687,4440,(株)ヴィッツ,東証STD,"1,198",+24,2.04,"15,100",2026/08/14
688,688,4881,(株)ファンペップ,東証GRT,50,+1,2.04,"270,500",2026/08/14
689,689,6209,リケンＮＰＲ(株),東証PRM,"4,005",+80,2.04,"104,100",2026/08/14
690,690,6803,ティアック(株),東証STD,100,+2,2.04,"353,700",2026/08/14
691,691,8167,(株)リテールパートナーズ,東証PRM,"1,448",+29,2.04,"275,400",2026/08/14
692,692,3321,ミタチ産業(株),東証STD,"1,706",+34,2.03,"39,600",2026/08/14
693,693,4274,細谷火工(株),東証STD,"1,104",+22,2.03,"22,500",2026/08/14
694,694,7280,(株)ミツバ,東証PRM,"1,256",+25,2.03,"228,300",2026/08/14
695,695,7917,ＺＡＣＲＯＳ(株),東証PRM,"1,306",+26,2.03,"160,500",2026/08/14
696,696,287A,黒田グループ(株),東証STD,"1,215",+24,2.02,"538,800",2026/08/14
697,697,3698,(株)ＣＲＩ・ミドルウェア,東証STD,"1,159",+23,2.02,"11,100",2026/08/14
698,698,4498,サイバートラスト(株),東証GRT,"1,313",+26,2.02,"68,800",2026/08/14
699,699,464A,(株)ＱＰＳホールディングス,東証GRT,"1,815",+36,2.02,"1,375,300",2026/08/14
700,700,5021,コスモエネルギーホールディングス(株),東証PRM,"4,151",+82,2.02,"672,500",2026/08/14
701,701,8381,(株)山陰合同銀行,東証PRM,"2,631",+52,2.02,"642,600",2026/08/14
702,702,1976,明星工業(株),東証PRM,"1,875",+37,2.01,"85,300",2026/08/14
703,703,2292,Ｓ　ＦＯＯＤＳ(株),東証PRM,"2,785",+55,2.01,"264,500",2026/08/14
704,704,3132,マクニカホールディングス(株),東証PRM,"3,798",+75,2.01,"1,067,800",2026/08/14
705,705,4619,日本特殊塗料(株),東証STD,"2,740",+54,2.01,"44,900",2026/08/14
706,706,5013,(株)ユシロ,東証STD,"3,050",+60,2.01,"27,400",2026/08/14
707,707,147A,(株)ソラコム,東証GRT,"1,077",+21,1.99,"134,800",2026/08/14
708,708,3422,(株)Ｊ－ＭＡＸ,東証STD,666,+13,1.99,"150,400",2026/08/14
709,709,4059,(株)まぐまぐ,東証STD,410,+8,1.99,"2,100",2026/08/14
710,710,5341,ＡＳＡＨＩ　ＥＩＴＯホールディングス(株),東証STD,154,+3,1.99,"45,100",2026/08/14
711,711,6986,双葉電子工業(株),東証PRM,666,+13,1.99,"289,400",2026/08/14
712,712,8542,(株)トマト銀行,東証STD,"1,895",+37,1.99,"49,300",2026/08/14
713,713,1897,金下建設(株),東証STD,"3,350",+65,1.98,800,2026/08/14
714,714,3909,(株)ショーケース,東証STD,206,+4,1.98,"12,800",2026/08/14
715,715,4393,(株)バンク・オブ・イノベーション,東証GRT,"5,160",+100,1.98,"54,500",2026/08/14
716,716,4543,テルモ(株),東証PRM,"2,672.5",+52,1.98,"5,922,200",2026/08/14
717,717,6323,ローツェ(株),東証PRM,"4,337",+84,1.98,"1,856,200",2026/08/14
718,718,7242,カヤバ(株),東証PRM,"4,635",+90,1.98,"65,700",2026/08/14
719,719,7422,東邦レマック(株),東証STD,360,+7,1.98,100,2026/08/14
720,720,7505,扶桑電通(株),東証STD,"2,109",+41,1.98,"26,900",2026/08/14
721,721,7744,ノーリツ鋼機(株),東証PRM,"2,168",+42,1.98,"550,500",2026/08/14
722,722,9258,(株)ＣＳ－Ｃ,東証GRT,309,+6,1.98,"3,700",2026/08/14
723,723,2288,丸大食品(株),東証PRM,"2,227",+43,1.97,"117,300",2026/08/14
724,724,2742,(株)ハローズ,東証PRM,"3,885",+75,1.97,"30,500",2026/08/14
725,725,7472,(株)鳥羽洋行,東証STD,"3,880",+75,1.97,"1,100",2026/08/14
726,726,7477,ムラキ(株),東証STD,"1,500",+29,1.97,"1,200",2026/08/14
727,727,3465,ケイアイスター不動産(株),東証PRM,"3,900",+75,1.96,"698,100",2026/08/14
728,728,350A,デジタルグリッド(株),東証GRT,780,+15,1.96,"243,900",2026/08/14
729,729,4594,ブライトパス・バイオ(株),東証GRT,52,+1,1.96,"1,513,200",2026/08/14
730,730,6961,(株)エンプラス,東証PRM,"11,420",+220,1.96,"138,000",2026/08/14
731,731,7670,オーウエル(株),東証STD,"1,194",+23,1.96,"6,500",2026/08/14
732,732,7992,セーラー万年筆(株),東証STD,104,+2,1.96,"8,400",2026/08/14
733,733,3950,ザ・パック(株),東証PRM,"1,467",+28,1.95,"110,900",2026/08/14
734,734,3991,ウォンテッドリー(株),東証GRT,940,+18,1.95,"2,400",2026/08/14
735,735,4685,(株)菱友システムズ,東証STD,"2,770",+53,1.95,"23,600",2026/08/14
736,736,8157,都築電気(株),東証PRM,"4,180",+80,1.95,"43,200",2026/08/14
737,737,8285,三谷産業(株),東証STD,785,+15,1.95,"56,900",2026/08/14
738,738,6814,古野電気(株),東証PRM,"7,880",+150,1.94,"207,400",2026/08/14
739,739,7723,愛知時計電機(株),東証PRM,"2,886",+55,1.94,"42,500",2026/08/14
740,740,7937,(株)ツツミ,東証STD,"2,624",+50,1.94,"14,000",2026/08/14
741,741,9423,(株)ＦＲＳ,東証STD,105,+2,1.94,"72,400",2026/08/14
742,742,3024,クリエイト(株),東証STD,"1,160",+22,1.93,"2,100",2026/08/14
743,743,4360,(株)マナック・ケミカル・パートナーズ,東証STD,900,+17,1.93,"7,400",2026/08/14
744,744,4422,ＶＡＬＵＥＮＥＸ(株),東証GRT,580,+11,1.93,"47,000",2026/08/14
745,745,4684,(株)オービック,東証PRM,"4,699",+89,1.93,"1,139,000",2026/08/14
746,746,7774,(株)ジャパン・ティッシュエンジニアリング,東証GRT,844,+16,1.93,"115,700",2026/08/14
747,747,8152,ソマール(株),東証STD,"7,380",+140,1.93,"5,800",2026/08/14
748,748,8551,(株)北日本銀行,東証PRM,"7,380",+140,1.93,"48,400",2026/08/14
749,749,1873,(株)日本ハウスホールディングス,東証PRM,319,+6,1.92,"147,200",2026/08/14
750,750,2602,日清オイリオグループ(株),東証PRM,"2,016",+38,1.92,"328,500",2026/08/14
751,751,3436,(株)ＳＵＭＣＯ,東証PRM,"3,920",+74,1.92,"18,654,100",2026/08/14
752,752,3529,アツギ(株),東証STD,"1,061",+20,1.92,"48,600",2026/08/14
753,753,3983,(株)オロ,東証PRM,"2,283",+43,1.92,"93,400",2026/08/14
754,754,4247,ポバール興業(株),東証STD,"1,381",+26,1.92,400,2026/08/14
755,755,4395,(株)アクリート,東証GRT,690,+13,1.92,"49,300",2026/08/14
756,756,6629,テクノホライゾン(株),東証STD,"1,011",+19,1.92,"201,200",2026/08/14
757,757,7261,マツダ(株),東証PRM,"1,169",+22,1.92,"5,129,900",2026/08/14
758,758,7777,(株)スリー・ディー・マトリックス,東証GRT,371,+7,1.92,"2,471,400",2026/08/14
759,759,7915,ＮＩＳＳＨＡ(株),東証PRM,"1,327",+25,1.92,"205,700",2026/08/14
760,760,1887,日本国土開発(株),東証PRM,534,+10,1.91,"271,000",2026/08/14
761,761,2183,(株)リニカル,東証STD,213,+4,1.91,"39,400",2026/08/14
762,762,2524,NZAM 上場投信 TOPIX,東証ETF,"4,366",+82,1.91,"15,474",2026/08/14
763,763,3680,(株)ホットリンク,東証GRT,213,+4,1.91,"25,900",2026/08/14
764,764,4372,ユミルリンク(株),東証GRT,"1,335",+25,1.91,"7,000",2026/08/14
765,765,4716,日本オラクル(株),東証STD,"9,536",+179,1.91,"210,600",2026/08/14
766,766,5591,(株)ＡＶＩＬＥＮ,東証GRT,800,+15,1.91,"29,400",2026/08/14
767,767,6525,(株)ＫＯＫＵＳＡＩ　ＥＬＥＣＴＲＩＣ,東証PRM,"9,187",+172,1.91,"10,767,600",2026/08/14
768,768,7412,(株)アトム,東証STD,374,+7,1.91,"551,000",2026/08/14
769,769,7921,(株)ＴＡＫＡＲＡ　＆　ＣＯＭＰＡＮＹ,東証PRM,"4,275",+80,1.91,"13,500",2026/08/14
770,770,7971,東リ(株),東証STD,693,+13,1.91,"170,600",2026/08/14
771,771,264A,(株)Ｓｃｈｏｏ,東証GRT,321,+6,1.9,"140,700",2026/08/14
772,772,6580,(株)ライトアップ,東証GRT,805,+15,1.9,"42,800",2026/08/14
773,773,7417,(株)南陽,東証STD,"1,875",+35,1.9,"10,000",2026/08/14
774,774,8081,(株)カナデン,東証PRM,"2,521",+47,1.9,"77,200",2026/08/14
775,775,1813,(株)不動テトラ,東証PRM,"2,864",+53,1.89,"73,000",2026/08/14
776,776,6289,(株)技研製作所,東証PRM,"1,945",+36,1.89,"64,500",2026/08/14
777,777,6538,(株)ディスラプターズ,東証STD,269,+5,1.89,"229,400",2026/08/14
778,778,4259,(株)エクサウィザーズ,東証GRT,705,+13,1.88,"3,827,500",2026/08/14
779,779,6810,マクセル(株),東証PRM,"2,442",+45,1.88,"206,800",2026/08/14
780,780,7775,大研医器(株),東証STD,434,+8,1.88,"91,700",2026/08/14
781,781,2359,(株)コア,東証PRM,"2,129",+39,1.87,"21,700",2026/08/14
782,782,3392,デリカフーズホールディングス(株),東証STD,817,+15,1.87,"29,700",2026/08/14
783,783,3492,MIRARTH不動産投資法人,東証,"81,900","+1,500",1.87,"6,614",2026/08/14
784,784,4027,テイカ(株),東証PRM,"2,399",+44,1.87,"31,400",2026/08/14
785,785,5965,(株)フジマック,東証STD,"1,200",+22,1.87,"17,700",2026/08/14
786,786,7818,(株)トランザクション,東証PRM,"1,200",+22,1.87,"247,100",2026/08/14
787,787,9272,ブティックス(株),東証GRT,"1,416",+26,1.87,"28,200",2026/08/14
788,788,4446,Ｌｉｎｋ－Ｕグループ(株),東証STD,822,+15,1.86,"71,100",2026/08/14
789,789,6081,アライドアーキテクツ(株),東証GRT,164,+3,1.86,"47,100",2026/08/14
790,790,6191,(株)エアトリ,東証PRM,929,+17,1.86,"150,400",2026/08/14
791,791,3047,(株)ＴＲＵＣＫ－ＯＮＥ,福岡Q,935,+17,1.85,600,2026/08/14
792,792,8173,(株)Ｊｏｓｈｉｎ,東証PRM,"4,130",+75,1.85,"159,100",2026/08/14
793,793,8337,(株)千葉興業銀行,東証PRM,"2,815",+51,1.85,"223,700",2026/08/14
794,794,2349,(株)エヌアイデイ,東証STD,"2,550",+46,1.84,"1,900",2026/08/14
795,795,5571,エキサイトホールディングス(株),東証STD,998,+18,1.84,"1,400",2026/08/14
796,796,5976,ネツレン,東証PRM,"1,494",+27,1.84,"97,200",2026/08/14
797,797,1929,日特建設(株),東証PRM,"1,167",+21,1.83,"78,400",2026/08/14
798,798,5019,出光興産(株),東証PRM,"1,306.5",+23.5,1.83,"4,044,300",2026/08/14
799,799,533A,NZAM 上場投信 S&P500(H無),東証ETF,"2,397",+43,1.83,8,2026/08/14
800,800,6200,(株)インソース,東証PRM,722,+13,1.83,"338,600",2026/08/14
801,801,8920,(株)東祥,東証STD,725,+13,1.83,"77,600",2026/08/14
802,802,1964,中外炉工業(株),東証PRM,"4,200",+75,1.82,"27,300",2026/08/14
803,803,3840,パス(株),東証STD,56,+1,1.82,"237,800",2026/08/14
804,804,3932,(株)アカツキ,東証PRM,"3,360",+60,1.82,"160,300",2026/08/14
805,805,4344,ソースネクスト(株),東証PRM,112,+2,1.82,"1,383,200",2026/08/14
806,806,4374,(株)ＲＯＢＯＴ　ＰＡＹＭＥＮＴ,東証GRT,"2,457",+44,1.82,"18,200",2026/08/14
807,807,6778,(株)アルチザネットワークス,東証STD,615,+11,1.82,"10,800",2026/08/14
808,808,6853,(株)共和電業,東証STD,783,+14,1.82,"17,000",2026/08/14
809,809,5138,(株)Ｒｅｂａｓｅ,東証GRT,451,+8,1.81,"1,200",2026/08/14
810,810,6023,ダイハツインフィニアース(株),東証STD,"2,974",+53,1.81,"256,500",2026/08/14
811,811,7803,(株)ブシロード,東証GRT,394,+7,1.81,"5,377,700",2026/08/14
812,812,8142,(株)トーホー,東証PRM,"1,403",+25,1.81,"149,500",2026/08/14
813,813,1626,(NEXT FUNDS)情報通信･サービス上場投信,東証ETF,"48,560",+860,1.8,516,2026/08/14
814,814,2044,NEXT NOTES S&P500 配当貴族(NR)ETN,東証ETF,"36,200",+640,1.8,848,2026/08/14
815,815,2181,パーソルホールディングス(株),東証PRM,287.9,+5.1,1.8,"13,316,600",2026/08/14
816,816,4199,ワンダープラネット(株),東証GRT,790,+14,1.8,"10,200",2026/08/14
817,817,6226,守谷輸送機工業(株),東証STD,"2,041",+36,1.8,"173,900",2026/08/14
818,818,6969,松尾電機(株),東証STD,"1,074",+19,1.8,"99,500",2026/08/14
819,819,7071,(株)アンビスホールディングス,東証PRM,396,+7,1.8,"357,300",2026/08/14
820,820,8869,明和地所(株),東証STD,849,+15,1.8,"68,900",2026/08/14
821,821,9896,ＪＫホールディングス(株),東証STD,"1,412",+25,1.8,"21,400",2026/08/14
822,822,5922,那須電機鉄工(株),東証STD,"19,950",+350,1.79,300,2026/08/14
823,823,6651,日東工業(株),東証PRM,"4,545",+80,1.79,"67,600",2026/08/14
824,824,277A,グロービング(株),東証PRM,"1,716",+30,1.78,"144,900",2026/08/14
825,825,4625,アトミクス(株),東証STD,800,+14,1.78,"9,900",2026/08/14
826,826,520A,ジェイファーマ(株),東証GRT,286,+5,1.78,"19,900",2026/08/14
827,827,7013,(株)ＩＨＩ,東証PRM,"3,028",+53,1.78,"12,194,000",2026/08/14
828,828,1419,タマホーム(株),東証PRM,"2,985",+52,1.77,"115,000",2026/08/14
829,829,3023,ラサ商事(株),東証STD,"2,130",+37,1.77,"42,400",2026/08/14
830,830,3916,デジタル・インフォメーション・テクノロジー(株),東証PRM,975,+17,1.77,"272,900",2026/08/14
831,831,4124,大阪油化工業(株),東証STD,"2,870",+50,1.77,"2,400",2026/08/14
832,832,6267,ゼネラルパッカー(株),東証STD,"4,020",+70,1.77,100,2026/08/14
833,833,7751,キヤノン(株),東証PRM,"4,656",+81,1.77,"3,132,700",2026/08/14
834,834,2438,(株)アスカネット,東証GRT,346,+6,1.76,"17,600",2026/08/14
835,835,413A,iFreeETF キャセイ台湾テックリーダー指数,東証ETF,"3,998",+69,1.76,"4,913",2026/08/14
836,836,4994,大成ラミックグループ(株),東証STD,"2,780",+48,1.76,"15,800",2026/08/14
837,837,6035,(株)アイ・アールジャパンホールディングス,東証STD,753,+13,1.76,"70,400",2026/08/14
838,838,7520,(株)エコス,東証PRM,"2,547",+44,1.76,"21,700",2026/08/14
839,839,8015,豊田通商(株),東証PRM,"7,325",+127,1.76,"2,520,200",2026/08/14
840,840,8093,極東貿易(株),東証PRM,"1,854",+32,1.76,"61,100",2026/08/14
841,841,9021,西日本旅客鉄道(株),東証PRM,"2,920",+50.5,1.76,"2,433,000",2026/08/14
842,842,2475,ＷＤＢホールディングス(株),東証PRM,"1,805",+31,1.75,"21,300",2026/08/14
843,843,4477,ＢＡＳＥ(株),東証GRT,290,+5,1.75,"774,700",2026/08/14
844,844,4493,(株)サイバーセキュリティクラウド,東証GRT,"1,981",+34,1.75,"221,400",2026/08/14
845,845,4992,北興化学工業(株),東証STD,"2,034",+35,1.75,"83,500",2026/08/14
846,846,6775,(株)ＴＢグループ,東証STD,116,+2,1.75,"113,700",2026/08/14
847,847,242A,(株)リプライオリティ,福岡Q,585,+10,1.74,"1,300",2026/08/14
848,848,6196,(株)ストライクグループ,東証PRM,"1,342",+23,1.74,"368,900",2026/08/14
849,849,7776,(株)セルシード,東証GRT,234,+4,1.74,"196,400",2026/08/14
850,850,3844,コムチュア(株),東証PRM,"1,472",+25,1.73,"298,500",2026/08/14
851,851,5946,(株)長府製作所,東証PRM,"2,056",+35,1.73,"110,400",2026/08/14
852,852,9768,いであ(株),東証STD,"3,820",+65,1.73,"9,300",2026/08/14
853,853,415A,ＧＭＯ　ＴＥＣＨホールディングス(株),東証GRT,"5,030",+85,1.72,"2,300",2026/08/14
854,854,6727,(株)ワコム,東証PRM,828,+14,1.72,"585,600",2026/08/14
855,855,8383,(株)鳥取銀行,東証STD,"1,952",+33,1.72,"66,300",2026/08/14
856,856,1653,iFreeETF MSCIジャパンESGセレクト･リーダーズ,東証ETF,"5,293",+89,1.71,20,2026/08/14
857,857,4396,(株)システムサポートホールディングス,東証PRM,"1,425",+24,1.71,"257,300",2026/08/14
858,858,6395,(株)タダノ,東証PRM,"1,431",+24,1.71,"329,800",2026/08/14
859,859,6557,ＡＩＡＩグループ(株),東証GRT,774,+13,1.71,"31,300",2026/08/14
860,860,6564,(株)ミダックホールディングス,東証PRM,"2,196",+37,1.71,"70,300",2026/08/14
861,861,6849,日本光電,東証PRM,"1,483.5",+25,1.71,"1,260,800",2026/08/14
862,862,7460,(株)ヤギ,東証STD,"1,668",+28,1.71,"27,600",2026/08/14
863,863,2154,(株)オープンアップグループ,東証PRM,"2,035",+34,1.7,"173,900",2026/08/14
864,864,2445,(株)タカミヤ,東証STD,419,+7,1.7,"73,100",2026/08/14
865,865,316A,iFreeETF FANG+,東証ETF,"2,757",+46,1.7,"612,664",2026/08/14
866,866,4487,(株)スペースマーケット,東証GRT,239,+4,1.7,"10,500",2026/08/14
867,867,4641,(株)アルプス技研,東証PRM,837,+14,1.7,"70,200",2026/08/14
868,868,8715,アニコム　ホールディングス(株),東証PRM,"1,139",+19,1.7,"438,100",2026/08/14
869,869,9478,ＳＥホールディングス・アンド・インキュベーションズ(株),東証STD,537,+9,1.7,"33,100",2026/08/14
870,870,2869,iFreeETF NASDAQ100レバレッジ,東証ETF,"3,065",+51,1.69,"214,116",2026/08/14
871,871,3184,ＩＣＤＡホールディングス(株),東証STD,"4,205",+70,1.69,100,2026/08/14
872,872,4718,(株)早稲田アカデミー,東証PRM,"2,407",+40,1.69,"63,200",2026/08/14
873,873,7699,オムニ・プラス・システム,東証GRT外国,720,+12,1.69,600,2026/08/14
874,874,7722,国際計測器(株),東証STD,783,+13,1.69,"31,600",2026/08/14
875,875,7864,(株)フジシールインターナショナル,東証PRM,"3,310",+55,1.69,"114,000",2026/08/14
876,876,1662,石油資源開発(株),東証PRM,"1,820",+30,1.68,"1,002,600",2026/08/14
877,877,1736,(株)オーテック,東証STD,"2,360",+39,1.68,"5,100",2026/08/14
878,878,2791,大黒天物産(株),東証PRM,"4,540",+75,1.68,"47,800",2026/08/14
879,879,6804,ホシデン(株),東証PRM,"2,971",+49,1.68,"268,900",2026/08/14
880,880,6927,ヘリオス　テクノ　ホールディング(株),東証STD,969,+16,1.68,"48,200",2026/08/14
881,881,9302,三井倉庫ホールディングス(株),東証PRM,"3,385",+56,1.68,"207,600",2026/08/14
882,882,9433,ＫＤＤＩ(株),東証PRM,"2,877.5",+47.5,1.68,"9,997,100",2026/08/14
883,883,9534,北海道ガス(株),東証PRM,786,+13,1.68,"147,200",2026/08/14
884,884,148A,(株)ハッチ・ワーク,東証GRT,"1,764",+29,1.67,"3,900",2026/08/14
885,885,156A,マテリアルグループ(株),東証GRT,853,+14,1.67,"56,400",2026/08/14
886,886,197A,(株)タウンズ,東証STD,487,+8,1.67,"750,500",2026/08/14
887,887,3472,日本ホテル＆レジデンシャル投資法人,東証,"67,100","+1,100",1.67,862,2026/08/14
888,888,477A,(株)スタートライン,東証GRT,670,+11,1.67,"66,600",2026/08/14
889,889,1433,ベステラ(株),東証PRM,"1,162",+19,1.66,"40,600",2026/08/14
890,890,3395,(株)サンマルクホールディングス,東証PRM,"2,451",+40,1.66,"111,000",2026/08/14
891,891,4565,ネクセラファーマ(株),東証PRM,"1,105",+18,1.66,"1,207,700",2026/08/14
892,892,4673,川崎地質(株),東証STD,"4,900",+80,1.66,"2,000",2026/08/14
893,893,4743,(株)アイティフォー,東証PRM,"1,714",+28,1.66,"169,300",2026/08/14
894,894,4973,日本高純度化学(株),東証PRM,"4,890",+80,1.66,"70,500",2026/08/14
895,895,6405,鈴茂器工(株),東証STD,"1,167",+19,1.66,"27,600",2026/08/14
896,896,8349,(株)東北銀行,東証STD,"1,530",+25,1.66,"58,700",2026/08/14
897,897,1628,(NEXT FUNDS)運輸･物流上場投信,東証ETF,"21,615",+350,1.65,212,2026/08/14
898,898,3635,(株)コーエーテクモホールディングス,東証PRM,"1,666",+27,1.65,"952,800",2026/08/14
899,899,4241,(株)アテクト,東証STD,677,+11,1.65,"26,100",2026/08/14
900,900,5250,ＧＭＯプライム・ストラテジー(株),東証STD,"1,050",+17,1.65,400,2026/08/14
901,901,5659,日本精線(株),東証PRM,"1,419",+23,1.65,"44,900",2026/08/14
902,902,6824,新コスモス電機(株),東証STD,"4,325",+70,1.65,"21,200",2026/08/14
903,903,9147,ＮＩＰＰＯＮ　ＥＸＰＲＥＳＳホールディングス(株),東証PRM,"5,684",+92,1.65,"1,245,600",2026/08/14
904,904,9366,(株)サンリツ,東証STD,"1,108",+18,1.65,"4,200",2026/08/14
905,905,9753,アイエックス・ナレッジ(株),東証STD,"1,358",+22,1.65,"4,700",2026/08/14
906,906,9824,泉州電業(株),東証PRM,"6,790",+110,1.65,"37,900",2026/08/14
907,907,1518,三井松島ホールディングス(株),東証PRM,"2,349",+38,1.64,"381,100",2026/08/14
908,908,2462,ライク(株),東証PRM,"1,553",+25,1.64,"41,100",2026/08/14
909,909,2874,ヨコレイ,東証PRM,"2,110",+34,1.64,"617,800",2026/08/14
910,910,3758,(株)アエリア,東証STD,248,+4,1.64,"35,200",2026/08/14
911,911,4324,(株)電通グループ,東証PRM,"3,778",+61,1.64,"1,316,700",2026/08/14
912,912,526A,JPXスタートアップ急成長100ETF,東証ETF,"2,236",+36,1.64,"1,678",2026/08/14
913,913,554A,(株)バトンズ,東証GRT,"1,554",+25,1.64,"20,900",2026/08/14
914,914,7752,(株)リコー,東証PRM,"1,678",+27,1.64,"2,592,100",2026/08/14
915,915,8923,トーセイ(株),東証PRM,"1,795",+29,1.64,"125,500",2026/08/14
916,916,9632,スバル興業(株),東証STD,"3,720",+60,1.64,"17,100",2026/08/14
917,917,157A,グリーンモンスター(株),東証GRT,813,+13,1.63,"23,600",2026/08/14
918,918,1898,世紀東急工業(株),東証PRM,"1,495",+24,1.63,"264,800",2026/08/14
919,919,3001,片倉工業(株),東証STD,"2,932",+47,1.63,"45,600",2026/08/14
920,920,4323,日本システム技術(株),東証PRM,"1,991",+32,1.63,"144,400",2026/08/14
921,921,4725,(株)ＣＡＣ　Ｈｏｌｄｉｎｇｓ,東証PRM,"1,936",+31,1.63,"161,700",2026/08/14
922,922,4892,(株)サイフューズ,東証GRT,560,+9,1.63,"15,600",2026/08/14
923,923,8084,(株)ＲＹＯＤＥＮ,東証PRM,"4,680",+75,1.63,"37,300",2026/08/14
924,924,9270,バリュエンスホールディングス(株),東証GRT,"2,059",+33,1.63,"46,700",2026/08/14
925,925,9816,(株)ストライダーズ,東証STD,250,+4,1.63,"5,000",2026/08/14
926,926,9979,(株)大庄,東証STD,"1,122",+18,1.63,"42,200",2026/08/14
927,927,145A,(株)Ｌ　ｉｓ　Ｂ,東証GRT,940,+15,1.62,"21,300",2026/08/14
928,928,2467,(株)ＶＬＣセキュリティ,名証NXT,188,+3,1.62,"13,600",2026/08/14
929,929,3611,(株)マツオカコーポレーション,東証STD,"2,512",+40,1.62,"37,800",2026/08/14
930,930,4015,ペイクラウドホールディングス(株),東証GRT,564,+9,1.62,"41,800",2026/08/14
931,931,4229,群栄化学工業(株),東証PRM,"4,715",+75,1.62,"25,600",2026/08/14
932,932,4832,ＪＦＥシステムズ(株),東証STD,"1,949",+31,1.62,"7,500",2026/08/14
933,933,5186,ニッタ(株),東証PRM,"6,920",+110,1.62,"30,500",2026/08/14
934,934,6469,(株)放電精密加工研究所,東証STD,"2,946",+47,1.62,"76,800",2026/08/14
935,935,6771,池上通信機(株),東証STD,690,+11,1.62,"16,500",2026/08/14
936,936,7215,(株)ファルテック,東証STD,438,+7,1.62,"2,900",2026/08/14
937,937,8150,三信電気(株),東証PRM,"3,130",+50,1.62,"54,300",2026/08/14
938,938,3476,投資法人みらい,東証,"41,000",+650,1.61,"7,530",2026/08/14
939,939,3653,(株)モルフォ,東証GRT,694,+11,1.61,"11,400",2026/08/14
940,940,4483,(株)ＪＭＤＣ,東証PRM,"3,470",+55,1.61,"577,200",2026/08/14
941,941,6144,西部電機(株),東証STD,"3,150",+50,1.61,"3,000",2026/08/14
942,942,7182,(株)ゆうちょ銀行,東証PRM,"3,275",+52,1.61,"7,425,000",2026/08/14
943,943,9037,(株)ハマキョウレックス,東証PRM,"1,889",+30,1.61,"173,900",2026/08/14
944,944,5034,(株)ｕｎｅｒｒｙ,東証GRT,"2,090",+33,1.6,"69,300",2026/08/14
945,945,6535,(株)アイモバイル,東証PRM,507,+8,1.6,"346,200",2026/08/14
946,946,6678,(株)テクノメディカ,東証STD,"2,164",+34,1.6,"19,600",2026/08/14
947,947,6905,コーセル(株),東証PRM,"1,397",+22,1.6,"196,100",2026/08/14
948,948,7266,(株)今仙電機製作所,東証STD,952,+15,1.6,"21,900",2026/08/14
949,949,7320,Ｓｏｌｖｖｙ(株),東証GRT,"1,588",+25,1.6,"44,000",2026/08/14
950,950,8070,東京産業(株),東証PRM,889,+14,1.6,"234,900",2026/08/14
951,951,1969,高砂熱学工業(株),東証PRM,"4,338",+68,1.59,"971,900",2026/08/14
952,952,2638,GX ロボティクス＆AI-日本株式,東証ETF,"2,753",+43,1.59,"46,863",2026/08/14
953,953,4901,富士フイルムホールディングス(株),東証PRM,"3,329",+52,1.59,"6,109,100",2026/08/14
954,954,5408,(株)中山製鋼所,東証PRM,638,+10,1.59,"350,300",2026/08/14
955,955,5834,ＳＢＩリーシングサービス(株),東証GRT,"2,813",+44,1.59,"70,800",2026/08/14
956,956,6183,(株)ベルシステム２４ホールディングス,東証PRM,"1,407",+22,1.59,"398,800",2026/08/14
957,957,6869,シスメックス(株),東証PRM,"1,918.5",+30,1.59,"2,317,100",2026/08/14
958,958,2910,(株)ロック・フィールド,東証PRM,"1,415",+22,1.58,"97,200",2026/08/14
959,959,3765,ガンホー・オンライン・エンターテイメント(株),東証PRM,"2,448",+38,1.58,"163,700",2026/08/14
960,960,4261,アジアクエスト(株),東証GRT,"3,215",+50,1.58,"3,100",2026/08/14
961,961,5464,モリ工業(株),東証STD,962,+15,1.58,"32,300",2026/08/14
962,962,6390,(株)加藤製作所,東証PRM,"1,352",+21,1.58,"54,000",2026/08/14
963,963,8008,４℃ホールディングス,東証PRM,"2,118",+33,1.58,"93,200",2026/08/14
964,964,8098,稲畑産業(株),東証PRM,"4,190",+65,1.58,"97,600",2026/08/14
965,965,8377,(株)ほくほくフィナンシャルグループ,東証PRM,"8,592",+134,1.58,"501,300",2026/08/14
966,966,9627,(株)アインホールディングス,東証PRM,"6,178",+96,1.58,"189,800",2026/08/14
967,967,8198,マックスバリュ東海(株),東証STD,"3,235",+50,1.57,"21,200",2026/08/14
968,968,9823,(株)マミーマートホールディングス,東証STD,"1,032",+16,1.57,"64,300",2026/08/14
969,969,3333,(株)あさひ,東証PRM,"1,370",+21,1.56,"92,200",2026/08/14
970,970,3388,明治電機工業(株),東証PRM,"2,148",+33,1.56,"35,000",2026/08/14
971,971,4228,積水化成品工業(株),東証PRM,653,+10,1.56,"299,500",2026/08/14
972,972,6149,(株)小田原エンジニアリング,東証STD,"2,220",+34,1.56,"16,500",2026/08/14
973,973,6699,ダイヤモンドエレクトリックホールディングス(株),東証STD,521,+8,1.56,"103,000",2026/08/14
974,974,9470,(株)学研ホールディングス,東証PRM,"1,044",+16,1.56,"100,900",2026/08/14
975,975,2700,木徳神糧(株),東証STD,"1,768",+27,1.55,"25,400",2026/08/14
976,976,3221,(株)ヨシックスホールディングス,東証PRM,"3,270",+50,1.55,"49,300",2026/08/14
977,977,4712,(株)ＫｅｙＨｏｌｄｅｒ,東証STD,788,+12,1.55,"13,700",2026/08/14
978,978,5845,全保連(株),東証STD,"1,244",+19,1.55,"56,200",2026/08/14
979,979,8897,ＭＩＲＡＲＴＨホールディングス(株),東証PRM,459,+7,1.55,"1,617,200",2026/08/14
980,980,9339,(株)コーチ・エィ,東証STD,"1,438",+22,1.55,"2,900",2026/08/14
981,981,1663,Ｋ＆Ｏエナジーグループ(株),東証PRM,"1,917",+29,1.54,"313,400",2026/08/14
982,982,2127,(株)日本Ｍ＆Ａセンターホールディングス,東証PRM,672.2,+10.2,1.54,"1,761,100",2026/08/14
983,983,3434,(株)アルファ,東証STD,"1,253",+19,1.54,"4,100",2026/08/14
984,984,3463,いちごホテルリート投資法人,東証,"112,400","+1,700",1.54,632,2026/08/14
985,985,3744,サイオス(株),東証STD,463,+7,1.54,"59,900",2026/08/14
986,986,4586,(株)メドレックス,東証GRT,66,+1,1.54,"1,030,300",2026/08/14
987,987,6485,前澤給装工業(株),東証STD,"1,645",+25,1.54,"23,100",2026/08/14
988,988,7433,伯東(株),東証PRM,"5,280",+80,1.54,"85,100",2026/08/14
989,989,2461,(株)ファンコミュニケーションズ,東証PRM,399,+6,1.53,"112,500",2026/08/14
990,990,3443,川田テクノロジーズ(株),東証PRM,"1,393",+21,1.53,"287,800",2026/08/14
991,991,4615,神東塗料(株),東証STD,133,+2,1.53,"18,200",2026/08/14
992,992,7244,市光工業(株),東証PRM,597,+9,1.53,"275,100",2026/08/14
993,993,7443,横浜魚類(株),東証STD,662,+10,1.53,"2,000",2026/08/14
994,994,7702,(株)ＪＭＳ,東証STD,465,+7,1.53,"41,800",2026/08/14
995,995,2483,(株)翻訳センター,東証STD,"2,207",+33,1.52,"7,500",2026/08/14
996,996,2491,バリューコマース(株),東証PRM,469,+7,1.52,"179,900",2026/08/14
997,997,2613,(株)Ｊ－オイルミルズ,東証PRM,"2,141",+32,1.52,"85,300",2026/08/14
998,998,3946,(株)トーモク,東証PRM,"4,690",+70,1.52,"118,400",2026/08/14
999,999,4310,(株)ドリームインキュベータ,東証PRM,"2,536",+38,1.52,"25,800",2026/08/14
1000,1000,4596,窪田製薬ホールディングス(株),東証GRT,67,+1,1.52,"2,553,300",2026/08/14
1001,1001,471A,ＮＳグループ(株),東証PRM,"1,599",+24,1.52,"311,800",2026/08/14
1002,1002,4888,ステラファーマ(株),東証GRT,333,+5,1.52,"522,300",2026/08/14
1003,1003,5271,(株)トーヨーアサノ,東証STD,"2,335",+35,1.52,900,2026/08/14
1004,1004,6232,(株)ＡＣＳＬ,東証GRT,"1,741",+26,1.52,"414,400",2026/08/14
1005,1005,6358,酒井重工業(株),東証PRM,"2,199",+33,1.52,"30,100",2026/08/14
1006,1006,6539,(株)ＭＳ－Ｊａｐａｎ,東証PRM,"1,004",+15,1.52,"76,800",2026/08/14
1007,1007,7089,フォースタートアップス(株),東証GRT,"1,600",+24,1.52,"37,800",2026/08/14
1008,1008,7831,(株)ウイルコホールディングス,東証STD,67,+1,1.52,"11,300",2026/08/14
1009,1009,8938,グローム・ホールディングス(株),東証GRT,335,+5,1.52,"3,700",2026/08/14
1010,1010,2112,塩水港精糖(株),東証STD,470,+7,1.51,"54,200",2026/08/14
1011,1011,3261,(株)グランディーズ,東証GRT,404,+6,1.51,"7,700",2026/08/14
1012,1012,3431,宮地エンジニアリンググループ(株),東証PRM,"1,616",+24,1.51,"104,500",2026/08/14
1013,1013,4826,(株)ＣＩＪ,東証PRM,537,+8,1.51,"336,100",2026/08/14
1014,1014,6381,アネスト岩田(株),東証PRM,"1,955",+29,1.51,"86,400",2026/08/14
1015,1015,1959,(株)クラフティア,東証PRM,"8,396",+124,1.5,"271,700",2026/08/14
1016,1016,4113,田岡化学工業(株),東証STD,744,+11,1.5,"19,700",2026/08/14
1017,1017,4176,(株)ココナラ,東証GRT,270,+4,1.5,"96,800",2026/08/14
1018,1018,5241,(株)日本オーエー研究所,名証MN,812,+12,1.5,"1,100",2026/08/14
1019,1019,7893,(株)プロネクサス,東証PRM,"1,148",+17,1.5,"62,600",2026/08/14
1020,1020,8025,(株)ツカモトコーポレーション,東証STD,"1,349",+20,1.5,"3,400",2026/08/14
1021,1021,8864,空港施設(株),東証STD,950,+14,1.5,"78,000",2026/08/14
1022,1022,9658,(株)ビジネスブレイン太田昭和,東証PRM,"1,084",+16,1.5,"247,000",2026/08/14
1023,1023,2819,エバラ食品工業(株),東証STD,"2,514",+37,1.49,"11,600",2026/08/14
1024,1024,4559,ゼリア新薬工業(株),東証PRM,"2,111",+31,1.49,"113,800",2026/08/14
1025,1025,5998,(株)アドバネクス,東証STD,"2,381",+35,1.49,"24,400",2026/08/14
1026,1026,7003,(株)三井Ｅ＆Ｓ,東証PRM,"4,345",+64,1.49,"1,718,400",2026/08/14
1027,1027,2903,シノブフーズ(株),東証STD,"1,578",+23,1.48,"2,800",2026/08/14
1028,1028,5991,ニッパツ,東証PRM,"3,713",+54,1.48,"826,100",2026/08/14
1029,1029,6061,(株)ユニバーサル園芸社,東証STD,"3,095",+45,1.48,"13,400",2026/08/14
1030,1030,6103,オークマ(株),東証PRM,"5,500",+80,1.48,"366,700",2026/08/14
1031,1031,6458,新晃工業(株),東証PRM,"1,232",+18,1.48,"205,300",2026/08/14
1032,1032,7222,日産車体(株),東証STD,962,+14,1.48,"73,100",2026/08/14
1033,1033,7463,(株)アドヴァングループ,東証STD,957,+14,1.48,"22,600",2026/08/14
1034,1034,7475,アルビス(株),東証PRM,"2,543",+37,1.48,"10,900",2026/08/14
1035,1035,8219,青山商事(株),東証PRM,756,+11,1.48,"664,600",2026/08/14
1036,1036,9678,(株)カナモト,東証PRM,"5,490",+80,1.48,"53,200",2026/08/14
1037,1037,1491,中外鉱業(株),東証STD,828,+12,1.47,"70,300",2026/08/14
1038,1038,2157,(株)コシダカホールディングス,東証PRM,"1,037",+15,1.47,"530,800",2026/08/14
1039,1039,4828,ビジネスエンジニアリング(株),東証PRM,"1,381",+20,1.47,"98,200",2026/08/14
1040,1040,4845,(株)スカラ,東証STD,346,+5,1.47,"58,700",2026/08/14
1041,1041,543A,ＡＲＣＨＩＯＮ(株),東証PRM,276,+4,1.47,"27,695,300",2026/08/14
1042,1042,584A,ＬｉＮＫＸ(株),東証GRT,"2,770",+40,1.47,"851,600",2026/08/14
1043,1043,7058,共栄セキュリティーサービス(株),東証STD,"2,908",+42,1.47,800,2026/08/14
1044,1044,7988,(株)ニフコ,東証PRM,"5,112",+74,1.47,"283,000",2026/08/14
1045,1045,9119,飯野海運(株),東証PRM,"1,592",+23,1.47,"205,600",2026/08/14
1046,1046,2301,(株)学情,東証PRM,"1,669",+24,1.46,"108,100",2026/08/14
1047,1047,4880,セルソース(株),東証STD,348,+5,1.46,"36,800",2026/08/14
1048,1048,5844,(株)京都フィナンシャルグループ,東証PRM,"5,073",+73,1.46,"1,435,400",2026/08/14
1049,1049,6632,(株)ＪＶＣケンウッド,東証PRM,"1,044",+15,1.46,"1,228,700",2026/08/14
1050,1050,6932,(株)遠藤照明,東証STD,"2,638",+38,1.46,"22,800",2026/08/14
1051,1051,7046,ＴＤＳＥ(株),東証GRT,"1,319",+19,1.46,400,2026/08/14
1052,1052,9565,ＧＬＯＥ(株),東証GRT,695,+10,1.46,"4,400",2026/08/14
1053,1053,9699,ニシオホールディングス(株),東証PRM,"4,520",+65,1.46,"48,200",2026/08/14
1054,1054,2894,石井食品(株),東証STD,350,+5,1.45,"4,700",2026/08/14
1055,1055,6046,(株)リンクバル,東証STD,140,+2,1.45,"101,500",2026/08/14
1056,1056,6413,理想科学工業(株),東証PRM,"1,121",+16,1.45,"57,700",2026/08/14
1057,1057,6634,(株)ＪＮグループ,東証STD,70,+1,1.45,"148,900",2026/08/14
1058,1058,8052,椿本興業(株),東証PRM,"2,792",+40,1.45,"45,200",2026/08/14
1059,1059,9248,人・夢・技術グループ(株),東証STD,"1,678",+24,1.45,"23,700",2026/08/14
1060,1060,3387,(株)クリエイト・レストランツ・ホールディングス,東証PRM,777,+11,1.44,"1,501,600",2026/08/14
1061,1061,4246,ダイキョーニシカワ(株),東証PRM,"1,127",+16,1.44,"235,300",2026/08/14
1062,1062,513A,GX 防衛テック-日本株式,東証ETF,918,+13,1.44,"852,398",2026/08/14
1063,1063,5527,(株)ｐｒｏｐｅｒｔｙ　ｔｅｃｈｎｏｌｏｇｉｅｓ,東証GRT,705,+10,1.44,"20,100",2026/08/14
1064,1064,6038,(株)イード,東証GRT,843,+12,1.44,"3,900",2026/08/14
1065,1065,6899,ＡＳＴＩ(株),東証STD,"2,330",+33,1.44,"5,100",2026/08/14
1066,1066,7812,(株)クレステック,東証STD,"2,180",+31,1.44,"2,700",2026/08/14
1067,1067,1844,(株)大盛工業,東証STD,495,+7,1.43,"88,000",2026/08/14
1068,1068,1812,鹿島,東証PRM,"4,937",+69,1.42,"2,157,200",2026/08/14
1069,1069,2567,NZAM 上場投信 S&P/JPXカーボン・エフィシェント指数,東証ETF,558.3,+7.8,1.42,40,2026/08/14
1070,1070,3287,星野リゾート・リート投資法人,東証,"242,100","+3,400",1.42,"2,198",2026/08/14
1071,1071,4017,(株)クリーマ,東証GRT,215,+3,1.42,"3,300",2026/08/14
1072,1072,4192,スパイダープラス(株),東証GRT,286,+4,1.42,"124,700",2026/08/14
1073,1073,4198,(株)テンダ,東証STD,499,+7,1.42,"4,800",2026/08/14
1074,1074,4430,東海ソフト(株),東証STD,"1,712",+24,1.42,"16,900",2026/08/14
1075,1075,6333,(株)ＴＥＩＫＯＫＵ,東証PRM,"3,210",+45,1.42,"44,600",2026/08/14
1076,1076,7949,小松ウオール工業(株),東証PRM,"2,786",+39,1.42,"56,800",2026/08/14
1077,1077,8346,(株)東邦銀行,東証PRM,"1,003",+14,1.42,"1,244,100",2026/08/14
1078,1078,8999,グランディハウス(株),東証PRM,573,+8,1.42,"74,700",2026/08/14
1079,1079,9227,マイクロ波化学(株),東証GRT,927,+13,1.42,"261,700",2026/08/14
1080,1080,241A,(株)ＲＯＸＸ,東証GRT,433,+6,1.41,"83,100",2026/08/14
1081,1081,4772,(株)ＳＭ　ＥＮＴＥＲＴＡＩＮＭＥＮＴ　ＪＡＰＡＮ,東証GRT,72,+1,1.41,"286,700",2026/08/14
1082,1082,6145,ＮＩＴＴＯＫＵ(株),東証STD,"2,440",+34,1.41,"95,400",2026/08/14
1083,1083,7931,未来工業(株),東証PRM,"3,600",+50,1.41,"29,600",2026/08/14
1084,1084,9698,(株)クレオ,東証STD,"1,297",+18,1.41,"5,500",2026/08/14
1085,1085,1997,暁飯島工業(株),東証STD,"3,980",+55,1.4,"1,800",2026/08/14
1086,1086,2627,GX eコマース-日本株式,東証ETF,"1,589",+22,1.4,"20,007",2026/08/14
1087,1087,6412,(株)平和,東証PRM,"2,178",+30,1.4,"364,900",2026/08/14
1088,1088,1301,(株)極洋,東証PRM,"4,725",+65,1.39,"43,600",2026/08/14
1089,1089,2768,双日(株),東証PRM,"5,684",+78,1.39,"1,167,300",2026/08/14
1090,1090,323A,(株)フライヤー,東証GRT,366,+5,1.39,"3,400",2026/08/14
1091,1091,3474,Ｇ－ＦＡＣＴＯＲＹ(株),東証GRT,585,+8,1.39,"5,100",2026/08/14
1092,1092,6222,(株)島精機製作所,東証PRM,949,+13,1.39,"71,700",2026/08/14
1093,1093,6400,不二精機(株),東証STD,291,+4,1.39,"19,300",2026/08/14
1094,1094,7202,いすゞ自動車(株),東証PRM,"2,265.5",+31,1.39,"2,167,500",2026/08/14
1095,1095,7259,(株)アイシン,東証PRM,"2,265",+31,1.39,"2,688,700",2026/08/14
1096,1096,7860,エイベックス(株),東証PRM,"1,242",+17,1.39,"201,000",2026/08/14
1097,1097,7871,フクビ化学工業(株),東証STD,"1,019",+14,1.39,"2,900",2026/08/14
1098,1098,8410,(株)セブン銀行,東証PRM,336.1,+4.6,1.39,"6,598,000",2026/08/14
1099,1099,9622,(株)スペース,東証PRM,"1,456",+20,1.39,"44,800",2026/08/14
1100,1100,1810,松井建設(株),東証STD,"1,470",+20,1.38,"31,600",2026/08/14
1101,1101,1822,大豊建設(株),東証STD,809,+11,1.38,"185,000",2026/08/14
1102,1102,3046,(株)ジンズホールディングス,東証PRM,"6,600",+90,1.38,"229,000",2026/08/14
1103,1103,3836,(株)アバントグループ,東証PRM,"1,177",+16,1.38,"75,900",2026/08/14
1104,1104,4970,東洋合成工業(株),東証STD,"12,510",+170,1.38,"110,100",2026/08/14
1105,1105,5214,日本電気硝子(株),東証PRM,"5,145",+70,1.38,"626,000",2026/08/14
1106,1106,5901,東洋製罐グループホールディングス(株),東証PRM,"4,419",+60,1.38,"322,000",2026/08/14
1107,1107,6042,(株)ニッキ,東証STD,"4,035",+55,1.38,300,2026/08/14
1108,1108,7133,ＨＹＵＧＡ　ＰＲＩＭＡＲＹ　ＣＡＲＥ(株),東証GRT,"1,318",+18,1.38,"5,100",2026/08/14
1109,1109,7184,(株)富山第一銀行,東証PRM,"3,310",+45,1.38,"249,000",2026/08/14
1110,1110,7228,(株)デイトナ,東証STD,"4,045",+55,1.38,"1,100",2026/08/14
1111,1111,7947,(株)エフピコ,東証PRM,"2,725",+37,1.38,"145,400",2026/08/14
1112,1112,9068,丸全昭和運輸(株),東証PRM,"7,350",+100,1.38,"35,600",2026/08/14
1113,1113,1768,(株)ソネック,東証STD,"1,035",+14,1.37,"12,100",2026/08/14
1114,1114,5410,合同製鐵(株),東証PRM,"2,965",+40,1.37,"66,000",2026/08/14
1115,1115,5940,不二サッシ(株),東証STD,742,+10,1.37,"28,700",2026/08/14
1116,1116,7595,(株)アルゴグラフィックス,東証PRM,"1,335",+18,1.37,"251,000",2026/08/14
1117,1117,9432,ＮＴＴ(株),東証PRM,162.7,+2.2,1.37,"269,560,000",2026/08/14
1118,1118,9997,(株)ベルーナ,東証PRM,"1,033",+14,1.37,"269,500",2026/08/14
1119,1119,1622,(NEXT FUNDS)自動車･輸送機上場投信,東証ETF,"35,100",+470,1.36,"1,922",2026/08/14
1120,1120,2916,仙波糖化工業(株),東証STD,745,+10,1.36,"2,200",2026/08/14
1121,1121,3858,(株)ユビキタスＡＩ,東証STD,299,+4,1.36,"50,600",2026/08/14
1122,1122,3941,レンゴー(株),東証PRM,"1,636.5",+22,1.36,"1,162,900",2026/08/14
1123,1123,4689,ＬＩＮＥヤフー(株),東証PRM,506.3,+6.8,1.36,"22,261,500",2026/08/14
1124,1124,6345,(株)アイチコーポレーション,東証PRM,"1,419",+19,1.36,"183,600",2026/08/14
1125,1125,7239,(株)タチエス,東証PRM,"2,309",+31,1.36,"50,400",2026/08/14
1126,1126,2587,サントリービバレッジ＆フード(株),東証PRM,"4,648",+62,1.35,"1,613,400",2026/08/14
1127,1127,3494,(株)マリオン,東証STD,450,+6,1.35,"5,200",2026/08/14
1128,1128,3636,(株)三菱総合研究所,東証PRM,"4,885",+65,1.35,"39,600",2026/08/14
1129,1129,4825,(株)ウェザーニューズ,東証PRM,"2,029",+27,1.35,"300,200",2026/08/14
1130,1130,6018,阪神内燃機工業(株),東証STD,"6,000",+80,1.35,800,2026/08/14
1131,1131,6648,(株)かわでん,東証STD,"1,722",+23,1.35,"52,600",2026/08/14
1132,1132,8091,ニチモウ(株),東証PRM,"2,406",+32,1.35,"14,400",2026/08/14
1133,1133,9158,(株)シーユーシー,東証GRT,749,+10,1.35,"51,500",2026/08/14
1134,1134,9767,日建工学(株),東証STD,"1,575",+21,1.35,"1,300",2026/08/14
1135,1135,208A,(株)構造計画研究所ホールディングス,東証STD,"3,035",+40,1.34,"11,600",2026/08/14
1136,1136,2212,山崎製パン(株),東証PRM,"3,544",+47,1.34,"424,300",2026/08/14
1137,1137,2269,明治ホールディングス(株),東証PRM,"4,248",+56,1.34,"1,300,600",2026/08/14
1138,1138,2871,(株)ニチレイ,東証PRM,"2,188.5",+29,1.34,"1,259,800",2026/08/14
1139,1139,3185,夢展望(株),東証GRT,151,+2,1.34,"45,400",2026/08/14
1140,1140,3580,小松マテーレ(株),東証PRM,756,+10,1.34,"75,500",2026/08/14
1141,1141,5933,アルインコ(株),東証PRM,"1,131",+15,1.34,"35,700",2026/08/14
1142,1142,6369,トーヨーカネツ(株),東証PRM,"2,502",+33,1.34,"77,600",2026/08/14
1143,1143,8051,(株)山善,東証PRM,"1,965",+26,1.34,"197,800",2026/08/14
1144,1144,3284,(株)フージャースホールディングス,東証PRM,"1,296",+17,1.33,"208,000",2026/08/14
1145,1145,5947,リンナイ(株),東証PRM,"3,650",+48,1.33,"356,200",2026/08/14
1146,1146,7628,(株)オーハシテクニカ,東証PRM,"1,216",+16,1.33,"25,200",2026/08/14
1147,1147,9439,(株)エム・エイチ・グループ,東証STD,229,+3,1.33,"21,200",2026/08/14
1148,1148,2239,上場インデックスファンドS&P500先物レバレッジ2倍,東証ETF,"27,680",+360,1.32,630,2026/08/14
1149,1149,2282,日本ハム(株),東証PRM,"6,307",+82,1.32,"608,700",2026/08/14
1150,1150,3106,クラボウ,東証PRM,"10,730",+140,1.32,"22,600",2026/08/14
1151,1151,8095,アステナホールディングス(株),東証PRM,539,+7,1.32,"152,100",2026/08/14
1152,1152,8368,(株)百五銀行,東証PRM,"2,308",+30,1.32,"924,300",2026/08/14
1153,1153,9252,(株)ラストワンマイル,東証GRT,"3,840",+50,1.32,"9,100",2026/08/14
1154,1154,1376,カネコ種苗(株),東証STD,"1,630",+21,1.31,"16,400",2026/08/14
1155,1155,1885,東亜建設工業(株),東証PRM,"2,083",+27,1.31,"476,400",2026/08/14
1156,1156,2018,GX US REIT・トップ20,東証ETF,"1,315",+17,1.31,107,2026/08/14
1157,1157,2160,(株)ジーエヌアイグループ,東証GRT,"2,935",+38,1.31,"1,167,200",2026/08/14
1158,1158,2469,ヒビノ(株),東証STD,"2,713",+35,1.31,"12,800",2026/08/14
1159,1159,5356,美濃窯業(株),東証STD,"1,314",+17,1.31,"5,400",2026/08/14
1160,1160,6430,ダイコク電機(株),東証PRM,"2,474",+32,1.31,"39,800",2026/08/14
1161,1161,7167,(株)めぶきフィナンシャルグループ,東証PRM,"1,658.5",+21.5,1.31,"3,232,800",2026/08/14
1162,1162,8860,フジ住宅(株),東証PRM,771,+10,1.31,"51,500",2026/08/14
1163,1163,175A,(株)Ｗｉｌｌ　Ｓｍａｒｔ,東証GRT,624,+8,1.3,"4,800",2026/08/14
1164,1164,4208,ＵＢＥ(株),東証PRM,"3,654",+47,1.3,"1,018,900",2026/08/14
1165,1165,4231,タイガースポリマー(株),東証STD,"1,011",+13,1.3,"15,900",2026/08/14
1166,1166,6040,日本スキー場開発(株),東証GRT,469,+6,1.3,"42,300",2026/08/14
1167,1167,6914,オプテックスグループ(株),東証PRM,"3,505",+45,1.3,"197,000",2026/08/14
1168,1168,7481,尾家産業(株),東証STD,"2,578",+33,1.3,"3,500",2026/08/14
1169,1169,7678,(株)あさくま,東証STD,"3,125",+40,1.3,"6,600",2026/08/14
1170,1170,7932,(株)ニッピ,東証STD,"11,720",+150,1.3,"9,600",2026/08/14
1171,1171,8163,ＳＲＳホールディングス(株),東証PRM,"1,480",+19,1.3,"103,000",2026/08/14
1172,1172,8729,ソニーフィナンシャルグループ(株),東証PRM,155.8,+2,1.3,"43,036,200",2026/08/14
1173,1173,1625,(NEXT FUNDS)電機･精密上場投信,東証ETF,"68,980",+880,1.29,"4,921",2026/08/14
1174,1174,2148,アイティメディア(株),東証PRM,"1,254",+16,1.29,"55,900",2026/08/14
1175,1175,339A,プログレス・テクノロジーズ　グループ(株),東証GRT,945,+12,1.29,"10,900",2026/08/14
1176,1176,5602,(株)栗本鐵工所,東証PRM,"1,723",+22,1.29,"219,100",2026/08/14
1177,1177,6292,(株)カワタ,東証STD,863,+11,1.29,"10,700",2026/08/14
1178,1178,7022,サノヤスホールディングス(株),東証STD,315,+4,1.29,"77,100",2026/08/14
1179,1179,1795,(株)マサル,東証STD,"5,520",+70,1.28,400,2026/08/14
1180,1180,2019,GX 米国優先証券(隔月分配型),東証ETF,"1,025",+13,1.28,"1,671",2026/08/14
1181,1181,2286,林兼産業(株),東証STD,871,+11,1.28,"17,400",2026/08/14
1182,1182,3863,日本製紙(株),東証PRM,"1,420",+18,1.28,"811,400",2026/08/14
1183,1183,5541,大平洋金属(株),東証PRM,"2,690",+34,1.28,"243,900",2026/08/14
1184,1184,6465,ホシザキ(株),東証PRM,"5,788",+73,1.28,"327,200",2026/08/14
1185,1185,7048,ベルトラ(株),東証GRT,158,+2,1.28,"272,700",2026/08/14
1186,1186,9308,乾汽船(株),東証STD,"2,059",+26,1.28,"71,100",2026/08/14
1187,1187,4174,(株)アピリッツ,東証STD,799,+10,1.27,"26,500",2026/08/14
1188,1188,5819,カナレ電気(株),東証STD,"1,759",+22,1.27,"3,200",2026/08/14
1189,1189,5970,(株)ジーテクト,東証PRM,"2,310",+29,1.27,"80,000",2026/08/14
1190,1190,6419,(株)マースグループホールディングス,東証PRM,"3,200",+40,1.27,"59,400",2026/08/14
1191,1191,7692,(株)アースインフィニティ,東証STD,80,+1,1.27,"442,900",2026/08/14
1192,1192,9028,(株)ゼロ,東証STD,"3,585",+45,1.27,"6,700",2026/08/14
1193,1193,9436,沖縄セルラー電話(株),東証STD,"4,000",+50,1.27,"184,700",2026/08/14
1194,1194,9679,ホウライ(株),東証STD,"2,390",+30,1.27,700,2026/08/14
1195,1195,2590,ダイドーグループホールディングス(株),東証PRM,"2,964",+37,1.26,"70,300",2026/08/14
1196,1196,3116,トヨタ紡織(株),東証PRM,"2,241.5",+28,1.26,"490,100",2026/08/14
1197,1197,4347,ブロードメディア(株),東証STD,"1,689",+21,1.26,"18,100",2026/08/14
1198,1198,4447,(株)ピー・ビーシステムズ,東証GRT,483,+6,1.26,"4,400",2026/08/14
1199,1199,6047,(株)Ｇｕｎｏｓｙ,東証STD,402,+5,1.26,"136,000",2026/08/14
1200,1200,6459,だいわ(株),東証PRM,"1,762",+22,1.26,"89,200",2026/08/14
1201,1201,7414,小野建(株),東証PRM,"1,447",+18,1.26,"53,800",2026/08/14
1202,1202,7596,(株)魚力,東証PRM,"2,336",+29,1.26,"12,100",2026/08/14
1203,1203,1659,iシェアーズ 米国リート ETF,東証ETF,"3,973",+49,1.25,"2,934",2026/08/14
1204,1204,190A,Ｃｈｏｒｄｉａ　Ｔｈｅｒａｐｅｕｔｉｃｓ(株),東証GRT,81,+1,1.25,"71,800",2026/08/14
1205,1205,2979,SOSiLA物流リート投資法人,東証,"105,500","+1,300",1.25,"1,896",2026/08/14
1206,1206,4503,アステラス製薬(株),東証PRM,"2,356.5",+29,1.25,"5,434,500",2026/08/14
1207,1207,462A,(株)ＦＵＮＤＩＮＮＯ,東証GRT,243,+3,1.25,"102,500",2026/08/14
1208,1208,4919,(株)ミルボン,東証PRM,"3,250",+40,1.25,"162,900",2026/08/14
1209,1209,4920,(株)日本色材工業研究所,東証STD,"1,132",+14,1.25,800,2026/08/14
1210,1210,6034,ＭＲＴ(株),東証GRT,646,+8,1.25,"7,500",2026/08/14
1211,1211,6072,地盤ネットホールディングス(株),東証STD,"1,134",+14,1.25,"821,500",2026/08/14
1212,1212,6962,(株)大真空,東証PRM,813,+10,1.25,"490,200",2026/08/14
1213,1213,7130,ヤマエグループホールディングス(株),東証PRM,"2,926",+36,1.25,"57,900",2026/08/14
1214,1214,7833,(株)アイフィスジャパン,東証STD,647,+8,1.25,"4,300",2026/08/14
1215,1215,7987,ナカバヤシ(株),東証STD,567,+7,1.25,"59,000",2026/08/14
1216,1216,9193,東京汽船(株),東証STD,893,+11,1.25,"17,500",2026/08/14
1217,1217,9506,東北電力(株),東証PRM,"1,254",+15.5,1.25,"2,329,100",2026/08/14
1218,1218,163A,半導体フォーカス日本株(ネットリターン)ETN,東証ETF,"20,745",+255,1.24,"7,315",2026/08/14
1219,1219,2270,雪印メグミルク(株),東証PRM,"3,665",+45,1.24,"240,800",2026/08/14
1220,1220,2875,東洋水産(株),東証PRM,"10,610",+130,1.24,"629,900",2026/08/14
1221,1221,3563,(株)ＦＯＯＤ　＆　ＬＩＦＥ　ＣＯＭＰＡＮＩＥＳ,東証PRM,"5,861",+72,1.24,"1,993,800",2026/08/14
1222,1222,4771,(株)エフアンドエム,東証STD,"2,685",+33,1.24,"13,200",2026/08/14
1223,1223,6080,Ｍ＆Ａキャピタルパートナーズ(株),東証PRM,"4,085",+50,1.24,"96,900",2026/08/14
1224,1224,6379,レイズネクスト(株),東証PRM,"2,931",+36,1.24,"135,500",2026/08/14
1225,1225,6464,(株)ツバキ・ナカシマ,東証PRM,327,+4,1.24,"1,280,400",2026/08/14
1226,1226,7713,シグマ光機(株),東証STD,"2,362",+29,1.24,"39,400",2026/08/14
1227,1227,7791,ドリームベッド(株),東証STD,819,+10,1.24,"2,800",2026/08/14
1228,1228,9332,ＮＩＳＳＯホールディングス(株),東証PRM,651,+8,1.24,"166,500",2026/08/14
1229,1229,1807,(株)佐藤渡辺,東証STD,"1,899",+23,1.23,400,2026/08/14
1230,1230,7080,(株)スポーツフィールド,東証GRT,821,+10,1.23,"20,200",2026/08/14
1231,1231,9202,ＡＮＡホールディングス(株),東証PRM,"3,126",+38,1.23,"1,898,500",2026/08/14
1232,1232,2121,(株)ＭＩＸＩ,東証PRM,"3,325",+40,1.22,"234,200",2026/08/14
1233,1233,392A,iシェアーズ NASDAQ トップ 30,東証ETF,282.3,+3.4,1.22,"106,350",2026/08/14
1234,1234,412A,(NEXT FUNDS) 台湾イノベイティブ・テクノロジー50,東証ETF,"4,498",+54,1.22,"7,165",2026/08/14
1235,1235,6544,ジャパンエレベーターサービスホールディングス(株),東証PRM,"1,535.5",+18.5,1.22,"1,251,500",2026/08/14
1236,1236,7181,(株)かんぽ生命保険,東証PRM,"1,697",+20.5,1.22,"2,697,100",2026/08/14
1237,1237,7376,ＢＣＣ(株),東証GRT,998,+12,1.22,"31,800",2026/08/14
1238,1238,9159,(株)Ｗ　ＴＯＫＹＯ,東証GRT,"1,914",+23,1.22,"14,900",2026/08/14
1239,1239,9535,広島ガス(株),東証PRM,415,+5,1.22,"61,000",2026/08/14
1240,1240,162A,AIセレクトメガトレンド日本株(ネットリターン)ETN,東証ETF,"18,035",+215,1.21,154,2026/08/14
1241,1241,1766,東建コーポレーション(株),東証PRM,"13,350",+160,1.21,"14,800",2026/08/14
1242,1242,223A,GX AI&ビッグデータ,東証ETF,"1,840",+22,1.21,"3,507",2026/08/14
1243,1243,3969,(株)エイトレッド,東証STD,"1,427",+17,1.21,"2,800",2026/08/14
1244,1244,4249,森六(株),東証PRM,"2,935",+35,1.21,"35,700",2026/08/14
1245,1245,5461,中部鋼鈑(株),東証PRM,"2,087",+25,1.21,"134,200",2026/08/14
1246,1246,6338,(株)タカトリ,東証STD,"1,678",+20,1.21,"21,000",2026/08/14
1247,1247,7191,(株)イントラスト,東証STD,"1,172",+14,1.21,"20,900",2026/08/14
1248,1248,8020,兼松(株),東証PRM,"2,210.5",+26.5,1.21,"770,800",2026/08/14
1249,1249,8043,スターゼン(株),東証PRM,"1,507",+18,1.21,"238,000",2026/08/14
1250,1250,9759,(株)ＮＳＤ,東証PRM,"2,834",+34,1.21,"213,400",2026/08/14
1251,1251,2998,クリアル(株),東証GRT,506,+6,1.2,"448,300",2026/08/14
1252,1252,3646,(株)駅探,東証STD,337,+4,1.2,"5,800",2026/08/14
1253,1253,4013,勤次郎(株),東証GRT,677,+8,1.2,"76,400",2026/08/14
1254,1254,5445,東京鐵鋼(株),東証PRM,"2,025",+24,1.2,"123,100",2026/08/14
1255,1255,6005,三浦工業(株),東証PRM,"3,203",+38,1.2,"393,900",2026/08/14
1256,1256,9342,(株)スマサポ,東証GRT,930,+11,1.2,300,2026/08/14
1257,1257,9388,(株)パパネッツ,福岡Q,931,+11,1.2,"3,700",2026/08/14
1258,1258,2326,デジタルアーツ(株),東証PRM,"4,690",+55,1.19,"113,700",2026/08/14
1259,1259,4490,(株)ビザスク,東証GRT,680,+8,1.19,"17,200",2026/08/14
1260,1260,451A,ステート・ストリート・スパイダー S&P500 高配当株ETF,東証ETF,306.6,+3.6,1.19,"5,380",2026/08/14
1261,1261,4792,山田コンサルティンググループ(株),東証PRM,"1,707",+20,1.19,"18,100",2026/08/14
1262,1262,5471,大同特殊鋼(株),東証PRM,"2,416",+28.5,1.19,"1,370,700",2026/08/14
1263,1263,6272,レオン自動機(株),東証PRM,"1,533",+18,1.19,"62,900",2026/08/14
1264,1264,6861,(株)キーエンス,東証PRM,"87,660","+1,030",1.19,"703,100",2026/08/14
1265,1265,7077,(株)ＡＬｉＮＫインターネット,東証GRT,"1,021",+12,1.19,"2,200",2026/08/14
1266,1266,7361,(株)ヒューマンクリエイションホールディングス,東証GRT,"1,191",+14,1.19,"7,800",2026/08/14
1267,1267,8273,(株)イズミ,東証PRM,"1,019",+12,1.19,"428,100",2026/08/14
1268,1268,9065,山九(株),東証PRM,"8,527",+100,1.19,"312,800",2026/08/14
1269,1269,221A,MAXIS 日経半導体株上場投信,東証ETF,"1,202",+14,1.18,"398,470",2026/08/14
1270,1270,3911,(株)Ａｉｍｉｎｇ,東証GRT,172,+2,1.18,"306,400",2026/08/14
1271,1271,438A,(株)インフキュリオン,東証GRT,942,+11,1.18,"231,600",2026/08/14
1272,1272,5868,(株)ロココ,東証STD,"1,025",+12,1.18,"1,800",2026/08/14
1273,1273,7823,(株)アートネイチャー,東証STD,854,+10,1.18,"44,900",2026/08/14
1274,1274,8343,(株)秋田銀行,東証PRM,"8,550",+100,1.18,"141,900",2026/08/14
1275,1275,8600,トモニホールディングス(株),東証PRM,"1,118",+13,1.18,"873,300",2026/08/14
1276,1276,9020,東日本旅客鉄道(株),東証PRM,"3,511",+41,1.18,"2,573,700",2026/08/14
1277,1277,9511,沖縄電力(株),東証PRM,"1,115",+13,1.18,"332,200",2026/08/14
1278,1278,2353,日本駐車場開発(株),東証PRM,259,+3,1.17,"1,774,200",2026/08/14
1279,1279,2972,サンケイリアルエステート投資法人,東証,"112,300","+1,300",1.17,"1,047",2026/08/14
1280,1280,6371,(株)椿本チエイン,東証PRM,"2,760",+32,1.17,"162,700",2026/08/14
1281,1281,7203,トヨタ自動車(株),東証PRM,"3,020",+35,1.17,"22,125,700",2026/08/14
1282,1282,138A,光フードサービス(株),東証GRT,"3,050",+35,1.16,"1,600",2026/08/14
1283,1283,1801,大成建設(株),東証PRM,"13,050",+150,1.16,"558,200",2026/08/14
1284,1284,215A,(株)タイミー,東証GRT,"1,660",+19,1.16,"1,005,400",2026/08/14
1285,1285,2237,iFreeETF S&P500レバレッジ,東証ETF,"2,538",+29,1.16,"13,189",2026/08/14
1286,1286,5237,(株)ノザワ,東証STD,"1,220",+14,1.16,"3,800",2026/08/14
1287,1287,6277,ホソカワミクロン(株),東証PRM,"5,240",+60,1.16,"23,000",2026/08/14
1288,1288,6809,ＴＯＡ(株),東証PRM,"1,746",+20,1.16,"144,400",2026/08/14
1289,1289,9755,応用地質(株),東証PRM,"2,870",+33,1.16,"83,800",2026/08/14
1290,1290,212A,フィットイージー(株),東証PRM,"3,075",+35,1.15,"99,600",2026/08/14
1291,1291,3657,ポールトゥウィンホールディングス(株),東証PRM,351,+4,1.15,"234,500",2026/08/14
1292,1292,6420,ガリレイホールディングス(株),東証PRM,"3,515",+40,1.15,"31,100",2026/08/14
1293,1293,7279,(株)ハイレックスコーポレーション,東証STD,"2,557",+29,1.15,"45,300",2026/08/14
1294,1294,8103,明和産業(株),東証PRM,971,+11,1.15,"279,300",2026/08/14
1295,1295,8304,(株)あおぞら銀行,東証PRM,"3,434",+39,1.15,"1,314,600",2026/08/14
1296,1296,2071,スマート ESG30 総合(ネットリターン)ETN,東証ETF,"20,905",+235,1.14,10,2026/08/14
1297,1297,2931,(株)ユーグレナ,東証PRM,356,+4,1.14,"679,400",2026/08/14
1298,1298,6501,(株)日立製作所,東証PRM,"5,767",+65,1.14,"10,672,600",2026/08/14
1299,1299,7115,(株)アルファパーチェス,東証STD,"1,504",+17,1.14,"14,400",2026/08/14
1300,1300,7989,立川ブラインド工業(株),東証PRM,"2,669",+30,1.14,"37,500",2026/08/14
1301,1301,1952,新日本空調(株),東証PRM,"3,140",+35,1.13,"115,000",2026/08/14
1302,1302,3355,クリヤマホールディングス(株),東証STD,"1,785",+20,1.13,"15,500",2026/08/14
1303,1303,3627,テクミラホールディングス(株),東証STD,268,+3,1.13,"18,400",2026/08/14
1304,1304,365A,伊澤タオル(株),東証STD,809,+9,1.13,"58,600",2026/08/14
1305,1305,4951,エステー(株),東証PRM,"1,518",+17,1.13,"26,300",2026/08/14
1306,1306,5576,(株)オービーシステム,東証STD,"2,953",+33,1.13,"1,700",2026/08/14
1307,1307,7804,(株)ビーアンドピー,東証STD,"2,327",+26,1.13,"1,000",2026/08/14
1308,1308,7839,(株)ＳＨＯＥＩ,東証PRM,"2,051",+23,1.13,"169,500",2026/08/14
1309,1309,8560,(株)宮崎太陽銀行,福証,"2,500",+28,1.13,600,2026/08/14
1310,1310,9304,澁澤倉庫(株),東証PRM,"1,977",+22,1.13,"225,500",2026/08/14
1311,1311,1429,(株)日本アクア,東証PRM,812,+9,1.12,"123,500",2026/08/14
1312,1312,2087,NZAM 上場投信 NASDAQ100(H有),東証ETF,"3,520",+39,1.12,1,2026/08/14
1313,1313,2645,GX レジャー&エンターテインメント-日本株式,東証ETF,"3,148",+35,1.12,"16,114",2026/08/14
1314,1314,2666,(株)オートウェーブ,東証STD,180,+2,1.12,"367,000",2026/08/14
1315,1315,2936,ベースフード(株),東証GRT,271,+3,1.12,"23,600",2026/08/14
1316,1316,416A,富士ユナイトホールディングス(株),東証STD,"1,265",+14,1.12,"14,800",2026/08/14
1317,1317,4401,(株)ＡＤＥＫＡ,東証PRM,"4,772",+53,1.12,"464,300",2026/08/14
1318,1318,4495,(株)アイキューブドシステムズ,東証GRT,"1,902",+21,1.12,"16,500",2026/08/14
1319,1319,4651,(株)サニックスホールディングス,東証STD,272,+3,1.12,"176,100",2026/08/14
1320,1320,6262,(株)ＰＥＧＡＳＵＳ,東証STD,542,+6,1.12,"48,100",2026/08/14
1321,1321,6366,千代田化工建設(株),東証STD,725,+8,1.12,"1,963,100",2026/08/14
1322,1322,7012,川崎重工業(株),東証PRM,"2,849.5",+31.5,1.12,"9,349,000",2026/08/14
1323,1323,7607,(株)進和,東証PRM,"3,160",+35,1.12,"41,500",2026/08/14
1324,1324,8704,トレイダーズホールディングス(株),東証STD,"1,351",+15,1.12,"74,000",2026/08/14
1325,1325,2841,iFreeETF NASDAQ100(H有),東証ETF,"1,732",+19,1.11,"78,191",2026/08/14
1326,1326,5243,ｎｏｔｅ(株),東証GRT,"2,560",+28,1.11,"296,100",2026/08/14
1327,1327,6418,日本金銭機械(株),東証PRM,"1,277",+14,1.11,"218,700",2026/08/14
1328,1328,6947,(株)図研,東証PRM,"5,000",+55,1.11,"31,300",2026/08/14
1329,1329,7245,大同メタル工業(株),東証PRM,"1,364",+15,1.11,"423,900",2026/08/14
1330,1330,7284,盟和産業(株),東証STD,"1,186",+13,1.11,300,2026/08/14
1331,1331,7963,興研(株),東証STD,"1,826",+20,1.11,"2,000",2026/08/14
1332,1332,9322,川西倉庫(株),東証STD,"2,452",+27,1.11,"3,800",2026/08/14
1333,1333,9418,(株)Ｕ－ＮＥＸＴ　ＨＯＬＤＩＮＧＳ,東証PRM,"1,727",+19,1.11,"625,200",2026/08/14
1334,1334,9467,(株)アルファポリス,東証GRT,"1,003",+11,1.11,"95,900",2026/08/14
1335,1335,9509,北海道電力(株),東証PRM,"1,043.5",+11.5,1.11,"1,641,100",2026/08/14
1336,1336,160A,(株)アズパートナーズ,東証STD,"2,123",+23,1.1,"36,000",2026/08/14
1337,1337,1866,北野建設(株),東証STD,"1,190",+13,1.1,"10,600",2026/08/14
1338,1338,200A,(NEXT FUNDS) 日経半導体株指数連動型上場投信,東証ETF,"4,616",+50,1.1,"2,427,593",2026/08/14
1339,1339,248A,(株)キッズスター,東証GRT,825,+9,1.1,"1,400",2026/08/14
1340,1340,2520,(NEXT FUNDS)新興国株式･MSCI EM･(H無),東証ETF,"2,383",+26,1.1,"16,915",2026/08/14
1341,1341,2533,オエノンホールディングス(株),東証PRM,458,+5,1.1,"175,900",2026/08/14
1342,1342,2814,佐藤食品工業(株),東証STD,"3,205",+35,1.1,700,2026/08/14
1343,1343,4366,ダイトーケミックス(株),東証STD,460,+5,1.1,"133,700",2026/08/14
1344,1344,4482,(株)ウィルズ,東証GRT,737,+8,1.1,"12,800",2026/08/14
1345,1345,491A,iシェアーズ S&P500 除く金融 ETF(H有),東証ETF,560.7,+6.1,1.1,20,2026/08/14
1346,1346,531A,NZAM 上場投信 日経平均高配当株50,東証ETF,"2,301",+25,1.1,32,2026/08/14
1347,1347,6993,大黒屋ホールディングス(株),東証STD,92,+1,1.1,"3,452,800",2026/08/14
1348,1348,8624,いちよし証券(株),東証PRM,"1,653",+18,1.1,"120,300",2026/08/14
1349,1349,8818,京阪神ビルディング(株),東証PRM,"1,105",+12,1.1,"270,800",2026/08/14
1350,1350,9064,ヤマトホールディングス(株),東証PRM,"1,971",+21.5,1.1,"1,532,200",2026/08/14
1351,1351,9405,朝日放送グループホールディングス(株),東証PRM,825,+9,1.1,"28,300",2026/08/14
1352,1352,9956,(株)バローホールディングス,東証PRM,"3,205",+35,1.1,"154,700",2026/08/14
1353,1353,2837,GX 中小型リーダーズ-日本株式,東証ETF,"4,842",+52,1.09,"19,848",2026/08/14
1354,1354,3076,あい　ホールディングス(株),東証PRM,"2,960",+32,1.09,"85,200",2026/08/14
1355,1355,4380,(株)Ｍマート,東証GRT,652,+7,1.09,"16,800",2026/08/14
1356,1356,6050,イー・ガーディアン(株),東証PRM,"1,759",+19,1.09,"17,000",2026/08/14
1357,1357,6874,協立電機(株),東証STD,"2,408",+26,1.09,"8,700",2026/08/14
1358,1358,5269,日本コンクリート工業(株),東証PRM,374,+4,1.08,"348,400",2026/08/14
1359,1359,6331,三菱化工機(株),東証PRM,"3,285",+35,1.08,"113,800",2026/08/14
1360,1360,6864,(株)エヌエフホールディングス,東証STD,"1,680",+18,1.08,"37,500",2026/08/14
1361,1361,7805,プリントネット(株),東証STD,752,+8,1.08,"9,800",2026/08/14
1362,1362,9539,京葉瓦斯(株),東証STD,"1,406",+15,1.08,"2,000",2026/08/14
1363,1363,1771,日本乾溜工業(株),福証,941,+10,1.07,"1,000",2026/08/14
1364,1364,3382,(株)セブン＆アイ・ホールディングス,東証PRM,"2,070.5",+22,1.07,"7,849,200",2026/08/14
1365,1365,6182,(株)メタリアル,東証GRT,474,+5,1.07,"32,600",2026/08/14
1366,1366,7438,コンドーテック(株),東証PRM,"1,606",+17,1.07,"71,300",2026/08/14
1367,1367,9603,(株)エイチ・アイ・エス,東証PRM,"1,138",+12,1.07,"366,100",2026/08/14
1368,1368,1972,三晃金属工業(株),東証STD,"1,333",+14,1.06,"35,700",2026/08/14
1369,1369,2776,新都ホールディングス(株),東証STD,95,+1,1.06,"280,500",2026/08/14
1370,1370,3138,(株)富士山マガジンサービス,東証STD,"1,142",+12,1.06,"1,900",2026/08/14
1371,1371,3539,(株)ＪＭホールディングス,東証PRM,"1,433",+15,1.06,"120,700",2026/08/14
1372,1372,3600,(株)フジックス,東証STD,"1,724",+18,1.06,100,2026/08/14
1373,1373,3842,(株)ネクストジェン,東証STD,"1,046",+11,1.06,"3,900",2026/08/14
1374,1374,4544,Ｈ．Ｕ．グループホールディングス(株),東証PRM,"3,632",+38,1.06,"198,300",2026/08/14
1375,1375,5025,(株)マーキュリー,東証GRT,572,+6,1.06,"2,200",2026/08/14
1376,1376,5393,ニチアス(株),東証PRM,"3,614",+38,1.06,"568,200",2026/08/14
1377,1377,5988,(株)パイオラックス,東証PRM,"1,724",+18,1.06,"91,300",2026/08/14
1378,1378,7371,Ｚｅｎｋｅｎ(株),東証GRT,761,+8,1.06,"89,500",2026/08/14
1379,1379,8927,(株)明豊エンタープライズ,東証STD,477,+5,1.06,"105,900",2026/08/14
1380,1380,9305,(株)ヤマタネ,東証PRM,"2,102",+22,1.06,"65,500",2026/08/14
1381,1381,9343,(株)アイビス,東証GRT,760,+8,1.06,"43,700",2026/08/14
1382,1382,1815,鉄建建設(株),東証PRM,"4,345",+45,1.05,"72,400",2026/08/14
1383,1383,2294,(株)柿安本店,東証PRM,"2,604",+27,1.05,"19,900",2026/08/14
1384,1384,2924,イフジ産業(株),東証STD,"1,930",+20,1.05,"3,700",2026/08/14
1385,1385,5699,(株)イボキン,東証STD,"1,533",+16,1.05,"3,800",2026/08/14
1386,1386,5943,(株)ノーリツ,東証PRM,"2,395",+25,1.05,"66,600",2026/08/14
1387,1387,5981,東京製綱(株),東証PRM,"1,927",+20,1.05,"135,300",2026/08/14
1388,1388,6086,シンメンテホールディングス(株),東証GRT,"1,055",+11,1.05,"19,700",2026/08/14
1389,1389,7004,カナデビア(株),東証PRM,"1,246",+13,1.05,"705,600",2026/08/14
1390,1390,7508,(株)Ｇ－７ホールディングス,東証PRM,"1,443",+15,1.05,"59,900",2026/08/14
1391,1391,7809,(株)壽屋,東証STD,"1,343",+14,1.05,"12,700",2026/08/14
1392,1392,9799,旭情報サービス(株),東証STD,960,+10,1.05,"3,400",2026/08/14
1393,1393,4262,ニフティライフスタイル(株),東証GRT,"1,363",+14,1.04,"6,100",2026/08/14
1394,1394,4410,ハリマ化成グループ(株),東証PRM,"1,164",+12,1.04,"68,800",2026/08/14
1395,1395,5256,(株)Ｆｕｓｉｃ,東証GRT,"2,423",+25,1.04,"7,200",2026/08/14
1396,1396,5941,(株)中西製作所,東証STD,"2,720",+28,1.04,"2,200",2026/08/14
1397,1397,8226,(株)理経,東証STD,388,+4,1.04,"89,300",2026/08/14
1398,1398,9025,鴻池運輸(株),東証PRM,"2,910",+30,1.04,"101,100",2026/08/14
1399,1399,9505,北陸電力(株),東証PRM,967,+10,1.04,"579,800",2026/08/14
1400,1400,9644,(株)タナベコンサルティンググループ,東証PRM,774,+8,1.04,"59,700",2026/08/14
1401,1401,2499,日本和装ホールディングス(株),東証STD,295,+3,1.03,"6,900",2026/08/14
1402,1402,2678,アスクル(株),東証PRM,"1,270",+13,1.03,"336,700",2026/08/14
1403,1403,330A,(株)ＴａｌｅｎｔＸ,東証GRT,490,+5,1.03,"15,000",2026/08/14
1404,1404,5463,丸一鋼管(株),東証PRM,"1,765.5",+18,1.03,"817,400",2026/08/14
1405,1405,6176,(株)ブランジスタ,東証STD,985,+10,1.03,"328,200",2026/08/14
1406,1406,6888,アクモス(株),東証STD,492,+5,1.03,"12,400",2026/08/14
1407,1407,7991,マミヤ・オーピー(株),東証STD,"1,079",+11,1.03,"13,200",2026/08/14
1408,1408,8929,(株)青山財産ネットワークス,東証STD,"1,279",+13,1.03,"49,900",2026/08/14
1409,1409,9090,ＡＺ－ＣＯＭ丸和ホールディングス(株),東証PRM,880,+9,1.03,"309,500",2026/08/14
1410,1410,9284,カナディアン・ソーラー・インフラ投資法人,東証,"78,200",+800,1.03,"1,137",2026/08/14
1411,1411,1848,(株)富士ピー・エス,東証STD,696,+7,1.02,"12,100",2026/08/14
1412,1412,205A,(株)ロゴスホールディングス,東証GRT,"1,691",+17,1.02,"85,600",2026/08/14
1413,1413,2354,(株)ＹＥ　ＤＩＧＩＴＡＬ,東証STD,"1,382",+14,1.02,"1,096,400",2026/08/14
1414,1414,2593,(株)伊藤園,東証PRM,"3,013",+30.5,1.02,"257,100",2026/08/14
1415,1415,2840,iFreeETF NASDAQ100(H無),東証ETF,"2,762",+28,1.02,"76,493",2026/08/14
1416,1416,3181,(株)買取王国,東証STD,"1,089",+11,1.02,"2,200",2026/08/14
1417,1417,3796,(株)いい生活,東証STD,296,+3,1.02,"5,900",2026/08/14
1418,1418,3989,シェアリングテクノロジー(株),東証GRT,"1,481",+15,1.02,"264,400",2026/08/14
1419,1419,4119,(株)日本ピグメントホールディングス,東証STD,"5,970",+60,1.02,"5,400",2026/08/14
1420,1420,414A,(株)オーバーラップホールディングス,東証GRT,895,+9,1.02,"92,200",2026/08/14
1421,1421,5121,藤倉コンポジット(株),東証PRM,"2,764",+28,1.02,"81,700",2026/08/14
1422,1422,6745,ホーチキ(株),東証PRM,"2,073",+21,1.02,"103,300",2026/08/14
1423,1423,7749,メディキット(株),東証STD,"2,860",+29,1.02,"1,300",2026/08/14
1424,1424,92015,日本航空（株）第１回社債型種類株式,東証PRM,"10,355",+105,1.02,800,2026/08/14
1425,1425,9474,(株)ゼンリン,東証PRM,894,+9,1.02,"201,100",2026/08/14
1426,1426,2003,日東富士製粉(株),東証STD,"1,793",+18,1.01,"30,300",2026/08/14
1427,1427,2908,フジッコ(株),東証PRM,"1,596",+16,1.01,"57,000",2026/08/14
1428,1428,3204,(株)トーア紡コーポレーション,東証STD,500,+5,1.01,"7,400",2026/08/14
1429,1429,6769,ザインエレクトロニクス(株),東証STD,"1,102",+11,1.01,"41,400",2026/08/14
1430,1430,7611,(株)ハイデイ日高,東証PRM,"2,914",+29,1.01,"429,500",2026/08/14
1431,1431,9428,(株)クロップス,東証STD,"1,504",+15,1.01,"4,000",2026/08/14
1432,1432,2922,(株)なとり,東証PRM,"2,014",+20,1.0,"28,800",2026/08/14
1433,1433,3675,(株)クロス・マーケティンググループ,東証STD,604,+6,1.0,"45,900",2026/08/14
1434,1434,4365,松本油脂製薬(株),東証STD,"20,210",+200,1.0,300,2026/08/14
1435,1435,4667,アイサンテクノロジー(株),東証STD,"2,017",+20,1.0,"26,800",2026/08/14
1436,1436,4735,(株)京進,東証STD,304,+3,1.0,"4,200",2026/08/14
1437,1437,7270,(株)ＳＵＢＡＲＵ,東証PRM,"2,583",+25.5,1.0,"4,756,500",2026/08/14
1438,1438,7730,マニー(株),東証PRM,"1,620",+16,1.0,"283,300",2026/08/14
1439,1439,7883,サンメッセ(株),東証STD,404,+4,1.0,"2,300",2026/08/14
1440,1440,8370,(株)紀陽銀行,東証PRM,"5,070",+50,1.0,"127,100",2026/08/14
1441,1441,9168,(株)ライズ・コンサルティング・グループ,東証GRT,404,+4,1.0,"97,000",2026/08/14
1442,1442,2373,(株)ケア２１,東証STD,409,+4,0.99,"15,700",2026/08/14
1443,1443,2929,(株)ファーマフーズ,東証PRM,612,+6,0.99,"120,200",2026/08/14
1444,1444,3612,(株)ワールド,東証PRM,"1,630",+16,0.99,"384,900",2026/08/14
1445,1445,3933,チエル(株),東証STD,509,+5,0.99,"7,400",2026/08/14
1446,1446,6393,油研工業(株),東証STD,"3,075",+30,0.99,"1,900",2026/08/14
1447,1447,7370,(株)Ｅｎｊｉｎ,東証GRT,714,+7,0.99,"2,500",2026/08/14
1448,1448,7726,黒田精工(株),東証STD,"1,322",+13,0.99,"17,700",2026/08/14
1449,1449,7735,(株)ＳＣＲＥＥＮホールディングス,東証PRM,"14,275",+140,0.99,"2,835,300",2026/08/14
1450,1450,7981,タカラスタンダード(株),東証PRM,"3,075",+30,0.99,"60,100",2026/08/14
1451,1451,1365,iFreeETF 日経平均レバレッジ・インデックス,東証ETF,"4,623",+45,0.98,"383,879",2026/08/14
1452,1452,1483,iシェアーズ JPX/S&P 設備･人材投資ETF,東証ETF,"3,930",+38,0.98,2,2026/08/14
1453,1453,1724,シンクレイヤ(株),東証STD,721,+7,0.98,"12,100",2026/08/14
1454,1454,2250,iシェアーズ MSCI ジャパン気候変動アクション ETF,東証ETF,383.1,+3.7,0.98,"1,250",2026/08/14
1455,1455,3671,ソフトマックス(株),東証STD,309,+3,0.98,"39,100",2026/08/14
1456,1456,3834,(株)朝日ネット,東証PRM,621,+6,0.98,"52,900",2026/08/14
1457,1457,6737,ＥＩＺＯ(株),東証PRM,"3,000",+29,0.98,"140,300",2026/08/14
1458,1458,6995,(株)東海理化,東証PRM,"3,085",+30,0.98,"100,300",2026/08/14
1459,1459,7102,日本車輌製造(株),東証PRM,"3,595",+35,0.98,"30,200",2026/08/14
1460,1460,9267,Ｇｅｎｋｙ　ＤｒｕｇＳｔｏｒｅｓ(株),東証PRM,"3,590",+35,0.98,"48,200",2026/08/14
1461,1461,9368,キムラユニティー(株),東証STD,927,+9,0.98,"14,200",2026/08/14
1462,1462,1430,ファーストコーポレーション(株),東証STD,"1,040",+10,0.97,"15,800",2026/08/14
1463,1463,2207,(株)ｍｅｉｔｏ,東証PRM,"3,625",+35,0.97,"59,700",2026/08/14
1464,1464,2631,MAXIS ナスダック100上場投信,東証ETF,"34,250",+330,0.97,"20,651",2026/08/14
1465,1465,2902,太陽化学(株),名証MN,"2,695",+26,0.97,700,2026/08/14
1466,1466,3386,コスモ・バイオ(株),東証STD,"1,248",+12,0.97,"3,500",2026/08/14
1467,1467,3553,共和レザー(株),東証STD,933,+9,0.97,"49,700",2026/08/14
1468,1468,3577,東海染工(株),東証STD,939,+9,0.97,"1,100",2026/08/14
1469,1469,4044,セントラル硝子(株),東証PRM,"4,675",+45,0.97,"67,300",2026/08/14
1470,1470,5973,(株)トーアミ,東証STD,622,+6,0.97,"2,700",2026/08/14
1471,1471,6696,(株)トラース・オン・プロダクト,東証GRT,312,+3,0.97,"22,600",2026/08/14
1472,1472,7608,(株)エスケイジャパン,東証STD,831,+8,0.97,"52,800",2026/08/14
1473,1473,9075,福山通運(株),東証PRM,"6,240",+60,0.97,"96,100",2026/08/14
1474,1474,2117,ウェルネオシュガー(株),東証PRM,"2,827",+27,0.96,"24,600",2026/08/14
1475,1475,2428,ウェルネット(株),東証STD,634,+6,0.96,"42,400",2026/08/14
1476,1476,3668,(株)コロプラ,東証PRM,419,+4,0.96,"592,600",2026/08/14
1477,1477,4114,(株)日本触媒,東証PRM,"2,674",+25.5,0.96,"1,293,800",2026/08/14
1478,1478,4240,クラスターテクノロジー(株),東証STD,316,+3,0.96,"19,300",2026/08/14
1479,1479,4886,あすか製薬ホールディングス(株),東証PRM,"2,111",+20,0.96,"57,800",2026/08/14
1480,1480,7897,ホクシン(株),東証STD,105,+1,0.96,"109,600",2026/08/14
1481,1481,8145,中部水産(株),名証MN,"3,160",+30,0.96,100,2026/08/14
1482,1482,8230,(株)はせがわ,東証STD,314,+3,0.96,"9,700",2026/08/14
1483,1483,8877,エスリード(株),東証PRM,"5,270",+50,0.96,"35,600",2026/08/14
1484,1484,1573,中国H株ベア上場投信,東証ETF,"8,359",+79,0.95,220,2026/08/14
1485,1485,1780,(株)ヤマウラ,東証PRM,"1,480",+14,0.95,"26,500",2026/08/14
1486,1486,1814,大末建設(株),東証PRM,"3,705",+35,0.95,"58,200",2026/08/14
1487,1487,2531,宝ホールディングス(株),東証PRM,"2,069.5",+19.5,0.95,"313,200",2026/08/14
1488,1488,423A,(株)ライオン事務器,東証STD,320,+3,0.95,"39,500",2026/08/14
1489,1489,4598,Ｄｅｌｔａ－Ｆｌｙ　Ｐｈａｒｍａ(株),東証GRT,106,+1,0.95,"192,200",2026/08/14
1490,1490,5597,ブルーイノベーション(株),東証GRT,"1,273",+12,0.95,"48,800",2026/08/14
1491,1491,5831,(株)しずおかフィナンシャルグループ,東証PRM,"3,513",+33,0.95,"2,750,000",2026/08/14
1492,1492,7373,(株)アイドマ・ホールディングス,東証GRT,960,+9,0.95,"183,800",2026/08/14
1493,1493,7388,(株)ＦＰパートナー,東証PRM,"2,230",+21,0.95,"30,800",2026/08/14
1494,1494,9348,(株)ｉｓｐａｃｅ,東証GRT,425,+4,0.95,"848,900",2026/08/14
1495,1495,1514,住石ホールディングス(株),東証STD,646,+6,0.94,"448,200",2026/08/14
1496,1496,1579,日経平均ブル2倍上場投信,東証ETF,809.1,+7.5,0.94,"14,987,720",2026/08/14
1497,1497,218A,(株)Ｌｉｂｅｒａｗａｒｅ,東証GRT,"1,075",+10,0.94,"89,500",2026/08/14
1498,1498,231A,Ｃｒｏｓｓ　Ｅホールディングス(株),福岡Q,"1,069",+10,0.94,"2,900",2026/08/14
1499,1499,274A,(株)ガーデン,東証STD,"2,360",+22,0.94,"8,400",2026/08/14
1500,1500,4502,武田薬品工業(株),東証PRM,"5,611",+52,0.94,"4,376,500",2026/08/14
1501,1501,463A,(株)インテリックスホールディングス,東証STD,962,+9,0.94,"7,400",2026/08/14
1502,1502,4936,(株)アクシージア,東証STD,323,+3,0.94,"36,100",2026/08/14
1503,1503,6198,(株)キャリア,東証GRT,214,+2,0.94,"5,200",2026/08/14
1504,1504,7516,コーナン商事(株),東証PRM,"4,290",+40,0.94,"68,000",2026/08/14
1505,1505,7819,粧美堂(株),東証STD,967,+9,0.94,"36,500",2026/08/14
1506,1506,8075,神鋼商事(株),東証PRM,"3,020",+28,0.94,"66,000",2026/08/14
1507,1507,9612,(株)ラックランド,東証PRM,"1,286",+12,0.94,"205,600",2026/08/14
1508,1508,1570,(NEXT FUNDS)日経平均レバレッジ上場投信,東証ETF,"74,880",+690,0.93,"2,716,998",2026/08/14
1509,1509,1698,上場インデックスファンド日本高配当,東証ETF,"4,431",+41,0.93,"4,140",2026/08/14
1510,1510,1861,(株)熊谷組,東証PRM,"1,303",+12,0.93,"1,878,000",2026/08/14
1511,1511,1930,北陸電気工事(株),東証PRM,"1,522",+14,0.93,"66,900",2026/08/14
1512,1512,2085,MAXIS 高配当日本株アクティブ,東証ETF,780.9,+7.2,0.93,"17,740",2026/08/14
1513,1513,2335,(株)キューブシステム,東証PRM,"1,090",+10,0.93,"14,700",2026/08/14
1514,1514,3550,(株)スタジオアタオ,東証GRT,218,+2,0.93,"2,800",2026/08/14
1515,1515,383A,MAXIS S&P500均等ウェイト,東証ETF,"2,706",+25,0.93,"1,172",2026/08/14
1516,1516,3880,大王製紙(株),東証PRM,973,+9,0.93,"169,900",2026/08/14
1517,1517,402A,(株)アクセルスペースホールディングス,東証GRT,544,+5,0.93,"1,290,700",2026/08/14
1518,1518,4074,(株)ラキール,東証GRT,762,+7,0.93,"23,300",2026/08/14
1519,1519,5133,(株)テリロジーホールディングス,東証STD,325,+3,0.93,"77,800",2026/08/14
1520,1520,7919,野崎印刷紙業(株),東証STD,216,+2,0.93,"12,900",2026/08/14
1521,1521,9960,東テク(株),東証PRM,"3,805",+35,0.93,"76,400",2026/08/14
1522,1522,1311,(NEXT FUNDS)TOPIX Core30連動型上場投信,東証ETF,"2,195",+20,0.92,"9,888",2026/08/14
1523,1523,1586,上場インデックス TOPIX Ex-Financials,東証ETF,"3,185",+29,0.92,72,2026/08/14
1524,1524,2152,幼児活動研究会(株),東証STD,"1,530",+14,0.92,300,2026/08/14
1525,1525,2845,(NEXT FUNDS) NASDAQ-100(H有)連動型上場投信,東証ETF,"3,617",+33,0.92,"7,104",2026/08/14
1526,1526,2884,(株)ヨシムラ・フード・ホールディングス,東証PRM,660,+6,0.92,"70,700",2026/08/14
1527,1527,2927,(株)ＡＦＣ－ＨＤアムスライフサイエンス,東証STD,876,+8,0.92,"21,700",2026/08/14
1528,1528,3283,日本プロロジスリート投資法人,東証,"87,400",+800,0.92,"7,928",2026/08/14
1529,1529,456A,ＨＵＭＡＮ　ＭＡＤＥ(株),東証GRT,"1,429",+13,0.92,"165,400",2026/08/14
1530,1530,5589,(株)オートサーバー,東証STD,"2,849",+26,0.92,"6,200",2026/08/14
1531,1531,6548,(株)旅工房,東証GRT,110,+1,0.92,"76,100",2026/08/14
1532,1532,7446,東北化学薬品(株),東証STD,"4,370",+40,0.92,500,2026/08/14
1533,1533,7464,セフテック(株),東証STD,"1,539",+14,0.92,600,2026/08/14
1534,1534,8165,(株)千趣会,東証STD,110,+1,0.92,"194,800",2026/08/14
1535,1535,8254,(株)さいか屋,東証STD,330,+3,0.92,"56,300",2026/08/14
1536,1536,8291,日産東京販売ホールディングス(株),東証STD,549,+5,0.92,"74,800",2026/08/14
1537,1537,8705,日産証券グループ(株),東証STD,219,+2,0.92,"40,200",2026/08/14
1538,1538,9081,神奈川中央交通(株),東証PRM,"3,855",+35,0.92,"16,000",2026/08/14
1539,1539,9274,ＫＰＰグループホールディングス(株),東証PRM,"1,095",+10,0.92,"220,900",2026/08/14
1540,1540,2098,GX ホテル&リテール・J-REIT,東証ETF,"1,000",+9,0.91,"7,461",2026/08/14
1541,1541,2778,パレモ・ホールディングス(株),東証STD,111,+1,0.91,"31,200",2026/08/14
1542,1542,2914,ＪＴ,東証PRM,"7,132",+64,0.91,"3,144,600",2026/08/14
1543,1543,3372,(株)関門海,東証STD,221,+2,0.91,"12,000",2026/08/14
1544,1544,3647,(株)アスリナ,東証STD,111,+1,0.91,"62,400",2026/08/14
1545,1545,3804,(株)システム　ディ,東証STD,445,+4,0.91,"2,200",2026/08/14
1546,1546,4018,(株)Ｇｅｏｌｏｃａｔｉｏｎ　Ｔｅｃｈｎｏｌｏｇｙ,福岡Q,"1,000",+9,0.91,300,2026/08/14
1547,1547,4092,日本化学工業(株),東証PRM,"5,550",+50,0.91,"250,200",2026/08/14
1548,1548,5599,Ｓ＆Ｊ(株),東証GRT,999,+9,0.91,"32,400",2026/08/14
1549,1549,6448,ブラザー工業(株),東証PRM,"4,744",+43,0.91,"1,101,400",2026/08/14
1550,1550,2017,iFreeETF JPXプライム150,東証ETF,"1,571",+14,0.9,"21,996",2026/08/14
1551,1551,2736,フェスタリアホールディングス(株),東証STD,674,+6,0.9,"4,800",2026/08/14
1552,1552,3639,(株)ボルテージ,東証STD,224,+2,0.9,"23,700",2026/08/14
1553,1553,4627,ナトコ(株),東証STD,"1,795",+16,0.9,"2,200",2026/08/14
1554,1554,4958,長谷川香料(株),東証PRM,"3,350",+30,0.9,"51,300",2026/08/14
1555,1555,4972,綜研化学(株),東証STD,"3,345",+30,0.9,"36,400",2026/08/14
1556,1556,5932,三協立山(株),東証PRM,670,+6,0.9,"97,900",2026/08/14
1557,1557,6248,(株)横田製作所,東証STD,"1,785",+16,0.9,"1,000",2026/08/14
1558,1558,6662,(株)ユビテック,東証STD,223,+2,0.9,"27,400",2026/08/14
1559,1559,6752,パナソニック　ホールディングス(株),東証PRM,"4,721",+42,0.9,"11,972,400",2026/08/14
1560,1560,9507,四国電力(株),東証PRM,"1,798.5",+16,0.9,"918,400",2026/08/14
1561,1561,3775,(株)ガイアックス,名証NXT,454,+4,0.89,"4,600",2026/08/14
1562,1562,4968,荒川化学工業(株),東証PRM,"2,487",+22,0.89,"339,300",2026/08/14
1563,1563,5304,ＳＥＣカーボン(株),東証STD,"2,603",+23,0.89,"18,600",2026/08/14
1564,1564,5582,(株)グリッド,東証GRT,"2,035",+18,0.89,"93,000",2026/08/14
1565,1565,5911,(株)横河ブリッジホールディングス,東証PRM,"2,949",+26,0.89,"100,500",2026/08/14
1566,1566,8334,(株)群馬銀行,東証PRM,"2,765",+24.5,0.89,"1,670,900",2026/08/14
1567,1567,9165,(株)クオルテック,東証GRT,"1,705",+15,0.89,"3,000",2026/08/14
1568,1568,1720,東急建設(株),東証PRM,"1,142",+10,0.88,"312,500",2026/08/14
1569,1569,2011,SMDAM Active ETF 日本高配当株式,東証ETF,864.1,+7.5,0.88,"50,770",2026/08/14
1570,1570,2515,(NEXT FUNDS)外国REIT･S&P先進国REIT(除く日本・H無),東証ETF,"1,714",+15,0.88,"22,675",2026/08/14
1571,1571,2735,(株)ワッツ,東証STD,685,+6,0.88,"65,800",2026/08/14
1572,1572,3088,(株)マツキヨココカラ＆カンパニー,東証PRM,"2,516",+22,0.88,"1,648,500",2026/08/14
1573,1573,3441,(株)山王,東証STD,"2,739",+24,0.88,"35,700",2026/08/14
1574,1574,4350,(株)メディカルシステムネットワーク,東証STD,459,+4,0.88,"34,600",2026/08/14
1575,1575,4751,(株)サイバーエージェント,東証PRM,"1,266",+11,0.88,"13,814,500",2026/08/14
1576,1576,4911,(株)資生堂,東証PRM,"3,557",+31,0.88,"2,627,100",2026/08/14
1577,1577,6703,ＯＫＩ,東証PRM,"2,986",+26,0.88,"564,400",2026/08/14
1578,1578,7271,(株)安永,東証STD,807,+7,0.88,"60,300",2026/08/14
1579,1579,7381,(株)ＣＣＩグループ,東証PRM,"1,268",+11,0.88,"395,700",2026/08/14
1580,1580,9233,アジア航測(株),東証STD,"1,146",+10,0.88,"7,300",2026/08/14
1581,1581,1738,(株)ＮＩＴＴＯＨ,名証MN,581,+5,0.87,"1,400",2026/08/14
1582,1582,2252,GX Morningstar 米国中小型 Moat,東証ETF,"1,503",+13,0.87,300,2026/08/14
1583,1583,2304,(株)ＣＳＳホールディングス,東証STD,928,+8,0.87,"15,400",2026/08/14
1584,1584,2464,(株)Ａｏｂａ－ＢＢＴ,東証STD,349,+3,0.87,"5,300",2026/08/14
1585,1585,2670,(株)エービーシー・マート,東証PRM,"2,847",+24.5,0.87,"369,100",2026/08/14
1586,1586,2897,日清食品ホールディングス(株),東証PRM,"2,970.5",+25.5,0.87,"994,500",2026/08/14
1587,1587,328A,GX プライシングパワー・リーダーズ-日本株式,東証ETF,"1,396",+12,0.87,"1,669",2026/08/14
1588,1588,3454,ファーストブラザーズ(株),東証STD,"1,272",+11,0.87,"2,500",2026/08/14
1589,1589,4222,児玉化学工業(株),東証STD,698,+6,0.87,"2,056,000",2026/08/14
1590,1590,4301,(株)アミューズ,東証PRM,"1,972",+17,0.87,"69,500",2026/08/14
1591,1591,4719,(株)アルファシステムズ,東証PRM,"3,490",+30,0.87,"14,800",2026/08/14
1592,1592,473A,ニッセイ ETF 日経225インデックス,東証ETF,"1,384",+12,0.87,"11,521",2026/08/14
1593,1593,7087,(株)ウイルテック,東証STD,"1,395",+12,0.87,"6,900",2026/08/14
1594,1594,7384,(株)プロクレアホールディングス,東証PRM,"4,625",+40,0.87,"136,500",2026/08/14
1595,1595,7970,信越ポリマー(株),東証PRM,"2,330",+20,0.87,"156,600",2026/08/14
1596,1596,8007,高島(株),東証PRM,809,+7,0.87,"51,400",2026/08/14
1597,1597,1333,Ｕｍｉｏｓ(株),東証PRM,"1,293.5",+11,0.86,"506,900",2026/08/14
1598,1598,1379,ホクト(株),東証PRM,"1,994",+17,0.86,"92,100",2026/08/14
1599,1599,2217,モロゾフ(株),東証PRM,"1,525",+13,0.86,"37,300",2026/08/14
1600,1600,2568,上場インデックスファンド米国株式(NASDAQ100)H無,東証ETF,"8,215",+70,0.86,"4,568",2026/08/14
1601,1601,2625,iFreeETF TOPIX(年4回決算型),東証ETF,"4,230",+36,0.86,"13,983",2026/08/14
1602,1602,2935,(株)ピックルスホールディングス,東証PRM,"1,170",+10,0.86,"33,600",2026/08/14
1603,1603,3426,アトムリビンテック(株),東証STD,"1,296",+11,0.86,"1,000",2026/08/14
1604,1604,5110,住友ゴム工業(株),東証PRM,"2,397.5",+20.5,0.86,"1,150,800",2026/08/14
1605,1605,5821,平河ヒューテック(株),東証PRM,"3,530",+30,0.86,"44,000",2026/08/14
1606,1606,6391,(株)加地テック,東証STD,"4,695",+40,0.86,"1,800",2026/08/14
1607,1607,7122,近畿車輛(株),東証STD,"2,338",+20,0.86,"2,300",2026/08/14
1608,1608,7187,ジェイリース(株),東証PRM,"1,400",+12,0.86,"38,800",2026/08/14
1609,1609,8097,三愛オブリ(株),東証PRM,"2,357",+20,0.86,"76,000",2026/08/14
1610,1610,9264,ポエック(株),東証STD,"1,765",+15,0.86,"12,100",2026/08/14
1611,1611,9355,(株)リンコーコーポレーション,東証STD,"2,220",+19,0.86,300,2026/08/14
1612,1612,9616,(株)共立メンテナンス,東証PRM,"3,278",+28,0.86,"1,311,100",2026/08/14
1613,1613,2244,GX US テック・トップ20,東証ETF,"3,684",+31,0.85,"97,299",2026/08/14
1614,1614,2493,イーサポートリンク(株),東証STD,948,+8,0.85,"5,400",2026/08/14
1615,1615,2784,アルフレッサ　ホールディングス(株),東証PRM,"2,250",+19,0.85,"457,100",2026/08/14
1616,1616,2938,(株)オカムラ食品工業,東証STD,"1,307",+11,0.85,"58,100",2026/08/14
1617,1617,3947,ダイナパック(株),東証STD,"2,481",+21,0.85,"3,600",2026/08/14
1618,1618,4912,ライオン(株),東証PRM,"1,905.5",+16,0.85,"1,593,000",2026/08/14
1619,1619,6473,(株)ジェイテクト,東証PRM,"2,143.5",+18,0.85,"1,005,700",2026/08/14
1620,1620,7296,(株)エフ・シー・シー,東証PRM,"4,150",+35,0.85,"154,000",2026/08/14
1621,1621,7494,(株)コナカ,東証STD,236,+2,0.85,"56,300",2026/08/14
1622,1622,9221,フルハシＥＰＯ(株),東証STD,"1,187",+10,0.85,"27,600",2026/08/14
1623,1623,9605,東映(株),東証PRM,"5,940",+50,0.85,"82,100",2026/08/14
1624,1624,9686,東洋テック(株),東証STD,"1,666",+14,0.85,"4,900",2026/08/14
1625,1625,282A,GX 半導体・トップ10-日本株式,東証ETF,"2,507",+21,0.84,"387,625",2026/08/14
1626,1626,4031,片倉コープアグリ(株),東証STD,"1,078",+9,0.84,"18,200",2026/08/14
1627,1627,4658,日本空調サービス(株),東証PRM,"1,564",+13,0.84,"62,200",2026/08/14
1628,1628,521A,iFreeETF FANG+ゴールド,東証ETF,"2,048",+17,0.84,"68,048",2026/08/14
1629,1629,5451,(株)ヨドコウ,東証PRM,"1,437",+12,0.84,"178,400",2026/08/14
1630,1630,6832,アオイ電子(株),東証STD,"2,389",+20,0.84,"22,400",2026/08/14
1631,1631,7447,ナガイレーベン(株),東証PRM,"1,802",+15,0.84,"72,400",2026/08/14
1632,1632,8115,ムーンバット(株),東証STD,"1,325",+11,0.84,"2,600",2026/08/14
1633,1633,9760,(株)進学会ホールディングス,東証STD,120,+1,0.84,"32,200",2026/08/14
1634,1634,1444,(株)ニッソウ,東証GRT,"2,675",+22,0.83,"3,000",2026/08/14
1635,1635,1477,iシェアーズ MSCI 日本株最小分散 ETF,東証ETF,"3,419",+28,0.83,"1,534",2026/08/14
1636,1636,1545,(NEXT FUNDS)NASDAQ-100(H無)連動型上場投信,東証ETF,242,+2,0.83,"2,981,930",2026/08/14
1637,1637,3393,スターティアホールディングス(株),東証PRM,"3,030",+25,0.83,"19,100",2026/08/14
1638,1638,408A,iシェアーズ AI グローバル・イノベーション アクティブ,東証ETF,303.2,+2.5,0.83,"532,800",2026/08/14
1639,1639,4783,ＮＣＤ(株),東証STD,"2,541",+21,0.83,"14,000",2026/08/14
1640,1640,6033,(株)エクストリーム,東証GRT,"1,706",+14,0.83,"304,200",2026/08/14
1641,1641,6059,(株)ウチヤマホールディングス,東証STD,363,+3,0.83,"7,900",2026/08/14
1642,1642,6644,大崎電気工業(株),東証PRM,"1,572",+13,0.83,"180,900",2026/08/14
1643,1643,7844,(株)マーベラス,東証PRM,486,+4,0.83,"138,300",2026/08/14
1644,1644,7908,ＫＩＭＯＴＯ,東証STD,243,+2,0.83,"45,900",2026/08/14
1645,1645,8367,(株)南都銀行,東証PRM,"1,941",+16,0.83,"356,000",2026/08/14
1646,1646,8958,グローバル・ワン不動産投資法人,東証,"109,400",+900,0.83,"3,077",2026/08/14
1647,1647,9201,日本航空(株),東証PRM,"3,054",+25,0.83,"2,147,400",2026/08/14
1648,1648,1905,(株)テノックス,東証STD,"1,468",+12,0.82,"1,400",2026/08/14
1649,1649,1911,住友林業(株),東証PRM,"1,348",+11,0.82,"2,909,900",2026/08/14
1650,1650,587A,インベスコ QQQ トラスト シリーズ1,東証ETF,"116,500",+950,0.82,158,2026/08/14
1651,1651,7646,(株)ＰＬＡＮＴ,東証STD,"1,838",+15,0.82,"4,900",2026/08/14
1652,1652,8101,(株)ＧＳＩクレオス,東証PRM,"2,690",+22,0.82,"28,800",2026/08/14
1653,1653,8541,(株)愛媛銀行,東証PRM,"3,065",+25,0.82,"242,300",2026/08/14
1654,1654,9850,(株)グルメ杵屋,東証PRM,982,+8,0.82,"25,100",2026/08/14
1655,1655,1568,TOPIXブル2倍上場投信,東証ETF,"1,052.5",+8.5,0.81,"2,493,220",2026/08/14
1656,1656,1617,(NEXT FUNDS)食品上場投信,東証ETF,"49,710",+400,0.81,776,2026/08/14
1657,1657,1840,(株)土屋ホールディングス,東証STD,250,+2,0.81,"8,700",2026/08/14
1658,1658,1893,五洋建設(株),東証PRM,"1,438.5",+11.5,0.81,"1,904,900",2026/08/14
1659,1659,4378,(株)ＣＩＮＣ,東証GRT,497,+4,0.81,"3,200",2026/08/14
1660,1660,4569,杏林製薬(株),東証PRM,"1,118",+9,0.81,"143,300",2026/08/14
1661,1661,5992,中央発條(株),東証STD,"3,735",+30,0.81,"47,700",2026/08/14
1662,1662,6387,サムコ(株),東証PRM,"9,900",+80,0.81,"100,900",2026/08/14
1663,1663,6578,(株)コレックホールディングス,東証STD,498,+4,0.81,"4,800",2026/08/14
1664,1664,8244,(株)近鉄百貨店,東証STD,"1,875",+15,0.81,"55,200",2026/08/14
1665,1665,8276,(株)平和堂,東証PRM,"2,750",+22,0.81,"177,000",2026/08/14
1666,1666,8908,(株)毎日コムネット,東証STD,875,+7,0.81,"5,500",2026/08/14
1667,1667,2153,Ｅ・Ｊホールディングス(株),東証PRM,"1,774",+14,0.8,"70,400",2026/08/14
1668,1668,2632,MAXIS ナスダック100上場投信(H有),東証ETF,"18,295",+145,0.8,"11,667",2026/08/14
1669,1669,2641,GX グローバルリーダーズ-日本株式,東証ETF,"4,663",+37,0.8,"5,593",2026/08/14
1670,1670,3399,(株)丸千代山岡家,東証STD,"3,780",+30,0.8,"118,200",2026/08/14
1671,1671,3945,スーパーバッグ(株),東証STD,"2,155",+17,0.8,"4,100",2026/08/14
1672,1672,4286,(株)ＣＬホールディングス,東証STD,"1,135",+9,0.8,"33,000",2026/08/14
1673,1673,4362,日本精化(株),東証PRM,"2,660",+21,0.8,"34,400",2026/08/14
1674,1674,5218,(株)オハラ,東証STD,"1,647",+13,0.8,"109,500",2026/08/14
1675,1675,7550,(株)ゼンショーホールディングス,東証PRM,"11,350",+90,0.8,"486,000",2026/08/14
1676,1676,8739,スパークス・グループ(株),東証PRM,"2,524",+20,0.8,"95,900",2026/08/14
1677,1677,1458,楽天 ETF-日経レバレッジ指数連動型,東証ETF,"89,400",+700,0.79,"122,226",2026/08/14
1678,1678,1879,新日本建設(株),東証PRM,"2,293",+18,0.79,"138,900",2026/08/14
1679,1679,2296,伊藤ハム米久ホールディングス(株),東証PRM,"5,110",+40,0.79,"156,800",2026/08/14
1680,1680,2930,(株)北の達人コーポレーション,東証PRM,127,+1,0.79,"307,200",2026/08/14
1681,1681,7014,(株)名村造船所,東証STD,"4,455",+35,0.79,"1,610,500",2026/08/14
1682,1682,7614,(株)オーエムツーネットワーク,東証STD,"1,533",+12,0.79,"3,800",2026/08/14
1683,1683,9729,(株)トーカイ,東証PRM,"2,544",+20,0.79,"56,600",2026/08/14
1684,1684,9780,(株)ハリマビステム,東証STD,"1,015",+8,0.79,"9,600",2026/08/14
1685,1685,9887,(株)松屋フーズホールディングス,東証PRM,"5,080",+40,0.79,"105,700",2026/08/14
1686,1686,1399,上場MSCI日本株高配当低ボラティリティ,東証ETF,"3,216",+25,0.78,968,2026/08/14
1687,1687,167A,リョーサン菱洋ホールディングス(株),東証PRM,"3,220",+25,0.78,"199,400",2026/08/14
1688,1688,1961,三機工業(株),東証PRM,"2,441",+19,0.78,"550,100",2026/08/14
1689,1689,2211,(株)不二家,東証PRM,"2,466",+19,0.78,"31,300",2026/08/14
1690,1690,2642,SMT ETFカーボン・エフィシェント日本株,東証ETF,"55,350",+430,0.78,1,2026/08/14
1691,1691,2986,(株)ＬＡホールディングス,東証GRT,"2,826",+22,0.78,"206,400",2026/08/14
1692,1692,3183,ウイン・パートナーズ(株),東証PRM,"1,295",+10,0.78,"22,300",2026/08/14
1693,1693,3242,(株)アーバネットコーポレーション,東証STD,520,+4,0.78,"75,100",2026/08/14
1694,1694,4343,(株)イオンファンタジー,東証PRM,"2,843",+22,0.78,"94,400",2026/08/14
1695,1695,4931,新日本製薬(株),東証PRM,"2,067",+16,0.78,"41,500",2026/08/14
1696,1696,5194,相模ゴム工業(株),東証STD,642,+5,0.78,"2,700",2026/08/14
1697,1697,6208,(株)石川製作所,東証STD,"1,683",+13,0.78,"34,400",2026/08/14
1698,1698,7057,(株)エヌ・シー・エヌ,東証STD,899,+7,0.78,"4,900",2026/08/14
1699,1699,7072,(株)インティメート・マージャー,東証GRT,"1,159",+9,0.78,"5,900",2026/08/14
1700,1700,7360,(株)オンデック,東証GRT,647,+5,0.78,800,2026/08/14
1701,1701,7898,(株)ウッドワン,東証STD,910,+7,0.78,"4,400",2026/08/14
1702,1702,9250,(株)ＧＲＣＳ,東証GRT,899,+7,0.78,"1,000",2026/08/14
1703,1703,9903,(株)カンセキ,東証STD,909,+7,0.78,"1,200",2026/08/14
1704,1704,2338,クオンタムソリューションズ(株),東証STD,131,+1,0.77,"138,400",2026/08/14
1705,1705,2440,(株)ぐるなび,東証STD,131,+1,0.77,"279,200",2026/08/14
1706,1706,3290,Oneリート投資法人,東証,"78,100",+600,0.77,"3,072",2026/08/14
1707,1707,3766,システムズ・デザイン(株),東証STD,"1,435",+11,0.77,"3,400",2026/08/14
1708,1708,4438,(株)Ｗｅｌｂｙ,東証GRT,261,+2,0.77,"14,900",2026/08/14
1709,1709,4668,(株)明光ネットワークジャパン,東証PRM,782,+6,0.77,"95,600",2026/08/14
1710,1710,5018,(株)ＭＯＲＥＳＣＯ,東証STD,"2,219",+17,0.77,"12,600",2026/08/14
1711,1711,7538,(株)大水,東証STD,391,+3,0.77,"11,500",2026/08/14
1712,1712,7928,旭化学工業(株),東証STD,651,+5,0.77,"7,900",2026/08/14
1713,1713,9513,Ｊ－ＰＯＷＥＲ,東証PRM,"3,916",+30,0.77,"501,700",2026/08/14
1714,1714,1762,(株)高松コンストラクショングループ,東証PRM,"4,000",+30,0.76,"32,800",2026/08/14
1715,1715,2340,(株)極楽湯ホールディングス,東証STD,529,+4,0.76,"34,400",2026/08/14
1716,1716,2734,(株)サーラコーポレーション,東証PRM,"1,199",+9,0.76,"153,500",2026/08/14
1717,1717,3896,阿波製紙(株),東証STD,400,+3,0.76,"29,200",2026/08/14
1718,1718,4069,(株)ＢｌｕｅＭｅｍｅ,東証GRT,662,+5,0.76,"4,100",2026/08/14
1719,1719,3191,(株)ジョイフル本田,東証PRM,"2,269",+17,0.75,"158,100",2026/08/14
1720,1720,3199,綿半ホールディングス(株),東証PRM,"1,335",+10,0.75,"47,200",2026/08/14
1721,1721,4094,日本化学産業(株),東証STD,"2,276",+17,0.75,"13,400",2026/08/14
1722,1722,4516,日本新薬(株),東証PRM,"3,640",+27,0.75,"526,400",2026/08/14
1723,1723,545A,(株)トランヴィア,東証PRM,936,+7,0.75,"54,800",2026/08/14
1724,1724,563A,GX NASDAQ100・デイリー・カバード・コール,東証ETF,"1,073",+8,0.75,"491,567",2026/08/14
1725,1725,5852,(株)アーレスティ,東証PRM,674,+5,0.75,"98,900",2026/08/14
1726,1726,6151,日東工器(株),東証PRM,"1,755",+13,0.75,"13,200",2026/08/14
1727,1727,8881,(株)日神グループホールディングス,東証PRM,668,+5,0.75,"111,800",2026/08/14
1728,1728,9504,中国電力(株),東証PRM,931.8,+6.9,0.75,"1,552,200",2026/08/14
1729,1729,9508,九州電力(株),東証PRM,"1,872.5",+14,0.75,"1,760,600",2026/08/14
1730,1730,9651,日本プロセス(株),東証STD,"2,025",+15,0.75,"13,800",2026/08/14
1731,1731,1349,ABF 汎アジア債券インデックス･ファンド,東証ETF,"17,585",+130,0.74,5,2026/08/14
1732,1732,192A,インテグループ(株),東証GRT,"1,231",+9,0.74,"2,200",2026/08/14
1733,1733,2067,NEXT NOTES 野村AI ビジネス70(NR)ETN,東証ETF,"29,280",+215,0.74,1,2026/08/14
1734,1734,2425,(株)ケアサービス,東証STD,684,+5,0.74,"2,700",2026/08/14
1735,1735,2815,アリアケジャパン(株),東証PRM,"5,410",+40,0.74,"73,200",2026/08/14
1736,1736,3080,(株)ジェーソン,東証STD,817,+6,0.74,"4,900",2026/08/14
1737,1737,3690,(株)イルグルム,東証STD,547,+4,0.74,"1,700",2026/08/14
1738,1738,4512,わかもと製薬(株),東証STD,272,+2,0.74,"44,600",2026/08/14
1739,1739,5078,(株)セレコーポレーション,東証STD,"4,750",+35,0.74,600,2026/08/14
1740,1740,6249,(株)ゲームカードホールディングス,東証STD,"2,719",+20,0.74,"5,000",2026/08/14
1741,1741,6675,サクサ(株),東証STD,"2,175",+16,0.74,"46,200",2026/08/14
1742,1742,7902,(株)ソノコム,東証STD,"1,093",+8,0.74,"1,400",2026/08/14
1743,1743,7986,日本アイ・エス・ケイ(株),東証STD,"1,905",+14,0.74,700,2026/08/14
1744,1744,9262,(株)シルバーライフ,東証STD,677,+5,0.74,"23,200",2026/08/14
1745,1745,1717,明豊ファシリティワークス(株),東証STD,964,+7,0.73,"21,100",2026/08/14
1746,1746,2331,ＡＬＳＯＫ(株),東証PRM,"1,168.5",+8.5,0.73,"1,599,900",2026/08/14
1747,1747,2801,キッコーマン(株),東証PRM,"1,792",+13,0.73,"3,478,000",2026/08/14
1748,1748,461A,MAXIS 日本株高配当SMART50,東証ETF,"2,631",+19,0.73,"1,232",2026/08/14
1749,1749,4666,パーク２４(株),東証PRM,"2,010",+14.5,0.73,"700,500",2026/08/14
1750,1750,4809,パラカ(株),東証PRM,"2,068",+15,0.73,"19,800",2026/08/14
1751,1751,6496,(株)中北製作所,東証STD,"5,500",+40,0.73,"3,700",2026/08/14
1752,1752,6674,(株)ジーエス・ユアサ　コーポレーション,東証PRM,"5,653",+41,0.73,"682,100",2026/08/14
1753,1753,6976,太陽誘電(株),東証PRM,"11,015",+80,0.73,"30,373,400",2026/08/14
1754,1754,6988,日東電工(株),東証PRM,"3,577",+26,0.73,"3,251,500",2026/08/14
1755,1755,7226,極東開発工業(株),東証PRM,"2,345",+17,0.73,"198,700",2026/08/14
1756,1756,7711,助川電気工業(株),東証STD,"4,815",+35,0.73,"57,300",2026/08/14
1757,1757,8844,(株)コスモスイニシア,東証STD,"1,243",+9,0.73,"120,600",2026/08/14
1758,1758,9022,東海旅客鉄道(株),東証PRM,"3,861",+28,0.73,"2,217,500",2026/08/14
1759,1759,9268,(株)オプティマスグループ,東証STD,416,+3,0.73,"122,700",2026/08/14
1760,1760,2109,ＤＭ三井製糖(株),東証PRM,"3,515",+25,0.72,"49,500",2026/08/14
1761,1761,3143,オーウイル(株),東証STD,700,+5,0.72,"2,000",2026/08/14
1762,1762,3291,飯田グループホールディングス(株),東証PRM,"2,324",+16.5,0.72,"635,100",2026/08/14
1763,1763,3912,(株)モバイルファクトリー,東証STD,"1,125",+8,0.72,"5,200",2026/08/14
1764,1764,4026,神島化学工業(株),東証STD,"1,668",+12,0.72,"37,500",2026/08/14
1765,1765,6555,(株)ＭＳ＆Ｃｏｎｓｕｌｔｉｎｇ,東証STD,420,+3,0.72,100,2026/08/14
1766,1766,9216,ビーウィズ(株),東証PRM,"1,678",+12,0.72,"38,200",2026/08/14
1767,1767,1591,(NEXT FUNDS) JPX日経インデックス400,東証ETF,"38,130",+270,0.71,206,2026/08/14
1768,1768,1770,藤田エンジニアリング(株),東証STD,"2,115",+15,0.71,600,2026/08/14
1769,1769,178A,GX 革新的優良企業,東証ETF,"1,711",+12,0.71,"36,862",2026/08/14
1770,1770,2569,上場インデックスファンド米国株式(NASDAQ100)H有,東証ETF,"4,393",+31,0.71,"106,728",2026/08/14
1771,1771,2624,iFreeETF 日経225(年4回決算型),東証ETF,"6,920",+49,0.71,"13,395",2026/08/14
1772,1772,3002,グンゼ(株),東証PRM,"4,235",+30,0.71,"177,500",2026/08/14
1773,1773,3050,ＤＣＭホールディングス(株),東証PRM,"1,571",+11,0.71,"247,500",2026/08/14
1774,1774,4202,(株)ダイセル,東証PRM,"1,488.5",+10.5,0.71,"975,700",2026/08/14
1775,1775,4893,ノイルイミューン・バイオテック(株),東証GRT,142,+1,0.71,"39,000",2026/08/14
1776,1776,5363,(株)ＴＹＫ,東証STD,706,+5,0.71,"54,800",2026/08/14
1777,1777,5921,川岸工業(株),東証STD,"4,275",+30,0.71,"1,000",2026/08/14
1778,1778,5928,アルメタックス(株),東証STD,284,+2,0.71,"1,700",2026/08/14
1779,1779,6157,日進工具(株),東証STD,856,+6,0.71,"59,600",2026/08/14
1780,1780,7512,イオン北海道(株),東証STD,856,+6,0.71,"124,800",2026/08/14
1781,1781,7638,(株)ＮＥＷ　ＡＲＴ　ＨＯＬＤＩＮＧＳ,東証STD,"1,412",+10,0.71,"32,600",2026/08/14
1782,1782,7687,(株)ミクリード,東証GRT,428,+3,0.71,"2,100",2026/08/14
1783,1783,8214,(株)ＡＯＫＩホールディングス,東証PRM,"1,704",+12,0.71,"208,100",2026/08/14
1784,1784,9795,(株)ステップ,東証PRM,"2,283",+16,0.71,"14,900",2026/08/14
1785,1785,9888,(株)ＵＥＸ,東証STD,"1,284",+9,0.71,"77,400",2026/08/14
1786,1786,1833,(株)奥村組,東証PRM,"5,730",+40,0.7,"115,800",2026/08/14
1787,1787,2001,(株)ニップン,東証PRM,"2,869",+20,0.7,"177,700",2026/08/14
1788,1788,2429,(株)ワールドホールディングス,東証PRM,"2,750",+19,0.7,"50,000",2026/08/14
1789,1789,3632,グリーホールディングス(株),東証PRM,429,+3,0.7,"602,700",2026/08/14
1790,1790,4506,住友ファーマ(株),東証PRM,"1,372",+9.5,0.7,"2,465,500",2026/08/14
1791,1791,6134,(株)ＦＵＪＩ,東証PRM,"8,290",+58,0.7,"645,500",2026/08/14
1792,1792,6141,ＤＭＧ森精機(株),東証PRM,"3,303",+23,0.7,"3,237,000",2026/08/14
1793,1793,1914,日本基礎技術(株),東証STD,733,+5,0.69,"35,600",2026/08/14
1794,1794,254A,ＡＩフュージョンキャピタルグループ(株),東証STD,"1,168",+8,0.69,"11,400",2026/08/14
1795,1795,3548,(株)バロックジャパンリミテッド,東証PRM,734,+5,0.69,"66,300",2026/08/14
1796,1796,4043,(株)トクヤマ,東証PRM,"4,244",+29,0.69,"773,900",2026/08/14
1797,1797,537A,NZAM 上場投信 全世界株式(MSCI ACWI)(H無),東証ETF,"1,168",+8,0.69,27,2026/08/14
1798,1798,6332,月島ホールディングス(株),東証PRM,"2,758",+19,0.69,"87,300",2026/08/14
1799,1799,7212,(株)エフテック,東証STD,730,+5,0.69,"11,400",2026/08/14
1800,1800,7482,(株)シモジマ,東証PRM,"1,466",+10,0.69,"23,300",2026/08/14
1801,1801,7846,(株)パイロットコーポレーション,東証PRM,"1,983",+13.5,0.69,"204,400",2026/08/14
1802,1802,8158,ソーダニッカ(株),東証PRM,"1,318",+9,0.69,"107,200",2026/08/14
1803,1803,8928,穴吹興産(株),東証STD,"2,346",+16,0.69,"23,600",2026/08/14
1804,1804,1651,iFreeETF TOPIX高配当40指数,東証ETF,"3,275",+22,0.68,"104,566",2026/08/14
1805,1805,1680,上場インデックスファンド海外先進国株式,東証ETF,"8,548",+58,0.68,"2,037",2026/08/14
1806,1806,2168,(株)パソナグループ,東証PRM,"1,640",+11,0.68,"134,800",2026/08/14
1807,1807,2471,(株)エスプール,東証PRM,298,+2,0.68,"496,000",2026/08/14
1808,1808,3470,マリモ地方創生リート投資法人,東証,"102,900",+700,0.68,645,2026/08/14
1809,1809,3733,(株)ソフトウェア・サービス,東証STD,"11,830",+80,0.68,"9,100",2026/08/14
1810,1810,373A,(株)リップス,東証GRT,"1,474",+10,0.68,"12,900",2026/08/14
1811,1811,6282,オイレス工業(株),東証PRM,"2,951",+20,0.68,"65,900",2026/08/14
1812,1812,6315,ＴＯＷＡ(株),東証PRM,"2,512",+17,0.68,"5,383,900",2026/08/14
1813,1813,7065,ユーピーアール(株),東証STD,"1,034",+7,0.68,"19,500",2026/08/14
1814,1814,7965,象印マホービン(株),東証PRM,"1,471",+10,0.68,"109,000",2026/08/14
1815,1815,7994,(株)オカムラ,東証PRM,"2,359",+16,0.68,"198,500",2026/08/14
1816,1816,1358,上場インデックス日経レバレッジ指数,東証ETF,"142,950",+950,0.67,"12,457",2026/08/14
1817,1817,1658,iシェアーズ･コア MSCI 新興国株 ETF,東証ETF,"4,360",+29,0.67,"2,022",2026/08/14
1818,1818,2095,GX S&P500配当貴族 (H有),東証ETF,"1,200",+8,0.67,154,2026/08/14
1819,1819,3205,(株)ダイドーリミテッド,東証STD,749,+5,0.67,"132,300",2026/08/14
1820,1820,4097,高圧ガス工業(株),東証PRM,"1,200",+8,0.67,"70,200",2026/08/14
1821,1821,4370,モビルス(株),東証GRT,302,+2,0.67,"2,400",2026/08/14
1822,1822,5950,日本パワーファスニング(株),東証STD,151,+1,0.67,"21,700",2026/08/14
1823,1823,6055,ジャパンマテリアル(株),東証PRM,"2,242",+15,0.67,"696,400",2026/08/14
1824,1824,6626,ＳＥＭＩＴＥＣ(株),東証STD,"2,242",+15,0.67,"15,900",2026/08/14
1825,1825,6718,アイホン(株),東証PRM,"2,860",+19,0.67,"24,100",2026/08/14
1826,1826,6866,ＨＩＯＫＩ(株),東証PRM,"12,110",+80,0.67,"48,400",2026/08/14
1827,1827,7196,(株)Ｃａｓａ,東証STD,752,+5,0.67,"9,600",2026/08/14
1828,1828,7811,中本パックス(株),東証STD,"1,945",+13,0.67,"23,700",2026/08/14
1829,1829,8255,アクシアル　リテイリング(株),東証PRM,"1,208",+8,0.67,"178,600",2026/08/14
1830,1830,1975,(株)朝日工業社,東証PRM,"3,835",+25,0.66,"58,700",2026/08/14
1831,1831,2083,(NEXT FUNDS) 日本成長株アクティブ,東証ETF,"4,127",+27,0.66,"5,389",2026/08/14
1832,1832,2753,(株)あみやき亭,東証PRM,"1,380",+9,0.66,"32,000",2026/08/14
1833,1833,2811,カゴメ(株),東証PRM,"2,667.5",+17.5,0.66,"201,700",2026/08/14
1834,1834,3109,シキボウ(株),東証PRM,"1,071",+7,0.66,"63,900",2026/08/14
1835,1835,3487,CREロジスティクスファンド投資法人,東証,"137,000",+900,0.66,"2,245",2026/08/14
1836,1836,3774,(株)インターネットイニシアティブ,東証PRM,"3,504",+23,0.66,"390,100",2026/08/14
1837,1837,3815,(株)メディア工房,東証GRT,458,+3,0.66,"9,500",2026/08/14
1838,1838,4624,イサム塗料(株),東証STD,"3,795",+25,0.66,300,2026/08/14
1839,1839,5020,ＥＮＥＯＳホールディングス(株),東証PRM,"1,291",+8.5,0.66,"6,450,900",2026/08/14
1840,1840,6264,(株)マルマエ,東証PRM,"2,147",+14,0.66,"362,500",2026/08/14
1841,1841,6343,フリージア・マクロス(株),東証STD,152,+1,0.66,"264,200",2026/08/14
1842,1842,6384,(株)昭和真空,東証STD,"1,678",+11,0.66,"4,800",2026/08/14
1843,1843,7483,(株)ドウシシャ,東証PRM,"3,030",+20,0.66,"39,800",2026/08/14
1844,1844,8912,(株)エリアクエスト,東証STD,153,+1,0.66,"20,100",2026/08/14
1845,1845,9908,Ｄｅｎｋｅｉ,東証STD,"2,740",+18,0.66,"8,200",2026/08/14
1846,1846,9990,(株)サックスバー　ホールディングス,東証PRM,757,+5,0.66,"48,700",2026/08/14
1847,1847,1478,iシェアーズ MSCI ジャパン高配当利回り ETF,東証ETF,"5,294",+34,0.65,"31,649",2026/08/14
1848,1848,2411,ゲンダイエージェンシー(株),東証STD,465,+3,0.65,"12,200",2026/08/14
1849,1849,2522,iシェアーズ オートメーション&ロボット ETF,東証ETF,"9,240",+60,0.65,"2,386",2026/08/14
1850,1850,3521,テルマー湯ホールディングス(株),東証STD,156,+1,0.65,"10,600",2026/08/14
1851,1851,3892,(株)岡山製紙,東証STD,"1,553",+10,0.65,"3,500",2026/08/14
1852,1852,4204,積水化学工業(株),東証PRM,"2,693.5",+17.5,0.65,"1,377,200",2026/08/14
1853,1853,4415,(株)ブロードエンタープライズ,東証GRT,"1,387",+9,0.65,"14,900",2026/08/14
1854,1854,4450,(株)パワーソリューションズ,東証GRT,"2,182",+14,0.65,"2,600",2026/08/14
1855,1855,5530,日本システムバンク(株),名証MN,"1,080",+7,0.65,"4,100",2026/08/14
1856,1856,575A,前澤ホールディングス(株),東証PRM,"1,846",+12,0.65,"56,100",2026/08/14
1857,1857,5930,文化シヤッター(株),東証PRM,"1,847",+12,0.65,"227,000",2026/08/14
1858,1858,6617,(株)東光高岳,東証PRM,"7,730",+50,0.65,"168,400",2026/08/14
1859,1859,8053,住友商事(株),東証PRM,"1,791",+11.5,0.65,"8,336,200",2026/08/14
1860,1860,8359,(株)八十二長野銀行,東証PRM,"2,698",+17.5,0.65,"1,701,700",2026/08/14
1861,1861,9127,玉井商船(株),東証STD,"3,115",+20,0.65,"10,300",2026/08/14
1862,1862,9360,鈴与シンワート(株),東証STD,"2,798",+18,0.65,700,2026/08/14
1863,1863,1320,iFreeETF 日経225(年1回決算型),東証ETF,"70,910",+450,0.64,"41,623",2026/08/14
1864,1864,1966,(株)高田工業所,東証STD,"1,718",+11,0.64,"3,500",2026/08/14
1865,1865,2013,iシェアーズ 米国高配当株 ETF,東証ETF,312.6,+2,0.64,"211,450",2026/08/14
1866,1866,2216,カンロ(株),東証STD,"1,106",+7,0.64,"42,000",2026/08/14
1867,1867,2311,(株)エプコ,東証STD,792,+5,0.64,"7,600",2026/08/14
1868,1868,2521,上場インデックスファンド米国株式(S&P500)H有,東証ETF,"2,206",+14,0.64,"2,705",2026/08/14
1869,1869,2971,エスコンジャパンリート投資法人,東証,"110,700",+700,0.64,512,2026/08/14
1870,1870,3153,八洲電機(株),東証PRM,"2,991",+19,0.64,"31,800",2026/08/14
1871,1871,345A,高配当成長 日本株(ネットリターン)ETN,東証ETF,"15,750",+100,0.64,"3,307",2026/08/14
1872,1872,3877,中越パルプ工業(株),東証PRM,"2,206",+14,0.64,"34,800",2026/08/14
1873,1873,4041,日本曹達(株),東証PRM,"3,935",+25,0.64,"78,700",2026/08/14
1874,1874,4088,エア・ウォーター(株),東証PRM,"2,534",+16,0.64,"831,100",2026/08/14
1875,1875,5959,岡部(株),東証PRM,940,+6,0.64,"94,500",2026/08/14
1876,1876,6156,(株)エーワン精密,東証STD,"1,898",+12,0.64,"7,900",2026/08/14
1877,1877,7267,ホンダ,東証PRM,"1,658",+10.5,0.64,"16,435,500",2026/08/14
1878,1878,8130,(株)サンゲツ,東証PRM,"3,150",+20,0.64,"90,900",2026/08/14
1879,1879,8996,(株)ハウスフリーダム,東証STD,"1,104",+7,0.64,"2,700",2026/08/14
1880,1880,9033,広島電鉄(株),東証STD,632,+4,0.64,"15,000",2026/08/14
1881,1881,9434,ソフトバンク(株),東証PRM,234.9,+1.5,0.64,"66,398,800",2026/08/14
1882,1882,9619,(株)イチネンホールディングス,東証PRM,"2,654",+17,0.64,"36,000",2026/08/14
1883,1883,9639,三協フロンテア(株),東証STD,"2,345",+15,0.64,"9,200",2026/08/14
1884,1884,1420,サンヨーホームズ(株),東証STD,636,+4,0.63,"10,500",2026/08/14
1885,1885,2114,フジ日本(株),東証STD,643,+4,0.63,"14,000",2026/08/14
1886,1886,2813,和弘食品(株),東証STD,"3,970",+25,0.63,500,2026/08/14
1887,1887,3921,(株)ネオジャパン,東証PRM,"1,604",+10,0.63,"16,900",2026/08/14
1888,1888,450A,ステート・ストリート・スパイダー S&P500 ETF(H有),東証ETF,802.3,+5,0.63,690,2026/08/14
1889,1889,4761,(株)さくらケーシーエス,東証STD,"1,440",+9,0.63,"2,800",2026/08/14
1890,1890,4847,(株)インテリジェント　ウェイブ,東証PRM,"1,281",+8,0.63,"128,900",2026/08/14
1891,1891,4914,高砂香料工業(株),東証PRM,"1,280",+8,0.63,"139,100",2026/08/14
1892,1892,7192,日本モーゲージサービス(株),東証STD,635,+4,0.63,"17,800",2026/08/14
1893,1893,7476,アズワン(株),東証PRM,"2,380.5",+15,0.63,"106,500",2026/08/14
1894,1894,7539,(株)アイナボホールディングス,東証STD,794,+5,0.63,"6,000",2026/08/14
1895,1895,7679,(株)薬王堂ホールディングス,東証PRM,"1,751",+11,0.63,"51,800",2026/08/14
1896,1896,8086,ニプロ(株),東証PRM,"1,595",+10,0.63,"858,800",2026/08/14
1897,1897,8217,(株)オークワ,東証PRM,802,+5,0.63,"132,500",2026/08/14
1898,1898,9551,メタウォーター(株),東証PRM,"3,220",+20,0.63,"70,600",2026/08/14
1899,1899,9628,燦ホールディングス(株),東証PRM,"1,428",+9,0.63,"56,500",2026/08/14
1900,1900,9895,(株)コンセック,東証STD,"1,268",+8,0.63,"1,300",2026/08/14
1901,1901,2002,(株)日清製粉グループ本社,東証PRM,"2,029.5",+12.5,0.62,"1,056,600",2026/08/14
1902,1902,2204,(株)中村屋,東証STD,"3,240",+20,0.62,"9,500",2026/08/14
1903,1903,3549,(株)クスリのアオキホールディングス,東証STD,"4,035",+25,0.62,"194,800",2026/08/14
1904,1904,3641,(株)パピレス,東証STD,970,+6,0.62,"11,300",2026/08/14
1905,1905,4391,ロジザード(株),東証GRT,"1,132",+7,0.62,"5,000",2026/08/14
1906,1906,4814,ネクストウェア(株),東証STD,162,+1,0.62,"52,500",2026/08/14
1907,1907,5990,(株)スーパーツール,東証STD,"1,945",+12,0.62,100,2026/08/14
1908,1908,6044,(株)三機サービス,東証STD,"1,934",+12,0.62,"10,500",2026/08/14
1909,1909,7337,(株)ひろぎんホールディングス,東証PRM,"2,364.5",+14.5,0.62,"644,000",2026/08/14
1910,1910,7599,(株)ＩＤＯＭ,東証PRM,"1,298",+8,0.62,"516,300",2026/08/14
1911,1911,7625,(株)グローバルダイニング,東証STD,484,+3,0.62,"4,400",2026/08/14
1912,1912,8985,ジャパン・ホテル・リート投資法人,東証,"81,600",+500,0.62,"13,741",2026/08/14
1913,1913,9404,日本テレビホールディングス(株),東証PRM,"2,905",+18,0.62,"365,600",2026/08/14
1914,1914,9471,(株)文溪堂,名証MN,"1,140",+7,0.62,900,2026/08/14
1915,1915,2341,(株)アルバイトタイムス,東証STD,166,+1,0.61,"13,900",2026/08/14
1916,1916,2563,iシェアーズ S&P500 米国株 ETF(H有),東証ETF,411.7,+2.5,0.61,"102,040",2026/08/14
1917,1917,286A,(株)ユカリア,東証GRT,822,+5,0.61,"11,900",2026/08/14
1918,1918,3021,(株)パシフィックネット,東証STD,"1,651",+10,0.61,"10,200",2026/08/14
1919,1919,3678,(株)メディアドゥ,東証PRM,"1,314",+8,0.61,"30,700",2026/08/14
1920,1920,3802,(株)エコミック,東証STD,496,+3,0.61,"2,500",2026/08/14
1921,1921,5603,虹技(株),東証STD,"1,319",+8,0.61,"1,000",2026/08/14
1922,1922,7458,(株)第一興商,東証PRM,"1,825",+11,0.61,"129,000",2026/08/14
1923,1923,9046,神戸電鉄(株),東証STD,"2,492",+15,0.61,"8,300",2026/08/14
1924,1924,2848,GX MSCI 気候変動対応-日本株式,東証ETF,"3,168",+19,0.6,34,2026/08/14
1925,1925,294A,(NEXT FUNDS) MSCIジャパン気候変動指数(セレクト),東証ETF,"3,037",+18,0.6,7,2026/08/14
1926,1926,3069,(株)ＪＦＬＡホールディングス,東証STD,167,+1,0.6,"98,900",2026/08/14
1927,1927,3148,(株)クリエイトＳＤホールディングス,東証PRM,"3,335",+20,0.6,"62,800",2026/08/14
1928,1928,3467,アグレ都市デザイン(株),東証STD,"2,864",+17,0.6,"9,900",2026/08/14
1929,1929,3826,(株)システムインテグレータ,東証STD,500,+3,0.6,"17,300",2026/08/14
1930,1930,4547,キッセイ薬品工業(株),東証PRM,"4,165",+25,0.6,"38,200",2026/08/14
1931,1931,4762,(株)エックスネット,東証STD,"2,002",+12,0.6,"2,400",2026/08/14
1932,1932,4848,(株)フルキャストホールディングス,東証PRM,"1,856",+11,0.6,"105,500",2026/08/14
1933,1933,5337,ダントーホールディングス(株),東証STD,833,+5,0.6,"16,900",2026/08/14
1934,1934,7367,(株)セルム,東証STD,338,+2,0.6,"2,700",2026/08/14
1935,1935,8242,エイチ・ツー・オー　リテイリング(株),東証PRM,"2,867.5",+17,0.6,"385,500",2026/08/14
1936,1936,8771,イー・ギャランティ(株),東証PRM,"1,855",+11,0.6,"112,200",2026/08/14
1937,1937,9640,(株)セゾンテクノロジー,東証STD,"2,017",+12,0.6,"7,000",2026/08/14
1938,1938,1367,iFreeETF TOPIXレバレッジ(2倍)指数,東証ETF,"3,240",+19,0.59,"26,870",2026/08/14
1939,1939,1578,上場インデックスファンド日経225(ミニ),東証ETF,"5,485",+32,0.59,"12,725",2026/08/14
1940,1940,1618,(NEXT FUNDS)エネルギー資源上場投信,東証ETF,"34,200",+200,0.59,769,2026/08/14
1941,1941,2566,上場インデックスファンド日経ESGリート,東証ETF,"1,030",+6,0.59,663,2026/08/14
1942,1942,3177,(株)ありがとうサービス,東証STD,"4,235",+25,0.59,700,2026/08/14
1943,1943,3391,(株)ツルハホールディングス,東証PRM,"2,404.5",+14,0.59,"1,350,700",2026/08/14
1944,1944,4098,チタン工業(株),東証STD,"1,029",+6,0.59,"7,300",2026/08/14
1945,1945,4293,(株)セプテーニ・ホールディングス,東証STD,509,+3,0.59,"249,000",2026/08/14
1946,1946,7031,(株)インバウンドテック,東証GRT,685,+4,0.59,"1,000",2026/08/14
1947,1947,7128,ユニソルホールディングス(株),東証PRM,"2,900",+17,0.59,"157,200",2026/08/14
1948,1948,7150,(株)島根銀行,東証STD,508,+3,0.59,"119,400",2026/08/14
1949,1949,7513,(株)コジマ,東証PRM,"1,358",+8,0.59,"336,100",2026/08/14
1950,1950,8358,スルガ銀行(株),東証PRM,"2,897",+17,0.59,"791,600",2026/08/14
1951,1951,9421,(株)エヌジェイホールディングス,東証STD,509,+3,0.59,"2,500",2026/08/14
1952,1952,2086,NZAM 上場投信 S&P500(H有),東証ETF,"3,108",+18,0.58,"12,826",2026/08/14
1953,1953,2676,高千穂交易(株),東証PRM,"2,096",+12,0.58,"29,100",2026/08/14
1954,1954,3359,(株)ｃｏｔｔａ,東証GRT,518,+3,0.58,"33,300",2026/08/14
1955,1955,3447,信和(株),東証STD,"1,034",+6,0.58,"14,100",2026/08/14
1956,1956,5900,(株)ダイケン,東証STD,870,+5,0.58,"1,100",2026/08/14
1957,1957,6074,(株)ジェイエスエス,東証STD,520,+3,0.58,500,2026/08/14
1958,1958,6855,日本電子材料(株),東証STD,"6,980",+40,0.58,"830,600",2026/08/14
1959,1959,8772,(株)アサックス,東証STD,874,+5,0.58,"4,000",2026/08/14
1960,1960,8904,(株)ＡＶＡＮＴＩＡ,東証STD,873,+5,0.58,"22,000",2026/08/14
1961,1961,9259,(株)タカヨシホールディングス,東証GRT,861,+5,0.58,"15,500",2026/08/14
1962,1962,1489,(NEXT FUNDS)日経平均高配当株50指数連動型ETF,東証ETF,"3,526",+20,0.57,"369,136",2026/08/14
1963,1963,1585,iFreeETF TOPIX Ex-Financials,東証ETF,"2,752.5",+15.5,0.57,50,2026/08/14
1964,1964,1786,オリエンタル白石(株),東証PRM,353,+2,0.57,"634,900",2026/08/14
1965,1965,1808,(株)長谷工コーポレーション,東証PRM,"2,799",+16,0.57,"750,800",2026/08/14
1966,1966,2084,(NEXT FUNDS) 日本高配当株アクティブ,東証ETF,"3,880",+22,0.57,"3,050",2026/08/14
1967,1967,213A,上場インデックスファンド日経半導体株,東証ETF,425.2,+2.4,0.57,"1,811,670",2026/08/14
1968,1968,2644,GX 半導体関連-日本株式,東証ETF,"4,255",+24,0.57,"817,171",2026/08/14
1969,1969,3157,ジオリーブグループ(株),東証STD,"1,409",+8,0.57,800,2026/08/14
1970,1970,356A,GX S&P500 キャッシュフロー・トップ100,東証ETF,"1,593",+9,0.57,"1,047",2026/08/14
1971,1971,4548,生化学工業(株),東証PRM,710,+4,0.57,"119,600",2026/08/14
1972,1972,532A,NZAM 上場投信 TOPIX高配当40,東証ETF,"2,277",+13,0.57,116,2026/08/14
1973,1973,6965,浜松ホトニクス(株),東証PRM,"2,562",+14.5,0.57,"2,917,200",2026/08/14
1974,1974,7369,(株)メイホーホールディングス,東証GRT,354,+2,0.57,"19,000",2026/08/14
1975,1975,7731,(株)ニコン,東証PRM,"2,045.5",+11.5,0.57,"1,865,700",2026/08/14
1976,1976,8013,(株)ナイガイ,東証STD,352,+2,0.57,"2,900",2026/08/14
1977,1977,9955,(株)ヨンキュウ,東証STD,"2,838",+16,0.57,"1,600",2026/08/14
1978,1978,3151,(株)バイタルケーエスケー・ホールディングス,東証PRM,"1,614",+9,0.56,"72,800",2026/08/14
1979,1979,3186,(株)ネクステージ,東証PRM,"3,610",+20,0.56,"342,500",2026/08/14
1980,1980,3468,スターアジア不動産投資法人,東証,"53,400",+300,0.56,"4,663",2026/08/14
1981,1981,3571,(株)ソトー,東証STD,715,+4,0.56,"3,600",2026/08/14
1982,1982,3891,ニッポン高度紙工業(株),東証STD,"7,190",+40,0.56,"113,000",2026/08/14
1983,1983,3951,朝日印刷(株),東証STD,904,+5,0.56,"29,000",2026/08/14
1984,1984,426A,ニッセイ ETF S&P500イコール・ウェイト(H無),東証ETF,"1,266",+7,0.56,"21,517",2026/08/14
1985,1985,4933,(株)Ｉ－ｎｅ,東証PRM,"1,447",+8,0.56,"76,800",2026/08/14
1986,1986,6276,シリウスビジョン(株),東証STD,358,+2,0.56,"132,100",2026/08/14
1987,1987,6579,ログリー(株),東証GRT,358,+2,0.56,"14,500",2026/08/14
1988,1988,6676,(株)バッファロー,東証STD,"2,882",+16,0.56,"33,800",2026/08/14
1989,1989,6823,リオン(株),東証PRM,"3,570",+20,0.56,"37,900",2026/08/14
1990,1990,7282,豊田合成(株),東証PRM,"5,208",+29,0.56,"420,300",2026/08/14
1991,1991,7305,新家工業(株),東証STD,"2,700",+15,0.56,"12,300",2026/08/14
1992,1992,7740,(株)タムロン,東証PRM,"1,434",+8,0.56,"343,500",2026/08/14
1993,1993,9083,神姫バス(株),東証STD,"1,992",+11,0.56,"2,600",2026/08/14
1994,1994,9115,明海グループ(株),東証STD,903,+5,0.56,"28,800",2026/08/14
1995,1995,9347,日本管財ホールディングス(株),東証PRM,"2,853",+16,0.56,"50,300",2026/08/14
1996,1996,9788,(株)ナック,東証PRM,534,+3,0.56,"301,600",2026/08/14
1997,1997,1306,(NEXT FUNDS)TOPIX連動型上場投信,東証ETF,437.8,+2.4,0.55,"14,148,620",2026/08/14
1998,1998,2082,投資家経営者一心同体ETF,東証ETF,"1,280",+7,0.55,19,2026/08/14
1999,1999,2630,MAXIS 米国株式(S&P500)上場投信(H有),東証ETF,"16,355",+90,0.55,"4,840",2026/08/14
2000,2000,2892,日本食品化工(株),東証STD,"4,555",+25,0.55,"2,100",2026/08/14
2001,2001,2981,(株)ランディックス,東証GRT,"2,202",+12,0.55,"10,100",2026/08/14
2002,2002,3223,(株)エスエルディー,東証STD,916,+5,0.55,"7,400",2026/08/14
2003,2003,372A,(株)レント,東証STD,"5,510",+30,0.55,"3,500",2026/08/14
2004,2004,4623,(株)アサヒペン,東証STD,"1,820",+10,0.55,"11,000",2026/08/14
2005,2005,5247,(株)ＢＴＭ,東証GRT,550,+3,0.55,"9,600",2026/08/14
2006,2006,5480,日本冶金工業(株),東証PRM,"5,480",+30,0.55,"39,700",2026/08/14
2007,2007,5952,アマテイ(株),東証STD,184,+1,0.55,"45,700",2026/08/14
2008,2008,6365,(株)電業社機械製作所,東証STD,"5,510",+30,0.55,500,2026/08/14
2009,2009,6730,(株)アクセル,東証STD,"1,105",+6,0.55,"23,200",2026/08/14
2010,2010,7313,テイ・エス　テック(株),東証PRM,"1,827",+10,0.55,"227,600",2026/08/14
2011,2011,7821,前田工繊(株),東証PRM,"2,013",+11,0.55,"138,300",2026/08/14
2012,2012,8030,中央魚類(株),東証STD,"3,650",+20,0.55,600,2026/08/14
2013,2013,8278,(株)フジ,東証PRM,"2,012",+11,0.55,"100,400",2026/08/14
2014,2014,9715,トランスコスモス(株),東証PRM,"3,675",+20,0.55,"61,300",2026/08/14
2015,2015,2248,iFreeETF S&P500(H有),東証ETF,"2,807",+15,0.54,"1,014",2026/08/14
2016,2016,234A,GX MSCI キャッシュフローキング-日本株式,東証ETF,"1,494",+8,0.54,"1,165",2026/08/14
2017,2017,2831,はごろもフーズ(株),東証STD,"3,690",+20,0.54,"3,500",2026/08/14
2018,2018,354A,iFreeETF ブルームバーグ日本株高配当50指数,東証ETF,"3,337",+18,0.54,"14,306",2026/08/14
2019,2019,5702,(株)大紀アルミニウム工業所,東証PRM,"1,855",+10,0.54,"304,100",2026/08/14
2020,2020,6856,(株)堀場製作所,東証PRM,"25,045",+135,0.54,"175,800",2026/08/14
2021,2021,7314,(株)小田原機器,東証STD,"1,305",+7,0.54,"2,000",2026/08/14
2022,2022,7353,ＫＩＹＯラーニング(株),東証GRT,555,+3,0.54,"8,600",2026/08/14
2023,2023,8360,(株)山梨中央銀行,東証PRM,"7,480",+40,0.54,"167,500",2026/08/14
2024,2024,1928,積水ハウス(株),東証PRM,"3,444",+18,0.53,"1,704,500",2026/08/14
2025,2025,1994,高橋カーテンウォール工業(株),東証STD,565,+3,0.53,"40,900",2026/08/14
2026,2026,2080,PBR1倍割れ解消推進ETF,東証ETF,"2,099",+11,0.53,"68,522",2026/08/14
2027,2027,2404,(株)鉄人化ホールディングス,東証STD,565,+3,0.53,"21,000",2026/08/14
2028,2028,2633,(NEXT FUNDS) S&P500(H無)連動型上場投信,東証ETF,574.2,+3,0.53,"131,470",2026/08/14
2029,2029,2634,(NEXT FUNDS) S&P500(H有)連動型上場投信,東証ETF,"3,225",+17,0.53,"18,737",2026/08/14
2030,2030,2917,(株)大森屋,東証STD,940,+5,0.53,"11,600",2026/08/14
2031,2031,4754,(株)トスネット,東証STD,"1,531",+8,0.53,"2,100",2026/08/14
2032,2032,6279,(株)瑞光,東証PRM,950,+5,0.53,"22,700",2026/08/14
2033,2033,6577,(株)ベストワンドットコム,東証GRT,"1,896",+10,0.53,"2,800",2026/08/14
2034,2034,8076,(株)カノークス,東証STD,"2,100",+11,0.53,"6,500",2026/08/14
2035,2035,9359,伊勢湾海運(株),名証MN,953,+5,0.53,"10,600",2026/08/14
2036,2036,9685,ＫＹＣＯＭホールディングス(株),東証STD,573,+3,0.53,"2,700",2026/08/14
2037,2037,1321,(NEXT FUNDS)日経225連動型上場投信,東証ETF,"71,100",+370,0.52,"298,994",2026/08/14
2038,2038,2253,GX スーパーディビィデンド-US,東証ETF,"1,343",+7,0.52,"2,926",2026/08/14
2039,2039,2849,GX Morningstar 高配当 ESG-日本株式,東証ETF,"5,630",+29,0.52,"1,771",2026/08/14
2040,2040,4008,住友精化(株),東証PRM,"1,558",+8,0.52,"289,300",2026/08/14
2041,2041,4076,(株)シイエヌエス,東証GRT,"1,951",+10,0.52,"2,400",2026/08/14
2042,2042,442A,クラシコ(株),東証GRT,968,+5,0.52,"4,700",2026/08/14
2043,2043,4528,小野薬品工業(株),東証PRM,"2,430",+12.5,0.52,"1,323,900",2026/08/14
2044,2044,4766,(株)ピーエイ,東証STD,192,+1,0.52,"9,000",2026/08/14
2045,2045,566A,iFreeETF ブルームバーグ日本株(除く金融)高配当50,東証ETF,"2,317",+12,0.52,27,2026/08/14
2046,2046,5957,日東精工(株),東証PRM,778,+4,0.52,"71,100",2026/08/14
2047,2047,6655,東洋電機(株),名証MN,772,+4,0.52,"1,500",2026/08/14
2048,2048,7309,(株)シマノ,東証PRM,"20,130",+105,0.52,"225,200",2026/08/14
2049,2049,7914,共同印刷(株),東証PRM,"1,746",+9,0.52,"57,800",2026/08/14
2050,2050,1655,iシェアーズ S&P500 米国株 ETF,東証ETF,894.2,+4.5,0.51,"1,434,930",2026/08/14
2051,2051,2163,(株)アルトナー,東証PRM,981,+5,0.51,"50,100",2026/08/14
2052,2052,2636,GX MSCIガバナンス・クオリティ-日本株式,東証ETF,"5,140",+26,0.51,43,2026/08/14
2053,2053,6328,荏原実業(株),東証PRM,"2,363",+12,0.51,"130,600",2026/08/14
2054,2054,6877,ＯＢＡＲＡ　ＧＲＯＵＰ(株),東証STD,"5,960",+30,0.51,"28,800",2026/08/14
2055,2055,7030,(株)スプリックス,東証STD,980,+5,0.51,"18,200",2026/08/14
2056,2056,8203,(株)ＭｒＭａｘＨＤ,東証PRM,781,+4,0.51,"54,400",2026/08/14
2057,2057,9009,京成電鉄(株),東証PRM,"1,280",+6.5,0.51,"1,651,700",2026/08/14
2058,2058,9052,山陽電気鉄道(株),東証PRM,"1,980",+10,0.51,"32,600",2026/08/14
2059,2059,9367,大東港運(株),東証STD,"1,960",+10,0.51,"2,900",2026/08/14
2060,2060,2519,(NEXT FUNDS)新興国債券･J.P.M･EM･プラス(H無),東証ETF,"1,207",+6,0.5,"20,000",2026/08/14
2061,2061,2708,(株)久世,東証STD,"2,015",+10,0.5,"2,800",2026/08/14
2062,2062,295A,One ETF FTSE・サウジアラビア・インデックス,東証ETF,"9,980",+50,0.5,15,2026/08/14
2063,2063,3159,丸善ＣＨＩホールディングス(株),東証STD,406,+2,0.5,"92,500",2026/08/14
2064,2064,4558,(株)中京医薬品,東証STD,201,+1,0.5,"13,300",2026/08/14
2065,2065,4839,(株)ＷＯＷＯＷ,東証PRM,"1,000",+5,0.5,"60,200",2026/08/14
2066,2066,6788,(株)日本トリム,東証PRM,"5,000",+25,0.5,"13,400",2026/08/14
2067,2067,7079,ＷＤＢココ(株),東証GRT,"2,600",+13,0.5,200,2026/08/14
2068,2068,7545,(株)西松屋チェーン,東証PRM,"2,019",+10,0.5,"244,600",2026/08/14
2069,2069,7590,(株)タカショー,東証STD,401,+2,0.5,"36,200",2026/08/14
2070,2070,8365,(株)富山銀行,東証STD,"2,420",+12,0.5,"17,300",2026/08/14
2071,2071,9031,西日本鉄道(株),東証PRM,"3,038",+15,0.5,"195,800",2026/08/14
2072,2072,9240,(株)デリバリーコンサルティング,東証GRT,404,+2,0.5,"5,800",2026/08/14
2073,2073,9251,(株)ＡＢ＆Ｃｏｍｐａｎｙ,東証GRT,"1,402",+7,0.5,"32,600",2026/08/14
2074,2074,9365,トレーディア(株),東証STD,"1,614",+8,0.5,"1,600",2026/08/14
2075,2075,9558,ジャパニアス(株),東証GRT,"1,994",+10,0.5,"3,000",2026/08/14
2076,2076,1330,上場インデックスファンド225,東証ETF,"71,220",+350,0.49,"26,686",2026/08/14
2077,2077,1557,State Street SPDR S&P500 ETF,東証ETF,"124,000",+600,0.49,"1,013",2026/08/14
2078,2078,1652,iFreeETF MSCI日本株女性活躍指数(WIN),東証ETF,"5,134",+25,0.49,10,2026/08/14
2079,2079,2847,GX 新成長インフラ-日本株式,東証ETF,"3,097",+15,0.49,341,2026/08/14
2080,2080,3488,セントラル・リート投資法人,東証,"103,300",+500,0.49,"1,061",2026/08/14
2081,2081,3861,王子ホールディングス(株),東証PRM,875.6,+4.3,0.49,"3,124,900",2026/08/14
2082,2082,4714,(株)リソー教育グループ,東証PRM,204,+1,0.49,"613,100",2026/08/14
2083,2083,4922,(株)コーセーホールディングス,東証PRM,"5,747",+28,0.49,"311,100",2026/08/14
2084,2084,6325,(株)タカキタ,東証STD,410,+2,0.49,"7,300",2026/08/14
2085,2085,7219,(株)エッチ・ケー・エス,東証STD,"2,663",+13,0.49,"1,800",2026/08/14
2086,2086,7278,(株)エクセディ,東証PRM,"6,170",+30,0.49,"137,600",2026/08/14
2087,2087,7806,(株)ＭＴＧ,東証GRT,"8,130",+40,0.49,"108,500",2026/08/14
2088,2088,8963,インヴィンシブル投資法人,東証,"61,400",+300,0.49,"32,821",2026/08/14
2089,2089,8979,スターツプロシード投資法人,東証,"184,500",+900,0.49,581,2026/08/14
2090,2090,9790,福井コンピュータホールディングス(株),東証PRM,"3,105",+15,0.49,"28,600",2026/08/14
2091,2091,1305,iFreeETF TOPIX(年1回決算型),東証ETF,"4,419",+21,0.48,"834,330",2026/08/14
2092,2092,1488,iFreeETF 東証REIT指数,東証ETF,"1,880",+9,0.48,"268,402",2026/08/14
2093,2093,1967,(株)ヤマト,東証STD,"2,098",+10,0.48,"17,000",2026/08/14
2094,2094,2037,NEXT NOTES 金先物 ベア ETN,東証ETF,"1,245",+6,0.48,"13,467",2026/08/14
2095,2095,2393,(株)日本ケアサプライ,東証STD,"4,215",+20,0.48,"4,300",2026/08/14
2096,2096,3066,(株)ＪＢイレブン,名証MN,626,+3,0.48,"5,800",2026/08/14
2097,2097,4345,(株)シーティーエス,東証PRM,846,+4,0.48,"72,300",2026/08/14
2098,2098,4549,栄研化学(株),東証PRM,"2,287",+11,0.48,"179,300",2026/08/14
2099,2099,6565,ＡＢホテル(株),名証MN,"1,262",+6,0.48,"8,200",2026/08/14
2100,2100,6817,スミダコーポレーション(株),東証PRM,"1,267",+6,0.48,"190,900",2026/08/14
2101,2101,7956,ピジョン(株),東証PRM,"2,113.5",+10,0.48,"887,300",2026/08/14
2102,2102,8040,(株)東京ソワール,東証STD,"1,040",+5,0.48,"2,100",2026/08/14
2103,2103,8537,(株)大光銀行,東証STD,"2,945",+14,0.48,"90,400",2026/08/14
2104,2104,8793,ＮＥＣキャピタルソリューション(株),東証PRM,"4,165",+20,0.48,"20,000",2026/08/14
2105,2105,9744,(株)メイテックグループホールディングス,東証PRM,"3,356",+16,0.48,"236,500",2026/08/14
2106,2106,9989,(株)サンドラッグ,東証PRM,"3,746",+18,0.48,"391,600",2026/08/14
2107,2107,1346,MAXIS 日経225上場投信,東証ETF,"71,010",+330,0.47,"28,317",2026/08/14
2108,2108,1475,iシェアーズ・コア TOPIX ETF,東証ETF,431.4,+2,0.47,"3,717,120",2026/08/14
2109,2109,2247,iFreeETF S&P500(H無),東証ETF,"2,339",+11,0.47,"4,447",2026/08/14
2110,2110,2733,(株)あらた,東証PRM,"2,581",+12,0.47,"52,900",2026/08/14
2111,2111,297A,アルピコホールディングス(株),東証STD,215,+1,0.47,"14,900",2026/08/14
2112,2112,3087,(株)ドトール・日レスホールディングス,東証PRM,"3,205",+15,0.47,"152,900",2026/08/14
2113,2113,3772,ウェルス・マネジメント(株),東証STD,"1,070",+5,0.47,"11,600",2026/08/14
2114,2114,3835,ｅＢＡＳＥ(株),東証PRM,429,+2,0.47,"56,000",2026/08/14
2115,2115,6859,エスペック(株),東証PRM,"4,240",+20,0.47,"64,100",2026/08/14
2116,2116,7362,(株)Ｔ．Ｓ．Ｉ,東証GRT,863,+4,0.47,"2,200",2026/08/14
2117,2117,9633,東京テアトル(株),東証STD,"1,722",+8,0.47,"9,800",2026/08/14
2118,2118,1382,(株)ホーブ,東証STD,873,+4,0.46,"1,700",2026/08/14
2119,2119,1484,One ETF JPX/S&P 設備･人材投資指数,東証ETF,"3,896",+18,0.46,"6,840",2026/08/14
2120,2120,3161,アゼアス(株),東証STD,662,+3,0.46,"5,500",2026/08/14
2121,2121,3326,(株)ランシステム,東証STD,653,+3,0.46,"4,000",2026/08/14
2122,2122,3352,(株)バッファロー,東証STD,"1,764",+8,0.46,"3,200",2026/08/14
2123,2123,4481,ベース(株),東証PRM,"3,285",+15,0.46,"124,900",2026/08/14
2124,2124,4526,理研ビタミン(株),東証PRM,"3,280",+15,0.46,"52,600",2026/08/14
2125,2125,5280,ヨシコン(株),東証STD,"2,189",+10,0.46,"10,600",2026/08/14
2126,2126,7374,(株)コンフィデンス・インターワークス,東証GRT,"1,515",+7,0.46,"19,500",2026/08/14
2127,2127,7879,(株)ノダ,東証STD,649,+3,0.46,"3,100",2026/08/14
2128,2128,1473,One ETF トピックス,東証ETF,"4,280",+19,0.45,"20,850",2026/08/14
2129,2129,1498,One ETF ESG,東証ETF,"33,450",+150,0.45,24,2026/08/14
2130,2130,1547,上場インデックスファンド米国株式(S&P500),東証ETF,"13,500",+60,0.45,"21,615",2026/08/14
2131,2131,1554,上場インデックス世界株式(MSCI ACWI)除く日本,東証ETF,"6,974",+31,0.45,"1,187",2026/08/14
2132,2132,1719,安藤ハザマ,東証PRM,"1,890",+8.5,0.45,"588,000",2026/08/14
2133,2133,1799,第一建設工業(株),東証STD,"3,335",+15,0.45,"21,000",2026/08/14
2134,2134,2048,NEXT NOTES 野村日本株高配当70(ドルH、NR)ETN,東証ETF,"55,800",+250,0.45,106,2026/08/14
2135,2135,2643,(NEXTFUNDS) MSCIジャパンカントリー指数(セレクト),東証ETF,"4,458",+20,0.45,"3,384",2026/08/14
2136,2136,2752,(株)フジオフードグループ本社,東証PRM,"1,120",+5,0.45,"121,700",2026/08/14
2137,2137,3459,サムティ・レジデンシャル投資法人,東証,"89,300",+400,0.45,"1,344",2026/08/14
2138,2138,3477,フォーライフ(株),東証GRT,888,+4,0.45,"1,900",2026/08/14
2139,2139,4248,竹本容器(株),東証STD,888,+4,0.45,"5,400",2026/08/14
2140,2140,7110,(株)クラシコム,東証GRT,"2,021",+9,0.45,"1,100",2026/08/14
2141,2141,7264,(株)ムロコーポレーション,東証STD,"1,339",+6,0.45,"2,400",2026/08/14
2142,2142,7975,(株)リヒトラブ,東証STD,"1,120",+5,0.45,"2,100",2026/08/14
2143,2143,8041,ＯＵＧホールディングス(株),東証STD,"4,450",+20,0.45,"2,800",2026/08/14
2144,2144,8892,(株)エスコン,東証PRM,"1,111",+5,0.45,"174,800",2026/08/14
2145,2145,9023,東京地下鉄(株),東証PRM,"1,462.5",+6.5,0.45,"1,391,800",2026/08/14
2146,2146,9041,近鉄グループホールディングス(株),東証PRM,"3,555",+16,0.45,"541,300",2026/08/14
2147,2147,9959,アシードホールディングス(株),東証STD,"1,119",+5,0.45,"1,500",2026/08/14
2148,2148,1308,上場インデックスファンドTOPIX,東証ETF,"4,317",+19,0.44,"103,592",2026/08/14
2149,2149,1369,One ETF 日経225,東証ETF,"69,040",+300,0.44,924,2026/08/14
2150,2150,1550,MAXIS 海外株式(MSCIコクサイ)上場投信,東証ETF,"8,295",+36,0.44,"2,907",2026/08/14
2151,2151,2526,NZAM 上場投信 JPX日経400,東証ETF,"38,560",+170,0.44,21,2026/08/14
2152,2152,2564,GX MSCIスーパーディビィデンド-日本株式,東証ETF,"3,656",+16,0.44,"20,620",2026/08/14
2153,2153,2730,(株)エディオン,東証PRM,"2,513",+11,0.44,"179,600",2026/08/14
2154,2154,369A,(株)エータイ,東証GRT,"2,539",+11,0.44,"17,600",2026/08/14
2155,2155,449A,ステート・ストリート・スパイダー S&P500 ETF(H無),東証ETF,844.7,+3.7,0.44,"17,700",2026/08/14
2156,2156,4507,塩野義製薬(株),東証PRM,"2,831.5",+12.5,0.44,"2,184,400",2026/08/14
2157,2157,492A,One ETF 日本国債 高クーポン(平均残存10年未満),東証ETF,969.2,+4.2,0.44,10,2026/08/14
2158,2158,547A,ムニノバホールディングス(株),東証PRM,455,+2,0.44,"1,514,100",2026/08/14
2159,2159,5816,オーナンバ(株),東証STD,"1,611",+7,0.44,"11,300",2026/08/14
2160,2160,6724,セイコーエプソン(株),東証PRM,"3,171",+14,0.44,"2,282,100",2026/08/14
2161,2161,6897,(株)ツインバード,東証STD,679,+3,0.44,"23,800",2026/08/14
2162,2162,7235,東京ラヂエーター製造(株),東証STD,"1,600",+7,0.44,"29,800",2026/08/14
2163,2163,7621,(株)うかい,東証STD,"3,410",+15,0.44,600,2026/08/14
2164,2164,9890,(株)マキヤ,東証STD,"1,361",+6,0.44,"6,200",2026/08/14
2165,2165,1592,上場インデックス JPX日経インデックス400,東証ETF,"3,488",+15,0.43,"3,697",2026/08/14
2166,2166,1657,iシェアーズ･コア MSCI 先進国株(除く日本)ETF,東証ETF,"7,438",+32,0.43,556,2026/08/14
2167,2167,250A,シマダヤ(株),東証STD,"1,640",+7,0.43,"20,000",2026/08/14
2168,2168,3501,ＳＵＭＩＮＯＥ(株),東証PRM,"1,180",+5,0.43,"19,200",2026/08/14
2169,2169,399A,上場インデックスファンド日経平均高配当株50,東証ETF,"2,339",+10,0.43,"15,264",2026/08/14
2170,2170,4016,ＭＩＴホールディングス(株),東証STD,944,+4,0.43,"5,100",2026/08/14
2171,2171,7561,(株)ハークスレイホールディングス,東証STD,700,+3,0.43,"14,600",2026/08/14
2172,2172,7888,三光合成(株),東証PRM,931,+4,0.43,"100,300",2026/08/14
2173,2173,8931,和田興産(株),東証STD,"1,408",+6,0.43,"4,700",2026/08/14
2174,2174,9812,(株)テーオーホールディングス,東証STD,234,+1,0.43,"2,700",2026/08/14
2175,2175,1474,One ETF JPX日経400,東証ETF,"38,410",+160,0.42,6,2026/08/14
2176,2176,1599,iFreeETF JPX日経400,東証ETF,"38,610",+160,0.42,12,2026/08/14
2177,2177,183A,MAXIS 米国国債20年超上場投信(H有),東証ETF,429.4,+1.8,0.42,20,2026/08/14
2178,2178,1951,エクシオグループ(株),東証PRM,"2,632.5",+11,0.42,"453,100",2026/08/14
2179,2179,2004,昭和産業(株),東証PRM,"3,605",+15,0.42,"40,000",2026/08/14
2180,2180,2529,(NEXT FUNDS)野村株主還元70連動型上場投信,東証ETF,"2,389",+10,0.42,"3,099",2026/08/14
2181,2181,2558,MAXIS 米国株式(S&P500)上場投信,東証ETF,"3,569",+15,0.42,"162,705",2026/08/14
2182,2182,2792,(株)ハニーズホールディングス,東証PRM,"1,433",+6,0.42,"65,900",2026/08/14
2183,2183,4102,丸尾カルシウム(株),東証STD,"1,448",+6,0.42,400,2026/08/14
2184,2184,4642,オリジナル設計(株),東証STD,"1,425",+6,0.42,"1,800",2026/08/14
2185,2185,6255,(株)エヌ・ピー・シー,東証GRT,725,+3,0.42,"108,800",2026/08/14
2186,2186,6417,(株)ＳＡＮＫＹＯ,東証PRM,"1,931",+8,0.42,"924,800",2026/08/14
2187,2187,6518,三相電機(株),東証STD,"1,892",+8,0.42,"6,400",2026/08/14
2188,2188,7220,武蔵精密工業(株),東証PRM,"3,625",+15,0.42,"597,600",2026/08/14
2189,2189,7453,(株)良品計画,東証PRM,"4,499",+19,0.42,"2,875,100",2026/08/14
2190,2190,7551,(株)ウェッズ,東証STD,713,+3,0.42,"3,000",2026/08/14
2191,2191,7613,シークス(株),東証PRM,"1,661",+7,0.42,"249,100",2026/08/14
2192,2192,8421,信金中央金庫,東証,"190,700",+800,0.42,202,2026/08/14
2193,2193,1450,ＴＡＮＡＫＥＮ(株),東証STD,"1,458",+6,0.41,"1,800",2026/08/14
2194,2194,1494,One ETF 高配当日本株,東証ETF,"43,970",+180,0.41,476,2026/08/14
2195,2195,237A,iシェアーズ 米国債25年超 ロングデュレーション,東証ETF,146.9,+0.6,0.41,"190,250",2026/08/14
2196,2196,2384,ＳＢＳホールディングス(株),東証PRM,"4,865",+20,0.41,"50,700",2026/08/14
2197,2197,331A,(株)メディックス,東証STD,495,+2,0.41,"4,600",2026/08/14
2198,2198,3931,(株)バリューゴルフ,東証GRT,"1,487",+6,0.41,"1,100",2026/08/14
2199,2199,401A,霞ヶ関ホテルリート投資法人,東証,"96,800",+400,0.41,998,2026/08/14
2200,2200,4095,日本パーカライジング(株),東証PRM,"1,734",+7,0.41,"272,000",2026/08/14
2201,2201,4187,大阪有機化学工業(株),東証PRM,"4,940",+20,0.41,"139,400",2026/08/14
2202,2202,4235,ウルトラファブリックス・ホールディングス(株),東証STD,727,+3,0.41,"51,200",2026/08/14
2203,2203,4287,(株)ジャストプランニング,東証STD,494,+2,0.41,"9,000",2026/08/14
2204,2204,4760,(株)アルファ,東証STD,"1,726",+7,0.41,"3,100",2026/08/14
2205,2205,4956,コニシ(株),東証PRM,"1,468",+6,0.41,"62,600",2026/08/14
2206,2206,4977,新田ゼラチン(株),東証STD,"1,232",+5,0.41,"30,800",2026/08/14
2207,2207,5909,(株)コロナ,東証STD,982,+4,0.41,"24,300",2026/08/14
2208,2208,6505,東洋電機製造(株),東証STD,"2,428",+10,0.41,"26,400",2026/08/14
2209,2209,8944,(株)ランドビジネス,東証STD,246,+1,0.41,"12,500",2026/08/14
2210,2210,9072,ニッコンホールディングス(株),東証PRM,"5,386",+22,0.41,"107,200",2026/08/14
2211,2211,1380,(株)秋川牧園,東証STD,"1,004",+4,0.4,"1,100",2026/08/14
2212,2212,1716,第一カッター興業(株),東証STD,"1,495",+6,0.4,"55,300",2026/08/14
2213,2213,1878,大東建託(株),東証PRM,"3,237",+13,0.4,"1,742,800",2026/08/14
2214,2214,2236,GX S&P500配当貴族,東証ETF,"1,521",+6,0.4,"61,565",2026/08/14
2215,2215,2639,GX バイオ＆メドテック-日本株式,東証ETF,"1,765",+7,0.4,"21,923",2026/08/14
2216,2216,2984,ヤマイチエステート(株),東証STD,762,+3,0.4,"19,000",2026/08/14
2217,2217,3140,ＢＲＵＮＯ(株),東証GRT,"1,013",+4,0.4,"13,000",2026/08/14
2218,2218,4524,森下仁丹(株),東証STD,"2,247",+9,0.4,"1,400",2026/08/14
2219,2219,5906,エムケー精工(株),東証STD,748,+3,0.4,"9,300",2026/08/14
2220,2220,6203,豊和工業(株),東証STD,"1,507",+6,0.4,"143,600",2026/08/14
2221,2221,6493,(株)ＮＩＴＴＡＮ,東証STD,508,+2,0.4,"37,900",2026/08/14
2222,2222,6668,(株)アドテック　プラズマ　テクノロジー,東証STD,"3,720",+15,0.4,"53,600",2026/08/14
2223,2223,7525,リックス(株),東証PRM,"3,720",+15,0.4,"10,600",2026/08/14
2224,2224,8153,(株)モスフードサービス,東証PRM,"3,795",+15,0.4,"89,700",2026/08/14
2225,2225,9235,売れるネット広告社グループ(株),東証GRT,503,+2,0.4,"41,900",2026/08/14
2226,2226,9326,関通ホールディングス(株),東証GRT,501,+2,0.4,"15,200",2026/08/14
2227,2227,9882,(株)イエローハット,東証PRM,"1,761",+7,0.4,"124,500",2026/08/14
2228,2228,1348,MAXIS トピックス上場投信,東証ETF,"4,353",+17,0.39,"46,070",2026/08/14
2229,2229,1577,(NEXT FUNDS)野村日本株高配当70連動型ETF,東証ETF,"59,930",+230,0.39,"2,238",2026/08/14
2230,2230,1802,(株)大林組,東証PRM,"3,051",+12,0.39,"2,645,500",2026/08/14
2231,2231,2327,日鉄ソリューションズ(株),東証PRM,"3,837",+15,0.39,"223,800",2026/08/14
2232,2232,4406,新日本理化(株),東証STD,256,+1,0.39,"576,800",2026/08/14
2233,2233,7186,(株)横浜フィナンシャルグループ,東証PRM,"1,934.5",+7.5,0.39,"4,067,200",2026/08/14
2234,2234,7459,(株)メディパルホールディングス,東証PRM,"2,827.5",+11,0.39,"401,300",2026/08/14
2235,2235,7606,(株)ユナイテッドアローズ,東証PRM,"2,563",+10,0.39,"205,600",2026/08/14
2236,2236,7634,(株)星医療酸器,東証STD,"5,130",+20,0.39,200,2026/08/14
2237,2237,7896,セブン工業(株),東証STD,510,+2,0.39,"1,400",2026/08/14
2238,2238,7912,大日本印刷(株),東証PRM,"3,315",+13,0.39,"1,396,500",2026/08/14
2239,2239,8218,(株)コメリ,東証PRM,"3,885",+15,0.39,"69,300",2026/08/14
2240,2240,9835,(株)ジュンテンドー,東証STD,515,+2,0.39,"1,700",2026/08/14
2241,2241,201A,iシェアーズ Nifty 50 インド株 ETF,東証ETF,184.4,+0.7,0.38,"28,020",2026/08/14
2242,2242,2039,NEXT NOTES ドバイ原油先物 ベア ETN,東証ETF,529,+2,0.38,"67,736",2026/08/14
2243,2243,2209,井村屋グループ(株),東証PRM,"2,377",+9,0.38,"23,600",2026/08/14
2244,2244,3562,(株)Ｎｏ．１,東証STD,"1,599",+6,0.38,"27,500",2026/08/14
2245,2245,6741,日本信号(株),東証PRM,"1,859",+7,0.38,"157,300",2026/08/14
2246,2246,7255,(株)桜井製作所,東証STD,526,+2,0.38,"4,600",2026/08/14
2247,2247,7972,(株)イトーキ,東証PRM,"2,672",+10,0.38,"193,200",2026/08/14
2248,2248,8060,キヤノンマーケティングジャパン(株),東証PRM,"3,696",+14,0.38,"223,400",2026/08/14
2249,2249,9976,(株)セキチュー,東証STD,"1,056",+4,0.38,400,2026/08/14
2250,2250,1329,iシェアーズ・コア 日経225ETF,東証ETF,"7,106",+26,0.37,"542,699",2026/08/14
2251,2251,1979,(株)大気社,東証PRM,"4,080",+15,0.37,"335,300",2026/08/14
2252,2252,2449,(株)プラップジャパン,東証STD,"1,093",+4,0.37,"8,000",2026/08/14
2253,2253,352A,(株)ＬＯＩＶＥ,東証GRT,542,+2,0.37,"10,100",2026/08/14
2254,2254,3913,ＧｒｅｅｎＢｅｅ(株),東証STD,"1,076",+4,0.37,"52,500",2026/08/14
2255,2255,4224,ロンシール工業(株),東証STD,"2,155",+8,0.37,"9,900",2026/08/14
2256,2256,4250,(株)フロンティア,福岡Q,542,+2,0.37,500,2026/08/14
2257,2257,5871,ＳＯＬＩＺＥ　Ｈｏｌｄｉｎｇｓ(株),東証STD,"1,340",+5,0.37,"6,100",2026/08/14
2258,2258,6907,ジオマテック(株),東証STD,808,+3,0.37,"55,400",2026/08/14
2259,2259,7140,ペットゴー(株),東証GRT,804,+3,0.37,"2,000",2026/08/14
2260,2260,8977,阪急阪神リート投資法人,東証,"135,400",+500,0.37,"1,296",2026/08/14
2261,2261,9069,センコーグループホールディングス(株),東証PRM,"2,305",+8.5,0.37,"364,100",2026/08/14
2262,2262,2305,(株)スタジオアリス,東証STD,"1,947",+7,0.36,"22,100",2026/08/14
2263,2263,2559,MAXIS 全世界株式(オール・カントリー)上場投信,東証ETF,"3,045",+11,0.36,"294,220",2026/08/14
2264,2264,2864,GX ロジスティクス・REIT,東証ETF,"1,403",+5,0.36,32,2026/08/14
2265,2265,3787,(株)テクノマセマティカル,東証STD,280,+1,0.36,"15,900",2026/08/14
2266,2266,3910,(株)エムケイシステム,東証STD,275,+1,0.36,"4,600",2026/08/14
2267,2267,4890,(株)坪田ラボ,東証GRT,277,+1,0.36,"26,300",2026/08/14
2268,2268,5184,(株)ニチリン,東証STD,"4,160",+15,0.36,"12,500",2026/08/14
2269,2269,7061,日本ホスピスホールディングス(株),東証GRT,560,+2,0.36,"69,100",2026/08/14
2270,2270,7177,ＧＭＯフィナンシャルホールディングス(株),東証STD,"1,102",+4,0.36,"201,300",2026/08/14
2271,2271,7502,(株)プラザホールディングス,東証STD,"1,668",+6,0.36,"1,100",2026/08/14
2272,2272,8014,蝶理(株),東証PRM,"4,155",+15,0.36,"36,100",2026/08/14
2273,2273,8699,ＨＳホールディングス(株),東証STD,"1,130",+4,0.36,"48,500",2026/08/14
2274,2274,9906,藤井産業(株),東証STD,"4,165",+15,0.36,"1,100",2026/08/14
2275,2275,2513,(NEXT FUNDS)外国株式･MSCI-KOKUSAI(H無),東証ETF,"3,681",+13,0.35,"48,368",2026/08/14
2276,2276,280A,(株)ＴＭＨ,東証GRT,"1,153",+4,0.35,"56,500",2026/08/14
2277,2277,3030,(株)ハブ,東証STD,853,+3,0.35,"10,800",2026/08/14
2278,2278,3190,(株)ホットマン,東証STD,579,+2,0.35,"1,200",2026/08/14
2279,2279,364A,(NEXT FUNDS) S&P500 配当貴族指数連動型上場投信,東証ETF,"2,574",+9,0.35,"18,899",2026/08/14
2280,2280,5187,クリエートメディック(株),東証STD,"1,148",+4,0.35,"7,600",2026/08/14
2281,2281,6104,芝浦機械(株),東証PRM,"4,255",+15,0.35,"148,800",2026/08/14
2282,2282,6523,ＰＨＣホールディングス(株),東証PRM,"1,415",+5,0.35,"637,400",2026/08/14
2283,2283,7064,(株)ハウテレビジョン,東証STD,869,+3,0.35,"1,600",2026/08/14
2284,2284,7075,(株)ＱＬＳホールディングス,東証GRT,853,+3,0.35,"5,500",2026/08/14
2285,2285,7093,アディッシュ(株),東証GRT,567,+2,0.35,"4,100",2026/08/14
2286,2286,7357,(株)ジオコード,東証STD,"1,715",+6,0.35,"3,600",2026/08/14
2287,2287,7649,スギホールディングス(株),東証PRM,"2,835",+10,0.35,"751,100",2026/08/14
2288,2288,9142,九州旅客鉄道(株),東証PRM,"3,487",+12,0.35,"874,400",2026/08/14
2289,2289,9791,(株)ビケンテクノ,東証STD,"1,158",+4,0.35,"5,000",2026/08/14
2290,2290,9843,(株)ニトリホールディングス,東証PRM,"2,983",+10.5,0.35,"4,285,800",2026/08/14
2291,2291,1364,ｉシェアーズ JPX日経400 ETF,東証ETF,"3,881",+13,0.34,"19,794",2026/08/14
2292,2292,1870,矢作建設工業(株),東証PRM,"2,068",+7,0.34,"89,900",2026/08/14
2293,2293,188A,GX インド・トップ10+,東証ETF,893,+3,0.34,"3,614",2026/08/14
2294,2294,2514,(NEXT FUNDS)外国株式･MSCI-KOKUSAI(H有),東証ETF,"2,081",+7,0.34,366,2026/08/14
2295,2295,2810,ハウス食品グループ本社(株),東証PRM,"3,790",+13,0.34,"217,300",2026/08/14
2296,2296,3107,ダイワボウホールディングス(株),東証PRM,"3,790",+13,0.34,"248,400",2026/08/14
2297,2297,3248,(株)アールエイジ,東証STD,885,+3,0.34,"1,100",2026/08/14
2298,2298,3634,(株)ソケッツ,東証STD,589,+2,0.34,"1,700",2026/08/14
2299,2299,3682,エンカレッジ・テクノロジ(株),東証STD,583,+2,0.34,"16,000",2026/08/14
2300,2300,3853,アステリア(株),東証PRM,"1,174",+4,0.34,"2,926,900",2026/08/14
2301,2301,472A,(株)ミラティブ,東証GRT,591,+2,0.34,"401,700",2026/08/14
2302,2302,4736,日本ラッド(株),東証STD,590,+2,0.34,100,2026/08/14
2303,2303,4827,ビジネス・ワンホールディングス(株),福岡Q,891,+3,0.34,700,2026/08/14
2304,2304,496A,One ETF 日本国債 17-20年,東証ETF,939.3,+3.2,0.34,620,2026/08/14
2305,2305,6346,キクカワエンタープライズ(株),東証STD,"5,820",+20,0.34,100,2026/08/14
2306,2306,7487,小津産業(株),東証STD,"1,790",+6,0.34,"3,800",2026/08/14
2307,2307,8354,(株)ふくおかフィナンシャルグループ,東証PRM,"7,730",+26,0.34,"874,000",2026/08/14
2308,2308,8707,岩井コスモホールディングス(株),東証PRM,"4,430",+15,0.34,"86,600",2026/08/14
2309,2309,2607,不二製油(株),東証PRM,"4,546",+15,0.33,"311,400",2026/08/14
2310,2310,2798,(株)ワイズテーブルコーポレーション,東証STD,"3,065",+10,0.33,"2,100",2026/08/14
2311,2311,2907,(株)あじかん,東証STD,"1,523",+5,0.33,"2,000",2026/08/14
2312,2312,3306,日本製麻(株),東証STD,600,+2,0.33,"67,700",2026/08/14
2313,2313,3469,(株)デュアルタップ,東証STD,903,+3,0.33,"2,300",2026/08/14
2314,2314,417A,(株)ブルーゾーンホールディングス,東証PRM,"1,800",+6,0.33,"227,400",2026/08/14
2315,2315,435A,iFreeETF 日本株配当ローテーション戦略,東証ETF,"2,734",+9,0.33,"106,065",2026/08/14
2316,2316,4554,富士製薬工業(株),東証PRM,"1,851",+6,0.33,"62,500",2026/08/14
2317,2317,6091,(株)ウエスコホールディングス,東証STD,919,+3,0.33,"12,500",2026/08/14
2318,2318,6785,(株)鈴木,東証PRM,"3,065",+10,0.33,"53,200",2026/08/14
2319,2319,8074,(株)ＹＵＡＳＡ,東証PRM,"6,040",+20,0.33,"26,900",2026/08/14
2320,2320,1438,(株)岐阜造園,東証STD,"2,187",+7,0.32,"1,500",2026/08/14
2321,2321,1566,上場インデックスファンド新興国債券,東証ETF,"54,030",+170,0.32,65,2026/08/14
2322,2322,3048,(株)ビックカメラ,東証PRM,"1,727.5",+5.5,0.32,"986,100",2026/08/14
2323,2323,3175,(株)エー・ピーホールディングス,東証STD,949,+3,0.32,"7,400",2026/08/14
2324,2324,353A,エレベーターコミュニケーションズ(株),福証,"1,545",+5,0.32,"1,100",2026/08/14
2325,2325,467A,GX 米ドル建て投資適格社債(H有),東証ETF,280.1,+0.9,0.32,670,2026/08/14
2326,2326,4755,楽天グループ(株),東証PRM,763.8,+2.4,0.32,"25,883,100",2026/08/14
2327,2327,534A,NZAM 上場投信 NASDAQ100(H無),東証ETF,"2,473",+8,0.32,11,2026/08/14
2328,2328,5491,日本金属(株),東証STD,935,+3,0.32,"24,100",2026/08/14
2329,2329,6486,イーグル工業(株),東証PRM,"3,095",+10,0.32,"89,200",2026/08/14
2330,2330,6533,(株)Ｏｒｃｈｅｓｔｒａ　Ｈｏｌｄｉｎｇｓ,東証PRM,"1,263",+4,0.32,"51,500",2026/08/14
2331,2331,7378,(株)アシロ,東証GRT,"1,550",+5,0.32,"9,500",2026/08/14
2332,2332,7630,(株)壱番屋,東証PRM,937,+3,0.32,"304,400",2026/08/14
2333,2333,7741,ＨＯＹＡ(株),東証PRM,"26,645",+85,0.32,"860,600",2026/08/14
2334,2334,7943,ニチハ(株),東証PRM,"3,135",+10,0.32,"53,000",2026/08/14
2335,2335,8005,(株)スクロール,東証PRM,"1,881",+6,0.32,"185,100",2026/08/14
2336,2336,8141,新光商事(株),東証PRM,"1,570",+5,0.32,"25,000",2026/08/14
2337,2337,8706,極東証券(株),東証PRM,"1,858",+6,0.32,"151,300",2026/08/14
2338,2338,9214,Ｒｅｃｏｖｅｒｙ　Ｉｎｔｅｒｎａｔｉｏｎａｌ(株),東証GRT,"1,271",+4,0.32,800,2026/08/14
2339,2339,9282,いちごグリーンインフラ投資法人,東証,"47,150",+150,0.32,39,2026/08/14
2340,2340,9543,静岡ガス(株),東証PRM,"1,251",+4,0.32,"143,700",2026/08/14
2341,2341,9827,リリカラ(株),東証STD,633,+2,0.32,"21,700",2026/08/14
2342,2342,3031,(株)ラクーンホールディングス,東証PRM,644,+2,0.31,"77,300",2026/08/14
2343,2343,3092,(株)ＺＯＺＯ,東証PRM,"1,141",+3.5,0.31,"2,301,600",2026/08/14
2344,2344,4678,(株)秀英予備校,東証STD,323,+1,0.31,"2,200",2026/08/14
2345,2345,4985,アース製薬(株),東証PRM,"4,840",+15,0.31,"44,900",2026/08/14
2346,2346,5079,(株)ノバック,東証STD,"2,600",+8,0.31,"1,700",2026/08/14
2347,2347,6349,(株)小森コーポレーション,東証PRM,"1,916",+6,0.31,"125,600",2026/08/14
2348,2348,6633,(株)ＣＧＳホールディングス,東証STD,320,+1,0.31,"7,100",2026/08/14
2349,2349,7874,レック(株),東証PRM,959,+3,0.31,"53,800",2026/08/14
2350,2350,8308,(株)りそなホールディングス,東証PRM,"2,454",+7.5,0.31,"9,788,800",2026/08/14
2351,2351,9324,安田倉庫(株),東証PRM,"2,560",+8,0.31,"91,200",2026/08/14
2352,2352,9869,加藤産業(株),東証PRM,"6,480",+20,0.31,"19,300",2026/08/14
2353,2353,1449,(株)ＦＵＪＩジャパン,札証,330,+1,0.3,300,2026/08/14
2354,2354,1695,WisdomTree 小麦上場投信,東証ETF,"3,377",+10,0.3,"8,346",2026/08/14
2355,2355,2032,NEXT NOTES 香港ハンセン･ベアETN,東証ETF,"6,098",+18,0.3,6,2026/08/14
2356,2356,2659,(株)サンエー,東証PRM,"3,330",+10,0.3,"104,500",2026/08/14
2357,2357,2934,ジェイフロンティア(株),東証GRT,"2,000",+6,0.3,"24,100",2026/08/14
2358,2358,3139,(株)ラクト・ジャパン,東証PRM,"3,375",+10,0.3,"21,400",2026/08/14
2359,2359,3935,(株)エディア,東証STD,676,+2,0.3,"47,100",2026/08/14
2360,2360,3987,エコモット(株),東証GRT,660,+2,0.3,"14,100",2026/08/14
2361,2361,465A,GX 日経平均株主還元40-日本株式,東証ETF,"1,320",+4,0.3,"7,303",2026/08/14
2362,2362,5406,(株)神戸製鋼所,東証PRM,"1,986",+6,0.3,"1,382,000",2026/08/14
2363,2363,612A,One ETF 日本国債先物逆連動指数,東証ETF,"10,000",+30,0.3,10,2026/08/14
2364,2364,9533,東邦ガス(株),東証PRM,"1,175",+3.5,0.3,"845,800",2026/08/14
2365,2365,9942,(株)ジョイフル,福証,"1,331",+4,0.3,"10,700",2026/08/14
2366,2366,1718,美樹工業(株),東証STD,"6,830",+20,0.29,700,2026/08/14
2367,2367,1942,(株)関電工,東証PRM,"5,520",+16,0.29,"928,100",2026/08/14
2368,2368,2281,プリマハム(株),東証PRM,"2,404",+7,0.29,"104,300",2026/08/14
2369,2369,2685,(株)アンドエスティＨＤ,東証PRM,"3,450",+10,0.29,"247,600",2026/08/14
2370,2370,3249,産業ファンド投資法人,東証,"136,900",+400,0.29,"4,959",2026/08/14
2371,2371,3405,(株)クラレ,東証PRM,"1,881.5",+5.5,0.29,"1,872,800",2026/08/14
2372,2372,3455,ヘルスケア＆メディカル投資法人,東証,"104,400",+300,0.29,988,2026/08/14
2373,2373,3648,ＡＧＳ(株),東証STD,"1,051",+3,0.29,"20,600",2026/08/14
2374,2374,3908,(株)コラボス,東証STD,350,+1,0.29,"2,300",2026/08/14
2375,2375,518A,(NEXTFUNDS) FTSE日本株高配当キャッシュフロー50,東証ETF,"2,064",+6,0.29,"3,085",2026/08/14
2376,2376,6087,(株)アビスト,東証STD,"3,505",+10,0.29,"2,600",2026/08/14
2377,2377,6908,イリソ電子工業(株),東証PRM,"2,796",+8,0.29,"125,600",2026/08/14
2378,2378,8708,アイザワ証券グループ(株),東証PRM,"1,730",+5,0.29,"154,800",2026/08/14
2379,2379,9514,(株)エフオン,東証STD,347,+1,0.29,"124,400",2026/08/14
2380,2380,9709,ＮＣＳ＆Ａ(株),東証STD,"1,398",+4,0.29,"6,300",2026/08/14
2381,2381,2722,(株)ＩＫホールディングス,東証STD,358,+1,0.28,"4,300",2026/08/14
2382,2382,2838,MAXIS 米国国債7-10年上場投信(H無),東証ETF,"8,731",+24,0.28,72,2026/08/14
2383,2383,3417,大木ヘルスケアホールディングス(株),東証STD,"1,060",+3,0.28,"4,200",2026/08/14
2384,2384,367A,プリモグローバルホールディングス(株),東証STD,"2,840",+8,0.28,"54,800",2026/08/14
2385,2385,3963,(株)シンクロ・フード,東証PRM,361,+1,0.28,"57,400",2026/08/14
2386,2386,4005,住友化学(株),東証PRM,530.5,+1.5,0.28,"12,997,500",2026/08/14
2387,2387,4012,(株)アクシス,東証STD,"1,775",+5,0.28,"3,100",2026/08/14
2388,2388,4429,リックソフト(株),東証GRT,722,+2,0.28,800,2026/08/14
2389,2389,4488,ＡＩ　ｉｎｓｉｄｅ(株),東証GRT,"2,145",+6,0.28,"21,900",2026/08/14
2390,2390,4694,(株)ビー・エム・エル,東証PRM,"3,585",+10,0.28,"30,300",2026/08/14
2391,2391,4932,(株)アルマード,東証STD,725,+2,0.28,"8,500",2026/08/14
2392,2392,5334,日本特殊陶業(株),東証PRM,"9,730",+27,0.28,"775,300",2026/08/14
2393,2393,6919,ケル(株),東証STD,"1,445",+4,0.28,"11,200",2026/08/14
2394,2394,7126,グローバルスタイル(株),東証STD,"1,415",+4,0.28,"2,700",2026/08/14
2395,2395,8387,(株)四国銀行,東証PRM,"3,545",+10,0.28,"137,200",2026/08/14
2396,2396,8595,ジャフコ　グループ(株),東証PRM,"2,296",+6.5,0.28,"291,200",2026/08/14
2397,2397,9312,ケイヒン(株),東証STD,"2,860",+8,0.28,"4,600",2026/08/14
2398,2398,9601,松竹(株),東証PRM,"10,830",+30,0.28,"30,200",2026/08/14
2399,2399,9948,(株)アークス,東証PRM,"3,575",+10,0.28,"52,200",2026/08/14
2400,2400,2040,NEXT NOTES NYダウ･ダブル･ブル･ドルヘッジ ETN,東証ETF,"40,570",+110,0.27,112,2026/08/14
2401,2401,2804,ブルドックソース(株),東証PRM,"1,836",+5,0.27,"21,700",2026/08/14
2402,2402,3435,サンコーテクノ(株),東証STD,"1,465",+4,0.27,"3,200",2026/08/14
2403,2403,3607,(株)クラウディアホールディングス,東証STD,366,+1,0.27,"8,900",2026/08/14
2404,2404,5210,日本山村硝子(株),東証STD,"2,988",+8,0.27,"55,000",2026/08/14
2405,2405,564A,GX S&P先進国キャッシュフロー・トップ100,東証ETF,"1,119",+3,0.27,210,2026/08/14
2406,2406,585A,日本バリュー・ボトムアップ株式投資戦略,東証ETF,"1,103",+3,0.27,473,2026/08/14
2407,2407,6073,(株)アサンテ,東証PRM,"1,508",+4,0.27,"12,200",2026/08/14
2408,2408,6185,ＳＭＮ(株),東証STD,372,+1,0.27,"2,100",2026/08/14
2409,2409,6923,スタンレー電気(株),東証PRM,"3,658",+10,0.27,"438,000",2026/08/14
2410,2410,7927,ムトー精工(株),東証STD,"2,217",+6,0.27,"9,200",2026/08/14
2411,2411,8804,東京建物(株),東証PRM,"3,383",+9,0.27,"831,200",2026/08/14
2412,2412,8961,森トラストリート投資法人,東証,"74,400",+200,0.27,"4,242",2026/08/14
2413,2413,1593,MAXIS JPX日経インデックス400上場投信,東証ETF,"39,010",+100,0.26,"2,185",2026/08/14
2414,2414,1630,(NEXT FUNDS)小売上場投信,東証ETF,"38,700",+100,0.26,227,2026/08/14
2415,2415,1764,工藤建設(株),東証STD,"2,707",+7,0.26,700,2026/08/14
2416,2416,2172,(株)インサイト,札証,381,+1,0.26,200,2026/08/14
2417,2417,3028,(株)アルペン,東証PRM,"2,358",+6,0.26,"102,100",2026/08/14
2418,2418,3384,(株)アークコア,名証NXT,757,+2,0.26,900,2026/08/14
2419,2419,4439,(株)東名,東証STD,771,+2,0.26,"5,900",2026/08/14
2420,2420,4538,扶桑薬品工業(株),東証PRM,"2,274",+6,0.26,"25,500",2026/08/14
2421,2421,4553,東和薬品(株),東証PRM,"3,795",+10,0.26,"104,200",2026/08/14
2422,2422,5984,兼房(株),東証STD,757,+2,0.26,"12,000",2026/08/14
2423,2423,6653,(株)正興電機製作所,東証PRM,"2,277",+6,0.26,"48,600",2026/08/14
2424,2424,7034,(株)プロレド・パートナーズ,東証PRM,382,+1,0.26,"18,300",2026/08/14
2425,2425,7265,エイケン工業(株),東証STD,"3,880",+10,0.26,800,2026/08/14
2426,2426,8125,(株)ワキタ,東証PRM,"1,936",+5,0.26,"93,100",2026/08/14
2427,2427,8584,(株)ジャックス,東証PRM,"3,790",+10,0.26,"70,000",2026/08/14
2428,2428,9254,(株)ラバブルマーケティンググループ,東証GRT,"1,171",+3,0.26,"2,600",2026/08/14
2429,2429,9273,コーア商事ホールディングス(株),東証PRM,782,+2,0.26,"59,900",2026/08/14
2430,2430,9757,(株)船井総研ホールディングス,東証PRM,"1,145",+3,0.26,"197,600",2026/08/14
2431,2431,1546,(NEXT FUNDS)ダウ･ジョーンズ工業株30種(H無),東証ETF,"83,270",+210,0.25,652,2026/08/14
2432,2432,2554,(NEXT FUNDS)米国投資適格社債(1-10年)(H有),東証ETF,751.6,+1.9,0.25,570,2026/08/14
2433,2433,257A,SMT ETF日本株厳選投資アクティブ,東証ETF,"3,562",+9,0.25,238,2026/08/14
2434,2434,2669,カネ美食品(株),東証STD,"3,995",+10,0.25,"4,500",2026/08/14
2435,2435,3481,三菱地所物流リート投資法人,東証,"119,700",+300,0.25,"2,851",2026/08/14
2436,2436,3498,霞ヶ関キャピタル(株),東証PRM,"8,130",+20,0.25,"223,900",2026/08/14
2437,2437,476A,辻・本郷ＩＴコンサルティング(株),東証STD,"1,619",+4,0.25,"4,100",2026/08/14
2438,2438,6455,(株)モリタホールディングス,東証PRM,"2,367",+6,0.25,"38,500",2026/08/14
2439,2439,6748,星和電機(株),東証STD,797,+2,0.25,"21,700",2026/08/14
2440,2440,7962,(株)キングジム,東証PRM,816,+2,0.25,"31,100",2026/08/14
2441,2441,9831,(株)ヤマダホールディングス,東証PRM,692.9,+1.7,0.25,"3,834,300",2026/08/14
2442,2442,2982,(株)ＡＤワークスグループ,東証PRM,425,+1,0.24,"322,600",2026/08/14
2443,2443,3296,日本リート投資法人,東証,"82,200",+200,0.24,"3,264",2026/08/14
2444,2444,3979,(株)うるる,東証GRT,416,+1,0.24,"17,700",2026/08/14
2445,2445,3981,(株)ビーグリー,東証STD,"1,237",+3,0.24,"3,500",2026/08/14
2446,2446,4540,(株)ツムラ,東証PRM,"3,752",+9,0.24,"347,900",2026/08/14
2447,2447,5388,クニミネ工業(株),東証STD,"1,272",+3,0.24,"1,700",2026/08/14
2448,2448,573A,iシェアーズ 日本国債20年超,東証ETF,494.6,+1.2,0.24,"16,920",2026/08/14
2449,2449,7327,(株)第四北越フィナンシャルグループ,東証PRM,"2,500",+6,0.24,"1,071,900",2026/08/14
2450,2450,9249,日本エコシステム(株),東証STD,"1,648",+4,0.24,"2,600",2026/08/14
2451,2451,2622,iシェアーズ 米ドル建て新興国債券(H有),東証ETF,"1,711",+4,0.23,266,2026/08/14
2452,2452,2818,(株)ピエトロ,東証STD,"1,759",+4,0.23,"1,700",2026/08/14
2453,2453,3288,(株)オープンハウスグループ,東証PRM,"8,247",+19,0.23,"308,600",2026/08/14
2454,2454,3360,シップヘルスケアホールディングス(株),東証PRM,"2,358",+5.5,0.23,"220,400",2026/08/14
2455,2455,3361,(株)トーエル,東証STD,875,+2,0.23,"1,400",2026/08/14
2456,2456,5268,旭コンクリート工業(株),東証STD,870,+2,0.23,"9,900",2026/08/14
2457,2457,6436,アマノ(株),東証PRM,"3,876",+9,0.23,"295,600",2026/08/14
2458,2458,7944,ローランド(株),東証PRM,"4,310",+10,0.23,"103,300",2026/08/14
2459,2459,8585,(株)オリエントコーポレーション,東証PRM,874,+2,0.23,"336,700",2026/08/14
2460,2460,8622,水戸証券(株),東証PRM,862,+2,0.23,"379,000",2026/08/14
2461,2461,9219,(株)ギックス,東証GRT,881,+2,0.23,"7,700",2026/08/14
2462,2462,9687,(株)ＫＳＫ,東証STD,"4,415",+10,0.23,300,2026/08/14
2463,2463,9763,丸建リース(株),東証STD,"1,325",+3,0.23,"22,200",2026/08/14
2464,2464,2525,NZAM 上場投信 日経225,東証ETF,"69,110",+150,0.22,"2,142",2026/08/14
2465,2465,25935,(株)伊藤園第1種優先株式,東証PRM,"1,795",+4,0.22,"11,100",2026/08/14
2466,2466,2647,(NEXT FUNDS)ブルームバーグ米国国債(7-10年)(H無),東証ETF,"5,914",+13,0.22,462,2026/08/14
2467,2467,2851,iシェアーズ MSCI ジャパンSRI,東証ETF,410.1,+0.9,0.22,"1,220",2026/08/14
2468,2468,3370,(株)フジタコーポレーション,東証STD,466,+1,0.22,"5,600",2026/08/14
2469,2469,486A,(NEXT FUNDS) ユーロ・ストックス50(H無),東証ETF,"2,305",+5,0.22,"1,720",2026/08/14
2470,2470,5071,(株)ヴィス,東証STD,"1,359",+3,0.22,"5,100",2026/08/14
2471,2471,6143,(株)ソディック,東証PRM,"1,788",+4,0.22,"365,200",2026/08/14
2472,2472,7683,(株)ダブルエー,東証PRM,"1,392",+3,0.22,"25,500",2026/08/14
2473,2473,8425,みずほリース(株),東証PRM,"1,359",+3,0.22,"473,600",2026/08/14
2474,2474,9059,カンダホールディングス(株),東証STD,907,+2,0.22,"4,100",2026/08/14
2475,2475,9625,(株)セレスポ,東証STD,931,+2,0.22,"12,600",2026/08/14
2476,2476,1938,日本リーテック(株),東証PRM,"2,441",+5,0.21,"75,200",2026/08/14
2477,2477,2136,(株)ヒップ,東証STD,"1,411",+3,0.21,800,2026/08/14
2478,2478,3512,日本フエルト(株),東証STD,969,+2,0.21,"15,700",2026/08/14
2479,2479,4816,東映アニメーション(株),東証STD,"2,828",+6,0.21,"368,200",2026/08/14
2480,2480,6286,靜甲(株),東証STD,"1,453",+3,0.21,"3,500",2026/08/14
2481,2481,7043,アルー(株),東証GRT,949,+2,0.21,"3,700",2026/08/14
2482,2482,7782,(株)シンシア,東証STD,472,+1,0.21,"2,800",2026/08/14
2483,2483,7906,ヨネックス(株),東証STD,"2,830",+6,0.21,"710,700",2026/08/14
2484,2484,8975,いちごオフィスリート投資法人,東証,"94,500",+200,0.21,"2,234",2026/08/14
2485,2485,9286,エネクス・インフラ投資法人,東証,"47,800",+100,0.21,446,2026/08/14
2486,2486,1904,大成温調(株),東証STD,"5,120",+10,0.2,"6,200",2026/08/14
2487,2487,2046,NEXT NOTES インドNifty･ダブル・ブル ETN,東証ETF,"25,240",+50,0.2,363,2026/08/14
2488,2488,2092,NZAM 上場投信 フランス国債7-10年(H有),東証ETF,"4,594",+9,0.2,1,2026/08/14
2489,2489,2621,iシェアーズ 米国債20年超(H有),東証ETF,998,+2,0.2,"181,024",2026/08/14
2490,2490,2683,(株)魚喜,東証STD,"1,013",+2,0.2,"4,500",2026/08/14
2491,2491,2726,(株)パルグループホールディングス,東証PRM,"1,500",+3,0.2,"634,500",2026/08/14
2492,2492,2796,ファーマライズホールディングス(株),東証STD,494,+1,0.2,"5,000",2026/08/14
2493,2493,3166,ＯＣＨＩホールディングス(株),東証STD,"1,473",+3,0.2,"1,700",2026/08/14
2494,2494,3419,アートグリーン(株),名証NXT,"1,979",+4,0.2,300,2026/08/14
2495,2495,3466,ラサールロジポート投資法人,東証,"148,300",+300,0.2,"4,672",2026/08/14
2496,2496,4634,ａｒｔｉｅｎｃｅ(株),東証PRM,"5,120",+10,0.2,"197,700",2026/08/14
2497,2497,4732,(株)ユー・エス・エス,東証PRM,"2,011",+4,0.2,"1,023,700",2026/08/14
2498,2498,5253,カバー(株),東証GRT,"1,529",+3,0.2,"2,227,900",2026/08/14
2499,2499,5302,日本カーボン(株),東証PRM,"5,060",+10,0.2,"76,500",2026/08/14
2500,2500,5757,(株)ＣＫサンエツ,東証PRM,"5,100",+10,0.2,"8,600",2026/08/14
2501,2501,6125,(株)岡本工作機械製作所,東証STD,"4,985",+10,0.2,"34,100",2026/08/14
2502,2502,6228,(株)ジェイ・イー・ティ,東証STD,501,+1,0.2,"37,300",2026/08/14
2503,2503,7800,(株)アミファ,東証STD,"1,026",+2,0.2,"16,200",2026/08/14
2504,2504,9664,(株)御園座,名証MN,"1,501",+3,0.2,"3,200",2026/08/14
2505,2505,1493,One ETF JPX日経中小型,東証ETF,"26,050",+50,0.19,579,2026/08/14
2506,2506,1687,WisdomTree 農産物上場投信,東証ETF,"1,057",+2,0.19,"2,290",2026/08/14
2507,2507,2090,NZAM 上場投信 米国国債7-10年(H有),東証ETF,"4,331",+8,0.19,3,2026/08/14
2508,2508,2139,(株)中広,東証STD,531,+1,0.19,"2,500",2026/08/14
2509,2509,2162,ｎｍｓホールディングス(株),東証STD,537,+1,0.19,"11,700",2026/08/14
2510,2510,3089,テクノアルファ(株),東証STD,"1,046",+2,0.19,"7,400",2026/08/14
2511,2511,3475,(株)グッドコムアセット,東証PRM,"1,575",+3,0.19,"78,300",2026/08/14
2512,2512,4812,(株)電通総研,東証PRM,"2,694",+5,0.19,"215,600",2026/08/14
2513,2513,6022,(株)赤阪鐵工所,東証STD,"2,636",+5,0.19,"1,800",2026/08/14
2514,2514,7021,(株)ニッチツ,東証STD,"2,151",+4,0.19,"1,200",2026/08/14
2515,2515,8185,(株)チヨダ,東証PRM,"1,032",+2,0.19,"104,200",2026/08/14
2516,2516,9110,ＮＳユナイテッド海運(株),東証PRM,"10,440",+20,0.19,"140,700",2026/08/14
2517,2517,2108,日本甜菜製糖(株),東証PRM,"5,440",+10,0.18,"18,200",2026/08/14
2518,2518,2861,上場インデックスファンドフランス国債(H無),東証ETF,"5,658",+10,0.18,206,2026/08/14
2519,2519,2991,(株)ランドネット,東証STD,562,+1,0.18,"12,000",2026/08/14
2520,2520,2993,(株)長栄,東証STD,"2,268",+4,0.18,"1,000",2026/08/14
2521,2521,3097,(株)物語コーポレーション,東証PRM,"5,660",+10,0.18,"185,900",2026/08/14
2522,2522,3232,三重交通グループホールディングス(株),東証PRM,553,+1,0.18,"186,400",2026/08/14
2523,2523,3687,(株)フィックスターズ,東証PRM,"2,285",+4,0.18,"606,300",2026/08/14
2524,2524,396A,業界改革厳選ETF REITイベント・ドリブン,東証ETF,491.9,+0.9,0.18,180,2026/08/14
2525,2525,4221,大倉工業(株),東証PRM,"5,690",+10,0.18,"23,200",2026/08/14
2526,2526,4750,(株)ダイサン,東証STD,568,+1,0.18,"1,200",2026/08/14
2527,2527,5923,高田機工(株),東証STD,"1,140",+2,0.18,"1,400",2026/08/14
2528,2528,5956,トーソー(株),東証STD,572,+1,0.18,"3,500",2026/08/14
2529,2529,6546,フルテック(株),東証STD,"1,125",+2,0.18,800,2026/08/14
2530,2530,7211,三菱自動車(株),東証PRM,342.8,+0.6,0.18,"6,853,000",2026/08/14
2531,2531,8050,セイコーグループ(株),東証PRM,"11,210",+20,0.18,"425,000",2026/08/14
2532,2532,8228,(株)マルイチ産商,名証MN,"1,119",+2,0.18,"2,400",2026/08/14
2533,2533,8898,(株)センチュリー２１・ジャパン,東証STD,"1,137",+2,0.18,"1,700",2026/08/14
2534,2534,1418,インターライフホールディングス(株),東証STD,606,+1,0.17,"50,300",2026/08/14
2535,2535,1619,(NEXT FUNDS)建設･資材上場投信,東証ETF,"46,410",+80,0.17,594,2026/08/14
2536,2536,1677,上場インデックスファンド海外債券毎月分配,東証ETF,"60,100",+100,0.17,190,2026/08/14
2537,2537,181A,MAXIS 米国国債1-3年上場投信(H無),東証ETF,532.8,+0.9,0.17,500,2026/08/14
2538,2538,2016,iFreeETF 米国国債7-10年(H有),東証ETF,"1,775",+3,0.17,521,2026/08/14
2539,2539,346A,(NEXT FUNDS) S&P500 半導体・半導体製造装置35%,東証ETF,"5,170",+9,0.17,"5,220",2026/08/14
2540,2540,3918,ＰＣＩホールディングス(株),東証STD,"1,166",+2,0.17,"11,000",2026/08/14
2541,2541,3967,(株)エルテス,東証GRT,599,+1,0.17,"7,000",2026/08/14
2542,2542,4025,多木化学(株),東証PRM,"5,810",+10,0.17,"19,400",2026/08/14
2543,2543,4998,フマキラー(株),東証STD,"1,181",+2,0.17,"13,200",2026/08/14
2544,2544,500A,(株)ＴＯブックス,東証STD,"3,025",+5,0.17,800,2026/08/14
2545,2545,5423,東京製鐵(株),東証PRM,"1,737",+3,0.17,"394,600",2026/08/14
2546,2546,6643,(株)戸上電機製作所,東証STD,"5,780",+10,0.17,"2,500",2026/08/14
2547,2547,8953,日本都市ファンド投資法人,東証,"115,300",+200,0.17,"13,436",2026/08/14
2548,2548,1595,NZAM 上場投信 東証REIT指数,東証ETF,"1,863",+3,0.16,"16,443",2026/08/14
2549,2549,2208,(株)ブルボン,東証STD,"3,160",+5,0.16,"4,600",2026/08/14
2550,2550,3479,(株)ＴＫＰ,東証GRT,"1,833",+3,0.16,"55,200",2026/08/14
2551,2551,4028,石原産業(株),東証PRM,"3,110",+5,0.16,"279,300",2026/08/14
2552,2552,4218,ニチバン(株),東証PRM,"1,938",+3,0.16,"16,800",2026/08/14
2553,2553,5105,ＴＯＹＯ　ＴＩＲＥ(株),東証PRM,"3,800",+6,0.16,"743,000",2026/08/14
2554,2554,539A,NZAM 上場投信 海外債券(FTSE WGBI除く日本)(H無),東証ETF,"4,959",+8,0.16,"2,725",2026/08/14
2555,2555,5570,(株)ジェノバ,東証GRT,613,+1,0.16,"11,100",2026/08/14
2556,2556,5616,(株)雨風太陽,東証GRT,625,+1,0.16,"8,200",2026/08/14
2557,2557,6013,(株)タクマ,東証PRM,"3,220",+5,0.16,"124,200",2026/08/14
2558,2558,7872,エステールホールディングス(株),東証STD,608,+1,0.16,"3,000",2026/08/14
2559,2559,7966,リンテック(株),東証PRM,"6,140",+10,0.16,"235,400",2026/08/14
2560,2560,8418,(株)山口フィナンシャルグループ,東証PRM,"3,202",+5,0.16,"784,100",2026/08/14
2561,2561,9409,(株)テレビ朝日ホールディングス,東証PRM,"3,055",+5,0.16,"195,400",2026/08/14
2562,2562,1401,(株)エムビーエス,東証GRT,"1,305",+2,0.15,"1,400",2026/08/14
2563,2563,2561,iシェアーズ・コア 日本国債 ETF,東証ETF,"1,990",+3,0.15,926,2026/08/14
2564,2564,2594,キーコーヒー(株),東証PRM,"2,022",+3,0.15,"77,700",2026/08/14
2565,2565,2859,(NEXT FUNDS) ユーロ・ストックス50(H有),東証ETF,"3,299",+5,0.15,316,2026/08/14
2566,2566,313A,iシェアーズ S&P500 トップ20 ETF,東証ETF,266.6,+0.4,0.15,"104,310",2026/08/14
2567,2567,3320,クロスプラス(株),東証STD,"1,321",+2,0.15,"3,500",2026/08/14
2568,2568,5532,(株)リアルゲイト,東証GRT,"3,415",+5,0.15,"27,400",2026/08/14
2569,2569,5942,日本フイルコン(株),東証STD,651,+1,0.15,"12,300",2026/08/14
2570,2570,6998,日本タングステン(株),東証STD,"3,270",+5,0.15,"101,500",2026/08/14
2571,2571,7172,(株)ジャパンインベストメントアドバイザー,東証PRM,"2,065",+3,0.15,"157,600",2026/08/14
2572,2572,8966,平和不動産リート投資法人,東証,"132,200",+200,0.15,"3,166",2026/08/14
2573,2573,9913,日邦産業(株),東証STD,"3,235",+5,0.15,"4,800",2026/08/14
2574,2574,1693,WisdomTree 銅上場投信,東証ETF,"9,000",+13,0.14,"3,380",2026/08/14
2575,2575,2173,(株)博展,東証GRT,710,+1,0.14,"52,800",2026/08/14
2576,2576,2551,マルサンアイ(株),名証MN,"3,560",+5,0.14,"1,400",2026/08/14
2577,2577,2620,iシェアーズ 米国債1-3年,東証ETF,369.9,+0.5,0.14,"46,150",2026/08/14
2578,2578,2698,(株)キャンドゥ,東証STD,"3,635",+5,0.14,"16,100",2026/08/14
2579,2579,2839,MAXIS 米国国債7-10年上場投信(H有),東証ETF,"4,983",+7,0.14,20,2026/08/14
2580,2580,2843,上場インデックスファンド豪州国債(H有),東証ETF,"3,694",+5,0.14,115,2026/08/14
2581,2581,2844,上場インデックスファンド豪州国債(H無),東証ETF,"5,540",+8,0.14,"2,185",2026/08/14
2582,2582,3281,ＧＬＰ投資法人,東証,"139,200",+200,0.14,"11,722",2026/08/14
2583,2583,3723,日本ファルコム(株),東証GRT,"2,903",+4,0.14,"31,100",2026/08/14
2584,2584,4290,(株)プレステージ・インターナショナル,東証PRM,718,+1,0.14,"295,400",2026/08/14
2585,2585,509A,グリーンライト・再エネインフラ投資法人,東証,"72,700",+100,0.14,207,2026/08/14
2586,2586,6239,(株)ナガオカ,東証STD,"1,402",+2,0.14,"6,500",2026/08/14
2587,2587,6964,(株)サンコー,東証STD,700,+1,0.14,"4,500",2026/08/14
2588,2588,7952,(株)河合楽器製作所,東証PRM,"3,640",+5,0.14,"21,300",2026/08/14
2589,2589,8039,築地魚市場(株),東証STD,"3,555",+5,0.14,"1,500",2026/08/14
2590,2590,8133,伊藤忠エネクス(株),東証PRM,"2,145",+3,0.14,"69,000",2026/08/14
2591,2591,8554,(株)南日本銀行,福証,"1,447",+2,0.14,"6,900",2026/08/14
2592,2592,8919,(株)カチタス,東証PRM,"3,570",+5,0.14,"179,500",2026/08/14
2593,2593,9782,(株)ディーエムエス,東証STD,"3,455",+5,0.14,"26,500",2026/08/14
2594,2594,1487,上場インデックスファンド米国債券(H有),東証ETF,"11,815",+15,0.13,834,2026/08/14
2595,2595,170A,SMT ETF日本好配当株アクティブ,東証ETF,"3,175",+4,0.13,324,2026/08/14
2596,2596,1926,ライト工業(株),東証PRM,"3,750",+5,0.13,"93,200",2026/08/14
2597,2597,2198,アイ・ケイ・ケイホールディングス(株),東証PRM,780,+1,0.13,"32,100",2026/08/14
2598,2598,2229,カルビー(株),東証PRM,"3,045",+4,0.13,"276,000",2026/08/14
2599,2599,2235,上場インデックスファンド米国株式(ダウ平均)H無,東証ETF,"3,711",+5,0.13,327,2026/08/14
2600,2600,2511,(NEXT FUNDS)外国債券・FTSE世界国債(除く日本・H無),東証ETF,"1,185.5",+1.5,0.13,"29,150",2026/08/14
2601,2601,2857,iシェアーズ ドイツ国債 ETF(H有),東証ETF,626.5,+0.8,0.13,10,2026/08/14
2602,2602,4361,川口化学工業(株),東証STD,"1,535",+2,0.13,"2,100",2026/08/14
2603,2603,488A,iシェアーズ 円高フォーカス ETF,東証ETF,767.2,+1,0.13,"20,540",2026/08/14
2604,2604,6254,野村マイクロ・サイエンス(株),東証PRM,"3,900",+5,0.13,"784,800",2026/08/14
2605,2605,6472,ＮＴＮ(株),東証PRM,390.4,+0.5,0.13,"2,973,600",2026/08/14
2606,2606,6929,日本セラミック(株),東証PRM,"3,755",+5,0.13,"75,600",2026/08/14
2607,2607,7350,(株)おきなわフィナンシャルグループ,東証PRM,"7,940",+10,0.13,"191,800",2026/08/14
2608,2608,7562,(株)安楽亭,東証STD,"3,795",+5,0.13,"2,000",2026/08/14
2609,2609,7682,(株)浜木綿,東証STD,"3,910",+5,0.13,600,2026/08/14
2610,2610,7849,スターツ出版(株),東証STD,"2,974",+4,0.13,"2,100",2026/08/14
2611,2611,8119,(株)三栄コーポレーション,東証STD,776,+1,0.13,"3,800",2026/08/14
2612,2612,8972,KDX不動産投資法人,東証,"151,800",+200,0.13,"7,056",2026/08/14
2613,2613,9861,(株)吉野家ホールディングス,東証PRM,"3,779",+5,0.13,"506,100",2026/08/14
2614,2614,1497,iシェアーズ 米ドル建ハイイールド社債ETF(H有),東証ETF,"1,738",+2,0.12,"14,638",2026/08/14
2615,2615,1681,上場インデックスファンド海外新興国株式,東証ETF,"3,395",+4,0.12,"11,915",2026/08/14
2616,2616,179A,GX 超長期米国債 (H有),東証ETF,243.1,+0.3,0.12,"17,980",2026/08/14
2617,2617,1835,東鉄工業(株),東証PRM,"4,025",+5,0.12,"62,900",2026/08/14
2618,2618,1882,東亜道路工業(株),東証PRM,"1,621",+2,0.12,"326,000",2026/08/14
2619,2619,2241,MAXIS NYダウ上場投信,東証ETF,952.6,+1.1,0.12,"5,780",2026/08/14
2620,2620,2510,(NEXT FUNDS)国内債券・NOMURA-BPI総合,東証ETF,804.3,+1,0.12,"127,830",2026/08/14
2621,2621,2648,(NEXT FUNDS)ブルームバーグ米国国債(7-10年)(H有),東証ETF,"3,360",+4,0.12,328,2026/08/14
2622,2622,3035,ケイティケイ(株),東証STD,814,+1,0.12,"70,100",2026/08/14
2623,2623,3065,(株)ライフフーズ,東証STD,"1,620",+2,0.12,"3,000",2026/08/14
2624,2624,452A,iシェアーズ S&P500プレミアムインカム,東証ETF,830.9,+1,0.12,"196,260",2026/08/14
2625,2625,5195,バンドー化学(株),東証PRM,"2,477",+3,0.12,"35,300",2026/08/14
2626,2626,5252,日本ナレッジ(株),東証GRT,826,+1,0.12,"3,200",2026/08/14
2627,2627,6302,住友重機械工業(株),東証PRM,"5,998",+7,0.12,"833,000",2026/08/14
2628,2628,7090,(株)リグア,東証GRT,818,+1,0.12,700,2026/08/14
2629,2629,7118,(株)伸和ホールディングス,名証NXT,"4,140",+5,0.12,400,2026/08/14
2630,2630,7148,(株)ＦＰＧ,東証PRM,"1,625",+2,0.12,"354,500",2026/08/14
2631,2631,7198,ＳＢＩアルヒ(株),東証PRM,845,+1,0.12,"137,600",2026/08/14
2632,2632,7380,(株)十六フィナンシャルグループ,東証PRM,"2,582",+3,0.12,"663,400",2026/08/14
2633,2633,7674,(株)ＮＡＴＴＹ　ＳＷＡＮＫＹホールディングス,東証GRT,"2,600",+3,0.12,"2,500",2026/08/14
2634,2634,8194,(株)ライフコーポレーション,東証PRM,"2,602",+3,0.12,"141,000",2026/08/14
2635,2635,8361,(株)大垣共立銀行,東証PRM,"8,050",+10,0.12,"191,200",2026/08/14
2636,2636,9982,タキヒヨー(株),東証STD,"2,501",+3,0.12,700,2026/08/14
2637,2637,2091,NZAM 上場投信 ドイツ国債7-10年(H有),東証ETF,"4,527",+5,0.11,"4,799",2026/08/14
2638,2638,2512,(NEXT FUNDS)外国債券・FTSE世界国債(除く日本・H有),東証ETF,731.5,+0.8,0.11,"28,390",2026/08/14
2639,2639,2555,東証REIT ETF,東証ETF,"1,870",+2,0.11,"18,920",2026/08/14
2640,2640,3003,ヒューリック(株),東証PRM,"1,757",+2,0.11,"2,033,000",2026/08/14
2641,2641,3079,ディーブイエックス(株),東証STD,946,+1,0.11,900,2026/08/14
2642,2642,334A,(株)ビジュアル・プロセッシング・ジャパン,東証GRT,917,+1,0.11,"2,500",2026/08/14
2643,2643,4023,(株)クレハ,東証PRM,"4,500",+5,0.11,"285,200",2026/08/14
2644,2644,4433,(株)ヒト・コミュニケーションズ・ホールディングス,東証PRM,906,+1,0.11,"35,100",2026/08/14
2645,2645,4665,(株)ダスキン,東証PRM,"4,584",+5,0.11,"89,300",2026/08/14
2646,2646,6246,(株)テクノスマート,東証STD,"1,827",+2,0.11,"15,900",2026/08/14
2647,2647,6744,能美防災(株),東証PRM,"4,490",+5,0.11,"80,200",2026/08/14
2648,2648,6770,アルプスアルパイン(株),東証PRM,"2,210.5",+2.5,0.11,"1,386,500",2026/08/14
2649,2649,7521,(株)ムサシ,東証STD,"2,758",+3,0.11,"3,000",2026/08/14
2650,2650,8079,正栄食品工業(株),東証PRM,"4,430",+5,0.11,"27,500",2026/08/14
2651,2651,8968,福岡リート投資法人,東証,"177,500",+200,0.11,815,2026/08/14
2652,2652,9010,富士急行(株),東証PRM,"2,746",+3,0.11,"125,600",2026/08/14
2653,2653,9414,日本ＢＳ放送(株),東証STD,926,+1,0.11,"28,900",2026/08/14
2654,2654,94345,ソフトバンク(株)第1回社債型種類株式,東証PRM,"3,804",+4,0.11,"1,400",2026/08/14
2655,2655,9661,(株)歌舞伎座,東証STD,"4,475",+5,0.11,"2,600",2026/08/14
2656,2656,9842,アークランズ(株),東証PRM,"1,905",+2,0.11,"240,600",2026/08/14
2657,2657,9853,(株)銀座ルノアール,東証STD,907,+1,0.11,400,2026/08/14
2658,2658,1656,iシェアーズ･コア 米国債7-10年 ETF,東証ETF,311.3,+0.3,0.1,"105,490",2026/08/14
2659,2659,1798,(株)守谷商会,東証STD,"1,011",+1,0.1,"6,400",2026/08/14
2660,2660,2866,GX 米国優先証券,東証ETF,998,+1,0.1,"26,821",2026/08/14
2661,2661,2872,(株)セイヒョー,東証STD,"2,000",+2,0.1,"4,500",2026/08/14
2662,2662,341A,(株)トヨコー,東証GRT,"1,977",+2,0.1,"34,500",2026/08/14
2663,2663,4256,(株)サインド,東証GRT,962,+1,0.1,"11,600",2026/08/14
2664,2664,5108,(株)ブリヂストン,東証PRM,"4,133",+4,0.1,"4,647,300",2026/08/14
2665,2665,515A,iシェアーズ 高格付け日本円社債 ETF,東証ETF,501.1,+0.5,0.1,30,2026/08/14
2666,2666,5939,(株)大谷工業,東証STD,"4,790",+5,0.1,900,2026/08/14
2667,2667,613A,iFreeETF ドイツ0-3カ月短期国債,東証ETF,"1,969",+2,0.1,"1,541",2026/08/14
2668,2668,7076,名南Ｍ＆Ａ(株),名証MN,"1,036",+1,0.1,"3,500",2026/08/14
2669,2669,7488,(株)ヤガミ,名証MN,"4,895",+5,0.1,"1,900",2026/08/14
2670,2670,7619,田中商事(株),東証STD,969,+1,0.1,"3,200",2026/08/14
2671,2671,8045,横浜丸魚(株),東証STD,"2,049",+2,0.1,800,2026/08/14
2672,2672,8129,東邦ホールディングス(株),東証PRM,"3,821",+4,0.1,"97,400",2026/08/14
2673,2673,8174,日本瓦斯(株),東証PRM,"2,872",+3,0.1,"238,900",2026/08/14
2674,2674,8181,(株)東天紅,東証STD,"1,001",+1,0.1,800,2026/08/14
2675,2675,8954,オリックス不動産投資法人,東証,"99,300",+100,0.1,"9,678",2026/08/14
2676,2676,8955,日本プライムリアルティ投資法人,東証,"96,700",+100,0.1,"6,940",2026/08/14
2677,2677,9301,三菱倉庫(株),東証PRM,"1,501.5",+1.5,0.1,"1,563,500",2026/08/14
2678,2678,9307,(株)杉村倉庫,東証STD,982,+1,0.1,900,2026/08/14
2679,2679,9476,(株)中央経済社ホールディングス,東証STD,976,+1,0.1,600,2026/08/14
2680,2680,9531,東京ガス(株),東証PRM,"6,015",+6,0.1,"1,014,400",2026/08/14
2681,2681,9934,因幡電機産業(株),東証PRM,"3,051",+3,0.1,"156,400",2026/08/14
2682,2682,2015,iFreeETF 米国国債7-10年(H無),東証ETF,"2,159",+2,0.09,269,2026/08/14
2683,2683,2256,iシェアーズ 米国総合債券,東証ETF,221.8,+0.2,0.09,"17,130",2026/08/14
2684,2684,2649,iシェアーズ 米国政府系機関ジニーメイMBS(H有),東証ETF,580,+0.5,0.09,20,2026/08/14
2685,2685,2856,iシェアーズ 米国債3-7年 ETF(H有),東証ETF,649.7,+0.6,0.09,"2,200",2026/08/14
2686,2686,2932,(株)ＳＴＩフードホールディングス,東証STD,"1,110",+1,0.09,"12,200",2026/08/14
2687,2687,3197,(株)すかいらーくホールディングス,東証PRM,"3,258",+3,0.09,"1,619,700",2026/08/14
2688,2688,3864,三菱製紙(株),東証PRM,"1,152",+1,0.09,"244,900",2026/08/14
2689,2689,4644,イマジニア(株),東証STD,"1,054",+1,0.09,"6,900",2026/08/14
2690,2690,4980,デクセリアルズ(株),東証PRM,"3,191",+3,0.09,"1,264,100",2026/08/14
2691,2691,5290,(株)ベルテクスコーポレーション,東証STD,"1,151",+1,0.09,"50,700",2026/08/14
2692,2692,6488,(株)ヨシタケ,東証STD,"1,055",+1,0.09,"9,200",2026/08/14
2693,2693,6654,不二電機工業(株),東証STD,"1,100",+1,0.09,"1,800",2026/08/14
2694,2694,7554,(株)幸楽苑,東証PRM,"1,135",+1,0.09,"55,100",2026/08/14
2695,2695,7997,(株)くろがね工作所,東証STD,"1,054",+1,0.09,"2,400",2026/08/14
2696,2696,8945,サンネクスタグループ(株),東証STD,"1,089",+1,0.09,"2,400",2026/08/14
2697,2697,9005,東急(株),東証PRM,"1,639",+1.5,0.09,"2,636,000",2026/08/14
2698,2698,9733,(株)ナガセ,東証STD,"2,285",+2,0.09,"17,600",2026/08/14
2699,2699,9765,(株)オオバ,東証PRM,"1,147",+1,0.09,"11,900",2026/08/14
2700,2700,1968,太平電業(株),東証PRM,"2,386",+2,0.08,"196,300",2026/08/14
2701,2701,2846,(NEXT FUNDS) ダウ・ジョーンズ工業株30種(H有),東証ETF,"2,595",+2,0.08,"3,352",2026/08/14
2702,2702,2865,GX NASDAQ100・カバード・コール,東証ETF,"1,270",+1,0.08,"89,704",2026/08/14
2703,2703,3544,サツドラホールディングス(株),東証STD,"1,249",+1,0.08,"17,500",2026/08/14
2704,2704,6076,(株)アメイズ,福証,"1,286",+1,0.08,"2,600",2026/08/14
2705,2705,6136,ＯＳＧ,東証PRM,"3,907",+3,0.08,"213,100",2026/08/14
2706,2706,6568,神戸天然物化学(株),東証GRT,"1,266",+1,0.08,"3,600",2026/08/14
2707,2707,6971,京セラ(株),東証PRM,"3,908",+3,0.08,"5,011,600",2026/08/14
2708,2708,7081,コーユーレンティア(株),東証STD,"1,311",+1,0.08,"6,000",2026/08/14
2709,2709,8118,(株)キング,東証STD,"1,206",+1,0.08,"2,500",2026/08/14
2710,2710,8341,(株)七十七銀行,東証PRM,"3,837",+3,0.08,"687,000",2026/08/14
2711,2711,8713,フィデアホールディングス(株),東証PRM,"2,630",+2,0.08,"162,200",2026/08/14
2712,2712,9044,(株)ＮＡＮＫＡＩ,東証PRM,"2,944",+2.5,0.08,"212,500",2026/08/14
2713,2713,9735,セコム(株),東証PRM,"6,511",+5,0.08,"1,931,500",2026/08/14
2714,2714,9993,(株)ヤマザワ,東証STD,"1,190",+1,0.08,"2,100",2026/08/14
2715,2715,1688,WisdomTree 穀物上場投信,東証ETF,573.9,+0.4,0.07,"4,640",2026/08/14
2716,2716,1867,(株)植木組,東証STD,"2,697",+2,0.07,"6,500",2026/08/14
2717,2717,2245,(NEXT FUNDS) ブルームバーグ 独国債(7-10年)(H有),東証ETF,707.7,+0.5,0.07,10,2026/08/14
2718,2718,2816,(株)ダイショー,東証STD,"1,414",+1,0.07,800,2026/08/14
2719,2719,2918,わらべや日洋ホールディングス(株),東証PRM,"2,835",+2,0.07,"142,900",2026/08/14
2720,2720,3543,(株)コメダホールディングス,東証PRM,"2,900",+2,0.07,"258,400",2026/08/14
2721,2721,468A,GX 米ドル建て投資適格社債,東証ETF,284.5,+0.2,0.07,650,2026/08/14
2722,2722,6137,小池酸素工業(株),東証STD,"1,479",+1,0.07,"55,100",2026/08/14
2723,2723,6238,フリュー(株),東証PRM,"1,348",+1,0.07,"66,200",2026/08/14
2724,2724,6566,(株)要興業,東証STD,"1,416",+1,0.07,"3,600",2026/08/14
2725,2725,7097,(株)さくらさくプラス,東証GRT,"2,779",+2,0.07,"4,500",2026/08/14
2726,2726,7134,(株)アップガレージグループ,東証STD,"1,453",+1,0.07,"5,900",2026/08/14
2727,2727,9076,セイノーホールディングス(株),東証PRM,"2,776",+2,0.07,"411,400",2026/08/14
2728,2728,9241,(株)フューチャーリンクネットワーク,東証GRT,"1,516",+1,0.07,"2,300",2026/08/14
2729,2729,1482,iシェアーズ・コア 米国債7-10年ETF(H有),東証ETF,"1,542",+1,0.06,"49,217",2026/08/14
2730,2730,2014,iシェアーズ 米国連続増配株 ETF,東証ETF,325.3,+0.2,0.06,"187,370",2026/08/14
2731,2731,2867,GX 自動運転&EV,東証ETF,"1,803",+1,0.06,403,2026/08/14
2732,2732,2937,(株)サンクゼール,東証GRT,"1,760",+1,0.06,"3,800",2026/08/14
2733,2733,3182,オイシックス(株),東証PRM,"1,689",+1,0.06,"178,700",2026/08/14
2734,2734,3196,(株)ホットランドホールディングス,東証PRM,"1,632",+1,0.06,"100,400",2026/08/14
2735,2735,3295,ヒューリックリート投資法人,東証,"154,500",+100,0.06,"2,517",2026/08/14
2736,2736,3299,(株)ムゲンエステート,東証STD,"1,739",+1,0.06,"159,800",2026/08/14
2737,2737,3537,昭栄薬品(株),東証STD,"1,729",+1,0.06,"2,900",2026/08/14
2738,2738,4539,日本ケミファ(株),東証STD,"1,584",+1,0.06,"2,000",2026/08/14
2739,2739,6322,(株)タクミナ,東証STD,"1,582",+1,0.06,"1,200",2026/08/14
2740,2740,7173,(株)東京きらぼしフィナンシャルグループ,東証PRM,"1,780",+1,0.06,"1,077,700",2026/08/14
2741,2741,7377,ＤＮホールディングス(株),東証STD,"1,685",+1,0.06,"3,300",2026/08/14
2742,2742,8591,オリックス(株),東証PRM,"6,376",+4,0.06,"3,076,400",2026/08/14
2743,2743,9042,阪急阪神ホールディングス(株),東証PRM,"4,647",+3,0.06,"681,300",2026/08/14
2744,2744,9503,関西電力(株),東証PRM,"2,401",+1.5,0.06,"2,450,800",2026/08/14
2745,2745,1676,WisdomTree 貴金属バスケット上場投信,東証ETF,"42,390",+20,0.05,18,2026/08/14
2746,2746,2255,iシェアーズ 米国債20年超,東証ETF,200.7,+0.1,0.05,"43,560",2026/08/14
2747,2747,236A,iシェアーズ 日本国債7-10年,東証ETF,439.2,+0.2,0.05,"35,830",2026/08/14
2748,2748,2689,オルバヘルスケアホールディングス(株),東証STD,"1,901",+1,0.05,"2,200",2026/08/14
2749,2749,2882,(株)イートアンドホールディングス,東証PRM,"2,084",+1,0.05,"19,500",2026/08/14
2750,2750,3696,(株)セレス,東証PRM,"2,066",+1,0.05,"359,200",2026/08/14
2751,2751,453A,iシェアーズ 米国債20年超プレミアムインカム,東証ETF,762.1,+0.4,0.05,"109,630",2026/08/14
2752,2752,516A,iFreeETF 米ドル・ブル(1倍),東証ETF,"2,062",+1,0.05,5,2026/08/14
2753,2753,6223,(株)西部技研,東証STD,"1,976",+1,0.05,"33,400",2026/08/14
2754,2754,6326,(株)クボタ,東証PRM,"2,751.5",+1.5,0.05,"4,836,800",2026/08/14
2755,2755,7984,コクヨ(株),東証PRM,873.2,+0.4,0.05,"685,900",2026/08/14
2756,2756,9306,東陽倉庫(株),東証STD,"1,997",+1,0.05,"3,300",2026/08/14
2757,2757,1486,上場インデックスファンド米国債券(H無),東証ETF,"23,715",+10,0.04,648,2026/08/14
2758,2758,1925,大和ハウス工業(株),東証PRM,"4,609",+2,0.04,"1,728,000",2026/08/14
2759,2759,2242,MAXIS NYダウ上場投信(H有),東証ETF,692.3,+0.3,0.04,"2,420",2026/08/14
2760,2760,2251,(NEXT FUNDS) JPX国債先物ダブルインバース,東証ETF,903,+0.4,0.04,"15,540",2026/08/14
2761,2761,2257,iシェアーズ 米ドル建て投資適格社債,東証ETF,222.8,+0.1,0.04,"30,240",2026/08/14
2762,2762,2258,iシェアーズ 米ドル建てハイイールド社債,東証ETF,227.1,+0.1,0.04,"40,040",2026/08/14
2763,2763,3276,(株)ＪＰＭＣ,東証PRM,"2,245",+1,0.04,"428,100",2026/08/14
2764,2764,5449,大阪製鐵(株),東証STD,"2,705",+1,0.04,"21,100",2026/08/14
2765,2765,6870,日本フェンオール(株),東証STD,"2,248",+1,0.04,"1,400",2026/08/14
2766,2766,9357,名港海運(株),名証MN,"2,445",+1,0.04,"3,200",2026/08/14
2767,2767,9381,(株)エーアイテイー,東証PRM,"2,339",+1,0.04,"43,400",2026/08/14
2768,2768,9408,(株)ＢＳＮメディアホールディングス,東証STD,"2,555",+1,0.04,600,2026/08/14
2769,2769,1481,上場インデックスファンド日本経済貢献株,東証ETF,"3,909",+1,0.03,16,2026/08/14
2770,2770,2371,(株)カカクコム,東証PRM,"3,715",+1,0.03,"384,500",2026/08/14
2771,2771,6036,ＫｅｅＰｅｒ技研(株),東証PRM,"2,958",+1,0.03,"172,500",2026/08/14
2772,2772,6645,オムロン(株),東証PRM,"7,004",+2,0.03,"1,724,500",2026/08/14
2773,2773,9441,(株)ベルパーク,東証STD,"2,867",+1,0.03,"4,300",2026/08/14
2774,2774,182A,MAXIS 米国国債20年超上場投信(H無),東証ETF,487.4,+0.1,0.02,780,2026/08/14
2775,2775,2201,森永製菓(株),東証PRM,"2,554",+0.5,0.02,"280,600",2026/08/14
2776,2776,4272,日本化薬(株),東証PRM,"2,128",+0.5,0.02,"452,200",2026/08/14
2777,2777,4676,(株)フジ・メディア・ホールディングス,東証PRM,"4,130",+1,0.02,"461,600",2026/08/14
2778,2778,50765,インフロニア・ホールディングス（株）第1回社債型種類株式,東証PRM,"4,632",+1,0.02,"6,000",2026/08/14
2779,2779,75505,（株）ゼンショーホールディングス第1回社債型種類株式,東証PRM,"4,938",+1,0.02,300,2026/08/14
2780,2780,7532,(株)パン・パシフィック・インターナショナルホールディングス,東証PRM,926.4,+0.1,0.01,"8,748,700",2026/08/14
