順位(全市場),順位,コード,銘柄名,市場,現在値,前日比,騰落率(%),出来高,時刻
1,1,5129,(株)ＦＩＸＥＲ,東証GRT,342,+80,30.53,"1,133,400",2026/08/28
2,2,4370,モビルス(株),東証GRT,393,+80,25.56,"755,100",2026/08/28
3,3,593A,(株)ティアフォー,東証GRT,"1,999",+400,25.02,"38,104,200",2026/08/28
4,4,4440,(株)ヴィッツ,東証STD,"1,485",+282,23.44,"562,600",2026/08/28
5,5,3907,シリコンスタジオ(株),東証STD,"2,635",+500,23.42,"777,200",2026/08/28
6,6,4667,アイサンテクノロジー(株),東証STD,"2,661",+461,20.95,"799,200",2026/08/28
7,7,4316,(株)ビーマップ,東証GRT,101,+16,18.82,"1,764,100",2026/08/28
8,8,6046,(株)リンクバル,東証STD,170,+25,17.24,"8,116,800",2026/08/28
9,9,4588,オンコリスバイオファーマ(株),東証GRT,"4,810",+700,17.03,"2,804,200",2026/08/28
10,10,603A,(株)アイ・グリッド・ソリューションズ,東証GRT,"1,038",+150,16.89,"1,376,200",2026/08/28
11,11,2961,日本調理機(株),東証STD,"1,651",+238,16.84,"26,000",2026/08/28
12,12,3825,(株)リミックスポイント,東証STD,265,+38,16.74,"8,673,300",2026/08/28
13,13,336A,ダイナミックマッププラットフォーム(株),東証GRT,"1,051",+150,16.65,"1,730,000",2026/08/28
14,14,7743,(株)シード,東証STD,735,+100,15.75,"83,000",2026/08/28
15,15,4840,(株)トライアイズ,東証STD,745,+100,15.5,"10,100",2026/08/28
16,16,3987,エコモット(株),東証GRT,757,+100,15.22,"35,100",2026/08/28
17,17,4420,イーソル(株),東証STD,785,+100,14.6,"561,200",2026/08/28
18,18,3350,(株)メタプラネット,東証STD,346,+42,13.82,"83,469,400",2026/08/28
19,19,4394,(株)エクスモーション,東証GRT,636,+77,13.77,"153,600",2026/08/28
20,20,3653,(株)モルフォ,東証GRT,887,+105,13.43,"1,381,700",2026/08/28
21,21,2492,(株)インフォマート,東証PRM,685,+80,13.22,"5,102,800",2026/08/28
22,22,4052,フィーチャ(株),東証GRT,645,+73,12.76,"2,820,800",2026/08/28
23,23,278A,Ｔｅｒｒａ　Ｄｒｏｎｅ(株),東証GRT,"21,620","+2,390",12.43,"7,658,900",2026/08/28
24,24,3905,データセクション(株),東証GRT,"1,727",+188,12.22,"11,933,000",2026/08/28
25,25,4475,ＨＥＮＮＧＥ(株),東証GRT,"1,788",+191,11.96,"1,600,700",2026/08/28
26,26,6085,アーキテクツ・スタジオ・ジャパン(株),東証GRT,225,+24,11.94,"22,414,000",2026/08/28
27,27,3991,ウォンテッドリー(株),東証GRT,"1,050",+111,11.82,"40,000",2026/08/28
28,28,421A,(株)ムービン・ストラテジック・キャリア,東証GRT,"4,320",+420,10.77,"135,600",2026/08/28
29,29,598A,チャットプラス(株),東証GRT,"1,627",+158,10.76,"318,900",2026/08/28
30,30,2315,(株)ＣＡＩＣＡ　ＤＩＧＩＴＡＬ,東証STD,73,+7,10.61,"7,446,200",2026/08/28
31,31,6433,ヒーハイスト(株),東証STD,"1,201",+115,10.59,"709,800",2026/08/28
32,32,3077,ホリイフードサービス(株),東証STD,"1,216",+116,10.55,"59,600",2026/08/28
33,33,5243,ｎｏｔｅ(株),東証GRT,"3,085",+293,10.49,"883,700",2026/08/28
34,34,247A,Ａｉロボティクス(株),東証GRT,"1,080",+101,10.32,"4,605,900",2026/08/28
35,35,8918,(株)ランド,東証STD,11,+1,10.0,"344,356,400",2026/08/28
36,36,5038,(株)ｅＷｅＬＬ,東証GRT,"2,329",+209,9.86,"106,700",2026/08/28
37,37,8700,丸八証券(株),東証STD,"2,221",+196,9.68,"16,400",2026/08/28
38,38,6030,(株)アドベンチャー,東証GRT,"1,638",+144,9.64,"50,900",2026/08/28
39,39,4493,(株)サイバーセキュリティクラウド,東証GRT,"2,027",+177,9.57,"632,300",2026/08/28
40,40,3189,(株)ＡＮＡＰホールディングス,東証STD,124,+10,8.77,"2,330,500",2026/08/28
41,41,4418,(株)ＪＤＳＣ,東証GRT,"1,138",+91,8.69,"396,100",2026/08/28
42,42,7803,(株)ブシロード,東証GRT,438,+34,8.42,"2,556,500",2026/08/28
43,43,7709,クボテック(株),東証STD,52,+4,8.33,"2,862,700",2026/08/28
44,44,4258,(株)網屋,東証GRT,"4,680",+350,8.08,"119,800",2026/08/28
45,45,485A,(株)パワーエックス,東証GRT,"2,022",+150,8.01,"5,853,100",2026/08/28
46,46,4346,(株)ＮＥＸＹＺ．Ｇｒｏｕｐ,東証STD,"1,020",+75,7.94,"180,800",2026/08/28
47,47,554A,(株)バトンズ,東証GRT,"1,589",+114,7.73,"26,600",2026/08/28
48,48,4776,サイボウズ(株),東証PRM,"3,345",+235,7.56,"858,700",2026/08/28
49,49,7603,ジーイエット(株),東証STD,43,+3,7.5,"1,197,600",2026/08/28
50,50,4165,(株)プレイド,東証GRT,736,+51,7.45,"598,300",2026/08/28
51,51,218A,(株)Ｌｉｂｅｒａｗａｒｅ,東証GRT,"1,214",+81,7.15,"452,100",2026/08/28
52,52,9399,ビート・ホールディングス・リミテッド,東証STD外国,15,+1,7.14,"1,329,934",2026/08/28
53,53,581A,ＧＯ(株),東証GRT,"4,445",+295,7.11,"4,100,300",2026/08/28
54,54,9340,(株)アソインターナショナル,東証STD,770,+50,6.94,"44,700",2026/08/28
55,55,5537,(株)ＡｌｂａＬｉｎｋ,東証GRT,"3,510",+225,6.85,"79,700",2026/08/28
56,56,4069,(株)ＢｌｕｅＭｅｍｅ,東証GRT,736,+47,6.82,"16,300",2026/08/28
57,57,446A,(株)ノースサンド,東証GRT,"2,141",+136,6.78,"887,400",2026/08/28
58,58,4417,グローバルセキュリティエキスパート(株),東証GRT,"4,950",+310,6.68,"112,900",2026/08/28
59,59,4058,トヨクモ(株),東証GRT,"2,594",+162,6.66,"85,700",2026/08/28
60,60,4664,ＲＳＣ,東証STD,"1,040",+64,6.56,"89,400",2026/08/28
61,61,206A,(株)ＰＲＩＳＭ　ＢｉｏＬａｂ,東証GRT,181,+11,6.47,"337,400",2026/08/28
62,62,7111,ＩＮＥＳＴ(株),東証STD,546,+33,6.43,"25,300",2026/08/28
63,63,4019,(株)スタメン,東証GRT,682,+41,6.4,"137,200",2026/08/28
64,64,186A,(株)アストロスケールホールディングス,東証GRT,"1,202",+72,6.37,"4,373,500",2026/08/28
65,65,4593,(株)ヘリオス,東証GRT,306,+18,6.25,"2,454,600",2026/08/28
66,66,4443,Ｓａｎｓａｎ(株),東証PRM,"2,315",+136,6.24,"1,639,800",2026/08/28
67,67,4812,(株)電通総研,東証PRM,"2,908",+169,6.17,"5,951,100",2026/08/28
68,68,290A,(株)Ｓｙｎｓｐｅｃｔｉｖｅ,東証GRT,"1,622",+94,6.15,"2,111,500",2026/08/28
69,69,7359,(株)東京通信グループ,東証GRT,260,+15,6.12,"94,500",2026/08/28
70,70,3103,ユニチカ(株),東証STD,"1,686",+97,6.1,"32,512,900",2026/08/28
71,71,523A,(株)セイワホールディングス,東証GRT,"1,796",+103,6.08,"304,200",2026/08/28
72,72,3968,セグエグループ(株),東証PRM,681,+39,6.07,"518,900",2026/08/28
73,73,4881,(株)ファンペップ,東証GRT,53,+3,6.0,"383,100",2026/08/28
74,74,9341,(株)ＧＥＮＯＶＡ,東証PRM,671,+38,6.0,"254,500",2026/08/28
75,75,4704,トレンドマイクロ(株),東証PRM,"6,050",+339,5.94,"1,267,300",2026/08/28
76,76,6907,ジオマテック(株),東証STD,804,+45,5.93,"28,900",2026/08/28
77,77,6659,(株)メディアリンクス,東証STD,54,+3,5.88,"5,149,400",2026/08/28
78,78,6769,ザインエレクトロニクス(株),東証STD,"1,207",+67,5.88,"458,900",2026/08/28
79,79,4259,(株)エクサウィザーズ,東証GRT,848,+47,5.87,"1,963,700",2026/08/28
80,80,7946,(株)光陽社,名証MN,344,+19,5.85,"2,900",2026/08/28
81,81,6181,タメニー(株),東証GRT,91,+5,5.81,"213,400",2026/08/28
82,82,4432,ウイングアーク１ｓｔ(株),東証PRM,"3,565",+195,5.79,"848,300",2026/08/28
83,83,3778,さくらインターネット(株),東証PRM,"3,865",+210,5.75,"1,974,500",2026/08/28
84,84,2484,(株)出前館,東証STD,185,+10,5.71,"3,064,500",2026/08/28
85,85,4175,(株)ｃｏｌｙ,東証GRT,"2,871",+155,5.71,"13,500",2026/08/28
86,86,5858,(株)ＳＴＧ,東証GRT,"1,225",+66,5.69,"48,000",2026/08/28
87,87,4591,(株)リボミック,東証GRT,93,+5,5.68,"2,030,500",2026/08/28
88,88,4431,(株)スマレジ,東証GRT,"3,735",+200,5.66,"216,000",2026/08/28
89,89,4256,(株)サインド,東証GRT,"1,088",+58,5.63,"13,700",2026/08/28
90,90,5885,(株)ジーデップ・アドバンス,東証STD,"3,480",+185,5.61,"135,500",2026/08/28
91,91,607A,(株)エブリー,東証GRT,245,+13,5.6,"1,905,400",2026/08/28
92,92,4811,(株)ドリーム・アーツ,東証GRT,889,+47,5.58,"31,400",2026/08/28
93,93,4373,シンプレクス・ホールディングス(株),東証PRM,"1,259",+66,5.53,"3,217,700",2026/08/28
94,94,4498,サイバートラスト(株),東証GRT,"1,373",+72,5.53,"110,700",2026/08/28
95,95,5136,ｔｒｉｐｌａ(株),東証GRT,"2,028",+106,5.52,"73,800",2026/08/28
96,96,4707,(株)キタック,東証STD,365,+19,5.49,"257,700",2026/08/28
97,97,3176,三洋貿易(株),東証PRM,"1,193",+62,5.48,"1,078,500",2026/08/28
98,98,6176,(株)ブランジスタ,東証STD,"1,050",+53,5.32,"290,300",2026/08/28
99,99,4769,(株)ＩＣ,東証STD,"1,160",+58,5.26,"5,400",2026/08/28
100,100,5721,エスクリプトエナジー(株),東証STD,60,+3,5.26,"1,932,600",2026/08/28
101,101,3652,(株)ディジタルメディアプロフェッショナル,東証GRT,"2,633",+130,5.19,"51,800",2026/08/28
102,102,2338,クオンタムソリューションズ(株),東証STD,122,+6,5.17,"249,100",2026/08/28
103,103,2776,新都ホールディングス(株),東証STD,102,+5,5.15,"366,900",2026/08/28
104,104,6018,阪神内燃機工業(株),東証STD,"6,170",+300,5.11,"1,600",2026/08/28
105,105,9900,(株)サガミホールディングス,東証PRM,"1,135",+55,5.09,"321,300",2026/08/28
106,106,4972,綜研化学(株),東証STD,"3,660",+175,5.02,"92,100",2026/08/28
107,107,4396,(株)システムサポートホールディングス,東証PRM,"1,412",+67,4.98,"146,000",2026/08/28
108,108,5137,(株)スマートドライブ,東証GRT,317,+15,4.97,"1,165,300",2026/08/28
109,109,4572,カルナバイオサイエンス(株),東証GRT,423,+20,4.96,"238,900",2026/08/28
110,110,7859,(株)アルメディオ,東証STD,254,+12,4.96,"169,800",2026/08/28
111,111,3798,ＵＬＳグループ(株),東証STD,555,+26,4.91,"438,000",2026/08/28
112,112,6098,(株)リクルートホールディングス,東証PRM,"17,800",+830,4.89,"5,433,700",2026/08/28
113,113,4478,フリー(株),東証GRT,"4,435",+205,4.85,"1,149,000",2026/08/28
114,114,3762,テクマトリックス(株),東証PRM,"2,455",+113,4.82,"273,800",2026/08/28
115,115,4011,(株)ヘッドウォータース,東証GRT,"2,441",+112,4.81,"88,200",2026/08/28
116,116,3097,(株)物語コーポレーション,東証PRM,"5,890",+270,4.8,"212,000",2026/08/28
117,117,3935,(株)エディア,東証STD,709,+32,4.73,"82,800",2026/08/28
118,118,7094,(株)ＮｅｘＴｏｎｅ,東証GRT,"1,975",+89,4.72,"212,800",2026/08/28
119,119,472A,(株)ミラティブ,東証GRT,602,+27,4.7,"386,700",2026/08/28
120,120,4060,ｒａｋｕｍｏ(株),東証GRT,"1,230",+55,4.68,"28,600",2026/08/28
121,121,6579,ログリー(株),東証GRT,358,+16,4.68,"8,700",2026/08/28
122,122,6330,東洋エンジニアリング(株),東証PRM,"2,781",+124,4.67,"14,596,200",2026/08/28
123,123,2326,デジタルアーツ(株),東証PRM,"4,730",+210,4.65,"131,000",2026/08/28
124,124,7063,(株)Ｂｉｒｄｍａｎ,東証GRT,90,+4,4.65,"2,641,700",2026/08/28
125,125,4684,(株)オービック,東証PRM,"5,041",+223,4.63,"3,305,200",2026/08/28
126,126,325A,(株)ＴＥＮＴＩＡＬ,東証GRT,"1,766",+78,4.62,"313,500",2026/08/28
127,127,4488,ＡＩ　ｉｎｓｉｄｅ(株),東証GRT,"2,264",+100,4.62,"25,000",2026/08/28
128,128,3121,マーチャント・バンカーズ(株),東証STD,273,+12,4.6,"117,500",2026/08/28
129,129,6072,地盤ネットホールディングス(株),東証STD,"1,072",+47,4.59,"564,800",2026/08/28
130,130,6997,日本ケミコン(株),東証PRM,"2,824",+123,4.55,"1,062,100",2026/08/28
131,131,5621,(株)ヒューマンテクノロジーズ,東証GRT,"1,704",+74,4.54,"41,400",2026/08/28
132,132,4828,ビジネスエンジニアリング(株),東証PRM,"1,453",+63,4.53,"125,000",2026/08/28
133,133,4425,Ｋｕｄａｎ(株),東証GRT,"1,543",+66,4.47,"211,000",2026/08/28
134,134,5590,(株)ネットスターズ,東証GRT,725,+31,4.47,"131,100",2026/08/28
135,135,6045,(株)レントラックス,東証GRT,"2,500",+106,4.43,"23,100",2026/08/28
136,136,3994,(株)マネーフォワード,東証PRM,"6,712",+284,4.42,"1,210,500",2026/08/28
137,137,6898,トミタ電機(株),東証STD,"3,895",+165,4.42,"43,500",2026/08/28
138,138,3694,(株)オプティム,東証PRM,452,+19,4.39,"231,100",2026/08/28
139,139,6668,(株)アドテック　プラズマ　テクノロジー,東証STD,"4,180",+175,4.37,"89,100",2026/08/28
140,140,4307,(株)野村総合研究所,東証PRM,"5,266",+220,4.36,"2,687,300",2026/08/28
141,141,9722,藤田観光(株),東証PRM,"3,005",+125,4.34,"435,700",2026/08/28
142,142,7613,シークス(株),東証PRM,"1,645",+68,4.31,"552,100",2026/08/28
143,143,2413,エムスリー(株),東証PRM,"1,855",+76.5,4.3,"4,831,500",2026/08/28
144,144,500A,(株)ＴＯブックス,東証STD,"3,410",+140,4.28,"14,700",2026/08/28
145,145,5535,ミガロホールディングス(株),東証PRM,293,+12,4.27,"297,500",2026/08/28
146,146,4889,(株)レナサイエンス,東証GRT,"1,345",+55,4.26,"407,400",2026/08/28
147,147,4575,(株)キャンバス,東証GRT,884,+36,4.25,"471,100",2026/08/28
148,148,4412,(株)サイエンスアーツ,東証GRT,"1,283",+52,4.22,"23,600",2026/08/28
149,149,3565,アセンテック(株),東証STD,475,+19,4.17,"206,800",2026/08/28
150,150,269A,(株)Ｓａｐｅｅｔ,東証GRT,"2,730",+109,4.16,"21,600",2026/08/28
151,151,5033,(株)ヌーラボ,東証GRT,953,+38,4.15,"142,300",2026/08/28
152,152,4819,(株)デジタルガレージ,東証PRM,"2,312",+92,4.14,"248,300",2026/08/28
153,153,8600,トモニホールディングス(株),東証PRM,"1,143",+45,4.1,"436,300",2026/08/28
154,154,9889,ＪＢＣＣホールディングス(株),東証PRM,"1,782",+70,4.09,"188,000",2026/08/28
155,155,3850,(株)ＮＴＴデータイントラマート,東証STD,"3,580",+140,4.07,"59,400",2026/08/28
156,156,6391,(株)加地テック,東証STD,"4,900",+190,4.03,"5,900",2026/08/28
157,157,6702,富士通(株),東証PRM,"3,904",+151,4.02,"8,703,900",2026/08/28
158,158,2370,(株)メディネット,東証GRT,26,+1,4.0,"882,200",2026/08/28
159,159,8551,(株)北日本銀行,東証PRM,"8,080",+310,3.99,"66,500",2026/08/28
160,160,8338,(株)筑波銀行,東証PRM,757,+29,3.98,"2,239,000",2026/08/28
161,161,2489,(株)アドウェイズ,東証STD,419,+16,3.97,"428,400",2026/08/28
162,162,4243,(株)ニックス,東証STD,"1,069",+40,3.89,"2,400",2026/08/28
163,163,520A,ジェイファーマ(株),東証GRT,295,+11,3.87,"225,400",2026/08/28
164,164,6976,太陽誘電(株),東証PRM,"9,244",+344,3.87,"31,867,700",2026/08/28
165,165,7211,三菱自動車(株),東証PRM,388.7,+14.5,3.87,"12,573,700",2026/08/28
166,166,5588,ファーストアカウンティング(株),東証GRT,863,+32,3.85,"36,400",2026/08/28
167,167,3091,(株)ブロンコビリー,東証PRM,"2,840",+105,3.84,"65,700",2026/08/28
168,168,4377,(株)ワンキャリア,東証GRT,"2,649",+98,3.84,"164,000",2026/08/28
169,169,2767,円谷フィールズホールディングス(株),東証PRM,"2,605",+95,3.78,"573,900",2026/08/28
170,170,7527,(株)システムソフト,東証STD,55,+2,3.77,"1,216,800",2026/08/28
171,171,590A,ギフティグループ(株),東証PRM,"1,360",+49,3.74,"310,400",2026/08/28
172,172,5034,(株)ｕｎｅｒｒｙ,東証GRT,"2,283",+82,3.73,"19,600",2026/08/28
173,173,6562,(株)ジーニー,東証GRT,922,+33,3.71,"92,700",2026/08/28
174,174,9357,名港海運(株),名証MN,"2,570",+92,3.71,"8,000",2026/08/28
175,175,3040,(株)ソリトンシステムズ,東証PRM,"2,400",+85,3.67,"109,100",2026/08/28
176,176,3712,(株)情報企画,東証STD,"1,073",+38,3.67,"18,900",2026/08/28
177,177,366A,ウェルネス・コミュニケーションズ(株),東証GRT,"1,190",+42,3.66,"79,000",2026/08/28
178,178,5892,(株)ｙｕｔｏｒｉ,東証GRT,"2,642",+93,3.65,"73,500",2026/08/28
179,179,6701,ＮＥＣ,東証PRM,"4,908",+173,3.65,"7,675,800",2026/08/28
180,180,8624,いちよし証券(株),東証PRM,"1,789",+63,3.65,"183,000",2026/08/28
181,181,7003,(株)三井Ｅ＆Ｓ,東証PRM,"4,556",+160,3.64,"2,524,400",2026/08/28
182,182,8119,(株)三栄コーポレーション,東証STD,800,+28,3.63,"12,200",2026/08/28
183,183,1697,WisdomTree 大豆上場投信,東証ETF,"4,985",+173,3.6,"6,010",2026/08/28
184,184,5574,(株)ＡＢＥＪＡ,東証GRT,"3,080",+107,3.6,"292,200",2026/08/28
185,185,4324,(株)電通グループ,東証PRM,"3,662",+127,3.59,"1,113,300",2026/08/28
186,186,5018,(株)ＭＯＲＥＳＣＯ,東証STD,"2,351",+81,3.57,"65,300",2026/08/28
187,187,8617,光世証券(株),東証STD,642,+22,3.55,"27,300",2026/08/28
188,188,5132,(株)ｐｌｕｓｚｅｒｏ,東証GRT,"2,108",+72,3.54,"40,000",2026/08/28
189,189,9478,ＳＥホールディングス・アンド・インキュベーションズ(株),東証STD,526,+18,3.54,"94,300",2026/08/28
190,190,418A,ウリドキ(株),名証NXT,"1,319",+45,3.53,"2,500",2026/08/28
191,191,6548,(株)旅工房,東証GRT,118,+4,3.51,"86,800",2026/08/28
192,192,7138,(株)ＴＯＲＩＣＯ,東証GRT,178,+6,3.49,"4,536,100",2026/08/28
193,193,9227,マイクロ波化学(株),東証GRT,979,+33,3.49,"211,700",2026/08/28
194,194,5857,ＡＲＥホールディングス(株),東証PRM,"4,165",+140,3.48,"1,288,500",2026/08/28
195,195,6946,日本アビオニクス(株),東証STD,"5,940",+200,3.48,"220,800",2026/08/28
196,196,6996,ニチコン(株),東証PRM,"2,736",+92,3.48,"1,110,300",2026/08/28
197,197,3923,(株)ラクス,東証PRM,"1,176.5",+39.5,3.47,"3,388,200",2026/08/28
198,198,7806,(株)ＭＴＧ,東証GRT,"9,250",+310,3.47,"169,500",2026/08/28
199,199,175A,(株)Ｗｉｌｌ　Ｓｍａｒｔ,東証GRT,657,+22,3.46,"7,800",2026/08/28
200,200,3687,(株)フィックスターズ,東証PRM,"2,271",+76,3.46,"633,400",2026/08/28
201,201,7046,ＴＤＳＥ(株),東証GRT,"1,346",+45,3.46,"5,800",2026/08/28
202,202,3672,(株)オルトプラス,東証STD,30,+1,3.45,"401,600",2026/08/28
203,203,3807,(株)フィスコ,東証GRT,90,+3,3.45,"466,300",2026/08/28
204,204,3996,サインポスト(株),東証STD,210,+7,3.45,"58,500",2026/08/28
205,205,4833,(株)Ｄｅｆ　ｃｏｎｓｕｌｔｉｎｇ,東証GRT,60,+2,3.45,"8,975,500",2026/08/28
206,206,6993,大黒屋ホールディングス(株),東証STD,90,+3,3.45,"1,717,500",2026/08/28
207,207,4051,ＧＭＯフィナンシャルゲート(株),東証PRM,"6,640",+220,3.43,"35,700",2026/08/28
208,208,4075,ブレインズテクノロジー(株),東証GRT,937,+31,3.42,"10,000",2026/08/28
209,209,1319,(NEXT FUNDS)日経300株価指数連動型上場投信,東証ETF,774,+25.5,3.41,"6,000",2026/08/28
210,210,4691,ワシントンホテル(株),東証STD,"2,431",+80,3.4,"63,100",2026/08/28
211,211,5302,日本カーボン(株),東証PRM,"5,190",+170,3.39,"94,100",2026/08/28
212,212,6947,(株)図研,東証PRM,"5,180",+170,3.39,"89,700",2026/08/28
213,213,7218,田中精密工業(株),東証STD,"1,163",+38,3.38,"6,500",2026/08/28
214,214,9697,(株)カプコン,東証PRM,"4,299",+140,3.37,"1,771,300",2026/08/28
215,215,1711,(株)ＳＤＳホールディングス,東証STD,247,+8,3.35,"131,500",2026/08/28
216,216,4074,(株)ラキール,東証GRT,806,+26,3.33,"12,000",2026/08/28
217,217,6547,(株)グリーンズ,東証STD,"2,182",+70,3.31,"79,300",2026/08/28
218,218,6549,ディーエムソリューションズ(株),東証STD,"1,069",+34,3.29,"7,500",2026/08/28
219,219,4168,(株)ヤプリ,東証GRT,787,+25,3.28,"81,000",2026/08/28
220,220,7093,アディッシュ(株),東証GRT,599,+19,3.28,"15,200",2026/08/28
221,221,4017,(株)クリーマ,東証GRT,222,+7,3.26,"12,000",2026/08/28
222,222,431A,ユーソナー(株),東証GRT,"2,481",+78,3.25,"48,600",2026/08/28
223,223,4847,(株)インテリジェント　ウェイブ,東証PRM,"1,398",+44,3.25,"120,500",2026/08/28
224,224,150A,(株)ＪＳＨ,東証GRT,765,+24,3.24,"236,600",2026/08/28
225,225,3563,(株)ＦＯＯＤ　＆　ＬＩＦＥ　ＣＯＭＰＡＮＩＥＳ,東証PRM,"5,990",+188,3.24,"2,575,200",2026/08/28
226,226,8056,ＢＩＰＲＯＧＹ(株),東証PRM,"4,807",+151,3.24,"491,100",2026/08/28
227,227,3823,ＴＨＥ　ＷＨＹ　ＨＯＷ　ＤＯ　ＣＯＭＰＡＮＹ(株),東証STD,32,+1,3.23,"227,600",2026/08/28
228,228,4194,ビジョナル(株),東証PRM,"9,574",+300,3.23,"173,000",2026/08/28
229,229,7565,萬世電機(株),東証STD,"8,360",+260,3.21,200,2026/08/28
230,230,9444,(株)トーシンホールディングス,東証STD,289,+9,3.21,"18,600",2026/08/28
231,231,8345,(株)岩手銀行,東証PRM,"2,566",+79,3.18,"435,400",2026/08/28
232,232,4816,東映アニメーション(株),東証STD,"3,060",+94,3.17,"269,100",2026/08/28
233,233,5884,(株)クラダシ,東証GRT,655,+20,3.15,"19,800",2026/08/28
234,234,6357,三精テクノロジーズ(株),東証STD,"2,816",+86,3.15,"79,200",2026/08/28
235,235,6460,セガサミーホールディングス(株),東証PRM,"3,111",+95,3.15,"1,082,700",2026/08/28
236,236,9449,ＧＭＯインターネットグループ(株),東証PRM,"4,259",+130,3.15,"350,000",2026/08/28
237,237,341A,(株)トヨコー,東証GRT,"2,070",+63,3.14,"61,100",2026/08/28
238,238,6337,(株)テセック,東証STD,"3,285",+100,3.14,"34,400",2026/08/28
239,239,4293,(株)セプテーニ・ホールディングス,東証STD,529,+16,3.12,"951,200",2026/08/28
240,240,7018,内海造船(株),東証STD,"13,280",+400,3.11,"49,200",2026/08/28
241,241,3636,(株)三菱総合研究所,東証PRM,"5,150",+155,3.1,"55,600",2026/08/28
242,242,4323,日本システム技術(株),東証PRM,"1,975",+59,3.08,"58,600",2026/08/28
243,243,8368,(株)百五銀行,東証PRM,"2,443",+73,3.08,"1,018,300",2026/08/28
244,244,6727,(株)ワコム,東証PRM,840,+25,3.07,"607,300",2026/08/28
245,245,7774,(株)ジャパン・ティッシュエンジニアリング,東証GRT,874,+26,3.07,"119,500",2026/08/28
246,246,8060,キヤノンマーケティングジャパン(株),東証PRM,"3,688",+110,3.07,"649,500",2026/08/28
247,247,9211,(株)エフ・コード,東証GRT,"1,544",+46,3.07,"123,000",2026/08/28
248,248,464A,(株)ＱＰＳホールディングス,東証GRT,"1,920",+57,3.06,"1,560,800",2026/08/28
249,249,4506,住友ファーマ(株),東証PRM,"1,485",+44,3.05,"2,711,900",2026/08/28
250,250,6118,アイダエンジニアリング(株),東証PRM,"1,318",+39,3.05,"393,800",2026/08/28
251,251,526A,JPXスタートアップ急成長100ETF,東証ETF,"2,410",+71,3.04,"2,702",2026/08/28
252,252,7974,任天堂(株),東証PRM,"8,993",+265,3.04,"12,451,600",2026/08/28
253,253,8541,(株)愛媛銀行,東証PRM,"3,215",+95,3.04,"160,900",2026/08/28
254,254,3774,(株)インターネットイニシアティブ,東証PRM,"3,361",+99,3.03,"931,500",2026/08/28
255,255,5572,(株)Ｒｉｄｇｅ－ｉ,東証GRT,"3,060",+90,3.03,"75,900",2026/08/28
256,256,7064,(株)ハウテレビジョン,東証STD,918,+27,3.03,"7,600",2026/08/28
257,257,3660,(株)アイスタイル,東証PRM,547,+16,3.01,"2,181,600",2026/08/28
258,258,3153,八洲電機(株),東証PRM,"3,090",+90,3.0,"140,900",2026/08/28
259,259,4733,(株)オービックビジネスコンサルタント,東証PRM,"8,755",+255,3.0,"403,400",2026/08/28
260,260,7936,(株)アシックス,東証PRM,"4,601",+134,3.0,"7,433,100",2026/08/28
261,261,2516,東証グロース250ETF,東証ETF,654,+19,2.99,"842,030",2026/08/28
262,262,6031,ＺＥＴＡ(株),東証GRT,277,+8,2.97,"36,400",2026/08/28
263,263,3793,(株)ドリコム,東証GRT,521,+15,2.96,"129,700",2026/08/28
264,264,4616,川上塗料(株),東証STD,"2,198",+63,2.95,"1,800",2026/08/28
265,265,5254,(株)Ａｒｅｎｔ,東証GRT,"4,195",+120,2.94,"19,900",2026/08/28
266,266,5586,(株)Ｌａｂｏｒｏ．ＡＩ,東証GRT,911,+26,2.94,"90,000",2026/08/28
267,267,7090,(株)リグア,東証GRT,946,+27,2.94,"2,500",2026/08/28
268,268,7780,(株)メニコン,東証PRM,"1,926",+55,2.94,"258,100",2026/08/28
269,269,2317,(株)システナ,東証PRM,456,+13,2.93,"1,846,300",2026/08/28
270,270,6635,(株)大日光・エンジニアリング,東証STD,668,+19,2.93,"21,400",2026/08/28
271,271,8308,(株)りそなホールディングス,東証PRM,"2,512.5",+71,2.91,"13,242,100",2026/08/28
272,272,4192,スパイダープラス(株),東証GRT,284,+8,2.9,"158,400",2026/08/28
273,273,215A,(株)タイミー,東証GRT,"1,818",+51,2.89,"2,035,000",2026/08/28
274,274,4932,(株)アルマード,東証STD,782,+22,2.89,"19,000",2026/08/28
275,275,4766,(株)ピーエイ,東証STD,214,+6,2.88,"13,700",2026/08/28
276,276,5458,高砂鐵工(株),東証STD,"1,395",+39,2.88,800,2026/08/28
277,277,7201,日産自動車(株),東証PRM,321,+9,2.88,"42,426,100",2026/08/28
278,278,2375,ギグワークス(株),東証STD,215,+6,2.87,"69,000",2026/08/28
279,279,141A,(株)トライアルホールディングス,東証GRT,"4,135",+115,2.86,"802,200",2026/08/28
280,280,9107,川崎汽船(株),東証PRM,"3,382",+94,2.86,"4,170,800",2026/08/28
281,281,4434,(株)サーバーワークス,東証STD,"2,522",+70,2.85,"107,000",2026/08/28
282,282,5253,カバー(株),東証GRT,"1,730",+48,2.85,"1,719,000",2026/08/28
283,283,7036,(株)イーエムネットジャパン,東証GRT,688,+19,2.84,"1,600",2026/08/28
284,284,3915,(株)テラスカイ,東証PRM,"2,399",+66,2.83,"272,600",2026/08/28
285,285,8041,ＯＵＧホールディングス(株),東証STD,"4,720",+130,2.83,"3,500",2026/08/28
286,286,8344,(株)山形銀行,東証PRM,"4,730",+130,2.83,"153,000",2026/08/28
287,287,6634,(株)ＪＮグループ,東証STD,73,+2,2.82,"320,900",2026/08/28
288,288,2705,(株)大戸屋ホールディングス,東証STD,"9,560",+260,2.8,"23,400",2026/08/28
289,289,4016,ＭＩＴホールディングス(株),東証STD,"1,027",+28,2.8,"10,300",2026/08/28
290,290,1563,東証グロース･コア,東証ETF,"2,617",+71,2.79,"102,665",2026/08/28
291,291,6999,ＫＯＡ(株),東証PRM,"2,359",+64,2.79,"438,000",2026/08/28
292,292,190A,Ｃｈｏｒｄｉａ　Ｔｈｅｒａｐｅｕｔｉｃｓ(株),東証GRT,74,+2,2.78,"591,900",2026/08/28
293,293,5936,東洋シヤッター(株),東証STD,925,+25,2.78,"20,100",2026/08/28
294,294,7389,(株)あいちフィナンシャルグループ,東証PRM,"1,958",+53,2.78,"905,100",2026/08/28
295,295,8057,(株)内田洋行,東証PRM,"2,330",+63,2.78,"210,300",2026/08/28
296,296,479A,ＰＲＯＮＩ(株),東証GRT,"2,009",+54,2.76,"42,600",2026/08/28
297,297,5971,(株)共和工業所,東証STD,"8,600",+230,2.75,"1,700",2026/08/28
298,298,4894,クオリプス(株),東証GRT,"6,000",+160,2.74,"160,600",2026/08/28
299,299,7713,シグマ光機(株),東証STD,"2,359",+63,2.74,"36,400",2026/08/28
300,300,8163,ＳＲＳホールディングス(株),東証PRM,"1,577",+42,2.74,"114,600",2026/08/28
301,301,6268,ナブテスコ(株),東証PRM,"4,706",+125,2.73,"1,629,400",2026/08/28
302,302,8550,(株)栃木銀行,東証PRM,"1,094",+29,2.72,"580,200",2026/08/28
303,303,3673,(株)ブロードリーフ,東証PRM,493,+13,2.71,"947,000",2026/08/28
304,304,6612,バルミューダ(株),東証GRT,606,+16,2.71,"5,600",2026/08/28
305,305,7354,(株)ダイレクトマーケティングミックス,東証STD,379,+10,2.71,"234,300",2026/08/28
306,306,4196,(株)ネオマーケティング,東証STD,"2,128",+56,2.7,"32,200",2026/08/28
307,307,6574,(株)コンヴァノ,東証GRT,114,+3,2.7,"957,700",2026/08/28
308,308,9633,東京テアトル(株),東証STD,"1,980",+52,2.7,"24,000",2026/08/28
309,309,3836,(株)アバントグループ,東証PRM,"1,221",+32,2.69,"103,500",2026/08/28
310,310,6088,(株)シグマクシス・ホールディングス,東証PRM,572,+15,2.69,"697,900",2026/08/28
311,311,7412,(株)アトム,東証STD,382,+10,2.69,"516,600",2026/08/28
312,312,9692,(株)シーイーシー,東証PRM,"2,555",+67,2.69,"116,500",2026/08/28
313,313,3719,ＡＩストーム(株),東証STD,115,+3,2.68,"455,800",2026/08/28
314,314,8616,東海東京フィナンシャル・ホールディングス(株),東証PRM,920,+24,2.68,"1,247,700",2026/08/28
315,315,9244,(株)デジタリフト,東証GRT,"1,386",+36,2.67,"11,000",2026/08/28
316,316,2590,ダイドーグループホールディングス(株),東証PRM,"3,090",+80,2.66,"732,500",2026/08/28
317,317,9101,日本郵船(株),東証PRM,"7,115",+183,2.64,"2,780,100",2026/08/28
318,318,8628,松井証券(株),東証PRM,"1,211",+31,2.63,"2,523,000",2026/08/28
319,319,1675,WisdomTree パラジウム上場投信,東証ETF,"19,800",+505,2.62,197,2026/08/28
320,320,330A,(株)ＴａｌｅｎｔＸ,東証GRT,509,+13,2.62,"11,600",2026/08/28
321,321,1543,純パラジウム上場信託(現物国内保管型),東証ETF,"62,900","+1,600",2.61,282,2026/08/28
322,322,194A,(株)ＷＯＬＶＥＳ　ＨＡＮＤ,東証GRT,"1,929",+49,2.61,"23,100",2026/08/28
323,323,9424,日本通信(株),東証PRM,118,+3,2.61,"1,928,700",2026/08/28
324,324,3993,(株)ＰＫＳＨＡ　Ｔｅｃｈｎｏｌｏｇｙ,東証PRM,"3,355",+85,2.6,"485,800",2026/08/28
325,325,4716,日本オラクル(株),東証STD,"9,510",+241,2.6,"247,000",2026/08/28
326,326,9310,日本トランスシティ(株),東証PRM,"1,422",+36,2.6,"147,300",2026/08/28
327,327,3727,(株)アプリックス,東証GRT,159,+4,2.58,"151,700",2026/08/28
328,328,3976,(株)シャノン,東証GRT,637,+16,2.58,"44,400",2026/08/28
329,329,4387,(株)ＺＵＵ,東証GRT,516,+13,2.58,"2,500",2026/08/28
330,330,4768,(株)大塚商会,東証PRM,"3,652",+92,2.58,"1,093,700",2026/08/28
331,331,6619,ダブル・スコープ(株),東証PRM,159,+4,2.58,"1,913,600",2026/08/28
332,332,2982,(株)ＡＤワークスグループ,東証PRM,439,+11,2.57,"362,000",2026/08/28
333,333,7322,(株)三十三フィナンシャルグループ,東証PRM,"2,152",+54,2.57,"304,900",2026/08/28
334,334,8614,東洋証券(株),東証PRM,758,+19,2.57,"983,400",2026/08/28
335,335,4563,アンジェス(株),東証GRT,40,+1,2.56,"2,521,800",2026/08/28
336,336,6277,ホソカワミクロン(株),東証PRM,"5,600",+140,2.56,"34,900",2026/08/28
337,337,5139,オープンワーク(株),東証GRT,967,+24,2.55,"20,800",2026/08/28
338,338,6724,セイコーエプソン(株),東証PRM,"3,218",+80,2.55,"1,809,400",2026/08/28
339,339,1827,(株)ナカノフドー建設,東証STD,"1,373",+34,2.54,"18,100",2026/08/28
340,340,6448,ブラザー工業(株),東証PRM,"4,844",+120,2.54,"1,366,300",2026/08/28
341,341,456A,ＨＵＭＡＮ　ＭＡＤＥ(株),東証GRT,"1,621",+40,2.53,"383,400",2026/08/28
342,342,9087,タカセ(株),東証STD,"2,150",+53,2.53,"1,100",2026/08/28
343,343,1433,ベステラ(株),東証PRM,"1,300",+32,2.52,"128,800",2026/08/28
344,344,5699,(株)イボキン,東証STD,"1,629",+40,2.52,"12,900",2026/08/28
345,345,3753,(株)フライトソリューションズ,東証STD,245,+6,2.51,"169,900",2026/08/28
346,346,8388,(株)阿波銀行,東証PRM,"10,200",+250,2.51,"237,300",2026/08/28
347,347,9766,コナミグループ(株),東証PRM,"22,280",+545,2.51,"432,300",2026/08/28
348,348,2488,ＪＴＰ(株),東証STD,"1,515",+37,2.5,"42,600",2026/08/28
349,349,3962,(株)チェンジホールディングス,東証PRM,"1,028",+25,2.49,"252,600",2026/08/28
350,350,7279,(株)ハイレックスコーポレーション,東証STD,"2,671",+65,2.49,"187,900",2026/08/28
351,351,9644,(株)タナベコンサルティンググループ,東証PRM,782,+19,2.49,"111,200",2026/08/28
352,352,4592,サンバイオ(株),東証GRT,"1,032",+25,2.48,"816,900",2026/08/28
353,353,9278,ブックオフグループホールディングス(株),東証PRM,"3,100",+75,2.48,"115,900",2026/08/28
354,354,9928,(株)ミロク情報サービス,東証PRM,"2,070",+50,2.48,"97,600",2026/08/28
355,355,3054,(株)ハイパー,東証STD,374,+9,2.47,"69,500",2026/08/28
356,356,4430,東海ソフト(株),東証STD,"1,745",+42,2.47,"42,100",2026/08/28
357,357,7505,扶桑電通(株),東証STD,"2,197",+53,2.47,"12,500",2026/08/28
358,358,8045,横浜丸魚(株),東証STD,"2,030",+49,2.47,"1,600",2026/08/28
359,359,3064,(株)ＭｏｎｏｔａＲＯ,東証PRM,"1,918.5",+46,2.46,"1,940,800",2026/08/28
360,360,3640,(株)電算,東証STD,"2,891",+69,2.45,"11,300",2026/08/28
361,361,580A,GX 銅ビジネス,東証ETF,"1,130",+27,2.45,"11,145",2026/08/28
362,362,8439,東京センチュリー(株),東証PRM,"2,696.5",+64.5,2.45,"1,124,200",2026/08/28
363,363,5036,日本ビジネスシステムズ(株),東証PRM,"1,640",+39,2.44,"104,500",2026/08/28
364,364,9987,(株)スズケン,東証PRM,"5,172",+123,2.44,"266,200",2026/08/28
365,365,4381,ビープラッツ(株),東証GRT,295,+7,2.43,"209,700",2026/08/28
366,366,7550,(株)ゼンショーホールディングス,東証PRM,"12,000",+285,2.43,"494,400",2026/08/28
367,367,7715,長野計器(株),東証PRM,"4,005",+95,2.43,"132,800",2026/08/28
368,368,3549,(株)クスリのアオキホールディングス,東証STD,"4,196",+99,2.42,"255,600",2026/08/28
369,369,4073,(株)ジィ・シィ企画,東証GRT,507,+12,2.42,"7,000",2026/08/28
370,370,7887,南海プライウッド(株),東証STD,"1,569",+37,2.42,"3,000",2026/08/28
371,371,2433,(株)博報堂ＤＹホールディングス,東証PRM,"1,360.5",+32,2.41,"765,000",2026/08/28
372,372,6810,マクセル(株),東証PRM,"2,507",+59,2.41,"214,800",2026/08/28
373,373,7267,ホンダ,東証PRM,"1,702.5",+40,2.41,"15,908,400",2026/08/28
374,374,415A,ＧＭＯ　ＴＥＣＨホールディングス(株),東証GRT,"5,130",+120,2.4,"4,800",2026/08/28
375,375,5248,(株)テクノロジーズ,東証GRT,513,+12,2.4,"40,700",2026/08/28
376,376,5702,(株)大紀アルミニウム工業所,東証PRM,"1,926",+45,2.39,"277,700",2026/08/28
377,377,6364,(株)ＡＩＲＭＡＮ,東証PRM,"2,617",+61,2.39,"87,100",2026/08/28
378,378,2499,日本和装ホールディングス(株),東証STD,301,+7,2.38,"12,600",2026/08/28
379,379,4380,(株)Ｍマート,東証GRT,687,+16,2.38,"4,600",2026/08/28
380,380,7456,松田産業(株),東証PRM,"7,320",+170,2.38,"142,900",2026/08/28
381,381,6224,(株)ＪＲＣ,東証GRT,"1,208",+28,2.37,"57,900",2026/08/28
382,382,9962,(株)ミスミグループ本社,東証PRM,"3,754",+87,2.37,"1,691,000",2026/08/28
383,383,6366,千代田化工建設(株),東証STD,738,+17,2.36,"2,764,000",2026/08/28
384,384,8622,水戸証券(株),東証PRM,998,+23,2.36,"700,800",2026/08/28
385,385,3024,クリエイト(株),東証STD,"1,180",+27,2.34,"1,600",2026/08/28
386,386,5946,(株)長府製作所,東証PRM,"2,111",+48,2.33,"62,700",2026/08/28
387,387,8544,(株)京葉銀行,東証PRM,"2,852",+65,2.33,"270,300",2026/08/28
388,388,3663,(株)セルシス,東証PRM,"1,988",+45,2.32,"228,100",2026/08/28
389,389,6676,(株)バッファロー,東証STD,"3,085",+70,2.32,"43,800",2026/08/28
390,390,3854,(株)アイル,東証PRM,"2,483",+56,2.31,"127,700",2026/08/28
391,391,9388,(株)パパネッツ,福岡Q,930,+21,2.31,"1,000",2026/08/28
392,392,3963,(株)シンクロ・フード,東証PRM,356,+8,2.3,"33,400",2026/08/28
393,393,2440,(株)ぐるなび,東証STD,134,+3,2.29,"144,300",2026/08/28
394,394,478A,(株)フツパー,東証GRT,803,+18,2.29,"72,400",2026/08/28
395,395,4013,勤次郎(株),東証GRT,674,+15,2.28,"41,100",2026/08/28
396,396,6016,(株)ジャパンエンジンコーポレーション,東証STD,"11,200",+250,2.28,"202,400",2026/08/28
397,397,6778,(株)アルチザネットワークス,東証STD,672,+15,2.28,"49,400",2026/08/28
398,398,6643,(株)戸上電機製作所,東証STD,"5,860",+130,2.27,"8,700",2026/08/28
399,399,7161,(株)じもとホールディングス,東証STD,588,+13,2.26,"90,500",2026/08/28
400,400,2437,Ｓｈｉｎｗａ　Ｗｉｓｅ　Ｈｏｌｄｉｎｇｓ(株),東証STD,636,+14,2.25,"78,200",2026/08/28
401,401,6750,エレコム(株),東証PRM,"2,007",+44,2.24,"193,400",2026/08/28
402,402,9564,(株)ＦＣＥ,東証STD,593,+13,2.24,"41,100",2026/08/28
403,403,3626,ＴＩＳＩ(株),東証PRM,"3,957",+86,2.22,"781,700",2026/08/28
404,404,2321,(株)ソフトフロントホールディングス,東証GRT,139,+3,2.21,"210,300",2026/08/28
405,405,9325,ファイズホールディングス(株),東証STD,"1,109",+24,2.21,"6,700",2026/08/28
406,406,9913,日邦産業(株),東証STD,"3,470",+75,2.21,"6,200",2026/08/28
407,407,6417,(株)ＳＡＮＫＹＯ,東証PRM,"2,021.5",+43.5,2.2,"1,185,000",2026/08/28
408,408,7014,(株)名村造船所,東証STD,"4,880",+105,2.2,"1,977,400",2026/08/28
409,409,8609,(株)岡三証券グループ,東証PRM,"1,254",+27,2.2,"783,900",2026/08/28
410,410,4053,(株)Ｓｕｎ　Ａｓｔｅｒｉｓｋ,東証PRM,466,+10,2.19,"66,000",2026/08/28
411,411,4179,(株)ジーネクスト,東証GRT,374,+8,2.19,"26,300",2026/08/28
412,412,4375,セーフィー(株),東証GRT,701,+15,2.19,"381,300",2026/08/28
413,413,8601,(株)大和証券グループ本社,東証PRM,"1,863",+40,2.19,"5,585,000",2026/08/28
414,414,9343,(株)アイビス,東証GRT,840,+18,2.19,"124,100",2026/08/28
415,415,2327,日鉄ソリューションズ(株),東証PRM,"3,986",+85,2.18,"231,400",2026/08/28
416,416,254A,ＡＩフュージョンキャピタルグループ(株),東証STD,"1,220",+26,2.18,"19,900",2026/08/28
417,417,4445,リビン・テクノロジーズ(株),東証GRT,"1,880",+40,2.17,"1,000",2026/08/28
418,418,6036,ＫｅｅＰｅｒ技研(株),東証PRM,"3,290",+70,2.17,"97,200",2026/08/28
419,419,6525,(株)ＫＯＫＵＳＡＩ　ＥＬＥＣＴＲＩＣ,東証PRM,"8,911",+189,2.17,"6,226,100",2026/08/28
420,420,9160,(株)オンザページ,東証STD,329,+7,2.17,"37,100",2026/08/28
421,421,9221,フルハシＥＰＯ(株),東証STD,"1,176",+25,2.17,"35,900",2026/08/28
422,422,9888,(株)ＵＥＸ,東証STD,"1,274",+27,2.17,"65,700",2026/08/28
423,423,3845,(株)アイフリークモバイル,東証STD,284,+6,2.16,"96,500",2026/08/28
424,424,7255,(株)桜井製作所,東証STD,520,+11,2.16,900,2026/08/28
425,425,7776,(株)セルシード,東証GRT,236,+5,2.16,"193,500",2026/08/28
426,426,9561,(株)グラッドキューブ,東証GRT,426,+9,2.16,"20,500",2026/08/28
427,427,5578,ＡＲアドバンストテクノロジ(株),東証GRT,855,+18,2.15,"69,400",2026/08/28
428,428,6250,(株)やまびこ,東証PRM,"4,285",+90,2.15,"138,600",2026/08/28
429,429,6501,(株)日立製作所,東証PRM,"5,550",+117,2.15,"15,398,000",2026/08/28
430,430,6623,愛知電機(株),名証PRM,"9,020",+190,2.15,"4,200",2026/08/28
431,431,265A,Ｈｍｃｏｍｍ(株),東証GRT,716,+15,2.14,"13,200",2026/08/28
432,432,4071,(株)プラスアルファ・コンサルティング,東証PRM,"2,243",+47,2.14,"256,700",2026/08/28
433,433,4792,山田コンサルティンググループ(株),東証PRM,"1,811",+38,2.14,"43,200",2026/08/28
434,434,6736,サン電子(株),東証STD,"8,580",+180,2.14,"33,100",2026/08/28
435,435,8698,マネックスグループ(株),東証PRM,765,+16,2.14,"2,534,400",2026/08/28
436,436,9854,愛眼(株),東証STD,288,+6,2.13,"77,000",2026/08/28
437,437,2120,(株)ＬＩＦＵＬＬ,東証PRM,241,+5,2.12,"1,165,300",2026/08/28
438,438,3824,メディアファイブ(株),福岡Q,724,+15,2.12,100,2026/08/28
439,439,4680,(株)ラウンドワン,東証PRM,"1,347.5",+28,2.12,"1,534,500",2026/08/28
440,440,9355,(株)リンコーコーポレーション,東証STD,"2,268",+47,2.12,100,2026/08/28
441,441,3323,レカム(株),東証STD,97,+2,2.11,"967,600",2026/08/28
442,442,3788,ＧＭＯグローバルサイン・ホールディングス(株),東証PRM,"2,125",+44,2.11,"28,800",2026/08/28
443,443,5597,ブルーイノベーション(株),東証GRT,"1,455",+30,2.11,"77,100",2026/08/28
444,444,6737,ＥＩＺＯ(株),東証PRM,"3,140",+65,2.11,"162,600",2026/08/28
445,445,9739,ＮＳＷ(株),東証PRM,"2,805",+58,2.11,"55,700",2026/08/28
446,446,5246,(株)ＥＬＥＭＥＮＴＳ,東証GRT,924,+19,2.1,"643,600",2026/08/28
447,447,533A,NZAM 上場投信 S&P500(H無),東証ETF,"2,336",+48,2.1,8,2026/08/28
448,448,9468,(株)ＫＡＤＯＫＡＷＡ,東証PRM,"3,749",+77,2.1,"332,600",2026/08/28
449,449,1798,(株)守谷商会,東証STD,"1,076",+22,2.09,"5,100",2026/08/28
450,450,6532,(株)ベイカレント,東証PRM,"8,126",+166,2.09,"1,152,800",2026/08/28
451,451,7270,(株)ＳＵＢＡＲＵ,東証PRM,"2,639",+54,2.09,"4,078,100",2026/08/28
452,452,9759,(株)ＮＳＤ,東証PRM,"2,950",+60.5,2.09,"272,500",2026/08/28
453,453,1783,(株)ｆａｎｔａｓｉｓｔａ,東証STD,49,+1,2.08,"124,200",2026/08/28
454,454,6147,(株)ヤマザキ,福証,196,+4,2.08,700,2026/08/28
455,455,9684,(株)スクウェア・エニックス・ホールディングス,東証PRM,"2,945",+60,2.08,"1,207,600",2026/08/28
456,456,2175,(株)エス・エム・エス,東証PRM,"2,462",+50,2.07,"496,400",2026/08/28
457,457,244A,グロースエクスパートナーズ(株),東証GRT,"1,186",+24,2.07,"2,400",2026/08/28
458,458,4552,ＪＣＲファーマ(株),東証PRM,543,+11,2.07,"406,400",2026/08/28
459,459,3237,(株)イントランス,東証GRT,99,+2,2.06,"120,300",2026/08/28
460,460,3371,(株)ソフトクリエイトホールディングス,東証PRM,"2,178",+44,2.06,"39,800",2026/08/28
461,461,9119,飯野海運(株),東証PRM,"1,736",+35,2.06,"659,700",2026/08/28
462,462,9336,大栄環境(株),東証PRM,"3,970",+80,2.06,"449,700",2026/08/28
463,463,9908,Ｄｅｎｋｅｉ,東証STD,"2,871",+58,2.06,"24,300",2026/08/28
464,464,319A,(株)技術承継機構,東証GRT,"20,440",+410,2.05,"22,500",2026/08/28
465,465,3989,シェアリングテクノロジー(株),東証GRT,"1,595",+32,2.05,"120,500",2026/08/28
466,466,505A,(株)ギークリー,東証STD,"1,444",+29,2.05,"35,700",2026/08/28
467,467,6440,ＪＵＫＩ(株),東証PRM,697,+14,2.05,"368,200",2026/08/28
468,468,9682,(株)ＤＴＳ,東証PRM,"1,144",+23,2.05,"1,231,900",2026/08/28
469,469,2354,(株)ＹＥ　ＤＩＧＩＴＡＬ,東証STD,"1,499",+30,2.04,"542,800",2026/08/28
470,470,4483,(株)ＪＭＤＣ,東証PRM,"3,500",+70,2.04,"187,500",2026/08/28
471,471,6730,(株)アクセル,東証STD,"1,200",+24,2.04,"266,900",2026/08/28
472,472,9082,大和自動車交通(株),東証STD,"2,000",+40,2.04,400,2026/08/28
473,473,3180,(株)ビューティガレージ,東証PRM,"1,560",+31,2.03,"24,200",2026/08/28
474,474,8729,ソニーフィナンシャルグループ(株),東証PRM,165.8,+3.3,2.03,"68,720,600",2026/08/28
475,475,2640,GX ゲーム＆アニメ-日本株式,東証ETF,"4,349",+86,2.02,"15,431",2026/08/28
476,476,3984,(株)ユーザーローカル,東証PRM,"1,566",+31,2.02,"84,300",2026/08/28
477,477,4570,(株)免疫生物研究所,東証GRT,"1,110",+22,2.02,"270,800",2026/08/28
478,478,5256,(株)Ｆｕｓｉｃ,東証GRT,"2,630",+52,2.02,"7,600",2026/08/28
479,479,6908,イリソ電子工業(株),東証PRM,"2,834",+56,2.02,"131,700",2026/08/28
480,480,9090,ＡＺ－ＣＯＭ丸和ホールディングス(株),東証PRM,909,+18,2.02,"1,144,100",2026/08/28
481,481,4937,(株)Ｗａｑｏｏ,東証GRT,"2,330",+46,2.01,"3,200",2026/08/28
482,482,1758,太洋基礎工業(株),東証STD,"2,500",+49,2.0,200,2026/08/28
483,483,3416,ピクスタ(株),東証STD,918,+18,2.0,"4,100",2026/08/28
484,484,7616,(株)コロワイド,東証PRM,"2,143",+42,2.0,"404,900",2026/08/28
485,485,8173,(株)Ｊｏｓｈｉｎ,東証PRM,"4,330",+85,2.0,"137,700",2026/08/28
486,486,8708,アイザワ証券グループ(株),東証PRM,"1,890",+37,2.0,"203,000",2026/08/28
487,487,9412,スカパーＪＳＡＴ(株),東証PRM,"2,193",+43,2.0,"2,708,000",2026/08/28
488,488,195A,(株)ＭＵＳＣＡＴ　ＧＲＯＵＰ,東証GRT,615,+12,1.99,"5,500",2026/08/28
489,489,300A,ＭＩＣ(株),東証STD,"3,330",+65,1.99,"7,300",2026/08/28
490,490,5026,(株)トリプルアイズ,東証GRT,614,+12,1.99,"49,600",2026/08/28
491,491,6942,(株)ソフィアホールディングス,東証STD,"1,434",+28,1.99,"8,000",2026/08/28
492,492,3635,(株)コーエーテクモホールディングス,東証PRM,"1,722",+33.5,1.98,"877,100",2026/08/28
493,493,3964,(株)オークネット,東証PRM,"1,443",+28,1.98,"1,356,600",2026/08/28
494,494,4476,ＡＩ　ＣＲＯＳＳ(株),東証GRT,"1,186",+23,1.98,"36,800",2026/08/28
495,495,5726,(株)大阪チタニウムテクノロジーズ,東証PRM,"2,679",+52,1.98,"523,700",2026/08/28
496,496,7033,(株)マネジメントソリューションズ,東証PRM,"1,702",+33,1.98,"74,100",2026/08/28
497,497,8558,(株)東和銀行,東証PRM,"1,496",+29,1.98,"156,300",2026/08/28
498,498,3107,ダイワボウホールディングス(株),東証PRM,"3,781",+73,1.97,"222,600",2026/08/28
499,499,4896,(株)ケイファーマ,東証GRT,775,+15,1.97,"7,900",2026/08/28
500,500,5967,ＴＯＮＥ(株),東証STD,465,+9,1.97,"15,700",2026/08/28
501,501,6496,(株)中北製作所,東証STD,"5,690",+110,1.97,"4,000",2026/08/28
502,502,7921,(株)ＴＡＫＡＲＡ　＆　ＣＯＭＰＡＮＹ,東証PRM,"4,395",+85,1.97,"26,400",2026/08/28
503,503,8387,(株)四国銀行,東証PRM,"3,615",+70,1.97,"226,300",2026/08/28
504,504,8560,(株)宮崎太陽銀行,福証,"2,599",+50,1.96,900,2026/08/28
505,505,8366,(株)滋賀銀行,東証PRM,"2,817",+54,1.95,"598,100",2026/08/28
506,506,1695,WisdomTree 小麦上場投信,東証ETF,"3,833",+73,1.94,"42,557",2026/08/28
507,507,3950,ザ・パック(株),東証PRM,"1,527",+29,1.94,"99,300",2026/08/28
508,508,4674,(株)クレスコ,東証PRM,"2,050",+39,1.94,"184,800",2026/08/28
509,509,5570,(株)ジェノバ,東証GRT,630,+12,1.94,"26,200",2026/08/28
510,510,9552,(株)クオンツ総研ホールディングス,東証PRM,"1,106",+21,1.94,"443,600",2026/08/28
511,511,1690,WisdomTree WTI原油上場投信,東証ETF,"2,405.5",+45.5,1.93,260,2026/08/28
512,512,2376,(株)サイネックス,東証STD,791,+15,1.93,100,2026/08/28
513,513,545A,(株)トランヴィア,東証PRM,"1,002",+19,1.93,"115,000",2026/08/28
514,514,7777,(株)スリー・ディー・マトリックス,東証GRT,369,+7,1.93,"1,458,100",2026/08/28
515,515,4611,大日本塗料(株),東証PRM,"1,589",+30,1.92,"100,500",2026/08/28
516,516,5711,三菱マテリアル(株),東証PRM,"6,058",+114,1.92,"3,246,000",2026/08/28
517,517,8802,三菱地所(株),東証PRM,"3,827",+72,1.92,"3,641,600",2026/08/28
518,518,1671,WTI原油価格連動型上場投信,東証ETF,"5,288",+99,1.91,"81,773",2026/08/28
519,519,5122,オカモト(株),東証PRM,"6,410",+120,1.91,"59,800",2026/08/28
520,520,6857,(株)アドバンテスト,東証PRM,"35,270",+660,1.91,"9,648,300",2026/08/28
521,521,1518,三井松島ホールディングス(株),東証PRM,"2,362",+44,1.9,"401,400",2026/08/28
522,522,3741,(株)セック,東証PRM,"3,215",+60,1.9,"75,200",2026/08/28
523,523,3306,日本製麻(株),東証STD,592,+11,1.89,"30,800",2026/08/28
524,524,5161,西川ゴム工業(株),東証STD,"3,770",+70,1.89,"112,600",2026/08/28
525,525,8604,野村ホールディングス(株),東証PRM,"1,642",+30.5,1.89,"10,516,100",2026/08/28
526,526,9268,(株)オプティマスグループ,東証STD,432,+8,1.89,"254,900",2026/08/28
527,527,9554,(株)ＡＶｉＣ,東証GRT,"1,782",+33,1.89,"26,000",2026/08/28
528,528,9702,(株)アイ・エス・ビー,東証PRM,"2,486",+46,1.89,"22,400",2026/08/28
529,529,9168,(株)ライズ・コンサルティング・グループ,東証GRT,434,+8,1.88,"243,100",2026/08/28
530,530,2325,(株)ＮＪＳ,東証PRM,"4,895",+90,1.87,"50,800",2026/08/28
531,531,2820,(株)やまみ,東証STD,"5,980",+110,1.87,"21,200",2026/08/28
532,532,3038,(株)神戸物産,東証PRM,"2,870",+52.5,1.86,"1,453,500",2026/08/28
533,533,471A,ＮＳグループ(株),東証PRM,"1,640",+30,1.86,"236,000",2026/08/28
534,534,7177,ＧＭＯフィナンシャルホールディングス(株),東証STD,"1,205",+22,1.86,"281,100",2026/08/28
535,535,7126,グローバルスタイル(株),東証STD,"1,429",+26,1.85,"2,100",2026/08/28
536,536,8346,(株)東邦銀行,東証PRM,992,+18,1.85,"693,900",2026/08/28
537,537,6597,ＨＰＣシステムズ(株),東証GRT,"3,600",+65,1.84,"103,100",2026/08/28
538,538,8393,(株)宮崎銀行,東証PRM,"2,544",+46,1.84,"231,700",2026/08/28
539,539,8395,(株)佐賀銀行,東証PRM,"6,630",+120,1.84,"45,000",2026/08/28
540,540,9824,泉州電業(株),東証PRM,"7,180",+130,1.84,"37,300",2026/08/28
541,541,2721,(株)ジェイホールディングス,東証STD,111,+2,1.83,"78,500",2026/08/28
542,542,379A,GX S&P500 (ダイナミック・プロテクション),東証ETF,"1,389",+25,1.83,216,2026/08/28
543,543,5889,Ｊａｐａｎ　Ｅｙｅｗｅａｒ　Ｈｏｌｄｉｎｇｓ(株),東証PRM,"2,666",+48,1.83,"156,700",2026/08/28
544,544,6203,豊和工業(株),東証STD,"1,559",+28,1.83,"217,400",2026/08/28
545,545,1685,WisdomTree エネルギー上場投信,東証ETF,840,+15,1.82,90,2026/08/28
546,546,1687,WisdomTree 農産物上場投信,東証ETF,"1,149",+20.5,1.82,"4,800",2026/08/28
547,547,3921,(株)ネオジャパン,東証PRM,"1,679",+30,1.82,"24,000",2026/08/28
548,548,4167,(株)ココペリ,東証GRT,336,+6,1.82,"11,200",2026/08/28
549,549,5532,(株)リアルゲイト,東証GRT,"3,365",+60,1.82,"24,100",2026/08/28
550,550,6869,シスメックス(株),東証PRM,"1,955",+35,1.82,"2,101,100",2026/08/28
551,551,7453,(株)良品計画,東証PRM,"4,375",+78,1.82,"2,143,900",2026/08/28
552,552,7476,アズワン(株),東証PRM,"2,517",+45,1.82,"130,300",2026/08/28
553,553,9304,澁澤倉庫(株),東証PRM,"2,180",+39,1.82,"241,900",2026/08/28
554,554,2156,セーラー広告(株),東証STD,281,+5,1.81,"19,100",2026/08/28
555,555,350A,デジタルグリッド(株),東証GRT,786,+14,1.81,"223,300",2026/08/28
556,556,3659,(株)ネクソン,東証PRM,"3,148",+56,1.81,"2,770,000",2026/08/28
557,557,4911,(株)資生堂,東証PRM,"3,766",+67,1.81,"1,955,500",2026/08/28
558,558,5121,藤倉コンポジット(株),東証PRM,"2,693",+48,1.81,"48,800",2026/08/28
559,559,5587,(株)インバウンドプラットフォーム,東証GRT,845,+15,1.81,"8,600",2026/08/28
560,560,6033,(株)エクストリーム,東証GRT,"1,684",+30,1.81,"26,000",2026/08/28
561,561,6425,(株)ユニバーサルエンターテインメント,東証STD,731,+13,1.81,"109,200",2026/08/28
562,562,6572,オープングループ(株),東証PRM,282,+5,1.81,"295,300",2026/08/28
563,563,8706,極東証券(株),東証PRM,"1,970",+35,1.81,"209,000",2026/08/28
564,564,4685,(株)菱友システムズ,東証STD,"2,767",+49,1.8,"39,900",2026/08/28
565,565,4884,クリングルファーマ(株),東証GRT,453,+8,1.8,"121,700",2026/08/28
566,566,9158,(株)シーユーシー,東証GRT,736,+13,1.8,"27,300",2026/08/28
567,567,9251,(株)ＡＢ＆Ｃｏｍｐａｎｙ,東証GRT,"1,580",+28,1.8,"38,300",2026/08/28
568,568,2359,(株)コア,東証PRM,"2,157",+38,1.79,"33,900",2026/08/28
569,569,3910,(株)エムケイシステム,東証STD,285,+5,1.79,"4,900",2026/08/28
570,570,7350,(株)おきなわフィナンシャルグループ,東証PRM,"7,940",+140,1.79,"91,200",2026/08/28
571,571,8524,(株)北洋銀行,東証PRM,"1,306",+23,1.79,"1,281,800",2026/08/28
572,572,9223,(株)ＡＳＮＯＶＡ,東証GRT,455,+8,1.79,"7,700",2026/08/28
573,573,9685,ＫＹＣＯＭホールディングス(株),東証STD,570,+10,1.79,"13,700",2026/08/28
574,574,3692,(株)ＦＦＲＩセキュリティ,東証GRT,"5,710",+100,1.78,"494,400",2026/08/28
575,575,428A,サイプレス・ホールディングス(株),東証STD,"1,371",+24,1.78,"49,500",2026/08/28
576,576,5290,(株)ベルテクスコーポレーション,東証STD,"1,202",+21,1.78,"84,400",2026/08/28
577,577,223A,GX AI&ビッグデータ,東証ETF,"1,837",+32,1.77,"4,728",2026/08/28
578,578,2626,GX デジタル・イノベーション-日本株式,東証ETF,"3,401",+59,1.77,811,2026/08/28
579,579,315A,GX 銀行 高配当-日本株式,東証ETF,"1,956",+34,1.77,"33,679",2026/08/28
580,580,5618,ナイル(株),東証GRT,287,+5,1.77,"2,700",2026/08/28
581,581,579A,GX 銀ビジネス,東証ETF,"1,150",+20,1.77,"7,037",2026/08/28
582,582,6349,(株)小森コーポレーション,東証PRM,"2,066",+36,1.77,"103,100",2026/08/28
583,583,6703,ＯＫＩ,東証PRM,"2,867",+50,1.77,"1,016,500",2026/08/28
584,584,8367,(株)南都銀行,東証PRM,"1,956",+34,1.77,"429,500",2026/08/28
585,585,3088,(株)マツキヨココカラ＆カンパニー,東証PRM,"2,625",+45.5,1.76,"1,889,200",2026/08/28
586,586,3399,(株)丸千代山岡家,東証STD,"4,050",+70,1.76,"150,400",2026/08/28
587,587,4755,楽天グループ(株),東証PRM,792,+13.7,1.76,"15,917,700",2026/08/28
588,588,6675,サクサ(株),東証STD,"2,199",+38,1.76,"41,700",2026/08/28
589,589,8334,(株)群馬銀行,東証PRM,"2,830.5",+49,1.76,"2,656,700",2026/08/28
590,590,2778,パレモ・ホールディングス(株),東証STD,116,+2,1.75,"76,300",2026/08/28
591,591,3840,パス(株),東証STD,58,+1,1.75,"105,200",2026/08/28
592,592,8411,(株)みずほフィナンシャルグループ,東証PRM,"8,486",+146,1.75,"9,157,000",2026/08/28
593,593,2158,(株)ＦＲＯＮＴＥＯ,東証GRT,644,+11,1.74,"184,600",2026/08/28
594,594,2160,(株)ジーエヌアイグループ,東証GRT,"2,920",+50,1.74,"1,120,000",2026/08/28
595,595,3773,(株)アドバンスト・メディア,東証GRT,"1,053",+18,1.74,"53,700",2026/08/28
596,596,4151,協和キリン(株),東証PRM,"2,663.5",+45.5,1.74,"1,282,500",2026/08/28
597,597,5928,アルメタックス(株),東証STD,293,+5,1.74,"6,500",2026/08/28
598,598,6488,(株)ヨシタケ,東証STD,"1,050",+18,1.74,"3,200",2026/08/28
599,599,2146,ＵＴグループ(株),東証PRM,235,+4,1.73,"4,109,100",2026/08/28
600,600,3939,(株)カナミックネットワーク,東証PRM,529,+9,1.73,"155,400",2026/08/28
601,601,466A,GX 防衛テック,東証ETF,"1,119",+19,1.73,"17,571",2026/08/28
602,602,7091,(株)リビングプラットフォーム,東証GRT,"1,295",+22,1.73,"19,300",2026/08/28
603,603,4344,ソースネクスト(株),東証PRM,118,+2,1.72,"888,200",2026/08/28
604,604,7846,(株)パイロットコーポレーション,東証PRM,"2,071.5",+35,1.72,"725,100",2026/08/28
605,605,9401,(株)ＴＢＳホールディングス,東証PRM,"5,918",+100,1.72,"370,700",2026/08/28
606,606,2034,NEXT NOTES 韓国KOSPI･ベアETN,東証ETF,"1,963",+33,1.71,"18,179",2026/08/28
607,607,4599,(株)ステムリム,東証GRT,357,+6,1.71,"288,500",2026/08/28
608,608,3992,(株)ニーズウェル,東証PRM,478,+8,1.7,"146,700",2026/08/28
609,609,6194,(株)アトラエ,東証PRM,898,+15,1.7,"138,700",2026/08/28
610,610,7972,(株)イトーキ,東証PRM,"2,639",+44,1.7,"152,400",2026/08/28
611,611,8050,セイコーグループ(株),東証PRM,"11,340",+190,1.7,"646,100",2026/08/28
612,612,8399,(株)琉球銀行,東証PRM,"3,290",+55,1.7,"152,200",2026/08/28
613,613,8522,(株)名古屋銀行,東証PRM,"7,180",+120,1.7,"127,100",2026/08/28
614,614,1311,(NEXT FUNDS)TOPIX Core30連動型上場投信,東証ETF,"2,160",+36,1.69,"16,549",2026/08/28
615,615,151A,(株)ダイブグループ,東証GRT,663,+11,1.69,"16,700",2026/08/28
616,616,1626,(NEXT FUNDS)情報通信･サービス上場投信,東証ETF,"48,850",+810,1.69,316,2026/08/28
617,617,2152,幼児活動研究会(株),東証STD,"1,569",+26,1.69,"1,600",2026/08/28
618,618,2522,iシェアーズ オートメーション&ロボット ETF,東証ETF,"9,152",+152,1.69,"6,351",2026/08/28
619,619,3686,(株)ディー・エル・イー,東証STD,60,+1,1.69,"157,800",2026/08/28
620,620,4180,Ａｐｐｉｅｒ　Ｇｒｏｕｐ(株),東証PRM,"1,321",+22,1.69,"1,435,300",2026/08/28
621,621,4584,キッズウェル・バイオ(株),東証GRT,181,+3,1.69,"413,200",2026/08/28
622,622,4686,(株)ジャストシステム,東証PRM,"4,210",+70,1.69,"95,000",2026/08/28
623,623,7013,(株)ＩＨＩ,東証PRM,"2,766",+46,1.69,"9,194,900",2026/08/28
624,624,7269,スズキ(株),東証PRM,"2,170",+36,1.69,"5,180,200",2026/08/28
625,625,7867,(株)タカラトミー,東証PRM,"3,727",+62,1.69,"424,300",2026/08/28
626,626,8362,(株)福井銀行,東証PRM,"7,210",+120,1.69,"67,500",2026/08/28
627,627,1568,TOPIXブル2倍上場投信,東証ETF,"1,027",+17,1.68,"1,425,760",2026/08/28
628,628,3916,デジタル・インフォメーション・テクノロジー(株),東証PRM,970,+16,1.68,"99,700",2026/08/28
629,629,7189,(株)西日本フィナンシャルホールディングス,東証PRM,"4,839",+80,1.68,"322,900",2026/08/28
630,630,8343,(株)秋田銀行,東証PRM,"9,060",+150,1.68,"129,100",2026/08/28
631,631,3662,(株)エイチームホールディングス,東証PRM,975,+16,1.67,"68,500",2026/08/28
632,632,5527,(株)ｐｒｏｐｅｒｔｙ　ｔｅｃｈｎｏｌｏｇｉｅｓ,東証GRT,730,+12,1.67,"16,000",2026/08/28
633,633,1447,ＳＡＡＦホールディングス(株),東証GRT,429,+7,1.66,"224,100",2026/08/28
634,634,461A,MAXIS 日本株高配当SMART50,東証ETF,"2,694",+44,1.66,"5,589",2026/08/28
635,635,7343,ブロードマインド(株),東証GRT,"1,289",+21,1.66,"3,500",2026/08/28
636,636,8354,(株)ふくおかフィナンシャルグループ,東証PRM,"7,846",+128,1.66,"525,000",2026/08/28
637,637,4481,ベース(株),東証PRM,"3,390",+55,1.65,"89,700",2026/08/28
638,638,7422,東邦レマック(株),東証STD,369,+6,1.65,"4,800",2026/08/28
639,639,5126,ポーターズ(株),東証GRT,"1,428",+23,1.64,"1,400",2026/08/28
640,640,7717,(株)ブイ・テクノロジー,東証PRM,"5,580",+90,1.64,"198,500",2026/08/28
641,641,2181,パーソルホールディングス(株),東証PRM,298.9,+4.8,1.63,"12,074,100",2026/08/28
642,642,3232,三重交通グループホールディングス(株),東証PRM,623,+10,1.63,"869,500",2026/08/28
643,643,3496,(株)アズーム,東証PRM,"4,995",+80,1.63,"25,900",2026/08/28
644,644,396A,業界改革厳選ETF REITイベント・ドリブン,東証ETF,499.9,+8,1.63,10,2026/08/28
645,645,5832,(株)ちゅうぎんフィナンシャルグループ,東証PRM,"3,550",+57,1.63,"282,800",2026/08/28
646,646,2627,GX eコマース-日本株式,東証ETF,"1,633",+26,1.62,181,2026/08/28
647,647,3733,(株)ソフトウェア・サービス,東証STD,"12,550",+200,1.62,"8,300",2026/08/28
648,648,3937,(株)Ｕｂｉｃｏｍホールディングス,東証STD,"1,252",+20,1.62,"53,300",2026/08/28
649,649,477A,(株)スタートライン,東証GRT,692,+11,1.62,"16,100",2026/08/28
650,650,559A,梅乃宿酒造(株),東証STD,"1,190",+19,1.62,"14,900",2026/08/28
651,651,6645,オムロン(株),東証PRM,"6,633",+106,1.62,"2,054,800",2026/08/28
652,652,8309,三井住友トラストグループ(株),東証PRM,"1,789.5",+28.5,1.62,"8,570,400",2026/08/28
653,653,8386,(株)百十四銀行,東証PRM,"3,135",+50,1.62,"208,800",2026/08/28
654,654,8935,(株)ＦＪネクストホールディングス,東証PRM,"2,073",+33,1.62,"51,800",2026/08/28
655,655,9332,ＮＩＳＳＯホールディングス(株),東証PRM,691,+11,1.62,"167,900",2026/08/28
656,656,3110,日東紡,東証PRM,"3,035",+48,1.61,"4,345,100",2026/08/28
657,657,4477,ＢＡＳＥ(株),東証GRT,316,+5,1.61,"778,600",2026/08/28
658,658,8613,丸三証券(株),東証PRM,"1,326",+21,1.61,"291,700",2026/08/28
659,659,299A,クラシル(株),東証GRT,"1,331",+21,1.6,"213,400",2026/08/28
660,660,3648,ＡＧＳ(株),東証STD,"1,078",+17,1.6,"8,900",2026/08/28
661,661,6258,平田機工(株),東証PRM,"3,500",+55,1.6,"298,000",2026/08/28
662,662,9369,(株)キユーソー流通システム,東証STD,"3,170",+50,1.6,"44,000",2026/08/28
663,663,1840,(株)土屋ホールディングス,東証STD,256,+4,1.59,"51,100",2026/08/28
664,664,2250,iシェアーズ MSCI ジャパン気候変動アクション ETF,東証ETF,376.4,+5.9,1.59,460,2026/08/28
665,665,2334,(株)イオレ,東証GRT,574,+9,1.59,"986,400",2026/08/28
666,666,2926,(株)篠崎屋,東証STD,128,+2,1.59,"220,700",2026/08/28
667,667,3981,(株)ビーグリー,東証STD,"1,212",+19,1.59,"7,500",2026/08/28
668,668,4284,(株)ソルクシーズ,東証STD,448,+7,1.59,"26,600",2026/08/28
669,669,4582,シンバイオ製薬(株),東証GRT,64,+1,1.59,"251,600",2026/08/28
670,670,5868,(株)ロココ,東証STD,"1,022",+16,1.59,"3,400",2026/08/28
671,671,6104,芝浦機械(株),東証PRM,"4,460",+70,1.59,"102,900",2026/08/28
672,672,6137,小池酸素工業(株),東証STD,"1,529",+24,1.59,"18,500",2026/08/28
673,673,6395,(株)タダノ,東証PRM,"1,404",+22,1.59,"383,900",2026/08/28
674,674,7280,(株)ミツバ,東証PRM,"1,344",+21,1.59,"401,300",2026/08/28
675,675,8316,(株)三井住友フィナンシャルグループ,東証PRM,"6,902",+108,1.59,"13,915,200",2026/08/28
676,676,8377,(株)ほくほくフィナンシャルグループ,東証PRM,"8,359",+131,1.59,"284,800",2026/08/28
677,677,2042,NEXT NOTES 東証グロース市場250 ETN,東証ETF,"8,480",+132,1.58,"3,690",2026/08/28
678,678,2980,ＳＲＥホールディングス(株),東証PRM,"2,500",+39,1.58,"328,700",2026/08/28
679,679,4371,(株)コアコンセプト・テクノロジー,東証GRT,"1,483",+23,1.58,"29,400",2026/08/28
680,680,7871,フクビ化学工業(株),東証STD,"1,031",+16,1.58,"8,000",2026/08/28
681,681,2222,寿スピリッツ(株),東証PRM,"2,748",+42.5,1.57,"348,800",2026/08/28
682,682,2854,GX テック・トップ20-日本株式,東証ETF,"2,855",+44,1.57,"257,995",2026/08/28
683,683,349A,SMDAM Active ETF 日本グロース株,東証ETF,866.4,+13.4,1.57,"1,630",2026/08/28
684,684,7327,(株)第四北越フィナンシャルグループ,東証PRM,"2,586",+40,1.57,"794,200",2026/08/28
685,685,8131,(株)ミツウロコグループホールディングス,東証STD,"2,264",+35,1.57,"82,000",2026/08/28
686,686,8341,(株)七十七銀行,東証PRM,"3,950",+61,1.57,"498,800",2026/08/28
687,687,9308,乾汽船(株),東証STD,"2,135",+33,1.57,"99,600",2026/08/28
688,688,9828,(株)Ｇｅｎｋｉ　Ｇｌｏｂａｌ　Ｄｉｎｉｎｇ　Ｃｏｎｃｅｐｔｓ,東証STD,"3,565",+55,1.57,"59,600",2026/08/28
689,689,3405,(株)クラレ,東証PRM,"1,856.5",+28.5,1.56,"2,899,300",2026/08/28
690,690,3661,(株)エムアップホールディングス,東証PRM,844,+13,1.56,"460,300",2026/08/28
691,691,5821,平河ヒューテック(株),東証PRM,"3,265",+50,1.56,"65,600",2026/08/28
692,692,6775,(株)ＴＢグループ,東証STD,130,+2,1.56,"1,456,300",2026/08/28
693,693,8136,(株)サンリオ,東証PRM,"1,268",+19.5,1.56,"17,340,900",2026/08/28
694,694,2172,(株)インサイト,札証,393,+6,1.55,900,2026/08/28
695,695,7129,ミアヘルサホールディングス(株),東証STD,"1,176",+18,1.55,"2,500",2026/08/28
696,696,7746,岡本硝子(株),東証STD,786,+12,1.55,"1,227,600",2026/08/28
697,697,9627,(株)アインホールディングス,東証PRM,"6,228",+95,1.55,"119,600",2026/08/28
698,698,2791,大黒天物産(株),東証PRM,"4,630",+70,1.54,"26,700",2026/08/28
699,699,3787,(株)テクノマセマティカル,東証STD,395,+6,1.54,"26,600",2026/08/28
700,700,4568,第一三共(株),東証PRM,"2,931",+44.5,1.54,"6,839,500",2026/08/28
701,701,5280,ヨシコン(株),東証STD,"2,242",+34,1.54,"6,000",2026/08/28
702,702,7261,マツダ(株),東証PRM,"1,216",+18.5,1.54,"5,815,600",2026/08/28
703,703,7372,(株)デコルテ・ホールディングス,東証GRT,395,+6,1.54,"3,500",2026/08/28
704,704,8337,(株)千葉興業銀行,東証PRM,"2,778",+42,1.54,"129,500",2026/08/28
705,705,9603,(株)エイチ・アイ・エス,東証PRM,"1,185",+18,1.54,"382,500",2026/08/28
706,706,2930,(株)北の達人コーポレーション,東証PRM,133,+2,1.53,"360,300",2026/08/28
707,707,3983,(株)オロ,東証PRM,"2,119",+32,1.53,"116,300",2026/08/28
708,708,6503,三菱電機(株),東証PRM,"5,648",+85,1.53,"6,031,600",2026/08/28
709,709,7384,(株)プロクレアホールディングス,東証PRM,"4,650",+70,1.53,"67,700",2026/08/28
710,710,9213,(株)セイファート,東証STD,"1,061",+16,1.53,700,2026/08/28
711,711,1615,(NEXT FUNDS)東証銀行業株価指数連動型上場投信,東証ETF,768.9,+11.5,1.52,"3,395,560",2026/08/28
712,712,5965,(株)フジマック,東証STD,"1,205",+18,1.52,"3,200",2026/08/28
713,713,4633,サカタインクス(株),東証PRM,"2,692",+40,1.51,"129,900",2026/08/28
714,714,6408,小倉クラッチ(株),東証STD,"4,380",+65,1.51,700,2026/08/28
715,715,7380,(株)十六フィナンシャルグループ,東証PRM,"2,617",+39,1.51,"387,700",2026/08/28
716,716,8098,稲畑産業(株),東証PRM,"4,365",+65,1.51,"110,600",2026/08/28
717,717,3914,ＪＩＧ－ＳＡＷ(株),東証GRT,"2,375",+35,1.5,"19,100",2026/08/28
718,718,4641,(株)アルプス技研,東証PRM,877,+13,1.5,"102,700",2026/08/28
719,719,6758,ソニーグループ(株),東証PRM,"3,928",+58,1.5,"19,537,500",2026/08/28
720,720,9044,(株)ＮＡＮＫＡＩ,東証PRM,"3,103",+46,1.5,"247,800",2026/08/28
721,721,9220,エフビー介護サービス(株),東証STD,"1,286",+19,1.5,600,2026/08/28
722,722,2065,NEXT NOTES 日本株配当貴族（ドルH、NR）ETN,東証ETF,"59,950",+880,1.49,7,2026/08/28
723,723,5953,昭和鉄工(株),福証,"6,800",+100,1.49,200,2026/08/28
724,724,7552,(株)ハピネット,東証PRM,"3,755",+55,1.49,"189,400",2026/08/28
725,725,7831,(株)ウイルコホールディングス,東証STD,68,+1,1.49,"26,300",2026/08/28
726,726,9438,(株)エムティーアイ,東証PRM,613,+9,1.49,"42,500",2026/08/28
727,727,220A,(株)Ｆａｂｅｒ　Ｃｏｍｐａｎｙ,東証STD,960,+14,1.48,"5,000",2026/08/28
728,728,3844,コムチュア(株),東証PRM,"1,371",+20,1.48,"153,300",2026/08/28
729,729,5830,(株)いよぎんホールディングス,東証PRM,"3,985",+58,1.48,"715,200",2026/08/28
730,730,5844,(株)京都フィナンシャルグループ,東証PRM,"4,936",+72,1.48,"641,500",2026/08/28
731,731,8303,(株)ＳＢＩ新生銀行,東証PRM,"1,581",+23,1.48,"2,020,100",2026/08/28
732,732,8304,(株)あおぞら銀行,東証PRM,"3,429",+50,1.48,"1,330,200",2026/08/28
733,733,8713,フィデアホールディングス(株),東証PRM,"2,878",+42,1.48,"93,900",2026/08/28
734,734,9658,(株)ビジネスブレイン太田昭和,東証PRM,"1,094",+16,1.48,"78,700",2026/08/28
735,735,3837,アドソル日進(株),東証PRM,"1,448",+21,1.47,"96,500",2026/08/28
736,736,5631,(株)日本製鋼所,東証PRM,"7,819",+113,1.47,"520,700",2026/08/28
737,737,6988,日東電工(株),東証PRM,"3,471",+50,1.46,"2,651,400",2026/08/28
738,738,7723,愛知時計電機(株),東証PRM,"2,922",+42,1.46,"34,800",2026/08/28
739,739,8053,住友商事(株),東証PRM,"1,775.5",+25.5,1.46,"8,908,000",2026/08/28
740,740,8750,(株)第一ライフグループ,東証PRM,"1,843",+26.5,1.46,"8,285,900",2026/08/28
741,741,9353,櫻島埠頭(株),東証STD,"2,993",+43,1.46,900,2026/08/28
742,742,9878,(株)セキド,東証STD,416,+6,1.46,"17,300",2026/08/28
743,743,9903,(株)カンセキ,東証STD,903,+13,1.46,"7,800",2026/08/28
744,744,3047,(株)ＴＲＵＣＫ－ＯＮＥ,福岡Q,"1,050",+15,1.45,"2,100",2026/08/28
745,745,3988,(株)ＳＹＳホールディングス,東証STD,558,+8,1.45,"5,700",2026/08/28
746,746,4274,細谷火工(株),東証STD,"1,120",+16,1.45,"20,000",2026/08/28
747,747,6325,(株)タカキタ,東証STD,421,+6,1.45,"8,000",2026/08/28
748,748,9746,(株)ＴＫＣ,東証PRM,"4,185",+60,1.45,"89,300",2026/08/28
749,749,1367,iFreeETF TOPIXレバレッジ(2倍)指数,東証ETF,"3,164",+45,1.44,"21,297",2026/08/28
750,750,2017,iFreeETF JPXプライム150,東証ETF,"1,550",+22,1.44,"10,387",2026/08/28
751,751,2837,GX 中小型リーダーズ-日本株式,東証ETF,"4,939",+70,1.44,"3,063",2026/08/28
752,752,2867,GX 自動運転&EV,東証ETF,"1,766",+25,1.44,"3,095",2026/08/28
753,753,3036,アルコニックス(株),東証PRM,"3,530",+50,1.44,"165,300",2026/08/28
754,754,9416,(株)ビジョン,東証PRM,"1,055",+15,1.44,"349,300",2026/08/28
755,755,9433,ＫＤＤＩ(株),東証PRM,"2,922",+41.5,1.44,"18,876,100",2026/08/28
756,756,2124,ＪＡＣ　Ｒｅｃｒｕｉｔｍｅｎｔ,東証PRM,996,+14,1.43,"582,200",2026/08/28
757,757,2244,GX US テック・トップ20,東証ETF,"3,619",+51,1.43,"63,063",2026/08/28
758,758,2454,(株)オールアバウト,東証STD,354,+5,1.43,"15,100",2026/08/28
759,759,3903,(株)ｇｕｍｉ,東証PRM,283,+4,1.43,"535,000",2026/08/28
760,760,7984,コクヨ(株),東証PRM,908.7,+12.8,1.43,"675,900",2026/08/28
761,761,142A,(株)ジンジブ,東証GRT,855,+12,1.42,"14,400",2026/08/28
762,762,219A,Ｈｅａｒｔｓｅｅｄ(株),東証GRT,"2,500",+35,1.42,"715,200",2026/08/28
763,763,2585,(株)ライフドリンクカンパニー,東証PRM,"1,570",+22,1.42,"452,600",2026/08/28
764,764,4448,(株)ｋｕｂｅｌｌ,東証GRT,356,+5,1.42,"125,600",2026/08/28
765,765,6276,シリウスビジョン(株),東証STD,358,+5,1.42,"61,200",2026/08/28
766,766,7369,(株)メイホーホールディングス,東証GRT,358,+5,1.42,"3,600",2026/08/28
767,767,8801,三井不動産(株),東証PRM,"1,540",+21.5,1.42,"8,495,300",2026/08/28
768,768,9346,(株)ココルポート,東証GRT,"1,860",+26,1.42,"3,000",2026/08/28
769,769,1444,(株)ニッソウ,東証GRT,"2,663",+37,1.41,"1,900",2026/08/28
770,770,3197,(株)すかいらーくホールディングス,東証PRM,"3,390",+47,1.41,"755,800",2026/08/28
771,771,4772,(株)ＳＭ　ＥＮＴＥＲＴＡＩＮＭＥＮＴ　ＪＡＰＡＮ,東証GRT,72,+1,1.41,"134,900",2026/08/28
772,772,4888,ステラファーマ(株),東証GRT,360,+5,1.41,"327,400",2026/08/28
773,773,5032,ＡＮＹＣＯＬＯＲ(株),東証PRM,"3,030",+42,1.41,"610,100",2026/08/28
774,774,1515,日鉄鉱業(株),東証PRM,"3,985",+55,1.4,"503,000",2026/08/28
775,775,296A,令和アカウンティング・ホールディングス(株),東証GRT,"1,161",+16,1.4,"94,700",2026/08/28
776,776,4709,(株)ＩＤホールディングス,東証PRM,"1,095",+15,1.39,"51,400",2026/08/28
777,777,7886,ヤマト　モビリティ　＆　Ｍｆｇ．(株),東証STD,657,+9,1.39,"19,400",2026/08/28
778,778,7950,日本デコラックス(株),名証MN,"9,480",+130,1.39,500,2026/08/28
779,779,8306,(株)三菱ＵＦＪフィナンシャル・グループ,東証PRM,"3,658",+50,1.39,"36,975,500",2026/08/28
780,780,8381,(株)山陰合同銀行,東証PRM,"2,623",+36,1.39,"264,100",2026/08/28
781,781,8511,日本証券金融(株),東証PRM,"2,554",+35,1.39,"155,900",2026/08/28
782,782,4490,(株)ビザスク,東証GRT,660,+9,1.38,"8,500",2026/08/28
783,783,4743,(株)アイティフォー,東証PRM,"1,687",+23,1.38,"95,700",2026/08/28
784,784,5218,(株)オハラ,東証STD,"1,616",+22,1.38,"88,200",2026/08/28
785,785,5820,(株)三ッ星,東証STD,807,+11,1.38,"13,100",2026/08/28
786,786,6807,日本航空電子工業(株),東証PRM,"2,494",+34,1.38,"299,200",2026/08/28
787,787,8714,(株)池田泉州ホールディングス,東証PRM,"1,104",+15,1.38,"656,400",2026/08/28
788,788,4262,ニフティライフスタイル(株),東証GRT,"1,402",+19,1.37,"8,600",2026/08/28
789,789,6193,バーチャレクス・ホールディングス(株),東証GRT,"1,188",+16,1.37,"9,000",2026/08/28
790,790,6721,ウインテスト(株),東証STD,74,+1,1.37,"329,000",2026/08/28
791,791,8707,岩井コスモホールディングス(株),東証PRM,"4,795",+65,1.37,"143,900",2026/08/28
792,792,4234,(株)サンエー化研,東証STD,968,+13,1.36,"28,500",2026/08/28
793,793,5592,(株)くすりの窓口,東証GRT,"2,759",+37,1.36,"52,800",2026/08/28
794,794,7521,(株)ムサシ,東証STD,"2,750",+37,1.36,700,2026/08/28
795,795,346A,(NEXT FUNDS) S&P500 半導体・半導体製造装置35%,東証ETF,"4,970",+66,1.35,"5,916",2026/08/28
796,796,3765,ガンホー・オンライン・エンターテイメント(株),東証PRM,"2,473",+33,1.35,"440,900",2026/08/28
797,797,4054,日本情報クリエイト(株),東証GRT,524,+7,1.35,"43,400",2026/08/28
798,798,4404,ミヨシ油脂(株),東証STD,"2,170",+29,1.35,"21,100",2026/08/28
799,799,7375,(株)リファインバースグループ,東証GRT,"1,203",+16,1.35,"32,100",2026/08/28
800,800,9145,(株)ビーイングホールディングス,東証STD,599,+8,1.35,"13,600",2026/08/28
801,801,2851,iシェアーズ MSCI ジャパンSRI,東証ETF,407.4,+5.4,1.34,900,2026/08/28
802,802,2875,東洋水産(株),東証PRM,"10,575",+140,1.34,"309,000",2026/08/28
803,803,413A,iFreeETF キャセイ台湾テックリーダー指数,東証ETF,"3,927",+52,1.34,"1,749",2026/08/28
804,804,4391,ロジザード(株),東証GRT,"1,138",+15,1.34,"2,400",2026/08/28
805,805,7377,ＤＮホールディングス(株),東証STD,"1,740",+23,1.34,"6,800",2026/08/28
806,806,7832,(株)バンダイナムコホールディングス,東証PRM,"5,687",+75,1.34,"2,181,700",2026/08/28
807,807,8207,テンアライド(株),東証STD,303,+4,1.34,"58,500",2026/08/28
808,808,8562,(株)福島銀行,東証STD,377,+5,1.34,"329,500",2026/08/28
809,809,159A,(NEXT FUNDS) JPXプライム150指数連動型上場投信,東証ETF,746,+9.8,1.33,"4,620",2026/08/28
810,810,1622,(NEXT FUNDS)自動車･輸送機上場投信,東証ETF,"35,680",+470,1.33,"1,639",2026/08/28
811,811,4374,(株)ＲＯＢＯＴ　ＰＡＹＭＥＮＴ,東証GRT,"2,510",+33,1.33,"7,900",2026/08/28
812,812,4746,(株)東計電算,東証STD,"6,840",+90,1.33,"55,100",2026/08/28
813,813,7578,(株)ニチリョク,東証STD,76,+1,1.33,"152,800",2026/08/28
814,814,7735,(株)ＳＣＲＥＥＮホールディングス,東証PRM,"13,715",+180,1.33,"1,861,500",2026/08/28
815,815,9085,北海道中央バス(株),札証,"5,320",+70,1.33,300,2026/08/28
816,816,9104,(株)商船三井,東証PRM,"7,096",+93,1.33,"2,466,100",2026/08/28
817,817,1599,iFreeETF JPX日経400,東証ETF,"38,290",+500,1.32,4,2026/08/28
818,818,4382,ＨＥＲＯＺ(株),東証STD,768,+10,1.32,"46,100",2026/08/28
819,819,4492,(株)ゼネテック,東証STD,383,+5,1.32,"21,000",2026/08/28
820,820,7175,今村証券(株),東証STD,"2,001",+26,1.32,"28,300",2026/08/28
821,821,7217,(株)テイン,東証STD,459,+6,1.32,"41,800",2026/08/28
822,822,3106,クラボウ,東証PRM,"10,850",+140,1.31,"27,300",2026/08/28
823,823,9040,大宝運輸(株),名証MN,"4,260",+55,1.31,"1,000",2026/08/28
824,824,2094,東証REITインバースETF,東証ETF,780,+10,1.3,"70,599",2026/08/28
825,825,277A,グロービング(株),東証PRM,"1,947",+25,1.3,"218,200",2026/08/28
826,826,4512,わかもと製薬(株),東証STD,312,+4,1.3,"84,100",2026/08/28
827,827,612A,One ETF 日本国債先物逆連動指数,東証ETF,"10,130",+130,1.3,10,2026/08/28
828,828,6625,ＪＡＬＣＯホールディングス(株),東証STD,390,+5,1.3,"360,900",2026/08/28
829,829,7068,フィードフォースグループ(株),東証GRT,622,+8,1.3,"43,500",2026/08/28
830,830,7291,日本プラスト(株),東証STD,466,+6,1.3,"28,200",2026/08/28
831,831,2168,(株)パソナグループ,東証PRM,"1,725",+22,1.29,"230,400",2026/08/28
832,832,4838,スペースシャワーＳＫＩＹＡＫＩホールディングス(株),東証STD,704,+9,1.29,"16,300",2026/08/28
833,833,5842,インテグラル(株),東証GRT,"2,990",+38,1.29,"101,800",2026/08/28
834,834,9832,(株)オートバックスセブン,東証PRM,"1,567",+20,1.29,"402,700",2026/08/28
835,835,2764,(株)ひらまつ,東証STD,158,+2,1.28,"692,800",2026/08/28
836,836,4356,応用技術(株),東証STD,"1,659",+21,1.28,"1,700",2026/08/28
837,837,5918,瀧上工業(株),東証STD,"7,900",+100,1.28,200,2026/08/28
838,838,6554,(株)エスユーエス,東証GRT,"1,110",+14,1.28,"13,000",2026/08/28
839,839,6615,ユー・エム・シー・エレクトロニクス(株),東証PRM,237,+3,1.28,"29,100",2026/08/28
840,840,6626,ＳＥＭＩＴＥＣ(株),東証STD,"2,208",+28,1.28,"11,400",2026/08/28
841,841,7172,(株)ジャパンインベストメントアドバイザー,東証PRM,"2,138",+27,1.28,"149,600",2026/08/28
842,842,7538,(株)大水,東証STD,395,+5,1.28,"2,700",2026/08/28
843,843,7595,(株)アルゴグラフィックス,東証PRM,"1,347",+17,1.28,"228,100",2026/08/28
844,844,8166,(株)タカキュー,東証STD,79,+1,1.28,"97,100",2026/08/28
845,845,8359,(株)八十二長野銀行,東証PRM,"2,697.5",+34,1.28,"874,600",2026/08/28
846,846,4026,神島化学工業(株),東証STD,"1,670",+21,1.27,"70,900",2026/08/28
847,847,6588,東芝テック(株),東証PRM,"3,180",+40,1.27,"111,500",2026/08/28
848,848,6904,原田工業(株),東証STD,560,+7,1.27,"31,400",2026/08/28
849,849,7084,(株)Ｓｍｉｌｅ　Ｈｏｌｄｉｎｇｓ,東証GRT,"2,793",+35,1.27,"3,700",2026/08/28
850,850,7203,トヨタ自動車(株),東証PRM,"3,116",+39,1.27,"24,831,800",2026/08/28
851,851,8418,(株)山口フィナンシャルグループ,東証PRM,"3,198",+40,1.27,"387,800",2026/08/28
852,852,3392,デリカフーズホールディングス(株),東証STD,803,+10,1.26,"29,900",2026/08/28
853,853,6653,(株)正興電機製作所,東証PRM,"2,249",+28,1.26,"74,000",2026/08/28
854,854,8927,(株)明豊エンタープライズ,東証STD,482,+6,1.26,"51,200",2026/08/28
855,855,9619,(株)イチネンホールディングス,東証PRM,"2,730",+34,1.26,"31,400",2026/08/28
856,856,149A,(株)シンカ,東証GRT,810,+10,1.25,"7,300",2026/08/28
857,857,1736,(株)オーテック,東証STD,"2,427",+30,1.25,"1,900",2026/08/28
858,858,2708,(株)久世,東証STD,"1,938",+24,1.25,"1,700",2026/08/28
859,859,3441,(株)山王,東証STD,"2,764",+34,1.25,"29,000",2026/08/28
860,860,7740,(株)タムロン,東証PRM,"1,375",+17,1.25,"495,400",2026/08/28
861,861,2882,(株)イートアンドホールディングス,東証PRM,"2,045",+25,1.24,"124,600",2026/08/28
862,862,4238,ミライアル(株),東証STD,"1,881",+23,1.24,"75,400",2026/08/28
863,863,4519,中外製薬(株),東証PRM,"7,033",+86,1.24,"1,982,400",2026/08/28
864,864,6770,アルプスアルパイン(株),東証PRM,"2,239",+27.5,1.24,"1,235,600",2026/08/28
865,865,8596,(株)九州リースサービス,東証STD,"1,629",+20,1.24,"39,400",2026/08/28
866,866,9651,日本プロセス(株),東証STD,"2,039",+25,1.24,"26,000",2026/08/28
867,867,2479,(株)ジェイテック,東証STD,246,+3,1.23,"53,200",2026/08/28
868,868,2638,GX ロボティクス＆AI-日本株式,東証ETF,"2,720",+33,1.23,"26,651",2026/08/28
869,869,2734,(株)サーラコーポレーション,東証PRM,"1,236",+15,1.23,"132,100",2026/08/28
870,870,2874,ヨコレイ,東証PRM,"2,224",+27,1.23,"113,800",2026/08/28
871,871,399A,上場インデックスファンド日経平均高配当株50,東証ETF,"2,385",+29,1.23,"26,201",2026/08/28
872,872,4023,(株)クレハ,東証PRM,"4,540",+55,1.23,"201,100",2026/08/28
873,873,5951,ダイニチ工業(株),東証STD,"1,230",+15,1.23,"4,900",2026/08/28
874,874,8150,三信電気(株),東証PRM,"3,295",+40,1.23,"84,800",2026/08/28
875,875,8725,ＭＳ＆ＡＤインシュアランスグループホールディングス(株),東証PRM,"5,114",+62,1.23,"3,316,300",2026/08/28
876,876,2154,(株)オープンアップグループ,東証PRM,"2,082",+25,1.22,"167,400",2026/08/28
877,877,286A,(株)ユカリア,東証GRT,827,+10,1.22,"24,700",2026/08/28
878,878,7199,プレミアグループ(株),東証PRM,"2,158",+26,1.22,"145,400",2026/08/28
879,879,9934,因幡電機産業(株),東証PRM,"3,062",+37,1.22,"761,100",2026/08/28
880,880,1407,(株)ウエストホールディングス,東証STD,"2,760",+33,1.21,"372,500",2026/08/28
881,881,2641,GX グローバルリーダーズ-日本株式,東証ETF,"4,614",+55,1.21,"1,034",2026/08/28
882,882,4337,ぴあ(株),東証PRM,"2,761",+33,1.21,"33,700",2026/08/28
883,883,4678,(株)秀英予備校,東証STD,334,+4,1.21,"7,000",2026/08/28
884,884,7071,(株)アンビスホールディングス,東証PRM,417,+5,1.21,"302,200",2026/08/28
885,885,9474,(株)ゼンリン,東証PRM,921,+11,1.21,"430,800",2026/08/28
886,886,2518,(NEXT FUNDS) MSCI日本株女性活躍(セレクト)上場投信,東証ETF,"2,450",+29,1.2,151,2026/08/28
887,887,2695,くら寿司(株),東証PRM,"1,771",+21,1.2,"320,800",2026/08/28
888,888,4676,(株)フジ・メディア・ホールディングス,東証PRM,"4,130",+49,1.2,"529,200",2026/08/28
889,889,5031,モイ(株),東証GRT,338,+4,1.2,"17,500",2026/08/28
890,890,6981,(株)村田製作所,東証PRM,"7,397",+88,1.2,"24,610,000",2026/08/28
891,891,7695,(株)交換できるくん,東証GRT,925,+11,1.2,"21,500",2026/08/28
892,892,7819,粧美堂(株),東証STD,"1,012",+12,1.2,"31,200",2026/08/28
893,893,9376,(株)ユーラシア旅行社,東証STD,841,+10,1.2,"5,300",2026/08/28
894,894,9534,北海道ガス(株),東証PRM,845,+10,1.2,"156,300",2026/08/28
895,895,1632,(NEXT FUNDS)金融(除く銀行)上場投信,東証ETF,"43,310",+510,1.19,580,2026/08/28
896,896,197A,(株)タウンズ,東証STD,509,+6,1.19,"188,000",2026/08/28
897,897,228A,(株)オプロ,東証GRT,"1,706",+20,1.19,"3,700",2026/08/28
898,898,3624,アクセルマーク(株),東証GRT,85,+1,1.19,"809,100",2026/08/28
899,899,6535,(株)アイモバイル,東証PRM,511,+6,1.19,"209,600",2026/08/28
900,900,8198,マックスバリュ東海(株),東証STD,"3,390",+40,1.19,"41,300",2026/08/28
901,901,9820,エムティジェネックス(株),東証STD,"3,840",+45,1.19,"1,100",2026/08/28
902,902,2983,(株)アールプランナー,東証GRT,"1,633",+19,1.18,"12,600",2026/08/28
903,903,7242,カヤバ(株),東証PRM,"4,730",+55,1.18,"93,500",2026/08/28
904,904,1376,カネコ種苗(株),東証STD,"1,648",+19,1.17,"18,400",2026/08/28
905,905,3195,(株)ジェネレーションパス,東証STD,689,+8,1.17,"40,400",2026/08/28
906,906,7371,Ｚｅｎｋｅｎ(株),東証GRT,780,+9,1.17,"14,300",2026/08/28
907,907,1484,One ETF JPX/S&P 設備･人材投資指数,東証ETF,"3,939",+45,1.16,60,2026/08/28
908,908,1629,(NEXT FUNDS)商社･卸売上場投信,東証ETF,270.8,+3.1,1.16,"780,680",2026/08/28
909,909,2185,(株)シイエム・シイ,東証STD,"2,003",+23,1.16,"2,100",2026/08/28
910,910,2341,(株)アルバイトタイムス,東証STD,174,+2,1.16,"53,900",2026/08/28
911,911,2483,(株)翻訳センター,東証STD,"2,265",+26,1.16,"6,800",2026/08/28
912,912,3375,(株)ＺＯＡ,東証STD,"1,751",+20,1.16,900,2026/08/28
913,913,4318,(株)クイック,東証PRM,873,+10,1.16,"116,200",2026/08/28
914,914,6392,(株)ヤマダコーポレーション,東証STD,"7,820",+90,1.16,500,2026/08/28
915,915,6890,(株)フェローテック,東証STD,"9,600",+110,1.16,"1,492,200",2026/08/28
916,916,8179,ロイヤルホールディングス(株),東証PRM,"1,394",+16,1.16,"309,500",2026/08/28
917,917,2788,アップルインターナショナル(株),東証STD,439,+5,1.15,"115,300",2026/08/28
918,918,4658,日本空調サービス(株),東証PRM,"1,579",+18,1.15,"110,500",2026/08/28
919,919,7480,スズデン(株),東証STD,"3,515",+40,1.15,"65,500",2026/08/28
920,920,7575,日本ライフライン(株),東証PRM,"1,584",+18,1.15,"157,700",2026/08/28
921,921,9218,(株)メンタルヘルステクノロジーズ,東証GRT,793,+9,1.15,"19,100",2026/08/28
922,922,1381,(株)アクシーズ,東証STD,"3,535",+40,1.14,"3,800",2026/08/28
923,923,2497,ユナイテッド(株),東証GRT,534,+6,1.14,"35,000",2026/08/28
924,924,356A,GX S&P500 キャッシュフロー・トップ100,東証ETF,"1,602",+18,1.14,"14,473",2026/08/28
925,925,412A,(NEXT FUNDS) 台湾イノベイティブ・テクノロジー50,東証ETF,"4,455",+50,1.14,"4,715",2026/08/28
926,926,4310,(株)ドリームインキュベータ,東証PRM,"2,571",+29,1.14,"19,800",2026/08/28
927,927,4576,(株)デ・ウエスタン・セラピテクス研究所,東証GRT,89,+1,1.14,"178,200",2026/08/28
928,928,569A,iシェアーズ プラチナ,東証ETF,186.8,+2.1,1.14,"2,780",2026/08/28
929,929,6083,ＥＲＩホールディングス(株),東証STD,"1,692",+19,1.14,"29,100",2026/08/28
930,930,6454,マックス(株),東証PRM,"1,866",+21,1.14,"233,600",2026/08/28
931,931,6762,ＴＤＫ(株),東証PRM,"3,112",+35,1.14,"7,725,600",2026/08/28
932,932,6849,日本光電,東証PRM,"1,504",+17,1.14,"1,359,000",2026/08/28
933,933,8105,Ｂｉｔｃｏｉｎ　Ｊａｐａｎ(株),東証STD,89,+1,1.14,"3,666,200",2026/08/28
934,934,9861,(株)吉野家ホールディングス,東証PRM,"3,828",+43,1.14,"1,653,700",2026/08/28
935,935,178A,GX 革新的優良企業,東証ETF,"1,695",+19,1.13,"2,267",2026/08/28
936,936,231A,Ｃｒｏｓｓ　Ｅホールディングス(株),福岡Q,"1,072",+12,1.13,"7,300",2026/08/28
937,937,261A,(株)日水コン,東証STD,"1,968",+22,1.13,"89,700",2026/08/28
938,938,7347,(株)マーキュリアホールディングス,東証PRM,809,+9,1.13,"8,300",2026/08/28
939,939,2438,(株)アスカネット,東証GRT,360,+4,1.12,"32,700",2026/08/28
940,940,2902,太陽化学(株),名証MN,"2,720",+30,1.12,"3,200",2026/08/28
941,941,4395,(株)アクリート,東証GRT,724,+8,1.12,"46,500",2026/08/28
942,942,7570,橋本総業ホールディングス(株),東証STD,"1,440",+16,1.12,"9,600",2026/08/28
943,943,7975,(株)リヒトラブ,東証STD,"1,171",+13,1.12,800,2026/08/28
944,944,9009,京成電鉄(株),東証PRM,"1,355.5",+15,1.12,"1,432,100",2026/08/28
945,945,1688,WisdomTree 穀物上場投信,東証ETF,639,+7,1.11,"17,520",2026/08/28
946,946,1692,WisdomTree アルミニウム上場投信,東証ETF,691.6,+7.6,1.11,200,2026/08/28
947,947,1699,(NEXT FUNDS)NOMURA原油インデックス上場,東証ETF,631.3,+6.9,1.11,"57,070",2026/08/28
948,948,3679,(株)じげん,東証PRM,455,+5,1.11,"595,400",2026/08/28
949,949,4076,(株)シイエヌエス,東証GRT,"2,012",+22,1.11,"1,400",2026/08/28
950,950,4694,(株)ビー・エム・エル,東証PRM,"3,655",+40,1.11,"73,600",2026/08/28
951,951,586A,(NEXT FUNDS) 日経エンタメ・コンテンツ株指数,東証ETF,254.6,+2.8,1.11,"302,790",2026/08/28
952,952,6654,不二電機工業(株),東証STD,"1,097",+12,1.11,"8,000",2026/08/28
953,953,7381,(株)ＣＣＩグループ,東証PRM,"1,273",+14,1.11,"387,600",2026/08/28
954,954,7486,サンリン(株),東証STD,822,+9,1.11,"5,700",2026/08/28
955,955,283A,GX USテック・配当貴族,東証ETF,"1,379",+15,1.1,"16,188",2026/08/28
956,956,3111,オーミケンシ(株),東証STD,183,+2,1.1,"2,200",2026/08/28
957,957,5713,住友金属鉱山(株),東証PRM,"11,525",+125,1.1,"2,569,800",2026/08/28
958,958,5975,東プレ(株),東証PRM,"3,210",+35,1.1,"72,900",2026/08/28
959,959,7186,(株)横浜フィナンシャルグループ,東証PRM,"1,933",+21,1.1,"3,717,700",2026/08/28
960,960,7434,(株)オータケ,東証STD,"1,840",+20,1.1,200,2026/08/28
961,961,7551,(株)ウェッズ,東証STD,737,+8,1.1,"3,200",2026/08/28
962,962,2224,(株)コモ,東証STD,"3,700",+40,1.09,"1,500",2026/08/28
963,963,2237,iFreeETF S&P500レバレッジ,東証ETF,"2,494",+27,1.09,"7,992",2026/08/28
964,964,2410,(株)キャリアデザインセンター,東証PRM,"2,967",+32,1.09,"23,100",2026/08/28
965,965,2498,(株)オリエンタルコンサルタンツホールディングス,東証STD,"3,235",+35,1.09,"12,500",2026/08/28
966,966,4326,(株)インテージホールディングス,東証PRM,"2,032",+22,1.09,"25,500",2026/08/28
967,967,517A,iFreeETF 米ドル・べア(1倍),東証ETF,"1,947",+21,1.09,200,2026/08/28
968,968,5255,(株)モンスターラボ,東証GRT,93,+1,1.09,"135,600",2026/08/28
969,969,5411,ＪＦＥホールディングス(株),東証PRM,"1,859",+20,1.09,"5,606,800",2026/08/28
970,970,6723,ルネサスエレクトロニクス(株),東証PRM,"3,417",+37,1.09,"12,494,000",2026/08/28
971,971,7227,アスカ(株),名証MN,"1,850",+20,1.09,"3,500",2026/08/28
972,972,7378,(株)アシロ,東証GRT,"1,572",+17,1.09,"21,800",2026/08/28
973,973,9744,(株)メイテックグループホールディングス,東証PRM,"3,422",+37,1.09,"595,700",2026/08/28
974,974,1591,(NEXT FUNDS) JPX日経インデックス400,東証ETF,"37,590",+400,1.08,179,2026/08/28
975,975,2636,GX MSCIガバナンス・クオリティ-日本株式,東証ETF,"5,034",+54,1.08,102,2026/08/28
976,976,4479,(株)マクアケ,東証GRT,933,+10,1.08,"21,200",2026/08/28
977,977,4565,ネクセラファーマ(株),東証PRM,"1,122",+12,1.08,"652,200",2026/08/28
978,978,531A,NZAM 上場投信 日経平均高配当株50,東証ETF,"2,340",+25,1.08,75,2026/08/28
979,979,7212,(株)エフテック,東証STD,747,+8,1.08,"10,300",2026/08/28
980,980,1349,ABF 汎アジア債券インデックス･ファンド,東証ETF,"17,865",+190,1.07,2,2026/08/28
981,981,4188,三菱ケミカルグループ(株),東証PRM,"1,183.5",+12.5,1.07,"11,539,000",2026/08/28
982,982,4495,(株)アイキューブドシステムズ,東証GRT,"2,079",+22,1.07,"7,700",2026/08/28
983,983,7957,フジコピアン(株),東証STD,"2,562",+27,1.07,"6,300",2026/08/28
984,984,1430,ファーストコーポレーション(株),東証STD,"1,053",+11,1.06,"28,700",2026/08/28
985,985,2749,(株)ＪＰホールディングス,東証PRM,665,+7,1.06,"263,200",2026/08/28
986,986,3397,(株)トリドールホールディングス,東証PRM,"4,370",+46,1.06,"259,700",2026/08/28
987,987,3985,テモナ(株),東証STD,190,+2,1.06,"6,700",2026/08/28
988,988,513A,GX 防衛テック-日本株式,東証ETF,860,+9,1.06,"178,431",2026/08/28
989,989,6706,電気興業(株),東証PRM,"3,345",+35,1.06,"22,600",2026/08/28
990,990,8031,三井物産(株),東証PRM,"4,979",+52,1.06,"5,616,600",2026/08/28
991,991,8244,(株)近鉄百貨店,東証STD,"2,008",+21,1.06,"179,500",2026/08/28
992,992,245A,(株)ＩＮＧＳ,東証GRT,"2,598",+27,1.05,"4,200",2026/08/28
993,993,5533,(株)エリッツホールディングス,東証STD,"2,024",+21,1.05,200,2026/08/28
994,994,7916,光村印刷(株),東証STD,"1,920",+20,1.05,100,2026/08/28
995,995,153A,(株)カウリス,東証GRT,"1,456",+15,1.04,"155,600",2026/08/28
996,996,7388,(株)ＦＰパートナー,東証PRM,"2,339",+24,1.04,"41,500",2026/08/28
997,997,7879,(株)ノダ,東証STD,683,+7,1.04,"9,500",2026/08/28
998,998,288A,ラクサス・テクノロジーズ(株),東証GRT,98,+1,1.03,"69,200",2026/08/28
999,999,4736,日本ラッド(株),東証STD,591,+6,1.03,"3,200",2026/08/28
1000,1000,5582,(株)グリッド,東証GRT,"1,957",+20,1.03,"17,000",2026/08/28
1001,1001,7182,(株)ゆうちょ銀行,東証PRM,"3,335",+34,1.03,"5,032,500",2026/08/28
1002,1002,7917,ＺＡＣＲＯＳ(株),東証PRM,"1,280",+13,1.03,"133,200",2026/08/28
1003,1003,8058,三菱商事(株),東証PRM,"4,786",+49,1.03,"6,618,000",2026/08/28
1004,1004,9219,(株)ギックス,東証GRT,884,+9,1.03,"8,100",2026/08/28
1005,1005,1625,(NEXT FUNDS)電機･精密上場投信,東証ETF,"65,530",+660,1.02,730,2026/08/28
1006,1006,2083,(NEXT FUNDS) 日本成長株アクティブ,東証ETF,"4,046",+41,1.02,"4,593",2026/08/28
1007,1007,4393,(株)バンク・オブ・イノベーション,東証GRT,"5,950",+60,1.02,"113,800",2026/08/28
1008,1008,1429,(株)日本アクア,東証PRM,802,+8,1.01,"97,900",2026/08/28
1009,1009,2081,政策保有解消推進ETF,東証ETF,"2,206",+22,1.01,194,2026/08/28
1010,1010,4041,日本曹達(株),東証PRM,"4,020",+40,1.01,"97,600",2026/08/28
1011,1011,4712,(株)ＫｅｙＨｏｌｄｅｒ,東証STD,801,+8,1.01,"14,900",2026/08/28
1012,1012,534A,NZAM 上場投信 NASDAQ100(H無),東証ETF,"2,393",+24,1.01,39,2026/08/28
1013,1013,5987,(株)オーネックス,東証STD,"1,700",+17,1.01,400,2026/08/28
1014,1014,6182,(株)メタリアル,東証GRT,499,+5,1.01,"18,800",2026/08/28
1015,1015,7167,(株)めぶきフィナンシャルグループ,東証PRM,"1,700.5",+17,1.01,"2,256,500",2026/08/28
1016,1016,9647,(株)協和コンサルタンツ,東証STD,"6,970",+70,1.01,200,2026/08/28
1017,1017,9709,ＮＣＳ＆Ａ(株),東証STD,"1,400",+14,1.01,"6,300",2026/08/28
1018,1018,1592,上場インデックス JPX日経インデックス400,東証ETF,"3,436",+34,1.0,"1,438",2026/08/28
1019,1019,1633,(NEXT FUNDS)不動産上場投信,東証ETF,"50,410",+500,1.0,162,2026/08/28
1020,1020,2524,NZAM 上場投信 TOPIX,東証ETF,"4,246",+42,1.0,"6,500",2026/08/28
1021,1021,2784,アルフレッサ　ホールディングス(株),東証PRM,"2,314",+23,1.0,"391,900",2026/08/28
1022,1022,2801,キッコーマン(株),東証PRM,"1,811",+18,1.0,"3,399,300",2026/08/28
1023,1023,316A,iFreeETF FANG+,東証ETF,"2,735",+27,1.0,"148,475",2026/08/28
1024,1024,3178,チムニー(株),東証STD,"1,217",+12,1.0,"15,500",2026/08/28
1025,1025,4480,(株)メドレー,東証PRM,"2,714",+27,1.0,"323,600",2026/08/28
1026,1026,4558,(株)中京医薬品,東証STD,202,+2,1.0,"5,000",2026/08/28
1027,1027,4777,(株)ガーラ,東証STD,202,+2,1.0,"23,500",2026/08/28
1028,1028,6804,ホシデン(株),東証PRM,"2,731",+27,1.0,"195,100",2026/08/28
1029,1029,7011,三菱重工業(株),東証PRM,"4,025",+40,1.0,"15,227,700",2026/08/28
1030,1030,8331,(株)千葉銀行,東証PRM,"2,814.5",+28,1.0,"3,533,700",2026/08/28
1031,1031,8769,(株)アドバンテッジリスクマネジメント,東証STD,506,+5,1.0,"18,400",2026/08/28
1032,1032,1481,上場インデックスファンド日本経済貢献株,東証ETF,"3,987",+39,0.99,25,2026/08/28
1033,1033,1490,上場MSCI日本株高配当低ボラティリティ(βH),東証ETF,"7,877",+77,0.99,5,2026/08/28
1034,1034,257A,SMT ETF日本株厳選投資アクティブ,東証ETF,"3,455",+34,0.99,279,2026/08/28
1035,1035,2643,(NEXTFUNDS) MSCIジャパンカントリー指数(セレクト),東証ETF,"4,391",+43,0.99,246,2026/08/28
1036,1036,2805,ヱスビー食品(株),東証STD,"7,120",+70,0.99,"54,100",2026/08/28
1037,1037,2903,シノブフーズ(株),東証STD,"1,630",+16,0.99,"2,300",2026/08/28
1038,1038,348A,MAXIS 読売333日本株,東証ETF,304.9,+3,0.99,"17,600",2026/08/28
1039,1039,5368,日本インシュレーション(株),東証STD,"1,017",+10,0.99,"2,400",2026/08/28
1040,1040,564A,GX S&P先進国キャッシュフロー・トップ100,東証ETF,"1,123",+11,0.99,"1,318",2026/08/28
1041,1041,5888,ＤＡＩＷＡ　ＣＹＣＬＥ(株),東証GRT,"2,862",+28,0.99,"3,900",2026/08/28
1042,1042,6861,(株)キーエンス,東証PRM,"82,960",+810,0.99,"426,100",2026/08/28
1043,1043,9761,東海リース(株),東証STD,"2,454",+24,0.99,"2,000",2026/08/28
1044,1044,1674,WisdomTree 白金上場投信,東証ETF,"26,895",+260,0.98,149,2026/08/28
1045,1045,354A,iFreeETF ブルームバーグ日本株高配当50指数,東証ETF,"3,398",+33,0.98,"18,116",2026/08/28
1046,1046,6044,(株)三機サービス,東証STD,"1,949",+19,0.98,"3,000",2026/08/28
1047,1047,7276,(株)小糸製作所,東証PRM,"2,692.5",+26,0.98,"1,746,300",2026/08/28
1048,1048,7844,(株)マーベラス,東証PRM,516,+5,0.98,"234,400",2026/08/28
1049,1049,1662,石油資源開発(株),東証PRM,"1,882",+18,0.97,"824,900",2026/08/28
1050,1050,2096,GX オフィス・J-REIT,東証ETF,"1,040",+10,0.97,"1,253",2026/08/28
1051,1051,4671,(株)ファルコホールディングス,東証STD,"2,916",+28,0.97,"13,600",2026/08/28
1052,1052,7180,(株)九州フィナンシャルグループ,東証PRM,"1,565.5",+15,0.97,"843,800",2026/08/28
1053,1053,7296,(株)エフ・シー・シー,東証PRM,"4,175",+40,0.97,"89,200",2026/08/28
1054,1054,7791,ドリームベッド(株),東証STD,835,+8,0.97,700,2026/08/28
1055,1055,8129,東邦ホールディングス(株),東証PRM,"3,957",+38,0.97,"96,100",2026/08/28
1056,1056,9663,(株)ナガワ,東証PRM,"5,190",+50,0.97,"21,300",2026/08/28
1057,1057,224A,GX ウラニウムビジネス,東証ETF,"1,780",+17,0.96,"8,907",2026/08/28
1058,1058,2477,手間いらず(株),東証STD,"3,155",+30,0.96,"9,500",2026/08/28
1059,1059,2869,iFreeETF NASDAQ100レバレッジ,東証ETF,"2,948",+28,0.96,"119,307",2026/08/28
1060,1060,4021,日産化学(株),東証PRM,"8,130",+77,0.96,"502,900",2026/08/28
1061,1061,4571,ＮＡＮＯ　ホールディングス(株),東証GRT,105,+1,0.96,"408,900",2026/08/28
1062,1062,4598,Ｄｅｌｔａ－Ｆｌｙ　Ｐｈａｒｍａ(株),東証GRT,105,+1,0.96,"141,000",2026/08/28
1063,1063,4662,(株)フォーカスシステムズ,東証PRM,"1,687",+16,0.96,"56,300",2026/08/28
1064,1064,4714,(株)リソー教育グループ,東証PRM,211,+2,0.96,"1,063,200",2026/08/28
1065,1065,6144,西部電機(株),東証STD,"2,949",+28,0.96,"3,000",2026/08/28
1066,1066,6966,(株)三井ハイテック,東証PRM,947,+9,0.96,"1,644,100",2026/08/28
1067,1067,7022,サノヤスホールディングス(株),東証STD,315,+3,0.96,"47,400",2026/08/28
1068,1068,8137,サンワテクノス(株),東証PRM,"4,210",+40,0.96,"36,300",2026/08/28
1069,1069,8891,ＡＭＧホールディングス(株),東証STD,"2,109",+20,0.96,"5,900",2026/08/28
1070,1070,9204,スカイマーク(株),東証GRT,422,+4,0.96,"91,000",2026/08/28
1071,1071,9536,西部ガスホールディングス(株),東証PRM,"2,515",+24,0.96,"411,300",2026/08/28
1072,1072,9706,日本空港ビルデング(株),東証PRM,"5,998",+57,0.96,"854,900",2026/08/28
1073,1073,5071,(株)ヴィス,東証STD,"1,376",+13,0.95,"3,300",2026/08/28
1074,1074,6200,(株)インソース,東証PRM,741,+7,0.95,"337,600",2026/08/28
1075,1075,8084,(株)ＲＹＯＤＥＮ,東証PRM,"4,785",+45,0.95,"30,000",2026/08/28
1076,1076,8165,(株)千趣会,東証STD,106,+1,0.95,"113,900",2026/08/28
1077,1077,8747,豊トラスティ証券(株),東証STD,"2,330",+22,0.95,"6,300",2026/08/28
1078,1078,9610,ウィルソン・ラーニング　ワールドワイド(株),東証STD,106,+1,0.95,"155,500",2026/08/28
1079,1079,130A,(株)Ｖｅｒｉｔａｓ　Ｉｎ　Ｓｉｌｉｃｏ,東証GRT,430,+4,0.94,"15,000",2026/08/28
1080,1080,1593,MAXIS JPX日経インデックス400上場投信,東証ETF,"38,470",+360,0.94,"3,783",2026/08/28
1081,1081,2345,(株)ＨＯＤＬ１,東証STD,107,+1,0.94,"126,600",2026/08/28
1082,1082,3402,東レ(株),東証PRM,"1,288.5",+12,0.94,"3,750,000",2026/08/28
1083,1083,3524,日東製網(株),東証STD,"1,497",+14,0.94,"6,700",2026/08/28
1084,1084,435A,iFreeETF 日本株配当ローテーション戦略,東証ETF,"2,791",+26,0.94,"87,496",2026/08/28
1085,1085,5039,(株)キットアライブ,札幌ア,"1,072",+10,0.94,100,2026/08/28
1086,1086,521A,iFreeETF FANG+ゴールド,東証ETF,"2,154",+20,0.94,"65,913",2026/08/28
1087,1087,5591,(株)ＡＶＩＬＥＮ,東証GRT,860,+8,0.94,"37,100",2026/08/28
1088,1088,7272,ヤマハ発動機(株),東証PRM,"1,924.5",+18,0.94,"8,131,900",2026/08/28
1089,1089,8364,(株)清水銀行,東証PRM,"3,210",+30,0.94,"32,000",2026/08/28
1090,1090,8508,Ｊトラスト(株),東証STD,753,+7,0.94,"2,742,200",2026/08/28
1091,1091,9531,東京ガス(株),東証PRM,"6,136",+57,0.94,"756,200",2026/08/28
1092,1092,9757,(株)船井総研ホールディングス,東証PRM,"1,182",+11,0.94,"298,400",2026/08/28
1093,1093,9827,リリカラ(株),東証STD,647,+6,0.94,"18,600",2026/08/28
1094,1094,2588,(株)プレミアムウォーターホールディングス,東証STD,"3,800",+35,0.93,700,2026/08/28
1095,1095,3710,ジョルダン(株),東証STD,649,+6,0.93,900,2026/08/28
1096,1096,436A,サイバーソリューションズ(株),東証GRT,"1,200",+11,0.93,"26,800",2026/08/28
1097,1097,5133,(株)テリロジーホールディングス,東証STD,324,+3,0.93,"62,700",2026/08/28
1098,1098,5258,(株)トランザクション・メディア・ネットワークス,東証GRT,436,+4,0.93,"76,500",2026/08/28
1099,1099,6932,(株)遠藤照明,東証STD,"2,605",+24,0.93,"23,700",2026/08/28
1100,1100,7238,曙ブレーキ工業(株),東証PRM,108,+1,0.93,"2,389,800",2026/08/28
1101,1101,7337,(株)ひろぎんホールディングス,東証PRM,"2,378",+22,0.93,"490,700",2026/08/28
1102,1102,2226,(株)湖池屋,東証STD,"4,930",+45,0.92,"3,000",2026/08/28
1103,1103,2331,ＡＬＳＯＫ(株),東証PRM,"1,202.5",+11,0.92,"2,820,300",2026/08/28
1104,1104,2351,(株)ＡＳＪ,東証STD,328,+3,0.92,"5,100",2026/08/28
1105,1105,2815,アリアケジャパン(株),東証PRM,"5,500",+50,0.92,"61,800",2026/08/28
1106,1106,3437,特殊電極(株),東証STD,"2,750",+25,0.92,300,2026/08/28
1107,1107,556A,犬猫生活(株),東証GRT,"2,298",+21,0.92,"33,000",2026/08/28
1108,1108,6376,日機装(株),東証PRM,"3,840",+35,0.92,"873,600",2026/08/28
1109,1109,6592,マブチモーター(株),東証PRM,"1,762",+16,0.92,"991,200",2026/08/28
1110,1110,8111,(株)ゴールドウイン,東証PRM,"2,190",+20,0.92,"451,100",2026/08/28
1111,1111,8151,(株)東陽テクニカ,東証PRM,"1,977",+18,0.92,"268,900",2026/08/28
1112,1112,281A,インフォメティス(株),東証GRT,442,+4,0.91,"79,100",2026/08/28
1113,1113,3076,あい　ホールディングス(株),東証PRM,"2,994",+27,0.91,"101,900",2026/08/28
1114,1114,3173,(株)Ｃｏｍｉｎｉｘ,東証STD,"1,559",+14,0.91,"15,200",2026/08/28
1115,1115,3817,(株)ＳＲＡホールディングス,東証PRM,"4,995",+45,0.91,"38,300",2026/08/28
1116,1116,4783,ＮＣＤ(株),東証STD,"2,670",+24,0.91,"6,600",2026/08/28
1117,1117,5940,不二サッシ(株),東証STD,773,+7,0.91,"12,600",2026/08/28
1118,1118,609A,GX 総合商社&資源ビジネス-日本株式,東証ETF,"1,114",+10,0.91,"43,573",2026/08/28
1119,1119,7781,(株)平山ホールディングス,東証STD,883,+8,0.91,"8,200",2026/08/28
1120,1120,1793,(株)大本組,東証STD,"2,138",+19,0.9,"4,900",2026/08/28
1121,1121,2607,不二製油(株),東証PRM,"4,596",+41,0.9,"303,700",2026/08/28
1122,1122,2625,iFreeETF TOPIX(年4回決算型),東証ETF,"4,158",+37,0.9,646,2026/08/28
1123,1123,2998,クリアル(株),東証GRT,563,+5,0.9,"109,500",2026/08/28
1124,1124,3138,(株)富士山マガジンサービス,東証STD,"1,124",+10,0.9,"3,300",2026/08/28
1125,1125,6345,(株)アイチコーポレーション,東証PRM,"1,454",+13,0.9,"145,400",2026/08/28
1126,1126,8705,日産証券グループ(株),東証STD,223,+2,0.9,"90,300",2026/08/28
1127,1127,1545,(NEXT FUNDS)NASDAQ-100(H無)連動型上場投信,東証ETF,238.1,+2.1,0.89,"1,858,620",2026/08/28
1128,1128,2557,SMDAM トピックス上場投信,東証ETF,"4,201",+37,0.89,"1,150",2026/08/28
1129,1129,2642,SMT ETFカーボン・エフィシェント日本株,東証ETF,"54,510",+480,0.89,1,2026/08/28
1130,1130,4386,(株)ＳＩＧグループ,東証STD,906,+8,0.89,"7,300",2026/08/28
1131,1131,4719,(株)アルファシステムズ,東証PRM,"3,405",+30,0.89,"10,600",2026/08/28
1132,1132,4875,メディシノバ,東証STD外国,227,+2,0.89,"49,200",2026/08/28
1133,1133,5401,日本製鉄(株),東証PRM,677,+6,0.89,"24,755,600",2026/08/28
1134,1134,6384,(株)昭和真空,東証STD,"1,702",+15,0.89,"10,300",2026/08/28
1135,1135,6752,パナソニック　ホールディングス(株),東証PRM,"4,414",+39,0.89,"7,202,700",2026/08/28
1136,1136,9402,中部日本放送(株),名証PRM,"1,246",+11,0.89,"17,800",2026/08/28
1137,1137,234A,GX MSCI キャッシュフローキング-日本株式,東証ETF,"1,488",+13,0.88,860,2026/08/28
1138,1138,3034,クオールホールディングス(株),東証PRM,"2,527",+22,0.88,"96,800",2026/08/28
1139,1139,541A,One ETF TOPIX高配当株グロース指数,東証ETF,"1,143.5",+10,0.88,850,2026/08/28
1140,1140,5831,(株)しずおかフィナンシャルグループ,東証PRM,"3,650",+32,0.88,"1,791,200",2026/08/28
1141,1141,6269,三井海洋開発(株),東証PRM,"9,843",+86,0.88,"481,300",2026/08/28
1142,1142,6594,ニデック(株),東証PRM,"2,626",+23,0.88,"1,918,500",2026/08/28
1143,1143,7919,野崎印刷紙業(株),東証STD,229,+2,0.88,"9,500",2026/08/28
1144,1144,8358,スルガ銀行(株),東証PRM,"2,985",+26,0.88,"666,100",2026/08/28
1145,1145,8566,リコーリース(株),東証PRM,"6,880",+60,0.88,"28,500",2026/08/28
1146,1146,1483,iシェアーズ JPX/S&P 設備･人材投資ETF,東証ETF,"3,944",+34,0.87,4,2026/08/28
1147,1147,2432,(株)ディー・エヌ・エー,東証PRM,"2,550",+22,0.87,"1,168,500",2026/08/28
1148,1148,578A,GX シルバー (H有),東証ETF,267.1,+2.3,0.87,"3,920",2026/08/28
1149,1149,7134,(株)アップガレージグループ,東証STD,"1,388",+12,0.87,"3,900",2026/08/28
1150,1150,4365,松本油脂製薬(株),東証STD,"22,190",+190,0.86,900,2026/08/28
1151,1151,469A,(株)フィットクルー,東証GRT,"1,644",+14,0.86,"2,100",2026/08/28
1152,1152,6039,(株)日本動物高度医療センター,東証GRT,"1,050",+9,0.86,"38,500",2026/08/28
1153,1153,6741,日本信号(株),東証PRM,"1,872",+16,0.86,"98,600",2026/08/28
1154,1154,8022,ミズノ(株),東証PRM,"4,085",+35,0.86,"314,600",2026/08/28
1155,1155,9782,(株)ディーエムエス,東証STD,"3,520",+30,0.86,"18,900",2026/08/28
1156,1156,1308,上場インデックスファンドTOPIX,東証ETF,"4,270",+36,0.85,"190,765",2026/08/28
1157,1157,1828,田辺工業(株),東証STD,"2,366",+20,0.85,"9,000",2026/08/28
1158,1158,2037,NEXT NOTES 金先物 ベア ETN,東証ETF,"1,186",+10,0.85,"3,904",2026/08/28
1159,1159,3628,(株)データホライゾン,東証GRT,595,+5,0.85,"3,200",2026/08/28
1160,1160,4825,(株)ウェザーニューズ,東証PRM,"2,144",+18,0.85,"230,600",2026/08/28
1161,1161,6523,ＰＨＣホールディングス(株),東証PRM,"1,540",+13,0.85,"784,900",2026/08/28
1162,1162,6836,ぷらっとホーム(株),東証STD,827,+7,0.85,"4,800",2026/08/28
1163,1163,9313,丸八倉庫(株),東証STD,"1,064",+9,0.85,500,2026/08/28
1164,1164,9553,(株)マイクロアド,東証GRT,595,+5,0.85,"120,600",2026/08/28
1165,1165,9742,(株)アイネス,東証PRM,"2,367",+20,0.85,"34,300",2026/08/28
1166,1166,4390,(株)アイ・ピー・エス,東証PRM,"4,185",+35,0.84,"120,100",2026/08/28
1167,1167,8766,東京海上ホールディングス(株),東証PRM,"7,693",+64,0.84,"5,425,200",2026/08/28
1168,1168,9345,ビズメイツ(株),東証GRT,599,+5,0.84,"1,200",2026/08/28
1169,1169,1585,iFreeETF TOPIX Ex-Financials,東証ETF,"2,687",+22,0.83,40,2026/08/28
1170,1170,4661,(株)オリエンタルランド,東証PRM,"3,039",+25,0.83,"3,143,300",2026/08/28
1171,1171,6316,(株)丸山製作所,東証STD,"3,030",+25,0.83,"6,600",2026/08/28
1172,1172,6351,(株)鶴見製作所,東証PRM,"2,441",+20,0.83,"43,100",2026/08/28
1173,1173,8336,(株)武蔵野銀行,東証PRM,"2,795",+23,0.83,"198,600",2026/08/28
1174,1174,8876,(株)リログループ,東証PRM,"2,179",+18,0.83,"228,900",2026/08/28
1175,1175,9237,(株)笑美面,東証GRT,968,+8,0.83,"6,400",2026/08/28
1176,1176,9760,(株)進学会ホールディングス,東証STD,121,+1,0.83,"39,000",2026/08/28
1177,1177,162A,AIセレクトメガトレンド日本株(ネットリターン)ETN,東証ETF,"17,250",+140,0.82,921,2026/08/28
1178,1178,1686,WisdomTree 産業用金属上場投信,東証ETF,"3,085",+25,0.82,250,2026/08/28
1179,1179,4331,(株)テイクアンドギヴ・ニーズ,東証PRM,735,+6,0.82,"50,500",2026/08/28
1180,1180,5204,石塚硝子(株),東証STD,"3,065",+25,0.82,"5,600",2026/08/28
1181,1181,6196,(株)ストライクグループ,東証PRM,"1,350",+11,0.82,"209,400",2026/08/28
1182,1182,6824,新コスモス電機(株),東証STD,"4,305",+35,0.82,"15,300",2026/08/28
1183,1183,7231,トピー工業(株),東証PRM,"3,080",+25,0.82,"36,300",2026/08/28
1184,1184,8360,(株)山梨中央銀行,東証PRM,"7,410",+60,0.82,"145,500",2026/08/28
1185,1185,9267,Ｇｅｎｋｙ　ＤｒｕｇＳｔｏｒｅｓ(株),東証PRM,"3,705",+30,0.82,"45,500",2026/08/28
1186,1186,9533,東邦ガス(株),東証PRM,"1,224",+10,0.82,"594,300",2026/08/28
1187,1187,1673,WisdomTree 銀上場投信,東証ETF,"10,015",+80,0.81,"2,780",2026/08/28
1188,1188,2501,サッポロビール(株),東証PRM,"1,932",+15.5,0.81,"993,700",2026/08/28
1189,1189,2525,NZAM 上場投信 日経225,東証ETF,"67,200",+540,0.81,"1,026",2026/08/28
1190,1190,368A,(株)北里,東証PRM,"1,500",+12,0.81,"74,900",2026/08/28
1191,1191,5013,(株)ユシロ,東証STD,"2,976",+24,0.81,"32,200",2026/08/28
1192,1192,5947,リンナイ(株),東証PRM,"3,624",+29,0.81,"340,000",2026/08/28
1193,1193,6145,ＮＩＴＴＯＫＵ(株),東証STD,"2,489",+20,0.81,"64,800",2026/08/28
1194,1194,7537,丸文(株),東証PRM,"1,866",+15,0.81,"118,600",2026/08/28
1195,1195,7955,クリナップ(株),東証PRM,994,+8,0.81,"37,200",2026/08/28
1196,1196,7994,(株)オカムラ,東証PRM,"2,378",+19,0.81,"204,700",2026/08/28
1197,1197,8133,伊藤忠エネクス(株),東証PRM,"2,243",+18,0.81,"142,600",2026/08/28
1198,1198,1498,One ETF ESG,東証ETF,"32,960",+260,0.8,93,2026/08/28
1199,1199,2564,GX MSCIスーパーディビィデンド-日本株式,東証ETF,"3,760",+30,0.8,"4,630",2026/08/28
1200,1200,5461,中部鋼鈑(株),東証PRM,"2,130",+17,0.8,"77,000",2026/08/28
1201,1201,5742,エヌアイシ・オートテック(株),東証STD,755,+6,0.8,"1,000",2026/08/28
1202,1202,7646,(株)ＰＬＡＮＴ,東証STD,"1,883",+15,0.8,"9,300",2026/08/28
1203,1203,7914,共同印刷(株),東証PRM,"1,755",+14,0.8,"53,800",2026/08/28
1204,1204,8410,(株)セブン銀行,東証PRM,338.7,+2.7,0.8,"6,231,900",2026/08/28
1205,1205,9322,川西倉庫(株),東証STD,"2,514",+20,0.8,"4,700",2026/08/28
1206,1206,9790,福井コンピュータホールディングス(株),東証PRM,"3,140",+25,0.8,"35,200",2026/08/28
1207,1207,1364,ｉシェアーズ JPX日経400 ETF,東証ETF,"3,825",+30,0.79,"15,177",2026/08/28
1208,1208,1473,One ETF トピックス,東証ETF,"4,219",+33,0.79,"8,660",2026/08/28
1209,1209,2072,トップシェアインデックス(ネットリターン)ETN,東証ETF,"22,440",+175,0.79,4,2026/08/28
1210,1210,3248,(株)アールエイジ,東証STD,889,+7,0.79,"1,300",2026/08/28
1211,1211,3360,シップヘルスケアホールディングス(株),東証PRM,"2,365",+18.5,0.79,"679,500",2026/08/28
1212,1212,7698,(株)アイスコ,東証STD,"2,668",+21,0.79,"2,800",2026/08/28
1213,1213,7856,萩原工業(株),東証PRM,"1,905",+15,0.79,"39,100",2026/08/28
1214,1214,8370,(株)紀陽銀行,東証PRM,"5,100",+40,0.79,"110,800",2026/08/28
1215,1215,9990,(株)サックスバー　ホールディングス,東証PRM,767,+6,0.79,"51,900",2026/08/28
1216,1216,1579,日経平均ブル2倍上場投信,東証ETF,753.9,+5.8,0.78,"8,801,930",2026/08/28
1217,1217,2836,GX フィンテック-日本株式,東証ETF,"3,477",+27,0.78,166,2026/08/28
1218,1218,2865,GX NASDAQ100・カバード・コール,東証ETF,"1,289",+10,0.78,"155,956",2026/08/28
1219,1219,3202,ダイトウボウ(株),東証STD,129,+1,0.78,"29,900",2026/08/28
1220,1220,3454,ファーストブラザーズ(株),東証STD,"1,286",+10,0.78,"4,700",2026/08/28
1221,1221,3841,(株)ジーダット,東証STD,"1,288",+10,0.78,"1,000",2026/08/28
1222,1222,4347,ブロードメディア(株),東証STD,"1,683",+13,0.78,"9,500",2026/08/28
1223,1223,4527,ロート製薬(株),東証PRM,"3,106",+24,0.78,"1,167,100",2026/08/28
1224,1224,460A,ＢＲＡＮＵ(株),東証GRT,"1,040",+8,0.78,"16,600",2026/08/28
1225,1225,5131,リンカーズ(株),東証GRT,130,+1,0.78,"287,200",2026/08/28
1226,1226,5241,(株)日本オーエー研究所,名証MN,780,+6,0.78,100,2026/08/28
1227,1227,5986,モリテック　スチール(株),東証STD,258,+2,0.78,"10,400",2026/08/28
1228,1228,6149,(株)小田原エンジニアリング,東証STD,"2,313",+18,0.78,"12,100",2026/08/28
1229,1229,7462,(株)ＣＡＰＩＴＡ,東証STD,390,+3,0.78,"21,800",2026/08/28
1230,1230,7979,(株)松風,東証PRM,"2,335",+18,0.78,"67,400",2026/08/28
1231,1231,1474,One ETF JPX日経400,東証ETF,"37,790",+290,0.77,6,2026/08/28
1232,1232,1570,(NEXT FUNDS)日経平均レバレッジ上場投信,東証ETF,"69,780",+530,0.77,"1,987,457",2026/08/28
1233,1233,3940,(株)ノムラシステムコーポレーション,東証STD,131,+1,0.77,"190,700",2026/08/28
1234,1234,5288,アジアパイルホールディングス(株),東証PRM,"1,565",+12,0.77,"263,400",2026/08/28
1235,1235,7762,シチズン時計(株),東証PRM,"2,740",+21,0.77,"1,236,100",2026/08/28
1236,1236,8037,カメイ(株),東証PRM,"4,585",+35,0.77,"75,900",2026/08/28
1237,1237,9435,(株)光通信,東証PRM,"40,740",+310,0.77,"63,700",2026/08/28
1238,1238,2139,(株)中広,東証STD,529,+4,0.76,"2,100",2026/08/28
1239,1239,2193,クックパッド(株),東証STD,132,+1,0.76,"145,200",2026/08/28
1240,1240,2239,上場インデックスファンドS&P500先物レバレッジ2倍,東証ETF,"27,005",+205,0.76,216,2026/08/28
1241,1241,4679,(株)田谷,東証STD,264,+2,0.76,"1,400",2026/08/28
1242,1242,4832,ＪＦＥシステムズ(株),東証STD,"1,995",+15,0.76,"5,400",2026/08/28
1243,1243,7839,(株)ＳＨＯＥＩ,東証PRM,"2,113",+16,0.76,"125,300",2026/08/28
1244,1244,9212,Ｇｒｅｅｎ　Ｅａｒｔｈ　Ｉｎｓｔｉｔｕｔｅ(株),東証GRT,265,+2,0.76,"258,800",2026/08/28
1245,1245,9887,(株)松屋フーズホールディングス,東証PRM,"5,300",+40,0.76,"57,600",2026/08/28
1246,1246,1436,(株)グリーンエナジー＆カンパニー,東証GRT,"1,602",+12,0.75,"24,200",2026/08/28
1247,1247,1572,中国H株ブル2倍上場投信,東証ETF,"7,219",+54,0.75,"1,700",2026/08/28
1248,1248,1878,大東建託(株),東証PRM,"3,353",+25,0.75,"931,100",2026/08/28
1249,1249,2114,フジ日本(株),東証STD,669,+5,0.75,"13,400",2026/08/28
1250,1250,2288,丸大食品(株),東証PRM,"2,271",+17,0.75,"90,600",2026/08/28
1251,1251,2631,MAXIS ナスダック100上場投信,東証ETF,"33,710",+250,0.75,"14,306",2026/08/28
1252,1252,3421,(株)稲葉製作所,東証STD,"1,749",+13,0.75,"32,100",2026/08/28
1253,1253,4442,バルテス・ホールディングス(株),東証GRT,404,+3,0.75,"56,300",2026/08/28
1254,1254,4650,ＳＤエンターテイメント(株),東証STD,268,+2,0.75,"2,500",2026/08/28
1255,1255,6630,ヤーマン(株),東証PRM,801,+6,0.75,"135,500",2026/08/28
1256,1256,7593,ＶＴホールディングス(株),東証PRM,534,+4,0.75,"309,300",2026/08/28
1257,1257,7744,ノーリツ鋼機(株),東証PRM,"2,015",+15,0.75,"643,000",2026/08/28
1258,1258,8835,太平洋興発(株),東証STD,807,+6,0.75,"31,900",2026/08/28
1259,1259,9302,三井倉庫ホールディングス(株),東証PRM,"3,358",+25,0.75,"437,900",2026/08/28
1260,1260,9640,(株)セゾンテクノロジー,東証STD,"2,025",+15,0.75,"6,100",2026/08/28
1261,1261,9687,(株)ＫＳＫ,東証STD,"4,725",+35,0.75,"4,200",2026/08/28
1262,1262,2568,上場インデックスファンド米国株式(NASDAQ100)H無,東証ETF,"8,086",+59,0.74,"2,684",2026/08/28
1263,1263,2645,GX レジャー&エンターテインメント-日本株式,東証ETF,"3,143",+23,0.74,389,2026/08/28
1264,1264,3698,(株)ＣＲＩ・ミドルウェア,東証STD,"1,220",+9,0.74,"17,100",2026/08/28
1265,1265,3900,(株)クラウドワークス,東証GRT,682,+5,0.74,"110,000",2026/08/28
1266,1266,4629,大伸化学(株),東証STD,"2,166",+16,0.74,"4,900",2026/08/28
1267,1267,4922,(株)コーセーホールディングス,東証PRM,"5,865",+43,0.74,"218,400",2026/08/28
1268,1268,5388,クニミネ工業(株),東証STD,"1,370",+10,0.74,"7,800",2026/08/28
1269,1269,8361,(株)大垣共立銀行,東証PRM,"8,210",+60,0.74,"158,400",2026/08/28
1270,1270,9436,沖縄セルラー電話(株),東証STD,"4,110",+30,0.74,"92,400",2026/08/28
1271,1271,9936,(株)王将フードサービス,東証PRM,"2,990",+22,0.74,"177,400",2026/08/28
1272,1272,9955,(株)ヨンキュウ,東証STD,"2,846",+21,0.74,"2,600",2026/08/28
1273,1273,1475,iシェアーズ・コア TOPIX ETF,東証ETF,425.9,+3.1,0.73,"1,577,260",2026/08/28
1274,1274,2768,双日(株),東証PRM,"5,630",+41,0.73,"870,000",2026/08/28
1275,1275,2809,キユーピー(株),東証PRM,"4,720",+34,0.73,"253,700",2026/08/28
1276,1276,3261,(株)グランディーズ,東証GRT,412,+3,0.73,"3,700",2026/08/28
1277,1277,4436,(株)ミンカブ・ジ・インフォノイド,東証GRT,415,+3,0.73,"56,000",2026/08/28
1278,1278,4689,ＬＩＮＥヤフー(株),東証PRM,554,+4,0.73,"19,031,100",2026/08/28
1279,1279,5257,ノバシステム(株),東証STD,"2,770",+20,0.73,"3,700",2026/08/28
1280,1280,6309,巴工業(株),東証PRM,"2,070",+15,0.73,"77,000",2026/08/28
1281,1281,7701,(株)島津製作所,東証PRM,"4,130",+30,0.73,"672,700",2026/08/28
1282,1282,7804,(株)ビーアンドピー,東証STD,"2,353",+17,0.73,"4,700",2026/08/28
1283,1283,8291,日産東京販売ホールディングス(株),東証STD,555,+4,0.73,"82,200",2026/08/28
1284,1284,9242,メディア総研(株),東証GRT,"1,942",+14,0.73,400,2026/08/28
1285,1285,9246,(株)プロジェクトホールディングス,東証GRT,"1,110",+8,0.73,"2,900",2026/08/28
1286,1286,137A,Ｃｏｃｏｌｉｖｅ(株),東証GRT,696,+5,0.72,"2,600",2026/08/28
1287,1287,2932,(株)ＳＴＩフードホールディングス,東証STD,"1,119",+8,0.72,"11,000",2026/08/28
1288,1288,3395,(株)サンマルクホールディングス,東証PRM,"2,518",+18,0.72,"99,600",2026/08/28
1289,1289,568A,iシェアーズ シルバー,東証ETF,181.1,+1.3,0.72,"105,030",2026/08/28
1290,1290,6753,シャープ(株),東証PRM,647.7,+4.6,0.72,"2,189,200",2026/08/28
1291,1291,8593,三菱ＨＣキャピタル(株),東証PRM,"1,402.5",+10,0.72,"3,038,300",2026/08/28
1292,1292,294A,(NEXT FUNDS) MSCIジャパン気候変動指数(セレクト),東証ETF,"2,979",+21,0.71,1,2026/08/28
1293,1293,4928,(株)ノエビアホールディングス,東証PRM,"4,935",+35,0.71,"78,200",2026/08/28
1294,1294,6436,アマノ(株),東証PRM,"3,990",+28,0.71,"256,700",2026/08/28
1295,1295,7095,(株)Ｍａｃｂｅｅ　Ｐｌａｎｅｔ,東証PRM,"1,285",+9,0.71,"42,300",2026/08/28
1296,1296,8798,(株)アドバンスクリエイト,東証PRM,141,+1,0.71,"57,700",2026/08/28
1297,1297,9686,東洋テック(株),東証STD,"1,704",+12,0.71,"8,300",2026/08/28
1298,1298,1628,(NEXT FUNDS)運輸･物流上場投信,東証ETF,"22,250",+155,0.7,213,2026/08/28
1299,1299,1651,iFreeETF TOPIX高配当40指数,東証ETF,"3,306",+23,0.7,"15,571",2026/08/28
1300,1300,1724,シンクレイヤ(株),東証STD,717,+5,0.7,"3,000",2026/08/28
1301,1301,2098,GX ホテル&リテール・J-REIT,東証ETF,"1,000",+7,0.7,"6,365",2026/08/28
1302,1302,2393,(株)日本ケアサプライ,東証STD,"4,325",+30,0.7,"1,800",2026/08/28
1303,1303,3491,(株)ＧＡ　ｔｅｃｈｎｏｌｏｇｉｅｓ,東証GRT,"1,576",+11,0.7,"131,600",2026/08/28
1304,1304,4463,日華化学(株),東証STD,"2,015",+14,0.7,"4,700",2026/08/28
1305,1305,4901,富士フイルムホールディングス(株),東証PRM,"3,319",+23,0.7,"3,790,000",2026/08/28
1306,1306,587A,インベスコ QQQ トラスト シリーズ1,東証ETF,"114,750",+800,0.7,311,2026/08/28
1307,1307,5956,トーソー(株),東証STD,573,+4,0.7,"2,800",2026/08/28
1308,1308,146A,コロンビア・ワークス(株),東証STD,"3,640",+25,0.69,"28,500",2026/08/28
1309,1309,1478,iシェアーズ MSCI ジャパン高配当利回り ETF,東証ETF,"5,376",+37,0.69,"25,841",2026/08/28
1310,1310,2471,(株)エスプール,東証PRM,291,+2,0.69,"205,000",2026/08/28
1311,1311,2531,宝ホールディングス(株),東証PRM,"2,121.5",+14.5,0.69,"1,110,600",2026/08/28
1312,1312,2594,キーコーヒー(株),東証PRM,"2,049",+14,0.69,"122,200",2026/08/28
1313,1313,3011,(株)バナーズ,東証STD,146,+1,0.69,"20,800",2026/08/28
1314,1314,343A,(株)ＩＡＣＥトラベル,東証STD,"1,311",+9,0.69,"9,300",2026/08/28
1315,1315,5019,出光興産(株),東証PRM,"1,379.5",+9.5,0.69,"2,724,900",2026/08/28
1316,1316,6239,(株)ナガオカ,東証STD,"1,452",+10,0.69,"1,600",2026/08/28
1317,1317,7581,(株)サイゼリヤ,東証PRM,"7,270",+50,0.69,"208,600",2026/08/28
1318,1318,9233,アジア航測(株),東証STD,"1,163",+8,0.69,"12,900",2026/08/28
1319,1319,9360,鈴与シンワート(株),東証STD,"2,770",+19,0.69,300,2026/08/28
1320,1320,9532,大阪ガス(株),東証PRM,"5,657",+39,0.69,"651,700",2026/08/28
1321,1321,1348,MAXIS トピックス上場投信,東証ETF,"4,299",+29,0.68,"19,600",2026/08/28
1322,1322,1358,上場インデックス日経レバレッジ指数,東証ETF,"132,700",+900,0.68,"6,694",2026/08/28
1323,1323,1541,純プラチナ上場信託(現物国内保管型),東証ETF,"8,626",+58,0.68,"13,483",2026/08/28
1324,1324,1577,(NEXT FUNDS)野村日本株高配当70連動型ETF,東証ETF,"60,510",+410,0.68,"2,760",2026/08/28
1325,1325,1658,iシェアーズ･コア MSCI 新興国株 ETF,東証ETF,"4,430",+30,0.68,760,2026/08/28
1326,1326,3177,(株)ありがとうサービス,東証STD,"4,420",+30,0.68,"2,100",2026/08/28
1327,1327,3284,(株)フージャースホールディングス,東証PRM,"1,334",+9,0.68,"200,300",2026/08/28
1328,1328,3320,クロスプラス(株),東証STD,"1,333",+9,0.68,"2,800",2026/08/28
1329,1329,3775,(株)ガイアックス,名証NXT,445,+3,0.68,"12,700",2026/08/28
1330,1330,4927,(株)ポーラ・オルビスホールディングス,東証PRM,"1,399.5",+9.5,0.68,"356,200",2026/08/28
1331,1331,6089,(株)ウィルグループ,東証PRM,"1,188",+8,0.68,"76,600",2026/08/28
1332,1332,7721,東京計器(株),東証PRM,"7,450",+50,0.68,"198,700",2026/08/28
1333,1333,7951,ヤマハ(株),東証PRM,"1,332",+9,0.68,"3,461,200",2026/08/28
1334,1334,7956,ピジョン(株),東証PRM,"2,137",+14.5,0.68,"1,748,900",2026/08/28
1335,1335,8281,ゼビオホールディングス(株),東証PRM,"1,178",+8,0.68,"117,800",2026/08/28
1336,1336,9763,丸建リース(株),東証STD,"1,328",+9,0.68,"9,500",2026/08/28
1337,1337,1586,上場インデックス TOPIX Ex-Financials,東証ETF,"3,133",+21,0.67,"64,136",2026/08/28
1338,1338,2529,(NEXT FUNDS)野村株主還元70連動型上場投信,東証ETF,"2,404",+16,0.67,"21,107",2026/08/28
1339,1339,4918,(株)アイビー化粧品,東証STD,302,+2,0.67,"16,900",2026/08/28
1340,1340,4978,(株)リプロセル,東証GRT,150,+1,0.67,"556,200",2026/08/28
1341,1341,6335,(株)東京機械製作所,東証STD,598,+4,0.67,"43,100",2026/08/28
1342,1342,6430,ダイコク電機(株),東証PRM,"2,543",+17,0.67,"32,800",2026/08/28
1343,1343,9656,グリーンランドリゾート(株),東証STD,604,+4,0.67,"10,800",2026/08/28
1344,1344,3068,(株)ＷＤＩ,東証STD,"3,055",+20,0.66,"3,200",2026/08/28
1345,1345,3179,シュッピン(株),東証PRM,"1,221",+8,0.66,"104,800",2026/08/28
1346,1346,3418,(株)バルニバービ,東証GRT,"1,062",+7,0.66,"15,600",2026/08/28
1347,1347,5301,東海カーボン(株),東証PRM,"1,681.5",+11,0.66,"1,248,000",2026/08/28
1348,1348,5891,(株)ＳＡＫＩＧＡＫＥホールディングス,東証STD,"1,680",+11,0.66,"2,600",2026/08/28
1349,1349,600A,ニッセイ ETF ラッセル2000,東証ETF,"1,986",+13,0.66,155,2026/08/28
1350,1350,7202,いすゞ自動車(株),東証PRM,"2,227.5",+14.5,0.66,"2,587,300",2026/08/28
1351,1351,7567,(株)栄電子,東証STD,612,+4,0.66,"9,500",2026/08/28
1352,1352,7677,(株)ヤシマキザイ,東証STD,"2,740",+18,0.66,200,2026/08/28
1353,1353,7976,三菱鉛筆(株),東証PRM,"3,065",+20,0.66,"97,200",2026/08/28
1354,1354,1691,WisdomTree ガソリン上場投信,東証ETF,"14,685",+95,0.65,68,2026/08/28
1355,1355,2208,(株)ブルボン,東証STD,"3,090",+20,0.65,"8,600",2026/08/28
1356,1356,2241,MAXIS NYダウ上場投信,東証ETF,951.1,+6.1,0.65,"1,090",2026/08/28
1357,1357,2332,(株)クエスト,東証STD,"1,710",+11,0.65,"12,400",2026/08/28
1358,1358,246A,(株)アスア,東証GRT,926,+6,0.65,"3,700",2026/08/28
1359,1359,2917,(株)大森屋,東証STD,931,+6,0.65,"3,200",2026/08/28
1360,1360,4249,森六(株),東証PRM,"2,955",+19,0.65,"25,800",2026/08/28
1361,1361,6180,ＧＭＯメディア(株),東証GRT,"3,875",+25,0.65,"1,800",2026/08/28
1362,1362,7059,(株)コプロ・ホールディングス,東証PRM,929,+6,0.65,"73,100",2026/08/28
1363,1363,8473,ＳＢＩホールディングス(株),東証PRM,"3,427",+22,0.65,"4,556,800",2026/08/28
1364,1364,8739,スパークス・グループ(株),東証PRM,"2,626",+17,0.65,"115,100",2026/08/28
1365,1365,9025,鴻池運輸(株),東証PRM,"2,932",+19,0.65,"55,500",2026/08/28
1366,1366,9366,(株)サンリツ,東証STD,"1,087",+7,0.65,"6,900",2026/08/28
1367,1367,1458,楽天 ETF-日経レバレッジ指数連動型,東証ETF,"83,200",+530,0.64,"69,561",2026/08/28
1368,1368,1652,iFreeETF MSCI日本株女性活躍指数(WIN),東証ETF,"5,063",+32,0.64,10,2026/08/28
1369,1369,1696,WisdomTree とうもろこし上場投信,東証ETF,"3,310",+21,0.64,"10,585",2026/08/28
1370,1370,2301,(株)学情,東証PRM,"1,740",+11,0.64,"45,700",2026/08/28
1371,1371,2747,北雄ラッキー(株),東証STD,"3,135",+20,0.64,300,2026/08/28
1372,1372,3175,(株)エー・ピーホールディングス,東証STD,947,+6,0.64,"10,000",2026/08/28
1373,1373,3446,(株)ジェイテックコーポレーション,東証STD,"1,569",+10,0.64,"19,300",2026/08/28
1374,1374,4247,ポバール興業(株),東証STD,"1,414",+9,0.64,"1,400",2026/08/28
1375,1375,4595,(株)ミズホメディー,東証STD,"1,741",+11,0.64,"88,700",2026/08/28
1376,1376,5125,(株)ファインズ,東証GRT,472,+3,0.64,"2,900",2026/08/28
1377,1377,8015,豊田通商(株),東証PRM,"7,598",+48,0.64,"1,550,200",2026/08/28
1378,1378,9033,広島電鉄(株),東証STD,632,+4,0.64,"6,300",2026/08/28
1379,1379,9409,(株)テレビ朝日ホールディングス,東証PRM,"3,130",+20,0.64,"153,300",2026/08/28
1380,1380,1365,iFreeETF 日経平均レバレッジ・インデックス,東証ETF,"4,301",+27,0.63,"173,728",2026/08/28
1381,1381,1771,日本乾溜工業(株),福証,953,+6,0.63,"1,200",2026/08/28
1382,1382,298A,ＧＶＡ　ＴＥＣＨ(株),東証GRT,319,+2,0.63,"21,400",2026/08/28
1383,1383,4587,ペプチドリーム(株),東証PRM,"1,114.5",+7,0.63,"1,095,900",2026/08/28
1384,1384,5283,(株)高見澤,東証STD,"3,220",+20,0.63,400,2026/08/28
1385,1385,577A,GX シルバー,東証ETF,271.2,+1.7,0.63,"4,160",2026/08/28
1386,1386,6076,(株)アメイズ,福証,"1,274",+8,0.63,"3,000",2026/08/28
1387,1387,6412,(株)平和,東証PRM,"2,242",+14,0.63,"183,900",2026/08/28
1388,1388,6696,(株)トラース・オン・プロダクト,東証GRT,318,+2,0.63,"9,800",2026/08/28
1389,1389,6902,(株)デンソー,東証PRM,"1,915.5",+12,0.63,"7,206,800",2026/08/28
1390,1390,8074,(株)ＹＵＡＳＡ,東証PRM,"6,440",+40,0.63,"27,800",2026/08/28
1391,1391,8153,(株)モスフードサービス,東証PRM,"3,980",+25,0.63,"98,100",2026/08/28
1392,1392,1897,金下建設(株),東証STD,"3,250",+20,0.62,600,2026/08/28
1393,1393,2678,アスクル(株),東証PRM,"1,308",+8,0.62,"256,400",2026/08/28
1394,1394,2847,GX 新成長インフラ-日本株式,東証ETF,"3,095",+19,0.62,"1,610",2026/08/28
1395,1395,3317,(株)フライングガーデン,東証STD,"1,471",+9,0.62,"2,100",2026/08/28
1396,1396,423A,(株)ライオン事務器,東証STD,325,+2,0.62,"28,900",2026/08/28
1397,1397,5482,愛知製鋼(株),東証PRM,"3,230",+20,0.62,"81,300",2026/08/28
1398,1398,5942,日本フイルコン(株),東証STD,645,+4,0.62,"23,900",2026/08/28
1399,1399,6218,エンシュウ(株),東証STD,649,+4,0.62,"1,700",2026/08/28
1400,1400,6484,(株)ＫＶＫ,東証STD,"2,255",+14,0.62,"3,200",2026/08/28
1401,1401,7539,(株)アイナボホールディングス,東証STD,810,+5,0.62,"10,500",2026/08/28
1402,1402,8130,(株)サンゲツ,東証PRM,"3,230",+20,0.62,"130,400",2026/08/28
1403,1403,9029,(株)ヒガシホールディングス,東証STD,"1,945",+12,0.62,"1,800",2026/08/28
1404,1404,9272,ブティックス(株),東証GRT,"1,458",+9,0.62,"18,300",2026/08/28
1405,1405,9799,旭情報サービス(株),東証STD,978,+6,0.62,"1,400",2026/08/28
1406,1406,1306,(NEXT FUNDS)TOPIX連動型上場投信,東証ETF,432,+2.6,0.61,"9,712,480",2026/08/28
1407,1407,2046,NEXT NOTES インドNifty･ダブル・ブル ETN,東証ETF,"24,725",+150,0.61,340,2026/08/28
1408,1408,313A,iシェアーズ S&P500 トップ20 ETF,東証ETF,263.6,+1.6,0.61,"31,440",2026/08/28
1409,1409,3598,山喜(株),東証STD,164,+1,0.61,"5,100",2026/08/28
1410,1410,3641,(株)パピレス,東証STD,984,+6,0.61,"2,100",2026/08/28
1411,1411,416A,富士ユナイトホールディングス(株),東証STD,"1,312",+8,0.61,"11,100",2026/08/28
1412,1412,438A,(株)インフキュリオン,東証GRT,984,+6,0.61,"149,300",2026/08/28
1413,1413,6545,(株)インターネットインフィニティー,東証GRT,820,+5,0.61,"2,800",2026/08/28
1414,1414,7030,(株)スプリックス,東証STD,988,+6,0.61,"5,800",2026/08/28
1415,1415,7864,(株)フジシールインターナショナル,東証PRM,"3,325",+20,0.61,"67,300",2026/08/28
1416,1416,8160,(株)木曽路,東証PRM,"2,485",+15,0.61,"99,400",2026/08/28
1417,1417,9476,(株)中央経済社ホールディングス,東証STD,989,+6,0.61,700,2026/08/28
1418,1418,1981,(株)協和日成,東証STD,"1,340",+8,0.6,"1,500",2026/08/28
1419,1419,2481,(株)タウンニュース社,東証STD,668,+4,0.6,400,2026/08/28
1420,1420,2845,(NEXT FUNDS) NASDAQ-100(H有)連動型上場投信,東証ETF,"3,550",+21,0.6,"6,243",2026/08/28
1421,1421,3622,ネットイヤーグループ(株),東証STD,503,+3,0.6,"4,000",2026/08/28
1422,1422,3943,大石産業(株),東証STD,"1,332",+8,0.6,700,2026/08/28
1423,1423,4351,(株)山田再生系債権回収総合事務所,東証STD,832,+5,0.6,800,2026/08/28
1424,1424,4569,杏林製薬(株),東証PRM,"1,177",+7,0.6,"236,900",2026/08/28
1425,1425,4751,(株)サイバーエージェント,東証PRM,"1,335.5",+8,0.6,"7,295,900",2026/08/28
1426,1426,4968,荒川化学工業(株),東証PRM,"2,186",+13,0.6,"184,600",2026/08/28
1427,1427,5076,インフロニア・ホールディングス(株),東証PRM,"2,858",+17,0.6,"1,330,000",2026/08/28
1428,1428,6286,靜甲(株),東証STD,"1,515",+9,0.6,"2,900",2026/08/28
1429,1429,7148,(株)ＦＰＧ,東証PRM,"1,673",+10,0.6,"298,800",2026/08/28
1430,1430,7602,(株)レダックス,東証STD,167,+1,0.6,"29,300",2026/08/28
1431,1431,7608,(株)エスケイジャパン,東証STD,837,+5,0.6,"36,700",2026/08/28
1432,1432,7727,(株)オーバル,東証STD,845,+5,0.6,"115,600",2026/08/28
1433,1433,8242,エイチ・ツー・オー　リテイリング(株),東証PRM,"3,037",+18,0.6,"957,400",2026/08/28
1434,1434,9259,(株)タカヨシホールディングス,東証GRT,842,+5,0.6,"12,900",2026/08/28
1435,1435,9404,日本テレビホールディングス(株),東証PRM,"3,030",+18,0.6,"361,500",2026/08/28
1436,1436,1489,(NEXT FUNDS)日経平均高配当株50指数連動型ETF,東証ETF,"3,574",+21,0.59,"353,019",2026/08/28
1437,1437,1904,大成温調(株),東証STD,"5,140",+30,0.59,"7,700",2026/08/28
1438,1438,3246,(株)コーセーアールイー,東証STD,687,+4,0.59,"4,700",2026/08/28
1439,1439,3925,(株)ダブルスタンダード,東証PRM,"1,371",+8,0.59,"38,000",2026/08/28
1440,1440,6190,(株)フェニックスバイオ,東証GRT,340,+2,0.59,"7,400",2026/08/28
1441,1441,6257,(株)藤商事,東証STD,"1,023",+6,0.59,"23,600",2026/08/28
1442,1442,9405,朝日放送グループホールディングス(株),東証PRM,854,+5,0.59,"69,900",2026/08/28
1443,1443,1653,iFreeETF MSCIジャパンESGセレクト･リーダーズ,東証ETF,"5,222",+30,0.58,170,2026/08/28
1444,1444,166A,(株)タスキホールディングス,東証PRM,"1,210",+7,0.58,"352,300",2026/08/28
1445,1445,1770,藤田エンジニアリング(株),東証STD,"2,098",+12,0.58,"1,600",2026/08/28
1446,1446,2031,NEXT NOTES 香港ハンセン･ダブル･ブルETN,東証ETF,"8,100",+47,0.58,21,2026/08/28
1447,1447,4202,(株)ダイセル,東証PRM,"1,466",+8.5,0.58,"766,900",2026/08/28
1448,1448,6150,タケダ機械(株),東証STD,"2,796",+16,0.58,200,2026/08/28
1449,1449,6336,(株)石井表記,東証STD,"1,720",+10,0.58,"45,500",2026/08/28
1450,1450,6744,能美防災(株),東証PRM,"4,305",+25,0.58,"133,900",2026/08/28
1451,1451,9470,(株)学研ホールディングス,東証PRM,"1,035",+6,0.58,"136,400",2026/08/28
1452,1452,9950,(株)ハチバン,東証STD,"3,440",+20,0.58,700,2026/08/28
1453,1453,2634,(NEXT FUNDS) S&P500(H有)連動型上場投信,東証ETF,"3,196",+18,0.57,"4,149",2026/08/28
1454,1454,2639,GX バイオ＆メドテック-日本株式,東証ETF,"1,779",+10,0.57,826,2026/08/28
1455,1455,4248,竹本容器(株),東証STD,885,+5,0.57,"5,000",2026/08/28
1456,1456,4801,セントラルスポーツ(株),東証PRM,"2,469",+14,0.57,"23,600",2026/08/28
1457,1457,4931,新日本製薬(株),東証PRM,"2,107",+12,0.57,"119,700",2026/08/28
1458,1458,4997,日本農薬(株),東証PRM,"1,236",+7,0.57,"193,300",2026/08/28
1459,1459,5990,(株)スーパーツール,東証STD,"1,954",+11,0.57,200,2026/08/28
1460,1460,610A,GX 宇宙テック・トップ10(除く日本),東証ETF,"1,064",+6,0.57,"48,736",2026/08/28
1461,1461,6699,ダイヤモンドエレクトリックホールディングス(株),東証STD,526,+3,0.57,"93,000",2026/08/28
1462,1462,3105,日清紡ホールディングス(株),東証PRM,"2,157",+12,0.56,"528,200",2026/08/28
1463,1463,335A,(株)ミライロ,東証GRT,359,+2,0.56,"13,500",2026/08/28
1464,1464,3861,王子ホールディングス(株),東証PRM,881.5,+4.9,0.56,"5,973,600",2026/08/28
1465,1465,4378,(株)ＣＩＮＣ,東証GRT,534,+3,0.56,"8,300",2026/08/28
1466,1466,6266,タツモ(株),東証PRM,"3,575",+20,0.56,"270,700",2026/08/28
1467,1467,6284,日精エー・エス・ビー機械(株),東証PRM,"8,950",+50,0.56,"20,400",2026/08/28
1468,1468,6381,アネスト岩田(株),東証PRM,"1,966",+11,0.56,"119,600",2026/08/28
1469,1469,7282,豊田合成(株),東証PRM,"5,407",+30,0.56,"421,600",2026/08/28
1470,1470,7561,(株)ハークスレイホールディングス,東証STD,714,+4,0.56,"15,100",2026/08/28
1471,1471,1578,上場インデックスファンド日経225(ミニ),東証ETF,"5,309",+29,0.55,"1,567",2026/08/28
1472,1472,1815,鉄建建設(株),東証PRM,"4,575",+25,0.55,"108,700",2026/08/28
1473,1473,1870,矢作建設工業(株),東証PRM,"2,194",+12,0.55,"167,900",2026/08/28
1474,1474,2254,GX チャイナEV&バッテリー,東証ETF,"1,100",+6,0.55,558,2026/08/28
1475,1475,2553,One ETF 南方 中国A株 CSI500,東証ETF,"2,457",+13.5,0.55,"1,280",2026/08/28
1476,1476,3772,ウェルス・マネジメント(株),東証STD,"1,102",+6,0.55,"41,800",2026/08/28
1477,1477,395A,業界改革厳選ETF地銀,東証ETF,"1,091",+6,0.55,"38,770",2026/08/28
1478,1478,4245,(株)ダイキアクシス,東証STD,727,+4,0.55,"11,000",2026/08/28
1479,1479,6586,(株)マキタ,東証PRM,"5,329",+29,0.55,"788,000",2026/08/28
1480,1480,7841,(株)遠藤製作所,東証STD,"1,104",+6,0.55,"4,800",2026/08/28
1481,1481,8001,伊藤忠商事(株),東証PRM,"2,116.5",+11.5,0.55,"11,938,300",2026/08/28
1482,1482,8804,東京建物(株),東証PRM,"3,446",+19,0.55,"516,200",2026/08/28
1483,1483,9556,ＩＮＴＬＯＯＰ(株),東証GRT,"2,361",+13,0.55,"36,100",2026/08/28
1484,1484,1631,(NEXT FUNDS)銀行上場投信,東証ETF,"41,220",+220,0.54,"3,370",2026/08/28
1485,1485,2251,(NEXT FUNDS) JPX国債先物ダブルインバース,東証ETF,907.6,+4.9,0.54,"7,640",2026/08/28
1486,1486,2569,上場インデックスファンド米国株式(NASDAQ100)H有,東証ETF,"4,313",+23,0.54,"1,766",2026/08/28
1487,1487,2629,iFree グレーターベイエリア・イノベーション100,東証ETF,"3,750",+20,0.54,"1,129",2026/08/28
1488,1488,7181,(株)かんぽ生命保険,東証PRM,"1,678",+9,0.54,"2,416,100",2026/08/28
1489,1489,7502,(株)プラザホールディングス,東証STD,"1,688",+9,0.54,200,2026/08/28
1490,1490,7555,(株)大田花き,東証STD,748,+4,0.54,"1,900",2026/08/28
1491,1491,9163,(株)ナレルグループ,東証GRT,"2,417",+13,0.54,"24,500",2026/08/28
1492,1492,1477,iシェアーズ MSCI 日本株最小分散 ETF,東証ETF,"3,404",+18,0.53,"18,077",2026/08/28
1493,1493,2040,NEXT NOTES NYダウ･ダブル･ブル･ドルヘッジ ETN,東証ETF,"40,150",+210,0.53,110,2026/08/28
1494,1494,2464,(株)Ａｏｂａ－ＢＢＴ,東証STD,379,+2,0.53,"14,800",2026/08/28
1495,1495,3205,(株)ダイドーリミテッド,東証STD,754,+4,0.53,"115,700",2026/08/28
1496,1496,5269,日本コンクリート工業(株),東証PRM,382,+2,0.53,"230,700",2026/08/28
1497,1497,6728,(株)アルバック,東証PRM,"7,600",+40,0.53,"511,600",2026/08/28
1498,1498,6837,(株)京写,東証STD,377,+2,0.53,"11,900",2026/08/28
1499,1499,6845,アズビル(株),東証PRM,"1,529",+8,0.53,"1,189,500",2026/08/28
1500,1500,6926,岡谷電機産業(株),東証STD,189,+1,0.53,"11,300",2026/08/28
1501,1501,7374,(株)コンフィデンス・インターワークス,東証GRT,"1,528",+8,0.53,"8,300",2026/08/28
1502,1502,7460,(株)ヤギ,東証STD,"1,717",+9,0.53,"7,100",2026/08/28
1503,1503,7893,(株)プロネクサス,東証PRM,"1,144",+6,0.53,"60,600",2026/08/28
1504,1504,8059,第一実業(株),東証PRM,"3,790",+20,0.53,"169,800",2026/08/28
1505,1505,8115,ムーンバット(株),東証STD,"1,326",+7,0.53,"1,900",2026/08/28
1506,1506,8253,(株)クレディセゾン,東証PRM,"4,742",+25,0.53,"588,100",2026/08/28
1507,1507,9385,(株)ショーエイコーポレーション,東証STD,764,+4,0.53,"8,600",2026/08/28
1508,1508,1605,(株)ＩＮＰＥＸ,東証PRM,"3,876",+20,0.52,"3,123,500",2026/08/28
1509,1509,1738,(株)ＮＩＴＴＯＨ,名証MN,575,+3,0.52,300,2026/08/28
1510,1510,2048,NEXT NOTES 野村日本株高配当70(ドルH、NR)ETN,東証ETF,"56,570",+290,0.52,12,2026/08/28
1511,1511,2282,日本ハム(株),東証PRM,"6,365",+33,0.52,"421,700",2026/08/28
1512,1512,2637,GX クリーンテック-日本株式,東証ETF,"2,728",+14,0.52,"4,426",2026/08/28
1513,1513,2750,石光商事(株),東証STD,"1,359",+7,0.52,"3,900",2026/08/28
1514,1514,3245,(株)ディア・ライフ,東証PRM,"1,167",+6,0.52,"274,800",2026/08/28
1515,1515,3932,(株)アカツキ,東証PRM,"3,870",+20,0.52,"104,500",2026/08/28
1516,1516,4385,(株)メルカリ,東証PRM,"4,617",+24,0.52,"1,450,700",2026/08/28
1517,1517,4620,藤倉化成(株),東証STD,968,+5,0.52,"110,200",2026/08/28
1518,1518,4973,日本高純度化学(株),東証PRM,"4,815",+25,0.52,"55,800",2026/08/28
1519,1519,5706,三井金属(株),東証PRM,"29,000",+150,0.52,"857,600",2026/08/28
1520,1520,5970,(株)ジーテクト,東証PRM,"2,327",+12,0.52,"69,600",2026/08/28
1521,1521,6248,(株)横田製作所,東証STD,"1,735",+9,0.52,400,2026/08/28
1522,1522,7265,エイケン工業(株),東証STD,"3,880",+20,0.52,"1,100",2026/08/28
1523,1523,9031,西日本鉄道(株),東証PRM,"3,120",+16,0.52,"581,800",2026/08/28
1524,1524,9507,四国電力(株),東証PRM,"1,926",+10,0.52,"1,050,500",2026/08/28
1525,1525,1309,(NEXT FUNDS)ChinaAMC・中国株式・上証50,東証ETF,"55,400",+280,0.51,15,2026/08/28
1526,1526,1766,東建コーポレーション(株),東証PRM,"13,690",+70,0.51,"17,000",2026/08/28
1527,1527,2311,(株)エプコ,東証STD,788,+4,0.51,"2,600",2026/08/28
1528,1528,2552,上場Ｊリート(東証REIT指数)隔月分配(ミニ),東証ETF,"1,966",+10,0.51,"31,823",2026/08/28
1529,1529,392A,iシェアーズ NASDAQ トップ 30,東証ETF,275.7,+1.4,0.51,"46,880",2026/08/28
1530,1530,4767,(株)テー・オー・ダブリュー,東証STD,395,+2,0.51,"118,700",2026/08/28
1531,1531,487A,(NEXT FUNDS) ドイツ株式・DAX(H無),東証ETF,"2,155",+11,0.51,662,2026/08/28
1532,1532,5381,マイポックス(株),東証STD,980,+5,0.51,"193,600",2026/08/28
1533,1533,5602,(株)栗本鐵工所,東証PRM,"1,777",+9,0.51,"343,100",2026/08/28
1534,1534,6390,(株)加藤製作所,東証PRM,"1,371",+7,0.51,"36,200",2026/08/28
1535,1535,6748,星和電機(株),東証STD,795,+4,0.51,"4,700",2026/08/28
1536,1536,8113,ユニ・チャーム(株),東証PRM,987.6,+5,0.51,"4,509,300",2026/08/28
1537,1537,9850,(株)グルメ杵屋,東証PRM,994,+5,0.51,"58,000",2026/08/28
1538,1538,189A,(株)Ｄ＆Ｍカンパニー,東証GRT,998,+5,0.5,"2,600",2026/08/28
1539,1539,2060,フィード・ワン(株),東証PRM,"1,408",+7,0.5,"102,900",2026/08/28
1540,1540,2520,(NEXT FUNDS)新興国株式･MSCI EM･(H無),東証ETF,"2,416",+12,0.5,"3,252",2026/08/28
1541,1541,2883,(株)大冷,東証STD,"2,022",+10,0.5,"2,400",2026/08/28
1542,1542,2897,日清食品ホールディングス(株),東証PRM,"2,992.5",+15,0.5,"1,166,600",2026/08/28
1543,1543,3041,(株)ビューティカダンホールディングス,東証STD,404,+2,0.5,"4,000",2026/08/28
1544,1544,3803,イメージ情報開発(株),東証GRT,598,+3,0.5,"10,200",2026/08/28
1545,1545,3864,三菱製紙(株),東証PRM,"1,199",+6,0.5,"206,100",2026/08/28
1546,1546,4673,川崎地質(株),東証STD,"4,995",+25,0.5,"4,200",2026/08/28
1547,1547,5162,(株)朝日ラバー,東証STD,804,+4,0.5,800,2026/08/28
1548,1548,6463,ＴＰＲ(株),東証PRM,"1,597",+8,0.5,"157,800",2026/08/28
1549,1549,6638,(株)ミマキエンジニアリング,東証PRM,"1,994",+10,0.5,"140,500",2026/08/28
1550,1550,7800,(株)アミファ,東証STD,"1,005",+5,0.5,"2,900",2026/08/28
1551,1551,8081,(株)カナデン,東証PRM,"2,598",+13,0.5,"47,200",2026/08/28
1552,1552,9010,富士急行(株),東証PRM,"2,792",+14,0.5,"292,200",2026/08/28
1553,1553,1768,(株)ソネック,東証STD,"1,031",+5,0.49,"2,400",2026/08/28
1554,1554,2043,NEXT NOTES STOXX アセアン好配当50(円、NR)ETN,東証ETF,"30,660",+150,0.49,1,2026/08/28
1555,1555,2215,第一屋製パン(株),東証STD,610,+3,0.49,"5,500",2026/08/28
1556,1556,250A,シマダヤ(株),東証STD,"1,629",+8,0.49,"23,200",2026/08/28
1557,1557,4072,(株)電算システムホールディングス,東証PRM,"3,090",+15,0.49,"25,700",2026/08/28
1558,1558,552A,MAXIS 米国AIインフラ株上場投信,東証ETF,"2,473",+12,0.49,"7,743",2026/08/28
1559,1559,5607,中央可鍛工業(株),名証MN,610,+3,0.49,"9,300",2026/08/28
1560,1560,5658,日亜鋼業(株),東証STD,409,+2,0.49,"13,500",2026/08/28
1561,1561,6287,(株)サトー,東証PRM,"2,860",+14,0.49,"93,300",2026/08/28
1562,1562,6306,日工(株),東証PRM,"1,034",+5,0.49,"112,900",2026/08/28
1563,1563,7278,(株)エクセディ,東証PRM,"6,190",+30,0.49,"217,200",2026/08/28
1564,1564,8537,(株)大光銀行,東証STD,"3,055",+15,0.49,"19,100",2026/08/28
1565,1565,9941,太洋物産(株),東証STD,"1,226",+6,0.49,"33,600",2026/08/28
1566,1566,2080,PBR1倍割れ解消推進ETF,東証ETF,"2,100",+10,0.48,"22,020",2026/08/28
1567,1567,2435,(株)シダー,東証STD,211,+1,0.48,"5,300",2026/08/28
1568,1568,2840,iFreeETF NASDAQ100(H無),東証ETF,"2,713",+13,0.48,"31,411",2026/08/28
1569,1569,3151,(株)バイタルケーエスケー・ホールディングス,東証PRM,"1,673",+8,0.48,"86,700",2026/08/28
1570,1570,4046,(株)大阪ソーダ,東証PRM,"2,099",+10,0.48,"316,100",2026/08/28
1571,1571,4264,(株)セキュア,東証GRT,"1,457",+7,0.48,"13,700",2026/08/28
1572,1572,4848,(株)フルキャストホールディングス,東証PRM,"1,876",+9,0.48,"75,200",2026/08/28
1573,1573,4849,エン(株),東証PRM,"1,668",+8,0.48,"206,500",2026/08/28
1574,1574,5805,ＳＷＣＣ(株),東証PRM,"14,670",+70,0.48,"351,000",2026/08/28
1575,1575,6806,ヒロセ電機(株),東証PRM,"26,000",+125,0.48,"115,500",2026/08/28
1576,1576,6954,ファナック(株),東証PRM,"6,052",+29,0.48,"4,605,400",2026/08/28
1577,1577,7080,(株)スポーツフィールド,東証GRT,845,+4,0.48,"15,000",2026/08/28
1578,1578,9007,小田急電鉄(株),東証PRM,"1,785",+8.5,0.48,"858,900",2026/08/28
1579,1579,9602,東宝(株),東証PRM,"1,564.5",+7.5,0.48,"3,797,700",2026/08/28
1580,1580,2841,iFreeETF NASDAQ100(H有),東証ETF,"1,698",+8,0.47,"4,712",2026/08/28
1581,1581,3167,(株)ＴＯＫＡＩホールディングス,東証PRM,"1,295",+6,0.47,"224,400",2026/08/28
1582,1582,3904,(株)カヤック,東証GRT,430,+2,0.47,"9,300",2026/08/28
1583,1583,4183,三井化学(株),東証PRM,"2,145.5",+10,0.47,"1,740,800",2026/08/28
1584,1584,5016,ＪＸ金属(株),東証PRM,"3,810",+18,0.47,"13,374,600",2026/08/28
1585,1585,563A,GX NASDAQ100・デイリー・カバード・コール,東証ETF,"1,059",+5,0.47,"363,622",2026/08/28
1586,1586,6229,(株)オーケーエム,東証STD,"1,508",+7,0.47,"5,600",2026/08/28
1587,1587,6614,(株)シキノハイテック,東証STD,851,+4,0.47,"7,600",2026/08/28
1588,1588,7305,新家工業(株),東証STD,"2,766",+13,0.47,"18,400",2026/08/28
1589,1589,7775,大研医器(株),東証STD,429,+2,0.47,"15,900",2026/08/28
1590,1590,7792,(株)コラントッテ,東証GRT,"1,492",+7,0.47,"8,300",2026/08/28
1591,1591,7860,エイベックス(株),東証PRM,"1,288",+6,0.47,"81,000",2026/08/28
1592,1592,7906,ヨネックス(株),東証STD,"2,793",+13,0.47,"217,300",2026/08/28
1593,1593,9115,明海グループ(株),東証STD,"1,061",+5,0.47,"68,900",2026/08/28
1594,1594,9621,(株)建設技術研究所,東証PRM,"3,210",+15,0.47,"83,700",2026/08/28
1595,1595,9720,(株)ホテル、ニューグランド,東証STD,"6,420",+30,0.47,200,2026/08/28
1596,1596,1305,iFreeETF TOPIX(年1回決算型),東証ETF,"4,363",+20,0.46,"33,710",2026/08/28
1597,1597,2009,鳥越製粉(株),東証STD,"1,097",+5,0.46,"13,900",2026/08/28
1598,1598,2371,(株)カカクコム,東証PRM,"3,690",+17,0.46,"262,000",2026/08/28
1599,1599,3771,(株)システムリサーチ,東証PRM,"1,960",+9,0.46,"106,000",2026/08/28
1600,1600,3835,ｅＢＡＳＥ(株),東証PRM,437,+2,0.46,"65,800",2026/08/28
1601,1601,404A,GX チャイナテック・トップ10,東証ETF,"1,314",+6,0.46,"15,487",2026/08/28
1602,1602,4446,Ｌｉｎｋ－Ｕグループ(株),東証STD,867,+4,0.46,"40,400",2026/08/28
1603,1603,7089,フォースタートアップス(株),東証GRT,"1,521",+7,0.46,"17,100",2026/08/28
1604,1604,9743,(株)丹青社,東証PRM,"1,527",+7,0.46,"230,900",2026/08/28
1605,1605,9989,(株)サンドラッグ,東証PRM,"3,740",+17,0.46,"579,900",2026/08/28
1606,1606,1799,第一建設工業(株),東証STD,"3,380",+15,0.45,"8,100",2026/08/28
1607,1607,2085,MAXIS 高配当日本株アクティブ,東証ETF,796.4,+3.6,0.45,"12,950",2026/08/28
1608,1608,259A,(株)ケイ・ウノ,名証NXT,"1,768",+8,0.45,"1,100",2026/08/28
1609,1609,3372,(株)関門海,東証STD,221,+1,0.45,"11,800",2026/08/28
1610,1610,3799,キーウェアソリューションズ(株),東証STD,"1,118",+5,0.45,"2,700",2026/08/28
1611,1611,473A,ニッセイ ETF 日経225インデックス,東証ETF,"1,333",+6,0.45,"1,326",2026/08/28
1612,1612,5079,(株)ノバック,東証STD,"2,651",+12,0.45,800,2026/08/28
1613,1613,6647,森尾電機(株),東証STD,"3,380",+15,0.45,"2,900",2026/08/28
1614,1614,7734,理研計器(株),東証PRM,"3,355",+15,0.45,"42,400",2026/08/28
1615,1615,9869,加藤産業(株),東証PRM,"6,650",+30,0.45,"27,500",2026/08/28
1616,1616,1680,上場インデックスファンド海外先進国株式,東証ETF,"8,499",+37,0.44,"1,219",2026/08/28
1617,1617,2084,(NEXT FUNDS) 日本高配当株アクティブ,東証ETF,"3,908",+17,0.44,"5,673",2026/08/28
1618,1618,2138,クルーズ(株),東証STD,456,+2,0.44,"2,000",2026/08/28
1619,1619,2633,(NEXT FUNDS) S&P500(H無)連動型上場投信,東証ETF,569.3,+2.5,0.44,"77,350",2026/08/28
1620,1620,2752,(株)フジオフードグループ本社,東証PRM,"1,146",+5,0.44,"81,300",2026/08/28
1621,1621,2868,GX S&P500・カバード・コール,東証ETF,"1,152",+5,0.44,"44,580",2026/08/28
1622,1622,2892,日本食品化工(株),東証STD,"4,570",+20,0.44,"2,800",2026/08/28
1623,1623,3087,(株)ドトール・日レスホールディングス,東証PRM,"3,410",+15,0.44,"111,300",2026/08/28
1624,1624,3092,(株)ＺＯＺＯ,東証PRM,"1,148",+5,0.44,"1,968,300",2026/08/28
1625,1625,3139,(株)ラクト・ジャパン,東証PRM,"3,460",+15,0.44,"22,800",2026/08/28
1626,1626,3224,(株)ゼネラル・オイスター,東証GRT,687,+3,0.44,"6,100",2026/08/28
1627,1627,3865,北越コーポレーション(株),東証PRM,923,+4,0.44,"166,800",2026/08/28
1628,1628,3912,(株)モバイルファクトリー,東証STD,"1,144",+5,0.44,"4,600",2026/08/28
1629,1629,4452,花王(株),東証PRM,"3,635",+16,0.44,"2,379,800",2026/08/28
1630,1630,5852,(株)アーレスティ,東証PRM,688,+3,0.44,"43,900",2026/08/28
1631,1631,6662,(株)ユビテック,東証STD,226,+1,0.44,"41,700",2026/08/28
1632,1632,7039,ブリッジインターナショナルグループ(株),東証GRT,"1,373",+6,0.44,"18,900",2026/08/28
1633,1633,7184,(株)富山第一銀行,東証PRM,"3,415",+15,0.44,"162,800",2026/08/28
1634,1634,7795,(株)ＫＹＯＲＩＴＳＵ,東証STD,226,+1,0.44,"70,300",2026/08/28
1635,1635,8772,(株)アサックス,東証STD,903,+4,0.44,"11,700",2026/08/28
1636,1636,9270,バリュエンスホールディングス(株),東証GRT,"2,037",+9,0.44,"57,500",2026/08/28
1637,1637,2247,iFreeETF S&P500(H無),東証ETF,"2,322",+10,0.43,"2,529",2026/08/28
1638,1638,417A,(株)ブルーゾーンホールディングス,東証PRM,"1,863.5",+8,0.43,"231,800",2026/08/28
1639,1639,4286,(株)ＣＬホールディングス,東証STD,"1,386",+6,0.43,"42,500",2026/08/28
1640,1640,5138,(株)Ｒｅｂａｓｅ,東証GRT,465,+2,0.43,400,2026/08/28
1641,1641,518A,(NEXTFUNDS) FTSE日本株高配当キャッシュフロー50,東証ETF,"2,088",+9,0.43,"1,823",2026/08/28
1642,1642,7222,日産車体(株),東証STD,944,+4,0.43,"74,000",2026/08/28
1643,1643,7325,(株)アイリックコーポレーション,東証GRT,700,+3,0.43,"8,800",2026/08/28
1644,1644,7782,(株)シンシア,東証STD,472,+2,0.43,"4,400",2026/08/28
1645,1645,7971,東リ(株),東証STD,708,+3,0.43,"60,100",2026/08/28
1646,1646,8039,築地魚市場(株),東証STD,"3,540",+15,0.43,"1,300",2026/08/28
1647,1647,9201,日本航空(株),東証PRM,"3,062",+13,0.43,"1,448,300",2026/08/28
1648,1648,9439,(株)エム・エイチ・グループ,東証STD,231,+1,0.43,"1,300",2026/08/28
1649,1649,9505,北陸電力(株),東証PRM,994.5,+4.3,0.43,"2,273,100",2026/08/28
1650,1650,9969,(株)ショクブン,東証STD,235,+1,0.43,"5,700",2026/08/28
1651,1651,2112,塩水港精糖(株),東証STD,479,+2,0.42,"26,400",2026/08/28
1652,1652,2170,(株)リンクアンドモチベーション,東証PRM,718,+3,0.42,"661,600",2026/08/28
1653,1653,2681,(株)ゲオホールディングス,東証PRM,"2,398",+10,0.42,"162,200",2026/08/28
1654,1654,2789,(株)カルラ,東証STD,476,+2,0.42,300,2026/08/28
1655,1655,2795,日本プリメックス(株),東証STD,964,+4,0.42,100,2026/08/28
1656,1656,2848,GX MSCI 気候変動対応-日本株式,東証ETF,"3,113",+13,0.42,62,2026/08/28
1657,1657,3321,ミタチ産業(株),東証STD,"1,689",+7,0.42,"11,400",2026/08/28
1658,1658,3695,ＧＭＯプロダクトプラットフォーム(株),東証GRT,"1,440",+6,0.42,"3,100",2026/08/28
1659,1659,3986,(株)ビーブレイクシステムズ,東証STD,480,+2,0.42,"3,600",2026/08/28
1660,1660,407A,(株)ＵＮＩＣＯＮホールディングス,東証STD,947,+4,0.42,"14,000",2026/08/28
1661,1661,4762,(株)エックスネット,東証STD,"2,130",+9,0.42,"1,300",2026/08/28
1662,1662,6797,名古屋電機工業(株),東証STD,"1,202",+5,0.42,600,2026/08/28
1663,1663,6912,菊水ホールディングス(株),東証STD,"2,416",+10,0.42,"6,000",2026/08/28
1664,1664,6923,スタンレー電気(株),東証PRM,"3,618",+15,0.42,"334,800",2026/08/28
1665,1665,7050,(株)フロンティアインターナショナル,東証GRT,"1,447",+6,0.42,"8,400",2026/08/28
1666,1666,7370,(株)Ｅｎｊｉｎ,東証GRT,719,+3,0.42,"8,000",2026/08/28
1667,1667,7458,(株)第一興商,東証PRM,"1,893",+8,0.42,"244,200",2026/08/28
1668,1668,7898,(株)ウッドワン,東証STD,950,+4,0.42,"4,900",2026/08/28
1669,1669,7908,ＫＩＭＯＴＯ,東証STD,240,+1,0.42,"164,800",2026/08/28
1670,1670,8349,(株)東北銀行,東証STD,"1,656",+7,0.42,"28,700",2026/08/28
1671,1671,9024,(株)西武ホールディングス,東証PRM,"3,386",+14,0.42,"1,224,300",2026/08/28
1672,1672,157A,グリーンモンスター(株),東証GRT,727,+3,0.41,"3,700",2026/08/28
1673,1673,192A,インテグループ(株),東証GRT,"1,232",+5,0.41,600,2026/08/28
1674,1674,2109,ＤＭ三井製糖(株),東証PRM,"3,665",+15,0.41,"31,700",2026/08/28
1675,1675,2281,プリマハム(株),東証PRM,"2,432",+10,0.41,"132,100",2026/08/28
1676,1676,2597,(株)ユニカフェ,東証STD,"1,217",+5,0.41,"3,000",2026/08/28
1677,1677,3032,(株)ゴルフ・ドゥ,名証NXT,242,+1,0.41,"12,300",2026/08/28
1678,1678,3182,オイシックス(株),東証PRM,"1,715",+7,0.41,"73,000",2026/08/28
1679,1679,3571,(株)ソトー,東証STD,728,+3,0.41,"1,700",2026/08/28
1680,1680,3645,(株)メディカルネット,東証GRT,246,+1,0.41,"11,300",2026/08/28
1681,1681,4720,(株)城南進学研究社,東証STD,243,+1,0.41,"2,400",2026/08/28
1682,1682,4929,(株)アジュバンホールディングス,東証STD,742,+3,0.41,"2,000",2026/08/28
1683,1683,5589,(株)オートサーバー,東証STD,"2,941",+12,0.41,"4,600",2026/08/28
1684,1684,6485,前澤給装工業(株),東証STD,"1,711",+7,0.41,"24,700",2026/08/28
1685,1685,8035,東京エレクトロン(株),東証PRM,"56,230",+230,0.41,"3,086,800",2026/08/28
1686,1686,8091,ニチモウ(株),東証PRM,"2,449",+10,0.41,"5,300",2026/08/28
1687,1687,8944,(株)ランドビジネス,東証STD,243,+1,0.41,"32,500",2026/08/28
1688,1688,9006,京浜急行電鉄(株),東証PRM,"1,575",+6.5,0.41,"630,600",2026/08/28
1689,1689,9508,九州電力(株),東証PRM,"1,968",+8,0.41,"1,308,300",2026/08/28
1690,1690,1320,iFreeETF 日経225(年1回決算型),東証ETF,"68,530",+270,0.4,"20,841",2026/08/28
1691,1691,1542,純銀上場信託(現物国内保管型),東証ETF,"32,240",+130,0.4,"39,153",2026/08/28
1692,1692,1899,(株)福田組,東証PRM,"5,030",+20,0.4,"80,700",2026/08/28
1693,1693,2211,(株)不二家,東証PRM,"2,515",+10,0.4,"18,600",2026/08/28
1694,1694,2730,(株)エディオン,東証PRM,"2,540",+10,0.4,"201,000",2026/08/28
1695,1695,3116,トヨタ紡織(株),東証PRM,"2,248.5",+9,0.4,"596,700",2026/08/28
1696,1696,3758,(株)アエリア,東証STD,248,+1,0.4,"11,000",2026/08/28
1697,1697,3776,(株)ブロードバンドタワー,東証STD,252,+1,0.4,"66,300",2026/08/28
1698,1698,4012,(株)アクシス,東証STD,"1,751",+7,0.4,"3,600",2026/08/28
1699,1699,4198,(株)テンダ,東証STD,497,+2,0.4,"1,000",2026/08/28
1700,1700,5851,リョービ(株),東証PRM,"2,776",+11,0.4,"124,200",2026/08/28
1701,1701,5992,中央発條(株),東証STD,"3,720",+15,0.4,"30,500",2026/08/28
1702,1702,7827,(株)オービス,東証STD,"1,751",+7,0.4,"2,000",2026/08/28
1703,1703,8020,兼松(株),東証PRM,"2,244",+9,0.4,"601,100",2026/08/28
1704,1704,8255,アクシアル　リテイリング(株),東証PRM,"1,270",+5,0.4,"103,000",2026/08/28
1705,1705,8559,(株)豊和銀行,福証,497,+2,0.4,"5,300",2026/08/28
1706,1706,92025,ＡＮＡホールディングス（株）第１回社債型種類株式,東証PRM,"4,780",+19,0.4,"16,100",2026/08/28
1707,1707,9206,(株)スターフライヤー,東証STD,"1,988",+8,0.4,"5,600",2026/08/28
1708,1708,9306,東陽倉庫(株),東証STD,"2,006",+8,0.4,"5,600",2026/08/28
1709,1709,9513,Ｊ－ＰＯＷＥＲ,東証PRM,"4,041",+16,0.4,"421,200",2026/08/28
1710,1710,2340,(株)極楽湯ホールディングス,東証STD,517,+2,0.39,"20,500",2026/08/28
1711,1711,2342,(株)トランスジェニックグループ,東証STD,257,+1,0.39,"44,700",2026/08/28
1712,1712,2429,(株)ワールドホールディングス,東証PRM,"2,853",+11,0.39,"46,600",2026/08/28
1713,1713,2502,アサヒグループホールディングス(株),東証PRM,"1,670.5",+6.5,0.39,"12,851,300",2026/08/28
1714,1714,2858,GX 日経225 カバード・コール (プレミアム再投資型),東証ETF,"1,535",+6,0.39,"1,177",2026/08/28
1715,1715,4437,ｇｏｏｄｄａｙｓホールディングス(株),東証GRT,781,+3,0.39,"2,300",2026/08/28
1716,1716,566A,iFreeETF ブルームバーグ日本株(除く金融)高配当50,東証ETF,"2,343",+9,0.39,536,2026/08/28
1717,1717,5957,日東精工(株),東証PRM,778,+3,0.39,"57,600",2026/08/28
1718,1718,6632,(株)ＪＶＣケンウッド,東証PRM,"1,036.5",+4,0.39,"999,100",2026/08/28
1719,1719,6655,東洋電機(株),名証MN,780,+3,0.39,400,2026/08/28
1720,1720,7562,(株)安楽亭,東証STD,"3,850",+15,0.39,"3,200",2026/08/28
1721,1721,7821,前田工繊(株),東証PRM,"2,055",+8,0.39,"98,700",2026/08/28
1722,1722,1322,上場インデックス中国A株 E FUND CSI300,東証ETF,"11,765",+45,0.38,346,2026/08/28
1723,1723,2198,アイ・ケイ・ケイホールディングス(株),東証PRM,789,+3,0.38,"17,800",2026/08/28
1724,1724,2235,上場インデックスファンド米国株式(ダウ平均)H無,東証ETF,"3,710",+14,0.38,"4,068",2026/08/28
1725,1725,3028,(株)アルペン,東証PRM,"2,380",+9,0.38,"59,400",2026/08/28
1726,1726,6864,(株)エヌエフホールディングス,東証STD,"1,588",+6,0.38,"29,300",2026/08/28
1727,1727,6986,双葉電子工業(株),東証PRM,784,+3,0.38,"594,700",2026/08/28
1728,1728,7150,(株)島根銀行,東証STD,534,+2,0.38,"28,700",2026/08/28
1729,1729,7769,リズム(株),東証PRM,"4,005",+15,0.38,"10,900",2026/08/28
1730,1730,7840,フランスベッドホールディングス(株),東証PRM,"1,305",+5,0.38,"44,600",2026/08/28
1731,1731,8088,岩谷産業(株),東証PRM,"2,223.5",+8.5,0.38,"659,100",2026/08/28
1732,1732,8392,(株)大分銀行,東証PRM,"2,902",+11,0.38,"276,300",2026/08/28
1733,1733,1321,(NEXT FUNDS)日経225連動型上場投信,東証ETF,"68,660",+250,0.37,"199,457",2026/08/28
1734,1734,1546,(NEXT FUNDS)ダウ･ジョーンズ工業株30種(H無),東証ETF,"83,210",+310,0.37,533,2026/08/28
1735,1735,1762,(株)高松コンストラクショングループ,東証PRM,"4,100",+15,0.37,"31,600",2026/08/28
1736,1736,2353,日本駐車場開発(株),東証PRM,273,+1,0.37,"1,623,400",2026/08/28
1737,1737,272A,(株)グリーンクロスホールディングス,福証,"1,362",+5,0.37,500,2026/08/28
1738,1738,3001,片倉工業(株),東証STD,"2,964",+11,0.37,"24,700",2026/08/28
1739,1739,3479,(株)ＴＫＰ,東証GRT,"1,905",+7,0.37,"69,200",2026/08/28
1740,1740,4193,(株)ファブリカホールディングス,東証STD,"2,166",+8,0.37,"5,900",2026/08/28
1741,1741,450A,ステート・ストリート・スパイダー S&P500 ETF(H有),東証ETF,794,+2.9,0.37,120,2026/08/28
1742,1742,465A,GX 日経平均株主還元40-日本株式,東証ETF,"1,340",+5,0.37,"4,150",2026/08/28
1743,1743,6870,日本フェンオール(株),東証STD,"2,196",+8,0.37,"5,600",2026/08/28
1744,1744,7083,ＡＨＣグループ(株),東証GRT,"1,088",+4,0.37,"4,700",2026/08/28
1745,1745,7264,(株)ムロコーポレーション,東証STD,"1,354",+5,0.37,"2,500",2026/08/28
1746,1746,7421,カッパ・クリエイト(株),東証PRM,"1,642",+6,0.37,"93,000",2026/08/28
1747,1747,8174,日本瓦斯(株),東証PRM,"2,996",+11,0.37,"182,400",2026/08/28
1748,1748,8697,(株)日本取引所グループ,東証PRM,"2,293",+8.5,0.37,"2,861,100",2026/08/28
1749,1749,9735,セコム(株),東証PRM,"6,437",+24,0.37,"1,115,300",2026/08/28
1750,1750,9830,トラスコ中山(株),東証PRM,"2,427",+9,0.37,"104,800",2026/08/28
1751,1751,1655,iシェアーズ S&P500 米国株 ETF,東証ETF,887,+3.2,0.36,"581,770",2026/08/28
1752,1752,2335,(株)キューブシステム,東証PRM,"1,104",+4,0.36,"58,300",2026/08/28
1753,1753,2624,iFreeETF 日経225(年4回決算型),東証ETF,"6,682",+24,0.36,"8,880",2026/08/28
1754,1754,2649,iシェアーズ 米国政府系機関ジニーメイMBS(H有),東証ETF,581.3,+2.1,0.36,10,2026/08/28
1755,1755,2860,(NEXT FUNDS) ドイツ株式・DAX(H有),東証ETF,"3,323",+12,0.36,"1,543",2026/08/28
1756,1756,3423,(株)エスイー,東証STD,277,+1,0.36,"5,200",2026/08/28
1757,1757,3486,(株)グローバル・リンク・マネジメント,東証PRM,"1,976",+7,0.36,"24,500",2026/08/28
1758,1758,4221,大倉工業(株),東証PRM,"5,640",+20,0.36,"24,800",2026/08/28
1759,1759,4345,(株)シーティーエス,東証PRM,847,+3,0.36,"63,100",2026/08/28
1760,1760,543A,ＡＲＣＨＩＯＮ(株),東証PRM,275,+1,0.36,"20,041,300",2026/08/28
1761,1761,6092,(株)エンバイオ・ホールディングス,東証STD,846,+3,0.36,"30,900",2026/08/28
1762,1762,6517,デンヨー(株),東証PRM,"4,155",+15,0.36,"51,800",2026/08/28
1763,1763,6561,(株)ＨＡＮＡＴＯＵＲ　ＪＡＰＡＮ,東証GRT,828,+3,0.36,"8,500",2026/08/28
1764,1764,7241,フタバ産業(株),東証PRM,"1,115",+4,0.36,"217,000",2026/08/28
1765,1765,7427,エコートレーディング(株),東証STD,839,+3,0.36,"9,700",2026/08/28
1766,1766,7911,ＴＯＰＰＡＮホールディングス(株),東証PRM,"5,019",+18,0.36,"1,326,800",2026/08/28
1767,1767,8147,(株)トミタ,東証STD,"1,394",+5,0.36,900,2026/08/28
1768,1768,9008,京王電鉄(株),東証PRM,786.2,+2.8,0.36,"1,454,200",2026/08/28
1769,1769,9678,(株)カナモト,東証PRM,"5,530",+20,0.36,"68,900",2026/08/28
1770,1770,9831,(株)ヤマダホールディングス,東証PRM,706.2,+2.5,0.36,"3,212,100",2026/08/28
1771,1771,1621,(NEXT FUNDS)医薬品上場投信,東証ETF,"31,100",+110,0.35,"1,099",2026/08/28
1772,1772,2169,ＣＤＳ(株),東証STD,"1,724",+6,0.35,"1,600",2026/08/28
1773,1773,2816,(株)ダイショー,東証STD,"1,418",+5,0.35,"2,300",2026/08/28
1774,1774,3633,ＧＭＯペパボ(株),東証STD,"2,609",+9,0.35,"26,100",2026/08/28
1775,1775,4246,ダイキョーニシカワ(株),東証PRM,"1,133",+4,0.35,"123,900",2026/08/28
1776,1776,4484,ランサーズ(株),東証GRT,289,+1,0.35,"6,100",2026/08/28
1777,1777,449A,ステート・ストリート・スパイダー S&P500 ETF(H無),東証ETF,837.8,+2.9,0.35,"4,160",2026/08/28
1778,1778,4750,(株)ダイサン,東証STD,574,+2,0.35,"1,800",2026/08/28
1779,1779,5187,クリエートメディック(株),東証STD,"1,141",+4,0.35,"2,800",2026/08/28
1780,1780,5304,ＳＥＣカーボン(株),東証STD,"2,593",+9,0.35,"12,100",2026/08/28
1781,1781,532A,NZAM 上場投信 TOPIX高配当40,東証ETF,"2,295",+8,0.35,194,2026/08/28
1782,1782,6400,不二精機(株),東証STD,289,+1,0.35,"9,200",2026/08/28
1783,1783,7173,(株)東京きらぼしフィナンシャルグループ,東証PRM,"1,714",+6,0.35,"2,093,100",2026/08/28
1784,1784,7733,オリンパス(株),東証PRM,"2,149",+7.5,0.35,"5,347,300",2026/08/28
1785,1785,1382,(株)ホーブ,東証STD,887,+3,0.34,900,2026/08/28
1786,1786,1547,上場インデックスファンド米国株式(S&P500),東証ETF,"13,395",+45,0.34,"6,111",2026/08/28
1787,1787,2511,(NEXT FUNDS)外国債券・FTSE世界国債(除く日本・H無),東証ETF,"1,190",+4,0.34,"13,260",2026/08/28
1788,1788,2630,MAXIS 米国株式(S&P500)上場投信(H有),東証ETF,"16,170",+55,0.34,202,2026/08/28
1789,1789,3252,地主(株),東証PRM,"2,990",+10,0.34,"69,100",2026/08/28
1790,1790,3435,サンコーテクノ(株),東証STD,"1,479",+5,0.34,"1,500",2026/08/28
1791,1791,3480,(株)ジェイ・エス・ビー,東証PRM,"8,970",+30,0.34,"26,800",2026/08/28
1792,1792,4761,(株)さくらケーシーエス,東証STD,"1,459",+5,0.34,"2,700",2026/08/28
1793,1793,5247,(株)ＢＴＭ,東証GRT,584,+2,0.34,"1,500",2026/08/28
1794,1794,7060,ギークス(株),東証STD,597,+2,0.34,"5,300",2026/08/28
1795,1795,7596,(株)魚力,東証PRM,"2,380",+8,0.34,"57,200",2026/08/28
1796,1796,7813,(株)プラッツ,東証STD,878,+3,0.34,"4,900",2026/08/28
1797,1797,8029,(株)ルックホールディングス,東証STD,"2,665",+9,0.34,"9,000",2026/08/28
1798,1798,8052,椿本興業(株),東証PRM,"2,942",+10,0.34,"84,400",2026/08/28
1799,1799,8365,(株)富山銀行,東証STD,"2,358",+8,0.34,"4,700",2026/08/28
1800,1800,9330,(株)揚羽,東証GRT,883,+3,0.34,"1,900",2026/08/28
1801,1801,9419,(株)ワイヤレスゲート,東証STD,294,+1,0.34,"9,100",2026/08/28
1802,1802,9733,(株)ナガセ,東証STD,"2,360",+8,0.34,"13,900",2026/08/28
1803,1803,1369,One ETF 日経225,東証ETF,"66,640",+220,0.33,346,2026/08/28
1804,1804,2559,MAXIS 全世界株式(オール・カントリー)上場投信,東証ETF,"3,032",+10,0.33,"270,440",2026/08/28
1805,1805,5703,日本軽金属ホールディングス(株),東証PRM,"3,045",+10,0.33,"151,500",2026/08/28
1806,1806,5834,ＳＢＩリーシングサービス(株),東証GRT,"2,714",+9,0.33,"63,900",2026/08/28
1807,1807,5997,協立エアテック(株),東証STD,916,+3,0.33,500,2026/08/28
1808,1808,6378,木村化工機(株),東証STD,"1,227",+4,0.33,"95,300",2026/08/28
1809,1809,6486,イーグル工業(株),東証PRM,"3,045",+10,0.33,"72,000",2026/08/28
1810,1810,7273,(株)イクヨ,東証STD,601,+2,0.33,"74,400",2026/08/28
1811,1811,7399,(株)ナンシン,東証STD,611,+2,0.33,"2,500",2026/08/28
1812,1812,8097,三愛オブリ(株),東証PRM,"2,428",+8,0.33,"64,400",2026/08/28
1813,1813,8267,イオン(株),東証PRM,"1,358.5",+4.5,0.33,"10,470,800",2026/08/28
1814,1814,9202,ＡＮＡホールディングス(株),東証PRM,"3,068",+10,0.33,"1,629,000",2026/08/28
1815,1815,9441,(株)ベルパーク,東証STD,"3,075",+10,0.33,"1,400",2026/08/28
1816,1816,1301,(株)極洋,東証PRM,"4,775",+15,0.32,"37,400",2026/08/28
1817,1817,2038,NEXT NOTES ドバイ原油先物 ダブル・ブル ETN,東証ETF,"2,167",+7,0.32,"50,662",2026/08/28
1818,1818,233A,iFreeETF インドNifty50,東証ETF,"1,898",+6,0.32,"19,349",2026/08/28
1819,1819,2844,上場インデックスファンド豪州国債(H無),東証ETF,"5,627",+18,0.32,819,2026/08/28
1820,1820,3796,(株)いい生活,東証STD,311,+1,0.32,"9,000",2026/08/28
1821,1821,3834,(株)朝日ネット,東証PRM,625,+2,0.32,"33,300",2026/08/28
1822,1822,4206,アイカ工業(株),東証PRM,"4,115",+13,0.32,"544,200",2026/08/28
1823,1823,6279,(株)瑞光,東証PRM,929,+3,0.32,"23,800",2026/08/28
1824,1824,6418,日本金銭機械(株),東証PRM,"1,255",+4,0.32,"128,500",2026/08/28
1825,1825,7716,(株)ナカニシ,東証STD,"3,175",+10,0.32,"632,100",2026/08/28
1826,1826,8848,(株)レオパレス２１,東証PRM,634,+2,0.32,"626,600",2026/08/28
1827,1827,9036,東部ネットワーク(株),東証STD,"1,271",+4,0.32,200,2026/08/28
1828,1828,1330,上場インデックスファンド225,東証ETF,"68,720",+210,0.31,"12,246",2026/08/28
1829,1829,1717,明豊ファシリティワークス(株),東証STD,959,+3,0.31,"5,900",2026/08/28
1830,1830,2269,明治ホールディングス(株),東証PRM,"4,471",+14,0.31,"819,000",2026/08/28
1831,1831,2558,MAXIS 米国株式(S&P500)上場投信,東証ETF,"3,540",+11,0.31,"80,633",2026/08/28
1832,1832,2884,(株)ヨシムラ・フード・ホールディングス,東証PRM,650,+2,0.31,"77,500",2026/08/28
1833,1833,3031,(株)ラクーンホールディングス,東証PRM,655,+2,0.31,"63,500",2026/08/28
1834,1834,3231,野村不動産ホールディングス(株),東証PRM,936.2,+2.9,0.31,"3,049,400",2026/08/28
1835,1835,3691,(株)デジタルプラス,東証GRT,"1,915",+6,0.31,"12,500",2026/08/28
1836,1836,4398,(株)ブロードバンドセキュリティ,東証STD,"1,291",+4,0.31,"3,600",2026/08/28
1837,1837,4728,(株)トーセ,東証STD,647,+2,0.31,"26,700",2026/08/28
1838,1838,4765,ＳＢＩグローバルアセットマネジメント(株),東証PRM,650,+2,0.31,"467,500",2026/08/28
1839,1839,4919,(株)ミルボン,東証PRM,"3,270",+10,0.31,"89,000",2026/08/28
1840,1840,5408,(株)中山製鋼所,東証PRM,641,+2,0.31,"209,400",2026/08/28
1841,1841,6178,日本郵政(株),東証PRM,"2,432.5",+7.5,0.31,"5,605,900",2026/08/28
1842,1842,7058,共栄セキュリティーサービス(株),東証STD,"2,944",+9,0.31,500,2026/08/28
1843,1843,7164,全国保証(株),東証PRM,"3,222",+10,0.31,"221,700",2026/08/28
1844,1844,7678,(株)あさくま,東証STD,"3,220",+10,0.31,"5,600",2026/08/28
1845,1845,7874,レック(株),東証PRM,959,+3,0.31,"61,600",2026/08/28
1846,1846,8103,明和産業(株),東証PRM,979,+3,0.31,"187,600",2026/08/28
1847,1847,9872,北恵(株),東証STD,967,+3,0.31,"6,200",2026/08/28
1848,1848,1960,(株)サンテック,東証STD,"1,656",+5,0.3,"11,100",2026/08/28
1849,1849,211A,(株)カドス・コーポレーション,東証STD,"3,385",+10,0.3,900,2026/08/28
1850,1850,2563,iシェアーズ S&P500 米国株 ETF(H有),東証ETF,407.4,+1.2,0.3,"224,980",2026/08/28
1851,1851,3467,アグレ都市デザイン(株),東証STD,"2,979",+9,0.3,"8,000",2026/08/28
1852,1852,3583,オーベクス(株),東証STD,"1,320",+4,0.3,400,2026/08/28
1853,1853,4450,(株)パワーソリューションズ,東証GRT,"2,326",+7,0.3,"3,400",2026/08/28
1854,1854,5949,ユニプレス(株),東証PRM,"1,335",+4,0.3,"99,900",2026/08/28
1855,1855,9049,京福電気鉄道(株),東証STD,"6,660",+20,0.3,200,2026/08/28
1856,1856,1550,MAXIS 海外株式(MSCIコクサイ)上場投信,東証ETF,"8,240",+24,0.29,"1,293",2026/08/28
1857,1857,1698,上場インデックスファンド日本高配当,東証ETF,"4,438",+13,0.29,"6,198",2026/08/28
1858,1858,170A,SMT ETF日本好配当株アクティブ,東証ETF,"3,135",+9,0.29,120,2026/08/28
1859,1859,2567,NZAM 上場投信 S&P/JPXカーボン・エフィシェント指数,東証ETF,545,+1.6,0.29,20,2026/08/28
1860,1860,2753,(株)あみやき亭,東証PRM,"1,405",+4,0.29,"36,100",2026/08/28
1861,1861,3148,(株)クリエイトＳＤホールディングス,東証PRM,"3,410",+10,0.29,"61,100",2026/08/28
1862,1862,3447,信和(株),東証STD,"1,030",+3,0.29,"20,500",2026/08/28
1863,1863,3537,昭栄薬品(株),東証STD,"1,717",+5,0.29,200,2026/08/28
1864,1864,3646,(株)駅探,東証STD,349,+1,0.29,"4,100",2026/08/28
1865,1865,4235,ウルトラファブリックス・ホールディングス(株),東証STD,687,+2,0.29,"17,800",2026/08/28
1866,1866,4687,ＴＤＣソフト(株),東証PRM,"1,026",+3,0.29,"69,400",2026/08/28
1867,1867,6062,(株)チャーム・ケア・コーポレーション,東証PRM,"1,404",+4,0.29,"74,000",2026/08/28
1868,1868,6086,シンメンテホールディングス(株),東証GRT,"1,043",+3,0.29,"19,500",2026/08/28
1869,1869,9503,関西電力(株),東証PRM,"2,612.5",+7.5,0.29,"2,755,400",2026/08/28
1870,1870,9731,(株)白洋舍,東証STD,"3,400",+10,0.29,"2,600",2026/08/28
1871,1871,133A,GX 超短期米国債,東証ETF,"1,082",+3,0.28,"186,850",2026/08/28
1872,1872,168A,(株)イタミアート,東証GRT,"1,078",+3,0.28,300,2026/08/28
1873,1873,2121,(株)ＭＩＸＩ,東証PRM,"3,595",+10,0.28,"283,300",2026/08/28
1874,1874,2521,上場インデックスファンド米国株式(S&P500)H有,東証ETF,"2,181",+6,0.28,"4,966",2026/08/28
1875,1875,2551,マルサンアイ(株),名証MN,"3,595",+10,0.28,800,2026/08/28
1876,1876,4208,ＵＢＥ(株),東証PRM,"3,570",+10,0.28,"567,300",2026/08/28
1877,1877,4429,リックソフト(株),東証GRT,727,+2,0.28,"2,200",2026/08/28
1878,1878,4644,イマジニア(株),東証STD,"1,073",+3,0.28,"15,200",2026/08/28
1879,1879,4845,(株)スカラ,東証STD,354,+1,0.28,"41,900",2026/08/28
1880,1880,5819,カナレ電気(株),東証STD,"1,775",+5,0.28,"4,800",2026/08/28
1881,1881,6069,トレンダーズ(株),東証GRT,706,+2,0.28,"46,600",2026/08/28
1882,1882,6894,パルステック工業(株),東証STD,"2,161",+6,0.28,900,2026/08/28
1883,1883,6919,ケル(株),東証STD,"1,411",+4,0.28,"13,300",2026/08/28
1884,1884,7683,(株)ダブルエー,東証PRM,"1,420",+4,0.28,"23,700",2026/08/28
1885,1885,8282,(株)ケーズホールディングス,東証PRM,"1,945",+5.5,0.28,"485,000",2026/08/28
1886,1886,8929,(株)青山財産ネットワークス,東証STD,"1,429",+4,0.28,"120,900",2026/08/28
1887,1887,9755,応用地質(株),東証PRM,"2,862",+8,0.28,"50,500",2026/08/28
1888,1888,1689,WisdomTree 天然ガス上場投信,東証ETF,750,+2,0.27,"32,871",2026/08/28
1889,1889,2122,(株)インタースペース,東証STD,"1,465",+4,0.27,"4,300",2026/08/28
1890,1890,2475,ＷＤＢホールディングス(株),東証PRM,"1,845",+5,0.27,"19,500",2026/08/28
1891,1891,2513,(NEXT FUNDS)外国株式･MSCI-KOKUSAI(H無),東証ETF,"3,657",+10,0.27,"3,413",2026/08/28
1892,1892,276A,ククレブ・アドバイザーズ(株),東証GRT,"3,740",+10,0.27,"36,300",2026/08/28
1893,1893,3083,スターシーズ(株),東証STD,"1,101",+3,0.27,"89,500",2026/08/28
1894,1894,4441,トビラシステムズ(株),東証STD,"1,464",+4,0.27,"18,700",2026/08/28
1895,1895,4531,有機合成薬品工業(株),東証STD,365,+1,0.27,"38,100",2026/08/28
1896,1896,4617,中国塗料(株),東証PRM,"3,660",+10,0.27,"141,500",2026/08/28
1897,1897,4627,ナトコ(株),東証STD,"1,880",+5,0.27,"10,300",2026/08/28
1898,1898,4902,コニカミノルタ(株),東証PRM,660.7,+1.8,0.27,"2,235,500",2026/08/28
1899,1899,5406,(株)神戸製鋼所,東証PRM,"2,027.5",+5.5,0.27,"1,537,000",2026/08/28
1900,1900,5644,(株)メタルアート,東証STD,"7,500",+20,0.27,300,2026/08/28
1901,1901,5906,エムケー精工(株),東証STD,756,+2,0.27,"4,600",2026/08/28
1902,1902,6035,(株)アイ・アールジャパンホールディングス,東証STD,746,+2,0.27,"24,200",2026/08/28
1903,1903,6099,(株)エラン,東証PRM,754,+2,0.27,"55,400",2026/08/28
1904,1904,6185,ＳＭＮ(株),東証STD,371,+1,0.27,"4,600",2026/08/28
1905,1905,6470,大豊工業(株),東証STD,"1,133",+3,0.27,"41,800",2026/08/28
1906,1906,7752,(株)リコー,東証PRM,"1,695",+4.5,0.27,"1,649,200",2026/08/28
1907,1907,7870,福島印刷(株),名証MN,366,+1,0.27,"5,200",2026/08/28
1908,1908,7931,未来工業(株),東証PRM,"3,700",+10,0.27,"27,600",2026/08/28
1909,1909,8065,佐藤商事(株),東証PRM,"3,705",+10,0.27,"93,700",2026/08/28
1910,1910,8260,(株)井筒屋,東証STD,374,+1,0.27,"7,500",2026/08/28
1911,1911,8830,住友不動産(株),東証PRM,"3,396",+9,0.27,"1,955,300",2026/08/28
1912,1912,9035,第一交通産業(株),福証,749,+2,0.27,"3,200",2026/08/28
1913,1913,9715,トランスコスモス(株),東証PRM,"3,725",+10,0.27,"99,100",2026/08/28
1914,1914,2733,(株)あらた,東証PRM,"2,738",+7,0.26,"74,000",2026/08/28
1915,1915,3750,ＡＤＲバイオメディカルホールディングス(株),東証STD,782,+2,0.26,"3,600",2026/08/28
1916,1916,4182,三菱ガス化学(株),東証PRM,"3,910",+10,0.26,"1,820,800",2026/08/28
1917,1917,4334,(株)ユークス,東証STD,386,+1,0.26,"1,900",2026/08/28
1918,1918,5261,リソルホールディングス(株),東証PRM,"7,820",+20,0.26,"2,500",2026/08/28
1919,1919,6367,ダイキン工業(株),東証PRM,"20,895",+55,0.26,"942,500",2026/08/28
1920,1920,6584,三桜工業(株),東証PRM,784,+2,0.26,"299,000",2026/08/28
1921,1921,6832,アオイ電子(株),東証STD,"2,290",+6,0.26,"10,400",2026/08/28
1922,1922,7191,(株)イントラスト,東証STD,"1,171",+3,0.26,"2,400",2026/08/28
1923,1923,8117,中央自動車工業(株),東証STD,"2,286",+6,0.26,"129,600",2026/08/28
1924,1924,9252,(株)ラストワンマイル,東証GRT,"3,805",+10,0.26,"2,000",2026/08/28
1925,1925,9795,(株)ステップ,東証PRM,"2,314",+6,0.26,"13,400",2026/08/28
1926,1926,1493,One ETF JPX日経中小型,東証ETF,"26,230",+65,0.25,101,2026/08/28
1927,1927,1555,上場インデックスファンド豪州リート,東証ETF,"2,420",+6,0.25,"1,939",2026/08/28
1928,1928,2002,(株)日清製粉グループ本社,東証PRM,"2,038",+5,0.25,"781,300",2026/08/28
1929,1929,2373,(株)ケア２１,東証STD,408,+1,0.25,"3,300",2026/08/28
1930,1930,2573,北海道コカ・コーラボトリング(株),東証STD,"4,040",+10,0.25,"1,700",2026/08/28
1931,1931,3174,(株)ハピネス・アンド・ディ,東証STD,403,+1,0.25,"59,100",2026/08/28
1932,1932,3419,アートグリーン(株),名証NXT,"1,986",+5,0.25,600,2026/08/28
1933,1933,376A,(NEXT FUNDS)ブルームバーグ米国国債(7-10年)(75%H有),東証ETF,"4,872",+12,0.25,40,2026/08/28
1934,1934,512A,GX ステーブルコイン&トークンビジネス(除く日本),東証ETF,"1,213",+3,0.25,"1,203",2026/08/28
1935,1935,5279,日本興業(株),東証STD,"1,219",+3,0.25,"2,500",2026/08/28
1936,1936,5445,東京鐵鋼(株),東証PRM,"2,042",+5,0.25,"55,200",2026/08/28
1937,1937,6233,ＫＬＡＳＳ(株),東証STD,396,+1,0.25,"2,000",2026/08/28
1938,1938,6332,月島ホールディングス(株),東証PRM,"2,793",+7,0.25,"78,800",2026/08/28
1939,1939,7110,(株)クラシコム,東証GRT,"2,025",+5,0.25,"2,300",2026/08/28
1940,1940,7185,ヒロセ通商(株),東証STD,"3,945",+10,0.25,"5,300",2026/08/28
1941,1941,7636,(株)ハンズマン,東証STD,801,+2,0.25,"8,100",2026/08/28
1942,1942,7883,サンメッセ(株),東証STD,404,+1,0.25,"10,700",2026/08/28
1943,1943,7953,菊水化学工業(株),東証STD,401,+1,0.25,"11,100",2026/08/28
1944,1944,8424,芙蓉総合リース(株),東証PRM,"4,421",+11,0.25,"188,100",2026/08/28
1945,1945,9081,神奈川中央交通(株),東証PRM,"4,005",+10,0.25,"10,600",2026/08/28
1946,1946,1499,MAXIS 日本株高配当70マーケットニュートラル,東証ETF,"9,232",+22,0.24,207,2026/08/28
1947,1947,1557,State Street SPDR S&P500 ETF,東証ETF,"122,800",+300,0.24,"1,537",2026/08/28
1948,1948,1657,iシェアーズ･コア MSCI 先進国株(除く日本)ETF,東証ETF,"7,404",+18,0.24,244,2026/08/28
1949,1949,205A,(株)ロゴスホールディングス,東証GRT,"1,680",+4,0.24,"22,700",2026/08/28
1950,1950,3955,(株)イムラ,東証STD,847,+2,0.24,"2,200",2026/08/28
1951,1951,4093,東邦アセチレン(株),東証STD,424,+1,0.24,"31,200",2026/08/28
1952,1952,4416,(株)Ｔｒｕｅ　Ｄａｔａ,東証GRT,414,+1,0.24,"4,800",2026/08/28
1953,1953,5351,品川リフラ(株),東証PRM,"2,088",+5,0.24,"48,700",2026/08/28
1954,1954,5576,(株)オービーシステム,東証STD,"2,979",+7,0.24,700,2026/08/28
1955,1955,5697,(株)サンユウ,東証STD,823,+2,0.24,"2,400",2026/08/28
1956,1956,6038,(株)イード,東証GRT,834,+2,0.24,"4,300",2026/08/28
1957,1957,7980,(株)重松製作所,東証STD,853,+2,0.24,"11,100",2026/08/28
1958,1958,8985,ジャパン・ホテル・リート投資法人,東証,"83,900",+200,0.24,"24,950",2026/08/28
1959,1959,9072,ニッコンホールディングス(株),東証PRM,"5,455",+13,0.24,"125,300",2026/08/28
1960,1960,9249,日本エコシステム(株),東証STD,"1,664",+4,0.24,"4,500",2026/08/28
1961,1961,9285,東京インフラ・エネルギー投資法人,東証,"42,100",+100,0.24,226,2026/08/28
1962,1962,9303,(株)住友倉庫,東証PRM,"4,230",+10,0.24,"110,100",2026/08/28
1963,1963,9347,日本管財ホールディングス(株),東証PRM,"2,913",+7,0.24,"93,400",2026/08/28
1964,1964,9432,ＮＴＴ(株),東証PRM,168.6,+0.4,0.24,"183,753,500",2026/08/28
1965,1965,9612,(株)ラックランド,東証PRM,"1,244",+3,0.24,"44,200",2026/08/28
1966,1966,1384,(株)ホクリヨウ,東証STD,"2,199",+5,0.23,"10,100",2026/08/28
1967,1967,2086,NZAM 上場投信 S&P500(H有),東証ETF,"3,079",+7,0.23,1,2026/08/28
1968,1968,2229,カルビー(株),東証PRM,"3,067",+7,0.23,"181,400",2026/08/28
1969,1969,2782,(株)セリア,東証STD,"4,440",+10,0.23,"264,900",2026/08/28
1970,1970,2790,(株)ナフコ,東証STD,"2,176",+5,0.23,"2,800",2026/08/28
1971,1971,3769,ＧＭＯペイメントゲートウェイ(株),東証PRM,"9,628",+22,0.23,"190,900",2026/08/28
1972,1972,4827,ビジネス・ワンホールディングス(株),福岡Q,862,+2,0.23,500,2026/08/28
1973,1973,589A,ネイス(株),東証GRT,"1,309",+3,0.23,"79,300",2026/08/28
1974,1974,6298,ワイエイシイホールディングス(株),東証PRM,"1,319",+3,0.23,"176,000",2026/08/28
1975,1975,7081,コーユーレンティア(株),東証STD,"1,309",+3,0.23,"11,300",2026/08/28
1976,1976,7368,表示灯(株),東証STD,"1,710",+4,0.23,900,2026/08/28
1977,1977,8795,(株)Ｔ＆Ｄホールディングス,東証PRM,"4,859",+11,0.23,"3,677,700",2026/08/28
1978,1978,9041,近鉄グループホールディングス(株),東証PRM,"3,520",+8,0.23,"558,400",2026/08/28
1979,1979,9065,山九(株),東証PRM,"8,385",+19,0.23,"147,200",2026/08/28
1980,1980,9380,東海運(株),東証STD,438,+1,0.23,"10,300",2026/08/28
1981,1981,1617,(NEXT FUNDS)食品上場投信,東証ETF,"49,350",+110,0.22,242,2026/08/28
1982,1982,1972,三晃金属工業(株),東証STD,"1,344",+3,0.22,"12,300",2026/08/28
1983,1983,2613,(株)Ｊ－オイルミルズ,東証PRM,"2,272",+5,0.22,"110,100",2026/08/28
1984,1984,3067,(株)東京一番フーズ,東証STD,459,+1,0.22,"10,900",2026/08/28
1985,1985,3361,(株)トーエル,東証STD,892,+2,0.22,"2,100",2026/08/28
1986,1986,3696,(株)セレス,東証PRM,"2,257",+5,0.22,"157,700",2026/08/28
1987,1987,3744,サイオス(株),東証STD,459,+1,0.22,"37,600",2026/08/28
1988,1988,387A,フラー(株),東証GRT,925,+2,0.22,"1,900",2026/08/28
1989,1989,3934,(株)ベネフィットジャパン,東証STD,"2,299",+5,0.22,"2,800",2026/08/28
1990,1990,4379,(株)Ｐｈｏｔｏｓｙｎｔｈ,東証GRT,446,+1,0.22,"11,900",2026/08/28
1991,1991,6310,井関農機(株),東証PRM,"1,817",+4,0.22,"110,800",2026/08/28
1992,1992,6424,(株)高見沢サイバネティックス,東証STD,900,+2,0.22,300,2026/08/28
1993,1993,7604,(株)梅の花グループ,東証STD,899,+2,0.22,"4,800",2026/08/28
1994,1994,9837,モリト(株),東証PRM,"1,820",+4,0.22,"45,700",2026/08/28
1995,1995,2070,スマート ESG30 女性活躍(ネットリターン)ETN,東証ETF,"17,030",+35,0.21,3,2026/08/28
1996,1996,2097,GX レジデンシャル・J-REIT,東証ETF,960,+2,0.21,"9,974",2026/08/28
1997,1997,2153,Ｅ・Ｊホールディングス(株),東証PRM,"1,871",+4,0.21,"62,900",2026/08/28
1998,1998,2411,ゲンダイエージェンシー(株),東証STD,473,+1,0.21,"14,900",2026/08/28
1999,1999,2804,ブルドックソース(株),東証PRM,"1,871",+4,0.21,"19,300",2026/08/28
2000,2000,3457,(株)Ａｎｄ　Ｄｏホールディングス,東証PRM,939,+2,0.21,"60,400",2026/08/28
2001,2001,4421,(株)ディ・アイ・システム,東証STD,950,+2,0.21,"1,900",2026/08/28
2002,2002,4642,オリジナル設計(株),東証STD,"1,413",+3,0.21,400,2026/08/28
2003,2003,5451,(株)ヨドコウ,東証PRM,"1,431",+3,0.21,"157,400",2026/08/28
2004,2004,6249,(株)ゲームカードホールディングス,東証STD,"2,849",+6,0.21,"6,700",2026/08/28
2005,2005,6563,(株)みらいワークス,東証GRT,472,+1,0.21,"10,400",2026/08/28
2006,2006,8595,ジャフコ　グループ(株),東証PRM,"2,348",+5,0.21,"300,700",2026/08/28
2007,2007,9625,(株)セレスポ,東証STD,945,+2,0.21,"4,400",2026/08/28
2008,2008,1329,iシェアーズ・コア 日経225ETF,東証ETF,"6,866",+14,0.2,"252,807",2026/08/28
2009,2009,160A,(株)アズパートナーズ,東証STD,"1,991",+4,0.2,"2,700",2026/08/28
2010,2010,2296,伊藤ハム米久ホールディングス(株),東証PRM,"5,110",+10,0.2,"59,100",2026/08/28
2011,2011,2530,MAXIS HuaAn中国株式(上海180A株)上場投信,東証ETF,"17,530",+35,0.2,17,2026/08/28
2012,2012,2628,iFree 中国科創板50,東証ETF,"4,019",+8,0.2,"1,851",2026/08/28
2013,2013,3003,ヒューリック(株),東証PRM,"1,796.5",+3.5,0.2,"1,310,400",2026/08/28
2014,2014,3542,(株)ベガコーポレーション,東証GRT,"1,507",+3,0.2,"30,800",2026/08/28
2015,2015,3826,(株)システムインテグレータ,東証STD,497,+1,0.2,"40,500",2026/08/28
2016,2016,4287,(株)ジャストプランニング,東証STD,497,+1,0.2,"9,200",2026/08/28
2017,2017,4350,(株)メディカルシステムネットワーク,東証STD,501,+1,0.2,"55,800",2026/08/28
2018,2018,4956,コニシ(株),東証PRM,"1,477",+3,0.2,"71,800",2026/08/28
2019,2019,4990,昭和化学工業(株),東証STD,506,+1,0.2,300,2026/08/28
2020,2020,5599,Ｓ＆Ｊ(株),東証GRT,"1,000",+2,0.2,"12,300",2026/08/28
2021,2021,576A,GX チャイナテック・カバード・コール,東証ETF,"1,004",+2,0.2,522,2026/08/28
2022,2022,5994,(株)ファインシンター,東証STD,"1,018",+2,0.2,"5,900",2026/08/28
2023,2023,6141,ＤＭＧ森精機(株),東証PRM,"3,045",+6,0.2,"2,649,800",2026/08/28
2024,2024,8089,ナイス(株),東証STD,"1,980",+4,0.2,"2,000",2026/08/28
2025,2025,8275,(株)フォーバル,東証STD,"1,002",+2,0.2,"29,100",2026/08/28
2026,2026,92015,日本航空（株）第１回社債型種類株式,東証PRM,"10,230",+20,0.2,"9,400",2026/08/28
2027,2027,9672,東京都競馬(株),東証PRM,"5,060",+10,0.2,"34,500",2026/08/28
2028,2028,3359,(株)ｃｏｔｔａ,東証GRT,523,+1,0.19,"14,600",2026/08/28
2029,2029,3512,日本フエルト(株),東証STD,"1,030",+2,0.19,"3,300",2026/08/28
2030,2030,3562,(株)Ｎｏ．１,東証STD,"1,581",+3,0.19,"62,500",2026/08/28
2031,2031,3901,マークラインズ(株),東証PRM,"1,565",+3,0.19,"69,200",2026/08/28
2032,2032,4544,Ｈ．Ｕ．グループホールディングス(株),東証PRM,"3,648",+7,0.19,"188,600",2026/08/28
2033,2033,5273,三谷セキサン(株),東証STD,"2,108",+4,0.19,"50,500",2026/08/28
2034,2034,5817,ＪＭＡＣＳ(株),東証STD,"1,036",+2,0.19,"40,000",2026/08/28
2035,2035,6037,楽待(株),東証STD,"1,081",+2,0.19,"47,300",2026/08/28
2036,2036,9364,(株)上組,東証PRM,"4,868",+9,0.19,"206,100",2026/08/28
2037,2037,9365,トレーディア(株),東証STD,"1,620",+3,0.19,300,2026/08/28
2038,2038,9996,(株)サトー商会,東証STD,"2,069",+4,0.19,600,2026/08/28
2039,2039,1630,(NEXT FUNDS)小売上場投信,東証ETF,"37,990",+70,0.18,"1,504",2026/08/28
2040,2040,338A,(株)ＺｅｎｍｕＴｅｃｈ,東証GRT,"2,192",+4,0.18,"44,300",2026/08/28
2041,2041,3690,(株)イルグルム,東証STD,565,+1,0.18,"17,900",2026/08/28
2042,2042,3708,特種東海製紙(株),東証PRM,"2,191",+4,0.18,"45,300",2026/08/28
2043,2043,372A,(株)レント,東証STD,"5,600",+10,0.18,"1,400",2026/08/28
2044,2044,3933,チエル(株),東証STD,571,+1,0.18,"2,500",2026/08/28
2045,2045,452A,iシェアーズ S&P500プレミアムインカム,東証ETF,827.1,+1.5,0.18,"87,560",2026/08/28
2046,2046,4967,小林製薬(株),東証PRM,"5,690",+10,0.18,"446,400",2026/08/28
2047,2047,7073,(株)ジェイック,東証GRT,"2,255",+4,0.18,300,2026/08/28
2048,2048,7214,ＧＭＢ(株),東証STD,"1,110",+2,0.18,"3,800",2026/08/28
2049,2049,7987,ナカバヤシ(株),東証STD,572,+1,0.18,"49,600",2026/08/28
2050,2050,8301,日本銀行,東証,"21,740",+40,0.18,100,2026/08/28
2051,2051,8898,(株)センチュリー２１・ジャパン,東証STD,"1,140",+2,0.18,"1,700",2026/08/28
2052,2052,8945,サンネクスタグループ(株),東証STD,"1,098",+2,0.18,"4,500",2026/08/28
2053,2053,9274,ＫＰＰグループホールディングス(株),東証PRM,"1,105",+2,0.18,"229,700",2026/08/28
2054,2054,1627,(NEXT FUNDS)電力･ガス上場投信,東証ETF,"11,955",+20,0.17,"4,630",2026/08/28
2055,2055,1812,鹿島,東証PRM,"4,834",+8,0.17,"1,682,400",2026/08/28
2056,2056,2209,井村屋グループ(株),東証PRM,"2,419",+4,0.17,"20,300",2026/08/28
2057,2057,2554,(NEXT FUNDS)米国投資適格社債(1-10年)(H有),東証ETF,752.3,+1.3,0.17,10,2026/08/28
2058,2058,3474,Ｇ－ＦＡＣＴＯＲＹ(株),東証GRT,588,+1,0.17,"2,700",2026/08/28
2059,2059,4212,積水樹脂(株),東証PRM,"2,937",+5,0.17,"48,500",2026/08/28
2060,2060,4579,ラクオリア創薬(株),東証GRT,573,+1,0.17,"192,600",2026/08/28
2061,2061,6546,フルテック(株),東証STD,"1,156",+2,0.17,"1,100",2026/08/28
2062,2062,6899,ＡＳＴＩ(株),東証STD,"2,300",+4,0.17,"1,900",2026/08/28
2063,2063,7038,フロンティア・マネジメント(株),東証PRM,582,+1,0.17,"34,600",2026/08/28
2064,2064,7047,ポート(株),東証GRT,"2,311",+4,0.17,"108,600",2026/08/28
2065,2065,7932,(株)ニッピ,東証STD,"11,950",+20,0.17,"2,800",2026/08/28
2066,2066,8699,ＨＳホールディングス(株),東証STD,"1,153",+2,0.17,"37,300",2026/08/28
2067,2067,1346,MAXIS 日経225上場投信,東証ETF,"68,580",+110,0.16,"12,667",2026/08/28
2068,2068,163A,半導体フォーカス日本株(ネットリターン)ETN,東証ETF,"19,265",+30,0.16,"7,113",2026/08/28
2069,2069,1952,新日本空調(株),東証PRM,"3,120",+5,0.16,"126,100",2026/08/28
2070,2070,2082,投資家経営者一心同体ETF,東証ETF,"1,286",+2,0.16,18,2026/08/28
2071,2071,2242,MAXIS NYダウ上場投信(H有),東証ETF,689.4,+1.1,0.16,220,2026/08/28
2072,2072,2428,ウェルネット(株),東証STD,642,+1,0.16,"48,000",2026/08/28
2073,2073,2810,ハウス食品グループ本社(株),東証PRM,"3,739",+6,0.16,"184,000",2026/08/28
2074,2074,2846,(NEXT FUNDS) ダウ・ジョーンズ工業株30種(H有),東証ETF,"2,583",+4,0.16,64,2026/08/28
2075,2075,2938,(株)オカムラ食品工業,東証STD,"1,287",+2,0.16,"61,800",2026/08/28
2076,2076,3513,イチカワ(株),東証STD,"3,230",+5,0.16,"4,700",2026/08/28
2077,2077,3547,(株)ユニシアホールディングス,東証STD,"1,871",+3,0.16,"21,500",2026/08/28
2078,2078,3839,(株)ＯＤＫソリューションズ,東証STD,645,+1,0.16,"1,000",2026/08/28
2079,2079,4166,かっこ(株),東証GRT,635,+1,0.16,"4,400",2026/08/28
2080,2080,4301,(株)アミューズ,東証PRM,"1,917",+3,0.16,"71,700",2026/08/28
2081,2081,4887,サワイグループホールディングス(株),東証PRM,"1,613.5",+2.5,0.16,"418,500",2026/08/28
2082,2082,5901,東洋製罐グループホールディングス(株),東証PRM,"4,513",+7,0.16,"302,900",2026/08/28
2083,2083,5943,(株)ノーリツ,東証PRM,"2,438",+4,0.16,"96,500",2026/08/28
2084,2084,6090,ヒューマン・メタボローム・テクノロジーズ(株),東証STD,626,+1,0.16,"1,900",2026/08/28
2085,2085,6544,ジャパンエレベーターサービスホールディングス(株),東証PRM,"1,561.5",+2.5,0.16,"597,900",2026/08/28
2086,2086,6551,(株)ツナググループ・ホールディングス,東証STD,623,+1,0.16,"13,000",2026/08/28
2087,2087,7192,日本モーゲージサービス(株),東証STD,630,+1,0.16,"6,600",2026/08/28
2088,2088,7426,(株)山大,東証STD,611,+1,0.16,800,2026/08/28
2089,2089,7475,アルビス(株),東証PRM,"2,540",+4,0.16,"10,500",2026/08/28
2090,2090,7670,オーウエル(株),東証STD,"1,235",+2,0.16,"6,100",2026/08/28
2091,2091,7814,(株)日本創発グループ,東証STD,623,+1,0.16,"4,000",2026/08/28
2092,2092,7963,興研(株),東証STD,"1,823",+3,0.16,"1,700",2026/08/28
2093,2093,8630,ＳＯＭＰＯホールディングス(株),東証PRM,"6,861",+11,0.16,"1,816,900",2026/08/28
2094,2094,8737,(株)あかつき本社,東証STD,637,+1,0.16,"34,200",2026/08/28
2095,2095,8844,(株)コスモスイニシア,東証STD,"1,281",+2,0.16,"32,900",2026/08/28
2096,2096,140A,iFreeETF 米国10年国債先物インバース,東証ETF,"2,016",+3,0.15,6,2026/08/28
2097,2097,2425,(株)ケアサービス,東証STD,661,+1,0.15,700,2026/08/28
2098,2098,3143,オーウイル(株),東証STD,687,+1,0.15,"2,400",2026/08/28
2099,2099,3161,アゼアス(株),東証STD,674,+1,0.15,400,2026/08/28
2100,2100,3221,(株)ヨシックスホールディングス,東証PRM,"3,350",+5,0.15,"27,700",2026/08/28
2101,2101,4499,(株)Ｓｐｅｅｅ,東証STD,"2,591",+4,0.15,"124,200",2026/08/28
2102,2102,4725,(株)ＣＡＣ　Ｈｏｌｄｉｎｇｓ,東証PRM,"1,955",+3,0.15,"35,300",2026/08/28
2103,2103,6565,ＡＢホテル(株),名証MN,"1,305",+2,0.15,"4,700",2026/08/28
2104,2104,6566,(株)要興業,東証STD,"1,305",+2,0.15,"2,300",2026/08/28
2105,2105,6571,キュービーネットホールディングス(株),東証PRM,"1,303",+2,0.15,"45,400",2026/08/28
2106,2106,7208,(株)カネミツ,東証STD,"1,304",+2,0.15,"1,800",2026/08/28
2107,2107,9565,ＧＬＯＥ(株),東証GRT,676,+1,0.15,"7,700",2026/08/28
2108,2108,1325,(NEXT FUNDS)ブラジル株式指数上場投信,東証ETF,284.5,+0.4,0.14,"1,790",2026/08/28
2109,2109,1847,(株)イチケン,東証STD,"3,455",+5,0.14,"17,100",2026/08/28
2110,2110,2173,(株)博展,東証GRT,718,+1,0.14,"6,000",2026/08/28
2111,2111,2248,iFreeETF S&P500(H有),東証ETF,"2,778",+4,0.14,355,2026/08/28
2112,2112,2910,(株)ロック・フィールド,東証PRM,"1,430",+2,0.14,"39,600",2026/08/28
2113,2113,3059,ヒラキ(株),東証STD,710,+1,0.14,"2,600",2026/08/28
2114,2114,3193,(株)エターナルホスピタリティグループ,東証PRM,"1,435",+2,0.14,"87,500",2026/08/28
2115,2115,467A,GX 米ドル建て投資適格社債(H有),東証ETF,280,+0.4,0.14,130,2026/08/28
2116,2116,5659,日本精線(株),東証PRM,"1,448",+2,0.14,"51,500",2026/08/28
2117,2117,6087,(株)アビスト,東証STD,"3,535",+5,0.14,"2,300",2026/08/28
2118,2118,6838,(株)多摩川ホールディングス,東証STD,"1,448",+2,0.14,"131,800",2026/08/28
2119,2119,7112,(株)キューブ,東証GRT,700,+1,0.14,"5,600",2026/08/28
2120,2120,7506,(株)ハウス　オブ　ローゼ,東証STD,"1,387",+2,0.14,"1,300",2026/08/28
2121,2121,7638,(株)ＮＥＷ　ＡＲＴ　ＨＯＬＤＩＮＧＳ,東証STD,"1,412",+2,0.14,"6,400",2026/08/28
2122,2122,7812,(株)クレステック,東証STD,"2,158",+3,0.14,700,2026/08/28
2123,2123,7877,永大化工(株),東証STD,"2,217",+3,0.14,100,2026/08/28
2124,2124,8920,(株)東祥,東証STD,727,+1,0.14,"55,800",2026/08/28
2125,2125,1777,川崎設備工業(株),名証MN,"2,327",+3,0.13,"4,500",2026/08/28
2126,2126,2270,雪印メグミルク(株),東証PRM,"3,735",+5,0.13,"122,300",2026/08/28
2127,2127,2503,キリンホールディングス(株),東証PRM,"3,053",+4,0.13,"2,616,800",2026/08/28
2128,2128,2562,上場インデックスファンド米国株式(ダウ平均)H有,東証ETF,"3,725",+5,0.13,348,2026/08/28
2129,2129,2904,一正蒲鉾(株),東証STD,752,+1,0.13,"3,300",2026/08/28
2130,2130,2907,(株)あじかん,東証STD,"1,532",+2,0.13,"1,300",2026/08/28
2131,2131,3276,(株)ＪＰＭＣ,東証PRM,"2,249",+3,0.13,"154,100",2026/08/28
2132,2132,3293,アズマハウス(株),東証STD,780,+1,0.13,"2,100",2026/08/28
2133,2133,3930,(株)はてな,東証GRT,777,+1,0.13,"8,700",2026/08/28
2134,2134,4063,信越化学工業(株),東証PRM,"6,001",+8,0.13,"5,614,200",2026/08/28
2135,2135,4197,(株)アスマーク,東証STD,"2,378",+3,0.13,600,2026/08/28
2136,2136,4439,(株)東名,東証STD,763,+1,0.13,"6,000",2026/08/28
2137,2137,4553,東和薬品(株),東証PRM,"3,935",+5,0.13,"91,600",2026/08/28
2138,2138,6820,アイコム(株),東証PRM,"3,750",+5,0.13,"27,800",2026/08/28
2139,2139,7114,(株)フーディソン,東証GRT,774,+1,0.13,"1,400",2026/08/28
2140,2140,7235,東京ラヂエーター製造(株),東証STD,"1,580",+2,0.13,"17,800",2026/08/28
2141,2141,7259,(株)アイシン,東証PRM,"2,233",+3,0.13,"2,384,000",2026/08/28
2142,2142,7722,国際計測器(株),東証STD,789,+1,0.13,"23,100",2026/08/28
2143,2143,8043,スターゼン(株),東証PRM,"1,554",+2,0.13,"130,500",2026/08/28
2144,2144,8219,青山商事(株),東証PRM,778,+1,0.13,"488,600",2026/08/28
2145,2145,94345,ソフトバンク(株)第1回社債型種類株式,東証PRM,"3,805",+5,0.13,"2,700",2026/08/28
2146,2146,9664,(株)御園座,名証MN,"1,502",+2,0.13,900,2026/08/28
2147,2147,9843,(株)ニトリホールディングス,東証PRM,"3,068",+4,0.13,"2,290,900",2026/08/28
2148,2148,155A,(株)情報戦略テクノロジー,東証GRT,849,+1,0.12,"28,900",2026/08/28
2149,2149,1677,上場インデックスファンド海外債券毎月分配,東証ETF,"60,270",+70,0.12,120,2026/08/28
2150,2150,1679,Simple-X NYダウ･ジョーンズ上場投信,東証ETF,"68,450",+80,0.12,10,2026/08/28
2151,2151,1822,大豊建設(株),東証STD,829,+1,0.12,"168,400",2026/08/28
2152,2152,2179,(株)成学社,東証STD,861,+1,0.12,"50,600",2026/08/28
2153,2153,2268,Ｂ－Ｒ　サーティワン　アイスクリーム(株),東証STD,"4,055",+5,0.12,"4,300",2026/08/28
2154,2154,2871,(株)ニチレイ,東証PRM,"2,149.5",+2.5,0.12,"790,300",2026/08/28
2155,2155,2908,フジッコ(株),東証PRM,"1,637",+2,0.12,"39,000",2026/08/28
2156,2156,3020,アプライド(株),東証STD,"4,330",+5,0.12,"1,000",2026/08/28
2157,2157,3374,内外テック(株),東証STD,"4,325",+5,0.12,"24,600",2026/08/28
2158,2158,5612,日本鋳鉄管(株),東証STD,"1,653",+2,0.12,"8,800",2026/08/28
2159,2159,6560,(株)エル・ティー・エス,東証PRM,"1,728",+2,0.12,"38,300",2026/08/28
2160,2160,6666,リバーエレテック(株),東証STD,808,+1,0.12,"32,200",2026/08/28
2161,2161,6809,ＴＯＡ(株),東証PRM,"1,705",+2,0.12,"60,700",2026/08/28
2162,2162,7228,(株)デイトナ,東証STD,"4,045",+5,0.12,600,2026/08/28
2163,2163,7297,(株)カーメイト,東証STD,860,+1,0.12,"3,300",2026/08/28
2164,2164,75505,（株）ゼンショーホールディングス第1回社債型種類株式,東証PRM,"4,926",+6,0.12,"2,500",2026/08/28
2165,2165,8085,ナラサキ産業(株),東証STD,"4,205",+5,0.12,"2,800",2026/08/28
2166,2166,8159,(株)立花エレテック,東証PRM,"4,045",+5,0.12,"31,200",2026/08/28
2167,2167,8572,アコム(株),東証STD,489.7,+0.6,0.12,"1,229,300",2026/08/28
2168,2168,94346,ソフトバンク(株)第2回社債型種類株式,東証PRM,"7,590",+9,0.12,"1,600",2026/08/28
2169,2169,9635,武蔵野興業(株),東証STD,"2,555",+3,0.12,400,2026/08/28
2170,2170,9636,(株)きんえい,東証STD,"4,185",+5,0.12,"3,300",2026/08/28
2171,2171,1595,NZAM 上場投信 東証REIT指数,東証ETF,"1,857",+2,0.11,"44,815",2026/08/28
2172,2172,1951,エクシオグループ(株),東証PRM,"2,636.5",+3,0.11,"464,100",2026/08/28
2173,2173,2286,林兼産業(株),東証STD,917,+1,0.11,"7,100",2026/08/28
2174,2174,2493,イーサポートリンク(株),東証STD,946,+1,0.11,"2,100",2026/08/28
2175,2175,2674,(株)ハードオフコーポレーション,東証PRM,"2,675",+3,0.11,"63,400",2026/08/28
2176,2176,2769,(株)ヴィレッジヴァンガードコーポレーション,東証STD,916,+1,0.11,"3,100",2026/08/28
2177,2177,2818,(株)ピエトロ,東証STD,"1,766",+2,0.11,"2,100",2026/08/28
2178,2178,2974,大英産業(株),福証,904,+1,0.11,600,2026/08/28
2179,2179,2986,(株)ＬＡホールディングス,東証GRT,"2,846",+3,0.11,"74,100",2026/08/28
2180,2180,3477,フォーライフ(株),東証GRT,885,+1,0.11,"3,100",2026/08/28
2181,2181,3843,フリービット(株),東証PRM,"1,786",+2,0.11,"42,200",2026/08/28
2182,2182,3965,(株)キャピタル・アセット・プランニング,東証STD,919,+1,0.11,"11,700",2026/08/28
2183,2183,489A,東証REIT物流フォーカスETF,東証ETF,896,+1,0.11,501,2026/08/28
2184,2184,5921,川岸工業(株),東証STD,"4,355",+5,0.11,200,2026/08/28
2185,2185,7043,アルー(株),東証GRT,944,+1,0.11,"1,700",2026/08/28
2186,2186,7358,(株)ポピンズ,東証STD,"1,849",+2,0.11,"24,700",2026/08/28
2187,2187,7808,(株)シー・エス・ランバー,東証STD,"2,714",+3,0.11,200,2026/08/28
2188,2188,8078,阪和興業(株),東証PRM,"1,883",+2,0.11,"415,400",2026/08/28
2189,2189,9076,セイノーホールディングス(株),東証PRM,"2,771",+3,0.11,"354,500",2026/08/28
2190,2190,9713,(株)ロイヤルホテル,東証STD,904,+1,0.11,"4,300",2026/08/28
2191,2191,9882,(株)イエローハット,東証PRM,"1,785",+2,0.11,"131,600",2026/08/28
2192,2192,208A,(株)構造計画研究所ホールディングス,東証STD,"2,970",+3,0.1,"4,900",2026/08/28
2193,2193,2163,(株)アルトナー,東証PRM,973,+1,0.1,"11,700",2026/08/28
2194,2194,2514,(NEXT FUNDS)外国株式･MSCI-KOKUSAI(H有),東証ETF,"2,060",+2,0.1,57,2026/08/28
2195,2195,2866,GX 米国優先証券,東証ETF,991,+1,0.1,"11,154",2026/08/28
2196,2196,4507,塩野義製薬(株),東証PRM,"2,912.5",+3,0.1,"1,463,300",2026/08/28
2197,2197,463A,(株)インテリックスホールディングス,東証STD,996,+1,0.1,"21,100",2026/08/28
2198,2198,493A,One ETF 日本国債 1-3年,東証ETF,996.6,+1,0.1,60,2026/08/28
2199,2199,5015,ビーピー・カストロール(株),東証STD,"1,002",+1,0.1,"8,100",2026/08/28
2200,2200,5075,アップコン(株),名証NXT,"1,030",+1,0.1,700,2026/08/28
2201,2201,5185,(株)フコク,東証PRM,"2,067",+2,0.1,"36,500",2026/08/28
2202,2202,5714,ＤＯＷＡホールディングス(株),東証PRM,"10,395",+10,0.1,"400,700",2026/08/28
2203,2203,6222,(株)島精機製作所,東証PRM,986,+1,0.1,"144,800",2026/08/28
2204,2204,6457,グローリー(株),東証PRM,"4,877",+5,0.1,"457,600",2026/08/28
2205,2205,6743,大同信号(株),東証STD,"1,040",+1,0.1,"18,600",2026/08/28
2206,2206,7224,新明和工業(株),東証PRM,"1,979",+2,0.1,"103,200",2026/08/28
2207,2207,8542,(株)トマト銀行,東証STD,"1,955",+2,0.1,"21,100",2026/08/28
2208,2208,8864,空港施設(株),東証STD,980,+1,0.1,"58,200",2026/08/28
2209,2209,9110,ＮＳユナイテッド海運(株),東証PRM,"10,480",+10,0.1,"281,500",2026/08/28
2210,2210,9351,東洋埠頭(株),東証STD,"1,909",+2,0.1,"2,200",2026/08/28
2211,2211,9823,(株)マミーマートホールディングス,東証STD,"1,031",+1,0.1,"54,300",2026/08/28
2212,2212,9994,(株)やまや,東証STD,"2,048",+2,0.1,"8,900",2026/08/28
2213,2213,1495,上場インデックスファンドアジアリート,東証ETF,"11,585",+10,0.09,36,2026/08/28
2214,2214,2258,iシェアーズ 米ドル建てハイイールド社債,東証ETF,227.8,+0.2,0.09,"4,590",2026/08/28
2215,2215,2266,六甲バター(株),東証PRM,"1,083",+1,0.09,"40,700",2026/08/28
2216,2216,2378,(株)ルネサンス,東証PRM,"1,065",+1,0.09,"56,800",2026/08/28
2217,2217,2933,(株)紀文食品,東証PRM,"1,137",+1,0.09,"102,300",2026/08/28
2218,2218,3484,(株)イノベーションホールディングス,東証STD,"1,115",+1,0.09,"2,600",2026/08/28
2219,2219,3877,中越パルプ工業(株),東証PRM,"2,241",+2,0.09,"31,000",2026/08/28
2220,2220,3948,光ビジネスフォーム(株),東証STD,"1,169",+1,0.09,400,2026/08/28
2221,2221,50765,インフロニア・ホールディングス（株）第1回社債型種類株式,東証PRM,"4,632",+4,0.09,"3,400",2026/08/28
2222,2222,536A,NZAM 上場投信 先進国株式(MSCI-KOKUSAI)(H無),東証ETF,"2,292",+2,0.09,3,2026/08/28
2223,2223,537A,NZAM 上場投信 全世界株式(MSCI ACWI)(H無),東証ETF,"1,147",+1,0.09,55,2026/08/28
2224,2224,5933,アルインコ(株),東証PRM,"1,142",+1,0.09,"74,100",2026/08/28
2225,2225,6005,三浦工業(株),東証PRM,"3,225",+3,0.09,"350,600",2026/08/28
2226,2226,6305,日立建機(株),東証PRM,"5,824",+5,0.09,"2,321,200",2026/08/28
2227,2227,6920,レーザーテック(株),東証PRM,"34,640",+30,0.09,"1,644,600",2026/08/28
2228,2228,7326,ＳＢＩインシュアランスグループ(株),東証GRT,"2,115",+2,0.09,"14,900",2026/08/28
2229,2229,7885,タカノ(株),東証STD,"1,129",+1,0.09,"6,500",2026/08/28
2230,2230,8928,穴吹興産(株),東証STD,"2,352",+2,0.09,"10,800",2026/08/28
2231,2231,9616,(株)共立メンテナンス,東証PRM,"3,435",+3,0.09,"1,148,400",2026/08/28
2232,2232,9643,中日本興業(株),名証MN,"11,040",+10,0.09,200,2026/08/28
2233,2233,1375,ユキグニファクトリー(株),東証PRM,"1,179",+1,0.08,"29,300",2026/08/28
2234,2234,1417,(株)ミライト・ワン,東証PRM,"3,614",+3,0.08,"154,200",2026/08/28
2235,2235,2012,iシェアーズ 米国債0-3カ月 ETF,東証ETF,242.7,+0.2,0.08,"69,420",2026/08/28
2236,2236,2997,(株)ストレージ王,東証GRT,"1,324",+1,0.08,"1,600",2026/08/28
2237,2237,3426,アトムリビンテック(株),東証STD,"1,298",+1,0.08,400,2026/08/28
2238,2238,3482,ロードスターキャピタル(株),東証PRM,"2,644",+2,0.08,"73,400",2026/08/28
2239,2239,3501,ＳＵＭＩＮＯＥ(株),東証PRM,"1,193",+1,0.08,"6,300",2026/08/28
2240,2240,4523,エーザイ(株),東証PRM,"4,824",+4,0.08,"907,000",2026/08/28
2241,2241,4681,リゾートトラスト(株),東証PRM,"1,881",+1.5,0.08,"388,600",2026/08/28
2242,2242,5195,バンドー化学(株),東証PRM,"2,493",+2,0.08,"50,600",2026/08/28
2243,2243,5237,(株)ノザワ,東証STD,"1,201",+1,0.08,700,2026/08/28
2244,2244,5869,(株)早稲田学習研究会,東証STD,"1,260",+1,0.08,"4,200",2026/08/28
2245,2245,6382,トリニティ工業(株),東証STD,"1,258",+1,0.08,"11,800",2026/08/28
2246,2246,8032,日本紙パルプ商事(株),東証PRM,"1,216",+1,0.08,"262,600",2026/08/28
2247,2247,8118,(株)キング,東証STD,"1,200",+1,0.08,"1,200",2026/08/28
2248,2248,9142,九州旅客鉄道(株),東証PRM,"3,594",+3,0.08,"780,600",2026/08/28
2249,2249,9434,ソフトバンク(株),東証PRM,237.7,+0.2,0.08,"56,308,600",2026/08/28
2250,2250,1450,ＴＡＮＡＫＥＮ(株),東証STD,"1,470",+1,0.07,"3,100",2026/08/28
2251,2251,1553,MAXIS S&P東海上場投信,名証ETF,"5,805",+4,0.07,10,2026/08/28
2252,2252,2001,(株)ニップン,東証PRM,"2,906",+2,0.07,"116,300",2026/08/28
2253,2253,2252,GX Morningstar 米国中小型 Moat,東証ETF,"1,495",+1,0.07,"1,221",2026/08/28
2254,2254,2253,GX スーパーディビィデンド-US,東証ETF,"1,364",+1,0.07,"4,140",2026/08/28
2255,2255,2303,(株)ドーン,東証STD,"1,361",+1,0.07,"13,800",2026/08/28
2256,2256,4419,(株)Ｆｉｎａｔｅｘｔホールディングス,東証GRT,"1,451",+1,0.07,"525,300",2026/08/28
2257,2257,5816,オーナンバ(株),東証STD,"1,482",+1,0.07,"12,100",2026/08/28
2258,2258,5976,ネツレン,東証PRM,"1,535",+1,0.07,"75,500",2026/08/28
2259,2259,7097,(株)さくらさくプラス,東証GRT,"2,756",+2,0.07,"2,900",2026/08/28
2260,2260,7435,(株)ナ・デックス,東証STD,"1,343",+1,0.07,"15,600",2026/08/28
2261,2261,7611,(株)ハイデイ日高,東証PRM,"2,995",+2,0.07,"669,400",2026/08/28
2262,2262,1551,東証スタンダードTOP20,東証ETF,"7,119",+4,0.06,30,2026/08/28
2263,2263,1554,上場インデックス世界株式(MSCI ACWI)除く日本,東証ETF,"6,942",+4,0.06,673,2026/08/28
2264,2264,2093,上場Tracers 米国債0-2年ラダー(H無),東証ETF,"5,305",+3,0.06,"1,324",2026/08/28
2265,2265,2206,江崎グリコ(株),東証PRM,"5,207",+3,0.06,"121,200",2026/08/28
2266,2266,2415,ヒューマンホールディングス(株),東証STD,"1,707",+1,0.06,"3,500",2026/08/28
2267,2267,2612,かどや製油(株),東証STD,"1,789",+1,0.06,"7,700",2026/08/28
2268,2268,2937,(株)サンクゼール,東証GRT,"1,746",+1,0.06,"2,300",2026/08/28
2269,2269,345A,高配当成長 日本株(ネットリターン)ETN,東証ETF,"15,770",+10,0.06,577,2026/08/28
2270,2270,4539,日本ケミファ(株),東証STD,"1,575",+1,0.06,800,2026/08/28
2271,2271,539A,NZAM 上場投信 海外債券(FTSE WGBI除く日本)(H無),東証ETF,"4,982",+3,0.06,9,2026/08/28
2272,2272,5988,(株)パイオラックス,東証PRM,"1,727",+1,0.06,"59,000",2026/08/28
2273,2273,6952,カシオ計算機(株),東証PRM,"2,404.5",+1.5,0.06,"1,226,100",2026/08/28
2274,2274,7477,ムラキ(株),東証STD,"1,600",+1,0.06,"1,600",2026/08/28
2275,2275,7643,(株)ダイイチ,東証STD,"1,756",+1,0.06,"3,100",2026/08/28
2276,2276,7673,ダイコー通産(株),東証STD,"1,652",+1,0.06,"1,300",2026/08/28
2277,2277,8214,(株)ＡＯＫＩホールディングス,東証PRM,"1,780",+1,0.06,"131,300",2026/08/28
2278,2278,9248,人・夢・技術グループ(株),東証STD,"1,753",+1,0.06,"23,400",2026/08/28
2279,2279,1494,One ETF 高配当日本株,東証ETF,"44,270",+20,0.05,139,2026/08/28
2280,2280,1663,Ｋ＆Ｏエナジーグループ(株),東証PRM,"1,962",+1,0.05,"209,800",2026/08/28
2281,2281,2579,コカ・コーラ　ボトラーズジャパンホールディングス(株),東証PRM,"3,922",+2,0.05,"632,200",2026/08/28
2282,2282,2981,(株)ランディックス,東証GRT,"2,171",+1,0.05,"5,300",2026/08/28
2283,2283,3201,ニッケ,東証PRM,"1,972",+1,0.05,"45,700",2026/08/28
2284,2284,613A,iFreeETF ドイツ0-3カ月短期国債,東証ETF,"1,990",+1,0.05,249,2026/08/28
2285,2285,6156,(株)エーワン精密,東証STD,"1,878",+1,0.05,"9,200",2026/08/28
2286,2286,8923,トーセイ(株),東証PRM,"1,835",+1,0.05,"274,400",2026/08/28
2287,2287,9245,(株)リベロ,東証GRT,"1,952",+1,0.05,"5,500",2026/08/28
2288,2288,2519,(NEXT FUNDS)新興国債券･J.P.M･EM･プラス(H無),東証ETF,"1,217.5",+0.5,0.04,"33,720",2026/08/28
2289,2289,2911,旭松食品(株),東証STD,"2,250",+1,0.04,"1,400",2026/08/28
2290,2290,4528,小野薬品工業(株),東証PRM,"2,457",+1,0.04,"1,269,300",2026/08/28
2291,2291,4722,フューチャー(株),東証PRM,"2,451",+1,0.04,"1,252,300",2026/08/28
2292,2292,4994,大成ラミックグループ(株),東証STD,"2,834",+1,0.04,"28,200",2026/08/28
2293,2293,6371,(株)椿本チエイン,東証PRM,"2,708",+1,0.04,"178,900",2026/08/28
2294,2294,7988,(株)ニフコ,東証PRM,"5,063",+2,0.04,"262,700",2026/08/28
2295,2295,8002,丸紅(株),東証PRM,"4,910",+2,0.04,"3,204,300",2026/08/28
2296,2296,9324,安田倉庫(株),東証PRM,"2,538",+1,0.04,"71,400",2026/08/28
2297,2297,1719,安藤ハザマ,東証PRM,"1,923.5",+0.5,0.03,"676,100",2026/08/28
2298,2298,2523,MAXIS トピックス(除く金融)上場投信,東証ETF,"3,180",+1,0.03,10,2026/08/28
2299,2299,7309,(株)シマノ,東証PRM,"19,875",+5,0.03,"235,500",2026/08/28
2300,2300,1721,コムシスホールディングス(株),東証PRM,"5,433",+1,0.02,"359,900",2026/08/28
2301,2301,2090,NZAM 上場投信 米国国債7-10年(H有),東証ETF,"4,323",+1,0.02,7,2026/08/28
2302,2302,502A,GX 超短期円建て債券,東証ETF,901.2,+0.2,0.02,"29,700",2026/08/28
2303,2303,488A,iシェアーズ 円高フォーカス ETF,東証ETF,765.6,+0.1,0.01,"4,270",2026/08/28
2304,2304,499A,ラグジュアリー厳選10 欧州株(ネットリターン)ETN,東証ETF,"8,900",+1,0.01,1,2026/08/28
2305,2305,570A,iシェアーズ 日本国債0-1年,東証ETF,902.3,+0.1,0.01,"3,940",2026/08/28
