順位(全市場),順位,コード,銘柄名,市場,現在値,前日比,騰落率(%),出来高,時刻
1,1,476A,辻・本郷ＩＴコンサルティング(株),東証STD,"2,480",-500,-16.78,"1,381,800",2026/10/08
2,2,3260,(株)エスポア,名証NXT,25,-5,-16.67,"643,200",2026/10/08
3,3,9268,(株)オプティマスグループ,東証STD,350,-63,-15.25,"1,464,900",2026/10/08
4,4,4888,ステラファーマ(株),東証GRT,384,-68,-15.04,"2,005,300",2026/10/08
5,5,4073,(株)ジィ・シィ企画,東証GRT,771,-130,-14.43,"1,997,400",2026/10/08
6,6,4571,ＮＡＮＯ　ホールディングス(株),東証GRT,81,-12,-12.9,"2,163,800",2026/10/08
7,7,2962,(株)テクニスコ,東証STD,"2,443",-317,-11.49,"541,500",2026/10/08
8,8,5985,サンコール(株),東証STD,"2,558",-319,-11.09,"1,318,600",2026/10/08
9,9,3719,ＡＩストーム(株),東証STD,91,-11,-10.78,"1,368,600",2026/10/08
10,10,6327,北川精機(株),東証STD,"3,090",-370,-10.69,"388,300",2026/10/08
11,11,4935,(株)リベルタ,東証STD,184,-22,-10.68,"2,527,900",2026/10/08
12,12,6522,(株)アスタリスク,東証GRT,"1,046",-122,-10.45,"689,100",2026/10/08
13,13,8995,(株)誠建設工業,東証STD,"1,715",-193,-10.12,"86,800",2026/10/08
14,14,3664,(株)ＷＩＺＥ,東証GRT,18,-2,-10.0,"5,596,500",2026/10/08
15,15,3350,(株)メタプラネット,東証STD,258,-27,-9.47,"26,906,800",2026/10/08
16,16,3070,(株)ジェリービーンズグループ,東証GRT,39,-4,-9.3,"2,217,200",2026/10/08
17,17,2315,(株)ＣＡＩＣＡ　ＤＩＧＩＴＡＬ,東証STD,60,-6,-9.09,"7,076,200",2026/10/08
18,18,3905,データセクション(株),東証GRT,"1,656",-162,-8.91,"4,029,100",2026/10/08
19,19,2160,(株)ジーエヌアイグループ,東証GRT,"3,150",-305,-8.83,"2,155,400",2026/10/08
20,20,4884,クリングルファーマ(株),東証GRT,548,-52,-8.67,"315,300",2026/10/08
21,21,6193,バーチャレクス・ホールディングス(株),東証GRT,"1,120",-105,-8.57,"72,100",2026/10/08
22,22,4412,(株)サイエンスアーツ,東証GRT,"1,415",-132,-8.53,"55,400",2026/10/08
23,23,290A,(株)Ｓｙｎｓｐｅｃｔｉｖｅ,東証GRT,"1,374",-126,-8.4,"2,175,400",2026/10/08
24,24,5337,ダントーホールディングス(株),東証STD,789,-71,-8.26,"12,600",2026/10/08
25,25,6469,(株)放電精密加工研究所,東証STD,"2,729",-244,-8.21,"375,400",2026/10/08
26,26,8066,三谷商事(株),東証STD,"3,205",-285,-8.17,"38,500",2026/10/08
27,27,1965,(株)テクノ菱和,東証STD,"2,183",-191,-8.05,"592,200",2026/10/08
28,28,6777,ｓａｎｔｅｃ　Ｈｏｌｄｉｎｇｓ(株),東証STD,"23,300","-2,000",-7.91,"159,600",2026/10/08
29,29,7138,(株)ＴＯＲＩＣＯ,東証GRT,129,-11,-7.86,"806,400",2026/10/08
30,30,8387,(株)四国銀行,東証PRM,"4,335",-365,-7.77,"335,000",2026/10/08
31,31,7287,日本精機(株),東証STD,"2,608",-217,-7.68,"713,900",2026/10/08
32,32,186A,(株)アストロスケールホールディングス,東証GRT,"1,119",-92,-7.6,"6,987,800",2026/10/08
33,33,8362,(株)福井銀行,東証PRM,"7,780",-630,-7.49,"171,600",2026/10/08
34,34,4381,ビープラッツ(株),東証GRT,198,-16,-7.48,"139,400",2026/10/08
35,35,269A,(株)Ｓａｐｅｅｔ,東証GRT,"2,972",-238,-7.41,"19,900",2026/10/08
36,36,6946,日本アビオニクス(株),東証STD,"6,780",-540,-7.38,"121,800",2026/10/08
37,37,6492,岡野バルブ製造(株),東証STD,"14,260","-1,130",-7.34,"43,300",2026/10/08
38,38,604A,(株)ビーエイブル,東証STD,"1,637",-129,-7.3,"1,556,300",2026/10/08
39,39,8345,(株)岩手銀行,東証PRM,"2,489",-195,-7.27,"657,900",2026/10/08
40,40,6324,(株)ハーモニック・ドライブ・システムズ,東証PRM,"6,160",-470,-7.09,"1,199,900",2026/10/08
41,41,7721,東京計器(株),東証PRM,"6,840",-520,-7.07,"367,300",2026/10/08
42,42,8344,(株)山形銀行,東証PRM,"5,300",-400,-7.02,"184,300",2026/10/08
43,43,6597,ＨＰＣシステムズ(株),東証GRT,"3,605",-270,-6.97,"160,200",2026/10/08
44,44,2586,(株)フルッタフルッタ,東証GRT,54,-4,-6.9,"1,150,200",2026/10/08
45,45,5542,新報国マテリアル(株),東証STD,"1,201",-89,-6.9,"43,500",2026/10/08
46,46,464A,(株)ＱＰＳホールディングス,東証GRT,"1,496",-110,-6.85,"1,716,900",2026/10/08
47,47,9436,沖縄セルラー電話(株),東証STD,"3,815",-280,-6.84,"736,000",2026/10/08
48,48,7694,(株)いつも,東証GRT,616,-45,-6.81,"32,100",2026/10/08
49,49,6599,エブレン(株),東証STD,"4,115",-300,-6.8,"22,400",2026/10/08
50,50,485A,(株)パワーエックス,東証GRT,"2,021",-147,-6.78,"5,844,600",2026/10/08
51,51,2195,アミタホールディングス(株),東証GRT,359,-26,-6.75,"70,800",2026/10/08
52,52,7689,(株)コパ・コーポレーション,東証GRT,332,-24,-6.74,"24,000",2026/10/08
53,53,6276,シリウスビジョン(株),東証STD,320,-23,-6.71,"66,900",2026/10/08
54,54,8894,(株)ＲＥＶＯＬＵＴＩＯＮ,東証STD,14,-1,-6.67,"949,700",2026/10/08
55,55,5575,(株)Ｇｌｏｂｅｅ,東証GRT,"1,230",-87,-6.61,"4,500",2026/10/08
56,56,4920,(株)日本色材工業研究所,東証STD,"1,118",-79,-6.6,"6,000",2026/10/08
57,57,6769,ザインエレクトロニクス(株),東証STD,"1,168",-82,-6.56,"60,500",2026/10/08
58,58,8541,(株)愛媛銀行,東証PRM,"3,290",-230,-6.53,"257,400",2026/10/08
59,59,8343,(株)秋田銀行,東証PRM,"1,791",-125,-6.52,"998,500",2026/10/08
60,60,7018,内海造船(株),東証STD,"11,570",-800,-6.47,"40,000",2026/10/08
61,61,3077,ホリイフードサービス(株),東証STD,"1,425",-98,-6.43,"34,100",2026/10/08
62,62,6336,(株)石井表記,東証STD,"1,585",-109,-6.43,"69,600",2026/10/08
63,63,520A,ジェイファーマ(株),東証GRT,398,-27,-6.35,"328,700",2026/10/08
64,64,6834,(株)精工技研,東証STD,"6,810",-460,-6.33,"856,900",2026/10/08
65,65,6890,(株)フェローテック,東証STD,"11,400",-770,-6.33,"1,534,100",2026/10/08
66,66,1436,(株)グリーンエナジー＆カンパニー,東証GRT,"1,705",-115,-6.32,"58,300",2026/10/08
67,67,3446,(株)ジェイテックコーポレーション,東証STD,"1,440",-97,-6.31,"34,600",2026/10/08
68,68,7422,東邦レマック(株),東証STD,520,-35,-6.31,"17,600",2026/10/08
69,69,6904,原田工業(株),東証STD,875,-58,-6.22,"341,200",2026/10/08
70,70,3306,ＳＥＩＭＡホールディングス(株),東証STD,559,-37,-6.21,"101,200",2026/10/08
71,71,7711,助川電気工業(株),東証STD,"4,830",-320,-6.21,"153,000",2026/10/08
72,72,6507,シンフォニアテクノロジー(株),東証PRM,"13,640",-900,-6.19,"164,200",2026/10/08
73,73,3778,さくらインターネット(株),東証PRM,"3,720",-245,-6.18,"984,200",2026/10/08
74,74,6016,(株)ジャパンエンジンコーポレーション,東証STD,"11,730",-770,-6.16,"143,500",2026/10/08
75,75,4891,(株)ティムス,東証GRT,122,-8,-6.15,"544,000",2026/10/08
76,76,6998,日本タングステン(株),東証STD,"3,925",-255,-6.1,"66,800",2026/10/08
77,77,6356,日本ギア工業(株),東証STD,"1,311",-85,-6.09,"264,500",2026/10/08
78,78,4597,ソレイジア・ファーマ(株),東証GRT,31,-2,-6.06,"77,608,900",2026/10/08
79,79,8416,(株)高知銀行,東証STD,"1,117",-72,-6.06,"39,900",2026/10/08
80,80,7245,大同メタル工業(株),東証PRM,"1,219",-78,-6.01,"477,900",2026/10/08
81,81,6255,(株)エヌ・ピー・シー,東証GRT,711,-45,-5.95,"1,213,500",2026/10/08
82,82,9366,(株)サンリツ,東証STD,"1,139",-72,-5.95,"14,200",2026/10/08
83,83,7279,(株)ハイレックスコーポレーション,東証STD,"2,331",-145,-5.86,"185,400",2026/10/08
84,84,7384,(株)プロクレアホールディングス,東証PRM,"5,490",-340,-5.83,"209,900",2026/10/08
85,85,6440,ＪＵＫＩ(株),東証PRM,760,-47,-5.82,"380,400",2026/10/08
86,86,5232,住友大阪セメント(株),東証PRM,"1,802.5",-111,-5.8,"709,600",2026/10/08
87,87,7381,(株)ＣＣＩグループ,東証PRM,"1,256",-77,-5.78,"805,900",2026/10/08
88,88,3436,(株)ＳＵＭＣＯ,東証PRM,"3,473",-211,-5.73,"12,560,700",2026/10/08
89,89,7412,(株)アトム,東証STD,297,-18,-5.71,"1,530,700",2026/10/08
90,90,504A,イノバセル(株),東証GRT,546,-33,-5.7,"101,600",2026/10/08
91,91,6537,ＷＡＳＨハウス(株),東証GRT,283,-17,-5.67,"63,600",2026/10/08
92,92,6668,(株)アドテック　プラズマ　テクノロジー,東証STD,"4,660",-280,-5.67,"143,200",2026/10/08
93,93,4833,(株)Ｄｅｆ　ｃｏｎｓｕｌｔｉｎｇ,東証GRT,50,-3,-5.66,"1,721,100",2026/10/08
94,94,402A,(株)アクセルスペースホールディングス,東証GRT,285,-17,-5.63,"3,996,200",2026/10/08
95,95,3153,八洲電機(株),東証PRM,"2,954",-176,-5.62,"152,400",2026/10/08
96,96,7719,(株)東京衡機,東証STD,470,-28,-5.62,"185,000",2026/10/08
97,97,6961,(株)エンプラス,東証PRM,"11,110",-660,-5.61,"129,500",2026/10/08
98,98,7774,(株)ジャパン・ティッシュエンジニアリング,東証GRT,778,-46,-5.58,"156,800",2026/10/08
99,99,2134,北浜キャピタルパートナーズ(株),東証STD,17,-1,-5.56,"6,998,400",2026/10/08
100,100,2341,(株)アルバイトタイムス,東証STD,170,-10,-5.56,"204,600",2026/10/08
101,101,4592,サンバイオ(株),東証GRT,869,-51,-5.54,"1,576,800",2026/10/08
102,102,6301,コマツ,東証PRM,"7,397",-432,-5.52,"5,888,000",2026/10/08
103,103,8364,(株)清水銀行,東証PRM,"3,080",-180,-5.52,"63,900",2026/10/08
104,104,3976,(株)シャノン,東証GRT,483,-28,-5.48,"131,600",2026/10/08
105,105,523A,(株)セイワホールディングス,東証GRT,"1,794",-104,-5.48,"70,400",2026/10/08
106,106,141A,(株)トライアルホールディングス,東証GRT,"3,715",-215,-5.47,"808,400",2026/10/08
107,107,6363,(株)酉島製作所,東証PRM,"2,874",-166,-5.46,"174,800",2026/10/08
108,108,6485,前澤給装工業(株),東証STD,"1,530",-88,-5.44,"69,000",2026/10/08
109,109,2628,iFree 中国科創板50,東証ETF,"3,220",-185,-5.43,"17,482",2026/10/08
110,110,5243,ｎｏｔｅ(株),東証GRT,"2,979",-171,-5.43,"1,585,900",2026/10/08
111,111,6330,東洋エンジニアリング(株),東証PRM,"2,422",-139,-5.43,"3,060,100",2026/10/08
112,112,6912,菊水ホールディングス(株),東証STD,"2,753",-158,-5.43,"13,900",2026/10/08
113,113,6326,(株)クボタ,東証PRM,"2,624.5",-150.5,-5.42,"6,579,600",2026/10/08
114,114,618A,(株)ＫＯＭＰＥＩＴＯ,東証GRT,"1,939",-111,-5.41,"323,100",2026/10/08
115,115,4055,ティアンドエスグループ(株),東証GRT,"1,523",-87,-5.4,"56,100",2026/10/08
116,116,3445,(株)ＲＳ　Ｔｅｃｈｎｏｌｏｇｉｅｓ,東証PRM,"6,140",-350,-5.39,"489,200",2026/10/08
117,117,3926,(株)オープンドア,東証STD,404,-23,-5.39,"44,900",2026/10/08
118,118,7034,(株)プロレド・パートナーズ,東証PRM,299,-17,-5.38,"50,000",2026/10/08
119,119,5741,(株)ＵＡＣＪ,東証PRM,"2,112",-119,-5.33,"1,073,100",2026/10/08
120,120,6962,(株)大真空,東証PRM,852,-48,-5.33,"291,300",2026/10/08
121,121,3103,ユニチカ(株),東証STD,"1,441",-81,-5.32,"4,563,000",2026/10/08
122,122,6302,住友重機械工業(株),東証PRM,"5,893",-331,-5.32,"861,700",2026/10/08
123,123,6395,(株)タダノ,東証PRM,"1,301",-73,-5.31,"491,200",2026/10/08
124,124,6480,日本トムソン(株),東証PRM,"1,844",-103,-5.29,"603,100",2026/10/08
125,125,2776,新都ホールディングス(株),東証STD,90,-5,-5.26,"139,700",2026/10/08
126,126,9973,ＫＯＺＯホールディングス(株),東証STD,18,-1,-5.26,"3,360,800",2026/10/08
127,127,241A,(株)ＲＯＸＸ,東証GRT,451,-25,-5.25,"10,500",2026/10/08
128,128,6779,日本電波工業(株),東証PRM,"3,445",-190,-5.23,"604,300",2026/10/08
129,129,6814,古野電気(株),東証PRM,"7,990",-440,-5.22,"436,200",2026/10/08
130,130,3656,ＫＬａｂ(株),東証PRM,164,-9,-5.2,"3,514,300",2026/10/08
131,131,8393,(株)宮崎銀行,東証PRM,"2,754",-151,-5.2,"339,700",2026/10/08
132,132,9960,東テク(株),東証PRM,"4,105",-225,-5.2,"138,400",2026/10/08
133,133,2469,ヒビノ(株),東証STD,"1,389",-76,-5.19,"33,700",2026/10/08
134,134,6963,ローム(株),東証PRM,"5,096",-279,-5.19,"3,068,600",2026/10/08
135,135,6703,ＯＫＩ,東証PRM,"2,608",-142,-5.16,"424,800",2026/10/08
136,136,4107,伊勢化学工業(株),東証STD,"3,725",-200,-5.1,"440,500",2026/10/08
137,137,4691,ワシントンホテル(株),東証STD,"1,898",-102,-5.1,"112,300",2026/10/08
138,138,7567,(株)栄電子,東証STD,633,-34,-5.1,"44,200",2026/10/08
139,139,9278,ブックオフグループホールディングス(株),東証PRM,"2,733",-147,-5.1,"166,700",2026/10/08
140,140,4570,(株)免疫生物研究所,東証GRT,"1,062",-57,-5.09,"166,300",2026/10/08
141,141,1723,日本電技(株),東証STD,"2,232",-119,-5.06,"1,232,700",2026/10/08
142,142,6407,ＣＫＤ(株),東証PRM,"5,630",-300,-5.06,"1,284,800",2026/10/08
143,143,9282,いちごグリーンインフラ投資法人,東証,"26,320","-1,400",-5.05,"1,095",2026/10/08
144,144,5801,古河電気工業(株),東証PRM,"4,220",-224,-5.04,"21,548,800",2026/10/08
145,145,428A,サイプレス・ホールディングス(株),東証STD,"1,624",-86,-5.03,"105,000",2026/10/08
146,146,6376,日機装(株),東証PRM,"3,680",-195,-5.03,"336,600",2026/10/08
147,147,4461,第一工業製薬(株),東証PRM,"15,890",-840,-5.02,"162,400",2026/10/08
148,148,6762,ＴＤＫ(株),東証PRM,"3,353",-177,-5.01,"12,675,500",2026/10/08
149,149,190A,Ｃｈｏｒｄｉａ　Ｔｈｅｒａｐｅｕｔｉｃｓ(株),東証GRT,57,-3,-5.0,"684,900",2026/10/08
150,150,2998,クリアル(株),東証GRT,438,-23,-4.99,"208,900",2026/10/08
151,151,8392,(株)大分銀行,東証PRM,"3,140",-165,-4.99,"280,800",2026/10/08
152,152,6840,(株)ＡＫＩＢＡホールディングス,東証STD,821,-43,-4.98,"282,200",2026/10/08
153,153,7901,(株)マツモト,東証STD,897,-47,-4.98,"45,000",2026/10/08
154,154,4069,(株)ＢｌｕｅＭｅｍｅ,東証GRT,516,-27,-4.97,"32,000",2026/10/08
155,155,5817,ＪＭＡＣＳ(株),東証STD,"1,116",-58,-4.94,"64,300",2026/10/08
156,156,4427,(株)ＥｄｕＬａｂ,東証GRT,212,-11,-4.93,"27,300",2026/10/08
157,157,5333,ＮＧＫ(株),東証PRM,"5,610",-291,-4.93,"1,413,400",2026/10/08
158,158,5885,(株)ジーデップ・アドバンス,東証STD,"2,995",-155,-4.92,"44,700",2026/10/08
159,159,4392,ＦＩＧ(株),東証PRM,853,-44,-4.91,"835,900",2026/10/08
160,160,2983,(株)アールプランナー,東証GRT,"1,523",-78,-4.87,"48,700",2026/10/08
161,161,5631,(株)日本製鋼所,東証PRM,"6,920",-354,-4.87,"1,073,300",2026/10/08
162,162,9824,泉州電業(株),東証PRM,"8,010",-410,-4.87,"78,300",2026/10/08
163,163,4811,(株)ドリーム・アーツ,東証GRT,920,-47,-4.86,"11,200",2026/10/08
164,164,7409,ＡｅｒｏＥｄｇｅ(株),東証GRT,"1,389",-71,-4.86,"176,700",2026/10/08
165,165,6838,(株)多摩川ホールディングス,東証STD,"1,394",-71,-4.85,"146,300",2026/10/08
166,166,8368,(株)百五銀行,東証PRM,"2,512",-128,-4.85,"755,500",2026/10/08
167,167,1515,日鉄鉱業(株),東証PRM,"3,050",-155,-4.84,"767,200",2026/10/08
168,168,4022,ラサ工業(株),東証PRM,"2,025",-103,-4.84,"460,600",2026/10/08
169,169,6496,(株)中北製作所,東証STD,"5,110",-260,-4.84,"14,200",2026/10/08
170,170,9304,澁澤倉庫(株),東証PRM,"1,988",-101,-4.83,"467,700",2026/10/08
171,171,2033,NEXT NOTES 韓国KOSPI･ダブル･ブルETN,東証ETF,"73,720","-3,730",-4.82,"2,769",2026/10/08
172,172,8388,(株)阿波銀行,東証PRM,"2,152",-109,-4.82,"969,200",2026/10/08
173,173,6085,アーキテクツ・スタジオ・ジャパン(株),東証GRT,99,-5,-4.81,"3,201,400",2026/10/08
174,174,8117,中央自動車工業(株),東証STD,"2,018",-102,-4.81,"1,354,400",2026/10/08
175,175,9348,(株)ｉｓｐａｃｅ,東証GRT,377,-19,-4.8,"3,381,400",2026/10/08
176,176,3444,(株)菊池製作所,東証STD,"1,073",-54,-4.79,"190,600",2026/10/08
177,177,6981,(株)村田製作所,東証PRM,"8,267",-416,-4.79,"20,531,500",2026/10/08
178,178,6521,(株)オキサイド,東証GRT,"3,285",-165,-4.78,"175,100",2026/10/08
179,179,7161,(株)じもとホールディングス,東証STD,658,-33,-4.78,"220,700",2026/10/08
180,180,218A,(株)Ｌｉｂｅｒａｗａｒｅ,東証GRT,998,-50,-4.77,"242,000",2026/10/08
181,181,4598,Ｄｅｌｔａ－Ｆｌｙ　Ｐｈａｒｍａ(株),東証GRT,100,-5,-4.76,"758,400",2026/10/08
182,182,4893,ノイルイミューン・バイオテック(株),東証GRT,100,-5,-4.76,"620,500",2026/10/08
183,183,6882,(株)三社電機製作所,東証STD,"1,141",-57,-4.76,"57,000",2026/10/08
184,184,8061,西華産業(株),東証PRM,"2,938",-147,-4.76,"122,800",2026/10/08
185,185,6613,(株)ＱＤレーザ,東証GRT,"2,147",-107,-4.75,"2,467,100",2026/10/08
186,186,6994,(株)指月電機製作所,東証STD,"1,363",-68,-4.75,"161,600",2026/10/08
187,187,3179,シュッピン(株),東証PRM,"1,125",-56,-4.74,"210,700",2026/10/08
188,188,8944,(株)ランドビジネス,東証STD,282,-14,-4.73,"394,800",2026/10/08
189,189,5016,ＪＸ金属(株),東証PRM,"3,618",-179,-4.71,"16,001,100",2026/10/08
190,190,6217,津田駒工業(株),東証STD,750,-37,-4.7,"59,600",2026/10/08
191,191,6862,ミナトホールディングス(株),東証STD,"4,995",-245,-4.68,"177,500",2026/10/08
192,192,2656,(株)ベクターホールディングス,東証STD,143,-7,-4.67,"220,200",2026/10/08
193,193,7776,(株)セルシード,東証GRT,204,-10,-4.67,"321,000",2026/10/08
194,194,8624,いちよし証券(株),東証PRM,"1,531",-75,-4.67,"246,400",2026/10/08
195,195,646A,クラサスケミカル(株),東証STD,208.8,-10.2,-4.66,"11,005,100",2026/10/08
196,196,8550,(株)栃木銀行,東証PRM,"1,126",-55,-4.66,"1,050,400",2026/10/08
197,197,1969,高砂熱学工業(株),東証PRM,"4,412",-215,-4.65,"924,800",2026/10/08
198,198,3189,(株)ＡＮＡＰホールディングス,東証STD,82,-4,-4.65,"307,800",2026/10/08
199,199,3624,アクセルマーク(株),東証GRT,82,-4,-4.65,"1,299,200",2026/10/08
200,200,224A,GX ウラニウムビジネス,東証ETF,"1,443",-70,-4.63,"21,140",2026/10/08
201,201,5711,三菱マテリアル(株),東証PRM,"4,795",-233,-4.63,"1,811,300",2026/10/08
202,202,4966,上村工業(株),東証STD,"21,120","-1,020",-4.61,"119,100",2026/10/08
203,203,3807,(株)フィスコ,東証GRT,83,-4,-4.6,"483,700",2026/10/08
204,204,5726,(株)大阪チタニウムテクノロジーズ,東証PRM,"2,280",-110,-4.6,"892,400",2026/10/08
205,205,6339,新東工業(株),東証PRM,"1,079",-52,-4.6,"248,300",2026/10/08
206,206,4425,Ｋｕｄａｎ(株),東証GRT,"1,351",-65,-4.59,"197,200",2026/10/08
207,207,603A,(株)アイ・グリッド・ソリューションズ,東証GRT,998,-48,-4.59,"850,700",2026/10/08
208,208,6997,日本ケミコン(株),東証PRM,"2,247",-108,-4.59,"897,800",2026/10/08
209,209,5821,平河ヒューテック(株),東証PRM,"3,230",-155,-4.58,"56,700",2026/10/08
210,210,7102,日本車輌製造(株),東証PRM,"3,330",-160,-4.58,"50,400",2026/10/08
211,211,7826,(株)フルヤ金属,東証PRM,"11,250",-540,-4.58,"284,500",2026/10/08
212,212,6103,オークマ(株),東証PRM,"4,700",-225,-4.57,"271,300",2026/10/08
213,213,7779,ＣＹＢＥＲＤＹＮＥ(株),東証GRT,209,-10,-4.57,"1,433,400",2026/10/08
214,214,4112,保土谷化学工業(株),東証PRM,"2,010",-96,-4.56,"67,400",2026/10/08
215,215,135A,(株)ＶＲＡＩＮ　Ｓｏｌｕｔｉｏｎ,東証GRT,"4,830",-230,-4.55,"110,000",2026/10/08
216,216,2345,(株)ＨＯＤＬ１,東証STD,84,-4,-4.55,"137,900",2026/10/08
217,217,4968,荒川化学工業(株),東証PRM,"2,391",-114,-4.55,"192,200",2026/10/08
218,218,6664,(株)オプトエレクトロニクス,東証STD,252,-12,-4.55,"43,000",2026/10/08
219,219,7713,シグマ光機(株),東証STD,"2,600",-124,-4.55,"63,600",2026/10/08
220,220,3036,アルコニックス(株),東証PRM,"3,155",-150,-4.54,"111,100",2026/10/08
221,221,5132,(株)ｐｌｕｓｚｅｒｏ,東証GRT,"1,835",-87,-4.53,"19,700",2026/10/08
222,222,6653,(株)正興電機製作所,東証PRM,"2,024",-96,-4.53,"84,900",2026/10/08
223,223,7777,(株)スリー・ディー・マトリックス,東証GRT,400,-19,-4.53,"1,944,600",2026/10/08
224,224,634A,(株)レイヤード,東証STD,"2,490",-118,-4.52,"395,900",2026/10/08
225,225,6481,ＴＨＫ(株),東証PRM,"6,491",-306,-4.5,"1,113,500",2026/10/08
226,226,6897,(株)ツインバード,東証STD,530,-25,-4.5,"18,000",2026/10/08
227,227,6617,(株)東光高岳,東証PRM,"7,440",-350,-4.49,"103,200",2026/10/08
228,228,489A,東証REIT物流フォーカスETF,東証ETF,811,-38,-4.48,422,2026/10/08
229,229,4978,(株)リプロセル,東証GRT,128,-6,-4.48,"796,000",2026/10/08
230,230,4628,エスケー化研(株),東証STD,"10,040",-470,-4.47,"14,000",2026/10/08
231,231,4882,(株)ペルセウスプロテオミクス,東証GRT,150,-7,-4.46,"268,900",2026/10/08
232,232,6366,千代田化工建設(株),東証STD,643,-30,-4.46,"4,426,400",2026/10/08
233,233,6526,(株)ソシオネクスト,東証PRM,"2,140",-100,-4.46,"3,590,000",2026/10/08
234,234,8131,(株)ミツウロコグループホールディングス,東証STD,"2,311",-108,-4.46,"94,100",2026/10/08
235,235,4594,ブライトパス・バイオ(株),東証GRT,43,-2,-4.44,"2,604,700",2026/10/08
236,236,7771,日本精密(株),東証STD,237,-11,-4.44,"355,000",2026/10/08
237,237,6503,三菱電機(株),東証PRM,"5,051",-234,-4.43,"6,385,600",2026/10/08
238,238,6723,ルネサスエレクトロニクス(株),東証PRM,"3,750",-174,-4.43,"10,935,300",2026/10/08
239,239,7760,ＩＭＶ(株),東証STD,"1,985",-92,-4.43,"121,200",2026/10/08
240,240,6707,サンケン電気(株),東証PRM,"6,777",-313,-4.41,"288,200",2026/10/08
241,241,6976,太陽誘電(株),東証PRM,"10,955",-505,-4.41,"30,203,400",2026/10/08
242,242,1963,日揮ホールディングス(株),東証PRM,"2,140",-98.5,-4.4,"1,709,000",2026/10/08
243,243,4182,三菱ガス化学(株),東証PRM,"3,909",-180,-4.4,"2,048,300",2026/10/08
244,244,429A,テクセンドフォトマスク(株),東証PRM,"3,800",-175,-4.4,"897,200",2026/10/08
245,245,5541,大平洋金属(株),東証PRM,"2,373",-109,-4.39,"223,700",2026/10/08
246,246,5707,東邦亜鉛(株),東証PRM,849,-39,-4.39,"396,300",2026/10/08
247,247,5724,(株)アサカ理研,東証STD,"2,701",-124,-4.39,"50,100",2026/10/08
248,248,6622,(株)ダイヘン,東証PRM,"2,828",-130,-4.39,"1,003,900",2026/10/08
249,249,4875,メディシノバ,東証STD外国,241,-11,-4.37,"122,200",2026/10/08
250,250,6666,リバーエレテック(株),東証STD,812,-37,-4.36,"41,100",2026/10/08
251,251,268A,リガク・ホールディングス(株),東証PRM,"1,781",-81,-4.35,"2,056,300",2026/10/08
252,252,3808,(株)オーケーウェブ,名証NXT,22,-1,-4.35,"78,000",2026/10/08
253,253,6786,(株)ＲＶＨ,東証STD,44,-2,-4.35,"168,400",2026/10/08
254,254,4237,フジプレアム(株),東証STD,331,-15,-4.34,"46,900",2026/10/08
255,255,6145,ＮＩＴＴＯＫＵ(株),東証STD,"2,733",-124,-4.34,"69,200",2026/10/08
256,256,6479,ミネベアミツミ(株),東証PRM,"3,680",-167,-4.34,"3,009,400",2026/10/08
257,257,5820,(株)三ッ星,東証STD,839,-38,-4.33,"57,000",2026/10/08
258,258,6941,山一電機(株),東証PRM,"9,710",-440,-4.33,"347,500",2026/10/08
259,259,7456,松田産業(株),東証PRM,"6,410",-290,-4.33,"104,700",2026/10/08
260,260,4100,戸田工業(株),東証STD,"1,770",-80,-4.32,"70,100",2026/10/08
261,261,6264,(株)マルマエ,東証PRM,"2,084",-94,-4.32,"546,200",2026/10/08
262,262,7012,川崎重工業(株),東証PRM,"2,270",-102.5,-4.32,"14,624,500",2026/10/08
263,263,7322,(株)三十三フィナンシャルグループ,東証PRM,"2,150",-97,-4.32,"327,800",2026/10/08
264,264,8713,フィデアホールディングス(株),東証PRM,"2,634",-119,-4.32,"108,000",2026/10/08
265,265,6143,(株)ソディック,東証PRM,"1,711",-77,-4.31,"510,800",2026/10/08
266,266,6960,フクダ電子(株),東証STD,"11,310",-510,-4.31,"188,200",2026/10/08
267,267,7004,カナデビア(株),東証PRM,"1,112",-50,-4.3,"1,393,500",2026/10/08
268,268,4120,スガイ化学工業(株),東証STD,"3,010",-135,-4.29,400,2026/10/08
269,269,6125,(株)岡本工作機械製作所,東証STD,"4,910",-220,-4.29,"37,200",2026/10/08
270,270,6268,ナブテスコ(株),東証PRM,"4,795",-215,-4.29,"1,067,300",2026/10/08
271,271,3187,(株)ミラタップ,東証GRT,380,-17,-4.28,"78,900",2026/10/08
272,272,5482,愛知製鋼(株),東証PRM,"2,818",-126,-4.28,"321,200",2026/10/08
273,273,7806,(株)ＭＴＧ,東証GRT,"8,950",-400,-4.28,"301,400",2026/10/08
274,274,8542,(株)トマト銀行,東証STD,"1,855",-83,-4.28,"66,100",2026/10/08
275,275,9984,ソフトバンクグループ(株),東証PRM,"6,040",-270,-4.28,"37,800,600",2026/10/08
276,276,1623,(NEXT FUNDS)鉄鋼･非鉄上場投信,東証ETF,"65,560","-2,900",-4.24,966,2026/10/08
277,277,5715,古河機械金属(株),東証PRM,"3,835",-170,-4.24,"310,800",2026/10/08
278,278,5471,大同特殊鋼(株),東証PRM,"2,452.5",-108,-4.22,"760,600",2026/10/08
279,279,7389,(株)あいちフィナンシャルグループ,東証PRM,"1,915",-84,-4.2,"1,198,100",2026/10/08
280,280,5588,ファーストアカウンティング(株),東証GRT,686,-30,-4.19,"53,500",2026/10/08
281,281,6305,日立建機(株),東証PRM,"5,550",-243,-4.19,"1,410,900",2026/10/08
282,282,4471,三洋化成工業(株),東証PRM,"1,629",-71,-4.18,"346,700",2026/10/08
283,283,2370,(株)メディネット,東証GRT,23,-1,-4.17,"1,092,600",2026/10/08
284,284,3634,(株)ソケッツ,東証STD,644,-28,-4.17,"86,000",2026/10/08
285,285,8386,(株)百十四銀行,東証PRM,"3,105",-135,-4.17,"378,200",2026/10/08
286,286,6482,ＹＵＳＨＩＮ(株),東証STD,671,-29,-4.14,"119,700",2026/10/08
287,287,7380,(株)十六フィナンシャルグループ,東証PRM,"2,731",-118,-4.14,"737,400",2026/10/08
288,288,6908,イリソ電子工業(株),東証PRM,"2,764",-119,-4.13,"169,000",2026/10/08
289,289,6023,ダイハツインフィニアース(株),東証STD,"3,260",-140,-4.12,"108,700",2026/10/08
290,290,9767,日建工学(株),東証STD,"1,631",-70,-4.12,"4,500",2026/10/08
291,291,6316,(株)丸山製作所,東証STD,"2,732",-117,-4.11,"12,700",2026/10/08
292,292,7716,(株)ナカニシ,東証STD,"1,449",-62,-4.1,"1,396,700",2026/10/08
293,293,3110,日東紡,東証PRM,"3,525",-150,-4.08,"3,462,200",2026/10/08
294,294,3891,ニッポン高度紙工業(株),東証STD,"7,290",-310,-4.08,"81,500",2026/10/08
295,295,5287,(株)イトーヨーギョー,東証STD,822,-35,-4.08,"21,100",2026/10/08
296,296,8395,(株)佐賀銀行,東証PRM,"6,820",-290,-4.08,"66,500",2026/10/08
297,297,281A,インフォメティス(株),東証GRT,379,-16,-4.05,"49,100",2026/10/08
298,298,6616,トレックス・セミコンダクター(株),東証PRM,"1,898",-80,-4.04,"81,000",2026/10/08
299,299,7173,(株)東京きらぼしフィナンシャルグループ,東証PRM,"1,637",-69,-4.04,"2,031,000",2026/10/08
300,300,6134,(株)ＦＵＪＩ,東証PRM,"8,182",-343,-4.02,"645,200",2026/10/08
301,301,6245,(株)ヒラノテクシード,東証STD,"1,742",-73,-4.02,"97,700",2026/10/08
302,302,8600,トモニホールディングス(株),東証PRM,"1,146",-48,-4.02,"571,200",2026/10/08
303,303,6284,日精エー・エス・ビー機械(株),東証PRM,"8,140",-340,-4.01,"29,300",2026/10/08
304,304,2778,パレモ・ホールディングス(株),東証STD,120,-5,-4.0,"41,200",2026/10/08
305,305,3192,(株)白鳩,東証STD,216,-9,-4.0,"41,300",2026/10/08
306,306,6232,(株)ＡＣＳＬ,東証GRT,"1,200",-50,-4.0,"748,600",2026/10/08
307,307,7790,(株)バルコス,名証NXT,"1,055",-44,-4.0,100,2026/10/08
308,308,4366,ダイトーケミックス(株),東証STD,529,-22,-3.99,"152,500",2026/10/08
309,309,6104,芝浦機械(株),東証PRM,"4,810",-200,-3.99,"223,100",2026/10/08
310,310,4056,ニューラルグループ(株),東証GRT,193,-8,-3.98,"199,900",2026/10/08
311,311,6999,ＫＯＡ(株),東証PRM,"2,412",-100,-3.98,"485,600",2026/10/08
312,312,1944,(株)きんでん,東証PRM,"6,580",-272,-3.97,"726,900",2026/10/08
313,313,2484,(株)出前館,東証STD,145,-6,-3.97,"376,700",2026/10/08
314,314,4894,クオリプス(株),東証GRT,"6,050",-250,-3.97,"112,900",2026/10/08
315,315,2437,Ｓｈｉｎｗａ　Ｗｉｓｅ　Ｈｏｌｄｉｎｇｓ(株),東証STD,607,-25,-3.96,"22,500",2026/10/08
316,316,6138,ダイジェット工業(株),東証STD,"1,892",-78,-3.96,"13,100",2026/10/08
317,317,6965,浜松ホトニクス(株),東証PRM,"2,375",-98,-3.96,"2,282,200",2026/10/08
318,318,2918,わらべや日洋ホールディングス(株),東証PRM,"2,510",-103,-3.94,"542,500",2026/10/08
319,319,3151,(株)バイタルケーエスケー・ホールディングス,東証PRM,"1,464",-60,-3.94,"191,500",2026/10/08
320,320,4064,日本カーバイド工業(株),東証PRM,"3,655",-150,-3.94,"64,100",2026/10/08
321,321,5713,住友金属鉱山(株),東証PRM,"9,263",-380,-3.94,"2,776,100",2026/10/08
322,322,5838,楽天銀行(株),東証PRM,"6,196",-254,-3.94,"1,260,900",2026/10/08
323,323,7520,(株)エコス,東証PRM,"2,389",-98,-3.94,"17,900",2026/10/08
324,324,1663,Ｋ＆Ｏエナジーグループ(株),東証PRM,"1,810",-74,-3.93,"254,800",2026/10/08
325,325,278A,Ｔｅｒｒａ　Ｄｒｏｎｅ(株),東証GRT,"7,820",-320,-3.93,"1,168,500",2026/10/08
326,326,5721,エスクリプトエナジー(株),東証STD,49,-2,-3.92,"1,530,400",2026/10/08
327,327,9247,ＴＲＥホールディングス(株),東証PRM,"1,741",-71,-3.92,"308,300",2026/10/08
328,328,4960,ケミプロ化成(株),東証STD,516,-21,-3.91,"83,700",2026/10/08
329,329,7003,(株)三井Ｅ＆Ｓ,東証PRM,"3,926",-159,-3.89,"2,705,800",2026/10/08
330,330,8226,(株)理経,東証STD,371,-15,-3.89,"163,600",2026/10/08
331,331,255A,ジーエルテクノホールディングス(株),東証STD,"5,480",-220,-3.86,"44,000",2026/10/08
332,332,9880,イノテック(株),東証PRM,"3,735",-150,-3.86,"107,400",2026/10/08
333,333,2164,(株)地域新聞社,東証STD,100,-4,-3.85,"55,800",2026/10/08
334,334,3936,(株)グローバルウェイ,東証GRT,125,-5,-3.85,"421,200",2026/10/08
335,335,5331,ノリタケ(株),東証PRM,"3,625",-145,-3.85,"141,500",2026/10/08
336,336,6471,日本精工(株),東証PRM,"1,074",-43,-3.85,"2,016,800",2026/10/08
337,337,6495,(株)宮入バルブ製作所,東証STD,100,-4,-3.85,"168,400",2026/10/08
338,338,6643,(株)戸上電機製作所,東証STD,"5,490",-220,-3.85,"8,400",2026/10/08
339,339,5334,日本特殊陶業(株),東証PRM,"3,854",-154,-3.84,"2,311,500",2026/10/08
340,340,6433,ヒーハイスト(株),東証STD,"1,127",-45,-3.84,"348,200",2026/10/08
341,341,8524,(株)北洋銀行,東証PRM,"1,303",-52,-3.84,"1,406,300",2026/10/08
342,342,1692,WisdomTree アルミニウム上場投信,東証ETF,655,-26.1,-3.83,900,2026/10/08
343,343,576A,GX チャイナテック・カバード・コール,東証ETF,828,-33,-3.83,"204,719",2026/10/08
344,344,4125,三和油化工業(株),東証STD,"3,650",-145,-3.82,"8,500",2026/10/08
345,345,6250,(株)やまびこ,東証PRM,"4,275",-170,-3.82,"134,400",2026/10/08
346,346,7966,リンテック(株),東証PRM,"5,790",-230,-3.82,"559,100",2026/10/08
347,347,6508,(株)明電舎,東証PRM,"11,850",-470,-3.81,"199,900",2026/10/08
348,348,3441,(株)山王,東証STD,"1,770",-70,-3.8,"42,000",2026/10/08
349,349,5805,ＳＷＣＣ(株),東証PRM,"2,834",-112,-3.8,"1,880,300",2026/10/08
350,350,6269,三井海洋開発(株),東証PRM,"8,460",-334,-3.8,"918,600",2026/10/08
351,351,6472,ＮＴＮ(株),東証PRM,375,-14.8,-3.8,"2,899,400",2026/10/08
352,352,4418,(株)ＪＤＳＣ,東証GRT,"1,066",-42,-3.79,"115,300",2026/10/08
353,353,6101,(株)ツガミ,東証PRM,"5,580",-220,-3.79,"400,000",2026/10/08
354,354,1942,(株)関電工,東証PRM,"5,321",-209,-3.78,"986,600",2026/10/08
355,355,145A,(株)Ｌ　ｉｓ　Ｂ,東証GRT,845,-33,-3.76,"14,300",2026/10/08
356,356,4973,日本高純度化学(株),東証PRM,"4,860",-190,-3.76,"73,100",2026/10/08
357,357,4062,イビデン(株),東証PRM,"11,810",-460,-3.75,"7,987,100",2026/10/08
358,358,6278,ユニオンツール(株),東証PRM,"16,190",-630,-3.75,"268,200",2026/10/08
359,359,6752,パナソニック　ホールディングス(株),東証PRM,"4,493",-175,-3.75,"8,860,900",2026/10/08
360,360,7013,(株)ＩＨＩ,東証PRM,"2,590",-101,-3.75,"13,788,300",2026/10/08
361,361,7435,(株)ナ・デックス,東証STD,"1,309",-51,-3.75,"11,800",2026/10/08
362,362,7911,ＴＯＰＰＡＮホールディングス(株),東証PRM,"2,360.5",-92,-3.75,"2,213,200",2026/10/08
363,363,9227,ＭＷＣＣ(株),東証GRT,771,-30,-3.75,"154,200",2026/10/08
364,364,4099,四国化成ホールディングス(株),東証PRM,"2,550",-99,-3.74,"678,200",2026/10/08
365,365,5449,大阪製鐵(株),東証STD,"2,263",-88,-3.74,"43,400",2026/10/08
366,366,5952,アマテイ(株),東証STD,180,-7,-3.74,"141,800",2026/10/08
367,367,7318,セレンディップ・ホールディングス(株),東証GRT,"1,286",-50,-3.74,"63,000",2026/10/08
368,368,8346,(株)東邦銀行,東証PRM,"1,082",-42,-3.74,"964,200",2026/10/08
369,369,2334,(株)イオレ,東証GRT,568,-22,-3.73,"713,700",2026/10/08
370,370,2930,(株)北の達人コーポレーション,東証PRM,129,-5,-3.73,"438,000",2026/10/08
371,371,8050,セイコーグループ(株),東証PRM,"10,590",-410,-3.73,"317,300",2026/10/08
372,372,3168,(株)ＭＥＲＦ,東証STD,"1,215",-47,-3.72,"83,500",2026/10/08
373,373,4970,東洋合成工業(株),東証STD,"10,620",-410,-3.72,"73,200",2026/10/08
374,374,5915,(株)駒井ハルテック,東証STD,"2,200",-85,-3.72,"14,500",2026/10/08
375,375,6787,(株)メイコー,東証PRM,"25,900","-1,000",-3.72,"454,400",2026/10/08
376,376,6866,ＨＩＯＫＩ(株),東証PRM,"11,140",-430,-3.72,"41,400",2026/10/08
377,377,7184,(株)富山第一銀行,東証PRM,"3,625",-140,-3.72,"194,000",2026/10/08
378,378,4393,(株)バンク・オブ・イノベーション,東証GRT,"6,230",-240,-3.71,"51,100",2026/10/08
379,379,6331,三菱化工機(株),東証PRM,"2,903",-112,-3.71,"358,400",2026/10/08
380,380,6763,帝国通信工業(株),東証PRM,"2,751",-106,-3.71,"28,100",2026/10/08
381,381,5255,(株)モンスターラボ,東証GRT,78,-3,-3.7,"339,700",2026/10/08
382,382,6768,(株)タムラ製作所,東証PRM,937,-36,-3.7,"873,700",2026/10/08
383,383,9610,ウィルソン・ラーニング　ワールドワイド(株),東証STD,104,-4,-3.7,"57,900",2026/10/08
384,384,1514,住石ホールディングス(株),東証STD,601,-23,-3.69,"321,800",2026/10/08
385,385,2323,(株)ｆｏｎｆｕｎ,東証STD,339,-13,-3.69,"31,200",2026/10/08
386,386,6166,(株)中村超硬,東証GRT,575,-22,-3.69,"146,300",2026/10/08
387,387,6648,(株)かわでん,東証STD,"1,618",-62,-3.69,"38,500",2026/10/08
388,388,2585,(株)ライフドリンクカンパニー,東証PRM,"1,282",-49,-3.68,"572,600",2026/10/08
389,389,3495,香陵住販(株),東証STD,"2,201",-84,-3.68,400,2026/10/08
390,390,6387,サムコ(株),東証PRM,"9,150",-350,-3.68,"116,400",2026/10/08
391,391,8365,(株)富山銀行,東証STD,"2,278",-87,-3.68,"15,400",2026/10/08
392,392,1946,(株)トーエネック,東証PRM,"2,050",-78,-3.67,"182,100",2026/10/08
393,393,8360,(株)山梨中央銀行,東証PRM,"1,469",-56,-3.67,"653,000",2026/10/08
394,394,6928,(株)エノモト,東証STD,"3,290",-125,-3.66,"25,400",2026/10/08
395,395,7794,(株)イーディーピー,東証GRT,"1,000",-38,-3.66,"259,200",2026/10/08
396,396,8383,(株)鳥取銀行,東証STD,"1,868",-71,-3.66,"34,700",2026/10/08
397,397,6696,(株)トラース・オン・プロダクト,東証GRT,290,-11,-3.65,"11,800",2026/10/08
398,398,4584,キッズウェル・バイオ(株),東証GRT,159,-6,-3.64,"267,300",2026/10/08
399,399,5574,(株)ＡＢＥＪＡ,東証GRT,"2,795",-105,-3.62,"150,400",2026/10/08
400,400,4189,ＫＨネオケム(株),東証PRM,"3,335",-125,-3.61,"91,100",2026/10/08
401,401,1960,(株)サンテック,東証STD,"1,649",-61,-3.57,"15,900",2026/10/08
402,402,238A,iシェアーズ 米国債25年超 ロングデュレーション(H有),東証ETF,105.3,-3.9,-3.57,"1,116,030",2026/10/08
403,403,3672,(株)オルトプラスホールディングス,東証STD,27,-1,-3.57,"294,300",2026/10/08
404,404,5131,リンカーズ(株),東証GRT,135,-5,-3.57,"294,000",2026/10/08
405,405,6177,ＡｐｐＢａｎｋ(株),東証GRT,81,-3,-3.57,"266,600",2026/10/08
406,406,6181,タメニー(株),東証GRT,81,-3,-3.57,"55,000",2026/10/08
407,407,6258,平田機工(株),東証PRM,"3,925",-145,-3.56,"299,600",2026/10/08
408,408,6914,オプテックスグループ(株),東証PRM,"3,250",-120,-3.56,"155,900",2026/10/08
409,409,8934,サンフロンティア不動産(株),東証PRM,"2,111",-78,-3.56,"273,100",2026/10/08
410,410,1695,WisdomTree 小麦上場投信,東証ETF,"3,397",-125,-3.55,"7,326",2026/10/08
411,411,206A,(株)ＰＲＩＳＭ　ＢｉｏＬａｂ,東証GRT,136,-5,-3.55,"85,000",2026/10/08
412,412,4370,モビルス(株),東証GRT,353,-13,-3.55,"34,500",2026/10/08
413,413,6474,(株)不二越,東証PRM,"5,700",-210,-3.55,"176,700",2026/10/08
414,414,6584,三桜工業(株),東証PRM,733,-27,-3.55,"502,200",2026/10/08
415,415,9903,(株)カンセキ,東証STD,870,-32,-3.55,"6,200",2026/10/08
416,416,4004,(株)レゾナック・ホールディングス,東証PRM,"17,435",-640,-3.54,"2,423,100",2026/10/08
417,417,5302,日本カーボン(株),東証PRM,"5,180",-190,-3.54,"41,100",2026/10/08
418,418,5698,(株)エンビプロ・ホールディングス,東証STD,681,-25,-3.54,"164,700",2026/10/08
419,419,8070,東京産業(株),東証PRM,980,-36,-3.54,"143,400",2026/10/08
420,420,1952,新日本空調(株),東証PRM,"3,005",-110,-3.53,"168,700",2026/10/08
421,421,8051,(株)山善,東証PRM,"1,913",-70,-3.53,"274,100",2026/10/08
422,422,5250,ＧＭＯプライム・ストラテジー(株),東証STD,"1,015",-37,-3.52,"1,100",2026/10/08
423,423,6651,日東工業(株),東証PRM,"4,385",-160,-3.52,"90,900",2026/10/08
424,424,6844,新電元工業(株),東証PRM,"2,996",-109,-3.51,"86,400",2026/10/08
425,425,4565,ネクセラファーマ(株),東証PRM,"1,212",-44,-3.5,"910,900",2026/10/08
426,426,8698,マネックスグループ(株),東証PRM,661,-24,-3.5,"2,335,000",2026/10/08
427,427,6332,月島ホールディングス(株),東証PRM,"2,491",-90,-3.49,"351,300",2026/10/08
428,428,9699,ニシオホールディングス(株),東証PRM,"4,010",-145,-3.49,"120,300",2026/10/08
429,429,3687,(株)フィックスターズ,東証PRM,"2,163",-78,-3.48,"725,900",2026/10/08
430,430,6141,ＤＭＧ森精機(株),東証PRM,"2,786",-100.5,-3.48,"1,546,800",2026/10/08
431,431,6364,(株)ＡＩＲＭＡＮ,東証PRM,"2,388",-86,-3.48,"73,700",2026/10/08
432,432,7182,(株)ゆうちょ銀行,東証PRM,"3,247",-117,-3.48,"6,287,800",2026/10/08
433,433,6516,山洋電気(株),東証PRM,"5,560",-200,-3.47,"95,500",2026/10/08
434,434,6652,ＩＤＥＣ(株),東証PRM,"4,030",-145,-3.47,"146,800",2026/10/08
435,435,7727,(株)オーバル,東証STD,918,-33,-3.47,"116,000",2026/10/08
436,436,7083,ＡＨＣグループ(株),東証GRT,"1,396",-50,-3.46,"6,100",2026/10/08
437,437,1449,(株)ＦＵＪＩジャパン,札証,308,-11,-3.45,600,2026/10/08
438,438,6432,(株)竹内製作所,東証PRM,"7,270",-260,-3.45,"351,200",2026/10/08
439,439,6473,(株)ジェイテクト,東証PRM,"2,130",-76,-3.45,"1,368,900",2026/10/08
440,440,6674,(株)ジーエス・ユアサ　コーポレーション,東証PRM,"5,511",-197,-3.45,"609,200",2026/10/08
441,441,7811,中本パックス(株),東証STD,"2,185",-78,-3.45,"26,800",2026/10/08
442,442,8399,(株)琉球銀行,東証PRM,"3,075",-110,-3.45,"150,400",2026/10/08
443,443,3915,(株)テラスカイ,東証PRM,"2,136",-76,-3.44,"118,800",2026/10/08
444,444,7011,三菱重工業(株),東証PRM,"3,680",-131,-3.44,"17,165,500",2026/10/08
445,445,6464,(株)ツバキ・ナカシマ,東証PRM,310,-11,-3.43,"382,100",2026/10/08
446,446,6493,(株)ＮＩＴＴＡＮ,東証STD,478,-17,-3.43,"148,600",2026/10/08
447,447,6504,富士電機(株),東証PRM,"14,660",-520,-3.43,"720,600",2026/10/08
448,448,6497,(株)ハマイ,東証STD,"1,445",-51,-3.41,"4,900",2026/10/08
449,449,8558,(株)東和銀行,東証PRM,"1,475",-52,-3.41,"229,300",2026/10/08
450,450,8562,(株)福島銀行,東証STD,397,-14,-3.41,"281,800",2026/10/08
451,451,1914,日本基礎技術(株),東証STD,768,-27,-3.4,"29,100",2026/10/08
452,452,3653,(株)モルフォ,東証GRT,939,-33,-3.4,"185,000",2026/10/08
453,453,6235,(株)オプトラン,東証PRM,"2,755",-97,-3.4,"286,200",2026/10/08
454,454,6644,大崎電気工業(株),東証PRM,"1,393",-49,-3.4,"255,000",2026/10/08
455,455,8411,(株)みずほフィナンシャルグループ,東証PRM,"8,350",-294,-3.4,"9,197,800",2026/10/08
456,456,9254,(株)ラバブルマーケティンググループ,東証GRT,966,-34,-3.4,"5,100",2026/10/08
457,457,5367,(株)ニッカトー,東証STD,"1,424",-50,-3.39,"178,000",2026/10/08
458,458,9412,スカパーＪＳＡＴ(株),東証PRM,"1,879",-66,-3.39,"2,420,700",2026/10/08
459,459,3691,(株)デジタルプラス,東証GRT,"1,773",-62,-3.38,"12,300",2026/10/08
460,460,5802,住友電気工業(株),東証PRM,"2,398",-84,-3.38,"15,452,800",2026/10/08
461,461,3105,日清紡ホールディングス(株),東証PRM,"2,717.5",-94.5,-3.36,"945,400",2026/10/08
462,462,6310,井関農機(株),東証PRM,"1,840",-64,-3.36,"92,800",2026/10/08
463,463,6754,アンリツ(株),東証PRM,"3,540",-123,-3.36,"1,052,200",2026/10/08
464,464,352A,(株)ＬＯＩＶＥ,東証GRT,520,-18,-3.35,"5,700",2026/10/08
465,465,3696,(株)セレス,東証PRM,"2,223",-77,-3.35,"146,400",2026/10/08
466,466,8544,(株)京葉銀行,東証PRM,"2,857",-99,-3.35,"426,600",2026/10/08
467,467,8537,(株)大光銀行,東証STD,"3,180",-110,-3.34,"50,700",2026/10/08
468,468,4586,(株)メドレックス,東証STD,58,-2,-3.33,"575,000",2026/10/08
469,469,6370,栗田工業(株),東証PRM,"7,738",-266,-3.32,"454,800",2026/10/08
470,470,7224,新明和工業(株),東証PRM,"1,812",-62,-3.31,"213,400",2026/10/08
471,471,5301,東海カーボン(株),東証PRM,"2,297.5",-78.5,-3.3,"1,327,100",2026/10/08
472,472,5803,(株)フジクラ,東証PRM,"5,512",-188,-3.3,"29,768,700",2026/10/08
473,473,4234,(株)サンエー化研,東証STD,998,-34,-3.29,"26,800",2026/10/08
474,474,8331,(株)千葉銀行,東証PRM,"2,706.5",-92,-3.29,"4,415,000",2026/10/08
475,475,1563,東証グロース･コア,東証ETF,"2,389",-81,-3.28,"4,713",2026/10/08
476,476,7524,マルシェ(株),東証STD,177,-6,-3.28,"9,400",2026/10/08
477,477,9533,東邦ガス(株),東証PRM,"1,196",-40.5,-3.28,"894,000",2026/10/08
478,478,7014,(株)名村造船所,東証STD,"4,435",-150,-3.27,"1,250,600",2026/10/08
479,479,8334,(株)群馬銀行,東証PRM,"2,944.5",-99.5,-3.27,"1,424,900",2026/10/08
480,480,3323,レカム(株),東証STD,89,-3,-3.26,"503,800",2026/10/08
481,481,4499,(株)Ｓｐｅｅｅ,東証STD,"2,194",-74,-3.26,"124,000",2026/10/08
482,482,6378,木村化工機(株),東証STD,"1,128",-38,-3.26,"131,700",2026/10/08
483,483,8306,(株)三菱ＵＦＪフィナンシャル・グループ,東証PRM,"3,504",-118,-3.26,"36,874,400",2026/10/08
484,484,2638,GX ロボティクス＆AI-日本株式,東証ETF,"2,743",-92,-3.25,"49,855",2026/10/08
485,485,404A,GX チャイナテック・トップ10,東証ETF,"1,132",-38,-3.25,"17,690",2026/10/08
486,486,4241,(株)アテクト,東証STD,715,-24,-3.25,"5,400",2026/10/08
487,487,8522,(株)名古屋銀行,東証PRM,"6,850",-230,-3.25,"156,500",2026/10/08
488,488,9941,太洋物産(株),東証STD,"1,043",-35,-3.25,"17,700",2026/10/08
489,489,4109,ステラ　ケミファ(株),東証PRM,"5,380",-180,-3.24,"63,100",2026/10/08
490,490,5757,(株)ＣＫサンエツ,東証PRM,"4,780",-160,-3.24,"10,700",2026/10/08
491,491,6208,(株)石川製作所,東証STD,"1,645",-55,-3.24,"309,300",2026/10/08
492,492,6444,サンデン(株),東証STD,179,-6,-3.24,"117,400",2026/10/08
493,493,5074,テスホールディングス(株),東証PRM,510,-17,-3.23,"1,045,300",2026/10/08
494,494,8349,(株)東北銀行,東証STD,"1,558",-52,-3.23,"29,300",2026/10/08
495,495,4816,東映アニメーション(株),東証STD,"2,829",-94,-3.22,"1,103,200",2026/10/08
496,496,6073,(株)アサンテ,東証PRM,"1,261",-42,-3.22,"120,700",2026/10/08
497,497,7942,(株)ＪＳＰ,東証PRM,"2,918",-97,-3.22,"41,800",2026/10/08
498,498,286A,(株)ユカリア,東証GRT,755,-25,-3.21,"27,600",2026/10/08
499,499,4379,(株)Ｐｈｏｔｏｓｙｎｔｈ,東証GRT,484,-16,-3.2,"44,800",2026/10/08
500,500,6800,(株)ヨコオ,東証PRM,"4,685",-155,-3.2,"212,600",2026/10/08
501,501,8336,(株)武蔵野銀行,東証PRM,"2,842",-94,-3.2,"276,900",2026/10/08
502,502,9082,大和自動車交通(株),東証STD,"2,420",-80,-3.2,"3,500",2026/10/08
503,503,3878,(株)巴川コーポレーション,東証STD,911,-30,-3.19,"31,200",2026/10/08
504,504,4238,ミライアル(株),東証STD,"2,000",-66,-3.19,"37,600",2026/10/08
505,505,4627,ナトコ(株),東証STD,"2,095",-69,-3.19,"3,800",2026/10/08
506,506,6858,(株)小野測器,東証STD,850,-28,-3.19,"28,800",2026/10/08
507,507,3741,(株)セック,東証PRM,"3,045",-100,-3.18,"80,700",2026/10/08
508,508,4274,細谷火工(株),東証STD,"1,066",-35,-3.18,"37,900",2026/10/08
509,509,5332,ＴＯＴＯ(株),東証PRM,"6,053",-198,-3.17,"1,047,000",2026/10/08
510,510,6506,(株)安川電機,東証PRM,"4,789",-157,-3.17,"3,545,500",2026/10/08
511,511,6864,(株)エヌエフホールディングス,東証STD,"1,527",-50,-3.17,"38,500",2026/10/08
512,512,1568,TOPIXブル2倍上場投信,東証ETF,"1,010.5",-33,-3.16,"1,592,410",2026/10/08
513,513,2646,GX メタルビジネス-日本株式,東証ETF,"3,741",-122,-3.16,"4,381",2026/10/08
514,514,2788,アップルインターナショナル(株),東証STD,399,-13,-3.16,"43,200",2026/10/08
515,515,4082,第一稀元素化学工業(株),東証PRM,"2,082",-68,-3.16,"359,500",2026/10/08
516,516,5832,(株)ちゅうぎんフィナンシャルグループ,東証PRM,"3,683",-120,-3.16,"492,200",2026/10/08
517,517,9554,(株)ＡＶｉＣ,東証GRT,"1,717",-56,-3.16,"25,400",2026/10/08
518,518,5076,インフロニア・ホールディングス(株),東証PRM,"2,260",-73.5,-3.15,"3,410,100",2026/10/08
519,519,4477,ＢＡＳＥ(株),東証GRT,370,-12,-3.14,"614,700",2026/10/08
520,520,9562,ビジネスコーチ(株),東証GRT,586,-19,-3.14,"1,500",2026/10/08
521,521,519A,(株)ベーシック,東証GRT,403,-13,-3.13,"34,500",2026/10/08
522,522,7762,シチズン時計(株),東証PRM,"2,355",-76,-3.13,"1,242,200",2026/10/08
523,523,8194,(株)ライフコーポレーション,東証PRM,"2,479",-80,-3.13,"547,300",2026/10/08
524,524,8338,(株)筑波銀行,東証PRM,806,-26,-3.13,"1,220,700",2026/10/08
525,525,7480,スズデン(株),東証STD,"3,730",-120,-3.12,"61,700",2026/10/08
526,526,5310,東洋炭素(株),東証PRM,"7,800",-250,-3.11,"110,200",2026/10/08
527,527,5831,(株)しずおかフィナンシャルグループ,東証PRM,"3,430",-110,-3.11,"1,932,800",2026/10/08
528,528,610A,GX 宇宙テック・トップ10(除く日本),東証ETF,"1,090",-35,-3.11,"31,620",2026/10/08
529,529,6615,ユー・エム・シー・エレクトロニクス(株),東証STD,219,-7,-3.1,"173,300",2026/10/08
530,530,6925,ウシオ電機(株),東証PRM,"4,155",-133,-3.1,"296,700",2026/10/08
531,531,5218,(株)オハラ,東証STD,"1,693",-54,-3.09,"90,300",2026/10/08
532,532,5632,三菱製鋼(株),東証PRM,"2,351",-75,-3.09,"95,200",2026/10/08
533,533,5714,ＤＯＷＡホールディングス(株),東証PRM,"8,405",-268,-3.09,"430,000",2026/10/08
534,534,221A,MAXIS 日経半導体株上場投信,東証ETF,"1,225.5",-39,-3.08,"73,140",2026/10/08
535,535,4031,片倉コープアグリ(株),東証STD,"1,007",-32,-3.08,"16,600",2026/10/08
536,536,513A,GX 防衛テック-日本株式,東証ETF,819,-26,-3.08,"279,908",2026/10/08
537,537,5834,ＳＢＩリーシングサービス(株),東証GRT,"2,640",-84,-3.08,"85,400",2026/10/08
538,538,6544,ジャパンエレベーターサービスホールディングス(株),東証PRM,"1,430",-45.5,-3.08,"576,700",2026/10/08
539,539,7725,(株)インターアクション,東証PRM,"1,760",-56,-3.08,"85,200",2026/10/08
540,540,8105,Ｂｉｔｃｏｉｎ　Ｊａｐａｎ(株),東証STD,63,-2,-3.08,"1,666,800",2026/10/08
541,541,8278,(株)フジ,東証PRM,"1,919",-61,-3.08,"285,100",2026/10/08
542,542,1615,(NEXT FUNDS)東証銀行業株価指数連動型上場投信,東証ETF,754.5,-23.9,-3.07,"5,174,840",2026/10/08
543,543,6340,澁谷工業(株),東証PRM,"5,680",-180,-3.07,"44,900",2026/10/08
544,544,2046,NEXT NOTES インドNifty･ダブル・ブル ETN,東証ETF,"20,745",-655,-3.06,"1,086",2026/10/08
545,545,4047,関東電化工業(株),東証PRM,"2,437",-77,-3.06,"547,900",2026/10/08
546,546,446A,(株)ノースサンド,東証GRT,"2,513",-79,-3.05,"543,200",2026/10/08
547,547,644A,防衛フォーカス 日本株(ネットリターン)ETN,東証ETF,"10,005",-315,-3.05,"6,019",2026/10/08
548,548,6745,ホーチキ(株),東証PRM,"1,905",-60,-3.05,"170,200",2026/10/08
549,549,151A,(株)ダイブグループ,東証GRT,606,-19,-3.04,"44,000",2026/10/08
550,550,219A,Ｈｅａｒｔｓｅｅｄ(株),東証GRT,"2,650",-83,-3.04,"439,200",2026/10/08
551,551,5290,(株)ベルテクスコーポレーション,東証STD,"1,212",-38,-3.04,"59,200",2026/10/08
552,552,6498,(株)キッツ,東証PRM,"2,008",-63,-3.04,"505,900",2026/10/08
553,553,237A,iシェアーズ 米国債25年超 ロングデュレーション,東証ETF,128.2,-4,-3.03,"1,186,930",2026/10/08
554,554,4583,(株)カイオム・バイオサイエンス,東証GRT,96,-3,-3.03,"615,700",2026/10/08
555,555,4599,(株)ステムリム,東証GRT,160,-5,-3.03,"262,200",2026/10/08
556,556,6254,野村マイクロ・サイエンス(株),東証PRM,"3,685",-115,-3.03,"426,600",2026/10/08
557,557,7236,(株)ティラド,東証PRM,"1,438",-45,-3.03,"248,300",2026/10/08
558,558,7603,ジーイエット(株),東証STD,32,-1,-3.03,"470,700",2026/10/08
559,559,4368,扶桑化学工業(株),東証PRM,"3,370",-105,-3.02,"683,900",2026/10/08
560,560,5563,新日本電工(株),東証PRM,418,-13,-3.02,"607,200",2026/10/08
561,561,6875,(株)メガチップス,東証PRM,"10,930",-340,-3.02,"139,300",2026/10/08
562,562,8285,三谷産業(株),東証STD,771,-24,-3.02,"94,800",2026/10/08
563,563,5216,(株)倉元製作所,東証STD,129,-4,-3.01,"110,000",2026/10/08
564,564,8037,カメイ(株),東証PRM,"4,515",-140,-3.01,"53,000",2026/10/08
565,565,4275,(株)カーリット,東証PRM,"1,808",-56,-3.0,"148,300",2026/10/08
566,566,7678,(株)あさくま,東証STD,"3,560",-110,-3.0,"8,500",2026/10/08
567,567,157A,グリーンモンスター(株),東証GRT,745,-23,-2.99,"8,000",2026/10/08
568,568,6144,西部電機(株),東証STD,"2,629",-81,-2.99,"10,800",2026/10/08
569,569,8059,第一実業(株),東証PRM,"3,410",-105,-2.99,"48,500",2026/10/08
570,570,546A,ＭＩＲＡＩＮＩホールディングス(株),東証PRM,"2,575",-79,-2.98,"134,700",2026/10/08
571,571,7177,ＧＭＯフィナンシャルホールディングス(株),東証STD,"1,107",-34,-2.98,"321,600",2026/10/08
572,572,4061,デンカ(株),東証PRM,"3,238",-99,-2.97,"558,500",2026/10/08
573,573,7609,ダイトロン(株),東証PRM,"4,570",-140,-2.97,"95,200",2026/10/08
574,574,1885,東亜建設工業(株),東証PRM,"2,000",-61,-2.96,"463,400",2026/10/08
575,575,6333,(株)ＴＥＩＫＯＫＵ,東証PRM,"3,445",-105,-2.96,"36,000",2026/10/08
576,576,9678,(株)カナモト,東証PRM,"5,240",-160,-2.96,"75,300",2026/10/08
577,577,4666,パーク２４(株),東証PRM,"1,727",-52.5,-2.95,"2,674,500",2026/10/08
578,578,4889,(株)レナサイエンス,東証GRT,"1,020",-31,-2.95,"221,400",2026/10/08
579,579,6135,(株)牧野フライス製作所,東証PRM,"3,285",-100,-2.95,"582,400",2026/10/08
580,580,6282,オイレス工業(株),東証PRM,"2,708",-82,-2.94,"92,200",2026/10/08
581,581,6634,(株)ＪＮグループ,東証STD,66,-2,-2.94,"51,800",2026/10/08
582,582,9812,(株)テーオーホールディングス,東証STD,231,-7,-2.94,"8,100",2026/10/08
583,583,2342,(株)トランスジェニックグループ,東証STD,232,-7,-2.93,"63,900",2026/10/08
584,584,5423,東京製鐵(株),東証PRM,"1,624",-49,-2.93,"573,100",2026/10/08
585,585,6058,(株)ベクトル,東証PRM,"1,924",-58,-2.93,"381,700",2026/10/08
586,586,1827,(株)ナカノフドー建設,東証STD,"1,364",-41,-2.92,"14,800",2026/10/08
587,587,578A,GX シルバー (H有),東証ETF,225.9,-6.8,-2.92,"163,630",2026/10/08
588,588,6136,ＯＳＧ,東証PRM,"3,663",-110,-2.92,"370,000",2026/10/08
589,589,9417,(株)スマートバリュー,東証STD,332,-10,-2.92,"3,300",2026/10/08
590,590,1980,ダイダン(株),東証PRM,"2,966",-89,-2.91,"948,500",2026/10/08
591,591,2673,夢みつけ隊(株),東証STD,100,-3,-2.91,"111,400",2026/10/08
592,592,5591,(株)ＡＶＩＬＥＮ,東証GRT,800,-24,-2.91,"21,000",2026/10/08
593,593,8031,三井物産(株),東証PRM,"4,764",-143,-2.91,"8,677,000",2026/10/08
594,594,8308,(株)りそなホールディングス,東証PRM,"2,439.5",-73,-2.91,"10,023,200",2026/10/08
595,595,8341,(株)七十七銀行,東証PRM,"4,005",-120,-2.91,"795,400",2026/10/08
596,596,1365,iFreeETF 日経平均レバレッジ・インデックス,東証ETF,"4,689",-140,-2.9,"202,435",2026/10/08
597,597,1458,楽天 ETF-日経レバレッジ指数連動型,東証ETF,"90,770","-2,710",-2.9,"125,391",2026/10/08
598,598,195A,(株)ＭＵＳＣＡＴ　ＧＲＯＵＰ,東証GRT,670,-20,-2.9,"18,300",2026/10/08
599,599,4346,(株)ＮＥＸＹＺ．Ｇｒｏｕｐ,東証STD,836,-25,-2.9,"74,400",2026/10/08
600,600,6317,(株)北川鉄工所,東証STD,"2,412",-72,-2.9,"71,500",2026/10/08
601,601,7952,(株)河合楽器製作所,東証PRM,"3,350",-100,-2.9,"19,800",2026/10/08
602,602,8337,(株)千葉興業銀行,東証PRM,"2,680",-80,-2.9,"124,400",2026/10/08
603,603,9072,ニッコンホールディングス(株),東証PRM,"4,486",-134,-2.9,"312,500",2026/10/08
604,604,1367,iFreeETF TOPIXレバレッジ(2倍)指数,東証ETF,"3,125",-93,-2.89,"86,726",2026/10/08
605,605,367A,プリモグローバルホールディングス(株),東証STD,"2,787",-83,-2.89,"28,600",2026/10/08
606,606,8714,(株)池田泉州ホールディングス,東証PRM,"1,110",-33,-2.89,"919,700",2026/10/08
607,607,8309,三井住友トラストグループ(株),東証PRM,"1,704",-50.5,-2.88,"8,390,100",2026/10/08
608,608,4005,住友化学(株),東証PRM,572.9,-16.9,-2.87,"9,978,100",2026/10/08
609,609,2338,クオンタムソリューションズ(株),東証STD,102,-3,-2.86,"201,000",2026/10/08
610,610,3486,(株)グローバル・リンク・マネジメント,東証PRM,"1,831",-54,-2.86,"91,000",2026/10/08
611,611,4563,アンジェス(株),東証GRT,34,-1,-2.86,"1,615,600",2026/10/08
612,612,4892,(株)サイフューズ,東証GRT,612,-18,-2.86,"83,400",2026/10/08
613,613,5998,(株)アドバネクス,東証STD,"2,919",-86,-2.86,"11,700",2026/10/08
614,614,6298,ワイエイシイホールディングス(株),東証PRM,"1,224",-36,-2.86,"157,200",2026/10/08
615,615,7238,曙ブレーキ工業(株),東証PRM,102,-3,-2.86,"4,439,200",2026/10/08
616,616,1358,上場インデックス日経レバレッジ指数,東証ETF,"145,100","-4,250",-2.85,"9,044",2026/10/08
617,617,1631,(NEXT FUNDS)銀行上場投信,東証ETF,"40,890","-1,200",-2.85,"5,264",2026/10/08
618,618,2734,(株)サーラコーポレーション,東証PRM,"1,091",-32,-2.85,"217,800",2026/10/08
619,619,8622,水戸証券(株),東証PRM,819,-24,-2.85,"327,800",2026/10/08
620,620,1579,日経平均ブル2倍上場投信,東証ETF,821,-24,-2.84,"11,588,150",2026/10/08
621,621,3107,ダイワボウホールディングス(株),東証PRM,"3,521",-103,-2.84,"311,600",2026/10/08
622,622,3496,(株)アズーム,東証PRM,"4,455",-130,-2.84,"94,400",2026/10/08
623,623,4043,(株)トクヤマ,東証PRM,"4,065",-119,-2.84,"411,000",2026/10/08
624,624,5011,ニチレキグループ(株),東証PRM,"2,123",-62,-2.84,"77,600",2026/10/08
625,625,577A,GX シルバー,東証ETF,229,-6.7,-2.84,"7,810",2026/10/08
626,626,7350,(株)おきなわフィナンシャルグループ,東証PRM,"7,520",-220,-2.84,"91,300",2026/10/08
627,627,4462,石原ケミカル(株),東証PRM,"3,095",-90,-2.83,"44,700",2026/10/08
628,628,4588,オンコリスバイオファーマ(株),東証GRT,"6,170",-180,-2.83,"1,518,100",2026/10/08
629,629,8361,(株)大垣共立銀行,東証PRM,"1,818",-53,-2.83,"961,900",2026/10/08
630,630,2737,(株)トーメンデバイス,東証PRM,"37,950","-1,100",-2.82,"122,600",2026/10/08
631,631,540A,上場インデックスファンド日経銀行株トップ10,東証ETF,"2,033",-59,-2.82,"97,965",2026/10/08
632,632,6273,ＳＭＣ(株),東証PRM,"71,780","-2,080",-2.82,"285,500",2026/10/08
633,633,2325,(株)ＮＪＳ,東証PRM,"4,330",-125,-2.81,"32,500",2026/10/08
634,634,4229,群栄化学工業(株),東証PRM,"4,155",-120,-2.81,"15,200",2026/10/08
635,635,5021,コスモエネルギーホールディングス(株),東証PRM,"4,016",-116,-2.81,"716,800",2026/10/08
636,636,6850,(株)チノー,東証PRM,"1,765",-51,-2.81,"31,200",2026/10/08
637,637,3984,(株)ユーザーローカル,東証PRM,"1,491",-43,-2.8,"59,300",2026/10/08
638,638,4735,(株)京進,東証STD,278,-8,-2.8,"22,800",2026/10/08
639,639,7822,永大産業(株),東証STD,243,-7,-2.8,"93,200",2026/10/08
640,640,8359,(株)八十二長野銀行,東証PRM,"2,676.5",-77,-2.8,"1,315,700",2026/10/08
641,641,8381,(株)山陰合同銀行,東証PRM,"2,498",-72,-2.8,"819,300",2026/10/08
642,642,2805,ヱスビー食品(株),東証STD,"6,620",-190,-2.79,"172,900",2026/10/08
643,643,1762,(株)高松コンストラクショングループ,東証PRM,"3,845",-110,-2.78,"64,100",2026/10/08
644,644,2926,(株)篠崎屋,東証STD,105,-3,-2.78,"181,800",2026/10/08
645,645,3185,夢展望(株),東証GRT,105,-3,-2.78,"128,500",2026/10/08
646,646,395A,業界改革厳選ETF地銀,東証ETF,"1,084",-31,-2.78,"74,990",2026/10/08
647,647,7624,(株)ＮａＩＴＯ,東証STD,175,-5,-2.78,"108,300",2026/10/08
648,648,8746,ｕｎｂａｎｋｅｄ(株),東証STD,105,-3,-2.78,"388,000",2026/10/08
649,649,1801,大成建設(株),東証PRM,"11,775",-335,-2.77,"888,300",2026/10/08
650,650,1802,(株)大林組,東証PRM,"2,848",-81,-2.77,"4,151,700",2026/10/08
651,651,1959,(株)クラフティア,東証PRM,"7,763",-221,-2.77,"176,900",2026/10/08
652,652,3023,ラサ商事(株),東証STD,"1,999",-57,-2.77,"45,100",2026/10/08
653,653,5951,ダイニチ工業(株),東証STD,"1,089",-31,-2.77,"5,900",2026/10/08
654,654,6140,旭ダイヤモンド工業(株),東証PRM,"1,123",-32,-2.77,"269,500",2026/10/08
655,655,6810,マクセル(株),東証PRM,"2,560",-73,-2.77,"120,900",2026/10/08
656,656,1319,(NEXT FUNDS)日経300株価指数連動型上場投信,東証ETF,730.3,-20.7,-2.76,"1,000",2026/10/08
657,657,1570,(NEXT FUNDS)日経平均レバレッジ上場投信,東証ETF,"76,020","-2,160",-2.76,"2,235,709",2026/10/08
658,658,462A,(株)ＦＵＮＤＩＮＮＯ,東証GRT,247,-7,-2.76,"78,600",2026/10/08
659,659,5208,(株)有沢製作所,東証PRM,"2,857",-81,-2.76,"165,900",2026/10/08
660,660,8551,(株)北日本銀行,東証PRM,"2,859",-81,-2.76,"190,400",2026/10/08
661,661,5830,(株)いよぎんホールディングス,東証PRM,"3,716",-105,-2.75,"1,132,900",2026/10/08
662,662,7128,ユニソルホールディングス(株),東証PRM,"2,831",-80,-2.75,"91,800",2026/10/08
663,663,8154,加賀電子(株),東証PRM,"5,310",-150,-2.75,"144,900",2026/10/08
664,664,3747,(株)インタートレード,東証STD,426,-12,-2.74,"62,400",2026/10/08
665,665,4228,積水化成品工業(株),東証PRM,604,-17,-2.74,"119,300",2026/10/08
666,666,568A,iシェアーズ シルバー,東証ETF,152.8,-4.3,-2.74,"152,550",2026/10/08
667,667,5987,(株)オーネックス,東証STD,"1,600",-45,-2.74,"3,200",2026/10/08
668,668,8563,(株)大東銀行,東証STD,"1,313",-37,-2.74,"109,400",2026/10/08
669,669,9697,(株)カプコン,東証PRM,"4,300",-121,-2.74,"3,172,900",2026/10/08
670,670,1673,WisdomTree 銀上場投信,東証ETF,"8,470",-238,-2.73,"8,410",2026/10/08
671,671,2479,(株)ジェイテック,東証STD,249,-7,-2.73,"49,800",2026/10/08
672,672,4027,テイカ(株),東証PRM,"2,248",-63,-2.73,"76,500",2026/10/08
673,673,4410,ハリマ化成グループ(株),東証PRM,"1,106",-31,-2.73,"86,400",2026/10/08
674,674,2735,(株)ワッツ,東証STD,716,-20,-2.72,"39,800",2026/10/08
675,675,6072,(株)ＥＲＴＨ　Ｇｒｏｕｐ,東証STD,"1,109",-31,-2.72,"315,100",2026/10/08
676,676,6081,アライドアーキテクツ(株),東証GRT,143,-4,-2.72,"221,300",2026/10/08
677,677,8367,(株)南都銀行,東証PRM,"1,967",-55,-2.72,"470,300",2026/10/08
678,678,2351,(株)ＡＳＪ,東証STD,323,-9,-2.71,"4,900",2026/10/08
679,679,332A,ミーク(株),東証GRT,"1,111",-31,-2.71,"45,100",2026/10/08
680,680,3433,トーカロ(株),東証PRM,"3,050",-85,-2.71,"202,500",2026/10/08
681,681,6383,(株)ダイフク,東証PRM,"5,716",-159,-2.71,"1,427,400",2026/10/08
682,682,8065,佐藤商事(株),東証PRM,"2,912",-81,-2.71,"107,600",2026/10/08
683,683,8354,(株)ふくおかフィナンシャルグループ,東証PRM,"7,546",-210,-2.71,"950,700",2026/10/08
684,684,8377,(株)ほくほくフィナンシャルグループ,東証PRM,847.6,-23.6,-2.71,"4,282,200",2026/10/08
685,685,1975,(株)朝日工業社,東証PRM,"3,785",-105,-2.7,"78,100",2026/10/08
686,686,2385,(株)総医研ホールディングス,東証GRT,216,-6,-2.7,"150,300",2026/10/08
687,687,315A,GX 銀行 高配当-日本株式,東証ETF,"1,912",-53,-2.7,"102,738",2026/10/08
688,688,3277,(株)サンセイランディック,東証STD,794,-22,-2.7,"21,200",2026/10/08
689,689,4591,(株)リボミック,東証GRT,72,-2,-2.7,"548,500",2026/10/08
690,690,5019,出光興産(株),東証PRM,"1,496.5",-41.5,-2.7,"5,263,800",2026/10/08
691,691,6996,ニチコン(株),東証PRM,"2,668",-74,-2.7,"835,600",2026/10/08
692,692,4575,(株)キャンバス,東証GRT,759,-21,-2.69,"91,700",2026/10/08
693,693,6357,三精テクノロジーズ(株),東証STD,"2,532",-70,-2.69,"26,100",2026/10/08
694,694,6629,テクノホライゾン(株),東証STD,"1,011",-28,-2.69,"438,300",2026/10/08
695,695,7820,ニホンフラッシュ(株),東証PRM,650,-18,-2.69,"143,500",2026/10/08
696,696,8015,豊田通商(株),東証PRM,"7,209",-199,-2.69,"2,237,600",2026/10/08
697,697,8125,(株)ワキタ,東証PRM,"1,812",-50,-2.69,"181,400",2026/10/08
698,698,1888,若築建設(株),東証PRM,"3,450",-95,-2.68,"22,600",2026/10/08
699,699,2440,(株)ぐるなび,東証STD,109,-3,-2.68,"344,800",2026/10/08
700,700,8143,(株)ラピーヌ,東証STD,145,-4,-2.68,"15,700",2026/10/08
701,701,9012,秩父鉄道(株),東証STD,"2,180",-60,-2.68,"1,200",2026/10/08
702,702,590A,ギフティグループ(株),東証PRM,"1,058",-29,-2.67,"173,400",2026/10/08
703,703,6328,荏原実業(株),東証PRM,"2,438",-67,-2.67,"70,900",2026/10/08
704,704,6870,日本フェンオール(株),東証STD,"2,081",-57,-2.67,"3,100",2026/10/08
705,705,7810,(株)クロスフォー,東証STD,146,-4,-2.67,"72,200",2026/10/08
706,706,6013,(株)タクマ,東証PRM,"2,925",-80,-2.66,"155,200",2026/10/08
707,707,7931,未来工業(株),東証PRM,"3,480",-95,-2.66,"18,900",2026/10/08
708,708,9962,(株)ミスミグループ本社,東証PRM,"4,027",-110,-2.66,"1,281,100",2026/10/08
709,709,4092,日本化学工業(株),東証PRM,"5,510",-150,-2.65,"75,300",2026/10/08
710,710,5304,ＳＥＣカーボン(株),東証STD,"2,313",-63,-2.65,"25,900",2026/10/08
711,711,530A,NZAM 上場投信 東証REIT指数(2・5・8・11月決算型),東証ETF,"1,687",-46,-2.65,260,2026/10/08
712,712,6966,(株)三井ハイテック,東証PRM,920,-25,-2.65,"1,948,300",2026/10/08
713,713,7327,(株)第四北越フィナンシャルグループ,東証PRM,"2,645",-72,-2.65,"1,378,200",2026/10/08
714,714,8139,(株)ナガホリ,東証STD,"2,274",-62,-2.65,"4,800",2026/10/08
715,715,9956,(株)バローホールディングス,東証PRM,"1,543",-42,-2.65,"334,800",2026/10/08
716,716,170A,SMT ETF日本好配当株アクティブ,東証ETF,"3,095",-84,-2.64,367,2026/10/08
717,717,5842,インテグラル・グループ(株),東証GRT,"2,726",-74,-2.64,"96,100",2026/10/08
718,718,1624,(NEXT FUNDS)機械上場投信,東証ETF,"84,090","-2,270",-2.63,275,2026/10/08
719,719,1688,WisdomTree 穀物上場投信,東証ETF,596.3,-16.1,-2.63,"8,770",2026/10/08
720,720,3409,(株)北紡,東証STD,74,-2,-2.63,"47,800",2026/10/08
721,721,3763,(株)プロシップ,東証PRM,"2,001",-54,-2.63,"69,600",2026/10/08
722,722,4205,日本ゼオン(株),東証PRM,"2,408.5",-65,-2.63,"1,411,200",2026/10/08
723,723,6871,(株)日本マイクロニクス,東証PRM,"16,320",-440,-2.63,"1,795,500",2026/10/08
724,724,2031,NEXT NOTES 香港ハンセン･ダブル･ブルETN,東証ETF,"6,886",-185,-2.62,296,2026/10/08
725,725,5282,ジオスター(株),東証STD,373,-10,-2.61,"110,500",2026/10/08
726,726,6369,トーヨーカネツ(株),東証PRM,"2,250",-60,-2.6,"85,800",2026/10/08
727,727,6658,シライ電子工業(株),東証STD,450,-12,-2.6,"22,400",2026/10/08
728,728,7692,(株)アースインフィニティ,東証STD,75,-2,-2.6,"109,300",2026/10/08
729,729,7717,(株)ブイ・テクノロジー,東証PRM,"6,740",-180,-2.6,"194,900",2026/10/08
730,730,9279,(株)ギフトホールディングス,東証PRM,"2,097",-56,-2.6,"320,300",2026/10/08
731,731,2637,GX クリーンテック-日本株式,東証ETF,"2,712",-72,-2.59,"1,802",2026/10/08
732,732,4406,新日本理化(株),東証STD,226,-6,-2.59,"266,900",2026/10/08
733,733,7189,(株)西日本フィナンシャルホールディングス,東証PRM,"4,807",-128,-2.59,"514,000",2026/10/08
734,734,3723,日本ファルコム(株),東証GRT,"2,533",-67,-2.58,"245,300",2026/10/08
735,735,7570,橋本総業ホールディングス(株),東証STD,"1,322",-35,-2.58,"12,900",2026/10/08
736,736,7740,(株)タムロン,東証PRM,"1,510",-40,-2.58,"1,121,200",2026/10/08
737,737,8418,(株)山口フィナンシャルグループ,東証PRM,"3,441",-91,-2.58,"726,800",2026/10/08
738,738,9237,(株)笑美面,東証GRT,831,-22,-2.58,"2,500",2026/10/08
739,739,147A,(株)ソラコム,東証GRT,948,-25,-2.57,"121,100",2026/10/08
740,740,4635,東京インキ(株),東証STD,"1,931",-51,-2.57,"55,400",2026/10/08
741,741,6113,(株)アマダ,東証PRM,"2,580.5",-68,-2.57,"2,131,300",2026/10/08
742,742,7995,(株)バルカー,東証PRM,"7,190",-190,-2.57,"54,900",2026/10/08
743,743,8370,(株)紀陽銀行,東証PRM,"1,705",-45,-2.57,"607,100",2026/10/08
744,744,8795,(株)Ｔ＆Ｄホールディングス,東証PRM,"4,735",-125,-2.57,"1,231,800",2026/10/08
745,745,9158,(株)シーユーシー,東証GRT,758,-20,-2.57,"35,100",2026/10/08
746,746,1844,(株)大盛工業,東証STD,419,-11,-2.56,"121,900",2026/10/08
747,747,5384,(株)フジミインコーポレーテッド,東証PRM,"3,610",-95,-2.56,"308,100",2026/10/08
748,748,6905,コーセル(株),東証PRM,"1,445",-38,-2.56,"244,000",2026/10/08
749,749,8366,(株)滋賀銀行,東証PRM,"3,045",-80,-2.56,"934,800",2026/10/08
750,750,2373,(株)ケア２１,東証STD,421,-11,-2.55,"25,700",2026/10/08
751,751,3154,メディアスホールディングス(株),東証PRM,763,-20,-2.55,"19,900",2026/10/08
752,752,3903,(株)ｇｕｍｉ,東証PRM,191,-5,-2.55,"643,100",2026/10/08
753,753,4078,堺化学工業(株),東証PRM,"3,635",-95,-2.55,"87,300",2026/10/08
754,754,5126,ポーターズ(株),東証GRT,"1,337",-35,-2.55,"2,500",2026/10/08
755,755,6315,ＴＯＷＡ(株),東証PRM,"2,519",-66,-2.55,"3,617,900",2026/10/08
756,756,7637,白銅(株),東証PRM,"3,435",-90,-2.55,"25,700",2026/10/08
757,757,3504,(株)丸八ホールディングス,名証MN,"1,421",-37,-2.54,"4,400",2026/10/08
758,758,5269,日本コンクリート工業(株),東証PRM,346,-9,-2.54,"204,500",2026/10/08
759,759,6823,リオン(株),東証PRM,"3,455",-90,-2.54,"42,500",2026/10/08
760,760,1433,ベステラ(株),東証PRM,"1,194",-31,-2.53,"58,600",2026/10/08
761,761,4492,(株)ゼネテック,東証STD,385,-10,-2.53,"26,400",2026/10/08
762,762,6093,ミトラグループ(株),東証STD,154,-4,-2.53,"210,900",2026/10/08
763,763,6524,湖北工業(株),東証STD,"5,770",-150,-2.53,"231,000",2026/10/08
764,764,198A,ＰｏｓｔＰｒｉｍｅ(株),東証GRT,155,-4,-2.52,"113,100",2026/10/08
765,765,3933,チエル(株),東証STD,503,-13,-2.52,"7,800",2026/10/08
766,766,6262,(株)ＰＥＧＡＳＵＳ,東証STD,503,-13,-2.52,"122,600",2026/10/08
767,767,1542,純銀上場信託(現物国内保管型),東証ETF,"27,135",-700,-2.51,"38,192",2026/10/08
768,768,334A,(株)ビジュアル・プロセッシング・ジャパン,東証GRT,"1,126",-29,-2.51,"7,300",2026/10/08
769,769,5702,(株)大紀アルミニウム工業所,東証PRM,"1,671",-43,-2.51,"323,800",2026/10/08
770,770,5991,ニッパツ,東証PRM,"3,843",-99,-2.51,"867,800",2026/10/08
771,771,6151,日東工器(株),東証PRM,"1,673",-43,-2.51,"19,200",2026/10/08
772,772,9532,大阪ガス(株),東証PRM,"5,521",-142,-2.51,"1,179,100",2026/10/08
773,773,4175,(株)ｃｏｌｙ,東証GRT,"2,770",-71,-2.5,"5,200",2026/10/08
774,774,4222,児玉化学工業(株),東証STD,623,-16,-2.5,"402,700",2026/10/08
775,775,6750,エレコム(株),東証PRM,"1,950",-50,-2.5,"188,000",2026/10/08
776,776,264A,(株)Ｓｃｈｏｏ,東証GRT,274,-7,-2.49,"41,200",2026/10/08
777,777,2970,ＧＬＣ　ＧＲＯＵＰ(株),東証STD,"1,138",-29,-2.49,"8,200",2026/10/08
778,778,7883,サンメッセ(株),東証STD,431,-11,-2.49,"38,700",2026/10/08
779,779,3779,ジェイ・エスコム　ホールディングス(株),東証STD,118,-3,-2.48,"33,400",2026/10/08
780,780,6513,(株)オリジン,東証STD,"1,259",-32,-2.48,"10,900",2026/10/08
781,781,8035,東京エレクトロン(株),東証PRM,"12,190",-310,-2.48,"8,853,400",2026/10/08
782,782,3461,(株)パルマ,東証STD,553,-14,-2.47,"9,000",2026/10/08
783,783,498A,防衛・航空宇宙 欧州株(ネットリターン)ETN,東証ETF,"8,224",-208,-2.47,555,2026/10/08
784,784,6247,(株)日阪製作所,東証PRM,"1,579",-40,-2.47,"62,000",2026/10/08
785,785,5703,日本軽金属ホールディングス(株),東証PRM,"2,739",-69,-2.46,"227,700",2026/10/08
786,786,6742,(株)京三製作所,東証PRM,"1,150",-29,-2.46,"252,200",2026/10/08
787,787,6952,カシオ計算機(株),東証PRM,"2,217",-56,-2.46,"1,039,100",2026/10/08
788,788,7745,(株)Ａ＆Ｄホロンホールディングス,東証PRM,"2,892",-73,-2.46,"47,000",2026/10/08
789,789,9908,Ｄｅｎｋｅｉ,東証STD,"2,818",-71,-2.46,"6,300",2026/10/08
790,790,2856,iシェアーズ 米国債3-7年 ETF(H有),東証ETF,616.7,-15.5,-2.45,"29,370",2026/10/08
791,791,1491,中外鉱業(株),東証STD,681,-17,-2.44,"48,900",2026/10/08
792,792,299A,クラシル(株),東証GRT,"1,202",-30,-2.44,"74,800",2026/10/08
793,793,3032,(株)ゴルフ・ドゥ,名証NXT,200,-5,-2.44,"14,500",2026/10/08
794,794,4259,(株)エクサウィザーズ,東証GRT,801,-20,-2.44,"1,371,700",2026/10/08
795,795,6740,(株)ジャパンディスプレイ,東証PRM,40,-1,-2.44,"7,769,500",2026/10/08
796,796,5254,(株)Ａｒｅｎｔ,東証GRT,"4,020",-100,-2.43,"20,800",2026/10/08
797,797,6351,(株)鶴見製作所,東証PRM,"2,572",-64,-2.43,"66,000",2026/10/08
798,798,6459,だいわ(株),東証PRM,"1,608",-40,-2.43,"82,500",2026/10/08
799,799,7522,ワタミ(株),東証PRM,842,-21,-2.43,"280,000",2026/10/08
800,800,7747,朝日インテック(株),東証PRM,"3,374",-84,-2.43,"1,455,700",2026/10/08
801,801,1786,オリエンタル白石(株),東証PRM,323,-8,-2.42,"922,300",2026/10/08
802,802,3104,フジボウホールディングス(株),東証PRM,"3,625",-90,-2.42,"180,000",2026/10/08
803,803,360A,東証REIT Core ETF,東証ETF,986,-24.5,-2.42,80,2026/10/08
804,804,6563,(株)みらいワークス,東証GRT,443,-11,-2.42,"4,200",2026/10/08
805,805,9535,広島ガス(株),東証PRM,403,-10,-2.42,"101,400",2026/10/08
806,806,5857,ＡＲＥホールディングス(株),東証PRM,"3,440",-85,-2.41,"430,800",2026/10/08
807,807,9074,日本石油輸送(株),東証STD,"2,310",-57,-2.41,"5,700",2026/10/08
808,808,2109,ＤＭ三井製糖(株),東証PRM,"3,655",-90,-2.4,"61,500",2026/10/08
809,809,413A,iFreeETF キャセイ台湾テックリーダー指数,東証ETF,"3,820",-94,-2.4,"6,889",2026/10/08
810,810,5586,(株)Ｌａｂｏｒｏ．ＡＩ,東証GRT,894,-22,-2.4,"36,400",2026/10/08
811,811,6033,(株)エクストリーム,東証GRT,"1,587",-39,-2.4,"10,200",2026/10/08
812,812,6291,日本エアーテック(株),東証STD,"1,303",-32,-2.4,"31,000",2026/10/08
813,813,6361,荏原,東証PRM,"4,718",-116,-2.4,"2,273,600",2026/10/08
814,814,6586,(株)マキタ,東証PRM,"5,170",-127,-2.4,"1,092,300",2026/10/08
815,815,8473,ＳＢＩホールディングス(株),東証PRM,"2,965",-73,-2.4,"4,846,300",2026/10/08
816,816,2730,(株)エディオン,東証PRM,"2,329",-57,-2.39,"325,800",2026/10/08
817,817,4674,(株)クレスコ,東証PRM,"1,882",-46,-2.39,"135,500",2026/10/08
818,818,512A,GX ステーブルコイン&トークンビジネス(除く日本),東証ETF,"1,143",-28,-2.39,"1,519",2026/10/08
819,819,5582,(株)グリッド,東証GRT,"1,997",-49,-2.39,"20,600",2026/10/08
820,820,7186,(株)横浜フィナンシャルグループ,東証PRM,"1,837",-45,-2.39,"3,751,700",2026/10/08
821,821,8750,(株)第一ライフグループ,東証PRM,"1,793.5",-44,-2.39,"8,414,200",2026/10/08
822,822,2625,iFreeETF TOPIX(年4回決算型),東証ETF,"4,102",-100,-2.38,"2,950",2026/10/08
823,823,3793,(株)ドリコム,東証GRT,534,-13,-2.38,"91,200",2026/10/08
824,824,5201,ＡＧＣ(株),東証PRM,"5,805",-141,-2.37,"1,407,900",2026/10/08
825,825,5852,(株)アーレスティ,東証PRM,617,-15,-2.37,"90,100",2026/10/08
826,826,6030,(株)アドベンチャー,東証GRT,"1,480",-36,-2.37,"9,000",2026/10/08
827,827,7898,(株)ウッドワン,東証STD,908,-22,-2.37,"6,800",2026/10/08
828,828,254A,ＡＩフュージョンキャピタルグループ(株),東証STD,"1,118",-27,-2.36,"26,100",2026/10/08
829,829,1803,清水建設(株),東証PRM,"2,038.5",-49,-2.35,"4,263,400",2026/10/08
830,830,2175,(株)エス・エム・エス,東証PRM,"2,576",-62,-2.35,"570,400",2026/10/08
831,831,2438,(株)アスカネット,東証GRT,332,-8,-2.35,"21,900",2026/10/08
832,832,2681,(株)セカンドリテイリング,東証PRM,"2,079",-50,-2.35,"223,400",2026/10/08
833,833,3176,三洋貿易(株),東証PRM,"1,161",-28,-2.35,"294,300",2026/10/08
834,834,3964,(株)オークネット,東証PRM,"1,327",-32,-2.35,"410,700",2026/10/08
835,835,4172,Ｈｉクラテス(株),東証STD,"2,240",-54,-2.35,"2,500",2026/10/08
836,836,6954,ファナック(株),東証PRM,"6,019",-145,-2.35,"3,601,000",2026/10/08
837,837,7050,(株)フロンティアインターナショナル,東証GRT,"1,413",-34,-2.35,"15,000",2026/10/08
838,838,1813,(株)不動テトラ,東証PRM,"2,717",-65,-2.34,"114,100",2026/10/08
839,839,1904,大成温調(株),東証STD,"1,212",-29,-2.34,"36,500",2026/10/08
840,840,4220,リケンテクノス(株),東証PRM,"2,380",-57,-2.34,"149,800",2026/10/08
841,841,5981,東京製綱(株),東証PRM,"1,795",-43,-2.34,"64,200",2026/10/08
842,842,6194,(株)アトラエ,東証PRM,918,-22,-2.34,"247,700",2026/10/08
843,843,6371,(株)椿本チエイン,東証PRM,"2,586",-62,-2.34,"184,700",2026/10/08
844,844,6737,ＥＩＺＯ(株),東証PRM,"3,130",-75,-2.34,"99,300",2026/10/08
845,845,8511,日本証券金融(株),東証PRM,"2,216",-53,-2.34,"581,100",2026/10/08
846,846,9763,丸建リース(株),東証STD,"1,209",-29,-2.34,"15,500",2026/10/08
847,847,1893,五洋建設(株),東証PRM,"1,385",-33,-2.33,"1,761,700",2026/10/08
848,848,2901,(株)ウェルディッシュ,東証STD,126,-3,-2.33,"160,300",2026/10/08
849,849,3941,レンゴー(株),東証PRM,"1,490",-35.5,-2.33,"1,074,900",2026/10/08
850,850,6505,東洋電機製造(株),東証STD,"2,304",-55,-2.33,"60,000",2026/10/08
851,851,7046,ＴＤＳＥ(株),東証GRT,"1,297",-31,-2.33,"5,700",2026/10/08
852,852,7715,長野計器(株),東証PRM,"4,405",-105,-2.33,"78,000",2026/10/08
853,853,8304,(株)あおぞら銀行,東証PRM,"3,308",-79,-2.33,"1,236,600",2026/10/08
854,854,9531,東京ガス(株),東証PRM,"5,899",-141,-2.33,"1,528,500",2026/10/08
855,855,1950,日本電設工業(株),東証PRM,"3,790",-90,-2.32,"99,800",2026/10/08
856,856,2492,(株)インフォマート,東証PRM,715,-17,-2.32,"2,599,400",2026/10/08
857,857,6092,(株)エンバイオ・ホールディングス,東証STD,758,-18,-2.32,"16,900",2026/10/08
858,858,7072,(株)インティメート・マージャー,東証GRT,"1,094",-26,-2.32,"2,900",2026/10/08
859,859,7734,理研計器(株),東証PRM,"3,580",-85,-2.32,"94,600",2026/10/08
860,860,9258,(株)ＣＳ－Ｃ,東証GRT,295,-7,-2.32,100,2026/10/08
861,861,2039,NEXT NOTES ドバイ原油先物 ベア ETN,東証ETF,422,-10,-2.31,"365,838",2026/10/08
862,862,6034,ＭＲＴ(株),東証GRT,549,-13,-2.31,"25,000",2026/10/08
863,863,9902,(株)日伝,東証PRM,"3,170",-75,-2.31,"49,300",2026/10/08
864,864,8570,イオンフィナンシャルサービス(株),東証PRM,"1,466",-34.5,-2.3,"824,000",2026/10/08
865,865,1691,WisdomTree ガソリン上場投信,東証ETF,"17,045",-400,-2.29,226,2026/10/08
866,866,6345,(株)アイチコーポレーション,東証PRM,"1,405",-33,-2.29,"227,500",2026/10/08
867,867,8609,(株)岡三証券グループ,東証PRM,"1,196",-28,-2.29,"551,000",2026/10/08
868,868,1828,田辺工業(株),東証STD,"2,315",-54,-2.28,"10,700",2026/10/08
869,869,2217,モロゾフ(株),東証PRM,"1,417",-33,-2.28,"79,600",2026/10/08
870,870,3491,(株)ＧＡ　ｔｅｃｈｎｏｌｏｇｉｅｓ,東証GRT,"1,286",-30,-2.28,"169,500",2026/10/08
871,871,606A,金2倍ブルETF,東証ETF,"19,055",-445,-2.28,"3,224",2026/10/08
872,872,8088,岩谷産業(株),東証PRM,"1,952.5",-45.5,-2.28,"751,600",2026/10/08
873,873,1860,戸田建設(株),東証PRM,"1,334",-31,-2.27,"921,800",2026/10/08
874,874,6149,(株)小田原エンジニアリング,東証STD,"2,064",-48,-2.27,"19,700",2026/10/08
875,875,6645,オムロン(株),東証PRM,"6,339",-147,-2.27,"1,233,900",2026/10/08
876,876,7220,武蔵精密工業(株),東証PRM,"3,020",-70,-2.27,"532,700",2026/10/08
877,877,9651,日本プロセス(株),東証STD,"1,895",-44,-2.27,"26,400",2026/10/08
878,878,4249,森六(株),東証PRM,"2,676",-62,-2.26,"29,100",2026/10/08
879,879,477A,(株)スタートライン,東証GRT,777,-18,-2.26,"18,800",2026/10/08
880,880,4971,メック(株),東証PRM,"7,340",-170,-2.26,"279,100",2026/10/08
881,881,6178,日本郵政(株),東証PRM,"2,374.5",-55,-2.26,"6,276,100",2026/10/08
882,882,6335,(株)東京機械製作所,東証STD,562,-13,-2.26,"39,500",2026/10/08
883,883,8704,トレイダーズホールディングス(株),東証STD,"1,339",-31,-2.26,"112,400",2026/10/08
884,884,287A,黒田グループ(株),東証STD,"1,131",-26,-2.25,"325,000",2026/10/08
885,885,4044,セントラル硝子(株),東証PRM,"4,570",-105,-2.25,"84,800",2026/10/08
886,886,4975,(株)ＪＣＵ,東証PRM,"6,090",-140,-2.25,"63,000",2026/10/08
887,887,5706,三井金属(株),東証PRM,"2,715",-62.5,-2.25,"18,148,300",2026/10/08
888,888,4026,神島化学工業(株),東証STD,"1,574",-36,-2.24,"32,300",2026/10/08
889,889,5957,日東精工(株),東証PRM,742,-17,-2.24,"157,600",2026/10/08
890,890,6338,(株)タカトリ,東証STD,"1,700",-39,-2.24,"13,300",2026/10/08
891,891,6951,日本電子(株),東証PRM,"8,041",-184,-2.24,"321,900",2026/10/08
892,892,9534,北海道ガス(株),東証PRM,830,-19,-2.24,"168,600",2026/10/08
893,893,9854,愛眼(株),東証STD,262,-6,-2.24,"23,800",2026/10/08
894,894,6418,日本金銭機械(株),東証PRM,"1,230",-28,-2.23,"172,000",2026/10/08
895,895,7066,(株)ピアズ,東証GRT,439,-10,-2.23,"9,500",2026/10/08
896,896,8282,(株)ケーズホールディングス,東証PRM,"1,645",-37.5,-2.23,"1,012,600",2026/10/08
897,897,253A,(株)ＥＴＳグループ,東証STD,"1,015",-23,-2.22,"20,300",2026/10/08
898,898,2782,(株)セリア,東証STD,"4,180",-95,-2.22,"822,800",2026/10/08
899,899,4028,石原産業(株),東証PRM,"2,777",-63,-2.22,"183,800",2026/10/08
900,900,4923,コタ(株),東証PRM,"1,100",-25,-2.22,"63,400",2026/10/08
901,901,600A,ニッセイ ETF ラッセル2000,東証ETF,"1,809",-41,-2.22,444,2026/10/08
902,902,6420,ガリレイホールディングス(株),東証PRM,"3,300",-75,-2.22,"48,800",2026/10/08
903,903,6856,(株)堀場製作所,東証PRM,"25,560",-580,-2.22,"173,500",2026/10/08
904,904,8316,(株)三井住友フィナンシャルグループ,東証PRM,"3,297",-75,-2.22,"18,057,300",2026/10/08
905,905,150A,(株)ＪＳＨ,東証GRT,795,-18,-2.21,"93,300",2026/10/08
906,906,7175,今村証券(株),東証STD,"1,861",-42,-2.21,"7,800",2026/10/08
907,907,262A,(株)インターメスティック,東証PRM,"1,645",-37,-2.2,"190,700",2026/10/08
908,908,3236,(株)プロパスト,東証STD,267,-6,-2.2,"130,100",2026/10/08
909,909,4075,ブレインズテクノロジー(株),東証GRT,"1,378",-31,-2.2,"77,100",2026/10/08
910,910,6307,サンセイ(株),東証STD,445,-10,-2.2,"5,200",2026/10/08
911,911,9221,フルハシＥＰＯ(株),東証STD,"1,111",-25,-2.2,"40,100",2026/10/08
912,912,5233,太平洋セメント(株),東証PRM,"4,113",-92,-2.19,"609,000",2026/10/08
913,913,6841,横河電機(株),東証PRM,"4,565",-102,-2.19,"1,604,700",2026/10/08
914,914,6943,ＮＫＫスイッチズ(株),東証STD,"6,250",-140,-2.19,"1,100",2026/10/08
915,915,8560,(株)宮崎太陽銀行,福証,"2,503",-56,-2.19,"1,600",2026/10/08
916,916,9308,乾汽船(株),東証STD,"2,191",-49,-2.19,"166,000",2026/10/08
917,917,1811,(株)錢高組,東証STD,"7,170",-160,-2.18,"2,700",2026/10/08
918,918,4372,ユミルリンク(株),東証GRT,"1,302",-29,-2.18,200,2026/10/08
919,919,6167,冨士ダイス(株),東証PRM,987,-22,-2.18,"64,400",2026/10/08
920,920,6390,(株)加藤製作所,東証PRM,"1,256",-28,-2.18,"56,700",2026/10/08
921,921,9271,(株)和心,東証GRT,944,-21,-2.18,"12,900",2026/10/08
922,922,1332,(株)ニッスイ,東証PRM,"1,082.5",-24,-2.17,"2,192,200",2026/10/08
923,923,4183,三井化学(株),東証PRM,"2,116.5",-47,-2.17,"1,811,600",2026/10/08
924,924,4719,(株)アルファシステムズ,東証PRM,"3,160",-70,-2.17,"32,000",2026/10/08
925,925,4784,ＧＭＯインターネット(株),東証PRM,497,-11,-2.17,"1,150,300",2026/10/08
926,926,4881,(株)ファンペップ,東証GRT,45,-1,-2.17,"114,500",2026/10/08
927,927,6448,ブラザー工業(株),東証PRM,"4,601",-102,-2.17,"1,117,800",2026/10/08
928,928,6817,スミダコーポレーション(株),東証PRM,"1,261",-28,-2.17,"110,300",2026/10/08
929,929,7118,(株)伸和ホールディングス,名証NXT,"4,500",-100,-2.17,100,2026/10/08
930,930,215A,(株)タイミー,東証GRT,"1,404",-31,-2.16,"2,087,400",2026/10/08
931,931,2874,ヨコレイ,東証PRM,"1,815",-40,-2.16,"304,600",2026/10/08
932,932,363A,iFreeETF 英国FTSE100,東証ETF,"2,584",-57,-2.16,804,2026/10/08
933,933,4264,(株)セキュア,東証GRT,"1,360",-30,-2.16,"32,000",2026/10/08
934,934,605A,(NEXT FUNDS) 日本株政策フォーカス上場投信,東証ETF,203.5,-4.5,-2.16,"17,690",2026/10/08
935,935,6184,(株)鎌倉新書,東証PRM,590,-13,-2.16,"92,700",2026/10/08
936,936,3355,クリヤマホールディングス(株),東証STD,"1,776",-39,-2.15,"20,700",2026/10/08
937,937,3479,(株)ＴＫＰ,東証GRT,"1,820",-40,-2.15,"42,500",2026/10/08
938,938,9845,(株)パーカーコーポレーション,東証STD,"1,318",-29,-2.15,"7,700",2026/10/08
939,939,194A,(株)ＷＯＬＶＥＳ　ＨＡＮＤ,東証GRT,"1,598",-35,-2.14,"54,400",2026/10/08
940,940,4053,(株)Ｓｕｎ　Ａｓｔｅｒｉｓｋ,東証PRM,502,-11,-2.14,"96,600",2026/10/08
941,941,8591,オリックス(株),東証PRM,"5,751",-126,-2.14,"3,529,100",2026/10/08
942,942,6176,(株)ブランジスタ,東証STD,967,-21,-2.13,"59,500",2026/10/08
943,943,6523,ＰＨＣホールディングス(株),東証PRM,"1,561",-34,-2.13,"1,795,800",2026/10/08
944,944,7277,(株)ＴＢＫ,東証STD,321,-7,-2.13,"48,400",2026/10/08
945,945,9270,バリュエンスホールディングス(株),東証GRT,"1,840",-40,-2.13,"52,800",2026/10/08
946,946,9517,イーレックス(株),東証PRM,781,-17,-2.13,"292,800",2026/10/08
947,947,9561,(株)グラッドキューブ,東証GRT,414,-9,-2.13,"13,700",2026/10/08
948,948,3563,(株)ＦＯＯＤ　＆　ＬＩＦＥ　ＣＯＭＰＡＮＩＥＳ,東証PRM,"5,390",-117,-2.12,"2,374,900",2026/10/08
949,949,3932,(株)アカツキ,東証PRM,"1,246",-27,-2.12,"205,600",2026/10/08
950,950,4046,(株)大阪ソーダ,東証PRM,"2,124",-46,-2.12,"643,800",2026/10/08
951,951,288A,ラクサス・テクノロジーズ(株),東証GRT,93,-2,-2.11,"57,900",2026/10/08
952,952,3449,(株)テクノフレックス,東証STD,"4,650",-100,-2.11,"115,300",2026/10/08
953,953,3640,(株)電算,東証STD,"2,692",-58,-2.11,"11,700",2026/10/08
954,954,4752,(株)昭和システムエンジニアリング,東証STD,"1,578",-34,-2.11,"5,200",2026/10/08
955,955,4896,(株)ケイファーマ,東証GRT,744,-16,-2.11,"19,300",2026/10/08
956,956,6279,(株)瑞光,東証PRM,883,-19,-2.11,"44,400",2026/10/08
957,957,6577,(株)ベストワンドットコム,東証GRT,"1,250",-27,-2.11,"11,200",2026/10/08
958,958,8008,４℃ホールディングス,東証PRM,"2,091",-45,-2.11,"94,600",2026/10/08
959,959,2791,大黒天物産(株),東証PRM,"4,195",-90,-2.1,"49,700",2026/10/08
960,960,416A,富士ユナイトホールディングス(株),東証STD,"1,305",-28,-2.1,"11,000",2026/10/08
961,961,4579,ラクオリア創薬(株),東証GRT,606,-13,-2.1,"117,300",2026/10/08
962,962,4616,川上塗料(株),東証STD,"3,030",-65,-2.1,"3,700",2026/10/08
963,963,8742,(株)小林洋行,東証STD,559,-12,-2.1,"4,100",2026/10/08
964,964,1930,北陸電気工事(株),東証PRM,"1,500",-32,-2.09,"53,600",2026/10/08
965,965,340A,(株)ジグザグ,東証GRT,328,-7,-2.09,"5,700",2026/10/08
966,966,4299,(株)ハイマックス,東証STD,"1,170",-25,-2.09,"6,300",2026/10/08
967,967,277A,グロービング(株),東証PRM,"1,834",-39,-2.08,"86,100",2026/10/08
968,968,4203,住友ベークライト(株),東証PRM,"9,237",-196,-2.08,"840,100",2026/10/08
969,969,7513,(株)コジマ,東証PRM,"1,410",-30,-2.08,"299,600",2026/10/08
970,970,1407,(株)ウエストホールディングス,東証STD,"2,175",-46,-2.07,"455,600",2026/10/08
971,971,1625,(NEXT FUNDS)電機･精密上場投信,東証ETF,"68,040","-1,440",-2.07,441,2026/10/08
972,972,3131,シンデン・ハイテックス(株),東証STD,"8,520",-180,-2.07,"39,000",2026/10/08
973,973,3796,(株)いい生活,東証STD,284,-6,-2.07,"12,300",2026/10/08
974,974,6677,(株)エスケーエレクトロニクス,東証STD,"3,070",-65,-2.07,"59,300",2026/10/08
975,975,7167,(株)めぶきフィナンシャルグループ,東証PRM,"1,657.5",-35,-2.07,"2,633,500",2026/10/08
976,976,3157,ジオリーブグループ(株),東証STD,"1,376",-29,-2.06,"3,000",2026/10/08
977,977,3498,霞ヶ関キャピタル(株),東証PRM,"7,620",-160,-2.06,"518,200",2026/10/08
978,978,3760,(株)ケイブ,東証STD,714,-15,-2.06,"11,200",2026/10/08
979,979,3843,フリービット(株),東証PRM,"1,711",-36,-2.06,"45,100",2026/10/08
980,980,7477,ムラキ(株),東証STD,"1,567",-33,-2.06,"2,900",2026/10/08
981,981,7970,信越ポリマー(株),東証PRM,"2,427",-51,-2.06,"152,100",2026/10/08
982,982,1938,日本リーテック(株),東証PRM,"2,482",-52,-2.05,"129,100",2026/10/08
983,983,205A,(株)ロゴスホールディングス,東証GRT,"1,575",-33,-2.05,"45,400",2026/10/08
984,984,3091,(株)ブロンコビリー,東証PRM,"2,774",-58,-2.05,"67,600",2026/10/08
985,985,4208,ＵＢＥ(株),東証PRM,"3,339",-70,-2.05,"459,100",2026/10/08
986,986,5025,(株)マーキュリー,東証GRT,573,-12,-2.05,700,2026/10/08
987,987,5214,日本電気硝子(株),東証PRM,"5,219",-109,-2.05,"556,700",2026/10/08
988,988,6037,楽待(株),東証STD,"1,049",-22,-2.05,"58,700",2026/10/08
989,989,6518,三相電機(株),東証STD,"1,716",-36,-2.05,"6,600",2026/10/08
990,990,8518,日本アジア投資(株),東証STD,143,-3,-2.05,"22,200",2026/10/08
991,991,1814,大末建設(株),東証PRM,"3,355",-70,-2.04,"73,800",2026/10/08
992,992,2929,(株)ファーマフーズ,東証PRM,673,-14,-2.04,"143,200",2026/10/08
993,993,3777,(株)環境フレンドリーホールディングス,東証GRT,48,-1,-2.04,"772,500",2026/10/08
994,994,580A,GX 銅ビジネス,東証ETF,958,-20,-2.04,"7,274",2026/10/08
995,995,1417,(株)ミライト・ワン,東証PRM,"3,334",-69,-2.03,"368,300",2026/10/08
996,996,4422,ＶＡＬＵＥＮＥＸ(株),東証GRT,482,-10,-2.03,"29,200",2026/10/08
997,997,554A,(株)バトンズ,東証GRT,"1,349",-28,-2.03,"2,700",2026/10/08
998,998,6222,(株)島精機製作所,東証PRM,867,-18,-2.03,"210,200",2026/10/08
999,999,6918,(株)アバールデータ,東証STD,"4,345",-90,-2.03,"34,900",2026/10/08
1000,1000,2555,東証REIT ETF,東証ETF,"1,694.5",-35,-2.02,"32,810",2026/10/08
1001,1001,2768,双日(株),東証PRM,"5,342",-110,-2.02,"1,396,500",2026/10/08
1002,1002,3443,川田テクノロジーズ(株),東証PRM,"1,310",-27,-2.02,"381,900",2026/10/08
1003,1003,4631,ＤＩＣ(株),東証PRM,"4,999",-103,-2.02,"420,100",2026/10/08
1004,1004,6018,阪神内燃機工業(株),東証STD,"5,830",-120,-2.02,400,2026/10/08
1005,1005,2530,MAXIS HuaAn中国株式(上海180A株)上場投信,東証ETF,"16,600",-340,-2.01,173,2026/10/08
1006,1006,3321,ミタチ産業(株),東証STD,"1,710",-35,-2.01,"31,800",2026/10/08
1007,1007,598A,チャットプラス(株),東証GRT,"1,367",-28,-2.01,"18,200",2026/10/08
1008,1008,6804,ホシデン(株),東証PRM,"2,383",-49,-2.01,"241,800",2026/10/08
1009,1009,2410,(株)キャリアデザインセンター,東証PRM,"2,501",-51,-2.0,"46,000",2026/10/08
1010,1010,3402,東レ(株),東証PRM,"1,227",-25,-2.0,"5,417,300",2026/10/08
1011,1011,4611,大日本塗料(株),東証PRM,"1,572",-32,-2.0,"51,700",2026/10/08
1012,1012,5028,セカンドサイトアナリティカ(株),東証GRT,343,-7,-2.0,"10,700",2026/10/08
1013,1013,5463,丸一鋼管(株),東証PRM,"1,644.5",-33.5,-2.0,"537,100",2026/10/08
1014,1014,6863,(株)ニレコ,東証STD,"1,076",-22,-2.0,"79,400",2026/10/08
1015,1015,8020,兼松(株),東証PRM,"2,230.5",-45.5,-2.0,"806,200",2026/10/08
1016,1016,1364,ｉシェアーズ JPX日経400 ETF,東証ETF,"3,790",-77,-1.99,"26,792",2026/10/08
1017,1017,4667,アイサンテクノロジー(株),東証STD,985,-20,-1.99,"457,400",2026/10/08
1018,1018,609A,GX 総合商社&資源ビジネス-日本株式,東証ETF,"1,033",-21,-1.99,"21,322",2026/10/08
1019,1019,7120,(株)ＳＨＩＮＫＯ,東証STD,937,-19,-1.99,"53,600",2026/10/08
1020,1020,8091,ニチモウ(株),東証PRM,"2,265",-46,-1.99,"17,300",2026/10/08
1021,1021,9536,西部ガスホールディングス(株),東証PRM,"2,360",-48,-1.99,"123,700",2026/10/08
1022,1022,2520,(NEXT FUNDS)新興国株式･MSCI EM･(H無),東証ETF,"2,327",-47,-1.98,"2,393",2026/10/08
1023,1023,325A,(株)ＴＥＮＴＩＡＬ,東証GRT,"1,977",-40,-1.98,"172,100",2026/10/08
1024,1024,5136,ｔｒｉｐｌａ(株),東証GRT,"2,526",-51,-1.98,"44,200",2026/10/08
1025,1025,5186,ニッタ(株),東証PRM,"6,930",-140,-1.98,"48,400",2026/10/08
1026,1026,6240,ヤマシンフィルタ(株),東証PRM,496,-10,-1.98,"513,900",2026/10/08
1027,1027,6384,(株)昭和真空,東証STD,"1,730",-35,-1.98,"6,900",2026/10/08
1028,1028,8935,(株)ＦＪネクストホールディングス,東証PRM,"1,886",-38,-1.98,"75,500",2026/10/08
1029,1029,1861,(株)熊谷組,東証PRM,"1,193",-24,-1.97,"1,041,900",2026/10/08
1030,1030,2354,(株)ＹＥ　ＤＩＧＩＴＡＬ,東証STD,"1,145",-23,-1.97,"292,700",2026/10/08
1031,1031,412A,(NEXT FUNDS) 台湾イノベイティブ・テクノロジー50,東証ETF,"4,681",-94,-1.97,"4,736",2026/10/08
1032,1032,4196,(株)ネオマーケティング,東証STD,"1,345",-27,-1.97,"22,700",2026/10/08
1033,1033,8041,ＯＵＧホールディングス(株),東証STD,"4,225",-85,-1.97,"8,900",2026/10/08
1034,1034,1964,中外炉工業(株),東証PRM,"3,755",-75,-1.96,"32,900",2026/10/08
1035,1035,1979,(株)大気社,東証PRM,"3,745",-75,-1.96,"185,800",2026/10/08
1036,1036,2867,GX 自動運転&EV,東証ETF,"1,650",-33,-1.96,272,2026/10/08
1037,1037,4174,(株)アピリッツ,東証STD,998,-20,-1.96,"107,100",2026/10/08
1038,1038,4634,ａｒｔｉｅｎｃｅ(株),東証PRM,"5,010",-100,-1.96,"93,700",2026/10/08
1039,1039,5901,東洋製罐グループホールディングス(株),東証PRM,"4,350",-87,-1.96,"435,200",2026/10/08
1040,1040,6632,(株)ＪＶＣケンウッド,東証PRM,976.4,-19.5,-1.96,"2,113,100",2026/10/08
1041,1041,6785,(株)鈴木,東証PRM,"3,500",-70,-1.96,"69,900",2026/10/08
1042,1042,6806,ヒロセ電機(株),東証PRM,"25,290",-505,-1.96,"130,000",2026/10/08
1043,1043,6955,ＦＤＫ(株),東証STD,400,-8,-1.96,"43,800",2026/10/08
1044,1044,6971,京セラ(株),東証PRM,"3,752",-75,-1.96,"3,278,600",2026/10/08
1045,1045,7859,(株)アルメディオ,東証STD,250,-5,-1.96,"48,600",2026/10/08
1046,1046,8127,ヤマト　インターナショナル(株),東証STD,500,-10,-1.96,"20,900",2026/10/08
1047,1047,1659,iシェアーズ 米国リート ETF,東証ETF,"3,574",-71,-1.95,"1,892",2026/10/08
1048,1048,2258,iシェアーズ 米ドル建てハイイールド社債,東証ETF,216.7,-4.3,-1.95,"147,200",2026/10/08
1049,1049,3442,(株)ＭＩＥコーポレーション,名証MN,"1,655",-33,-1.95,600,2026/10/08
1050,1050,5237,(株)ノザワ,東証STD,"1,104",-22,-1.95,"12,100",2026/10/08
1051,1051,5464,モリ工業(株),東証STD,857,-17,-1.95,"42,000",2026/10/08
1052,1052,5659,日本精線(株),東証PRM,"1,355",-27,-1.95,"68,200",2026/10/08
1053,1053,9564,(株)ＦＣＥ,東証STD,553,-11,-1.95,"18,700",2026/10/08
1054,1054,2449,(株)プラップジャパン,東証STD,"1,160",-23,-1.94,"28,300",2026/10/08
1055,1055,2624,iFreeETF 日経225(年4回決算型),東証ETF,"6,958",-138,-1.94,"7,511",2026/10/08
1056,1056,3071,(株)ストリーム,東証STD,101,-2,-1.94,"54,000",2026/10/08
1057,1057,6736,サン電子(株),東証STD,"9,620",-190,-1.94,"50,400",2026/10/08
1058,1058,7531,清和中央ホールディングス(株),東証STD,"1,311",-26,-1.94,300,2026/10/08
1059,1059,8604,野村ホールディングス(株),東証PRM,"1,490",-29.5,-1.94,"8,475,200",2026/10/08
1060,1060,9319,(株)中央倉庫,東証PRM,"1,667",-33,-1.94,"29,000",2026/10/08
1061,1061,304A,フォルシア(株),東証GRT,"2,132",-42,-1.93,"1,000",2026/10/08
1062,1062,4387,(株)ＺＵＵ,東証GRT,558,-11,-1.93,"2,800",2026/10/08
1063,1063,4992,北興化学工業(株),東証STD,"1,936",-38,-1.93,"104,800",2026/10/08
1064,1064,6368,オルガノ(株),東証PRM,"2,713",-53.5,-1.93,"1,589,000",2026/10/08
1065,1065,6381,アネスト岩田(株),東証PRM,"1,832",-36,-1.93,"87,500",2026/10/08
1066,1066,7354,(株)ダイレクトマーケティングミックス,東証STD,355,-7,-1.93,"122,900",2026/10/08
1067,1067,9119,飯野海運(株),東証PRM,"1,624",-32,-1.93,"223,900",2026/10/08
1068,1068,9778,(株)昴,東証STD,"5,580",-110,-1.93,200,2026/10/08
1069,1069,1543,純パラジウム上場信託(現物国内保管型),東証ETF,"52,000","-1,020",-1.92,558,2026/10/08
1070,1070,1719,安藤ハザマ,東証PRM,"1,715",-33.5,-1.92,"991,800",2026/10/08
1071,1071,3560,(株)ほぼ日,東証STD,"5,120",-100,-1.92,"1,200",2026/10/08
1072,1072,4323,日本システム技術(株),東証PRM,"1,839",-36,-1.92,"82,300",2026/10/08
1073,1073,466A,GX 防衛テック,東証ETF,972,-19,-1.92,"51,283",2026/10/08
1074,1074,6490,(株)ＰＩＬＬＡＲ,東証PRM,"12,230",-240,-1.92,"133,000",2026/10/08
1075,1075,6778,(株)アルチザネットワークス,東証STD,614,-12,-1.92,"6,900",2026/10/08
1076,1076,6927,ヘリオス　テクノ　ホールディング(株),東証STD,971,-19,-1.92,"40,500",2026/10/08
1077,1077,8715,アニコム　ホールディングス(株),東証PRM,"1,019",-20,-1.92,"348,600",2026/10/08
1078,1078,8789,フィンテック　グローバル(株),東証STD,153,-3,-1.92,"1,020,700",2026/10/08
1079,1079,1325,(NEXT FUNDS)ブラジル株式指数上場投信,東証ETF,333.3,-6.5,-1.91,"24,860",2026/10/08
1080,1080,2659,(株)サンエー,東証PRM,"3,075",-60,-1.91,"519,000",2026/10/08
1081,1081,350A,デジタルグリッド(株),東証GRT,667,-13,-1.91,"257,100",2026/10/08
1082,1082,4116,大日精化工業(株),東証PRM,"1,281",-25,-1.91,"108,200",2026/10/08
1083,1083,4188,三菱ケミカルグループ(株),東証PRM,"1,156.5",-22.5,-1.91,"7,365,200",2026/10/08
1084,1084,4247,ポバール興業(株),東証STD,"1,387",-27,-1.91,"1,000",2026/10/08
1085,1085,5184,(株)ニチリン,東証STD,"4,110",-80,-1.91,"17,400",2026/10/08
1086,1086,5210,日本山村硝子(株),東証STD,"2,725",-53,-1.91,"30,900",2026/10/08
1087,1087,6272,レオン自動機(株),東証PRM,"1,435",-28,-1.91,"97,300",2026/10/08
1088,1088,6741,日本信号(株),東証PRM,"1,794",-35,-1.91,"138,100",2026/10/08
1089,1089,6861,(株)キーエンス,東証PRM,"80,000","-1,560",-1.91,"532,700",2026/10/08
1090,1090,9165,(株)クオルテック,東証GRT,"1,744",-34,-1.91,"9,900",2026/10/08
1091,1091,9539,京葉瓦斯(株),東証STD,"1,284",-25,-1.91,600,2026/10/08
1092,1092,1620,(NEXT FUNDS)素材･化学上場投信,東証ETF,"37,710",-730,-1.9,116,2026/10/08
1093,1093,8566,リコーリース(株),東証PRM,"6,200",-120,-1.9,"66,200",2026/10/08
1094,1094,9768,いであ(株),東証STD,"3,615",-70,-1.9,"16,800",2026/10/08
1095,1095,163A,半導体フォーカス日本株(ネットリターン)ETN,東証ETF,"21,045",-405,-1.89,"11,395",2026/10/08
1096,1096,2847,GX 新成長インフラ-日本株式,東証ETF,"3,069",-59,-1.89,203,2026/10/08
1097,1097,1652,iFreeETF MSCI日本株女性活躍指数(WIN),東証ETF,"5,054",-97,-1.88,"4,010",2026/10/08
1098,1098,1660,MAXIS高利回りJリート上場投信,東証ETF,"9,628",-184,-1.88,"11,392",2026/10/08
1099,1099,1972,三晃金属工業(株),東証STD,"1,251",-24,-1.88,"29,500",2026/10/08
1100,1100,2623,iシェアーズ ユーロ建て投資適格社債(H有),東証ETF,"1,876",-36,-1.88,638,2026/10/08
1101,1101,4042,東ソー(株),東証PRM,"2,584.5",-49.5,-1.88,"1,500,300",2026/10/08
1102,1102,619A,(株)オリバー,東証STD,313,-6,-1.88,"1,691,400",2026/10/08
1103,1103,6743,大同信号(株),東証STD,"1,045",-20,-1.88,"9,300",2026/10/08
1104,1104,6744,能美防災(株),東証PRM,"3,915",-75,-1.88,"91,600",2026/10/08
1105,1105,7114,(株)フーディソン,東証GRT,782,-15,-1.88,400,2026/10/08
1106,1106,2649,iシェアーズ 米国政府系機関ジニーメイMBS(H有),東証ETF,545.5,-10.4,-1.87,930,2026/10/08
1107,1107,7888,三光合成(株),東証PRM,894,-17,-1.87,"149,100",2026/10/08
1108,1108,2081,政策保有解消推進ETF,東証ETF,"2,161",-41,-1.86,178,2026/10/08
1109,1109,2255,iシェアーズ 米国債20年超,東証ETF,185.1,-3.5,-1.86,"720,060",2026/10/08
1110,1110,3727,(株)アプリックス,東証GRT,158,-3,-1.86,"24,000",2026/10/08
1111,1111,3766,システムズ・デザイン(株),東証STD,"1,480",-28,-1.86,"4,700",2026/10/08
1112,1112,6157,日進工具(株),東証STD,792,-15,-1.86,"141,400",2026/10/08
1113,1113,6334,明治機械(株),東証STD,476,-9,-1.86,"2,700",2026/10/08
1114,1114,633A,GX 韓国半導体・トップ10,東証ETF,"1,056",-20,-1.86,"123,434",2026/10/08
1115,1115,8084,(株)ＲＹＯＤＥＮ,東証PRM,"2,425",-46,-1.86,"51,600",2026/10/08
1116,1116,8358,スルガ銀行(株),東証PRM,"2,900",-55,-1.86,"1,045,700",2026/10/08
1117,1117,8705,日産証券グループ(株),東証STD,211,-4,-1.86,"31,900",2026/10/08
1118,1118,9362,兵機海運(株),東証STD,"3,700",-70,-1.86,500,2026/10/08
1119,1119,1443,技研ホールディングス(株),東証STD,266,-5,-1.85,"49,700",2026/10/08
1120,1120,1866,北野建設(株),東証STD,"1,060",-20,-1.85,"6,800",2026/10/08
1121,1121,2851,iシェアーズ MSCI ジャパンSRI,東証ETF,402.3,-7.6,-1.85,450,2026/10/08
1122,1122,387A,フラー(株),東証GRT,901,-17,-1.85,"3,300",2026/10/08
1123,1123,4619,日本特殊塗料(株),東証STD,"2,552",-48,-1.85,"33,900",2026/10/08
1124,1124,5280,ヨシコン(株),東証STD,"2,125",-40,-1.85,"28,600",2026/10/08
1125,1125,5344,(株)ＭＡＲＵＷＡ,東証PRM,"58,460","-1,100",-1.85,"82,500",2026/10/08
1126,1126,6877,ＯＢＡＲＡ　ＧＲＯＵＰ(株),東証STD,"6,380",-120,-1.85,"71,000",2026/10/08
1127,1127,7063,(株)Ｂｉｒｄｍａｎ,東証GRT,53,-1,-1.85,"1,728,900",2026/10/08
1128,1128,7726,黒田精工(株),東証STD,"1,434",-27,-1.85,"8,400",2026/10/08
1129,1129,4113,田岡化学工業(株),東証STD,852,-16,-1.84,"30,100",2026/10/08
1130,1130,642A,キューデンホールディングス(株),東証PRM,"1,923",-36,-1.84,"1,699,600",2026/10/08
1131,1131,7180,(株)九州フィナンシャルグループ,東証PRM,"1,682",-31.5,-1.84,"1,208,800",2026/10/08
1132,1132,7983,(株)ミロク,東証STD,"1,172",-22,-1.84,"1,200",2026/10/08
1133,1133,8058,三菱商事(株),東証PRM,"4,590",-86,-1.84,"8,768,100",2026/10/08
1134,1134,8291,日産東京販売ホールディングス(株),東証STD,534,-10,-1.84,"149,700",2026/10/08
1135,1135,1553,MAXIS S&P東海上場投信,名証ETF,"5,729",-107,-1.83,20,2026/10/08
1136,1136,1758,太洋基礎工業(株),東証STD,"2,307",-43,-1.83,700,2026/10/08
1137,1137,2480,システム・ロケーション(株),東証STD,"1,720",-32,-1.83,"1,700",2026/10/08
1138,1138,2557,SMDAM トピックス上場投信,東証ETF,"4,134",-77,-1.83,130,2026/10/08
1139,1139,377A,(株)エージェントＩＧホールディングス,名証MN,"1,129",-21,-1.83,"3,200",2026/10/08
1140,1140,4011,(株)ヘッドウォータース,東証GRT,"2,356",-44,-1.83,"30,900",2026/10/08
1141,1141,4167,(株)ココペリ,東証GRT,322,-6,-1.83,"12,000",2026/10/08
1142,1142,5357,(株)ヨータイ,東証PRM,"1,665",-31,-1.83,"81,400",2026/10/08
1143,1143,7115,(株)アルファパーチェス,東証STD,"1,397",-26,-1.83,"12,100",2026/10/08
1144,1144,8398,(株)筑邦銀行,福証,"2,464",-46,-1.83,"3,300",2026/10/08
1145,1145,8707,岩井コスモホールディングス(株),東証PRM,"4,550",-85,-1.83,"114,600",2026/10/08
1146,1146,9212,Ｇｒｅｅｎ　Ｅａｒｔｈ　Ｉｎｓｔｉｔｕｔｅ(株),東証STD,268,-5,-1.83,"38,600",2026/10/08
1147,1147,9991,ジェコス(株),東証PRM,"1,715",-32,-1.83,"71,300",2026/10/08
1148,1148,1716,第一カッター興業(株),東証STD,"1,297",-24,-1.82,"41,900",2026/10/08
1149,1149,5408,(株)中山製鋼所,東証PRM,595,-11,-1.82,"352,600",2026/10/08
1150,1150,6218,エンシュウ(株),東証STD,648,-12,-1.82,"2,100",2026/10/08
1151,1151,6249,(株)ゲームカードホールディングス,東証STD,"2,640",-49,-1.82,"6,000",2026/10/08
1152,1152,7282,豊田合成(株),東証PRM,"1,054.5",-19.5,-1.82,"2,524,800",2026/10/08
1153,1153,7550,(株)ゼンショーホールディングス,東証PRM,"11,315",-210,-1.82,"872,900",2026/10/08
1154,1154,8074,(株)ＹＵＡＳＡ,東証PRM,"5,950",-110,-1.82,"45,100",2026/10/08
1155,1155,8559,(株)豊和銀行,福証,485,-9,-1.82,"15,700",2026/10/08
1156,1156,1662,石油資源開発(株),東証PRM,"1,683",-31,-1.81,"1,616,600",2026/10/08
1157,1157,2515,(NEXT FUNDS)外国REIT･S&P先進国REIT(除く日本・H無),東証ETF,"1,521",-28,-1.81,"31,155",2026/10/08
1158,1158,3431,宮地エンジニアリンググループ(株),東証PRM,"1,411",-26,-1.81,"223,200",2026/10/08
1159,1159,3635,(株)コーエーテクモホールディングス,東証PRM,"1,600",-29.5,-1.81,"1,271,700",2026/10/08
1160,1160,3773,(株)アドバンスト・メディア,東証GRT,"1,031",-19,-1.81,"20,600",2026/10/08
1161,1161,4063,信越化学工業(株),東証PRM,"6,121",-113,-1.81,"5,197,100",2026/10/08
1162,1162,4568,第一三共(株),東証PRM,"2,653.5",-49,-1.81,"7,822,400",2026/10/08
1163,1163,6203,豊和工業(株),東証STD,"2,280",-42,-1.81,"780,100",2026/10/08
1164,1164,6635,(株)大日光・エンジニアリング,東証STD,650,-12,-1.81,"5,700",2026/10/08
1165,1165,8927,(株)明豊エンタープライズ,東証STD,487,-9,-1.81,"127,600",2026/10/08
1166,1166,1720,東急建設(株),東証PRM,"1,146",-21,-1.8,"443,400",2026/10/08
1167,1167,2243,GX 半導体,東証ETF,"4,860",-89,-1.8,"237,622",2026/10/08
1168,1168,3986,(株)ビーブレイクシステムズ,東証STD,491,-9,-1.8,"1,300",2026/10/08
1169,1169,4375,セーフィー(株),東証GRT,653,-12,-1.8,"77,500",2026/10/08
1170,1170,7231,トピー工業(株),東証PRM,"2,940",-54,-1.8,"70,200",2026/10/08
1171,1171,8237,(株)松屋,東証PRM,"2,131",-39,-1.8,"131,500",2026/10/08
1172,1172,8996,(株)ハウスフリーダム,東証STD,"1,089",-20,-1.8,"2,500",2026/10/08
1173,1173,1586,上場インデックス TOPIX Ex-Financials,東証ETF,"3,120",-57,-1.79,67,2026/10/08
1174,1174,3686,(株)ディー・エル・イー,東証STD,55,-1,-1.79,"389,400",2026/10/08
1175,1175,4582,シンバイオ製薬(株),東証GRT,55,-1,-1.79,"195,800",2026/10/08
1176,1176,5603,虹技(株),東証STD,"1,262",-23,-1.79,"7,500",2026/10/08
1177,1177,5989,(株)エイチワン,東証PRM,"1,374",-25,-1.79,"146,000",2026/10/08
1178,1178,6118,アイダエンジニアリング(株),東証PRM,"1,206",-22,-1.79,"297,900",2026/10/08
1179,1179,8439,東京センチュリー(株),東証PRM,"2,551",-46.5,-1.79,"695,900",2026/10/08
1180,1180,9553,(株)マイクロアド,東証GRT,602,-11,-1.79,"91,800",2026/10/08
1181,1181,9934,因幡電機産業(株),東証PRM,"3,067",-56,-1.79,"281,100",2026/10/08
1182,1182,3422,(株)Ｊ－ＭＡＸ,東証STD,661,-12,-1.78,"20,300",2026/10/08
1183,1183,3513,イチカワ(株),東証STD,"3,595",-65,-1.78,"1,400",2026/10/08
1184,1184,369A,(株)エータイ,東証GRT,"2,647",-48,-1.78,"8,500",2026/10/08
1185,1185,3851,(株)日本一ソフトウェア,東証STD,"1,380",-25,-1.78,"27,900",2026/10/08
1186,1186,6552,(株)ＧａｍｅＷｉｔｈ,東証STD,166,-3,-1.78,"62,400",2026/10/08
1187,1187,6626,ＳＥＭＩＴＥＣ(株),東証STD,"2,701",-49,-1.78,"18,000",2026/10/08
1188,1188,7150,(株)島根銀行,東証STD,497,-9,-1.78,"18,400",2026/10/08
1189,1189,8747,豊トラスティ証券(株),東証STD,"2,100",-38,-1.78,"9,300",2026/10/08
1190,1190,1618,(NEXT FUNDS)エネルギー資源上場投信,東証ETF,"34,930",-630,-1.77,402,2026/10/08
1191,1191,3467,アグレ都市デザイン(株),東証STD,"2,663",-48,-1.77,"4,900",2026/10/08
1192,1192,4409,東邦化学工業(株),東証STD,831,-15,-1.77,"5,700",2026/10/08
1193,1193,4937,(株)Ｗａｑｏｏ,東証GRT,"2,327",-42,-1.77,"5,000",2026/10/08
1194,1194,5928,アルメタックス(株),東証STD,278,-5,-1.77,"8,600",2026/10/08
1195,1195,7989,立川ブラインド工業(株),東証PRM,"2,558",-46,-1.77,"69,100",2026/10/08
1196,1196,8628,松井証券(株),東証PRM,"1,110",-20,-1.77,"1,065,000",2026/10/08
1197,1197,1852,(株)淺沼組,東証PRM,836,-15,-1.76,"364,500",2026/10/08
1198,1198,2854,GX テック・トップ20-日本株式,東証ETF,"2,898",-52,-1.76,"74,649",2026/10/08
1199,1199,3542,(株)ベガコーポレーション,東証GRT,"1,504",-27,-1.76,"6,600",2026/10/08
1200,1200,4216,旭有機材(株),東証PRM,"7,250",-130,-1.76,"59,100",2026/10/08
1201,1201,6560,(株)エル・ティー・エス,東証PRM,"1,784",-32,-1.76,"14,100",2026/10/08
1202,1202,7226,極東開発工業(株),東証PRM,"2,120",-38,-1.76,"402,400",2026/10/08
1203,1203,7482,(株)シモジマ,東証PRM,"1,397",-25,-1.76,"65,100",2026/10/08
1204,1204,2043,NEXT NOTES STOXX アセアン好配当50(円、NR)ETN,東証ETF,"29,670",-530,-1.75,1,2026/10/08
1205,1205,6224,(株)ＪＲＣ,東証GRT,"1,121",-20,-1.75,"21,800",2026/10/08
1206,1206,7239,(株)タチエス,東証PRM,"2,250",-40,-1.75,"104,800",2026/10/08
1207,1207,7897,ホクシン(株),東証STD,112,-2,-1.75,"173,200",2026/10/08
1208,1208,8006,ユアサ・フナショク(株),東証STD,"1,459",-26,-1.75,"3,500",2026/10/08
1209,1209,8101,(株)ＧＳＩクレオス,東証PRM,"2,417",-43,-1.75,"41,500",2026/10/08
1210,1210,8923,トーセイ(株),東証PRM,"1,625",-29,-1.75,"350,500",2026/10/08
1211,1211,1721,コムシスホールディングス(株),東証PRM,"5,539",-98,-1.74,"767,700",2026/10/08
1212,1212,280A,(株)ＴＭＨ,東証GRT,"1,072",-19,-1.74,"18,800",2026/10/08
1213,1213,2975,スター・マイカ・ホールディングス(株),東証PRM,"1,239",-22,-1.74,"459,700",2026/10/08
1214,1214,3662,(株)エイチームホールディングス,東証PRM,904,-16,-1.74,"73,000",2026/10/08
1215,1215,4490,(株)ビザスク,東証GRT,677,-12,-1.74,"7,200",2026/10/08
1216,1216,4554,富士製薬工業(株),東証PRM,"1,748",-31,-1.74,"84,500",2026/10/08
1217,1217,1434,ＪＥＳＣＯホールディングス(株),東証STD,"1,588",-28,-1.73,"36,100",2026/10/08
1218,1218,1585,iFreeETF TOPIX Ex-Financials,東証ETF,"2,699.5",-47.5,-1.73,740,2026/10/08
1219,1219,3111,オーミケンシ(株),東証STD,170,-3,-1.73,"3,400",2026/10/08
1220,1220,4440,(株)ヴィッツ,東証STD,"2,390",-42,-1.73,"128,200",2026/10/08
1221,1221,5851,リョービ(株),東証PRM,"2,662",-47,-1.73,"206,400",2026/10/08
1222,1222,621A,(株)オーディオストック,東証GRT,"1,308",-23,-1.73,"336,400",2026/10/08
1223,1223,8303,(株)ＳＢＩ新生銀行,東証PRM,"1,448",-25.5,-1.73,"3,815,500",2026/10/08
1224,1224,9946,ミニストップ(株),東証PRM,"1,756",-31,-1.73,"82,500",2026/10/08
1225,1225,1306,(NEXT FUNDS)TOPIX連動型上場投信,東証ETF,429.5,-7.5,-1.72,"13,370,110",2026/10/08
1226,1226,2393,(株)日本ケアサプライ,東証STD,"4,290",-75,-1.72,"9,800",2026/10/08
1227,1227,584A,ＬｉＮＫＸ(株),東証GRT,"2,400",-42,-1.72,"45,400",2026/10/08
1228,1228,8737,(株)あかつき本社,東証STD,571,-10,-1.72,"22,900",2026/10/08
1229,1229,9274,ＫＰＰグループホールディングス(株),東証PRM,"1,086",-19,-1.72,"252,800",2026/10/08
1230,1230,4671,(株)ファルコホールディングス,東証STD,"2,650",-46,-1.71,"19,500",2026/10/08
1231,1231,5110,住友ゴム工業(株),東証PRM,"2,008.5",-35,-1.71,"1,424,600",2026/10/08
1232,1232,5285,(株)ヤマックス,東証STD,"1,267",-22,-1.71,"38,900",2026/10/08
1233,1233,5900,(株)ダイケン,東証STD,863,-15,-1.71,900,2026/10/08
1234,1234,5949,ユニプレス(株),東証PRM,"1,264",-22,-1.71,"148,100",2026/10/08
1235,1235,7875,竹田ｉＰホールディングス(株),東証STD,917,-16,-1.71,"29,100",2026/10/08
1236,1236,8887,(株)シーラホールディングス,東証STD,344,-6,-1.71,"82,600",2026/10/08
1237,1237,1711,(株)ＳＤＳホールディングス,東証STD,231,-4,-1.7,"29,200",2026/10/08
1238,1238,265A,Ｈｍｃｏｍｍ(株),東証GRT,751,-13,-1.7,"19,300",2026/10/08
1239,1239,3392,デリカフーズホールディングス(株),東証STD,752,-13,-1.7,"24,700",2026/10/08
1240,1240,3553,共和レザー(株),東証STD,865,-15,-1.7,"41,100",2026/10/08
1241,1241,7181,(株)かんぽ生命保険,東証PRM,"1,675.5",-29,-1.7,"2,778,700",2026/10/08
1242,1242,8739,スパークス・グループ(株),東証PRM,"2,603",-45,-1.7,"135,100",2026/10/08
1243,1243,2522,iシェアーズ オートメーション&ロボット ETF,東証ETF,"9,300",-160,-1.69,"1,286",2026/10/08
1244,1244,3093,(株)トレジャー・ファクトリー,東証PRM,"1,924",-33,-1.69,"108,000",2026/10/08
1245,1245,4242,(株)タカギセイコー,東証STD,"1,686",-29,-1.69,"2,800",2026/10/08
1246,1246,5844,(株)京都フィナンシャルグループ,東証PRM,"4,599",-79,-1.69,"916,200",2026/10/08
1247,1247,7111,ＩＮＥＳＴ(株),東証STD,580,-10,-1.69,"7,400",2026/10/08
1248,1248,7673,ダイコー通産(株),東証STD,"1,691",-29,-1.69,"1,300",2026/10/08
1249,1249,7885,タカノ(株),東証STD,"1,044",-18,-1.69,"16,100",2026/10/08
1250,1250,1348,MAXIS トピックス上場投信,東証ETF,"4,279",-73,-1.68,"705,078",2026/10/08
1251,1251,1480,(NEXT FUNDS)野村企業価値分配指数上場投信,東証ETF,"40,900",-700,-1.68,1,2026/10/08
1252,1252,4506,住友ファーマ(株),東証PRM,"1,583",-27,-1.68,"3,193,700",2026/10/08
1253,1253,6266,タツモ(株),東証PRM,"4,395",-75,-1.68,"242,000",2026/10/08
1254,1254,7943,ニチハ(株),東証PRM,"2,755",-47,-1.68,"73,200",2026/10/08
1255,1255,9381,(株)エーアイテイー,東証PRM,"2,166",-37,-1.68,"44,800",2026/10/08
1256,1256,9612,(株)ラックランド,東証PRM,"1,230",-21,-1.68,"22,200",2026/10/08
1257,1257,1981,(株)協和日成,東証STD,"1,355",-23,-1.67,"1,000",2026/10/08
1258,1258,2017,iFreeETF JPXプライム150,東証ETF,"1,535",-26,-1.67,"37,019",2026/10/08
1259,1259,3201,ニッケ,東証PRM,"1,889",-32,-1.67,"62,800",2026/10/08
1260,1260,3466,ラサールロジポート投資法人,東証,"141,500","-2,400",-1.67,"7,000",2026/10/08
1261,1261,407A,(株)ＵＮＩＣＯＮホールディングス,東証STD,881,-15,-1.67,"20,600",2026/10/08
1262,1262,5411,ＪＦＥホールディングス(株),東証PRM,"1,676.5",-28.5,-1.67,"4,871,500",2026/10/08
1263,1263,6229,(株)オーケーエム,東証STD,"1,471",-25,-1.67,"9,300",2026/10/08
1264,1264,4918,(株)アイビー化粧品,東証STD,297,-5,-1.66,"8,600",2026/10/08
1265,1265,5258,(株)トランザクション・メディア・ネットワークス,東証GRT,414,-7,-1.66,"87,900",2026/10/08
1266,1266,5381,マイポックス(株),東証STD,"1,188",-20,-1.66,"349,700",2026/10/08
1267,1267,7971,東リ(株),東証STD,650,-11,-1.66,"65,500",2026/10/08
1268,1268,9341,(株)ＧＥＮＯＶＡ,東証PRM,594,-10,-1.66,"76,800",2026/10/08
1269,1269,2036,NEXT NOTES 金先物 ダブル・ブル ETN,東証ETF,"139,850","-2,350",-1.65,"5,229",2026/10/08
1270,1270,3388,明治電機工業(株),東証PRM,"2,088",-35,-1.65,"67,700",2026/10/08
1271,1271,479A,ＰＲＯＮＩ(株),東証GRT,"1,910",-32,-1.65,"46,100",2026/10/08
1272,1272,6836,ぷらっとホーム(株),東証STD,893,-15,-1.65,"11,800",2026/10/08
1273,1273,8508,Ｊトラスト(株),東証STD,775,-13,-1.65,"1,667,700",2026/10/08
1274,1274,9327,(株)イー・ロジット,東証STD,179,-3,-1.65,"4,600",2026/10/08
1275,1275,9438,(株)エムティーアイ,東証PRM,595,-10,-1.65,"39,500",2026/10/08
1276,1276,9896,ＪＫホールディングス(株),東証STD,"1,313",-22,-1.65,"34,000",2026/10/08
1277,1277,1541,純プラチナ上場信託(現物国内保管型),東証ETF,"7,631",-127,-1.64,"30,993",2026/10/08
1278,1278,2193,クックパッド(株),東証STD,120,-2,-1.64,"318,100",2026/10/08
1279,1279,246A,(株)アスア,東証GRT,"1,082",-18,-1.64,"2,900",2026/10/08
1280,1280,3917,(株)アイリッジ,東証GRT,481,-8,-1.64,"12,300",2026/10/08
1281,1281,4593,(株)ヘリオス,東証GRT,300,-5,-1.64,"1,679,100",2026/10/08
1282,1282,7112,(株)キューブ,東証GRT,541,-9,-1.64,"8,600",2026/10/08
1283,1283,7670,オーウエル(株),東証STD,"1,201",-20,-1.64,"2,700",2026/10/08
1284,1284,8118,(株)キング,東証STD,"1,139",-19,-1.64,200,2026/10/08
1285,1285,8931,和田興産(株),東証STD,"1,259",-21,-1.64,"7,300",2026/10/08
1286,1286,1678,(NEXT FUNDS)インド株式指数上場投信,東証ETF,283,-4.7,-1.63,"597,470",2026/10/08
1287,1287,1879,新日本建設(株),東証PRM,"2,112",-35,-1.63,"226,200",2026/10/08
1288,1288,2235,上場インデックスファンド米国株式(ダウ平均)H無,東証ETF,"3,498",-58,-1.63,"4,177",2026/10/08
1289,1289,3396,(株)フェリシモ,東証STD,847,-14,-1.63,"15,700",2026/10/08
1290,1290,472A,(株)ミラティブ,東証GRT,542,-9,-1.63,"40,400",2026/10/08
1291,1291,630A,ニッセイ ETF TOPIX(年4回決算型),東証ETF,"1,510",-25,-1.63,"1,014",2026/10/08
1292,1292,7235,東京ラヂエーター製造(株),東証STD,"1,512",-25,-1.63,"14,800",2026/10/08
1293,1293,9629,ピー・シー・エー(株),東証PRM,"1,513",-25,-1.63,"36,700",2026/10/08
1294,1294,9828,(株)Ｇｅｎｋｉ　Ｇｌｏｂａｌ　Ｄｉｎｉｎｇ　Ｃｏｎｃｅｐｔｓ,東証STD,"3,315",-55,-1.63,"51,100",2026/10/08
1295,1295,1308,上場インデックスファンドTOPIX,東証ETF,"4,246",-70,-1.62,"116,771",2026/10/08
1296,1296,1627,(NEXT FUNDS)電力･ガス上場投信,東証ETF,"11,870",-195,-1.62,"3,063",2026/10/08
1297,1297,188A,GX インド・トップ10+,東証ETF,788,-13,-1.62,"15,986",2026/10/08
1298,1298,2674,(株)ハードオフコーポレーション,東証PRM,"2,486",-41,-1.62,"54,800",2026/10/08
1299,1299,2806,ユタカフーズ(株),東証STD,"1,946",-32,-1.62,800,2026/10/08
1300,1300,3775,(株)ガイアックス,名証NXT,426,-7,-1.62,700,2026/10/08
1301,1301,556A,犬猫生活(株),東証GRT,"2,862",-47,-1.62,"25,500",2026/10/08
1302,1302,2644,GX 半導体関連-日本株式,東証ETF,"4,459",-73,-1.61,"885,594",2026/10/08
1303,1303,581A,ＧＯ(株),東証GRT,"3,670",-60,-1.61,"2,370,700",2026/10/08
1304,1304,7305,新家工業(株),東証STD,"2,629",-43,-1.61,"27,100",2026/10/08
1305,1305,7378,(株)アシロ,東証GRT,"1,527",-25,-1.61,"9,700",2026/10/08
1306,1306,7545,(株)西松屋チェーン,東証PRM,"1,900",-31,-1.61,"330,600",2026/10/08
1307,1307,8002,丸紅(株),東証PRM,"4,710",-77,-1.61,"4,101,200",2026/10/08
1308,1308,8098,稲畑産業(株),東証PRM,"4,285",-70,-1.61,"135,800",2026/10/08
1309,1309,8891,ＡＭＧホールディングス(株),東証STD,"2,072",-34,-1.61,"3,100",2026/10/08
1310,1310,1697,WisdomTree 大豆上場投信,東証ETF,"4,853",-79,-1.6,70,2026/10/08
1311,1311,2239,上場インデックスファンドS&P500先物レバレッジ2倍,東証ETF,"27,000",-440,-1.6,"1,203",2026/10/08
1312,1312,3001,片倉工業(株),東証STD,"2,896",-47,-1.6,"16,200",2026/10/08
1313,1313,641A,ＮＯＫ　Ｇｒｏｕｐ(株),東証PRM,"2,775.5",-45,-1.6,"798,100",2026/10/08
1314,1314,6929,日本セラミック(株),東証PRM,"3,680",-60,-1.6,"79,500",2026/10/08
1315,1315,7957,フジコピアン(株),東証STD,"2,028",-33,-1.6,"62,100",2026/10/08
1316,1316,8275,(株)フォーバル,東証STD,"1,046",-17,-1.6,"38,600",2026/10/08
1317,1317,8958,グローバル・ワン不動産投資法人,東証,"104,300","-1,700",-1.6,"5,881",2026/10/08
1318,1318,9816,(株)ストライダーズ,東証STD,246,-4,-1.6,"9,900",2026/10/08
1319,1319,9932,杉本商事(株),東証PRM,"1,288",-21,-1.6,"43,000",2026/10/08
1320,1320,1473,One ETF トピックス,東証ETF,"4,204",-68,-1.59,"3,270",2026/10/08
1321,1321,257A,SMT ETF日本株厳選投資アクティブ,東証ETF,"3,472",-56,-1.59,"1,242",2026/10/08
1322,1322,408A,iシェアーズ AI グローバル・イノベーション アクティブ,東証ETF,315.9,-5.1,-1.59,"274,620",2026/10/08
1323,1323,4119,(株)日本ピグメントホールディングス,東証STD,"6,170",-100,-1.59,400,2026/10/08
1324,1324,4369,(株)トリケミカル研究所,東証PRM,"3,405",-55,-1.59,"511,900",2026/10/08
1325,1325,6226,守谷輸送機工業(株),東証STD,"2,233",-36,-1.59,"138,800",2026/10/08
1326,1326,6620,宮越ホールディングス(株),東証PRM,618,-10,-1.59,"42,900",2026/10/08
1327,1327,6837,(株)京写,東証STD,434,-7,-1.59,"60,900",2026/10/08
1328,1328,6989,北陸電気工業(株),東証STD,"2,292",-37,-1.59,"9,200",2026/10/08
1329,1329,7337,(株)ひろぎんホールディングス,東証PRM,"2,355",-38,-1.59,"1,295,000",2026/10/08
1330,1330,7894,丸東産業(株),福証,"2,100",-34,-1.59,400,2026/10/08
1331,1331,7981,タカラスタンダード(株),東証PRM,"2,962",-48,-1.59,"134,800",2026/10/08
1332,1332,9716,(株)乃村工藝社,東証PRM,"1,176",-19,-1.59,"601,800",2026/10/08
1333,1333,9769,(株)学究社,東証PRM,"2,475",-40,-1.59,"19,100",2026/10/08
1334,1334,1401,(株)エムビーエス,東証GRT,"1,430",-23,-1.58,"9,000",2026/10/08
1335,1335,1629,(NEXT FUNDS)商社･卸売上場投信,東証ETF,267.5,-4.3,-1.58,"1,006,380",2026/10/08
1336,1336,208A,(株)構造計画研究所ホールディングス,東証STD,"2,805",-45,-1.58,"10,600",2026/10/08
1337,1337,2567,NZAM 上場投信 S&P/JPXカーボン・エフィシェント指数,東証ETF,549,-8.8,-1.58,180,2026/10/08
1338,1338,3031,(株)ラクーンホールディングス,東証PRM,687,-11,-1.58,"82,200",2026/10/08
1339,1339,5010,日本精蝋(株),東証STD,311,-5,-1.58,"110,900",2026/10/08
1340,1340,5729,日本精鉱(株),東証STD,"1,678",-27,-1.58,"6,600",2026/10/08
1341,1341,6289,(株)技研製作所,東証PRM,"1,937",-31,-1.58,"74,500",2026/10/08
1342,1342,6958,日本ＣＭＫ(株),東証PRM,812,-13,-1.58,"1,091,400",2026/10/08
1343,1343,1658,iシェアーズ･コア MSCI 新興国株 ETF,東証ETF,"4,331",-69,-1.57,"4,282",2026/10/08
1344,1344,1766,東建コーポレーション(株),東証PRM,"12,550",-200,-1.57,"19,500",2026/10/08
1345,1345,2168,(株)パソナグループ,東証PRM,"1,445",-23,-1.57,"124,800",2026/10/08
1346,1346,4091,日本酸素ホールディングス(株),東証PRM,"5,471",-87,-1.57,"796,400",2026/10/08
1347,1347,5248,(株)テクノロジーズ,東証GRT,502,-8,-1.57,"21,600",2026/10/08
1348,1348,5341,ＡＳＡＨＩ　ＥＩＴＯホールディングス(株),東証STD,125,-2,-1.57,"52,400",2026/10/08
1349,1349,6859,エスペック(株),東証PRM,"4,390",-70,-1.57,"173,000",2026/10/08
1350,1350,7525,リックス(株),東証PRM,"3,450",-55,-1.57,"20,800",2026/10/08
1351,1351,1475,iシェアーズ・コア TOPIX ETF,東証ETF,423.7,-6.7,-1.56,"3,632,760",2026/10/08
1352,1352,1498,One ETF ESG,東証ETF,"32,920",-520,-1.56,4,2026/10/08
1353,1353,2349,(株)エヌアイデイ,東証STD,"2,460",-39,-1.56,100,2026/10/08
1354,1354,3004,神栄(株),東証STD,"2,013",-32,-1.56,"4,600",2026/10/08
1355,1355,3054,(株)ハイパー,東証STD,379,-6,-1.56,"14,500",2026/10/08
1356,1356,3536,アクサスホールディングス(株),東証STD,126,-2,-1.56,"36,200",2026/10/08
1357,1357,3645,(株)メディカルネット,東証STD,253,-4,-1.56,"8,100",2026/10/08
1358,1358,7702,(株)ＪＭＳ,東証STD,441,-7,-1.56,"34,900",2026/10/08
1359,1359,7955,クリナップ(株),東証PRM,882,-14,-1.56,"61,700",2026/10/08
1360,1360,2112,塩水港精糖(株),東証STD,444,-7,-1.55,"72,000",2026/10/08
1361,1361,2924,イフジ産業(株),東証STD,"1,846",-29,-1.55,"2,600",2026/10/08
1362,1362,3668,(株)コロプラ,東証PRM,381,-6,-1.55,"587,500",2026/10/08
1363,1363,7294,(株)ヨロズ,東証PRM,825,-13,-1.55,"81,400",2026/10/08
1364,1364,8007,高島(株),東証PRM,764,-12,-1.55,"96,900",2026/10/08
1365,1365,8032,日本紙パルプ商事(株),東証PRM,"1,207",-19,-1.55,"280,600",2026/10/08
1366,1366,8729,ソニーフィナンシャルグループ(株),東証PRM,146.5,-2.3,-1.55,"58,473,900",2026/10/08
1367,1367,8963,インヴィンシブル投資法人,東証,"57,300",-900,-1.55,"47,768",2026/10/08
1368,1368,9543,静岡ガス(株),東証PRM,"1,268",-20,-1.55,"159,800",2026/10/08
1369,1369,5401,日本製鉄(株),東証PRM,631.3,-9.9,-1.54,"30,634,500",2026/10/08
1370,1370,5406,(株)神戸製鋼所,東証PRM,"1,976",-31,-1.54,"2,131,200",2026/10/08
1371,1371,8233,(株)高島屋,東証PRM,"2,140.5",-33.5,-1.54,"1,336,400",2026/10/08
1372,1372,1939,(株)四電工,東証PRM,"2,181",-34,-1.53,"136,200",2026/10/08
1373,1373,3981,(株)ビーグリー,東証STD,"1,220",-19,-1.53,"4,200",2026/10/08
1374,1374,478A,(株)フツパー,東証GRT,709,-11,-1.53,"31,700",2026/10/08
1375,1375,6849,日本光電,東証PRM,"1,604.5",-25,-1.53,"600,500",2026/10/08
1376,1376,7856,萩原工業(株),東証PRM,"1,992",-31,-1.53,"169,800",2026/10/08
1377,1377,9211,(株)エフ・コード,東証GRT,"1,419",-22,-1.53,"84,200",2026/10/08
1378,1378,9639,三協フロンテア(株),東証STD,"2,311",-36,-1.53,"6,700",2026/10/08
1379,1379,1330,上場インデックスファンド225,東証ETF,"72,000","-1,110",-1.52,"47,123",2026/10/08
1380,1380,1551,東証スタンダードTOP20,東証ETF,"7,144",-110,-1.52,260,2026/10/08
1381,1381,1961,三機工業(株),東証PRM,"2,583",-40,-1.52,"546,100",2026/10/08
1382,1382,2085,MAXIS 高配当日本株アクティブ,東証ETF,757.9,-11.7,-1.52,"14,530",2026/10/08
1383,1383,5480,日本冶金工業(株),東証PRM,"5,180",-80,-1.52,"77,100",2026/10/08
1384,1384,6728,(株)アルバック,東証PRM,"8,249",-127,-1.52,"383,100",2026/10/08
1385,1385,9368,キムラユニティー(株),東証STD,910,-14,-1.52,"20,600",2026/10/08
1386,1386,9888,(株)ＵＥＸ,東証STD,"1,169",-18,-1.52,"84,900",2026/10/08
1387,1387,319A,(株)技術承継機構,東証GRT,"23,550",-360,-1.51,"36,800",2026/10/08
1388,1388,3455,ヘルスケア＆メディカル投資法人,東証,"91,400","-1,400",-1.51,"5,087",2026/10/08
1389,1389,3803,イメージ情報開発(株),東証GRT,586,-9,-1.51,"24,100",2026/10/08
1390,1390,5845,全保連(株),東証STD,"1,176",-18,-1.51,"26,100",2026/10/08
1391,1391,6853,(株)共和電業,東証STD,781,-12,-1.51,"22,000",2026/10/08
1392,1392,7628,(株)オーハシテクニカ,東証PRM,"1,110",-17,-1.51,"47,800",2026/10/08
1393,1393,7815,東京ボード工業(株),東証STD,326,-5,-1.51,900,2026/10/08
1394,1394,8104,クワザワホールディングス(株),東証STD,783,-12,-1.51,"7,500",2026/10/08
1395,1395,2011,SMDAM Active ETF 日本高配当株式,東証ETF,844.3,-12.9,-1.5,"82,360",2026/10/08
1396,1396,2982,(株)ＡＤワークスグループ,東証PRM,395,-6,-1.5,"320,200",2026/10/08
1397,1397,3101,東洋紡(株),東証PRM,"1,640",-25,-1.5,"420,000",2026/10/08
1398,1398,4118,(株)カネカ,東証PRM,"5,971",-91,-1.5,"178,000",2026/10/08
1399,1399,4179,(株)ジーネクスト,東証GRT,329,-5,-1.5,"69,300",2026/10/08
1400,1400,4251,恵和(株),東証PRM,"1,180",-18,-1.5,"129,500",2026/10/08
1401,1401,4380,(株)Ｍマート,東証GRT,655,-10,-1.5,"1,300",2026/10/08
1402,1402,6137,小池酸素工業(株),東証STD,"1,512",-23,-1.5,"27,800",2026/10/08
1403,1403,632A,GX 日経225,東証ETF,"69,510","-1,060",-1.5,"16,809",2026/10/08
1404,1404,6706,電気興業(株),東証PRM,"3,275",-50,-1.5,"31,700",2026/10/08
1405,1405,7122,近畿車輛(株),東証STD,"2,305",-35,-1.5,"9,300",2026/10/08
1406,1406,7283,愛三工業(株),東証PRM,"2,108",-32,-1.5,"130,900",2026/10/08
1407,1407,7607,(株)進和,東証PRM,"2,955",-45,-1.5,"37,400",2026/10/08
1408,1408,9159,(株)Ｗ　ＴＯＫＹＯ,東証GRT,"1,838",-28,-1.5,"3,600",2026/10/08
1409,1409,9621,(株)建設技術研究所,東証PRM,"3,275",-50,-1.5,"51,700",2026/10/08
1410,1410,1899,(株)福田組,東証PRM,"4,620",-70,-1.49,"28,600",2026/10/08
1411,1411,2018,GX US REIT・トップ20,東証ETF,"1,189",-18,-1.49,453,2026/10/08
1412,1412,4391,ロジザード(株),東証GRT,"1,125",-17,-1.49,"3,500",2026/10/08
1413,1413,4629,大伸化学(株),東証STD,"2,310",-35,-1.49,"3,500",2026/10/08
1414,1414,4751,(株)サイバーエージェント,東証PRM,"1,221",-18.5,-1.49,"5,207,300",2026/10/08
1415,1415,6309,巴工業(株),東証PRM,"1,918",-29,-1.49,"192,200",2026/10/08
1416,1416,7831,(株)ウイルコホールディングス,東証STD,66,-1,-1.49,"14,100",2026/10/08
1417,1417,9698,(株)クレオ,東証STD,"1,260",-19,-1.49,"3,200",2026/10/08
1418,1418,1497,iシェアーズ 米ドル建ハイイールド社債ETF(H有),東証ETF,"1,666",-25,-1.48,"11,332",2026/10/08
1419,1419,159A,(NEXT FUNDS) JPXプライム150指数連動型上場投信,東証ETF,740.9,-11.1,-1.48,"18,070",2026/10/08
1420,1420,5445,東京鐵鋼(株),東証PRM,"1,927",-29,-1.48,"89,700",2026/10/08
1421,1421,5609,日本鋳造(株),東証STD,931,-14,-1.48,"6,800",2026/10/08
1422,1422,6797,名古屋電機工業(株),東証STD,"1,202",-18,-1.48,"2,400",2026/10/08
1423,1423,7042,(株)アクセスグループ・ホールディングス,東証STD,665,-10,-1.48,"1,400",2026/10/08
1424,1424,7271,(株)安永,東証STD,797,-12,-1.48,"85,600",2026/10/08
1425,1425,7561,(株)ハークスレイホールディングス,東証STD,665,-10,-1.48,"22,000",2026/10/08
1426,1426,7917,ＺＡＣＲＯＳ(株),東証PRM,"1,199",-18,-1.48,"132,900",2026/10/08
1427,1427,8616,東海東京フィナンシャル・ホールディングス(株),東証PRM,868,-13,-1.48,"1,104,400",2026/10/08
1428,1428,1397,SMDAM 日経225上場投信,東証ETF,"69,920","-1,040",-1.47,918,2026/10/08
1429,1429,3447,信和(株),東証STD,936,-14,-1.47,"50,700",2026/10/08
1430,1430,3529,アツギ(株),東証STD,"1,007",-15,-1.47,"41,000",2026/10/08
1431,1431,3918,ＰＣＩソリューションズ(株),東証STD,"1,140",-17,-1.47,"13,800",2026/10/08
1432,1432,4176,(株)ココナラ,東証GRT,268,-4,-1.47,"208,000",2026/10/08
1433,1433,6547,(株)グリーンズ,東証STD,"2,014",-30,-1.47,"46,900",2026/10/08
1434,1434,7242,カヤバ(株),東証PRM,"1,546",-23,-1.47,"328,300",2026/10/08
1435,1435,7375,(株)リファインバースグループ,東証GRT,"1,207",-18,-1.47,"74,300",2026/10/08
1436,1436,7795,(株)ＫＹＯＲＩＴＳＵ,東証STD,201,-3,-1.47,"69,900",2026/10/08
1437,1437,1929,日特建設(株),東証PRM,"1,145",-17,-1.46,"114,000",2026/10/08
1438,1438,2153,Ｅ・Ｊホールディングス(株),東証PRM,"1,822",-27,-1.46,"78,500",2026/10/08
1439,1439,535A,NZAM 上場投信 DAX(H無),東証ETF,"2,021",-30,-1.46,482,2026/10/08
1440,1440,6349,(株)小森コーポレーション,東証PRM,"1,952",-29,-1.46,"144,500",2026/10/08
1441,1441,6358,酒井重工業(株),東証PRM,"2,024",-30,-1.46,"44,700",2026/10/08
1442,1442,6360,(株)東京自働機械製作所,東証STD,"4,740",-70,-1.46,100,2026/10/08
1443,1443,7833,(株)アイフィスジャパン,東証STD,677,-10,-1.46,"1,000",2026/10/08
1444,1444,7972,(株)イトーキ,東証PRM,"2,428",-36,-1.46,"155,800",2026/10/08
1445,1445,1369,One ETF 日経225,東証ETF,"69,900","-1,030",-1.45,"2,229",2026/10/08
1446,1446,1934,(株)ユアテック,東証PRM,"2,446",-36,-1.45,"172,300",2026/10/08
1447,1447,2321,(株)ソフトフロントホールディングス,東証GRT,136,-2,-1.45,"106,800",2026/10/08
1448,1448,2726,(株)パルグループホールディングス,東証PRM,"1,425",-21,-1.45,"1,281,200",2026/10/08
1449,1449,2762,(株)ＳＡＮＫＯ　ＭＡＲＫＥＴＩＮＧ　ＦＯＯＤＳ,東証STD,68,-1,-1.45,"118,600",2026/10/08
1450,1450,2871,(株)ニチレイ,東証PRM,"2,070.5",-30.5,-1.45,"1,225,600",2026/10/08
1451,1451,4094,日本化学産業(株),東証STD,"2,180",-32,-1.45,"15,000",2026/10/08
1452,1452,4623,(株)アサヒペン,東証STD,"1,838",-27,-1.45,800,2026/10/08
1453,1453,6699,ダイヤモンドエレクトリックホールディングス(株),東証STD,476,-7,-1.45,"113,300",2026/10/08
1454,1454,7244,市光工業(株),東証PRM,542,-8,-1.45,"195,300",2026/10/08
1455,1455,8018,三共生興(株),東証STD,816,-12,-1.45,"36,000",2026/10/08
1456,1456,8818,京阪神ビルディング(株),東証PRM,950,-14,-1.45,"407,600",2026/10/08
1457,1457,9028,(株)ゼロ,東証STD,"3,060",-45,-1.45,"35,900",2026/10/08
1458,1458,1329,iシェアーズ・コア 日経225ETF,東証ETF,"7,202",-105,-1.44,"393,215",2026/10/08
1459,1459,1578,上場インデックスファンド日経225(ミニ),東証ETF,"5,552",-81,-1.44,"1,386",2026/10/08
1460,1460,1810,松井建設(株),東証STD,"1,366",-20,-1.44,"34,900",2026/10/08
1461,1461,2216,カンロ(株),東証STD,"1,024",-15,-1.44,"93,200",2026/10/08
1462,1462,3954,昭和パックス(株),東証STD,"3,070",-45,-1.44,100,2026/10/08
1463,1463,4886,あすか製薬ホールディングス(株),東証PRM,"1,985",-29,-1.44,"52,100",2026/10/08
1464,1464,5945,天龍製鋸(株),東証STD,"2,264",-33,-1.44,"1,300",2026/10/08
1465,1465,8999,グランディハウス(株),東証PRM,546,-8,-1.44,"42,800",2026/10/08
1466,1466,1305,iFreeETF TOPIX(年1回決算型),東証ETF,"4,350",-63,-1.43,"98,630",2026/10/08
1467,1467,1320,iFreeETF 日経225(年1回決算型),東証ETF,"71,770","-1,040",-1.43,"17,782",2026/10/08
1468,1468,1346,MAXIS 日経225上場投信,東証ETF,"71,920","-1,040",-1.43,"12,806",2026/10/08
1469,1469,1599,iFreeETF JPX日経400,東証ETF,"37,990",-550,-1.43,2,2026/10/08
1470,1470,1675,WisdomTree パラジウム上場投信,東証ETF,"16,490",-240,-1.43,263,2026/10/08
1471,1471,1999,サイタホールディングス(株),福証,"3,800",-55,-1.43,100,2026/10/08
1472,1472,2222,寿スピリッツ(株),東証PRM,"2,490",-36,-1.43,"1,204,900",2026/10/08
1473,1473,282A,GX 半導体・トップ10-日本株式,東証ETF,"2,612",-38,-1.43,"295,754",2026/10/08
1474,1474,3087,(株)ドトール・日レスホールディングス,東証PRM,"3,100",-45,-1.43,"210,200",2026/10/08
1475,1475,3156,(株)レスター,東証PRM,"6,220",-90,-1.43,"110,300",2026/10/08
1476,1476,6623,愛知電機(株),名証PRM,"8,970",-130,-1.43,"3,200",2026/10/08
1477,1477,7246,プレス工業(株),東証PRM,965,-14,-1.43,"292,200",2026/10/08
1478,1478,7481,尾家産業(株),東証STD,"2,473",-36,-1.43,"5,700",2026/10/08
1479,1479,7600,(株)日本エム・ディ・エム,東証PRM,619,-9,-1.43,"132,800",2026/10/08
1480,1480,8798,(株)アドバンスクリエイト,東証PRM,69,-1,-1.43,"194,700",2026/10/08
1481,1481,9619,(株)イチネンホールディングス,東証PRM,"2,628",-38,-1.43,"48,200",2026/10/08
1482,1482,9823,(株)マミーマートホールディングス,東証STD,966,-14,-1.43,"73,100",2026/10/08
1483,1483,142A,(株)ジンジブ,東証GRT,974,-14,-1.42,"12,300",2026/10/08
1484,1484,486A,(NEXT FUNDS) ユーロ・ストックス50(H無),東証ETF,"2,080",-30,-1.42,"1,352",2026/10/08
1485,1485,487A,(NEXT FUNDS) ドイツ株式・DAX(H無),東証ETF,"1,944",-28,-1.42,537,2026/10/08
1486,1486,5253,カバー(株),東証GRT,"1,530",-22,-1.42,"707,000",2026/10/08
1487,1487,6165,パンチ工業(株),東証STD,554,-8,-1.42,"76,200",2026/10/08
1488,1488,6209,リケンＮＰＲ(株),東証PRM,"3,825",-55,-1.42,"64,700",2026/10/08
1489,1489,7818,(株)トランザクション,東証PRM,"1,184",-17,-1.42,"148,300",2026/10/08
1490,1490,8045,横浜丸魚(株),東証STD,"2,011",-29,-1.42,700,2026/10/08
1491,1491,8077,トルク(株),東証STD,209,-3,-1.42,"13,800",2026/10/08
1492,1492,8255,アクシアル　リテイリング(株),東証PRM,"1,248",-18,-1.42,"218,000",2026/10/08
1493,1493,1681,上場インデックスファンド海外新興国株式,東証ETF,"3,365",-48,-1.41,"4,175",2026/10/08
1494,1494,2080,PBR1倍割れ解消推進ETF,東証ETF,"2,031",-29,-1.41,"62,776",2026/10/08
1495,1495,2264,森永乳業(株),東証PRM,"1,046",-15,-1.41,"1,801,600",2026/10/08
1496,1496,3046,(株)ジンズホールディングス,東証PRM,"5,590",-80,-1.41,"182,900",2026/10/08
1497,1497,373A,(株)リップス,東証GRT,"1,534",-22,-1.41,"2,300",2026/10/08
1498,1498,4932,(株)アルマード,東証STD,768,-11,-1.41,"9,900",2026/10/08
1499,1499,5578,ＡＲアドバンストテクノロジ(株),東証GRT,906,-13,-1.41,"17,600",2026/10/08
1500,1500,5597,ブルーイノベーション(株),東証GRT,"1,259",-18,-1.41,"31,300",2026/10/08
1501,1501,579A,GX 銀ビジネス,東証ETF,910,-13,-1.41,"4,878",2026/10/08
1502,1502,5942,日本フイルコン(株),東証STD,697,-10,-1.41,"75,300",2026/10/08
1503,1503,5986,モリテック　スチール(株),東証STD,280,-4,-1.41,"103,300",2026/10/08
1504,1504,8772,(株)アサックス,東証STD,911,-13,-1.41,"12,200",2026/10/08
1505,1505,1321,(NEXT FUNDS)日経225連動型上場投信,東証ETF,719.5,-10.2,-1.4,"16,201,220",2026/10/08
1506,1506,3181,(株)買取王国,東証STD,"1,055",-15,-1.4,"3,400",2026/10/08
1507,1507,3649,(株)ファインデックス,東証PRM,843,-12,-1.4,"56,200",2026/10/08
1508,1508,383A,MAXIS S&P500均等ウェイト,東証ETF,"2,532",-36,-1.4,"1,464",2026/10/08
1509,1509,4098,チタン工業(株),東証STD,988,-14,-1.4,"3,600",2026/10/08
1510,1510,4168,(株)ヤプリ,東証GRT,777,-11,-1.4,"23,700",2026/10/08
1511,1511,4202,(株)ダイセル,東証PRM,"1,440",-20.5,-1.4,"1,184,200",2026/10/08
1512,1512,5029,サークレイス(株),東証GRT,915,-13,-1.4,"2,500",2026/10/08
1513,1513,5283,(株)高見澤,東証STD,"3,170",-45,-1.4,300,2026/10/08
1514,1514,5933,アルインコ(株),東証PRM,"1,059",-15,-1.4,"37,900",2026/10/08
1515,1515,6592,マブチモーター(株),東証PRM,"1,760.5",-25,-1.4,"929,600",2026/10/08
1516,1516,7949,小松ウオール工業(株),東証PRM,"2,669",-38,-1.4,"60,900",2026/10/08
1517,1517,8103,明和産業(株),東証PRM,984,-14,-1.4,"151,700",2026/10/08
1518,1518,130A,(株)Ｖｅｒｉｔａｓ　Ｉｎ　Ｓｉｌｉｃｏ,東証GRT,425,-6,-1.39,"12,900",2026/10/08
1519,1519,6463,ＴＰＲ(株),東証PRM,"1,485",-21,-1.39,"100,400",2026/10/08
1520,1520,6466,(株)ＴＶＥ,東証STD,"4,270",-60,-1.39,"9,200",2026/10/08
1521,1521,7213,レシップホールディングス(株),東証STD,638,-9,-1.39,"13,500",2026/10/08
1522,1522,7686,(株)ひとまいる,東証STD,427,-6,-1.39,"27,000",2026/10/08
1523,1523,8081,(株)カナデン,東証PRM,"2,554",-36,-1.39,"52,800",2026/10/08
1524,1524,8198,マックスバリュ東海(株),東証STD,"3,185",-45,-1.39,"12,200",2026/10/08
1525,1525,9245,(株)リベロ,東証GRT,"2,060",-29,-1.39,"4,800",2026/10/08
1526,1526,233A,iFreeETF インドNifty50,東証ETF,"1,709",-24,-1.38,"9,875",2026/10/08
1527,1527,3628,(株)データホライゾン,東証GRT,714,-10,-1.38,"4,800",2026/10/08
1528,1528,4403,日油(株),東証PRM,"2,538",-35.5,-1.38,"825,700",2026/10/08
1529,1529,4685,(株)菱友システムズ,東証STD,"2,781",-39,-1.38,"19,200",2026/10/08
1530,1530,4980,デクセリアルズ(株),東証PRM,"3,564",-50,-1.38,"2,015,700",2026/10/08
1531,1531,563A,GX NASDAQ100・デイリー・カバード・コール,東証ETF,"1,075",-15,-1.38,"680,664",2026/10/08
1532,1532,569A,iシェアーズ プラチナ,東証ETF,164.5,-2.3,-1.38,"18,080",2026/10/08
1533,1533,6156,(株)エーワン精密,東証STD,"1,862",-26,-1.38,"5,400",2026/10/08
1534,1534,7912,大日本印刷(株),東証PRM,"2,930.5",-41,-1.38,"2,092,700",2026/10/08
1535,1535,8908,(株)毎日コムネット,東証STD,858,-12,-1.38,"6,800",2026/10/08
1536,1536,1472,(NEXT FUNDS)JPX日経400ダブルインバース,東証ETF,72,-1,-1.37,"6,224",2026/10/08
1537,1537,148A,(株)ハッチ・ワーク,東証GRT,"1,798",-25,-1.37,"1,800",2026/10/08
1538,1538,2859,(NEXT FUNDS) ユーロ・ストックス50(H有),東証ETF,"3,094",-43,-1.37,"1,136",2026/10/08
1539,1539,3550,(株)スタジオアタオ,東証GRT,216,-3,-1.37,"17,000",2026/10/08
1540,1540,4484,ランサーズ(株),東証GRT,287,-4,-1.37,"3,200",2026/10/08
1541,1541,541A,One ETF TOPIX高配当株グロース指数,東証ETF,"1,117.5",-15.5,-1.37,"20,380",2026/10/08
1542,1542,5868,(株)ロココ,東証STD,"1,008",-14,-1.37,"4,000",2026/10/08
1543,1543,5892,(株)ｙｕｔｏｒｉ,東証GRT,"2,959",-41,-1.37,"64,500",2026/10/08
1544,1544,8115,ムーンバット(株),東証STD,"1,300",-18,-1.37,"2,700",2026/10/08
1545,1545,9765,(株)オオバ,東証PRM,"1,149",-16,-1.37,"26,200",2026/10/08
1546,1546,1592,上場インデックス JPX日経インデックス400,東証ETF,"3,415",-47,-1.36,451,2026/10/08
1547,1547,1694,WisdomTree ニッケル上場投信,東証ETF,"2,111",-29,-1.36,100,2026/10/08
1548,1548,1887,日本国土開発(株),東証PRM,507,-7,-1.36,"449,200",2026/10/08
1549,1549,2531,宝ホールディングス(株),東証PRM,"2,502",-34.5,-1.36,"1,374,100",2026/10/08
1550,1550,2884,(株)ヨシムラ・フード・ホールディングス,東証PRM,580,-8,-1.36,"147,100",2026/10/08
1551,1551,380A,GX チャイナテック,東証ETF,870,-12,-1.36,"11,228",2026/10/08
1552,1552,4813,(株)ＡＣＣＥＳＳ,東証PRM,362,-5,-1.36,"769,400",2026/10/08
1553,1553,6445,(株)ジャノメ,東証PRM,"1,302",-18,-1.36,"48,200",2026/10/08
1554,1554,6874,協立電機(株),東証STD,"2,325",-32,-1.36,"3,100",2026/10/08
1555,1555,7035,ａｎｄ　ｆａｃｔｏｒｙ(株),東証STD,217,-3,-1.36,"28,100",2026/10/08
1556,1556,7320,Ｓｏｌｖｖｙ(株),東証GRT,"1,383",-19,-1.36,"9,700",2026/10/08
1557,1557,8137,サンワテクノス(株),東証PRM,"4,705",-65,-1.36,"49,000",2026/10/08
1558,1558,9827,リリカラ(株),東証STD,651,-9,-1.36,"7,600",2026/10/08
1559,1559,1812,鹿島,東証PRM,"4,757",-65,-1.35,"2,207,000",2026/10/08
1560,1560,3489,(株)フェイスネットワーク,東証STD,730,-10,-1.35,"39,400",2026/10/08
1561,1561,5699,(株)イボキン,東証STD,"1,530",-21,-1.35,"4,200",2026/10/08
1562,1562,6062,(株)チャーム・ケア・コーポレーション,東証PRM,"1,386",-19,-1.35,"76,100",2026/10/08
1563,1563,7266,(株)今仙電機製作所,東証STD,950,-13,-1.35,"29,000",2026/10/08
1564,1564,8133,伊藤忠エネクス(株),東証PRM,"2,192",-30,-1.35,"153,400",2026/10/08
1565,1565,8150,三信電気(株),東証PRM,"3,300",-45,-1.35,"40,700",2026/10/08
1566,1566,2083,(NEXT FUNDS) 日本成長株アクティブ,東証ETF,"4,052",-55,-1.34,"2,115",2026/10/08
1567,1567,4345,(株)シーティーエス,東証PRM,807,-11,-1.34,"65,000",2026/10/08
1568,1568,4994,大成ラミックグループ(株),東証STD,"2,500",-34,-1.34,"13,400",2026/10/08
1569,1569,5288,アジアパイルホールディングス(株),東証PRM,"1,395",-19,-1.34,"257,800",2026/10/08
1570,1570,6392,(株)ヤマダコーポレーション,東証STD,"7,340",-100,-1.34,100,2026/10/08
1571,1571,8425,みずほリース(株),東証PRM,"1,251",-17,-1.34,"752,300",2026/10/08
1572,1572,8708,アイザワ証券グループ(株),東証PRM,"1,618",-22,-1.34,"121,700",2026/10/08
1573,1573,9262,(株)シルバーライフ,東証STD,663,-9,-1.34,"27,200",2026/10/08
1574,1574,1820,西松建設(株),東証PRM,"5,111",-69,-1.33,"193,200",2026/10/08
1575,1575,2524,NZAM 上場投信 TOPIX,東証ETF,"4,231",-57,-1.33,"1,086",2026/10/08
1576,1576,2753,(株)あみやき亭,東証PRM,"1,263",-17,-1.33,"119,800",2026/10/08
1577,1577,2780,(株)コメ兵ホールディングス,東証STD,"4,450",-60,-1.33,"51,800",2026/10/08
1578,1578,2933,(株)紀文食品,東証PRM,"1,035",-14,-1.33,"53,200",2026/10/08
1579,1579,3159,丸善ＣＨＩホールディングス(株),東証STD,370,-5,-1.33,"127,400",2026/10/08
1580,1580,3639,(株)ボルテージ,東証STD,223,-3,-1.33,"3,700",2026/10/08
1581,1581,3661,(株)エムアップホールディングス,東証PRM,814,-11,-1.33,"318,000",2026/10/08
1582,1582,4218,ニチバン(株),東証PRM,"1,852",-25,-1.33,"19,300",2026/10/08
1583,1583,4620,藤倉化成(株),東証STD,"1,113",-15,-1.33,"182,500",2026/10/08
1584,1584,5388,クニミネ工業(株),東証STD,"1,338",-18,-1.33,"3,900",2026/10/08
1585,1585,5975,東プレ(株),東証PRM,"3,335",-45,-1.33,"79,000",2026/10/08
1586,1586,6899,ＡＳＴＩ(株),東証STD,"2,157",-29,-1.33,"9,800",2026/10/08
1587,1587,7084,(株)Ｓｍｉｌｅ　Ｈｏｌｄｉｎｇｓ,東証GRT,"2,744",-37,-1.33,"5,500",2026/10/08
1588,1588,8613,丸三証券(株),東証PRM,"1,187",-16,-1.33,"229,200",2026/10/08
1589,1589,9502,中部電力(株),東証PRM,"2,640.5",-35.5,-1.33,"5,504,000",2026/10/08
1590,1590,9876,(株)コックス,東証STD,222,-3,-1.33,"27,400",2026/10/08
1591,1591,1593,MAXIS JPX日経インデックス400上場投信,東証ETF,"38,260",-510,-1.32,"1,159",2026/10/08
1592,1592,4045,東亞合成(株),東証PRM,"1,791",-24,-1.32,"206,700",2026/10/08
1593,1593,4341,西菱電機(株),東証STD,900,-12,-1.32,"2,600",2026/10/08
1594,1594,497A,インバウンド消費関連 日本株(ネットリターン)ETN,東証ETF,"10,075",-135,-1.32,700,2026/10/08
1595,1595,5192,三ツ星ベルト(株),東証PRM,"4,100",-55,-1.32,"59,400",2026/10/08
1596,1596,7217,(株)テイン,東証STD,450,-6,-1.32,500,2026/10/08
1597,1597,7291,日本プラスト(株),東証STD,450,-6,-1.32,"5,100",2026/10/08
1598,1598,8554,(株)南日本銀行,福証,"1,424",-19,-1.32,"4,600",2026/10/08
1599,1599,1474,One ETF JPX日経400,東証ETF,"37,600",-500,-1.31,73,2026/10/08
1600,1600,1826,佐田建設(株),東証STD,"1,056",-14,-1.31,"7,300",2026/10/08
1601,1601,1976,明星工業(株),東証PRM,"1,655",-22,-1.31,"73,500",2026/10/08
1602,1602,3300,(株)アンビション　ＤＸ　ホールディングス,東証GRT,"1,810",-24,-1.31,"25,800",2026/10/08
1603,1603,3652,(株)ディジタルメディアプロフェッショナル,東証GRT,"3,025",-40,-1.31,"21,900",2026/10/08
1604,1604,4538,扶桑薬品工業(株),東証PRM,"2,115",-28,-1.31,"22,900",2026/10/08
1605,1605,5139,オープンワーク(株),東証GRT,907,-12,-1.31,"8,800",2026/10/08
1606,1606,5368,日本インシュレーション(株),東証STD,983,-13,-1.31,"26,200",2026/10/08
1607,1607,5959,岡部(株),東証PRM,901,-12,-1.31,"140,100",2026/10/08
1608,1608,7510,(株)たけびし,東証PRM,"2,867",-38,-1.31,"44,900",2026/10/08
1609,1609,8267,イオン(株),東証PRM,"1,201.5",-16,-1.31,"15,153,700",2026/10/08
1610,1610,9994,(株)やまや,東証STD,"1,964",-26,-1.31,"23,300",2026/10/08
1611,1611,2250,iシェアーズ MSCI ジャパン気候変動アクション ETF,東証ETF,379.3,-5,-1.3,360,2026/10/08
1612,1612,2689,オルバディーブイエックスヘルスケア(株),東証STD,"1,905",-25,-1.3,"4,600",2026/10/08
1613,1613,7280,(株)ミツバ,東証PRM,"1,286",-17,-1.3,"148,100",2026/10/08
1614,1614,7494,(株)コナカ,東証STD,227,-3,-1.3,"11,500",2026/10/08
1615,1615,261A,(株)日水コン,東証STD,"1,920",-25,-1.29,"38,900",2026/10/08
1616,1616,2636,GX MSCIガバナンス・クオリティ-日本株式,東証ETF,"5,047",-66,-1.29,41,2026/10/08
1617,1617,3744,サイオス(株),東証STD,460,-6,-1.29,"12,500",2026/10/08
1618,1618,4880,セルソース(株),東証STD,307,-4,-1.29,"61,900",2026/10/08
1619,1619,5195,バンドー化学(株),東証PRM,"2,442",-32,-1.29,"48,800",2026/10/08
1620,1620,5909,(株)コロナ,東証STD,916,-12,-1.29,"24,100",2026/10/08
1621,1621,6223,(株)西部技研,東証STD,"1,910",-25,-1.29,"31,300",2026/10/08
1622,1622,7369,(株)メイホーホールディングス,東証GRT,382,-5,-1.29,"2,500",2026/10/08
1623,1623,7399,(株)ナンシン,東証STD,611,-8,-1.29,500,2026/10/08
1624,1624,8079,正栄食品工業(株),東証PRM,"4,205",-55,-1.29,"139,000",2026/10/08
1625,1625,8697,(株)日本取引所グループ,東証PRM,"2,251.5",-29.5,-1.29,"2,946,100",2026/10/08
1626,1626,9248,人・夢・技術グループ(株),東証STD,"1,531",-20,-1.29,"31,300",2026/10/08
1627,1627,1651,iFreeETF TOPIX高配当40指数,東証ETF,"3,248",-42,-1.28,"29,349",2026/10/08
1628,1628,1945,(株)東京エネシス,東証PRM,"2,079",-27,-1.28,"203,400",2026/10/08
1629,1629,244A,グロースエクスパートナーズ(株),東証GRT,"1,234",-16,-1.28,"2,800",2026/10/08
1630,1630,2516,東証グロース250ETF,東証ETF,631.9,-8.2,-1.28,"294,420",2026/10/08
1631,1631,3750,ＡＤＲバイオメディカルホールディングス(株),東証STD,770,-10,-1.28,"3,600",2026/10/08
1632,1632,8166,(株)タカキュー,東証STD,77,-1,-1.28,"160,500",2026/10/08
1633,1633,9466,(株)アイドママーケティングコミュニケーション,東証STD,232,-3,-1.28,"3,500",2026/10/08
1634,1634,3266,(株)ファンドクリエーショングループ,東証STD,78,-1,-1.27,"31,500",2026/10/08
1635,1635,6400,不二精機(株),東証STD,312,-4,-1.27,"25,200",2026/10/08
1636,1636,6986,双葉電子工業(株),東証PRM,697,-9,-1.27,"365,000",2026/10/08
1637,1637,7376,ＢＣＣ(株),東証GRT,701,-9,-1.27,"79,900",2026/10/08
1638,1638,8596,(株)九州リースサービス,東証STD,"1,479",-19,-1.27,"30,900",2026/10/08
1639,1639,9235,売れるネット広告社グループ(株),東証GRT,389,-5,-1.27,"18,100",2026/10/08
1640,1640,9414,日本ＢＳ放送(株),東証STD,935,-12,-1.27,"94,000",2026/10/08
1641,1641,2257,iシェアーズ 米ドル建て投資適格社債,東証ETF,212.2,-2.7,-1.26,"31,610",2026/10/08
1642,1642,2525,NZAM 上場投信 日経225,東証ETF,"70,310",-900,-1.26,"11,680",2026/10/08
1643,1643,4097,高圧ガス工業(株),東証PRM,"1,177",-15,-1.26,"41,600",2026/10/08
1644,1644,7723,愛知時計電機(株),東証PRM,"2,822",-36,-1.26,"24,000",2026/10/08
1645,1645,8093,極東貿易(株),東証PRM,"1,727",-22,-1.26,"57,700",2026/10/08
1646,1646,9799,旭情報サービス(株),東証STD,937,-12,-1.26,"7,900",2026/10/08
1647,1647,1481,上場インデックスファンド日本経済貢献株,東証ETF,"3,881",-49,-1.25,54,2026/10/08
1648,1648,162A,AIセレクトメガトレンド日本株(ネットリターン)ETN,東証ETF,"17,730",-225,-1.25,69,2026/10/08
1649,1649,3063,(株)ジェイグループホールディングス,東証GRT,"1,108",-14,-1.25,"16,200",2026/10/08
1650,1650,3113,(株)ＵＮＩＶＡ・Ｏａｋホールディングス,東証STD,79,-1,-1.25,"43,100",2026/10/08
1651,1651,7460,(株)ヤギ,東証STD,"1,655",-21,-1.25,"10,300",2026/10/08
1652,1652,7874,レック(株),東証PRM,947,-12,-1.25,"64,800",2026/10/08
1653,1653,2082,投資家経営者一心同体ETF,東証ETF,"1,272",-16,-1.24,115,2026/10/08
1654,1654,2146,ＵＴグループ(株),東証PRM,238,-3,-1.24,"2,043,100",2026/10/08
1655,1655,2253,GX スーパーディビィデンド-US,東証ETF,"1,276",-16,-1.24,"2,315",2026/10/08
1656,1656,2790,(株)ナフコ,東証STD,"1,990",-25,-1.24,"7,000",2026/10/08
1657,1657,335A,(株)ミライロ,東証GRT,318,-4,-1.24,"3,600",2026/10/08
1658,1658,4783,ＮＣＤ(株),東証STD,"2,385",-30,-1.24,"18,800",2026/10/08
1659,1659,5491,日本金属(株),東証STD,876,-11,-1.24,"50,400",2026/10/08
1660,1660,5970,(株)ジーテクト,東証PRM,"2,159",-27,-1.24,"88,200",2026/10/08
1661,1661,9264,ポエック(株),東証STD,"1,598",-20,-1.24,"11,200",2026/10/08
1662,1662,2853,iシェアーズ 気候リスク調整世界国債(除く日本・H有),東証ETF,591.9,-7.4,-1.23,230,2026/10/08
1663,1663,3841,(株)ジーダット,東証STD,"1,285",-16,-1.23,500,2026/10/08
1664,1664,4040,南海化学(株),東証STD,"4,005",-50,-1.23,"4,300",2026/10/08
1665,1665,4192,スパイダープラス(株),東証GRT,320,-4,-1.23,"174,300",2026/10/08
1666,1666,4286,(株)ＣＬホールディングス,東証STD,"1,280",-16,-1.23,"18,900",2026/10/08
1667,1667,4617,中国塗料(株),東証PRM,"3,610",-45,-1.23,"143,300",2026/10/08
1668,1668,5955,(株)ワイズホールディングス,東証STD,80,-1,-1.23,"1,043,500",2026/10/08
1669,1669,6246,(株)テクノスマート,東証STD,"1,769",-22,-1.23,"7,000",2026/10/08
1670,1670,6405,鈴茂器工(株),東証STD,"1,284",-16,-1.23,"19,500",2026/10/08
1671,1671,7621,(株)うかい,東証STD,"3,215",-40,-1.23,"3,600",2026/10/08
1672,1672,7685,(株)ＢｕｙＳｅｌｌ　Ｔｅｃｈｎｏｌｏｇｉｅｓ,東証GRT,"2,731",-34,-1.23,"288,100",2026/10/08
1673,1673,9560,(株)プログリット,東証GRT,885,-11,-1.23,"26,100",2026/10/08
1674,1674,9755,応用地質(株),東証PRM,"2,724",-34,-1.23,"133,800",2026/10/08
1675,1675,1619,(NEXT FUNDS)建設･資材上場投信,東証ETF,"44,640",-550,-1.22,"1,003",2026/10/08
1676,1676,3657,ポールトゥウィンホールディングス(株),東証PRM,324,-4,-1.22,"245,400",2026/10/08
1677,1677,3979,(株)うるる,東証GRT,486,-6,-1.22,"5,300",2026/10/08
1678,1678,4450,(株)パワーソリューションズ,東証GRT,"2,352",-29,-1.22,"10,500",2026/10/08
1679,1679,456A,ＨＵＭＡＮ　ＭＡＤＥ(株),東証GRT,"2,024",-25,-1.22,"647,300",2026/10/08
1680,1680,6005,三浦工業(株),東証PRM,"2,994",-37,-1.22,"411,700",2026/10/08
1681,1681,6753,シャープ(株),東証PRM,622.4,-7.7,-1.22,"3,535,500",2026/10/08
1682,1682,7218,田中精密工業(株),東証STD,"1,135",-14,-1.22,100,2026/10/08
1683,1683,7222,日産車体(株),東証STD,890,-11,-1.22,"103,800",2026/10/08
1684,1684,7367,(株)セルム,東証STD,324,-4,-1.22,"9,300",2026/10/08
1685,1685,8086,ニプロ(株),東証PRM,"1,330.5",-16.5,-1.22,"955,500",2026/10/08
1686,1686,1496,iシェアーズ 米ドル建て投資適格社債ETF(H有),東証ETF,"1,553",-19,-1.21,"9,163",2026/10/08
1687,1687,1687,WisdomTree 農産物上場投信,東証ETF,"1,100.5",-13.5,-1.21,980,2026/10/08
1688,1688,180A,GX 超長期米国債,東証ETF,262,-3.2,-1.21,"46,990",2026/10/08
1689,1689,4041,日本曹達(株),東証PRM,"3,670",-45,-1.21,"107,000",2026/10/08
1690,1690,4373,シンプレクス・ホールディングス(株),東証PRM,"1,147",-14,-1.21,"737,600",2026/10/08
1691,1691,5038,(株)ｅＷｅＬＬ,東証GRT,"2,295",-28,-1.21,"34,800",2026/10/08
1692,1692,6237,(株)イワキ,東証PRM,"4,070",-50,-1.21,"42,100",2026/10/08
1693,1693,7131,のむら産業(株),東証STD,"3,685",-45,-1.21,"7,400",2026/10/08
1694,1694,7359,(株)東京通信グループ,東証GRT,245,-3,-1.21,"48,500",2026/10/08
1695,1695,7906,ヨネックス(株),東証STD,"2,361",-29,-1.21,"824,100",2026/10/08
1696,1696,1738,(株)ＮＩＴＴＯＨ,名証MN,576,-7,-1.2,800,2026/10/08
1697,1697,2489,(株)アドウェイズ,東証STD,410,-5,-1.2,"163,500",2026/10/08
1698,1698,2565,GX ロジスティクス・J-REIT,東証ETF,824,-10,-1.2,"241,602",2026/10/08
1699,1699,3166,ＯＣＨＩホールディングス(株),東証STD,"1,401",-17,-1.2,"4,000",2026/10/08
1700,1700,4198,(株)テンダ,東証STD,495,-6,-1.2,"4,100",2026/10/08
1701,1701,4919,(株)ミルボン,東証PRM,"3,280",-40,-1.2,"132,200",2026/10/08
1702,1702,607A,(株)エブリー,東証GRT,247,-3,-1.2,"263,000",2026/10/08
1703,1703,6182,(株)メタリアル,東証GRT,495,-6,-1.2,"22,600",2026/10/08
1704,1704,6306,日工(株),東証PRM,986,-12,-1.2,"126,000",2026/10/08
1705,1705,7581,(株)サイゼリヤ,東証PRM,"6,570",-80,-1.2,"367,700",2026/10/08
1706,1706,7722,国際計測器(株),東証STD,742,-9,-1.2,"15,100",2026/10/08
1707,1707,7865,ピープル(株),東証STD,328,-4,-1.2,"1,500",2026/10/08
1708,1708,7937,(株)ツツミ,東証STD,"2,384",-29,-1.2,"22,200",2026/10/08
1709,1709,1450,ＴＡＮＡＫＥＮ(株),東証STD,"1,495",-18,-1.19,"3,200",2026/10/08
1710,1710,200A,(NEXT FUNDS) 日経半導体株指数連動型上場投信,東証ETF,"4,740",-57,-1.19,"1,629,777",2026/10/08
1711,1711,2864,GX ロジスティクス・REIT,東証ETF,"1,242",-15,-1.19,251,2026/10/08
1712,1712,3296,日本リート投資法人,東証,"74,900",-900,-1.19,"5,498",2026/10/08
1713,1713,339A,プログレス・テクノロジーズ　グループ(株),東証GRT,912,-11,-1.19,"6,700",2026/10/08
1714,1714,8157,都築電気(株),東証PRM,"4,160",-50,-1.19,"40,600",2026/10/08
1715,1715,9514,(株)エフオン,東証STD,333,-4,-1.19,"154,100",2026/10/08
1716,1716,1435,(株)ｒｏｂｏｔ　ｈｏｍｅ,東証STD,167,-2,-1.18,"266,700",2026/10/08
1717,1717,1656,iシェアーズ･コア 米国債7-10年 ETF,東証ETF,293.7,-3.5,-1.18,"185,180",2026/10/08
1718,1718,1941,(株)中電工,東証PRM,"5,040",-60,-1.18,"111,200",2026/10/08
1719,1719,2621,iシェアーズ 米国債20年超(H有),東証ETF,925,-11,-1.18,"270,027",2026/10/08
1720,1720,3150,(株)グリムス,東証PRM,"2,348",-28,-1.18,"63,800",2026/10/08
1721,1721,4235,ウルトラファブリックス・ホールディングス(株),東証STD,672,-8,-1.18,"25,100",2026/10/08
1722,1722,6027,弁護士ドットコム(株),東証PRM,"5,040",-60,-1.18,"70,400",2026/10/08
1723,1723,6545,(株)インターネットインフィニティー,東証GRT,755,-9,-1.18,"21,600",2026/10/08
1724,1724,7357,(株)ジオコード,東証STD,"1,680",-20,-1.18,"5,000",2026/10/08
1725,1725,7509,アイエーグループ(株),東証STD,"4,590",-55,-1.18,200,2026/10/08
1726,1726,8424,芙蓉総合リース(株),東証PRM,"4,175",-50,-1.18,"312,500",2026/10/08
1727,1727,9272,ブティックス(株),東証GRT,"1,506",-18,-1.18,"2,000",2026/10/08
1728,1728,2040,NEXT NOTES NYダウ･ダブル･ブル･ドルヘッジ ETN,東証ETF,"36,470",-430,-1.17,958,2026/10/08
1729,1729,2252,GX Morningstar 米国中小型 Moat,東証ETF,"1,355",-16,-1.17,"28,400",2026/10/08
1730,1730,2736,フェスタリアホールディングス(株),東証STD,591,-7,-1.17,"7,300",2026/10/08
1731,1731,3284,(株)フージャースホールディングス,東証PRM,"1,187",-14,-1.17,"283,500",2026/10/08
1732,1732,3791,(株)ＩＧポート,東証STD,"1,095",-13,-1.17,"41,600",2026/10/08
1733,1733,3930,(株)はてな,東証GRT,757,-9,-1.17,"3,900",2026/10/08
1734,1734,4187,大阪有機化学工業(株),東証PRM,"4,640",-55,-1.17,"177,800",2026/10/08
1735,1735,4272,日本化薬(株),東証PRM,"2,113.5",-25,-1.17,"588,000",2026/10/08
1736,1736,6543,(株)日宣,東証STD,"1,179",-14,-1.17,600,2026/10/08
1737,1737,6824,新コスモス電機(株),東証STD,"3,810",-45,-1.17,"10,400",2026/10/08
1738,1738,7049,(株)識学,東証GRT,760,-9,-1.17,"11,500",2026/10/08
1739,1739,7857,セキ(株),東証STD,"1,272",-15,-1.17,600,2026/10/08
1740,1740,9887,(株)松屋フーズホールディングス,東証PRM,"5,090",-60,-1.17,"39,700",2026/10/08
1741,1741,1674,WisdomTree 白金上場投信,東証ETF,"23,840",-280,-1.16,432,2026/10/08
1742,1742,1926,ライト工業(株),東証PRM,934,-11,-1.16,"546,800",2026/10/08
1743,1743,2259,iシェアーズ フランス国債7-10年(H有),東証ETF,169.7,-2,-1.16,"397,870",2026/10/08
1744,1744,2848,GX MSCI 気候変動対応-日本株式,東証ETF,"3,141",-37,-1.16,160,2026/10/08
1745,1745,2928,ＲＩＺＡＰグループ(株),札幌ア,170,-2,-1.16,"610,400",2026/10/08
1746,1746,3646,(株)駅探,東証STD,340,-4,-1.16,"3,500",2026/10/08
1747,1747,4890,(株)坪田ラボ,東証GRT,256,-3,-1.16,"25,800",2026/10/08
1748,1748,5161,西川ゴム工業(株),東証STD,"3,400",-40,-1.16,"293,200",2026/10/08
1749,1749,6227,ＡＩメカテック(株),東証STD,"8,490",-100,-1.16,"1,281,800",2026/10/08
1750,1750,6467,(株)ニチダイ,東証STD,342,-4,-1.16,"6,300",2026/10/08
1751,1751,6748,星和電機(株),東証STD,770,-9,-1.16,"19,600",2026/10/08
1752,1752,6809,ＴＯＡ(株),東証PRM,"1,708",-20,-1.16,"77,100",2026/10/08
1753,1753,8075,神鋼商事(株),東証PRM,"2,990",-35,-1.16,"74,600",2026/10/08
1754,1754,8835,太平洋興発(株),東証STD,768,-9,-1.16,"13,300",2026/10/08
1755,1755,1482,iシェアーズ・コア 米国債7-10年ETF(H有),東証ETF,"1,462",-17,-1.15,"53,927",2026/10/08
1756,1756,1994,高橋カーテンウォール工業(株),東証STD,603,-7,-1.15,"10,400",2026/10/08
1757,1757,2173,(株)博展,東証GRT,772,-9,-1.15,"9,900",2026/10/08
1758,1758,2254,GX チャイナEV&バッテリー,東証ETF,947,-11,-1.15,"8,404",2026/10/08
1759,1759,2270,雪印メグミルク(株),東証PRM,"3,445",-40,-1.15,"148,600",2026/10/08
1760,1760,3374,内外テック(株),東証STD,"5,160",-60,-1.15,"32,200",2026/10/08
1761,1761,4169,ＥＮＥＣＨＡＮＧＥ(株),東証GRT,258,-3,-1.15,"295,900",2026/10/08
1762,1762,5121,藤倉コンポジット(株),東証PRM,"3,015",-35,-1.15,"100,900",2026/10/08
1763,1763,586A,(NEXT FUNDS) 日経エンタメ・コンテンツ株指数,東証ETF,241.4,-2.8,-1.15,"201,110",2026/10/08
1764,1764,6294,オカダアイヨン(株),東証PRM,"1,895",-22,-1.15,"19,200",2026/10/08
1765,1765,6572,オープングループ(株),東証PRM,258,-3,-1.15,"130,300",2026/10/08
1766,1766,6594,ニデック(株),東証PRM,"2,140",-25,-1.15,"11,280,100",2026/10/08
1767,1767,6993,大黒屋ホールディングス(株),東証STD,86,-1,-1.15,"1,596,600",2026/10/08
1768,1768,8022,ミズノ(株),東証PRM,"4,280",-50,-1.15,"216,100",2026/10/08
1769,1769,1968,太平電業(株),東証PRM,"2,418",-28,-1.14,"149,800",2026/10/08
1770,1770,2502,アサヒグループホールディングス(株),東証PRM,"1,559",-18,-1.14,"8,707,200",2026/10/08
1771,1771,2865,GX NASDAQ100・カバード・コール,東証ETF,"1,297",-15,-1.14,"228,209",2026/10/08
1772,1772,417A,(株)ブルーゾーンホールディングス,東証PRM,"1,820",-21,-1.14,"279,900",2026/10/08
1773,1773,4479,(株)マクアケ,東証GRT,957,-11,-1.14,"11,000",2026/10/08
1774,1774,9622,(株)スペース,東証PRM,"1,382",-16,-1.14,"98,500",2026/10/08
1775,1775,1871,ピーエス・コンストラクション(株),東証PRM,"2,020",-23,-1.13,"194,400",2026/10/08
1776,1776,2236,GX S&P500配当貴族,東証ETF,"1,400",-16,-1.13,"3,632",2026/10/08
1777,1777,2518,(NEXT FUNDS) MSCI日本株女性活躍(セレクト)上場投信,東証ETF,"2,456",-28,-1.13,60,2026/10/08
1778,1778,3167,(株)ＴＯＫＡＩホールディングス,東証PRM,"1,315",-15,-1.13,"429,000",2026/10/08
1779,1779,364A,(NEXT FUNDS) S&P500 配当貴族指数連動型上場投信,東証ETF,"2,368",-27,-1.13,"6,653",2026/10/08
1780,1780,4308,(株)Ｊストリーム,東証GRT,351,-4,-1.13,"42,200",2026/10/08
1781,1781,473A,ニッセイ ETF 日経225インデックス,東証ETF,"1,399",-16,-1.13,917,2026/10/08
1782,1782,6915,千代田インテグレ(株),東証STD,"3,500",-40,-1.13,"19,200",2026/10/08
1783,1783,6932,(株)遠藤照明,東証STD,"2,459",-28,-1.13,"21,100",2026/10/08
1784,1784,8804,東京建物(株),東証PRM,"3,157",-36,-1.13,"783,200",2026/10/08
1785,1785,8985,ジャパン・ホテル・リート投資法人,東証,"78,600",-900,-1.13,"23,797",2026/10/08
1786,1786,1870,矢作建設工業(株),東証PRM,"2,025",-23,-1.12,"142,400",2026/10/08
1787,1787,3423,(株)エスイー,東証STD,264,-3,-1.12,"4,700",2026/10/08
1788,1788,4553,東和薬品(株),東証PRM,"3,545",-40,-1.12,"161,900",2026/10/08
1789,1789,4809,パラカ(株),東証PRM,"1,949",-22,-1.12,"18,700",2026/10/08
1790,1790,4977,新田ゼラチン(株),東証STD,"1,149",-13,-1.12,"37,400",2026/10/08
1791,1791,4998,フマキラー(株),東証STD,"1,144",-13,-1.12,"9,900",2026/10/08
1792,1792,5911,(株)横河ブリッジホールディングス,東証PRM,"2,828",-32,-1.12,"130,500",2026/10/08
1793,1793,8174,日本瓦斯(株),東証PRM,925.6,-10.5,-1.12,"1,340,100",2026/10/08
1794,1794,8700,丸八証券(株),東証STD,"2,037",-23,-1.12,"1,700",2026/10/08
1795,1795,8917,ファースト住建(株),東証STD,"1,061",-12,-1.12,"34,800",2026/10/08
1796,1796,9033,広島電鉄(株),東証STD,619,-7,-1.12,"10,000",2026/10/08
1797,1797,9449,ＧＭＯインターネットグループ(株),東証PRM,"3,878",-44,-1.12,"496,300",2026/10/08
1798,1798,3804,(株)システム　ディ,東証STD,446,-5,-1.11,500,2026/10/08
1799,1799,3998,(株)すららネット,東証GRT,268,-3,-1.11,"7,500",2026/10/08
1800,1800,438A,(株)インフキュリオン,東証GRT,"1,067",-12,-1.11,"28,400",2026/10/08
1801,1801,5134,(株)ＰＯＰＥＲ,東証GRT,447,-5,-1.11,"8,400",2026/10/08
1802,1802,5363,(株)ＴＹＫ,東証STD,715,-8,-1.11,"51,000",2026/10/08
1803,1803,5976,ネツレン,東証PRM,"1,425",-16,-1.11,"85,400",2026/10/08
1804,1804,6150,タケダ機械(株),東証STD,"2,750",-31,-1.11,600,2026/10/08
1805,1805,7119,(株)ハルメクホールディングス,東証GRT,"1,875",-21,-1.11,"10,000",2026/10/08
1806,1806,7488,(株)ヤガミ,名証MN,"5,360",-60,-1.11,"2,500",2026/10/08
1807,1807,8203,(株)ＭｒＭａｘＨＤ,東証PRM,710,-8,-1.11,"314,800",2026/10/08
1808,1808,8253,(株)クレディセゾン,東証PRM,"4,263",-48,-1.11,"1,074,200",2026/10/08
1809,1809,8601,(株)大和証券グループ本社,東証PRM,"1,742",-19.5,-1.11,"6,383,400",2026/10/08
1810,1810,9761,東海リース(株),東証STD,"2,309",-26,-1.11,"1,800",2026/10/08
1811,1811,272A,(株)グリーンクロスホールディングス,福証,"1,345",-15,-1.1,300,2026/10/08
1812,1812,3863,日本製紙(株),東証PRM,"1,254",-14,-1.1,"478,800",2026/10/08
1813,1813,5138,(株)Ｒｅｂａｓｅ,東証GRT,450,-5,-1.1,800,2026/10/08
1814,1814,6292,(株)カワタ,東証STD,807,-9,-1.1,"14,600",2026/10/08
1815,1815,7284,盟和産業(株),東証STD,"1,172",-13,-1.1,800,2026/10/08
1816,1816,8975,いちごオフィスリート投資法人,東証,"89,600","-1,000",-1.1,"7,638",2026/10/08
1817,1817,9244,(株)デジタリフト,東証GRT,"1,080",-12,-1.1,"13,800",2026/10/08
1818,1818,9380,東海運(株),東証STD,449,-5,-1.1,"17,300",2026/10/08
1819,1819,9551,メタウォーター(株),東証PRM,"3,155",-35,-1.1,"205,000",2026/10/08
1820,1820,9661,(株)歌舞伎座,東証STD,"4,040",-45,-1.1,"8,800",2026/10/08
1821,1821,2411,ゲンダイエージェンシー(株),東証STD,453,-5,-1.09,"4,800",2026/10/08
1822,1822,2501,サッポロビール(株),東証PRM,"1,821",-20,-1.09,"1,011,800",2026/10/08
1823,1823,2936,ベースフード(株),東証GRT,273,-3,-1.09,"20,400",2026/10/08
1824,1824,3237,(株)イントランス,東証GRT,91,-1,-1.09,"198,100",2026/10/08
1825,1825,4243,(株)ニックス,東証STD,999,-11,-1.09,"3,500",2026/10/08
1826,1826,5020,ＥＮＥＯＳホールディングス(株),東証PRM,"1,356.5",-15,-1.09,"12,081,100",2026/10/08
1827,1827,7185,ヒロセ通商(株),東証STD,"3,630",-40,-1.09,"3,700",2026/10/08
1828,1828,7486,サンリン(株),東証STD,817,-9,-1.09,400,2026/10/08
1829,1829,7840,フランスベッドホールディングス(株),東証PRM,"1,271",-14,-1.09,"38,600",2026/10/08
1830,1830,1554,上場インデックス世界株式(MSCI ACWI)除く日本,東証ETF,"6,808",-74,-1.08,"1,177",2026/10/08
1831,1831,2693,ＹＫＴ(株),東証STD,274,-3,-1.08,"19,000",2026/10/08
1832,1832,294A,(NEXT FUNDS) MSCIジャパン気候変動指数(セレクト),東証ETF,"3,015",-33,-1.08,105,2026/10/08
1833,1833,3358,Ｔｒａｉｌｈｅａｄ　Ｇｌｏｂａｌ　Ｈｏｌｄｉｎｇｓ(株),東証STD,92,-1,-1.08,"26,600",2026/10/08
1834,1834,372A,(株)レント,東証STD,"5,500",-60,-1.08,"5,500",2026/10/08
1835,1835,4444,(株)インフォネットグループ,東証GRT,920,-10,-1.08,"1,800",2026/10/08
1836,1836,480A,(株)リブ・コンサルティング,東証GRT,"1,010",-11,-1.08,"23,000",2026/10/08
1837,1837,5071,(株)ヴィス,東証STD,"1,375",-15,-1.08,"14,100",2026/10/08
1838,1838,5391,(株)エーアンドエーマテリアル,東証STD,"1,459",-16,-1.08,"13,700",2026/10/08
1839,1839,6070,キャリアリンク(株),東証PRM,"2,463",-27,-1.08,"28,500",2026/10/08
1840,1840,7199,プレミアグループ(株),東証PRM,"2,110",-23,-1.08,"153,900",2026/10/08
1841,1841,7463,(株)アドヴァングループ,東証STD,915,-10,-1.08,"34,300",2026/10/08
1842,1842,7551,(株)ウェッズ,東証STD,643,-7,-1.08,"20,000",2026/10/08
1843,1843,9240,(株)デリバリーコンサルティング,東証GRT,367,-4,-1.08,"4,700",2026/10/08
1844,1844,201A,iシェアーズ Nifty 50 インド株 ETF,東証ETF,166.2,-1.8,-1.07,"233,800",2026/10/08
1845,1845,2095,GX S&P500配当貴族 (H有),東証ETF,"1,107",-12,-1.07,126,2026/10/08
1846,1846,296A,令和アカウンティング・ホールディングス(株),東証GRT,"1,112",-12,-1.07,"14,100",2026/10/08
1847,1847,4979,ＯＡＴアグリオ(株),東証STD,"2,778",-30,-1.07,"26,300",2026/10/08
1848,1848,5974,中国工業(株),東証STD,832,-9,-1.07,500,2026/10/08
1849,1849,6845,アズビル(株),東証PRM,"1,476.5",-16,-1.07,"1,712,600",2026/10/08
1850,1850,9357,名港海運(株),名証MN,"2,415",-26,-1.07,"4,100",2026/10/08
1851,1851,1493,One ETF JPX日経中小型,東証ETF,"25,750",-275,-1.06,30,2026/10/08
1852,1852,1835,東鉄工業(株),東証PRM,"3,730",-40,-1.06,"106,900",2026/10/08
1853,1853,1951,エクシオグループ(株),東証PRM,"2,516.5",-27,-1.06,"597,500",2026/10/08
1854,1854,2866,GX 米国優先証券,東証ETF,931,-10,-1.06,"53,004",2026/10/08
1855,1855,3135,(株)マーケットエンタープライズ,東証STD,"1,121",-12,-1.06,"6,100",2026/10/08
1856,1856,3290,Oneリート投資法人,東証,"74,400",-800,-1.06,"2,329",2026/10/08
1857,1857,3315,日本コークス工業(株),東証PRM,93,-1,-1.06,"7,599,400",2026/10/08
1858,1858,461A,MAXIS 日本株高配当SMART50,東証ETF,"2,610",-28,-1.06,"1,478",2026/10/08
1859,1859,471A,ＮＳグループ(株),東証PRM,"1,496",-16,-1.06,"211,600",2026/10/08
1860,1860,6231,木村工機(株),東証STD,"12,120",-130,-1.06,"31,200",2026/10/08
1861,1861,7264,(株)ムロコーポレーション,東証STD,"1,306",-14,-1.06,"3,700",2026/10/08
1862,1862,7373,(株)アイドマ・ホールディングス,東証GRT,840,-9,-1.06,"86,100",2026/10/08
1863,1863,7769,リズム(株),東証PRM,"3,740",-40,-1.06,"21,400",2026/10/08
1864,1864,8001,伊藤忠商事(株),東証PRM,"2,138.5",-23,-1.06,"14,428,200",2026/10/08
1865,1865,8802,三菱地所(株),東証PRM,"3,442",-37,-1.06,"5,582,000",2026/10/08
1866,1866,223A,GX AI&ビッグデータ,東証ETF,"1,876",-20,-1.05,"4,562",2026/10/08
1867,1867,2666,(株)オートウェーブ,東証STD,188,-2,-1.05,"25,900",2026/10/08
1868,1868,2869,iFreeETF NASDAQ100レバレッジ,東証ETF,"3,215",-34,-1.05,"160,951",2026/10/08
1869,1869,3695,ＧＭＯプロダクトプラットフォーム(株),東証GRT,"1,510",-16,-1.05,"48,800",2026/10/08
1870,1870,4377,(株)ワンキャリア,東証GRT,"2,446",-26,-1.05,"31,200",2026/10/08
1871,1871,6637,寺崎電気産業(株),東証STD,"4,255",-45,-1.05,"26,400",2026/10/08
1872,1872,7326,ＳＢＩインシュアランスグループ(株),東証GRT,"2,078",-22,-1.05,"34,800",2026/10/08
1873,1873,7358,(株)ポピンズ,東証STD,"1,890",-20,-1.05,"48,900",2026/10/08
1874,1874,7442,中山福(株),東証STD,470,-5,-1.05,"18,900",2026/10/08
1875,1875,7472,(株)鳥羽洋行,東証STD,"3,775",-40,-1.05,700,2026/10/08
1876,1876,9511,沖縄電力(株),東証PRM,"1,130",-12,-1.05,"234,000",2026/10/08
1877,1877,9820,エムティジェネックス(株),東証STD,"3,780",-40,-1.05,100,2026/10/08
1878,1878,213A,上場インデックスファンド日経半導体株,東証ETF,439.5,-4.6,-1.04,"271,050",2026/10/08
1879,1879,2418,(株)ツカダ・グローバルホールディング,東証STD,569,-6,-1.04,"133,400",2026/10/08
1880,1880,3238,セントラル総合開発(株),東証STD,379,-4,-1.04,"19,400",2026/10/08
1881,1881,4432,ウイングアーク１ｓｔ(株),東証PRM,"3,345",-35,-1.04,"78,600",2026/10/08
1882,1882,463A,(株)インテリックスホールディングス,東証STD,956,-10,-1.04,"14,200",2026/10/08
1883,1883,475A,(株)ギミック,東証STD,668,-7,-1.04,"2,400",2026/10/08
1884,1884,5867,(株)エスネットワークス,東証GRT,"1,326",-14,-1.04,"1,300",2026/10/08
1885,1885,6627,(株)テラプローブ,東証STD,"2,677",-28,-1.04,"403,500",2026/10/08
1886,1886,7191,(株)イントラスト,東証STD,"1,140",-12,-1.04,"17,100",2026/10/08
1887,1887,8841,(株)テーオーシー,東証STD,951,-10,-1.04,"87,800",2026/10/08
1888,1888,1483,iシェアーズ JPX/S&P 設備･人材投資ETF,東証ETF,"3,851",-40,-1.03,1,2026/10/08
1889,1889,2256,iシェアーズ 米国総合債券,東証ETF,211.8,-2.2,-1.03,"118,000",2026/10/08
1890,1890,2642,SMT ETFカーボン・エフィシェント日本株,東証ETF,"54,830",-570,-1.03,2,2026/10/08
1891,1891,2767,円谷フィールズホールディングス(株),東証PRM,"2,393",-25,-1.03,"344,800",2026/10/08
1892,1892,283A,GX USテック・配当貴族,東証ETF,"1,351",-14,-1.03,344,2026/10/08
1893,1893,2935,(株)ピックルスホールディングス,東証PRM,"1,155",-12,-1.03,"30,900",2026/10/08
1894,1894,2979,SOSiLA物流リート投資法人,東証,"95,700","-1,000",-1.03,"2,853",2026/10/08
1895,1895,6323,ローツェ(株),東証PRM,"4,434",-46,-1.03,"2,214,200",2026/10/08
1896,1896,6470,大豊工業(株),東証STD,"1,157",-12,-1.03,"67,500",2026/10/08
1897,1897,6776,天昇電気工業(株),東証STD,287,-3,-1.03,"32,100",2026/10/08
1898,1898,9441,(株)ベルパーク,東証STD,"2,968",-31,-1.03,"6,300",2026/10/08
1899,1899,1577,(NEXT FUNDS)野村日本株高配当70連動型ETF,東証ETF,"58,510",-600,-1.02,"1,749",2026/10/08
1900,1900,166A,(株)タスキホールディングス,東証PRM,970,-10,-1.02,"445,300",2026/10/08
1901,1901,1878,大東建託(株),東証PRM,"3,111",-32,-1.02,"2,534,100",2026/10/08
1902,1902,3421,(株)稲葉製作所,東証STD,"1,560",-16,-1.02,"25,600",2026/10/08
1903,1903,4390,(株)アイ・ピー・エス,東証PRM,"3,400",-35,-1.02,"279,100",2026/10/08
1904,1904,5943,(株)ノーリツ,東証PRM,"2,138",-22,-1.02,"65,300",2026/10/08
1905,1905,6465,ホシザキ(株),東証PRM,"5,218",-54,-1.02,"333,600",2026/10/08
1906,1906,6926,岡谷電機産業(株),東証STD,194,-2,-1.02,"4,800",2026/10/08
1907,1907,7538,(株)大水,東証STD,388,-4,-1.02,"6,000",2026/10/08
1908,1908,8053,住友商事(株),東証PRM,"1,699.5",-17.5,-1.02,"12,179,100",2026/10/08
1909,1909,9846,(株)天満屋ストア,東証STD,971,-10,-1.02,"18,500",2026/10/08
1910,1910,1911,住友林業(株),東証PRM,"1,171",-12,-1.01,"4,485,500",2026/10/08
1911,1911,2700,木徳神糧(株),東証STD,"1,764",-18,-1.01,"8,400",2026/10/08
1912,1912,3053,(株)ペッパーフードサービス,東証STD,197,-2,-1.01,"200,800",2026/10/08
1913,1913,5816,オーナンバ(株),東証STD,"1,466",-15,-1.01,"11,300",2026/10/08
1914,1914,6402,兼松エンジニアリング(株),東証STD,"1,563",-16,-1.01,"3,200",2026/10/08
1915,1915,7259,(株)アイシン,東証PRM,"2,196",-22.5,-1.01,"2,954,600",2026/10/08
1916,1916,1815,鉄建建設(株),東証PRM,"2,168",-22,-1.0,"256,600",2026/10/08
1917,1917,2089,NZAM 上場投信 DAX(H有),東証ETF,"2,768",-28,-1.0,1,2026/10/08
1918,1918,3048,(株)ビックカメラ,東証PRM,"1,631.5",-16.5,-1.0,"681,400",2026/10/08
1919,1919,3222,ユナイテッド・スーパーマーケット・ホールディングス(株),東証STD,792,-8,-1.0,"440,000",2026/10/08
1920,1920,4689,ＬＩＮＥヤフー(株),東証PRM,493,-5,-1.0,"14,957,500",2026/10/08
1921,1921,4777,(株)ガーラ,東証STD,198,-2,-1.0,"25,300",2026/10/08
1922,1922,5969,(株)ロブテックス,東証STD,"1,183",-12,-1.0,200,2026/10/08
1923,1923,608A,上場インデックスファンド東証REIT高利回り30,東証ETF,"1,384",-14,-1.0,"8,888",2026/10/08
1924,1924,6517,デンヨー(株),東証PRM,"3,955",-40,-1.0,"91,600",2026/10/08
1925,1925,7254,(株)ユニバンス,東証STD,792,-8,-1.0,"1,300",2026/10/08
1926,1926,9216,ビーウィズ(株),東証PRM,"1,592",-16,-1.0,"29,900",2026/10/08
1927,1927,1414,ショーボンドホールディングス(株),東証PRM,"1,204.5",-12,-0.99,"1,496,400",2026/10/08
1928,1928,1632,(NEXT FUNDS)金融(除く銀行)上場投信,東証ETF,"42,020",-420,-0.99,764,2026/10/08
1929,1929,2517,MAXIS Jリート･コア上場投信,東証ETF,"1,002",-10,-0.99,"19,960",2026/10/08
1930,1930,2802,味の素(株),東証PRM,"5,293",-53,-0.99,"1,892,600",2026/10/08
1931,1931,3089,テクノアルファ(株),東証STD,"1,005",-10,-0.99,"11,000",2026/10/08
1932,1932,4240,クラスターテクノロジー(株),東証STD,301,-3,-0.99,"14,400",2026/10/08
1933,1933,4763,(株)クリーク・アンド・リバー社,東証PRM,"1,495",-15,-0.99,"68,000",2026/10/08
1934,1934,5697,(株)サンユウ,東証STD,800,-8,-0.99,"6,000",2026/10/08
1935,1935,643A,データセンターインフラ 日本株(ネットリターン)ETN,東証ETF,"11,445",-115,-0.99,"11,245",2026/10/08
1936,1936,6758,ソニーグループ(株),東証PRM,"3,706",-37,-0.99,"10,556,700",2026/10/08
1937,1937,7094,(株)ＮｅｘＴｏｎｅ,東証GRT,"1,805",-18,-0.99,"16,500",2026/10/08
1938,1938,7992,セーラー万年筆(株),東証STD,100,-1,-0.99,"10,900",2026/10/08
1939,1939,8165,(株)千趣会,東証STD,100,-1,-0.99,"157,000",2026/10/08
1940,1940,8617,光世証券(株),東証STD,598,-6,-0.99,"5,000",2026/10/08
1941,1941,8769,(株)アドバンテッジリスクマネジメント,東証STD,500,-5,-0.99,"136,800",2026/10/08
1942,1942,9284,カナディアン・ソーラー・インフラ投資法人,東証,"70,300",-700,-0.99,"2,896",2026/10/08
1943,1943,231A,Ｃｒｏｓｓ　Ｅホールディングス(株),福岡Q,"1,015",-10,-0.98,"1,000",2026/10/08
1944,1944,2475,ＷＤＢホールディングス(株),東証PRM,"1,719",-17,-0.98,"17,200",2026/10/08
1945,1945,3680,(株)ホットリンク,東証GRT,202,-2,-0.98,"27,100",2026/10/08
1946,1946,4165,(株)プレイド,東証GRT,707,-7,-0.98,"125,000",2026/10/08
1947,1947,451A,ステート・ストリート・スパイダー S&P500 高配当株ETF,東証ETF,274.1,-2.7,-0.98,"27,790",2026/10/08
1948,1948,5185,(株)フコク,東証PRM,"1,912",-19,-0.98,"37,000",2026/10/08
1949,1949,5204,石塚硝子(株),東証STD,"3,020",-30,-0.98,"10,200",2026/10/08
1950,1950,6995,(株)東海理化,東証PRM,"3,035",-30,-0.98,"105,800",2026/10/08
1951,1951,7458,(株)第一興商,東証PRM,"1,720",-17,-0.98,"413,100",2026/10/08
1952,1952,8029,(株)ルックホールディングス,東証STD,"2,721",-27,-0.98,"11,600",2026/10/08
1953,1953,8706,極東証券(株),東証PRM,"1,709",-17,-0.98,"176,400",2026/10/08
1954,1954,1676,WisdomTree 貴金属バスケット上場投信,東証ETF,"39,930",-390,-0.97,64,2026/10/08
1955,1955,2395,(株)新日本科学,東証PRM,"1,425",-14,-0.97,"306,500",2026/10/08
1956,1956,3099,(株)三越伊勢丹ホールディングス,東証PRM,"1,730",-17,-0.97,"3,181,700",2026/10/08
1957,1957,421A,(株)ムービン・ストラテジック・キャリア,東証GRT,"4,100",-40,-0.97,"33,900",2026/10/08
1958,1958,4475,ＨＥＮＮＧＥ(株),東証GRT,"1,735",-17,-0.97,"2,053,700",2026/10/08
1959,1959,5884,(株)クラダシ,東証GRT,611,-6,-0.97,"8,600",2026/10/08
1960,1960,6045,(株)レントラックス,東証GRT,"2,035",-20,-0.97,"7,000",2026/10/08
1961,1961,6633,(株)ＣＧＳホールディングス,東証STD,306,-3,-0.97,"3,700",2026/10/08
1962,1962,9363,(株)大運,東証STD,512,-5,-0.97,"4,600",2026/10/08
1963,1963,1591,(NEXT FUNDS) JPX日経インデックス400,東証ETF,"37,100",-360,-0.96,"5,492",2026/10/08
1964,1964,2044,NEXT NOTES S&P500 配当貴族(NR)ETN,東証ETF,"32,870",-320,-0.96,242,2026/10/08
1965,1965,211A,(株)カドス・コーポレーション,東証STD,"3,085",-30,-0.96,"2,700",2026/10/08
1966,1966,2733,(株)あらた,東証PRM,"2,476",-24,-0.96,"107,600",2026/10/08
1967,1967,4534,持田製薬(株),東証PRM,"3,080",-30,-0.96,"56,300",2026/10/08
1968,1968,6076,(株)アメイズ,福証,"1,337",-13,-0.96,"3,000",2026/10/08
1969,1969,7065,ユーピーアール(株),東証STD,924,-9,-0.96,"20,300",2026/10/08
1970,1970,7893,(株)プロネクサス,東証PRM,"1,031",-10,-0.96,"61,500",2026/10/08
1971,1971,9286,エネクス・インフラ投資法人,東証,"41,400",-400,-0.96,"4,219",2026/10/08
1972,1972,9423,(株)ＦＲＳ,東証STD,103,-1,-0.96,"114,200",2026/10/08
1973,1973,9672,東京都競馬(株),東証PRM,"4,665",-45,-0.96,"68,800",2026/10/08
1974,1974,1833,(株)奥村組,東証PRM,"5,230",-50,-0.95,"206,600",2026/10/08
1975,1975,1850,南海辰村建設(株),東証STD,416,-4,-0.95,"22,200",2026/10/08
1976,1976,3297,(株)東武住販,東証STD,"1,149",-11,-0.95,"3,600",2026/10/08
1977,1977,4331,(株)テイクアンドギヴ・ニーズ,東証PRM,838,-8,-0.95,"97,000",2026/10/08
1978,1978,4761,(株)さくらケーシーエス,東証STD,"1,452",-14,-0.95,"4,600",2026/10/08
1979,1979,7944,ローランド(株),東証PRM,"3,645",-35,-0.95,"69,800",2026/10/08
1980,1980,8881,(株)日神グループホールディングス,東証PRM,627,-6,-0.95,"225,800",2026/10/08
1981,1981,9388,(株)パパネッツ,福岡Q,943,-9,-0.95,"2,200",2026/10/08
1982,1982,3454,ファーストブラザーズ(株),東証STD,"1,265",-12,-0.94,"3,700",2026/10/08
1983,1983,6036,ＫｅｅＰｅｒ技研(株),東証PRM,"3,700",-35,-0.94,"151,800",2026/10/08
1984,1984,7731,(株)ニコン,東証PRM,"1,892.5",-18,-0.94,"1,168,700",2026/10/08
1985,1985,7792,(株)コラントッテ,東証GRT,"1,475",-14,-0.94,"12,100",2026/10/08
1986,1986,7793,(株)イメージ・マジック,東証GRT,"1,585",-15,-0.94,"1,300",2026/10/08
1987,1987,9663,(株)ナガワ,東証PRM,"4,735",-45,-0.94,"31,000",2026/10/08
1988,1988,1546,(NEXT FUNDS)ダウ･ジョーンズ工業株30種(H無),東証ETF,"78,480",-740,-0.93,690,2026/10/08
1989,1989,2846,(NEXT FUNDS) ダウ・ジョーンズ工業株30種(H有),東証ETF,"2,455",-23,-0.93,"1,144",2026/10/08
1990,1990,3252,地主(株),東証PRM,"2,656",-25,-0.93,"182,400",2026/10/08
1991,1991,3471,三井不動産ロジスティクスパーク投資法人,東証,"96,200",-900,-0.93,"10,710",2026/10/08
1992,1992,3537,昭栄薬品(株),東証STD,"1,697",-16,-0.93,"7,000",2026/10/08
1993,1993,3996,サインポスト(株),東証STD,212,-2,-0.93,"34,700",2026/10/08
1994,1994,459A,野村 高利回りJリート指数ETF,東証ETF,"9,401",-88,-0.93,240,2026/10/08
1995,1995,6425,(株)ユニバーサルエンターテインメント,東証STD,636,-6,-0.93,"244,000",2026/10/08
1996,1996,9057,遠州トラック(株),東証STD,"3,180",-30,-0.93,"2,800",2026/10/08
1997,1997,9193,東京汽船(株),東証STD,852,-8,-0.93,"5,200",2026/10/08
1998,1998,9990,(株)サックスバー　ホールディングス,東証PRM,742,-7,-0.93,"63,600",2026/10/08
1999,1999,1494,One ETF 高配当日本株,東証ETF,"42,080",-390,-0.92,"2,142",2026/10/08
2000,2000,3472,日本ホテル＆レジデンシャル投資法人,東証,"64,600",-600,-0.92,"2,729",2026/10/08
2001,2001,3690,(株)イルグルム,東証STD,541,-5,-0.92,"5,900",2026/10/08
2002,2002,4114,(株)日本触媒,東証PRM,"2,522",-23.5,-0.92,"645,100",2026/10/08
2003,2003,6238,フリュー(株),東証PRM,"1,405",-13,-0.92,"76,900",2026/10/08
2004,2004,6501,(株)日立製作所,東証PRM,"5,597",-52,-0.92,"8,036,800",2026/10/08
2005,2005,8095,アステナホールディングス(株),東証PRM,541,-5,-0.92,"98,600",2026/10/08
2006,2006,9031,西日本鉄道(株),東証PRM,"2,787.5",-26,-0.92,"285,200",2026/10/08
2007,2007,9679,ホウライ(株),東証STD,"2,040",-19,-0.92,500,2026/10/08
2008,2008,2454,(株)オールアバウト,東証STD,325,-3,-0.91,"9,100",2026/10/08
2009,2009,2702,日本マクドナルドホールディングス(株),東証STD,"7,620",-70,-0.91,"917,100",2026/10/08
2010,2010,2750,石光商事(株),東証STD,"1,305",-12,-0.91,"7,300",2026/10/08
2011,2011,365A,伊澤タオル(株),東証STD,765,-7,-0.91,"34,400",2026/10/08
2012,2012,3674,(株)オークファン,東証GRT,327,-3,-0.91,"7,100",2026/10/08
2013,2013,4256,(株)サインド,東証GRT,"1,198",-11,-0.91,"8,600",2026/10/08
2014,2014,4633,サカタインクス(株),東証PRM,"2,599",-24,-0.91,"109,800",2026/10/08
2015,2015,5273,三谷セキサン(株),東証STD,"1,962",-18,-0.91,"50,600",2026/10/08
2016,2016,6082,(株)ライドオンエクスプレスホールディングス,東証STD,979,-9,-0.91,"26,700",2026/10/08
2017,2017,7729,(株)東京精密,東証PRM,"20,225",-185,-0.91,"287,000",2026/10/08
2018,2018,7965,象印マホービン(株),東証PRM,"1,420",-13,-0.91,"122,100",2026/10/08
2019,2019,8276,(株)平和堂,東証PRM,"2,495",-23,-0.91,"120,800",2026/10/08
2020,2020,1429,(株)日本アクア,東証PRM,771,-7,-0.9,"111,600",2026/10/08
2021,2021,1799,第一建設工業(株),東証STD,"3,305",-30,-0.9,"20,400",2026/10/08
2022,2022,2528,iFreeETF 東証REIT Core指数,東証ETF,993,-9,-0.9,"6,718",2026/10/08
2023,2023,2932,(株)ＳＴＩフードホールディングス,東証STD,"1,099",-10,-0.9,"12,700",2026/10/08
2024,2024,2938,(株)オカムラ食品工業,東証STD,"1,218",-11,-0.9,"37,800",2026/10/08
2025,2025,3183,ウイン・パートナーズ(株),東証PRM,"1,218",-11,-0.9,"29,800",2026/10/08
2026,2026,4180,Ａｐｐｉｅｒ　Ｇｒｏｕｐ(株),東証PRM,"1,324",-12,-0.9,"858,300",2026/10/08
2027,2027,4539,日本ケミファ(株),東証STD,"1,536",-14,-0.9,800,2026/10/08
2028,2028,542A,(株)ビタブリッドジャパン,東証GRT,"1,105",-10,-0.9,"7,100",2026/10/08
2029,2029,6770,アルプスアルパイン(株),東証PRM,"2,208",-20,-0.9,"1,588,600",2026/10/08
2030,2030,6869,シスメックス(株),東証PRM,"1,882",-17,-0.9,"2,472,200",2026/10/08
2031,2031,7208,(株)カネミツ,東証STD,"1,217",-11,-0.9,"2,200",2026/10/08
2032,2032,7625,(株)グローバルダイニング,東証STD,441,-4,-0.9,"5,900",2026/10/08
2033,2033,9160,(株)オンザページ,東証STD,330,-3,-0.9,"14,500",2026/10/08
2034,2034,9343,(株)アイビス,東証GRT,769,-7,-0.9,"21,100",2026/10/08
2035,2035,1808,(株)長谷工コーポレーション,東証PRM,"2,550",-23,-0.89,"630,200",2026/10/08
2036,2036,2001,(株)ニップン,東証PRM,"2,783",-25,-0.89,"175,600",2026/10/08
2037,2037,2820,(株)やまみ,東証STD,"6,700",-60,-0.89,"20,800",2026/10/08
2038,2038,2917,(株)大森屋,東証STD,891,-8,-0.89,"1,700",2026/10/08
2039,2039,3953,大村紙業(株),東証STD,781,-7,-0.89,"5,100",2026/10/08
2040,2040,4658,日本空調サービス(株),東証PRM,"1,553",-14,-0.89,"84,500",2026/10/08
2041,2041,5410,合同製鐵(株),東証PRM,"2,793",-25,-0.89,"67,300",2026/10/08
2042,2042,5530,日本システムバンク(株),名証MN,"1,115",-10,-0.89,"1,300",2026/10/08
2043,2043,5612,日本鋳鉄管(株),東証STD,"1,567",-14,-0.89,"6,200",2026/10/08
2044,2044,6655,東洋電機(株),名証MN,778,-7,-0.89,500,2026/10/08
2045,2045,7078,ＩＮＣＬＵＳＩＶＥ　Ｈｏｌｄｉｎｇｓ(株),東証GRT,335,-3,-0.89,"17,300",2026/10/08
2046,2046,7192,日本モーゲージサービス(株),東証STD,668,-6,-0.89,"34,900",2026/10/08
2047,2047,8247,(株)大和,東証STD,334,-3,-0.89,"15,600",2026/10/08
2048,2048,9233,アジア航測(株),東証STD,"1,110",-10,-0.89,"9,200",2026/10/08
2049,2049,9446,(株)サカイホールディングス,東証STD,667,-6,-0.89,"3,300",2026/10/08
2050,2050,1545,(NEXT FUNDS)NASDAQ-100(H無)連動型上場投信,東証ETF,247.4,-2.2,-0.88,"1,514,230",2026/10/08
2051,2051,1572,中国H株ブル2倍上場投信,東証ETF,"6,391",-57,-0.88,630,2026/10/08
2052,2052,1698,上場インデックスファンド日本高配当,東証ETF,"4,259",-38,-0.88,"28,147",2026/10/08
2053,2053,2237,iFreeETF S&P500レバレッジ,東証ETF,"2,490",-22,-0.88,"5,490",2026/10/08
2054,2054,2527,NZAM 上場投信 東証REIT Core指数,東証ETF,"1,017",-9,-0.88,"24,691",2026/10/08
2055,2055,2676,高千穂交易(株),東証PRM,"2,024",-18,-0.88,"36,100",2026/10/08
2056,2056,3261,(株)グランディーズ,東証GRT,449,-4,-0.88,"2,200",2026/10/08
2057,2057,3299,(株)ムゲンエステート,東証STD,"1,586",-14,-0.88,"134,000",2026/10/08
2058,2058,3405,(株)クラレ,東証PRM,"1,806.5",-16,-0.88,"993,900",2026/10/08
2059,2059,4284,(株)ソルクシーズ,東証STD,451,-4,-0.88,"11,400",2026/10/08
2060,2060,4595,(株)ミズホメディー,東証STD,"1,690",-15,-0.88,"77,600",2026/10/08
2061,2061,549A,ヒトトヒトホールディングス(株),東証STD,448,-4,-0.88,"36,200",2026/10/08
2062,2062,5532,(株)リアルゲイト,東証GRT,"3,380",-30,-0.88,"15,800",2026/10/08
2063,2063,559A,梅乃宿酒造(株),東証STD,"1,125",-10,-0.88,"8,400",2026/10/08
2064,2064,6054,(株)リブセンス,東証STD,112,-1,-0.88,"21,800",2026/10/08
2065,2065,6662,(株)ユビテック,東証STD,224,-2,-0.88,300,2026/10/08
2066,2066,7575,日本ライフライン(株),東証PRM,"1,467",-13,-0.88,"177,200",2026/10/08
2067,2067,7878,(株)光・彩,東証STD,"1,010",-9,-0.88,"10,700",2026/10/08
2068,2068,9337,(株)トリドリ,東証GRT,"1,472",-13,-0.88,"1,800",2026/10/08
2069,2069,9760,(株)進学会ホールディングス,東証STD,113,-1,-0.88,"81,400",2026/10/08
2070,2070,9959,アシードホールディングス(株),東証STD,904,-8,-0.88,"3,100",2026/10/08
2071,2071,2055,日和産業(株),東証STD,342,-3,-0.87,"1,900",2026/10/08
2072,2072,2562,上場インデックスファンド米国株式(ダウ平均)H有,東証ETF,"3,536",-31,-0.87,907,2026/10/08
2073,2073,2641,GX グローバルリーダーズ-日本株式,東証ETF,"4,535",-40,-0.87,"2,610",2026/10/08
2074,2074,2868,GX S&P500・カバード・コール,東証ETF,"1,145",-10,-0.87,"51,425",2026/10/08
2075,2075,3003,ヒューリック(株),東証PRM,"1,649",-14.5,-0.87,"3,133,300",2026/10/08
2076,2076,356A,GX S&P500 キャッシュフロー・トップ100,東証ETF,"1,600",-14,-0.87,"2,791",2026/10/08
2077,2077,4548,生化学工業(株),東証PRM,570,-5,-0.87,"382,000",2026/10/08
2078,2078,5101,横浜ゴム(株),東証PRM,"7,284",-64,-0.87,"787,300",2026/10/08
2079,2079,5246,(株)ＥＬＥＭＥＮＴＳ,東証GRT,915,-8,-0.87,"2,427,300",2026/10/08
2080,2080,6857,(株)アドバンテスト,東証PRM,"40,930",-360,-0.87,"12,892,600",2026/10/08
2081,2081,7038,フロンティア・マネジメント(株),東証PRM,568,-5,-0.87,"23,300",2026/10/08
2082,2082,7059,(株)コプロ・ホールディングス,東証PRM,907,-8,-0.87,"74,200",2026/10/08
2083,2083,7278,(株)エクセディ,東証PRM,"5,730",-50,-0.87,"213,500",2026/10/08
2084,2084,7377,ＤＮホールディングス(株),東証STD,"1,710",-15,-0.87,"2,100",2026/10/08
2085,2085,7611,(株)ハイデイ日高,東証PRM,"2,946",-26,-0.87,"178,600",2026/10/08
2086,2086,9795,(株)ステップ,東証PRM,"2,161",-19,-0.87,"16,600",2026/10/08
2087,2087,9904,(株)ベリテ,東証STD,228,-2,-0.87,"16,500",2026/10/08
2088,2088,1384,(株)ホクリヨウ,東証STD,"2,073",-18,-0.86,"12,300",2026/10/08
2089,2089,1438,(株)岐阜造園,東証STD,"2,201",-19,-0.86,600,2026/10/08
2090,2090,1559,(NEXT FUNDS)タイ株式指数連動型上場投信,東証ETF,"4,595",-40,-0.86,107,2026/10/08
2091,2091,1777,川崎設備工業(株),名証MN,"2,315",-20,-0.86,"2,000",2026/10/08
2092,2092,2513,(NEXT FUNDS)外国株式･MSCI-KOKUSAI(H無),東証ETF,"3,574",-31,-0.86,"6,214",2026/10/08
2093,2093,3024,クリエイト(株),東証STD,"1,156",-10,-0.86,300,2026/10/08
2094,2094,401A,霞ヶ関ホテルリート投資法人,東証,"92,300",-800,-0.86,"2,519",2026/10/08
2095,2095,5262,日本ヒューム(株),東証PRM,"1,039",-9,-0.86,"275,400",2026/10/08
2096,2096,552A,MAXIS 米国AIインフラ株上場投信,東証ETF,"2,536",-22,-0.86,"1,489",2026/10/08
2097,2097,6564,(株)ミダックホールディングス,東証PRM,"1,963",-17,-0.86,"46,000",2026/10/08
2098,2098,7091,(株)リビングプラットフォーム,東証GRT,"1,153",-10,-0.86,"19,400",2026/10/08
2099,2099,8040,(株)東京ソワール,東証STD,"1,039",-9,-0.86,"1,600",2026/10/08
2100,2100,8860,フジ住宅(株),東証PRM,695,-6,-0.86,"97,500",2026/10/08
2101,2101,2163,(株)アルトナー,東証PRM,930,-8,-0.85,"29,200",2026/10/08
2102,2102,2329,(株)東北新社,東証STD,469,-4,-0.85,"166,700",2026/10/08
2103,2103,2359,(株)コア,東証PRM,"1,976",-17,-0.85,"34,600",2026/10/08
2104,2104,2533,オエノンホールディングス(株),東証PRM,467,-4,-0.85,"141,300",2026/10/08
2105,2105,3116,トヨタ紡織(株),東証PRM,"2,149.5",-18.5,-0.85,"330,100",2026/10/08
2106,2106,366A,ウェルネス・コミュニケーションズ(株),東証GRT,"1,170",-10,-0.85,"15,300",2026/10/08
2107,2107,3670,協立情報通信(株),名証MN,"1,636",-14,-0.85,"1,900",2026/10/08
2108,2108,3675,(株)クロス・マーケティンググループ,東証STD,582,-5,-0.85,"25,600",2026/10/08
2109,2109,3694,(株)オプティム,東証PRM,469,-4,-0.85,"206,800",2026/10/08
2110,2110,3834,(株)朝日ネット,東証PRM,584,-5,-0.85,"69,000",2026/10/08
2111,2111,3877,中越パルプ工業(株),東証PRM,"2,110",-18,-0.85,"29,500",2026/10/08
2112,2112,3880,大王製紙(株),東証PRM,930,-8,-0.85,"277,800",2026/10/08
2113,2113,414A,(株)オーバーラップホールディングス,東証GRT,820,-7,-0.85,"22,100",2026/10/08
2114,2114,4388,(株)エーアイ,東証STD,351,-3,-0.85,"5,400",2026/10/08
2115,2115,6191,(株)エアトリ,東証PRM,"1,404",-12,-0.85,"284,200",2026/10/08
2116,2116,6538,(株)ディスラプターズ,東証STD,234,-2,-0.85,"23,600",2026/10/08
2117,2117,6546,フルテック(株),東証STD,"1,166",-10,-0.85,800,2026/10/08
2118,2118,7061,日本ホスピスホールディングス(株),東証GRT,464,-4,-0.85,"41,800",2026/10/08
2119,2119,7296,(株)エフ・シー・シー,東証PRM,"4,085",-35,-0.85,"101,700",2026/10/08
2120,2120,8046,丸藤シートパイル(株),東証STD,930,-8,-0.85,"11,300",2026/10/08
2121,2121,8871,(株)ゴールドクレスト,東証STD,"2,914",-25,-0.85,"91,800",2026/10/08
2122,2122,8972,KDX不動産投資法人,東証,"139,600","-1,200",-0.85,"14,131",2026/10/08
2123,2123,9929,平和紙業(株),東証STD,466,-4,-0.85,"2,800",2026/10/08
2124,2124,1485,MAXIS JAPAN 設備･人材積極投資企業200上場投信,東証ETF,"53,250",-450,-0.84,1,2026/10/08
2125,2125,1680,上場インデックスファンド海外先進国株式,東証ETF,"8,310",-70,-0.84,"2,075",2026/10/08
2126,2126,4095,日本パーカライジング(株),東証PRM,"1,781",-15,-0.84,"209,200",2026/10/08
2127,2127,5446,北越メタル(株),東証STD,"1,060",-9,-0.84,"5,000",2026/10/08
2128,2128,7847,(株)グラファイトデザイン,東証STD,705,-6,-0.84,"8,100",2026/10/08
2129,2129,9708,(株)帝国ホテル,東証STD,940,-8,-0.84,"69,900",2026/10/08
2130,2130,146A,コロンビア・ワークス(株),東証STD,"3,585",-30,-0.83,"48,400",2026/10/08
2131,2131,192A,インテグループ(株),東証GRT,"1,311",-11,-0.83,"2,900",2026/10/08
2132,2132,3143,オーウイル(株),東証STD,"1,080",-9,-0.83,"30,200",2026/10/08
2133,2133,328A,GX プライシングパワー・リーダーズ-日本株式,東証ETF,"1,316",-11,-0.83,270,2026/10/08
2134,2134,3633,ＧＭＯペパボ(株),東証STD,"2,628",-22,-0.83,"17,000",2026/10/08
2135,2135,3842,(株)ネクストジェン,東証STD,"1,321",-11,-0.83,"3,100",2026/10/08
2136,2136,4765,ＳＢＩグローバルアセットマネジメント(株),東証PRM,596,-5,-0.83,"384,600",2026/10/08
2137,2137,505A,(株)ギークリー,東証STD,"1,322",-11,-0.83,"12,800",2026/10/08
2138,2138,532A,NZAM 上場投信 TOPIX高配当40,東証ETF,"2,265",-19,-0.83,128,2026/10/08
2139,2139,7247,(株)ミクニ,東証STD,360,-3,-0.83,"23,600",2026/10/08
2140,2140,7466,ＳＰＫ(株),東証PRM,"1,438",-12,-0.83,"33,700",2026/10/08
2141,2141,7809,(株)壽屋,東証STD,"1,322",-11,-0.83,"4,000",2026/10/08
2142,2142,7908,ＫＩＭＯＴＯ,東証STD,239,-2,-0.83,"101,500",2026/10/08
2143,2143,3558,ジェイドグループ(株),東証GRT,"1,817",-15,-0.82,"74,100",2026/10/08
2144,2144,4665,(株)ダスキン,東証PRM,"4,601",-38,-0.82,"96,600",2026/10/08
2145,2145,4736,日本ラッド(株),東証STD,606,-5,-0.82,300,2026/10/08
2146,2146,5602,(株)栗本鐵工所,東証PRM,"1,580",-13,-0.82,"266,900",2026/10/08
2147,2147,5940,不二サッシ(株),東証STD,727,-6,-0.82,"11,100",2026/10/08
2148,2148,6590,芝浦メカトロニクス(株),東証PRM,"4,235",-35,-0.82,"833,800",2026/10/08
2149,2149,175A,(株)Ｗｉｌｌ　Ｓｍａｒｔ,東証GRT,614,-5,-0.81,"3,800",2026/10/08
2150,2150,1848,(株)富士ピー・エス,東証STD,857,-7,-0.81,"26,000",2026/10/08
2151,2151,2497,ユナイテッド(株),東証GRT,490,-4,-0.81,"17,900",2026/10/08
2152,2152,3359,(株)ｃｏｔｔａ,東証GRT,489,-4,-0.81,"14,200",2026/10/08
2153,2153,3407,旭化成(株),東証PRM,"1,650.5",-13.5,-0.81,"4,223,700",2026/10/08
2154,2154,4482,(株)ウィルズ,東証GRT,739,-6,-0.81,"13,700",2026/10/08
2155,2155,4483,(株)ＪＭＤＣ,東証PRM,"3,660",-30,-0.81,"214,100",2026/10/08
2156,2156,4527,ロート製薬(株),東証PRM,"2,707.5",-22,-0.81,"927,600",2026/10/08
2157,2157,7383,(株)ネットプロテクションズホールディングス,東証PRM,366,-3,-0.81,"1,122,900",2026/10/08
2158,2158,7414,小野建(株),東証PRM,"1,351",-11,-0.81,"46,400",2026/10/08
2159,2159,7870,福島印刷(株),名証MN,367,-3,-0.81,"1,800",2026/10/08
2160,2160,9285,東京インフラ・エネルギー投資法人,東証,"36,700",-300,-0.81,717,2026/10/08
2161,2161,2242,MAXIS NYダウ上場投信(H有),東証ETF,655.7,-5.3,-0.8,"4,110",2026/10/08
2162,2162,2462,ライク(株),東証PRM,"1,479",-12,-0.8,"31,000",2026/10/08
2163,2163,3034,クオールホールディングス(株),東証PRM,"2,344",-19,-0.8,"136,400",2026/10/08
2164,2164,3076,あい　ホールディングス(株),東証PRM,"2,962",-24,-0.8,"82,800",2026/10/08
2165,2165,3121,マーチャント・バンカーズ(株),東証STD,248,-2,-0.8,"64,800",2026/10/08
2166,2166,3279,アクティビア・プロパティーズ投資法人,東証,"123,400","-1,000",-0.8,"7,521",2026/10/08
2167,2167,3465,ケイアイスター不動産(株),東証PRM,"3,095",-25,-0.8,"131,500",2026/10/08
2168,2168,4008,住友精化(株),東証PRM,"1,480",-12,-0.8,"175,300",2026/10/08
2169,2169,4526,理研ビタミン(株),東証PRM,"3,090",-25,-0.8,"53,200",2026/10/08
2170,2170,4776,サイボウズ(株),東証PRM,"2,972",-24,-0.8,"143,700",2026/10/08
2171,2171,5194,相模ゴム工業(株),東証STD,618,-5,-0.8,"9,700",2026/10/08
2172,2172,623A,(株)ベルテックス,東証STD,621,-5,-0.8,"271,600",2026/10/08
2173,2173,7157,ライフネット生命保険(株),東証PRM,"1,491",-12,-0.8,"307,700",2026/10/08
2174,2174,8242,エイチ・ツー・オー　リテイリング(株),東証PRM,"2,790",-22.5,-0.8,"418,100",2026/10/08
2175,2175,8699,ＨＳホールディングス(株),東証STD,"1,114",-9,-0.8,"31,000",2026/10/08
2176,2176,8987,ジャパンエクセレント投資法人,東証,"124,100","-1,000",-0.8,"2,868",2026/10/08
2177,2177,9478,ＳＥホールディングス・アンド・インキュベーションズ(株),東証STD,495,-4,-0.8,"4,200",2026/10/08
2178,2178,9743,(株)丹青社,東証PRM,"1,369",-11,-0.8,"393,100",2026/10/08
2179,2179,1518,三井松島ホールディングス(株),東証PRM,"2,257",-18,-0.79,"257,300",2026/10/08
2180,2180,1736,(株)オーテック,東証STD,"2,499",-20,-0.79,"5,500",2026/10/08
2181,2181,2224,(株)コモ,東証STD,"3,770",-30,-0.79,"1,500",2026/10/08
2182,2182,2461,(株)ファンコミュニケーションズ,東証PRM,376,-3,-0.79,"156,400",2026/10/08
2183,2183,250A,シマダヤ(株),東証STD,"1,516",-12,-0.79,"53,700",2026/10/08
2184,2184,2568,上場インデックスファンド米国株式(NASDAQ100)H無,東証ETF,"8,410",-67,-0.79,"2,280",2026/10/08
2185,2185,3386,コスモ・バイオ(株),東証STD,"1,250",-10,-0.79,"4,700",2026/10/08
2186,2186,3477,フォーライフ(株),東証STD,875,-7,-0.79,"2,200",2026/10/08
2187,2187,3901,マークラインズ(株),東証PRM,"1,509",-12,-0.79,"51,800",2026/10/08
2188,2188,4262,ニフティライフスタイル(株),東証GRT,"1,373",-11,-0.79,"3,700",2026/10/08
2189,2189,5105,ＴＯＹＯ　ＴＩＲＥ(株),東証PRM,"3,995",-32,-0.79,"833,800",2026/10/08
2190,2190,5753,日本伸銅(株),東証STD,"2,519",-20,-0.79,"1,700",2026/10/08
2191,2191,6055,ジャパンマテリアル(株),東証PRM,"2,383",-19,-0.79,"539,100",2026/10/08
2192,2192,6061,(株)ユニバーサル園芸社,東証STD,"3,135",-25,-0.79,"5,200",2026/10/08
2193,2193,6902,(株)デンソー,東証PRM,"1,826",-14.5,-0.79,"7,257,600",2026/10/08
2194,2194,7214,ＧＭＢ(株),東証STD,"1,132",-9,-0.79,"6,800",2026/10/08
2195,2195,7956,ピジョン(株),東証PRM,"2,067.5",-16.5,-0.79,"612,000",2026/10/08
2196,2196,2340,(株)極楽湯ホールディングス,東証STD,507,-4,-0.78,"25,000",2026/10/08
2197,2197,2514,(NEXT FUNDS)外国株式･MSCI-KOKUSAI(H有),東証ETF,"2,040",-16,-0.78,541,2026/10/08
2198,2198,2552,上場インデックスファンドＪリート偶数月,東証ETF,"1,772",-14,-0.78,"52,608",2026/10/08
2199,2199,2837,GX 中小型リーダーズ-日本株式,東証ETF,"4,961",-39,-0.78,"1,597",2026/10/08
2200,2200,3109,シキボウ(株),東証PRM,"1,012",-8,-0.78,"48,200",2026/10/08
2201,2201,3476,投資法人みらい,東証,"38,400",-300,-0.78,"8,668",2026/10/08
2202,2202,5918,瀧上工業(株),東証STD,"7,670",-60,-0.78,"1,600",2026/10/08
2203,2203,7823,(株)アートネイチャー,東証STD,762,-6,-0.78,"52,300",2026/10/08
2204,2204,1898,世紀東急工業(株),東証PRM,"1,414",-11,-0.77,"217,000",2026/10/08
2205,2205,2098,GX ホテル&リテール・J-REIT,東証ETF,907,-7,-0.77,"8,957",2026/10/08
2206,2206,2311,(株)エプコ,東証STD,777,-6,-0.77,"5,900",2026/10/08
2207,2207,2654,(株)アスモ,東証STD,389,-3,-0.77,"225,500",2026/10/08
2208,2208,2999,ホームポジション(株),東証STD,516,-4,-0.77,"10,100",2026/10/08
2209,2209,3282,コンフォリア・レジデンシャル投資法人,東証,"90,300",-700,-0.77,"7,902",2026/10/08
2210,2210,3487,CREロジスティクスファンド投資法人,東証,"129,500","-1,000",-0.77,"3,414",2026/10/08
2211,2211,3798,ＵＬＳグループ(株),東証STD,515,-4,-0.77,"154,600",2026/10/08
2212,2212,5031,モイ(株),東証GRT,385,-3,-0.77,"117,200",2026/10/08
2213,2213,5351,品川リフラ(株),東証PRM,"1,935",-15,-0.77,"112,100",2026/10/08
2214,2214,6161,(株)エスティック,東証STD,"1,030",-8,-0.77,"3,200",2026/10/08
2215,2215,6675,サクサ(株),東証STD,"2,073",-16,-0.77,"36,600",2026/10/08
2216,2216,8163,ＳＲＳホールディングス(株),東証PRM,"1,424",-11,-0.77,"115,600",2026/10/08
2217,2217,8864,空港施設(株),東証STD,898,-7,-0.77,"114,600",2026/10/08
2218,2218,9557,(株)エアークローゼット,東証GRT,257,-2,-0.77,"6,400",2026/10/08
2219,2219,1398,SMDAM 東証REIT指数上場投信,東証ETF,"1,688.5",-13,-0.76,"67,040",2026/10/08
2220,2220,1672,WisdomTree 金上場投信,東証ETF,"60,360",-460,-0.76,149,2026/10/08
2221,2221,2503,キリンホールディングス(株),東証PRM,"2,750.5",-21,-0.76,"4,157,400",2026/10/08
2222,2222,2922,(株)なとり,東証PRM,"1,946",-15,-0.76,"20,100",2026/10/08
2223,2223,3221,(株)ヨシックスホールディングス,東証PRM,"2,861",-22,-0.76,"43,200",2026/10/08
2224,2224,3426,アトムリビンテック(株),東証STD,"1,301",-10,-0.76,"1,800",2026/10/08
2225,2225,4261,アジアクエスト(株),東証GRT,"2,997",-23,-0.76,"2,500",2026/10/08
2226,2226,4996,クミアイ化学工業(株),東証PRM,652,-5,-0.76,"796,800",2026/10/08
2227,2227,6574,(株)コンヴァノ,東証GRT,130,-1,-0.76,"778,600",2026/10/08
2228,2228,6757,(株)ＯＳＧコーポレーション,東証STD,911,-7,-0.76,"1,500",2026/10/08
2229,2229,8952,ジャパンリアルエステイト投資法人,東証,"105,000",-800,-0.76,"20,882",2026/10/08
2230,2230,9273,コーア商事ホールディングス(株),東証PRM,780,-6,-0.76,"67,400",2026/10/08
2231,2231,9513,Ｊ－ＰＯＷＥＲ,東証PRM,"3,937",-30,-0.76,"765,400",2026/10/08
2232,2232,2639,GX バイオ＆メドテック-日本株式,東証ETF,"1,726",-13,-0.75,425,2026/10/08
2233,2233,273A,SBI サウジアラビア株式上場投信,東証ETF,"9,320",-70,-0.75,31,2026/10/08
2234,2234,3309,積水ハウス・リート投資法人,東証,"66,200",-500,-0.75,"12,949",2026/10/08
2235,2235,3931,(株)バリューゴルフ,東証GRT,"1,450",-11,-0.75,"3,700",2026/10/08
2236,2236,4012,(株)アクシス,東証STD,"1,715",-13,-0.75,"6,200",2026/10/08
2237,2237,4587,ペプチドリーム(株),東証PRM,"1,052.5",-8,-0.75,"616,900",2026/10/08
2238,2238,5461,中部鋼鈑(株),東証PRM,"2,114",-16,-0.75,"116,900",2026/10/08
2239,2239,6457,グローリー(株),東証PRM,"4,522",-34,-0.75,"183,700",2026/10/08
2240,2240,6888,アクモス(株),東証STD,526,-4,-0.75,"29,900",2026/10/08
2241,2241,7366,(株)ＬＩＴＡＬＩＣＯ,東証PRM,"1,974",-15,-0.75,"65,500",2026/10/08
2242,2242,7953,菊水化学工業(株),東証STD,397,-3,-0.75,"21,000",2026/10/08
2243,2243,8961,森トラストリート投資法人,東証,"66,300",-500,-0.75,"6,735",2026/10/08
2244,2244,9142,九州旅客鉄道(株),東証PRM,"3,326",-25,-0.75,"708,300",2026/10/08
2245,2245,1696,WisdomTree とうもろこし上場投信,東証ETF,"3,087",-23,-0.74,770,2026/10/08
2246,2246,2156,セーラー広告(株),東証STD,267,-2,-0.74,"31,100",2026/10/08
2247,2247,2158,(株)ＦＲＯＮＴＥＯ,東証GRT,675,-5,-0.74,"222,200",2026/10/08
2248,2248,2622,iシェアーズ 米ドル建て新興国債券(H有),東証ETF,"1,618",-12,-0.74,412,2026/10/08
2249,2249,2910,(株)ロック・フィールド,東証PRM,"1,341",-10,-0.74,"74,100",2026/10/08
2250,2250,3242,(株)アーバネットコーポレーション,東証STD,534,-4,-0.74,"36,600",2026/10/08
2251,2251,3451,トーセイ・リート投資法人,東証,"121,500",-900,-0.74,"1,298",2026/10/08
2252,2252,5902,ホッカン(株),東証PRM,"2,532",-19,-0.74,"28,000",2026/10/08
2253,2253,6798,ＳＭＫ(株),東証PRM,"3,345",-25,-0.74,"14,300",2026/10/08
2254,2254,7201,日産自動車(株),東証PRM,283,-2.1,-0.74,"35,386,300",2026/10/08
2255,2255,7610,(株)テイツー,東証STD,134,-1,-0.74,"631,200",2026/10/08
2256,2256,7987,ナカバヤシ(株),東証STD,535,-4,-0.74,"72,000",2026/10/08
2257,2257,9644,(株)タナベコンサルティンググループ,東証PRM,672,-5,-0.74,"64,100",2026/10/08
2258,2258,1399,上場MSCI日本株高配当低ボラティリティ,東証ETF,"3,130",-23,-0.73,204,2026/10/08
2259,2259,1430,ファーストコーポレーション(株),東証STD,"1,085",-8,-0.73,"24,000",2026/10/08
2260,2260,2852,iシェアーズ グリーンJリート,東証ETF,162.4,-1.2,-0.73,"4,580",2026/10/08
2261,2261,3591,(株)ワコールホールディングス,東証PRM,"3,533",-26,-0.73,"148,300",2026/10/08
2262,2262,3663,(株)セルシス,東証PRM,"1,756",-13,-0.73,"204,800",2026/10/08
2263,2263,3970,(株)イノベーション,東証STD,811,-6,-0.73,"1,800",2026/10/08
2264,2264,4221,大倉工業(株),東証PRM,"5,440",-40,-0.73,"289,400",2026/10/08
2265,2265,6155,高松機械工業(株),東証STD,546,-4,-0.73,"1,500",2026/10/08
2266,2266,7215,(株)ファルテック,東証STD,406,-3,-0.73,"2,800",2026/10/08
2267,2267,7276,(株)小糸製作所,東証PRM,"2,732",-20,-0.73,"728,200",2026/10/08
2268,2268,7374,(株)コンフィデンス・インターワークス,東証GRT,"1,493",-11,-0.73,"4,800",2026/10/08
2269,2269,1484,One ETF JPX/S&P 設備･人材投資指数,東証ETF,"3,845",-28,-0.72,40,2026/10/08
2270,2270,2138,クルーズ(株),東証STD,412,-3,-0.72,"2,400",2026/10/08
2271,2271,3569,セーレン(株),東証PRM,"3,440",-25,-0.72,"189,000",2026/10/08
2272,2272,4058,トヨクモ(株),東証GRT,"2,194",-16,-0.72,"23,000",2026/10/08
2273,2273,4488,ＡＩ　ｉｎｓｉｄｅ(株),東証GRT,"2,081",-15,-0.72,"5,100",2026/10/08
2274,2274,6379,レイズネクスト(株),東証PRM,967,-7,-0.72,"307,400",2026/10/08
2275,2275,7030,(株)スプリックス,東証STD,971,-7,-0.72,"4,300",2026/10/08
2276,2276,7048,ベルトラ(株),東証GRT,138,-1,-0.72,"168,800",2026/10/08
2277,2277,7914,共同印刷(株),東証PRM,"1,655",-12,-0.72,"52,400",2026/10/08
2278,2278,8614,東洋証券(株),東証PRM,689,-5,-0.72,"414,600",2026/10/08
2279,2279,8919,(株)カチタス,東証PRM,"3,425",-25,-0.72,"144,700",2026/10/08
2280,2280,8977,阪急阪神リート投資法人,東証,"124,800",-900,-0.72,"2,193",2026/10/08
2281,2281,2564,GX MSCIスーパーディビィデンド-日本株式,東証ETF,"3,633",-26,-0.71,"14,373",2026/10/08
2282,2282,256A,飛島ホールディングス(株),東証PRM,"2,252",-16,-0.71,"281,200",2026/10/08
2283,2283,3440,日創グループ(株),東証STD,841,-6,-0.71,"4,800",2026/10/08
2284,2284,3571,(株)ソトー,東証STD,695,-5,-0.71,"5,000",2026/10/08
2285,2285,547A,ムニノバホールディングス(株),東証PRM,417,-3,-0.71,"2,691,500",2026/10/08
2286,2286,5535,ミガロホールディングス(株),東証PRM,281,-2,-0.71,"107,100",2026/10/08
2287,2287,6089,(株)ウィルグループ,東証PRM,"1,114",-8,-0.71,"41,600",2026/10/08
2288,2288,6189,(株)グローバルキッズＣＯＭＰＡＮＹ,東証STD,977,-7,-0.71,"7,100",2026/10/08
2289,2289,7821,前田工繊(株),東証PRM,"1,953",-14,-0.71,"117,600",2026/10/08
2290,2290,7886,ヤマト　モビリティ　＆　Ｍｆｇ．(株),東証STD,562,-4,-0.71,600,2026/10/08
2291,2291,8897,ＭＩＲＡＲＴＨホールディングス(株),東証PRM,420,-3,-0.71,"464,000",2026/10/08
2292,2292,9251,(株)ＡＢ＆Ｃｏｍｐａｎｙ,東証GRT,"1,531",-11,-0.71,"69,000",2026/10/08
2293,2293,9890,(株)マキヤ,東証STD,"1,400",-10,-0.71,"3,600",2026/10/08
2294,2294,1597,MAXIS Jリート上場投信,東証ETF,"1,695",-12,-0.7,"380,898",2026/10/08
2295,2295,2088,NZAM 上場投信 NYダウ30(H有),東証ETF,"2,561",-18,-0.7,24,2026/10/08
2296,2296,2556,One ETF 東証REIT指数,東証ETF,"1,695",-12,-0.7,"63,670",2026/10/08
2297,2297,2629,iFree グレーターベイエリア・イノベーション100,東証ETF,"3,426",-24,-0.7,"19,586",2026/10/08
2298,2298,435A,iFreeETF 日本株配当ローテーション戦略,東証ETF,"2,692",-19,-0.7,"530,055",2026/10/08
2299,2299,4491,コンピューターマネージメント(株),東証STD,"2,967",-21,-0.7,"3,900",2026/10/08
2300,2300,6046,(株)リンクバル,東証STD,141,-1,-0.7,"26,200",2026/10/08
2301,2301,7047,ポート(株),東証GRT,"2,141",-15,-0.7,"60,600",2026/10/08
2302,2302,7075,(株)ＱＬＳホールディングス,東証GRT,"1,000",-7,-0.7,"6,900",2026/10/08
2303,2303,8136,(株)サンリオ,東証PRM,"1,202",-8.5,-0.7,"14,634,300",2026/10/08
2304,2304,8572,アコム(株),東証STD,452.8,-3.2,-0.7,"2,131,700",2026/10/08
2305,2305,9220,エフビー介護サービス(株),東証STD,"1,272",-9,-0.7,500,2026/10/08
2306,2306,9972,アルテック(株),東証STD,283,-2,-0.7,"16,900",2026/10/08
2307,2307,1489,(NEXT FUNDS)日経平均高配当株50指数連動型ETF,東証ETF,"3,449",-24,-0.69,"503,092",2026/10/08
2308,2308,2751,(株)テンポスホールディングス,東証STD,"3,590",-25,-0.69,"9,100",2026/10/08
2309,2309,3286,トラストホールディングス(株),東証STD,865,-6,-0.69,"5,400",2026/10/08
2310,2310,4543,テルモ(株),東証PRM,"2,308.5",-16,-0.69,"3,812,500",2026/10/08
2311,2311,5889,Ｊａｐａｎ　Ｅｙｅｗｅａｒ　Ｈｏｌｄｉｎｇｓ(株),東証PRM,"2,148",-15,-0.69,"130,900",2026/10/08
2312,2312,6835,アライドテレシスホールディングス(株),東証STD,287,-2,-0.69,"971,000",2026/10/08
2313,2313,7599,(株)ＩＤＯＭ,東証PRM,"1,145",-8,-0.69,"890,100",2026/10/08
2314,2314,8159,(株)立花エレテック,東証PRM,"4,295",-30,-0.69,"38,300",2026/10/08
2315,2315,9997,(株)ベルーナ,東証PRM,"1,013",-7,-0.69,"240,700",2026/10/08
2316,2316,1657,iシェアーズ･コア MSCI 先進国株(除く日本)ETF,東証ETF,"7,271",-50,-0.68,634,2026/10/08
2317,2317,2127,(株)日本Ｍ＆Ａセンターホールディングス,東証PRM,616.5,-4.2,-0.68,"2,168,100",2026/10/08
2318,2318,258A,SMT ETF国内リート厳選投資アクティブ,東証ETF,"1,912",-13,-0.68,132,2026/10/08
2319,2319,2620,iシェアーズ 米国債1-3年,東証ETF,363.2,-2.5,-0.68,"45,650",2026/10/08
2320,2320,2631,MAXIS ナスダック100上場投信,東証ETF,"35,130",-240,-0.68,"23,892",2026/10/08
2321,2321,2855,GX グリーン・J-REIT,東証ETF,871,-6,-0.68,135,2026/10/08
2322,2322,295A,One ETF FTSE・サウジアラビア・インデックス,東証ETF,"9,525",-65,-0.68,37,2026/10/08
2323,2323,3302,帝国繊維(株),東証PRM,"2,916",-20,-0.68,"104,000",2026/10/08
2324,2324,3597,(株)自重堂,東証STD,"8,740",-60,-0.68,"3,600",2026/10/08
2325,2325,4014,(株)カラダノート,東証GRT,438,-3,-0.68,"6,600",2026/10/08
2326,2326,4025,多木化学(株),東証PRM,"5,840",-40,-0.68,"17,800",2026/10/08
2327,2327,5971,(株)共和工業所,東証STD,"8,750",-60,-0.68,"1,000",2026/10/08
2328,2328,613A,iFreeETF ドイツ0-3カ月短期国債,東証ETF,"1,896",-13,-0.68,"3,001",2026/10/08
2329,2329,7162,アストマックス(株),東証STD,292,-2,-0.68,"21,900",2026/10/08
2330,2330,7187,ジェイリース(株),東証PRM,"1,324",-9,-0.68,"51,300",2026/10/08
2331,2331,7997,(株)くろがね工作所,東証STD,"1,175",-8,-0.68,"5,200",2026/10/08
2332,2332,8202,ラオックスホールディングス(株),東証STD,147,-1,-0.68,"33,600",2026/10/08
2333,2333,8803,平和不動産(株),東証PRM,"2,200",-15,-0.68,"354,500",2026/10/08
2334,2334,8953,日本都市ファンド投資法人,東証,"102,800",-700,-0.68,"18,679",2026/10/08
2335,2335,8955,日本プライムリアルティ投資法人,東証,"87,900",-600,-0.68,"7,585",2026/10/08
2336,2336,8979,スターツプロシード投資法人,東証,"174,000","-1,200",-0.68,609,2026/10/08
2337,2337,9036,東部ネットワーク(株),東証STD,"1,170",-8,-0.68,"10,100",2026/10/08
2338,2338,9733,(株)ナガセ,東証STD,"2,205",-15,-0.68,"11,600",2026/10/08
2339,2339,9882,(株)イエローハット,東証PRM,"1,597",-11,-0.68,"287,400",2026/10/08
2340,2340,1301,(株)極洋,東証PRM,"4,465",-30,-0.67,"56,100",2026/10/08
2341,2341,1376,カネコ種苗(株),東証STD,"1,492",-10,-0.67,"25,300",2026/10/08
2342,2342,1418,インターライフホールディングス(株),東証STD,597,-4,-0.67,"87,200",2026/10/08
2343,2343,2559,MAXIS 全世界株式(オール・カントリー)上場投信,東証ETF,"2,974",-20,-0.67,"170,905",2026/10/08
2344,2344,2836,GX フィンテック-日本株式,東証ETF,"3,260",-22,-0.67,38,2026/10/08
2345,2345,566A,iFreeETF ブルームバーグ日本株(除く金融)高配当50,東証ETF,"2,233",-15,-0.67,59,2026/10/08
2346,2346,7613,シークス(株),東証PRM,"1,633",-11,-0.67,"167,700",2026/10/08
2347,2347,9336,大栄環境(株),東証PRM,"3,680",-25,-0.67,"207,600",2026/10/08
2348,2348,9339,(株)コーチ・エィ,東証STD,"1,473",-10,-0.67,"1,300",2026/10/08
2349,2349,9955,(株)ヨンキュウ,東証STD,"2,687",-18,-0.67,900,2026/10/08
2350,2350,1478,iシェアーズ MSCI ジャパン高配当利回り ETF,東証ETF,"5,295",-35,-0.66,"18,268",2026/10/08
2351,2351,2241,MAXIS NYダウ上場投信,東証ETF,900.2,-6,-0.66,"13,590",2026/10/08
2352,2352,3452,(株)ビーロット,東証STD,"1,363",-9,-0.66,"90,800",2026/10/08
2353,2353,4224,ロンシール工業(株),東証STD,"2,104",-14,-0.66,"10,300",2026/10/08
2354,2354,4825,(株)ウェザーニューズ,東証PRM,"1,947",-13,-0.66,"388,100",2026/10/08
2355,2355,5261,リソルホールディングス(株),東証PRM,"7,500",-50,-0.66,"5,100",2026/10/08
2356,2356,5356,美濃窯業(株),東証STD,"1,199",-8,-0.66,"15,600",2026/10/08
2357,2357,6458,新晃工業(株),東証PRM,"1,207",-8,-0.66,"277,600",2026/10/08
2358,2358,6570,(株)共和コーポレーション,東証STD,"4,520",-30,-0.66,"52,500",2026/10/08
2359,2359,7039,ブリッジインターナショナルグループ(株),東証GRT,"1,351",-9,-0.66,"12,100",2026/10/08
2360,2360,7096,(株)ステムセル研究所,東証GRT,748,-5,-0.66,"1,200",2026/10/08
2361,2361,7172,(株)ジャパンインベストメントアドバイザー,東証PRM,"2,119",-14,-0.66,"146,400",2026/10/08
2362,2362,7256,河西工業(株),東証STD,451,-3,-0.66,"475,200",2026/10/08
2363,2363,7539,(株)アイナボホールディングス,東証STD,755,-5,-0.66,"11,300",2026/10/08
2364,2364,7596,(株)魚力,東証PRM,"2,096",-14,-0.66,"33,200",2026/10/08
2365,2365,8052,椿本興業(株),東証PRM,"3,010",-20,-0.66,"65,000",2026/10/08
2366,2366,8230,(株)はせがわ,東証STD,299,-2,-0.66,"25,900",2026/10/08
2367,2367,9505,北陸電力(株),東証PRM,"1,057.5",-7,-0.66,"867,300",2026/10/08
2368,2368,2294,(株)柿安本店,東証PRM,"2,434",-16,-0.65,"24,500",2026/10/08
2369,2369,2633,(NEXT FUNDS) S&P500(H無)連動型上場投信,東証ETF,567,-3.7,-0.65,"51,620",2026/10/08
2370,2370,298A,ＧＶＡ　ＴＥＣＨ(株),東証GRT,306,-2,-0.65,"5,800",2026/10/08
2371,2371,3393,スターティアホールディングス(株),東証PRM,"3,075",-20,-0.65,"18,900",2026/10/08
2372,2372,3470,マリモ地方創生リート投資法人,東証,"92,100",-600,-0.65,"2,215",2026/10/08
2373,2373,3660,(株)アイスタイル,東証PRM,459,-3,-0.65,"1,037,600",2026/10/08
2374,2374,3698,(株)ＣＲＩ・ミドルウェア,東証STD,"1,222",-8,-0.65,"2,500",2026/10/08
2375,2375,3947,ダイナパック(株),東証STD,"2,464",-16,-0.65,"4,000",2026/10/08
2376,2376,4378,(株)ＣＩＮＣ,東証GRT,456,-3,-0.65,"5,100",2026/10/08
2377,2377,7360,(株)オンデック,東証GRT,610,-4,-0.65,"1,000",2026/10/08
2378,2378,7679,(株)薬王堂ホールディングス,東証PRM,"1,530",-10,-0.65,"104,600",2026/10/08
2379,2379,8217,(株)オークワ,東証PRM,762,-5,-0.65,"73,000",2026/10/08
2380,2380,8984,大和ハウスリート投資法人,東証,"107,700",-700,-0.65,"12,590",2026/10/08
2381,2381,9982,タキヒヨー(株),東証STD,"2,772",-18,-0.65,"3,400",2026/10/08
2382,2382,1488,iFreeETF 東証REIT指数,東証ETF,"1,703",-11,-0.64,"211,996",2026/10/08
2383,2383,3069,(株)ＪＦＬＡホールディングス,東証STD,155,-1,-0.64,"87,700",2026/10/08
2384,2384,4705,(株)クリップコーポレーション,東証STD,772,-5,-0.64,700,2026/10/08
2385,2385,5078,(株)セレコーポレーション,東証STD,"4,630",-30,-0.64,100,2026/10/08
2386,2386,5616,(株)雨風太陽,東証GRT,624,-4,-0.64,"1,400",2026/10/08
2387,2387,6919,ケル(株),東証STD,"1,404",-9,-0.64,"4,300",2026/10/08
2388,2388,7089,フォースタートアップス(株),東証GRT,"1,559",-10,-0.64,"11,500",2026/10/08
2389,2389,7461,(株)キムラ,東証STD,467,-3,-0.64,600,2026/10/08
2390,2390,8130,(株)サンゲツ,東証PRM,"3,125",-20,-0.64,"116,200",2026/10/08
2391,2391,8167,(株)リテールパートナーズ,東証PRM,"1,407",-9,-0.64,"49,700",2026/10/08
2392,2392,8585,(株)オリエントコーポレーション,東証PRM,777,-5,-0.64,"841,000",2026/10/08
2393,2393,9405,朝日放送グループホールディングス(株),東証PRM,781,-5,-0.64,"62,700",2026/10/08
2394,2394,1322,上場インデックス中国A株 E FUND CSI300,東証ETF,"11,050",-70,-0.63,276,2026/10/08
2395,2395,1547,上場インデックスファンド米国株式(S&P500),東証ETF,"13,390",-85,-0.63,"13,569",2026/10/08
2396,2396,1555,上場インデックスファンド豪州リート,東証ETF,"2,209",-14,-0.63,"3,214",2026/10/08
2397,2397,1605,(株)ＩＮＰＥＸ,東証PRM,"3,625",-23,-0.63,"5,163,100",2026/10/08
2398,2398,3249,産業ファンド投資法人,東証,"125,600",-800,-0.63,"8,886",2026/10/08
2399,2399,3283,日本プロロジスリート投資法人,東証,"79,300",-500,-0.63,"19,172",2026/10/08
2400,2400,3289,東急不動産ホールディングス(株),東証PRM,"1,181.5",-7.5,-0.63,"3,911,800",2026/10/08
2401,2401,3521,テルマー湯ホールディングス(株),東証STD,157,-1,-0.63,"4,300",2026/10/08
2402,2402,3659,(株)ネクソン,東証PRM,"2,600",-16.5,-0.63,"1,963,900",2026/10/08
2403,2403,425A,GX ゴールドETF,東証ETF,347.5,-2.2,-0.63,"262,160",2026/10/08
2404,2404,4343,(株)イオンファンタジー,東証PRM,"2,672",-17,-0.63,"61,500",2026/10/08
2405,2405,4914,高砂香料工業(株),東証PRM,"1,267",-8,-0.63,"399,300",2026/10/08
2406,2406,6454,マックス(株),東証PRM,"1,895",-12,-0.63,"228,700",2026/10/08
2407,2407,7371,Ｚｅｎｋｅｎ(株),東証GRT,792,-5,-0.63,"9,700",2026/10/08
2408,2408,1375,ユキグニファクトリー(株),東証PRM,"1,131",-7,-0.62,"36,300",2026/10/08
2409,2409,1447,ＳＡＡＦホールディングス(株),東証GRT,321,-2,-0.62,"30,600",2026/10/08
2410,2410,149A,(株)シンカ,東証GRT,800,-5,-0.62,"12,100",2026/10/08
2411,2411,1853,(株)森組,東証STD,320,-2,-0.62,"3,500",2026/10/08
2412,2412,2048,NEXT NOTES 野村日本株高配当70(ドルH、NR)ETN,東証ETF,"57,250",-360,-0.62,1,2026/10/08
2413,2413,4956,コニシ(株),東証PRM,"1,449",-9,-0.62,"70,100",2026/10/08
2414,2414,564A,GX S&P先進国キャッシュフロー・トップ100,東証ETF,"1,118",-7,-0.62,"10,071",2026/10/08
2415,2415,5947,リンナイ(株),東証PRM,"3,350",-21,-0.62,"310,400",2026/10/08
2416,2416,6656,インスペック(株),東証STD,796,-5,-0.62,"16,800",2026/10/08
2417,2417,6923,スタンレー電気(株),東証PRM,"3,503",-22,-0.62,"358,000",2026/10/08
2418,2418,6988,日東電工(株),東証PRM,"3,526",-22,-0.62,"3,937,000",2026/10/08
2419,2419,7606,(株)ＴＡＢＡＹＡホールディングス,東証PRM,"2,404",-15,-0.62,"193,700",2026/10/08
2420,2420,9166,(株)ＧＥＮＤＡ,東証GRT,643,-4,-0.62,"551,500",2026/10/08
2421,2421,9256,(株)サクシード,東証GRT,962,-6,-0.62,"9,800",2026/10/08
2422,2422,210A,iFreeETF 日経高利回りREIT指数,東証ETF,"1,462",-9,-0.61,"22,431",2026/10/08
2423,2423,2632,MAXIS ナスダック100上場投信(H有),東証ETF,"18,835",-115,-0.61,"1,342",2026/10/08
2424,2424,2819,エバラ食品工業(株),東証STD,"2,450",-15,-0.61,"9,600",2026/10/08
2425,2425,2907,(株)あじかん,東証STD,"1,459",-9,-0.61,"1,900",2026/10/08
2426,2426,3287,星野リゾート・リート投資法人,東証,"226,300","-1,400",-0.61,"2,593",2026/10/08
2427,2427,483A,テラテクノロジー(株),東証STD,"2,115",-13,-0.61,"1,200",2026/10/08
2428,2428,4845,(株)スカラ,東証STD,325,-2,-0.61,"113,400",2026/10/08
2429,2429,531A,NZAM 上場投信 日経平均高配当株50,東証ETF,"2,285",-14,-0.61,8,2026/10/08
2430,2430,537A,NZAM 上場投信 全世界株式(MSCI ACWI)(H無),東証ETF,"1,133",-7,-0.61,155,2026/10/08
2431,2431,2247,iFreeETF S&P500(H無),東証ETF,"2,314",-14,-0.6,"95,485",2026/10/08
2432,2432,2784,アルフレッサ　ホールディングス(株),東証PRM,"2,226",-13.5,-0.6,"317,100",2026/10/08
2433,2433,2860,(NEXT FUNDS) ドイツ株式・DAX(H有),東証ETF,"3,154",-19,-0.6,"1,125",2026/10/08
2434,2434,346A,(NEXT FUNDS) S&P500 半導体・半導体製造装置35%,東証ETF,"5,422",-33,-0.6,"3,739",2026/10/08
2435,2435,3911,(株)Ａｉｍｉｎｇ,東証GRT,167,-1,-0.6,"109,700",2026/10/08
2436,2436,4068,ベイシス(株),東証GRT,"1,818",-11,-0.6,300,2026/10/08
2437,2437,4088,エア・ウォーター(株),東証PRM,"2,834",-17,-0.6,"613,700",2026/10/08
2438,2438,4419,(株)Ｆｉｎａｔｅｘｔホールディングス,東証GRT,"1,494",-9,-0.6,"385,600",2026/10/08
2439,2439,4465,(株)ニイタカ,東証STD,"2,476",-15,-0.6,"7,800",2026/10/08
2440,2440,4951,エステー(株),東証PRM,"1,491",-9,-0.6,"35,300",2026/10/08
2441,2441,5619,マーソ(株),東証GRT,835,-5,-0.6,600,2026/10/08
2442,2442,6086,シンメンテホールディングス(株),東証GRT,992,-6,-0.6,"15,900",2026/10/08
2443,2443,7022,サノヤスホールディングス(株),東証STD,332,-2,-0.6,"62,400",2026/10/08
2444,2444,7601,(株)ポプラ,東証STD,165,-1,-0.6,"7,500",2026/10/08
2445,2445,7602,(株)レダックス,東証STD,166,-1,-0.6,"19,800",2026/10/08
2446,2446,7695,リフォームテクノロジー(株),東証GRT,822,-5,-0.6,"10,600",2026/10/08
2447,2447,8185,(株)チヨダ,東証PRM,986,-6,-0.6,"82,800",2026/10/08
2448,2448,8928,穴吹興産(株),東証STD,"2,311",-14,-0.6,"6,400",2026/10/08
2449,2449,9788,(株)ナック,東証PRM,497,-3,-0.6,"74,100",2026/10/08
2450,2450,9856,(株)ケーユーホールディングス,東証STD,"1,157",-7,-0.6,"37,900",2026/10/08
2451,2451,9869,加藤産業(株),東証PRM,"6,640",-40,-0.6,"40,600",2026/10/08
2452,2452,1677,上場インデックスファンド海外債券毎月分配,東証ETF,"57,500",-340,-0.59,60,2026/10/08
2453,2453,2796,ファーマライズホールディングス(株),東証STD,506,-3,-0.59,"4,600",2026/10/08
2454,2454,2931,(株)ユーグレナ,東証PRM,335,-2,-0.59,"690,600",2026/10/08
2455,2455,354A,iFreeETF ブルームバーグ日本株高配当50指数,東証ETF,"3,214",-19,-0.59,"19,593",2026/10/08
2456,2456,3993,(株)ＰＫＳＨＡ　Ｔｅｃｈｎｏｌｏｇｙ,東証PRM,"3,365",-20,-0.59,"140,100",2026/10/08
2457,2457,6074,(株)ジェイエスエス,東証STD,502,-3,-0.59,"4,900",2026/10/08
2458,2458,6391,(株)加地テック,東証STD,"5,070",-30,-0.59,"2,900",2026/10/08
2459,2459,6413,理想科学工業(株),東証PRM,"1,019",-6,-0.59,"89,900",2026/10/08
2460,2460,6579,ログリー(株),東証GRT,338,-2,-0.59,"4,000",2026/10/08
2461,2461,6848,東亜ディーケーケー(株),東証STD,840,-5,-0.59,"3,100",2026/10/08
2462,2462,7292,(株)村上開明堂,東証STD,"6,730",-40,-0.59,"5,200",2026/10/08
2463,2463,8254,(株)さいか屋,東証STD,337,-2,-0.59,"19,700",2026/10/08
2464,2464,9729,(株)トーカイ,東証PRM,"2,535",-15,-0.59,"30,000",2026/10/08
2465,2465,1550,MAXIS 海外株式(MSCIコクサイ)上場投信,東証ETF,"8,095",-47,-0.58,315,2026/10/08
2466,2466,1966,(株)高田工業所,東証STD,"1,720",-10,-0.58,"1,900",2026/10/08
2467,2467,197A,(株)タウンズ,東証STD,518,-3,-0.58,"109,200",2026/10/08
2468,2468,2511,(NEXT FUNDS)外国債券・FTSE世界国債(除く日本・H無),東証ETF,"1,118",-6.5,-0.58,"8,780",2026/10/08
2469,2469,2579,コカ・コーラ　ボトラーズジャパンホールディングス(株),東証PRM,"3,754",-22,-0.58,"811,700",2026/10/08
2470,2470,3415,(株)ＴＯＫＹＯ　ＢＡＳＥ,東証PRM,344,-2,-0.58,"325,000",2026/10/08
2471,2471,3434,(株)アルファ,東証STD,"1,204",-7,-0.58,"6,200",2026/10/08
2472,2472,3608,(株)ＴＳＩホールディングス,東証PRM,"1,196",-7,-0.58,"370,500",2026/10/08
2473,2473,379A,GX S&P500 (ダイナミック・プロテクション),東証ETF,"1,368",-8,-0.58,89,2026/10/08
2474,2474,3994,(株)マネーフォワード,東証PRM,"6,307",-37,-0.58,"495,800",2026/10/08
2475,2475,4057,(株)インターファクトリー,東証GRT,345,-2,-0.58,"2,400",2026/10/08
2476,2476,4060,ｒａｋｕｍｏ(株),東証GRT,"1,198",-7,-0.58,"1,800",2026/10/08
2477,2477,442A,クラシコ(株),東証GRT,850,-5,-0.58,"1,300",2026/10/08
2478,2478,443A,iFreeETF 東証REIT指数(2・5・8・11月決算型),東証ETF,"1,716",-10,-0.58,"9,038",2026/10/08
2479,2479,4445,リビン・テクノロジーズ(株),東証GRT,"1,711",-10,-0.58,"1,100",2026/10/08
2480,2480,4911,(株)資生堂,東証PRM,"3,244",-19,-0.58,"2,918,900",2026/10/08
2481,2481,500A,(株)ＴＯブックス,東証STD,"3,405",-20,-0.58,"6,800",2026/10/08
2482,2482,8151,(株)東陽テクニカ,東証PRM,"1,874",-11,-0.58,"103,100",2026/10/08
2483,2483,9830,トラスコ中山(株),東証PRM,"2,381",-14,-0.58,"171,800",2026/10/08
2484,2484,1557,State Street SPDR S&P500 ETF,東証ETF,"122,700",-700,-0.57,"1,184",2026/10/08
2485,2485,2084,(NEXT FUNDS) 日本高配当株アクティブ,東証ETF,"3,871",-22,-0.57,"6,952",2026/10/08
2486,2486,3375,(株)ＺＯＡ,東証STD,"1,738",-10,-0.57,100,2026/10/08
2487,2487,4838,スペースシャワーＳＫＩＹＡＫＩホールディングス(株),東証STD,693,-4,-0.57,"31,700",2026/10/08
2488,2488,5843,ニッポンインシュア(株),東証STD,"2,281",-13,-0.57,"2,600",2026/10/08
2489,2489,6099,(株)エラン,東証PRM,697,-4,-0.57,"68,200",2026/10/08
2490,2490,6676,(株)バッファロー,東証STD,"3,475",-20,-0.57,"63,500",2026/10/08
2491,2491,7033,(株)マネジメントソリューションズ,東証PRM,"1,565",-9,-0.57,"33,100",2026/10/08
2492,2492,7090,(株)リグア,東証GRT,877,-5,-0.57,400,2026/10/08
2493,2493,7265,エイケン工業(株),東証STD,"3,485",-20,-0.57,"1,700",2026/10/08
2494,2494,7516,コーナン商事(株),東証PRM,"4,340",-25,-0.57,"57,600",2026/10/08
2495,2495,8016,(株)オンワードホールディングス,東証PRM,699,-4,-0.57,"817,700",2026/10/08
2496,2496,1770,藤田エンジニアリング(株),東証STD,"2,120",-12,-0.56,"1,500",2026/10/08
2497,2497,189A,(株)Ｄ＆Ｍカンパニー,東証GRT,"1,058",-6,-0.56,"2,500",2026/10/08
2498,2498,2206,江崎グリコ(株),東証PRM,"4,993",-28,-0.56,"269,500",2026/10/08
2499,2499,2266,六甲バター(株),東証PRM,"1,073",-6,-0.56,"64,600",2026/10/08
2500,2500,2558,MAXIS 米国株式(S&P500)上場投信,東証ETF,"3,549",-20,-0.56,"124,694",2026/10/08
2501,2501,2722,(株)ＩＫホールディングス,東証STD,358,-2,-0.56,"7,600",2026/10/08
2502,2502,2841,iFreeETF NASDAQ100(H有),東証ETF,"1,776",-10,-0.56,"17,926",2026/10/08
2503,2503,2845,(NEXT FUNDS) NASDAQ-100(H有)連動型上場投信,東証ETF,"3,715",-21,-0.56,"1,608",2026/10/08
2504,2504,3030,(株)ハブ,東証STD,891,-5,-0.56,"7,900",2026/10/08
2505,2505,3951,朝日印刷(株),東証STD,882,-5,-0.56,"17,600",2026/10/08
2506,2506,4394,(株)エクスモーション,東証GRT,709,-4,-0.56,"20,000",2026/10/08
2507,2507,5393,ニチアス(株),東証PRM,"3,697",-21,-0.56,"577,800",2026/10/08
2508,2508,8085,ナラサキ産業(株),東証STD,"4,400",-25,-0.56,800,2026/10/08
2509,2509,9046,神戸電鉄(株),東証STD,"2,322",-13,-0.56,"20,700",2026/10/08
2510,2510,9347,日本管財ホールディングス(株),東証PRM,"2,835",-16,-0.56,"51,000",2026/10/08
2511,2511,9445,(株)フォーバルテレコム,東証STD,529,-3,-0.56,900,2026/10/08
2512,2512,9552,(株)クオンツ総研ホールディングス,東証PRM,"1,072",-6,-0.56,"247,400",2026/10/08
2513,2513,1328,(NEXT FUNDS)金価格連動型上場投信,東証ETF,"15,365",-85,-0.55,"15,656",2026/10/08
2514,2514,1655,iシェアーズ S&P500 米国株 ETF,東証ETF,887.5,-4.9,-0.55,"991,690",2026/10/08
2515,2515,2882,(株)イートアンドホールディングス,東証PRM,"2,000",-11,-0.55,"20,400",2026/10/08
2516,2516,3231,野村不動産ホールディングス(株),東証PRM,842.2,-4.7,-0.55,"4,397,300",2026/10/08
2517,2517,3281,ＧＬＰ投資法人,東証,"127,500",-700,-0.55,"12,964",2026/10/08
2518,2518,3765,ガンホー・オンライン・エンターテイメント(株),東証PRM,"2,338",-13,-0.55,"188,500",2026/10/08
2519,2519,4059,(株)まぐまぐ,東証STD,362,-2,-0.55,"3,300",2026/10/08
2520,2520,4476,ＡＩ　ＣＲＯＳＳ(株),東証GRT,"1,081",-6,-0.55,"4,900",2026/10/08
2521,2521,4885,室町ケミカル(株),東証STD,900,-5,-0.55,"6,200",2026/10/08
2522,2522,5343,ニッコー(株),名証MN,181,-1,-0.55,"5,200",2026/10/08
2523,2523,6185,ＳＭＮ(株),東証STD,362,-2,-0.55,"3,100",2026/10/08
2524,2524,7851,カワセコンピュータサプライ(株),福証,181,-1,-0.55,"2,800",2026/10/08
2525,2525,8964,三井不動産商業ファンド投資法人,東証,"72,300",-400,-0.55,"8,420",2026/10/08
2526,2526,9163,(株)ナレルグループ,東証GRT,"2,346",-13,-0.55,"28,800",2026/10/08
2527,2527,9306,東陽倉庫(株),東証STD,"1,991",-11,-0.55,"4,700",2026/10/08
2528,2528,9402,中部日本放送(株),名証PRM,"1,269",-7,-0.55,"12,100",2026/10/08
2529,2529,1309,(NEXT FUNDS)ChinaAMC・中国株式・上証50,東証ETF,"53,260",-290,-0.54,54,2026/10/08
2530,2530,2432,(株)ディー・エヌ・エー,東証PRM,"2,481.5",-13.5,-0.54,"791,400",2026/10/08
2531,2531,275A,ハンワホームズ(株),名証NXT,368,-2,-0.54,"1,000",2026/10/08
2532,2532,300A,ＭＩＣ(株),東証STD,"2,746",-15,-0.54,"23,600",2026/10/08
2533,2533,3191,(株)ジョイフル本田,東証PRM,"2,195",-12,-0.54,"99,900",2026/10/08
2534,2534,3320,クロスプラス(株),東証STD,"1,296",-7,-0.54,"5,200",2026/10/08
2535,2535,3985,テモナ(株),東証STD,184,-1,-0.54,"4,600",2026/10/08
2536,2536,6059,(株)ウチヤマホールディングス,東証STD,368,-2,-0.54,"3,000",2026/10/08
2537,2537,7425,初穂商事(株),東証STD,"1,105",-6,-0.54,"1,100",2026/10/08
2538,2538,7544,(株)スリーエフ,東証STD,555,-3,-0.54,"9,400",2026/10/08
2539,2539,8260,(株)井筒屋,東証STD,370,-2,-0.54,"1,200",2026/10/08
2540,2540,9385,(株)ショーエイコーポレーション,東証STD,734,-4,-0.54,"4,900",2026/10/08
2541,2541,1787,(株)ナカボーテック,東証STD,"5,670",-30,-0.53,100,2026/10/08
2542,2542,2096,GX オフィス・J-REIT,東証ETF,935,-5,-0.53,"2,608",2026/10/08
2543,2543,2122,(株)インタースペース,東証STD,"1,310",-7,-0.53,"3,500",2026/10/08
2544,2544,2493,イーサポートリンク(株),東証STD,940,-5,-0.53,"2,700",2026/10/08
2545,2545,2840,iFreeETF NASDAQ100(H無),東証ETF,"2,831",-15,-0.53,"75,687",2026/10/08
2546,2546,3096,(株)オーシャンシステム,東証STD,"1,502",-8,-0.53,"2,900",2026/10/08
2547,2547,415A,ＧＭＯ　ＴＥＣＨホールディングス(株),東証GRT,"5,660",-30,-0.53,700,2026/10/08
2548,2548,448A,ステート・ストリート・スパイダー ゴールド ETF(H有),東証ETF,246,-1.3,-0.53,"3,470",2026/10/08
2549,2549,4496,(株)コマースＯｎｅホールディングス,東証GRT,754,-4,-0.53,"2,000",2026/10/08
2550,2550,5187,クリエートメディック(株),東証STD,"1,127",-6,-0.53,"6,400",2026/10/08
2551,2551,7932,(株)ニッピ,東証STD,"11,170",-60,-0.53,"8,900",2026/10/08
2552,2552,8252,(株)丸井グループ,東証PRM,"2,745.5",-14.5,-0.53,"888,700",2026/10/08
2553,2553,9471,(株)文溪堂,名証MN,"1,135",-6,-0.53,400,2026/10/08
2554,2554,2303,(株)ドーン,東証STD,"1,333",-7,-0.52,"80,700",2026/10/08
2555,2555,2445,(株)タカミヤ,東証STD,380,-2,-0.52,"161,800",2026/10/08
2556,2556,3190,(株)ホットマン,東証STD,569,-3,-0.52,200,2026/10/08
2557,2557,6198,(株)キャリア,東証GRT,192,-1,-0.52,700,2026/10/08
2558,2558,640A,(株)ＡＳＮＯＶＡ　Ｃｏｍｐａｎｉｅｓ,東証GRT,384,-2,-0.52,"30,100",2026/10/08
2559,2559,7040,(株)サン・ライフホールディング,東証STD,948,-5,-0.52,"3,100",2026/10/08
2560,2560,9206,(株)スターフライヤー,東証STD,"1,900",-10,-0.52,"1,100",2026/10/08
2561,2561,9605,東映(株),東証PRM,"5,770",-30,-0.52,"124,900",2026/10/08
2562,2562,160A,(株)アズパートナーズ,東証STD,"1,942",-10,-0.51,"6,700",2026/10/08
2563,2563,2014,iシェアーズ 米国連続増配株 ETF,東証ETF,309.6,-1.6,-0.51,"77,770",2026/10/08
2564,2564,2561,iシェアーズ・コア 日本国債 ETF,東証ETF,"1,949",-10,-0.51,"8,550",2026/10/08
2565,2565,2627,GX eコマース-日本株式,東証ETF,"1,546",-8,-0.51,105,2026/10/08
2566,2566,3837,アドソル日進(株),東証PRM,"1,358",-7,-0.51,"148,000",2026/10/08
2567,2567,3948,光ビジネスフォーム(株),東証STD,"1,174",-6,-0.51,500,2026/10/08
2568,2568,449A,ステート・ストリート・スパイダー S&P500 ETF(H無),東証ETF,838.9,-4.3,-0.51,"67,600",2026/10/08
2569,2569,4767,(株)テー・オー・ダブリュー,東証STD,392,-2,-0.51,"94,900",2026/10/08
2570,2570,7508,(株)Ｇ－７ホールディングス,東証PRM,"1,365",-7,-0.51,"64,500",2026/10/08
2571,2571,8877,エスリード(株),東証PRM,"4,885",-25,-0.51,"57,200",2026/10/08
2572,2572,9075,福山通運(株),東証PRM,"5,880",-30,-0.51,"96,700",2026/10/08
2573,2573,9310,日本トランスシティ(株),東証PRM,"1,355",-7,-0.51,"88,300",2026/10/08
2574,2574,1326,SPDRゴールド･シェア,東証ETF,"59,640",-300,-0.5,"6,897",2026/10/08
2575,2575,1832,(株)北海電工,札証,"1,393",-7,-0.5,"6,200",2026/10/08
2576,2576,2204,(株)中村屋,東証STD,"3,005",-15,-0.5,"36,800",2026/10/08
2577,2577,2305,(株)スタジオアリス,東証STD,"1,776",-9,-0.5,"16,700",2026/10/08
2578,2578,2971,エスコンジャパンリート投資法人,東証,"100,100",-500,-0.5,"1,793",2026/10/08
2579,2579,3021,(株)パシフィックネット,東証STD,"1,594",-8,-0.5,"25,900",2026/10/08
2580,2580,303A,(株)ｖｉｓｕｍｏ,東証GRT,598,-3,-0.5,"2,100",2026/10/08
2581,2581,3241,(株)ウィル,東証STD,600,-3,-0.5,"1,700",2026/10/08
2582,2582,4231,タイガースポリマー(株),東証STD,993,-5,-0.5,"12,400",2026/10/08
2583,2583,4263,サスメド(株),東証GRT,398,-2,-0.5,"142,100",2026/10/08
2584,2584,426A,ニッセイ ETF S&P500イコール・ウェイト(H無),東証ETF,"1,190",-6,-0.5,"35,068",2026/10/08
2585,2585,4360,(株)マナック・ケミカル・パートナーズ,東証STD,"1,001",-5,-0.5,"3,900",2026/10/08
2586,2586,6195,(株)ホープ,東証GRT,201,-1,-0.5,"14,200",2026/10/08
2587,2587,7044,(株)ピアラ,東証STD,602,-3,-0.5,"23,700",2026/10/08
2588,2588,7733,オリンパス(株),東証PRM,"1,990",-10,-0.5,"3,998,700",2026/10/08
2589,2589,9005,東急(株),東証PRM,"1,577",-8,-0.5,"3,363,300",2026/10/08
2590,2590,9558,ジャパニアス(株),東証GRT,"1,990",-10,-0.5,"3,600",2026/10/08
2591,2591,9656,グリーンランドリゾート(株),東証STD,597,-3,-0.5,"3,000",2026/10/08
2592,2592,9837,モリト(株),東証PRM,"1,802",-9,-0.5,"59,500",2026/10/08
2593,2593,2183,(株)リニカル,東証STD,202,-1,-0.49,"30,600",2026/10/08
2594,2594,2244,GX US テック・トップ20,東証ETF,"3,828",-19,-0.49,"116,229",2026/10/08
2595,2595,2424,(株)ブラス,東証STD,611,-3,-0.49,"2,300",2026/10/08
2596,2596,2435,(株)シダー,東証STD,203,-1,-0.49,"7,300",2026/10/08
2597,2597,2630,MAXIS 米国株式(S&P500)上場投信(H有),東証ETF,"16,260",-80,-0.49,257,2026/10/08
2598,2598,2645,GX レジャー&エンターテインメント-日本株式,東証ETF,"3,051",-15,-0.49,33,2026/10/08
2599,2599,3148,(株)クリエイトＳＤホールディングス,東証PRM,"3,075",-15,-0.49,"148,200",2026/10/08
2600,2600,3632,グリーホールディングス(株),東証PRM,410,-2,-0.49,"486,500",2026/10/08
2601,2601,3769,ＧＭＯペイメントゲートウェイ(株),東証PRM,"8,571",-42,-0.49,"273,600",2026/10/08
2602,2602,3853,アステリア(株),東証PRM,"1,025",-5,-0.49,"183,800",2026/10/08
2603,2603,4017,(株)クリーマ,東証GRT,205,-1,-0.49,"2,600",2026/10/08
2604,2604,6158,(株)和井田製作所,東証STD,"1,018",-5,-0.49,"1,000",2026/10/08
2605,2605,9241,(株)フューチャーリンクネットワーク,東証GRT,"1,230",-6,-0.49,900,2026/10/08
2606,2606,138A,光フードサービス(株),東証GRT,"3,140",-15,-0.48,500,2026/10/08
2607,2607,2209,井村屋グループ(株),東証PRM,"2,272",-11,-0.48,"21,700",2026/10/08
2608,2608,2251,(NEXT FUNDS) JPX国債先物ダブルインバース,東証ETF,924,-4.5,-0.48,"2,590",2026/10/08
2609,2609,2375,ギグワークス(株),東証STD,207,-1,-0.48,"15,300",2026/10/08
2610,2610,2652,(株)まんだらけ,東証STD,414,-2,-0.48,"46,100",2026/10/08
2611,2611,2861,上場インデックスファンドフランス国債(H無),東証ETF,"5,148",-25,-0.48,268,2026/10/08
2612,2612,3199,綿半ホールディングス(株),東証PRM,"1,235",-6,-0.48,"56,900",2026/10/08
2613,2613,343A,(株)ＩＡＣＥトラベル,東証STD,"1,240",-6,-0.48,"6,800",2026/10/08
2614,2614,3895,ハビックス(株),東証STD,419,-2,-0.48,"22,500",2026/10/08
2615,2615,3896,阿波製紙(株),東証STD,411,-2,-0.48,"10,100",2026/10/08
2616,2616,3912,(株)モバイルファクトリー,東証STD,"1,040",-5,-0.48,"41,400",2026/10/08
2617,2617,3987,エコモット(株),東証GRT,616,-3,-0.48,"3,300",2026/10/08
2618,2618,534A,NZAM 上場投信 NASDAQ100(H無),東証ETF,"2,497",-12,-0.48,232,2026/10/08
2619,2619,6325,(株)タカキタ,東証STD,418,-2,-0.48,"2,100",2026/10/08
2620,2620,7502,(株)プラザホールディングス,東証STD,"1,661",-8,-0.48,800,2026/10/08
2621,2621,8014,蝶理(株),東証PRM,"4,165",-20,-0.48,"53,700",2026/10/08
2622,2622,8966,平和不動産リート投資法人,東証,"123,400",-600,-0.48,"5,447",2026/10/08
2623,2623,9895,(株)コンセック,東証STD,"1,250",-6,-0.48,800,2026/10/08
2624,2624,1967,(株)ヤマト,東証STD,"2,132",-10,-0.47,"21,000",2026/10/08
2625,2625,1982,日比谷総合設備(株),東証PRM,"3,195",-15,-0.47,"127,800",2026/10/08
2626,2626,2114,フジ日本(株),東証STD,631,-3,-0.47,"10,700",2026/10/08
2627,2627,2857,iシェアーズ ドイツ国債 ETF(H有),東証ETF,613.2,-2.9,-0.47,220,2026/10/08
2628,2628,3292,イオンリート投資法人,東証,"106,400",-500,-0.47,"6,048",2026/10/08
2629,2629,336A,ダイナミックマッププラットフォーム(株),東証GRT,"1,489",-7,-0.47,"2,991,400",2026/10/08
2630,2630,3904,(株)カヤック,東証GRT,427,-2,-0.47,"5,100",2026/10/08
2631,2631,4093,東邦アセチレン(株),東証STD,423,-2,-0.47,"5,300",2026/10/08
2632,2632,4255,ＴＨＥＣＯＯ(株),東証GRT,"3,210",-15,-0.47,"16,200",2026/10/08
2633,2633,4528,小野薬品工業(株),東証PRM,"2,247",-10.5,-0.47,"1,884,300",2026/10/08
2634,2634,6159,ミクロン精密(株),東証STD,"1,925",-9,-0.47,300,2026/10/08
2635,2635,6183,(株)ベルシステム２４ホールディングス,東証PRM,"1,265",-6,-0.47,"277,200",2026/10/08
2636,2636,6230,ＳＡＮＥＩ(株),東証STD,"2,130",-10,-0.47,700,2026/10/08
2637,2637,6540,(株)船場,東証STD,"1,480",-7,-0.47,"36,300",2026/10/08
2638,2638,7368,表示灯(株),東証STD,"1,702",-8,-0.47,"1,400",2026/10/08
2639,2639,7421,カッパ・クリエイト(株),東証PRM,"1,478",-7,-0.47,"119,000",2026/10/08
2640,2640,7990,グローブライド(株),東証PRM,"2,327",-11,-0.47,"112,400",2026/10/08
2641,2641,8986,大和証券リビング投資法人,東証,"84,700",-400,-0.47,"8,914",2026/10/08
2642,2642,9204,スカイマーク(株),東証GRT,424,-2,-0.47,"45,000",2026/10/08
2643,2643,9435,(株)光通信,東証PRM,"36,320",-170,-0.47,"126,600",2026/10/08
2644,2644,1540,純金上場信託(現物国内保管型),東証ETF,"19,470",-90,-0.46,"193,729",2026/10/08
2645,2645,156A,マテリアルグループ(株),東証GRT,858,-4,-0.46,"23,600",2026/10/08
2646,2646,167A,リョーサン菱洋ホールディングス(株),東証PRM,"3,235",-15,-0.46,"120,100",2026/10/08
2647,2647,182A,MAXIS 米国国債20年超上場投信(H無),東証ETF,453.9,-2.1,-0.46,840,2026/10/08
2648,2648,2485,(株)ティア,東証STD,429,-2,-0.46,"64,300",2026/10/08
2649,2649,3435,サンコーテクノ(株),東証STD,"1,519",-7,-0.46,600,2026/10/08
2650,2650,3481,三菱地所物流リート投資法人,東証,"107,400",-500,-0.46,"4,006",2026/10/08
2651,2651,3543,(株)コメダホールディングス,東証PRM,"2,789",-13,-0.46,"189,600",2026/10/08
2652,2652,4754,(株)トスネット,東証STD,"1,527",-7,-0.46,200,2026/10/08
2653,2653,5946,(株)長府製作所,東証PRM,"1,965",-9,-0.46,"74,100",2026/10/08
2654,2654,9616,(株)共立メンテナンス,東証PRM,"3,211",-15,-0.46,"796,200",2026/10/08
2655,2655,9832,(株)オートバックスセブン,東証PRM,"1,501",-7,-0.46,"328,700",2026/10/08
2656,2656,1847,(株)イチケン,東証STD,"3,290",-15,-0.45,"27,500",2026/10/08
2657,2657,1882,東亜道路工業(株),東証PRM,"1,537",-7,-0.45,"436,400",2026/10/08
2658,2658,274A,(株)ガーデン,東証STD,"2,230",-10,-0.45,"3,500",2026/10/08
2659,2659,450A,ステート・ストリート・スパイダー S&P500 ETF(H有),東証ETF,799.4,-3.6,-0.45,770,2026/10/08
2660,2660,4972,綜研化学(株),東証STD,"4,410",-20,-0.45,"29,300",2026/10/08
2661,2661,5936,東洋シヤッター(株),東証STD,880,-4,-0.45,"2,200",2026/10/08
2662,2662,5967,ＴＯＮＥ(株),東証STD,439,-2,-0.45,"10,300",2026/10/08
2663,2663,6080,Ｍ＆Ａキャピタルパートナーズ(株),東証PRM,"4,390",-20,-0.45,"60,100",2026/10/08
2664,2664,6484,(株)ＫＶＫ,東証STD,"2,200",-10,-0.45,"1,400",2026/10/08
2665,2665,7080,(株)スポーツフィールド,東証GRT,889,-4,-0.45,"4,800",2026/10/08
2666,2666,7416,(株)はるやまホールディングス,東証STD,667,-3,-0.45,"2,600",2026/10/08
2667,2667,7879,(株)ノダ,東証STD,667,-3,-0.45,"11,400",2026/10/08
2668,2668,8920,(株)東祥,東証STD,662,-3,-0.45,"55,800",2026/10/08
2669,2669,8954,オリックス不動産投資法人,東証,"89,100",-400,-0.45,"11,647",2026/10/08
2670,2670,9330,(株)揚羽,東証GRT,884,-4,-0.45,800,2026/10/08
2671,2671,1867,(株)植木組,東証STD,"2,698",-12,-0.44,"12,000",2026/10/08
2672,2672,2563,iシェアーズ S&P500 米国株 ETF(H有),東証ETF,410.1,-1.8,-0.44,"348,520",2026/10/08
2673,2673,291A,(株)リスキル,東証GRT,"2,030",-9,-0.44,"4,600",2026/10/08
2674,2674,3276,(株)ＪＰＭＣ,東証PRM,"2,252",-10,-0.44,"41,600",2026/10/08
2675,2675,378A,(株)ヒット,東証GRT,901,-4,-0.44,"25,000",2026/10/08
2676,2676,3928,(株)マイネット,東証STD,227,-1,-0.44,"9,300",2026/10/08
2677,2677,4177,(株)ｉ－ｐｌｕｇ,東証GRT,"1,369",-6,-0.44,"4,900",2026/10/08
2678,2678,5189,櫻護謨(株),東証STD,"3,405",-15,-0.44,600,2026/10/08
2679,2679,7087,(株)ウイルテック,東証STD,"1,355",-6,-0.44,"4,200",2026/10/08
2680,2680,7127,(株)一家ホールディングス,東証STD,686,-3,-0.44,"5,800",2026/10/08
2681,2681,7741,ＨＯＹＡ(株),東証PRM,"25,025",-110,-0.44,"1,243,200",2026/10/08
2682,2682,7979,(株)松風,東証PRM,"2,246",-10,-0.44,"72,900",2026/10/08
2683,2683,8850,スターツコーポレーション(株),東証PRM,"4,500",-20,-0.44,"116,200",2026/10/08
2684,2684,9162,(株)ブリーチ,東証GRT,225,-1,-0.44,"3,800",2026/10/08
2685,2685,9501,東京電力ホールディングス(株),東証PRM,514.6,-2.3,-0.44,"34,772,900",2026/10/08
2686,2686,9647,(株)協和コンサルタンツ,東証STD,"6,720",-30,-0.44,700,2026/10/08
2687,2687,140A,iFreeETF 米国10年国債先物インバース,東証ETF,"2,082",-9,-0.43,10,2026/10/08
2688,2688,2120,(株)ＬＩＦＵＬＬ,東証PRM,233,-1,-0.43,"645,400",2026/10/08
2689,2689,2914,ＪＴ,東証PRM,"6,960",-30,-0.43,"3,418,000",2026/10/08
2690,2690,3245,(株)ディア・ライフ,東証PRM,936,-4,-0.43,"470,900",2026/10/08
2691,2691,324A,(株)ブッキングリゾート,東証GRT,702,-3,-0.43,"7,600",2026/10/08
2692,2692,3280,(株)エストラスト,東証STD,929,-4,-0.43,"2,600",2026/10/08
2693,2693,3370,(株)フジタコーポレーション,東証STD,459,-2,-0.43,"5,800",2026/10/08
2694,2694,3577,東海染工(株),東証STD,920,-4,-0.43,600,2026/10/08
2695,2695,3678,(株)メディアドゥ,東証PRM,"1,170",-5,-0.43,"39,000",2026/10/08
2696,2696,469A,(株)フィットクルー,東証GRT,"1,629",-7,-0.43,"1,700",2026/10/08
2697,2697,5440,共英製鋼(株),東証PRM,"1,841",-8,-0.43,"138,400",2026/10/08
2698,2698,6040,日本スキー場開発(株),東証GRT,465,-2,-0.43,"10,600",2026/10/08
2699,2699,7062,(株)フレアス,東証GRT,687,-3,-0.43,"3,200",2026/10/08
2700,2700,7085,(株)カーブスホールディングス,東証PRM,922,-4,-0.43,"258,600",2026/10/08
2701,2701,7433,伯東(株),東証PRM,"1,869",-8,-0.43,"201,800",2026/10/08
2702,2702,7683,(株)ダブルエー,東証PRM,"1,401",-6,-0.43,"23,300",2026/10/08
2703,2703,8273,(株)イズミ,東証PRM,931,-4,-0.43,"392,900",2026/10/08
2704,2704,9635,武蔵野興業(株),東証STD,"2,519",-11,-0.43,"1,000",2026/10/08
2705,2705,1333,Ｕｍｉｏｓ(株),東証PRM,"1,192.5",-5,-0.42,"859,400",2026/10/08
2706,2706,1381,(株)アクシーズ,東証STD,"3,555",-15,-0.42,500,2026/10/08
2707,2707,2923,サトウ食品(株),東証STD,"7,170",-30,-0.42,"1,800",2026/10/08
2708,2708,345A,高配当成長 日本株(ネットリターン)ETN,東証ETF,"15,285",-65,-0.42,212,2026/10/08
2709,2709,3611,(株)マツオカコーポレーション,東証STD,"2,388",-10,-0.42,"21,300",2026/10/08
2710,2710,447A,ステート・ストリート・スパイダー ゴールド ETF(H無),東証ETF,259.2,-1.1,-0.42,"151,130",2026/10/08
2711,2711,4720,(株)城南進学研究社,東証STD,237,-1,-0.42,"2,200",2026/10/08
2712,2712,509A,グリーンライト・再エネインフラ投資法人,東証,"71,000",-300,-0.42,151,2026/10/08
2713,2713,5257,ノバシステム(株),東証STD,"2,812",-12,-0.42,900,2026/10/08
2714,2714,5742,エヌアイシ・オートテック(株),東証STD,708,-3,-0.42,"3,000",2026/10/08
2715,2715,7819,粧美堂(株),東証STD,954,-4,-0.42,"12,800",2026/10/08
2716,2716,7916,光村印刷(株),東証STD,"1,900",-8,-0.42,300,2026/10/08
2717,2717,9042,阪急阪神ホールディングス(株),東証PRM,"4,476",-19,-0.42,"1,970,700",2026/10/08
2718,2718,178A,GX 革新的優良企業,東証ETF,"1,700",-7,-0.41,"4,647",2026/10/08
2719,2719,2117,ウェルネオシュガー(株),東証PRM,"2,673",-11,-0.41,"37,400",2026/10/08
2720,2720,2139,(株)中広,東証STD,484,-2,-0.41,"3,300",2026/10/08
2721,2721,3825,(株)リミックスポイント,東証STD,245,-1,-0.41,"1,176,400",2026/10/08
2722,2722,3826,(株)システムインテグレータ,東証STD,489,-2,-0.41,"5,900",2026/10/08
2723,2723,4245,(株)ダイキアクシス,東証STD,722,-3,-0.41,"7,200",2026/10/08
2724,2724,5644,(株)メタルアート,東証STD,"7,250",-30,-0.41,"3,800",2026/10/08
2725,2725,6035,(株)アイ・アールジャパンホールディングス,東証STD,734,-3,-0.41,"51,300",2026/10/08
2726,2726,7730,マニー(株),東証PRM,"1,475",-6,-0.41,"286,100",2026/10/08
2727,2727,7860,エイベックス(株),東証PRM,"1,224",-5,-0.41,"127,600",2026/10/08
2728,2728,8152,ソマール(株),東証STD,"7,350",-30,-0.41,800,2026/10/08
2729,2729,8956,NTT都市開発リート投資法人,東証,"120,800",-500,-0.41,"3,185",2026/10/08
2730,2730,9344,アクシスコンサルティング(株),東証GRT,"1,456",-6,-0.41,"4,500",2026/10/08
2731,2731,9503,関西電力(株),東証PRM,"2,644.5",-11,-0.41,"3,893,000",2026/10/08
2732,2732,1617,(NEXT FUNDS)食品上場投信,東証ETF,"47,730",-190,-0.4,100,2026/10/08
2733,2733,2013,iシェアーズ 米国高配当株 ETF,東証ETF,301.4,-1.2,-0.4,"57,230",2026/10/08
2734,2734,2569,上場インデックスファンド米国株式(NASDAQ100)H有,東証ETF,"4,523",-18,-0.4,"3,336",2026/10/08
2735,2735,3333,(株)あさひ,東証PRM,"1,231",-5,-0.4,"163,100",2026/10/08
2736,2736,3934,(株)ベネフィットジャパン,東証STD,"2,245",-9,-0.4,"2,500",2026/10/08
2737,2737,4430,東海ソフト(株),東証STD,"1,730",-7,-0.4,"7,700",2026/10/08
2738,2738,4521,科研製薬(株),東証PRM,"3,740",-15,-0.4,"120,600",2026/10/08
2739,2739,4762,(株)エックスネット,東証STD,"1,000",-4,-0.4,"4,900",2026/10/08
2740,2740,4887,サワイグループホールディングス(株),東証PRM,"1,613",-6.5,-0.4,"514,800",2026/10/08
2741,2741,7219,(株)エッチ・ケー・エス,東証STD,"2,500",-10,-0.4,"1,900",2026/10/08
2742,2742,7871,フクビ化学工業(株),東証STD,"1,003",-4,-0.4,"3,400",2026/10/08
2743,2743,8181,(株)東天紅,東証STD,997,-4,-0.4,600,2026/10/08
2744,2744,8771,イー・ギャランティ(株),東証PRM,"1,735",-7,-0.4,"220,000",2026/10/08
2745,2745,9039,(株)サカイ引越センター,東証PRM,"2,963",-12,-0.4,"77,400",2026/10/08
2746,2746,9913,日邦産業(株),東証STD,"3,715",-15,-0.4,"2,300",2026/10/08
2747,2747,1343,(NEXT FUNDS)東証REIT指数連動型上場投信,東証ETF,"1,793",-7,-0.39,"1,717,650",2026/10/08
2748,2748,2980,ＳＲＥホールディングス(株),東証PRM,"2,288",-9,-0.39,"197,100",2026/10/08
2749,2749,3353,(株)メディカル一光グループ,東証STD,"2,804",-11,-0.39,"1,900",2026/10/08
2750,2750,3492,MIRARTH不動産投資法人,東証,"76,500",-300,-0.39,"8,930",2026/10/08
2751,2751,3512,日本フエルト(株),東証STD,"1,020",-4,-0.39,"47,600",2026/10/08
2752,2752,5592,(株)くすりの窓口,東証GRT,"2,532",-10,-0.39,"60,500",2026/10/08
2753,2753,5906,エムケー精工(株),東証STD,774,-3,-0.39,"3,100",2026/10/08
2754,2754,6146,(株)ディスコ,東証PRM,"61,140",-240,-0.39,"1,871,900",2026/10/08
2755,2755,7183,あんしん保証(株),東証STD,255,-1,-0.39,"3,800",2026/10/08
2756,2756,7353,ＫＩＹＯラーニング(株),東証GRT,511,-2,-0.39,"1,900",2026/10/08
2757,2757,7485,岡谷鋼機(株),名証PRM,"5,130",-20,-0.39,"4,800",2026/10/08
2758,2758,7962,(株)キングジム,東証PRM,767,-3,-0.39,"25,200",2026/10/08
2759,2759,9376,(株)ユーラシア旅行社,東証STD,770,-3,-0.39,"1,700",2026/10/08
2760,2760,9835,(株)ジュンテンドー,東証STD,511,-2,-0.39,"1,300",2026/10/08
2761,2761,1840,(株)土屋ホールディングス,東証STD,260,-1,-0.38,"21,100",2026/10/08
2762,2762,2087,NZAM 上場投信 NASDAQ100(H有),東証ETF,"3,632",-14,-0.38,54,2026/10/08
2763,2763,3468,スターアジア不動産投資法人,東証,"52,500",-200,-0.38,"8,643",2026/10/08
2764,2764,424A,GX ゴールドETF(H有),東証ETF,312.1,-1.2,-0.38,"131,470",2026/10/08
2765,2765,4350,(株)メディカルシステムネットワーク,東証STD,522,-2,-0.38,"77,800",2026/10/08
2766,2766,4389,プロパティデータバンク(株),東証GRT,"1,043",-4,-0.38,"3,000",2026/10/08
2767,2767,4901,富士フイルムホールディングス(株),東証PRM,"3,416",-13,-0.38,"4,053,200",2026/10/08
2768,2768,499A,ラグジュアリー厳選10 欧州株(ネットリターン)ETN,東証ETF,"7,571",-29,-0.38,4,2026/10/08
2769,2769,5039,(株)キットアライブ,札幌ア,"1,041",-4,-0.38,100,2026/10/08
2770,2770,626A,iFreeETF ゴールドプラスインカム,東証ETF,"1,820",-7,-0.38,"1,496",2026/10/08
2771,2771,6367,ダイキン工業(株),東証PRM,"20,990",-80,-0.38,"1,188,500",2026/10/08
2772,2772,7140,ペットゴー(株),東証GRT,797,-3,-0.38,500,2026/10/08
2773,2773,8097,三愛オブリ(株),東証PRM,"2,369",-9,-0.38,"132,800",2026/10/08
2774,2774,8593,三菱ＨＣキャピタル(株),東証PRM,"1,295",-5,-0.38,"6,604,200",2026/10/08
2775,2775,1446,(株)キャンディル,東証STD,538,-2,-0.37,"4,700",2026/10/08
2776,2776,1560,(NEXT FUNDS)マレーシアKLCI連動型上場投信,東証ETF,"6,177",-23,-0.37,100,2026/10/08
2777,2777,392A,iシェアーズ NASDAQ トップ 30,東証ETF,294.7,-1.1,-0.37,"130,430",2026/10/08
2778,2778,4016,ＭＩＴホールディングス(株),東証STD,"1,091",-4,-0.37,"3,200",2026/10/08
2779,2779,4650,ＳＤエンターテイメント(株),東証STD,271,-1,-0.37,"1,700",2026/10/08
2780,2780,4743,(株)アイティフォー,東証PRM,"1,600",-6,-0.37,"77,800",2026/10/08
2781,2781,5580,(株)プロディライト,東証GRT,"1,629",-6,-0.37,800,2026/10/08
2782,2782,5621,(株)ヒューマンテクノロジーズ,東証GRT,"1,617",-6,-0.37,"192,000",2026/10/08
2783,2783,587A,インベスコ QQQ トラスト シリーズ1,東証ETF,"119,750",-450,-0.37,92,2026/10/08
2784,2784,7616,(株)コロワイド,東証PRM,"2,009.5",-7.5,-0.37,"426,900",2026/10/08
2785,2785,7638,(株)ＮＥＷ　ＡＲＴ　ＨＯＬＤＩＮＧＳ,東証STD,"1,349",-5,-0.37,"20,400",2026/10/08
2786,2786,7791,ドリームベッド(株),東証STD,812,-3,-0.37,"1,900",2026/10/08
2787,2787,7868,(株)広済堂ホールディングス,東証PRM,532,-2,-0.37,"204,400",2026/10/08
2788,2788,7984,コクヨ(株),東証PRM,854.2,-3.2,-0.37,"571,400",2026/10/08
2789,2789,7994,(株)オカムラ,東証PRM,"2,166",-8,-0.37,"313,100",2026/10/08
2790,2790,8793,ＮＥＣキャピタルソリューション(株),東証PRM,"4,005",-15,-0.37,"25,500",2026/10/08
2791,2791,9340,(株)アソインターナショナル,東証STD,799,-3,-0.37,"5,200",2026/10/08
2792,2792,9906,藤井産業ホールディングス(株),東証STD,"4,040",-15,-0.37,"1,300",2026/10/08
2793,2793,9987,(株)スズケン,東証PRM,"2,590.5",-9.5,-0.37,"301,900",2026/10/08
2794,2794,1345,上場インデックスファンドJリート奇数月,東証ETF,"1,676",-6,-0.36,"79,113",2026/10/08
2795,2795,1684,WisdomTree ブロード上場投信,東証ETF,"2,760",-10,-0.36,290,2026/10/08
2796,2796,212A,フィットイージー(株),東証PRM,"2,788",-10,-0.36,"149,500",2026/10/08
2797,2797,2179,(株)成学社,東証STD,820,-3,-0.36,"1,700",2026/10/08
2798,2798,2248,iFreeETF S&P500(H有),東証ETF,"2,785",-10,-0.36,"42,343",2026/10/08
2799,2799,2483,(株)翻訳センター,東証STD,"2,224",-8,-0.36,"4,700",2026/10/08
2800,2800,2521,上場インデックスファンド米国株式(S&P500)H有,東証ETF,"2,194",-8,-0.36,"31,315",2026/10/08
2801,2801,314A,iシェアーズ ゴールド ETF,東証ETF,308.6,-1.1,-0.36,"1,668,000",2026/10/08
2802,2802,3226,三井不動産アコモデーションファンド投資法人,東証,"109,600",-400,-0.36,"5,283",2026/10/08
2803,2803,3401,帝人(株),東証PRM,"1,640.5",-6,-0.36,"678,300",2026/10/08
2804,2804,4250,(株)フロンティア,福岡Q,547,-2,-0.36,200,2026/10/08
2805,2805,5938,(株)ＬＩＸＩＬ,東証PRM,"1,672",-6,-0.36,"2,370,700",2026/10/08
2806,2806,6031,ＺＥＴＡ(株),東証STD,274,-1,-0.36,"27,700",2026/10/08
2807,2807,6196,(株)ストライクグループ,東証PRM,"1,398",-5,-0.36,"384,000",2026/10/08
2808,2808,6365,(株)電業社機械製作所,東証STD,"5,610",-20,-0.36,600,2026/10/08
2809,2809,8830,住友不動産(株),東証PRM,"3,075",-11,-0.36,"3,350,900",2026/10/08
2810,2810,1476,iシェアーズ・コア Ｊリート ETF,東証ETF,"1,719",-6,-0.35,"336,643",2026/10/08
2811,2811,2919,(株)マルタイ,福証,"4,295",-15,-0.35,200,2026/10/08
2812,2812,341A,(株)トヨコー,東証GRT,"2,019",-7,-0.35,"37,200",2026/10/08
2813,2813,3865,北越コーポレーション(株),東証PRM,849,-3,-0.35,"378,600",2026/10/08
2814,2814,4102,丸尾カルシウム(株),東証STD,"1,440",-5,-0.35,400,2026/10/08
2815,2815,4936,(株)アクシージア,東証STD,285,-1,-0.35,"43,200",2026/10/08
2816,2816,639A,(NEXT FUNDS) Solactive グローバル・メモリ指数,東証ETF,202,-0.7,-0.35,"341,860",2026/10/08
2817,2817,6436,アマノ(株),東証PRM,"3,753",-13,-0.35,"293,600",2026/10/08
2818,2818,6612,バルミューダ(株),東証GRT,565,-2,-0.35,"5,600",2026/10/08
2819,2819,6855,日本電子材料(株),東証STD,"8,560",-30,-0.35,"553,700",2026/10/08
2820,2820,6942,(株)ソフィアホールディングス,東証STD,"1,410",-5,-0.35,"76,900",2026/10/08
2821,2821,7297,(株)カーメイト,東証STD,851,-3,-0.35,600,2026/10/08
2822,2822,9252,(株)ラストワンマイル,東証GRT,"4,290",-15,-0.35,"9,900",2026/10/08
2823,2823,9305,(株)ヤマタネ,東証PRM,"2,014",-7,-0.35,"67,000",2026/10/08
2824,2824,1566,上場インデックスファンド新興国債券,東証ETF,"52,160",-180,-0.34,103,2026/10/08
2825,2825,2286,林兼産業(株),東証STD,888,-3,-0.34,"9,700",2026/10/08
2826,2826,2705,(株)大戸屋ホールディングス,東証STD,"8,900",-30,-0.34,"13,800",2026/10/08
2827,2827,2974,大英産業(株),福証,879,-3,-0.34,"2,000",2026/10/08
2828,2828,2989,東海道リート投資法人,東証,"86,900",-300,-0.34,"6,005",2026/10/08
2829,2829,3474,Ｇ－ＦＡＣＴＯＲＹ(株),東証GRT,592,-2,-0.34,"1,800",2026/10/08
2830,2830,4912,ライオン(株),東証PRM,"1,748.5",-6,-0.34,"608,100",2026/10/08
2831,2831,5125,(株)ファインズ,東証GRT,580,-2,-0.34,"3,800",2026/10/08
2832,2832,533A,NZAM 上場投信 S&P500(H無),東証ETF,"2,319",-8,-0.34,11,2026/10/08
2833,2833,572A,iシェアーズ 日本国債3-7年,東証ETF,494.2,-1.7,-0.34,20,2026/10/08
2834,2834,7975,(株)リヒトラブ,東証STD,"1,163",-4,-0.34,"6,600",2026/10/08
2835,2835,8844,(株)コスモスイニシア,東証STD,"1,158",-4,-0.34,"26,000",2026/10/08
2836,2836,2304,(株)ＣＳＳホールディングス,東証STD,895,-3,-0.33,"5,400",2026/10/08
2837,2837,3864,三菱製紙(株),東証PRM,"1,226",-4,-0.33,"101,800",2026/10/08
2838,2838,4317,(株)レイ,東証STD,601,-2,-0.33,"3,400",2026/10/08
2839,2839,4503,アステラス製薬(株),東証PRM,"2,248",-7.5,-0.33,"5,458,800",2026/10/08
2840,2840,4732,(株)ユー・エス・エス,東証PRM,"1,794",-6,-0.33,"1,617,200",2026/10/08
2841,2841,6419,(株)マースグループホールディングス,東証PRM,"3,005",-10,-0.33,"55,000",2026/10/08
2842,2842,7060,ギークス(株),東証STD,598,-2,-0.33,"4,200",2026/10/08
2843,2843,7110,(株)クラシコム,東証GRT,"1,812",-6,-0.33,"7,100",2026/10/08
2844,2844,7827,(株)オービス,東証STD,"1,786",-6,-0.33,"5,700",2026/10/08
2845,2845,1311,(NEXT FUNDS)TOPIX Core30連動型上場投信,東証ETF,"2,189",-7,-0.32,"16,081",2026/10/08
2846,2846,1431,(株)Ｌｉｂ　Ｗｏｒｋ,東証GRT,627,-2,-0.32,"20,200",2026/10/08
2847,2847,1495,上場インデックスファンドアジアリート,東証ETF,"10,770",-35,-0.32,65,2026/10/08
2848,2848,1873,(株)日本ハウスホールディングス,東証PRM,310,-1,-0.32,"112,500",2026/10/08
2849,2849,2226,(株)湖池屋,東証STD,"4,705",-15,-0.32,"1,100",2026/10/08
2850,2850,2428,ウェルネット(株),東証STD,616,-2,-0.32,"38,600",2026/10/08
2851,2851,2499,日本和装ホールディングス(株),東証STD,310,-1,-0.32,"5,800",2026/10/08
2852,2852,2801,キッコーマン(株),東証PRM,"1,736.5",-5.5,-0.32,"4,082,500",2026/10/08
2853,2853,3066,(株)ＪＢイレブン,名証MN,617,-2,-0.32,"4,700",2026/10/08
2854,2854,3267,(株)フィル・カンパニー,東証STD,616,-2,-0.32,"15,900",2026/10/08
2855,2855,5284,ヤマウホールディングス(株),東証STD,"2,205",-7,-0.32,"10,900",2026/10/08
2856,2856,6091,(株)ウエスコホールディングス,東証STD,926,-3,-0.32,"2,900",2026/10/08
2857,2857,9723,(株)京都ホテル,東証STD,631,-2,-0.32,600,2026/10/08
2858,2858,2019,GX 米国優先証券(隔月分配型),東証ETF,957,-3,-0.31,"1,878",2026/10/08
2859,2859,2597,(株)ユニカフェ,東証STD,"1,303",-4,-0.31,"2,200",2026/10/08
2860,2860,259A,(株)ケイ・ウノ,名証NXT,"1,591",-5,-0.31,400,2026/10/08
2861,2861,3326,(株)ランシステム,東証STD,648,-2,-0.31,"5,600",2026/10/08
2862,2862,399A,上場インデックスファンド日経平均高配当株50,東証ETF,"2,288",-7,-0.31,"45,667",2026/10/08
2863,2863,4124,大阪油化工業(株),東証STD,"2,872",-9,-0.31,800,2026/10/08
2864,2864,517A,iFreeETF 米ドル・べア(1倍),東証ETF,"1,941",-6,-0.31,5,2026/10/08
2865,2865,6557,ＡＩＡＩグループ(株),東証GRT,649,-2,-0.31,"52,200",2026/10/08
2866,2866,9225,ブリッジコンサルティンググループ(株),東証GRT,964,-3,-0.31,100,2026/10/08
2867,2867,9565,ＧＬＯＥ(株),東証GRT,643,-2,-0.31,700,2026/10/08
2868,2868,2037,NEXT NOTES 金先物 ベア ETN,東証ETF,"1,322",-4,-0.3,"1,560",2026/10/08
2869,2869,2529,(NEXT FUNDS)野村株主還元70連動型上場投信,東証ETF,"2,355",-7,-0.3,"2,585",2026/10/08
2870,2870,3726,(株)フォーシーズＨＤ,東証STD,336,-1,-0.3,"13,200",2026/10/08
2871,2871,4801,セントラルスポーツ(株),東証PRM,"2,306",-7,-0.3,"18,000",2026/10/08
2872,2872,5199,不二ラテックス(株),東証STD,"1,979",-6,-0.3,200,2026/10/08
2873,2873,6039,(株)日本動物高度医療センター,東証GRT,"1,005",-3,-0.3,"61,300",2026/10/08
2874,2874,6257,(株)藤商事,東証STD,"1,000",-3,-0.3,"34,800",2026/10/08
2875,2875,6428,(株)オーイズミ,東証STD,327,-1,-0.3,"1,500",2026/10/08
2876,2876,7073,(株)ジェイック,東証GRT,"2,357",-7,-0.3,300,2026/10/08
2877,2877,7521,(株)ムサシ,東証STD,"2,652",-8,-0.3,200,2026/10/08
2878,2878,8968,福岡リート投資法人,東証,"166,000",-500,-0.3,"1,433",2026/10/08
2879,2879,9470,(株)学研ホールディングス,東証PRM,995,-3,-0.3,"99,600",2026/10/08
2880,2880,9885,(株)シャルレ,東証STD,333,-1,-0.3,700,2026/10/08
2881,2881,9950,(株)ハチバン,東証STD,"3,320",-10,-0.3,"5,500",2026/10/08
2882,2882,9979,(株)大庄,東証STD,"1,004",-3,-0.3,"25,500",2026/10/08
2883,2883,2301,(株)学情,東証PRM,"1,695",-5,-0.29,"112,700",2026/10/08
2884,2884,2937,(株)サンクゼール,東証GRT,"1,701",-5,-0.29,"3,400",2026/10/08
2885,2885,3139,(株)ラクト・ジャパン,東証PRM,"3,385",-10,-0.29,"27,000",2026/10/08
2886,2886,3418,(株)バルニバービ,東証GRT,"1,048",-3,-0.29,"8,600",2026/10/08
2887,2887,3922,(株)ＰＲ　ＴＩＭＥＳ,東証PRM,"2,064",-6,-0.29,"29,700",2026/10/08
2888,2888,468A,GX 米ドル建て投資適格社債,東証ETF,271.4,-0.8,-0.29,"5,050",2026/10/08
2889,2889,516A,iFreeETF 米ドル・ブル(1倍),東証ETF,"2,066",-6,-0.29,9,2026/10/08
2890,2890,6455,(株)モリタホールディングス,東証PRM,"2,434",-7,-0.29,"87,300",2026/10/08
2891,2891,7938,(株)リーガルコーポレーション,東証STD,"2,085",-6,-0.29,"5,100",2026/10/08
2892,2892,7951,ヤマハ(株),東証PRM,"1,188.5",-3.5,-0.29,"2,365,900",2026/10/08
2893,2893,9331,(株)キャスター,東証GRT,698,-2,-0.29,"1,400",2026/10/08
2894,2894,9360,鈴与シンワート(株),東証STD,"2,792",-8,-0.29,900,2026/10/08
2895,2895,9843,(株)ニトリホールディングス,東証PRM,"3,116",-9,-0.29,"2,327,500",2026/10/08
2896,2896,1349,ABF 汎アジア債券インデックス･ファンド,東証ETF,"17,500",-50,-0.28,6,2026/10/08
2897,2897,2060,フィード・ワン(株),東証PRM,"1,409",-4,-0.28,"104,000",2026/10/08
2898,2898,2136,(株)ヒップ,東証STD,"1,403",-4,-0.28,"1,000",2026/10/08
2899,2899,2916,仙波糖化工業(株),東証STD,719,-2,-0.28,800,2026/10/08
2900,2900,4021,日産化学(株),東証PRM,"9,020",-25,-0.28,"520,700",2026/10/08
2901,2901,4429,リックソフト(株),東証GRT,710,-2,-0.28,900,2026/10/08
2902,2902,6380,オリエンタルチエン工業(株),東証STD,"3,545",-10,-0.28,200,2026/10/08
2903,2903,179A,GX 超長期米国債 (H有),東証ETF,224.2,-0.6,-0.27,"15,220",2026/10/08
2904,2904,2904,一正蒲鉾(株),東証STD,752,-2,-0.27,"2,000",2026/10/08
2905,2905,3178,チムニー(株),東証STD,"1,108",-3,-0.27,"10,700",2026/10/08
2906,2906,3205,(株)ダイドーリミテッド,東証STD,738,-2,-0.27,"30,100",2026/10/08
2907,2907,3475,(株)グッドコムアセット,東証PRM,"1,460",-4,-0.27,"85,500",2026/10/08
2908,2908,3816,(株)大和コンピューター,東証STD,"1,097",-3,-0.27,"1,000",2026/10/08
2909,2909,6171,(株)土木管理総合試験所,東証STD,371,-1,-0.27,"3,300",2026/10/08
2910,2910,6180,ＧＭＯメディア(株),東証GRT,"3,750",-10,-0.27,800,2026/10/08
2911,2911,6186,(株)一蔵,東証STD,371,-1,-0.27,"1,800",2026/10/08
2912,2912,6286,靜甲(株),東証STD,"1,495",-4,-0.27,"1,700",2026/10/08
2913,2913,7129,ミアヘルサホールディングス(株),東証STD,"1,108",-3,-0.27,"2,300",2026/10/08
2914,2914,7212,(株)エフテック,東証STD,732,-2,-0.27,"17,900",2026/10/08
2915,2915,7915,ＮＩＳＳＨＡ(株),東証PRM,"1,102",-3,-0.27,"319,300",2026/10/08
2916,2916,2281,プリマハム(株),東証PRM,"2,270",-6,-0.26,"162,000",2026/10/08
2917,2917,2752,(株)フジオフードグループ本社,東証PRM,"1,145",-3,-0.26,"54,700",2026/10/08
2918,2918,2844,上場インデックスファンド豪州国債(H無),東証ETF,"5,305",-14,-0.26,636,2026/10/08
2919,2919,323A,(株)フライヤー,東証GRT,382,-1,-0.26,"4,200",2026/10/08
2920,2920,348A,MAXIS 読売333日本株,東証ETF,302.6,-0.8,-0.26,"15,070",2026/10/08
2921,2921,3547,(株)ユニシアホールディングス,東証STD,"1,947",-5,-0.26,"21,500",2026/10/08
2922,2922,4023,(株)クレハ,東証PRM,"3,910",-10,-0.26,"291,000",2026/10/08
2923,2923,5386,(株)鶴弥,名証MN,383,-1,-0.26,700,2026/10/08
2924,2924,6430,ダイコク電機(株),東証PRM,"2,265",-6,-0.26,"38,400",2026/10/08
2925,2925,6630,ヤーマン(株),東証PRM,772,-2,-0.26,"47,300",2026/10/08
2926,2926,7198,ＳＢＩアルヒ(株),東証PRM,772,-2,-0.26,"238,200",2026/10/08
2927,2927,8013,(株)ナイガイ,東証STD,379,-1,-0.26,"7,900",2026/10/08
2928,2928,8200,(株)リンガーハット,東証PRM,"2,286",-6,-0.26,"51,600",2026/10/08
2929,2929,9930,北沢産業(株),東証STD,387,-1,-0.26,"10,700",2026/10/08
2930,2930,3041,(株)ビューティカダンホールディングス,東証STD,397,-1,-0.25,"6,700",2026/10/08
2931,2931,3234,森ヒルズリート投資法人,東証,"118,000",-300,-0.25,"6,152",2026/10/08
2932,2932,3459,サムティ・レジデンシャル投資法人,東証,"80,400",-200,-0.25,"6,589",2026/10/08
2933,2933,3665,(株)エニグモ,東証PRM,404,-1,-0.25,"379,300",2026/10/08
2934,2934,3733,(株)ソフトウェア・サービス,東証STD,"11,850",-30,-0.25,"1,600",2026/10/08
2935,2935,4416,(株)Ｔｒｕｅ　Ｄａｔａ,東証GRT,401,-1,-0.25,"24,400",2026/10/08
2936,2936,4707,(株)キタック,東証STD,397,-1,-0.25,"28,400",2026/10/08
2937,2937,4760,(株)アルファ,名証MN,"1,191",-3,-0.25,100,2026/10/08
2938,2938,6233,ＫＬＡＳＳ(株),東証STD,394,-1,-0.25,600,2026/10/08
2939,2939,6382,トリニティ工業(株),東証STD,"1,209",-3,-0.25,"13,000",2026/10/08
2940,2940,7590,(株)タカショー,東証STD,395,-1,-0.25,"85,900",2026/10/08
2941,2941,7636,(株)ハンズマン,東証STD,790,-2,-0.25,"5,100",2026/10/08
2942,2942,8076,(株)カノークス,東証STD,"2,021",-5,-0.25,"3,100",2026/10/08
2943,2943,9034,南総通運(株),東証STD,"1,625",-4,-0.25,"5,300",2026/10/08
2944,2944,9063,岡山県貨物運送(株),東証STD,"4,050",-10,-0.25,700,2026/10/08
2945,2945,9249,日本エコシステム(株),東証STD,"1,580",-4,-0.25,"3,500",2026/10/08
2946,2946,9686,東洋テック(株),東証STD,"1,620",-4,-0.25,"1,800",2026/10/08
2947,2947,2849,GX Morningstar 高配当 ESG-日本株式,東証ETF,"5,485",-13,-0.24,529,2026/10/08
2948,2948,4351,(株)山田再生系債権回収総合事務所,東証STD,842,-2,-0.24,900,2026/10/08
2949,2949,4716,日本オラクル(株),東証STD,"9,856",-24,-0.24,"188,600",2026/10/08
2950,2950,6038,(株)イード,東証GRT,830,-2,-0.24,"3,500",2026/10/08
2951,2951,6571,キュービーネットホールディングス(株),東証PRM,"1,247",-3,-0.24,"28,600",2026/10/08
2952,2952,7447,ナガイレーベン(株),東証PRM,"1,682",-4,-0.24,"75,900",2026/10/08
2953,2953,7812,(株)クレステック,東証STD,"2,080",-5,-0.24,100,2026/10/08
2954,2954,8630,ＳＯＭＰＯホールディングス(株),東証PRM,"6,545",-16,-0.24,"2,379,000",2026/10/08
2955,2955,9048,名古屋鉄道(株),東証PRM,"1,839",-4.5,-0.24,"638,900",2026/10/08
2956,2956,9168,(株)ライズ・コンサルティング・グループ,東証GRT,415,-1,-0.24,"73,300",2026/10/08
2957,2957,3075,(株)銚子丸,東証STD,"1,715",-4,-0.23,"5,400",2026/10/08
2958,2958,3815,(株)メディア工房,東証GRT,429,-1,-0.23,"5,800",2026/10/08
2959,2959,3925,(株)ダブルスタンダード,東証PRM,"1,290",-3,-0.23,"35,600",2026/10/08
2960,2960,3946,(株)トーモク,東証PRM,"4,330",-10,-0.23,"53,400",2026/10/08
2961,2961,4248,竹本容器(株),東証STD,880,-2,-0.23,"4,400",2026/10/08
2962,2962,538A,NZAM 上場投信 米国国債7-10年(H無),東証ETF,"4,677",-11,-0.23,51,2026/10/08
2963,2963,5891,(株)ＳＡＫＩＧＡＫＥホールディングス,東証STD,"1,706",-4,-0.23,"7,000",2026/10/08
2964,2964,6424,(株)高見沢サイバネティックス,東証STD,880,-2,-0.23,"1,700",2026/10/08
2965,2965,7434,(株)オータケ,東証STD,"1,704",-4,-0.23,"4,500",2026/10/08
2966,2966,9404,日本テレビホールディングス(株),東証PRM,"2,798.5",-6.5,-0.23,"1,136,600",2026/10/08
2967,2967,1486,上場インデックスファンド米国債券(H無),東証ETF,"22,625",-50,-0.22,541,2026/10/08
2968,2968,1771,日本乾溜工業(株),福証,918,-2,-0.22,"2,500",2026/10/08
2969,2969,2986,(株)ＬＡホールディングス,東証GRT,"2,766",-6,-0.22,"103,800",2026/10/08
2970,2970,3067,(株)東京一番フーズ,東証STD,453,-1,-0.22,"2,300",2026/10/08
2971,2971,3817,(株)ＳＲＡホールディングス,東証PRM,"4,640",-10,-0.22,"27,200",2026/10/08
2972,2972,4657,(株)環境管理センター,東証STD,451,-1,-0.22,"4,800",2026/10/08
2973,2973,4839,(株)ＷＯＷＯＷ,東証PRM,921,-2,-0.22,"119,700",2026/10/08
2974,2974,4840,(株)トライアイズ,東証STD,889,-2,-0.22,"220,800",2026/10/08
2975,2975,5997,協立エアテック(株),東証STD,903,-2,-0.22,"1,800",2026/10/08
2976,2976,9322,川西倉庫(株),東証STD,"2,310",-5,-0.22,"5,900",2026/10/08
2977,2977,9627,(株)アインホールディングス,東証PRM,"5,420",-12,-0.22,"113,700",2026/10/08
2978,2978,9850,(株)グルメ杵屋,東証PRM,913,-2,-0.22,"98,700",2026/10/08
2979,2979,1780,(株)ヤマウラ,東証PRM,"1,422",-3,-0.21,"39,100",2026/10/08
2980,2980,181A,MAXIS 米国国債1-3年上場投信(H無),東証ETF,526,-1.1,-0.21,170,2026/10/08
2981,2981,2053,中部飼料(株),東証PRM,"1,910",-4,-0.21,"68,400",2026/10/08
2982,2982,236A,iシェアーズ 日本国債7-10年,東証ETF,431.7,-0.9,-0.21,"73,310",2026/10/08
2983,2983,4206,アイカ工業(株),東証PRM,"4,283",-9,-0.21,"268,500",2026/10/08
2984,2984,453A,iシェアーズ 米国債20年超プレミアムインカム,東証ETF,711.1,-1.5,-0.21,"66,460",2026/10/08
2985,2985,4642,オリジナル設計(株),東証STD,"1,395",-3,-0.21,"1,600",2026/10/08
2986,2986,548A,(株)システムエグゼ,東証STD,940,-2,-0.21,"11,900",2026/10/08
2987,2987,5994,(株)ファインシンター,東証STD,971,-2,-0.21,"5,500",2026/10/08
2988,2988,6819,伊豆シャボテンリゾート(株),東証STD,465,-1,-0.21,"11,100",2026/10/08
2989,2989,7687,(株)ミクリード,東証GRT,477,-1,-0.21,"4,100",2026/10/08
2990,2990,7927,ムトー精工(株),東証STD,"2,345",-5,-0.21,"18,300",2026/10/08
2991,2991,1768,(株)ソネック,東証STD,"1,023",-2,-0.2,"1,700",2026/10/08
2992,2992,2291,福留ハム(株),東証STD,507,-1,-0.2,"3,200",2026/10/08
2993,2993,2934,ジェイフロンティア(株),東証GRT,"1,999",-4,-0.2,"5,900",2026/10/08
2994,2994,2991,(株)ランドネット,東証STD,509,-1,-0.2,"10,200",2026/10/08
2995,2995,3395,(株)サンマルクホールディングス,東証PRM,"2,440",-5,-0.2,"64,700",2026/10/08
2996,2996,3463,いちごホテルリート投資法人,東証,"100,300",-200,-0.2,"1,451",2026/10/08
2997,2997,3557,ユナイテッド＆コレクティブ(株),東証GRT,489,-1,-0.2,"8,900",2026/10/08
2998,2998,4931,新日本製薬(株),東証PRM,"1,963",-4,-0.2,"36,300",2026/10/08
2999,2999,6417,(株)ＳＡＮＫＹＯ,東証PRM,"2,045.5",-4,-0.2,"696,200",2026/10/08
3000,3000,6562,(株)ジーニー,東証GRT,"1,010",-2,-0.2,"17,300",2026/10/08
3001,3001,7593,ＶＴホールディングス(株),東証PRM,505,-1,-0.2,"302,900",2026/10/08
3002,3002,7844,(株)マーベラス,東証PRM,507,-1,-0.2,"106,000",2026/10/08
3003,3003,9201,日本航空(株),東証PRM,"3,003",-6,-0.2,"1,896,000",2026/10/08
3004,3004,168A,(株)イタミアート,東証GRT,"1,064",-2,-0.19,100,2026/10/08
3005,3005,2293,滝沢ハム(株),東証STD,"2,652",-5,-0.19,500,2026/10/08
3006,3006,2307,(株)クロスキャット,東証PRM,"1,044",-2,-0.19,"22,800",2026/10/08
3007,3007,2415,ヒューマンホールディングス(株),東証STD,"1,599",-3,-0.19,"4,500",2026/10/08
3008,3008,330A,(株)ＴａｌｅｎｔＸ,東証GRT,522,-1,-0.19,"6,000",2026/10/08
3009,3009,3437,特殊電極(株),東証STD,"2,590",-5,-0.19,100,2026/10/08
3010,3010,4054,日本情報クリエイト(株),東証GRT,517,-1,-0.19,"9,600",2026/10/08
3011,3011,4246,ダイキョーニシカワ(株),東証PRM,"1,061",-2,-0.19,"234,500",2026/10/08
3012,3012,4523,エーザイ(株),東証PRM,"4,631",-9,-0.19,"1,059,400",2026/10/08
3013,3013,4990,昭和化学工業(株),東証STD,520,-1,-0.19,400,2026/10/08
3014,3014,6788,(株)日本トリム,東証PRM,"5,240",-10,-0.19,"22,700",2026/10/08
3015,3015,6920,レーザーテック(株),東証PRM,"46,610",-90,-0.19,"4,658,900",2026/10/08
3016,3016,7698,(株)アイスコ,東証STD,"2,670",-5,-0.19,"1,000",2026/10/08
3017,3017,9467,(株)アルファポリス,東証GRT,"1,035",-2,-0.19,"64,200",2026/10/08
3018,3018,9507,四国電力(株),東証PRM,"2,122",-4,-0.19,"830,500",2026/10/08
3019,3019,9740,ＣＳＰ,東証PRM,"2,580",-5,-0.19,"20,900",2026/10/08
3020,3020,9900,(株)サガミホールディングス,東証PRM,"1,031",-2,-0.19,"140,100",2026/10/08
3021,3021,2607,不二製油(株),東証PRM,"4,331",-8,-0.18,"220,400",2026/10/08
3022,3022,313A,iシェアーズ S&P500 トップ20 ETF,東証ETF,278.1,-0.5,-0.18,"59,150",2026/10/08
3023,3023,3180,(株)ビューティガレージ,東証PRM,"1,666",-3,-0.18,"53,300",2026/10/08
3024,3024,3988,(株)ＳＹＳホールディングス,東証STD,558,-1,-0.18,300,2026/10/08
3025,3025,4750,(株)ダイサン,東証STD,557,-1,-0.18,"2,400",2026/10/08
3026,3026,4820,(株)ＥＭシステムズ,東証PRM,558,-1,-0.18,"72,100",2026/10/08
3027,3027,5988,(株)パイオラックス,東証PRM,"1,624",-3,-0.18,"155,100",2026/10/08
3028,3028,6549,ディーエムソリューションズ(株),東証STD,"1,105",-2,-0.18,600,2026/10/08
3029,3029,7749,メディキット(株),東証STD,"2,735",-5,-0.18,"2,600",2026/10/08
3030,3030,8945,サンネクスタグループ(株),東証STD,"1,086",-2,-0.18,"2,500",2026/10/08
3031,3031,9780,(株)ハリマビステム,東証STD,"1,119",-2,-0.18,"5,600",2026/10/08
3032,3032,2012,iシェアーズ 米国債0-3カ月 ETF,東証ETF,241.4,-0.4,-0.17,"277,010",2026/10/08
3033,3033,2208,(株)ブルボン,東証STD,"3,010",-5,-0.17,"1,100",2026/10/08
3034,3034,3160,(株)大光,東証STD,577,-1,-0.17,"8,000",2026/10/08
3035,3035,4549,栄研化学(株),東証PRM,"2,363",-4,-0.17,"144,400",2026/10/08
3036,3036,4934,プレミアアンチエイジング(株),東証GRT,578,-1,-0.17,"2,100",2026/10/08
3037,3037,5858,(株)ＳＴＧ,東証GRT,"1,156",-2,-0.17,"3,600",2026/10/08
3038,3038,5956,トーソー(株),東証STD,580,-1,-0.17,"2,000",2026/10/08
3039,3039,5973,(株)トーアミ,東証STD,604,-1,-0.17,500,2026/10/08
3040,3040,6090,ヒューマン・メタボローム・テクノロジーズ(株),東証STD,602,-1,-0.17,"1,600",2026/10/08
3041,3041,7939,(株)研創,東証STD,602,-1,-0.17,300,2026/10/08
3042,3042,8957,東急リアル・エステート投資法人,東証,"179,400",-300,-0.17,"2,612",2026/10/08
3043,3043,9685,ＫＹＣＯＭホールディングス(株),東証STD,576,-1,-0.17,"2,400",2026/10/08
3044,3044,9791,(株)ビケンテクノ,東証STD,"1,150",-2,-0.17,"2,300",2026/10/08
3045,3045,2003,日東富士製粉(株),東証STD,"1,846",-3,-0.16,"33,300",2026/10/08
3046,3046,2092,NZAM 上場投信 フランス国債7-10年(H有),東証ETF,"4,325",-7,-0.16,12,2026/10/08
3047,3047,3360,シップヘルスケアホールディングス(株),東証PRM,"2,450",-4,-0.16,"197,500",2026/10/08
3048,3048,3839,(株)ＯＤＫソリューションズ,東証STD,620,-1,-0.16,"1,300",2026/10/08
3049,3049,386A,(株)みのや,東証STD,"1,251",-2,-0.16,900,2026/10/08
3050,3050,4481,ベース(株),東証PRM,"3,155",-5,-0.16,"57,500",2026/10/08
3051,3051,5032,ＡＮＹＣＯＬＯＲ(株),東証PRM,"3,035",-5,-0.16,"247,700",2026/10/08
3052,3052,515A,iシェアーズ 高格付け日本円社債 ETF,東証ETF,496.4,-0.8,-0.16,580,2026/10/08
3053,3053,6525,(株)ＫＯＫＵＳＡＩ　ＥＬＥＣＴＲＩＣ,東証PRM,"9,814",-16,-0.16,"5,869,400",2026/10/08
3054,3054,6551,(株)ツナググループ・ホールディングス,東証STD,610,-1,-0.16,"7,600",2026/10/08
3055,3055,7058,共栄セキュリティーサービス(株),東証STD,"3,050",-5,-0.16,900,2026/10/08
3056,3056,7272,ヤマハ発動機(株),東証PRM,"1,829.5",-3,-0.16,"4,609,000",2026/10/08
3057,3057,7872,エステールホールディングス(株),東証STD,614,-1,-0.16,"3,300",2026/10/08
3058,3058,7928,旭化学工業(株),東証STD,610,-1,-0.16,"1,400",2026/10/08
3059,3059,8089,ナイス(株),東証STD,"1,907",-3,-0.16,900,2026/10/08
3060,3060,8421,信金中央金庫,東証,"187,600",-300,-0.16,71,2026/10/08
3061,3061,9073,京極運輸商事(株),東証STD,"1,255",-2,-0.16,500,2026/10/08
3062,3062,9147,ＮＩＰＰＯＮ　ＥＸＰＲＥＳＳホールディングス(株),東証PRM,"5,581",-9,-0.16,"849,100",2026/10/08
3063,3063,9504,中国電力(株),東証PRM,994.4,-1.6,-0.16,"2,001,300",2026/10/08
3064,3064,9790,福井コンピュータホールディングス(株),東証PRM,"3,045",-5,-0.16,"38,500",2026/10/08
3065,3065,1379,ホクト(株),東証PRM,"2,000",-3,-0.15,"85,700",2026/10/08
3066,3066,1477,iシェアーズ MSCI 日本株最小分散 ETF,東証ETF,"3,373",-5,-0.15,"4,269",2026/10/08
3067,3067,1685,WisdomTree エネルギー上場投信,東証ETF,967,-1.5,-0.15,480,2026/10/08
3068,3068,2015,iFreeETF 米国国債7-10年(H無),東証ETF,"2,039",-3,-0.15,651,2026/10/08
3069,3069,3224,(株)ゼネラル・オイスター,東証GRT,655,-1,-0.15,"2,400",2026/10/08
3070,3070,3462,野村不動産マスターファンド投資法人,東証,"134,300",-200,-0.15,"10,417",2026/10/08
3071,3071,3974,ＳＣＡＴ(株),東証STD,670,-1,-0.15,"7,800",2026/10/08
3072,3072,6678,(株)テクノメディカ,東証STD,"1,975",-3,-0.15,"9,300",2026/10/08
3073,3073,6718,アイホン(株),東証PRM,"2,691",-4,-0.15,"38,200",2026/10/08
3074,3074,7130,ヤマエグループホールディングス(株),東証PRM,"2,625",-4,-0.15,"121,400",2026/10/08
3075,3075,9413,(株)テレビ東京ホールディングス,東証PRM,"3,255",-5,-0.15,"62,200",2026/10/08
3076,3076,2429,(株)ワールドホールディングス,東証PRM,"2,823",-4,-0.14,"35,500",2026/10/08
3077,3077,2993,(株)長栄,東証STD,"2,187",-3,-0.14,200,2026/10/08
3078,3078,368A,(株)北里,東証PRM,"1,392",-2,-0.14,"137,900",2026/10/08
3079,3079,4204,積水化学工業(株),東証PRM,"2,531.5",-3.5,-0.14,"1,527,800",2026/10/08
3080,3080,7196,(株)Ｃａｓａ,東証STD,733,-1,-0.14,"5,400",2026/10/08
3081,3081,7313,テイ・エス　テック(株),東証PRM,"1,751",-2.5,-0.14,"314,800",2026/10/08
3082,3082,8976,大和証券オフィス投資法人,東証,"291,700",-400,-0.14,"2,427",2026/10/08
3083,3083,9831,(株)ヤマダホールディングス,東証PRM,695,-1,-0.14,"4,119,700",2026/10/08
3084,3084,1822,大豊建設(株),東証STD,785,-1,-0.13,"167,600",2026/10/08
3085,3085,2004,昭和産業(株),東証PRM,"3,705",-5,-0.13,"77,400",2026/10/08
3086,3086,3420,(株)ケー・エフ・シー,東証STD,"1,546",-2,-0.13,"1,200",2026/10/08
3087,3087,3861,王子ホールディングス(株),東証PRM,828.4,-1.1,-0.13,"4,040,100",2026/10/08
3088,3088,7682,(株)浜木綿,東証STD,"3,715",-5,-0.13,"3,300",2026/10/08
3089,3089,8056,ＢＩＰＲＯＧＹ(株),東証PRM,"4,700",-6,-0.13,"554,200",2026/10/08
3090,3090,8057,(株)内田洋行,東証PRM,"2,257",-3,-0.13,"120,500",2026/10/08
3091,3091,8119,(株)三栄コーポレーション,東証STD,782,-1,-0.13,"1,800",2026/10/08
3092,3092,8960,ユナイテッド・アーバン投資法人,東証,"150,300",-200,-0.13,"8,477",2026/10/08
3093,3093,9035,第一交通産業(株),福証,751,-1,-0.13,"25,300",2026/10/08
3094,3094,94345,ソフトバンク(株)第1回社債型種類株式,東証PRM,"3,790",-5,-0.13,"4,200",2026/10/08
3095,3095,1377,(株)サカタのタネ,東証PRM,"4,160",-5,-0.12,"222,200",2026/10/08
3096,3096,248A,(株)キッズスター,東証GRT,804,-1,-0.12,"1,200",2026/10/08
3097,3097,2573,北海道コカ・コーラボトリング(株),東証STD,"4,110",-5,-0.12,"1,500",2026/10/08
3098,3098,3469,(株)デュアルタップ,東証STD,845,-1,-0.12,"10,100",2026/10/08
3099,3099,4433,(株)ヒト・コミュニケーションズ・ホールディングス,東証PRM,833,-1,-0.12,"26,800",2026/10/08
3100,3100,4712,(株)ＫｅｙＨｏｌｄｅｒ,東証STD,807,-1,-0.12,"4,500",2026/10/08
3101,3101,4925,(株)ハーバー研究所,東証STD,"1,688",-2,-0.12,800,2026/10/08
3102,3102,5162,(株)朝日ラバー,東証STD,805,-1,-0.12,"1,000",2026/10/08
3103,3103,571A,iシェアーズ 日本国債1-3年,東証ETF,497.6,-0.6,-0.12,70,2026/10/08
3104,3104,6408,小倉クラッチ(株),東証STD,"4,240",-5,-0.12,200,2026/10/08
3105,3105,7228,(株)デイトナ,東証STD,"4,005",-5,-0.12,300,2026/10/08
3106,3106,7514,(株)ヒマラヤ,東証STD,852,-1,-0.12,"3,300",2026/10/08
3107,3107,8005,(株)スクロール,東証PRM,"1,716",-2,-0.12,"123,700",2026/10/08
3108,3108,9076,セイノーホールディングス(株),東証PRM,"2,601.5",-3,-0.12,"420,700",2026/10/08
3109,3109,9342,(株)スマサポ,東証GRT,865,-1,-0.12,100,2026/10/08
3110,3110,1633,(NEXT FUNDS)不動産上場投信,東証ETF,"46,690",-50,-0.11,994,2026/10/08
3111,3111,2186,ソーバル(株),東証STD,894,-1,-0.11,"2,700",2026/10/08
3112,3112,2653,イオン九州(株),東証STD,"2,741",-3,-0.11,"8,500",2026/10/08
3113,3113,2872,(株)セイヒョー,東証STD,"1,900",-2,-0.11,"2,000",2026/10/08
3114,3114,4540,(株)ツムラ,東証PRM,"3,745",-4,-0.11,"331,400",2026/10/08
3115,3115,4625,アトミクス(株),東証STD,886,-1,-0.11,"6,600",2026/10/08
3116,3116,4928,(株)ノエビアホールディングス,東証PRM,"4,455",-5,-0.11,"67,300",2026/10/08
3117,3117,5870,(株)ナルネットコミュニケーションズ,東証GRT,878,-1,-0.11,"11,300",2026/10/08
3118,3118,5921,川岸工業(株),東証STD,"4,380",-5,-0.11,200,2026/10/08
3119,3119,7781,(株)平山ホールディングス,東証STD,886,-1,-0.11,"3,400",2026/10/08
3120,3120,8967,日本ロジスティクスファンド投資法人,東証,"87,100",-100,-0.11,"7,979",2026/10/08
3121,3121,183A,MAXIS 米国国債20年超上場投信(H有),東証ETF,401.6,-0.4,-0.1,150,2026/10/08
3122,3122,2157,(株)コシダカホールディングス,東証PRM,984,-1,-0.1,"557,000",2026/10/08
3123,3123,2296,伊藤ハム米久ホールディングス(株),東証PRM,"4,845",-5,-0.1,"81,300",2026/10/08
3124,3124,2335,(株)キューブシステム,東証PRM,"1,010",-1,-0.1,"48,200",2026/10/08
3125,3125,2594,キーコーヒー(株),東証PRM,"1,958",-2,-0.1,"67,800",2026/10/08
3126,3126,2883,(株)大冷,東証STD,"1,956",-2,-0.1,"2,600",2026/10/08
3127,3127,3140,ＢＲＵＮＯ(株),東証GRT,"1,024",-1,-0.1,"5,400",2026/10/08
3128,3128,3772,ウェルス・マネジメント(株),東証STD,"1,051",-1,-0.1,"12,300",2026/10/08
3129,3129,3800,(株)ユニリタ,東証STD,"1,961",-2,-0.1,"1,000",2026/10/08
3130,3130,4495,(株)アイキューブドシステムズ,東証GRT,"2,062",-2,-0.1,"9,200",2026/10/08
3131,3131,5015,ビーピー・カストロール(株),東証STD,997,-1,-0.1,"3,400",2026/10/08
3132,3132,521A,iFreeETF FANG+ゴールド,東証ETF,"1,998",-2,-0.1,"124,518",2026/10/08
3133,3133,5571,エキサイトホールディングス(株),東証STD,"1,050",-1,-0.1,"3,000",2026/10/08
3134,3134,6488,(株)ヨシタケ,東証STD,"1,010",-1,-0.1,"6,200",2026/10/08
3135,3135,7241,フタバ産業(株),東証PRM,"1,045",-1,-0.1,"252,600",2026/10/08
3136,3136,7991,マミヤ・オーピー(株),東証STD,"1,046",-1,-0.1,"6,800",2026/10/08
3137,3137,8071,東海エレクトロニクス(株),名証MN,"2,907",-3,-0.1,800,2026/10/08
3138,3138,8848,(株)レオパレス２１,東証PRM,"1,001",-1,-0.1,"2,420,100",2026/10/08
3139,3139,9083,神姫バス(株),東証STD,"1,932",-2,-0.1,"5,200",2026/10/08
3140,3140,9202,ＡＮＡホールディングス(株),東証PRM,"2,907",-3,-0.1,"2,521,200",2026/10/08
3141,3141,9325,ファイズホールディングス(株),東証STD,"1,036",-1,-0.1,"17,000",2026/10/08
3142,3142,9367,大東港運(株),東証STD,"2,000",-2,-0.1,900,2026/10/08
3143,3143,2519,(NEXT FUNDS)新興国債券･J.P.M･EM･プラス(H無),東証ETF,"1,118.5",-1,-0.09,"2,670",2026/10/08
3144,3144,2640,GX ゲーム＆アニメ-日本株式,東証ETF,"4,224",-4,-0.09,"8,439",2026/10/08
3145,3145,2678,アスクル(株),東証PRM,"1,174",-1,-0.09,"398,700",2026/10/08
3146,3146,3172,ティーライフ(株),東証STD,"1,127",-1,-0.09,800,2026/10/08
3147,3147,585A,日本バリュー・ボトムアップ株式投資戦略,東証ETF,"1,108",-1,-0.09,82,2026/10/08
3148,3148,6654,不二電機工業(株),東証STD,"1,089",-1,-0.09,"3,900",2026/10/08
3149,3149,7388,(株)ＦＰパートナー,東証PRM,"2,270",-2,-0.09,"26,400",2026/10/08
3150,3150,8410,(株)セブン銀行,東証PRM,340.3,-0.3,-0.09,"4,197,900",2026/10/08
3151,3151,9008,京王電鉄(株),東証PRM,746.9,-0.7,-0.09,"1,940,100",2026/10/08
3152,3152,2093,上場Tracers 米国債0-2年ラダー(H無),東証ETF,"5,261",-4,-0.08,236,2026/10/08
3153,3153,4577,ダイト(株),東証PRM,"1,309",-1,-0.08,"58,300",2026/10/08
3154,3154,5079,(株)ノバック,東証STD,"2,573",-2,-0.08,"5,500",2026/10/08
3155,3155,5279,日本興業(株),東証STD,"1,198",-1,-0.08,"3,000",2026/10/08
3156,3156,5869,(株)早稲田学習研究会,東証STD,"1,269",-1,-0.08,"5,500",2026/10/08
3157,3157,6565,ＡＢホテル(株),名証MN,"1,281",-1,-0.08,800,2026/10/08
3158,3158,8179,ロイヤルホールディングス(株),東証PRM,"1,292",-1,-0.08,"194,100",2026/10/08
3159,3159,9702,(株)アイ・エス・ビー,東証PRM,"2,403",-2,-0.08,"25,000",2026/10/08
3160,3160,9942,(株)ジョイフル,福証,"1,293",-1,-0.08,"7,900",2026/10/08
3161,3161,2282,日本ハム(株),東証PRM,"2,007",-1.5,-0.07,"1,607,100",2026/10/08
3162,3162,2512,(NEXT FUNDS)外国債券・FTSE世界国債(除く日本・H有),東証ETF,703.5,-0.5,-0.07,"5,390",2026/10/08
3163,3163,2647,(NEXT FUNDS)ブルームバーグ米国国債(7-10年)(H無),東証ETF,"5,576",-4,-0.07,147,2026/10/08
3164,3164,4371,(株)コアコンセプト・テクノロジー,東証GRT,"1,524",-1,-0.07,"15,200",2026/10/08
3165,3165,6022,(株)赤阪鐵工所,東証STD,"2,830",-2,-0.07,"1,300",2026/10/08
3166,3166,7506,(株)ハウス　オブ　ローゼ,東証STD,"1,364",-1,-0.07,"1,300",2026/10/08
3167,3167,9687,(株)ＫＳＫ,東証STD,"1,528",-1,-0.07,"2,000",2026/10/08
3168,3168,2593,(株)伊藤園,東証PRM,"3,089",-2,-0.06,"238,600",2026/10/08
3169,3169,3196,(株)ホットランドホールディングス,東証PRM,"1,610",-1,-0.06,"100,700",2026/10/08
3170,3170,3551,ダイニック(株),東証STD,"1,550",-1,-0.06,"47,700",2026/10/08
3171,3171,3921,(株)ネオジャパン,東証PRM,"1,586",-1,-0.06,"17,800",2026/10/08
3172,3172,3989,シェアリングテクノロジー(株),東証GRT,"1,546",-1,-0.06,"440,200",2026/10/08
3173,3173,452A,iシェアーズ S&P500プレミアムインカム,東証ETF,821.5,-0.5,-0.06,"90,400",2026/10/08
3174,3174,636A,SMBC Prime 日本短期債券ETF(年1回決算型),東証ETF,899.5,-0.5,-0.06,20,2026/10/08
3175,3175,7148,(株)ＦＰＧ,東証PRM,"1,599",-1,-0.06,"466,100",2026/10/08
3176,3176,7299,フジオーゼックス(株),東証STD,"1,758",-1,-0.06,"3,900",2026/10/08
3177,3177,9365,トレーディア(株),東証STD,"1,612",-1,-0.06,300,2026/10/08
3178,3178,1793,(株)大本組,東証STD,"2,013",-1,-0.05,600,2026/10/08
3179,3179,1869,名工建設(株),名証MN,"1,894",-1,-0.05,"3,200",2026/10/08
3180,3180,381A,iFreeETF 米国国債3-5年(H無),東証ETF,"2,122",-1,-0.05,10,2026/10/08
3181,3181,3945,スーパーバッグ(株),東証STD,"2,204",-1,-0.05,"1,500",2026/10/08
3182,3182,4404,ミヨシ油脂(株),東証STD,"2,184",-1,-0.05,"11,200",2026/10/08
3183,3183,4443,Ｓａｎｓａｎ(株),東証PRM,"2,133",-1,-0.05,"1,054,500",2026/10/08
3184,3184,4725,(株)ＣＡＣ　Ｈｏｌｄｉｎｇｓ,東証PRM,"1,911",-1,-0.05,"42,700",2026/10/08
3185,3185,5922,那須電機鉄工(株),東証STD,"19,990",-10,-0.05,200,2026/10/08
3186,3186,6702,富士通(株),東証PRM,"4,125",-2,-0.05,"8,302,800",2026/10/08
3187,3187,8244,(株)近鉄百貨店,東証STD,"1,897",-1,-0.05,"33,800",2026/10/08
3188,3188,9246,(株)プロジェクトホールディングス,東証GRT,"2,194",-1,-0.05,"36,600",2026/10/08
3189,3189,9692,(株)シーイーシー,東証PRM,"2,215",-1,-0.05,"116,600",2026/10/08
3190,3190,9842,アークランズ(株),東証PRM,"1,848",-1,-0.05,"174,700",2026/10/08
3191,3191,2612,かどや製油(株),東証STD,"2,839",-1,-0.04,"104,500",2026/10/08
3192,3192,2911,旭松食品(株),東証STD,"2,242",-1,-0.04,300,2026/10/08
3193,3193,3028,(株)アルペン,東証PRM,"2,333",-1,-0.04,"101,800",2026/10/08
3194,3194,4722,フューチャー(株),東証PRM,"2,426",-1,-0.04,"102,000",2026/10/08
3195,3195,5941,(株)中西製作所,東証STD,"2,695",-1,-0.04,"1,800",2026/10/08
3196,3196,7079,ＷＤＢココ(株),東証GRT,"2,591",-1,-0.04,"1,500",2026/10/08
3197,3197,9003,相鉄ホールディングス(株),東証PRM,"2,502",-1,-0.04,"466,900",2026/10/08
3198,3198,1630,(NEXT FUNDS)小売上場投信,東証ETF,"36,990",-10,-0.03,81,2026/10/08
3199,3199,2050,NEXT NOTES ニッチトップ中小型日本株(NR)ETN,東証ETF,"33,030",-10,-0.03,203,2026/10/08
3200,3200,4812,(株)電通総研,東証PRM,"2,866",-1,-0.03,"381,400",2026/10/08
3201,3201,635A,SMBC Prime 日本短期債券ETF(毎月決算型),東証ETF,901.1,-0.3,-0.03,530,2026/10/08
3202,3202,7735,(株)ＳＣＲＥＥＮホールディングス,東証PRM,"15,910",-5,-0.03,"2,114,300",2026/10/08
3203,3203,9023,東京地下鉄(株),東証PRM,"1,437",-0.5,-0.03,"1,741,100",2026/10/08
3204,3204,4626,太陽ホールディングス(株),東証PRM,"4,802",-1,-0.02,"433,400",2026/10/08
3205,3205,50765,インフロニア・ホールディングス（株）第1回社債型種類株式,東証PRM,"4,622",-1,-0.02,"2,900",2026/10/08
3206,3206,7476,アズワン(株),東証PRM,"2,477.5",-0.5,-0.02,"121,900",2026/10/08
3207,3207,7936,(株)アシックス,東証PRM,"4,449",-1,-0.02,"3,756,200",2026/10/08
