順位(全市場),順位,コード,銘柄名,市場,現在値,前日比,騰落率(%),出来高,時刻
1,1,3909,(株)ショーケース,東証STD,248,+50,25.25,"2,089,000",2026/10/07
2,2,4398,(株)ブロードバンドセキュリティ,東証STD,"2,322",+400,20.81,"811,200",2026/10/07
3,3,4073,(株)ジィ・シィ企画,東証GRT,901,+150,19.97,"1,650,800",2026/10/07
4,4,6193,バーチャレクス・ホールディングス(株),東証GRT,"1,225",+164,15.46,"521,300",2026/10/07
5,5,604A,(株)ビーエイブル,東証STD,"1,766",+164,10.24,"2,440,400",2026/10/07
6,6,3498,霞ヶ関キャピタル(株),東証PRM,"7,780",+700,9.89,"1,953,400",2026/10/07
7,7,3042,(株)セキュアヴェイル,東証STD,453,+39,9.42,"9,731,900",2026/10/07
8,8,4493,(株)サイバーセキュリティクラウド,東証GRT,"2,858",+240,9.17,"44,735,900",2026/10/07
9,9,6871,(株)日本マイクロニクス,東証PRM,"16,760","+1,350",8.76,"2,211,200",2026/10/07
10,10,3077,ホリイフードサービス(株),東証STD,"1,523",+122,8.71,"53,400",2026/10/07
11,11,173A,(株)ハンモック,東証GRT,"1,762",+122,7.44,"75,200",2026/10/07
12,12,153A,(株)カウリス,東証GRT,"2,267",+154,7.29,"6,229,900",2026/10/07
13,13,9012,秩父鉄道(株),東証STD,"2,240",+152,7.28,"11,500",2026/10/07
14,14,7083,ＡＨＣグループ(株),東証GRT,"1,446",+97,7.19,"10,400",2026/10/07
15,15,7093,アディッシュ(株),東証GRT,664,+44,7.1,"39,800",2026/10/07
16,16,4366,ダイトーケミックス(株),東証STD,551,+36,6.99,"404,400",2026/10/07
17,17,618A,(株)ＫＯＭＰＥＩＴＯ,東証GRT,"2,050",+125,6.49,"405,100",2026/10/07
18,18,6736,サン電子(株),東証STD,"9,810",+590,6.4,"39,000",2026/10/07
19,19,5537,(株)ＡｌｂａＬｉｎｋ,東証GRT,"4,010",+240,6.37,"110,400",2026/10/07
20,20,2469,ヒビノ(株),東証STD,"1,465",+86,6.24,"75,400",2026/10/07
21,21,646A,クラサスケミカル(株),東証STD,219,+12.8,6.21,"18,673,800",2026/10/07
22,22,5985,サンコール(株),東証STD,"2,877",+164,6.04,"1,513,600",2026/10/07
23,23,3131,シンデン・ハイテックス(株),東証STD,"8,700",+490,5.97,"49,000",2026/10/07
24,24,8944,(株)ランドビジネス,東証STD,296,+16,5.71,"421,100",2026/10/07
25,25,6574,(株)コンヴァノ,東証GRT,131,+7,5.65,"2,465,200",2026/10/07
26,26,5246,(株)ＥＬＥＭＥＮＴＳ,東証GRT,923,+49,5.61,"2,624,500",2026/10/07
27,27,2776,新都ホールディングス(株),東証STD,95,+5,5.56,"402,100",2026/10/07
28,28,6626,ＳＥＭＩＴＥＣ(株),東証STD,"2,750",+140,5.36,"35,500",2026/10/07
29,29,3843,フリービット(株),東証PRM,"1,747",+84,5.05,"73,400",2026/10/07
30,30,4811,(株)ドリーム・アーツ,東証GRT,967,+46,4.99,"12,100",2026/10/07
31,31,319A,(株)技術承継機構,東証GRT,"23,910","+1,110",4.87,"76,100",2026/10/07
32,32,1723,日本電技(株),東証STD,"2,351",+109,4.86,"1,533,200",2026/10/07
33,33,4480,(株)メドレー,東証PRM,"2,404",+110,4.8,"264,500",2026/10/07
34,34,2737,(株)トーメンデバイス,東証PRM,"39,050","+1,750",4.69,"186,000",2026/10/07
35,35,7740,(株)タムロン,東証PRM,"1,550",+69,4.66,"1,346,500",2026/10/07
36,36,9331,(株)キャスター,東証GRT,700,+30,4.48,"2,000",2026/10/07
37,37,3047,(株)ＴＲＵＣＫ－ＯＮＥ,福岡Q,850,+35,4.29,"2,100",2026/10/07
38,38,5542,新報国マテリアル(株),東証STD,"1,290",+53,4.28,"53,200",2026/10/07
39,39,3762,テクマトリックス(株),東証PRM,"2,737",+112,4.27,"707,800",2026/10/07
40,40,7550,(株)ゼンショーホールディングス,東証PRM,"11,525",+470,4.25,"755,900",2026/10/07
41,41,4387,(株)ＺＵＵ,東証GRT,569,+23,4.21,"53,000",2026/10/07
42,42,3399,(株)丸千代山岡家,東証STD,"4,240",+170,4.18,"183,600",2026/10/07
43,43,296A,令和アカウンティング・ホールディングス(株),東証GRT,"1,124",+45,4.17,"113,100",2026/10/07
44,44,241A,(株)ＲＯＸＸ,東証GRT,476,+19,4.16,"30,300",2026/10/07
45,45,2093,上場Tracers 米国債0-2年ラダー(H無),東証ETF,"5,265",+205,4.05,702,2026/10/07
46,46,3185,夢展望(株),東証GRT,108,+4,3.85,"183,400",2026/10/07
47,47,438A,(株)インフキュリオン,東証GRT,"1,079",+39,3.75,"213,000",2026/10/07
48,48,2222,寿スピリッツ(株),東証PRM,"2,526",+91,3.74,"969,300",2026/10/07
49,49,1697,WisdomTree 大豆上場投信,東証ETF,"4,932",+176,3.7,720,2026/10/07
50,50,6814,古野電気(株),東証PRM,"8,430",+300,3.69,"847,300",2026/10/07
51,51,224A,GX ウラニウムビジネス,東証ETF,"1,513",+53,3.63,"12,179",2026/10/07
52,52,4120,スガイ化学工業(株),東証STD,"3,145",+110,3.62,500,2026/10/07
53,53,4362,日本精化(株),東証PRM,"2,746",+96,3.62,"81,000",2026/10/07
54,54,622A,(株)テクノクラフト,東証STD,515,+18,3.62,"97,400",2026/10/07
55,55,6533,(株)Ｏｒｃｈｅｓｔｒａ　Ｈｏｌｄｉｎｇｓ,東証PRM,"2,100",+73,3.6,"89,000",2026/10/07
56,56,7986,日本アイ・エス・ケイ(株),東証STD,"1,996",+68,3.53,"7,000",2026/10/07
57,57,7609,ダイトロン(株),東証PRM,"4,710",+160,3.52,"168,100",2026/10/07
58,58,2726,(株)パルグループホールディングス,東証PRM,"1,446",+49,3.51,"1,851,600",2026/10/07
59,59,5381,マイポックス(株),東証STD,"1,208",+41,3.51,"507,500",2026/10/07
60,60,5621,(株)ヒューマンテクノロジーズ,東証GRT,"1,623",+55,3.51,"17,900",2026/10/07
61,61,2702,日本マクドナルドホールディングス(株),東証STD,"7,690",+260,3.5,"1,168,400",2026/10/07
62,62,7119,(株)ハルメクホールディングス,東証GRT,"1,896",+64,3.49,"23,000",2026/10/07
63,63,4490,(株)ビザスク,東証GRT,689,+23,3.45,"12,300",2026/10/07
64,64,7567,(株)栄電子,東証STD,667,+22,3.41,"53,200",2026/10/07
65,65,3103,ユニチカ(株),東証STD,"1,522",+50,3.4,"4,653,500",2026/10/07
66,66,9639,三協フロンテア(株),東証STD,"2,347",+77,3.39,"10,000",2026/10/07
67,67,276A,ククレブ・アドバイザーズ(株),東証GRT,"4,300",+140,3.37,"21,500",2026/10/07
68,68,3913,ＧｒｅｅｎＢｅｅ(株),東証STD,"1,075",+35,3.37,"7,500",2026/10/07
69,69,4612,日本ペイントホールディングス(株),東証PRM,"1,229.5",+40,3.36,"5,291,300",2026/10/07
70,70,3020,アプライド(株),東証STD,"4,935",+160,3.35,"8,500",2026/10/07
71,71,623A,(株)ベルテックス,東証STD,626,+20,3.3,"322,700",2026/10/07
72,72,8163,ＳＲＳホールディングス(株),東証PRM,"1,435",+45,3.24,"174,600",2026/10/07
73,73,5816,オーナンバ(株),東証STD,"1,481",+46,3.21,"35,000",2026/10/07
74,74,7711,助川電気工業(株),東証STD,"5,150",+160,3.21,"203,400",2026/10/07
75,75,1692,WisdomTree アルミニウム上場投信,東証ETF,681.1,+21.1,3.2,100,2026/10/07
76,76,7057,(株)エヌ・シー・エヌ,東証STD,940,+29,3.18,"1,400",2026/10/07
77,77,4597,ソレイジア・ファーマ(株),東証GRT,33,+1,3.13,"75,983,900",2026/10/07
78,78,7603,ジーイエット(株),東証STD,33,+1,3.13,"258,700",2026/10/07
79,79,7694,(株)いつも,東証GRT,661,+20,3.12,"67,000",2026/10/07
80,80,4179,(株)ジーネクスト,東証GRT,334,+10,3.09,"97,500",2026/10/07
81,81,2820,(株)やまみ,東証STD,"6,760",+200,3.05,"17,800",2026/10/07
82,82,6627,(株)テラプローブ,東証STD,"2,705",+80,3.05,"426,500",2026/10/07
83,83,4828,ビジネスエンジニアリング(株),東証PRM,"1,326",+39,3.03,"187,900",2026/10/07
84,84,4496,(株)コマースＯｎｅホールディングス,東証GRT,758,+22,2.99,"5,300",2026/10/07
85,85,3415,(株)ＴＯＫＹＯ　ＢＡＳＥ,東証PRM,346,+10,2.98,"327,500",2026/10/07
86,86,3513,イチカワ(株),東証STD,"3,660",+105,2.95,"1,800",2026/10/07
87,87,7269,スズキ(株),東証PRM,"2,039.5",+58,2.93,"10,329,200",2026/10/07
88,88,6976,太陽誘電(株),東証PRM,"11,460",+325,2.92,"34,746,700",2026/10/07
89,89,442A,クラシコ(株),東証GRT,855,+24,2.89,"3,500",2026/10/07
90,90,7358,(株)ポピンズ,東証STD,"1,910",+53,2.85,"31,400",2026/10/07
91,91,4194,ビジョナル(株),東証PRM,"9,133",+252,2.84,"252,600",2026/10/07
92,92,9085,北海道中央バス(株),札証,"5,090",+140,2.83,700,2026/10/07
93,93,184A,(株)学びエイド,東証GRT,328,+9,2.82,900,2026/10/07
94,94,2043,NEXT NOTES STOXX アセアン好配当50(円、NR)ETN,東証ETF,"30,200",+825,2.81,31,2026/10/07
95,95,3559,(株)ピーバンドットコム,東証STD,475,+13,2.81,"2,900",2026/10/07
96,96,4166,かっこ(株),東証GRT,735,+20,2.8,"1,414,500",2026/10/07
97,97,6859,エスペック(株),東証PRM,"4,460",+120,2.76,"109,300",2026/10/07
98,98,7066,(株)ピアズ,東証GRT,449,+12,2.75,"16,700",2026/10/07
99,99,1687,WisdomTree 農産物上場投信,東証ETF,"1,114",+29.5,2.72,"2,380",2026/10/07
100,100,9562,ビジネスコーチ(株),東証GRT,605,+16,2.72,"3,500",2026/10/07
101,101,3753,(株)フライトソリューションズ,東証STD,227,+6,2.71,"441,500",2026/10/07
102,102,5729,日本精鉱(株),東証STD,"1,705",+45,2.71,"9,100",2026/10/07
103,103,9778,(株)昴,東証STD,"5,690",+150,2.71,"1,000",2026/10/07
104,104,212A,フィットイージー(株),東証PRM,"2,798",+73,2.68,"274,500",2026/10/07
105,105,4628,エスケー化研(株),東証STD,"10,510",+270,2.64,"16,700",2026/10/07
106,106,4919,(株)ミルボン,東証PRM,"3,320",+85,2.63,"99,200",2026/10/07
107,107,4013,勤次郎(株),東証GRT,705,+18,2.62,"56,700",2026/10/07
108,108,3086,Ｊ．フロント　リテイリング(株),東証PRM,"2,728",+69.5,2.61,"1,256,400",2026/10/07
109,109,4565,ネクセラファーマ(株),東証PRM,"1,256",+32,2.61,"927,700",2026/10/07
110,110,421A,(株)ムービン・ストラテジック・キャリア,東証GRT,"4,140",+105,2.6,"45,400",2026/10/07
111,111,5821,平河ヒューテック(株),東証PRM,"3,385",+85,2.58,"115,200",2026/10/07
112,112,3779,ジェイ・エスコム　ホールディングス(株),東証STD,121,+3,2.54,"24,500",2026/10/07
113,113,150A,(株)ＪＳＨ,東証GRT,813,+20,2.52,"111,400",2026/10/07
114,114,2814,佐藤食品工業(株),東証STD,"1,793",+44,2.52,"4,400",2026/10/07
115,115,415A,ＧＭＯ　ＴＥＣＨホールディングス(株),東証GRT,"5,690",+140,2.52,"1,300",2026/10/07
116,116,7616,(株)コロワイド,東証PRM,"2,017",+49.5,2.52,"532,600",2026/10/07
117,117,383A,MAXIS S&P500均等ウェイト,東証ETF,"2,568",+63,2.51,304,2026/10/07
118,118,1696,WisdomTree とうもろこし上場投信,東証ETF,"3,110",+76,2.5,"1,461",2026/10/07
119,119,6701,ＮＥＣ,東証PRM,"5,050",+123,2.5,"6,650,000",2026/10/07
120,120,4113,田岡化学工業(株),東証STD,868,+21,2.48,"37,100",2026/10/07
121,121,9914,(株)植松商会,名証MN,743,+18,2.48,400,2026/10/07
122,122,543A,ＡＲＣＨＩＯＮ(株),東証PRM,292,+7,2.46,"30,001,900",2026/10/07
123,123,6622,(株)ダイヘン,東証PRM,"2,958",+71,2.46,"1,381,900",2026/10/07
124,124,6061,(株)ユニバーサル園芸社,東証STD,"3,160",+75,2.43,"23,400",2026/10/07
125,125,2938,(株)オカムラ食品工業,東証STD,"1,229",+29,2.42,"42,500",2026/10/07
126,126,9337,(株)トリドリ,東証GRT,"1,485",+35,2.41,"25,700",2026/10/07
127,127,2034,NEXT NOTES 韓国KOSPI･ベアETN,東証ETF,"1,940",+45,2.37,"11,001",2026/10/07
128,128,7272,ヤマハ発動機(株),東証PRM,"1,832.5",+42.5,2.37,"6,028,100",2026/10/07
129,129,9247,ＴＲＥホールディングス(株),東証PRM,"1,812",+42,2.37,"412,200",2026/10/07
130,130,7701,(株)島津製作所,東証PRM,"4,214",+97,2.36,"1,895,200",2026/10/07
131,131,2801,キッコーマン(株),東証PRM,"1,742",+40,2.35,"4,100,300",2026/10/07
132,132,3161,アゼアス(株),東証STD,700,+16,2.34,"30,800",2026/10/07
133,133,9425,ＲｅＹｕｕ　Ｊａｐａｎ(株),東証STD,262,+6,2.34,"643,200",2026/10/07
134,134,1827,(株)ナカノフドー建設,東証STD,"1,405",+32,2.33,"36,400",2026/10/07
135,135,4686,(株)ジャストシステム,東証PRM,"4,615",+105,2.33,"130,300",2026/10/07
136,136,9627,(株)アインホールディングス,東証PRM,"5,432",+123,2.32,"167,300",2026/10/07
137,137,6266,タツモ(株),東証PRM,"4,470",+100,2.29,"297,100",2026/10/07
138,138,2560,MAXISカーボン・エフィシェント日本株上場投信,東証ETF,"56,100","+1,250",2.28,1,2026/10/07
139,139,6135,(株)牧野フライス製作所,東証PRM,"3,385",+75,2.27,"1,286,100",2026/10/07
140,140,1691,WisdomTree ガソリン上場投信,東証ETF,"17,445",+385,2.26,75,2026/10/07
141,141,4461,第一工業製薬(株),東証PRM,"16,730",+370,2.26,"183,300",2026/10/07
142,142,4379,(株)Ｐｈｏｔｏｓｙｎｔｈ,東証GRT,500,+11,2.25,"22,600",2026/10/07
143,143,7819,粧美堂(株),東証STD,958,+21,2.24,"22,300",2026/10/07
144,144,3237,(株)イントランス,東証GRT,92,+2,2.22,"341,600",2026/10/07
145,145,2530,MAXIS HuaAn中国株式(上海180A株)上場投信,東証ETF,"16,940",+365,2.2,165,2026/10/07
146,146,5741,(株)ＵＡＣＪ,東証PRM,"2,231",+48,2.2,"1,459,900",2026/10/07
147,147,6877,ＯＢＡＲＡ　ＧＲＯＵＰ(株),東証STD,"6,500",+140,2.2,"85,000",2026/10/07
148,148,3851,(株)日本一ソフトウェア,東証STD,"1,405",+30,2.18,"31,900",2026/10/07
149,149,2349,(株)エヌアイデイ,東証STD,"2,499",+53,2.17,900,2026/10/07
150,150,4927,(株)ポーラ・オルビスホールディングス,東証PRM,"1,370.5",+29,2.16,"505,200",2026/10/07
151,151,8123,川辺(株),東証STD,"1,420",+30,2.16,500,2026/10/07
152,152,1688,WisdomTree 穀物上場投信,東証ETF,612.4,+12.9,2.15,"7,530",2026/10/07
153,153,288A,ラクサス・テクノロジーズ(株),東証GRT,95,+2,2.15,"33,500",2026/10/07
154,154,1689,WisdomTree 天然ガス上場投信,東証ETF,763,+16,2.14,"58,322",2026/10/07
155,155,3083,スターシーズ(株),東証STD,"1,107",+23,2.12,"235,100",2026/10/07
156,156,7049,(株)識学,東証GRT,769,+16,2.12,"16,800",2026/10/07
157,157,7058,共栄セキュリティーサービス(株),東証STD,"3,055",+63,2.11,"7,300",2026/10/07
158,158,7868,(株)広済堂ホールディングス,東証PRM,534,+11,2.1,"271,300",2026/10/07
159,159,1695,WisdomTree 小麦上場投信,東証ETF,"3,522",+72,2.09,"8,460",2026/10/07
160,160,9213,(株)セイファート,東証STD,"1,026",+21,2.09,"2,600",2026/10/07
161,161,4099,四国化成ホールディングス(株),東証PRM,"2,649",+54,2.08,"1,032,300",2026/10/07
162,162,3435,サンコーテクノ(株),東証STD,"1,526",+31,2.07,"2,300",2026/10/07
163,163,4237,フジプレアム(株),東証STD,346,+7,2.06,"40,900",2026/10/07
164,164,6969,松尾電機(株),東証STD,"1,239",+25,2.06,"35,500",2026/10/07
165,165,9503,関西電力(株),東証PRM,"2,655.5",+53.5,2.06,"4,733,700",2026/10/07
166,166,6143,(株)ソディック,東証PRM,"1,788",+36,2.05,"862,700",2026/10/07
167,167,4666,パーク２４(株),東証PRM,"1,779.5",+35.5,2.04,"2,461,100",2026/10/07
168,168,6494,(株)ＮＦＫホールディングス,東証STD,100,+2,2.04,"467,100",2026/10/07
169,169,4395,(株)アクリート,東証GRT,708,+14,2.02,"199,000",2026/10/07
170,170,6563,(株)みらいワークス,東証GRT,454,+9,2.02,"3,800",2026/10/07
171,171,6897,(株)ツインバード,東証STD,555,+11,2.02,"39,200",2026/10/07
172,172,4343,(株)イオンファンタジー,東証PRM,"2,689",+53,2.01,"59,900",2026/10/07
173,173,2481,(株)タウンニュース社,東証STD,715,+14,2.0,400,2026/10/07
174,174,6326,(株)クボタ,東証PRM,"2,775",+54,1.98,"5,558,400",2026/10/07
175,175,7531,清和中央ホールディングス(株),東証STD,"1,337",+26,1.98,200,2026/10/07
176,176,6597,ＨＰＣシステムズ(株),東証GRT,"3,875",+75,1.97,"86,500",2026/10/07
177,177,6085,アーキテクツ・スタジオ・ジャパン(株),東証GRT,104,+2,1.96,"4,829,500",2026/10/07
178,178,2735,(株)ワッツ,東証STD,736,+14,1.94,"86,700",2026/10/07
179,179,4307,(株)野村総合研究所,東証PRM,"5,189",+99,1.94,"2,036,600",2026/10/07
180,180,1357,(NEXT FUNDS) 日経ダブルインバース上場投信,東証ETF,"2,388",+45,1.92,"7,451,115",2026/10/07
181,181,3024,クリエイト(株),東証STD,"1,166",+22,1.92,"2,400",2026/10/07
182,182,7031,(株)インバウンドテック,東証GRT,743,+14,1.92,"3,600",2026/10/07
183,183,8225,(株)タカチホ,東証STD,"3,715",+70,1.92,200,2026/10/07
184,184,2066,NEXT NOTES 東証REIT（ドルH、NR）ETN,東証ETF,"22,860",+425,1.89,150,2026/10/07
185,185,3733,(株)ソフトウェア・サービス,東証STD,"11,880",+220,1.89,"1,800",2026/10/07
186,186,530A,NZAM 上場投信 東証REIT指数(2・5・8・11月決算型),東証ETF,"1,733",+32,1.88,28,2026/10/07
187,187,4021,日産化学(株),東証PRM,"9,045",+166,1.87,"861,000",2026/10/07
188,188,9229,(株)サンウェルズ,東証PRM,109,+2,1.87,"100,000",2026/10/07
189,189,4768,(株)大塚商会,東証PRM,"3,743",+68,1.85,"1,697,200",2026/10/07
190,190,6702,富士通(株),東証PRM,"4,127",+74,1.83,"7,391,400",2026/10/07
191,191,9502,中部電力(株),東証PRM,"2,676",+48,1.83,"4,630,800",2026/10/07
192,192,3422,(株)Ｊ－ＭＡＸ,東証STD,673,+12,1.82,"17,700",2026/10/07
193,193,4432,ウイングアーク１ｓｔ(株),東証PRM,"3,380",+60,1.81,"94,200",2026/10/07
194,194,593A,(株)ティアフォー,東証GRT,"2,135",+38,1.81,"12,028,500",2026/10/07
195,195,7707,プレシジョン・システム・サイエンス(株),東証GRT,226,+4,1.8,"150,300",2026/10/07
196,196,4735,(株)京進,東証STD,286,+5,1.78,"3,800",2026/10/07
197,197,5161,西川ゴム工業(株),東証STD,"3,440",+60,1.78,"167,000",2026/10/07
198,198,3682,エンカレッジ・テクノロジ(株),東証STD,634,+11,1.77,"67,100",2026/10/07
199,199,3923,(株)ラクス,東証PRM,"1,065.5",+18.5,1.77,"1,858,200",2026/10/07
200,200,4416,(株)Ｔｒｕｅ　Ｄａｔａ,東証GRT,402,+7,1.77,800,2026/10/07
201,201,4967,小林製薬(株),東証PRM,"7,153",+124,1.76,"310,200",2026/10/07
202,202,8022,ミズノ(株),東証PRM,"4,330",+75,1.76,"224,300",2026/10/07
203,203,4178,(株)Ｓｈａｒｉｎｇ　Ｉｎｎｏｖａｔｉｏｎｓ,東証GRT,931,+16,1.75,"22,700",2026/10/07
204,204,1360,日経平均ベア2倍上場投信,東証ETF,58.4,+1,1.74,"137,826,520",2026/10/07
205,205,4985,アース製薬(株),東証PRM,"4,680",+80,1.74,"63,700",2026/10/07
206,206,5250,ＧＭＯプライム・ストラテジー(株),東証STD,"1,052",+18,1.74,600,2026/10/07
207,207,5580,(株)プロディライト,東証GRT,"1,635",+28,1.74,"1,800",2026/10/07
208,208,5842,インテグラル・グループ(株),東証GRT,"2,800",+48,1.74,"81,800",2026/10/07
209,209,7202,いすゞ自動車(株),東証PRM,"2,105.5",+36,1.74,"3,548,400",2026/10/07
210,210,542A,(株)ビタブリッドジャパン,東証GRT,"1,115",+19,1.73,"9,000",2026/10/07
211,211,6888,アクモス(株),東証STD,530,+9,1.73,"31,500",2026/10/07
212,212,7472,(株)鳥羽洋行,東証STD,"3,815",+65,1.73,400,2026/10/07
213,213,4922,(株)コーセーホールディングス,東証PRM,"5,433",+92,1.72,"400,500",2026/10/07
214,214,8275,(株)フォーバル,東証STD,"1,063",+18,1.72,"26,300",2026/10/07
215,215,2705,(株)大戸屋ホールディングス,東証STD,"8,930",+150,1.71,"35,200",2026/10/07
216,216,4661,(株)オリエンタルランド,東証PRM,"2,888.5",+48.5,1.71,"3,961,700",2026/10/07
217,217,8111,(株)ゴールドウイン,東証PRM,"2,142.5",+36,1.71,"478,700",2026/10/07
218,218,9799,旭情報サービス(株),東証STD,949,+16,1.71,"4,900",2026/10/07
219,219,3397,(株)トリドールホールディングス,東証PRM,"4,187",+70,1.7,"346,900",2026/10/07
220,220,1699,(NEXT FUNDS)NOMURA原油インデックス上場,東証ETF,718.1,+11.9,1.69,"175,330",2026/10/07
221,221,4575,(株)キャンバス,東証GRT,780,+13,1.69,"92,700",2026/10/07
222,222,4586,(株)メドレックス,東証STD,60,+1,1.69,"177,500",2026/10/07
223,223,4918,(株)アイビー化粧品,東証STD,302,+5,1.68,"15,000",2026/10/07
224,224,6651,日東工業(株),東証PRM,"4,545",+75,1.68,"82,200",2026/10/07
225,225,7524,マルシェ(株),東証STD,183,+3,1.67,"6,400",2026/10/07
226,226,4754,(株)トスネット,東証STD,"1,534",+25,1.66,400,2026/10/07
227,227,7870,福島印刷(株),名証MN,370,+6,1.65,"3,800",2026/10/07
228,228,6417,(株)ＳＡＮＫＹＯ,東証PRM,"2,049.5",+33,1.64,"1,203,300",2026/10/07
229,229,7421,カッパ・クリエイト(株),東証PRM,"1,485",+24,1.64,"151,200",2026/10/07
230,230,3986,(株)ビーブレイクシステムズ,東証STD,500,+8,1.63,"2,600",2026/10/07
231,231,2058,(株)ヒガシマル,福証,"1,010",+16,1.61,"1,200",2026/10/07
232,232,4498,サイバートラスト(株),東証GRT,"1,264",+20,1.61,"549,300",2026/10/07
233,233,7611,(株)ハイデイ日高,東証PRM,"2,972",+47,1.61,"177,100",2026/10/07
234,234,462A,(株)ＦＵＮＤＩＮＮＯ,東証GRT,254,+4,1.6,"100,800",2026/10/07
235,235,157A,グリーンモンスター(株),東証GRT,768,+12,1.59,"9,800",2026/10/07
236,236,3132,マクニカホールディングス(株),東証PRM,"4,420",+69,1.59,"1,505,100",2026/10/07
237,237,6391,(株)加地テック,東証STD,"5,100",+80,1.59,"1,600",2026/10/07
238,238,7218,田中精密工業(株),東証STD,"1,149",+18,1.59,"3,300",2026/10/07
239,239,1671,WTI原油価格連動型上場投信,東証ETF,"6,050",+94,1.58,"113,028",2026/10/07
240,240,2195,アミタホールディングス(株),東証GRT,385,+6,1.58,"30,400",2026/10/07
241,241,4020,ビートレンド(株),東証GRT,899,+14,1.58,"5,500",2026/10/07
242,242,1770,藤田エンジニアリング(株),東証STD,"2,132",+33,1.57,"2,100",2026/10/07
243,243,2515,(NEXT FUNDS)外国REIT･S&P先進国REIT(除く日本・H無),東証ETF,"1,549",+24,1.57,"44,318",2026/10/07
244,244,4234,(株)サンエー化研,東証STD,"1,032",+16,1.57,"27,900",2026/10/07
245,245,4631,ＤＩＣ(株),東証PRM,"5,102",+79,1.57,"538,200",2026/10/07
246,246,6785,(株)鈴木,東証PRM,"3,570",+55,1.56,"65,900",2026/10/07
247,247,4350,(株)メディカルシステムネットワーク,東証STD,524,+8,1.55,"67,000",2026/10/07
248,248,603A,(株)アイ・グリッド・ソリューションズ,東証GRT,"1,046",+16,1.55,"758,100",2026/10/07
249,249,7326,ＳＢＩインシュアランスグループ(株),東証GRT,"2,100",+32,1.55,"69,100",2026/10/07
250,250,7538,(株)大水,東証STD,392,+6,1.55,"2,100",2026/10/07
251,251,2220,亀田製菓(株),東証PRM,"1,253",+19,1.54,"205,700",2026/10/07
252,252,4492,(株)ゼネテック,東証STD,395,+6,1.54,"14,500",2026/10/07
253,253,1554,上場インデックス世界株式(MSCI ACWI)除く日本,東証ETF,"6,882",+104,1.53,"1,211",2026/10/07
254,254,5034,(株)ｕｎｅｒｒｙ,東証GRT,"2,453",+37,1.53,"16,000",2026/10/07
255,255,6912,菊水ホールディングス(株),東証STD,"2,911",+44,1.53,"15,000",2026/10/07
256,256,2930,(株)北の達人コーポレーション,東証PRM,134,+2,1.52,"272,900",2026/10/07
257,257,5110,住友ゴム工業(株),東証PRM,"2,043.5",+30.5,1.52,"1,690,300",2026/10/07
258,258,6040,日本スキー場開発(株),東証GRT,467,+7,1.52,"58,000",2026/10/07
259,259,6196,(株)ストライクグループ,東証PRM,"1,403",+21,1.52,"352,500",2026/10/07
260,260,7818,(株)トランザクション,東証PRM,"1,201",+18,1.52,"133,500",2026/10/07
261,261,7831,(株)ウイルコホールディングス,東証STD,67,+1,1.52,"76,400",2026/10/07
262,262,1555,上場インデックスファンド豪州リート,東証ETF,"2,223",+33,1.51,"1,034",2026/10/07
263,263,1801,大成建設(株),東証PRM,"12,110",+180,1.51,"896,600",2026/10/07
264,264,3099,(株)三越伊勢丹ホールディングス,東証PRM,"1,747",+26,1.51,"3,960,600",2026/10/07
265,265,606A,金2倍ブルETF,東証ETF,"19,500",+290,1.51,"2,218",2026/10/07
266,266,1685,WisdomTree エネルギー上場投信,東証ETF,968.5,+14.3,1.5,220,2026/10/07
267,267,3097,(株)物語コーポレーション,東証PRM,"5,400",+80,1.5,"264,200",2026/10/07
268,268,8563,(株)大東銀行,東証STD,"1,350",+20,1.5,"86,400",2026/10/07
269,269,9507,四国電力(株),東証PRM,"2,126",+31.5,1.5,"856,300",2026/10/07
270,270,291A,(株)リスキル,東証GRT,"2,039",+30,1.49,"4,000",2026/10/07
271,271,3864,三菱製紙(株),東証PRM,"1,230",+18,1.49,"95,000",2026/10/07
272,272,3193,(株)エターナルホスピタリティグループ,東証PRM,"1,299",+19,1.48,"81,500",2026/10/07
273,273,9417,(株)スマートバリュー,東証STD,342,+5,1.48,"15,400",2026/10/07
274,274,1518,三井松島ホールディングス(株),東証PRM,"2,275",+33,1.47,"359,600",2026/10/07
275,275,2762,(株)ＳＡＮＫＯ　ＭＡＲＫＥＴＩＮＧ　ＦＯＯＤＳ,東証STD,69,+1,1.47,"92,400",2026/10/07
276,276,3788,ＧＭＯグローバルサイン・ホールディングス(株),東証PRM,"2,142",+31,1.47,"80,900",2026/10/07
277,277,6327,北川精機(株),東証STD,"3,460",+50,1.47,"243,800",2026/10/07
278,278,6961,(株)エンプラス,東証PRM,"11,770",+170,1.47,"111,000",2026/10/07
279,279,9560,(株)プログリット,東証GRT,896,+13,1.47,"29,000",2026/10/07
280,280,151A,(株)ダイブグループ,東証GRT,625,+9,1.46,"16,000",2026/10/07
281,281,265A,Ｈｍｃｏｍｍ(株),東証GRT,764,+11,1.46,"10,500",2026/10/07
282,282,3930,(株)はてな,東証GRT,766,+11,1.46,"32,600",2026/10/07
283,283,4431,(株)スマレジ,東証GRT,"3,835",+55,1.46,"118,600",2026/10/07
284,284,5105,ＴＯＹＯ　ＴＩＲＥ(株),東証PRM,"4,027",+58,1.46,"975,100",2026/10/07
285,285,7744,ノーリツ鋼機(株),東証PRM,"2,020",+29,1.46,"273,600",2026/10/07
286,286,7480,スズデン(株),東証STD,"3,850",+55,1.45,"66,100",2026/10/07
287,287,9861,(株)吉野家ホールディングス,東証PRM,"3,728",+53,1.44,"346,100",2026/10/07
288,288,3490,(株)アズ企画設計,東証STD,"3,195",+45,1.43,"1,500",2026/10/07
289,289,4060,ｒａｋｕｍｏ(株),東証GRT,"1,205",+17,1.43,"5,000",2026/10/07
290,290,4203,住友ベークライト(株),東証PRM,"9,433",+133,1.43,"984,400",2026/10/07
291,291,6493,(株)ＮＩＴＴＡＮ,東証STD,495,+7,1.43,"52,900",2026/10/07
292,292,7520,(株)エコス,東証PRM,"2,487",+35,1.43,"11,600",2026/10/07
293,293,1356,TOPIXベア2倍上場投信,東証ETF,100,+1.4,1.42,"3,010,780",2026/10/07
294,294,4058,トヨクモ(株),東証GRT,"2,210",+31,1.42,"33,100",2026/10/07
295,295,8705,日産証券グループ(株),東証STD,215,+3,1.42,"62,800",2026/10/07
296,296,2373,(株)ケア２１,東証STD,432,+6,1.41,"15,500",2026/10/07
297,297,4689,ＬＩＮＥヤフー(株),東証PRM,498,+6.9,1.41,"16,665,400",2026/10/07
298,298,7075,(株)ＱＬＳホールディングス,東証GRT,"1,007",+14,1.41,"10,300",2026/10/07
299,299,9960,東テク(株),東証PRM,"4,330",+60,1.41,"81,200",2026/10/07
300,300,304A,フォルシア(株),東証GRT,"2,174",+30,1.4,"1,200",2026/10/07
301,301,3547,(株)ユニシアホールディングス,東証STD,"1,952",+27,1.4,"22,900",2026/10/07
302,302,364A,(NEXT FUNDS) S&P500 配当貴族指数連動型上場投信,東証ETF,"2,395",+33,1.4,"2,074",2026/10/07
303,303,1472,(NEXT FUNDS)JPX日経400ダブルインバース,東証ETF,73,+1,1.39,"2,486",2026/10/07
304,304,2815,アリアケジャパン(株),東証PRM,"5,120",+70,1.39,"132,200",2026/10/07
305,305,7919,野崎印刷紙業(株),東証STD,219,+3,1.39,"11,300",2026/10/07
306,306,1319,(NEXT FUNDS)日経300株価指数連動型上場投信,東証ETF,751,+10.2,1.38,"1,000",2026/10/07
307,307,4385,(株)メルカリ,東証PRM,"3,600",+49,1.38,"1,522,800",2026/10/07
308,308,6465,ホシザキ(株),東証PRM,"5,272",+72,1.38,"391,700",2026/10/07
309,309,7678,(株)あさくま,東証STD,"3,670",+50,1.38,"5,800",2026/10/07
310,310,9720,(株)ホテル、ニューグランド,東証STD,"6,590",+90,1.38,300,2026/10/07
311,311,2385,(株)総医研ホールディングス,東証GRT,222,+3,1.37,"77,500",2026/10/07
312,312,2585,(株)ライフドリンクカンパニー,東証PRM,"1,331",+18,1.37,"492,100",2026/10/07
313,313,4911,(株)資生堂,東証PRM,"3,263",+44,1.37,"2,862,600",2026/10/07
314,314,6549,ディーエムソリューションズ(株),東証STD,"1,107",+15,1.37,"6,500",2026/10/07
315,315,7046,ＴＤＳＥ(株),東証GRT,"1,328",+18,1.37,300,2026/10/07
316,316,4613,関西ペイント(株),東証PRM,"2,830",+38,1.36,"1,001,100",2026/10/07
317,317,2207,(株)ｍｅｉｔｏ,東証PRM,"3,370",+45,1.35,"31,100",2026/10/07
318,318,8057,(株)内田洋行,東証PRM,"2,260",+30,1.35,"143,400",2026/10/07
319,319,8233,(株)高島屋,東証PRM,"2,174",+29,1.35,"1,329,100",2026/10/07
320,320,8914,エリアリンク(株),東証STD,833,+11,1.34,"115,900",2026/10/07
321,321,2809,キユーピー(株),東証PRM,"4,357",+57,1.33,"553,800",2026/10/07
322,322,4549,栄研化学(株),東証PRM,"2,367",+31,1.33,"133,200",2026/10/07
323,323,7813,(株)プラッツ,東証STD,915,+12,1.33,"3,700",2026/10/07
324,324,2998,クリアル(株),東証GRT,461,+6,1.32,"143,200",2026/10/07
325,325,3920,アイビーシー(株),東証STD,996,+13,1.32,"6,000",2026/10/07
326,326,4409,東邦化学工業(株),東証STD,846,+11,1.32,"8,800",2026/10/07
327,327,5302,日本カーボン(株),東証PRM,"5,370",+70,1.32,"57,900",2026/10/07
328,328,7692,(株)アースインフィニティ,東証STD,77,+1,1.32,"86,500",2026/10/07
329,329,8772,(株)アサックス,東証STD,924,+12,1.32,"12,200",2026/10/07
330,330,1444,(株)ニッソウ,東証GRT,"2,867",+37,1.31,200,2026/10/07
331,331,489A,東証REIT物流フォーカスETF,東証ETF,849,+11,1.31,7,2026/10/07
332,332,5253,カバー(株),東証GRT,"1,552",+20,1.31,"706,500",2026/10/07
333,333,5527,(株)ｐｒｏｐｅｒｔｙ　ｔｅｃｈｎｏｌｏｇｉｅｓ,東証GRT,775,+10,1.31,"36,000",2026/10/07
334,334,552A,MAXIS 米国AIインフラ株上場投信,東証ETF,"2,558",+33,1.31,"11,037",2026/10/07
335,335,5884,(株)クラダシ,東証GRT,617,+8,1.31,"4,800",2026/10/07
336,336,4071,(株)プラスアルファ・コンサルティング,東証PRM,"2,109",+27,1.3,"131,400",2026/10/07
337,337,8876,(株)リログループ,東証PRM,"2,370",+30.5,1.3,"490,200",2026/10/07
338,338,9435,(株)光通信,東証PRM,"36,490",+470,1.3,"125,900",2026/10/07
339,339,1758,太洋基礎工業(株),東証STD,"2,350",+30,1.29,"1,000",2026/10/07
340,340,7412,(株)アトム,東証STD,315,+4,1.29,"675,100",2026/10/07
341,341,9273,コーア商事ホールディングス(株),東証PRM,786,+10,1.29,"53,800",2026/10/07
342,342,1684,WisdomTree ブロード上場投信,東証ETF,"2,770",+35,1.28,990,2026/10/07
343,343,281A,インフォメティス(株),東証GRT,395,+5,1.28,"39,100",2026/10/07
344,344,290A,(株)Ｓｙｎｓｐｅｃｔｉｖｅ,東証GRT,"1,500",+19,1.28,"1,304,800",2026/10/07
345,345,5945,天龍製鋸(株),東証STD,"2,297",+29,1.28,"1,300",2026/10/07
346,346,3113,(株)ＵＮＩＶＡ・Ｏａｋホールディングス,東証STD,80,+1,1.27,"28,700",2026/10/07
347,347,3854,(株)アイル,東証PRM,"2,072",+26,1.27,"63,000",2026/10/07
348,348,4462,石原ケミカル(株),東証PRM,"3,185",+40,1.27,"38,700",2026/10/07
349,349,6744,能美防災(株),東証PRM,"3,990",+50,1.27,"73,500",2026/10/07
350,350,9279,(株)ギフトホールディングス,東証PRM,"2,153",+27,1.27,"385,100",2026/10/07
351,351,9517,イーレックス(株),東証PRM,798,+10,1.27,"212,700",2026/10/07
352,352,1515,日鉄鉱業(株),東証PRM,"3,205",+40,1.26,"572,600",2026/10/07
353,353,4256,(株)サインド,東証GRT,"1,209",+15,1.26,"7,300",2026/10/07
354,354,1659,iシェアーズ 米国リート ETF,東証ETF,"3,645",+45,1.25,"1,171",2026/10/07
355,355,3461,(株)パルマ,東証STD,567,+7,1.25,"6,200",2026/10/07
356,356,3479,(株)ＴＫＰ,東証GRT,"1,860",+23,1.25,"86,000",2026/10/07
357,357,4393,(株)バンク・オブ・イノベーション,東証GRT,"6,470",+80,1.25,"77,700",2026/10/07
358,358,4928,(株)ノエビアホールディングス,東証PRM,"4,460",+55,1.25,"65,900",2026/10/07
359,359,6379,レイズネクスト(株),東証PRM,974,+12,1.25,"432,400",2026/10/07
360,360,6395,(株)タダノ,東証PRM,"1,374",+17,1.25,"408,800",2026/10/07
361,361,6458,新晃工業(株),東証PRM,"1,215",+15,1.25,"200,200",2026/10/07
362,362,8065,佐藤商事(株),東証PRM,"2,993",+37,1.25,"159,500",2026/10/07
363,363,9166,(株)ＧＥＮＤＡ,東証GRT,647,+8,1.25,"667,300",2026/10/07
364,364,7956,ピジョン(株),東証PRM,"2,084",+25.5,1.24,"610,800",2026/10/07
365,365,2212,山崎製パン(株),東証PRM,"3,608",+44,1.23,"603,700",2026/10/07
366,366,299A,クラシル(株),東証GRT,"1,232",+15,1.23,"43,300",2026/10/07
367,367,368A,(株)北里,東証PRM,"1,394",+17,1.23,"72,800",2026/10/07
368,368,4356,応用技術(株),東証STD,"1,651",+20,1.23,"1,100",2026/10/07
369,369,6508,(株)明電舎,東証PRM,"12,320",+150,1.23,"255,700",2026/10/07
370,370,6836,ぷらっとホーム(株),東証STD,908,+11,1.23,"19,800",2026/10/07
371,371,6870,日本フェンオール(株),東証STD,"2,138",+26,1.23,"2,900",2026/10/07
372,372,9827,リリカラ(株),東証STD,660,+8,1.23,"34,500",2026/10/07
373,373,4372,ユミルリンク(株),東証GRT,"1,331",+16,1.22,500,2026/10/07
374,374,4776,サイボウズ(株),東証PRM,"2,996",+36,1.22,"183,400",2026/10/07
375,375,5136,ｔｒｉｐｌａ(株),東証GRT,"2,577",+31,1.22,"81,600",2026/10/07
376,376,6625,ＪＡＬＣＯホールディングス(株),東証STD,333,+4,1.22,"149,000",2026/10/07
377,377,7780,(株)メニコン,東証PRM,"1,822",+22,1.22,"165,700",2026/10/07
378,378,446A,(株)ノースサンド,東証GRT,"2,592",+31,1.21,"1,131,100",2026/10/07
379,379,5036,日本ビジネスシステムズ(株),東証PRM,"1,591",+19,1.21,"53,700",2026/10/07
380,380,536A,NZAM 上場投信 先進国株式(MSCI-KOKUSAI)(H無),東証ETF,"2,266",+27,1.21,1,2026/10/07
381,381,6652,ＩＤＥＣ(株),東証PRM,"4,175",+50,1.21,"186,200",2026/10/07
382,382,7822,永大産業(株),東証STD,250,+3,1.21,"71,800",2026/10/07
383,383,1430,ファーストコーポレーション(株),東証STD,"1,093",+13,1.2,"33,400",2026/10/07
384,384,2436,共同ピーアール(株),東証STD,590,+7,1.2,"25,700",2026/10/07
385,385,4125,三和油化工業(株),東証STD,"3,795",+45,1.2,"9,000",2026/10/07
386,386,4220,リケンテクノス(株),東証PRM,"2,437",+29,1.2,"164,900",2026/10/07
387,387,6648,(株)かわでん,東証STD,"1,680",+20,1.2,"24,400",2026/10/07
388,388,7085,(株)カーブスホールディングス,東証PRM,926,+11,1.2,"364,800",2026/10/07
389,389,2875,東洋水産(株),東証PRM,"9,990",+117,1.19,"796,700",2026/10/07
390,390,3105,日清紡ホールディングス(株),東証PRM,"2,812",+33,1.19,"722,400",2026/10/07
391,391,3440,日創グループ(株),東証STD,847,+10,1.19,"12,900",2026/10/07
392,392,6023,ダイハツインフィニアース(株),東証STD,"3,400",+40,1.19,"107,600",2026/10/07
393,393,6579,ログリー(株),東証GRT,340,+4,1.19,500,2026/10/07
394,394,3904,(株)カヤック,東証GRT,429,+5,1.18,"26,800",2026/10/07
395,395,7649,スギホールディングス(株),東証PRM,"1,242.5",+14.5,1.18,"1,690,600",2026/10/07
396,396,7833,(株)アイフィスジャパン,東証STD,687,+8,1.18,"11,100",2026/10/07
397,397,9432,ＮＴＴ(株),東証PRM,172.1,+2,1.18,"186,043,000",2026/10/07
398,398,9887,(株)松屋フーズホールディングス,東証PRM,"5,150",+60,1.18,"32,900",2026/10/07
399,399,9900,(株)サガミホールディングス,東証PRM,"1,033",+12,1.18,"143,100",2026/10/07
400,400,2459,アウンコンサルティング(株),東証STD,173,+2,1.17,"25,300",2026/10/07
401,401,4369,(株)トリケミカル研究所,東証PRM,"3,460",+40,1.17,"460,100",2026/10/07
402,402,4620,藤倉化成(株),東証STD,"1,128",+13,1.17,"91,600",2026/10/07
403,403,7044,(株)ピアラ,東証STD,605,+7,1.17,"17,700",2026/10/07
404,404,9003,相鉄ホールディングス(株),東証PRM,"2,503",+29,1.17,"352,900",2026/10/07
405,405,5214,日本電気硝子(株),東証PRM,"5,328",+61,1.16,"532,800",2026/10/07
406,406,6551,(株)ツナググループ・ホールディングス,東証STD,611,+7,1.16,"12,800",2026/10/07
407,407,6675,サクサ(株),東証STD,"2,089",+24,1.16,"51,900",2026/10/07
408,408,1690,WisdomTree WTI原油上場投信,東証ETF,"2,717",+31,1.15,850,2026/10/07
409,409,6664,(株)オプトエレクトロニクス,東証STD,264,+3,1.15,"38,300",2026/10/07
410,410,7299,フジオーゼックス(株),東証STD,"1,759",+20,1.15,"2,000",2026/10/07
411,411,7504,(株)高速,東証PRM,"4,455",+50,1.14,"43,600",2026/10/07
412,412,7850,総合商研(株),東証STD,800,+9,1.14,"2,700",2026/10/07
413,413,8160,(株)木曽路,東証PRM,"2,301",+26,1.14,"115,700",2026/10/07
414,414,9312,ケイヒン(株),東証STD,"3,115",+35,1.14,"8,500",2026/10/07
415,415,3776,(株)ブロードバンドタワー,東証STD,268,+3,1.13,"277,500",2026/10/07
416,416,2341,(株)アルバイトタイムス,東証STD,180,+2,1.12,"37,400",2026/10/07
417,417,2437,Ｓｈｉｎｗａ　Ｗｉｓｅ　Ｈｏｌｄｉｎｇｓ(株),東証STD,632,+7,1.12,"160,400",2026/10/07
418,418,3683,(株)サイバーリンクス,東証STD,"1,080",+12,1.12,"31,700",2026/10/07
419,419,5244,(株)ｊｉｇ．ｊｐ,東証GRT,181,+2,1.12,"113,900",2026/10/07
420,420,6033,(株)エクストリーム,東証GRT,"1,626",+18,1.12,"6,900",2026/10/07
421,421,7488,(株)ヤガミ,名証MN,"5,420",+60,1.12,"3,300",2026/10/07
422,422,7624,(株)ＮａＩＴＯ,東証STD,180,+2,1.12,"126,600",2026/10/07
423,423,2235,上場インデックスファンド米国株式(ダウ平均)H無,東証ETF,"3,556",+39,1.11,"129,824",2026/10/07
424,424,2836,GX フィンテック-日本株式,東証ETF,"3,282",+36,1.11,159,2026/10/07
425,425,3908,(株)コラボス,東証STD,365,+4,1.11,"3,400",2026/10/07
426,426,9212,Ｇｒｅｅｎ　Ｅａｒｔｈ　Ｉｎｓｔｉｔｕｔｅ(株),東証STD,273,+3,1.11,"34,500",2026/10/07
427,427,9344,アクシスコンサルティング(株),東証GRT,"1,462",+16,1.11,"13,300",2026/10/07
428,428,2013,iシェアーズ 米国高配当株 ETF,東証ETF,302.6,+3.3,1.1,"98,480",2026/10/07
429,429,2480,システム・ロケーション(株),東証STD,"1,752",+19,1.1,200,2026/10/07
430,430,5991,ニッパツ,東証PRM,"3,942",+43,1.1,"844,100",2026/10/07
431,431,9768,いであ(株),東証STD,"3,685",+40,1.1,"7,100",2026/10/07
432,432,2018,GX US REIT・トップ20,東証ETF,"1,207",+13,1.09,84,2026/10/07
433,433,367A,プリモグローバルホールディングス(株),東証STD,"2,870",+31,1.09,"27,000",2026/10/07
434,434,8086,ニプロ(株),東証PRM,"1,347",+14.5,1.09,"869,400",2026/10/07
435,435,9171,栗林商船(株),東証STD,"1,488",+16,1.09,"14,100",2026/10/07
436,436,2531,宝ホールディングス(株),東証PRM,"2,536.5",+27,1.08,"1,209,300",2026/10/07
437,437,4495,(株)アイキューブドシステムズ,東証GRT,"2,064",+22,1.08,"7,600",2026/10/07
438,438,4554,富士製薬工業(株),東証PRM,"1,779",+19,1.08,"75,800",2026/10/07
439,439,5018,(株)ＭＯＲＥＳＣＯ,東証STD,"2,435",+26,1.08,"20,500",2026/10/07
440,440,6497,(株)ハマイ,東証STD,"1,496",+16,1.08,"2,500",2026/10/07
441,441,7345,(株)アイ・パートナーズフィナンシャル,東証GRT,939,+10,1.08,"7,100",2026/10/07
442,442,7875,竹田ｉＰホールディングス(株),東証STD,933,+10,1.08,"56,100",2026/10/07
443,443,9824,泉州電業(株),東証PRM,"8,420",+90,1.08,"60,200",2026/10/07
444,444,2009,鳥越製粉(株),東証STD,"1,138",+12,1.07,"16,300",2026/10/07
445,445,3091,(株)ブロンコビリー,東証PRM,"2,832",+30,1.07,"52,600",2026/10/07
446,446,3694,(株)オプティム,東証PRM,473,+5,1.07,"112,400",2026/10/07
447,447,4026,神島化学工業(株),東証STD,"1,610",+17,1.07,"17,300",2026/10/07
448,448,5101,横浜ゴム(株),東証PRM,"7,348",+78,1.07,"853,700",2026/10/07
449,449,5535,ミガロホールディングス(株),東証PRM,283,+3,1.07,"285,600",2026/10/07
450,450,4172,Ｈｉクラテス(株),東証STD,"2,294",+24,1.06,"2,200",2026/10/07
451,451,4477,ＢＡＳＥ(株),東証GRT,382,+4,1.06,"3,085,200",2026/10/07
452,452,6072,(株)ＥＲＴＨ　Ｇｒｏｕｐ,東証STD,"1,140",+12,1.06,"480,400",2026/10/07
453,453,7947,(株)エフピコ,東証PRM,"2,776",+29,1.06,"172,500",2026/10/07
454,454,1459,楽天 ETF-日経ダブルインバース指数連動型,東証ETF,96,+1,1.05,"6,991,633",2026/10/07
455,455,1807,(株)佐藤渡辺,東証STD,"1,920",+20,1.05,900,2026/10/07
456,456,4068,ベイシス(株),東証GRT,"1,829",+19,1.05,"1,100",2026/10/07
457,457,168A,(株)イタミアート,東証GRT,"1,066",+11,1.04,"1,300",2026/10/07
458,458,2127,(株)日本Ｍ＆Ａセンターホールディングス,東証PRM,620.7,+6.4,1.04,"2,483,500",2026/10/07
459,459,2413,エムスリー(株),東証PRM,"1,845.5",+19,1.04,"2,993,000",2026/10/07
460,460,286A,(株)ユカリア,東証GRT,780,+8,1.04,"12,300",2026/10/07
461,461,5218,(株)オハラ,東証STD,"1,747",+18,1.04,"93,100",2026/10/07
462,462,2282,日本ハム(株),東証PRM,"2,008.5",+20.5,1.03,"1,500,900",2026/10/07
463,463,9941,太洋物産(株),東証STD,"1,078",+11,1.03,"4,800",2026/10/07
464,464,2587,サントリービバレッジ＆フード(株),東証PRM,"4,559",+46,1.02,"1,449,100",2026/10/07
465,465,2590,ダイドーグループホールディングス(株),東証PRM,"2,879",+29,1.02,"37,500",2026/10/07
466,466,6250,(株)やまびこ,東証PRM,"4,445",+45,1.02,"102,000",2026/10/07
467,467,6849,日本光電,東証PRM,"1,629.5",+16.5,1.02,"561,700",2026/10/07
468,468,7067,ブランディングテクノロジー(株),東証GRT,"1,090",+11,1.02,500,2026/10/07
469,469,2917,(株)大森屋,東証STD,899,+9,1.01,"2,200",2026/10/07
470,470,7790,(株)バルコス,名証NXT,"1,099",+11,1.01,400,2026/10/07
471,471,7976,三菱鉛筆(株),東証PRM,"3,485",+35,1.01,"104,600",2026/10/07
472,472,8891,ＡＭＧホールディングス(株),東証STD,"2,106",+21,1.01,"5,700",2026/10/07
473,473,7110,(株)クラシコム,東証GRT,"1,818",+18,1.0,"1,200",2026/10/07
474,474,7376,ＢＣＣ(株),東証GRT,710,+7,1.0,"216,800",2026/10/07
475,475,7992,セーラー万年筆(株),東証STD,101,+1,1.0,"14,900",2026/10/07
476,476,8165,(株)千趣会,東証STD,101,+1,1.0,"204,700",2026/10/07
477,477,8769,(株)アドバンテッジリスクマネジメント,東証STD,505,+5,1.0,"8,700",2026/10/07
478,478,9020,東日本旅客鉄道(株),東証PRM,"3,328",+33,1.0,"3,324,000",2026/10/07
479,479,9616,(株)共立メンテナンス,東証PRM,"3,226",+32,1.0,"509,500",2026/10/07
480,480,6159,ミクロン精密(株),東証STD,"1,934",+19,0.99,"2,300",2026/10/07
481,481,6305,日立建機(株),東証PRM,"5,793",+57,0.99,"1,204,400",2026/10/07
482,482,1904,大成温調(株),東証STD,"1,241",+12,0.98,"28,500",2026/10/07
483,483,1911,住友林業(株),東証PRM,"1,183",+11.5,0.98,"5,052,600",2026/10/07
484,484,2673,夢みつけ隊(株),東証STD,103,+1,0.98,"19,900",2026/10/07
485,485,3071,(株)ストリーム,東証STD,103,+1,0.98,"9,500",2026/10/07
486,486,4046,(株)大阪ソーダ,東証PRM,"2,170",+21,0.98,"613,600",2026/10/07
487,487,5706,三井金属(株),東証PRM,"2,777.5",+27,0.98,"21,904,100",2026/10/07
488,488,9519,(株)レノバ,東証PRM,828,+8,0.98,"814,400",2026/10/07
489,489,4526,理研ビタミン(株),東証PRM,"3,115",+30,0.97,"47,900",2026/10/07
490,490,6495,(株)宮入バルブ製作所,東証STD,104,+1,0.97,"85,500",2026/10/07
491,491,9612,(株)ラックランド,東証PRM,"1,251",+12,0.97,"30,300",2026/10/07
492,492,1580,日経平均ベア上場投信,東証ETF,734,+7,0.96,"220,670",2026/10/07
493,493,1878,大東建託(株),東証PRM,"3,143",+30,0.96,"1,839,600",2026/10/07
494,494,2094,東証REITインバースETF,東証ETF,839,+8,0.96,"2,316",2026/10/07
495,495,2175,(株)エス・エム・エス,東証PRM,"2,638",+25,0.96,"251,900",2026/10/07
496,496,2429,(株)ワールドホールディングス,東証PRM,"2,827",+27,0.96,"33,800",2026/10/07
497,497,3110,日東紡,東証PRM,"3,675",+35,0.96,"5,745,100",2026/10/07
498,498,3771,(株)システムリサーチ,東証PRM,"1,887",+18,0.96,"39,400",2026/10/07
499,499,4216,旭有機材(株),東証PRM,"7,380",+70,0.96,"82,700",2026/10/07
500,500,6838,(株)多摩川ホールディングス,東証STD,"1,465",+14,0.96,"104,100",2026/10/07
501,501,9558,ジャパニアス(株),東証GRT,"2,000",+19,0.96,"10,200",2026/10/07
502,502,3092,(株)ＺＯＺＯ,東証PRM,"1,120",+10.5,0.95,"2,534,500",2026/10/07
503,503,341A,(株)トヨコー,東証GRT,"2,026",+19,0.95,"33,300",2026/10/07
504,504,9996,(株)サトー商会,東証STD,"2,019",+19,0.95,400,2026/10/07
505,505,6637,寺崎電気産業(株),東証STD,"4,300",+40,0.94,"33,700",2026/10/07
506,506,7997,(株)くろがね工作所,東証STD,"1,183",+11,0.94,"9,500",2026/10/07
507,507,8041,ＯＵＧホールディングス(株),東証STD,"4,310",+40,0.94,"2,300",2026/10/07
508,508,8179,ロイヤルホールディングス(株),東証PRM,"1,293",+12,0.94,"181,000",2026/10/07
509,509,9256,(株)サクシード,東証GRT,968,+9,0.94,"10,600",2026/10/07
510,510,1721,コムシスホールディングス(株),東証PRM,"5,637",+52,0.93,"547,900",2026/10/07
511,511,9678,(株)カナモト,東証PRM,"5,400",+50,0.93,"57,800",2026/10/07
512,512,1384,(株)ホクリヨウ,東証STD,"2,091",+19,0.92,"18,500",2026/10/07
513,513,1627,(NEXT FUNDS)電力･ガス上場投信,東証ETF,"12,065",+110,0.92,"2,402",2026/10/07
514,514,2237,iFreeETF S&P500レバレッジ,東証ETF,"2,512",+23,0.92,"13,287",2026/10/07
515,515,3375,(株)ＺＯＡ,東証STD,"1,748",+16,0.92,300,2026/10/07
516,516,465A,GX 日経平均株主還元40-日本株式,東証ETF,"1,319",+12,0.92,"2,334",2026/10/07
517,517,4976,東洋ドライルーブ(株),東証STD,"1,528",+14,0.92,"2,600",2026/10/07
518,518,6137,小池酸素工業(株),東証STD,"1,535",+14,0.92,"74,600",2026/10/07
519,519,7035,ａｎｄ　ｆａｃｔｏｒｙ(株),東証STD,220,+2,0.92,"61,000",2026/10/07
520,520,2351,(株)ＡＳＪ,東証STD,332,+3,0.91,"5,200",2026/10/07
521,521,4766,(株)ピーエイ,東証STD,222,+2,0.91,"9,400",2026/10/07
522,522,6384,(株)昭和真空,東証STD,"1,765",+16,0.91,"9,600",2026/10/07
523,523,7036,(株)イーエムネットジャパン,東証GRT,662,+6,0.91,"1,200",2026/10/07
524,524,7625,(株)グローバルダイニング,東証STD,445,+4,0.91,"2,800",2026/10/07
525,525,2269,明治ホールディングス(株),東証PRM,"4,166",+37,0.9,"1,041,000",2026/10/07
526,526,3030,(株)ハブ,東証STD,896,+8,0.9,"7,900",2026/10/07
527,527,5938,(株)ＬＩＸＩＬ,東証PRM,"1,678",+15,0.9,"2,262,100",2026/10/07
528,528,2112,塩水港精糖(株),東証STD,451,+4,0.89,"23,100",2026/10/07
529,529,2438,(株)アスカネット,東証GRT,340,+3,0.89,"29,000",2026/10/07
530,530,394A,業界改革厳選ETFテレビ業界,東証ETF,510,+4.5,0.89,150,2026/10/07
531,531,4421,(株)ディ・アイ・システム,東証STD,908,+8,0.89,"1,500",2026/10/07
532,532,4912,ライオン(株),東証PRM,"1,754.5",+15.5,0.89,"1,133,100",2026/10/07
533,533,6054,(株)リブセンス,東証STD,113,+1,0.89,"11,300",2026/10/07
534,534,6367,ダイキン工業(株),東証PRM,"21,070",+185,0.89,"1,161,300",2026/10/07
535,535,7713,シグマ光機(株),東証STD,"2,724",+24,0.89,"68,700",2026/10/07
536,536,7963,興研(株),東証STD,"1,815",+16,0.89,"8,500",2026/10/07
537,537,7988,(株)ニフコ,東証PRM,"2,450.5",+21.5,0.89,"405,900",2026/10/07
538,538,8254,(株)さいか屋,東証STD,339,+3,0.89,"21,200",2026/10/07
539,539,9380,東海運(株),東証STD,454,+4,0.89,"20,500",2026/10/07
540,540,2239,上場インデックスファンドS&P500先物レバレッジ2倍,東証ETF,"27,440",+240,0.88,"1,018",2026/10/07
541,541,6996,ニチコン(株),東証PRM,"2,742",+24,0.88,"748,700",2026/10/07
542,542,7864,(株)フジシールインターナショナル,東証PRM,"3,420",+30,0.88,"340,000",2026/10/07
543,543,9506,東北電力(株),東証PRM,"1,262",+11,0.88,"2,856,300",2026/10/07
544,544,9830,トラスコ中山(株),東証PRM,"2,395",+21,0.88,"147,900",2026/10/07
545,545,1450,ＴＡＮＡＫＥＮ(株),東証STD,"1,513",+13,0.87,"2,600",2026/10/07
546,546,4031,片倉コープアグリ(株),東証STD,"1,039",+9,0.87,"9,100",2026/10/07
547,547,4444,(株)インフォネットグループ,東証GRT,930,+8,0.87,900,2026/10/07
548,548,546A,ＭＩＲＡＩＮＩホールディングス(株),東証PRM,"2,654",+23,0.87,"145,100",2026/10/07
549,549,6286,靜甲(株),東証STD,"1,499",+13,0.87,600,2026/10/07
550,550,6337,(株)テセック,東証STD,"4,065",+35,0.87,"42,900",2026/10/07
551,551,7554,(株)幸楽苑,東証PRM,"1,160",+10,0.87,"31,300",2026/10/07
552,552,8023,ＤＡＩＫＯ　ＸＴＥＣＨ(株),東証STD,"1,041",+9,0.87,"17,000",2026/10/07
553,553,2001,(株)ニップン,東証PRM,"2,808",+24,0.86,"135,800",2026/10/07
554,554,2120,(株)ＬＩＦＵＬＬ,東証PRM,234,+2,0.86,"612,800",2026/10/07
555,555,3994,(株)マネーフォワード,東証PRM,"6,344",+54,0.86,"573,100",2026/10/07
556,556,4247,ポバール興業(株),東証STD,"1,414",+12,0.86,200,2026/10/07
557,557,6340,澁谷工業(株),東証PRM,"5,860",+50,0.86,"64,200",2026/10/07
558,558,6904,原田工業(株),東証STD,933,+8,0.86,"500,100",2026/10/07
559,559,7296,(株)エフ・シー・シー,東証PRM,"4,120",+35,0.86,"108,300",2026/10/07
560,560,2593,(株)伊藤園,東証PRM,"3,091",+26,0.85,"315,900",2026/10/07
561,561,6823,リオン(株),東証PRM,"3,545",+30,0.85,"36,700",2026/10/07
562,562,9969,(株)ショクブン,東証STD,236,+2,0.85,"5,800",2026/10/07
563,563,146A,コロンビア・ワークス(株),東証STD,"3,615",+30,0.84,"33,600",2026/10/07
564,564,4627,ナトコ(株),東証STD,"2,164",+18,0.84,"7,200",2026/10/07
565,565,5184,(株)ニチリン,東証STD,"4,190",+35,0.84,"11,000",2026/10/07
566,566,7354,(株)ダイレクトマーケティングミックス,東証STD,362,+3,0.84,"254,600",2026/10/07
567,567,9253,スローガン(株),東証GRT,720,+6,0.84,"2,200",2026/10/07
568,568,9509,北海道電力(株),東証PRM,"1,086.5",+9,0.84,"1,367,200",2026/10/07
569,569,9739,ＮＳＷ(株),東証PRM,"2,644",+22,0.84,"30,100",2026/10/07
570,570,1960,(株)サンテック,東証STD,"1,710",+14,0.83,"14,200",2026/10/07
571,571,3941,レンゴー(株),東証PRM,"1,525.5",+12.5,0.83,"893,600",2026/10/07
572,572,4258,(株)網屋,東証GRT,"6,060",+50,0.83,"298,500",2026/10/07
573,573,6284,日精エー・エス・ビー機械(株),東証PRM,"8,480",+70,0.83,"22,500",2026/10/07
574,574,6741,日本信号(株),東証PRM,"1,829",+15,0.83,"129,500",2026/10/07
575,575,7606,(株)ＴＡＢＡＹＡホールディングス,東証PRM,"2,419",+20,0.83,"185,700",2026/10/07
576,576,275A,ハンワホームズ(株),名証NXT,370,+3,0.82,"4,700",2026/10/07
577,577,3979,(株)うるる,東証GRT,492,+4,0.82,"10,000",2026/10/07
578,578,4502,武田薬品工業(株),東証PRM,"5,766",+47,0.82,"3,222,600",2026/10/07
579,579,4680,(株)ラウンドワン,東証PRM,"1,288",+10.5,0.82,"1,870,100",2026/10/07
580,580,5038,(株)ｅＷｅＬＬ,東証GRT,"2,323",+19,0.82,"31,700",2026/10/07
581,581,576A,GX チャイナテック・カバード・コール,東証ETF,861,+7,0.82,"171,888",2026/10/07
582,582,7821,前田工繊(株),東証PRM,"1,967",+16,0.82,"121,600",2026/10/07
583,583,2924,イフジ産業(株),東証STD,"1,875",+15,0.81,800,2026/10/07
584,584,3954,昭和パックス(株),東証STD,"3,115",+25,0.81,"1,100",2026/10/07
585,585,564A,GX S&P先進国キャッシュフロー・トップ100,東証ETF,"1,125",+9,0.81,"14,086",2026/10/07
586,586,581A,ＧＯ(株),東証GRT,"3,730",+30,0.81,"2,580,800",2026/10/07
587,587,5998,(株)アドバネクス,東証STD,"3,005",+24,0.81,"9,600",2026/10/07
588,588,6086,シンメンテホールディングス(株),東証GRT,998,+8,0.81,"25,700",2026/10/07
589,589,6094,(株)フリークアウト・ホールディングス,東証GRT,499,+4,0.81,"34,400",2026/10/07
590,590,9064,ヤマトホールディングス(株),東証PRM,"1,982.5",+16,0.81,"1,064,200",2026/10/07
591,591,9780,(株)ハリマビステム,東証STD,"1,121",+9,0.81,"2,200",2026/10/07
592,592,138A,光フードサービス(株),東証GRT,"3,155",+25,0.8,900,2026/10/07
593,593,2811,カゴメ(株),東証PRM,"2,655",+21,0.8,"267,800",2026/10/07
594,594,6074,(株)ジェイエスエス,東証STD,505,+4,0.8,"2,200",2026/10/07
595,595,6620,宮越ホールディングス(株),東証PRM,628,+5,0.8,"41,000",2026/10/07
596,596,7096,(株)ステムセル研究所,東証GRT,753,+6,0.8,"4,300",2026/10/07
597,597,8130,(株)サンゲツ,東証PRM,"3,145",+25,0.8,"73,300",2026/10/07
598,598,9769,(株)学究社,東証PRM,"2,515",+20,0.8,"10,900",2026/10/07
599,599,1495,上場インデックスファンドアジアリート,東証ETF,"10,805",+85,0.79,49,2026/10/07
600,600,6158,(株)和井田製作所,東証STD,"1,023",+8,0.79,"3,100",2026/10/07
601,601,7191,(株)イントラスト,東証STD,"1,152",+9,0.79,"14,600",2026/10/07
602,602,8153,(株)モスフードサービス,東証PRM,"3,815",+30,0.79,"130,800",2026/10/07
603,603,9402,中部日本放送(株),名証PRM,"1,276",+10,0.79,"6,900",2026/10/07
604,604,2914,ＪＴ,東証PRM,"6,990",+54,0.78,"3,810,300",2026/10/07
605,605,2999,ホームポジション(株),東証STD,520,+4,0.78,"2,800",2026/10/07
606,606,6045,(株)レントラックス,東証GRT,"2,055",+16,0.78,"10,100",2026/10/07
607,607,6071,(株)ＩＢＪ,東証PRM,908,+7,0.78,"178,900",2026/10/07
608,608,644A,防衛フォーカス 日本株(ネットリターン)ETN,東証ETF,"10,320",+80,0.78,"2,654",2026/10/07
609,609,9930,北沢産業(株),東証STD,388,+3,0.78,"7,100",2026/10/07
610,610,1456,iFreeETF 日経平均インバース・インデックス,東証ETF,"1,175",+9,0.77,"32,464",2026/10/07
611,611,2002,(株)日清製粉グループ本社,東証PRM,"1,971",+15,0.77,"710,600",2026/10/07
612,612,2607,不二製油(株),東証PRM,"4,339",+33,0.77,"217,400",2026/10/07
613,613,2654,(株)アスモ,東証STD,392,+3,0.77,"5,300",2026/10/07
614,614,2902,太陽化学(株),名証MN,"2,752",+21,0.77,"2,400",2026/10/07
615,615,3662,(株)エイチームホールディングス,東証PRM,920,+7,0.77,"60,300",2026/10/07
616,616,4341,西菱電機(株),東証STD,912,+7,0.77,900,2026/10/07
617,617,4452,花王(株),東証PRM,"3,511",+27,0.77,"3,186,500",2026/10/07
618,618,7621,(株)うかい,東証STD,"3,255",+25,0.77,"4,900",2026/10/07
619,619,9048,名古屋鉄道(株),東証PRM,"1,843.5",+14,0.77,"509,700",2026/10/07
620,620,1457,iFreeETF TOPIXインバース(-1倍)指数,東証ETF,"1,720",+13,0.76,"1,002",2026/10/07
621,621,1799,第一建設工業(株),東証STD,"3,335",+25,0.76,"10,700",2026/10/07
622,622,2264,森永乳業(株),東証PRM,"1,061",+8,0.76,"2,100,400",2026/10/07
623,623,3276,(株)ＪＰＭＣ,東証PRM,"2,262",+17,0.76,"40,900",2026/10/07
624,624,3778,さくらインターネット(株),東証PRM,"3,965",+30,0.76,"678,000",2026/10/07
625,625,4615,神東塗料(株),東証STD,133,+1,0.76,"15,300",2026/10/07
626,626,4707,(株)キタック,東証STD,398,+3,0.76,"36,400",2026/10/07
627,627,4826,(株)ＣＩＪ,東証PRM,529,+4,0.76,"228,500",2026/10/07
628,628,5871,ＳＯＬＩＺＥ　Ｈｏｌｄｉｎｇｓ(株),東証STD,"1,330",+10,0.76,"5,700",2026/10/07
629,629,6543,(株)日宣,東証STD,"1,193",+9,0.76,"1,700",2026/10/07
630,630,9504,中国電力(株),東証PRM,996,+7.5,0.76,"1,914,300",2026/10/07
631,631,4004,(株)レゾナック・ホールディングス,東証PRM,"18,075",+135,0.75,"3,205,800",2026/10/07
632,632,5310,東洋炭素(株),東証PRM,"8,050",+60,0.75,"99,200",2026/10/07
633,633,5975,東プレ(株),東証PRM,"3,380",+25,0.75,"88,100",2026/10/07
634,634,6249,(株)ゲームカードホールディングス,東証STD,"2,689",+20,0.75,"8,800",2026/10/07
635,635,8830,住友不動産(株),東証PRM,"3,086",+23,0.75,"3,458,000",2026/10/07
636,636,9828,(株)Ｇｅｎｋｉ　Ｇｌｏｂａｌ　Ｄｉｎｉｎｇ　Ｃｏｎｃｅｐｔｓ,東証STD,"3,370",+25,0.75,"47,800",2026/10/07
637,637,9854,愛眼(株),東証STD,268,+2,0.75,"27,200",2026/10/07
638,638,3277,(株)サンセイランディック,東証STD,816,+6,0.74,"5,900",2026/10/07
639,639,3561,(株)力の源ホールディングス,東証PRM,"1,356",+10,0.74,"147,900",2026/10/07
640,640,4016,ＭＩＴホールディングス(株),東証STD,"1,095",+8,0.74,"3,000",2026/10/07
641,641,6771,池上通信機(株),東証STD,678,+5,0.74,"5,500",2026/10/07
642,642,7443,横浜魚類(株),東証STD,680,+5,0.74,"1,400",2026/10/07
643,643,9218,(株)メンタルヘルステクノロジーズ,東証GRT,815,+6,0.74,"14,600",2026/10/07
644,644,472A,(株)ミラティブ,東証GRT,551,+4,0.73,"95,000",2026/10/07
645,645,516A,iFreeETF 米ドル・ブル(1倍),東証ETF,"2,072",+15,0.73,8,2026/10/07
646,646,2095,GX S&P500配当貴族 (H有),東証ETF,"1,119",+8,0.72,72,2026/10/07
647,647,2519,(NEXT FUNDS)新興国債券･J.P.M･EM･プラス(H無),東証ETF,"1,119.5",+8,0.72,"2,380",2026/10/07
648,648,6165,パンチ工業(株),東証STD,562,+4,0.72,"87,600",2026/10/07
649,649,8066,三谷商事(株),東証STD,"3,490",+25,0.72,"19,200",2026/10/07
650,650,1573,中国H株ベア上場投信,東証ETF,"8,555",+60,0.71,160,2026/10/07
651,651,178A,GX 革新的優良企業,東証ETF,"1,707",+12,0.71,"7,514",2026/10/07
652,652,2014,iシェアーズ 米国連続増配株 ETF,東証ETF,311.2,+2.2,0.71,"73,880",2026/10/07
653,653,2032,NEXT NOTES 香港ハンセン･ベアETN,東証ETF,"6,345",+45,0.71,107,2026/10/07
654,654,316A,iFreeETF FANG+,東証ETF,"2,850",+20,0.71,"231,856",2026/10/07
655,655,3563,(株)ＦＯＯＤ　＆　ＬＩＦＥ　ＣＯＭＰＡＮＩＥＳ,東証PRM,"5,507",+39,0.71,"2,175,000",2026/10/07
656,656,3679,(株)じげん,東証PRM,427,+3,0.71,"286,100",2026/10/07
657,657,6225,(株)エコム,名証MN,"2,115",+15,0.71,800,2026/10/07
658,658,8131,(株)ミツウロコグループホールディングス,東証STD,"2,419",+17,0.71,"36,400",2026/10/07
659,659,8278,(株)フジ,東証PRM,"1,980",+14,0.71,"88,200",2026/10/07
660,660,1368,iFreeETF TOPIXダブルインバース(-2倍)指数,東証ETF,144,+1,0.7,"53,892",2026/10/07
661,661,1569,TOPIXベア上場投信,東証ETF,719,+5,0.7,"1,530",2026/10/07
662,662,3221,(株)ヨシックスホールディングス,東証PRM,"2,883",+20,0.7,"54,800",2026/10/07
663,663,521A,iFreeETF FANG+ゴールド,東証ETF,"2,000",+14,0.7,"53,156",2026/10/07
664,664,5334,日本特殊陶業(株),東証PRM,"4,008",+28,0.7,"2,359,500",2026/10/07
665,665,6025,日本ＰＣサービス(株),名証NXT,715,+5,0.7,100,2026/10/07
666,666,6257,(株)藤商事,東証STD,"1,003",+7,0.7,"17,300",2026/10/07
667,667,6466,(株)ＴＶＥ,東証STD,"4,330",+30,0.7,"9,400",2026/10/07
668,668,6835,アライドテレシスホールディングス(株),東証STD,289,+2,0.7,"579,500",2026/10/07
669,669,2087,NZAM 上場投信 NASDAQ100(H有),東証ETF,"3,646",+25,0.69,"1,726",2026/10/07
670,670,4617,中国塗料(株),東証PRM,"3,655",+25,0.69,"134,600",2026/10/07
671,671,4816,東映アニメーション(株),東証STD,"2,923",+20,0.69,"693,400",2026/10/07
672,672,533A,NZAM 上場投信 S&P500(H無),東証ETF,"2,327",+16,0.69,5,2026/10/07
673,673,8043,スターゼン(株),東証PRM,"1,468",+10,0.69,"80,500",2026/10/07
674,674,2004,昭和産業(株),東証PRM,"3,710",+25,0.68,"40,300",2026/10/07
675,675,2558,MAXIS 米国株式(S&P500)上場投信,東証ETF,"3,569",+24,0.68,"161,934",2026/10/07
676,676,2700,木徳神糧(株),東証STD,"1,782",+12,0.68,"8,900",2026/10/07
677,677,2849,GX Morningstar 高配当 ESG-日本株式,東証ETF,"5,498",+37,0.68,"3,713",2026/10/07
678,678,3834,(株)朝日ネット,東証PRM,589,+4,0.68,"56,300",2026/10/07
679,679,6874,協立電機(株),東証STD,"2,357",+16,0.68,"1,300",2026/10/07
680,680,2484,(株)出前館,東証STD,151,+1,0.67,"239,800",2026/10/07
681,681,2568,上場インデックスファンド米国株式(NASDAQ100)H無,東証ETF,"8,477",+56,0.67,"5,229",2026/10/07
682,682,2594,キーコーヒー(株),東証PRM,"1,960",+13,0.67,"68,900",2026/10/07
683,683,3241,(株)ウィル,東証STD,603,+4,0.67,"1,700",2026/10/07
684,684,4251,恵和(株),東証PRM,"1,198",+8,0.67,"57,100",2026/10/07
685,685,4765,ＳＢＩグローバルアセットマネジメント(株),東証PRM,601,+4,0.67,"645,700",2026/10/07
686,686,5571,エキサイトホールディングス(株),東証STD,"1,051",+7,0.67,"3,200",2026/10/07
687,687,6301,コマツ,東証PRM,"7,829",+52,0.67,"2,941,800",2026/10/07
688,688,8136,(株)サンリオ,東証PRM,"1,210.5",+8,0.67,"13,531,400",2026/10/07
689,689,2915,ケンコーマヨネーズ(株),東証PRM,"1,971",+13,0.66,"22,900",2026/10/07
690,690,3064,(株)ＭｏｎｏｔａＲＯ,東証PRM,"2,134",+14,0.66,"2,379,000",2026/10/07
691,691,4396,(株)システムサポートホールディングス,東証PRM,"1,366",+9,0.66,"37,600",2026/10/07
692,692,4992,北興化学工業(株),東証STD,"1,974",+13,0.66,"100,400",2026/10/07
693,693,6254,野村マイクロ・サイエンス(株),東証PRM,"3,800",+25,0.66,"488,700",2026/10/07
694,694,7199,プレミアグループ(株),東証PRM,"2,133",+14,0.66,"137,100",2026/10/07
695,695,1672,WisdomTree 金上場投信,東証ETF,"60,820",+390,0.65,27,2026/10/07
696,696,4412,(株)サイエンスアーツ,東証GRT,"1,547",+10,0.65,"29,000",2026/10/07
697,697,5076,インフロニア・ホールディングス(株),東証PRM,"2,333.5",+15,0.65,"2,836,800",2026/10/07
698,698,563A,GX NASDAQ100・デイリー・カバード・コール,東証ETF,"1,090",+7,0.65,"777,041",2026/10/07
699,699,578A,GX シルバー (H有),東証ETF,232.7,+1.5,0.65,"8,880",2026/10/07
700,700,5891,(株)ＳＡＫＩＧＡＫＥホールディングス,東証STD,"1,710",+11,0.65,"4,600",2026/10/07
701,701,6412,(株)平和ホールディングス,東証PRM,"2,022",+13,0.65,"311,400",2026/10/07
702,702,6492,岡野バルブ製造(株),東証STD,"15,390",+100,0.65,"26,000",2026/10/07
703,703,6630,ヤーマン(株),東証PRM,774,+5,0.65,"61,700",2026/10/07
704,704,7872,エステールホールディングス(株),東証STD,615,+4,0.65,"3,200",2026/10/07
705,705,7972,(株)イトーキ,東証PRM,"2,464",+16,0.65,"147,800",2026/10/07
706,706,8789,フィンテック　グローバル(株),東証STD,156,+1,0.65,"1,122,800",2026/10/07
707,707,8928,穴吹興産(株),東証STD,"2,325",+15,0.65,"5,600",2026/10/07
708,708,9251,(株)ＡＢ＆Ｃｏｍｐａｎｙ,東証GRT,"1,542",+10,0.65,"71,400",2026/10/07
709,709,2258,iシェアーズ 米ドル建てハイイールド社債,東証ETF,221,+1.4,0.64,"784,680",2026/10/07
710,710,2514,(NEXT FUNDS)外国株式･MSCI-KOKUSAI(H有),東証ETF,"2,056",+13,0.64,"2,678",2026/10/07
711,711,2932,(株)ＳＴＩフードホールディングス,東証STD,"1,109",+7,0.64,"11,300",2026/10/07
712,712,3521,テルマー湯ホールディングス(株),東証STD,158,+1,0.64,"8,700",2026/10/07
713,713,4119,(株)日本ピグメントホールディングス,東証STD,"6,270",+40,0.64,200,2026/10/07
714,714,4540,(株)ツムラ,東証PRM,"3,749",+24,0.64,"324,700",2026/10/07
715,715,5290,(株)ベルテクスコーポレーション,東証STD,"1,250",+8,0.64,"107,900",2026/10/07
716,716,535A,NZAM 上場投信 DAX(H無),東証ETF,"2,051",+13,0.64,1,2026/10/07
717,717,612A,One ETF 日本国債先物逆連動指数,東証ETF,"10,215",+65,0.64,70,2026/10/07
718,718,8398,(株)筑邦銀行,福証,"2,510",+16,0.64,200,2026/10/07
719,719,9708,(株)帝国ホテル,東証STD,948,+6,0.64,"54,500",2026/10/07
720,720,9889,ＪＢＣＣホールディングス(株),東証PRM,"1,742",+11,0.64,"167,500",2026/10/07
721,721,1322,上場インデックス中国A株 E FUND CSI300,東証ETF,"11,120",+70,0.63,151,2026/10/07
722,722,3454,ファーストブラザーズ(株),東証STD,"1,277",+8,0.63,"3,000",2026/10/07
723,723,3727,(株)アプリックス,東証GRT,161,+1,0.63,"44,100",2026/10/07
724,724,619A,(株)オリバー,東証STD,319,+2,0.63,"849,800",2026/10/07
725,725,6994,(株)指月電機製作所,東証STD,"1,431",+9,0.63,"191,200",2026/10/07
726,726,7011,三菱重工業(株),東証PRM,"3,811",+24,0.63,"18,287,700",2026/10/07
727,727,7254,(株)ユニバンス,東証STD,800,+5,0.63,"2,200",2026/10/07
728,728,3002,グンゼ(株),東証PRM,"4,065",+25,0.62,"156,900",2026/10/07
729,729,3395,(株)サンマルクホールディングス,東証PRM,"2,445",+15,0.62,"67,900",2026/10/07
730,730,451A,ステート・ストリート・スパイダー S&P500 高配当株ETF,東証ETF,276.8,+1.7,0.62,"27,260",2026/10/07
731,731,4761,(株)さくらケーシーエス,東証STD,"1,466",+9,0.62,"7,600",2026/10/07
732,732,5988,(株)パイオラックス,東証PRM,"1,627",+10,0.62,"86,600",2026/10/07
733,733,6309,巴工業(株),東証PRM,"1,947",+12,0.62,"134,500",2026/10/07
734,734,7510,(株)たけびし,東証PRM,"2,905",+18,0.62,"41,400",2026/10/07
735,735,8871,(株)ゴールドクレスト,東証STD,"2,939",+18,0.62,"55,400",2026/10/07
736,736,1786,オリエンタル白石(株),東証PRM,331,+2,0.61,"610,900",2026/10/07
737,737,1812,鹿島,東証PRM,"4,822",+29,0.61,"1,734,000",2026/10/07
738,738,2157,(株)コシダカホールディングス,東証PRM,985,+6,0.61,"777,800",2026/10/07
739,739,3674,(株)オークファン,東証GRT,330,+2,0.61,"4,100",2026/10/07
740,740,7601,(株)ポプラ,東証STD,166,+1,0.61,"172,800",2026/10/07
741,741,7815,東京ボード工業(株),東証STD,331,+2,0.61,"1,100",2026/10/07
742,742,8927,(株)明豊エンタープライズ,東証STD,496,+3,0.61,"81,500",2026/10/07
743,743,9621,(株)建設技術研究所,東証PRM,"3,325",+20,0.61,"65,900",2026/10/07
744,744,1435,(株)ｒｏｂｏｔ　ｈｏｍｅ,東証STD,169,+1,0.6,"196,500",2026/10/07
745,745,1793,(株)大本組,東証STD,"2,014",+12,0.6,"6,100",2026/10/07
746,746,2613,(株)Ｊ－オイルミルズ,東証PRM,"2,184",+13,0.6,"48,600",2026/10/07
747,747,3726,(株)フォーシーズＨＤ,東証STD,337,+2,0.6,"20,500",2026/10/07
748,748,3845,(株)アイフリークモバイル,東証STD,336,+2,0.6,"57,900",2026/10/07
749,749,416A,富士ユナイトホールディングス(株),東証STD,"1,333",+8,0.6,"2,600",2026/10/07
750,750,4925,(株)ハーバー研究所,東証STD,"1,690",+10,0.6,"1,400",2026/10/07
751,751,5974,中国工業(株),東証STD,841,+5,0.6,500,2026/10/07
752,752,6182,(株)メタリアル,東証GRT,501,+3,0.6,"19,800",2026/10/07
753,753,7374,(株)コンフィデンス・インターワークス,東証GRT,"1,504",+9,0.6,"10,700",2026/10/07
754,754,9647,(株)協和コンサルタンツ,東証STD,"6,750",+40,0.6,200,2026/10/07
755,755,2291,福留ハム(株),東証STD,508,+3,0.59,"2,000",2026/10/07
756,756,2929,(株)ファーマフーズ,東証PRM,687,+4,0.59,"200,100",2026/10/07
757,757,3993,(株)ＰＫＳＨＡ　Ｔｅｃｈｎｏｌｏｇｙ,東証PRM,"3,385",+20,0.59,"153,800",2026/10/07
758,758,4196,(株)ネオマーケティング,東証STD,"1,372",+8,0.59,"21,400",2026/10/07
759,759,4403,日油(株),東証PRM,"2,573.5",+15,0.59,"689,500",2026/10/07
760,760,500A,(株)ＴＯブックス,東証STD,"3,425",+20,0.59,"7,400",2026/10/07
761,761,7284,盟和産業(株),東証STD,"1,185",+7,0.59,600,2026/10/07
762,762,7911,ＴＯＰＰＡＮホールディングス(株),東証PRM,"2,452.5",+14.5,0.59,"2,412,300",2026/10/07
763,763,9237,(株)笑美面,東証GRT,853,+5,0.59,"7,400",2026/10/07
764,764,9416,(株)ビジョン,東証PRM,"1,016",+6,0.59,"285,300",2026/10/07
765,765,1981,(株)協和日成,東証STD,"1,378",+8,0.58,600,2026/10/07
766,766,3656,ＫＬａｂ(株),東証PRM,173,+1,0.58,"1,210,600",2026/10/07
767,767,5201,ＡＧＣ(株),東証PRM,"5,946",+34,0.58,"1,165,600",2026/10/07
768,768,7516,コーナン商事(株),東証PRM,"4,365",+25,0.58,"79,500",2026/10/07
769,769,8039,築地魚市場(株),東証STD,"3,490",+20,0.58,"1,000",2026/10/07
770,770,9127,玉井商船(株),東証STD,"3,470",+20,0.58,"3,200",2026/10/07
771,771,1433,ベステラ(株),東証PRM,"1,225",+7,0.57,"22,600",2026/10/07
772,772,1557,State Street SPDR S&P500 ETF,東証ETF,"123,400",+700,0.57,"3,024",2026/10/07
773,773,5269,日本コンクリート工業(株),東証PRM,355,+2,0.57,"116,400",2026/10/07
774,774,5921,川岸工業(株),東証STD,"4,385",+25,0.57,"1,100",2026/10/07
775,775,6080,Ｍ＆Ａキャピタルパートナーズ(株),東証PRM,"4,410",+25,0.57,"69,500",2026/10/07
776,776,1547,上場インデックスファンド米国株式(S&P500),東証ETF,"13,475",+75,0.56,"12,236",2026/10/07
777,777,2247,iFreeETF S&P500(H無),東証ETF,"2,328",+13,0.56,"20,041",2026/10/07
778,778,3416,ピクスタ(株),東証STD,897,+5,0.56,700,2026/10/07
779,779,352A,(株)ＬＯＩＶＥ,東証GRT,538,+3,0.56,"5,500",2026/10/07
780,780,3628,(株)データホライゾン,東証GRT,724,+4,0.56,"4,800",2026/10/07
781,781,369A,(株)エータイ,東証GRT,"2,695",+15,0.56,"1,400",2026/10/07
782,782,478A,(株)フツパー,東証GRT,720,+4,0.56,"58,400",2026/10/07
783,783,6490,(株)ＰＩＬＬＡＲ,東証PRM,"12,470",+70,0.56,"119,700",2026/10/07
784,784,6962,(株)大真空,東証PRM,900,+5,0.56,"420,600",2026/10/07
785,785,8144,(株)デンキョーグループホールディングス,東証STD,"1,262",+7,0.56,700,2026/10/07
786,786,8219,青山商事(株),東証PRM,721,+4,0.56,"512,200",2026/10/07
787,787,9023,東京地下鉄(株),東証PRM,"1,437.5",+8,0.56,"1,609,300",2026/10/07
788,788,3355,クリヤマホールディングス(株),東証STD,"1,815",+10,0.55,"9,200",2026/10/07
789,789,346A,(NEXT FUNDS) S&P500 半導体・半導体製造装置35%,東証ETF,"5,455",+30,0.55,"3,525",2026/10/07
790,790,3690,(株)イルグルム,東証STD,546,+3,0.55,"2,500",2026/10/07
791,791,3760,(株)ケイブ,東証STD,729,+4,0.55,"8,100",2026/10/07
792,792,4221,大倉工業(株),東証PRM,"5,480",+30,0.55,"359,100",2026/10/07
793,793,449A,ステート・ストリート・スパイダー S&P500 ETF(H無),東証ETF,843.2,+4.6,0.55,"6,480",2026/10/07
794,794,4933,(株)Ｉ－ｎｅ,東証PRM,"2,202",+12,0.55,"50,600",2026/10/07
795,795,5578,ＡＲアドバンストテクノロジ(株),東証GRT,919,+5,0.55,"28,000",2026/10/07
796,796,6155,高松機械工業(株),東証STD,550,+3,0.55,"2,600",2026/10/07
797,797,7851,カワセコンピュータサプライ(株),福証,182,+1,0.55,"2,000",2026/10/07
798,798,3291,飯田グループホールディングス(株),東証PRM,"2,130.5",+11.5,0.54,"395,400",2026/10/07
799,799,3723,日本ファルコム(株),東証GRT,"2,600",+14,0.54,"13,600",2026/10/07
800,800,396A,業界改革厳選ETF REITイベント・ドリブン,東証ETF,450.5,+2.4,0.54,10,2026/10/07
801,801,4044,セントラル硝子(株),東証PRM,"4,675",+25,0.54,"84,500",2026/10/07
802,802,4241,(株)アテクト,東証STD,739,+4,0.54,"8,100",2026/10/07
803,803,4347,ブロードメディア(株),東証STD,"1,860",+10,0.54,"6,700",2026/10/07
804,804,4531,有機合成薬品工業(株),東証STD,369,+2,0.54,"8,700",2026/10/07
805,805,6229,(株)オーケーエム,東証STD,"1,496",+8,0.54,"8,600",2026/10/07
806,806,6365,(株)電業社機械製作所,東証STD,"5,630",+30,0.54,200,2026/10/07
807,807,6845,アズビル(株),東証PRM,"1,492.5",+8,0.54,"1,579,600",2026/10/07
808,808,7792,(株)コラントッテ,東証GRT,"1,489",+8,0.54,"9,800",2026/10/07
809,809,7902,(株)ソノコム,東証STD,"1,116",+6,0.54,"1,200",2026/10/07
810,810,9336,大栄環境(株),東証PRM,"3,705",+20,0.54,"161,500",2026/10/07
811,811,9441,(株)ベルパーク,東証STD,"2,999",+16,0.54,"1,500",2026/10/07
812,812,9539,京葉瓦斯(株),東証STD,"1,309",+7,0.54,200,2026/10/07
813,813,9701,(株)東京會舘,東証STD,"4,665",+25,0.54,"1,100",2026/10/07
814,814,1466,iFreeETF JPX日経400ダブルインバース・インデックス,東証ETF,188,+1,0.53,141,2026/10/07
815,815,1655,iシェアーズ S&P500 米国株 ETF,東証ETF,892.4,+4.7,0.53,"1,135,250",2026/10/07
816,816,2070,スマート ESG30 女性活躍(ネットリターン)ETN,東証ETF,"17,025",+90,0.53,1,2026/10/07
817,817,2493,イーサポートリンク(株),東証STD,945,+5,0.53,"5,700",2026/10/07
818,818,2666,(株)オートウェーブ,東証STD,190,+1,0.53,"12,300",2026/10/07
819,819,2869,iFreeETF NASDAQ100レバレッジ,東証ETF,"3,249",+17,0.53,"181,556",2026/10/07
820,820,3850,(株)イントラマート,東証STD,"3,810",+20,0.53,"17,200",2026/10/07
821,821,4503,アステラス製薬(株),東証PRM,"2,255.5",+12,0.53,"5,853,100",2026/10/07
822,822,537A,NZAM 上場投信 全世界株式(MSCI ACWI)(H無),東証ETF,"1,140",+6,0.53,353,2026/10/07
823,823,6078,(株)バリューＨＲ,東証PRM,"1,510",+8,0.53,"15,200",2026/10/07
824,824,9450,(株)ファイバーゲート,東証STD,755,+4,0.53,"16,700",2026/10/07
825,825,147A,(株)ソラコム,東証GRT,973,+5,0.52,"89,800",2026/10/07
826,826,2244,GX US テック・トップ20,東証ETF,"3,847",+20,0.52,"79,728",2026/10/07
827,827,2296,伊藤ハム米久ホールディングス(株),東証PRM,"4,850",+25,0.52,"77,500",2026/10/07
828,828,323A,(株)フライヤー,東証GRT,383,+2,0.52,"11,700",2026/10/07
829,829,3492,MIRARTH不動産投資法人,東証,"76,800",+400,0.52,"6,402",2026/10/07
830,830,504A,イノバセル(株),東証GRT,579,+3,0.52,"73,700",2026/10/07
831,831,534A,NZAM 上場投信 NASDAQ100(H無),東証ETF,"2,509",+13,0.52,214,2026/10/07
832,832,6963,ローム(株),東証PRM,"5,375",+28,0.52,"3,289,700",2026/10/07
833,833,7278,(株)エクセディ,東証PRM,"5,780",+30,0.52,"160,200",2026/10/07
834,834,9158,(株)シーユーシー,東証GRT,778,+4,0.52,"22,600",2026/10/07
835,835,1481,上場インデックスファンド日本経済貢献株,東証ETF,"3,930",+20,0.51,2,2026/10/07
836,836,1965,(株)テクノ菱和,東証STD,"2,374",+12,0.51,"198,600",2026/10/07
837,837,2334,(株)イオレ,東証GRT,590,+3,0.51,"616,000",2026/10/07
838,838,6150,タケダ機械(株),東証STD,"2,781",+14,0.51,700,2026/10/07
839,839,6960,フクダ電子(株),東証STD,"11,820",+60,0.51,"66,400",2026/10/07
840,840,8097,三愛オブリ(株),東証PRM,"2,378",+12,0.51,"115,600",2026/10/07
841,841,8119,(株)三栄コーポレーション,東証STD,783,+4,0.51,500,2026/10/07
842,842,188A,GX インド・トップ10+,東証ETF,801,+4,0.5,"2,103",2026/10/07
843,843,2183,(株)リニカル,東証STD,203,+1,0.5,"94,000",2026/10/07
844,844,3417,大木ヘルスケアホールディングス(株),東証STD,"1,004",+5,0.5,"6,800",2026/10/07
845,845,3611,(株)マツオカコーポレーション,東証STD,"2,398",+12,0.5,"11,300",2026/10/07
846,846,450A,ステート・ストリート・スパイダー S&P500 ETF(H有),東証ETF,803,+4,0.5,270,2026/10/07
847,847,4642,オリジナル設計(株),東証STD,"1,398",+7,0.5,"1,000",2026/10/07
848,848,4777,(株)ガーラ,東証STD,200,+1,0.5,"20,200",2026/10/07
849,849,5279,日本興業(株),東証STD,"1,199",+6,0.5,"1,600",2026/10/07
850,850,5982,(株)マルゼン,東証STD,"4,000",+20,0.5,"5,200",2026/10/07
851,851,9044,(株)ＮＡＮＫＡＩ,東証PRM,"3,015",+15,0.5,"291,300",2026/10/07
852,852,1980,ダイダン(株),東証PRM,"3,055",+15,0.49,"701,200",2026/10/07
853,853,231A,Ｃｒｏｓｓ　Ｅホールディングス(株),福岡Q,"1,025",+5,0.49,600,2026/10/07
854,854,2435,(株)シダー,東証STD,204,+1,0.49,"1,600",2026/10/07
855,855,2633,(NEXT FUNDS) S&P500(H無)連動型上場投信,東証ETF,570.7,+2.8,0.49,"83,190",2026/10/07
856,856,2788,アップルインターナショナル(株),東証STD,412,+2,0.49,"24,800",2026/10/07
857,857,3680,(株)ホットリンク,東証GRT,204,+1,0.49,"13,400",2026/10/07
858,858,4260,(株)ハイブリッドテクノロジーズ,東証GRT,207,+1,0.49,"8,900",2026/10/07
859,859,4714,(株)リソー教育グループ,東証PRM,206,+1,0.49,"907,800",2026/10/07
860,860,7957,フジコピアン(株),東証STD,"2,061",+10,0.49,"69,300",2026/10/07
861,861,7965,象印マホービン(株),東証PRM,"1,433",+7,0.49,"159,500",2026/10/07
862,862,2565,GX ロジスティクス・J-REIT,東証ETF,834,+4,0.48,"242,160",2026/10/07
863,863,3488,セントラル・リート投資法人,東証,"104,500",+500,0.48,907,2026/10/07
864,864,3773,(株)アドバンスト・メディア,東証GRT,"1,050",+5,0.48,"27,000",2026/10/07
865,865,4704,トレンドマイクロ(株),東証PRM,"6,961",+33,0.48,"1,874,600",2026/10/07
866,866,5192,三ツ星ベルト(株),東証PRM,"4,155",+20,0.48,"59,400",2026/10/07
867,867,519A,(株)ベーシック,東証GRT,416,+2,0.48,"17,300",2026/10/07
868,868,539A,NZAM 上場投信 海外債券(FTSE WGBI除く日本)(H無),東証ETF,"4,786",+23,0.48,822,2026/10/07
869,869,6325,(株)タカキタ,東証STD,420,+2,0.48,"4,300",2026/10/07
870,870,6848,東亜ディーケーケー(株),東証STD,845,+4,0.48,"1,400",2026/10/07
871,871,7921,(株)ＴＡＫＡＲＡ　＆　ＣＯＭＰＡＮＹ,東証PRM,"4,175",+20,0.48,"12,500",2026/10/07
872,872,7984,コクヨ(株),東証PRM,857.4,+4.1,0.48,"666,400",2026/10/07
873,873,9895,(株)コンセック,東証STD,"1,256",+6,0.48,"1,800",2026/10/07
874,874,1844,(株)大盛工業,東証STD,430,+2,0.47,"68,500",2026/10/07
875,875,1866,北野建設(株),東証STD,"1,080",+5,0.47,"13,300",2026/10/07
876,876,2046,NEXT NOTES インドNifty･ダブル・ブル ETN,東証ETF,"21,400",+100,0.47,599,2026/10/07
877,877,2085,MAXIS 高配当日本株アクティブ,東証ETF,769.6,+3.6,0.47,"76,910",2026/10/07
878,878,3075,(株)銚子丸,東証STD,"1,719",+8,0.47,"1,600",2026/10/07
879,879,3181,(株)買取王国,東証STD,"1,070",+5,0.47,"2,100",2026/10/07
880,880,3537,昭栄薬品(株),東証STD,"1,713",+8,0.47,"2,400",2026/10/07
881,881,4559,ゼリア新薬工業(株),東証PRM,"1,923",+9,0.47,"91,500",2026/10/07
882,882,613A,iFreeETF ドイツ0-3カ月短期国債,東証ETF,"1,909",+9,0.47,"3,006",2026/10/07
883,883,6315,ＴＯＷＡ(株),東証PRM,"2,585",+12,0.47,"4,842,000",2026/10/07
884,884,7047,ポート(株),東証GRT,"2,156",+10,0.47,"50,100",2026/10/07
885,885,7980,(株)重松製作所,東証STD,860,+4,0.47,"25,900",2026/10/07
886,886,8077,トルク(株),東証STD,212,+1,0.47,"10,900",2026/10/07
887,887,9534,北海道ガス(株),東証PRM,849,+4,0.47,"154,900",2026/10/07
888,888,9551,メタウォーター(株),東証PRM,"3,190",+15,0.47,"177,700",2026/10/07
889,889,1349,ABF 汎アジア債券インデックス･ファンド,東証ETF,"17,550",+80,0.46,40,2026/10/07
890,890,2393,(株)日本ケアサプライ,東証STD,"4,365",+20,0.46,"3,500",2026/10/07
891,891,2865,GX NASDAQ100・カバード・コール,東証ETF,"1,312",+6,0.46,"361,258",2026/10/07
892,892,6058,(株)ベクトル,東証PRM,"1,982",+9,0.46,"416,100",2026/10/07
893,893,6268,ナブテスコ(株),東証PRM,"5,010",+23,0.46,"682,800",2026/10/07
894,894,6557,ＡＩＡＩグループ(株),東証GRT,651,+3,0.46,"16,100",2026/10/07
895,895,7343,ブロードマインド(株),東証GRT,"1,307",+6,0.46,"2,000",2026/10/07
896,896,7971,東リ(株),東証STD,661,+3,0.46,"37,400",2026/10/07
897,897,9434,ソフトバンク(株),東証PRM,240.7,+1.1,0.46,"79,013,200",2026/10/07
898,898,2303,(株)ドーン,東証STD,"1,340",+6,0.45,"8,000",2026/10/07
899,899,3088,(株)マツキヨココカラ＆カンパニー,東証PRM,"2,439",+11,0.45,"1,658,900",2026/10/07
900,900,3804,(株)システム　ディ,東証STD,451,+2,0.45,"5,200",2026/10/07
901,901,566A,iFreeETF ブルームバーグ日本株(除く金融)高配当50,東証ETF,"2,248",+10,0.45,699,2026/10/07
902,902,6324,(株)ハーモニック・ドライブ・システムズ,東証PRM,"6,630",+30,0.45,"580,400",2026/10/07
903,903,7715,長野計器(株),東証PRM,"4,510",+20,0.45,"75,300",2026/10/07
904,904,7915,ＮＩＳＳＨＡ(株),東証PRM,"1,105",+5,0.45,"710,200",2026/10/07
905,905,8242,エイチ・ツー・オー　リテイリング(株),東証PRM,"2,812.5",+12.5,0.45,"412,500",2026/10/07
906,906,9242,メディア総研(株),東証GRT,"1,998",+9,0.45,"2,400",2026/10/07
907,907,9869,加藤産業(株),東証PRM,"6,680",+30,0.45,"19,900",2026/10/07
908,908,9876,(株)コックス,東証STD,225,+1,0.45,"4,500",2026/10/07
909,909,1483,iシェアーズ JPX/S&P 設備･人材投資ETF,東証ETF,"3,891",+17,0.44,2,2026/10/07
910,910,2252,GX Morningstar 米国中小型 Moat,東証ETF,"1,371",+6,0.44,"25,414",2026/10/07
911,911,254A,ＡＩフュージョンキャピタルグループ(株),東証STD,"1,145",+5,0.44,"8,700",2026/10/07
912,912,2851,iシェアーズ MSCI ジャパンSRI,東証ETF,409.9,+1.8,0.44,20,2026/10/07
913,913,3067,(株)東京一番フーズ,東証STD,454,+2,0.44,"3,700",2026/10/07
914,914,3439,(株)三ツ知,東証STD,687,+3,0.44,100,2026/10/07
915,915,379A,GX S&P500 (ダイナミック・プロテクション),東証ETF,"1,376",+6,0.44,22,2026/10/07
916,916,497A,インバウンド消費関連 日本株(ネットリターン)ETN,東証ETF,"10,210",+45,0.44,10,2026/10/07
917,917,6134,(株)ＦＵＪＩ,東証PRM,"8,525",+37,0.44,"790,600",2026/10/07
918,918,6368,オルガノ(株),東証PRM,"2,766.5",+12,0.44,"1,624,200",2026/10/07
919,919,7453,(株)良品計画,東証PRM,"4,379",+19,0.44,"3,296,000",2026/10/07
920,920,7494,(株)コナカ,東証STD,230,+1,0.44,"16,200",2026/10/07
921,921,8200,(株)リンガーハット,東証PRM,"2,292",+10,0.44,"40,300",2026/10/07
922,922,9039,(株)サカイ引越センター,東証PRM,"2,975",+13,0.44,"58,500",2026/10/07
923,923,9162,(株)ブリーチ,東証GRT,226,+1,0.44,"7,100",2026/10/07
924,924,143A,イシン(株),東証GRT,701,+3,0.43,500,2026/10/07
925,925,2163,(株)アルトナー,東証PRM,938,+4,0.43,"12,500",2026/10/07
926,926,2229,カルビー(株),東証PRM,"3,037",+13,0.43,"198,100",2026/10/07
927,927,2236,GX S&P500配当貴族,東証ETF,"1,416",+6,0.43,"9,516",2026/10/07
928,928,2630,MAXIS 米国株式(S&P500)上場投信(H有),東証ETF,"16,340",+70,0.43,"3,650",2026/10/07
929,929,3577,東海染工(株),東証STD,924,+4,0.43,700,2026/10/07
930,930,4324,(株)電通グループ,東証PRM,"3,526",+15,0.43,"785,800",2026/10/07
931,931,5393,ニチアス(株),東証PRM,"3,718",+16,0.43,"546,600",2026/10/07
932,932,6356,日本ギア工業(株),東証STD,"1,396",+6,0.43,"330,600",2026/10/07
933,933,9029,(株)ヒガシホールディングス,東証STD,"1,871",+8,0.43,"7,600",2026/10/07
934,934,9245,(株)リベロ,東証GRT,"2,089",+9,0.43,"2,700",2026/10/07
935,935,1381,(株)アクシーズ,東証STD,"3,570",+15,0.42,"3,300",2026/10/07
936,936,2569,上場インデックスファンド米国株式(NASDAQ100)H有,東証ETF,"4,541",+19,0.42,"3,289",2026/10/07
937,937,4299,(株)ハイマックス,東証STD,"1,195",+5,0.42,"5,200",2026/10/07
938,938,4527,ロート製薬(株),東証PRM,"2,729.5",+11.5,0.42,"961,900",2026/10/07
939,939,463A,(株)インテリックスホールディングス,東証STD,966,+4,0.42,"18,000",2026/10/07
940,940,5019,出光興産(株),東証PRM,"1,538",+6.5,0.42,"5,130,800",2026/10/07
941,941,5363,(株)ＴＹＫ,東証STD,723,+3,0.42,"11,000",2026/10/07
942,942,7226,極東開発工業(株),東証PRM,"2,158",+9,0.42,"178,200",2026/10/07
943,943,7442,中山福(株),東証STD,475,+2,0.42,"3,600",2026/10/07
944,944,7874,レック(株),東証PRM,959,+4,0.42,"55,000",2026/10/07
945,945,7908,ＫＩＭＯＴＯ,東証STD,241,+1,0.42,"63,800",2026/10/07
946,946,9022,東海旅客鉄道(株),東証PRM,"3,600",+15,0.42,"2,766,800",2026/10/07
947,947,166A,(株)タスキホールディングス,東証PRM,980,+4,0.41,"407,000",2026/10/07
948,948,2259,iシェアーズ フランス国債7-10年(H有),東証ETF,171.7,+0.7,0.41,"8,360",2026/10/07
949,949,2563,iシェアーズ S&P500 米国株 ETF(H有),東証ETF,411.9,+1.7,0.41,"104,350",2026/10/07
950,950,2634,(NEXT FUNDS) S&P500(H有)連動型上場投信,東証ETF,"3,214",+13,0.41,"68,897",2026/10/07
951,951,3104,フジボウホールディングス(株),東証PRM,"3,715",+15,0.41,"215,400",2026/10/07
952,952,6189,(株)グローバルキッズＣＯＭＰＡＮＹ,東証STD,984,+4,0.41,"2,300",2026/10/07
953,953,6347,(株)プラコー,東証STD,246,+1,0.41,"7,100",2026/10/07
954,954,6484,(株)ＫＶＫ,東証STD,"2,210",+9,0.41,800,2026/10/07
955,955,7721,東京計器(株),東証PRM,"7,360",+30,0.41,"297,500",2026/10/07
956,956,1382,(株)ホーブ,東証STD,753,+3,0.4,"6,800",2026/10/07
957,957,1545,(NEXT FUNDS)NASDAQ-100(H無)連動型上場投信,東証ETF,249.6,+1,0.4,"3,921,750",2026/10/07
958,958,1676,WisdomTree 貴金属バスケット上場投信,東証ETF,"40,320",+160,0.4,24,2026/10/07
959,959,2248,iFreeETF S&P500(H有),東証ETF,"2,795",+11,0.4,"24,193",2026/10/07
960,960,2632,MAXIS ナスダック100上場投信(H有),東証ETF,"18,950",+75,0.4,"1,618",2026/10/07
961,961,2837,GX 中小型リーダーズ-日本株式,東証ETF,"5,000",+20,0.4,"4,344",2026/10/07
962,962,471A,ＮＳグループ(株),東証PRM,"1,512",+6,0.4,"163,900",2026/10/07
963,963,5957,日東精工(株),東証PRM,759,+3,0.4,"70,800",2026/10/07
964,964,6328,荏原実業(株),東証PRM,"2,505",+10,0.4,"45,300",2026/10/07
965,965,7131,のむら産業(株),東証STD,"3,730",+15,0.4,"6,000",2026/10/07
966,966,9254,(株)ラバブルマーケティンググループ,東証GRT,"1,000",+4,0.4,"3,100",2026/10/07
967,967,9913,日邦産業(株),東証STD,"3,730",+15,0.4,"2,900",2026/10/07
968,968,1975,(株)朝日工業社,東証PRM,"3,890",+15,0.39,"52,300",2026/10/07
969,969,2340,(株)極楽湯ホールディングス,東証STD,511,+2,0.39,"27,500",2026/10/07
970,970,2479,(株)ジェイテック,東証STD,256,+1,0.39,"30,900",2026/10/07
971,971,3140,ＢＲＵＮＯ(株),東証GRT,"1,025",+4,0.39,"5,800",2026/10/07
972,972,4238,ミライアル(株),東証STD,"2,066",+8,0.39,"68,900",2026/10/07
973,973,4574,大幸薬品(株),東証PRM,258,+1,0.39,"49,700",2026/10/07
974,974,7552,(株)ハピネット,東証PRM,"5,100",+20,0.39,"203,300",2026/10/07
975,975,7804,(株)ビーアンドピー,東証STD,"2,562",+10,0.39,"5,700",2026/10/07
976,976,9037,(株)ハマキョウレックス,東証PRM,"1,793",+7,0.39,"123,900",2026/10/07
977,977,9347,日本管財ホールディングス(株),東証PRM,"2,851",+11,0.39,"57,400",2026/10/07
978,978,9363,(株)大運,東証STD,517,+2,0.39,"3,600",2026/10/07
979,979,9698,(株)クレオ,東証STD,"1,279",+5,0.39,"2,800",2026/10/07
980,980,9820,エムティジェネックス(株),東証STD,"3,820",+15,0.39,100,2026/10/07
981,981,9835,(株)ジュンテンドー,東証STD,513,+2,0.39,"3,300",2026/10/07
982,982,1762,(株)高松コンストラクショングループ,東証PRM,"3,955",+15,0.38,"29,100",2026/10/07
983,983,1840,(株)土屋ホールディングス,東証STD,261,+1,0.38,"11,800",2026/10/07
984,984,192A,インテグループ(株),東証GRT,"1,322",+5,0.38,"2,000",2026/10/07
985,985,3288,(株)オープンハウスグループ,東証PRM,"7,421",+28,0.38,"267,000",2026/10/07
986,986,4202,(株)ダイセル,東証PRM,"1,460.5",+5.5,0.38,"1,519,600",2026/10/07
987,987,6554,(株)エスユーエス,東証GRT,"1,067",+4,0.38,"19,400",2026/10/07
988,988,7037,(株)テノ．ホールディングス,東証STD,799,+3,0.38,"3,300",2026/10/07
989,989,7140,ペットゴー(株),東証GRT,800,+3,0.38,200,2026/10/07
990,990,7276,(株)小糸製作所,東証PRM,"2,752",+10.5,0.38,"831,600",2026/10/07
991,991,9908,Ｄｅｎｋｅｉ,東証STD,"2,889",+11,0.38,"4,900",2026/10/07
992,992,1585,iFreeETF TOPIX Ex-Financials,東証ETF,"2,747",+10,0.37,60,2026/10/07
993,993,2038,NEXT NOTES ドバイ原油先物 ダブル・ブル ETN,東証ETF,"3,227",+12,0.37,"65,856",2026/10/07
994,994,452A,iシェアーズ S&P500プレミアムインカム,東証ETF,822,+3,0.37,"111,350",2026/10/07
995,995,459A,野村 高利回りJリート指数ETF,東証ETF,"9,489",+35,0.37,174,2026/10/07
996,996,4650,ＳＤエンターテイメント(株),東証STD,272,+1,0.37,"2,000",2026/10/07
997,997,4687,ＴＤＣソフト(株),東証PRM,"1,081",+4,0.37,"53,700",2026/10/07
998,998,5805,ＳＷＣＣ(株),東証PRM,"2,946",+11,0.37,"1,445,700",2026/10/07
999,999,6532,(株)ベイカレント,東証PRM,"8,210",+30,0.37,"1,047,100",2026/10/07
1000,1000,8060,キヤノンマーケティングジャパン(株),東証PRM,"3,753",+14,0.37,"291,700",2026/10/07
1001,1001,9351,東洋埠頭(株),東証STD,"1,915",+7,0.37,"1,600",2026/10/07
1002,1002,1571,(NEXT FUNDS)日経平均インバース上場投信,東証ETF,276,+1,0.36,"873,723",2026/10/07
1003,1003,2561,iシェアーズ・コア 日本国債 ETF,東証ETF,"1,959",+7,0.36,"2,801",2026/10/07
1004,1004,2927,(株)ＡＦＣ－ＨＤアムスライフサイエンス,東証STD,844,+3,0.36,"16,300",2026/10/07
1005,1005,4979,ＯＡＴアグリオ(株),東証STD,"2,808",+10,0.36,"15,500",2026/10/07
1006,1006,608A,上場インデックスファンド東証REIT高利回り30,東証ETF,"1,398",+5,0.36,"7,598",2026/10/07
1007,1007,610A,GX 宇宙テック・トップ10(除く日本),東証ETF,"1,125",+4,0.36,"96,074",2026/10/07
1008,1008,6694,(株)ズーム,東証STD,825,+3,0.36,"1,700",2026/10/07
1009,1009,9060,日本ロジテム(株),東証STD,"4,180",+15,0.36,300,2026/10/07
1010,1010,9360,鈴与シンワート(株),東証STD,"2,800",+10,0.36,100,2026/10/07
1011,1011,9890,(株)マキヤ,東証STD,"1,410",+5,0.36,"7,600",2026/10/07
1012,1012,1566,上場インデックスファンド新興国債券,東証ETF,"52,340",+180,0.35,258,2026/10/07
1013,1013,156A,マテリアルグループ(株),東証GRT,862,+3,0.35,"18,800",2026/10/07
1014,1014,2861,上場インデックスファンドフランス国債(H無),東証ETF,"5,173",+18,0.35,"1,382",2026/10/07
1015,1015,2897,日清食品ホールディングス(株),東証PRM,"2,855",+10,0.35,"861,500",2026/10/07
1016,1016,3950,ザ・パック(株),東証PRM,"1,429",+5,0.35,"58,400",2026/10/07
1017,1017,3955,(株)イムラ,東証STD,868,+3,0.35,"3,200",2026/10/07
1018,1018,417A,(株)ブルーゾーンホールディングス,東証PRM,"1,841",+6.5,0.35,"195,600",2026/10/07
1019,1019,428A,サイプレス・ホールディングス(株),東証STD,"1,710",+6,0.35,"51,900",2026/10/07
1020,1020,6224,(株)ＪＲＣ,東証GRT,"1,141",+4,0.35,"15,200",2026/10/07
1021,1021,6942,(株)ソフィアホールディングス,東証STD,"1,415",+5,0.35,"1,900",2026/10/07
1022,1022,7388,(株)ＦＰパートナー,東証PRM,"2,272",+8,0.35,"17,100",2026/10/07
1023,1023,8771,イー・ギャランティ(株),東証PRM,"1,742",+6,0.35,"154,100",2026/10/07
1024,1024,9076,セイノーホールディングス(株),東証PRM,"2,604.5",+9,0.35,"361,100",2026/10/07
1025,1025,2371,(株)カカクコム,東証PRM,"3,804",+13,0.34,"282,500",2026/10/07
1026,1026,2631,MAXIS ナスダック100上場投信,東証ETF,"35,370",+120,0.34,"23,493",2026/10/07
1027,1027,2884,(株)ヨシムラ・フード・ホールディングス,東証PRM,588,+2,0.34,"208,000",2026/10/07
1028,1028,3248,(株)アールエイジ,東証STD,892,+3,0.34,"1,300",2026/10/07
1029,1029,3553,共和レザー(株),東証STD,880,+3,0.34,"20,100",2026/10/07
1030,1030,4484,ランサーズ(株),東証GRT,291,+1,0.34,"8,500",2026/10/07
1031,1031,5125,(株)ファインズ,東証GRT,582,+2,0.34,"6,400",2026/10/07
1032,1032,6473,(株)ジェイテクト,東証PRM,"2,206",+7.5,0.34,"878,700",2026/10/07
1033,1033,7111,ＩＮＥＳＴ(株),東証STD,590,+2,0.34,"6,700",2026/10/07
1034,1034,7259,(株)アイシン,東証PRM,"2,218.5",+7.5,0.34,"1,973,000",2026/10/07
1035,1035,7575,日本ライフライン(株),東証PRM,"1,480",+5,0.34,"113,400",2026/10/07
1036,1036,7887,南海プライウッド(株),東証STD,"1,465",+5,0.34,"13,400",2026/10/07
1037,1037,7983,(株)ミロク,東証STD,"1,194",+4,0.34,"1,800",2026/10/07
1038,1038,9345,ビズメイツ(株),東証GRT,582,+2,0.34,500,2026/10/07
1039,1039,1418,インターライフホールディングス(株),東証STD,601,+2,0.33,"50,700",2026/10/07
1040,1040,2685,(株)アンドエスティＨＤ,東証PRM,"3,020",+10,0.33,"268,700",2026/10/07
1041,1041,3300,(株)アンビション　ＤＸ　ホールディングス,東証GRT,"1,834",+6,0.33,"18,500",2026/10/07
1042,1042,339A,プログレス・テクノロジーズ　グループ(株),東証GRT,923,+3,0.33,"9,200",2026/10/07
1043,1043,4317,(株)レイ,東証STD,603,+2,0.33,"27,100",2026/10/07
1044,1044,587A,インベスコ QQQ トラスト シリーズ1,東証ETF,"120,200",+400,0.33,211,2026/10/07
1045,1045,5892,(株)ｙｕｔｏｒｉ,東証GRT,"3,000",+10,0.33,"117,600",2026/10/07
1046,1046,6363,(株)酉島製作所,東証PRM,"3,040",+10,0.33,"121,800",2026/10/07
1047,1047,6890,(株)フェローテック,東証STD,"12,170",+40,0.33,"1,245,300",2026/10/07
1048,1048,7939,(株)研創,東証STD,603,+2,0.33,"1,500",2026/10/07
1049,1049,8052,椿本興業(株),東証PRM,"3,030",+10,0.33,"29,200",2026/10/07
1050,1050,8230,(株)はせがわ,東証STD,301,+1,0.33,"3,100",2026/10/07
1051,1051,9059,カンダホールディングス(株),東証STD,915,+3,0.33,700,2026/10/07
1052,1052,9368,キムラユニティー(株),東証STD,924,+3,0.33,"6,700",2026/10/07
1053,1053,9790,福井コンピュータホールディングス(株),東証PRM,"3,050",+10,0.33,"36,700",2026/10/07
1054,1054,9903,(株)カンセキ,東証STD,902,+3,0.33,"1,000",2026/10/07
1055,1055,1398,SMDAM 東証REIT指数上場投信,東証ETF,"1,701.5",+5.5,0.32,"306,760",2026/10/07
1056,1056,1679,Simple-X NYダウ･ジョーンズ上場投信,東証ETF,"65,210",+210,0.32,10,2026/10/07
1057,1057,1873,(株)日本ハウスホールディングス,東証PRM,311,+1,0.32,"93,500",2026/10/07
1058,1058,223A,GX AI&ビッグデータ,東証ETF,"1,896",+6,0.32,"7,582",2026/10/07
1059,1059,2499,日本和装ホールディングス(株),東証STD,311,+1,0.32,"9,400",2026/10/07
1060,1060,2749,(株)ＪＰホールディングス,東証PRM,636,+2,0.32,"148,200",2026/10/07
1061,1061,2769,(株)ヴィレッジヴァンガードコーポレーション,東証STD,934,+3,0.32,"3,000",2026/10/07
1062,1062,2874,ヨコレイ,東証PRM,"1,855",+6,0.32,"130,300",2026/10/07
1063,1063,373A,(株)リップス,東証GRT,"1,556",+5,0.32,"2,800",2026/10/07
1064,1064,4481,ベース(株),東証PRM,"3,160",+10,0.32,"39,700",2026/10/07
1065,1065,4751,(株)サイバーエージェント,東証PRM,"1,239.5",+4,0.32,"5,067,000",2026/10/07
1066,1066,538A,NZAM 上場投信 米国国債7-10年(H無),東証ETF,"4,688",+15,0.32,42,2026/10/07
1067,1067,5889,Ｊａｐａｎ　Ｅｙｅｗｅａｒ　Ｈｏｌｄｉｎｇｓ(株),東証PRM,"2,163",+7,0.32,"79,100",2026/10/07
1068,1068,6633,(株)ＣＧＳホールディングス,東証STD,309,+1,0.32,"9,400",2026/10/07
1069,1069,6920,レーザーテック(株),東証PRM,"46,700",+150,0.32,"4,076,700",2026/10/07
1070,1070,8113,ユニ・チャーム(株),東証PRM,938,+3,0.32,"5,808,600",2026/10/07
1071,1071,9159,(株)Ｗ　ＴＯＫＹＯ,東証GRT,"1,866",+6,0.32,"6,700",2026/10/07
1072,1072,9672,東京都競馬(株),東証PRM,"4,710",+15,0.32,"56,000",2026/10/07
1073,1073,1972,三晃金属工業(株),東証STD,"1,275",+4,0.31,"12,200",2026/10/07
1074,1074,1982,日比谷総合設備(株),東証PRM,"3,210",+10,0.31,"41,100",2026/10/07
1075,1075,2454,(株)オールアバウト,東証STD,328,+1,0.31,"6,400",2026/10/07
1076,1076,7148,(株)ＦＰＧ,東証PRM,"1,600",+5,0.31,"475,800",2026/10/07
1077,1077,9369,(株)キユーソー流通システム,東証STD,"2,897",+9,0.31,"16,100",2026/10/07
1078,1078,1550,MAXIS 海外株式(MSCIコクサイ)上場投信,東証ETF,"8,142",+24,0.3,"3,514",2026/10/07
1079,1079,1656,iシェアーズ･コア 米国債7-10年 ETF,東証ETF,297.2,+0.9,0.3,"95,360",2026/10/07
1080,1080,2037,NEXT NOTES 金先物 ベア ETN,東証ETF,"1,326",+4,0.3,211,2026/10/07
1081,1081,2050,NEXT NOTES ニッチトップ中小型日本株(NR)ETN,東証ETF,"33,040",+100,0.3,2,2026/10/07
1082,1082,2931,(株)ユーグレナ,東証PRM,337,+1,0.3,"568,600",2026/10/07
1083,1083,3491,(株)ＧＡ　ｔｅｃｈｎｏｌｏｇｉｅｓ,東証GRT,"1,316",+4,0.3,"137,400",2026/10/07
1084,1084,4018,(株)Ｇｅｏｌｏｃａｔｉｏｎ　Ｔｅｃｈｎｏｌｏｇｙ,福岡Q,"1,005",+3,0.3,200,2026/10/07
1085,1085,4361,川口化学工業(株),東証STD,"1,680",+5,0.3,"9,000",2026/10/07
1086,1086,4958,長谷川香料(株),東証PRM,"3,325",+10,0.3,"62,800",2026/10/07
1087,1087,6199,(株)セラク,東証STD,"1,330",+4,0.3,"9,500",2026/10/07
1088,1088,7042,(株)アクセスグループ・ホールディングス,東証STD,675,+2,0.3,"2,000",2026/10/07
1089,1089,7809,(株)壽屋,東証STD,"1,333",+4,0.3,"3,000",2026/10/07
1090,1090,7927,ムトー精工(株),東証STD,"2,350",+7,0.3,"8,200",2026/10/07
1091,1091,8070,東京産業(株),東証PRM,"1,016",+3,0.3,"160,000",2026/10/07
1092,1092,8181,(株)東天紅,東証STD,"1,001",+3,0.3,"1,500",2026/10/07
1093,1093,8185,(株)チヨダ,東証PRM,992,+3,0.3,"109,300",2026/10/07
1094,1094,9215,(株)ＣａＳｙ,東証GRT,"1,004",+3,0.3,"3,300",2026/10/07
1095,1095,9885,(株)シャルレ,東証STD,334,+1,0.3,"1,000",2026/10/07
1096,1096,1617,(NEXT FUNDS)食品上場投信,東証ETF,"47,920",+140,0.29,261,2026/10/07
1097,1097,2124,ＪＡＣ　Ｒｅｃｒｕｉｔｍｅｎｔ,東証PRM,"1,045",+3,0.29,"423,000",2026/10/07
1098,1098,2169,ＣＤＳ(株),東証STD,"1,742",+5,0.29,"1,900",2026/10/07
1099,1099,2327,日鉄ソリューションズ(株),東証PRM,"3,784",+11,0.29,"176,400",2026/10/07
1100,1100,3646,(株)駅探,東証STD,344,+1,0.29,"2,800",2026/10/07
1101,1101,3659,(株)ネクソン,東証PRM,"2,616.5",+7.5,0.29,"2,380,400",2026/10/07
1102,1102,4189,ＫＨネオケム(株),東証PRM,"3,460",+10,0.29,"119,400",2026/10/07
1103,1103,4208,ＵＢＥ(株),東証PRM,"3,409",+10,0.29,"462,400",2026/10/07
1104,1104,4262,ニフティライフスタイル(株),東証GRT,"1,384",+4,0.29,"2,500",2026/10/07
1105,1105,4430,東海ソフト(株),東証STD,"1,737",+5,0.29,"6,300",2026/10/07
1106,1106,4783,ＮＣＤ(株),東証STD,"2,415",+7,0.29,"13,400",2026/10/07
1107,1107,5028,セカンドサイトアナリティカ(株),東証GRT,350,+1,0.29,"12,900",2026/10/07
1108,1108,5108,(株)ブリヂストン,東証PRM,"3,831",+11,0.29,"3,367,400",2026/10/07
1109,1109,5189,櫻護謨(株),東証STD,"3,420",+10,0.29,300,2026/10/07
1110,1110,5232,住友大阪セメント(株),東証PRM,"1,913.5",+5.5,0.29,"569,800",2026/10/07
1111,1111,5233,太平洋セメント(株),東証PRM,"4,205",+12,0.29,"400,100",2026/10/07
1112,1112,6436,アマノ(株),東証PRM,"3,766",+11,0.29,"404,300",2026/10/07
1113,1113,7127,(株)一家ホールディングス,東証STD,689,+2,0.29,"5,300",2026/10/07
1114,1114,7683,(株)ダブルエー,東証PRM,"1,407",+4,0.29,"8,600",2026/10/07
1115,1115,8979,スターツプロシード投資法人,東証,"175,200",+500,0.29,469,2026/10/07
1116,1116,9042,阪急阪神ホールディングス(株),東証PRM,"4,495",+13,0.29,"1,333,500",2026/10/07
1117,1117,1905,(株)テノックス,東証STD,"1,440",+4,0.28,"14,800",2026/10/07
1118,1118,2846,(NEXT FUNDS) ダウ・ジョーンズ工業株30種(H有),東証ETF,"2,478",+7,0.28,"2,329",2026/10/07
1119,1119,3292,イオンリート投資法人,東証,"106,900",+300,0.28,"7,756",2026/10/07
1120,1120,3466,ラサールロジポート投資法人,東証,"143,900",+400,0.28,"5,593",2026/10/07
1121,1121,381A,iFreeETF 米国国債3-5年(H無),東証ETF,"2,123",+6,0.28,678,2026/10/07
1122,1122,4245,(株)ダイキアクシス,東証STD,725,+2,0.28,"10,100",2026/10/07
1123,1123,4668,(株)明光ネットワークジャパン,東証PRM,729,+2,0.28,"46,500",2026/10/07
1124,1124,4709,(株)ＩＤホールディングス,東証PRM,"1,064",+3,0.28,"56,000",2026/10/07
1125,1125,509A,グリーンライト・再エネインフラ投資法人,東証,"71,300",+200,0.28,109,2026/10/07
1126,1126,5446,北越メタル(株),東証STD,"1,069",+3,0.28,"3,800",2026/10/07
1127,1127,7270,(株)ＳＵＢＡＲＵ,東証PRM,"2,539.5",+7,0.28,"2,648,000",2026/10/07
1128,1128,7282,豊田合成(株),東証PRM,"1,074",+3,0.28,"2,658,200",2026/10/07
1129,1129,7441,(株)Ｍｉｓｕｍｉ,福証,"1,765",+5,0.28,400,2026/10/07
1130,1130,7827,(株)オービス,東証STD,"1,792",+5,0.28,"4,000",2026/10/07
1131,1131,9024,(株)西武ホールディングス,東証PRM,"3,574",+10,0.28,"783,500",2026/10/07
1132,1132,9143,ＳＧホールディングス(株),東証PRM,"1,435.5",+4,0.28,"1,243,800",2026/10/07
1133,1133,9986,蔵王産業(株),東証STD,"2,490",+7,0.28,"1,300",2026/10/07
1134,1134,1652,iFreeETF MSCI日本株女性活躍指数(WIN),東証ETF,"5,151",+14,0.27,70,2026/10/07
1135,1135,2088,NZAM 上場投信 NYダウ30(H有),東証ETF,"2,579",+7,0.27,1,2026/10/07
1136,1136,3159,丸善ＣＨＩホールディングス(株),東証STD,375,+1,0.27,"102,400",2026/10/07
1137,1137,3489,(株)フェイスネットワーク,東証STD,740,+2,0.27,"18,900",2026/10/07
1138,1138,4270,(株)ＢｅｅＸ,東証GRT,"1,890",+5,0.27,700,2026/10/07
1139,1139,4847,(株)インテリジェント　ウェイブ,東証PRM,"1,501",+4,0.27,"50,300",2026/10/07
1140,1140,4951,エステー(株),東証PRM,"1,500",+4,0.27,"26,000",2026/10/07
1141,1141,5261,リソルホールディングス(株),東証PRM,"7,550",+20,0.27,"2,200",2026/10/07
1142,1142,559A,梅乃宿酒造(株),東証STD,"1,135",+3,0.27,"4,100",2026/10/07
1143,1143,5947,リンナイ(株),東証PRM,"3,371",+9,0.27,"324,500",2026/10/07
1144,1144,6186,(株)一蔵,東証STD,372,+1,0.27,"1,000",2026/10/07
1145,1145,155A,(株)情報戦略テクノロジー,東証GRT,759,+2,0.26,"85,100",2026/10/07
1146,1146,2172,(株)インサイト,札証,391,+1,0.26,100,2026/10/07
1147,1147,2281,プリマハム(株),東証PRM,"2,276",+6,0.26,"113,300",2026/10/07
1148,1148,2838,MAXIS 米国国債7-10年上場投信(H無),東証ETF,"8,327",+22,0.26,16,2026/10/07
1149,1149,2908,フジッコ(株),東証PRM,"1,560",+4,0.26,"59,500",2026/10/07
1150,1150,3384,(株)アークコア,名証NXT,775,+2,0.26,"1,300",2026/10/07
1151,1151,3387,(株)クリエイト・レストランツ・ホールディングス,東証PRM,779,+2,0.26,"753,700",2026/10/07
1152,1152,3501,ＳＵＭＩＮＯＥ(株),東証PRM,"1,166",+3,0.26,"8,000",2026/10/07
1153,1153,3612,(株)ワールド,東証PRM,"1,545",+4,0.26,"271,200",2026/10/07
1154,1154,4391,ロジザード(株),東証GRT,"1,142",+3,0.26,"3,200",2026/10/07
1155,1155,6209,リケンＮＰＲ(株),東証PRM,"3,880",+10,0.26,"48,000",2026/10/07
1156,1156,6472,ＮＴＮ(株),東証PRM,389.8,+1,0.26,"2,205,100",2026/10/07
1157,1157,6617,(株)東光高岳,東証PRM,"7,790",+20,0.26,"101,600",2026/10/07
1158,1158,8951,日本ビルファンド投資法人,東証,"116,900",+300,0.26,"50,967",2026/10/07
1159,1159,9221,フルハシＥＰＯ(株),東証STD,"1,136",+3,0.26,"12,400",2026/10/07
1160,1160,9471,(株)文溪堂,名証MN,"1,141",+3,0.26,900,2026/10/07
1161,1161,2251,(NEXT FUNDS) JPX国債先物ダブルインバース,東証ETF,928.5,+2.3,0.25,"6,420",2026/10/07
1162,1162,3405,(株)クラレ,東証PRM,"1,822.5",+4.5,0.25,"1,150,100",2026/10/07
1163,1163,3419,アートグリーン(株),名証NXT,"1,988",+5,0.25,800,2026/10/07
1164,1164,426A,ニッセイ ETF S&P500イコール・ウェイト(H無),東証ETF,"1,196",+3,0.25,"127,956",2026/10/07
1165,1165,4611,大日本塗料(株),東証PRM,"1,604",+4,0.25,"53,400",2026/10/07
1166,1166,4626,太陽ホールディングス(株),東証PRM,"4,803",+12,0.25,"393,200",2026/10/07
1167,1167,4767,(株)テー・オー・ダブリュー,東証STD,394,+1,0.25,"118,600",2026/10/07
1168,1168,4931,新日本製薬(株),東証PRM,"1,967",+5,0.25,"27,400",2026/10/07
1169,1169,5658,日亜鋼業(株),東証STD,403,+1,0.25,"5,700",2026/10/07
1170,1170,6517,デンヨー(株),東証PRM,"3,995",+10,0.25,"195,100",2026/10/07
1171,1171,6592,マブチモーター(株),東証PRM,"1,785.5",+4.5,0.25,"802,500",2026/10/07
1172,1172,6804,ホシデン(株),東証PRM,"2,432",+6,0.25,"334,800",2026/10/07
1173,1173,6832,アオイ電子(株),東証STD,"2,846",+7,0.25,"84,600",2026/10/07
1174,1174,6867,リーダー電子(株),東証STD,409,+1,0.25,"5,200",2026/10/07
1175,1175,7636,(株)ハンズマン,東証STD,792,+2,0.25,"3,500",2026/10/07
1176,1176,7791,ドリームベッド(株),東証STD,815,+2,0.25,"1,300",2026/10/07
1177,1177,7936,(株)アシックス,東証PRM,"4,450",+11,0.25,"6,217,400",2026/10/07
1178,1178,9235,売れるネット広告社グループ(株),東証GRT,394,+1,0.25,"41,300",2026/10/07
1179,1179,9306,東陽倉庫(株),東証STD,"2,002",+5,0.25,"2,000",2026/10/07
1180,1180,9709,ＮＣＳ＆Ａ(株),東証STD,"1,213",+3,0.25,"30,200",2026/10/07
1181,1181,9982,タキヒヨー(株),東証STD,"2,790",+7,0.25,"3,700",2026/10/07
1182,1182,1633,(NEXT FUNDS)不動産上場投信,東証ETF,"46,740",+110,0.24,165,2026/10/07
1183,1183,1677,上場インデックスファンド海外債券毎月分配,東証ETF,"57,840",+140,0.24,60,2026/10/07
1184,1184,1680,上場インデックスファンド海外先進国株式,東証ETF,"8,380",+20,0.24,"1,844",2026/10/07
1185,1185,1942,(株)関電工,東証PRM,"5,530",+13,0.24,"755,200",2026/10/07
1186,1186,2317,(株)システナ,東証PRM,425,+1,0.24,"549,700",2026/10/07
1187,1187,2864,GX ロジスティクス・REIT,東証ETF,"1,257",+3,0.24,12,2026/10/07
1188,1188,3848,(株)データ・アプリケーション,東証STD,837,+2,0.24,"2,600",2026/10/07
1189,1189,4204,積水化学工業(株),東証PRM,"2,535",+6,0.24,"1,355,700",2026/10/07
1190,1190,4684,(株)オービック,東証PRM,"5,110",+12,0.24,"1,481,300",2026/10/07
1191,1191,4926,(株)シーボン,東証STD,"1,228",+3,0.24,"1,400",2026/10/07
1192,1192,5033,(株)ヌーラボ,東証GRT,"1,241",+3,0.24,"29,200",2026/10/07
1193,1193,513A,GX 防衛テック-日本株式,東証ETF,845,+2,0.24,"199,972",2026/10/07
1194,1194,5268,旭コンクリート工業(株),東証STD,836,+2,0.24,"2,400",2026/10/07
1195,1195,5444,大和工業(株),東証PRM,"12,590",+30,0.24,"178,300",2026/10/07
1196,1196,6571,キュービーネットホールディングス(株),東証PRM,"1,250",+3,0.24,"19,700",2026/10/07
1197,1197,7502,(株)プラザホールディングス,東証STD,"1,669",+4,0.24,200,2026/10/07
1198,1198,7775,大研医器(株),東証STD,417,+1,0.24,"26,400",2026/10/07
1199,1199,9984,ソフトバンクグループ(株),東証PRM,"6,310",+15,0.24,"32,914,500",2026/10/07
1200,1200,1332,(株)ニッスイ,東証PRM,"1,106.5",+2.5,0.23,"1,328,400",2026/10/07
1201,1201,181A,MAXIS 米国国債1-3年上場投信(H無),東証ETF,527.1,+1.2,0.23,100,2026/10/07
1202,1202,3396,(株)フェリシモ,東証STD,861,+2,0.23,"13,900",2026/10/07
1203,1203,3926,(株)オープンドア,東証STD,427,+1,0.23,"13,000",2026/10/07
1204,1204,5967,ＴＯＮＥ(株),東証STD,441,+1,0.23,"13,100",2026/10/07
1205,1205,7187,ジェイリース(株),東証PRM,"1,333",+3,0.23,"51,600",2026/10/07
1206,1206,7372,(株)デコルテ・ホールディングス,東証GRT,427,+1,0.23,"8,000",2026/10/07
1207,1207,7646,(株)ＰＬＡＮＴ,東証STD,"1,756",+4,0.23,"4,300",2026/10/07
1208,1208,1718,美樹工業(株),東証STD,"2,302",+5,0.22,800,2026/10/07
1209,1209,25935,(株)伊藤園第1種優先株式,東証PRM,"1,863",+4,0.22,"54,600",2026/10/07
1210,1210,2804,ブルドックソース(株),東証PRM,"1,828",+4,0.22,"16,900",2026/10/07
1211,1211,313A,iシェアーズ S&P500 トップ20 ETF,東証ETF,278.6,+0.6,0.22,"16,020",2026/10/07
1212,1212,3370,(株)フジタコーポレーション,東証STD,461,+1,0.22,"3,600",2026/10/07
1213,1213,4386,(株)ＳＩＧグループ,東証STD,911,+2,0.22,"26,100",2026/10/07
1214,1214,6658,シライ電子工業(株),東証STD,462,+1,0.22,"29,300",2026/10/07
1215,1215,7217,(株)テイン,東証STD,456,+1,0.22,"1,100",2026/10/07
1216,1216,7291,日本プラスト(株),東証STD,456,+1,0.22,"9,400",2026/10/07
1217,1217,7749,メディキット(株),東証STD,"2,740",+6,0.22,"2,900",2026/10/07
1218,1218,8020,兼松(株),東証PRM,"2,276",+5,0.22,"692,400",2026/10/07
1219,1219,2760,東京エレクトロン　デバイス(株),東証PRM,"4,810",+10,0.21,"185,300",2026/10/07
1220,1220,2840,iFreeETF NASDAQ100(H無),東証ETF,"2,846",+6,0.21,"62,135",2026/10/07
1221,1221,3280,(株)エストラスト,東証STD,933,+2,0.21,400,2026/10/07
1222,1222,331A,(株)メディックス,東証STD,477,+1,0.21,"3,300",2026/10/07
1223,1223,3349,(株)コスモス薬品,東証PRM,"6,327",+13,0.21,"258,100",2026/10/07
1224,1224,3449,(株)テクノフレックス,東証STD,"4,750",+10,0.21,"106,900",2026/10/07
1225,1225,517A,iFreeETF 米ドル・べア(1倍),東証ETF,"1,947",+4,0.21,106,2026/10/07
1226,1226,6578,(株)コレックホールディングス,東証STD,485,+1,0.21,"1,700",2026/10/07
1227,1227,7287,日本精機(株),東証STD,"2,825",+6,0.21,"268,800",2026/10/07
1228,1228,9326,関通ホールディングス(株),東証GRT,477,+1,0.21,"5,800",2026/10/07
1229,1229,9936,(株)王将フードサービス,東証PRM,"2,864",+6,0.21,"259,800",2026/10/07
1230,1230,1621,(NEXT FUNDS)医薬品上場投信,東証ETF,"29,760",+60,0.2,240,2026/10/07
1231,1231,1938,日本リーテック(株),東証PRM,"2,534",+5,0.2,"60,800",2026/10/07
1232,1232,2432,(株)ディー・エヌ・エー,東証PRM,"2,495",+5,0.2,"910,400",2026/10/07
1233,1233,2796,ファーマライズホールディングス(株),東証STD,509,+1,0.2,"1,200",2026/10/07
1234,1234,3109,シキボウ(株),東証PRM,"1,020",+2,0.2,"30,400",2026/10/07
1235,1235,3359,(株)ｃｏｔｔａ,東証GRT,493,+1,0.2,"12,400",2026/10/07
1236,1236,3565,アセンテック(株),東証STD,494,+1,0.2,"135,900",2026/10/07
1237,1237,3939,(株)カナミックネットワーク,東証PRM,494,+1,0.2,"54,300",2026/10/07
1238,1238,4287,(株)ジャストプランニング,東証STD,494,+1,0.2,"13,600",2026/10/07
1239,1239,4809,パラカ(株),東証PRM,"1,971",+4,0.2,"9,500",2026/10/07
1240,1240,5015,ビーピー・カストロール(株),東証STD,998,+2,0.2,"3,500",2026/10/07
1241,1241,6027,弁護士ドットコム(株),東証PRM,"5,100",+10,0.2,"108,300",2026/10/07
1242,1242,6240,ヤマシンフィルタ(株),東証PRM,506,+1,0.2,"411,100",2026/10/07
1243,1243,6413,理想科学工業(株),東証PRM,"1,025",+2,0.2,"60,600",2026/10/07
1244,1244,6506,(株)安川電機,東証PRM,"4,946",+10,0.2,"3,837,300",2026/10/07
1245,1245,6547,(株)グリーンズ,東証STD,"2,044",+4,0.2,"46,800",2026/10/07
1246,1246,6822,大井電気(株),東証STD,"5,000",+10,0.2,"2,400",2026/10/07
1247,1247,1764,工藤建設(株),東証STD,"2,685",+5,0.19,300,2026/10/07
1248,1248,197A,(株)タウンズ,東証STD,521,+1,0.19,"109,600",2026/10/07
1249,1249,2257,iシェアーズ 米ドル建て投資適格社債,東証ETF,214.9,+0.4,0.19,"23,780",2026/10/07
1250,1250,253A,(株)ＥＴＳグループ,東証STD,"1,038",+2,0.19,"4,600",2026/10/07
1251,1251,2620,iシェアーズ 米国債1-3年,東証ETF,365.7,+0.7,0.19,"68,330",2026/10/07
1252,1252,2871,(株)ニチレイ,東証PRM,"2,101",+4,0.19,"975,000",2026/10/07
1253,1253,3197,(株)すかいらーくホールディングス,東証PRM,"3,206",+6,0.19,"844,500",2026/10/07
1254,1254,356A,GX S&P500 キャッシュフロー・トップ100,東証ETF,"1,614",+3,0.19,"4,556",2026/10/07
1255,1255,4587,ペプチドリーム(株),東証PRM,"1,060.5",+2,0.19,"589,500",2026/10/07
1256,1256,461A,MAXIS 日本株高配当SMART50,東証ETF,"2,638",+5,0.19,757,2026/10/07
1257,1257,4662,(株)フォーカスシステムズ,東証PRM,"1,623",+3,0.19,"68,800",2026/10/07
1258,1258,4743,(株)アイティフォー,東証PRM,"1,606",+3,0.19,"41,800",2026/10/07
1259,1259,4990,昭和化学工業(株),東証STD,521,+1,0.19,100,2026/10/07
1260,1260,6357,三精テクノロジーズ(株),東証STD,"2,602",+5,0.19,"12,700",2026/10/07
1261,1261,7885,タカノ(株),東証STD,"1,062",+2,0.19,"3,700",2026/10/07
1262,1262,8190,(株)ヤマナカ,名証MN,517,+1,0.19,"3,900",2026/10/07
1263,1263,9009,京成電鉄(株),東証PRM,"1,295",+2.5,0.19,"1,439,600",2026/10/07
1264,1264,1497,iシェアーズ 米ドル建ハイイールド社債ETF(H有),東証ETF,"1,691",+3,0.18,"33,724",2026/10/07
1265,1265,255A,ジーエルテクノホールディングス(株),東証STD,"5,700",+10,0.18,"44,100",2026/10/07
1266,1266,2612,かどや製油(株),東証STD,"2,840",+5,0.18,"173,100",2026/10/07
1267,1267,274A,(株)ガーデン,東証STD,"2,240",+4,0.18,"3,300",2026/10/07
1268,1268,3543,(株)コメダホールディングス,東証PRM,"2,802",+5,0.18,"139,400",2026/10/07
1269,1269,3958,笹徳印刷(株),東証STD,542,+1,0.18,"3,600",2026/10/07
1270,1270,4061,デンカ(株),東証PRM,"3,337",+6,0.18,"533,700",2026/10/07
1271,1271,492A,One ETF 日本国債 高クーポン(平均残存10年未満),東証ETF,952.6,+1.7,0.18,10,2026/10/07
1272,1272,6869,シスメックス(株),東証PRM,"1,899",+3.5,0.18,"2,634,600",2026/10/07
1273,1273,6947,(株)図研,東証PRM,"5,540",+10,0.18,"77,800",2026/10/07
1274,1274,8999,グランディハウス(株),東証PRM,554,+1,0.18,"24,300",2026/10/07
1275,1275,9682,(株)ＤＴＳ,東証PRM,"1,089",+2,0.18,"609,900",2026/10/07
1276,1276,2012,iシェアーズ 米国債0-3カ月 ETF,東証ETF,241.8,+0.4,0.17,"43,000",2026/10/07
1277,1277,2868,GX S&P500・カバード・コール,東証ETF,"1,155",+2,0.17,"46,428",2026/10/07
1278,1278,3160,(株)大光,東証STD,578,+1,0.17,"6,400",2026/10/07
1279,1279,3289,東急不動産ホールディングス(株),東証PRM,"1,189",+2,0.17,"4,364,000",2026/10/07
1280,1280,392A,iシェアーズ NASDAQ トップ 30,東証ETF,295.8,+0.5,0.17,"117,070",2026/10/07
1281,1281,4548,生化学工業(株),東証PRM,575,+1,0.17,"164,100",2026/10/07
1282,1282,4578,大塚ホールディングス(株),東証PRM,"11,475",+20,0.17,"1,142,400",2026/10/07
1283,1283,4934,プレミアアンチエイジング(株),東証GRT,579,+1,0.17,"2,500",2026/10/07
1284,1284,573A,iシェアーズ 日本国債20年超,東証ETF,482,+0.8,0.17,"29,770",2026/10/07
1285,1285,5973,(株)トーアミ,東証STD,605,+1,0.17,"2,900",2026/10/07
1286,1286,6470,大豊工業(株),東証STD,"1,169",+2,0.17,"31,400",2026/10/07
1287,1287,6474,(株)不二越,東証PRM,"5,910",+10,0.17,"191,500",2026/10/07
1288,1288,7038,フロンティア・マネジメント(株),東証PRM,573,+1,0.17,"16,400",2026/10/07
1289,1289,9418,(株)Ｕ－ＮＥＸＴ　ＨＯＬＤＩＮＧＳ,東証PRM,"1,775",+3,0.17,"356,000",2026/10/07
1290,1290,9656,グリーンランドリゾート(株),東証STD,600,+1,0.17,400,2026/10/07
1291,1291,1431,(株)Ｌｉｂ　Ｗｏｒｋ,東証GRT,629,+1,0.16,"36,800",2026/10/07
1292,1292,1630,(NEXT FUNDS)小売上場投信,東証ETF,"37,000",+60,0.16,132,2026/10/07
1293,1293,2253,GX スーパーディビィデンド-US,東証ETF,"1,292",+2,0.16,"1,775",2026/10/07
1294,1294,2255,iシェアーズ 米国債20年超,東証ETF,188.6,+0.3,0.16,"561,190",2026/10/07
1295,1295,2523,MAXIS トピックス(除く金融)上場投信,東証ETF,"3,160",+5,0.16,70,2026/10/07
1296,1296,2845,(NEXT FUNDS) NASDAQ-100(H有)連動型上場投信,東証ETF,"3,736",+6,0.16,"23,138",2026/10/07
1297,1297,3068,(株)ＷＤＩ,東証STD,"3,095",+5,0.16,"1,600",2026/10/07
1298,1298,3698,(株)ＣＲＩ・ミドルウェア,東証STD,"1,230",+2,0.16,"3,700",2026/10/07
1299,1299,5122,オカモト(株),東証PRM,"6,130",+10,0.16,"11,500",2026/10/07
1300,1300,5204,石塚硝子(株),東証STD,"3,050",+5,0.16,"3,100",2026/10/07
1301,1301,5283,(株)高見澤,東証STD,"3,215",+5,0.16,200,2026/10/07
1302,1302,5332,ＴＯＴＯ(株),東証PRM,"6,251",+10,0.16,"690,800",2026/10/07
1303,1303,6044,(株)三機サービス,東証STD,"1,850",+3,0.16,"3,200",2026/10/07
1304,1304,6231,木村工機(株),東証STD,"12,250",+20,0.16,"21,100",2026/10/07
1305,1305,6677,(株)エスケーエレクトロニクス,東証STD,"3,135",+5,0.16,"53,600",2026/10/07
1306,1306,6737,ＥＩＺＯ(株),東証PRM,"3,205",+5,0.16,"173,900",2026/10/07
1307,1307,6943,ＮＫＫスイッチズ(株),東証STD,"6,390",+10,0.16,500,2026/10/07
1308,1308,7860,エイベックス(株),東証PRM,"1,229",+2,0.16,"155,900",2026/10/07
1309,1309,8881,(株)日神グループホールディングス,東証PRM,633,+1,0.16,"87,700",2026/10/07
1310,1310,9033,広島電鉄(株),東証STD,626,+1,0.16,"17,500",2026/10/07
1311,1311,9045,京阪ホールディングス(株),東証PRM,"3,115",+5,0.16,"201,600",2026/10/07
1312,1312,9214,Ｒｅｃｏｖｅｒｙ　Ｉｎｔｅｒｎａｔｉｏｎａｌ(株),東証GRT,"1,270",+2,0.16,200,2026/10/07
1313,1313,1651,iFreeETF TOPIX高配当40指数,東証ETF,"3,290",+5,0.15,"26,544",2026/10/07
1314,1314,1860,戸田建設(株),東証PRM,"1,365",+2,0.15,"697,400",2026/10/07
1315,1315,2510,(NEXT FUNDS)国内債券・NOMURA-BPI総合,東証ETF,790,+1.2,0.15,"22,250",2026/10/07
1316,1316,2602,日清オイリオグループ(株),東証PRM,"1,984",+3,0.15,"222,200",2026/10/07
1317,1317,2806,ユタカフーズ(株),東証STD,"1,978",+3,0.15,900,2026/10/07
1318,1318,3452,(株)ビーロット,東証STD,"1,372",+2,0.15,"75,500",2026/10/07
1319,1319,4116,大日精化工業(株),東証PRM,"1,306",+2,0.15,"104,000",2026/10/07
1320,1320,4901,富士フイルムホールディングス(株),東証PRM,"3,429",+5,0.15,"3,549,400",2026/10/07
1321,1321,5273,三谷セキサン(株),東証STD,"1,980",+3,0.15,"60,300",2026/10/07
1322,1322,6087,(株)アビスト,東証STD,"3,330",+5,0.15,"2,300",2026/10/07
1323,1323,6098,(株)リクルートホールディングス,東証PRM,"17,000",+25,0.15,"3,087,500",2026/10/07
1324,1324,6351,(株)鶴見製作所,東証PRM,"2,636",+4,0.15,"55,400",2026/10/07
1325,1325,6706,電気興業(株),東証PRM,"3,325",+5,0.15,"24,800",2026/10/07
1326,1326,7012,川崎重工業(株),東証PRM,"2,372.5",+3.5,0.15,"16,020,500",2026/10/07
1327,1327,7314,(株)小田原機器,東証STD,"1,360",+2,0.15,"1,400",2026/10/07
1328,1328,9902,(株)日伝,東証PRM,"3,245",+5,0.15,"52,800",2026/10/07
1329,1329,9942,(株)ジョイフル,福証,"1,294",+2,0.15,"4,300",2026/10/07
1330,1330,1724,シンクレイヤ(株),東証STD,722,+1,0.14,300,2026/10/07
1331,1331,2036,NEXT NOTES 金先物 ダブル・ブル ETN,東証ETF,"142,200",+200,0.14,"2,532",2026/10/07
1332,1332,2181,パーソルホールディングス(株),東証PRM,278.7,+0.4,0.14,"6,886,600",2026/10/07
1333,1333,236A,iシェアーズ 日本国債7-10年,東証ETF,432.6,+0.6,0.14,"1,990",2026/10/07
1334,1334,2567,NZAM 上場投信 S&P/JPXカーボン・エフィシェント指数,東証ETF,557.8,+0.8,0.14,210,2026/10/07
1335,1335,2637,GX クリーンテック-日本株式,東証ETF,"2,784",+4,0.14,"3,490",2026/10/07
1336,1336,2647,(NEXT FUNDS)ブルームバーグ米国国債(7-10年)(H無),東証ETF,"5,580",+8,0.14,14,2026/10/07
1337,1337,2916,仙波糖化工業(株),東証STD,721,+1,0.14,800,2026/10/07
1338,1338,3035,ケイティケイ(株),東証STD,734,+1,0.14,"8,000",2026/10/07
1339,1339,3329,東和フードサービス(株),東証STD,"2,138",+3,0.14,"6,000",2026/10/07
1340,1340,4478,フリー(株),東証GRT,"3,510",+5,0.14,"608,500",2026/10/07
1341,1341,4812,(株)電通総研,東証PRM,"2,867",+4,0.14,"505,000",2026/10/07
1342,1342,4838,スペースシャワーＳＫＩＹＡＫＩホールディングス(株),東証STD,697,+1,0.14,"26,200",2026/10/07
1343,1343,483A,テラテクノロジー(株),東証STD,"2,128",+3,0.14,800,2026/10/07
1344,1344,6674,(株)ジーエス・ユアサ　コーポレーション,東証PRM,"5,708",+8,0.14,"534,500",2026/10/07
1345,1345,7097,(株)さくらさくプラス,東証GRT,"2,786",+4,0.14,"4,600",2026/10/07
1346,1346,7161,(株)じもとホールディングス,東証STD,691,+1,0.14,"284,300",2026/10/07
1347,1347,7525,リックス(株),東証PRM,"3,505",+5,0.14,"11,100",2026/10/07
1348,1348,7730,マニー(株),東証PRM,"1,481",+2,0.14,"226,600",2026/10/07
1349,1349,8142,(株)トーホー,東証PRM,"1,394",+2,0.14,"55,300",2026/10/07
1350,1350,9766,コナミグループ(株),東証PRM,"22,170",+30,0.14,"395,600",2026/10/07
1351,1351,9928,(株)ミロク情報サービス,東証PRM,"2,125",+3,0.14,"23,600",2026/10/07
1352,1352,1999,サイタホールディングス(株),福証,"3,855",+5,0.13,200,2026/10/07
1353,1353,2198,アイ・ケイ・ケイホールディングス(株),東証PRM,757,+1,0.13,"16,100",2026/10/07
1354,1354,2511,(NEXT FUNDS)外国債券・FTSE世界国債(除く日本・H無),東証ETF,"1,124.5",+1.5,0.13,"18,170",2026/10/07
1355,1355,3050,ＤＣＭホールディングス(株),東証PRM,"1,518",+2,0.13,"429,100",2026/10/07
1356,1356,3392,デリカフーズホールディングス(株),東証STD,765,+1,0.13,"20,600",2026/10/07
1357,1357,3421,(株)稲葉製作所,東証STD,"1,576",+2,0.13,"24,100",2026/10/07
1358,1358,4705,(株)クリップコーポレーション,東証STD,777,+1,0.13,400,2026/10/07
1359,1359,477A,(株)スタートライン,東証GRT,795,+1,0.13,"8,400",2026/10/07
1360,1360,6655,東洋電機(株),名証MN,785,+1,0.13,300,2026/10/07
1361,1361,6656,インスペック(株),東証STD,801,+1,0.13,"23,400",2026/10/07
1362,1362,7823,(株)アートネイチャー,東証STD,768,+1,0.13,"51,300",2026/10/07
1363,1363,7906,ヨネックス(株),東証STD,"2,390",+3,0.13,"640,900",2026/10/07
1364,1364,8056,ＢＩＰＲＯＧＹ(株),東証PRM,"4,706",+6,0.13,"430,200",2026/10/07
1365,1365,8960,ユナイテッド・アーバン投資法人,東証,"150,500",+200,0.13,"11,169",2026/10/07
1366,1366,94345,ソフトバンク(株)第1回社債型種類株式,東証PRM,"3,795",+5,0.13,"1,600",2026/10/07
1367,1367,1852,(株)淺沼組,東証PRM,851,+1,0.12,"554,800",2026/10/07
1368,1368,2242,MAXIS NYダウ上場投信(H有),東証ETF,661,+0.8,0.12,"1,800",2026/10/07
1369,1369,2782,(株)セリア,東証STD,"4,275",+5,0.12,"612,900",2026/10/07
1370,1370,4272,日本化薬(株),東証PRM,"2,138.5",+2.5,0.12,"572,500",2026/10/07
1371,1371,4420,イーソル(株),東証STD,819,+1,0.12,"518,500",2026/10/07
1372,1372,469A,(株)フィットクルー,東証GRT,"1,636",+2,0.12,"2,500",2026/10/07
1373,1373,7228,(株)デイトナ,東証STD,"4,010",+5,0.12,500,2026/10/07
1374,1374,7368,表示灯(株),東証STD,"1,710",+2,0.12,"2,100",2026/10/07
1375,1375,7643,(株)ダイイチ,東証STD,"1,612",+2,0.12,"2,500",2026/10/07
1376,1376,8173,(株)Ｊｏｓｈｉｎ,東証PRM,"4,255",+5,0.12,"103,700",2026/10/07
1377,1377,8214,(株)ＡＯＫＩホールディングス,東証PRM,"1,679",+2,0.12,"71,700",2026/10/07
1378,1378,8591,オリックス(株),東証PRM,"5,877",+7,0.12,"3,399,300",2026/10/07
1379,1379,9008,京王電鉄(株),東証PRM,747.6,+0.9,0.12,"1,513,500",2026/10/07
1380,1380,9264,ポエック(株),東証STD,"1,618",+2,0.12,"3,300",2026/10/07
1381,1381,9636,(株)きんえい,東証STD,"4,240",+5,0.12,800,2026/10/07
1382,1382,2089,NZAM 上場投信 DAX(H有),東証ETF,"2,796",+3,0.11,1,2026/10/07
1383,1383,208A,(株)構造計画研究所ホールディングス,東証STD,"2,850",+3,0.11,"2,300",2026/10/07
1384,1384,2226,(株)湖池屋,東証STD,"4,720",+5,0.11,"1,100",2026/10/07
1385,1385,2866,GX 米国優先証券,東証ETF,941,+1,0.11,"31,719",2026/10/07
1386,1386,3231,野村不動産ホールディングス(株),東証PRM,846.9,+0.9,0.11,"3,677,800",2026/10/07
1387,1387,3245,(株)ディア・ライフ,東証PRM,940,+1,0.11,"334,600",2026/10/07
1388,1388,407A,(株)ＵＮＩＣＯＮホールディングス,東証STD,896,+1,0.11,"13,400",2026/10/07
1389,1389,435A,iFreeETF 日本株配当ローテーション戦略,東証ETF,"2,711",+3,0.11,"358,010",2026/10/07
1390,1390,548A,(株)システムエグゼ,東証STD,942,+1,0.11,"7,500",2026/10/07
1391,1391,5586,(株)Ｌａｂｏｒｏ．ＡＩ,東証GRT,916,+1,0.11,"33,100",2026/10/07
1392,1392,5939,(株)大谷工業,東証STD,"4,630",+5,0.11,200,2026/10/07
1393,1393,7309,(株)シマノ,東証PRM,"17,480",+20,0.11,"212,000",2026/10/07
1394,1394,7604,(株)梅の花グループ,東証STD,912,+1,0.11,"7,800",2026/10/07
1395,1395,9330,(株)揚羽,東証GRT,888,+1,0.11,"1,200",2026/10/07
1396,1396,1803,清水建設(株),東証PRM,"2,087.5",+2,0.1,"3,895,600",2026/10/07
1397,1397,1870,矢作建設工業(株),東証PRM,"2,048",+2,0.1,"83,000",2026/10/07
1398,1398,2254,GX チャイナEV&バッテリー,東証ETF,958,+1,0.1,382,2026/10/07
1399,1399,2645,GX レジャー&エンターテインメント-日本株式,東証ETF,"3,066",+3,0.1,47,2026/10/07
1400,1400,2683,(株)ＵＯＧｒｏｕｐ,東証STD,993,+1,0.1,900,2026/10/07
1401,1401,2933,(株)紀文食品,東証PRM,"1,049",+1,0.1,"60,700",2026/10/07
1402,1402,3082,(株)きちりホールディングス,東証STD,989,+1,0.1,"3,100",2026/10/07
1403,1403,3223,(株)エスエルディー,東証STD,995,+1,0.1,"2,900",2026/10/07
1404,1404,338A,(株)ＺｅｎｍｕＴｅｃｈ,東証GRT,"4,990",+5,0.1,"5,297,800",2026/10/07
1405,1405,3962,(株)チェンジホールディングス,東証PRM,994,+1,0.1,"161,000",2026/10/07
1406,1406,5252,日本ナレッジ(株),東証GRT,"1,004",+1,0.1,"10,500",2026/10/07
1407,1407,5868,(株)ロココ,東証STD,"1,022",+1,0.1,"1,900",2026/10/07
1408,1408,5922,那須電機鉄工(株),東証STD,"20,000",+20,0.1,200,2026/10/07
1409,1409,5990,(株)スーパーツール,東証STD,"1,926",+2,0.1,500,2026/10/07
1410,1410,6161,(株)エスティック,東証STD,"1,038",+1,0.1,"3,100",2026/10/07
1411,1411,7030,(株)スプリックス,東証STD,978,+1,0.1,"5,000",2026/10/07
1412,1412,7871,フクビ化学工業(株),東証STD,"1,007",+1,0.1,"3,700",2026/10/07
1413,1413,7878,(株)光・彩,東証STD,"1,019",+1,0.1,"7,600",2026/10/07
1414,1414,8228,(株)マルイチ産商,名証MN,"1,047",+1,0.1,"1,300",2026/10/07
1415,1415,9325,ファイズホールディングス(株),東証STD,"1,037",+1,0.1,"14,100",2026/10/07
1416,1416,9979,(株)大庄,東証STD,"1,007",+1,0.1,"31,200",2026/10/07
1417,1417,1673,WisdomTree 銀上場投信,東証ETF,"8,708",+8,0.09,"3,120",2026/10/07
1418,1418,2256,iシェアーズ 米国総合債券,東証ETF,214,+0.2,0.09,"29,860",2026/10/07
1419,1419,2970,ＧＬＣ　ＧＲＯＵＰ(株),東証STD,"1,167",+1,0.09,"5,300",2026/10/07
1420,1420,4966,上村工業(株),東証STD,"22,140",+20,0.09,"92,600",2026/10/07
1421,1421,6378,木村化工機(株),東証STD,"1,166",+1,0.09,"69,000",2026/10/07
1422,1422,6861,(株)キーエンス,東証PRM,"81,560",+70,0.09,"494,900",2026/10/07
1423,1423,7004,カナデビア(株),東証PRM,"1,162",+1,0.09,"765,600",2026/10/07
1424,1424,8227,(株)しまむら,東証PRM,"3,261",+3,0.09,"582,100",2026/10/07
1425,1425,8802,三菱地所(株),東証PRM,"3,479",+3,0.09,"3,208,200",2026/10/07
1426,1426,8804,東京建物(株),東証PRM,"3,193",+3,0.09,"943,200",2026/10/07
1427,1427,9993,(株)ヤマザワ,東証STD,"1,142",+1,0.09,"2,900",2026/10/07
1428,1428,1968,太平電業(株),東証PRM,"2,446",+2,0.08,"111,200",2026/10/07
1429,1429,2031,NEXT NOTES 香港ハンセン･ダブル･ブルETN,東証ETF,"7,071",+6,0.08,81,2026/10/07
1430,1430,2733,(株)あらた,東証PRM,"2,500",+2,0.08,"85,400",2026/10/07
1431,1431,3234,森ヒルズリート投資法人,東証,"118,300",+100,0.08,"5,740",2026/10/07
1432,1432,3333,(株)あさひ,東証PRM,"1,236",+1,0.08,"117,200",2026/10/07
1433,1433,3426,アトムリビンテック(株),東証STD,"1,311",+1,0.08,400,2026/10/07
1434,1434,3608,(株)ＴＳＩホールディングス,東証PRM,"1,203",+1,0.08,"198,500",2026/10/07
1435,1435,3633,ＧＭＯペパボ(株),東証STD,"2,650",+2,0.08,"21,600",2026/10/07
1436,1436,4434,(株)サーバーワークス,東証STD,"2,400",+2,0.08,"41,600",2026/10/07
1437,1437,7208,(株)カネミツ,東証STD,"1,228",+1,0.08,"2,500",2026/10/07
1438,1438,1930,北陸電気工事(株),東証PRM,"1,532",+1,0.07,"53,200",2026/10/07
1439,1439,3861,王子ホールディングス(株),東証PRM,829.5,+0.6,0.07,"3,107,400",2026/10/07
1440,1440,4028,石原産業(株),東証PRM,"2,840",+2,0.07,"135,500",2026/10/07
1441,1441,4956,コニシ(株),東証PRM,"1,458",+1,0.07,"46,700",2026/10/07
1442,1442,6062,(株)チャーム・ケア・コーポレーション,東証PRM,"1,405",+1,0.07,"85,600",2026/10/07
1443,1443,7087,(株)ウイルテック,東証STD,"1,361",+1,0.07,"1,500",2026/10/07
1444,1444,7943,ニチハ(株),東証PRM,"2,802",+2,0.07,"84,900",2026/10/07
1445,1445,8147,(株)トミタ,東証STD,"1,424",+1,0.07,"1,800",2026/10/07
1446,1446,8252,(株)丸井グループ,東証PRM,"2,760",+2,0.07,"888,500",2026/10/07
1447,1447,9201,日本航空(株),東証PRM,"3,009",+2,0.07,"2,182,000",2026/10/07
1448,1448,1808,(株)長谷工コーポレーション,東証PRM,"2,573",+1.5,0.06,"567,500",2026/10/07
1449,1449,2562,上場インデックスファンド米国株式(ダウ平均)H有,東証ETF,"3,567",+2,0.06,"1,144",2026/10/07
1450,1450,314A,iシェアーズ ゴールド ETF,東証ETF,309.7,+0.2,0.06,"1,234,950",2026/10/07
1451,1451,3551,ダイニック(株),東証STD,"1,551",+1,0.06,"4,200",2026/10/07
1452,1452,4401,(株)ＡＤＥＫＡ,東証PRM,"4,807",+3,0.06,"347,600",2026/10/07
1453,1453,50765,インフロニア・ホールディングス（株）第1回社債型種類株式,東証PRM,"4,623",+3,0.06,"5,600",2026/10/07
1454,1454,8141,新光商事(株),東証PRM,"1,566",+1,0.06,"59,800",2026/10/07
1455,1455,8410,(株)セブン銀行,東証PRM,340.6,+0.2,0.06,"5,245,900",2026/10/07
1456,1456,1326,SPDRゴールド･シェア,東証ETF,"59,940",+30,0.05,"4,670",2026/10/07
1457,1457,1599,iFreeETF JPX日経400,東証ETF,"38,540",+20,0.05,22,2026/10/07
1458,1458,1939,(株)四電工,東証PRM,"2,215",+1,0.05,"95,500",2026/10/07
1459,1459,2092,NZAM 上場投信 フランス国債7-10年(H有),東証ETF,"4,332",+2,0.05,3,2026/10/07
1460,1460,2288,丸大食品(株),東証PRM,"2,131",+1,0.05,"106,800",2026/10/07
1461,1461,5021,コスモエネルギーホールディングス(株),東証PRM,"4,132",+2,0.05,"550,100",2026/10/07
1462,1462,6156,(株)エーワン精密,東証STD,"1,888",+1,0.05,"1,600",2026/10/07
1463,1463,6480,日本トムソン(株),東証PRM,"1,947",+1,0.05,"719,500",2026/10/07
1464,1464,6977,(株)日本抵抗器製作所,東証STD,"1,897",+1,0.05,"29,400",2026/10/07
1465,1465,7133,ＨＹＵＧＡ　ＰＲＩＭＡＲＹ　ＣＡＲＥ(株),東証GRT,"2,105",+1,0.05,"88,000",2026/10/07
1466,1466,7433,伯東(株),東証PRM,"1,877",+1,0.05,"238,400",2026/10/07
1467,1467,7490,日新商事(株),東証STD,"2,192",+1,0.05,"1,500",2026/10/07
1468,1468,8089,ナイス(株),東証STD,"1,910",+1,0.05,"1,400",2026/10/07
1469,1469,9246,(株)プロジェクトホールディングス,東証GRT,"2,195",+1,0.05,"20,100",2026/10/07
1470,1470,9361,伏木海陸運送(株),東証STD,"1,991",+1,0.05,100,2026/10/07
1471,1471,1486,上場インデックスファンド米国債券(H無),東証ETF,"22,675",+10,0.04,"10,322",2026/10/07
1472,1472,4197,(株)アスマーク,東証STD,"2,410",+1,0.04,"1,400",2026/10/07
1473,1473,447A,ステート・ストリート・スパイダー ゴールド ETF(H無),東証ETF,260.3,+0.1,0.04,"41,140",2026/10/07
1474,1474,448A,ステート・ストリート・スパイダー ゴールド ETF(H有),東証ETF,247.3,+0.1,0.04,"14,130",2026/10/07
1475,1475,4722,フューチャー(株),東証PRM,"2,427",+1,0.04,"150,900",2026/10/07
1476,1476,5843,ニッポンインシュア(株),東証STD,"2,294",+1,0.04,"2,900",2026/10/07
1477,1477,6144,西部電機(株),東証STD,"2,710",+1,0.04,"3,900",2026/10/07
1478,1478,9635,武蔵野興業(株),東証STD,"2,530",+1,0.04,100,2026/10/07
1479,1479,1328,(NEXT FUNDS)金価格連動型上場投信,東証ETF,"15,450",+5,0.03,"15,737",2026/10/07
1480,1480,2559,MAXIS 全世界株式(オール・カントリー)上場投信,東証ETF,"2,994",+1,0.03,"397,304",2026/10/07
1481,1481,2847,GX 新成長インフラ-日本株式,東証ETF,"3,128",+1,0.03,115,2026/10/07
1482,1482,2856,iシェアーズ 米国債3-7年 ETF(H有),東証ETF,632.2,+0.2,0.03,"2,520",2026/10/07
1483,1483,4516,日本新薬(株),東証PRM,"3,367",+1,0.03,"398,600",2026/10/07
1484,1484,9005,東急(株),東証PRM,"1,585",+0.5,0.03,"2,393,300",2026/10/07
1485,1485,9007,小田急電鉄(株),東証PRM,"1,709.5",+0.5,0.03,"1,288,500",2026/10/07
1486,1486,1309,(NEXT FUNDS)ChinaAMC・中国株式・上証50,東証ETF,"53,550",+10,0.02,16,2026/10/07
1487,1487,1553,MAXIS S&P東海上場投信,名証ETF,"5,836",+1,0.02,200,2026/10/07
1488,1488,1925,大和ハウス工業(株),東証PRM,"2,153",+0.5,0.02,"3,932,800",2026/10/07
1489,1489,496A,One ETF 日本国債 17-20年,東証ETF,908,+0.2,0.02,470,2026/10/07
