順位(全市場),順位,コード,銘柄名,市場,現在値,前日比,騰落率(%),出来高,時刻
1,1,5010,日本精蝋(株),東証STD,326,+80,32.52,"185,700",2026/08/17
2,2,3624,アクセルマーク(株),東証GRT,90,+19,26.76,"3,033,600",2026/08/17
3,3,8995,(株)誠建設工業,東証STD,"1,980",+400,25.32,"713,900",2026/08/17
4,4,9563,Ａｔｌａｓ　Ｔｅｃｈｎｏｌｏｇｉｅｓ(株),東証GRT,401,+80,24.92,"42,200",2026/08/17
5,5,3763,(株)プロシップ,東証PRM,"2,503",+481,23.79,"250,100",2026/08/17
6,6,6045,(株)レントラックス,東証GRT,"2,092",+400,23.64,"31,800",2026/08/17
7,7,3691,(株)デジタルプラス,東証GRT,"1,868",+345,22.65,"185,300",2026/08/17
8,8,9467,(株)アルファポリス,東証GRT,"1,201",+198,19.74,"909,200",2026/08/17
9,9,584A,ＬｉＮＫＸ(株),東証GRT,"3,270",+500,18.05,"149,400",2026/08/17
10,10,4392,ＦＩＧ(株),東証PRM,"1,230",+180,17.14,"16,665,100",2026/08/17
11,11,9115,明海グループ(株),東証STD,"1,053",+150,16.61,"124,800",2026/08/17
12,12,6092,(株)エンバイオ・ホールディングス,東証STD,900,+126,16.28,"355,300",2026/08/17
13,13,5027,ＡｎｙＭｉｎｄ　Ｇｒｏｕｐ(株),東証GRT,723,+100,16.05,"1,954,700",2026/08/17
14,14,590A,ギフティグループ(株),東証PRM,"1,376",+188,15.82,"1,196,200",2026/08/17
15,15,3933,チエル(株),東証STD,588,+79,15.52,"115,200",2026/08/17
16,16,247A,Ａｉロボティクス(株),東証GRT,999,+133,15.36,"5,449,200",2026/08/17
17,17,6613,(株)ＱＤレーザ,東証GRT,"2,083",+277,15.34,"5,495,300",2026/08/17
18,18,9344,アクシスコンサルティング(株),東証GRT,"1,139",+150,15.17,"5,700",2026/08/17
19,19,285A,キオクシアホールディングス(株),東証PRM,"61,840","+8,100",15.07,"48,583,900",2026/08/17
20,20,4180,Ａｐｐｉｅｒ　Ｇｒｏｕｐ(株),東証PRM,"1,302",+170,15.02,"8,260,600",2026/08/17
21,21,278A,Ｔｅｒｒａ　Ｄｒｏｎｅ(株),東証GRT,"13,780","+1,680",13.88,"1,528,700",2026/08/17
22,22,4418,(株)ＪＤＳＣ,東証GRT,964,+112,13.15,"1,350,100",2026/08/17
23,23,3936,(株)グローバルウェイ,東証GRT,185,+21,12.8,"5,535,800",2026/08/17
24,24,7695,(株)交換できるくん,東証GRT,864,+96,12.5,"112,200",2026/08/17
25,25,6834,(株)精工技研,東証STD,"27,600","+3,000",12.2,"338,800",2026/08/17
26,26,6217,津田駒工業(株),東証STD,928,+100,12.08,"703,900",2026/08/17
27,27,6071,(株)ＩＢＪ,東証PRM,940,+99,11.77,"2,310,200",2026/08/17
28,28,6327,北川精機(株),東証STD,"3,985",+405,11.31,"1,120,500",2026/08/17
29,29,8132,シナネンホールディングス(株),東証PRM,"8,800",+880,11.11,"54,700",2026/08/17
30,30,4499,(株)Ｓｐｅｅｅ,東証STD,"2,545",+242,10.51,"261,900",2026/08/17
31,31,5985,サンコール(株),東証STD,"2,358",+220,10.29,"1,716,600",2026/08/17
32,32,3053,(株)ペッパーフードサービス,東証STD,216,+20,10.2,"1,765,100",2026/08/17
33,33,280A,(株)ＴＭＨ,東証GRT,"1,269",+116,10.06,"88,300",2026/08/17
34,34,4564,オンコセラピー・サイエンス(株),東証GRT,22,+2,10.0,"224,056,100",2026/08/17
35,35,4889,(株)レナサイエンス,東証GRT,"1,320",+119,9.91,"870,300",2026/08/17
36,36,7793,(株)イメージ・マジック,東証GRT,"1,583",+133,9.17,"8,200",2026/08/17
37,37,2033,NEXT NOTES 韓国KOSPI･ダブル･ブルETN,東証ETF,"84,000","+7,020",9.12,"5,065",2026/08/17
38,38,4011,(株)ヘッドウォータース,東証GRT,"2,284",+187,8.92,"150,300",2026/08/17
39,39,6226,守谷輸送機工業(株),東証STD,"2,220",+179,8.77,"363,300",2026/08/17
40,40,6855,日本電子材料(株),東証STD,"7,590",+610,8.74,"1,106,200",2026/08/17
41,41,3110,日東紡,東証PRM,"3,440",+275,8.69,"7,629,700",2026/08/17
42,42,3633,ＧＭＯペパボ(株),東証STD,"2,389",+189,8.59,"208,900",2026/08/17
43,43,5537,(株)ＡｌｂａＬｉｎｋ,東証GRT,"2,947",+227,8.35,"207,100",2026/08/17
44,44,9256,(株)サクシード,東証GRT,"1,249",+96,8.33,"125,300",2026/08/17
45,45,3660,(株)アイスタイル,東証PRM,560,+43,8.32,"7,763,100",2026/08/17
46,46,7091,(株)リビングプラットフォーム,東証GRT,"1,290",+99,8.31,"34,400",2026/08/17
47,47,6941,山一電機(株),東証PRM,"9,040",+660,7.88,"393,400",2026/08/17
48,48,6574,(株)コンヴァノ,東証GRT,111,+8,7.77,"3,657,800",2026/08/17
49,49,7826,(株)フルヤ金属,東証PRM,"9,160",+650,7.64,"470,000",2026/08/17
50,50,4350,(株)メディカルシステムネットワーク,東証STD,494,+35,7.63,"367,500",2026/08/17
51,51,6387,サムコ(株),東証PRM,"10,650",+750,7.58,"119,700",2026/08/17
52,52,3810,サイバーステップホールディングス(株),東証STD,228,+16,7.55,"4,786,500",2026/08/17
53,53,5706,三井金属(株),東証PRM,"31,590","+2,215",7.54,"1,610,400",2026/08/17
54,54,5699,(株)イボキン,東証STD,"1,648",+115,7.5,"15,600",2026/08/17
55,55,7685,(株)ＢｕｙＳｅｌｌ　Ｔｅｃｈｎｏｌｏｇｉｅｓ,東証GRT,"3,400",+235,7.42,"1,287,800",2026/08/17
56,56,4588,オンコリスバイオファーマ(株),東証GRT,"3,490",+240,7.38,"1,425,800",2026/08/17
57,57,6036,ＫｅｅＰｅｒ技研(株),東証PRM,"3,175",+217,7.34,"606,100",2026/08/17
58,58,6580,(株)ライトアップ,東証GRT,864,+59,7.33,"46,700",2026/08/17
59,59,5803,(株)フジクラ,東証PRM,"6,078",+413,7.29,"66,184,600",2026/08/17
60,60,150A,(株)ＪＳＨ,東証GRT,664,+45,7.27,"2,293,400",2026/08/17
61,61,3441,(株)山王,東証STD,"2,938",+199,7.27,"62,900",2026/08/17
62,62,7426,(株)山大,東証STD,670,+45,7.2,"1,500",2026/08/17
63,63,5137,(株)スマートドライブ,東証GRT,285,+19,7.14,"1,037,500",2026/08/17
64,64,366A,ウェルネス・コミュニケーションズ(株),東証GRT,"1,133",+75,7.09,"140,000",2026/08/17
65,65,6994,(株)指月電機製作所,東証STD,"1,273",+84,7.06,"312,300",2026/08/17
66,66,3187,(株)ミラタップ,東証GRT,365,+24,7.04,"160,400",2026/08/17
67,67,6135,(株)牧野フライス製作所,東証PRM,"16,430","+1,080",7.04,"356,800",2026/08/17
68,68,4932,(株)アルマード,東証STD,776,+51,7.03,"73,700",2026/08/17
69,69,6890,(株)フェローテック,東証STD,"9,750",+640,7.03,"2,400,700",2026/08/17
70,70,4022,ラサ工業(株),東証PRM,"2,535",+165,6.96,"1,172,800",2026/08/17
71,71,6840,(株)ＡＫＩＢＡホールディングス,東証STD,787,+51,6.93,"818,700",2026/08/17
72,72,3856,Ａｂａｌａｎｃｅ(株),東証STD,371,+24,6.92,"192,300",2026/08/17
73,73,6336,(株)石井表記,東証STD,"1,796",+116,6.9,"54,000",2026/08/17
74,74,1407,(株)ウエストホールディングス,東証STD,"2,794",+180,6.89,"463,500",2026/08/17
75,75,4025,多木化学(株),東証PRM,"6,210",+400,6.88,"51,800",2026/08/17
76,76,3195,(株)ジェネレーションパス,東証STD,638,+41,6.87,"157,000",2026/08/17
77,77,7033,(株)マネジメントソリューションズ,東証PRM,"1,624",+104,6.84,"449,000",2026/08/17
78,78,500A,(株)ＴＯブックス,東証STD,"3,230",+205,6.78,"17,700",2026/08/17
79,79,6777,ｓａｎｔｅｃ　Ｈｏｌｄｉｎｇｓ(株),東証STD,"20,520","+1,300",6.76,"127,000",2026/08/17
80,80,558A,(株)ＳＱＵＥＥＺＥ,東証GRT,"5,380",+340,6.75,"58,800",2026/08/17
81,81,6276,シリウスビジョン(株),東証STD,382,+24,6.7,"1,259,500",2026/08/17
82,82,3777,(株)環境フレンドリーホールディングス,東証GRT,48,+3,6.67,"4,211,500",2026/08/17
83,83,1447,ＳＡＡＦホールディングス(株),東証GRT,404,+25,6.6,"454,600",2026/08/17
84,84,6524,湖北工業(株),東証STD,"5,110",+315,6.57,"276,000",2026/08/17
85,85,3077,ホリイフードサービス(株),東証STD,943,+58,6.55,"44,300",2026/08/17
86,86,269A,(株)Ｓａｐｅｅｔ,東証GRT,"2,595",+159,6.53,"12,700",2026/08/17
87,87,9556,ＩＮＴＬＯＯＰ(株),東証GRT,"2,194",+134,6.5,"113,200",2026/08/17
88,88,6659,(株)メディアリンクス,東証STD,50,+3,6.38,"3,526,400",2026/08/17
89,89,4937,(株)Ｗａｑｏｏ,東証GRT,"2,158",+128,6.31,"27,300",2026/08/17
90,90,4265,Ｉｎｓｔｉｔｕｔｉｏｎ　ｆｏｒ　ａ　Ｇｌｏｂａｌ　Ｓｏｃｉｅ(株),東証GRT,287,+17,6.3,"52,700",2026/08/17
91,91,7781,(株)平山ホールディングス,東証STD,882,+52,6.27,"104,200",2026/08/17
92,92,4583,(株)カイオム・バイオサイエンス,東証GRT,85,+5,6.25,"1,013,900",2026/08/17
93,93,3512,日本フエルト(株),東証STD,"1,028",+59,6.09,"28,400",2026/08/17
94,94,7803,(株)ブシロード,東証GRT,418,+24,6.09,"1,185,300",2026/08/17
95,95,6787,(株)メイコー,東証PRM,"19,360","+1,110",6.08,"443,200",2026/08/17
96,96,4597,ソレイジア・ファーマ(株),東証GRT,35,+2,6.06,"62,017,400",2026/08/17
97,97,5136,ｔｒｉｐｌａ(株),東証GRT,"1,896",+108,6.04,"66,400",2026/08/17
98,98,2901,(株)ウェルディッシュ,東証STD,159,+9,6.0,"257,900",2026/08/17
99,99,4346,(株)ＮＥＸＹＺ．Ｇｒｏｕｐ,東証STD,869,+49,5.98,"174,700",2026/08/17
100,100,3976,(株)シャノン,東証GRT,642,+36,5.94,"170,900",2026/08/17
101,101,5801,古河電気工業(株),東証PRM,"4,298",+241,5.94,"26,957,200",2026/08/17
102,102,7747,朝日インテック(株),東証PRM,"4,103",+229,5.91,"3,334,100",2026/08/17
103,103,2656,(株)ベクターホールディングス,東証STD,198,+11,5.88,"1,203,700",2026/08/17
104,104,3444,(株)菊池製作所,東証STD,"1,087",+60,5.84,"190,500",2026/08/17
105,105,213A,上場インデックスファンド日経半導体株,東証ETF,449.8,+24.6,5.79,"1,309,960",2026/08/17
106,106,5892,(株)ｙｕｔｏｒｉ,東証GRT,"2,679",+145,5.72,"159,600",2026/08/17
107,107,330A,(株)ＴａｌｅｎｔＸ,東証GRT,518,+28,5.71,"40,600",2026/08/17
108,108,5532,(株)リアルゲイト,東証GRT,"3,610",+195,5.71,"84,100",2026/08/17
109,109,6800,(株)ヨコオ,東証PRM,"4,445",+240,5.71,"148,700",2026/08/17
110,110,3970,(株)イノベーション,東証STD,872,+47,5.7,"158,800",2026/08/17
111,111,4971,メック(株),東証PRM,"7,970",+430,5.7,"666,300",2026/08/17
112,112,5074,テスホールディングス(株),東証PRM,686,+37,5.7,"5,267,200",2026/08/17
113,113,5016,ＪＸ金属(株),東証PRM,"4,000",+215,5.68,"17,306,800",2026/08/17
114,114,221A,MAXIS 日経半導体株上場投信,東証ETF,"1,270",+68,5.66,"255,230",2026/08/17
115,115,6837,(株)京写,東証STD,392,+21,5.66,"190,900",2026/08/17
116,116,6668,(株)アドテック　プラズマ　テクノロジー,東証STD,"3,930",+210,5.65,"45,400",2026/08/17
117,117,4446,Ｌｉｎｋ－Ｕグループ(株),東証STD,868,+46,5.6,"113,000",2026/08/17
118,118,3917,(株)アイリッジ,東証GRT,455,+24,5.57,"57,600",2026/08/17
119,119,7089,フォースタートアップス(株),東証GRT,"1,689",+89,5.56,"69,300",2026/08/17
120,120,5542,新報国マテリアル(株),東証STD,"1,013",+53,5.52,"72,200",2026/08/17
121,121,8537,(株)大光銀行,東証STD,"3,105",+160,5.43,"90,200",2026/08/17
122,122,9130,共栄タンカー(株),東証STD,"1,616",+83,5.41,"98,500",2026/08/17
123,123,4374,(株)ＲＯＢＯＴ　ＰＡＹＭＥＮＴ,東証GRT,"2,589",+132,5.37,"11,400",2026/08/17
124,124,2338,クオンタムソリューションズ(株),東証STD,138,+7,5.34,"348,800",2026/08/17
125,125,200A,(NEXT FUNDS) 日経半導体株指数連動型上場投信,東証ETF,"4,862",+246,5.33,"2,738,676",2026/08/17
126,126,485A,(株)パワーエックス,東証GRT,"1,879",+95,5.33,"3,629,800",2026/08/17
127,127,2983,(株)アールプランナー,東証GRT,"1,689",+85,5.3,"66,800",2026/08/17
128,128,5597,ブルーイノベーション(株),東証GRT,"1,340",+67,5.26,"58,700",2026/08/17
129,129,5726,(株)大阪チタニウムテクノロジーズ,東証PRM,"3,140",+157,5.26,"1,214,600",2026/08/17
130,130,6730,(株)アクセル,東証STD,"1,163",+58,5.25,"68,400",2026/08/17
131,131,4448,(株)ｋｕｂｅｌｌ,東証GRT,343,+17,5.21,"409,800",2026/08/17
132,132,6977,(株)日本抵抗器製作所,東証STD,"1,538",+76,5.2,"5,800",2026/08/17
133,133,8789,フィンテック　グローバル(株),東証STD,162,+8,5.19,"3,254,500",2026/08/17
134,134,4182,三菱ガス化学(株),東証PRM,"4,226",+207,5.15,"2,032,700",2026/08/17
135,135,7150,(株)島根銀行,東証STD,534,+26,5.12,"54,600",2026/08/17
136,136,341A,(株)トヨコー,東証GRT,"2,078",+101,5.11,"57,600",2026/08/17
137,137,6391,(株)加地テック,東証STD,"4,935",+240,5.11,"4,700",2026/08/17
138,138,135A,(株)ＶＲＡＩＮ　Ｓｏｌｕｔｉｏｎ,東証GRT,"4,330",+210,5.1,"87,800",2026/08/17
139,139,1960,(株)サンテック,東証STD,"1,780",+86,5.08,"76,200",2026/08/17
140,140,7071,(株)アンビスホールディングス,東証PRM,416,+20,5.05,"529,800",2026/08/17
141,141,5131,リンカーズ(株),東証GRT,125,+6,5.04,"73,200",2026/08/17
142,142,4480,(株)メドレー,東証PRM,"2,810",+133,4.97,"1,905,600",2026/08/17
143,143,4259,(株)エクサウィザーズ,東証GRT,740,+35,4.96,"2,781,400",2026/08/17
144,144,6989,北陸電気工業(株),東証STD,"2,624",+124,4.96,"20,300",2026/08/17
145,145,6663,太洋テクノレックス(株),東証STD,319,+15,4.93,"133,700",2026/08/17
146,146,1980,ダイダン(株),東証PRM,"2,906",+136,4.91,"900,000",2026/08/17
147,147,5247,(株)ＢＴＭ,東証GRT,577,+27,4.91,"44,400",2026/08/17
148,148,7868,(株)広済堂ホールディングス,東証PRM,577,+27,4.91,"813,000",2026/08/17
149,149,6469,(株)放電精密加工研究所,東証STD,"3,090",+144,4.89,"93,000",2026/08/17
150,150,7721,東京計器(株),東証PRM,"7,780",+360,4.85,"334,700",2026/08/17
151,151,4069,(株)ＢｌｕｅＭｅｍｅ,東証GRT,694,+32,4.83,"16,300",2026/08/17
152,152,6278,ユニオンツール(株),東証PRM,"17,160",+790,4.83,"216,600",2026/08/17
153,153,6875,(株)メガチップス,東証PRM,"11,790",+540,4.8,"147,100",2026/08/17
154,154,5591,(株)ＡＶＩＬＥＮ,東証GRT,838,+38,4.75,"47,000",2026/08/17
155,155,2065,NEXT NOTES 日本株配当貴族（ドルH、NR）ETN,東証ETF,"59,210","+2,670",4.72,23,2026/08/17
156,156,9812,(株)テーオーホールディングス,東証STD,245,+11,4.7,"23,200",2026/08/17
157,157,3168,(株)ＭＥＲＦ,東証STD,"1,570",+70,4.67,"138,600",2026/08/17
158,158,7318,セレンディップ・ホールディングス(株),東証GRT,"1,545",+69,4.67,"151,000",2026/08/17
159,159,5471,大同特殊鋼(株),東証PRM,"2,528.5",+112.5,4.66,"1,398,000",2026/08/17
160,160,7717,(株)ブイ・テクノロジー,東証PRM,"6,080",+270,4.65,"196,700",2026/08/17
161,161,4370,モビルス(株),東証GRT,316,+14,4.64,"3,200",2026/08/17
162,162,4055,ティアンドエスグループ(株),東証GRT,"1,626",+72,4.63,"60,900",2026/08/17
163,163,6082,(株)ライドオンエクスプレスホールディングス,東証STD,"1,041",+46,4.62,"112,000",2026/08/17
164,164,6298,ワイエイシイホールディングス(株),東証PRM,"1,378",+60,4.55,"431,600",2026/08/17
165,165,9902,(株)日伝,東証PRM,"3,215",+140,4.55,"129,300",2026/08/17
166,166,6622,(株)ダイヘン,東証PRM,"14,540",+630,4.53,"203,300",2026/08/17
167,167,1435,(株)ｒｏｂｏｔ　ｈｏｍｅ,東証STD,186,+8,4.49,"588,600",2026/08/17
168,168,4234,(株)サンエー化研,東証STD,980,+42,4.48,"84,900",2026/08/17
169,169,4596,窪田製薬ホールディングス(株),東証GRT,70,+3,4.48,"3,000,900",2026/08/17
170,170,4004,(株)レゾナック・ホールディングス,東証PRM,"17,200",+735,4.46,"1,773,100",2026/08/17
171,171,3103,ユニチカ(株),東証STD,"1,665",+71,4.45,"56,270,200",2026/08/17
172,172,6963,ローム(株),東証PRM,"5,239",+223,4.45,"3,245,400",2026/08/17
173,173,6666,リバーエレテック(株),東証STD,847,+36,4.44,"103,300",2026/08/17
174,174,2036,NEXT NOTES 金先物 ダブル・ブル ETN,東証ETF,"167,200","+7,050",4.4,"6,884",2026/08/17
175,175,460A,ＢＲＡＮＵ(株),東証GRT,"1,044",+44,4.4,"42,400",2026/08/17
176,176,8416,(株)高知銀行,東証STD,"1,190",+50,4.39,"71,000",2026/08/17
177,177,523A,(株)セイワホールディングス,東証GRT,"1,834",+77,4.38,"129,100",2026/08/17
178,178,7080,(株)スポーツフィールド,東証GRT,857,+36,4.38,"52,300",2026/08/17
179,179,8226,(株)理経,東証STD,405,+17,4.38,"233,800",2026/08/17
180,180,4479,(株)マクアケ,東証GRT,883,+37,4.37,"54,100",2026/08/17
181,181,9439,(株)エム・エイチ・グループ,東証STD,239,+10,4.37,"97,400",2026/08/17
182,182,3787,(株)テクノマセマティカル,東証STD,292,+12,4.29,"6,800",2026/08/17
183,183,6363,(株)酉島製作所,東証PRM,"3,295",+135,4.27,"183,900",2026/08/17
184,184,9308,乾汽船(株),東証STD,"2,147",+88,4.27,"211,500",2026/08/17
185,185,1438,(株)岐阜造園,東証STD,"2,280",+93,4.25,"4,200",2026/08/17
186,186,4199,ワンダープラネット(株),東証GRT,823,+33,4.18,"29,300",2026/08/17
187,187,3891,ニッポン高度紙工業(株),東証STD,"7,490",+300,4.17,"100,400",2026/08/17
188,188,4027,テイカ(株),東証PRM,"2,499",+100,4.17,"82,000",2026/08/17
189,189,4766,(株)ピーエイ,東証STD,200,+8,4.17,"19,600",2026/08/17
190,190,3727,(株)アプリックス,東証GRT,151,+6,4.14,"65,600",2026/08/17
191,191,166A,(株)タスキホールディングス,東証PRM,"1,192",+47,4.1,"563,800",2026/08/17
192,192,4579,ラクオリア創薬(株),東証GRT,533,+21,4.1,"343,200",2026/08/17
193,193,4082,第一稀元素化学工業(株),東証PRM,"2,085",+82,4.09,"339,300",2026/08/17
194,194,7038,フロンティア・マネジメント(株),東証PRM,587,+23,4.08,"41,700",2026/08/17
195,195,8541,(株)愛媛銀行,東証PRM,"3,190",+125,4.08,"188,600",2026/08/17
196,196,6904,原田工業(株),東証STD,562,+22,4.07,"360,400",2026/08/17
197,197,6616,トレックス・セミコンダクター(株),東証PRM,"2,159",+84,4.05,"88,300",2026/08/17
198,198,436A,サイバーソリューションズ(株),東証GRT,"1,158",+45,4.04,"35,100",2026/08/17
199,199,7777,(株)スリー・ディー・マトリックス,東証GRT,386,+15,4.04,"2,080,500",2026/08/17
200,200,1623,(NEXT FUNDS)鉄鋼･非鉄上場投信,東証ETF,"70,170","+2,720",4.03,"2,773",2026/08/17
201,201,3652,(株)ディジタルメディアプロフェッショナル,東証GRT,"2,529",+98,4.03,"20,300",2026/08/17
202,202,3489,(株)フェイスネットワーク,東証STD,853,+33,4.02,"232,700",2026/08/17
203,203,5029,サークレイス(株),東証GRT,751,+29,4.02,"21,400",2026/08/17
204,204,6584,三桜工業(株),東証PRM,855,+33,4.01,"499,400",2026/08/17
205,205,6656,インスペック(株),東証STD,908,+35,4.01,"91,200",2026/08/17
206,206,1942,(株)関電工,東証PRM,"5,740",+220,3.99,"1,056,200",2026/08/17
207,207,543A,ＡＲＣＨＩＯＮ(株),東証PRM,287,+11,3.99,"49,732,700",2026/08/17
208,208,6464,(株)ツバキ・ナカシマ,東証PRM,340,+13,3.98,"911,000",2026/08/17
209,209,7072,(株)インティメート・マージャー,東証GRT,"1,205",+46,3.97,"23,300",2026/08/17
210,210,6264,(株)マルマエ,東証PRM,"2,232",+85,3.96,"450,200",2026/08/17
211,211,1490,上場MSCI日本株高配当低ボラティリティ(βH),東証ETF,"7,900",+300,3.95,1,2026/08/17
212,212,4884,クリングルファーマ(株),東証GRT,421,+16,3.95,"259,500",2026/08/17
213,213,6961,(株)エンプラス,東証PRM,"11,870",+450,3.94,"110,300",2026/08/17
214,214,438A,(株)インフキュリオン,東証GRT,979,+37,3.93,"196,000",2026/08/17
215,215,3696,(株)セレス,東証PRM,"2,147",+81,3.92,"176,600",2026/08/17
216,216,4891,(株)ティムス,東証GRT,106,+4,3.92,"773,700",2026/08/17
217,217,6085,アーキテクツ・スタジオ・ジャパン(株),東証GRT,80,+3,3.9,"7,923,800",2026/08/17
218,218,2666,(株)オートウェーブ,東証STD,187,+7,3.89,"457,700",2026/08/17
219,219,4393,(株)バンク・オブ・イノベーション,東証GRT,"5,360",+200,3.88,"148,800",2026/08/17
220,220,5871,ＳＯＬＩＺＥ　Ｈｏｌｄｉｎｇｓ(株),東証STD,"1,392",+52,3.88,"5,400",2026/08/17
221,221,7359,(株)東京通信グループ,東証GRT,268,+10,3.88,"151,600",2026/08/17
222,222,1319,(NEXT FUNDS)日経300株価指数連動型上場投信,東証ETF,779,+28.9,3.85,"4,000",2026/08/17
223,223,3104,富士紡ホールディングス(株),東証PRM,"3,785",+140,3.84,"103,400",2026/08/17
224,224,4970,東洋合成工業(株),東証STD,"12,990",+480,3.84,"92,700",2026/08/17
225,225,4062,イビデン(株),東証PRM,"21,580",+795,3.82,"6,812,000",2026/08/17
226,226,4378,(株)ＣＩＮＣ,東証GRT,516,+19,3.82,"18,600",2026/08/17
227,227,3753,(株)フライトソリューションズ,東証STD,246,+9,3.8,"313,100",2026/08/17
228,228,3977,フュージョン(株),札幌ア,519,+19,3.8,200,2026/08/17
229,229,2170,(株)リンクアンドモチベーション,東証PRM,630,+23,3.79,"916,700",2026/08/17
230,230,5713,住友金属鉱山(株),東証PRM,"9,947",+362,3.78,"2,400,400",2026/08/17
231,231,9227,マイクロ波化学(株),東証GRT,962,+35,3.78,"244,600",2026/08/17
232,232,9160,(株)オンザページ,東証STD,331,+12,3.76,"266,900",2026/08/17
233,233,3556,リネットジャパングループ(株),東証GRT,914,+33,3.75,"122,400",2026/08/17
234,234,5242,(株)アイズ,東証GRT,"2,019",+73,3.75,"2,900",2026/08/17
235,235,3047,(株)ＴＲＵＣＫ－ＯＮＥ,福岡Q,970,+35,3.74,"1,100",2026/08/17
236,236,8563,(株)大東銀行,東証STD,"1,136",+41,3.74,"61,900",2026/08/17
237,237,606A,金2倍ブルETF,東証ETF,"22,805",+820,3.73,"5,051",2026/08/17
238,238,2533,オエノンホールディングス(株),東証PRM,475,+17,3.71,"232,600",2026/08/17
239,239,282A,GX 半導体・トップ10-日本株式,東証ETF,"2,600",+93,3.71,"234,947",2026/08/17
240,240,428A,サイプレス・ホールディングス(株),東証STD,"1,453",+52,3.71,"33,300",2026/08/17
241,241,3449,(株)テクノフレックス,東証STD,"4,200",+150,3.7,"124,000",2026/08/17
242,242,7877,永大化工(株),東証STD,"2,215",+79,3.7,"2,100",2026/08/17
243,243,7760,ＩＭＶ(株),東証STD,"2,193",+78,3.69,"115,500",2026/08/17
244,244,3623,ビリングシステム(株),東証GRT,"1,072",+38,3.68,"32,300",2026/08/17
245,245,4584,キッズウェル・バイオ(株),東証GRT,169,+6,3.68,"484,800",2026/08/17
246,246,4966,上村工業(株),東証STD,"21,750",+770,3.67,"90,800",2026/08/17
247,247,2737,(株)トーメンデバイス,東証PRM,"32,550","+1,150",3.66,"69,100",2026/08/17
248,248,1965,(株)テクノ菱和,東証STD,"6,250",+220,3.65,"80,900",2026/08/17
249,249,5644,(株)メタルアート,東証STD,"7,660",+270,3.65,"7,300",2026/08/17
250,250,5802,住友電気工業(株),東証PRM,"2,473",+87,3.65,"19,089,100",2026/08/17
251,251,1723,日本電技(株),東証STD,"2,192",+77,3.64,"208,600",2026/08/17
252,252,7719,(株)東京衡機,東証STD,455,+16,3.64,"92,800",2026/08/17
253,253,4572,カルナバイオサイエンス(株),東証GRT,343,+12,3.63,"126,100",2026/08/17
254,254,9767,日建工学(株),東証STD,"1,632",+57,3.62,"2,200",2026/08/17
255,255,9880,イノテック(株),東証PRM,"3,865",+135,3.62,"128,000",2026/08/17
256,256,3436,(株)ＳＵＭＣＯ,東証PRM,"4,061",+141,3.6,"12,366,000",2026/08/17
257,257,7670,オーウエル(株),東証STD,"1,237",+43,3.6,"16,100",2026/08/17
258,258,505A,(株)ギークリー,東証STD,"1,414",+49,3.59,"21,700",2026/08/17
259,259,8364,(株)清水銀行,東証PRM,"3,185",+110,3.58,"61,500",2026/08/17
260,260,1773,ＹＴＬ,東証PRM外国,87,+3,3.57,"6,000",2026/08/17
261,261,7901,(株)マツモト,東証STD,870,+30,3.57,"7,900",2026/08/17
262,262,6023,ダイハツインフィニアース(株),東証STD,"3,080",+106,3.56,"257,900",2026/08/17
263,263,1961,三機工業(株),東証PRM,"2,527",+86,3.52,"625,200",2026/08/17
264,264,7375,(株)リファインバースグループ,東証GRT,"1,268",+43,3.51,"180,000",2026/08/17
265,265,2484,(株)出前館,東証STD,148,+5,3.5,"568,900",2026/08/17
266,266,5367,(株)ニッカトー,東証STD,"1,330",+45,3.5,"196,100",2026/08/17
267,267,549A,ヒトトヒトホールディングス(株),東証STD,503,+17,3.5,"30,500",2026/08/17
268,268,7292,(株)村上開明堂,東証STD,"6,820",+230,3.49,"8,200",2026/08/17
269,269,261A,(株)日水コン,東証STD,"1,995",+67,3.48,"72,600",2026/08/17
270,270,4379,(株)Ｐｈｏｔｏｓｙｎｔｈ,東証GRT,446,+15,3.48,"90,800",2026/08/17
271,271,6769,ザインエレクトロニクス(株),東証STD,"1,140",+38,3.45,"65,500",2026/08/17
272,272,9236,ジャパンＭ＆Ａソリューション(株),東証GRT,"1,349",+45,3.45,"4,500",2026/08/17
273,273,5981,東京製綱(株),東証PRM,"1,993",+66,3.43,"140,000",2026/08/17
274,274,3173,(株)Ｃｏｍｉｎｉｘ,東証STD,"1,480",+49,3.42,"31,300",2026/08/17
275,275,7942,(株)ＪＳＰ,東証PRM,"3,190",+105,3.4,"93,000",2026/08/17
276,276,6723,ルネサスエレクトロニクス(株),東証PRM,"3,873",+127,3.39,"9,156,700",2026/08/17
277,277,5817,ＪＭＡＣＳ(株),東証STD,"1,040",+34,3.38,"30,000",2026/08/17
278,278,7746,岡本硝子(株),東証STD,768,+25,3.36,"828,100",2026/08/17
279,279,4031,片倉コープアグリ(株),東証STD,"1,114",+36,3.34,"30,500",2026/08/17
280,280,2031,NEXT NOTES 香港ハンセン･ダブル･ブルETN,東証ETF,"8,039",+259,3.33,316,2026/08/17
281,281,3154,メディアスホールディングス(株),東証PRM,806,+26,3.33,"52,100",2026/08/17
282,282,3823,ＴＨＥ　ＷＨＹ　ＨＯＷ　ＤＯ　ＣＯＭＰＡＮＹ(株),東証STD,31,+1,3.33,"339,900",2026/08/17
283,283,9119,飯野海運(株),東証PRM,"1,645",+53,3.33,"293,200",2026/08/17
284,284,3963,(株)シンクロ・フード,東証PRM,373,+12,3.32,"130,700",2026/08/17
285,285,5333,ＮＧＫ(株),東証PRM,"6,121",+196,3.31,"1,333,000",2026/08/17
286,286,1848,(株)富士ピー・エス,東証STD,719,+23,3.3,"25,800",2026/08/17
287,287,6070,キャリアリンク(株),東証PRM,"2,544",+81,3.29,"144,200",2026/08/17
288,288,6862,ミナトホールディングス(株),東証STD,"3,925",+125,3.29,"845,800",2026/08/17
289,289,325A,(株)ＴＥＮＴＩＡＬ,東証GRT,"1,637",+52,3.28,"209,400",2026/08/17
290,290,6145,ＮＩＴＴＯＫＵ(株),東証STD,"2,520",+80,3.28,"99,100",2026/08/17
291,291,6134,(株)ＦＵＪＩ,東証PRM,"8,561",+271,3.27,"584,100",2026/08/17
292,292,441A,ＮＥ(株),東証GRT,285,+9,3.26,"41,600",2026/08/17
293,293,6844,新電元工業(株),東証PRM,"3,335",+105,3.25,"116,600",2026/08/17
294,294,7919,野崎印刷紙業(株),東証STD,223,+7,3.24,"56,000",2026/08/17
295,295,4047,関東電化工業(株),東証PRM,"2,715",+85,3.23,"934,200",2026/08/17
296,296,8107,(株)キムラタン,東証STD,32,+1,3.23,"51,800",2026/08/17
297,297,4107,伊勢化学工業(株),東証STD,"3,850",+120,3.22,"200,100",2026/08/17
298,298,6228,(株)ジェイ・イー・ティ,東証STD,517,+16,3.19,"48,600",2026/08/17
299,299,4845,(株)スカラ,東証STD,357,+11,3.18,"212,600",2026/08/17
300,300,7886,ヤマト　モビリティ　＆　Ｍｆｇ．(株),東証STD,713,+22,3.18,"4,400",2026/08/17
301,301,9362,兵機海運(株),東証STD,"3,730",+115,3.18,400,2026/08/17
302,302,1596,NZAM 上場投信 TOPIX Ex-Financials,東証ETF,"3,096",+95,3.17,145,2026/08/17
303,303,3653,(株)モルフォ,東証GRT,716,+22,3.17,"20,900",2026/08/17
304,304,3694,(株)オプティム,東証PRM,456,+14,3.17,"361,900",2026/08/17
305,305,3358,Ｔｒａｉｌｈｅａｄ　Ｇｌｏｂａｌ　Ｈｏｌｄｉｎｇｓ(株),東証STD,98,+3,3.16,"661,400",2026/08/17
306,306,2644,GX 半導体関連-日本株式,東証ETF,"4,388",+133,3.13,"594,689",2026/08/17
307,307,578A,GX シルバー (H有),東証ETF,254.5,+7.7,3.12,"2,150",2026/08/17
308,308,7711,助川電気工業(株),東証STD,"4,965",+150,3.12,"52,700",2026/08/17
309,309,3674,(株)オークファン,東証GRT,332,+10,3.11,"6,600",2026/08/17
310,310,4762,(株)エックスネット,東証STD,"2,064",+62,3.1,"3,000",2026/08/17
311,311,1946,(株)トーエネック,東証PRM,"2,167",+65,3.09,"171,900",2026/08/17
312,312,421A,(株)ムービン・ストラテジック・キャリア,東証GRT,"4,020",+120,3.08,"144,000",2026/08/17
313,313,5915,(株)駒井ハルテック,東証STD,"2,443",+73,3.08,"7,600",2026/08/17
314,314,7120,(株)ＳＨＩＮＫＯ,東証STD,"1,006",+30,3.07,"66,300",2026/08/17
315,315,5631,(株)日本製鋼所,東証PRM,"8,052",+239,3.06,"619,900",2026/08/17
316,316,7983,(株)ミロク,東証STD,"1,082",+32,3.05,"3,600",2026/08/17
317,317,9962,(株)ミスミグループ本社,東証PRM,"3,948",+117,3.05,"1,352,700",2026/08/17
318,318,404A,GX チャイナテック・トップ10,東証ETF,"1,356",+40,3.04,"3,031",2026/08/17
319,319,2345,(株)ＨＯＤＬ１,東証STD,102,+3,3.03,"190,100",2026/08/17
320,320,7384,(株)プロクレアホールディングス,東証PRM,"4,765",+140,3.03,"92,600",2026/08/17
321,321,1945,(株)東京エネシス,東証PRM,"2,087",+61,3.01,"214,100",2026/08/17
322,322,206A,(株)ＰＲＩＳＭ　ＢｉｏＬａｂ,東証GRT,171,+5,3.01,"107,900",2026/08/17
323,323,3446,(株)ジェイテックコーポレーション,東証STD,"1,642",+48,3.01,"42,400",2026/08/17
324,324,1572,中国H株ブル2倍上場投信,東証ETF,"7,110",+207,3.0,"2,620",2026/08/17
325,325,6986,双葉電子工業(株),東証PRM,686,+20,3.0,"578,600",2026/08/17
326,326,141A,(株)トライアルホールディングス,東証GRT,"3,790",+110,2.99,"1,408,100",2026/08/17
327,327,1382,(株)ホーブ,東証STD,899,+26,2.98,"2,600",2026/08/17
328,328,5698,(株)エンビプロ・ホールディングス,東証STD,795,+23,2.98,"420,600",2026/08/17
329,329,7602,(株)レダックス,東証STD,173,+5,2.98,"186,700",2026/08/17
330,330,8152,ソマール(株),東証STD,"7,600",+220,2.98,"2,700",2026/08/17
331,331,1967,(株)ヤマト,東証STD,"2,160",+62,2.96,"26,300",2026/08/17
332,332,2628,iFree 中国科創板50,東証ETF,"4,210",+121,2.96,"2,117",2026/08/17
333,333,2705,(株)大戸屋ホールディングス,東証STD,"8,690",+250,2.96,"16,200",2026/08/17
334,334,7366,(株)ＬＩＴＡＬＩＣＯ,東証PRM,"1,844",+53,2.96,"144,700",2026/08/17
335,335,5805,ＳＷＣＣ(株),東証PRM,"14,680",+420,2.95,"481,400",2026/08/17
336,336,6490,(株)ＰＩＬＬＡＲ,東証PRM,"10,480",+300,2.95,"108,700",2026/08/17
337,337,6882,(株)三社電機製作所,東証STD,"1,258",+36,2.95,"53,600",2026/08/17
338,338,7060,ギークス(株),東証STD,595,+17,2.94,"26,900",2026/08/17
339,339,3911,(株)Ａｉｍｉｎｇ,東証GRT,177,+5,2.91,"391,400",2026/08/17
340,340,550A,(株)ソフトテックス,東証STD,"2,195",+62,2.91,"5,300",2026/08/17
341,341,9562,ビジネスコーチ(株),東証GRT,601,+17,2.91,"8,500",2026/08/17
342,342,2780,(株)コメ兵ホールディングス,東証STD,"5,320",+150,2.9,"267,800",2026/08/17
343,343,6238,フリュー(株),東証PRM,"1,387",+39,2.89,"111,800",2026/08/17
344,344,7911,ＴＯＰＰＡＮホールディングス(株),東証PRM,"5,433",+152,2.88,"1,879,100",2026/08/17
345,345,407A,(株)ＵＮＩＣＯＮホールディングス,東証STD,903,+25,2.85,"23,700",2026/08/17
346,346,6063,日本エマージェンシーアシスタンス(株),東証STD,"1,011",+28,2.85,"3,800",2026/08/17
347,347,6218,エンシュウ(株),東証STD,649,+18,2.85,"3,900",2026/08/17
348,348,8713,フィデアホールディングス(株),東証PRM,"2,705",+75,2.85,"151,300",2026/08/17
349,349,477A,(株)スタートライン,東証GRT,689,+19,2.84,"45,700",2026/08/17
350,350,1938,日本リーテック(株),東証PRM,"2,510",+69,2.83,"120,500",2026/08/17
351,351,1685,WisdomTree エネルギー上場投信,東証ETF,838,+23,2.82,220,2026/08/17
352,352,2436,共同ピーアール(株),東証STD,656,+18,2.82,"59,600",2026/08/17
353,353,4056,ニューラルグループ(株),東証GRT,219,+6,2.82,"20,500",2026/08/17
354,354,4582,シンバイオ製薬(株),東証GRT,73,+2,2.82,"452,700",2026/08/17
355,355,1887,日本国土開発(株),東証PRM,549,+15,2.81,"704,200",2026/08/17
356,356,4256,(株)サインド,東証GRT,989,+27,2.81,"9,900",2026/08/17
357,357,6078,(株)バリューＨＲ,東証PRM,"1,537",+42,2.81,"62,000",2026/08/17
358,358,6518,三相電機(株),東証STD,"1,945",+53,2.8,"11,600",2026/08/17
359,359,7111,ＩＮＥＳＴ(株),東証STD,514,+14,2.8,"16,800",2026/08/17
360,360,5342,ジャニス工業(株),名証MN,405,+11,2.79,"2,300",2026/08/17
361,361,9337,(株)トリドリ,東証GRT,"1,402",+38,2.79,"80,500",2026/08/17
362,362,9441,(株)ベルパーク,東証STD,"2,947",+80,2.79,"13,700",2026/08/17
363,363,2802,味の素(株),東証PRM,"5,721",+155,2.78,"3,490,200",2026/08/17
364,364,5989,(株)エイチワン,東証PRM,"1,552",+42,2.78,"186,200",2026/08/17
365,365,7624,(株)ＮａＩＴＯ,東証STD,149,+4,2.76,"174,900",2026/08/17
366,366,8349,(株)東北銀行,東証STD,"1,572",+42,2.75,"33,500",2026/08/17
367,367,1966,(株)高田工業所,東証STD,"1,765",+47,2.74,"6,500",2026/08/17
368,368,1975,(株)朝日工業社,東証PRM,"3,940",+105,2.74,"146,200",2026/08/17
369,369,6779,日本電波工業(株),東証PRM,"3,185",+85,2.74,"559,500",2026/08/17
370,370,336A,ダイナミックマッププラットフォーム(株),東証GRT,827,+22,2.73,"202,200",2026/08/17
371,371,6125,(株)岡本工作機械製作所,東証STD,"5,120",+135,2.71,"37,000",2026/08/17
372,372,218A,(株)Ｌｉｂｅｒａｗａｒｅ,東証GRT,"1,104",+29,2.7,"161,300",2026/08/17
373,373,4978,(株)リプロセル,東証GRT,152,+4,2.7,"859,600",2026/08/17
374,374,5821,平河ヒューテック(株),東証PRM,"3,625",+95,2.69,"58,600",2026/08/17
375,375,5838,楽天銀行(株),東証PRM,"6,220",+163,2.69,"1,270,400",2026/08/17
376,376,6016,(株)ジャパンエンジンコーポレーション,東証STD,"9,950",+260,2.68,"63,700",2026/08/17
377,377,4369,(株)トリケミカル研究所,東証PRM,"3,455",+90,2.67,"258,100",2026/08/17
378,378,577A,GX シルバー,東証ETF,257.5,+6.7,2.67,"4,330",2026/08/17
379,379,2477,手間いらず(株),東証STD,"3,085",+80,2.66,"20,000",2026/08/17
380,380,7256,河西工業(株),東証STD,463,+12,2.66,"1,136,300",2026/08/17
381,381,7041,ＣＲＧホールディングス(株),東証GRT,349,+9,2.65,"14,000",2026/08/17
382,382,7217,(株)テイン,東証STD,465,+12,2.65,"11,400",2026/08/17
383,383,7102,日本車輌製造(株),東証PRM,"3,690",+95,2.64,"57,500",2026/08/17
384,384,9369,(株)キユーソー流通システム,東証STD,"3,115",+80,2.64,"46,300",2026/08/17
385,385,3113,(株)ＵＮＩＶＡ・Ｏａｋホールディングス,東証STD,78,+2,2.63,"214,600",2026/08/17
386,386,3560,(株)ほぼ日,東証STD,"4,490",+115,2.63,"2,600",2026/08/17
387,387,6054,(株)リブセンス,東証STD,117,+3,2.63,"41,100",2026/08/17
388,388,4880,セルソース(株),東証STD,357,+9,2.59,"80,600",2026/08/17
389,389,4258,(株)網屋,東証GRT,"4,795",+120,2.57,"78,600",2026/08/17
390,390,4437,ｇｏｏｄｄａｙｓホールディングス(株),東証GRT,797,+20,2.57,"3,700",2026/08/17
391,391,6157,日進工具(株),東証STD,878,+22,2.57,"136,500",2026/08/17
392,392,7726,黒田精工(株),東証STD,"1,356",+34,2.57,"24,000",2026/08/17
393,393,8343,(株)秋田銀行,東証PRM,"8,770",+220,2.57,"229,400",2026/08/17
394,394,7709,クボテック(株),東証STD,40,+1,2.56,"62,000",2026/08/17
395,395,9780,(株)ハリマビステム,東証STD,"1,041",+26,2.56,"10,200",2026/08/17
396,396,9984,ソフトバンクグループ(株),東証PRM,"5,886",+147,2.56,"26,818,700",2026/08/17
397,397,7827,(株)オービス,東証STD,"1,730",+43,2.55,"9,100",2026/08/17
398,398,6976,太陽誘電(株),東証PRM,"11,295",+280,2.54,"15,180,700",2026/08/17
399,399,7794,(株)イーディーピー,東証GRT,970,+24,2.54,"435,600",2026/08/17
400,400,1815,鉄建建設(株),東証PRM,"4,455",+110,2.53,"125,100",2026/08/17
401,401,4591,(株)リボミック,東証GRT,81,+2,2.53,"913,900",2026/08/17
402,402,6592,マブチモーター(株),東証PRM,"1,786",+44,2.53,"2,986,700",2026/08/17
403,403,2934,ジェイフロンティア(株),東証GRT,"2,050",+50,2.5,"12,500",2026/08/17
404,404,4576,(株)デ・ウエスタン・セラピテクス研究所,東証GRT,82,+2,2.5,"231,100",2026/08/17
405,405,4975,(株)ＪＣＵ,東証PRM,"5,740",+140,2.5,"81,200",2026/08/17
406,406,6137,小池酸素工業(株),東証STD,"1,516",+37,2.5,"29,200",2026/08/17
407,407,7692,(株)アースインフィニティ,東証STD,82,+2,2.5,"179,600",2026/08/17
408,408,9251,(株)ＡＢ＆Ｃｏｍｐａｎｙ,東証GRT,"1,437",+35,2.5,"39,500",2026/08/17
409,409,1693,WisdomTree 銅上場投信,東証ETF,"9,224",+224,2.49,"11,000",2026/08/17
410,410,7161,(株)じもとホールディングス,東証STD,578,+14,2.48,"108,300",2026/08/17
411,411,1944,(株)きんでん,東証PRM,"7,083",+171,2.47,"604,900",2026/08/17
412,412,4053,(株)Ｓｕｎ　Ａｓｔｅｒｉｓｋ,東証PRM,457,+11,2.47,"169,400",2026/08/17
413,413,4368,扶桑化学工業(株),東証PRM,"3,520",+85,2.47,"646,900",2026/08/17
414,414,6857,(株)アドバンテスト,東証PRM,"37,780",+910,2.47,"6,600,200",2026/08/17
415,415,1695,WisdomTree 小麦上場投信,東証ETF,"3,460",+83,2.46,"5,766",2026/08/17
416,416,6231,木村工機(株),東証STD,"13,740",+330,2.46,"13,500",2026/08/17
417,417,6597,ＨＰＣシステムズ(株),東証GRT,"3,750",+90,2.46,"294,400",2026/08/17
418,418,7859,(株)アルメディオ,東証STD,250,+6,2.46,"169,000",2026/08/17
419,419,9104,(株)商船三井,東証PRM,"6,629",+158,2.44,"3,114,900",2026/08/17
420,420,5240,ｍｏｎｏＡＩ　ｔｅｃｈｎｏｌｏｇｙ(株),東証GRT,211,+5,2.43,"1,228,700",2026/08/17
421,421,3913,ＧｒｅｅｎＢｅｅ(株),東証STD,"1,102",+26,2.42,"21,200",2026/08/17
422,422,9511,沖縄電力(株),東証PRM,"1,142",+27,2.42,"333,400",2026/08/17
423,423,1433,ベステラ(株),東証PRM,"1,190",+28,2.41,"58,300",2026/08/17
424,424,4477,ＢＡＳＥ(株),東証GRT,297,+7,2.41,"580,800",2026/08/17
425,425,448A,ステート・ストリート・スパイダー ゴールド ETF(H有),東証ETF,263.8,+6.2,2.41,"12,600",2026/08/17
426,426,9082,大和自動車交通(株),東証STD,"1,870",+44,2.41,"1,500",2026/08/17
427,427,3479,(株)ＴＫＰ,東証GRT,"1,877",+44,2.4,"70,800",2026/08/17
428,428,4549,栄研化学(株),東証PRM,"2,342",+55,2.4,"151,500",2026/08/17
429,429,4570,(株)免疫生物研究所,東証GRT,"1,066",+25,2.4,"146,300",2026/08/17
430,430,4575,(株)キャンバス,東証GRT,810,+19,2.4,"251,400",2026/08/17
431,431,463A,(株)インテリックスホールディングス,東証STD,985,+23,2.39,"22,100",2026/08/17
432,432,6943,ＮＫＫスイッチズ(株),東証STD,"5,580",+130,2.39,"2,000",2026/08/17
433,433,8247,(株)大和,東証STD,300,+7,2.39,"10,900",2026/08/17
434,434,6338,(株)タカトリ,東証STD,"1,718",+40,2.38,"21,500",2026/08/17
435,435,7735,(株)ＳＣＲＥＥＮホールディングス,東証PRM,"14,615",+340,2.38,"1,962,300",2026/08/17
436,436,469A,(株)フィットクルー,東証GRT,"1,595",+37,2.37,"3,400",2026/08/17
437,437,6113,(株)アマダ,東証PRM,"2,832.5",+65.5,2.37,"2,036,700",2026/08/17
438,438,8383,(株)鳥取銀行,東証STD,"1,998",+46,2.36,"28,800",2026/08/17
439,439,1436,(株)グリーンエナジー＆カンパニー,東証GRT,"1,663",+38,2.34,"37,200",2026/08/17
440,440,1674,WisdomTree 白金上場投信,東証ETF,"25,350",+580,2.34,544,2026/08/17
441,441,4165,(株)プレイド,東証GRT,699,+16,2.34,"889,300",2026/08/17
442,442,6508,(株)明電舎,東証PRM,"12,660",+290,2.34,"283,600",2026/08/17
443,443,4186,東京応化工業(株),東証PRM,"9,577",+217,2.32,"538,000",2026/08/17
444,444,6648,(株)かわでん,東証STD,"1,762",+40,2.32,"45,700",2026/08/17
445,445,7280,(株)ミツバ,東証PRM,"1,285",+29,2.31,"216,900",2026/08/17
446,446,2693,ＹＫＴ(株),東証STD,312,+7,2.3,"78,600",2026/08/17
447,447,544A,ＧＭＳグループ(株),東証PRM,357,+8,2.29,"536,000",2026/08/17
448,448,1673,WisdomTree 銀上場投信,東証ETF,"9,501",+212,2.28,"2,290",2026/08/17
449,449,3277,(株)サンセイランディック,東証STD,852,+19,2.28,"105,400",2026/08/17
450,450,4021,日産化学(株),東証PRM,"8,158",+182,2.28,"498,700",2026/08/17
451,451,5258,(株)トランザクション・メディア・ネットワークス,東証GRT,448,+10,2.28,"434,400",2026/08/17
452,452,6239,(株)ナガオカ,東証STD,"1,434",+32,2.28,"5,800",2026/08/17
453,453,7277,(株)ＴＢＫ,東証STD,359,+8,2.28,"29,400",2026/08/17
454,454,7011,三菱重工業(株),東証PRM,"4,350",+96,2.26,"16,596,500",2026/08/17
455,455,7369,(株)メイホーホールディングス,東証GRT,362,+8,2.26,"23,400",2026/08/17
456,456,1542,純銀上場信託(現物国内保管型),東証ETF,"30,660",+675,2.25,"64,608",2026/08/17
457,457,4820,(株)ＥＭシステムズ,東証PRM,590,+13,2.25,"259,800",2026/08/17
458,458,1676,WisdomTree 貴金属バスケット上場投信,東証ETF,"43,340",+950,2.24,23,2026/08/17
459,459,6653,(株)正興電機製作所,東証PRM,"2,328",+51,2.24,"107,900",2026/08/17
460,460,7068,フィードフォースグループ(株),東証GRT,593,+13,2.24,"109,200",2026/08/17
461,461,2138,クルーズ(株),東証STD,459,+10,2.23,"19,200",2026/08/17
462,462,5816,オーナンバ(株),東証STD,"1,647",+36,2.23,"21,700",2026/08/17
463,463,6176,(株)ブランジスタ,東証STD,"1,007",+22,2.23,"339,100",2026/08/17
464,464,8508,Ｊトラスト(株),東証STD,915,+20,2.23,"2,073,900",2026/08/17
465,465,9240,(株)デリバリーコンサルティング,東証GRT,413,+9,2.23,"10,400",2026/08/17
466,466,9270,バリュエンスホールディングス(株),東証GRT,"2,105",+46,2.23,"76,800",2026/08/17
467,467,1870,矢作建設工業(株),東証PRM,"2,114",+46,2.22,"162,200",2026/08/17
468,468,4176,(株)ココナラ,東証GRT,276,+6,2.22,"175,500",2026/08/17
469,469,5138,(株)Ｒｅｂａｓｅ,東証GRT,461,+10,2.22,800,2026/08/17
470,470,6763,帝国通信工業(株),東証PRM,"3,035",+66,2.22,"30,800",2026/08/17
471,471,8105,Ｂｉｔｃｏｉｎ　Ｊａｐａｎ(株),東証STD,92,+2,2.22,"1,470,700",2026/08/17
472,472,2700,木徳神糧(株),東証STD,"1,807",+39,2.21,"18,700",2026/08/17
473,473,6118,アイダエンジニアリング(株),東証PRM,"1,252",+27,2.2,"145,600",2026/08/17
474,474,498A,防衛・航空宇宙 欧州株(ネットリターン)ETN,東証ETF,"10,265",+220,2.19,266,2026/08/17
475,475,6203,豊和工業(株),東証STD,"1,540",+33,2.19,"151,600",2026/08/17
476,476,1941,(株)中電工,東証PRM,"5,160",+110,2.18,"129,100",2026/08/17
477,477,372A,(株)レント,東証STD,"5,630",+120,2.18,"6,000",2026/08/17
478,478,6223,(株)西部技研,東証STD,"2,019",+43,2.18,"29,200",2026/08/17
479,479,6877,ＯＢＡＲＡ　ＧＲＯＵＰ(株),東証STD,"6,090",+130,2.18,"35,400",2026/08/17
480,480,2998,クリアル(株),東証GRT,517,+11,2.17,"322,500",2026/08/17
481,481,6166,(株)中村超硬,東証GRT,660,+14,2.17,"165,100",2026/08/17
482,482,1721,コムシスホールディングス(株),東証PRM,"5,417",+114,2.15,"424,000",2026/08/17
483,483,4222,児玉化学工業(株),東証STD,713,+15,2.15,"818,400",2026/08/17
484,484,6866,ＨＩＯＫＩ(株),東証PRM,"12,370",+260,2.15,"40,400",2026/08/17
485,485,7790,(株)バルコス,名証NXT,"1,093",+23,2.15,"1,300",2026/08/17
486,486,4892,(株)サイフューズ,東証GRT,572,+12,2.14,"41,800",2026/08/17
487,487,568A,iシェアーズ シルバー,東証ETF,172,+3.6,2.14,"40,700",2026/08/17
488,488,6055,ジャパンマテリアル(株),東証PRM,"2,290",+48,2.14,"513,100",2026/08/17
489,489,6914,オプテックスグループ(株),東証PRM,"3,580",+75,2.14,"164,100",2026/08/17
490,490,2048,NEXT NOTES 野村日本株高配当70(ドルH、NR)ETN,東証ETF,"56,990","+1,190",2.13,28,2026/08/17
491,491,2750,石光商事(株),東証STD,"1,344",+28,2.13,"14,900",2026/08/17
492,492,3851,(株)日本一ソフトウェア,東証STD,"1,205",+25,2.12,"91,600",2026/08/17
493,493,6590,芝浦メカトロニクス(株),東証PRM,"4,580",+95,2.12,"1,286,000",2026/08/17
494,494,9348,(株)ｉｓｐａｃｅ,東証GRT,434,+9,2.12,"1,061,400",2026/08/17
495,495,288A,ラクサス・テクノロジーズ(株),東証GRT,97,+2,2.11,"40,100",2026/08/17
496,496,6418,日本金銭機械(株),東証PRM,"1,304",+27,2.11,"272,800",2026/08/17
497,497,1417,(株)ミライト・ワン,東証PRM,"3,552",+73,2.1,"252,000",2026/08/17
498,498,3422,(株)Ｊ－ＭＡＸ,東証STD,680,+14,2.1,"67,400",2026/08/17
499,499,5820,(株)三ッ星,東証STD,825,+17,2.1,"56,800",2026/08/17
500,500,7567,(株)栄電子,東証STD,635,+13,2.09,"24,000",2026/08/17
501,501,2975,スター・マイカ・ホールディングス(株),東証PRM,"1,618",+33,2.08,"193,500",2026/08/17
502,502,6742,(株)京三製作所,東証PRM,"1,078",+22,2.08,"430,300",2026/08/17
503,503,7287,日本精機(株),東証STD,"2,646",+54,2.08,"116,300",2026/08/17
504,504,7841,(株)遠藤製作所,東証STD,"1,128",+23,2.08,"9,700",2026/08/17
505,505,9075,福山通運(株),東証PRM,"6,370",+130,2.08,"117,000",2026/08/17
506,506,3280,(株)エストラスト,東証STD,939,+19,2.07,"7,300",2026/08/17
507,507,6143,(株)ソディック,東証PRM,"1,825",+37,2.07,"331,100",2026/08/17
508,508,9244,(株)デジタリフト,東証GRT,"1,230",+25,2.07,"10,900",2026/08/17
509,509,3091,(株)ブロンコビリー,東証PRM,"2,673",+54,2.06,"108,100",2026/08/17
510,510,3542,(株)ベガコーポレーション,東証GRT,"1,485",+30,2.06,"38,900",2026/08/17
511,511,6467,(株)ニチダイ,東証STD,346,+7,2.06,"18,500",2026/08/17
512,512,7351,(株)グッドパッチ,東証GRT,446,+9,2.06,"31,000",2026/08/17
513,513,1914,日本基礎技術(株),東証STD,748,+15,2.05,"56,300",2026/08/17
514,514,3192,(株)白鳩,東証STD,299,+6,2.05,"26,900",2026/08/17
515,515,4193,(株)ファブリカホールディングス,東証STD,"2,190",+44,2.05,"23,200",2026/08/17
516,516,6159,ミクロン精密(株),東証STD,"1,945",+39,2.05,"1,600",2026/08/17
517,517,7245,大同メタル工業(株),東証PRM,"1,392",+28,2.05,"335,700",2026/08/17
518,518,7501,(株)ティムコ,東証STD,"1,491",+30,2.05,200,2026/08/17
519,519,7603,ジーイエット(株),東証STD,50,+1,2.04,"183,900",2026/08/17
520,520,2413,エムスリー(株),東証PRM,"1,732",+34.5,2.03,"8,981,500",2026/08/17
521,521,536A,NZAM 上場投信 先進国株式(MSCI-KOKUSAI)(H無),東証ETF,"2,411",+48,2.03,11,2026/08/17
522,522,6516,山洋電気(株),東証PRM,"6,020",+120,2.03,"118,400",2026/08/17
523,523,9166,(株)ＧＥＮＤＡ,東証GRT,755,+15,2.03,"2,525,800",2026/08/17
524,524,4255,ＴＨＥＣＯＯ(株),東証GRT,"3,795",+75,2.02,"42,600",2026/08/17
525,525,569A,iシェアーズ プラチナ,東証ETF,176.4,+3.5,2.02,"5,670",2026/08/17
526,526,6194,(株)アトラエ,東証PRM,909,+18,2.02,"197,500",2026/08/17
527,527,408A,iシェアーズ AI グローバル・イノベーション アクティブ,東証ETF,309.3,+6.1,2.01,"525,210",2026/08/17
528,528,5391,(株)エーアンドエーマテリアル,東証STD,"1,526",+30,2.01,"28,400",2026/08/17
529,529,8303,(株)ＳＢＩ新生銀行,東証PRM,"1,627.5",+32,2.01,"3,493,200",2026/08/17
530,530,5612,日本鋳鉄管(株),東証STD,"1,631",+32,2.0,"26,300",2026/08/17
531,531,6871,(株)日本マイクロニクス,東証PRM,"15,320",+300,2.0,"2,003,700",2026/08/17
532,532,9816,(株)ストライダーズ,東証STD,255,+5,2.0,"3,900",2026/08/17
533,533,2475,ＷＤＢホールディングス(株),東証PRM,"1,841",+36,1.99,"27,900",2026/08/17
534,534,6836,ぷらっとホーム(株),東証STD,870,+17,1.99,"23,700",2026/08/17
535,535,9367,大東港運(株),東証STD,"1,999",+39,1.99,"3,900",2026/08/17
536,536,276A,ククレブ・アドバイザーズ(株),東証GRT,"3,610",+70,1.98,"31,700",2026/08/17
537,537,4061,デンカ(株),東証PRM,"3,606",+70,1.98,"768,800",2026/08/17
538,538,6856,(株)堀場製作所,東証PRM,"25,540",+495,1.98,"302,000",2026/08/17
539,539,1968,太平電業(株),東証PRM,"2,433",+47,1.97,"166,800",2026/08/17
540,540,3101,東洋紡(株),東証PRM,"1,660",+32,1.97,"362,400",2026/08/17
541,541,3987,エコモット(株),東証GRT,673,+13,1.97,"14,100",2026/08/17
542,542,410A,ＧＭＯコマース(株),東証GRT,"1,139",+22,1.97,"24,800",2026/08/17
543,543,5986,モリテック　スチール(株),東証STD,259,+5,1.97,"68,600",2026/08/17
544,544,6031,ＺＥＴＡ(株),東証GRT,259,+5,1.97,"19,900",2026/08/17
545,545,7871,フクビ化学工業(株),東証STD,"1,039",+20,1.96,"7,300",2026/08/17
546,546,5741,(株)ＵＡＣＪ,東証PRM,"2,454",+47,1.95,"1,041,800",2026/08/17
547,547,9325,ファイズホールディングス(株),東証STD,"1,097",+21,1.95,"7,400",2026/08/17
548,548,9341,(株)ＧＥＮＯＶＡ,東証PRM,628,+12,1.95,"102,800",2026/08/17
549,549,6149,(株)小田原エンジニアリング,東証STD,"2,263",+43,1.94,"20,200",2026/08/17
550,550,6184,(株)鎌倉新書,東証PRM,578,+11,1.94,"286,600",2026/08/17
551,551,6572,オープングループ(株),東証PRM,263,+5,1.94,"269,400",2026/08/17
552,552,9245,(株)リベロ,東証GRT,"2,047",+39,1.94,"4,300",2026/08/17
553,553,2353,日本駐車場開発(株),東証PRM,264,+5,1.93,"3,218,300",2026/08/17
554,554,3445,(株)ＲＳ　Ｔｅｃｈｎｏｌｏｇｉｅｓ,東証PRM,"6,350",+120,1.93,"304,100",2026/08/17
555,555,6482,ＹＵＳＨＩＮ(株),東証STD,741,+14,1.93,"85,200",2026/08/17
556,556,6965,浜松ホトニクス(株),東証PRM,"2,611.5",+49.5,1.93,"1,949,900",2026/08/17
557,557,7128,ユニソルホールディングス(株),東証PRM,"2,956",+56,1.93,"115,600",2026/08/17
558,558,8362,(株)福井銀行,東証PRM,"6,850",+130,1.93,"49,300",2026/08/17
559,559,4594,ブライトパス・バイオ(株),東証GRT,53,+1,1.92,"1,497,800",2026/08/17
560,560,4657,(株)環境管理センター,東証STD,479,+9,1.91,"35,100",2026/08/17
561,561,8065,佐藤商事(株),東証PRM,"4,000",+75,1.91,"100,900",2026/08/17
562,562,4571,ＮＡＮＯ　ホールディングス(株),東証GRT,107,+2,1.9,"580,700",2026/08/17
563,563,504A,イノバセル(株),東証GRT,591,+11,1.9,"31,700",2026/08/17
564,564,6182,(株)メタリアル,東証GRT,483,+9,1.9,"38,400",2026/08/17
565,565,9366,(株)サンリツ,東証STD,"1,129",+21,1.9,"7,200",2026/08/17
566,566,5018,(株)ＭＯＲＥＳＣＯ,東証STD,"2,261",+42,1.89,"25,000",2026/08/17
567,567,6619,ダブル・スコープ(株),東証PRM,162,+3,1.89,"2,022,100",2026/08/17
568,568,149A,(株)シンカ,東証GRT,762,+14,1.87,"4,200",2026/08/17
569,569,2303,(株)ドーン,東証STD,"1,363",+25,1.87,"19,600",2026/08/17
570,570,6335,(株)東京機械製作所,東証STD,598,+11,1.87,"71,600",2026/08/17
571,571,1541,純プラチナ上場信託(現物国内保管型),東証ETF,"8,170",+149,1.86,"30,970",2026/08/17
572,572,3773,(株)アドバンスト・メディア,東証GRT,"1,098",+20,1.86,"74,800",2026/08/17
573,573,4076,(株)シイエヌエス,東証GRT,"1,987",+36,1.85,"2,400",2026/08/17
574,574,424A,GX ゴールドETF(H有),東証ETF,335.9,+6.1,1.85,"89,750",2026/08/17
575,575,4631,ＤＩＣ(株),東証PRM,"5,567",+101,1.85,"879,900",2026/08/17
576,576,4979,ＯＡＴアグリオ(株),東証STD,"2,700",+49,1.85,"36,400",2026/08/17
577,577,6392,(株)ヤマダコーポレーション,東証STD,"7,710",+140,1.85,400,2026/08/17
578,578,8338,(株)筑波銀行,東証PRM,769,+14,1.85,"1,814,100",2026/08/17
579,579,2286,林兼産業(株),東証STD,887,+16,1.84,"22,200",2026/08/17
580,580,5572,(株)Ｒｉｄｇｅ－ｉ,東証GRT,"2,654",+48,1.84,"20,400",2026/08/17
581,581,8725,ＭＳ＆ＡＤインシュアランスグループホールディングス(株),東証PRM,"4,925",+89,1.84,"6,427,300",2026/08/17
582,582,9930,北沢産業(株),東証STD,388,+7,1.84,"2,900",2026/08/17
583,583,272A,(株)グリーンクロスホールディングス,福証,"1,390",+25,1.83,400,2026/08/17
584,584,4375,セーフィー(株),東証GRT,667,+12,1.83,"182,800",2026/08/17
585,585,579A,GX 銀ビジネス,東証ETF,"1,004",+18,1.83,"5,142",2026/08/17
586,586,7131,のむら産業(株),東証STD,"3,615",+65,1.83,"1,700",2026/08/17
587,587,7238,曙ブレーキ工業(株),東証PRM,111,+2,1.83,"1,631,500",2026/08/17
588,588,8039,築地魚市場(株),東証STD,"3,620",+65,1.83,"4,200",2026/08/17
589,589,5711,三菱マテリアル(株),東証PRM,"5,264",+94,1.82,"1,750,600",2026/08/17
590,590,7762,シチズン時計(株),東証PRM,"2,801",+50,1.82,"6,045,300",2026/08/17
591,591,1893,五洋建設(株),東証PRM,"1,464.5",+26,1.81,"1,934,100",2026/08/17
592,592,2341,(株)アルバイトタイムス,東証STD,169,+3,1.81,"49,700",2026/08/17
593,593,380A,GX チャイナテック,東証ETF,"1,013",+18,1.81,"2,041",2026/08/17
594,594,3850,(株)ＮＴＴデータイントラマート,東証STD,"3,370",+60,1.81,"28,000",2026/08/17
595,595,3926,(株)オープンドア,東証STD,393,+7,1.81,"59,900",2026/08/17
596,596,3991,ウォンテッドリー(株),東証GRT,957,+17,1.81,"10,100",2026/08/17
597,597,4783,ＮＣＤ(株),東証STD,"2,587",+46,1.81,"16,500",2026/08/17
598,598,4990,昭和化学工業(株),東証STD,505,+9,1.81,"10,600",2026/08/17
599,599,559A,梅乃宿酒造(株),東証STD,"1,181",+21,1.81,"35,000",2026/08/17
600,600,7847,(株)グラファイトデザイン,東証STD,674,+12,1.81,"9,600",2026/08/17
601,601,3069,(株)ＪＦＬＡホールディングス,東証STD,170,+3,1.8,"139,600",2026/08/17
602,602,3647,(株)アスリナ,東証STD,113,+2,1.8,"112,400",2026/08/17
603,603,4888,ステラファーマ(株),東証GRT,339,+6,1.8,"311,300",2026/08/17
604,604,5019,出光興産(株),東証PRM,"1,330",+23.5,1.8,"2,773,500",2026/08/17
605,605,3932,(株)アカツキ,東証PRM,"3,420",+60,1.79,"131,900",2026/08/17
606,606,4935,(株)リベルタ,東証STD,228,+4,1.79,"553,500",2026/08/17
607,607,7291,日本プラスト(株),東証STD,454,+8,1.79,"99,300",2026/08/17
608,608,1358,上場インデックス日経レバレッジ指数,東証ETF,"145,500","+2,550",1.78,"5,901",2026/08/17
609,609,1515,日鉄鉱業(株),東証PRM,"3,425",+60,1.78,"457,200",2026/08/17
610,610,3494,(株)マリオン,東証STD,458,+8,1.78,"12,300",2026/08/17
611,611,3935,(株)エディア,東証STD,688,+12,1.78,"53,300",2026/08/17
612,612,4755,楽天グループ(株),東証PRM,777.4,+13.6,1.78,"25,912,200",2026/08/17
613,613,9242,メディア総研(株),東証GRT,"1,887",+33,1.78,"1,700",2026/08/17
614,614,8123,川辺(株),東証STD,"1,381",+24,1.77,700,2026/08/17
615,615,1384,(株)ホクリヨウ,東証STD,"2,193",+38,1.76,"20,900",2026/08/17
616,616,1688,WisdomTree 穀物上場投信,東証ETF,584,+10.1,1.76,"10,190",2026/08/17
617,617,2924,イフジ産業(株),東証STD,"1,964",+34,1.76,"4,800",2026/08/17
618,618,3004,神栄(株),東証STD,"2,137",+37,1.76,"4,000",2026/08/17
619,619,7267,ホンダ,東証PRM,"1,687",+29,1.75,"25,630,300",2026/08/17
620,620,8101,(株)ＧＳＩクレオス,東証PRM,"2,737",+47,1.75,"48,100",2026/08/17
621,621,8344,(株)山形銀行,東証PRM,"4,655",+80,1.75,"101,600",2026/08/17
622,622,6999,ＫＯＡ(株),東証PRM,"2,574",+44,1.74,"354,000",2026/08/17
623,623,3020,アプライド(株),東証STD,"4,400",+75,1.73,"2,900",2026/08/17
624,624,4120,スガイ化学工業(株),東証STD,"2,938",+50,1.73,400,2026/08/17
625,625,6707,サンケン電気(株),東証PRM,"8,423",+143,1.73,"179,800",2026/08/17
626,626,2055,日和産業(株),東証STD,354,+6,1.72,"18,900",2026/08/17
627,627,5729,日本精鉱(株),東証STD,"1,776",+30,1.72,"18,500",2026/08/17
628,628,6928,(株)エノモト,東証STD,"3,250",+55,1.72,"47,700",2026/08/17
629,629,2459,アウンコンサルティング(株),東証STD,178,+3,1.71,"33,900",2026/08/17
630,630,2927,(株)ＡＦＣ－ＨＤアムスライフサイエンス,東証STD,891,+15,1.71,"99,200",2026/08/17
631,631,464A,(株)ＱＰＳホールディングス,東証GRT,"1,846",+31,1.71,"1,122,300",2026/08/17
632,632,5491,日本金属(株),東証STD,951,+16,1.71,"39,500",2026/08/17
633,633,556A,犬猫生活(株),東証GRT,"2,261",+38,1.71,"19,400",2026/08/17
634,634,7776,(株)セルシード,東証GRT,238,+4,1.71,"225,700",2026/08/17
635,635,9639,三協フロンテア(株),東証STD,"2,385",+40,1.71,"17,200",2026/08/17
636,636,5482,愛知製鋼(株),東証PRM,"3,295",+55,1.7,"163,900",2026/08/17
637,637,6165,パンチ工業(株),東証STD,537,+9,1.7,"78,800",2026/08/17
638,638,6946,日本アビオニクス(株),東証STD,"5,980",+100,1.7,"91,300",2026/08/17
639,639,8737,(株)あかつき本社,東証STD,657,+11,1.7,"95,600",2026/08/17
640,640,1540,純金上場信託(現物国内保管型),東証ETF,"21,025",+350,1.69,"248,309",2026/08/17
641,641,6249,(株)ゲームカードホールディングス,東証STD,"2,765",+46,1.69,"5,700",2026/08/17
642,642,4464,(株)ソフト９９コーポレーション,東証STD,"3,640",+60,1.68,700,2026/08/17
643,643,5440,共英製鋼(株),東証PRM,"1,998",+33,1.68,"151,100",2026/08/17
644,644,6655,東洋電機(株),名証MN,785,+13,1.68,"1,200",2026/08/17
645,645,8919,(株)カチタス,東証PRM,"3,630",+60,1.68,"224,900",2026/08/17
646,646,9268,(株)オプティマスグループ,東証STD,423,+7,1.68,"2,642,800",2026/08/17
647,647,9401,(株)ＴＢＳホールディングス,東証PRM,"5,919",+98,1.68,"281,100",2026/08/17
648,648,2332,(株)クエスト,東証STD,"1,704",+28,1.67,"29,700",2026/08/17
649,649,2673,夢みつけ隊(株),東証STD,122,+2,1.67,"114,700",2026/08/17
650,650,3739,コムシード(株),名証NXT,122,+2,1.67,"8,200",2026/08/17
651,651,5951,ダイニチ工業(株),東証STD,"1,219",+20,1.67,"29,500",2026/08/17
652,652,6315,ＴＯＷＡ(株),東証PRM,"2,554",+42,1.67,"2,987,600",2026/08/17
653,653,2334,(株)イオレ,東証GRT,552,+9,1.66,"1,695,800",2026/08/17
654,654,352A,(株)ＬＯＩＶＥ,東証GRT,551,+9,1.66,"5,200",2026/08/17
655,655,7220,武蔵精密工業(株),東証PRM,"3,685",+60,1.66,"631,600",2026/08/17
656,656,7722,国際計測器(株),東証STD,796,+13,1.66,"35,400",2026/08/17
657,657,3690,(株)イルグルム,東証STD,556,+9,1.65,"2,900",2026/08/17
658,658,5388,クニミネ工業(株),東証STD,"1,293",+21,1.65,"5,800",2026/08/17
659,659,552A,MAXIS 米国AIインフラ株上場投信,東証ETF,"2,594",+42,1.65,"5,173",2026/08/17
660,660,5842,インテグラル(株),東証GRT,"3,080",+50,1.65,"213,900",2026/08/17
661,661,6918,(株)アバールデータ,東証STD,"3,995",+65,1.65,"98,200",2026/08/17
662,662,7908,ＫＩＭＯＴＯ,東証STD,247,+4,1.65,"168,900",2026/08/17
663,663,5921,川岸工業(株),東証STD,"4,345",+70,1.64,"4,100",2026/08/17
664,664,6402,兼松エンジニアリング(株),東証STD,"1,610",+26,1.64,"6,700",2026/08/17
665,665,4421,(株)ディ・アイ・システム,東証STD,937,+15,1.63,"2,400",2026/08/17
666,666,5714,ＤＯＷＡホールディングス(株),東証PRM,"9,630",+154,1.63,"522,000",2026/08/17
667,667,6637,寺崎電気産業(株),東証STD,"4,375",+70,1.63,"58,900",2026/08/17
668,668,6794,フォスター電機(株),東証PRM,"3,125",+50,1.63,"222,500",2026/08/17
669,669,3687,(株)フィックスターズ,東証PRM,"2,322",+37,1.62,"467,400",2026/08/17
670,670,395A,業界改革厳選ETF地銀,東証ETF,"1,099",+17.5,1.62,"76,050",2026/08/17
671,671,4064,日本カーバイド工業(株),東証PRM,"3,440",+55,1.62,"72,100",2026/08/17
672,672,8035,東京エレクトロン(株),東証PRM,"60,090",+960,1.62,"2,533,100",2026/08/17
673,673,9376,(株)ユーラシア旅行社,東証STD,816,+13,1.62,"4,400",2026/08/17
674,674,3252,地主(株),東証PRM,"2,969",+47,1.61,"217,300",2026/08/17
675,675,6743,大同信号(株),東証STD,"1,074",+17,1.61,"19,800",2026/08/17
676,676,6908,イリソ電子工業(株),東証PRM,"2,841",+45,1.61,"82,000",2026/08/17
677,677,3776,(株)ブロードバンドタワー,東証STD,254,+4,1.6,"200,400",2026/08/17
678,678,5906,エムケー精工(株),東証STD,760,+12,1.6,"7,300",2026/08/17
679,679,6039,(株)日本動物高度医療センター,東証GRT,"1,140",+18,1.6,"276,500",2026/08/17
680,680,9218,(株)メンタルヘルステクノロジーズ,東証GRT,761,+12,1.6,"46,800",2026/08/17
681,681,1764,工藤建設(株),東証STD,"2,750",+43,1.59,"2,100",2026/08/17
682,682,3480,(株)ジェイ・エス・ビー,東証PRM,"8,960",+140,1.59,"166,500",2026/08/17
683,683,3679,(株)じげん,東証PRM,446,+7,1.59,"524,000",2026/08/17
684,684,4488,ＡＩ　ｉｎｓｉｄｅ(株),東証GRT,"2,179",+34,1.59,"15,100",2026/08/17
685,685,5344,(株)ＭＡＲＵＷＡ,東証PRM,"61,980",+970,1.59,"85,200",2026/08/17
686,686,7343,ブロードマインド(株),東証GRT,"1,277",+20,1.59,"3,300",2026/08/17
687,687,2646,GX メタルビジネス-日本株式,東証ETF,"3,911",+61,1.58,"7,731",2026/08/17
688,688,3443,川田テクノロジーズ(株),東証PRM,"1,415",+22,1.58,"422,700",2026/08/17
689,689,6433,ヒーハイスト(株),東証STD,"1,030",+16,1.58,"105,600",2026/08/17
690,690,7074,(株)トゥエンティーフォーセブンホールディングス,東証GRT,193,+3,1.58,"6,500",2026/08/17
691,691,9720,(株)ホテル、ニューグランド,東証STD,"6,430",+100,1.58,500,2026/08/17
692,692,1736,(株)オーテック,東証STD,"2,397",+37,1.57,"3,900",2026/08/17
693,693,8041,ＯＵＧホールディングス(株),東証STD,"4,520",+70,1.57,"8,800",2026/08/17
694,694,3123,サイボー(株),東証STD,650,+10,1.56,"22,000",2026/08/17
695,695,335A,(株)ミライロ,東証GRT,326,+5,1.56,"19,700",2026/08/17
696,696,5290,(株)ベルテクスコーポレーション,東証STD,"1,169",+18,1.56,"62,400",2026/08/17
697,697,425A,GX ゴールドETF,東証ETF,374.2,+5.7,1.55,"243,570",2026/08/17
698,698,6474,(株)不二越,東証PRM,"5,900",+90,1.55,"76,100",2026/08/17
699,699,6480,日本トムソン(株),東証PRM,"1,898",+29,1.55,"632,300",2026/08/17
700,700,6594,ニデック(株),東証PRM,"2,815",+43,1.55,"2,106,800",2026/08/17
701,701,7472,(株)鳥羽洋行,東証STD,"3,940",+60,1.55,900,2026/08/17
702,702,2315,(株)ＣＡＩＣＡ　ＤＩＧＩＴＡＬ,東証STD,66,+1,1.54,"3,028,200",2026/08/17
703,703,2613,(株)Ｊ－オイルミルズ,東証PRM,"2,174",+33,1.54,"106,000",2026/08/17
704,704,6254,野村マイクロ・サイエンス(株),東証PRM,"3,960",+60,1.54,"382,800",2026/08/17
705,705,6273,ＳＭＣ(株),東証PRM,"77,610","+1,180",1.54,"246,300",2026/08/17
706,706,7898,(株)ウッドワン,東証STD,924,+14,1.54,"12,300",2026/08/17
707,707,4438,(株)Ｗｅｌｂｙ,東証GRT,265,+4,1.53,"15,300",2026/08/17
708,708,7189,(株)西日本フィナンシャルホールディングス,東証PRM,"4,844",+73,1.53,"529,900",2026/08/17
709,709,7957,フジコピアン(株),東証STD,"2,523",+38,1.53,"31,300",2026/08/17
710,710,6331,三菱化工機(株),東証PRM,"3,335",+50,1.52,"86,600",2026/08/17
711,711,6339,新東工業(株),東証PRM,"1,270",+19,1.52,"104,300",2026/08/17
712,712,7211,三菱自動車(株),東証PRM,348,+5.2,1.52,"8,029,200",2026/08/17
713,713,1930,北陸電気工事(株),東証PRM,"1,545",+23,1.51,"61,300",2026/08/17
714,714,3551,ダイニック(株),東証STD,"1,609",+24,1.51,"40,200",2026/08/17
715,715,3744,サイオス(株),東証STD,470,+7,1.51,"31,700",2026/08/17
716,716,6237,(株)イワキ,東証PRM,"4,705",+70,1.51,"83,600",2026/08/17
717,717,4425,Ｋｕｄａｎ(株),東証GRT,"1,697",+25,1.5,"77,500",2026/08/17
718,718,4574,大幸薬品(株),東証PRM,270,+4,1.5,"222,800",2026/08/17
719,719,163A,半導体フォーカス日本株(ネットリターン)ETN,東証ETF,"21,055",+310,1.49,"4,166",2026/08/17
720,720,1897,金下建設(株),東証STD,"3,400",+50,1.49,"1,700",2026/08/17
721,721,5288,アジアパイルホールディングス(株),東証PRM,"1,565",+23,1.49,"179,200",2026/08/17
722,722,5953,昭和鉄工(株),福証,"6,800",+100,1.49,100,2026/08/17
723,723,7084,(株)Ｓｍｉｌｅ　Ｈｏｌｄｉｎｇｓ,東証GRT,"2,793",+41,1.49,"3,400",2026/08/17
724,724,1381,(株)アクシーズ,東証STD,"3,420",+50,1.48,"3,700",2026/08/17
725,725,3140,ＢＲＵＮＯ(株),東証GRT,"1,028",+15,1.48,"37,500",2026/08/17
726,726,332A,ミーク(株),東証GRT,"1,096",+16,1.48,"157,600",2026/08/17
727,727,6822,大井電気(株),東証STD,"4,800",+70,1.48,"2,800",2026/08/17
728,728,7850,総合商研(株),東証STD,823,+12,1.48,"3,000",2026/08/17
729,729,1979,(株)大気社,東証PRM,"4,140",+60,1.47,"186,500",2026/08/17
730,730,2530,MAXIS HuaAn中国株式(上海180A株)上場投信,東証ETF,"17,960",+260,1.47,200,2026/08/17
731,731,7986,日本アイ・エス・ケイ(株),東証STD,"1,933",+28,1.47,"2,000",2026/08/17
732,732,8360,(株)山梨中央銀行,東証PRM,"7,590",+110,1.47,"136,800",2026/08/17
733,733,1663,Ｋ＆Ｏエナジーグループ(株),東証PRM,"1,945",+28,1.46,"262,900",2026/08/17
734,734,3841,(株)ジーダット,東証STD,"1,324",+19,1.46,"3,500",2026/08/17
735,735,4263,サスメド(株),東証GRT,557,+8,1.46,"91,000",2026/08/17
736,736,4394,(株)エクスモーション,東証GRT,555,+8,1.46,"6,000",2026/08/17
737,737,7902,(株)ソノコム,東証STD,"1,109",+16,1.46,"1,400",2026/08/17
738,738,1675,WisdomTree パラジウム上場投信,東証ETF,"19,300",+275,1.45,342,2026/08/17
739,739,3600,(株)フジックス,東証STD,"1,749",+25,1.45,200,2026/08/17
740,740,3662,(株)エイチームホールディングス,東証PRM,981,+14,1.45,"132,400",2026/08/17
741,741,6496,(株)中北製作所,東証STD,"5,580",+80,1.45,"5,300",2026/08/17
742,742,7096,(株)ステムセル研究所,東証GRT,768,+11,1.45,"10,100",2026/08/17
743,743,9343,(株)アイビス,東証GRT,771,+11,1.45,"59,900",2026/08/17
744,744,9960,東テク(株),東証PRM,"3,860",+55,1.45,"75,400",2026/08/17
745,745,1326,SPDRゴールド･シェア,東証ETF,"64,130",+910,1.44,"7,374",2026/08/17
746,746,1672,WisdomTree 金上場投信,東証ETF,"64,900",+920,1.44,110,2026/08/17
747,747,1692,WisdomTree アルミニウム上場投信,東証ETF,697.9,+9.9,1.44,900,2026/08/17
748,748,197A,(株)タウンズ,東証STD,494,+7,1.44,"443,100",2026/08/17
749,749,2384,ＳＢＳホールディングス(株),東証PRM,"4,935",+70,1.44,"59,700",2026/08/17
750,750,5616,(株)雨風太陽,東証GRT,634,+9,1.44,"3,700",2026/08/17
751,751,6232,(株)ＡＣＳＬ,東証GRT,"1,766",+25,1.44,"743,800",2026/08/17
752,752,7844,(株)マーベラス,東証PRM,493,+7,1.44,"230,300",2026/08/17
753,753,429A,テクセンドフォトマスク(株),東証PRM,"3,895",+55,1.43,"399,500",2026/08/17
754,754,6634,(株)ＪＮグループ,東証STD,71,+1,1.43,"33,100",2026/08/17
755,755,7488,(株)ヤガミ,名証MN,"4,965",+70,1.43,"1,400",2026/08/17
756,756,8798,(株)アドバンスクリエイト,東証PRM,142,+2,1.43,"47,900",2026/08/17
757,757,2393,(株)日本ケアサプライ,東証STD,"4,275",+60,1.42,"4,700",2026/08/17
758,758,255A,ジーエルテクノホールディングス(株),東証STD,"5,730",+80,1.42,"65,600",2026/08/17
759,759,487A,(NEXT FUNDS) ドイツ株式・DAX(H無),東証ETF,"2,150",+30,1.42,509,2026/08/17
760,760,6158,(株)和井田製作所,東証STD,998,+14,1.42,"2,100",2026/08/17
761,761,6752,パナソニック　ホールディングス(株),東証PRM,"4,788",+67,1.42,"6,603,200",2026/08/17
762,762,9214,Ｒｅｃｏｖｅｒｙ　Ｉｎｔｅｒｎａｔｉｏｎａｌ(株),東証GRT,"1,289",+18,1.42,500,2026/08/17
763,763,314A,iシェアーズ ゴールド ETF,東証ETF,331.4,+4.6,1.41,"2,551,530",2026/08/17
764,764,4286,(株)ＣＬホールディングス,東証STD,"1,151",+16,1.41,"33,900",2026/08/17
765,765,6507,シンフォニアテクノロジー(株),東証PRM,"13,680",+190,1.41,"156,300",2026/08/17
766,766,7950,日本デコラックス(株),名証MN,"9,380",+130,1.41,100,2026/08/17
767,767,9101,日本郵船(株),東証PRM,"6,490",+90,1.41,"2,521,100",2026/08/17
768,768,1570,(NEXT FUNDS)日経平均レバレッジ上場投信,東証ETF,"75,930","+1,050",1.4,"1,861,685",2026/08/17
769,769,5905,日本製罐(株),東証STD,"1,379",+19,1.4,800,2026/08/17
770,770,6378,木村化工機(株),東証STD,"1,306",+18,1.4,"134,700",2026/08/17
771,771,9564,(株)ＦＣＥ,東証STD,578,+8,1.4,"44,800",2026/08/17
772,772,1458,楽天 ETF-日経レバレッジ指数連動型,東証ETF,"90,640","+1,240",1.39,"92,585",2026/08/17
773,773,1543,純パラジウム上場信託(現物国内保管型),東証ETF,"61,150",+840,1.39,128,2026/08/17
774,774,228A,(株)オプロ,東証GRT,"1,673",+23,1.39,"1,700",2026/08/17
775,775,3011,(株)バナーズ,東証STD,146,+2,1.39,"18,000",2026/08/17
776,776,4387,(株)ＺＵＵ,東証GRT,512,+7,1.39,"4,900",2026/08/17
777,777,4627,ナトコ(株),東証STD,"1,820",+25,1.39,"10,400",2026/08/17
778,778,4772,(株)ＳＭ　ＥＮＴＥＲＴＡＩＮＭＥＮＴ　ＪＡＰＡＮ,東証GRT,73,+1,1.39,"61,000",2026/08/17
779,779,6227,ＡＩメカテック(株),東証STD,"6,550",+90,1.39,"497,000",2026/08/17
780,780,9107,川崎汽船(株),東証PRM,"3,072",+42,1.39,"5,113,900",2026/08/17
781,781,9380,東海運(株),東証STD,437,+6,1.39,"26,900",2026/08/17
782,782,1328,(NEXT FUNDS)金価格連動型上場投信,東証ETF,"16,530",+225,1.38,"23,442",2026/08/17
783,783,9876,(株)コックス,東証STD,221,+3,1.38,"9,600",2026/08/17
784,784,2243,GX 半導体,東証ETF,"4,743",+64,1.37,"223,340",2026/08/17
785,785,3180,(株)ビューティガレージ,東証PRM,"1,551",+21,1.37,"27,800",2026/08/17
786,786,6954,ファナック(株),東証PRM,"6,523",+88,1.37,"5,031,200",2026/08/17
787,787,8154,加賀電子(株),東証PRM,"5,170",+70,1.37,"170,100",2026/08/17
788,788,8237,(株)松屋,東証PRM,"2,003",+27,1.37,"203,000",2026/08/17
789,789,8844,(株)コスモスイニシア,東証STD,"1,260",+17,1.37,"67,900",2026/08/17
790,790,9265,ヤマシタヘルスケアホールディングス(株),東証STD,"3,700",+50,1.37,500,2026/08/17
791,791,1579,日経平均ブル2倍上場投信,東証ETF,820.1,+11,1.36,"9,137,420",2026/08/17
792,792,6349,(株)小森コーポレーション,東証PRM,"1,942",+26,1.36,"219,800",2026/08/17
793,793,7172,(株)ジャパンインベストメントアドバイザー,東証PRM,"2,093",+28,1.36,"212,000",2026/08/17
794,794,8365,(株)富山銀行,東証STD,"2,453",+33,1.36,"9,400",2026/08/17
795,795,2385,(株)総医研ホールディングス,東証GRT,226,+3,1.35,"124,100",2026/08/17
796,796,5284,ヤマウホールディングス(株),東証STD,"2,260",+30,1.35,"7,700",2026/08/17
797,797,575A,前澤ホールディングス(株),東証PRM,"1,871",+25,1.35,"128,000",2026/08/17
798,798,6558,クックビズ(株),東証GRT,678,+9,1.35,200,2026/08/17
799,799,8142,(株)トーホー,東証PRM,"1,422",+19,1.35,"187,400",2026/08/17
800,800,1365,iFreeETF 日経平均レバレッジ・インデックス,東証ETF,"4,685",+62,1.34,"313,949",2026/08/17
801,801,3482,ロードスターキャピタル(株),東証PRM,"2,643",+35,1.34,"120,000",2026/08/17
802,802,5121,藤倉コンポジット(株),東証PRM,"2,801",+37,1.34,"95,900",2026/08/17
803,803,5590,(株)ネットスターズ,東証GRT,683,+9,1.34,"204,100",2026/08/17
804,804,5659,日本精線(株),東証PRM,"1,438",+19,1.34,"66,500",2026/08/17
805,805,5998,(株)アドバネクス,東証STD,"2,413",+32,1.34,"21,600",2026/08/17
806,806,6470,大豊工業(株),東証STD,"1,213",+16,1.34,"61,400",2026/08/17
807,807,8562,(株)福島銀行,東証STD,379,+5,1.34,"388,100",2026/08/17
808,808,2764,(株)ひらまつ,東証STD,152,+2,1.33,"308,100",2026/08/17
809,809,4398,(株)ブロードバンドセキュリティ,東証STD,"1,291",+17,1.33,"10,300",2026/08/17
810,810,4825,(株)ウェザーニューズ,東証PRM,"2,056",+27,1.33,"252,700",2026/08/17
811,811,5697,(株)サンユウ,東証STD,835,+11,1.33,"1,700",2026/08/17
812,812,7857,セキ(株),東証STD,"1,297",+17,1.33,900,2026/08/17
813,813,8877,エスリード(株),東証PRM,"5,340",+70,1.33,"37,500",2026/08/17
814,814,2164,(株)地域新聞社,東証STD,153,+2,1.32,"13,800",2026/08/17
815,815,5142,アキレス(株),東証PRM,"1,912",+25,1.32,"133,100",2026/08/17
816,816,5216,(株)倉元製作所,東証STD,154,+2,1.32,"218,600",2026/08/17
817,817,521A,iFreeETF FANG+ゴールド,東証ETF,"2,075",+27,1.32,"88,239",2026/08/17
818,818,6564,(株)ミダックホールディングス,東証PRM,"2,225",+29,1.32,"50,900",2026/08/17
819,819,7875,竹田ｉＰホールディングス(株),東証STD,846,+11,1.32,"24,400",2026/08/17
820,820,4409,東邦化学工業(株),東証STD,775,+10,1.31,"9,900",2026/08/17
821,821,447A,ステート・ストリート・スパイダー ゴールド ETF(H無),東証ETF,278.8,+3.6,1.31,"101,320",2026/08/17
822,822,6919,ケル(株),東証STD,"1,464",+19,1.31,"4,900",2026/08/17
823,823,9248,人・夢・技術グループ(株),東証STD,"1,700",+22,1.31,"35,000",2026/08/17
824,824,9466,(株)アイドママーケティングコミュニケーション,東証STD,232,+3,1.31,"16,900",2026/08/17
825,825,1885,東亜建設工業(株),東証PRM,"2,110",+27,1.3,"677,000",2026/08/17
826,826,3032,(株)ゴルフ・ドゥ,名証NXT,233,+3,1.3,"51,700",2026/08/17
827,827,4395,(株)アクリート,東証GRT,699,+9,1.3,"44,600",2026/08/17
828,828,5658,日亜鋼業(株),東証STD,389,+5,1.3,"53,500",2026/08/17
829,829,6525,(株)ＫＯＫＵＳＡＩ　ＥＬＥＣＴＲＩＣ,東証PRM,"9,306",+119,1.3,"5,824,000",2026/08/17
830,830,6778,(株)アルチザネットワークス,東証STD,623,+8,1.3,"22,700",2026/08/17
831,831,6832,アオイ電子(株),東証STD,"2,420",+31,1.3,"15,800",2026/08/17
832,832,8386,(株)百十四銀行,東証PRM,"3,125",+40,1.3,"351,300",2026/08/17
833,833,4197,(株)アスマーク,東証STD,"2,350",+30,1.29,"1,700",2026/08/17
834,834,9509,北海道電力(株),東証PRM,"1,057",+13.5,1.29,"1,608,700",2026/08/17
835,835,9560,(株)プログリット,東証GRT,864,+11,1.29,"37,500",2026/08/17
836,836,9647,(株)協和コンサルタンツ,東証STD,"6,280",+80,1.29,800,2026/08/17
837,837,6485,前澤給装工業(株),東証STD,"1,666",+21,1.28,"50,500",2026/08/17
838,838,3266,(株)ファンドクリエーショングループ,東証STD,80,+1,1.27,"44,100",2026/08/17
839,839,7953,菊水化学工業(株),東証STD,399,+5,1.27,"26,000",2026/08/17
840,840,1866,北野建設(株),東証STD,"1,205",+15,1.26,"24,100",2026/08/17
841,841,3467,アグレ都市デザイン(株),東証STD,"2,900",+36,1.26,"8,700",2026/08/17
842,842,6390,(株)加藤製作所,東証PRM,"1,369",+17,1.26,"73,800",2026/08/17
843,843,7927,ムトー精工(株),東証STD,"2,245",+28,1.26,"16,900",2026/08/17
844,844,2814,佐藤食品工業(株),東証STD,"3,245",+40,1.25,"3,500",2026/08/17
845,845,2972,サンケイリアルエステート投資法人,東証,"113,700","+1,400",1.25,"1,957",2026/08/17
846,846,3945,スーパーバッグ(株),東証STD,"2,182",+27,1.25,"3,400",2026/08/17
847,847,5939,(株)大谷工業,東証STD,"4,850",+60,1.25,"1,700",2026/08/17
848,848,6333,(株)ＴＥＩＫＯＫＵ,東証PRM,"3,250",+40,1.25,"40,200",2026/08/17
849,849,6481,ＴＨＫ(株),東証PRM,"7,520",+93,1.25,"885,700",2026/08/17
850,850,6626,ＳＥＭＩＴＥＣ(株),東証STD,"2,270",+28,1.25,"15,100",2026/08/17
851,851,6870,日本フェンオール(株),東証STD,"2,276",+28,1.25,"5,600",2026/08/17
852,852,9219,(株)ギックス,東証GRT,892,+11,1.25,"13,500",2026/08/17
853,853,4720,(株)城南進学研究社,東証STD,244,+3,1.24,"2,900",2026/08/17
854,854,5384,(株)フジミインコーポレーテッド,東証PRM,"4,095",+50,1.24,"252,500",2026/08/17
855,855,6664,(株)オプトエレクトロニクス,東証STD,244,+3,1.24,"1,700",2026/08/17
856,856,7271,(株)安永,東証STD,817,+10,1.24,"73,700",2026/08/17
857,857,8361,(株)大垣共立銀行,東証PRM,"8,150",+100,1.24,"115,300",2026/08/17
858,858,8554,(株)南日本銀行,福証,"1,465",+18,1.24,"5,200",2026/08/17
859,859,9168,(株)ライズ・コンサルティング・グループ,東証GRT,409,+5,1.24,"88,900",2026/08/17
860,860,1450,ＴＡＮＡＫＥＮ(株),東証STD,"1,476",+18,1.23,"5,100",2026/08/17
861,861,2072,トップシェアインデックス(ネットリターン)ETN,東証ETF,"22,645",+275,1.23,505,2026/08/17
862,862,3179,シュッピン(株),東証PRM,"1,233",+15,1.23,"78,200",2026/08/17
863,863,3459,サムティ・レジデンシャル投資法人,東証,"90,400","+1,100",1.23,"1,812",2026/08/17
864,864,4380,(株)Ｍマート,東証GRT,660,+8,1.23,"17,000",2026/08/17
865,865,6049,(株)イトクロ,東証GRT,246,+3,1.23,"6,500",2026/08/17
866,866,6136,ＯＳＧ,東証PRM,"3,955",+48,1.23,"327,100",2026/08/17
867,867,6428,(株)オーイズミ,東証STD,329,+4,1.23,"20,500",2026/08/17
868,868,6754,アンリツ(株),東証PRM,"3,695",+45,1.23,"1,076,400",2026/08/17
869,869,6768,(株)タムラ製作所,東証PRM,820,+10,1.23,"328,700",2026/08/17
870,870,7014,(株)名村造船所,東証STD,"4,510",+55,1.23,"976,000",2026/08/17
871,871,7212,(株)エフテック,東証STD,739,+9,1.23,"10,100",2026/08/17
872,872,7806,(株)ＭＴＧ,東証GRT,"8,230",+100,1.23,"110,300",2026/08/17
873,873,7987,ナカバヤシ(株),東証STD,574,+7,1.23,"84,300",2026/08/17
874,874,580A,GX 銅ビジネス,東証ETF,992,+12,1.22,"24,181",2026/08/17
875,875,9633,東京テアトル(株),東証STD,"1,743",+21,1.22,"10,400",2026/08/17
876,876,2050,NEXT NOTES ニッチトップ中小型日本株(NR)ETN,東証ETF,"33,500",+400,1.21,6,2026/08/17
877,877,3317,(株)フライングガーデン,東証STD,"1,503",+18,1.21,"1,200",2026/08/17
878,878,3747,(株)インタートレード,東証STD,419,+5,1.21,"16,500",2026/08/17
879,879,4187,大阪有機化学工業(株),東証PRM,"5,000",+60,1.21,"63,500",2026/08/17
880,880,4422,ＶＡＬＵＥＮＥＸ(株),東証GRT,587,+7,1.21,"54,300",2026/08/17
881,881,5970,(株)ジーテクト,東証PRM,"2,338",+28,1.21,"103,900",2026/08/17
882,882,6022,(株)赤阪鐵工所,東証STD,"2,668",+32,1.21,"1,600",2026/08/17
883,883,6651,日東工業(株),東証PRM,"4,600",+55,1.21,"71,200",2026/08/17
884,884,6969,松尾電機(株),東証STD,"1,087",+13,1.21,"65,800",2026/08/17
885,885,8421,信金中央金庫,東証,"193,000","+2,300",1.21,256,2026/08/17
886,886,8542,(株)トマト銀行,東証STD,"1,918",+23,1.21,"38,600",2026/08/17
887,887,1926,ライト工業(株),東証PRM,"3,795",+45,1.2,"102,200",2026/08/17
888,888,4060,ｒａｋｕｍｏ(株),東証GRT,"1,179",+14,1.2,"11,600",2026/08/17
889,889,5034,(株)ｕｎｅｒｒｙ,東証GRT,"2,115",+25,1.2,"17,800",2026/08/17
890,890,8560,(株)宮崎太陽銀行,福証,"2,530",+30,1.2,"1,600",2026/08/17
891,891,3646,(株)駅探,東証STD,341,+4,1.19,"2,100",2026/08/17
892,892,475A,(株)ギミック,東証STD,593,+7,1.19,"12,500",2026/08/17
893,893,6555,(株)ＭＳ＆Ｃｏｎｓｕｌｔｉｎｇ,東証STD,425,+5,1.19,500,2026/08/17
894,894,7282,豊田合成(株),東証PRM,"5,270",+62,1.19,"296,600",2026/08/17
895,895,8935,(株)ＦＪネクストホールディングス,東証PRM,"2,048",+24,1.19,"83,100",2026/08/17
896,896,8979,スターツプロシード投資法人,東証,"186,700","+2,200",1.19,816,2026/08/17
897,897,1687,WisdomTree 農産物上場投信,東証ETF,"1,069.5",+12.5,1.18,"8,360",2026/08/17
898,898,3241,(株)ウィル,東証STD,602,+7,1.18,"9,600",2026/08/17
899,899,4490,(株)ビザスク,東証GRT,688,+8,1.18,"20,400",2026/08/17
900,900,5955,(株)ワイズホールディングス,東証STD,86,+1,1.18,"1,679,500",2026/08/17
901,901,6306,日工(株),東証PRM,"1,026",+12,1.18,"129,600",2026/08/17
902,902,9322,川西倉庫(株),東証STD,"2,481",+29,1.18,"2,300",2026/08/17
903,903,2195,アミタホールディングス(株),東証GRT,347,+4,1.17,"19,500",2026/08/17
904,904,2376,(株)サイネックス,東証STD,777,+9,1.17,"1,500",2026/08/17
905,905,3683,(株)サイバーリンクス,東証STD,"1,122",+13,1.17,"78,300",2026/08/17
906,906,7675,セントラルフォレストグループ(株),名証MN,"2,767",+32,1.17,100,2026/08/17
907,907,7745,(株)Ａ＆Ｄホロンホールディングス,東証PRM,"2,950",+34,1.17,"52,700",2026/08/17
908,908,8045,横浜丸魚(株),東証STD,"2,073",+24,1.17,"1,500",2026/08/17
909,909,2239,上場インデックスファンドS&P500先物レバレッジ2倍,東証ETF,"28,000",+320,1.16,647,2026/08/17
910,910,2254,GX チャイナEV&バッテリー,東証ETF,"1,132",+13,1.16,"15,957",2026/08/17
911,911,3673,(株)ブロードリーフ,東証PRM,436,+5,1.16,"1,028,700",2026/08/17
912,912,6140,旭ダイヤモンド工業(株),東証PRM,"1,307",+15,1.16,"436,500",2026/08/17
913,913,6617,(株)東光高岳,東証PRM,"7,820",+90,1.16,"85,500",2026/08/17
914,914,7975,(株)リヒトラブ,東証STD,"1,133",+13,1.16,"4,000",2026/08/17
915,915,9743,(株)丹青社,東証PRM,"1,479",+17,1.16,"471,300",2026/08/17
916,916,268A,リガク・ホールディングス(株),東証PRM,"2,111",+24,1.15,"1,295,700",2026/08/17
917,917,3455,ヘルスケア＆メディカル投資法人,東証,"105,600","+1,200",1.15,"1,088",2026/08/17
918,918,3807,(株)フィスコ,東証GRT,88,+1,1.15,"271,700",2026/08/17
919,919,3962,(株)チェンジホールディングス,東証PRM,971,+11,1.15,"350,000",2026/08/17
920,920,6838,(株)多摩川ホールディングス,東証STD,"1,586",+18,1.15,"221,000",2026/08/17
921,921,8341,(株)七十七銀行,東証PRM,"3,881",+44,1.15,"543,100",2026/08/17
922,922,6407,ＣＫＤ(株),東証PRM,"6,220",+70,1.14,"751,500",2026/08/17
923,923,9223,(株)ＡＳＮＯＶＡ,東証GRT,445,+5,1.14,"3,400",2026/08/17
924,924,9501,東京電力ホールディングス(株),東証PRM,522.7,+5.9,1.14,"24,603,600",2026/08/17
925,925,9928,(株)ミロク情報サービス,東証PRM,"1,945",+22,1.14,"47,000",2026/08/17
926,926,1786,オリエンタル白石(株),東証PRM,357,+4,1.13,"505,600",2026/08/17
927,927,6920,レーザーテック(株),東証PRM,"39,260",+440,1.13,"2,014,100",2026/08/17
928,928,8129,東邦ホールディングス(株),東証PRM,"3,864",+43,1.13,"202,500",2026/08/17
929,929,1690,WisdomTree WTI原油上場投信,東証ETF,"2,356",+26,1.12,"1,910",2026/08/17
930,930,2553,One ETF 南方 中国A株 CSI500,東証ETF,"2,527",+28,1.12,480,2026/08/17
931,931,2597,(株)ユニカフェ,東証STD,"1,177",+13,1.12,"14,000",2026/08/17
932,932,4403,日油(株),東証PRM,"2,760.5",+30.5,1.12,"668,500",2026/08/17
933,933,4960,ケミプロ化成(株),東証STD,541,+6,1.12,"15,700",2026/08/17
934,934,8308,(株)りそなホールディングス,東証PRM,"2,481.5",+27.5,1.12,"7,135,900",2026/08/17
935,935,9363,(株)大運,東証STD,543,+6,1.12,"8,800",2026/08/17
936,936,9502,中部電力(株),東証PRM,"2,849.5",+31.5,1.12,"2,173,500",2026/08/17
937,937,4390,(株)アイ・ピー・エス,東証PRM,"4,090",+45,1.11,"106,400",2026/08/17
938,938,5530,日本システムバンク(株),名証MN,"1,092",+12,1.11,400,2026/08/17
939,939,5535,ミガロホールディングス(株),東証PRM,273,+3,1.11,"83,800",2026/08/17
940,940,5632,三菱製鋼(株),東証PRM,"2,458",+27,1.11,"194,300",2026/08/17
941,941,7191,(株)イントラスト,東証STD,"1,185",+13,1.11,"21,100",2026/08/17
942,942,259A,(株)ケイ・ウノ,名証NXT,"1,739",+19,1.1,500,2026/08/17
943,943,3423,(株)エスイー,東証STD,275,+3,1.1,"30,300",2026/08/17
944,944,8030,中央魚類(株),東証STD,"3,690",+40,1.1,"1,600",2026/08/17
945,945,1443,技研ホールディングス(株),東証STD,279,+3,1.09,"125,600",2026/08/17
946,946,256A,飛島ホールディングス(株),東証PRM,"2,142",+23,1.09,"266,300",2026/08/17
947,947,6543,(株)日宣,東証STD,"1,205",+13,1.09,"3,600",2026/08/17
948,948,6846,(株)中央製作所,名証MN,"1,390",+15,1.09,100,2026/08/17
949,949,6993,大黒屋ホールディングス(株),東証STD,93,+1,1.09,"2,313,400",2026/08/17
950,950,3937,(株)Ｕｂｉｃｏｍホールディングス,東証STD,"1,218",+13,1.08,"135,600",2026/08/17
951,951,3968,セグエグループ(株),東証PRM,655,+7,1.08,"670,500",2026/08/17
952,952,5991,ニッパツ,東証PRM,"3,753",+40,1.08,"536,500",2026/08/17
953,953,5997,協立エアテック(株),東証STD,940,+10,1.08,"5,900",2026/08/17
954,954,6189,(株)グローバルキッズＣＯＭＰＡＮＹ,東証STD,"1,031",+11,1.08,"8,100",2026/08/17
955,955,7059,(株)コプロ・ホールディングス,東証PRM,933,+10,1.08,"206,900",2026/08/17
956,956,8367,(株)南都銀行,東証PRM,"1,962",+21,1.08,"383,800",2026/08/17
957,957,5075,アップコン(株),名証NXT,"1,036",+11,1.07,"3,900",2026/08/17
958,958,5256,(株)Ｆｕｓｉｃ,東証GRT,"2,449",+26,1.07,"5,900",2026/08/17
959,959,6929,日本セラミック(株),東証PRM,"3,795",+40,1.07,"97,500",2026/08/17
960,960,9158,(株)シーユーシー,東証GRT,757,+8,1.07,"48,300",2026/08/17
961,961,9385,(株)ショーエイコーポレーション,東証STD,755,+8,1.07,"7,600",2026/08/17
962,962,205A,(株)ロゴスホールディングス,東証GRT,"1,709",+18,1.06,"155,100",2026/08/17
963,963,2531,宝ホールディングス(株),東証PRM,"2,091.5",+22,1.06,"323,400",2026/08/17
964,964,2664,(株)カワチ薬品,東証PRM,"3,810",+40,1.06,"133,900",2026/08/17
965,965,3577,東海染工(株),東証STD,949,+10,1.06,300,2026/08/17
966,966,6498,(株)キッツ,東証PRM,"2,094",+22,1.06,"221,100",2026/08/17
967,967,6762,ＴＤＫ(株),東証PRM,"3,244",+34,1.06,"6,741,900",2026/08/17
968,968,6859,エスペック(株),東証PRM,"4,285",+45,1.06,"48,200",2026/08/17
969,969,1322,上場インデックス中国A株 E FUND CSI300,東証ETF,"11,995",+125,1.05,798,2026/08/17
970,970,2408,(株)ＫＧ情報,東証STD,870,+9,1.05,"6,300",2026/08/17
971,971,2867,GX 自動運転&EV,東証ETF,"1,822",+19,1.05,544,2026/08/17
972,972,3010,ポラリス・ホールディングス(株),東証STD,192,+2,1.05,"424,600",2026/08/17
973,973,4192,スパイダープラス(株),東証GRT,289,+3,1.05,"185,600",2026/08/17
974,974,5025,(株)マーキュリー,東証GRT,578,+6,1.05,"1,500",2026/08/17
975,975,9213,(株)セイファート,東証STD,"1,060",+11,1.05,"3,200",2026/08/17
976,976,1951,エクシオグループ(株),東証PRM,"2,660",+27.5,1.04,"524,300",2026/08/17
977,977,2226,(株)湖池屋,東証STD,"4,875",+50,1.04,"2,000",2026/08/17
978,978,3082,(株)きちりホールディングス,東証STD,973,+10,1.04,"11,000",2026/08/17
979,979,4203,住友ベークライト(株),東証PRM,"7,880",+81,1.04,"441,500",2026/08/17
980,980,7064,(株)ハウテレビジョン,東証STD,878,+9,1.04,"7,800",2026/08/17
981,981,9799,旭情報サービス(株),東証STD,970,+10,1.04,"11,300",2026/08/17
982,982,1847,(株)イチケン,東証STD,"3,430",+35,1.03,"37,400",2026/08/17
983,983,3416,ピクスタ(株),東証STD,879,+9,1.03,"4,700",2026/08/17
984,984,3998,(株)すららネット,東証GRT,294,+3,1.03,"10,700",2026/08/17
985,985,4410,ハリマ化成グループ(株),東証PRM,"1,176",+12,1.03,"77,400",2026/08/17
986,986,4441,トビラシステムズ(株),東証STD,"1,476",+15,1.03,"16,400",2026/08/17
987,987,5830,(株)いよぎんホールディングス,東証PRM,"4,005",+41,1.03,"849,100",2026/08/17
988,988,6557,ＡＩＡＩグループ(株),東証GRT,782,+8,1.03,"27,000",2026/08/17
989,989,7122,近畿車輛(株),東証STD,"2,362",+24,1.03,"4,100",2026/08/17
990,990,7442,中山福(株),東証STD,491,+5,1.03,"5,500",2026/08/17
991,991,7807,(株)幸和製作所,東証STD,882,+9,1.03,"1,700",2026/08/17
992,992,9073,京極運輸商事(株),東証STD,"1,274",+13,1.03,700,2026/08/17
993,993,9980,ＭＲＫホールディングス(株),東証STD,98,+1,1.03,"178,500",2026/08/17
994,994,1950,日本電設工業(株),東証PRM,"3,945",+40,1.02,"65,400",2026/08/17
995,995,2266,六甲バター(株),東証PRM,"1,086",+11,1.02,"92,400",2026/08/17
996,996,7538,(株)大水,東証STD,395,+4,1.02,"4,500",2026/08/17
997,997,1982,日比谷総合設備(株),東証PRM,"3,010",+30,1.01,"100,000",2026/08/17
998,998,3134,Ｈａｍｅｅ(株),東証STD,299,+3,1.01,"35,600",2026/08/17
999,999,414A,(株)オーバーラップホールディングス,東証GRT,904,+9,1.01,"67,100",2026/08/17
1000,1000,4172,Ｈｉクラテス(株),東証STD,"2,300",+23,1.01,"2,100",2026/08/17
1001,1001,7050,(株)フロンティアインターナショナル,東証GRT,"1,397",+14,1.01,"28,000",2026/08/17
1002,1002,7173,(株)東京きらぼしフィナンシャルグループ,東証PRM,"1,798",+18,1.01,"852,600",2026/08/17
1003,1003,7995,(株)バルカー,東証PRM,"6,970",+70,1.01,"49,400",2026/08/17
1004,1004,8104,クワザワホールディングス(株),東証STD,697,+7,1.01,"7,900",2026/08/17
1005,1005,3843,フリービット(株),東証PRM,"1,712",+17,1.0,"45,900",2026/08/17
1006,1006,4839,(株)ＷＯＷＯＷ,東証PRM,"1,010",+10,1.0,"153,600",2026/08/17
1007,1007,5695,パウダーテック(株),東証STD,"3,030",+30,1.0,"1,300",2026/08/17
1008,1008,5831,(株)しずおかフィナンシャルグループ,東証PRM,"3,548",+35,1.0,"1,663,700",2026/08/17
1009,1009,6267,ゼネラルパッカー(株),東証STD,"4,060",+40,1.0,300,2026/08/17
1010,1010,7042,(株)アクセスグループ・ホールディングス,東証STD,704,+7,1.0,"3,600",2026/08/17
1011,1011,7689,(株)コパ・コーポレーション,東証GRT,303,+3,1.0,400,2026/08/17
1012,1012,7769,リズム(株),東証PRM,"4,025",+40,1.0,"13,200",2026/08/17
1013,1013,2185,(株)シイエム・シイ,東証STD,"1,932",+19,0.99,"1,200",2026/08/17
1014,1014,3261,(株)グランディーズ,東証GRT,408,+4,0.99,"3,400",2026/08/17
1015,1015,415A,ＧＭＯ　ＴＥＣＨホールディングス(株),東証GRT,"5,080",+50,0.99,900,2026/08/17
1016,1016,7638,(株)ＮＥＷ　ＡＲＴ　ＨＯＬＤＩＮＧＳ,東証STD,"1,426",+14,0.99,"34,700",2026/08/17
1017,1017,8158,ソーダニッカ(株),東証PRM,"1,331",+13,0.99,"52,700",2026/08/17
1018,1018,1860,戸田建設(株),東証PRM,"1,501.5",+14.5,0.98,"593,700",2026/08/17
1019,1019,5994,(株)ファインシンター,東証STD,"1,033",+10,0.98,"6,200",2026/08/17
1020,1020,6493,(株)ＮＩＴＴＡＮ,東証STD,513,+5,0.98,"63,200",2026/08/17
1021,1021,6540,(株)船場,東証STD,"1,553",+15,0.98,"7,800",2026/08/17
1022,1022,7771,日本精密(株),東証STD,308,+3,0.98,"178,600",2026/08/17
1023,1023,7966,リンテック(株),東証PRM,"6,200",+60,0.98,"103,600",2026/08/17
1024,1024,1434,ＪＥＳＣＯホールディングス(株),東証STD,"1,778",+17,0.97,"33,200",2026/08/17
1025,1025,253A,(株)ＥＴＳグループ,東証STD,"1,046",+10,0.97,"27,900",2026/08/17
1026,1026,3071,(株)ストリーム,東証STD,104,+1,0.97,"30,200",2026/08/17
1027,1027,3440,日創グループ(株),東証STD,937,+9,0.97,"15,700",2026/08/17
1028,1028,6382,トリニティ工業(株),東証STD,"1,245",+12,0.97,"25,000",2026/08/17
1029,1029,6676,(株)バッファロー,東証STD,"2,910",+28,0.97,"27,500",2026/08/17
1030,1030,7887,南海プライウッド(株),東証STD,"1,555",+15,0.97,"2,400",2026/08/17
1031,1031,2130,(株)メンバーズ,東証PRM,951,+9,0.96,"90,600",2026/08/17
1032,1032,2999,ホームポジション(株),東証STD,634,+6,0.96,"20,500",2026/08/17
1033,1033,8150,三信電気(株),東証PRM,"3,160",+30,0.96,"63,400",2026/08/17
1034,1034,3989,シェアリングテクノロジー(株),東証GRT,"1,495",+14,0.95,"474,300",2026/08/17
1035,1035,4093,東邦アセチレン(株),東証STD,426,+4,0.95,"26,700",2026/08/17
1036,1036,5214,日本電気硝子(株),東証PRM,"5,194",+49,0.95,"459,300",2026/08/17
1037,1037,5715,古河機械金属(株),東証PRM,"4,255",+40,0.95,"431,000",2026/08/17
1038,1038,6156,(株)エーワン精密,東証STD,"1,916",+18,0.95,"14,700",2026/08/17
1039,1039,6955,ＦＤＫ(株),東証STD,423,+4,0.95,"105,400",2026/08/17
1040,1040,9423,(株)ＦＲＳ,東証STD,106,+1,0.95,"75,500",2026/08/17
1041,1041,1873,(株)日本ハウスホールディングス,東証PRM,322,+3,0.94,"100,700",2026/08/17
1042,1042,2923,サトウ食品(株),東証STD,"8,600",+80,0.94,"2,600",2026/08/17
1043,1043,6161,(株)エスティック,東証STD,"1,077",+10,0.94,"3,900",2026/08/17
1044,1044,6894,パルステック工業(株),東証STD,"2,150",+20,0.94,700,2026/08/17
1045,1045,6960,フクダ電子(株),東証STD,"11,800",+110,0.94,"35,600",2026/08/17
1046,1046,8395,(株)佐賀銀行,東証PRM,"6,440",+60,0.94,"63,900",2026/08/17
1047,1047,2045,NEXT NOTES S&P シンガポール リート(NR)ETN,東証ETF,"20,590",+190,0.93,5,2026/08/17
1048,1048,2435,(株)シダー,東証STD,218,+2,0.93,"13,500",2026/08/17
1049,1049,277A,グロービング(株),東証PRM,"1,732",+16,0.93,"143,700",2026/08/17
1050,1050,3031,(株)ラクーンホールディングス,東証PRM,650,+6,0.93,"63,000",2026/08/17
1051,1051,3733,(株)ソフトウェア・サービス,東証STD,"11,940",+110,0.93,"6,300",2026/08/17
1052,1052,6013,(株)タクマ,東証PRM,"3,250",+30,0.93,"141,900",2026/08/17
1053,1053,6246,(株)テクノスマート,東証STD,"1,844",+17,0.93,"4,400",2026/08/17
1054,1054,6328,荏原実業(株),東証PRM,"2,385",+22,0.93,"115,000",2026/08/17
1055,1055,9818,大丸エナウィン(株),東証STD,"1,519",+14,0.93,500,2026/08/17
1056,1056,1879,新日本建設(株),東証PRM,"2,314",+21,0.92,"181,000",2026/08/17
1057,1057,3326,(株)ランシステム,東証STD,659,+6,0.92,"1,400",2026/08/17
1058,1058,3550,(株)スタジオアタオ,東証GRT,220,+2,0.92,"7,900",2026/08/17
1059,1059,402A,(株)アクセルスペースホールディングス,東証GRT,549,+5,0.92,"1,439,900",2026/08/17
1060,1060,446A,(株)ノースサンド,東証GRT,"1,857",+17,0.92,"296,000",2026/08/17
1061,1061,4707,(株)キタック,東証STD,328,+3,0.92,"10,400",2026/08/17
1062,1062,5185,(株)フコク,東証PRM,"2,084",+19,0.92,"132,600",2026/08/17
1063,1063,5941,(株)中西製作所,東証STD,"2,745",+25,0.92,"2,900",2026/08/17
1064,1064,6367,ダイキン工業(株),東証PRM,"21,450",+195,0.92,"705,400",2026/08/17
1065,1065,6647,森尾電機(株),東証STD,"3,280",+30,0.92,"1,700",2026/08/17
1066,1066,7879,(株)ノダ,東証STD,655,+6,0.92,"5,600",2026/08/17
1067,1067,9476,(株)中央経済社ホールディングス,東証STD,985,+9,0.92,"2,100",2026/08/17
1068,1068,2058,(株)ヒガシマル,福証,995,+9,0.91,"1,700",2026/08/17
1069,1069,2481,(株)タウンニュース社,東証STD,662,+6,0.91,900,2026/08/17
1070,1070,3189,(株)ＡＮＡＰホールディングス,東証STD,111,+1,0.91,"68,100",2026/08/17
1071,1071,3267,(株)フィル・カンパニー,東証STD,665,+6,0.91,"13,300",2026/08/17
1072,1072,4124,大阪油化工業(株),東証STD,"2,896",+26,0.91,"1,100",2026/08/17
1073,1073,6332,月島ホールディングス(株),東証PRM,"2,783",+25,0.91,"86,100",2026/08/17
1074,1074,7443,横浜魚類(株),東証STD,668,+6,0.91,"7,100",2026/08/17
1075,1075,7521,(株)ムサシ,東証STD,"2,783",+25,0.91,300,2026/08/17
1076,1076,146A,コロンビア・ワークス(株),東証STD,"3,905",+35,0.9,"107,600",2026/08/17
1077,1077,2146,ＵＴグループ(株),東証PRM,225,+2,0.9,"6,476,500",2026/08/17
1078,1078,4412,(株)サイエンスアーツ,東証GRT,"1,231",+11,0.9,"11,400",2026/08/17
1079,1079,4923,コタ(株),東証PRM,"1,238",+11,0.9,"38,600",2026/08/17
1080,1080,7613,シークス(株),東証PRM,"1,676",+15,0.9,"345,600",2026/08/17
1081,1081,9355,(株)リンコーコーポレーション,東証STD,"2,240",+20,0.9,600,2026/08/17
1082,1082,1812,鹿島,東証PRM,"4,981",+44,0.89,"1,518,200",2026/08/17
1083,1083,3988,(株)ＳＹＳホールディングス,東証STD,565,+5,0.89,"2,200",2026/08/17
1084,1084,4344,ソースネクスト(株),東証PRM,113,+1,0.89,"882,400",2026/08/17
1085,1085,4626,太陽ホールディングス(株),東証PRM,"4,855",+43,0.89,"296,900",2026/08/17
1086,1086,7434,(株)オータケ,東証STD,"1,823",+16,0.89,"1,000",2026/08/17
1087,1087,1479,iFreeETF MSCI日本株人材設備投資指数,東証ETF,"51,500",+450,0.88,6,2026/08/17
1088,1088,1997,暁飯島工業(株),東証STD,"4,015",+35,0.88,"1,600",2026/08/17
1089,1089,2404,(株)鉄人化ホールディングス,東証STD,570,+5,0.88,"21,200",2026/08/17
1090,1090,3067,(株)東京一番フーズ,東証STD,460,+4,0.88,"12,500",2026/08/17
1091,1091,3557,ユナイテッド＆コレクティブ(株),東証GRT,573,+5,0.88,"8,200",2026/08/17
1092,1092,6658,シライ電子工業(株),東証STD,461,+4,0.88,"89,000",2026/08/17
1093,1093,6942,(株)ソフィアホールディングス,東証STD,"1,382",+12,0.88,"3,900",2026/08/17
1094,1094,9446,(株)サカイホールディングス,東証STD,685,+6,0.88,"10,700",2026/08/17
1095,1095,3096,(株)オーシャンシステム,東証STD,"1,615",+14,0.87,"4,700",2026/08/17
1096,1096,3486,(株)グローバル・リンク・マネジメント,東証PRM,"1,970",+17,0.87,"44,300",2026/08/17
1097,1097,3524,日東製網(株),東証STD,"1,507",+13,0.87,"11,300",2026/08/17
1098,1098,4389,プロパティデータバンク(株),東証GRT,"1,043",+9,0.87,"7,200",2026/08/17
1099,1099,6643,(株)戸上電機製作所,東証STD,"5,830",+50,0.87,"7,400",2026/08/17
1100,1100,8217,(株)オークワ,東証PRM,809,+7,0.87,"151,700",2026/08/17
1101,1101,8359,(株)八十二長野銀行,東証PRM,"2,721.5",+23.5,0.87,"1,035,900",2026/08/17
1102,1102,3190,(株)ホットマン,東証STD,584,+5,0.86,500,2026/08/17
1103,1103,466A,GX 防衛テック,東証ETF,"1,174",+10,0.86,"34,531",2026/08/17
1104,1104,6356,日本ギア工業(株),東証STD,"1,408",+12,0.86,"87,600",2026/08/17
1105,1105,6405,鈴茂器工(株),東証STD,"1,177",+10,0.86,"30,000",2026/08/17
1106,1106,6915,千代田インテグレ(株),東証STD,"3,520",+30,0.86,"11,000",2026/08/17
1107,1107,7970,信越ポリマー(株),東証PRM,"2,350",+20,0.86,"81,000",2026/08/17
1108,1108,9625,(株)セレスポ,東証STD,939,+8,0.86,"19,100",2026/08/17
1109,1109,1681,上場インデックスファンド海外新興国株式,東証ETF,"3,424",+29,0.85,"6,056",2026/08/17
1110,1110,1959,(株)クラフティア,東証PRM,"8,467",+71,0.85,"252,400",2026/08/17
1111,1111,3928,(株)マイネット,東証STD,236,+2,0.85,"40,800",2026/08/17
1112,1112,4170,(株)Ｋａｉｚｅｎ　Ｐｌａｔｆｏｒｍ,東証GRT,118,+1,0.85,"113,500",2026/08/17
1113,1113,4337,ぴあ(株),東証PRM,"2,722",+23,0.85,"33,600",2026/08/17
1114,1114,5819,カナレ電気(株),東証STD,"1,774",+15,0.85,"3,400",2026/08/17
1115,1115,8084,(株)ＲＹＯＤＥＮ,東証PRM,"4,720",+40,0.85,"84,400",2026/08/17
1116,1116,9519,(株)レノバ,東証PRM,948,+8,0.85,"447,600",2026/08/17
1117,1117,9533,東邦ガス(株),東証PRM,"1,185",+10,0.85,"723,200",2026/08/17
1118,1118,147A,(株)ソラコム,東証GRT,"1,086",+9,0.84,"82,600",2026/08/17
1119,1119,281A,インフォメティス(株),東証GRT,479,+4,0.84,"73,400",2026/08/17
1120,1120,3772,ウェルス・マネジメント(株),東証STD,"1,079",+9,0.84,"17,000",2026/08/17
1121,1121,4026,神島化学工業(株),東証STD,"1,682",+14,0.84,"62,900",2026/08/17
1122,1122,7296,(株)エフ・シー・シー,東証PRM,"4,185",+35,0.84,"152,000",2026/08/17
1123,1123,9072,ニッコンホールディングス(株),東証PRM,"5,431",+45,0.84,"101,700",2026/08/17
1124,1124,9948,(株)アークス,東証PRM,"3,605",+30,0.84,"84,000",2026/08/17
1125,1125,1418,インターライフホールディングス(株),東証STD,611,+5,0.83,"54,300",2026/08/17
1126,1126,1493,One ETF JPX日経中小型,東証ETF,"26,265",+215,0.83,33,2026/08/17
1127,1127,2516,東証グロース250ETF,東証ETF,606.7,+5,0.83,"342,980",2026/08/17
1128,1128,4326,(株)インテージホールディングス,東証PRM,"1,940",+16,0.83,"30,000",2026/08/17
1129,1129,4447,(株)ピー・ビーシステムズ,東証GRT,487,+4,0.83,"6,400",2026/08/17
1130,1130,4531,有機合成薬品工業(株),東証STD,363,+3,0.83,"35,100",2026/08/17
1131,1131,7018,内海造船(株),東証STD,"12,140",+100,0.83,"20,500",2026/08/17
1132,1132,7774,(株)ジャパン・ティッシュエンジニアリング,東証GRT,851,+7,0.83,"90,500",2026/08/17
1133,1133,9076,セイノーホールディングス(株),東証PRM,"2,799",+23,0.83,"383,900",2026/08/17
1134,1134,9760,(株)進学会ホールディングス,東証STD,121,+1,0.83,"25,300",2026/08/17
1135,1135,189A,(株)Ｄ＆Ｍカンパニー,東証GRT,983,+8,0.82,"3,100",2026/08/17
1136,1136,2221,岩塚製菓(株),東証STD,"3,075",+25,0.82,"3,200",2026/08/17
1137,1137,323A,(株)フライヤー,東証GRT,369,+3,0.82,"2,000",2026/08/17
1138,1138,3719,ＡＩストーム(株),東証STD,123,+1,0.82,"964,600",2026/08/17
1139,1139,4450,(株)パワーソリューションズ,東証GRT,"2,200",+18,0.82,"2,300",2026/08/17
1140,1140,6858,(株)小野測器,東証STD,859,+7,0.82,"42,400",2026/08/17
1141,1141,7264,(株)ムロコーポレーション,東証STD,"1,350",+11,0.82,"1,400",2026/08/17
1142,1142,1969,高砂熱学工業(株),東証PRM,"4,373",+35,0.81,"737,500",2026/08/17
1143,1143,3433,トーカロ(株),東証PRM,"2,974",+24,0.81,"154,600",2026/08/17
1144,1144,343A,(株)ＩＡＣＥトラベル,東証STD,"1,364",+11,0.81,"9,800",2026/08/17
1145,1145,5406,(株)神戸製鋼所,東証PRM,"2,002",+16,0.81,"1,333,700",2026/08/17
1146,1146,5940,不二サッシ(株),東証STD,748,+6,0.81,"15,700",2026/08/17
1147,1147,6357,三精テクノロジーズ(株),東証STD,"2,629",+21,0.81,"24,300",2026/08/17
1148,1148,7564,(株)ワークマン,東証STD,"6,200",+50,0.81,"262,500",2026/08/17
1149,1149,7860,エイベックス(株),東証PRM,"1,252",+10,0.81,"174,800",2026/08/17
1150,1150,1952,新日本空調(株),東証PRM,"3,165",+25,0.8,"142,200",2026/08/17
1151,1151,5269,日本コンクリート工業(株),東証PRM,377,+3,0.8,"296,400",2026/08/17
1152,1152,6268,ナブテスコ(株),東証PRM,"4,938",+39,0.8,"904,200",2026/08/17
1153,1153,1832,(株)北海電工,札証,"1,400",+11,0.79,"7,100",2026/08/17
1154,1154,532A,NZAM 上場投信 TOPIX高配当40,東証ETF,"2,295",+18,0.79,833,2026/08/17
1155,1155,5984,兼房(株),東証STD,763,+6,0.79,"7,500",2026/08/17
1156,1156,6925,ウシオ電機(株),東証PRM,"4,358",+34,0.79,"228,400",2026/08/17
1157,1157,1696,WisdomTree とうもろこし上場投信,東証ETF,"2,978",+23,0.78,"1,705",2026/08/17
1158,1158,2437,Ｓｈｉｎｗａ　Ｗｉｓｅ　Ｈｏｌｄｉｎｇｓ(株),東証STD,643,+5,0.78,"65,200",2026/08/17
1159,1159,2525,NZAM 上場投信 日経225,東証ETF,"69,650",+540,0.78,280,2026/08/17
1160,1160,3238,セントラル総合開発(株),東証STD,389,+3,0.78,"22,400",2026/08/17
1161,1161,3698,(株)ＣＲＩ・ミドルウェア,東証STD,"1,168",+9,0.78,"9,600",2026/08/17
1162,1162,5331,ノリタケ(株),東証PRM,"3,900",+30,0.78,"169,900",2026/08/17
1163,1163,6178,日本郵政(株),東証PRM,"2,394.5",+18.5,0.78,"3,096,000",2026/08/17
1164,1164,6186,(株)一蔵,東証STD,389,+3,0.78,700,2026/08/17
1165,1165,6310,井関農機(株),東証PRM,"1,799",+14,0.78,"160,300",2026/08/17
1166,1166,6440,ＪＵＫＩ(株),東証PRM,648,+5,0.78,"253,200",2026/08/17
1167,1167,7003,(株)三井Ｅ＆Ｓ,東証PRM,"4,379",+34,0.78,"1,444,700",2026/08/17
1168,1168,7822,永大産業(株),東証STD,259,+2,0.78,"34,300",2026/08/17
1169,1169,8887,(株)シーラホールディングス,東証STD,388,+3,0.78,"144,300",2026/08/17
1170,1170,1861,(株)熊谷組,東証PRM,"1,313",+10,0.77,"1,763,300",2026/08/17
1171,1171,1934,(株)ユアテック,東証PRM,"2,498",+19,0.77,"107,200",2026/08/17
1172,1172,2321,(株)ソフトフロントホールディングス,東証GRT,131,+1,0.77,"82,800",2026/08/17
1173,1173,2497,ユナイテッド(株),東証GRT,526,+4,0.77,"25,600",2026/08/17
1174,1174,258A,SMT ETF国内リート厳選投資アクティブ,東証ETF,"2,100",+16,0.77,11,2026/08/17
1175,1175,2974,大英産業(株),福証,915,+7,0.77,200,2026/08/17
1176,1176,3359,(株)ｃｏｔｔａ,東証GRT,522,+4,0.77,"47,600",2026/08/17
1177,1177,3547,(株)ユニシアホールディングス,東証STD,"1,842",+14,0.77,"47,500",2026/08/17
1178,1178,4386,(株)ＳＩＧグループ,東証STD,916,+7,0.77,"16,700",2026/08/17
1179,1179,5957,日東精工(株),東証PRM,784,+6,0.77,"89,900",2026/08/17
1180,1180,6142,富士精工(株),名証MN,"1,708",+13,0.77,"5,400",2026/08/17
1181,1181,6454,マックス(株),東証PRM,"1,836",+14,0.77,"226,700",2026/08/17
1182,1182,6807,日本航空電子工業(株),東証PRM,"2,345",+18,0.77,"248,700",2026/08/17
1183,1183,7593,ＶＴホールディングス(株),東証PRM,524,+4,0.77,"468,500",2026/08/17
1184,1184,8524,(株)北洋銀行,東証PRM,"1,311",+10,0.77,"1,316,000",2026/08/17
1185,1185,2039,NEXT NOTES ドバイ原油先物 ベア ETN,東証ETF,533,+4,0.76,"90,452",2026/08/17
1186,1186,2193,クックパッド(株),東証STD,133,+1,0.76,"292,700",2026/08/17
1187,1187,3226,三井不動産アコモデーションファンド投資法人,東証,"119,900",+900,0.76,"4,247",2026/08/17
1188,1188,3659,(株)ネクソン,東証PRM,"3,045",+23,0.76,"14,498,400",2026/08/17
1189,1189,4430,東海ソフト(株),東証STD,"1,725",+13,0.76,"16,000",2026/08/17
1190,1190,497A,インバウンド消費関連 日本株(ネットリターン)ETN,東証ETF,"10,570",+80,0.76,102,2026/08/17
1191,1191,7083,ＡＨＣグループ(株),東証GRT,"1,059",+8,0.76,"3,100",2026/08/17
1192,1192,7162,アストマックス(株),東証STD,266,+2,0.76,"60,300",2026/08/17
1193,1193,7327,(株)第四北越フィナンシャルグループ,東証PRM,"2,519",+19,0.76,"517,500",2026/08/17
1194,1194,7347,(株)マーキュリアホールディングス,東証PRM,791,+6,0.76,"13,900",2026/08/17
1195,1195,7997,(株)くろがね工作所,東証STD,"1,062",+8,0.76,"1,300",2026/08/17
1196,1196,9351,東洋埠頭(株),東証STD,"1,854",+14,0.76,"6,300",2026/08/17
1197,1197,211A,(株)カドス・コーポレーション,東証STD,"3,345",+25,0.75,"13,400",2026/08/17
1198,1198,2788,アップルインターナショナル(株),東証STD,403,+3,0.75,"34,000",2026/08/17
1199,1199,2869,iFreeETF NASDAQ100レバレッジ,東証ETF,"3,088",+23,0.75,"134,174",2026/08/17
1200,1200,4078,堺化学工業(株),東証PRM,"4,030",+30,0.75,"184,600",2026/08/17
1201,1201,6209,リケンＮＰＲ(株),東証PRM,"4,035",+30,0.75,"115,100",2026/08/17
1202,1202,6266,タツモ(株),東証PRM,"4,050",+30,0.75,"296,700",2026/08/17
1203,1203,6506,(株)安川電機,東証PRM,"5,472",+41,0.75,"2,469,900",2026/08/17
1204,1204,6748,星和電機(株),東証STD,803,+6,0.75,"39,500",2026/08/17
1205,1205,7167,(株)めぶきフィナンシャルグループ,東証PRM,"1,671",+12.5,0.75,"1,885,100",2026/08/17
1206,1206,8388,(株)阿波銀行,東証PRM,"9,390",+70,0.75,"163,600",2026/08/17
1207,1207,143A,イシン(株),東証GRT,681,+5,0.74,300,2026/08/17
1208,1208,3246,(株)コーセーアールイー,東証STD,684,+5,0.74,"5,000",2026/08/17
1209,1209,3915,(株)テラスカイ,東証PRM,"2,442",+18,0.74,"94,500",2026/08/17
1210,1210,3931,(株)バリューゴルフ,東証GRT,"1,498",+11,0.74,"2,200",2026/08/17
1211,1211,4365,松本油脂製薬(株),東証STD,"20,360",+150,0.74,"1,200",2026/08/17
1212,1212,5707,東邦亜鉛(株),東証PRM,"1,089",+8,0.74,"1,762,500",2026/08/17
1213,1213,6262,(株)ＰＥＧＡＳＵＳ,東証STD,546,+4,0.74,"59,900",2026/08/17
1214,1214,6996,ニチコン(株),東証PRM,"3,000",+22,0.74,"507,100",2026/08/17
1215,1215,7239,(株)タチエス,東証PRM,"2,326",+17,0.74,"61,100",2026/08/17
1216,1216,9262,(株)シルバーライフ,東証STD,682,+5,0.74,"16,800",2026/08/17
1217,1217,9404,日本テレビホールディングス(株),東証PRM,"2,926.5",+21.5,0.74,"347,800",2026/08/17
1218,1218,1321,(NEXT FUNDS)日経225連動型上場投信,東証ETF,"71,620",+520,0.73,"157,812",2026/08/17
1219,1219,1329,iシェアーズ・コア 日経225ETF,東証ETF,"7,158",+52,0.73,"267,089",2026/08/17
1220,1220,1346,MAXIS 日経225上場投信,東証ETF,"71,530",+520,0.73,"7,162",2026/08/17
1221,1221,2156,セーラー広告(株),東証STD,276,+2,0.73,"3,800",2026/08/17
1222,1222,3131,シンデン・ハイテックス(株),東証STD,"6,930",+50,0.73,"88,200",2026/08/17
1223,1223,3249,産業ファンド投資法人,東証,"137,900","+1,000",0.73,"5,296",2026/08/17
1224,1224,7261,マツダ(株),東証PRM,"1,177.5",+8.5,0.73,"4,625,500",2026/08/17
1225,1225,8986,大和証券リビング投資法人,東証,"96,100",+700,0.73,"3,352",2026/08/17
1226,1226,9761,東海リース(株),東証STD,"2,468",+18,0.73,"9,400",2026/08/17
1227,1227,9972,アルテック(株),東証STD,276,+2,0.73,"8,300",2026/08/17
1228,1228,273A,SBI サウジアラビア株式上場投信,東証ETF,"9,940",+71,0.72,118,2026/08/17
1229,1229,401A,霞ヶ関ホテルリート投資法人,東証,"97,500",+700,0.72,936,2026/08/17
1230,1230,4099,四国化成ホールディングス(株),東証PRM,"2,800",+20,0.72,"648,600",2026/08/17
1231,1231,4249,森六(株),東証PRM,"2,956",+21,0.72,"29,400",2026/08/17
1232,1232,442A,クラシコ(株),東証GRT,975,+7,0.72,"2,600",2026/08/17
1233,1233,4461,第一工業製薬(株),東証PRM,"15,390",+110,0.72,"140,700",2026/08/17
1234,1234,4633,サカタインクス(株),東証PRM,"2,675",+19,0.72,"109,800",2026/08/17
1235,1235,6272,レオン自動機(株),東証PRM,"1,544",+11,0.72,"59,900",2026/08/17
1236,1236,6471,日本精工(株),東証PRM,"1,183.5",+8.5,0.72,"939,700",2026/08/17
1237,1237,6867,リーダー電子(株),東証STD,418,+3,0.72,"5,900",2026/08/17
1238,1238,6966,(株)三井ハイテック,東証PRM,977,+7,0.72,"843,200",2026/08/17
1239,1239,7127,(株)一家ホールディングス,東証STD,698,+5,0.72,"7,500",2026/08/17
1240,1240,7326,ＳＢＩインシュアランスグループ(株),東証GRT,"2,100",+15,0.72,"80,900",2026/08/17
1241,1241,2122,(株)インタースペース,東証STD,"1,411",+10,0.71,"3,900",2026/08/17
1242,1242,2982,(株)ＡＤワークスグループ,東証PRM,428,+3,0.71,"341,400",2026/08/17
1243,1243,3177,(株)ありがとうサービス,東証STD,"4,265",+30,0.71,"1,800",2026/08/17
1244,1244,3282,コンフォリア・レジデンシャル投資法人,東証,"99,400",+700,0.71,"6,282",2026/08/17
1245,1245,6046,(株)リンクバル,東証STD,141,+1,0.71,"83,900",2026/08/17
1246,1246,8015,豊田通商(株),東証PRM,"7,377",+52,0.71,"1,684,900",2026/08/17
1247,1247,1569,TOPIXベア上場投信,東証ETF,722.5,+5,0.7,"23,340",2026/08/17
1248,1248,6383,(株)ダイフク,東証PRM,"6,347",+44,0.7,"2,233,300",2026/08/17
1249,1249,7554,(株)幸楽苑,東証PRM,"1,143",+8,0.7,"84,200",2026/08/17
1250,1250,1469,JPX日経400ベア2倍上場投信ダブルインバース,東証ETF,176.2,+1.2,0.69,"12,200",2026/08/17
1251,1251,1719,安藤ハザマ,東証PRM,"1,903",+13,0.69,"592,000",2026/08/17
1252,1252,2207,(株)ｍｅｉｔｏ,東証PRM,"3,650",+25,0.69,"73,300",2026/08/17
1253,1253,4645,(株)市進ホールディングス,東証STD,435,+3,0.69,100,2026/08/17
1254,1254,6824,新コスモス電機(株),東証STD,"4,355",+30,0.69,"8,700",2026/08/17
1255,1255,7314,(株)小田原機器,東証STD,"1,314",+9,0.69,"2,400",2026/08/17
1256,1256,9698,(株)クレオ,東証STD,"1,306",+9,0.69,"7,300",2026/08/17
1257,1257,1320,iFreeETF 日経225(年1回決算型),東証ETF,"71,390",+480,0.68,"23,565",2026/08/17
1258,1258,1368,iFreeETF TOPIXダブルインバース(-2倍)指数,東証ETF,148,+1,0.68,"52,618",2026/08/17
1259,1259,2011,SMDAM Active ETF 日本高配当株式,東証ETF,870,+5.9,0.68,"25,860",2026/08/17
1260,1260,2935,(株)ピックルスホールディングス,東証PRM,"1,178",+8,0.68,"25,700",2026/08/17
1261,1261,3930,(株)はてな,東証GRT,743,+5,0.68,"25,100",2026/08/17
1262,1262,3964,(株)オークネット,東証PRM,"1,485",+10,0.68,"742,700",2026/08/17
1263,1263,5026,(株)トリプルアイズ,東証GRT,594,+4,0.68,"22,900",2026/08/17
1264,1264,5463,丸一鋼管(株),東証PRM,"1,777.5",+12,0.68,"778,800",2026/08/17
1265,1265,5936,東洋シヤッター(株),東証STD,892,+6,0.68,"3,700",2026/08/17
1266,1266,6745,ホーチキ(株),東証PRM,"2,087",+14,0.68,"154,700",2026/08/17
1267,1267,9416,(株)ビジョン,東証PRM,"1,043",+7,0.68,"403,900",2026/08/17
1268,1268,2734,(株)サーラコーポレーション,東証PRM,"1,207",+8,0.67,"136,900",2026/08/17
1269,1269,3461,(株)パルマ,東証STD,600,+4,0.67,"6,300",2026/08/17
1270,1270,3597,(株)自重堂,東証STD,"9,080",+60,0.67,"2,000",2026/08/17
1271,1271,5976,ネツレン,東証PRM,"1,504",+10,0.67,"102,100",2026/08/17
1272,1272,6030,(株)アドベンチャー,東証GRT,"1,500",+10,0.67,"22,200",2026/08/17
1273,1273,6146,(株)ディスコ,東証PRM,"65,910",+440,0.67,"833,300",2026/08/17
1274,1274,6424,(株)高見沢サイバネティックス,東証STD,897,+6,0.67,"2,500",2026/08/17
1275,1275,6737,ＥＩＺＯ(株),東証PRM,"3,020",+20,0.67,"135,300",2026/08/17
1276,1276,6981,(株)村田製作所,東証PRM,"8,290",+55,0.67,"19,316,100",2026/08/17
1277,1277,9012,秩父鉄道(株),東証STD,"2,100",+14,0.67,100,2026/08/17
1278,1278,9250,(株)ＧＲＣＳ,東証GRT,905,+6,0.67,600,2026/08/17
1279,1279,3093,(株)トレジャー・ファクトリー,東証PRM,"2,126",+14,0.66,"163,100",2026/08/17
1280,1280,3815,(株)メディア工房,東証GRT,461,+3,0.66,"14,300",2026/08/17
1281,1281,4275,(株)カーリット,東証PRM,"2,127",+14,0.66,"150,200",2026/08/17
1282,1282,5013,(株)ユシロ,東証STD,"3,070",+20,0.66,"20,200",2026/08/17
1283,1283,5950,日本パワーファスニング(株),東証STD,152,+1,0.66,"29,400",2026/08/17
1284,1284,7279,(株)ハイレックスコーポレーション,東証STD,"2,574",+17,0.66,"44,400",2026/08/17
1285,1285,7444,ハリマ共和物産(株),東証STD,"1,993",+13,0.66,200,2026/08/17
1286,1286,7872,エステールホールディングス(株),東証STD,612,+4,0.66,"4,300",2026/08/17
1287,1287,8200,(株)リンガーハット,東証PRM,"2,305",+15,0.66,"73,100",2026/08/17
1288,1288,9976,(株)セキチュー,東証STD,"1,063",+7,0.66,600,2026/08/17
1289,1289,1379,ホクト(株),東証PRM,"2,007",+13,0.65,"121,300",2026/08/17
1290,1290,2152,幼児活動研究会(株),東証STD,"1,540",+10,0.65,500,2026/08/17
1291,1291,2304,(株)ＣＳＳホールディングス,東証STD,934,+6,0.65,"8,500",2026/08/17
1292,1292,334A,(株)ビジュアル・プロセッシング・ジャパン,東証GRT,923,+6,0.65,"3,800",2026/08/17
1293,1293,4366,ダイトーケミックス(株),東証STD,463,+3,0.65,"64,000",2026/08/17
1294,1294,6101,(株)ツガミ,東証PRM,"6,240",+40,0.65,"273,400",2026/08/17
1295,1295,7464,セフテック(株),東証STD,"1,549",+10,0.65,"2,800",2026/08/17
1296,1296,7729,(株)東京精密,東証PRM,"19,270",+125,0.65,"229,800",2026/08/17
1297,1297,8093,極東貿易(株),東証PRM,"1,866",+12,0.65,"52,300",2026/08/17
1298,1298,8147,(株)トミタ,東証STD,"1,399",+9,0.65,"1,400",2026/08/17
1299,1299,8345,(株)岩手銀行,東証PRM,"2,460",+16,0.65,"265,500",2026/08/17
1300,1300,8912,(株)エリアクエスト,東証STD,154,+1,0.65,"32,100",2026/08/17
1301,1301,1369,One ETF 日経225,東証ETF,"69,480",+440,0.64,"1,527",2026/08/17
1302,1302,2081,政策保有解消推進ETF,東証ETF,"2,210",+14,0.64,671,2026/08/17
1303,1303,2747,北雄ラッキー(株),東証STD,"3,160",+20,0.64,700,2026/08/17
1304,1304,4976,東洋ドライルーブ(株),東証STD,"1,409",+9,0.64,"13,300",2026/08/17
1305,1305,7265,エイケン工業(株),東証STD,"3,905",+25,0.64,300,2026/08/17
1306,1306,7466,ＳＰＫ(株),東証PRM,"1,409",+9,0.64,"43,900",2026/08/17
1307,1307,8244,(株)近鉄百貨店,東証STD,"1,887",+12,0.64,"83,900",2026/08/17
1308,1308,8285,三谷産業(株),東証STD,790,+5,0.64,"90,400",2026/08/17
1309,1309,3234,森ヒルズリート投資法人,東証,"127,400",+800,0.63,"3,367",2026/08/17
1310,1310,4413,(株)ボードルア,東証PRM,"2,861",+18,0.63,"114,800",2026/08/17
1311,1311,6307,サンセイ(株),東証STD,476,+3,0.63,"8,300",2026/08/17
1312,1312,7235,東京ラヂエーター製造(株),東証STD,"1,610",+10,0.63,"22,500",2026/08/17
1313,1313,7266,(株)今仙電機製作所,東証STD,958,+6,0.63,"28,200",2026/08/17
1314,1314,7350,(株)おきなわフィナンシャルグループ,東証PRM,"7,990",+50,0.63,"121,800",2026/08/17
1315,1315,1499,MAXIS 日本株高配当70マーケットニュートラル,東証ETF,"9,150",+56,0.62,167,2026/08/17
1316,1316,1619,(NEXT FUNDS)建設･資材上場投信,東証ETF,"46,700",+290,0.62,540,2026/08/17
1317,1317,4167,(株)ココペリ,東証GRT,323,+2,0.62,"20,300",2026/08/17
1318,1318,4491,コンピューターマネージメント(株),東証STD,"3,265",+20,0.62,"1,100",2026/08/17
1319,1319,5967,ＴＯＮＥ(株),東証STD,489,+3,0.62,"6,000",2026/08/17
1320,1320,7625,(株)グローバルダイニング,東証STD,487,+3,0.62,"12,300",2026/08/17
1321,1321,7819,粧美堂(株),東証STD,973,+6,0.62,"43,900",2026/08/17
1322,1322,8125,(株)ワキタ,東証PRM,"1,948",+12,0.62,"145,900",2026/08/17
1323,1323,9551,メタウォーター(株),東証PRM,"3,240",+20,0.62,"100,200",2026/08/17
1324,1324,9991,ジェコス(株),東証PRM,"1,772",+11,0.62,"50,800",2026/08/17
1325,1325,2796,ファーマライズホールディングス(株),東証STD,497,+3,0.61,"4,100",2026/08/17
1326,1326,2884,(株)ヨシムラ・フード・ホールディングス,東証PRM,664,+4,0.61,"51,700",2026/08/17
1327,1327,2989,東海道リート投資法人,東証,"99,200",+600,0.61,"1,448",2026/08/17
1328,1328,3245,(株)ディア・ライフ,東証PRM,"1,158",+7,0.61,"394,600",2026/08/17
1329,1329,3451,トーセイ・リート投資法人,東証,"131,600",+800,0.61,608,2026/08/17
1330,1330,4043,(株)トクヤマ,東証PRM,"4,270",+26,0.61,"544,600",2026/08/17
1331,1331,4272,日本化薬(株),東証PRM,"2,141",+13,0.61,"352,200",2026/08/17
1332,1332,4351,(株)山田再生系債権回収総合事務所,東証STD,827,+5,0.61,"6,600",2026/08/17
1333,1333,4763,(株)クリーク・アンド・リバー社,東証PRM,"1,483",+9,0.61,"44,100",2026/08/17
1334,1334,5858,(株)ＳＴＧ,東証GRT,"1,155",+7,0.61,"7,400",2026/08/17
1335,1335,6888,アクモス(株),東証STD,495,+3,0.61,"11,700",2026/08/17
1336,1336,1330,上場インデックスファンド225,東証ETF,"71,650",+430,0.6,"7,917",2026/08/17
1337,1337,1356,TOPIXベア2倍上場投信,東証ETF,101.4,+0.6,0.6,"2,655,240",2026/08/17
1338,1338,1853,(株)森組,東証STD,333,+2,0.6,"15,300",2026/08/17
1339,1339,1929,日特建設(株),東証PRM,"1,174",+7,0.6,"92,000",2026/08/17
1340,1340,3161,アゼアス(株),東証STD,666,+4,0.6,"2,700",2026/08/17
1341,1341,3472,日本ホテル＆レジデンシャル投資法人,東証,"67,500",+400,0.6,"1,616",2026/08/17
1342,1342,4838,スペースシャワーＳＫＩＹＡＫＩホールディングス(株),東証STD,669,+4,0.6,"25,800",2026/08/17
1343,1343,6093,ミトラグループ(株),東証STD,167,+1,0.6,"59,100",2026/08/17
1344,1344,6323,ローツェ(株),東証PRM,"4,363",+26,0.6,"1,377,400",2026/08/17
1345,1345,7601,(株)ポプラ,東証STD,167,+1,0.6,"12,400",2026/08/17
1346,1346,7646,(株)ＰＬＡＮＴ,東証STD,"1,849",+11,0.6,"5,900",2026/08/17
1347,1347,8392,(株)大分銀行,東証PRM,"2,860",+17,0.6,"185,100",2026/08/17
1348,1348,8881,(株)日神グループホールディングス,東証PRM,672,+4,0.6,"83,000",2026/08/17
1349,1349,9412,スカパーＪＳＡＴ(株),東証PRM,"2,365",+14,0.6,"1,666,100",2026/08/17
1350,1350,9885,(株)シャルレ,東証STD,335,+2,0.6,"2,600",2026/08/17
1351,1351,1597,MAXIS Jリート上場投信,東証ETF,"1,879",+11,0.59,"74,816",2026/08/17
1352,1352,2687,(株)シー・ヴイ・エス・ベイエリア,東証STD,509,+3,0.59,"6,700",2026/08/17
1353,1353,298A,ＧＶＡ　ＴＥＣＨ(株),東証GRT,342,+2,0.59,"15,500",2026/08/17
1354,1354,4088,エア・ウォーター(株),東証PRM,"2,549",+15,0.59,"535,500",2026/08/17
1355,1355,4220,リケンテクノス(株),東証PRM,"2,719",+16,0.59,"186,300",2026/08/17
1356,1356,459A,野村 高利回りJリート指数ETF,東証ETF,"10,300",+60,0.59,25,2026/08/17
1357,1357,5201,ＡＧＣ(株),東証PRM,"5,996",+35,0.59,"1,055,900",2026/08/17
1358,1358,5253,カバー(株),東証GRT,"1,538",+9,0.59,"1,198,500",2026/08/17
1359,1359,5852,(株)アーレスティ,東証PRM,678,+4,0.59,"105,100",2026/08/17
1360,1360,6104,芝浦機械(株),東証PRM,"4,280",+25,0.59,"95,300",2026/08/17
1361,1361,6526,(株)ソシオネクスト,東証PRM,"2,131",+12.5,0.59,"5,806,500",2026/08/17
1362,1362,6535,(株)アイモバイル,東証PRM,510,+3,0.59,"405,200",2026/08/17
1363,1363,7621,(株)うかい,東証STD,"3,430",+20,0.59,500,2026/08/17
1364,1364,9824,泉州電業(株),東証PRM,"6,830",+40,0.59,"27,800",2026/08/17
1365,1365,2429,(株)ワールドホールディングス,東証PRM,"2,766",+16,0.58,"65,100",2026/08/17
1366,1366,2438,(株)アスカネット,東証GRT,348,+2,0.58,"20,800",2026/08/17
1367,1367,2753,(株)あみやき亭,東証PRM,"1,388",+8,0.58,"46,000",2026/08/17
1368,1368,2858,GX 日経225 カバード・コール (プレミアム再投資型),東証ETF,"1,555",+9,0.58,382,2026/08/17
1369,1369,3279,アクティビア・プロパティーズ投資法人,東証,"139,200",+800,0.58,"4,616",2026/08/17
1370,1370,3470,マリモ地方創生リート投資法人,東証,"103,500",+600,0.58,772,2026/08/17
1371,1371,6552,(株)ＧａｍｅＷｉｔｈ,東証STD,174,+1,0.58,"27,300",2026/08/17
1372,1372,6848,東亜ディーケーケー(株),東証STD,867,+5,0.58,"3,400",2026/08/17
1373,1373,7049,(株)識学,東証GRT,861,+5,0.58,"13,200",2026/08/17
1374,1374,7297,(株)カーメイト,東証STD,862,+5,0.58,"3,400",2026/08/17
1375,1375,8984,大和ハウスリート投資法人,東証,"120,700",+700,0.58,"7,028",2026/08/17
1376,1376,9003,相鉄ホールディングス(株),東証PRM,"2,532.5",+14.5,0.58,"238,800",2026/08/17
1377,1377,9330,(株)揚羽,東証GRT,870,+5,0.58,"2,500",2026/08/17
1378,1378,3396,(株)フェリシモ,東証STD,876,+5,0.57,"5,200",2026/08/17
1379,1379,3798,ＵＬＳグループ(株),東証STD,528,+3,0.57,"328,900",2026/08/17
1380,1380,3908,(株)コラボス,東証STD,352,+2,0.57,"4,700",2026/08/17
1381,1381,4725,(株)ＣＡＣ　Ｈｏｌｄｉｎｇｓ,東証PRM,"1,947",+11,0.57,"89,500",2026/08/17
1382,1382,5035,ＨＯＵＳＥＩ(株),東証GRT,355,+2,0.57,"5,200",2026/08/17
1383,1383,5900,(株)ダイケン,東証STD,875,+5,0.57,"1,800",2026/08/17
1384,1384,7126,グローバルスタイル(株),東証STD,"1,423",+8,0.57,"2,100",2026/08/17
1385,1385,9470,(株)学研ホールディングス,東証PRM,"1,050",+6,0.57,"129,600",2026/08/17
1386,1386,2565,GX ロジスティクス・J-REIT,東証ETF,903,+5,0.56,"5,985",2026/08/17
1387,1387,2819,エバラ食品工業(株),東証STD,"2,528",+14,0.56,"11,200",2026/08/17
1388,1388,3355,クリヤマホールディングス(株),東証STD,"1,795",+10,0.56,"19,000",2026/08/17
1389,1389,3468,スターアジア不動産投資法人,東証,"53,700",+300,0.56,"5,915",2026/08/17
1390,1390,346A,(NEXT FUNDS) S&P500 半導体・半導体製造装置35%,東証ETF,"5,199",+29,0.56,"2,946",2026/08/17
1391,1391,6645,オムロン(株),東証PRM,"7,043",+39,0.56,"1,248,900",2026/08/17
1392,1392,7524,マルシェ(株),東証STD,180,+1,0.56,"24,200",2026/08/17
1393,1393,9537,北陸ガス(株),東証STD,"4,485",+25,0.56,900,2026/08/17
1394,1394,9982,タキヒヨー(株),東証STD,"2,515",+14,0.56,"6,300",2026/08/17
1395,1395,1578,上場インデックスファンド日経225(ミニ),東証ETF,"5,515",+30,0.55,"5,863",2026/08/17
1396,1396,3442,(株)ＭＩＥコーポレーション,名証MN,"1,660",+9,0.55,200,2026/08/17
1397,1397,3607,(株)クラウディアホールディングス,東証STD,368,+2,0.55,"11,600",2026/08/17
1398,1398,3985,テモナ(株),東証STD,182,+1,0.55,"15,400",2026/08/17
1399,1399,4320,(株)ＣＥホールディングス,東証STD,"1,657",+9,0.55,"198,200",2026/08/17
1400,1400,4331,(株)テイクアンドギヴ・ニーズ,東証PRM,737,+4,0.55,"111,100",2026/08/17
1401,1401,4335,ＩＰＳホールディングス(株),東証STD,"1,100",+6,0.55,"1,300",2026/08/17
1402,1402,4433,(株)ヒト・コミュニケーションズ・ホールディングス,東証PRM,911,+5,0.55,"37,900",2026/08/17
1403,1403,4617,中国塗料(株),東証PRM,"3,660",+20,0.55,"143,800",2026/08/17
1404,1404,7227,アスカ(株),名証MN,"1,840",+10,0.55,600,2026/08/17
1405,1405,8951,日本ビルファンド投資法人,東証,"129,100",+700,0.55,"23,485",2026/08/17
1406,1406,2528,iFreeETF 東証REIT Core指数,東証ETF,"1,107",+6,0.54,"5,625",2026/08/17
1407,1407,2877,日東ベスト(株),東証STD,740,+4,0.54,"2,400",2026/08/17
1408,1408,3309,積水ハウス・リート投資法人,東証,"74,200",+400,0.54,"9,166",2026/08/17
1409,1409,3466,ラサールロジポート投資法人,東証,"149,100",+800,0.54,"4,488",2026/08/17
1410,1410,526A,JPXスタートアップ急成長100ETF,東証ETF,"2,248",+12,0.54,"1,042",2026/08/17
1411,1411,5952,アマテイ(株),東証STD,185,+1,0.54,"17,600",2026/08/17
1412,1412,6571,キュービーネットホールディングス(株),東証PRM,"1,298",+7,0.54,"69,000",2026/08/17
1413,1413,7555,(株)大田花き,東証STD,744,+4,0.54,"1,100",2026/08/17
1414,1414,7888,三光合成(株),東証PRM,936,+5,0.54,"117,500",2026/08/17
1415,1415,7956,ピジョン(株),東証PRM,"2,125",+11.5,0.54,"1,178,900",2026/08/17
1416,1416,8336,(株)武蔵野銀行,東証PRM,"2,790",+15,0.54,"154,100",2026/08/17
1417,1417,8551,(株)北日本銀行,東証PRM,"7,420",+40,0.54,"40,500",2026/08/17
1418,1418,9388,(株)パパネッツ,福岡Q,936,+5,0.54,"4,100",2026/08/17
1419,1419,1466,iFreeETF JPX日経400ダブルインバース・インデックス,東証ETF,189,+1,0.53,58,2026/08/17
1420,1420,3321,ミタチ産業(株),東証STD,"1,715",+9,0.53,"28,600",2026/08/17
1421,1421,3399,(株)丸千代山岡家,東証STD,"3,800",+20,0.53,"69,300",2026/08/17
1422,1422,3946,(株)トーモク,東証PRM,"4,715",+25,0.53,"157,700",2026/08/17
1423,1423,4109,ステラ　ケミファ(株),東証PRM,"5,730",+30,0.53,"71,300",2026/08/17
1424,1424,4996,クミアイ化学工業(株),東証PRM,764,+4,0.53,"271,800",2026/08/17
1425,1425,545A,(株)トランヴィア,東証PRM,941,+5,0.53,"47,300",2026/08/17
1426,1426,5580,(株)プロディライト,東証GRT,"1,720",+9,0.53,"1,200",2026/08/17
1427,1427,6208,(株)石川製作所,東証STD,"1,692",+9,0.53,"83,100",2026/08/17
1428,1428,6625,ＪＡＬＣＯホールディングス(株),東証STD,379,+2,0.53,"219,500",2026/08/17
1429,1429,7915,ＮＩＳＳＨＡ(株),東証PRM,"1,334",+7,0.53,"208,700",2026/08/17
1430,1430,8331,(株)千葉銀行,東証PRM,"2,843.5",+15,0.53,"1,702,900",2026/08/17
1431,1431,1869,名工建設(株),名証MN,"1,917",+10,0.52,"4,200",2026/08/17
1432,1432,2084,(NEXT FUNDS) 日本高配当株アクティブ,東証ETF,"3,900",+20,0.52,"5,671",2026/08/17
1433,1433,2253,GX スーパーディビィデンド-US,東証ETF,"1,350",+7,0.52,"22,165",2026/08/17
1434,1434,2984,ヤマイチエステート(株),東証STD,766,+4,0.52,"3,300",2026/08/17
1435,1435,5956,トーソー(株),東証STD,575,+3,0.52,"2,500",2026/08/17
1436,1436,8393,(株)宮崎銀行,東証PRM,"2,510",+13,0.52,"237,700",2026/08/17
1437,1437,8977,阪急阪神リート投資法人,東証,"136,100",+700,0.52,"1,339",2026/08/17
1438,1438,9206,(株)スターフライヤー,東証STD,"1,925",+10,0.52,"1,400",2026/08/17
1439,1439,3297,(株)東武住販,東証STD,"1,184",+6,0.51,"1,700",2026/08/17
1440,1440,4205,日本ゼオン(株),東証PRM,"2,467.5",+12.5,0.51,"779,800",2026/08/17
1441,1441,5243,ｎｏｔｅ(株),東証GRT,"2,573",+13,0.51,"202,500",2026/08/17
1442,1442,6370,栗田工業(株),東証PRM,"8,499",+43,0.51,"493,600",2026/08/17
1443,1443,6412,(株)平和,東証PRM,"2,189",+11,0.51,"380,000",2026/08/17
1444,1444,6814,古野電気(株),東証PRM,"7,920",+40,0.51,"277,300",2026/08/17
1445,1445,1383,ベルグアース(株),東証STD,"3,030",+15,0.5,400,2026/08/17
1446,1446,2418,(株)ツカダ・グローバルホールディング,東証STD,601,+3,0.5,"203,000",2026/08/17
1447,1447,2424,(株)ブラス,東証STD,602,+3,0.5,"2,000",2026/08/17
1448,1448,2569,上場インデックスファンド米国株式(NASDAQ100)H有,東証ETF,"4,415",+22,0.5,"25,092",2026/08/17
1449,1449,2573,北海道コカ・コーラボトリング(株),東証STD,"4,010",+20,0.5,"3,200",2026/08/17
1450,1450,3174,(株)ハピネス・アンド・ディ,東証STD,403,+2,0.5,"8,000",2026/08/17
1451,1451,3292,イオンリート投資法人,東証,"120,500",+600,0.5,"3,118",2026/08/17
1452,1452,3628,(株)データホライゾン,東証GRT,605,+3,0.5,"15,800",2026/08/17
1453,1453,3967,(株)エルテス,東証GRT,602,+3,0.5,"9,600",2026/08/17
1454,1454,4216,旭有機材(株),東証PRM,"6,080",+30,0.5,"75,500",2026/08/17
1455,1455,4442,バルテス・ホールディングス(株),東証GRT,399,+2,0.5,"19,200",2026/08/17
1456,1456,5962,浅香工業(株),東証STD,"2,000",+10,0.5,400,2026/08/17
1457,1457,6090,ヒューマン・メタボローム・テクノロジーズ(株),東証STD,603,+3,0.5,"12,000",2026/08/17
1458,1458,6674,(株)ジーエス・ユアサ　コーポレーション,東証PRM,"5,681",+28,0.5,"816,500",2026/08/17
1459,1459,9507,四国電力(株),東証PRM,"1,807.5",+9,0.5,"641,000",2026/08/17
1460,1460,138A,光フードサービス(株),東証GRT,"3,065",+15,0.49,"1,300",2026/08/17
1461,1461,2251,(NEXT FUNDS) JPX国債先物ダブルインバース,東証ETF,907.4,+4.4,0.49,"25,310",2026/08/17
1462,1462,3116,トヨタ紡織(株),東証PRM,"2,252.5",+11,0.49,"330,200",2026/08/17
1463,1463,3137,(株)ファンデリー,東証STD,207,+1,0.49,"19,200",2026/08/17
1464,1464,3159,丸善ＣＨＩホールディングス(株),東証STD,408,+2,0.49,"108,300",2026/08/17
1465,1465,3371,(株)ソフトクリエイトホールディングス,東証PRM,"2,069",+10,0.49,"63,300",2026/08/17
1466,1466,6195,(株)ホープ,東証GRT,204,+1,0.49,"57,900",2026/08/17
1467,1467,6612,バルミューダ(株),東証GRT,614,+3,0.49,"3,900",2026/08/17
1468,1468,9238,バリュークリエーション(株),東証GRT,407,+2,0.49,"4,500",2026/08/17
1469,1469,194A,(株)ＷＯＬＶＥＳ　ＨＡＮＤ,東証GRT,"2,110",+10,0.48,"46,100",2026/08/17
1470,1470,2089,NZAM 上場投信 DAX(H有),東証ETF,"2,927",+14,0.48,8,2026/08/17
1471,1471,2654,(株)アスモ,東証STD,418,+2,0.48,"6,200",2026/08/17
1472,1472,3269,アドバンス・レジデンス投資法人,東証,"146,600",+700,0.48,"5,736",2026/08/17
1473,1473,4777,(株)ガーラ,東証STD,209,+1,0.48,"30,400",2026/08/17
1474,1474,6286,靜甲(株),東証STD,"1,460",+7,0.48,"6,000",2026/08/17
1475,1475,6317,(株)北川鉄工所,東証STD,"1,884",+9,0.48,"32,600",2026/08/17
1476,1476,7414,小野建(株),東証PRM,"1,454",+7,0.48,"70,900",2026/08/17
1477,1477,7814,(株)日本創発グループ,東証STD,629,+3,0.48,"11,400",2026/08/17
1478,1478,8076,(株)カノークス,東証STD,"2,110",+10,0.48,"2,700",2026/08/17
1479,1479,9867,ソレキア(株),東証STD,"10,550",+50,0.48,200,2026/08/17
1480,1480,1820,西松建設(株),東証PRM,"5,527",+26,0.47,"87,300",2026/08/17
1481,1481,2979,SOSiLA物流リート投資法人,東証,"106,000",+500,0.47,"2,506",2026/08/17
1482,1482,3045,(株)カワサキ,東証STD,"1,500",+7,0.47,"1,000",2026/08/17
1483,1483,3109,シキボウ(株),東証PRM,"1,076",+5,0.47,"59,000",2026/08/17
1484,1484,3462,野村不動産マスターファンド投資法人,東証,"150,500",+700,0.47,"6,826",2026/08/17
1485,1485,5576,(株)オービーシステム,東証STD,"2,967",+14,0.47,"1,900",2026/08/17
1486,1486,6504,富士電機(株),東証PRM,"14,970",+70,0.47,"505,700",2026/08/17
1487,1487,8077,トルク(株),東証STD,216,+1,0.47,"14,700",2026/08/17
1488,1488,8929,(株)青山財産ネットワークス,東証STD,"1,285",+6,0.47,"45,100",2026/08/17
1489,1489,9621,(株)建設技術研究所,東証PRM,"3,175",+15,0.47,"83,000",2026/08/17
1490,1490,1658,iシェアーズ･コア MSCI 新興国株 ETF,東証ETF,"4,380",+20,0.46,"3,690",2026/08/17
1491,1491,1981,(株)協和日成,東証STD,"1,324",+6,0.46,"3,300",2026/08/17
1492,1492,2218,日糧製パン(株),札証,"2,162",+10,0.46,100,2026/08/17
1493,1493,2632,MAXIS ナスダック100上場投信(H有),東証ETF,"18,380",+85,0.46,"3,468",2026/08/17
1494,1494,3283,日本プロロジスリート投資法人,東証,"87,800",+400,0.46,"9,172",2026/08/17
1495,1495,4284,(株)ソルクシーズ,東証STD,438,+2,0.46,"34,400",2026/08/17
1496,1496,4769,(株)ＩＣ,東証STD,"1,098",+5,0.46,500,2026/08/17
1497,1497,5942,日本フイルコン(株),東証STD,654,+3,0.46,"50,100",2026/08/17
1498,1498,6151,日東工器(株),東証PRM,"1,763",+8,0.46,"22,900",2026/08/17
1499,1499,6678,(株)テクノメディカ,東証STD,"2,174",+10,0.46,"14,700",2026/08/17
1500,1500,7514,(株)ヒマラヤ,東証STD,883,+4,0.46,"4,500",2026/08/17
1501,1501,7707,プレシジョン・システム・サイエンス(株),東証GRT,220,+1,0.46,"882,400",2026/08/17
1502,1502,8198,マックスバリュ東海(株),東証STD,"3,250",+15,0.46,"14,500",2026/08/17
1503,1503,8399,(株)琉球銀行,東証PRM,"3,310",+15,0.46,"158,900",2026/08/17
1504,1504,1813,(株)不動テトラ,東証PRM,"2,877",+13,0.45,"69,900",2026/08/17
1505,1505,1963,日揮ホールディングス(株),東証PRM,"2,355.5",+10.5,0.45,"1,331,100",2026/08/17
1506,1506,2860,(NEXT FUNDS) ドイツ株式・DAX(H有),東証ETF,"3,329",+15,0.45,317,2026/08/17
1507,1507,2971,エスコンジャパンリート投資法人,東証,"111,200",+500,0.45,677,2026/08/17
1508,1508,3286,トラストホールディングス(株),東証STD,889,+4,0.45,"3,900",2026/08/17
1509,1509,3477,フォーライフ(株),東証GRT,892,+4,0.45,"7,100",2026/08/17
1510,1510,4248,竹本容器(株),東証STD,892,+4,0.45,"12,700",2026/08/17
1511,1511,4801,セントラルスポーツ(株),東証PRM,"2,448",+11,0.45,"12,000",2026/08/17
1512,1512,607A,(株)エブリー,東証GRT,224,+1,0.45,"700,100",2026/08/17
1513,1513,6635,(株)大日光・エンジニアリング,東証STD,668,+3,0.45,"25,100",2026/08/17
1514,1514,6677,(株)エスケーエレクトロニクス,東証STD,"3,380",+15,0.45,"81,900",2026/08/17
1515,1515,75505,（株）ゼンショーホールディングス第1回社債型種類株式,東証PRM,"4,960",+22,0.45,100,2026/08/17
1516,1516,8301,日本銀行,東証,"22,100",+100,0.45,100,2026/08/17
1517,1517,8600,トモニホールディングス(株),東証PRM,"1,123",+5,0.45,"574,800",2026/08/17
1518,1518,9052,山陽電気鉄道(株),東証PRM,"1,989",+9,0.45,"52,300",2026/08/17
1519,1519,4538,扶桑薬品工業(株),東証PRM,"2,284",+10,0.44,"21,300",2026/08/17
1520,1520,5332,ＴＯＴＯ(株),東証PRM,"6,660",+29,0.44,"1,124,500",2026/08/17
1521,1521,5923,高田機工(株),東証STD,"1,145",+5,0.44,"2,500",2026/08/17
1522,1522,6224,(株)ＪＲＣ,東証GRT,"1,138",+5,0.44,"24,300",2026/08/17
1523,1523,6546,フルテック(株),東証STD,"1,130",+5,0.44,"1,100",2026/08/17
1524,1524,1349,ABF 汎アジア債券インデックス･ファンド,東証ETF,"17,660",+75,0.43,6,2026/08/17
1525,1525,1624,(NEXT FUNDS)機械上場投信,東証ETF,"90,120",+390,0.43,165,2026/08/17
1526,1526,1827,(株)ナカノフドー建設,東証STD,"1,394",+6,0.43,"13,500",2026/08/17
1527,1527,3024,クリエイト(株),東証STD,"1,165",+5,0.43,"1,700",2026/08/17
1528,1528,363A,iFreeETF 英国FTSE100,東証ETF,"2,786",+12,0.43,"1,553",2026/08/17
1529,1529,5660,神鋼鋼線工業(株),東証STD,"1,861",+8,0.43,"55,100",2026/08/17
1530,1530,610A,GX 宇宙テック・トップ10(除く日本),東証ETF,"1,180",+5,0.43,"107,995",2026/08/17
1531,1531,7734,理研計器(株),東証PRM,"3,480",+15,0.43,"115,900",2026/08/17
1532,1532,8544,(株)京葉銀行,東証PRM,"2,800",+12,0.43,"323,400",2026/08/17
1533,1533,8953,日本都市ファンド投資法人,東証,"115,800",+500,0.43,"15,852",2026/08/17
1534,1534,8987,ジャパンエクセレント投資法人,東証,"141,400",+600,0.43,"1,897",2026/08/17
1535,1535,9162,(株)ブリーチ,東証GRT,231,+1,0.43,"7,700",2026/08/17
1536,1536,9324,安田倉庫(株),東証PRM,"2,571",+11,0.43,"101,300",2026/08/17
1537,1537,9513,Ｊ－ＰＯＷＥＲ,東証PRM,"3,933",+17,0.43,"545,200",2026/08/17
1538,1538,9929,平和紙業(株),東証STD,466,+2,0.43,"1,600",2026/08/17
1539,1539,2624,iFreeETF 日経225(年4回決算型),東証ETF,"6,949",+29,0.42,"38,451",2026/08/17
1540,1540,2695,くら寿司(株),東証PRM,"1,688",+7,0.42,"200,400",2026/08/17
1541,1541,2789,(株)カルラ,東証STD,477,+2,0.42,"2,300",2026/08/17
1542,1542,3054,(株)ハイパー,東証STD,241,+1,0.42,"13,700",2026/08/17
1543,1543,3186,(株)ネクステージ,東証PRM,"3,625",+15,0.42,"220,400",2026/08/17
1544,1544,4429,リックソフト(株),東証GRT,725,+3,0.42,"4,200",2026/08/17
1545,1545,4998,フマキラー(株),東証STD,"1,186",+5,0.42,"16,200",2026/08/17
1546,1546,5078,(株)セレコーポレーション,東証STD,"4,770",+20,0.42,700,2026/08/17
1547,1547,5125,(株)ファインズ,東証GRT,478,+2,0.42,"3,200",2026/08/17
1548,1548,5279,日本興業(株),東証STD,"1,187",+5,0.42,"2,200",2026/08/17
1549,1549,6222,(株)島精機製作所,東証PRM,953,+4,0.42,"102,300",2026/08/17
1550,1550,7494,(株)コナカ,東証STD,237,+1,0.42,"31,900",2026/08/17
1551,1551,7551,(株)ウェッズ,東証STD,716,+3,0.42,"8,400",2026/08/17
1552,1552,8891,ＡＭＧホールディングス(株),東証STD,"2,137",+9,0.42,"4,000",2026/08/17
1553,1553,8927,(株)明豊エンタープライズ,東証STD,479,+2,0.42,"113,800",2026/08/17
1554,1554,8967,日本ロジスティクスファンド投資法人,東証,"95,300",+400,0.42,"5,793",2026/08/17
1555,1555,8975,いちごオフィスリート投資法人,東証,"94,900",+400,0.42,"2,626",2026/08/17
1556,1556,1457,iFreeETF TOPIXインバース(-1倍)指数,東証ETF,"1,728",+7,0.41,"1,443",2026/08/17
1557,1557,1684,WisdomTree ブロード上場投信,東証ETF,"2,542",+10.5,0.41,"1,500",2026/08/17
1558,1558,2270,雪印メグミルク(株),東証PRM,"3,680",+15,0.41,"138,800",2026/08/17
1559,1559,2631,MAXIS ナスダック100上場投信,東証ETF,"34,390",+140,0.41,"6,293",2026/08/17
1560,1560,2845,(NEXT FUNDS) NASDAQ-100(H有)連動型上場投信,東証ETF,"3,632",+15,0.41,"4,670",2026/08/17
1561,1561,287A,黒田グループ(株),東証STD,"1,220",+5,0.41,"439,400",2026/08/17
1562,1562,3645,(株)メディカルネット,東証GRT,244,+1,0.41,"11,100",2026/08/17
1563,1563,4102,丸尾カルシウム(株),東証STD,"1,454",+6,0.41,300,2026/08/17
1564,1564,4595,(株)ミズホメディー,東証STD,"1,708",+7,0.41,"83,200",2026/08/17
1565,1565,5602,(株)栗本鐵工所,東証PRM,"1,730",+7,0.41,"288,600",2026/08/17
1566,1566,6927,ヘリオス　テクノ　ホールディング(株),東証STD,973,+4,0.41,"44,700",2026/08/17
1567,1567,8841,(株)テーオーシー,東証STD,976,+4,0.41,"95,600",2026/08/17
1568,1568,9726,ＫＮＴ－ＣＴホールディングス(株),東証STD,"1,980",+8,0.41,"44,000",2026/08/17
1569,1569,1814,大末建設(株),東証PRM,"3,720",+15,0.4,"42,700",2026/08/17
1570,1570,1840,(株)土屋ホールディングス,東証STD,251,+1,0.4,"13,200",2026/08/17
1571,1571,600A,ニッセイ ETF ラッセル2000,東証ETF,"2,011",+8,0.4,291,2026/08/17
1572,1572,608A,上場インデックスファンド東証REIT高利回り30,東証ETF,"1,495",+6,0.4,"6,388",2026/08/17
1573,1573,6309,巴工業(株),東証PRM,"1,990",+8,0.4,"98,800",2026/08/17
1574,1574,6539,(株)ＭＳ－Ｊａｐａｎ,東証PRM,"1,008",+4,0.4,"125,100",2026/08/17
1575,1575,6578,(株)コレックホールディングス,東証STD,500,+2,0.4,"8,000",2026/08/17
1576,1576,6652,ＩＤＥＣ(株),東証PRM,"3,810",+15,0.4,"72,100",2026/08/17
1577,1577,7224,新明和工業(株),東証PRM,"2,023",+8,0.4,"111,600",2026/08/17
1578,1578,7358,(株)ポピンズ,東証STD,"1,740",+7,0.4,"34,900",2026/08/17
1579,1579,7388,(株)ＦＰパートナー,東証PRM,"2,239",+9,0.4,"52,000",2026/08/17
1580,1580,7679,(株)薬王堂ホールディングス,東証PRM,"1,758",+7,0.4,"44,800",2026/08/17
1581,1581,8961,森トラストリート投資法人,東証,"74,700",+300,0.4,"5,230",2026/08/17
1582,1582,9235,売れるネット広告社グループ(株),東証GRT,505,+2,0.4,"43,000",2026/08/17
1583,1583,1871,ピーエス・コンストラクション(株),東証PRM,"2,321",+9,0.39,"59,400",2026/08/17
1584,1584,2292,Ｓ　ＦＯＯＤＳ(株),東証PRM,"2,796",+11,0.39,"359,800",2026/08/17
1585,1585,2342,(株)トランスジェニックグループ,東証STD,257,+1,0.39,"148,400",2026/08/17
1586,1586,3488,セントラル・リート投資法人,東証,"103,700",+400,0.39,"1,265",2026/08/17
1587,1587,531A,NZAM 上場投信 日経平均高配当株50,東証ETF,"2,310",+9,0.39,19,2026/08/17
1588,1588,587A,インベスコ QQQ トラスト シリーズ1,東証ETF,"116,950",+450,0.39,306,2026/08/17
1589,1589,7035,ａｎｄ　ｆａｃｔｏｒｙ(株),東証STD,259,+1,0.39,"18,000",2026/08/17
1590,1590,7276,(株)小糸製作所,東証PRM,"2,729",+10.5,0.39,"877,600",2026/08/17
1591,1591,9081,神奈川中央交通(株),東証PRM,"3,870",+15,0.39,"19,500",2026/08/17
1592,1592,173A,(株)ハンモック,東証GRT,"1,581",+6,0.38,"17,500",2026/08/17
1593,1593,1770,藤田エンジニアリング(株),東証STD,"2,123",+8,0.38,"2,100",2026/08/17
1594,1594,2522,iシェアーズ オートメーション&ロボット ETF,東証ETF,"9,275",+35,0.38,"3,388",2026/08/17
1595,1595,2629,iFree グレーターベイエリア・イノベーション100,東証ETF,"3,718",+14,0.38,407,2026/08/17
1596,1596,3242,(株)アーバネットコーポレーション,東証STD,522,+2,0.38,"42,800",2026/08/17
1597,1597,3561,(株)力の源ホールディングス,東証PRM,"1,594",+6,0.38,"52,800",2026/08/17
1598,1598,3842,(株)ネクストジェン,東証STD,"1,050",+4,0.38,"5,700",2026/08/17
1599,1599,3943,大石産業(株),東証STD,"1,325",+5,0.38,"2,800",2026/08/17
1600,1600,4020,ビートレンド(株),東証GRT,788,+3,0.38,"7,700",2026/08/17
1601,1601,4058,トヨクモ(株),東証GRT,"2,391",+9,0.38,"57,800",2026/08/17
1602,1602,4679,(株)田谷,東証STD,262,+1,0.38,"2,400",2026/08/17
1603,1603,4712,(株)ＫｅｙＨｏｌｄｅｒ,東証STD,791,+3,0.38,"8,700",2026/08/17
1604,1604,5603,虹技(株),東証STD,"1,324",+5,0.38,"1,800",2026/08/17
1605,1605,6230,ＳＡＮＥＩ(株),東証STD,"2,131",+8,0.38,900,2026/08/17
1606,1606,6630,ヤーマン(株),東証PRM,787,+3,0.38,"149,500",2026/08/17
1607,1607,6699,ダイヤモンドエレクトリックホールディングス(株),東証STD,523,+2,0.38,"140,800",2026/08/17
1608,1608,6923,スタンレー電気(株),東証PRM,"3,672",+14,0.38,"315,800",2026/08/17
1609,1609,7226,極東開発工業(株),東証PRM,"2,354",+9,0.38,"124,800",2026/08/17
1610,1610,7917,ＺＡＣＲＯＳ(株),東証PRM,"1,311",+5,0.38,"121,800",2026/08/17
1611,1611,8040,(株)東京ソワール,東証STD,"1,044",+4,0.38,"2,300",2026/08/17
1612,1612,8771,イー・ギャランティ(株),東証PRM,"1,862",+7,0.38,"171,400",2026/08/17
1613,1613,8957,東急リアル・エステート投資法人,東証,"185,100",+700,0.38,"1,610",2026/08/17
1614,1614,2806,ユタカフーズ(株),東証STD,"1,895",+7,0.37,500,2026/08/17
1615,1615,3492,MIRARTH不動産投資法人,東証,"82,200",+300,0.37,"5,793",2026/08/17
1616,1616,6042,(株)ニッキ,東証STD,"4,050",+15,0.37,100,2026/08/17
1617,1617,6554,(株)エスユーエス,東証GRT,"1,092",+4,0.37,"24,600",2026/08/17
1618,1618,8985,ジャパン・ホテル・リート投資法人,東証,"81,900",+300,0.37,"13,923",2026/08/17
1619,1619,2527,NZAM 上場投信 東証REIT Core指数,東証ETF,"1,112",+4,0.36,"14,287",2026/08/17
1620,1620,2552,上場Ｊリート(東証REIT指数)隔月分配(ミニ),東証ETF,"1,945",+7,0.36,"5,699",2026/08/17
1621,1621,2638,GX ロボティクス＆AI-日本株式,東証ETF,"2,763",+10,0.36,"29,253",2026/08/17
1622,1622,3848,(株)データ・アプリケーション,東証STD,833,+3,0.36,800,2026/08/17
1623,1623,5273,三谷セキサン(株),東証STD,"1,950",+7,0.36,"61,000",2026/08/17
1624,1624,5533,(株)エリッツホールディングス,東証STD,"1,958",+7,0.36,"1,200",2026/08/17
1625,1625,7039,ブリッジインターナショナルグループ(株),東証GRT,"1,392",+5,0.36,"186,200",2026/08/17
1626,1626,7608,(株)エスケイジャパン,東証STD,834,+3,0.36,"24,200",2026/08/17
1627,1627,7811,中本パックス(株),東証STD,"1,952",+7,0.36,"21,500",2026/08/17
1628,1628,8291,日産東京販売ホールディングス(株),東証STD,551,+2,0.36,"117,700",2026/08/17
1629,1629,8714,(株)池田泉州ホールディングス,東証PRM,"1,103",+4,0.36,"678,300",2026/08/17
1630,1630,9212,Ｇｒｅｅｎ　Ｅａｒｔｈ　Ｉｎｓｔｉｔｕｔｅ(株),東証GRT,275,+1,0.36,"19,900",2026/08/17
1631,1631,9249,日本エコシステム(株),東証STD,"1,654",+6,0.36,"4,500",2026/08/17
1632,1632,156A,マテリアルグループ(株),東証GRT,856,+3,0.35,"51,500",2026/08/17
1633,1633,2841,iFreeETF NASDAQ100(H有),東証ETF,"1,738",+6,0.35,"19,196",2026/08/17
1634,1634,3160,(株)大光,東証STD,580,+2,0.35,"2,500",2026/08/17
1635,1635,3236,(株)プロパスト,東証STD,290,+1,0.35,"91,000",2026/08/17
1636,1636,3948,光ビジネスフォーム(株),東証STD,"1,159",+4,0.35,900,2026/08/17
1637,1637,4750,(株)ダイサン,東証STD,570,+2,0.35,"1,800",2026/08/17
1638,1638,5578,ＡＲアドバンストテクノロジ(株),東証GRT,867,+3,0.35,"23,000",2026/08/17
1639,1639,5844,(株)京都フィナンシャルグループ,東証PRM,"5,091",+18,0.35,"711,100",2026/08/17
1640,1640,6062,(株)チャーム・ケア・コーポレーション,東証PRM,"1,430",+5,0.35,"121,200",2026/08/17
1641,1641,7362,(株)Ｔ．Ｓ．Ｉ,東証GRT,866,+3,0.35,"4,600",2026/08/17
1642,1642,7380,(株)十六フィナンシャルグループ,東証PRM,"2,591",+9,0.35,"394,100",2026/08/17
1643,1643,7570,橋本総業ホールディングス(株),東証STD,"1,434",+5,0.35,"9,200",2026/08/17
1644,1644,7674,(株)ＮＡＴＴＹ　ＳＷＡＮＫＹホールディングス,東証GRT,"2,609",+9,0.35,"2,800",2026/08/17
1645,1645,8127,ヤマト　インターナショナル(株),東証STD,580,+2,0.35,"12,000",2026/08/17
1646,1646,8917,ファースト住建(株),東証STD,"1,148",+4,0.35,"7,500",2026/08/17
1647,1647,9755,応用地質(株),東証PRM,"2,880",+10,0.35,"96,900",2026/08/17
1648,1648,9778,(株)昴,東証STD,"5,680",+20,0.35,200,2026/08/17
1649,1649,1377,(株)サカタのタネ,東証PRM,"4,380",+15,0.34,"63,800",2026/08/17
1650,1650,1905,(株)テノックス,東証STD,"1,473",+5,0.34,"2,200",2026/08/17
1651,1651,3248,(株)アールエイジ,東証STD,888,+3,0.34,"1,100",2026/08/17
1652,1652,5832,(株)ちゅうぎんフィナンシャルグループ,東証PRM,"3,530",+12,0.34,"204,700",2026/08/17
1653,1653,5911,(株)横河ブリッジホールディングス,東証PRM,"2,959",+10,0.34,"73,200",2026/08/17
1654,1654,6346,キクカワエンタープライズ(株),東証STD,"5,840",+20,0.34,500,2026/08/17
1655,1655,6400,不二精機(株),東証STD,292,+1,0.34,"20,800",2026/08/17
1656,1656,8952,ジャパンリアルエステイト投資法人,東証,"118,400",+400,0.34,"13,017",2026/08/17
1657,1657,9025,鴻池運輸(株),東証PRM,"2,920",+10,0.34,"71,900",2026/08/17
1658,1658,9221,フルハシＥＰＯ(株),東証STD,"1,191",+4,0.34,"30,400",2026/08/17
1659,1659,1345,上場インデックスファンドJリート隔月分配,東証ETF,"1,847",+6,0.33,"10,335",2026/08/17
1660,1660,1803,清水建設(株),東証PRM,"2,423.5",+8,0.33,"2,094,200",2026/08/17
1661,1661,2929,(株)ファーマフーズ,東証PRM,614,+2,0.33,"142,900",2026/08/17
1662,1662,3306,日本製麻(株),東証STD,602,+2,0.33,"38,400",2026/08/17
1663,1663,3858,(株)ユビキタスＡＩ,東証STD,300,+1,0.33,"23,700",2026/08/17
1664,1664,4023,(株)クレハ,東証PRM,"4,515",+15,0.33,"149,500",2026/08/17
1665,1665,4886,あすか製薬ホールディングス(株),東証PRM,"2,118",+7,0.33,"97,900",2026/08/17
1666,1666,5753,日本伸銅(株),東証STD,"2,445",+8,0.33,"2,100",2026/08/17
1667,1667,9853,(株)銀座ルノアール,東証STD,910,+3,0.33,"7,700",2026/08/17
1668,1668,9941,太洋物産(株),東証STD,"1,206",+4,0.33,"17,800",2026/08/17
1669,1669,2097,GX レジデンシャル・J-REIT,東証ETF,949,+3,0.32,"1,100",2026/08/17
1670,1670,2517,MAXIS Jリート･コア上場投信,東証ETF,"1,095.5",+3.5,0.32,"4,220",2026/08/17
1671,1671,3066,(株)ＪＢイレブン,名証MN,628,+2,0.32,"4,000",2026/08/17
1672,1672,3150,(株)グリムス,東証PRM,"2,510",+8,0.32,"54,800",2026/08/17
1673,1673,340A,(株)ジグザグ,東証GRT,310,+1,0.32,"14,900",2026/08/17
1674,1674,4240,クラスターテクノロジー(株),東証STD,317,+1,0.32,"12,500",2026/08/17
1675,1675,426A,ニッセイ ETF S&P500イコール・ウェイト(H無),東証ETF,"1,270",+4,0.32,"26,909",2026/08/17
1676,1676,443A,iFreeETF 東証REIT指数(2・5・8・11月決算型),東証ETF,"1,862",+6,0.32,7,2026/08/17
1677,1677,6150,タケダ機械(株),東証STD,"2,809",+9,0.32,300,2026/08/17
1678,1678,6458,新晃工業(株),東証PRM,"1,236",+4,0.32,"202,100",2026/08/17
1679,1679,6551,(株)ツナググループ・ホールディングス,東証STD,622,+2,0.32,"18,200",2026/08/17
1680,1680,7278,(株)エクセディ,東証PRM,"6,190",+20,0.32,"151,700",2026/08/17
1681,1681,7378,(株)アシロ,東証GRT,"1,555",+5,0.32,"5,200",2026/08/17
1682,1682,8848,(株)レオパレス２１,東証PRM,622,+2,0.32,"874,600",2026/08/17
1683,1683,9171,栗林商船(株),東証STD,"1,555",+5,0.32,"5,600",2026/08/17
1684,1684,9258,(株)ＣＳ－Ｃ,東証GRT,310,+1,0.32,"1,100",2026/08/17
1685,1685,9723,(株)京都ホテル,東証STD,636,+2,0.32,"1,100",2026/08/17
1686,1686,167A,リョーサン菱洋ホールディングス(株),東証PRM,"3,230",+10,0.31,"166,200",2026/08/17
1687,1687,2114,フジ日本(株),東証STD,645,+2,0.31,"14,300",2026/08/17
1688,1688,2855,GX グリーン・J-REIT,東証ETF,957,+3,0.31,"2,027",2026/08/17
1689,1689,4424,(株)Ａｍａｚｉａ,東証GRT,321,+1,0.31,"83,900",2026/08/17
1690,1690,7599,(株)ＩＤＯＭ,東証PRM,"1,302",+4,0.31,"1,174,800",2026/08/17
1691,1691,8089,ナイス(株),東証STD,"1,956",+6,0.31,"2,000",2026/08/17
1692,1692,8976,大和証券オフィス投資法人,東証,"326,500","+1,000",0.31,"1,546",2026/08/17
1693,1693,9057,遠州トラック(株),東証STD,"3,200",+10,0.31,800,2026/08/17
1694,1694,9225,ブリッジコンサルティンググループ(株),東証GRT,984,+3,0.31,"2,000",2026/08/17
1695,1695,1777,川崎設備工業(株),名証MN,"2,346",+7,0.3,"1,800",2026/08/17
1696,1696,3148,(株)クリエイトＳＤホールディングス,東証PRM,"3,345",+10,0.3,"65,900",2026/08/17
1697,1697,3712,(株)情報企画,東証STD,991,+3,0.3,"4,200",2026/08/17
1698,1698,3974,ＳＣＡＴ(株),東証STD,669,+2,0.3,"1,900",2026/08/17
1699,1699,4972,綜研化学(株),東証STD,"3,355",+10,0.3,"52,400",2026/08/17
1700,1700,6111,旭精機工業(株),名証MN,"2,012",+6,0.3,"1,700",2026/08/17
1701,1701,6265,コンバム(株),東証STD,"3,345",+10,0.3,"5,400",2026/08/17
1702,1702,6282,オイレス工業(株),東証PRM,"2,960",+9,0.3,"54,500",2026/08/17
1703,1703,7804,(株)ビーアンドピー,東証STD,"2,334",+7,0.3,"1,700",2026/08/17
1704,1704,8381,(株)山陰合同銀行,東証PRM,"2,639",+8,0.3,"480,000",2026/08/17
1705,1705,8871,(株)ゴールドクレスト,東証STD,"3,305",+10,0.3,"59,300",2026/08/17
1706,1706,8966,平和不動産リート投資法人,東証,"132,600",+400,0.3,"2,952",2026/08/17
1707,1707,9306,東陽倉庫(株),東証STD,"2,003",+6,0.3,800,2026/08/17
1708,1708,1397,SMDAM 日経225上場投信,東証ETF,"69,690",+200,0.29,154,2026/08/17
1709,1709,2169,ＣＤＳ(株),東証STD,"1,715",+5,0.29,"2,400",2026/08/17
1710,1710,2264,森永乳業(株),東証PRM,"1,192",+3.5,0.29,"1,764,600",2026/08/17
1711,1711,275A,ハンワホームズ(株),名証NXT,344,+1,0.29,200,2026/08/17
1712,1712,2840,iFreeETF NASDAQ100(H無),東証ETF,"2,770",+8,0.29,"95,936",2026/08/17
1713,1713,3407,旭化成(株),東証PRM,"1,707",+5,0.29,"2,868,000",2026/08/17
1714,1714,4619,日本特殊塗料(株),東証STD,"2,748",+8,0.29,"35,900",2026/08/17
1715,1715,4718,(株)早稲田アカデミー,東証PRM,"2,414",+7,0.29,"44,700",2026/08/17
1716,1716,473A,ニッセイ ETF 日経225インデックス,東証ETF,"1,388",+4,0.29,"1,707",2026/08/17
1717,1717,7269,スズキ(株),東証PRM,"2,092.5",+6,0.29,"4,850,600",2026/08/17
1718,1718,8052,椿本興業(株),東証PRM,"2,800",+8,0.29,"43,700",2026/08/17
1719,1719,2568,上場インデックスファンド米国株式(NASDAQ100)H無,東証ETF,"8,238",+23,0.28,"2,804",2026/08/17
1720,1720,2722,(株)ＩＫホールディングス,東証STD,359,+1,0.28,"5,600",2026/08/17
1721,1721,2852,iシェアーズ グリーンJリート,東証ETF,176.2,+0.5,0.28,"19,900",2026/08/17
1722,1722,3417,大木ヘルスケアホールディングス(株),東証STD,"1,063",+3,0.28,"1,500",2026/08/17
1723,1723,3471,三井不動産ロジスティクスパーク投資法人,東証,"106,200",+300,0.28,"5,684",2026/08/17
1724,1724,3657,ポールトゥウィンホールディングス(株),東証PRM,352,+1,0.28,"117,200",2026/08/17
1725,1725,3922,(株)ＰＲ　ＴＩＭＥＳ,東証PRM,"2,141",+6,0.28,"43,400",2026/08/17
1726,1726,4245,(株)ダイキアクシス,東証STD,707,+2,0.28,"8,200",2026/08/17
1727,1727,4290,(株)プレステージ・インターナショナル,東証PRM,720,+2,0.28,"543,600",2026/08/17
1728,1728,4308,(株)Ｊストリーム,東証GRT,356,+1,0.28,"25,400",2026/08/17
1729,1729,6255,(株)エヌ・ピー・シー,東証GRT,727,+2,0.28,"147,300",2026/08/17
1730,1730,7112,(株)キューブ,東証GRT,705,+2,0.28,400,2026/08/17
1731,1731,7218,田中精密工業(株),東証STD,"1,087",+3,0.28,"1,600",2026/08/17
1732,1732,7487,小津産業(株),東証STD,"1,795",+5,0.28,"4,800",2026/08/17
1733,1733,8968,福岡リート投資法人,東証,"178,000",+500,0.28,"1,368",2026/08/17
1734,1734,2449,(株)プラップジャパン,東証STD,"1,096",+3,0.27,"4,700",2026/08/17
1735,1735,2556,One ETF 東証REIT指数,東証ETF,"1,865",+5,0.27,"16,770",2026/08/17
1736,1736,2844,上場インデックスファンド豪州国債(H無),東証ETF,"5,555",+15,0.27,"5,524",2026/08/17
1737,1737,4246,ダイキョーニシカワ(株),東証PRM,"1,130",+3,0.27,"258,500",2026/08/17
1738,1738,4388,(株)エーアイ,東証STD,365,+1,0.27,"4,200",2026/08/17
1739,1739,4623,(株)アサヒペン,東証STD,"1,825",+5,0.27,"4,000",2026/08/17
1740,1740,5020,ＥＮＥＯＳホールディングス(株),東証PRM,"1,294.5",+3.5,0.27,"5,257,000",2026/08/17
1741,1741,5902,ホッカンホールディングス(株),東証PRM,"2,592",+7,0.27,"36,900",2026/08/17
1742,1742,6379,レイズネクスト(株),東証PRM,"2,939",+8,0.27,"131,800",2026/08/17
1743,1743,6484,(株)ＫＶＫ,東証STD,"2,226",+6,0.27,"2,400",2026/08/17
1744,1744,7241,フタバ産業(株),東証PRM,"1,097",+3,0.27,"273,000",2026/08/17
1745,1745,7299,フジオーゼックス(株),東証STD,"1,850",+5,0.27,"14,200",2026/08/17
1746,1746,7963,興研(株),東証STD,"1,831",+5,0.27,"7,800",2026/08/17
1747,1747,8354,(株)ふくおかフィナンシャルグループ,東証PRM,"7,751",+21,0.27,"531,700",2026/08/17
1748,1748,8550,(株)栃木銀行,東証PRM,"1,120",+3,0.27,"548,100",2026/08/17
1749,1749,9068,丸全昭和運輸(株),東証PRM,"7,370",+20,0.27,"24,200",2026/08/17
1750,1750,1720,東急建設(株),東証PRM,"1,145",+3,0.26,"234,600",2026/08/17
1751,1751,219A,Ｈｅａｒｔｓｅｅｄ(株),東証GRT,"1,945",+5,0.26,"442,300",2026/08/17
1752,1752,313A,iシェアーズ S&P500 トップ20 ETF,東証ETF,267.3,+0.7,0.26,"27,940",2026/08/17
1753,1753,3178,チムニー(株),東証STD,"1,177",+3,0.26,"7,900",2026/08/17
1754,1754,3837,アドソル日進(株),東証PRM,"1,522",+4,0.26,"99,500",2026/08/17
1755,1755,4439,(株)東名,東証STD,773,+2,0.26,"16,400",2026/08/17
1756,1756,4465,(株)ニイタカ,東証STD,"2,344",+6,0.26,"3,700",2026/08/17
1757,1757,4754,(株)トスネット,東証STD,"1,535",+4,0.26,900,2026/08/17
1758,1758,4896,(株)ケイファーマ,東証GRT,769,+2,0.26,"9,600",2026/08/17
1759,1759,7164,全国保証(株),東証PRM,"3,139",+8,0.26,"310,500",2026/08/17
1760,1760,7562,(株)安楽亭,東証STD,"3,805",+10,0.26,"4,100",2026/08/17
1761,1761,8119,(株)三栄コーポレーション,東証STD,778,+2,0.26,"1,000",2026/08/17
1762,1762,8558,(株)東和銀行,東証PRM,"1,528",+4,0.26,"144,500",2026/08/17
1763,1763,1808,(株)長谷工コーポレーション,東証PRM,"2,806",+7,0.25,"717,500",2026/08/17
1764,1764,1811,(株)錢高組,東証STD,"8,110",+20,0.25,700,2026/08/17
1765,1765,3420,(株)ケー・エフ・シー,東証STD,"1,611",+4,0.25,"2,400",2026/08/17
1766,1766,3431,宮地エンジニアリンググループ(株),東証PRM,"1,620",+4,0.25,"90,400",2026/08/17
1767,1767,3481,三菱地所物流リート投資法人,東証,"120,000",+300,0.25,"2,839",2026/08/17
1768,1768,3750,ＡＤＲバイオメディカルホールディングス(株),東証STD,792,+2,0.25,"2,500",2026/08/17
1769,1769,4980,デクセリアルズ(株),東証PRM,"3,199",+8,0.25,"1,689,400",2026/08/17
1770,1770,5922,那須電機鉄工(株),東証STD,"20,000",+50,0.25,900,2026/08/17
1771,1771,6047,(株)Ｇｕｎｏｓｙ,東証STD,403,+1,0.25,"104,600",2026/08/17
1772,1772,613A,iFreeETF ドイツ0-3カ月短期国債,東証ETF,"1,974",+5,0.25,132,2026/08/17
1773,1773,6233,ＫＬＡＳＳ(株),東証STD,395,+1,0.25,"1,600",2026/08/17
1774,1774,6962,(株)大真空,東証PRM,815,+2,0.25,"263,700",2026/08/17
1775,1775,7185,ヒロセ通商(株),東証STD,"3,940",+10,0.25,"9,600",2026/08/17
1776,1776,7590,(株)タカショー,東証STD,402,+1,0.25,"21,300",2026/08/17
1777,1777,7883,サンメッセ(株),東証STD,405,+1,0.25,"9,100",2026/08/17
1778,1778,8097,三愛オブリ(株),東証PRM,"2,363",+6,0.25,"95,600",2026/08/17
1779,1779,8118,(株)キング,東証STD,"1,209",+3,0.25,800,2026/08/17
1780,1780,9955,(株)ヨンキュウ,東証STD,"2,845",+7,0.25,"1,800",2026/08/17
1781,1781,1850,南海辰村建設(株),東証STD,416,+1,0.24,"35,000",2026/08/17
1782,1782,1939,(株)四電工,東証PRM,"2,130",+5,0.24,"87,600",2026/08/17
1783,1783,2148,アイティメディア(株),東証PRM,"1,257",+3,0.24,"52,100",2026/08/17
1784,1784,2301,(株)学情,東証PRM,"1,673",+4,0.24,"230,200",2026/08/17
1785,1785,2668,タビオ(株),東証STD,"1,266",+3,0.24,900,2026/08/17
1786,1786,3476,投資法人みらい,東証,"41,100",+100,0.24,"4,617",2026/08/17
1787,1787,3665,(株)エニグモ,東証PRM,416,+1,0.24,"237,300",2026/08/17
1788,1788,4397,(株)チームスピリット,東証GRT,424,+1,0.24,"111,400",2026/08/17
1789,1789,4463,日華化学(株),東証STD,"2,063",+5,0.24,"8,800",2026/08/17
1790,1790,6269,三井海洋開発(株),東証PRM,"10,535",+25,0.24,"547,200",2026/08/17
1791,1791,6369,トーヨーカネツ(株),東証PRM,"2,508",+6,0.24,"90,900",2026/08/17
1792,1792,6384,(株)昭和真空,東証STD,"1,682",+4,0.24,"17,100",2026/08/17
1793,1793,7368,表示灯(株),東証STD,"1,704",+4,0.24,"1,100",2026/08/17
1794,1794,7849,スターツ出版(株),東証STD,"2,981",+7,0.24,"5,800",2026/08/17
1795,1795,8795,(株)Ｔ＆Ｄホールディングス,東証PRM,"4,938",+12,0.24,"1,032,300",2026/08/17
1796,1796,8934,サンフロンティア不動産(株),東証PRM,"2,467",+6,0.24,"113,700",2026/08/17
1797,1797,9237,(株)笑美面,東証GRT,842,+2,0.24,"22,200",2026/08/17
1798,1798,9506,東北電力(株),東証PRM,"1,257",+3,0.24,"2,206,800",2026/08/17
1799,1799,9878,(株)セキド,東証STD,416,+1,0.24,"13,700",2026/08/17
1800,1800,9906,藤井産業(株),東証STD,"4,175",+10,0.24,"2,200",2026/08/17
1801,1801,4341,西菱電機(株),東証STD,870,+2,0.23,"1,500",2026/08/17
1802,1802,465A,GX 日経平均株主還元40-日本株式,東証ETF,"1,323",+3,0.23,"6,024",2026/08/17
1803,1803,5563,新日本電工(株),東証PRM,444,+1,0.23,"604,200",2026/08/17
1804,1804,7441,(株)Ｍｉｓｕｍｉ,福証,"1,759",+4,0.23,100,2026/08/17
1805,1805,9769,(株)学究社,東証PRM,"2,627",+6,0.23,"20,800",2026/08/17
1806,1806,9942,(株)ジョイフル,福証,"1,334",+3,0.23,"5,700",2026/08/17
1807,1807,1367,iFreeETF TOPIXレバレッジ(2倍)指数,東証ETF,"3,247",+7,0.22,"22,882",2026/08/17
1808,1808,1480,(NEXT FUNDS)野村企業価値分配指数上場投信,東証ETF,"41,050",+90,0.22,48,2026/08/17
1809,1809,3281,ＧＬＰ投資法人,東証,"139,500",+300,0.22,"13,573",2026/08/17
1810,1810,3640,(株)電算,東証STD,"2,769",+6,0.22,"7,100",2026/08/17
1811,1811,5285,(株)ヤマックス,東証STD,"1,397",+3,0.22,"26,000",2026/08/17
1812,1812,5609,日本鋳造(株),東証STD,920,+2,0.22,"1,400",2026/08/17
1813,1813,5702,(株)大紀アルミニウム工業所,東証PRM,"1,859",+4,0.22,"138,000",2026/08/17
1814,1814,9069,センコーグループホールディングス(株),東証PRM,"2,310",+5,0.22,"406,500",2026/08/17
1815,1815,1545,(NEXT FUNDS)NASDAQ-100(H無)連動型上場投信,東証ETF,242.5,+0.5,0.21,"2,841,680",2026/08/17
1816,1816,2986,(株)ＬＡホールディングス,東証GRT,"2,832",+6,0.21,"106,900",2026/08/17
1817,1817,3504,(株)丸八ホールディングス,名証MN,"1,422",+3,0.21,"4,200",2026/08/17
1818,1818,3641,(株)パピレス,東証STD,972,+2,0.21,"5,900",2026/08/17
1819,1819,3692,(株)ＦＦＲＩセキュリティ,東証GRT,"4,740",+10,0.21,"116,300",2026/08/17
1820,1820,5202,日本板硝子(株),東証PRM,484,+1,0.21,"659,200",2026/08/17
1821,1821,5271,(株)トーヨーアサノ,東証STD,"2,340",+5,0.21,500,2026/08/17
1822,1822,7012,川崎重工業(株),東証PRM,"2,855.5",+6,0.21,"6,530,100",2026/08/17
1823,1823,7461,(株)キムラ,東証STD,476,+1,0.21,"1,600",2026/08/17
1824,1824,8091,ニチモウ(株),東証PRM,"2,411",+5,0.21,"19,000",2026/08/17
1825,1825,8358,スルガ銀行(株),東証PRM,"2,903",+6,0.21,"643,700",2026/08/17
1826,1826,9504,中国電力(株),東証PRM,933.8,+2,0.21,"1,109,400",2026/08/17
1827,1827,1904,大成温調(株),東証STD,"5,130",+10,0.2,"11,000",2026/08/17
1828,1828,2300,(株)きょくとう,東証STD,502,+1,0.2,"3,000",2026/08/17
1829,1829,234A,GX MSCI キャッシュフローキング-日本株式,東証ETF,"1,497",+3,0.2,252,2026/08/17
1830,1830,257A,SMT ETF日本株厳選投資アクティブ,東証ETF,"3,569",+7,0.2,150,2026/08/17
1831,1831,4063,信越化学工業(株),東証PRM,"6,385",+13,0.2,"4,280,400",2026/08/17
1832,1832,4198,(株)テンダ,東証STD,500,+1,0.2,"1,500",2026/08/17
1833,1833,4287,(株)ジャストプランニング,東証STD,495,+1,0.2,"11,400",2026/08/17
1834,1834,4616,川上塗料(株),東証STD,"2,039",+4,0.2,900,2026/08/17
1835,1835,519A,(株)ベーシック,東証GRT,500,+1,0.2,"7,100",2026/08/17
1836,1836,8023,ＤＡＩＫＯ　ＸＴＥＣＨ(株),東証STD,"1,013",+2,0.2,"11,400",2026/08/17
1837,1837,8954,オリックス不動産投資法人,東証,"99,500",+200,0.2,"13,126",2026/08/17
1838,1838,9074,日本石油輸送(株),東証STD,"5,090",+10,0.2,"3,300",2026/08/17
1839,1839,9241,(株)フューチャーリンクネットワーク,東証GRT,"1,519",+3,0.2,"2,200",2026/08/17
1840,1840,9357,名港海運(株),名証MN,"2,450",+5,0.2,"2,700",2026/08/17
1841,1841,9850,(株)グルメ杵屋,東証PRM,984,+2,0.2,"25,000",2026/08/17
1842,1842,3295,ヒューリックリート投資法人,東証,"154,800",+300,0.19,"2,250",2026/08/17
1843,1843,3329,東和フードサービス(株),東証STD,"2,121",+4,0.19,500,2026/08/17
1844,1844,3418,(株)バルニバービ,東証GRT,"1,050",+2,0.19,"23,700",2026/08/17
1845,1845,3892,(株)岡山製紙,東証STD,"1,556",+3,0.19,"3,500",2026/08/17
1846,1846,4644,イマジニア(株),東証STD,"1,056",+2,0.19,"11,800",2026/08/17
1847,1847,5446,北越メタル(株),東証STD,"1,073",+2,0.19,"2,800",2026/08/17
1848,1848,563A,GX NASDAQ100・デイリー・カバード・コール,東証ETF,"1,075",+2,0.19,"412,385",2026/08/17
1849,1849,7313,テイ・エス　テック(株),東証PRM,"1,830.5",+3.5,0.19,"179,900",2026/08/17
1850,1850,7989,立川ブラインド工業(株),東証PRM,"2,674",+5,0.19,"54,600",2026/08/17
1851,1851,8960,ユナイテッド・アーバン投資法人,東証,"162,000",+300,0.19,"6,352",2026/08/17
1852,1852,9663,(株)ナガワ,東証PRM,"5,220",+10,0.19,"13,200",2026/08/17
1853,1853,1446,(株)キャンディル,東証STD,545,+1,0.18,"3,000",2026/08/17
1854,1854,1551,東証スタンダードTOP20,東証ETF,"7,268",+13,0.18,270,2026/08/17
1855,1855,224A,GX ウラニウムビジネス,東証ETF,"1,643",+3,0.18,"5,924",2026/08/17
1856,1856,2293,滝沢ハム(株),東証STD,"2,735",+5,0.18,"1,000",2026/08/17
1857,1857,2521,上場インデックスファンド米国株式(S&P500)H有,東証ETF,"2,210",+4,0.18,"11,963",2026/08/17
1858,1858,2622,iシェアーズ 米ドル建て新興国債券(H有),東証ETF,"1,714",+3,0.18,61,2026/08/17
1859,1859,3232,三重交通グループホールディングス(株),東証PRM,554,+1,0.18,"213,200",2026/08/17
1860,1860,3958,笹徳印刷(株),東証STD,551,+1,0.18,"1,800",2026/08/17
1861,1861,4092,日本化学工業(株),東証PRM,"5,560",+10,0.18,"104,800",2026/08/17
1862,1862,4221,大倉工業(株),東証PRM,"5,700",+10,0.18,"24,800",2026/08/17
1863,1863,4792,山田コンサルティンググループ(株),東証PRM,"1,710",+3,0.18,"28,400",2026/08/17
1864,1864,5480,日本冶金工業(株),東証PRM,"5,490",+10,0.18,"46,600",2026/08/17
1865,1865,7502,(株)プラザホールディングス,東証STD,"1,671",+3,0.18,600,2026/08/17
1866,1866,7673,ダイコー通産(株),東証STD,"1,645",+3,0.18,900,2026/08/17
1867,1867,8958,グローバル・ワン不動産投資法人,東証,"109,600",+200,0.18,"2,958",2026/08/17
1868,1868,1627,(NEXT FUNDS)電力･ガス上場投信,東証ETF,"11,510",+20,0.17,"1,224",2026/08/17
1869,1869,1691,WisdomTree ガソリン上場投信,東証ETF,"14,425",+25,0.17,264,2026/08/17
1870,1870,2153,Ｅ・Ｊホールディングス(株),東証PRM,"1,777",+3,0.17,"84,600",2026/08/17
1871,1871,2391,(株)プラネット,東証STD,"1,177",+2,0.17,"3,400",2026/08/17
1872,1872,2520,(NEXT FUNDS)新興国株式･MSCI EM･(H無),東証ETF,"2,387",+4,0.17,"7,935",2026/08/17
1873,1873,3063,(株)ジェイグループホールディングス,東証GRT,"1,210",+2,0.17,"26,700",2026/08/17
1874,1874,3135,(株)マーケットエンタープライズ,東証STD,"1,152",+2,0.17,"39,100",2026/08/17
1875,1875,3299,(株)ムゲンエステート,東証STD,"1,742",+3,0.17,"118,700",2026/08/17
1876,1876,3352,(株)バッファロー,東証STD,"1,767",+3,0.17,"2,100",2026/08/17
1877,1877,3353,(株)メディカル一光グループ,東証STD,"2,879",+5,0.17,"2,500",2026/08/17
1878,1878,3501,ＳＵＭＩＮＯＥ(株),東証PRM,"1,182",+2,0.17,"37,000",2026/08/17
1879,1879,3682,エンカレッジ・テクノロジ(株),東証STD,584,+1,0.17,"18,800",2026/08/17
1880,1880,4238,ミライアル(株),東証STD,"1,787",+3,0.17,"42,900",2026/08/17
1881,1881,4997,日本農薬(株),東証PRM,"1,180",+2,0.17,"194,500",2026/08/17
1882,1882,6797,名古屋電機工業(株),東証STD,"1,172",+2,0.17,"7,200",2026/08/17
1883,1883,7129,ミアヘルサホールディングス(株),東証STD,"1,147",+2,0.17,"1,300",2026/08/17
1884,1884,7273,(株)イクヨ,東証STD,599,+1,0.17,"256,200",2026/08/17
1885,1885,8075,神鋼商事(株),東証PRM,"3,025",+5,0.17,"68,000",2026/08/17
1886,1886,92025,ＡＮＡホールディングス（株）第１回社債型種類株式,東証PRM,"4,799",+8,0.17,"2,900",2026/08/17
1887,1887,9264,ポエック(株),東証STD,"1,768",+3,0.17,"15,900",2026/08/17
1888,1888,9656,グリーンランドリゾート(株),東証STD,599,+1,0.17,400,2026/08/17
1889,1889,9765,(株)オオバ,東証PRM,"1,149",+2,0.17,"8,600",2026/08/17
1890,1890,9791,(株)ビケンテクノ,東証STD,"1,160",+2,0.17,"3,900",2026/08/17
1891,1891,2798,(株)ワイズテーブルコーポレーション,東証STD,"3,070",+5,0.16,"4,400",2026/08/17
1892,1892,2865,GX NASDAQ100・カバード・コール,東証ETF,"1,272",+2,0.16,"118,378",2026/08/17
1893,1893,3068,(株)ＷＤＩ,東証STD,"3,040",+5,0.16,"3,000",2026/08/17
1894,1894,3167,(株)ＴＯＫＡＩホールディングス,東証PRM,"1,234",+2,0.16,"197,500",2026/08/17
1895,1895,4028,石原産業(株),東証PRM,"3,115",+5,0.16,"148,400",2026/08/17
1896,1896,416A,富士ユナイトホールディングス(株),東証STD,"1,267",+2,0.16,"10,600",2026/08/17
1897,1897,5204,石塚硝子(株),東証STD,"3,070",+5,0.16,"5,600",2026/08/17
1898,1898,5901,東洋製罐グループホールディングス(株),東証PRM,"4,426",+7,0.16,"245,500",2026/08/17
1899,1899,5945,天龍製鋸(株),東証STD,"2,439",+4,0.16,"2,000",2026/08/17
1900,1900,6577,(株)ベストワンドットコム,東証GRT,"1,899",+3,0.16,"4,500",2026/08/17
1901,1901,6785,(株)鈴木,東証PRM,"3,070",+5,0.16,"53,600",2026/08/17
1902,1902,6817,スミダコーポレーション(株),東証PRM,"1,269",+2,0.16,"151,900",2026/08/17
1903,1903,7381,(株)ＣＣＩグループ,東証PRM,"1,270",+2,0.16,"283,200",2026/08/17
1904,1904,8144,(株)デンキョーグループホールディングス,東証STD,"1,236",+2,0.16,500,2026/08/17
1905,1905,9220,エフビー介護サービス(株),東証STD,"1,230",+2,0.16,300,2026/08/17
1906,1906,9409,(株)テレビ朝日ホールディングス,東証PRM,"3,060",+5,0.16,"189,100",2026/08/17
1907,1907,9956,(株)バローホールディングス,東証PRM,"3,210",+5,0.16,"158,800",2026/08/17
1908,1908,140A,iFreeETF 米国10年国債先物インバース,東証ETF,"2,014",+3,0.15,107,2026/08/17
1909,1909,1867,(株)植木組,東証STD,"2,701",+4,0.15,"9,000",2026/08/17
1910,1910,2736,フェスタリアホールディングス(株),東証STD,675,+1,0.15,"5,000",2026/08/17
1911,1911,2809,キユーピー(株),東証PRM,"4,652",+7,0.15,"192,100",2026/08/17
1912,1912,3139,(株)ラクト・ジャパン,東証PRM,"3,380",+5,0.15,"39,200",2026/08/17
1913,1913,3221,(株)ヨシックスホールディングス,東証PRM,"3,275",+5,0.15,"60,800",2026/08/17
1914,1914,4462,石原ケミカル(株),東証PRM,"3,295",+5,0.15,"29,700",2026/08/17
1915,1915,4478,フリー(株),東証GRT,"3,350",+5,0.15,"1,366,100",2026/08/17
1916,1916,5161,西川ゴム工業(株),東証STD,"3,425",+5,0.15,"83,000",2026/08/17
1917,1917,6196,(株)ストライクグループ,東証PRM,"1,344",+2,0.15,"316,200",2026/08/17
1918,1918,6599,エブレン(株),東証STD,"3,435",+5,0.15,"3,400",2026/08/17
1919,1919,7036,(株)イーエムネットジャパン,東証GRT,650,+1,0.15,"2,500",2026/08/17
1920,1920,7360,(株)オンデック,東証GRT,648,+1,0.15,300,2026/08/17
1921,1921,8278,(株)フジ,東証PRM,"2,015",+3,0.15,"107,300",2026/08/17
1922,1922,9083,神姫バス(株),東証STD,"1,995",+3,0.15,"2,300",2026/08/17
1923,1923,9950,(株)ハチバン,東証STD,"3,430",+5,0.15,"1,700",2026/08/17
1924,1924,2087,NZAM 上場投信 NASDAQ100(H有),東証ETF,"3,525",+5,0.14,7,2026/08/17
1925,1925,2224,(株)コモ,東証STD,"3,705",+5,0.14,800,2026/08/17
1926,1926,265A,Ｈｍｃｏｍｍ(株),東証GRT,717,+1,0.14,"27,500",2026/08/17
1927,1927,2882,(株)イートアンドホールディングス,東証PRM,"2,087",+3,0.14,"26,100",2026/08/17
1928,1928,3571,(株)ソトー,東証STD,716,+1,0.14,"6,200",2026/08/17
1929,1929,6087,(株)アビスト,東証STD,"3,510",+5,0.14,"2,400",2026/08/17
1930,1930,6823,リオン(株),東証PRM,"3,575",+5,0.14,"47,700",2026/08/17
1931,1931,7458,(株)第一興商,東証PRM,"1,827.5",+2.5,0.14,"112,000",2026/08/17
1932,1932,8931,和田興産(株),東証STD,"1,410",+2,0.14,"4,400",2026/08/17
1933,1933,9340,(株)アソインターナショナル,東証STD,708,+1,0.14,"2,900",2026/08/17
1934,1934,9709,ＮＣＳ＆Ａ(株),東証STD,"1,400",+2,0.14,"2,400",2026/08/17
1935,1935,1398,SMDAM 東証REIT指数上場投信,東証ETF,"1,865.5",+2.5,0.13,"58,870",2026/08/17
1936,1936,210A,iFreeETF 日経高利回りREIT指数,東証ETF,"1,594",+2,0.13,"23,690",2026/08/17
1937,1937,2742,(株)ハローズ,東証PRM,"3,890",+5,0.13,"23,800",2026/08/17
1938,1938,3384,(株)アークコア,名証NXT,758,+1,0.13,"2,000",2026/08/17
1939,1939,4041,日本曹達(株),東証PRM,"3,940",+5,0.13,"60,400",2026/08/17
1940,1940,4705,(株)クリップコーポレーション,東証STD,786,+1,0.13,500,2026/08/17
1941,1941,486A,(NEXT FUNDS) ユーロ・ストックス50(H無),東証ETF,"2,308",+3,0.13,"2,929",2026/08/17
1942,1942,6099,(株)エラン,東証PRM,752,+1,0.13,"100,300",2026/08/17
1943,1943,6644,大崎電気工業(株),東証PRM,"1,574",+2,0.13,"190,600",2026/08/17
1944,1944,7486,サンリン(株),東証STD,801,+1,0.13,400,2026/08/17
1945,1945,7614,(株)オーエムツーネットワーク,東証STD,"1,535",+2,0.13,"2,900",2026/08/17
1946,1946,7636,(株)ハンズマン,東証STD,797,+1,0.13,"3,200",2026/08/17
1947,1947,9035,第一交通産業(株),福証,744,+1,0.13,"4,100",2026/08/17
1948,1948,9436,沖縄セルラー電話(株),東証STD,"4,005",+5,0.13,"91,800",2026/08/17
1949,1949,1618,(NEXT FUNDS)エネルギー資源上場投信,東証ETF,"34,240",+40,0.12,"1,445",2026/08/17
1950,1950,2480,システム・ロケーション(株),東証STD,"1,728",+2,0.12,800,2026/08/17
1951,1951,3002,グンゼ(株),東証PRM,"4,240",+5,0.12,"176,900",2026/08/17
1952,1952,3021,(株)パシフィックネット,東証STD,"1,653",+2,0.12,"13,700",2026/08/17
1953,1953,3080,(株)ジェーソン,東証STD,818,+1,0.12,"2,900",2026/08/17
1954,1954,3296,日本リート投資法人,東証,"82,300",+100,0.12,"3,343",2026/08/17
1955,1955,5982,(株)マルゼン,東証STD,"4,090",+5,0.12,"5,500",2026/08/17
1956,1956,7090,(株)リグア,東証GRT,819,+1,0.12,"1,400",2026/08/17
1957,1957,7357,(株)ジオコード,東証STD,"1,717",+2,0.12,"6,200",2026/08/17
1958,1958,7427,エコートレーディング(株),東証STD,835,+1,0.12,"1,800",2026/08/17
1959,1959,7460,(株)ヤギ,東証STD,"1,670",+2,0.12,"34,600",2026/08/17
1960,1960,7912,大日本印刷(株),東証PRM,"3,319",+4,0.12,"1,088,500",2026/08/17
1961,1961,8037,カメイ(株),東証PRM,"4,340",+5,0.12,"42,300",2026/08/17
1962,1962,8793,ＮＥＣキャピタルソリューション(株),東証PRM,"4,170",+5,0.12,"21,500",2026/08/17
1963,1963,9060,日本ロジテム(株),東証STD,"4,180",+5,0.12,500,2026/08/17
1964,1964,9285,東京インフラ・エネルギー投資法人,東証,"43,050",+50,0.12,329,2026/08/17
1965,1965,2493,イーサポートリンク(株),東証STD,949,+1,0.11,"3,000",2026/08/17
1966,1966,2769,(株)ヴィレッジヴァンガードコーポレーション,東証STD,901,+1,0.11,"4,600",2026/08/17
1967,1967,3965,(株)キャピタル・アセット・プランニング,東証STD,879,+1,0.11,"4,400",2026/08/17
1968,1968,5105,ＴＯＹＯ　ＴＩＲＥ(株),東証PRM,"3,804",+4,0.11,"1,377,300",2026/08/17
1969,1969,7219,(株)エッチ・ケー・エス,東証STD,"2,666",+3,0.11,"1,500",2026/08/17
1970,1970,7515,(株)マルヨシセンター,東証STD,"4,590",+5,0.11,400,2026/08/17
1971,1971,7604,(株)梅の花グループ,東証STD,897,+1,0.11,"9,600",2026/08/17
1972,1972,9059,カンダホールディングス(株),東証STD,908,+1,0.11,900,2026/08/17
1973,1973,9713,(株)ロイヤルホテル,東証STD,902,+1,0.11,"10,800",2026/08/17
1974,1974,2019,GX 米国優先証券(隔月分配型),東証ETF,"1,026",+1,0.1,"1,542",2026/08/17
1975,1975,2514,(NEXT FUNDS)外国株式･MSCI-KOKUSAI(H有),東証ETF,"2,083",+2,0.1,669,2026/08/17
1976,1976,2866,GX 米国優先証券,東証ETF,999,+1,0.1,"14,772",2026/08/17
1977,1977,2970,ＧＬＣ　ＧＲＯＵＰ(株),東証STD,"1,040",+1,0.1,"7,900",2026/08/17
1978,1978,3083,スターシーズ(株),東証STD,955,+1,0.1,"20,700",2026/08/17
1979,1979,3089,テクノアルファ(株),東証STD,"1,047",+1,0.1,"4,300",2026/08/17
1980,1980,4673,川崎地質(株),東証STD,"4,905",+5,0.1,"3,600",2026/08/17
1981,1981,5351,品川リフラ(株),東証PRM,"2,043",+2,0.1,"137,600",2026/08/17
1982,1982,576A,GX チャイナテック・カバード・コール,東証ETF,990,+1,0.1,"3,064",2026/08/17
1983,1983,7619,田中商事(株),東証STD,970,+1,0.1,"4,900",2026/08/17
1984,1984,8955,日本プライムリアルティ投資法人,東証,"96,800",+100,0.1,"7,568",2026/08/17
1985,1985,2868,GX S&P500・カバード・コール,東証ETF,"1,145",+1,0.09,"21,662",2026/08/17
1986,1986,7550,(株)ゼンショーホールディングス,東証PRM,"11,360",+10,0.09,"533,800",2026/08/17
1987,1987,7885,タカノ(株),東証STD,"1,152",+1,0.09,"8,900",2026/08/17
1988,1988,7991,マミヤ・オーピー(株),東証STD,"1,080",+1,0.09,"5,000",2026/08/17
1989,1989,8945,サンネクスタグループ(株),東証STD,"1,090",+1,0.09,"2,500",2026/08/17
1990,1990,9471,(株)文溪堂,名証MN,"1,141",+1,0.09,600,2026/08/17
1991,1991,9733,(株)ナガセ,東証STD,"2,287",+2,0.09,"12,800",2026/08/17
1992,1992,1343,(NEXT FUNDS)東証REIT指数連動型上場投信,東証ETF,"1,945.5",+1.5,0.08,"480,300",2026/08/17
1993,1993,2240,上場インデックスファンドS&P500先物インバース,東証ETF,"5,208",+4,0.08,182,2026/08/17
1994,1994,2249,iFreeETF S&P500ダブルインバース,東証ETF,"9,114",+7,0.08,179,2026/08/17
1995,1995,5867,(株)エスネットワークス,東証GRT,"1,218",+1,0.08,100,2026/08/17
1996,1996,7208,(株)カネミツ,東証STD,"1,297",+1,0.08,"3,400",2026/08/17
1997,1997,7425,初穂商事(株),東証STD,"1,190",+1,0.08,400,2026/08/17
1998,1998,2469,ヒビノ(株),東証STD,"2,715",+2,0.07,"20,000",2026/08/17
1999,1999,2559,MAXIS 全世界株式(オール・カントリー)上場投信,東証ETF,"3,047",+2,0.07,"221,141",2026/08/17
2000,2000,3166,ＯＣＨＩホールディングス(株),東証STD,"1,474",+1,0.07,"2,600",2026/08/17
2001,2001,3333,(株)あさひ,東証PRM,"1,371",+1,0.07,"89,500",2026/08/17
2002,2002,3487,CREロジスティクスファンド投資法人,東証,"137,100",+100,0.07,"1,716",2026/08/17
2003,2003,348A,MAXIS 読売333日本株,東証ETF,303.6,+0.2,0.07,"32,980",2026/08/17
2004,2004,373A,(株)リップス,東証GRT,"1,475",+1,0.07,"5,100",2026/08/17
2005,2005,4175,(株)ｃｏｌｙ,東証GRT,"2,800",+2,0.07,"12,700",2026/08/17
2006,2006,4247,ポバール興業(株),東証STD,"1,382",+1,0.07,400,2026/08/17
2007,2007,4262,ニフティライフスタイル(株),東証GRT,"1,364",+1,0.07,"5,100",2026/08/17
2008,2008,5071,(株)ヴィス,東証STD,"1,360",+1,0.07,"1,500",2026/08/17
2009,2009,6287,(株)サトー,東証PRM,"2,793",+2,0.07,"237,900",2026/08/17
2010,2010,7082,(株)ジモティー,東証GRT,"1,406",+1,0.07,"34,300",2026/08/17
2011,2011,7482,(株)シモジマ,東証PRM,"1,467",+1,0.07,"35,700",2026/08/17
2012,2012,7506,(株)ハウス　オブ　ローゼ,東証STD,"1,380",+1,0.07,"1,500",2026/08/17
2013,2013,7595,(株)アルゴグラフィックス,東証PRM,"1,336",+1,0.07,"271,000",2026/08/17
2014,2014,7723,愛知時計電機(株),東証PRM,"2,888",+2,0.07,"33,100",2026/08/17
2015,2015,9664,(株)御園座,名証MN,"1,502",+1,0.07,500,2026/08/17
2016,2016,9753,アイエックス・ナレッジ(株),東証STD,"1,359",+1,0.07,"4,300",2026/08/17
2017,2017,1497,iシェアーズ 米ドル建ハイイールド社債ETF(H有),東証ETF,"1,739",+1,0.06,"12,501",2026/08/17
2018,2018,2818,(株)ピエトロ,東証STD,"1,760",+1,0.06,"1,200",2026/08/17
2019,2019,3670,協立情報通信(株),名証MN,"1,751",+1,0.06,100,2026/08/17
2020,2020,376A,(NEXT FUNDS)ブルームバーグ米国国債(7-10年)(75%H有),東証ETF,"4,859",+3,0.06,"15,010",2026/08/17
2021,2021,6050,イー・ガーディアン(株),東証PRM,"1,760",+1,0.06,"23,500",2026/08/17
2022,2022,7119,(株)ハルメクホールディングス,東証GRT,"1,717",+1,0.06,"6,600",2026/08/17
2023,2023,7182,(株)ゆうちょ銀行,東証PRM,"3,277",+2,0.06,"3,967,200",2026/08/17
2024,2024,7201,日産自動車(株),東証PRM,330.2,+0.2,0.06,"22,571,400",2026/08/17
2025,2025,7867,(株)タカラトミー,東証PRM,"3,600",+2,0.06,"417,700",2026/08/17
2026,2026,9468,(株)ＫＡＤＯＫＡＷＡ,東証PRM,"3,523",+2,0.06,"365,300",2026/08/17
2027,2027,9686,東洋テック(株),東証STD,"1,667",+1,0.06,"14,400",2026/08/17
2028,2028,1476,iシェアーズ・コア Ｊリート ETF,東証ETF,"1,861",+1,0.05,"109,439",2026/08/17
2029,2029,1599,iFreeETF JPX日経400,東証ETF,"38,630",+20,0.05,19,2026/08/17
2030,2030,1807,(株)佐藤渡辺,東証STD,"1,900",+1,0.05,"1,200",2026/08/17
2031,2031,2594,キーコーヒー(株),東証PRM,"2,023",+1,0.05,"95,800",2026/08/17
2032,2032,2623,iシェアーズ ユーロ建て投資適格社債(H有),東証ETF,"1,945",+1,0.05,179,2026/08/17
2033,2033,2883,(株)大冷,東証STD,"2,003",+1,0.05,"2,000",2026/08/17
2034,2034,3663,(株)セルシス,東証PRM,"1,892",+1,0.05,"177,000",2026/08/17
2035,2035,4445,リビン・テクノロジーズ(株),東証GRT,"1,822",+1,0.05,"2,700",2026/08/17
2036,2036,7322,(株)三十三フィナンシャルグループ,東証PRM,"2,078",+1,0.05,"263,500",2026/08/17
2037,2037,7523,アールビバン(株),東証STD,"1,899",+1,0.05,"9,800",2026/08/17
2038,2038,9842,アークランズ(株),東証PRM,"1,906",+1,0.05,"316,200",2026/08/17
2039,2039,2294,(株)柿安本店,東証PRM,"2,605",+1,0.04,"13,000",2026/08/17
2040,2040,2911,旭松食品(株),東証STD,"2,265",+1,0.04,100,2026/08/17
2041,2041,4722,フューチャー(株),東証PRM,"2,445",+1,0.04,"1,243,800",2026/08/17
2042,2042,488A,iシェアーズ 円高フォーカス ETF,東証ETF,767.5,+0.3,0.04,"24,890",2026/08/17
2043,2043,7097,(株)さくらさくプラス,東証GRT,"2,780",+1,0.04,"3,700",2026/08/17
2044,2044,8595,ジャフコ　グループ(株),東証PRM,"2,297",+1,0.04,"243,700",2026/08/17
2045,2045,413A,iFreeETF キャセイ台湾テックリーダー指数,東証ETF,"3,999",+1,0.03,"2,245",2026/08/17
2046,2046,396A,業界改革厳選ETF REITイベント・ドリブン,東証ETF,492,+0.1,0.02,20,2026/08/17
2047,2047,2042,NEXT NOTES 東証グロース市場250 ETN,東証ETF,"7,935",+1,0.01,360,2026/08/17
2048,2048,502A,GX 超短期円建て債券,東証ETF,900.9,+0.1,0.01,"20,050",2026/08/17
