順位(全市場),順位,コード,銘柄名,市場,現在値,前日比,騰落率(%),出来高,時刻
1,1,2330,(株)フォーサイド,東証STD,110,+24,27.91,"14,067,000",2026/09/07
2,2,6203,豊和工業(株),東証STD,"1,912",+400,26.46,"9,083,700",2026/09/07
3,3,8995,(株)誠建設工業,東証STD,"2,048",+400,24.27,"601,900",2026/09/07
4,4,7689,(株)コパ・コーポレーション,東証GRT,461,+80,21.0,"203,500",2026/09/07
5,5,520A,ジェイファーマ(株),東証GRT,472,+80,20.41,"1,918,100",2026/09/07
6,6,6085,アーキテクツ・スタジオ・ジャパン(株),東証GRT,193,+31,19.14,"10,638,500",2026/09/07
7,7,6898,トミタ電機(株),東証STD,"4,855",+700,16.85,"27,400",2026/09/07
8,8,6522,(株)アスタリスク,東証GRT,"1,708",+208,13.87,"5,882,200",2026/09/07
9,9,4052,フィーチャ(株),東証GRT,835,+95,12.84,"5,479,300",2026/09/07
10,10,5242,(株)アイズ,東証GRT,"2,520",+285,12.75,"58,400",2026/09/07
11,11,6862,ミナトホールディングス(株),東証STD,"4,630",+520,12.65,"547,500",2026/09/07
12,12,4976,東洋ドライルーブ(株),東証STD,"1,700",+178,11.7,"20,100",2026/09/07
13,13,9984,ソフトバンクグループ(株),東証PRM,"6,217",+627,11.22,"83,638,700",2026/09/07
14,14,6227,ＡＩメカテック(株),東証STD,"6,590",+640,10.76,"1,472,200",2026/09/07
15,15,3851,(株)日本一ソフトウェア,東証STD,"1,485",+138,10.24,"351,600",2026/09/07
16,16,7369,(株)メイホーホールディングス,東証GRT,399,+37,10.22,"73,900",2026/09/07
17,17,6769,ザインエレクトロニクス(株),東証STD,"1,241",+115,10.21,"217,900",2026/09/07
18,18,6387,サムコ(株),東証PRM,"9,140",+820,9.86,"118,900",2026/09/07
19,19,1783,(株)ｆａｎｔａｓｉｓｔａ,東証STD,56,+5,9.8,"1,524,900",2026/09/07
20,20,285A,キオクシアホールディングス(株),東証PRM,"59,530","+5,070",9.31,"31,323,500",2026/09/07
21,21,5344,(株)ＭＡＲＵＷＡ,東証PRM,"58,470","+4,960",9.27,"179,100",2026/09/07
22,22,2033,NEXT NOTES 韓国KOSPI･ダブル･ブルETN,東証ETF,"79,000","+6,680",9.24,"5,219",2026/09/07
23,23,6840,(株)ＡＫＩＢＡホールディングス,東証STD,827,+67,8.82,"794,200",2026/09/07
24,24,6521,(株)オキサイド,東証GRT,"3,270",+260,8.64,"194,100",2026/09/07
25,25,7859,(株)アルメディオ,東証STD,281,+22,8.49,"387,600",2026/09/07
26,26,4062,イビデン(株),東証PRM,"22,200","+1,725",8.42,"9,519,800",2026/09/07
27,27,4570,(株)免疫生物研究所,東証GRT,"1,151",+89,8.38,"517,100",2026/09/07
28,28,8050,セイコーグループ(株),東証PRM,"10,980",+840,8.28,"475,400",2026/09/07
29,29,1723,日本電技(株),東証STD,"2,516",+191,8.22,"347,800",2026/09/07
30,30,6871,(株)日本マイクロニクス,東証PRM,"12,920",+980,8.21,"1,130,500",2026/09/07
31,31,7715,長野計器(株),東証PRM,"4,180",+315,8.15,"105,300",2026/09/07
32,32,6890,(株)フェローテック,東証STD,"9,640",+710,7.95,"845,400",2026/09/07
33,33,6963,ローム(株),東証PRM,"5,243",+378,7.77,"3,865,600",2026/09/07
34,34,4588,オンコリスバイオファーマ(株),東証GRT,"4,950",+355,7.73,"2,285,100",2026/09/07
35,35,6594,ニデック(株),東証PRM,"2,812",+201,7.7,"9,496,500",2026/09/07
36,36,6525,(株)ＫＯＫＵＳＡＩ　ＥＬＥＣＴＲＩＣ,東証PRM,"8,929",+634,7.64,"9,922,200",2026/09/07
37,37,5985,サンコール(株),東証STD,"2,187",+154,7.58,"771,600",2026/09/07
38,38,5381,マイポックス(株),東証STD,993,+69,7.47,"237,300",2026/09/07
39,39,5252,日本ナレッジ(株),東証GRT,800,+55,7.38,"52,600",2026/09/07
40,40,6548,(株)旅工房,東証GRT,131,+9,7.38,"121,600",2026/09/07
41,41,6330,東洋エンジニアリング(株),東証PRM,"2,657",+181,7.31,"7,579,900",2026/09/07
42,42,6920,レーザーテック(株),東証PRM,"35,590","+2,410",7.26,"3,246,700",2026/09/07
43,43,5471,大同特殊鋼(株),東証PRM,"2,433",+163.5,7.2,"1,489,700",2026/09/07
44,44,429A,テクセンドフォトマスク(株),東証PRM,"3,975",+265,7.14,"881,800",2026/09/07
45,45,4875,メディシノバ,東証STD外国,256,+17,7.11,"109,900",2026/09/07
46,46,221A,MAXIS 日経半導体株上場投信,東証ETF,"1,180.5",+77,6.98,"182,100",2026/09/07
47,47,6298,ワイエイシイホールディングス(株),東証PRM,"1,360",+87,6.83,"321,500",2026/09/07
48,48,7456,松田産業(株),東証PRM,"7,370",+470,6.81,"163,000",2026/09/07
49,49,4004,(株)レゾナック・ホールディングス,東証PRM,"16,580","+1,050",6.76,"1,911,600",2026/09/07
50,50,6787,(株)メイコー,東証PRM,"19,930","+1,260",6.75,"365,700",2026/09/07
51,51,7717,(株)ブイ・テクノロジー,東証PRM,"6,010",+380,6.75,"181,500",2026/09/07
52,52,6855,日本電子材料(株),東証STD,"6,650",+420,6.74,"517,800",2026/09/07
53,53,196A,(株)ＭＦＳ,東証GRT,352,+22,6.67,"177,100",2026/09/07
54,54,4572,カルナバイオサイエンス(株),東証GRT,435,+27,6.62,"112,400",2026/09/07
55,55,5597,ブルーイノベーション(株),東証GRT,"1,460",+90,6.57,"334,000",2026/09/07
56,56,6961,(株)エンプラス,東証PRM,"10,420",+640,6.54,"144,200",2026/09/07
57,57,6492,岡野バルブ製造(株),東証STD,"14,520",+880,6.45,"17,800",2026/09/07
58,58,4620,藤倉化成(株),東証STD,991,+60,6.44,"282,900",2026/09/07
59,59,6834,(株)精工技研,東証STD,"5,500",+330,6.38,"874,700",2026/09/07
60,60,9824,泉州電業(株),東証PRM,"7,850",+470,6.37,"145,000",2026/09/07
61,61,280A,(株)ＴＭＨ,東証GRT,"1,171",+70,6.36,"46,900",2026/09/07
62,62,7422,東邦レマック(株),東証STD,421,+25,6.31,"18,800",2026/09/07
63,63,1965,(株)テクノ菱和,東証STD,"7,250",+430,6.3,"96,500",2026/09/07
64,64,6994,(株)指月電機製作所,東証STD,"1,223",+72,6.26,"128,200",2026/09/07
65,65,4667,アイサンテクノロジー(株),東証STD,"3,155",+185,6.23,"1,469,000",2026/09/07
66,66,6752,パナソニック　ホールディングス(株),東証PRM,"4,421",+258,6.2,"7,733,800",2026/09/07
67,67,6380,オリエンタルチエン工業(株),東証STD,"4,235",+245,6.14,"37,900",2026/09/07
68,68,7774,(株)ジャパン・ティッシュエンジニアリング,東証GRT,902,+52,6.12,"177,400",2026/09/07
69,69,4599,(株)ステムリム,東証GRT,331,+19,6.09,"283,300",2026/09/07
70,70,213A,上場インデックスファンド日経半導体株,東証ETF,418.1,+23.8,6.04,"735,980",2026/09/07
71,71,6981,(株)村田製作所,東証PRM,"7,620",+429,5.97,"20,443,400",2026/09/07
72,72,6407,ＣＫＤ(株),東証PRM,"5,520",+310,5.95,"616,100",2026/09/07
73,73,6622,(株)ダイヘン,東証PRM,"12,990",+730,5.95,"268,300",2026/09/07
74,74,402A,(株)アクセルスペースホールディングス,東証GRT,553,+31,5.94,"2,821,400",2026/09/07
75,75,6469,(株)放電精密加工研究所,東証STD,"2,946",+165,5.93,"52,600",2026/09/07
76,76,5218,(株)オハラ,東証STD,"1,739",+96,5.84,"130,400",2026/09/07
77,77,7014,(株)名村造船所,東証STD,"5,080",+280,5.83,"2,755,600",2026/09/07
78,78,6125,(株)岡本工作機械製作所,東証STD,"4,915",+265,5.7,"54,900",2026/09/07
79,79,6226,守谷輸送機工業(株),東証STD,"2,216",+118,5.62,"167,600",2026/09/07
80,80,1982,日比谷総合設備(株),東証PRM,"3,160",+168,5.61,"172,400",2026/09/07
81,81,4107,伊勢化学工業(株),東証STD,"4,150",+220,5.6,"366,200",2026/09/07
82,82,6775,(株)ＴＢグループ,東証STD,133,+7,5.56,"397,700",2026/09/07
83,83,9340,(株)アソインターナショナル,東証STD,802,+42,5.53,"26,200",2026/09/07
84,84,6777,ｓａｎｔｅｃ　Ｈｏｌｄｉｎｇｓ(株),東証STD,"20,080","+1,050",5.52,"129,500",2026/09/07
85,85,3687,(株)フィックスターズ,東証PRM,"2,224",+116,5.5,"1,052,500",2026/09/07
86,86,6258,平田機工(株),東証PRM,"3,645",+190,5.5,"461,000",2026/09/07
87,87,2820,(株)やまみ,東証STD,"6,580",+340,5.45,"25,800",2026/09/07
88,88,6266,タツモ(株),東証PRM,"3,675",+190,5.45,"213,600",2026/09/07
89,89,3441,(株)山王,東証STD,"2,889",+148,5.4,"40,000",2026/09/07
90,90,6264,(株)マルマエ,東証PRM,"2,029",+102,5.29,"549,200",2026/09/07
91,91,2449,(株)プラップジャパン,東証STD,"1,100",+55,5.26,"200,500",2026/09/07
92,92,3513,イチカワ(株),東証STD,"3,600",+180,5.26,"7,100",2026/09/07
93,93,7727,(株)オーバル,東証STD,880,+44,5.26,"245,500",2026/09/07
94,94,3449,(株)テクノフレックス,東証STD,"4,130",+205,5.22,"126,300",2026/09/07
95,95,7609,ダイトロン(株),東証PRM,"4,135",+205,5.22,"118,300",2026/09/07
96,96,200A,(NEXT FUNDS) 日経半導体株指数連動型上場投信,東証ETF,"4,533",+224,5.2,"2,213,562",2026/09/07
97,97,6599,エブレン(株),東証STD,"3,960",+195,5.18,"21,400",2026/09/07
98,98,6998,日本タングステン(株),東証STD,"3,665",+180,5.16,"107,900",2026/09/07
99,99,5074,テスホールディングス(株),東証PRM,618,+30,5.1,"1,305,200",2026/09/07
100,100,3840,(株)ヴィクトン,東証STD,62,+3,5.08,"153,100",2026/09/07
101,101,4461,第一工業製薬(株),東証PRM,"13,710",+660,5.06,"212,900",2026/09/07
102,102,319A,(株)技術承継機構,東証GRT,"21,850","+1,050",5.05,"39,700",2026/09/07
103,103,6613,(株)ＱＤレーザ,東証GRT,"2,104",+101,5.04,"3,384,500",2026/09/07
104,104,2134,北浜キャピタルパートナーズ(株),東証STD,21,+1,5.0,"622,200",2026/09/07
105,105,6507,シンフォニアテクノロジー(株),東証PRM,"12,380",+590,5.0,"139,100",2026/09/07
106,106,8894,(株)ＲＥＶＯＬＵＴＩＯＮ,東証STD,21,+1,5.0,"727,000",2026/09/07
107,107,6331,三菱化工機(株),東証PRM,"3,365",+160,4.99,"205,400",2026/09/07
108,108,6637,寺崎電気産業(株),東証STD,"4,415",+210,4.99,"35,000",2026/09/07
109,109,7760,ＩＭＶ(株),東証STD,"2,060",+98,4.99,"91,900",2026/09/07
110,110,268A,リガク・ホールディングス(株),東証PRM,"1,706",+81,4.98,"2,751,800",2026/09/07
111,111,6208,(株)石川製作所,東証STD,"1,689",+80,4.97,"59,900",2026/09/07
112,112,7003,(株)三井Ｅ＆Ｓ,東証PRM,"4,500",+213,4.97,"2,198,100",2026/09/07
113,113,4043,(株)トクヤマ,東証PRM,"4,091",+193,4.95,"1,059,800",2026/09/07
114,114,6146,(株)ディスコ,東証PRM,"57,150","+2,690",4.94,"1,135,600",2026/09/07
115,115,194A,(株)ＷＯＬＶＥＳ　ＨＡＮＤ,東証GRT,"1,854",+87,4.92,"54,500",2026/09/07
116,116,6918,(株)アバールデータ,東証STD,"3,750",+175,4.9,"69,700",2026/09/07
117,117,523A,(株)セイワホールディングス,東証GRT,"1,808",+84,4.87,"106,300",2026/09/07
118,118,3374,内外テック(株),東証STD,"4,225",+195,4.84,"37,300",2026/09/07
119,119,282A,GX 半導体・トップ10-日本株式,東証ETF,"2,364",+109,4.83,"540,466",2026/09/07
120,120,3445,(株)ＲＳ　Ｔｅｃｈｎｏｌｏｇｉｅｓ,東証PRM,"5,880",+270,4.81,"203,200",2026/09/07
121,121,4971,メック(株),東証PRM,"6,550",+300,4.8,"241,800",2026/09/07
122,122,2644,GX 半導体関連-日本株式,東証ETF,"4,003",+183,4.79,"693,086",2026/09/07
123,123,6666,リバーエレテック(株),東証STD,813,+37,4.77,"38,300",2026/09/07
124,124,8035,東京エレクトロン(株),東証PRM,"55,840","+2,520",4.73,"2,900,400",2026/09/07
125,125,6997,日本ケミコン(株),東証PRM,"2,872",+129,4.7,"722,100",2026/09/07
126,126,6897,(株)ツインバード,東証STD,676,+30,4.64,"575,600",2026/09/07
127,127,4395,(株)アクリート,東証GRT,749,+33,4.61,"36,300",2026/09/07
128,128,9890,(株)マキヤ,東証STD,"1,438",+63,4.58,"29,800",2026/09/07
129,129,3153,八洲電機(株),東証PRM,"3,145",+135,4.49,"108,000",2026/09/07
130,130,6875,(株)メガチップス,東証PRM,"11,170",+480,4.49,"135,300",2026/09/07
131,131,6617,(株)東光高岳,東証PRM,"7,030",+300,4.46,"81,000",2026/09/07
132,132,7729,(株)東京精密,東証PRM,"17,600",+750,4.45,"285,500",2026/09/07
133,133,302A,(株)ビースタイルホールディングス,東証GRT,636,+27,4.43,"13,200",2026/09/07
134,134,6134,(株)ＦＵＪＩ,東証PRM,"7,191",+305,4.43,"761,800",2026/09/07
135,135,1960,(株)サンテック,東証STD,"1,729",+73,4.41,"24,700",2026/09/07
136,136,3047,(株)ＴＲＵＣＫ－ＯＮＥ,福岡Q,"1,043",+44,4.4,"1,000",2026/09/07
137,137,4022,ラサ工業(株),東証PRM,"2,047",+86,4.39,"1,053,500",2026/09/07
138,138,6315,ＴＯＷＡ(株),東証PRM,"2,309",+97,4.39,"2,635,200",2026/09/07
139,139,9130,共栄タンカー(株),東証STD,"1,640",+69,4.39,"46,200",2026/09/07
140,140,7018,内海造船(株),東証STD,"13,880",+580,4.36,"38,100",2026/09/07
141,141,5256,(株)Ｆｕｓｉｃ,東証GRT,"2,788",+116,4.34,"5,000",2026/09/07
142,142,4120,スガイ化学工業(株),東証STD,"3,130",+130,4.33,300,2026/09/07
143,143,6023,ダイハツインフィニアース(株),東証STD,"3,370",+140,4.33,"199,800",2026/09/07
144,144,9880,イノテック(株),東証PRM,"3,500",+145,4.32,"151,700",2026/09/07
145,145,8362,(株)福井銀行,東証PRM,"7,350",+300,4.26,"99,800",2026/09/07
146,146,4047,関東電化工業(株),東証PRM,"2,234",+91,4.25,"721,800",2026/09/07
147,147,6278,ユニオンツール(株),東証PRM,"14,000",+570,4.24,"168,200",2026/09/07
148,148,6976,太陽誘電(株),東証PRM,"9,824",+398,4.22,"27,426,700",2026/09/07
149,149,9557,(株)エアークローゼット,東証GRT,247,+10,4.22,"739,200",2026/09/07
150,150,6857,(株)アドバンテスト,東証PRM,"34,480","+1,390",4.2,"9,531,900",2026/09/07
151,151,6055,ジャパンマテリアル(株),東証PRM,"2,238",+90,4.19,"624,500",2026/09/07
152,152,6324,(株)ハーモニック・ドライブ・システムズ,東証PRM,"5,970",+240,4.19,"990,900",2026/09/07
153,153,153A,(株)カウリス,東証GRT,"1,569",+63,4.18,"97,000",2026/09/07
154,154,6366,千代田化工建設(株),東証STD,722,+29,4.18,"2,086,700",2026/09/07
155,155,4222,児玉化学工業(株),東証STD,728,+29,4.15,"812,500",2026/09/07
156,156,7318,セレンディップ・ホールディングス(株),東証GRT,"1,410",+56,4.14,"99,900",2026/09/07
157,157,3020,アプライド(株),東証STD,"4,535",+180,4.13,"6,100",2026/09/07
158,158,3652,(株)ディジタルメディアプロフェッショナル,東証GRT,"2,529",+100,4.12,"41,900",2026/09/07
159,159,3891,ニッポン高度紙工業(株),東証STD,"6,880",+270,4.08,"123,200",2026/09/07
160,160,6479,ミネベアミツミ(株),東証PRM,"3,468",+136,4.08,"2,526,100",2026/09/07
161,161,6659,(株)メディアリンクス,東証STD,51,+2,4.08,"4,316,000",2026/09/07
162,162,1365,iFreeETF 日経平均レバレッジ・インデックス,東証ETF,"4,296",+168,4.07,"413,661",2026/09/07
163,163,1579,日経平均ブル2倍上場投信,東証ETF,752.4,+29.4,4.07,"10,803,420",2026/09/07
164,164,3306,日本製麻(株),東証STD,716,+28,4.07,"59,700",2026/09/07
165,165,6030,(株)アドベンチャー,東証GRT,"1,666",+65,4.06,"19,700",2026/09/07
166,166,6590,芝浦メカトロニクス(株),東証PRM,"4,110",+160,4.05,"1,077,500",2026/09/07
167,167,7779,ＣＹＢＥＲＤＹＮＥ(株),東証GRT,231,+9,4.05,"1,079,700",2026/09/07
168,168,7013,(株)ＩＨＩ,東証PRM,"2,730.5",+106,4.04,"13,094,100",2026/09/07
169,169,350A,デジタルグリッド(株),東証GRT,852,+33,4.03,"708,800",2026/09/07
170,170,1570,(NEXT FUNDS)日経平均レバレッジ上場投信,東証ETF,"69,620","+2,640",3.94,"2,229,307",2026/09/07
171,171,7287,日本精機(株),東証STD,"2,806",+106,3.93,"173,600",2026/09/07
172,172,7826,(株)フルヤ金属,東証PRM,"10,840",+410,3.93,"528,400",2026/09/07
173,173,5884,(株)クラダシ,東証GRT,638,+24,3.91,"24,000",2026/09/07
174,174,1458,楽天 ETF-日経レバレッジ指数連動型,東証ETF,"83,130","+3,110",3.89,"97,818",2026/09/07
175,175,2351,(株)ＡＳＪ,東証STD,347,+13,3.89,"10,600",2026/09/07
176,176,1515,日鉄鉱業(株),東証PRM,"3,490",+130,3.87,"646,700",2026/09/07
177,177,4975,(株)ＪＣＵ,東証PRM,"5,670",+210,3.85,"109,000",2026/09/07
178,178,163A,半導体フォーカス日本株(ネットリターン)ETN,東証ETF,"19,470",+720,3.84,"3,266",2026/09/07
179,179,4389,プロパティデータバンク(株),東証GRT,"1,110",+41,3.84,"9,700",2026/09/07
180,180,186A,(株)アストロスケールホールディングス,東証GRT,"1,087",+40,3.82,"3,186,800",2026/09/07
181,181,4100,戸田工業(株),東証STD,"1,634",+60,3.81,"33,700",2026/09/07
182,182,6480,日本トムソン(株),東証PRM,"1,771",+65,3.81,"667,900",2026/09/07
183,183,5132,(株)ｐｌｕｓｚｅｒｏ,東証GRT,"2,185",+80,3.8,"47,600",2026/09/07
184,184,3077,ホリイフードサービス(株),東証STD,"1,287",+47,3.79,"21,500",2026/09/07
185,185,6337,(株)テセック,東証STD,"3,695",+135,3.79,"80,800",2026/09/07
186,186,7425,初穂商事(株),東証STD,"1,124",+41,3.79,"2,900",2026/09/07
187,187,7273,(株)イクヨ,東証STD,604,+22,3.78,"42,900",2026/09/07
188,188,441A,ＮＥ(株),東証GRT,275,+10,3.77,"45,000",2026/09/07
189,189,6810,マクセル(株),東証PRM,"2,563",+93,3.77,"206,000",2026/09/07
190,190,7711,助川電気工業(株),東証STD,"5,230",+190,3.77,"39,800",2026/09/07
191,191,9425,ＲｅＹｕｕ　Ｊａｐａｎ(株),東証STD,248,+9,3.77,"497,100",2026/09/07
192,192,3628,(株)データホライゾン,東証GRT,666,+24,3.74,"15,400",2026/09/07
193,193,3695,ＧＭＯプロダクトプラットフォーム(株),東証GRT,"1,612",+58,3.73,"24,600",2026/09/07
194,194,7256,河西工業(株),東証STD,445,+16,3.73,"91,200",2026/09/07
195,195,7384,(株)プロクレアホールディングス,東証PRM,"5,000",+180,3.73,"100,500",2026/09/07
196,196,5803,(株)フジクラ,東証PRM,"5,241",+188,3.72,"30,727,300",2026/09/07
197,197,7735,(株)ＳＣＲＥＥＮホールディングス,東証PRM,"13,515",+485,3.72,"1,354,500",2026/09/07
198,198,1358,上場インデックス日経レバレッジ指数,東証ETF,"132,950","+4,750",3.71,"7,481",2026/09/07
199,199,6508,(株)明電舎,東証PRM,"11,200",+400,3.7,"183,000",2026/09/07
200,200,6573,ＣＲＡＶＩＡ(株),東証GRT,28,+1,3.7,"228,400",2026/09/07
201,201,8836,(株)ＲＩＳＥ,東証STD,28,+1,3.7,"16,000",2026/09/07
202,202,4258,(株)網屋,東証GRT,"4,500",+160,3.69,"38,200",2026/09/07
203,203,5367,(株)ニッカトー,東証STD,"1,404",+50,3.69,"175,500",2026/09/07
204,204,4691,ワシントンホテル(株),東証STD,"2,290",+81,3.67,"37,000",2026/09/07
205,205,6863,(株)ニレコ,東証STD,"1,016",+36,3.67,"100,700",2026/09/07
206,206,6969,松尾電機(株),東証STD,"1,045",+37,3.67,"33,500",2026/09/07
207,207,9960,東テク(株),東証PRM,"4,095",+145,3.67,"129,400",2026/09/07
208,208,9101,日本郵船(株),東証PRM,"7,420",+262,3.66,"3,158,300",2026/09/07
209,209,6361,荏原,東証PRM,"4,598",+162,3.65,"2,418,600",2026/09/07
210,210,4125,三和油化工業(株),東証STD,"3,840",+135,3.64,"14,300",2026/09/07
211,211,4372,ユミルリンク(株),東証GRT,"1,337",+47,3.64,"6,200",2026/09/07
212,212,6245,(株)ヒラノテクシード,東証STD,"1,936",+68,3.64,"101,100",2026/09/07
213,213,5253,カバー(株),東証GRT,"1,714",+60,3.63,"1,402,700",2026/09/07
214,214,6703,ＯＫＩ,東証PRM,"2,798",+98,3.63,"444,900",2026/09/07
215,215,9214,Ｒｅｃｏｖｅｒｙ　Ｉｎｔｅｒｎａｔｉｏｎａｌ(株),東証GRT,"1,313",+46,3.63,"1,200",2026/09/07
216,216,1975,(株)朝日工業社,東証PRM,"4,005",+140,3.62,"51,000",2026/09/07
217,217,6814,古野電気(株),東証PRM,"8,010",+280,3.62,"324,800",2026/09/07
218,218,5821,平河ヒューテック(株),東証PRM,"3,165",+110,3.6,"37,000",2026/09/07
219,219,276A,ククレブ・アドバイザーズ(株),東証GRT,"4,035",+140,3.59,"49,700",2026/09/07
220,220,3727,(株)アプリックス,東証GRT,173,+6,3.59,"102,900",2026/09/07
221,221,6268,ナブテスコ(株),東証PRM,"4,617",+160,3.59,"798,100",2026/09/07
222,222,4234,(株)サンエー化研,東証STD,"1,045",+36,3.57,"39,200",2026/09/07
223,223,6269,三井海洋開発(株),東証PRM,"9,720",+335,3.57,"755,200",2026/09/07
224,224,1945,(株)東京エネシス,東証PRM,"2,179",+75,3.56,"256,400",2026/09/07
225,225,4593,(株)ヘリオス,東証GRT,291,+10,3.56,"2,468,100",2026/09/07
226,226,4814,ネクストウェア(株),東証STD,175,+6,3.55,"92,600",2026/09/07
227,227,5885,(株)ジーデップ・アドバンス,東証STD,"3,500",+120,3.55,"90,900",2026/09/07
228,228,6653,(株)正興電機製作所,東証PRM,"2,185",+75,3.55,"66,000",2026/09/07
229,229,5341,ＡＳＡＨＩ　ＥＩＴＯホールディングス(株),東証STD,147,+5,3.52,"22,000",2026/09/07
230,230,6496,(株)中北製作所,東証STD,"5,600",+190,3.51,"1,200",2026/09/07
231,231,5817,ＪＭＡＣＳ(株),東証STD,"1,099",+37,3.48,"61,100",2026/09/07
232,232,6198,(株)キャリア,東証GRT,209,+7,3.47,"10,000",2026/09/07
233,233,6638,(株)ミマキエンジニアリング,東証PRM,"1,966",+66,3.47,"97,500",2026/09/07
234,234,206A,(株)ＰＲＩＳＭ　ＢｉｏＬａｂ,東証GRT,180,+6,3.45,"63,500",2026/09/07
235,235,4597,ソレイジア・ファーマ(株),東証GRT,30,+1,3.45,"79,729,300",2026/09/07
236,236,7911,ＴＯＰＰＡＮホールディングス(株),東証PRM,"5,246",+175,3.45,"1,514,800",2026/09/07
237,237,4629,大伸化学(株),東証STD,"2,380",+79,3.43,"6,500",2026/09/07
238,238,3185,夢展望(株),東証GRT,151,+5,3.42,"94,200",2026/09/07
239,239,6779,日本電波工業(株),東証PRM,"2,693",+89,3.42,"490,600",2026/09/07
240,240,9517,イーレックス(株),東証PRM,876,+29,3.42,"264,900",2026/09/07
241,241,2038,NEXT NOTES ドバイ原油先物 ダブル・ブル ETN,東証ETF,"2,364",+78,3.41,"46,504",2026/09/07
242,242,5026,(株)トリプルアイズ,東証GRT,637,+21,3.41,"87,300",2026/09/07
243,243,9504,中国電力(株),東証PRM,"1,077",+35.5,3.41,"2,599,100",2026/09/07
244,244,1961,三機工業(株),東証PRM,"2,475",+81,3.38,"319,800",2026/09/07
245,245,4260,(株)ハイブリッドテクノロジーズ,東証GRT,214,+7,3.38,"23,700",2026/09/07
246,246,4174,(株)アピリッツ,東証STD,890,+29,3.37,"25,300",2026/09/07
247,247,1980,ダイダン(株),東証PRM,"2,829",+92,3.36,"709,900",2026/09/07
248,248,135A,(株)ＶＲＡＩＮ　Ｓｏｌｕｔｉｏｎ,東証GRT,"4,320",+140,3.35,"110,300",2026/09/07
249,249,5208,(株)有沢製作所,東証PRM,"2,619",+85,3.35,"161,500",2026/09/07
250,250,2037,NEXT NOTES 金先物 ベア ETN,東証ETF,"1,273",+41,3.33,"6,279",2026/09/07
251,251,3446,(株)ジェイテックコーポレーション,東証STD,"1,674",+54,3.33,"20,600",2026/09/07
252,252,518A,(NEXT FUNDS) FTSE日本株高配当キャッシュフロー50,東証ETF,"2,169",+70,3.33,"12,240",2026/09/07
253,253,6925,ウシオ電機(株),東証PRM,"3,792",+122,3.32,"424,200",2026/09/07
254,254,7119,(株)ハルメクホールディングス,東証GRT,"1,932",+62,3.32,"23,700",2026/09/07
255,255,2334,(株)イオレ,東証GRT,593,+19,3.31,"1,187,300",2026/09/07
256,256,255A,ジーエルテクノホールディングス(株),東証STD,"5,320",+170,3.3,"65,700",2026/09/07
257,257,4014,(株)カラダノート,東証GRT,532,+17,3.3,"19,400",2026/09/07
258,258,7004,カナデビア(株),東証PRM,"1,193",+38,3.29,"2,199,000",2026/09/07
259,259,6140,旭ダイヤモンド工業(株),東証PRM,"1,198",+38,3.28,"500,700",2026/09/07
260,260,6235,(株)オプトラン,東証PRM,"2,588",+82,3.27,"288,500",2026/09/07
261,261,6928,(株)エノモト,東証STD,"3,045",+96,3.26,"31,200",2026/09/07
262,262,7776,(株)セルシード,東証GRT,223,+7,3.24,"152,900",2026/09/07
263,263,6081,アライドアーキテクツ(株),東証GRT,160,+5,3.23,"151,900",2026/09/07
264,264,6960,フクダ電子(株),東証STD,"12,140",+380,3.23,"64,900",2026/09/07
265,265,6996,ニチコン(株),東証PRM,"2,684",+84,3.23,"916,700",2026/09/07
266,266,6859,エスペック(株),東証PRM,"4,005",+125,3.22,"59,300",2026/09/07
267,267,5802,住友電気工業(株),東証PRM,"2,201.5",+68.5,3.21,"13,648,500",2026/09/07
268,268,5262,日本ヒューム(株),東証PRM,"1,163",+36,3.19,"347,700",2026/09/07
269,269,6336,(株)石井表記,東証STD,"1,946",+60,3.18,"75,400",2026/09/07
270,270,6498,(株)キッツ,東証PRM,"1,944",+60,3.18,"487,300",2026/09/07
271,271,7409,ＡｅｒｏＥｄｇｅ(株),東証GRT,"1,559",+48,3.18,"100,900",2026/09/07
272,272,4275,(株)カーリット,東証PRM,"1,989",+61,3.16,"276,300",2026/09/07
273,273,6472,ＮＴＮ(株),東証PRM,398.6,+12.2,3.16,"3,215,200",2026/09/07
274,274,6707,サンケン電気(株),東証PRM,"7,020",+215,3.16,"111,900",2026/09/07
275,275,6643,(株)戸上電機製作所,東証STD,"5,900",+180,3.15,"2,700",2026/09/07
276,276,3905,データセクション(株),東証GRT,"1,577",+48,3.14,"2,407,700",2026/09/07
277,277,5232,住友大阪セメント(株),東証PRM,"5,545",+169,3.14,"168,400",2026/09/07
278,278,6376,日機装(株),東証PRM,"3,615",+110,3.14,"308,400",2026/09/07
279,279,1969,高砂熱学工業(株),東証PRM,"4,449",+135,3.13,"620,000",2026/09/07
280,280,4596,窪田製薬ホールディングス(株),東証GRT,66,+2,3.13,"803,400",2026/09/07
281,281,6143,(株)ソディック,東証PRM,"1,782",+54,3.13,"428,600",2026/09/07
282,282,2243,GX 半導体,東証ETF,"4,376",+132,3.11,"172,494",2026/09/07
283,283,4980,デクセリアルズ(株),東証PRM,"2,991.5",+90,3.1,"933,900",2026/09/07
284,284,6674,(株)ジーエス・ユアサ　コーポレーション,東証PRM,"5,115",+154,3.1,"685,900",2026/09/07
285,285,4813,(株)ＡＣＣＥＳＳ,東証PRM,434,+13,3.09,"198,900",2026/09/07
286,286,5301,東海カーボン(株),東証PRM,"1,875.5",+56,3.08,"1,954,100",2026/09/07
287,287,7901,(株)マツモト,東証STD,869,+26,3.08,"1,800",2026/09/07
288,288,412A,(NEXT FUNDS) 台湾イノベイティブ・テクノロジー50,東証ETF,"4,570",+136,3.07,"7,624",2026/09/07
289,289,6723,ルネサスエレクトロニクス(株),東証PRM,"3,403",+101,3.06,"11,037,100",2026/09/07
290,290,5991,ニッパツ,東証PRM,"3,428",+101,3.04,"554,000",2026/09/07
291,291,6800,(株)ヨコオ,東証PRM,"3,895",+115,3.04,"131,900",2026/09/07
292,292,6882,(株)三社電機製作所,東証STD,"1,152",+34,3.04,"62,600",2026/09/07
293,293,2388,(株)ウェッジホールディングス,東証GRT,34,+1,3.03,"187,300",2026/09/07
294,294,5268,旭コンクリート工業(株),東証STD,918,+27,3.03,"46,400",2026/09/07
295,295,5310,東洋炭素(株),東証PRM,"7,140",+210,3.03,"63,100",2026/09/07
296,296,4617,中国塗料(株),東証PRM,"3,630",+105,2.98,"133,700",2026/09/07
297,297,9519,(株)レノバ,東証PRM,899,+26,2.98,"836,700",2026/09/07
298,298,5393,ニチアス(株),東証PRM,"3,405",+98,2.96,"361,600",2026/09/07
299,299,9507,四国電力(株),東証PRM,"2,140",+61.5,2.96,"1,091,000",2026/09/07
300,300,4369,(株)トリケミカル研究所,東証PRM,"3,155",+90,2.94,"547,900",2026/09/07
301,301,5953,昭和鉄工(株),福証,"7,000",+200,2.94,700,2026/09/07
302,302,6440,ＪＵＫＩ(株),東証PRM,736,+21,2.94,"248,300",2026/09/07
303,303,2693,ＹＫＴ(株),東証STD,281,+8,2.93,"39,600",2026/09/07
304,304,2999,ホームポジション(株),東証STD,527,+15,2.93,"20,100",2026/09/07
305,305,5334,日本特殊陶業(株),東証PRM,"8,082",+230,2.93,"1,015,100",2026/09/07
306,306,5342,ジャニス工業(株),名証MN,388,+11,2.92,400,2026/09/07
307,307,7375,(株)リファインバースグループ,東証GRT,"1,198",+34,2.92,"26,600",2026/09/07
308,308,146A,コロンビア・ワークス(株),東証STD,"3,715",+105,2.91,"38,100",2026/09/07
309,309,1684,WisdomTree ブロード上場投信,東証ETF,"2,794.5",+79,2.91,220,2026/09/07
310,310,3747,(株)インタートレード,東証STD,425,+12,2.91,"91,800",2026/09/07
311,311,9107,川崎汽船(株),東証PRM,"3,425",+97,2.91,"3,888,800",2026/09/07
312,312,6516,山洋電気(株),東証PRM,"5,320",+150,2.9,"88,200",2026/09/07
313,313,3132,マクニカホールディングス(株),東証PRM,"3,649",+102,2.88,"631,200",2026/09/07
314,314,8254,(株)さいか屋,東証STD,250,+7,2.88,"38,200",2026/09/07
315,315,1952,新日本空調(株),東証PRM,"3,225",+90,2.87,"147,200",2026/09/07
316,316,7220,武蔵精密工業(株),東証PRM,"3,010",+84,2.87,"703,500",2026/09/07
317,317,9241,(株)フューチャーリンクネットワーク,東証GRT,"1,291",+36,2.87,"1,400",2026/09/07
318,318,298A,ＧＶＡ　ＴＥＣＨ(株),東証GRT,360,+10,2.86,"11,600",2026/09/07
319,319,4206,アイカ工業(株),東証PRM,"4,205",+117,2.86,"429,000",2026/09/07
320,320,4883,(株)モダリス,東証GRT,36,+1,2.86,"1,375,100",2026/09/07
321,321,6327,北川精機(株),東証STD,"3,240",+90,2.86,"213,000",2026/09/07
322,322,3444,(株)菊池製作所,東証STD,"1,045",+29,2.85,"97,400",2026/09/07
323,323,6951,日本電子(株),東証PRM,"7,063",+196,2.85,"262,000",2026/09/07
324,324,8053,住友商事(株),東証PRM,"1,871.5",+51.5,2.83,"9,825,900",2026/09/07
325,325,6223,(株)西部技研,東証STD,"1,972",+54,2.82,"63,400",2026/09/07
326,326,1438,(株)岐阜造園,東証STD,"2,347",+64,2.8,800,2026/09/07
327,327,9104,(株)商船三井,東証PRM,"7,164",+195,2.8,"3,357,500",2026/09/07
328,328,175A,(株)Ｗｉｌｌ　Ｓｍａｒｔ,東証GRT,664,+18,2.79,"143,200",2026/09/07
329,329,7093,アディッシュ(株),東証GRT,592,+16,2.78,"3,100",2026/09/07
330,330,5729,日本精鉱(株),東証STD,"1,781",+48,2.77,"17,700",2026/09/07
331,331,4241,(株)アテクト,東証STD,670,+18,2.76,"10,200",2026/09/07
332,332,8001,伊藤忠商事(株),東証PRM,"2,264.5",+60.5,2.75,"17,935,700",2026/09/07
333,333,464A,(株)ＱＰＳホールディングス,東証GRT,"1,763",+47,2.74,"1,037,400",2026/09/07
334,334,4966,上村工業(株),東証STD,"19,970",+530,2.73,"45,900",2026/09/07
335,335,5029,サークレイス(株),東証GRT,942,+25,2.73,"43,900",2026/09/07
336,336,6176,(株)ブランジスタ,東証STD,"1,168",+31,2.73,"1,047,300",2026/09/07
337,337,6771,池上通信機(株),東証STD,678,+18,2.73,"8,300",2026/09/07
338,338,6867,リーダー電子(株),東証STD,414,+11,2.73,"50,600",2026/09/07
339,339,277A,グロービング(株),東証PRM,"1,901",+50,2.7,"156,200",2026/09/07
340,340,2978,(株)ツクルバ,東証GRT,342,+9,2.7,"3,500",2026/09/07
341,341,6832,アオイ電子(株),東証STD,"2,400",+63,2.7,"20,800",2026/09/07
342,342,9229,(株)サンウェルズ,東証PRM,114,+3,2.7,"116,600",2026/09/07
343,343,4827,ビジネス・ワンホールディングス(株),福岡Q,877,+23,2.69,200,2026/09/07
344,344,6736,サン電子(株),東証STD,"9,160",+240,2.69,"25,000",2026/09/07
345,345,5186,ニッタ(株),東証PRM,"6,900",+180,2.68,"55,000",2026/09/07
346,346,6433,ヒーハイスト(株),東証STD,"1,110",+29,2.68,"61,000",2026/09/07
347,347,9556,ＩＮＴＬＯＯＰ(株),東証GRT,"2,416",+63,2.68,"70,700",2026/09/07
348,348,6383,(株)ダイフク,東証PRM,"5,812",+151,2.67,"1,586,700",2026/09/07
349,349,6651,日東工業(株),東証PRM,"4,415",+115,2.67,"94,000",2026/09/07
350,350,6858,(株)小野測器,東証STD,846,+22,2.67,"85,600",2026/09/07
351,351,7131,のむら産業(株),東証STD,"3,850",+100,2.67,"3,200",2026/09/07
352,352,9564,(株)ＦＣＥ,東証STD,576,+15,2.67,"75,300",2026/09/07
353,353,3436,(株)ＳＵＭＣＯ,東証PRM,"3,315",+86,2.66,"11,276,600",2026/09/07
354,354,7500,西川計測(株),東証STD,"10,020",+260,2.66,700,2026/09/07
355,355,4427,(株)ＥｄｕＬａｂ,東証GRT,232,+6,2.65,"28,200",2026/09/07
356,356,6965,浜松ホトニクス(株),東証PRM,"2,359.5",+61,2.65,"1,822,600",2026/09/07
357,357,7035,ａｎｄ　ｆａｃｔｏｒｙ(株),東証STD,233,+6,2.64,"71,600",2026/09/07
358,358,3917,(株)アイリッジ,東証GRT,468,+12,2.63,"28,300",2026/09/07
359,359,6490,(株)ＰＩＬＬＡＲ,東証PRM,"9,830",+250,2.61,"71,600",2026/09/07
360,360,6503,三菱電機(株),東証PRM,"5,385",+137,2.61,"5,665,500",2026/09/07
361,361,6627,(株)テラプローブ,東証STD,"11,380",+290,2.61,"97,000",2026/09/07
362,362,5246,(株)ＥＬＥＭＥＮＴＳ,東証GRT,829,+21,2.6,"501,200",2026/09/07
363,363,478A,(株)フツパー,東証GRT,832,+21,2.59,"100,400",2026/09/07
364,364,3399,(株)丸千代山岡家,東証STD,"4,170",+105,2.58,"101,300",2026/09/07
365,365,6277,ホソカワミクロン(株),東証PRM,"5,560",+140,2.58,"24,800",2026/09/07
366,366,2737,(株)トーメンデバイス,東証PRM,"33,900",+850,2.57,"84,600",2026/09/07
367,367,4187,大阪有機化学工業(株),東証PRM,"4,390",+110,2.57,"75,800",2026/09/07
368,368,5384,(株)フジミインコーポレーテッド,東証PRM,"3,410",+85,2.56,"266,500",2026/09/07
369,369,6616,トレックス・セミコンダクター(株),東証PRM,"1,960",+49,2.56,"63,800",2026/09/07
370,370,5805,ＳＷＣＣ(株),東証PRM,"14,090",+350,2.55,"208,500",2026/09/07
371,371,2998,クリアル(株),東証GRT,566,+14,2.54,"85,200",2026/09/07
372,372,6481,ＴＨＫ(株),東証PRM,"6,508",+160,2.52,"659,000",2026/09/07
373,373,6323,ローツェ(株),東証PRM,"3,844",+94,2.51,"1,159,600",2026/09/07
374,374,6762,ＴＤＫ(株),東証PRM,"2,980.5",+73,2.51,"9,053,500",2026/09/07
375,375,2780,(株)コメ兵ホールディングス,東証STD,"4,920",+120,2.5,"99,900",2026/09/07
376,376,7240,ＮＯＫ(株),東証PRM,"3,078",+75,2.5,"305,800",2026/09/07
377,377,4888,ステラファーマ(株),東証GRT,370,+9,2.49,"217,000",2026/09/07
378,378,6864,(株)エヌエフホールディングス,東証STD,"1,606",+39,2.49,"74,800",2026/09/07
379,379,5590,(株)ネットスターズ,東証GRT,743,+18,2.48,"148,800",2026/09/07
380,380,4565,ネクセラファーマ(株),東証PRM,"1,168",+28,2.46,"1,606,700",2026/09/07
381,381,1968,太平電業(株),東証PRM,"2,551",+61,2.45,"149,600",2026/09/07
382,382,4186,東京応化工業(株),東証PRM,"8,479",+203,2.45,"522,100",2026/09/07
383,383,1885,東亜建設工業(株),東証PRM,"2,138",+51,2.44,"527,900",2026/09/07
384,384,6228,(株)ジェイ・イー・ティ,東証STD,545,+13,2.44,"38,500",2026/09/07
385,385,6524,湖北工業(株),東証STD,"4,825",+115,2.44,"155,800",2026/09/07
386,386,8769,(株)アドバンテッジリスクマネジメント,東証STD,504,+12,2.44,"39,000",2026/09/07
387,387,9854,愛眼(株),東証STD,294,+7,2.44,"135,900",2026/09/07
388,388,6905,コーセル(株),東証PRM,"1,351",+32,2.43,"111,500",2026/09/07
389,389,4026,神島化学工業(株),東証STD,"1,700",+40,2.41,"61,700",2026/09/07
390,390,6629,テクノホライゾン(株),東証STD,"1,018",+24,2.41,"180,700",2026/09/07
391,391,3375,(株)ＺＯＡ,東証STD,"1,790",+42,2.4,400,2026/09/07
392,392,4422,ＶＡＬＵＥＮＥＸ(株),東証GRT,598,+14,2.4,"78,800",2026/09/07
393,393,6302,住友重機械工業(株),東証PRM,"5,970",+140,2.4,"758,700",2026/09/07
394,394,6694,(株)ズーム,東証STD,768,+18,2.4,"17,100",2026/09/07
395,395,8045,横浜丸魚(株),東証STD,"2,099",+49,2.39,"2,300",2026/09/07
396,396,6941,山一電機(株),東証PRM,"7,730",+180,2.38,"190,600",2026/09/07
397,397,2342,(株)トランスジェニックグループ,東証STD,260,+6,2.36,"159,900",2026/09/07
398,398,5233,太平洋セメント(株),東証PRM,"4,213",+97,2.36,"442,500",2026/09/07
399,399,7721,東京計器(株),東証PRM,"7,370",+170,2.36,"191,100",2026/09/07
400,400,5724,(株)アサカ理研,東証STD,"3,265",+75,2.35,"146,400",2026/09/07
401,401,6356,日本ギア工業(株),東証STD,"1,348",+31,2.35,"130,200",2026/09/07
402,402,6866,ＨＩＯＫＩ(株),東証PRM,"10,440",+240,2.35,"29,900",2026/09/07
403,403,6677,(株)エスケーエレクトロニクス,東証STD,"3,275",+75,2.34,"104,700",2026/09/07
404,404,2858,GX 日経225 カバード・コール (プレミアム再投資型),東証ETF,"1,535",+35,2.33,"2,298",2026/09/07
405,405,413A,iFreeETF キャセイ台湾テックリーダー指数,東証ETF,"3,950",+90,2.33,"2,558",2026/09/07
406,406,8343,(株)秋田銀行,東証PRM,"9,240",+210,2.33,"194,600",2026/09/07
407,407,1934,(株)ユアテック,東証PRM,"2,650",+60,2.32,"150,400",2026/09/07
408,408,6584,三桜工業(株),東証PRM,793,+18,2.32,"417,100",2026/09/07
409,409,6656,インスペック(株),東証STD,841,+19,2.31,"45,500",2026/09/07
410,410,7726,黒田精工(株),東証STD,"1,420",+32,2.31,"10,500",2026/09/07
411,411,4417,グローバルセキュリティエキスパート(株),東証GRT,"4,440",+100,2.3,"28,800",2026/09/07
412,412,4576,(株)デ・ウエスタン・セラピテクス研究所,東証GRT,89,+2,2.3,"311,100",2026/09/07
413,413,5302,日本カーボン(株),東証PRM,"5,110",+115,2.3,"43,900",2026/09/07
414,414,137A,Ｃｏｃｏｌｉｖｅ(株),東証GRT,716,+16,2.29,"2,900",2026/09/07
415,415,1850,南海辰村建設(株),東証STD,446,+10,2.29,"47,700",2026/09/07
416,416,5331,ノリタケ(株),東証PRM,"3,580",+80,2.29,"136,500",2026/09/07
417,417,7280,(株)ミツバ,東証PRM,"1,342",+30,2.29,"158,800",2026/09/07
418,418,2638,GX ロボティクス＆AI-日本株式,東証ETF,"2,688",+60,2.28,"30,167",2026/09/07
419,419,4092,日本化学工業(株),東証PRM,"5,380",+120,2.28,"80,800",2026/09/07
420,420,4238,ミライアル(株),東証STD,"1,888",+42,2.28,"107,600",2026/09/07
421,421,5038,(株)ｅＷｅＬＬ,東証GRT,"2,156",+48,2.28,"32,900",2026/09/07
422,422,6368,オルガノ(株),東証PRM,"13,030",+290,2.28,"161,100",2026/09/07
423,423,9236,ジャパンＭ＆Ａソリューション(株),東証GRT,"1,436",+32,2.28,"4,400",2026/09/07
424,424,3036,アルコニックス(株),東証PRM,"3,375",+75,2.27,"100,400",2026/09/07
425,425,3422,(株)Ｊ－ＭＡＸ,東証STD,631,+14,2.27,"37,000",2026/09/07
426,426,7946,(株)光陽社,名証MN,362,+8,2.26,"4,400",2026/09/07
427,427,9475,(株)昭文社ホールディングス,東証STD,543,+12,2.26,"4,800",2026/09/07
428,428,7600,(株)日本エム・ディ・エム,東証PRM,683,+15,2.25,"245,600",2026/09/07
429,429,8551,(株)北日本銀行,東証PRM,"8,180",+180,2.25,"55,800",2026/09/07
430,430,4182,三菱ガス化学(株),東証PRM,"3,933",+86,2.24,"1,518,000",2026/09/07
431,431,7012,川崎重工業(株),東証PRM,"2,488",+54.5,2.24,"11,246,700",2026/09/07
432,432,8127,ヤマト　インターナショナル(株),東証STD,547,+12,2.24,"30,000",2026/09/07
433,433,9439,(株)エム・エイチ・グループ,東証STD,228,+5,2.24,"4,100",2026/09/07
434,434,5994,(株)ファインシンター,東証STD,"1,055",+23,2.23,"11,400",2026/09/07
435,435,148A,(株)ハッチ・ワーク,東証GRT,"1,706",+37,2.22,"1,100",2026/09/07
436,436,4390,(株)アイ・ピー・エス,東証PRM,"4,150",+90,2.22,"35,000",2026/09/07
437,437,3936,(株)グローバルウェイ,東証GRT,140,+3,2.19,"201,700",2026/09/07
438,438,549A,ヒトトヒトホールディングス(株),東証STD,516,+11,2.18,"15,600",2026/09/07
439,439,6338,(株)タカトリ,東証STD,"1,685",+36,2.18,"11,300",2026/09/07
440,440,6526,(株)ソシオネクスト,東証PRM,"1,996.5",+42.5,2.18,"4,571,200",2026/09/07
441,441,7236,(株)ティラド,東証PRM,"1,544",+33,2.18,"253,900",2026/09/07
442,442,8541,(株)愛媛銀行,東証PRM,"3,280",+70,2.18,"176,400",2026/09/07
443,443,6254,野村マイクロ・サイエンス(株),東証PRM,"3,530",+75,2.17,"379,100",2026/09/07
444,444,6504,富士電機(株),東証PRM,"13,395",+285,2.17,"498,500",2026/09/07
445,445,4046,(株)大阪ソーダ,東証PRM,"2,038",+43,2.16,"249,200",2026/09/07
446,446,4274,細谷火工(株),東証STD,"1,090",+23,2.16,"22,200",2026/09/07
447,447,6273,ＳＭＣ(株),東証PRM,"68,590","+1,450",2.16,"212,800",2026/09/07
448,448,1330,上場インデックスファンド225,東証ETF,"68,800","+1,450",2.15,"14,421",2026/09/07
449,449,4229,群栄化学工業(株),東証PRM,"4,285",+90,2.15,"31,200",2026/09/07
450,450,4368,扶桑化学工業(株),東証PRM,"2,945",+62,2.15,"643,400",2026/09/07
451,451,6113,(株)アマダ,東証PRM,"2,562.5",+54,2.15,"1,472,800",2026/09/07
452,452,7745,(株)Ａ＆Ｄホロンホールディングス,東証PRM,"2,898",+61,2.15,"44,900",2026/09/07
453,453,9562,ビジネスコーチ(株),東証GRT,664,+14,2.15,"17,000",2026/09/07
454,454,1627,(NEXT FUNDS)電力･ガス上場投信,東証ETF,"12,870",+270,2.14,"8,603",2026/09/07
455,455,6072,地盤ネットホールディングス(株),東証STD,"1,052",+22,2.14,"356,900",2026/09/07
456,456,3433,トーカロ(株),東証PRM,"2,782",+58,2.13,"143,400",2026/09/07
457,457,1625,(NEXT FUNDS)電機･精密上場投信,東証ETF,"64,520","+1,340",2.12,668,2026/09/07
458,458,2160,(株)ジーエヌアイグループ,東証GRT,"2,933",+61,2.12,"881,200",2026/09/07
459,459,5010,日本精蝋(株),東証STD,289,+6,2.12,"111,700",2026/09/07
460,460,6101,(株)ツガミ,東証PRM,"5,290",+110,2.12,"176,200",2026/09/07
461,461,1930,北陸電気工事(株),東証PRM,"1,600",+33,2.11,"82,200",2026/09/07
462,462,2637,GX クリーンテック-日本株式,東証ETF,"2,661",+55,2.11,"3,161",2026/09/07
463,463,5446,北越メタル(株),東証STD,"1,115",+23,2.11,"8,000",2026/09/07
464,464,1329,iシェアーズ・コア 日経225ETF,東証ETF,"6,870",+141,2.1,"380,975",2026/09/07
465,465,6772,東京コスモス電機(株),東証STD,"1,070",+22,2.1,"3,700",2026/09/07
466,466,7218,田中精密工業(株),東証STD,"1,165",+24,2.1,"9,300",2026/09/07
467,467,6147,(株)ヤマザキ,福証,196,+4,2.08,"1,500",2026/09/07
468,468,9539,京葉瓦斯(株),東証STD,"1,372",+28,2.08,"3,400",2026/09/07
469,469,4882,(株)ペルセウスプロテオミクス,東証GRT,148,+3,2.07,"130,400",2026/09/07
470,470,7725,(株)インターアクション,東証PRM,"1,776",+36,2.07,"63,500",2026/09/07
471,471,7983,(株)ミロク,東証STD,"1,231",+25,2.07,"4,500",2026/09/07
472,472,1320,iFreeETF 日経225(年1回決算型),東証ETF,"68,480","+1,380",2.06,"23,381",2026/09/07
473,473,1434,ＪＥＳＣＯホールディングス(株),東証STD,"1,633",+33,2.06,"41,700",2026/09/07
474,474,4172,Ｈｉクラテス(株),東証STD,"2,325",+47,2.06,"2,100",2026/09/07
475,475,6037,楽待(株),東証STD,"1,090",+22,2.06,"67,000",2026/09/07
476,476,6224,(株)ＪＲＣ,東証GRT,"1,237",+25,2.06,"39,200",2026/09/07
477,477,2678,アスクル(株),東証PRM,"1,296",+26,2.05,"337,800",2026/09/07
478,478,4366,ダイトーケミックス(株),東証STD,449,+9,2.05,"83,800",2026/09/07
479,479,4978,(株)リプロセル,東証GRT,149,+3,2.05,"614,200",2026/09/07
480,480,8345,(株)岩手銀行,東証PRM,"2,591",+52,2.05,"326,100",2026/09/07
481,481,1699,(NEXT FUNDS)NOMURA原油インデックス上場,東証ETF,664.7,+13.3,2.04,"210,880",2026/09/07
482,482,2901,(株)ウェルディッシュ,東証STD,150,+3,2.04,"65,000",2026/09/07
483,483,4203,住友ベークライト(株),東証PRM,"7,200",+144,2.04,"514,700",2026/09/07
484,484,6807,日本航空電子工業(株),東証PRM,"2,500",+50,2.04,"170,900",2026/09/07
485,485,7245,大同メタル工業(株),東証PRM,"1,202",+24,2.04,"316,900",2026/09/07
486,486,7682,(株)浜木綿,東証STD,"4,000",+80,2.04,"2,100",2026/09/07
487,487,7790,(株)バルコス,名証NXT,"1,098",+22,2.04,100,2026/09/07
488,488,9362,兵機海運(株),東証STD,"3,755",+75,2.04,"2,200",2026/09/07
489,489,1321,(NEXT FUNDS)日経225連動型上場投信,東証ETF,"68,700","+1,370",2.03,"306,410",2026/09/07
490,490,1963,日揮ホールディングス(株),東証PRM,"2,391.5",+47.5,2.03,"1,517,900",2026/09/07
491,491,5411,ＪＦＥホールディングス(株),東証PRM,"1,872",+37,2.02,"4,588,800",2026/09/07
492,492,6850,(株)チノー,東証PRM,"1,714",+34,2.02,"23,500",2026/09/07
493,493,1429,(株)日本アクア,東証PRM,814,+16,2.01,"95,700",2026/09/07
494,494,369A,(株)エータイ,東証GRT,"2,637",+52,2.01,"14,400",2026/09/07
495,495,6742,(株)京三製作所,東証PRM,"1,014",+20,2.01,"116,100",2026/09/07
496,496,7888,三光合成(株),東証PRM,914,+18,2.01,"117,800",2026/09/07
497,497,7995,(株)バルカー,東証PRM,"6,600",+130,2.01,"48,500",2026/09/07
498,498,7011,三菱重工業(株),東証PRM,"3,829",+75,2.0,"10,848,500",2026/09/07
499,499,8783,ａｂｃ(株),東証STD,51,+1,2.0,"595,800",2026/09/07
500,500,2175,(株)エス・エム・エス,東証PRM,"2,568",+50,1.99,"614,500",2026/09/07
501,501,264A,(株)Ｓｃｈｏｏ,東証GRT,308,+6,1.99,"32,900",2026/09/07
502,502,473A,ニッセイ ETF 日経225インデックス,東証ETF,"1,331",+26,1.99,"4,312",2026/09/07
503,503,6506,(株)安川電機,東証PRM,"4,661",+91,1.99,"3,087,300",2026/09/07
504,504,6962,(株)大真空,東証PRM,767,+15,1.99,"160,300",2026/09/07
505,505,7434,(株)オータケ,東証STD,"1,846",+36,1.99,700,2026/09/07
506,506,6351,(株)鶴見製作所,東証PRM,"2,633",+51,1.98,"55,400",2026/09/07
507,507,6464,(株)ツバキ・ナカシマ,東証PRM,360,+7,1.98,"441,200",2026/09/07
508,508,157A,グリーンモンスター(株),東証GRT,777,+15,1.97,"10,000",2026/09/07
509,509,5019,出光興産(株),東証PRM,"1,499",+29,1.97,"3,545,700",2026/09/07
510,510,5105,ＴＯＹＯ　ＴＩＲＥ(株),東証PRM,"3,722",+72,1.97,"1,086,400",2026/09/07
511,511,7115,(株)アルファパーチェス,東証STD,"1,498",+29,1.97,"6,100",2026/09/07
512,512,7383,(株)ネットプロテクションズホールディングス,東証PRM,415,+8,1.97,"595,600",2026/09/07
513,513,8392,(株)大分銀行,東証PRM,"3,050",+59,1.97,"154,500",2026/09/07
514,514,1803,清水建設(株),東証PRM,"2,417",+46.5,1.96,"2,472,500",2026/09/07
515,515,4594,ブライトパス・バイオ(株),東証GRT,52,+1,1.96,"419,000",2026/09/07
516,516,8152,ソマール(株),東証STD,"7,280",+140,1.96,"2,200",2026/09/07
517,517,1944,(株)きんでん,東証PRM,"7,184",+137,1.94,"669,700",2026/09/07
518,518,262A,(株)インターメスティック,東証PRM,"1,788",+34,1.94,"377,100",2026/09/07
519,519,4416,(株)Ｔｒｕｅ　Ｄａｔａ,東証GRT,421,+8,1.94,"5,400",2026/09/07
520,520,7734,理研計器(株),東証PRM,"3,415",+65,1.94,"49,400",2026/09/07
521,521,9687,(株)ＫＳＫ,東証STD,"4,730",+90,1.94,400,2026/09/07
522,522,1369,One ETF 日経225,東証ETF,"66,640","+1,260",1.93,"8,747",2026/09/07
523,523,1397,SMDAM 日経225上場投信,東証ETF,"67,050","+1,270",1.93,366,2026/09/07
524,524,1578,上場インデックスファンド日経225(ミニ),東証ETF,"5,291",+100,1.93,"3,536",2026/09/07
525,525,1681,上場インデックスファンド海外新興国株式,東証ETF,"3,440",+65,1.93,"2,466",2026/09/07
526,526,5870,(株)ナルネットコミュニケーションズ,東証GRT,898,+17,1.93,"7,400",2026/09/07
527,527,6166,(株)中村超硬,東証GRT,685,+13,1.93,"151,300",2026/09/07
528,528,1942,(株)関電工,東証PRM,"5,738",+108,1.92,"658,300",2026/09/07
529,529,6768,(株)タムラ製作所,東証PRM,796,+15,1.92,"949,800",2026/09/07
530,530,7435,(株)ナ・デックス,東証STD,"1,330",+25,1.92,"14,500",2026/09/07
531,531,2264,森永乳業(株),東証PRM,"1,121",+21,1.91,"2,337,300",2026/09/07
532,532,6856,(株)堀場製作所,東証PRM,"22,980",+430,1.91,"202,300",2026/09/07
533,533,9219,(株)ギックス,東証GRT,908,+17,1.91,"12,900",2026/09/07
534,534,4341,西菱電機(株),東証STD,912,+17,1.9,600,2026/09/07
535,535,4891,(株)ティムス,東証GRT,107,+2,1.9,"99,100",2026/09/07
536,536,5214,日本電気硝子(株),東証PRM,"4,826",+90,1.9,"547,100",2026/09/07
537,537,1346,MAXIS 日経225上場投信,東証ETF,"68,660","+1,260",1.87,"16,072",2026/09/07
538,538,3416,ピクスタ(株),東証STD,924,+17,1.87,800,2026/09/07
539,539,4109,ステラ　ケミファ(株),東証PRM,"5,460",+100,1.87,"41,600",2026/09/07
540,540,8917,ファースト住建(株),東証STD,"1,143",+21,1.87,"597,200",2026/09/07
541,541,9511,沖縄電力(株),東証PRM,"1,201",+22,1.87,"283,800",2026/09/07
542,542,1618,(NEXT FUNDS)エネルギー資源上場投信,東証ETF,"35,860",+650,1.85,"1,016",2026/09/07
543,543,5851,リョービ(株),東証PRM,"2,802",+51,1.85,"119,500",2026/09/07
544,544,6255,(株)エヌ・ピー・シー,東証GRT,660,+12,1.85,"118,200",2026/09/07
545,545,8554,(株)南日本銀行,福証,"1,483",+27,1.85,"3,100",2026/09/07
546,546,6363,(株)酉島製作所,東証PRM,"3,045",+55,1.84,"159,900",2026/09/07
547,547,2375,ギグワークス(株),東証STD,223,+4,1.83,"60,000",2026/09/07
548,548,3105,日清紡ホールディングス(株),東証PRM,"2,280",+41,1.83,"735,900",2026/09/07
549,549,534A,NZAM 上場投信 NASDAQ100(H無),東証ETF,"2,391",+43,1.83,14,2026/09/07
550,550,5695,パウダーテック(株),東証STD,"3,005",+54,1.83,300,2026/09/07
551,551,8344,(株)山形銀行,東証PRM,"4,720",+85,1.83,"148,400",2026/09/07
552,552,2325,(株)ＮＪＳ,東証PRM,"4,765",+85,1.82,"22,400",2026/09/07
553,553,4587,ペプチドリーム(株),東証PRM,"1,088.5",+19.5,1.82,"544,100",2026/09/07
554,554,4968,荒川化学工業(株),東証PRM,"2,178",+39,1.82,"174,800",2026/09/07
555,555,5016,ＪＸ金属(株),東証PRM,"3,685",+66,1.82,"24,968,600",2026/09/07
556,556,6597,ＨＰＣシステムズ(株),東証GRT,"3,630",+65,1.82,"62,200",2026/09/07
557,557,9127,玉井商船(株),東証STD,"3,370",+60,1.81,"3,500",2026/09/07
558,558,3104,富士紡ホールディングス(株),東証PRM,"3,390",+60,1.8,"88,600",2026/09/07
559,559,3110,日東紡,東証PRM,"3,115",+55,1.8,"4,934,300",2026/09/07
560,560,4973,日本高純度化学(株),東証PRM,"4,815",+85,1.8,"73,400",2026/09/07
561,561,6357,三精テクノロジーズ(株),東証STD,"2,708",+48,1.8,"43,700",2026/09/07
562,562,8058,三菱商事(株),東証PRM,"4,990",+88,1.8,"7,386,800",2026/09/07
563,563,1514,住石ホールディングス(株),東証STD,684,+12,1.79,"336,400",2026/09/07
564,564,1624,(NEXT FUNDS)機械上場投信,東証ETF,"84,000","+1,480",1.79,151,2026/09/07
565,565,162A,AIセレクトメガトレンド日本株(ネットリターン)ETN,東証ETF,"17,050",+300,1.79,52,2026/09/07
566,566,296A,令和アカウンティング・ホールディングス(株),東証GRT,"1,140",+20,1.79,"65,100",2026/09/07
567,567,6332,月島ホールディングス(株),東証PRM,"2,838",+50,1.79,"123,700",2026/09/07
568,568,3175,(株)エー・ピーホールディングス,東証STD,973,+17,1.78,"48,700",2026/09/07
569,569,7810,(株)クロスフォー,東証STD,172,+3,1.78,"345,600",2026/09/07
570,570,4008,住友精化(株),東証PRM,"1,491",+26,1.77,"182,300",2026/09/07
571,571,6141,ＤＭＧ森精機(株),東証PRM,"2,928.5",+51,1.77,"1,317,200",2026/09/07
572,572,8365,(株)富山銀行,東証STD,"2,410",+42,1.77,"6,000",2026/09/07
573,573,5121,藤倉コンポジット(株),東証PRM,"2,715",+47,1.76,"47,500",2026/09/07
574,574,8996,(株)ハウスフリーダム,東証STD,"1,099",+19,1.76,"1,400",2026/09/07
575,575,1939,(株)四電工,東証PRM,"2,332",+40,1.75,"109,400",2026/09/07
576,576,1950,日本電設工業(株),東証PRM,"4,065",+70,1.75,"124,500",2026/09/07
577,577,261A,(株)日水コン,東証STD,"2,037",+35,1.75,"36,500",2026/09/07
578,578,5020,ＥＮＥＯＳホールディングス(株),東証PRM,"1,369",+23.5,1.75,"5,671,600",2026/09/07
579,579,5582,(株)グリッド,東証GRT,"2,147",+37,1.75,"62,000",2026/09/07
580,580,6817,スミダコーポレーション(株),東証PRM,"1,223",+21,1.75,"153,400",2026/09/07
581,581,6248,(株)横田製作所,東証STD,"1,750",+30,1.74,500,2026/09/07
582,582,5244,(株)ｊｉｇ．ｊｐ,東証GRT,176,+3,1.73,"138,800",2026/09/07
583,583,166A,(株)タスキホールディングス,東証PRM,"1,123",+19,1.72,"292,100",2026/09/07
584,584,3435,サンコーテクノ(株),東証STD,"1,535",+26,1.72,"8,800",2026/09/07
585,585,4586,(株)メドレックス,東証GRT,59,+1,1.72,"493,900",2026/09/07
586,586,5406,(株)神戸製鋼所,東証PRM,"2,064.5",+35,1.72,"1,454,800",2026/09/07
587,587,9412,スカパーＪＳＡＴ(株),東証PRM,"2,068",+35,1.72,"1,471,200",2026/09/07
588,588,1629,(NEXT FUNDS)商社･卸売上場投信,東証ETF,280.2,+4.7,1.71,"1,240,620",2026/09/07
589,589,6149,(株)小田原エンジニアリング,東証STD,"2,256",+38,1.71,"11,400",2026/09/07
590,590,6340,澁谷工業(株),東証PRM,"5,350",+90,1.71,"40,400",2026/09/07
591,591,9502,中部電力(株),東証PRM,"2,976",+50,1.71,"2,105,900",2026/09/07
592,592,9969,(株)ショクブン,東証STD,238,+4,1.71,"8,300",2026/09/07
593,593,2624,iFreeETF 日経225(年4回決算型),東証ETF,"6,657",+111,1.7,"6,758",2026/09/07
594,594,6966,(株)三井ハイテック,東証PRM,955,+16,1.7,"1,345,100",2026/09/07
595,595,9376,(株)ユーラシア旅行社,東証STD,839,+14,1.7,"2,900",2026/09/07
596,596,9553,(株)マイクロアド,東証GRT,598,+10,1.7,"46,000",2026/09/07
597,597,1449,(株)ＦＵＪＩジャパン,札証,300,+5,1.69,300,2026/09/07
598,598,404A,GX チャイナテック・トップ10,東証ETF,"1,264",+21,1.69,"1,943",2026/09/07
599,599,5332,ＴＯＴＯ(株),東証PRM,"6,007",+100,1.69,"876,700",2026/09/07
600,600,6058,(株)ベクトル,東証PRM,"2,055",+34,1.68,"600,300",2026/09/07
601,601,9068,丸全昭和運輸(株),東証PRM,"7,260",+120,1.68,"19,100",2026/09/07
602,602,224A,GX ウラニウムビジネス,東証ETF,"1,645",+27,1.67,"6,293",2026/09/07
603,603,6486,イーグル工業(株),東証PRM,"3,045",+50,1.67,"129,300",2026/09/07
604,604,1671,WTI原油価格連動型上場投信,東証ETF,"5,689",+93,1.66,"160,444",2026/09/07
605,605,3370,(株)フジタコーポレーション,東証STD,490,+8,1.66,"11,500",2026/09/07
606,606,3895,ハビックス(株),東証STD,489,+8,1.66,"27,300",2026/09/07
607,607,6292,(株)カワタ,東証STD,858,+14,1.66,"9,500",2026/09/07
608,608,1407,(株)ウエストホールディングス,東証STD,"2,402",+39,1.65,"318,000",2026/09/07
609,609,5269,日本コンクリート工業(株),東証PRM,370,+6,1.65,"103,300",2026/09/07
610,610,6474,(株)不二越,東証PRM,"5,560",+90,1.65,"57,800",2026/09/07
611,611,6877,ＯＢＡＲＡ　ＧＲＯＵＰ(株),東証STD,"5,560",+90,1.65,"24,200",2026/09/07
612,612,1573,中国H株ベア上場投信,東証ETF,"8,106",+130,1.63,360,2026/09/07
613,613,408A,iシェアーズ AI グローバル・イノベーション アクティブ,東証ETF,286.9,+4.6,1.63,"311,980",2026/09/07
614,614,6676,(株)バッファロー,東証STD,"3,120",+50,1.63,"42,100",2026/09/07
615,615,212A,フィットイージー(株),東証PRM,"2,944",+47,1.62,"84,300",2026/09/07
616,616,5698,(株)エンビプロ・ホールディングス,東証STD,751,+12,1.62,"91,400",2026/09/07
617,617,6033,(株)エクストリーム,東証GRT,"1,689",+27,1.62,"24,200",2026/09/07
618,618,6237,(株)イワキ,東証PRM,"4,070",+65,1.62,"41,400",2026/09/07
619,619,6728,(株)アルバック,東証PRM,"7,327",+117,1.62,"477,800",2026/09/07
620,620,9369,(株)キユーソー流通システム,東証STD,"3,005",+48,1.62,"30,300",2026/09/07
621,621,9501,東京電力ホールディングス(株),東証PRM,564,+9,1.62,"45,761,600",2026/09/07
622,622,4388,(株)エーアイ,東証STD,378,+6,1.61,"10,200",2026/09/07
623,623,4886,あすか製薬ホールディングス(株),東証PRM,"2,082",+33,1.61,"65,100",2026/09/07
624,624,6946,日本アビオニクス(株),東証STD,"6,300",+100,1.61,"179,400",2026/09/07
625,625,7976,三菱鉛筆(株),東証PRM,"3,160",+50,1.61,"69,000",2026/09/07
626,626,2525,NZAM 上場投信 日経225,東証ETF,"66,730","+1,050",1.6,834,2026/09/07
627,627,259A,(株)ケイ・ウノ,名証NXT,"1,900",+30,1.6,"3,000",2026/09/07
628,628,5820,(株)三ッ星,東証STD,828,+13,1.6,"23,300",2026/09/07
629,629,6444,サンデン(株),東証STD,190,+3,1.6,"81,900",2026/09/07
630,630,9755,応用地質(株),東証PRM,"2,853",+45,1.6,"66,900",2026/09/07
631,631,1623,(NEXT FUNDS)鉄鋼･非鉄上場投信,東証ETF,"64,630","+1,010",1.59,"2,146",2026/09/07
632,632,6836,ぷらっとホーム(株),東証STD,830,+13,1.59,"7,900",2026/09/07
633,633,7075,(株)ＱＬＳホールディングス,東証GRT,"1,024",+16,1.59,"23,900",2026/09/07
634,634,8031,三井物産(株),東証PRM,"5,099",+80,1.59,"5,278,500",2026/09/07
635,635,1812,鹿島,東証PRM,"5,016",+78,1.58,"1,166,800",2026/09/07
636,636,2760,東京エレクトロン　デバイス(株),東証PRM,"4,180",+65,1.58,"75,600",2026/09/07
637,637,2768,双日(株),東証PRM,"5,853",+91,1.58,"1,055,700",2026/09/07
638,638,2981,(株)ランディックス,東証GRT,"2,257",+35,1.58,"4,000",2026/09/07
639,639,7259,(株)アイシン,東証PRM,"2,285",+35.5,1.58,"1,496,000",2026/09/07
640,640,3494,(株)マリオン,東証STD,453,+7,1.57,"5,400",2026/09/07
641,641,1941,(株)中電工,東証PRM,"5,220",+80,1.56,"74,400",2026/09/07
642,642,218A,(株)Ｌｉｂｅｒａｗａｒｅ,東証GRT,"1,171",+18,1.56,"329,000",2026/09/07
643,643,3238,セントラル総合開発(株),東証STD,392,+6,1.55,"72,200",2026/09/07
644,644,5290,(株)ベルテクスコーポレーション,東証STD,"1,176",+18,1.55,"75,700",2026/09/07
645,645,8704,トレイダーズホールディングス(株),東証STD,"1,442",+22,1.55,"135,800",2026/09/07
646,646,6835,アライドテレシスホールディングス(株),東証STD,263,+4,1.54,"179,900",2026/09/07
647,647,6908,イリソ電子工業(株),東証PRM,"2,835",+43,1.54,"83,100",2026/09/07
648,648,7581,(株)サイゼリヤ,東証PRM,"7,270",+110,1.54,"468,600",2026/09/07
649,649,1946,(株)トーエネック,東証PRM,"2,260",+34,1.53,"161,600",2026/09/07
650,650,3559,(株)ピーバンドットコム,東証STD,465,+7,1.53,"1,200",2026/09/07
651,651,4124,大阪油化工業(株),東証STD,"2,983",+45,1.53,"1,000",2026/09/07
652,652,1828,田辺工業(株),東証STD,"2,534",+38,1.52,"9,300",2026/09/07
653,653,1972,三晃金属工業(株),東証STD,"1,335",+20,1.52,"60,600",2026/09/07
654,654,4346,(株)ＮＥＸＹＺ．Ｇｒｏｕｐ,東証STD,"1,069",+16,1.52,"167,500",2026/09/07
655,655,4970,東洋合成工業(株),東証STD,"10,680",+160,1.52,"32,600",2026/09/07
656,656,5741,(株)ＵＡＣＪ,東証PRM,"2,274",+34,1.52,"466,600",2026/09/07
657,657,256A,飛島ホールディングス(株),東証PRM,"2,214",+33,1.51,"387,500",2026/09/07
658,658,6861,(株)キーエンス,東証PRM,"78,890","+1,170",1.51,"489,600",2026/09/07
659,659,6393,油研工業(株),東証STD,"3,050",+45,1.5,"3,900",2026/09/07
660,660,9250,(株)ＧＲＣＳ,東証GRT,"1,014",+15,1.5,"1,700",2026/09/07
661,661,1599,iFreeETF JPX日経400,東証ETF,"38,060",+560,1.49,10,2026/09/07
662,662,1967,(株)ヤマト,東証STD,"2,111",+31,1.49,"9,900",2026/09/07
663,663,3443,川田テクノロジーズ(株),東証PRM,"1,360",+20,1.49,"216,200",2026/09/07
664,664,6644,大崎電気工業(株),東証PRM,"1,499",+22,1.49,"294,300",2026/09/07
665,665,1436,(株)グリーンエナジー＆カンパニー,東証GRT,"1,847",+27,1.48,"72,800",2026/09/07
666,666,6145,ＮＩＴＴＯＫＵ(株),東証STD,"2,468",+36,1.48,"97,700",2026/09/07
667,667,7966,リンテック(株),東証PRM,"5,480",+80,1.48,"865,700",2026/09/07
668,668,9533,東邦ガス(株),東証PRM,"1,265",+18.5,1.48,"573,700",2026/09/07
669,669,6090,ヒューマン・メタボローム・テクノロジーズ(株),東証STD,623,+9,1.47,"2,400",2026/09/07
670,670,7022,サノヤスホールディングス(株),東証STD,344,+5,1.47,"57,800",2026/09/07
671,671,9647,(株)協和コンサルタンツ,東証STD,"6,880",+100,1.47,100,2026/09/07
672,672,3463,いちごホテルリート投資法人,東証,"111,500","+1,600",1.46,"1,351",2026/09/07
673,673,9235,売れるネット広告社グループ(株),東証GRT,486,+7,1.46,"17,200",2026/09/07
674,674,9697,(株)カプコン,東証PRM,"4,310",+62,1.46,"6,250,400",2026/09/07
675,675,3803,イメージ情報開発(株),東証GRT,628,+9,1.45,"13,300",2026/09/07
676,676,5410,合同製鐵(株),東証PRM,"3,145",+45,1.45,"64,300",2026/09/07
677,677,8131,(株)ミツウロコグループホールディングス,東証STD,"2,455",+35,1.45,"37,600",2026/09/07
678,678,7072,(株)インティメート・マージャー,東証GRT,"1,129",+16,1.44,"2,300",2026/09/07
679,679,7224,新明和工業(株),東証PRM,"1,974",+28,1.44,"113,800",2026/09/07
680,680,7282,豊田合成(株),東証PRM,"5,480",+78,1.44,"520,500",2026/09/07
681,681,7815,東京ボード工業(株),東証STD,352,+5,1.44,"6,000",2026/09/07
682,682,8002,丸紅(株),東証PRM,"5,146",+73,1.44,"3,850,400",2026/09/07
683,683,9962,(株)ミスミグループ本社,東証PRM,"3,723",+53,1.44,"733,100",2026/09/07
684,684,1619,(NEXT FUNDS)建設･資材上場投信,東証ETF,"45,340",+640,1.43,364,2026/09/07
685,685,4055,ティアンドエスグループ(株),東証GRT,"1,699",+24,1.43,"37,300",2026/09/07
686,686,6135,(株)牧野フライス製作所,東証PRM,"15,600",+220,1.43,"83,200",2026/09/07
687,687,6334,明治機械(株),東証STD,498,+7,1.43,"1,600",2026/09/07
688,688,9636,(株)きんえい,東証STD,"4,245",+60,1.43,"3,200",2026/09/07
689,689,6016,(株)ジャパンエンジンコーポレーション,東証STD,"11,400",+160,1.42,"78,600",2026/09/07
690,690,7378,(株)アシロ,東証GRT,"1,575",+22,1.42,"13,600",2026/09/07
691,691,9324,安田倉庫(株),東証PRM,"2,569",+36,1.42,"66,700",2026/09/07
692,692,9991,ジェコス(株),東証PRM,"1,785",+25,1.42,"36,300",2026/09/07
693,693,1879,新日本建設(株),東証PRM,"2,305",+32,1.41,"142,700",2026/09/07
694,694,1959,(株)クラフティア,東証PRM,"8,209",+114,1.41,"143,100",2026/09/07
695,695,3553,共和レザー(株),東証STD,935,+13,1.41,"85,900",2026/09/07
696,696,4592,サンバイオ(株),東証GRT,938,+13,1.41,"547,300",2026/09/07
697,697,5201,ＡＧＣ(株),東証PRM,"5,670",+79,1.41,"753,400",2026/09/07
698,698,6247,(株)日阪製作所,東証PRM,"1,724",+24,1.41,"53,700",2026/09/07
699,699,6634,(株)ＪＮグループ,東証STD,72,+1,1.41,"91,800",2026/09/07
700,700,7898,(株)ウッドワン,東証STD,937,+13,1.41,"3,700",2026/09/07
701,701,3075,(株)銚子丸,東証STD,"1,662",+23,1.4,"8,600",2026/09/07
702,702,3097,(株)物語コーポレーション,東証PRM,"5,790",+80,1.4,"182,000",2026/09/07
703,703,3878,(株)巴川コーポレーション,東証STD,868,+12,1.4,"25,000",2026/09/07
704,704,6103,オークマ(株),東証PRM,"4,695",+65,1.4,"480,900",2026/09/07
705,705,6776,天昇電気工業(株),東証STD,290,+4,1.4,"32,000",2026/09/07
706,706,6907,ジオマテック(株),東証STD,797,+11,1.4,"28,400",2026/09/07
707,707,2854,GX テック・トップ20-日本株式,東証ETF,"2,770",+38,1.39,"55,213",2026/09/07
708,708,3135,(株)マーケットエンタープライズ,東証STD,"1,166",+16,1.39,"9,200",2026/09/07
709,709,6586,(株)マキタ,東証PRM,"5,320",+73,1.39,"422,400",2026/09/07
710,710,8360,(株)山梨中央銀行,東証PRM,"7,290",+100,1.39,"156,600",2026/09/07
711,711,4635,東京インキ(株),東証STD,"2,210",+30,1.38,"25,100",2026/09/07
712,712,9509,北海道電力(株),東証PRM,"1,140.5",+15.5,1.38,"2,450,800",2026/09/07
713,713,1799,第一建設工業(株),東証STD,"3,325",+45,1.37,"11,700",2026/09/07
714,714,5333,ＮＧＫ(株),東証PRM,"5,316",+72,1.37,"858,700",2026/09/07
715,715,5388,クニミネ工業(株),東証STD,"1,334",+18,1.37,"5,100",2026/09/07
716,716,3131,シンデン・ハイテックス(株),東証STD,"6,720",+90,1.36,"77,700",2026/09/07
717,717,4832,ＪＦＥシステムズ(株),東証STD,"1,934",+26,1.36,"34,700",2026/09/07
718,718,7875,竹田ｉＰホールディングス(株),東証STD,819,+11,1.36,"19,800",2026/09/07
719,719,1893,五洋建設(株),東証PRM,"1,465",+19.5,1.35,"1,744,400",2026/09/07
720,720,1899,(株)福田組,東証PRM,"4,505",+60,1.35,"40,000",2026/09/07
721,721,2643,(NEXTFUNDS) MSCIジャパンカントリー指数(セレクト),東証ETF,"4,363",+58,1.35,"3,015",2026/09/07
722,722,4216,旭有機材(株),東証PRM,"6,010",+80,1.35,"44,700",2026/09/07
723,723,5535,ミガロホールディングス(株),東証PRM,301,+4,1.35,"286,000",2026/09/07
724,724,6954,ファナック(株),東証PRM,"6,011",+80,1.35,"3,793,900",2026/09/07
725,725,7719,(株)東京衡機,東証STD,526,+7,1.35,"305,500",2026/09/07
726,726,9090,ＡＺ－ＣＯＭ丸和ホールディングス(株),東証PRM,898,+12,1.35,"406,600",2026/09/07
727,727,9506,東北電力(株),東証PRM,"1,386",+18.5,1.35,"5,099,000",2026/09/07
728,728,192A,インテグループ(株),東証GRT,"1,281",+17,1.34,"2,800",2026/09/07
729,729,346A,(NEXT FUNDS) S&P500 半導体・半導体製造装置35%,東証ETF,"4,930",+65,1.34,"5,600",2026/09/07
730,730,3623,ビリングシステム(株),東証GRT,"1,283",+17,1.34,"13,400",2026/09/07
731,731,6549,ディーエムソリューションズ(株),東証STD,"1,135",+15,1.34,"4,900",2026/09/07
732,732,7885,タカノ(株),東証STD,"1,137",+15,1.34,"11,400",2026/09/07
733,733,8566,リコーリース(株),東証PRM,"6,820",+90,1.34,"34,600",2026/09/07
734,734,2032,NEXT NOTES 香港ハンセン･ベアETN,東証ETF,"5,952",+78,1.33,10,2026/09/07
735,735,2664,(株)カワチ薬品,東証PRM,"3,805",+50,1.33,"76,500",2026/09/07
736,736,4847,(株)インテリジェント　ウェイブ,東証PRM,"1,373",+18,1.33,"62,500",2026/09/07
737,737,6466,(株)ＴＶＥ,東証STD,"3,810",+50,1.33,"14,800",2026/09/07
738,738,9914,(株)植松商会,名証MN,760,+10,1.33,100,2026/09/07
739,739,4028,石原産業(株),東証PRM,"3,075",+40,1.32,"120,500",2026/09/07
740,740,5216,(株)倉元製作所,東証STD,154,+2,1.32,"103,700",2026/09/07
741,741,6005,三浦工業(株),東証PRM,"3,223",+42,1.32,"193,000",2026/09/07
742,742,7162,アストマックス(株),東証STD,307,+4,1.32,"86,900",2026/09/07
743,743,7699,オムニ・プラス・システム,東証GRT外国,689,+9,1.32,400,2026/09/07
744,744,9211,(株)エフ・コード,東証GRT,"1,455",+19,1.32,"72,400",2026/09/07
745,745,2970,ＧＬＣ　ＧＲＯＵＰ(株),東証STD,"1,085",+14,1.31,"12,000",2026/09/07
746,746,3977,フュージョン(株),札幌ア,542,+7,1.31,400,2026/09/07
747,747,6136,ＯＳＧ,東証PRM,"3,647",+47,1.31,"167,600",2026/09/07
748,748,6137,小池酸素工業(株),東証STD,"1,550",+20,1.31,"37,700",2026/09/07
749,749,7912,大日本印刷(株),東証PRM,"3,096",+40,1.31,"1,118,800",2026/09/07
750,750,9534,北海道ガス(株),東証PRM,928,+12,1.31,"282,700",2026/09/07
751,751,4487,(株)スペースマーケット,東証GRT,233,+3,1.3,"4,300",2026/09/07
752,752,7128,ユニソルホールディングス(株),東証PRM,"2,809",+36,1.3,"97,300",2026/09/07
753,753,9075,福山通運(株),東証PRM,"6,230",+80,1.3,"69,100",2026/09/07
754,754,6217,津田駒工業(株),東証STD,786,+10,1.29,"85,200",2026/09/07
755,755,8931,和田興産(株),東証STD,"1,330",+17,1.29,"10,000",2026/09/07
756,756,2158,(株)ＦＲＯＮＴＥＯ,東証GRT,632,+8,1.28,"192,800",2026/09/07
757,757,2520,(NEXT FUNDS)新興国株式･MSCI EM･(H無),東証ETF,"2,377",+30,1.28,"14,869",2026/09/07
758,758,3106,クラボウ,東証PRM,"11,080",+140,1.28,"22,500",2026/09/07
759,759,6454,マックス(株),東証PRM,"1,904",+24,1.28,"313,700",2026/09/07
760,760,7624,(株)ＮａＩＴＯ,東証STD,158,+2,1.28,"18,400",2026/09/07
761,761,8151,(株)東陽テクニカ,東証PRM,"1,895",+24,1.28,"84,500",2026/09/07
762,762,8166,(株)タカキュー,東証STD,79,+1,1.28,"20,800",2026/09/07
763,763,2814,佐藤食品工業(株),東証STD,"4,000",+50,1.27,"6,300",2026/09/07
764,764,6229,(株)オーケーエム,東証STD,"1,520",+19,1.27,"6,300",2026/09/07
765,765,6284,日精エー・エス・ビー機械(株),東証PRM,"8,770",+110,1.27,"31,900",2026/09/07
766,766,7463,(株)アドヴァングループ,東証STD,956,+12,1.27,"41,200",2026/09/07
767,767,8558,(株)東和銀行,東証PRM,"1,520",+19,1.27,"133,700",2026/09/07
768,768,8747,豊トラスティ証券(株),東証STD,"2,228",+28,1.27,"8,300",2026/09/07
769,769,253A,(株)ＥＴＳグループ,東証STD,"1,047",+13,1.26,"14,800",2026/09/07
770,770,4392,ＦＩＧ(株),東証PRM,"1,048",+13,1.26,"1,720,300",2026/09/07
771,771,6912,菊水ホールディングス(株),東証STD,"2,578",+32,1.26,"10,400",2026/09/07
772,772,8789,フィンテック　グローバル(株),東証STD,161,+2,1.26,"970,100",2026/09/07
773,773,184A,(株)学びエイド,東証GRT,324,+4,1.25,900,2026/09/07
774,774,1929,日特建設(株),東証PRM,"1,213",+15,1.25,"100,700",2026/09/07
775,775,6365,(株)電業社機械製作所,東証STD,"5,690",+70,1.25,800,2026/09/07
776,776,7692,(株)アースインフィニティ,東証STD,81,+1,1.25,"483,000",2026/09/07
777,777,9635,武蔵野興業(株),東証STD,"2,592",+32,1.25,700,2026/09/07
778,778,3565,アセンテック(株),東証STD,490,+6,1.24,"197,900",2026/09/07
779,779,7173,(株)東京きらぼしフィナンシャルグループ,東証PRM,"1,715",+21,1.24,"864,200",2026/09/07
780,780,1938,日本リーテック(株),東証PRM,"2,559",+31,1.23,"53,400",2026/09/07
781,781,2249,iFreeETF S&P500ダブルインバース,東証ETF,"9,337",+113,1.23,216,2026/09/07
782,782,2323,(株)ｆｏｎｆｕｎ,東証STD,328,+4,1.23,"29,900",2026/09/07
783,783,4242,(株)タカギセイコー,東証STD,"1,804",+22,1.23,400,2026/09/07
784,784,4720,(株)城南進学研究社,東証STD,246,+3,1.23,"2,800",2026/09/07
785,785,5631,(株)日本製鋼所,東証PRM,"7,393",+90,1.23,"1,020,100",2026/09/07
786,786,7371,Ｚｅｎｋｅｎ(株),東証GRT,824,+10,1.23,"50,900",2026/09/07
787,787,7417,(株)南陽,東証STD,"1,888",+23,1.23,"2,600",2026/09/07
788,788,7578,(株)ニチリョク,東証STD,82,+1,1.23,"78,300",2026/09/07
789,789,3529,アツギ(株),東証STD,994,+12,1.22,"19,400",2026/09/07
790,790,5021,コスモエネルギーホールディングス(株),東証PRM,"4,400",+53,1.22,"421,900",2026/09/07
791,791,5616,(株)雨風太陽,東証GRT,665,+8,1.22,"2,600",2026/09/07
792,792,7856,萩原工業(株),東証PRM,"1,901",+23,1.22,"213,800",2026/09/07
793,793,7991,マミヤ・オーピー(株),東証STD,"1,077",+13,1.22,"8,000",2026/09/07
794,794,8398,(株)筑邦銀行,福証,"2,399",+29,1.22,400,2026/09/07
795,795,2687,(株)シー・ヴイ・エス・ベイエリア,東証STD,500,+6,1.21,"13,200",2026/09/07
796,796,6635,(株)大日光・エンジニアリング,東証STD,670,+8,1.21,"20,000",2026/09/07
797,797,7326,ＳＢＩインシュアランスグループ(株),東証GRT,"2,168",+26,1.21,"18,900",2026/09/07
798,798,8015,豊田通商(株),東証PRM,"7,680",+92,1.21,"1,683,100",2026/09/07
799,799,8524,(株)北洋銀行,東証PRM,"1,334",+16,1.21,"1,311,500",2026/09/07
800,800,8624,いちよし証券(株),東証PRM,"1,753",+21,1.21,"102,000",2026/09/07
801,801,2984,ヤマイチエステート(株),東証STD,759,+9,1.2,"5,100",2026/09/07
802,802,3113,(株)ＵＮＩＶＡ・Ｏａｋホールディングス,東証STD,84,+1,1.2,"127,800",2026/09/07
803,803,3598,山喜(株),東証STD,168,+2,1.2,"10,500",2026/09/07
804,804,3974,ＳＣＡＴ(株),東証STD,673,+8,1.2,"1,600",2026/09/07
805,805,609A,GX 総合商社&資源ビジネス-日本株式,東証ETF,"1,100",+13,1.2,"39,521",2026/09/07
806,806,9513,Ｊ－ＰＯＷＥＲ,東証PRM,"4,120",+49,1.2,"403,200",2026/09/07
807,807,294A,(NEXT FUNDS) MSCIジャパン気候変動指数(セレクト),東証ETF,"2,971",+35,1.19,66,2026/09/07
808,808,414A,(株)オーバーラップホールディングス,東証GRT,853,+10,1.19,"148,800",2026/09/07
809,809,7057,(株)エヌ・シー・エヌ,東証STD,934,+11,1.19,900,2026/09/07
810,810,7172,(株)ジャパンインベストメントアドバイザー,東証PRM,"2,131",+25,1.19,"129,500",2026/09/07
811,811,6177,ＡｐｐＢａｎｋ(株),東証GRT,86,+1,1.18,"484,500",2026/09/07
812,812,8088,岩谷産業(株),東証PRM,"2,149",+25,1.18,"687,800",2026/09/07
813,813,8550,(株)栃木銀行,東証PRM,"1,114",+13,1.18,"436,800",2026/09/07
814,814,2481,(株)タウンニュース社,東証STD,692,+8,1.17,"1,400",2026/09/07
815,815,3402,東レ(株),東証PRM,"1,259",+14.5,1.17,"4,237,200",2026/09/07
816,816,4507,塩野義製薬(株),東証PRM,"2,943",+34,1.17,"3,526,800",2026/09/07
817,817,6328,荏原実業(株),東証PRM,"2,415",+28,1.17,"98,100",2026/09/07
818,818,6645,オムロン(株),東証PRM,"6,290",+73,1.17,"810,500",2026/09/07
819,819,6971,京セラ(株),東証PRM,"3,544",+41,1.17,"2,685,100",2026/09/07
820,820,3302,帝国繊維(株),東証PRM,"3,065",+35,1.16,"40,800",2026/09/07
821,821,332A,ミーク(株),東証GRT,"1,138",+13,1.16,"66,000",2026/09/07
822,822,4259,(株)エクサウィザーズ,東証GRT,870,+10,1.16,"1,390,600",2026/09/07
823,823,575A,前澤ホールディングス(株),東証PRM,"1,925",+22,1.16,"52,500",2026/09/07
824,824,5900,(株)ダイケン,東証STD,870,+10,1.16,"3,600",2026/09/07
825,825,6923,スタンレー電気(株),東証PRM,"3,674",+42,1.16,"429,100",2026/09/07
826,826,7381,(株)ＣＣＩグループ,東証PRM,"1,305",+15,1.16,"243,000",2026/09/07
827,827,8032,日本紙パルプ商事(株),東証PRM,"1,226",+14,1.16,"169,300",2026/09/07
828,828,1658,iシェアーズ･コア MSCI 新興国株 ETF,東証ETF,"4,410",+50,1.15,"1,661",2026/09/07
829,829,2467,(株)ＶＬＣセキュリティ,名証NXT,177,+2,1.14,"7,900",2026/09/07
830,830,2654,(株)アスモ,東証STD,444,+5,1.14,"19,400",2026/09/07
831,831,3181,(株)買取王国,東証STD,"1,066",+12,1.14,"3,800",2026/09/07
832,832,341A,(株)トヨコー,東証GRT,"2,134",+24,1.14,"52,100",2026/09/07
833,833,4061,デンカ(株),東証PRM,"3,282",+37,1.14,"439,900",2026/09/07
834,834,7970,信越ポリマー(株),東証PRM,"2,224",+25,1.14,"95,400",2026/09/07
835,835,1964,中外炉工業(株),東証PRM,"4,010",+45,1.13,"14,800",2026/09/07
836,836,3028,(株)アルペン,東証PRM,"2,330",+26,1.13,"69,800",2026/09/07
837,837,4255,ＴＨＥＣＯＯ(株),東証GRT,"3,595",+40,1.13,"4,700",2026/09/07
838,838,9753,アイエックス・ナレッジ(株),東証STD,"1,427",+16,1.13,"3,300",2026/09/07
839,839,2735,(株)ワッツ,東証STD,724,+8,1.12,"56,000",2026/09/07
840,840,3479,(株)ＴＫＰ,東証GRT,"1,900",+21,1.12,"60,000",2026/09/07
841,841,5028,セカンドサイトアナリティカ(株),東証GRT,362,+4,1.12,"8,000",2026/09/07
842,842,6118,アイダエンジニアリング(株),東証PRM,"1,264",+14,1.12,"298,200",2026/09/07
843,843,9722,藤田観光(株),東証PRM,"2,897",+32,1.12,"270,500",2026/09/07
844,844,147A,(株)ソラコム,東証GRT,"1,006",+11,1.11,"105,800",2026/09/07
845,845,2173,(株)博展,東証GRT,728,+8,1.11,"10,300",2026/09/07
846,846,3477,フォーライフ(株),東証GRT,908,+10,1.11,"5,800",2026/09/07
847,847,4651,(株)サニックスホールディングス,東証STD,274,+3,1.11,"489,300",2026/09/07
848,848,6301,コマツ,東証PRM,"7,576",+83,1.11,"1,891,700",2026/09/07
849,849,7762,シチズン時計(株),東証PRM,"2,642",+29,1.11,"878,000",2026/09/07
850,850,1568,TOPIXブル2倍上場投信,東証ETF,"1,015",+11,1.1,"1,658,520",2026/09/07
851,851,513A,GX 防衛テック-日本株式,東証ETF,829,+9,1.1,"179,187",2026/09/07
852,852,9119,飯野海運(株),東証PRM,"1,752",+19,1.1,"202,000",2026/09/07
853,853,6158,(株)和井田製作所,東証STD,"1,031",+11,1.08,"2,900",2026/09/07
854,854,6648,(株)かわでん,東証STD,"1,679",+18,1.08,"32,800",2026/09/07
855,855,7819,粧美堂(株),東証STD,"1,026",+11,1.08,"27,400",2026/09/07
856,856,160A,(株)アズパートナーズ,東証STD,"1,976",+21,1.07,"3,700",2026/09/07
857,857,4196,(株)ネオマーケティング,東証STD,"2,180",+23,1.07,"20,700",2026/09/07
858,858,1801,大成建設(株),東証PRM,"12,825",+135,1.06,"456,800",2026/09/07
859,859,2043,NEXT NOTES STOXX アセアン好配当50(円、NR)ETN,東証ETF,"30,500",+320,1.06,8,2026/09/07
860,860,288A,ラクサス・テクノロジーズ(株),東証GRT,95,+1,1.06,"45,500",2026/09/07
861,861,3323,レカム(株),東証STD,95,+1,1.06,"467,700",2026/09/07
862,862,3358,Ｔｒａｉｌｈｅａｄ　Ｇｌｏｂａｌ　Ｈｏｌｄｉｎｇｓ(株),東証STD,95,+1,1.06,"58,900",2026/09/07
863,863,3910,(株)エムケイシステム,東証STD,286,+3,1.06,"1,800",2026/09/07
864,864,5125,(株)ファインズ,東証GRT,475,+5,1.06,"4,200",2026/09/07
865,865,546A,ＭＩＲＡＩＮＩホールディングス(株),東証PRM,"2,485",+26,1.06,"152,600",2026/09/07
866,866,5915,(株)駒井ハルテック,東証STD,"2,480",+26,1.06,"5,900",2026/09/07
867,867,6159,ミクロン精密(株),東証STD,"1,910",+20,1.06,"1,700",2026/09/07
868,868,7916,光村印刷(株),東証STD,"1,900",+20,1.06,100,2026/09/07
869,869,9158,(株)シーユーシー,東証GRT,766,+8,1.06,"18,000",2026/09/07
870,870,9346,(株)ココルポート,東証GRT,"1,900",+20,1.06,"10,300",2026/09/07
871,871,2876,(株)デルソーレ,東証STD,481,+5,1.05,"2,500",2026/09/07
872,872,462A,(株)ＦＵＮＤＩＮＮＯ,東証GRT,289,+3,1.05,"247,200",2026/09/07
873,873,5541,大平洋金属(株),東証PRM,"2,596",+27,1.05,"148,800",2026/09/07
874,874,9302,三井倉庫ホールディングス(株),東証PRM,"3,363",+35,1.05,"201,000",2026/09/07
875,875,1979,(株)大気社,東証PRM,"3,895",+40,1.04,"152,500",2026/09/07
876,876,5906,エムケー精工(株),東証STD,780,+8,1.04,"5,500",2026/09/07
877,877,6494,(株)ＮＦＫホールディングス,東証STD,97,+1,1.04,"103,900",2026/09/07
878,878,7538,(株)大水,東証STD,390,+4,1.04,"2,300",2026/09/07
879,879,8226,(株)理経,東証STD,390,+4,1.04,"95,300",2026/09/07
880,880,9982,タキヒヨー(株),東証STD,"2,614",+27,1.04,"1,900",2026/09/07
881,881,1691,WisdomTree ガソリン上場投信,東証ETF,"15,155",+155,1.03,17,2026/09/07
882,882,1847,(株)イチケン,東証STD,"3,445",+35,1.03,"10,700",2026/09/07
883,883,5714,ＤＯＷＡホールディングス(株),東証PRM,"9,349",+95,1.03,"341,800",2026/09/07
884,884,7722,国際計測器(株),東証STD,783,+8,1.03,"22,600",2026/09/07
885,885,2415,ヒューマンホールディングス(株),東証STD,"1,686",+17,1.02,"1,800",2026/09/07
886,886,605A,(NEXT FUNDS) 日本株政策フォーカス上場投信,東証ETF,199,+2,1.02,"35,370",2026/09/07
887,887,7640,(株)トップカルチャー,東証STD,198,+2,1.02,"73,500",2026/09/07
888,888,8393,(株)宮崎銀行,東証PRM,"2,678",+27,1.02,"226,100",2026/09/07
889,889,9360,鈴与シンワート(株),東証STD,"2,771",+28,1.02,"1,800",2026/09/07
890,890,4386,(株)ＳＩＧグループ,東証STD,901,+9,1.01,"4,600",2026/09/07
891,891,5243,ｎｏｔｅ(株),東証GRT,"3,000",+30,1.01,"265,600",2026/09/07
892,892,552A,MAXIS 米国AIインフラ株上場投信,東証ETF,"2,409",+24,1.01,"4,476",2026/09/07
893,893,7746,岡本硝子(株),東証STD,800,+8,1.01,"472,800",2026/09/07
894,894,2667,(株)イメージ　ワン,東証STD,101,+1,1.0,"110,100",2026/09/07
895,895,5463,丸一鋼管(株),東証PRM,"1,769",+17.5,1.0,"707,500",2026/09/07
896,896,5659,日本精線(株),東証PRM,"1,416",+14,1.0,"40,000",2026/09/07
897,897,6195,(株)ホープ,東証GRT,203,+2,1.0,"8,500",2026/09/07
898,898,7567,(株)栄電子,東証STD,608,+6,1.0,"9,300",2026/09/07
899,899,9505,北陸電力(株),東証PRM,"1,065",+10.5,1.0,"824,700",2026/09/07
900,900,2041,NEXT NOTES NYダウ･ベア･ドルヘッジ ETN,東証ETF,"1,942",+19,0.99,"5,989",2026/09/07
901,901,5599,Ｓ＆Ｊ(株),東証GRT,"1,021",+10,0.99,"8,400",2026/09/07
902,902,6036,ＫｅｅＰｅｒ技研(株),東証PRM,"3,570",+35,0.99,"244,700",2026/09/07
903,903,6844,新電元工業(株),東証PRM,"3,070",+30,0.99,"67,100",2026/09/07
904,904,7044,(株)ピアラ,東証STD,510,+5,0.99,"12,100",2026/09/07
905,905,7850,総合商研(株),東証STD,817,+8,0.99,"10,400",2026/09/07
906,906,7963,興研(株),東証STD,"1,844",+18,0.99,"1,200",2026/09/07
907,907,8359,(株)八十二長野銀行,東証PRM,"2,759",+27,0.99,"952,900",2026/09/07
908,908,189A,(株)Ｄ＆Ｍカンパニー,東証GRT,"1,026",+10,0.98,"1,200",2026/09/07
909,909,2245,(NEXT FUNDS) ブルームバーグ 独国債(7-10年)(H有),東証ETF,697.8,+6.8,0.98,10,2026/09/07
910,910,4571,ＮＡＮＯ　ホールディングス(株),東証GRT,103,+1,0.98,"160,100",2026/09/07
911,911,4619,日本特殊塗料(株),東証STD,"2,679",+26,0.98,"16,100",2026/09/07
912,912,6151,日東工器(株),東証PRM,"1,744",+17,0.98,"13,100",2026/09/07
913,913,7513,(株)コジマ,東証PRM,"1,441",+14,0.98,"204,500",2026/09/07
914,914,1690,WisdomTree WTI原油上場投信,東証ETF,"2,499",+24,0.97,"3,500",2026/09/07
915,915,4082,第一稀元素化学工業(株),東証PRM,"2,595",+25,0.97,"1,034,200",2026/09/07
916,916,4299,(株)ハイマックス,東証STD,"1,243",+12,0.97,"4,300",2026/09/07
917,917,461A,MAXIS 日本株高配当SMART50,東証ETF,"2,705",+26,0.97,"2,492",2026/09/07
918,918,6232,(株)ＡＣＳＬ,東証GRT,"1,464",+14,0.97,"925,600",2026/09/07
919,919,6458,新晃工業(株),東証PRM,"1,253",+12,0.97,"186,300",2026/09/07
920,920,6955,ＦＤＫ(株),東証STD,415,+4,0.97,"48,900",2026/09/07
921,921,9076,セイノーホールディングス(株),東証PRM,"2,718.5",+26,0.97,"349,800",2026/09/07
922,922,9257,ＹＣＰホールディングス（グローバル）,東証GRT外国,522,+5,0.97,500,2026/09/07
923,923,9258,(株)ＣＳ－Ｃ,東証GRT,311,+3,0.97,"2,500",2026/09/07
924,924,1827,(株)ナカノフドー建設,東証STD,"1,367",+13,0.96,"9,800",2026/09/07
925,925,3156,(株)レスター,東証PRM,"5,270",+50,0.96,"76,500",2026/09/07
926,926,4769,(株)ＩＣ,東証STD,"1,159",+11,0.96,800,2026/09/07
927,927,6371,(株)椿本チエイン,東証PRM,"2,729",+26,0.96,"112,700",2026/09/07
928,928,6663,太洋テクノレックス(株),東証STD,315,+3,0.96,"13,900",2026/09/07
929,929,6754,アンリツ(株),東証PRM,"3,251",+31,0.96,"867,000",2026/09/07
930,930,7917,ＺＡＣＲＯＳ(株),東証PRM,"1,264",+12,0.96,"69,300",2026/09/07
931,931,3504,(株)丸八ホールディングス,名証MN,"1,383",+13,0.95,"2,800",2026/09/07
932,932,5076,インフロニア・ホールディングス(株),東証PRM,"2,765",+26,0.95,"931,300",2026/09/07
933,933,7199,プレミアグループ(株),東証PRM,"2,133",+20,0.95,"154,500",2026/09/07
934,934,1720,東急建設(株),東証PRM,"1,181",+11,0.94,"180,500",2026/09/07
935,935,2345,(株)ＨＯＤＬ１,東証STD,107,+1,0.94,"56,400",2026/09/07
936,936,2848,GX MSCI 気候変動対応-日本株式,東証ETF,"3,098",+29,0.94,18,2026/09/07
937,937,3071,(株)ストリーム,東証STD,107,+1,0.94,"92,600",2026/09/07
938,938,335A,(株)ミライロ,東証GRT,323,+3,0.94,"34,700",2026/09/07
939,939,7238,曙ブレーキ工業(株),東証PRM,107,+1,0.94,"3,811,800",2026/09/07
940,940,7565,萬世電機(株),東証STD,"8,630",+80,0.94,"2,300",2026/09/07
941,941,7740,(株)タムロン,東証PRM,"1,395",+13,0.94,"444,900",2026/09/07
942,942,7897,ホクシン(株),東証STD,107,+1,0.94,"101,100",2026/09/07
943,943,7918,(株)ヴィア・ホールディングス,東証STD,107,+1,0.94,"31,000",2026/09/07
944,944,9259,(株)タカヨシホールディングス,東証GRT,860,+8,0.94,"10,900",2026/09/07
945,945,9827,リリカラ(株),東証STD,642,+6,0.94,"7,500",2026/09/07
946,946,3186,(株)ネクステージ,東証PRM,"3,260",+30,0.93,"326,000",2026/09/07
947,947,7713,シグマ光機(株),東証STD,"2,400",+22,0.93,"13,800",2026/09/07
948,948,8387,(株)四国銀行,東証PRM,"3,810",+35,0.93,"122,100",2026/09/07
949,949,1592,上場インデックス JPX日経インデックス400,東証ETF,"3,414",+31,0.92,531,2026/09/07
950,950,1736,(株)オーテック,東証STD,"2,414",+22,0.92,"1,000",2026/09/07
951,951,3945,スーパーバッグ(株),東証STD,"2,198",+20,0.92,"1,500",2026/09/07
952,952,6696,(株)トラース・オン・プロダクト,東証GRT,328,+3,0.92,"23,400",2026/09/07
953,953,8135,ゼット(株),東証STD,441,+4,0.92,"5,500",2026/09/07
954,954,8301,日本銀行,東証,"21,900",+200,0.92,100,2026/09/07
955,955,1401,(株)エムビーエス,東証GRT,"1,335",+12,0.91,"6,900",2026/09/07
956,956,1663,Ｋ＆Ｏエナジーグループ(株),東証PRM,"1,995",+18,0.91,"121,400",2026/09/07
957,957,4393,(株)バンク・オブ・イノベーション,東証GRT,"5,570",+50,0.91,"41,400",2026/09/07
958,958,6042,(株)ニッキ,東証STD,"3,870",+35,0.91,300,2026/09/07
959,959,6191,(株)エアトリ,東証PRM,778,+7,0.91,"81,600",2026/09/07
960,960,6806,ヒロセ電機(株),東証PRM,"24,995",+225,0.91,"144,600",2026/09/07
961,961,6943,ＮＫＫスイッチズ(株),東証STD,"5,540",+50,0.91,500,2026/09/07
962,962,8346,(株)東邦銀行,東証PRM,"1,001",+9,0.91,"928,400",2026/09/07
963,963,8705,日産証券グループ(株),東証STD,222,+2,0.91,"99,000",2026/09/07
964,964,4027,テイカ(株),東証PRM,"2,480",+22,0.9,"64,900",2026/09/07
965,965,5632,三菱製鋼(株),東証PRM,"2,343",+21,0.9,"76,200",2026/09/07
966,966,6282,オイレス工業(株),東証PRM,"2,906",+26,0.9,"109,600",2026/09/07
967,967,6471,日本精工(株),東証PRM,"1,122",+10,0.9,"1,569,700",2026/09/07
968,968,6748,星和電機(株),東証STD,789,+7,0.9,"10,400",2026/09/07
969,969,8938,グローム・ホールディングス(株),東証GRT,336,+3,0.9,"1,200",2026/09/07
970,970,2094,東証REITインバースETF,東証ETF,793,+7,0.89,"11,511",2026/09/07
971,971,3947,ダイナパック(株),東証STD,"2,497",+22,0.89,"4,800",2026/09/07
972,972,6370,栗田工業(株),東証PRM,"7,903",+70,0.89,"525,000",2026/09/07
973,973,3495,香陵住販(株),東証STD,"2,280",+20,0.88,800,2026/09/07
974,974,5011,ニチレキグループ(株),東証PRM,"2,292",+20,0.88,"51,900",2026/09/07
975,975,516A,iFreeETF 米ドル・ブル(1倍),東証ETF,"2,053",+18,0.88,3,2026/09/07
976,976,7047,ポート(株),東証GRT,"2,189",+19,0.88,"110,600",2026/09/07
977,977,7217,(株)テイン,東証STD,457,+4,0.88,"3,700",2026/09/07
978,978,2778,パレモ・ホールディングス(株),東証STD,116,+1,0.87,"16,900",2026/09/07
979,979,2802,味の素(株),東証PRM,"5,219",+45,0.87,"3,554,800",2026/09/07
980,980,286A,(株)ユカリア,東証GRT,808,+7,0.87,"25,400",2026/09/07
981,981,2903,シノブフーズ(株),東証STD,"1,615",+14,0.87,"3,600",2026/09/07
982,982,3063,(株)ジェイグループホールディングス,東証GRT,"1,154",+10,0.87,"45,100",2026/09/07
983,983,4972,綜研化学(株),東証STD,"4,075",+35,0.87,"16,200",2026/09/07
984,984,5936,東洋シヤッター(株),東証STD,924,+8,0.87,"13,200",2026/09/07
985,985,6040,日本スキー場開発(株),東証GRT,465,+4,0.87,"24,300",2026/09/07
986,986,1866,北野建設(株),東証STD,"1,170",+10,0.86,"8,000",2026/09/07
987,987,3150,(株)グリムス,東証PRM,"2,455",+21,0.86,"36,000",2026/09/07
988,988,4251,恵和(株),東証PRM,"1,174",+10,0.86,"51,600",2026/09/07
989,989,4896,(株)ケイファーマ,東証GRT,819,+7,0.86,"22,300",2026/09/07
990,990,8303,(株)ＳＢＩ新生銀行,東証PRM,"1,581.5",+13.5,0.86,"2,289,400",2026/09/07
991,991,9508,九州電力(株),東証PRM,"2,177",+18.5,0.86,"1,585,700",2026/09/07
992,992,3195,(株)ジェネレーションパス,東証STD,712,+6,0.85,"29,100",2026/09/07
993,993,3804,(株)システム　ディ,東証STD,475,+4,0.85,"5,200",2026/09/07
994,994,7481,尾家産業(株),東証STD,"2,613",+22,0.85,"1,400",2026/09/07
995,995,8118,(株)キング,東証STD,"1,180",+10,0.85,"1,500",2026/09/07
996,996,9698,(株)クレオ,東証STD,"1,303",+11,0.85,900,2026/09/07
997,997,231A,Ｃｒｏｓｓ　Ｅホールディングス(株),福岡Q,"1,079",+9,0.84,"1,300",2026/09/07
998,998,2557,SMDAM トピックス上場投信,東証ETF,"4,182",+35,0.84,120,2026/09/07
999,999,3929,ソーシャルワイヤー(株),東証GRT,241,+2,0.84,"9,700",2026/09/07
1000,1000,6316,(株)丸山製作所,東証STD,"3,000",+25,0.84,"3,700",2026/09/07
1001,1001,6838,(株)多摩川ホールディングス,東証STD,"1,564",+13,0.84,"207,100",2026/09/07
1002,1002,9424,日本通信(株),東証PRM,120,+1,0.84,"2,613,100",2026/09/07
1003,1003,9760,(株)進学会ホールディングス,東証STD,120,+1,0.84,"52,400",2026/09/07
1004,1004,1814,大末建設(株),東証PRM,"3,635",+30,0.83,"43,900",2026/09/07
1005,1005,2842,iFreeETF NASDAQ100インバース,東証ETF,"12,200",+100,0.83,"2,447",2026/09/07
1006,1006,3739,コムシード(株),名証NXT,121,+1,0.83,"31,600",2026/09/07
1007,1007,4414,(株)フレクト,東証GRT,"1,092",+9,0.83,"13,100",2026/09/07
1008,1008,485A,(株)パワーエックス,東証GRT,"1,833",+15,0.83,"3,176,800",2026/09/07
1009,1009,6615,ユー・エム・シー・エレクトロニクス(株),東証PRM,242,+2,0.83,"67,300",2026/09/07
1010,1010,1888,若築建設(株),東証PRM,"3,705",+30,0.82,"10,100",2026/09/07
1011,1011,2648,(NEXT FUNDS)ブルームバーグ米国国債(7-10年)(H有),東証ETF,"3,339",+27,0.82,"1,016",2026/09/07
1012,1012,290A,(株)Ｓｙｎｓｐｅｃｔｉｖｅ,東証GRT,"1,476",+12,0.82,"840,900",2026/09/07
1013,1013,5619,マーソ(株),東証GRT,857,+7,0.82,800,2026/09/07
1014,1014,5621,(株)ヒューマンテクノロジーズ,東証GRT,"1,590",+13,0.82,"9,700",2026/09/07
1015,1015,6305,日立建機(株),東証PRM,"6,026",+49,0.82,"1,129,600",2026/09/07
1016,1016,6369,トーヨーカネツ(株),東証PRM,"2,451",+20,0.82,"55,900",2026/09/07
1017,1017,6870,日本フェンオール(株),東証STD,"2,200",+18,0.82,"2,000",2026/09/07
1018,1018,8117,中央自動車工業(株),東証STD,"2,200",+18,0.82,"600,800",2026/09/07
1019,1019,8132,シナネンホールディングス(株),東証PRM,"7,350",+60,0.82,"6,800",2026/09/07
1020,1020,8887,(株)シーラホールディングス,東証STD,369,+3,0.82,"38,000",2026/09/07
1021,1021,9166,(株)ＧＥＮＤＡ,東証GRT,741,+6,0.82,"883,600",2026/09/07
1022,1022,9532,大阪ガス(株),東証PRM,"5,766",+47,0.82,"578,500",2026/09/07
1023,1023,2016,iFreeETF 米国国債7-10年(H有),東証ETF,"1,744",+14,0.81,"17,651",2026/09/07
1024,1024,2082,投資家経営者一心同体ETF,東証ETF,"1,251",+10,0.81,150,2026/09/07
1025,1025,269A,(株)Ｓａｐｅｅｔ,東証GRT,"2,859",+23,0.81,"12,000",2026/09/07
1026,1026,3487,CREロジスティクスファンド投資法人,東証,"136,200","+1,100",0.81,"1,968",2026/09/07
1027,1027,4208,ＵＢＥ(株),東証PRM,"3,470",+28,0.81,"576,200",2026/09/07
1028,1028,5401,日本製鉄(株),東証PRM,697.5,+5.6,0.81,"48,159,600",2026/09/07
1029,1029,6929,日本セラミック(株),東証PRM,"3,730",+30,0.81,"72,600",2026/09/07
1030,1030,7134,(株)アップガレージグループ,東証STD,"1,368",+11,0.81,"8,500",2026/09/07
1031,1031,7297,(株)カーメイト,東証STD,873,+7,0.81,"5,200",2026/09/07
1032,1032,7877,永大化工(株),東証STD,"2,246",+18,0.81,500,2026/09/07
1033,1033,1498,One ETF ESG,東証ETF,"32,870",+260,0.8,17,2026/09/07
1034,1034,2338,クオンタムソリューションズ(株),東証STD,126,+1,0.8,"34,900",2026/09/07
1035,1035,5461,中部鋼鈑(株),東証PRM,"2,154",+17,0.8,"55,500",2026/09/07
1036,1036,7399,(株)ナンシン,東証STD,628,+5,0.8,"3,400",2026/09/07
1037,1037,4044,セントラル硝子(株),東証PRM,"4,490",+35,0.79,"40,200",2026/09/07
1038,1038,4098,チタン工業(株),東証STD,"1,025",+8,0.79,"2,300",2026/09/07
1039,1039,4616,川上塗料(株),東証STD,"2,430",+19,0.79,"1,100",2026/09/07
1040,1040,5987,(株)オーネックス,東証STD,"1,649",+13,0.79,900,2026/09/07
1041,1041,6049,(株)イトクロ,東証GRT,255,+2,0.79,"7,800",2026/09/07
1042,1042,6989,北陸電気工業(株),東証STD,"2,439",+19,0.79,"2,300",2026/09/07
1043,1043,6995,(株)東海理化,東証PRM,"3,185",+25,0.79,"102,400",2026/09/07
1044,1044,8572,アコム(株),東証STD,484.8,+3.8,0.79,"1,036,200",2026/09/07
1045,1045,3779,ジェイ・エスコム　ホールディングス(株),東証STD,130,+1,0.78,"16,700",2026/09/07
1046,1046,6367,ダイキン工業(株),東証PRM,"20,660",+160,0.78,"1,041,700",2026/09/07
1047,1047,6845,アズビル(株),東証PRM,"1,486",+11.5,0.78,"1,201,000",2026/09/07
1048,1048,8338,(株)筑波銀行,東証PRM,775,+6,0.78,"1,516,400",2026/09/07
1049,1049,9720,(株)ホテル、ニューグランド,東証STD,"6,500",+50,0.78,300,2026/09/07
1050,1050,2172,(株)インサイト,札証,395,+3,0.77,300,2026/09/07
1051,1051,2867,GX 自動運転&EV,東証ETF,"1,711",+13,0.77,636,2026/09/07
1052,1052,3055,(株)ほくやく・竹山ホールディングス,札証,913,+7,0.77,"1,400",2026/09/07
1053,1053,4016,ＭＩＴホールディングス(株),東証STD,"1,048",+8,0.77,"10,600",2026/09/07
1054,1054,4041,日本曹達(株),東証PRM,"3,905",+30,0.77,"90,600",2026/09/07
1055,1055,4293,(株)セプテーニ・ホールディングス,東証STD,525,+4,0.77,"260,900",2026/09/07
1056,1056,7695,(株)交換できるくん,東証GRT,915,+7,0.77,"4,300",2026/09/07
1057,1057,7813,(株)プラッツ,東証STD,912,+7,0.77,"1,600",2026/09/07
1058,1058,7957,フジコピアン(株),東証STD,"2,615",+20,0.77,"5,800",2026/09/07
1059,1059,8877,エスリード(株),東証PRM,"5,230",+40,0.77,"27,000",2026/09/07
1060,1060,9165,(株)クオルテック,東証GRT,"1,703",+13,0.77,"2,800",2026/09/07
1061,1061,9388,(株)パパネッツ,福岡Q,916,+7,0.77,600,2026/09/07
1062,1062,3492,MIRARTH不動産投資法人,東証,"79,500",+600,0.76,"7,581",2026/09/07
1063,1063,3864,三菱製紙(株),東証PRM,"1,186",+9,0.76,"102,000",2026/09/07
1064,1064,3953,大村紙業(株),東証STD,800,+6,0.76,500,2026/09/07
1065,1065,4679,(株)田谷,東証STD,266,+2,0.76,"1,900",2026/09/07
1066,1066,5210,日本山村硝子(株),東証STD,"2,933",+22,0.76,"19,500",2026/09/07
1067,1067,7148,(株)ＦＰＧ,東証PRM,"1,717",+13,0.76,"565,000",2026/09/07
1068,1068,7219,(株)エッチ・ケー・エス,東証STD,"2,519",+19,0.76,400,2026/09/07
1069,1069,8395,(株)佐賀銀行,東証PRM,"6,620",+50,0.76,"44,300",2026/09/07
1070,1070,2971,エスコンジャパンリート投資法人,東証,"107,800",+800,0.75,911,2026/09/07
1071,1071,3556,リネットジャパングループ(株),東証GRT,804,+6,0.75,"39,000",2026/09/07
1072,1072,3627,テクミラホールディングス(株),東証STD,267,+2,0.75,"10,100",2026/09/07
1073,1073,4378,(株)ＣＩＮＣ,東証GRT,540,+4,0.75,"10,300",2026/09/07
1074,1074,6155,高松機械工業(株),東証STD,539,+4,0.75,"3,300",2026/09/07
1075,1075,8707,岩井コスモホールディングス(株),東証PRM,"4,720",+35,0.75,"73,900",2026/09/07
1076,1076,9072,ニッコンホールディングス(株),東証PRM,"5,120",+38,0.75,"187,600",2026/09/07
1077,1077,9554,(株)ＡＶｉＣ,東証GRT,"1,749",+13,0.75,"24,600",2026/09/07
1078,1078,4374,(株)ＲＯＢＯＴ　ＰＡＹＭＥＮＴ,東証GRT,"2,461",+18,0.74,"2,700",2026/09/07
1079,1079,4650,ＳＤエンターテイメント(株),東証STD,271,+2,0.74,"2,700",2026/09/07
1080,1080,5830,(株)いよぎんホールディングス,東証PRM,"3,968",+29,0.74,"880,900",2026/09/07
1081,1081,6668,(株)アドテック　プラズマ　テクノロジー,東証STD,"4,105",+30,0.74,"63,700",2026/09/07
1082,1082,7670,オーウエル(株),東証STD,"1,229",+9,0.74,"6,600",2026/09/07
1083,1083,2373,(株)ケア２１,東証STD,414,+3,0.73,"8,600",2026/09/07
1084,1084,2866,GX 米国優先証券,東証ETF,970,+7,0.73,"40,658",2026/09/07
1085,1085,8439,東京センチュリー(株),東証PRM,"2,708.5",+19.5,0.73,"580,800",2026/09/07
1086,1086,219A,Ｈｅａｒｔｓｅｅｄ(株),東証GRT,"2,252",+16,0.72,"418,900",2026/09/07
1087,1087,3261,(株)グランディーズ,東証GRT,421,+3,0.72,"4,800",2026/09/07
1088,1088,8793,ＮＥＣキャピタルソリューション(株),東証PRM,"4,210",+30,0.72,"24,100",2026/09/07
1089,1089,9204,スカイマーク(株),東証GRT,419,+3,0.72,"55,700",2026/09/07
1090,1090,1770,藤田エンジニアリング(株),東証STD,"2,120",+15,0.71,"2,000",2026/09/07
1091,1091,3058,(株)三洋堂ホールディングス,東証STD,708,+5,0.71,500,2026/09/07
1092,1092,3984,(株)ユーザーローカル,東証PRM,"1,563",+11,0.71,"140,700",2026/09/07
1093,1093,6196,(株)ストライクグループ,東証PRM,"1,411",+10,0.71,"535,600",2026/09/07
1094,1094,7215,(株)ファルテック,東証STD,426,+3,0.71,300,2026/09/07
1095,1095,7971,東リ(株),東証STD,714,+5,0.71,"75,300",2026/09/07
1096,1096,1491,中外鉱業(株),東証STD,715,+5,0.7,"9,300",2026/09/07
1097,1097,1724,シンクレイヤ(株),東証STD,722,+5,0.7,"2,000",2026/09/07
1098,1098,1813,(株)不動テトラ,東証PRM,"2,866",+20,0.7,"42,300",2026/09/07
1099,1099,3766,システムズ・デザイン(株),東証STD,"1,439",+10,0.7,"1,100",2026/09/07
1100,1100,5618,ナイル(株),東証GRT,289,+2,0.7,"2,300",2026/09/07
1101,1101,6167,冨士ダイス(株),東証PRM,"1,010",+7,0.7,"48,600",2026/09/07
1102,1102,6322,(株)タクミナ,東証STD,"1,593",+11,0.7,"2,700",2026/09/07
1103,1103,6384,(株)昭和真空,東証STD,"1,730",+12,0.7,"4,500",2026/09/07
1104,1104,7266,(株)今仙電機製作所,東証STD,"1,011",+7,0.7,"10,700",2026/09/07
1105,1105,8143,(株)ラピーヌ,東証STD,143,+1,0.7,"2,600",2026/09/07
1106,1106,8225,(株)タカチホ,東証STD,"3,600",+25,0.7,200,2026/09/07
1107,1107,8275,(株)フォーバル,東証STD,"1,014",+7,0.7,"18,200",2026/09/07
1108,1108,287A,黒田グループ(株),東証STD,"1,165",+8,0.69,"263,400",2026/09/07
1109,1109,3845,(株)アイフリークモバイル,東証STD,292,+2,0.69,"55,000",2026/09/07
1110,1110,460A,ＢＲＡＮＵ(株),東証GRT,"1,027",+7,0.69,"12,200",2026/09/07
1111,1111,4658,日本空調サービス(株),東証PRM,"1,597",+11,0.69,"136,200",2026/09/07
1112,1112,4893,ノイルイミューン・バイオテック(株),東証GRT,146,+1,0.69,"34,100",2026/09/07
1113,1113,6652,ＩＤＥＣ(株),東証PRM,"3,655",+25,0.69,"50,800",2026/09/07
1114,1114,7818,(株)トランザクション,東証PRM,"1,164",+8,0.69,"120,300",2026/09/07
1115,1115,8381,(株)山陰合同銀行,東証PRM,"2,629",+18,0.69,"259,000",2026/09/07
1116,1116,9145,(株)ビーイングホールディングス,東証STD,583,+4,0.69,"10,000",2026/09/07
1117,1117,9685,ＫＹＣＯＭホールディングス(株),東証STD,582,+4,0.69,"3,600",2026/09/07
1118,1118,303A,(株)ｖｉｓｕｍｏ,東証GRT,589,+4,0.68,900,2026/09/07
1119,1119,4482,(株)ウィルズ,東証GRT,740,+5,0.68,"7,800",2026/09/07
1120,1120,5921,川岸工業(株),東証STD,"4,420",+30,0.68,500,2026/09/07
1121,1121,6076,(株)アメイズ,福証,"1,324",+9,0.68,"3,400",2026/09/07
1122,1122,9419,(株)ワイヤレスゲート,東証STD,295,+2,0.68,"13,800",2026/09/07
1123,1123,9830,トラスコ中山(株),東証PRM,"2,379",+16,0.68,"83,000",2026/09/07
1124,1124,2250,iシェアーズ MSCI ジャパン気候変動アクション ETF,東証ETF,374.3,+2.5,0.67,"9,040",2026/09/07
1125,1125,3842,(株)ネクストジェン,東証STD,"1,059",+7,0.67,"2,200",2026/09/07
1126,1126,4484,ランサーズ(株),東証GRT,300,+2,0.67,"6,700",2026/09/07
1127,1127,5868,(株)ロココ,東証STD,"1,055",+7,0.67,"4,600",2026/09/07
1128,1128,6612,バルミューダ(株),東証GRT,598,+4,0.67,"1,800",2026/09/07
1129,1129,7803,(株)ブシロード,東証GRT,454,+3,0.67,"1,204,500",2026/09/07
1130,1130,8584,(株)ジャックス,東証PRM,"3,775",+25,0.67,"121,500",2026/09/07
1131,1131,1348,MAXIS トピックス上場投信,東証ETF,"4,283",+28,0.66,"48,050",2026/09/07
1132,1132,2628,iFree 中国科創板50,東証ETF,"3,800",+25,0.66,"6,401",2026/09/07
1133,1133,4021,日産化学(株),東証PRM,"7,954",+52,0.66,"433,700",2026/09/07
1134,1134,4401,(株)ＡＤＥＫＡ,東証PRM,"4,581",+30,0.66,"216,300",2026/09/07
1135,1135,5142,アキレス(株),東証PRM,"1,820",+12,0.66,"71,400",2026/09/07
1136,1136,1477,iシェアーズ MSCI 日本株最小分散 ETF,東証ETF,"3,399",+22,0.65,"4,221",2026/09/07
1137,1137,3922,(株)ＰＲ　ＴＩＭＥＳ,東証PRM,"2,164",+14,0.65,"35,200",2026/09/07
1138,1138,4078,堺化学工業(株),東証PRM,"3,860",+25,0.65,"111,800",2026/09/07
1139,1139,5079,(株)ノバック,東証STD,"2,620",+17,0.65,"3,500",2026/09/07
1140,1140,585A,日本バリュー・ボトムアップ株式投資戦略,東証ETF,"1,089",+7,0.65,304,2026/09/07
1141,1141,6046,(株)リンクバル,東証STD,155,+1,0.65,"26,900",2026/09/07
1142,1142,8052,椿本興業(株),東証PRM,"2,959",+19,0.65,"117,600",2026/09/07
1143,1143,1367,iFreeETF TOPIXレバレッジ(2倍)指数,東証ETF,"3,130",+20,0.64,"496,455",2026/09/07
1144,1144,1628,(NEXT FUNDS)運輸･物流上場投信,東証ETF,"22,050",+140,0.64,79,2026/09/07
1145,1145,1871,ピーエス・コンストラクション(株),東証PRM,"2,199",+14,0.64,"85,400",2026/09/07
1146,1146,2169,ＣＤＳ(株),東証STD,"1,732",+11,0.64,"3,800",2026/09/07
1147,1147,3083,スターシーズ(株),東証STD,"1,255",+8,0.64,"249,300",2026/09/07
1148,1148,3521,テルマー湯ホールディングス(株),東証STD,157,+1,0.64,"13,700",2026/09/07
1149,1149,5706,三井金属(株),東証PRM,"25,800",+165,0.64,"1,495,400",2026/09/07
1150,1150,5950,日本パワーファスニング(株),東証STD,157,+1,0.64,"5,500",2026/09/07
1151,1151,6209,リケンＮＰＲ(株),東証PRM,"3,915",+25,0.64,"55,300",2026/09/07
1152,1152,7110,(株)クラシコム,東証GRT,"2,042",+13,0.64,500,2026/09/07
1153,1153,7625,(株)グローバルダイニング,東証STD,473,+3,0.64,"1,700",2026/09/07
1154,1154,7989,立川ブラインド工業(株),東証PRM,"2,665",+17,0.64,"37,800",2026/09/07
1155,1155,340A,(株)ジグザグ,東証GRT,320,+2,0.63,"6,400",2026/09/07
1156,1156,4074,(株)ラキール,東証GRT,799,+5,0.63,"5,900",2026/09/07
1157,1157,496A,One ETF 日本国債 17-20年,東証ETF,945.9,+5.9,0.63,80,2026/09/07
1158,1158,5699,(株)イボキン,東証STD,"1,592",+10,0.63,"3,900",2026/09/07
1159,1159,6633,(株)ＣＧＳホールディングス,東証STD,318,+2,0.63,"3,600",2026/09/07
1160,1160,7126,グローバルスタイル(株),東証STD,"1,444",+9,0.63,"3,300",2026/09/07
1161,1161,9503,関西電力(株),東証PRM,"2,965.5",+18.5,0.63,"3,450,500",2026/09/07
1162,1162,9551,メタウォーター(株),東証PRM,"3,190",+20,0.63,"112,000",2026/09/07
1163,1163,2046,NEXT NOTES インドNifty･ダブル・ブル ETN,東証ETF,"24,305",+150,0.62,343,2026/09/07
1164,1164,4199,ワンダープラネット(株),東証GRT,811,+5,0.62,"8,500",2026/09/07
1165,1165,4224,ロンシール工業(株),東証STD,"2,117",+13,0.62,"3,700",2026/09/07
1166,1166,423A,(株)ライオン事務器,東証STD,324,+2,0.62,"20,400",2026/09/07
1167,1167,4728,(株)トーセ,東証STD,653,+4,0.62,"2,200",2026/09/07
1168,1168,5013,(株)ユシロ,東証STD,"2,910",+18,0.62,"21,400",2026/09/07
1169,1169,5570,(株)ジェノバ,東証GRT,650,+4,0.62,"15,300",2026/09/07
1170,1170,6142,富士精工(株),名証MN,"1,780",+11,0.62,500,2026/09/07
1171,1171,6505,東洋電機製造(株),東証STD,"2,454",+15,0.62,"20,300",2026/09/07
1172,1172,6513,(株)オリジン,東証STD,"1,296",+8,0.62,"26,000",2026/09/07
1173,1173,7271,(株)安永,東証STD,810,+5,0.62,"48,700",2026/09/07
1174,1174,1306,(NEXT FUNDS)TOPIX連動型上場投信,東証ETF,430.1,+2.6,0.61,"10,282,250",2026/09/07
1175,1175,1431,(株)Ｌｉｂ　Ｗｏｒｋ,東証GRT,657,+4,0.61,"11,100",2026/09/07
1176,1176,2240,上場インデックスファンドS&P500先物インバース,東証ETF,"5,277",+32,0.61,"2,679",2026/09/07
1177,1177,3465,ケイアイスター不動産(株),東証PRM,"3,295",+20,0.61,"135,200",2026/09/07
1178,1178,7276,(株)小糸製作所,東証PRM,"2,712.5",+16.5,0.61,"597,900",2026/09/07
1179,1179,7352,(株)ＴＷＯＳＴＯＮＥ＆Ｓｏｎｓ,東証GRT,328,+2,0.61,"33,500",2026/09/07
1180,1180,7679,(株)薬王堂ホールディングス,東証PRM,"1,652",+10,0.61,"63,000",2026/09/07
1181,1181,9342,(株)スマサポ,東証GRT,995,+6,0.61,"1,200",2026/09/07
1182,1182,2300,(株)きょくとう,東証STD,500,+3,0.6,"1,500",2026/09/07
1183,1183,3024,クリエイト(株),東証STD,"1,168",+7,0.6,700,2026/09/07
1184,1184,4376,(株)くふうカンパニーホールディングス,東証GRT,168,+1,0.6,"34,100",2026/09/07
1185,1185,5974,中国工業(株),東証STD,840,+5,0.6,"1,000",2026/09/07
1186,1186,6249,(株)ゲームカードホールディングス,東証STD,"2,849",+17,0.6,"5,400",2026/09/07
1187,1187,6718,アイホン(株),東証PRM,"2,870",+17,0.6,"25,600",2026/09/07
1188,1188,7042,(株)アクセスグループ・ホールディングス,東証STD,672,+4,0.6,500,2026/09/07
1189,1189,8157,都築電気(株),東証PRM,"4,195",+25,0.6,"25,500",2026/09/07
1190,1190,9049,京福電気鉄道(株),東証STD,"6,740",+40,0.6,600,2026/09/07
1191,1191,2017,iFreeETF JPXプライム150,東証ETF,"1,533",+9,0.59,"41,075",2026/09/07
1192,1192,2976,日本グランデ(株),札幌ア,680,+4,0.59,"1,300",2026/09/07
1193,1193,3439,(株)三ツ知,東証STD,678,+4,0.59,200,2026/09/07
1194,1194,5423,東京製鐵(株),東証PRM,"1,711",+10,0.59,"282,400",2026/09/07
1195,1195,5715,古河機械金属(株),東証PRM,"4,265",+25,0.59,"210,000",2026/09/07
1196,1196,6473,(株)ジェイテクト,東証PRM,"2,201.5",+13,0.59,"715,200",2026/09/07
1197,1197,8137,サンワテクノス(株),東証PRM,"4,245",+25,0.59,"25,600",2026/09/07
1198,1198,9227,マイクロ波化学(株),東証GRT,846,+5,0.59,"108,400",2026/09/07
1199,1199,1768,(株)ソネック,東証STD,"1,033",+6,0.58,"1,800",2026/09/07
1200,1200,2238,iFreeETF S&P500インバース,東証ETF,"5,227",+30,0.58,66,2026/09/07
1201,1201,2341,(株)アルバイトタイムス,東証STD,173,+1,0.58,"10,400",2026/09/07
1202,1202,2646,GX メタルビジネス-日本株式,東証ETF,"3,825",+22,0.58,"3,852",2026/09/07
1203,1203,4247,ポバール興業(株),東証STD,"1,395",+8,0.58,300,2026/09/07
1204,1204,4425,Ｋｕｄａｎ(株),東証GRT,"1,565",+9,0.58,"306,100",2026/09/07
1205,1205,4462,石原ケミカル(株),東証PRM,"2,944",+17,0.58,"17,800",2026/09/07
1206,1206,6074,(株)ジェイエスエス,東証STD,520,+3,0.58,"2,200",2026/09/07
1207,1207,6086,シンメンテホールディングス(株),東証GRT,"1,032",+6,0.58,"29,700",2026/09/07
1208,1208,6378,木村化工機(株),東証STD,"1,213",+7,0.58,"66,600",2026/09/07
1209,1209,6745,ホーチキ(株),東証PRM,"1,913",+11,0.58,"154,300",2026/09/07
1210,1210,7305,新家工業(株),東証STD,"2,777",+16,0.58,"16,500",2026/09/07
1211,1211,9313,丸八倉庫(株),東証STD,"1,038",+6,0.58,"1,200",2026/09/07
1212,1212,9845,(株)パーカーコーポレーション,東証STD,"1,396",+8,0.58,"4,600",2026/09/07
1213,1213,2928,ＲＩＺＡＰグループ(株),札幌ア,175,+1,0.57,"267,000",2026/09/07
1214,1214,4552,ＪＣＲファーマ(株),東証PRM,528,+3,0.57,"413,700",2026/09/07
1215,1215,5711,三菱マテリアル(株),東証PRM,"5,261",+30,0.57,"1,903,100",2026/09/07
1216,1216,6552,(株)ＧａｍｅＷｉｔｈ,東証STD,177,+1,0.57,"15,200",2026/09/07
1217,1217,6797,名古屋電機工業(株),東証STD,"1,237",+7,0.57,"13,900",2026/09/07
1218,1218,7524,マルシェ(株),東証STD,176,+1,0.57,"9,400",2026/09/07
1219,1219,8078,阪和興業(株),東証PRM,"1,934",+11,0.57,"387,500",2026/09/07
1220,1220,9351,東洋埠頭(株),東証STD,"1,950",+11,0.57,"5,700",2026/09/07
1221,1221,9363,(株)大運,東証STD,530,+3,0.57,"3,300",2026/09/07
1222,1222,9531,東京ガス(株),東証PRM,"6,163",+35,0.57,"534,100",2026/09/07
1223,1223,9761,東海リース(株),東証STD,"2,450",+14,0.57,"2,600",2026/09/07
1224,1224,1815,鉄建建設(株),東証PRM,"4,495",+25,0.56,"54,300",2026/09/07
1225,1225,2625,iFreeETF TOPIX(年4回決算型),東証ETF,"4,132",+23,0.56,"1,529",2026/09/07
1226,1226,3760,(株)ケイブ,東証STD,715,+4,0.56,"10,100",2026/09/07
1227,1227,4068,ベイシス(株),東証GRT,"1,784",+10,0.56,"1,100",2026/09/07
1228,1228,4179,(株)ジーネクスト,東証GRT,356,+2,0.56,"15,900",2026/09/07
1229,1229,4448,(株)ｋｕｂｅｌｌ,東証GRT,357,+2,0.56,"66,300",2026/09/07
1230,1230,6091,(株)ウエスコホールディングス,東証STD,893,+5,0.56,"3,000",2026/09/07
1231,1231,8772,(株)アサックス,東証STD,893,+5,0.56,"3,400",2026/09/07
1232,1232,1586,上場インデックス TOPIX Ex-Financials,東証ETF,"3,100",+17,0.55,385,2026/09/07
1233,1233,3143,オーウイル(株),東証STD,728,+4,0.55,"73,200",2026/09/07
1234,1234,3166,ＯＣＨＩホールディングス(株),東証STD,"1,475",+8,0.55,"2,500",2026/09/07
1235,1235,4063,信越化学工業(株),東証PRM,"5,818",+32,0.55,"5,656,500",2026/09/07
1236,1236,4579,ラクオリア創薬(株),東証GRT,552,+3,0.55,"40,200",2026/09/07
1237,1237,4664,ＲＳＣ,東証STD,"1,089",+6,0.55,"47,800",2026/09/07
1238,1238,5480,日本冶金工業(株),東証PRM,"5,440",+30,0.55,"40,900",2026/09/07
1239,1239,5892,(株)ｙｕｔｏｒｉ,東証GRT,"2,567",+14,0.55,"82,000",2026/09/07
1240,1240,6059,(株)ウチヤマホールディングス,東証STD,363,+2,0.55,"5,600",2026/09/07
1241,1241,6841,横河電機(株),東証PRM,"4,750",+26,0.55,"782,200",2026/09/07
1242,1242,6902,(株)デンソー,東証PRM,"1,927",+10.5,0.55,"4,300,000",2026/09/07
1243,1243,7446,東北化学薬品(株),東証STD,"4,550",+25,0.55,200,2026/09/07
1244,1244,7537,丸文(株),東証PRM,"1,813",+10,0.55,"49,800",2026/09/07
1245,1245,9337,(株)トリドリ,東証GRT,"1,456",+8,0.55,"16,100",2026/09/07
1246,1246,159A,(NEXT FUNDS) JPXプライム150指数連動型上場投信,東証ETF,741.1,+4,0.54,"3,490",2026/09/07
1247,1247,1887,日本国土開発(株),東証PRM,554,+3,0.54,"166,300",2026/09/07
1248,1248,2224,(株)コモ,東証STD,"3,715",+20,0.54,"1,900",2026/09/07
1249,1249,2666,(株)オートウェーブ,東証STD,187,+1,0.54,"58,500",2026/09/07
1250,1250,4246,ダイキョーニシカワ(株),東証PRM,"1,114",+6,0.54,"129,600",2026/09/07
1251,1251,5035,ＨＯＵＳＥＩ(株),東証GRT,370,+2,0.54,"1,700",2026/09/07
1252,1252,5834,ＳＢＩリーシングサービス(株),東証GRT,"2,791",+15,0.54,"59,400",2026/09/07
1253,1253,7059,(株)コプロ・ホールディングス,東証PRM,935,+5,0.54,"50,500",2026/09/07
1254,1254,7083,ＡＨＣグループ(株),東証GRT,"1,107",+6,0.54,"1,100",2026/09/07
1255,1255,7208,(株)カネミツ,東証STD,"1,312",+7,0.54,"1,100",2026/09/07
1256,1256,8013,(株)ナイガイ,東証STD,370,+2,0.54,"2,300",2026/09/07
1257,1257,1738,(株)ＮＩＴＴＯＨ,名証MN,568,+3,0.53,200,2026/09/07
1258,1258,4272,日本化薬(株),東証PRM,"2,072.5",+11,0.53,"504,300",2026/09/07
1259,1259,4317,(株)レイ,東証STD,571,+3,0.53,"6,200",2026/09/07
1260,1260,5952,アマテイ(株),東証STD,191,+1,0.53,"3,300",2026/09/07
1261,1261,7074,(株)トゥエンティーフォーセブンホールディングス,東証GRT,191,+1,0.53,"2,800",2026/09/07
1262,1262,7438,コンドーテック(株),東証PRM,"1,697",+9,0.53,"45,400",2026/09/07
1263,1263,7949,小松ウオール工業(株),東証PRM,"2,845",+15,0.53,"36,700",2026/09/07
1264,1264,9312,ケイヒン(株),東証STD,"2,872",+15,0.53,"5,000",2026/09/07
1265,1265,9336,大栄環境(株),東証PRM,"3,785",+20,0.53,"91,400",2026/09/07
1266,1266,1418,インターライフホールディングス(株),東証STD,583,+3,0.52,"19,500",2026/09/07
1267,1267,1518,三井松島ホールディングス(株),東証PRM,"2,301",+12,0.52,"229,600",2026/09/07
1268,1268,1692,WisdomTree アルミニウム上場投信,東証ETF,691.8,+3.6,0.52,"1,200",2026/09/07
1269,1269,3377,(株)バイク王＆カンパニー,東証STD,388,+2,0.52,"3,400",2026/09/07
1270,1270,3985,テモナ(株),東証STD,193,+1,0.52,"8,200",2026/09/07
1271,1271,8366,(株)滋賀銀行,東証PRM,"2,877",+15,0.52,"428,800",2026/09/07
1272,1272,8742,(株)小林洋行,東証STD,581,+3,0.52,"5,200",2026/09/07
1273,1273,9368,キムラユニティー(株),東証STD,964,+5,0.52,"22,200",2026/09/07
1274,1274,1466,iFreeETF JPX日経400ダブルインバース・インデックス,東証ETF,196,+1,0.51,"1,099",2026/09/07
1275,1275,2641,GX グローバルリーダーズ-日本株式,東証ETF,"4,544",+23,0.51,"1,011,856",2026/09/07
1276,1276,2669,カネ美食品(株),東証STD,"3,950",+20,0.51,"9,000",2026/09/07
1277,1277,3190,(株)ホットマン,東証STD,586,+3,0.51,"1,000",2026/09/07
1278,1278,3562,(株)Ｎｏ．１,東証STD,"1,576",+8,0.51,"10,000",2026/09/07
1279,1279,4360,(株)マナック・ケミカル・パートナーズ,東証STD,981,+5,0.51,"12,400",2026/09/07
1280,1280,4631,ＤＩＣ(株),東証PRM,"4,881",+25,0.51,"638,800",2026/09/07
1281,1281,576A,GX チャイナテック・カバード・コール,東証ETF,991,+5,0.51,"1,643",2026/09/07
1282,1282,5984,兼房(株),東証STD,795,+4,0.51,"5,300",2026/09/07
1283,1283,7201,日産自動車(株),東証PRM,316.6,+1.6,0.51,"27,508,300",2026/09/07
1284,1284,7235,東京ラヂエーター製造(株),東証STD,"1,566",+8,0.51,"25,200",2026/09/07
1285,1285,8185,(株)チヨダ,東証PRM,992,+5,0.51,"185,500",2026/09/07
1286,1286,9476,(株)中央経済社ホールディングス,東証STD,992,+5,0.51,700,2026/09/07
1287,1287,1384,(株)ホクリヨウ,東証STD,"2,218",+11,0.5,"8,300",2026/09/07
1288,1288,2734,(株)サーラコーポレーション,東証PRM,"1,204",+6,0.5,"90,800",2026/09/07
1289,1289,2847,GX 新成長インフラ-日本株式,東証ETF,"3,020",+15,0.5,111,2026/09/07
1290,1290,3726,(株)フォーシーズＨＤ,東証STD,402,+2,0.5,"11,800",2026/09/07
1291,1291,4977,新田ゼラチン(株),東証STD,"1,206",+6,0.5,"25,400",2026/09/07
1292,1292,5162,(株)朝日ラバー,東証STD,803,+4,0.5,"1,500",2026/09/07
1293,1293,5254,(株)Ａｒｅｎｔ,東証GRT,"4,055",+20,0.5,"12,100",2026/09/07
1294,1294,5703,日本軽金属ホールディングス(株),東証PRM,"3,025",+15,0.5,"175,200",2026/09/07
1295,1295,6013,(株)タクマ,東証PRM,"3,025",+15,0.5,"106,300",2026/09/07
1296,1296,7883,サンメッセ(株),東証STD,403,+2,0.5,"3,200",2026/09/07
1297,1297,7953,菊水化学工業(株),東証STD,402,+2,0.5,"9,400",2026/09/07
1298,1298,8929,(株)青山財産ネットワークス,東証STD,"1,394",+7,0.5,"55,300",2026/09/07
1299,1299,9252,(株)ラストワンマイル,東証GRT,"4,020",+20,0.5,"4,200",2026/09/07
1300,1300,9345,ビズメイツ(株),東証GRT,600,+3,0.5,400,2026/09/07
1301,1301,155A,(株)情報戦略テクノロジー,東証GRT,820,+4,0.49,"19,600",2026/09/07
1302,1302,2084,(NEXT FUNDS) 日本高配当株アクティブ,東証ETF,"3,900",+19,0.49,"22,238",2026/09/07
1303,1303,2566,上場インデックスファンド日経ESGリート,東証ETF,"1,019",+5,0.49,"13,237",2026/09/07
1304,1304,2883,(株)大冷,東証STD,"2,037",+10,0.49,"5,000",2026/09/07
1305,1305,2986,(株)ＬＡホールディングス,東証GRT,"2,843",+14,0.49,"104,300",2026/09/07
1306,1306,3101,東洋紡(株),東証PRM,"1,644",+8,0.49,"348,600",2026/09/07
1307,1307,3196,(株)ホットランドホールディングス,東証PRM,"1,647",+8,0.49,"53,900",2026/09/07
1308,1308,334A,(株)ビジュアル・プロセッシング・ジャパン,東証GRT,"1,035",+5,0.49,"1,100",2026/09/07
1309,1309,377A,(株)エージェントＩＧホールディングス,名証MN,"1,020",+5,0.49,"1,800",2026/09/07
1310,1310,5571,エキサイトホールディングス(株),東証STD,"1,020",+5,0.49,"6,400",2026/09/07
1311,1311,5973,(株)トーアミ,東証STD,616,+3,0.49,"1,300",2026/09/07
1312,1312,6238,フリュー(株),東証PRM,"1,437",+7,0.49,"157,200",2026/09/07
1313,1313,7203,トヨタ自動車(株),東証PRM,"3,096",+15,0.49,"12,938,800",2026/09/07
1314,1314,7539,(株)アイナボホールディングス,東証STD,817,+4,0.49,"9,600",2026/09/07
1315,1315,1474,One ETF JPX日経400,東証ETF,"37,450",+180,0.48,8,2026/09/07
1316,1316,1762,(株)高松コンストラクショングループ,東証PRM,"4,145",+20,0.48,"27,900",2026/09/07
1317,1317,2435,(株)シダー,東証STD,210,+1,0.48,"4,700",2026/09/07
1318,1318,2668,タビオ(株),東証STD,"1,269",+6,0.48,"1,600",2026/09/07
1319,1319,2884,(株)ヨシムラ・フード・ホールディングス,東証PRM,631,+3,0.48,"57,300",2026/09/07
1320,1320,3116,トヨタ紡織(株),東証PRM,"2,302",+11,0.48,"420,700",2026/09/07
1321,1321,3461,(株)パルマ,東証STD,629,+3,0.48,"12,200",2026/09/07
1322,1322,5869,(株)早稲田学習研究会,東証STD,"1,264",+6,0.48,"6,000",2026/09/07
1323,1323,5971,(株)共和工業所,東証STD,"8,290",+40,0.48,400,2026/09/07
1324,1324,6744,能美防災(株),東証PRM,"4,180",+20,0.48,"83,500",2026/09/07
1325,1325,6914,オプテックスグループ(株),東証PRM,"3,145",+15,0.48,"92,400",2026/09/07
1326,1326,7246,プレス工業(株),東証PRM,"1,040",+5,0.48,"443,100",2026/09/07
1327,1327,9436,沖縄セルラー電話(株),東証STD,"4,190",+20,0.48,"115,100",2026/09/07
1328,1328,1475,iシェアーズ・コア TOPIX ETF,東証ETF,423.6,+2,0.47,"2,564,740",2026/09/07
1329,1329,1626,(NEXT FUNDS)情報通信･サービス上場投信,東証ETF,"48,760",+230,0.47,234,2026/09/07
1330,1330,1674,WisdomTree 白金上場投信,東証ETF,"25,570",+120,0.47,474,2026/09/07
1331,1331,2865,GX NASDAQ100・カバード・コール,東証ETF,"1,279",+6,0.47,"320,230",2026/09/07
1332,1332,297A,アルピコホールディングス(株),東証STD,213,+1,0.47,"21,400",2026/09/07
1333,1333,3710,ジョルダン(株),東証STD,641,+3,0.47,"2,800",2026/09/07
1334,1334,3931,(株)バリューゴルフ,東証GRT,"1,511",+7,0.47,"5,200",2026/09/07
1335,1335,5283,(株)高見澤,東証STD,"3,175",+15,0.47,400,2026/09/07
1336,1336,7362,(株)Ｔ．Ｓ．Ｉ,東証GRT,862,+4,0.47,"1,100",2026/09/07
1337,1337,1622,(NEXT FUNDS)自動車･輸送機上場投信,東証ETF,"35,180",+160,0.46,457,2026/09/07
1338,1338,2480,システム・ロケーション(株),東証STD,"1,760",+8,0.46,600,2026/09/07
1339,1339,2553,One ETF 南方 中国A株 CSI500,東証ETF,"2,383",+11,0.46,"1,250",2026/09/07
1340,1340,3066,(株)ＪＢイレブン,名証MN,656,+3,0.46,"8,000",2026/09/07
1341,1341,4445,リビン・テクノロジーズ(株),東証GRT,"1,958",+9,0.46,"3,100",2026/09/07
1342,1342,5932,三協立山(株),東証PRM,652,+3,0.46,"46,200",2026/09/07
1343,1343,8399,(株)琉球銀行,東証PRM,"3,250",+15,0.46,"108,400",2026/09/07
1344,1344,9006,京浜急行電鉄(株),東証PRM,"1,543.5",+7,0.46,"816,800",2026/09/07
1345,1345,9024,(株)西武ホールディングス,東証PRM,"3,531",+16,0.46,"951,200",2026/09/07
1346,1346,9223,(株)ＡＳＮＯＶＡ,東証GRT,437,+2,0.46,"4,900",2026/09/07
1347,1347,1308,上場インデックスファンドTOPIX,東証ETF,"4,245",+19,0.45,"104,680",2026/09/07
1348,1348,1419,タマホーム(株),東証PRM,"2,876",+13,0.45,"89,200",2026/09/07
1349,1349,3372,(株)関門海,東証STD,221,+1,0.45,"10,900",2026/09/07
1350,1350,3696,(株)セレス,東証PRM,"2,223",+10,0.45,"61,300",2026/09/07
1351,1351,3943,大石産業(株),東証STD,"1,326",+6,0.45,"1,200",2026/09/07
1352,1352,7687,(株)ミクリード,東証GRT,447,+2,0.45,"1,800",2026/09/07
1353,1353,8089,ナイス(株),東証STD,"2,002",+9,0.45,"1,200",2026/09/07
1354,1354,9330,(株)揚羽,東証GRT,885,+4,0.45,"1,800",2026/09/07
1355,1355,1595,NZAM 上場投信 東証REIT指数,東証ETF,"1,835",+8,0.44,"37,485",2026/09/07
1356,1356,1652,iFreeETF MSCI日本株女性活躍指数(WIN),東証ETF,"5,076",+22,0.44,30,2026/09/07
1357,1357,1951,エクシオグループ(株),東証PRM,"2,622",+11.5,0.44,"466,700",2026/09/07
1358,1358,3569,セーレン(株),東証PRM,"3,420",+15,0.44,"88,500",2026/09/07
1359,1359,4380,(株)Ｍマート,東証GRT,688,+3,0.44,"6,500",2026/09/07
1360,1360,4920,(株)日本色材工業研究所,東証STD,"1,140",+5,0.44,200,2026/09/07
1361,1361,5363,(株)ＴＹＫ,東証STD,685,+3,0.44,"46,400",2026/09/07
1362,1362,6379,レイズネクスト(株),東証PRM,"2,962",+13,0.44,"184,800",2026/09/07
1363,1363,6658,シライ電子工業(株),東証STD,454,+2,0.44,"48,400",2026/09/07
1364,1364,7264,(株)ムロコーポレーション,東証STD,"1,357",+6,0.44,700,2026/09/07
1365,1365,7292,(株)村上開明堂,東証STD,"6,890",+30,0.44,"1,700",2026/09/07
1366,1366,7702,(株)ＪＭＳ,東証STD,457,+2,0.44,"13,400",2026/09/07
1367,1367,7919,野崎印刷紙業(株),東証STD,228,+1,0.44,"7,000",2026/09/07
1368,1368,9162,(株)ブリーチ,東証GRT,230,+1,0.44,"3,100",2026/09/07
1369,1369,9357,名港海運(株),名証MN,"2,499",+11,0.44,"1,400",2026/09/07
1370,1370,2112,塩水港精糖(株),東証STD,470,+2,0.43,"24,100",2026/09/07
1371,1371,2411,ゲンダイエージェンシー(株),東証STD,472,+2,0.43,"9,000",2026/09/07
1372,1372,244A,グロースエクスパートナーズ(株),東証GRT,"1,168",+5,0.43,"1,800",2026/09/07
1373,1373,3297,(株)東武住販,東証STD,"1,177",+5,0.43,"1,600",2026/09/07
1374,1374,3577,東海染工(株),東証STD,934,+4,0.43,"8,700",2026/09/07
1375,1375,3928,(株)マイネット,東証STD,236,+1,0.43,"6,500",2026/09/07
1376,1376,4657,(株)環境管理センター,東証STD,467,+2,0.43,"2,200",2026/09/07
1377,1377,5702,(株)大紀アルミニウム工業所,東証PRM,"1,860",+8,0.43,"177,400",2026/09/07
1378,1378,6463,ＴＰＲ(株),東証PRM,"1,619",+7,0.43,"96,600",2026/09/07
1379,1379,7112,(株)キューブ,東証GRT,698,+3,0.43,"3,800",2026/09/07
1380,1380,9059,カンダホールディングス(株),東証STD,926,+4,0.43,"1,300",2026/09/07
1381,1381,2989,東海道リート投資法人,東証,"95,500",+400,0.42,"1,318",2026/09/07
1382,1382,4483,(株)ＪＭＤＣ,東証PRM,"3,590",+15,0.42,"607,000",2026/09/07
1383,1383,4502,武田薬品工業(株),東証PRM,"5,777",+24,0.42,"2,396,900",2026/09/07
1384,1384,5858,(株)ＳＴＧ,東証GRT,"1,185",+5,0.42,"3,200",2026/09/07
1385,1385,6099,(株)エラン,東証PRM,725,+3,0.42,"96,900",2026/09/07
1386,1386,6222,(株)島精機製作所,東証PRM,957,+4,0.42,"142,500",2026/09/07
1387,1387,6819,伊豆シャボテンリゾート(株),東証STD,480,+2,0.42,"12,000",2026/09/07
1388,1388,7090,(株)リグア,東証GRT,948,+4,0.42,900,2026/09/07
1389,1389,7242,カヤバ(株),東証PRM,"4,830",+20,0.42,"125,000",2026/09/07
1390,1390,7461,(株)キムラ,東証STD,478,+2,0.42,"1,600",2026/09/07
1391,1391,7525,リックス(株),東証PRM,"3,600",+15,0.42,"13,400",2026/09/07
1392,1392,8920,(株)東祥,東証STD,717,+3,0.42,"55,500",2026/09/07
1393,1393,257A,SMT ETF日本株厳選投資アクティブ,東証ETF,"3,395",+14,0.41,258,2026/09/07
1394,1394,2805,ヱスビー食品(株),東証STD,"7,350",+30,0.41,"85,500",2026/09/07
1395,1395,4212,積水樹脂(株),東証PRM,"2,943",+12,0.41,"27,500",2026/09/07
1396,1396,5202,日本板硝子(株),東証PRM,493,+2,0.41,"3,726,300",2026/09/07
1397,1397,6307,サンセイ(株),東証STD,495,+2,0.41,"5,900",2026/09/07
1398,1398,7122,近畿車輛(株),東証STD,"2,446",+10,0.41,800,2026/09/07
1399,1399,7494,(株)コナカ,東証STD,245,+1,0.41,"19,900",2026/09/07
1400,1400,197A,(株)タウンズ,東証STD,506,+2,0.4,"189,700",2026/09/07
1401,1401,2019,GX 米国優先証券(隔月分配型),東証ETF,"1,003",+4,0.4,"2,975",2026/09/07
1402,1402,3622,ネットイヤーグループ(株),東証STD,499,+2,0.4,900,2026/09/07
1403,1403,4754,(株)トスネット,東証STD,"1,499",+6,0.4,300,2026/09/07
1404,1404,5368,日本インシュレーション(株),東証STD,"1,013",+4,0.4,"8,600",2026/09/07
1405,1405,5444,大和工業(株),東証PRM,"12,415",+50,0.4,"124,000",2026/09/07
1406,1406,5527,(株)ｐｒｏｐｅｒｔｙ　ｔｅｃｈｎｏｌｏｇｉｅｓ,東証GRT,745,+3,0.4,"10,400",2026/09/07
1407,1407,611A,One ETF 日本国債27-30年,東証ETF,"1,002",+4,0.4,330,2026/09/07
1408,1408,6538,(株)ディスラプターズ,東証STD,250,+1,0.4,"23,200",2026/09/07
1409,1409,8609,(株)岡三証券グループ,東証PRM,"1,243",+5,0.4,"472,600",2026/09/07
1410,1410,9074,日本石油輸送(株),東証STD,"5,060",+20,0.4,"2,600",2026/09/07
1411,1411,140A,iFreeETF 米国10年国債先物インバース,東証ETF,"2,035",+8,0.39,5,2026/09/07
1412,1412,1758,太洋基礎工業(株),東証STD,"2,560",+10,0.39,900,2026/09/07
1413,1413,1840,(株)土屋ホールディングス,東証STD,260,+1,0.39,"16,800",2026/09/07
1414,1414,1861,(株)熊谷組,東証PRM,"1,296",+5,0.39,"700,300",2026/09/07
1415,1415,1926,ライト工業(株),東証PRM,"3,820",+15,0.39,"111,500",2026/09/07
1416,1416,2291,福留ハム(株),東証STD,510,+2,0.39,"1,000",2026/09/07
1417,1417,3140,ＢＲＵＮＯ(株),東証GRT,"1,020",+4,0.39,"5,200",2026/09/07
1418,1418,3512,日本フエルト(株),東証STD,"1,033",+4,0.39,"9,800",2026/09/07
1419,1419,4463,日華化学(株),東証STD,"2,034",+8,0.39,"6,400",2026/09/07
1420,1420,6272,レオン自動機(株),東証PRM,"1,552",+6,0.39,"49,700",2026/09/07
1421,1421,6853,(株)共和電業,東証STD,763,+3,0.39,"12,300",2026/09/07
1422,1422,7081,コーユーレンティア(株),東証STD,"1,295",+5,0.39,"3,200",2026/09/07
1423,1423,7487,小津産業(株),東証STD,"1,800",+7,0.39,"3,600",2026/09/07
1424,1424,9147,ＮＩＰＰＯＮ　ＥＸＰＲＥＳＳホールディングス(株),東証PRM,"5,634",+22,0.39,"690,200",2026/09/07
1425,1425,9301,三菱倉庫(株),東証PRM,"1,546",+6,0.39,"756,300",2026/09/07
1426,1426,1777,川崎設備工業(株),名証MN,"2,348",+9,0.38,"2,100",2026/09/07
1427,1427,4054,日本情報クリエイト(株),東証GRT,524,+2,0.38,"4,200",2026/09/07
1428,1428,488A,iシェアーズ 円高フォーカス ETF,東証ETF,783.5,+3,0.38,"16,700",2026/09/07
1429,1429,4990,昭和化学工業(株),東証STD,530,+2,0.38,"1,500",2026/09/07
1430,1430,5587,(株)インバウンドプラットフォーム,東証GRT,793,+3,0.38,"24,700",2026/09/07
1431,1431,6262,(株)ＰＥＧＡＳＵＳ,東証STD,524,+2,0.38,"25,100",2026/09/07
1432,1432,9037,(株)ハマキョウレックス,東証PRM,"1,844",+7,0.38,"77,400",2026/09/07
1433,1433,1311,(NEXT FUNDS)TOPIX Core30連動型上場投信,東証ETF,"2,151",+8,0.37,"9,802",2026/09/07
1434,1434,3080,(株)ジェーソン,東証STD,815,+3,0.37,"5,100",2026/09/07
1435,1435,3583,オーベクス(株),東証STD,"1,350",+5,0.37,"2,500",2026/09/07
1436,1436,379A,GX S&P500 (ダイナミック・プロテクション),東証ETF,"1,343",+5,0.37,153,2026/09/07
1437,1437,4091,日本酸素ホールディングス(株),東証PRM,"5,491",+20,0.37,"538,900",2026/09/07
1438,1438,4169,ＥＮＥＣＨＡＮＧＥ(株),東証GRT,268,+1,0.37,"185,200",2026/09/07
1439,1439,4762,(株)エックスネット,東証STD,"2,165",+8,0.37,"3,900",2026/09/07
1440,1440,5918,瀧上工業(株),東証STD,"8,040",+30,0.37,200,2026/09/07
1441,1441,7698,(株)アイスコ,東証STD,"2,720",+10,0.37,"1,200",2026/09/07
1442,1442,7868,(株)広済堂ホールディングス,東証PRM,544,+2,0.37,"232,100",2026/09/07
1443,1443,7997,(株)くろがね工作所,東証STD,"1,083",+4,0.37,"1,400",2026/09/07
1444,1444,1620,(NEXT FUNDS)素材･化学上場投信,東証ETF,"36,670",+130,0.36,305,2026/09/07
1445,1445,1832,(株)北海電工,札証,"1,393",+5,0.36,"4,500",2026/09/07
1446,1446,2156,セーラー広告(株),東証STD,281,+1,0.36,"3,100",2026/09/07
1447,1447,4176,(株)ココナラ,東証GRT,276,+1,0.36,"37,700",2026/09/07
1448,1448,476A,辻・本郷ＩＴコンサルティング(株),東証STD,"1,679",+6,0.36,"3,900",2026/09/07
1449,1449,572A,iシェアーズ 日本国債3-7年,東証ETF,498,+1.8,0.36,10,2026/09/07
1450,1450,9115,明海グループ(株),東証STD,"1,104",+4,0.36,"51,500",2026/09/07
1451,1451,1305,iFreeETF TOPIX(年1回決算型),東証ETF,"4,343",+15,0.35,"44,570",2026/09/07
1452,1452,1493,One ETF JPX日経中小型,東証ETF,"25,825",+90,0.35,87,2026/09/07
1453,1453,1976,明星工業(株),東証PRM,"1,706",+6,0.35,"52,100",2026/09/07
1454,1454,3160,(株)大光,東証STD,580,+2,0.35,"2,400",2026/09/07
1455,1455,3419,アートグリーン(株),名証NXT,"1,995",+7,0.35,800,2026/09/07
1456,1456,4992,北興化学工業(株),東証STD,"1,983",+7,0.35,"63,000",2026/09/07
1457,1457,6111,旭精機工業(株),名証MN,"2,002",+7,0.35,100,2026/09/07
1458,1458,6346,キクカワエンタープライズ(株),東証STD,"5,670",+20,0.35,"1,000",2026/09/07
1459,1459,6349,(株)小森コーポレーション,東証PRM,"2,011",+7,0.35,"139,400",2026/09/07
1460,1460,7643,(株)ダイイチ,東証STD,"1,730",+6,0.35,"2,500",2026/09/07
1461,1461,9471,(株)文溪堂,名証MN,"1,138",+4,0.35,500,2026/09/07
1462,1462,1593,MAXIS JPX日経インデックス400上場投信,東証ETF,"38,040",+130,0.34,700,2026/09/07
1463,1463,3004,神栄(株),東証STD,"2,091",+7,0.34,"2,700",2026/09/07
1464,1464,3317,(株)フライングガーデン,東証STD,"1,489",+5,0.34,900,2026/09/07
1465,1465,3469,(株)デュアルタップ,東証STD,896,+3,0.34,"2,300",2026/09/07
1466,1466,3524,日東製網(株),東証STD,"1,486",+5,0.34,800,2026/09/07
1467,1467,4736,日本ラッド(株),東証STD,582,+2,0.34,"1,600",2026/09/07
1468,1468,5192,三ツ星ベルト(株),東証PRM,"4,370",+15,0.34,"33,600",2026/09/07
1469,1469,7129,ミアヘルサホールディングス(株),東証STD,"1,179",+4,0.34,"1,800",2026/09/07
1470,1470,1721,コムシスホールディングス(株),東証PRM,"5,419",+18,0.33,"346,800",2026/09/07
1471,1471,1867,(株)植木組,東証STD,"2,731",+9,0.33,"1,400",2026/09/07
1472,1472,2080,PBR1倍割れ解消推進ETF,東証ETF,"2,118",+7,0.33,"39,095",2026/09/07
1473,1473,2418,(株)ツカダ・グローバルホールディング,東証STD,606,+2,0.33,"31,700",2026/09/07
1474,1474,2499,日本和装ホールディングス(株),東証STD,308,+1,0.33,"23,600",2026/09/07
1475,1475,2567,NZAM 上場投信 S&P/JPXカーボン・エフィシェント指数,東証ETF,544.7,+1.8,0.33,"2,180",2026/09/07
1476,1476,2590,ダイドーグループホールディングス(株),東証PRM,"3,015",+10,0.33,"120,900",2026/09/07
1477,1477,3068,(株)ＷＤＩ,東証STD,"3,055",+10,0.33,"2,400",2026/09/07
1478,1478,4177,(株)ｉ－ｐｌｕｇ,東証GRT,"1,530",+5,0.33,"2,500",2026/09/07
1479,1479,4735,(株)京進,東証STD,301,+1,0.33,"6,000",2026/09/07
1480,1480,4811,(株)ドリーム・アーツ,東証GRT,911,+3,0.33,"12,900",2026/09/07
1481,1481,5576,(株)オービーシステム,東証STD,"3,015",+10,0.33,500,2026/09/07
1482,1482,6073,(株)アサンテ,東証PRM,"1,532",+5,0.33,"8,000",2026/09/07
1483,1483,6339,新東工業(株),東証PRM,"1,202",+4,0.33,"100,700",2026/09/07
1484,1484,6424,(株)高見沢サイバネティックス,東証STD,904,+3,0.33,"3,400",2026/09/07
1485,1485,6537,ＷＡＳＨハウス(株),東証GRT,300,+1,0.33,"13,400",2026/09/07
1486,1486,6794,フォスター電機(株),東証PRM,"3,035",+10,0.33,"82,000",2026/09/07
1487,1487,7227,アスカ(株),名証MN,"1,830",+6,0.33,"2,200",2026/09/07
1488,1488,7607,(株)進和,東証PRM,"3,040",+10,0.33,"16,400",2026/09/07
1489,1489,8207,テンアライド(株),東証STD,302,+1,0.33,"26,800",2026/09/07
1490,1490,318A,VIX短期先物指数ETF,東証ETF,343.3,+1.1,0.32,"834,740",2026/09/07
1491,1491,407A,(株)ＵＮＩＣＯＮホールディングス,東証STD,944,+3,0.32,"6,900",2026/09/07
1492,1492,6144,西部電機(株),東証STD,"2,853",+9,0.32,"5,800",2026/09/07
1493,1493,6737,ＥＩＺＯ(株),東証PRM,"3,125",+10,0.32,"135,400",2026/09/07
1494,1494,6932,(株)遠藤照明,東証STD,"2,527",+8,0.32,"18,700",2026/09/07
1495,1495,7095,(株)Ｍａｃｂｅｅ　Ｐｌａｎｅｔ,東証PRM,"1,264",+4,0.32,"50,700",2026/09/07
1496,1496,7872,エステールホールディングス(株),東証STD,619,+2,0.32,"3,900",2026/09/07
1497,1497,8041,ＯＵＧホールディングス(株),東証STD,"4,670",+15,0.32,"3,500",2026/09/07
1498,1498,8230,(株)はせがわ,東証STD,311,+1,0.32,"12,600",2026/09/07
1499,1499,9621,(株)建設技術研究所,東証PRM,"3,175",+10,0.32,"43,700",2026/09/07
1500,1500,1473,One ETF トピックス,東証ETF,"4,201",+13,0.31,"7,760",2026/09/07
1501,1501,1882,東亜道路工業(株),東証PRM,"1,614",+5,0.31,"332,800",2026/09/07
1502,1502,2524,NZAM 上場投信 TOPIX,東証ETF,"4,211",+13,0.31,"1,055",2026/09/07
1503,1503,3944,古林紙工(株),東証STD,"3,245",+10,0.31,700,2026/09/07
1504,1504,4183,三井化学(株),東証PRM,"2,231",+7,0.31,"2,228,200",2026/09/07
1505,1505,480A,(株)リブ・コンサルティング,東証GRT,965,+3,0.31,"16,700",2026/09/07
1506,1506,538A,NZAM 上場投信 米国国債7-10年(H無),東証ETF,"4,799",+15,0.31,1,2026/09/07
1507,1507,5930,文化シヤッター(株),東証PRM,"1,913",+6,0.31,"63,800",2026/09/07
1508,1508,6402,兼松エンジニアリング(株),東証STD,"1,619",+5,0.31,"2,700",2026/09/07
1509,1509,7459,(株)メディパルホールディングス,東証PRM,"2,928",+9,0.31,"618,900",2026/09/07
1510,1510,7619,田中商事(株),東証STD,971,+3,0.31,"2,100",2026/09/07
1511,1511,9069,センコーグループホールディングス(株),東証PRM,"2,232.5",+7,0.31,"224,300",2026/09/07
1512,1512,1591,(NEXT FUNDS) JPX日経インデックス400,東証ETF,"37,110",+110,0.3,258,2026/09/07
1513,1513,205A,(株)ロゴスホールディングス,東証GRT,"1,645",+5,0.3,"18,600",2026/09/07
1514,1514,2425,(株)ケアサービス,東証STD,667,+2,0.3,"2,500",2026/09/07
1515,1515,3023,ラサ商事(株),東証STD,"2,032",+6,0.3,"26,400",2026/09/07
1516,1516,4491,コンピューターマネージメント(株),東証STD,"3,370",+10,0.3,"3,900",2026/09/07
1517,1517,4678,(株)秀英予備校,東証STD,331,+1,0.3,"2,000",2026/09/07
1518,1518,6562,(株)ジーニー,東証GRT,989,+3,0.3,"71,700",2026/09/07
1519,1519,7077,(株)ＡＬｉＮＫインターネット,東証GRT,988,+3,0.3,"1,200",2026/09/07
1520,1520,7367,(株)セルム,東証STD,331,+1,0.3,"7,900",2026/09/07
1521,1521,7879,(株)ノダ,東証STD,672,+2,0.3,"8,400",2026/09/07
1522,1522,8388,(株)阿波銀行,東証PRM,"9,970",+30,0.3,"89,900",2026/09/07
1523,1523,9160,(株)オンザページ,東証STD,332,+1,0.3,"42,800",2026/09/07
1524,1524,9215,(株)ＣａＳｙ,東証GRT,"1,003",+3,0.3,"2,100",2026/09/07
1525,1525,9563,Ａｔｌａｓ　Ｔｅｃｈｎｏｌｏｇｉｅｓ(株),東証GRT,338,+1,0.3,"13,700",2026/09/07
1526,1526,143A,イシン(株),東証GRT,702,+2,0.29,"2,100",2026/09/07
1527,1527,2114,フジ日本(株),東証STD,682,+2,0.29,"10,700",2026/09/07
1528,1528,228A,(株)オプロ,東証GRT,"1,706",+5,0.29,"2,000",2026/09/07
1529,1529,3969,(株)エイトレッド,東証STD,"1,405",+4,0.29,"3,800",2026/09/07
1530,1530,4707,(株)キタック,東証STD,341,+1,0.29,"18,000",2026/09/07
1531,1531,5285,(株)ヤマックス,東証STD,"1,370",+4,0.29,"22,000",2026/09/07
1532,1532,6309,巴工業(株),東証PRM,"2,058",+6,0.29,"69,000",2026/09/07
1533,1533,6333,(株)ＴＥＩＫＯＫＵ,東証PRM,"3,410",+10,0.29,"25,600",2026/09/07
1534,1534,6915,千代田インテグレ(株),東証STD,"3,405",+10,0.29,"7,900",2026/09/07
1535,1535,9446,(株)サカイホールディングス,東証STD,698,+2,0.29,"1,900",2026/09/07
1536,1536,9514,(株)エフオン,東証STD,341,+1,0.29,"51,500",2026/09/07
1537,1537,168A,(株)イタミアート,東証GRT,"1,088",+3,0.28,"1,000",2026/09/07
1538,1538,2349,(株)エヌアイデイ,東証STD,"2,468",+7,0.28,200,2026/09/07
1539,1539,2454,(株)オールアバウト,東証STD,354,+1,0.28,"4,100",2026/09/07
1540,1540,3300,(株)アンビション　ＤＸ　ホールディングス,東証GRT,"1,821",+5,0.28,"31,200",2026/09/07
1541,1541,3913,ＧｒｅｅｎＢｅｅ(株),東証STD,"1,093",+3,0.28,"2,000",2026/09/07
1542,1542,4112,保土谷化学工業(株),東証PRM,"2,175",+6,0.28,"45,000",2026/09/07
1543,1543,4531,有機合成薬品工業(株),東証STD,363,+1,0.28,"33,500",2026/09/07
1544,1544,483A,テラテクノロジー(株),東証STD,"2,166",+6,0.28,"1,100",2026/09/07
1545,1545,7076,名南Ｍ＆Ａ(株),名証MN,"1,093",+3,0.28,"14,400",2026/09/07
1546,1546,7127,(株)一家ホールディングス,東証STD,711,+2,0.28,"8,900",2026/09/07
1547,1547,8227,(株)しまむら,東証PRM,"3,258",+9,0.28,"540,500",2026/09/07
1548,1548,8544,(株)京葉銀行,東証PRM,"2,878",+8,0.28,"185,700",2026/09/07
1549,1549,8714,(株)池田泉州ホールディングス,東証PRM,"1,086",+3,0.28,"472,300",2026/09/07
1550,1550,1651,iFreeETF TOPIX高配当40指数,東証ETF,"3,340",+9,0.27,"134,749",2026/09/07
1551,1551,2371,(株)カカクコム,東証PRM,"3,700",+10,0.27,"109,000",2026/09/07
1552,1552,323A,(株)フライヤー,東証GRT,374,+1,0.27,"7,800",2026/09/07
1553,1553,3772,ウェルス・マネジメント(株),東証STD,"1,103",+3,0.27,"16,200",2026/09/07
1554,1554,4929,(株)アジュバンホールディングス,東証STD,742,+2,0.27,"1,900",2026/09/07
1555,1555,6171,(株)土木管理総合試験所,東証STD,374,+1,0.27,"4,500",2026/09/07
1556,1556,6560,(株)エル・ティー・エス,東証PRM,"1,864",+5,0.27,"15,900",2026/09/07
1557,1557,6837,(株)京写,東証STD,372,+1,0.27,"18,000",2026/09/07
1558,1558,7555,(株)大田花き,東証STD,749,+2,0.27,100,2026/09/07
1559,1559,8979,スターツプロシード投資法人,東証,"185,500",+500,0.27,708,2026/09/07
1560,1560,9385,(株)ショーエイコーポレーション,東証STD,750,+2,0.27,"8,000",2026/09/07
1561,1561,3035,ケイティケイ(株),東証STD,776,+2,0.26,"14,000",2026/09/07
1562,1562,4094,日本化学産業(株),東証STD,"2,285",+6,0.26,"6,000",2026/09/07
1563,1563,4409,東邦化学工業(株),東証STD,784,+2,0.26,"5,000",2026/09/07
1564,1564,4496,(株)コマースＯｎｅホールディングス,東証GRT,781,+2,0.26,"2,700",2026/09/07
1565,1565,5288,アジアパイルホールディングス(株),東証PRM,"1,516",+4,0.26,"137,400",2026/09/07
1566,1566,556A,犬猫生活(株),東証GRT,"2,334",+6,0.26,"37,000",2026/09/07
1567,1567,6874,協立電機(株),東証STD,"2,345",+6,0.26,"7,500",2026/09/07
1568,1568,6986,双葉電子工業(株),東証PRM,782,+2,0.26,"443,200",2026/09/07
1569,1569,2083,(NEXT FUNDS) 日本成長株アクティブ,東証ETF,"3,971",+10,0.25,"3,691",2026/09/07
1570,1570,2268,Ｂ－Ｒ　サーティワン　アイスクリーム(株),東証STD,"4,050",+10,0.25,"12,100",2026/09/07
1571,1571,3159,丸善ＣＨＩホールディングス(株),東証STD,406,+1,0.25,"108,800",2026/09/07
1572,1572,4059,(株)まぐまぐ,東証STD,395,+1,0.25,"6,400",2026/09/07
1573,1573,469A,(株)フィットクルー,東証GRT,"1,635",+4,0.25,"4,800",2026/09/07
1574,1574,6233,ＫＬＡＳＳ(株),東証STD,398,+1,0.25,"4,500",2026/09/07
1575,1575,7185,ヒロセ通商(株),東証STD,"3,935",+10,0.25,"6,100",2026/09/07
1576,1576,7636,(株)ハンズマン,東証STD,799,+2,0.25,"7,300",2026/09/07
1577,1577,7962,(株)キングジム,東証PRM,801,+2,0.25,"12,000",2026/09/07
1578,1578,8007,高島(株),東証PRM,804,+2,0.25,"105,700",2026/09/07
1579,1579,8835,太平洋興発(株),東証STD,803,+2,0.25,"30,000",2026/09/07
1580,1580,9767,日建工学(株),東証STD,"1,621",+4,0.25,"3,100",2026/09/07
1581,1581,2622,iシェアーズ 米ドル建て新興国債券(H有),東証ETF,"1,702",+4,0.24,"1,661",2026/09/07
1582,1582,3002,グンゼ(株),東証PRM,"4,105",+10,0.24,"117,100",2026/09/07
1583,1583,3848,(株)データ・アプリケーション,東証STD,843,+2,0.24,"1,400",2026/09/07
1584,1584,3955,(株)イムラ,東証STD,849,+2,0.24,"1,400",2026/09/07
1585,1585,6325,(株)タカキタ,東証STD,415,+1,0.24,"2,100",2026/09/07
1586,1586,7354,(株)ダイレクトマーケティングミックス,東証STD,421,+1,0.24,"918,800",2026/09/07
1587,1587,7839,(株)ＳＨＯＥＩ,東証PRM,"2,116",+5,0.24,"225,200",2026/09/07
1588,1588,8020,兼松(株),東証PRM,"2,280",+5.5,0.24,"485,200",2026/09/07
1589,1589,9039,(株)サカイ引越センター,東証PRM,"2,976",+7,0.24,"59,400",2026/09/07
1590,1590,9073,京極運輸商事(株),東証STD,"1,230",+3,0.24,600,2026/09/07
1591,1591,9303,(株)住友倉庫,東証PRM,"4,145",+10,0.24,"80,200",2026/09/07
1592,1592,9308,乾汽船(株),東証STD,"2,086",+5,0.24,"62,100",2026/09/07
1593,1593,9348,(株)ｉｓｐａｃｅ,東証GRT,417,+1,0.24,"393,900",2026/09/07
1594,1594,1541,純プラチナ上場信託(現物国内保管型),東証ETF,"8,212",+19,0.23,"24,770",2026/09/07
1595,1595,1802,(株)大林組,東証PRM,"3,018",+7,0.23,"1,831,600",2026/09/07
1596,1596,2081,政策保有解消推進ETF,東証ETF,"2,202",+5,0.23,391,2026/09/07
1597,1597,2085,MAXIS 高配当日本株アクティブ,東証ETF,790,+1.8,0.23,"6,340",2026/09/07
1598,1598,2522,iシェアーズ オートメーション&ロボット ETF,東証ETF,"8,740",+20,0.23,"6,137",2026/09/07
1599,1599,2874,ヨコレイ,東証PRM,"2,167",+5,0.23,"108,400",2026/09/07
1600,1600,3670,協立情報通信(株),名証MN,"1,736",+4,0.23,100,2026/09/07
1601,1601,3815,(株)メディア工房,東証GRT,430,+1,0.23,"9,900",2026/09/07
1602,1602,4193,(株)ファブリカホールディングス,東証STD,"2,170",+5,0.23,"4,200",2026/09/07
1603,1603,4914,高砂香料工業(株),東証PRM,"1,297",+3,0.23,"115,300",2026/09/07
1604,1604,6614,(株)シキノハイテック,東証STD,872,+2,0.23,"5,700",2026/09/07
1605,1605,6675,サクサ(株),東証STD,"2,177",+5,0.23,"17,800",2026/09/07
1606,1606,7343,ブロードマインド(株),東証GRT,"1,294",+3,0.23,800,2026/09/07
1607,1607,8377,(株)ほくほくフィナンシャルグループ,東証PRM,"8,335",+19,0.23,"299,600",2026/09/07
1608,1608,9537,北陸ガス(株),東証STD,"4,310",+10,0.23,"1,300",2026/09/07
1609,1609,2304,(株)ＣＳＳホールディングス,東証STD,915,+2,0.22,"5,100",2026/09/07
1610,1610,2892,日本食品化工(株),東証STD,"4,595",+10,0.22,"2,100",2026/09/07
1611,1611,2917,(株)大森屋,東証STD,925,+2,0.22,"4,000",2026/09/07
1612,1612,3067,(株)東京一番フーズ,東証STD,466,+1,0.22,"7,600",2026/09/07
1613,1613,3965,(株)キャピタル・アセット・プランニング,東証STD,899,+2,0.22,"4,100",2026/09/07
1614,1614,4262,ニフティライフスタイル(株),東証GRT,"1,390",+3,0.22,"2,700",2026/09/07
1615,1615,5949,ユニプレス(株),東証PRM,"1,353",+3,0.22,"82,800",2026/09/07
1616,1616,6563,(株)みらいワークス,東証GRT,454,+1,0.22,"18,900",2026/09/07
1617,1617,7226,極東開発工業(株),東証PRM,"2,299",+5,0.22,"174,000",2026/09/07
1618,1618,9795,(株)ステップ,東証PRM,"2,300",+5,0.22,"15,900",2026/09/07
1619,1619,9849,(株)共同紙販ホールディングス,東証STD,"4,520",+10,0.22,300,2026/09/07
1620,1620,1605,(株)ＩＮＰＥＸ,東証PRM,"3,788",+8,0.21,"4,789,000",2026/09/07
1621,1621,1844,(株)大盛工業,東証STD,475,+1,0.21,"54,200",2026/09/07
1622,1622,2493,イーサポートリンク(株),東証STD,947,+2,0.21,"1,700",2026/09/07
1623,1623,2623,iシェアーズ ユーロ建て投資適格社債(H有),東証ETF,"1,926",+4,0.21,"3,098",2026/09/07
1624,1624,3986,(株)ビーブレイクシステムズ,東証STD,472,+1,0.21,"7,600",2026/09/07
1625,1625,399A,上場インデックスファンド日経平均高配当株50,東証ETF,"2,380",+5,0.21,"83,415",2026/09/07
1626,1626,4288,(株)アズジェント,東証STD,468,+1,0.21,"13,400",2026/09/07
1627,1627,4371,(株)コアコンセプト・テクノロジー,東証GRT,"1,440",+3,0.21,"8,500",2026/09/07
1628,1628,4421,(株)ディ・アイ・システム,東証STD,944,+2,0.21,"2,000",2026/09/07
1629,1629,4673,川崎地質(株),東証STD,"4,835",+10,0.21,"2,100",2026/09/07
1630,1630,5101,横浜ゴム(株),東証PRM,"7,110",+15,0.21,"787,600",2026/09/07
1631,1631,5967,ＴＯＮＥ(株),東証STD,468,+1,0.21,"22,700",2026/09/07
1632,1632,5981,東京製綱(株),東証PRM,"1,882",+4,0.21,"58,200",2026/09/07
1633,1633,7442,中山福(株),東証STD,484,+1,0.21,"6,200",2026/09/07
1634,1634,8713,フィデアホールディングス(株),東証PRM,"2,823",+6,0.21,"58,300",2026/09/07
1635,1635,1349,ABF 汎アジア債券インデックス･ファンド,東証ETF,"17,465",+35,0.2,46,2026/09/07
1636,1636,2058,(株)ヒガシマル,福証,"1,007",+2,0.2,600,2026/09/07
1637,1637,2226,(株)湖池屋,東証STD,"4,900",+10,0.2,"2,500",2026/09/07
1638,1638,234A,GX MSCI キャッシュフローキング-日本株式,東証ETF,"1,496",+3,0.2,"2,284",2026/09/07
1639,1639,2636,GX MSCIガバナンス・クオリティ-日本株式,東証ETF,"4,911",+10,0.2,110,2026/09/07
1640,1640,2934,ジェイフロンティア(株),東証GRT,"2,025",+4,0.2,"5,900",2026/09/07
1641,1641,3204,(株)トーア紡コーポレーション,東証STD,502,+1,0.2,"4,600",2026/09/07
1642,1642,3920,アイビーシー(株),東証STD,999,+2,0.2,"1,800",2026/09/07
1643,1643,4076,(株)シイエヌエス,東証GRT,"2,009",+4,0.2,"2,300",2026/09/07
1644,1644,492A,One ETF 日本国債 高クーポン(平均残存10年未満),東証ETF,968.7,+1.9,0.2,20,2026/09/07
1645,1645,6189,(株)グローバルキッズＣＯＭＰＡＮＹ,東証STD,"1,012",+2,0.2,"6,900",2026/09/07
1646,1646,6540,(株)船場,東証STD,"1,523",+3,0.2,"18,700",2026/09/07
1647,1647,6743,大同信号(株),東証STD,"1,026",+2,0.2,"20,200",2026/09/07
1648,1648,7079,ＷＤＢココ(株),東証GRT,"2,546",+5,0.2,100,2026/09/07
1649,1649,7120,(株)ＳＨＩＮＫＯ,東証STD,"1,000",+2,0.2,"4,600",2026/09/07
1650,1650,7189,(株)西日本フィナンシャルホールディングス,東証PRM,"4,939",+10,0.2,"286,800",2026/09/07
1651,1651,75505,（株）ゼンショーホールディングス第1回社債型種類株式,東証PRM,"4,940",+10,0.2,600,2026/09/07
1652,1652,7782,(株)シンシア,東証STD,492,+1,0.2,"4,900",2026/09/07
1653,1653,7896,セブン工業(株),東証STD,507,+1,0.2,100,2026/09/07
1654,1654,9823,(株)マミーマートホールディングス,東証STD,"1,017",+2,0.2,"69,200",2026/09/07
1655,1655,9835,(株)ジュンテンドー,東証STD,510,+1,0.2,"3,600",2026/09/07
1656,1656,9986,蔵王産業(株),東証STD,"2,477",+5,0.2,"4,500",2026/09/07
1657,1657,1446,(株)キャンディル,東証STD,538,+1,0.19,"2,500",2026/09/07
1658,1658,170A,SMT ETF日本好配当株アクティブ,東証ETF,"3,126",+6,0.19,26,2026/09/07
1659,1659,2340,(株)極楽湯ホールディングス,東証STD,520,+1,0.19,"50,700",2026/09/07
1660,1660,2632,MAXIS ナスダック100上場投信(H有),東証ETF,"17,995",+35,0.19,"2,263",2026/09/07
1661,1661,3021,(株)パシフィックネット,東証STD,"1,598",+3,0.19,"4,900",2026/09/07
1662,1662,7614,(株)オーエムツーネットワーク,東証STD,"1,544",+3,0.19,"3,200",2026/09/07
1663,1663,2251,(NEXT FUNDS) JPX国債先物ダブルインバース,東証ETF,908.3,+1.6,0.18,"13,580",2026/09/07
1664,1664,3912,(株)モバイルファクトリー,東証STD,"1,127",+2,0.18,"3,900",2026/09/07
1665,1665,4347,ブロードメディア(株),東証STD,"1,639",+3,0.18,"12,700",2026/09/07
1666,1666,571A,iシェアーズ 日本国債1-3年,東証ETF,499.1,+0.9,0.18,120,2026/09/07
1667,1667,6088,(株)シグマクシス・ホールディングス,東証PRM,547,+1,0.18,"221,400",2026/09/07
1668,1668,6632,(株)ＪＶＣケンウッド,東証PRM,992.9,+1.8,0.18,"1,406,300",2026/09/07
1669,1669,7097,(株)さくらさくプラス,東証GRT,"2,755",+5,0.18,"3,700",2026/09/07
1670,1670,7368,表示灯(株),東証STD,"1,714",+3,0.18,"1,100",2026/09/07
1671,1671,7502,(株)プラザホールディングス,東証STD,"1,695",+3,0.18,"1,500",2026/09/07
1672,1672,8771,イー・ギャランティ(株),東証PRM,"1,713",+3,0.18,"204,800",2026/09/07
1673,1673,9009,京成電鉄(株),東証PRM,"1,369.5",+2.5,0.18,"1,525,200",2026/09/07
1674,1674,9249,日本エコシステム(株),東証STD,"1,679",+3,0.18,"6,700",2026/09/07
1675,1675,2410,(株)キャリアデザインセンター,東証PRM,"2,882",+5,0.17,"24,900",2026/09/07
1676,1676,2937,(株)サンクゼール,東証GRT,"1,760",+3,0.17,"2,300",2026/09/07
1677,1677,3232,三重交通グループホールディングス(株),東証PRM,602,+1,0.17,"169,100",2026/09/07
1678,1678,4088,エア・ウォーター(株),東証PRM,"3,015",+5,0.17,"3,476,300",2026/09/07
1679,1679,4934,プレミアアンチエイジング(株),東証GRT,597,+1,0.17,"7,800",2026/09/07
1680,1680,5187,クリエートメディック(株),東証STD,"1,146",+2,0.17,"2,200",2026/09/07
1681,1681,7283,愛三工業(株),東証PRM,"2,315",+4,0.17,"92,700",2026/09/07
1682,1682,7284,盟和産業(株),東証STD,"1,162",+2,0.17,700,2026/09/07
1683,1683,7749,メディキット(株),東証STD,"2,965",+5,0.17,"2,100",2026/09/07
1684,1684,9946,ミニストップ(株),東証PRM,"1,796",+3,0.17,"61,700",2026/09/07
1685,1685,1364,ｉシェアーズ JPX日経400 ETF,東証ETF,"3,783",+6,0.16,"10,783",2026/09/07
1686,1686,1662,石油資源開発(株),東証PRM,"1,878",+3,0.16,"861,500",2026/09/07
1687,1687,1994,高橋カーテンウォール工業(株),東証STD,619,+1,0.16,"16,500",2026/09/07
1688,1688,2215,第一屋製パン(株),東証STD,613,+1,0.16,"5,900",2026/09/07
1689,1689,2221,岩塚製菓(株),東証STD,"3,065",+5,0.16,"1,400",2026/09/07
1690,1690,2518,(NEXT FUNDS) MSCI日本株女性活躍(セレクト)上場投信,東証ETF,"2,443",+4,0.16,"15,178",2026/09/07
1691,1691,426A,ニッセイ ETF S&P500イコール・ウェイト(H無),東証ETF,"1,218",+2,0.16,"5,903",2026/09/07
1692,1692,4623,(株)アサヒペン,東証STD,"1,848",+3,0.16,"2,100",2026/09/07
1693,1693,4926,(株)シーボン,東証STD,"1,249",+2,0.16,500,2026/09/07
1694,1694,5204,石塚硝子(株),東証STD,"3,060",+5,0.16,"2,100",2026/09/07
1695,1695,6231,木村工機(株),東証STD,"12,390",+20,0.16,"11,100",2026/09/07
1696,1696,7847,(株)グラファイトデザイン,東証STD,631,+1,0.16,"4,000",2026/09/07
1697,1697,7981,タカラスタンダード(株),東証PRM,"3,115",+5,0.16,"95,000",2026/09/07
1698,1698,8737,(株)あかつき本社,東証STD,619,+1,0.16,"25,100",2026/09/07
1699,1699,9065,山九(株),東証PRM,"8,113",+13,0.16,"106,700",2026/09/07
1700,1700,9902,(株)日伝,東証PRM,"3,075",+5,0.16,"51,000",2026/09/07
1701,1701,3123,サイボー(株),東証STD,655,+1,0.15,"1,700",2026/09/07
1702,1702,3161,アゼアス(株),東証STD,667,+1,0.15,"3,000",2026/09/07
1703,1703,328A,GX プライシングパワー・リーダーズ-日本株式,東証ETF,"1,375",+2,0.15,982,2026/09/07
1704,1704,354A,iFreeETF ブルームバーグ日本株高配当50指数,東証ETF,"3,355",+5,0.15,"38,729",2026/09/07
1705,1705,4559,ゼリア新薬工業(株),東証PRM,"1,986",+3,0.15,"156,400",2026/09/07
1706,1706,5458,高砂鐵工(株),東証STD,"1,361",+2,0.15,"1,400",2026/09/07
1707,1707,5889,Ｊａｐａｎ　Ｅｙｅｗｅａｒ　Ｈｏｌｄｉｎｇｓ(株),東証PRM,"2,654",+4,0.15,"92,200",2026/09/07
1708,1708,5966,ＫＴＣ(株),東証STD,"2,640",+4,0.15,100,2026/09/07
1709,1709,6218,エンシュウ(株),東証STD,660,+1,0.15,"16,400",2026/09/07
1710,1710,7416,(株)はるやまホールディングス,東証STD,684,+1,0.15,"1,700",2026/09/07
1711,1711,7444,ハリマ共和物産(株),東証STD,"1,980",+3,0.15,300,2026/09/07
1712,1712,8739,スパークス・グループ(株),東証PRM,"2,648",+4,0.15,"125,300",2026/09/07
1713,1713,9159,(株)Ｗ　ＴＯＫＹＯ,東証GRT,"1,989",+3,0.15,"2,400",2026/09/07
1714,1714,1689,WisdomTree 天然ガス上場投信,東証ETF,726,+1,0.14,"14,606",2026/09/07
1715,1715,1909,日本ドライケミカル(株),東証STD,"3,700",+5,0.14,"126,100",2026/09/07
1716,1716,2207,(株)ｍｅｉｔｏ,東証PRM,"3,455",+5,0.14,"41,700",2026/09/07
1717,1717,4429,リックソフト(株),東証GRT,718,+1,0.14,900,2026/09/07
1718,1718,4548,生化学工業(株),東証PRM,705,+1,0.14,"95,600",2026/09/07
1719,1719,509A,グリーンライト・再エネインフラ投資法人,東証,"71,000",+100,0.14,387,2026/09/07
1720,1720,5161,西川ゴム工業(株),東証STD,"3,575",+5,0.14,"115,200",2026/09/07
1721,1721,5852,(株)アーレスティ,東証PRM,691,+1,0.14,"54,700",2026/09/07
1722,1722,6150,タケダ機械(株),東証STD,"2,803",+4,0.14,800,2026/09/07
1723,1723,7551,(株)ウェッズ,東証STD,727,+1,0.14,"7,700",2026/09/07
1724,1724,7561,(株)ハークスレイホールディングス,東証STD,713,+1,0.14,"11,000",2026/09/07
1725,1725,7931,未来工業(株),東証PRM,"3,620",+5,0.14,"17,700",2026/09/07
1726,1726,7965,象印マホービン(株),東証PRM,"1,448",+2,0.14,"84,200",2026/09/07
1727,1727,8076,(株)カノークス,東証STD,"2,119",+3,0.14,"4,000",2026/09/07
1728,1728,8104,クワザワホールディングス(株),東証STD,706,+1,0.14,"16,900",2026/09/07
1729,1729,8522,(株)名古屋銀行,東証PRM,"7,150",+10,0.14,"60,800",2026/09/07
1730,1730,9339,(株)コーチ・エィ,東証STD,"1,432",+2,0.14,"1,400",2026/09/07
1731,1731,2923,サトウ食品(株),東証STD,"7,930",+10,0.13,"1,100",2026/09/07
1732,1732,3580,小松マテーレ(株),東証PRM,759,+1,0.13,"68,100",2026/09/07
1733,1733,3930,(株)はてな,東証GRT,778,+1,0.13,"13,100",2026/09/07
1734,1734,5280,ヨシコン(株),東証STD,"2,228",+3,0.13,"6,100",2026/09/07
1735,1735,5940,不二サッシ(株),東証STD,758,+1,0.13,"12,100",2026/09/07
1736,1736,6392,(株)ヤマダコーポレーション,東証STD,"7,780",+10,0.13,200,2026/09/07
1737,1737,7350,(株)おきなわフィナンシャルグループ,東証PRM,"7,920",+10,0.13,"56,100",2026/09/07
1738,1738,7793,(株)イメージ・マジック,東証GRT,"1,503",+2,0.13,"1,100",2026/09/07
1739,1739,8030,中央魚類(株),東証STD,"3,910",+5,0.13,"5,300",2026/09/07
1740,1740,8368,(株)百五銀行,東証PRM,"2,379",+3,0.13,"615,200",2026/09/07
1741,1741,9284,カナディアン・ソーラー・インフラ投資法人,東証,"75,600",+100,0.13,832,2026/09/07
1742,1742,9450,(株)ファイバーゲート,東証STD,772,+1,0.13,"33,300",2026/09/07
1743,1743,9818,大丸エナウィン(株),東証STD,"1,550",+2,0.13,500,2026/09/07
1744,1744,142A,(株)ジンジブ,東証GRT,829,+1,0.12,"4,000",2026/09/07
1745,1745,2087,NZAM 上場投信 NASDAQ100(H有),東証ETF,"3,445",+4,0.12,"7,304",2026/09/07
1746,1746,3096,(株)オーシャンシステム,東証STD,"1,611",+2,0.12,"3,100",2026/09/07
1747,1747,3099,(株)三越伊勢丹ホールディングス,東証PRM,"3,207",+4,0.12,"1,776,200",2026/09/07
1748,1748,3476,投資法人みらい,東証,"41,150",+50,0.12,"4,243",2026/09/07
1749,1749,6824,新コスモス電機(株),東証STD,"4,240",+5,0.12,"13,800",2026/09/07
1750,1750,6848,東亜ディーケーケー(株),東証STD,866,+1,0.12,"3,600",2026/09/07
1751,1751,7180,(株)九州フィナンシャルグループ,東証PRM,"1,612",+2,0.12,"814,200",2026/09/07
1752,1752,7486,サンリン(株),東証STD,811,+1,0.12,"3,000",2026/09/07
1753,1753,8418,(株)山口フィナンシャルグループ,東証PRM,"3,230",+4,0.12,"278,400",2026/09/07
1754,1754,9701,(株)東京會舘,東証STD,"4,330",+5,0.12,"1,100",2026/09/07
1755,1755,1382,(株)ホーブ,東証STD,876,+1,0.11,"1,300",2026/09/07
1756,1756,2186,ソーバル(株),東証STD,905,+1,0.11,"8,300",2026/09/07
1757,1757,2259,iシェアーズ フランス国債7-10年(H有),東証ETF,178.4,+0.2,0.11,30,2026/09/07
1758,1758,2642,SMT ETFカーボン・エフィシェント日本株,東証ETF,"54,050",+60,0.11,15,2026/09/07
1759,1759,2769,(株)ヴィレッジヴァンガードコーポレーション,東証STD,926,+1,0.11,"2,900",2026/09/07
1760,1760,5578,ＡＲアドバンストテクノロジ(株),東証GRT,891,+1,0.11,"26,400",2026/09/07
1761,1761,5592,(株)くすりの窓口,東証GRT,"2,667",+3,0.11,"17,800",2026/09/07
1762,1762,5609,日本鋳造(株),東証STD,915,+1,0.11,"17,700",2026/09/07
1763,1763,5959,岡部(株),東証PRM,953,+1,0.11,"64,900",2026/09/07
1764,1764,6360,(株)東京自働機械製作所,東証STD,"4,725",+5,0.11,"2,400",2026/09/07
1765,1765,6518,三相電機(株),東証STD,"1,749",+2,0.11,"4,900",2026/09/07
1766,1766,6623,愛知電機(株),名証PRM,"8,890",+10,0.11,"3,500",2026/09/07
1767,1767,7270,(株)ＳＵＢＡＲＵ,東証PRM,"2,640.5",+3,0.11,"2,548,900",2026/09/07
1768,1768,7299,フジオーゼックス(株),東証STD,"1,851",+2,0.11,"1,300",2026/09/07
1769,1769,7604,(株)梅の花グループ,東証STD,910,+1,0.11,"8,600",2026/09/07
1770,1770,7914,共同印刷(株),東証PRM,"1,745",+2,0.11,"52,200",2026/09/07
1771,1771,9955,(株)ヨンキュウ,東証STD,"2,815",+3,0.11,600,2026/09/07
1772,1772,348A,MAXIS 読売333日本株,東証ETF,300.2,+0.3,0.1,"27,760",2026/09/07
1773,1773,4495,(株)アイキューブドシステムズ,東証GRT,"2,038",+2,0.1,"4,200",2026/09/07
1774,1774,463A,(株)インテリックスホールディングス,東証STD,998,+1,0.1,"4,300",2026/09/07
1775,1775,5015,ビーピー・カストロール(株),東証STD,"1,000",+1,0.1,"5,700",2026/09/07
1776,1776,517A,iFreeETF 米ドル・べア(1倍),東証ETF,"1,991",+2,0.1,259,2026/09/07
1777,1777,5707,東邦亜鉛(株),東証PRM,"1,014",+1,0.1,"631,600",2026/09/07
1778,1778,6039,(株)日本動物高度医療センター,東証GRT,"1,012",+1,0.1,"32,200",2026/09/07
1779,1779,6381,アネスト岩田(株),東証PRM,"1,992",+2,0.1,"97,900",2026/09/07
1780,1780,7030,(株)スプリックス,東証STD,983,+1,0.1,"4,400",2026/09/07
1781,1781,7040,(株)サン・ライフホールディング,東証STD,978,+1,0.1,500,2026/09/07
1782,1782,9027,(株)ロジネットジャパン,札証,"4,905",+5,0.1,600,2026/09/07
1783,1783,9110,ＮＳユナイテッド海運(株),東証PRM,"10,500",+10,0.1,"58,800",2026/09/07
1784,1784,3172,ティーライフ(株),東証STD,"1,121",+1,0.09,"3,500",2026/09/07
1785,1785,3934,(株)ベネフィットジャパン,東証STD,"2,280",+2,0.09,800,2026/09/07
1786,1786,6470,大豊工業(株),東証STD,"1,121",+1,0.09,"39,400",2026/09/07
1787,1787,7202,いすゞ自動車(株),東証PRM,"2,224.5",+2,0.09,"2,289,800",2026/09/07
1788,1788,8898,(株)センチュリー２１・ジャパン,東証STD,"1,136",+1,0.09,"3,000",2026/09/07
1789,1789,8958,グローバル・ワン不動産投資法人,東証,"111,100",+100,0.09,"4,430",2026/09/07
1790,1790,9355,(株)リンコーコーポレーション,東証STD,"2,210",+2,0.09,"1,400",2026/09/07
1791,1791,9366,(株)サンリツ,東証STD,"1,124",+1,0.09,"7,300",2026/09/07
1792,1792,9983,(株)ファーストリテイリング,東証PRM,"69,160",+60,0.09,"887,600",2026/09/07
1793,1793,1675,WisdomTree パラジウム上場投信,東証ETF,"19,975",+15,0.08,163,2026/09/07
1794,1794,238A,iシェアーズ 米国債25年超 ロングデュレーション(H有),東証ETF,121.4,+0.1,0.08,"359,930",2026/09/07
1795,1795,3678,(株)メディアドゥ,東証PRM,"1,260",+1,0.08,"16,700",2026/09/07
1796,1796,418A,ウリドキ(株),名証NXT,"1,300",+1,0.08,"4,000",2026/09/07
1797,1797,5380,新東(株),東証STD,"1,230",+1,0.08,600,2026/09/07
1798,1798,539A,NZAM 上場投信 海外債券(FTSE WGBI除く日本)(H無),東証ETF,"4,860",+4,0.08,11,2026/09/07
1799,1799,5832,(株)ちゅうぎんフィナンシャルグループ,東証PRM,"3,537",+3,0.08,"200,200",2026/09/07
1800,1800,6565,ＡＢホテル(株),名証MN,"1,301",+1,0.08,"4,300",2026/09/07
1801,1801,6566,(株)要興業,東証STD,"1,256",+1,0.08,600,2026/09/07
1802,1802,6626,ＳＥＭＩＴＥＣ(株),東証STD,"2,451",+2,0.08,"26,900",2026/09/07
1803,1803,6804,ホシデン(株),東証PRM,"2,632",+2,0.08,"175,700",2026/09/07
1804,1804,7133,ＨＹＵＧＡ　ＰＲＩＭＡＲＹ　ＣＡＲＥ(株),東証GRT,"1,309",+1,0.08,"2,800",2026/09/07
1805,1805,7313,テイ・エス　テック(株),東証PRM,"1,849",+1.5,0.08,"300,700",2026/09/07
1806,1806,7531,清和中央ホールディングス(株),東証STD,"1,301",+1,0.08,500,2026/09/07
1807,1807,7809,(株)壽屋,東証STD,"1,326",+1,0.08,"4,300",2026/09/07
1808,1808,9003,相鉄ホールディングス(株),東証PRM,"2,599.5",+2,0.08,"236,300",2026/09/07
1809,1809,1764,工藤建設(株),東証STD,"2,731",+2,0.07,700,2026/09/07
1810,1810,208A,(株)構造計画研究所ホールディングス,東証STD,"2,901",+2,0.07,"9,200",2026/09/07
1811,1811,2152,幼児活動研究会(株),東証STD,"1,530",+1,0.07,300,2026/09/07
1812,1812,2512,(NEXT FUNDS)外国債券・FTSE世界国債(除く日本・H有),東証ETF,716,+0.5,0.07,"380,240",2026/09/07
1813,1813,2816,(株)ダイショー,東証STD,"1,418",+1,0.07,"2,500",2026/09/07
1814,1814,3045,(株)カワサキ,東証STD,"1,457",+1,0.07,500,2026/09/07
1815,1815,3157,ジオリーブグループ(株),東証STD,"1,446",+1,0.07,"3,700",2026/09/07
1816,1816,3901,マークラインズ(株),東証PRM,"1,510",+1,0.07,"56,400",2026/09/07
1817,1817,4102,丸尾カルシウム(株),東証STD,"1,447",+1,0.07,500,2026/09/07
1818,1818,4933,(株)Ｉ－ｎｅ,東証PRM,"1,464",+1,0.07,"31,500",2026/09/07
1819,1819,5901,東洋製罐グループホールディングス(株),東証PRM,"4,530",+3,0.07,"226,300",2026/09/07
1820,1820,5976,ネツレン,東証PRM,"1,492",+1,0.07,"53,400",2026/09/07
1821,1821,6062,(株)チャーム・ケア・コーポレーション,東証PRM,"1,414",+1,0.07,"100,000",2026/09/07
1822,1822,608A,上場インデックスファンド東証REIT高利回り30,東証ETF,"1,475",+1,0.07,"10,196",2026/09/07
1823,1823,6395,(株)タダノ,東証PRM,"1,428",+1,0.07,"219,500",2026/09/07
1824,1824,6942,(株)ソフィアホールディングス,東証STD,"1,440",+1,0.07,"7,700",2026/09/07
1825,1825,7683,(株)ダブルエー,東証PRM,"1,408",+1,0.07,"12,800",2026/09/07
1826,1826,9170,成友興業(株),名証MN,"1,471",+1,0.07,"8,300",2026/09/07
1827,1827,9664,(株)御園座,名証MN,"1,500",+1,0.07,700,2026/09/07
1828,1828,9743,(株)丹青社,東証PRM,"1,515",+1,0.07,"259,800",2026/09/07
1829,1829,1496,iシェアーズ 米ドル建て投資適格社債ETF(H有),東証ETF,"1,628",+1,0.06,"7,856",2026/09/07
1830,1830,1497,iシェアーズ 米ドル建ハイイールド社債ETF(H有),東証ETF,"1,732",+1,0.06,"8,331",2026/09/07
1831,1831,2332,(株)クエスト,東証STD,"1,705",+1,0.06,"4,400",2026/09/07
1832,1832,3537,昭栄薬品(株),東証STD,"1,760",+1,0.06,"1,500",2026/09/07
1833,1833,4095,日本パーカライジング(株),東証PRM,"1,749",+1,0.06,"133,800",2026/09/07
1834,1834,5357,(株)ヨータイ,東証PRM,"1,766",+1,0.06,"30,000",2026/09/07
1835,1835,5929,三和ホールディングス(株),東証PRM,"3,585",+2,0.06,"613,300",2026/09/07
1836,1836,6050,イー・ガーディアン(株),東証PRM,"1,804",+1,0.06,"10,300",2026/09/07
1837,1837,2185,(株)シイエム・シイ,東証STD,"2,001",+1,0.05,"2,200",2026/09/07
1838,1838,2564,GX MSCIスーパーディビィデンド-日本株式,東証ETF,"3,702",+2,0.05,"12,964",2026/09/07
1839,1839,2862,上場インデックスファンドフランス国債(H有),東証ETF,"3,821",+2,0.05,90,2026/09/07
1840,1840,291A,(株)リスキル,東証GRT,"1,990",+1,0.05,"1,000",2026/09/07
1841,1841,2993,(株)長栄,東証STD,"2,220",+1,0.05,500,2026/09/07
1842,1842,3708,特種東海製紙(株),東証PRM,"2,144",+1,0.05,"40,000",2026/09/07
1843,1843,5136,ｔｒｉｐｌａ(株),東証GRT,"1,998",+1,0.05,"19,200",2026/09/07
1844,1844,6294,オカダアイヨン(株),東証PRM,"1,966",+1,0.05,"11,400",2026/09/07
1845,1845,6547,(株)グリーンズ,東証STD,"2,198",+1,0.05,"32,800",2026/09/07
1846,1846,7021,(株)ニッチツ,東証STD,"2,213",+1,0.05,"2,200",2026/09/07
1847,1847,7505,扶桑電通(株),東証STD,"2,173",+1,0.05,"8,500",2026/09/07
1848,1848,8700,丸八証券(株),東証STD,"2,126",+1,0.05,"1,300",2026/09/07
1849,1849,2294,(株)柿安本店,東証PRM,"2,579",+1,0.04,"10,900",2026/09/07
1850,1850,2839,MAXIS 米国国債7-10年上場投信(H有),東証ETF,"4,942",+2,0.04,"5,434",2026/09/07
1851,1851,2902,太陽化学(株),名証MN,"2,725",+1,0.04,"1,600",2026/09/07
1852,1852,2911,旭松食品(株),東証STD,"2,246",+1,0.04,600,2026/09/07
1853,1853,467A,GX 米ドル建て投資適格社債(H有),東証ETF,277,+0.1,0.04,20,2026/09/07
1854,1854,4812,(株)電通総研,東証PRM,"2,852",+1,0.04,"1,124,200",2026/09/07
1855,1855,6484,(株)ＫＶＫ,東証STD,"2,229",+1,0.04,900,2026/09/07
1856,1856,7327,(株)第四北越フィナンシャルグループ,東証PRM,"2,647",+1,0.04,"497,200",2026/09/07
1857,1857,9381,(株)エーアイテイー,東証PRM,"2,319",+1,0.04,"17,000",2026/09/07
1858,1858,1417,(株)ミライト・ワン,東証PRM,"3,554",+1,0.03,"234,900",2026/09/07
1859,1859,2853,iシェアーズ 気候リスク調整世界国債(除く日本・H有),東証ETF,608,+0.2,0.03,10,2026/09/07
1860,1860,3407,旭化成(株),東証PRM,"1,612.5",+0.5,0.03,"2,899,900",2026/09/07
1861,1861,5589,(株)オートサーバー,東証STD,"2,990",+1,0.03,"2,900",2026/09/07
1862,1862,7701,(株)島津製作所,東証PRM,"3,847",+1,0.03,"1,020,500",2026/09/07
1863,1863,8304,(株)あおぞら銀行,東証PRM,"3,406",+1,0.03,"1,204,300",2026/09/07
1864,1864,50765,インフロニア・ホールディングス（株）第1回社債型種類株式,東証PRM,"4,633",+1,0.02,"4,100",2026/09/07
1865,1865,7741,ＨＯＹＡ(株),東証PRM,"24,145",+5,0.02,"1,171,400",2026/09/07
1866,1866,92025,ＡＮＡホールディングス（株）第１回社債型種類株式,東証PRM,"4,781",+1,0.02,"3,200",2026/09/07
1867,1867,502A,GX 超短期円建て債券,東証ETF,901.4,+0.1,0.01,"60,340",2026/09/07
