順位(全市場),順位,コード,銘柄名,市場,現在値,前日比,騰落率(%),出来高,時刻
1,1,4576,(株)デ・ウエスタン・セラピテクス研究所,東証GRT,69,-18,-20.69,"2,309,200",2026/09/15
2,2,3441,(株)山王,東証STD,"2,195",-500,-18.55,"13,400",2026/09/15
3,3,3195,(株)ジェネレーションパス,東証STD,497,-100,-16.75,"163,500",2026/09/15
4,4,5380,新東(株),東証STD,"1,346",-264,-16.4,"21,500",2026/09/15
5,5,4446,Ｌｉｎｋ－Ｕグループ(株),東証STD,760,-148,-16.3,"432,000",2026/09/15
6,6,9237,(株)笑美面,東証GRT,831,-150,-15.29,"107,900",2026/09/15
7,7,9223,(株)ＡＳＮＯＶＡ,東証GRT,361,-65,-15.26,"175,400",2026/09/15
8,8,7709,クボテック(株),東証STD,65,-11,-14.47,"1,518,900",2026/09/15
9,9,6085,アーキテクツ・スタジオ・ジャパン(株),東証GRT,121,-20,-14.18,"7,085,100",2026/09/15
10,10,218A,(株)Ｌｉｂｅｒａｗａｒｅ,東証GRT,985,-150,-13.22,"1,264,600",2026/09/15
11,11,9240,(株)デリバリーコンサルティング,東証GRT,386,-58,-13.06,"224,000",2026/09/15
12,12,442A,クラシコ(株),東証GRT,856,-120,-12.3,"32,500",2026/09/15
13,13,520A,ジェイファーマ(株),東証GRT,416,-56,-11.86,"452,800",2026/09/15
14,14,1783,(株)ｆａｎｔａｓｉｓｔａ,東証STD,68,-9,-11.69,"4,459,500",2026/09/15
15,15,6159,ミクロン精密(株),東証STD,"2,037",-259,-11.28,"10,700",2026/09/15
16,16,3491,(株)ＧＡ　ｔｅｃｈｎｏｌｏｇｉｅｓ,東証GRT,"1,299",-152,-10.48,"895,400",2026/09/15
17,17,4316,(株)ビーマップ,東証GRT,88,-10,-10.2,"324,600",2026/09/15
18,18,3185,夢展望(株),東証GRT,104,-11,-9.57,"1,020,100",2026/09/15
19,19,8894,(株)ＲＥＶＯＬＵＴＩＯＮ,東証STD,19,-2,-9.52,"880,000",2026/09/15
20,20,6492,岡野バルブ製造(株),東証STD,"14,640","-1,380",-8.61,"66,500",2026/09/15
21,21,6466,(株)ＴＶＥ,東証STD,"3,920",-365,-8.52,"97,100",2026/09/15
22,22,6838,(株)多摩川ホールディングス,東証STD,"1,375",-128,-8.52,"978,300",2026/09/15
23,23,7711,助川電気工業(株),東証STD,"5,210",-470,-8.27,"656,600",2026/09/15
24,24,7878,(株)光・彩,東証STD,"1,168",-98,-7.74,"48,200",2026/09/15
25,25,7138,(株)ＴＯＲＩＣＯ,東証GRT,144,-12,-7.69,"1,601,400",2026/09/15
26,26,9082,大和自動車交通(株),東証STD,"2,221",-179,-7.46,"2,900",2026/09/15
27,27,8995,(株)誠建設工業,東証STD,"1,900",-148,-7.23,"347,100",2026/09/15
28,28,9399,ビート・ホールディングス・リミテッド,東証STD外国,13,-1,-7.14,"590,885",2026/09/15
29,29,7110,(株)クラシコム,東証GRT,"1,919",-146,-7.07,"44,600",2026/09/15
30,30,4833,(株)Ｄｅｆ　ｃｏｎｓｕｌｔｉｎｇ,東証GRT,53,-4,-7.02,"2,778,100",2026/09/15
31,31,278A,Ｔｅｒｒａ　Ｄｒｏｎｅ(株),東証GRT,"18,980","-1,330",-6.55,"2,228,400",2026/09/15
32,32,4667,アイサンテクノロジー(株),東証STD,"3,145",-220,-6.54,"267,000",2026/09/15
33,33,7034,(株)プロレド・パートナーズ,東証PRM,312,-21,-6.31,"58,800",2026/09/15
34,34,9562,ビジネスコーチ(株),東証GRT,649,-43,-6.21,"9,900",2026/09/15
35,35,6522,(株)アスタリスク,東証GRT,"1,425",-89,-5.88,"773,800",2026/09/15
36,36,7901,(株)マツモト,東証STD,782,-48,-5.78,"29,000",2026/09/15
37,37,5572,(株)Ｒｉｄｇｅ－ｉ,東証GRT,"2,856",-174,-5.74,"186,200",2026/09/15
38,38,2962,(株)テクニスコ,東証STD,"1,718",-100,-5.5,"208,700",2026/09/15
39,39,3047,(株)ＴＲＵＣＫ－ＯＮＥ,福岡Q,901,-51,-5.36,"2,500",2026/09/15
40,40,9213,(株)セイファート,東証STD,999,-53,-5.04,100,2026/09/15
41,41,9627,(株)アインホールディングス,東証PRM,"5,734",-287,-4.77,"433,100",2026/09/15
42,42,2345,(株)ＨＯＤＬ１,東証STD,101,-5,-4.72,"88,600",2026/09/15
43,43,215A,(株)タイミー,東証GRT,"1,316",-64,-4.64,"3,419,900",2026/09/15
44,44,2667,(株)イメージ　ワン,東証STD,104,-5,-4.59,"198,300",2026/09/15
45,45,6356,日本ギア工業(株),東証STD,"1,444",-69,-4.56,"10,591,600",2026/09/15
46,46,4592,サンバイオ(株),東証GRT,906,-42,-4.43,"1,374,900",2026/09/15
47,47,549A,ヒトトヒトホールディングス(株),東証STD,475,-22,-4.43,"508,600",2026/09/15
48,48,6387,サムコ(株),東証PRM,"7,670",-350,-4.36,"451,300",2026/09/15
49,49,3777,(株)環境フレンドリーホールディングス,東証GRT,44,-2,-4.35,"3,251,600",2026/09/15
50,50,593A,(株)ティアフォー,東証GRT,"2,045",-93,-4.35,"5,920,300",2026/09/15
51,51,7810,(株)クロスフォー,東証STD,154,-7,-4.35,"434,500",2026/09/15
52,52,4766,(株)ピーエイ,東証STD,199,-9,-4.33,"50,200",2026/09/15
53,53,4370,モビルス(株),東証GRT,404,-18,-4.27,"94,900",2026/09/15
54,54,5533,(株)エリッツホールディングス,東証STD,"2,105",-94,-4.27,"1,900",2026/09/15
55,55,589A,ネイス(株),東証GRT,"1,377",-61,-4.24,"37,500",2026/09/15
56,56,3712,(株)情報企画,東証STD,996,-44,-4.23,"13,700",2026/09/15
57,57,9166,(株)ＧＥＮＤＡ,東証GRT,686,-30,-4.19,"2,589,700",2026/09/15
58,58,6619,ダブル・スコープ(株),東証PRM,139,-6,-4.14,"4,263,800",2026/09/15
59,59,3824,メディアファイブ(株),福岡Q,698,-30,-4.12,200,2026/09/15
60,60,2901,(株)ウェルディッシュ,東証STD,143,-6,-4.03,"275,000",2026/09/15
61,61,212A,フィットイージー(株),東証PRM,"2,658",-111,-4.01,"618,000",2026/09/15
62,62,3808,(株)オーケーウェブ,名証NXT,24,-1,-4.0,"41,800",2026/09/15
63,63,475A,(株)ギミック,東証STD,696,-29,-4.0,"23,700",2026/09/15
64,64,7719,(株)東京衡機,東証STD,532,-22,-3.97,"1,193,900",2026/09/15
65,65,6898,トミタ電機(株),東証STD,"5,190",-210,-3.89,"2,900",2026/09/15
66,66,504A,イノバセル(株),東証GRT,557,-22,-3.8,"48,500",2026/09/15
67,67,9311,アサガミ(株),東証STD,"7,750",-300,-3.73,200,2026/09/15
68,68,3070,(株)ジェリービーンズグループ,東証GRT,52,-2,-3.7,"547,100",2026/09/15
69,69,3563,(株)ＦＯＯＤ　＆　ＬＩＦＥ　ＣＯＭＰＡＮＩＥＳ,東証PRM,"4,946",-190,-3.7,"2,609,300",2026/09/15
70,70,1407,(株)ウエストホールディングス,東証STD,"2,190",-84,-3.69,"401,000",2026/09/15
71,71,7851,カワセコンピュータサプライ(株),福証,183,-7,-3.68,100,2026/09/15
72,72,4976,東洋ドライルーブ(株),東証STD,"1,570",-59,-3.62,600,2026/09/15
73,73,6037,楽待(株),東証STD,"1,069",-40,-3.61,"191,000",2026/09/15
74,74,3994,(株)マネーフォワード,東証PRM,"6,136",-229,-3.6,"414,800",2026/09/15
75,75,3667,(株)ｅｎｉｓｈ,東証STD,27,-1,-3.57,"176,600",2026/09/15
76,76,5884,(株)クラダシ,東証GRT,601,-22,-3.53,"16,500",2026/09/15
77,77,336A,ダイナミックマッププラットフォーム(株),東証GRT,"1,315",-48,-3.52,"1,212,000",2026/09/15
78,78,4598,Ｄｅｌｔａ－Ｆｌｙ　Ｐｈａｒｍａ(株),東証GRT,111,-4,-3.48,"618,900",2026/09/15
79,79,3803,イメージ情報開発(株),東証GRT,586,-21,-3.46,"9,800",2026/09/15
80,80,6027,弁護士ドットコム(株),東証PRM,"5,640",-200,-3.42,"288,100",2026/09/15
81,81,3168,(株)ＭＥＲＦ,東証STD,"1,246",-44,-3.41,"60,700",2026/09/15
82,82,4381,ビープラッツ(株),東証GRT,235,-8,-3.29,"168,600",2026/09/15
83,83,5801,古河電気工業(株),東証PRM,"3,719",-126,-3.28,"22,958,800",2026/09/15
84,84,4222,児玉化学工業(株),東証STD,650,-22,-3.27,"347,600",2026/09/15
85,85,6907,ジオマテック(株),東証STD,741,-25,-3.26,"19,100",2026/09/15
86,86,9236,ジャパンＭ＆Ａソリューション(株),東証GRT,"1,282",-43,-3.25,"2,700",2026/09/15
87,87,8308,(株)りそなホールディングス,東証PRM,"2,463",-82.5,-3.24,"9,753,600",2026/09/15
88,88,9900,(株)サガミホールディングス,東証PRM,"1,137",-38,-3.23,"240,600",2026/09/15
89,89,319A,(株)技術承継機構,東証GRT,"19,300",-640,-3.21,"30,200",2026/09/15
90,90,7061,日本ホスピスホールディングス(株),東証GRT,483,-16,-3.21,"107,300",2026/09/15
91,91,2037,NEXT NOTES 金先物 ベア ETN,東証ETF,"1,273",-42,-3.19,"2,238",2026/09/15
92,92,9024,(株)西武ホールディングス,東証PRM,"3,494",-115,-3.19,"752,500",2026/09/15
93,93,3187,(株)ミラタップ,東証GRT,397,-13,-3.17,"187,900",2026/09/15
94,94,7018,内海造船(株),東証STD,"12,880",-420,-3.16,"30,600",2026/09/15
95,95,6822,大井電気(株),東証STD,"4,920",-160,-3.15,"7,400",2026/09/15
96,96,168A,(株)イタミアート,東証GRT,"1,050",-34,-3.14,"20,300",2026/09/15
97,97,2033,NEXT NOTES 韓国KOSPI･ダブル･ブルETN,東証ETF,"70,710","-2,290",-3.14,"3,237",2026/09/15
98,98,9425,ＲｅＹｕｕ　Ｊａｐａｎ(株),東証STD,247,-8,-3.14,"1,135,000",2026/09/15
99,99,4883,(株)モダリス,東証GRT,32,-1,-3.03,"1,898,000",2026/09/15
100,100,6548,(株)旅工房,東証GRT,128,-4,-3.03,"48,700",2026/09/15
101,101,206A,(株)ＰＲＩＳＭ　ＢｉｏＬａｂ,東証GRT,161,-5,-3.01,"228,600",2026/09/15
102,102,5129,(株)ＦＩＸＥＲ,東証GRT,258,-8,-3.01,"82,400",2026/09/15
103,103,4571,ＮＡＮＯ　ホールディングス(株),東証GRT,98,-3,-2.97,"379,000",2026/09/15
104,104,2081,政策保有解消推進ETF,東証ETF,"2,131",-65,-2.96,550,2026/09/15
105,105,6857,(株)アドバンテスト,東証PRM,"30,160",-920,-2.96,"8,444,200",2026/09/15
106,106,9678,(株)カナモト,東証PRM,"5,270",-160,-2.95,"86,700",2026/09/15
107,107,2388,(株)ウェッジホールディングス,東証GRT,33,-1,-2.94,"38,000",2026/09/15
108,108,6227,ＡＩメカテック(株),東証STD,"5,290",-160,-2.94,"1,341,700",2026/09/15
109,109,6433,ヒーハイスト(株),東証STD,"1,169",-35,-2.91,"79,400",2026/09/15
110,110,5888,ＤＡＩＷＡ　ＣＹＣＬＥ(株),東証GRT,"2,769",-82,-2.88,"15,900",2026/09/15
111,111,6637,寺崎電気産業(株),東証STD,"4,115",-120,-2.83,"20,200",2026/09/15
112,112,6832,アオイ電子(株),東証STD,"2,335",-68,-2.83,"18,000",2026/09/15
113,113,4625,アトミクス(株),東証STD,867,-25,-2.8,"12,800",2026/09/15
114,114,7084,(株)Ｓｍｉｌｅ　Ｈｏｌｄｉｎｇｓ,東証GRT,"2,775",-79,-2.77,"10,700",2026/09/15
115,115,4441,トビラシステムズ(株),東証STD,"1,514",-43,-2.76,"17,500",2026/09/15
116,116,1840,(株)土屋ホールディングス,東証STD,249,-7,-2.73,"67,800",2026/09/15
117,117,8002,丸紅(株),東証PRM,"4,952",-139,-2.73,"5,142,800",2026/09/15
118,118,9279,(株)ギフトホールディングス,東証PRM,"2,120",-59,-2.71,"648,500",2026/09/15
119,119,7074,(株)トゥエンティーフォーセブンホールディングス,東証GRT,181,-5,-2.69,"9,800",2026/09/15
120,120,6309,巴工業(株),東証PRM,"1,963",-54,-2.68,"279,800",2026/09/15
121,121,3306,日本製麻(株),東証STD,692,-19,-2.67,"9,900",2026/09/15
122,122,8316,(株)三井住友フィナンシャルグループ,東証PRM,"6,842",-188,-2.67,"13,158,600",2026/09/15
123,123,3804,(株)システム　ディ,東証STD,445,-12,-2.63,"9,800",2026/09/15
124,124,8105,Ｂｉｔｃｏｉｎ　Ｊａｐａｎ(株),東証STD,74,-2,-2.63,"436,500",2026/09/15
125,125,6232,(株)ＡＣＳＬ,東証GRT,"1,229",-33,-2.61,"743,200",2026/09/15
126,126,9229,(株)サンウェルズ,東証PRM,112,-3,-2.61,"100,200",2026/09/15
127,127,4499,(株)Ｓｐｅｅｅ,東証STD,"2,249",-60,-2.6,"141,000",2026/09/15
128,128,264A,(株)Ｓｃｈｏｏ,東証GRT,338,-9,-2.59,"107,100",2026/09/15
129,129,2469,ヒビノ(株),東証STD,"2,753",-73,-2.58,"15,700",2026/09/15
130,130,8802,三菱地所(株),東証PRM,"3,550",-94,-2.58,"2,683,700",2026/09/15
131,131,6753,シャープ(株),東証PRM,670.8,-17.7,-2.57,"6,661,000",2026/09/15
132,132,1685,WisdomTree エネルギー上場投信,東証ETF,950,-24.9,-2.55,730,2026/09/15
133,133,1803,清水建設(株),東証PRM,"2,317.5",-60.5,-2.54,"3,977,300",2026/09/15
134,134,4813,(株)ＡＣＣＥＳＳ,東証PRM,384,-10,-2.54,"1,005,200",2026/09/15
135,135,7126,グローバルスタイル(株),東証STD,"1,419",-37,-2.54,"5,200",2026/09/15
136,136,7093,アディッシュ(株),東証GRT,580,-15,-2.52,"1,700",2026/09/15
137,137,7095,(株)Ｍａｃｂｅｅ　Ｐｌａｎｅｔ,東証PRM,"1,166",-30,-2.51,"96,300",2026/09/15
138,138,224A,GX ウラニウムビジネス,東証ETF,"1,501",-38,-2.47,"7,173",2026/09/15
139,139,4591,(株)リボミック,東証GRT,79,-2,-2.47,"349,800",2026/09/15
140,140,6824,新コスモス電機(株),東証STD,"4,160",-105,-2.46,"13,500",2026/09/15
141,141,7031,(株)インバウンドテック,東証GRT,675,-17,-2.46,300,2026/09/15
142,142,9843,(株)ニトリホールディングス,東証PRM,"3,178",-80,-2.46,"2,910,800",2026/09/15
143,143,2243,GX 半導体,東証ETF,"4,097",-103,-2.45,"198,724",2026/09/15
144,144,4172,Ｈｉクラテス(株),東証STD,"2,300",-57,-2.42,"2,000",2026/09/15
145,145,184A,(株)学びエイド,東証GRT,324,-8,-2.41,"38,500",2026/09/15
146,146,4814,ネクストウェア(株),東証STD,162,-4,-2.41,"25,000",2026/09/15
147,147,6627,(株)テラプローブ,東証STD,"10,120",-250,-2.41,"113,300",2026/09/15
148,148,8630,ＳＯＭＰＯホールディングス(株),東証PRM,"6,800",-168,-2.41,"2,254,900",2026/09/15
149,149,5726,(株)大阪チタニウムテクノロジーズ,東証PRM,"2,404",-59,-2.4,"1,416,000",2026/09/15
150,150,6176,(株)ブランジスタ,東証STD,"1,059",-26,-2.4,"115,000",2026/09/15
151,151,3113,(株)ＵＮＩＶＡ・Ｏａｋホールディングス,東証STD,82,-2,-2.38,"57,500",2026/09/15
152,152,3771,(株)システムリサーチ,東証PRM,"1,892",-46,-2.37,"80,300",2026/09/15
153,153,8015,豊田通商(株),東証PRM,"7,329",-178,-2.37,"1,945,200",2026/09/15
154,154,5020,ＥＮＥＯＳホールディングス(株),東証PRM,"1,404",-34,-2.36,"8,479,500",2026/09/15
155,155,8011,(株)三陽商会,東証PRM,"1,365",-33,-2.36,"127,100",2026/09/15
156,156,3626,ＴＩＳＩ(株),東証PRM,"3,991",-96,-2.35,"730,700",2026/09/15
157,157,7571,(株)ヤマノホールディングス,東証STD,83,-2,-2.35,"262,500",2026/09/15
158,158,7186,(株)横浜フィナンシャルグループ,東証PRM,"1,887.5",-45,-2.33,"3,283,600",2026/09/15
159,159,1551,東証スタンダードTOP20,東証ETF,"7,110",-168,-2.31,60,2026/09/15
160,160,6736,サン電子(株),東証STD,"10,130",-240,-2.31,"60,900",2026/09/15
161,161,3409,(株)北紡,東証STD,85,-2,-2.3,"42,400",2026/09/15
162,162,4011,(株)ヘッドウォータース,東証GRT,"2,333",-55,-2.3,"23,300",2026/09/15
163,163,6025,日本ＰＣサービス(株),名証NXT,680,-16,-2.3,"3,800",2026/09/15
164,164,395A,業界改革厳選ETF地銀,東証ETF,"1,080",-25,-2.26,"39,380",2026/09/15
165,165,5019,出光興産(株),東証PRM,"1,601",-37,-2.26,"5,333,900",2026/09/15
166,166,5449,大阪製鐵(株),東証STD,"2,551",-59,-2.26,"21,600",2026/09/15
167,167,3469,(株)デュアルタップ,東証STD,870,-20,-2.25,"11,700",2026/09/15
168,168,579A,GX 銀ビジネス,東証ETF,"1,000",-23,-2.25,"3,610",2026/09/15
169,169,8053,住友商事(株),東証PRM,"1,770",-40.5,-2.24,"8,412,000",2026/09/15
170,170,1629,(NEXT FUNDS)商社･卸売上場投信,東証ETF,276.5,-6.3,-2.23,"359,500",2026/09/15
171,171,4884,クリングルファーマ(株),東証GRT,440,-10,-2.22,"34,900",2026/09/15
172,172,8388,(株)阿波銀行,東証PRM,"10,110",-230,-2.22,"78,200",2026/09/15
173,173,9890,(株)マキヤ,東証STD,"1,455",-33,-2.22,"14,800",2026/09/15
174,174,558A,(株)ＳＱＵＥＥＺＥ,東証GRT,"5,750",-130,-2.21,"11,500",2026/09/15
175,175,633A,GX 韓国半導体・トップ10,東証ETF,929,-21,-2.21,"190,948",2026/09/15
176,176,9212,Ｇｒｅｅｎ　Ｅａｒｔｈ　Ｉｎｓｔｉｔｕｔｅ(株),東証GRT,266,-6,-2.21,"27,700",2026/09/15
177,177,3944,古林紙工(株),東証STD,"3,140",-70,-2.18,500,2026/09/15
178,178,559A,梅乃宿酒造(株),東証STD,"1,168",-26,-2.18,"16,500",2026/09/15
179,179,7073,(株)ジェイック,東証GRT,"2,331",-52,-2.18,"1,400",2026/09/15
180,180,8411,(株)みずほフィナンシャルグループ,東証PRM,"8,598",-192,-2.18,"8,521,300",2026/09/15
181,181,5240,ｍｏｎｏＡＩ　ｔｅｃｈｎｏｌｏｇｙ(株),東証GRT,181,-4,-2.16,"178,600",2026/09/15
182,182,6072,地盤ネットホールディングス(株),東証STD,"1,094",-24,-2.15,"564,200",2026/09/15
183,183,2254,GX チャイナEV&バッテリー,東証ETF,960,-21,-2.14,"11,343",2026/09/15
184,184,7265,エイケン工業(株),東証STD,"3,655",-80,-2.14,"2,300",2026/09/15
185,185,9906,藤井産業(株),東証STD,"4,155",-90,-2.12,"10,100",2026/09/15
186,186,2330,(株)フォーサイド,東証STD,93,-2,-2.11,"575,100",2026/09/15
187,187,1911,住友林業(株),東証PRM,"1,233",-26,-2.07,"3,519,200",2026/09/15
188,188,5838,楽天銀行(株),東証PRM,"6,383",-134,-2.06,"636,200",2026/09/15
189,189,8628,松井証券(株),東証PRM,"1,190",-25,-2.06,"1,133,800",2026/09/15
190,190,2597,(株)ユニカフェ,東証STD,"1,242",-26,-2.05,"6,600",2026/09/15
191,191,5216,(株)倉元製作所,東証STD,143,-3,-2.05,"157,000",2026/09/15
192,192,2222,寿スピリッツ(株),東証PRM,"2,520.5",-52.5,-2.04,"305,300",2026/09/15
193,193,8360,(株)山梨中央銀行,東証PRM,"7,200",-150,-2.04,"116,400",2026/09/15
194,194,2978,(株)ツクルバ,東証GRT,337,-7,-2.03,"21,900",2026/09/15
195,195,9127,玉井商船(株),東証STD,"3,625",-75,-2.03,"3,100",2026/09/15
196,196,9344,アクシスコンサルティング(株),東証GRT,"1,305",-27,-2.03,"5,600",2026/09/15
197,197,8132,シナネンホールディングス(株),東証PRM,"7,270",-150,-2.02,"3,400",2026/09/15
198,198,1322,上場インデックス中国A株 E FUND CSI300,東証ETF,"11,220",-230,-2.01,60,2026/09/15
199,199,1807,(株)佐藤渡辺,東証STD,"1,900",-39,-2.01,100,2026/09/15
200,200,6702,富士通(株),東証PRM,"3,945",-81,-2.01,"11,226,000",2026/09/15
201,201,2349,(株)エヌアイデイ,東証STD,"2,399",-49,-2.0,"1,500",2026/09/15
202,202,609A,GX 総合商社&資源ビジネス-日本株式,東証ETF,"1,076",-22,-2.0,"13,281",2026/09/15
203,203,6517,デンヨー(株),東証PRM,"3,915",-80,-2.0,"47,100",2026/09/15
204,204,8098,稲畑産業(株),東証PRM,"4,415",-90,-2.0,"97,200",2026/09/15
205,205,281A,インフォメティス(株),東証GRT,395,-8,-1.99,"156,800",2026/09/15
206,206,2776,新都ホールディングス(株),東証STD,99,-2,-1.98,"576,200",2026/09/15
207,207,9816,(株)ストライダーズ,東証STD,248,-5,-1.98,"2,000",2026/09/15
208,208,5381,マイポックス(株),東証STD,898,-18,-1.97,"168,100",2026/09/15
209,209,2058,(株)ヒガシマル,福証,"1,002",-20,-1.96,"4,600",2026/09/15
210,210,2342,(株)トランスジェニックグループ,東証STD,250,-5,-1.96,"16,400",2026/09/15
211,211,2814,佐藤食品工業(株),東証STD,"1,947",-39,-1.96,"6,900",2026/09/15
212,212,4881,(株)ファンペップ,東証GRT,50,-1,-1.96,"90,400",2026/09/15
213,213,6501,(株)日立製作所,東証PRM,"5,221",-104,-1.95,"8,785,600",2026/09/15
214,214,7898,(株)ウッドワン,東証STD,907,-18,-1.95,"9,200",2026/09/15
215,215,8601,(株)大和証券グループ本社,東証PRM,"1,836.5",-36.5,-1.95,"4,526,500",2026/09/15
216,216,8078,阪和興業(株),東証PRM,"1,890",-37,-1.92,"417,000",2026/09/15
217,217,8795,(株)Ｔ＆Ｄホールディングス,東証PRM,"4,913",-96,-1.92,"758,800",2026/09/15
218,218,8830,住友不動産(株),東証PRM,"3,164",-62,-1.92,"2,188,100",2026/09/15
219,219,173A,(株)ハンモック,東証GRT,"1,539",-30,-1.91,"3,000",2026/09/15
220,220,4680,(株)ラウンドワン,東証PRM,"1,182.5",-23,-1.91,"1,671,500",2026/09/15
221,221,6240,ヤマシンフィルタ(株),東証PRM,513,-10,-1.91,"376,300",2026/09/15
222,222,4661,(株)オリエンタルランド,東証PRM,"3,053",-59,-1.9,"3,478,300",2026/09/15
223,223,7581,(株)サイゼリヤ,東証PRM,"6,700",-130,-1.9,"393,300",2026/09/15
224,224,7273,(株)イクヨ,東証STD,622,-12,-1.89,"159,200",2026/09/15
225,225,7444,ハリマ共和物産(株),東証STD,"1,976",-38,-1.89,"1,300",2026/09/15
226,226,8331,(株)千葉銀行,東証PRM,"2,718",-52.5,-1.89,"2,240,300",2026/09/15
227,227,8337,(株)千葉興業銀行,東証PRM,"2,643",-51,-1.89,"57,700",2026/09/15
228,228,2689,オルバディーブイエックスヘルスケア(株),東証STD,"1,926",-37,-1.88,900,2026/09/15
229,229,7376,ＢＣＣ(株),東証GRT,785,-15,-1.88,"10,600",2026/09/15
230,230,2629,iFree グレーターベイエリア・イノベーション100,東証ETF,"3,625",-69,-1.87,"32,015",2026/09/15
231,231,5922,那須電機鉄工(株),東証STD,"19,910",-380,-1.87,500,2026/09/15
232,232,315A,GX 銀行 高配当-日本株式,東証ETF,"1,955",-37,-1.86,"104,600",2026/09/15
233,233,5803,(株)フジクラ,東証PRM,"4,744",-90,-1.86,"31,474,800",2026/09/15
234,234,8345,(株)岩手銀行,東証PRM,"2,642",-50,-1.86,"361,700",2026/09/15
235,235,2039,NEXT NOTES ドバイ原油先物 ベア ETN,東証ETF,478,-9,-1.85,"718,668",2026/09/15
236,236,7918,(株)ヴィア・ホールディングス,東証STD,106,-2,-1.85,"52,300",2026/09/15
237,237,3192,(株)白鳩,東証STD,267,-5,-1.84,"16,100",2026/09/15
238,238,8031,三井物産(株),東証PRM,"5,069",-95,-1.84,"6,301,600",2026/09/15
239,239,4055,ティアンドエスグループ(株),東証GRT,"1,605",-30,-1.83,"26,300",2026/09/15
240,240,4380,(株)Ｍマート,東証GRT,699,-13,-1.83,"13,400",2026/09/15
241,241,9503,関西電力(株),東証PRM,"2,943.5",-55,-1.83,"2,709,400",2026/09/15
242,242,5025,(株)マーキュリー,東証GRT,594,-11,-1.82,300,2026/09/15
243,243,6814,古野電気(株),東証PRM,"7,030",-130,-1.82,"270,700",2026/09/15
244,244,8366,(株)滋賀銀行,東証PRM,"2,854",-53,-1.82,"826,600",2026/09/15
245,245,8604,野村ホールディングス(株),東証PRM,"1,644.5",-30.5,-1.82,"11,720,200",2026/09/15
246,246,8746,ｕｎｂａｎｋｅｄ(株),東証STD,108,-2,-1.82,"96,800",2026/09/15
247,247,7974,任天堂(株),東証PRM,"8,118",-150,-1.81,"7,686,000",2026/09/15
248,248,2628,iFree 中国科創板50,東証ETF,"3,545",-65,-1.8,"35,817",2026/09/15
249,249,1758,太洋基礎工業(株),東証STD,"2,357",-43,-1.79,300,2026/09/15
250,250,8392,(株)大分銀行,東証PRM,"3,025",-55,-1.79,"128,400",2026/09/15
251,251,8395,(株)佐賀銀行,東証PRM,"6,580",-120,-1.79,"29,600",2026/09/15
252,252,9324,安田倉庫(株),東証PRM,"2,683",-49,-1.79,"78,700",2026/09/15
253,253,9722,藤田観光(株),東証PRM,"2,693",-49,-1.79,"192,700",2026/09/15
254,254,7906,ヨネックス(株),東証STD,"2,370",-43,-1.78,"263,300",2026/09/15
255,255,247A,Ａｉロボティクス(株),東証GRT,"1,001",-18,-1.77,"463,200",2026/09/15
256,256,8386,(株)百十四銀行,東証PRM,"3,055",-55,-1.77,"173,700",2026/09/15
257,257,7380,(株)十六フィナンシャルグループ,東証PRM,"2,617",-47,-1.76,"367,500",2026/09/15
258,258,8334,(株)群馬銀行,東証PRM,"2,877",-51.5,-1.76,"798,900",2026/09/15
259,259,2212,山崎製パン(株),東証PRM,"3,821",-68,-1.75,"556,500",2026/09/15
260,260,4624,イサム塗料(株),東証STD,"3,940",-70,-1.75,300,2026/09/15
261,261,5021,コスモエネルギーホールディングス(株),東証PRM,"4,490",-80,-1.75,"588,800",2026/09/15
262,262,8304,(株)あおぞら銀行,東証PRM,"3,482",-62,-1.75,"1,212,500",2026/09/15
263,263,9225,ブリッジコンサルティンググループ(株),東証GRT,957,-17,-1.75,"2,000",2026/09/15
264,264,2136,(株)ヒップ,東証STD,"1,412",-25,-1.74,200,2026/09/15
265,265,3134,Ｈａｍｅｅ(株),東証STD,283,-5,-1.74,"36,700",2026/09/15
266,266,9828,(株)Ｇｅｎｋｉ　Ｇｌｏｂａｌ　Ｄｉｎｉｎｇ　Ｃｏｎｃｅｐｔｓ,東証STD,"3,390",-60,-1.74,"68,800",2026/09/15
267,267,4480,(株)メドレー,東証PRM,"2,380",-42,-1.73,"262,100",2026/09/15
268,268,5831,(株)しずおかフィナンシャルグループ,東証PRM,"3,513",-62,-1.73,"1,416,200",2026/09/15
269,269,5844,(株)京都フィナンシャルグループ,東証PRM,"4,815",-85,-1.73,"512,900",2026/09/15
270,270,6623,愛知電機(株),名証PRM,"8,540",-150,-1.73,"27,300",2026/09/15
271,271,7327,(株)第四北越フィナンシャルグループ,東証PRM,"2,614",-46,-1.73,"733,900",2026/09/15
272,272,1447,ＳＡＡＦホールディングス(株),東証GRT,343,-6,-1.72,"48,100",2026/09/15
273,273,5214,日本電気硝子(株),東証PRM,"4,690",-82,-1.72,"557,100",2026/09/15
274,274,5586,(株)Ｌａｂｏｒｏ．ＡＩ,東証GRT,922,-16,-1.71,"37,100",2026/09/15
275,275,8818,京阪神ビルディング(株),東証PRM,"1,091",-19,-1.71,"612,000",2026/09/15
276,276,9074,日本石油輸送(株),東証STD,"4,900",-85,-1.71,"5,200",2026/09/15
277,277,8343,(株)秋田銀行,東証PRM,"9,260",-160,-1.7,"98,700",2026/09/15
278,278,9020,東日本旅客鉄道(株),東証PRM,"3,528",-61,-1.7,"2,027,000",2026/09/15
279,279,1615,(NEXT FUNDS)東証銀行業株価指数連動型上場投信,東証ETF,767.9,-13.2,-1.69,"3,607,370",2026/09/15
280,280,6378,木村化工機(株),東証STD,"1,163",-20,-1.69,"314,500",2026/09/15
281,281,7148,(株)ＦＰＧ,東証PRM,"1,691",-29,-1.69,"411,200",2026/09/15
282,282,5010,日本精蝋(株),東証STD,292,-5,-1.68,"107,500",2026/09/15
283,283,5253,カバー(株),東証GRT,"1,634",-28,-1.68,"847,600",2026/09/15
284,284,2820,(株)やまみ,東証STD,"6,460",-110,-1.67,"12,800",2026/09/15
285,285,8522,(株)名古屋銀行,東証PRM,"7,050",-120,-1.67,"86,700",2026/09/15
286,286,1802,(株)大林組,東証PRM,"3,020",-51,-1.66,"2,005,200",2026/09/15
287,287,1963,日揮ホールディングス(株),東証PRM,"2,304.5",-39,-1.66,"1,170,000",2026/09/15
288,288,6758,ソニーグループ(株),東証PRM,"3,725",-63,-1.66,"11,470,100",2026/09/15
289,289,8524,(株)北洋銀行,東証PRM,"1,301",-22,-1.66,"1,130,900",2026/09/15
290,290,194A,(株)ＷＯＬＶＥＳ　ＨＡＮＤ,東証GRT,"1,729",-29,-1.65,"18,300",2026/09/15
291,291,4427,(株)ＥｄｕＬａｂ,東証GRT,239,-4,-1.65,"14,100",2026/09/15
292,292,8772,(株)アサックス,東証STD,892,-15,-1.65,"3,900",2026/09/15
293,293,8804,東京建物(株),東証PRM,"3,283",-55,-1.65,"453,200",2026/09/15
294,294,3416,ピクスタ(株),東証STD,902,-15,-1.64,300,2026/09/15
295,295,8801,三井不動産(株),東証PRM,"1,471.5",-24.5,-1.64,"8,174,200",2026/09/15
296,296,3107,ダイワボウホールディングス(株),東証PRM,"3,712",-61,-1.62,"643,500",2026/09/15
297,297,5832,(株)ちゅうぎんフィナンシャルグループ,東証PRM,"3,590",-59,-1.62,"317,300",2026/09/15
298,298,6061,(株)ユニバーサル園芸社,東証STD,"3,045",-50,-1.62,"5,100",2026/09/15
299,299,8058,三菱商事(株),東証PRM,"4,910",-81,-1.62,"6,425,900",2026/09/15
300,300,3840,(株)ヴィクトン,東証STD,61,-1,-1.61,"129,600",2026/09/15
301,301,8023,ＤＡＩＫＯ　ＸＴＥＣＨ(株),東証STD,"1,040",-17,-1.61,"6,100",2026/09/15
302,302,9869,加藤産業(株),東証PRM,"6,710",-110,-1.61,"23,100",2026/09/15
303,303,7011,三菱重工業(株),東証PRM,"3,701",-60,-1.6,"36,099,500",2026/09/15
304,304,9087,タカセ(株),東証STD,"2,155",-35,-1.6,900,2026/09/15
305,305,7345,(株)アイ・パートナーズフィナンシャル,東証GRT,930,-15,-1.59,"1,000",2026/09/15
306,306,7701,(株)島津製作所,東証PRM,"3,780",-61,-1.59,"1,309,000",2026/09/15
307,307,4819,(株)デジタルガレージ,東証PRM,"2,301",-37,-1.58,"341,300",2026/09/15
308,308,6570,(株)共和コーポレーション,東証STD,"3,425",-55,-1.58,"37,900",2026/09/15
309,309,6656,インスペック(株),東証STD,746,-12,-1.58,"35,300",2026/09/15
310,310,7184,(株)富山第一銀行,東証PRM,"3,420",-55,-1.58,"136,600",2026/09/15
311,311,8253,(株)クレディセゾン,東証PRM,"4,600",-74,-1.58,"510,700",2026/09/15
312,312,4365,松本油脂製薬(株),東証STD,"25,000",-400,-1.57,200,2026/09/15
313,313,8071,東海エレクトロニクス(株),名証MN,"2,953",-47,-1.57,600,2026/09/15
314,314,4935,(株)リベルタ,東証STD,189,-3,-1.56,"129,900",2026/09/15
315,315,5707,東邦亜鉛(株),東証PRM,947,-15,-1.56,"308,100",2026/09/15
316,316,6049,(株)イトクロ,東証GRT,252,-4,-1.56,"3,700",2026/09/15
317,317,9508,九州電力(株),東証PRM,"2,140.5",-34,-1.56,"1,644,600",2026/09/15
318,318,9602,東宝(株),東証PRM,"1,618.5",-25.5,-1.55,"2,465,600",2026/09/15
319,319,4760,(株)アルファ,東証STD,"1,403",-22,-1.54,"2,500",2026/09/15
320,320,9501,東京電力ホールディングス(株),東証PRM,529.8,-8.3,-1.54,"27,307,600",2026/09/15
321,321,9709,ＮＣＳ＆Ａ(株),東証STD,"1,212",-19,-1.54,"6,100",2026/09/15
322,322,2871,(株)ニチレイ,東証PRM,"2,193",-34,-1.53,"1,349,600",2026/09/15
323,323,509A,グリーンライト・再エネインフラ投資法人,東証,"71,000","-1,100",-1.53,400,2026/09/15
324,324,9557,(株)エアークローゼット,東証GRT,257,-4,-1.53,"12,400",2026/09/15
325,325,1553,MAXIS S&P東海上場投信,名証ETF,"5,568",-86,-1.52,170,2026/09/15
326,326,6368,オルガノ(株),東証PRM,"11,695",-180,-1.52,"373,400",2026/09/15
327,327,7150,(株)島根銀行,東証STD,521,-8,-1.51,"16,000",2026/09/15
328,328,7460,(株)ヤギ,東証STD,"1,632",-25,-1.51,"28,300",2026/09/15
329,329,7515,(株)マルヨシセンター,東証STD,"4,580",-70,-1.51,600,2026/09/15
330,330,8766,東京海上ホールディングス(株),東証PRM,"8,079",-124,-1.51,"5,141,600",2026/09/15
331,331,2395,(株)新日本科学,東証PRM,"1,309",-20,-1.5,"175,800",2026/09/15
332,332,6191,(株)エアトリ,東証PRM,"1,640",-25,-1.5,"2,454,500",2026/09/15
333,333,5597,ブルーイノベーション(株),東証GRT,"1,318",-20,-1.49,"38,000",2026/09/15
334,334,1812,鹿島,東証PRM,"4,870",-73,-1.48,"1,513,300",2026/09/15
335,335,4691,ワシントンホテル(株),東証STD,"2,065",-31,-1.48,"23,100",2026/09/15
336,336,4934,プレミアアンチエイジング(株),東証GRT,601,-9,-1.48,"31,200",2026/09/15
337,337,7863,(株)平賀,東証STD,930,-14,-1.48,100,2026/09/15
338,338,7931,未来工業(株),東証PRM,"3,670",-55,-1.48,"30,900",2026/09/15
339,339,9880,イノテック(株),東証PRM,"3,320",-50,-1.48,"103,400",2026/09/15
340,340,4888,ステラファーマ(株),東証GRT,402,-6,-1.47,"426,100",2026/09/15
341,341,6383,(株)ダイフク,東証PRM,"5,368",-80,-1.47,"989,400",2026/09/15
342,342,290A,(株)Ｓｙｎｓｐｅｃｔｉｖｅ,東証GRT,"1,414",-21,-1.46,"597,400",2026/09/15
343,343,5444,大和工業(株),東証PRM,"12,110",-180,-1.46,"124,100",2026/09/15
344,344,6643,(株)戸上電機製作所,東証STD,"5,390",-80,-1.46,"4,000",2026/09/15
345,345,7033,(株)マネジメントソリューションズ,東証PRM,"1,558",-23,-1.45,"89,000",2026/09/15
346,346,8387,(株)四国銀行,東証PRM,"4,090",-60,-1.45,"140,800",2026/09/15
347,347,8747,豊トラスティ証券(株),東証STD,"2,170",-32,-1.45,"4,400",2026/09/15
348,348,1618,(NEXT FUNDS)エネルギー資源上場投信,東証ETF,"36,910",-540,-1.44,"1,420",2026/09/15
349,349,1633,(NEXT FUNDS)不動産上場投信,東証ETF,"47,890",-700,-1.44,"1,723",2026/09/15
350,350,7325,(株)アイリックコーポレーション,東証GRT,685,-10,-1.44,"13,900",2026/09/15
351,351,6334,明治機械(株),東証STD,481,-7,-1.43,400,2026/09/15
352,352,3774,(株)インターネットイニシアティブ,東証PRM,"3,399",-49,-1.42,"368,900",2026/09/15
353,353,378A,(株)ヒット,東証GRT,902,-13,-1.42,"32,200",2026/09/15
354,354,4443,Ｓａｎｓａｎ(株),東証PRM,"2,080",-30,-1.42,"1,075,500",2026/09/15
355,355,5580,(株)プロディライト,東証GRT,"1,524",-22,-1.42,"2,200",2026/09/15
356,356,6584,三桜工業(株),東証PRM,766,-11,-1.42,"305,200",2026/09/15
357,357,6645,オムロン(株),東証PRM,"5,909",-85,-1.42,"1,030,800",2026/09/15
358,358,8309,三井住友トラストグループ(株),東証PRM,"1,773",-25.5,-1.42,"6,799,200",2026/09/15
359,359,8367,(株)南都銀行,東証PRM,"1,960",-28,-1.41,"298,200",2026/09/15
360,360,7181,(株)かんぽ生命保険,東証PRM,"1,763",-25,-1.4,"1,619,600",2026/09/15
361,361,7413,(株)創健社,東証STD,"2,820",-40,-1.4,600,2026/09/15
362,362,8306,(株)三菱ＵＦＪフィナンシャル・グループ,東証PRM,"3,668",-52,-1.4,"41,635,100",2026/09/15
363,363,8542,(株)トマト銀行,東証STD,"1,907",-27,-1.4,"21,700",2026/09/15
364,364,9101,日本郵船(株),東証PRM,"7,234",-103,-1.4,"1,656,500",2026/09/15
365,365,9687,(株)ＫＳＫ,東証STD,"4,580",-65,-1.4,"1,600",2026/09/15
366,366,2768,双日(株),東証PRM,"5,729",-81,-1.39,"880,300",2026/09/15
367,367,3003,ヒューリック(株),東証PRM,"1,733",-24.5,-1.39,"1,280,600",2026/09/15
368,368,3697,(株)ＳＨＩＦＴ,東証PRM,872.5,-12.3,-1.39,"3,706,800",2026/09/15
369,369,4425,Ｋｕｄａｎ(株),東証GRT,"1,414",-20,-1.39,"124,200",2026/09/15
370,370,5711,三菱マテリアル(株),東証PRM,"4,951",-70,-1.39,"1,497,600",2026/09/15
371,371,5830,(株)いよぎんホールディングス,東証PRM,"3,829",-54,-1.39,"689,800",2026/09/15
372,372,6513,(株)オリジン,東証STD,"1,277",-18,-1.39,"12,400",2026/09/15
373,373,7063,(株)Ｂｉｒｄｍａｎ,東証GRT,71,-1,-1.39,"241,200",2026/09/15
374,374,8341,(株)七十七銀行,東証PRM,"4,037",-57,-1.39,"762,300",2026/09/15
375,375,1925,大和ハウス工業(株),東証PRM,"4,587",-64,-1.38,"1,484,800",2026/09/15
376,376,2735,(株)ワッツ,東証STD,715,-10,-1.38,"47,800",2026/09/15
377,377,6504,富士電機(株),東証PRM,"12,475",-175,-1.38,"520,500",2026/09/15
378,378,8473,ＳＢＩホールディングス(株),東証PRM,"3,281",-46,-1.38,"2,388,500",2026/09/15
379,379,4894,クオリプス(株),東証GRT,"5,740",-80,-1.37,"79,100",2026/09/15
380,380,5715,古河機械金属(株),東証PRM,"3,955",-55,-1.37,"193,200",2026/09/15
381,381,9519,(株)レノバ,東証PRM,865,-12,-1.37,"1,044,600",2026/09/15
382,382,1808,(株)長谷工コーポレーション,東証PRM,"2,713.5",-37.5,-1.36,"735,900",2026/09/15
383,383,2970,ＧＬＣ　ＧＲＯＵＰ(株),東証STD,"1,085",-15,-1.36,"2,000",2026/09/15
384,384,5304,ＳＥＣカーボン(株),東証STD,"2,465",-34,-1.36,"23,200",2026/09/15
385,385,9051,センコン物流(株),東証STD,"1,302",-18,-1.36,"1,100",2026/09/15
386,386,4716,日本オラクル(株),東証STD,"9,237",-126,-1.35,"197,600",2026/09/15
387,387,4918,(株)アイビー化粧品,東証STD,292,-4,-1.35,"19,400",2026/09/15
388,388,9028,(株)ゼロ,東証STD,"3,300",-45,-1.35,"13,400",2026/09/15
389,389,3349,(株)コスモス薬品,東証PRM,"6,608",-90,-1.34,"787,600",2026/09/15
390,390,5967,ＴＯＮＥ(株),東証STD,443,-6,-1.34,"8,800",2026/09/15
391,391,6566,(株)要興業,東証STD,"1,252",-17,-1.34,400,2026/09/15
392,392,7337,(株)ひろぎんホールディングス,東証PRM,"2,362.5",-32,-1.34,"339,200",2026/09/15
393,393,9535,広島ガス(株),東証PRM,443,-6,-1.34,"63,200",2026/09/15
394,394,1801,大成建設(株),東証PRM,"12,260",-165,-1.33,"651,900",2026/09/15
395,395,6367,ダイキン工業(株),東証PRM,"20,415",-275,-1.33,"855,300",2026/09/15
396,396,6662,(株)ユビテック,東証STD,223,-3,-1.33,"40,500",2026/09/15
397,397,7446,東北化学薬品(株),東証STD,"4,460",-60,-1.33,100,2026/09/15
398,398,2805,ヱスビー食品(株),東証STD,"7,460",-100,-1.32,"91,300",2026/09/15
399,399,2991,(株)ランドネット,東証STD,523,-7,-1.32,"11,600",2026/09/15
400,400,4990,昭和化学工業(株),東証STD,525,-7,-1.32,"2,600",2026/09/15
401,401,6858,(株)小野測器,東証STD,825,-11,-1.32,"30,600",2026/09/15
402,402,7836,アビックス(株),東証STD,75,-1,-1.32,"107,300",2026/09/15
403,403,431A,ユーソナー(株),東証GRT,"2,722",-36,-1.31,"12,700",2026/09/15
404,404,4937,(株)Ｗａｑｏｏ,東証GRT,"2,402",-32,-1.31,"1,800",2026/09/15
405,405,6190,(株)フェニックスバイオ,東証GRT,302,-4,-1.31,"15,600",2026/09/15
406,406,2499,日本和装ホールディングス(株),東証STD,304,-4,-1.3,"17,500",2026/09/15
407,407,2695,くら寿司(株),東証PRM,"1,671",-22,-1.3,"467,400",2026/09/15
408,408,4487,(株)スペースマーケット,東証GRT,228,-3,-1.3,"3,200",2026/09/15
409,409,8354,(株)ふくおかフィナンシャルグループ,東証PRM,"7,735",-102,-1.3,"653,300",2026/09/15
410,410,1632,(NEXT FUNDS)金融(除く銀行)上場投信,東証ETF,"43,610",-570,-1.29,678,2026/09/15
411,411,283A,GX USテック・配当貴族,東証ETF,"1,297",-17,-1.29,410,2026/09/15
412,412,5943,(株)ノーリツ,東証PRM,"2,227",-29,-1.29,"94,100",2026/09/15
413,413,7167,(株)めぶきフィナンシャルグループ,東証PRM,"1,683",-22,-1.29,"2,263,300",2026/09/15
414,414,8136,(株)サンリオ,東証PRM,"1,220",-16,-1.29,"15,782,900",2026/09/15
415,415,8303,(株)ＳＢＩ新生銀行,東証PRM,"1,609",-21,-1.29,"2,716,300",2026/09/15
416,416,1631,(NEXT FUNDS)銀行上場投信,東証ETF,"41,760",-540,-1.28,"4,403",2026/09/15
417,417,2181,パーソルホールディングス(株),東証PRM,293.5,-3.8,-1.28,"5,483,000",2026/09/15
418,418,4936,(株)アクシージア,東証STD,309,-4,-1.28,"95,300",2026/09/15
419,419,7453,(株)良品計画,東証PRM,"4,003",-52,-1.28,"1,962,700",2026/09/15
420,420,9107,川崎汽船(株),東証PRM,"3,385",-44,-1.28,"3,050,900",2026/09/15
421,421,9766,コナミグループ(株),東証PRM,"21,285",-275,-1.28,"305,600",2026/09/15
422,422,186A,(株)アストロスケールホールディングス,東証GRT,"1,007",-13,-1.27,"3,848,000",2026/09/15
423,423,2531,宝ホールディングス(株),東証PRM,"2,450",-31.5,-1.27,"358,700",2026/09/15
424,424,2801,キッコーマン(株),東証PRM,"1,676.5",-21.5,-1.27,"3,265,300",2026/09/15
425,425,3987,エコモット(株),東証GRT,622,-8,-1.27,"8,300",2026/09/15
426,426,4398,(株)ブロードバンドセキュリティ,東証STD,"1,321",-17,-1.27,"7,300",2026/09/15
427,427,569A,iシェアーズ プラチナ,東証ETF,171.7,-2.2,-1.27,"25,410",2026/09/15
428,428,5704,(株)ＪＭＣ,東証STD,388,-5,-1.27,"11,000",2026/09/15
429,429,5871,ＳＯＬＩＺＥ　Ｈｏｌｄｉｎｇｓ(株),東証STD,"1,396",-18,-1.27,"8,700",2026/09/15
430,430,7692,(株)アースインフィニティ,東証STD,78,-1,-1.27,"186,600",2026/09/15
431,431,9005,東急(株),東証PRM,"1,673",-21.5,-1.27,"1,545,300",2026/09/15
432,432,3934,(株)ベネフィットジャパン,東証STD,"2,280",-29,-1.26,"1,300",2026/09/15
433,433,5247,(株)ＢＴＭ,東証GRT,547,-7,-1.26,300,2026/09/15
434,434,8377,(株)ほくほくフィナンシャルグループ,東証PRM,"8,236",-105,-1.26,"219,200",2026/09/15
435,435,1332,(株)ニッスイ,東証PRM,"1,189.5",-15,-1.25,"1,008,000",2026/09/15
436,436,1541,純プラチナ上場信託(現物国内保管型),東証ETF,"7,950",-101,-1.25,"17,384",2026/09/15
437,437,2331,ＡＬＳＯＫ(株),東証PRM,"1,225.5",-15.5,-1.25,"1,146,300",2026/09/15
438,438,2983,(株)アールプランナー,東証GRT,"1,664",-21,-1.25,"103,600",2026/09/15
439,439,8088,岩谷産業(株),東証PRM,"2,098",-26.5,-1.25,"506,500",2026/09/15
440,440,8789,フィンテック　グローバル(株),東証STD,158,-2,-1.25,"978,300",2026/09/15
441,441,9533,東邦ガス(株),東証PRM,"1,308.5",-16.5,-1.25,"628,300",2026/09/15
442,442,2436,共同ピーアール(株),東証STD,558,-7,-1.24,"18,900",2026/09/15
443,443,377A,(株)エージェントＩＧホールディングス,名証MN,"1,199",-15,-1.24,700,2026/09/15
444,444,2477,手間いらず(株),東証STD,"3,225",-40,-1.23,"8,900",2026/09/15
445,445,2484,(株)出前館,東証STD,160,-2,-1.23,"299,000",2026/09/15
446,446,4060,ｒａｋｕｍｏ(株),東証GRT,"1,204",-15,-1.23,"1,600",2026/09/15
447,447,8418,(株)山口フィナンシャルグループ,東証PRM,"3,210",-40,-1.23,"357,300",2026/09/15
448,448,188A,GX インド・トップ10+,東証ETF,810,-10,-1.22,"3,893",2026/09/15
449,449,3231,野村不動産ホールディングス(株),東証PRM,906.3,-11.2,-1.22,"4,232,600",2026/09/15
450,450,586A,(NEXT FUNDS) 日経エンタメ・コンテンツ株指数,東証ETF,250,-3.1,-1.22,"176,120",2026/09/15
451,451,7381,(株)ＣＣＩグループ,東証PRM,"1,293",-16,-1.22,"268,500",2026/09/15
452,452,8358,スルガ銀行(株),東証PRM,"2,829",-35,-1.22,"518,400",2026/09/15
453,453,9861,(株)吉野家ホールディングス,東証PRM,"3,797",-47,-1.22,"266,800",2026/09/15
454,454,9960,東テク(株),東証PRM,"4,065",-50,-1.22,"67,100",2026/09/15
455,455,1942,(株)関電工,東証PRM,"5,397",-66,-1.21,"525,800",2026/09/15
456,456,3201,ニッケ,東証PRM,"1,967",-24,-1.21,"53,200",2026/09/15
457,457,5076,インフロニア・ホールディングス(株),東証PRM,"2,815",-34.5,-1.21,"1,305,700",2026/09/15
458,458,8338,(株)筑波銀行,東証PRM,736,-9,-1.21,"1,215,600",2026/09/15
459,459,9552,(株)クオンツ総研ホールディングス,東証PRM,"1,057",-13,-1.21,"223,700",2026/09/15
460,460,4438,(株)Ｗｅｌｂｙ,東証GRT,246,-3,-1.2,"13,100",2026/09/15
461,461,519A,(株)ベーシック,東証GRT,494,-6,-1.2,"4,800",2026/09/15
462,462,1662,石油資源開発(株),東証PRM,"1,910",-23,-1.19,"820,200",2026/09/15
463,463,298A,ＧＶＡ　ＴＥＣＨ(株),東証GRT,333,-4,-1.19,"4,300",2026/09/15
464,464,3683,(株)サイバーリンクス,東証STD,"1,080",-13,-1.19,"27,700",2026/09/15
465,465,3923,(株)ラクス,東証PRM,"1,084",-13,-1.19,"1,141,700",2026/09/15
466,466,4634,ａｒｔｉｅｎｃｅ(株),東証PRM,"4,980",-60,-1.19,"124,300",2026/09/15
467,467,9278,ブックオフグループホールディングス(株),東証PRM,"2,654",-32,-1.19,"96,600",2026/09/15
468,468,1692,WisdomTree アルミニウム上場投信,東証ETF,669,-8,-1.18,"1,000",2026/09/15
469,469,2267,(株)ヤクルト本社,東証PRM,"2,853",-34,-1.18,"1,069,100",2026/09/15
470,470,3101,東洋紡(株),東証PRM,"1,595",-19,-1.18,"366,400",2026/09/15
471,471,7131,のむら産業(株),東証STD,"3,765",-45,-1.18,"6,000",2026/09/15
472,472,7182,(株)ゆうちょ銀行,東証PRM,"3,260",-39,-1.18,"4,981,600",2026/09/15
473,473,7550,(株)ゼンショーホールディングス,東証PRM,"11,340",-135,-1.18,"288,900",2026/09/15
474,474,9104,(株)商船三井,東証PRM,"7,025",-84,-1.18,"1,697,500",2026/09/15
475,475,2791,大黒天物産(株),東証PRM,"4,645",-55,-1.17,"37,400",2026/09/15
476,476,4324,(株)電通グループ,東証PRM,"3,633",-43,-1.17,"1,009,400",2026/09/15
477,477,7322,(株)三十三フィナンシャルグループ,東証PRM,"2,022",-24,-1.17,"349,600",2026/09/15
478,478,8113,ユニ・チャーム(株),東証PRM,961,-11.4,-1.17,"3,711,300",2026/09/15
479,479,9307,(株)杉村倉庫,東証STD,927,-11,-1.17,"6,500",2026/09/15
480,480,1367,iFreeETF TOPIXレバレッジ(2倍)指数,東証ETF,"2,994",-35,-1.16,"38,896",2026/09/15
481,481,3479,(株)ＴＫＰ,東証GRT,"1,878",-22,-1.16,"39,300",2026/09/15
482,482,3645,(株)メディカルネット,東証STD,255,-3,-1.16,"38,700",2026/09/15
483,483,626A,iFreeETF ゴールドプラスインカム,東証ETF,"1,875",-22,-1.16,"4,044",2026/09/15
484,484,6366,千代田化工建設(株),東証STD,683,-8,-1.16,"1,715,300",2026/09/15
485,485,7839,(株)ＳＨＯＥＩ,東証PRM,"2,041",-24,-1.16,"139,500",2026/09/15
486,486,6090,ヒューマン・メタボローム・テクノロジーズ(株),東証STD,604,-7,-1.15,"4,900",2026/09/15
487,487,7189,(株)西日本フィナンシャルホールディングス,東証PRM,"4,915",-57,-1.15,"485,700",2026/09/15
488,488,2018,GX US REIT・トップ20,東証ETF,"1,213",-14,-1.14,"8,512",2026/09/15
489,489,5237,(株)ノザワ,東証STD,"1,211",-14,-1.14,"8,700",2026/09/15
490,490,6545,(株)インターネットインフィニティー,東証GRT,783,-9,-1.14,"9,400",2026/09/15
491,491,7065,ユーピーアール(株),東証STD,954,-11,-1.14,"3,400",2026/09/15
492,492,8617,光世証券(株),東証STD,607,-7,-1.14,"7,300",2026/09/15
493,493,2019,GX 米国優先証券(隔月分配型),東証ETF,965,-11,-1.13,"12,068",2026/09/15
494,494,2160,(株)ジーエヌアイグループ,東証GRT,"2,895",-33,-1.13,"765,900",2026/09/15
495,495,2815,アリアケジャパン(株),東証PRM,"5,250",-60,-1.13,"62,500",2026/09/15
496,496,3292,イオンリート投資法人,東証,"113,700","-1,300",-1.13,"10,324",2026/09/15
497,497,5587,(株)インバウンドプラットフォーム,東証GRT,790,-9,-1.13,"64,400",2026/09/15
498,498,6460,セガサミーホールディングス(株),東証PRM,"3,322",-38,-1.13,"1,163,000",2026/09/15
499,499,6875,(株)メガチップス,東証PRM,"10,460",-120,-1.13,"63,200",2026/09/15
500,500,7058,共栄セキュリティーサービス(株),東証STD,"3,060",-35,-1.13,"2,300",2026/09/15
501,501,7217,(株)テイン,東証STD,437,-5,-1.13,"5,400",2026/09/15
502,502,7849,スターツ出版(株),東証STD,"2,986",-34,-1.13,"5,800",2026/09/15
503,503,2459,アウンコンサルティング(株),東証STD,176,-2,-1.12,"13,100",2026/09/15
504,504,2747,北雄ラッキー(株),東証STD,"3,100",-35,-1.12,300,2026/09/15
505,505,4245,(株)ダイキアクシス,東証STD,707,-8,-1.12,"3,500",2026/09/15
506,506,5351,品川リフラ(株),東証PRM,"2,029",-23,-1.12,"50,900",2026/09/15
507,507,6444,サンデン(株),東証STD,177,-2,-1.12,"72,200",2026/09/15
508,508,9715,トランスコスモス(株),東証PRM,"3,545",-40,-1.12,"74,700",2026/09/15
509,509,1605,(株)ＩＮＰＥＸ,東証PRM,"3,936",-44,-1.11,"3,860,300",2026/09/15
510,510,2353,日本駐車場開発(株),東証PRM,268,-3,-1.11,"2,674,300",2026/09/15
511,511,3498,霞ヶ関キャピタル(株),東証PRM,"7,120",-80,-1.11,"116,300",2026/09/15
512,512,4612,日本ペイントホールディングス(株),東証PRM,"1,115",-12.5,-1.11,"2,095,900",2026/09/15
513,513,5079,(株)ノバック,東証STD,"2,574",-29,-1.11,"10,000",2026/09/15
514,514,6301,コマツ,東証PRM,"7,060",-79,-1.11,"2,389,900",2026/09/15
515,515,6701,ＮＥＣ,東証PRM,"4,795",-54,-1.11,"7,048,100",2026/09/15
516,516,9073,京極運輸商事(株),東証STD,"1,242",-14,-1.11,100,2026/09/15
517,517,9081,神奈川中央交通(株),東証PRM,"4,020",-45,-1.11,"12,100",2026/09/15
518,518,1628,(NEXT FUNDS)運輸･物流上場投信,東証ETF,"22,100",-245,-1.1,235,2026/09/15
519,519,2264,森永乳業(株),東証PRM,"1,122.5",-12.5,-1.1,"1,717,900",2026/09/15
520,520,3696,(株)セレス,東証PRM,"2,159",-24,-1.1,"39,300",2026/09/15
521,521,4599,(株)ステムリム,東証GRT,180,-2,-1.1,"1,283,900",2026/09/15
522,522,7180,(株)九州フィナンシャルグループ,東証PRM,"1,612",-18,-1.1,"835,600",2026/09/15
523,523,8267,イオン(株),東証PRM,"1,351",-15,-1.1,"6,245,800",2026/09/15
524,524,9064,ヤマトホールディングス(株),東証PRM,"1,977",-22,-1.1,"611,900",2026/09/15
525,525,1719,安藤ハザマ,東証PRM,"1,868",-20.5,-1.09,"681,900",2026/09/15
526,526,3288,(株)オープンハウスグループ,東証PRM,"7,599",-84,-1.09,"224,500",2026/09/15
527,527,4234,(株)サンエー化研,東証STD,997,-11,-1.09,"16,600",2026/09/15
528,528,4657,(株)環境管理センター,東証STD,454,-5,-1.09,"2,100",2026/09/15
529,529,4896,(株)ケイファーマ,東証GRT,813,-9,-1.09,"14,200",2026/09/15
530,530,543A,ＡＲＣＨＩＯＮ(株),東証PRM,271,-3,-1.09,"20,202,200",2026/09/15
531,531,7687,(株)ミクリード,東証GRT,453,-5,-1.09,"8,100",2026/09/15
532,532,8336,(株)武蔵野銀行,東証PRM,"2,806",-31,-1.09,"154,500",2026/09/15
533,533,9601,松竹(株),東証PRM,"10,900",-120,-1.09,"38,600",2026/09/15
534,534,3323,レカム(株),東証STD,92,-1,-1.08,"81,700",2026/09/15
535,535,4120,スガイ化学工業(株),東証STD,"2,930",-32,-1.08,600,2026/09/15
536,536,429A,テクセンドフォトマスク(株),東証PRM,"3,665",-40,-1.08,"886,800",2026/09/15
537,537,4343,(株)イオンファンタジー,東証PRM,"2,742",-30,-1.08,"36,400",2026/09/15
538,538,6178,日本郵政(株),東証PRM,"2,480.5",-27,-1.08,"3,946,500",2026/09/15
539,539,1568,TOPIXブル2倍上場投信,東証ETF,970,-10.5,-1.07,"2,015,820",2026/09/15
540,540,1871,ピーエス・コンストラクション(株),東証PRM,"2,130",-23,-1.07,"72,400",2026/09/15
541,541,2040,NEXT NOTES NYダウ･ダブル･ブル･ドルヘッジ ETN,東証ETF,"38,020",-410,-1.07,172,2026/09/15
542,542,7564,(株)ワークマン,東証STD,"5,570",-60,-1.07,"505,000",2026/09/15
543,543,7803,(株)ブシロード,東証GRT,463,-5,-1.07,"2,747,800",2026/09/15
544,544,7976,三菱鉛筆(株),東証PRM,"3,225",-35,-1.07,"85,800",2026/09/15
545,545,8750,(株)第一ライフグループ,東証PRM,"1,894.5",-20.5,-1.07,"9,934,400",2026/09/15
546,546,8923,トーセイ(株),東証PRM,"1,665",-18,-1.07,"117,900",2026/09/15
547,547,2046,NEXT NOTES インドNifty･ダブル・ブル ETN,東証ETF,"22,370",-240,-1.06,157,2026/09/15
548,548,2270,雪印メグミルク(株),東証PRM,"3,730",-40,-1.06,"134,000",2026/09/15
549,549,2327,日鉄ソリューションズ(株),東証PRM,"3,922",-42,-1.06,"147,900",2026/09/15
550,550,7172,(株)ジャパンインベストメントアドバイザー,東証PRM,"2,063",-22,-1.06,"139,800",2026/09/15
551,551,9301,三菱倉庫(株),東証PRM,"1,536.5",-16.5,-1.06,"634,200",2026/09/15
552,552,9820,エムティジェネックス(株),東証STD,"3,720",-40,-1.06,300,2026/09/15
553,553,3237,(株)イントランス,東証GRT,94,-1,-1.05,"58,200",2026/09/15
554,554,3766,システムズ・デザイン(株),東証STD,"1,420",-15,-1.05,400,2026/09/15
555,555,4491,コンピューターマネージメント(株),東証STD,"3,310",-35,-1.05,"3,700",2026/09/15
556,556,8040,(株)東京ソワール,東証STD,"1,038",-11,-1.05,300,2026/09/15
557,557,2867,GX 自動運転&EV,東証ETF,"1,623",-17,-1.04,688,2026/09/15
558,558,3222,ユナイテッド・スーパーマーケット・ホールディングス(株),東証STD,856,-9,-1.04,"483,300",2026/09/15
559,559,438A,(株)インフキュリオン,東証GRT,"1,044",-11,-1.04,"205,600",2026/09/15
560,560,6248,(株)横田製作所,東証STD,"1,718",-18,-1.04,700,2026/09/15
561,561,6486,イーグル工業(株),東証PRM,"2,961",-31,-1.04,"79,200",2026/09/15
562,562,6954,ファナック(株),東証PRM,"5,716",-60,-1.04,"3,324,400",2026/09/15
563,563,8593,三菱ＨＣキャピタル(株),東証PRM,"1,384",-14.5,-1.04,"3,433,000",2026/09/15
564,564,5947,リンナイ(株),東証PRM,"3,461",-36,-1.03,"230,200",2026/09/15
565,565,6380,オリエンタルチエン工業(株),東証STD,"3,840",-40,-1.03,"17,800",2026/09/15
566,566,7504,(株)高速,東証PRM,"4,305",-45,-1.03,"42,900",2026/09/15
567,567,7832,(株)バンダイナムコホールディングス,東証PRM,"5,559",-58,-1.03,"1,875,300",2026/09/15
568,568,8076,(株)カノークス,東証STD,"2,106",-22,-1.03,"3,400",2026/09/15
569,569,9258,(株)ＣＳ－Ｃ,東証GRT,288,-3,-1.03,800,2026/09/15
570,570,2802,味の素(株),東証PRM,"4,870",-50,-1.02,"2,834,200",2026/09/15
571,571,346A,(NEXT FUNDS) S&P500 半導体・半導体製造装置35%,東証ETF,"4,644",-48,-1.02,"7,418",2026/09/15
572,572,4371,(株)コアコンセプト・テクノロジー,東証GRT,"1,454",-15,-1.02,"20,100",2026/09/15
573,573,578A,GX シルバー (H有),東証ETF,243.4,-2.5,-1.02,"31,000",2026/09/15
574,574,7162,アストマックス(株),東証STD,291,-3,-1.02,"9,400",2026/09/15
575,575,8060,キヤノンマーケティングジャパン(株),東証PRM,"3,696",-38,-1.02,"276,800",2026/09/15
576,576,2004,昭和産業(株),東証PRM,"3,905",-40,-1.01,"41,800",2026/09/15
577,577,2375,ギグワークス(株),東証STD,197,-2,-1.01,"49,800",2026/09/15
578,578,4409,東邦化学工業(株),東証STD,786,-8,-1.01,"2,000",2026/09/15
579,579,4718,(株)早稲田アカデミー,東証PRM,"2,539",-26,-1.01,"28,600",2026/09/15
580,580,4777,(株)ガーラ,東証STD,197,-2,-1.01,"41,800",2026/09/15
581,581,5162,(株)朝日ラバー,東証STD,781,-8,-1.01,"1,900",2026/09/15
582,582,7538,(株)大水,東証STD,392,-4,-1.01,"7,800",2026/09/15
583,583,8344,(株)山形銀行,東証PRM,"4,915",-50,-1.01,"110,300",2026/09/15
584,584,9435,(株)光通信,東証PRM,"38,040",-390,-1.01,"58,500",2026/09/15
585,585,2874,ヨコレイ,東証PRM,"2,178",-22,-1.0,"132,000",2026/09/15
586,586,3064,(株)ＭｏｎｏｔａＲＯ,東証PRM,"1,972.5",-20,-1.0,"1,426,500",2026/09/15
587,587,3611,(株)マツオカコーポレーション,東証STD,"2,377",-24,-1.0,"16,900",2026/09/15
588,588,4058,トヨクモ(株),東証GRT,"2,365",-24,-1.0,"15,200",2026/09/15
589,589,4124,大阪油化工業(株),東証STD,"2,975",-30,-1.0,400,2026/09/15
590,590,4761,(株)さくらケーシーエス,東証STD,"1,479",-15,-1.0,"13,800",2026/09/15
591,591,540A,上場インデックスファンド日経銀行株トップ10,東証ETF,"2,089",-21,-1.0,"35,122",2026/09/15
592,592,606A,金2倍ブルETF,東証ETF,"19,900",-200,-1.0,"2,725",2026/09/15
593,593,7228,(株)デイトナ,東証STD,"3,955",-40,-1.0,700,2026/09/15
594,594,1721,コムシスホールディングス(株),東証PRM,"5,387",-54,-0.99,"304,800",2026/09/15
595,595,3182,オイシックス(株),東証PRM,"1,595",-16,-0.99,"90,800",2026/09/15
596,596,3490,(株)アズ企画設計,東証STD,"3,015",-30,-0.99,"1,300",2026/09/15
597,597,4063,信越化学工業(株),東証PRM,"5,693",-57,-0.99,"4,637,600",2026/09/15
598,598,5592,(株)くすりの窓口,東証GRT,"2,694",-27,-0.99,"16,500",2026/09/15
599,599,6239,(株)ナガオカ,東証STD,"1,405",-14,-0.99,900,2026/09/15
600,600,7255,(株)桜井製作所,東証STD,500,-5,-0.99,"3,300",2026/09/15
601,601,7532,(株)パン・パシフィック・インターナショナルホールディングス,東証PRM,727.3,-7.3,-0.99,"13,061,700",2026/09/15
602,602,8165,(株)千趣会,東証STD,100,-1,-0.99,"152,100",2026/09/15
603,603,9428,(株)クロップス,東証STD,"1,498",-15,-0.99,"1,200",2026/09/15
604,604,3088,(株)マツキヨココカラ＆カンパニー,東証PRM,"2,535.5",-25,-0.98,"1,844,700",2026/09/15
605,605,353A,エレベーターコミュニケーションズ(株),福証,"1,515",-15,-0.98,300,2026/09/15
606,606,4832,ＪＦＥシステムズ(株),東証STD,"1,912",-19,-0.98,"6,600",2026/09/15
607,607,5246,(株)ＥＬＥＭＥＮＴＳ,東証GRT,807,-8,-0.98,"231,400",2026/09/15
608,608,5541,大平洋金属(株),東証PRM,"2,640",-26,-0.98,"123,900",2026/09/15
609,609,5900,(株)ダイケン,東証STD,907,-9,-0.98,"1,800",2026/09/15
610,610,6955,ＦＤＫ(株),東証STD,403,-4,-0.98,"41,200",2026/09/15
611,611,8544,(株)京葉銀行,東証PRM,"2,843",-28,-0.98,"191,000",2026/09/15
612,612,8614,東洋証券(株),東証PRM,705,-7,-0.98,"435,900",2026/09/15
613,613,3076,あい　ホールディングス(株),東証PRM,"2,967",-29,-0.97,"81,900",2026/09/15
614,614,324A,(株)ブッキングリゾート,東証GRT,712,-7,-0.97,"13,900",2026/09/15
615,615,3698,(株)ＣＲＩ・ミドルウェア,東証STD,"1,226",-12,-0.97,"1,500",2026/09/15
616,616,4196,(株)ネオマーケティング,東証STD,"2,140",-21,-0.97,"25,900",2026/09/15
617,617,8359,(株)八十二長野銀行,東証PRM,"2,707",-26.5,-0.97,"732,700",2026/09/15
618,618,9346,(株)ココルポート,東証GRT,"1,830",-18,-0.97,"2,300",2026/09/15
619,619,9936,(株)王将フードサービス,東証PRM,"2,957",-29,-0.97,"368,700",2026/09/15
620,620,2002,(株)日清製粉グループ本社,東証PRM,"2,057",-20,-0.96,"506,400",2026/09/15
621,621,2811,カゴメ(株),東証PRM,"2,736.5",-26.5,-0.96,"306,800",2026/09/15
622,622,3896,阿波製紙(株),東証STD,411,-4,-0.96,"3,100",2026/09/15
623,623,6340,澁谷工業(株),東証PRM,"5,150",-50,-0.96,"39,700",2026/09/15
624,624,6772,東京コスモス電機(株),東証STD,"1,029",-10,-0.96,500,2026/09/15
625,625,9913,日邦産業(株),東証STD,"3,610",-35,-0.96,100,2026/09/15
626,626,241A,(株)ＲＯＸＸ,東証GRT,419,-4,-0.95,"5,900",2026/09/15
627,627,253A,(株)ＥＴＳグループ,東証STD,"1,038",-10,-0.95,"4,200",2026/09/15
628,628,7089,フォースタートアップス(株),東証GRT,"1,361",-13,-0.95,"7,900",2026/09/15
629,629,8425,みずほリース(株),東証PRM,"1,355",-13,-0.95,"511,000",2026/09/15
630,630,9735,セコム(株),東証PRM,"6,381",-61,-0.95,"1,112,700",2026/09/15
631,631,1623,(NEXT FUNDS)鉄鋼･非鉄上場投信,東証ETF,"60,850",-580,-0.94,906,2026/09/15
632,632,1673,WisdomTree 銀上場投信,東証ETF,"8,857",-84,-0.94,"1,770",2026/09/15
633,633,1693,WisdomTree 銅上場投信,東証ETF,"8,406",-80,-0.94,"7,880",2026/09/15
634,634,192A,インテグループ(株),東証GRT,"1,260",-12,-0.94,"2,100",2026/09/15
635,635,2721,(株)ジェイホールディングス,東証STD,105,-1,-0.94,"70,700",2026/09/15
636,636,2809,キユーピー(株),東証PRM,"4,527",-43,-0.94,"247,700",2026/09/15
637,637,3103,ユニチカ(株),東証STD,"1,367",-13,-0.94,"3,494,600",2026/09/15
638,638,4263,サスメド(株),東証GRT,422,-4,-0.94,"41,000",2026/09/15
639,639,573A,iシェアーズ 日本国債20年超,東証ETF,485,-4.6,-0.94,"320,590",2026/09/15
640,640,8127,ヤマト　インターナショナル(株),東証STD,526,-5,-0.94,"8,900",2026/09/15
641,641,8725,ＭＳ＆ＡＤインシュアランスグループホールディングス(株),東証PRM,"5,158",-49,-0.94,"4,944,300",2026/09/15
642,642,2449,(株)プラップジャパン,東証STD,"1,064",-10,-0.93,600,2026/09/15
643,643,244A,グロースエクスパートナーズ(株),東証GRT,"1,168",-11,-0.93,"2,300",2026/09/15
644,644,297A,アルピコホールディングス(株),東証STD,212,-2,-0.93,"73,800",2026/09/15
645,645,335A,(株)ミライロ,東証GRT,319,-3,-0.93,"10,800",2026/09/15
646,646,3845,(株)アイフリークモバイル,東証STD,320,-3,-0.93,"416,000",2026/09/15
647,647,448A,ステート・ストリート・スパイダー ゴールド ETF(H有),東証ETF,257,-2.4,-0.93,"20,540",2026/09/15
648,648,5406,(株)神戸製鋼所,東証PRM,"2,020",-19,-0.93,"1,121,700",2026/09/15
649,649,568A,iシェアーズ シルバー,東証ETF,159.6,-1.5,-0.93,"64,740",2026/09/15
650,650,6419,(株)マースグループホールディングス,東証PRM,"3,205",-30,-0.93,"62,500",2026/09/15
651,651,6932,(株)遠藤照明,東証STD,"2,561",-24,-0.93,"18,900",2026/09/15
652,652,7352,(株)ＴＷＯＳＴＯＮＥ＆Ｓｏｎｓ,東証GRT,319,-3,-0.93,"103,100",2026/09/15
653,653,8585,(株)オリエントコーポレーション,東証PRM,853,-8,-0.93,"293,700",2026/09/15
654,654,9009,京成電鉄(株),東証PRM,"1,387",-13,-0.93,"1,138,500",2026/09/15
655,655,2031,NEXT NOTES 香港ハンセン･ダブル･ブルETN,東証ETF,"7,290",-68,-0.92,101,2026/09/15
656,656,2462,ライク(株),東証PRM,"1,500",-14,-0.92,"39,600",2026/09/15
657,657,4668,(株)明光ネットワークジャパン,東証PRM,758,-7,-0.92,"63,600",2026/09/15
658,658,4901,富士フイルムホールディングス(株),東証PRM,"3,230",-30,-0.92,"3,336,000",2026/09/15
659,659,5250,ＧＭＯプライム・ストラテジー(株),東証STD,"1,189",-11,-0.92,"1,800",2026/09/15
660,660,603A,(株)アイ・グリッド・ソリューションズ,東証GRT,862,-8,-0.92,"1,292,600",2026/09/15
661,661,6103,オークマ(株),東証PRM,"4,320",-40,-0.92,"262,900",2026/09/15
662,662,6250,(株)やまびこ,東証PRM,"4,330",-40,-0.92,"88,300",2026/09/15
663,663,6351,(株)鶴見製作所,東証PRM,"2,488",-23,-0.92,"42,600",2026/09/15
664,664,6505,東洋電機製造(株),東証STD,"2,359",-22,-0.92,"22,200",2026/09/15
665,665,6580,(株)ライトアップ,東証GRT,865,-8,-0.92,"8,100",2026/09/15
666,666,8045,横浜丸魚(株),東証STD,"2,040",-19,-0.92,"1,300",2026/09/15
667,667,8362,(株)福井銀行,東証PRM,"7,580",-70,-0.92,"87,300",2026/09/15
668,668,9948,(株)アークス,東証PRM,"3,750",-35,-0.92,"90,100",2026/09/15
669,669,1577,(NEXT FUNDS)野村日本株高配当70連動型ETF,東証ETF,"59,720",-550,-0.91,"2,863",2026/09/15
670,670,1676,WisdomTree 貴金属バスケット上場投信,東証ETF,"41,450",-380,-0.91,13,2026/09/15
671,671,340A,(株)ジグザグ,東証GRT,325,-3,-0.91,"9,700",2026/09/15
672,672,3459,サムティ・レジデンシャル投資法人,東証,"86,700",-800,-0.91,"4,848",2026/09/15
673,673,3963,(株)シンクロ・フード,東証PRM,327,-3,-0.91,"85,500",2026/09/15
674,674,5261,リソルホールディングス(株),東証PRM,"7,590",-70,-0.91,"3,500",2026/09/15
675,675,584A,ＬｉＮＫＸ(株),東証GRT,"2,509",-23,-0.91,"57,600",2026/09/15
676,676,611A,One ETF 日本国債27-30年,東証ETF,981.5,-9,-0.91,220,2026/09/15
677,677,6495,(株)宮入バルブ製作所,東証STD,109,-1,-0.91,"365,000",2026/09/15
678,678,9504,中国電力(株),東証PRM,"1,084.5",-10,-0.91,"1,409,500",2026/09/15
679,679,9672,東京都競馬(株),東証PRM,"4,900",-45,-0.91,"39,300",2026/09/15
680,680,2602,日清オイリオグループ(株),東証PRM,"2,094",-19,-0.9,"202,000",2026/09/15
681,681,425A,GX ゴールドETF,東証ETF,354,-3.2,-0.9,"843,910",2026/09/15
682,682,7911,ＴＯＰＰＡＮホールディングス(株),東証PRM,"4,630",-42,-0.9,"1,340,000",2026/09/15
683,683,8089,ナイス(株),東証STD,"1,980",-18,-0.9,"4,000",2026/09/15
684,684,9304,澁澤倉庫(株),東証PRM,"2,097",-19,-0.9,"95,900",2026/09/15
685,685,9679,ホウライ(株),東証STD,"2,300",-21,-0.9,700,2026/09/15
686,686,1398,SMDAM 東証REIT指数上場投信,東証ETF,"1,789.5",-16,-0.89,"224,150",2026/09/15
687,687,1627,(NEXT FUNDS)電力･ガス上場投信,東証ETF,"12,800",-115,-0.89,"4,510",2026/09/15
688,688,2351,(株)ＡＳＪ,東証STD,334,-3,-0.89,"6,000",2026/09/15
689,689,5401,日本製鉄(株),東証PRM,678,-6.1,-0.89,"21,338,500",2026/09/15
690,690,6229,(株)オーケーエム,東証STD,"1,453",-13,-0.89,"11,800",2026/09/15
691,691,6424,(株)高見沢サイバネティックス,東証STD,886,-8,-0.89,"1,300",2026/09/15
692,692,6568,神戸天然物化学(株),東証GRT,"1,229",-11,-0.89,"7,400",2026/09/15
693,693,6757,(株)ＯＳＧコーポレーション,東証STD,889,-8,-0.89,"6,900",2026/09/15
694,694,1438,(株)岐阜造園,東証STD,"2,245",-20,-0.88,"29,100",2026/09/15
695,695,1674,WisdomTree 白金上場投信,東証ETF,"24,820",-220,-0.88,186,2026/09/15
696,696,2269,明治ホールディングス(株),東証PRM,"4,284",-38,-0.88,"817,200",2026/09/15
697,697,3967,(株)エルテス,東証GRT,566,-5,-0.88,"13,500",2026/09/15
698,698,4113,田岡化学工業(株),東証STD,788,-7,-0.88,"32,400",2026/09/15
699,699,4344,ソースネクスト(株),東証PRM,112,-1,-0.88,"726,000",2026/09/15
700,700,4543,テルモ(株),東証PRM,"2,242.5",-20,-0.88,"2,588,100",2026/09/15
701,701,4732,(株)ユー・エス・エス,東証PRM,"1,907.5",-17,-0.88,"1,012,200",2026/09/15
702,702,6465,ホシザキ(株),東証PRM,"5,297",-47,-0.88,"310,600",2026/09/15
703,703,7269,スズキ(株),東証PRM,"2,027",-18,-0.88,"4,475,600",2026/09/15
704,704,8381,(株)山陰合同銀行,東証PRM,"2,576",-23,-0.88,"242,900",2026/09/15
705,705,9029,(株)ヒガシホールディングス,東証STD,"1,796",-16,-0.88,"4,400",2026/09/15
706,706,1878,大東建託(株),東証PRM,"3,323",-29,-0.87,"1,119,800",2026/09/15
707,707,2085,MAXIS 高配当日本株アクティブ,東証ETF,783.1,-6.9,-0.87,"16,390",2026/09/15
708,708,5034,(株)ｕｎｅｒｒｙ,東証GRT,"2,283",-20,-0.87,"14,300",2026/09/15
709,709,5075,アップコン(株),名証NXT,"1,021",-9,-0.87,"6,500",2026/09/15
710,710,5713,住友金属鉱山(株),東証PRM,"9,461",-83,-0.87,"1,556,500",2026/09/15
711,711,6467,(株)ニチダイ,東証STD,341,-3,-0.87,"5,200",2026/09/15
712,712,7035,ａｎｄ　ｆａｃｔｏｒｙ(株),東証STD,229,-2,-0.87,"9,900",2026/09/15
713,713,7240,ＮＯＫ(株),東証PRM,"2,968",-26,-0.87,"305,300",2026/09/15
714,714,7356,Ｒｅｔｔｙ(株),東証GRT,114,-1,-0.87,"15,400",2026/09/15
715,715,2292,Ｓ　ＦＯＯＤＳ(株),東証PRM,"2,755",-24,-0.86,"111,300",2026/09/15
716,716,302A,(株)ビースタイルホールディングス,東証GRT,575,-5,-0.86,"1,700",2026/09/15
717,717,3241,(株)ウィル,東証STD,579,-5,-0.86,"2,900",2026/09/15
718,718,407A,(株)ＵＮＩＣＯＮホールディングス,東証STD,926,-8,-0.86,"11,300",2026/09/15
719,719,4204,積水化学工業(株),東証PRM,"2,489",-21.5,-0.86,"911,000",2026/09/15
720,720,6540,(株)船場,東証STD,"1,493",-13,-0.86,"18,700",2026/09/15
721,721,7003,(株)三井Ｅ＆Ｓ,東証PRM,"4,170",-36,-0.86,"1,619,400",2026/09/15
722,722,7219,(株)エッチ・ケー・エス,東証STD,"2,413",-21,-0.86,500,2026/09/15
723,723,7222,日産車体(株),東証STD,918,-8,-0.86,"83,200",2026/09/15
724,724,8144,(株)デンキョーグループホールディングス,東証STD,"1,261",-11,-0.86,100,2026/09/15
725,725,8967,日本ロジスティクスファンド投資法人,東証,"91,900",-800,-0.86,"9,268",2026/09/15
726,726,1555,上場インデックスファンド豪州リート,東証ETF,"2,217",-19,-0.85,887,2026/09/15
727,727,2338,クオンタムソリューションズ(株),東証STD,117,-1,-0.85,"144,600",2026/09/15
728,728,2454,(株)オールアバウト,東証STD,351,-3,-0.85,"5,600",2026/09/15
729,729,4406,新日本理化(株),東証STD,233,-2,-0.85,"145,100",2026/09/15
730,730,7461,(株)キムラ,東証STD,468,-4,-0.85,"2,900",2026/09/15
731,731,7481,尾家産業(株),東証STD,"2,580",-22,-0.85,"5,200",2026/09/15
732,732,8228,(株)マルイチ産商,名証MN,"1,054",-9,-0.85,"20,100",2026/09/15
733,733,9433,ＫＤＤＩ(株),東証PRM,"3,044",-26,-0.85,"7,076,100",2026/09/15
734,734,3486,(株)グローバル・リンク・マネジメント,東証PRM,"2,004",-17,-0.84,"85,700",2026/09/15
735,735,4051,ＧＭＯフィナンシャルゲート(株),東証PRM,"5,900",-50,-0.84,"17,800",2026/09/15
736,736,6038,(株)イード,東証GRT,830,-7,-0.84,"2,500",2026/09/15
737,737,7886,ヤマト　モビリティ　＆　Ｍｆｇ．(株),東証STD,590,-5,-0.84,200,2026/09/15
738,738,7983,(株)ミロク,東証STD,"1,183",-10,-0.84,"2,800",2026/09/15
739,739,8084,(株)ＲＹＯＤＥＮ,東証PRM,"4,715",-40,-0.84,"22,100",2026/09/15
740,740,9506,東北電力(株),東証PRM,"1,409.5",-12,-0.84,"3,112,100",2026/09/15
741,741,9708,(株)帝国ホテル,東証STD,942,-8,-0.84,"101,600",2026/09/15
742,742,1381,(株)アクシーズ,東証STD,"3,575",-30,-0.83,"3,500",2026/09/15
743,743,1592,上場インデックス JPX日経インデックス400,東証ETF,"3,341",-28,-0.83,850,2026/09/15
744,744,2640,GX ゲーム＆アニメ-日本株式,東証ETF,"4,284",-36,-0.83,"8,302",2026/09/15
745,745,404A,GX チャイナテック・トップ10,東証ETF,"1,199",-10,-0.83,"2,959",2026/09/15
746,746,4476,ＡＩ　ＣＲＯＳＳ(株),東証GRT,"1,081",-9,-0.83,"5,700",2026/09/15
747,747,7727,(株)オーバル,東証STD,841,-7,-0.83,"75,500",2026/09/15
748,748,7912,大日本印刷(株),東証PRM,"2,979",-25,-0.83,"1,103,400",2026/09/15
749,749,8001,伊藤忠商事(株),東証PRM,"2,321",-19.5,-0.83,"15,176,200",2026/09/15
750,750,1563,東証グロース･コア,東証ETF,"2,422",-20,-0.82,"19,089",2026/09/15
751,751,3765,ガンホー・オンライン・エンターテイメント(株),東証PRM,"2,543",-21,-0.82,"201,600",2026/09/15
752,752,4351,(株)山田再生系債権回収総合事務所,東証STD,848,-7,-0.82,"1,700",2026/09/15
753,753,7214,ＧＭＢ(株),東証STD,"1,091",-9,-0.82,"3,100",2026/09/15
754,754,7226,極東開発工業(株),東証PRM,"2,290",-19,-0.82,"200,400",2026/09/15
755,755,9904,(株)ベリテ,東証STD,241,-2,-0.82,"6,300",2026/09/15
756,756,2220,亀田製菓(株),東証PRM,"1,350",-11,-0.81,"208,300",2026/09/15
757,757,4885,室町ケミカル(株),東証STD,853,-7,-0.81,"8,100",2026/09/15
758,758,5842,インテグラル(株),東証GRT,"2,940",-24,-0.81,"85,000",2026/09/15
759,759,6625,ＪＡＬＣＯホールディングス(株),東証STD,366,-3,-0.81,"129,400",2026/09/15
760,760,8697,(株)日本取引所グループ,東証PRM,"2,197.5",-18,-0.81,"3,168,100",2026/09/15
761,761,1866,北野建設(株),東証STD,"1,112",-9,-0.8,"15,100",2026/09/15
762,762,1939,(株)四電工,東証PRM,"2,239",-18,-0.8,"65,300",2026/09/15
763,763,2084,(NEXT FUNDS) 日本高配当株アクティブ,東証ETF,"3,830",-31,-0.8,"7,131",2026/09/15
764,764,3421,(株)稲葉製作所,東証STD,"1,606",-13,-0.8,"36,300",2026/09/15
765,765,408A,iシェアーズ AI グローバル・イノベーション アクティブ,東証ETF,271.3,-2.2,-0.8,"315,480",2026/09/15
766,766,6135,(株)牧野フライス製作所,東証PRM,"14,930",-120,-0.8,"89,000",2026/09/15
767,767,6775,(株)ＴＢグループ,東証STD,124,-1,-0.8,"35,700",2026/09/15
768,768,7500,西川計測(株),東証STD,"9,940",-80,-0.8,100,2026/09/15
769,769,9531,東京ガス(株),東証PRM,"6,335",-51,-0.8,"789,300",2026/09/15
770,770,9831,(株)ヤマダホールディングス,東証PRM,715,-5.8,-0.8,"3,372,000",2026/09/15
771,771,9987,(株)スズケン,東証PRM,"5,214",-42,-0.8,"154,400",2026/09/15
772,772,2520,(NEXT FUNDS)新興国株式･MSCI EM･(H無),東証ETF,"2,261",-18,-0.79,"3,689",2026/09/15
773,773,4447,(株)ピー・ビーシステムズ,東証GRT,500,-4,-0.79,"7,000",2026/09/15
774,774,5994,(株)ファインシンター,東証STD,"1,011",-8,-0.79,500,2026/09/15
775,775,6626,ＳＥＭＩＴＥＣ(株),東証STD,"2,377",-19,-0.79,"9,500",2026/09/15
776,776,7343,ブロードマインド(株),東証GRT,"1,252",-10,-0.79,"4,000",2026/09/15
777,777,7731,(株)ニコン,東証PRM,"1,696.5",-13.5,-0.79,"1,084,100",2026/09/15
778,778,7781,(株)平山ホールディングス,東証STD,878,-7,-0.79,"29,800",2026/09/15
779,779,1941,(株)中電工,東証PRM,"5,090",-40,-0.78,"60,500",2026/09/15
780,780,3387,(株)クリエイト・レストランツ・ホールディングス,東証PRM,768,-6,-0.78,"795,200",2026/09/15
781,781,3536,アクサスホールディングス(株),東証STD,127,-1,-0.78,"13,400",2026/09/15
782,782,4013,勤次郎(株),東証GRT,639,-5,-0.78,"24,400",2026/09/15
783,783,6484,(株)ＫＶＫ,東証STD,"2,279",-18,-0.78,"2,700",2026/09/15
784,784,8439,東京センチュリー(株),東証PRM,"2,655.5",-21,-0.78,"331,300",2026/09/15
785,785,9257,ＹＣＰホールディングス（グローバル）,東証GRT外国,512,-4,-0.78,"1,900",2026/09/15
786,786,9729,(株)トーカイ,東証PRM,"2,552",-20,-0.78,"15,700",2026/09/15
787,787,9934,因幡電機産業(株),東証PRM,"3,055",-24,-0.78,"180,700",2026/09/15
788,788,304A,フォルシア(株),東証GRT,"1,934",-15,-0.77,100,2026/09/15
789,789,3289,東急不動産ホールディングス(株),東証PRM,"1,283",-10,-0.77,"1,402,400",2026/09/15
790,790,3951,朝日印刷(株),東証STD,906,-7,-0.77,"19,100",2026/09/15
791,791,5631,(株)日本製鋼所,東証PRM,"7,189",-56,-0.77,"1,311,900",2026/09/15
792,792,6023,ダイハツインフィニアース(株),東証STD,"3,205",-25,-0.77,"111,400",2026/09/15
793,793,6228,(株)ジェイ・イー・ティ,東証STD,517,-4,-0.77,"7,300",2026/09/15
794,794,1417,(株)ミライト・ワン,東証PRM,"3,507",-27,-0.76,"183,100",2026/09/15
795,795,1622,(NEXT FUNDS)自動車･輸送機上場投信,東証ETF,"34,000",-260,-0.76,70,2026/09/15
796,796,3087,(株)ドトール・日レスホールディングス,東証PRM,"3,260",-25,-0.76,"109,800",2026/09/15
797,797,3627,テクミラホールディングス(株),東証STD,262,-2,-0.76,"14,700",2026/09/15
798,798,5256,(株)Ｆｕｓｉｃ,東証GRT,"2,732",-21,-0.76,"1,600",2026/09/15
799,799,5891,(株)ＳＡＫＩＧＡＫＥホールディングス,東証STD,"1,688",-13,-0.76,"4,400",2026/09/15
800,800,7185,ヒロセ通商(株),東証STD,"3,905",-30,-0.76,"8,000",2026/09/15
801,801,7270,(株)ＳＵＢＡＲＵ,東証PRM,"2,629",-20,-0.76,"2,033,600",2026/09/15
802,802,7508,(株)Ｇ－７ホールディングス,東証PRM,"1,439",-11,-0.76,"36,300",2026/09/15
803,803,2036,NEXT NOTES 金先物 ダブル・ブル ETN,東証ETF,"146,500","-1,100",-0.75,"2,045",2026/09/15
804,804,6664,(株)オプトエレクトロニクス,東証STD,265,-2,-0.75,"1,700",2026/09/15
805,805,7046,ＴＤＳＥ(株),東証GRT,"1,320",-10,-0.75,"3,900",2026/09/15
806,806,1301,(株)極洋,東証PRM,"4,665",-35,-0.74,"36,400",2026/09/15
807,807,3150,(株)グリムス,東証PRM,"2,422",-18,-0.74,"34,100",2026/09/15
808,808,3661,(株)エムアップホールディングス,東証PRM,803,-6,-0.74,"527,900",2026/09/15
809,809,465A,GX 日経平均株主還元40-日本株式,東証ETF,"1,336",-10,-0.74,"3,134",2026/09/15
810,810,6273,ＳＭＣ(株),東証PRM,"66,880",-500,-0.74,"304,500",2026/09/15
811,811,7462,(株)ＣＡＰＩＴＡ,東証STD,403,-3,-0.74,"14,800",2026/09/15
812,812,8850,スターツコーポレーション(株),東証PRM,"4,670",-35,-0.74,"31,900",2026/09/15
813,813,9249,日本エコシステム(株),東証STD,"1,617",-12,-0.74,"5,100",2026/09/15
814,814,9361,伏木海陸運送(株),東証STD,"2,025",-15,-0.74,100,2026/09/15
815,815,1443,技研ホールディングス(株),東証STD,273,-2,-0.73,"18,000",2026/09/15
816,816,1921,(株)巴コーポレーション,東証STD,"1,903",-14,-0.73,"5,400",2026/09/15
817,817,2557,SMDAM トピックス上場投信,東証ETF,"4,075",-30,-0.73,"8,420",2026/09/15
818,818,3041,(株)ビューティカダンホールディングス,東証STD,407,-3,-0.73,"1,700",2026/09/15
819,819,3075,(株)銚子丸,東証STD,"1,640",-12,-0.73,"5,000",2026/09/15
820,820,3558,ジェイドグループ(株),東証GRT,"1,904",-14,-0.73,"74,800",2026/09/15
821,821,6417,(株)ＳＡＮＫＹＯ,東証PRM,"2,117.5",-15.5,-0.73,"751,300",2026/09/15
822,822,7425,初穂商事(株),東証STD,"1,092",-8,-0.73,400,2026/09/15
823,823,9348,(株)ｉｓｐａｃｅ,東証GRT,406,-3,-0.73,"482,200",2026/09/15
824,824,1419,タマホーム(株),東証PRM,"2,896",-21,-0.72,"69,800",2026/09/15
825,825,2471,(株)エスプール,東証PRM,275,-2,-0.72,"323,600",2026/09/15
826,826,2670,(株)エービーシー・マート,東証PRM,"2,675",-19.5,-0.72,"450,800",2026/09/15
827,827,330A,(株)ＴａｌｅｎｔＸ,東証GRT,550,-4,-0.72,"6,900",2026/09/15
828,828,6357,三精テクノロジーズ(株),東証STD,"2,638",-19,-0.72,"21,100",2026/09/15
829,829,6870,日本フェンオール(株),東証STD,"2,070",-15,-0.72,"2,500",2026/09/15
830,830,1672,WisdomTree 金上場投信,東証ETF,"61,480",-440,-0.71,166,2026/09/15
831,831,1928,積水ハウス(株),東証PRM,"3,342",-24,-0.71,"2,131,100",2026/09/15
832,832,3261,(株)グランディーズ,東証GRT,420,-3,-0.71,"1,700",2026/09/15
833,833,4265,Ｉｎｓｔｉｔｕｔｉｏｎ　ｆｏｒ　ａ　Ｇｌｏｂａｌ　Ｓｏｃｉｅ(株),東証GRT,281,-2,-0.71,"16,000",2026/09/15
834,834,4382,ＨＥＲＯＺ(株),東証STD,836,-6,-0.71,"307,000",2026/09/15
835,835,4893,ノイルイミューン・バイオテック(株),東証GRT,139,-1,-0.71,"46,700",2026/09/15
836,836,5126,ポーターズ(株),東証GRT,"1,400",-10,-0.71,"1,200",2026/09/15
837,837,6073,(株)アサンテ,東証PRM,"1,530",-11,-0.71,"13,500",2026/09/15
838,838,6294,オカダアイヨン(株),東証PRM,"1,951",-14,-0.71,"18,000",2026/09/15
839,839,9241,(株)フューチャーリンクネットワーク,東証GRT,"1,258",-9,-0.71,400,2026/09/15
840,840,9247,ＴＲＥホールディングス(株),東証PRM,"1,808",-13,-0.71,"166,200",2026/09/15
841,841,1833,(株)奥村組,東証PRM,"5,650",-40,-0.7,"118,000",2026/09/15
842,842,1945,(株)東京エネシス,東証PRM,"2,125",-15,-0.7,"116,700",2026/09/15
843,843,2515,(NEXT FUNDS)外国REIT･S&P先進国REIT(除く日本・H無),東証ETF,"1,561",-11,-0.7,"11,001",2026/09/15
844,844,3011,(株)バナーズ,東証STD,141,-1,-0.7,"11,600",2026/09/15
845,845,3269,アドバンス・レジデンス投資法人,東証,"142,500","-1,000",-0.7,"7,120",2026/09/15
846,846,3284,(株)フージャースホールディングス,東証PRM,"1,273",-9,-0.7,"197,000",2026/09/15
847,847,4255,ＴＨＥＣＯＯ(株),東証GRT,"3,570",-25,-0.7,"4,700",2026/09/15
848,848,5368,日本インシュレーション(株),東証STD,998,-7,-0.7,"7,900",2026/09/15
849,849,7134,(株)アップガレージグループ,東証STD,"1,426",-10,-0.7,"9,500",2026/09/15
850,850,7215,(株)ファルテック,東証STD,424,-3,-0.7,"2,300",2026/09/15
851,851,8393,(株)宮崎銀行,東証PRM,"2,692",-19,-0.7,"161,400",2026/09/15
852,852,8591,オリックス(株),東証PRM,"6,109",-43,-0.7,"2,745,300",2026/09/15
853,853,9008,京王電鉄(株),東証PRM,803.4,-5.7,-0.7,"1,411,600",2026/09/15
854,854,257A,SMT ETF日本株厳選投資アクティブ,東証ETF,"3,287",-23,-0.69,4,2026/09/15
855,855,2859,(NEXT FUNDS) ユーロ・ストックス50(H有),東証ETF,"3,152",-22,-0.69,898,2026/09/15
856,856,2875,東洋水産(株),東証PRM,"10,035",-70,-0.69,"298,500",2026/09/15
857,857,3778,さくらインターネット(株),東証PRM,"3,580",-25,-0.69,"642,300",2026/09/15
858,858,4307,(株)野村総合研究所,東証PRM,"5,170",-36,-0.69,"1,899,200",2026/09/15
859,859,4889,(株)レナサイエンス,東証GRT,"1,148",-8,-0.69,"84,200",2026/09/15
860,860,547A,ムニノバホールディングス(株),東証PRM,434,-3,-0.69,"982,900",2026/09/15
861,861,5816,オーナンバ(株),東証STD,"1,431",-10,-0.69,"9,600",2026/09/15
862,862,6081,アライドアーキテクツ(株),東証GRT,144,-1,-0.69,"733,700",2026/09/15
863,863,7259,(株)アイシン,東証PRM,"2,221",-15.5,-0.69,"1,557,300",2026/09/15
864,864,8346,(株)東邦銀行,東証PRM,"1,009",-7,-0.69,"786,700",2026/09/15
865,865,9003,相鉄ホールディングス(株),東証PRM,"2,651.5",-18.5,-0.69,"287,800",2026/09/15
866,866,9265,ヤマシタヘルスケアホールディングス(株),東証STD,"3,620",-25,-0.69,200,2026/09/15
867,867,1325,(NEXT FUNDS)ブラジル株式指数上場投信,東証ETF,291.7,-2,-0.68,"6,250",2026/09/15
868,868,1698,上場インデックスファンド日本高配当,東証ETF,"4,360",-30,-0.68,"62,557",2026/09/15
869,869,2060,フィード・ワン(株),東証PRM,"1,460",-10,-0.68,"62,400",2026/09/15
870,870,2282,日本ハム(株),東証PRM,"6,251",-43,-0.68,"424,600",2026/09/15
871,871,4386,(株)ＳＩＧグループ,東証STD,871,-6,-0.68,"2,000",2026/09/15
872,872,4820,(株)ＥＭシステムズ,東証PRM,585,-4,-0.68,"48,600",2026/09/15
873,873,4912,ライオン(株),東証PRM,"1,753.5",-12,-0.68,"823,400",2026/09/15
874,874,5332,ＴＯＴＯ(株),東証PRM,"5,656",-39,-0.68,"1,085,000",2026/09/15
875,875,6034,ＭＲＴ(株),東証GRT,588,-4,-0.68,"7,000",2026/09/15
876,876,9692,(株)シーイーシー,東証PRM,"2,186",-15,-0.68,"159,500",2026/09/15
877,877,1542,純銀上場信託(現物国内保管型),東証ETF,"28,250",-190,-0.67,"39,002",2026/09/15
878,878,3001,片倉工業(株),東証STD,"2,945",-20,-0.67,"15,600",2026/09/15
879,879,4484,ランサーズ(株),東証GRT,297,-2,-0.67,"7,900",2026/09/15
880,880,542A,(株)ビタブリッドジャパン,東証GRT,"1,038",-7,-0.67,"3,000",2026/09/15
881,881,7937,(株)ツツミ,東証STD,"2,532",-17,-0.67,"12,400",2026/09/15
882,882,9031,西日本鉄道(株),東証PRM,"3,128",-21,-0.67,"310,400",2026/09/15
883,883,9793,(株)ダイセキ,東証PRM,"3,710",-25,-0.67,"79,900",2026/09/15
884,884,2321,(株)ソフトフロントホールディングス,東証GRT,150,-1,-0.66,"617,900",2026/09/15
885,885,341A,(株)トヨコー,東証GRT,"2,257",-15,-0.66,"24,400",2026/09/15
886,886,4071,(株)プラスアルファ・コンサルティング,東証PRM,"2,092",-14,-0.66,"229,600",2026/09/15
887,887,4224,ロンシール工業(株),東証STD,"2,106",-14,-0.66,"1,000",2026/09/15
888,888,4412,(株)サイエンスアーツ,東証GRT,"1,346",-9,-0.66,"4,100",2026/09/15
889,889,5201,ＡＧＣ(株),東証PRM,"5,528",-37,-0.66,"856,400",2026/09/15
890,890,5410,合同製鐵(株),東証PRM,"3,025",-20,-0.66,"89,600",2026/09/15
891,891,5905,日本製罐(株),東証STD,"1,365",-9,-0.66,300,2026/09/15
892,892,6393,油研工業(株),東証STD,"3,025",-20,-0.66,"1,300",2026/09/15
893,893,6723,ルネサスエレクトロニクス(株),東証PRM,"3,155",-21,-0.66,"7,596,000",2026/09/15
894,894,7649,スギホールディングス(株),東証PRM,"1,289",-8.5,-0.66,"1,351,600",2026/09/15
895,895,8020,兼松(株),東証PRM,"2,272.5",-15,-0.66,"627,600",2026/09/15
896,896,9076,セイノーホールディングス(株),東証PRM,"2,709.5",-18,-0.66,"201,200",2026/09/15
897,897,9644,(株)タナベコンサルティンググループ,東証PRM,751,-5,-0.66,"45,400",2026/09/15
898,898,2215,第一屋製パン(株),東証STD,616,-4,-0.65,"2,900",2026/09/15
899,899,3024,クリエイト(株),東証STD,"1,219",-8,-0.65,"3,300",2026/09/15
900,900,3116,トヨタ紡織(株),東証PRM,"2,224",-14.5,-0.65,"344,600",2026/09/15
901,901,3457,(株)Ａｎｄ　Ｄｏホールディングス,東証PRM,916,-6,-0.65,"59,500",2026/09/15
902,902,3930,(株)はてな,東証GRT,770,-5,-0.65,"8,700",2026/09/15
903,903,417A,(株)ブルーゾーンホールディングス,東証PRM,"1,918",-12.5,-0.65,"176,200",2026/09/15
904,904,486A,(NEXT FUNDS) ユーロ・ストックス50(H無),東証ETF,"2,131",-14,-0.65,"1,379",2026/09/15
905,905,6458,新晃工業(株),東証PRM,"1,220",-8,-0.65,"173,900",2026/09/15
906,906,8964,三井不動産商業ファンド投資法人,東証,"76,300",-500,-0.65,"5,373",2026/09/15
907,907,9022,東海旅客鉄道(株),東証PRM,"3,842",-25,-0.65,"1,749,700",2026/09/15
908,908,1860,戸田建設(株),東証PRM,"1,477",-9.5,-0.64,"552,900",2026/09/15
909,909,2813,和弘食品(株),東証STD,"3,895",-25,-0.64,"1,500",2026/09/15
910,910,2884,(株)ヨシムラ・フード・ホールディングス,東証PRM,617,-4,-0.64,"63,400",2026/09/15
911,911,3549,(株)クスリのアオキホールディングス,東証STD,"4,057",-26,-0.64,"248,800",2026/09/15
912,912,3671,ソフトマックス(株),東証STD,309,-2,-0.64,"6,300",2026/09/15
913,913,6336,(株)石井表記,東証STD,"1,403",-9,-0.64,"117,700",2026/09/15
914,914,7218,田中精密工業(株),東証STD,"1,085",-7,-0.64,"2,600",2026/09/15
915,915,7997,(株)くろがね工作所,東証STD,"1,082",-7,-0.64,"1,100",2026/09/15
916,916,8218,(株)コメリ,東証PRM,"3,910",-25,-0.64,"78,400",2026/09/15
917,917,8349,(株)東北銀行,東証STD,"1,698",-11,-0.64,"16,000",2026/09/15
918,918,2483,(株)翻訳センター,東証STD,"2,204",-14,-0.63,"2,200",2026/09/15
919,919,3993,(株)ＰＫＳＨＡ　Ｔｅｃｈｎｏｌｏｇｙ,東証PRM,"3,175",-20,-0.63,"177,600",2026/09/15
920,920,4478,フリー(株),東証GRT,"3,930",-25,-0.63,"394,200",2026/09/15
921,921,6363,(株)酉島製作所,東証PRM,"2,824",-18,-0.63,"132,000",2026/09/15
922,922,9409,(株)テレビ朝日ホールディングス,東証PRM,"3,155",-20,-0.63,"110,800",2026/09/15
923,923,1810,松井建設(株),東証STD,"1,443",-9,-0.62,"28,800",2026/09/15
924,924,198A,ＰｏｓｔＰｒｉｍｅ(株),東証GRT,161,-1,-0.62,"6,500",2026/09/15
925,925,2806,ユタカフーズ(株),東証STD,"1,911",-12,-0.62,"1,600",2026/09/15
926,926,4391,ロジザード(株),東証GRT,"1,130",-7,-0.62,"3,100",2026/09/15
927,927,577A,GX シルバー,東証ETF,240.6,-1.5,-0.62,"13,970",2026/09/15
928,928,5802,住友電気工業(株),東証PRM,"1,995",-12.5,-0.62,"18,106,900",2026/09/15
929,929,590A,ギフティグループ(株),東証PRM,"1,283",-8,-0.62,"117,500",2026/09/15
930,930,6282,オイレス工業(株),東証PRM,"2,880",-18,-0.62,"79,200",2026/09/15
931,931,6345,(株)アイチコーポレーション,東証PRM,"1,443",-9,-0.62,"91,200",2026/09/15
932,932,7601,(株)ポプラ,東証STD,161,-1,-0.62,"9,400",2026/09/15
933,933,8130,(株)サンゲツ,東証PRM,"3,185",-20,-0.62,"103,200",2026/09/15
934,934,9057,遠州トラック(株),東証STD,"3,215",-20,-0.62,400,2026/09/15
935,935,9285,東京インフラ・エネルギー投資法人,東証,"40,100",-250,-0.62,188,2026/09/15
936,936,3939,(株)カナミックネットワーク,東証PRM,490,-3,-0.61,"66,100",2026/09/15
937,937,4424,(株)Ａｍａｚｉａ,東証GRT,328,-2,-0.61,"22,600",2026/09/15
938,938,4540,(株)ツムラ,東証PRM,"3,766",-23,-0.61,"511,900",2026/09/15
939,939,4664,ＲＳＣ,東証STD,"1,139",-7,-0.61,"136,800",2026/09/15
940,940,6331,三菱化工機(株),東証PRM,"3,255",-20,-0.61,"88,600",2026/09/15
941,941,6379,レイズネクスト(株),東証PRM,"2,919",-18,-0.61,"132,200",2026/09/15
942,942,6428,(株)オーイズミ,東証STD,326,-2,-0.61,"2,900",2026/09/15
943,943,6706,電気興業(株),東証PRM,"3,275",-20,-0.61,"20,900",2026/09/15
944,944,9023,東京地下鉄(株),東証PRM,"1,540",-9.5,-0.61,"1,272,700",2026/09/15
945,945,9991,ジェコス(株),東証PRM,"1,781",-11,-0.61,"16,900",2026/09/15
946,946,1869,名工建設(株),名証MN,"1,837",-11,-0.6,"17,300",2026/09/15
947,947,2017,iFreeETF JPXプライム150,東証ETF,"1,502",-9,-0.6,"40,720",2026/09/15
948,948,2069,NEXT NOTES 低ベータ50(NR)ETN,東証ETF,"23,085",-140,-0.6,15,2026/09/15
949,949,2296,伊藤ハム米久ホールディングス(株),東証PRM,"5,010",-30,-0.6,"76,500",2026/09/15
950,950,2300,(株)きょくとう,東証STD,496,-3,-0.6,"6,500",2026/09/15
951,951,2854,GX テック・トップ20-日本株式,東証ETF,"2,659",-16,-0.6,"18,512",2026/09/15
952,952,3204,(株)トーア紡コーポレーション,東証STD,500,-3,-0.6,"3,300",2026/09/15
953,953,3974,ＳＣＡＴ(株),東証STD,667,-4,-0.6,"6,700",2026/09/15
954,954,487A,(NEXT FUNDS) ドイツ株式・DAX(H無),東証ETF,"1,994",-12,-0.6,"1,099",2026/09/15
955,955,531A,NZAM 上場投信 日経平均高配当株50,東証ETF,"2,308",-14,-0.6,128,2026/09/15
956,956,6771,池上通信機(株),東証STD,661,-4,-0.6,"2,900",2026/09/15
957,957,7485,岡谷鋼機(株),名証PRM,"5,010",-30,-0.6,"1,400",2026/09/15
958,958,7819,粧美堂(株),東証STD,995,-6,-0.6,"16,100",2026/09/15
959,959,8198,マックスバリュ東海(株),東証STD,"3,315",-20,-0.6,"18,800",2026/09/15
960,960,8399,(株)琉球銀行,東証PRM,"3,295",-20,-0.6,"123,300",2026/09/15
961,961,8541,(株)愛媛銀行,東証PRM,"3,300",-20,-0.6,"85,300",2026/09/15
962,962,9603,(株)エイチ・アイ・エス,東証PRM,"1,163",-7,-0.6,"485,200",2026/09/15
963,963,177A,コージンバイオ(株),東証GRT,836,-5,-0.59,"1,100",2026/09/15
964,964,1944,(株)きんでん,東証PRM,"6,745",-40,-0.59,"331,800",2026/09/15
965,965,2846,(NEXT FUNDS) ダウ・ジョーンズ工業株30種(H有),東証ETF,"2,516",-15,-0.59,"2,875",2026/09/15
966,966,2928,ＲＩＺＡＰグループ(株),札幌ア,169,-1,-0.59,"193,500",2026/09/15
967,967,3148,(株)クリエイトＳＤホールディングス,東証PRM,"3,345",-20,-0.59,"58,700",2026/09/15
968,968,3538,(株)ウイルプラスホールディングス,東証STD,"1,006",-6,-0.59,"15,100",2026/09/15
969,969,5192,三ツ星ベルト(株),東証PRM,"4,245",-25,-0.59,"59,200",2026/09/15
970,970,7198,ＳＢＩアルヒ(株),東証PRM,836,-5,-0.59,"65,900",2026/09/15
971,971,7879,(株)ノダ,東証STD,670,-4,-0.59,"7,400",2026/09/15
972,972,7988,(株)ニフコ,東証PRM,"4,870",-29,-0.59,"210,500",2026/09/15
973,973,8275,(株)フォーバル,東証STD,"1,008",-6,-0.59,"36,500",2026/09/15
974,974,9759,(株)ＮＳＤ,東証PRM,"2,878",-17,-0.59,"241,200",2026/09/15
975,975,9823,(株)マミーマートホールディングス,東証STD,"1,004",-6,-0.59,"86,300",2026/09/15
976,976,1716,第一カッター興業(株),東証STD,"1,368",-8,-0.58,"11,000",2026/09/15
977,977,2242,MAXIS NYダウ上場投信(H有),東証ETF,672.3,-3.9,-0.58,"55,960",2026/09/15
978,978,2524,NZAM 上場投信 TOPIX,東証ETF,"4,126",-24,-0.58,"78,798",2026/09/15
979,979,4552,ＪＣＲファーマ(株),東証PRM,516,-3,-0.58,"259,000",2026/09/15
980,980,6651,日東工業(株),東証PRM,"4,320",-25,-0.58,"48,900",2026/09/15
981,981,6770,アルプスアルパイン(株),東証PRM,"2,212.5",-13,-0.58,"1,398,700",2026/09/15
982,982,7041,ＣＲＧホールディングス(株),東証GRT,343,-2,-0.58,"23,000",2026/09/15
983,983,7211,三菱自動車(株),東証PRM,360.2,-2.1,-0.58,"5,500,700",2026/09/15
984,984,7807,(株)幸和製作所,東証STD,855,-5,-0.58,600,2026/09/15
985,985,8370,(株)紀陽銀行,東証PRM,"5,130",-30,-0.58,"123,100",2026/09/15
986,986,1326,SPDRゴールド･シェア,東証ETF,"60,860",-350,-0.57,"6,632",2026/09/15
987,987,1328,(NEXT FUNDS)金価格連動型上場投信,東証ETF,"15,675",-90,-0.57,"15,658",2026/09/15
988,988,1436,(株)グリーンエナジー＆カンパニー,東証GRT,"1,757",-10,-0.57,"41,200",2026/09/15
989,989,189A,(株)Ｄ＆Ｍカンパニー,東証GRT,"1,042",-6,-0.57,"1,000",2026/09/15
990,990,1965,(株)テクノ菱和,東証STD,"6,940",-40,-0.57,"58,900",2026/09/15
991,991,3443,川田テクノロジーズ(株),東証PRM,"1,392",-8,-0.57,"132,300",2026/09/15
992,992,350A,デジタルグリッド(株),東証GRT,692,-4,-0.57,"1,090,800",2026/09/15
993,993,4475,ＨＥＮＮＧＥ(株),東証GRT,"1,739",-10,-0.57,"903,300",2026/09/15
994,994,585A,日本バリュー・ボトムアップ株式投資戦略,東証ETF,"1,052",-6,-0.57,34,2026/09/15
995,995,6144,西部電機(株),東証STD,"2,799",-16,-0.57,"4,000",2026/09/15
996,996,632A,GX 日経225,東証ETF,"63,150",-360,-0.57,30,2026/09/15
997,997,8368,(株)百五銀行,東証PRM,"2,425",-14,-0.57,"615,000",2026/09/15
998,998,2497,ユナイテッド(株),東証GRT,529,-3,-0.56,"12,300",2026/09/15
999,999,318A,VIX短期先物指数ETF,東証ETF,354.1,-2,-0.56,"1,007,780",2026/09/15
1000,1000,4531,有機合成薬品工業(株),東証STD,353,-2,-0.56,"12,300",2026/09/15
1001,1001,5484,東北特殊鋼(株),東証STD,"4,445",-25,-0.56,100,2026/09/15
1002,1002,572A,iシェアーズ 日本国債3-7年,東証ETF,495.8,-2.8,-0.56,"6,000",2026/09/15
1003,1003,5857,ＡＲＥホールディングス(株),東証PRM,"3,565",-20,-0.56,"303,300",2026/09/15
1004,1004,7192,日本モーゲージサービス(株),東証STD,708,-4,-0.56,"82,800",2026/09/15
1005,1005,7751,キヤノン(株),東証PRM,"4,425",-25,-0.56,"1,780,900",2026/09/15
1006,1006,8616,東海東京フィナンシャル・ホールディングス(株),東証PRM,890,-5,-0.56,"737,900",2026/09/15
1007,1007,9242,メディア総研(株),東証GRT,"1,952",-11,-0.56,"1,000",2026/09/15
1008,1008,9532,大阪ガス(株),東証PRM,"6,078",-34,-0.56,"853,600",2026/09/15
1009,1009,1591,(NEXT FUNDS) JPX日経インデックス400,東証ETF,"36,430",-200,-0.55,787,2026/09/15
1010,1010,3245,(株)ディア・ライフ,東証PRM,"1,083",-6,-0.55,"268,100",2026/09/15
1011,1011,496A,One ETF 日本国債 17-20年,東証ETF,927,-5.1,-0.55,"29,980",2026/09/15
1012,1012,5210,日本山村硝子(株),東証STD,"2,876",-16,-0.55,"21,100",2026/09/15
1013,1013,608A,上場インデックスファンド東証REIT高利回り30,東証ETF,"1,459",-8,-0.55,"2,117",2026/09/15
1014,1014,6276,シリウスビジョン(株),東証STD,364,-2,-0.55,"19,100",2026/09/15
1015,1015,7476,アズワン(株),東証PRM,"2,510",-14,-0.55,"101,700",2026/09/15
1016,1016,7733,オリンパス(株),東証PRM,"1,975",-11,-0.55,"3,037,200",2026/09/15
1017,1017,8035,東京エレクトロン(株),東証PRM,"50,650",-280,-0.55,"3,588,300",2026/09/15
1018,1018,8152,ソマール(株),東証STD,"7,250",-40,-0.55,"1,100",2026/09/15
1019,1019,9639,三協フロンテア(株),東証STD,"2,347",-13,-0.55,"5,700",2026/09/15
1020,1020,1333,Ｕｍｉｏｓ(株),東証PRM,"1,285",-7,-0.54,"370,400",2026/09/15
1021,1021,1364,ｉシェアーズ JPX日経400 ETF,東証ETF,"3,711",-20,-0.54,"1,630",2026/09/15
1022,1022,2122,(株)インタースペース,東証STD,"1,460",-8,-0.54,"2,500",2026/09/15
1023,1023,3399,(株)丸千代山岡家,東証STD,"3,670",-20,-0.54,"108,800",2026/09/15
1024,1024,435A,iFreeETF 日本株配当ローテーション戦略,東証ETF,"2,778",-15,-0.54,"110,372",2026/09/15
1025,1025,4575,(株)キャンバス,東証GRT,735,-4,-0.54,"81,400",2026/09/15
1026,1026,5741,(株)ＵＡＣＪ,東証PRM,"2,194",-12,-0.54,"600,400",2026/09/15
1027,1027,600A,ニッセイ ETF ラッセル2000,東証ETF,"1,844",-10,-0.54,52,2026/09/15
1028,1028,6841,横河電機(株),東証PRM,"4,570",-25,-0.54,"645,200",2026/09/15
1029,1029,7369,(株)メイホーホールディングス,東証GRT,370,-2,-0.54,"9,700",2026/09/15
1030,1030,7944,ローランド(株),東証PRM,"3,695",-20,-0.54,"42,500",2026/09/15
1031,1031,8013,(株)ナイガイ,東証STD,367,-2,-0.54,"3,700",2026/09/15
1032,1032,8613,丸三証券(株),東証PRM,"1,291",-7,-0.54,"270,300",2026/09/15
1033,1033,1482,iシェアーズ・コア 米国債7-10年ETF(H有),東証ETF,"1,504",-8,-0.53,"48,269",2026/09/15
1034,1034,1489,(NEXT FUNDS)日経平均高配当株50指数連動型ETF,東証ETF,"3,542",-19,-0.53,"421,362",2026/09/15
1035,1035,1494,One ETF 高配当日本株,東証ETF,"43,400",-230,-0.53,286,2026/09/15
1036,1036,1811,(株)錢高組,東証STD,"7,450",-40,-0.53,200,2026/09/15
1037,1037,2001,(株)ニップン,東証PRM,"2,994",-16,-0.53,"165,300",2026/09/15
1038,1038,2666,(株)オートウェーブ,東証STD,187,-1,-0.53,"88,500",2026/09/15
1039,1039,6557,ＡＩＡＩグループ(株),東証GRT,748,-4,-0.53,"5,100",2026/09/15
1040,1040,7199,プレミアグループ(株),東証PRM,"2,075",-11,-0.53,"120,700",2026/09/15
1041,1041,8227,(株)しまむら,東証PRM,"3,216",-17,-0.53,"525,700",2026/09/15
1042,1042,9143,ＳＧホールディングス(株),東証PRM,"1,489.5",-8,-0.53,"1,079,300",2026/09/15
1043,1043,210A,iFreeETF 日経高利回りREIT指数,東証ETF,"1,545",-8,-0.52,"25,421",2026/09/15
1044,1044,2752,(株)フジオフードグループ本社,東証PRM,"1,146",-6,-0.52,"55,200",2026/09/15
1045,1045,2907,(株)あじかん,東証STD,"1,526",-8,-0.52,"2,100",2026/09/15
1046,1046,349A,SMDAM Active ETF 日本グロース株,東証ETF,804.9,-4.2,-0.52,"7,270",2026/09/15
1047,1047,3690,(株)イルグルム,東証STD,574,-3,-0.52,"5,100",2026/09/15
1048,1048,3985,テモナ(株),東証STD,193,-1,-0.52,"9,100",2026/09/15
1049,1049,4099,四国化成ホールディングス(株),東証PRM,"2,099",-11,-0.52,"487,500",2026/09/15
1050,1050,424A,GX ゴールドETF(H有),東証ETF,328,-1.7,-0.52,"122,540",2026/09/15
1051,1051,4975,(株)ＪＣＵ,東証PRM,"5,750",-30,-0.52,"85,300",2026/09/15
1052,1052,5110,住友ゴム工業(株),東証PRM,"1,994",-10.5,-0.52,"1,715,200",2026/09/15
1053,1053,6926,岡谷電機産業(株),東証STD,191,-1,-0.52,"4,000",2026/09/15
1054,1054,8179,ロイヤルホールディングス(株),東証PRM,"1,347",-7,-0.52,"225,500",2026/09/15
1055,1055,9233,アジア航測(株),東証STD,"1,152",-6,-0.52,"6,000",2026/09/15
1056,1056,1480,(NEXT FUNDS)野村企業価値分配指数上場投信,東証ETF,"39,360",-200,-0.51,57,2026/09/15
1057,1057,2259,iシェアーズ フランス国債7-10年(H有),東証ETF,174.8,-0.9,-0.51,120,2026/09/15
1058,1058,233A,iFreeETF インドNifty50,東証ETF,"1,753",-9,-0.51,"14,428",2026/09/15
1059,1059,2521,上場インデックスファンド米国株式(S&P500)H有,東証ETF,"2,145",-11,-0.51,"11,306",2026/09/15
1060,1060,296A,令和アカウンティング・ホールディングス(株),東証GRT,"1,177",-6,-0.51,"63,300",2026/09/15
1061,1061,3360,シップヘルスケアホールディングス(株),東証PRM,"2,442.5",-12.5,-0.51,"244,200",2026/09/15
1062,1062,413A,iFreeETF キャセイ台湾テックリーダー指数,東証ETF,"3,691",-19,-0.51,"2,059",2026/09/15
1063,1063,5027,ＡｎｙＭｉｎｄ　Ｇｒｏｕｐ(株),東証GRT,774,-4,-0.51,"177,400",2026/09/15
1064,1064,7459,(株)メディパルホールディングス,東証PRM,"2,923.5",-15,-0.51,"295,500",2026/09/15
1065,1065,7552,(株)ハピネット,東証PRM,"3,900",-20,-0.51,"108,400",2026/09/15
1066,1066,8242,エイチ・ツー・オー　リテイリング(株),東証PRM,"2,845",-14.5,-0.51,"300,400",2026/09/15
1067,1067,8383,(株)鳥取銀行,東証STD,"1,951",-10,-0.51,"22,100",2026/09/15
1068,1068,1308,上場インデックスファンドTOPIX,東証ETF,"4,155",-21,-0.5,"589,758",2026/09/15
1069,1069,1429,(株)日本アクア,東証PRM,790,-4,-0.5,"46,400",2026/09/15
1070,1070,1540,純金上場信託(現物国内保管型),東証ETF,"19,890",-100,-0.5,"126,770",2026/09/15
1071,1071,1882,東亜道路工業(株),東証PRM,"1,598",-8,-0.5,"218,500",2026/09/15
1072,1072,1934,(株)ユアテック,東証PRM,"2,607",-13,-0.5,"123,100",2026/09/15
1073,1073,236A,iシェアーズ 日本国債7-10年,東証ETF,434.3,-2.2,-0.5,"34,180",2026/09/15
1074,1074,286A,(株)ユカリア,東証GRT,800,-4,-0.5,"22,400",2026/09/15
1075,1075,3174,(株)ハピネス・アンド・ディ,東証STD,395,-2,-0.5,"13,100",2026/09/15
1076,1076,4119,(株)日本ピグメントホールディングス,東証STD,"5,980",-30,-0.5,"1,400",2026/09/15
1077,1077,4199,ワンダープラネット(株),東証GRT,796,-4,-0.5,"4,200",2026/09/15
1078,1078,4397,(株)チームスピリット,東証GRT,401,-2,-0.5,"20,300",2026/09/15
1079,1079,4403,日油(株),東証PRM,"2,584.5",-13,-0.5,"1,013,200",2026/09/15
1080,1080,4442,バルテス・ホールディングス(株),東証GRT,402,-2,-0.5,"31,700",2026/09/15
1081,1081,5026,(株)トリプルアイズ,東証GRT,597,-3,-0.5,"5,600",2026/09/15
1082,1082,517A,iFreeETF 米ドル・べア(1倍),東証ETF,"1,985",-10,-0.5,8,2026/09/15
1083,1083,6198,(株)キャリア,東証GRT,200,-1,-0.5,"6,200",2026/09/15
1084,1084,6233,ＫＬＡＳＳ(株),東証STD,402,-2,-0.5,"5,500",2026/09/15
1085,1085,6622,(株)ダイヘン,東証PRM,"11,830",-60,-0.5,"163,100",2026/09/15
1086,1086,6894,パルステック工業(株),東証STD,"2,169",-11,-0.5,"1,000",2026/09/15
1087,1087,7068,フィードフォースグループ(株),東証GRT,601,-3,-0.5,"16,900",2026/09/15
1088,1088,7347,(株)マーキュリアホールディングス,東証PRM,795,-4,-0.5,"4,700",2026/09/15
1089,1089,9790,福井コンピュータホールディングス(株),東証PRM,"3,010",-15,-0.5,"27,500",2026/09/15
1090,1090,138A,光フードサービス(株),東証GRT,"3,075",-15,-0.49,"1,400",2026/09/15
1091,1091,2011,SMDAM Active ETF 日本高配当株式,東証ETF,850.5,-4.2,-0.49,"19,460",2026/09/15
1092,1092,2080,PBR1倍割れ解消推進ETF,東証ETF,"2,051",-10,-0.49,"34,131",2026/09/15
1093,1093,2183,(株)リニカル,東証STD,203,-1,-0.49,"21,400",2026/09/15
1094,1094,3402,東レ(株),東証PRM,"1,226.5",-6,-0.49,"2,622,900",2026/09/15
1095,1095,3665,(株)エニグモ,東証PRM,408,-2,-0.49,"288,600",2026/09/15
1096,1096,3680,(株)ホットリンク,東証GRT,203,-1,-0.49,"32,000",2026/09/15
1097,1097,369A,(株)エータイ,東証GRT,"2,620",-13,-0.49,"4,100",2026/09/15
1098,1098,4385,(株)メルカリ,東証PRM,"3,867",-19,-0.49,"1,134,700",2026/09/15
1099,1099,488A,iシェアーズ 円高フォーカス ETF,東証ETF,786.3,-3.9,-0.49,"7,220",2026/09/15
1100,1100,513A,GX 防衛テック-日本株式,東証ETF,806,-4,-0.49,"460,173",2026/09/15
1101,1101,5282,ジオスター(株),東証STD,406,-2,-0.49,"10,900",2026/09/15
1102,1102,6594,ニデック(株),東証PRM,"2,642",-13,-0.49,"1,667,800",2026/09/15
1103,1103,6785,(株)鈴木,東証PRM,"3,030",-15,-0.49,"43,900",2026/09/15
1104,1104,7963,興研(株),東証STD,"1,815",-9,-0.49,"3,300",2026/09/15
1105,1105,8056,ＢＩＰＲＯＧＹ(株),東証PRM,"4,840",-24,-0.49,"312,100",2026/09/15
1106,1106,8729,ソニーフィナンシャルグループ(株),東証PRM,163,-0.8,-0.49,"48,347,000",2026/09/15
1107,1107,8951,日本ビルファンド投資法人,東証,"121,700",-600,-0.49,"23,219",2026/09/15
1108,1108,151A,(株)ダイブグループ,東証GRT,625,-3,-0.48,"5,800",2026/09/15
1109,1109,2733,(株)あらた,東証PRM,"2,695",-13,-0.48,"86,800",2026/09/15
1110,1110,3191,(株)ジョイフル本田,東証PRM,"2,268",-11,-0.48,"176,000",2026/09/15
1111,1111,3234,森ヒルズリート投資法人,東証,"124,100",-600,-0.48,"6,909",2026/09/15
1112,1112,338A,(株)ＺｅｎｍｕＴｅｃｈ,東証GRT,"3,100",-15,-0.48,"1,198,200",2026/09/15
1113,1113,4166,かっこ(株),東証GRT,619,-3,-0.48,"3,500",2026/09/15
1114,1114,5337,ダントーホールディングス(株),東証STD,829,-4,-0.48,"6,300",2026/09/15
1115,1115,5589,(株)オートサーバー,東証STD,"2,885",-14,-0.48,"1,500",2026/09/15
1116,1116,5930,文化シヤッター(株),東証PRM,"1,884",-9,-0.48,"77,200",2026/09/15
1117,1117,5982,(株)マルゼン,東証STD,"4,125",-20,-0.48,"1,100",2026/09/15
1118,1118,6284,日精エー・エス・ビー機械(株),東証PRM,"8,380",-40,-0.48,"20,800",2026/09/15
1119,1119,6305,日立建機(株),東証PRM,"5,624",-27,-0.48,"754,100",2026/09/15
1120,1120,6676,(株)バッファロー,東証STD,"3,140",-15,-0.48,"45,600",2026/09/15
1121,1121,6745,ホーチキ(株),東証PRM,"1,866",-9,-0.48,"106,200",2026/09/15
1122,1122,6778,(株)アルチザネットワークス,東証STD,623,-3,-0.48,"11,900",2026/09/15
1123,1123,7272,ヤマハ発動機(株),東証PRM,"1,749.5",-8.5,-0.48,"3,629,200",2026/09/15
1124,1124,8554,(株)南日本銀行,福証,"1,460",-7,-0.48,700,2026/09/15
1125,1125,8706,極東証券(株),東証PRM,"1,878",-9,-0.48,"93,800",2026/09/15
1126,1126,9252,(株)ラストワンマイル,東証GRT,"4,130",-20,-0.48,"5,600",2026/09/15
1127,1127,9282,いちごグリーンインフラ投資法人,東証,"31,000",-150,-0.48,395,2026/09/15
1128,1128,9509,北海道電力(株),東証PRM,"1,130",-5.5,-0.48,"1,720,000",2026/09/15
1129,1129,9513,Ｊ－ＰＯＷＥＲ,東証PRM,"4,179",-20,-0.48,"480,600",2026/09/15
1130,1130,9842,アークランズ(株),東証PRM,"1,880",-9,-0.48,"86,700",2026/09/15
1131,1131,1306,(NEXT FUNDS)TOPIX連動型上場投信,東証ETF,421.3,-2,-0.47,"13,404,630",2026/09/15
1132,1132,2844,上場インデックスファンド豪州国債(H無),東証ETF,"5,296",-25,-0.47,"4,470",2026/09/15
1133,1133,314A,iシェアーズ ゴールド ETF,東証ETF,314.5,-1.5,-0.47,"1,374,160",2026/09/15
1134,1134,3317,(株)フライングガーデン,東証STD,"1,480",-7,-0.47,"2,300",2026/09/15
1135,1135,3854,(株)アイル,東証PRM,"2,139",-10,-0.47,"70,900",2026/09/15
1136,1136,4212,積水樹脂(株),東証PRM,"2,960",-14,-0.47,"58,100",2026/09/15
1137,1137,4714,(株)リソー教育グループ,東証PRM,212,-1,-0.47,"821,500",2026/09/15
1138,1138,473A,ニッセイ ETF 日経225インデックス,東証ETF,"1,276",-6,-0.47,"2,526",2026/09/15
1139,1139,5974,中国工業(株),東証STD,841,-4,-0.47,300,2026/09/15
1140,1140,7297,(株)カーメイト,東証STD,853,-4,-0.47,"4,900",2026/09/15
1141,1141,9325,ファイズホールディングス(株),東証STD,"1,050",-5,-0.47,"5,600",2026/09/15
1142,1142,1473,One ETF トピックス,東証ETF,"4,118",-19,-0.46,"3,600",2026/09/15
1143,1143,1630,(NEXT FUNDS)小売上場投信,東証ETF,"36,450",-170,-0.46,791,2026/09/15
1144,1144,1861,(株)熊谷組,東証PRM,"1,288",-6,-0.46,"787,500",2026/09/15
1145,1145,2138,クルーズ(株),東証STD,433,-2,-0.46,"15,200",2026/09/15
1146,1146,2206,江崎グリコ(株),東証PRM,"5,008",-23,-0.46,"145,800",2026/09/15
1147,1147,2237,iFreeETF S&P500レバレッジ,東証ETF,"2,389",-11,-0.46,"11,363",2026/09/15
1148,1148,3550,(株)スタジオアタオ,東証GRT,215,-1,-0.46,"15,400",2026/09/15
1149,1149,4260,(株)ハイブリッドテクノロジーズ,東証GRT,215,-1,-0.46,"1,500",2026/09/15
1150,1150,4366,ダイトーケミックス(株),東証STD,436,-2,-0.46,"24,100",2026/09/15
1151,1151,5268,旭コンクリート工業(株),東証STD,862,-4,-0.46,"2,300",2026/09/15
1152,1152,5616,(株)雨風太陽,東証GRT,649,-3,-0.46,"2,400",2026/09/15
1153,1153,5971,(株)共和工業所,東証STD,"8,660",-40,-0.46,"3,200",2026/09/15
1154,1154,7256,河西工業(株),東証STD,433,-2,-0.46,"135,000",2026/09/15
1155,1155,8025,(株)ツカモトコーポレーション,東証STD,"1,309",-6,-0.46,"1,600",2026/09/15
1156,1156,1348,MAXIS トピックス上場投信,東証ETF,"4,189",-19,-0.45,"191,429",2026/09/15
1157,1157,1518,三井松島ホールディングス(株),東証PRM,"2,223",-10,-0.45,"236,200",2026/09/15
1158,1158,1951,エクシオグループ(株),東証PRM,"2,556.5",-11.5,-0.45,"327,500",2026/09/15
1159,1159,208A,(株)構造計画研究所ホールディングス,東証STD,"2,877",-13,-0.45,"4,000",2026/09/15
1160,1160,211A,(株)カドス・コーポレーション,東証STD,"3,285",-15,-0.45,"13,400",2026/09/15
1161,1161,2317,(株)システナ,東証PRM,441,-2,-0.45,"663,900",2026/09/15
1162,1162,3372,(株)関門海,東証STD,220,-1,-0.45,"15,100",2026/09/15
1163,1163,354A,iFreeETF ブルームバーグ日本株高配当50指数,東証ETF,"3,327",-15,-0.45,"36,952",2026/09/15
1164,1164,495A,One ETF 日本国債 7-10年,東証ETF,961.1,-4.3,-0.45,10,2026/09/15
1165,1165,5280,ヨシコン(株),東証STD,"2,192",-10,-0.45,"6,700",2026/09/15
1166,1166,7083,ＡＨＣグループ(株),東証GRT,"1,114",-5,-0.45,"3,600",2026/09/15
1167,1167,7443,横浜魚類(株),東証STD,667,-3,-0.45,"2,400",2026/09/15
1168,1168,7741,ＨＯＹＡ(株),東証PRM,"22,330",-100,-0.45,"937,600",2026/09/15
1169,1169,8891,ＡＭＧホールディングス(株),東証STD,"2,006",-9,-0.45,"3,000",2026/09/15
1170,1170,9219,(株)ギックス,東証GRT,881,-4,-0.45,"2,100",2026/09/15
1171,1171,9467,(株)アルファポリス,東証GRT,"1,111",-5,-0.45,"68,500",2026/09/15
1172,1172,9903,(株)カンセキ,東証STD,881,-4,-0.45,"1,400",2026/09/15
1173,1173,1597,MAXIS Jリート上場投信,東証ETF,"1,790",-8,-0.44,"131,353",2026/09/15
1174,1174,1675,WisdomTree パラジウム上場投信,東証ETF,"18,210",-80,-0.44,63,2026/09/15
1175,1175,245A,(株)ＩＮＧＳ,東証GRT,"2,503",-11,-0.44,"1,500",2026/09/15
1176,1176,2730,(株)エディオン,東証PRM,"2,490",-11,-0.44,"471,100",2026/09/15
1177,1177,2843,上場インデックスファンド豪州国債(H有),東証ETF,"3,585",-16,-0.44,582,2026/09/15
1178,1178,328A,GX プライシングパワー・リーダーズ-日本株式,東証ETF,"1,360",-6,-0.44,305,2026/09/15
1179,1179,387A,フラー(株),東証GRT,915,-4,-0.44,"1,700",2026/09/15
1180,1180,6455,(株)モリタホールディングス,東証PRM,"2,498",-11,-0.44,"71,900",2026/09/15
1181,1181,7416,(株)はるやまホールディングス,東証STD,682,-3,-0.44,900,2026/09/15
1182,1182,7833,(株)アイフィスジャパン,東証STD,680,-3,-0.44,"1,200",2026/09/15
1183,1183,9731,(株)白洋舍,東証STD,"3,375",-15,-0.44,"1,600",2026/09/15
1184,1184,1475,iシェアーズ・コア TOPIX ETF,東証ETF,415.1,-1.8,-0.43,"1,918,170",2026/09/15
1185,1185,3226,三井不動産アコモデーションファンド投資法人,東証,"116,700",-500,-0.43,"5,664",2026/09/15
1186,1186,367A,プリモグローバルホールディングス(株),東証STD,"2,793",-12,-0.43,"11,100",2026/09/15
1187,1187,3694,(株)オプティム,東証PRM,463,-2,-0.43,"217,600",2026/09/15
1188,1188,4377,(株)ワンキャリア,東証GRT,"2,309",-10,-0.43,"63,800",2026/09/15
1189,1189,5105,ＴＯＹＯ　ＴＩＲＥ(株),東証PRM,"3,695",-16,-0.43,"1,129,400",2026/09/15
1190,1190,5576,(株)オービーシステム,東証STD,"2,997",-13,-0.43,500,2026/09/15
1191,1191,6040,日本スキー場開発(株),東証GRT,463,-2,-0.43,"17,200",2026/09/15
1192,1192,6503,三菱電機(株),東証PRM,"5,100",-22,-0.43,"6,786,200",2026/09/15
1193,1193,7971,東リ(株),東証STD,697,-3,-0.43,"42,300",2026/09/15
1194,1194,8142,(株)トーホー,東証PRM,"1,390",-6,-0.43,"64,800",2026/09/15
1195,1195,8200,(株)リンガーハット,東証PRM,"2,316",-10,-0.43,"54,200",2026/09/15
1196,1196,8600,トモニホールディングス(株),東証PRM,"1,149",-5,-0.43,"436,800",2026/09/15
1197,1197,8622,水戸証券(株),東証PRM,935,-4,-0.43,"332,100",2026/09/15
1198,1198,8984,大和ハウスリート投資法人,東証,"115,100",-500,-0.43,"7,373",2026/09/15
1199,1199,9832,(株)オートバックスセブン,東証PRM,"1,604",-7,-0.43,"356,400",2026/09/15
1200,1200,2117,ウェルネオシュガー(株),東証PRM,"2,820",-12,-0.42,"12,900",2026/09/15
1201,1201,2624,iFreeETF 日経225(年4回決算型),東証ETF,"6,376",-27,-0.42,"24,505",2026/09/15
1202,1202,3197,(株)すかいらーくホールディングス,東証PRM,"3,308",-14,-0.42,"803,300",2026/09/15
1203,1203,3496,(株)アズーム,東証PRM,"4,775",-20,-0.42,"28,800",2026/09/15
1204,1204,4337,ぴあ(株),東証PRM,"2,606",-11,-0.42,"14,000",2026/09/15
1205,1205,6432,(株)竹内製作所,東証PRM,"7,180",-30,-0.42,"140,100",2026/09/15
1206,1206,7949,小松ウオール工業(株),東証PRM,"2,813",-12,-0.42,"29,600",2026/09/15
1207,1207,9142,九州旅客鉄道(株),東証PRM,"3,561",-15,-0.42,"534,600",2026/09/15
1208,1208,9632,スバル興業(株),東証STD,"3,520",-15,-0.42,"10,700",2026/09/15
1209,1209,1720,東急建設(株),東証PRM,"1,200",-5,-0.41,"222,800",2026/09/15
1210,1210,2016,iFreeETF 米国国債7-10年(H有),東証ETF,"1,712",-7,-0.41,"2,444",2026/09/15
1211,1211,2091,NZAM 上場投信 ドイツ国債7-10年(H有),東証ETF,"4,396",-18,-0.41,25,2026/09/15
1212,1212,2098,GX ホテル&リテール・J-REIT,東証ETF,966,-4,-0.41,"2,912",2026/09/15
1213,1213,2621,iシェアーズ 米国債20年超(H有),東証ETF,977,-4,-0.41,"250,579",2026/09/15
1214,1214,2687,(株)シー・ヴイ・エス・ベイエリア,東証STD,491,-2,-0.41,"2,400",2026/09/15
1215,1215,2916,仙波糖化工業(株),東証STD,732,-3,-0.41,"1,700",2026/09/15
1216,1216,3539,(株)ＪＭホールディングス,東証PRM,"1,442",-6,-0.41,"240,600",2026/09/15
1217,1217,3635,(株)コーエーテクモホールディングス,東証PRM,"1,683",-7,-0.41,"761,200",2026/09/15
1218,1218,4261,アジアクエスト(株),東証GRT,"2,941",-12,-0.41,"1,000",2026/09/15
1219,1219,4720,(株)城南進学研究社,東証STD,242,-1,-0.41,"2,400",2026/09/15
1220,1220,5527,(株)ｐｒｏｐｅｒｔｙ　ｔｅｃｈｎｏｌｏｇｉｅｓ,東証GRT,732,-3,-0.41,"9,700",2026/09/15
1221,1221,5990,(株)スーパーツール,東証STD,"1,942",-8,-0.41,700,2026/09/15
1222,1222,6615,ユー・エム・シー・エレクトロニクス(株),東証STD,240,-1,-0.41,"25,500",2026/09/15
1223,1223,7646,(株)ＰＬＡＮＴ,東証STD,"1,941",-8,-0.41,"12,000",2026/09/15
1224,1224,7965,象印マホービン(株),東証PRM,"1,465",-6,-0.41,"88,700",2026/09/15
1225,1225,8559,(株)豊和銀行,福証,482,-2,-0.41,"6,600",2026/09/15
1226,1226,1593,MAXIS JPX日経インデックス400上場投信,東証ETF,"37,300",-150,-0.4,"2,187",2026/09/15
1227,1227,2157,(株)コシダカホールディングス,東証PRM,997,-4,-0.4,"366,900",2026/09/15
1228,1228,3826,(株)システムインテグレータ,東証STD,495,-2,-0.4,"12,000",2026/09/15
1229,1229,4095,日本パーカライジング(株),東証PRM,"1,745",-7,-0.4,"160,300",2026/09/15
1230,1230,7353,ＫＩＹＯラーニング(株),東証GRT,499,-2,-0.4,"7,500",2026/09/15
1231,1231,7611,(株)ハイデイ日高,東証PRM,"2,993",-12,-0.4,"99,200",2026/09/15
1232,1232,8944,(株)ランドビジネス,東証STD,248,-1,-0.4,"14,900",2026/09/15
1233,1233,9035,第一交通産業(株),福証,742,-3,-0.4,"5,600",2026/09/15
1234,1234,9045,京阪ホールディングス(株),東証PRM,"3,265",-13,-0.4,"203,600",2026/09/15
1235,1235,9663,(株)ナガワ,東証PRM,"5,020",-20,-0.4,"15,600",2026/09/15
1236,1236,9882,(株)イエローハット,東証PRM,"1,752",-7,-0.4,"172,500",2026/09/15
1237,1237,1477,iシェアーズ MSCI 日本株最小分散 ETF,東証ETF,"3,344",-13,-0.39,"10,193",2026/09/15
1238,1238,1570,(NEXT FUNDS)日経平均レバレッジ上場投信,東証ETF,"63,670",-250,-0.39,"2,393,463",2026/09/15
1239,1239,1578,上場インデックスファンド日経225(ミニ),東証ETF,"5,070",-20,-0.39,"3,557",2026/09/15
1240,1240,170A,SMT ETF日本好配当株アクティブ,東証ETF,"3,080",-12,-0.39,44,2026/09/15
1241,1241,1777,川崎設備工業(株),名証MN,"2,315",-9,-0.39,500,2026/09/15
1242,1242,2291,福留ハム(株),東証STD,508,-2,-0.39,"2,700",2026/09/15
1243,1243,2796,ファーマライズホールディングス(株),東証STD,505,-2,-0.39,"3,600",2026/09/15
1244,1244,3557,ユナイテッド＆コレクティブ(株),東証GRT,510,-2,-0.39,"2,100",2026/09/15
1245,1245,4389,プロパティデータバンク(株),東証GRT,"1,034",-4,-0.39,"5,000",2026/09/15
1246,1246,4450,(株)パワーソリューションズ,東証GRT,"2,320",-9,-0.39,"1,300",2026/09/15
1247,1247,6074,(株)ジェイエスエス,東証STD,515,-2,-0.39,500,2026/09/15
1248,1248,6861,(株)キーエンス,東証PRM,"75,660",-300,-0.39,"443,900",2026/09/15
1249,1249,7388,(株)ＦＰパートナー,東証PRM,"2,314",-9,-0.39,"15,400",2026/09/15
1250,1250,8131,(株)ミツウロコグループホールディングス,東証STD,"2,579",-10,-0.39,"34,400",2026/09/15
1251,1251,92015,日本航空（株）第１回社債型種類株式,東証PRM,"10,110",-40,-0.39,"4,000",2026/09/15
1252,1252,9824,泉州電業(株),東証PRM,"7,610",-30,-0.39,"47,400",2026/09/15
1253,1253,9946,ミニストップ(株),東証PRM,"1,784",-7,-0.39,"28,400",2026/09/15
1254,1254,9955,(株)ヨンキュウ,東証STD,"2,809",-11,-0.39,"1,300",2026/09/15
1255,1255,2253,GX スーパーディビィデンド-US,東証ETF,"1,313",-5,-0.38,"4,486",2026/09/15
1256,1256,2359,(株)コア,東証PRM,"2,096",-8,-0.38,"10,600",2026/09/15
1257,1257,2562,上場インデックスファンド米国株式(ダウ平均)H有,東証ETF,"3,631",-14,-0.38,"2,286",2026/09/15
1258,1258,3320,クロスプラス(株),東証STD,"1,301",-5,-0.38,"6,700",2026/09/15
1259,1259,3943,大石産業(株),東証STD,"1,322",-5,-0.38,"2,800",2026/09/15
1260,1260,4054,日本情報クリエイト(株),東証GRT,520,-2,-0.38,"7,900",2026/09/15
1261,1261,7037,(株)テノ．ホールディングス,東証STD,795,-3,-0.38,"28,500",2026/09/15
1262,1262,7350,(株)おきなわフィナンシャルグループ,東証PRM,"7,810",-30,-0.38,"67,300",2026/09/15
1263,1263,8091,ニチモウ(株),東証PRM,"2,386",-9,-0.38,"4,800",2026/09/15
1264,1264,8278,(株)フジ,東証PRM,"2,090",-8,-0.38,"88,000",2026/09/15
1265,1265,9042,阪急阪神ホールディングス(株),東証PRM,"4,666",-18,-0.38,"500,300",2026/09/15
1266,1266,1458,楽天 ETF-日経レバレッジ指数連動型,東証ETF,"76,020",-280,-0.37,"104,576",2026/09/15
1267,1267,166A,(株)タスキホールディングス,東証PRM,"1,069",-4,-0.37,"164,200",2026/09/15
1268,1268,1762,(株)高松コンストラクショングループ,東証PRM,"4,085",-15,-0.37,"25,400",2026/09/15
1269,1269,2479,(株)ジェイテック,東証STD,267,-1,-0.37,"152,500",2026/09/15
1270,1270,3093,(株)トレジャー・ファクトリー,東証PRM,"1,889",-7,-0.37,"155,800",2026/09/15
1271,1271,3423,(株)エスイー,東証STD,272,-1,-0.37,"1,800",2026/09/15
1272,1272,3547,(株)ユニシアホールディングス,東証STD,"1,895",-7,-0.37,"19,200",2026/09/15
1273,1273,5446,北越メタル(株),東証STD,"1,078",-4,-0.37,"136,000",2026/09/15
1274,1274,1620,(NEXT FUNDS)素材･化学上場投信,東証ETF,"35,490",-130,-0.36,47,2026/09/15
1275,1275,1887,日本国土開発(株),東証PRM,547,-2,-0.36,"140,300",2026/09/15
1276,1276,2622,iシェアーズ 米ドル建て新興国債券(H有),東証ETF,"1,678",-6,-0.36,142,2026/09/15
1277,1277,2641,GX グローバルリーダーズ-日本株式,東証ETF,"4,475",-16,-0.36,"1,016,710",2026/09/15
1278,1278,2753,(株)あみやき亭,東証PRM,"1,396",-5,-0.36,"19,600",2026/09/15
1279,1279,3097,(株)物語コーポレーション,東証PRM,"5,460",-20,-0.36,"139,500",2026/09/15
1280,1280,3848,(株)データ・アプリケーション,東証STD,833,-3,-0.36,"2,000",2026/09/15
1281,1281,4768,(株)大塚商会,東証PRM,"3,606",-13,-0.36,"1,033,500",2026/09/15
1282,1282,4960,ケミプロ化成(株),東証STD,554,-2,-0.36,"23,200",2026/09/15
1283,1283,6223,(株)西部技研,東証STD,"1,920",-7,-0.36,"22,500",2026/09/15
1284,1284,6592,マブチモーター(株),東証PRM,"1,656.5",-6,-0.36,"967,300",2026/09/15
1285,1285,7427,エコートレーディング(株),東証STD,821,-3,-0.36,"6,800",2026/09/15
1286,1286,7808,(株)シー・エス・ランバー,東証STD,"2,730",-10,-0.36,400,2026/09/15
1287,1287,8014,蝶理(株),東証PRM,"4,205",-15,-0.36,"19,600",2026/09/15
1288,1288,8281,ゼビオホールディングス(株),東証PRM,"1,122",-4,-0.36,"115,800",2026/09/15
1289,1289,8704,トレイダーズホールディングス(株),東証STD,"1,393",-5,-0.36,"81,900",2026/09/15
1290,1290,9303,(株)住友倉庫,東証PRM,"4,145",-15,-0.36,"72,000",2026/09/15
1291,1291,9412,スカパーＪＳＡＴ(株),東証PRM,"1,955",-7,-0.36,"1,029,800",2026/09/15
1292,1292,1738,(株)ＮＩＴＴＯＨ,名証MN,568,-2,-0.35,800,2026/09/15
1293,1293,2638,GX ロボティクス＆AI-日本株式,東証ETF,"2,551",-9,-0.35,"16,127",2026/09/15
1294,1294,2882,(株)イートアンドホールディングス,東証PRM,"2,007",-7,-0.35,"14,100",2026/09/15
1295,1295,2927,(株)ＡＦＣ－ＨＤアムスライフサイエンス,東証STD,855,-3,-0.35,"11,400",2026/09/15
1296,1296,3396,(株)フェリシモ,東証STD,859,-3,-0.35,500,2026/09/15
1297,1297,4452,花王(株),東証PRM,"3,443",-12,-0.35,"1,951,800",2026/09/15
1298,1298,5142,アキレス(株),東証PRM,"1,727",-6,-0.35,"78,400",2026/09/15
1299,1299,6196,(株)ストライクグループ,東証PRM,"1,411",-5,-0.35,"249,200",2026/09/15
1300,1300,8410,(株)セブン銀行,東証PRM,344.4,-1.2,-0.35,"4,274,200",2026/09/15
1301,1301,9119,飯野海運(株),東証PRM,"1,728",-6,-0.35,"120,500",2026/09/15
1302,1302,9173,東海汽船(株),東証STD,"2,810",-10,-0.35,900,2026/09/15
1303,1303,9471,(株)文溪堂,名証MN,"1,136",-4,-0.35,"1,800",2026/09/15
1304,1304,145A,(株)Ｌ　ｉｓ　Ｂ,東証GRT,889,-3,-0.34,"1,500",2026/09/15
1305,1305,1498,One ETF ESG,東証ETF,"32,120",-110,-0.34,7,2026/09/15
1306,1306,1681,上場インデックスファンド海外新興国株式,東証ETF,"3,269",-11,-0.34,"1,134",2026/09/15
1307,1307,2239,上場インデックスファンドS&P500先物レバレッジ2倍,東証ETF,"26,090",-90,-0.34,158,2026/09/15
1308,1308,2413,エムスリー(株),東証PRM,"1,742.5",-6,-0.34,"2,111,400",2026/09/15
1309,1309,2565,GX ロジスティクス・J-REIT,東証ETF,871,-3,-0.34,"7,839",2026/09/15
1310,1310,258A,SMT ETF国内リート厳選投資アクティブ,東証ETF,"2,022",-7,-0.34,3,2026/09/15
1311,1311,2648,(NEXT FUNDS)ブルームバーグ米国国債(7-10年)(H有),東証ETF,"3,245",-11,-0.34,382,2026/09/15
1312,1312,380A,GX チャイナテック,東証ETF,882,-3,-0.34,"4,864",2026/09/15
1313,1313,3861,王子ホールディングス(株),東証PRM,869.8,-3,-0.34,"2,036,900",2026/09/15
1314,1314,3965,(株)キャピタル・アセット・プランニング,東証STD,885,-3,-0.34,"4,500",2026/09/15
1315,1315,3998,(株)すららネット,東証GRT,291,-1,-0.34,"3,700",2026/09/15
1316,1316,5033,(株)ヌーラボ,東証GRT,"1,169",-4,-0.34,"35,200",2026/09/15
1317,1317,552A,MAXIS 米国AIインフラ株上場投信,東証ETF,"2,339",-8,-0.34,"7,069",2026/09/15
1318,1318,6960,フクダ電子(株),東証STD,"11,760",-40,-0.34,"40,500",2026/09/15
1319,1319,6982,(株)リード,東証STD,581,-2,-0.34,200,2026/09/15
1320,1320,7060,ギークス(株),東証STD,584,-2,-0.34,"5,500",2026/09/15
1321,1321,7278,(株)エクセディ,東証PRM,"5,880",-20,-0.34,"176,800",2026/09/15
1322,1322,7752,(株)リコー,東証PRM,"1,619.5",-5.5,-0.34,"1,475,800",2026/09/15
1323,1323,8254,(株)さいか屋,東証STD,294,-1,-0.34,"119,100",2026/09/15
1324,1324,8563,(株)大東銀行,東証STD,"1,178",-4,-0.34,"49,900",2026/09/15
1325,1325,9419,(株)ワイヤレスゲート,東証STD,297,-1,-0.34,"20,300",2026/09/15
1326,1326,9743,(株)丹青社,東証PRM,"1,464",-5,-0.34,"391,800",2026/09/15
1327,1327,1311,(NEXT FUNDS)TOPIX Core30連動型上場投信,東証ETF,"2,118",-7,-0.33,"31,310",2026/09/15
1328,1328,1474,One ETF JPX日経400,東証ETF,"36,730",-120,-0.33,2,2026/09/15
1329,1329,1478,iシェアーズ MSCI ジャパン高配当利回り ETF,東証ETF,"5,382",-18,-0.33,"22,904",2026/09/15
1330,1330,2186,ソーバル(株),東証STD,898,-3,-0.33,"7,300",2026/09/15
1331,1331,2437,Ｓｈｉｎｗａ　Ｗｉｓｅ　Ｈｏｌｄｉｎｇｓ(株),東証STD,611,-2,-0.33,"11,200",2026/09/15
1332,1332,2517,MAXIS Jリート･コア上場投信,東証ETF,"1,062.5",-3.5,-0.33,"8,440",2026/09/15
1333,1333,2554,(NEXT FUNDS)米国投資適格社債(1-10年)(H有),東証ETF,729.3,-2.4,-0.33,"9,580",2026/09/15
1334,1334,2736,フェスタリアホールディングス(株),東証STD,601,-2,-0.33,"2,400",2026/09/15
1335,1335,2897,日清食品ホールディングス(株),東証PRM,"2,996",-10,-0.33,"995,400",2026/09/15
1336,1336,3858,(株)ユビキタスＡＩ,東証STD,304,-1,-0.33,"25,100",2026/09/15
1337,1337,443A,iFreeETF 東証REIT指数(2・5・8・11月決算型),東証ETF,"1,806",-6,-0.33,15,2026/09/15
1338,1338,4613,関西ペイント(株),東証PRM,"2,859.5",-9.5,-0.33,"1,136,200",2026/09/15
1339,1339,4684,(株)オービック,東証PRM,"5,067",-17,-0.33,"1,549,700",2026/09/15
1340,1340,4735,(株)京進,東証STD,299,-1,-0.33,"10,300",2026/09/15
1341,1341,498A,防衛・航空宇宙 欧州株(ネットリターン)ETN,東証ETF,"8,577",-28,-0.33,29,2026/09/15
1342,1342,6663,太洋テクノレックス(株),東証STD,305,-1,-0.33,"12,700",2026/09/15
1343,1343,6806,ヒロセ電機(株),東証PRM,"23,900",-80,-0.33,"105,400",2026/09/15
1344,1344,7804,(株)ビーアンドピー,東証STD,"2,396",-8,-0.33,"2,900",2026/09/15
1345,1345,8230,(株)はせがわ,東証STD,306,-1,-0.33,"9,900",2026/09/15
1346,1346,8511,日本証券金融(株),東証PRM,"2,432",-8,-0.33,"131,200",2026/09/15
1347,1347,8572,アコム(株),東証STD,487.8,-1.6,-0.33,"902,500",2026/09/15
1348,1348,9021,西日本旅客鉄道(株),東証PRM,"3,057",-10,-0.33,"1,733,800",2026/09/15
1349,1349,9982,タキヒヨー(株),東証STD,"2,700",-9,-0.33,700,2026/09/15
1350,1350,1571,(NEXT FUNDS)日経平均インバース上場投信,東証ETF,307,-1,-0.32,"755,634",2026/09/15
1351,1351,1619,(NEXT FUNDS)建設･資材上場投信,東証ETF,"43,910",-140,-0.32,140,2026/09/15
1352,1352,1659,iシェアーズ 米国リート ETF,東証ETF,"3,681",-12,-0.32,"3,396",2026/09/15
1353,1353,1994,高橋カーテンウォール工業(株),東証STD,620,-2,-0.32,"3,100",2026/09/15
1354,1354,2428,ウェルネット(株),東証STD,624,-2,-0.32,"25,500",2026/09/15
1355,1355,2526,NZAM 上場投信 JPX日経400,東証ETF,"36,880",-120,-0.32,"10,962",2026/09/15
1356,1356,2563,iシェアーズ S&P500 米国株 ETF(H有),東証ETF,400.4,-1.3,-0.32,"881,900",2026/09/15
1357,1357,2734,(株)サーラコーポレーション,東証PRM,"1,238",-4,-0.32,"93,400",2026/09/15
1358,1358,2866,GX 米国優先証券,東証ETF,933,-3,-0.32,"57,437",2026/09/15
1359,1359,4568,第一三共(株),東証PRM,"2,836.5",-9,-0.32,"3,673,000",2026/09/15
1360,1360,5570,(株)ジェノバ,東証GRT,623,-2,-0.32,"4,100",2026/09/15
1361,1361,5612,日本鋳鉄管(株),東証STD,"1,570",-5,-0.32,"4,600",2026/09/15
1362,1362,8160,(株)木曽路,東証PRM,"2,458",-8,-0.32,"83,500",2026/09/15
1363,1363,8364,(株)清水銀行,東証PRM,"3,140",-10,-0.32,"21,600",2026/09/15
1364,1364,9716,(株)乃村工藝社,東証PRM,"1,235",-4,-0.32,"249,100",2026/09/15
1365,1365,9799,旭情報サービス(株),東証STD,937,-3,-0.32,"4,500",2026/09/15
1366,1366,196A,(株)ＭＦＳ,東証GRT,319,-1,-0.31,"55,900",2026/09/15
1367,1367,2522,iシェアーズ オートメーション&ロボット ETF,東証ETF,"8,334",-26,-0.31,"1,903",2026/09/15
1368,1368,2623,iシェアーズ ユーロ建て投資適格社債(H有),東証ETF,"1,904",-6,-0.31,190,2026/09/15
1369,1369,3391,(株)ツルハホールディングス,東証PRM,"2,277",-7,-0.31,"1,334,400",2026/09/15
1370,1370,3446,(株)ジェイテックコーポレーション,東証STD,"1,609",-5,-0.31,"12,300",2026/09/15
1371,1371,3482,ロードスターキャピタル(株),東証PRM,"2,541",-8,-0.31,"69,400",2026/09/15
1372,1372,7326,ＳＢＩインシュアランスグループ(株),東証GRT,"2,262",-7,-0.31,"20,100",2026/09/15
1373,1373,8046,丸藤シートパイル(株),東証STD,967,-3,-0.31,"9,000",2026/09/15
1374,1374,8935,(株)ＦＪネクストホールディングス,東証PRM,"1,955",-6,-0.31,"28,200",2026/09/15
1375,1375,1305,iFreeETF TOPIX(年1回決算型),東証ETF,"4,258",-13,-0.3,"72,330",2026/09/15
1376,1376,1680,上場インデックスファンド海外先進国株式,東証ETF,"8,035",-24,-0.3,"1,776",2026/09/15
1377,1377,179A,GX 超長期米国債 (H有),東証ETF,235.1,-0.7,-0.3,"40,760",2026/09/15
1378,1378,2561,iシェアーズ・コア 日本国債 ETF,東証ETF,"1,969",-6,-0.3,"138,258",2026/09/15
1379,1379,2861,上場インデックスファンドフランス国債(H無),東証ETF,"5,300",-16,-0.3,311,2026/09/15
1380,1380,399A,上場インデックスファンド日経平均高配当株50,東証ETF,"2,359",-7,-0.3,"23,946",2026/09/15
1381,1381,4665,(株)ダスキン,東証PRM,"4,646",-14,-0.3,"73,700",2026/09/15
1382,1382,532A,NZAM 上場投信 TOPIX高配当40,東証ETF,"2,310",-7,-0.3,221,2026/09/15
1383,1383,5852,(株)アーレスティ,東証PRM,664,-2,-0.3,"90,900",2026/09/15
1384,1384,7261,マツダ(株),東証PRM,"1,147.5",-3.5,-0.3,"3,293,100",2026/09/15
1385,1385,7619,田中商事(株),東証STD,985,-3,-0.3,900,2026/09/15
1386,1386,9256,(株)サクシード,東証GRT,"1,006",-3,-0.3,"20,700",2026/09/15
1387,1387,9332,ＮＩＳＳＯホールディングス(株),東証PRM,671,-2,-0.3,"37,700",2026/09/15
1388,1388,1786,オリエンタル白石(株),東証PRM,349,-1,-0.29,"303,600",2026/09/15
1389,1389,1961,三機工業(株),東証PRM,"2,425",-7,-0.29,"381,300",2026/09/15
1390,1390,2053,中部飼料(株),東証PRM,"2,051",-6,-0.29,"54,700",2026/09/15
1391,1391,219A,Ｈｅａｒｔｓｅｅｄ(株),東証GRT,"2,435",-7,-0.29,"512,400",2026/09/15
1392,1392,2371,(株)カカクコム,東証PRM,"3,839",-11,-0.29,"110,700",2026/09/15
1393,1393,2501,サッポロビール(株),東証PRM,"1,859.5",-5.5,-0.29,"1,133,900",2026/09/15
1394,1394,2510,(NEXT FUNDS)国内債券・NOMURA-BPI総合,東証ETF,791.6,-2.3,-0.29,"1,790",2026/09/15
1395,1395,2585,(株)ライフドリンクカンパニー,東証PRM,"1,385",-4,-0.29,"407,400",2026/09/15
1396,1396,4012,(株)アクシス,東証STD,"1,701",-5,-0.29,"1,800",2026/09/15
1397,1397,5161,西川ゴム工業(株),東証STD,"3,485",-10,-0.29,"87,500",2026/09/15
1398,1398,6508,(株)明電舎,東証PRM,"10,400",-30,-0.29,"142,500",2026/09/15
1399,1399,7078,ＩＮＣＬＵＳＩＶＥ　Ｈｏｌｄｉｎｇｓ(株),東証GRT,339,-1,-0.29,"8,000",2026/09/15
1400,1400,7621,(株)うかい,東証STD,"3,405",-10,-0.29,"2,000",2026/09/15
1401,1401,8566,リコーリース(株),東証PRM,"6,880",-20,-0.29,"27,000",2026/09/15
1402,1402,9543,静岡ガス(株),東証PRM,"1,373",-4,-0.29,"130,500",2026/09/15
1403,1403,9950,(株)ハチバン,東証STD,"3,420",-10,-0.29,"6,500",2026/09/15
1404,1404,1968,太平電業(株),東証PRM,"2,520",-7,-0.28,"79,000",2026/09/15
1405,1405,2235,上場インデックスファンド米国株式(ダウ平均)H無,東証ETF,"3,505",-10,-0.28,36,2026/09/15
1406,1406,2492,(株)インフォマート,東証PRM,712,-2,-0.28,"2,606,000",2026/09/15
1407,1407,2527,NZAM 上場投信 東証REIT Core指数,東証ETF,"1,079",-3,-0.28,"61,488",2026/09/15
1408,1408,2559,MAXIS 全世界株式(オール・カントリー)上場投信,東証ETF,"2,886",-8,-0.28,"175,025",2026/09/15
1409,1409,2722,(株)ＩＫホールディングス,東証STD,362,-1,-0.28,"2,500",2026/09/15
1410,1410,282A,GX 半導体・トップ10-日本株式,東証ETF,"2,151",-6,-0.28,"113,701",2026/09/15
1411,1411,2857,iシェアーズ ドイツ国債 ETF(H有),東証ETF,613,-1.7,-0.28,10,2026/09/15
1412,1412,3059,ヒラキ(株),東証STD,710,-2,-0.28,"1,100",2026/09/15
1413,1413,3397,(株)トリドールホールディングス,東証PRM,"4,337",-12,-0.28,"331,900",2026/09/15
1414,1414,3405,(株)クラレ,東証PRM,"1,779",-5,-0.28,"879,300",2026/09/15
1415,1415,3466,ラサールロジポート投資法人,東証,"142,300",-400,-0.28,"4,429",2026/09/15
1416,1416,3513,イチカワ(株),東証STD,"3,500",-10,-0.28,"1,900",2026/09/15
1417,1417,3773,(株)アドバンスト・メディア,東証GRT,"1,069",-3,-0.28,"32,200",2026/09/15
1418,1418,4308,(株)Ｊストリーム,東証GRT,354,-1,-0.28,"4,900",2026/09/15
1419,1419,4414,(株)フレクト,東証GRT,"1,080",-3,-0.28,"7,400",2026/09/15
1420,1420,518A,(NEXT FUNDS) FTSE日本株高配当キャッシュフロー50,東証ETF,"2,100",-6,-0.28,"16,435",2026/09/15
1421,1421,6036,ＫｅｅＰｅｒ技研(株),東証PRM,"3,590",-10,-0.28,"87,600",2026/09/15
1422,1422,6579,ログリー(株),東証GRT,352,-1,-0.28,500,2026/09/15
1423,1423,7409,ＡｅｒｏＥｄｇｅ(株),東証GRT,"1,435",-4,-0.28,"84,100",2026/09/15
1424,1424,7414,小野建(株),東証PRM,"1,413",-4,-0.28,"55,200",2026/09/15
1425,1425,8698,マネックスグループ(株),東証PRM,723,-2,-0.28,"983,400",2026/09/15
1426,1426,2088,NZAM 上場投信 NYダウ30(H有),東証ETF,"2,627",-7,-0.27,58,2026/09/15
1427,1427,2464,(株)Ａｏｂａ－ＢＢＴ,東証STD,366,-1,-0.27,"1,500",2026/09/15
1428,1428,2831,はごろもフーズ(株),東証STD,"3,670",-10,-0.27,"1,000",2026/09/15
1429,1429,2856,iシェアーズ 米国債3-7年 ETF(H有),東証ETF,637.9,-1.7,-0.27,"78,180",2026/09/15
1430,1430,2894,石井食品(株),東証STD,363,-1,-0.27,"5,800",2026/09/15
1431,1431,2932,(株)ＳＴＩフードホールディングス,東証STD,"1,096",-3,-0.27,"8,800",2026/09/15
1432,1432,382A,iFreeETF 米国国債3-5年(H有),東証ETF,"1,869",-5,-0.27,383,2026/09/15
1433,1433,4429,リックソフト(株),東証GRT,748,-2,-0.27,"1,800",2026/09/15
1434,1434,6044,(株)三機サービス,東証STD,"1,851",-5,-0.27,"8,500",2026/09/15
1435,1435,6171,(株)土木管理総合試験所,東証STD,371,-1,-0.27,"24,400",2026/09/15
1436,1436,6186,(株)一蔵,東証STD,373,-1,-0.27,"1,300",2026/09/15
1437,1437,630A,ニッセイ ETF TOPIX(年4回決算型),東証ETF,"1,480",-4,-0.27,356,2026/09/15
1438,1438,7957,フジコピアン(株),東証STD,"2,575",-7,-0.27,"1,000",2026/09/15
1439,1439,8101,(株)ＧＳＩクレオス,東証PRM,"2,610",-7,-0.27,"18,600",2026/09/15
1440,1440,9007,小田急電鉄(株),東証PRM,"1,827.5",-5,-0.27,"1,205,300",2026/09/15
1441,1441,9238,バリュークリエーション(株),東証GRT,370,-1,-0.27,"5,200",2026/09/15
1442,1442,9989,(株)サンドラッグ,東証PRM,"3,719",-10,-0.27,"378,200",2026/09/15
1443,1443,1329,iシェアーズ・コア 日経225ETF,東証ETF,"6,575",-17,-0.26,"395,298",2026/09/15
1444,1444,1487,上場インデックスファンド米国債券(H有),東証ETF,"11,515",-30,-0.26,166,2026/09/15
1445,1445,1835,東鉄工業(株),東証PRM,"3,890",-10,-0.26,"49,700",2026/09/15
1446,1446,2086,NZAM 上場投信 S&P500(H有),東証ETF,"3,027",-8,-0.26,"9,690",2026/09/15
1447,1447,2175,(株)エス・エム・エス,東証PRM,"2,666",-7,-0.26,"388,300",2026/09/15
1448,1448,2552,上場Ｊリート(東証REIT指数)隔月分配(ミニ),東証ETF,"1,893",-5,-0.26,"1,005",2026/09/15
1449,1449,3435,サンコーテクノ(株),東証STD,"1,532",-4,-0.26,"1,100",2026/09/15
1450,1450,345A,高配当成長 日本株(ネットリターン)ETN,東証ETF,"15,560",-40,-0.26,361,2026/09/15
1451,1451,4206,アイカ工業(株),東証PRM,"4,151",-11,-0.26,"146,700",2026/09/15
1452,1452,7049,(株)識学,東証GRT,775,-2,-0.26,"12,500",2026/09/15
1453,1453,7614,(株)オーエムツーネットワーク,東証STD,"1,554",-4,-0.26,"7,400",2026/09/15
1454,1454,8012,長瀬産業(株),東証PRM,"1,130.5",-3,-0.26,"600,300",2026/09/15
1455,1455,8219,青山商事(株),東証PRM,763,-2,-0.26,"722,300",2026/09/15
1456,1456,8562,(株)福島銀行,東証STD,388,-1,-0.26,"150,100",2026/09/15
1457,1457,9158,(株)シーユーシー,東証GRT,774,-2,-0.26,"5,900",2026/09/15
1458,1458,9651,日本プロセス(株),東証STD,"1,929",-5,-0.26,"8,400",2026/09/15
1459,1459,1617,(NEXT FUNDS)食品上場投信,東証ETF,"47,420",-120,-0.25,305,2026/09/15
1460,1460,1914,日本基礎技術(株),東証STD,800,-2,-0.25,"10,600",2026/09/15
1461,1461,2630,MAXIS 米国株式(S&P500)上場投信(H有),東証ETF,"15,910",-40,-0.25,640,2026/09/15
1462,1462,2860,(NEXT FUNDS) ドイツ株式・DAX(H有),東証ETF,"3,194",-8,-0.25,271,2026/09/15
1463,1463,2934,ジェイフロンティア(株),東証GRT,"1,996",-5,-0.25,"1,200",2026/09/15
1464,1464,2986,(株)ＬＡホールディングス,東証GRT,"2,821",-7,-0.25,"85,700",2026/09/15
1465,1465,4465,(株)ニイタカ,東証STD,"2,354",-6,-0.25,"2,300",2026/09/15
1466,1466,4681,リゾートトラスト(株),東証PRM,"1,781.5",-4.5,-0.25,"323,600",2026/09/15
1467,1467,5965,(株)フジマック,東証STD,"1,190",-3,-0.25,"15,500",2026/09/15
1468,1468,6750,エレコム(株),東証PRM,"2,004",-5,-0.25,"128,900",2026/09/15
1469,1469,7777,(株)スリー・ディー・マトリックス,東証GRT,407,-1,-0.25,"4,162,000",2026/09/15
1470,1470,142A,(株)ジンジブ,東証GRT,829,-2,-0.24,"3,500",2026/09/15
1471,1471,1651,iFreeETF TOPIX高配当40指数,東証ETF,"3,333",-8,-0.24,"15,049",2026/09/15
1472,1472,2090,NZAM 上場投信 米国国債7-10年(H有),東証ETF,"4,221",-10,-0.24,62,2026/09/15
1473,1473,2179,(株)成学社,東証STD,819,-2,-0.24,"1,100",2026/09/15
1474,1474,2564,GX MSCIスーパーディビィデンド-日本株式,東証ETF,"3,669",-9,-0.24,"591,288",2026/09/15
1475,1475,2982,(株)ＡＤワークスグループ,東証PRM,420,-1,-0.24,"159,500",2026/09/15
1476,1476,3277,(株)サンセイランディック,東証STD,836,-2,-0.24,"7,900",2026/09/15
1477,1477,3291,飯田グループホールディングス(株),東証PRM,"2,255",-5.5,-0.24,"455,800",2026/09/15
1478,1478,3321,ミタチ産業(株),東証STD,"1,670",-4,-0.24,"11,500",2026/09/15
1479,1479,3386,コスモ・バイオ(株),東証STD,"1,240",-3,-0.24,600,2026/09/15
1480,1480,4020,ビートレンド(株),東証GRT,815,-2,-0.24,"1,500",2026/09/15
1481,1481,4091,日本酸素ホールディングス(株),東証PRM,"5,442",-13,-0.24,"552,000",2026/09/15
1482,1482,515A,iシェアーズ 高格付け日本円社債 ETF,東証ETF,499.1,-1.2,-0.24,"9,330",2026/09/15
1483,1483,6225,(株)エコム,名証MN,"2,050",-5,-0.24,"1,100",2026/09/15
1484,1484,6408,小倉クラッチ(株),東証STD,"4,245",-10,-0.24,700,2026/09/15
1485,1485,7267,ホンダ,東証PRM,"1,675",-4,-0.24,"7,972,400",2026/09/15
1486,1486,7458,(株)第一興商,東証PRM,"1,869",-4.5,-0.24,"337,800",2026/09/15
1487,1487,7775,大研医器(株),東証STD,423,-1,-0.24,"12,200",2026/09/15
1488,1488,7791,ドリームベッド(株),東証STD,833,-2,-0.24,"4,000",2026/09/15
1489,1489,8844,(株)コスモスイニシア,東証STD,"1,230",-3,-0.24,"47,000",2026/09/15
1490,1490,9063,岡山県貨物運送(株),東証STD,"4,110",-10,-0.24,"2,200",2026/09/15
1491,1491,9661,(株)歌舞伎座,東証STD,"4,185",-10,-0.24,"8,400",2026/09/15
1492,1492,9888,(株)ＵＥＸ,東証STD,"1,227",-3,-0.24,"51,200",2026/09/15
1493,1493,156A,マテリアルグループ(株),東証GRT,867,-2,-0.23,"14,900",2026/09/15
1494,1494,2092,NZAM 上場投信 フランス国債7-10年(H有),東証ETF,"4,426",-10,-0.23,30,2026/09/15
1495,1495,2169,ＣＤＳ(株),東証STD,"1,725",-4,-0.23,"3,200",2026/09/15
1496,1496,2767,円谷フィールズホールディングス(株),東証PRM,"2,607",-6,-0.23,"429,600",2026/09/15
1497,1497,447A,ステート・ストリート・スパイダー ゴールド ETF(H無),東証ETF,264.6,-0.6,-0.23,"69,130",2026/09/15
1498,1498,492A,One ETF 日本国債 高クーポン(平均残存10年未満),東証ETF,962.7,-2.2,-0.23,120,2026/09/15
1499,1499,5463,丸一鋼管(株),東証PRM,"1,715.5",-4,-0.23,"721,000",2026/09/15
1500,1500,9686,東洋テック(株),東証STD,"1,731",-4,-0.23,"6,200",2026/09/15
1501,1501,1595,NZAM 上場投信 東証REIT指数,東証ETF,"1,800",-4,-0.22,"27,081",2026/09/15
1502,1502,162A,AIセレクトメガトレンド日本株(ネットリターン)ETN,東証ETF,"16,240",-35,-0.22,980,2026/09/15
1503,1503,1879,新日本建設(株),東証PRM,"2,266",-5,-0.22,"172,700",2026/09/15
1504,1504,2293,滝沢ハム(株),東証STD,"2,680",-6,-0.22,"2,000",2026/09/15
1505,1505,2485,(株)ティア,東証STD,448,-1,-0.22,"26,100",2026/09/15
1506,1506,3249,産業ファンド投資法人,東証,"136,500",-300,-0.22,"6,496",2026/09/15
1507,1507,3494,(株)マリオン,東証STD,456,-1,-0.22,"9,400",2026/09/15
1508,1508,3744,サイオス(株),東証STD,457,-1,-0.22,"4,500",2026/09/15
1509,1509,3979,(株)うるる,東証GRT,454,-1,-0.22,"3,000",2026/09/15
1510,1510,467A,GX 米ドル建て投資適格社債(H有),東証ETF,272.5,-0.6,-0.22,100,2026/09/15
1511,1511,5941,(株)中西製作所,東証STD,"2,696",-6,-0.22,"3,200",2026/09/15
1512,1512,6326,(株)クボタ,東証PRM,"2,767",-6,-0.22,"3,191,100",2026/09/15
1513,1513,6371,(株)椿本チエイン,東証PRM,"2,669",-6,-0.22,"126,600",2026/09/15
1514,1514,7066,(株)ピアズ,東証GRT,459,-1,-0.22,"2,600",2026/09/15
1515,1515,7305,新家工業(株),東証STD,"2,756",-6,-0.22,"8,400",2026/09/15
1516,1516,7373,(株)アイドマ・ホールディングス,東証GRT,920,-2,-0.22,"42,200",2026/09/15
1517,1517,9418,(株)Ｕ－ＮＥＸＴ　ＨＯＬＤＩＮＧＳ,東証PRM,"1,784",-4,-0.22,"529,900",2026/09/15
1518,1518,9534,北海道ガス(株),東証PRM,927,-2,-0.22,"360,600",2026/09/15
1519,1519,9699,ニシオホールディングス(株),東証PRM,"4,625",-10,-0.22,"50,400",2026/09/15
1520,1520,9837,モリト(株),東証PRM,"1,791",-4,-0.22,"32,100",2026/09/15
1521,1521,2411,ゲンダイエージェンシー(株),東証STD,470,-1,-0.21,"10,200",2026/09/15
1522,1522,2518,(NEXT FUNDS) MSCI日本株女性活躍(セレクト)上場投信,東証ETF,"2,410",-5,-0.21,"10,035",2026/09/15
1523,1523,2872,(株)セイヒョー,東証STD,"1,927",-4,-0.21,"1,800",2026/09/15
1524,1524,3067,(株)東京一番フーズ,東証STD,467,-1,-0.21,"8,800",2026/09/15
1525,1525,3462,野村不動産マスターファンド投資法人,東証,"143,400",-300,-0.21,"6,656",2026/09/15
1526,1526,396A,業界改革厳選ETF REITイベント・ドリブン,東証ETF,473.5,-1,-0.21,20,2026/09/15
1527,1527,4527,ロート製薬(株),東証PRM,"2,865",-6,-0.21,"696,200",2026/09/15
1528,1528,5991,ニッパツ,東証PRM,"3,249",-7,-0.21,"528,300",2026/09/15
1529,1529,6022,(株)赤阪鐵工所,東証STD,"2,884",-6,-0.21,400,2026/09/15
1530,1530,6307,サンセイ(株),東証STD,468,-1,-0.21,"1,000",2026/09/15
1531,1531,6632,(株)ＪＶＣケンウッド,東証PRM,985.8,-2.1,-0.21,"1,272,100",2026/09/15
1532,1532,6819,伊豆シャボテンリゾート(株),東証STD,478,-1,-0.21,"4,700",2026/09/15
1533,1533,8934,サンフロンティア不動産(株),東証PRM,"2,363",-5,-0.21,"132,000",2026/09/15
1534,1534,8955,日本プライムリアルティ投資法人,東証,"94,900",-200,-0.21,"5,760",2026/09/15
1535,1535,9744,(株)メイテックグループホールディングス,東証PRM,"3,400",-7,-0.21,"509,500",2026/09/15
1536,1536,9983,(株)ファーストリテイリング,東証PRM,"66,620",-140,-0.21,"752,900",2026/09/15
1537,1537,1365,iFreeETF 日経平均レバレッジ・インデックス,東証ETF,"3,928",-8,-0.2,"313,175",2026/09/15
1538,1538,2226,(株)湖池屋,東証STD,"4,925",-10,-0.2,"1,600",2026/09/15
1539,1539,2566,上場インデックスファンド日経ESGリート,東証ETF,996,-2,-0.2,"6,708",2026/09/15
1540,1540,261A,(株)日水コン,東証STD,"1,968",-4,-0.2,"13,300",2026/09/15
1541,1541,2625,iFreeETF TOPIX(年4回決算型),東証ETF,"4,055",-8,-0.2,"17,062",2026/09/15
1542,1542,2870,iFreeETF NASDAQ100ダブルインバース,東証ETF,"7,813",-16,-0.2,"25,739",2026/09/15
1543,1543,331A,(株)メディックス,東証STD,487,-1,-0.2,"1,800",2026/09/15
1544,1544,3802,(株)エコミック,東証STD,502,-1,-0.2,"1,000",2026/09/15
1545,1545,6189,(株)グローバルキッズＣＯＭＰＡＮＹ,東証STD,"1,014",-2,-0.2,"5,600",2026/09/15
1546,1546,6707,サンケン電気(株),東証PRM,"6,646",-13,-0.2,"131,800",2026/09/15
1547,1547,7616,(株)コロワイド,東証PRM,"2,038.5",-4,-0.2,"493,300",2026/09/15
1548,1548,7782,(株)シンシア,東証STD,488,-1,-0.2,"4,000",2026/09/15
1549,1549,9001,東武鉄道(株),東証PRM,"2,975",-6,-0.2,"502,900",2026/09/15
1550,1550,9171,栗林商船(株),東証STD,"1,472",-3,-0.2,"1,300",2026/09/15
1551,1551,9664,(株)御園座,名証MN,"1,492",-3,-0.2,800,2026/09/15
1552,1552,1446,(株)キャンディル,東証STD,539,-1,-0.19,"2,500",2026/09/15
1553,1553,2593,(株)伊藤園,東証PRM,"3,175",-6,-0.19,"272,600",2026/09/15
1554,1554,2784,アルフレッサ　ホールディングス(株),東証PRM,"2,336.5",-4.5,-0.19,"359,000",2026/09/15
1555,1555,2998,クリアル(株),東証GRT,536,-1,-0.19,"82,500",2026/09/15
1556,1556,3359,(株)ｃｏｔｔａ,東証GRT,520,-1,-0.19,"24,400",2026/09/15
1557,1557,3853,アステリア(株),東証PRM,"1,067",-2,-0.19,"115,200",2026/09/15
1558,1558,4619,日本特殊塗料(株),東証STD,"2,620",-5,-0.19,"43,200",2026/09/15
1559,1559,4922,(株)コーセーホールディングス,東証PRM,"5,649",-11,-0.19,"226,600",2026/09/15
1560,1560,7201,日産自動車(株),東証PRM,312.6,-0.6,-0.19,"19,010,800",2026/09/15
1561,1561,7991,マミヤ・オーピー(株),東証STD,"1,064",-2,-0.19,"5,000",2026/09/15
1562,1562,8252,(株)丸井グループ,東証PRM,"2,891",-5.5,-0.19,"807,400",2026/09/15
1563,1563,8715,アニコム　ホールディングス(株),東証PRM,"1,029",-2,-0.19,"186,200",2026/09/15
1564,1564,8877,エスリード(株),東証PRM,"5,180",-10,-0.19,"10,900",2026/09/15
1565,1565,9367,大東港運(株),東証STD,"2,048",-4,-0.19,500,2026/09/15
1566,1566,9421,(株)エヌジェイホールディングス,東証STD,516,-1,-0.19,600,2026/09/15
1567,1567,9740,ＣＳＰ,東証PRM,"2,655",-5,-0.19,"19,800",2026/09/15
1568,1568,1946,(株)トーエネック,東証PRM,"2,162",-4,-0.18,"165,000",2026/09/15
1569,1569,2248,iFreeETF S&P500(H有),東証ETF,"2,720",-5,-0.18,"8,245",2026/09/15
1570,1570,2335,(株)キューブシステム,東証PRM,"1,096",-2,-0.18,"31,300",2026/09/15
1571,1571,2839,MAXIS 米国国債7-10年上場投信(H有),東証ETF,"4,859",-9,-0.18,148,2026/09/15
1572,1572,3433,トーカロ(株),東証PRM,"2,772",-5,-0.18,"154,900",2026/09/15
1573,1573,3772,ウェルス・マネジメント(株),東証STD,"1,098",-2,-0.18,"12,200",2026/09/15
1574,1574,3988,(株)ＳＹＳホールディングス,東証STD,559,-1,-0.18,"15,400",2026/09/15
1575,1575,4317,(株)レイ,東証STD,564,-1,-0.18,600,2026/09/15
1576,1576,4320,(株)ＣＥホールディングス,東証STD,"1,645",-3,-0.18,"201,000",2026/09/15
1577,1577,4750,(株)ダイサン,東証STD,547,-1,-0.18,"3,100",2026/09/15
1578,1578,537A,NZAM 上場投信 全世界株式(MSCI ACWI)(H無),東証ETF,"1,092",-2,-0.18,112,2026/09/15
1579,1579,6549,ディーエムソリューションズ(株),東証STD,"1,106",-2,-0.18,"4,500",2026/09/15
1580,1580,6648,(株)かわでん,東証STD,"1,624",-3,-0.18,"35,700",2026/09/15
1581,1581,8416,(株)高知銀行,東証STD,"1,111",-2,-0.18,"18,100",2026/09/15
1582,1582,9254,(株)ラバブルマーケティンググループ,東証GRT,"1,101",-2,-0.18,600,2026/09/15
1583,1583,9685,ＫＹＣＯＭホールディングス(株),東証STD,560,-1,-0.18,"1,400",2026/09/15
1584,1584,1476,iシェアーズ・コア Ｊリート ETF,東証ETF,"1,814",-3,-0.17,"75,731",2026/09/15
1585,1585,2095,GX S&P500配当貴族 (H有),東証ETF,"1,153",-2,-0.17,590,2026/09/15
1586,1586,238A,iシェアーズ 米国債25年超 ロングデュレーション(H有),東証ETF,118.2,-0.2,-0.17,"164,080",2026/09/15
1587,1587,2391,(株)プラネット,東証STD,"1,176",-2,-0.17,"9,900",2026/09/15
1588,1588,2852,iシェアーズ グリーンJリート,東証ETF,171.7,-0.3,-0.17,"51,030",2026/09/15
1589,1589,3160,(株)大光,東証STD,579,-1,-0.17,"5,300",2026/09/15
1590,1590,3843,フリービット(株),東証PRM,"1,715",-3,-0.17,"28,300",2026/09/15
1591,1591,3918,ＰＣＩホールディングス(株),東証STD,"1,172",-2,-0.17,"1,800",2026/09/15
1592,1592,4299,(株)ハイマックス,東証STD,"1,210",-2,-0.17,"3,000",2026/09/15
1593,1593,4674,(株)クレスコ,東証PRM,"1,795",-3,-0.17,"134,300",2026/09/15
1594,1594,566A,iFreeETF ブルームバーグ日本株(除く金融)高配当50,東証ETF,"2,288",-4,-0.17,190,2026/09/15
1595,1595,6546,フルテック(株),東証STD,"1,172",-2,-0.17,300,2026/09/15
1596,1596,6850,(株)チノー,東証PRM,"1,718",-3,-0.17,"20,400",2026/09/15
1597,1597,7129,ミアヘルサホールディングス(株),東証STD,"1,183",-2,-0.17,"1,700",2026/09/15
1598,1598,7177,ＧＭＯフィナンシャルホールディングス(株),東証STD,"1,161",-2,-0.17,"207,500",2026/09/15
1599,1599,8052,椿本興業(株),東証PRM,"2,915",-5,-0.17,"57,600",2026/09/15
1600,1600,8065,佐藤商事(株),東証PRM,"3,015",-5,-0.17,"213,800",2026/09/15
1601,1601,9041,近鉄グループホールディングス(株),東証PRM,"3,540",-6,-0.17,"450,100",2026/09/15
1602,1602,1420,サンヨーホームズ(株),東証STD,630,-1,-0.16,"5,800",2026/09/15
1603,1603,2211,(株)不二家,東証PRM,"2,513",-4,-0.16,"25,100",2026/09/15
1604,1604,2221,岩塚製菓(株),東証STD,"3,050",-5,-0.16,"3,900",2026/09/15
1605,1605,2649,iシェアーズ 米国政府系機関ジニーメイMBS(H有),東証ETF,565.4,-0.9,-0.16,"2,200",2026/09/15
1606,1606,2842,iFreeETF NASDAQ100インバース,東証ETF,"12,370",-20,-0.16,"4,927",2026/09/15
1607,1607,299A,クラシル(株),東証GRT,"1,243",-2,-0.16,"101,000",2026/09/15
1608,1608,3710,ジョルダン(株),東証STD,640,-1,-0.16,"2,700",2026/09/15
1609,1609,3834,(株)朝日ネット,東証PRM,606,-1,-0.16,"41,200",2026/09/15
1610,1610,383A,MAXIS S&P500均等ウェイト,東証ETF,"2,528",-4,-0.16,237,2026/09/15
1611,1611,5204,石塚硝子(株),東証STD,"3,035",-5,-0.16,"2,100",2026/09/15
1612,1612,6298,ワイエイシイホールディングス(株),東証PRM,"1,228",-2,-0.16,"94,600",2026/09/15
1613,1613,6382,トリニティ工業(株),東証STD,"1,224",-2,-0.16,"4,700",2026/09/15
1614,1614,6724,セイコーエプソン(株),東証PRM,"3,096",-5,-0.16,"870,200",2026/09/15
1615,1615,6754,アンリツ(株),東証PRM,"3,115",-5,-0.16,"715,400",2026/09/15
1616,1616,7435,(株)ナ・デックス,東証STD,"1,242",-2,-0.16,"11,400",2026/09/15
1617,1617,7981,タカラスタンダード(株),東証PRM,"3,095",-5,-0.16,"75,200",2026/09/15
1618,1618,8963,インヴィンシブル投資法人,東証,"61,200",-100,-0.16,"67,729",2026/09/15
1619,1619,9605,東映(株),東証PRM,"6,070",-10,-0.16,"44,100",2026/09/15
1620,1620,9633,東京テアトル(株),東証STD,"1,900",-3,-0.16,"4,300",2026/09/15
1621,1621,9895,(株)コンセック,東証STD,"1,275",-2,-0.16,600,2026/09/15
1622,1622,1346,MAXIS 日経225上場投信,東証ETF,"65,800",-100,-0.15,"13,076",2026/09/15
1623,1623,1981,(株)協和日成,東証STD,"1,322",-2,-0.15,800,2026/09/15
1624,1624,2114,フジ日本(株),東証STD,674,-1,-0.15,"12,700",2026/09/15
1625,1625,2481,(株)タウンニュース社,東証STD,686,-1,-0.15,800,2026/09/15
1626,1626,2514,(NEXT FUNDS)外国株式･MSCI-KOKUSAI(H有),東証ETF,"2,010",-3,-0.15,344,2026/09/15
1627,1627,3279,アクティビア・プロパティーズ投資法人,東証,"131,000",-200,-0.15,"5,454",2026/09/15
1628,1628,3465,ケイアイスター不動産(株),東証PRM,"3,235",-5,-0.15,"89,700",2026/09/15
1629,1629,3628,(株)データホライゾン,東証GRT,669,-1,-0.15,"1,300",2026/09/15
1630,1630,4431,(株)スマレジ,東証GRT,"3,340",-5,-0.15,"317,100",2026/09/15
1631,1631,4481,ベース(株),東証PRM,"3,255",-5,-0.15,"30,700",2026/09/15
1632,1632,5975,東プレ(株),東証PRM,"3,260",-5,-0.15,"58,400",2026/09/15
1633,1633,6269,三井海洋開発(株),東証PRM,"9,076",-14,-0.15,"504,400",2026/09/15
1634,1634,6964,(株)サンコー,東証STD,687,-1,-0.15,"1,900",2026/09/15
1635,1635,7036,(株)イーエムネットジャパン,東証GRT,666,-1,-0.15,"1,100",2026/09/15
1636,1636,7600,(株)日本エム・ディ・エム,東証PRM,653,-1,-0.15,"250,700",2026/09/15
1637,1637,8570,イオンフィナンシャルサービス(株),東証PRM,"1,645",-2.5,-0.15,"374,200",2026/09/15
1638,1638,8929,(株)青山財産ネットワークス,東証STD,"1,354",-2,-0.15,"35,500",2026/09/15
1639,1639,9159,(株)Ｗ　ＴＯＫＹＯ,東証GRT,"1,940",-3,-0.15,"3,500",2026/09/15
1640,1640,1814,大末建設(株),東証PRM,"3,530",-5,-0.14,"40,900",2026/09/15
1641,1641,3058,(株)三洋堂ホールディングス,東証STD,718,-1,-0.14,800,2026/09/15
1642,1642,3166,ＯＣＨＩホールディングス(株),東証STD,"1,461",-2,-0.14,"1,400",2026/09/15
1643,1643,3246,(株)コーセーアールイー,東証STD,690,-1,-0.14,"3,100",2026/09/15
1644,1644,3353,(株)メディカル一光グループ,東証STD,"2,785",-4,-0.14,"1,800",2026/09/15
1645,1645,3571,(株)ソトー,東証STD,721,-1,-0.14,"3,400",2026/09/15
1646,1646,4028,石原産業(株),東証PRM,"2,873",-4,-0.14,"206,600",2026/09/15
1647,1647,4733,(株)オービックビジネスコンサルタント,東証PRM,"8,301",-12,-0.14,"157,200",2026/09/15
1648,1648,4956,コニシ(株),東証PRM,"1,472",-2,-0.14,"49,900",2026/09/15
1649,1649,5411,ＪＦＥホールディングス(株),東証PRM,"1,826.5",-2.5,-0.14,"3,549,300",2026/09/15
1650,1650,6412,(株)平和,東証PRM,"2,215",-3,-0.14,"297,100",2026/09/15
1651,1651,6845,アズビル(株),東証PRM,"1,447",-2,-0.14,"1,073,900",2026/09/15
1652,1652,6929,日本セラミック(株),東証PRM,"3,630",-5,-0.14,"81,800",2026/09/15
1653,1653,7112,(株)キューブ,東証GRT,694,-1,-0.14,"1,600",2026/09/15
1654,1654,7127,(株)一家ホールディングス,東証STD,709,-1,-0.14,"7,500",2026/09/15
1655,1655,7370,(株)Ｅｎｊｉｎ,東証GRT,710,-1,-0.14,"2,300",2026/09/15
1656,1656,8919,(株)カチタス,東証PRM,"3,460",-5,-0.14,"171,500",2026/09/15
1657,1657,9072,ニッコンホールディングス(株),東証PRM,"5,133",-7,-0.14,"107,200",2026/09/15
1658,1658,9697,(株)カプコン,東証PRM,"4,351",-6,-0.14,"2,038,200",2026/09/15
1659,1659,1926,ライト工業(株),東証PRM,"3,825",-5,-0.13,"88,200",2026/09/15
1660,1660,1959,(株)クラフティア,東証PRM,"7,859",-10,-0.13,"105,900",2026/09/15
1661,1661,2014,iシェアーズ 米国連続増配株 ETF,東証ETF,308.4,-0.4,-0.13,"31,970",2026/09/15
1662,1662,2311,(株)エプコ,東証STD,784,-1,-0.13,"1,600",2026/09/15
1663,1663,2634,(NEXT FUNDS) S&P500(H有)連動型上場投信,東証ETF,"3,129",-4,-0.13,"1,993",2026/09/15
1664,1664,265A,Ｈｍｃｏｍｍ(株),東証GRT,742,-1,-0.13,"88,000",2026/09/15
1665,1665,2877,日東ベスト(株),東証STD,751,-1,-0.13,"3,500",2026/09/15
1666,1666,3065,(株)ライフフーズ,東証STD,"1,588",-2,-0.13,"1,200",2026/09/15
1667,1667,3290,Oneリート投資法人,東証,"74,900",-100,-0.13,"3,146",2026/09/15
1668,1668,3431,宮地エンジニアリンググループ(株),東証PRM,"1,566",-2,-0.13,"40,300",2026/09/15
1669,1669,3524,日東製網(株),東証STD,"1,481",-2,-0.13,"1,900",2026/09/15
1670,1670,3953,大村紙業(株),東証STD,779,-1,-0.13,600,2026/09/15
1671,1671,4026,神島化学工業(株),東証STD,"1,539",-2,-0.13,"61,300",2026/09/15
1672,1672,4062,イビデン(株),東証PRM,"19,115",-25,-0.13,"7,107,000",2026/09/15
1673,1673,4705,(株)クリップコーポレーション,東証STD,795,-1,-0.13,400,2026/09/15
1674,1674,6180,ＧＭＯメディア(株),東証GRT,"3,805",-5,-0.13,"1,000",2026/09/15
1675,1675,6370,栗田工業(株),東証PRM,"7,412",-10,-0.13,"555,300",2026/09/15
1676,1676,7140,ペットゴー(株),東証GRT,799,-1,-0.13,700,2026/09/15
1677,1677,7203,トヨタ自動車(株),東証PRM,"3,021",-4,-0.13,"19,958,900",2026/09/15
1678,1678,7475,アルビス(株),東証PRM,"3,765",-5,-0.13,"86,800",2026/09/15
1679,1679,7850,総合商研(株),東証STD,795,-1,-0.13,"1,700",2026/09/15
1680,1680,7985,ネポン(株),福証,750,-1,-0.13,300,2026/09/15
1681,1681,8153,(株)モスフードサービス,東証PRM,"3,965",-5,-0.13,"258,300",2026/09/15
1682,1682,8174,日本瓦斯(株),東証PRM,"3,081",-4,-0.13,"297,700",2026/09/15
1683,1683,8596,(株)九州リースサービス,東証STD,"1,535",-2,-0.13,"9,800",2026/09/15
1684,1684,9616,(株)共立メンテナンス,東証PRM,"3,147",-4,-0.13,"796,100",2026/09/15
1685,1685,1330,上場インデックスファンド225,東証ETF,"65,800",-80,-0.12,"19,576",2026/09/15
1686,1686,1497,iシェアーズ 米ドル建ハイイールド社債ETF(H有),東証ETF,"1,719",-2,-0.12,"3,337",2026/09/15
1687,1687,159A,(NEXT FUNDS) JPXプライム150指数連動型上場投信,東証ETF,728.2,-0.9,-0.12,"5,300",2026/09/15
1688,1688,1658,iシェアーズ･コア MSCI 新興国株 ETF,東証ETF,"4,199",-5,-0.12,"11,997",2026/09/15
1689,1689,1950,日本電設工業(株),東証PRM,"4,020",-5,-0.12,"47,300",2026/09/15
1690,1690,201A,iシェアーズ Nifty 50 インド株 ETF,東証ETF,171,-0.2,-0.12,"82,140",2026/09/15
1691,1691,2268,Ｂ－Ｒ　サーティワン　アイスクリーム(株),東証STD,"4,060",-5,-0.12,"2,200",2026/09/15
1692,1692,2573,北海道コカ・コーラボトリング(株),東証STD,"4,065",-5,-0.12,"2,200",2026/09/15
1693,1693,2702,日本マクドナルドホールディングス(株),東証STD,"8,090",-10,-0.12,"330,200",2026/09/15
1694,1694,2742,(株)ハローズ,東証PRM,"4,005",-5,-0.12,"27,100",2026/09/15
1695,1695,3392,デリカフーズホールディングス(株),東証STD,803,-1,-0.12,"9,100",2026/09/15
1696,1696,4547,キッセイ薬品工業(株),東証PRM,"4,015",-5,-0.12,"44,400",2026/09/15
1697,1697,4712,(株)ＫｅｙＨｏｌｄｅｒ,東証STD,810,-1,-0.12,"2,300",2026/09/15
1698,1698,5697,(株)サンユウ,東証STD,814,-1,-0.12,600,2026/09/15
1699,1699,6988,日東電工(株),東証PRM,"3,229",-4,-0.12,"1,602,800",2026/09/15
1700,1700,8624,いちよし証券(株),東証PRM,"1,711",-2,-0.12,"96,200",2026/09/15
1701,1701,8793,ＮＥＣキャピタルソリューション(株),東証PRM,"4,210",-5,-0.12,"12,300",2026/09/15
1702,1702,9746,(株)ＴＫＣ,東証PRM,"4,110",-5,-0.12,"81,500",2026/09/15
1703,1703,1345,上場インデックスファンドJリート隔月分配,東証ETF,"1,773",-2,-0.11,"25,386",2026/09/15
1704,1704,1377,(株)サカタのタネ,東証PRM,"4,375",-5,-0.11,"86,000",2026/09/15
1705,1705,1488,iFreeETF 東証REIT指数,東証ETF,"1,806",-2,-0.11,"47,777",2026/09/15
1706,1706,1554,上場インデックス世界株式(MSCI ACWI)除く日本,東証ETF,"6,604",-7,-0.11,"3,271",2026/09/15
1707,1707,2493,イーサポートリンク(株),東証STD,944,-1,-0.11,"1,300",2026/09/15
1708,1708,2555,東証REIT ETF,東証ETF,"1,818",-2,-0.11,"16,880",2026/09/15
1709,1709,2653,イオン九州(株),東証STD,"2,792",-3,-0.11,"20,300",2026/09/15
1710,1710,3286,トラストホールディングス(株),東証STD,880,-1,-0.11,"2,900",2026/09/15
1711,1711,3597,(株)自重堂,東証STD,"8,910",-10,-0.11,500,2026/09/15
1712,1712,480A,(株)リブ・コンサルティング,東証GRT,931,-1,-0.11,"10,700",2026/09/15
1713,1713,4992,北興化学工業(株),東証STD,"1,855",-2,-0.11,"41,100",2026/09/15
1714,1714,5423,東京製鐵(株),東証PRM,"1,753",-2,-0.11,"487,400",2026/09/15
1715,1715,5542,新報国マテリアル(株),東証STD,889,-1,-0.11,"5,800",2026/09/15
1716,1716,5819,カナレ電気(株),東証STD,"1,738",-2,-0.11,"2,300",2026/09/15
1717,1717,6332,月島ホールディングス(株),東証PRM,"2,652",-3,-0.11,"143,000",2026/09/15
1718,1718,7313,テイ・エス　テック(株),東証PRM,"1,807",-2,-0.11,"224,300",2026/09/15
1719,1719,7604,(株)梅の花グループ,東証STD,911,-1,-0.11,"2,300",2026/09/15
1720,1720,8194,(株)ライフコーポレーション,東証PRM,"2,712",-3,-0.11,"176,300",2026/09/15
1721,1721,8957,東急リアル・エステート投資法人,東証,"184,800",-200,-0.11,"2,201",2026/09/15
1722,1722,9432,ＮＴＴ(株),東証PRM,178.1,-0.2,-0.11,"159,657,500",2026/09/15
1723,1723,9959,アシードホールディングス(株),東証STD,939,-1,-0.11,"7,700",2026/09/15
1724,1724,1579,日経平均ブル2倍上場投信,東証ETF,688.7,-0.7,-0.1,"13,946,960",2026/09/15
1725,1725,1660,MAXIS高利回りJリート上場投信,東証ETF,"10,340",-10,-0.1,"3,087",2026/09/15
1726,1726,1771,日本乾溜工業(株),福証,972,-1,-0.1,700,2026/09/15
1727,1727,2883,(株)大冷,東証STD,"2,044",-2,-0.1,"2,500",2026/09/15
1728,1728,2979,SOSiLA物流リート投資法人,東証,"99,600",-100,-0.1,"2,699",2026/09/15
1729,1729,4559,ゼリア新薬工業(株),東証PRM,"2,014",-2,-0.1,"121,900",2026/09/15
1730,1730,497A,インバウンド消費関連 日本株(ネットリターン)ETN,東証ETF,"10,440",-10,-0.1,450,2026/09/15
1731,1731,5185,(株)フコク,東証PRM,"1,966",-2,-0.1,"27,600",2026/09/15
1732,1732,5911,(株)横河ブリッジホールディングス,東証PRM,"2,966",-3,-0.1,"58,900",2026/09/15
1733,1733,5946,(株)長府製作所,東証PRM,"2,001",-2,-0.1,"39,400",2026/09/15
1734,1734,6436,アマノ(株),東証PRM,"3,902",-4,-0.1,"164,400",2026/09/15
1735,1735,7871,フクビ化学工業(株),東証STD,999,-1,-0.1,"1,000",2026/09/15
1736,1736,8273,(株)イズミ,東証PRM,990,-1,-0.1,"265,200",2026/09/15
1737,1737,8421,信金中央金庫,東証,"191,700",-200,-0.1,135,2026/09/15
1738,1738,9979,(株)大庄,東証STD,"1,047",-1,-0.1,"34,300",2026/09/15
1739,1739,1870,矢作建設工業(株),東証PRM,"2,132",-2,-0.09,"153,800",2026/09/15
1740,1740,366A,ウェルネス・コミュニケーションズ(株),東証GRT,"1,143",-1,-0.09,"6,300",2026/09/15
1741,1741,4335,ＩＰＳホールディングス(株),東証STD,"1,085",-1,-0.09,"1,200",2026/09/15
1742,1742,4498,サイバートラスト(株),東証GRT,"1,163",-1,-0.09,"98,200",2026/09/15
1743,1743,5039,(株)キットアライブ,札幌ア,"1,070",-1,-0.09,600,2026/09/15
1744,1744,5706,三井金属(株),東証PRM,"22,805",-20,-0.09,"1,116,200",2026/09/15
1745,1745,7202,いすゞ自動車(株),東証PRM,"2,193",-2,-0.09,"1,470,300",2026/09/15
1746,1746,8700,丸八証券(株),東証STD,"2,109",-2,-0.09,"1,000",2026/09/15
1747,1747,8958,グローバル・ワン不動産投資法人,東証,"111,600",-100,-0.09,"5,252",2026/09/15
1748,1748,9993,(株)ヤマザワ,東証STD,"1,152",-1,-0.09,"4,900",2026/09/15
1749,1749,1343,(NEXT FUNDS)東証REIT指数連動型上場投信,東証ETF,"1,895",-1.5,-0.08,"836,820",2026/09/15
1750,1750,1972,三晃金属工業(株),東証STD,"1,309",-1,-0.08,"18,400",2026/09/15
1751,1751,2678,アスクル(株),東証PRM,"1,228",-1,-0.08,"671,700",2026/09/15
1752,1752,2837,GX 中小型リーダーズ-日本株式,東証ETF,"4,813",-4,-0.08,"4,780",2026/09/15
1753,1753,2864,GX ロジスティクス・REIT,東証ETF,"1,278",-1,-0.08,79,2026/09/15
1754,1754,3183,ウイン・パートナーズ(株),東証PRM,"1,264",-1,-0.08,"10,300",2026/09/15
1755,1755,3437,特殊電極(株),東証STD,"2,631",-2,-0.08,200,2026/09/15
1756,1756,3454,ファーストブラザーズ(株),東証STD,"1,257",-1,-0.08,400,2026/09/15
1757,1757,3981,(株)ビーグリー,東証STD,"1,220",-1,-0.08,"2,300",2026/09/15
1758,1758,4097,高圧ガス工業(株),東証PRM,"1,194",-1,-0.08,"43,700",2026/09/15
1759,1759,4434,(株)サーバーワークス,東証STD,"2,413",-2,-0.08,"19,000",2026/09/15
1760,1760,5279,日本興業(株),東証STD,"1,199",-1,-0.08,700,2026/09/15
1761,1761,6797,名古屋電機工業(株),東証STD,"1,207",-1,-0.08,"4,800",2026/09/15
1762,1762,6817,スミダコーポレーション(株),東証PRM,"1,196",-1,-0.08,"83,100",2026/09/15
1763,1763,8609,(株)岡三証券グループ,東証PRM,"1,224",-1,-0.08,"375,000",2026/09/15
1764,1764,9434,ソフトバンク(株),東証PRM,250.6,-0.2,-0.08,"85,339,900",2026/09/15
1765,1765,9511,沖縄電力(株),東証PRM,"1,191",-1,-0.08,"189,700",2026/09/15
1766,1766,9628,燦ホールディングス(株),東証PRM,"1,324",-1,-0.08,"62,200",2026/09/15
1767,1767,9698,(株)クレオ,東証STD,"1,300",-1,-0.08,"1,400",2026/09/15
1768,1768,1780,(株)ヤマウラ,東証PRM,"1,486",-1,-0.07,"21,500",2026/09/15
1769,1769,2240,上場インデックスファンドS&P500先物インバース,東証ETF,"5,334",-4,-0.07,20,2026/09/15
1770,1770,2410,(株)キャリアデザインセンター,東証PRM,"2,850",-2,-0.07,"52,600",2026/09/15
1771,1771,4413,(株)ボードルア,東証PRM,"2,966",-2,-0.07,"390,100",2026/09/15
1772,1772,6506,(株)安川電機,東証PRM,"4,296",-3,-0.07,"3,038,200",2026/09/15
1773,1773,8006,ユアサ・フナショク(株),東証STD,"1,490",-1,-0.07,800,2026/09/15
1774,1774,8972,KDX不動産投資法人,東証,"147,000",-100,-0.07,"8,427",2026/09/15
1775,1775,8977,阪急阪神リート投資法人,東証,"134,700",-100,-0.07,"1,186",2026/09/15
1776,1776,8987,ジャパンエクセレント投資法人,東証,"133,500",-100,-0.07,"2,375",2026/09/15
1777,1777,1496,iシェアーズ 米ドル建て投資適格社債ETF(H有),東証ETF,"1,606",-1,-0.06,"31,541",2026/09/15
1778,1778,250A,シマダヤ(株),東証STD,"1,586",-1,-0.06,"19,900",2026/09/15
1779,1779,2627,GX eコマース-日本株式,東証ETF,"1,591",-1,-0.06,3,2026/09/15
1780,1780,4536,参天製薬(株),東証PRM,"1,742",-1,-0.06,"714,900",2026/09/15
1781,1781,530A,NZAM 上場投信 東証REIT指数(2・5・8・11月決算型),東証ETF,"1,781",-1,-0.06,35,2026/09/15
1782,1782,6146,(株)ディスコ,東証PRM,"51,400",-30,-0.06,"992,600",2026/09/15
1783,1783,7276,(株)小糸製作所,東証PRM,"2,602.5",-1.5,-0.06,"521,200",2026/09/15
1784,1784,7502,(株)プラザホールディングス,東証STD,"1,702",-1,-0.06,"1,000",2026/09/15
1785,1785,7679,(株)薬王堂ホールディングス,東証PRM,"1,646",-1,-0.06,"29,300",2026/09/15
1786,1786,8141,新光商事(株),東証PRM,"1,565",-1,-0.06,"16,300",2026/09/15
1787,1787,9037,(株)ハマキョウレックス,東証PRM,"1,816",-1,-0.06,"105,400",2026/09/15
1788,1788,9364,(株)上組,東証PRM,"4,880",-3,-0.06,"240,900",2026/09/15
1789,1789,9767,日建工学(株),東証STD,"1,630",-1,-0.06,300,2026/09/15
1790,1790,1384,(株)ホクリヨウ,東証STD,"2,184",-1,-0.05,"4,400",2026/09/15
1791,1791,1793,(株)大本組,東証STD,"2,090",-1,-0.05,"2,300",2026/09/15
1792,1792,183A,MAXIS 米国国債20年超上場投信(H有),東証ETF,421.1,-0.2,-0.05,"100,430",2026/09/15
1793,1793,2015,iFreeETF 米国国債7-10年(H無),東証ETF,"2,027",-1,-0.05,418,2026/09/15
1794,1794,3945,スーパーバッグ(株),東証STD,"2,159",-1,-0.05,"1,500",2026/09/15
1795,1795,541A,One ETF TOPIX高配当株グロース指数,東証ETF,"1,104",-0.5,-0.05,360,2026/09/15
1796,1796,8008,４℃ホールディングス,東証PRM,"2,099",-1,-0.05,"57,700",2026/09/15
1797,1797,9996,(株)サトー商会,東証STD,"2,039",-1,-0.05,600,2026/09/15
1798,1798,1414,ショーボンドホールディングス(株),東証PRM,"1,264",-0.5,-0.04,"753,400",2026/09/15
1799,1799,1566,上場インデックスファンド新興国債券,東証ETF,"51,640",-20,-0.04,218,2026/09/15
1800,1800,2209,井村屋グループ(株),東証PRM,"2,365",-1,-0.04,"18,900",2026/09/15
1801,1801,2512,(NEXT FUNDS)外国債券・FTSE世界国債(除く日本・H有),東証ETF,709.8,-0.3,-0.04,"6,060",2026/09/15
1802,1802,2636,GX MSCIガバナンス・クオリティ-日本株式,東証ETF,"4,790",-2,-0.04,72,2026/09/15
1803,1803,3287,星野リゾート・リート投資法人,東証,"236,600",-100,-0.04,"1,340",2026/09/15
1804,1804,453A,iシェアーズ 米国債20年超プレミアムインカム,東証ETF,723.2,-0.3,-0.04,"48,840",2026/09/15
1805,1805,5013,(株)ユシロ,東証STD,"2,836",-1,-0.04,"32,100",2026/09/15
1806,1806,5915,(株)駒井ハルテック,東証STD,"2,413",-1,-0.04,"2,400",2026/09/15
1807,1807,7279,(株)ハイレックスコーポレーション,東証STD,"2,488",-1,-0.04,"71,000",2026/09/15
1808,1808,8928,穴吹興産(株),東証STD,"2,292",-1,-0.04,"2,300",2026/09/15
1809,1809,9010,富士急行(株),東証PRM,"2,599",-1,-0.04,"181,000",2026/09/15
1810,1810,9322,川西倉庫(株),東証STD,"2,459",-1,-0.04,"6,900",2026/09/15
1811,1811,9733,(株)ナガセ,東証STD,"2,308",-1,-0.04,"7,600",2026/09/15
1812,1812,1321,(NEXT FUNDS)日経225連動型上場投信,東証ETF,"65,840",-20,-0.03,"204,223",2026/09/15
1813,1813,2083,(NEXT FUNDS) 日本成長株アクティブ,東証ETF,"3,910",-1,-0.03,"4,629",2026/09/15
1814,1814,2229,カルビー(株),東証PRM,"3,030",-1,-0.03,"240,300",2026/09/15
1815,1815,2245,(NEXT FUNDS) ブルームバーグ 独国債(7-10年)(H有),東証ETF,683.8,-0.2,-0.03,"182,180",2026/09/15
1816,1816,3038,(株)神戸物産,東証PRM,"3,166",-1,-0.03,"2,619,500",2026/09/15
1817,1817,4208,ＵＢＥ(株),東証PRM,"3,408",-1,-0.03,"544,400",2026/09/15
1818,1818,451A,ステート・ストリート・スパイダー S&P500 高配当株ETF,東証ETF,286.4,-0.1,-0.03,"24,310",2026/09/15
1819,1819,4755,楽天グループ(株),東証PRM,733.6,-0.2,-0.03,"10,169,400",2026/09/15
1820,1820,6902,(株)デンソー,東証PRM,"1,910.5",-0.5,-0.03,"5,685,400",2026/09/15
1821,1821,2241,MAXIS NYダウ上場投信,東証ETF,900.8,-0.2,-0.02,"1,570",2026/09/15
1822,1822,412A,(NEXT FUNDS) 台湾イノベイティブ・テクノロジー50,東証ETF,"4,259",-1,-0.02,"1,537",2026/09/15
1823,1823,5901,東洋製罐グループホールディングス(株),東証PRM,"4,515",-1,-0.02,"327,400",2026/09/15
1824,1824,635A,SMBC Prime 日本短期債券ETF(毎月決算型),東証ETF,901.8,-0.2,-0.02,830,2026/09/15
1825,1825,9706,日本空港ビルデング(株),東証PRM,"5,475",-1,-0.02,"556,100",2026/09/15
1826,1826,2838,MAXIS 米国国債7-10年上場投信(H無),東証ETF,"8,265",-1,-0.01,50,2026/09/15
1827,1827,636A,SMBC Prime 日本短期債券ETF(年1回決算型),東証ETF,901.9,-0.1,-0.01,"8,330",2026/09/15
