順位(全市場),順位,コード,銘柄名,市場,現在値,前日比,騰落率(%),出来高,時刻
1,1,3856,Ａｂａｌａｎｃｅ(株),東証STD,319,-80,-20.05,"19,700",2026/08/26
2,2,3189,(株)ＡＮＡＰホールディングス,東証STD,122,-28,-18.67,"2,192,000",2026/08/26
3,3,4833,(株)Ｄｅｆ　ｃｏｎｓｕｌｔｉｎｇ,東証GRT,58,-12,-17.14,"5,840,000",2026/08/26
4,4,7138,(株)ＴＯＲＩＣＯ,東証GRT,170,-29,-14.57,"2,280,300",2026/08/26
5,5,462A,(株)ＦＵＮＤＩＮＮＯ,東証GRT,297,-42,-12.39,"2,288,500",2026/08/26
6,6,6276,シリウスビジョン(株),東証STD,340,-42,-10.99,"258,900",2026/08/26
7,7,6570,(株)共和コーポレーション,東証STD,"3,770",-460,-10.87,"161,900",2026/08/26
8,8,2656,(株)ベクターホールディングス,東証STD,177,-21,-10.61,"638,900",2026/08/26
9,9,3664,(株)ＷＩＺＥ,東証GRT,27,-3,-10.0,"24,166,200",2026/08/26
10,10,523A,(株)セイワホールディングス,東証GRT,"1,568",-168,-9.68,"228,300",2026/08/26
11,11,319A,(株)技術承継機構,東証GRT,"19,030","-2,000",-9.51,"57,300",2026/08/26
12,12,3442,(株)ＭＩＥコーポレーション,名証MN,"1,808",-181,-9.1,"1,000",2026/08/26
13,13,9959,アシードホールディングス(株),東証STD,995,-96,-8.8,"79,000",2026/08/26
14,14,9444,(株)トーシンホールディングス,東証STD,292,-28,-8.75,"56,800",2026/08/26
15,15,485A,(株)パワーエックス,東証GRT,"1,790",-157,-8.06,"4,703,900",2026/08/26
16,16,9170,成友興業(株),名証MN,"1,508",-129,-7.88,"18,400",2026/08/26
17,17,6227,ＡＩメカテック(株),東証STD,"6,210",-530,-7.86,"1,086,900",2026/08/26
18,18,6647,森尾電機(株),東証STD,"3,400",-275,-7.48,"3,000",2026/08/26
19,19,196A,(株)ＭＦＳ,東証GRT,341,-27,-7.34,"314,600",2026/08/26
20,20,5726,(株)大阪チタニウムテクノロジーズ,東証PRM,"2,643",-208,-7.3,"1,785,500",2026/08/26
21,21,5985,サンコール(株),東証STD,"2,225",-175,-7.29,"1,527,400",2026/08/26
22,22,2338,クオンタムソリューションズ(株),東証STD,117,-9,-7.14,"297,200",2026/08/26
23,23,4937,(株)Ｗａｑｏｏ,東証GRT,"2,254",-167,-6.9,"15,600",2026/08/26
24,24,3667,(株)ｅｎｉｓｈ,東証STD,28,-2,-6.67,"740,000",2026/08/26
25,25,9399,ビート・ホールディングス・リミテッド,東証STD外国,14,-1,-6.67,"3,001,565",2026/08/26
26,26,5721,エスクリプトエナジー(株),東証STD,58,-4,-6.45,"1,241,300",2026/08/26
27,27,2038,NEXT NOTES ドバイ原油先物 ダブル・ブル ETN,東証ETF,"2,140",-145,-6.35,"117,839",2026/08/26
28,28,9115,明海グループ(株),東証STD,"1,122",-75,-6.27,"170,000",2026/08/26
29,29,3350,(株)メタプラネット,東証STD,310,-20,-6.06,"47,399,700",2026/08/26
30,30,8995,(株)誠建設工業,東証STD,"1,440",-92,-6.01,"146,900",2026/08/26
31,31,6574,(株)コンヴァノ,東証GRT,112,-7,-5.88,"1,371,500",2026/08/26
32,32,9610,ウィルソン・ラーニング　ワールドワイド(株),東証STD,112,-7,-5.88,"761,800",2026/08/26
33,33,504A,イノバセル(株),東証GRT,545,-34,-5.87,"194,700",2026/08/26
34,34,3825,(株)リミックスポイント,東証STD,226,-14,-5.83,"1,852,500",2026/08/26
35,35,3103,ユニチカ(株),東証STD,"1,455",-88,-5.7,"10,545,500",2026/08/26
36,36,6834,(株)精工技研,東証STD,"25,330","-1,510",-5.63,"312,500",2026/08/26
37,37,8938,グローム・ホールディングス(株),東証GRT,323,-19,-5.56,"14,500",2026/08/26
38,38,475A,(株)ギミック,東証STD,659,-38,-5.45,"52,700",2026/08/26
39,39,3905,データセクション(株),東証GRT,"1,527",-87,-5.39,"4,011,200",2026/08/26
40,40,4381,ビープラッツ(株),東証GRT,293,-16,-5.18,"266,400",2026/08/26
41,41,323A,(株)フライヤー,東証GRT,384,-20,-4.95,"75,800",2026/08/26
42,42,6330,東洋エンジニアリング(株),東証PRM,"2,504",-126,-4.79,"10,390,000",2026/08/26
43,43,3131,シンデン・ハイテックス(株),東証STD,"5,910",-290,-4.68,"40,200",2026/08/26
44,44,4493,(株)サイバーセキュリティクラウド,東証GRT,"1,821",-89,-4.66,"175,400",2026/08/26
45,45,6217,津田駒工業(株),東証STD,818,-40,-4.66,"68,800",2026/08/26
46,46,9236,ジャパンＭ＆Ａソリューション(株),東証GRT,"1,233",-60,-4.64,100,2026/08/26
47,47,2820,(株)やまみ,東証STD,"5,990",-290,-4.62,"23,000",2026/08/26
48,48,593A,(株)ティアフォー,東証GRT,"1,328",-63,-4.53,"20,244,400",2026/08/26
49,49,3747,(株)インタートレード,東証STD,449,-21,-4.47,"65,900",2026/08/26
50,50,2923,サトウ食品(株),東証STD,"7,930",-370,-4.46,"8,900",2026/08/26
51,51,6777,ｓａｎｔｅｃ　Ｈｏｌｄｉｎｇｓ(株),東証STD,"18,680",-870,-4.45,"90,500",2026/08/26
52,52,6794,フォスター電機(株),東証PRM,"2,950",-135,-4.38,"256,500",2026/08/26
53,53,6840,(株)ＡＫＩＢＡホールディングス,東証STD,749,-34,-4.34,"331,200",2026/08/26
54,54,7318,セレンディップ・ホールディングス(株),東証GRT,"1,433",-65,-4.34,"194,700",2026/08/26
55,55,130A,(株)Ｖｅｒｉｔａｓ　Ｉｎ　Ｓｉｌｉｃｏ,東証GRT,430,-19,-4.23,"25,900",2026/08/26
56,56,5842,インテグラル(株),東証GRT,"2,987",-128,-4.11,"163,300",2026/08/26
57,57,6387,サムコ(株),東証PRM,"8,530",-350,-3.94,"101,400",2026/08/26
58,58,6736,サン電子(株),東証STD,"8,080",-330,-3.92,"33,800",2026/08/26
59,59,3436,(株)ＳＵＭＣＯ,東証PRM,"3,405",-138,-3.9,"10,856,300",2026/08/26
60,60,7018,内海造船(株),東証STD,"12,010",-470,-3.77,"21,500",2026/08/26
61,61,137A,Ｃｏｃｏｌｉｖｅ(株),東証GRT,692,-27,-3.76,"7,800",2026/08/26
62,62,1671,WTI原油価格連動型上場投信,東証ETF,"5,153",-200,-3.74,"169,641",2026/08/26
63,63,3976,(株)シャノン,東証GRT,645,-25,-3.73,"38,000",2026/08/26
64,64,3624,アクセルマーク(株),東証GRT,79,-3,-3.66,"436,600",2026/08/26
65,65,7352,(株)ＴＷＯＳＴＯＮＥ＆Ｓｏｎｓ,東証GRT,347,-13,-3.61,"99,800",2026/08/26
66,66,3513,イチカワ(株),東証STD,"3,220",-120,-3.59,"5,400",2026/08/26
67,67,1892,徳倉建設(株),名証MN,"7,810",-290,-3.58,100,2026/08/26
68,68,8836,(株)ＲＩＳＥ,東証STD,27,-1,-3.57,"217,900",2026/08/26
69,69,4776,サイボウズ(株),東証PRM,"2,913",-107,-3.54,"363,600",2026/08/26
70,70,520A,ジェイファーマ(株),東証GRT,274,-10,-3.52,"34,400",2026/08/26
71,71,4889,(株)レナサイエンス,東証GRT,"1,309",-47,-3.47,"469,700",2026/08/26
72,72,6855,日本電子材料(株),東証STD,"6,390",-230,-3.47,"394,900",2026/08/26
73,73,7886,ヤマト　モビリティ　＆　Ｍｆｇ．(株),東証STD,675,-24,-3.43,"3,000",2026/08/26
74,74,6862,ミナトホールディングス(株),東証STD,"3,425",-120,-3.39,"184,100",2026/08/26
75,75,7936,(株)アシックス,東証PRM,"4,536",-159,-3.39,"6,962,500",2026/08/26
76,76,1699,(NEXT FUNDS)NOMURA原油インデックス上場,東証ETF,620,-21.6,-3.37,"160,730",2026/08/26
77,77,6266,タツモ(株),東証PRM,"3,445",-120,-3.37,"219,200",2026/08/26
78,78,1691,WisdomTree ガソリン上場投信,東証ETF,"14,100",-490,-3.36,1,2026/08/26
79,79,9107,川崎汽船(株),東証PRM,"3,306",-115,-3.36,"6,430,900",2026/08/26
80,80,6327,北川精機(株),東証STD,"3,200",-110,-3.32,"193,400",2026/08/26
81,81,6336,(株)石井表記,東証STD,"1,640",-56,-3.3,"34,600",2026/08/26
82,82,9241,(株)フューチャーリンクネットワーク,東証GRT,"1,350",-46,-3.3,"6,100",2026/08/26
83,83,3691,(株)デジタルプラス,東証GRT,"1,912",-64,-3.24,"21,300",2026/08/26
84,84,6613,(株)ＱＤレーザ,東証GRT,"2,373",-79,-3.22,"2,870,700",2026/08/26
85,85,2152,幼児活動研究会(株),東証STD,"1,536",-51,-3.21,600,2026/08/26
86,86,7906,ヨネックス(株),東証STD,"2,772",-92,-3.21,"406,100",2026/08/26
87,87,7356,Ｒｅｔｔｙ(株),東証GRT,121,-4,-3.2,"442,700",2026/08/26
88,88,9130,共栄タンカー(株),東証STD,"1,605",-53,-3.2,"73,200",2026/08/26
89,89,3810,サイバーステップホールディングス(株),東証STD,214,-7,-3.17,"1,195,800",2026/08/26
90,90,3977,フュージョン(株),札幌ア,520,-17,-3.17,700,2026/08/26
91,91,6590,芝浦メカトロニクス(株),東証PRM,"3,965",-130,-3.17,"1,464,800",2026/08/26
92,92,6090,ヒューマン・メタボローム・テクノロジーズ(株),東証STD,625,-20,-3.1,"10,900",2026/08/26
93,93,6337,(株)テセック,東証STD,"3,175",-100,-3.05,"38,800",2026/08/26
94,94,7071,(株)アンビスホールディングス,東証PRM,413,-13,-3.05,"341,600",2026/08/26
95,95,590A,ギフティグループ(株),東証PRM,"1,279",-40,-3.03,"246,500",2026/08/26
96,96,6402,兼松エンジニアリング(株),東証STD,"1,598",-50,-3.03,"13,500",2026/08/26
97,97,3512,日本フエルト(株),東証STD,"1,042",-32,-2.98,"8,300",2026/08/26
98,98,5998,(株)アドバネクス,東証STD,"2,699",-83,-2.98,"16,500",2026/08/26
99,99,4771,(株)エフアンドエム,東証STD,"2,683",-82,-2.97,"10,100",2026/08/26
100,100,3556,リネットジャパングループ(株),東証GRT,854,-26,-2.95,"95,200",2026/08/26
101,101,6490,(株)ＰＩＬＬＡＲ,東証PRM,"10,000",-300,-2.91,"103,100",2026/08/26
102,102,6597,ＨＰＣシステムズ(株),東証GRT,"3,335",-100,-2.91,"36,800",2026/08/26
103,103,3034,クオールホールディングス(株),東証PRM,"2,544",-76,-2.9,"142,500",2026/08/26
104,104,554A,(株)バトンズ,東証GRT,"1,551",-46,-2.88,"5,200",2026/08/26
105,105,4598,Ｄｅｌｔａ－Ｆｌｙ　Ｐｈａｒｍａ(株),東証GRT,103,-3,-2.83,"92,900",2026/08/26
106,106,4819,(株)デジタルガレージ,東証PRM,"2,242",-65,-2.82,"167,800",2026/08/26
107,107,558A,(株)ＳＱＵＥＥＺＥ,東証GRT,"5,520",-160,-2.82,"13,400",2026/08/26
108,108,6226,守谷輸送機工業(株),東証STD,"2,217",-64,-2.81,"192,600",2026/08/26
109,109,2585,(株)ライフドリンクカンパニー,東証PRM,"1,604",-46,-2.79,"533,800",2026/08/26
110,110,335A,(株)ミライロ,東証GRT,349,-10,-2.79,"29,900",2026/08/26
111,111,6568,神戸天然物化学(株),東証GRT,"1,232",-35,-2.76,"8,400",2026/08/26
112,112,544A,ＧＭＳグループ(株),東証PRM,353,-10,-2.75,"464,700",2026/08/26
113,113,7320,Ｓｏｌｖｖｙ(株),東証GRT,"1,414",-40,-2.75,"59,700",2026/08/26
114,114,1662,石油資源開発(株),東証PRM,"1,818",-51,-2.73,"1,440,700",2026/08/26
115,115,7777,(株)スリー・ディー・マトリックス,東証GRT,356,-10,-2.73,"1,158,700",2026/08/26
116,116,3055,(株)ほくやく・竹山ホールディングス,札証,932,-26,-2.71,"2,200",2026/08/26
117,117,6616,トレックス・セミコンダクター(株),東証PRM,"1,954",-54,-2.69,"97,500",2026/08/26
118,118,3046,(株)ジンズホールディングス,東証PRM,"6,180",-170,-2.68,"396,500",2026/08/26
119,119,2726,(株)パルグループホールディングス,東証PRM,"1,508",-41,-2.65,"620,300",2026/08/26
120,120,219A,Ｈｅａｒｔｓｅｅｄ(株),東証GRT,"2,322",-63,-2.64,"387,000",2026/08/26
121,121,4071,(株)プラスアルファ・コンサルティング,東証PRM,"2,194",-59,-2.62,"225,700",2026/08/26
122,122,6533,(株)Ｏｒｃｈｅｓｔｒａ　Ｈｏｌｄｉｎｇｓ,東証PRM,"1,194",-32,-2.61,"58,200",2026/08/26
123,123,6548,(株)旅工房,東証GRT,113,-3,-2.59,"68,700",2026/08/26
124,124,2814,佐藤食品工業(株),東証STD,"3,605",-95,-2.57,"2,900",2026/08/26
125,125,3417,大木ヘルスケアホールディングス(株),東証STD,"1,025",-27,-2.57,"21,700",2026/08/26
126,126,5870,(株)ナルネットコミュニケーションズ,東証GRT,912,-24,-2.56,"10,200",2026/08/26
127,127,6745,ホーチキ(株),東証PRM,"1,982",-52,-2.56,"144,200",2026/08/26
128,128,9257,ＹＣＰホールディングス（グローバル）,東証GRT外国,533,-14,-2.56,400,2026/08/26
129,129,429A,テクセンドフォトマスク(株),東証PRM,"3,645",-95,-2.54,"551,400",2026/08/26
130,130,6961,(株)エンプラス,東証PRM,"10,030",-260,-2.53,"116,500",2026/08/26
131,131,456A,ＨＵＭＡＮ　ＭＡＤＥ(株),東証GRT,"1,678",-43,-2.5,"380,800",2026/08/26
132,132,4825,(株)ウェザーニューズ,東証PRM,"2,069",-53,-2.5,"289,900",2026/08/26
133,133,8132,シナネンホールディングス(株),東証PRM,"7,810",-200,-2.5,"15,100",2026/08/26
134,134,7747,朝日インテック(株),東証PRM,"3,924",-100,-2.49,"899,500",2026/08/26
135,135,9101,日本郵船(株),東証PRM,"6,964",-177,-2.48,"4,130,900",2026/08/26
136,136,285A,キオクシアホールディングス(株),東証PRM,"50,000","-1,260",-2.46,"23,640,300",2026/08/26
137,137,6648,(株)かわでん,東証STD,"1,703",-43,-2.46,"35,000",2026/08/26
138,138,5621,(株)ヒューマンテクノロジーズ,東証GRT,"1,602",-40,-2.44,"9,100",2026/08/26
139,139,280A,(株)ＴＭＨ,東証GRT,"1,086",-27,-2.43,"35,900",2026/08/26
140,140,8508,Ｊトラスト(株),東証STD,804,-20,-2.43,"1,903,100",2026/08/26
141,141,3913,ＧｒｅｅｎＢｅｅ(株),東証STD,"1,136",-28,-2.41,"11,700",2026/08/26
142,142,5979,カネソウ(株),名証MN,"5,290",-130,-2.4,400,2026/08/26
143,143,4572,カルナバイオサイエンス(株),東証GRT,409,-10,-2.39,"75,400",2026/08/26
144,144,5801,古河電気工業(株),東証PRM,"3,905",-95,-2.38,"25,680,100",2026/08/26
145,145,6871,(株)日本マイクロニクス,東証PRM,"13,540",-330,-2.38,"954,800",2026/08/26
146,146,7217,(株)テイン,東証STD,452,-11,-2.38,"5,000",2026/08/26
147,147,1514,住石ホールディングス(株),東証STD,699,-17,-2.37,"567,500",2026/08/26
148,148,3110,日東紡,東証PRM,"2,901",-70,-2.36,"5,910,000",2026/08/26
149,149,4396,(株)システムサポートホールディングス,東証PRM,"1,336",-32,-2.34,"69,300",2026/08/26
150,150,7674,(株)ＮＡＴＴＹ　ＳＷＡＮＫＹホールディングス,東証GRT,"2,626",-63,-2.34,"2,800",2026/08/26
151,151,8848,(株)レオパレス２１,東証PRM,628,-15,-2.33,"1,444,400",2026/08/26
152,152,4443,Ｓａｎｓａｎ(株),東証PRM,"2,103",-50,-2.32,"1,289,000",2026/08/26
153,153,479A,ＰＲＯＮＩ(株),東証GRT,"1,898",-44,-2.27,"45,400",2026/08/26
154,154,6433,ヒーハイスト(株),東証STD,"1,034",-24,-2.27,"82,900",2026/08/26
155,155,6750,エレコム(株),東証PRM,"1,940",-45,-2.27,"172,600",2026/08/26
156,156,6976,太陽誘電(株),東証PRM,"9,060",-210,-2.27,"27,642,400",2026/08/26
157,157,7603,ジーイエット(株),東証STD,43,-1,-2.27,"1,452,100",2026/08/26
158,158,8139,(株)ナガホリ,東証STD,"2,236",-52,-2.27,"34,100",2026/08/26
159,159,7376,ＢＣＣ(株),東証GRT,780,-18,-2.26,"73,600",2026/08/26
160,160,7990,グローブライド(株),東証PRM,"2,466",-57,-2.26,"100,200",2026/08/26
161,161,3180,(株)ビューティガレージ,東証PRM,"1,541",-35,-2.22,"14,300",2026/08/26
162,162,6635,(株)大日光・エンジニアリング,東証STD,660,-15,-2.22,"18,400",2026/08/26
163,163,9930,北沢産業(株),東証STD,396,-9,-2.22,"7,100",2026/08/26
164,164,9978,(株)文教堂グループホールディングス,東証STD,44,-1,-2.22,"152,500",2026/08/26
165,165,3661,(株)エムアップホールディングス,東証PRM,845,-19,-2.2,"496,600",2026/08/26
166,166,7030,(株)スプリックス,東証STD,976,-22,-2.2,"33,600",2026/08/26
167,167,2437,Ｓｈｉｎｗａ　Ｗｉｓｅ　Ｈｏｌｄｉｎｇｓ(株),東証STD,626,-14,-2.19,"187,500",2026/08/26
168,168,603A,(株)アイ・グリッド・ソリューションズ,東証GRT,850,-19,-2.19,"478,900",2026/08/26
169,169,7446,東北化学薬品(株),東証STD,"4,460",-100,-2.19,"2,300",2026/08/26
170,170,3187,(株)ミラタップ,東証GRT,359,-8,-2.18,"25,300",2026/08/26
171,171,7373,(株)アイドマ・ホールディングス,東証GRT,945,-21,-2.17,"95,900",2026/08/26
172,172,8105,Ｂｉｔｃｏｉｎ　Ｊａｐａｎ(株),東証STD,90,-2,-2.17,"1,084,700",2026/08/26
173,173,9412,スカパーＪＳＡＴ(株),東証PRM,"2,161",-48,-2.17,"1,836,300",2026/08/26
174,174,4100,戸田工業(株),東証STD,"1,546",-34,-2.15,"30,600",2026/08/26
175,175,6029,アトラグループ(株),東証STD,182,-4,-2.15,"45,200",2026/08/26
176,176,7013,(株)ＩＨＩ,東証PRM,"2,638",-58,-2.15,"12,447,600",2026/08/26
177,177,6740,(株)ジャパンディスプレイ,東証PRM,46,-1,-2.13,"3,951,700",2026/08/26
178,178,4025,多木化学(株),東証PRM,"6,010",-130,-2.12,"18,100",2026/08/26
179,179,5020,ＥＮＥＯＳホールディングス(株),東証PRM,"1,313",-28.5,-2.12,"7,649,600",2026/08/26
180,180,2108,日本甜菜製糖(株),東証PRM,"5,640",-120,-2.08,"31,200",2026/08/26
181,181,3409,(株)北紡,東証STD,94,-2,-2.08,"42,900",2026/08/26
182,182,4375,セーフィー(株),東証GRT,666,-14,-2.06,"101,800",2026/08/26
183,183,2036,NEXT NOTES 金先物 ダブル・ブル ETN,東証ETF,"184,200","-3,850",-2.05,"6,838",2026/08/26
184,184,277A,グロービング(株),東証PRM,"1,816",-38,-2.05,"136,800",2026/08/26
185,185,2871,(株)ニチレイ,東証PRM,"2,129.5",-44.5,-2.05,"1,588,500",2026/08/26
186,186,296A,令和アカウンティング・ホールディングス(株),東証GRT,"1,101",-23,-2.05,"92,800",2026/08/26
187,187,5142,アキレス(株),東証PRM,"1,957",-41,-2.05,"83,000",2026/08/26
188,188,1573,中国H株ベア上場投信,東証ETF,"8,150",-170,-2.04,320,2026/08/26
189,189,1783,(株)ｆａｎｔａｓｉｓｔａ,東証STD,48,-1,-2.04,"360,200",2026/08/26
190,190,4265,Ｉｎｓｔｉｔｕｔｉｏｎ　ｆｏｒ　ａ　Ｇｌｏｂａｌ　Ｓｏｃｉｅ(株),東証GRT,288,-6,-2.04,"24,600",2026/08/26
191,191,6659,(株)メディアリンクス,東証STD,48,-1,-2.04,"2,621,900",2026/08/26
192,192,6786,(株)ＲＶＨ,東証STD,48,-1,-2.04,"17,400",2026/08/26
193,193,6629,テクノホライゾン(株),東証STD,963,-20,-2.03,"101,400",2026/08/26
194,194,4769,(株)ＩＣ,東証STD,"1,113",-23,-2.02,"2,200",2026/08/26
195,195,6235,(株)オプトラン,東証PRM,"2,669",-55,-2.02,"327,500",2026/08/26
196,196,6258,平田機工(株),東証PRM,"3,390",-70,-2.02,"172,400",2026/08/26
197,197,7952,(株)河合楽器製作所,東証PRM,"3,390",-70,-2.02,"21,100",2026/08/26
198,198,288A,ラクサス・テクノロジーズ(株),東証GRT,98,-2,-2.0,"201,400",2026/08/26
199,199,489A,東証REIT物流フォーカスETF,東証ETF,880,-18,-2.0,308,2026/08/26
200,200,8746,ｕｎｂａｎｋｅｄ(株),東証STD,98,-2,-2.0,"47,600",2026/08/26
201,201,396A,業界改革厳選ETF REITイベント・ドリブン,東証ETF,492,-10,-1.99,10,2026/08/26
202,202,4222,児玉化学工業(株),東証STD,690,-14,-1.99,"362,500",2026/08/26
203,203,3776,(株)ブロードバンドタワー,東証STD,249,-5,-1.97,"118,400",2026/08/26
204,204,7042,(株)アクセスグループ・ホールディングス,東証STD,695,-14,-1.97,"6,100",2026/08/26
205,205,4592,サンバイオ(株),東証GRT,998,-20,-1.96,"727,400",2026/08/26
206,206,4616,川上塗料(株),東証STD,"2,101",-42,-1.96,"1,800",2026/08/26
207,207,8118,(株)キング,東証STD,"1,200",-24,-1.96,"2,500",2026/08/26
208,208,9119,飯野海運(株),東証PRM,"1,704",-34,-1.96,"255,400",2026/08/26
209,209,7689,(株)コパ・コーポレーション,東証GRT,301,-6,-1.95,"4,100",2026/08/26
210,210,9082,大和自動車交通(株),東証STD,"1,956",-39,-1.95,"1,600",2026/08/26
211,211,3159,丸善ＣＨＩホールディングス(株),東証STD,404,-8,-1.94,"81,100",2026/08/26
212,212,9104,(株)商船三井,東証PRM,"7,074",-140,-1.94,"3,764,400",2026/08/26
213,213,6496,(株)中北製作所,東証STD,"5,600",-110,-1.93,"3,200",2026/08/26
214,214,3455,ヘルスケア＆メディカル投資法人,東証,"97,600","-1,900",-1.91,"21,637",2026/08/26
215,215,5271,(株)トーヨーアサノ,東証STD,"2,258",-44,-1.91,"2,900",2026/08/26
216,216,3774,(株)インターネットイニシアティブ,東証PRM,"3,314",-64,-1.89,"895,300",2026/08/26
217,217,394A,業界改革厳選ETFテレビ業界,東証ETF,517.9,-10,-1.89,10,2026/08/26
218,218,9267,Ｇｅｎｋｙ　ＤｒｕｇＳｔｏｒｅｓ(株),東証PRM,"3,630",-70,-1.89,"47,600",2026/08/26
219,219,142A,(株)ジンジブ,東証GRT,841,-16,-1.87,"11,900",2026/08/26
220,220,3891,ニッポン高度紙工業(株),東証STD,"6,310",-120,-1.87,"87,400",2026/08/26
221,221,7461,(株)キムラ,東証STD,473,-9,-1.87,"13,100",2026/08/26
222,222,4392,ＦＩＧ(株),東証PRM,"1,001",-19,-1.86,"6,140,000",2026/08/26
223,223,4935,(株)リベルタ,東証STD,212,-4,-1.85,"330,400",2026/08/26
224,224,7527,(株)システムソフト,東証STD,53,-1,-1.85,"519,800",2026/08/26
225,225,3917,(株)アイリッジ,東証GRT,481,-9,-1.84,"9,800",2026/08/26
226,226,7412,(株)アトム,東証STD,376,-7,-1.83,"510,800",2026/08/26
227,227,7878,(株)光・彩,東証STD,"1,499",-28,-1.83,"3,900",2026/08/26
228,228,6469,(株)放電精密加工研究所,東証STD,"2,945",-54,-1.8,"25,500",2026/08/26
229,229,1685,WisdomTree エネルギー上場投信,東証ETF,825,-15,-1.79,30,2026/08/26
230,230,268A,リガク・ホールディングス(株),東証PRM,"1,648",-30,-1.79,"3,108,700",2026/08/26
231,231,3557,ユナイテッド＆コレクティブ(株),東証GRT,548,-10,-1.79,"26,700",2026/08/26
232,232,4258,(株)網屋,東証GRT,"4,120",-75,-1.79,"80,300",2026/08/26
233,233,2173,(株)博展,東証GRT,717,-13,-1.78,"11,100",2026/08/26
234,234,262A,(株)インターメスティック,東証PRM,"1,818",-33,-1.78,"179,000",2026/08/26
235,235,6743,大同信号(株),東証STD,"1,053",-19,-1.77,"7,900",2026/08/26
236,236,7413,(株)創健社,東証STD,"2,615",-47,-1.77,300,2026/08/26
237,237,9562,ビジネスコーチ(株),東証GRT,611,-11,-1.77,"9,000",2026/08/26
238,238,3760,(株)ケイブ,東証STD,724,-13,-1.76,"20,400",2026/08/26
239,239,570A,iシェアーズ 日本国債0-1年,東証ETF,902.2,-16.2,-1.76,130,2026/08/26
240,240,7427,エコートレーディング(株),東証STD,835,-15,-1.76,"89,000",2026/08/26
241,241,7865,ピープル(株),東証STD,337,-6,-1.75,"6,200",2026/08/26
242,242,346A,(NEXT FUNDS) S&P500 半導体・半導体製造装置35%,東証ETF,"4,843",-86,-1.74,"4,014",2026/08/26
243,243,6365,(株)電業社機械製作所,東証STD,"5,670",-100,-1.73,"1,300",2026/08/26
244,244,6579,ログリー(株),東証GRT,341,-6,-1.73,"5,200",2026/08/26
245,245,2158,(株)ＦＲＯＮＴＥＯ,東証GRT,631,-11,-1.71,"183,400",2026/08/26
246,246,9341,(株)ＧＥＮＯＶＡ,東証PRM,631,-11,-1.71,"52,100",2026/08/26
247,247,5138,(株)Ｒｅｂａｓｅ,東証GRT,463,-8,-1.7,"1,200",2026/08/26
248,248,4369,(株)トリケミカル研究所,東証PRM,"3,190",-55,-1.69,"326,900",2026/08/26
249,249,2928,ＲＩＺＡＰグループ(株),札幌ア,176,-3,-1.68,"925,800",2026/08/26
250,250,5126,ポーターズ(株),東証GRT,"1,405",-24,-1.68,700,2026/08/26
251,251,3465,ケイアイスター不動産(株),東証PRM,"3,830",-65,-1.67,"137,600",2026/08/26
252,252,3686,(株)ディー・エル・イー,東証STD,59,-1,-1.67,"107,700",2026/08/26
253,253,4051,ＧＭＯフィナンシャルゲート(株),東証PRM,"6,460",-110,-1.67,"13,700",2026/08/26
254,254,4875,メディシノバ,東証STD外国,236,-4,-1.67,"47,700",2026/08/26
255,255,1435,(株)ｒｏｂｏｔ　ｈｏｍｅ,東証STD,178,-3,-1.66,"353,200",2026/08/26
256,256,2897,日清食品ホールディングス(株),東証PRM,"2,976",-50,-1.65,"2,246,600",2026/08/26
257,257,3719,ＡＩストーム(株),東証STD,119,-2,-1.65,"526,800",2026/08/26
258,258,499A,ラグジュアリー厳選10 欧州株(ネットリターン)ETN,東証ETF,"8,899",-149,-1.65,92,2026/08/26
259,259,5868,(株)ロココ,東証STD,"1,013",-17,-1.65,"3,900",2026/08/26
260,260,2334,(株)イオレ,東証GRT,540,-9,-1.64,"1,074,000",2026/08/26
261,261,6495,(株)宮入バルブ製作所,東証STD,120,-2,-1.64,"292,700",2026/08/26
262,262,7201,日産自動車(株),東証PRM,318.5,-5.3,-1.64,"43,840,300",2026/08/26
263,263,4840,(株)トライアイズ,東証STD,545,-9,-1.62,"43,100",2026/08/26
264,264,9537,北陸ガス(株),東証STD,"4,250",-70,-1.62,"2,800",2026/08/26
265,265,2286,林兼産業(株),東証STD,915,-15,-1.61,"41,600",2026/08/26
266,266,3739,コムシード(株),名証NXT,122,-2,-1.61,"3,400",2026/08/26
267,267,3944,古林紙工(株),東証STD,"3,050",-50,-1.61,"1,800",2026/08/26
268,268,4498,サイバートラスト(株),東証GRT,"1,287",-21,-1.61,"28,600",2026/08/26
269,269,5571,エキサイトホールディングス(株),東証STD,"1,040",-17,-1.61,"5,500",2026/08/26
270,270,5698,(株)エンビプロ・ホールディングス,東証STD,794,-13,-1.61,"179,300",2026/08/26
271,271,6363,(株)酉島製作所,東証PRM,"3,055",-50,-1.61,"88,500",2026/08/26
272,272,8254,(株)さいか屋,東証STD,305,-5,-1.61,"30,000",2026/08/26
273,273,2788,アップルインターナショナル(株),東証STD,430,-7,-1.6,"28,700",2026/08/26
274,274,9996,(株)サトー商会,東証STD,"2,035",-33,-1.6,"2,300",2026/08/26
275,275,3671,ソフトマックス(株),東証STD,309,-5,-1.59,"8,800",2026/08/26
276,276,7362,(株)Ｔ．Ｓ．Ｉ,東証GRT,868,-14,-1.59,"2,700",2026/08/26
277,277,519A,(株)ベーシック,東証GRT,502,-8,-1.57,"9,200",2026/08/26
278,278,6269,三井海洋開発(株),東証PRM,"9,712",-155,-1.57,"518,100",2026/08/26
279,279,6305,日立建機(株),東証PRM,"5,843",-93,-1.57,"1,787,800",2026/08/26
280,280,9647,(株)協和コンサルタンツ,東証STD,"6,900",-110,-1.57,300,2026/08/26
281,281,3441,(株)山王,東証STD,"2,715",-43,-1.56,"19,000",2026/08/26
282,282,3542,(株)ベガコーポレーション,東証GRT,"1,455",-23,-1.56,"9,100",2026/08/26
283,283,4307,(株)野村総合研究所,東証PRM,"5,033",-80,-1.56,"1,704,400",2026/08/26
284,284,472A,(株)ミラティブ,東証GRT,567,-9,-1.56,"261,000",2026/08/26
285,285,6265,コンバム(株),東証STD,"3,155",-50,-1.56,"3,500",2026/08/26
286,286,7220,武蔵精密工業(株),東証PRM,"3,160",-50,-1.56,"665,300",2026/08/26
287,287,4478,フリー(株),東証GRT,"3,815",-60,-1.55,"479,200",2026/08/26
288,288,6869,シスメックス(株),東証PRM,"1,940",-30.5,-1.55,"2,282,000",2026/08/26
289,289,9143,ＳＧホールディングス(株),東証PRM,"1,528.5",-24,-1.55,"2,238,300",2026/08/26
290,290,2924,イフジ産業(株),東証STD,"1,919",-30,-1.54,"1,900",2026/08/26
291,291,299A,クラシル(株),東証GRT,"1,280",-20,-1.54,"93,500",2026/08/26
292,292,3374,内外テック(株),東証STD,"4,165",-65,-1.54,"19,700",2026/08/26
293,293,3841,(株)ジーダット,東証STD,"1,275",-20,-1.54,600,2026/08/26
294,294,6147,(株)ヤマザキ,福証,192,-3,-1.54,100,2026/08/26
295,295,3197,(株)すかいらーくホールディングス,東証PRM,"3,343",-52,-1.53,"879,000",2026/08/26
296,296,4194,ビジョナル(株),東証PRM,"9,234",-143,-1.53,"145,500",2026/08/26
297,297,2315,(株)ＣＡＩＣＡ　ＤＩＧＩＴＡＬ,東証STD,65,-1,-1.52,"3,564,700",2026/08/26
298,298,3697,(株)ＳＨＩＦＴ,東証PRM,928.7,-14.3,-1.52,"2,050,300",2026/08/26
299,299,5019,出光興産(株),東証PRM,"1,357.5",-21,-1.52,"2,868,500",2026/08/26
300,300,5843,ニッポンインシュア(株),東証STD,"2,392",-37,-1.52,"8,800",2026/08/26
301,301,7372,(株)デコルテ・ホールディングス,東証GRT,388,-6,-1.52,"3,300",2026/08/26
302,302,7733,オリンパス(株),東証PRM,"2,133",-33,-1.52,"3,323,200",2026/08/26
303,303,2267,(株)ヤクルト本社,東証PRM,"2,875",-44,-1.51,"1,185,900",2026/08/26
304,304,3931,(株)バリューゴルフ,東証GRT,"1,499",-23,-1.51,"3,600",2026/08/26
305,305,4053,(株)Ｓｕｎ　Ａｓｔｅｒｉｓｋ,東証PRM,459,-7,-1.5,"53,900",2026/08/26
306,306,146A,コロンビア・ワークス(株),東証STD,"3,630",-55,-1.49,"24,800",2026/08/26
307,307,1628,(NEXT FUNDS)運輸･物流上場投信,東証ETF,"22,160",-335,-1.49,702,2026/08/26
308,308,610A,GX 宇宙テック・トップ10(除く日本),東証ETF,"1,058",-16,-1.49,"49,835",2026/08/26
309,309,7309,(株)シマノ,東証PRM,"19,775",-300,-1.49,"238,800",2026/08/26
310,310,9049,京福電気鉄道(株),東証STD,"6,610",-100,-1.49,600,2026/08/26
311,311,7774,(株)ジャパン・ティッシュエンジニアリング,東証GRT,868,-13,-1.48,"77,800",2026/08/26
312,312,195A,(株)ＭＵＳＣＡＴ　ＧＲＯＵＰ,東証GRT,602,-9,-1.47,"37,000",2026/08/26
313,313,2393,(株)日本ケアサプライ,東証STD,"4,350",-65,-1.47,"6,800",2026/08/26
314,314,2802,味の素(株),東証PRM,"5,416",-81,-1.47,"2,121,700",2026/08/26
315,315,7831,(株)ウイルコホールディングス,東証STD,67,-1,-1.47,"35,700",2026/08/26
316,316,2449,(株)プラップジャパン,東証STD,"1,079",-16,-1.46,"28,900",2026/08/26
317,317,6203,豊和工業(株),東証STD,"1,483",-22,-1.46,"93,600",2026/08/26
318,318,6558,クックビズ(株),東証GRT,675,-10,-1.46,600,2026/08/26
319,319,6656,インスペック(株),東証STD,809,-12,-1.46,"33,000",2026/08/26
320,320,466A,GX 防衛テック,東証ETF,"1,088",-16,-1.45,"10,379",2026/08/26
321,321,559A,梅乃宿酒造(株),東証STD,"1,152",-17,-1.45,"8,000",2026/08/26
322,322,8011,(株)三陽商会,東証PRM,"5,440",-80,-1.45,"28,600",2026/08/26
323,323,9069,センコーグループホールディングス(株),東証PRM,"2,245",-33,-1.45,"415,200",2026/08/26
324,324,2978,(株)ツクルバ,東証GRT,343,-5,-1.44,"1,800",2026/08/26
325,325,4023,(株)クレハ,東証PRM,"4,445",-65,-1.44,"222,200",2026/08/26
326,326,7061,日本ホスピスホールディングス(株),東証GRT,478,-7,-1.44,"47,800",2026/08/26
327,327,7477,ムラキ(株),東証STD,"1,577",-23,-1.44,300,2026/08/26
328,328,4380,(株)Ｍマート,東証GRT,690,-10,-1.43,"10,200",2026/08/26
329,329,4896,(株)ケイファーマ,東証GRT,760,-11,-1.43,"9,000",2026/08/26
330,330,3053,(株)ペッパーフードサービス,東証STD,209,-3,-1.42,"153,000",2026/08/26
331,331,3157,ジオリーブグループ(株),東証STD,"1,456",-21,-1.42,"1,600",2026/08/26
332,332,9799,旭情報サービス(株),東証STD,975,-14,-1.42,"4,700",2026/08/26
333,333,1690,WisdomTree WTI原油上場投信,東証ETF,"2,347",-33.5,-1.41,300,2026/08/26
334,334,261A,(株)日水コン,東証STD,"1,960",-28,-1.41,"45,500",2026/08/26
335,335,318A,VIX短期先物指数ETF,東証ETF,371.6,-5.3,-1.41,"970,700",2026/08/26
336,336,3845,(株)アイフリークモバイル,東証STD,280,-4,-1.41,"89,500",2026/08/26
337,337,7711,助川電気工業(株),東証STD,"4,895",-70,-1.41,"36,200",2026/08/26
338,338,9075,福山通運(株),東証PRM,"6,310",-90,-1.41,"55,200",2026/08/26
339,339,1469,JPX日経400ベア2倍上場投信ダブルインバース,東証ETF,183,-2.6,-1.4,"1,890",2026/08/26
340,340,4691,ワシントンホテル(株),東証STD,"2,317",-33,-1.4,"40,100",2026/08/26
341,341,7091,(株)リビングプラットフォーム,東証GRT,"1,271",-18,-1.4,"6,400",2026/08/26
342,342,9843,(株)ニトリホールディングス,東証PRM,"3,030",-43,-1.4,"1,804,700",2026/08/26
343,343,1788,(株)三東工業社,東証STD,"4,250",-60,-1.39,200,2026/08/26
344,344,5838,楽天銀行(株),東証PRM,"6,367",-90,-1.39,"905,100",2026/08/26
345,345,5997,協立エアテック(株),東証STD,920,-13,-1.39,100,2026/08/26
346,346,7012,川崎重工業(株),東証PRM,"2,575",-36,-1.38,"8,655,000",2026/08/26
347,347,192A,インテグループ(株),東証GRT,"1,227",-17,-1.37,400,2026/08/26
348,348,4229,群栄化学工業(株),東証PRM,"4,305",-60,-1.37,"14,900",2026/08/26
349,349,4414,(株)フレクト,東証GRT,"1,149",-16,-1.37,"19,400",2026/08/26
350,350,6036,ＫｅｅＰｅｒ技研(株),東証PRM,"3,240",-45,-1.37,"123,300",2026/08/26
351,351,1736,(株)オーテック,東証STD,"2,395",-33,-1.36,"2,800",2026/08/26
352,352,6577,(株)ベストワンドットコム,東証GRT,"1,963",-27,-1.36,"2,700",2026/08/26
353,353,7870,福島印刷(株),名証MN,363,-5,-1.36,"12,300",2026/08/26
354,354,8012,長瀬産業(株),東証PRM,"1,157.5",-16,-1.36,"915,700",2026/08/26
355,355,9742,(株)アイネス,東証PRM,"2,328",-32,-1.36,"41,400",2026/08/26
356,356,5817,ＪＭＡＣＳ(株),東証STD,"1,022",-14,-1.35,"45,500",2026/08/26
357,357,7707,プレシジョン・システム・サイエンス(株),東証GRT,220,-3,-1.35,"95,200",2026/08/26
358,358,9024,(株)西武ホールディングス,東証PRM,"3,356",-46,-1.35,"1,286,500",2026/08/26
359,359,3858,(株)ユビキタスＡＩ,東証STD,294,-4,-1.34,"24,400",2026/08/26
360,360,4069,(株)ＢｌｕｅＭｅｍｅ,東証GRT,663,-9,-1.34,"5,100",2026/08/26
361,361,5532,(株)リアルゲイト,東証GRT,"3,310",-45,-1.34,"29,100",2026/08/26
362,362,6480,日本トムソン(株),東証PRM,"1,773",-24,-1.34,"681,400",2026/08/26
363,363,9418,(株)Ｕ－ＮＥＸＴ　ＨＯＬＤＩＮＧＳ,東証PRM,"1,765",-24,-1.34,"907,700",2026/08/26
364,364,2424,(株)ブラス,東証STD,594,-8,-1.33,"19,400",2026/08/26
365,365,4234,(株)サンエー化研,東証STD,967,-13,-1.33,"19,500",2026/08/26
366,366,6562,(株)ジーニー,東証GRT,893,-12,-1.33,"39,400",2026/08/26
367,367,7850,総合商研(株),東証STD,814,-11,-1.33,"6,800",2026/08/26
368,368,2607,不二製油(株),東証PRM,"4,562",-61,-1.32,"185,600",2026/08/26
369,369,5341,ＡＳＡＨＩ　ＥＩＴＯホールディングス(株),東証STD,150,-2,-1.32,"26,100",2026/08/26
370,370,8252,(株)丸井グループ,東証PRM,"2,982",-40,-1.32,"1,141,100",2026/08/26
371,371,9791,(株)ビケンテクノ,東証STD,"1,193",-16,-1.32,"3,000",2026/08/26
372,372,212A,フィットイージー(株),東証PRM,"3,015",-40,-1.31,"39,100",2026/08/26
373,373,6055,ジャパンマテリアル(株),東証PRM,"2,035",-27,-1.31,"323,800",2026/08/26
374,374,7224,新明和工業(株),東証PRM,"1,963",-26,-1.31,"135,900",2026/08/26
375,375,7606,(株)ユナイテッドアローズ,東証PRM,"2,481",-33,-1.31,"155,300",2026/08/26
376,376,1368,iFreeETF TOPIXダブルインバース(-2倍)指数,東証ETF,152,-2,-1.3,"26,240",2026/08/26
377,377,1472,(NEXT FUNDS)JPX日経400ダブルインバース,東証ETF,76,-1,-1.3,"7,505",2026/08/26
378,378,4238,ミライアル(株),東証STD,"1,750",-23,-1.3,"29,600",2026/08/26
379,379,4446,Ｌｉｎｋ－Ｕグループ(株),東証STD,836,-11,-1.3,"19,100",2026/08/26
380,380,7727,(株)オーバル,東証STD,835,-11,-1.3,"129,600",2026/08/26
381,381,2590,ダイドーグループホールディングス(株),東証PRM,"3,050",-40,-1.29,"79,000",2026/08/26
382,382,3184,ＩＣＤＡホールディングス(株),東証STD,"4,205",-55,-1.29,800,2026/08/26
383,383,6155,高松機械工業(株),東証STD,537,-7,-1.29,"12,400",2026/08/26
384,384,4480,(株)メドレー,東証PRM,"2,704",-35,-1.28,"357,000",2026/08/26
385,385,3521,テルマー湯ホールディングス(株),東証STD,155,-2,-1.27,"20,200",2026/08/26
386,386,3936,(株)グローバルウェイ,東証GRT,155,-2,-1.27,"185,900",2026/08/26
387,387,5945,天龍製鋸(株),東証STD,"2,330",-30,-1.27,"4,000",2026/08/26
388,388,6588,東芝テック(株),東証PRM,"3,100",-40,-1.27,"138,700",2026/08/26
389,389,7267,ホンダ,東証PRM,"1,674.5",-21.5,-1.27,"15,818,400",2026/08/26
390,390,8166,(株)タカキュー,東証STD,78,-1,-1.27,"44,700",2026/08/26
391,391,1802,(株)大林組,東証PRM,"2,973",-38,-1.26,"3,824,900",2026/08/26
392,392,2705,(株)大戸屋ホールディングス,東証STD,"9,370",-120,-1.26,"20,000",2026/08/26
393,393,350A,デジタルグリッド(株),東証GRT,784,-10,-1.26,"221,700",2026/08/26
394,394,460A,ＢＲＡＮＵ(株),東証GRT,"1,015",-13,-1.26,"8,200",2026/08/26
395,395,264A,(株)Ｓｃｈｏｏ,東証GRT,316,-4,-1.25,"55,400",2026/08/26
396,396,4015,ペイクラウドホールディングス(株),東証GRT,554,-7,-1.25,"32,600",2026/08/26
397,397,407A,(株)ＵＮＩＣＯＮホールディングス,東証STD,946,-12,-1.25,"34,000",2026/08/26
398,398,4657,(株)環境管理センター,東証STD,474,-6,-1.25,"2,500",2026/08/26
399,399,5133,(株)テリロジーホールディングス,東証STD,317,-4,-1.25,"53,900",2026/08/26
400,400,6584,三桜工業(株),東証PRM,790,-10,-1.25,"406,200",2026/08/26
401,401,7378,(株)アシロ,東証GRT,"1,496",-19,-1.25,"11,000",2026/08/26
402,402,4011,(株)ヘッドウォータース,東証GRT,"2,222",-28,-1.24,"45,600",2026/08/26
403,403,4055,ティアンドエスグループ(株),東証GRT,"1,598",-20,-1.24,"19,200",2026/08/26
404,404,2700,木徳神糧(株),東証STD,"1,770",-22,-1.23,"10,000",2026/08/26
405,405,3138,(株)富士山マガジンサービス,東証STD,"1,121",-14,-1.23,"2,900",2026/08/26
406,406,3768,リスクモンスター(株),東証STD,560,-7,-1.23,"4,500",2026/08/26
407,407,3837,アドソル日進(株),東証PRM,"1,443",-18,-1.23,"51,100",2026/08/26
408,408,4240,クラスターテクノロジー(株),東証STD,320,-4,-1.23,"9,400",2026/08/26
409,409,1618,(NEXT FUNDS)エネルギー資源上場投信,東証ETF,"34,840",-430,-1.22,767,2026/08/26
410,410,3261,(株)グランディーズ,東証GRT,406,-5,-1.22,"15,900",2026/08/26
411,411,4570,(株)免疫生物研究所,東証GRT,"1,051",-13,-1.22,"55,800",2026/08/26
412,412,1844,(株)大盛工業,東証STD,489,-6,-1.21,"51,100",2026/08/26
413,413,3895,ハビックス(株),東証STD,491,-6,-1.21,"70,100",2026/08/26
414,414,5247,(株)ＢＴＭ,東証GRT,577,-7,-1.2,"1,300",2026/08/26
415,415,6946,日本アビオニクス(株),東証STD,"5,750",-70,-1.2,"101,700",2026/08/26
416,416,7864,(株)フジシールインターナショナル,東証PRM,"3,290",-40,-1.2,"88,700",2026/08/26
417,417,3182,オイシックス(株),東証PRM,"1,743",-21,-1.19,"50,700",2026/08/26
418,418,6832,アオイ電子(株),東証STD,"2,242",-27,-1.19,"21,100",2026/08/26
419,419,6836,ぷらっとホーム(株),東証STD,830,-10,-1.19,"1,900",2026/08/26
420,420,9005,東急(株),東証PRM,"1,658",-20,-1.19,"2,114,100",2026/08/26
421,421,1360,日経平均ベア2倍上場投信,東証ETF,67.1,-0.8,-1.18,"76,418,550",2026/08/26
422,422,1840,(株)土屋ホールディングス,東証STD,251,-3,-1.18,"22,400",2026/08/26
423,423,206A,(株)ＰＲＩＳＭ　ＢｉｏＬａｂ,東証GRT,168,-2,-1.18,"82,900",2026/08/26
424,424,2768,双日(株),東証PRM,"5,629",-67,-1.18,"915,400",2026/08/26
425,425,3333,(株)あさひ,東証PRM,"1,344",-16,-1.18,"77,700",2026/08/26
426,426,3923,(株)ラクス,東証PRM,"1,088",-13,-1.18,"1,430,900",2026/08/26
427,427,291A,(株)リスキル,東証GRT,"2,020",-24,-1.17,"1,400",2026/08/26
428,428,3653,(株)モルフォ,東証GRT,758,-9,-1.17,"16,300",2026/08/26
429,429,3844,コムチュア(株),東証PRM,"1,357",-16,-1.17,"183,700",2026/08/26
430,430,4256,(株)サインド,東証GRT,"1,018",-12,-1.17,"4,600",2026/08/26
431,431,491A,iシェアーズ S&P500 除く金融 ETF(H有),東証ETF,549.9,-6.5,-1.17,10,2026/08/26
432,432,1357,(NEXT FUNDS) 日経ダブルインバース上場投信,東証ETF,"2,734",-32,-1.16,"6,081,842",2026/08/26
433,433,5258,(株)トランザクション・メディア・ネットワークス,東証GRT,427,-5,-1.16,"40,000",2026/08/26
434,434,5591,(株)ＡＶＩＬＥＮ,東証GRT,850,-10,-1.16,"13,000",2026/08/26
435,435,7004,カナデビア(株),東証PRM,"1,190",-14,-1.16,"670,100",2026/08/26
436,436,7740,(株)タムロン,東証PRM,"1,367",-16,-1.16,"311,700",2026/08/26
437,437,2983,(株)アールプランナー,東証GRT,"1,636",-19,-1.15,"7,300",2026/08/26
438,438,3921,(株)ネオジャパン,東証PRM,"1,640",-19,-1.15,"8,000",2026/08/26
439,439,6637,寺崎電気産業(株),東証STD,"4,295",-50,-1.15,"21,200",2026/08/26
440,440,8014,蝶理(株),東証PRM,"4,305",-50,-1.15,"50,000",2026/08/26
441,441,9709,ＮＣＳ＆Ａ(株),東証STD,"1,376",-16,-1.15,"6,900",2026/08/26
442,442,143A,イシン(株),東証GRT,692,-8,-1.14,400,2026/08/26
443,443,4004,(株)レゾナック・ホールディングス,東証PRM,"15,995",-185,-1.14,"1,882,100",2026/08/26
444,444,6993,大黒屋ホールディングス(株),東証STD,87,-1,-1.14,"2,046,100",2026/08/26
445,445,7901,(株)マツモト,東証STD,865,-10,-1.14,"2,100",2026/08/26
446,446,9514,(株)エフオン,東証STD,347,-4,-1.14,"52,800",2026/08/26
447,447,517A,iFreeETF 米ドル・べア(1倍),東証ETF,"1,928",-22,-1.13,11,2026/08/26
448,448,6941,山一電機(株),東証PRM,"7,860",-90,-1.13,"179,900",2026/08/26
449,449,9020,東日本旅客鉄道(株),東証PRM,"3,584",-41,-1.13,"3,010,300",2026/08/26
450,450,3807,(株)フィスコ,東証GRT,88,-1,-1.12,"286,000",2026/08/26
451,451,3950,ザ・パック(株),東証PRM,"1,505",-17,-1.12,"134,900",2026/08/26
452,452,4099,四国化成ホールディングス(株),東証PRM,"2,464",-28,-1.12,"550,500",2026/08/26
453,453,4576,(株)デ・ウエスタン・セラピテクス研究所,東証GRT,88,-1,-1.12,"52,800",2026/08/26
454,454,4662,(株)フォーカスシステムズ,東証PRM,"1,681",-19,-1.12,"54,700",2026/08/26
455,455,1848,(株)富士ピー・エス,東証STD,713,-8,-1.11,"7,000",2026/08/26
456,456,2747,北雄ラッキー(株),東証STD,"3,125",-35,-1.11,600,2026/08/26
457,457,3612,(株)ワールド,東証PRM,"1,686",-19,-1.11,"679,300",2026/08/26
458,458,7504,(株)高速,東証PRM,"4,915",-55,-1.11,"97,000",2026/08/26
459,459,8031,三井物産(株),東証PRM,"4,894",-55,-1.11,"4,594,900",2026/08/26
460,460,3181,(株)買取王国,東証STD,"1,077",-12,-1.1,"1,000",2026/08/26
461,461,3984,(株)ユーザーローカル,東証PRM,"1,524",-17,-1.1,"109,400",2026/08/26
462,462,4308,(株)Ｊストリーム,東証GRT,358,-4,-1.1,"41,400",2026/08/26
463,463,5255,(株)モンスターラボ,東証GRT,90,-1,-1.1,"281,400",2026/08/26
464,464,6425,(株)ユニバーサルエンターテインメント,東証STD,722,-8,-1.1,"132,100",2026/08/26
465,465,7271,(株)安永,東証STD,811,-9,-1.1,"64,300",2026/08/26
466,466,2216,カンロ(株),東証STD,"1,085",-12,-1.09,"75,700",2026/08/26
467,467,3193,(株)エターナルホスピタリティグループ,東証PRM,"1,447",-16,-1.09,"80,400",2026/08/26
468,468,3993,(株)ＰＫＳＨＡ　Ｔｅｃｈｎｏｌｏｇｙ,東証PRM,"3,165",-35,-1.09,"190,400",2026/08/26
469,469,4888,ステラファーマ(株),東証GRT,363,-4,-1.09,"294,200",2026/08/26
470,470,5136,ｔｒｉｐｌａ(株),東証GRT,"1,905",-21,-1.09,"8,700",2026/08/26
471,471,1328,(NEXT FUNDS)金価格連動型上場投信,東証ETF,"17,405",-190,-1.08,"28,571",2026/08/26
472,472,5337,ダントーホールディングス(株),東証STD,827,-9,-1.08,500,2026/08/26
473,473,7296,(株)エフ・シー・シー,東証PRM,"4,120",-45,-1.08,"81,900",2026/08/26
474,474,7675,セントラルフォレストグループ(株),名証MN,"2,760",-30,-1.08,700,2026/08/26
475,475,8152,ソマール(株),東証STD,"7,310",-80,-1.08,400,2026/08/26
476,476,4627,ナトコ(株),東証STD,"1,847",-20,-1.07,"3,800",2026/08/26
477,477,6071,(株)ＩＢＪ,東証PRM,923,-10,-1.07,"184,700",2026/08/26
478,478,6088,(株)シグマクシス・ホールディングス,東証PRM,555,-6,-1.07,"413,400",2026/08/26
479,479,6185,ＳＭＮ(株),東証STD,369,-4,-1.07,"5,500",2026/08/26
480,480,6592,マブチモーター(株),東証PRM,"1,752.5",-19,-1.07,"1,014,000",2026/08/26
481,481,6768,(株)タムラ製作所,東証PRM,738,-8,-1.07,"358,700",2026/08/26
482,482,7771,日本精密(株),東証STD,277,-3,-1.07,"126,100",2026/08/26
483,483,147A,(株)ソラコム,東証GRT,"1,028",-11,-1.06,"26,200",2026/08/26
484,484,1605,(株)ＩＮＰＥＸ,東証PRM,"3,837",-41,-1.06,"4,554,200",2026/08/26
485,485,9040,大宝運輸(株),名証MN,"4,215",-45,-1.06,100,2026/08/26
486,486,9972,アルテック(株),東証STD,280,-3,-1.06,"2,500",2026/08/26
487,487,2533,オエノンホールディングス(株),東証PRM,472,-5,-1.05,"143,500",2026/08/26
488,488,6022,(株)赤阪鐵工所,東証STD,"2,642",-28,-1.05,900,2026/08/26
489,489,606A,金2倍ブルETF,東証ETF,"25,050",-265,-1.05,"3,415",2026/08/26
490,490,4091,日本酸素ホールディングス(株),東証PRM,"5,594",-59,-1.04,"423,900",2026/08/26
491,491,7227,アスカ(株),名証MN,"1,811",-19,-1.04,"1,000",2026/08/26
492,492,7746,岡本硝子(株),東証STD,759,-8,-1.04,"932,800",2026/08/26
493,493,9837,モリト(株),東証PRM,"1,810",-19,-1.04,"41,800",2026/08/26
494,494,1692,WisdomTree アルミニウム上場投信,東証ETF,688.8,-7.2,-1.03,800,2026/08/26
495,495,2034,NEXT NOTES 韓国KOSPI･ベアETN,東証ETF,"1,930",-20,-1.03,"8,842",2026/08/26
496,496,2044,NEXT NOTES S&P500 配当貴族(NR)ETN,東証ETF,"35,670",-370,-1.03,69,2026/08/26
497,497,2809,キユーピー(株),東証PRM,"4,699",-49,-1.03,"222,300",2026/08/26
498,498,4410,ハリマ化成グループ(株),東証PRM,"1,154",-12,-1.03,"37,700",2026/08/26
499,499,5011,ニチレキグループ(株),東証PRM,"2,300",-24,-1.03,"79,800",2026/08/26
500,500,581A,ＧＯ(株),東証GRT,"3,835",-40,-1.03,"1,054,100",2026/08/26
501,501,2693,ＹＫＴ(株),東証STD,292,-3,-1.02,"47,300",2026/08/26
502,502,3387,(株)クリエイト・レストランツ・ホールディングス,東証PRM,777,-8,-1.02,"1,962,200",2026/08/26
503,503,556A,犬猫生活(株),東証GRT,"2,241",-23,-1.02,"9,700",2026/08/26
504,504,5582,(株)グリッド,東証GRT,"1,932",-20,-1.02,"10,500",2026/08/26
505,505,3091,(株)ブロンコビリー,東証PRM,"2,752",-28,-1.01,"49,800",2026/08/26
506,506,3920,アイビーシー(株),東証STD,979,-10,-1.01,700,2026/08/26
507,507,6045,(株)レントラックス,東証GRT,"2,445",-25,-1.01,"57,600",2026/08/26
508,508,6866,ＨＩＯＫＩ(株),東証PRM,"10,750",-110,-1.01,"22,400",2026/08/26
509,509,8002,丸紅(株),東証PRM,"4,907",-50,-1.01,"3,015,700",2026/08/26
510,510,234A,GX MSCI キャッシュフローキング-日本株式,東証ETF,"1,480",-15,-1.0,"17,521",2026/08/26
511,511,2492,(株)インフォマート,東証PRM,596,-6,-1.0,"2,556,500",2026/08/26
512,512,5891,(株)ＳＡＫＩＧＡＫＥホールディングス,東証STD,"1,676",-17,-1.0,"3,400",2026/08/26
513,513,5962,浅香工業(株),東証STD,"1,980",-20,-1.0,100,2026/08/26
514,514,6803,ティアック(株),東証STD,99,-1,-1.0,"268,500",2026/08/26
515,515,7361,(株)ヒューマンクリエイションホールディングス,東証GRT,"1,187",-12,-1.0,"1,800",2026/08/26
516,516,148A,(株)ハッチ・ワーク,東証GRT,"1,708",-17,-0.99,800,2026/08/26
517,517,160A,(株)アズパートナーズ,東証STD,"2,003",-20,-0.99,"5,600",2026/08/26
518,518,330A,(株)ＴａｌｅｎｔＸ,東証GRT,500,-5,-0.99,"9,600",2026/08/26
519,519,6380,オリエンタルチエン工業(株),東証STD,"4,020",-40,-0.99,"17,400",2026/08/26
520,520,8058,三菱商事(株),東証PRM,"4,718",-47,-0.99,"4,950,800",2026/08/26
521,521,8931,和田興産(株),東証STD,"1,400",-14,-0.99,"11,000",2026/08/26
522,522,9072,ニッコンホールディングス(株),東証PRM,"5,380",-54,-0.99,"139,100",2026/08/26
523,523,1551,東証スタンダードTOP20,東証ETF,"7,100",-70,-0.98,200,2026/08/26
524,524,1716,第一カッター興業(株),東証STD,"1,411",-14,-0.98,"16,900",2026/08/26
525,525,2445,(株)タカミヤ,東証STD,406,-4,-0.98,"76,600",2026/08/26
526,526,286A,(株)ユカリア,東証GRT,810,-8,-0.98,"25,000",2026/08/26
527,527,5121,藤倉コンポジット(株),東証PRM,"2,627",-26,-0.98,"53,400",2026/08/26
528,528,6544,ジャパンエレベーターサービスホールディングス(株),東証PRM,"1,567",-15.5,-0.98,"493,800",2026/08/26
529,529,6817,スミダコーポレーション(株),東証PRM,"1,218",-12,-0.98,"178,100",2026/08/26
530,530,6955,ＦＤＫ(株),東証STD,406,-4,-0.98,"47,300",2026/08/26
531,531,2869,iFreeETF NASDAQ100レバレッジ,東証ETF,"2,870",-28,-0.97,"94,854",2026/08/26
532,532,2993,(株)長栄,東証STD,"2,248",-22,-0.97,700,2026/08/26
533,533,5240,ｍｏｎｏＡＩ　ｔｅｃｈｎｏｌｏｇｙ(株),東証GRT,204,-2,-0.97,"293,100",2026/08/26
534,534,6652,ＩＤＥＣ(株),東証PRM,"3,575",-35,-0.97,"68,600",2026/08/26
535,535,9441,(株)ベルパーク,東証STD,"3,065",-30,-0.97,"3,600",2026/08/26
536,536,9755,応用地質(株),東証PRM,"2,853",-28,-0.97,"56,600",2026/08/26
537,537,9878,(株)セキド,東証STD,410,-4,-0.97,"12,100",2026/08/26
538,538,3696,(株)セレス,東証PRM,"2,277",-22,-0.96,"113,300",2026/08/26
539,539,4436,(株)ミンカブ・ジ・インフォノイド,東証GRT,411,-4,-0.96,"98,600",2026/08/26
540,540,6707,サンケン電気(株),東証PRM,"7,327",-71,-0.96,"202,500",2026/08/26
541,541,9367,大東港運(株),東証STD,"2,069",-20,-0.96,"1,900",2026/08/26
542,542,1356,TOPIXベア2倍上場投信,東証ETF,104.5,-1,-0.95,"2,700,040",2026/08/26
543,543,175A,(株)Ｗｉｌｌ　Ｓｍａｒｔ,東証GRT,625,-6,-0.95,600,2026/08/26
544,544,2375,ギグワークス(株),東証STD,208,-2,-0.95,"40,200",2026/08/26
545,545,341A,(株)トヨコー,東証GRT,"1,972",-19,-0.95,"28,000",2026/08/26
546,546,3991,ウォンテッドリー(株),東証GRT,938,-9,-0.95,"1,200",2026/08/26
547,547,4264,(株)セキュア,東証GRT,"1,460",-14,-0.95,"13,800",2026/08/26
548,548,4733,(株)オービックビジネスコンサルタント,東証PRM,"8,310",-80,-0.95,"100,800",2026/08/26
549,549,5858,(株)ＳＴＧ,東証GRT,"1,152",-11,-0.95,"4,100",2026/08/26
550,550,7433,伯東(株),東証PRM,"5,240",-50,-0.95,"74,700",2026/08/26
551,551,7893,(株)プロネクサス,東証PRM,"1,145",-11,-0.95,"32,700",2026/08/26
552,552,9470,(株)学研ホールディングス,東証PRM,"1,042",-10,-0.95,"145,500",2026/08/26
553,553,4543,テルモ(株),東証PRM,"2,572",-24.5,-0.94,"3,286,000",2026/08/26
554,554,6315,ＴＯＷＡ(株),東証PRM,"2,315",-22,-0.94,"2,818,100",2026/08/26
555,555,6920,レーザーテック(株),東証PRM,"34,620",-330,-0.94,"2,027,000",2026/08/26
556,556,9539,京葉瓦斯(株),東証STD,"1,372",-13,-0.94,"1,500",2026/08/26
557,557,9628,燦ホールディングス(株),東証PRM,"1,375",-13,-0.94,"85,700",2026/08/26
558,558,2567,NZAM 上場投信 S&P/JPXカーボン・エフィシェント指数,東証ETF,552.8,-5.2,-0.93,"1,290",2026/08/26
559,559,3918,ＰＣＩホールディングス(株),東証STD,"1,171",-11,-0.93,"24,700",2026/08/26
560,560,6677,(株)エスケーエレクトロニクス,東証STD,"3,185",-30,-0.93,"68,500",2026/08/26
561,561,6731,(株)ピクセラ,東証STD,107,-1,-0.93,"41,900",2026/08/26
562,562,7238,曙ブレーキ工業(株),東証PRM,107,-1,-0.93,"1,707,600",2026/08/26
563,563,8914,エリアリンク(株),東証STD,956,-9,-0.93,"41,600",2026/08/26
564,564,3694,(株)オプティム,東証PRM,431,-4,-0.92,"158,300",2026/08/26
565,565,8138,三京化成(株),東証STD,"4,320",-40,-0.92,100,2026/08/26
566,566,9001,東武鉄道(株),東証PRM,"3,015",-28,-0.92,"503,600",2026/08/26
567,567,3692,(株)ＦＦＲＩセキュリティ,東証GRT,"4,905",-45,-0.91,"61,400",2026/08/26
568,568,6861,(株)キーエンス,東証PRM,"81,500",-750,-0.91,"285,900",2026/08/26
569,569,7685,(株)ＢｕｙＳｅｌｌ　Ｔｅｃｈｎｏｌｏｇｉｅｓ,東証GRT,"3,270",-30,-0.91,"140,200",2026/08/26
570,570,8008,４℃ホールディングス,東証PRM,"2,169",-20,-0.91,"170,400",2026/08/26
571,571,9467,(株)アルファポリス,東証GRT,"1,201",-11,-0.91,"112,800",2026/08/26
572,572,2782,(株)セリア,東証STD,"4,395",-40,-0.9,"305,900",2026/08/26
573,573,3625,テックファームホールディングス(株),東証GRT,659,-6,-0.9,"6,500",2026/08/26
574,574,478A,(株)フツパー,東証GRT,768,-7,-0.9,"19,400",2026/08/26
575,575,5031,モイ(株),東証GRT,329,-3,-0.9,"20,500",2026/08/26
576,576,6378,木村化工機(株),東証STD,"1,207",-11,-0.9,"55,800",2026/08/26
577,577,1377,(株)サカタのタネ,東証PRM,"4,445",-40,-0.89,"86,700",2026/08/26
578,578,1459,楽天 ETF-日経ダブルインバース指数連動型,東証ETF,111,-1,-0.89,"3,495,178",2026/08/26
579,579,2587,サントリービバレッジ＆フード(株),東証PRM,"4,561",-41,-0.89,"551,900",2026/08/26
580,580,2645,GX レジャー&エンターテインメント-日本株式,東証ETF,"3,122",-28,-0.89,154,2026/08/26
581,581,5027,ＡｎｙＭｉｎｄ　Ｇｒｏｕｐ(株),東証GRT,777,-7,-0.89,"544,800",2026/08/26
582,582,6345,(株)アイチコーポレーション,東証PRM,"1,445",-13,-0.89,"157,200",2026/08/26
583,583,6557,ＡＩＡＩグループ(株),東証GRT,778,-7,-0.89,"6,900",2026/08/26
584,584,8876,(株)リログループ,東証PRM,"2,169.5",-19.5,-0.89,"441,500",2026/08/26
585,585,9045,京阪ホールディングス(株),東証PRM,"3,242",-29,-0.89,"246,700",2026/08/26
586,586,2488,ＪＴＰ(株),東証STD,"1,459",-13,-0.88,"6,300",2026/08/26
587,587,4409,東邦化学工業(株),東証STD,784,-7,-0.88,"5,500",2026/08/26
588,588,4427,(株)ＥｄｕＬａｂ,東証GRT,225,-2,-0.88,"38,900",2026/08/26
589,589,4487,(株)スペースマーケット,東証GRT,226,-2,-0.88,"2,400",2026/08/26
590,590,4707,(株)キタック,東証STD,337,-3,-0.88,"13,600",2026/08/26
591,591,4885,室町ケミカル(株),東証STD,900,-8,-0.88,"6,200",2026/08/26
592,592,6723,ルネサスエレクトロニクス(株),東証PRM,"3,372",-30,-0.88,"7,989,100",2026/08/26
593,593,9753,アイエックス・ナレッジ(株),東証STD,"1,358",-12,-0.88,"2,900",2026/08/26
594,594,1718,美樹工業(株),東証STD,"6,820",-60,-0.87,900,2026/08/26
595,595,3080,(株)ジェーソン,東証STD,802,-7,-0.87,"2,600",2026/08/26
596,596,550A,(株)ソフトテックス,東証STD,"2,175",-19,-0.87,800,2026/08/26
597,597,6255,(株)エヌ・ピー・シー,東証GRT,685,-6,-0.87,"129,700",2026/08/26
598,598,7795,(株)ＫＹＯＲＩＴＳＵ,東証STD,227,-2,-0.87,"50,100",2026/08/26
599,599,2702,日本マクドナルドホールディングス(株),東証STD,"8,110",-70,-0.86,"459,000",2026/08/26
600,600,4189,ＫＨネオケム(株),東証PRM,"3,440",-30,-0.86,"77,000",2026/08/26
601,601,5590,(株)ネットスターズ,東証GRT,690,-6,-0.86,"34,400",2026/08/26
602,602,7072,(株)インティメート・マージャー,東証GRT,"1,154",-10,-0.86,"3,900",2026/08/26
603,603,364A,(NEXT FUNDS) S&P500 配当貴族指数連動型上場投信,東証ETF,"2,577",-22,-0.85,"2,342",2026/08/26
604,604,3769,ＧＭＯペイメントゲートウェイ(株),東証PRM,"9,416",-81,-0.85,"235,800",2026/08/26
605,605,3983,(株)オロ,東証PRM,"2,098",-18,-0.85,"29,500",2026/08/26
606,606,4344,ソースネクスト(株),東証PRM,117,-1,-0.85,"1,352,400",2026/08/26
607,607,4395,(株)アクリート,東証GRT,697,-6,-0.85,"12,100",2026/08/26
608,608,7062,(株)フレアス,東証GRT,699,-6,-0.85,"25,200",2026/08/26
609,609,8022,ミズノ(株),東証PRM,"4,075",-35,-0.85,"216,700",2026/08/26
610,610,8111,(株)ゴールドウイン,東証PRM,"2,166.5",-18.5,-0.85,"483,800",2026/08/26
611,611,2120,(株)ＬＩＦＵＬＬ,東証PRM,235,-2,-0.84,"766,300",2026/08/26
612,612,2674,(株)ハードオフコーポレーション,東証PRM,"2,700",-23,-0.84,"36,300",2026/08/26
613,613,3196,(株)ホットランドホールディングス,東証PRM,"1,653",-14,-0.84,"79,200",2026/08/26
614,614,4544,Ｈ．Ｕ．グループホールディングス(株),東証PRM,"3,659",-31,-0.84,"226,400",2026/08/26
615,615,6620,宮越ホールディングス(株),東証PRM,706,-6,-0.84,"57,400",2026/08/26
616,616,8281,ゼビオホールディングス(株),東証PRM,"1,176",-10,-0.84,"115,700",2026/08/26
617,617,9007,小田急電鉄(株),東証PRM,"1,773.5",-15,-0.84,"738,600",2026/08/26
618,618,2032,NEXT NOTES 香港ハンセン･ベアETN,東証ETF,"6,006",-50,-0.83,8,2026/08/26
619,619,2915,ケンコーマヨネーズ(株),東証PRM,"2,020",-17,-0.83,"27,900",2026/08/26
620,620,3032,(株)ゴルフ・ドゥ,名証NXT,240,-2,-0.83,"10,500",2026/08/26
621,621,4743,(株)アイティフォー,東証PRM,"1,670",-14,-0.83,"62,000",2026/08/26
622,622,5026,(株)トリプルアイズ,東証GRT,599,-5,-0.83,"8,700",2026/08/26
623,623,5384,(株)フジミインコーポレーテッド,東証PRM,"3,600",-30,-0.83,"225,600",2026/08/26
624,624,6161,(株)エスティック,東証STD,"1,069",-9,-0.83,"6,700",2026/08/26
625,625,9237,(株)笑美面,東証GRT,954,-8,-0.83,"3,100",2026/08/26
626,626,9466,(株)アイドママーケティングコミュニケーション,東証STD,238,-2,-0.83,"2,100",2026/08/26
627,627,3446,(株)ジェイテックコーポレーション,東証STD,"1,569",-13,-0.82,"34,900",2026/08/26
628,628,3771,(株)システムリサーチ,東証PRM,"1,929",-16,-0.82,"67,400",2026/08/26
629,629,4368,扶桑化学工業(株),東証PRM,"3,030",-25,-0.82,"559,200",2026/08/26
630,630,4720,(株)城南進学研究社,東証STD,242,-2,-0.82,"1,600",2026/08/26
631,631,5134,(株)ＰＯＰＥＲ,東証GRT,482,-4,-0.82,"4,800",2026/08/26
632,632,9880,イノテック(株),東証PRM,"3,620",-30,-0.82,"157,400",2026/08/26
633,633,1674,WisdomTree 白金上場投信,東証ETF,"26,965",-220,-0.81,391,2026/08/26
634,634,4073,(株)ジィ・シィ企画,東証GRT,489,-4,-0.81,"17,800",2026/08/26
635,635,6292,(株)カワタ,東証STD,853,-7,-0.81,"1,400",2026/08/26
636,636,1541,純プラチナ上場信託(現物国内保管型),東証ETF,"8,655",-70,-0.8,"40,597",2026/08/26
637,637,2264,森永乳業(株),東証PRM,"1,176",-9.5,-0.8,"1,129,200",2026/08/26
638,638,4088,エア・ウォーター(株),東証PRM,"2,481",-20,-0.8,"395,000",2026/08/26
639,639,5214,日本電気硝子(株),東証PRM,"4,730",-38,-0.8,"393,800",2026/08/26
640,640,6228,(株)ジェイ・イー・ティ,東証STD,499,-4,-0.8,"20,900",2026/08/26
641,641,2326,デジタルアーツ(株),東証PRM,"4,410",-35,-0.79,"74,900",2026/08/26
642,642,2593,(株)伊藤園,東証PRM,"3,020",-24,-0.79,"250,600",2026/08/26
643,643,428A,サイプレス・ホールディングス(株),東証STD,"1,388",-11,-0.79,"26,200",2026/08/26
644,644,6273,ＳＭＣ(株),東証PRM,"71,520",-570,-0.79,"144,100",2026/08/26
645,645,8267,イオン(株),東証PRM,"1,384.5",-11,-0.79,"10,054,400",2026/08/26
646,646,9369,(株)キユーソー流通システム,東証STD,"3,145",-25,-0.79,"38,600",2026/08/26
647,647,1326,SPDRゴールド･シェア,東証ETF,"67,470",-530,-0.78,"11,070",2026/08/26
648,648,145A,(株)Ｌ　ｉｓ　Ｂ,東証GRT,890,-7,-0.78,"1,100",2026/08/26
649,649,302A,(株)ビースタイルホールディングス,東証GRT,640,-5,-0.78,400,2026/08/26
650,650,3549,(株)クスリのアオキホールディングス,東証STD,"4,178",-33,-0.78,"226,200",2026/08/26
651,651,418A,ウリドキ(株),名証NXT,"1,265",-10,-0.78,"3,000",2026/08/26
652,652,4439,(株)東名,東証STD,763,-6,-0.78,"15,600",2026/08/26
653,653,7096,(株)ステムセル研究所,東証GRT,766,-6,-0.78,"4,700",2026/08/26
654,654,7255,(株)桜井製作所,東証STD,506,-4,-0.78,"8,600",2026/08/26
655,655,7649,スギホールディングス(株),東証PRM,"2,730",-21.5,-0.78,"698,100",2026/08/26
656,656,8006,ユアサ・フナショク(株),東証STD,"1,528",-12,-0.78,"2,100",2026/08/26
657,657,8255,アクシアル　リテイリング(株),東証PRM,"1,270",-10,-0.78,"102,000",2026/08/26
658,658,9478,ＳＥホールディングス・アンド・インキュベーションズ(株),東証STD,509,-4,-0.78,"6,200",2026/08/26
659,659,9903,(株)カンセキ,東証STD,896,-7,-0.78,"2,900",2026/08/26
660,660,208A,(株)構造計画研究所ホールディングス,東証STD,"2,958",-23,-0.77,"16,300",2026/08/26
661,661,269A,(株)Ｓａｐｅｅｔ,東証GRT,"2,570",-20,-0.77,"2,500",2026/08/26
662,662,2974,大英産業(株),福証,907,-7,-0.77,500,2026/08/26
663,663,421A,(株)ムービン・ストラテジック・キャリア,東証GRT,"3,850",-30,-0.77,"41,300",2026/08/26
664,664,4341,西菱電機(株),東証STD,905,-7,-0.77,"2,400",2026/08/26
665,665,436A,サイバーソリューションズ(株),東証GRT,"1,154",-9,-0.77,"20,100",2026/08/26
666,666,5075,アップコン(株),名証NXT,"1,026",-8,-0.77,"1,500",2026/08/26
667,667,549A,ヒトトヒトホールディングス(株),東証STD,515,-4,-0.77,"59,700",2026/08/26
668,668,6189,(株)グローバルキッズＣＯＭＰＡＮＹ,東証STD,"1,026",-8,-0.77,"6,700",2026/08/26
669,669,9076,セイノーホールディングス(株),東証PRM,"2,776",-21.5,-0.77,"385,600",2026/08/26
670,670,4054,日本情報クリエイト(株),東証GRT,521,-4,-0.76,"12,000",2026/08/26
671,671,4767,(株)テー・オー・ダブリュー,東証STD,391,-3,-0.76,"140,200",2026/08/26
672,672,6039,(株)日本動物高度医療センター,東証GRT,"1,045",-8,-0.76,"68,300",2026/08/26
673,673,6754,アンリツ(株),東証PRM,"3,407",-26,-0.76,"706,500",2026/08/26
674,674,6905,コーセル(株),東証PRM,"1,304",-10,-0.76,"93,800",2026/08/26
675,675,7443,横浜魚類(株),東証STD,654,-5,-0.76,"1,800",2026/08/26
676,676,9206,(株)スターフライヤー,東証STD,"1,955",-15,-0.76,"1,000",2026/08/26
677,677,1580,日経平均ベア上場投信,東証ETF,782.1,-5.9,-0.75,"77,950",2026/08/26
678,678,3088,(株)マツキヨココカラ＆カンパニー,東証PRM,"2,580.5",-19.5,-0.75,"1,079,400",2026/08/26
679,679,3395,(株)サンマルクホールディングス,東証PRM,"2,509",-19,-0.75,"93,200",2026/08/26
680,680,339A,プログレス・テクノロジーズ　グループ(株),東証GRT,922,-7,-0.75,"5,600",2026/08/26
681,681,3798,ＵＬＳグループ(株),東証STD,532,-4,-0.75,"174,400",2026/08/26
682,682,5820,(株)三ッ星,東証STD,797,-6,-0.75,"11,900",2026/08/26
683,683,6111,旭精機工業(株),名証MN,"1,996",-15,-0.75,"1,900",2026/08/26
684,684,6859,エスペック(株),東証PRM,"3,970",-30,-0.75,"74,100",2026/08/26
685,685,7044,(株)ピアラ,東証STD,527,-4,-0.75,"2,400",2026/08/26
686,686,140A,iFreeETF 米国10年国債先物インバース,東証ETF,"2,005",-15,-0.74,"5,782",2026/08/26
687,687,2378,(株)ルネサンス,東証PRM,"1,069",-8,-0.74,"34,400",2026/08/26
688,688,314A,iシェアーズ ゴールド ETF,東証ETF,348.3,-2.6,-0.74,"1,894,760",2026/08/26
689,689,3627,テクミラホールディングス(株),東証STD,267,-2,-0.74,"18,600",2026/08/26
690,690,3687,(株)フィックスターズ,東証PRM,"2,156",-16,-0.74,"324,300",2026/08/26
691,691,4404,ミヨシ油脂(株),東証STD,"2,137",-16,-0.74,"13,500",2026/08/26
692,692,4574,大幸薬品(株),東証PRM,268,-2,-0.74,"86,100",2026/08/26
693,693,4650,ＳＤエンターテイメント(株),東証STD,267,-2,-0.74,"2,300",2026/08/26
694,694,4972,綜研化学(株),東証STD,"3,355",-25,-0.74,"33,800",2026/08/26
695,695,5139,オープンワーク(株),東証GRT,940,-7,-0.74,"8,900",2026/08/26
696,696,6505,東洋電機製造(株),東証STD,"2,426",-18,-0.74,"35,000",2026/08/26
697,697,6521,(株)オキサイド,東証GRT,"3,365",-25,-0.74,"112,500",2026/08/26
698,698,6630,ヤーマン(株),東証PRM,807,-6,-0.74,"137,800",2026/08/26
699,699,7035,ａｎｄ　ｆａｃｔｏｒｙ(株),東証STD,270,-2,-0.74,"85,800",2026/08/26
700,700,8025,(株)ツカモトコーポレーション,東証STD,"1,350",-10,-0.74,"3,300",2026/08/26
701,701,8113,ユニ・チャーム(株),東証PRM,992.6,-7.4,-0.74,"3,776,600",2026/08/26
702,702,1672,WisdomTree 金上場投信,東証ETF,"68,310",-500,-0.73,412,2026/08/26
703,703,248A,(株)キッズスター,東証GRT,811,-6,-0.73,"2,100",2026/08/26
704,704,3179,シュッピン(株),東証PRM,"1,226",-9,-0.73,"72,600",2026/08/26
705,705,4412,(株)サイエンスアーツ,東証GRT,"1,225",-9,-0.73,"13,300",2026/08/26
706,706,5542,新報国マテリアル(株),東証STD,950,-7,-0.73,"6,200",2026/08/26
707,707,6140,旭ダイヤモンド工業(株),東証PRM,"1,223",-9,-0.73,"677,000",2026/08/26
708,708,6517,デンヨー(株),東証PRM,"4,065",-30,-0.73,"29,000",2026/08/26
709,709,7083,ＡＨＣグループ(株),東証GRT,"1,090",-8,-0.73,"2,700",2026/08/26
710,710,1381,(株)アクシーズ,東証STD,"3,470",-25,-0.72,"3,000",2026/08/26
711,711,178A,GX 革新的優良企業,東証ETF,"1,665",-12,-0.72,"2,628",2026/08/26
712,712,2236,GX S&P500配当貴族,東証ETF,"1,520",-11,-0.72,"4,387",2026/08/26
713,713,3423,(株)エスイー,東証STD,275,-2,-0.72,"9,200",2026/08/26
714,714,5612,日本鋳鉄管(株),東証STD,"1,645",-12,-0.72,"6,000",2026/08/26
715,715,6038,(株)イード,東証GRT,826,-6,-0.72,"3,300",2026/08/26
716,716,6325,(株)タカキタ,東証STD,416,-3,-0.72,"3,700",2026/08/26
717,717,3004,神栄(株),東証STD,"2,103",-15,-0.71,"4,300",2026/08/26
718,718,3799,キーウェアソリューションズ(株),東証STD,"1,119",-8,-0.71,"7,400",2026/08/26
719,719,6492,岡野バルブ製造(株),東証STD,"13,960",-100,-0.71,"6,300",2026/08/26
720,720,6919,ケル(株),東証STD,"1,407",-10,-0.71,"13,000",2026/08/26
721,721,7256,河西工業(株),東証STD,417,-3,-0.71,"156,200",2026/08/26
722,722,7679,(株)薬王堂ホールディングス,東証PRM,"1,684",-12,-0.71,"82,300",2026/08/26
723,723,7735,(株)ＳＣＲＥＥＮホールディングス,東証PRM,"13,210",-95,-0.71,"1,677,000",2026/08/26
724,724,9042,阪急阪神ホールディングス(株),東証PRM,"4,736",-34,-0.71,"575,200",2026/08/26
725,725,9048,名古屋鉄道(株),東証PRM,"1,895.5",-13.5,-0.71,"396,600",2026/08/26
726,726,3097,(株)物語コーポレーション,東証PRM,"5,680",-40,-0.7,"94,900",2026/08/26
727,727,3504,(株)丸八ホールディングス,名証MN,"1,418",-10,-0.7,"3,700",2026/08/26
728,728,6092,(株)エンバイオ・ホールディングス,東証STD,849,-6,-0.7,"13,900",2026/08/26
729,729,6744,能美防災(株),東証PRM,"4,280",-30,-0.7,"65,500",2026/08/26
730,730,7047,ポート(株),東証GRT,"2,281",-16,-0.7,"102,500",2026/08/26
731,731,7456,松田産業(株),東証PRM,"7,080",-50,-0.7,"173,200",2026/08/26
732,732,242A,(株)リプライオリティ,福岡Q,576,-4,-0.69,"2,200",2026/08/26
733,733,4169,ＥＮＥＣＨＡＮＧＥ(株),東証GRT,288,-2,-0.69,"486,700",2026/08/26
734,734,4484,ランサーズ(株),東証GRT,288,-2,-0.69,"23,000",2026/08/26
735,735,5021,コスモエネルギーホールディングス(株),東証PRM,"4,192",-29,-0.69,"401,700",2026/08/26
736,736,546A,ＭＩＲＡＩＮＩホールディングス(株),東証PRM,"2,306",-16,-0.69,"137,600",2026/08/26
737,737,7080,(株)スポーツフィールド,東証GRT,862,-6,-0.69,"26,000",2026/08/26
738,738,7273,(株)イクヨ,東証STD,577,-4,-0.69,"37,400",2026/08/26
739,739,7726,黒田精工(株),東証STD,"1,304",-9,-0.69,"3,800",2026/08/26
740,740,1571,(NEXT FUNDS)日経平均インバース上場投信,東証ETF,294,-2,-0.68,"609,762",2026/08/26
741,741,2164,(株)地域新聞社,東証STD,146,-1,-0.68,"22,700",2026/08/26
742,742,2471,(株)エスプール,東証PRM,292,-2,-0.68,"171,200",2026/08/26
743,743,2837,GX 中小型リーダーズ-日本株式,東証ETF,"4,787",-33,-0.68,"4,305",2026/08/26
744,744,3849,日本テクノ・ラボ(株),札幌ア,588,-4,-0.68,500,2026/08/26
745,745,4068,ベイシス(株),東証GRT,"1,742",-12,-0.68,300,2026/08/26
746,746,448A,ステート・ストリート・スパイダー ゴールド ETF(H有),東証ETF,277.7,-1.9,-0.68,"28,440",2026/08/26
747,747,534A,NZAM 上場投信 NASDAQ100(H無),東証ETF,"2,354",-16,-0.68,48,2026/08/26
748,748,535A,NZAM 上場投信 DAX(H無),東証ETF,"2,198",-15,-0.68,1,2026/08/26
749,749,6356,日本ギア工業(株),東証STD,"1,319",-9,-0.68,"56,300",2026/08/26
750,750,6400,不二精機(株),東証STD,290,-2,-0.68,"7,700",2026/08/26
751,751,6757,(株)ＯＳＧコーポレーション,東証STD,882,-6,-0.68,"1,000",2026/08/26
752,752,7686,(株)ひとまいる,東証STD,441,-3,-0.68,"6,200",2026/08/26
753,753,7951,ヤマハ(株),東証PRM,"1,305.5",-9,-0.68,"1,538,800",2026/08/26
754,754,8202,ラオックスホールディングス(株),東証STD,147,-1,-0.68,"49,000",2026/08/26
755,755,8282,(株)ケーズホールディングス,東証PRM,"1,960",-13.5,-0.68,"437,100",2026/08/26
756,756,9253,スローガン(株),東証GRT,731,-5,-0.68,"1,100",2026/08/26
757,757,1540,純金上場信託(現物国内保管型),東証ETF,"22,105",-150,-0.67,"229,750",2026/08/26
758,758,2033,NEXT NOTES 韓国KOSPI･ダブル･ブルETN,東証ETF,"74,500",-500,-0.67,"3,219",2026/08/26
759,759,3626,ＴＩＳＩ(株),東証PRM,"3,841",-26,-0.67,"538,800",2026/08/26
760,760,377A,(株)エージェントＩＧホールディングス,名証MN,"1,031",-7,-0.67,900,2026/08/26
761,761,9023,東京地下鉄(株),東証PRM,"1,475.5",-10,-0.67,"1,054,900",2026/08/26
762,762,221A,MAXIS 日経半導体株上場投信,東証ETF,"1,126.5",-7.5,-0.66,"73,930",2026/08/26
763,763,3349,(株)コスモス薬品,東証PRM,"6,577",-44,-0.66,"355,300",2026/08/26
764,764,3561,(株)力の源ホールディングス,東証PRM,"1,658",-11,-0.66,"34,900",2026/08/26
765,765,4619,日本特殊塗料(株),東証STD,"2,712",-18,-0.66,"18,200",2026/08/26
766,766,5256,(株)Ｆｕｓｉｃ,東証GRT,"2,567",-17,-0.66,"2,500",2026/08/26
767,767,6800,(株)ヨコオ,東証PRM,"3,770",-25,-0.66,"129,000",2026/08/26
768,768,7011,三菱重工業(株),東証PRM,"3,920",-26,-0.66,"12,399,900",2026/08/26
769,769,9022,東海旅客鉄道(株),東証PRM,"3,938",-26,-0.66,"2,032,200",2026/08/26
770,770,9416,(株)ビジョン,東証PRM,"1,047",-7,-0.66,"218,700",2026/08/26
771,771,3422,(株)Ｊ－ＭＡＸ,東証STD,616,-4,-0.65,"115,500",2026/08/26
772,772,8273,(株)イズミ,東証PRM,"1,076",-7,-0.65,"1,734,600",2026/08/26
773,773,9997,(株)ベルーナ,東証PRM,"1,078",-7,-0.65,"203,300",2026/08/26
774,774,1384,(株)ホクリヨウ,東証STD,"2,181",-14,-0.64,"17,300",2026/08/26
775,775,2282,日本ハム(株),東証PRM,"6,366",-41,-0.64,"300,600",2026/08/26
776,776,4912,ライオン(株),東証PRM,"1,876.5",-12,-0.64,"981,100",2026/08/26
777,777,5845,全保連(株),東証STD,"1,241",-8,-0.64,"22,500",2026/08/26
778,778,6666,リバーエレテック(株),東証STD,781,-5,-0.64,"38,800",2026/08/26
779,779,7624,(株)ＮａＩＴＯ,東証STD,155,-1,-0.64,"55,500",2026/08/26
780,780,8912,(株)エリアクエスト,東証STD,156,-1,-0.64,"10,500",2026/08/26
781,781,9616,(株)共立メンテナンス,東証PRM,"3,431",-22,-0.64,"540,500",2026/08/26
782,782,1456,iFreeETF 日経平均インバース・インデックス,東証ETF,"1,257",-8,-0.63,"6,061",2026/08/26
783,783,2379,ディップ(株),東証PRM,"1,878",-12,-0.63,"317,100",2026/08/26
784,784,3402,東レ(株),東証PRM,"1,262.5",-8,-0.63,"4,006,300",2026/08/26
785,785,386A,(株)みのや,東証STD,"1,255",-8,-0.63,"20,800",2026/08/26
786,786,4063,信越化学工業(株),東証PRM,"5,967",-38,-0.63,"5,248,700",2026/08/26
787,787,4324,(株)電通グループ,東証PRM,"3,618",-23,-0.63,"669,900",2026/08/26
788,788,4716,日本オラクル(株),東証STD,"9,212",-58,-0.63,"173,700",2026/08/26
789,789,548A,(株)システムエグゼ,東証STD,949,-6,-0.63,"4,100",2026/08/26
790,790,6518,三相電機(株),東証STD,"1,749",-11,-0.63,"7,100",2026/08/26
791,791,6663,太洋テクノレックス(株),東証STD,316,-2,-0.63,"5,000",2026/08/26
792,792,6804,ホシデン(株),東証PRM,"2,698",-17,-0.63,"191,800",2026/08/26
793,793,2325,(株)ＮＪＳ,東証PRM,"4,800",-30,-0.62,"24,500",2026/08/26
794,794,2901,(株)ウェルディッシュ,東証STD,160,-1,-0.62,"144,600",2026/08/26
795,795,4180,Ａｐｐｉｅｒ　Ｇｒｏｕｐ(株),東証PRM,"1,274",-8,-0.62,"955,500",2026/08/26
796,796,4676,(株)フジ・メディア・ホールディングス,東証PRM,"4,147",-26,-0.62,"547,100",2026/08/26
797,797,4966,上村工業(株),東証STD,"19,350",-120,-0.62,"41,000",2026/08/26
798,798,5254,(株)Ａｒｅｎｔ,東証GRT,"4,035",-25,-0.62,"8,800",2026/08/26
799,799,6044,(株)三機サービス,東証STD,"1,932",-12,-0.62,"2,800",2026/08/26
800,800,6113,(株)アマダ,東証PRM,"2,570",-16,-0.62,"1,435,900",2026/08/26
801,801,6183,(株)ベルシステム２４ホールディングス,東証PRM,"1,433",-9,-0.62,"245,900",2026/08/26
802,802,6239,(株)ナガオカ,東証STD,"1,443",-9,-0.62,"2,700",2026/08/26
803,803,3320,クロスプラス(株),東証STD,"1,311",-8,-0.61,"3,100",2026/08/26
804,804,4094,日本化学産業(株),東証STD,"2,285",-14,-0.61,"6,700",2026/08/26
805,805,4919,(株)ミルボン,東証PRM,"3,285",-20,-0.61,"110,200",2026/08/26
806,806,6223,(株)西部技研,東証STD,"1,949",-12,-0.61,"22,500",2026/08/26
807,807,6332,月島ホールディングス(株),東証PRM,"2,786",-17,-0.61,"82,400",2026/08/26
808,808,6594,ニデック(株),東証PRM,"2,590",-16,-0.61,"3,394,700",2026/08/26
809,809,9245,(株)リベロ,東証GRT,"1,960",-12,-0.61,"6,300",2026/08/26
810,810,2239,上場インデックスファンドS&P500先物レバレッジ2倍,東証ETF,"26,640",-160,-0.6,507,2026/08/26
811,811,2252,GX Morningstar 米国中小型 Moat,東証ETF,"1,492",-9,-0.6,154,2026/08/26
812,812,3900,(株)クラウドワークス,東証GRT,663,-4,-0.6,"53,200",2026/08/26
813,813,4356,応用技術(株),東証STD,"1,649",-10,-0.6,"1,200",2026/08/26
814,814,4754,(株)トスネット,東証STD,"1,500",-9,-0.6,300,2026/08/26
815,815,4990,昭和化学工業(株),東証STD,499,-3,-0.6,"6,300",2026/08/26
816,816,6888,アクモス(株),東証STD,501,-3,-0.6,"4,800",2026/08/26
817,817,6996,ニチコン(株),東証PRM,"2,656",-16,-0.6,"725,600",2026/08/26
818,818,7601,(株)ポプラ,東証STD,165,-1,-0.6,"3,000",2026/08/26
819,819,7602,(株)レダックス,東証STD,165,-1,-0.6,"10,300",2026/08/26
820,820,7719,(株)東京衡機,東証STD,497,-3,-0.6,"719,700",2026/08/26
821,821,7734,理研計器(株),東証PRM,"3,310",-20,-0.6,"85,700",2026/08/26
822,822,1622,(NEXT FUNDS)自動車･輸送機上場投信,東証ETF,"35,230",-210,-0.59,318,2026/08/26
823,823,1904,大成温調(株),東証STD,"5,090",-30,-0.59,"12,600",2026/08/26
824,824,2670,(株)エービーシー・マート,東証PRM,"2,788.5",-16.5,-0.59,"583,500",2026/08/26
825,825,3063,(株)ジェイグループホールディングス,東証GRT,"1,181",-7,-0.59,"129,300",2026/08/26
826,826,4631,ＤＩＣ(株),東証PRM,"5,065",-30,-0.59,"447,800",2026/08/26
827,827,5290,(株)ベルテクスコーポレーション,東証STD,"1,182",-7,-0.59,"42,700",2026/08/26
828,828,6762,ＴＤＫ(株),東証PRM,"3,031",-18,-0.59,"5,686,900",2026/08/26
829,829,7078,ＩＮＣＬＵＳＩＶＥ　Ｈｏｌｄｉｎｇｓ(株),東証GRT,339,-2,-0.59,"11,700",2026/08/26
830,830,8881,(株)日神グループホールディングス,東証PRM,676,-4,-0.59,"107,200",2026/08/26
831,831,4199,ワンダープラネット(株),東証GRT,859,-5,-0.58,"24,100",2026/08/26
832,832,4452,花王(株),東証PRM,"3,593",-21,-0.58,"2,088,400",2026/08/26
833,833,4523,エーザイ(株),東証PRM,"4,833",-28,-0.58,"790,600",2026/08/26
834,834,6912,菊水ホールディングス(株),東証STD,"2,406",-14,-0.58,"10,100",2026/08/26
835,835,7780,(株)メニコン,東証PRM,"1,898",-11,-0.58,"217,500",2026/08/26
836,836,7856,萩原工業(株),東証PRM,"1,881",-11,-0.58,"41,200",2026/08/26
837,837,2139,(株)中広,東証STD,523,-3,-0.57,"3,600",2026/08/26
838,838,3092,(株)ＺＯＺＯ,東証PRM,"1,142",-6.5,-0.57,"2,399,000",2026/08/26
839,839,3359,(株)ｃｏｔｔａ,東証GRT,524,-3,-0.57,"18,900",2026/08/26
840,840,3915,(株)テラスカイ,東証PRM,"2,263",-13,-0.57,"45,900",2026/08/26
841,841,4599,(株)ステムリム,東証GRT,351,-2,-0.57,"234,800",2026/08/26
842,842,5367,(株)ニッカトー,東証STD,"1,218",-7,-0.57,"85,000",2026/08/26
843,843,5576,(株)オービーシステム,東証STD,"2,962",-17,-0.57,"2,300",2026/08/26
844,844,6287,(株)サトー,東証PRM,"2,808",-16,-0.57,"112,900",2026/08/26
845,845,8040,(株)東京ソワール,東証STD,"1,053",-6,-0.57,"1,800",2026/08/26
846,846,9767,日建工学(株),東証STD,"1,577",-9,-0.57,800,2026/08/26
847,847,9983,(株)ファーストリテイリング,東証PRM,"72,120",-410,-0.57,"557,000",2026/08/26
848,848,1438,(株)岐阜造園,東証STD,"2,310",-13,-0.56,"1,000",2026/08/26
849,849,2045,NEXT NOTES S&P シンガポール リート(NR)ETN,東証ETF,"20,540",-115,-0.56,8,2026/08/26
850,850,2157,(株)コシダカホールディングス,東証PRM,"1,056",-6,-0.56,"984,700",2026/08/26
851,851,2612,かどや製油(株),東証STD,"1,785",-10,-0.56,"3,400",2026/08/26
852,852,2735,(株)ワッツ,東証STD,715,-4,-0.56,"98,700",2026/08/26
853,853,3623,ビリングシステム(株),東証GRT,"1,249",-7,-0.56,"54,700",2026/08/26
854,854,3939,(株)カナミックネットワーク,東証PRM,530,-3,-0.56,"946,400",2026/08/26
855,855,425A,GX ゴールドETF,東証ETF,393.5,-2.2,-0.56,"274,120",2026/08/26
856,856,6366,千代田化工建設(株),東証STD,714,-4,-0.56,"1,535,300",2026/08/26
857,857,6552,(株)ＧａｍｅＷｉｔｈ,東証STD,177,-1,-0.56,"8,300",2026/08/26
858,858,7277,(株)ＴＢＫ,東証STD,355,-2,-0.56,"22,100",2026/08/26
859,859,7717,(株)ブイ・テクノロジー,東証PRM,"5,370",-30,-0.56,"106,900",2026/08/26
860,860,7743,(株)シード,東証STD,535,-3,-0.56,"28,700",2026/08/26
861,861,7818,(株)トランザクション,東証PRM,"1,251",-7,-0.56,"311,100",2026/08/26
862,862,9041,近鉄グループホールディングス(株),東証PRM,"3,564",-20,-0.56,"465,100",2026/08/26
863,863,9445,(株)フォーバルテレコム,東証STD,534,-3,-0.56,"2,500",2026/08/26
864,864,9661,(株)歌舞伎座,東証STD,"4,440",-25,-0.56,"11,100",2026/08/26
865,865,4026,神島化学工業(株),東証STD,"1,629",-9,-0.55,"21,500",2026/08/26
866,866,4812,(株)電通総研,東証PRM,"2,711",-15,-0.55,"158,900",2026/08/26
867,867,5035,ＨＯＵＳＥＩ(株),東証GRT,359,-2,-0.55,300,2026/08/26
868,868,6078,(株)バリューＨＲ,東証PRM,"1,621",-9,-0.55,"21,000",2026/08/26
869,869,7581,(株)サイゼリヤ,東証PRM,"7,270",-40,-0.55,"220,300",2026/08/26
870,870,9363,(株)大運,東証STD,542,-3,-0.55,"2,200",2026/08/26
871,871,9849,(株)共同紙販ホールディングス,東証STD,"4,490",-25,-0.55,200,2026/08/26
872,872,2001,(株)ニップン,東証PRM,"2,929",-16,-0.54,"87,900",2026/08/26
873,873,4927,(株)ポーラ・オルビスホールディングス,東証PRM,"1,392.5",-7.5,-0.54,"347,500",2026/08/26
874,874,7148,(株)ＦＰＧ,東証PRM,"1,664",-9,-0.54,"361,400",2026/08/26
875,875,8078,阪和興業(株),東証PRM,"1,858",-10,-0.54,"422,400",2026/08/26
876,876,9678,(株)カナモト,東証PRM,"5,480",-30,-0.54,"44,500",2026/08/26
877,877,1960,(株)サンテック,東証STD,"1,686",-9,-0.53,"19,700",2026/08/26
878,878,2013,iシェアーズ 米国高配当株 ETF,東証ETF,319,-1.7,-0.53,"140,710",2026/08/26
879,879,2502,アサヒグループホールディングス(株),東証PRM,"1,679",-9,-0.53,"3,570,000",2026/08/26
880,880,2664,(株)カワチ薬品,東証PRM,"3,745",-20,-0.53,"102,200",2026/08/26
881,881,368A,(株)北里,東証PRM,"1,492",-8,-0.53,"69,400",2026/08/26
882,882,3947,ダイナパック(株),東証STD,"2,455",-13,-0.53,"1,100",2026/08/26
883,883,4337,ぴあ(株),東証PRM,"2,818",-15,-0.53,"16,500",2026/08/26
884,884,6643,(株)戸上電機製作所,東証STD,"5,620",-30,-0.53,"1,300",2026/08/26
885,885,6926,岡谷電機産業(株),東証STD,187,-1,-0.53,"9,300",2026/08/26
886,886,6966,(株)三井ハイテック,東証PRM,933,-5,-0.53,"904,500",2026/08/26
887,887,7731,(株)ニコン,東証PRM,"1,960",-10.5,-0.53,"1,424,900",2026/08/26
888,888,8115,ムーンバット(株),東証STD,"1,316",-7,-0.53,"1,500",2026/08/26
889,889,9685,ＫＹＣＯＭホールディングス(株),東証STD,562,-3,-0.53,"2,700",2026/08/26
890,890,3360,シップヘルスケアホールディングス(株),東証PRM,"2,379.5",-12.5,-0.52,"177,300",2026/08/26
891,891,3449,(株)テクノフレックス,東証STD,"3,820",-20,-0.52,"98,500",2026/08/26
892,892,6186,(株)一蔵,東証STD,386,-2,-0.52,600,2026/08/26
893,893,7749,メディキット(株),東証STD,"2,880",-15,-0.52,"2,000",2026/08/26
894,894,8127,ヤマト　インターナショナル(株),東証STD,574,-3,-0.52,"19,400",2026/08/26
895,895,1457,iFreeETF TOPIXインバース(-1倍)指数,東証ETF,"1,754",-9,-0.51,"11,399",2026/08/26
896,896,1466,iFreeETF JPX日経400ダブルインバース・インデックス,東証ETF,195,-1,-0.51,742,2026/08/26
897,897,2579,コカ・コーラ　ボトラーズジャパンホールディングス(株),東証PRM,"3,911",-20,-0.51,"417,100",2026/08/26
898,898,3762,テクマトリックス(株),東証PRM,"2,354",-12,-0.51,"128,800",2026/08/26
899,899,5252,日本ナレッジ(株),東証GRT,786,-4,-0.51,"3,200",2026/08/26
900,900,5302,日本カーボン(株),東証PRM,"4,880",-25,-0.51,"80,900",2026/08/26
901,901,5990,(株)スーパーツール,東証STD,"1,943",-10,-0.51,200,2026/08/26
902,902,6358,酒井重工業(株),東証PRM,"2,160",-11,-0.51,"25,900",2026/08/26
903,903,7538,(株)大水,東証STD,391,-2,-0.51,"2,100",2026/08/26
904,904,8226,(株)理経,東証STD,394,-2,-0.51,"45,900",2026/08/26
905,905,1569,TOPIXベア上場投信,東証ETF,733.3,-3.7,-0.5,"3,540",2026/08/26
906,906,2095,GX S&P500配当貴族 (H有),東証ETF,"1,201",-6,-0.5,57,2026/08/26
907,907,2124,ＪＡＣ　Ｒｅｃｒｕｉｔｍｅｎｔ,東証PRM,998,-5,-0.5,"497,900",2026/08/26
908,908,4078,堺化学工業(株),東証PRM,"3,945",-20,-0.5,"161,200",2026/08/26
909,909,409A,オリオンビール(株),東証PRM,"1,195",-6,-0.5,"144,500",2026/08/26
910,910,6328,荏原実業(株),東証PRM,"2,405",-12,-0.5,"50,900",2026/08/26
911,911,6532,(株)ベイカレント,東証PRM,"7,771",-39,-0.5,"697,600",2026/08/26
912,912,7803,(株)ブシロード,東証GRT,402,-2,-0.5,"485,400",2026/08/26
913,913,7939,(株)研創,東証STD,602,-3,-0.5,800,2026/08/26
914,914,7953,菊水化学工業(株),東証STD,402,-2,-0.5,"16,500",2026/08/26
915,915,9017,新潟交通(株),東証STD,"1,990",-10,-0.5,400,2026/08/26
916,916,3407,旭化成(株),東証PRM,"1,625.5",-8,-0.49,"3,809,500",2026/08/26
917,917,4587,ペプチドリーム(株),東証PRM,"1,108.5",-5.5,-0.49,"1,058,300",2026/08/26
918,918,5285,(株)ヤマックス,東証STD,"1,413",-7,-0.49,"7,800",2026/08/26
919,919,5334,日本特殊陶業(株),東証PRM,"8,658",-43,-0.49,"723,100",2026/08/26
920,920,6195,(株)ホープ,東証GRT,203,-1,-0.49,"26,900",2026/08/26
921,921,6728,(株)アルバック,東証PRM,"7,560",-37,-0.49,"483,500",2026/08/26
922,922,9272,ブティックス(株),東証GRT,"1,421",-7,-0.49,800,2026/08/26
923,923,9339,(株)コーチ・エィ,東証STD,"1,418",-7,-0.49,"2,000",2026/08/26
924,924,9449,ＧＭＯインターネットグループ(株),東証PRM,"4,048",-20,-0.49,"277,200",2026/08/26
925,925,2201,森永製菓(株),東証PRM,"2,577",-12.5,-0.48,"215,200",2026/08/26
926,926,3137,(株)ファンデリー,東証STD,207,-1,-0.48,"18,500",2026/08/26
927,927,4120,スガイ化学工業(株),東証STD,"3,080",-15,-0.48,700,2026/08/26
928,928,5380,新東(株),東証STD,"1,240",-6,-0.48,300,2026/08/26
929,929,6549,ディーエムソリューションズ(株),東証STD,"1,030",-5,-0.48,"10,400",2026/08/26
930,930,7278,(株)エクセディ,東証PRM,"6,170",-30,-0.48,"201,800",2026/08/26
931,931,8007,高島(株),東証PRM,821,-4,-0.48,"86,600",2026/08/26
932,932,3454,ファーストブラザーズ(株),東証STD,"1,282",-6,-0.47,"3,300",2026/08/26
933,933,4093,東邦アセチレン(株),東証STD,423,-2,-0.47,"34,200",2026/08/26
934,934,521A,iFreeETF FANG+ゴールド,東証ETF,"2,134",-10,-0.47,"56,517",2026/08/26
935,935,5287,(株)イトーヨーギョー,東証STD,840,-4,-0.47,"5,500",2026/08/26
936,936,5821,平河ヒューテック(株),東証PRM,"3,160",-15,-0.47,"33,100",2026/08/26
937,937,5942,日本フイルコン(株),東証STD,637,-3,-0.47,"29,500",2026/08/26
938,938,5974,中国工業(株),東証STD,844,-4,-0.47,400,2026/08/26
939,939,6875,(株)メガチップス,東証PRM,"10,650",-50,-0.47,"67,400",2026/08/26
940,940,168A,(株)イタミアート,東証GRT,"1,075",-5,-0.46,"2,100",2026/08/26
941,941,2301,(株)学情,東証PRM,"1,721",-8,-0.46,"68,300",2026/08/26
942,942,343A,(株)ＩＡＣＥトラベル,東証STD,"1,306",-6,-0.46,"5,500",2026/08/26
943,943,3550,(株)スタジオアタオ,東証GRT,217,-1,-0.46,"11,700",2026/08/26
944,944,4491,コンピューターマネージメント(株),東証STD,"3,270",-15,-0.46,"3,500",2026/08/26
945,945,451A,ステート・ストリート・スパイダー S&P500 高配当株ETF,東証ETF,306.1,-1.4,-0.46,"15,220",2026/08/26
946,946,4645,(株)市進ホールディングス,東証STD,435,-2,-0.46,600,2026/08/26
947,947,8301,日本銀行,東証,"21,700",-100,-0.46,600,2026/08/26
948,948,8705,日産証券グループ(株),東証STD,217,-1,-0.46,"44,000",2026/08/26
949,949,9171,栗林商船(株),東証STD,"1,518",-7,-0.46,"35,100",2026/08/26
950,950,1382,(株)ホーブ,東証STD,876,-4,-0.45,800,2026/08/26
951,951,3405,(株)クラレ,東証PRM,"1,781",-8,-0.45,"1,087,000",2026/08/26
952,952,3775,(株)ガイアックス,名証NXT,442,-2,-0.45,"6,500",2026/08/26
953,953,4992,北興化学工業(株),東証STD,"1,998",-9,-0.45,"48,400",2026/08/26
954,954,542A,(株)ビタブリッドジャパン,東証GRT,"1,118",-5,-0.45,"18,100",2026/08/26
955,955,7036,(株)イーエムネットジャパン,東証GRT,666,-3,-0.45,"5,800",2026/08/26
956,956,7130,ヤマエグループホールディングス(株),東証PRM,"2,905",-13,-0.45,"69,700",2026/08/26
957,957,7604,(株)梅の花グループ,東証STD,892,-4,-0.45,"7,100",2026/08/26
958,958,7614,(株)オーエムツーネットワーク,東証STD,"1,533",-7,-0.45,"4,300",2026/08/26
959,959,9090,ＡＺ－ＣＯＭ丸和ホールディングス(株),東証PRM,881,-4,-0.45,"285,900",2026/08/26
960,960,186A,(株)アストロスケールホールディングス,東証GRT,"1,130",-5,-0.44,"2,926,200",2026/08/26
961,961,2002,(株)日清製粉グループ本社,東証PRM,"2,057",-9,-0.44,"667,600",2026/08/26
962,962,3161,アゼアス(株),東証STD,678,-3,-0.44,300,2026/08/26
963,963,3382,(株)セブン＆アイ・ホールディングス,東証PRM,"2,024",-9,-0.44,"6,478,900",2026/08/26
964,964,3744,サイオス(株),東証STD,452,-2,-0.44,"19,000",2026/08/26
965,965,3927,(株)フーバーブレイン,東証STD,906,-4,-0.44,"21,400",2026/08/26
966,966,4064,日本カーバイド工業(株),東証PRM,"3,370",-15,-0.44,"32,600",2026/08/26
967,967,4420,イーソル(株),東証STD,675,-3,-0.44,"36,600",2026/08/26
968,968,5871,ＳＯＬＩＺＥ　Ｈｏｌｄｉｎｇｓ(株),東証STD,"1,364",-6,-0.44,"3,400",2026/08/26
969,969,5967,ＴＯＮＥ(株),東証STD,456,-2,-0.44,"13,500",2026/08/26
970,970,2243,GX 半導体,東証ETF,"4,370",-19,-0.43,"73,423",2026/08/26
971,971,367A,プリモグローバルホールディングス(株),東証STD,"2,779",-12,-0.43,"49,400",2026/08/26
972,972,3992,(株)ニーズウェル,東証PRM,466,-2,-0.43,"36,600",2026/08/26
973,973,5923,高田機工(株),東証STD,"1,168",-5,-0.43,700,2026/08/26
974,974,6069,トレンダーズ(株),東証GRT,697,-3,-0.43,"16,800",2026/08/26
975,975,6678,(株)テクノメディカ,東証STD,"2,086",-9,-0.43,"9,000",2026/08/26
976,976,6915,千代田インテグレ(株),東証STD,"3,495",-15,-0.43,"6,700",2026/08/26
977,977,7087,(株)ウイルテック,東証STD,"1,403",-6,-0.43,"7,900",2026/08/26
978,978,7730,マニー(株),東証PRM,"1,607",-7,-0.43,"260,000",2026/08/26
979,979,7779,ＣＹＢＥＲＤＹＮＥ(株),東証GRT,232,-1,-0.43,"774,400",2026/08/26
980,980,2631,MAXIS ナスダック100上場投信,東証ETF,"33,160",-140,-0.42,"7,341",2026/08/26
981,981,2918,わらべや日洋ホールディングス(株),東証PRM,"2,864",-12,-0.42,"94,600",2026/08/26
982,982,3986,(株)ビーブレイクシステムズ,東証STD,477,-2,-0.42,"7,100",2026/08/26
983,983,4620,藤倉化成(株),東証STD,953,-4,-0.42,"109,200",2026/08/26
984,984,4922,(株)コーセーホールディングス,東証PRM,"5,930",-25,-0.42,"163,900",2026/08/26
985,985,6538,(株)ディスラプターズ,東証STD,239,-1,-0.42,"19,200",2026/08/26
986,986,7222,日産車体(株),東証STD,946,-4,-0.42,"75,100",2026/08/26
987,987,8927,(株)明豊エンタープライズ,東証STD,474,-2,-0.42,"62,400",2026/08/26
988,988,8967,日本ロジスティクスファンド投資法人,東証,"95,500",-400,-0.42,"6,322",2026/08/26
989,989,200A,(NEXT FUNDS) 日経半導体株指数連動型上場投信,東証ETF,"4,337",-18,-0.41,"1,342,093",2026/08/26
990,990,2521,上場インデックスファンド米国株式(S&P500)H有,東証ETF,"2,163",-9,-0.41,"51,382",2026/08/26
991,991,2531,宝ホールディングス(株),東証PRM,"2,173",-9,-0.41,"253,000",2026/08/26
992,992,2638,GX ロボティクス＆AI-日本株式,東証ETF,"2,662",-11,-0.41,"22,766",2026/08/26
993,993,2831,はごろもフーズ(株),東証STD,"3,660",-15,-0.41,"2,900",2026/08/26
994,994,3641,(株)パピレス,東証STD,976,-4,-0.41,"3,500",2026/08/26
995,995,4290,(株)プレステージ・インターナショナル,東証PRM,737,-3,-0.41,"484,800",2026/08/26
996,996,7085,(株)カーブスホールディングス,東証PRM,970,-4,-0.41,"963,500",2026/08/26
997,997,7272,ヤマハ発動機(株),東証PRM,"1,955",-8,-0.41,"4,669,100",2026/08/26
998,998,7442,中山福(株),東証STD,484,-2,-0.41,"11,300",2026/08/26
999,999,7619,田中商事(株),東証STD,966,-4,-0.41,"5,100",2026/08/26
1000,1000,8065,佐藤商事(株),東証PRM,"3,670",-15,-0.41,"50,400",2026/08/26
1001,1001,8944,(株)ランドビジネス,東証STD,243,-1,-0.41,"67,900",2026/08/26
1002,1002,9433,ＫＤＤＩ(株),東証PRM,"2,897.5",-12,-0.41,"5,720,900",2026/08/26
1003,1003,9857,英和(株),東証STD,"2,643",-11,-0.41,"1,100",2026/08/26
1004,1004,1543,純パラジウム上場信託(現物国内保管型),東証ETF,"61,550",-250,-0.4,108,2026/08/26
1005,1005,2181,パーソルホールディングス(株),東証PRM,296.9,-1.2,-0.4,"9,045,500",2026/08/26
1006,1006,2342,(株)トランスジェニックグループ,東証STD,251,-1,-0.4,"61,600",2026/08/26
1007,1007,324A,(株)ブッキングリゾート,東証GRT,747,-3,-0.4,"8,000",2026/08/26
1008,1008,3937,(株)Ｕｂｉｃｏｍホールディングス,東証STD,"1,232",-5,-0.4,"31,000",2026/08/26
1009,1009,3962,(株)チェンジホールディングス,東証PRM,"1,005",-4,-0.4,"153,400",2026/08/26
1010,1010,415A,ＧＭＯ　ＴＥＣＨホールディングス(株),東証GRT,"5,030",-20,-0.4,"1,100",2026/08/26
1011,1011,424A,GX ゴールドETF(H有),東証ETF,352.5,-1.4,-0.4,"31,630",2026/08/26
1012,1012,5444,大和工業(株),東証PRM,"12,390",-50,-0.4,"119,500",2026/08/26
1013,1013,6025,日本ＰＣサービス(株),名証NXT,739,-3,-0.4,100,2026/08/26
1014,1014,6822,大井電気(株),東証STD,"4,980",-20,-0.4,900,2026/08/26
1015,1015,6954,ファナック(株),東証PRM,"6,023",-24,-0.4,"3,447,900",2026/08/26
1016,1016,7914,共同印刷(株),東証PRM,"1,752",-7,-0.4,"74,500",2026/08/26
1017,1017,8053,住友商事(株),東証PRM,"1,762",-7,-0.4,"6,250,000",2026/08/26
1018,1018,8060,キヤノンマーケティングジャパン(株),東証PRM,"3,500",-14,-0.4,"1,130,500",2026/08/26
1019,1019,8559,(株)豊和銀行,福証,493,-2,-0.4,"9,800",2026/08/26
1020,1020,9536,西部ガスホールディングス(株),東証PRM,"2,491",-10,-0.4,"97,100",2026/08/26
1021,1021,2222,寿スピリッツ(株),東証PRM,"2,715",-10.5,-0.39,"210,700",2026/08/26
1022,1022,245A,(株)ＩＮＧＳ,東証GRT,"2,580",-10,-0.39,"1,800",2026/08/26
1023,1023,2553,One ETF 南方 中国A株 CSI500,東証ETF,"2,410",-9.5,-0.39,350,2026/08/26
1024,1024,2588,(株)プレミアムウォーターホールディングス,東証STD,"3,795",-15,-0.39,"1,500",2026/08/26
1025,1025,2639,GX バイオ＆メドテック-日本株式,東証ETF,"1,772",-7,-0.39,"2,391",2026/08/26
1026,1026,2984,ヤマイチエステート(株),東証STD,766,-3,-0.39,"2,500",2026/08/26
1027,1027,3580,小松マテーレ(株),東証PRM,764,-3,-0.39,"41,300",2026/08/26
1028,1028,4052,フィーチャ(株),東証GRT,508,-2,-0.39,"113,300",2026/08/26
1029,1029,4496,(株)コマースＯｎｅホールディングス,東証GRT,769,-3,-0.39,"5,400",2026/08/26
1030,1030,5986,モリテック　スチール(株),東証STD,258,-1,-0.39,"27,600",2026/08/26
1031,1031,6099,(株)エラン,東証PRM,760,-3,-0.39,"51,700",2026/08/26
1032,1032,7203,トヨタ自動車(株),東証PRM,"3,070",-12,-0.39,"18,377,900",2026/08/26
1033,1033,7371,Ｚｅｎｋｅｎ(株),東証GRT,766,-3,-0.39,"11,300",2026/08/26
1034,1034,9282,いちごグリーンインフラ投資法人,東証,"38,500",-150,-0.39,278,2026/08/26
1035,1035,9672,東京都競馬(株),東証PRM,"5,070",-20,-0.39,"19,700",2026/08/26
1036,1036,9835,(株)ジュンテンドー,東証STD,513,-2,-0.39,"4,900",2026/08/26
1037,1037,173A,(株)ハンモック,東証GRT,"1,568",-6,-0.38,"1,600",2026/08/26
1038,1038,2198,アイ・ケイ・ケイホールディングス(株),東証PRM,788,-3,-0.38,"12,900",2026/08/26
1039,1039,3106,クラボウ,東証PRM,"10,620",-40,-0.38,"22,400",2026/08/26
1040,1040,4061,デンカ(株),東証PRM,"3,398",-13,-0.38,"525,500",2026/08/26
1041,1041,5029,サークレイス(株),東証GRT,790,-3,-0.38,"5,700",2026/08/26
1042,1042,7162,アストマックス(株),東証STD,265,-1,-0.38,"32,400",2026/08/26
1043,1043,7613,シークス(株),東証PRM,"1,567",-6,-0.38,"140,700",2026/08/26
1044,1044,8835,太平洋興発(株),東証STD,793,-3,-0.38,"12,200",2026/08/26
1045,1045,9212,Ｇｒｅｅｎ　Ｅａｒｔｈ　Ｉｎｓｔｉｔｕｔｅ(株),東証GRT,265,-1,-0.38,"127,700",2026/08/26
1046,1046,9252,(株)ラストワンマイル,東証GRT,"3,885",-15,-0.38,"5,100",2026/08/26
1047,1047,9270,バリュエンスホールディングス(株),東証GRT,"2,080",-8,-0.38,"47,900",2026/08/26
1048,1048,9312,ケイヒン(株),東証STD,"2,884",-11,-0.38,"3,500",2026/08/26
1049,1049,9408,(株)ＢＳＮメディアホールディングス,東証STD,"2,638",-10,-0.38,800,2026/08/26
1050,1050,9823,(株)マミーマートホールディングス,東証STD,"1,037",-4,-0.38,"47,600",2026/08/26
1051,1051,1867,(株)植木組,東証STD,"2,693",-10,-0.37,"9,000",2026/08/26
1052,1052,2902,太陽化学(株),名証MN,"2,685",-10,-0.37,700,2026/08/26
1053,1053,3772,ウェルス・マネジメント(株),東証STD,"1,088",-4,-0.37,"28,300",2026/08/26
1054,1054,465A,GX 日経平均株主還元40-日本株式,東証ETF,"1,339",-5,-0.37,"4,867",2026/08/26
1055,1055,5905,日本製罐(株),東証STD,"1,360",-5,-0.37,"5,000",2026/08/26
1056,1056,5983,イワブチ(株),東証STD,"13,550",-50,-0.37,"1,800",2026/08/26
1057,1057,6031,ＺＥＴＡ(株),東証GRT,270,-1,-0.37,"32,100",2026/08/26
1058,1058,7962,(株)キングジム,東証PRM,814,-3,-0.37,"17,800",2026/08/26
1059,1059,8136,(株)サンリオ,東証PRM,"1,210",-4.5,-0.37,"12,919,400",2026/08/26
1060,1060,2972,サンケイリアルエステート投資法人,東証,"111,300",-400,-0.36,608,2026/08/26
1061,1061,372A,(株)レント,東証STD,"5,580",-20,-0.36,"8,900",2026/08/26
1062,1062,5631,(株)日本製鋼所,東証PRM,"7,646",-28,-0.36,"323,400",2026/08/26
1063,1063,6191,(株)エアトリ,東証PRM,842,-3,-0.36,"53,600",2026/08/26
1064,1064,7084,(株)Ｓｍｉｌｅ　Ｈｏｌｄｉｎｇｓ,東証GRT,"2,759",-10,-0.36,"1,200",2026/08/26
1065,1065,9636,(株)きんえい,東証STD,"4,170",-15,-0.36,200,2026/08/26
1066,1066,1443,技研ホールディングス(株),東証STD,285,-1,-0.35,"61,900",2026/08/26
1067,1067,3401,帝人(株),東証PRM,"1,731.5",-6,-0.35,"383,500",2026/08/26
1068,1068,3848,(株)データ・アプリケーション,東証STD,844,-3,-0.35,"3,300",2026/08/26
1069,1069,4188,三菱ケミカルグループ(株),東証PRM,"1,132",-4,-0.35,"4,026,100",2026/08/26
1070,1070,6324,(株)ハーモニック・ドライブ・システムズ,東証PRM,"5,760",-20,-0.35,"734,700",2026/08/26
1071,1071,9701,(株)東京會舘,東証STD,"4,235",-15,-0.35,300,2026/08/26
1072,1072,2558,MAXIS 米国株式(S&P500)上場投信,東証ETF,"3,508",-12,-0.34,"98,106",2026/08/26
1073,1073,3836,(株)アバントグループ,東証PRM,"1,183",-4,-0.34,"68,100",2026/08/26
1074,1074,447A,ステート・ストリート・スパイダー ゴールド ETF(H無),東証ETF,294.9,-1,-0.34,"64,830",2026/08/26
1075,1075,6335,(株)東京機械製作所,東証STD,589,-2,-0.34,"27,700",2026/08/26
1076,1076,6506,(株)安川電機,東証PRM,"4,949",-17,-0.34,"2,549,600",2026/08/26
1077,1077,6537,ＷＡＳＨハウス(株),東証GRT,295,-1,-0.34,"14,200",2026/08/26
1078,1078,6586,(株)マキタ,東証PRM,"5,291",-18,-0.34,"549,000",2026/08/26
1079,1079,6623,愛知電機(株),名証PRM,"8,850",-30,-0.34,"3,100",2026/08/26
1080,1080,7514,(株)ヒマラヤ,東証STD,878,-3,-0.34,"13,200",2026/08/26
1081,1081,7823,(株)アートネイチャー,東証STD,872,-3,-0.34,"54,400",2026/08/26
1082,1082,8173,(株)Ｊｏｓｈｉｎ,東証PRM,"4,350",-15,-0.34,"179,300",2026/08/26
1083,1083,9511,沖縄電力(株),東証PRM,"1,172",-4,-0.34,"180,500",2026/08/26
1084,1084,1808,(株)長谷工コーポレーション,東証PRM,"2,857.5",-9.5,-0.33,"512,700",2026/08/26
1085,1085,3393,スターティアホールディングス(株),東証PRM,"3,010",-10,-0.33,"22,700",2026/08/26
1086,1086,383A,MAXIS S&P500均等ウェイト,東証ETF,"2,683",-9,-0.33,324,2026/08/26
1087,1087,3998,(株)すららネット,東証GRT,302,-1,-0.33,"1,800",2026/08/26
1088,1088,4058,トヨクモ(株),東証GRT,"2,389",-8,-0.33,"23,100",2026/08/26
1089,1089,5351,品川リフラ(株),東証PRM,"2,087",-7,-0.33,"66,000",2026/08/26
1090,1090,6286,靜甲(株),東証STD,"1,500",-5,-0.33,"5,500",2026/08/26
1091,1091,6379,レイズネクスト(株),東証PRM,"3,040",-10,-0.33,"184,100",2026/08/26
1092,1092,7157,ライフネット生命保険(株),東証PRM,"1,505",-5,-0.33,"230,700",2026/08/26
1093,1093,9039,(株)サカイ引越センター,東証PRM,"3,000",-10,-0.33,"104,900",2026/08/26
1094,1094,9761,東海リース(株),東証STD,"2,428",-8,-0.33,"2,600",2026/08/26
1095,1095,1449,(株)ＦＵＪＩジャパン,札証,313,-1,-0.32,600,2026/08/26
1096,1096,1852,(株)淺沼組,東証PRM,923,-3,-0.32,"324,900",2026/08/26
1097,1097,298A,ＧＶＡ　ＴＥＣＨ(株),東証GRT,314,-1,-0.32,"15,800",2026/08/26
1098,1098,3223,(株)エスエルディー,東証STD,931,-3,-0.32,800,2026/08/26
1099,1099,4539,日本ケミファ(株),東証STD,"1,574",-5,-0.32,"2,100",2026/08/26
1100,1100,5122,オカモト(株),東証PRM,"6,290",-20,-0.32,"26,900",2026/08/26
1101,1101,5218,(株)オハラ,東証STD,"1,575",-5,-0.32,"41,000",2026/08/26
1102,1102,6150,タケダ機械(株),東証STD,"2,765",-9,-0.32,"1,100",2026/08/26
1103,1103,6326,(株)クボタ,東証PRM,"2,793.5",-9,-0.32,"3,042,300",2026/08/26
1104,1104,6504,富士電機(株),東証PRM,"13,965",-45,-0.32,"453,400",2026/08/26
1105,1105,6513,(株)オリジン,東証STD,"1,260",-4,-0.32,"19,300",2026/08/26
1106,1106,6645,オムロン(株),東証PRM,"6,455",-21,-0.32,"892,400",2026/08/26
1107,1107,6702,富士通(株),東証PRM,"3,716",-12,-0.32,"4,152,900",2026/08/26
1108,1108,7022,サノヤスホールディングス(株),東証STD,313,-1,-0.32,"28,100",2026/08/26
1109,1109,7863,(株)平賀,東証STD,937,-3,-0.32,600,2026/08/26
1110,1110,7950,日本デコラックス(株),名証MN,"9,350",-30,-0.32,100,2026/08/26
1111,1111,9532,大阪ガス(株),東証PRM,"5,600",-18,-0.32,"582,600",2026/08/26
1112,1112,1420,サンヨーホームズ(株),東証STD,634,-2,-0.31,"12,900",2026/08/26
1113,1113,184A,(株)学びエイド,東証GRT,319,-1,-0.31,"2,000",2026/08/26
1114,1114,2351,(株)ＡＳＪ,東証STD,324,-1,-0.31,"13,400",2026/08/26
1115,1115,2428,ウェルネット(株),東証STD,643,-2,-0.31,"38,600",2026/08/26
1116,1116,2501,サッポロビール(株),東証PRM,"1,927.5",-6,-0.31,"744,300",2026/08/26
1117,1117,3968,セグエグループ(株),東証PRM,636,-2,-0.31,"193,200",2026/08/26
1118,1118,423A,(株)ライオン事務器,東証STD,321,-1,-0.31,"18,700",2026/08/26
1119,1119,587A,インベスコ QQQ トラスト シリーズ1,東証ETF,"112,900",-350,-0.31,132,2026/08/26
1120,1120,7043,アルー(株),東証GRT,952,-3,-0.31,600,2026/08/26
1121,1121,7046,ＴＤＳＥ(株),東証GRT,"1,302",-4,-0.31,"1,300",2026/08/26
1122,1122,8976,大和証券オフィス投資法人,東証,"323,500","-1,000",-0.31,"2,042",2026/08/26
1123,1123,9065,山九(株),東証PRM,"8,399",-26,-0.31,"178,000",2026/08/26
1124,1124,9351,東洋埠頭(株),東証STD,"1,903",-6,-0.31,"1,100",2026/08/26
1125,1125,1444,(株)ニッソウ,東証GRT,"2,616",-8,-0.3,400,2026/08/26
1126,1126,1697,WisdomTree 大豆上場投信,東証ETF,"4,725",-14,-0.3,680,2026/08/26
1127,1127,1853,(株)森組,東証STD,332,-1,-0.3,"14,300",2026/08/26
1128,1128,2659,(株)サンエー,東証PRM,"3,370",-10,-0.3,"100,200",2026/08/26
1129,1129,2884,(株)ヨシムラ・フード・ホールディングス,東証PRM,655,-2,-0.3,"77,500",2026/08/26
1130,1130,3282,コンフォリア・レジデンシャル投資法人,東証,"100,300",-300,-0.3,"5,472",2026/08/26
1131,1131,3451,トーセイ・リート投資法人,東証,"132,300",-400,-0.3,583,2026/08/26
1132,1132,3800,(株)ユニリタ,東証STD,"1,972",-6,-0.3,"5,800",2026/08/26
1133,1133,4047,関東電化工業(株),東証PRM,"2,326",-7,-0.3,"466,700",2026/08/26
1134,1134,4971,メック(株),東証PRM,"6,710",-20,-0.3,"214,600",2026/08/26
1135,1135,6771,池上通信機(株),東証STD,671,-2,-0.3,"4,500",2026/08/26
1136,1136,7276,(株)小糸製作所,東証PRM,"2,674",-8,-0.3,"573,600",2026/08/26
1137,1137,7956,ピジョン(株),東証PRM,"2,142.5",-6.5,-0.3,"734,900",2026/08/26
1138,1138,9009,京成電鉄(株),東証PRM,"1,337",-4,-0.3,"1,171,000",2026/08/26
1139,1139,9271,(株)和心,東証GRT,987,-3,-0.3,"24,400",2026/08/26
1140,1140,9885,(株)シャルレ,東証STD,335,-1,-0.3,"6,900",2026/08/26
1141,1141,9942,(株)ジョイフル,福証,"1,334",-4,-0.3,"28,000",2026/08/26
1142,1142,2012,iシェアーズ 米国債0-3カ月 ETF,東証ETF,241.7,-0.7,-0.29,"99,420",2026/08/26
1143,1143,2293,滝沢ハム(株),東証STD,"2,710",-8,-0.29,700,2026/08/26
1144,1144,2480,システム・ロケーション(株),東証STD,"1,725",-5,-0.29,100,2026/08/26
1145,1145,2594,キーコーヒー(株),東証PRM,"2,031",-6,-0.29,"46,800",2026/08/26
1146,1146,272A,(株)グリーンクロスホールディングス,福証,"1,371",-4,-0.29,300,2026/08/26
1147,1147,3036,アルコニックス(株),東証PRM,"3,450",-10,-0.29,"128,200",2026/08/26
1148,1148,3104,富士紡ホールディングス(株),東証PRM,"3,480",-10,-0.29,"95,800",2026/08/26
1149,1149,3224,(株)ゼネラル・オイスター,東証GRT,688,-2,-0.29,"3,500",2026/08/26
1150,1150,5991,ニッパツ,東証PRM,"3,447",-10,-0.29,"505,500",2026/08/26
1151,1151,7039,ブリッジインターナショナルグループ(株),東証GRT,"1,367",-4,-0.29,"14,300",2026/08/26
1152,1152,7065,ユーピーアール(株),東証STD,"1,014",-3,-0.29,"16,300",2026/08/26
1153,1153,9731,(株)白洋舍,東証STD,"3,395",-10,-0.29,"2,600",2026/08/26
1154,1154,9861,(株)吉野家ホールディングス,東証PRM,"3,847",-11,-0.29,"506,500",2026/08/26
1155,1155,9950,(株)ハチバン,東証STD,"3,420",-10,-0.29,900,2026/08/26
1156,1156,9994,(株)やまや,東証STD,"2,081",-6,-0.29,"14,600",2026/08/26
1157,1157,157A,グリーンモンスター(株),東証GRT,720,-2,-0.28,"10,700",2026/08/26
1158,1158,2568,上場インデックスファンド米国株式(NASDAQ100)H無,東証ETF,"7,958",-22,-0.28,"2,881",2026/08/26
1159,1159,2767,円谷フィールズホールディングス(株),東証PRM,"2,517",-7,-0.28,"424,000",2026/08/26
1160,1160,3352,(株)バッファロー,東証STD,"1,792",-5,-0.28,900,2026/08/26
1161,1161,3842,(株)ネクストジェン,東証STD,"1,051",-3,-0.28,"4,700",2026/08/26
1162,1162,4464,(株)ソフト９９コーポレーション,東証STD,"3,550",-10,-0.28,800,2026/08/26
1163,1163,4845,(株)スカラ,東証STD,355,-1,-0.28,"55,700",2026/08/26
1164,1164,6278,ユニオンツール(株),東証PRM,"14,440",-40,-0.28,"174,700",2026/08/26
1165,1165,6291,日本エアーテック(株),東証STD,"1,400",-4,-0.28,"35,700",2026/08/26
1166,1166,6779,日本電波工業(株),東証PRM,"2,806",-8,-0.28,"413,200",2026/08/26
1167,1167,6923,スタンレー電気(株),東証PRM,"3,600",-10,-0.28,"342,800",2026/08/26
1168,1168,7370,(株)Ｅｎｊｉｎ,東証GRT,714,-2,-0.28,"3,100",2026/08/26
1169,1169,2042,NEXT NOTES 東証グロース市場250 ETN,東証ETF,"8,133",-22,-0.27,86,2026/08/26
1170,1170,3205,(株)ダイドーリミテッド,東証STD,745,-2,-0.27,"82,400",2026/08/26
1171,1171,4335,ＩＰＳホールディングス(株),東証STD,"1,096",-3,-0.27,"2,700",2026/08/26
1172,1172,4391,ロジザード(株),東証GRT,"1,120",-3,-0.27,700,2026/08/26
1173,1173,4482,(株)ウィルズ,東証GRT,729,-2,-0.27,"9,200",2026/08/26
1174,1174,4848,(株)フルキャストホールディングス,東証PRM,"1,872",-5,-0.27,"55,000",2026/08/26
1175,1175,5753,日本伸銅(株),東証STD,"2,600",-7,-0.27,"1,300",2026/08/26
1176,1176,6525,(株)ＫＯＫＵＳＡＩ　ＥＬＥＣＴＲＩＣ,東証PRM,"8,466",-23,-0.27,"5,022,800",2026/08/26
1177,1177,6694,(株)ズーム,東証STD,739,-2,-0.27,"8,500",2026/08/26
1178,1178,6898,トミタ電機(株),東証STD,"3,730",-10,-0.27,"1,200",2026/08/26
1179,1179,7196,(株)Ｃａｓａ,東証STD,744,-2,-0.27,"7,700",2026/08/26
1180,1180,7513,(株)コジマ,東証PRM,"1,483",-4,-0.27,"334,900",2026/08/26
1181,1181,1545,(NEXT FUNDS)NASDAQ-100(H無)連動型上場投信,東証ETF,234.5,-0.6,-0.26,"2,024,270",2026/08/26
1182,1182,1630,(NEXT FUNDS)小売上場投信,東証ETF,"37,950",-100,-0.26,262,2026/08/26
1183,1183,2004,昭和産業(株),東証PRM,"3,765",-10,-0.26,"52,600",2026/08/26
1184,1184,2229,カルビー(株),東証PRM,"3,082",-8,-0.26,"164,100",2026/08/26
1185,1185,2840,iFreeETF NASDAQ100(H無),東証ETF,"2,674",-7,-0.26,"64,922",2026/08/26
1186,1186,2911,旭松食品(株),東証STD,"2,270",-6,-0.26,200,2026/08/26
1187,1187,3238,セントラル総合開発(株),東証STD,383,-1,-0.26,"20,700",2026/08/26
1188,1188,4060,ｒａｋｕｍｏ(株),東証GRT,"1,166",-3,-0.26,"4,200",2026/08/26
1189,1189,4475,ＨＥＮＮＧＥ(株),東証GRT,"1,535",-4,-0.26,"463,300",2026/08/26
1190,1190,4751,(株)サイバーエージェント,東証PRM,"1,340",-3.5,-0.26,"4,993,500",2026/08/26
1191,1191,5269,日本コンクリート工業(株),東証PRM,387,-1,-0.26,"247,200",2026/08/26
1192,1192,533A,NZAM 上場投信 S&P500(H無),東証ETF,"2,288",-6,-0.26,18,2026/08/26
1193,1193,604A,(株)ビーエイブル,東証STD,"1,130",-3,-0.26,"535,400",2026/08/26
1194,1194,6965,浜松ホトニクス(株),東証PRM,"2,346",-6,-0.26,"1,678,300",2026/08/26
1195,1195,6997,日本ケミコン(株),東証PRM,"2,691",-7,-0.26,"469,400",2026/08/26
1196,1196,7114,(株)フーディソン,東証GRT,780,-2,-0.26,"2,100",2026/08/26
1197,1197,7265,エイケン工業(株),東証STD,"3,875",-10,-0.26,100,2026/08/26
1198,1198,9031,西日本鉄道(株),東証PRM,"3,100",-8,-0.26,"126,400",2026/08/26
1199,1199,9842,アークランズ(株),東証PRM,"1,916",-5,-0.26,"394,800",2026/08/26
1200,1200,2244,GX US テック・トップ20,東証ETF,"3,545",-9,-0.25,"36,649",2026/08/26
1201,1201,2629,iFree グレーターベイエリア・イノベーション100,東証ETF,"3,663",-9,-0.25,"1,362",2026/08/26
1202,1202,2669,カネ美食品(株),東証STD,"3,990",-10,-0.25,"19,500",2026/08/26
1203,1203,2975,スター・マイカ・ホールディングス(株),東証PRM,"1,593",-4,-0.25,"131,300",2026/08/26
1204,1204,3377,(株)バイク王＆カンパニー,東証STD,397,-1,-0.25,"8,700",2026/08/26
1205,1205,3392,デリカフーズホールディングス(株),東証STD,796,-2,-0.25,"21,500",2026/08/26
1206,1206,3896,阿波製紙(株),東証STD,395,-1,-0.25,"6,000",2026/08/26
1207,1207,391A,(株)山忠,名証MN,"2,440",-6,-0.25,800,2026/08/26
1208,1208,399A,上場インデックスファンド日経平均高配当株50,東証ETF,"2,364",-6,-0.25,"13,216",2026/08/26
1209,1209,8086,ニプロ(株),東証PRM,"1,572.5",-4,-0.25,"668,300",2026/08/26
1210,1210,177A,コージンバイオ(株),東証GRT,847,-2,-0.24,"2,000",2026/08/26
1211,1211,1967,(株)ヤマト,東証STD,"2,087",-5,-0.24,"6,600",2026/08/26
1212,1212,2841,iFreeETF NASDAQ100(H有),東証ETF,"1,674",-4,-0.24,"3,001",2026/08/26
1213,1213,426A,ニッセイ ETF S&P500イコール・ウェイト(H無),東証ETF,"1,260",-3,-0.24,"5,085",2026/08/26
1214,1214,6076,(株)アメイズ,福証,"1,267",-3,-0.24,"2,000",2026/08/26
1215,1215,6867,リーダー電子(株),東証STD,410,-1,-0.24,"9,600",2026/08/26
1216,1216,2695,くら寿司(株),東証PRM,"1,742",-4,-0.23,"169,600",2026/08/26
1217,1217,2845,(NEXT FUNDS) NASDAQ-100(H有)連動型上場投信,東証ETF,"3,502",-8,-0.23,"3,132",2026/08/26
1218,1218,3183,ウイン・パートナーズ(株),東証PRM,"1,276",-3,-0.23,"15,600",2026/08/26
1219,1219,3477,フォーライフ(株),東証GRT,883,-2,-0.23,800,2026/08/26
1220,1220,3537,昭栄薬品(株),東証STD,"1,722",-4,-0.23,800,2026/08/26
1221,1221,3608,(株)ＴＳＩホールディングス,東証PRM,"1,277",-3,-0.23,"222,100",2026/08/26
1222,1222,3904,(株)カヤック,東証GRT,433,-1,-0.23,"24,400",2026/08/26
1223,1223,4275,(株)カーリット,東証PRM,"2,135",-5,-0.23,"159,700",2026/08/26
1224,1224,4286,(株)ＣＬホールディングス,東証STD,"1,303",-3,-0.23,"43,900",2026/08/26
1225,1225,4366,ダイトーケミックス(株),東証STD,426,-1,-0.23,"40,200",2026/08/26
1226,1226,6070,キャリアリンク(株),東証PRM,"2,600",-6,-0.23,"33,100",2026/08/26
1227,1227,6141,ＤＭＧ森精機(株),東証PRM,"3,030",-7,-0.23,"895,600",2026/08/26
1228,1228,7066,(株)ピアズ,東証GRT,434,-1,-0.23,"4,000",2026/08/26
1229,1229,7297,(株)カーメイト,東証STD,859,-2,-0.23,"1,800",2026/08/26
1230,1230,7595,(株)アルゴグラフィックス,東証PRM,"1,326",-3,-0.23,"127,800",2026/08/26
1231,1231,7775,大研医器(株),東証STD,427,-1,-0.23,"13,600",2026/08/26
1232,1232,7980,(株)重松製作所,東証STD,851,-2,-0.23,"3,800",2026/08/26
1233,1233,8585,(株)オリエントコーポレーション,東証PRM,884,-2,-0.23,"259,400",2026/08/26
1234,1234,8904,(株)ＡＶＡＮＴＩＡ,東証STD,870,-2,-0.23,"33,700",2026/08/26
1235,1235,9219,(株)ギックス,東証GRT,884,-2,-0.23,"5,000",2026/08/26
1236,1236,9264,ポエック(株),東証STD,"1,766",-4,-0.23,"29,800",2026/08/26
1237,1237,9348,(株)ｉｓｐａｃｅ,東証GRT,427,-1,-0.23,"305,500",2026/08/26
1238,1238,1620,(NEXT FUNDS)素材･化学上場投信,東証ETF,"37,120",-80,-0.22,59,2026/08/26
1239,1239,213A,上場インデックスファンド日経半導体株,東証ETF,401,-0.9,-0.22,"530,200",2026/08/26
1240,1240,2288,丸大食品(株),東証PRM,"2,254",-5,-0.22,"65,400",2026/08/26
1241,1241,2485,(株)ティア,東証STD,452,-1,-0.22,"37,500",2026/08/26
1242,1242,281A,インフォメティス(株),東証GRT,444,-1,-0.22,"47,400",2026/08/26
1243,1243,3281,ＧＬＰ投資法人,東証,"139,200",-300,-0.22,"17,729",2026/08/26
1244,1244,3679,(株)じげん,東証PRM,453,-1,-0.22,"235,100",2026/08/26
1245,1245,3946,(株)トーモク,東証PRM,"4,615",-10,-0.22,"132,900",2026/08/26
1246,1246,4044,セントラル硝子(株),東証PRM,"4,485",-10,-0.22,"57,200",2026/08/26
1247,1247,486A,(NEXT FUNDS) ユーロ・ストックス50(H無),東証ETF,"2,290",-5,-0.22,904,2026/08/26
1248,1248,5929,三和ホールディングス(株),東証PRM,"3,638",-8,-0.22,"464,000",2026/08/26
1249,1249,6149,(株)小田原エンジニアリング,東証STD,"2,314",-5,-0.22,"10,700",2026/08/26
1250,1250,7701,(株)島津製作所,東証PRM,"4,110",-9,-0.22,"424,600",2026/08/26
1251,1251,7782,(株)シンシア,東証STD,463,-1,-0.22,"2,300",2026/08/26
1252,1252,8771,イー・ギャランティ(株),東証PRM,"1,825",-4,-0.22,"119,700",2026/08/26
1253,1253,2281,プリマハム(株),東証PRM,"2,428",-5,-0.21,"121,100",2026/08/26
1254,1254,2305,(株)スタジオアリス,東証STD,"1,916",-4,-0.21,"117,400",2026/08/26
1255,1255,2411,ゲンダイエージェンシー(株),東証STD,472,-1,-0.21,"7,800",2026/08/26
1256,1256,2689,オルバヘルスケアホールディングス(株),東証STD,"1,871",-4,-0.21,"2,800",2026/08/26
1257,1257,2789,(株)カルラ,東証STD,478,-1,-0.21,"1,500",2026/08/26
1258,1258,4021,日産化学(株),東証PRM,"8,168",-17,-0.21,"551,300",2026/08/26
1259,1259,5301,東海カーボン(株),東証PRM,"1,643",-3.5,-0.21,"785,400",2026/08/26
1260,1260,6302,住友重機械工業(株),東証PRM,"5,840",-12,-0.21,"463,000",2026/08/26
1261,1261,6307,サンセイ(株),東証STD,480,-1,-0.21,"19,900",2026/08/26
1262,1262,7357,(株)ジオコード,東証STD,"1,946",-4,-0.21,"11,600",2026/08/26
1263,1263,8957,東急リアル・エステート投資法人,東証,"185,900",-400,-0.21,"1,168",2026/08/26
1264,1264,9242,メディア総研(株),東証GRT,"1,907",-4,-0.21,"1,600",2026/08/26
1265,1265,9368,キムラユニティー(株),東証STD,931,-2,-0.21,"23,100",2026/08/26
1266,1266,2053,中部飼料(株),東証PRM,"2,028",-4,-0.2,"39,900",2026/08/26
1267,1267,2796,ファーマライズホールディングス(株),東証STD,502,-1,-0.2,"3,000",2026/08/26
1268,1268,2883,(株)大冷,東証STD,"2,029",-4,-0.2,"2,900",2026/08/26
1269,1269,3140,ＢＲＵＮＯ(株),東証GRT,"1,020",-2,-0.2,"4,800",2026/08/26
1270,1270,4014,(株)カラダノート,東証GRT,502,-1,-0.2,"15,200",2026/08/26
1271,1271,4447,(株)ピー・ビーシステムズ,東証GRT,499,-1,-0.2,"5,900",2026/08/26
1272,1272,5015,ビーピー・カストロール(株),東証STD,"1,001",-2,-0.2,"9,000",2026/08/26
1273,1273,5368,日本インシュレーション(株),東証STD,"1,013",-2,-0.2,"3,300",2026/08/26
1274,1274,5938,(株)ＬＩＸＩＬ,東証PRM,"1,767.5",-3.5,-0.2,"1,196,000",2026/08/26
1275,1275,6539,(株)ＭＳ－Ｊａｐａｎ,東証PRM,"1,013",-2,-0.2,"23,000",2026/08/26
1276,1276,7077,(株)ＡＬｉＮＫインターネット,東証GRT,"1,007",-2,-0.2,"3,200",2026/08/26
1277,1277,9142,九州旅客鉄道(株),東証PRM,"3,536",-7,-0.2,"543,600",2026/08/26
1278,1278,9235,売れるネット広告社グループ(株),東証GRT,491,-1,-0.2,"22,000",2026/08/26
1279,1279,9357,名港海運(株),名証MN,"2,455",-5,-0.2,"4,800",2026/08/26
1280,1280,9421,(株)エヌジェイホールディングス,東証STD,508,-1,-0.2,"1,900",2026/08/26
1281,1281,9846,(株)天満屋ストア,東証STD,996,-2,-0.2,"10,700",2026/08/26
1282,1282,1655,iシェアーズ S&P500 米国株 ETF,東証ETF,878.1,-1.7,-0.19,"676,880",2026/08/26
1283,1283,2291,福留ハム(株),東証STD,512,-1,-0.19,"1,200",2026/08/26
1284,1284,2340,(株)極楽湯ホールディングス,東証STD,515,-1,-0.19,"37,500",2026/08/26
1285,1285,2979,SOSiLA物流リート投資法人,東証,"102,600",-200,-0.19,"2,263",2026/08/26
1286,1286,3420,(株)ケー・エフ・シー,東証STD,"1,601",-3,-0.19,"1,600",2026/08/26
1287,1287,4378,(株)ＣＩＮＣ,東証GRT,518,-1,-0.19,"8,100",2026/08/26
1288,1288,449A,ステート・ストリート・スパイダー S&P500 ETF(H無),東証ETF,829.2,-1.6,-0.19,"1,520",2026/08/26
1289,1289,7266,(株)今仙電機製作所,東証STD,"1,030",-2,-0.19,"25,600",2026/08/26
1290,1290,7616,(株)コロワイド,東証PRM,"2,092.5",-4,-0.19,"394,800",2026/08/26
1291,1291,9475,(株)昭文社ホールディングス,東証STD,530,-1,-0.19,"2,300",2026/08/26
1292,1292,9735,セコム(株),東証PRM,"6,428",-12,-0.19,"990,800",2026/08/26
1293,1293,1446,(株)キャンディル,東証STD,540,-1,-0.18,"2,700",2026/08/26
1294,1294,1619,(NEXT FUNDS)建設･資材上場投信,東証ETF,"45,290",-80,-0.18,186,2026/08/26
1295,1295,2009,鳥越製粉(株),東証STD,"1,089",-2,-0.18,"16,900",2026/08/26
1296,1296,2218,日糧製パン(株),札証,"2,160",-4,-0.18,400,2026/08/26
1297,1297,2633,(NEXT FUNDS) S&P500(H無)連動型上場投信,東証ETF,564,-1,-0.18,"27,890",2026/08/26
1298,1298,2815,アリアケジャパン(株),東証PRM,"5,430",-10,-0.18,"37,100",2026/08/26
1299,1299,3109,シキボウ(株),東証PRM,"1,094",-2,-0.18,"49,000",2026/08/26
1300,1300,3306,日本製麻(株),東証STD,569,-1,-0.18,"29,700",2026/08/26
1301,1301,3912,(株)モバイルファクトリー,東証STD,"1,129",-2,-0.18,"1,400",2026/08/26
1302,1302,4031,片倉コープアグリ(株),東証STD,"1,100",-2,-0.18,"7,300",2026/08/26
1303,1303,4394,(株)エクスモーション,東証GRT,559,-1,-0.18,"6,500",2026/08/26
1304,1304,541A,One ETF TOPIX高配当株グロース指数,東証ETF,"1,136.5",-2,-0.18,770,2026/08/26
1305,1305,6165,パンチ工業(株),東証STD,561,-1,-0.18,"105,800",2026/08/26
1306,1306,6516,山洋電気(株),東証PRM,"5,440",-10,-0.18,"87,600",2026/08/26
1307,1307,7244,市光工業(株),東証PRM,569,-1,-0.18,"153,500",2026/08/26
1308,1308,7885,タカノ(株),東証STD,"1,133",-2,-0.18,"6,800",2026/08/26
1309,1309,8228,(株)マルイチ産商,名証MN,"1,110",-2,-0.18,"7,400",2026/08/26
1310,1310,8898,(株)センチュリー２１・ジャパン,東証STD,"1,136",-2,-0.18,"1,800",2026/08/26
1311,1311,8945,サンネクスタグループ(株),東証STD,"1,089",-2,-0.18,"1,100",2026/08/26
1312,1312,9173,東海汽船(株),東証STD,"2,810",-5,-0.18,"1,400",2026/08/26
1313,1313,9254,(株)ラバブルマーケティンググループ,東証GRT,"1,116",-2,-0.18,400,2026/08/26
1314,1314,9366,(株)サンリツ,東証STD,"1,128",-2,-0.18,"5,000",2026/08/26
1315,1315,1495,上場インデックスファンドアジアリート,東証ETF,"11,565",-20,-0.17,99,2026/08/26
1316,1316,2247,iFreeETF S&P500(H無),東証ETF,"2,299",-4,-0.17,"7,829",2026/08/26
1317,1317,2519,(NEXT FUNDS)新興国債券･J.P.M･EM･プラス(H無),東証ETF,"1,202.5",-2,-0.17,"26,680",2026/08/26
1318,1318,2752,(株)フジオフードグループ本社,東証PRM,"1,143",-2,-0.17,"68,900",2026/08/26
1319,1319,2980,ＳＲＥホールディングス(株),東証PRM,"2,410",-4,-0.17,"249,500",2026/08/26
1320,1320,303A,(株)ｖｉｓｕｍｏ,東証GRT,600,-1,-0.17,"1,900",2026/08/26
1321,1321,3178,チムニー(株),東証STD,"1,204",-2,-0.17,"5,200",2026/08/26
1322,1322,3297,(株)東武住販,東証STD,"1,186",-2,-0.17,"2,100",2026/08/26
1323,1323,3421,(株)稲葉製作所,東証STD,"1,750",-3,-0.17,"23,400",2026/08/26
1324,1324,3981,(株)ビーグリー,東証STD,"1,202",-2,-0.17,"6,300",2026/08/26
1325,1325,4119,(株)日本ピグメントホールディングス,東証STD,"5,920",-10,-0.17,"1,700",2026/08/26
1326,1326,4204,積水化学工業(株),東証PRM,"2,617",-4.5,-0.17,"1,080,800",2026/08/26
1327,1327,4820,(株)ＥＭシステムズ,東証PRM,596,-1,-0.17,"87,100",2026/08/26
1328,1328,4934,プレミアアンチエイジング(株),東証GRT,599,-1,-0.17,"6,200",2026/08/26
1329,1329,5108,(株)ブリヂストン,東証PRM,"4,127",-7,-0.17,"2,542,200",2026/08/26
1330,1330,6730,(株)アクセル,東証STD,"1,179",-2,-0.17,"41,200",2026/08/26
1331,1331,8200,(株)リンガーハット,東証PRM,"2,356",-4,-0.17,"211,300",2026/08/26
1332,1332,9993,(株)ヤマザワ,東証STD,"1,192",-2,-0.17,"7,200",2026/08/26
1333,1333,1419,タマホーム(株),東証PRM,"3,060",-5,-0.16,"63,800",2026/08/26
1334,1334,1554,上場インデックス世界株式(MSCI ACWI)除く日本,東証ETF,"6,889",-11,-0.16,"4,189",2026/08/26
1335,1335,1557,State Street SPDR S&P500 ETF,東証ETF,"121,800",-200,-0.16,340,2026/08/26
1336,1336,1663,Ｋ＆Ｏエナジーグループ(株),東証PRM,"1,916",-3,-0.16,"131,600",2026/08/26
1337,1337,2204,(株)中村屋,東証STD,"3,185",-5,-0.16,"7,700",2026/08/26
1338,1338,2208,(株)ブルボン,東証STD,"3,050",-5,-0.16,"2,900",2026/08/26
1339,1339,2237,iFreeETF S&P500レバレッジ,東証ETF,"2,445",-4,-0.16,"2,668",2026/08/26
1340,1340,2503,キリンホールディングス(株),東証PRM,"3,079",-5,-0.16,"1,918,500",2026/08/26
1341,1341,3434,(株)アルファ,東証STD,"1,248",-2,-0.16,"3,500",2026/08/26
1342,1342,6013,(株)タクマ,東証PRM,"3,065",-5,-0.16,"269,500",2026/08/26
1343,1343,7628,(株)オーハシテクニカ,東証PRM,"1,213",-2,-0.16,"16,500",2026/08/26
1344,1344,8145,中部水産(株),名証MN,"3,220",-5,-0.16,100,2026/08/26
1345,1345,9006,京浜急行電鉄(株),東証PRM,"1,583.5",-2.5,-0.16,"487,500",2026/08/26
1346,1346,9551,メタウォーター(株),東証PRM,"3,140",-5,-0.16,"62,800",2026/08/26
1347,1347,9790,福井コンピュータホールディングス(株),東証PRM,"3,100",-5,-0.16,"21,900",2026/08/26
1348,1348,2087,NZAM 上場投信 NASDAQ100(H有),東証ETF,"3,403",-5,-0.15,"255,872",2026/08/26
1349,1349,2510,(NEXT FUNDS)国内債券・NOMURA-BPI総合,東証ETF,802.5,-1.2,-0.15,"2,840",2026/08/26
1350,1350,304A,フォルシア(株),東証GRT,"1,967",-3,-0.15,200,2026/08/26
1351,1351,3186,(株)ネクステージ,東証PRM,"3,385",-5,-0.15,"297,200",2026/08/26
1352,1352,3391,(株)ツルハホールディングス,東証PRM,"2,399",-3.5,-0.15,"1,060,100",2026/08/26
1353,1353,392A,iシェアーズ NASDAQ トップ 30,東証ETF,270.9,-0.4,-0.15,"56,510",2026/08/26
1354,1354,3954,昭和パックス(株),東証STD,"3,225",-5,-0.15,100,2026/08/26
1355,1355,4165,(株)プレイド,東証GRT,687,-1,-0.15,"359,200",2026/08/26
1356,1356,452A,iシェアーズ S&P500プレミアムインカム,東証ETF,822.2,-1.2,-0.15,"130,020",2026/08/26
1357,1357,5332,ＴＯＴＯ(株),東証PRM,"6,447",-10,-0.15,"643,500",2026/08/26
1358,1358,5949,ユニプレス(株),東証PRM,"1,346",-2,-0.15,"130,500",2026/08/26
1359,1359,6146,(株)ディスコ,東証PRM,"60,610",-90,-0.15,"1,587,400",2026/08/26
1360,1360,6166,(株)中村超硬,東証GRT,653,-1,-0.15,"388,800",2026/08/26
1361,1361,7360,(株)オンデック,東証GRT,652,-1,-0.15,"1,200",2026/08/26
1362,1362,7811,中本パックス(株),東証STD,"1,960",-3,-0.15,"10,600",2026/08/26
1363,1363,9127,玉井商船(株),東証STD,"3,300",-5,-0.15,"1,600",2026/08/26
1364,1364,92025,ＡＮＡホールディングス（株）第１回社債型種類株式,東証PRM,"4,781",-7,-0.15,"3,100",2026/08/26
1365,1365,9306,東陽倉庫(株),東証STD,"2,008",-3,-0.15,"11,500",2026/08/26
1366,1366,9565,ＧＬＯＥ(株),東証GRT,675,-1,-0.15,700,2026/08/26
1367,1367,2843,上場インデックスファンド豪州国債(H有),東証ETF,"3,687",-5,-0.14,104,2026/08/26
1368,1368,3058,(株)三洋堂ホールディングス,東証STD,704,-1,-0.14,600,2026/08/26
1369,1369,3059,ヒラキ(株),東証STD,707,-1,-0.14,"5,600",2026/08/26
1370,1370,3397,(株)トリドールホールディングス,東証PRM,"4,302",-6,-0.14,"152,300",2026/08/26
1371,1371,483A,テラテクノロジー(株),東証STD,"2,178",-3,-0.14,600,2026/08/26
1372,1372,5280,ヨシコン(株),東証STD,"2,187",-3,-0.14,"4,500",2026/08/26
1373,1373,6254,野村マイクロ・サイエンス(株),東証PRM,"3,615",-5,-0.14,"363,300",2026/08/26
1374,1374,6383,(株)ダイフク,東証PRM,"5,853",-8,-0.14,"1,782,200",2026/08/26
1375,1375,7112,(株)キューブ,東証GRT,698,-1,-0.14,"2,000",2026/08/26
1376,1376,7126,グローバルスタイル(株),東証STD,"1,418",-2,-0.14,"1,600",2026/08/26
1377,1377,7638,(株)ＮＥＷ　ＡＲＴ　ＨＯＬＤＩＮＧＳ,東証STD,"1,411",-2,-0.14,"12,400",2026/08/26
1378,1378,7699,オムニ・プラス・システム,東証GRT外国,690,-1,-0.14,"2,200",2026/08/26
1379,1379,1450,ＴＡＮＡＫＥＮ(株),東証STD,"1,480",-2,-0.13,"5,300",2026/08/26
1380,1380,1871,ピーエス・コンストラクション(株),東証PRM,"2,375",-3,-0.13,"89,500",2026/08/26
1381,1381,2093,上場Tracers 米国債0-2年ラダー(H無),東証ETF,"5,289",-7,-0.13,433,2026/08/26
1382,1382,2094,東証REITインバースETF,東証ETF,772,-1,-0.13,262,2026/08/26
1383,1383,2240,上場インデックスファンドS&P500先物インバース,東証ETF,"5,293",-7,-0.13,159,2026/08/26
1384,1384,2311,(株)エプコ,東証STD,787,-1,-0.13,"7,000",2026/08/26
1385,1385,3045,(株)カワサキ,東証STD,"1,486",-2,-0.13,"1,900",2026/08/26
1386,1386,356A,GX S&P500 キャッシュフロー・トップ100,東証ETF,"1,580",-2,-0.13,398,2026/08/26
1387,1387,365A,伊澤タオル(株),東証STD,795,-1,-0.13,"81,800",2026/08/26
1388,1388,4041,日本曹達(株),東証PRM,"3,945",-5,-0.13,"68,200",2026/08/26
1389,1389,5742,エヌアイシ・オートテック(株),東証STD,750,-1,-0.13,"1,500",2026/08/26
1390,1390,5989,(株)エイチワン,東証PRM,"1,547",-2,-0.13,"102,200",2026/08/26
1391,1391,6351,(株)鶴見製作所,東証PRM,"2,396",-3,-0.13,"32,900",2026/08/26
1392,1392,6655,東洋電機(株),名証MN,777,-1,-0.13,200,2026/08/26
1393,1393,6902,(株)デンソー,東証PRM,"1,919",-2.5,-0.13,"4,146,400",2026/08/26
1394,1394,6907,ジオマテック(株),東証STD,776,-1,-0.13,"9,200",2026/08/26
1395,1395,7089,フォースタートアップス(株),東証GRT,"1,520",-2,-0.13,"12,900",2026/08/26
1396,1396,7552,(株)ハピネット,東証PRM,"3,755",-5,-0.13,"117,700",2026/08/26
1397,1397,7769,リズム(株),東証PRM,"3,995",-5,-0.13,"9,700",2026/08/26
1398,1398,8016,(株)オンワードホールディングス,東証PRM,777,-1,-0.13,"772,000",2026/08/26
1399,1399,8043,スターゼン(株),東証PRM,"1,525",-2,-0.13,"139,700",2026/08/26
1400,1400,8860,フジ住宅(株),東証PRM,769,-1,-0.13,"41,200",2026/08/26
1401,1401,8964,三井不動産商業ファンド投資法人,東証,"79,100",-100,-0.13,"6,565",2026/08/26
1402,1402,9003,相鉄ホールディングス(株),東証PRM,"2,637",-3.5,-0.13,"192,400",2026/08/26
1403,1403,9301,三菱倉庫(株),東証PRM,"1,523.5",-2,-0.13,"670,300",2026/08/26
1404,1404,1812,鹿島,東証PRM,"4,829",-6,-0.12,"1,325,000",2026/08/26
1405,1405,2268,Ｂ－Ｒ　サーティワン　アイスクリーム(株),東証STD,"4,050",-5,-0.12,"3,300",2026/08/26
1406,1406,2569,上場インデックスファンド米国株式(NASDAQ100)H有,東証ETF,"4,260",-5,-0.12,"8,273",2026/08/26
1407,1407,3065,(株)ライフフーズ,東証STD,"1,621",-2,-0.12,"4,100",2026/08/26
1408,1408,4588,オンコリスバイオファーマ(株),東証GRT,"4,020",-5,-0.12,"1,837,800",2026/08/26
1409,1409,471A,ＮＳグループ(株),東証PRM,"1,612",-2,-0.12,"145,900",2026/08/26
1410,1410,515A,iシェアーズ 高格付け日本円社債 ETF,東証ETF,500.5,-0.6,-0.12,860,2026/08/26
1411,1411,5184,(株)ニチリン,東証STD,"4,140",-5,-0.12,"6,900",2026/08/26
1412,1412,5982,(株)マルゼン,東証STD,"4,160",-5,-0.12,"3,000",2026/08/26
1413,1413,7075,(株)ＱＬＳホールディングス,東証GRT,866,-1,-0.12,"7,000",2026/08/26
1414,1414,7741,ＨＯＹＡ(株),東証PRM,"24,965",-30,-0.12,"906,400",2026/08/26
1415,1415,8830,住友不動産(株),東証PRM,"3,398",-4,-0.12,"2,019,000",2026/08/26
1416,1416,9533,東邦ガス(株),東証PRM,"1,221",-1.5,-0.12,"671,800",2026/08/26
1417,1417,1345,上場インデックスファンドJリート隔月分配,東証ETF,"1,852",-2,-0.11,"61,987",2026/08/26
1418,1418,2565,GX ロジスティクス・J-REIT,東証ETF,895,-1,-0.11,"1,712",2026/08/26
1419,1419,25935,(株)伊藤園第1種優先株式,東証PRM,"1,795",-2,-0.11,"11,500",2026/08/26
1420,1420,2791,大黒天物産(株),東証PRM,"4,610",-5,-0.11,"40,600",2026/08/26
1421,1421,2892,日本食品化工(株),東証STD,"4,550",-5,-0.11,"3,400",2026/08/26
1422,1422,2927,(株)ＡＦＣ－ＨＤアムスライフサイエンス,東証STD,903,-1,-0.11,"39,300",2026/08/26
1423,1423,3079,ディーブイエックス(株),東証STD,932,-1,-0.11,"8,000",2026/08/26
1424,1424,313A,iシェアーズ S&P500 トップ20 ETF,東証ETF,261.3,-0.3,-0.11,"21,020",2026/08/26
1425,1425,3469,(株)デュアルタップ,東証STD,897,-1,-0.11,"2,600",2026/08/26
1426,1426,3878,(株)巴川コーポレーション,東証STD,884,-1,-0.11,"41,200",2026/08/26
1427,1427,4248,竹本容器(株),東証STD,884,-1,-0.11,"5,100",2026/08/26
1428,1428,5930,文化シヤッター(株),東証PRM,"1,895",-2,-0.11,"96,900",2026/08/26
1429,1429,7097,(株)さくらさくプラス,東証GRT,"2,756",-3,-0.11,"2,300",2026/08/26
1430,1430,7358,(株)ポピンズ,東証STD,"1,889",-2,-0.11,"13,900",2026/08/26
1431,1431,7698,(株)アイスコ,東証STD,"2,647",-3,-0.11,"2,000",2026/08/26
1432,1432,7898,(株)ウッドワン,東証STD,936,-1,-0.11,"3,200",2026/08/26
1433,1433,8908,(株)毎日コムネット,東証STD,882,-1,-0.11,"4,300",2026/08/26
1434,1434,9286,エネクス・インフラ投資法人,東証,"46,650",-50,-0.11,"2,389",2026/08/26
1435,1435,9342,(株)スマサポ,東証GRT,940,-1,-0.11,"2,300",2026/08/26
1436,1436,9619,(株)イチネンホールディングス,東証PRM,"2,716",-3,-0.11,"22,600",2026/08/26
1437,1437,163A,半導体フォーカス日本株(ネットリターン)ETN,東証ETF,"19,225",-20,-0.1,"2,775",2026/08/26
1438,1438,1657,iシェアーズ･コア MSCI 先進国株(除く日本)ETF,東証ETF,"7,340",-7,-0.1,365,2026/08/26
1439,1439,1659,iシェアーズ 米国リート ETF,東証ETF,"3,976",-4,-0.1,"5,245",2026/08/26
1440,1440,1686,WisdomTree 産業用金属上場投信,東証ETF,"3,090",-3,-0.1,220,2026/08/26
1441,1441,2163,(株)アルトナー,東証PRM,978,-1,-0.1,"15,700",2026/08/26
1442,1442,2922,(株)なとり,東証PRM,"2,022",-2,-0.1,"21,400",2026/08/26
1443,1443,2934,ジェイフロンティア(株),東証GRT,"2,002",-2,-0.1,"5,800",2026/08/26
1444,1444,442A,クラシコ(株),東証GRT,970,-1,-0.1,"1,600",2026/08/26
1445,1445,463A,(株)インテリックスホールディングス,東証STD,990,-1,-0.1,"16,400",2026/08/26
1446,1446,5464,モリ工業(株),東証STD,953,-1,-0.1,"16,700",2026/08/26
1447,1447,6082,(株)ライドオンエクスプレスホールディングス,東証STD,"1,030",-1,-0.1,"15,900",2026/08/26
1448,1448,7463,(株)アドヴァングループ,東証STD,953,-1,-0.1,"42,600",2026/08/26
1449,1449,7522,ワタミ(株),東証PRM,973,-1,-0.1,"51,200",2026/08/26
1450,1450,8700,丸八証券(株),東証STD,"1,978",-2,-0.1,"3,700",2026/08/26
1451,1451,9361,伏木海陸運送(株),東証STD,"2,058",-2,-0.1,300,2026/08/26
1452,1452,9558,ジャパニアス(株),東証GRT,"1,990",-2,-0.1,"2,000",2026/08/26
1453,1453,2868,GX S&P500・カバード・コール,東証ETF,"1,145",-1,-0.09,"24,780",2026/08/26
1454,1454,3024,クリエイト(株),東証STD,"1,170",-1,-0.09,"2,000",2026/08/26
1455,1455,4005,住友化学(株),東証PRM,554.6,-0.5,-0.09,"7,092,600",2026/08/26
1456,1456,410A,ＧＭＯコマース(株),東証GRT,"1,132",-1,-0.09,"5,700",2026/08/26
1457,1457,566A,iFreeETF ブルームバーグ日本株(除く金融)高配当50,東証ETF,"2,340",-2,-0.09,"5,700",2026/08/26
1458,1458,6470,大豊工業(株),東証STD,"1,131",-1,-0.09,"68,700",2026/08/26
1459,1459,6772,東京コスモス電機(株),東証STD,"1,075",-1,-0.09,800,2026/08/26
1460,1460,7073,(株)ジェイック,東証GRT,"2,251",-2,-0.09,400,2026/08/26
1461,1461,8185,(株)チヨダ,東証PRM,"1,071",-1,-0.09,"137,200",2026/08/26
1462,1462,8278,(株)フジ,東証PRM,"2,121",-2,-0.09,"166,300",2026/08/26
1463,1463,8570,イオンフィナンシャルサービス(株),東証PRM,"1,722.5",-1.5,-0.09,"369,400",2026/08/26
1464,1464,1547,上場インデックスファンド米国株式(S&P500),東証ETF,"13,280",-10,-0.08,"10,591",2026/08/26
1465,1465,1929,日特建設(株),東証PRM,"1,182",-1,-0.08,"50,400",2026/08/26
1466,1466,2148,アイティメディア(株),東証PRM,"1,260",-1,-0.08,"27,200",2026/08/26
1467,1467,2180,(株)サニーサイドアップグループ,東証STD,"1,307",-1,-0.08,"11,600",2026/08/26
1468,1468,2294,(株)柿安本店,東証PRM,"2,620",-2,-0.08,"7,500",2026/08/26
1469,1469,2327,日鉄ソリューションズ(株),東証PRM,"3,899",-3,-0.08,"136,500",2026/08/26
1470,1470,2331,ＡＬＳＯＫ(株),東証PRM,"1,191.5",-1,-0.08,"868,900",2026/08/26
1471,1471,2522,iシェアーズ オートメーション&ロボット ETF,東証ETF,"8,940",-7,-0.08,"1,241",2026/08/26
1472,1472,2620,iシェアーズ 米国債1-3年,東証ETF,369.6,-0.3,-0.08,"18,400",2026/08/26
1473,1473,3386,コスモ・バイオ(株),東証STD,"1,244",-1,-0.08,300,2026/08/26
1474,1474,3583,オーベクス(株),東証STD,"1,315",-1,-0.08,"1,400",2026/08/26
1475,1475,3611,(株)マツオカコーポレーション,東証STD,"2,538",-2,-0.08,"24,400",2026/08/26
1476,1476,4626,太陽ホールディングス(株),東証PRM,"4,750",-4,-0.08,"259,200",2026/08/26
1477,1477,6472,ＮＴＮ(株),東証PRM,372.6,-0.3,-0.08,"2,144,200",2026/08/26
1478,1478,7481,尾家産業(株),東証STD,"2,627",-2,-0.08,"1,300",2026/08/26
1479,1479,7932,(株)ニッピ,東証STD,"11,870",-10,-0.08,"4,100",2026/08/26
1480,1480,8174,日本瓦斯(株),東証PRM,"2,973",-2.5,-0.08,"131,700",2026/08/26
1481,1481,9046,神戸電鉄(株),東証STD,"2,493",-2,-0.08,"4,600",2026/08/26
1482,1482,94345,ソフトバンク(株)第1回社債型種類株式,東証PRM,"3,801",-3,-0.08,"8,700",2026/08/26
1483,1483,9895,(株)コンセック,東証STD,"1,264",-1,-0.08,500,2026/08/26
1484,1484,9989,(株)サンドラッグ,東証PRM,"3,749",-3,-0.08,"472,900",2026/08/26
1485,1485,1550,MAXIS 海外株式(MSCIコクサイ)上場投信,東証ETF,"8,183",-6,-0.07,159,2026/08/26
1486,1486,1764,工藤建設(株),東証STD,"2,756",-2,-0.07,400,2026/08/26
1487,1487,283A,GX USテック・配当貴族,東証ETF,"1,357",-1,-0.07,"1,154",2026/08/26
1488,1488,316A,iFreeETF FANG+,東証ETF,"2,678",-2,-0.07,"90,038",2026/08/26
1489,1489,3199,綿半ホールディングス(株),東証PRM,"1,343",-1,-0.07,"62,400",2026/08/26
1490,1490,3317,(株)フライングガーデン,東証STD,"1,462",-1,-0.07,300,2026/08/26
1491,1491,3524,日東製網(株),東証STD,"1,482",-1,-0.07,"2,400",2026/08/26
1492,1492,4202,(株)ダイセル,東証PRM,"1,458.5",-1,-0.07,"609,000",2026/08/26
1493,1493,4462,石原ケミカル(株),東証PRM,"2,968",-2,-0.07,"21,900",2026/08/26
1494,1494,4980,デクセリアルズ(株),東証PRM,"3,019",-2,-0.07,"1,507,600",2026/08/26
1495,1495,5071,(株)ヴィス,東証STD,"1,374",-1,-0.07,"1,000",2026/08/26
1496,1496,5458,高砂鐵工(株),東証STD,"1,376",-1,-0.07,100,2026/08/26
1497,1497,577A,GX シルバー,東証ETF,267.8,-0.2,-0.07,"5,180",2026/08/26
1498,1498,6566,(株)要興業,東証STD,"1,334",-1,-0.07,"1,000",2026/08/26
1499,1499,6908,イリソ電子工業(株),東証PRM,"2,777",-2,-0.07,"61,300",2026/08/26
1500,1500,1694,WisdomTree ニッケル上場投信,東証ETF,"2,369.5",-1.5,-0.06,90,2026/08/26
1501,1501,2014,iシェアーズ 米国連続増配株 ETF,東証ETF,324.2,-0.2,-0.06,"71,110",2026/08/26
1502,1502,4320,(株)ＣＥホールディングス,東証STD,"1,655",-1,-0.06,"52,500",2026/08/26
1503,1503,4595,(株)ミズホメディー,東証STD,"1,733",-1,-0.06,"108,600",2026/08/26
1504,1504,5463,丸一鋼管(株),東証PRM,"1,752.5",-1,-0.06,"370,300",2026/08/26
1505,1505,7447,ナガイレーベン(株),東証PRM,"1,792",-1,-0.06,"154,900",2026/08/26
1506,1506,7793,(株)イメージ・マジック,東証GRT,"1,539",-1,-0.06,400,2026/08/26
1507,1507,9249,日本エコシステム(株),東証STD,"1,664",-1,-0.06,"3,400",2026/08/26
1508,1508,2041,NEXT NOTES NYダウ･ベア･ドルヘッジ ETN,東証ETF,"1,929",-1,-0.05,698,2026/08/26
1509,1509,3038,(株)神戸物産,東証PRM,"2,847",-1.5,-0.05,"1,280,800",2026/08/26
1510,1510,3288,(株)オープンハウスグループ,東証PRM,"7,999",-4,-0.05,"235,300",2026/08/26
1511,1511,3922,(株)ＰＲ　ＴＩＭＥＳ,東証PRM,"2,175",-1,-0.05,"50,200",2026/08/26
1512,1512,4043,(株)トクヤマ,東証PRM,"4,021",-2,-0.05,"349,800",2026/08/26
1513,1513,4554,富士製薬工業(株),東証PRM,"1,844",-1,-0.05,"219,800",2026/08/26
1514,1514,4559,ゼリア新薬工業(株),東証PRM,"2,069",-1,-0.05,"161,900",2026/08/26
1515,1515,4613,関西ペイント(株),東証PRM,"2,891",-1.5,-0.05,"421,000",2026/08/26
1516,1516,6653,(株)正興電機製作所,東証PRM,"2,177",-1,-0.05,"44,600",2026/08/26
1517,1517,7313,テイ・エス　テック(株),東証PRM,"1,845",-1,-0.05,"295,400",2026/08/26
1518,1518,7523,アールビバン(株),東証STD,"1,878",-1,-0.05,"2,900",2026/08/26
1519,1519,7646,(株)ＰＬＡＮＴ,東証STD,"1,858",-1,-0.05,"2,600",2026/08/26
1520,1520,8089,ナイス(株),東証STD,"1,969",-1,-0.05,"2,300",2026/08/26
1521,1521,9946,ミニストップ(株),東証PRM,"1,872",-1,-0.05,"97,300",2026/08/26
1522,1522,1629,(NEXT FUNDS)商社･卸売上場投信,東証ETF,269.3,-0.1,-0.04,"303,180",2026/08/26
1523,1523,2258,iシェアーズ 米ドル建てハイイールド社債,東証ETF,226.9,-0.1,-0.04,"9,880",2026/08/26
1524,1524,274A,(株)ガーデン,東証STD,"2,360",-1,-0.04,"8,800",2026/08/26
1525,1525,2914,ＪＴ,東証PRM,"6,983",-3,-0.04,"1,875,000",2026/08/26
1526,1526,3028,(株)アルペン,東証PRM,"2,369",-1,-0.04,"65,700",2026/08/26
1527,1527,4684,(株)オービック,東証PRM,"4,774",-2,-0.04,"968,300",2026/08/26
1528,1528,5834,ＳＢＩリーシングサービス(株),東証GRT,"2,712",-1,-0.04,"51,600",2026/08/26
1529,1529,5892,(株)ｙｕｔｏｒｉ,東証GRT,"2,419",-1,-0.04,"67,400",2026/08/26
1530,1530,7804,(株)ビーアンドピー,東証STD,"2,337",-1,-0.04,"1,400",2026/08/26
1531,1531,8097,三愛オブリ(株),東証PRM,"2,414",-1,-0.04,"55,800",2026/08/26
1532,1532,9639,三協フロンテア(株),東証STD,"2,333",-1,-0.04,"12,700",2026/08/26
1533,1533,9740,ＣＳＰ,東証PRM,"2,803",-1,-0.04,"19,500",2026/08/26
1534,1534,9955,(株)ヨンキュウ,東証STD,"2,823",-1,-0.04,600,2026/08/26
1535,1535,1383,ベルグアース(株),東証STD,"2,999",-1,-0.03,"1,000",2026/08/26
1536,1536,2086,NZAM 上場投信 S&P500(H有),東証ETF,"3,055",-1,-0.03,3,2026/08/26
1537,1537,4045,東亞合成(株),東証PRM,"1,861",-0.5,-0.03,"203,800",2026/08/26
1538,1538,4413,(株)ボードルア,東証PRM,"2,968",-1,-0.03,"465,000",2026/08/26
1539,1539,450A,ステート・ストリート・スパイダー S&P500 ETF(H有),東証ETF,788.1,-0.2,-0.03,50,2026/08/26
1540,1540,6342,(株)太平製作所,東証STD,"2,960",-1,-0.03,"1,100",2026/08/26
1541,1541,9347,日本管財ホールディングス(株),東証PRM,"2,913",-1,-0.03,"45,000",2026/08/26
1542,1542,1478,iシェアーズ MSCI ジャパン高配当利回り ETF,東証ETF,"5,354",-1,-0.02,"24,109",2026/08/26
1543,1543,2238,iFreeETF S&P500インバース,東証ETF,"5,255",-1,-0.02,490,2026/08/26
1544,1544,2563,iシェアーズ S&P500 米国株 ETF(H有),東証ETF,404.9,-0.1,-0.02,"455,890",2026/08/26
1545,1545,6674,(株)ジーエス・ユアサ　コーポレーション,東証PRM,"5,356",-1,-0.02,"376,200",2026/08/26
