順位(全市場),順位,コード,銘柄名,市場,現在値,前日比,騰落率(%),出来高,時刻
1,1,576A,GX チャイナテック・カバード・コール,東証ETF,865,-255,-22.77,"330,499",2026/09/09
2,2,4395,(株)アクリート,東証GRT,613,-150,-19.66,"248,900",2026/09/09
3,3,8995,(株)誠建設工業,東証STD,"2,048",-500,-19.62,"1,264,400",2026/09/09
4,4,6548,(株)旅工房,東証GRT,119,-14,-10.53,"284,800",2026/09/09
5,5,7774,(株)ジャパン・ティッシュエンジニアリング,東証GRT,820,-92,-10.09,"205,100",2026/09/09
6,6,8918,(株)ランド,東証STD,10,-1,-9.09,"322,093,900",2026/09/09
7,7,1436,(株)グリーンエナジー＆カンパニー,東証GRT,"1,751",-172,-8.94,"541,900",2026/09/09
8,8,2667,(株)イメージ　ワン,東証STD,112,-11,-8.94,"1,501,000",2026/09/09
9,9,4978,(株)リプロセル,東証GRT,136,-13,-8.72,"1,897,800",2026/09/09
10,10,7075,(株)ＱＬＳホールディングス,東証GRT,998,-92,-8.44,"57,200",2026/09/09
11,11,4387,(株)ＺＵＵ,東証GRT,507,-42,-7.65,"31,100",2026/09/09
12,12,278A,Ｔｅｒｒａ　Ｄｒｏｎｅ(株),東証GRT,"18,800","-1,480",-7.3,"1,352,500",2026/09/09
13,13,4583,(株)カイオム・バイオサイエンス,東証GRT,90,-7,-7.22,"2,507,700",2026/09/09
14,14,157A,グリーンモンスター(株),東証GRT,723,-51,-6.59,"23,700",2026/09/09
15,15,550A,(株)ソフトテックス,東証STD,"2,201",-150,-6.38,"10,700",2026/09/09
16,16,446A,(株)ノースサンド,東証GRT,"2,014",-135,-6.28,"1,102,400",2026/09/09
17,17,8917,ファースト住建(株),東証STD,"1,068",-70,-6.15,"205,800",2026/09/09
18,18,2438,(株)アスカネット,東証GRT,329,-21,-6.0,"204,400",2026/09/09
19,19,607A,(株)エブリー,東証GRT,251,-16,-5.99,"1,645,600",2026/09/09
20,20,4151,協和キリン(株),東証PRM,"2,224",-139,-5.88,"3,318,400",2026/09/09
21,21,4499,(株)Ｓｐｅｅｅ,東証STD,"2,332",-145,-5.85,"201,300",2026/09/09
22,22,520A,ジェイファーマ(株),東証GRT,446,-27,-5.71,"481,000",2026/09/09
23,23,5132,(株)ｐｌｕｓｚｅｒｏ,東証GRT,"2,001",-120,-5.66,"95,100",2026/09/09
24,24,4180,Ａｐｐｉｅｒ　Ｇｒｏｕｐ(株),東証PRM,"1,393",-80,-5.43,"1,472,100",2026/09/09
25,25,2330,(株)フォーサイド,東証STD,123,-7,-5.38,"17,192,500",2026/09/09
26,26,7803,(株)ブシロード,東証GRT,423,-24,-5.37,"1,962,200",2026/09/09
27,27,3306,日本製麻(株),東証STD,681,-37,-5.15,"38,000",2026/09/09
28,28,603A,(株)アイ・グリッド・ソリューションズ,東証GRT,"1,033",-56,-5.14,"1,717,500",2026/09/09
29,29,3542,(株)ベガコーポレーション,東証GRT,"1,477",-77,-4.95,"29,600",2026/09/09
30,30,9610,ウィルソン・ラーニング　ワールドワイド(株),東証STD,116,-6,-4.92,"496,700",2026/09/09
31,31,3064,(株)ＭｏｎｏｔａＲＯ,東証PRM,"1,867.5",-95.5,-4.87,"2,171,600",2026/09/09
32,32,6594,ニデック(株),東証PRM,"2,591",-131,-4.81,"4,434,200",2026/09/09
33,33,9552,(株)クオンツ総研ホールディングス,東証PRM,"1,049",-53,-4.81,"292,400",2026/09/09
34,34,6522,(株)アスタリスク,東証GRT,"1,534",-77,-4.78,"936,600",2026/09/09
35,35,7063,(株)Ｂｉｒｄｍａｎ,東証GRT,80,-4,-4.76,"361,700",2026/09/09
36,36,8136,(株)サンリオ,東証PRM,"1,192.5",-59.5,-4.75,"23,424,700",2026/09/09
37,37,3976,(株)シャノン,東証GRT,566,-28,-4.71,"46,000",2026/09/09
38,38,4259,(株)エクサウィザーズ,東証GRT,810,-40,-4.71,"1,344,900",2026/09/09
39,39,6232,(株)ＡＣＳＬ,東証GRT,"1,316",-65,-4.71,"1,183,200",2026/09/09
40,40,3491,(株)ＧＡ　ｔｅｃｈｎｏｌｏｇｉｅｓ,東証GRT,"1,469",-72,-4.67,"250,600",2026/09/09
41,41,5242,(株)アイズ,東証GRT,"2,437",-119,-4.66,"5,200",2026/09/09
42,42,2432,(株)ディー・エヌ・エー,東証PRM,"2,489",-121.5,-4.65,"1,261,800",2026/09/09
43,43,280A,(株)ＴＭＨ,東証GRT,"1,084",-52,-4.58,"51,600",2026/09/09
44,44,2780,(株)コメ兵ホールディングス,東証STD,"4,515",-215,-4.55,"179,700",2026/09/09
45,45,2345,(株)ＨＯＤＬ１,東証STD,106,-5,-4.5,"111,800",2026/09/09
46,46,3987,エコモット(株),東証GRT,636,-30,-4.5,"25,300",2026/09/09
47,47,431A,ユーソナー(株),東証GRT,"2,607",-121,-4.44,"27,000",2026/09/09
48,48,4840,(株)トライアイズ,東証STD,656,-30,-4.37,"162,400",2026/09/09
49,49,3660,(株)アイスタイル,東証PRM,486,-22,-4.33,"1,611,800",2026/09/09
50,50,4506,住友ファーマ(株),東証PRM,"1,545",-70,-4.33,"4,208,100",2026/09/09
51,51,6574,(株)コンヴァノ,東証GRT,112,-5,-4.27,"894,800",2026/09/09
52,52,7810,(株)クロスフォー,東証STD,158,-7,-4.24,"451,700",2026/09/09
53,53,2354,(株)ＹＥ　ＤＩＧＩＴＡＬ,東証STD,"1,387",-61,-4.21,"796,200",2026/09/09
54,54,6058,(株)ベクトル,東証PRM,"1,932",-85,-4.21,"631,300",2026/09/09
55,55,257A,SMT ETF日本株厳選投資アクティブ,東証ETF,"3,328",-146,-4.2,746,2026/09/09
56,56,4011,(株)ヘッドウォータース,東証GRT,"2,438",-107,-4.2,"50,300",2026/09/09
57,57,533A,NZAM 上場投信 S&P500(H無),東証ETF,"2,210",-97,-4.2,214,2026/09/09
58,58,7731,(株)ニコン,東証PRM,"1,740",-76,-4.19,"2,854,400",2026/09/09
59,59,4381,ビープラッツ(株),東証GRT,254,-11,-4.15,"144,700",2026/09/09
60,60,477A,(株)スタートライン,東証GRT,810,-35,-4.14,"51,300",2026/09/09
61,61,190A,Ｃｈｏｒｄｉａ　Ｔｈｅｒａｐｅｕｔｉｃｓ(株),東証GRT,70,-3,-4.11,"310,800",2026/09/09
62,62,4687,ＴＤＣソフト(株),東証PRM,"1,031",-44,-4.09,"109,600",2026/09/09
63,63,7095,(株)Ｍａｃｂｅｅ　Ｐｌａｎｅｔ,東証PRM,"1,195",-51,-4.09,"77,200",2026/09/09
64,64,4393,(株)バンク・オブ・イノベーション,東証GRT,"5,410",-230,-4.08,"39,000",2026/09/09
65,65,4075,ブレインズテクノロジー(株),東証GRT,"1,230",-52,-4.06,"248,900",2026/09/09
66,66,2436,共同ピーアール(株),東証STD,568,-24,-4.05,"55,600",2026/09/09
67,67,6721,ウインテスト(株),東証STD,72,-3,-4.0,"269,200",2026/09/09
68,68,7974,任天堂(株),東証PRM,"8,401",-349,-3.99,"9,694,900",2026/09/09
69,69,1481,上場インデックスファンド日本経済貢献株,東証ETF,"3,841",-159,-3.98,32,2026/09/09
70,70,6176,(株)ブランジスタ,東証STD,"1,085",-45,-3.98,"236,800",2026/09/09
71,71,5253,カバー(株),東証GRT,"1,601",-66,-3.96,"1,085,300",2026/09/09
72,72,8473,ＳＢＩホールディングス(株),東証PRM,"3,217",-132,-3.94,"5,034,700",2026/09/09
73,73,7359,(株)東京通信グループ,東証GRT,270,-11,-3.91,"34,800",2026/09/09
74,74,7369,(株)メイホーホールディングス,東証GRT,371,-15,-3.89,"14,700",2026/09/09
75,75,7886,ヤマト　モビリティ　＆　Ｍｆｇ．(株),東証STD,570,-23,-3.88,"6,400",2026/09/09
76,76,4422,ＶＡＬＵＥＮＥＸ(株),東証GRT,572,-23,-3.87,"91,700",2026/09/09
77,77,2681,(株)ゲオホールディングス,東証PRM,"2,256",-90,-3.84,"263,000",2026/09/09
78,78,4418,(株)ＪＤＳＣ,東証GRT,"1,053",-42,-3.84,"213,100",2026/09/09
79,79,4718,(株)早稲田アカデミー,東証PRM,"2,531",-101,-3.84,"28,600",2026/09/09
80,80,8359,(株)八十二長野銀行,東証PRM,"2,622.5",-104.5,-3.83,"1,556,800",2026/09/09
81,81,6031,ＺＥＴＡ(株),東証STD,278,-11,-3.81,"71,600",2026/09/09
82,82,421A,(株)ムービン・ストラテジック・キャリア,東証GRT,"3,670",-145,-3.8,"58,200",2026/09/09
83,83,4776,サイボウズ(株),東証PRM,"2,887",-113,-3.77,"203,500",2026/09/09
84,84,4343,(株)イオンファンタジー,東証PRM,"2,730",-106,-3.74,"101,100",2026/09/09
85,85,7868,(株)広済堂ホールディングス,東証PRM,518,-20,-3.72,"639,200",2026/09/09
86,86,367A,プリモグローバルホールディングス(株),東証STD,"2,851",-110,-3.71,"36,600",2026/09/09
87,87,6018,阪神内燃機工業(株),東証STD,"5,970",-230,-3.71,400,2026/09/09
88,88,156A,マテリアルグループ(株),東証GRT,858,-33,-3.7,"41,200",2026/09/09
89,89,7699,オムニ・プラス・システム,東証GRT外国,703,-27,-3.7,"4,600",2026/09/09
90,90,3673,(株)ブロードリーフ,東証PRM,445,-17,-3.68,"1,310,600",2026/09/09
91,91,3346,ヒロタグループホールディングス(株),名証NXT,79,-3,-3.66,"50,600",2026/09/09
92,92,2678,アスクル(株),東証PRM,"1,241",-47,-3.65,"365,600",2026/09/09
93,93,5721,エスクリプトエナジー(株),東証STD,53,-2,-3.64,"557,500",2026/09/09
94,94,4373,シンプレクス・ホールディングス(株),東証PRM,"1,099",-41,-3.6,"1,428,200",2026/09/09
95,95,4967,小林製薬(株),東証PRM,"5,700",-213,-3.6,"314,700",2026/09/09
96,96,598A,チャットプラス(株),東証GRT,"1,579",-59,-3.6,"111,800",2026/09/09
97,97,7795,(株)ＫＹＯＲＩＴＳＵ,東証STD,215,-8,-3.59,"110,500",2026/09/09
98,98,4990,昭和化学工業(株),東証STD,538,-20,-3.58,"8,600",2026/09/09
99,99,4565,ネクセラファーマ(株),東証PRM,"1,190",-44,-3.57,"1,291,200",2026/09/09
100,100,6573,ＣＲＡＶＩＡ(株),東証GRT,27,-1,-3.57,"592,600",2026/09/09
101,101,2585,(株)ライフドリンクカンパニー,東証PRM,"1,438",-53,-3.55,"565,600",2026/09/09
102,102,6560,(株)エル・ティー・エス,東証PRM,"1,773",-65,-3.54,"31,900",2026/09/09
103,103,479A,ＰＲＯＮＩ(株),東証GRT,"1,875",-68,-3.5,"79,200",2026/09/09
104,104,7581,(株)サイゼリヤ,東証PRM,"7,220",-260,-3.48,"472,300",2026/09/09
105,105,4069,(株)ＢｌｕｅＭｅｍｅ,東証GRT,695,-25,-3.47,"4,500",2026/09/09
106,106,478A,(株)フツパー,東証GRT,780,-28,-3.47,"59,700",2026/09/09
107,107,9603,(株)エイチ・アイ・エス,東証PRM,"1,168",-42,-3.47,"575,500",2026/09/09
108,108,9236,ジャパンＭ＆Ａソリューション(株),東証GRT,"1,371",-49,-3.45,"4,300",2026/09/09
109,109,3661,(株)エムアップホールディングス,東証PRM,785,-28,-3.44,"485,200",2026/09/09
110,110,5831,(株)しずおかフィナンシャルグループ,東証PRM,"3,440",-122,-3.43,"2,366,400",2026/09/09
111,111,378A,(株)ヒット,東証GRT,905,-32,-3.42,"68,000",2026/09/09
112,112,5341,ＡＳＡＨＩ　ＥＩＴＯホールディングス(株),東証STD,141,-5,-3.42,"40,000",2026/09/09
113,113,5951,ダイニチ工業(株),東証STD,"1,130",-40,-3.42,"18,600",2026/09/09
114,114,3193,(株)エターナルホスピタリティグループ,東証PRM,"1,392",-49,-3.4,"146,900",2026/09/09
115,115,215A,(株)タイミー,東証GRT,"1,538",-54,-3.39,"1,195,200",2026/09/09
116,116,5218,(株)オハラ,東証STD,"1,570",-55,-3.38,"95,900",2026/09/09
117,117,593A,(株)ティアフォー,東証GRT,"2,275",-79,-3.36,"17,435,800",2026/09/09
118,118,3034,クオールホールディングス(株),東証PRM,"2,194",-76,-3.35,"101,400",2026/09/09
119,119,166A,(株)タスキホールディングス,東証PRM,"1,071",-37,-3.34,"427,600",2026/09/09
120,120,2654,(株)アスモ,東証STD,435,-15,-3.33,"23,100",2026/09/09
121,121,4599,(株)ステムリム,東証GRT,319,-11,-3.33,"265,300",2026/09/09
122,122,5255,(株)モンスターラボ,東証GRT,87,-3,-3.33,"230,900",2026/09/09
123,123,2195,アミタホールディングス(株),東証GRT,349,-12,-3.32,"61,300",2026/09/09
124,124,2323,(株)ｆｏｎｆｕｎ,東証STD,320,-11,-3.32,"44,000",2026/09/09
125,125,4419,(株)Ｆｉｎａｔｅｘｔホールディングス,東証GRT,"1,339",-46,-3.32,"415,400",2026/09/09
126,126,8364,(株)清水銀行,東証PRM,"3,060",-105,-3.32,"46,400",2026/09/09
127,127,6986,双葉電子工業(株),東証PRM,730,-25,-3.31,"862,200",2026/09/09
128,128,9424,日本通信(株),東証PRM,117,-4,-3.31,"2,376,500",2026/09/09
129,129,3186,(株)ネクステージ,東証PRM,"2,950",-100,-3.28,"824,800",2026/09/09
130,130,3854,(株)アイル,東証PRM,"2,098",-71,-3.27,"378,900",2026/09/09
131,131,9709,ＮＣＳ＆Ａ(株),東証STD,"1,183",-40,-3.27,"27,300",2026/09/09
132,132,4385,(株)メルカリ,東証PRM,"3,967",-133,-3.24,"2,192,300",2026/09/09
133,133,4498,サイバートラスト(株),東証GRT,"1,225",-41,-3.24,"30,300",2026/09/09
134,134,8337,(株)千葉興業銀行,東証PRM,"2,597",-87,-3.24,"96,100",2026/09/09
135,135,3097,(株)物語コーポレーション,東証PRM,"5,700",-190,-3.23,"139,400",2026/09/09
136,136,6444,サンデン(株),東証STD,180,-6,-3.23,"117,500",2026/09/09
137,137,6005,三浦工業(株),東証PRM,"3,082",-102,-3.2,"693,100",2026/09/09
138,138,7685,(株)ＢｕｙＳｅｌｌ　Ｔｅｃｈｎｏｌｏｇｉｅｓ,東証GRT,"2,948",-97,-3.19,"306,200",2026/09/09
139,139,2413,エムスリー(株),東証PRM,"1,666",-54.5,-3.17,"3,163,200",2026/09/09
140,140,4264,(株)セキュア,東証GRT,"1,405",-46,-3.17,"41,400",2026/09/09
141,141,8308,(株)りそなホールディングス,東証PRM,"2,412",-79,-3.17,"9,231,700",2026/09/09
142,142,3993,(株)ＰＫＳＨＡ　Ｔｅｃｈｎｏｌｏｇｙ,東証PRM,"3,060",-100,-3.16,"200,000",2026/09/09
143,143,4088,エア・ウォーター(株),東証PRM,"2,920",-95,-3.15,"1,767,500",2026/09/09
144,144,4346,(株)ＮＥＸＹＺ．Ｇｒｏｕｐ,東証STD,"1,015",-33,-3.15,"92,800",2026/09/09
145,145,4432,ウイングアーク１ｓｔ(株),東証PRM,"3,095",-100,-3.13,"97,900",2026/09/09
146,146,7199,プレミアグループ(株),東証PRM,"2,045",-66,-3.13,"313,700",2026/09/09
147,147,6570,(株)共和コーポレーション,東証STD,"3,440",-110,-3.1,"78,400",2026/09/09
148,148,9843,(株)ニトリホールディングス,東証PRM,"3,287",-105,-3.1,"4,439,000",2026/09/09
149,149,302A,(株)ビースタイルホールディングス,東証GRT,607,-19,-3.04,300,2026/09/09
150,150,3988,(株)ＳＹＳホールディングス,東証STD,542,-17,-3.04,"1,000",2026/09/09
151,151,4194,ビジョナル(株),東証PRM,"8,649",-271,-3.04,"244,500",2026/09/09
152,152,4307,(株)野村総合研究所,東証PRM,"4,818",-151,-3.04,"3,143,100",2026/09/09
153,153,7794,(株)イーディーピー,東証GRT,"1,019",-32,-3.04,"383,000",2026/09/09
154,154,4448,(株)ｋｕｂｅｌｌ,東証GRT,356,-11,-3.0,"87,800",2026/09/09
155,155,5032,ＡＮＹＣＯＬＯＲ(株),東証PRM,"2,855",-88,-2.99,"735,400",2026/09/09
156,156,8338,(株)筑波銀行,東証PRM,717,-22,-2.98,"1,563,900",2026/09/09
157,157,4704,トレンドマイクロ(株),東証PRM,"5,626",-172,-2.97,"1,191,900",2026/09/09
158,158,5243,ｎｏｔｅ(株),東証GRT,"2,824",-86,-2.96,"187,700",2026/09/09
159,159,6547,(株)グリーンズ,東証STD,"2,130",-65,-2.96,"49,200",2026/09/09
160,160,3697,(株)ＳＨＩＦＴ,東証PRM,830.9,-25.3,-2.95,"3,826,000",2026/09/09
161,161,4528,小野薬品工業(株),東証PRM,"2,353",-71.5,-2.95,"1,354,600",2026/09/09
162,162,456A,ＨＵＭＡＮ　ＭＡＤＥ(株),東証GRT,"1,458",-44,-2.93,"571,700",2026/09/09
163,163,3901,マークラインズ(株),東証PRM,"1,494",-45,-2.92,"101,500",2026/09/09
164,164,4488,ＡＩ　ｉｎｓｉｄｅ(株),東証GRT,"2,132",-64,-2.91,"9,400",2026/09/09
165,165,2315,(株)ＣＡＩＣＡ　ＤＩＧＩＴＡＬ,東証STD,67,-2,-2.9,"5,238,400",2026/09/09
166,166,2791,大黒天物産(株),東証PRM,"4,680",-140,-2.9,"52,100",2026/09/09
167,167,3900,(株)クラウドワークス,東証GRT,638,-19,-2.89,"57,600",2026/09/09
168,168,5885,(株)ジーデップ・アドバンス,東証STD,"3,355",-100,-2.89,"37,900",2026/09/09
169,169,4323,日本システム技術(株),東証PRM,"1,822",-54,-2.88,"43,100",2026/09/09
170,170,7033,(株)マネジメントソリューションズ,東証PRM,"1,551",-46,-2.88,"64,300",2026/09/09
171,171,3932,(株)アカツキ,東証PRM,"3,380",-100,-2.87,"87,000",2026/09/09
172,172,395A,業界改革厳選ETF地銀,東証ETF,"1,049",-31,-2.87,"63,660",2026/09/09
173,173,5838,楽天銀行(株),東証PRM,"6,336",-187,-2.87,"939,400",2026/09/09
174,174,9444,(株)トーシンホールディングス,東証STD,271,-8,-2.87,"12,800",2026/09/09
175,175,2762,(株)ＳＡＮＫＯ　ＭＡＲＫＥＴＩＮＧ　ＦＯＯＤＳ,東証STD,68,-2,-2.86,"277,000",2026/09/09
176,176,4073,(株)ジィ・シィ企画,東証GRT,475,-14,-2.86,"25,600",2026/09/09
177,177,5136,ｔｒｉｐｌａ(株),東証GRT,"1,944",-57,-2.85,"19,000",2026/09/09
178,178,2991,(株)ランドネット,東証STD,514,-15,-2.84,"71,800",2026/09/09
179,179,3088,(株)マツキヨココカラ＆カンパニー,東証PRM,"2,530",-74,-2.84,"2,011,400",2026/09/09
180,180,6857,(株)アドバンテスト,東証PRM,"32,840",-960,-2.84,"10,285,000",2026/09/09
181,181,7532,(株)パン・パシフィック・インターナショナルホールディングス,東証PRM,755.6,-22.1,-2.84,"19,852,600",2026/09/09
182,182,277A,グロービング(株),東証PRM,"1,853",-54,-2.83,"114,400",2026/09/09
183,183,3349,(株)コスモス薬品,東証PRM,"6,625",-193,-2.83,"516,100",2026/09/09
184,184,3549,(株)クスリのアオキホールディングス,東証STD,"4,015",-117,-2.83,"247,500",2026/09/09
185,185,4416,(株)Ｔｒｕｅ　Ｄａｔａ,東証GRT,415,-12,-2.81,"4,400",2026/09/09
186,186,7071,(株)アンビスホールディングス,東証PRM,381,-11,-2.81,"150,400",2026/09/09
187,187,2307,(株)クロスキャット,東証PRM,"1,007",-29,-2.8,"25,300",2026/09/09
188,188,4890,(株)坪田ラボ,東証GRT,278,-8,-2.8,"36,300",2026/09/09
189,189,206A,(株)ＰＲＩＳＭ　ＢｉｏＬａｂ,東証GRT,174,-5,-2.79,"58,300",2026/09/09
190,190,2334,(株)イオレ,東証GRT,559,-16,-2.78,"1,046,700",2026/09/09
191,191,4431,(株)スマレジ,東証GRT,"3,325",-95,-2.78,"79,900",2026/09/09
192,192,5946,(株)長府製作所,東証PRM,"1,999",-57,-2.77,"77,300",2026/09/09
193,193,5034,(株)ｕｎｅｒｒｙ,東証GRT,"2,223",-63,-2.76,"14,900",2026/09/09
194,194,7157,ライフネット生命保険(株),東証PRM,"1,376",-39,-2.76,"318,000",2026/09/09
195,195,3994,(株)マネーフォワード,東証PRM,"5,879",-166,-2.75,"402,200",2026/09/09
196,196,4165,(株)プレイド,東証GRT,637,-18,-2.75,"616,100",2026/09/09
197,197,6298,ワイエイシイホールディングス(株),東証PRM,"1,274",-36,-2.75,"123,700",2026/09/09
198,198,4893,ノイルイミューン・バイオテック(株),東証GRT,142,-4,-2.74,"48,500",2026/09/09
199,199,5590,(株)ネットスターズ,東証GRT,709,-20,-2.74,"80,000",2026/09/09
200,200,9235,売れるネット広告社グループ(株),東証GRT,426,-12,-2.74,"70,700",2026/09/09
201,201,7354,(株)ダイレクトマーケティングミックス,東証STD,392,-11,-2.73,"906,400",2026/09/09
202,202,402A,(株)アクセルスペースホールディングス,東証GRT,537,-15,-2.72,"1,011,400",2026/09/09
203,203,4287,(株)ジャストプランニング,東証STD,465,-13,-2.72,"10,800",2026/09/09
204,204,5532,(株)リアルゲイト,東証GRT,"3,400",-95,-2.72,"18,200",2026/09/09
205,205,9983,(株)ファーストリテイリング,東証PRM,"66,860","-1,870",-2.72,"1,432,200",2026/09/09
206,206,8267,イオン(株),東証PRM,"1,383.5",-38.5,-2.71,"9,914,200",2026/09/09
207,207,2673,夢みつけ隊(株),東証STD,108,-3,-2.7,"254,700",2026/09/09
208,208,6772,東京コスモス電機(株),東証STD,"1,045",-29,-2.7,"1,000",2026/09/09
209,209,6245,(株)ヒラノテクシード,東証STD,"1,808",-50,-2.69,"66,600",2026/09/09
210,210,6778,(株)アルチザネットワークス,東証STD,650,-18,-2.69,"7,100",2026/09/09
211,211,4572,カルナバイオサイエンス(株),東証GRT,436,-12,-2.68,"87,500",2026/09/09
212,212,2586,(株)フルッタフルッタ,東証GRT,73,-2,-2.67,"807,300",2026/09/09
213,213,7877,永大化工(株),東証STD,"2,186",-60,-2.67,"2,500",2026/09/09
214,214,2080,PBR1倍割れ解消推進ETF,東証ETF,"2,047",-56,-2.66,"62,372",2026/09/09
215,215,2351,(株)ＡＳＪ,東証STD,331,-9,-2.65,"3,300",2026/09/09
216,216,9563,Ａｔｌａｓ　Ｔｅｃｈｎｏｌｏｇｉｅｓ(株),東証GRT,330,-9,-2.65,"14,000",2026/09/09
217,217,195A,(株)ＭＵＳＣＡＴ　ＧＲＯＵＰ,東証GRT,700,-19,-2.64,"27,700",2026/09/09
218,218,8362,(株)福井銀行,東証PRM,"7,000",-190,-2.64,"91,900",2026/09/09
219,219,7762,シチズン時計(株),東証PRM,"2,259",-61,-2.63,"2,132,800",2026/09/09
220,220,8708,アイザワ証券グループ(株),東証PRM,"1,743",-47,-2.63,"170,100",2026/09/09
221,221,196A,(株)ＭＦＳ,東証GRT,334,-9,-2.62,"118,400",2026/09/09
222,222,3134,Ｈａｍｅｅ(株),東証STD,297,-8,-2.62,"41,500",2026/09/09
223,223,6897,(株)ツインバード,東証STD,671,-18,-2.61,"219,700",2026/09/09
224,224,1630,(NEXT FUNDS)小売上場投信,東証ETF,"36,680",-980,-2.6,"1,312",2026/09/09
225,225,441A,ＮＥ(株),東証GRT,262,-7,-2.6,"62,300",2026/09/09
226,226,7031,(株)インバウンドテック,東証GRT,673,-18,-2.6,"1,600",2026/09/09
227,227,3182,オイシックス(株),東証PRM,"1,580",-42,-2.59,"77,400",2026/09/09
228,228,3696,(株)セレス,東証PRM,"2,065",-55,-2.59,"98,300",2026/09/09
229,229,4828,ビジネスエンジニアリング(株),東証PRM,"1,355",-36,-2.59,"98,600",2026/09/09
230,230,5129,(株)ＦＩＸＥＲ,東証GRT,263,-7,-2.59,"156,200",2026/09/09
231,231,5575,(株)Ｇｌｏｂｅｅ,東証GRT,"1,091",-29,-2.59,"8,600",2026/09/09
232,232,8558,(株)東和銀行,東証PRM,"1,430",-38,-2.59,"117,800",2026/09/09
233,233,9251,(株)ＡＢ＆Ｃｏｍｐａｎｙ,東証GRT,"1,503",-40,-2.59,"33,200",2026/09/09
234,234,4733,(株)オービックビジネスコンサルタント,東証PRM,"8,010",-212,-2.58,"195,800",2026/09/09
235,235,8725,ＭＳ＆ＡＤインシュアランスグループホールディングス(株),東証PRM,"4,947",-131,-2.58,"5,748,000",2026/09/09
236,236,3947,ダイナパック(株),東証STD,"2,424",-64,-2.57,"1,900",2026/09/09
237,237,3719,ＡＩストーム(株),東証STD,114,-3,-2.56,"170,300",2026/09/09
238,238,4120,スガイ化学工業(株),東証STD,"3,050",-80,-2.56,900,2026/09/09
239,239,4412,(株)サイエンスアーツ,東証GRT,"1,330",-35,-2.56,"15,000",2026/09/09
240,240,7603,ジーイエット(株),東証STD,38,-1,-2.56,"962,100",2026/09/09
241,241,4288,(株)アズジェント,東証STD,458,-12,-2.55,"12,000",2026/09/09
242,242,6081,アライドアーキテクツ(株),東証GRT,153,-4,-2.55,"102,400",2026/09/09
243,243,8920,(株)東祥,東証STD,687,-18,-2.55,"117,100",2026/09/09
244,244,5830,(株)いよぎんホールディングス,東証PRM,"3,721",-97,-2.54,"1,037,900",2026/09/09
245,245,8331,(株)千葉銀行,東証PRM,"2,681.5",-70,-2.54,"3,092,600",2026/09/09
246,246,9627,(株)アインホールディングス,東証PRM,"5,825",-152,-2.54,"92,400",2026/09/09
247,247,2801,キッコーマン(株),東証PRM,"1,695",-44,-2.53,"3,546,000",2026/09/09
248,248,3639,(株)ボルテージ,東証STD,231,-6,-2.53,"4,600",2026/09/09
249,249,5889,Ｊａｐａｎ　Ｅｙｅｗｅａｒ　Ｈｏｌｄｉｎｇｓ(株),東証PRM,"2,585",-67,-2.53,"135,600",2026/09/09
250,250,7048,ベルトラ(株),東証GRT,154,-4,-2.53,"159,900",2026/09/09
251,251,4502,武田薬品工業(株),東証PRM,"5,615",-145,-2.52,"5,530,300",2026/09/09
252,252,5036,日本ビジネスシステムズ(株),東証PRM,"1,467",-38,-2.52,"125,100",2026/09/09
253,253,5580,(株)プロディライト,東証GRT,"1,547",-40,-2.52,800,2026/09/09
254,254,6824,新コスモス電機(株),東証STD,"4,250",-110,-2.52,"17,700",2026/09/09
255,255,7068,フィードフォースグループ(株),東証GRT,580,-15,-2.52,"58,100",2026/09/09
256,256,3092,(株)ＺＯＺＯ,東証PRM,"1,106.5",-28.5,-2.51,"3,194,100",2026/09/09
257,257,4543,テルモ(株),東証PRM,"2,268",-58.5,-2.51,"5,631,200",2026/09/09
258,258,6838,(株)多摩川ホールディングス,東証STD,"1,478",-38,-2.51,"188,300",2026/09/09
259,259,7856,萩原工業(株),東証PRM,"1,948",-50,-2.5,"231,000",2026/09/09
260,260,1689,WisdomTree 天然ガス上場投信,東証ETF,706,-18,-2.49,"79,357",2026/09/09
261,261,3788,ＧＭＯグローバルサイン・ホールディングス(株),東証PRM,"1,882",-48,-2.49,"37,300",2026/09/09
262,262,299A,クラシル(株),東証GRT,"1,259",-32,-2.48,"150,700",2026/09/09
263,263,3923,(株)ラクス,東証PRM,"1,020.5",-26,-2.48,"1,852,300",2026/09/09
264,264,3563,(株)ＦＯＯＤ　＆　ＬＩＦＥ　ＣＯＭＰＡＮＩＥＳ,東証PRM,"5,517",-140,-2.47,"2,051,200",2026/09/09
265,265,4238,ミライアル(株),東証STD,"1,814",-46,-2.47,"228,600",2026/09/09
266,266,2046,NEXT NOTES インドNifty･ダブル・ブル ETN,東証ETF,"22,990",-580,-2.46,"1,008",2026/09/09
267,267,1433,ベステラ(株),東証PRM,"1,236",-31,-2.45,"189,100",2026/09/09
268,268,3769,ＧＭＯペイメントゲートウェイ(株),東証PRM,"8,466",-213,-2.45,"419,700",2026/09/09
269,269,4755,楽天グループ(株),東証PRM,718,-18,-2.45,"17,302,000",2026/09/09
270,270,4882,(株)ペルセウスプロテオミクス,東証GRT,159,-4,-2.45,"1,189,300",2026/09/09
271,271,6098,(株)リクルートホールディングス,東証PRM,"15,305",-385,-2.45,"5,789,500",2026/09/09
272,272,7148,(株)ＦＰＧ,東証PRM,"1,675",-42,-2.45,"645,600",2026/09/09
273,273,7952,(株)河合楽器製作所,東証PRM,"3,185",-80,-2.45,"16,200",2026/09/09
274,274,5026,(株)トリプルアイズ,東証GRT,600,-15,-2.44,"47,800",2026/09/09
275,275,7085,(株)カーブスホールディングス,東証PRM,883,-22,-2.43,"405,500",2026/09/09
276,276,8795,(株)Ｔ＆Ｄホールディングス,東証PRM,"4,700",-117,-2.43,"1,348,100",2026/09/09
277,277,3796,(株)いい生活,東証STD,322,-8,-2.42,"26,900",2026/09/09
278,278,4053,(株)Ｓｕｎ　Ａｓｔｅｒｉｓｋ,東証PRM,445,-11,-2.41,"105,800",2026/09/09
279,279,6055,ジャパンマテリアル(株),東証PRM,"2,143",-53,-2.41,"415,100",2026/09/09
280,280,3968,セグエグループ(株),東証PRM,610,-15,-2.4,"351,800",2026/09/09
281,281,8524,(株)北洋銀行,東証PRM,"1,263",-31,-2.4,"1,273,300",2026/09/09
282,282,4479,(株)マクアケ,東証GRT,939,-23,-2.39,"25,500",2026/09/09
283,283,6557,ＡＩＡＩグループ(株),東証GRT,735,-18,-2.39,"19,700",2026/09/09
284,284,2034,NEXT NOTES 韓国KOSPI･ベアETN,東証ETF,"1,845",-45,-2.38,"17,572",2026/09/09
285,285,5867,(株)エスネットワークス,東証GRT,"1,279",-31,-2.37,"2,800",2026/09/09
286,286,7066,(株)ピアズ,東証GRT,453,-11,-2.37,"15,800",2026/09/09
287,287,7122,近畿車輛(株),東証STD,"2,345",-57,-2.37,"5,600",2026/09/09
288,288,8358,スルガ銀行(株),東証PRM,"2,839",-69,-2.37,"507,900",2026/09/09
289,289,2047,NEXT NOTES インドNifty・ベア ETN,東証ETF,"3,357",-81,-2.36,4,2026/09/09
290,290,8876,(株)リログループ,東証PRM,"2,194.5",-53,-2.36,"515,900",2026/09/09
291,291,7357,(株)ジオコード,東証STD,"1,665",-40,-2.35,"7,500",2026/09/09
292,292,2338,クオンタムソリューションズ(株),東証STD,125,-3,-2.34,"724,800",2026/09/09
293,293,2127,(株)日本Ｍ＆Ａセンターホールディングス,東証PRM,625.1,-14.9,-2.33,"4,604,200",2026/09/09
294,294,3844,コムチュア(株),東証PRM,"1,260",-30,-2.33,"333,800",2026/09/09
295,295,8011,(株)三陽商会,東証PRM,"1,302",-31,-2.33,"259,500",2026/09/09
296,296,8563,(株)大東銀行,東証STD,"1,130",-27,-2.33,"82,100",2026/09/09
297,297,8113,ユニ・チャーム(株),東証PRM,944.1,-22.4,-2.32,"4,508,500",2026/09/09
298,298,153A,(株)カウリス,東証GRT,"1,525",-36,-2.31,"143,300",2026/09/09
299,299,2384,ＳＢＳホールディングス(株),東証PRM,"4,860",-115,-2.31,"43,800",2026/09/09
300,300,319A,(株)技術承継機構,東証GRT,"21,160",-500,-2.31,"33,800",2026/09/09
301,301,4260,(株)ハイブリッドテクノロジーズ,東証GRT,211,-5,-2.31,"5,500",2026/09/09
302,302,6337,(株)テセック,東証STD,"3,390",-80,-2.31,"25,200",2026/09/09
303,303,9107,川崎汽船(株),東証PRM,"3,348",-79,-2.31,"3,891,400",2026/09/09
304,304,2317,(株)システナ,東証PRM,424,-10,-2.3,"824,800",2026/09/09
305,305,2385,(株)総医研ホールディングス,東証GRT,213,-5,-2.29,"88,600",2026/09/09
306,306,276A,ククレブ・アドバイザーズ(株),東証GRT,"4,070",-95,-2.28,"26,300",2026/09/09
307,307,3623,ビリングシステム(株),東証GRT,"1,244",-29,-2.28,"19,700",2026/09/09
308,308,3753,(株)フライトソリューションズ,東証STD,215,-5,-2.27,"75,900",2026/09/09
309,309,4463,日華化学(株),東証STD,"1,941",-45,-2.27,"34,000",2026/09/09
310,310,3911,(株)Ａｉｍｉｎｇ,東証GRT,173,-4,-2.26,"291,000",2026/09/09
311,311,141A,(株)トライアルホールディングス,東証GRT,"4,135",-95,-2.25,"558,900",2026/09/09
312,312,3415,(株)ＴＯＫＹＯ　ＢＡＳＥ,東証PRM,347,-8,-2.25,"334,800",2026/09/09
313,313,7571,(株)ヤマノホールディングス,東証STD,87,-2,-2.25,"337,100",2026/09/09
314,314,9115,明海グループ(株),東証STD,"1,042",-24,-2.25,"10,800",2026/09/09
315,315,4350,(株)メディカルシステムネットワーク,東証STD,479,-11,-2.24,"58,300",2026/09/09
316,316,4437,ｇｏｏｄｄａｙｓホールディングス(株),東証GRT,741,-17,-2.24,"3,400",2026/09/09
317,317,2664,(株)カワチ薬品,東証PRM,"3,735",-85,-2.23,"55,000",2026/09/09
318,318,4378,(株)ＣＩＮＣ,東証GRT,526,-12,-2.23,"10,400",2026/09/09
319,319,4019,(株)スタメン,東証GRT,618,-14,-2.22,"24,100",2026/09/09
320,320,9978,(株)文教堂グループホールディングス,東証STD,44,-1,-2.22,"43,000",2026/09/09
321,321,6572,オープングループ(株),東証PRM,266,-6,-2.21,"185,500",2026/09/09
322,322,7545,(株)西松屋チェーン,東証PRM,"1,951",-44,-2.21,"187,300",2026/09/09
323,323,3989,シェアリングテクノロジー(株),東証GRT,"1,465",-33,-2.2,"263,100",2026/09/09
324,324,8198,マックスバリュ東海(株),東証STD,"3,335",-75,-2.2,"20,900",2026/09/09
325,325,4902,コニカミノルタ(株),東証PRM,574.9,-12.9,-2.19,"5,333,900",2026/09/09
326,326,7409,ＡｅｒｏＥｄｇｅ(株),東証GRT,"1,477",-33,-2.19,"102,700",2026/09/09
327,327,3375,(株)ＺＯＡ,東証STD,"1,751",-39,-2.18,200,2026/09/09
328,328,3853,アステリア(株),東証PRM,"1,076",-24,-2.18,"140,400",2026/09/09
329,329,4827,ビジネス・ワンホールディングス(株),福岡Q,855,-19,-2.17,"4,000",2026/09/09
330,330,6181,タメニー(株),東証GRT,90,-2,-2.17,"66,400",2026/09/09
331,331,7161,(株)じもとホールディングス,東証STD,585,-13,-2.17,"97,500",2026/09/09
332,332,8614,東洋証券(株),東証PRM,720,-16,-2.17,"639,300",2026/09/09
333,333,6696,(株)トラース・オン・プロダクト,東証GRT,317,-7,-2.16,"20,700",2026/09/09
334,334,8729,ソニーフィナンシャルグループ(株),東証PRM,158.8,-3.5,-2.16,"54,179,500",2026/09/09
335,335,8766,東京海上ホールディングス(株),東証PRM,"7,701",-170,-2.16,"5,567,200",2026/09/09
336,336,9051,センコン物流(株),東証STD,"1,315",-29,-2.16,600,2026/09/09
337,337,3787,(株)テクノマセマティカル,東証STD,320,-7,-2.14,"21,100",2026/09/09
338,338,7080,(株)スポーツフィールド,東証GRT,869,-19,-2.14,"15,400",2026/09/09
339,339,8360,(株)山梨中央銀行,東証PRM,"6,850",-150,-2.14,"139,000",2026/09/09
340,340,3173,(株)Ｃｏｍｉｎｉｘ,東証STD,"1,424",-31,-2.13,"6,500",2026/09/09
341,341,4058,トヨクモ(株),東証GRT,"2,251",-49,-2.13,"32,900",2026/09/09
342,342,6083,ＥＲＩホールディングス(株),東証STD,"1,561",-34,-2.13,"21,400",2026/09/09
343,343,7182,(株)ゆうちょ銀行,東証PRM,"3,210",-70,-2.13,"5,080,400",2026/09/09
344,344,6643,(株)戸上電機製作所,東証STD,"5,550",-120,-2.12,"6,100",2026/09/09
345,345,3591,(株)ワコールホールディングス,東証PRM,"3,986",-86,-2.11,"113,800",2026/09/09
346,346,546A,ＭＩＲＡＩＮＩホールディングス(株),東証PRM,"2,315",-50,-2.11,"177,000",2026/09/09
347,347,5842,インテグラル(株),東証GRT,"2,971",-64,-2.11,"77,300",2026/09/09
348,348,9075,福山通運(株),東証PRM,"6,030",-130,-2.11,"54,400",2026/09/09
349,349,3031,(株)ラクーンホールディングス,東証PRM,654,-14,-2.1,"77,500",2026/09/09
350,350,5273,三谷セキサン(株),東証STD,"1,958",-42,-2.1,"54,800",2026/09/09
351,351,8562,(株)福島銀行,東証STD,373,-8,-2.1,"299,600",2026/09/09
352,352,7073,(株)ジェイック,東証GRT,"2,337",-50,-2.09,200,2026/09/09
353,353,3011,(株)バナーズ,東証STD,141,-3,-2.08,"12,800",2026/09/09
354,354,3803,イメージ情報開発(株),東証GRT,611,-13,-2.08,"7,000",2026/09/09
355,355,8334,(株)群馬銀行,東証PRM,"2,799.5",-59.5,-2.08,"1,446,200",2026/09/09
356,356,1999,サイタホールディングス(株),福証,"4,020",-85,-2.07,400,2026/09/09
357,357,2644,GX 半導体関連-日本株式,東証ETF,"3,839",-81,-2.07,"629,737",2026/09/09
358,358,2726,(株)パルグループホールディングス,東証PRM,"1,512",-32,-2.07,"928,700",2026/09/09
359,359,324A,(株)ブッキングリゾート,東証GRT,708,-15,-2.07,"18,600",2026/09/09
360,360,3917,(株)アイリッジ,東証GRT,474,-10,-2.07,"6,200",2026/09/09
361,361,7551,(株)ウェッズ,東証STD,711,-15,-2.07,"28,300",2026/09/09
362,362,6465,ホシザキ(株),東証PRM,"5,338",-112,-2.06,"400,500",2026/09/09
363,363,7189,(株)西日本フィナンシャルホールディングス,東証PRM,"4,716",-99,-2.06,"309,700",2026/09/09
364,364,8377,(株)ほくほくフィナンシャルグループ,東証PRM,"7,910",-166,-2.06,"375,900",2026/09/09
365,365,9743,(株)丹青社,東証PRM,"1,473",-31,-2.06,"317,500",2026/09/09
366,366,4290,(株)プレステージ・インターナショナル,東証PRM,670,-14,-2.05,"741,300",2026/09/09
367,367,7277,(株)ＴＢＫ,東証STD,334,-7,-2.05,"20,100",2026/09/09
368,368,8086,ニプロ(株),東証PRM,"1,430",-30,-2.05,"698,100",2026/09/09
369,369,7138,(株)ＴＯＲＩＣＯ,東証GRT,144,-3,-2.04,"387,500",2026/09/09
370,370,7173,(株)東京きらぼしフィナンシャルグループ,東証PRM,"1,636",-34,-2.04,"852,600",2026/09/09
371,371,7186,(株)横浜フィナンシャルグループ,東証PRM,"1,853",-38.5,-2.04,"4,720,600",2026/09/09
372,372,7847,(株)グラファイトデザイン,東証STD,623,-13,-2.04,"7,300",2026/09/09
373,373,8601,(株)大和証券グループ本社,東証PRM,"1,797",-37.5,-2.04,"4,443,500",2026/09/09
374,374,2593,(株)伊藤園,東証PRM,"3,135",-65,-2.03,"347,500",2026/09/09
375,375,4894,クオリプス(株),東証GRT,"5,310",-110,-2.03,"46,800",2026/09/09
376,376,5482,愛知製鋼(株),東証PRM,"3,140",-65,-2.03,"187,200",2026/09/09
377,377,8227,(株)しまむら,東証PRM,"3,229",-67,-2.03,"694,200",2026/09/09
378,378,2555,東証REIT ETF,東証ETF,"1,822",-37.5,-2.02,"79,530",2026/09/09
379,379,6523,ＰＨＣホールディングス(株),東証PRM,"1,264",-26,-2.02,"1,375,100",2026/09/09
380,380,6730,(株)アクセル,東証STD,"1,118",-23,-2.02,"187,300",2026/09/09
381,381,8713,フィデアホールディングス(株),東証PRM,"2,670",-55,-2.02,"58,100",2026/09/09
382,382,3185,夢展望(株),東証GRT,146,-3,-2.01,"110,300",2026/09/09
383,383,3221,(株)ヨシックスホールディングス,東証PRM,"3,185",-65,-2.0,"46,100",2026/09/09
384,384,4324,(株)電通グループ,東証PRM,"3,535",-72,-2.0,"946,100",2026/09/09
385,385,6457,グローリー(株),東証PRM,"4,315",-88,-2.0,"185,300",2026/09/09
386,386,9090,ＡＺ－ＣＯＭ丸和ホールディングス(株),東証PRM,884,-18,-2.0,"323,900",2026/09/09
387,387,9147,ＮＩＰＰＯＮ　ＥＸＰＲＥＳＳホールディングス(株),東証PRM,"5,291",-108,-2.0,"921,700",2026/09/09
388,388,9449,ＧＭＯインターネットグループ(株),東証PRM,"3,782",-77,-2.0,"327,200",2026/09/09
389,389,9767,日建工学(株),東証STD,"1,616",-33,-2.0,"1,200",2026/09/09
390,390,2206,江崎グリコ(株),東証PRM,"4,980",-101,-1.99,"115,000",2026/09/09
391,391,2207,(株)ｍｅｉｔｏ,東証PRM,"3,450",-70,-1.99,"70,400",2026/09/09
392,392,3851,(株)日本一ソフトウェア,東証STD,"1,474",-30,-1.99,"141,700",2026/09/09
393,393,4689,ＬＩＮＥヤフー(株),東証PRM,516.4,-10.5,-1.99,"16,104,000",2026/09/09
394,394,7375,(株)リファインバースグループ,東証GRT,"1,184",-24,-1.99,"16,500",2026/09/09
395,395,8622,水戸証券(株),東証PRM,938,-19,-1.99,"460,800",2026/09/09
396,396,1631,(NEXT FUNDS)銀行上場投信,東証ETF,"40,810",-820,-1.97,"6,120",2026/09/09
397,397,4031,片倉コープアグリ(株),東証STD,"1,094",-22,-1.97,"13,500",2026/09/09
398,398,8604,野村ホールディングス(株),東証PRM,"1,616",-32.5,-1.97,"9,093,700",2026/09/09
399,399,8919,(株)カチタス,東証PRM,"3,480",-70,-1.97,"125,200",2026/09/09
400,400,2776,新都ホールディングス(株),東証STD,100,-2,-1.96,"102,400",2026/09/09
401,401,6659,(株)メディアリンクス,東証STD,50,-1,-1.96,"3,163,400",2026/09/09
402,402,9267,Ｇｅｎｋｙ　ＤｒｕｇＳｔｏｒｅｓ(株),東証PRM,"3,510",-70,-1.96,"49,200",2026/09/09
403,403,9557,(株)エアークローゼット,東証GRT,250,-5,-1.96,"19,400",2026/09/09
404,404,9746,(株)ＴＫＣ,東証PRM,"3,995",-80,-1.96,"55,500",2026/09/09
405,405,1543,純パラジウム上場信託(現物国内保管型),東証ETF,"59,810","-1,190",-1.95,290,2026/09/09
406,406,5950,日本パワーファスニング(株),東証STD,151,-3,-1.95,"19,300",2026/09/09
407,407,6050,イー・ガーディアン(株),東証PRM,"1,760",-35,-1.95,"26,900",2026/09/09
408,408,7244,市光工業(株),東証PRM,552,-11,-1.95,"174,200",2026/09/09
409,409,8365,(株)富山銀行,東証STD,"2,310",-46,-1.95,"9,800",2026/09/09
410,410,8864,空港施設(株),東証STD,957,-19,-1.95,"85,400",2026/09/09
411,411,2999,ホームポジション(株),東証STD,505,-10,-1.94,"31,400",2026/09/09
412,412,415A,ＧＭＯ　ＴＥＣＨホールディングス(株),東証GRT,"5,050",-100,-1.94,600,2026/09/09
413,413,5137,(株)スマートドライブ,東証GRT,303,-6,-1.94,"702,300",2026/09/09
414,414,6062,(株)チャーム・ケア・コーポレーション,東証PRM,"1,366",-27,-1.94,"95,000",2026/09/09
415,415,7167,(株)めぶきフィナンシャルグループ,東証PRM,"1,640",-32.5,-1.94,"2,697,200",2026/09/09
416,416,8544,(株)京葉銀行,東証PRM,"2,727",-54,-1.94,"223,900",2026/09/09
417,417,2491,バリューコマース(株),東証PRM,457,-9,-1.93,"89,100",2026/09/09
418,418,3962,(株)チェンジホールディングス,東証PRM,966,-19,-1.93,"239,900",2026/09/09
419,419,4625,アトミクス(株),東証STD,814,-16,-1.93,"8,000",2026/09/09
420,420,5204,石塚硝子(株),東証STD,"2,991",-59,-1.93,"20,600",2026/09/09
421,421,5578,ＡＲアドバンストテクノロジ(株),東証GRT,863,-17,-1.93,"10,500",2026/09/09
422,422,5586,(株)Ｌａｂｏｒｏ．ＡＩ,東証GRT,915,-18,-1.93,"53,200",2026/09/09
423,423,3187,(株)ミラタップ,東証GRT,357,-7,-1.92,"46,700",2026/09/09
424,424,3712,(株)情報企画,東証STD,"1,070",-21,-1.92,"6,300",2026/09/09
425,425,4326,(株)インテージホールディングス,東証PRM,"1,943",-38,-1.92,"18,900",2026/09/09
426,426,4849,エン(株),東証PRM,"1,534",-30,-1.92,"283,200",2026/09/09
427,427,7527,(株)システムソフト,東証STD,51,-1,-1.92,"1,175,700",2026/09/09
428,428,9682,(株)ＤＴＳ,東証PRM,"1,070",-21,-1.92,"397,500",2026/09/09
429,429,2625,iFreeETF TOPIX(年4回決算型),東証ETF,"4,062",-79,-1.91,"103,392",2026/09/09
430,430,3148,(株)クリエイトＳＤホールディングス,東証PRM,"3,340",-65,-1.91,"54,900",2026/09/09
431,431,4503,アステラス製薬(株),東証PRM,"2,237",-43.5,-1.91,"6,209,400",2026/09/09
432,432,6231,木村工機(株),東証STD,"11,830",-230,-1.91,"11,200",2026/09/09
433,433,9028,(株)ゼロ,東証STD,"3,335",-65,-1.91,"19,200",2026/09/09
434,434,178A,GX 革新的優良企業,東証ETF,"1,598",-31,-1.9,"6,429",2026/09/09
435,435,559A,梅乃宿酒造(株),東証STD,"1,135",-22,-1.9,"9,800",2026/09/09
436,436,9168,(株)ライズ・コンサルティング・グループ,東証GRT,412,-8,-1.9,"114,500",2026/09/09
437,437,3747,(株)インタートレード,東証STD,415,-8,-1.89,"35,200",2026/09/09
438,438,394A,業界改革厳選ETFテレビ業界,東証ETF,519.3,-10,-1.89,90,2026/09/09
439,439,5527,(株)ｐｒｏｐｅｒｔｙ　ｔｅｃｈｎｏｌｏｇｉｅｓ,東証GRT,726,-14,-1.89,"26,700",2026/09/09
440,440,5589,(株)オートサーバー,東証STD,"2,900",-56,-1.89,"2,500",2026/09/09
441,441,6947,(株)図研,東証PRM,"4,670",-90,-1.89,"39,500",2026/09/09
442,442,8383,(株)鳥取銀行,東証STD,"1,865",-36,-1.89,"30,000",2026/09/09
443,443,8416,(株)高知銀行,東証STD,"1,091",-21,-1.89,"22,600",2026/09/09
444,444,8783,ａｂｃ(株),東証STD,52,-1,-1.89,"151,300",2026/09/09
445,445,5621,(株)ヒューマンテクノロジーズ,東証GRT,"1,510",-29,-1.88,"8,700",2026/09/09
446,446,6093,ミトラグループ(株),東証STD,157,-3,-1.88,"136,700",2026/09/09
447,447,7595,(株)アルゴグラフィックス,東証PRM,"1,255",-24,-1.88,"234,300",2026/09/09
448,448,7735,(株)ＳＣＲＥＥＮホールディングス,東証PRM,"13,020",-250,-1.88,"1,983,000",2026/09/09
449,449,8747,豊トラスティ証券(株),東証STD,"2,195",-42,-1.88,"5,800",2026/09/09
450,450,3798,ＵＬＳグループ(株),東証STD,524,-10,-1.87,"176,900",2026/09/09
451,451,3963,(株)シンクロ・フード,東証PRM,315,-6,-1.87,"63,100",2026/09/09
452,452,7897,ホクシン(株),東証STD,105,-2,-1.87,"110,000",2026/09/09
453,453,8609,(株)岡三証券グループ,東証PRM,"1,208",-23,-1.87,"517,400",2026/09/09
454,454,2181,パーソルホールディングス(株),東証PRM,279,-5.3,-1.86,"12,436,400",2026/09/09
455,455,6380,オリエンタルチエン工業(株),東証STD,"3,960",-75,-1.86,"18,200",2026/09/09
456,456,7733,オリンパス(株),東証PRM,"1,928.5",-36.5,-1.86,"5,583,200",2026/09/09
457,457,1480,(NEXT FUNDS)野村企業価値分配指数上場投信,東証ETF,"39,890",-750,-1.85,28,2026/09/09
458,458,2528,iFreeETF 東証REIT Core指数,東証ETF,"1,061",-20,-1.85,"25,380",2026/09/09
459,459,6580,(株)ライトアップ,東証GRT,849,-16,-1.85,"31,400",2026/09/09
460,460,6620,宮越ホールディングス(株),東証PRM,689,-13,-1.85,"33,400",2026/09/09
461,461,1546,(NEXT FUNDS)ダウ･ジョーンズ工業株30種(H無),東証ETF,"78,530","-1,470",-1.84,810,2026/09/09
462,462,1695,WisdomTree 小麦上場投信,東証ETF,"3,620",-68,-1.84,"7,935",2026/09/09
463,463,2121,(株)ＭＩＸＩ,東証PRM,"3,460",-65,-1.84,"276,700",2026/09/09
464,464,4222,児玉化学工業(株),東証STD,692,-13,-1.84,"473,400",2026/09/09
465,465,6178,日本郵政(株),東証PRM,"2,400",-45,-1.84,"3,745,900",2026/09/09
466,466,7564,(株)ワークマン,東証STD,"5,880",-110,-1.84,"331,700",2026/09/09
467,467,8789,フィンテック　グローバル(株),東証STD,160,-3,-1.84,"962,300",2026/09/09
468,468,201A,iシェアーズ Nifty 50 インド株 ETF,東証ETF,171.4,-3.2,-1.83,"654,740",2026/09/09
469,469,2081,政策保有解消推進ETF,東証ETF,"2,144",-40,-1.83,"2,416",2026/09/09
470,470,3397,(株)トリドールホールディングス,東証PRM,"4,243",-79,-1.83,"309,600",2026/09/09
471,471,5845,全保連(株),東証STD,"1,178",-22,-1.83,"62,200",2026/09/09
472,472,6238,フリュー(株),東証PRM,"1,391",-26,-1.83,"175,400",2026/09/09
473,473,8316,(株)三井住友フィナンシャルグループ,東証PRM,"6,801",-127,-1.83,"9,967,300",2026/09/09
474,474,9697,(株)カプコン,東証PRM,"4,283",-80,-1.83,"2,992,300",2026/09/09
475,475,1399,上場MSCI日本株高配当低ボラティリティ,東証ETF,"3,190",-59,-1.82,"3,843",2026/09/09
476,476,2975,スター・マイカ・ホールディングス(株),東証PRM,"1,404",-26,-1.82,"233,100",2026/09/09
477,477,3679,(株)じげん,東証PRM,431,-8,-1.82,"399,700",2026/09/09
478,478,4060,ｒａｋｕｍｏ(株),東証GRT,"1,188",-22,-1.82,"6,400",2026/09/09
479,479,4912,ライオン(株),東証PRM,"1,775.5",-33,-1.82,"1,244,200",2026/09/09
480,480,7459,(株)メディパルホールディングス,東証PRM,"2,878.5",-53.5,-1.82,"361,700",2026/09/09
481,481,1376,カネコ種苗(株),東証STD,"1,571",-29,-1.81,"11,500",2026/09/09
482,482,1443,技研ホールディングス(株),東証STD,272,-5,-1.81,"51,300",2026/09/09
483,483,391A,(株)山忠,名証MN,"2,440",-45,-1.81,300,2026/09/09
484,484,5237,(株)ノザワ,東証STD,"1,192",-22,-1.81,"9,700",2026/09/09
485,485,6526,(株)ソシオネクスト,東証PRM,"1,867",-34.5,-1.81,"5,885,100",2026/09/09
486,486,7780,(株)メニコン,東証PRM,"1,732",-32,-1.81,"224,400",2026/09/09
487,487,3135,(株)マーケットエンタープライズ,東証STD,"1,146",-21,-1.8,"14,900",2026/09/09
488,488,4434,(株)サーバーワークス,東証STD,"2,400",-44,-1.8,"24,800",2026/09/09
489,489,7366,(株)ＬＩＴＡＬＩＣＯ,東証PRM,"1,748",-32,-1.8,"88,200",2026/09/09
490,490,7888,三光合成(株),東証PRM,872,-16,-1.8,"106,700",2026/09/09
491,491,7951,ヤマハ(株),東証PRM,"1,230",-22.5,-1.8,"3,058,700",2026/09/09
492,492,8624,いちよし証券(株),東証PRM,"1,693",-31,-1.8,"111,700",2026/09/09
493,493,1632,(NEXT FUNDS)金融(除く銀行)上場投信,東証ETF,"42,130",-770,-1.79,"1,094",2026/09/09
494,494,6551,(株)ツナググループ・ホールディングス,東証STD,602,-11,-1.79,"38,500",2026/09/09
495,495,7752,(株)リコー,東証PRM,"1,539",-28,-1.79,"2,344,600",2026/09/09
496,496,8354,(株)ふくおかフィナンシャルグループ,東証PRM,"7,592",-138,-1.79,"771,700",2026/09/09
497,497,8550,(株)栃木銀行,東証PRM,"1,042",-19,-1.79,"406,500",2026/09/09
498,498,3817,(株)ＳＲＡホールディングス,東証PRM,"4,680",-85,-1.78,"43,200",2026/09/09
499,499,2036,NEXT NOTES 金先物 ダブル・ブル ETN,東証ETF,"152,300","-2,750",-1.77,"4,961",2026/09/09
500,500,2705,(株)大戸屋ホールディングス,東証STD,"8,900",-160,-1.77,"13,400",2026/09/09
501,501,4242,(株)タカギセイコー,東証STD,"1,773",-32,-1.77,700,2026/09/09
502,502,5582,(株)グリッド,東証GRT,"2,110",-38,-1.77,"10,900",2026/09/09
503,503,7327,(株)第四北越フィナンシャルグループ,東証PRM,"2,553",-46,-1.77,"830,800",2026/09/09
504,504,7554,(株)幸楽苑,東証PRM,"1,168",-21,-1.77,"48,600",2026/09/09
505,505,9307,(株)杉村倉庫,東証STD,946,-17,-1.77,"6,900",2026/09/09
506,506,9726,ＫＮＴ－ＣＴホールディングス(株),東証STD,"1,888",-34,-1.77,"20,500",2026/09/09
507,507,1487,上場インデックスファンド米国債券(H有),東証ETF,"11,690",-210,-1.76,746,2026/09/09
508,508,2158,(株)ＦＲＯＮＴＥＯ,東証GRT,614,-11,-1.76,"148,900",2026/09/09
509,509,3937,(株)Ｕｂｉｃｏｍホールディングス,東証STD,"1,172",-21,-1.76,"35,400",2026/09/09
510,510,4371,(株)コアコンセプト・テクノロジー,東証GRT,"1,453",-26,-1.76,"8,000",2026/09/09
511,511,4507,塩野義製薬(株),東証PRM,"2,846.5",-51,-1.76,"2,897,500",2026/09/09
512,512,6045,(株)レントラックス,東証GRT,"2,123",-38,-1.76,"11,400",2026/09/09
513,513,7383,(株)ネットプロテクションズホールディングス,東証PRM,391,-7,-1.76,"924,800",2026/09/09
514,514,7510,(株)たけびし,東証PRM,"2,635",-47,-1.75,"23,100",2026/09/09
515,515,1397,SMDAM 日経225上場投信,東証ETF,"65,910","-1,170",-1.74,"4,289",2026/09/09
516,516,2641,GX グローバルリーダーズ-日本株式,東証ETF,"4,420",-78,-1.73,"7,543",2026/09/09
517,517,5888,ＤＡＩＷＡ　ＣＹＣＬＥ(株),東証GRT,"2,837",-50,-1.73,"2,400",2026/09/09
518,518,7131,のむら産業(株),東証STD,"3,700",-65,-1.73,"4,800",2026/09/09
519,519,8877,エスリード(株),東証PRM,"5,110",-90,-1.73,"22,600",2026/09/09
520,520,2778,パレモ・ホールディングス(株),東証STD,114,-2,-1.72,"9,000",2026/09/09
521,521,2897,日清食品ホールディングス(株),東証PRM,"2,916.5",-51,-1.72,"1,162,300",2026/09/09
522,522,4820,(株)ＥＭシステムズ,東証PRM,571,-10,-1.72,"78,800",2026/09/09
523,523,5994,(株)ファインシンター,東証STD,"1,031",-18,-1.72,"6,100",2026/09/09
524,524,9404,日本テレビホールディングス(株),東証PRM,"2,942.5",-51.5,-1.72,"334,300",2026/09/09
525,525,9416,(株)ビジョン,東証PRM,"1,030",-18,-1.72,"257,600",2026/09/09
526,526,9435,(株)光通信,東証PRM,"38,330",-670,-1.72,"58,200",2026/09/09
527,527,2502,アサヒグループホールディングス(株),東証PRM,"1,605",-28,-1.71,"5,917,300",2026/09/09
528,528,4237,フジプレアム(株),東証STD,344,-6,-1.71,"41,600",2026/09/09
529,529,4301,(株)アミューズ,東証PRM,"1,842",-32,-1.71,"19,800",2026/09/09
530,530,6349,(株)小森コーポレーション,東証PRM,"1,955",-34,-1.71,"119,600",2026/09/09
531,531,6405,鈴茂器工(株),東証STD,"1,208",-21,-1.71,"31,400",2026/09/09
532,532,6849,日本光電,東証PRM,"1,464.5",-25.5,-1.71,"691,800",2026/09/09
533,533,8303,(株)ＳＢＩ新生銀行,東証PRM,"1,521.5",-26.5,-1.71,"3,034,000",2026/09/09
534,534,3561,(株)力の源ホールディングス,東証PRM,"1,500",-26,-1.7,"105,200",2026/09/09
535,535,4013,勤次郎(株),東証GRT,635,-11,-1.7,"30,800",2026/09/09
536,536,4712,(株)ＫｅｙＨｏｌｄｅｒ,東証STD,811,-14,-1.7,"11,600",2026/09/09
537,537,6240,ヤマシンフィルタ(株),東証PRM,520,-9,-1.7,"287,100",2026/09/09
538,538,7979,(株)松風,東証PRM,"2,202",-38,-1.7,"60,800",2026/09/09
539,539,9651,日本プロセス(株),東証STD,"1,969",-34,-1.7,"16,200",2026/09/09
540,540,1696,WisdomTree とうもろこし上場投信,東証ETF,"3,140",-54,-1.69,"3,230",2026/09/09
541,541,4732,(株)ユー・エス・エス,東証PRM,"1,914.5",-33,-1.69,"1,241,000",2026/09/09
542,542,6228,(株)ジェイ・イー・ティ,東証STD,524,-9,-1.69,"37,600",2026/09/09
543,543,4245,(株)ダイキアクシス,東証STD,701,-12,-1.68,"17,900",2026/09/09
544,544,4813,(株)ＡＣＣＥＳＳ,東証PRM,409,-7,-1.68,"315,300",2026/09/09
545,545,540A,上場インデックスファンド日経銀行株トップ10,東証ETF,"2,050",-35,-1.68,"56,875",2026/09/09
546,546,7164,全国保証(株),東証PRM,"3,109",-53,-1.68,"229,500",2026/09/09
547,547,4582,シンバイオ製薬(株),東証GRT,59,-1,-1.67,"312,900",2026/09/09
548,548,4684,(株)オービック,東証PRM,"4,822",-82,-1.67,"2,256,700",2026/09/09
549,549,5258,(株)トランザクション・メディア・ネットワークス,東証GRT,412,-7,-1.67,"46,100",2026/09/09
550,550,2815,アリアケジャパン(株),東証PRM,"5,320",-90,-1.66,"72,000",2026/09/09
551,551,3475,(株)グッドコムアセット,東証PRM,"1,425",-24,-1.66,"121,200",2026/09/09
552,552,4481,ベース(株),東証PRM,"3,250",-55,-1.66,"84,200",2026/09/09
553,553,4623,(株)アサヒペン,東証STD,"1,832",-31,-1.66,"2,800",2026/09/09
554,554,4686,(株)ジャストシステム,東証PRM,"4,150",-70,-1.66,"64,600",2026/09/09
555,555,563A,GX NASDAQ100・デイリー・カバード・コール,東証ETF,"1,006",-17,-1.66,"2,499,327",2026/09/09
556,556,6493,(株)ＮＩＴＴＡＮ,東証STD,474,-8,-1.66,"61,500",2026/09/09
557,557,6701,ＮＥＣ,東証PRM,"4,503",-76,-1.66,"6,846,000",2026/09/09
558,558,8706,極東証券(株),東証PRM,"1,898",-32,-1.66,"209,800",2026/09/09
559,559,1686,WisdomTree 産業用金属上場投信,東証ETF,"3,038",-51,-1.65,60,2026/09/09
560,560,2501,サッポロビール(株),東証PRM,"1,845",-31,-1.65,"1,024,200",2026/09/09
561,561,2627,GX eコマース-日本株式,東証ETF,"1,547",-26,-1.65,131,2026/09/09
562,562,366A,ウェルネス・コミュニケーションズ(株),東証GRT,"1,130",-19,-1.65,"21,600",2026/09/09
563,563,4406,新日本理化(株),東証STD,238,-4,-1.65,"340,800",2026/09/09
564,564,2048,NEXT NOTES 野村日本株高配当70(ドルH、NR)ETN,東証ETF,"53,370",-890,-1.64,39,2026/09/09
565,565,3077,ホリイフードサービス(株),東証STD,"1,317",-22,-1.64,"12,400",2026/09/09
566,566,424A,GX ゴールドETF(H有),東証ETF,335.1,-5.6,-1.64,"266,050",2026/09/09
567,567,4586,(株)メドレックス,東証GRT,60,-1,-1.64,"691,700",2026/09/09
568,568,6532,(株)ベイカレント,東証PRM,"7,215",-120,-1.64,"1,008,100",2026/09/09
569,569,8366,(株)滋賀銀行,東証PRM,"2,760",-46,-1.64,"518,000",2026/09/09
570,570,9759,(株)ＮＳＤ,東証PRM,"2,762",-46,-1.64,"260,500",2026/09/09
571,571,1621,(NEXT FUNDS)医薬品上場投信,東証ETF,"29,495",-490,-1.63,702,2026/09/09
572,572,2858,GX 日経225 カバード・コール (プレミアム再投資型),東証ETF,"1,505",-25,-1.63,"1,479",2026/09/09
573,573,315A,GX 銀行 高配当-日本株式,東証ETF,"1,926",-32,-1.63,"106,586",2026/09/09
574,574,6927,ヘリオス　テクノ　ホールディング(株),東証STD,966,-16,-1.63,"104,100",2026/09/09
575,575,7094,(株)ＮｅｘＴｏｎｅ,東証GRT,"1,805",-30,-1.63,"53,000",2026/09/09
576,576,8511,日本証券金融(株),東証PRM,"2,417",-40,-1.63,"169,700",2026/09/09
577,577,1398,SMDAM 東証REIT指数上場投信,東証ETF,"1,794.5",-29.5,-1.62,"373,030",2026/09/09
578,578,7508,(株)Ｇ－７ホールディングス,東証PRM,"1,401",-23,-1.62,"45,800",2026/09/09
579,579,8537,(株)大光銀行,東証STD,"3,040",-50,-1.62,"33,000",2026/09/09
580,580,1675,WisdomTree パラジウム上場投信,東証ETF,"19,000",-310,-1.61,102,2026/09/09
581,581,1678,(NEXT FUNDS)インド株式指数上場投信,東証ETF,294,-4.8,-1.61,"865,180",2026/09/09
582,582,2264,森永乳業(株),東証PRM,"1,098.5",-18,-1.61,"2,263,900",2026/09/09
583,583,4922,(株)コーセーホールディングス,東証PRM,"5,559",-91,-1.61,"261,000",2026/09/09
584,584,7128,ユニソルホールディングス(株),東証PRM,"2,752",-45,-1.61,"66,100",2026/09/09
585,585,7950,日本デコラックス(株),名証MN,"9,150",-150,-1.61,200,2026/09/09
586,586,9166,(株)ＧＥＮＤＡ,東証GRT,733,-12,-1.61,"1,034,500",2026/09/09
587,587,6549,ディーエムソリューションズ(株),東証STD,"1,105",-18,-1.6,"2,300",2026/09/09
588,588,4170,(株)Ｋａｉｚｅｎ　Ｐｌａｔｆｏｒｍ,東証GRT,124,-2,-1.59,"615,200",2026/09/09
589,589,4495,(株)アイキューブドシステムズ,東証GRT,"1,980",-32,-1.59,"6,200",2026/09/09
590,590,5884,(株)クラダシ,東証GRT,617,-10,-1.59,"21,800",2026/09/09
591,591,6769,ザインエレクトロニクス(株),東証STD,"1,174",-19,-1.59,"58,700",2026/09/09
592,592,1553,MAXIS S&P東海上場投信,名証ETF,"5,654",-91,-1.58,20,2026/09/09
593,593,2633,(NEXT FUNDS) S&P500(H無)連動型上場投信,東証ETF,542.3,-8.7,-1.58,"287,090",2026/09/09
594,594,3626,ＴＩＳＩ(株),東証PRM,"3,800",-61,-1.58,"888,200",2026/09/09
595,595,4592,サンバイオ(株),東証GRT,934,-15,-1.58,"568,200",2026/09/09
596,596,4751,(株)サイバーエージェント,東証PRM,"1,217.5",-19.5,-1.58,"5,981,100",2026/09/09
597,597,7719,(株)東京衡機,東証STD,499,-8,-1.58,"134,500",2026/09/09
598,598,7963,興研(株),東証STD,"1,802",-29,-1.58,"1,300",2026/09/09
599,599,4598,Ｄｅｌｔａ－Ｆｌｙ　Ｐｈａｒｍａ(株),東証GRT,125,-2,-1.57,"20,934,300",2026/09/09
600,600,586A,(NEXT FUNDS) 日経エンタメ・コンテンツ株指数,東証ETF,245,-3.9,-1.57,"474,550",2026/09/09
601,601,7350,(株)おきなわフィナンシャルグループ,東証PRM,"7,520",-120,-1.57,"66,900",2026/09/09
602,602,7747,朝日インテック(株),東証PRM,"3,261",-52,-1.57,"1,889,500",2026/09/09
603,603,4293,(株)セプテーニ・ホールディングス,東証STD,506,-8,-1.56,"406,300",2026/09/09
604,604,4681,リゾートトラスト(株),東証PRM,"1,767",-28,-1.56,"611,600",2026/09/09
605,605,7727,(株)オーバル,東証STD,823,-13,-1.56,"114,200",2026/09/09
606,606,8226,(株)理経,東証STD,378,-6,-1.56,"142,300",2026/09/09
607,607,8914,エリアリンク(株),東証STD,884,-14,-1.56,"95,500",2026/09/09
608,608,2193,クックパッド(株),東証STD,127,-2,-1.55,"203,400",2026/09/09
609,609,4767,(株)テー・オー・ダブリュー,東証STD,380,-6,-1.55,"114,300",2026/09/09
610,610,7358,(株)ポピンズ,東証STD,"1,784",-28,-1.55,"11,900",2026/09/09
611,611,2379,ディップ(株),東証PRM,"1,793",-28,-1.54,"275,700",2026/09/09
612,612,3180,(株)ビューティガレージ,東証PRM,"1,600",-25,-1.54,"92,000",2026/09/09
613,613,3633,ＧＭＯペパボ(株),東証STD,"2,486",-39,-1.54,"30,700",2026/09/09
614,614,4310,(株)ドリームインキュベータ,東証PRM,"2,433",-38,-1.54,"15,500",2026/09/09
615,615,6200,(株)インソース,東証PRM,705,-11,-1.54,"451,300",2026/09/09
616,616,7283,愛三工業(株),東証PRM,"2,180",-34,-1.54,"184,300",2026/09/09
617,617,7352,(株)ＴＷＯＳＴＯＮＥ＆Ｓｏｎｓ,東証GRT,319,-5,-1.54,"41,100",2026/09/09
618,618,194A,(株)ＷＯＬＶＥＳ　ＨＡＮＤ,東証GRT,"1,866",-29,-1.53,"19,400",2026/09/09
619,619,3741,(株)セック,東証PRM,"3,210",-50,-1.53,"50,200",2026/09/09
620,620,6191,(株)エアトリ,東証PRM,773,-12,-1.53,"79,800",2026/09/09
621,621,6448,ブラザー工業(株),東証PRM,"4,382",-68,-1.53,"1,248,800",2026/09/09
622,622,9401,(株)ＴＢＳホールディングス,東証PRM,"5,730",-89,-1.53,"231,300",2026/09/09
623,623,147A,(株)ソラコム,東証GRT,970,-15,-1.52,"67,100",2026/09/09
624,624,7898,(株)ウッドワン,東証STD,910,-14,-1.52,"5,900",2026/09/09
625,625,9268,(株)オプティマスグループ,東証STD,390,-6,-1.52,"237,000",2026/09/09
626,626,2070,スマート ESG30 女性活躍(ネットリターン)ETN,東証ETF,"16,285",-250,-1.51,1,2026/09/09
627,627,3382,(株)セブン＆アイ・ホールディングス,東証PRM,"2,028.5",-31,-1.51,"7,895,400",2026/09/09
628,628,8309,三井住友トラストグループ(株),東証PRM,"1,730",-26.5,-1.51,"10,233,600",2026/09/09
629,629,8771,イー・ギャランティ(株),東証PRM,"1,692",-26,-1.51,"153,500",2026/09/09
630,630,3559,(株)ピーバンドットコム,東証STD,461,-7,-1.5,"1,800",2026/09/09
631,631,4760,(株)アルファ,東証STD,"1,511",-23,-1.5,"2,000",2026/09/09
632,632,4880,セルソース(株),東証STD,329,-5,-1.5,"469,200",2026/09/09
633,633,5915,(株)駒井ハルテック,東証STD,"2,422",-37,-1.5,"2,100",2026/09/09
634,634,7956,ピジョン(株),東証PRM,"1,938.5",-29.5,-1.5,"1,126,600",2026/09/09
635,635,8194,(株)ライフコーポレーション,東証PRM,"2,697",-41,-1.5,"386,600",2026/09/09
636,636,8306,(株)三菱ＵＦＪフィナンシャル・グループ,東証PRM,"3,601",-55,-1.5,"33,199,200",2026/09/09
637,637,8542,(株)トマト銀行,東証STD,"1,906",-29,-1.5,"25,500",2026/09/09
638,638,9658,(株)ビジネスブレイン太田昭和,東証PRM,"1,051",-16,-1.5,"91,300",2026/09/09
639,639,2503,キリンホールディングス(株),東証PRM,"2,804",-42.5,-1.49,"4,272,300",2026/09/09
640,640,2670,(株)エービーシー・マート,東証PRM,"2,670",-40.5,-1.49,"450,700",2026/09/09
641,641,3197,(株)すかいらーくホールディングス,東証PRM,"3,369",-51,-1.49,"1,120,100",2026/09/09
642,642,3611,(株)マツオカコーポレーション,東証STD,"2,377",-36,-1.49,"46,100",2026/09/09
643,643,4055,ティアンドエスグループ(株),東証GRT,"1,652",-25,-1.49,"16,400",2026/09/09
644,644,7245,大同メタル工業(株),東証PRM,"1,123",-17,-1.49,"620,300",2026/09/09
645,645,7831,(株)ウイルコホールディングス,東証STD,66,-1,-1.49,"25,100",2026/09/09
646,646,8006,ユアサ・フナショク(株),東証STD,"1,517",-23,-1.49,"3,800",2026/09/09
647,647,9887,(株)松屋フーズホールディングス,東証PRM,"5,300",-80,-1.49,"54,700",2026/09/09
648,648,1494,One ETF 高配当日本株,東証ETF,"43,300",-650,-1.48,779,2026/09/09
649,649,2626,GX デジタル・イノベーション-日本株式,東証ETF,"3,255",-49,-1.48,176,2026/09/09
650,650,352A,(株)ＬＯＩＶＥ,東証GRT,531,-8,-1.48,"3,100",2026/09/09
651,651,7476,アズワン(株),東証PRM,"2,432.5",-36.5,-1.48,"109,600",2026/09/09
652,652,8057,(株)内田洋行,東証PRM,"2,191",-33,-1.48,"187,700",2026/09/09
653,653,8704,トレイダーズホールディングス(株),東証STD,"1,397",-21,-1.48,"64,800",2026/09/09
654,654,8798,(株)アドバンスクリエイト,東証PRM,133,-2,-1.48,"19,000",2026/09/09
655,655,9413,(株)テレビ東京ホールディングス,東証PRM,"3,325",-50,-1.48,"68,000",2026/09/09
656,656,2359,(株)コア,東証PRM,"2,071",-31,-1.47,"15,500",2026/09/09
657,657,4476,ＡＩ　ＣＲＯＳＳ(株),東証GRT,"1,071",-16,-1.47,"23,200",2026/09/09
658,658,4544,Ｈ．Ｕ．グループホールディングス(株),東証PRM,"3,425",-51,-1.47,"191,300",2026/09/09
659,659,4568,第一三共(株),東証PRM,"2,710.5",-40.5,-1.47,"6,093,600",2026/09/09
660,660,4716,日本オラクル(株),東証STD,"8,850",-132,-1.47,"270,300",2026/09/09
661,661,6080,Ｍ＆Ａキャピタルパートナーズ(株),東証PRM,"4,015",-60,-1.47,"80,600",2026/09/09
662,662,6459,だいわ(株),東証PRM,"1,614",-24,-1.47,"69,900",2026/09/09
663,663,7388,(株)ＦＰパートナー,東証PRM,"2,285",-34,-1.47,"23,200",2026/09/09
664,664,9262,(株)シルバーライフ,東証STD,670,-10,-1.47,"16,600",2026/09/09
665,665,2216,カンロ(株),東証STD,"1,081",-16,-1.46,"75,800",2026/09/09
666,666,2471,(株)エスプール,東証PRM,270,-4,-1.46,"250,400",2026/09/09
667,667,3632,グリーホールディングス(株),東証PRM,405,-6,-1.46,"419,900",2026/09/09
668,668,377A,(株)エージェントＩＧホールディングス,名証MN,"1,015",-15,-1.46,800,2026/09/09
669,669,3996,サインポスト(株),東証STD,202,-3,-1.46,"25,500",2026/09/09
670,670,418A,ウリドキ(株),名証NXT,"1,281",-19,-1.46,"6,600",2026/09/09
671,671,4274,細谷火工(株),東証STD,"1,080",-16,-1.46,"10,200",2026/09/09
672,672,4480,(株)メドレー,東証PRM,"2,434",-36,-1.46,"190,800",2026/09/09
673,673,5843,ニッポンインシュア(株),東証STD,"2,300",-34,-1.46,"8,600",2026/09/09
674,674,6869,シスメックス(株),東証PRM,"1,818",-27,-1.46,"2,653,300",2026/09/09
675,675,7337,(株)ひろぎんホールディングス,東証PRM,"2,301.5",-34,-1.46,"585,300",2026/09/09
676,676,7610,(株)テイツー,東証STD,135,-2,-1.46,"625,500",2026/09/09
677,677,8508,Ｊトラスト(株),東証STD,741,-11,-1.46,"724,400",2026/09/09
678,678,1332,(株)ニッスイ,東証PRM,"1,185.5",-17.5,-1.45,"2,002,900",2026/09/09
679,679,3597,(株)自重堂,東証STD,"8,820",-130,-1.45,"7,300",2026/09/09
680,680,3640,(株)電算,東証STD,"2,716",-40,-1.45,"7,700",2026/09/09
681,681,4847,(株)インテリジェント　ウェイブ,東証PRM,"1,358",-20,-1.45,"84,900",2026/09/09
682,682,6814,古野電気(株),東証PRM,"7,480",-110,-1.45,"205,200",2026/09/09
683,683,2865,GX NASDAQ100・カバード・コール,東証ETF,"1,235",-18,-1.44,"669,471",2026/09/09
684,684,3548,(株)バロックジャパンリミテッド,東証PRM,684,-10,-1.44,"168,100",2026/09/09
685,685,3936,(株)グローバルウェイ,東証GRT,137,-2,-1.44,"168,000",2026/09/09
686,686,4527,ロート製薬(株),東証PRM,"2,835",-41.5,-1.44,"979,500",2026/09/09
687,687,581A,ＧＯ(株),東証GRT,"3,430",-50,-1.44,"2,868,400",2026/09/09
688,688,6088,(株)シグマクシス・ホールディングス,東証PRM,547,-8,-1.44,"783,900",2026/09/09
689,689,2674,(株)ハードオフコーポレーション,東証PRM,"2,546",-37,-1.43,"58,500",2026/09/09
690,690,499A,ラグジュアリー厳選10 欧州株(ネットリターン)ETN,東証ETF,"8,130",-118,-1.43,44,2026/09/09
691,691,8411,(株)みずほフィナンシャルグループ,東証PRM,"8,476",-123,-1.43,"7,666,300",2026/09/09
692,692,8522,(株)名古屋銀行,東証PRM,"6,880",-100,-1.43,"68,700",2026/09/09
693,693,3547,(株)ユニシアホールディングス,東証STD,"1,874",-27,-1.42,"31,300",2026/09/09
694,694,426A,ニッセイ ETF S&P500イコール・ウェイト(H無),東証ETF,"1,183",-17,-1.42,"10,518",2026/09/09
695,695,4593,(株)ヘリオス,東証GRT,278,-4,-1.42,"1,551,600",2026/09/09
696,696,547A,ムニノバホールディングス(株),東証PRM,416,-6,-1.42,"2,198,200",2026/09/09
697,697,6518,三相電機(株),東証STD,"1,661",-24,-1.42,"23,000",2026/09/09
698,698,8282,(株)ケーズホールディングス,東証PRM,"1,837",-26.5,-1.42,"592,600",2026/09/09
699,699,8392,(株)大分銀行,東証PRM,"2,910",-42,-1.42,"179,000",2026/09/09
700,700,2269,明治ホールディングス(株),東証PRM,"4,344",-62,-1.41,"756,900",2026/09/09
701,701,4447,(株)ピー・ビーシステムズ,東証GRT,490,-7,-1.41,"12,300",2026/09/09
702,702,4661,(株)オリエンタルランド,東証PRM,"3,143",-45,-1.41,"6,513,000",2026/09/09
703,703,4666,パーク２４(株),東証PRM,"1,952",-28,-1.41,"949,200",2026/09/09
704,704,5570,(株)ジェノバ,東証GRT,631,-9,-1.41,"11,900",2026/09/09
705,705,6307,サンセイ(株),東証STD,491,-7,-1.41,"3,600",2026/09/09
706,706,8381,(株)山陰合同銀行,東証PRM,"2,514",-36,-1.41,"366,800",2026/09/09
707,707,9468,(株)ＫＡＤＯＫＡＷＡ,東証PRM,"3,570",-51,-1.41,"215,900",2026/09/09
708,708,9632,スバル興業(株),東証STD,"3,505",-50,-1.41,"62,200",2026/09/09
709,709,9766,コナミグループ(株),東証PRM,"20,690",-295,-1.41,"584,700",2026/09/09
710,710,1615,(NEXT FUNDS)東証銀行業株価指数連動型上場投信,東証ETF,755.7,-10.7,-1.4,"3,684,690",2026/09/09
711,711,1626,(NEXT FUNDS)情報通信･サービス上場投信,東証ETF,"48,520",-690,-1.4,404,2026/09/09
712,712,2201,森永製菓(株),東証PRM,"2,469",-35,-1.4,"340,000",2026/09/09
713,713,3967,(株)エルテス,東証GRT,562,-8,-1.4,"7,900",2026/09/09
714,714,4531,有機合成薬品工業(株),東証STD,353,-5,-1.4,"31,000",2026/09/09
715,715,6184,(株)鎌倉新書,東証PRM,562,-8,-1.4,"93,000",2026/09/09
716,716,9715,トランスコスモス(株),東証PRM,"3,520",-50,-1.4,"123,800",2026/09/09
717,717,1888,若築建設(株),東証PRM,"3,560",-50,-1.39,"22,300",2026/09/09
718,718,2449,(株)プラップジャパン,東証STD,"1,062",-15,-1.39,900,2026/09/09
719,719,2642,SMT ETFカーボン・エフィシェント日本株,東証ETF,"53,300",-750,-1.39,1,2026/09/09
720,720,3196,(株)ホットランドホールディングス,東証PRM,"1,635",-23,-1.39,"63,700",2026/09/09
721,721,3695,ＧＭＯプロダクトプラットフォーム(株),東証GRT,"1,627",-23,-1.39,"7,500",2026/09/09
722,722,4886,あすか製薬ホールディングス(株),東証PRM,"2,061",-29,-1.39,"49,600",2026/09/09
723,723,4933,(株)Ｉ－ｎｅ,東証PRM,"1,414",-20,-1.39,"63,700",2026/09/09
724,724,5028,セカンドサイトアナリティカ(株),東証GRT,355,-5,-1.39,"4,600",2026/09/09
725,725,5844,(株)京都フィナンシャルグループ,東証PRM,"4,753",-67,-1.39,"972,600",2026/09/09
726,726,7634,(株)星医療酸器,東証STD,"4,960",-70,-1.39,300,2026/09/09
727,727,7991,マミヤ・オーピー(株),東証STD,"1,068",-15,-1.39,"3,600",2026/09/09
728,728,8707,岩井コスモホールディングス(株),東証PRM,"4,595",-65,-1.39,"101,900",2026/09/09
729,729,2296,伊藤ハム米久ホールディングス(株),東証PRM,"5,000",-70,-1.38,"107,700",2026/09/09
730,730,8929,(株)青山財産ネットワークス,東証STD,"1,360",-19,-1.38,"26,600",2026/09/09
731,731,2579,コカ・コーラ　ボトラーズジャパンホールディングス(株),東証PRM,"3,754",-52,-1.37,"578,900",2026/09/09
732,732,3765,ガンホー・オンライン・エンターテイメント(株),東証PRM,"2,450",-34,-1.37,"157,600",2026/09/09
733,733,5571,エキサイトホールディングス(株),東証STD,"1,006",-14,-1.37,700,2026/09/09
734,734,6630,ヤーマン(株),東証PRM,790,-11,-1.37,"64,500",2026/09/09
735,735,9130,共栄タンカー(株),東証STD,"1,583",-22,-1.37,"22,400",2026/09/09
736,736,9799,旭情報サービス(株),東証STD,939,-13,-1.37,"5,600",2026/09/09
737,737,2082,投資家経営者一心同体ETF,東証ETF,"1,234",-17,-1.36,628,2026/09/09
738,738,218A,(株)Ｌｉｂｅｒａｗａｒｅ,東証GRT,"1,164",-16,-1.36,"138,100",2026/09/09
739,739,2415,ヒューマンホールディングス(株),東証STD,"1,662",-23,-1.36,"1,100",2026/09/09
740,740,4377,(株)ワンキャリア,東証GRT,"2,248",-31,-1.36,"63,200",2026/09/09
741,741,4719,(株)アルファシステムズ,東証PRM,"3,265",-45,-1.36,"14,100",2026/09/09
742,742,512A,GX ステーブルコイン&トークンビジネス(除く日本),東証ETF,"1,164",-16,-1.36,780,2026/09/09
743,743,7874,レック(株),東証PRM,943,-13,-1.36,"73,600",2026/09/09
744,744,8715,アニコム　ホールディングス(株),東証PRM,"1,017",-14,-1.36,"309,900",2026/09/09
745,745,9684,(株)スクウェア・エニックス・ホールディングス,東証PRM,"2,827",-39,-1.36,"1,009,700",2026/09/09
746,746,9744,(株)メイテックグループホールディングス,東証PRM,"3,253",-45,-1.36,"346,500",2026/09/09
747,747,468A,GX 米ドル建て投資適格社債,東証ETF,269.8,-3.7,-1.35,"3,200",2026/09/09
748,748,6156,(株)エーワン精密,東証STD,"1,821",-25,-1.35,"33,500",2026/09/09
749,749,7111,ＩＮＥＳＴ(株),東証STD,511,-7,-1.35,"15,100",2026/09/09
750,750,9202,ＡＮＡホールディングス(株),東証PRM,"2,951",-40.5,-1.35,"2,728,400",2026/09/09
751,751,9221,フルハシＥＰＯ(株),東証STD,"1,165",-16,-1.35,"47,000",2026/09/09
752,752,9467,(株)アルファポリス,東証GRT,"1,093",-15,-1.35,"168,200",2026/09/09
753,753,2146,ＵＴグループ(株),東証PRM,221,-3,-1.34,"3,799,200",2026/09/09
754,754,233A,iFreeETF インドNifty50,東証ETF,"1,765",-24,-1.34,"46,898",2026/09/09
755,755,2836,GX フィンテック-日本株式,東証ETF,"3,241",-44,-1.34,26,2026/09/09
756,756,3446,(株)ジェイテックコーポレーション,東証STD,"1,625",-22,-1.34,"17,400",2026/09/09
757,757,4337,ぴあ(株),東証PRM,"2,642",-36,-1.34,"16,400",2026/09/09
758,758,4486,ユナイトアンドグロウ(株),東証GRT,664,-9,-1.34,"4,600",2026/09/09
759,759,5011,ニチレキグループ(株),東証PRM,"2,275",-31,-1.34,"70,400",2026/09/09
760,760,5597,ブルーイノベーション(株),東証GRT,"1,398",-19,-1.34,"113,000",2026/09/09
761,761,7417,(株)南陽,東証STD,"1,835",-25,-1.34,"3,800",2026/09/09
762,762,8023,ＤＡＩＫＯ　ＸＴＥＣＨ(株),東証STD,"1,032",-14,-1.34,"7,700",2026/09/09
763,763,9692,(株)シーイーシー,東証PRM,"2,276",-31,-1.34,"153,700",2026/09/09
764,764,2270,雪印メグミルク(株),東証PRM,"3,715",-50,-1.33,"111,600",2026/09/09
765,765,2286,林兼産業(株),東証STD,890,-12,-1.33,"26,300",2026/09/09
766,766,2408,(株)ＫＧ情報,東証STD,815,-11,-1.33,"7,600",2026/09/09
767,767,2410,(株)キャリアデザインセンター,東証PRM,"2,815",-38,-1.33,"54,200",2026/09/09
768,768,2567,NZAM 上場投信 S&P/JPXカーボン・エフィシェント指数,東証ETF,534.8,-7.2,-1.33,540,2026/09/09
769,769,2702,日本マクドナルドホールディングス(株),東証STD,"8,150",-110,-1.33,"500,700",2026/09/09
770,770,3284,(株)フージャースホールディングス,東証PRM,"1,262",-17,-1.33,"344,100",2026/09/09
771,771,3836,(株)アバントグループ,東証PRM,"1,189",-16,-1.33,"92,000",2026/09/09
772,772,7412,(株)アトム,東証STD,372,-5,-1.33,"385,100",2026/09/09
773,773,8410,(株)セブン銀行,東証PRM,332.8,-4.5,-1.33,"3,714,100",2026/09/09
774,774,8628,松井証券(株),東証PRM,"1,190",-16,-1.33,"611,100",2026/09/09
775,775,2695,くら寿司(株),東証PRM,"1,716",-23,-1.32,"540,200",2026/09/09
776,776,296A,令和アカウンティング・ホールディングス(株),東証GRT,"1,122",-15,-1.32,"36,600",2026/09/09
777,777,4441,トビラシステムズ(株),東証STD,"1,421",-19,-1.32,"15,800",2026/09/09
778,778,7380,(株)十六フィナンシャルグループ,東証PRM,"2,538",-34,-1.32,"335,800",2026/09/09
779,779,7447,ナガイレーベン(株),東証PRM,"1,645",-22,-1.32,"72,000",2026/09/09
780,780,7776,(株)セルシード,東証GRT,224,-3,-1.32,"198,900",2026/09/09
781,781,8946,(株)ＡＳＩＡＮ　ＳＴＡＲ,東証STD,75,-1,-1.32,"94,900",2026/09/09
782,782,9889,ＪＢＣＣホールディングス(株),東証PRM,"1,571",-21,-1.32,"194,900",2026/09/09
783,783,2849,GX Morningstar 高配当 ESG-日本株式,東証ETF,"5,410",-72,-1.31,186,2026/09/09
784,784,3977,フュージョン(株),札幌ア,529,-7,-1.31,500,2026/09/09
785,785,4374,(株)ＲＯＢＯＴ　ＰＡＹＭＥＮＴ,東証GRT,"2,408",-32,-1.31,"4,600",2026/09/09
786,786,472A,(株)ミラティブ,東証GRT,528,-7,-1.31,"78,200",2026/09/09
787,787,541A,One ETF TOPIX高配当株グロース指数,東証ETF,"1,094.5",-14.5,-1.31,550,2026/09/09
788,788,6599,エブレン(株),東証STD,"3,760",-50,-1.31,"4,200",2026/09/09
789,789,7373,(株)アイドマ・ホールディングス,東証GRT,907,-12,-1.31,"154,200",2026/09/09
790,790,3179,シュッピン(株),東証PRM,"1,139",-15,-1.3,"107,800",2026/09/09
791,791,343A,(株)ＩＡＣＥトラベル,東証STD,"1,290",-17,-1.3,"10,200",2026/09/09
792,792,3467,アグレ都市デザイン(株),東証STD,"2,732",-36,-1.3,"7,400",2026/09/09
793,793,6952,カシオ計算機(株),東証PRM,"2,081",-27.5,-1.3,"2,683,900",2026/09/09
794,794,7059,(株)コプロ・ホールディングス,東証PRM,909,-12,-1.3,"73,900",2026/09/09
795,795,7769,リズム(株),東証PRM,"3,800",-50,-1.3,"42,100",2026/09/09
796,796,7836,アビックス(株),東証STD,76,-1,-1.3,"53,200",2026/09/09
797,797,9237,(株)笑美面,東証GRT,985,-13,-1.3,"9,900",2026/09/09
798,798,3377,(株)バイク王＆カンパニー,東証STD,384,-5,-1.29,"6,700",2026/09/09
799,799,6264,(株)マルマエ,東証PRM,"1,908",-25,-1.29,"401,800",2026/09/09
800,800,7177,ＧＭＯフィナンシャルホールディングス(株),東証STD,"1,145",-15,-1.29,"144,400",2026/09/09
801,801,8844,(株)コスモスイニシア,東証STD,"1,225",-16,-1.29,"48,900",2026/09/09
802,802,9270,バリュエンスホールディングス(株),東証GRT,"1,987",-26,-1.29,"45,700",2026/09/09
803,803,4657,(株)環境管理センター,東証STD,464,-6,-1.28,"6,600",2026/09/09
804,804,4658,日本空調サービス(株),東証PRM,"1,545",-20,-1.28,"147,400",2026/09/09
805,805,497A,インバウンド消費関連 日本株(ネットリターン)ETN,東証ETF,"10,450",-135,-1.28,135,2026/09/09
806,806,6292,(株)カワタ,東証STD,847,-11,-1.28,"1,800",2026/09/09
807,807,8138,三京化成(株),東証STD,"4,245",-55,-1.28,200,2026/09/09
808,808,9842,アークランズ(株),東証PRM,"1,857",-24,-1.28,"206,000",2026/09/09
809,809,1572,中国H株ブル2倍上場投信,東証ETF,"6,626",-85,-1.27,870,2026/09/09
810,810,1687,WisdomTree 農産物上場投信,東証ETF,"1,085",-14,-1.27,"2,580",2026/09/09
811,811,2229,カルビー(株),東証PRM,"3,020",-39,-1.27,"291,900",2026/09/09
812,812,4361,川口化学工業(株),東証STD,"1,560",-20,-1.27,200,2026/09/09
813,813,460A,ＢＲＡＮＵ(株),東証GRT,"1,012",-13,-1.27,"18,900",2026/09/09
814,814,7181,(株)かんぽ生命保険,東証PRM,"1,706.5",-22,-1.27,"2,203,400",2026/09/09
815,815,7606,(株)ユナイテッドアローズ,東証PRM,"2,326",-30,-1.27,"218,900",2026/09/09
816,816,7957,フジコピアン(株),東証STD,"2,560",-33,-1.27,"3,100",2026/09/09
817,817,8439,東京センチュリー(株),東証PRM,"2,633",-34,-1.27,"576,400",2026/09/09
818,818,9246,(株)プロジェクトホールディングス,東証GRT,"1,088",-14,-1.27,400,2026/09/09
819,819,9946,ミニストップ(株),東証PRM,"1,794",-23,-1.27,"48,700",2026/09/09
820,820,262A,(株)インターメスティック,東証PRM,"1,727",-22,-1.26,"160,700",2026/09/09
821,821,2742,(株)ハローズ,東証PRM,"3,930",-50,-1.26,"30,300",2026/09/09
822,822,2814,佐藤食品工業(株),東証STD,"3,930",-50,-1.26,"1,300",2026/09/09
823,823,2868,GX S&P500・カバード・コール,東証ETF,"1,100",-14,-1.26,"92,418",2026/09/09
824,824,300A,ＭＩＣ(株),東証STD,"3,145",-40,-1.26,"19,000",2026/09/09
825,825,3028,(株)アルペン,東証PRM,"2,278",-29,-1.26,"90,200",2026/09/09
826,826,3760,(株)ケイブ,東証STD,703,-9,-1.26,"5,900",2026/09/09
827,827,6286,靜甲(株),東証STD,"1,490",-19,-1.26,"3,100",2026/09/09
828,828,6960,フクダ電子(株),東証STD,"11,710",-150,-1.26,"51,000",2026/09/09
829,829,7863,(株)平賀,東証STD,944,-12,-1.26,900,2026/09/09
830,830,8399,(株)琉球銀行,東証PRM,"3,130",-40,-1.26,"105,200",2026/09/09
831,831,8572,アコム(株),東証STD,478,-6.1,-1.26,"1,105,600",2026/09/09
832,832,9896,ＪＫホールディングス(株),東証STD,"1,409",-18,-1.26,"88,400",2026/09/09
833,833,3266,(株)ファンドクリエーショングループ,東証STD,79,-1,-1.25,"13,100",2026/09/09
834,834,3267,(株)フィル・カンパニー,東証STD,634,-8,-1.25,"21,800",2026/09/09
835,835,6099,(株)エラン,東証PRM,713,-9,-1.25,"69,400",2026/09/09
836,836,6224,(株)ＪＲＣ,東証GRT,"1,187",-15,-1.25,"11,600",2026/09/09
837,837,7280,(株)ミツバ,東証PRM,"1,269",-16,-1.25,"133,800",2026/09/09
838,838,8595,ジャフコ　グループ(株),東証PRM,"2,251.5",-28.5,-1.25,"304,300",2026/09/09
839,839,8871,(株)ゴールドクレスト,東証STD,"3,160",-40,-1.25,"50,200",2026/09/09
840,840,2124,ＪＡＣ　Ｒｅｃｒｕｉｔｍｅｎｔ,東証PRM,956,-12,-1.24,"372,200",2026/09/09
841,841,2792,(株)ハニーズホールディングス,東証PRM,"1,429",-18,-1.24,"52,700",2026/09/09
842,842,3636,(株)三菱総合研究所,東証PRM,"4,780",-60,-1.24,"49,400",2026/09/09
843,843,3762,テクマトリックス(株),東証PRM,"2,304",-29,-1.24,"212,200",2026/09/09
844,844,4547,キッセイ薬品工業(株),東証PRM,"3,980",-50,-1.24,"53,600",2026/09/09
845,845,6417,(株)ＳＡＮＫＹＯ,東証PRM,"1,986.5",-25,-1.24,"811,200",2026/09/09
846,846,8252,(株)丸井グループ,東証PRM,"2,862",-36,-1.24,"1,161,600",2026/09/09
847,847,8927,(株)明豊エンタープライズ,東証STD,478,-6,-1.24,"55,200",2026/09/09
848,848,9425,ＲｅＹｕｕ　Ｊａｐａｎ(株),東証STD,239,-3,-1.24,"218,900",2026/09/09
849,849,2854,GX テック・トップ20-日本株式,東証ETF,"2,652",-33,-1.23,"83,644",2026/09/09
850,850,3046,(株)ジンズホールディングス,東証PRM,"5,610",-70,-1.23,"156,700",2026/09/09
851,851,3837,アドソル日進(株),東証PRM,"1,363",-17,-1.23,"68,700",2026/09/09
852,852,425A,GX ゴールドETF,東証ETF,360.3,-4.5,-1.23,"211,280",2026/09/09
853,853,4587,ペプチドリーム(株),東証PRM,"1,082.5",-13.5,-1.23,"781,800",2026/09/09
854,854,4662,(株)フォーカスシステムズ,東証PRM,"1,601",-20,-1.23,"35,100",2026/09/09
855,855,4896,(株)ケイファーマ,東証GRT,805,-10,-1.23,"24,500",2026/09/09
856,856,7037,(株)テノ．ホールディングス,東証STD,803,-10,-1.23,"10,600",2026/09/09
857,857,7453,(株)良品計画,東証PRM,"4,085",-51,-1.23,"2,926,900",2026/09/09
858,858,8247,(株)大和,東証STD,322,-4,-1.23,"2,400",2026/09/09
859,859,9628,燦ホールディングス(株),東証PRM,"1,283",-16,-1.23,"51,900",2026/09/09
860,860,2267,(株)ヤクルト本社,東証PRM,"2,794",-34.5,-1.22,"1,392,700",2026/09/09
861,861,242A,(株)リプライオリティ,福岡Q,566,-7,-1.22,200,2026/09/09
862,862,282A,GX 半導体・トップ10-日本株式,東証ETF,"2,272",-28,-1.22,"127,892",2026/09/09
863,863,504A,イノバセル(株),東証GRT,567,-7,-1.22,"39,000",2026/09/09
864,864,5987,(株)オーネックス,東証STD,"1,620",-20,-1.22,"1,500",2026/09/09
865,865,6525,(株)ＫＯＫＵＳＡＩ　ＥＬＥＣＴＲＩＣ,東証PRM,"8,675",-107,-1.22,"11,131,700",2026/09/09
866,866,6989,北陸電気工業(株),東証STD,"2,339",-29,-1.22,"8,600",2026/09/09
867,867,7601,(株)ポプラ,東証STD,162,-2,-1.22,"50,800",2026/09/09
868,868,8388,(株)阿波銀行,東証PRM,"9,710",-120,-1.22,"70,300",2026/09/09
869,869,9101,日本郵船(株),東証PRM,"7,201",-89,-1.22,"2,646,100",2026/09/09
870,870,2252,GX Morningstar 米国中小型 Moat,東証ETF,"1,393",-17,-1.21,"9,811",2026/09/09
871,871,2645,GX レジャー&エンターテインメント-日本株式,東証ETF,"3,028",-37,-1.21,266,2026/09/09
872,872,3964,(株)オークネット,東証PRM,"1,309",-16,-1.21,"398,700",2026/09/09
873,873,6436,アマノ(株),東証PRM,"3,841",-47,-1.21,"193,900",2026/09/09
874,874,7649,スギホールディングス(株),東証PRM,"1,307",-16,-1.21,"2,503,800",2026/09/09
875,875,9332,ＮＩＳＳＯホールディングス(株),東証PRM,654,-8,-1.21,"76,200",2026/09/09
876,876,1828,田辺工業(株),東証STD,"2,470",-30,-1.2,"15,100",2026/09/09
877,877,3048,(株)ビックカメラ,東証PRM,"1,692",-20.5,-1.2,"587,300",2026/09/09
878,878,3191,(株)ジョイフル本田,東証PRM,"2,218",-27,-1.2,"119,100",2026/09/09
879,879,364A,(NEXT FUNDS) S&P500 配当貴族指数連動型上場投信,東証ETF,"2,391",-29,-1.2,"2,722",2026/09/09
880,880,438A,(株)インフキュリオン,東証GRT,989,-12,-1.2,"64,000",2026/09/09
881,881,4554,富士製薬工業(株),東証PRM,"1,727",-21,-1.2,"87,500",2026/09/09
882,882,7552,(株)ハピネット,東証PRM,"3,705",-45,-1.2,"157,300",2026/09/09
883,883,8891,ＡＭＧホールディングス(株),東証STD,"1,982",-24,-1.2,"6,400",2026/09/09
884,884,9740,ＣＳＰ,東証PRM,"2,642",-32,-1.2,"14,200",2026/09/09
885,885,2071,スマート ESG30 総合(ネットリターン)ETN,東証ETF,"19,510",-235,-1.19,250,2026/09/09
886,886,3069,(株)ＪＦＬＡホールディングス,東証STD,166,-2,-1.19,"161,000",2026/09/09
887,887,4591,(株)リボミック,東証GRT,83,-1,-1.19,"684,000",2026/09/09
888,888,465A,GX 日経平均株主還元40-日本株式,東証ETF,"1,324",-16,-1.19,"3,526",2026/09/09
889,889,4792,山田コンサルティンググループ(株),東証PRM,"1,741",-21,-1.19,"25,300",2026/09/09
890,890,4839,(株)ＷＯＷＯＷ,東証PRM,"1,000",-12,-1.19,"95,600",2026/09/09
891,891,4960,ケミプロ化成(株),東証STD,579,-7,-1.19,"37,300",2026/09/09
892,892,5943,(株)ノーリツ,東証PRM,"2,242",-27,-1.19,"68,400",2026/09/09
893,893,8139,(株)ナガホリ,東証STD,"2,165",-26,-1.19,"6,300",2026/09/09
894,894,8219,青山商事(株),東証PRM,750,-9,-1.19,"458,600",2026/09/09
895,895,8344,(株)山形銀行,東証PRM,"4,555",-55,-1.19,"104,900",2026/09/09
896,896,8370,(株)紀陽銀行,東証PRM,"4,990",-60,-1.19,"172,400",2026/09/09
897,897,2342,(株)トランスジェニックグループ,東証STD,252,-3,-1.18,"57,200",2026/09/09
898,898,3766,システムズ・デザイン(株),東証STD,"1,426",-17,-1.18,"2,400",2026/09/09
899,899,4051,ＧＭＯフィナンシャルゲート(株),東証PRM,"5,880",-70,-1.18,"30,900",2026/09/09
900,900,407A,(株)ＵＮＩＣＯＮホールディングス,東証STD,921,-11,-1.18,"10,700",2026/09/09
901,901,4376,(株)くふうカンパニーホールディングス,東証GRT,167,-2,-1.18,"16,100",2026/09/09
902,902,4674,(株)クレスコ,東証PRM,"1,759",-21,-1.18,"155,400",2026/09/09
903,903,6085,アーキテクツ・スタジオ・ジャパン(株),東証GRT,168,-2,-1.18,"4,666,300",2026/09/09
904,904,6183,(株)ベルシステム２４ホールディングス,東証PRM,"1,343",-16,-1.18,"191,400",2026/09/09
905,905,8005,(株)スクロール,東証PRM,"1,758",-21,-1.18,"237,200",2026/09/09
906,906,8018,三共生興(株),東証STD,834,-10,-1.18,"26,500",2026/09/09
907,907,9362,兵機海運(株),東証STD,"3,780",-45,-1.18,200,2026/09/09
908,908,9417,(株)スマートバリュー,東証STD,335,-4,-1.18,"2,600",2026/09/09
909,909,9974,(株)ベルク,東証PRM,"6,720",-80,-1.18,"23,200",2026/09/09
910,910,1617,(NEXT FUNDS)食品上場投信,東証ETF,"47,240",-560,-1.17,592,2026/09/09
911,911,2730,(株)エディオン,東証PRM,"2,448",-29,-1.17,"207,900",2026/09/09
912,912,2837,GX 中小型リーダーズ-日本株式,東証ETF,"4,747",-56,-1.17,"1,870",2026/09/09
913,913,3668,(株)コロプラ,東証PRM,421,-5,-1.17,"278,000",2026/09/09
914,914,5075,アップコン(株),名証NXT,"1,015",-12,-1.17,"2,300",2026/09/09
915,915,6071,(株)ＩＢＪ,東証PRM,843,-10,-1.17,"381,300",2026/09/09
916,916,7043,アルー(株),東証GRT,926,-11,-1.17,"2,800",2026/09/09
917,917,8151,(株)東陽テクニカ,東証PRM,"1,855",-22,-1.17,"144,500",2026/09/09
918,918,8281,ゼビオホールディングス(株),東証PRM,"1,101",-13,-1.17,"124,900",2026/09/09
919,919,9514,(株)エフオン,東証STD,337,-4,-1.17,"135,900",2026/09/09
920,920,9605,東映(株),東証PRM,"5,920",-70,-1.17,"52,300",2026/09/09
921,921,2418,(株)ツカダ・グローバルホールディング,東証STD,595,-7,-1.16,"157,500",2026/09/09
922,922,4438,(株)Ｗｅｌｂｙ,東証GRT,255,-3,-1.16,"10,500",2026/09/09
923,923,6177,ＡｐｐＢａｎｋ(株),東証GRT,85,-1,-1.16,"150,000",2026/09/09
924,924,9782,(株)ディーエムエス,東証STD,"3,410",-40,-1.16,"72,800",2026/09/09
925,925,2851,iシェアーズ MSCI ジャパンSRI,東証ETF,388.5,-4.5,-1.15,170,2026/09/09
926,926,2931,(株)ユーグレナ,東証PRM,343,-4,-1.15,"433,800",2026/09/09
927,927,3834,(株)朝日ネット,東証PRM,600,-7,-1.15,"89,200",2026/09/09
928,928,1633,(NEXT FUNDS)不動産上場投信,東証ETF,"48,540",-560,-1.14,133,2026/09/09
929,929,365A,伊澤タオル(株),東証STD,779,-9,-1.14,"21,100",2026/09/09
930,930,4483,(株)ＪＭＤＣ,東証PRM,"3,460",-40,-1.14,"398,600",2026/09/09
931,931,4619,日本特殊塗料(株),東証STD,"2,610",-30,-1.14,"38,000",2026/09/09
932,932,542A,(株)ビタブリッドジャパン,東証GRT,"1,038",-12,-1.14,"4,300",2026/09/09
933,933,6904,原田工業(株),東証STD,606,-7,-1.14,"15,200",2026/09/09
934,934,7472,(株)鳥羽洋行,東証STD,"3,890",-45,-1.14,400,2026/09/09
935,935,7943,ニチハ(株),東証PRM,"2,940",-34,-1.14,"47,100",2026/09/09
936,936,1555,上場インデックスファンド豪州リート,東証ETF,"2,280",-26,-1.13,"3,449",2026/09/09
937,937,2639,GX バイオ＆メドテック-日本株式,東証ETF,"1,665",-19,-1.13,889,2026/09/09
938,938,3050,ＤＣＭホールディングス(株),東証PRM,"1,574",-18,-1.13,"269,600",2026/09/09
939,939,6327,北川精機(株),東証STD,"3,065",-35,-1.13,"117,200",2026/09/09
940,940,6440,ＪＵＫＩ(株),東証PRM,702,-8,-1.13,"229,100",2026/09/09
941,941,7041,ＣＲＧホールディングス(株),東証GRT,351,-4,-1.13,"2,700",2026/09/09
942,942,7191,(株)イントラスト,東証STD,"1,133",-13,-1.13,"18,300",2026/09/09
943,943,7962,(株)キングジム,東証PRM,785,-9,-1.13,"28,400",2026/09/09
944,944,8361,(株)大垣共立銀行,東証PRM,"7,860",-90,-1.13,"149,700",2026/09/09
945,945,8616,東海東京フィナンシャル・ホールディングス(株),東証PRM,875,-10,-1.13,"823,700",2026/09/09
946,946,9272,ブティックス(株),東証GRT,"1,403",-16,-1.13,"3,300",2026/09/09
947,947,1435,(株)ｒｏｂｏｔ　ｈｏｍｅ,東証STD,176,-2,-1.12,"268,700",2026/09/09
948,948,2326,デジタルアーツ(株),東証PRM,"4,400",-50,-1.12,"106,300",2026/09/09
949,949,3657,ポールトゥウィンホールディングス(株),東証PRM,354,-4,-1.12,"145,200",2026/09/09
950,950,3921,(株)ネオジャパン,東証PRM,"1,595",-18,-1.12,"12,700",2026/09/09
951,951,545A,(株)トランヴィア,東証PRM,974,-11,-1.12,"66,200",2026/09/09
952,952,7320,Ｓｏｌｖｖｙ(株),東証GRT,"1,415",-16,-1.12,"15,800",2026/09/09
953,953,7860,エイベックス(株),東証PRM,"1,235",-14,-1.12,"105,400",2026/09/09
954,954,1429,(株)日本アクア,東証PRM,802,-9,-1.11,"57,200",2026/09/09
955,955,2130,(株)メンバーズ,東証PRM,890,-10,-1.11,"58,400",2026/09/09
956,956,3678,(株)メディアドゥ,東証PRM,"1,246",-14,-1.11,"17,200",2026/09/09
957,957,4848,(株)フルキャストホールディングス,東証PRM,"1,787",-20,-1.11,"59,900",2026/09/09
958,958,543A,ＡＲＣＨＩＯＮ(株),東証PRM,268,-3,-1.11,"16,319,200",2026/09/09
959,959,6597,ＨＰＣシステムズ(株),東証GRT,"3,575",-40,-1.11,"62,600",2026/09/09
960,960,7389,(株)あいちフィナンシャルグループ,東証PRM,"1,875",-21,-1.11,"598,900",2026/09/09
961,961,7486,サンリン(株),東証STD,801,-9,-1.11,"2,800",2026/09/09
962,962,8739,スパークス・グループ(株),東証PRM,"2,584",-29,-1.11,"109,500",2026/09/09
963,963,9742,(株)アイネス,東証PRM,"2,047",-23,-1.11,"23,500",2026/09/09
964,964,2498,(株)オリエンタルコンサルタンツホールディングス,東証STD,"3,140",-35,-1.1,"10,200",2026/09/09
965,965,2936,ベースフード(株),東証GRT,270,-3,-1.1,"10,900",2026/09/09
966,966,518A,(NEXT FUNDS) FTSE日本株高配当キャッシュフロー50,東証ETF,"2,065",-23,-1.1,"12,768",2026/09/09
967,967,526A,JPXスタートアップ急成長100ETF,東証ETF,"2,240",-25,-1.1,210,2026/09/09
968,968,5491,日本金属(株),東証STD,896,-10,-1.1,"39,600",2026/09/09
969,969,590A,ギフティグループ(株),東証PRM,"1,256",-14,-1.1,"154,700",2026/09/09
970,970,7180,(株)九州フィナンシャルグループ,東証PRM,"1,568",-17.5,-1.1,"821,700",2026/09/09
971,971,8698,マネックスグループ(株),東証PRM,717,-8,-1.1,"1,374,500",2026/09/09
972,972,2477,手間いらず(株),東証STD,"3,175",-35,-1.09,"10,900",2026/09/09
973,973,3333,(株)あさひ,東証PRM,"1,276",-14,-1.09,"97,900",2026/09/09
974,974,4390,(株)アイ・ピー・エス,東証PRM,"4,080",-45,-1.09,"73,700",2026/09/09
975,975,532A,NZAM 上場投信 TOPIX高配当40,東証ETF,"2,277",-25,-1.09,201,2026/09/09
976,976,6082,(株)ライドオンエクスプレスホールディングス,東証STD,997,-11,-1.09,"37,200",2026/09/09
977,977,6798,ＳＭＫ(株),東証PRM,"3,185",-35,-1.09,"11,400",2026/09/09
978,978,8395,(株)佐賀銀行,東証PRM,"6,330",-70,-1.09,"54,900",2026/09/09
979,979,9418,(株)Ｕ－ＮＥＸＴ　ＨＯＬＤＩＮＧＳ,東証PRM,"1,721",-19,-1.09,"410,500",2026/09/09
980,980,175A,(株)Ｗｉｌｌ　Ｓｍａｒｔ,東証GRT,641,-7,-1.08,"5,500",2026/09/09
981,981,2266,六甲バター(株),東証PRM,"1,097",-12,-1.08,"42,500",2026/09/09
982,982,2282,日本ハム(株),東証PRM,"6,142",-67,-1.08,"615,700",2026/09/09
983,983,2588,(株)プレミアムウォーターホールディングス,東証STD,"3,650",-40,-1.08,"3,000",2026/09/09
984,984,3944,古林紙工(株),東証STD,"3,210",-35,-1.08,500,2026/09/09
985,985,462A,(株)ＦＵＮＤＩＮＮＯ,東証GRT,274,-3,-1.08,"226,800",2026/09/09
986,986,5542,新報国マテリアル(株),東証STD,916,-10,-1.08,"6,500",2026/09/09
987,987,7521,(株)ムサシ,東証STD,"2,752",-30,-1.08,400,2026/09/09
988,988,8418,(株)山口フィナンシャルグループ,東証PRM,"3,110",-34,-1.08,"410,600",2026/09/09
989,989,8793,ＮＥＣキャピタルソリューション(株),東証PRM,"4,140",-45,-1.08,"18,100",2026/09/09
990,990,8860,フジ住宅(株),東証PRM,730,-8,-1.08,"66,900",2026/09/09
991,991,2735,(株)ワッツ,東証STD,740,-8,-1.07,"70,800",2026/09/09
992,992,283A,GX USテック・配当貴族,東証ETF,"1,297",-14,-1.07,909,2026/09/09
993,993,2998,クリアル(株),東証GRT,556,-6,-1.07,"72,800",2026/09/09
994,994,3177,(株)ありがとうサービス,東証STD,"4,155",-45,-1.07,"4,200",2026/09/09
995,995,3916,デジタル・インフォメーション・テクノロジー(株),東証PRM,928,-10,-1.07,"76,200",2026/09/09
996,996,4728,(株)トーセ,東証STD,650,-7,-1.07,"3,700",2026/09/09
997,997,4801,セントラルスポーツ(株),東証PRM,"2,407",-26,-1.07,"11,000",2026/09/09
998,998,5186,ニッタ(株),東証PRM,"6,500",-70,-1.07,"40,900",2026/09/09
999,999,6400,不二精機(株),東証STD,278,-3,-1.07,"17,700",2026/09/09
1000,1000,8613,丸三証券(株),東証PRM,"1,290",-14,-1.07,"230,300",2026/09/09
1001,1001,9227,マイクロ波化学(株),東証GRT,831,-9,-1.07,"109,200",2026/09/09
1002,1002,148A,(株)ハッチ・ワーク,東証GRT,"1,688",-18,-1.06,300,2026/09/09
1003,1003,1911,住友林業(株),東証PRM,"1,259",-13.5,-1.06,"5,391,300",2026/09/09
1004,1004,2516,東証グロース250ETF,東証ETF,618.5,-6.6,-1.06,"244,580",2026/09/09
1005,1005,332A,ミーク(株),東証GRT,"1,124",-12,-1.06,"34,900",2026/09/09
1006,1006,3992,(株)ニーズウェル,東証PRM,466,-5,-1.06,"37,100",2026/09/09
1007,1007,4578,大塚ホールディングス(株),東証PRM,"11,675",-125,-1.06,"1,231,700",2026/09/09
1008,1008,7326,ＳＢＩインシュアランスグループ(株),東証GRT,"2,146",-23,-1.06,"19,400",2026/09/09
1009,1009,9327,(株)イー・ロジット,東証STD,186,-2,-1.06,"104,000",2026/09/09
1010,1010,1379,ホクト(株),東証PRM,"2,064",-22,-1.05,"70,500",2026/09/09
1011,1011,1676,WisdomTree 貴金属バスケット上場投信,東証ETF,"42,500",-450,-1.05,7,2026/09/09
1012,1012,2212,山崎製パン(株),東証PRM,"3,848",-41,-1.05,"653,500",2026/09/09
1013,1013,2640,GX ゲーム＆アニメ-日本株式,東証ETF,"4,160",-44,-1.05,"12,523",2026/09/09
1014,1014,2866,GX 米国優先証券,東証ETF,944,-10,-1.05,"38,830",2026/09/09
1015,1015,3236,(株)プロパスト,東証STD,282,-3,-1.05,"150,600",2026/09/09
1016,1016,4012,(株)アクシス,東証STD,"1,702",-18,-1.05,"5,400",2026/09/09
1017,1017,5929,三和ホールディングス(株),東証PRM,"3,473",-37,-1.05,"890,800",2026/09/09
1018,1018,6089,(株)ウィルグループ,東証PRM,"1,128",-12,-1.05,"30,600",2026/09/09
1019,1019,7187,ジェイリース(株),東証PRM,"1,318",-14,-1.05,"51,900",2026/09/09
1020,1020,9104,(株)商船三井,東証PRM,"7,039",-75,-1.05,"2,024,600",2026/09/09
1021,1021,9346,(株)ココルポート,東証GRT,"1,880",-20,-1.05,"1,900",2026/09/09
1022,1022,9854,愛眼(株),東証STD,282,-3,-1.05,"31,100",2026/09/09
1023,1023,2698,(株)キャンドゥ,東証STD,"3,330",-35,-1.04,"22,400",2026/09/09
1024,1024,3358,Ｔｒａｉｌｈｅａｄ　Ｇｌｏｂａｌ　Ｈｏｌｄｉｎｇｓ(株),東証STD,95,-1,-1.04,"45,600",2026/09/09
1025,1025,3384,(株)アークコア,名証NXT,762,-8,-1.04,"1,200",2026/09/09
1026,1026,4168,(株)ヤプリ,東証GRT,759,-8,-1.04,"35,500",2026/09/09
1027,1027,5952,アマテイ(株),東証STD,190,-2,-1.04,"17,000",2026/09/09
1028,1028,7042,(株)アクセスグループ・ホールディングス,東証STD,664,-7,-1.04,800,2026/09/09
1029,1029,7084,(株)Ｓｍｉｌｅ　Ｈｏｌｄｉｎｇｓ,東証GRT,"2,954",-31,-1.04,"4,500",2026/09/09
1030,1030,7443,横浜魚類(株),東証STD,663,-7,-1.04,"4,200",2026/09/09
1031,1031,8630,ＳＯＭＰＯホールディングス(株),東証PRM,"6,578",-69,-1.04,"2,526,900",2026/09/09
1032,1032,1847,(株)イチケン,東証STD,"3,365",-35,-1.03,"27,800",2026/09/09
1033,1033,2980,ＳＲＥホールディングス(株),東証PRM,"2,313",-24,-1.03,"258,000",2026/09/09
1034,1034,341A,(株)トヨコー,東証GRT,"2,203",-23,-1.03,"44,000",2026/09/09
1035,1035,4783,ＮＣＤ(株),東証STD,"2,597",-27,-1.03,"10,200",2026/09/09
1036,1036,564A,GX S&P先進国キャッシュフロー・トップ100,東証ETF,"1,052",-11,-1.03,"1,079",2026/09/09
1037,1037,6047,(株)Ｇｕｎｏｓｙ,東証STD,384,-4,-1.03,"72,800",2026/09/09
1038,1038,6078,(株)バリューＨＲ,東証PRM,"1,537",-16,-1.03,"13,200",2026/09/09
1039,1039,6926,岡谷電機産業(株),東証STD,193,-2,-1.03,"17,400",2026/09/09
1040,1040,7751,キヤノン(株),東証PRM,"4,317",-45,-1.03,"4,239,600",2026/09/09
1041,1041,8341,(株)七十七銀行,東証PRM,"3,845",-40,-1.03,"578,700",2026/09/09
1042,1042,9343,(株)アイビス,東証GRT,772,-8,-1.03,"60,100",2026/09/09
1043,1043,9845,(株)パーカーコーポレーション,東証STD,"1,350",-14,-1.03,"6,800",2026/09/09
1044,1044,2045,NEXT NOTES S&P シンガポール リート(NR)ETN,東証ETF,"19,340",-200,-1.02,7,2026/09/09
1045,1045,294A,(NEXT FUNDS) MSCIジャパン気候変動指数(セレクト),東証ETF,"2,919",-30,-1.02,7,2026/09/09
1046,1046,3091,(株)ブロンコビリー,東証PRM,"2,821",-29,-1.02,"67,700",2026/09/09
1047,1047,3355,クリヤマホールディングス(株),東証STD,"1,742",-18,-1.02,"29,000",2026/09/09
1048,1048,4521,科研製薬(株),東証PRM,"3,865",-40,-1.02,"118,700",2026/09/09
1049,1049,4722,フューチャー(株),東証PRM,"2,421",-25,-1.02,"655,600",2026/09/09
1050,1050,5704,(株)ＪＭＣ,東証STD,387,-4,-1.02,"5,000",2026/09/09
1051,1051,5757,(株)ＣＫサンエツ,東証PRM,"4,840",-50,-1.02,"10,300",2026/09/09
1052,1052,6675,サクサ(株),東証STD,"2,129",-22,-1.02,"30,800",2026/09/09
1053,1053,8125,(株)ワキタ,東証PRM,"1,943",-20,-1.02,"115,500",2026/09/09
1054,1054,8750,(株)第一ライフグループ,東証PRM,"1,804",-18.5,-1.02,"8,970,400",2026/09/09
1055,1055,2669,カネ美食品(株),東証STD,"3,910",-40,-1.01,"8,800",2026/09/09
1056,1056,409A,オリオンビール(株),東証PRM,"1,179",-12,-1.01,"79,900",2026/09/09
1057,1057,4705,(株)クリップコーポレーション,東証STD,787,-8,-1.01,500,2026/09/09
1058,1058,476A,辻・本郷ＩＴコンサルティング(株),東証STD,"1,663",-17,-1.01,"1,300",2026/09/09
1059,1059,5591,(株)ＡＶＩＬＥＮ,東証GRT,878,-9,-1.01,"18,600",2026/09/09
1060,1060,2168,(株)パソナグループ,東証PRM,"1,580",-16,-1.0,"112,200",2026/09/09
1061,1061,2687,(株)シー・ヴイ・エス・ベイエリア,東証STD,495,-5,-1.0,"4,400",2026/09/09
1062,1062,2819,エバラ食品工業(株),東証STD,"2,475",-25,-1.0,"14,200",2026/09/09
1063,1063,2935,(株)ピックルスホールディングス,東証PRM,"1,190",-12,-1.0,"15,700",2026/09/09
1064,1064,4571,ＮＡＮＯ　ホールディングス(株),東証GRT,99,-1,-1.0,"186,000",2026/09/09
1065,1065,4624,イサム塗料(株),東証STD,"3,960",-40,-1.0,800,2026/09/09
1066,1066,4816,東映アニメーション(株),東証STD,"2,975",-30,-1.0,"420,100",2026/09/09
1067,1067,5108,(株)ブリヂストン,東証PRM,"3,759",-38,-1.0,"4,924,100",2026/09/09
1068,1068,6539,(株)ＭＳ－Ｊａｐａｎ,東証PRM,987,-10,-1.0,"55,500",2026/09/09
1069,1069,7615,(株)京都きもの友禅ホールディングス,東証STD,99,-1,-1.0,"170,600",2026/09/09
1070,1070,7893,(株)プロネクサス,東証PRM,"1,092",-11,-1.0,"53,600",2026/09/09
1071,1071,8007,高島(株),東証PRM,790,-8,-1.0,"152,300",2026/09/09
1072,1072,8185,(株)チヨダ,東証PRM,989,-10,-1.0,"99,900",2026/09/09
1073,1073,8273,(株)イズミ,東証PRM,992,-10,-1.0,"526,500",2026/09/09
1074,1074,9083,神姫バス(株),東証STD,"1,975",-20,-1.0,"6,600",2026/09/09
1075,1075,9601,松竹(株),東証PRM,"10,890",-110,-1.0,"25,200",2026/09/09
1076,1076,2281,プリマハム(株),東証PRM,"2,403",-24,-0.99,"121,700",2026/09/09
1077,1077,2566,上場インデックスファンド日経ESGリート,東証ETF,997,-10,-0.99,"25,688",2026/09/09
1078,1078,3417,大木ヘルスケアホールディングス(株),東証STD,"1,002",-10,-0.99,"11,000",2026/09/09
1079,1079,3915,(株)テラスカイ,東証PRM,"2,291",-23,-0.99,"82,700",2026/09/09
1080,1080,4935,(株)リベルタ,東証STD,200,-2,-0.99,"125,000",2026/09/09
1081,1081,4994,大成ラミックグループ(株),東証STD,"2,702",-27,-0.99,"15,000",2026/09/09
1082,1082,7921,(株)ＴＡＫＡＲＡ　＆　ＣＯＭＰＡＮＹ,東証PRM,"4,010",-40,-0.99,"18,600",2026/09/09
1083,1083,9085,北海道中央バス(株),札証,"5,000",-50,-0.99,700,2026/09/09
1084,1084,9143,ＳＧホールディングス(株),東証PRM,"1,455",-14.5,-0.99,"1,270,000",2026/09/09
1085,1085,9214,Ｒｅｃｏｖｅｒｙ　Ｉｎｔｅｒｎａｔｉｏｎａｌ(株),東証GRT,"1,300",-13,-0.99,"3,300",2026/09/09
1086,1086,4199,ワンダープラネット(株),東証GRT,809,-8,-0.98,"4,000",2026/09/09
1087,1087,4263,サスメド(株),東証GRT,404,-4,-0.98,"125,900",2026/09/09
1088,1088,4318,(株)クイック,東証PRM,809,-8,-0.98,"84,700",2026/09/09
1089,1089,4676,(株)フジ・メディア・ホールディングス,東証PRM,"4,022",-40,-0.98,"536,400",2026/09/09
1090,1090,4892,(株)サイフューズ,東証GRT,605,-6,-0.98,"19,100",2026/09/09
1091,1091,7611,(株)ハイデイ日高,東証PRM,"3,020",-30,-0.98,"108,200",2026/09/09
1092,1092,9823,(株)マミーマートホールディングス,東証STD,"1,008",-10,-0.98,"75,300",2026/09/09
1093,1093,1873,(株)日本ハウスホールディングス,東証PRM,305,-3,-0.97,"114,200",2026/09/09
1094,1094,3321,ミタチ産業(株),東証STD,"1,642",-16,-0.97,"15,200",2026/09/09
1095,1095,4425,Ｋｕｄａｎ(株),東証GRT,"1,531",-15,-0.97,"203,700",2026/09/09
1096,1096,4429,リックソフト(株),東証GRT,713,-7,-0.97,700,2026/09/09
1097,1097,6145,ＮＩＴＴＯＫＵ(株),東証STD,"2,438",-24,-0.97,"97,200",2026/09/09
1098,1098,7150,(株)島根銀行,東証STD,511,-5,-0.97,"8,900",2026/09/09
1099,1099,7599,(株)ＩＤＯＭ,東証PRM,"1,219",-12,-0.97,"1,129,400",2026/09/09
1100,1100,7821,前田工繊(株),東証PRM,"1,934",-19,-0.97,"78,000",2026/09/09
1101,1101,7937,(株)ツツミ,東証STD,"2,555",-25,-0.97,"16,800",2026/09/09
1102,1102,8349,(株)東北銀行,東証STD,"1,636",-16,-0.97,"33,700",2026/09/09
1103,1103,8869,明和地所(株),東証STD,816,-8,-0.97,"60,000",2026/09/09
1104,1104,9409,(株)テレビ朝日ホールディングス,東証PRM,"3,060",-30,-0.97,"153,200",2026/09/09
1105,1105,345A,高配当成長 日本株(ネットリターン)ETN,東証ETF,"15,400",-150,-0.96,"1,452",2026/09/09
1106,1106,3922,(株)ＰＲ　ＴＩＭＥＳ,東証PRM,"2,165",-21,-0.96,"25,800",2026/09/09
1107,1107,4206,アイカ工業(株),東証PRM,"4,133",-40,-0.96,"149,300",2026/09/09
1108,1108,483A,テラテクノロジー(株),東証STD,"2,162",-21,-0.96,"2,600",2026/09/09
1109,1109,5282,ジオスター(株),東証STD,414,-4,-0.96,"32,400",2026/09/09
1110,1110,7679,(株)薬王堂ホールディングス,東証PRM,"1,645",-16,-0.96,"43,500",2026/09/09
1111,1111,7818,(株)トランザクション,東証PRM,"1,135",-11,-0.96,"70,300",2026/09/09
1112,1112,7992,セーラー万年筆(株),東証STD,103,-1,-0.96,"16,000",2026/09/09
1113,1113,8425,みずほリース(株),東証PRM,"1,343",-13,-0.96,"513,300",2026/09/09
1114,1114,9539,京葉瓦斯(株),東証STD,"1,346",-13,-0.96,"2,600",2026/09/09
1115,1115,1579,日経平均ブル2倍上場投信,東証ETF,721.4,-6.9,-0.95,"9,061,670",2026/09/09
1116,1116,2204,(株)中村屋,東証STD,"3,135",-30,-0.95,"5,400",2026/09/09
1117,1117,253A,(株)ＥＴＳグループ,東証STD,"1,040",-10,-0.95,"6,200",2026/09/09
1118,1118,2884,(株)ヨシムラ・フード・ホールディングス,東証PRM,628,-6,-0.95,"41,400",2026/09/09
1119,1119,4270,(株)ＢｅｅＸ,東証GRT,"1,875",-18,-0.95,"2,400",2026/09/09
1120,1120,4443,Ｓａｎｓａｎ(株),東証PRM,"1,976",-19,-0.95,"1,496,000",2026/09/09
1121,1121,4784,ＧＭＯインターネット(株),東証PRM,524,-5,-0.95,"1,285,500",2026/09/09
1122,1122,606A,金2倍ブルETF,東証ETF,"20,880",-200,-0.95,"4,753",2026/09/09
1123,1123,7198,ＳＢＩアルヒ(株),東証PRM,832,-8,-0.95,"102,600",2026/09/09
1124,1124,7309,(株)シマノ,東証PRM,"18,275",-175,-0.95,"271,600",2026/09/09
1125,1125,8165,(株)千趣会,東証STD,104,-1,-0.95,"208,500",2026/09/09
1126,1126,8714,(株)池田泉州ホールディングス,東証PRM,"1,042",-10,-0.95,"750,200",2026/09/09
1127,1127,9908,Ｄｅｎｋｅｉ,東証STD,"2,808",-27,-0.95,"14,600",2026/09/09
1128,1128,2982,(株)ＡＤワークスグループ,東証PRM,421,-4,-0.94,"248,100",2026/09/09
1129,1129,3580,小松マテーレ(株),東証PRM,741,-7,-0.94,"32,400",2026/09/09
1130,1130,4331,(株)テイクアンドギヴ・ニーズ,東証PRM,735,-7,-0.94,"76,700",2026/09/09
1131,1131,4404,ミヨシ油脂(株),東証STD,"2,212",-21,-0.94,"13,000",2026/09/09
1132,1132,6571,キュービーネットホールディングス(株),東証PRM,"1,270",-12,-0.94,"55,700",2026/09/09
1133,1133,6731,(株)ピクセラ,東証STD,105,-1,-0.94,"81,200",2026/09/09
1134,1134,7091,(株)リビングプラットフォーム,東証GRT,"1,261",-12,-0.94,"9,900",2026/09/09
1135,1135,7299,フジオーゼックス(株),東証STD,"1,787",-17,-0.94,"6,800",2026/09/09
1136,1136,8541,(株)愛媛銀行,東証PRM,"3,155",-30,-0.94,"187,300",2026/09/09
1137,1137,3835,ｅＢＡＳＥ(株),東証PRM,425,-4,-0.93,"49,300",2026/09/09
1138,1138,4641,(株)アルプス技研,東証PRM,849,-8,-0.93,"53,200",2026/09/09
1139,1139,5832,(株)ちゅうぎんフィナンシャルグループ,東証PRM,"3,406",-32,-0.93,"354,300",2026/09/09
1140,1140,7458,(株)第一興商,東証PRM,"1,812",-17,-0.93,"232,800",2026/09/09
1141,1141,7512,イオン北海道(株),東証STD,855,-8,-0.93,"115,600",2026/09/09
1142,1142,7570,橋本総業ホールディングス(株),東証STD,"1,380",-13,-0.93,"6,300",2026/09/09
1143,1143,7918,(株)ヴィア・ホールディングス,東証STD,106,-1,-0.93,"15,300",2026/09/09
1144,1144,2514,(NEXT FUNDS)外国株式･MSCI-KOKUSAI(H有),東証ETF,"2,037",-19,-0.92,820,2026/09/09
1145,1145,3245,(株)ディア・ライフ,東証PRM,"1,079",-10,-0.92,"395,600",2026/09/09
1146,1146,3550,(株)スタジオアタオ,東証GRT,215,-2,-0.92,"10,800",2026/09/09
1147,1147,4379,(株)Ｐｈｏｔｏｓｙｎｔｈ,東証GRT,430,-4,-0.92,"13,300",2026/09/09
1148,1148,4829,日本エンタープライズ(株),東証STD,108,-1,-0.92,"245,800",2026/09/09
1149,1149,6227,ＡＩメカテック(株),東証STD,"6,440",-60,-0.92,"683,800",2026/09/09
1150,1150,6555,(株)ＭＳ＆Ｃｏｎｓｕｌｔｉｎｇ,東証STD,431,-4,-0.92,200,2026/09/09
1151,1151,6668,(株)アドテック　プラズマ　テクノロジー,東証STD,"3,765",-35,-0.92,"67,300",2026/09/09
1152,1152,2044,NEXT NOTES S&P500 配当貴族(NR)ETN,東証ETF,"33,810",-310,-0.91,34,2026/09/09
1153,1153,2236,GX S&P500配当貴族,東証ETF,"1,422",-13,-0.91,"9,284",2026/09/09
1154,1154,235A,GX 高配当30-日本株式,東証ETF,"1,413",-13,-0.91,"54,102",2026/09/09
1155,1155,2749,(株)ＪＰホールディングス,東証PRM,654,-6,-0.91,"157,900",2026/09/09
1156,1156,4172,Ｈｉクラテス(株),東証STD,"2,299",-21,-0.91,500,2026/09/09
1157,1157,6023,ダイハツインフィニアース(株),東証STD,"3,250",-30,-0.91,"80,200",2026/09/09
1158,1158,7118,(株)伸和ホールディングス,名証NXT,"4,360",-40,-0.91,100,2026/09/09
1159,1159,9906,藤井産業(株),東証STD,"4,350",-40,-0.91,"3,400",2026/09/09
1160,1160,2870,iFreeETF NASDAQ100ダブルインバース,東証ETF,"7,510",-68,-0.9,"8,654",2026/09/09
1161,1161,2934,ジェイフロンティア(株),東証GRT,"1,985",-18,-0.9,"1,600",2026/09/09
1162,1162,3286,トラストホールディングス(株),東証STD,881,-8,-0.9,"5,800",2026/09/09
1163,1163,4344,ソースネクスト(株),東証PRM,110,-1,-0.9,"691,800",2026/09/09
1164,1164,4811,(株)ドリーム・アーツ,東証GRT,885,-8,-0.9,"12,900",2026/09/09
1165,1165,6495,(株)宮入バルブ製作所,東証STD,110,-1,-0.9,"253,900",2026/09/09
1166,1166,8386,(株)百十四銀行,東証PRM,"2,973",-27,-0.9,"310,500",2026/09/09
1167,1167,9248,人・夢・技術グループ(株),東証STD,"1,655",-15,-0.9,"15,000",2026/09/09
1168,1168,9876,(株)コックス,東証STD,220,-2,-0.9,"31,300",2026/09/09
1169,1169,1311,(NEXT FUNDS)TOPIX Core30連動型上場投信,東証ETF,"2,119",-19,-0.89,"26,325",2026/09/09
1170,1170,2327,日鉄ソリューションズ(株),東証PRM,"3,797",-34,-0.89,"168,500",2026/09/09
1171,1171,2562,上場インデックスファンド米国株式(ダウ平均)H有,東証ETF,"3,666",-33,-0.89,820,2026/09/09
1172,1172,2636,GX MSCIガバナンス・クオリティ-日本株式,東証ETF,"4,798",-43,-0.89,16,2026/09/09
1173,1173,3608,(株)ＴＳＩホールディングス,東証PRM,"1,227",-11,-0.89,"247,300",2026/09/09
1174,1174,4825,(株)ウェザーニューズ,東証PRM,"1,997",-18,-0.89,"160,200",2026/09/09
1175,1175,4927,(株)ポーラ・オルビスホールディングス,東証PRM,"1,332",-12,-0.89,"411,200",2026/09/09
1176,1176,5947,リンナイ(株),東証PRM,"3,460",-31,-0.89,"294,200",2026/09/09
1177,1177,5958,三洋工業(株),東証STD,"4,450",-40,-0.89,"1,800",2026/09/09
1178,1178,7865,ピープル(株),東証STD,335,-3,-0.89,"6,500",2026/09/09
1179,1179,8841,(株)テーオーシー,東証STD,"1,000",-9,-0.89,"55,900",2026/09/09
1180,1180,9439,(株)エム・エイチ・グループ,東証STD,223,-2,-0.89,"9,000",2026/09/09
1181,1181,4427,(株)ＥｄｕＬａｂ,東証GRT,226,-2,-0.88,"19,100",2026/09/09
1182,1182,4920,(株)日本色材工業研究所,東証STD,"1,120",-10,-0.88,600,2026/09/09
1183,1183,5288,アジアパイルホールディングス(株),東証PRM,"1,467",-13,-0.88,"269,700",2026/09/09
1184,1184,6189,(株)グローバルキッズＣＯＭＰＡＮＹ,東証STD,"1,010",-9,-0.88,"25,200",2026/09/09
1185,1185,9716,(株)乃村工藝社,東証PRM,"1,238",-11,-0.88,"217,700",2026/09/09
1186,1186,9936,(株)王将フードサービス,東証PRM,"2,945",-26,-0.88,"223,300",2026/09/09
1187,1187,2840,iFreeETF NASDAQ100(H無),東証ETF,"2,608",-23,-0.87,"93,805",2026/09/09
1188,1188,4452,花王(株),東証PRM,"3,413",-30,-0.87,"3,446,300",2026/09/09
1189,1189,6246,(株)テクノスマート,東証STD,"1,820",-16,-0.87,"6,100",2026/09/09
1190,1190,6402,兼松エンジニアリング(株),東証STD,"1,595",-14,-0.87,"2,100",2026/09/09
1191,1191,9037,(株)ハマキョウレックス,東証PRM,"1,817",-16,-0.87,"100,900",2026/09/09
1192,1192,9171,栗林商船(株),東証STD,"1,473",-13,-0.87,500,2026/09/09
1193,1193,9795,(株)ステップ,東証PRM,"2,270",-20,-0.87,"10,200",2026/09/09
1194,1194,1458,楽天 ETF-日経レバレッジ指数連動型,東証ETF,"79,800",-690,-0.86,"127,474",2026/09/09
1195,1195,2475,ＷＤＢホールディングス(株),東証PRM,"1,733",-15,-0.86,"13,500",2026/09/09
1196,1196,2700,木徳神糧(株),東証STD,"1,723",-15,-0.86,"12,600",2026/09/09
1197,1197,2910,(株)ロック・フィールド,東証PRM,"1,389",-12,-0.86,"43,100",2026/09/09
1198,1198,3004,神栄(株),東証STD,"2,071",-18,-0.86,"2,700",2026/09/09
1199,1199,4519,中外製薬(株),東証PRM,"6,476",-56,-0.86,"2,871,600",2026/09/09
1200,1200,4665,(株)ダスキン,東証PRM,"4,600",-40,-0.86,"81,200",2026/09/09
1201,1201,505A,(株)ギークリー,東証STD,"1,376",-12,-0.86,"27,600",2026/09/09
1202,1202,6420,ガリレイホールディングス(株),東証PRM,"3,450",-30,-0.86,"30,100",2026/09/09
1203,1203,6750,エレコム(株),東証PRM,"1,960",-17,-0.86,"151,300",2026/09/09
1204,1204,7081,コーユーレンティア(株),東証STD,"1,275",-11,-0.86,700,2026/09/09
1205,1205,7235,東京ラヂエーター製造(株),東証STD,"1,505",-13,-0.86,"45,400",2026/09/09
1206,1206,9159,(株)Ｗ　ＴＯＫＹＯ,東証GRT,"1,963",-17,-0.86,"8,900",2026/09/09
1207,1207,1547,上場インデックスファンド米国株式(S&P500),東証ETF,"12,790",-110,-0.85,"18,011",2026/09/09
1208,1208,2095,GX S&P500配当貴族 (H有),東証ETF,"1,165",-10,-0.85,62,2026/09/09
1209,1209,212A,フィットイージー(株),東証PRM,"2,913",-25,-0.85,"85,900",2026/09/09
1210,1210,2164,(株)地域新聞社,東証STD,117,-1,-0.85,"95,000",2026/09/09
1211,1211,3419,アートグリーン(株),名証NXT,"1,978",-17,-0.85,700,2026/09/09
1212,1212,3662,(株)エイチームホールディングス,東証PRM,929,-8,-0.85,"68,600",2026/09/09
1213,1213,3804,(株)システム　ディ,東証STD,468,-4,-0.85,600,2026/09/09
1214,1214,3925,(株)ダブルスタンダード,東証PRM,"1,283",-11,-0.85,"39,000",2026/09/09
1215,1215,6482,ＹＵＳＨＩＮ(株),東証STD,699,-6,-0.85,"63,700",2026/09/09
1216,1216,7363,(株)ベビーカレンダー,東証GRT,"1,282",-11,-0.85,500,2026/09/09
1217,1217,8200,(株)リンガーハット,東証PRM,"2,323",-20,-0.85,"94,100",2026/09/09
1218,1218,6923,スタンレー電気(株),東証PRM,"3,420",-29,-0.84,"424,500",2026/09/09
1219,1219,3054,(株)ハイパー,東証STD,360,-3,-0.83,"23,000",2026/09/09
1220,1220,3551,ダイニック(株),東証STD,"1,546",-13,-0.83,"20,400",2026/09/09
1221,1221,3895,ハビックス(株),東証STD,480,-4,-0.83,"5,800",2026/09/09
1222,1222,3983,(株)オロ,東証PRM,"1,919",-16,-0.83,"50,300",2026/09/09
1223,1223,4761,(株)さくらケーシーエス,東証STD,"1,428",-12,-0.83,"1,500",2026/09/09
1224,1224,6070,キャリアリンク(株),東証PRM,"2,504",-21,-0.83,"27,600",2026/09/09
1225,1225,6194,(株)アトラエ,東証PRM,834,-7,-0.83,"212,600",2026/09/09
1226,1226,6561,(株)ＨＡＮＡＴＯＵＲ　ＪＡＰＡＮ,東証GRT,834,-7,-0.83,"5,900",2026/09/09
1227,1227,6613,(株)ＱＤレーザ,東証GRT,"1,917",-16,-0.83,"2,174,900",2026/09/09
1228,1228,7093,アディッシュ(株),東証GRT,595,-5,-0.83,"3,300",2026/09/09
1229,1229,7241,フタバ産業(株),東証PRM,"1,070",-9,-0.83,"355,000",2026/09/09
1230,1230,7361,(株)ヒューマンクリエイションホールディングス,東証GRT,"1,190",-10,-0.83,"1,600",2026/09/09
1231,1231,8129,東邦ホールディングス(株),東証PRM,"3,954",-33,-0.83,"100,000",2026/09/09
1232,1232,8424,芙蓉総合リース(株),東証PRM,"4,410",-37,-0.83,"135,600",2026/09/09
1233,1233,8585,(株)オリエントコーポレーション,東証PRM,840,-7,-0.83,"583,500",2026/09/09
1234,1234,2154,(株)オープンアップグループ,東証PRM,"1,925",-16,-0.82,"160,400",2026/09/09
1235,1235,3030,(株)ハブ,東証STD,851,-7,-0.82,"10,900",2026/09/09
1236,1236,3205,(株)ダイドーリミテッド,東証STD,727,-6,-0.82,"131,800",2026/09/09
1237,1237,3776,(株)ブロードバンドタワー,東証STD,243,-2,-0.82,"52,600",2026/09/09
1238,1238,3939,(株)カナミックネットワーク,東証PRM,485,-4,-0.82,"135,500",2026/09/09
1239,1239,4072,(株)電算システムホールディングス,東証PRM,"3,030",-25,-0.82,"30,200",2026/09/09
1240,1240,4620,藤倉化成(株),東証STD,968,-8,-0.82,"100,100",2026/09/09
1241,1241,5192,三ツ星ベルト(株),東証PRM,"4,235",-35,-0.82,"47,600",2026/09/09
1242,1242,6676,(株)バッファロー,東証STD,"3,020",-25,-0.82,"41,200",2026/09/09
1243,1243,6976,太陽誘電(株),東証PRM,"8,972",-74,-0.82,"30,177,300",2026/09/09
1244,1244,7030,(株)スプリックス,東証STD,967,-8,-0.82,"9,900",2026/09/09
1245,1245,7247,(株)ミクニ,東証STD,362,-3,-0.82,"62,200",2026/09/09
1246,1246,7264,(株)ムロコーポレーション,東証STD,"1,335",-11,-0.82,"1,000",2026/09/09
1247,1247,8214,(株)ＡＯＫＩホールディングス,東証PRM,"1,693",-14,-0.82,"204,700",2026/09/09
1248,1248,9064,ヤマトホールディングス(株),東証PRM,"1,932.5",-16,-0.82,"966,100",2026/09/09
1249,1249,9068,丸全昭和運輸(株),東証PRM,"7,220",-60,-0.82,"19,500",2026/09/09
1250,1250,2014,iシェアーズ 米国連続増配株 ETF,東証ETF,306.2,-2.5,-0.81,"129,240",2026/09/09
1251,1251,2085,MAXIS 高配当日本株アクティブ,東証ETF,771.7,-6.3,-0.81,"11,190",2026/09/09
1252,1252,2440,(株)ぐるなび,東証STD,122,-1,-0.81,"151,500",2026/09/09
1253,1253,3021,(株)パシフィックネット,東証STD,"1,583",-13,-0.81,"7,700",2026/09/09
1254,1254,3826,(株)システムインテグレータ,東証STD,490,-4,-0.81,"10,700",2026/09/09
1255,1255,404A,GX チャイナテック・トップ10,東証ETF,"1,220",-10,-0.81,"44,098",2026/09/09
1256,1256,452A,iシェアーズ S&P500プレミアムインカム,東証ETF,797,-6.5,-0.81,"900,270",2026/09/09
1257,1257,7322,(株)三十三フィナンシャルグループ,東証PRM,"2,076",-17,-0.81,"210,100",2026/09/09
1258,1258,8013,(株)ナイガイ,東証STD,367,-3,-0.81,"2,800",2026/09/09
1259,1259,138A,光フードサービス(株),東証GRT,"3,100",-25,-0.8,"2,100",2026/09/09
1260,1260,1770,藤田エンジニアリング(株),東証STD,"2,110",-17,-0.8,"11,600",2026/09/09
1261,1261,2211,(株)不二家,東証PRM,"2,485",-20,-0.8,"26,800",2026/09/09
1262,1262,2329,(株)東北新社,東証STD,494,-4,-0.8,"91,600",2026/09/09
1263,1263,291A,(株)リスキル,東証GRT,"1,990",-16,-0.8,"1,800",2026/09/09
1264,1264,3793,(株)ドリコム,東証GRT,496,-4,-0.8,"102,700",2026/09/09
1265,1265,410A,ＧＭＯコマース(株),東証GRT,"1,112",-9,-0.8,"5,600",2026/09/09
1266,1266,8336,(株)武蔵野銀行,東証PRM,"2,712",-22,-0.8,"206,500",2026/09/09
1267,1267,9336,大栄環境(株),東証PRM,"3,735",-30,-0.8,"106,600",2026/09/09
1268,1268,9882,(株)イエローハット,東証PRM,"1,731",-14,-0.8,"203,000",2026/09/09
1269,1269,2256,iシェアーズ 米国総合債券,東証ETF,212.3,-1.7,-0.79,"55,460",2026/09/09
1270,1270,255A,ジーエルテクノホールディングス(株),東証STD,"5,030",-40,-0.79,"28,300",2026/09/09
1271,1271,3001,片倉工業(株),東証STD,"2,902",-23,-0.79,"25,600",2026/09/09
1272,1272,3635,(株)コーエーテクモホールディングス,東証PRM,"1,636.5",-13,-0.79,"680,800",2026/09/09
1273,1273,4574,大幸薬品(株),東証PRM,250,-2,-0.79,"54,700",2026/09/09
1274,1274,5261,リソルホールディングス(株),東証PRM,"7,510",-60,-0.79,"4,800",2026/09/09
1275,1275,5283,(株)高見澤,東証STD,"3,140",-25,-0.79,500,2026/09/09
1276,1276,5592,(株)くすりの窓口,東証GRT,"2,631",-21,-0.79,"39,400",2026/09/09
1277,1277,5945,天龍製鋸(株),東証STD,"2,252",-18,-0.79,"5,300",2026/09/09
1278,1278,6702,富士通(株),東証PRM,"3,745",-30,-0.79,"7,022,800",2026/09/09
1279,1279,6757,(株)ＯＳＧコーポレーション,東証STD,874,-7,-0.79,200,2026/09/09
1280,1280,6758,ソニーグループ(株),東証PRM,"3,625",-29,-0.79,"16,409,500",2026/09/09
1281,1281,7381,(株)ＣＣＩグループ,東証PRM,"1,252",-10,-0.79,"254,600",2026/09/09
1282,1282,8043,スターゼン(株),東証PRM,"1,500",-12,-0.79,"148,300",2026/09/09
1283,1283,8367,(株)南都銀行,東証PRM,"1,882",-15,-0.79,"359,900",2026/09/09
1284,1284,8593,三菱ＨＣキャピタル(株),東証PRM,"1,379.5",-11,-0.79,"4,517,100",2026/09/09
1285,1285,9663,(株)ナガワ,東証PRM,"5,040",-40,-0.79,"18,700",2026/09/09
1286,1286,1358,上場インデックス日経レバレッジ指数,東証ETF,"127,950","-1,000",-0.78,"5,350",2026/09/09
1287,1287,2148,アイティメディア(株),東証PRM,"1,147",-9,-0.78,"41,200",2026/09/09
1288,1288,4490,(株)ビザスク,東証GRT,637,-5,-0.78,"4,300",2026/09/09
1289,1289,463A,(株)インテリックスホールディングス,東証STD,"1,018",-8,-0.78,"15,500",2026/09/09
1290,1290,4668,(株)明光ネットワークジャパン,東証PRM,762,-6,-0.78,"56,300",2026/09/09
1291,1291,7343,ブロードマインド(株),東証GRT,"1,272",-10,-0.78,"2,000",2026/09/09
1292,1292,8343,(株)秋田銀行,東証PRM,"8,930",-70,-0.78,"120,200",2026/09/09
1293,1293,8368,(株)百五銀行,東証PRM,"2,282",-18,-0.78,"477,500",2026/09/09
1294,1294,2930,(株)北の達人コーポレーション,東証PRM,129,-1,-0.77,"418,100",2026/09/09
1295,1295,3202,ダイトウボウ(株),東証STD,129,-1,-0.77,"7,500",2026/09/09
1296,1296,3501,ＳＵＭＩＮＯＥ(株),東証PRM,"1,154",-9,-0.77,"34,600",2026/09/09
1297,1297,8056,ＢＩＰＲＯＧＹ(株),東証PRM,"4,621",-36,-0.77,"415,400",2026/09/09
1298,1298,9211,(株)エフ・コード,東証GRT,"1,416",-11,-0.77,"98,800",2026/09/09
1299,1299,9218,(株)メンタルヘルステクノロジーズ,東証GRT,776,-6,-0.77,"19,200",2026/09/09
1300,1300,9474,(株)ゼンリン,東証PRM,899,-7,-0.77,"105,100",2026/09/09
1301,1301,9757,(株)船井総研ホールディングス,東証PRM,"1,163",-9,-0.77,"340,000",2026/09/09
1302,1302,1375,ユキグニファクトリー(株),東証PRM,"1,169",-9,-0.76,"27,300",2026/09/09
1303,1303,149A,(株)シンカ,東証GRT,779,-6,-0.76,"5,300",2026/09/09
1304,1304,1566,上場インデックスファンド新興国債券,東証ETF,"52,100",-400,-0.76,939,2026/09/09
1305,1305,2013,iシェアーズ 米国高配当株 ETF,東証ETF,299.6,-2.3,-0.76,"380,550",2026/09/09
1306,1306,2247,iFreeETF S&P500(H無),東証ETF,"2,210",-17,-0.76,"6,960",2026/09/09
1307,1307,2628,iFree 中国科創板50,東証ETF,"3,655",-28,-0.76,"4,151",2026/09/09
1308,1308,2788,アップルインターナショナル(株),東証STD,391,-3,-0.76,"33,400",2026/09/09
1309,1309,3087,(株)ドトール・日レスホールディングス,東証PRM,"3,280",-25,-0.76,"85,900",2026/09/09
1310,1310,3123,サイボー(株),東証STD,650,-5,-0.76,400,2026/09/09
1311,1311,3431,宮地エンジニアリンググループ(株),東証PRM,"1,563",-12,-0.76,"51,600",2026/09/09
1312,1312,3457,(株)Ａｎｄ　Ｄｏホールディングス,東証PRM,918,-7,-0.76,"103,600",2026/09/09
1313,1313,4552,ＪＣＲファーマ(株),東証PRM,524,-4,-0.76,"407,700",2026/09/09
1314,1314,4615,神東塗料(株),東証STD,131,-1,-0.76,"17,300",2026/09/09
1315,1315,7353,ＫＩＹＯラーニング(株),東証GRT,524,-4,-0.76,"6,400",2026/09/09
1316,1316,7550,(株)ゼンショーホールディングス,東証PRM,"11,735",-90,-0.76,"472,600",2026/09/09
1317,1317,8115,ムーンバット(株),東証STD,"1,306",-10,-0.76,800,2026/09/09
1318,1318,8233,(株)高島屋,東証PRM,"2,101",-16,-0.76,"2,141,600",2026/09/09
1319,1319,8345,(株)岩手銀行,東証PRM,"2,491",-19,-0.76,"193,100",2026/09/09
1320,1320,9285,東京インフラ・エネルギー投資法人,東証,"39,050",-300,-0.76,365,2026/09/09
1321,1321,9325,ファイズホールディングス(株),東証STD,"1,051",-8,-0.76,"11,500",2026/09/09
1322,1322,1328,(NEXT FUNDS)金価格連動型上場投信,東証ETF,"15,905",-120,-0.75,"25,376",2026/09/09
1323,1323,1620,(NEXT FUNDS)素材･化学上場投信,東証ETF,"35,800",-270,-0.75,153,2026/09/09
1324,1324,1997,暁飯島工業(株),東証STD,"3,945",-30,-0.75,"1,800",2026/09/09
1325,1325,2914,ＪＴ,東証PRM,"6,610",-50,-0.75,"3,027,500",2026/09/09
1326,1326,3556,リネットジャパングループ(株),東証GRT,799,-6,-0.75,"27,200",2026/09/09
1327,1327,4169,ＥＮＥＣＨＡＮＧＥ(株),東証GRT,266,-2,-0.75,"260,400",2026/09/09
1328,1328,7520,(株)エコス,東証PRM,"2,506",-19,-0.75,"11,300",2026/09/09
1329,1329,8029,(株)ルックホールディングス,東証STD,"2,633",-20,-0.75,"10,400",2026/09/09
1330,1330,8217,(株)オークワ,東証PRM,793,-6,-0.75,"68,200",2026/09/09
1331,1331,9017,新潟交通(株),東証STD,"1,990",-15,-0.75,"2,500",2026/09/09
1332,1332,9049,京福電気鉄道(株),東証STD,"6,660",-50,-0.75,500,2026/09/09
1333,1333,9264,ポエック(株),東証STD,"1,590",-12,-0.75,"8,500",2026/09/09
1334,1334,9434,ソフトバンク(株),東証PRM,239.2,-1.8,-0.75,"76,649,200",2026/09/09
1335,1335,1333,Ｕｍｉｏｓ(株),東証PRM,"1,266",-9.5,-0.74,"352,900",2026/09/09
1336,1336,2353,日本駐車場開発(株),東証PRM,267,-2,-0.74,"1,750,200",2026/09/09
1337,1337,2483,(株)翻訳センター,東証STD,"2,150",-16,-0.74,"11,100",2026/09/09
1338,1338,3371,(株)ソフトクリエイトホールディングス,東証PRM,"2,012",-15,-0.74,"22,400",2026/09/09
1339,1339,4299,(株)ハイマックス,東証STD,"1,207",-9,-0.74,"4,500",2026/09/09
1340,1340,5162,(株)朝日ラバー,東証STD,800,-6,-0.74,300,2026/09/09
1341,1341,5184,(株)ニチリン,東証STD,"4,045",-30,-0.74,"19,000",2026/09/09
1342,1342,531A,NZAM 上場投信 日経平均高配当株50,東証ETF,"2,279",-17,-0.74,210,2026/09/09
1343,1343,5357,(株)ヨータイ,東証PRM,"1,740",-13,-0.74,"40,200",2026/09/09
1344,1344,7047,ポート(株),東証GRT,"2,144",-16,-0.74,"112,700",2026/09/09
1345,1345,7422,東邦レマック(株),東証STD,402,-3,-0.74,"4,900",2026/09/09
1346,1346,7740,(株)タムロン,東証PRM,"1,345",-10,-0.74,"595,300",2026/09/09
1347,1347,7879,(株)ノダ,東証STD,668,-5,-0.74,"15,700",2026/09/09
1348,1348,7883,サンメッセ(株),東証STD,401,-3,-0.74,"1,500",2026/09/09
1349,1349,9869,加藤産業(株),東証PRM,"6,680",-50,-0.74,"27,300",2026/09/09
1350,1350,2489,(株)アドウェイズ,東証STD,408,-3,-0.73,"115,200",2026/09/09
1351,1351,3139,(株)ラクト・ジャパン,東証PRM,"3,385",-25,-0.73,"24,200",2026/09/09
1352,1352,3399,(株)丸千代山岡家,東証STD,"4,085",-30,-0.73,"89,800",2026/09/09
1353,1353,3841,(株)ジーダット,東証STD,"1,354",-10,-0.73,"1,600",2026/09/09
1354,1354,4928,(株)ノエビアホールディングス,東証PRM,"4,775",-35,-0.73,"73,800",2026/09/09
1355,1355,7090,(株)リグア,東証GRT,949,-7,-0.73,900,2026/09/09
1356,1356,9733,(株)ナガセ,東証STD,"2,298",-17,-0.73,"18,500",2026/09/09
1357,1357,1365,iFreeETF 日経平均レバレッジ・インデックス,東証ETF,"4,130",-30,-0.72,"223,500",2026/09/09
1358,1358,1495,上場インデックスファンドアジアリート,東証ETF,"10,980",-80,-0.72,160,2026/09/09
1359,1359,1560,(NEXT FUNDS)マレーシアKLCI連動型上場投信,東証ETF,"6,246",-45,-0.72,332,2026/09/09
1360,1360,188A,GX インド・トップ10+,東証ETF,824,-6,-0.72,"7,932",2026/09/09
1361,1361,2179,(株)成学社,東証STD,828,-6,-0.72,800,2026/09/09
1362,1362,2301,(株)学情,東証PRM,"1,646",-12,-0.72,"85,200",2026/09/09
1363,1363,330A,(株)ＴａｌｅｎｔＸ,東証GRT,551,-4,-0.72,"8,600",2026/09/09
1364,1364,3914,ＪＩＧ－ＳＡＷ(株),東証GRT,"2,360",-17,-0.72,"5,800",2026/09/09
1365,1365,4725,(株)ＣＡＣ　Ｈｏｌｄｉｎｇｓ,東証PRM,"1,922",-14,-0.72,"44,400",2026/09/09
1366,1366,5247,(株)ＢＴＭ,東証GRT,549,-4,-0.72,"4,300",2026/09/09
1367,1367,7072,(株)インティメート・マージャー,東証GRT,"1,110",-8,-0.72,"2,900",2026/09/09
1368,1368,7419,(株)ノジマ,東証PRM,"1,233",-9,-0.72,"496,100",2026/09/09
1369,1369,7544,(株)スリーエフ,東証STD,550,-4,-0.72,"3,900",2026/09/09
1370,1370,8346,(株)東邦銀行,東証PRM,969,-7,-0.72,"851,800",2026/09/09
1371,1371,8600,トモニホールディングス(株),東証PRM,"1,097",-8,-0.72,"404,400",2026/09/09
1372,1372,9254,(株)ラバブルマーケティンググループ,東証GRT,"1,104",-8,-0.72,600,2026/09/09
1373,1373,9446,(株)サカイホールディングス,東証STD,690,-5,-0.72,"6,300",2026/09/09
1374,1374,200A,(NEXT FUNDS) 日経半導体株指数連動型上場投信,東証ETF,"4,354",-31,-0.71,"1,717,790",2026/09/09
1375,1375,2235,上場インデックスファンド米国株式(ダウ平均)H無,東証ETF,"3,505",-25,-0.71,"2,570",2026/09/09
1376,1376,285A,キオクシアホールディングス(株),東証PRM,"57,000",-410,-0.71,"30,759,700",2026/09/09
1377,1377,3665,(株)エニグモ,東証PRM,417,-3,-0.71,"155,700",2026/09/09
1378,1378,3861,王子ホールディングス(株),東証PRM,864,-6.2,-0.71,"3,221,900",2026/09/09
1379,1379,3878,(株)巴川コーポレーション,東証STD,834,-6,-0.71,"31,600",2026/09/09
1380,1380,4093,東邦アセチレン(株),東証STD,421,-3,-0.71,"12,200",2026/09/09
1381,1381,4445,リビン・テクノロジーズ(株),東証GRT,"1,956",-14,-0.71,"1,500",2026/09/09
1382,1382,4516,日本新薬(株),東証PRM,"3,363",-24,-0.71,"286,500",2026/09/09
1383,1383,5185,(株)フコク,東証PRM,"1,947",-14,-0.71,"71,600",2026/09/09
1384,1384,5869,(株)早稲田学習研究会,東証STD,"1,251",-9,-0.71,"8,100",2026/09/09
1385,1385,5891,(株)ＳＡＫＩＧＡＫＥホールディングス,東証STD,"1,676",-12,-0.71,"1,900",2026/09/09
1386,1386,6365,(株)電業社機械製作所,東証STD,"5,600",-40,-0.71,"1,200",2026/09/09
1387,1387,7800,(株)アミファ,東証STD,978,-7,-0.71,"9,200",2026/09/09
1388,1388,7902,(株)ソノコム,東証STD,"1,117",-8,-0.71,300,2026/09/09
1389,1389,7971,東リ(株),東証STD,700,-5,-0.71,"72,500",2026/09/09
1390,1390,8167,(株)リテールパートナーズ,東証PRM,"1,394",-10,-0.71,"55,700",2026/09/09
1391,1391,8999,グランディハウス(株),東証PRM,563,-4,-0.71,"45,500",2026/09/09
1392,1392,1491,中外鉱業(株),東証STD,710,-5,-0.7,"11,100",2026/09/09
1393,1393,2157,(株)コシダカホールディングス,東証PRM,992,-7,-0.7,"566,600",2026/09/09
1394,1394,228A,(株)オプロ,東証GRT,"1,694",-12,-0.7,"1,700",2026/09/09
1395,1395,3143,オーウイル(株),東証STD,713,-5,-0.7,"4,500",2026/09/09
1396,1396,3612,(株)ワールド,東証PRM,"1,569",-11,-0.7,"244,700",2026/09/09
1397,1397,584A,ＬｉＮＫＸ(株),東証GRT,"2,709",-19,-0.7,"65,500",2026/09/09
1398,1398,6087,(株)アビスト,東証STD,"3,560",-25,-0.7,"2,900",2026/09/09
1399,1399,7525,リックス(株),東証PRM,"3,535",-25,-0.7,"10,400",2026/09/09
1400,1400,8104,クワザワホールディングス(株),東証STD,714,-5,-0.7,"10,500",2026/09/09
1401,1401,9052,山陽電気鉄道(株),東証PRM,"1,995",-14,-0.7,"28,300",2026/09/09
1402,1402,1367,iFreeETF TOPIXレバレッジ(2倍)指数,東証ETF,"3,004",-21,-0.69,"58,046",2026/09/09
1403,1403,1577,(NEXT FUNDS)野村日本株高配当70連動型ETF,東証ETF,"59,150",-410,-0.69,"5,091",2026/09/09
1404,1404,1657,iシェアーズ･コア MSCI 先進国株(除く日本)ETF,東証ETF,"7,047",-49,-0.69,"5,069",2026/09/09
1405,1405,1951,エクシオグループ(株),東証PRM,"2,588.5",-18,-0.69,"593,700",2026/09/09
1406,1406,2089,NZAM 上場投信 DAX(H有),東証ETF,"2,858",-20,-0.69,14,2026/09/09
1407,1407,2918,わらべや日洋ホールディングス(株),東証PRM,"2,737",-19,-0.69,"68,600",2026/09/09
1408,1408,3452,(株)ビーロット,東証STD,"1,440",-10,-0.69,"100,900",2026/09/09
1409,1409,3892,(株)岡山製紙,東証STD,"1,583",-11,-0.69,"1,200",2026/09/09
1410,1410,3910,(株)エムケイシステム,東証STD,286,-2,-0.69,"11,400",2026/09/09
1411,1411,4523,エーザイ(株),東証PRM,"4,620",-32,-0.69,"1,313,000",2026/09/09
1412,1412,459A,野村 高利回りJリート指数ETF,東証ETF,"10,080",-70,-0.69,61,2026/09/09
1413,1413,4694,(株)ビー・エム・エル,東証PRM,"3,580",-25,-0.69,"81,600",2026/09/09
1414,1414,487A,(NEXT FUNDS) ドイツ株式・DAX(H無),東証ETF,"2,023",-14,-0.69,387,2026/09/09
1415,1415,496A,One ETF 日本国債 17-20年,東証ETF,938.8,-6.5,-0.69,200,2026/09/09
1416,1416,7932,(株)ニッピ,東証STD,"11,530",-80,-0.69,"5,100",2026/09/09
1417,1417,9076,セイノーホールディングス(株),東証PRM,"2,654",-18.5,-0.69,"305,400",2026/09/09
1418,1418,9241,(株)フューチャーリンクネットワーク,東証GRT,"1,290",-9,-0.69,800,2026/09/09
1419,1419,9344,アクシスコンサルティング(株),東証GRT,"1,300",-9,-0.69,"4,000",2026/09/09
1420,1420,9857,英和(株),東証STD,"2,585",-18,-0.69,800,2026/09/09
1421,1421,2160,(株)ジーエヌアイグループ,東証GRT,"2,916",-20,-0.68,"744,700",2026/09/09
1422,1422,2559,MAXIS 全世界株式(オール・カントリー)上場投信,東証ETF,"2,904",-20,-0.68,"239,929",2026/09/09
1423,1423,2915,ケンコーマヨネーズ(株),東証PRM,"2,044",-14,-0.68,"15,200",2026/09/09
1424,1424,2916,仙波糖化工業(株),東証STD,732,-5,-0.68,"3,300",2026/09/09
1425,1425,3634,(株)ソケッツ,東証STD,586,-4,-0.68,"1,100",2026/09/09
1426,1426,417A,(株)ブルーゾーンホールディングス,東証PRM,"1,911",-13,-0.68,"323,500",2026/09/09
1427,1427,4512,わかもと製薬(株),東証STD,294,-2,-0.68,"32,100",2026/09/09
1428,1428,6142,富士精工(株),名証MN,"1,751",-12,-0.68,"1,300",2026/09/09
1429,1429,6982,(株)リード,東証STD,584,-4,-0.68,200,2026/09/09
1430,1430,7294,(株)ヨロズ,東証PRM,880,-6,-0.68,"45,700",2026/09/09
1431,1431,8202,ラオックスホールディングス(株),東証STD,147,-1,-0.68,"25,300",2026/09/09
1432,1432,8304,(株)あおぞら銀行,東証PRM,"3,358",-23,-0.68,"1,097,000",2026/09/09
1433,1433,9405,朝日放送グループホールディングス(株),東証PRM,871,-6,-0.68,"68,900",2026/09/09
1434,1434,1414,ショーボンドホールディングス(株),東証PRM,"1,258.5",-8.5,-0.67,"677,900",2026/09/09
1435,1435,1493,One ETF JPX日経中小型,東証ETF,"25,330",-170,-0.67,65,2026/09/09
1436,1436,2122,(株)インタースペース,東証STD,"1,490",-10,-0.67,"5,700",2026/09/09
1437,1437,2224,(株)コモ,東証STD,"3,690",-25,-0.67,"2,500",2026/09/09
1438,1438,2485,(株)ティア,東証STD,446,-3,-0.67,"30,400",2026/09/09
1439,1439,3178,チムニー(株),東証STD,"1,195",-8,-0.67,"16,400",2026/09/09
1440,1440,3675,(株)クロス・マーケティンググループ,東証STD,596,-4,-0.67,"14,600",2026/09/09
1441,1441,383A,MAXIS S&P500均等ウェイト,東証ETF,"2,532",-17,-0.67,"1,120",2026/09/09
1442,1442,4709,(株)ＩＤホールディングス,東証PRM,"1,040",-7,-0.67,"42,700",2026/09/09
1443,1443,5133,(株)テリロジーホールディングス,東証STD,296,-2,-0.67,"58,100",2026/09/09
1444,1444,6335,(株)東京機械製作所,東証STD,589,-4,-0.67,"8,200",2026/09/09
1445,1445,6537,ＷＡＳＨハウス(株),東証GRT,298,-2,-0.67,"12,400",2026/09/09
1446,1446,7130,ヤマエグループホールディングス(株),東証PRM,"2,808",-19,-0.67,"60,800",2026/09/09
1447,1447,9216,ビーウィズ(株),東証PRM,"1,630",-11,-0.67,"16,400",2026/09/09
1448,1448,9790,福井コンピュータホールディングス(株),東証PRM,"2,950",-20,-0.67,"43,700",2026/09/09
1449,1449,9903,(株)カンセキ,東証STD,889,-6,-0.67,"2,000",2026/09/09
1450,1450,9948,(株)アークス,東証PRM,"3,695",-25,-0.67,"115,900",2026/09/09
1451,1451,2751,(株)テンポスホールディングス,東証STD,"3,750",-25,-0.66,"7,400",2026/09/09
1452,1452,3393,スターティアホールディングス(株),東証PRM,"3,000",-20,-0.66,"48,300",2026/09/09
1453,1453,339A,プログレス・テクノロジーズ　グループ(株),東証GRT,897,-6,-0.66,"10,100",2026/09/09
1454,1454,3543,(株)コメダホールディングス,東証PRM,"2,859",-19,-0.66,"134,300",2026/09/09
1455,1455,354A,iFreeETF ブルームバーグ日本株高配当50指数,東証ETF,"3,288",-22,-0.66,"181,349",2026/09/09
1456,1456,4124,大阪油化工業(株),東証STD,"3,025",-20,-0.66,"1,200",2026/09/09
1457,1457,4246,ダイキョーニシカワ(株),東証PRM,"1,055",-7,-0.66,"219,700",2026/09/09
1458,1458,451A,ステート・ストリート・スパイダー S&P500 高配当株ETF,東証ETF,286.9,-1.9,-0.66,"45,500",2026/09/09
1459,1459,535A,NZAM 上場投信 DAX(H無),東証ETF,"2,099",-14,-0.66,60,2026/09/09
1460,1460,5938,(株)ＬＩＸＩＬ,東証PRM,"1,733",-11.5,-0.66,"2,033,100",2026/09/09
1461,1461,6899,ＡＳＴＩ(株),東証STD,"2,270",-15,-0.66,"3,300",2026/09/09
1462,1462,7616,(株)コロワイド,東証PRM,"2,040",-13.5,-0.66,"311,000",2026/09/09
1463,1463,7702,(株)ＪＭＳ,東証STD,451,-3,-0.66,"59,800",2026/09/09
1464,1464,8076,(株)カノークス,東証STD,"2,099",-14,-0.66,"3,500",2026/09/09
1465,1465,9010,富士急行(株),東証PRM,"2,576",-17,-0.66,"85,700",2026/09/09
1466,1466,9219,(株)ギックス,東証GRT,900,-6,-0.66,"4,000",2026/09/09
1467,1467,9273,コーア商事ホールディングス(株),東証PRM,750,-5,-0.66,"28,200",2026/09/09
1468,1468,2499,日本和装ホールディングス(株),東証STD,305,-2,-0.65,"3,200",2026/09/09
1469,1469,2568,上場インデックスファンド米国株式(NASDAQ100)H無,東証ETF,"7,764",-51,-0.65,"20,667",2026/09/09
1470,1470,4415,(株)ブロードエンタープライズ,東証GRT,"1,384",-9,-0.65,"12,100",2026/09/09
1471,1471,5967,ＴＯＮＥ(株),東証STD,457,-3,-0.65,"8,200",2026/09/09
1472,1472,7399,(株)ナンシン,東証STD,614,-4,-0.65,"2,200",2026/09/09
1473,1473,7522,ワタミ(株),東証PRM,921,-6,-0.65,"122,700",2026/09/09
1474,1474,7596,(株)魚力,東証PRM,"2,310",-15,-0.65,"16,900",2026/09/09
1475,1475,7981,タカラスタンダード(株),東証PRM,"3,055",-20,-0.65,"77,500",2026/09/09
1476,1476,1651,iFreeETF TOPIX高配当40指数,東証ETF,"3,264",-21,-0.64,"15,991",2026/09/09
1477,1477,1964,中外炉工業(株),東証PRM,"3,895",-25,-0.64,"23,100",2026/09/09
1478,1478,2198,アイ・ケイ・ケイホールディングス(株),東証PRM,772,-5,-0.64,"22,900",2026/09/09
1479,1479,4539,日本ケミファ(株),東証STD,"1,555",-10,-0.64,300,2026/09/09
1480,1480,5464,モリ工業(株),東証STD,925,-6,-0.64,"29,900",2026/09/09
1481,1481,6578,(株)コレックホールディングス,東証STD,467,-3,-0.64,"2,700",2026/09/09
1482,1482,6663,太洋テクノレックス(株),東証STD,310,-2,-0.64,"11,700",2026/09/09
1483,1483,7726,黒田精工(株),東証STD,"1,401",-9,-0.64,"6,000",2026/09/09
1484,1484,7814,(株)日本創発グループ,東証STD,618,-4,-0.64,"7,400",2026/09/09
1485,1485,8218,(株)コメリ,東証PRM,"3,860",-25,-0.64,"110,800",2026/09/09
1486,1486,9163,(株)ナレルグループ,東証GRT,"2,315",-15,-0.64,"13,100",2026/09/09
1487,1487,9818,大丸エナウィン(株),東証STD,"1,541",-10,-0.64,100,2026/09/09
1488,1488,2325,(株)ＮＪＳ,東証PRM,"4,695",-30,-0.63,"16,000",2026/09/09
1489,1489,3839,(株)ＯＤＫソリューションズ,東証STD,630,-4,-0.63,"3,600",2026/09/09
1490,1490,4439,(株)東名,東証STD,791,-5,-0.63,"1,500",2026/09/09
1491,1491,6239,(株)ナガオカ,東証STD,"1,409",-9,-0.63,"3,500",2026/09/09
1492,1492,6727,(株)ワコム,東証PRM,792,-5,-0.63,"443,800",2026/09/09
1493,1493,6861,(株)キーエンス,東証PRM,"76,280",-480,-0.63,"513,400",2026/09/09
1494,1494,7442,中山福(株),東証STD,477,-3,-0.63,"12,500",2026/09/09
1495,1495,7624,(株)ＮａＩＴＯ,東証STD,157,-1,-0.63,"41,300",2026/09/09
1496,1496,7986,日本アイ・エス・ケイ(株),東証STD,"1,900",-12,-0.63,400,2026/09/09
1497,1497,8070,東京産業(株),東証PRM,950,-6,-0.63,"88,100",2026/09/09
1498,1498,8242,エイチ・ツー・オー　リテイリング(株),東証PRM,"2,837",-18,-0.63,"339,800",2026/09/09
1499,1499,8278,(株)フジ,東証PRM,"2,055",-13,-0.63,"82,100",2026/09/09
1500,1500,8912,(株)エリアクエスト,東証STD,158,-1,-0.63,"53,900",2026/09/09
1501,1501,9033,広島電鉄(株),東証STD,631,-4,-0.63,"4,600",2026/09/09
1502,1502,9319,(株)中央倉庫,東証PRM,"1,749",-11,-0.63,"13,600",2026/09/09
1503,1503,9616,(株)共立メンテナンス,東証PRM,"3,164",-20,-0.63,"822,700",2026/09/09
1504,1504,9827,リリカラ(株),東証STD,628,-4,-0.63,"27,600",2026/09/09
1505,1505,1853,(株)森組,東証STD,323,-2,-0.62,"18,800",2026/09/09
1506,1506,1867,(株)植木組,東証STD,"2,706",-17,-0.62,"1,700",2026/09/09
1507,1507,1914,日本基礎技術(株),東証STD,804,-5,-0.62,"30,500",2026/09/09
1508,1508,2250,iシェアーズ MSCI ジャパン気候変動アクション ETF,東証ETF,367.7,-2.3,-0.62,90,2026/09/09
1509,1509,2255,iシェアーズ 米国債20年超,東証ETF,193.2,-1.2,-0.62,"133,330",2026/09/09
1510,1510,2876,(株)デルソーレ,東証STD,478,-3,-0.62,"4,000",2026/09/09
1511,1511,4094,日本化学産業(株),東証STD,"2,257",-14,-0.62,"9,400",2026/09/09
1512,1512,4360,(株)マナック・ケミカル・パートナーズ,東証STD,960,-6,-0.62,"6,600",2026/09/09
1513,1513,4493,(株)サイバーセキュリティクラウド,東証GRT,"1,770",-11,-0.62,"60,800",2026/09/09
1514,1514,6157,日進工具(株),東証STD,808,-5,-0.62,"92,000",2026/09/09
1515,1515,6819,伊豆シャボテンリゾート(株),東証STD,479,-3,-0.62,"7,200",2026/09/09
1516,1516,7126,グローバルスタイル(株),東証STD,"1,435",-9,-0.62,500,2026/09/09
1517,1517,7760,ＩＭＶ(株),東証STD,"2,070",-13,-0.62,"96,200",2026/09/09
1518,1518,8008,４℃ホールディングス,東証PRM,"2,068",-13,-0.62,"62,900",2026/09/09
1519,1519,9326,関通ホールディングス(株),東証GRT,478,-3,-0.62,"11,200",2026/09/09
1520,1520,9364,(株)上組,東証PRM,"4,820",-30,-0.62,"257,600",2026/09/09
1521,1521,9708,(株)帝国ホテル,東証STD,961,-6,-0.62,"279,700",2026/09/09
1522,1522,9763,丸建リース(株),東証STD,"1,274",-8,-0.62,"8,900",2026/09/09
1523,1523,9989,(株)サンドラッグ,東証PRM,"3,708",-23,-0.62,"487,800",2026/09/09
1524,1524,2525,NZAM 上場投信 日経225,東証ETF,"65,680",-400,-0.61,"7,566",2026/09/09
1525,1525,2597,(株)ユニカフェ,東証STD,"1,310",-8,-0.61,"16,200",2026/09/09
1526,1526,2764,(株)ひらまつ,東証STD,163,-1,-0.61,"72,400",2026/09/09
1527,1527,544A,ＧＭＳグループ(株),東証PRM,328,-2,-0.61,"470,200",2026/09/09
1528,1528,5949,ユニプレス(株),東証PRM,"1,298",-8,-0.61,"150,900",2026/09/09
1529,1529,6135,(株)牧野フライス製作所,東証PRM,"14,760",-90,-0.61,"107,600",2026/09/09
1530,1530,6306,日工(株),東証PRM,979,-6,-0.61,"75,900",2026/09/09
1531,1531,7184,(株)富山第一銀行,東証PRM,"3,245",-20,-0.61,"135,800",2026/09/09
1532,1532,7236,(株)ティラド,東証PRM,"1,461",-9,-0.61,"337,700",2026/09/09
1533,1533,9027,(株)ロジネットジャパン,札証,"4,875",-30,-0.61,700,2026/09/09
1534,1534,9072,ニッコンホールディングス(株),東証PRM,"5,081",-31,-0.61,"157,600",2026/09/09
1535,1535,9441,(株)ベルパーク,東証STD,"2,932",-18,-0.61,"2,700",2026/09/09
1536,1536,9565,ＧＬＯＥ(株),東証GRT,654,-4,-0.61,200,2026/09/09
1537,1537,1559,(NEXT FUNDS)タイ株式指数連動型上場投信,東証ETF,"4,667",-28,-0.6,822,2026/09/09
1538,1538,1680,上場インデックスファンド海外先進国株式,東証ETF,"8,099",-49,-0.6,870,2026/09/09
1539,1539,1698,上場インデックスファンド日本高配当,東証ETF,"4,311",-26,-0.6,"52,630",2026/09/09
1540,1540,1827,(株)ナカノフドー建設,東証STD,"1,334",-8,-0.6,"5,200",2026/09/09
1541,1541,198A,ＰｏｓｔＰｒｉｍｅ(株),東証GRT,165,-1,-0.6,"44,700",2026/09/09
1542,1542,2305,(株)スタジオアリス,東証STD,"1,823",-11,-0.6,"15,900",2026/09/09
1543,1543,3598,山喜(株),東証STD,166,-1,-0.6,"13,800",2026/09/09
1544,1544,3649,(株)ファインデックス,東証PRM,825,-5,-0.6,"21,900",2026/09/09
1545,1545,399A,上場インデックスファンド日経平均高配当株50,東証ETF,"2,316",-14,-0.6,"66,196",2026/09/09
1546,1546,4076,(株)シイエヌエス,東証GRT,"1,984",-12,-0.6,"3,000",2026/09/09
1547,1547,4345,(株)シーティーエス,東証PRM,829,-5,-0.6,"52,500",2026/09/09
1548,1548,5368,日本インシュレーション(株),東証STD,999,-6,-0.6,"12,400",2026/09/09
1549,1549,611A,One ETF 日本国債27-30年,東証ETF,"1,002",-6,-0.6,20,2026/09/09
1550,1550,6558,クックビズ(株),東証GRT,662,-4,-0.6,"1,100",2026/09/09
1551,1551,7809,(株)壽屋,東証STD,"1,321",-8,-0.6,"6,100",2026/09/09
1552,1552,7947,(株)エフピコ,東証PRM,"2,796",-17,-0.6,"165,500",2026/09/09
1553,1553,9034,南総通運(株),東証STD,"1,652",-10,-0.6,"6,400",2026/09/09
1554,1554,9039,(株)サカイ引越センター,東証PRM,"2,974",-18,-0.6,"66,000",2026/09/09
1555,1555,2594,キーコーヒー(株),東証PRM,"2,014",-12,-0.59,"53,300",2026/09/09
1556,1556,2620,iシェアーズ 米国債1-3年,東証ETF,354.5,-2.1,-0.59,"42,970",2026/09/09
1557,1557,2804,ブルドックソース(株),東証PRM,"1,853",-11,-0.59,"12,500",2026/09/09
1558,1558,2867,GX 自動運転&EV,東証ETF,"1,684",-10,-0.59,"1,188",2026/09/09
1559,1559,3222,ユナイテッド・スーパーマーケット・ホールディングス(株),東証STD,843,-5,-0.59,"410,700",2026/09/09
1560,1560,3771,(株)システムリサーチ,東証PRM,"1,841",-11,-0.59,"91,100",2026/09/09
1561,1561,3974,ＳＣＡＴ(株),東証STD,669,-4,-0.59,"2,000",2026/09/09
1562,1562,4446,Ｌｉｎｋ－Ｕグループ(株),東証STD,840,-5,-0.59,"6,900",2026/09/09
1563,1563,4707,(株)キタック,東証STD,339,-2,-0.59,"9,900",2026/09/09
1564,1564,5285,(株)ヤマックス,東証STD,"1,359",-8,-0.59,"31,300",2026/09/09
1565,1565,612A,One ETF 日本国債先物逆連動指数,東証ETF,"10,040",-60,-0.59,10,2026/09/09
1566,1566,6226,守谷輸送機工業(株),東証STD,"2,207",-13,-0.59,"121,400",2026/09/09
1567,1567,8111,(株)ゴールドウイン,東証PRM,"2,095",-12.5,-0.59,"593,600",2026/09/09
1568,1568,8275,(株)フォーバル,東証STD,"1,003",-6,-0.59,"14,500",2026/09/09
1569,1569,8560,(株)宮崎太陽銀行,福証,"2,522",-15,-0.59,"1,400",2026/09/09
1570,1570,1377,(株)サカタのタネ,東証PRM,"4,285",-25,-0.58,"96,800",2026/09/09
1571,1571,1570,(NEXT FUNDS)日経平均レバレッジ上場投信,東証ETF,"66,970",-390,-0.58,"1,859,199",2026/09/09
1572,1572,1764,工藤建設(株),東証STD,"2,724",-16,-0.58,"1,600",2026/09/09
1573,1573,2248,iFreeETF S&P500(H有),東証ETF,"2,749",-16,-0.58,"28,105",2026/09/09
1574,1574,2294,(株)柿安本店,東証PRM,"2,555",-15,-0.58,"24,500",2026/09/09
1575,1575,2341,(株)アルバイトタイムス,東証STD,170,-1,-0.58,"11,700",2026/09/09
1576,1576,2433,(株)博報堂ＤＹホールディングス,東証PRM,"1,294",-7.5,-0.58,"762,900",2026/09/09
1577,1577,2809,キユーピー(株),東証PRM,"4,650",-27,-0.58,"292,800",2026/09/09
1578,1578,2928,ＲＩＺＡＰグループ(株),札幌ア,172,-1,-0.58,"771,400",2026/09/09
1579,1579,313A,iシェアーズ S&P500 トップ20 ETF,東証ETF,256.6,-1.5,-0.58,"46,420",2026/09/09
1580,1580,3791,(株)ＩＧポート,東証STD,"1,025",-6,-0.58,"67,000",2026/09/09
1581,1581,4838,スペースシャワーＳＫＩＹＡＫＩホールディングス(株),東証STD,688,-4,-0.58,"25,600",2026/09/09
1582,1582,4845,(株)スカラ,東証STD,345,-2,-0.58,"20,700",2026/09/09
1583,1583,4889,(株)レナサイエンス,東証GRT,"1,205",-7,-0.58,"152,300",2026/09/09
1584,1584,5969,(株)ロブテックス,東証STD,"1,193",-7,-0.58,100,2026/09/09
1585,1585,6151,日東工器(株),東証PRM,"1,707",-10,-0.58,"10,500",2026/09/09
1586,1586,7078,ＩＮＣＬＵＳＩＶＥ　Ｈｏｌｄｉｎｇｓ(株),東証GRT,341,-2,-0.58,"16,200",2026/09/09
1587,1587,9305,(株)ヤマタネ,東証PRM,"2,052",-12,-0.58,"40,900",2026/09/09
1588,1588,2055,日和産業(株),東証STD,348,-2,-0.57,"2,600",2026/09/09
1589,1589,2467,(株)ＶＬＣセキュリティ,名証NXT,173,-1,-0.57,"12,400",2026/09/09
1590,1590,250A,シマダヤ(株),東証STD,"1,581",-9,-0.57,"26,100",2026/09/09
1591,1591,316A,iFreeETF FANG+,東証ETF,"2,630",-15,-0.57,"189,560",2026/09/09
1592,1592,3242,(株)アーバネットコーポレーション,東証STD,519,-3,-0.57,"43,000",2026/09/09
1593,1593,3670,協立情報通信(株),名証MN,"1,732",-10,-0.57,400,2026/09/09
1594,1594,4178,(株)Ｓｈａｒｉｎｇ　Ｉｎｎｏｖａｔｉｏｎｓ,東証GRT,526,-3,-0.57,"5,100",2026/09/09
1595,1595,428A,サイプレス・ホールディングス(株),東証STD,"1,571",-9,-0.57,"9,500",2026/09/09
1596,1596,4548,生化学工業(株),東証PRM,700,-4,-0.57,"85,200",2026/09/09
1597,1597,4685,(株)菱友システムズ,東証STD,"2,631",-15,-0.57,"16,900",2026/09/09
1598,1598,4746,(株)東計電算,東証STD,"6,940",-40,-0.57,"34,100",2026/09/09
1599,1599,4826,(株)ＣＩＪ,東証PRM,521,-3,-0.57,"196,400",2026/09/09
1600,1600,6161,(株)エスティック,東証STD,"1,045",-6,-0.57,"3,600",2026/09/09
1601,1601,6413,理想科学工業(株),東証PRM,"1,043",-6,-0.57,"90,900",2026/09/09
1602,1602,7524,マルシェ(株),東証STD,175,-1,-0.57,"1,900",2026/09/09
1603,1603,7638,(株)ＮＥＷ　ＡＲＴ　ＨＯＬＤＩＮＧＳ,東証STD,"1,384",-8,-0.57,"10,500",2026/09/09
1604,1604,9193,東京汽船(株),東証STD,867,-5,-0.57,"7,200",2026/09/09
1605,1605,9722,藤田観光(株),東証PRM,"2,801",-16,-0.57,"214,500",2026/09/09
1606,1606,1852,(株)淺沼組,東証PRM,883,-5,-0.56,"268,100",2026/09/09
1607,1607,265A,Ｈｍｃｏｍｍ(株),東証GRT,716,-4,-0.56,"8,600",2026/09/09
1608,1608,2733,(株)あらた,東証PRM,"2,655",-15,-0.56,"74,700",2026/09/09
1609,1609,3089,テクノアルファ(株),東証STD,"1,067",-6,-0.56,"1,700",2026/09/09
1610,1610,3646,(株)駅探,東証STD,354,-2,-0.56,"2,600",2026/09/09
1611,1611,5480,日本冶金工業(株),東証PRM,"5,330",-30,-0.56,"57,900",2026/09/09
1612,1612,6146,(株)ディスコ,東証PRM,"53,590",-300,-0.56,"1,491,800",2026/09/09
1613,1613,6381,アネスト岩田(株),東証PRM,"1,941",-11,-0.56,"58,200",2026/09/09
1614,1614,7087,(株)ウイルテック,東証STD,"1,425",-8,-0.56,"5,000",2026/09/09
1615,1615,8035,東京エレクトロン(株),東証PRM,"53,700",-300,-0.56,"3,545,400",2026/09/09
1616,1616,8928,穴吹興産(株),東証STD,"2,299",-13,-0.56,"5,100",2026/09/09
1617,1617,9025,鴻池運輸(株),東証PRM,"2,839",-16,-0.56,"154,600",2026/09/09
1618,1618,1484,One ETF JPX/S&P 設備･人材投資指数,東証ETF,"3,798",-21,-0.55,"4,820",2026/09/09
1619,1619,1488,iFreeETF 東証REIT指数,東証ETF,"1,808",-10,-0.55,"30,682",2026/09/09
1620,1620,1677,上場インデックスファンド海外債券毎月分配,東証ETF,"57,550",-320,-0.55,590,2026/09/09
1621,1621,2894,石井食品(株),東証STD,362,-2,-0.55,"5,600",2026/09/09
1622,1622,2922,(株)なとり,東証PRM,"1,979",-11,-0.55,"12,800",2026/09/09
1623,1623,3086,Ｊ．フロント　リテイリング(株),東証PRM,"2,600",-14.5,-0.55,"1,206,000",2026/09/09
1624,1624,3958,笹徳印刷(株),東証STD,545,-3,-0.55,"10,600",2026/09/09
1625,1625,4577,ダイト(株),東証PRM,"1,265",-7,-0.55,"74,500",2026/09/09
1626,1626,5530,日本システムバンク(株),名証MN,"1,085",-6,-0.55,"2,400",2026/09/09
1627,1627,5936,東洋シヤッター(株),東証STD,912,-5,-0.55,"3,900",2026/09/09
1628,1628,6035,(株)アイ・アールジャパンホールディングス,東証STD,717,-4,-0.55,"20,100",2026/09/09
1629,1629,6279,(株)瑞光,東証PRM,909,-5,-0.55,"15,800",2026/09/09
1630,1630,7446,東北化学薬品(株),東証STD,"4,520",-25,-0.55,800,2026/09/09
1631,1631,8127,ヤマト　インターナショナル(株),東証STD,540,-3,-0.55,"5,700",2026/09/09
1632,1632,8887,(株)シーラホールディングス,東証STD,364,-2,-0.55,"45,600",2026/09/09
1633,1633,9388,(株)パパネッツ,福岡Q,910,-5,-0.55,"1,300",2026/09/09
1634,1634,9861,(株)吉野家ホールディングス,東証PRM,"3,803",-21,-0.55,"297,600",2026/09/09
1635,1635,1301,(株)極洋,東証PRM,"4,620",-25,-0.54,"28,500",2026/09/09
1636,1636,2292,Ｓ　ＦＯＯＤＳ(株),東証PRM,"2,755",-15,-0.54,"95,900",2026/09/09
1637,1637,2838,MAXIS 米国国債7-10年上場投信(H無),東証ETF,"8,295",-45,-0.54,48,2026/09/09
1638,1638,298A,ＧＶＡ　ＴＥＣＨ(株),東証GRT,368,-2,-0.54,"1,000",2026/09/09
1639,1639,3659,(株)ネクソン,東証PRM,"3,115",-17,-0.54,"3,063,100",2026/09/09
1640,1640,537A,NZAM 上場投信 全世界株式(MSCI ACWI)(H無),東証ETF,"1,100",-6,-0.54,"2,649",2026/09/09
1641,1641,5742,エヌアイシ・オートテック(株),東証STD,740,-4,-0.54,"1,400",2026/09/09
1642,1642,6029,アトラグループ(株),東証STD,185,-1,-0.54,"15,000",2026/09/09
1643,1643,6185,ＳＭＮ(株),東証STD,365,-2,-0.54,"6,000",2026/09/09
1644,1644,7305,新家工業(株),東証STD,"2,767",-15,-0.54,"35,300",2026/09/09
1645,1645,7840,フランスベッドホールディングス(株),東証PRM,"1,289",-7,-0.54,"16,400",2026/09/09
1646,1646,7987,ナカバヤシ(株),東証STD,550,-3,-0.54,"52,700",2026/09/09
1647,1647,9564,(株)ＦＣＥ,東証STD,555,-3,-0.54,"31,800",2026/09/09
1648,1648,356A,GX S&P500 キャッシュフロー・トップ100,東証ETF,"1,506",-8,-0.53,775,2026/09/09
1649,1649,3909,(株)ショーケース,東証STD,189,-1,-0.53,"1,900",2026/09/09
1650,1650,4388,(株)エーアイ,東証STD,377,-2,-0.53,"20,900",2026/09/09
1651,1651,449A,ステート・ストリート・スパイダー S&P500 ETF(H無),東証ETF,800.5,-4.3,-0.53,"9,650",2026/09/09
1652,1652,4750,(株)ダイサン,東証STD,558,-3,-0.53,"1,500",2026/09/09
1653,1653,4985,アース製薬(株),東証PRM,"4,675",-25,-0.53,"35,800",2026/09/09
1654,1654,5139,オープンワーク(株),東証GRT,930,-5,-0.53,"11,900",2026/09/09
1655,1655,5909,(株)コロナ,東証STD,945,-5,-0.53,"10,000",2026/09/09
1656,1656,5959,岡部(株),東証PRM,934,-5,-0.53,"92,000",2026/09/09
1657,1657,6159,ミクロン精密(株),東証STD,"1,893",-10,-0.53,100,2026/09/09
1658,1658,6533,(株)Ｏｒｃｈｅｓｔｒａ　Ｈｏｌｄｉｎｇｓ,東証PRM,"1,117",-6,-0.53,"22,700",2026/09/09
1659,1659,7096,(株)ステムセル研究所,東証GRT,752,-4,-0.53,"3,400",2026/09/09
1660,1660,8060,キヤノンマーケティングジャパン(株),東証PRM,"3,541",-19,-0.53,"194,400",2026/09/09
1661,1661,8584,(株)ジャックス,東証PRM,"3,730",-20,-0.53,"99,000",2026/09/09
1662,1662,8898,(株)センチュリー２１・ジャパン,東証STD,"1,127",-6,-0.53,"4,000",2026/09/09
1663,1663,9158,(株)シーユーシー,東証GRT,753,-4,-0.53,"22,200",2026/09/09
1664,1664,9990,(株)サックスバー　ホールディングス,東証PRM,748,-4,-0.53,"34,600",2026/09/09
1665,1665,1545,(NEXT FUNDS)NASDAQ-100(H無)連動型上場投信,東証ETF,228,-1.2,-0.52,"2,123,790",2026/09/09
1666,1666,2017,iFreeETF JPXプライム150,東証ETF,"1,526",-8,-0.52,"39,906",2026/09/09
1667,1667,272A,(株)グリーンクロスホールディングス,福証,"1,348",-7,-0.52,100,2026/09/09
1668,1668,2860,(NEXT FUNDS) ドイツ株式・DAX(H有),東証ETF,"3,251",-17,-0.52,17,2026/09/09
1669,1669,2861,上場インデックスファンドフランス国債(H無),東証ETF,"5,391",-28,-0.52,244,2026/09/09
1670,1670,3484,(株)イノベーションホールディングス,東証STD,"1,151",-6,-0.52,"2,500",2026/09/09
1671,1671,363A,iFreeETF 英国FTSE100,東証ETF,"2,677",-14,-0.52,835,2026/09/09
1672,1672,3708,特種東海製紙(株),東証PRM,"2,111",-11,-0.52,"48,300",2026/09/09
1673,1673,4673,川崎地質(株),東証STD,"4,755",-25,-0.52,"1,700",2026/09/09
1674,1674,7955,クリナップ(株),東証PRM,958,-5,-0.52,"47,600",2026/09/09
1675,1675,9368,キムラユニティー(株),東証STD,955,-5,-0.52,"18,300",2026/09/09
1676,1676,9438,(株)エムティーアイ,東証PRM,579,-3,-0.52,"42,200",2026/09/09
1677,1677,1557,State Street SPDR S&P500 ETF,東証ETF,"117,600",-600,-0.51,"1,372",2026/09/09
1678,1678,1716,第一カッター興業(株),東証STD,"1,375",-7,-0.51,"18,200",2026/09/09
1679,1679,2019,GX 米国優先証券(隔月分配型),東証ETF,981,-5,-0.51,"6,343",2026/09/09
1680,1680,303A,(株)ｖｉｓｕｍｏ,東証GRT,582,-3,-0.51,600,2026/09/09
1681,1681,3154,メディアスホールディングス(株),東証PRM,776,-4,-0.51,"18,100",2026/09/09
1682,1682,3287,星野リゾート・リート投資法人,東証,"235,400","-1,200",-0.51,"1,839",2026/09/09
1683,1683,3930,(株)はてな,東証GRT,785,-4,-0.51,"5,500",2026/09/09
1684,1684,4059,(株)まぐまぐ,東証STD,391,-2,-0.51,"6,000",2026/09/09
1685,1685,4068,ベイシス(株),東証GRT,"1,762",-9,-0.51,500,2026/09/09
1686,1686,4113,田岡化学工業(株),東証STD,782,-4,-0.51,"16,600",2026/09/09
1687,1687,5038,(株)ｅＷｅＬＬ,東証GRT,"2,140",-11,-0.51,"27,700",2026/09/09
1688,1688,6167,冨士ダイス(株),東証PRM,973,-5,-0.51,"53,200",2026/09/09
1689,1689,7266,(株)今仙電機製作所,東証STD,980,-5,-0.51,"30,100",2026/09/09
1690,1690,7538,(株)大水,東証STD,388,-2,-0.51,"1,800",2026/09/09
1691,1691,7590,(株)タカショー,東証STD,393,-2,-0.51,"21,000",2026/09/09
1692,1692,7744,ノーリツ鋼機(株),東証PRM,"1,960",-10,-0.51,"265,700",2026/09/09
1693,1693,9672,東京都競馬(株),東証PRM,"4,875",-25,-0.51,"61,000",2026/09/09
1694,1694,9832,(株)オートバックスセブン,東証PRM,"1,555",-8,-0.51,"191,500",2026/09/09
1695,1695,1346,MAXIS 日経225上場投信,東証ETF,"67,340",-340,-0.5,"16,340",2026/09/09
1696,1696,1655,iシェアーズ S&P500 米国株 ETF,東証ETF,847.4,-4.3,-0.5,"3,186,630",2026/09/09
1697,1697,2518,(NEXT FUNDS) MSCI日本株女性活躍(セレクト)上場投信,東証ETF,"2,406",-12,-0.5,53,2026/09/09
1698,1698,3489,(株)フェイスネットワーク,東証STD,793,-4,-0.5,"42,700",2026/09/09
1699,1699,4397,(株)チームスピリット,東証GRT,397,-2,-0.5,"33,600",2026/09/09
1700,1700,4887,サワイグループホールディングス(株),東証PRM,"1,587.5",-8,-0.5,"719,800",2026/09/09
1701,1701,4977,新田ゼラチン(株),東証STD,"1,190",-6,-0.5,"32,300",2026/09/09
1702,1702,515A,iシェアーズ 高格付け日本円社債 ETF,東証ETF,497.8,-2.5,-0.5,"61,180",2026/09/09
1703,1703,536A,NZAM 上場投信 先進国株式(MSCI-KOKUSAI)(H無),東証ETF,"2,187",-11,-0.5,129,2026/09/09
1704,1704,6195,(株)ホープ,東証GRT,201,-1,-0.5,"14,700",2026/09/09
1705,1705,6439,中日本鋳工(株),名証MN,402,-2,-0.5,"3,600",2026/09/09
1706,1706,7231,トピー工業(株),東証PRM,"3,015",-15,-0.5,"42,700",2026/09/09
1707,1707,7414,小野建(株),東証PRM,"1,403",-7,-0.5,"33,100",2026/09/09
1708,1708,7875,竹田ｉＰホールディングス(株),東証STD,801,-4,-0.5,"7,100",2026/09/09
1709,1709,7953,菊水化学工業(株),東証STD,398,-2,-0.5,"6,100",2026/09/09
1710,1710,8570,イオンフィナンシャルサービス(株),東証PRM,"1,592",-8,-0.5,"602,300",2026/09/09
1711,1711,8835,太平洋興発(株),東証STD,796,-4,-0.5,"6,200",2026/09/09
1712,1712,9081,神奈川中央交通(株),東証PRM,"3,970",-20,-0.5,"5,500",2026/09/09
1713,1713,9928,(株)ミロク情報サービス,東証PRM,"2,000",-10,-0.5,"31,600",2026/09/09
1714,1714,2084,(NEXT FUNDS) 日本高配当株アクティブ,東証ETF,"3,853",-19,-0.49,"8,173",2026/09/09
1715,1715,2088,NZAM 上場投信 NYダウ30(H有),東証ETF,"2,650",-13,-0.49,"20,048",2026/09/09
1716,1716,2268,Ｂ－Ｒ　サーティワン　アイスクリーム(株),東証STD,"4,055",-20,-0.49,"3,600",2026/09/09
1717,1717,2908,フジッコ(株),東証PRM,"1,614",-8,-0.49,"28,600",2026/09/09
1718,1718,3277,(株)サンセイランディック,東証STD,815,-4,-0.49,"17,600",2026/09/09
1719,1719,4540,(株)ツムラ,東証PRM,"3,666",-18,-0.49,"1,065,100",2026/09/09
1720,1720,6038,(株)イード,東証GRT,811,-4,-0.49,"7,200",2026/09/09
1721,1721,6090,ヒューマン・メタボローム・テクノロジーズ(株),東証STD,614,-3,-0.49,"2,100",2026/09/09
1722,1722,6198,(株)キャリア,東証GRT,203,-1,-0.49,"2,400",2026/09/09
1723,1723,6249,(株)ゲームカードホールディングス,東証STD,"2,825",-14,-0.49,"5,300",2026/09/09
1724,1724,6265,コンバム(株),東証STD,"3,070",-15,-0.49,"2,300",2026/09/09
1725,1725,7462,(株)ＣＡＰＩＴＡ,東証STD,403,-2,-0.49,"20,000",2026/09/09
1726,1726,7539,(株)アイナボホールディングス,東証STD,810,-4,-0.49,"9,700",2026/09/09
1727,1727,7741,ＨＯＹＡ(株),東証PRM,"23,210",-115,-0.49,"1,537,700",2026/09/09
1728,1728,7823,(株)アートネイチャー,東証STD,816,-4,-0.49,"53,600",2026/09/09
1729,1729,8160,(株)木曽路,東証PRM,"2,453",-12,-0.49,"55,500",2026/09/09
1730,1730,8737,(株)あかつき本社,東証STD,614,-3,-0.49,"26,700",2026/09/09
1731,1731,2526,NZAM 上場投信 JPX日経400,東証ETF,"37,010",-180,-0.48,"13,946",2026/09/09
1732,1732,3166,ＯＣＨＩホールディングス(株),東証STD,"1,465",-7,-0.48,"1,100",2026/09/09
1733,1733,447A,ステート・ストリート・スパイダー ゴールド ETF(H無),東証ETF,267.9,-1.3,-0.48,"322,060",2026/09/09
1734,1734,4765,ＳＢＩグローバルアセットマネジメント(株),東証PRM,620,-3,-0.48,"204,100",2026/09/09
1735,1735,6568,神戸天然物化学(株),東証GRT,"1,235",-6,-0.48,"1,800",2026/09/09
1736,1736,8045,横浜丸魚(株),東証STD,"2,070",-10,-0.48,600,2026/09/09
1737,1737,8276,(株)平和堂,東証PRM,"2,676",-13,-0.48,"110,200",2026/09/09
1738,1738,8904,(株)ＡＶＡＮＴＩＡ,東証STD,821,-4,-0.48,"15,200",2026/09/09
1739,1739,9048,名古屋鉄道(株),東証PRM,"1,869",-9,-0.48,"496,400",2026/09/09
1740,1740,9063,岡山県貨物運送(株),東証STD,"4,170",-20,-0.48,300,2026/09/09
1741,1741,9381,(株)エーアイテイー,東証PRM,"2,300",-11,-0.48,"15,000",2026/09/09
1742,1742,1320,iFreeETF 日経225(年1回決算型),東証ETF,"67,120",-320,-0.47,"29,259",2026/09/09
1743,1743,1780,(株)ヤマウラ,東証PRM,"1,485",-7,-0.47,"19,100",2026/09/09
1744,1744,2012,iシェアーズ 米国債0-3カ月 ETF,東証ETF,233.1,-1.1,-0.47,"1,025,980",2026/09/09
1745,1745,2652,(株)まんだらけ,東証STD,423,-2,-0.47,"95,300",2026/09/09
1746,1746,297A,アルピコホールディングス(株),東証STD,213,-1,-0.47,"23,100",2026/09/09
1747,1747,4017,(株)クリーマ,東証GRT,214,-1,-0.47,"2,400",2026/09/09
1748,1748,435A,iFreeETF 日本株配当ローテーション戦略,東証ETF,"2,732",-13,-0.47,"136,409",2026/09/09
1749,1749,4595,(株)ミズホメディー,東証STD,"1,700",-8,-0.47,"79,900",2026/09/09
1750,1750,5194,相模ゴム工業(株),東証STD,637,-3,-0.47,"4,700",2026/09/09
1751,1751,5304,ＳＥＣカーボン(株),東証STD,"2,537",-12,-0.47,"16,000",2026/09/09
1752,1752,5729,日本精鉱(株),東証STD,"1,711",-8,-0.47,"17,300",2026/09/09
1753,1753,5975,東プレ(株),東証PRM,"3,205",-15,-0.47,"67,300",2026/09/09
1754,1754,7807,(株)幸和製作所,東証STD,852,-4,-0.47,"1,400",2026/09/09
1755,1755,7901,(株)マツモト,東証STD,850,-4,-0.47,"3,600",2026/09/09
1756,1756,8803,平和不動産(株),東証PRM,"2,347",-11,-0.47,"176,700",2026/09/09
1757,1757,9433,ＫＤＤＩ(株),東証PRM,"2,976.5",-14,-0.47,"7,741,600",2026/09/09
1758,1758,9602,東宝(株),東証PRM,"1,594.5",-7.5,-0.47,"2,577,300",2026/09/09
1759,1759,9867,ソレキア(株),東証STD,"10,580",-50,-0.47,700,2026/09/09
1760,1760,160A,(株)アズパートナーズ,東証STD,"1,952",-9,-0.46,"3,000",2026/09/09
1761,1761,1736,(株)オーテック,東証STD,"2,392",-11,-0.46,"2,400",2026/09/09
1762,1762,2513,(NEXT FUNDS)外国株式･MSCI-KOKUSAI(H無),東証ETF,"3,469",-16,-0.46,"115,351",2026/09/09
1763,1763,2852,iシェアーズ グリーンJリート,東証ETF,171.9,-0.8,-0.46,"2,150",2026/09/09
1764,1764,379A,GX S&P500 (ダイナミック・プロテクション),東証ETF,"1,310",-6,-0.46,26,2026/09/09
1765,1765,4174,(株)アピリッツ,東証STD,868,-4,-0.46,"14,900",2026/09/09
1766,1766,473A,ニッセイ ETF 日経225インデックス,東証ETF,"1,309",-6,-0.46,"4,955",2026/09/09
1767,1767,5616,(株)雨風太陽,東証GRT,651,-3,-0.46,"2,500",2026/09/09
1768,1768,626A,iFreeETF ゴールドプラスインカム,東証ETF,"1,939",-9,-0.46,"3,992",2026/09/09
1769,1769,6848,東亜ディーケーケー(株),東証STD,862,-4,-0.46,"5,400",2026/09/09
1770,1770,7781,(株)平山ホールディングス,東証STD,870,-4,-0.46,"10,200",2026/09/09
1771,1771,8163,ＳＲＳホールディングス(株),東証PRM,"1,521",-7,-0.46,"80,500",2026/09/09
1772,1772,8881,(株)日神グループホールディングス,東証PRM,656,-3,-0.46,"130,300",2026/09/09
1773,1773,9554,(株)ＡＶｉＣ,東証GRT,"1,722",-8,-0.46,"39,400",2026/09/09
1774,1774,1382,(株)ホーブ,東証STD,880,-4,-0.45,"2,200",2026/09/09
1775,1775,2242,MAXIS NYダウ上場投信(H有),東証ETF,678.6,-3.1,-0.45,420,2026/09/09
1776,1776,2522,iシェアーズ オートメーション&ロボット ETF,東証ETF,"8,539",-39,-0.45,"1,835",2026/09/09
1777,1777,2659,(株)サンエー,東証PRM,"3,330",-15,-0.45,"174,600",2026/09/09
1778,1778,2932,(株)ＳＴＩフードホールディングス,東証STD,"1,105",-5,-0.45,"7,300",2026/09/09
1779,1779,3199,綿半ホールディングス(株),東証PRM,"1,318",-6,-0.45,"27,400",2026/09/09
1780,1780,3562,(株)Ｎｏ．１,東証STD,"1,560",-7,-0.45,"7,200",2026/09/09
1781,1781,4175,(株)ｃｏｌｙ,東証GRT,"2,854",-13,-0.45,"5,000",2026/09/09
1782,1782,4212,積水樹脂(株),東証PRM,"2,906",-13,-0.45,"44,800",2026/09/09
1783,1783,4536,参天製薬(株),東証PRM,"1,758.5",-8,-0.45,"983,000",2026/09/09
1784,1784,521A,iFreeETF FANG+ゴールド,東証ETF,"1,997",-9,-0.45,"61,382",2026/09/09
1785,1785,6658,シライ電子工業(株),東証STD,444,-2,-0.45,"45,500",2026/09/09
1786,1786,7516,コーナン商事(株),東証PRM,"4,390",-20,-0.45,"77,500",2026/09/09
1787,1787,8705,日産証券グループ(株),東証STD,220,-1,-0.45,"60,700",2026/09/09
1788,1788,8897,ＭＩＲＡＲＴＨホールディングス(株),東証PRM,442,-2,-0.45,"425,200",2026/09/09
1789,1789,8908,(株)毎日コムネット,東証STD,880,-4,-0.45,"3,100",2026/09/09
1790,1790,9286,エネクス・インフラ投資法人,東証,"44,600",-200,-0.45,"1,214",2026/09/09
1791,1791,1326,SPDRゴールド･シェア,東証ETF,"61,740",-270,-0.44,"6,812",2026/09/09
1792,1792,2015,iFreeETF 米国国債7-10年(H無),東証ETF,"2,037",-9,-0.44,834,2026/09/09
1793,1793,2558,MAXIS 米国株式(S&P500)上場投信,東証ETF,"3,385",-15,-0.44,"146,687",2026/09/09
1794,1794,2750,石光商事(株),東証STD,"1,352",-6,-0.44,"4,800",2026/09/09
1795,1795,2892,日本食品化工(株),東証STD,"4,545",-20,-0.44,"4,500",2026/09/09
1796,1796,3076,あい　ホールディングス(株),東証PRM,"2,959",-13,-0.44,"170,400",2026/09/09
1797,1797,450A,ステート・ストリート・スパイダー S&P500 ETF(H有),東証ETF,788.7,-3.5,-0.44,50,2026/09/09
1798,1798,5458,高砂鐵工(株),東証STD,"1,350",-6,-0.44,800,2026/09/09
1799,1799,5612,日本鋳鉄管(株),東証STD,"1,585",-7,-0.44,"13,900",2026/09/09
1800,1800,6966,(株)三井ハイテック,東証PRM,899,-4,-0.44,"3,336,600",2026/09/09
1801,1801,7062,(株)フレアス,東証GRT,682,-3,-0.44,"1,500",2026/09/09
1802,1802,8566,リコーリース(株),東証PRM,"6,790",-30,-0.44,"25,600",2026/09/09
1803,1803,9003,相鉄ホールディングス(株),東証PRM,"2,603.5",-11.5,-0.44,"225,700",2026/09/09
1804,1804,9279,(株)ギフトホールディングス,東証PRM,"2,279",-10,-0.44,"314,200",2026/09/09
1805,1805,1330,上場インデックスファンド225,東証ETF,"67,400",-290,-0.43,"19,663",2026/09/09
1806,1806,1628,(NEXT FUNDS)運輸･物流上場投信,東証ETF,"22,025",-95,-0.43,169,2026/09/09
1807,1807,1882,東亜道路工業(株),東証PRM,"1,605",-7,-0.43,"347,300",2026/09/09
1808,1808,2244,GX US テック・トップ20,東証ETF,"3,464",-15,-0.43,"51,103",2026/09/09
1809,1809,2533,オエノンホールディングス(株),東証PRM,459,-2,-0.43,"160,200",2026/09/09
1810,1810,2752,(株)フジオフードグループ本社,東証PRM,"1,150",-5,-0.43,"61,800",2026/09/09
1811,1811,3195,(株)ジェネレーションパス,東証STD,697,-3,-0.43,"16,500",2026/09/09
1812,1812,3577,東海染工(株),東証STD,925,-4,-0.43,"1,800",2026/09/09
1813,1813,5699,(株)イボキン,東証STD,"1,611",-7,-0.43,"2,100",2026/09/09
1814,1814,7325,(株)アイリックコーポレーション,東証GRT,693,-3,-0.43,"3,500",2026/09/09
1815,1815,7820,ニホンフラッシュ(株),東証PRM,702,-3,-0.43,"45,400",2026/09/09
1816,1816,9753,アイエックス・ナレッジ(株),東証STD,"1,401",-6,-0.43,"3,700",2026/09/09
1817,1817,2086,NZAM 上場投信 S&P500(H有),東証ETF,"3,056",-13,-0.42,23,2026/09/09
1818,1818,213A,上場インデックスファンド日経半導体株,東証ETF,403.5,-1.7,-0.42,"724,750",2026/09/09
1819,1819,2173,(株)博展,東証GRT,715,-3,-0.42,"4,900",2026/09/09
1820,1820,3075,(株)銚子丸,東証STD,"1,649",-7,-0.42,"3,600",2026/09/09
1821,1821,4635,東京インキ(株),東証STD,"2,115",-9,-0.42,"23,600",2026/09/09
1822,1822,5939,(株)大谷工業,東証STD,"4,720",-20,-0.42,"1,500",2026/09/09
1823,1823,6310,井関農機(株),東証PRM,"1,894",-8,-0.42,"102,900",2026/09/09
1824,1824,6492,岡野バルブ製造(株),東証STD,"14,090",-60,-0.42,"9,200",2026/09/09
1825,1825,6615,ユー・エム・シー・エレクトロニクス(株),東証STD,235,-1,-0.42,"36,300",2026/09/09
1826,1826,7127,(株)一家ホールディングス,東証STD,708,-3,-0.42,"4,100",2026/09/09
1827,1827,7908,ＫＩＭＯＴＯ,東証STD,235,-1,-0.42,"102,300",2026/09/09
1828,1828,8016,(株)オンワードホールディングス,東証PRM,705,-3,-0.42,"822,800",2026/09/09
1829,1829,8253,(株)クレディセゾン,東証PRM,"4,555",-19,-0.42,"649,900",2026/09/09
1830,1830,9042,阪急阪神ホールディングス(株),東証PRM,"4,689",-20,-0.42,"625,300",2026/09/09
1831,1831,9612,(株)ラックランド,東証PRM,"1,191",-5,-0.42,"39,800",2026/09/09
1832,1832,2634,(NEXT FUNDS) S&P500(H有)連動型上場投信,東証ETF,"3,162",-13,-0.41,"141,023",2026/09/09
1833,1833,2874,ヨコレイ,東証PRM,"2,189",-9,-0.41,"110,800",2026/09/09
1834,1834,3150,(株)グリムス,東証PRM,"2,405",-10,-0.41,"38,500",2026/09/09
1835,1835,3395,(株)サンマルクホールディングス,東証PRM,"2,447",-10,-0.41,"66,500",2026/09/09
1836,1836,3565,アセンテック(株),東証STD,481,-2,-0.41,"164,800",2026/09/09
1837,1837,3758,(株)アエリア,東証STD,245,-1,-0.41,"14,000",2026/09/09
1838,1838,3981,(株)ビーグリー,東証STD,"1,215",-5,-0.41,"1,100",2026/09/09
1839,1839,4193,(株)ファブリカホールディングス,東証STD,"2,163",-9,-0.41,"3,400",2026/09/09
1840,1840,4923,コタ(株),東証PRM,"1,216",-5,-0.41,"17,900",2026/09/09
1841,1841,5851,リョービ(株),東証PRM,"2,693",-11,-0.41,"102,100",2026/09/09
1842,1842,5976,ネツレン,東証PRM,"1,463",-6,-0.41,"65,600",2026/09/09
1843,1843,7115,(株)アルファパーチェス,東証STD,"1,467",-6,-0.41,"7,300",2026/09/09
1844,1844,7494,(株)コナカ,東証STD,244,-1,-0.41,"26,800",2026/09/09
1845,1845,7502,(株)プラザホールディングス,東証STD,"1,710",-7,-0.41,900,2026/09/09
1846,1846,7944,ローランド(株),東証PRM,"3,660",-15,-0.41,"70,500",2026/09/09
1847,1847,8152,ソマール(株),東証STD,"7,200",-30,-0.41,"1,100",2026/09/09
1848,1848,8944,(株)ランドビジネス,東証STD,243,-1,-0.41,"39,000",2026/09/09
1849,1849,9342,(株)スマサポ,東証GRT,980,-4,-0.41,"1,900",2026/09/09
1850,1850,9466,(株)アイドママーケティングコミュニケーション,東証STD,242,-1,-0.41,"6,200",2026/09/09
1851,1851,9904,(株)ベリテ,東証STD,245,-1,-0.41,"9,400",2026/09/09
1852,1852,1364,ｉシェアーズ JPX日経400 ETF,東証ETF,"3,724",-15,-0.4,"4,765",2026/09/09
1853,1853,3291,飯田グループホールディングス(株),東証PRM,"2,246",-9,-0.4,"428,900",2026/09/09
1854,1854,3920,アイビーシー(株),東証STD,"1,000",-4,-0.4,"3,900",2026/09/09
1855,1855,4538,扶桑薬品工業(株),東証PRM,"2,230",-9,-0.4,"8,100",2026/09/09
1856,1856,467A,GX 米ドル建て投資適格社債(H有),東証ETF,276,-1.1,-0.4,"8,240",2026/09/09
1857,1857,4926,(株)シーボン,東証STD,"1,245",-5,-0.4,"1,000",2026/09/09
1858,1858,5351,品川リフラ(株),東証PRM,"2,013",-8,-0.4,"86,000",2026/09/09
1859,1859,5940,不二サッシ(株),東証STD,749,-3,-0.4,"11,100",2026/09/09
1860,1860,6334,明治機械(株),東証STD,494,-2,-0.4,"1,600",2026/09/09
1861,1861,6347,(株)プラコー,東証STD,247,-1,-0.4,"12,100",2026/09/09
1862,1862,6699,ダイヤモンドエレクトリックホールディングス(株),東証STD,499,-2,-0.4,"105,800",2026/09/09
1863,1863,6888,アクモス(株),東証STD,498,-2,-0.4,"5,200",2026/09/09
1864,1864,7196,(株)Ｃａｓａ,東証STD,743,-3,-0.4,"5,300",2026/09/09
1865,1865,7219,(株)エッチ・ケー・エス,東証STD,"2,470",-10,-0.4,"1,300",2026/09/09
1866,1866,7575,日本ライフライン(株),東証PRM,"1,491",-6,-0.4,"144,300",2026/09/09
1867,1867,7972,(株)イトーキ,東証PRM,"2,475",-10,-0.4,"144,400",2026/09/09
1868,1868,9284,カナディアン・ソーラー・インフラ投資法人,東証,"74,700",-300,-0.4,"1,684",2026/09/09
1869,1869,1554,上場インデックス世界株式(MSCI ACWI)除く日本,東証ETF,"6,633",-26,-0.39,"2,584",2026/09/09
1870,1870,1926,ライト工業(株),東証PRM,"3,850",-15,-0.39,"200,200",2026/09/09
1871,1871,4613,関西ペイント(株),東証PRM,"2,797",-11,-0.39,"1,028,000",2026/09/09
1872,1872,6118,アイダエンジニアリング(株),東証PRM,"1,274",-5,-0.39,"298,100",2026/09/09
1873,1873,6182,(株)メタリアル,東証GRT,510,-2,-0.39,"14,500",2026/09/09
1874,1874,6718,アイホン(株),東証PRM,"2,838",-11,-0.39,"18,400",2026/09/09
1875,1875,6907,ジオマテック(株),東証STD,764,-3,-0.39,"19,000",2026/09/09
1876,1876,7378,(株)アシロ,東証GRT,"1,545",-6,-0.39,"7,000",2026/09/09
1877,1877,7844,(株)マーベラス,東証PRM,510,-2,-0.39,"92,400",2026/09/09
1878,1878,8596,(株)九州リースサービス,東証STD,"1,545",-6,-0.39,"20,400",2026/09/09
1879,1879,9301,三菱倉庫(株),東証PRM,"1,530.5",-6,-0.39,"682,800",2026/09/09
1880,1880,9788,(株)ナック,東証PRM,513,-2,-0.39,"35,500",2026/09/09
1881,1881,9932,杉本商事(株),東証PRM,"1,276",-5,-0.39,"18,800",2026/09/09
1882,1882,9994,(株)やまや,東証STD,"2,036",-8,-0.39,"7,400",2026/09/09
1883,1883,9997,(株)ベルーナ,東証PRM,"1,027",-4,-0.39,"209,800",2026/09/09
1884,1884,1972,三晃金属工業(株),東証STD,"1,319",-5,-0.38,"18,700",2026/09/09
1885,1885,2108,日本甜菜製糖(株),東証PRM,"5,270",-20,-0.38,"25,100",2026/09/09
1886,1886,2497,ユナイテッド(株),東証GRT,530,-2,-0.38,"25,600",2026/09/09
1887,1887,2530,MAXIS HuaAn中国株式(上海180A株)上場投信,東証ETF,"17,005",-65,-0.38,11,2026/09/09
1888,1888,3181,(株)買取王国,東証STD,"1,046",-4,-0.38,"2,000",2026/09/09
1889,1889,3627,テクミラホールディングス(株),東証STD,265,-1,-0.38,"7,400",2026/09/09
1890,1890,381A,iFreeETF 米国国債3-5年(H無),東証ETF,"2,082",-8,-0.38,20,2026/09/09
1891,1891,4671,(株)ファルコホールディングス,東証STD,"2,902",-11,-0.38,"15,400",2026/09/09
1892,1892,6356,日本ギア工業(株),東証STD,"1,296",-5,-0.38,"75,600",2026/09/09
1893,1893,7069,(株)サイバー・バズ,東証GRT,527,-2,-0.38,"23,700",2026/09/09
1894,1894,7347,(株)マーキュリアホールディングス,東証PRM,794,-3,-0.38,"3,500",2026/09/09
1895,1895,7593,ＶＴホールディングス(株),東証PRM,525,-2,-0.38,"1,257,200",2026/09/09
1896,1896,8025,(株)ツカモトコーポレーション,東証STD,"1,296",-5,-0.38,"1,000",2026/09/09
1897,1897,9702,(株)アイ・エス・ビー,東証PRM,"2,338",-9,-0.38,"21,400",2026/09/09
1898,1898,1486,上場インデックスファンド米国債券(H無),東証ETF,"22,630",-85,-0.37,"1,423",2026/09/09
1899,1899,1540,純金上場信託(現物国内保管型),東証ETF,"20,200",-75,-0.37,"212,555",2026/09/09
1900,1900,1599,iFreeETF JPX日経400,東証ETF,"37,250",-140,-0.37,2,2026/09/09
1901,1901,2258,iシェアーズ 米ドル建てハイイールド社債,東証ETF,218.2,-0.8,-0.37,"20,790",2026/09/09
1902,1902,2335,(株)キューブシステム,東証PRM,"1,084",-4,-0.37,"20,300",2026/09/09
1903,1903,2847,GX 新成長インフラ-日本株式,東証ETF,"2,987",-11,-0.37,"1,838",2026/09/09
1904,1904,2871,(株)ニチレイ,東証PRM,"2,142",-8,-0.37,"1,446,300",2026/09/09
1905,1905,3288,(株)オープンハウスグループ,東証PRM,"7,568",-28,-0.37,"193,600",2026/09/09
1906,1906,3423,(株)エスイー,東証STD,272,-1,-0.37,"7,700",2026/09/09
1907,1907,3437,特殊電極(株),東証STD,"2,660",-10,-0.37,200,2026/09/09
1908,1908,4261,アジアクエスト(株),東証GRT,"2,955",-11,-0.37,"1,700",2026/09/09
1909,1909,4743,(株)アイティフォー,東証PRM,"1,596",-6,-0.37,"142,400",2026/09/09
1910,1910,5930,文化シヤッター(株),東証PRM,"1,887",-7,-0.37,"79,100",2026/09/09
1911,1911,6165,パンチ工業(株),東証STD,535,-2,-0.37,"50,900",2026/09/09
1912,1912,6203,豊和工業(株),東証STD,"2,140",-8,-0.37,"24,838,100",2026/09/09
1913,1913,6379,レイズネクスト(株),東証PRM,"2,961",-11,-0.37,"127,600",2026/09/09
1914,1914,6430,ダイコク電機(株),東証PRM,"2,429",-9,-0.37,"42,600",2026/09/09
1915,1915,7254,(株)ユニバンス,東証STD,811,-3,-0.37,"7,700",2026/09/09
1916,1916,7850,総合商研(株),東証STD,808,-3,-0.37,"1,200",2026/09/09
1917,1917,1832,(株)北海電工,札証,"1,386",-5,-0.36,"1,800",2026/09/09
1918,1918,2156,セーラー広告(株),東証STD,274,-1,-0.36,"4,300",2026/09/09
1919,1919,2810,ハウス食品グループ本社(株),東証PRM,"3,840",-14,-0.36,"164,500",2026/09/09
1920,1920,2970,ＧＬＣ　ＧＲＯＵＰ(株),東証STD,"1,095",-4,-0.36,"3,700",2026/09/09
1921,1921,3772,ウェルス・マネジメント(株),東証STD,"1,096",-4,-0.36,"13,500",2026/09/09
1922,1922,3969,(株)エイトレッド,東証STD,"1,400",-5,-0.36,"3,600",2026/09/09
1923,1923,4218,ニチバン(株),東証PRM,"1,917",-7,-0.36,"18,100",2026/09/09
1924,1924,4262,ニフティライフスタイル(株),東証GRT,"1,386",-5,-0.36,"2,200",2026/09/09
1925,1925,4347,ブロードメディア(株),東証STD,"1,652",-6,-0.36,"3,900",2026/09/09
1926,1926,5280,ヨシコン(株),東証STD,"2,212",-8,-0.36,"10,300",2026/09/09
1927,1927,556A,犬猫生活(株),東証GRT,"2,241",-8,-0.36,"35,000",2026/09/09
1928,1928,5602,(株)栗本鐵工所,東証PRM,"1,650",-6,-0.36,"229,600",2026/09/09
1929,1929,587A,インベスコ QQQ トラスト シリーズ1,東証ETF,"110,300",-400,-0.36,131,2026/09/09
1930,1930,7427,エコートレーディング(株),東証STD,825,-3,-0.36,"4,600",2026/09/09
1931,1931,7506,(株)ハウス　オブ　ローゼ,東証STD,"1,380",-5,-0.36,"1,800",2026/09/09
1932,1932,9206,(株)スターフライヤー,東証STD,"1,934",-7,-0.36,"1,200",2026/09/09
1933,1933,9972,アルテック(株),東証STD,278,-1,-0.36,"1,000",2026/09/09
1934,1934,1518,三井松島ホールディングス(株),東証PRM,"2,283",-8,-0.35,"263,500",2026/09/09
1935,1935,2241,MAXIS NYダウ上場投信,東証ETF,901.9,-3.2,-0.35,"26,610",2026/09/09
1936,1936,2653,イオン九州(株),東証STD,"2,811",-10,-0.35,"12,400",2026/09/09
1937,1937,2844,上場インデックスファンド豪州国債(H無),東証ETF,"5,380",-19,-0.35,"5,484",2026/09/09
1938,1938,3138,(株)富士山マガジンサービス,東証STD,"1,128",-4,-0.35,"2,400",2026/09/09
1939,1939,3157,ジオリーブグループ(株),東証STD,"1,426",-5,-0.35,"1,600",2026/09/09
1940,1940,4265,Ｉｎｓｔｉｔｕｔｉｏｎ　ｆｏｒ　ａ　Ｇｌｏｂａｌ　Ｓｏｃｉｅ(株),東証GRT,283,-1,-0.35,"15,600",2026/09/09
1941,1941,4570,(株)免疫生物研究所,東証GRT,"1,152",-4,-0.35,"186,400",2026/09/09
1942,1942,464A,(株)ＱＰＳホールディングス,東証GRT,"1,714",-6,-0.35,"1,222,600",2026/09/09
1943,1943,4931,新日本製薬(株),東証PRM,"2,015",-7,-0.35,"22,900",2026/09/09
1944,1944,5210,日本山村硝子(株),東証STD,"2,880",-10,-0.35,"23,600",2026/09/09
1945,1945,6614,(株)シキノハイテック,東証STD,861,-3,-0.35,"6,000",2026/09/09
1946,1946,6809,ＴＯＡ(株),東証PRM,"1,708",-6,-0.35,"103,400",2026/09/09
1947,1947,7514,(株)ヒマラヤ,東証STD,851,-3,-0.35,"3,300",2026/09/09
1948,1948,7628,(株)オーハシテクニカ,東証PRM,"1,124",-4,-0.35,"33,900",2026/09/09
1949,1949,7723,愛知時計電機(株),東証PRM,"2,815",-10,-0.35,"16,800",2026/09/09
1950,1950,7885,タカノ(株),東証STD,"1,138",-4,-0.35,"8,300",2026/09/09
1951,1951,1418,インターライフホールディングス(株),東証STD,582,-2,-0.34,"51,300",2026/09/09
1952,1952,1660,MAXIS高利回りJリート上場投信,東証ETF,"10,325",-35,-0.34,857,2026/09/09
1953,1953,2002,(株)日清製粉グループ本社,東証PRM,"2,037.5",-7,-0.34,"1,063,100",2026/09/09
1954,1954,3042,(株)セキュアヴェイル,東証STD,294,-1,-0.34,"12,400",2026/09/09
1955,1955,3232,三重交通グループホールディングス(株),東証PRM,586,-2,-0.34,"140,100",2026/09/09
1956,1956,4484,ランサーズ(株),東証GRT,296,-1,-0.34,"7,000",2026/09/09
1957,1957,4768,(株)大塚商会,東証PRM,"3,500",-12,-0.34,"1,217,000",2026/09/09
1958,1958,5233,太平洋セメント(株),東証PRM,"4,136",-14,-0.34,"435,100",2026/09/09
1959,1959,5870,(株)ナルネットコミュニケーションズ,東証GRT,881,-3,-0.34,"9,100",2026/09/09
1960,1960,630A,ニッセイ ETF TOPIX(年4回決算型),東証ETF,"1,483",-5,-0.34,"1,499",2026/09/09
1961,1961,7278,(株)エクセディ,東証PRM,"5,890",-20,-0.34,"218,500",2026/09/09
1962,1962,1305,iFreeETF TOPIX(年1回決算型),東証ETF,"4,259",-14,-0.33,"219,920",2026/09/09
1963,1963,1329,iシェアーズ・コア 日経225ETF,東証ETF,"6,742",-22,-0.33,"211,124",2026/09/09
1964,1964,1477,iシェアーズ MSCI 日本株最小分散 ETF,東証ETF,"3,340",-11,-0.33,662,2026/09/09
1965,1965,2043,NEXT NOTES STOXX アセアン好配当50(円、NR)ETN,東証ETF,"30,300",-100,-0.33,3,2026/09/09
1966,1966,2153,Ｅ・Ｊホールディングス(株),東証PRM,"1,831",-6,-0.33,"36,000",2026/09/09
1967,1967,2209,井村屋グループ(株),東証PRM,"2,383",-8,-0.33,"17,300",2026/09/09
1968,1968,2462,ライク(株),東証PRM,"1,496",-5,-0.33,"25,000",2026/09/09
1969,1969,3422,(株)Ｊ－ＭＡＸ,東証STD,607,-2,-0.33,"22,200",2026/09/09
1970,1970,3474,Ｇ－ＦＡＣＴＯＲＹ(株),東証GRT,603,-2,-0.33,"1,500",2026/09/09
1971,1971,3865,北越コーポレーション(株),東証PRM,900,-3,-0.33,"146,400",2026/09/09
1972,1972,387A,フラー(株),東証GRT,912,-3,-0.33,"5,200",2026/09/09
1973,1973,4177,(株)ｉ－ｐｌｕｇ,東証GRT,"1,520",-5,-0.33,"1,900",2026/09/09
1974,1974,4754,(株)トスネット,東証STD,"1,494",-5,-0.33,100,2026/09/09
1975,1975,5607,中央可鍛工業(株),名証MN,609,-2,-0.33,"9,600",2026/09/09
1976,1976,5973,(株)トーアミ,東証STD,612,-2,-0.33,"1,200",2026/09/09
1977,1977,6229,(株)オーケーエム,東証STD,"1,495",-5,-0.33,"5,500",2026/09/09
1978,1978,7607,(株)進和,東証PRM,"2,978",-10,-0.33,"17,000",2026/09/09
1979,1979,8071,東海エレクトロニクス(株),名証MN,"3,010",-10,-0.33,100,2026/09/09
1980,1980,9029,(株)ヒガシホールディングス,東証STD,"1,834",-6,-0.33,"4,600",2026/09/09
1981,1981,9059,カンダホールディングス(株),東証STD,918,-3,-0.33,"2,600",2026/09/09
1982,1982,9345,ビズメイツ(株),東証GRT,597,-2,-0.33,700,2026/09/09
1983,1983,9735,セコム(株),東証PRM,"6,282",-21,-0.33,"1,271,000",2026/09/09
1984,1984,3880,大王製紙(株),東証PRM,941,-3,-0.32,"199,100",2026/09/09
1985,1985,4936,(株)アクシージア,東証STD,316,-1,-0.32,"21,100",2026/09/09
1986,1986,5970,(株)ジーテクト,東証PRM,"2,166",-7,-0.32,"132,100",2026/09/09
1987,1987,6633,(株)ＣＧＳホールディングス,東証STD,315,-1,-0.32,"7,200",2026/09/09
1988,1988,6707,サンケン電気(株),東証PRM,"6,749",-22,-0.32,"89,300",2026/09/09
1989,1989,6870,日本フェンオール(株),東証STD,"2,180",-7,-0.32,700,2026/09/09
1990,1990,7567,(株)栄電子,東証STD,614,-2,-0.32,"9,400",2026/09/09
1991,1991,7614,(株)オーエムツーネットワーク,東証STD,"1,545",-5,-0.32,"7,200",2026/09/09
1992,1992,8975,いちごオフィスリート投資法人,東証,"92,200",-300,-0.32,"3,859",2026/09/09
1993,1993,9201,日本航空(株),東証PRM,"2,990.5",-9.5,-0.32,"1,992,400",2026/09/09
1994,1994,9625,(株)セレスポ,東証STD,946,-3,-0.32,"2,600",2026/09/09
1995,1995,1489,(NEXT FUNDS)日経平均高配当株50指数連動型ETF,東証ETF,"3,488",-11,-0.31,"486,835",2026/09/09
1996,1996,2511,(NEXT FUNDS)外国債券・FTSE世界国債(除く日本・H無),東証ETF,"1,117.5",-3.5,-0.31,"22,790",2026/09/09
1997,1997,3151,(株)バイタルケーエスケー・ホールディングス,東証PRM,"1,586",-5,-0.31,"68,100",2026/09/09
1998,1998,335A,(株)ミライロ,東証GRT,324,-1,-0.31,"20,700",2026/09/09
1999,1999,423A,(株)ライオン事務器,東証STD,321,-1,-0.31,"18,700",2026/09/09
2000,2000,6428,(株)オーイズミ,東証STD,322,-1,-0.31,"11,200",2026/09/09
2001,2001,6544,ジャパンエレベーターサービスホールディングス(株),東証PRM,"1,468.5",-4.5,-0.31,"622,900",2026/09/09
2002,2002,6823,リオン(株),東証PRM,"3,200",-10,-0.31,"30,400",2026/09/09
2003,2003,7360,(株)オンデック,東証GRT,641,-2,-0.31,500,2026/09/09
2004,2004,7864,(株)フジシールインターナショナル,東証PRM,"3,225",-10,-0.31,"202,500",2026/09/09
2005,2005,8421,信金中央金庫,東証,"191,600",-600,-0.31,100,2026/09/09
2006,2006,9872,北恵(株),東証STD,957,-3,-0.31,700,2026/09/09
2007,2007,9942,(株)ジョイフル,福証,"1,289",-4,-0.31,"9,500",2026/09/09
2008,2008,1380,(株)秋川牧園,東証STD,998,-3,-0.3,700,2026/09/09
2009,2009,2239,上場インデックスファンドS&P500先物レバレッジ2倍,東証ETF,"26,655",-80,-0.3,247,2026/09/09
2010,2010,2332,(株)クエスト,東証STD,"1,675",-5,-0.3,"3,400",2026/09/09
2011,2011,4018,(株)Ｇｅｏｌｏｃａｔｉｏｎ　Ｔｅｃｈｎｏｌｏｇｙ,福岡Q,988,-3,-0.3,400,2026/09/09
2012,2012,4167,(株)ココペリ,東証GRT,334,-1,-0.3,"25,100",2026/09/09
2013,2013,4235,ウルトラファブリックス・ホールディングス(株),東証STD,671,-2,-0.3,"9,000",2026/09/09
2014,2014,5363,(株)ＴＹＫ,東証STD,675,-2,-0.3,"51,300",2026/09/09
2015,2015,5401,日本製鉄(株),東証PRM,675.9,-2,-0.3,"33,513,000",2026/09/09
2016,2016,5941,(株)中西製作所,東証STD,"2,691",-8,-0.3,400,2026/09/09
2017,2017,6030,(株)アドベンチャー,東証GRT,"1,665",-5,-0.3,"3,900",2026/09/09
2018,2018,6199,(株)セラク,東証STD,"1,315",-4,-0.3,"12,200",2026/09/09
2019,2019,7314,(株)小田原機器,東証STD,"1,327",-4,-0.3,"1,000",2026/09/09
2020,2020,7384,(株)プロクレアホールディングス,東証PRM,"4,915",-15,-0.3,"121,100",2026/09/09
2021,2021,7673,ダイコー通産(株),東証STD,"1,687",-5,-0.3,300,2026/09/09
2022,2022,7819,粧美堂(株),東証STD,"1,008",-3,-0.3,"18,400",2026/09/09
2023,2023,1308,上場インデックスファンドTOPIX,東証ETF,"4,162",-12,-0.29,"245,974",2026/09/09
2024,2024,2251,(NEXT FUNDS) JPX国債先物ダブルインバース,東証ETF,901.9,-2.6,-0.29,"64,970",2026/09/09
2025,2025,2676,高千穂交易(株),東証PRM,"2,050",-6,-0.29,"12,700",2026/09/09
2026,2026,2753,(株)あみやき亭,東証PRM,"1,383",-4,-0.29,"15,900",2026/09/09
2027,2027,2882,(株)イートアンドホールディングス,東証PRM,"2,030",-6,-0.29,"10,500",2026/09/09
2028,2028,2972,サンケイリアルエステート投資法人,東証,"104,400",-300,-0.29,"2,095",2026/09/09
2029,2029,4430,東海ソフト(株),東証STD,"1,719",-5,-0.29,"8,900",2026/09/09
2030,2030,4925,(株)ハーバー研究所,東証STD,"1,739",-5,-0.29,"4,200",2026/09/09
2031,2031,5819,カナレ電気(株),東証STD,"1,731",-5,-0.29,"6,200",2026/09/09
2032,2032,6257,(株)藤商事,東証STD,"1,015",-3,-0.29,"19,400",2026/09/09
2033,2033,6328,荏原実業(株),東証PRM,"2,369",-7,-0.29,"62,500",2026/09/09
2034,2034,7034,(株)プロレド・パートナーズ,東証PRM,340,-1,-0.29,"9,900",2026/09/09
2035,2035,7172,(株)ジャパンインベストメントアドバイザー,東証PRM,"2,096",-6,-0.29,"124,300",2026/09/09
2036,2036,7815,東京ボード工業(株),東証STD,340,-1,-0.29,"1,900",2026/09/09
2037,2037,8039,築地魚市場(株),東証STD,"3,485",-10,-0.29,"2,700",2026/09/09
2038,2038,8091,ニチモウ(株),東証PRM,"2,370",-7,-0.29,"6,300",2026/09/09
2039,2039,9119,飯野海運(株),東証PRM,"1,698",-5,-0.29,"180,300",2026/09/09
2040,2040,9950,(株)ハチバン,東証STD,"3,435",-10,-0.29,"3,400",2026/09/09
2041,2041,2117,ウェルネオシュガー(株),東証PRM,"2,815",-8,-0.28,"14,700",2026/09/09
2042,2042,2222,寿スピリッツ(株),東証PRM,"2,455",-7,-0.28,"1,261,900",2026/09/09
2043,2043,2454,(株)オールアバウト,東証STD,352,-1,-0.28,"9,500",2026/09/09
2044,2044,2492,(株)インフォマート,東証PRM,701,-2,-0.28,"3,269,600",2026/09/09
2045,2045,2631,MAXIS ナスダック100上場投信,東証ETF,"32,410",-90,-0.28,"4,944",2026/09/09
2046,2046,2767,円谷フィールズホールディングス(株),東証PRM,"2,473",-7,-0.28,"424,800",2026/09/09
2047,2047,3908,(株)コラボス,東証STD,355,-1,-0.28,"6,100",2026/09/09
2048,2048,4057,(株)インターファクトリー,東証GRT,353,-1,-0.28,"1,600",2026/09/09
2049,2049,4205,日本ゼオン(株),東証PRM,"2,347.5",-6.5,-0.28,"755,300",2026/09/09
2050,2050,492A,One ETF 日本国債 高クーポン(平均残存10年未満),東証ETF,965.2,-2.7,-0.28,"35,030",2026/09/09
2051,2051,509A,グリーンライト・再エネインフラ投資法人,東証,"71,200",-200,-0.28,85,2026/09/09
2052,2052,6037,楽待(株),東証STD,"1,073",-3,-0.28,"26,600",2026/09/09
2053,2053,6258,平田機工(株),東証PRM,"3,575",-10,-0.28,"292,400",2026/09/09
2054,2054,7777,(株)スリー・ディー・マトリックス,東証GRT,350,-1,-0.28,"1,733,100",2026/09/09
2055,2055,7997,(株)くろがね工作所,東証STD,"1,086",-3,-0.28,"2,600",2026/09/09
2056,2056,8228,(株)マルイチ産商,名証MN,"1,078",-3,-0.28,"7,200",2026/09/09
2057,2057,8554,(株)南日本銀行,福証,"1,442",-4,-0.28,"2,400",2026/09/09
2058,2058,8945,サンネクスタグループ(株),東証STD,"1,082",-3,-0.28,"1,000",2026/09/09
2059,2059,9046,神戸電鉄(株),東証STD,"2,466",-7,-0.28,"7,700",2026/09/09
2060,2060,1656,iシェアーズ･コア 米国債7-10年 ETF,東証ETF,296.8,-0.8,-0.27,"446,100",2026/09/09
2061,2061,234A,GX MSCI キャッシュフローキング-日本株式,東証ETF,"1,471",-4,-0.27,154,2026/09/09
2062,2062,2647,(NEXT FUNDS)ブルームバーグ米国国債(7-10年)(H無),東証ETF,"5,575",-15,-0.27,86,2026/09/09
2063,2063,323A,(株)フライヤー,東証GRT,372,-1,-0.27,"3,500",2026/09/09
2064,2064,4256,(株)サインド,東証GRT,"1,117",-3,-0.27,"2,300",2026/09/09
2065,2065,4362,日本精化(株),東証PRM,"2,633",-7,-0.27,"16,300",2026/09/09
2066,2066,4569,杏林製薬(株),東証PRM,"1,100",-3,-0.27,"210,100",2026/09/09
2067,2067,4951,エステー(株),東証PRM,"1,505",-4,-0.27,"14,800",2026/09/09
2068,2068,5284,ヤマウホールディングス(株),東証STD,"2,232",-6,-0.27,"2,000",2026/09/09
2069,2069,5933,アルインコ(株),東証PRM,"1,113",-3,-0.27,"30,500",2026/09/09
2070,2070,608A,上場インデックスファンド東証REIT高利回り30,東証ETF,"1,455",-4,-0.27,"2,544",2026/09/09
2071,2071,6501,(株)日立製作所,東証PRM,"5,173",-14,-0.27,"8,454,600",2026/09/09
2072,2072,6625,ＪＡＬＣＯホールディングス(株),東証STD,376,-1,-0.27,"90,000",2026/09/09
2073,2073,6882,(株)三社電機製作所,東証STD,"1,111",-3,-0.27,"17,600",2026/09/09
2074,2074,8699,ＨＳホールディングス(株),東証STD,"1,109",-3,-0.27,"68,100",2026/09/09
2075,2075,8804,東京建物(株),東証PRM,"3,335",-9,-0.27,"876,700",2026/09/09
2076,2076,9347,日本管財ホールディングス(株),東証PRM,"2,911",-8,-0.27,"92,400",2026/09/09
2077,2077,9366,(株)サンリツ,東証STD,"1,101",-3,-0.27,"8,500",2026/09/09
2078,2078,9644,(株)タナベコンサルティンググループ,東証PRM,750,-2,-0.27,"47,200",2026/09/09
2079,2079,9913,日邦産業(株),東証STD,"3,660",-10,-0.27,"1,900",2026/09/09
2080,2080,1811,(株)錢高組,東証STD,"7,570",-20,-0.26,"2,400",2026/09/09
2081,2081,2461,(株)ファンコミュニケーションズ,東証PRM,383,-1,-0.26,"99,600",2026/09/09
2082,2082,2806,ユタカフーズ(株),東証STD,"1,915",-5,-0.26,300,2026/09/09
2083,2083,2904,一正蒲鉾(株),東証STD,753,-2,-0.26,"3,200",2026/09/09
2084,2084,3763,(株)プロシップ,東証PRM,"1,939",-5,-0.26,"39,900",2026/09/09
2085,2085,3948,光ビジネスフォーム(株),東証STD,"1,172",-3,-0.26,800,2026/09/09
2086,2086,471A,ＮＳグループ(株),東証PRM,"1,533",-4,-0.26,"181,400",2026/09/09
2087,2087,5984,兼房(株),東証STD,778,-2,-0.26,"4,200",2026/09/09
2088,2088,7989,立川ブラインド工業(株),東証PRM,"2,653",-7,-0.26,"28,100",2026/09/09
2089,2089,9765,(株)オオバ,東証PRM,"1,172",-3,-0.26,"1,600",2026/09/09
2090,2090,205A,(株)ロゴスホールディングス,東証GRT,"1,625",-4,-0.25,"21,900",2026/09/09
2091,2091,2331,ＡＬＳＯＫ(株),東証PRM,"1,193.5",-3,-0.25,"1,100,300",2026/09/09
2092,2092,2429,(株)ワールドホールディングス,東証PRM,"2,748",-7,-0.25,"41,700",2026/09/09
2093,2093,3296,日本リート投資法人,東証,"80,700",-200,-0.25,"3,882",2026/09/09
2094,2094,3297,(株)東武住販,東証STD,"1,179",-3,-0.25,"1,200",2026/09/09
2095,2095,3392,デリカフーズホールディングス(株),東証STD,810,-2,-0.25,"11,800",2026/09/09
2096,2096,3726,(株)フォーシーズＨＤ,東証STD,402,-1,-0.25,"6,400",2026/09/09
2097,2097,4442,バルテス・ホールディングス(株),東証GRT,399,-1,-0.25,"24,300",2026/09/09
2098,2098,453A,iシェアーズ 米国債20年超プレミアムインカム,東証ETF,731,-1.8,-0.25,"116,890",2026/09/09
2099,2099,4809,パラカ(株),東証PRM,"2,011",-5,-0.25,"19,200",2026/09/09
2100,2100,5965,(株)フジマック,東証STD,"1,198",-3,-0.25,"11,400",2026/09/09
2101,2101,6382,トリニティ工業(株),東証STD,"1,219",-3,-0.25,"10,700",2026/09/09
2102,2102,6546,フルテック(株),東証STD,"1,180",-3,-0.25,900,2026/09/09
2103,2103,7140,ペットゴー(株),東証GRT,800,-2,-0.25,"1,100",2026/09/09
2104,2104,7271,(株)安永,東証STD,801,-2,-0.25,"52,300",2026/09/09
2105,2105,8032,日本紙パルプ商事(株),東証PRM,"1,205",-3,-0.25,"173,700",2026/09/09
2106,2106,8089,ナイス(株),東証STD,"2,000",-5,-0.25,"1,300",2026/09/09
2107,2107,8551,(株)北日本銀行,東証PRM,"8,050",-20,-0.25,"34,400",2026/09/09
2108,2108,8935,(株)ＦＪネクストホールディングス,東証PRM,"1,965",-5,-0.25,"58,500",2026/09/09
2109,2109,9511,沖縄電力(株),東証PRM,"1,194",-3,-0.25,"218,200",2026/09/09
2110,2110,9791,(株)ビケンテクノ,東証STD,"1,185",-3,-0.25,600,2026/09/09
2111,2111,1321,(NEXT FUNDS)日経225連動型上場投信,東証ETF,"67,350",-160,-0.24,"196,082",2026/09/09
2112,2112,1499,MAXIS 日本株高配当70マーケットニュートラル,東証ETF,"9,391",-23,-0.24,15,2026/09/09
2113,2113,1568,TOPIXブル2倍上場投信,東証ETF,974.6,-2.3,-0.24,"1,453,520",2026/09/09
2114,2114,1960,(株)サンテック,東証STD,"1,689",-4,-0.24,"19,500",2026/09/09
2115,2115,281A,インフォメティス(株),東証GRT,419,-1,-0.24,"32,000",2026/09/09
2116,2116,2846,(NEXT FUNDS) ダウ・ジョーンズ工業株30種(H有),東証ETF,"2,544",-6,-0.24,"9,977",2026/09/09
2117,2117,3183,ウイン・パートナーズ(株),東証PRM,"1,250",-3,-0.24,"15,800",2026/09/09
2118,2118,6104,芝浦機械(株),東証PRM,"4,215",-10,-0.24,"152,800",2026/09/09
2119,2119,6458,新晃工業(株),東証PRM,"1,229",-3,-0.24,"189,900",2026/09/09
2120,2120,7775,大研医器(株),東証STD,424,-1,-0.24,"16,600",2026/09/09
2121,2121,7791,ドリームベッド(株),東証STD,827,-2,-0.24,"1,300",2026/09/09
2122,2122,8923,トーセイ(株),東証PRM,"1,695",-4,-0.24,"112,500",2026/09/09
2123,2123,2983,(株)アールプランナー,東証GRT,"1,728",-4,-0.23,"27,500",2026/09/09
2124,2124,3694,(株)オプティム,東証PRM,428,-1,-0.23,"118,500",2026/09/09
2125,2125,3815,(株)メディア工房,東証GRT,428,-1,-0.23,"2,400",2026/09/09
2126,2126,3904,(株)カヤック,東証GRT,425,-1,-0.23,"6,000",2026/09/09
2127,2127,4396,(株)システムサポートホールディングス,東証PRM,"1,329",-3,-0.23,"60,500",2026/09/09
2128,2128,539A,NZAM 上場投信 海外債券(FTSE WGBI除く日本)(H無),東証ETF,"4,772",-11,-0.23,60,2026/09/09
2129,2129,7674,(株)ＮＡＴＴＹ　ＳＷＡＮＫＹホールディングス,東証GRT,"2,620",-6,-0.23,"1,600",2026/09/09
2130,2130,7689,(株)コパ・コーポレーション,東証GRT,435,-1,-0.23,"80,400",2026/09/09
2131,2131,8117,中央自動車工業(株),東証STD,"2,134",-5,-0.23,"2,431,700",2026/09/09
2132,2132,8158,ソーダニッカ(株),東証PRM,"1,302",-3,-0.23,"41,200",2026/09/09
2133,2133,9380,東海運(株),東証STD,436,-1,-0.23,"11,700",2026/09/09
2134,2134,9698,(株)クレオ,東証STD,"1,299",-3,-0.23,300,2026/09/09
2135,2135,1475,iシェアーズ・コア TOPIX ETF,東証ETF,414.9,-0.9,-0.22,"6,362,480",2026/09/09
2136,2136,1498,One ETF ESG,東証ETF,"32,230",-70,-0.22,38,2026/09/09
2137,2137,180A,GX 超長期米国債,東証ETF,270.9,-0.6,-0.22,"39,180",2026/09/09
2138,2138,314A,iシェアーズ ゴールド ETF,東証ETF,319.5,-0.7,-0.22,"2,032,990",2026/09/09
2139,2139,3260,(株)エスポア,名証NXT,446,-1,-0.22,"6,500",2026/09/09
2140,2140,3407,旭化成(株),東証PRM,"1,567",-3.5,-0.22,"6,158,100",2026/09/09
2141,2141,3504,(株)丸八ホールディングス,名証MN,"1,378",-3,-0.22,"2,000",2026/09/09
2142,2142,3744,サイオス(株),東証STD,455,-1,-0.22,"34,500",2026/09/09
2143,2143,4284,(株)ソルクシーズ,東証STD,445,-1,-0.22,"15,300",2026/09/09
2144,2144,530A,NZAM 上場投信 東証REIT指数(2・5・8・11月決算型),東証ETF,"1,786",-4,-0.22,"17,036",2026/09/09
2145,2145,534A,NZAM 上場投信 NASDAQ100(H無),東証ETF,"2,308",-5,-0.22,393,2026/09/09
2146,2146,5609,日本鋳造(株),東証STD,910,-2,-0.22,"1,400",2026/09/09
2147,2147,6091,(株)ウエスコホールディングス,東証STD,889,-2,-0.22,"7,100",2026/09/09
2148,2148,6222,(株)島精機製作所,東証PRM,921,-2,-0.22,"112,800",2026/09/09
2149,2149,7039,ブリッジインターナショナルグループ(株),東証GRT,"1,368",-3,-0.22,"4,600",2026/09/09
2150,2150,9414,日本ＢＳ放送(株),東証STD,904,-2,-0.22,"20,800",2026/09/09
2151,2151,1369,One ETF 日経225,東証ETF,"65,510",-140,-0.21,"4,326",2026/09/09
2152,2152,1551,東証スタンダードTOP20,東証ETF,"7,054",-15,-0.21,330,2026/09/09
2153,2153,1869,名工建設(株),名証MN,"1,903",-4,-0.21,"2,200",2026/09/09
2154,2154,2986,(株)ＬＡホールディングス,東証GRT,"2,797",-6,-0.21,"134,200",2026/09/09
2155,2155,4444,(株)インフォネット,東証GRT,944,-2,-0.21,"1,500",2026/09/09
2156,2156,6794,フォスター電機(株),東証PRM,"2,896",-6,-0.21,"181,600",2026/09/09
2157,2157,7345,(株)アイ・パートナーズフィナンシャル,東証GRT,941,-2,-0.21,200,2026/09/09
2158,2158,7625,(株)グローバルダイニング,東証STD,469,-1,-0.21,"10,800",2026/09/09
2159,2159,7730,マニー(株),東証PRM,"1,441",-3,-0.21,"313,900",2026/09/09
2160,2160,7965,象印マホービン(株),東証PRM,"1,445",-3,-0.21,"112,400",2026/09/09
2161,2161,8850,スターツコーポレーション(株),東証PRM,"4,670",-10,-0.21,"49,500",2026/09/09
2162,2162,9359,伊勢湾海運(株),名証MN,948,-2,-0.21,"3,600",2026/09/09
2163,2163,1904,大成温調(株),東証STD,"5,050",-10,-0.2,"4,600",2026/09/09
2164,2164,2041,NEXT NOTES NYダウ･ベア･ドルヘッジ ETN,東証ETF,"1,952",-4,-0.2,"4,754",2026/09/09
2165,2165,2096,GX オフィス・J-REIT,東証ETF,990,-2,-0.2,"1,098",2026/09/09
2166,2166,2217,モロゾフ(株),東証PRM,"1,485",-3,-0.2,"20,200",2026/09/09
2167,2167,2254,GX チャイナEV&バッテリー,東証ETF,990,-2,-0.2,"13,289",2026/09/09
2168,2168,3082,(株)きちりホールディングス,東証STD,977,-2,-0.2,"3,800",2026/09/09
2169,2169,3156,(株)レスター,東証PRM,"5,060",-10,-0.2,"73,800",2026/09/09
2170,2170,3538,(株)ウイルプラスホールディングス,東証STD,"1,005",-2,-0.2,"6,900",2026/09/09
2171,2171,3557,ユナイテッド＆コレクティブ(株),東証GRT,511,-1,-0.2,"3,000",2026/09/09
2172,2172,3641,(株)パピレス,東証STD,986,-2,-0.2,"6,800",2026/09/09
2173,2173,3931,(株)バリューゴルフ,東証GRT,"1,501",-3,-0.2,"1,200",2026/09/09
2174,2174,4015,ペイクラウドホールディングス(株),東証GRT,510,-1,-0.2,"10,000",2026/09/09
2175,2175,5015,ビーピー・カストロール(株),東証STD,999,-2,-0.2,"4,800",2026/09/09
2176,2176,6111,旭精機工業(株),名証MN,"1,998",-4,-0.2,600,2026/09/09
2177,2177,6158,(株)和井田製作所,東証STD,"1,021",-2,-0.2,"2,000",2026/09/09
2178,2178,6629,テクノホライゾン(株),東証STD,976,-2,-0.2,"124,900",2026/09/09
2179,2179,7255,(株)桜井製作所,東証STD,501,-1,-0.2,"3,800",2026/09/09
2180,2180,7485,岡谷鋼機(株),名証PRM,"5,030",-10,-0.2,"5,100",2026/09/09
2181,2181,75505,（株）ゼンショーホールディングス第1回社債型種類株式,東証PRM,"4,915",-10,-0.2,"5,300",2026/09/09
2182,2182,8046,丸藤シートパイル(株),東証STD,984,-2,-0.2,"15,800",2026/09/09
2183,2183,9023,東京地下鉄(株),東証PRM,"1,526",-3,-0.2,"2,249,100",2026/09/09
2184,2184,92015,日本航空（株）第１回社債型種類株式,東証PRM,"10,150",-20,-0.2,"4,600",2026/09/09
2185,2185,9369,(株)キユーソー流通システム,東証STD,"2,950",-6,-0.2,"29,000",2026/09/09
2186,2186,9761,東海リース(株),東証STD,"2,450",-5,-0.2,"13,100",2026/09/09
2187,2187,1306,(NEXT FUNDS)TOPIX連動型上場投信,東証ETF,421.4,-0.8,-0.19,"8,271,810",2026/09/09
2188,2188,159A,(NEXT FUNDS) JPXプライム150指数連動型上場投信,東証ETF,728.6,-1.4,-0.19,"96,280",2026/09/09
2189,2189,2011,SMDAM Active ETF 日本高配当株式,東証ETF,844.6,-1.6,-0.19,"74,240",2026/09/09
2190,2190,2378,(株)ルネサンス,東証PRM,"1,043",-2,-0.19,"23,000",2026/09/09
2191,2191,2515,(NEXT FUNDS)外国REIT･S&P先進国REIT(除く日本・H無),東証ETF,"1,575",-3,-0.19,"36,299",2026/09/09
2192,2192,2843,上場インデックスファンド豪州国債(H有),東証ETF,"3,634",-7,-0.19,"1,741",2026/09/09
2193,2193,2859,(NEXT FUNDS) ユーロ・ストックス50(H有),東証ETF,"3,205",-6,-0.19,"1,791",2026/09/09
2194,2194,3418,(株)バルニバービ,東証GRT,"1,046",-2,-0.19,"8,700",2026/09/09
2195,2195,3420,(株)ケー・エフ・シー,東証STD,"1,574",-3,-0.19,"1,300",2026/09/09
2196,2196,549A,ヒトトヒトホールディングス(株),東証STD,516,-1,-0.19,"79,900",2026/09/09
2197,2197,6074,(株)ジェイエスエス,東証STD,512,-1,-0.19,"4,300",2026/09/09
2198,2198,6412,(株)平和,東証PRM,"2,134",-4,-0.19,"266,900",2026/09/09
2199,2199,6485,前澤給装工業(株),東証STD,"1,607",-3,-0.19,"15,400",2026/09/09
2200,2200,6654,不二電機工業(株),東証STD,"1,075",-2,-0.19,"3,700",2026/09/09
2201,2201,7067,ブランディングテクノロジー(株),東証GRT,"1,050",-2,-0.19,100,2026/09/09
2202,2202,8095,アステナホールディングス(株),東証PRM,518,-1,-0.19,"63,100",2026/09/09
2203,2203,8101,(株)ＧＳＩクレオス,東証PRM,"2,605",-5,-0.19,"26,500",2026/09/09
2204,2204,9769,(株)学究社,東証PRM,"2,560",-5,-0.19,"11,500",2026/09/09
2205,2205,9987,(株)スズケン,東証PRM,"5,177",-10,-0.19,"180,200",2026/09/09
2206,2206,1483,iシェアーズ JPX/S&P 設備･人材投資ETF,東証ETF,"3,815",-7,-0.18,9,2026/09/09
2207,2207,1795,(株)マサル,東証STD,"5,700",-10,-0.18,200,2026/09/09
2208,2208,1826,佐田建設(株),東証STD,"1,084",-2,-0.18,"7,900",2026/09/09
2209,2209,2288,丸大食品(株),東証PRM,"2,250",-4,-0.18,"135,800",2026/09/09
2210,2210,2527,NZAM 上場投信 東証REIT Core指数,東証ETF,"1,083",-2,-0.18,"17,353",2026/09/09
2211,2211,287A,黒田グループ(株),東証STD,"1,136",-2,-0.18,"363,600",2026/09/09
2212,2212,372A,(株)レント,東証STD,"5,530",-10,-0.18,"5,400",2026/09/09
2213,2213,3934,(株)ベネフィットジャパン,東証STD,"2,276",-4,-0.18,600,2026/09/09
2214,2214,4204,積水化学工業(株),東証PRM,"2,499.5",-4.5,-0.18,"1,535,600",2026/09/09
2215,2215,486A,(NEXT FUNDS) ユーロ・ストックス50(H無),東証ETF,"2,169",-4,-0.18,"11,111",2026/09/09
2216,2216,5013,(株)ユシロ,東証STD,"2,814",-5,-0.18,"34,900",2026/09/09
2217,2217,566A,iFreeETF ブルームバーグ日本株(除く金融)高配当50,東証ETF,"2,272",-4,-0.18,515,2026/09/09
2218,2218,6094,(株)フリークアウト・ホールディングス,東証GRT,549,-1,-0.18,"62,100",2026/09/09
2219,2219,7214,ＧＭＢ(株),東証STD,"1,112",-2,-0.18,"2,300",2026/09/09
2220,2220,7425,初穂商事(株),東証STD,"1,118",-2,-0.18,900,2026/09/09
2221,2221,7808,(株)シー・エス・ランバー,東証STD,"2,771",-5,-0.18,"1,500",2026/09/09
2222,2222,8291,日産東京販売ホールディングス(株),東証STD,545,-1,-0.18,"141,500",2026/09/09
2223,2223,9249,日本エコシステム(株),東証STD,"1,675",-3,-0.18,"4,900",2026/09/09
2224,2224,1925,大和ハウス工業(株),東証PRM,"4,631",-8,-0.17,"1,988,200",2026/09/09
2225,2225,2169,ＣＤＳ(株),東証STD,"1,732",-3,-0.17,"2,000",2026/09/09
2226,2226,3241,(株)ウィル,東証STD,600,-1,-0.17,"23,300",2026/09/09
2227,2227,3391,(株)ツルハホールディングス,東証PRM,"2,337",-4,-0.17,"1,771,000",2026/09/09
2228,2228,3663,(株)セルシス,東証PRM,"1,765",-3,-0.17,"153,300",2026/09/09
2229,2229,3918,ＰＣＩホールディングス(株),東証STD,"1,169",-2,-0.17,"7,500",2026/09/09
2230,2230,4998,フマキラー(株),東証STD,"1,170",-2,-0.17,"8,900",2026/09/09
2231,2231,5576,(株)オービーシステム,東証STD,"3,015",-5,-0.17,500,2026/09/09
2232,2232,6339,新東工業(株),東証PRM,"1,149",-2,-0.17,"183,600",2026/09/09
2233,2233,6469,(株)放電精密加工研究所,東証STD,"2,864",-5,-0.17,"69,800",2026/09/09
2234,2234,6612,バルミューダ(株),東証GRT,598,-1,-0.17,"1,600",2026/09/09
2235,2235,7914,共同印刷(株),東証PRM,"1,727",-3,-0.17,"42,400",2026/09/09
2236,2236,8591,オリックス(株),東証PRM,"6,021",-10,-0.17,"3,462,100",2026/09/09
2237,2237,9145,(株)ビーイングホールディングス,東証STD,588,-1,-0.17,"8,400",2026/09/09
2238,2238,9902,(株)日伝,東証PRM,"3,020",-5,-0.17,"40,400",2026/09/09
2239,2239,1420,サンヨーホームズ(株),東証STD,631,-1,-0.16,"12,700",2026/09/09
2240,2240,1563,東証グロース･コア,東証ETF,"2,476",-4,-0.16,"14,285",2026/09/09
2241,2241,2221,岩塚製菓(株),東証STD,"3,065",-5,-0.16,"1,500",2026/09/09
2242,2242,2428,ウェルネット(株),東証STD,629,-1,-0.16,"30,200",2026/09/09
2243,2243,2564,GX MSCIスーパーディビィデンド-日本株式,東証ETF,"3,632",-6,-0.16,"8,383",2026/09/09
2244,2244,3482,ロードスターキャピタル(株),東証PRM,"2,516",-4,-0.16,"102,200",2026/09/09
2245,2245,4534,持田製薬(株),東証PRM,"3,180",-5,-0.16,"33,700",2026/09/09
2246,2246,5408,(株)中山製鋼所,東証PRM,639,-1,-0.16,"126,300",2026/09/09
2247,2247,6677,(株)エスケーエレクトロニクス,東証STD,"3,170",-5,-0.16,"140,400",2026/09/09
2248,2248,7600,(株)日本エム・ディ・エム,東証PRM,623,-1,-0.16,"567,000",2026/09/09
2249,2249,7872,エステールホールディングス(株),東証STD,616,-1,-0.16,"2,900",2026/09/09
2250,2250,7988,(株)ニフコ,東証PRM,"4,921",-8,-0.16,"240,100",2026/09/09
2251,2251,8081,(株)カナデン,東証PRM,"2,437",-4,-0.16,"43,600",2026/09/09
2252,2252,8174,日本瓦斯(株),東証PRM,"3,076",-5,-0.16,"339,900",2026/09/09
2253,2253,8697,(株)日本取引所グループ,東証PRM,"2,200",-3.5,-0.16,"3,653,600",2026/09/09
2254,2254,9341,(株)ＧＥＮＯＶＡ,東証PRM,611,-1,-0.16,"51,300",2026/09/09
2255,2255,9706,日本空港ビルデング(株),東証PRM,"5,590",-9,-0.16,"4,594,900",2026/09/09
2256,2256,3066,(株)ＪＢイレブン,名証MN,645,-1,-0.15,"4,800",2026/09/09
2257,2257,3161,アゼアス(株),東証STD,664,-1,-0.15,"1,600",2026/09/09
2258,2258,3167,(株)ＴＯＫＡＩホールディングス,東証PRM,"1,327",-2,-0.15,"302,300",2026/09/09
2259,2259,3320,クロスプラス(株),東証STD,"1,296",-2,-0.15,"6,500",2026/09/09
2260,2260,3326,(株)ランシステム,東証STD,650,-1,-0.15,"2,800",2026/09/09
2261,2261,3388,明治電機工業(株),東証PRM,"2,060",-3,-0.15,"28,300",2026/09/09
2262,2262,3472,日本ホテル＆レジデンシャル投資法人,東証,"65,700",-100,-0.15,979,2026/09/09
2263,2263,4559,ゼリア新薬工業(株),東証PRM,"1,977",-3,-0.15,"105,700",2026/09/09
2264,2264,6565,ＡＢホテル(株),名証MN,"1,295",-2,-0.15,"1,000",2026/09/09
2265,2265,6763,帝国通信工業(株),東証PRM,"2,752",-4,-0.15,"11,500",2026/09/09
2266,2266,6771,池上通信機(株),東証STD,662,-1,-0.15,"4,400",2026/09/09
2267,2267,9082,大和自動車交通(株),東証STD,"2,037",-3,-0.15,"1,400",2026/09/09
2268,2268,9558,ジャパニアス(株),東証GRT,"1,984",-3,-0.15,"1,500",2026/09/09
2269,2269,1417,(株)ミライト・ワン,東証PRM,"3,540",-5,-0.14,"170,800",2026/09/09
2270,2270,150A,(株)ＪＳＨ,東証GRT,706,-1,-0.14,"364,900",2026/09/09
2271,2271,2257,iシェアーズ 米ドル建て投資適格社債,東証ETF,213,-0.3,-0.14,"7,190",2026/09/09
2272,2272,2554,(NEXT FUNDS)米国投資適格社債(1-10年)(H有),東証ETF,737,-1,-0.14,730,2026/09/09
2273,2273,3441,(株)山王,東証STD,"2,771",-4,-0.14,"34,200",2026/09/09
2274,2274,4691,ワシントンホテル(株),東証STD,"2,192",-3,-0.14,"46,900",2026/09/09
2275,2275,4763,(株)クリーク・アンド・リバー社,東証PRM,"1,451",-2,-0.14,"46,100",2026/09/09
2276,2276,5572,(株)Ｒｉｄｇｅ－ｉ,東証GRT,"2,830",-4,-0.14,"37,700",2026/09/09
2277,2277,5644,(株)メタルアート,東証STD,"7,220",-10,-0.14,"3,500",2026/09/09
2278,2278,5816,オーナンバ(株),東証STD,"1,438",-2,-0.14,"12,700",2026/09/09
2279,2279,6025,日本ＰＣサービス(株),名証NXT,689,-1,-0.14,100,2026/09/09
2280,2280,7112,(株)キューブ,東証GRT,695,-1,-0.14,"1,800",2026/09/09
2281,2281,7792,(株)コラントッテ,東証GRT,"1,476",-2,-0.14,"3,100",2026/09/09
2282,2282,9793,(株)ダイセキ,東証PRM,"3,625",-5,-0.14,"63,700",2026/09/09
2283,2283,146A,コロンビア・ワークス(株),東証STD,"3,755",-5,-0.13,"82,900",2026/09/09
2284,2284,1550,MAXIS 海外株式(MSCIコクサイ)上場投信,東証ETF,"7,900",-10,-0.13,"1,964",2026/09/09
2285,2285,1898,世紀東急工業(株),東証PRM,"1,490",-2,-0.13,"129,000",2026/09/09
2286,2286,221A,MAXIS 日経半導体株上場投信,東証ETF,"1,143.5",-1.5,-0.13,"79,480",2026/09/09
2287,2287,2519,(NEXT FUNDS)新興国債券･J.P.M･EM･プラス(H無),東証ETF,"1,122",-1.5,-0.13,530,2026/09/09
2288,2288,3492,MIRARTH不動産投資法人,東証,"78,400",-100,-0.13,"6,871",2026/09/09
2289,2289,3953,大村紙業(株),東証STD,790,-1,-0.13,"1,700",2026/09/09
2290,2290,4612,日本ペイントホールディングス(株),東証PRM,"1,113.5",-1.5,-0.13,"2,904,500",2026/09/09
2291,2291,4680,(株)ラウンドワン,東証PRM,"1,196.5",-1.5,-0.13,"2,675,400",2026/09/09
2292,2292,5391,(株)エーアンドエーマテリアル,東証STD,"1,484",-2,-0.13,"7,500",2026/09/09
2293,2293,5901,東洋製罐グループホールディングス(株),東証PRM,"4,502",-6,-0.13,"219,300",2026/09/09
2294,2294,6272,レオン自動機(株),東証PRM,"1,498",-2,-0.13,"47,100",2026/09/09
2295,2295,6988,日東電工(株),東証PRM,"3,175",-4,-0.13,"4,436,100",2026/09/09
2296,2296,7185,ヒロセ通商(株),東証STD,"3,940",-5,-0.13,"4,500",2026/09/09
2297,2297,7265,エイケン工業(株),東証STD,"3,700",-5,-0.13,"1,500",2026/09/09
2298,2298,7715,長野計器(株),東証PRM,"3,900",-5,-0.13,"62,800",2026/09/09
2299,2299,9006,京浜急行電鉄(株),東証PRM,"1,559.5",-2,-0.13,"813,600",2026/09/09
2300,2300,9035,第一交通産業(株),福証,741,-1,-0.13,"2,900",2026/09/09
2301,2301,1348,MAXIS トピックス上場投信,東証ETF,"4,217",-5,-0.12,"33,276",2026/09/09
2302,2302,1692,WisdomTree アルミニウム上場投信,東証ETF,679.2,-0.8,-0.12,"2,400",2026/09/09
2303,2303,2093,上場Tracers 米国債0-2年ラダー(H無),東証ETF,"5,100",-6,-0.12,599,2026/09/09
2304,2304,245A,(株)ＩＮＧＳ,東証GRT,"2,507",-3,-0.12,900,2026/09/09
2305,2305,2524,NZAM 上場投信 TOPIX,東証ETF,"4,142",-5,-0.12,"106,254",2026/09/09
2306,2306,2573,北海道コカ・コーラボトリング(株),東証STD,"4,050",-5,-0.12,"2,700",2026/09/09
2307,2307,2630,MAXIS 米国株式(S&P500)上場投信(H有),東証ETF,"16,080",-20,-0.12,"13,107",2026/09/09
2308,2308,2841,iFreeETF NASDAQ100(H有),東証ETF,"1,696",-2,-0.12,"216,193",2026/09/09
2309,2309,4020,ビートレンド(株),東証GRT,835,-1,-0.12,400,2026/09/09
2310,2310,414A,(株)オーバーラップホールディングス,東証GRT,848,-1,-0.12,"84,300",2026/09/09
2311,2311,4420,イーソル(株),東証STD,823,-1,-0.12,"214,400",2026/09/09
2312,2312,469A,(株)フィットクルー,東証GRT,"1,645",-2,-0.12,"2,100",2026/09/09
2313,2313,6033,(株)エクストリーム,東証GRT,"1,691",-2,-0.12,"24,800",2026/09/09
2314,2314,6656,インスペック(株),東証STD,813,-1,-0.12,"19,600",2026/09/09
2315,2315,7287,日本精機(株),東証STD,"2,567",-3,-0.12,"184,100",2026/09/09
2316,2316,7846,(株)パイロットコーポレーション,東証PRM,"2,024.5",-2.5,-0.12,"289,700",2026/09/09
2317,2317,8022,ミズノ(株),東証PRM,"4,040",-5,-0.12,"545,300",2026/09/09
2318,2318,2016,iFreeETF 米国国債7-10年(H有),東証ETF,"1,739",-2,-0.11,342,2026/09/09
2319,2319,2186,ソーバル(株),東証STD,902,-1,-0.11,"10,200",2026/09/09
2320,2320,223A,GX AI&ビッグデータ,東証ETF,"1,763",-2,-0.11,"7,776",2026/09/09
2321,2321,2259,iシェアーズ フランス国債7-10年(H有),東証ETF,177.9,-0.2,-0.11,"1,630",2026/09/09
2322,2322,25935,(株)伊藤園第1種優先株式,東証PRM,"1,802",-2,-0.11,"7,800",2026/09/09
2323,2323,2818,(株)ピエトロ,東証STD,"1,760",-2,-0.11,"2,800",2026/09/09
2324,2324,3248,(株)アールエイジ,東証STD,888,-1,-0.11,600,2026/09/09
2325,2325,3469,(株)デュアルタップ,東証STD,894,-1,-0.11,"1,000",2026/09/09
2326,2326,3691,(株)デジタルプラス,東証GRT,"1,864",-2,-0.11,"12,500",2026/09/09
2327,2327,3965,(株)キャピタル・アセット・プランニング,東証STD,900,-1,-0.11,"5,700",2026/09/09
2328,2328,489A,東証REIT物流フォーカスETF,東証ETF,872,-1,-0.11,15,2026/09/09
2329,2329,6336,(株)石井表記,東証STD,"1,891",-2,-0.11,"50,200",2026/09/09
2330,2330,6360,(株)東京自働機械製作所,東証STD,"4,655",-5,-0.11,"1,100",2026/09/09
2331,2331,6361,荏原,東証PRM,"4,392",-5,-0.11,"2,456,600",2026/09/09
2332,2332,7701,(株)島津製作所,東証PRM,"3,762",-4,-0.11,"1,141,300",2026/09/09
2333,2333,8079,正栄食品工業(株),東証PRM,"4,535",-5,-0.11,"28,900",2026/09/09
2334,2334,9534,北海道ガス(株),東証PRM,940,-1,-0.11,"304,800",2026/09/09
2335,2335,9619,(株)イチネンホールディングス,東証PRM,"2,675",-3,-0.11,"37,200",2026/09/09
2336,2336,133A,GX 超短期米国債,東証ETF,"1,039",-1,-0.1,"97,950",2026/09/09
2337,2337,2563,iシェアーズ S&P500 米国株 ETF(H有),東証ETF,405.3,-0.4,-0.1,"48,300",2026/09/09
2338,2338,258A,SMT ETF国内リート厳選投資アクティブ,東証ETF,"2,033",-2,-0.1,10,2026/09/09
2339,2339,2623,iシェアーズ ユーロ建て投資適格社債(H有),東証ETF,"1,923",-2,-0.1,"10,937",2026/09/09
2340,2340,2883,(株)大冷,東証STD,"2,042",-2,-0.1,"3,400",2026/09/09
2341,2341,3109,シキボウ(株),東証PRM,"1,043",-1,-0.1,"58,300",2026/09/09
2342,2342,3140,ＢＲＵＮＯ(株),東証GRT,"1,016",-1,-0.1,"4,100",2026/09/09
2343,2343,3529,アツギ(株),東証STD,992,-1,-0.1,"8,600",2026/09/09
2344,2344,3800,(株)ユニリタ,東証STD,"1,977",-2,-0.1,200,2026/09/09
2345,2345,4628,エスケー化研(株),東証STD,"9,690",-10,-0.1,"14,700",2026/09/09
2346,2346,4644,イマジニア(株),東証STD,"1,050",-1,-0.1,"13,600",2026/09/09
2347,2347,5078,(株)セレコーポレーション,東証STD,"4,760",-5,-0.1,100,2026/09/09
2348,2348,6294,オカダアイヨン(株),東証PRM,"1,957",-2,-0.1,"18,200",2026/09/09
2349,2349,7619,田中商事(株),東証STD,967,-1,-0.1,"1,700",2026/09/09
2350,2350,8181,(株)東天紅,東証STD,990,-1,-0.1,"7,500",2026/09/09
2351,2351,9306,東陽倉庫(株),東証STD,"1,995",-2,-0.1,"3,900",2026/09/09
2352,2352,9850,(株)グルメ杵屋,東証PRM,985,-1,-0.1,"26,900",2026/09/09
2353,2353,1478,iシェアーズ MSCI ジャパン高配当利回り ETF,東証ETF,"5,280",-5,-0.09,"12,807",2026/09/09
2354,2354,1939,(株)四電工,東証PRM,"2,315",-2,-0.09,"80,400",2026/09/09
2355,2355,2971,エスコンジャパンリート投資法人,東証,"106,900",-100,-0.09,921,2026/09/09
2356,2356,3024,クリエイト(株),東証STD,"1,165",-1,-0.09,"1,000",2026/09/09
2357,2357,3172,ティーライフ(株),東証STD,"1,119",-1,-0.09,"2,700",2026/09/09
2358,2358,3463,いちごホテルリート投資法人,東証,"110,700",-100,-0.09,664,2026/09/09
2359,2359,3648,ＡＧＳ(株),東証STD,"1,062",-1,-0.09,"3,800",2026/09/09
2360,2360,3799,キーウェアソリューションズ(株),東証STD,"1,130",-1,-0.09,"3,600",2026/09/09
2361,2361,4251,恵和(株),東証PRM,"1,150",-1,-0.09,"128,200",2026/09/09
2362,2362,4410,ハリマ化成グループ(株),東証PRM,"1,081",-1,-0.09,"26,800",2026/09/09
2363,2363,4450,(株)パワーソリューションズ,東証GRT,"2,341",-2,-0.09,700,2026/09/09
2364,2364,6149,(株)小田原エンジニアリング,東証STD,"2,215",-2,-0.09,"4,100",2026/09/09
2365,2365,9233,アジア航測(株),東証STD,"1,156",-1,-0.09,"6,200",2026/09/09
2366,2366,9979,(株)大庄,東証STD,"1,054",-1,-0.09,"36,100",2026/09/09
2367,2367,1474,One ETF JPX日経400,東証ETF,"36,860",-30,-0.08,385,2026/09/09
2368,2368,1578,上場インデックスファンド日経225(ミニ),東証ETF,"5,204",-4,-0.08,840,2026/09/09
2369,2369,163A,半導体フォーカス日本株(ネットリターン)ETN,東証ETF,"18,675",-15,-0.08,"4,140",2026/09/09
2370,2370,3360,シップヘルスケアホールディングス(株),東証PRM,"2,383",-2,-0.08,"220,500",2026/09/09
2371,2371,3434,(株)アルファ,東証STD,"1,243",-1,-0.08,"2,300",2026/09/09
2372,2372,3544,サツドラホールディングス(株),東証STD,"1,248",-1,-0.08,"4,500",2026/09/09
2373,2373,3733,(株)ソフトウェア・サービス,東証STD,"11,930",-10,-0.08,"2,600",2026/09/09
2374,2374,3943,大石産業(株),東証STD,"1,320",-1,-0.08,"1,900",2026/09/09
2375,2375,448A,ステート・ストリート・スパイダー ゴールド ETF(H有),東証ETF,263.8,-0.2,-0.08,"30,330",2026/09/09
2376,2376,4997,日本農薬(株),東証PRM,"1,199",-1,-0.08,"406,300",2026/09/09
2377,2377,6804,ホシデン(株),東証PRM,"2,540",-2,-0.08,"223,600",2026/09/09
2378,2378,7915,ＮＩＳＳＨＡ(株),東証PRM,"1,179",-1,-0.08,"252,300",2026/09/09
2379,2379,8931,和田興産(株),東証STD,"1,324",-1,-0.08,"7,100",2026/09/09
2380,2380,2060,フィード・ワン(株),東証PRM,"1,447",-1,-0.07,"80,700",2026/09/09
2381,2381,2293,滝沢ハム(株),東証STD,"2,701",-2,-0.07,600,2026/09/09
2382,2382,2816,(株)ダイショー,東証STD,"1,417",-1,-0.07,"2,400",2026/09/09
2383,2383,4462,石原ケミカル(株),東証PRM,"2,875",-2,-0.07,"24,400",2026/09/09
2384,2384,5071,(株)ヴィス,東証STD,"1,392",-1,-0.07,"5,800",2026/09/09
2385,2385,6073,(株)アサンテ,東証PRM,"1,520",-1,-0.07,"6,400",2026/09/09
2386,2386,6287,(株)サトー,東証PRM,"2,683",-2,-0.07,"107,000",2026/09/09
2387,2387,7513,(株)コジマ,東証PRM,"1,412",-1,-0.07,"173,000",2026/09/09
2388,2388,7683,(株)ダブルエー,東証PRM,"1,405",-1,-0.07,"11,300",2026/09/09
2389,2389,1595,NZAM 上場投信 東証REIT指数,東証ETF,"1,810",-1,-0.06,"20,539",2026/09/09
2390,2390,1625,(NEXT FUNDS)電機･精密上場投信,東証ETF,"61,960",-40,-0.06,370,2026/09/09
2391,2391,210A,iFreeETF 日経高利回りREIT指数,東証ETF,"1,546",-1,-0.06,"37,027",2026/09/09
2392,2392,2648,(NEXT FUNDS)ブルームバーグ米国国債(7-10年)(H有),東証ETF,"3,293",-2,-0.06,268,2026/09/09
2393,2393,2839,MAXIS 米国国債7-10年上場投信(H有),東証ETF,"4,937",-3,-0.06,"6,011",2026/09/09
2394,2394,2856,iシェアーズ 米国債3-7年 ETF(H有),東証ETF,643.9,-0.4,-0.06,"23,420",2026/09/09
2395,2395,3096,(株)オーシャンシステム,東証STD,"1,608",-1,-0.06,800,2026/09/09
2396,2396,3352,(株)バッファロー,東証STD,"1,794",-1,-0.06,600,2026/09/09
2397,2397,4320,(株)ＣＥホールディングス,東証STD,"1,647",-1,-0.06,"208,600",2026/09/09
2398,2398,443A,iFreeETF 東証REIT指数(2・5・8・11月決算型),東証ETF,"1,814",-1,-0.06,"72,020",2026/09/09
2399,2399,9007,小田急電鉄(株),東証PRM,"1,789.5",-1,-0.06,"1,633,300",2026/09/09
2400,2400,9991,ジェコス(株),東証PRM,"1,775",-1,-0.06,"22,700",2026/09/09
2401,2401,1807,(株)佐藤渡辺,東証STD,"1,946",-1,-0.05,300,2026/09/09
2402,2402,2790,(株)ナフコ,東証STD,"2,112",-1,-0.05,"5,400",2026/09/09
2403,2403,3329,東和フードサービス(株),東証STD,"2,141",-1,-0.05,"1,200",2026/09/09
2404,2404,6894,パルステック工業(株),東証STD,"2,149",-1,-0.05,500,2026/09/09
2405,2405,1697,WisdomTree 大豆上場投信,東証ETF,"4,774",-2,-0.04,180,2026/09/09
2406,2406,2175,(株)エス・エム・エス,東証PRM,"2,531",-1,-0.04,"487,300",2026/09/09
2407,2407,2842,iFreeETF NASDAQ100インバース,東証ETF,"12,175",-5,-0.04,"7,008",2026/09/09
2408,2408,4524,森下仁丹(株),東証STD,"2,243",-1,-0.04,200,2026/09/09
2409,2409,4549,栄研化学(株),東証PRM,"2,262",-1,-0.04,"250,200",2026/09/09
2410,2410,4771,(株)エフアンドエム,東証STD,"2,657",-1,-0.04,"13,700",2026/09/09
2411,2411,571A,iシェアーズ 日本国債1-3年,東証ETF,498.3,-0.2,-0.04,"6,930",2026/09/09
2412,2412,5902,ホッカンホールディングス(株),東証PRM,"2,665",-1,-0.04,"14,500",2026/09/09
2413,2413,6588,東芝テック(株),東証PRM,"2,800",-1,-0.04,"140,200",2026/09/09
2414,2414,7097,(株)さくらさくプラス,東証GRT,"2,748",-1,-0.04,"3,600",2026/09/09
2415,2415,9635,武蔵野興業(株),東証STD,"2,551",-1,-0.04,300,2026/09/09
2416,2416,6316,(株)丸山製作所,東証STD,"2,943",-1,-0.03,"2,700",2026/09/09
2417,2417,9353,櫻島埠頭(株),東証STD,"2,979",-1,-0.03,400,2026/09/09
2418,2418,1573,中国H株ベア上場投信,東証ETF,"8,018",-2,-0.02,70,2026/09/09
2419,2419,183A,MAXIS 米国国債20年超上場投信(H有),東証ETF,429,-0.1,-0.02,"4,000",2026/09/09
2420,2420,2607,不二製油(株),東証PRM,"4,395",-1,-0.02,"285,800",2026/09/09
2421,2421,5332,ＴＯＴＯ(株),東証PRM,"5,803",-1,-0.02,"1,043,500",2026/09/09
2422,2422,572A,iシェアーズ 日本国債3-7年,東証ETF,497.5,-0.1,-0.02,"5,190",2026/09/09
2423,2423,493A,One ETF 日本国債 1-3年,東証ETF,994.5,-0.1,-0.01,100,2026/09/09
2424,2424,570A,iシェアーズ 日本国債0-1年,東証ETF,901.6,-0.1,-0.01,"26,190",2026/09/09
2425,2425,94346,ソフトバンク(株)第2回社債型種類株式,東証PRM,"7,580",-1,-0.01,"3,100",2026/09/09
