順位(全市場),順位,コード,銘柄名,市場,現在値,前日比,騰落率(%),出来高,時刻
1,1,5103,昭和ホールディングス(株),東証STD,1,-2,-66.67,"5,433,200",2026/08/21
2,2,4392,ＦＩＧ(株),東証PRM,"1,132",-169,-12.99,"9,183,500",2026/08/21
3,3,4425,Ｋｕｄａｎ(株),東証GRT,"1,395",-201,-12.59,"907,100",2026/08/21
4,4,4597,ソレイジア・ファーマ(株),東証GRT,32,-4,-11.11,"48,812,600",2026/08/21
5,5,5240,ｍｏｎｏＡＩ　ｔｅｃｈｎｏｌｏｇｙ(株),東証GRT,218,-26,-10.66,"5,244,700",2026/08/21
6,6,6276,シリウスビジョン(株),東証STD,366,-39,-9.63,"409,900",2026/08/21
7,7,8995,(株)誠建設工業,東証STD,"1,543",-158,-9.29,"251,400",2026/08/21
8,8,4588,オンコリスバイオファーマ(株),東証GRT,"3,380",-340,-9.14,"1,674,500",2026/08/21
9,9,7376,ＢＣＣ(株),東証GRT,850,-77,-8.31,"114,200",2026/08/21
10,10,2334,(株)イオレ,東証GRT,508,-41,-7.47,"4,067,500",2026/08/21
11,11,3103,ユニチカ(株),東証STD,"1,410",-110,-7.24,"11,321,600",2026/08/21
12,12,7089,フォースタートアップス(株),東証GRT,"1,506",-117,-7.21,"80,400",2026/08/21
13,13,4563,アンジェス(株),東証GRT,39,-3,-7.14,"10,004,300",2026/08/21
14,14,9085,北海道中央バス(株),札証,"5,200",-390,-6.98,"1,100",2026/08/21
15,15,150A,(株)ＪＳＨ,東証GRT,746,-55,-6.87,"636,800",2026/08/21
16,16,6862,ミナトホールディングス(株),東証STD,"3,370",-245,-6.78,"382,000",2026/08/21
17,17,6327,北川精機(株),東証STD,"3,235",-235,-6.77,"449,000",2026/08/21
18,18,9166,(株)ＧＥＮＤＡ,東証GRT,748,-54,-6.73,"2,754,000",2026/08/21
19,19,3047,(株)ＴＲＵＣＫ－ＯＮＥ,福岡Q,990,-70,-6.6,300,2026/08/21
20,20,3449,(株)テクノフレックス,東証STD,"3,745",-260,-6.49,"180,400",2026/08/21
21,21,3672,(株)オルトプラス,東証STD,29,-2,-6.45,"2,538,100",2026/08/21
22,22,4169,ＥＮＥＣＨＡＮＧＥ(株),東証GRT,306,-21,-6.42,"1,555,400",2026/08/21
23,23,4593,(株)ヘリオス,東証GRT,270,-18,-6.25,"2,954,400",2026/08/21
24,24,6659,(株)メディアリンクス,東証STD,48,-3,-5.88,"2,411,700",2026/08/21
25,25,5574,(株)ＡＢＥＪＡ,東証GRT,"2,746",-164,-5.64,"108,300",2026/08/21
26,26,2160,(株)ジーエヌアイグループ,東証GRT,"2,786",-163,-5.53,"1,783,700",2026/08/21
27,27,3856,Ａｂａｌａｎｃｅ(株),東証STD,429,-25,-5.51,"485,100",2026/08/21
28,28,2656,(株)ベクターホールディングス,東証STD,189,-11,-5.5,"565,400",2026/08/21
29,29,275A,ハンワホームズ(株),名証NXT,365,-21,-5.44,500,2026/08/21
30,30,6492,岡野バルブ製造(株),東証STD,"13,830",-790,-5.4,"15,800",2026/08/21
31,31,6217,津田駒工業(株),東証STD,797,-44,-5.23,"157,000",2026/08/21
32,32,7018,内海造船(株),東証STD,"11,420",-590,-4.91,"32,100",2026/08/21
33,33,8746,ｕｎｂａｎｋｅｄ(株),東証STD,97,-5,-4.9,"204,900",2026/08/21
34,34,8050,セイコーグループ(株),東証PRM,"10,530",-540,-4.88,"581,300",2026/08/21
35,35,6016,(株)ジャパンエンジンコーポレーション,東証STD,"9,640",-490,-4.84,"217,400",2026/08/21
36,36,6235,(株)オプトラン,東証PRM,"2,674",-136,-4.84,"2,306,800",2026/08/21
37,37,4889,(株)レナサイエンス,東証GRT,"1,302",-66,-4.82,"420,600",2026/08/21
38,38,4499,(株)Ｓｐｅｅｅ,東証STD,"2,631",-133,-4.81,"163,100",2026/08/21
39,39,4368,扶桑化学工業(株),東証PRM,"3,075",-155,-4.8,"1,557,300",2026/08/21
40,40,4424,(株)Ａｍａｚｉａ,東証GRT,337,-17,-4.8,"161,600",2026/08/21
41,41,8798,(株)アドバンスクリエイト,東証PRM,140,-7,-4.76,"53,900",2026/08/21
42,42,9425,ＲｅＹｕｕ　Ｊａｐａｎ(株),東証STD,222,-11,-4.72,"842,100",2026/08/21
43,43,5631,(株)日本製鋼所,東証PRM,"7,410",-361,-4.65,"892,700",2026/08/21
44,44,584A,ＬｉＮＫＸ(株),東証GRT,"2,651",-129,-4.64,"90,900",2026/08/21
45,45,7936,(株)アシックス,東証PRM,"4,689",-228,-4.64,"6,469,500",2026/08/21
46,46,7409,ＡｅｒｏＥｄｇｅ(株),東証GRT,"1,366",-66,-4.61,"166,200",2026/08/21
47,47,264A,(株)Ｓｃｈｏｏ,東証GRT,333,-16,-4.58,"286,400",2026/08/21
48,48,6840,(株)ＡＫＩＢＡホールディングス,東証STD,732,-35,-4.56,"511,400",2026/08/21
49,49,7803,(株)ブシロード,東証GRT,401,-19,-4.52,"1,398,200",2026/08/21
50,50,5951,ダイニチ工業(株),東証STD,"1,252",-59,-4.5,"53,700",2026/08/21
51,51,4976,東洋ドライルーブ(株),東証STD,"1,471",-69,-4.48,"5,800",2026/08/21
52,52,4968,荒川化学工業(株),東証PRM,"2,214",-103,-4.45,"312,400",2026/08/21
53,53,6599,エブレン(株),東証STD,"3,185",-145,-4.35,100,2026/08/21
54,54,7685,(株)ＢｕｙＳｅｌｌ　Ｔｅｃｈｎｏｌｏｇｉｅｓ,東証GRT,"3,195",-145,-4.34,"419,400",2026/08/21
55,55,4052,フィーチャ(株),東証GRT,531,-24,-4.32,"164,400",2026/08/21
56,56,6269,三井海洋開発(株),東証PRM,"9,600",-430,-4.29,"900,300",2026/08/21
57,57,7564,(株)ワークマン,東証STD,"6,030",-270,-4.29,"555,900",2026/08/21
58,58,3933,チエル(株),東証STD,541,-24,-4.25,"12,600",2026/08/21
59,59,7859,(株)アルメディオ,東証STD,248,-11,-4.25,"124,000",2026/08/21
60,60,7035,ａｎｄ　ｆａｃｔｏｒｙ(株),東証STD,272,-12,-4.23,"177,400",2026/08/21
61,61,4966,上村工業(株),東証STD,"19,320",-850,-4.21,"93,300",2026/08/21
62,62,3260,(株)エスポア,名証NXT,640,-28,-4.19,"8,300",2026/08/21
63,63,7966,リンテック(株),東証PRM,"5,490",-240,-4.19,"1,507,000",2026/08/21
64,64,7034,(株)プロレド・パートナーズ,東証PRM,367,-16,-4.18,"58,600",2026/08/21
65,65,3907,シリコンスタジオ(株),東証STD,"1,746",-76,-4.17,"656,100",2026/08/21
66,66,6779,日本電波工業(株),東証PRM,"2,732",-119,-4.17,"778,300",2026/08/21
67,67,3909,(株)ショーケース,東証STD,185,-8,-4.15,"52,900",2026/08/21
68,68,4704,トレンドマイクロ(株),東証PRM,"5,472",-236,-4.13,"1,294,600",2026/08/21
69,69,6668,(株)アドテック　プラズマ　テクノロジー,東証STD,"3,445",-145,-4.04,"125,800",2026/08/21
70,70,3774,(株)インターネットイニシアティブ,東証PRM,"3,381",-140,-3.98,"941,000",2026/08/21
71,71,4971,メック(株),東証PRM,"6,760",-280,-3.98,"381,300",2026/08/21
72,72,5471,大同特殊鋼(株),東証PRM,"2,227",-92,-3.97,"1,011,300",2026/08/21
73,73,523A,(株)セイワホールディングス,東証GRT,"1,688",-69,-3.93,"272,000",2026/08/21
74,74,268A,リガク・ホールディングス(株),東証PRM,"1,701",-68,-3.84,"2,778,700",2026/08/21
75,75,3317,(株)フライングガーデン,東証STD,"1,433",-57,-3.83,"22,900",2026/08/21
76,76,3944,古林紙工(株),東証STD,"3,135",-125,-3.83,400,2026/08/21
77,77,4022,ラサ工業(株),東証PRM,"2,112",-84,-3.83,"920,300",2026/08/21
78,78,9930,北沢産業(株),東証STD,402,-16,-3.83,"6,800",2026/08/21
79,79,5967,ＴＯＮＥ(株),東証STD,454,-18,-3.81,"44,400",2026/08/21
80,80,6946,日本アビオニクス(株),東証STD,"5,350",-210,-3.78,"157,600",2026/08/21
81,81,9467,(株)アルファポリス,東証GRT,"1,225",-48,-3.77,"159,100",2026/08/21
82,82,3900,(株)クラウドワークス,東証GRT,677,-26,-3.7,"162,900",2026/08/21
83,83,9557,(株)エアークローゼット,東証GRT,210,-8,-3.67,"8,700",2026/08/21
84,84,4506,住友ファーマ(株),東証PRM,"1,411.5",-53.5,-3.65,"3,653,100",2026/08/21
85,85,4594,ブライトパス・バイオ(株),東証GRT,53,-2,-3.64,"1,258,700",2026/08/21
86,86,5074,テスホールディングス(株),東証PRM,611,-23,-3.63,"1,260,900",2026/08/21
87,87,9983,(株)ファーストリテイリング,東証PRM,"73,510","-2,770",-3.63,"1,037,600",2026/08/21
88,88,4073,(株)ジィ・シィ企画,東証GRT,482,-18,-3.6,"41,400",2026/08/21
89,89,4418,(株)ＪＤＳＣ,東証GRT,"1,043",-39,-3.6,"286,000",2026/08/21
90,90,7014,(株)名村造船所,東証STD,"4,420",-165,-3.6,"2,322,900",2026/08/21
91,91,4536,参天製薬(株),東証PRM,"1,879.5",-70,-3.59,"1,262,100",2026/08/21
92,92,4579,ラクオリア創薬(株),東証GRT,565,-21,-3.58,"202,100",2026/08/21
93,93,9310,日本トランスシティ(株),東証PRM,"1,403",-52,-3.57,"165,900",2026/08/21
94,94,1968,太平電業(株),東証PRM,"2,357",-87,-3.56,"167,000",2026/08/21
95,95,3853,アステリア(株),東証PRM,"1,138",-42,-3.56,"220,100",2026/08/21
96,96,3929,ソーシャルワイヤー(株),東証GRT,244,-9,-3.56,"72,200",2026/08/21
97,97,2962,(株)テクニスコ,東証STD,"1,549",-56,-3.49,"740,800",2026/08/21
98,98,6838,(株)多摩川ホールディングス,東証STD,"1,409",-51,-3.49,"230,100",2026/08/21
99,99,4490,(株)ビザスク,東証GRT,665,-24,-3.48,"24,800",2026/08/21
100,100,3444,(株)菊池製作所,東証STD,"1,001",-36,-3.47,"64,700",2026/08/21
101,101,7013,(株)ＩＨＩ,東証PRM,"2,673",-95.5,-3.45,"14,850,200",2026/08/21
102,102,3753,(株)フライトソリューションズ,東証STD,254,-9,-3.42,"435,800",2026/08/21
103,103,6701,ＮＥＣ,東証PRM,"4,656",-164,-3.4,"6,766,300",2026/08/21
104,104,4344,ソースネクスト(株),東証PRM,114,-4,-3.39,"1,601,300",2026/08/21
105,105,4884,クリングルファーマ(株),東証GRT,430,-15,-3.37,"158,400",2026/08/21
106,106,610A,GX 宇宙テック・トップ10(除く日本),東証ETF,"1,090",-38,-3.37,"120,185",2026/08/21
107,107,7220,武蔵精密工業(株),東証PRM,"3,300",-115,-3.37,"680,300",2026/08/21
108,108,6143,(株)ソディック,東証PRM,"1,667",-58,-3.36,"463,300",2026/08/21
109,109,6976,太陽誘電(株),東証PRM,"9,300",-323,-3.36,"22,663,500",2026/08/21
110,110,2395,(株)新日本科学,東証PRM,"1,418",-49,-3.34,"263,200",2026/08/21
111,111,3788,ＧＭＯグローバルサイン・ホールディングス(株),東証PRM,"2,120",-73,-3.33,"29,400",2026/08/21
112,112,6330,東洋エンジニアリング(株),東証PRM,"2,328",-80,-3.32,"1,850,100",2026/08/21
113,113,6866,ＨＩＯＫＩ(株),東証PRM,"10,770",-370,-3.32,"52,000",2026/08/21
114,114,2874,ヨコレイ,東証PRM,"2,102",-72,-3.31,"188,800",2026/08/21
115,115,3110,日東紡,東証PRM,"3,065",-105,-3.31,"5,617,300",2026/08/21
116,116,6928,(株)エノモト,東証STD,"2,993",-102,-3.3,"147,100",2026/08/21
117,117,2354,(株)ＹＥ　ＤＩＧＩＴＡＬ,東証STD,"1,325",-45,-3.28,"553,000",2026/08/21
118,118,3323,レカム(株),東証STD,89,-3,-3.26,"661,400",2026/08/21
119,119,4480,(株)メドレー,東証PRM,"2,863",-96,-3.24,"270,300",2026/08/21
120,120,7453,(株)良品計画,東証PRM,"4,237",-142,-3.24,"2,678,000",2026/08/21
121,121,6376,日機装(株),東証PRM,"3,450",-115,-3.23,"429,100",2026/08/21
122,122,6572,オープングループ(株),東証PRM,270,-9,-3.23,"273,800",2026/08/21
123,123,7777,(株)スリー・ディー・マトリックス,東証GRT,359,-12,-3.23,"1,287,300",2026/08/21
124,124,6101,(株)ツガミ,東証PRM,"5,410",-180,-3.22,"412,600",2026/08/21
125,125,4413,(株)ボードルア,東証PRM,"3,020",-100,-3.21,"686,400",2026/08/21
126,126,4578,大塚ホールディングス(株),東証PRM,"12,195",-405,-3.21,"828,900",2026/08/21
127,127,2780,(株)コメ兵ホールディングス,東証STD,"5,140",-170,-3.2,"210,000",2026/08/21
128,128,9331,(株)キャスター,東証GRT,726,-24,-3.2,"1,600",2026/08/21
129,129,505A,(株)ギークリー,東証STD,"1,334",-44,-3.19,"52,300",2026/08/21
130,130,6656,インスペック(株),東証STD,798,-26,-3.16,"50,700",2026/08/21
131,131,558A,(株)ＳＱＵＥＥＺＥ,東証GRT,"5,570",-180,-3.13,"88,700",2026/08/21
132,132,4552,ＪＣＲファーマ(株),東証PRM,529,-17,-3.11,"454,400",2026/08/21
133,133,2855,GX グリーン・J-REIT,東証ETF,944,-30,-3.08,"4,359",2026/08/21
134,134,4047,関東電化工業(株),東証PRM,"2,326",-74,-3.08,"658,300",2026/08/21
135,135,4592,サンバイオ(株),東証GRT,"1,010",-32,-3.07,"469,400",2026/08/21
136,136,6439,中日本鋳工(株),名証MN,383,-12,-3.04,700,2026/08/21
137,137,1624,(NEXT FUNDS)機械上場投信,東証ETF,"84,240","-2,630",-3.03,343,2026/08/21
138,138,290A,(株)Ｓｙｎｓｐｅｃｔｉｖｅ,東証GRT,"1,342",-42,-3.03,"1,042,500",2026/08/21
139,139,6278,ユニオンツール(株),東証PRM,"14,450",-450,-3.02,"331,700",2026/08/21
140,140,7011,三菱重工業(株),東証PRM,"3,932",-122,-3.01,"16,411,300",2026/08/21
141,141,4441,トビラシステムズ(株),東証STD,"1,456",-45,-3.0,"17,000",2026/08/21
142,142,6613,(株)ＱＤレーザ,東証GRT,"2,100",-65,-3.0,"1,904,300",2026/08/21
143,143,6532,(株)ベイカレント,東証PRM,"7,485",-230,-2.98,"1,025,900",2026/08/21
144,144,2179,(株)成学社,東証STD,862,-26,-2.93,"3,600",2026/08/21
145,145,464A,(株)ＱＰＳホールディングス,東証GRT,"1,786",-54,-2.93,"1,296,000",2026/08/21
146,146,6768,(株)タムラ製作所,東証PRM,765,-23,-2.92,"583,500",2026/08/21
147,147,2193,クックパッド(株),東証STD,134,-4,-2.9,"262,100",2026/08/21
148,148,281A,インフォメティス(株),東証GRT,436,-13,-2.9,"70,000",2026/08/21
149,149,3994,(株)マネーフォワード,東証PRM,"6,100",-182,-2.9,"521,500",2026/08/21
150,150,4434,(株)サーバーワークス,東証STD,"2,446",-73,-2.9,"32,400",2026/08/21
151,151,4483,(株)ＪＭＤＣ,東証PRM,"3,365",-100,-2.89,"263,900",2026/08/21
152,152,6597,ＨＰＣシステムズ(株),東証GRT,"3,355",-100,-2.89,"35,800",2026/08/21
153,153,7779,ＣＹＢＥＲＤＹＮＥ(株),東証GRT,235,-7,-2.89,"727,200",2026/08/21
154,154,9254,(株)ラバブルマーケティンググループ,東証GRT,"1,108",-33,-2.89,"1,800",2026/08/21
155,155,3891,ニッポン高度紙工業(株),東証STD,"6,440",-190,-2.87,"118,500",2026/08/21
156,156,2667,(株)イメージ　ワン,東証STD,102,-3,-2.86,"186,200",2026/08/21
157,157,3315,日本コークス工業(株),東証PRM,102,-3,-2.86,"3,992,600",2026/08/21
158,158,7831,(株)ウイルコホールディングス,東証STD,68,-2,-2.86,"12,000",2026/08/21
159,159,441A,ＮＥ(株),東証GRT,276,-8,-2.82,"16,700",2026/08/21
160,160,9962,(株)ミスミグループ本社,東証PRM,"3,615",-104,-2.8,"1,075,100",2026/08/21
161,161,6490,(株)ＰＩＬＬＡＲ,東証PRM,"9,760",-280,-2.79,"112,300",2026/08/21
162,162,6237,(株)イワキ,東証PRM,"4,400",-125,-2.76,"121,500",2026/08/21
163,163,7609,ダイトロン(株),東証PRM,"4,060",-115,-2.75,"159,400",2026/08/21
164,164,3741,(株)セック,東証PRM,"3,210",-90,-2.73,"52,000",2026/08/21
165,165,5532,(株)リアルゲイト,東証GRT,"3,390",-95,-2.73,"46,000",2026/08/21
166,166,8554,(株)南日本銀行,福証,"1,476",-41,-2.7,"8,300",2026/08/21
167,167,2098,GX ホテル&リテール・J-REIT,東証ETF,976,-27,-2.69,"24,974",2026/08/21
168,168,4323,日本システム技術(株),東証PRM,"1,954",-54,-2.69,"58,300",2026/08/21
169,169,6469,(株)放電精密加工研究所,東証STD,"2,827",-78,-2.69,"37,300",2026/08/21
170,170,2640,GX ゲーム＆アニメ-日本株式,東証ETF,"4,119",-113,-2.67,"8,737",2026/08/21
171,171,3673,(株)ブロードリーフ,東証PRM,474,-13,-2.67,"851,300",2026/08/21
172,172,7721,東京計器(株),東証PRM,"6,930",-190,-2.67,"295,400",2026/08/21
173,173,8066,三谷商事(株),東証STD,"3,115",-85,-2.66,"29,000",2026/08/21
174,174,4565,ネクセラファーマ(株),東証PRM,"1,103",-30,-2.65,"903,600",2026/08/21
175,175,6232,(株)ＡＣＳＬ,東証GRT,"1,655",-45,-2.65,"307,200",2026/08/21
176,176,5254,(株)Ａｒｅｎｔ,東証GRT,"4,260",-115,-2.63,"8,200",2026/08/21
177,177,4751,(株)サイバーエージェント,東証PRM,"1,305.5",-35,-2.61,"4,250,400",2026/08/21
178,178,4980,デクセリアルズ(株),東証PRM,"2,896",-77.5,-2.61,"1,680,500",2026/08/21
179,179,3133,(株)海帆,東証GRT,75,-2,-2.6,"451,700",2026/08/21
180,180,4417,グローバルセキュリティエキスパート(株),東証GRT,"4,500",-120,-2.6,"22,900",2026/08/21
181,181,4978,(株)リプロセル,東証GRT,150,-4,-2.6,"564,500",2026/08/21
182,182,6042,(株)ニッキ,東証STD,"3,955",-105,-2.59,"1,600",2026/08/21
183,183,6702,富士通(株),東証PRM,"3,646",-97,-2.59,"4,139,700",2026/08/21
184,184,6952,カシオ計算機(株),東証PRM,"2,312",-61.5,-2.59,"1,564,400",2026/08/21
185,185,7012,川崎重工業(株),東証PRM,"2,603.5",-69,-2.58,"13,989,900",2026/08/21
186,186,195A,(株)ＭＵＳＣＡＴ　ＧＲＯＵＰ,東証GRT,606,-16,-2.57,"11,800",2026/08/21
187,187,1480,(NEXT FUNDS)野村企業価値分配指数上場投信,東証ETF,"40,000","-1,050",-2.56,37,2026/08/21
188,188,4886,あすか製薬ホールディングス(株),東証PRM,"2,170",-57,-2.56,"92,200",2026/08/21
189,189,7565,萬世電機(株),東証STD,"8,000",-210,-2.56,400,2026/08/21
190,190,3692,(株)ＦＦＲＩセキュリティ,東証GRT,"4,780",-125,-2.55,"75,800",2026/08/21
191,191,466A,GX 防衛テック,東証ETF,"1,110",-29,-2.55,"18,706",2026/08/21
192,192,6155,高松機械工業(株),東証STD,535,-14,-2.55,"4,900",2026/08/21
193,193,5253,カバー(株),東証GRT,"1,501",-39,-2.53,"662,200",2026/08/21
194,194,6832,アオイ電子(株),東証STD,"2,231",-58,-2.53,"26,400",2026/08/21
195,195,330A,(株)ＴａｌｅｎｔＸ,東証GRT,502,-13,-2.52,"11,400",2026/08/21
196,196,1449,(株)ＦＵＪＩジャパン,札証,311,-8,-2.51,"5,000",2026/08/21
197,197,2961,日本調理機(株),東証STD,"1,443",-37,-2.5,"1,300",2026/08/21
198,198,2492,(株)インフォマート,東証PRM,590,-15,-2.48,"3,130,500",2026/08/21
199,199,4051,ＧＭＯフィナンシャルゲート(株),東証PRM,"6,680",-170,-2.48,"16,200",2026/08/21
200,200,4346,(株)ＮＥＸＹＺ．Ｇｒｏｕｐ,東証STD,868,-22,-2.47,"195,200",2026/08/21
201,201,7352,(株)ＴＷＯＳＴＯＮＥ＆Ｓｏｎｓ,東証GRT,356,-9,-2.47,"39,900",2026/08/21
202,202,7692,(株)アースインフィニティ,東証STD,79,-2,-2.47,"85,100",2026/08/21
203,203,3915,(株)テラスカイ,東証PRM,"2,347",-59,-2.45,"53,500",2026/08/21
204,204,6814,古野電気(株),東証PRM,"7,570",-190,-2.45,"310,700",2026/08/21
205,205,9984,ソフトバンクグループ(株),東証PRM,"5,255",-132,-2.45,"28,825,800",2026/08/21
206,206,4416,(株)Ｔｒｕｅ　Ｄａｔａ,東証GRT,400,-10,-2.44,"51,200",2026/08/21
207,207,513A,GX 防衛テック-日本株式,東証ETF,840,-21,-2.44,"275,399",2026/08/21
208,208,2413,エムスリー(株),東証PRM,"1,708",-42.5,-2.43,"3,511,700",2026/08/21
209,209,2674,(株)ハードオフコーポレーション,東証PRM,"2,725",-68,-2.43,"55,700",2026/08/21
210,210,6875,(株)メガチップス,東証PRM,"10,830",-270,-2.43,"133,300",2026/08/21
211,211,5592,(株)くすりの窓口,東証GRT,"2,665",-66,-2.42,"27,000",2026/08/21
212,212,4415,(株)ブロードエンタープライズ,東証GRT,"1,335",-33,-2.41,"28,200",2026/08/21
213,213,446A,(株)ノースサンド,東証GRT,"1,985",-49,-2.41,"389,900",2026/08/21
214,214,4591,(株)リボミック,東証GRT,81,-2,-2.41,"605,800",2026/08/21
215,215,280A,(株)ＴＭＨ,東証GRT,"1,144",-28,-2.39,"48,900",2026/08/21
216,216,6877,ＯＢＡＲＡ　ＧＲＯＵＰ(株),東証STD,"5,730",-140,-2.39,"26,700",2026/08/21
217,217,3064,(株)ＭｏｎｏｔａＲＯ,東証PRM,"1,816",-44,-2.37,"2,286,700",2026/08/21
218,218,4664,ＲＳＣ,東証STD,948,-23,-2.37,"36,100",2026/08/21
219,219,8508,Ｊトラスト(株),東証STD,868,-21,-2.36,"1,321,500",2026/08/21
220,220,9036,東部ネットワーク(株),東証STD,"1,249",-30,-2.35,"16,100",2026/08/21
221,221,589A,ネイス(株),東証GRT,"1,294",-31,-2.34,"7,300",2026/08/21
222,222,7227,アスカ(株),名証MN,"1,807",-43,-2.32,"2,300",2026/08/21
223,223,7435,(株)ナ・デックス,東証STD,"1,350",-32,-2.32,"32,900",2026/08/21
224,224,4486,ユナイトアンドグロウ(株),東証GRT,678,-16,-2.31,"5,200",2026/08/21
225,225,6227,ＡＩメカテック(株),東証STD,"5,920",-140,-2.31,"769,200",2026/08/21
226,226,6836,ぷらっとホーム(株),東証STD,845,-20,-2.31,"9,100",2026/08/21
227,227,3399,(株)丸千代山岡家,東証STD,"3,830",-90,-2.3,"50,500",2026/08/21
228,228,3267,(株)フィル・カンパニー,東証STD,640,-15,-2.29,"24,300",2026/08/21
229,229,2433,(株)博報堂ＤＹホールディングス,東証PRM,"1,307.5",-30.5,-2.28,"984,000",2026/08/21
230,230,6707,サンケン電気(株),東証PRM,"7,405",-173,-2.28,"172,900",2026/08/21
231,231,5699,(株)イボキン,東証STD,"1,593",-37,-2.27,"8,000",2026/08/21
232,232,6570,(株)共和コーポレーション,東証STD,"3,880",-90,-2.27,"183,400",2026/08/21
233,233,1867,(株)植木組,東証STD,"2,679",-62,-2.26,"7,500",2026/08/21
234,234,224A,GX ウラニウムビジネス,東証ETF,"1,600",-37,-2.26,"7,580",2026/08/21
235,235,9253,スローガン(株),東証GRT,735,-17,-2.26,700,2026/08/21
236,236,4021,日産化学(株),東証PRM,"7,978",-184,-2.25,"614,600",2026/08/21
237,237,6238,フリュー(株),東証PRM,"1,392",-32,-2.25,"116,800",2026/08/21
238,238,6855,日本電子材料(株),東証STD,"6,510",-150,-2.25,"515,000",2026/08/21
239,239,2321,(株)ソフトフロントホールディングス,東証GRT,131,-3,-2.24,"29,600",2026/08/21
240,240,4493,(株)サイバーセキュリティクラウド,東証GRT,"1,874",-43,-2.24,"66,500",2026/08/21
241,241,3433,トーカロ(株),東証PRM,"2,765",-63,-2.23,"184,900",2026/08/21
242,242,3984,(株)ユーザーローカル,東証PRM,"1,577",-36,-2.23,"100,600",2026/08/21
243,243,6324,(株)ハーモニック・ドライブ・システムズ,東証PRM,"5,700",-130,-2.23,"1,399,400",2026/08/21
244,244,5132,(株)ｐｌｕｓｚｅｒｏ,東証GRT,"2,023",-46,-2.22,"16,500",2026/08/21
245,245,6841,横河電機(株),東証PRM,"5,000",-113,-2.21,"1,042,000",2026/08/21
246,246,4377,(株)ワンキャリア,東証GRT,"2,443",-55,-2.2,"63,800",2026/08/21
247,247,5698,(株)エンビプロ・ホールディングス,東証STD,799,-18,-2.2,"191,000",2026/08/21
248,248,4617,中国塗料(株),東証PRM,"3,570",-80,-2.19,"96,900",2026/08/21
249,249,6986,双葉電子工業(株),東証PRM,714,-16,-2.19,"359,200",2026/08/21
250,250,254A,ＡＩフュージョンキャピタルグループ(株),東証STD,"1,164",-26,-2.18,"213,900",2026/08/21
251,251,352A,(株)ＬＯＩＶＥ,東証GRT,539,-12,-2.18,"4,000",2026/08/21
252,252,5255,(株)モンスターラボ,東証GRT,90,-2,-2.17,"138,100",2026/08/21
253,253,6203,豊和工業(株),東証STD,"1,446",-32,-2.17,"125,000",2026/08/21
254,254,6787,(株)メイコー,東証PRM,"17,160",-380,-2.17,"563,300",2026/08/21
255,255,9282,いちごグリーンインフラ投資法人,東証,"38,300",-850,-2.17,840,2026/08/21
256,256,6614,(株)シキノハイテック,東証STD,862,-19,-2.16,"2,000",2026/08/21
257,257,269A,(株)Ｓａｐｅｅｔ,東証GRT,"2,685",-59,-2.15,"14,100",2026/08/21
258,258,2737,(株)トーメンデバイス,東証PRM,"28,350",-620,-2.14,"84,300",2026/08/21
259,259,3542,(株)ベガコーポレーション,東証GRT,"1,465",-32,-2.14,"8,300",2026/08/21
260,260,520A,ジェイファーマ(株),東証GRT,275,-6,-2.14,"42,000",2026/08/21
261,261,1319,(NEXT FUNDS)日経300株価指数連動型上場投信,東証ETF,735,-16,-2.13,"3,000",2026/08/21
262,262,3914,ＪＩＧ－ＳＡＷ(株),東証GRT,"2,342",-51,-2.13,"16,200",2026/08/21
263,263,141A,(株)トライアルホールディングス,東証GRT,"3,920",-85,-2.12,"757,000",2026/08/21
264,264,255A,ジーエルテクノホールディングス(株),東証STD,"5,090",-110,-2.12,"59,400",2026/08/21
265,265,8136,(株)サンリオ,東証PRM,"1,176",-25.5,-2.12,"18,023,400",2026/08/21
266,266,9824,泉州電業(株),東証PRM,"6,940",-150,-2.12,"41,400",2026/08/21
267,267,7716,(株)ナカニシ,東証STD,"3,030",-65,-2.1,"192,300",2026/08/21
268,268,6361,荏原,東証PRM,"4,921",-105,-2.09,"2,962,200",2026/08/21
269,269,6387,サムコ(株),東証PRM,"8,880",-190,-2.09,"85,100",2026/08/21
270,270,3436,(株)ＳＵＭＣＯ,東証PRM,"3,384",-72,-2.08,"10,522,600",2026/08/21
271,271,4255,ＴＨＥＣＯＯ(株),東証GRT,"3,530",-75,-2.08,"6,700",2026/08/21
272,272,6159,ミクロン精密(株),東証STD,"1,888",-40,-2.07,400,2026/08/21
273,273,6266,タツモ(株),東証PRM,"3,545",-75,-2.07,"404,400",2026/08/21
274,274,7974,任天堂(株),東証PRM,"8,599",-182,-2.07,"5,643,400",2026/08/21
275,275,1555,上場インデックスファンド豪州リート,東証ETF,"2,427",-51,-2.06,"9,129",2026/08/21
276,276,4896,(株)ケイファーマ,東証GRT,761,-16,-2.06,"16,000",2026/08/21
277,277,7695,(株)交換できるくん,東証GRT,855,-18,-2.06,"7,400",2026/08/21
278,278,2518,(NEXT FUNDS) MSCI日本株女性活躍(セレクト)上場投信,東証ETF,"2,385",-50,-2.05,150,2026/08/21
279,279,3769,ＧＭＯペイメントゲートウェイ(株),東証PRM,"9,222",-192,-2.04,"304,300",2026/08/21
280,280,460A,ＢＲＡＮＵ(株),東証GRT,"1,068",-22,-2.02,"16,200",2026/08/21
281,281,604A,(株)ビーエイブル,東証STD,"1,018",-21,-2.02,"130,100",2026/08/21
282,282,6142,富士精工(株),名証MN,"1,700",-35,-2.02,"3,700",2026/08/21
283,283,6470,大豊工業(株),東証STD,"1,164",-24,-2.02,"42,900",2026/08/21
284,284,4234,(株)サンエー化研,東証STD,975,-20,-2.01,"19,700",2026/08/21
285,285,4440,(株)ヴィッツ,東証STD,"1,170",-24,-2.01,"8,600",2026/08/21
286,286,4680,(株)ラウンドワン,東証PRM,"1,338.5",-27.5,-2.01,"1,937,300",2026/08/21
287,287,5482,愛知製鋼(株),東証PRM,"3,165",-65,-2.01,"91,100",2026/08/21
288,288,6378,木村化工機(株),東証STD,"1,217",-25,-2.01,"90,900",2026/08/21
289,289,8006,ユアサ・フナショク(株),東証STD,"1,509",-31,-2.01,"2,100",2026/08/21
290,290,1466,iFreeETF JPX日経400ダブルインバース・インデックス,東証ETF,197,-4,-1.99,"5,270",2026/08/21
291,291,5344,(株)ＭＡＲＵＷＡ,東証PRM,"54,100","-1,100",-1.99,"104,800",2026/08/21
292,292,5444,大和工業(株),東証PRM,"11,805",-240,-1.99,"309,100",2026/08/21
293,293,5449,大阪製鐵(株),東証STD,"2,665",-54,-1.99,"31,100",2026/08/21
294,294,7649,スギホールディングス(株),東証PRM,"2,714.5",-55,-1.99,"1,290,000",2026/08/21
295,295,219A,Ｈｅａｒｔｓｅｅｄ(株),東証GRT,"2,229",-45,-1.98,"588,600",2026/08/21
296,296,6265,コンバム(株),東証STD,"3,210",-65,-1.98,800,2026/08/21
297,297,6822,大井電気(株),東証STD,"4,950",-100,-1.98,"9,100",2026/08/21
298,298,7134,(株)アップガレージグループ,東証STD,"1,389",-28,-1.98,"4,700",2026/08/21
299,299,3182,オイシックス(株),東証PRM,"1,746",-35,-1.97,"106,600",2026/08/21
300,300,6336,(株)石井表記,東証STD,"1,642",-33,-1.97,"63,400",2026/08/21
301,301,9258,(株)ＣＳ－Ｃ,東証GRT,299,-6,-1.97,400,2026/08/21
302,302,7747,朝日インテック(株),東証PRM,"4,043",-81,-1.96,"1,130,000",2026/08/21
303,303,9271,(株)和心,東証GRT,"1,001",-20,-1.96,"12,100",2026/08/21
304,304,3186,(株)ネクステージ,東証PRM,"3,515",-70,-1.95,"285,800",2026/08/21
305,305,3930,(株)はてな,東証GRT,753,-15,-1.95,"16,800",2026/08/21
306,306,4478,フリー(株),東証GRT,"3,780",-75,-1.95,"493,500",2026/08/21
307,307,1812,鹿島,東証PRM,"4,747",-94,-1.94,"2,187,800",2026/08/21
308,308,186A,(株)アストロスケールホールディングス,東証GRT,"1,219",-24,-1.93,"3,971,800",2026/08/21
309,309,387A,フラー(株),東証GRT,917,-18,-1.93,"4,700",2026/08/21
310,310,7366,(株)ＬＩＴＡＬＩＣＯ,東証PRM,"1,833",-36,-1.93,"102,300",2026/08/21
311,311,179A,GX 超長期米国債 (H有),東証ETF,240.1,-4.7,-1.92,"152,180",2026/08/21
312,312,3791,(株)ＩＧポート,東証STD,"1,124",-22,-1.92,"46,900",2026/08/21
313,313,3926,(株)オープンドア,東証STD,410,-8,-1.91,"14,000",2026/08/21
314,314,4082,第一稀元素化学工業(株),東証PRM,"1,947",-38,-1.91,"170,200",2026/08/21
315,315,6268,ナブテスコ(株),東証PRM,"4,527",-88,-1.91,"627,100",2026/08/21
316,316,6340,澁谷工業(株),東証PRM,"5,140",-100,-1.91,"59,300",2026/08/21
317,317,6800,(株)ヨコオ,東証PRM,"3,850",-75,-1.91,"204,400",2026/08/21
318,318,4186,東京応化工業(株),東証PRM,"8,696",-168,-1.9,"659,800",2026/08/21
319,319,4203,住友ベークライト(株),東証PRM,"7,171",-139,-1.9,"669,300",2026/08/21
320,320,6433,ヒーハイスト(株),東証STD,"1,035",-20,-1.9,"479,600",2026/08/21
321,321,145A,(株)Ｌ　ｉｓ　Ｂ,東証GRT,889,-17,-1.88,"4,200",2026/08/21
322,322,6564,(株)ミダックホールディングス,東証PRM,"2,040",-39,-1.88,"39,600",2026/08/21
323,323,4165,(株)プレイド,東証GRT,734,-14,-1.87,"482,600",2026/08/21
324,324,6264,(株)マルマエ,東証PRM,"2,045",-39,-1.87,"405,100",2026/08/21
325,325,6941,山一電機(株),東証PRM,"7,860",-150,-1.87,"254,100",2026/08/21
326,326,228A,(株)オプロ,東証GRT,"1,636",-31,-1.86,"1,800",2026/08/21
327,327,4935,(株)リベルタ,東証STD,211,-4,-1.86,"345,200",2026/08/21
328,328,6255,(株)エヌ・ピー・シー,東証GRT,686,-13,-1.86,"509,700",2026/08/21
329,329,2237,iFreeETF S&P500レバレッジ,東証ETF,"2,440",-46,-1.85,"10,523",2026/08/21
330,330,4151,協和キリン(株),東証PRM,"2,576.5",-48.5,-1.85,"1,034,300",2026/08/21
331,331,7363,(株)ベビーカレンダー,東証GRT,"1,275",-24,-1.85,"1,200",2026/08/21
332,332,4814,ネクストウェア(株),東証STD,160,-3,-1.84,"34,500",2026/08/21
333,333,2639,GX バイオ＆メドテック-日本株式,東証ETF,"1,767",-33,-1.83,"4,199",2026/08/21
334,334,3936,(株)グローバルウェイ,東証GRT,161,-3,-1.83,"582,800",2026/08/21
335,335,5333,ＮＧＫ(株),東証PRM,"5,465",-102,-1.83,"1,138,900",2026/08/21
336,336,5582,(株)グリッド,東証GRT,"1,985",-37,-1.83,"13,800",2026/08/21
337,337,5981,東京製綱(株),東証PRM,"1,934",-36,-1.83,"58,100",2026/08/21
338,338,6645,オムロン(株),東証PRM,"6,292",-117,-1.83,"1,003,500",2026/08/21
339,339,6914,オプテックスグループ(株),東証PRM,"3,225",-60,-1.83,"140,900",2026/08/21
340,340,7238,曙ブレーキ工業(株),東証PRM,107,-2,-1.83,"1,658,700",2026/08/21
341,341,7707,プレシジョン・システム・サイエンス(株),東証GRT,214,-4,-1.83,"263,300",2026/08/21
342,342,9211,(株)エフ・コード,東証GRT,"1,505",-28,-1.83,"156,800",2026/08/21
343,343,6364,(株)ＡＩＲＭＡＮ,東証PRM,"2,483",-46,-1.82,"84,800",2026/08/21
344,344,7256,河西工業(株),東証STD,432,-8,-1.82,"239,000",2026/08/21
345,345,7527,(株)システムソフト,東証STD,54,-1,-1.82,"1,331,300",2026/08/21
346,346,5802,住友電気工業(株),東証PRM,"2,178.5",-40,-1.8,"15,209,700",2026/08/21
347,347,1952,新日本空調(株),東証PRM,"3,010",-55,-1.79,"136,500",2026/08/21
348,348,2040,NEXT NOTES NYダウ･ダブル･ブル･ドルヘッジ ETN,東証ETF,"39,000",-710,-1.79,310,2026/08/21
349,349,2239,上場インデックスファンドS&P500先物レバレッジ2倍,東証ETF,"26,550",-485,-1.79,915,2026/08/21
350,350,4063,信越化学工業(株),東証PRM,"6,051",-110,-1.79,"5,191,500",2026/08/21
351,351,4891,(株)ティムス,東証GRT,110,-2,-1.79,"194,100",2026/08/21
352,352,1980,ダイダン(株),東証PRM,"2,698",-49,-1.78,"379,000",2026/08/21
353,353,6549,ディーエムソリューションズ(株),東証STD,"1,049",-19,-1.78,"12,000",2026/08/21
354,354,336A,ダイナミックマッププラットフォーム(株),東証GRT,833,-15,-1.77,"126,200",2026/08/21
355,355,5243,ｎｏｔｅ(株),東証GRT,"2,550",-46,-1.77,"245,000",2026/08/21
356,356,3977,フュージョン(株),札幌ア,501,-9,-1.76,500,2026/08/21
357,357,4015,ペイクラウドホールディングス(株),東証GRT,557,-10,-1.76,"24,900",2026/08/21
358,358,4324,(株)電通グループ,東証PRM,"3,519",-63,-1.76,"998,400",2026/08/21
359,359,7488,(株)ヤガミ,名証MN,"5,010",-90,-1.76,"3,700",2026/08/21
360,360,3498,霞ヶ関キャピタル(株),東証PRM,"7,860",-140,-1.75,"171,600",2026/08/21
361,361,3840,パス(株),東証STD,56,-1,-1.75,"92,400",2026/08/21
362,362,4192,スパイダープラス(株),東証GRT,281,-5,-1.75,"90,400",2026/08/21
363,363,3565,アセンテック(株),東証STD,451,-8,-1.74,"67,700",2026/08/21
364,364,6125,(株)岡本工作機械製作所,東証STD,"4,795",-85,-1.74,"57,400",2026/08/21
365,365,6209,リケンＮＰＲ(株),東証PRM,"3,950",-70,-1.74,"76,100",2026/08/21
366,366,1692,WisdomTree アルミニウム上場投信,東証ETF,680,-12,-1.73,900,2026/08/21
367,367,4293,(株)セプテーニ・ホールディングス,東証STD,511,-9,-1.73,"173,300",2026/08/21
368,368,4301,(株)アミューズ,東証PRM,"1,933",-34,-1.73,"22,600",2026/08/21
369,369,7552,(株)ハピネット,東証PRM,"3,695",-65,-1.73,"204,900",2026/08/21
370,370,3422,(株)Ｊ－ＭＡＸ,東証STD,627,-11,-1.72,"49,700",2026/08/21
371,371,6574,(株)コンヴァノ,東証GRT,114,-2,-1.72,"1,715,300",2026/08/21
372,372,7727,(株)オーバル,東証STD,801,-14,-1.72,"60,000",2026/08/21
373,373,153A,(株)カウリス,東証GRT,"1,324",-23,-1.71,"21,600",2026/08/21
374,374,3446,(株)ジェイテックコーポレーション,東証STD,"1,610",-28,-1.71,"13,400",2026/08/21
375,375,4369,(株)トリケミカル研究所,東証PRM,"3,170",-55,-1.71,"393,200",2026/08/21
376,376,5726,(株)大阪チタニウムテクノロジーズ,東証PRM,"2,924",-51,-1.71,"474,600",2026/08/21
377,377,3360,シップヘルスケアホールディングス(株),東証PRM,"2,369.5",-41,-1.7,"270,200",2026/08/21
378,378,4554,富士製薬工業(株),東証PRM,"1,847",-32,-1.7,"77,800",2026/08/21
379,379,6360,(株)東京自働機械製作所,東証STD,"4,625",-80,-1.7,200,2026/08/21
380,380,6627,(株)テラプローブ,東証STD,"9,840",-170,-1.7,"140,500",2026/08/21
381,381,1963,日揮ホールディングス(株),東証PRM,"2,233",-38.5,-1.69,"1,821,300",2026/08/21
382,382,3647,(株)アスリナ,東証STD,116,-2,-1.69,"76,900",2026/08/21
383,383,3686,(株)ディー・エル・イー,東証STD,58,-1,-1.69,"153,800",2026/08/21
384,384,3878,(株)巴川コーポレーション,東証STD,873,-15,-1.69,"23,000",2026/08/21
385,385,5142,アキレス(株),東証PRM,"1,982",-34,-1.69,"95,100",2026/08/21
386,386,6366,千代田化工建設(株),東証STD,696,-12,-1.69,"1,498,400",2026/08/21
387,387,6464,(株)ツバキ・ナカシマ,東証PRM,348,-6,-1.69,"404,600",2026/08/21
388,388,6810,マクセル(株),東証PRM,"2,333",-40,-1.69,"208,900",2026/08/21
389,389,9339,(株)コーチ・エィ,東証STD,"1,400",-24,-1.69,"1,700",2026/08/21
390,390,6623,愛知電機(株),名証PRM,"8,760",-150,-1.68,"15,200",2026/08/21
391,391,7078,ＩＮＣＬＵＳＩＶＥ　Ｈｏｌｄｉｎｇｓ(株),東証GRT,351,-6,-1.68,"25,400",2026/08/21
392,392,9340,(株)アソインターナショナル,東証STD,703,-12,-1.68,"3,100",2026/08/21
393,393,1961,三機工業(株),東証PRM,"2,360",-40,-1.67,"474,100",2026/08/21
394,394,3157,ジオリーブグループ(株),東証STD,"1,411",-24,-1.67,"5,100",2026/08/21
395,395,6537,ＷＡＳＨハウス(株),東証GRT,295,-5,-1.67,"23,800",2026/08/21
396,396,1384,(株)ホクリヨウ,東証STD,"2,213",-37,-1.64,"14,600",2026/08/21
397,397,3099,(株)三越伊勢丹ホールディングス,東証PRM,"3,473",-58,-1.64,"1,823,600",2026/08/21
398,398,3184,ＩＣＤＡホールディングス(株),東証STD,"4,195",-70,-1.64,"1,000",2026/08/21
399,399,4229,群栄化学工業(株),東証PRM,"4,495",-75,-1.64,"13,400",2026/08/21
400,400,4462,石原ケミカル(株),東証PRM,"2,995",-50,-1.64,"26,800",2026/08/21
401,401,4570,(株)免疫生物研究所,東証GRT,"1,080",-18,-1.64,"196,200",2026/08/21
402,402,4720,(株)城南進学研究社,東証STD,240,-4,-1.64,"3,900",2026/08/21
403,403,367A,プリモグローバルホールディングス(株),東証STD,"2,781",-46,-1.63,"61,500",2026/08/21
404,404,3773,(株)アドバンスト・メディア,東証GRT,"1,029",-17,-1.63,"41,600",2026/08/21
405,405,7815,東京ボード工業(株),東証STD,363,-6,-1.63,"20,900",2026/08/21
406,406,2303,(株)ドーン,東証STD,"1,335",-22,-1.62,"8,700",2026/08/21
407,407,2791,大黒天物産(株),東証PRM,"4,545",-75,-1.62,"38,000",2026/08/21
408,408,3032,(株)ゴルフ・ドゥ,名証NXT,243,-4,-1.62,"4,100",2026/08/21
409,409,3134,Ｈａｍｅｅ(株),東証STD,304,-5,-1.62,"31,800",2026/08/21
410,410,4716,日本オラクル(株),東証STD,"9,233",-152,-1.62,"193,300",2026/08/21
411,411,5252,日本ナレッジ(株),東証GRT,789,-13,-1.62,900,2026/08/21
412,412,5384,(株)フジミインコーポレーテッド,東証PRM,"3,650",-60,-1.62,"291,100",2026/08/21
413,413,8955,日本プライムリアルティ投資法人,東証,"97,100","-1,600",-1.62,"7,311",2026/08/21
414,414,180A,GX 超長期米国債,東証ETF,280.9,-4.6,-1.61,"221,160",2026/08/21
415,415,4446,Ｌｉｎｋ－Ｕグループ(株),東証STD,855,-14,-1.61,"19,800",2026/08/21
416,416,9820,エムティジェネックス(株),東証STD,"3,675",-60,-1.61,"1,700",2026/08/21
417,417,2585,(株)ライフドリンクカンパニー,東証PRM,"1,602",-26,-1.6,"659,800",2026/08/21
418,418,3283,日本プロロジスリート投資法人,東証,"86,300","-1,400",-1.6,"13,184",2026/08/21
419,419,3415,(株)ＴＯＫＹＯ　ＢＡＳＥ,東証PRM,369,-6,-1.6,"260,900",2026/08/21
420,420,1801,大成建設(株),東証PRM,"12,355",-200,-1.59,"580,500",2026/08/21
421,421,6407,ＣＫＤ(株),東証PRM,"5,580",-90,-1.59,"648,600",2026/08/21
422,422,3556,リネットジャパングループ(株),東証GRT,874,-14,-1.58,"31,800",2026/08/21
423,423,6445,(株)ジャノメ,東証PRM,"1,436",-23,-1.58,"29,200",2026/08/21
424,424,6981,(株)村田製作所,東証PRM,"7,091",-114,-1.58,"15,412,300",2026/08/21
425,425,7115,(株)アルファパーチェス,東証STD,"1,494",-24,-1.58,"5,700",2026/08/21
426,426,146A,コロンビア・ワークス(株),東証STD,"3,770",-60,-1.57,"25,600",2026/08/21
427,427,3104,富士紡ホールディングス(株),東証PRM,"3,450",-55,-1.57,"141,700",2026/08/21
428,428,7074,(株)トゥエンティーフォーセブンホールディングス,東証GRT,188,-3,-1.57,"69,900",2026/08/21
429,429,7826,(株)フルヤ金属,東証PRM,"8,140",-130,-1.57,"238,700",2026/08/21
430,430,9612,(株)ラックランド,東証PRM,"1,252",-20,-1.57,"50,200",2026/08/21
431,431,3775,(株)ガイアックス,名証NXT,443,-7,-1.56,"4,200",2026/08/21
432,432,5918,瀧上工業(株),東証STD,"7,580",-120,-1.56,700,2026/08/21
433,433,6029,アトラグループ(株),東証STD,189,-3,-1.56,"7,200",2026/08/21
434,434,3836,(株)アバントグループ,東証PRM,"1,206",-19,-1.55,"93,100",2026/08/21
435,435,421A,(株)ムービン・ストラテジック・キャリア,東証GRT,"4,125",-65,-1.55,"84,500",2026/08/21
436,436,5542,新報国マテリアル(株),東証STD,950,-15,-1.55,"9,000",2026/08/21
437,437,1434,ＪＥＳＣＯホールディングス(株),東証STD,"1,664",-26,-1.54,"42,300",2026/08/21
438,438,2315,(株)ＣＡＩＣＡ　ＤＩＧＩＴＡＬ,東証STD,64,-1,-1.54,"4,669,600",2026/08/21
439,439,3656,ＫＬａｂ(株),東証PRM,193,-3,-1.53,"2,396,900",2026/08/21
440,440,3682,エンカレッジ・テクノロジ(株),東証STD,580,-9,-1.53,"1,600",2026/08/21
441,441,6960,フクダ電子(株),東証STD,"11,570",-180,-1.53,"46,300",2026/08/21
442,442,9227,マイクロ波化学(株),東証GRT,900,-14,-1.53,"241,600",2026/08/21
443,443,4582,シンバイオ製薬(株),東証GRT,65,-1,-1.52,"743,300",2026/08/21
444,444,500A,(株)ＴＯブックス,東証STD,"3,245",-50,-1.52,800,2026/08/21
445,445,6098,(株)リクルートホールディングス,東証PRM,"15,900",-245,-1.52,"2,758,200",2026/08/21
446,446,6479,ミネベアミツミ(株),東証PRM,"3,365",-52,-1.52,"2,116,200",2026/08/21
447,447,6637,寺崎電気産業(株),東証STD,"4,215",-65,-1.52,"32,000",2026/08/21
448,448,6856,(株)堀場製作所,東証PRM,"23,295",-360,-1.52,"127,900",2026/08/21
449,449,7150,(株)島根銀行,東証STD,519,-8,-1.52,"20,200",2026/08/21
450,450,7886,ヤマト　モビリティ　＆　Ｍｆｇ．(株),東証STD,711,-11,-1.52,"5,700",2026/08/21
451,451,2869,iFreeETF NASDAQ100レバレッジ,東証ETF,"2,935",-45,-1.51,"106,963",2026/08/21
452,452,3976,(株)シャノン,東証GRT,717,-11,-1.51,"122,900",2026/08/21
453,453,4075,ブレインズテクノロジー(株),東証GRT,911,-14,-1.51,"18,900",2026/08/21
454,454,3627,テクミラホールディングス(株),東証STD,262,-4,-1.5,"29,500",2026/08/21
455,455,4258,(株)網屋,東証GRT,"4,605",-70,-1.5,"38,700",2026/08/21
456,456,6996,ニチコン(株),東証PRM,"2,697",-41,-1.5,"688,800",2026/08/21
457,457,2037,NEXT NOTES 金先物 ベア ETN,東証ETF,"1,191",-18,-1.49,734,2026/08/21
458,458,4240,クラスターテクノロジー(株),東証STD,331,-5,-1.49,"7,700",2026/08/21
459,459,6083,ＥＲＩホールディングス(株),東証STD,"1,650",-25,-1.49,"31,500",2026/08/21
460,460,9345,ビズメイツ(株),東証GRT,596,-9,-1.49,300,2026/08/21
461,461,4380,(株)Ｍマート,東証GRT,665,-10,-1.48,"2,300",2026/08/21
462,462,7762,シチズン時計(株),東証PRM,"2,529",-38,-1.48,"1,449,600",2026/08/21
463,463,1621,(NEXT FUNDS)医薬品上場投信,東証ETF,"30,840",-460,-1.47,920,2026/08/21
464,464,3635,(株)コーエーテクモホールディングス,東証PRM,"1,672",-25,-1.47,"723,900",2026/08/21
465,465,5541,大平洋金属(株),東証PRM,"2,623",-39,-1.47,"164,500",2026/08/21
466,466,5953,昭和鉄工(株),福証,"6,700",-100,-1.47,"1,100",2026/08/21
467,467,598A,チャットプラス(株),東証GRT,"1,340",-20,-1.47,"43,100",2026/08/21
468,468,6315,ＴＯＷＡ(株),東証PRM,"2,274",-34,-1.47,"4,097,200",2026/08/21
469,469,5334,日本特殊陶業(株),東証PRM,"8,803",-130,-1.46,"716,900",2026/08/21
470,470,7678,(株)あさくま,東証STD,"3,035",-45,-1.46,"8,600",2026/08/21
471,471,9344,アクシスコンサルティング(株),東証GRT,"1,280",-19,-1.46,"7,800",2026/08/21
472,472,2437,Ｓｈｉｎｗａ　Ｗｉｓｅ　Ｈｏｌｄｉｎｇｓ(株),東証STD,610,-9,-1.45,"27,400",2026/08/21
473,473,4687,ＴＤＣソフト(株),東証PRM,"1,022",-15,-1.45,"84,100",2026/08/21
474,474,7094,(株)ＮｅｘＴｏｎｅ,東証GRT,"1,768",-26,-1.45,"53,900",2026/08/21
475,475,8022,ミズノ(株),東証PRM,"4,080",-60,-1.45,"237,200",2026/08/21
476,476,4373,シンプレクス・ホールディングス(株),東証PRM,"1,166",-17,-1.44,"621,000",2026/08/21
477,477,4260,(株)ハイブリッドテクノロジーズ,東証GRT,207,-3,-1.43,"3,900",2026/08/21
478,478,6239,(株)ナガオカ,東証STD,"1,380",-20,-1.43,"1,500",2026/08/21
479,479,6736,サン電子(株),東証STD,"7,560",-110,-1.43,"85,200",2026/08/21
480,480,7003,(株)三井Ｅ＆Ｓ,東証PRM,"4,144",-60,-1.43,"2,899,300",2026/08/21
481,481,7037,(株)テノ．ホールディングス,東証STD,826,-12,-1.43,"6,500",2026/08/21
482,482,9697,(株)カプコン,東証PRM,"4,130",-60,-1.43,"2,035,200",2026/08/21
483,483,3865,北越コーポレーション(株),東証PRM,905,-13,-1.42,"187,700",2026/08/21
484,484,4890,(株)坪田ラボ,東証GRT,277,-4,-1.42,"39,500",2026/08/21
485,485,7442,中山福(株),東証STD,485,-7,-1.42,"50,000",2026/08/21
486,486,3632,グリーホールディングス(株),東証PRM,420,-6,-1.41,"803,800",2026/08/21
487,487,4396,(株)システムサポートホールディングス,東証PRM,"1,394",-20,-1.41,"119,200",2026/08/21
488,488,479A,ＰＲＯＮＩ(株),東証GRT,"1,888",-27,-1.41,"116,300",2026/08/21
489,489,5194,相模ゴム工業(株),東証STD,630,-9,-1.41,"11,400",2026/08/21
490,490,586A,(NEXT FUNDS) 日経エンタメ・コンテンツ株指数,東証ETF,244.7,-3.5,-1.41,"271,330",2026/08/21
491,491,6298,ワイエイシイホールディングス(株),東証PRM,"1,331",-19,-1.41,"201,600",2026/08/21
492,492,7464,セフテック(株),東証STD,"1,537",-22,-1.41,"1,300",2026/08/21
493,493,5301,東海カーボン(株),東証PRM,"1,685",-24,-1.4,"1,280,600",2026/08/21
494,494,6997,日本ケミコン(株),東証PRM,"2,747",-39,-1.4,"588,800",2026/08/21
495,495,9065,山九(株),東証PRM,"8,337",-118,-1.4,"213,900",2026/08/21
496,496,1979,(株)大気社,東証PRM,"3,905",-55,-1.39,"263,300",2026/08/21
497,497,2938,(株)オカムラ食品工業,東証STD,"1,280",-18,-1.39,"51,700",2026/08/21
498,498,3070,(株)ジェリービーンズグループ,東証GRT,71,-1,-1.39,"666,600",2026/08/21
499,499,4772,(株)ＳＭ　ＥＮＴＥＲＴＡＩＮＭＥＮＴ　ＪＡＰＡＮ,東証GRT,71,-1,-1.39,"81,400",2026/08/21
500,500,5971,(株)共和工業所,東証STD,"7,820",-110,-1.39,900,2026/08/21
501,501,2646,GX メタルビジネス-日本株式,東証ETF,"3,787",-53,-1.38,"4,051",2026/08/21
502,502,2934,ジェイフロンティア(株),東証GRT,"2,004",-28,-1.38,800,2026/08/21
503,503,7039,ブリッジインターナショナルグループ(株),東証GRT,"1,353",-19,-1.38,"30,500",2026/08/21
504,504,2019,GX 米国優先証券(隔月分配型),東証ETF,"1,011",-14,-1.37,"6,357",2026/08/21
505,505,4379,(株)Ｐｈｏｔｏｓｙｎｔｈ,東証GRT,431,-6,-1.37,"55,400",2026/08/21
506,506,6721,ウインテスト(株),東証STD,72,-1,-1.37,"534,500",2026/08/21
507,507,7038,フロンティア・マネジメント(株),東証PRM,575,-8,-1.37,"10,600",2026/08/21
508,508,7741,ＨＯＹＡ(株),東証PRM,"24,895",-345,-1.37,"861,500",2026/08/21
509,509,7794,(株)イーディーピー,東証GRT,935,-13,-1.37,"231,800",2026/08/21
510,510,9880,イノテック(株),東証PRM,"3,595",-50,-1.37,"155,600",2026/08/21
511,511,2096,GX オフィス・J-REIT,東証ETF,"1,019",-14,-1.36,"17,459",2026/08/21
512,512,2207,(株)ｍｅｉｔｏ,東証PRM,"3,625",-50,-1.36,"43,500",2026/08/21
513,513,3547,(株)ユニシアホールディングス,東証STD,"1,812",-25,-1.36,"32,600",2026/08/21
514,514,3649,(株)ファインデックス,東証PRM,870,-12,-1.36,"45,800",2026/08/21
515,515,7501,(株)ティムコ,東証STD,"1,450",-20,-1.36,900,2026/08/21
516,516,8301,日本銀行,東証,"21,800",-300,-1.36,100,2026/08/21
517,517,4528,小野薬品工業(株),東証PRM,"2,448",-33.5,-1.35,"1,467,200",2026/08/21
518,518,2568,上場インデックスファンド米国株式(NASDAQ100)H無,東証ETF,"7,982",-108,-1.33,"2,313",2026/08/21
519,519,262A,(株)インターメスティック,東証PRM,"1,850",-25,-1.33,"100,200",2026/08/21
520,520,4894,クオリプス(株),東証GRT,"5,190",-70,-1.33,"79,200",2026/08/21
521,521,8830,住友不動産(株),東証PRM,"3,339",-45,-1.33,"3,130,700",2026/08/21
522,522,1626,(NEXT FUNDS)情報通信･サービス上場投信,東証ETF,"47,220",-630,-1.32,156,2026/08/21
523,523,2164,(株)地域新聞社,東証STD,149,-2,-1.32,"36,200",2026/08/21
524,524,2471,(株)エスプール,東証PRM,300,-4,-1.32,"318,900",2026/08/21
525,525,4370,モビルス(株),東証GRT,300,-4,-1.32,"9,200",2026/08/21
526,526,6954,ファナック(株),東証PRM,"6,035",-81,-1.32,"5,143,500",2026/08/21
527,527,7677,(株)ヤシマキザイ,東証STD,"2,700",-36,-1.32,100,2026/08/21
528,528,7906,ヨネックス(株),東証STD,"2,774",-37,-1.32,"369,900",2026/08/21
529,529,9308,乾汽船(株),東証STD,"2,097",-28,-1.32,"72,000",2026/08/21
530,530,4099,四国化成ホールディングス(株),東証PRM,"2,486",-33,-1.31,"458,500",2026/08/21
531,531,413A,iFreeETF キャセイ台湾テックリーダー指数,東証ETF,"3,765",-50,-1.31,625,2026/08/21
532,532,4735,(株)京進,東証STD,301,-4,-1.31,"3,800",2026/08/21
533,533,6167,冨士ダイス(株),東証PRM,"1,056",-14,-1.31,"57,200",2026/08/21
534,534,6754,アンリツ(株),東証PRM,"3,315",-44,-1.31,"1,018,000",2026/08/21
535,535,7606,(株)ユナイテッドアローズ,東証PRM,"2,559",-34,-1.31,"145,300",2026/08/21
536,536,2854,GX テック・トップ20-日本株式,東証ETF,"2,740",-36,-1.3,"70,438",2026/08/21
537,537,499A,ラグジュアリー厳選10 欧州株(ネットリターン)ETN,東証ETF,"8,856",-117,-1.3,22,2026/08/21
538,538,8061,西華産業(株),東証PRM,"2,960",-39,-1.3,"151,400",2026/08/21
539,539,1942,(株)関電工,東証PRM,"5,337",-70,-1.29,"546,800",2026/08/21
540,540,3181,(株)買取王国,東証STD,"1,069",-14,-1.29,"5,300",2026/08/21
541,541,5994,(株)ファインシンター,東証STD,997,-13,-1.29,"12,600",2026/08/21
542,542,7567,(株)栄電子,東証STD,612,-8,-1.29,"9,600",2026/08/21
543,543,1472,(NEXT FUNDS)JPX日経400ダブルインバース,東証ETF,77,-1,-1.28,"1,382",2026/08/21
544,544,1563,東証グロース･コア,東証ETF,"2,471",-32,-1.28,"26,404",2026/08/21
545,545,2782,(株)セリア,東証STD,"4,250",-55,-1.28,"229,000",2026/08/21
546,546,3035,ケイティケイ(株),東証STD,769,-10,-1.28,"40,500",2026/08/21
547,547,3851,(株)日本一ソフトウェア,東証STD,"1,238",-16,-1.28,"73,700",2026/08/21
548,548,4503,アステラス製薬(株),東証PRM,"2,387",-31,-1.28,"4,564,900",2026/08/21
549,549,6480,日本トムソン(株),東証PRM,"1,703",-22,-1.28,"1,171,200",2026/08/21
550,550,198A,ＰｏｓｔＰｒｉｍｅ(株),東証GRT,156,-2,-1.27,"85,100",2026/08/21
551,551,4519,中外製薬(株),東証PRM,"7,011",-90,-1.27,"1,887,500",2026/08/21
552,552,5998,(株)アドバネクス,東証STD,"2,334",-30,-1.27,"4,200",2026/08/21
553,553,6501,(株)日立製作所,東証PRM,"5,196",-67,-1.27,"10,673,600",2026/08/21
554,554,2562,上場インデックスファンド米国株式(ダウ平均)H有,東証ETF,"3,671",-47,-1.26,"2,394",2026/08/21
555,555,3445,(株)ＲＳ　Ｔｅｃｈｎｏｌｏｇｉｅｓ,東証PRM,"5,500",-70,-1.26,"258,700",2026/08/21
556,556,5706,三井金属(株),東証PRM,"28,210",-360,-1.26,"1,361,800",2026/08/21
557,557,7050,(株)フロンティアインターナショナル,東証GRT,"1,410",-18,-1.26,"5,700",2026/08/21
558,558,7832,(株)バンダイナムコホールディングス,東証PRM,"5,484",-70,-1.26,"2,073,800",2026/08/21
559,559,9033,広島電鉄(株),東証STD,626,-8,-1.26,"38,100",2026/08/21
560,560,5941,(株)中西製作所,東証STD,"2,755",-35,-1.25,600,2026/08/21
561,561,2326,デジタルアーツ(株),東証PRM,"4,370",-55,-1.24,"87,000",2026/08/21
562,562,2404,(株)鉄人化ホールディングス,東証STD,559,-7,-1.24,"33,600",2026/08/21
563,563,3093,(株)トレジャー・ファクトリー,東証PRM,"2,147",-27,-1.24,"117,100",2026/08/21
564,564,4307,(株)野村総合研究所,東証PRM,"5,012",-63,-1.24,"1,974,600",2026/08/21
565,565,5282,ジオスター(株),東証STD,399,-5,-1.24,"17,400",2026/08/21
566,566,6365,(株)電業社機械製作所,東証STD,"5,570",-70,-1.24,"1,000",2026/08/21
567,567,9766,コナミグループ(株),東証PRM,"21,885",-275,-1.24,"346,400",2026/08/21
568,568,4389,プロパティデータバンク(株),東証GRT,"1,044",-13,-1.23,"2,900",2026/08/21
569,569,5821,平河ヒューテック(株),東証PRM,"3,200",-40,-1.23,"56,400",2026/08/21
570,570,7819,粧美堂(株),東証STD,964,-12,-1.23,"32,400",2026/08/21
571,571,8076,(株)カノークス,東証STD,"2,080",-26,-1.23,"7,200",2026/08/21
572,572,157A,グリーンモンスター(株),東証GRT,731,-9,-1.22,"16,300",2026/08/21
573,573,3138,(株)富士山マガジンサービス,東証STD,"1,130",-14,-1.22,"1,400",2026/08/21
574,574,4316,(株)ビーマップ,東証GRT,81,-1,-1.22,"58,400",2026/08/21
575,575,5393,ニチアス(株),東証PRM,"3,236",-40,-1.22,"851,100",2026/08/21
576,576,6999,ＫＯＡ(株),東証PRM,"2,191",-27,-1.22,"684,200",2026/08/21
577,577,4523,エーザイ(株),東証PRM,"4,902",-60,-1.21,"948,200",2026/08/21
578,578,5892,(株)ｙｕｔｏｒｉ,東証GRT,"2,455",-30,-1.21,"33,900",2026/08/21
579,579,7725,(株)インターアクション,東証PRM,"1,875",-23,-1.21,"73,100",2026/08/21
580,580,7995,(株)バルカー,東証PRM,"6,520",-80,-1.21,"52,600",2026/08/21
581,581,8041,ＯＵＧホールディングス(株),東証STD,"4,480",-55,-1.21,"4,000",2026/08/21
582,582,2974,大英産業(株),福証,908,-11,-1.2,500,2026/08/21
583,583,4174,(株)アピリッツ,東証STD,824,-10,-1.2,"24,700",2026/08/21
584,584,4270,(株)ＢｅｅＸ,東証GRT,"1,886",-23,-1.2,700,2026/08/21
585,585,6302,住友重機械工業(株),東証PRM,"5,615",-68,-1.2,"627,200",2026/08/21
586,586,1802,(株)大林組,東証PRM,"2,941.5",-35.5,-1.19,"1,698,900",2026/08/21
587,587,4011,(株)ヘッドウォータース,東証GRT,"2,418",-29,-1.19,"53,400",2026/08/21
588,588,4568,第一三共(株),東証PRM,"2,833.5",-34,-1.19,"4,467,900",2026/08/21
589,589,498A,防衛・航空宇宙 欧州株(ネットリターン)ETN,東証ETF,"9,821",-118,-1.19,22,2026/08/21
590,590,5031,モイ(株),東証GRT,331,-4,-1.19,"19,500",2026/08/21
591,591,5741,(株)ＵＡＣＪ,東証PRM,"2,241",-27,-1.19,"1,778,100",2026/08/21
592,592,5801,古河電気工業(株),東証PRM,"3,818",-46,-1.19,"21,887,100",2026/08/21
593,593,2445,(株)タカミヤ,東証STD,419,-5,-1.18,"31,200",2026/08/21
594,594,4397,(株)チームスピリット,東証GRT,417,-5,-1.18,"25,200",2026/08/21
595,595,4828,ビジネスエンジニアリング(株),東証PRM,"1,425",-17,-1.18,"99,500",2026/08/21
596,596,4960,ケミプロ化成(株),東証STD,503,-6,-1.18,"13,400",2026/08/21
597,597,5287,(株)イトーヨーギョー,東証STD,841,-10,-1.18,"7,000",2026/08/21
598,598,6135,(株)牧野フライス製作所,東証PRM,"15,030",-180,-1.18,"176,100",2026/08/21
599,599,6907,ジオマテック(株),東証STD,756,-9,-1.18,"13,300",2026/08/21
600,600,6963,ローム(株),東証PRM,"4,699",-56,-1.18,"2,586,300",2026/08/21
601,601,7065,ユーピーアール(株),東証STD,"1,002",-12,-1.18,"14,700",2026/08/21
602,602,7613,シークス(株),東証PRM,"1,596",-19,-1.18,"164,000",2026/08/21
603,603,177A,コージンバイオ(株),東証GRT,846,-10,-1.17,"4,000",2026/08/21
604,604,1941,(株)中電工,東証PRM,"5,080",-60,-1.17,"60,600",2026/08/21
605,605,6099,(株)エラン,東証PRM,762,-9,-1.17,"64,500",2026/08/21
606,606,6347,(株)プラコー,東証STD,253,-3,-1.17,"14,500",2026/08/21
607,607,7917,ＺＡＣＲＯＳ(株),東証PRM,"1,272",-15,-1.17,"200,200",2026/08/21
608,608,2864,GX ロジスティクス・REIT,東証ETF,"1,367",-16,-1.16,"7,041",2026/08/21
609,609,5458,高砂鐵工(株),東証STD,"1,364",-16,-1.16,"5,800",2026/08/21
610,610,3177,(株)ありがとうサービス,東証STD,"4,310",-50,-1.15,"1,100",2026/08/21
611,611,6849,日本光電,東証PRM,"1,506",-17.5,-1.15,"503,700",2026/08/21
612,612,6890,(株)フェローテック,東証STD,"8,580",-100,-1.15,"1,776,600",2026/08/21
613,613,7359,(株)東京通信グループ,東証GRT,257,-3,-1.15,"34,200",2026/08/21
614,614,1832,(株)北海電工,札証,"1,383",-16,-1.14,"3,200",2026/08/21
615,615,4228,積水化成品工業(株),東証PRM,607,-7,-1.14,"159,400",2026/08/21
616,616,4673,川崎地質(株),東証STD,"4,760",-55,-1.14,"2,100",2026/08/21
617,617,4825,(株)ウェザーニューズ,東証PRM,"2,076",-24,-1.14,"159,200",2026/08/21
618,618,5803,(株)フジクラ,東証PRM,"5,280",-61,-1.14,"62,417,600",2026/08/21
619,619,6141,ＤＭＧ森精機(株),東証PRM,"2,996.5",-34.5,-1.14,"1,596,800",2026/08/21
620,620,6339,新東工業(株),東証PRM,"1,215",-14,-1.14,"91,900",2026/08/21
621,621,6622,(株)ダイヘン,東証PRM,"13,020",-150,-1.14,"215,100",2026/08/21
622,622,8963,インヴィンシブル投資法人,東証,"60,600",-700,-1.14,"45,957",2026/08/21
623,623,3765,ガンホー・オンライン・エンターテイメント(株),東証PRM,"2,455",-28,-1.13,"199,400",2026/08/21
624,624,401A,霞ヶ関ホテルリート投資法人,東証,"95,900","-1,100",-1.13,851,2026/08/21
625,625,4366,ダイトーケミックス(株),東証STD,438,-5,-1.13,"33,400",2026/08/21
626,626,4428,(株)シノプス,東証GRT,697,-8,-1.13,"2,400",2026/08/21
627,627,5214,日本電気硝子(株),東証PRM,"4,795",-55,-1.13,"597,600",2026/08/21
628,628,7042,(株)アクセスグループ・ホールディングス,東証STD,700,-8,-1.13,"4,200",2026/08/21
629,629,7575,日本ライフライン(株),東証PRM,"1,576",-18,-1.13,"118,800",2026/08/21
630,630,9418,(株)Ｕ－ＮＥＸＴ　ＨＯＬＤＩＮＧＳ,東証PRM,"1,755",-20,-1.13,"519,000",2026/08/21
631,631,9471,(株)文溪堂,名証MN,"1,136",-13,-1.13,"2,400",2026/08/21
632,632,2760,東京エレクトロン　デバイス(株),東証PRM,"3,970",-45,-1.12,"102,500",2026/08/21
633,633,5480,日本冶金工業(株),東証PRM,"5,280",-60,-1.12,"58,200",2026/08/21
634,634,6507,シンフォニアテクノロジー(株),東証PRM,"12,360",-140,-1.12,"194,300",2026/08/21
635,635,7991,マミヤ・オーピー(株),東証STD,"1,056",-12,-1.12,"5,800",2026/08/21
636,636,8025,(株)ツカモトコーポレーション,東証STD,"1,327",-15,-1.12,"1,700",2026/08/21
637,637,138A,光フードサービス(株),東証GRT,"3,110",-35,-1.11,700,2026/08/21
638,638,3923,(株)ラクス,東証PRM,"1,113",-12.5,-1.11,"1,223,000",2026/08/21
639,639,4575,(株)キャンバス,東証GRT,802,-9,-1.11,"416,700",2026/08/21
640,640,5820,(株)三ッ星,東証STD,802,-9,-1.11,"24,700",2026/08/21
641,641,6620,宮越ホールディングス(株),東証PRM,710,-8,-1.11,"42,100",2026/08/21
642,642,9072,ニッコンホールディングス(株),東証PRM,"5,448",-61,-1.11,"164,800",2026/08/21
643,643,9223,(株)ＡＳＮＯＶＡ,東証GRT,446,-5,-1.11,"1,200",2026/08/21
644,644,5138,(株)Ｒｅｂａｓｅ,東証GRT,449,-5,-1.1,400,2026/08/21
645,645,5331,ノリタケ(株),東証PRM,"3,595",-40,-1.1,"157,700",2026/08/21
646,646,5563,新日本電工(株),東証PRM,449,-5,-1.1,"552,400",2026/08/21
647,647,6091,(株)ウエスコホールディングス,東証STD,900,-10,-1.1,"6,000",2026/08/21
648,648,6240,ヤマシンフィルタ(株),東証PRM,537,-6,-1.1,"221,500",2026/08/21
649,649,6958,日本ＣＭＫ(株),東証PRM,722,-8,-1.1,"382,100",2026/08/21
650,650,6993,大黒屋ホールディングス(株),東証STD,90,-1,-1.1,"2,125,900",2026/08/21
651,651,7640,(株)トップカルチャー,東証STD,180,-2,-1.1,"25,700",2026/08/21
652,652,9941,太洋物産(株),東証STD,"1,169",-13,-1.1,"7,600",2026/08/21
653,653,2138,クルーズ(株),東証STD,455,-5,-1.09,"5,500",2026/08/21
654,654,3046,(株)ジンズホールディングス,東証PRM,"6,380",-70,-1.09,"170,900",2026/08/21
655,655,3179,シュッピン(株),東証PRM,"1,270",-14,-1.09,"94,500",2026/08/21
656,656,4816,東映アニメーション(株),東証STD,"2,835",-31,-1.08,"255,500",2026/08/21
657,657,4819,(株)デジタルガレージ,東証PRM,"2,285",-25,-1.08,"209,300",2026/08/21
658,658,7615,(株)京都きもの友禅ホールディングス,東証STD,92,-1,-1.08,"71,100",2026/08/21
659,659,7780,(株)メニコン,東証PRM,"1,920",-21,-1.08,"165,600",2026/08/21
660,660,8152,ソマール(株),東証STD,"7,350",-80,-1.08,"3,600",2026/08/21
661,661,1435,(株)ｒｏｂｏｔ　ｈｏｍｅ,東証STD,185,-2,-1.07,"508,200",2026/08/21
662,662,3281,ＧＬＰ投資法人,東証,"138,800","-1,500",-1.07,"10,527",2026/08/21
663,663,4175,(株)ｃｏｌｙ,東証GRT,"2,770",-30,-1.07,500,2026/08/21
664,664,5232,住友大阪セメント(株),東証PRM,"5,531",-60,-1.07,"173,400",2026/08/21
665,665,5618,ナイル(株),東証GRT,277,-3,-1.07,"7,600",2026/08/21
666,666,8101,(株)ＧＳＩクレオス,東証PRM,"2,775",-30,-1.07,"35,600",2026/08/21
667,667,8976,大和証券オフィス投資法人,東証,"324,000","-3,500",-1.07,"2,142",2026/08/21
668,668,6524,湖北工業(株),東証STD,"4,660",-50,-1.06,"222,000",2026/08/21
669,669,7979,(株)松風,東証PRM,"2,339",-25,-1.06,"81,000",2026/08/21
670,670,8968,福岡リート投資法人,東証,"177,600","-1,900",-1.06,"1,287",2026/08/21
671,671,3096,(株)オーシャンシステム,東証STD,"1,609",-17,-1.05,"5,400",2026/08/21
672,672,3837,アドソル日進(株),東証PRM,"1,504",-16,-1.05,"41,100",2026/08/21
673,673,4334,(株)ユークス,東証STD,378,-4,-1.05,"16,700",2026/08/21
674,674,4502,武田薬品工業(株),東証PRM,"5,764",-61,-1.05,"3,177,000",2026/08/21
675,675,6798,ＳＭＫ(株),東証PRM,"3,285",-35,-1.05,"5,900",2026/08/21
676,676,9010,富士急行(株),東証PRM,"2,739",-29,-1.05,"105,300",2026/08/21
677,677,147A,(株)ソラコム,東証GRT,"1,049",-11,-1.04,"85,100",2026/08/21
678,678,3010,ポラリス・ホールディングス(株),東証STD,190,-2,-1.04,"99,100",2026/08/21
679,679,3089,テクノアルファ(株),東証STD,"1,050",-11,-1.04,"1,100",2026/08/21
680,680,3409,(株)北紡,東証STD,95,-1,-1.04,"41,500",2026/08/21
681,681,3986,(株)ビーブレイクシステムズ,東証STD,476,-5,-1.04,"4,700",2026/08/21
682,682,4095,日本パーカライジング(株),東証PRM,"1,710",-18,-1.04,"169,500",2026/08/21
683,683,4385,(株)メルカリ,東証PRM,"4,745",-50,-1.04,"1,404,200",2026/08/21
684,684,4685,(株)菱友システムズ,東証STD,"2,666",-28,-1.04,"16,500",2026/08/21
685,685,5246,(株)ＥＬＥＭＥＮＴＳ,東証GRT,853,-9,-1.04,"375,300",2026/08/21
686,686,6723,ルネサスエレクトロニクス(株),東証PRM,"3,433",-36,-1.04,"7,686,600",2026/08/21
687,687,7354,(株)ダイレクトマーケティングミックス,東証STD,379,-4,-1.04,"580,200",2026/08/21
688,688,8043,スターゼン(株),東証PRM,"1,521",-16,-1.04,"166,700",2026/08/21
689,689,9284,カナディアン・ソーラー・インフラ投資法人,東証,"76,200",-800,-1.04,"1,000",2026/08/21
690,690,9980,ＭＲＫホールディングス(株),東証STD,95,-1,-1.04,"53,900",2026/08/21
691,691,247A,Ａｉロボティクス(株),東証GRT,963,-10,-1.03,"987,500",2026/08/21
692,692,3180,(株)ビューティガレージ,東証PRM,"1,541",-16,-1.03,"14,300",2026/08/21
693,693,3733,(株)ソフトウェア・サービス,東証STD,"12,530",-130,-1.03,"9,900",2026/08/21
694,694,6982,(株)リード,東証STD,574,-6,-1.03,800,2026/08/21
695,695,8887,(株)シーラホールディングス,東証STD,383,-4,-1.03,"34,100",2026/08/21
696,696,8953,日本都市ファンド投資法人,東証,"115,200","-1,200",-1.03,"12,512",2026/08/21
697,697,9401,(株)ＴＢＳホールディングス,東証PRM,"5,852",-61,-1.03,"224,200",2026/08/21
698,698,1438,(株)岐阜造園,東証STD,"2,322",-24,-1.02,"1,700",2026/08/21
699,699,3560,(株)ほぼ日,東証STD,"4,350",-45,-1.02,"5,800",2026/08/21
700,700,9684,(株)スクウェア・エニックス・ホールディングス,東証PRM,"2,917",-30,-1.02,"855,700",2026/08/21
701,701,9726,ＫＮＴ－ＣＴホールディングス(株),東証STD,"1,942",-20,-1.02,"17,400",2026/08/21
702,702,2235,上場インデックスファンド米国株式(ダウ平均)H無,東証ETF,"3,638",-37,-1.01,491,2026/08/21
703,703,4627,ナトコ(株),東証STD,"1,853",-19,-1.01,"12,200",2026/08/21
704,704,6586,(株)マキタ,東証PRM,"5,208",-53,-1.01,"580,400",2026/08/21
705,705,7771,日本精密(株),東証STD,293,-3,-1.01,"104,900",2026/08/21
706,706,9353,櫻島埠頭(株),東証STD,"2,850",-29,-1.01,400,2026/08/21
707,707,3723,日本ファルコム(株),東証GRT,"2,871",-29,-1.0,"8,500",2026/08/21
708,708,5586,(株)Ｌａｂｏｒｏ．ＡＩ,東証GRT,895,-9,-1.0,"44,700",2026/08/21
709,709,6481,ＴＨＫ(株),東証PRM,"6,933",-70,-1.0,"690,300",2026/08/21
710,710,8226,(株)理経,東証STD,397,-4,-1.0,"77,200",2026/08/21
711,711,8952,ジャパンリアルエステイト投資法人,東証,"118,500","-1,200",-1.0,"12,956",2026/08/21
712,712,1697,WisdomTree 大豆上場投信,東証ETF,"4,693",-47,-0.99,80,2026/08/21
713,713,5962,浅香工業(株),東証STD,"1,995",-20,-0.99,300,2026/08/21
714,714,6195,(株)ホープ,東証GRT,200,-2,-0.99,"32,000",2026/08/21
715,715,6440,ＪＵＫＩ(株),東証PRM,603,-6,-0.99,"182,700",2026/08/21
716,716,6588,東芝テック(株),東証PRM,"3,010",-30,-0.99,"75,200",2026/08/21
717,717,8956,NTT都市開発リート投資法人,東証,"129,700","-1,300",-0.99,"3,005",2026/08/21
718,718,8987,ジャパンエクセレント投資法人,東証,"140,400","-1,400",-0.99,"2,032",2026/08/21
719,719,9235,売れるネット広告社グループ(株),東証GRT,498,-5,-0.99,"16,100",2026/08/21
720,720,1871,ピーエス・コンストラクション(株),東証PRM,"2,316",-23,-0.98,"66,200",2026/08/21
721,721,2244,GX US テック・トップ20,東証ETF,"3,545",-35,-0.98,"67,433",2026/08/21
722,722,238A,iシェアーズ 米国債25年超 ロングデュレーション(H有),東証ETF,120.7,-1.2,-0.98,"173,900",2026/08/21
723,723,2929,(株)ファーマフーズ,東証PRM,608,-6,-0.98,"82,300",2026/08/21
724,724,3131,シンデン・ハイテックス(株),東証STD,"6,080",-60,-0.98,"33,200",2026/08/21
725,725,4572,カルナバイオサイエンス(株),東証GRT,403,-4,-0.98,"91,000",2026/08/21
726,726,6861,(株)キーエンス,東証PRM,"79,900",-790,-0.98,"393,800",2026/08/21
727,727,6955,ＦＤＫ(株),東証STD,403,-4,-0.98,"33,400",2026/08/21
728,728,7199,プレミアグループ(株),東証PRM,"2,123",-21,-0.98,"210,600",2026/08/21
729,729,1546,(NEXT FUNDS)ダウ･ジョーンズ工業株30種(H無),東証ETF,"81,550",-800,-0.97,975,2026/08/21
730,730,2634,(NEXT FUNDS) S&P500(H有)連動型上場投信,東証ETF,"3,160",-31,-0.97,"4,250",2026/08/21
731,731,2979,SOSiLA物流リート投資法人,東証,"102,000","-1,000",-0.97,"3,325",2026/08/21
732,732,402A,(株)アクセルスペースホールディングス,東証GRT,508,-5,-0.97,"1,165,500",2026/08/21
733,733,4479,(株)マクアケ,東証GRT,920,-9,-0.97,"36,000",2026/08/21
734,734,6337,(株)テセック,東証STD,"3,055",-30,-0.97,"22,300",2026/08/21
735,735,6545,(株)インターネットインフィニティー,東証GRT,813,-8,-0.97,"7,400",2026/08/21
736,736,1969,高砂熱学工業(株),東証PRM,"4,220",-41,-0.96,"326,700",2026/08/21
737,737,2563,iシェアーズ S&P500 米国株 ETF(H有),東証ETF,403.9,-3.9,-0.96,"485,220",2026/08/21
738,738,3321,ミタチ産業(株),東証STD,"1,654",-16,-0.96,"22,800",2026/08/21
739,739,4017,(株)クリーマ,東証GRT,207,-2,-0.96,"4,600",2026/08/21
740,740,516A,iFreeETF 米ドル・ブル(1倍),東証ETF,"2,057",-20,-0.96,43,2026/08/21
741,741,6286,靜甲(株),東証STD,"1,441",-14,-0.96,"1,900",2026/08/21
742,742,7131,のむら産業(株),東証STD,"3,605",-35,-0.96,"2,400",2026/08/21
743,743,1976,明星工業(株),東証PRM,"1,769",-17,-0.95,"99,500",2026/08/21
744,744,2039,NEXT NOTES ドバイ原油先物 ベア ETN,東証ETF,521,-5,-0.95,"65,994",2026/08/21
745,745,2569,上場インデックスファンド米国株式(NASDAQ100)H有,東証ETF,"4,278",-41,-0.95,"40,212",2026/08/21
746,746,3762,テクマトリックス(株),東証PRM,"2,388",-23,-0.95,"217,200",2026/08/21
747,747,4482,(株)ウィルズ,東証GRT,728,-7,-0.95,"1,600",2026/08/21
748,748,4631,ＤＩＣ(株),東証PRM,"5,190",-50,-0.95,"524,500",2026/08/21
749,749,600A,ニッセイ ETF ラッセル2000,東証ETF,"1,971",-19,-0.95,851,2026/08/21
750,750,6136,ＯＳＧ,東証PRM,"3,639",-35,-0.95,"327,600",2026/08/21
751,751,7447,ナガイレーベン(株),東証PRM,"1,774",-17,-0.95,"108,200",2026/08/21
752,752,9158,(株)シーユーシー,東証GRT,729,-7,-0.95,"14,700",2026/08/21
753,753,9423,(株)ＦＲＳ,東証STD,104,-1,-0.95,"44,000",2026/08/21
754,754,1630,(NEXT FUNDS)小売上場投信,東証ETF,"38,080",-360,-0.94,257,2026/08/21
755,755,184A,(株)学びエイド,東証GRT,316,-3,-0.94,"1,200",2026/08/21
756,756,324A,(株)ブッキングリゾート,東証GRT,739,-7,-0.94,"10,500",2026/08/21
757,757,3559,(株)ピーバンドットコム,東証STD,421,-4,-0.94,"1,900",2026/08/21
758,758,5010,日本精蝋(株),東証STD,315,-3,-0.94,"865,400",2026/08/21
759,759,5290,(株)ベルテクスコーポレーション,東証STD,"1,161",-11,-0.94,"64,100",2026/08/21
760,760,5408,(株)中山製鋼所,東証PRM,635,-6,-0.94,"243,700",2026/08/21
761,761,6034,ＭＲＴ(株),東証GRT,634,-6,-0.94,"2,300",2026/08/21
762,762,6503,三菱電機(株),東証PRM,"5,602",-53,-0.94,"5,763,500",2026/08/21
763,763,6769,ザインエレクトロニクス(株),東証STD,"1,057",-10,-0.94,"26,700",2026/08/21
764,764,2088,NZAM 上場投信 NYダウ30(H有),東証ETF,"2,652",-25,-0.93,256,2026/08/21
765,765,2638,GX ロボティクス＆AI-日本株式,東証ETF,"2,659",-25,-0.93,"13,344",2026/08/21
766,766,3496,(株)アズーム,東証PRM,"4,805",-45,-0.93,"21,900",2026/08/21
767,767,5218,(株)オハラ,東証STD,"1,590",-15,-0.93,"49,500",2026/08/21
768,768,5619,マーソ(株),東証GRT,849,-8,-0.93,"1,500",2026/08/21
769,769,6134,(株)ＦＵＪＩ,東証PRM,"7,257",-68,-0.93,"863,000",2026/08/21
770,770,6785,(株)鈴木,東証PRM,"2,888",-27,-0.93,"86,900",2026/08/21
771,771,7375,(株)リファインバースグループ,東証GRT,"1,174",-11,-0.93,"23,400",2026/08/21
772,772,8165,(株)千趣会,東証STD,106,-1,-0.93,"109,400",2026/08/21
773,773,8951,日本ビルファンド投資法人,東証,"128,400","-1,200",-0.93,"22,363",2026/08/21
774,774,2521,上場インデックスファンド米国株式(S&P500)H有,東証ETF,"2,161",-20,-0.92,567,2026/08/21
775,775,3443,川田テクノロジーズ(株),東証PRM,"1,401",-13,-0.92,"239,200",2026/08/21
776,776,4571,ＮＡＮＯ　ホールディングス(株),東証GRT,108,-1,-0.92,"465,100",2026/08/21
777,777,5256,(株)Ｆｕｓｉｃ,東証GRT,"2,470",-23,-0.92,"2,300",2026/08/21
778,778,590A,ギフティグループ(株),東証PRM,"1,393",-13,-0.92,"354,300",2026/08/21
779,779,7425,初穂商事(株),東証STD,"1,179",-11,-0.92,800,2026/08/21
780,780,7670,オーウエル(株),東証STD,"1,191",-11,-0.92,"6,600",2026/08/21
781,781,3550,(株)スタジオアタオ,東証GRT,218,-2,-0.91,"8,900",2026/08/21
782,782,4056,ニューラルグループ(株),東証GRT,218,-2,-0.91,"15,700",2026/08/21
783,783,5016,ＪＸ金属(株),東証PRM,"3,591",-33,-0.91,"12,292,100",2026/08/21
784,784,5302,日本カーボン(株),東証PRM,"4,880",-45,-0.91,"54,900",2026/08/21
785,785,6730,(株)アクセル,東証STD,"1,199",-11,-0.91,"31,700",2026/08/21
786,786,7064,(株)ハウテレビジョン,東証STD,870,-8,-0.91,"2,100",2026/08/21
787,787,9160,(株)オンザページ,東証STD,328,-3,-0.91,"36,500",2026/08/21
788,788,9692,(株)シーイーシー,東証PRM,"2,395",-22,-0.91,"74,500",2026/08/21
789,789,1382,(株)ホーブ,東証STD,877,-8,-0.9,"1,500",2026/08/21
790,790,1950,日本電設工業(株),東証PRM,"3,835",-35,-0.9,"80,200",2026/08/21
791,791,2248,iFreeETF S&P500(H有),東証ETF,"2,752",-25,-0.9,"46,721",2026/08/21
792,792,2425,(株)ケアサービス,東証STD,661,-6,-0.9,"3,700",2026/08/21
793,793,300A,ＭＩＣ(株),東証STD,"3,320",-30,-0.9,"6,700",2026/08/21
794,794,4078,堺化学工業(株),東証PRM,"3,870",-35,-0.9,"148,300",2026/08/21
795,795,4476,ＡＩ　ＣＲＯＳＳ(株),東証GRT,"1,097",-10,-0.9,"23,900",2026/08/21
796,796,5101,横浜ゴム(株),東証PRM,"7,494",-68,-0.9,"682,300",2026/08/21
797,797,6103,オークマ(株),東証PRM,"4,935",-45,-0.9,"432,000",2026/08/21
798,798,7944,ローランド(株),東証PRM,"3,865",-35,-0.9,"82,600",2026/08/21
799,799,9994,(株)やまや,東証STD,"2,083",-19,-0.9,"3,000",2026/08/21
800,800,2565,GX ロジスティクス・J-REIT,東証ETF,890,-8,-0.89,"5,466",2026/08/21
801,801,2632,MAXIS ナスダック100上場投信(H有),東証ETF,"17,845",-160,-0.89,"4,552",2026/08/21
802,802,2837,GX 中小型リーダーズ-日本株式,東証ETF,"4,775",-43,-0.89,"1,588",2026/08/21
803,803,4286,(株)ＣＬホールディングス,東証STD,"1,332",-12,-0.89,"74,300",2026/08/21
804,804,6150,タケダ機械(株),東証STD,"2,775",-25,-0.89,200,2026/08/21
805,805,7460,(株)ヤギ,東証STD,"1,668",-15,-0.89,"18,000",2026/08/21
806,806,7837,(株)アールシーコア,東証STD,334,-3,-0.89,"1,500",2026/08/21
807,807,8977,阪急阪神リート投資法人,東証,"133,700","-1,200",-0.89,"1,094",2026/08/21
808,808,1811,(株)錢高組,東証STD,"7,870",-70,-0.88,"2,500",2026/08/21
809,809,2516,東証グロース250ETF,東証ETF,610,-5.4,-0.88,"847,940",2026/08/21
810,810,450A,ステート・ストリート・スパイダー S&P500 ETF(H有),東証ETF,786.6,-7,-0.88,310,2026/08/21
811,811,4892,(株)サイフューズ,東証GRT,565,-5,-0.88,"15,600",2026/08/21
812,812,5987,(株)オーネックス,東証STD,"1,685",-15,-0.88,200,2026/08/21
813,813,6194,(株)アトラエ,東証PRM,902,-8,-0.88,"65,800",2026/08/21
814,814,6506,(株)安川電機,東証PRM,"4,979",-44,-0.88,"3,093,500",2026/08/21
815,815,7073,(株)ジェイック,東証GRT,"2,265",-20,-0.88,800,2026/08/21
816,816,7291,日本プラスト(株),東証STD,453,-4,-0.88,"36,600",2026/08/21
817,817,8558,(株)東和銀行,東証PRM,"1,456",-13,-0.88,"121,900",2026/08/21
818,818,9843,(株)ニトリホールディングス,東証PRM,"3,029",-27,-0.88,"2,309,000",2026/08/21
819,819,4422,ＶＡＬＵＥＮＥＸ(株),東証GRT,571,-5,-0.87,"22,800",2026/08/21
820,820,559A,梅乃宿酒造(株),東証STD,"1,140",-10,-0.87,"8,000",2026/08/21
821,821,6523,ＰＨＣホールディングス(株),東証PRM,"1,473",-13,-0.87,"683,000",2026/08/21
822,822,6750,エレコム(株),東証PRM,"1,938",-17,-0.87,"198,700",2026/08/21
823,823,6804,ホシデン(株),東証PRM,"2,749",-24,-0.87,"170,200",2026/08/21
824,824,7140,ペットゴー(株),東証GRT,802,-7,-0.87,"2,800",2026/08/21
825,825,7782,(株)シンシア,東証STD,458,-4,-0.87,"9,200",2026/08/21
826,826,8255,アクシアル　リテイリング(株),東証PRM,"1,257",-11,-0.87,"132,700",2026/08/21
827,827,9229,(株)サンウェルズ,東証PRM,114,-1,-0.87,"120,500",2026/08/21
828,828,9256,(株)サクシード,東証GRT,"1,138",-10,-0.87,"53,400",2026/08/21
829,829,2241,MAXIS NYダウ上場投信,東証ETF,933.9,-8.1,-0.86,"8,150",2026/08/21
830,830,4888,ステラファーマ(株),東証GRT,347,-3,-0.86,"182,000",2026/08/21
831,831,5805,ＳＷＣＣ(株),東証PRM,"13,890",-120,-0.86,"357,100",2026/08/21
832,832,6037,楽待(株),東証STD,"1,037",-9,-0.86,"17,900",2026/08/21
833,833,6113,(株)アマダ,東証PRM,"2,602.5",-22.5,-0.86,"2,008,200",2026/08/21
834,834,7369,(株)メイホーホールディングス,東証GRT,347,-3,-0.86,"4,200",2026/08/21
835,835,8089,ナイス(株),東証STD,"1,952",-17,-0.86,"2,600",2026/08/21
836,836,9761,東海リース(株),東証STD,"2,425",-21,-0.86,"4,200",2026/08/21
837,837,4642,オリジナル設計(株),東証STD,"1,403",-12,-0.85,"2,500",2026/08/21
838,838,6335,(株)東京機械製作所,東証STD,583,-5,-0.85,"19,100",2026/08/21
839,839,7733,オリンパス(株),東証PRM,"2,168.5",-18.5,-0.85,"3,341,700",2026/08/21
840,840,7776,(株)セルシード,東証GRT,233,-2,-0.85,"85,000",2026/08/21
841,841,9969,(株)ショクブン,東証STD,233,-2,-0.85,"4,600",2026/08/21
842,842,182A,MAXIS 米国国債20年超上場投信(H無),東証ETF,485.2,-4.1,-0.84,"14,230",2026/08/21
843,843,3295,ヒューリックリート投資法人,東証,"153,500","-1,300",-0.84,"1,771",2026/08/21
844,844,368A,(株)北里,東証PRM,"1,542",-13,-0.84,"101,000",2026/08/21
845,845,6356,日本ギア工業(株),東証STD,"1,299",-11,-0.84,"82,400",2026/08/21
846,846,7060,ギークス(株),東証STD,588,-5,-0.84,"5,400",2026/08/21
847,847,7735,(株)ＳＣＲＥＥＮホールディングス,東証PRM,"12,970",-110,-0.84,"1,826,100",2026/08/21
848,848,7812,(株)クレステック,東証STD,"2,130",-18,-0.84,"1,500",2026/08/21
849,849,9424,日本通信(株),東証PRM,118,-1,-0.84,"1,926,500",2026/08/21
850,850,9468,(株)ＫＡＤＯＫＡＷＡ,東証PRM,"3,526",-30,-0.84,"388,100",2026/08/21
851,851,1814,大末建設(株),東証PRM,"3,565",-30,-0.83,"97,200",2026/08/21
852,852,1844,(株)大盛工業,東証STD,476,-4,-0.83,"31,700",2026/08/21
853,853,3166,ＯＣＨＩホールディングス(株),東証STD,"1,442",-12,-0.83,"2,700",2026/08/21
854,854,3758,(株)アエリア,東証STD,239,-2,-0.83,"45,800",2026/08/21
855,855,3964,(株)オークネット,東証PRM,"1,427",-12,-0.83,"346,100",2026/08/21
856,856,4845,(株)スカラ,東証STD,359,-3,-0.83,"35,600",2026/08/21
857,857,6612,バルミューダ(株),東証GRT,594,-5,-0.83,"4,400",2026/08/21
858,858,7126,グローバルスタイル(株),東証STD,"1,427",-12,-0.83,"3,400",2026/08/21
859,859,7461,(株)キムラ,東証STD,477,-4,-0.83,"4,100",2026/08/21
860,860,7600,(株)日本エム・ディ・エム,東証PRM,838,-7,-0.83,"150,000",2026/08/21
861,861,8039,築地魚市場(株),東証STD,"3,580",-30,-0.83,"1,000",2026/08/21
862,862,1711,(株)ＳＤＳホールディングス,東証STD,241,-2,-0.82,"15,300",2026/08/21
863,863,2841,iFreeETF NASDAQ100(H有),東証ETF,"1,684",-14,-0.82,"64,654",2026/08/21
864,864,6104,芝浦機械(株),東証PRM,"4,255",-35,-0.82,"111,400",2026/08/21
865,865,6538,(株)ディスラプターズ,東証STD,241,-2,-0.82,"33,800",2026/08/21
866,866,6809,ＴＯＡ(株),東証PRM,"1,692",-14,-0.82,"83,700",2026/08/21
867,867,2124,ＪＡＣ　Ｒｅｃｒｕｉｔｍｅｎｔ,東証PRM,984,-8,-0.81,"660,300",2026/08/21
868,868,2222,寿スピリッツ(株),東証PRM,"2,680.5",-22,-0.81,"388,800",2026/08/21
869,869,4516,日本新薬(株),東証PRM,"3,667",-30,-0.81,"251,700",2026/08/21
870,870,4912,ライオン(株),東証PRM,"1,894",-15.5,-0.81,"1,492,300",2026/08/21
871,871,5973,(株)トーアミ,東証STD,613,-5,-0.81,"1,700",2026/08/21
872,872,8944,(株)ランドビジネス,東証STD,244,-2,-0.81,"59,300",2026/08/21
873,873,9409,(株)テレビ朝日ホールディングス,東証PRM,"3,075",-25,-0.81,"142,700",2026/08/21
874,874,1688,WisdomTree 穀物上場投信,東証ETF,594.5,-4.8,-0.8,"13,380",2026/08/21
875,875,291A,(株)リスキル,東証GRT,"1,990",-16,-0.8,"1,200",2026/08/21
876,876,3054,(株)ハイパー,東証STD,370,-3,-0.8,"167,600",2026/08/21
877,877,3279,アクティビア・プロパティーズ投資法人,東証,"136,400","-1,100",-0.8,"4,639",2026/08/21
878,878,3854,(株)アイル,東証PRM,"2,477",-20,-0.8,"114,500",2026/08/21
879,879,5819,カナレ電気(株),東証STD,"1,728",-14,-0.8,"3,900",2026/08/21
880,880,7805,プリントネット(株),東証STD,742,-6,-0.8,"21,500",2026/08/21
881,881,7856,萩原工業(株),東証PRM,"1,860",-15,-0.8,"41,900",2026/08/21
882,882,8961,森トラストリート投資法人,東証,"74,400",-600,-0.8,"3,217",2026/08/21
883,883,2845,(NEXT FUNDS) NASDAQ-100(H有)連動型上場投信,東証ETF,"3,524",-28,-0.79,"2,771",2026/08/21
884,884,302A,(株)ビースタイルホールディングス,東証GRT,625,-5,-0.79,"2,000",2026/08/21
885,885,4043,(株)トクヤマ,東証PRM,"4,039",-32,-0.79,"385,500",2026/08/21
886,886,4887,サワイグループホールディングス(株),東証PRM,"1,632",-13,-0.79,"425,400",2026/08/21
887,887,587A,インベスコ QQQ トラスト シリーズ1,東証ETF,"113,200",-900,-0.79,307,2026/08/21
888,888,6284,日精エー・エス・ビー機械(株),東証PRM,"8,760",-70,-0.79,"27,800",2026/08/21
889,889,8954,オリックス不動産投資法人,東証,"100,000",-800,-0.79,"12,402",2026/08/21
890,890,8972,KDX不動産投資法人,東証,"149,900","-1,200",-0.79,"8,653",2026/08/21
891,891,178A,GX 革新的優良企業,東証ETF,"1,662",-13,-0.78,"10,208",2026/08/21
892,892,3470,マリモ地方創生リート投資法人,東証,"101,800",-800,-0.78,920,2026/08/21
893,893,3931,(株)バリューゴルフ,東証GRT,"1,523",-12,-0.78,"1,200",2026/08/21
894,894,4220,リケンテクノス(株),東証PRM,"2,659",-21,-0.78,"87,300",2026/08/21
895,895,4430,東海ソフト(株),東証STD,"1,663",-13,-0.78,"10,300",2026/08/21
896,896,5707,東邦亜鉛(株),東証PRM,"1,145",-9,-0.78,"1,219,600",2026/08/21
897,897,5729,日本精鉱(株),東証STD,"1,786",-14,-0.78,"14,600",2026/08/21
898,898,6925,ウシオ電機(株),東証PRM,"3,824",-30,-0.78,"312,800",2026/08/21
899,899,9273,コーア商事ホールディングス(株),東証PRM,767,-6,-0.78,"34,000",2026/08/21
900,900,9343,(株)アイビス,東証GRT,766,-6,-0.78,"44,900",2026/08/21
901,901,9478,ＳＥホールディングス・アンド・インキュベーションズ(株),東証STD,511,-4,-0.78,"4,400",2026/08/21
902,902,2327,日鉄ソリューションズ(株),東証PRM,"3,866",-30,-0.77,"273,000",2026/08/21
903,903,3563,(株)ＦＯＯＤ　＆　ＬＩＦＥ　ＣＯＭＰＡＮＩＥＳ,東証PRM,"5,549",-43,-0.77,"1,790,200",2026/08/21
904,904,4019,(株)スタメン,東証GRT,642,-5,-0.77,"80,800",2026/08/21
905,905,6055,ジャパンマテリアル(株),東証PRM,"2,067",-16,-0.77,"438,400",2026/08/21
906,906,6367,ダイキン工業(株),東証PRM,"20,700",-160,-0.77,"1,095,200",2026/08/21
907,907,6488,(株)ヨシタケ,東証STD,"1,034",-8,-0.77,"4,600",2026/08/21
908,908,6535,(株)アイモバイル,東証PRM,515,-4,-0.77,"291,500",2026/08/21
909,909,6666,リバーエレテック(株),東証STD,772,-6,-0.77,"44,600",2026/08/21
910,910,7570,橋本総業ホールディングス(株),東証STD,"1,409",-11,-0.77,"16,600",2026/08/21
911,911,9791,(株)ビケンテクノ,東証STD,"1,160",-9,-0.77,700,2026/08/21
912,912,1653,iFreeETF MSCIジャパンESGセレクト･リーダーズ,東証ETF,"5,071",-39,-0.76,10,2026/08/21
913,913,2376,(株)サイネックス,東証STD,784,-6,-0.76,"1,200",2026/08/21
914,914,3536,アクサスホールディングス(株),東証STD,130,-1,-0.76,"8,100",2026/08/21
915,915,4438,(株)Ｗｅｌｂｙ,東証GRT,260,-2,-0.76,"6,200",2026/08/21
916,916,4732,(株)ユー・エス・エス,東証PRM,"1,960",-15,-0.76,"1,028,300",2026/08/21
917,917,4973,日本高純度化学(株),東証PRM,"4,600",-35,-0.76,"42,300",2026/08/21
918,918,534A,NZAM 上場投信 NASDAQ100(H無),東証ETF,"2,364",-18,-0.76,46,2026/08/21
919,919,5580,(株)プロディライト,東証GRT,"1,707",-13,-0.76,"1,600",2026/08/21
920,920,6748,星和電機(株),東証STD,786,-6,-0.76,"4,500",2026/08/21
921,921,6797,名古屋電機工業(株),東証STD,"1,171",-9,-0.76,700,2026/08/21
922,922,8624,いちよし証券(株),東証PRM,"1,705",-13,-0.76,"136,200",2026/08/21
923,923,148A,(株)ハッチ・ワーク,東証GRT,"1,722",-13,-0.75,600,2026/08/21
924,924,1686,WisdomTree 産業用金属上場投信,東証ETF,"3,045",-23,-0.75,40,2026/08/21
925,925,2338,クオンタムソリューションズ(株),東証STD,133,-1,-0.75,"568,900",2026/08/21
926,926,2627,GX eコマース-日本株式,東証ETF,"1,585",-12,-0.75,130,2026/08/21
927,927,3468,スターアジア不動産投資法人,東証,"53,200",-400,-0.75,"3,836",2026/08/21
928,928,3691,(株)デジタルプラス,東証GRT,"1,856",-14,-0.75,"13,500",2026/08/21
929,929,377A,(株)エージェントＩＧホールディングス,名証MN,"1,058",-8,-0.75,"1,200",2026/08/21
930,930,3798,ＵＬＳグループ(株),東証STD,529,-4,-0.75,"121,600",2026/08/21
931,931,3927,(株)フーバーブレイン,東証STD,923,-7,-0.75,"18,400",2026/08/21
932,932,5965,(株)フジマック,東証STD,"1,194",-9,-0.75,"4,700",2026/08/21
933,933,6727,(株)ワコム,東証PRM,794,-6,-0.75,"271,000",2026/08/21
934,934,8984,大和ハウスリート投資法人,東証,"119,600",-900,-0.75,"5,887",2026/08/21
935,935,1852,(株)淺沼組,東証PRM,933,-7,-0.74,"399,400",2026/08/21
936,936,2097,GX レジデンシャル・J-REIT,東証ETF,941,-7,-0.74,"1,369",2026/08/21
937,937,2247,iFreeETF S&P500(H無),東証ETF,"2,290",-17,-0.74,"4,760",2026/08/21
938,938,341A,(株)トヨコー,東証GRT,"2,010",-15,-0.74,"19,800",2026/08/21
939,939,3452,(株)ビーロット,東証STD,"1,482",-11,-0.74,"46,400",2026/08/21
940,940,3660,(株)アイスタイル,東証PRM,533,-4,-0.74,"1,635,700",2026/08/21
941,941,4299,(株)ハイマックス,東証STD,"1,213",-9,-0.74,"5,200",2026/08/21
942,942,4463,日華化学(株),東証STD,"2,000",-15,-0.74,"28,500",2026/08/21
943,943,548A,(株)システムエグゼ,東証STD,941,-7,-0.74,"3,800",2026/08/21
944,944,585A,日本バリュー・ボトムアップ株式投資戦略,東証ETF,"1,069",-8,-0.74,28,2026/08/21
945,945,6544,ジャパンエレベーターサービスホールディングス(株),東証PRM,"1,551.5",-11.5,-0.74,"542,900",2026/08/21
946,946,6638,(株)ミマキエンジニアリング,東証PRM,"1,885",-14,-0.74,"85,800",2026/08/21
947,947,7162,アストマックス(株),東証STD,267,-2,-0.74,"2,400",2026/08/21
948,948,7361,(株)ヒューマンクリエイションホールディングス,東証GRT,"1,200",-9,-0.74,"4,600",2026/08/21
949,949,8118,(株)キング,東証STD,"1,205",-9,-0.74,900,2026/08/21
950,950,8960,ユナイテッド・アーバン投資法人,東証,"160,600","-1,200",-0.74,"7,259",2026/08/21
951,951,8975,いちごオフィスリート投資法人,東証,"94,000",-700,-0.74,"2,536",2026/08/21
952,952,9444,(株)トーシンホールディングス,東証STD,268,-2,-0.74,"8,900",2026/08/21
953,953,1579,日経平均ブル2倍上場投信,東証ETF,746.5,-5.5,-0.73,"11,945,720",2026/08/21
954,954,1777,川崎設備工業(株),名証MN,"2,327",-17,-0.73,"4,400",2026/08/21
955,955,2514,(NEXT FUNDS)外国株式･MSCI-KOKUSAI(H有),東証ETF,"2,040",-15,-0.73,71,2026/08/21
956,956,3439,(株)三ツ知,東証STD,680,-5,-0.73,"3,300",2026/08/21
957,957,392A,iシェアーズ NASDAQ トップ 30,東証ETF,272,-2,-0.73,"46,750",2026/08/21
958,958,4182,三菱ガス化学(株),東証PRM,"3,829",-28,-0.73,"1,469,400",2026/08/21
959,959,6626,ＳＥＭＩＴＥＣ(株),東証STD,"2,178",-16,-0.73,"11,700",2026/08/21
960,960,6988,日東電工(株),東証PRM,"3,414",-25,-0.73,"2,230,900",2026/08/21
961,961,7510,(株)たけびし,東証PRM,"2,725",-20,-0.73,"43,600",2026/08/21
962,962,8967,日本ロジスティクスファンド投資法人,東証,"95,200",-700,-0.73,"6,252",2026/08/21
963,963,9346,(株)ココルポート,東証GRT,"1,779",-13,-0.73,"1,800",2026/08/21
964,964,1623,(NEXT FUNDS)鉄鋼･非鉄上場投信,東証ETF,"64,930",-470,-0.72,"1,168",2026/08/21
965,965,183A,MAXIS 米国国債20年超上場投信(H有),東証ETF,428.3,-3.1,-0.72,50,2026/08/21
966,966,2156,セーラー広告(株),東証STD,274,-2,-0.72,"4,500",2026/08/21
967,967,2819,エバラ食品工業(株),東証STD,"2,602",-19,-0.72,"11,800",2026/08/21
968,968,3143,オーウイル(株),東証STD,693,-5,-0.72,"3,300",2026/08/21
969,969,3665,(株)エニグモ,東証PRM,415,-3,-0.72,"101,400",2026/08/21
970,970,4926,(株)シーボン,東証STD,"1,244",-9,-0.72,400,2026/08/21
971,971,5121,藤倉コンポジット(株),東証PRM,"2,745",-20,-0.72,"51,300",2026/08/21
972,972,6033,(株)エクストリーム,東証GRT,"1,662",-12,-0.72,"11,800",2026/08/21
973,973,6038,(株)イード,東証GRT,826,-6,-0.72,"1,100",2026/08/21
974,974,6080,Ｍ＆Ａキャピタルパートナーズ(株),東証PRM,"4,130",-30,-0.72,"125,900",2026/08/21
975,975,7791,ドリームベッド(株),東証STD,823,-6,-0.72,300,2026/08/21
976,976,1619,(NEXT FUNDS)建設･資材上場投信,東証ETF,"44,780",-320,-0.71,184,2026/08/21
977,977,1691,WisdomTree ガソリン上場投信,東証ETF,"14,740",-105,-0.71,22,2026/08/21
978,978,1982,日比谷総合設備(株),東証PRM,"2,933",-21,-0.71,"76,300",2026/08/21
979,979,2148,アイティメディア(株),東証PRM,"1,256",-9,-0.71,"36,100",2026/08/21
980,980,278A,Ｔｅｒｒａ　Ｄｒｏｎｅ(株),東証GRT,"13,960",-100,-0.71,"1,108,100",2026/08/21
981,981,3034,クオールホールディングス(株),東証PRM,"2,510",-18,-0.71,"223,800",2026/08/21
982,982,3920,アイビーシー(株),東証STD,978,-7,-0.71,500,2026/08/21
983,983,4548,生化学工業(株),東証PRM,704,-5,-0.71,"87,500",2026/08/21
984,984,5189,櫻護謨(株),東証STD,"3,480",-25,-0.71,"3,100",2026/08/21
985,985,530A,NZAM 上場投信 東証REIT指数(2・5・8・11月決算型),東証ETF,"1,816",-13,-0.71,13,2026/08/21
986,986,5535,ミガロホールディングス(株),東証PRM,279,-2,-0.71,"126,000",2026/08/21
987,987,6648,(株)かわでん,東証STD,"1,676",-12,-0.71,"35,500",2026/08/21
988,988,7608,(株)エスケイジャパン,東証STD,842,-6,-0.71,"65,400",2026/08/21
989,989,8045,横浜丸魚(株),東証STD,"1,965",-14,-0.71,"3,700",2026/08/21
990,990,8518,日本アジア投資(株),東証STD,139,-1,-0.71,"13,900",2026/08/21
991,991,1365,iFreeETF 日経平均レバレッジ・インデックス,東証ETF,"4,259",-30,-0.7,"264,816",2026/08/21
992,992,2173,(株)博展,東証GRT,709,-5,-0.7,"21,700",2026/08/21
993,993,2621,iシェアーズ 米国債20年超(H有),東証ETF,997,-7,-0.7,"171,611",2026/08/21
994,994,2840,iFreeETF NASDAQ100(H無),東証ETF,"2,684",-19,-0.7,"59,333",2026/08/21
995,995,2860,(NEXT FUNDS) ドイツ株式・DAX(H有),東証ETF,"3,250",-23,-0.7,493,2026/08/21
996,996,2980,ＳＲＥホールディングス(株),東証PRM,"2,403",-17,-0.7,"260,300",2026/08/21
997,997,364A,(NEXT FUNDS) S&P500 配当貴族指数連動型上場投信,東証ETF,"2,555",-18,-0.7,"1,687",2026/08/21
998,998,3661,(株)エムアップホールディングス,東証PRM,851,-6,-0.7,"571,400",2026/08/21
999,999,3843,フリービット(株),東証PRM,"1,697",-12,-0.7,"51,600",2026/08/21
1000,1000,4464,(株)ソフト９９コーポレーション,東証STD,"3,560",-25,-0.7,400,2026/08/21
1001,1001,5032,ＡＮＹＣＯＬＯＲ(株),東証PRM,"2,830",-20,-0.7,"381,100",2026/08/21
1002,1002,533A,NZAM 上場投信 S&P500(H無),東証ETF,"2,285",-16,-0.7,5,2026/08/21
1003,1003,611A,One ETF 日本国債27-30年,東証ETF,989,-7,-0.7,10,2026/08/21
1004,1004,7208,(株)カネミツ,東証STD,"1,280",-9,-0.7,"7,000",2026/08/21
1005,1005,9651,日本プロセス(株),東証STD,"1,980",-14,-0.7,"8,500",2026/08/21
1006,1006,9685,ＫＹＣＯＭホールディングス(株),東証STD,564,-4,-0.7,"3,700",2026/08/21
1007,1007,1597,MAXIS Jリート上場投信,東証ETF,"1,864",-13,-0.69,"206,047",2026/08/21
1008,1008,166A,(株)タスキホールディングス,東証PRM,"1,149",-8,-0.69,"296,100",2026/08/21
1009,1009,3011,(株)バナーズ,東証STD,144,-1,-0.69,"4,200",2026/08/21
1010,1010,4569,杏林製薬(株),東証PRM,"1,158",-8,-0.69,"215,000",2026/08/21
1011,1011,5602,(株)栗本鐵工所,東証PRM,"1,717",-12,-0.69,"383,100",2026/08/21
1012,1012,6092,(株)エンバイオ・ホールディングス,東証STD,862,-6,-0.69,"12,600",2026/08/21
1013,1013,6617,(株)東光高岳,東証PRM,"7,200",-50,-0.69,"107,500",2026/08/21
1014,1014,6994,(株)指月電機製作所,東証STD,"1,153",-8,-0.69,"140,300",2026/08/21
1015,1015,7077,(株)ＡＬｉＮＫインターネット,東証GRT,"1,005",-7,-0.69,"2,600",2026/08/21
1016,1016,9348,(株)ｉｓｐａｃｅ,東証GRT,429,-3,-0.69,"603,800",2026/08/21
1017,1017,2264,森永乳業(株),東証PRM,"1,176",-8,-0.68,"1,432,000",2026/08/21
1018,1018,2566,上場インデックスファンド日経ESGリート,東証ETF,"1,021",-7,-0.68,"9,228",2026/08/21
1019,1019,4265,Ｉｎｓｔｉｔｕｔｉｏｎ　ｆｏｒ　ａ　Ｇｌｏｂａｌ　Ｓｏｃｉｅ(株),東証GRT,294,-2,-0.68,"18,400",2026/08/21
1020,1020,4498,サイバートラスト(株),東証GRT,"1,313",-9,-0.68,"25,300",2026/08/21
1021,1021,449A,ステート・ストリート・スパイダー S&P500 ETF(H無),東証ETF,827.1,-5.7,-0.68,"1,850",2026/08/21
1022,1022,4882,(株)ペルセウスプロテオミクス,東証GRT,147,-1,-0.68,"245,900",2026/08/21
1023,1023,5341,ＡＳＡＨＩ　ＥＩＴＯホールディングス(株),東証STD,147,-1,-0.68,"13,100",2026/08/21
1024,1024,6346,キクカワエンタープライズ(株),東証STD,"5,800",-40,-0.68,100,2026/08/21
1025,1025,6405,鈴茂器工(株),東証STD,"1,162",-8,-0.68,"24,100",2026/08/21
1026,1026,6694,(株)ズーム,東証STD,725,-5,-0.68,"3,800",2026/08/21
1027,1027,7551,(株)ウェッズ,東証STD,730,-5,-0.68,"3,900",2026/08/21
1028,1028,7679,(株)薬王堂ホールディングス,東証PRM,"1,742",-12,-0.68,"55,600",2026/08/21
1029,1029,7800,(株)アミファ,東証STD,"1,016",-7,-0.68,"4,600",2026/08/21
1030,1030,7810,(株)クロスフォー,東証STD,146,-1,-0.68,"50,400",2026/08/21
1031,1031,1926,ライト工業(株),東証PRM,"3,730",-25,-0.67,"91,600",2026/08/21
1032,1032,2224,(株)コモ,東証STD,"3,700",-25,-0.67,"1,400",2026/08/21
1033,1033,2552,上場Ｊリート(東証REIT指数)隔月分配(ミニ),東証ETF,"1,934",-13,-0.67,"1,372",2026/08/21
1034,1034,2626,GX デジタル・イノベーション-日本株式,東証ETF,"3,273",-22,-0.67,914,2026/08/21
1035,1035,4194,ビジョナル(株),東証PRM,"9,261",-62,-0.67,"149,300",2026/08/21
1036,1036,473A,ニッセイ ETF 日経225インデックス,東証ETF,"1,325",-9,-0.67,726,2026/08/21
1037,1037,6200,(株)インソース,東証PRM,737,-5,-0.67,"309,200",2026/08/21
1038,1038,6395,(株)タダノ,東証PRM,"1,343",-9,-0.67,"296,900",2026/08/21
1039,1039,9219,(株)ギックス,東証GRT,887,-6,-0.67,"7,400",2026/08/21
1040,1040,1959,(株)クラフティア,東証PRM,"8,179",-54,-0.66,"183,000",2026/08/21
1041,1041,208A,(株)構造計画研究所ホールディングス,東証STD,"3,015",-20,-0.66,"1,800",2026/08/21
1042,1042,3287,星野リゾート・リート投資法人,東証,"239,500","-1,600",-0.66,"1,383",2026/08/21
1043,1043,3694,(株)オプティム,東証PRM,452,-3,-0.66,"132,800",2026/08/21
1044,1044,5208,(株)有沢製作所,東証PRM,"2,574",-17,-0.66,"185,700",2026/08/21
1045,1045,7746,岡本硝子(株),東証STD,748,-5,-0.66,"119,200",2026/08/21
1046,1046,9739,ＮＳＷ(株),東証PRM,"2,714",-18,-0.66,"32,100",2026/08/21
1047,1047,1345,上場インデックスファンドJリート隔月分配,東証ETF,"1,832",-12,-0.65,"11,453",2026/08/21
1048,1048,1570,(NEXT FUNDS)日経平均レバレッジ上場投信,東証ETF,"69,060",-450,-0.65,"2,146,642",2026/08/21
1049,1049,277A,グロービング(株),東証PRM,"1,846",-12,-0.65,"168,300",2026/08/21
1050,1050,3750,ＡＤＲバイオメディカルホールディングス(株),東証STD,764,-5,-0.65,"22,700",2026/08/21
1051,1051,3815,(株)メディア工房,東証GRT,458,-3,-0.65,"17,900",2026/08/21
1052,1052,5029,サークレイス(株),東証GRT,763,-5,-0.65,"7,600",2026/08/21
1053,1053,5884,(株)クラダシ,東証GRT,616,-4,-0.65,"13,500",2026/08/21
1054,1054,6310,井関農機(株),東証PRM,"1,832",-12,-0.65,"130,900",2026/08/21
1055,1055,6619,ダブル・スコープ(株),東証PRM,152,-1,-0.65,"1,882,500",2026/08/21
1056,1056,7502,(株)プラザホールディングス,東証STD,"1,670",-11,-0.65,"1,500",2026/08/21
1057,1057,7872,エステールホールディングス(株),東証STD,615,-4,-0.65,"2,700",2026/08/21
1058,1058,3727,(株)アプリックス,東証GRT,155,-1,-0.64,"83,900",2026/08/21
1059,1059,7322,(株)三十三フィナンシャルグループ,東証PRM,"2,012",-13,-0.64,"221,200",2026/08/21
1060,1060,7472,(株)鳥羽洋行,東証STD,"3,875",-25,-0.64,100,2026/08/21
1061,1061,7814,(株)日本創発グループ,東証STD,624,-4,-0.64,"12,400",2026/08/21
1062,1062,8364,(株)清水銀行,東証PRM,"3,090",-20,-0.64,"53,400",2026/08/21
1063,1063,9024,(株)西武ホールディングス,東証PRM,"3,409",-22,-0.64,"1,438,200",2026/08/21
1064,1064,9272,ブティックス(株),東証GRT,"1,407",-9,-0.64,"3,200",2026/08/21
1065,1065,2631,MAXIS ナスダック100上場投信,東証ETF,"33,320",-210,-0.63,"12,165",2026/08/21
1066,1066,2742,(株)ハローズ,東証PRM,"3,945",-25,-0.63,"34,400",2026/08/21
1067,1067,4031,片倉コープアグリ(株),東証STD,"1,106",-7,-0.63,"12,300",2026/08/21
1068,1068,564A,GX S&P先進国キャッシュフロー・トップ100,東証ETF,"1,096",-7,-0.63,22,2026/08/21
1069,1069,1716,第一カッター興業(株),東証STD,"1,435",-9,-0.62,"21,700",2026/08/21
1070,1070,2014,iシェアーズ 米国連続増配株 ETF,東証ETF,321.7,-2,-0.62,"98,640",2026/08/21
1071,1071,4256,(株)サインド,東証GRT,959,-6,-0.62,"13,300",2026/08/21
1072,1072,6498,(株)キッツ,東証PRM,"1,927",-12,-0.62,"287,000",2026/08/21
1073,1073,8985,ジャパン・ホテル・リート投資法人,東証,"80,800",-500,-0.62,"17,208",2026/08/21
1074,1074,9729,(株)トーカイ,東証PRM,"2,552",-16,-0.62,"23,100",2026/08/21
1075,1075,1557,State Street SPDR S&P500 ETF,東証ETF,"121,450",-750,-0.61,931,2026/08/21
1076,1076,3296,日本リート投資法人,東証,"81,900",-500,-0.61,"3,745",2026/08/21
1077,1077,3476,投資法人みらい,東証,"40,750",-250,-0.61,"6,761",2026/08/21
1078,1078,366A,ウェルネス・コミュニケーションズ(株),東証GRT,"1,133",-7,-0.61,"18,300",2026/08/21
1079,1079,4026,神島化学工業(株),東証STD,"1,623",-10,-0.61,"32,600",2026/08/21
1080,1080,4202,(株)ダイセル,東証PRM,"1,465.5",-9,-0.61,"644,200",2026/08/21
1081,1081,4534,持田製薬(株),東証PRM,"3,260",-20,-0.61,"43,700",2026/08/21
1082,1082,5262,日本ヒューム(株),東証PRM,"1,142",-7,-0.61,"148,500",2026/08/21
1083,1083,5588,ファーストアカウンティング(株),東証GRT,809,-5,-0.61,"7,800",2026/08/21
1084,1084,7309,(株)シマノ,東証PRM,"20,360",-125,-0.61,"192,200",2026/08/21
1085,1085,7833,(株)アイフィスジャパン,東証STD,649,-4,-0.61,"3,900",2026/08/21
1086,1086,1358,上場インデックス日経レバレッジ指数,東証ETF,"131,900",-800,-0.6,"4,157",2026/08/21
1087,1087,2255,iシェアーズ 米国債20年超,東証ETF,200.1,-1.2,-0.6,"331,270",2026/08/21
1088,1088,3462,野村不動産マスターファンド投資法人,東証,"149,500",-900,-0.6,"4,829",2026/08/21
1089,1089,3945,スーパーバッグ(株),東証STD,"2,155",-13,-0.6,"1,400",2026/08/21
1090,1090,4177,(株)ｉ－ｐｌｕｇ,東証GRT,"1,492",-9,-0.6,300,2026/08/21
1091,1091,6777,ｓａｎｔｅｃ　Ｈｏｌｄｉｎｇｓ(株),東証STD,"18,270",-110,-0.6,"117,700",2026/08/21
1092,1092,6888,アクモス(株),東証STD,501,-3,-0.6,"3,800",2026/08/21
1093,1093,6977,(株)日本抵抗器製作所,東証STD,"1,490",-9,-0.6,"1,200",2026/08/21
1094,1094,8275,(株)フォーバル,東証STD,995,-6,-0.6,"12,300",2026/08/21
1095,1095,8537,(株)大光銀行,東証STD,"2,978",-18,-0.6,"41,800",2026/08/21
1096,1096,9702,(株)アイ・エス・ビー,東証PRM,"2,480",-15,-0.6,"35,300",2026/08/21
1097,1097,2531,宝ホールディングス(株),東証PRM,"2,182",-13,-0.59,"477,300",2026/08/21
1098,1098,2730,(株)エディオン,東証PRM,"2,547",-15,-0.59,"192,800",2026/08/21
1099,1099,4046,(株)大阪ソーダ,東証PRM,"2,011",-12,-0.59,"214,000",2026/08/21
1100,1100,4431,(株)スマレジ,東証GRT,"3,395",-20,-0.59,"58,200",2026/08/21
1101,1101,4481,ベース(株),東証PRM,"3,360",-20,-0.59,"79,400",2026/08/21
1102,1102,6745,ホーチキ(株),東証PRM,"2,015",-12,-0.59,"121,600",2026/08/21
1103,1103,6961,(株)エンプラス,東証PRM,"10,130",-60,-0.59,"212,200",2026/08/21
1104,1104,7887,南海プライウッド(株),東証STD,"1,524",-9,-0.59,"2,700",2026/08/21
1105,1105,8771,イー・ギャランティ(株),東証PRM,"1,838",-11,-0.59,"112,500",2026/08/21
1106,1106,8935,(株)ＦＪネクストホールディングス,東証PRM,"2,038",-12,-0.59,"48,600",2026/08/21
1107,1107,9759,(株)ＮＳＤ,東証PRM,"2,869.5",-17,-0.59,"183,900",2026/08/21
1108,1108,1488,iFreeETF 東証REIT指数,東証ETF,"1,875",-11,-0.58,"26,515",2026/08/21
1109,1109,2633,(NEXT FUNDS) S&P500(H無)連動型上場投信,東証ETF,562,-3.3,-0.58,"59,890",2026/08/21
1110,1110,3040,(株)ソリトンシステムズ,東証PRM,"2,385",-14,-0.58,"90,500",2026/08/21
1111,1111,3111,オーミケンシ(株),東証STD,172,-1,-0.58,"7,200",2026/08/21
1112,1112,349A,SMDAM Active ETF 日本グロース株,東証ETF,849.9,-5,-0.58,"2,210",2026/08/21
1113,1113,5033,(株)ヌーラボ,東証GRT,858,-5,-0.58,"4,900",2026/08/21
1114,1114,6156,(株)エーワン精密,東証STD,"1,872",-11,-0.58,"16,100",2026/08/21
1115,1115,6272,レオン自動機(株),東証PRM,"1,532",-9,-0.58,"110,000",2026/08/21
1116,1116,6370,栗田工業(株),東証PRM,"8,026",-47,-0.58,"547,500",2026/08/21
1117,1117,6562,(株)ジーニー,東証GRT,863,-5,-0.58,"86,900",2026/08/21
1118,1118,7561,(株)ハークスレイホールディングス,東証STD,687,-4,-0.58,"14,900",2026/08/21
1119,1119,9628,燦ホールディングス(株),東証PRM,"1,382",-8,-0.58,"61,300",2026/08/21
1120,1120,1458,楽天 ETF-日経レバレッジ指数連動型,東証ETF,"82,480",-470,-0.57,"102,418",2026/08/21
1121,1121,1967,(株)ヤマト,東証STD,"2,087",-12,-0.57,"11,400",2026/08/21
1122,1122,2459,アウンコンサルティング(株),東証STD,174,-1,-0.57,"17,100",2026/08/21
1123,1123,2558,MAXIS 米国株式(S&P500)上場投信,東証ETF,"3,500",-20,-0.57,"107,252",2026/08/21
1124,1124,4071,(株)プラスアルファ・コンサルティング,東証PRM,"2,254",-13,-0.57,"173,900",2026/08/21
1125,1125,4091,日本酸素ホールディングス(株),東証PRM,"5,629",-32,-0.57,"381,600",2026/08/21
1126,1126,6190,(株)フェニックスバイオ,東証GRT,346,-2,-0.57,"3,800",2026/08/21
1127,1127,6245,(株)ヒラノテクシード,東証STD,"1,739",-10,-0.57,"39,100",2026/08/21
1128,1128,7839,(株)ＳＨＯＥＩ,東証PRM,"2,077",-12,-0.57,"181,600",2026/08/21
1129,1129,1343,(NEXT FUNDS)東証REIT指数連動型上場投信,東証ETF,"1,938",-11,-0.56,"617,760",2026/08/21
1130,1130,3911,(株)Ａｉｍｉｎｇ,東証GRT,176,-1,-0.56,"196,200",2026/08/21
1131,1131,4248,竹本容器(株),東証STD,885,-5,-0.56,"2,000",2026/08/21
1132,1132,4381,ビープラッツ(株),東証GRT,355,-2,-0.56,"371,100",2026/08/21
1133,1133,7730,マニー(株),東証PRM,"1,603",-9,-0.56,"230,100",2026/08/21
1134,1134,9955,(株)ヨンキュウ,東証STD,"2,821",-16,-0.56,"1,200",2026/08/21
1135,1135,1545,(NEXT FUNDS)NASDAQ-100(H無)連動型上場投信,東証ETF,235.7,-1.3,-0.55,"1,529,890",2026/08/21
1136,1136,1689,WisdomTree 天然ガス上場投信,東証ETF,717,-4,-0.55,"40,807",2026/08/21
1137,1137,2307,(株)クロスキャット,東証PRM,"1,087",-6,-0.55,"22,900",2026/08/21
1138,1138,338A,(株)ＺｅｎｍｕＴｅｃｈ,東証GRT,"1,982",-11,-0.55,"21,400",2026/08/21
1139,1139,5035,ＨＯＵＳＥＩ(株),東証GRT,360,-2,-0.55,700,2026/08/21
1140,1140,6358,酒井重工業(株),東証PRM,"2,172",-12,-0.55,"19,300",2026/08/21
1141,1141,6391,(株)加地テック,東証STD,"4,550",-25,-0.55,"2,800",2026/08/21
1142,1142,6473,(株)ジェイテクト,東証PRM,"2,077.5",-11.5,-0.55,"713,100",2026/08/21
1143,1143,7057,(株)エヌ・シー・エヌ,東証STD,900,-5,-0.55,900,2026/08/21
1144,1144,7059,(株)コプロ・ホールディングス,東証PRM,910,-5,-0.55,"139,100",2026/08/21
1145,1145,7091,(株)リビングプラットフォーム,東証GRT,"1,269",-7,-0.55,"2,900",2026/08/21
1146,1146,7135,ジャパンクラフトホールディングス(株),東証STD,181,-1,-0.55,"35,900",2026/08/21
1147,1147,7717,(株)ブイ・テクノロジー,東証PRM,"5,420",-30,-0.55,"192,700",2026/08/21
1148,1148,9554,(株)ＡＶｉＣ,東証GRT,"1,800",-10,-0.55,"37,000",2026/08/21
1149,1149,9837,モリト(株),東証PRM,"1,823",-10,-0.55,"32,600",2026/08/21
1150,1150,1655,iシェアーズ S&P500 米国株 ETF,東証ETF,876.1,-4.8,-0.54,"821,220",2026/08/21
1151,1151,2286,林兼産業(株),東証STD,919,-5,-0.54,"19,100",2026/08/21
1152,1152,2527,NZAM 上場投信 東証REIT Core指数,東証ETF,"1,105",-6,-0.54,336,2026/08/21
1153,1153,2528,iFreeETF 東証REIT Core指数,東証ETF,"1,100",-6,-0.54,"6,239",2026/08/21
1154,1154,2916,仙波糖化工業(株),東証STD,741,-4,-0.54,"2,400",2026/08/21
1155,1155,335A,(株)ミライロ,東証GRT,366,-2,-0.54,"164,800",2026/08/21
1156,1156,3760,(株)ケイブ,東証STD,732,-4,-0.54,"8,600",2026/08/21
1157,1157,3988,(株)ＳＹＳホールディングス,東証STD,557,-3,-0.54,"2,000",2026/08/21
1158,1158,5401,日本製鉄(株),東証PRM,659.4,-3.6,-0.54,"32,500,800",2026/08/21
1159,1159,6850,(株)チノー,東証PRM,"1,671",-9,-0.54,"36,300",2026/08/21
1160,1160,6932,(株)遠藤照明,東証STD,"2,556",-14,-0.54,"17,400",2026/08/21
1161,1161,7245,大同メタル工業(株),東証PRM,"1,283",-7,-0.54,"366,700",2026/08/21
1162,1162,8957,東急リアル・エステート投資法人,東証,"184,800","-1,000",-0.54,"1,433",2026/08/21
1163,1163,9278,ブックオフグループホールディングス(株),東証PRM,"2,955",-16,-0.54,"165,700",2026/08/21
1164,1164,1398,SMDAM 東証REIT指数上場投信,東証ETF,"1,862.5",-10,-0.53,"58,910",2026/08/21
1165,1165,1657,iシェアーズ･コア MSCI 先進国株(除く日本)ETF,東証ETF,"7,316",-39,-0.53,920,2026/08/21
1166,1166,1914,日本基礎技術(株),東証STD,745,-4,-0.53,"11,600",2026/08/21
1167,1167,257A,SMT ETF日本株厳選投資アクティブ,東証ETF,"3,372",-18,-0.53,448,2026/08/21
1168,1168,2858,GX 日経225 カバード・コール (プレミアム再投資型),東証ETF,"1,510",-8,-0.53,459,2026/08/21
1169,1169,4492,(株)ゼネテック,東証STD,373,-2,-0.53,"6,900",2026/08/21
1170,1170,6837,(株)京写,東証STD,373,-2,-0.53,"23,000",2026/08/21
1171,1171,7388,(株)ＦＰパートナー,東証PRM,"2,233",-12,-0.53,"37,100",2026/08/21
1172,1172,8551,(株)北日本銀行,東証PRM,"7,490",-40,-0.53,"33,200",2026/08/21
1173,1173,9385,(株)ショーエイコーポレーション,東証STD,752,-4,-0.53,"8,800",2026/08/21
1174,1174,9563,Ａｔｌａｓ　Ｔｅｃｈｎｏｌｏｇｉｅｓ(株),東証GRT,372,-2,-0.53,"23,400",2026/08/21
1175,1175,9682,(株)ＤＴＳ,東証PRM,"1,116",-6,-0.53,"408,100",2026/08/21
1176,1176,9769,(株)学究社,東証PRM,"2,624",-14,-0.53,"10,300",2026/08/21
1177,1177,2489,(株)アドウェイズ,東証STD,380,-2,-0.52,"144,900",2026/08/21
1178,1178,2726,(株)パルグループホールディングス,東証PRM,"1,524",-8,-0.52,"597,500",2026/08/21
1179,1179,3290,Oneリート投資法人,東証,"77,000",-400,-0.52,"2,251",2026/08/21
1180,1180,5241,(株)日本オーエー研究所,名証MN,769,-4,-0.52,500,2026/08/21
1181,1181,6390,(株)加藤製作所,東証PRM,"1,345",-7,-0.52,"68,500",2026/08/21
1182,1182,6566,(株)要興業,東証STD,"1,333",-7,-0.52,300,2026/08/21
1183,1183,7350,(株)おきなわフィナンシャルグループ,東証PRM,"7,650",-40,-0.52,"52,100",2026/08/21
1184,1184,2866,GX 米国優先証券,東証ETF,985,-5,-0.51,"51,236",2026/08/21
1185,1185,3105,日清紡ホールディングス(株),東証PRM,"2,135",-11,-0.51,"833,400",2026/08/21
1186,1186,3132,マクニカホールディングス(株),東証PRM,"3,332",-17,-0.51,"732,900",2026/08/21
1187,1187,3306,日本製麻(株),東証STD,589,-3,-0.51,"47,100",2026/08/21
1188,1188,3922,(株)ＰＲ　ＴＩＭＥＳ,東証PRM,"2,140",-11,-0.51,"29,900",2026/08/21
1189,1189,6871,(株)日本マイクロニクス,東証PRM,"13,690",-70,-0.51,"1,102,500",2026/08/21
1190,1190,7273,(株)イクヨ,東証STD,583,-3,-0.51,"52,600",2026/08/21
1191,1191,7372,(株)デコルテ・ホールディングス,東証GRT,390,-2,-0.51,"2,100",2026/08/21
1192,1192,9327,(株)イー・ロジット,東証STD,194,-1,-0.51,"13,100",2026/08/21
1193,1193,1835,東鉄工業(株),東証PRM,"3,950",-20,-0.5,"64,800",2026/08/21
1194,1194,2670,(株)エービーシー・マート,東証PRM,"2,793.5",-14,-0.5,"363,000",2026/08/21
1195,1195,3048,(株)ビックカメラ,東証PRM,"1,790",-9,-0.5,"1,201,800",2026/08/21
1196,1196,3628,(株)データホライゾン,東証GRT,592,-3,-0.5,"2,500",2026/08/21
1197,1197,4521,科研製薬(株),東証PRM,"3,985",-20,-0.5,"269,200",2026/08/21
1198,1198,4558,(株)中京医薬品,東証STD,200,-1,-0.5,"16,100",2026/08/21
1199,1199,4777,(株)ガーラ,東証STD,200,-1,-0.5,"52,600",2026/08/21
1200,1200,5599,Ｓ＆Ｊ(株),東証GRT,990,-5,-0.5,"11,500",2026/08/21
1201,1201,6063,日本エマージェンシーアシスタンス(株),東証STD,"1,005",-5,-0.5,100,2026/08/21
1202,1202,6486,イーグル工業(株),東証PRM,"2,990",-15,-0.5,"57,500",2026/08/21
1203,1203,6522,(株)アスタリスク,東証GRT,"2,008",-10,-0.5,"613,900",2026/08/21
1204,1204,7636,(株)ハンズマン,東証STD,790,-4,-0.5,"13,000",2026/08/21
1205,1205,8181,(株)東天紅,東証STD,990,-5,-0.5,"7,700",2026/08/21
1206,1206,9558,ジャパニアス(株),東証GRT,"1,972",-10,-0.5,"5,400",2026/08/21
1207,1207,2122,(株)インタースペース,東証STD,"1,422",-7,-0.49,"2,800",2026/08/21
1208,1208,248A,(株)キッズスター,東証GRT,814,-4,-0.49,"1,100",2026/08/21
1209,1209,2643,(NEXTFUNDS) MSCIジャパンカントリー指数(セレクト),東証ETF,"4,252",-21,-0.49,45,2026/08/21
1210,1210,2993,(株)長栄,東証STD,"2,235",-11,-0.49,"1,400",2026/08/21
1211,1211,4547,キッセイ薬品工業(株),東証PRM,"4,095",-20,-0.49,"38,800",2026/08/21
1212,1212,5703,日本軽金属ホールディングス(株),東証PRM,"3,025",-15,-0.49,"173,000",2026/08/21
1213,1213,573A,iシェアーズ 日本国債20年超,東証ETF,491.2,-2.4,-0.49,"31,220",2026/08/21
1214,1214,6584,三桜工業(株),東証PRM,809,-4,-0.49,"294,300",2026/08/21
1215,1215,237A,iシェアーズ 米国債25年超 ロングデュレーション,東証ETF,146.3,-0.7,-0.48,"365,490",2026/08/21
1216,1216,2477,手間いらず(株),東証STD,"3,090",-15,-0.48,"9,300",2026/08/21
1217,1217,2488,ＪＴＰ(株),東証STD,"1,451",-7,-0.48,"3,500",2026/08/21
1218,1218,3435,サンコーテクノ(株),東証STD,"1,453",-7,-0.48,"2,400",2026/08/21
1219,1219,426A,ニッセイ ETF S&P500イコール・ウェイト(H無),東証ETF,"1,254",-6,-0.48,"9,756",2026/08/21
1220,1220,6189,(株)グローバルキッズＣＯＭＰＡＮＹ,東証STD,"1,031",-5,-0.48,"3,700",2026/08/21
1221,1221,6191,(株)エアトリ,東証PRM,835,-4,-0.48,"76,400",2026/08/21
1222,1222,6844,新電元工業(株),東証PRM,"3,080",-15,-0.48,"62,300",2026/08/21
1223,1223,9143,ＳＧホールディングス(株),東証PRM,"1,566",-7.5,-0.48,"1,402,000",2026/08/21
1224,1224,168A,(株)イタミアート,東証GRT,"1,065",-5,-0.47,800,2026/08/21
1225,1225,1807,(株)佐藤渡辺,東証STD,"1,886",-9,-0.47,600,2026/08/21
1226,1226,2127,(株)日本Ｍ＆Ａセンターホールディングス,東証PRM,674.8,-3.2,-0.47,"1,480,800",2026/08/21
1227,1227,2204,(株)中村屋,東証STD,"3,190",-15,-0.47,"7,300",2026/08/21
1228,1228,2982,(株)ＡＤワークスグループ,東証PRM,421,-2,-0.47,"131,200",2026/08/21
1229,1229,3417,大木ヘルスケアホールディングス(株),東証STD,"1,055",-5,-0.47,"3,600",2026/08/21
1230,1230,3418,(株)バルニバービ,東証GRT,"1,048",-5,-0.47,"27,200",2026/08/21
1231,1231,3471,三井不動産ロジスティクスパーク投資法人,東証,"106,100",-500,-0.47,"5,847",2026/08/21
1232,1232,3680,(株)ホットリンク,東証GRT,212,-1,-0.47,"28,600",2026/08/21
1233,1233,3841,(株)ジーダット,東証STD,"1,280",-6,-0.47,700,2026/08/21
1234,1234,4166,かっこ(株),東証GRT,632,-3,-0.47,"1,800",2026/08/21
1235,1235,5304,ＳＥＣカーボン(株),東証STD,"2,535",-12,-0.47,"13,500",2026/08/21
1236,1236,5410,合同製鐵(株),東証PRM,"2,970",-14,-0.47,"89,900",2026/08/21
1237,1237,6287,(株)サトー,東証PRM,"2,759",-13,-0.47,"120,900",2026/08/21
1238,1238,8844,(株)コスモスイニシア,東証STD,"1,262",-6,-0.47,"25,000",2026/08/21
1239,1239,9268,(株)オプティマスグループ,東証STD,422,-2,-0.47,"184,200",2026/08/21
1240,1240,9270,バリュエンスホールディングス(株),東証GRT,"2,139",-10,-0.47,"82,500",2026/08/21
1241,1241,9285,東京インフラ・エネルギー投資法人,東証,"42,050",-200,-0.47,508,2026/08/21
1242,1242,9723,(株)京都ホテル,東証STD,634,-3,-0.47,400,2026/08/21
1243,1243,3201,ニッケ,東証PRM,"1,953",-9,-0.46,"61,000",2026/08/21
1244,1244,3300,(株)アンビション　ＤＸ　ホールディングス,東証GRT,"1,935",-9,-0.46,"102,200",2026/08/21
1245,1245,4507,塩野義製薬(株),東証PRM,"2,919",-13.5,-0.46,"2,335,100",2026/08/21
1246,1246,467A,GX 米ドル建て投資適格社債(H有),東証ETF,278.3,-1.3,-0.46,600,2026/08/21
1247,1247,6005,三浦工業(株),東証PRM,"3,044",-14,-0.46,"321,700",2026/08/21
1248,1248,6289,(株)技研製作所,東証PRM,"1,950",-9,-0.46,"58,900",2026/08/21
1249,1249,8344,(株)山形銀行,東証PRM,"4,365",-20,-0.46,"99,000",2026/08/21
1250,1250,9083,神姫バス(株),東証STD,"1,966",-9,-0.46,"1,900",2026/08/21
1251,1251,9246,(株)プロジェクトホールディングス,東証GRT,"1,085",-5,-0.46,"5,700",2026/08/21
1252,1252,9325,ファイズホールディングス(株),東証STD,"1,075",-5,-0.46,"6,300",2026/08/21
1253,1253,9913,日邦産業(株),東証STD,"3,260",-15,-0.46,"3,900",2026/08/21
1254,1254,2317,(株)システナ,東証PRM,440,-2,-0.45,"539,100",2026/08/21
1255,1255,2385,(株)総医研ホールディングス,東証GRT,220,-1,-0.45,"22,900",2026/08/21
1256,1256,2645,GX レジャー&エンターテインメント-日本株式,東証ETF,"3,069",-14,-0.45,27,2026/08/21
1257,1257,2852,iシェアーズ グリーンJリート,東証ETF,175.6,-0.8,-0.45,"1,150",2026/08/21
1258,1258,2971,エスコンジャパンリート投資法人,東証,"110,600",-500,-0.45,467,2026/08/21
1259,1259,2972,サンケイリアルエステート投資法人,東証,"111,800",-500,-0.45,"1,547",2026/08/21
1260,1260,3463,いちごホテルリート投資法人,東証,"111,000",-500,-0.45,520,2026/08/21
1261,1261,3987,エコモット(株),東証GRT,665,-3,-0.45,"13,600",2026/08/21
1262,1262,408A,iシェアーズ AI グローバル・イノベーション アクティブ,東証ETF,290.2,-1.3,-0.45,"180,370",2026/08/21
1263,1263,4284,(株)ソルクシーズ,東証STD,442,-2,-0.45,"17,200",2026/08/21
1264,1264,4375,セーフィー(株),東証GRT,667,-3,-0.45,"252,400",2026/08/21
1265,1265,7292,(株)村上開明堂,東証STD,"6,670",-30,-0.45,"5,700",2026/08/21
1266,1266,8966,平和不動産リート投資法人,東証,"132,000",-600,-0.45,"3,654",2026/08/21
1267,1267,9876,(株)コックス,東証STD,219,-1,-0.45,"22,000",2026/08/21
1268,1268,1720,東急建設(株),東証PRM,"1,143",-5,-0.44,"265,300",2026/08/21
1269,1269,2087,NZAM 上場投信 NASDAQ100(H有),東証ETF,"3,425",-15,-0.44,19,2026/08/21
1270,1270,283A,GX USテック・配当貴族,東証ETF,"1,348",-6,-0.44,"3,372",2026/08/21
1271,1271,3221,(株)ヨシックスホールディングス,東証PRM,"3,370",-15,-0.44,"17,300",2026/08/21
1272,1272,3626,ＴＩＳＩ(株),東証PRM,"3,820",-17,-0.44,"583,400",2026/08/21
1273,1273,3935,(株)エディア,東証STD,676,-3,-0.44,"20,500",2026/08/21
1274,1274,4247,ポバール興業(株),東証STD,"1,372",-6,-0.44,500,2026/08/21
1275,1275,4970,東洋合成工業(株),東証STD,"11,390",-50,-0.44,"126,600",2026/08/21
1276,1276,5187,クリエートメディック(株),東証STD,"1,138",-5,-0.44,"1,000",2026/08/21
1277,1277,6291,日本エアーテック(株),東証STD,"1,352",-6,-0.44,"17,400",2026/08/21
1278,1278,8086,ニプロ(株),東証PRM,"1,586",-7,-0.44,"891,900",2026/08/21
1279,1279,8897,ＭＩＲＡＲＴＨホールディングス(株),東証PRM,457,-2,-0.44,"789,400",2026/08/21
1280,1280,9713,(株)ロイヤルホテル,東証STD,900,-4,-0.44,"7,200",2026/08/21
1281,1281,9950,(株)ハチバン,東証STD,"3,415",-15,-0.44,900,2026/08/21
1282,1282,2083,(NEXT FUNDS) 日本成長株アクティブ,東証ETF,"3,954",-17,-0.43,"6,251",2026/08/21
1283,1283,2186,ソーバル(株),東証STD,918,-4,-0.43,"7,200",2026/08/21
1284,1284,272A,(株)グリーンクロスホールディングス,福証,"1,380",-6,-0.43,"1,300",2026/08/21
1285,1285,2753,(株)あみやき亭,東証PRM,"1,391",-6,-0.43,"22,400",2026/08/21
1286,1286,2846,(NEXT FUNDS) ダウ・ジョーンズ工業株30種(H有),東証ETF,"2,567",-11,-0.43,739,2026/08/21
1287,1287,3079,ディーブイエックス(株),東証STD,932,-4,-0.43,"7,100",2026/08/21
1288,1288,3679,(株)じげん,東証PRM,463,-2,-0.43,"276,200",2026/08/21
1289,1289,3928,(株)マイネット,東証STD,234,-1,-0.43,"6,300",2026/08/21
1290,1290,4187,大阪有機化学工業(株),東証PRM,"4,615",-20,-0.43,"136,000",2026/08/21
1291,1291,4347,ブロードメディア(株),東証STD,"1,640",-7,-0.43,"16,800",2026/08/21
1292,1292,436A,サイバーソリューションズ(株),東証GRT,"1,163",-5,-0.43,"24,500",2026/08/21
1293,1293,5621,(株)ヒューマンテクノロジーズ,東証GRT,"1,630",-7,-0.43,"27,900",2026/08/21
1294,1294,7515,(株)マルヨシセンター,東証STD,"4,640",-20,-0.43,200,2026/08/21
1295,1295,8005,(株)スクロール,東証PRM,"1,838",-8,-0.43,"262,800",2026/08/21
1296,1296,9162,(株)ブリーチ,東証GRT,231,-1,-0.43,"6,800",2026/08/21
1297,1297,9286,エネクス・インフラ投資法人,東証,"46,500",-200,-0.43,808,2026/08/21
1298,1298,1433,ベステラ(株),東証PRM,"1,195",-5,-0.42,"12,500",2026/08/21
1299,1299,1813,(株)不動テトラ,東証PRM,"2,821",-12,-0.42,"55,600",2026/08/21
1300,1300,2069,NEXT NOTES 低ベータ50(NR)ETN,東証ETF,"22,630",-95,-0.42,14,2026/08/21
1301,1301,2379,ディップ(株),東証PRM,"1,880",-8,-0.42,"220,400",2026/08/21
1302,1302,2861,上場インデックスファンドフランス国債(H無),東証ETF,"5,659",-24,-0.42,6,2026/08/21
1303,1303,313A,iシェアーズ S&P500 トップ20 ETF,東証ETF,261.4,-1.1,-0.42,"9,210",2026/08/21
1304,1304,4429,リックソフト(株),東証GRT,716,-3,-0.42,500,2026/08/21
1305,1305,6629,テクノホライゾン(株),東証STD,956,-4,-0.42,"189,100",2026/08/21
1306,1306,7072,(株)インティメート・マージャー,東証GRT,"1,172",-5,-0.42,"4,000",2026/08/21
1307,1307,7284,盟和産業(株),東証STD,"1,194",-5,-0.42,900,2026/08/21
1308,1308,7908,ＫＩＭＯＴＯ,東証STD,238,-1,-0.42,"36,600",2026/08/21
1309,1309,8056,ＢＩＰＲＯＧＹ(株),東証PRM,"4,546",-19,-0.42,"387,700",2026/08/21
1310,1310,2120,(株)ＬＩＦＵＬＬ,東証PRM,243,-1,-0.41,"1,073,800",2026/08/21
1311,1311,2410,(株)キャリアデザインセンター,東証PRM,"2,922",-12,-0.41,"9,500",2026/08/21
1312,1312,2924,イフジ産業(株),東証STD,"1,927",-8,-0.41,"2,700",2026/08/21
1313,1313,2989,東海道リート投資法人,東証,"97,900",-400,-0.41,"2,005",2026/08/21
1314,1314,3269,アドバンス・レジデンス投資法人,東証,"145,900",-600,-0.41,"4,108",2026/08/21
1315,1315,3645,(株)メディカルネット,東証GRT,242,-1,-0.41,"6,200",2026/08/21
1316,1316,3652,(株)ディジタルメディアプロフェッショナル,東証GRT,"2,412",-10,-0.41,"9,800",2026/08/21
1317,1317,373A,(株)リップス,東証GRT,"1,462",-6,-0.41,"4,000",2026/08/21
1318,1318,3817,(株)ＳＲＡホールディングス,東証PRM,"4,850",-20,-0.41,"20,400",2026/08/21
1319,1319,4406,新日本理化(株),東証STD,245,-1,-0.41,"222,100",2026/08/21
1320,1320,453A,iシェアーズ 米国債20年超プレミアムインカム,東証ETF,755,-3.1,-0.41,"70,400",2026/08/21
1321,1321,6049,(株)イトクロ,東証GRT,245,-1,-0.41,"10,000",2026/08/21
1322,1322,6381,アネスト岩田(株),東証PRM,"1,951",-8,-0.41,"75,300",2026/08/21
1323,1323,6652,ＩＤＥＣ(株),東証PRM,"3,650",-15,-0.41,"92,100",2026/08/21
1324,1324,6664,(株)オプトエレクトロニクス,東証STD,241,-1,-0.41,"8,100",2026/08/21
1325,1325,7030,(株)スプリックス,東証STD,979,-4,-0.41,"17,600",2026/08/21
1326,1326,7201,日産自動車(株),東証PRM,336,-1.4,-0.41,"23,676,300",2026/08/21
1327,1327,8244,(株)近鉄百貨店,東証STD,"1,921",-8,-0.41,"61,200",2026/08/21
1328,1328,9755,応用地質(株),東証PRM,"2,890",-12,-0.41,"38,500",2026/08/21
1329,1329,3204,(株)トーア紡コーポレーション,東証STD,498,-2,-0.4,"4,500",2026/08/21
1330,1330,4076,(株)シイエヌエス,東証GRT,"1,980",-8,-0.4,800,2026/08/21
1331,1331,4168,(株)ヤプリ,東証GRT,748,-3,-0.4,"31,300",2026/08/21
1332,1332,4378,(株)ＣＩＮＣ,東証GRT,500,-2,-0.4,"6,700",2026/08/21
1333,1333,536A,NZAM 上場投信 先進国株式(MSCI-KOKUSAI)(H無),東証ETF,"2,265",-9,-0.4,2,2026/08/21
1334,1334,5391,(株)エーアンドエーマテリアル,東証STD,"1,509",-6,-0.4,"19,200",2026/08/21
1335,1335,6180,ＧＭＯメディア(株),東証GRT,"3,780",-15,-0.4,"1,400",2026/08/21
1336,1336,8065,佐藤商事(株),東証PRM,"3,690",-15,-0.4,"43,200",2026/08/21
1337,1337,1550,MAXIS 海外株式(MSCIコクサイ)上場投信,東証ETF,"8,146",-32,-0.39,722,2026/08/21
1338,1338,1827,(株)ナカノフドー建設,東証STD,"1,287",-5,-0.39,"4,800",2026/08/21
1339,1339,1930,北陸電気工事(株),東証PRM,"1,524",-6,-0.39,"48,400",2026/08/21
1340,1340,2042,NEXT NOTES 東証グロース市場250 ETN,東証ETF,"8,006",-31,-0.39,880,2026/08/21
1341,1341,2152,幼児活動研究会(株),東証STD,"1,534",-6,-0.39,500,2026/08/21
1342,1342,2291,福留ハム(株),東証STD,513,-2,-0.39,200,2026/08/21
1343,1343,2342,(株)トランスジェニックグループ,東証STD,257,-1,-0.39,"48,500",2026/08/21
1344,1344,2664,(株)カワチ薬品,東証PRM,"3,785",-15,-0.39,"107,700",2026/08/21
1345,1345,2687,(株)シー・ヴイ・エス・ベイエリア,東証STD,505,-2,-0.39,"8,100",2026/08/21
1346,1346,4538,扶桑薬品工業(株),東証PRM,"2,303",-9,-0.39,"10,300",2026/08/21
1347,1347,5957,日東精工(株),東証PRM,773,-3,-0.39,"77,300",2026/08/21
1348,1348,6118,アイダエンジニアリング(株),東証PRM,"1,263",-5,-0.39,"62,600",2026/08/21
1349,1349,6306,日工(株),東証PRM,"1,034",-4,-0.39,"126,100",2026/08/21
1350,1350,7347,(株)マーキュリアホールディングス,東証PRM,770,-3,-0.39,"12,600",2026/08/21
1351,1351,7821,前田工繊(株),東証PRM,"2,032",-8,-0.39,"99,700",2026/08/21
1352,1352,8365,(株)富山銀行,東証STD,"2,324",-9,-0.39,"8,000",2026/08/21
1353,1353,9173,東海汽船(株),東証STD,"2,822",-11,-0.39,"1,800",2026/08/21
1354,1354,1429,(株)日本アクア,東証PRM,786,-3,-0.38,"50,500",2026/08/21
1355,1355,1476,iシェアーズ・コア Ｊリート ETF,東証ETF,"1,855",-7,-0.38,"57,323",2026/08/21
1356,1356,1487,上場インデックスファンド米国債券(H有),東証ETF,"11,770",-45,-0.38,976,2026/08/21
1357,1357,258A,SMT ETF国内リート厳選投資アクティブ,東証ETF,"2,078",-8,-0.38,20,2026/08/21
1358,1358,2809,キユーピー(株),東証PRM,"4,779",-18,-0.38,"277,800",2026/08/21
1359,1359,3451,トーセイ・リート投資法人,東証,"131,000",-500,-0.38,514,2026/08/21
1360,1360,3648,ＡＧＳ(株),東証STD,"1,045",-4,-0.38,"6,200",2026/08/21
1361,1361,496A,One ETF 日本国債 17-20年,東証ETF,938.2,-3.6,-0.38,"32,040",2026/08/21
1362,1362,7047,ポート(株),東証GRT,"2,341",-9,-0.38,"135,900",2026/08/21
1363,1363,7114,(株)フーディソン,東証GRT,787,-3,-0.38,"1,400",2026/08/21
1364,1364,1397,SMDAM 日経225上場投信,東証ETF,"66,700",-250,-0.37,468,2026/08/21
1365,1365,1496,iシェアーズ 米ドル建て投資適格社債ETF(H有),東証ETF,"1,629",-6,-0.37,"24,320",2026/08/21
1366,1366,1573,中国H株ベア上場投信,東証ETF,"8,107",-30,-0.37,130,2026/08/21
1367,1367,1822,大豊建設(株),東証STD,807,-3,-0.37,"111,200",2026/08/21
1368,1368,2353,日本駐車場開発(株),東証PRM,269,-1,-0.37,"1,677,200",2026/08/21
1369,1369,2859,(NEXT FUNDS) ユーロ・ストックス50(H有),東証ETF,"3,230",-12,-0.37,153,2026/08/21
1370,1370,2991,(株)ランドネット,東証STD,540,-2,-0.37,"13,800",2026/08/21
1371,1371,3484,(株)イノベーションホールディングス,東証STD,"1,073",-4,-0.37,"4,800",2026/08/21
1372,1372,3492,MIRARTH不動産投資法人,東証,"80,900",-300,-0.37,"5,005",2026/08/21
1373,1373,7743,(株)シード,東証STD,534,-2,-0.37,"20,400",2026/08/21
1374,1374,9436,沖縄セルラー電話(株),東証STD,"4,000",-15,-0.37,"88,200",2026/08/21
1375,1375,2513,(NEXT FUNDS)外国株式･MSCI-KOKUSAI(H無),東証ETF,"3,621",-13,-0.36,"75,645",2026/08/21
1376,1376,2525,NZAM 上場投信 日経225,東証ETF,"66,460",-240,-0.36,783,2026/08/21
1377,1377,4274,細谷火工(株),東証STD,"1,103",-4,-0.36,"8,300",2026/08/21
1378,1378,6088,(株)シグマクシス・ホールディングス,東証PRM,560,-2,-0.36,"355,900",2026/08/21
1379,1379,7875,竹田ｉＰホールディングス(株),東証STD,821,-3,-0.36,"7,800",2026/08/21
1380,1380,8958,グローバル・ワン不動産投資法人,東証,"110,700",-400,-0.36,"3,070",2026/08/21
1381,1381,9552,(株)クオンツ総研ホールディングス,東証PRM,"1,101",-4,-0.36,"805,100",2026/08/21
1382,1382,9709,ＮＣＳ＆Ａ(株),東証STD,"1,365",-5,-0.36,"1,600",2026/08/21
1383,1383,1738,(株)ＮＩＴＴＯＨ,名証MN,575,-2,-0.35,"2,300",2026/08/21
1384,1384,2622,iシェアーズ 米ドル建て新興国債券(H有),東証ETF,"1,704",-6,-0.35,403,2026/08/21
1385,1385,3150,(株)グリムス,東証PRM,"2,529",-9,-0.35,"29,900",2026/08/21
1386,1386,3557,ユナイテッド＆コレクティブ(株),東証GRT,567,-2,-0.35,"10,200",2026/08/21
1387,1387,3910,(株)エムケイシステム,東証STD,283,-1,-0.35,"2,600",2026/08/21
1388,1388,5578,ＡＲアドバンストテクノロジ(株),東証GRT,854,-3,-0.35,"20,500",2026/08/21
1389,1389,5956,トーソー(株),東証STD,572,-2,-0.35,"5,200",2026/08/21
1390,1390,6062,(株)チャーム・ケア・コーポレーション,東証PRM,"1,407",-5,-0.35,"69,400",2026/08/21
1391,1391,6157,日進工具(株),東証STD,854,-3,-0.35,"64,800",2026/08/21
1392,1392,9247,ＴＲＥホールディングス(株),東証PRM,"1,975",-7,-0.35,"215,100",2026/08/21
1393,1393,1330,上場インデックスファンド225,東証ETF,"68,390",-230,-0.34,"14,295",2026/08/21
1394,1394,1569,TOPIXベア上場投信,東証ETF,740.5,-2.5,-0.34,"108,550",2026/08/21
1395,1395,234A,GX MSCI キャッシュフローキング-日本株式,東証ETF,"1,487",-5,-0.34,"1,297",2026/08/21
1396,1396,2937,(株)サンクゼール,東証GRT,"1,741",-6,-0.34,"2,700",2026/08/21
1397,1397,3045,(株)カワサキ,東証STD,"1,487",-5,-0.34,"3,100",2026/08/21
1398,1398,383A,MAXIS S&P500均等ウェイト,東証ETF,"2,669",-9,-0.34,250,2026/08/21
1399,1399,3998,(株)すららネット,東証GRT,289,-1,-0.34,"1,400",2026/08/21
1400,1400,4060,ｒａｋｕｍｏ(株),東証GRT,"1,166",-4,-0.34,"6,200",2026/08/21
1401,1401,4736,日本ラッド(株),東証STD,587,-2,-0.34,800,2026/08/21
1402,1402,5185,(株)フコク,東証PRM,"2,051",-7,-0.34,"43,500",2026/08/21
1403,1403,5936,東洋シヤッター(株),東証STD,887,-3,-0.34,"6,900",2026/08/21
1404,1404,6757,(株)ＯＳＧコーポレーション,東証STD,885,-3,-0.34,"1,900",2026/08/21
1405,1405,9622,(株)スペース,東証PRM,"1,460",-5,-0.34,"44,500",2026/08/21
1406,1406,1554,上場インデックス世界株式(MSCI ACWI)除く日本,東証ETF,"6,871",-23,-0.33,"1,140",2026/08/21
1407,1407,2095,GX S&P500配当貴族 (H有),東証ETF,"1,197",-4,-0.33,48,2026/08/21
1408,1408,2236,GX S&P500配当貴族,東証ETF,"1,512",-5,-0.33,"8,464",2026/08/21
1409,1409,2836,GX フィンテック-日本株式,東証ETF,"3,295",-11,-0.33,54,2026/08/21
1410,1410,3481,三菱地所物流リート投資法人,東証,"119,300",-400,-0.33,"2,123",2026/08/21
1411,1411,4072,(株)電算システムホールディングス,東証PRM,"3,065",-10,-0.33,"30,600",2026/08/21
1412,1412,409A,オリオンビール(株),東証PRM,"1,195",-4,-0.33,"180,900",2026/08/21
1413,1413,414A,(株)オーバーラップホールディングス,東証GRT,902,-3,-0.33,"79,700",2026/08/21
1414,1414,4386,(株)ＳＩＧグループ,東証STD,903,-3,-0.33,"2,000",2026/08/21
1415,1415,4667,アイサンテクノロジー(株),東証STD,"2,105",-7,-0.33,"47,400",2026/08/21
1416,1416,4820,(株)ＥＭシステムズ,東証PRM,609,-2,-0.33,"151,600",2026/08/21
1417,1417,5013,(株)ユシロ,東証STD,"3,040",-10,-0.33,"17,600",2026/08/21
1418,1418,5026,(株)トリプルアイズ,東証GRT,603,-2,-0.33,"12,000",2026/08/21
1419,1419,5929,三和ホールディングス(株),東証PRM,"3,617",-12,-0.33,"524,100",2026/08/21
1420,1420,7389,(株)あいちフィナンシャルグループ,東証PRM,"1,803",-6,-0.33,"548,900",2026/08/21
1421,1421,7888,三光合成(株),東証PRM,915,-3,-0.33,"72,900",2026/08/21
1422,1422,7939,(株)研創,東証STD,609,-2,-0.33,900,2026/08/21
1423,1423,8012,長瀬産業(株),東証PRM,"1,221.5",-4,-0.33,"968,500",2026/08/21
1424,1424,9605,東映(株),東証PRM,"5,980",-20,-0.33,"43,500",2026/08/21
1425,1425,1321,(NEXT FUNDS)日経225連動型上場投信,東証ETF,"68,330",-220,-0.32,"248,412",2026/08/21
1426,1426,1469,JPX日経400ベア2倍上場投信ダブルインバース,東証ETF,186.1,-0.6,-0.32,"11,470",2026/08/21
1427,1427,1482,iシェアーズ・コア 米国債7-10年ETF(H有),東証ETF,"1,540",-5,-0.32,"124,683",2026/08/21
1428,1428,2082,投資家経営者一心同体ETF,東証ETF,"1,261",-4,-0.32,9,2026/08/21
1429,1429,212A,フィットイージー(株),東証PRM,"3,085",-10,-0.32,"63,000",2026/08/21
1430,1430,2517,MAXIS Jリート･コア上場投信,東証ETF,"1,093",-3.5,-0.32,"1,080",2026/08/21
1431,1431,2636,GX MSCIガバナンス・クオリティ-日本株式,東証ETF,"4,920",-16,-0.32,614,2026/08/21
1432,1432,3440,日創グループ(株),東証STD,943,-3,-0.32,"10,200",2026/08/21
1433,1433,356A,GX S&P500 キャッシュフロー・トップ100,東証ETF,"1,561",-5,-0.32,"591,203",2026/08/21
1434,1434,3577,東海染工(株),東証STD,947,-3,-0.32,100,2026/08/21
1435,1435,3640,(株)電算,東証STD,"2,778",-9,-0.32,"5,000",2026/08/21
1436,1436,5616,(株)雨風太陽,東証GRT,630,-2,-0.32,200,2026/08/21
1437,1437,6279,(株)瑞光,東証PRM,925,-3,-0.32,"13,200",2026/08/21
1438,1438,6864,(株)エヌエフホールディングス,東証STD,"1,548",-5,-0.32,"16,700",2026/08/21
1439,1439,8088,岩谷産業(株),東証PRM,"2,177",-7,-0.32,"596,100",2026/08/21
1440,1440,8230,(株)はせがわ,東証STD,312,-1,-0.32,"5,600",2026/08/21
1441,1441,9368,キムラユニティー(株),東証STD,922,-3,-0.32,"9,600",2026/08/21
1442,1442,9562,ビジネスコーチ(株),東証GRT,615,-2,-0.32,"4,200",2026/08/21
1443,1443,3021,(株)パシフィックネット,東証STD,"1,628",-5,-0.31,"12,500",2026/08/21
1444,1444,3420,(株)ケー・エフ・シー,東証STD,"1,608",-5,-0.31,"1,400",2026/08/21
1445,1445,3678,(株)メディアドゥ,東証PRM,"1,289",-4,-0.31,"18,700",2026/08/21
1446,1446,3916,デジタル・インフォメーション・テクノロジー(株),東証PRM,977,-3,-0.31,"60,100",2026/08/21
1447,1447,416A,富士ユナイトホールディングス(株),東証STD,"1,267",-4,-0.31,"3,800",2026/08/21
1448,1448,4180,Ａｐｐｉｅｒ　Ｇｒｏｕｐ(株),東証PRM,"1,305",-4,-0.31,"2,133,000",2026/08/21
1449,1449,4936,(株)アクシージア,東証STD,321,-1,-0.31,"25,100",2026/08/21
1450,1450,9029,(株)ヒガシホールディングス,東証STD,"1,919",-6,-0.31,"2,200",2026/08/21
1451,1451,9627,(株)アインホールディングス,東証PRM,"6,140",-19,-0.31,"98,800",2026/08/21
1452,1452,9767,日建工学(株),東証STD,"1,587",-5,-0.31,"1,500",2026/08/21
1453,1453,1578,上場インデックスファンド日経225(ミニ),東証ETF,"5,266",-16,-0.3,"9,591",2026/08/21
1454,1454,2481,(株)タウンニュース社,東証STD,662,-2,-0.3,"1,200",2026/08/21
1455,1455,2556,One ETF 東証REIT指数,東証ETF,"1,857.5",-5.5,-0.3,"44,310",2026/08/21
1456,1456,2648,(NEXT FUNDS)ブルームバーグ米国国債(7-10年)(H有),東証ETF,"3,352",-10,-0.3,"61,527",2026/08/21
1457,1457,2838,MAXIS 米国国債7-10年上場投信(H無),東証ETF,"8,677",-26,-0.3,"11,219",2026/08/21
1458,1458,2839,MAXIS 米国国債7-10年上場投信(H有),東証ETF,"4,975",-15,-0.3,6,2026/08/21
1459,1459,316A,iFreeETF FANG+,東証ETF,"2,680",-8,-0.3,"131,515",2026/08/21
1460,1460,3513,イチカワ(株),東証STD,"3,370",-10,-0.3,"5,100",2026/08/21
1461,1461,3943,大石産業(株),東証STD,"1,332",-4,-0.3,"2,300",2026/08/21
1462,1462,3962,(株)チェンジホールディングス,東証PRM,"1,010",-3,-0.3,"203,700",2026/08/21
1463,1463,4241,(株)アテクト,東証STD,661,-2,-0.3,"13,100",2026/08/21
1464,1464,5186,ニッタ(株),東証PRM,"6,560",-20,-0.3,"30,000",2026/08/21
1465,1465,6158,(株)和井田製作所,東証STD,987,-3,-0.3,"4,300",2026/08/21
1466,1466,6947,(株)図研,東証PRM,"4,940",-15,-0.3,"30,700",2026/08/21
1467,1467,7224,新明和工業(株),東証PRM,"1,969",-6,-0.3,"126,200",2026/08/21
1468,1468,8345,(株)岩手銀行,東証PRM,"2,325",-7,-0.3,"198,200",2026/08/21
1469,1469,8366,(株)滋賀銀行,東証PRM,"2,666",-8,-0.3,"690,400",2026/08/21
1470,1470,9942,(株)ジョイフル,福証,"1,337",-4,-0.3,"17,300",2026/08/21
1471,1471,1559,(NEXT FUNDS)タイ株式指数連動型上場投信,東証ETF,"4,805",-14,-0.29,937,2026/08/21
1472,1472,1951,エクシオグループ(株),東証PRM,"2,540.5",-7.5,-0.29,"471,000",2026/08/21
1473,1473,2867,GX 自動運転&EV,東証ETF,"1,744",-5,-0.29,225,2026/08/21
1474,1474,3139,(株)ラクト・ジャパン,東証PRM,"3,415",-10,-0.29,"24,900",2026/08/21
1475,1475,3249,産業ファンド投資法人,東証,"137,900",-400,-0.29,"3,533",2026/08/21
1476,1476,3488,セントラル・リート投資法人,東証,"103,300",-300,-0.29,999,2026/08/21
1477,1477,4543,テルモ(株),東証PRM,"2,569",-7.5,-0.29,"4,562,800",2026/08/21
1478,1478,5368,日本インシュレーション(株),東証STD,"1,016",-3,-0.29,"6,100",2026/08/21
1479,1479,5597,ブルーイノベーション(株),東証GRT,"1,363",-4,-0.29,"25,500",2026/08/21
1480,1480,7033,(株)マネジメントソリューションズ,東証PRM,"1,707",-5,-0.29,"106,800",2026/08/21
1481,1481,7112,(株)キューブ,東証GRT,698,-2,-0.29,"1,100",2026/08/21
1482,1482,7681,(株)レオクラン,東証STD,"1,043",-3,-0.29,300,2026/08/21
1483,1483,7729,(株)東京精密,東証PRM,"17,290",-50,-0.29,"377,100",2026/08/21
1484,1484,8013,(株)ナイガイ,東証STD,349,-1,-0.29,"3,900",2026/08/21
1485,1485,9413,(株)テレビ東京ホールディングス,東証PRM,"3,420",-10,-0.29,"68,200",2026/08/21
1486,1486,1356,TOPIXベア2倍上場投信,東証ETF,106.8,-0.3,-0.28,"2,015,750",2026/08/21
1487,1487,2009,鳥越製粉(株),東証STD,"1,085",-3,-0.28,"15,000",2026/08/21
1488,1488,2700,木徳神糧(株),東証STD,"1,790",-5,-0.28,"6,900",2026/08/21
1489,1489,3504,(株)丸八ホールディングス,名証MN,"1,407",-4,-0.28,"3,500",2026/08/21
1490,1490,3607,(株)クラウディアホールディングス,東証STD,362,-1,-0.28,"18,400",2026/08/21
1491,1491,4057,(株)インターファクトリー,東証GRT,353,-1,-0.28,"1,300",2026/08/21
1492,1492,4709,(株)ＩＤホールディングス,東証PRM,"1,076",-3,-0.28,"41,700",2026/08/21
1493,1493,4801,セントラルスポーツ(株),東証PRM,"2,478",-7,-0.28,"8,200",2026/08/21
1494,1494,6554,(株)エスユーエス,東証GRT,"1,070",-3,-0.28,"12,900",2026/08/21
1495,1495,9264,ポエック(株),東証STD,"1,758",-5,-0.28,"15,500",2026/08/21
1496,1496,1595,NZAM 上場投信 東証REIT指数,東証ETF,"1,849",-5,-0.27,"12,559",2026/08/21
1497,1497,2349,(株)エヌアイデイ,東証STD,"2,543",-7,-0.27,"1,100",2026/08/21
1498,1498,2449,(株)プラップジャパン,東証STD,"1,092",-3,-0.27,"3,100",2026/08/21
1499,1499,2751,(株)テンポスホールディングス,東証STD,"3,750",-10,-0.27,"2,300",2026/08/21
1500,1500,2904,一正蒲鉾(株),東証STD,751,-2,-0.27,"17,800",2026/08/21
1501,1501,323A,(株)フライヤー,東証GRT,369,-1,-0.27,"4,400",2026/08/21
1502,1502,3309,積水ハウス・リート投資法人,東証,"73,400",-200,-0.27,"10,221",2026/08/21
1503,1503,4261,アジアクエスト(株),東証GRT,"2,915",-8,-0.27,"2,800",2026/08/21
1504,1504,4448,(株)ｋｕｂｅｌｌ,東証GRT,365,-1,-0.27,"63,300",2026/08/21
1505,1505,488A,iシェアーズ 円高フォーカス ETF,東証ETF,767.6,-2.1,-0.27,"46,120",2026/08/21
1506,1506,6035,(株)アイ・アールジャパンホールディングス,東証STD,738,-2,-0.27,"18,200",2026/08/21
1507,1507,7841,(株)遠藤製作所,東証STD,"1,116",-3,-0.27,"5,300",2026/08/21
1508,1508,8945,サンネクスタグループ(株),東証STD,"1,090",-3,-0.27,"2,600",2026/08/21
1509,1509,8979,スターツプロシード投資法人,東証,"185,800",-500,-0.27,338,2026/08/21
1510,1510,1375,ユキグニファクトリー(株),東証PRM,"1,167",-3,-0.26,"36,200",2026/08/21
1511,1511,162A,AIセレクトメガトレンド日本株(ネットリターン)ETN,東証ETF,"16,995",-45,-0.26,802,2026/08/21
1512,1512,2432,(株)ディー・エヌ・エー,東証PRM,"2,496.5",-6.5,-0.26,"784,900",2026/08/21
1513,1513,3293,アズマハウス(株),東証STD,771,-2,-0.26,"6,300",2026/08/21
1514,1514,3989,シェアリングテクノロジー(株),東証GRT,"1,539",-4,-0.26,"247,000",2026/08/21
1515,1515,517A,iFreeETF 米ドル・べア(1倍),東証ETF,"1,931",-5,-0.26,201,2026/08/21
1516,1516,5984,兼房(株),東証STD,771,-2,-0.26,"5,700",2026/08/21
1517,1517,7885,タカノ(株),東証STD,"1,141",-3,-0.26,"3,200",2026/08/21
1518,1518,8700,丸八証券(株),東証STD,"1,950",-5,-0.26,"2,400",2026/08/21
1519,1519,9233,アジア航測(株),東証STD,"1,155",-3,-0.26,"3,500",2026/08/21
1520,1520,1320,iFreeETF 日経225(年1回決算型),東証ETF,"68,100",-170,-0.25,"14,969",2026/08/21
1521,1521,160A,(株)アズパートナーズ,東証STD,"2,022",-5,-0.25,"8,900",2026/08/21
1522,1522,1676,WisdomTree 貴金属バスケット上場投信,東証ETF,"44,000",-110,-0.25,39,2026/08/21
1523,1523,287A,黒田グループ(株),東証STD,"1,181",-3,-0.25,"423,000",2026/08/21
1524,1524,2935,(株)ピックルスホールディングス,東証PRM,"1,180",-3,-0.25,"20,700",2026/08/21
1525,1525,3174,(株)ハピネス・アンド・ディ,東証STD,404,-1,-0.25,"16,700",2026/08/21
1526,1526,3292,イオンリート投資法人,東証,"120,100",-300,-0.25,"4,265",2026/08/21
1527,1527,3981,(株)ビーグリー,東証STD,"1,200",-3,-0.25,"6,500",2026/08/21
1528,1528,4055,ティアンドエスグループ(株),東証GRT,"1,585",-4,-0.25,"13,800",2026/08/21
1529,1529,4442,バルテス・ホールディングス(株),東証GRT,404,-1,-0.25,"9,600",2026/08/21
1530,1530,6111,旭精機工業(株),名証MN,"2,012",-5,-0.25,900,2026/08/21
1531,1531,6250,(株)やまびこ,東証PRM,"4,045",-10,-0.25,"89,900",2026/08/21
1532,1532,6590,芝浦メカトロニクス(株),東証PRM,"4,030",-10,-0.25,"1,295,100",2026/08/21
1533,1533,7438,コンドーテック(株),東証PRM,"1,608",-4,-0.25,"47,700",2026/08/21
1534,1534,7585,(株)かんなん丸,東証STD,406,-1,-0.25,"3,400",2026/08/21
1535,1535,7883,サンメッセ(株),東証STD,399,-1,-0.25,"2,300",2026/08/21
1536,1536,8159,(株)立花エレテック,東証PRM,"3,965",-10,-0.25,"45,900",2026/08/21
1537,1537,8964,三井不動産商業ファンド投資法人,東証,"79,000",-200,-0.25,"8,986",2026/08/21
1538,1538,1660,MAXIS高利回りJリート上場投信,東証ETF,"10,530",-25,-0.24,613,2026/08/21
1539,1539,192A,インテグループ(株),東証GRT,"1,229",-3,-0.24,"1,100",2026/08/21
1540,1540,205A,(株)ロゴスホールディングス,東証GRT,"1,677",-4,-0.24,"25,500",2026/08/21
1541,1541,2332,(株)クエスト,東証STD,"1,666",-4,-0.24,"8,300",2026/08/21
1542,1542,2371,(株)カカクコム,東証PRM,"3,700",-9,-0.24,"279,700",2026/08/21
1543,1543,3116,トヨタ紡織(株),東証PRM,"2,260",-5.5,-0.24,"623,500",2026/08/21
1544,1544,3395,(株)サンマルクホールディングス,東証PRM,"2,472",-6,-0.24,"89,600",2026/08/21
1545,1545,3848,(株)データ・アプリケーション,東証STD,844,-2,-0.24,"1,100",2026/08/21
1546,1546,4120,スガイ化学工業(株),東証STD,"2,960",-7,-0.24,600,2026/08/21
1547,1547,5697,(株)サンユウ,東証STD,821,-2,-0.24,"11,000",2026/08/21
1548,1548,7343,ブロードマインド(株),東証GRT,"1,250",-3,-0.24,"7,300",2026/08/21
1549,1549,7377,ＤＮホールディングス(株),東証STD,"1,684",-4,-0.24,"2,200",2026/08/21
1550,1550,7749,メディキット(株),東証STD,"2,861",-7,-0.24,"1,100",2026/08/21
1551,1551,9878,(株)セキド,東証STD,413,-1,-0.24,"11,600",2026/08/21
1552,1552,1497,iシェアーズ 米ドル建ハイイールド社債ETF(H有),東証ETF,"1,731",-4,-0.23,"3,489",2026/08/21
1553,1553,1803,清水建設(株),東証PRM,"2,336.5",-5.5,-0.23,"2,144,600",2026/08/21
1554,1554,2256,iシェアーズ 米国総合債券,東証ETF,221,-0.5,-0.23,"62,810",2026/08/21
1555,1555,2408,(株)ＫＧ情報,東証STD,857,-2,-0.23,"3,600",2026/08/21
1556,1556,2652,(株)まんだらけ,東証STD,428,-1,-0.23,"199,300",2026/08/21
1557,1557,2818,(株)ピエトロ,東証STD,"1,760",-4,-0.23,"1,600",2026/08/21
1558,1558,3234,森ヒルズリート投資法人,東証,"128,400",-300,-0.23,"3,667",2026/08/21
1559,1559,3489,(株)フェイスネットワーク,東証STD,871,-2,-0.23,"52,000",2026/08/21
1560,1560,3668,(株)コロプラ,東証PRM,439,-1,-0.23,"523,600",2026/08/21
1561,1561,3835,ｅＢＡＳＥ(株),東証PRM,429,-1,-0.23,"38,200",2026/08/21
1562,1562,3904,(株)カヤック,東証GRT,429,-1,-0.23,"14,700",2026/08/21
1563,1563,4768,(株)大塚商会,東証PRM,"3,478",-8,-0.23,"929,300",2026/08/21
1564,1564,4925,(株)ハーバー研究所,東証STD,"1,717",-4,-0.23,"1,800",2026/08/21
1565,1565,4995,サンケイ化学(株),福証,"1,726",-4,-0.23,100,2026/08/21
1566,1566,550A,(株)ソフトテックス,東証STD,"2,205",-5,-0.23,700,2026/08/21
1567,1567,6651,日東工業(株),東証PRM,"4,395",-10,-0.23,"58,600",2026/08/21
1568,1568,7066,(株)ピアズ,東証GRT,433,-1,-0.23,"13,600",2026/08/21
1569,1569,7674,(株)ＮＡＴＴＹ　ＳＷＡＮＫＹホールディングス,東証GRT,"2,583",-6,-0.23,"2,100",2026/08/21
1570,1570,9193,東京汽船(株),東証STD,857,-2,-0.23,"7,400",2026/08/21
1571,1571,9602,東宝(株),東証PRM,"1,543.5",-3.5,-0.23,"2,395,700",2026/08/21
1572,1572,9687,(株)ＫＳＫ,東証STD,"4,390",-10,-0.23,"1,400",2026/08/21
1573,1573,1457,iFreeETF TOPIXインバース(-1倍)指数,東証ETF,"1,774",-4,-0.22,"44,377",2026/08/21
1574,1574,2013,iシェアーズ 米国高配当株 ETF,東証ETF,317.6,-0.7,-0.22,"114,690",2026/08/21
1575,1575,2257,iシェアーズ 米ドル建て投資適格社債,東証ETF,221.9,-0.5,-0.22,"17,210",2026/08/21
1576,1576,2259,iシェアーズ フランス国債7-10年(H有),東証ETF,179.2,-0.4,-0.22,"1,200",2026/08/21
1577,1577,2475,ＷＤＢホールディングス(株),東証PRM,"1,839",-4,-0.22,"12,400",2026/08/21
1578,1578,2876,(株)デルソーレ,東証STD,462,-1,-0.22,"3,800",2026/08/21
1579,1579,3067,(株)東京一番フーズ,東証STD,459,-1,-0.22,"4,900",2026/08/21
1580,1580,3333,(株)あさひ,東証PRM,"1,357",-3,-0.22,"67,300",2026/08/21
1581,1581,3437,特殊電極(株),東証STD,"2,744",-6,-0.22,200,2026/08/21
1582,1582,3459,サムティ・レジデンシャル投資法人,東証,"89,000",-200,-0.22,"2,382",2026/08/21
1583,1583,379A,GX S&P500 (ダイナミック・プロテクション),東証ETF,"1,356",-3,-0.22,35,2026/08/21
1584,1584,3951,朝日印刷(株),東証STD,899,-2,-0.22,"17,300",2026/08/21
1585,1585,6908,イリソ電子工業(株),東証PRM,"2,737",-6,-0.22,"69,700",2026/08/21
1586,1586,7963,興研(株),東証STD,"1,803",-4,-0.22,"2,400",2026/08/21
1587,1587,1944,(株)きんでん,東証PRM,"6,686",-14,-0.21,"442,200",2026/08/21
1588,1588,2130,(株)メンバーズ,東証PRM,946,-2,-0.21,"40,400",2026/08/21
1589,1589,2185,(株)シイエム・シイ,東証STD,"1,900",-4,-0.21,"1,500",2026/08/21
1590,1590,2789,(株)カルラ,東証STD,474,-1,-0.21,"1,200",2026/08/21
1591,1591,2862,上場インデックスファンドフランス国債(H有),東証ETF,"3,851",-8,-0.21,5,2026/08/21
1592,1592,3175,(株)エー・ピーホールディングス,東証STD,942,-2,-0.21,"10,500",2026/08/21
1593,1593,3280,(株)エストラスト,東証STD,936,-2,-0.21,"3,600",2026/08/21
1594,1594,3766,システムズ・デザイン(株),東証STD,"1,420",-3,-0.21,"2,000",2026/08/21
1595,1595,4671,(株)ファルコホールディングス,東証STD,"2,824",-6,-0.21,"19,900",2026/08/21
1596,1596,4956,コニシ(株),東証PRM,"1,440",-3,-0.21,"44,800",2026/08/21
1597,1597,5464,モリ工業(株),東証STD,945,-2,-0.21,"14,400",2026/08/21
1598,1598,5888,ＤＡＩＷＡ　ＣＹＣＬＥ(株),東証GRT,"2,800",-6,-0.21,200,2026/08/21
1599,1599,6616,トレックス・セミコンダクター(株),東証PRM,"1,933",-4,-0.21,"73,800",2026/08/21
1600,1600,6819,伊豆シャボテンリゾート(株),東証STD,474,-1,-0.21,"8,200",2026/08/21
1601,1601,6919,ケル(株),東証STD,"1,440",-3,-0.21,"9,900",2026/08/21
1602,1602,7625,(株)グローバルダイニング,東証STD,472,-1,-0.21,"2,000",2026/08/21
1603,1603,8091,ニチモウ(株),東証PRM,"2,425",-5,-0.21,"4,800",2026/08/21
1604,1604,9242,メディア総研(株),東証GRT,"1,917",-4,-0.21,700,2026/08/21
1605,1605,9342,(株)スマサポ,東証GRT,935,-2,-0.21,"5,100",2026/08/21
1606,1606,189A,(株)Ｄ＆Ｍカンパニー,東証GRT,981,-2,-0.2,900,2026/08/21
1607,1607,2593,(株)伊藤園,東証PRM,"2,970",-6,-0.2,"225,900",2026/08/21
1608,1608,2647,(NEXT FUNDS)ブルームバーグ米国国債(7-10年)(H無),東証ETF,"5,879",-12,-0.2,"30,225",2026/08/21
1609,1609,2683,(株)魚喜,東証STD,"1,010",-2,-0.2,"1,500",2026/08/21
1610,1610,4014,(株)カラダノート,東証GRT,509,-1,-0.2,"4,600",2026/08/21
1611,1611,4387,(株)ＺＵＵ,東証GRT,496,-1,-0.2,"3,800",2026/08/21
1612,1612,6845,アズビル(株),東証PRM,"1,496",-3,-0.2,"1,564,200",2026/08/21
1613,1613,7111,ＩＮＥＳＴ(株),東証STD,496,-1,-0.2,"1,400",2026/08/21
1614,1614,7485,岡谷鋼機(株),名証PRM,"5,080",-10,-0.2,"6,900",2026/08/21
1615,1615,7614,(株)オーエムツーネットワーク,東証STD,"1,532",-3,-0.2,"1,700",2026/08/21
1616,1616,7793,(株)イメージ・マジック,東証GRT,"1,528",-3,-0.2,200,2026/08/21
1617,1617,7844,(株)マーベラス,東証PRM,503,-1,-0.2,"131,100",2026/08/21
1618,1618,7871,フクビ化学工業(株),東証STD,"1,007",-2,-0.2,200,2026/08/21
1619,1619,9074,日本石油輸送(株),東証STD,"4,990",-10,-0.2,200,2026/08/21
1620,1620,9404,日本テレビホールディングス(株),東証PRM,"2,954.5",-6,-0.2,"319,600",2026/08/21
1621,1621,1329,iシェアーズ・コア 日経225ETF,東証ETF,"6,842",-13,-0.19,"424,258",2026/08/21
1622,1622,1346,MAXIS 日経225上場投信,東証ETF,"68,350",-130,-0.19,"9,665",2026/08/21
1623,1623,1444,(株)ニッソウ,東証GRT,"2,650",-5,-0.19,"1,200",2026/08/21
1624,1624,2162,ｎｍｓホールディングス(株),東証STD,536,-1,-0.19,"5,200",2026/08/21
1625,1625,2242,MAXIS NYダウ上場投信(H有),東証ETF,685.5,-1.3,-0.19,570,2026/08/21
1626,1626,3402,東レ(株),東証PRM,"1,298.5",-2.5,-0.19,"2,919,600",2026/08/21
1627,1627,5332,ＴＯＴＯ(株),東証PRM,"6,351",-12,-0.19,"684,400",2026/08/21
1628,1628,6322,(株)タクミナ,東証STD,"1,587",-3,-0.19,600,2026/08/21
1629,1629,6653,(株)正興電機製作所,東証PRM,"2,142",-4,-0.19,"164,800",2026/08/21
1630,1630,6699,ダイヤモンドエレクトリックホールディングス(株),東証STD,527,-1,-0.19,"73,000",2026/08/21
1631,1631,7044,(株)ピアラ,東証STD,516,-1,-0.19,"5,800",2026/08/21
1632,1632,9034,南総通運(株),東証STD,"1,617",-3,-0.19,"2,100",2026/08/21
1633,1633,9363,(株)大運,東証STD,538,-1,-0.19,"3,600",2026/08/21
1634,1634,9823,(株)マミーマートホールディングス,東証STD,"1,028",-2,-0.19,"48,000",2026/08/21
1635,1635,236A,iシェアーズ 日本国債7-10年,東証ETF,439,-0.8,-0.18,"25,580",2026/08/21
1636,1636,3038,(株)神戸物産,東証PRM,"2,797",-5,-0.18,"1,412,200",2026/08/21
1637,1637,3097,(株)物語コーポレーション,東証PRM,"5,670",-10,-0.18,"155,200",2026/08/21
1638,1638,4068,ベイシス(株),東証GRT,"1,685",-3,-0.18,700,2026/08/21
1639,1639,4750,(株)ダイサン,東証STD,569,-1,-0.18,"2,000",2026/08/21
1640,1640,4920,(株)日本色材工業研究所,東証STD,"1,138",-2,-0.18,200,2026/08/21
1641,1641,9780,(株)ハリマビステム,東証STD,"1,100",-2,-0.18,"5,700",2026/08/21
1642,1642,9987,(株)スズケン,東証PRM,"5,124",-9,-0.18,"119,200",2026/08/21
1643,1643,1473,One ETF トピックス,東証ETF,"4,143",-7,-0.17,"5,190",2026/08/21
1644,1644,1486,上場インデックスファンド米国債券(H無),東証ETF,"23,625",-40,-0.17,"5,704",2026/08/21
1645,1645,2424,(株)ブラス,東証STD,600,-1,-0.17,"1,900",2026/08/21
1646,1646,2480,システム・ロケーション(株),東証STD,"1,725",-3,-0.17,200,2026/08/21
1647,1647,3068,(株)ＷＤＩ,東証STD,"3,025",-5,-0.17,"1,800",2026/08/21
1648,1648,3393,スターティアホールディングス(株),東証PRM,"3,015",-5,-0.17,"11,100",2026/08/21
1649,1649,3918,ＰＣＩホールディングス(株),東証STD,"1,161",-2,-0.17,"4,100",2026/08/21
1650,1650,5867,(株)エスネットワークス,東証GRT,"1,208",-2,-0.17,400,2026/08/21
1651,1651,6050,イー・ガーディアン(株),東証PRM,"1,766",-3,-0.17,"17,400",2026/08/21
1652,1652,6184,(株)鎌倉新書,東証PRM,601,-1,-0.17,"125,900",2026/08/21
1653,1653,6882,(株)三社電機製作所,東証STD,"1,174",-2,-0.17,"36,300",2026/08/21
1654,1654,7975,(株)リヒトラブ,東証STD,"1,141",-2,-0.17,"1,600",2026/08/21
1655,1655,9163,(株)ナレルグループ,東証GRT,"2,354",-4,-0.17,"11,300",2026/08/21
1656,1656,9402,中部日本放送(株),名証PRM,"1,193",-2,-0.17,"7,900",2026/08/21
1657,1657,9438,(株)エムティーアイ,東証PRM,601,-1,-0.17,"25,700",2026/08/21
1658,1658,9656,グリーンランドリゾート(株),東証STD,600,-1,-0.17,"2,500",2026/08/21
1659,1659,175A,(株)Ｗｉｌｌ　Ｓｍａｒｔ,東証GRT,620,-1,-0.16,"2,700",2026/08/21
1660,1660,245A,(株)ＩＮＧＳ,東証GRT,"2,466",-4,-0.16,"1,800",2026/08/21
1661,1661,2555,東証REIT ETF,東証ETF,"1,858",-3,-0.16,"33,870",2026/08/21
1662,1662,2579,コカ・コーラ　ボトラーズジャパンホールディングス(株),東証PRM,"3,863",-6,-0.16,"665,300",2026/08/21
1663,1663,2689,オルバヘルスケアホールディングス(株),東証STD,"1,873",-3,-0.16,"6,000",2026/08/21
1664,1664,386A,(株)みのや,東証STD,"1,266",-2,-0.16,"1,800",2026/08/21
1665,1665,3968,セグエグループ(株),東証PRM,626,-1,-0.16,"165,100",2026/08/21
1666,1666,5570,(株)ジェノバ,東証GRT,608,-1,-0.16,"4,800",2026/08/21
1667,1667,5632,三菱製鋼(株),東証PRM,"2,440",-4,-0.16,"74,100",2026/08/21
1668,1668,5975,東プレ(株),東証PRM,"3,170",-5,-0.16,"83,700",2026/08/21
1669,1669,6393,油研工業(株),東証STD,"3,035",-5,-0.16,"1,200",2026/08/21
1670,1670,6418,日本金銭機械(株),東証PRM,"1,235",-2,-0.16,"140,900",2026/08/21
1671,1671,6834,(株)精工技研,東証STD,"24,800",-40,-0.16,"189,700",2026/08/21
1672,1672,7818,(株)トランザクション,東証PRM,"1,259",-2,-0.16,"283,100",2026/08/21
1673,1673,7916,光村印刷(株),東証STD,"1,887",-3,-0.16,800,2026/08/21
1674,1674,9073,京極運輸商事(株),東証STD,"1,221",-2,-0.16,"1,000",2026/08/21
1675,1675,1369,One ETF 日経225,東証ETF,"66,370",-100,-0.15,"3,632",2026/08/21
1676,1676,1381,(株)アクシーズ,東証STD,"3,410",-5,-0.15,"2,000",2026/08/21
1677,1677,1718,美樹工業(株),東証STD,"6,780",-10,-0.15,400,2026/08/21
1678,1678,1799,第一建設工業(株),東証STD,"3,270",-5,-0.15,"17,000",2026/08/21
1679,1679,2053,中部飼料(株),東証PRM,"2,031",-3,-0.15,"50,700",2026/08/21
1680,1680,2856,iシェアーズ 米国債3-7年 ETF(H有),東証ETF,648.6,-1,-0.15,"159,270",2026/08/21
1681,1681,3148,(株)クリエイトＳＤホールディングス,東証PRM,"3,420",-5,-0.15,"62,100",2026/08/21
1682,1682,3199,綿半ホールディングス(株),東証PRM,"1,328",-2,-0.15,"27,300",2026/08/21
1683,1683,3284,(株)フージャースホールディングス,東証PRM,"1,333",-2,-0.15,"146,800",2026/08/21
1684,1684,3487,CREロジスティクスファンド投資法人,東証,"134,300",-200,-0.15,"2,623",2026/08/21
1685,1685,3993,(株)ＰＫＳＨＡ　Ｔｅｃｈｎｏｌｏｇｙ,東証PRM,"3,305",-5,-0.15,"436,100",2026/08/21
1686,1686,4992,北興化学工業(株),東証STD,"2,055",-3,-0.15,"84,800",2026/08/21
1687,1687,5136,ｔｒｉｐｌａ(株),東証GRT,"1,987",-3,-0.15,"22,200",2026/08/21
1688,1688,5603,虹技(株),東証STD,"1,318",-2,-0.15,"1,200",2026/08/21
1689,1689,6521,(株)オキサイド,東証GRT,"3,345",-5,-0.15,"167,600",2026/08/21
1690,1690,6703,ＯＫＩ,東証PRM,"2,686",-4,-0.15,"596,400",2026/08/21
1691,1691,6823,リオン(株),東証PRM,"3,385",-5,-0.15,"47,900",2026/08/21
1692,1692,7036,(株)イーエムネットジャパン,東証GRT,666,-1,-0.15,"1,000",2026/08/21
1693,1693,7097,(株)さくらさくプラス,東証GRT,"2,729",-4,-0.15,"2,800",2026/08/21
1694,1694,7213,レシップホールディングス(株),東証STD,664,-1,-0.15,"14,600",2026/08/21
1695,1695,7443,横浜魚類(株),東証STD,664,-1,-0.15,"1,300",2026/08/21
1696,1696,7531,清和中央ホールディングス(株),東証STD,"1,295",-2,-0.15,200,2026/08/21
1697,1697,7864,(株)フジシールインターナショナル,東証PRM,"3,280",-5,-0.15,"82,300",2026/08/21
1698,1698,9857,英和(株),東証STD,"2,590",-4,-0.15,500,2026/08/21
1699,1699,1450,ＴＡＮＡＫＥＮ(株),東証STD,"1,457",-2,-0.14,800,2026/08/21
1700,1700,1770,藤田エンジニアリング(株),東証STD,"2,092",-3,-0.14,500,2026/08/21
1701,1701,1905,(株)テノックス,東証STD,"1,458",-2,-0.14,"1,100",2026/08/21
1702,1702,2109,ＤＭ三井製糖(株),東証PRM,"3,660",-5,-0.14,"36,900",2026/08/21
1703,1703,2831,はごろもフーズ(株),東証STD,"3,675",-5,-0.14,"1,600",2026/08/21
1704,1704,2843,上場インデックスファンド豪州国債(H有),東証ETF,"3,680",-5,-0.14,57,2026/08/21
1705,1705,3205,(株)ダイドーリミテッド,東証STD,739,-1,-0.14,"83,500",2026/08/21
1706,1706,3224,(株)ゼネラル・オイスター,東証GRT,694,-1,-0.14,700,2026/08/21
1707,1707,3371,(株)ソフトクリエイトホールディングス,東証PRM,"2,135",-3,-0.14,"56,400",2026/08/21
1708,1708,3591,(株)ワコールホールディングス,東証PRM,"4,254",-6,-0.14,"62,000",2026/08/21
1709,1709,4420,イーソル(株),東証STD,702,-1,-0.14,"24,300",2026/08/21
1710,1710,6482,ＹＵＳＨＩＮ(株),東証STD,733,-1,-0.14,"44,900",2026/08/21
1711,1711,7058,共栄セキュリティーサービス(株),東証STD,"2,928",-4,-0.14,200,2026/08/21
1712,1712,7325,(株)アイリックコーポレーション,東証GRT,697,-1,-0.14,"1,100",2026/08/21
1713,1713,7740,(株)タムロン,東証PRM,"1,382",-2,-0.14,"411,300",2026/08/21
1714,1714,7877,永大化工(株),東証STD,"2,199",-3,-0.14,100,2026/08/21
1715,1715,8614,東洋証券(株),東証PRM,716,-1,-0.14,"602,800",2026/08/21
1716,1716,1898,世紀東急工業(株),東証PRM,"1,500",-2,-0.13,"145,200",2026/08/21
1717,1717,2415,ヒューマンホールディングス(株),東証STD,"1,588",-2,-0.13,"2,000",2026/08/21
1718,1718,3466,ラサールロジポート投資法人,東証,"148,800",-200,-0.13,"2,928",2026/08/21
1719,1719,4331,(株)テイクアンドギヴ・ニーズ,東証PRM,752,-1,-0.13,"60,900",2026/08/21
1720,1720,4437,ｇｏｏｄｄａｙｓホールディングス(株),東証GRT,786,-1,-0.13,"2,300",2026/08/21
1721,1721,4625,アトミクス(株),東証STD,782,-1,-0.13,"2,600",2026/08/21
1722,1722,4763,(株)クリーク・アンド・リバー社,東証PRM,"1,512",-2,-0.13,"33,100",2026/08/21
1723,1723,478A,(株)フツパー,東証GRT,795,-1,-0.13,"37,900",2026/08/21
1724,1724,6078,(株)バリューＨＲ,東証PRM,"1,590",-2,-0.13,"23,100",2026/08/21
1725,1725,6144,西部電機(株),東証STD,"2,982",-4,-0.13,"4,300",2026/08/21
1726,1726,7283,愛三工業(株),東証PRM,"2,305",-3,-0.13,"66,100",2026/08/21
1727,1727,8119,(株)三栄コーポレーション,東証STD,775,-1,-0.13,700,2026/08/21
1728,1728,8860,フジ住宅(株),東証PRM,771,-1,-0.13,"50,000",2026/08/21
1729,1729,9252,(株)ラストワンマイル,東証GRT,"3,865",-5,-0.13,"1,600",2026/08/21
1730,1730,9989,(株)サンドラッグ,東証PRM,"3,712",-5,-0.13,"546,400",2026/08/21
1731,1731,2630,MAXIS 米国株式(S&P500)上場投信(H有),東証ETF,"16,165",-20,-0.12,"3,150",2026/08/21
1732,1732,2649,iシェアーズ 米国政府系機関ジニーメイMBS(H有),東証ETF,579.3,-0.7,-0.12,"5,230",2026/08/21
1733,1733,3154,メディアスホールディングス(株),東証PRM,808,-1,-0.12,"21,900",2026/08/21
1734,1734,4012,(株)アクシス,東証STD,"1,733",-2,-0.12,"4,700",2026/08/21
1735,1735,4088,エア・ウォーター(株),東証PRM,"2,497",-3,-0.12,"965,100",2026/08/21
1736,1736,4760,(株)アルファ,東証STD,"1,699",-2,-0.12,"2,300",2026/08/21
1737,1737,5184,(株)ニチリン,東証STD,"4,140",-5,-0.12,"10,700",2026/08/21
1738,1738,5337,ダントーホールディングス(株),東証STD,828,-1,-0.12,"17,100",2026/08/21
1739,1739,5423,東京製鐵(株),東証PRM,"1,694",-2,-0.12,"203,400",2026/08/21
1740,1740,552A,MAXIS 米国AIインフラ株上場投信,東証ETF,"2,472",-3,-0.12,790,2026/08/21
1741,1741,6208,(株)石川製作所,東証STD,"1,626",-2,-0.12,"31,900",2026/08/21
1742,1742,7512,イオン北海道(株),東証STD,856,-1,-0.12,"93,700",2026/08/21
1743,1743,8511,日本証券金融(株),東証PRM,"2,479",-3,-0.12,"202,100",2026/08/21
1744,1744,2016,iFreeETF 米国国債7-10年(H有),東証ETF,"1,772",-2,-0.11,"66,157",2026/08/21
1745,1745,2641,GX グローバルリーダーズ-日本株式,東証ETF,"4,506",-5,-0.11,"11,304",2026/08/21
1746,1746,3020,アプライド(株),東証STD,"4,360",-5,-0.11,"1,600",2026/08/21
1747,1747,3480,(株)ジェイ・エス・ビー,東証PRM,"8,950",-10,-0.11,"53,200",2026/08/21
1748,1748,4444,(株)インフォネット,東証GRT,951,-1,-0.11,"1,700",2026/08/21
1749,1749,4619,日本特殊塗料(株),東証STD,"2,712",-3,-0.11,"21,900",2026/08/21
1750,1750,5411,ＪＦＥホールディングス(株),東証PRM,"1,845.5",-2,-0.11,"5,838,000",2026/08/21
1751,1751,7299,フジオーゼックス(株),東証STD,"1,854",-2,-0.11,"2,400",2026/08/21
1752,1752,8070,東京産業(株),東証PRM,938,-1,-0.11,"125,700",2026/08/21
1753,1753,8346,(株)東邦銀行,東証PRM,950,-1,-0.11,"657,200",2026/08/21
1754,1754,2046,NEXT NOTES インドNifty･ダブル・ブル ETN,東証ETF,"24,635",-25,-0.1,687,2026/08/21
1755,1755,2559,MAXIS 全世界株式(オール・カントリー)上場投信,東証ETF,"2,997",-3,-0.1,"174,309",2026/08/21
1756,1756,3382,(株)セブン＆アイ・ホールディングス,東証PRM,"2,030.5",-2,-0.1,"8,752,900",2026/08/21
1757,1757,348A,MAXIS 読売333日本株,東証ETF,301.3,-0.3,-0.1,"65,110",2026/08/21
1758,1758,376A,(NEXT FUNDS)ブルームバーグ米国国債(7-10年)(75%H有),東証ETF,"4,854",-5,-0.1,"15,000",2026/08/21
1759,1759,442A,クラシコ(株),東証GRT,984,-1,-0.1,900,2026/08/21
1760,1760,5075,アップコン(株),名証NXT,"1,036",-1,-0.1,200,2026/08/21
1761,1761,515A,iシェアーズ 高格付け日本円社債 ETF,東証ETF,501.2,-0.5,-0.1,80,2026/08/21
1762,1762,5199,不二ラテックス(株),東証STD,"1,999",-2,-0.1,300,2026/08/21
1763,1763,5946,(株)長府製作所,東証PRM,"2,067",-2,-0.1,"53,300",2026/08/21
1764,1764,6222,(株)島精機製作所,東証PRM,973,-1,-0.1,"129,900",2026/08/21
1765,1765,7040,(株)サン・ライフホールディング,東証STD,967,-1,-0.1,"2,500",2026/08/21
1766,1766,7120,(株)ＳＨＩＮＫＯ,東証STD,"1,002",-1,-0.1,"13,400",2026/08/21
1767,1767,8040,(株)東京ソワール,東証STD,"1,036",-1,-0.1,700,2026/08/21
1768,1768,9110,ＮＳユナイテッド海運(株),東証PRM,"10,440",-10,-0.1,"61,700",2026/08/21
1769,1769,9202,ＡＮＡホールディングス(株),東証PRM,"3,040",-3,-0.1,"1,689,900",2026/08/21
1770,1770,9215,(株)ＣａＳｙ,東証GRT,958,-1,-0.1,900,2026/08/21
1771,1771,9307,(株)杉村倉庫,東証STD,978,-1,-0.1,"1,800",2026/08/21
1772,1772,1625,(NEXT FUNDS)電機･精密上場投信,東証ETF,"64,020",-60,-0.09,405,2026/08/21
1773,1773,2157,(株)コシダカホールディングス,東証PRM,"1,055",-1,-0.09,"415,400",2026/08/21
1774,1774,2266,六甲バター(株),東証PRM,"1,073",-1,-0.09,"40,200",2026/08/21
1775,1775,244A,グロースエクスパートナーズ(株),東証GRT,"1,159",-1,-0.09,900,2026/08/21
1776,1776,2981,(株)ランディックス,東証GRT,"2,157",-2,-0.09,"4,600",2026/08/21
1777,1777,3676,(株)デジタルハーツホールディングス,東証PRM,"1,059",-1,-0.09,"245,000",2026/08/21
1778,1778,4901,富士フイルムホールディングス(株),東証PRM,"3,217",-3,-0.09,"4,096,600",2026/08/21
1779,1779,537A,NZAM 上場投信 全世界株式(MSCI ACWI)(H無),東証ETF,"1,136",-1,-0.09,"9,122",2026/08/21
1780,1780,8699,ＨＳホールディングス(株),東証STD,"1,130",-1,-0.09,"54,000",2026/08/21
1781,1781,8928,穴吹興産(株),東証STD,"2,338",-2,-0.09,"9,600",2026/08/21
1782,1782,9412,スカパーＪＳＡＴ(株),東証PRM,"2,225",-2,-0.09,"2,318,200",2026/08/21
1783,1783,9416,(株)ビジョン,東証PRM,"1,058",-1,-0.09,"357,400",2026/08/21
1784,1784,9601,松竹(株),東証PRM,"11,020",-10,-0.09,"32,800",2026/08/21
1785,1785,1680,上場インデックスファンド海外先進国株式,東証ETF,"8,398",-7,-0.08,460,2026/08/21
1786,1786,3028,(株)アルペン,東証PRM,"2,376",-2,-0.08,"68,300",2026/08/21
1787,1787,3063,(株)ジェイグループホールディングス,東証GRT,"1,202",-1,-0.08,"46,700",2026/08/21
1788,1788,3226,三井不動産アコモデーションファンド投資法人,東証,"120,300",-100,-0.08,"5,348",2026/08/21
1789,1789,3544,サツドラホールディングス(株),東証STD,"1,248",-1,-0.08,"11,700",2026/08/21
1790,1790,3947,ダイナパック(株),東証STD,"2,421",-2,-0.08,400,2026/08/21
1791,1791,4042,東ソー(株),東証PRM,"2,656",-2,-0.08,"886,000",2026/08/21
1792,1792,4058,トヨクモ(株),東証GRT,"2,463",-2,-0.08,"58,000",2026/08/21
1793,1793,4626,太陽ホールディングス(株),東証PRM,"4,765",-4,-0.08,"190,900",2026/08/21
1794,1794,4977,新田ゼラチン(株),東証STD,"1,202",-1,-0.08,"26,900",2026/08/21
1795,1795,6369,トーヨーカネツ(株),東証PRM,"2,453",-2,-0.08,"91,900",2026/08/21
1796,1796,6571,キュービーネットホールディングス(株),東証PRM,"1,309",-1,-0.08,"18,400",2026/08/21
1797,1797,7628,(株)オーハシテクニカ,東証PRM,"1,207",-1,-0.08,"19,100",2026/08/21
1798,1798,1551,東証スタンダードTOP20,東証ETF,"7,121",-5,-0.07,"1,000",2026/08/21
1799,1799,2792,(株)ハニーズホールディングス,東証PRM,"1,449",-1,-0.07,"54,800",2026/08/21
1800,1800,2816,(株)ダイショー,東証STD,"1,409",-1,-0.07,"3,800",2026/08/21
1801,1801,3193,(株)エターナルホスピタリティグループ,東証PRM,"1,478",-1,-0.07,"88,400",2026/08/21
1802,1802,3950,ザ・パック(株),東証PRM,"1,509",-1,-0.07,"127,300",2026/08/21
1803,1803,6942,(株)ソフィアホールディングス,東証STD,"1,383",-1,-0.07,"2,000",2026/08/21
1804,1804,7084,(株)Ｓｍｉｌｅ　Ｈｏｌｄｉｎｇｓ,東証GRT,"2,777",-2,-0.07,"4,900",2026/08/21
1805,1805,7087,(株)ウイルテック,東証STD,"1,390",-1,-0.07,"2,700",2026/08/21
1806,1806,7202,いすゞ自動車(株),東証PRM,"2,228.5",-1.5,-0.07,"2,093,800",2026/08/21
1807,1807,1656,iシェアーズ･コア 米国債7-10年 ETF,東証ETF,309.9,-0.2,-0.06,"201,450",2026/08/21
1808,1808,1882,東亜道路工業(株),東証PRM,"1,619",-1,-0.06,"321,400",2026/08/21
1809,1809,1960,(株)サンテック,東証STD,"1,680",-1,-0.06,"11,700",2026/08/21
1810,1810,210A,iFreeETF 日経高利回りREIT指数,東証ETF,"1,591",-1,-0.06,"2,916",2026/08/21
1811,1811,25935,(株)伊藤園第1種優先株式,東証PRM,"1,796",-1,-0.06,"13,000",2026/08/21
1812,1812,2903,シノブフーズ(株),東証STD,"1,583",-1,-0.06,"1,900",2026/08/21
1813,1813,8596,(株)九州リースサービス,東証STD,"1,626",-1,-0.06,"13,900",2026/08/21
1814,1814,1663,Ｋ＆Ｏエナジーグループ(株),東証PRM,"1,927",-1,-0.05,"177,900",2026/08/21
1815,1815,2034,NEXT NOTES 韓国KOSPI･ベアETN,東証ETF,"1,913",-1,-0.05,"12,451",2026/08/21
1816,1816,2154,(株)オープンアップグループ,東証PRM,"2,039",-1,-0.05,"93,700",2026/08/21
1817,1817,2512,(NEXT FUNDS)外国債券・FTSE世界国債(除く日本・H有),東証ETF,729.3,-0.4,-0.05,"3,560",2026/08/21
1818,1818,2806,ユタカフーズ(株),東証STD,"1,888",-1,-0.05,200,2026/08/21
1819,1819,2882,(株)イートアンドホールディングス,東証PRM,"2,057",-1,-0.05,"14,900",2026/08/21
1820,1820,3479,(株)ＴＫＰ,東証GRT,"1,889",-1,-0.05,"37,900",2026/08/21
1821,1821,382A,iFreeETF 米国国債3-5年(H有),東証ETF,"1,899",-1,-0.05,"5,693",2026/08/21
1822,1822,4193,(株)ファブリカホールディングス,東証STD,"2,164",-1,-0.05,"4,700",2026/08/21
1823,1823,452A,iシェアーズ S&P500プレミアムインカム,東証ETF,820.2,-0.4,-0.05,"88,160",2026/08/21
1824,1824,4623,(株)アサヒペン,東証STD,"1,870",-1,-0.05,"6,700",2026/08/21
1825,1825,4629,大伸化学(株),東証STD,"2,104",-1,-0.05,100,2026/08/21
1826,1826,4848,(株)フルキャストホールディングス,東証PRM,"1,884",-1,-0.05,"68,800",2026/08/21
1827,1827,492A,One ETF 日本国債 高クーポン(平均残存10年未満),東証ETF,967.5,-0.5,-0.05,450,2026/08/21
1828,1828,7444,ハリマ共和物産(株),東証STD,"1,982",-1,-0.05,"1,400",2026/08/21
1829,1829,9304,澁澤倉庫(株),東証PRM,"1,989",-1,-0.05,"237,700",2026/08/21
1830,1830,1493,One ETF JPX日経中小型,東証ETF,"25,720",-10,-0.04,112,2026/08/21
1831,1831,2206,江崎グリコ(株),東証PRM,"5,185",-2,-0.04,"185,800",2026/08/21
1832,1832,2911,旭松食品(株),東証STD,"2,263",-1,-0.04,400,2026/08/21
1833,1833,3495,香陵住販(株),東証STD,"2,366",-1,-0.04,300,2026/08/21
1834,1834,3696,(株)セレス,東証PRM,"2,267",-1,-0.04,"217,400",2026/08/21
1835,1835,5011,ニチレキグループ(株),東証PRM,"2,379",-1,-0.04,"94,800",2026/08/21
1836,1836,50765,インフロニア・ホールディングス（株）第1回社債型種類株式,東証PRM,"4,629",-2,-0.04,"5,100",2026/08/21
1837,1837,5834,ＳＢＩリーシングサービス(株),東証GRT,"2,762",-1,-0.04,"71,400",2026/08/21
1838,1838,7282,豊田合成(株),東証PRM,"5,337",-2,-0.04,"381,300",2026/08/21
1839,1839,92025,ＡＮＡホールディングス（株）第１回社債型種類株式,東証PRM,"4,800",-2,-0.04,900,2026/08/21
1840,1840,9635,武蔵野興業(株),東証STD,"2,549",-1,-0.04,200,2026/08/21
1841,1841,1592,上場インデックス JPX日経インデックス400,東証ETF,"3,370",-1,-0.03,987,2026/08/21
1842,1842,1620,(NEXT FUNDS)素材･化学上場投信,東証ETF,"37,200",-10,-0.03,149,2026/08/21
1843,1843,2429,(株)ワールドホールディングス,東証PRM,"2,866",-1,-0.03,"57,900",2026/08/21
1844,1844,2801,キッコーマン(株),東証PRM,"1,837.5",-0.5,-0.03,"3,028,800",2026/08/21
1845,1845,5204,石塚硝子(株),東証STD,"2,999",-1,-0.03,"2,300",2026/08/21
1846,1846,7130,ヤマエグループホールディングス(株),東証PRM,"2,939",-1,-0.03,"57,500",2026/08/21
1847,1847,2011,SMDAM Active ETF 日本高配当株式,東証ETF,852.8,-0.2,-0.02,"24,280",2026/08/21
1848,1848,4527,ロート製薬(株),東証PRM,"2,866.5",-0.5,-0.02,"1,044,000",2026/08/21
1849,1849,8253,(株)クレディセゾン,東証PRM,"4,657",-1,-0.02,"351,100",2026/08/21
1850,1850,2554,(NEXT FUNDS)米国投資適格社債(1-10年)(H有),東証ETF,749.9,-0.1,-0.01,120,2026/08/21
1851,1851,502A,GX 超短期円建て債券,東証ETF,900.9,-0.1,-0.01,"20,680",2026/08/21
1852,1852,570A,iシェアーズ 日本国債0-1年,東証ETF,901.4,-0.1,-0.01,"2,460",2026/08/21
