順位(全市場),順位,コード,銘柄名,市場,現在値,前日比,騰落率(%),出来高,時刻
1,1,336A,ダイナミックマッププラットフォーム(株),東証GRT,"1,586",+300,23.33,"7,225,000",2026/09/30
2,2,9246,(株)プロジェクトホールディングス,東証GRT,"1,742",+300,20.8,"2,500",2026/09/30
3,3,9632,スバル興業(株),東証STD,"4,170",+700,20.17,"55,000",2026/09/30
4,4,3803,イメージ情報開発(株),東証GRT,874,+136,18.43,"427,400",2026/09/30
5,5,338A,(株)ＺｅｎｍｕＴｅｃｈ,東証GRT,"3,310",+500,17.79,"677,400",2026/09/30
6,6,593A,(株)ティアフォー,東証GRT,"2,015",+304,17.77,"21,855,700",2026/09/30
7,7,4894,クオリプス(株),東証GRT,"6,640","+1,000",17.73,"137,500",2026/09/30
8,8,4331,(株)テイクアンドギヴ・ニーズ,東証PRM,867,+127,17.16,"1,119,600",2026/09/30
9,9,6228,(株)ジェイ・イー・ティ,東証STD,721,+100,16.1,"237,000",2026/09/30
10,10,4052,フィーチャ(株),東証GRT,"1,149",+150,15.02,"3,708,700",2026/09/30
11,11,4073,(株)ジィ・シィ企画,東証GRT,783,+100,14.64,"677,500",2026/09/30
12,12,3664,(株)ＷＩＺＥ,東証GRT,26,+3,13.04,"36,806,400",2026/09/30
13,13,623A,(株)ベルテックス,東証STD,690,+77,12.56,"3,676,600",2026/09/30
14,14,4575,(株)キャンバス,東証GRT,792,+85,12.02,"538,900",2026/09/30
15,15,5243,ｎｏｔｅ(株),東証GRT,"3,570",+380,11.91,"778,600",2026/09/30
16,16,4376,(株)くふうカンパニーホールディングス,東証GRT,190,+18,10.47,"144,500",2026/09/30
17,17,8918,(株)ランド,東証STD,11,+1,10.0,"278,384,300",2026/09/30
18,18,4216,旭有機材(株),東証PRM,"7,100",+640,9.91,"286,600",2026/09/30
19,19,4440,(株)ヴィッツ,東証STD,"2,497",+219,9.61,"653,300",2026/09/30
20,20,4178,(株)Ｓｈａｒｉｎｇ　Ｉｎｎｏｖａｔｉｏｎｓ,東証GRT,823,+72,9.59,"288,600",2026/09/30
21,21,2962,(株)テクニスコ,東証STD,"2,225",+192,9.44,"309,200",2026/09/30
22,22,581A,ＧＯ(株),東証GRT,"3,435",+295,9.39,"2,882,000",2026/09/30
23,23,1848,(株)富士ピー・エス,東証STD,917,+77,9.17,"109,000",2026/09/30
24,24,646A,クラサスケミカル(株),東証STD,262,+22,9.17,"47,919,700",2026/09/30
25,25,3878,(株)巴川コーポレーション,東証STD,954,+80,9.15,"333,900",2026/09/30
26,26,3436,(株)ＳＵＭＣＯ,東証PRM,"3,316",+276,9.08,"14,956,700",2026/09/30
27,27,8377,(株)ほくほくフィナンシャルグループ,東証PRM,914.2,+75.8,9.04,"13,972,500",2026/09/30
28,28,9556,ＩＮＴＬＯＯＰ(株),東証GRT,"2,466",+199,8.78,"82,700",2026/09/30
29,29,4593,(株)ヘリオス,東証GRT,298,+24,8.76,"2,461,500",2026/09/30
30,30,3143,オーウイル(株),東証STD,"1,042",+82,8.54,"94,200",2026/09/30
31,31,4667,アイサンテクノロジー(株),東証STD,"1,120",+88,8.53,"944,900",2026/09/30
32,32,3652,(株)ディジタルメディアプロフェッショナル,東証GRT,"3,250",+250,8.33,"87,100",2026/09/30
33,33,6787,(株)メイコー,東証PRM,"24,340","+1,800",7.99,"1,248,200",2026/09/30
34,34,603A,(株)アイ・グリッド・ソリューションズ,東証GRT,920,+68,7.98,"1,320,200",2026/09/30
35,35,2375,ギグワークス(株),東証STD,220,+16,7.84,"196,300",2026/09/30
36,36,4004,(株)レゾナック・ホールディングス,東証PRM,"14,985","+1,070",7.69,"1,936,900",2026/09/30
37,37,142A,(株)ジンジブ,東証GRT,"1,103",+78,7.61,"199,700",2026/09/30
38,38,6025,日本ＰＣサービス(株),名証NXT,710,+50,7.58,"1,300",2026/09/30
39,39,7552,(株)ハピネット,東証PRM,"5,190",+365,7.56,"1,031,600",2026/09/30
40,40,6574,(株)コンヴァノ,東証GRT,129,+9,7.5,"1,777,200",2026/09/30
41,41,7480,スズデン(株),東証STD,"3,830",+265,7.43,"124,400",2026/09/30
42,42,9307,(株)杉村倉庫,東証STD,999,+69,7.42,"73,100",2026/09/30
43,43,4445,リビン・テクノロジーズ(株),東証GRT,"1,800",+124,7.4,"22,200",2026/09/30
44,44,5542,新報国マテリアル(株),東証STD,"1,349",+90,7.15,"430,700",2026/09/30
45,45,3776,(株)ブロードバンドタワー,東証STD,270,+18,7.14,"4,532,200",2026/09/30
46,46,4394,(株)エクスモーション,東証GRT,769,+51,7.1,"50,100",2026/09/30
47,47,7044,(株)ピアラ,東証STD,589,+39,7.09,"76,700",2026/09/30
48,48,192A,インテグループ(株),東証GRT,"1,440",+94,6.98,"23,600",2026/09/30
49,49,1382,(株)ホーブ,東証STD,802,+52,6.93,"7,400",2026/09/30
50,50,7774,(株)ジャパン・ティッシュエンジニアリング,東証GRT,894,+57,6.81,"152,800",2026/09/30
51,51,7422,東邦レマック(株),東証STD,518,+33,6.8,"68,700",2026/09/30
52,52,2323,(株)ｆｏｎｆｕｎ,東証STD,366,+23,6.71,"26,900",2026/09/30
53,53,5802,住友電気工業(株),東証PRM,"2,318",+144.5,6.65,"27,617,200",2026/09/30
54,54,9984,ソフトバンクグループ(株),東証PRM,"6,430",+395,6.55,"65,194,500",2026/09/30
55,55,1827,(株)ナカノフドー建設,東証STD,"1,580",+96,6.47,"31,000",2026/09/30
56,56,3753,(株)フライトソリューションズ,東証STD,218,+13,6.34,"181,000",2026/09/30
57,57,7777,(株)スリー・ディー・マトリックス,東証GRT,435,+25,6.1,"2,046,200",2026/09/30
58,58,2315,(株)ＣＡＩＣＡ　ＤＩＧＩＴＡＬ,東証STD,70,+4,6.06,"5,829,900",2026/09/30
59,59,9722,藤田観光(株),東証PRM,"2,893",+165,6.05,"293,400",2026/09/30
60,60,6730,(株)アクセル,東証STD,"1,617",+91,5.96,"1,366,200",2026/09/30
61,61,5803,(株)フジクラ,東証PRM,"5,224",+293,5.94,"38,875,400",2026/09/30
62,62,3851,(株)日本一ソフトウェア,東証STD,"1,389",+77,5.87,"79,200",2026/09/30
63,63,6590,芝浦メカトロニクス(株),東証PRM,"3,990",+220,5.84,"2,332,400",2026/09/30
64,64,4100,戸田工業(株),東証STD,"2,000",+110,5.82,"156,600",2026/09/30
65,65,4587,ペプチドリーム(株),東証PRM,"1,113.5",+60,5.7,"1,396,900",2026/09/30
66,66,6496,(株)中北製作所,東証STD,"5,790",+310,5.66,"11,500",2026/09/30
67,67,4022,ラサ工業(株),東証PRM,"1,985",+106,5.64,"905,700",2026/09/30
68,68,186A,(株)アストロスケールホールディングス,東証GRT,"1,262",+67,5.61,"6,251,000",2026/09/30
69,69,3110,日東紡,東証PRM,"3,210",+170,5.59,"4,541,000",2026/09/30
70,70,4584,キッズウェル・バイオ(株),東証GRT,170,+9,5.59,"252,900",2026/09/30
71,71,2134,北浜キャピタルパートナーズ(株),東証STD,19,+1,5.56,"219,800",2026/09/30
72,72,4563,アンジェス(株),東証GRT,38,+2,5.56,"2,698,200",2026/09/30
73,73,2585,(株)ライフドリンクカンパニー,東証PRM,"1,327",+69,5.48,"715,500",2026/09/30
74,74,4183,三井化学(株),東証PRM,"2,146.5",+110.5,5.43,"5,357,900",2026/09/30
75,75,7083,ＡＨＣグループ(株),東証GRT,"1,301",+67,5.43,"13,600",2026/09/30
76,76,215A,(株)タイミー,東証GRT,"1,405",+72,5.4,"2,825,700",2026/09/30
77,77,4092,日本化学工業(株),東証PRM,"5,670",+290,5.39,"166,900",2026/09/30
78,78,8338,(株)筑波銀行,東証PRM,824,+42,5.37,"2,516,200",2026/09/30
79,79,4588,オンコリスバイオファーマ(株),東証GRT,"5,930",+300,5.33,"1,296,800",2026/09/30
80,80,4398,(株)ブロードバンドセキュリティ,東証STD,"1,431",+72,5.3,"17,700",2026/09/30
81,81,5998,(株)アドバネクス,東証STD,"2,994",+148,5.2,"17,800",2026/09/30
82,82,3842,(株)ネクストジェン,東証STD,"1,370",+67,5.14,"8,900",2026/09/30
83,83,3823,ＴＨＥ　ＷＨＹ　ＨＯＷ　ＤＯ　ＣＯＭＰＡＮＹ(株),東証STD,41,+2,5.13,"1,453,200",2026/09/30
84,84,4592,サンバイオ(株),東証GRT,964,+47,5.13,"924,600",2026/09/30
85,85,9982,タキヒヨー(株),東証STD,"2,807",+137,5.13,"5,100",2026/09/30
86,86,3909,(株)ショーケース,東証STD,206,+10,5.1,"22,000",2026/09/30
87,87,6736,サン電子(株),東証STD,"10,090",+490,5.1,"36,300",2026/09/30
88,88,4316,(株)ビーマップ,東証GRT,42,+2,5.0,"2,046,900",2026/09/30
89,89,504A,イノバセル(株),東証GRT,632,+30,4.98,"126,900",2026/09/30
90,90,5101,横浜ゴム(株),東証PRM,"7,135",+335,4.93,"1,341,100",2026/09/30
91,91,7180,(株)九州フィナンシャルグループ,東証PRM,"1,765",+82,4.87,"2,556,500",2026/09/30
92,92,622A,(株)テクノクラフト,東証STD,561,+26,4.86,"864,200",2026/09/30
93,93,2158,(株)ＦＲＯＮＴＥＯ,東証GRT,693,+32,4.84,"334,700",2026/09/30
94,94,6479,ミネベアミツミ(株),東証PRM,"3,748",+173,4.84,"3,381,200",2026/09/30
95,95,7433,伯東(株),東証PRM,"1,917",+88,4.81,"542,400",2026/09/30
96,96,9845,(株)パーカーコーポレーション,東証STD,"1,397",+64,4.8,"21,800",2026/09/30
97,97,1365,iFreeETF 日経平均レバレッジ・インデックス,東証ETF,"4,401",+201,4.79,"345,990",2026/09/30
98,98,6918,(株)アバールデータ,東証STD,"4,385",+200,4.78,"68,800",2026/09/30
99,99,6659,(株)メディアリンクス,東証STD,44,+2,4.76,"2,494,000",2026/09/30
100,100,6771,池上通信機(株),東証STD,688,+31,4.72,"24,200",2026/09/30
101,101,6191,(株)エアトリ,東証PRM,"1,422",+64,4.71,"773,600",2026/09/30
102,102,5801,古河電気工業(株),東証PRM,"3,856",+172,4.67,"18,582,500",2026/09/30
103,103,6594,ニデック(株),東証PRM,"2,355",+105,4.67,"15,834,100",2026/09/30
104,104,7826,(株)フルヤ金属,東証PRM,"11,520",+510,4.63,"307,900",2026/09/30
105,105,5038,(株)ｅＷｅＬＬ,東証GRT,"2,197",+97,4.62,"117,000",2026/09/30
106,106,1458,楽天 ETF-日経レバレッジ指数連動型,東証ETF,"85,190","+3,690",4.53,"109,741",2026/09/30
107,107,1358,上場インデックス日経レバレッジ指数,東証ETF,"135,400","+5,850",4.52,"9,528",2026/09/30
108,108,8411,(株)みずほフィナンシャルグループ,東証PRM,"8,855",+383,4.52,"13,536,300",2026/09/30
109,109,1579,日経平均ブル2倍上場投信,東証ETF,768.9,+33.1,4.5,"11,783,290",2026/09/30
110,110,1398,SMDAM 東証REIT指数上場投信,東証ETF,"1,837.5",+79,4.49,"138,770",2026/09/30
111,111,6266,タツモ(株),東証PRM,"3,965",+170,4.48,"286,900",2026/09/30
112,112,1570,(NEXT FUNDS)日経平均レバレッジ上場投信,東証ETF,"71,240","+3,040",4.46,"2,812,562",2026/09/30
113,113,6264,(株)マルマエ,東証PRM,"2,037",+87,4.46,"495,700",2026/09/30
114,114,5713,住友金属鉱山(株),東証PRM,"9,911",+422,4.45,"3,980,100",2026/09/30
115,115,4395,(株)アクリート,東証GRT,731,+31,4.43,"704,300",2026/09/30
116,116,6225,(株)エコム,名証MN,"2,100",+89,4.43,"1,000",2026/09/30
117,117,330A,(株)ＴａｌｅｎｔＸ,東証GRT,548,+23,4.38,"6,900",2026/09/30
118,118,4579,ラクオリア創薬(株),東証GRT,620,+26,4.38,"156,300",2026/09/30
119,119,8416,(株)高知銀行,東証STD,"1,216",+51,4.38,"50,600",2026/09/30
120,120,6383,(株)ダイフク,東証PRM,"5,729",+239,4.35,"2,482,000",2026/09/30
121,121,6941,山一電機(株),東証PRM,"8,870",+370,4.35,"395,800",2026/09/30
122,122,8254,(株)さいか屋,東証STD,312,+13,4.35,"139,700",2026/09/30
123,123,4025,多木化学(株),東証PRM,"5,770",+240,4.34,"25,900",2026/09/30
124,124,6387,サムコ(株),東証PRM,"8,920",+370,4.33,"146,900",2026/09/30
125,125,4011,(株)ヘッドウォータース,東証GRT,"2,340",+97,4.32,"37,200",2026/09/30
126,126,4186,東京応化工業(株),東証PRM,"8,617",+355,4.3,"994,300",2026/09/30
127,127,6928,(株)エノモト,東証STD,"3,290",+135,4.28,"66,000",2026/09/30
128,128,7182,(株)ゆうちょ銀行,東証PRM,"3,502",+143,4.26,"10,021,800",2026/09/30
129,129,4371,(株)コアコンセプト・テクノロジー,東証GRT,"1,557",+63,4.22,"16,700",2026/09/30
130,130,523A,(株)セイワホールディングス,東証GRT,"1,980",+80,4.21,"96,700",2026/09/30
131,131,4565,ネクセラファーマ(株),東証PRM,"1,249",+50,4.17,"849,100",2026/09/30
132,132,546A,ＭＩＲＡＩＮＩホールディングス(株),東証PRM,"2,622",+105,4.17,"203,400",2026/09/30
133,133,6203,豊和工業(株),東証STD,"2,444",+97,4.13,"1,399,400",2026/09/30
134,134,6473,(株)ジェイテクト,東証PRM,"2,143.5",+85,4.13,"1,601,300",2026/09/30
135,135,1926,ライト工業(株),東証PRM,987,+39,4.11,"1,057,400",2026/09/30
136,136,4888,ステラファーマ(株),東証GRT,432,+17,4.1,"218,600",2026/09/30
137,137,196A,(株)ＭＦＳ,東証GRT,332,+13,4.08,"124,900",2026/09/30
138,138,4506,住友ファーマ(株),東証PRM,"1,626.5",+63.5,4.06,"3,752,400",2026/09/30
139,139,6235,(株)オプトラン,東証PRM,"2,717",+106,4.06,"495,000",2026/09/30
140,140,6946,日本アビオニクス(株),東証STD,"7,170",+280,4.06,"143,700",2026/09/30
141,141,4576,(株)デ・ウエスタン・セラピテクス研究所,東証GRT,77,+3,4.05,"432,700",2026/09/30
142,142,6194,(株)アトラエ,東証PRM,950,+37,4.05,"529,600",2026/09/30
143,143,5821,平河ヒューテック(株),東証PRM,"3,225",+125,4.03,"50,900",2026/09/30
144,144,4075,ブレインズテクノロジー(株),東証GRT,"1,402",+54,4.01,"189,100",2026/09/30
145,145,5805,ＳＷＣＣ(株),東証PRM,"2,700",+104,4.01,"1,050,700",2026/09/30
146,146,1515,日鉄鉱業(株),東証PRM,"3,275",+125,3.97,"545,900",2026/09/30
147,147,4902,コニカミノルタ(株),東証PRM,671.7,+25.6,3.96,"25,061,800",2026/09/30
148,148,8714,(株)池田泉州ホールディングス,東証PRM,"1,154",+44,3.96,"1,737,200",2026/09/30
149,149,302A,(株)ビースタイルホールディングス,東証GRT,605,+23,3.95,"2,300",2026/09/30
150,150,3695,ＧＭＯプロダクトプラットフォーム(株),東証GRT,"1,712",+65,3.95,"10,000",2026/09/30
151,151,6227,ＡＩメカテック(株),東証STD,"7,370",+280,3.95,"801,300",2026/09/30
152,152,4970,東洋合成工業(株),東証STD,"10,350",+390,3.92,"49,600",2026/09/30
153,153,7255,(株)桜井製作所,東証STD,530,+20,3.92,"14,300",2026/09/30
154,154,4169,ＥＮＥＣＨＡＮＧＥ(株),東証GRT,266,+10,3.91,"342,800",2026/09/30
155,155,5381,マイポックス(株),東証STD,"1,042",+39,3.89,"142,500",2026/09/30
156,156,7245,大同メタル工業(株),東証PRM,"1,201",+45,3.89,"434,200",2026/09/30
157,157,3267,(株)フィル・カンパニー,東証STD,648,+24,3.85,"20,100",2026/09/30
158,158,4366,ダイトーケミックス(株),東証STD,486,+18,3.85,"56,200",2026/09/30
159,159,3445,(株)ＲＳ　Ｔｅｃｈｎｏｌｏｇｉｅｓ,東証PRM,"6,220",+230,3.84,"208,300",2026/09/30
160,160,4674,(株)クレスコ,東証PRM,"1,923",+71,3.83,"201,700",2026/09/30
161,161,3103,ユニチカ(株),東証STD,"1,522",+56,3.82,"4,700,200",2026/09/30
162,162,4369,(株)トリケミカル研究所,東証PRM,"3,125",+115,3.82,"403,700",2026/09/30
163,163,4570,(株)免疫生物研究所,東証GRT,"1,199",+44,3.81,"122,800",2026/09/30
164,164,4099,四国化成ホールディングス(株),東証PRM,"2,298",+84,3.79,"1,022,800",2026/09/30
165,165,6405,鈴茂器工(株),東証STD,"1,315",+48,3.79,"32,700",2026/09/30
166,166,391A,(株)山忠,名証MN,"2,470",+90,3.78,300,2026/09/30
167,167,6622,(株)ダイヘン,東証PRM,"2,639",+96,3.78,"1,228,500",2026/09/30
168,168,9507,四国電力(株),東証PRM,"2,182.5",+79.5,3.78,"1,054,000",2026/09/30
169,169,7276,(株)小糸製作所,東証PRM,"2,721.5",+98.5,3.76,"1,089,100",2026/09/30
170,170,6147,(株)ヤマザキ,福証,166,+6,3.75,500,2026/09/30
171,171,9268,(株)オプティマスグループ,東証STD,415,+15,3.75,"274,400",2026/09/30
172,172,9932,杉本商事(株),東証PRM,"1,354",+49,3.75,"95,300",2026/09/30
173,173,8359,(株)八十二長野銀行,東証PRM,"2,870.5",+103.5,3.74,"2,084,200",2026/09/30
174,174,3667,(株)ｅｎｉｓｈ,東証STD,28,+1,3.7,"120,500",2026/09/30
175,175,319A,(株)技術承継機構,東証GRT,"22,520",+800,3.68,"47,300",2026/09/30
176,176,4978,(株)リプロセル,東証GRT,142,+5,3.65,"1,024,600",2026/09/30
177,177,6703,ＯＫＩ,東証PRM,"2,668",+94,3.65,"909,200",2026/09/30
178,178,1623,(NEXT FUNDS)鉄鋼･非鉄上場投信,東証ETF,"64,650","+2,270",3.64,945,2026/09/30
179,179,4462,石原ケミカル(株),東証PRM,"2,915",+102,3.63,"25,900",2026/09/30
180,180,9501,東京電力ホールディングス(株),東証PRM,534.1,+18.7,3.63,"39,178,200",2026/09/30
181,181,5715,古河機械金属(株),東証PRM,"4,145",+145,3.62,"225,100",2026/09/30
182,182,520A,ジェイファーマ(株),東証GRT,402,+14,3.61,"177,300",2026/09/30
183,183,6524,湖北工業(株),東証STD,"5,450",+190,3.61,"170,300",2026/09/30
184,184,4188,三菱ケミカルグループ(株),東証PRM,"1,174",+40.5,3.57,"6,709,500",2026/09/30
185,185,269A,(株)Ｓａｐｅｅｔ,東証GRT,"3,025",+104,3.56,"10,600",2026/09/30
186,186,9511,沖縄電力(株),東証PRM,"1,193",+41,3.56,"316,900",2026/09/30
187,187,3719,ＡＩストーム(株),東証STD,117,+4,3.54,"232,700",2026/09/30
188,188,9514,(株)エフオン,東証STD,351,+12,3.54,"133,200",2026/09/30
189,189,6728,(株)アルバック,東証PRM,"7,932",+270,3.52,"656,700",2026/09/30
190,190,3939,(株)カナミックネットワーク,東証PRM,501,+17,3.51,"130,700",2026/09/30
191,191,1435,(株)ｒｏｂｏｔ　ｈｏｍｅ,東証STD,178,+6,3.49,"262,000",2026/09/30
192,192,3624,アクセルマーク(株),東証GRT,89,+3,3.49,"302,300",2026/09/30
193,193,6982,(株)リード,東証STD,595,+20,3.48,200,2026/09/30
194,194,3498,霞ヶ関キャピタル(株),東証PRM,"7,760",+260,3.47,"225,600",2026/09/30
195,195,3903,(株)ｇｕｍｉ,東証PRM,209,+7,3.47,"454,900",2026/09/30
196,196,4393,(株)バンク・オブ・イノベーション,東証GRT,"6,300",+210,3.45,"62,400",2026/09/30
197,197,6361,荏原,東証PRM,"4,713",+157,3.45,"4,050,100",2026/09/30
198,198,4063,信越化学工業(株),東証PRM,"5,945",+196,3.41,"9,243,600",2026/09/30
199,199,9272,ブティックス(株),東証GRT,"1,518",+50,3.41,"6,200",2026/09/30
200,200,4088,エア・ウォーター(株),東証PRM,"2,920",+96,3.4,"774,200",2026/09/30
201,201,8316,(株)三井住友フィナンシャルグループ,東証PRM,"3,471",+114,3.4,"29,233,400",2026/09/30
202,202,4972,綜研化学(株),東証STD,"4,575",+150,3.39,"111,600",2026/09/30
203,203,5246,(株)ＥＬＥＭＥＮＴＳ,東証GRT,854,+28,3.39,"365,900",2026/09/30
204,204,618A,(株)ＫＯＭＰＥＩＴＯ,東証GRT,"1,927",+63,3.38,"2,079,000",2026/09/30
205,205,7359,(株)東京通信グループ,東証GRT,275,+9,3.38,"39,700",2026/09/30
206,206,3926,(株)オープンドア,東証STD,430,+14,3.37,"21,000",2026/09/30
207,207,9519,(株)レノバ,東証PRM,829,+27,3.37,"601,700",2026/09/30
208,208,7806,(株)ＭＴＧ,東証GRT,"8,310",+270,3.36,"206,000",2026/09/30
209,209,3810,サイバーステップホールディングス(株),東証STD,185,+6,3.35,"335,600",2026/09/30
210,210,5830,(株)いよぎんホールディングス,東証PRM,"4,014",+130,3.35,"1,298,700",2026/09/30
211,211,7509,アイエーグループ(株),東証STD,"4,800",+155,3.34,300,2026/09/30
212,212,1555,上場インデックスファンド豪州リート,東証ETF,"2,263",+73,3.33,"8,433",2026/09/30
213,213,4597,ソレイジア・ファーマ(株),東証GRT,31,+1,3.33,"50,217,000",2026/09/30
214,214,7453,(株)良品計画,東証PRM,"4,192",+135,3.33,"3,322,000",2026/09/30
215,215,4202,(株)ダイセル,東証PRM,"1,431.5",+46,3.32,"1,410,200",2026/09/30
216,216,6820,アイコム(株),東証PRM,"3,730",+120,3.32,"21,100",2026/09/30
217,217,4884,クリングルファーマ(株),東証GRT,501,+16,3.3,"87,000",2026/09/30
218,218,5029,サークレイス(株),東証GRT,971,+31,3.3,"6,100",2026/09/30
219,219,5541,大平洋金属(株),東証PRM,"2,666",+85,3.29,"200,700",2026/09/30
220,220,6218,エンシュウ(株),東証STD,660,+21,3.29,"2,100",2026/09/30
221,221,1631,(NEXT FUNDS)銀行上場投信,東証ETF,"43,130","+1,370",3.28,"8,297",2026/09/30
222,222,2780,(株)コメ兵ホールディングス,東証STD,"4,585",+145,3.27,"109,000",2026/09/30
223,223,8139,(株)ナガホリ,東証STD,"2,255",+71,3.25,"9,200",2026/09/30
224,224,4446,Ｌｉｎｋ－Ｕグループ(株),東証STD,733,+23,3.24,"145,100",2026/09/30
225,225,7042,(株)アクセスグループ・ホールディングス,東証STD,701,+22,3.24,900,2026/09/30
226,226,8387,(株)四国銀行,東証PRM,"4,775",+150,3.24,"319,400",2026/09/30
227,227,288A,ラクサス・テクノロジーズ(株),東証GRT,96,+3,3.23,"151,200",2026/09/30
228,228,4691,ワシントンホテル(株),東証STD,"2,044",+64,3.23,"52,300",2026/09/30
229,229,5034,(株)ｕｎｅｒｒｙ,東証GRT,"2,553",+80,3.23,"16,000",2026/09/30
230,230,7776,(株)セルシード,東証GRT,224,+7,3.23,"485,600",2026/09/30
231,231,6617,(株)東光高岳,東証PRM,"7,370",+230,3.22,"153,900",2026/09/30
232,232,6666,リバーエレテック(株),東証STD,865,+27,3.22,"69,600",2026/09/30
233,233,1434,ＪＥＳＣＯホールディングス(株),東証STD,"1,675",+52,3.2,"18,300",2026/09/30
234,234,163A,半導体フォーカス日本株(ネットリターン)ETN,東証ETF,"20,155",+625,3.2,"8,393",2026/09/30
235,235,6323,ローツェ(株),東証PRM,"4,004",+124,3.2,"1,582,100",2026/09/30
236,236,7510,(株)たけびし,東証PRM,"2,913",+90,3.19,"59,100",2026/09/30
237,237,8524,(株)北洋銀行,東証PRM,"1,391",+43,3.19,"1,773,900",2026/09/30
238,238,1801,大成建設(株),東証PRM,"12,330",+380,3.18,"964,000",2026/09/30
239,239,6301,コマツ,東証PRM,"7,633",+235,3.18,"3,798,100",2026/09/30
240,240,8346,(株)東邦銀行,東証PRM,"1,135",+35,3.18,"1,722,300",2026/09/30
241,241,3825,(株)リミックスポイント,東証STD,260,+8,3.17,"1,544,000",2026/09/30
242,242,3905,データセクション(株),東証GRT,"2,015",+62,3.17,"5,307,900",2026/09/30
243,243,5208,(株)有沢製作所,東証PRM,"2,770",+85,3.17,"226,700",2026/09/30
244,244,6027,弁護士ドットコム(株),東証PRM,"5,210",+160,3.17,"163,900",2026/09/30
245,245,7084,(株)Ｓｍｉｌｅ　Ｈｏｌｄｉｎｇｓ,東証GRT,"2,835",+87,3.17,"12,800",2026/09/30
246,246,3036,アルコニックス(株),東証PRM,"3,430",+105,3.16,"165,800",2026/09/30
247,247,6554,(株)エスユーエス,東証GRT,"1,115",+34,3.15,"29,900",2026/09/30
248,248,7746,岡本硝子(株),東証STD,916,+28,3.15,"1,316,700",2026/09/30
249,249,1407,(株)ウエストホールディングス,東証STD,"2,201",+67,3.14,"386,800",2026/09/30
250,250,315A,GX 銀行 高配当-日本株式,東証ETF,"2,011",+61,3.13,"101,188",2026/09/30
251,251,4256,(株)サインド,東証GRT,"1,218",+37,3.13,"3,800",2026/09/30
252,252,4571,ＮＡＮＯ　ホールディングス(株),東証GRT,99,+3,3.13,"445,800",2026/09/30
253,253,9983,(株)ファーストリテイリング,東証PRM,"70,860","+2,150",3.13,"1,626,500",2026/09/30
254,254,3891,ニッポン高度紙工業(株),東証STD,"6,950",+210,3.12,"101,000",2026/09/30
255,255,554A,(株)バトンズ,東証GRT,"1,420",+43,3.12,"6,900",2026/09/30
256,256,9753,アイエックス・ナレッジ(株),東証STD,"1,455",+44,3.12,"8,000",2026/09/30
257,257,7242,カヤバ(株),東証PRM,"1,559",+47,3.11,"486,800",2026/09/30
258,258,3513,イチカワ(株),東証STD,"3,665",+110,3.09,"1,700",2026/09/30
259,259,7409,ＡｅｒｏＥｄｇｅ(株),東証GRT,"1,470",+44,3.09,"70,000",2026/09/30
260,260,366A,ウェルネス・コミュニケーションズ(株),東証GRT,"1,206",+36,3.08,"20,100",2026/09/30
261,261,2646,GX メタルビジネス-日本株式,東証ETF,"3,834",+114,3.06,"1,711",2026/09/30
262,262,5137,(株)スマートドライブ,東証GRT,303,+9,3.06,"173,500",2026/09/30
263,263,7060,ギークス(株),東証STD,606,+18,3.06,"18,600",2026/09/30
264,264,4064,日本カーバイド工業(株),東証PRM,"3,715",+110,3.05,"114,000",2026/09/30
265,265,4499,(株)Ｓｐｅｅｅ,東証STD,"2,232",+66,3.05,"73,100",2026/09/30
266,266,1436,(株)グリーンエナジー＆カンパニー,東証GRT,"1,998",+59,3.04,"176,800",2026/09/30
267,267,4368,扶桑化学工業(株),東証PRM,"3,220",+95,3.04,"776,400",2026/09/30
268,268,7133,ＨＹＵＧＡ　ＰＲＩＭＡＲＹ　ＣＡＲＥ(株),東証GRT,"2,103",+62,3.04,"425,700",2026/09/30
269,269,7564,(株)ワークマン,東証STD,"5,420",+160,3.04,"402,100",2026/09/30
270,270,1568,TOPIXブル2倍上場投信,東証ETF,"1,020",+30,3.03,"2,578,150",2026/09/30
271,271,8354,(株)ふくおかフィナンシャルグループ,東証PRM,"7,988",+235,3.03,"1,044,500",2026/09/30
272,272,8418,(株)山口フィナンシャルグループ,東証PRM,"3,535",+104,3.03,"886,100",2026/09/30
273,273,4631,ＤＩＣ(株),東証PRM,"4,950",+145,3.02,"591,100",2026/09/30
274,274,5832,(株)ちゅうぎんフィナンシャルグループ,東証PRM,"3,791",+111,3.02,"507,500",2026/09/30
275,275,5984,兼房(株),東証STD,787,+23,3.01,"1,600",2026/09/30
276,276,8306,(株)三菱ＵＦＪフィナンシャル・グループ,東証PRM,"3,700",+108,3.01,"50,833,500",2026/09/30
277,277,2579,コカ・コーラ　ボトラーズジャパンホールディングス(株),東証PRM,"3,815",+111,3.0,"1,124,500",2026/09/30
278,278,8331,(株)千葉銀行,東証PRM,"2,850",+83,3.0,"2,906,000",2026/09/30
279,279,8739,スパークス・グループ(株),東証PRM,"2,645",+77,3.0,"131,600",2026/09/30
280,280,190A,Ｃｈｏｒｄｉａ　Ｔｈｅｒａｐｅｕｔｉｃｓ(株),東証GRT,69,+2,2.99,"5,380,600",2026/09/30
281,281,4461,第一工業製薬(株),東証PRM,"14,480",+420,2.99,"143,100",2026/09/30
282,282,5344,(株)ＭＡＲＵＷＡ,東証PRM,"55,740","+1,620",2.99,"119,800",2026/09/30
283,283,6439,中日本鋳工(株),名証MN,415,+12,2.98,500,2026/09/30
284,284,6742,(株)京三製作所,東証PRM,"1,106",+32,2.98,"245,700",2026/09/30
285,285,7161,(株)じもとホールディングス,東証STD,691,+20,2.98,"135,200",2026/09/30
286,286,4182,三菱ガス化学(株),東証PRM,"3,884",+112,2.97,"1,068,700",2026/09/30
287,287,8337,(株)千葉興業銀行,東証PRM,"2,805",+81,2.97,"151,700",2026/09/30
288,288,9880,イノテック(株),東証PRM,"3,635",+105,2.97,"166,900",2026/09/30
289,289,4418,(株)ＪＤＳＣ,東証GRT,"1,114",+32,2.96,"84,400",2026/09/30
290,290,6570,(株)共和コーポレーション,東証STD,"4,000",+115,2.96,"91,600",2026/09/30
291,291,9509,北海道電力(株),東証PRM,"1,132",+32.5,2.96,"2,268,200",2026/09/30
292,292,5838,楽天銀行(株),東証PRM,"6,316",+181,2.95,"1,362,800",2026/09/30
293,293,1963,日揮ホールディングス(株),東証PRM,"2,277",+65,2.94,"2,632,600",2026/09/30
294,294,3633,ＧＭＯペパボ(株),東証STD,"2,660",+76,2.94,"22,000",2026/09/30
295,295,7186,(株)横浜フィナンシャルグループ,東証PRM,"1,923.5",+55,2.94,"5,180,600",2026/09/30
296,296,7603,ジーイエット(株),東証STD,35,+1,2.94,"588,100",2026/09/30
297,297,6037,楽待(株),東証STD,"1,094",+31,2.92,"32,700",2026/09/30
298,298,6379,レイズネクスト(株),東証PRM,988,+28,2.92,"788,900",2026/09/30
299,299,7059,(株)コプロ・ホールディングス,東証PRM,952,+27,2.92,"121,500",2026/09/30
300,300,7269,スズキ(株),東証PRM,"1,988.5",+56.5,2.92,"9,555,400",2026/09/30
301,301,2489,(株)アドウェイズ,東証STD,425,+12,2.91,"134,100",2026/09/30
302,302,7707,プレシジョン・システム・サイエンス(株),東証GRT,212,+6,2.91,"83,800",2026/09/30
303,303,4165,(株)プレイド,東証GRT,675,+19,2.9,"242,600",2026/09/30
304,304,4274,細谷火工(株),東証STD,"1,137",+32,2.9,"33,200",2026/09/30
305,305,4406,新日本理化(株),東証STD,248,+7,2.9,"317,900",2026/09/30
306,306,4766,(株)ピーエイ,東証STD,213,+6,2.9,"19,100",2026/09/30
307,307,7936,(株)アシックス,東証PRM,"4,220",+119,2.9,"4,856,600",2026/09/30
308,308,1367,iFreeETF TOPIXレバレッジ(2倍)指数,東証ETF,"3,138",+88,2.89,"81,420",2026/09/30
309,309,3900,(株)クラウドワークス,東証GRT,677,+19,2.89,"403,000",2026/09/30
310,310,3941,レンゴー(株),東証PRM,"1,519.5",+42.5,2.88,"1,217,600",2026/09/30
311,311,6558,クックビズ(株),東証GRT,678,+19,2.88,"3,400",2026/09/30
312,312,256A,飛島ホールディングス(株),東証PRM,"2,327",+65,2.87,"205,500",2026/09/30
313,313,7220,武蔵精密工業(株),東証PRM,"3,050",+85,2.87,"729,600",2026/09/30
314,314,2342,(株)トランスジェニックグループ,東証STD,252,+7,2.86,"18,500",2026/09/30
315,315,7238,曙ブレーキ工業(株),東証PRM,108,+3,2.86,"4,417,000",2026/09/30
316,316,2354,(株)ＹＥ　ＤＩＧＩＴＡＬ,東証STD,"1,263",+35,2.85,"268,900",2026/09/30
317,317,3407,旭化成(株),東証PRM,"1,657.5",+46,2.85,"5,371,000",2026/09/30
318,318,6440,ＪＵＫＩ(株),東証PRM,867,+24,2.85,"734,200",2026/09/30
319,319,8058,三菱商事(株),東証PRM,"4,769",+132,2.85,"9,331,100",2026/09/30
320,320,7726,黒田精工(株),東証STD,"1,449",+40,2.84,"17,100",2026/09/30
321,321,9941,太洋物産(株),東証STD,"1,090",+30,2.83,"19,200",2026/09/30
322,322,5244,(株)ｊｉｇ．ｊｐ,東証GRT,182,+5,2.82,"210,000",2026/09/30
323,323,6656,インスペック(株),東証STD,840,+23,2.82,"42,000",2026/09/30
324,324,8944,(株)ランドビジネス,東証STD,255,+7,2.82,"84,400",2026/09/30
325,325,9204,スカイマーク(株),東証GRT,437,+12,2.82,"142,700",2026/09/30
326,326,2467,(株)ＶＬＣセキュリティ,名証NXT,183,+5,2.81,"13,800",2026/09/30
327,327,3097,(株)物語コーポレーション,東証PRM,"5,490",+150,2.81,"226,800",2026/09/30
328,328,3858,(株)ユビキタスＡＩ,東証STD,329,+9,2.81,"20,800",2026/09/30
329,329,8341,(株)七十七銀行,東証PRM,"4,202",+115,2.81,"822,600",2026/09/30
330,330,8830,住友不動産(株),東証PRM,"3,183",+87,2.81,"4,065,800",2026/09/30
331,331,150A,(株)ＪＳＨ,東証GRT,734,+20,2.8,"90,400",2026/09/30
332,332,6769,ザインエレクトロニクス(株),東証STD,"1,323",+36,2.8,"75,700",2026/09/30
333,333,7038,フロンティア・マネジメント(株),東証PRM,588,+16,2.8,"33,200",2026/09/30
334,334,1850,南海辰村建設(株),東証STD,442,+12,2.79,"19,100",2026/09/30
335,335,540A,上場インデックスファンド日経銀行株トップ10,東証ETF,"2,138",+58,2.79,"70,217",2026/09/30
336,336,4772,(株)ＳＭ　ＥＮＴＥＲＴＡＩＮＭＥＮＴ　ＪＡＰＡＮ,東証GRT,74,+2,2.78,"35,400",2026/09/30
337,337,5707,東邦亜鉛(株),東証PRM,962,+26,2.78,"405,600",2026/09/30
338,338,7138,(株)ＴＯＲＩＣＯ,東証GRT,148,+4,2.78,"895,200",2026/09/30
339,339,6315,ＴＯＷＡ(株),東証PRM,"2,298",+62,2.77,"2,656,800",2026/09/30
340,340,6890,(株)フェローテック,東証STD,"10,760",+290,2.77,"979,500",2026/09/30
341,341,4471,三洋化成工業(株),東証PRM,"1,640",+44,2.76,"639,800",2026/09/30
342,342,7367,(株)セルム,東証STD,335,+9,2.76,"3,800",2026/09/30
343,343,8544,(株)京葉銀行,東証PRM,"2,980",+80,2.76,"381,700",2026/09/30
344,344,9104,(株)商船三井,東証PRM,"7,090",+190,2.75,"2,656,900",2026/09/30
345,345,395A,業界改革厳選ETF地銀,東証ETF,"1,144",+30.5,2.74,"41,160",2026/09/30
346,346,5571,エキサイトホールディングス(株),東証STD,"1,049",+28,2.74,"4,400",2026/09/30
347,347,8766,東京海上ホールディングス(株),東証PRM,537.5,+14.3,2.73,"113,837,800",2026/09/30
348,348,280A,(株)ＴＭＨ,東証GRT,"1,096",+29,2.72,"13,800",2026/09/30
349,349,3168,(株)ＭＥＲＦ,東証STD,"1,288",+34,2.71,"34,900",2026/09/30
350,350,8308,(株)りそなホールディングス,東証PRM,"2,549",+67,2.7,"10,949,100",2026/09/30
351,351,8035,東京エレクトロン(株),東証PRM,"11,815",+310,2.69,"15,332,500",2026/09/30
352,352,2484,(株)出前館,東証STD,153,+4,2.68,"287,600",2026/09/30
353,353,2802,味の素(株),東証PRM,"5,111",+133,2.67,"4,665,700",2026/09/30
354,354,4008,住友精化(株),東証PRM,"1,500",+39,2.67,"173,200",2026/09/30
355,355,8105,Ｂｉｔｃｏｉｎ　Ｊａｐａｎ(株),東証STD,77,+2,2.67,"952,100",2026/09/30
356,356,8275,(株)フォーバル,東証STD,"1,039",+27,2.67,"68,800",2026/09/30
357,357,8366,(株)滋賀銀行,東証PRM,"3,075",+80,2.67,"842,100",2026/09/30
358,358,9767,日建工学(株),東証STD,"1,771",+46,2.67,500,2026/09/30
359,359,4020,ビートレンド(株),東証GRT,850,+22,2.66,"2,800",2026/09/30
360,360,5136,ｔｒｉｐｌａ(株),東証GRT,"2,510",+65,2.66,"104,400",2026/09/30
361,361,5599,Ｓ＆Ｊ(株),東証GRT,"1,079",+28,2.66,"4,400",2026/09/30
362,362,8473,ＳＢＩホールディングス(株),東証PRM,"3,162",+82,2.66,"3,551,100",2026/09/30
363,363,4094,日本化学産業(株),東証STD,"2,248",+58,2.65,"9,100",2026/09/30
364,364,5741,(株)ＵＡＣＪ,東証PRM,"2,167",+56,2.65,"1,086,200",2026/09/30
365,365,6525,(株)ＫＯＫＵＳＡＩ　ＥＬＥＣＴＲＩＣ,東証PRM,"9,578",+247,2.65,"27,498,800",2026/09/30
366,366,7731,(株)ニコン,東証PRM,"1,937",+50,2.65,"2,484,100",2026/09/30
367,367,5574,(株)ＡＢＥＪＡ,東証GRT,"3,115",+80,2.64,"70,600",2026/09/30
368,368,2998,クリアル(株),東証GRT,507,+13,2.63,"101,600",2026/09/30
369,369,3864,三菱製紙(株),東証PRM,"1,249",+32,2.63,"171,200",2026/09/30
370,370,6492,岡野バルブ製造(株),東証STD,"15,980",+410,2.63,"10,800",2026/09/30
371,371,6926,岡谷電機産業(株),東証STD,195,+5,2.63,"51,300",2026/09/30
372,372,7692,(株)アースインフィニティ,東証STD,78,+2,2.63,"71,400",2026/09/30
373,373,8361,(株)大垣共立銀行,東証PRM,"1,792",+46,2.63,"1,168,700",2026/09/30
374,374,8364,(株)清水銀行,東証PRM,"3,315",+85,2.63,"36,800",2026/09/30
375,375,5013,(株)ユシロ,東証STD,"3,135",+80,2.62,"59,300",2026/09/30
376,376,5831,(株)しずおかフィナンシャルグループ,東証PRM,"3,637",+93,2.62,"2,236,800",2026/09/30
377,377,8334,(株)群馬銀行,東証PRM,"3,168",+81,2.62,"1,523,500",2026/09/30
378,378,8360,(株)山梨中央銀行,東証PRM,"1,530",+39,2.62,"855,300",2026/09/30
379,379,1578,上場インデックスファンド日経225(ミニ),東証ETF,"5,380",+137,2.61,"10,135",2026/09/30
380,380,4414,(株)フレクト,東証GRT,"1,140",+29,2.61,"9,600",2026/09/30
381,381,446A,(株)ノースサンド,東証GRT,"2,395",+61,2.61,"539,200",2026/09/30
382,382,6268,ナブテスコ(株),東証PRM,"4,919",+125,2.61,"957,400",2026/09/30
383,383,1942,(株)関電工,東証PRM,"5,612",+142,2.6,"1,542,400",2026/09/30
384,384,1980,ダイダン(株),東証PRM,"2,959",+75,2.6,"476,000",2026/09/30
385,385,4475,ＨＥＮＮＧＥ(株),東証GRT,"1,775",+45,2.6,"516,000",2026/09/30
386,386,4968,荒川化学工業(株),東証PRM,"2,365",+60,2.6,"81,200",2026/09/30
387,387,598A,チャットプラス(株),東証GRT,"1,422",+36,2.6,"39,700",2026/09/30
388,388,1311,(NEXT FUNDS)TOPIX Core30連動型上場投信,東証ETF,"2,176",+55,2.59,"11,235",2026/09/30
389,389,4438,(株)Ｗｅｌｂｙ,東証GRT,277,+7,2.59,"28,800",2026/09/30
390,390,6190,(株)フェニックスバイオ,東証GRT,317,+8,2.59,"19,500",2026/09/30
391,391,6278,ユニオンツール(株),東証PRM,"15,060",+380,2.59,"227,000",2026/09/30
392,392,1615,(NEXT FUNDS)東証銀行業株価指数連動型上場投信,東証ETF,793.7,+20,2.58,"4,761,840",2026/09/30
393,393,2011,SMDAM Active ETF 日本高配当株式,東証ETF,869.5,+21.9,2.58,"14,790",2026/09/30
394,394,7167,(株)めぶきフィナンシャルグループ,東証PRM,"1,718",+43,2.57,"2,901,600",2026/09/30
395,395,9553,(株)マイクロアド,東証GRT,638,+16,2.57,"65,600",2026/09/30
396,396,4591,(株)リボミック,東証GRT,80,+2,2.56,"595,100",2026/09/30
397,397,4617,中国塗料(株),東証PRM,"3,600",+90,2.56,"227,600",2026/09/30
398,398,299A,クラシル(株),東証GRT,"1,206",+30,2.55,"100,300",2026/09/30
399,399,3907,シリコンスタジオ(株),東証STD,"1,929",+48,2.55,"234,500",2026/09/30
400,400,5016,ＪＸ金属(株),東証PRM,"3,575",+89,2.55,"33,239,700",2026/09/30
401,401,5257,ノバシステム(株),東証STD,"2,895",+72,2.55,"1,000",2026/09/30
402,402,7995,(株)バルカー,東証PRM,"6,830",+170,2.55,"54,100",2026/09/30
403,403,2108,日本甜菜製糖(株),東証PRM,"1,814",+45,2.54,"170,400",2026/09/30
404,404,5032,ＡＮＹＣＯＬＯＲ(株),東証PRM,"3,065",+76,2.54,"477,600",2026/09/30
405,405,1397,SMDAM 日経225上場投信,東証ETF,"68,120","+1,680",2.53,"2,571",2026/09/30
406,406,3266,(株)ファンドクリエーショングループ,東証STD,81,+2,2.53,"20,300",2026/09/30
407,407,4046,(株)大阪ソーダ,東証PRM,"1,985",+49,2.53,"338,700",2026/09/30
408,408,4549,栄研化学(株),東証PRM,"2,308",+57,2.53,"94,000",2026/09/30
409,409,4221,大倉工業(株),東証PRM,"5,690",+140,2.52,"52,500",2026/09/30
410,410,480A,(株)リブ・コンサルティング,東証GRT,"1,021",+25,2.51,"32,300",2026/09/30
411,411,3374,内外テック(株),東証STD,"4,915",+120,2.5,"57,200",2026/09/30
412,412,4377,(株)ワンキャリア,東証GRT,"2,375",+58,2.5,"48,200",2026/09/30
413,413,5232,住友大阪セメント(株),東証PRM,"1,869.5",+45.5,2.49,"666,200",2026/09/30
414,414,5851,リョービ(株),東証PRM,"2,761",+67,2.49,"154,900",2026/09/30
415,415,643A,データセンターインフラ 日本株(ネットリターン)ETN,東証ETF,"10,710",+260,2.49,"56,807",2026/09/30
416,416,6855,日本電子材料(株),東証STD,"7,820",+190,2.49,"603,700",2026/09/30
417,417,2767,円谷フィールズホールディングス(株),東証PRM,"2,530",+61,2.47,"394,300",2026/09/30
418,418,4719,(株)アルファシステムズ,東証PRM,"3,320",+80,2.47,"27,400",2026/09/30
419,419,9903,(株)カンセキ,東証STD,914,+22,2.47,"2,100",2026/09/30
420,420,1944,(株)きんでん,東証PRM,"6,839",+164,2.46,"576,500",2026/09/30
421,421,3182,オイシックス(株),東証PRM,"1,664",+40,2.46,"103,500",2026/09/30
422,422,3449,(株)テクノフレックス,東証STD,"4,380",+105,2.46,"92,500",2026/09/30
423,423,4187,大阪有機化学工業(株),東証PRM,"4,380",+105,2.46,"102,500",2026/09/30
424,424,7687,(株)ミクリード,東証GRT,459,+11,2.46,"2,800",2026/09/30
425,425,1330,上場インデックスファンド225,東証ETF,"69,740","+1,670",2.45,"44,071",2026/09/30
426,426,2351,(株)ＡＳＪ,東証STD,334,+8,2.45,"2,800",2026/09/30
427,427,4890,(株)坪田ラボ,東証GRT,252,+6,2.44,"23,800",2026/09/30
428,428,5582,(株)グリッド,東証GRT,"2,138",+51,2.44,"12,000",2026/09/30
429,429,6961,(株)エンプラス,東証PRM,"10,090",+240,2.44,"128,000",2026/09/30
430,430,1815,鉄建建設(株),東証PRM,"2,272",+54,2.43,"154,800",2026/09/30
431,431,4026,神島化学工業(株),東証STD,"1,599",+38,2.43,"63,200",2026/09/30
432,432,573A,iシェアーズ 日本国債20年超,東証ETF,496.8,+11.8,2.43,"13,580",2026/09/30
433,433,6113,(株)アマダ,東証PRM,"2,553.5",+60.5,2.43,"2,134,500",2026/09/30
434,434,7148,(株)ＦＰＧ,東証PRM,"1,642",+39,2.43,"712,300",2026/09/30
435,435,350A,デジタルグリッド(株),東証GRT,678,+16,2.42,"389,800",2026/09/30
436,436,4203,住友ベークライト(株),東証PRM,"8,411",+199,2.42,"733,800",2026/09/30
437,437,6366,千代田化工建設(株),東証STD,676,+16,2.42,"1,933,700",2026/09/30
438,438,7199,プレミアグループ(株),東証PRM,"2,117",+50,2.42,"160,000",2026/09/30
439,439,1619,(NEXT FUNDS)建設･資材上場投信,東証ETF,"45,070","+1,060",2.41,247,2026/09/30
440,440,3042,(株)セキュアヴェイル,東証STD,298,+7,2.41,"19,600",2026/09/30
441,441,3986,(株)ビーブレイクシステムズ,東証STD,510,+12,2.41,"4,400",2026/09/30
442,442,4208,ＵＢＥ(株),東証PRM,"3,400",+80,2.41,"758,900",2026/09/30
443,443,4599,(株)ステムリム,東証GRT,170,+4,2.41,"439,300",2026/09/30
444,444,5857,ＡＲＥホールディングス(株),東証PRM,"3,610",+85,2.41,"646,200",2026/09/30
445,445,7867,(株)タカラトミー,東証PRM,"4,252",+100,2.41,"735,600",2026/09/30
446,446,5010,日本精蝋(株),東証STD,299,+7,2.4,"113,700",2026/09/30
447,447,5714,ＤＯＷＡホールディングス(株),東証PRM,"8,978",+210,2.4,"592,100",2026/09/30
448,448,6498,(株)キッツ,東証PRM,"2,050",+48,2.4,"364,500",2026/09/30
449,449,8343,(株)秋田銀行,東証PRM,"2,046",+48,2.4,"1,129,000",2026/09/30
450,450,9503,関西電力(株),東証PRM,"2,705.5",+63.5,2.4,"4,804,200",2026/09/30
451,451,2525,NZAM 上場投信 日経225,東証ETF,"67,790","+1,580",2.39,924,2026/09/30
452,452,4387,(株)ＺＵＵ,東証GRT,558,+13,2.39,"2,300",2026/09/30
453,453,472A,(株)ミラティブ,東証GRT,558,+13,2.39,"90,300",2026/09/30
454,454,5031,モイ(株),東証GRT,385,+9,2.39,"157,800",2026/09/30
455,455,624A,かがやきホールディングス(株),名証NXT,"1,027",+24,2.39,"160,200",2026/09/30
456,456,1498,One ETF ESG,東証ETF,"33,070",+770,2.38,"6,594",2026/09/30
457,457,3032,(株)ゴルフ・ドゥ,名証NXT,215,+5,2.38,"15,700",2026/09/30
458,458,3176,三洋貿易(株),東証PRM,"1,161",+27,2.38,"311,800",2026/09/30
459,459,5702,(株)大紀アルミニウム工業所,東証PRM,"1,805",+42,2.38,"284,200",2026/09/30
460,460,7727,(株)オーバル,東証STD,949,+22,2.37,"110,100",2026/09/30
461,461,4272,日本化薬(株),東証PRM,"2,107",+48.5,2.36,"919,100",2026/09/30
462,462,6072,地盤ネットホールディングス(株),東証STD,"1,042",+24,2.36,"571,300",2026/09/30
463,463,7504,(株)高速,東証PRM,"4,545",+105,2.36,"39,100",2026/09/30
464,464,9279,(株)ギフトホールディングス,東証PRM,"2,078",+48,2.36,"344,900",2026/09/30
465,465,4107,伊勢化学工業(株),東証STD,"3,925",+90,2.35,"139,500",2026/09/30
466,466,6177,ＡｐｐＢａｎｋ(株),東証GRT,87,+2,2.35,"364,800",2026/09/30
467,467,6768,(株)タムラ製作所,東証PRM,915,+21,2.35,"1,224,700",2026/09/30
468,468,8370,(株)紀陽銀行,東証PRM,"1,784",+41,2.35,"684,600",2026/09/30
469,469,8705,日産証券グループ(株),東証STD,218,+5,2.35,"51,300",2026/09/30
470,470,4811,(株)ドリーム・アーツ,東証GRT,920,+21,2.34,"6,100",2026/09/30
471,471,632A,GX 日経225,東証ETF,"67,310","+1,540",2.34,"3,702",2026/09/30
472,472,8624,いちよし証券(株),東証PRM,"1,663",+38,2.34,"155,600",2026/09/30
473,473,9505,北陸電力(株),東証PRM,"1,135",+26,2.34,"1,143,300",2026/09/30
474,474,3070,(株)ジェリービーンズグループ,東証GRT,44,+1,2.33,"987,100",2026/09/30
475,475,3205,(株)ダイドーリミテッド,東証STD,747,+17,2.33,"58,800",2026/09/30
476,476,4410,ハリマ化成グループ(株),東証PRM,"1,142",+26,2.33,"67,800",2026/09/30
477,477,6853,(株)共和電業,東証STD,791,+18,2.33,"29,500",2026/09/30
478,478,7717,(株)ブイ・テクノロジー,東証PRM,"6,160",+140,2.33,"129,800",2026/09/30
479,479,8078,阪和興業(株),東証PRM,"1,889",+43,2.33,"518,600",2026/09/30
480,480,2518,(NEXT FUNDS) MSCI日本株女性活躍(セレクト)上場投信,東証ETF,"2,472",+56,2.32,363,2026/09/30
481,481,6506,(株)安川電機,東証PRM,"4,633",+105,2.32,"3,189,800",2026/09/30
482,482,7189,(株)西日本フィナンシャルホールディングス,東証PRM,"5,072",+115,2.32,"507,600",2026/09/30
483,483,7760,ＩＭＶ(株),東証STD,"2,118",+48,2.32,"48,700",2026/09/30
484,484,1473,One ETF トピックス,東証ETF,"4,234",+95,2.3,580,2026/09/30
485,485,5201,ＡＧＣ(株),東証PRM,"5,747",+129,2.3,"960,600",2026/09/30
486,486,6396,(株)宇野澤組鐵工所,東証STD,"4,670",+105,2.3,100,2026/09/30
487,487,6425,(株)ユニバーサルエンターテインメント,東証STD,712,+16,2.3,"206,100",2026/09/30
488,488,6480,日本トムソン(株),東証PRM,"1,872",+42,2.3,"723,100",2026/09/30
489,489,6752,パナソニック　ホールディングス(株),東証PRM,"4,490",+101,2.3,"8,075,200",2026/09/30
490,490,8095,アステナホールディングス(株),東証PRM,534,+12,2.3,"180,200",2026/09/30
491,491,9065,山九(株),東証PRM,"1,603",+36,2.3,"1,584,100",2026/09/30
492,492,609A,GX 総合商社&資源ビジネス-日本株式,東証ETF,"1,073",+24,2.29,"77,171",2026/09/30
493,493,6226,守谷輸送機工業(株),東証STD,"2,238",+50,2.29,"38,500",2026/09/30
494,494,8001,伊藤忠商事(株),東証PRM,"2,207.5",+49.5,2.29,"22,182,300",2026/09/30
495,495,4047,関東電化工業(株),東証PRM,"2,381",+53,2.28,"521,100",2026/09/30
496,496,6069,トレンダーズ(株),東証GRT,673,+15,2.28,"10,300",2026/09/30
497,497,6391,(株)加地テック,東証STD,"4,930",+110,2.28,800,2026/09/30
498,498,9304,澁澤倉庫(株),東証PRM,"2,197",+49,2.28,"182,000",2026/09/30
499,499,1803,清水建設(株),東証PRM,"2,144",+47.5,2.27,"5,701,900",2026/09/30
500,500,6652,ＩＤＥＣ(株),東証PRM,"3,825",+85,2.27,"209,000",2026/09/30
501,501,6976,太陽誘電(株),東証PRM,"9,324",+207,2.27,"35,988,200",2026/09/30
502,502,1474,One ETF JPX日経400,東証ETF,"37,620",+830,2.26,56,2026/09/30
503,503,349A,SMDAM Active ETF 日本グロース株,東証ETF,831,+18.4,2.26,550,2026/09/30
504,504,4246,ダイキョーニシカワ(株),東証PRM,"1,086",+24,2.26,"296,400",2026/09/30
505,505,5216,(株)倉元製作所,東証STD,136,+3,2.26,"109,500",2026/09/30
506,506,7236,(株)ティラド,東証PRM,"1,493",+33,2.26,"266,100",2026/09/30
507,507,5527,(株)ｐｒｏｐｅｒｔｙ　ｔｅｃｈｎｏｌｏｇｉｅｓ,東証GRT,773,+17,2.25,"35,400",2026/09/30
508,508,3559,(株)ピーバンドットコム,東証STD,456,+10,2.24,"4,600",2026/09/30
509,509,4040,南海化学(株),東証STD,"4,110",+90,2.24,"5,800",2026/09/30
510,510,5597,ブルーイノベーション(株),東証GRT,"1,368",+30,2.24,"23,500",2026/09/30
511,511,6835,アライドテレシスホールディングス(株),東証STD,274,+6,2.24,"163,800",2026/09/30
512,512,7456,松田産業(株),東証PRM,"6,840",+150,2.24,"88,400",2026/09/30
513,513,1320,iFreeETF 日経225(年1回決算型),東証ETF,"69,250","+1,510",2.23,"26,263",2026/09/30
514,514,1321,(NEXT FUNDS)日経225連動型上場投信,東証ETF,"69,620","+1,520",2.23,"247,472",2026/09/30
515,515,2624,iFreeETF 日経225(年4回決算型),東証ETF,"6,751",+147,2.23,"17,171",2026/09/30
516,516,3918,ＰＣＩホールディングス(株),東証STD,"1,193",+26,2.23,"18,200",2026/09/30
517,517,5121,藤倉コンポジット(株),東証PRM,"2,975",+65,2.23,"114,500",2026/09/30
518,518,8002,丸紅(株),東証PRM,"4,824",+105,2.23,"5,347,500",2026/09/30
519,519,8713,フィデアホールディングス(株),東証PRM,"2,894",+63,2.23,"113,100",2026/09/30
520,520,9733,(株)ナガセ,東証STD,"2,295",+50,2.23,"16,000",2026/09/30
521,521,1346,MAXIS 日経225上場投信,東証ETF,"69,460","+1,510",2.22,"16,019",2026/09/30
522,522,3807,(株)フィスコ,東証GRT,92,+2,2.22,"227,100",2026/09/30
523,523,9701,(株)東京會舘,東証STD,"4,600",+100,2.22,"2,500",2026/09/30
524,524,2901,(株)ウェルディッシュ,東証STD,139,+3,2.21,"247,100",2026/09/30
525,525,4061,デンカ(株),東証PRM,"3,285",+71,2.21,"688,400",2026/09/30
526,526,1329,iシェアーズ・コア 日経225ETF,東証ETF,"6,961",+150,2.2,"2,140,965",2026/09/30
527,527,4176,(株)ココナラ,東証GRT,279,+6,2.2,"65,000",2026/09/30
528,528,4627,ナトコ(株),東証STD,"2,090",+45,2.2,"8,600",2026/09/30
529,529,5461,中部鋼鈑(株),東証PRM,"2,091",+45,2.2,"144,100",2026/09/30
530,530,6273,ＳＭＣ(株),東証PRM,"72,120","+1,550",2.2,"368,100",2026/09/30
531,531,6817,スミダコーポレーション(株),東証PRM,"1,252",+27,2.2,"217,600",2026/09/30
532,532,244A,グロースエクスパートナーズ(株),東証GRT,"1,214",+26,2.19,300,2026/09/30
533,533,2524,NZAM 上場投信 TOPIX,東証ETF,"4,244",+91,2.19,"45,928",2026/09/30
534,534,3848,(株)データ・アプリケーション,東証STD,839,+18,2.19,"1,200",2026/09/30
535,535,6471,日本精工(株),東証PRM,"1,098.5",+23.5,2.19,"1,915,400",2026/09/30
536,536,6965,浜松ホトニクス(株),東証PRM,"2,352.5",+50.5,2.19,"2,010,000",2026/09/30
537,537,7337,(株)ひろぎんホールディングス,東証PRM,"2,446.5",+52.5,2.19,"1,065,000",2026/09/30
538,538,9327,(株)イー・ロジット,東証STD,187,+4,2.19,"21,500",2026/09/30
539,539,3824,メディアファイブ(株),福岡Q,751,+16,2.18,500,2026/09/30
540,540,7222,日産車体(株),東証STD,939,+20,2.18,"108,200",2026/09/30
541,541,2970,ＧＬＣ　ＧＲＯＵＰ(株),東証STD,"1,175",+25,2.17,"11,400",2026/09/30
542,542,3358,Ｔｒａｉｌｈｅａｄ　Ｇｌｏｂａｌ　Ｈｏｌｄｉｎｇｓ(株),東証STD,94,+2,2.17,"94,500",2026/09/30
543,543,5161,西川ゴム工業(株),東証STD,"3,535",+75,2.17,"82,500",2026/09/30
544,544,7047,ポート(株),東証GRT,"2,166",+46,2.17,"60,300",2026/09/30
545,545,8091,ニチモウ(株),東証PRM,"2,405",+51,2.17,"14,900",2026/09/30
546,546,2395,(株)新日本科学,東証PRM,"1,326",+28,2.16,"156,000",2026/09/30
547,547,2902,太陽化学(株),名証MN,"2,789",+59,2.16,"1,800",2026/09/30
548,548,3963,(株)シンクロ・フード,東証PRM,331,+7,2.16,"26,000",2026/09/30
549,549,5027,ＡｎｙＭｉｎｄ　Ｇｒｏｕｐ(株),東証GRT,805,+17,2.16,"198,100",2026/09/30
550,550,5609,日本鋳造(株),東証STD,945,+20,2.16,"4,100",2026/09/30
551,551,6469,(株)放電精密加工研究所,東証STD,"2,926",+62,2.16,"55,400",2026/09/30
552,552,6472,ＮＴＮ(株),東証PRM,382.3,+8.1,2.16,"2,861,000",2026/09/30
553,553,6504,富士電機(株),東証PRM,"13,960",+295,2.16,"860,200",2026/09/30
554,554,8424,芙蓉総合リース(株),東証PRM,"4,447",+94,2.16,"344,500",2026/09/30
555,555,9425,ＲｅＹｕｕ　Ｊａｐａｎ(株),東証STD,236,+5,2.16,"350,100",2026/09/30
556,556,1921,(株)巴コーポレーション,東証STD,"1,944",+41,2.15,"1,900",2026/09/30
557,557,5310,東洋炭素(株),東証PRM,"7,590",+160,2.15,"97,500",2026/09/30
558,558,6629,テクノホライゾン(株),東証STD,"1,045",+22,2.15,"72,600",2026/09/30
559,559,8388,(株)阿波銀行,東証PRM,"2,232",+47,2.15,"793,500",2026/09/30
560,560,1869,名工建設(株),名証MN,"1,907",+40,2.14,"3,200",2026/09/30
561,561,3252,地主(株),東証PRM,"2,764",+58,2.14,"151,600",2026/09/30
562,562,4382,ＨＥＲＯＺ(株),東証STD,858,+18,2.14,"151,800",2026/09/30
563,563,5105,ＴＯＹＯ　ＴＩＲＥ(株),東証PRM,"3,870",+81,2.14,"911,800",2026/09/30
564,564,200A,(NEXT FUNDS) 日経半導体株指数連動型上場投信,東証ETF,"4,515",+94,2.13,"1,448,512",2026/09/30
565,565,221A,MAXIS 日経半導体株上場投信,東証ETF,"1,176",+24.5,2.13,"319,230",2026/09/30
566,566,4389,プロパティデータバンク(株),東証GRT,"1,197",+25,2.13,"17,800",2026/09/30
567,567,4403,日油(株),東証PRM,"2,537",+53,2.13,"1,009,600",2026/09/30
568,568,7527,(株)システムソフト,東証STD,48,+1,2.13,"945,200",2026/09/30
569,569,4189,ＫＨネオケム(株),東証PRM,"3,370",+70,2.12,"135,600",2026/09/30
570,570,4519,中外製薬(株),東証PRM,"6,225",+129,2.12,"9,460,400",2026/09/30
571,571,4755,楽天グループ(株),東証PRM,690.4,+14.3,2.12,"24,142,000",2026/09/30
572,572,5254,(株)Ａｒｅｎｔ,東証GRT,"4,345",+90,2.12,"12,300",2026/09/30
573,573,5333,ＮＧＫ(株),東証PRM,"5,441",+113,2.12,"1,526,600",2026/09/30
574,574,5970,(株)ジーテクト,東証PRM,"2,262",+47,2.12,"167,300",2026/09/30
575,575,6762,ＴＤＫ(株),東証PRM,"2,981",+62,2.12,"14,761,800",2026/09/30
576,576,1911,住友林業(株),東証PRM,"1,210",+25,2.11,"5,190,100",2026/09/30
577,577,257A,SMT ETF日本株厳選投資アクティブ,東証ETF,"3,439",+71,2.11,155,2026/09/30
578,578,3315,日本コークス工業(株),東証PRM,97,+2,2.11,"5,472,300",2026/09/30
579,579,6653,(株)正興電機製作所,東証PRM,"2,128",+44,2.11,"29,800",2026/09/30
580,580,8697,(株)日本取引所グループ,東証PRM,"2,297.5",+47.5,2.11,"4,018,000",2026/09/30
581,581,1812,鹿島,東証PRM,"4,949",+102,2.1,"2,642,900",2026/09/30
582,582,1959,(株)クラフティア,東証PRM,"8,064",+166,2.1,"228,200",2026/09/30
583,583,4237,フジプレアム(株),東証STD,341,+7,2.1,"77,800",2026/09/30
584,584,6544,ジャパンエレベーターサービスホールディングス(株),東証PRM,"1,479.5",+30.5,2.1,"772,800",2026/09/30
585,585,7715,長野計器(株),東証PRM,"4,375",+90,2.1,"131,900",2026/09/30
586,586,1961,三機工業(株),東証PRM,"2,633",+54,2.09,"597,400",2026/09/30
587,587,5367,(株)ニッカトー,東証STD,"1,463",+30,2.09,"142,300",2026/09/30
588,588,8031,三井物産(株),東証PRM,"4,930",+101,2.09,"7,143,600",2026/09/30
589,589,1866,北野建設(株),東証STD,"1,131",+23,2.08,"13,400",2026/09/30
590,590,4493,(株)サイバーセキュリティクラウド,東証GRT,"1,967",+40,2.08,"149,000",2026/09/30
591,591,6677,(株)エスケーエレクトロニクス,東証STD,"3,185",+65,2.08,"78,700",2026/09/30
592,592,1518,三井松島ホールディングス(株),東証PRM,"2,263",+46,2.07,"431,100",2026/09/30
593,593,4078,堺化学工業(株),東証PRM,"3,695",+75,2.07,"93,800",2026/09/30
594,594,6071,(株)ＩＢＪ,東証PRM,886,+18,2.07,"113,600",2026/09/30
595,595,6326,(株)クボタ,東証PRM,"2,763.5",+56,2.07,"4,862,800",2026/09/30
596,596,7118,(株)伸和ホールディングス,名証NXT,"4,440",+90,2.07,100,2026/09/30
597,597,3946,(株)トーモク,東証PRM,"4,460",+90,2.06,"41,000",2026/09/30
598,598,6407,ＣＫＤ(株),東証PRM,"5,460",+110,2.06,"617,100",2026/09/30
599,599,6778,(株)アルチザネットワークス,東証STD,643,+13,2.06,"5,200",2026/09/30
600,600,7282,豊田合成(株),東証PRM,"1,038.5",+21,2.06,"2,869,400",2026/09/30
601,601,159A,(NEXT FUNDS) JPXプライム150指数連動型上場投信,東証ETF,746.9,+15,2.05,"85,040",2026/09/30
602,602,2438,(株)アスカネット,東証GRT,349,+7,2.05,"36,500",2026/09/30
603,603,247A,Ａｉロボティクス(株),東証GRT,997,+20,2.05,"1,317,000",2026/09/30
604,604,339A,プログレス・テクノロジーズ　グループ(株),東証GRT,946,+19,2.05,"6,300",2026/09/30
605,605,4911,(株)資生堂,東証PRM,"3,485",+70,2.05,"2,630,700",2026/09/30
606,606,7570,橋本総業ホールディングス(株),東証STD,"1,397",+28,2.05,"19,700",2026/09/30
607,607,8053,住友商事(株),東証PRM,"1,770",+35.5,2.05,"11,246,900",2026/09/30
608,608,8550,(株)栃木銀行,東証PRM,"1,196",+24,2.05,"723,500",2026/09/30
609,609,1629,(NEXT FUNDS)商社･卸売上場投信,東証ETF,275,+5.5,2.04,"746,450",2026/09/30
610,610,4512,わかもと製薬(株),東証STD,300,+6,2.04,"27,800",2026/09/30
611,611,4594,ブライトパス・バイオ(株),東証GRT,50,+1,2.04,"534,800",2026/09/30
612,612,4651,(株)サニックスホールディングス,東証STD,250,+5,2.04,"156,200",2026/09/30
613,613,473A,ニッセイ ETF 日経225インデックス,東証ETF,"1,350",+27,2.04,"13,608",2026/09/30
614,614,6343,フリージア・マクロス(株),東証STD,150,+3,2.04,"44,400",2026/09/30
615,615,6966,(株)三井ハイテック,東証PRM,902,+18,2.04,"2,209,700",2026/09/30
616,616,1620,(NEXT FUNDS)素材･化学上場投信,東証ETF,"37,220",+740,2.03,275,2026/09/30
617,617,1720,東急建設(株),東証PRM,"1,205",+24,2.03,"302,700",2026/09/30
618,618,3773,(株)アドバンスト・メディア,東証GRT,"1,054",+21,2.03,"22,500",2026/09/30
619,619,2349,(株)エヌアイデイ,東証STD,"2,523",+50,2.02,100,2026/09/30
620,620,2984,ヤマイチエステート(株),東証STD,809,+16,2.02,"15,400",2026/09/30
621,621,4685,(株)菱友システムズ,東証STD,"2,772",+55,2.02,"12,700",2026/09/30
622,622,7980,(株)重松製作所,東証STD,859,+17,2.02,"10,700",2026/09/30
623,623,8267,イオン(株),東証PRM,"1,289",+25.5,2.02,"13,056,900",2026/09/30
624,624,1364,ｉシェアーズ JPX日経400 ETF,東証ETF,"3,802",+75,2.01,"4,231",2026/09/30
625,625,1945,(株)東京エネシス,東証PRM,"2,130",+42,2.01,"150,800",2026/09/30
626,626,2625,iFreeETF TOPIX(年4回決算型),東証ETF,"4,159",+82,2.01,"124,444",2026/09/30
627,627,2768,双日(株),東証PRM,"5,672",+112,2.01,"1,141,200",2026/09/30
628,628,6850,(株)チノー,東証PRM,"1,780",+35,2.01,"27,300",2026/09/30
629,629,1592,上場インデックス JPX日経インデックス400,東証ETF,"3,419",+67,2.0,"6,881",2026/09/30
630,630,2854,GX テック・トップ20-日本株式,東証ETF,"2,804",+55,2.0,"23,173",2026/09/30
631,631,5129,(株)ＦＩＸＥＲ,東証GRT,255,+5,2.0,"54,200",2026/09/30
632,632,6740,(株)ジャパンディスプレイ,東証PRM,51,+1,2.0,"8,762,700",2026/09/30
633,633,7901,(株)マツモト,東証STD,818,+16,2.0,"1,300",2026/09/30
634,634,7970,信越ポリマー(株),東証PRM,"2,402",+47,2.0,"192,300",2026/09/30
635,635,1599,iFreeETF JPX日経400,東証ETF,"37,870",+740,1.99,14,2026/09/30
636,636,2081,政策保有解消推進ETF,東証ETF,"2,202",+43,1.99,510,2026/09/30
637,637,2644,GX 半導体関連-日本株式,東証ETF,"4,149",+81,1.99,"739,330",2026/09/30
638,638,2806,ユタカフーズ(株),東証STD,"1,999",+39,1.99,"4,300",2026/09/30
639,639,5332,ＴＯＴＯ(株),東証PRM,"5,897",+115,1.99,"1,069,800",2026/09/30
640,640,6195,(株)ホープ,東証GRT,205,+4,1.99,"19,900",2026/09/30
641,641,6955,ＦＤＫ(株),東証STD,410,+8,1.99,"14,400",2026/09/30
642,642,1994,高橋カーテンウォール工業(株),東証STD,618,+12,1.98,"6,700",2026/09/30
643,643,5576,(株)オービーシステム,東証STD,"3,095",+60,1.98,"1,900",2026/09/30
644,644,6134,(株)ＦＵＪＩ,東証PRM,"7,629",+148,1.98,"650,500",2026/09/30
645,645,9557,(株)エアークローゼット,東証GRT,257,+5,1.98,"6,700",2026/09/30
646,646,5247,(株)ＢＴＭ,東証GRT,570,+11,1.97,"3,200",2026/09/30
647,647,5590,(株)ネットスターズ,東証GRT,725,+14,1.97,"70,200",2026/09/30
648,648,6674,(株)ジーエス・ユアサ　コーポレーション,東証PRM,"5,444",+105,1.97,"679,100",2026/09/30
649,649,6862,ミナトホールディングス(株),東証STD,"5,180",+100,1.97,"140,600",2026/09/30
650,650,1586,上場インデックス TOPIX Ex-Financials,東証ETF,"3,120",+60,1.96,56,2026/09/30
651,651,3694,(株)オプティム,東証PRM,468,+9,1.96,"160,200",2026/09/30
652,652,4344,ソースネクスト(株),東証PRM,104,+2,1.96,"1,279,600",2026/09/30
653,653,8562,(株)福島銀行,東証STD,417,+8,1.96,"371,000",2026/09/30
654,654,3101,東洋紡(株),東証PRM,"1,671",+32,1.95,"332,100",2026/09/30
655,655,5018,(株)ＭＯＲＥＳＣＯ,東証STD,"2,349",+45,1.95,"8,800",2026/09/30
656,656,6390,(株)加藤製作所,東証PRM,"1,309",+25,1.95,"52,400",2026/09/30
657,657,1475,iシェアーズ・コア TOPIX ETF,東証ETF,425.2,+8.1,1.94,"2,669,780",2026/09/30
658,658,2667,(株)イメージ　ワン,東証STD,105,+2,1.94,"560,300",2026/09/30
659,659,585A,日本バリュー・ボトムアップ株式投資戦略,東証ETF,"1,102",+21,1.94,35,2026/09/30
660,660,6337,(株)テセック,東証STD,"3,685",+70,1.94,"31,800",2026/09/30
661,661,8309,三井住友トラストグループ(株),東証PRM,"1,784",+34,1.94,"13,394,600",2026/09/30
662,662,3443,川田テクノロジーズ(株),東証PRM,"1,375",+26,1.93,"178,100",2026/09/30
663,663,5612,日本鋳鉄管(株),東証STD,"1,587",+30,1.93,"4,800",2026/09/30
664,664,6101,(株)ツガミ,東証PRM,"5,290",+100,1.93,"235,400",2026/09/30
665,665,6159,ミクロン精密(株),東証STD,"1,850",+35,1.93,500,2026/09/30
666,666,8085,ナラサキ産業(株),東証STD,"4,485",+85,1.93,"1,700",2026/09/30
667,667,1449,(株)ＦＵＪＩジャパン,札証,318,+6,1.92,100,2026/09/30
668,668,286A,(株)ユカリア,東証GRT,745,+14,1.92,"11,100",2026/09/30
669,669,8228,(株)マルイチ産商,名証MN,"1,064",+20,1.92,"18,200",2026/09/30
670,670,213A,上場インデックスファンド日経半導体株,東証ETF,416.5,+7.8,1.91,"954,230",2026/09/30
671,671,4275,(株)カーリット,東証PRM,"1,919",+36,1.91,"257,400",2026/09/30
672,672,4613,関西ペイント(株),東証PRM,"2,823",+53,1.91,"1,070,900",2026/09/30
673,673,4813,(株)ＡＣＣＥＳＳ,東証PRM,427,+8,1.91,"208,300",2026/09/30
674,674,5142,アキレス(株),東証PRM,"1,921",+36,1.91,"53,200",2026/09/30
675,675,6334,明治機械(株),東証STD,480,+9,1.91,"1,600",2026/09/30
676,676,7425,初穂商事(株),東証STD,"1,120",+21,1.91,"4,300",2026/09/30
677,677,7606,(株)ユナイテッドアローズ,東証PRM,"2,400",+45,1.91,"270,200",2026/09/30
678,678,8537,(株)大光銀行,東証STD,"3,470",+65,1.91,"27,200",2026/09/30
679,679,8938,グローム・ホールディングス(株),東証GRT,320,+6,1.91,"3,800",2026/09/30
680,680,162A,AIセレクトメガトレンド日本株(ネットリターン)ETN,東証ETF,"17,150",+320,1.9,132,2026/09/30
681,681,8304,(株)あおぞら銀行,東証PRM,"3,492",+65,1.9,"1,253,000",2026/09/30
682,682,1938,日本リーテック(株),東証PRM,"2,589",+48,1.89,"61,600",2026/09/30
683,683,2638,GX ロボティクス＆AI-日本株式,東証ETF,"2,750",+51,1.89,"20,574",2026/09/30
684,684,7259,(株)アイシン,東証PRM,"2,208.5",+41,1.89,"2,609,900",2026/09/30
685,685,7366,(株)ＬＩＴＡＬＩＣＯ,東証PRM,"1,938",+36,1.89,"102,900",2026/09/30
686,686,7887,南海プライウッド(株),東証STD,"1,560",+29,1.89,"2,600",2026/09/30
687,687,9101,日本郵船(株),東証PRM,"7,212",+134,1.89,"2,728,100",2026/09/30
688,688,9201,日本航空(株),東証PRM,"3,069",+57,1.89,"2,932,800",2026/09/30
689,689,9531,東京ガス(株),東証PRM,"6,190",+115,1.89,"1,511,800",2026/09/30
690,690,1802,(株)大林組,東証PRM,"3,008",+55.5,1.88,"3,970,100",2026/09/30
691,691,2642,SMT ETFカーボン・エフィシェント日本株,東証ETF,"54,660","+1,010",1.88,2,2026/09/30
692,692,7567,(株)栄電子,東証STD,649,+12,1.88,"41,300",2026/09/30
693,693,325A,(株)ＴＥＮＴＩＡＬ,東証GRT,"1,960",+36,1.87,"225,800",2026/09/30
694,694,6994,(株)指月電機製作所,東証STD,"1,251",+23,1.87,"100,200",2026/09/30
695,695,7803,(株)ブシロード,東証GRT,436,+8,1.87,"992,400",2026/09/30
696,696,8358,スルガ銀行(株),東証PRM,"2,940",+54,1.87,"927,700",2026/09/30
697,697,276A,ククレブ・アドバイザーズ(株),東証GRT,"4,370",+80,1.86,"27,700",2026/09/30
698,698,3137,(株)ファンデリー,東証STD,219,+4,1.86,"6,900",2026/09/30
699,699,6182,(株)メタリアル,東証GRT,549,+10,1.86,"38,700",2026/09/30
700,700,6905,コーセル(株),東証PRM,"1,475",+27,1.86,"271,500",2026/09/30
701,701,9170,成友興業(株),名証MN,"1,421",+26,1.86,"3,700",2026/09/30
702,702,9513,Ｊ－ＰＯＷＥＲ,東証PRM,"4,060",+74,1.86,"644,400",2026/09/30
703,703,1813,(株)不動テトラ,東証PRM,"2,969",+54,1.85,"75,000",2026/09/30
704,704,1999,サイタホールディングス(株),福証,"3,850",+70,1.85,100,2026/09/30
705,705,3031,(株)ラクーンホールディングス,東証PRM,717,+13,1.85,"136,600",2026/09/30
706,706,3727,(株)アプリックス,東証GRT,165,+3,1.85,"29,600",2026/09/30
707,707,4114,(株)日本触媒,東証PRM,"2,537.5",+46,1.85,"774,900",2026/09/30
708,708,4746,(株)東計電算,東証STD,"1,986",+36,1.85,"319,300",2026/09/30
709,709,5337,ダントーホールディングス(株),東証STD,880,+16,1.85,"68,400",2026/09/30
710,710,9554,(株)ＡＶｉＣ,東証GRT,"1,764",+32,1.85,"14,000",2026/09/30
711,711,1593,MAXIS JPX日経インデックス400上場投信,東証ETF,"38,220",+690,1.84,"5,870",2026/09/30
712,712,1814,大末建設(株),東証PRM,"3,590",+65,1.84,"47,900",2026/09/30
713,713,2764,(株)ひらまつ,東証STD,166,+3,1.84,"115,800",2026/09/30
714,714,281A,インフォメティス(株),東証GRT,388,+7,1.84,"80,800",2026/09/30
715,715,3401,帝人(株),東証PRM,"1,690",+30.5,1.84,"762,600",2026/09/30
716,716,7525,リックス(株),東証PRM,"3,595",+65,1.84,"10,900",2026/09/30
717,717,7601,(株)ポプラ,東証STD,166,+3,1.84,"180,500",2026/09/30
718,718,9237,(株)笑美面,東証GRT,829,+15,1.84,"6,300",2026/09/30
719,719,1319,(NEXT FUNDS)日経300株価指数連動型上場投信,東証ETF,746.4,+13.4,1.83,"1,000",2026/09/30
720,720,340A,(株)ジグザグ,東証GRT,333,+6,1.83,"10,400",2026/09/30
721,721,4229,群栄化学工業(株),東証PRM,"4,170",+75,1.83,"8,400",2026/09/30
722,722,4882,(株)ペルセウスプロテオミクス,東証GRT,167,+3,1.83,"176,500",2026/09/30
723,723,6643,(株)戸上電機製作所,東証STD,"5,550",+100,1.83,"1,500",2026/09/30
724,724,7814,(株)日本創発グループ,東証STD,613,+11,1.83,"15,600",2026/09/30
725,725,8399,(株)琉球銀行,東証PRM,"3,345",+60,1.83,"158,100",2026/09/30
726,726,3185,夢展望(株),東証GRT,112,+2,1.82,"131,800",2026/09/30
727,727,3845,(株)アイフリークモバイル,東証STD,335,+6,1.82,"91,400",2026/09/30
728,728,4582,シンバイオ製薬(株),東証GRT,56,+1,1.82,"511,500",2026/09/30
729,729,5262,日本ヒューム(株),東証PRM,"1,120",+20,1.82,"137,400",2026/09/30
730,730,8591,オリックス(株),東証PRM,"5,971",+107,1.82,"4,235,200",2026/09/30
731,731,1627,(NEXT FUNDS)電力･ガス上場投信,東証ETF,"12,360",+220,1.81,"8,581",2026/09/30
732,732,282A,GX 半導体・トップ10-日本株式,東証ETF,"2,413",+43,1.81,"192,004",2026/09/30
733,733,1675,WisdomTree パラジウム上場投信,東証ETF,"17,530",+310,1.8,53,2026/09/30
734,734,3947,ダイナパック(株),東証STD,"2,550",+45,1.8,"2,000",2026/09/30
735,735,5991,ニッパツ,東証PRM,"3,447",+61,1.8,"704,100",2026/09/30
736,736,6209,リケンＮＰＲ(株),東証PRM,"3,960",+70,1.8,"117,500",2026/09/30
737,737,6908,イリソ電子工業(株),東証PRM,"2,948",+52,1.8,"342,900",2026/09/30
738,738,8157,都築電気(株),東証PRM,"4,240",+75,1.8,"50,300",2026/09/30
739,739,1969,高砂熱学工業(株),東証PRM,"4,710",+83,1.79,"571,200",2026/09/30
740,740,2068,NEXT NOTES 高ベータ30(NR)ETN,東証ETF,"39,800",+700,1.79,2,2026/09/30
741,741,2636,GX MSCIガバナンス・クオリティ-日本株式,東証ETF,"4,940",+87,1.79,34,2026/09/30
742,742,3038,(株)神戸物産,東証PRM,"3,022",+53,1.79,"3,441,100",2026/09/30
743,743,4705,(株)クリップコーポレーション,東証STD,794,+14,1.79,"1,500",2026/09/30
744,744,5711,三菱マテリアル(株),東証PRM,"5,120",+90,1.79,"2,117,100",2026/09/30
745,745,3350,(株)メタプラネット,東証STD,286,+5,1.78,"21,075,000",2026/09/30
746,746,4751,(株)サイバーエージェント,東証PRM,"1,231.5",+21.5,1.78,"4,909,800",2026/09/30
747,747,8802,三菱地所(株),東証PRM,"3,608",+63,1.78,"4,113,200",2026/09/30
748,748,1967,(株)ヤマト,東証STD,"2,179",+38,1.77,"26,100",2026/09/30
749,749,2557,SMDAM トピックス上場投信,東証ETF,"4,195",+73,1.77,"3,210",2026/09/30
750,750,4021,日産化学(株),東証PRM,"8,336",+145,1.77,"649,800",2026/09/30
751,751,4896,(株)ケイファーマ,東証GRT,803,+14,1.77,"7,600",2026/09/30
752,752,580A,GX 銅ビジネス,東証ETF,979,+17,1.77,"11,345",2026/09/30
753,753,6460,セガサミーホールディングス(株),東証PRM,"3,327",+58,1.77,"1,053,900",2026/09/30
754,754,6518,三相電機(株),東証STD,"1,724",+30,1.77,"4,700",2026/09/30
755,755,6882,(株)三社電機製作所,東証STD,"1,205",+21,1.77,"36,200",2026/09/30
756,756,9763,丸建リース(株),東証STD,"1,266",+22,1.77,"9,800",2026/09/30
757,757,9603,(株)エイチ・アイ・エス,東証PRM,"1,099",+19,1.76,"511,500",2026/09/30
758,758,1477,iシェアーズ MSCI 日本株最小分散 ETF,東証ETF,"3,381",+58,1.75,946,2026/09/30
759,759,1979,(株)大気社,東証PRM,"3,780",+65,1.75,"237,700",2026/09/30
760,760,2526,NZAM 上場投信 JPX日経400,東証ETF,"37,730",+650,1.75,"4,657",2026/09/30
761,761,4598,Ｄｅｌｔａ－Ｆｌｙ　Ｐｈａｒｍａ(株),東証GRT,116,+2,1.75,"301,200",2026/09/30
762,762,7111,ＩＮＥＳＴ(株),東証STD,580,+10,1.75,"49,500",2026/09/30
763,763,170A,SMT ETF日本好配当株アクティブ,東証ETF,"3,150",+54,1.74,372,2026/09/30
764,764,4893,ノイルイミューン・バイオテック(株),東証GRT,117,+2,1.74,"56,600",2026/09/30
765,765,6676,(株)バッファロー,東証STD,"3,510",+60,1.74,"83,100",2026/09/30
766,766,6788,(株)日本トリム,東証PRM,"5,250",+90,1.74,"12,400",2026/09/30
767,767,7114,(株)フーディソン,東証GRT,817,+14,1.74,600,2026/09/30
768,768,8005,(株)スクロール,東証PRM,"1,759",+30,1.74,"169,800",2026/09/30
769,769,8708,アイザワ証券グループ(株),東証PRM,"1,697",+29,1.74,"251,300",2026/09/30
770,770,9147,ＮＩＰＰＯＮ　ＥＸＰＲＥＳＳホールディングス(株),東証PRM,"5,775",+99,1.74,"907,900",2026/09/30
771,771,5110,住友ゴム工業(株),東証PRM,"2,031",+34.5,1.73,"1,859,700",2026/09/30
772,772,5233,太平洋セメント(株),東証PRM,"4,107",+70,1.73,"588,000",2026/09/30
773,773,8707,岩井コスモホールディングス(株),東証PRM,"4,700",+80,1.73,"93,600",2026/09/30
774,774,9202,ＡＮＡホールディングス(株),東証PRM,"3,001",+51,1.73,"2,456,200",2026/09/30
775,775,9517,イーレックス(株),東証PRM,822,+14,1.73,"155,200",2026/09/30
776,776,2047,NEXT NOTES インドNifty・ベア ETN,東証ETF,"3,609",+61,1.72,104,2026/09/30
777,777,3064,(株)ＭｏｎｏｔａＲＯ,東証PRM,"1,952",+33,1.72,"1,555,600",2026/09/30
778,778,6335,(株)東京機械製作所,東証STD,591,+10,1.72,"6,800",2026/09/30
779,779,6382,トリニティ工業(株),東証STD,"1,244",+21,1.72,"21,800",2026/09/30
780,780,7792,(株)コラントッテ,東証GRT,"1,482",+25,1.72,"22,600",2026/09/30
781,781,7821,前田工繊(株),東証PRM,"1,952",+33,1.72,"239,600",2026/09/30
782,782,8015,豊田通商(株),東証PRM,"7,226",+122,1.72,"2,686,900",2026/09/30
783,783,8025,(株)ツカモトコーポレーション,東証STD,"1,358",+23,1.72,"1,600",2026/09/30
784,784,9273,コーア商事ホールディングス(株),東証PRM,767,+13,1.72,"51,000",2026/09/30
785,785,1632,(NEXT FUNDS)金融(除く銀行)上場投信,東証ETF,"43,500",+730,1.71,590,2026/09/30
786,786,1810,松井建設(株),東証STD,"1,428",+24,1.71,"56,300",2026/09/30
787,787,2929,(株)ファーマフーズ,東証PRM,713,+12,1.71,"240,000",2026/09/30
788,788,3415,(株)ＴＯＫＹＯ　ＢＡＳＥ,東証PRM,356,+6,1.71,"623,700",2026/09/30
789,789,6378,木村化工機(株),東証STD,"1,189",+20,1.71,"65,900",2026/09/30
790,790,1871,ピーエス・コンストラクション(株),東証PRM,"2,157",+36,1.7,"166,300",2026/09/30
791,791,2341,(株)アルバイトタイムス,東証STD,179,+3,1.7,"32,100",2026/09/30
792,792,4005,住友化学(株),東証PRM,580.1,+9.7,1.7,"8,008,300",2026/09/30
793,793,7804,(株)ビーアンドピー,東証STD,"2,510",+42,1.7,"21,400",2026/09/30
794,794,9270,バリュエンスホールディングス(株),東証GRT,"1,916",+32,1.7,"45,700",2026/09/30
795,795,268A,リガク・ホールディングス(株),東証PRM,"1,740",+29,1.69,"1,598,400",2026/09/30
796,796,2760,東京エレクトロン　デバイス(株),東証PRM,"4,510",+75,1.69,"115,600",2026/09/30
797,797,2778,パレモ・ホールディングス(株),東証STD,120,+2,1.69,"87,700",2026/09/30
798,798,3242,(株)アーバネットコーポレーション,東証STD,540,+9,1.69,"79,400",2026/09/30
799,799,463A,(株)インテリックスホールディングス,東証STD,"1,023",+17,1.69,"7,500",2026/09/30
800,800,5334,日本特殊陶業(株),東証PRM,"3,800",+63,1.69,"2,393,200",2026/09/30
801,801,6915,千代田インテグレ(株),東証STD,"3,620",+60,1.69,"22,000",2026/09/30
802,802,8622,水戸証券(株),東証PRM,900,+15,1.69,"339,500",2026/09/30
803,803,8923,トーセイ(株),東証PRM,"1,750",+29,1.69,"270,200",2026/09/30
804,804,9560,(株)プログリット,東証GRT,905,+15,1.69,"13,900",2026/09/30
805,805,2042,NEXT NOTES 東証グロース市場250 ETN,東証ETF,"8,223",+136,1.68,447,2026/09/30
806,806,2440,(株)ぐるなび,東証STD,121,+2,1.68,"122,300",2026/09/30
807,807,3853,アステリア(株),東証PRM,"1,087",+18,1.68,"174,700",2026/09/30
808,808,6178,日本郵政(株),東証PRM,"2,537.5",+42,1.68,"6,569,100",2026/09/30
809,809,7030,(株)スプリックス,東証STD,967,+16,1.68,"21,300",2026/09/30
810,810,9438,(株)エムティーアイ,東証PRM,605,+10,1.68,"30,800",2026/09/30
811,811,9504,中国電力(株),東証PRM,"1,028",+17,1.68,"1,697,100",2026/09/30
812,812,1898,世紀東急工業(株),東証PRM,"1,458",+24,1.67,"185,800",2026/09/30
813,813,2586,(株)フルッタフルッタ,東証GRT,61,+1,1.67,"299,300",2026/09/30
814,814,261A,(株)日水コン,東証STD,"2,010",+33,1.67,"13,900",2026/09/30
815,815,4118,(株)カネカ,東証PRM,"6,078",+100,1.67,"219,600",2026/09/30
816,816,4892,(株)サイフューズ,東証GRT,668,+11,1.67,"44,900",2026/09/30
817,817,6627,(株)テラプローブ,東証STD,"2,370",+39,1.67,"363,700",2026/09/30
818,818,8558,(株)東和銀行,東証PRM,"1,586",+26,1.67,"186,900",2026/09/30
819,819,2117,ウェルネオシュガー(株),東証PRM,"2,809",+46,1.66,"36,900",2026/09/30
820,820,415A,ＧＭＯ　ＴＥＣＨホールディングス(株),東証GRT,"5,500",+90,1.66,500,2026/09/30
821,821,2266,六甲バター(株),東証PRM,"1,111",+18,1.65,"79,400",2026/09/30
822,822,3077,ホリイフードサービス(株),東証STD,"1,475",+24,1.65,"18,900",2026/09/30
823,823,4074,(株)ラキール,東証GRT,800,+13,1.65,"3,300",2026/09/30
824,824,517A,iFreeETF 米ドル・べア(1倍),東証ETF,"1,972",+32,1.65,2,2026/09/30
825,825,6481,ＴＨＫ(株),東証PRM,"6,634",+108,1.65,"785,400",2026/09/30
826,826,7004,カナデビア(株),東証PRM,"1,173",+19,1.65,"6,373,300",2026/09/30
827,827,2083,(NEXT FUNDS) 日本成長株アクティブ,東証ETF,"3,975",+64,1.64,"3,603",2026/09/30
828,828,559A,梅乃宿酒造(株),東証STD,"1,175",+19,1.64,"15,800",2026/09/30
829,829,1888,若築建設(株),東証PRM,"3,745",+60,1.63,"11,900",2026/09/30
830,830,345A,高配当成長 日本株(ネットリターン)ETN,東証ETF,"15,580",+250,1.63,579,2026/09/30
831,831,3491,(株)ＧＡ　ｔｅｃｈｎｏｌｏｇｉｅｓ,東証GRT,"1,307",+21,1.63,"330,800",2026/09/30
832,832,4401,(株)ＡＤＥＫＡ,東証PRM,"4,605",+74,1.63,"310,500",2026/09/30
833,833,5949,ユニプレス(株),東証PRM,"1,307",+21,1.63,"124,600",2026/09/30
834,834,8593,三菱ＨＣキャピタル(株),東証PRM,"1,341",+21.5,1.63,"5,649,100",2026/09/30
835,835,1484,One ETF JPX/S&P 設備･人材投資指数,東証ETF,"3,885",+62,1.62,200,2026/09/30
836,836,3563,(株)ＦＯＯＤ　＆　ＬＩＦＥ　ＣＯＭＰＡＮＩＥＳ,東証PRM,"5,133",+82,1.62,"2,053,900",2026/09/30
837,837,3877,中越パルプ工業(株),東証PRM,"2,199",+35,1.62,"27,800",2026/09/30
838,838,3994,(株)マネーフォワード,東証PRM,"5,953",+95,1.62,"244,900",2026/09/30
839,839,412A,(NEXT FUNDS) 台湾イノベイティブ・テクノロジー50,東証ETF,"4,695",+75,1.62,"1,028",2026/09/30
840,840,4578,大塚ホールディングス(株),東証PRM,"11,585",+185,1.62,"1,804,100",2026/09/30
841,841,5214,日本電気硝子(株),東証PRM,"4,965",+79,1.62,"443,800",2026/09/30
842,842,5408,(株)中山製鋼所,東証PRM,629,+10,1.62,"205,700",2026/09/30
843,843,6063,日本エマージェンシーアシスタンス(株),東証STD,"1,001",+16,1.62,700,2026/09/30
844,844,6245,(株)ヒラノテクシード,東証STD,"1,823",+29,1.62,"23,400",2026/09/30
845,845,6923,スタンレー電気(株),東証PRM,"3,506",+56,1.62,"433,800",2026/09/30
846,846,7305,新家工業(株),東証STD,"2,767",+44,1.62,"42,500",2026/09/30
847,847,5126,ポーターズ(株),東証GRT,"1,449",+23,1.61,400,2026/09/30
848,848,6675,サクサ(株),東証STD,"2,145",+34,1.61,"17,100",2026/09/30
849,849,7157,ライフネット生命保険(株),東証PRM,"1,452",+23,1.61,"414,400",2026/09/30
850,850,1832,(株)北海電工,札証,"1,398",+22,1.6,"1,800",2026/09/30
851,851,2848,GX MSCI 気候変動対応-日本株式,東証ETF,"3,106",+49,1.6,108,2026/09/30
852,852,4113,田岡化学工業(株),東証STD,823,+13,1.6,"13,200",2026/09/30
853,853,5108,(株)ブリヂストン,東証PRM,"3,871",+61,1.6,"5,115,900",2026/09/30
854,854,6254,野村マイクロ・サイエンス(株),東証PRM,"3,490",+55,1.6,"536,600",2026/09/30
855,855,1663,Ｋ＆Ｏエナジーグループ(株),東証PRM,"1,920",+30,1.59,"280,100",2026/09/30
856,856,194A,(株)ＷＯＬＶＥＳ　ＨＡＮＤ,東証GRT,"1,727",+27,1.59,"13,600",2026/09/30
857,857,2282,日本ハム(株),東証PRM,"1,986.5",+31,1.59,"1,847,600",2026/09/30
858,858,294A,(NEXT FUNDS) MSCIジャパン気候変動指数(セレクト),東証ETF,"3,000",+47,1.59,7,2026/09/30
859,859,7202,いすゞ自動車(株),東証PRM,"2,113.5",+33,1.59,"3,275,300",2026/09/30
860,860,8344,(株)山形銀行,東証PRM,"5,740",+90,1.59,"197,400",2026/09/30
861,861,8614,東洋証券(株),東証PRM,701,+11,1.59,"414,600",2026/09/30
862,862,8698,マネックスグループ(株),東証PRM,701,+11,1.59,"1,602,500",2026/09/30
863,863,1870,矢作建設工業(株),東証PRM,"2,121",+33,1.58,"104,500",2026/09/30
864,864,3054,(株)ハイパー,東証STD,385,+6,1.58,"15,000",2026/09/30
865,865,3477,フォーライフ(株),東証STD,898,+14,1.58,"15,300",2026/09/30
866,866,4177,(株)ｉ－ｐｌｕｇ,東証GRT,"1,418",+22,1.58,"5,500",2026/09/30
867,867,5194,相模ゴム工業(株),東証STD,642,+10,1.58,"15,600",2026/09/30
868,868,5302,日本カーボン(株),東証PRM,"5,130",+80,1.58,"32,300",2026/09/30
869,869,3402,東レ(株),東証PRM,"1,260.5",+19.5,1.57,"6,621,600",2026/09/30
870,870,5729,日本精鉱(株),東証STD,"1,681",+26,1.57,"8,400",2026/09/30
871,871,7581,(株)サイゼリヤ,東証PRM,"6,480",+100,1.57,"338,500",2026/09/30
872,872,7949,小松ウオール工業(株),東証PRM,"2,787",+43,1.57,"59,300",2026/09/30
873,873,8877,エスリード(株),東証PRM,"5,160",+80,1.57,"50,800",2026/09/30
874,874,9364,(株)上組,東証PRM,"4,773",+74,1.57,"526,500",2026/09/30
875,875,2477,手間いらず(株),東証STD,"3,245",+50,1.56,"16,500",2026/09/30
876,876,3542,(株)ベガコーポレーション,東証GRT,"1,561",+24,1.56,"9,200",2026/09/30
877,877,378A,(株)ヒット,東証GRT,914,+14,1.56,"21,000",2026/09/30
878,878,6914,オプテックスグループ(株),東証PRM,"3,260",+50,1.56,"183,600",2026/09/30
879,879,7090,(株)リグア,東証GRT,914,+14,1.56,500,2026/09/30
880,880,7235,東京ラヂエーター製造(株),東証STD,"1,563",+24,1.56,"10,100",2026/09/30
881,881,7380,(株)十六フィナンシャルグループ,東証PRM,"2,865",+44,1.56,"790,900",2026/09/30
882,882,7832,(株)バンダイナムコホールディングス,東証PRM,"5,719",+88,1.56,"3,290,000",2026/09/30
883,883,1626,(NEXT FUNDS)情報通信･サービス上場投信,東証ETF,"49,230",+750,1.55,565,2026/09/30
884,884,3484,(株)イノベーションホールディングス,東証STD,"1,245",+19,1.55,"3,400",2026/09/30
885,885,4960,ケミプロ化成(株),東証STD,590,+9,1.55,"58,000",2026/09/30
886,886,6785,(株)鈴木,東証PRM,"3,270",+50,1.55,"71,500",2026/09/30
887,887,2039,NEXT NOTES ドバイ原油先物 ベア ETN,東証ETF,462,+7,1.54,"219,094",2026/09/30
888,888,3154,メディアスホールディングス(株),東証PRM,791,+12,1.54,"14,400",2026/09/30
889,889,4125,三和油化工業(株),東証STD,"3,625",+55,1.54,"7,100",2026/09/30
890,890,431A,ユーソナー(株),東証GRT,"2,695",+41,1.54,"28,000",2026/09/30
891,891,5273,三谷セキサン(株),東証STD,"2,047",+31,1.54,"78,500",2026/09/30
892,892,606A,金2倍ブルETF,東証ETF,"19,500",+295,1.54,"2,115",2026/09/30
893,893,6342,(株)太平製作所,東証STD,"2,894",+44,1.54,300,2026/09/30
894,894,9376,(株)ユーラシア旅行社,東証STD,791,+12,1.54,"6,700",2026/09/30
895,895,9766,コナミグループ(株),東証PRM,"21,400",+325,1.54,"619,600",2026/09/30
896,896,1348,MAXIS トピックス上場投信,東証ETF,"4,302",+65,1.53,"32,200",2026/09/30
897,897,2469,ヒビノ(株),東証STD,"1,330",+20,1.53,"27,200",2026/09/30
898,898,367A,プリモグローバルホールディングス(株),東証STD,"2,921",+44,1.53,"24,500",2026/09/30
899,899,4053,(株)Ｓｕｎ　Ａｓｔｅｒｉｓｋ,東証PRM,532,+8,1.53,"246,000",2026/09/30
900,900,5843,ニッポンインシュア(株),東証STD,"2,320",+35,1.53,"4,100",2026/09/30
901,901,5868,(株)ロココ,東証STD,"1,059",+16,1.53,"8,500",2026/09/30
902,902,6356,日本ギア工業(株),東証STD,"1,391",+21,1.53,"119,100",2026/09/30
903,903,7071,(株)アンビスホールディングス,東証PRM,399,+6,1.53,"925,900",2026/09/30
904,904,7741,ＨＯＹＡ(株),東証PRM,"23,580",+355,1.53,"1,586,700",2026/09/30
905,905,8508,Ｊトラスト(株),東証STD,798,+12,1.53,"487,000",2026/09/30
906,906,1369,One ETF 日経225,東証ETF,"67,490","+1,010",1.52,"9,027",2026/09/30
907,907,1799,第一建設工業(株),東証STD,"3,350",+50,1.52,"12,100",2026/09/30
908,908,3708,特種東海製紙(株),東証PRM,"2,208",+33,1.52,"87,800",2026/09/30
909,909,6798,ＳＭＫ(株),東証PRM,"3,335",+50,1.52,"8,200",2026/09/30
910,910,9045,京阪ホールディングス(株),東証PRM,"3,132",+47,1.52,"447,700",2026/09/30
911,911,9417,(株)スマートバリュー,東証STD,335,+5,1.52,"6,500",2026/09/30
912,912,3979,(株)うるる,東証GRT,472,+7,1.51,"4,900",2026/09/30
913,913,4763,(株)クリーク・アンド・リバー社,東証PRM,"1,543",+23,1.51,"60,600",2026/09/30
914,914,548A,(株)システムエグゼ,東証STD,944,+14,1.51,"16,400",2026/09/30
915,915,1577,(NEXT FUNDS)野村日本株高配当70連動型ETF,東証ETF,"60,800",+900,1.5,"2,869",2026/09/30
916,916,3053,(株)ペッパーフードサービス,東証STD,203,+3,1.5,"154,800",2026/09/30
917,917,3093,(株)トレジャー・ファクトリー,東証PRM,"1,957",+29,1.5,"107,800",2026/09/30
918,918,3104,富士紡ホールディングス(株),東証PRM,"3,380",+50,1.5,"331,200",2026/09/30
919,919,3442,(株)ＭＩＥコーポレーション,名証MN,"1,757",+26,1.5,"1,700",2026/09/30
920,920,5210,日本山村硝子(株),東証STD,"2,837",+42,1.5,"18,300",2026/09/30
921,921,5411,ＪＦＥホールディングス(株),東証PRM,"1,763",+26,1.5,"5,944,400",2026/09/30
922,922,6551,(株)ツナググループ・ホールディングス,東証STD,611,+9,1.5,"21,500",2026/09/30
923,923,6632,(株)ＪＶＣケンウッド,東証PRM,"1,010.5",+14.9,1.5,"1,383,000",2026/09/30
924,924,7944,ローランド(株),東証PRM,"3,730",+55,1.5,"76,100",2026/09/30
925,925,8023,ＤＡＩＫＯ　ＸＴＥＣＨ(株),東証STD,"1,015",+15,1.5,"11,600",2026/09/30
926,926,8522,(株)名古屋銀行,東証PRM,"7,420",+110,1.5,"204,400",2026/09/30
927,927,8898,(株)センチュリー２１・ジャパン,東証STD,"1,150",+17,1.5,"5,400",2026/09/30
928,928,1633,(NEXT FUNDS)不動産上場投信,東証ETF,"48,270",+710,1.49,185,2026/09/30
929,929,2974,大英産業(株),福証,888,+13,1.49,"1,200",2026/09/30
930,930,3683,(株)サイバーリンクス,東証STD,"1,093",+16,1.49,"13,700",2026/09/30
931,931,5572,(株)Ｒｉｄｇｅ－ｉ,東証GRT,"3,070",+45,1.49,"67,900",2026/09/30
932,932,566A,iFreeETF ブルームバーグ日本株(除く金融)高配当50,東証ETF,"2,309",+34,1.49,63,2026/09/30
933,933,7350,(株)おきなわフィナンシャルグループ,東証PRM,"8,170",+120,1.49,"119,300",2026/09/30
934,934,7868,(株)広済堂ホールディングス,東証PRM,544,+8,1.49,"254,500",2026/09/30
935,935,9987,(株)スズケン,東証PRM,"2,595",+38,1.49,"413,900",2026/09/30
936,936,1695,WisdomTree 小麦上場投信,東証ETF,"3,437",+50,1.48,"5,628",2026/09/30
937,937,2936,ベースフード(株),東証GRT,275,+4,1.48,"23,600",2026/09/30
938,938,4167,(株)ココペリ,東証GRT,342,+5,1.48,"36,000",2026/09/30
939,939,6493,(株)ＮＩＴＴＡＮ,東証STD,479,+7,1.48,"32,200",2026/09/30
940,940,7292,(株)村上開明堂,東証STD,"6,860",+100,1.48,"6,800",2026/09/30
941,941,7841,(株)遠藤製作所,東証STD,"1,099",+16,1.48,"9,300",2026/09/30
942,942,8801,三井不動産(株),東証PRM,"1,474.5",+21.5,1.48,"11,719,800",2026/09/30
943,943,9616,(株)共立メンテナンス,東証PRM,"3,223",+47,1.48,"810,200",2026/09/30
944,944,2914,ＪＴ,東証PRM,"6,986",+101,1.47,"4,635,800",2026/09/30
945,945,6156,(株)エーワン精密,東証STD,"1,870",+27,1.47,"4,000",2026/09/30
946,946,8018,三共生興(株),東証STD,831,+12,1.47,"39,200",2026/09/30
947,947,8929,(株)青山財産ネットワークス,東証STD,"1,381",+20,1.47,"53,900",2026/09/30
948,948,9220,エフビー介護サービス(株),東証STD,"1,309",+19,1.47,"2,900",2026/09/30
949,949,9742,(株)アイネス,東証PRM,"2,213",+32,1.47,"28,600",2026/09/30
950,950,5071,(株)ヴィス,東証STD,"1,393",+20,1.46,"27,600",2026/09/30
951,951,513A,GX 防衛テック-日本株式,東証ETF,834,+12,1.46,"74,777",2026/09/30
952,952,6196,(株)ストライクグループ,東証PRM,"1,394",+20,1.46,"329,700",2026/09/30
953,953,6648,(株)かわでん,東証STD,"1,664",+24,1.46,"18,600",2026/09/30
954,954,6699,ダイヤモンドエレクトリックホールディングス(株),東証STD,487,+7,1.46,"34,500",2026/09/30
955,955,7173,(株)東京きらぼしフィナンシャルグループ,東証PRM,"1,732",+25,1.46,"1,584,800",2026/09/30
956,956,5384,(株)フジミインコーポレーテッド,東証PRM,"3,510",+50,1.45,"334,200",2026/09/30
957,957,3197,(株)すかいらーくホールディングス,東証PRM,"3,170",+45,1.44,"1,186,400",2026/09/30
958,958,5380,新東(株),東証STD,"1,271",+18,1.44,800,2026/09/30
959,959,5983,イワブチ(株),東証STD,"14,090",+200,1.44,600,2026/09/30
960,960,6503,三菱電機(株),東証PRM,"5,205",+74,1.44,"6,989,000",2026/09/30
961,961,7837,(株)アールシーコア,東証STD,352,+5,1.44,"9,200",2026/09/30
962,962,8995,(株)誠建設工業,東証STD,"1,834",+26,1.44,"47,100",2026/09/30
963,963,9934,因幡電機産業(株),東証PRM,"3,101",+44,1.44,"287,600",2026/09/30
964,964,1306,(NEXT FUNDS)TOPIX連動型上場投信,東証ETF,431.5,+6.1,1.43,"13,214,640",2026/09/30
965,965,5393,ニチアス(株),東証PRM,"3,479",+49,1.43,"355,200",2026/09/30
966,966,6255,(株)エヌ・ピー・シー,東証GRT,711,+10,1.43,"407,100",2026/09/30
967,967,8006,ユアサ・フナショク(株),東証STD,"1,485",+21,1.43,"1,100",2026/09/30
968,968,9532,大阪ガス(株),東証PRM,"5,751",+81,1.43,"1,743,100",2026/09/30
969,969,459A,野村 高利回りJリート指数ETF,東証ETF,"9,944",+139,1.42,94,2026/09/30
970,970,5269,日本コンクリート工業(株),東証PRM,358,+5,1.42,"188,500",2026/09/30
971,971,543A,ＡＲＣＨＩＯＮ(株),東証PRM,285,+4,1.42,"45,240,900",2026/09/30
972,972,8007,高島(株),東証PRM,785,+11,1.42,"134,300",2026/09/30
973,973,8336,(株)武蔵野銀行,東証PRM,"2,922",+41,1.42,"293,600",2026/09/30
974,974,1882,東亜道路工業(株),東証PRM,"1,578",+22,1.41,"419,100",2026/09/30
975,975,3741,(株)セック,東証PRM,"3,235",+45,1.41,"34,400",2026/09/30
976,976,4966,上村工業(株),東証STD,"20,800",+290,1.41,"60,300",2026/09/30
977,977,6482,ＹＵＳＨＩＮ(株),東証STD,721,+10,1.41,"104,500",2026/09/30
978,978,6858,(株)小野測器,東証STD,864,+12,1.41,"33,500",2026/09/30
979,979,8604,野村ホールディングス(株),東証PRM,"1,551",+21.5,1.41,"10,852,500",2026/09/30
980,980,2735,(株)ワッツ,東証STD,726,+10,1.4,"28,500",2026/09/30
981,981,4381,ビープラッツ(株),東証GRT,218,+3,1.4,"67,200",2026/09/30
982,982,4967,小林製薬(株),東証PRM,"6,945",+96,1.4,"459,900",2026/09/30
983,983,5253,カバー(株),東証GRT,"1,526",+21,1.4,"1,564,500",2026/09/30
984,984,605A,(NEXT FUNDS) 日本株政策フォーカス上場投信,東証ETF,202.8,+2.8,1.4,"57,730",2026/09/30
985,985,6327,北川精機(株),東証STD,"3,260",+45,1.4,"99,600",2026/09/30
986,986,6777,ｓａｎｔｅｃ　Ｈｏｌｄｉｎｇｓ(株),東証STD,"22,380",+310,1.4,"97,600",2026/09/30
987,987,6963,ローム(株),東証PRM,"4,940",+68,1.4,"3,306,500",2026/09/30
988,988,7278,(株)エクセディ,東証PRM,"5,800",+80,1.4,"270,200",2026/09/30
989,989,9064,ヤマトホールディングス(株),東証PRM,"2,027",+28,1.4,"1,274,600",2026/09/30
990,990,1946,(株)トーエネック,東証PRM,"2,183",+30,1.39,"218,600",2026/09/30
991,991,1950,日本電設工業(株),東証PRM,"4,015",+55,1.39,"131,300",2026/09/30
992,992,1968,太平電業(株),東証PRM,"2,476",+34,1.39,"101,000",2026/09/30
993,993,2385,(株)総医研ホールディングス,東証GRT,219,+3,1.39,"182,000",2026/09/30
994,994,2497,ユナイテッド(株),東証GRT,510,+7,1.39,"16,200",2026/09/30
995,995,3444,(株)菊池製作所,東証STD,"1,092",+15,1.39,"189,600",2026/09/30
996,996,3452,(株)ビーロット,東証STD,"1,455",+20,1.39,"60,700",2026/09/30
997,997,4676,(株)フジ・メディア・ホールディングス,東証PRM,"3,946",+54,1.39,"675,600",2026/09/30
998,998,5603,虹技(株),東証STD,"1,309",+18,1.39,"1,000",2026/09/30
999,999,5616,(株)雨風太陽,東証GRT,656,+9,1.39,"1,900",2026/09/30
1000,1000,5989,(株)エイチワン,東証PRM,"1,463",+20,1.39,"146,900",2026/09/30
1001,1001,6951,日本電子(株),東証PRM,"7,641",+105,1.39,"253,900",2026/09/30
1002,1002,7247,(株)ミクニ,東証STD,366,+5,1.39,"25,400",2026/09/30
1003,1003,8616,東海東京フィナンシャル・ホールディングス(株),東証PRM,878,+12,1.39,"1,325,200",2026/09/30
1004,1004,9166,(株)ＧＥＮＤＡ,東証GRT,658,+9,1.39,"590,200",2026/09/30
1005,1005,9621,(株)建設技術研究所,東証PRM,"3,290",+45,1.39,"54,300",2026/09/30
1006,1006,1308,上場インデックスファンドTOPIX,東証ETF,"4,265",+58,1.38,"87,074",2026/09/30
1007,1007,4975,(株)ＪＣＵ,東証PRM,"5,890",+80,1.38,"72,200",2026/09/30
1008,1008,1698,上場インデックスファンド日本高配当,東証ETF,"4,376",+59,1.37,"6,736",2026/09/30
1009,1009,328A,GX プライシングパワー・リーダーズ-日本株式,東証ETF,"1,331",+18,1.37,"1,147",2026/09/30
1010,1010,3968,セグエグループ(株),東証PRM,667,+9,1.37,"164,100",2026/09/30
1011,1011,7912,大日本印刷(株),東証PRM,"2,952",+40,1.37,"1,610,200",2026/09/30
1012,1012,1325,(NEXT FUNDS)ブラジル株式指数上場投信,東証ETF,290.9,+3.9,1.36,"10,000",2026/09/30
1013,1013,2080,PBR1倍割れ解消推進ETF,東証ETF,"2,086",+28,1.36,"43,203",2026/09/30
1014,1014,3433,トーカロ(株),東証PRM,"2,898",+39,1.36,"203,500",2026/09/30
1015,1015,3538,(株)ウイルプラスホールディングス,東証STD,"1,040",+14,1.36,"5,800",2026/09/30
1016,1016,435A,iFreeETF 日本株配当ローテーション戦略,東証ETF,"2,833",+38,1.36,"270,904",2026/09/30
1017,1017,4554,富士製薬工業(株),東証PRM,"1,789",+24,1.36,"88,900",2026/09/30
1018,1018,4712,(株)ＫｅｙＨｏｌｄｅｒ,東証STD,821,+11,1.36,"11,600",2026/09/30
1019,1019,5929,三和ホールディングス(株),東証PRM,"3,492",+47,1.36,"749,500",2026/09/30
1020,1020,5975,東プレ(株),東証PRM,"3,355",+45,1.36,"98,500",2026/09/30
1021,1021,6146,(株)ディスコ,東証PRM,"57,450",+770,1.36,"2,047,000",2026/09/30
1022,1022,6184,(株)鎌倉新書,東証PRM,598,+8,1.36,"106,600",2026/09/30
1023,1023,7444,ハリマ共和物産(株),東証STD,"2,010",+27,1.36,400,2026/09/30
1024,1024,8198,マックスバリュ東海(株),東証STD,"3,350",+45,1.36,"21,800",2026/09/30
1025,1025,1808,(株)長谷工コーポレーション,東証PRM,"2,630.5",+35,1.35,"1,093,500",2026/09/30
1026,1026,4536,参天製薬(株),東証PRM,"1,687",+22.5,1.35,"1,464,300",2026/09/30
1027,1027,4971,メック(株),東証PRM,"6,760",+90,1.35,"248,600",2026/09/30
1028,1028,6330,東洋エンジニアリング(株),東証PRM,"2,707",+36,1.35,"4,298,900",2026/09/30
1029,1029,7988,(株)ニフコ,東証PRM,"2,399",+32,1.35,"582,400",2026/09/30
1030,1030,9006,京浜急行電鉄(株),東証PRM,"1,534",+20.5,1.35,"858,500",2026/09/30
1031,1031,9258,(株)ＣＳ－Ｃ,東証GRT,301,+4,1.35,400,2026/09/30
1032,1032,1625,(NEXT FUNDS)電機･精密上場投信,東証ETF,"65,860",+870,1.34,286,2026/09/30
1033,1033,1820,西松建設(株),東証PRM,"5,433",+72,1.34,"142,600",2026/09/30
1034,1034,354A,iFreeETF ブルームバーグ日本株高配当50指数,東証ETF,"3,337",+44,1.34,"31,577",2026/09/30
1035,1035,3804,(株)システム　ディ,東証STD,453,+6,1.34,"6,400",2026/09/30
1036,1036,5950,日本パワーファスニング(株),東証STD,151,+2,1.34,"2,900",2026/09/30
1037,1037,6180,ＧＭＯメディア(株),東証GRT,"3,780",+50,1.34,800,2026/09/30
1038,1038,7203,トヨタ自動車(株),東証PRM,"2,920",+38.5,1.34,"29,166,700",2026/09/30
1039,1039,1928,積水ハウス(株),東証PRM,"3,361",+44,1.33,"3,003,600",2026/09/30
1040,1040,231A,Ｃｒｏｓｓ　Ｅホールディングス(株),福岡Q,"1,063",+14,1.33,"1,600",2026/09/30
1041,1041,4914,高砂香料工業(株),東証PRM,"1,295",+17,1.33,"151,100",2026/09/30
1042,1042,5261,リソルホールディングス(株),東証PRM,"7,640",+100,1.33,"4,100",2026/09/30
1043,1043,5753,日本伸銅(株),東証STD,"2,595",+34,1.33,500,2026/09/30
1044,1044,6814,古野電気(株),東証PRM,"7,630",+100,1.33,"215,600",2026/09/30
1045,1045,7628,(株)オーハシテクニカ,東証PRM,"1,144",+15,1.33,"66,400",2026/09/30
1046,1046,8029,(株)ルックホールディングス,東証STD,"2,750",+36,1.33,"15,900",2026/09/30
1047,1047,9022,東海旅客鉄道(株),東証PRM,"3,724",+49,1.33,"2,934,800",2026/09/30
1048,1048,1621,(NEXT FUNDS)医薬品上場投信,東証ETF,"30,260",+395,1.32,442,2026/09/30
1049,1049,2332,(株)クエスト,東証STD,"1,770",+23,1.32,"7,300",2026/09/30
1050,1050,2415,ヒューマンホールディングス(株),東証STD,"1,612",+21,1.32,"27,300",2026/09/30
1051,1051,2499,日本和装ホールディングス(株),東証STD,307,+4,1.32,"3,600",2026/09/30
1052,1052,3116,トヨタ紡織(株),東証PRM,"2,195.5",+28.5,1.32,"610,600",2026/09/30
1053,1053,3195,(株)ジェネレーションパス,東証STD,459,+6,1.32,"33,000",2026/09/30
1054,1054,3321,ミタチ産業(株),東証STD,"1,914",+25,1.32,"44,000",2026/09/30
1055,1055,3691,(株)デジタルプラス,東証GRT,"1,844",+24,1.32,"27,300",2026/09/30
1056,1056,3772,ウェルス・マネジメント(株),東証STD,"1,074",+14,1.32,"21,500",2026/09/30
1057,1057,6400,不二精機(株),東証STD,308,+4,1.32,"13,900",2026/09/30
1058,1058,6637,寺崎電気産業(株),東証STD,"4,225",+55,1.32,"25,400",2026/09/30
1059,1059,7095,(株)Ｍａｃｂｅｅ　Ｐｌａｎｅｔ,東証PRM,"1,150",+15,1.32,"50,200",2026/09/30
1060,1060,7287,日本精機(株),東証STD,"2,760",+36,1.32,"179,400",2026/09/30
1061,1061,9716,(株)乃村工藝社,東証PRM,"1,226",+16,1.32,"388,900",2026/09/30
1062,1062,1543,純パラジウム上場信託(現物国内保管型),東証ETF,"55,570",+720,1.31,245,2026/09/30
1063,1063,3024,クリエイト(株),東証STD,"1,233",+16,1.31,600,2026/09/30
1064,1064,3382,(株)セブン＆アイ・ホールディングス,東証PRM,"2,003.5",+26,1.31,"9,178,000",2026/09/30
1065,1065,4027,テイカ(株),東証PRM,"2,327",+30,1.31,"25,300",2026/09/30
1066,1066,531A,NZAM 上場投信 日経平均高配当株50,東証ETF,"2,319",+30,1.31,115,2026/09/30
1067,1067,6368,オルガノ(株),東証PRM,"2,555",+33,1.31,"1,608,700",2026/09/30
1068,1068,8217,(株)オークワ,東証PRM,771,+10,1.31,"145,700",2026/09/30
1069,1069,9107,川崎汽船(株),東証PRM,"3,326",+43,1.31,"3,926,200",2026/09/30
1070,1070,9551,メタウォーター(株),東証PRM,"3,095",+40,1.31,"75,400",2026/09/30
1071,1071,2070,スマート ESG30 女性活躍(ネットリターン)ETN,東証ETF,"16,810",+215,1.3,3,2026/09/30
1072,1072,2127,(株)日本Ｍ＆Ａセンターホールディングス,東証PRM,622.8,+8,1.3,"2,489,400",2026/09/30
1073,1073,2503,キリンホールディングス(株),東証PRM,"2,854",+36.5,1.3,"4,052,500",2026/09/30
1074,1074,6770,アルプスアルパイン(株),東証PRM,"2,224.5",+28.5,1.3,"1,876,400",2026/09/30
1075,1075,7187,ジェイリース(株),東証PRM,"1,325",+17,1.3,"58,100",2026/09/30
1076,1076,7729,(株)東京精密,東証PRM,"18,645",+240,1.3,"400,300",2026/09/30
1077,1077,8395,(株)佐賀銀行,東証PRM,"7,000",+90,1.3,"45,800",2026/09/30
1078,1078,8439,東京センチュリー(株),東証PRM,"2,640",+34,1.3,"693,600",2026/09/30
1079,1079,9145,(株)ビーイングホールディングス,東証STD,547,+7,1.3,"49,300",2026/09/30
1080,1080,1885,東亜建設工業(株),東証PRM,"2,112",+27,1.29,"349,000",2026/09/30
1081,1081,3977,フュージョン(株),札幌ア,548,+7,1.29,"3,000",2026/09/30
1082,1082,4043,(株)トクヤマ,東証PRM,"4,075",+52,1.29,"467,400",2026/09/30
1083,1083,4635,東京インキ(株),東証STD,"2,038",+26,1.29,"11,800",2026/09/30
1084,1084,5357,(株)ヨータイ,東証PRM,"1,731",+22,1.29,"41,200",2026/09/30
1085,1085,6748,星和電機(株),東証STD,783,+10,1.29,"7,700",2026/09/30
1086,1086,7500,西川計測(株),東証STD,"11,000",+140,1.29,300,2026/09/30
1087,1087,8601,(株)大和証券グループ本社,東証PRM,"1,809",+23,1.29,"7,146,300",2026/09/30
1088,1088,8996,(株)ハウスフリーダム,東証STD,"1,100",+14,1.29,"1,600",2026/09/30
1089,1089,9468,(株)ＫＡＤＯＫＡＷＡ,東証PRM,"3,698",+47,1.29,"521,100",2026/09/30
1090,1090,2567,NZAM 上場投信 S&P/JPXカーボン・エフィシェント指数,東証ETF,545,+6.9,1.28,60,2026/09/30
1091,1091,3993,(株)ＰＫＳＨＡ　Ｔｅｃｈｎｏｌｏｇｙ,東証PRM,"3,170",+40,1.28,"151,600",2026/09/30
1092,1092,4880,セルソース(株),東証STD,316,+4,1.28,"70,400",2026/09/30
1093,1093,536A,NZAM 上場投信 先進国株式(MSCI-KOKUSAI)(H無),東証ETF,"2,224",+28,1.28,12,2026/09/30
1094,1094,579A,GX 銀ビジネス,東証ETF,950,+12,1.28,"3,698",2026/09/30
1095,1095,626A,iFreeETF ゴールドプラスインカム,東証ETF,"1,823",+23,1.28,"2,209",2026/09/30
1096,1096,6305,日立建機(株),東証PRM,"5,607",+71,1.28,"964,600",2026/09/30
1097,1097,1491,中外鉱業(株),東証STD,719,+9,1.27,"25,000",2026/09/30
1098,1098,1493,One ETF JPX日経中小型,東証ETF,"25,940",+325,1.27,"1,035",2026/09/30
1099,1099,2626,GX デジタル・イノベーション-日本株式,東証ETF,"3,361",+42,1.27,777,2026/09/30
1100,1100,3069,(株)ＪＦＬＡホールディングス,東証STD,159,+2,1.27,"86,600",2026/09/30
1101,1101,3377,(株)バイク王＆カンパニー,東証STD,399,+5,1.27,"41,200",2026/09/30
1102,1102,3512,日本フエルト(株),東証STD,"1,039",+13,1.27,"4,100",2026/09/30
1103,1103,3861,王子ホールディングス(株),東証PRM,846.3,+10.6,1.27,"4,511,300",2026/09/30
1104,1104,4042,東ソー(株),東証PRM,"2,630",+33,1.27,"1,200,500",2026/09/30
1105,1105,4754,(株)トスネット,東証STD,"1,519",+19,1.27,"2,500",2026/09/30
1106,1106,5255,(株)モンスターラボ,東証GRT,80,+1,1.27,"186,000",2026/09/30
1107,1107,630A,ニッセイ ETF TOPIX(年4回決算型),東証ETF,"1,516",+19,1.27,225,2026/09/30
1108,1108,1852,(株)淺沼組,東証PRM,885,+11,1.26,"385,200",2026/09/30
1109,1109,2531,宝ホールディングス(株),東証PRM,"2,653.5",+33,1.26,"805,600",2026/09/30
1110,1110,2847,GX 新成長インフラ-日本株式,東証ETF,"3,051",+38,1.26,17,2026/09/30
1111,1111,4112,保土谷化学工業(株),東証PRM,"2,090",+26,1.26,"36,400",2026/09/30
1112,1112,4346,(株)ＮＥＸＹＺ．Ｇｒｏｕｐ,東証STD,968,+12,1.26,"47,000",2026/09/30
1113,1113,5406,(株)神戸製鋼所,東証PRM,"2,048",+25.5,1.26,"2,641,800",2026/09/30
1114,1114,6861,(株)キーエンス,東証PRM,"80,480","+1,000",1.26,"681,400",2026/09/30
1115,1115,6932,(株)遠藤照明,東証STD,"2,567",+32,1.26,"26,000",2026/09/30
1116,1116,8600,トモニホールディングス(株),東証PRM,"1,207",+15,1.26,"576,600",2026/09/30
1117,1117,9068,丸全昭和運輸(株),東証PRM,"3,615",+45,1.26,"80,200",2026/09/30
1118,1118,9115,明海グループ(株),東証STD,"1,044",+13,1.26,"30,300",2026/09/30
1119,1119,1630,(NEXT FUNDS)小売上場投信,東証ETF,"36,440",+450,1.25,286,2026/09/30
1120,1120,1972,三晃金属工業(株),東証STD,"1,296",+16,1.25,"28,500",2026/09/30
1121,1121,3186,(株)ネクステージ,東証PRM,"2,835",+35,1.25,"543,100",2026/09/30
1122,1122,5938,(株)ＬＩＸＩＬ,東証PRM,"1,696",+21,1.25,"1,894,900",2026/09/30
1123,1123,6432,(株)竹内製作所,東証PRM,"7,300",+90,1.25,"123,200",2026/09/30
1124,1124,7069,(株)サイバー・バズ,東証GRT,486,+6,1.25,"9,500",2026/09/30
1125,1125,7102,日本車輌製造(株),東証PRM,"3,635",+45,1.25,"20,900",2026/09/30
1126,1126,7327,(株)第四北越フィナンシャルグループ,東証PRM,"2,826",+35,1.25,"1,362,700",2026/09/30
1127,1127,9069,センコーグループホールディングス(株),東証PRM,"2,341",+29,1.25,"462,900",2026/09/30
1128,1128,149A,(株)シンカ,東証GRT,818,+10,1.24,"8,700",2026/09/30
1129,1129,3105,日清紡ホールディングス(株),東証PRM,"2,643",+32.5,1.24,"884,000",2026/09/30
1130,1130,442A,クラシコ(株),東証GRT,818,+10,1.24,"2,400",2026/09/30
1131,1131,4612,日本ペイントホールディングス(株),東証PRM,"1,179.5",+14.5,1.24,"3,624,300",2026/09/30
1132,1132,5951,ダイニチ工業(株),東証STD,"1,144",+14,1.24,"4,700",2026/09/30
1133,1133,6513,(株)オリジン,東証STD,"1,309",+16,1.24,"7,800",2026/09/30
1134,1134,6532,(株)ベイカレント,東証PRM,"7,690",+94,1.24,"1,074,000",2026/09/30
1135,1135,8345,(株)岩手銀行,東証PRM,"2,861",+35,1.24,"448,600",2026/09/30
1136,1136,8362,(株)福井銀行,東証PRM,"8,170",+100,1.24,"126,800",2026/09/30
1137,1137,9627,(株)アインホールディングス,東証PRM,"5,386",+66,1.24,"148,600",2026/09/30
1138,1138,2975,スター・マイカ・ホールディングス(株),東証PRM,"1,397",+17,1.23,"427,800",2026/09/30
1139,1139,3551,ダイニック(株),東証STD,"1,565",+19,1.23,"12,400",2026/09/30
1140,1140,3625,テックファームホールディングス(株),東証GRT,739,+9,1.23,"40,400",2026/09/30
1141,1141,5076,インフロニア・ホールディングス(株),東証PRM,"2,765",+33.5,1.23,"1,259,900",2026/09/30
1142,1142,5955,(株)ワイズホールディングス,東証STD,82,+1,1.23,"562,200",2026/09/30
1143,1143,6302,住友重機械工業(株),東証PRM,"5,996",+73,1.23,"1,298,100",2026/09/30
1144,1144,6986,双葉電子工業(株),東証PRM,741,+9,1.23,"726,700",2026/09/30
1145,1145,4619,日本特殊塗料(株),東証STD,"2,650",+32,1.22,"25,500",2026/09/30
1146,1146,4926,(株)シーボン,東証STD,"1,246",+15,1.22,"1,500",2026/09/30
1147,1147,8103,明和産業(株),東証PRM,999,+12,1.22,"124,000",2026/09/30
1148,1148,8563,(株)大東銀行,東証STD,"1,240",+15,1.22,"34,500",2026/09/30
1149,1149,9159,(株)Ｗ　ＴＯＫＹＯ,東証GRT,"1,905",+23,1.22,"1,200",2026/09/30
1150,1150,3023,ラサ商事(株),東証STD,"2,091",+25,1.21,"25,300",2026/09/30
1151,1151,3837,アドソル日進(株),東証PRM,"1,343",+16,1.21,"48,700",2026/09/30
1152,1152,532A,NZAM 上場投信 TOPIX高配当40,東証ETF,"2,347",+28,1.21,38,2026/09/30
1153,1153,6779,日本電波工業(株),東証PRM,"3,340",+40,1.21,"474,600",2026/09/30
1154,1154,7011,三菱重工業(株),東証PRM,"3,839",+46,1.21,"17,996,400",2026/09/30
1155,1155,7649,スギホールディングス(株),東証PRM,"1,253",+15,1.21,"1,836,000",2026/09/30
1156,1156,2726,(株)パルグループホールディングス,東証PRM,"1,431",+17,1.2,"1,053,300",2026/09/30
1157,1157,285A,キオクシアホールディングス(株),東証PRM,"18,095",+215,1.2,"39,125,500",2026/09/30
1158,1158,3113,(株)ＵＮＩＶＡ・Ｏａｋホールディングス,東証STD,84,+1,1.2,"129,700",2026/09/30
1159,1159,5132,(株)ｐｌｕｓｚｅｒｏ,東証GRT,"1,849",+22,1.2,"19,300",2026/09/30
1160,1160,6522,(株)アスタリスク,東証GRT,"1,269",+15,1.2,"350,000",2026/09/30
1161,1161,7318,セレンディップ・ホールディングス(株),東証GRT,"1,354",+16,1.2,"104,600",2026/09/30
1162,1162,7839,(株)ＳＨＯＥＩ,東証PRM,"2,112",+25,1.2,"192,300",2026/09/30
1163,1163,9418,(株)Ｕ－ＮＥＸＴ　ＨＯＬＤＩＮＧＳ,東証PRM,"1,767",+21,1.2,"428,900",2026/09/30
1164,1164,1651,iFreeETF TOPIX高配当40指数,東証ETF,"3,309",+39,1.19,"11,491",2026/09/30
1165,1165,3386,コスモ・バイオ(株),東証STD,"1,274",+15,1.19,"6,400",2026/09/30
1166,1166,4662,(株)フォーカスシステムズ,東証PRM,"1,616",+19,1.19,"26,600",2026/09/30
1167,1167,5351,品川リフラ(株),東証PRM,"2,037",+24,1.19,"114,100",2026/09/30
1168,1168,6557,ＡＩＡＩグループ(株),東証GRT,678,+8,1.19,"73,900",2026/09/30
1169,1169,6616,トレックス・セミコンダクター(株),東証PRM,"1,952",+23,1.19,"62,600",2026/09/30
1170,1170,7571,(株)ヤマノホールディングス,東証STD,85,+1,1.19,"229,700",2026/09/30
1171,1171,7812,(株)クレステック,東証STD,"2,128",+25,1.19,200,2026/09/30
1172,1172,8927,(株)明豊エンタープライズ,東証STD,509,+6,1.19,"138,900",2026/09/30
1173,1173,9619,(株)イチネンホールディングス,東証PRM,"2,729",+32,1.19,"45,300",2026/09/30
1174,1174,1384,(株)ホクリヨウ,東証STD,"2,145",+25,1.18,"6,300",2026/09/30
1175,1175,1786,オリエンタル白石(株),東証PRM,343,+4,1.18,"338,500",2026/09/30
1176,1176,1835,東鉄工業(株),東証PRM,"3,860",+45,1.18,"65,000",2026/09/30
1177,1177,1840,(株)土屋ホールディングス,東証STD,257,+3,1.18,"59,200",2026/09/30
1178,1178,2641,GX グローバルリーダーズ-日本株式,東証ETF,"4,526",+53,1.18,"1,888",2026/09/30
1179,1179,2858,GX 日経225 カバード・コール (プレミアム再投資型),東証ETF,"1,540",+18,1.18,682,2026/09/30
1180,1180,3682,エンカレッジ・テクノロジ(株),東証STD,600,+7,1.18,"2,300",2026/09/30
1181,1181,5816,オーナンバ(株),東証STD,"1,458",+17,1.18,"27,100",2026/09/30
1182,1182,5909,(株)コロナ,東証STD,943,+11,1.18,"18,900",2026/09/30
1183,1183,5981,東京製綱(株),東証PRM,"1,882",+22,1.18,"51,200",2026/09/30
1184,1184,6136,ＯＳＧ,東証PRM,"3,597",+42,1.18,"382,800",2026/09/30
1185,1185,6137,小池酸素工業(株),東証STD,"1,538",+18,1.18,"26,700",2026/09/30
1186,1186,6754,アンリツ(株),東証PRM,"3,417",+40,1.18,"1,096,800",2026/09/30
1187,1187,7122,近畿車輛(株),東証STD,"2,394",+28,1.18,"2,400",2026/09/30
1188,1188,7135,ジャパンクラフトホールディングス(株),東証STD,172,+2,1.18,"17,700",2026/09/30
1189,1189,7219,(株)エッチ・ケー・エス,東証STD,"2,496",+29,1.18,600,2026/09/30
1190,1190,7372,(株)デコルテ・ホールディングス,東証GRT,430,+5,1.18,"12,200",2026/09/30
1191,1191,7851,カワセコンピュータサプライ(株),福証,171,+2,1.18,"1,600",2026/09/30
1192,1192,8181,(株)東天紅,東証STD,"1,026",+12,1.18,"1,700",2026/09/30
1193,1193,8383,(株)鳥取銀行,東証STD,"1,976",+23,1.18,"11,900",2026/09/30
1194,1194,8935,(株)ＦＪネクストホールディングス,東証PRM,"1,969",+23,1.18,"50,700",2026/09/30
1195,1195,9042,阪急阪神ホールディングス(株),東証PRM,"4,387",+51,1.18,"1,194,500",2026/09/30
1196,1196,1399,上場MSCI日本株高配当低ボラティリティ,東証ETF,"3,210",+37,1.17,"11,604",2026/09/30
1197,1197,157A,グリーンモンスター(株),東証GRT,780,+9,1.17,"8,600",2026/09/30
1198,1198,1893,五洋建設(株),東証PRM,"1,474",+17,1.17,"2,568,700",2026/09/30
1199,1199,3003,ヒューリック(株),東証PRM,"1,726.5",+20,1.17,"2,891,800",2026/09/30
1200,1200,4361,川口化学工業(株),東証STD,"1,646",+19,1.17,"3,600",2026/09/30
1201,1201,6140,旭ダイヤモンド工業(株),東証PRM,"1,125",+13,1.17,"338,200",2026/09/30
1202,1202,6332,月島ホールディングス(株),東証PRM,"2,601",+30,1.17,"119,700",2026/09/30
1203,1203,8088,岩谷産業(株),東証PRM,"2,035",+23.5,1.17,"740,500",2026/09/30
1204,1204,9816,(株)ストライダーズ,東証STD,260,+3,1.17,"12,000",2026/09/30
1205,1205,1305,iFreeETF TOPIX(年1回決算型),東証ETF,"4,359",+50,1.16,"73,220",2026/09/30
1206,1206,3106,クラボウ,東証PRM,"2,352",+27,1.16,"284,400",2026/09/30
1207,1207,3435,サンコーテクノ(株),東証STD,"1,481",+17,1.16,"3,100",2026/09/30
1208,1208,3925,(株)ダブルスタンダード,東証PRM,"1,307",+15,1.16,"28,300",2026/09/30
1209,1209,4503,アステラス製薬(株),東証PRM,"2,320.5",+26.5,1.16,"8,779,800",2026/09/30
1210,1210,547A,ムニノバホールディングス(株),東証PRM,436,+5,1.16,"2,160,200",2026/09/30
1211,1211,5915,(株)駒井ハルテック,東証STD,"2,449",+28,1.16,"1,800",2026/09/30
1212,1212,5953,昭和鉄工(株),福証,"6,990",+80,1.16,100,2026/09/30
1213,1213,6013,(株)タクマ,東証PRM,"2,977",+34,1.16,"175,500",2026/09/30
1214,1214,6103,オークマ(株),東証PRM,"4,780",+55,1.16,"355,600",2026/09/30
1215,1215,6229,(株)オーケーエム,東証STD,"1,478",+17,1.16,"4,500",2026/09/30
1216,1216,7723,愛知時計電機(株),東証PRM,"2,866",+33,1.16,"14,700",2026/09/30
1217,1217,7771,日本精密(株),東証STD,262,+3,1.16,"68,700",2026/09/30
1218,1218,8135,ゼット(株),東証STD,437,+5,1.16,"4,800",2026/09/30
1219,1219,9558,ジャパニアス(株),東証GRT,"2,003",+23,1.16,"6,200",2026/09/30
1220,1220,130A,(株)Ｖｅｒｉｔａｓ　Ｉｎ　Ｓｉｌｉｃｏ,東証GRT,438,+5,1.15,"14,000",2026/09/30
1221,1221,2212,山崎製パン(株),東証PRM,"3,606",+41,1.15,"554,400",2026/09/30
1222,1222,2869,iFreeETF NASDAQ100レバレッジ,東証ETF,"3,090",+35,1.15,"130,985",2026/09/30
1223,1223,3096,(株)オーシャンシステム,東証STD,"1,578",+18,1.15,"5,600",2026/09/30
1224,1224,3355,クリヤマホールディングス(株),東証STD,"1,853",+21,1.15,"5,300",2026/09/30
1225,1225,4491,コンピューターマネージメント(株),東証STD,"3,085",+35,1.15,"5,500",2026/09/30
1226,1226,6907,ジオマテック(株),東証STD,792,+9,1.15,"7,700",2026/09/30
1227,1227,7875,竹田ｉＰホールディングス(株),東証STD,876,+10,1.15,"16,300",2026/09/30
1228,1228,9021,西日本旅客鉄道(株),東証PRM,"2,942",+33.5,1.15,"2,303,000",2026/09/30
1229,1229,9325,ファイズホールディングス(株),東証STD,"1,060",+12,1.15,"10,900",2026/09/30
1230,1230,2588,(株)プレミアムウォーターホールディングス,東証STD,"3,550",+40,1.14,"5,400",2026/09/30
1231,1231,3034,クオールホールディングス(株),東証PRM,"2,389",+27,1.14,"112,000",2026/09/30
1232,1232,4031,片倉コープアグリ(株),東証STD,"1,068",+12,1.14,"21,500",2026/09/30
1233,1233,5901,東洋製罐グループホールディングス(株),東証PRM,"4,429",+50,1.14,"703,600",2026/09/30
1234,1234,6586,(株)マキタ,東証PRM,"5,317",+60,1.14,"984,300",2026/09/30
1235,1235,6763,帝国通信工業(株),東証PRM,"2,742",+31,1.14,"15,200",2026/09/30
1236,1236,7018,内海造船(株),東証STD,"13,310",+150,1.14,"14,700",2026/09/30
1237,1237,7231,トピー工業(株),東証PRM,"3,100",+35,1.14,"61,700",2026/09/30
1238,1238,7266,(株)今仙電機製作所,東証STD,975,+11,1.14,"13,200",2026/09/30
1239,1239,8227,(株)しまむら,東証PRM,"3,277",+37,1.14,"1,013,000",2026/09/30
1240,1240,8897,ＭＩＲＡＲＴＨホールディングス(株),東証PRM,442,+5,1.14,"599,900",2026/09/30
1241,1241,262A,(株)インターメスティック,東証PRM,"1,700",+19,1.13,"192,100",2026/09/30
1242,1242,2875,東洋水産(株),東証PRM,"9,589",+107,1.13,"407,100",2026/09/30
1243,1243,4507,塩野義製薬(株),東証PRM,"2,870.5",+32,1.13,"3,565,700",2026/09/30
1244,1244,4990,昭和化学工業(株),東証STD,537,+6,1.13,"4,600",2026/09/30
1245,1245,5820,(株)三ッ星,東証STD,897,+10,1.13,"21,400",2026/09/30
1246,1246,6807,日本航空電子工業(株),東証PRM,"2,585",+29,1.13,"365,400",2026/09/30
1247,1247,7039,ブリッジインターナショナルグループ(株),東証GRT,"1,345",+15,1.13,"8,800",2026/09/30
1248,1248,8613,丸三証券(株),東証PRM,"1,252",+14,1.13,"315,500",2026/09/30
1249,1249,8958,グローバル・ワン不動産投資法人,東証,"107,300","+1,200",1.13,"7,918",2026/09/30
1250,1250,9238,バリュークリエーション(株),東証GRT,359,+4,1.13,"3,700",2026/09/30
1251,1251,9341,(株)ＧＥＮＯＶＡ,東証PRM,625,+7,1.13,"46,100",2026/09/30
1252,1252,9854,愛眼(株),東証STD,268,+3,1.13,"28,300",2026/09/30
1253,1253,2820,(株)やまみ,東証STD,"6,340",+70,1.12,"15,600",2026/09/30
1254,1254,441A,ＮＥ(株),東証GRT,270,+3,1.12,"48,400",2026/09/30
1255,1255,4463,日華化学(株),東証STD,"1,991",+22,1.12,"12,000",2026/09/30
1256,1256,4784,ＧＭＯインターネット(株),東証PRM,540,+6,1.12,"1,045,800",2026/09/30
1257,1257,5602,(株)栗本鐵工所,東証PRM,"1,627",+18,1.12,"218,800",2026/09/30
1258,1258,6547,(株)グリーンズ,東証STD,"2,071",+23,1.12,"29,100",2026/09/30
1259,1259,7246,プレス工業(株),東証PRM,996,+11,1.12,"307,000",2026/09/30
1260,1260,7347,(株)マーキュリアホールディングス,東証PRM,810,+9,1.12,"15,500",2026/09/30
1261,1261,9048,名古屋鉄道(株),東証PRM,"1,855.5",+20.5,1.12,"1,033,500",2026/09/30
1262,1262,9474,(株)ゼンリン,東証PRM,905,+10,1.12,"133,000",2026/09/30
1263,1263,1628,(NEXT FUNDS)運輸･物流上場投信,東証ETF,"21,950",+240,1.11,226,2026/09/30
1264,1264,3299,(株)ムゲンエステート,東証STD,"1,730",+19,1.11,"61,100",2026/09/30
1265,1265,399A,上場インデックスファンド日経平均高配当株50,東証ETF,"2,366",+26,1.11,"96,611",2026/09/30
1266,1266,4362,日本精化(株),東証PRM,"2,631",+29,1.11,"23,900",2026/09/30
1267,1267,6490,(株)ＰＩＬＬＡＲ,東証PRM,"10,900",+120,1.11,"104,700",2026/09/30
1268,1268,8022,ミズノ(株),東証PRM,"4,085",+45,1.11,"246,600",2026/09/30
1269,1269,8804,東京建物(株),東証PRM,"3,279",+36,1.11,"1,130,800",2026/09/30
1270,1270,9271,(株)和心,東証GRT,"1,003",+11,1.11,"11,300",2026/09/30
1271,1271,2334,(株)イオレ,東証GRT,553,+6,1.1,"731,900",2026/09/30
1272,1272,3087,(株)ドトール・日レスホールディングス,東証PRM,"3,215",+35,1.1,"149,300",2026/09/30
1273,1273,3231,野村不動産ホールディングス(株),東証PRM,880.6,+9.6,1.1,"6,667,500",2026/09/30
1274,1274,413A,iFreeETF キャセイ台湾テックリーダー指数,東証ETF,"4,045",+44,1.1,"1,174",2026/09/30
1275,1275,4680,(株)ラウンドワン,東証PRM,"1,236",+13.5,1.1,"1,860,800",2026/09/30
1276,1276,6040,日本スキー場開発(株),東証GRT,458,+5,1.1,"44,200",2026/09/30
1277,1277,6167,冨士ダイス(株),東証PRM,"1,014",+11,1.1,"49,800",2026/09/30
1278,1278,6993,大黒屋ホールディングス(株),東証STD,92,+1,1.1,"3,326,400",2026/09/30
1279,1279,7212,(株)エフテック,東証STD,734,+8,1.1,"20,500",2026/09/30
1280,1280,9218,(株)メンタルヘルステクノロジーズ,東証GRT,829,+9,1.1,"52,700",2026/09/30
1281,1281,9303,(株)住友倉庫,東証PRM,"4,120",+45,1.1,"169,000",2026/09/30
1282,1282,3653,(株)モルフォ,東証GRT,"1,021",+11,1.09,"1,336,600",2026/09/30
1283,1283,4375,セーフィー(株),東証GRT,652,+7,1.09,"99,900",2026/09/30
1284,1284,448A,ステート・ストリート・スパイダー ゴールド ETF(H有),東証ETF,250.5,+2.7,1.09,"20,930",2026/09/30
1285,1285,5184,(株)ニチリン,東証STD,"4,190",+45,1.09,"8,600",2026/09/30
1286,1286,6871,(株)日本マイクロニクス,東証PRM,"13,960",+150,1.09,"1,217,300",2026/09/30
1287,1287,8386,(株)百十四銀行,東証PRM,"3,255",+35,1.09,"351,500",2026/09/30
1288,1288,9686,東洋テック(株),東証STD,"1,670",+18,1.09,"1,000",2026/09/30
1289,1289,290A,(株)Ｓｙｎｓｐｅｃｔｉｖｅ,東証GRT,"1,402",+15,1.08,"643,300",2026/09/30
1290,1290,3236,(株)プロパスト,東証STD,282,+3,1.08,"38,400",2026/09/30
1291,1291,5535,ミガロホールディングス(株),東証PRM,282,+3,1.08,"123,200",2026/09/30
1292,1292,5703,日本軽金属ホールディングス(株),東証PRM,"2,908",+31,1.08,"264,000",2026/09/30
1293,1293,7609,ダイトロン(株),東証PRM,"4,205",+45,1.08,"80,500",2026/09/30
1294,1294,8117,中央自動車工業(株),東証STD,"2,143",+23,1.08,"349,400",2026/09/30
1295,1295,1721,コムシスホールディングス(株),東証PRM,"5,470",+58,1.07,"586,000",2026/09/30
1296,1296,2009,鳥越製粉(株),東証STD,"1,131",+12,1.07,"21,600",2026/09/30
1297,1297,2678,アスクル(株),東証PRM,"1,227",+13,1.07,"331,600",2026/09/30
1298,1298,372A,(株)レント,東証STD,"5,660",+60,1.07,"6,700",2026/09/30
1299,1299,408A,iシェアーズ AI グローバル・イノベーション アクティブ,東証ETF,302,+3.2,1.07,"260,460",2026/09/30
1300,1300,4484,ランサーズ(株),東証GRT,284,+3,1.07,"8,300",2026/09/30
1301,1301,4735,(株)京進,東証STD,283,+3,1.07,"8,000",2026/09/30
1302,1302,4951,エステー(株),東証PRM,"1,507",+16,1.07,"37,300",2026/09/30
1303,1303,6638,(株)ミマキエンジニアリング,東証PRM,"2,174",+23,1.07,"131,500",2026/09/30
1304,1304,7461,(株)キムラ,東証STD,472,+5,1.07,400,2026/09/30
1305,1305,7793,(株)イメージ・マジック,東証GRT,"1,610",+17,1.07,900,2026/09/30
1306,1306,8398,(株)筑邦銀行,福証,"2,560",+27,1.07,"4,100",2026/09/30
1307,1307,8725,ＭＳ＆ＡＤインシュアランスグループホールディングス(株),東証PRM,"4,902",+52,1.07,"5,203,600",2026/09/30
1308,1308,2036,NEXT NOTES 金先物 ダブル・ブル ETN,東証ETF,"143,400","+1,500",1.06,"2,550",2026/09/30
1309,1309,2085,MAXIS 高配当日本株アクティブ,東証ETF,785.2,+8.2,1.06,"7,220",2026/09/30
1310,1310,2345,(株)ＨＯＤＬ１,東証STD,95,+1,1.06,"40,600",2026/09/30
1311,1311,2776,新都ホールディングス(株),東証STD,95,+1,1.06,"53,600",2026/09/30
1312,1312,4091,日本酸素ホールディングス(株),東証PRM,"5,512",+58,1.06,"662,500",2026/09/30
1313,1313,4809,パラカ(株),東証PRM,"2,001",+21,1.06,"15,900",2026/09/30
1314,1314,6279,(株)瑞光,東証PRM,950,+10,1.06,"25,700",2026/09/30
1315,1315,6367,ダイキン工業(株),東証PRM,"20,925",+220,1.06,"1,174,900",2026/09/30
1316,1316,6706,電気興業(株),東証PRM,"3,325",+35,1.06,"28,800",2026/09/30
1317,1317,7615,(株)京都きもの友禅ホールディングス,東証STD,95,+1,1.06,"39,600",2026/09/30
1318,1318,7769,リズム(株),東証PRM,"3,815",+40,1.06,"13,400",2026/09/30
1319,1319,9264,ポエック(株),東証STD,"1,621",+17,1.06,"4,300",2026/09/30
1320,1320,1719,安藤ハザマ,東証PRM,"1,829",+19,1.05,"885,300",2026/09/30
1321,1321,1975,(株)朝日工業社,東証PRM,"3,865",+40,1.05,"36,200",2026/09/30
1322,1322,235A,GX 高配当30-日本株式,東証ETF,"1,444",+15,1.05,"11,718",2026/09/30
1323,1323,2976,日本グランデ(株),札幌ア,674,+7,1.05,500,2026/09/30
1324,1324,3021,(株)パシフィックネット,東証STD,"1,638",+17,1.05,"4,000",2026/09/30
1325,1325,3183,ウイン・パートナーズ(株),東証PRM,"1,257",+13,1.05,"22,200",2026/09/30
1326,1326,4206,アイカ工業(株),東証PRM,"4,224",+44,1.05,"334,000",2026/09/30
1327,1327,424A,GX ゴールドETF(H有),東証ETF,317.7,+3.3,1.05,"62,680",2026/09/30
1328,1328,6463,ＴＰＲ(株),東証PRM,"1,536",+16,1.05,"101,500",2026/09/30
1329,1329,156A,マテリアルグループ(株),東証GRT,873,+9,1.04,"10,600",2026/09/30
1330,1330,1617,(NEXT FUNDS)食品上場投信,東証ETF,"47,730",+490,1.04,208,2026/09/30
1331,1331,1925,大和ハウス工業(株),東証PRM,"2,196",+22.5,1.04,"6,550,300",2026/09/30
1332,1332,2752,(株)フジオフードグループ本社,東証PRM,"1,163",+12,1.04,"82,900",2026/09/30
1333,1333,3880,大王製紙(株),東証PRM,974,+10,1.04,"250,600",2026/09/30
1334,1334,6016,(株)ジャパンエンジンコーポレーション,東証STD,"11,700",+120,1.04,"80,900",2026/09/30
1335,1335,7443,横浜魚類(株),東証STD,677,+7,1.04,"2,600",2026/09/30
1336,1336,7550,(株)ゼンショーホールディングス,東証PRM,"10,705",+110,1.04,"592,200",2026/09/30
1337,1337,9446,(株)サカイホールディングス,東証STD,682,+7,1.04,"2,000",2026/09/30
1338,1338,1847,(株)イチケン,東証STD,"3,430",+35,1.03,"19,300",2026/09/30
1339,1339,1964,中外炉工業(株),東証PRM,"3,910",+40,1.03,"16,100",2026/09/30
1340,1340,6328,荏原実業(株),東証PRM,"2,460",+25,1.03,"96,300",2026/09/30
1341,1341,6485,前澤給装工業(株),東証STD,"1,672",+17,1.03,"23,500",2026/09/30
1342,1342,6857,(株)アドバンテスト,東証PRM,"34,260",+350,1.03,"23,723,400",2026/09/30
1343,1343,2311,(株)エプコ,東証STD,794,+8,1.02,"9,200",2026/09/30
1344,1344,2607,不二製油(株),東証PRM,"4,275",+43,1.02,"269,600",2026/09/30
1345,1345,2810,ハウス食品グループ本社(株),東証PRM,"4,045",+41,1.02,"279,400",2026/09/30
1346,1346,3288,(株)オープンハウスグループ,東証PRM,"7,437",+75,1.02,"326,400",2026/09/30
1347,1347,341A,(株)トヨコー,東証GRT,"2,268",+23,1.02,"14,900",2026/09/30
1348,1348,3622,ネットイヤーグループ(株),東証STD,496,+5,1.02,"1,200",2026/09/30
1349,1349,5185,(株)フコク,東証PRM,"1,990",+20,1.02,"43,600",2026/09/30
1350,1350,6145,ＮＩＴＴＯＫＵ(株),東証STD,"2,680",+27,1.02,"96,400",2026/09/30
1351,1351,6623,愛知電機(株),名証PRM,"8,950",+90,1.02,"2,200",2026/09/30
1352,1352,6803,ティアック(株),東証STD,99,+1,1.02,"211,000",2026/09/30
1353,1353,6958,日本ＣＭＫ(株),東証PRM,792,+8,1.02,"530,900",2026/09/30
1354,1354,7856,萩原工業(株),東証PRM,"2,079",+21,1.02,"108,000",2026/09/30
1355,1355,8835,太平洋興発(株),東証STD,790,+8,1.02,"27,700",2026/09/30
1356,1356,8908,(株)毎日コムネット,東証STD,890,+9,1.02,"5,000",2026/09/30
1357,1357,8951,日本ビルファンド投資法人,東証,"118,900","+1,200",1.02,"65,329",2026/09/30
1358,1358,1450,ＴＡＮＡＫＥＮ(株),東証STD,"1,504",+15,1.01,"2,600",2026/09/30
1359,1359,2553,One ETF 南方 中国A株 CSI500,東証ETF,"2,340",+23.5,1.01,"4,650",2026/09/30
1360,1360,3150,(株)グリムス,東証PRM,"2,393",+24,1.01,"42,200",2026/09/30
1361,1361,3917,(株)アイリッジ,東証GRT,500,+5,1.01,"42,800",2026/09/30
1362,1362,4097,高圧ガス工業(株),東証PRM,"1,203",+12,1.01,"65,500",2026/09/30
1363,1363,4180,Ａｐｐｉｅｒ　Ｇｒｏｕｐ(株),東証PRM,"1,396",+14,1.01,"959,600",2026/09/30
1364,1364,4552,ＪＣＲファーマ(株),東証PRM,502,+5,1.01,"451,200",2026/09/30
1365,1365,5075,アップコン(株),名証NXT,"1,002",+10,1.01,"7,200",2026/09/30
1366,1366,5189,櫻護謨(株),東証STD,"3,500",+35,1.01,600,2026/09/30
1367,1367,8746,ｕｎｂａｎｋｅｄ(株),東証STD,100,+1,1.01,"987,900",2026/09/30
1368,1368,9419,(株)ワイヤレスゲート,東証STD,301,+3,1.01,"13,400",2026/09/30
1369,1369,9896,ＪＫホールディングス(株),東証STD,"1,405",+14,1.01,"30,000",2026/09/30
1370,1370,1478,iシェアーズ MSCI ジャパン高配当利回り ETF,東証ETF,"5,359",+53,1.0,"18,690",2026/09/30
1371,1371,2516,東証グロース250ETF,東証ETF,634.1,+6.3,1.0,"229,080",2026/09/30
1372,1372,2932,(株)ＳＴＩフードホールディングス,東証STD,"1,111",+11,1.0,"13,300",2026/09/30
1373,1373,3359,(株)ｃｏｔｔａ,東証GRT,505,+5,1.0,"38,700",2026/09/30
1374,1374,3611,(株)マツオカコーポレーション,東証STD,"2,420",+24,1.0,"18,100",2026/09/30
1375,1375,4023,(株)クレハ,東証PRM,"4,025",+40,1.0,"329,100",2026/09/30
1376,1376,4098,チタン工業(株),東証STD,"1,009",+10,1.0,"3,200",2026/09/30
1377,1377,4425,Ｋｕｄａｎ(株),東証GRT,"1,420",+14,1.0,"95,100",2026/09/30
1378,1378,4838,スペースシャワーＳＫＩＹＡＫＩホールディングス(株),東証STD,705,+7,1.0,"21,000",2026/09/30
1379,1379,5658,日亜鋼業(株),東証STD,405,+4,1.0,"3,700",2026/09/30
1380,1380,6157,日進工具(株),東証STD,812,+8,1.0,"98,200",2026/09/30
1381,1381,6306,日工(株),東証PRM,"1,011",+10,1.0,"87,700",2026/09/30
1382,1382,6859,エスペック(株),東証PRM,"4,025",+40,1.0,"54,900",2026/09/30
1383,1383,7224,新明和工業(株),東証PRM,"1,928",+19,1.0,"140,200",2026/09/30
1384,1384,8012,長瀬産業(株),東証PRM,"1,163.5",+11.5,1.0,"1,291,800",2026/09/30
1385,1385,8844,(株)コスモスイニシア,東証STD,"1,207",+12,1.0,"37,400",2026/09/30
1386,1386,1941,(株)中電工,東証PRM,"5,110",+50,0.99,"90,600",2026/09/30
1387,1387,246A,(株)アスア,東証GRT,"1,123",+11,0.99,"2,800",2026/09/30
1388,1388,3687,(株)フィックスターズ,東証PRM,"2,240",+22,0.99,"440,900",2026/09/30
1389,1389,4483,(株)ＪＭＤＣ,東証PRM,"3,560",+35,0.99,"170,400",2026/09/30
1390,1390,4979,ＯＡＴアグリオ(株),東証STD,"2,845",+28,0.99,"20,400",2026/09/30
1391,1391,6074,(株)ジェイエスエス,東証STD,508,+5,0.99,"1,100",2026/09/30
1392,1392,6158,(株)和井田製作所,東証STD,"1,024",+10,0.99,700,2026/09/30
1393,1393,7093,アディッシュ(株),東証GRT,611,+6,0.99,"1,500",2026/09/30
1394,1394,9215,(株)ＣａＳｙ,東証GRT,"1,017",+10,0.99,"5,100",2026/09/30
1395,1395,2435,(株)シダー,東証STD,206,+2,0.98,"11,800",2026/09/30
1396,1396,2492,(株)インフォマート,東証PRM,720,+7,0.98,"4,145,800",2026/09/30
1397,1397,2788,アップルインターナショナル(株),東証STD,412,+4,0.98,"22,900",2026/09/30
1398,1398,3466,ラサールロジポート投資法人,東証,"144,300","+1,400",0.98,"7,273",2026/09/30
1399,1399,3665,(株)エニグモ,東証PRM,411,+4,0.98,"143,900",2026/09/30
1400,1400,4192,スパイダープラス(株),東証GRT,308,+3,0.98,"47,900",2026/09/30
1401,1401,6135,(株)牧野フライス製作所,東証PRM,"3,085",+30,0.98,"718,600",2026/09/30
1402,1402,6995,(株)東海理化,東証PRM,"3,095",+30,0.98,"151,700",2026/09/30
1403,1403,7485,岡谷鋼機(株),名証PRM,"5,170",+50,0.98,"25,900",2026/09/30
1404,1404,7593,ＶＴホールディングス(株),東証PRM,514,+5,0.98,"411,900",2026/09/30
1405,1405,7911,ＴＯＰＰＡＮホールディングス(株),東証PRM,"2,362.5",+23,0.98,"3,009,200",2026/09/30
1406,1406,7931,未来工業(株),東証PRM,"3,600",+35,0.98,"20,700",2026/09/30
1407,1407,7992,セーラー万年筆(株),東証STD,103,+1,0.98,"23,400",2026/09/30
1408,1408,8104,クワザワホールディングス(株),東証STD,823,+8,0.98,"5,600",2026/09/30
1409,1409,9250,(株)ＧＲＣＳ,東証GRT,"1,030",+10,0.98,500,2026/09/30
1410,1410,2003,日東富士製粉(株),東証STD,"1,878",+18,0.97,"23,500",2026/09/30
1411,1411,2999,ホームポジション(株),東証STD,523,+5,0.97,"16,900",2026/09/30
1412,1412,3539,(株)ＪＭホールディングス,東証PRM,"1,461",+14,0.97,"165,300",2026/09/30
1413,1413,5331,ノリタケ(株),東証PRM,"3,650",+35,0.97,"201,000",2026/09/30
1414,1414,5410,合同製鐵(株),東証PRM,"2,915",+28,0.97,"67,400",2026/09/30
1415,1415,6138,ダイジェット工業(株),東証STD,"2,072",+20,0.97,"10,900",2026/09/30
1416,1416,6645,オムロン(株),東証PRM,"6,436",+62,0.97,"1,422,800",2026/09/30
1417,1417,7345,(株)アイ・パートナーズフィナンシャル,東証GRT,938,+9,0.97,"3,400",2026/09/30
1418,1418,1960,(株)サンテック,東証STD,"1,685",+16,0.96,"9,700",2026/09/30
1419,1419,245A,(株)ＩＮＧＳ,東証GRT,"2,522",+24,0.96,600,2026/09/30
1420,1420,2587,サントリービバレッジ＆フード(株),東証PRM,"4,515",+43,0.96,"976,900",2026/09/30
1421,1421,3479,(株)ＴＫＰ,東証GRT,"1,886",+18,0.96,"35,400",2026/09/30
1422,1422,4404,ミヨシ油脂(株),東証STD,"2,211",+21,0.96,"12,100",2026/09/30
1423,1423,589A,ネイス(株),東証GRT,"1,373",+13,0.96,"48,600",2026/09/30
1424,1424,6338,(株)タカトリ,東証STD,"1,680",+16,0.96,"11,600",2026/09/30
1425,1425,6470,大豊工業(株),東証STD,"1,155",+11,0.96,"35,300",2026/09/30
1426,1426,9368,キムラユニティー(株),東証STD,942,+9,0.96,"15,300",2026/09/30
1427,1427,9423,(株)ＦＲＳ,東証STD,105,+1,0.96,"98,900",2026/09/30
1428,1428,175A,(株)Ｗｉｌｌ　Ｓｍａｒｔ,東証GRT,638,+6,0.95,"6,200",2026/09/30
1429,1429,3189,(株)ＡＮＡＰホールディングス,東証STD,106,+1,0.95,"17,200",2026/09/30
1430,1430,3662,(株)エイチームホールディングス,東証PRM,952,+9,0.95,"64,500",2026/09/30
1431,1431,3915,(株)テラスカイ,東証PRM,"2,224",+21,0.95,"56,300",2026/09/30
1432,1432,3935,(株)エディア,東証STD,743,+7,0.95,"8,600",2026/09/30
1433,1433,4109,ステラ　ケミファ(株),東証PRM,"5,300",+50,0.95,"29,200",2026/09/30
1434,1434,4119,(株)日本ピグメントホールディングス,東証STD,"6,360",+60,0.95,"2,700",2026/09/30
1435,1435,4205,日本ゼオン(株),東証PRM,"2,432",+23,0.95,"792,800",2026/09/30
1436,1436,4479,(株)マクアケ,東証GRT,954,+9,0.95,"42,700",2026/09/30
1437,1437,4527,ロート製薬(株),東証PRM,"2,809",+26.5,0.95,"1,226,400",2026/09/30
1438,1438,5471,大同特殊鋼(株),東証PRM,"2,502",+23.5,0.95,"910,400",2026/09/30
1439,1439,5867,(株)エスネットワークス,東証GRT,"1,381",+13,0.95,"6,400",2026/09/30
1440,1440,7701,(株)島津製作所,東証PRM,"4,056",+38,0.95,"1,430,600",2026/09/30
1441,1441,7918,(株)ヴィア・ホールディングス,東証STD,106,+1,0.95,"35,200",2026/09/30
1442,1442,8111,(株)ゴールドウイン,東証PRM,"2,119",+20,0.95,"384,000",2026/09/30
1443,1443,9339,(株)コーチ・エィ,東証STD,"1,489",+14,0.95,"3,100",2026/09/30
1444,1444,9913,日邦産業(株),東証STD,"3,735",+35,0.95,"6,600",2026/09/30
1445,1445,1446,(株)キャンディル,東証STD,538,+5,0.94,"5,700",2026/09/30
1446,1446,2046,NEXT NOTES インドNifty･ダブル・ブル ETN,東証ETF,"21,495",+200,0.94,333,2026/09/30
1447,1447,2501,サッポロビール(株),東証PRM,"1,817",+17,0.94,"1,409,900",2026/09/30
1448,1448,2747,北雄ラッキー(株),東証STD,"3,205",+30,0.94,500,2026/09/30
1449,1449,4516,日本新薬(株),東証PRM,"3,442",+32,0.94,"456,900",2026/09/30
1450,1450,4819,(株)デジタルガレージ,東証PRM,"2,465",+23,0.94,"570,200",2026/09/30
1451,1451,6269,三井海洋開発(株),東証PRM,"8,907",+83,0.94,"642,000",2026/09/30
1452,1452,6287,(株)サトー,東証PRM,"2,697",+25,0.94,"107,300",2026/09/30
1453,1453,7947,(株)エフピコ,東証PRM,"2,791",+26,0.94,"168,600",2026/09/30
1454,1454,9837,モリト(株),東証PRM,"1,819",+17,0.94,"38,100",2026/09/30
1455,1455,1447,ＳＡＡＦホールディングス(株),東証GRT,324,+3,0.93,"17,600",2026/09/30
1456,1456,1672,WisdomTree 金上場投信,東証ETF,"60,850",+560,0.93,124,2026/09/30
1457,1457,1828,田辺工業(株),東証STD,"2,384",+22,0.93,"30,300",2026/09/30
1458,1458,3290,Oneリート投資法人,東証,"75,600",+700,0.93,"2,749",2026/09/30
1459,1459,5631,(株)日本製鋼所,東証PRM,"7,293",+67,0.93,"549,400",2026/09/30
1460,1460,7575,日本ライフライン(株),東証PRM,"1,513",+14,0.93,"544,700",2026/09/30
1461,1461,8367,(株)南都銀行,東証PRM,"2,062",+19,0.93,"454,700",2026/09/30
1462,1462,8881,(株)日神グループホールディングス,東証PRM,654,+6,0.93,"110,000",2026/09/30
1463,1463,9206,(株)スターフライヤー,東証STD,"1,958",+18,0.93,"1,000",2026/09/30
1464,1464,9421,(株)エヌジェイホールディングス,東証STD,540,+5,0.93,"3,400",2026/09/30
1465,1465,9439,(株)エム・エイチ・グループ,東証STD,218,+2,0.93,"209,200",2026/09/30
1466,1466,9536,西部ガスホールディングス(株),東証PRM,"2,495",+23,0.93,"147,000",2026/09/30
1467,1467,1929,日特建設(株),東証PRM,"1,211",+11,0.92,"83,700",2026/09/30
1468,1468,2109,ＤＭ三井製糖(株),東証PRM,"3,840",+35,0.92,"84,400",2026/09/30
1469,1469,2593,(株)伊藤園,東証PRM,"3,074",+28,0.92,"827,000",2026/09/30
1470,1470,4222,児玉化学工業(株),東証STD,658,+6,0.92,"234,600",2026/09/30
1471,1471,4544,Ｈ．Ｕ．グループホールディングス(株),東証PRM,"3,514",+32,0.92,"221,000",2026/09/30
1472,1472,6331,三菱化工機(株),東証PRM,"3,295",+30,0.92,"130,800",2026/09/30
1473,1473,8349,(株)東北銀行,東証STD,"1,653",+15,0.92,"40,800",2026/09/30
1474,1474,8392,(株)大分銀行,東証PRM,"3,295",+30,0.92,"236,600",2026/09/30
1475,1475,8704,トレイダーズホールディングス(株),東証STD,"1,430",+13,0.92,"70,400",2026/09/30
1476,1476,9765,(株)オオバ,東証PRM,"1,209",+11,0.92,"19,000",2026/09/30
1477,1477,1844,(株)大盛工業,東証STD,442,+4,0.91,"79,600",2026/09/30
1478,1478,3482,ロードスターキャピタル(株),東証PRM,"2,560",+23,0.91,"99,400",2026/09/30
1479,1479,3550,(株)スタジオアタオ,東証GRT,221,+2,0.91,"7,600",2026/09/30
1480,1480,3553,共和レザー(株),東証STD,891,+8,0.91,"33,100",2026/09/30
1481,1481,3865,北越コーポレーション(株),東証PRM,885,+8,0.91,"259,100",2026/09/30
1482,1482,4523,エーザイ(株),東証PRM,"4,855",+44,0.91,"1,494,600",2026/09/30
1483,1483,6189,(株)グローバルキッズＣＯＭＰＡＮＹ,東証STD,997,+9,0.91,"14,200",2026/09/30
1484,1484,6340,澁谷工業(株),東証PRM,"5,560",+50,0.91,"50,300",2026/09/30
1485,1485,6345,(株)アイチコーポレーション,東証PRM,"1,443",+13,0.91,"105,000",2026/09/30
1486,1486,8425,みずほリース(株),東証PRM,"1,336",+12,0.91,"666,200",2026/09/30
1487,1487,9342,(株)スマサポ,東証GRT,883,+8,0.91,"1,200",2026/09/30
1488,1488,1879,新日本建設(株),東証PRM,"2,242",+20,0.9,"258,400",2026/09/30
1489,1489,3289,東急不動産ホールディングス(株),東証PRM,"1,232.5",+11,0.9,"3,522,900",2026/09/30
1490,1490,3843,フリービット(株),東証PRM,"1,682",+15,0.9,"31,700",2026/09/30
1491,1491,3964,(株)オークネット,東証PRM,"1,352",+12,0.9,"502,100",2026/09/30
1492,1492,5279,日本興業(株),東証STD,"1,227",+11,0.9,500,2026/09/30
1493,1493,5288,アジアパイルホールディングス(株),東証PRM,"1,463",+13,0.9,"153,500",2026/09/30
1494,1494,6257,(株)藤商事,東証STD,"1,010",+9,0.9,"45,900",2026/09/30
1495,1495,6658,シライ電子工業(株),東証STD,450,+4,0.9,"10,600",2026/09/30
1496,1496,7126,グローバルスタイル(株),東証STD,"1,464",+13,0.9,800,2026/09/30
1497,1497,7272,ヤマハ発動機(株),東証PRM,"1,803",+16,0.9,"7,954,600",2026/09/30
1498,1498,7879,(株)ノダ,東証STD,676,+6,0.9,"5,600",2026/09/30
1499,1499,8511,日本証券金融(株),東証PRM,"2,457",+22,0.9,"180,600",2026/09/30
1500,1500,9726,ＫＮＴ－ＣＴホールディングス(株),東証STD,"2,013",+18,0.9,"34,000",2026/09/30
1501,1501,1930,北陸電気工事(株),東証PRM,"1,580",+14,0.89,"77,000",2026/09/30
1502,1502,2676,高千穂交易(株),東証PRM,"2,042",+18,0.89,"29,700",2026/09/30
1503,1503,3405,(株)クラレ,東証PRM,"1,807.5",+16,0.89,"1,587,300",2026/09/30
1504,1504,4750,(株)ダイサン,東証STD,567,+5,0.89,"8,100",2026/09/30
1505,1505,6336,(株)石井表記,東証STD,"1,481",+13,0.89,"21,400",2026/09/30
1506,1506,6363,(株)酉島製作所,東証PRM,"2,957",+26,0.89,"124,200",2026/09/30
1507,1507,7280,(株)ミツバ,東証PRM,"1,359",+12,0.89,"172,100",2026/09/30
1508,1508,7702,(株)ＪＭＳ,東証STD,454,+4,0.89,"20,800",2026/09/30
1509,1509,7927,ムトー精工(株),東証STD,"2,371",+21,0.89,"10,900",2026/09/30
1510,1510,7952,(株)河合楽器製作所,東証PRM,"3,395",+30,0.89,"9,000",2026/09/30
1511,1511,1489,(NEXT FUNDS)日経平均高配当株50指数連動型ETF,東証ETF,"3,551",+31,0.88,"527,740",2026/09/30
1512,1512,644A,防衛フォーカス 日本株(ネットリターン)ETN,東証ETF,"9,926",+87,0.88,"16,379",2026/09/30
1513,1513,6592,マブチモーター(株),東証PRM,"1,728.5",+15,0.88,"1,243,600",2026/09/30
1514,1514,6743,大同信号(株),東証STD,"1,034",+9,0.88,"4,800",2026/09/30
1515,1515,7466,ＳＰＫ(株),東証PRM,"1,483",+13,0.88,"26,400",2026/09/30
1516,1516,9267,Ｇｅｎｋｙ　ＤｒｕｇＳｔｏｒｅｓ(株),東証PRM,"3,445",+30,0.88,"114,100",2026/09/30
1517,1517,9435,(株)光通信,東証PRM,"36,630",+320,0.88,"118,200",2026/09/30
1518,1518,9895,(株)コンセック,東証STD,"1,268",+11,0.88,700,2026/09/30
1519,1519,2498,(株)オリエンタルコンサルタンツホールディングス,東証STD,"3,010",+26,0.87,"10,000",2026/09/30
1520,1520,2926,(株)篠崎屋,東証STD,116,+1,0.87,"88,400",2026/09/30
1521,1521,3002,グンゼ(株),東証PRM,"4,050",+35,0.87,"192,800",2026/09/30
1522,1522,3169,(株)ミサワ,東証STD,695,+6,0.87,"3,500",2026/09/30
1523,1523,3537,昭栄薬品(株),東証STD,"1,742",+15,0.87,"5,100",2026/09/30
1524,1524,3647,(株)アスリナ,東証STD,116,+1,0.87,"75,100",2026/09/30
1525,1525,4901,富士フイルムホールディングス(株),東証PRM,"3,348",+29,0.87,"5,452,400",2026/09/30
1526,1526,5020,ＥＮＥＯＳホールディングス(株),東証PRM,"1,385.5",+12,0.87,"11,521,500",2026/09/30
1527,1527,6508,(株)明電舎,東証PRM,"11,540",+100,0.87,"167,600",2026/09/30
1528,1528,7840,フランスベッドホールディングス(株),東証PRM,"1,275",+11,0.87,"63,000",2026/09/30
1529,1529,7888,三光合成(株),東証PRM,929,+8,0.87,"87,900",2026/09/30
1530,1530,8803,平和不動産(株),東証PRM,"2,320",+20,0.87,"180,700",2026/09/30
1531,1531,8919,(株)カチタス,東証PRM,"3,490",+30,0.87,"171,600",2026/09/30
1532,1532,9009,京成電鉄(株),東証PRM,"1,335.5",+11.5,0.87,"2,214,200",2026/09/30
1533,1533,9213,(株)セイファート,東証STD,"1,048",+9,0.87,"2,100",2026/09/30
1534,1534,9248,人・夢・技術グループ(株),東証STD,"1,618",+14,0.87,"28,000",2026/09/30
1535,1535,9989,(株)サンドラッグ,東証PRM,"3,577",+31,0.87,"628,400",2026/09/30
1536,1536,1762,(株)高松コンストラクショングループ,東証PRM,"4,085",+35,0.86,"40,500",2026/09/30
1537,1537,2792,(株)ハニーズホールディングス,東証PRM,"1,413",+12,0.86,"168,300",2026/09/30
1538,1538,3138,(株)富士山マガジンサービス,東証STD,"1,170",+10,0.86,"3,500",2026/09/30
1539,1539,4543,テルモ(株),東証PRM,"2,297",+19.5,0.86,"6,905,000",2026/09/30
1540,1540,4980,デクセリアルズ(株),東証PRM,"3,180",+27,0.86,"1,599,000",2026/09/30
1541,1541,5388,クニミネ工業(株),東証STD,"1,410",+12,0.86,"9,800",2026/09/30
1542,1542,5706,三井金属(株),東証PRM,"2,291.5",+19.5,0.86,"11,667,000",2026/09/30
1543,1543,5939,(株)大谷工業,東証STD,"4,670",+40,0.86,100,2026/09/30
1544,1544,6161,(株)エスティック,東証STD,"1,051",+9,0.86,"1,600",2026/09/30
1545,1545,6919,ケル(株),東証STD,"1,412",+12,0.86,"4,200",2026/09/30
1546,1546,7356,Ｒｅｔｔｙ(株),東証GRT,117,+1,0.86,"16,200",2026/09/30
1547,1547,8151,(株)東陽テクニカ,東証PRM,"1,869",+16,0.86,"140,100",2026/09/30
1548,1548,8630,ＳＯＭＰＯホールディングス(株),東証PRM,"6,702",+57,0.86,"2,768,600",2026/09/30
1549,1549,1381,(株)アクシーズ,東証STD,"3,560",+30,0.85,"1,300",2026/09/30
1550,1550,1951,エクシオグループ(株),東証PRM,"2,553.5",+21.5,0.85,"500,800",2026/09/30
1551,1551,2488,ＪＴＰ(株),東証STD,"1,427",+12,0.85,"6,100",2026/09/30
1552,1552,274A,(株)ガーデン,東証STD,"2,250",+19,0.85,"4,400",2026/09/30
1553,1553,3193,(株)エターナルホスピタリティグループ,東証PRM,"1,304",+11,0.85,"107,300",2026/09/30
1554,1554,3571,(株)ソトー,東証STD,710,+6,0.85,"2,700",2026/09/30
1555,1555,3817,(株)ＳＲＡホールディングス,東証PRM,"4,760",+40,0.85,"50,800",2026/09/30
1556,1556,4716,日本オラクル(株),東証STD,"9,608",+81,0.85,"301,100",2026/09/30
1557,1557,5284,ヤマウホールディングス(株),東証STD,"2,243",+19,0.85,"7,100",2026/09/30
1558,1558,6232,(株)ＡＣＳＬ,東証GRT,"1,306",+11,0.85,"428,000",2026/09/30
1559,1559,7351,(株)グッドパッチ,東証GRT,476,+4,0.85,"1,200",2026/09/30
1560,1560,9007,小田急電鉄(株),東証PRM,"1,718.5",+14.5,0.85,"1,643,900",2026/09/30
1561,1561,9401,(株)ＴＢＳホールディングス,東証PRM,"5,687",+48,0.85,"372,400",2026/09/30
1562,1562,9424,日本通信(株),東証PRM,118,+1,0.85,"1,959,600",2026/09/30
1563,1563,2146,ＵＴグループ(株),東証PRM,241,+2,0.84,"3,730,200",2026/09/30
1564,1564,3277,(株)サンセイランディック,東証STD,836,+7,0.84,"10,300",2026/09/30
1565,1565,3370,(株)フジタコーポレーション,東証STD,478,+4,0.84,"3,900",2026/09/30
1566,1566,4204,積水化学工業(株),東証PRM,"2,512.5",+21,0.84,"2,335,700",2026/09/30
1567,1567,4548,生化学工業(株),東証PRM,600,+5,0.84,"700,900",2026/09/30
1568,1568,5268,旭コンクリート工業(株),東証STD,841,+7,0.84,"4,200",2026/09/30
1569,1569,7378,(株)アシロ,東証GRT,"1,557",+13,0.84,"9,000",2026/09/30
1570,1570,7893,(株)プロネクサス,東証PRM,"1,081",+9,0.84,"53,600",2026/09/30
1571,1571,7939,(株)研創,東証STD,599,+5,0.84,800,2026/09/30
1572,1572,7956,ピジョン(株),東証PRM,"2,040.5",+17,0.84,"752,400",2026/09/30
1573,1573,8158,ソーダニッカ(株),東証PRM,"1,319",+11,0.84,"49,900",2026/09/30
1574,1574,9005,東急(株),東証PRM,"1,613.5",+13.5,0.84,"2,732,500",2026/09/30
1575,1575,2640,GX ゲーム＆アニメ-日本株式,東証ETF,"4,248",+35,0.83,"5,818",2026/09/30
1576,1576,3791,(株)ＩＧポート,東証STD,"1,092",+9,0.83,"29,200",2026/09/30
1577,1577,4553,東和薬品(株),東証PRM,"3,625",+30,0.83,"107,400",2026/09/30
1578,1578,4973,日本高純度化学(株),東証PRM,"4,860",+40,0.83,"44,900",2026/09/30
1579,1579,5933,アルインコ(株),東証PRM,"1,096",+9,0.83,"39,000",2026/09/30
1580,1580,6080,Ｍ＆Ａキャピタルパートナーズ(株),東証PRM,"4,235",+35,0.83,"69,800",2026/09/30
1581,1581,6291,日本エアーテック(株),東証STD,"1,331",+11,0.83,"20,100",2026/09/30
1582,1582,6578,(株)コレックホールディングス,東証STD,485,+4,0.83,"1,700",2026/09/30
1583,1583,6848,東亜ディーケーケー(株),東証STD,847,+7,0.83,"5,600",2026/09/30
1584,1584,8887,(株)シーラホールディングス,東証STD,364,+3,0.83,"25,900",2026/09/30
1585,1585,8928,穴吹興産(株),東証STD,"2,320",+19,0.83,"4,100",2026/09/30
1586,1586,9466,(株)アイドママーケティングコミュニケーション,東証STD,242,+2,0.83,"2,500",2026/09/30
1587,1587,2326,デジタルアーツ(株),東証PRM,"4,900",+40,0.82,"92,600",2026/09/30
1588,1588,2685,(株)アンドエスティＨＤ,東証PRM,"3,090",+25,0.82,"294,900",2026/09/30
1589,1589,4028,石原産業(株),東証PRM,"2,845",+23,0.82,"213,100",2026/09/30
1590,1590,4060,ｒａｋｕｍｏ(株),東証GRT,"1,230",+10,0.82,"5,000",2026/09/30
1591,1591,4228,積水化成品工業(株),東証PRM,618,+5,0.82,"106,300",2026/09/30
1592,1592,478A,(株)フツパー,東証GRT,742,+6,0.82,"41,800",2026/09/30
1593,1593,521A,iFreeETF FANG+ゴールド,東証ETF,"1,970",+16,0.82,"36,807",2026/09/30
1594,1594,6395,(株)タダノ,東証PRM,"1,346",+11,0.82,"289,000",2026/09/30
1595,1595,6507,シンフォニアテクノロジー(株),東証PRM,"13,560",+110,0.82,"177,900",2026/09/30
1596,1596,7354,(株)ダイレクトマーケティングミックス,東証STD,368,+3,0.82,"180,100",2026/09/30
1597,1597,8368,(株)百五銀行,東証PRM,"2,594",+21,0.82,"1,067,600",2026/09/30
1598,1598,8542,(株)トマト銀行,東証STD,"1,967",+16,0.82,"50,400",2026/09/30
1599,1599,9282,いちごグリーンインフラ投資法人,東証,"30,650",+250,0.82,295,2026/09/30
1600,1600,9506,東北電力(株),東証PRM,"1,297",+10.5,0.82,"3,909,900",2026/09/30
1601,1601,9888,(株)ＵＥＸ,東証STD,"1,235",+10,0.82,"33,600",2026/09/30
1602,1602,1483,iシェアーズ JPX/S&P 設備･人材投資ETF,東証ETF,"3,853",+31,0.81,17,2026/09/30
1603,1603,2612,かどや製油(株),東証STD,"2,858",+23,0.81,"210,300",2026/09/30
1604,1604,2851,iシェアーズ MSCI ジャパンSRI,東証ETF,399.2,+3.2,0.81,"16,220",2026/09/30
1605,1605,3091,(株)ブロンコビリー,東証PRM,"2,859",+23,0.81,"86,700",2026/09/30
1606,1606,3758,(株)アエリア,東証STD,248,+2,0.81,"4,200",2026/09/30
1607,1607,4124,大阪油化工業(株),東証STD,"2,985",+24,0.81,800,2026/09/30
1608,1608,5885,(株)ジーデップ・アドバンス,東証STD,"3,095",+25,0.81,"18,500",2026/09/30
1609,1609,5892,(株)ｙｕｔｏｒｉ,東証GRT,"2,999",+24,0.81,"142,000",2026/09/30
1610,1610,5994,(株)ファインシンター,東証STD,995,+8,0.81,500,2026/09/30
1611,1611,6176,(株)ブランジスタ,東証STD,990,+8,0.81,"105,500",2026/09/30
1612,1612,6840,(株)ＡＫＩＢＡホールディングス,東証STD,866,+7,0.81,"215,000",2026/09/30
1613,1613,8136,(株)サンリオ,東証PRM,"1,187.5",+9.5,0.81,"9,462,500",2026/09/30
1614,1614,8871,(株)ゴールドクレスト,東証STD,"3,110",+25,0.81,"37,300",2026/09/30
1615,1615,9284,カナディアン・ソーラー・インフラ投資法人,東証,"74,500",+600,0.81,566,2026/09/30
1616,1616,9928,(株)ミロク情報サービス,東証PRM,"2,114",+17,0.81,"39,700",2026/09/30
1617,1617,1861,(株)熊谷組,東証PRM,"1,264",+10,0.8,"1,998,600",2026/09/30
1618,1618,1904,大成温調(株),東証STD,"1,265",+10,0.8,"47,400",2026/09/30
1619,1619,2082,投資家経営者一心同体ETF,東証ETF,"1,255",+10,0.8,49,2026/09/30
1620,1620,2702,日本マクドナルドホールディングス(株),東証STD,"7,550",+60,0.8,"595,400",2026/09/30
1621,1621,3399,(株)丸千代山岡家,東証STD,"3,780",+30,0.8,"47,700",2026/09/30
1622,1622,3417,大木ヘルスケアホールディングス(株),東証STD,"1,004",+8,0.8,"4,800",2026/09/30
1623,1623,4224,ロンシール工業(株),東証STD,"2,140",+17,0.8,"8,300",2026/09/30
1624,1624,4422,ＶＡＬＵＥＮＥＸ(株),東証GRT,501,+4,0.8,"19,300",2026/09/30
1625,1625,5401,日本製鉄(株),東証PRM,656,+5.2,0.8,"33,895,200",2026/09/30
1626,1626,6535,(株)アイモバイル,東証PRM,501,+4,0.8,"148,000",2026/09/30
1627,1627,6800,(株)ヨコオ,東証PRM,"4,395",+35,0.8,"137,400",2026/09/30
1628,1628,7363,(株)ベビーカレンダー,東証GRT,"1,386",+11,0.8,"5,000",2026/09/30
1629,1629,7782,(株)シンシア,東証STD,504,+4,0.8,"6,000",2026/09/30
1630,1630,8130,(株)サンゲツ,東証PRM,"3,150",+25,0.8,"157,200",2026/09/30
1631,1631,287A,黒田グループ(株),東証STD,"1,150",+9,0.79,"356,200",2026/09/30
1632,1632,3536,アクサスホールディングス(株),東証STD,128,+1,0.79,"5,400",2026/09/30
1633,1633,3733,(株)ソフトウェア・サービス,東証STD,"11,500",+90,0.79,"4,800",2026/09/30
1634,1634,4521,科研製薬(株),東証PRM,"3,850",+30,0.79,"171,800",2026/09/30
1635,1635,461A,MAXIS 日本株高配当SMART50,東証ETF,"2,678",+21,0.79,"3,833",2026/09/30
1636,1636,6258,平田機工(株),東証PRM,"3,835",+30,0.79,"204,600",2026/09/30
1637,1637,6952,カシオ計算機(株),東証PRM,"2,165.5",+17,0.79,"1,210,100",2026/09/30
1638,1638,8098,稲畑産業(株),東証PRM,"4,440",+35,0.79,"137,800",2026/09/30
1639,1639,8129,東邦ホールディングス(株),東証PRM,"3,954",+31,0.79,"134,700",2026/09/30
1640,1640,9699,ニシオホールディングス(株),東証PRM,"4,490",+35,0.79,"82,800",2026/09/30
1641,1641,2681,(株)ゲオホールディングス,東証PRM,"2,322",+18,0.78,"146,100",2026/09/30
1642,1642,3202,ダイトウボウ(株),東証STD,130,+1,0.78,"80,900",2026/09/30
1643,1643,346A,(NEXT FUNDS) S&P500 半導体・半導体製造装置35%,東証ETF,"5,190",+40,0.78,"3,828",2026/09/30
1644,1644,3936,(株)グローバルウェイ,東証GRT,130,+1,0.78,"201,900",2026/09/30
1645,1645,4059,(株)まぐまぐ,東証STD,390,+3,0.78,"1,400",2026/09/30
1646,1646,5491,日本金属(株),東証STD,900,+7,0.78,"4,900",2026/09/30
1647,1647,6277,ホソカワミクロン(株),東証PRM,"6,420",+50,0.78,"97,400",2026/09/30
1648,1648,7267,ホンダ,東証PRM,"1,682",+13,0.78,"14,811,900",2026/09/30
1649,1649,7373,(株)アイドマ・ホールディングス,東証GRT,899,+7,0.78,"53,300",2026/09/30
1650,1650,7822,永大産業(株),東証STD,258,+2,0.78,"35,000",2026/09/30
1651,1651,7877,永大化工(株),東証STD,"2,199",+17,0.78,100,2026/09/30
1652,1652,2325,(株)ＮＪＳ,東証PRM,"4,575",+35,0.77,"12,200",2026/09/30
1653,1653,3501,ＳＵＭＩＮＯＥ(株),東証PRM,"1,183",+9,0.77,"15,300",2026/09/30
1654,1654,3556,リネットジャパングループ(株),東証GRT,790,+6,0.77,"14,500",2026/09/30
1655,1655,3950,ザ・パック(株),東証PRM,"1,446",+11,0.77,"69,700",2026/09/30
1656,1656,4238,ミライアル(株),東証STD,"1,973",+15,0.77,"49,100",2026/09/30
1657,1657,7094,(株)ＮｅｘＴｏｎｅ,東証GRT,"1,822",+14,0.77,"21,600",2026/09/30
1658,1658,9158,(株)シーユーシー,東証GRT,784,+6,0.77,"13,400",2026/09/30
1659,1659,9827,リリカラ(株),東証STD,653,+5,0.77,"32,800",2026/09/30
1660,1660,1494,One ETF 高配当日本株,東証ETF,"43,860",+330,0.76,"1,128",2026/09/30
1661,1661,2594,キーコーヒー(株),東証PRM,"1,991",+15,0.76,"88,300",2026/09/30
1662,1662,2637,GX クリーンテック-日本株式,東証ETF,"2,653",+20,0.76,633,2026/09/30
1663,1663,3181,(株)買取王国,東証STD,"1,059",+8,0.76,"1,600",2026/09/30
1664,1664,365A,伊澤タオル(株),東証STD,794,+6,0.76,"9,700",2026/09/30
1665,1665,3697,(株)ＳＨＩＦＴ,東証PRM,850.4,+6.4,0.76,"3,162,600",2026/09/30
1666,1666,4116,大日精化工業(株),東証PRM,"1,325",+10,0.76,"116,000",2026/09/30
1667,1667,4350,(株)メディカルシステムネットワーク,東証STD,532,+4,0.76,"113,200",2026/09/30
1668,1668,4390,(株)アイ・ピー・エス,東証PRM,"3,990",+30,0.76,"42,300",2026/09/30
1669,1669,4615,神東塗料(株),東証STD,133,+1,0.76,"2,600",2026/09/30
1670,1670,4679,(株)田谷,東証STD,265,+2,0.76,"1,100",2026/09/30
1671,1671,6546,フルテック(株),東証STD,"1,189",+9,0.76,"1,100",2026/09/30
1672,1672,6989,北陸電気工業(株),東証STD,"2,383",+18,0.76,"3,300",2026/09/30
1673,1673,7361,(株)ヒューマンクリエイションホールディングス,東証GRT,"1,200",+9,0.76,"1,500",2026/09/30
1674,1674,8253,(株)クレディセゾン,東証PRM,"4,515",+34,0.76,"778,700",2026/09/30
1675,1675,8795,(株)Ｔ＆Ｄホールディングス,東証PRM,"4,877",+37,0.76,"1,412,800",2026/09/30
1676,1676,9235,売れるネット広告社グループ(株),東証GRT,400,+3,0.76,"13,400",2026/09/30
1677,1677,9678,(株)カナモト,東証PRM,"5,330",+40,0.76,"99,300",2026/09/30
1678,1678,9889,ＪＢＣＣホールディングス(株),東証PRM,"1,728",+13,0.76,"259,600",2026/09/30
1679,1679,1887,日本国土開発(株),東証PRM,536,+4,0.75,"187,400",2026/09/30
1680,1680,1939,(株)四電工,東証PRM,"2,296",+17,0.75,"80,300",2026/09/30
1681,1681,2031,NEXT NOTES 香港ハンセン･ダブル･ブルETN,東証ETF,"7,281",+54,0.75,46,2026/09/30
1682,1682,2084,(NEXT FUNDS) 日本高配当株アクティブ,東証ETF,"3,913",+29,0.75,"29,719",2026/09/30
1683,1683,234A,GX MSCI キャッシュフローキング-日本株式,東証ETF,"1,484",+11,0.75,640,2026/09/30
1684,1684,3558,ジェイドグループ(株),東証GRT,"1,870",+14,0.75,"78,400",2026/09/30
1685,1685,4199,ワンダープラネット(株),東証GRT,808,+6,0.75,"1,800",2026/09/30
1686,1686,4996,クミアイ化学工業(株),東証PRM,675,+5,0.75,"446,500",2026/09/30
1687,1687,5011,ニチレキグループ(株),東証PRM,"2,279",+17,0.75,"89,500",2026/09/30
1688,1688,5162,(株)朝日ラバー,東証STD,803,+6,0.75,"7,500",2026/09/30
1689,1689,5834,ＳＢＩリーシングサービス(株),東証GRT,"2,835",+21,0.75,"28,900",2026/09/30
1690,1690,6517,デンヨー(株),東証PRM,"4,005",+30,0.75,"25,800",2026/09/30
1691,1691,6823,リオン(株),東証PRM,"3,370",+25,0.75,"41,800",2026/09/30
1692,1692,7811,中本パックス(株),東証STD,"2,297",+17,0.75,"11,100",2026/09/30
1693,1693,7916,光村印刷(株),東証STD,"1,879",+14,0.75,"2,100",2026/09/30
1694,1694,8011,(株)三陽商会,東証PRM,"1,348",+10,0.75,"150,600",2026/09/30
1695,1695,8285,三谷産業(株),東証STD,811,+6,0.75,"62,000",2026/09/30
1696,1696,607A,(株)エブリー,東証GRT,271,+2,0.74,"656,200",2026/09/30
1697,1697,6155,高松機械工業(株),東証STD,543,+4,0.74,"1,800",2026/09/30
1698,1698,7953,菊水化学工業(株),東証STD,406,+3,0.74,"16,300",2026/09/30
1699,1699,7971,東リ(株),東証STD,680,+5,0.74,"48,200",2026/09/30
1700,1700,7986,日本アイ・エス・ケイ(株),東証STD,"1,914",+14,0.74,"1,600",2026/09/30
1701,1701,8137,サンワテクノス(株),東証PRM,"4,750",+35,0.74,"44,500",2026/09/30
1702,1702,178A,GX 革新的優良企業,東証ETF,"1,664",+12,0.73,"1,840",2026/09/30
1703,1703,2493,イーサポートリンク(株),東証STD,960,+7,0.73,"4,800",2026/09/30
1704,1704,3431,宮地エンジニアリンググループ(株),東証PRM,"1,520",+11,0.73,"66,400",2026/09/30
1705,1705,500A,(株)ＴＯブックス,東証STD,"3,445",+25,0.73,"10,700",2026/09/30
1706,1706,5697,(株)サンユウ,東証STD,825,+6,0.73,"3,400",2026/09/30
1707,1707,6516,山洋電気(株),東証PRM,"5,490",+40,0.73,"98,100",2026/09/30
1708,1708,6718,アイホン(株),東証PRM,"2,765",+20,0.73,"26,400",2026/09/30
1709,1709,7610,(株)テイツー,東証STD,138,+1,0.73,"264,800",2026/09/30
1710,1710,7694,(株)いつも,東証GRT,554,+4,0.73,"13,000",2026/09/30
1711,1711,7976,三菱鉛筆(株),東証PRM,"3,470",+25,0.73,"145,300",2026/09/30
1712,1712,1443,技研ホールディングス(株),東証STD,280,+2,0.72,"39,900",2026/09/30
1713,1713,2017,iFreeETF JPXプライム150,東証ETF,"1,529",+11,0.72,"25,532",2026/09/30
1714,1714,4937,(株)Ｗａｑｏｏ,東証GRT,"2,390",+17,0.72,"2,200",2026/09/30
1715,1715,6031,ＺＥＴＡ(株),東証STD,279,+2,0.72,"35,600",2026/09/30
1716,1716,6758,ソニーグループ(株),東証PRM,"3,759",+27,0.72,"17,817,300",2026/09/30
1717,1717,7215,(株)ファルテック,東証STD,418,+3,0.72,"4,600",2026/09/30
1718,1718,7508,(株)Ｇ－７ホールディングス,東証PRM,"1,406",+10,0.72,"78,600",2026/09/30
1719,1719,1934,(株)ユアテック,東証PRM,"2,566",+18,0.71,"150,300",2026/09/30
1720,1720,2837,GX 中小型リーダーズ-日本株式,東証ETF,"4,853",+34,0.71,"2,278",2026/09/30
1721,1721,3011,(株)バナーズ,東証STD,142,+1,0.71,"3,700",2026/09/30
1722,1722,3904,(株)カヤック,東証GRT,428,+3,0.71,"13,500",2026/09/30
1723,1723,4324,(株)電通グループ,東証PRM,"3,563",+25,0.71,"900,200",2026/09/30
1724,1724,4360,(株)マナック・ケミカル・パートナーズ,東証STD,998,+7,0.71,"5,100",2026/09/30
1725,1725,4502,武田薬品工業(株),東証PRM,"5,780",+41,0.71,"5,243,000",2026/09/30
1726,1726,4827,ビジネス・ワンホールディングス(株),福岡Q,854,+6,0.71,300,2026/09/30
1727,1727,550A,(株)ソフトテックス,東証STD,"2,259",+16,0.71,"2,500",2026/09/30
1728,1728,5900,(株)ダイケン,東証STD,857,+6,0.71,700,2026/09/30
1729,1729,6081,アライドアーキテクツ(株),東証GRT,142,+1,0.71,"89,400",2026/09/30
1730,1730,6376,日機装(株),東証PRM,"3,565",+25,0.71,"332,300",2026/09/30
1731,1731,7313,テイ・エス　テック(株),東証PRM,"1,779",+12.5,0.71,"336,700",2026/09/30
1732,1732,7745,(株)Ａ＆Ｄホロンホールディングス,東証PRM,"2,974",+21,0.71,"82,000",2026/09/30
1733,1733,7932,(株)ニッピ,東証STD,"11,390",+80,0.71,"6,600",2026/09/30
1734,1734,8167,(株)リテールパートナーズ,東証PRM,"1,427",+10,0.71,"92,400",2026/09/30
1735,1735,9622,(株)スペース,東証PRM,"1,424",+10,0.71,"33,100",2026/09/30
1736,1736,1375,ユキグニファクトリー(株),東証PRM,"1,159",+8,0.7,"52,000",2026/09/30
1737,1737,2148,アイティメディア(株),東証PRM,"1,145",+8,0.7,"35,500",2026/09/30
1738,1738,2378,(株)ルネサンス,東証PRM,"1,012",+7,0.7,"41,300",2026/09/30
1739,1739,2639,GX バイオ＆メドテック-日本株式,東証ETF,"1,724",+12,0.7,109,2026/09/30
1740,1740,2693,ＹＫＴ(株),東証STD,289,+2,0.7,"16,300",2026/09/30
1741,1741,3778,さくらインターネット(株),東証PRM,"3,620",+25,0.7,"494,200",2026/09/30
1742,1742,418A,ウリドキ(株),名証NXT,"1,289",+9,0.7,"3,700",2026/09/30
1743,1743,5986,モリテック　スチール(株),東証STD,288,+2,0.7,"183,200",2026/09/30
1744,1744,6250,(株)やまびこ,東証PRM,"4,300",+30,0.7,"114,100",2026/09/30
1745,1745,7554,(株)幸楽苑,東証PRM,"1,156",+8,0.7,"61,300",2026/09/30
1746,1746,7942,(株)ＪＳＰ,東証PRM,"3,005",+21,0.7,"42,000",2026/09/30
1747,1747,8729,ソニーフィナンシャルグループ(株),東証PRM,157.9,+1.1,0.7,"62,320,700",2026/09/30
1748,1748,9168,(株)ライズ・コンサルティング・グループ,東証GRT,432,+3,0.7,"79,700",2026/09/30
1749,1749,1572,中国H株ブル2倍上場投信,東証ETF,"6,592",+45,0.69,880,2026/09/30
1750,1750,1766,東建コーポレーション(株),東証PRM,"13,060",+90,0.69,"22,500",2026/09/30
1751,1751,1965,(株)テクノ菱和,東証STD,"2,342",+16,0.69,"264,200",2026/09/30
1752,1752,2811,カゴメ(株),東証PRM,"2,639",+18,0.69,"337,900",2026/09/30
1753,1753,2819,エバラ食品工業(株),東証STD,"2,488",+17,0.69,"9,400",2026/09/30
1754,1754,2916,仙波糖化工業(株),東証STD,731,+5,0.69,400,2026/09/30
1755,1755,2923,サトウ食品(株),東証STD,"7,300",+50,0.69,"2,500",2026/09/30
1756,1756,4263,サスメド(株),東証GRT,436,+3,0.69,"52,300",2026/09/30
1757,1757,4998,フマキラー(株),東証STD,"1,164",+8,0.69,"13,300",2026/09/30
1758,1758,6089,(株)ウィルグループ,東証PRM,"1,161",+8,0.69,"40,300",2026/09/30
1759,1759,7013,(株)ＩＨＩ,東証PRM,"2,692.5",+18.5,0.69,"10,141,000",2026/09/30
1760,1760,8860,フジ住宅(株),東証PRM,727,+5,0.69,"76,600",2026/09/30
1761,1761,9072,ニッコンホールディングス(株),東証PRM,"5,107",+35,0.69,"235,800",2026/09/30
1762,1762,1433,ベステラ(株),東証PRM,"1,189",+8,0.68,"22,700",2026/09/30
1763,1763,253A,(株)ＥＴＳグループ,東証STD,"1,033",+7,0.68,"7,100",2026/09/30
1764,1764,2632,MAXIS ナスダック100上場投信(H有),東証ETF,"18,410",+125,0.68,559,2026/09/30
1765,1765,2751,(株)テンポスホールディングス,東証STD,"3,690",+25,0.68,"5,400",2026/09/30
1766,1766,3030,(株)ハブ,東証STD,891,+6,0.68,"6,000",2026/09/30
1767,1767,3580,小松マテーレ(株),東証PRM,745,+5,0.68,"72,700",2026/09/30
1768,1768,3634,(株)ソケッツ,東証STD,595,+4,0.68,900,2026/09/30
1769,1769,4044,セントラル硝子(株),東証PRM,"4,470",+30,0.68,"89,800",2026/09/30
1770,1770,4577,ダイト(株),東証PRM,"1,324",+9,0.68,"67,000",2026/09/30
1771,1771,4918,(株)アイビー化粧品,東証STD,297,+2,0.68,"5,400",2026/09/30
1772,1772,5368,日本インシュレーション(株),東証STD,"1,038",+7,0.68,"19,100",2026/09/30
1773,1773,6402,兼松エンジニアリング(株),東証STD,"1,636",+11,0.68,"1,000",2026/09/30
1774,1774,7162,アストマックス(株),東証STD,295,+2,0.68,"26,400",2026/09/30
1775,1775,7975,(株)リヒトラブ,東証STD,"1,186",+8,0.68,"4,900",2026/09/30
1776,1776,8008,４℃ホールディングス,東証PRM,"2,088",+14,0.68,"51,200",2026/09/30
1777,1777,9991,ジェコス(株),東証PRM,"1,775",+12,0.68,"32,900",2026/09/30
1778,1778,141A,(株)トライアルホールディングス,東証GRT,"3,775",+25,0.67,"488,100",2026/09/30
1779,1779,1878,大東建託(株),東証PRM,"3,164",+21,0.67,"2,282,300",2026/09/30
1780,1780,2112,塩水港精糖(株),東証STD,453,+3,0.67,"52,800",2026/09/30
1781,1781,2217,モロゾフ(株),東証PRM,"1,492",+10,0.67,"29,200",2026/09/30
1782,1782,2429,(株)ワールドホールディングス,東証PRM,"2,842",+19,0.67,"45,900",2026/09/30
1783,1783,3241,(株)ウィル,東証STD,601,+4,0.67,"4,400",2026/09/30
1784,1784,3834,(株)朝日ネット,東証PRM,599,+4,0.67,"54,100",2026/09/30
1785,1785,4661,(株)オリエンタルランド,東証PRM,"2,908.5",+19.5,0.67,"4,683,900",2026/09/30
1786,1786,4668,(株)明光ネットワークジャパン,東証PRM,756,+5,0.67,"60,800",2026/09/30
1787,1787,4936,(株)アクシージア,東証STD,300,+2,0.67,"60,000",2026/09/30
1788,1788,5844,(株)京都フィナンシャルグループ,東証PRM,"4,814",+32,0.67,"1,166,300",2026/09/30
1789,1789,5858,(株)ＳＴＧ,東証GRT,"1,203",+8,0.67,300,2026/09/30
1790,1790,6142,富士精工(株),名証MN,"1,802",+12,0.67,"1,600",2026/09/30
1791,1791,6272,レオン自動機(株),東証PRM,"1,497",+10,0.67,"69,800",2026/09/30
1792,1792,633A,GX 韓国半導体・トップ10,東証ETF,"1,052",+7,0.67,"73,047",2026/09/30
1793,1793,7460,(株)ヤギ,東証STD,"1,658",+11,0.67,"13,700",2026/09/30
1794,1794,8252,(株)丸井グループ,東証PRM,"2,791.5",+18.5,0.67,"1,065,500",2026/09/30
1795,1795,9434,ソフトバンク(株),東証PRM,241.1,+1.6,0.67,"112,577,100",2026/09/30
1796,1796,1860,戸田建設(株),東証PRM,"1,442.5",+9.5,0.66,"814,500",2026/09/30
1797,1797,2224,(株)コモ,東証STD,"3,815",+25,0.66,"1,800",2026/09/30
1798,1798,265A,Ｈｍｃｏｍｍ(株),東証GRT,760,+5,0.66,"10,000",2026/09/30
1799,1799,3067,(株)東京一番フーズ,東証STD,457,+3,0.66,"14,500",2026/09/30
1800,1800,3489,(株)フェイスネットワーク,東証STD,766,+5,0.66,"116,700",2026/09/30
1801,1801,3796,(株)いい生活,東証STD,303,+2,0.66,"22,400",2026/09/30
1802,1802,4284,(株)ソルクシーズ,東証STD,455,+3,0.66,"12,400",2026/09/30
1803,1803,5957,日東精工(株),東証PRM,767,+5,0.66,"67,400",2026/09/30
1804,1804,6757,(株)ＯＳＧコーポレーション,東証STD,909,+6,0.66,"2,000",2026/09/30
1805,1805,6845,アズビル(株),東証PRM,"1,445.5",+9.5,0.66,"1,747,400",2026/09/30
1806,1806,7291,日本プラスト(株),東証STD,456,+3,0.66,"15,000",2026/09/30
1807,1807,7810,(株)クロスフォー,東証STD,153,+1,0.66,"56,300",2026/09/30
1808,1808,8061,西華産業(株),東証PRM,"3,035",+20,0.66,"131,600",2026/09/30
1809,1809,1328,(NEXT FUNDS)金価格連動型上場投信,東証ETF,"15,485",+100,0.65,"22,928",2026/09/30
1810,1810,2229,カルビー(株),東証PRM,"3,006",+19.5,0.65,"360,000",2026/09/30
1811,1811,3151,(株)バイタルケーエスケー・ホールディングス,東証PRM,"1,557",+10,0.65,"92,800",2026/09/30
1812,1812,3463,いちごホテルリート投資法人,東証,"108,000",+700,0.65,462,2026/09/30
1813,1813,4765,ＳＢＩグローバルアセットマネジメント(株),東証PRM,620,+4,0.65,"568,400",2026/09/30
1814,1814,569A,iシェアーズ プラチナ,東証ETF,169.5,+1.1,0.65,"10,300",2026/09/30
1815,1815,7239,(株)タチエス,東証PRM,"2,326",+15,0.65,"126,700",2026/09/30
1816,1816,7241,フタバ産業(株),東証PRM,"1,092",+7,0.65,"321,600",2026/09/30
1817,1817,7414,小野建(株),東証PRM,"1,402",+9,0.65,"53,200",2026/09/30
1818,1818,7749,メディキット(株),東証STD,"2,778",+18,0.65,"3,500",2026/09/30
1819,1819,9308,乾汽船(株),東証STD,"2,479",+16,0.65,"168,100",2026/09/30
1820,1820,9533,東邦ガス(株),東証PRM,"1,239",+8,0.65,"817,200",2026/09/30
1821,1821,1376,カネコ種苗(株),東証STD,"1,573",+10,0.64,"9,900",2026/09/30
1822,1822,1899,(株)福田組,東証PRM,"4,750",+30,0.64,"47,100",2026/09/30
1823,1823,3089,テクノアルファ(株),東証STD,"1,106",+7,0.64,"28,300",2026/09/30
1824,1824,3393,スターティアホールディングス(株),東証PRM,"3,150",+20,0.64,"27,800",2026/09/30
1825,1825,3465,ケイアイスター不動産(株),東証PRM,"3,150",+20,0.64,"146,400",2026/09/30
1826,1826,3954,昭和パックス(株),東証STD,"3,150",+20,0.64,200,2026/09/30
1827,1827,4538,扶桑薬品工業(株),東証PRM,"2,213",+14,0.64,"12,500",2026/09/30
1828,1828,6092,(株)エンバイオ・ホールディングス,東証STD,781,+5,0.64,"11,900",2026/09/30
1829,1829,7914,共同印刷(株),東証PRM,"1,725",+11,0.64,"56,100",2026/09/30
1830,1830,8864,空港施設(株),東証STD,947,+6,0.64,"65,000",2026/09/30
1831,1831,8912,(株)エリアクエスト,東証STD,158,+1,0.64,"24,500",2026/09/30
1832,1832,1653,iFreeETF MSCIジャパンESGセレクト･リーダーズ,東証ETF,"5,240",+33,0.63,"2,490",2026/09/30
1833,1833,2918,わらべや日洋ホールディングス(株),東証PRM,"2,702",+17,0.63,"116,800",2026/09/30
1834,1834,5283,(株)高見澤,東証STD,"3,190",+20,0.63,100,2026/09/30
1835,1835,7270,(株)ＳＵＢＡＲＵ,東証PRM,"2,550",+16,0.63,"4,447,800",2026/09/30
1836,1836,7819,粧美堂(株),東証STD,961,+6,0.63,"15,300",2026/09/30
1837,1837,7874,レック(株),東証PRM,954,+6,0.63,"55,300",2026/09/30
1838,1838,1431,(株)Ｌｉｂ　Ｗｏｒｋ,東証GRT,646,+4,0.62,"12,700",2026/09/30
1839,1839,198A,ＰｏｓｔＰｒｉｍｅ(株),東証GRT,162,+1,0.62,"35,200",2026/09/30
1840,1840,3388,明治電機工業(株),東証PRM,"2,116",+13,0.62,"19,500",2026/09/30
1841,1841,3937,(株)Ｕｂｉｃｏｍホールディングス,東証STD,"1,141",+7,0.62,"30,200",2026/09/30
1842,1842,4151,協和キリン(株),東証PRM,"2,280",+14,0.62,"2,215,200",2026/09/30
1843,1843,5982,(株)マルゼン,東証STD,"4,075",+25,0.62,"6,900",2026/09/30
1844,1844,6093,ミトラグループ(株),東証STD,163,+1,0.62,"94,100",2026/09/30
1845,1845,6141,ＤＭＧ森精機(株),東証PRM,"2,906.5",+18,0.62,"1,283,200",2026/09/30
1846,1846,6237,(株)イワキ,東証PRM,"4,085",+25,0.62,"33,700",2026/09/30
1847,1847,6294,オカダアイヨン(株),東証PRM,"1,936",+12,0.62,"12,700",2026/09/30
1848,1848,6856,(株)堀場製作所,東証PRM,"24,445",+150,0.62,"220,400",2026/09/30
1849,1849,7545,(株)西松屋チェーン,東証PRM,"1,961",+12,0.62,"242,100",2026/09/30
1850,1850,8081,(株)カナデン,東証PRM,"2,610",+16,0.62,"39,600",2026/09/30
1851,1851,8179,ロイヤルホールディングス(株),東証PRM,"1,307",+8,0.62,"269,100",2026/09/30
1852,1852,8381,(株)山陰合同銀行,東証PRM,"2,607",+16,0.62,"559,900",2026/09/30
1853,1853,9233,アジア航測(株),東証STD,"1,142",+7,0.62,"5,800",2026/09/30
1854,1854,2160,(株)ジーエヌアイグループ,東証GRT,"3,280",+20,0.61,"924,800",2026/09/30
1855,1855,223A,GX AI&ビッグデータ,東証ETF,"1,825",+11,0.61,"3,659",2026/09/30
1856,1856,283A,GX USテック・配当貴族,東証ETF,"1,314",+8,0.61,83,2026/09/30
1857,1857,3569,セーレン(株),東証PRM,"3,295",+20,0.61,"146,100",2026/09/30
1858,1858,3863,日本製紙(株),東証PRM,"1,314",+8,0.61,"749,300",2026/09/30
1859,1859,3962,(株)チェンジホールディングス,東証PRM,995,+6,0.61,"110,900",2026/09/30
1860,1860,4045,東亞合成(株),東証PRM,"1,820",+11,0.61,"235,900",2026/09/30
1861,1861,4678,(株)秀英予備校,東証STD,332,+2,0.61,"2,300",2026/09/30
1862,1862,7725,(株)インターアクション,東証PRM,"1,829",+11,0.61,"63,100",2026/09/30
1863,1863,7974,任天堂(株),東証PRM,"7,944",+48,0.61,"6,727,400",2026/09/30
1864,1864,8014,蝶理(株),東証PRM,"4,155",+25,0.61,"17,700",2026/09/30
1865,1865,8147,(株)トミタ,東証STD,"1,475",+9,0.61,"1,300",2026/09/30
1866,1866,8303,(株)ＳＢＩ新生銀行,東証PRM,"1,562",+9.5,0.61,"2,385,600",2026/09/30
1867,1867,8566,リコーリース(株),東証PRM,"6,630",+40,0.61,"49,600",2026/09/30
1868,1868,8595,ジャフコ　グループ(株),東証PRM,"2,235",+13.5,0.61,"600,400",2026/09/30
1869,1869,9076,セイノーホールディングス(株),東証PRM,"2,642",+16,0.61,"343,700",2026/09/30
1870,1870,1414,ショーボンドホールディングス(株),東証PRM,"1,260",+7.5,0.6,"911,100",2026/09/30
1871,1871,1495,上場インデックスファンドアジアリート,東証ETF,"10,870",+65,0.6,84,2026/09/30
1872,1872,2087,NZAM 上場投信 NASDAQ100(H有),東証ETF,"3,541",+21,0.6,2,2026/09/30
1873,1873,4235,ウルトラファブリックス・ホールディングス(株),東証STD,672,+4,0.6,"19,300",2026/09/30
1874,1874,4958,長谷川香料(株),東証PRM,"3,365",+20,0.6,"74,800",2026/09/30
1875,1875,7041,ＣＲＧホールディングス(株),東証GRT,335,+2,0.6,"5,300",2026/09/30
1876,1876,7388,(株)ＦＰパートナー,東証PRM,"2,340",+14,0.6,"41,800",2026/09/30
1877,1877,7794,(株)イーディーピー,東証GRT,"1,011",+6,0.6,"121,400",2026/09/30
1878,1878,9332,ＮＩＳＳＯホールディングス(株),東証PRM,670,+4,0.6,"84,100",2026/09/30
1879,1879,9412,スカパーＪＳＡＴ(株),東証PRM,"2,002",+12,0.6,"1,545,800",2026/09/30
1880,1880,9731,(株)白洋舍,東証STD,"3,380",+20,0.6,500,2026/09/30
1881,1881,1541,純プラチナ上場信託(現物国内保管型),東証ETF,"7,861",+46,0.59,"9,791",2026/09/30
1882,1882,2790,(株)ナフコ,東証STD,"2,050",+12,0.59,"8,300",2026/09/30
1883,1883,497A,インバウンド消費関連 日本株(ネットリターン)ETN,東証ETF,"10,165",+60,0.59,500,2026/09/30
1884,1884,6678,(株)テクノメディカ,東証STD,"2,036",+12,0.59,"12,400",2026/09/30
1885,1885,9552,(株)クオンツ総研ホールディングス,東証PRM,"1,021",+6,0.59,"155,800",2026/09/30
1886,1886,1417,(株)ミライト・ワン,東証PRM,"3,483",+20,0.58,"297,500",2026/09/30
1887,1887,2981,(株)ランディックス,東証GRT,"2,255",+13,0.58,"6,900",2026/09/30
1888,1888,3246,(株)コーセーアールイー,東証STD,692,+4,0.58,"8,200",2026/09/30
1889,1889,3440,日創グループ(株),東証STD,866,+5,0.58,"5,700",2026/09/30
1890,1890,3911,(株)Ａｉｍｉｎｇ,東証GRT,172,+1,0.58,"69,000",2026/09/30
1891,1891,4264,(株)セキュア,東証GRT,"1,384",+8,0.58,"22,100",2026/09/30
1892,1892,447A,ステート・ストリート・スパイダー ゴールド ETF(H無),東証ETF,261.2,+1.5,0.58,"139,410",2026/09/30
1893,1893,6458,新晃工業(株),東証PRM,"1,210",+7,0.58,"221,300",2026/09/30
1894,1894,7614,(株)オーエムツーネットワーク,東証STD,"1,552",+9,0.58,"1,400",2026/09/30
1895,1895,8237,(株)松屋,東証PRM,"2,254",+13,0.58,"231,600",2026/09/30
1896,1896,8747,豊トラスティ証券(株),東証STD,"2,273",+13,0.58,"7,200",2026/09/30
1897,1897,9023,東京地下鉄(株),東証PRM,"1,479",+8.5,0.58,"1,532,600",2026/09/30
1898,1898,1597,MAXIS Jリート上場投信,東証ETF,"1,761",+10,0.57,"244,259",2026/09/30
1899,1899,2185,(株)シイエム・シイ,東証STD,"1,940",+11,0.57,"1,100",2026/09/30
1900,1900,2502,アサヒグループホールディングス(株),東証PRM,"1,591",+9,0.57,"8,037,000",2026/09/30
1901,1901,2849,GX Morningstar 高配当 ESG-日本株式,東証ETF,"5,483",+31,0.57,27,2026/09/30
1902,1902,5971,(株)共和工業所,東証STD,"8,850",+50,0.57,"1,600",2026/09/30
1903,1903,6098,(株)リクルートホールディングス,東証PRM,"16,795",+95,0.57,"4,349,300",2026/09/30
1904,1904,6262,(株)ＰＥＧＡＳＵＳ,東証STD,529,+3,0.57,"32,000",2026/09/30
1905,1905,6298,ワイエイシイホールディングス(株),東証PRM,"1,243",+7,0.57,"70,000",2026/09/30
1906,1906,6418,日本金銭機械(株),東証PRM,"1,245",+7,0.57,"106,800",2026/09/30
1907,1907,6467,(株)ニチダイ,東証STD,352,+2,0.57,600,2026/09/30
1908,1908,7561,(株)ハークスレイホールディングス,東証STD,700,+4,0.57,"11,100",2026/09/30
1909,1909,9313,丸八倉庫(株),東証STD,"1,060",+6,0.57,"1,200",2026/09/30
1910,1910,9743,(株)丹青社,東証PRM,"1,404",+8,0.57,"298,400",2026/09/30
1911,1911,2243,GX 半導体,東証ETF,"4,673",+26,0.56,"116,948",2026/09/30
1912,1912,2286,林兼産業(株),東証STD,903,+5,0.56,"12,400",2026/09/30
1913,1913,2855,GX グリーン・J-REIT,東証ETF,902,+5,0.56,37,2026/09/30
1914,1914,3421,(株)稲葉製作所,東証STD,"1,616",+9,0.56,"28,300",2026/09/30
1915,1915,3696,(株)セレス,東証PRM,"2,152",+12,0.56,"86,500",2026/09/30
1916,1916,4308,(株)Ｊストリーム,東証GRT,358,+2,0.56,"14,800",2026/09/30
1917,1917,4388,(株)エーアイ,東証STD,362,+2,0.56,"17,600",2026/09/30
1918,1918,4528,小野薬品工業(株),東証PRM,"2,346.5",+13,0.56,"1,829,100",2026/09/30
1919,1919,4568,第一三共(株),東証PRM,"2,800",+15.5,0.56,"6,419,800",2026/09/30
1920,1920,4620,藤倉化成(株),東証STD,"1,071",+6,0.56,"63,200",2026/09/30
1921,1921,5976,ネツレン,東証PRM,"1,435",+8,0.56,"87,700",2026/09/30
1922,1922,6246,(株)テクノスマート,東証STD,"1,805",+10,0.56,"4,200",2026/09/30
1923,1923,7524,マルシェ(株),東証STD,180,+1,0.56,"4,800",2026/09/30
1924,1924,7616,(株)コロワイド,東証PRM,"1,985",+11,0.56,"704,600",2026/09/30
1925,1925,2805,ヱスビー食品(株),東証STD,"7,280",+40,0.55,"105,100",2026/09/30
1926,1926,2986,(株)ＬＡホールディングス,東証GRT,"2,909",+16,0.55,"123,300",2026/09/30
1927,1927,3360,シップヘルスケアホールディングス(株),東証PRM,"2,448",+13.5,0.55,"260,500",2026/09/30
1928,1928,3690,(株)イルグルム,東証STD,546,+3,0.55,"7,700",2026/09/30
1929,1929,4016,ＭＩＴホールディングス(株),東証STD,"1,088",+6,0.55,"8,300",2026/09/30
1930,1930,4476,ＡＩ　ＣＲＯＳＳ(株),東証GRT,"1,094",+6,0.55,"9,300",2026/09/30
1931,1931,4531,有機合成薬品工業(株),東証STD,363,+2,0.55,"16,400",2026/09/30
1932,1932,4694,(株)ビー・エム・エル,東証PRM,"3,645",+20,0.55,"70,000",2026/09/30
1933,1933,5742,エヌアイシ・オートテック(株),東証STD,735,+4,0.55,"3,000",2026/09/30
1934,1934,6723,ルネサスエレクトロニクス(株),東証PRM,"3,477",+19,0.55,"11,373,700",2026/09/30
1935,1935,6894,パルステック工業(株),東証STD,"2,176",+12,0.55,"1,000",2026/09/30
1936,1936,7515,(株)マルヨシセンター,東証STD,"4,600",+25,0.55,400,2026/09/30
1937,1937,8551,(株)北日本銀行,東証PRM,"2,934",+16,0.55,"191,800",2026/09/30
1938,1938,9219,(株)ギックス,東証GRT,906,+5,0.55,"2,900",2026/09/30
1939,1939,9795,(株)ステップ,東証PRM,"2,206",+12,0.55,"35,200",2026/09/30
1940,1940,2195,アミタホールディングス(株),東証GRT,371,+2,0.54,"16,400",2026/09/30
1941,1941,220A,(株)Ｆａｂｅｒ　Ｃｏｍｐａｎｙ,東証STD,930,+5,0.54,900,2026/09/30
1942,1942,255A,ジーエルテクノホールディングス(株),東証STD,"5,540",+30,0.54,"46,300",2026/09/30
1943,1943,2782,(株)セリア,東証STD,"4,655",+25,0.54,"284,300",2026/09/30
1944,1944,425A,GX ゴールドETF,東証ETF,350.6,+1.9,0.54,"210,450",2026/09/30
1945,1945,5391,(株)エーアンドエーマテリアル,東証STD,"1,496",+8,0.54,"2,900",2026/09/30
1946,1946,5930,文化シヤッター(株),東証PRM,"1,858",+10,0.54,"147,400",2026/09/30
1947,1947,6474,(株)不二越,東証PRM,"5,560",+30,0.54,"72,000",2026/09/30
1948,1948,6954,ファナック(株),東証PRM,"5,943",+32,0.54,"5,965,400",2026/09/30
1949,1949,7072,(株)インティメート・マージャー,東証GRT,"1,111",+6,0.54,"8,000",2026/09/30
1950,1950,7184,(株)富山第一銀行,東証PRM,"3,690",+20,0.54,"231,800",2026/09/30
1951,1951,7462,(株)ＣＡＰＩＴＡ,東証STD,372,+2,0.54,"16,900",2026/09/30
1952,1952,7955,クリナップ(株),東証PRM,937,+5,0.54,"46,600",2026/09/30
1953,1953,9216,ビーウィズ(株),東証PRM,"1,688",+9,0.54,"17,800",2026/09/30
1954,1954,2226,(株)湖池屋,東証STD,"4,760",+25,0.53,"7,500",2026/09/30
1955,1955,3010,ポラリス・ホールディングス(株),東証STD,191,+1,0.53,"94,800",2026/09/30
1956,1956,3055,(株)ＴＳＵＭＵＧＵ　ＨＯＬＤＩＮＧＳ,札証,945,+5,0.53,400,2026/09/30
1957,1957,348A,MAXIS 読売333日本株,東証ETF,301,+1.6,0.53,"20,120",2026/09/30
1958,1958,4334,(株)ユークス,東証STD,382,+2,0.53,"3,300",2026/09/30
1959,1959,4385,(株)メルカリ,東証PRM,"3,604",+19,0.53,"1,511,900",2026/09/30
1960,1960,4792,山田コンサルティンググループ(株),東証PRM,"1,720",+9,0.53,"28,800",2026/09/30
1961,1961,5139,オープンワーク(株),東証GRT,944,+5,0.53,"4,000",2026/09/30
1962,1962,5952,アマテイ(株),東証STD,189,+1,0.53,"7,500",2026/09/30
1963,1963,6444,サンデン(株),東証STD,190,+1,0.53,"60,600",2026/09/30
1964,1964,7065,ユーピーアール(株),東証STD,955,+5,0.53,"5,300",2026/09/30
1965,1965,7129,ミアヘルサホールディングス(株),東証STD,"1,136",+6,0.53,"3,200",2026/09/30
1966,1966,9708,(株)帝国ホテル,東証STD,946,+5,0.53,"79,200",2026/09/30
1967,1967,9768,いであ(株),東証STD,"3,815",+20,0.53,"6,100",2026/09/30
1968,1968,9857,英和(株),東証STD,"2,644",+14,0.53,"1,500",2026/09/30
1969,1969,1676,WisdomTree 貴金属バスケット上場投信,東証ETF,"40,620",+210,0.52,59,2026/09/30
1970,1970,208A,(株)構造計画研究所ホールディングス,東証STD,"2,880",+15,0.52,"2,700",2026/09/30
1971,1971,2096,GX オフィス・J-REIT,東証ETF,969,+5,0.52,"5,070",2026/09/30
1972,1972,2520,(NEXT FUNDS)新興国株式･MSCI EM･(H無),東証ETF,"2,333",+12,0.52,"3,966",2026/09/30
1973,1973,4492,(株)ゼネテック,東証STD,388,+2,0.52,"6,300",2026/09/30
1974,1974,4595,(株)ミズホメディー,東証STD,"1,734",+9,0.52,"52,200",2026/09/30
1975,1975,5956,トーソー(株),東証STD,580,+3,0.52,"1,900",2026/09/30
1976,1976,7172,(株)ジャパンインベストメントアドバイザー,東証PRM,"2,145",+11,0.52,"134,500",2026/09/30
1977,1977,2172,(株)インサイト,札証,397,+2,0.51,100,2026/09/30
1978,1978,2436,共同ピーアール(株),東証STD,591,+3,0.51,"12,500",2026/09/30
1979,1979,2922,(株)なとり,東証PRM,"1,977",+10,0.51,"17,900",2026/09/30
1980,1980,4168,(株)ヤプリ,東証GRT,789,+4,0.51,"27,000",2026/09/30
1981,1981,4767,(株)テー・オー・ダブリュー,東証STD,395,+2,0.51,"159,900",2026/09/30
1982,1982,4777,(株)ガーラ,東証STD,197,+1,0.51,"10,300",2026/09/30
1983,1983,4934,プレミアアンチエイジング(株),東証GRT,586,+3,0.51,"3,700",2026/09/30
1984,1984,4977,新田ゼラチン(株),東証STD,"1,188",+6,0.51,"28,600",2026/09/30
1985,1985,6741,日本信号(株),東証PRM,"1,782",+9,0.51,"134,100",2026/09/30
1986,1986,7003,(株)三井Ｅ＆Ｓ,東証PRM,"4,174",+21,0.51,"1,338,100",2026/09/30
1987,1987,7539,(株)アイナボホールディングス,東証STD,785,+4,0.51,"20,200",2026/09/30
1988,1988,7599,(株)ＩＤＯＭ,東証PRM,"1,175",+6,0.51,"1,120,400",2026/09/30
1989,1989,8093,極東貿易(株),東証PRM,"1,770",+9,0.51,"25,200",2026/09/30
1990,1990,8737,(株)あかつき本社,東証STD,592,+3,0.51,"44,700",2026/09/30
1991,1991,2206,江崎グリコ(株),東証PRM,"4,983",+25,0.5,"220,600",2026/09/30
1992,1992,2418,(株)ツカダ・グローバルホールディング,東証STD,600,+3,0.5,"30,400",2026/09/30
1993,1993,2734,(株)サーラコーポレーション,東証PRM,"1,206",+6,0.5,"122,000",2026/09/30
1994,1994,2859,(NEXT FUNDS) ユーロ・ストックス50(H有),東証ETF,"3,197",+16,0.5,"1,265",2026/09/30
1995,1995,3474,Ｇ－ＦＡＣＴＯＲＹ(株),東証GRT,598,+3,0.5,"2,100",2026/09/30
1996,1996,4558,(株)中京医薬品,東証STD,200,+1,0.5,"3,100",2026/09/30
1997,1997,5015,ビーピー・カストロール(株),東証STD,"1,001",+5,0.5,"7,400",2026/09/30
1998,1998,5282,ジオスター(株),東証STD,400,+2,0.5,"45,100",2026/09/30
1999,1999,6039,(株)日本動物高度医療センター,東証GRT,996,+5,0.5,"40,500",2026/09/30
2000,2000,6073,(株)アサンテ,東証PRM,"1,416",+7,0.5,"16,700",2026/09/30
2001,2001,6927,ヘリオス　テクノ　ホールディング(株),東証STD,998,+5,0.5,"24,400",2026/09/30
2002,2002,7120,(株)ＳＨＩＮＫＯ,東証STD,"1,005",+5,0.5,"36,500",2026/09/30
2003,2003,8393,(株)宮崎銀行,東証PRM,"2,997",+15,0.5,"421,900",2026/09/30
2004,2004,8869,明和地所(株),東証STD,804,+4,0.5,"40,500",2026/09/30
2005,2005,9979,(株)大庄,東証STD,"1,013",+5,0.5,"91,500",2026/09/30
2006,2006,1379,ホクト(株),東証PRM,"2,046",+10,0.49,"91,700",2026/09/30
2007,2007,1563,東証グロース･コア,東証ETF,"2,457",+12,0.49,"36,002",2026/09/30
2008,2008,2094,東証REITインバースETF,東証ETF,819,+4,0.49,"3,560",2026/09/30
2009,2009,2359,(株)コア,東証PRM,"2,064",+10,0.49,"13,000",2026/09/30
2010,2010,2622,iシェアーズ 米ドル建て新興国債券(H有),東証ETF,"1,644",+8,0.49,149,2026/09/30
2011,2011,3680,(株)ホットリンク,東証GRT,206,+1,0.49,"24,900",2026/09/30
2012,2012,4234,(株)サンエー化研,東証STD,"1,018",+5,0.49,"18,900",2026/09/30
2013,2013,4301,(株)アミューズ,東証PRM,"1,858",+9,0.49,"22,700",2026/09/30
2014,2014,608A,上場インデックスファンド東証REIT高利回り30,東証ETF,"1,439",+7,0.49,"4,909",2026/09/30
2015,2015,6419,(株)マースグループホールディングス,東証PRM,"3,050",+15,0.49,"86,400",2026/09/30
2016,2016,6561,(株)ＨＡＮＡＴＯＵＲ　ＪＡＰＡＮ,東証GRT,823,+4,0.49,"8,300",2026/09/30
2017,2017,7989,立川ブラインド工業(株),東証PRM,"2,673",+13,0.49,"30,200",2026/09/30
2018,2018,8585,(株)オリエントコーポレーション,東証PRM,817,+4,0.49,"645,500",2026/09/30
2019,2019,2002,(株)日清製粉グループ本社,東証PRM,"1,977.5",+9.5,0.48,"1,070,300",2026/09/30
2020,2020,297A,アルピコホールディングス(株),東証STD,211,+1,0.48,"7,800",2026/09/30
2021,2021,3987,エコモット(株),東証GRT,624,+3,0.48,"6,000",2026/09/30
2022,2022,4318,(株)クイック,東証PRM,842,+4,0.48,"67,300",2026/09/30
2023,2023,5026,(株)トリプルアイズ,東証GRT,626,+3,0.48,"15,100",2026/09/30
2024,2024,5192,三ツ星ベルト(株),東証PRM,"4,200",+20,0.48,"75,500",2026/09/30
2025,2025,6488,(株)ヨシタケ,東証STD,"1,049",+5,0.48,"12,100",2026/09/30
2026,2026,7115,(株)アルファパーチェス,東証STD,"1,475",+7,0.48,"1,500",2026/09/30
2027,2027,8075,神鋼商事(株),東証PRM,"3,150",+15,0.48,"44,700",2026/09/30
2028,2028,1326,SPDRゴールド･シェア,東証ETF,"60,060",+280,0.47,"5,401",2026/09/30
2029,2029,1430,ファーストコーポレーション(株),東証STD,"1,071",+5,0.47,"26,100",2026/09/30
2030,2030,1514,住石ホールディングス(株),東証STD,636,+3,0.47,"262,700",2026/09/30
2031,2031,1982,日比谷総合設備(株),東証PRM,"3,190",+15,0.47,"79,000",2026/09/30
2032,2032,201A,iシェアーズ Nifty 50 インド株 ETF,東証ETF,169.5,+0.8,0.47,"40,590",2026/09/30
2033,2033,304A,フォルシア(株),東証GRT,"2,150",+10,0.47,"5,200",2026/09/30
2034,2034,3075,(株)銚子丸,東証STD,"1,703",+8,0.47,"7,200",2026/09/30
2035,2035,3123,サイボー(株),東証STD,646,+3,0.47,"2,200",2026/09/30
2036,2036,3454,ファーストブラザーズ(株),東証STD,"1,270",+6,0.47,"6,000",2026/09/30
2037,2037,3835,ｅＢＡＳＥ(株),東証PRM,427,+2,0.47,"78,000",2026/09/30
2038,2038,5891,(株)ＳＡＫＩＧＡＫＥホールディングス,東証STD,"1,700",+8,0.47,"2,200",2026/09/30
2039,2039,7512,イオン北海道(株),東証STD,858,+4,0.47,"162,200",2026/09/30
2040,2040,7795,(株)ＫＹＯＲＩＴＳＵ,東証STD,214,+1,0.47,"22,300",2026/09/30
2041,2041,8020,兼松(株),東証PRM,"2,242.5",+10.5,0.47,"781,300",2026/09/30
2042,2042,9861,(株)吉野家ホールディングス,東証PRM,"3,641",+17,0.47,"405,700",2026/09/30
2043,2043,2169,ＣＤＳ(株),東証STD,"1,765",+8,0.46,"1,200",2026/09/30
2044,2044,2433,(株)博報堂ＤＹホールディングス,東証PRM,"1,303",+6,0.46,"875,900",2026/09/30
2045,2045,2485,(株)ティア,東証STD,440,+2,0.46,"35,800",2026/09/30
2046,2046,2937,(株)サンクゼール,東証GRT,"1,730",+8,0.46,"5,400",2026/09/30
2047,2047,4430,東海ソフト(株),東証STD,"1,735",+8,0.46,"22,300",2026/09/30
2048,2048,4452,花王(株),東証PRM,"3,500",+16,0.46,"4,489,100",2026/09/30
2049,2049,7297,(株)カーメイト,東証STD,869,+4,0.46,300,2026/09/30
2050,2050,8365,(株)富山銀行,東証STD,"2,424",+11,0.46,"10,900",2026/09/30
2051,2051,9008,京王電鉄(株),東証PRM,757.7,+3.5,0.46,"1,920,400",2026/09/30
2052,2052,9640,(株)セゾンテクノロジー,東証STD,"1,947",+9,0.46,"1,200",2026/09/30
2053,2053,2122,(株)インタースペース,東証STD,"1,348",+6,0.45,"11,100",2026/09/30
2054,2054,2515,(NEXT FUNDS)外国REIT･S&P先進国REIT(除く日本・H無),東証ETF,"1,559",+7,0.45,"85,964",2026/09/30
2055,2055,2602,日清オイリオグループ(株),東証PRM,"2,014",+9,0.45,"277,500",2026/09/30
2056,2056,3261,(株)グランディーズ,東証GRT,448,+2,0.45,"6,500",2026/09/30
2057,2057,3352,(株)バッファロー,東証STD,"1,793",+8,0.45,100,2026/09/30
2058,2058,3927,(株)フーバーブレイン,東証STD,893,+4,0.45,"3,400",2026/09/30
2059,2059,4490,(株)ビザスク,東証GRT,677,+3,0.45,"8,900",2026/09/30
2060,2060,5563,新日本電工(株),東証PRM,444,+2,0.45,"488,000",2026/09/30
2061,2061,7226,極東開発工業(株),東証PRM,"2,213",+10,0.45,"290,100",2026/09/30
2062,2062,7261,マツダ(株),東証PRM,"1,112.5",+5,0.45,"7,066,100",2026/09/30
2063,2063,7902,(株)ソノコム,東証STD,"1,107",+5,0.45,700,2026/09/30
2064,2064,9994,(株)やまや,東証STD,"2,005",+9,0.45,"11,800",2026/09/30
2065,2065,1622,(NEXT FUNDS)自動車･輸送機上場投信,東証ETF,"34,120",+150,0.44,388,2026/09/30
2066,2066,2491,バリューコマース(株),東証PRM,456,+2,0.44,"95,200",2026/09/30
2067,2067,2843,上場インデックスファンド豪州国債(H有),東証ETF,"3,618",+16,0.44,39,2026/09/30
2068,2068,3004,神栄(株),東証STD,"2,036",+9,0.44,"14,900",2026/09/30
2069,2069,3139,(株)ラクト・ジャパン,東証PRM,"3,430",+15,0.44,"21,200",2026/09/30
2070,2070,3577,東海染工(株),東証STD,922,+4,0.44,400,2026/09/30
2071,2071,4886,あすか製薬ホールディングス(株),東証PRM,"2,056",+9,0.44,"45,100",2026/09/30
2072,2072,5870,(株)ナルネットコミュニケーションズ,東証GRT,904,+4,0.44,"5,900",2026/09/30
2073,2073,5942,日本フイルコン(株),東証STD,689,+3,0.44,"98,800",2026/09/30
2074,2074,6357,三精テクノロジーズ(株),東証STD,"2,711",+12,0.44,"24,000",2026/09/30
2075,2075,6501,(株)日立製作所,東証PRM,"5,489",+24,0.44,"14,102,000",2026/09/30
2076,2076,6753,シャープ(株),東証PRM,644.7,+2.8,0.44,"3,293,100",2026/09/30
2077,2077,6832,アオイ電子(株),東証STD,"2,524",+11,0.44,"15,300",2026/09/30
2078,2078,7416,(株)はるやまホールディングス,東証STD,680,+3,0.44,"2,600",2026/09/30
2079,2079,8142,(株)トーホー,東証PRM,"1,385",+6,0.44,"84,600",2026/09/30
2080,2080,8200,(株)リンガーハット,東証PRM,"2,271",+10,0.44,"76,100",2026/09/30
2081,2081,1301,(株)極洋,東証PRM,"4,620",+20,0.43,"25,100",2026/09/30
2082,2082,3744,サイオス(株),東証STD,470,+2,0.43,"4,500",2026/09/30
2083,2083,488A,iシェアーズ 円高フォーカス ETF,東証ETF,777.1,+3.3,0.43,"36,030",2026/09/30
2084,2084,5959,岡部(株),東証PRM,932,+4,0.43,"62,100",2026/09/30
2085,2085,6358,酒井重工業(株),東証PRM,"2,097",+9,0.43,"14,100",2026/09/30
2086,2086,6806,ヒロセ電機(株),東証PRM,"24,790",+105,0.43,"131,100",2026/09/30
2087,2087,6874,協立電機(株),東証STD,"2,361",+10,0.43,"4,400",2026/09/30
2088,2088,7265,エイケン工業(株),東証STD,"3,535",+15,0.43,"1,900",2026/09/30
2089,2089,9812,(株)テーオーホールディングス,東証STD,232,+1,0.43,"4,100",2026/09/30
2090,2090,9929,平和紙業(株),東証STD,471,+2,0.43,800,2026/09/30
2091,2091,1711,(株)ＳＤＳホールディングス,東証STD,240,+1,0.42,"28,700",2026/09/30
2092,2092,2060,フィード・ワン(株),東証PRM,"1,442",+6,0.42,"86,000",2026/09/30
2093,2093,2163,(株)アルトナー,東証PRM,948,+4,0.42,"29,900",2026/09/30
2094,2094,3059,ヒラキ(株),東証STD,710,+3,0.42,"1,800",2026/09/30
2095,2095,3166,ＯＣＨＩホールディングス(株),東証STD,"1,445",+6,0.42,"3,000",2026/09/30
2096,2096,3245,(株)ディア・ライフ,東証PRM,963,+4,0.42,"740,700",2026/09/30
2097,2097,3660,(株)アイスタイル,東証PRM,475,+2,0.42,"620,200",2026/09/30
2098,2098,4218,ニチバン(株),東証PRM,"1,895",+8,0.42,"28,700",2026/09/30
2099,2099,4245,(株)ダイキアクシス,東証STD,724,+3,0.42,"12,800",2026/09/30
2100,2100,4992,北興化学工業(株),東証STD,"1,930",+8,0.42,"85,000",2026/09/30
2101,2101,5021,コスモエネルギーホールディングス(株),東証PRM,"4,279",+18,0.42,"704,700",2026/09/30
2102,2102,6745,ホーチキ(株),東証PRM,"1,905",+8,0.42,"154,700",2026/09/30
2103,2103,7012,川崎重工業(株),東証PRM,"2,364.5",+10,0.42,"6,447,900",2026/09/30
2104,2104,7191,(株)イントラスト,東証STD,"1,182",+5,0.42,"11,600",2026/09/30
2105,2105,7463,(株)アドヴァングループ,東証STD,966,+4,0.42,"29,400",2026/09/30
2106,2106,7502,(株)プラザホールディングス,東証STD,"1,676",+7,0.42,500,2026/09/30
2107,2107,8016,(株)オンワードホールディングス,東証PRM,715,+3,0.42,"564,200",2026/09/30
2108,2108,9969,(株)ショクブン,東証STD,238,+1,0.42,"8,100",2026/09/30
2109,2109,1976,明星工業(株),東証PRM,"1,720",+7,0.41,"69,800",2026/09/30
2110,2110,2296,伊藤ハム米久ホールディングス(株),東証PRM,"4,865",+20,0.41,"153,500",2026/09/30
2111,2111,2329,(株)東北新社,東証STD,490,+2,0.41,"23,800",2026/09/30
2112,2112,2512,(NEXT FUNDS)外国債券・FTSE世界国債(除く日本・H有),東証ETF,706,+2.9,0.41,"6,160",2026/09/30
2113,2113,2590,ダイドーグループホールディングス(株),東証PRM,"2,933",+12,0.41,"65,900",2026/09/30
2114,2114,4412,(株)サイエンスアーツ,東証GRT,"1,468",+6,0.41,"23,800",2026/09/30
2115,2115,5941,(株)中西製作所,東証STD,"2,699",+11,0.41,500,2026/09/30
2116,2116,6082,(株)ライドオンエクスプレスホールディングス,東証STD,985,+4,0.41,"19,000",2026/09/30
2117,2117,6118,アイダエンジニアリング(株),東証PRM,"1,214",+5,0.41,"165,900",2026/09/30
2118,2118,6538,(株)ディスラプターズ,東証STD,245,+1,0.41,"22,800",2026/09/30
2119,2119,6929,日本セラミック(株),東証PRM,"3,665",+15,0.41,"77,700",2026/09/30
2120,2120,7061,日本ホスピスホールディングス(株),東証GRT,491,+2,0.41,"43,600",2026/09/30
2121,2121,7532,(株)パン・パシフィック・インターナショナルホールディングス,東証PRM,715.5,+2.9,0.41,"23,748,200",2026/09/30
2122,2122,7555,(株)大田花き,東証STD,741,+3,0.41,"1,100",2026/09/30
2123,2123,9119,飯野海運(株),東証PRM,"1,699",+7,0.41,"193,200",2026/09/30
2124,2124,9241,(株)フューチャーリンクネットワーク,東証GRT,"1,236",+5,0.41,700,2026/09/30
2125,2125,9449,ＧＭＯインターネットグループ(株),東証PRM,"3,938",+16,0.41,"260,300",2026/09/30
2126,2126,2157,(株)コシダカホールディングス,東証PRM,"1,000",+4,0.4,"654,500",2026/09/30
2127,2127,2240,上場インデックスファンドS&P500先物インバース,東証ETF,"5,302",+21,0.4,6,2026/09/30
2128,2128,2294,(株)柿安本店,東証PRM,"2,485",+10,0.4,"19,500",2026/09/30
2129,2129,2480,システム・ロケーション(株),東証STD,"1,751",+7,0.4,"3,700",2026/09/30
2130,2130,2742,(株)ハローズ,東証PRM,"3,755",+15,0.4,"47,200",2026/09/30
2131,2131,2796,ファーマライズホールディングス(株),東証STD,507,+2,0.4,"5,500",2026/09/30
2132,2132,2882,(株)イートアンドホールディングス,東証PRM,"2,010",+8,0.4,"26,400",2026/09/30
2133,2133,3121,マーチャント・バンカーズ(株),東証STD,250,+1,0.4,"17,900",2026/09/30
2134,2134,3932,(株)アカツキ,東証PRM,"1,243",+5,0.4,"330,400",2026/09/30
2135,2135,462A,(株)ＦＵＮＤＩＮＮＯ,東証GRT,251,+1,0.4,"165,200",2026/09/30
2136,2136,6626,ＳＥＭＩＴＥＣ(株),東証STD,"2,493",+10,0.4,"9,200",2026/09/30
2137,2137,6724,セイコーエプソン(株),東証PRM,"3,274",+13,0.4,"1,796,200",2026/09/30
2138,2138,7562,(株)安楽亭,東証STD,"3,730",+15,0.4,"2,500",2026/09/30
2139,2139,7713,シグマ光機(株),東証STD,"2,480",+10,0.4,"6,100",2026/09/30
2140,2140,8559,(株)豊和銀行,福証,505,+2,0.4,"6,800",2026/09/30
2141,2141,9017,新潟交通(株),東証STD,"1,998",+8,0.4,200,2026/09/30
2142,2142,9265,ヤマシタヘルスケアホールディングス(株),東証STD,"3,730",+15,0.4,"1,100",2026/09/30
2143,2143,314A,iシェアーズ ゴールド ETF,東証ETF,310.3,+1.2,0.39,"3,155,870",2026/09/30
2144,2144,3199,綿半ホールディングス(株),東証PRM,"1,288",+5,0.39,"64,900",2026/09/30
2145,2145,4231,タイガースポリマー(株),東証STD,"1,021",+4,0.39,"6,000",2026/09/30
2146,2146,4480,(株)メドレー,東証PRM,"2,317",+9,0.39,"285,300",2026/09/30
2147,2147,4611,大日本塗料(株),東証PRM,"1,559",+6,0.39,"45,900",2026/09/30
2148,2148,5869,(株)早稲田学習研究会,東証STD,"1,272",+5,0.39,"2,900",2026/09/30
2149,2149,7131,のむら産業(株),東証STD,"3,845",+15,0.39,"5,800",2026/09/30
2150,2150,7183,あんしん保証(株),東証STD,255,+1,0.39,"69,700",2026/09/30
2151,2151,7751,キヤノン(株),東証PRM,"4,605",+18,0.39,"3,488,400",2026/09/30
2152,2152,8101,(株)ＧＳＩクレオス,東証PRM,"2,561",+10,0.39,"26,100",2026/09/30
2153,2153,8966,平和不動産リート投資法人,東証,"129,300",+500,0.39,"5,153",2026/09/30
2154,2154,9020,東日本旅客鉄道(株),東証PRM,"3,350",+13,0.39,"3,826,200",2026/09/30
2155,2155,9402,中部日本放送(株),名証PRM,"1,285",+5,0.39,"6,100",2026/09/30
2156,2156,2404,(株)鉄人化ホールディングス,東証STD,532,+2,0.38,"3,900",2026/09/30
2157,2157,250A,シマダヤ(株),東証STD,"1,570",+6,0.38,"40,900",2026/09/30
2158,2158,3300,(株)アンビション　ＤＸ　ホールディングス,東証GRT,"1,872",+7,0.38,"25,700",2026/09/30
2159,2159,3418,(株)バルニバービ,東証GRT,"1,052",+4,0.38,"21,700",2026/09/30
2160,2160,3423,(株)エスイー,東証STD,266,+1,0.38,"12,300",2026/09/30
2161,2161,438A,(株)インフキュリオン,東証GRT,"1,044",+4,0.38,"104,700",2026/09/30
2162,2162,4626,太陽ホールディングス(株),東証PRM,"4,795",+18,0.38,"386,300",2026/09/30
2163,2163,6183,(株)ベルシステム２４ホールディングス,東証PRM,"1,324",+5,0.38,"379,600",2026/09/30
2164,2164,6664,(株)オプトエレクトロニクス,東証STD,261,+1,0.38,"5,500",2026/09/30
2165,2165,6866,ＨＩＯＫＩ(株),東証PRM,"10,600",+40,0.38,"40,800",2026/09/30
2166,2166,7613,シークス(株),東証PRM,"1,603",+6,0.38,"183,700",2026/09/30
2167,2167,8040,(株)東京ソワール,東証STD,"1,060",+4,0.38,"1,000",2026/09/30
2168,2168,9010,富士急行(株),東証PRM,"2,637",+10,0.38,"108,400",2026/09/30
2169,2169,9739,ＮＳＷ(株),東証PRM,"2,620",+10,0.38,"21,300",2026/09/30
2170,2170,9908,Ｄｅｎｋｅｉ,東証STD,"2,944",+11,0.38,"3,400",2026/09/30
2171,2171,2034,NEXT NOTES 韓国KOSPI･ベアETN,東証ETF,"1,901",+7,0.37,"6,676",2026/09/30
2172,2172,2091,NZAM 上場投信 ドイツ国債7-10年(H有),東証ETF,"4,387",+16,0.37,"8,560",2026/09/30
2173,2173,2371,(株)カカクコム,東証PRM,"3,805",+14,0.37,"278,400",2026/09/30
2174,2174,2471,(株)エスプール,東証PRM,273,+1,0.37,"229,600",2026/09/30
2175,2175,2867,GX 自動運転&EV,東証ETF,"1,639",+6,0.37,93,2026/09/30
2176,2176,3371,(株)ソフトクリエイトホールディングス,東証PRM,"2,178",+8,0.37,"73,400",2026/09/30
2177,2177,3958,笹徳印刷(株),東証STD,536,+2,0.37,"1,500",2026/09/30
2178,2178,4687,ＴＤＣソフト(株),東証PRM,"1,072",+4,0.37,"72,300",2026/09/30
2179,2179,499A,ラグジュアリー厳選10 欧州株(ネットリターン)ETN,東証ETF,"7,855",+29,0.37,12,2026/09/30
2180,2180,7228,(株)デイトナ,東証STD,"4,030",+15,0.37,300,2026/09/30
2181,2181,7381,(株)ＣＣＩグループ,東証PRM,"1,372",+5,0.37,"761,500",2026/09/30
2182,2182,7972,(株)イトーキ,東証PRM,"2,459",+9,0.37,"172,600",2026/09/30
2183,2183,9254,(株)ラバブルマーケティンググループ,東証GRT,"1,084",+4,0.37,"12,100",2026/09/30
2184,2184,9324,安田倉庫(株),東証PRM,"2,693",+10,0.37,"70,300",2026/09/30
2185,2185,2033,NEXT NOTES 韓国KOSPI･ダブル･ブルETN,東証ETF,"77,770",+280,0.36,"1,699",2026/09/30
2186,2186,2839,MAXIS 米国国債7-10年上場投信(H有),東証ETF,"4,798",+17,0.36,61,2026/09/30
2187,2187,316A,iFreeETF FANG+,東証ETF,"2,769",+10,0.36,"118,484",2026/09/30
2188,2188,3196,(株)ホットランドホールディングス,東証PRM,"1,663",+6,0.36,"73,900",2026/09/30
2189,2189,3969,(株)エイトレッド,東証STD,"1,392",+5,0.36,"7,100",2026/09/30
2190,2190,4762,(株)エックスネット,東証STD,"1,118",+4,0.36,"6,800",2026/09/30
2191,2191,489A,東証REIT物流フォーカスETF,東証ETF,833,+3,0.36,94,2026/09/30
2192,2192,6038,(株)イード,東証GRT,844,+3,0.36,"5,300",2026/09/30
2193,2193,6349,(株)小森コーポレーション,東証PRM,"1,952",+7,0.36,"226,200",2026/09/30
2194,2194,6370,栗田工業(株),東証PRM,"7,754",+28,0.36,"666,600",2026/09/30
2195,2195,7596,(株)魚力,東証PRM,"2,249",+8,0.36,"17,700",2026/09/30
2196,2196,7937,(株)ツツミ,東証STD,"2,500",+9,0.36,"15,100",2026/09/30
2197,2197,8793,ＮＥＣキャピタルソリューション(株),東証PRM,"4,150",+15,0.36,"19,800",2026/09/30
2198,2198,8999,グランディハウス(株),東証PRM,565,+2,0.36,"31,100",2026/09/30
2199,2199,9063,岡山県貨物運送(株),東証STD,"4,140",+15,0.36,300,2026/09/30
2200,2200,9636,(株)きんえい,東証STD,"4,225",+15,0.36,500,2026/09/30
2201,2201,9843,(株)ニトリホールディングス,東証PRM,"2,940",+10.5,0.36,"3,988,100",2026/09/30
2202,2202,9906,藤井産業(株),東証STD,"4,220",+15,0.36,"3,900",2026/09/30
2203,2203,160A,(株)アズパートナーズ,東証STD,"1,991",+7,0.35,"7,300",2026/09/30
2204,2204,2564,GX MSCIスーパーディビィデンド-日本株式,東証ETF,"3,678",+13,0.35,"14,081",2026/09/30
2205,2205,2915,ケンコーマヨネーズ(株),東証PRM,"1,980",+7,0.35,"40,900",2026/09/30
2206,2206,2927,(株)ＡＦＣ－ＨＤアムスライフサイエンス,東証STD,851,+3,0.35,"15,700",2026/09/30
2207,2207,3088,(株)マツキヨココカラ＆カンパニー,東証PRM,"2,436",+8.5,0.35,"1,759,800",2026/09/30
2208,2208,3998,(株)すららネット,東証GRT,288,+1,0.35,"5,800",2026/09/30
2209,2209,5445,東京鐵鋼(株),東証PRM,"2,008",+7,0.35,"84,300",2026/09/30
2210,2210,6022,(株)赤阪鐵工所,東証STD,"2,851",+10,0.35,800,2026/09/30
2211,2211,6088,(株)シグマクシス・ホールディングス,東証PRM,580,+2,0.35,"505,300",2026/09/30
2212,2212,6962,(株)大真空,東証PRM,860,+3,0.35,"221,400",2026/09/30
2213,2213,6999,ＫＯＡ(株),東証PRM,"2,292",+8,0.35,"394,400",2026/09/30
2214,2214,7076,名南Ｍ＆Ａ(株),名証MN,871,+3,0.35,"7,700",2026/09/30
2215,2215,7683,(株)ダブルエー,東証PRM,"1,421",+5,0.35,"22,100",2026/09/30
2216,2216,7886,ヤマト　モビリティ　＆　Ｍｆｇ．(株),東証STD,570,+2,0.35,"1,400",2026/09/30
2217,2217,7983,(株)ミロク,東証STD,"1,162",+4,0.35,"2,900",2026/09/30
2218,2218,8771,イー・ギャランティ(株),東証PRM,"1,738",+6,0.35,"98,700",2026/09/30
2219,2219,2568,上場インデックスファンド米国株式(NASDAQ100)H無,東証ETF,"8,170",+28,0.34,"2,052",2026/09/30
2220,2220,3099,(株)三越伊勢丹ホールディングス,東証PRM,"1,623.5",+5.5,0.34,"3,620,900",2026/09/30
2221,2221,3675,(株)クロス・マーケティンググループ,東証STD,593,+2,0.34,"11,600",2026/09/30
2222,2222,3948,光ビジネスフォーム(株),東証STD,"1,185",+4,0.34,"1,800",2026/09/30
2223,2223,4071,(株)プラスアルファ・コンサルティング,東証PRM,"2,047",+7,0.34,"232,200",2026/09/30
2224,2224,4251,恵和(株),東証PRM,"1,192",+4,0.34,"71,400",2026/09/30
2225,2225,4343,(株)イオンファンタジー,東証PRM,"2,687",+9,0.34,"74,300",2026/09/30
2226,2226,572A,iシェアーズ 日本国債3-7年,東証ETF,495.2,+1.7,0.34,"1,800",2026/09/30
2227,2227,5817,ＪＭＡＣＳ(株),東証STD,"1,179",+4,0.34,"34,100",2026/09/30
2228,2228,8986,大和証券リビング投資法人,東証,"89,000",+300,0.34,"7,760",2026/09/30
2229,2229,9193,東京汽船(株),東証STD,885,+3,0.34,"1,500",2026/09/30
2230,2230,2097,GX レジデンシャル・J-REIT,東証ETF,905,+3,0.33,619,2026/09/30
2231,2231,2264,森永乳業(株),東証PRM,"1,074.5",+3.5,0.33,"2,037,900",2026/09/30
2232,2232,2267,(株)ヤクルト本社,東証PRM,"2,744",+9,0.33,"1,308,200",2026/09/30
2233,2233,2462,ライク(株),東証PRM,"1,511",+5,0.33,"28,300",2026/09/30
2234,2234,277A,グロービング(株),東証PRM,"1,848",+6,0.33,"99,600",2026/09/30
2235,2235,3134,Ｈａｍｅｅ(株),東証STD,300,+1,0.33,"33,200",2026/09/30
2236,2236,3284,(株)フージャースホールディングス,東証PRM,"1,231",+4,0.33,"183,000",2026/09/30
2237,2237,334A,(株)ビジュアル・プロセッシング・ジャパン,東証GRT,"1,200",+4,0.33,"3,000",2026/09/30
2238,2238,4240,クラスターテクノロジー(株),東証STD,302,+1,0.33,"2,000",2026/09/30
2239,2239,4386,(株)ＳＩＧグループ,東証STD,902,+3,0.33,"5,000",2026/09/30
2240,2240,5204,石塚硝子(株),東証STD,"3,085",+10,0.33,"5,100",2026/09/30
2241,2241,5444,大和工業(株),東証PRM,"12,230",+40,0.33,"151,200",2026/09/30
2242,2242,5464,モリ工業(株),東証STD,913,+3,0.33,"31,500",2026/09/30
2243,2243,5607,中央可鍛工業(株),名証MN,614,+2,0.33,"16,200",2026/09/30
2244,2244,7399,(株)ナンシン,東証STD,616,+2,0.33,"6,200",2026/09/30
2245,2245,7685,(株)ＢｕｙＳｅｌｌ　Ｔｅｃｈｎｏｌｏｇｉｅｓ,東証GRT,"2,756",+9,0.33,"393,200",2026/09/30
2246,2246,9713,(株)ロイヤルホテル,東証STD,910,+3,0.33,"4,500",2026/09/30
2247,2247,9853,(株)銀座ルノアール,東証STD,907,+3,0.33,"1,700",2026/09/30
2248,2248,1873,(株)日本ハウスホールディングス,東証PRM,311,+1,0.32,"116,200",2026/09/30
2249,2249,2424,(株)ブラス,東証STD,618,+2,0.32,"2,400",2026/09/30
2250,2250,2552,上場Ｊリート(東証REIT指数)隔月分配(ミニ),東証ETF,"1,857",+6,0.32,"8,217",2026/09/30
2251,2251,382A,iFreeETF 米国国債3-5年(H有),東証ETF,"1,858",+6,0.32,404,2026/09/30
2252,2252,3981,(株)ビーグリー,東証STD,"1,237",+4,0.32,"2,600",2026/09/30
2253,2253,5195,バンドー化学(株),東証PRM,"2,494",+8,0.32,"103,500",2026/09/30
2254,2254,6920,レーザーテック(株),東証PRM,"41,130",+130,0.32,"3,946,800",2026/09/30
2255,2255,7034,(株)プロレド・パートナーズ,東証PRM,313,+1,0.32,"15,800",2026/09/30
2256,2256,1419,タマホーム(株),東証PRM,"2,916",+9,0.31,"65,600",2026/09/30
2257,2257,1540,純金上場信託(現物国内保管型),東証ETF,"19,680",+60,0.31,"251,435",2026/09/30
2258,2258,1853,(株)森組,東証STD,326,+1,0.31,"9,700",2026/09/30
2259,2259,2254,GX チャイナEV&バッテリー,東証ETF,958,+3,0.31,"19,042",2026/09/30
2260,2260,2698,(株)キャンドゥ,東証STD,"3,275",+10,0.31,"9,900",2026/09/30
2261,2261,2864,GX ロジスティクス・REIT,東証ETF,"1,274",+4,0.31,"5,204",2026/09/30
2262,2262,3547,(株)ユニシアホールディングス,東証STD,"1,946",+6,0.31,"31,900",2026/09/30
2263,2263,450A,ステート・ストリート・スパイダー S&P500 ETF(H有),東証ETF,788.7,+2.4,0.31,40,2026/09/30
2264,2264,6465,ホシザキ(株),東証PRM,"5,255",+16,0.31,"423,100",2026/09/30
2265,2265,6571,キュービーネットホールディングス(株),東証PRM,"1,279",+4,0.31,"30,200",2026/09/30
2266,2266,7277,(株)ＴＢＫ,東証STD,328,+1,0.31,"25,300",2026/09/30
2267,2267,7611,(株)ハイデイ日高,東証PRM,"2,896",+9,0.31,"146,800",2026/09/30
2268,2268,8125,(株)ワキタ,東証PRM,"1,930",+6,0.31,"111,400",2026/09/30
2269,2269,8133,伊藤忠エネクス(株),東証PRM,"2,259",+7,0.31,"141,700",2026/09/30
2270,2270,9256,(株)サクシード,東証GRT,967,+3,0.31,"32,200",2026/09/30
2271,2271,9698,(株)クレオ,東証STD,"1,299",+4,0.31,700,2026/09/30
2272,2272,1497,iシェアーズ 米ドル建ハイイールド社債ETF(H有),東証ETF,"1,690",+5,0.3,"6,329",2026/09/30
2273,2273,1981,(株)協和日成,東証STD,"1,353",+4,0.3,"5,100",2026/09/30
2274,2274,2514,(NEXT FUNDS)外国株式･MSCI-KOKUSAI(H有),東証ETF,"2,031",+6,0.3,536,2026/09/30
2275,2275,3224,(株)ゼネラル・オイスター,東証GRT,658,+2,0.3,"2,400",2026/09/30
2276,2276,3439,(株)三ツ知,東証STD,679,+2,0.3,"3,100",2026/09/30
2277,2277,5186,ニッタ(株),東証PRM,"6,700",+20,0.3,"44,400",2026/09/30
2278,2278,5757,(株)ＣＫサンエツ,東証PRM,"5,010",+15,0.3,"9,500",2026/09/30
2279,2279,584A,ＬｉＮＫＸ(株),東証GRT,"2,350",+7,0.3,"52,500",2026/09/30
2280,2280,5988,(株)パイオラックス,東証PRM,"1,669",+5,0.3,"63,200",2026/09/30
2281,2281,6086,シンメンテホールディングス(株),東証GRT,"1,017",+3,0.3,"21,400",2026/09/30
2282,2282,6702,富士通(株),東証PRM,"3,957",+12,0.3,"6,715,800",2026/09/30
2283,2283,7077,(株)ＡＬｉＮＫインターネット,東証GRT,992,+3,0.3,800,2026/09/30
2284,2284,9262,(株)シルバーライフ,東証STD,677,+2,0.3,"21,700",2026/09/30
2285,2285,9381,(株)エーアイテイー,東証PRM,"2,318",+7,0.3,"19,800",2026/09/30
2286,2286,9628,燦ホールディングス(株),東証PRM,"1,329",+4,0.3,"57,300",2026/09/30
2287,2287,1768,(株)ソネック,東証STD,"1,024",+3,0.29,"2,400",2026/09/30
2288,2288,1966,(株)高田工業所,東証STD,"1,740",+5,0.29,"3,800",2026/09/30
2289,2289,2201,森永製菓(株),東証PRM,"2,390",+7,0.29,"443,800",2026/09/30
2290,2290,2248,iFreeETF S&P500(H有),東証ETF,"2,749",+8,0.29,"2,929",2026/09/30
2291,2291,2517,MAXIS Jリート･コア上場投信,東証ETF,"1,043",+3,0.29,"8,390",2026/09/30
2292,2292,3349,(株)コスモス薬品,東証PRM,"6,153",+18,0.29,"295,400",2026/09/30
2293,2293,3648,ＡＧＳ(株),東証STD,"1,045",+3,0.29,"3,000",2026/09/30
2294,2294,3659,(株)ネクソン,東証PRM,"2,633",+7.5,0.29,"4,331,000",2026/09/30
2295,2295,3787,(株)テクノマセマティカル,東証STD,680,+2,0.29,"149,900",2026/09/30
2296,2296,4644,イマジニア(株),東証STD,"1,029",+3,0.29,"8,800",2026/09/30
2297,2297,6150,タケダ機械(株),東証STD,"2,801",+8,0.29,"1,600",2026/09/30
2298,2298,7325,(株)アイリックコーポレーション,東証GRT,696,+2,0.29,"7,400",2026/09/30
2299,2299,8039,築地魚市場(株),東証STD,"3,505",+10,0.29,400,2026/09/30
2300,2300,8410,(株)セブン銀行,東証PRM,345,+1,0.29,"3,983,500",2026/09/30
2301,2301,8700,丸八証券(株),東証STD,"2,111",+6,0.29,900,2026/09/30
2302,2302,9755,応用地質(株),東証PRM,"2,809",+8,0.29,"39,900",2026/09/30
2303,2303,1444,(株)ニッソウ,東証GRT,"2,846",+8,0.28,"2,700",2026/09/30
2304,2304,1595,NZAM 上場投信 東証REIT指数,東証ETF,"1,769",+5,0.28,"26,854",2026/09/30
2305,2305,2239,上場インデックスファンドS&P500先物レバレッジ2倍,東証ETF,"26,600",+75,0.28,202,2026/09/30
2306,2306,2527,NZAM 上場投信 東証REIT Core指数,東証ETF,"1,058",+3,0.28,"21,213",2026/09/30
2307,2307,2722,(株)ＩＫホールディングス,東証STD,361,+1,0.28,"3,900",2026/09/30
2308,2308,3058,(株)三洋堂ホールディングス,東証STD,709,+2,0.28,"1,000",2026/09/30
2309,2309,3291,飯田グループホールディングス(株),東証PRM,"2,168.5",+6,0.28,"673,300",2026/09/30
2310,2310,3908,(株)コラボス,東証STD,358,+1,0.28,"9,700",2026/09/30
2311,2311,5019,出光興産(株),東証PRM,"1,590.5",+4.5,0.28,"6,598,100",2026/09/30
2312,2312,6560,(株)エル・ティー・エス,東証PRM,"1,775",+5,0.28,"10,700",2026/09/30
2313,2313,6841,横河電機(株),東証PRM,"4,692",+13,0.28,"1,190,200",2026/09/30
2314,2314,8219,青山商事(株),東証PRM,721,+2,0.28,"744,300",2026/09/30
2315,2315,8584,(株)ジャックス,東証PRM,"3,565",+10,0.28,"213,500",2026/09/30
2316,2316,8706,極東証券(株),東証PRM,"1,792",+5,0.28,"206,100",2026/09/30
2317,2317,9319,(株)中央倉庫,東証PRM,"1,771",+5,0.28,"19,600",2026/09/30
2318,2318,9416,(株)ビジョン,東証PRM,"1,060",+3,0.28,"238,100",2026/09/30
2319,2319,9467,(株)アルファポリス,東証GRT,"1,074",+3,0.28,"77,800",2026/09/30
2320,2320,1674,WisdomTree 白金上場投信,東証ETF,"24,325",+65,0.27,118,2026/09/30
2321,2321,2040,NEXT NOTES NYダウ･ダブル･ブル･ドルヘッジ ETN,東証ETF,"36,970",+100,0.27,683,2026/09/30
2322,2322,219A,Ｈｅａｒｔｓｅｅｄ(株),東証GRT,"2,615",+7,0.27,"466,700",2026/09/30
2323,2323,3930,(株)はてな,東証GRT,745,+2,0.27,"4,100",2026/09/30
2324,2324,4241,(株)アテクト,東証STD,733,+2,0.27,"8,500",2026/09/30
2325,2325,4547,キッセイ薬品工業(株),東証PRM,"3,745",+10,0.27,"104,400",2026/09/30
2326,2326,4666,パーク２４(株),東証PRM,"1,864",+5,0.27,"3,114,600",2026/09/30
2327,2327,5889,Ｊａｐａｎ　Ｅｙｅｗｅａｒ　Ｈｏｌｄｉｎｇｓ(株),東証PRM,"2,255",+6,0.27,"163,700",2026/09/30
2328,2328,5947,リンナイ(株),東証PRM,"3,397",+9,0.27,"407,800",2026/09/30
2329,2329,6186,(株)一蔵,東証STD,373,+1,0.27,400,2026/09/30
2330,2330,7870,福島印刷(株),名証MN,365,+1,0.27,300,2026/09/30
2331,2331,8750,(株)第一ライフグループ,東証PRM,"1,876.5",+5,0.27,"11,970,000",2026/09/30
2332,2332,9346,(株)ココルポート,東証GRT,"1,884",+5,0.27,"1,100",2026/09/30
2333,2333,9990,(株)サックスバー　ホールディングス,東証PRM,751,+2,0.27,"56,400",2026/09/30
2334,2334,2242,MAXIS NYダウ上場投信(H有),東証ETF,662,+1.7,0.26,50,2026/09/30
2335,2335,2292,Ｓ　ＦＯＯＤＳ(株),東証PRM,"2,687",+7,0.26,"135,500",2026/09/30
2336,2336,2669,カネ美食品(株),東証STD,"3,910",+10,0.26,"2,900",2026/09/30
2337,2337,3387,(株)クリエイト・レストランツ・ホールディングス,東証PRM,768,+2,0.26,"942,500",2026/09/30
2338,2338,3492,MIRARTH不動産投資法人,東証,"78,500",+200,0.26,"8,056",2026/09/30
2339,2339,5386,(株)鶴弥,名証MN,388,+1,0.26,"1,500",2026/09/30
2340,2340,578A,GX シルバー (H有),東証ETF,234.1,+0.6,0.26,"17,760",2026/09/30
2341,2341,6224,(株)ＪＲＣ,東証GRT,"1,179",+3,0.26,"15,900",2026/09/30
2342,2342,7906,ヨネックス(株),東証STD,"2,319",+6,0.26,"538,100",2026/09/30
2343,2343,8084,(株)ＲＹＯＤＥＮ,東証PRM,"2,352",+6,0.26,"110,700",2026/09/30
2344,2344,8934,サンフロンティア不動産(株),東証PRM,"2,303",+6,0.26,"225,600",2026/09/30
2345,2345,9003,相鉄ホールディングス(株),東証PRM,"2,508.5",+6.5,0.26,"444,200",2026/09/30
2346,2346,9740,ＣＳＰ,東証PRM,"2,653",+7,0.26,"16,100",2026/09/30
2347,2347,1914,日本基礎技術(株),東証STD,814,+2,0.25,"18,300",2026/09/30
2348,2348,2337,いちご(株),東証PRM,395,+1,0.25,"622,600",2026/09/30
2349,2349,258A,SMT ETF国内リート厳選投資アクティブ,東証ETF,"1,984",+5,0.25,55,2026/09/30
2350,2350,2630,MAXIS 米国株式(S&P500)上場投信(H有),東証ETF,"16,075",+40,0.25,88,2026/09/30
2351,2351,2654,(株)アスモ,東証STD,401,+1,0.25,"10,500",2026/09/30
2352,2352,3041,(株)ビューティカダンホールディングス,東証STD,402,+1,0.25,"5,300",2026/09/30
2353,2353,4299,(株)ハイマックス,東証STD,"1,207",+3,0.25,"6,800",2026/09/30
2354,2354,469A,(株)フィットクルー,東証GRT,"1,615",+4,0.25,"3,100",2026/09/30
2355,2355,5845,全保連(株),東証STD,"1,217",+3,0.25,"19,600",2026/09/30
2356,2356,8226,(株)理経,東証STD,396,+1,0.25,"33,700",2026/09/30
2357,2357,9025,鴻池運輸(株),東証PRM,"2,840",+7,0.25,"117,200",2026/09/30
2358,2358,9856,(株)ケーユーホールディングス,東証STD,"1,201",+3,0.25,"38,800",2026/09/30
2359,2359,177A,コージンバイオ(株),東証GRT,827,+2,0.24,"1,300",2026/09/30
2360,2360,1788,(株)三東工業社,東証STD,"4,130",+10,0.24,400,2026/09/30
2361,2361,3080,(株)ジェーソン,東証STD,839,+2,0.24,"7,700",2026/09/30
2362,2362,3283,日本プロロジスリート投資法人,東証,"82,800",+200,0.24,"19,707",2026/09/30
2363,2363,3896,阿波製紙(株),東証STD,424,+1,0.24,"2,800",2026/09/30
2364,2364,4433,(株)ヒト・コミュニケーションズ・ホールディングス,東証PRM,848,+2,0.24,"23,500",2026/09/30
2365,2365,4495,(株)アイキューブドシステムズ,東証GRT,"2,055",+5,0.24,"9,700",2026/09/30
2366,2366,5356,美濃窯業(株),東証STD,"1,257",+3,0.24,600,2026/09/30
2367,2367,6267,ゼネラルパッカー(株),東証STD,"4,120",+10,0.24,300,2026/09/30
2368,2368,6867,リーダー電子(株),東証STD,411,+1,0.24,"2,500",2026/09/30
2369,2369,7375,(株)リファインバースグループ,東証GRT,"1,254",+3,0.24,"31,700",2026/09/30
2370,2370,7459,(株)メディパルホールディングス,東証PRM,"2,957",+7,0.24,"698,100",2026/09/30
2371,2371,9348,(株)ｉｓｐａｃｅ,東証GRT,412,+1,0.24,"285,400",2026/09/30
2372,2372,9535,広島ガス(株),東証PRM,424,+1,0.24,"77,500",2026/09/30
2373,2373,9960,東テク(株),東証PRM,"4,170",+10,0.24,"109,500",2026/09/30
2374,2374,1345,上場インデックスファンドJリート隔月分配,東証ETF,"1,737",+4,0.23,"40,583",2026/09/30
2375,2375,2841,iFreeETF NASDAQ100(H有),東証ETF,"1,734",+4,0.23,"38,783",2026/09/30
2376,2376,3426,アトムリビンテック(株),東証STD,"1,305",+3,0.23,"1,700",2026/09/30
2377,2377,3623,ビリングシステム(株),東証GRT,"1,281",+3,0.23,"9,000",2026/09/30
2378,2378,4093,東邦アセチレン(株),東証STD,432,+1,0.23,"7,800",2026/09/30
2379,2379,4288,(株)アズジェント,東証STD,436,+1,0.23,"1,400",2026/09/30
2380,2380,443A,iFreeETF 東証REIT指数(2・5・8・11月決算型),東証ETF,"1,781",+4,0.23,"18,031",2026/09/30
2381,2381,4641,(株)アルプス技研,東証PRM,876,+2,0.23,"91,000",2026/09/30
2382,2382,483A,テラテクノロジー(株),東証STD,"2,141",+5,0.23,200,2026/09/30
2383,2383,6565,ＡＢホテル(株),名証MN,"1,303",+3,0.23,600,2026/09/30
2384,2384,6694,(株)ズーム,東証STD,854,+2,0.23,"3,100",2026/09/30
2385,2385,7314,(株)小田原機器,東証STD,"1,330",+3,0.23,"1,000",2026/09/30
2386,2386,7362,(株)Ｔ．Ｓ．Ｉ,東証GRT,880,+2,0.23,"1,400",2026/09/30
2387,2387,7673,ダイコー通産(株),東証STD,"1,713",+4,0.23,800,2026/09/30
2388,2388,7781,(株)平山ホールディングス,東証STD,878,+2,0.23,"4,000",2026/09/30
2389,2389,2130,(株)メンバーズ,東証PRM,920,+2,0.22,"35,200",2026/09/30
2390,2390,2281,プリマハム(株),東証PRM,"2,316",+5,0.22,"241,600",2026/09/30
2391,2391,2411,ゲンダイエージェンシー(株),東証STD,457,+1,0.22,"10,400",2026/09/30
2392,2392,2653,イオン九州(株),東証STD,"2,787",+6,0.22,"21,600",2026/09/30
2393,2393,272A,(株)グリーンクロスホールディングス,福証,"1,350",+3,0.22,100,2026/09/30
2394,2394,2860,(NEXT FUNDS) ドイツ株式・DAX(H有),東証ETF,"3,206",+7,0.22,209,2026/09/30
2395,2395,436A,サイバーソリューションズ(株),東証GRT,"1,348",+3,0.22,"25,100",2026/09/30
2396,2396,4928,(株)ノエビアホールディングス,東証PRM,"4,480",+10,0.22,"127,400",2026/09/30
2397,2397,7087,(株)ウイルテック,東証STD,"1,364",+3,0.22,"3,600",2026/09/30
2398,2398,7130,ヤマエグループホールディングス(株),東証PRM,"2,732",+6,0.22,"82,700",2026/09/30
2399,2399,7217,(株)テイン,東証STD,457,+1,0.22,"10,000",2026/09/30
2400,2400,7417,(株)南陽,東証STD,"1,804",+4,0.22,"2,800",2026/09/30
2401,2401,7438,コンドーテック(株),東証PRM,"1,786",+4,0.22,"39,200",2026/09/30
2402,2402,9388,(株)パパネッツ,福岡Q,928,+2,0.22,"1,100",2026/09/30
2403,2403,9946,ミニストップ(株),東証PRM,"1,791",+4,0.22,"45,400",2026/09/30
2404,2404,1780,(株)ヤマウラ,東証PRM,"1,442",+3,0.21,"27,800",2026/09/30
2405,2405,2529,(NEXT FUNDS)野村株主還元70連動型上場投信,東証ETF,"2,390",+5,0.21,"1,485",2026/09/30
2406,2406,2533,オエノンホールディングス(株),東証PRM,487,+1,0.21,"115,100",2026/09/30
2407,2407,3157,ジオリーブグループ(株),東証STD,"1,460",+3,0.21,"1,100",2026/09/30
2408,2408,3470,マリモ地方創生リート投資法人,東証,"96,900",+200,0.21,"1,450",2026/09/30
2409,2409,401A,霞ヶ関ホテルリート投資法人,東証,"97,600",+200,0.21,475,2026/09/30
2410,2410,4194,ビジョナル(株),東証PRM,"8,679",+18,0.21,"197,600",2026/09/30
2411,2411,4249,森六(株),東証PRM,"2,823",+6,0.21,"14,200",2026/09/30
2412,2412,4447,(株)ピー・ビーシステムズ,東証GRT,481,+1,0.21,"8,200",2026/09/30
2413,2413,7014,(株)名村造船所,東証STD,"4,770",+10,0.21,"814,500",2026/09/30
2414,2414,8554,(株)南日本銀行,福証,"1,454",+3,0.21,"2,700",2026/09/30
2415,2415,9142,九州旅客鉄道(株),東証PRM,"3,395",+7,0.21,"1,240,500",2026/09/30
2416,2416,9211,(株)エフ・コード,東証GRT,"1,457",+3,0.21,"66,200",2026/09/30
2417,2417,9872,北恵(株),東証STD,965,+2,0.21,"7,500",2026/09/30
2418,2418,2154,(株)オープンアップグループ,東証PRM,"2,016",+4,0.2,"185,400",2026/09/30
2419,2419,2569,上場インデックスファンド米国株式(NASDAQ100)H有,東証ETF,"4,410",+9,0.2,"10,039",2026/09/30
2420,2420,2670,(株)エービーシー・マート,東証PRM,"2,725.5",+5.5,0.2,"732,000",2026/09/30
2421,2421,278A,Ｔｅｒｒａ　Ｄｒｏｎｅ(株),東証GRT,"9,800",+20,0.2,"934,500",2026/09/30
2422,2422,2846,(NEXT FUNDS) ダウ・ジョーンズ工業株30種(H有),東証ETF,"2,485",+5,0.2,151,2026/09/30
2423,2423,3082,(株)きちりホールディングス,東証STD,990,+2,0.2,"7,000",2026/09/30
2424,2424,3471,三井不動産ロジスティクスパーク投資法人,東証,"99,700",+200,0.2,"9,249",2026/09/30
2425,2425,4293,(株)セプテーニ・ホールディングス,東証STD,505,+1,0.2,"268,600",2026/09/30
2426,2426,4337,ぴあ(株),東証PRM,"2,512",+5,0.2,"24,600",2026/09/30
2427,2427,6888,アクモス(株),東証STD,502,+1,0.2,"10,000",2026/09/30
2428,2428,7150,(株)島根銀行,東証STD,513,+1,0.2,"20,100",2026/09/30
2429,2429,7181,(株)かんぽ生命保険,東証PRM,"1,779.5",+3.5,0.2,"2,994,800",2026/09/30
2430,2430,7482,(株)シモジマ,東証PRM,"1,474",+3,0.2,"54,000",2026/09/30
2431,2431,7744,ノーリツ鋼機(株),東証PRM,"2,007",+4,0.2,"322,600",2026/09/30
2432,2432,7800,(株)アミファ,東証STD,980,+2,0.2,"3,800",2026/09/30
2433,2433,8070,東京産業(株),東証PRM,"1,013",+2,0.2,"82,200",2026/09/30
2434,2434,8848,(株)レオパレス２１,東証PRM,"1,022",+2,0.2,"2,381,100",2026/09/30
2435,2435,92015,日本航空（株）第１回社債型種類株式,東証PRM,"10,200",+20,0.2,"1,500",2026/09/30
2436,2436,1496,iシェアーズ 米ドル建て投資適格社債ETF(H有),東証ETF,"1,579",+3,0.19,"7,441",2026/09/30
2437,2437,1659,iシェアーズ 米国リート ETF,東証ETF,"3,655",+7,0.19,"4,320",2026/09/30
2438,2438,173A,(株)ハンモック,東証GRT,"1,600",+3,0.19,"3,300",2026/09/30
2439,2439,2088,NZAM 上場投信 NYダウ30(H有),東証ETF,"2,586",+5,0.19,3,2026/09/30
2440,2440,2845,(NEXT FUNDS) NASDAQ-100(H有)連動型上場投信,東証ETF,"3,630",+7,0.19,"1,353",2026/09/30
2441,2441,3065,(株)ライフフーズ,東証STD,"1,589",+3,0.19,"1,500",2026/09/30
2442,2442,3446,(株)ジェイテックコーポレーション,東証STD,"1,564",+3,0.19,"4,300",2026/09/30
2443,2443,3562,(株)Ｎｏ．１,東証STD,"1,581",+3,0.19,"5,800",2026/09/30
2444,2444,3763,(株)プロシップ,東証PRM,"2,091",+4,0.19,"42,100",2026/09/30
2445,2445,4633,サカタインクス(株),東証PRM,"2,641",+5,0.19,"111,800",2026/09/30
2446,2446,5480,日本冶金工業(株),東証PRM,"5,280",+10,0.19,"60,600",2026/09/30
2447,2447,6413,理想科学工業(株),東証PRM,"1,035",+2,0.19,"72,900",2026/09/30
2448,2448,7488,(株)ヤガミ,名証MN,"5,150",+10,0.19,"2,600",2026/09/30
2449,2449,8190,(株)ヤマナカ,名証MN,518,+1,0.19,"1,200",2026/09/30
2450,2450,8560,(株)宮崎太陽銀行,福証,"2,635",+5,0.19,700,2026/09/30
2451,2451,9445,(株)フォーバルテレコム,東証STD,530,+1,0.19,"2,300",2026/09/30
2452,2452,1332,(株)ニッスイ,東証PRM,"1,119",+2,0.18,"2,345,800",2026/09/30
2453,2453,3063,(株)ジェイグループホールディングス,東証GRT,"1,132",+2,0.18,"18,200",2026/09/30
2454,2454,3468,スターアジア不動産投資法人,東証,"54,500",+100,0.18,"11,247",2026/09/30
2455,2455,3774,(株)インターネットイニシアティブ,東証PRM,"3,397",+6,0.18,"609,300",2026/09/30
2456,2456,3816,(株)大和コンピューター,東証STD,"1,101",+2,0.18,600,2026/09/30
2457,2457,4417,グローバルセキュリティエキスパート(株),東証GRT,"5,470",+10,0.18,"23,300",2026/09/30
2458,2458,4498,サイバートラスト(株),東証GRT,"1,125",+2,0.18,"33,800",2026/09/30
2459,2459,541A,One ETF TOPIX高配当株グロース指数,東証ETF,"1,119",+2,0.18,"3,420",2026/09/30
2460,2460,5530,日本システムバンク(株),名証MN,"1,103",+2,0.18,800,2026/09/30
2461,2461,6165,パンチ工業(株),東証STD,543,+1,0.18,"35,900",2026/09/30
2462,2462,7112,(株)キューブ,東証GRT,561,+1,0.18,"9,800",2026/09/30
2463,2463,9432,ＮＴＴ(株),東証PRM,171.6,+0.3,0.18,"187,752,700",2026/09/30
2464,2464,9778,(株)昴,東証STD,"5,530",+10,0.18,300,2026/09/30
2465,2465,9882,(株)イエローハット,東証PRM,"1,660",+3,0.18,"211,100",2026/09/30
2466,2466,2379,ディップ(株),東証PRM,"1,798",+3,0.17,"234,200",2026/09/30
2467,2467,2695,くら寿司(株),東証PRM,"1,724",+3,0.17,"319,700",2026/09/30
2468,2468,2856,iシェアーズ 米国債3-7年 ETF(H有),東証ETF,632.9,+1.1,0.17,"8,620",2026/09/30
2469,2469,3001,片倉工業(株),東証STD,"3,035",+5,0.17,"37,100",2026/09/30
2470,2470,3046,(株)ジンズホールディングス,東証PRM,"5,740",+10,0.17,"161,800",2026/09/30
2471,2471,3160,(株)大光,東証STD,581,+1,0.17,"16,200",2026/09/30
2472,2472,3967,(株)エルテス,東証GRT,573,+1,0.17,"7,600",2026/09/30
2473,2473,4197,(株)アスマーク,東証STD,"2,394",+4,0.17,800,2026/09/30
2474,2474,4242,(株)タカギセイコー,東証STD,"1,756",+3,0.17,400,2026/09/30
2475,2475,4317,(株)レイ,東証STD,573,+1,0.17,"6,400",2026/09/30
2476,2476,4920,(株)日本色材工業研究所,東証STD,"1,150",+2,0.17,800,2026/09/30
2477,2477,4923,コタ(株),東証PRM,"1,185",+2,0.17,"32,000",2026/09/30
2478,2478,50765,インフロニア・ホールディングス（株）第1回社債型種類株式,東証PRM,"4,620",+8,0.17,"11,300",2026/09/30
2479,2479,5242,(株)アイズ,東証GRT,"2,305",+4,0.17,"2,400",2026/09/30
2480,2480,5819,カナレ電気(株),東証STD,"1,728",+3,0.17,"2,600",2026/09/30
2481,2481,5965,(株)フジマック,東証STD,"1,198",+2,0.17,"1,100",2026/09/30
2482,2482,6797,名古屋電機工業(株),東証STD,"1,195",+2,0.17,600,2026/09/30
2483,2483,7177,ＧＭＯフィナンシャルホールディングス(株),東証STD,"1,173",+2,0.17,"227,200",2026/09/30
2484,2484,7915,ＮＩＳＳＨＡ(株),東証PRM,"1,160",+2,0.17,"477,500",2026/09/30
2485,2485,7981,タカラスタンダード(株),東証PRM,"3,035",+5,0.17,"81,600",2026/09/30
2486,2486,1383,ベルグアース(株),東証STD,"3,045",+5,0.16,400,2026/09/30
2487,2487,1952,新日本空調(株),東証PRM,"3,145",+5,0.16,"113,000",2026/09/30
2488,2488,211A,(株)カドス・コーポレーション,東証STD,"3,190",+5,0.16,"2,000",2026/09/30
2489,2489,2204,(株)中村屋,東証STD,"3,070",+5,0.16,"10,000",2026/09/30
2490,2490,2221,岩塚製菓(株),東証STD,"3,050",+5,0.16,"1,400",2026/09/30
2491,2491,3451,トーセイ・リート投資法人,東証,"128,100",+200,0.16,934,2026/09/30
2492,2492,3914,ＪＩＧ－ＳＡＷ(株),東証GRT,"2,540",+4,0.16,"11,000",2026/09/30
2493,2493,4069,(株)ＢｌｕｅＭｅｍｅ,東証GRT,637,+1,0.16,"8,000",2026/09/30
2494,2494,4347,ブロードメディア(株),東証STD,"1,901",+3,0.16,"6,200",2026/09/30
2495,2495,575A,前澤ホールディングス(株),東証PRM,"1,919",+3,0.16,"63,500",2026/09/30
2496,2496,6364,(株)ＡＩＲＭＡＮ,東証PRM,"2,501",+4,0.16,"40,100",2026/09/30
2497,2497,6566,(株)要興業,東証STD,"1,269",+2,0.16,900,2026/09/30
2498,2498,6902,(株)デンソー,東証PRM,"1,850",+3,0.16,"11,023,000",2026/09/30
2499,2499,7928,旭化学工業(株),東証STD,616,+1,0.16,"3,800",2026/09/30
2500,2500,8032,日本紙パルプ商事(株),東証PRM,"1,237",+2,0.16,"242,400",2026/09/30
2501,2501,8956,NTT都市開発リート投資法人,東証,"125,500",+200,0.16,"3,081",2026/09/30
2502,2502,9001,東武鉄道(株),東証PRM,"2,821",+4.5,0.16,"847,200",2026/09/30
2503,2503,9441,(株)ベルパーク,東証STD,"3,100",+5,0.16,"3,600",2026/09/30
2504,2504,9602,東宝(株),東証PRM,"1,555.5",+2.5,0.16,"2,870,500",2026/09/30
2505,2505,9612,(株)ラックランド,東証PRM,"1,255",+2,0.16,"24,300",2026/09/30
2506,2506,2753,(株)あみやき亭,東証PRM,"1,379",+2,0.15,"40,000",2026/09/30
2507,2507,2801,キッコーマン(株),東証PRM,"1,649",+2.5,0.15,"3,794,500",2026/09/30
2508,2508,4825,(株)ウェザーニューズ,東証PRM,"1,984",+3,0.15,"125,900",2026/09/30
2509,2509,4919,(株)ミルボン,東証PRM,"3,260",+5,0.15,"153,000",2026/09/30
2510,2510,8278,(株)フジ,東証PRM,"2,015",+3,0.15,"197,800",2026/09/30
2511,2511,9057,遠州トラック(株),東証STD,"3,240",+5,0.15,500,2026/09/30
2512,2512,9433,ＫＤＤＩ(株),東証PRM,"2,928",+4.5,0.15,"10,884,500",2026/09/30
2513,2513,9565,ＧＬＯＥ(株),東証GRT,655,+1,0.15,400,2026/09/30
2514,2514,1322,上場インデックス中国A株 E FUND CSI300,東証ETF,"11,120",+15,0.14,81,2026/09/30
2515,2515,1724,シンクレイヤ(株),東証STD,733,+1,0.14,"3,000",2026/09/30
2516,2516,224A,GX ウラニウムビジネス,東証ETF,"1,455",+2,0.14,"8,833",2026/09/30
2517,2517,3329,東和フードサービス(株),東証STD,"2,136",+3,0.14,"11,000",2026/09/30
2518,2518,3353,(株)メディカル一光グループ,東証STD,"2,805",+4,0.14,"1,500",2026/09/30
2519,2519,3628,(株)データホライゾン,東証GRT,693,+1,0.14,"18,900",2026/09/30
2520,2520,3922,(株)ＰＲ　ＴＩＭＥＳ,東証PRM,"2,162",+3,0.14,"53,500",2026/09/30
2521,2521,4041,日本曹達(株),東証PRM,"3,695",+5,0.14,"220,200",2026/09/30
2522,2522,4058,トヨクモ(株),東証GRT,"2,146",+3,0.14,"25,900",2026/09/30
2523,2523,4681,リゾートトラスト(株),東証PRM,"1,753",+2.5,0.14,"534,200",2026/09/30
2524,2524,4912,ライオン(株),東証PRM,"1,737",+2.5,0.14,"918,500",2026/09/30
2525,2525,5280,ヨシコン(株),東証STD,"2,178",+3,0.14,"4,800",2026/09/30
2526,2526,5532,(株)リアルゲイト,東証GRT,"3,600",+5,0.14,"15,500",2026/09/30
2527,2527,571A,iシェアーズ 日本国債1-3年,東証ETF,498.3,+0.7,0.14,850,2026/09/30
2528,2528,5992,中央発條(株),東証STD,"3,685",+5,0.14,"18,000",2026/09/30
2529,2529,7089,フォースタートアップス(株),東証GRT,"1,405",+2,0.14,"4,600",2026/09/30
2530,2530,7370,(株)Ｅｎｊｉｎ,東証GRT,720,+1,0.14,"3,100",2026/09/30
2531,2531,7820,ニホンフラッシュ(株),東証PRM,698,+1,0.14,"48,100",2026/09/30
2532,2532,8060,キヤノンマーケティングジャパン(株),東証PRM,"3,690",+5,0.14,"351,300",2026/09/30
2533,2533,9173,東海汽船(株),東証STD,"2,813",+4,0.14,"1,500",2026/09/30
2534,2534,9310,日本トランスシティ(株),東証PRM,"1,402",+2,0.14,"68,500",2026/09/30
2535,2535,1554,上場インデックス世界株式(MSCI ACWI)除く日本,東証ETF,"6,739",+9,0.13,"3,229",2026/09/30
2536,2536,188A,GX インド・トップ10+,東証ETF,801,+1,0.13,"3,006",2026/09/30
2537,2537,2198,アイ・ケイ・ケイホールディングス(株),東証PRM,774,+1,0.13,"35,100",2026/09/30
2538,2538,2519,(NEXT FUNDS)新興国債券･J.P.M･EM･プラス(H無),東証ETF,"1,120.5",+1.5,0.13,"6,580",2026/09/30
2539,2539,2664,(株)カワチ薬品,東証PRM,"3,735",+5,0.13,"54,300",2026/09/30
2540,2540,3076,あい　ホールディングス(株),東証PRM,"2,972",+4,0.13,"120,900",2026/09/30
2541,2541,3306,日本製麻(株),東証STD,770,+1,0.13,"50,800",2026/09/30
2542,2542,3953,大村紙業(株),東証STD,800,+1,0.13,"1,900",2026/09/30
2543,2543,6042,(株)ニッキ,東証STD,"3,800",+5,0.13,"1,300",2026/09/30
2544,2544,6078,(株)バリューＨＲ,東証PRM,"1,543",+2,0.13,"39,800",2026/09/30
2545,2545,7037,(株)テノ．ホールディングス,東証STD,799,+1,0.13,"7,500",2026/09/30
2546,2546,7271,(株)安永,東証STD,800,+1,0.13,"41,100",2026/09/30
2547,2547,7472,(株)鳥羽洋行,東証STD,"3,900",+5,0.13,200,2026/09/30
2548,2548,9163,(株)ナレルグループ,東証GRT,"2,397",+3,0.13,"31,500",2026/09/30
2549,2549,1429,(株)日本アクア,東証PRM,807,+1,0.12,"49,400",2026/09/30
2550,2550,1566,上場インデックスファンド新興国債券,東証ETF,"51,750",+60,0.12,407,2026/09/30
2551,2551,2016,iFreeETF 米国国債7-10年(H有),東証ETF,"1,687",+2,0.12,734,2026/09/30
2552,2552,2573,北海道コカ・コーラボトリング(株),東証STD,"4,130",+5,0.12,"2,900",2026/09/30
2553,2553,2674,(株)ハードオフコーポレーション,東証PRM,"2,562",+3,0.12,"35,300",2026/09/30
2554,2554,2836,GX フィンテック-日本株式,東証ETF,"3,348",+4,0.12,145,2026/09/30
2555,2555,2852,iシェアーズ グリーンJリート,東証ETF,167.8,+0.2,0.12,"1,040",2026/09/30
2556,2556,2897,日清食品ホールディングス(株),東証PRM,"2,866",+3.5,0.12,"1,271,500",2026/09/30
2557,2557,3222,ユナイテッド・スーパーマーケット・ホールディングス(株),東証STD,808,+1,0.12,"596,200",2026/09/30
2558,2558,3955,(株)イムラ,東証STD,866,+1,0.12,100,2026/09/30
2559,2559,414A,(株)オーバーラップホールディングス,東証GRT,844,+1,0.12,"48,900",2026/09/30
2560,2560,4310,(株)ドリームインキュベータ,東証PRM,"2,549",+3,0.12,"14,000",2026/09/30
2561,2561,5587,(株)インバウンドプラットフォーム,東証GRT,820,+1,0.12,"5,700",2026/09/30
2562,2562,5632,三菱製鋼(株),東証PRM,"2,476",+3,0.12,"92,600",2026/09/30
2563,2563,576A,GX チャイナテック・カバード・コール,東証ETF,854,+1,0.12,"56,766",2026/09/30
2564,2564,5958,三洋工業(株),東証STD,"4,295",+5,0.12,"5,600",2026/09/30
2565,2565,5974,中国工業(株),東証STD,846,+1,0.12,100,2026/09/30
2566,2566,6070,キャリアリンク(株),東証PRM,"2,575",+3,0.12,"38,000",2026/09/30
2567,2567,6143,(株)ソディック,東証PRM,"1,717",+2,0.12,"303,300",2026/09/30
2568,2568,7294,(株)ヨロズ,東証PRM,860,+1,0.12,"115,400",2026/09/30
2569,2569,7427,エコートレーディング(株),東証STD,833,+1,0.12,"1,700",2026/09/30
2570,2570,7643,(株)ダイイチ,東証STD,"1,639",+2,0.12,"5,100",2026/09/30
2571,2571,7951,ヤマハ(株),東証PRM,"1,221",+1.5,0.12,"2,393,300",2026/09/30
2572,2572,8097,三愛オブリ(株),東証PRM,"2,405",+3,0.12,"116,800",2026/09/30
2573,2573,8914,エリアリンク(株),東証STD,862,+1,0.12,"50,200",2026/09/30
2574,2574,9060,日本ロジテム(株),東証STD,"4,200",+5,0.12,200,2026/09/30
2575,2575,9661,(株)歌舞伎座,東証STD,"4,120",+5,0.12,"6,500",2026/09/30
2576,2576,1542,純銀上場信託(現物国内保管型),東証ETF,"27,985",+30,0.11,"29,649",2026/09/30
2577,2577,1547,上場インデックスファンド米国株式(S&P500),東証ETF,"13,120",+15,0.11,"6,573",2026/09/30
2578,2578,1764,工藤建設(株),東証STD,"2,670",+3,0.11,300,2026/09/30
2579,2579,2181,パーソルホールディングス(株),東証PRM,283.1,+0.3,0.11,"9,675,100",2026/09/30
2580,2580,2186,ソーバル(株),東証STD,901,+1,0.11,"5,500",2026/09/30
2581,2581,2562,上場インデックスファンド米国株式(ダウ平均)H有,東証ETF,"3,580",+4,0.11,"1,183",2026/09/30
2582,2582,2769,(株)ヴィレッジヴァンガードコーポレーション,東証STD,937,+1,0.11,"6,400",2026/09/30
2583,2583,2804,ブルドックソース(株),東証PRM,"1,854",+2,0.11,"15,800",2026/09/30
2584,2584,2857,iシェアーズ ドイツ国債 ETF(H有),東証ETF,611.4,+0.7,0.11,40,2026/09/30
2585,2585,3455,ヘルスケア＆メディカル投資法人,東証,"95,300",+100,0.11,"2,936",2026/09/30
2586,2586,3916,デジタル・インフォメーション・テクノロジー(株),東証PRM,951,+1,0.11,"99,000",2026/09/30
2587,2587,3951,朝日印刷(株),東証STD,890,+1,0.11,"7,300",2026/09/30
2588,2588,396A,業界改革厳選ETF REITイベント・ドリブン,東証ETF,464.1,+0.5,0.11,30,2026/09/30
2589,2589,6454,マックス(株),東証PRM,"1,843",+2,0.11,"298,000",2026/09/30
2590,2590,6614,(株)シキノハイテック,東証STD,880,+1,0.11,"4,100",2026/09/30
2591,2591,6977,(株)日本抵抗器製作所,東証STD,"1,895",+2,0.11,"46,900",2026/09/30
2592,2592,7085,(株)カーブスホールディングス,東証PRM,890,+1,0.11,"226,400",2026/09/30
2593,2593,7110,(株)クラシコム,東証GRT,"1,888",+2,0.11,"9,100",2026/09/30
2594,2594,7487,小津産業(株),東証STD,"1,863",+2,0.11,"6,700",2026/09/30
2595,2595,9286,エネクス・インフラ投資法人,東証,"43,900",+50,0.11,"1,107",2026/09/30
2596,2596,2528,iFreeETF 東証REIT Core指数,東証ETF,"1,034",+1,0.1,"20,936",2026/09/30
2597,2597,2563,iシェアーズ S&P500 米国株 ETF(H有),東証ETF,404.6,+0.4,0.1,"131,420",2026/09/30
2598,2598,2883,(株)大冷,東証STD,"1,970",+2,0.1,"4,500",2026/09/30
2599,2599,3109,シキボウ(株),東証PRM,"1,042",+1,0.1,"51,700",2026/09/30
2600,2600,3140,ＢＲＵＮＯ(株),東証GRT,"1,020",+1,0.1,"3,900",2026/09/30
2601,2601,3641,(株)パピレス,東証STD,998,+1,0.1,"1,700",2026/09/30
2602,2602,494A,One ETF 日本国債 3-7年,東証ETF,976.8,+1,0.1,"1,910",2026/09/30
2603,2603,6111,旭精機工業(株),名証MN,"2,040",+2,0.1,400,2026/09/30
2604,2604,6125,(株)岡本工作機械製作所,東証STD,"4,875",+5,0.1,"22,200",2026/09/30
2605,2605,8233,(株)高島屋,東証PRM,"2,106.5",+2,0.1,"1,941,400",2026/09/30
2606,2606,9110,ＮＳユナイテッド海運(株),東証PRM,"10,520",+10,0.1,"73,000",2026/09/30
2607,2607,9996,(株)サトー商会,東証STD,"1,992",+2,0.1,200,2026/09/30
2608,2608,189A,(株)Ｄ＆Ｍカンパニー,東証GRT,"1,090",+1,0.09,"6,700",2026/09/30
2609,2609,2209,井村屋グループ(株),東証PRM,"2,303",+2,0.09,"40,300",2026/09/30
2610,2610,236A,iシェアーズ 日本国債7-10年,東証ETF,433.9,+0.4,0.09,"31,100",2026/09/30
2611,2611,2631,MAXIS ナスダック100上場投信,東証ETF,"34,060",+30,0.09,"10,033",2026/09/30
2612,2612,2933,(株)紀文食品,東証PRM,"1,098",+1,0.09,"62,400",2026/09/30
2613,2613,3178,チムニー(株),東証STD,"1,139",+1,0.09,"12,800",2026/09/30
2614,2614,3276,(株)ＪＰＭＣ,東証PRM,"2,267",+2,0.09,"31,700",2026/09/30
2615,2615,3391,(株)ツルハホールディングス,東証PRM,"2,116",+2,0.09,"1,704,100",2026/09/30
2616,2616,3912,(株)モバイルファクトリー,東証STD,"1,093",+1,0.09,"6,200",2026/09/30
2617,2617,4062,イビデン(株),東証PRM,"11,030",+10,0.09,"9,789,200",2026/09/30
2618,2618,4709,(株)ＩＤホールディングス,東証PRM,"1,088",+1,0.09,"56,100",2026/09/30
2619,2619,537A,NZAM 上場投信 全世界株式(MSCI ACWI)(H無),東証ETF,"1,116",+1,0.09,105,2026/09/30
2620,2620,564A,GX S&P先進国キャッシュフロー・トップ100,東証ETF,"1,095",+1,0.09,311,2026/09/30
2621,2621,7214,ＧＭＢ(株),東証STD,"1,126",+1,0.09,"2,300",2026/09/30
2622,2622,7490,日新商事(株),東証STD,"2,192",+2,0.09,"10,000",2026/09/30
2623,2623,7991,マミヤ・オーピー(株),東証STD,"1,059",+1,0.09,"7,500",2026/09/30
2624,2624,8876,(株)リログループ,東証PRM,"2,273",+2,0.09,"453,700",2026/09/30
2625,2625,8952,ジャパンリアルエステイト投資法人,東証,"108,900",+100,0.09,"21,586",2026/09/30
2626,2626,8984,大和ハウスリート投資法人,東証,"111,000",+100,0.09,"13,772",2026/09/30
2627,2627,9791,(株)ビケンテクノ,東証STD,"1,176",+1,0.09,"3,900",2026/09/30
2628,2628,1545,(NEXT FUNDS)NASDAQ-100(H無)連動型上場投信,東証ETF,240.1,+0.2,0.08,"2,336,780",2026/09/30
2629,2629,2865,GX NASDAQ100・カバード・コール,東証ETF,"1,288",+1,0.08,"146,624",2026/09/30
2630,2630,3281,ＧＬＰ投資法人,東証,"131,300",+100,0.08,"13,228",2026/09/30
2631,2631,3320,クロスプラス(株),東証STD,"1,301",+1,0.08,"3,000",2026/09/30
2632,2632,3698,(株)ＣＲＩ・ミドルウェア,東証STD,"1,201",+1,0.08,"1,900",2026/09/30
2633,2633,386A,(株)みのや,東証STD,"1,253",+1,0.08,600,2026/09/30
2634,2634,6505,東洋電機製造(株),東証STD,"2,451",+2,0.08,"25,600",2026/09/30
2635,2635,7957,フジコピアン(株),東証STD,"2,379",+2,0.08,"28,900",2026/09/30
2636,2636,8115,ムーンバット(株),東証STD,"1,316",+1,0.08,200,2026/09/30
2637,2637,8977,阪急阪神リート投資法人,東証,"130,300",+100,0.08,"1,683",2026/09/30
2638,2638,9357,名港海運(株),名証MN,"2,490",+2,0.08,200,2026/09/30
2639,2639,1482,iシェアーズ・コア 米国債7-10年ETF(H有),東証ETF,"1,485",+1,0.07,"150,810",2026/09/30
2640,2640,210A,iFreeETF 日経高利回りREIT指数,東証ETF,"1,516",+1,0.07,"31,635",2026/09/30
2641,2641,2168,(株)パソナグループ,東証PRM,"1,539",+1,0.07,"106,500",2026/09/30
2642,2642,2252,GX Morningstar 米国中小型 Moat,東証ETF,"1,357",+1,0.07,30,2026/09/30
2643,2643,2853,iシェアーズ 気候リスク調整世界国債(除く日本・H有),東証ETF,598.6,+0.4,0.07,10,2026/09/30
2644,2644,416A,富士ユナイトホールディングス(株),東証STD,"1,342",+1,0.07,"12,700",2026/09/30
2645,2645,4642,オリジナル設計(株),東証STD,"1,401",+1,0.07,"1,300",2026/09/30
2646,2646,4771,(株)エフアンドエム,東証STD,"2,734",+2,0.07,"11,500",2026/09/30
2647,2647,6062,(株)チャーム・ケア・コーポレーション,東証PRM,"1,419",+1,0.07,"97,100",2026/09/30
2648,2648,6942,(株)ソフィアホールディングス,東証STD,"1,407",+1,0.07,"3,600",2026/09/30
2649,2649,7374,(株)コンフィデンス・インターワークス,東証GRT,"1,502",+1,0.07,"3,100",2026/09/30
2650,2650,7506,(株)ハウス　オブ　ローゼ,東証STD,"1,373",+1,0.07,600,2026/09/30
2651,2651,7735,(株)ＳＣＲＥＥＮホールディングス,東証PRM,"14,540",+10,0.07,"3,017,600",2026/09/30
2652,2652,8972,KDX不動産投資法人,東証,"143,300",+100,0.07,"11,844",2026/09/30
2653,2653,9360,鈴与シンワート(株),東証STD,"2,803",+2,0.07,400,2026/09/30
2654,2654,1488,iFreeETF 東証REIT指数,東証ETF,"1,768",+1,0.06,"46,206",2026/09/30
2655,2655,2301,(株)学情,東証PRM,"1,755",+1,0.06,"115,300",2026/09/30
2656,2656,2510,(NEXT FUNDS)国内債券・NOMURA-BPI総合,東証ETF,792,+0.5,0.06,"131,870",2026/09/30
2657,2657,2555,東証REIT ETF,東証ETF,"1,780",+1,0.06,"11,770",2026/09/30
2658,2658,2627,GX eコマース-日本株式,東証ETF,"1,551",+1,0.06,4,2026/09/30
2659,2659,3375,(株)ＺＯＡ,東証STD,"1,759",+1,0.06,"2,600",2026/09/30
2660,2660,3441,(株)山王,東証STD,"1,722",+1,0.06,"51,100",2026/09/30
2661,2661,4320,(株)ＣＥホールディングス,東証STD,"1,630",+1,0.06,"21,800",2026/09/30
2662,2662,4665,(株)ダスキン,東証PRM,"4,645",+3,0.06,"126,600",2026/09/30
2663,2663,471A,ＮＳグループ(株),東証PRM,"1,541",+1,0.06,"166,400",2026/09/30
2664,2664,568A,iシェアーズ シルバー,東証ETF,157.1,+0.1,0.06,"39,720",2026/09/30
2665,2665,6033,(株)エクストリーム,東証GRT,"1,674",+1,0.06,"17,700",2026/09/30
2666,2666,6322,(株)タクミナ,東証STD,"1,603",+1,0.06,800,2026/09/30
2667,2667,6809,ＴＯＡ(株),東証PRM,"1,718",+1,0.06,"66,700",2026/09/30
2668,2668,8596,(株)九州リースサービス,東証STD,"1,541",+1,0.06,"19,000",2026/09/30
2669,2669,9037,(株)ハマキョウレックス,東証PRM,"1,813",+1,0.06,"125,200",2026/09/30
2670,2670,9251,(株)ＡＢ＆Ｃｏｍｐａｎｙ,東証GRT,"1,571",+1,0.06,"94,100",2026/09/30
2671,2671,1673,WisdomTree 銀上場投信,東証ETF,"8,702",+4,0.05,"1,450",2026/09/30
2672,2672,2244,GX US テック・トップ20,東証ETF,"3,690",+2,0.05,"45,559",2026/09/30
2673,2673,2623,iシェアーズ ユーロ建て投資適格社債(H有),東証ETF,"1,900",+1,0.05,"2,666",2026/09/30
2674,2674,2934,ジェイフロンティア(株),東証GRT,"2,024",+1,0.05,"1,500",2026/09/30
2675,2675,3486,(株)グローバル・リンク・マネジメント,東証PRM,"2,015",+1,0.05,"105,100",2026/09/30
2676,2676,3788,ＧＭＯグローバルサイン・ホールディングス(株),東証PRM,"1,992",+1,0.05,"32,400",2026/09/30
2677,2677,4623,(株)アサヒペン,東証STD,"1,841",+1,0.05,"2,000",2026/09/30
2678,2678,4704,トレンドマイクロ(株),東証PRM,"6,533",+3,0.05,"1,185,000",2026/09/30
2679,2679,6381,アネスト岩田(株),東証PRM,"1,880",+1,0.05,"99,200",2026/09/30
2680,2680,7979,(株)松風,東証PRM,"2,216",+1,0.05,"80,500",2026/09/30
2681,2681,8076,(株)カノークス,東証STD,"2,086",+1,0.05,"5,100",2026/09/30
2682,2682,9962,(株)ミスミグループ本社,東証PRM,"3,859",+2,0.05,"1,217,700",2026/09/30
2683,2683,1487,上場インデックスファンド米国債券(H有),東証ETF,"11,345",+5,0.04,145,2026/09/30
2684,2684,1777,川崎設備工業(株),名証MN,"2,340",+1,0.04,"1,300",2026/09/30
2685,2685,2089,NZAM 上場投信 DAX(H有),東証ETF,"2,817",+1,0.04,1,2026/09/30
2686,2686,2980,ＳＲＥホールディングス(株),東証PRM,"2,298",+1,0.04,"142,000",2026/09/30
2687,2687,383A,MAXIS S&P500均等ウェイト,東証ETF,"2,524",+1,0.04,508,2026/09/30
2688,2688,6317,(株)北川鉄工所,東証STD,"2,553",+1,0.04,"60,100",2026/09/30
2689,2689,7481,尾家産業(株),東証STD,"2,588",+1,0.04,700,2026/09/30
2690,2690,7521,(株)ムサシ,東証STD,"2,648",+1,0.04,900,2026/09/30
2691,2691,9761,東海リース(株),東証STD,"2,380",+1,0.04,"4,000",2026/09/30
2692,2692,1481,上場インデックスファンド日本経済貢献株,東証ETF,"3,872",+1,0.03,311,2026/09/30
2693,2693,1681,上場インデックスファンド海外新興国株式,東証ETF,"3,355",+1,0.03,"11,180",2026/09/30
2694,2694,2559,MAXIS 全世界株式(オール・カントリー)上場投信,東証ETF,"2,954",+1,0.03,"163,638",2026/09/30
2695,2695,3107,ダイワボウホールディングス(株),東証PRM,"3,720",+1,0.03,"272,400",2026/09/30
2696,2696,4413,(株)ボードルア,東証PRM,"2,966",+1,0.03,"467,900",2026/09/30
2697,2697,7201,日産自動車(株),東証PRM,297,+0.1,0.03,"67,134,400",2026/09/30
2698,2698,9143,ＳＧホールディングス(株),東証PRM,"1,444",+0.5,0.03,"1,679,600",2026/09/30
2699,2699,9312,ケイヒン(株),東証STD,"3,000",+1,0.03,"3,300",2026/09/30
2700,2700,7476,アズワン(株),東証PRM,"2,476",+0.5,0.02,"126,100",2026/09/30
2701,2701,9502,中部電力(株),東証PRM,"2,709.5",+0.5,0.02,"4,751,400",2026/09/30
2702,2702,496A,One ETF 日本国債 17-20年,東証ETF,914,+0.1,0.01,350,2026/09/30
2703,2703,636A,SMBC Prime 日本短期債券ETF(年1回決算型),東証ETF,900.1,+0.1,0.01,"6,890",2026/09/30
