順位(全市場),順位,コード,銘柄名,市場,現在値,前日比,騰落率(%),出来高,時刻
1,1,8237,(株)松屋,東証PRM,"2,262",-500,-18.1,"1,957,800",2026/08/31
2,2,278A,Ｔｅｒｒａ　Ｄｒｏｎｅ(株),東証GRT,"17,770","-3,850",-17.81,"12,932,300",2026/08/31
3,3,3907,シリコンスタジオ(株),東証STD,"2,346",-289,-10.97,"2,193,500",2026/08/31
4,4,462A,(株)ＦＵＮＤＩＮＮＯ,東証GRT,333,-40,-10.72,"889,900",2026/08/31
5,5,6118,アイダエンジニアリング(株),東証PRM,"1,180",-138,-10.47,"991,000",2026/08/31
6,6,3350,(株)メタプラネット,東証STD,312,-34,-9.83,"38,783,500",2026/08/31
7,7,485A,(株)パワーエックス,東証GRT,"1,824",-198,-9.79,"7,498,300",2026/08/31
8,8,7600,(株)日本エム・ディ・エム,東証PRM,729,-78,-9.67,"1,296,500",2026/08/31
9,9,3825,(株)リミックスポイント,東証STD,240,-25,-9.43,"4,108,100",2026/08/31
10,10,3810,サイバーステップホールディングス(株),東証STD,171,-17,-9.04,"2,163,200",2026/08/31
11,11,2962,(株)テクニスコ,東証STD,"1,600",-154,-8.78,"439,200",2026/08/31
12,12,4707,(株)キタック,東証STD,333,-32,-8.77,"194,300",2026/08/31
13,13,5575,(株)Ｇｌｏｂｅｅ,東証GRT,"1,150",-110,-8.73,"30,600",2026/08/31
14,14,3987,エコモット(株),東証GRT,691,-66,-8.72,"138,500",2026/08/31
15,15,5242,(株)アイズ,東証GRT,"2,310",-209,-8.3,"10,300",2026/08/31
16,16,3189,(株)ＡＮＡＰホールディングス,東証STD,114,-10,-8.06,"1,026,900",2026/08/31
17,17,2164,(株)地域新聞社,東証STD,144,-12,-7.69,"308,000",2026/08/31
18,18,6522,(株)アスタリスク,東証GRT,"2,156",-179,-7.67,"1,487,500",2026/08/31
19,19,290A,(株)Ｓｙｎｓｐｅｃｔｉｖｅ,東証GRT,"1,499",-123,-7.58,"1,617,700",2026/08/31
20,20,5707,東邦亜鉛(株),東証PRM,"1,097",-85,-7.19,"1,249,900",2026/08/31
21,21,3664,(株)ＷＩＺＥ,東証GRT,26,-2,-7.14,"24,189,600",2026/08/31
22,22,6085,アーキテクツ・スタジオ・ジャパン(株),東証GRT,209,-16,-7.11,"11,700,000",2026/08/31
23,23,4599,(株)ステムリム,東証GRT,332,-25,-7.0,"588,600",2026/08/31
24,24,472A,(株)ミラティブ,東証GRT,561,-41,-6.81,"317,100",2026/08/31
25,25,3647,(株)アスリナ,東証STD,124,-9,-6.77,"439,200",2026/08/31
26,26,8508,Ｊトラスト(株),東証STD,702,-51,-6.77,"4,916,200",2026/08/31
27,27,4499,(株)Ｓｐｅｅｅ,東証STD,"2,420",-171,-6.6,"233,300",2026/08/31
28,28,5711,三菱マテリアル(株),東証PRM,"5,660",-398,-6.57,"3,845,000",2026/08/31
29,29,579A,GX 銀ビジネス,東証ETF,"1,076",-74,-6.43,"23,608",2026/08/31
30,30,464A,(株)ＱＰＳホールディングス,東証GRT,"1,797",-123,-6.41,"3,228,300",2026/08/31
31,31,4593,(株)ヘリオス,東証GRT,287,-19,-6.21,"2,695,000",2026/08/31
32,32,4082,第一稀元素化学工業(株),東証PRM,"2,658",-172,-6.08,"2,182,400",2026/08/31
33,33,4592,サンバイオ(株),東証GRT,970,-62,-6.01,"3,810,000",2026/08/31
34,34,6046,(株)リンクバル,東証STD,160,-10,-5.88,"443,100",2026/08/31
35,35,3787,(株)テクノマセマティカル,東証STD,372,-23,-5.82,"7,200",2026/08/31
36,36,7350,(株)おきなわフィナンシャルグループ,東証PRM,"7,480",-460,-5.79,"670,900",2026/08/31
37,37,186A,(株)アストロスケールホールディングス,東証GRT,"1,133",-69,-5.74,"4,073,800",2026/08/31
38,38,224A,GX ウラニウムビジネス,東証ETF,"1,680",-100,-5.62,"37,958",2026/08/31
39,39,5631,(株)日本製鋼所,東証PRM,"7,380",-439,-5.61,"1,126,200",2026/08/31
40,40,606A,金2倍ブルETF,東証ETF,"23,225","-1,375",-5.59,"8,483",2026/08/31
41,41,2036,NEXT NOTES 金先物 ダブル・ブル ETN,東証ETF,"170,400","-10,050",-5.57,"10,509",2026/08/31
42,42,2492,(株)インフォマート,東証PRM,648,-37,-5.4,"4,128,900",2026/08/31
43,43,9027,(株)ロジネットジャパン,札証,"4,920",-280,-5.38,800,2026/08/31
44,44,6613,(株)ＱＤレーザ,東証GRT,"2,088",-115,-5.22,"3,373,200",2026/08/31
45,45,5857,ＡＲＥホールディングス(株),東証PRM,"3,950",-215,-5.16,"1,146,400",2026/08/31
46,46,5038,(株)ｅＷｅＬＬ,東証GRT,"2,210",-119,-5.11,"122,500",2026/08/31
47,47,1407,(株)ウエストホールディングス,東証STD,"2,625",-135,-4.89,"605,300",2026/08/31
48,48,8783,ａｂｃ(株),東証STD,59,-3,-4.84,"890,700",2026/08/31
49,49,8337,(株)千葉興業銀行,東証PRM,"2,644",-134,-4.82,"1,064,600",2026/08/31
50,50,5985,サンコール(株),東証STD,"2,083",-105,-4.8,"1,061,800",2026/08/31
51,51,2134,北浜キャピタルパートナーズ(株),東証STD,20,-1,-4.76,"624,700",2026/08/31
52,52,3465,ケイアイスター不動産(株),東証PRM,"3,555",-175,-4.69,"305,700",2026/08/31
53,53,2652,(株)まんだらけ,東証STD,444,-21,-4.52,"506,300",2026/08/31
54,54,8729,ソニーフィナンシャルグループ(株),東証PRM,158.3,-7.5,-4.52,"97,537,100",2026/08/31
55,55,7456,松田産業(株),東証PRM,"6,990",-330,-4.51,"130,700",2026/08/31
56,56,6857,(株)アドバンテスト,東証PRM,"33,690","-1,580",-4.48,"9,357,100",2026/08/31
57,57,9412,スカパーＪＳＡＴ(株),東証PRM,"2,095",-98,-4.47,"2,467,100",2026/08/31
58,58,5619,マーソ(株),東証GRT,865,-40,-4.42,"2,100",2026/08/31
59,59,4691,ワシントンホテル(株),東証STD,"2,324",-107,-4.4,"59,700",2026/08/31
60,60,5449,大阪製鐵(株),東証STD,"2,750",-125,-4.35,"21,700",2026/08/31
61,61,4493,(株)サイバーセキュリティクラウド,東証GRT,"1,940",-87,-4.29,"252,800",2026/08/31
62,62,8700,丸八証券(株),東証STD,"2,128",-93,-4.19,"9,500",2026/08/31
63,63,6330,東洋エンジニアリング(株),東証PRM,"2,665",-116,-4.17,"7,861,100",2026/08/31
64,64,1515,日鉄鉱業(株),東証PRM,"3,820",-165,-4.14,"833,200",2026/08/31
65,65,4784,ＧＭＯインターネット(株),東証PRM,558,-24,-4.12,"5,427,300",2026/08/31
66,66,3036,アルコニックス(株),東証PRM,"3,385",-145,-4.11,"143,000",2026/08/31
67,67,4370,モビルス(株),東証GRT,377,-16,-4.07,"383,300",2026/08/31
68,68,8789,フィンテック　グローバル(株),東証STD,166,-7,-4.05,"3,019,700",2026/08/31
69,69,9304,澁澤倉庫(株),東証PRM,"2,092",-88,-4.04,"398,400",2026/08/31
70,70,9211,(株)エフ・コード,東証GRT,"1,482",-62,-4.02,"106,800",2026/08/31
71,71,1899,(株)福田組,東証PRM,"4,830",-200,-3.98,"82,300",2026/08/31
72,72,8011,(株)三陽商会,東証PRM,"1,621",-67,-3.97,"144,100",2026/08/31
73,73,3034,クオールホールディングス(株),東証PRM,"2,429",-98,-3.88,"91,000",2026/08/31
74,74,3994,(株)マネーフォワード,東証PRM,"6,453",-259,-3.86,"452,700",2026/08/31
75,75,2370,(株)メディネット,東証GRT,25,-1,-3.85,"716,900",2026/08/31
76,76,2467,(株)ＶＬＣセキュリティ,名証NXT,175,-7,-3.85,"37,500",2026/08/31
77,77,3302,帝国繊維(株),東証PRM,"3,245",-130,-3.85,"89,700",2026/08/31
78,78,5714,ＤＯＷＡホールディングス(株),東証PRM,"9,998",-397,-3.82,"686,100",2026/08/31
79,79,578A,GX シルバー (H有),東証ETF,257,-10.1,-3.78,"32,230",2026/08/31
80,80,8139,(株)ナガホリ,東証STD,"2,183",-85,-3.75,"4,400",2026/08/31
81,81,5142,アキレス(株),東証PRM,"1,858",-72,-3.73,"159,700",2026/08/31
82,82,1673,WisdomTree 銀上場投信,東証ETF,"9,645",-370,-3.69,"6,240",2026/08/31
83,83,4552,ＪＣＲファーマ(株),東証PRM,523,-20,-3.68,"507,400",2026/08/31
84,84,2160,(株)ジーエヌアイグループ,東証GRT,"2,813",-107,-3.66,"1,147,900",2026/08/31
85,85,2805,ヱスビー食品(株),東証STD,"6,860",-260,-3.65,"437,400",2026/08/31
86,86,5998,(株)アドバネクス,東証STD,"2,647",-99,-3.61,"18,000",2026/08/31
87,87,4570,(株)免疫生物研究所,東証GRT,"1,070",-40,-3.6,"122,700",2026/08/31
88,88,5713,住友金属鉱山(株),東証PRM,"11,115",-410,-3.56,"3,011,400",2026/08/31
89,89,7128,ユニソルホールディングス(株),東証PRM,"2,710",-100,-3.56,"156,000",2026/08/31
90,90,9282,いちごグリーンインフラ投資法人,東証,"36,600","-1,350",-3.56,941,2026/08/31
91,91,5587,(株)インバウンドプラットフォーム,東証GRT,815,-30,-3.55,"9,500",2026/08/31
92,92,8117,中央自動車工業(株),東証STD,"2,205",-81,-3.54,"570,300",2026/08/31
93,93,3260,(株)エスポア,名証NXT,520,-19,-3.53,"12,400",2026/08/31
94,94,3670,協立情報通信(株),名証MN,"1,757",-64,-3.51,200,2026/08/31
95,95,1447,ＳＡＡＦホールディングス(株),東証GRT,414,-15,-3.5,"218,500",2026/08/31
96,96,7721,東京計器(株),東証PRM,"7,190",-260,-3.49,"190,000",2026/08/31
97,97,1419,タマホーム(株),東証PRM,"2,884",-104,-3.48,"1,233,300",2026/08/31
98,98,610A,GX 宇宙テック・トップ10(除く日本),東証ETF,"1,027",-37,-3.48,"96,571",2026/08/31
99,99,9227,マイクロ波化学(株),東証GRT,945,-34,-3.47,"144,100",2026/08/31
100,100,3168,(株)ＭＥＲＦ,東証STD,"1,400",-50,-3.45,"141,000",2026/08/31
101,101,268A,リガク・ホールディングス(株),東証PRM,"1,626",-58,-3.44,"2,138,900",2026/08/31
102,102,6408,小倉クラッチ(株),東証STD,"4,230",-150,-3.42,"5,300",2026/08/31
103,103,7003,(株)三井Ｅ＆Ｓ,東証PRM,"4,400",-156,-3.42,"1,936,200",2026/08/31
104,104,6433,ヒーハイスト(株),東証STD,"1,160",-41,-3.41,"160,600",2026/08/31
105,105,4113,田岡化学工業(株),東証STD,798,-28,-3.39,"61,400",2026/08/31
106,106,3560,(株)ほぼ日,東証STD,"4,290",-150,-3.38,"6,100",2026/08/31
107,107,7011,三菱重工業(株),東証PRM,"3,889",-136,-3.38,"21,853,600",2026/08/31
108,108,568A,iシェアーズ シルバー,東証ETF,175,-6.1,-3.37,"266,340",2026/08/31
109,109,4882,(株)ペルセウスプロテオミクス,東証GRT,144,-5,-3.36,"222,400",2026/08/31
110,110,577A,GX シルバー,東証ETF,262.1,-9.1,-3.36,"13,960",2026/08/31
111,111,1787,(株)ナカボーテック,東証STD,"5,790",-200,-3.34,"1,900",2026/08/31
112,112,4588,オンコリスバイオファーマ(株),東証GRT,"4,650",-160,-3.33,"1,738,100",2026/08/31
113,113,4833,(株)Ｄｅｆ　ｃｏｎｓｕｌｔｉｎｇ,東証GRT,58,-2,-3.33,"4,084,200",2026/08/31
114,114,4894,クオリプス(株),東証GRT,"5,800",-200,-3.33,"111,300",2026/08/31
115,115,4584,キッズウェル・バイオ(株),東証GRT,175,-6,-3.31,"414,100",2026/08/31
116,116,8473,ＳＢＩホールディングス(株),東証PRM,"3,314",-113,-3.3,"5,440,900",2026/08/31
117,117,1542,純銀上場信託(現物国内保管型),東証ETF,"31,180","-1,060",-3.29,"79,477",2026/08/31
118,118,448A,ステート・ストリート・スパイダー ゴールド ETF(H有),東証ETF,265.7,-8.9,-3.24,"62,500",2026/08/31
119,119,4432,ウイングアーク１ｓｔ(株),東証PRM,"3,450",-115,-3.23,"222,300",2026/08/31
120,120,2065,NEXT NOTES 日本株配当貴族（ドルH、NR）ETN,東証ETF,"58,020","-1,930",-3.22,1,2026/08/31
121,121,2901,(株)ウェルディッシュ,東証STD,152,-5,-3.18,"148,800",2026/08/31
122,122,3823,ＴＨＥ　ＷＨＹ　ＨＯＷ　ＤＯ　ＣＯＭＰＡＮＹ(株),東証STD,31,-1,-3.13,"177,900",2026/08/31
123,123,3086,Ｊ．フロント　リテイリング(株),東証PRM,"2,952.5",-94.5,-3.1,"2,449,000",2026/08/31
124,124,6637,寺崎電気産業(株),東証STD,"4,235",-135,-3.09,"23,900",2026/08/31
125,125,1540,純金上場信託(現物国内保管型),東証ETF,"21,240",-675,-3.08,"380,924",2026/08/31
126,126,5131,リンカーズ(株),東証GRT,126,-4,-3.08,"187,800",2026/08/31
127,127,8344,(株)山形銀行,東証PRM,"4,585",-145,-3.07,"214,200",2026/08/31
128,128,5253,カバー(株),東証GRT,"1,677",-53,-3.06,"1,091,200",2026/08/31
129,129,3946,(株)トーモク,東証PRM,"4,455",-140,-3.05,"112,500",2026/08/31
130,130,1328,(NEXT FUNDS)金価格連動型上場投信,東証ETF,"16,750",-525,-3.04,"64,407",2026/08/31
131,131,244A,グロースエクスパートナーズ(株),東証GRT,"1,150",-36,-3.04,"1,800",2026/08/31
132,132,7013,(株)ＩＨＩ,東証PRM,"2,682",-84,-3.04,"10,594,700",2026/08/31
133,133,9407,(株)ＲＫＢ毎日ホールディングス,福証,"5,740",-180,-3.04,200,2026/08/31
134,134,7695,(株)交換できるくん,東証GRT,897,-28,-3.03,"27,200",2026/08/31
135,135,5597,ブルーイノベーション(株),東証GRT,"1,411",-44,-3.02,"75,400",2026/08/31
136,136,6890,(株)フェローテック,東証STD,"9,310",-290,-3.02,"1,649,200",2026/08/31
137,137,569A,iシェアーズ プラチナ,東証ETF,181.2,-5.6,-3.0,"30,110",2026/08/31
138,138,4586,(株)メドレックス,東証GRT,65,-2,-2.99,"1,234,200",2026/08/31
139,139,5537,(株)ＡｌｂａＬｉｎｋ,東証GRT,"3,405",-105,-2.99,"43,700",2026/08/31
140,140,314A,iシェアーズ ゴールド ETF,東証ETF,335.7,-10.3,-2.98,"3,253,730",2026/08/31
141,141,6769,ザインエレクトロニクス(株),東証STD,"1,171",-36,-2.98,"163,200",2026/08/31
142,142,1326,SPDRゴールド･シェア,東証ETF,"65,020","-1,990",-2.97,"15,814",2026/08/31
143,143,2646,GX メタルビジネス-日本株式,東証ETF,"3,881",-119,-2.97,"5,247",2026/08/31
144,144,425A,GX ゴールドETF,東証ETF,379.3,-11.6,-2.97,"582,170",2026/08/31
145,145,8362,(株)福井銀行,東証PRM,"7,000",-210,-2.91,"106,000",2026/08/31
146,146,4889,(株)レナサイエンス,東証GRT,"1,306",-39,-2.9,"390,200",2026/08/31
147,147,6920,レーザーテック(株),東証PRM,"33,640","-1,000",-2.89,"2,467,900",2026/08/31
148,148,146A,コロンビア・ワークス(株),東証STD,"3,535",-105,-2.88,"87,100",2026/08/31
149,149,4258,(株)網屋,東証GRT,"4,545",-135,-2.88,"53,800",2026/08/31
150,150,8698,マネックスグループ(株),東証PRM,743,-22,-2.88,"2,069,300",2026/08/31
151,151,1674,WisdomTree 白金上場投信,東証ETF,"26,125",-770,-2.86,354,2026/08/31
152,152,7018,内海造船(株),東証STD,"12,900",-380,-2.86,"33,100",2026/08/31
153,153,2326,デジタルアーツ(株),東証PRM,"4,595",-135,-2.85,"90,700",2026/08/31
154,154,4069,(株)ＢｌｕｅＭｅｍｅ,東証GRT,715,-21,-2.85,"10,400",2026/08/31
155,155,4568,第一三共(株),東証PRM,"2,848",-83,-2.83,"8,976,600",2026/08/31
156,156,8771,イー・ギャランティ(株),東証PRM,"1,751",-51,-2.83,"214,900",2026/08/31
157,157,3600,(株)フジックス,東証STD,"1,720",-50,-2.82,200,2026/08/31
158,158,3926,(株)オープンドア,東証STD,414,-12,-2.82,"45,400",2026/08/31
159,159,7138,(株)ＴＯＲＩＣＯ,東証GRT,173,-5,-2.81,"860,600",2026/08/31
160,160,141A,(株)トライアルホールディングス,東証GRT,"4,020",-115,-2.78,"574,200",2026/08/31
161,161,424A,GX ゴールドETF(H有),東証ETF,339.7,-9.7,-2.78,"234,560",2026/08/31
162,162,6981,(株)村田製作所,東証PRM,"7,191",-206,-2.78,"21,559,700",2026/08/31
163,163,5590,(株)ネットスターズ,東証GRT,705,-20,-2.76,"108,200",2026/08/31
164,164,7685,(株)ＢｕｙＳｅｌｌ　Ｔｅｃｈｎｏｌｏｇｉｅｓ,東証GRT,"3,175",-90,-2.76,"282,500",2026/08/31
165,165,2315,(株)ＣＡＩＣＡ　ＤＩＧＩＴＡＬ,東証STD,71,-2,-2.74,"4,866,500",2026/08/31
166,166,4286,(株)ＣＬホールディングス,東証STD,"1,348",-38,-2.74,"32,500",2026/08/31
167,167,149A,(株)シンカ,東証GRT,788,-22,-2.72,"11,500",2026/08/31
168,168,1997,暁飯島工業(株),東証STD,"3,940",-110,-2.72,"2,800",2026/08/31
169,169,590A,ギフティグループ(株),東証PRM,"1,323",-37,-2.72,"144,100",2026/08/31
170,170,6045,(株)レントラックス,東証GRT,"2,432",-68,-2.72,"36,600",2026/08/31
171,171,5724,(株)アサカ理研,東証STD,"3,235",-90,-2.71,"126,700",2026/08/31
172,172,6366,千代田化工建設(株),東証STD,718,-20,-2.71,"1,830,100",2026/08/31
173,173,2736,フェスタリアホールディングス(株),東証STD,614,-17,-2.69,"17,200",2026/08/31
174,174,9982,タキヒヨー(株),東証STD,"2,500",-69,-2.69,"4,300",2026/08/31
175,175,4274,細谷火工(株),東証STD,"1,090",-30,-2.68,"16,400",2026/08/31
176,176,8624,いちよし証券(株),東証PRM,"1,741",-48,-2.68,"164,900",2026/08/31
177,177,1672,WisdomTree 金上場投信,東証ETF,"65,750","-1,780",-2.64,639,2026/08/31
178,178,4047,関東電化工業(株),東証PRM,"2,298",-62,-2.63,"2,274,800",2026/08/31
179,179,7581,(株)サイゼリヤ,東証PRM,"7,080",-190,-2.61,"330,000",2026/08/31
180,180,603A,(株)アイ・グリッド・ソリューションズ,東証GRT,"1,011",-27,-2.6,"3,502,700",2026/08/31
181,181,447A,ステート・ストリート・スパイダー ゴールド ETF(H無),東証ETF,282.5,-7.5,-2.59,"138,770",2026/08/31
182,182,1563,東証グロース･コア,東証ETF,"2,550",-67,-2.56,"57,219",2026/08/31
183,183,3556,リネットジャパングループ(株),東証GRT,801,-21,-2.55,"104,900",2026/08/31
184,184,2961,日本調理機(株),東証STD,"1,609",-42,-2.54,"3,900",2026/08/31
185,185,4776,サイボウズ(株),東証PRM,"3,260",-85,-2.54,"350,600",2026/08/31
186,186,3498,霞ヶ関キャピタル(株),東証PRM,"7,700",-200,-2.53,"276,500",2026/08/31
187,187,6264,(株)マルマエ,東証PRM,"2,000",-52,-2.53,"650,500",2026/08/31
188,188,4475,ＨＥＮＮＧＥ(株),東証GRT,"1,743",-45,-2.52,"905,200",2026/08/31
189,189,4563,アンジェス(株),東証GRT,39,-1,-2.5,"744,000",2026/08/31
190,190,7199,プレミアグループ(株),東証PRM,"2,104",-54,-2.5,"273,500",2026/08/31
191,191,4019,(株)スタメン,東証GRT,665,-17,-2.49,"40,800",2026/08/31
192,192,1541,純プラチナ上場信託(現物国内保管型),東証ETF,"8,413",-213,-2.47,"22,128",2026/08/31
193,193,581A,ＧＯ(株),東証GRT,"4,335",-110,-2.47,"4,008,100",2026/08/31
194,194,5027,ＡｎｙＭｉｎｄ　Ｇｒｏｕｐ(株),東証GRT,794,-20,-2.46,"409,900",2026/08/31
195,195,4059,(株)まぐまぐ,東証STD,399,-10,-2.44,"1,800",2026/08/31
196,196,1686,WisdomTree 産業用金属上場投信,東証ETF,"3,010",-75,-2.43,230,2026/08/31
197,197,4884,クリングルファーマ(株),東証GRT,442,-11,-2.43,"120,900",2026/08/31
198,198,584A,ＬｉＮＫＸ(株),東証GRT,"2,815",-70,-2.43,"153,200",2026/08/31
199,199,2330,(株)フォーサイド,東証STD,81,-2,-2.41,"271,100",2026/08/31
200,200,4575,(株)キャンバス,東証GRT,863,-21,-2.38,"162,400",2026/08/31
201,201,6547,(株)グリーンズ,東証STD,"2,130",-52,-2.38,"55,500",2026/08/31
202,202,215A,(株)タイミー,東証GRT,"1,775",-43,-2.37,"1,555,100",2026/08/31
203,203,7613,シークス(株),東証PRM,"1,606",-39,-2.37,"227,700",2026/08/31
204,204,8233,(株)高島屋,東証PRM,"2,343.5",-57,-2.37,"1,870,400",2026/08/31
205,205,6363,(株)酉島製作所,東証PRM,"2,993",-72,-2.35,"244,100",2026/08/31
206,206,9256,(株)サクシード,東証GRT,"1,166",-28,-2.35,"31,200",2026/08/31
207,207,7603,ジーイエット(株),東証STD,42,-1,-2.33,"1,139,700",2026/08/31
208,208,247A,Ａｉロボティクス(株),東証GRT,"1,055",-25,-2.31,"1,496,600",2026/08/31
209,209,2501,サッポロビール(株),東証PRM,"1,888",-44,-2.28,"1,315,200",2026/08/31
210,210,521A,iFreeETF FANG+ゴールド,東証ETF,"2,105",-49,-2.27,"90,274",2026/08/31
211,211,166A,(株)タスキホールディングス,東証PRM,"1,183",-27,-2.23,"350,600",2026/08/31
212,212,8151,(株)東陽テクニカ,東証PRM,"1,933",-44,-2.23,"235,600",2026/08/31
213,213,3807,(株)フィスコ,東証GRT,88,-2,-2.22,"289,100",2026/08/31
214,214,6993,大黒屋ホールディングス(株),東証STD,88,-2,-2.22,"1,530,600",2026/08/31
215,215,7063,(株)Ｂｉｒｄｍａｎ,東証GRT,88,-2,-2.22,"671,800",2026/08/31
216,216,9979,(株)大庄,東証STD,"1,057",-24,-2.22,"102,700",2026/08/31
217,217,206A,(株)ＰＲＩＳＭ　ＢｉｏＬａｂ,東証GRT,177,-4,-2.21,"77,900",2026/08/31
218,218,9363,(株)大運,東証STD,530,-12,-2.21,"71,900",2026/08/31
219,219,4587,ペプチドリーム(株),東証PRM,"1,090",-24.5,-2.2,"907,800",2026/08/31
220,220,7936,(株)アシックス,東証PRM,"4,500",-101,-2.2,"5,277,500",2026/08/31
221,221,8622,水戸証券(株),東証PRM,976,-22,-2.2,"606,600",2026/08/31
222,222,8541,(株)愛媛銀行,東証PRM,"3,145",-70,-2.18,"180,000",2026/08/31
223,223,6357,三精テクノロジーズ(株),東証STD,"2,755",-61,-2.17,"67,800",2026/08/31
224,224,2484,(株)出前館,東証STD,181,-4,-2.16,"964,800",2026/08/31
225,225,6745,ホーチキ(株),東証PRM,"1,946",-43,-2.16,"163,300",2026/08/31
226,226,7779,ＣＹＢＥＲＤＹＮＥ(株),東証GRT,226,-5,-2.16,"2,486,200",2026/08/31
227,227,512A,GX ステーブルコイン&トークンビジネス(除く日本),東証ETF,"1,187",-26,-2.14,"2,560",2026/08/31
228,228,9336,大栄環境(株),東証PRM,"3,885",-85,-2.14,"136,600",2026/08/31
229,229,8798,(株)アドバンスクリエイト,東証PRM,138,-3,-2.13,"29,000",2026/08/31
230,230,2245,(NEXT FUNDS) ブルームバーグ 独国債(7-10年)(H有),東証ETF,700.5,-15.2,-2.12,20,2026/08/31
231,231,3696,(株)セレス,東証PRM,"2,210",-47,-2.08,"195,900",2026/08/31
232,232,6146,(株)ディスコ,東証PRM,"58,120","-1,230",-2.07,"1,654,400",2026/08/31
233,233,6814,古野電気(株),東証PRM,"7,580",-160,-2.07,"232,000",2026/08/31
234,234,8185,(株)チヨダ,東証PRM,993,-21,-2.07,"564,100",2026/08/31
235,235,8558,(株)東和銀行,東証PRM,"1,465",-31,-2.07,"163,000",2026/08/31
236,236,9115,明海グループ(株),東証STD,"1,039",-22,-2.07,"68,900",2026/08/31
237,237,4968,荒川化学工業(株),東証PRM,"2,141",-45,-2.06,"210,400",2026/08/31
238,238,8830,住友不動産(株),東証PRM,"3,326",-70,-2.06,"4,504,400",2026/08/31
239,239,6327,北川精機(株),東証STD,"3,110",-65,-2.05,"260,800",2026/08/31
240,240,7175,今村証券(株),東証STD,"1,960",-41,-2.05,"12,600",2026/08/31
241,241,8167,(株)リテールパートナーズ,東証PRM,"1,389",-29,-2.05,"126,800",2026/08/31
242,242,4004,(株)レゾナック・ホールディングス,東証PRM,"15,845",-330,-2.04,"2,025,300",2026/08/31
243,243,6986,双葉電子工業(株),東証PRM,768,-16,-2.04,"716,000",2026/08/31
244,244,9941,太洋物産(株),東証STD,"1,201",-25,-2.04,"23,300",2026/08/31
245,245,6222,(株)島精機製作所,東証PRM,966,-20,-2.03,"407,600",2026/08/31
246,246,4554,富士製薬工業(株),東証PRM,"1,793",-37,-2.02,"131,000",2026/08/31
247,247,4755,楽天グループ(株),東証PRM,776,-16,-2.02,"15,149,800",2026/08/31
248,248,6268,ナブテスコ(株),東証PRM,"4,611",-95,-2.02,"1,174,500",2026/08/31
249,249,6501,(株)日立製作所,東証PRM,"5,438",-112,-2.02,"10,725,200",2026/08/31
250,250,7725,(株)インターアクション,東証PRM,"1,791",-37,-2.02,"78,000",2026/08/31
251,251,7733,オリンパス(株),東証PRM,"2,105.5",-43.5,-2.02,"5,568,000",2026/08/31
252,252,2698,(株)キャンドゥ,東証STD,"3,420",-70,-2.01,"16,200",2026/08/31
253,253,7111,ＩＮＥＳＴ(株),東証STD,535,-11,-2.01,"26,300",2026/08/31
254,254,2254,GX チャイナEV&バッテリー,東証ETF,"1,078",-22,-2.0,"77,501",2026/08/31
255,255,396A,業界改革厳選ETF REITイベント・ドリブン,東証ETF,489.9,-10,-2.0,20,2026/08/31
256,256,3542,(株)ベガコーポレーション,東証GRT,"1,477",-30,-1.99,"21,000",2026/08/31
257,257,9279,(株)ギフトホールディングス,東証PRM,"2,426",-49,-1.98,"304,800",2026/08/31
258,258,5480,日本冶金工業(株),東証PRM,"5,470",-110,-1.97,"62,900",2026/08/31
259,259,7963,興研(株),東証STD,"1,787",-36,-1.97,"2,300",2026/08/31
260,260,3936,(株)グローバルウェイ,東証GRT,150,-3,-1.96,"458,400",2026/08/31
261,261,8511,日本証券金融(株),東証PRM,"2,504",-50,-1.96,"171,100",2026/08/31
262,262,3549,(株)クスリのアオキホールディングス,東証STD,"4,114",-82,-1.95,"230,200",2026/08/31
263,263,580A,GX 銅ビジネス,東証ETF,"1,108",-22,-1.95,"27,457",2026/08/31
264,264,6376,日機装(株),東証PRM,"3,765",-75,-1.95,"834,800",2026/08/31
265,265,4112,保土谷化学工業(株),東証PRM,"2,186",-43,-1.93,"29,100",2026/08/31
266,266,4664,ＲＳＣ,東証STD,"1,020",-20,-1.92,"39,200",2026/08/31
267,267,3769,ＧＭＯペイメントゲートウェイ(株),東証PRM,"9,444",-184,-1.91,"255,000",2026/08/31
268,268,6563,(株)みらいワークス,東証GRT,463,-9,-1.91,"113,000",2026/08/31
269,269,2376,(株)サイネックス,東証STD,776,-15,-1.9,200,2026/08/31
270,270,3481,三菱地所物流リート投資法人,東証,"113,300","-2,200",-1.9,"8,300",2026/08/31
271,271,3991,ウォンテッドリー(株),東証GRT,"1,030",-20,-1.9,"17,300",2026/08/31
272,272,4571,ＮＡＮＯ　ホールディングス(株),東証GRT,103,-2,-1.9,"436,100",2026/08/31
273,273,9271,(株)和心,東証GRT,983,-19,-1.9,"12,200",2026/08/31
274,274,3539,(株)ＪＭホールディングス,東証PRM,"1,456",-28,-1.89,"137,800",2026/08/31
275,275,4812,(株)電通総研,東証PRM,"2,853",-55,-1.89,"3,076,900",2026/08/31
276,276,8747,豊トラスティ証券(株),東証STD,"2,286",-44,-1.89,"9,600",2026/08/31
277,277,9610,ウィルソン・ラーニング　ワールドワイド(株),東証STD,104,-2,-1.89,"101,800",2026/08/31
278,278,2097,GX レジデンシャル・J-REIT,東証ETF,942,-18,-1.88,"36,283",2026/08/31
279,279,6643,(株)戸上電機製作所,東証STD,"5,750",-110,-1.88,"8,400",2026/08/31
280,280,8697,(株)日本取引所グループ,東証PRM,"2,250",-43,-1.88,"6,808,400",2026/08/31
281,281,1689,WisdomTree 天然ガス上場投信,東証ETF,736,-14,-1.87,"54,120",2026/08/31
282,282,2345,(株)ＨＯＤＬ１,東証STD,105,-2,-1.87,"123,200",2026/08/31
283,283,8111,(株)ゴールドウイン,東証PRM,"2,149",-41,-1.87,"1,051,800",2026/08/31
284,284,9408,(株)ＢＳＮメディアホールディングス,東証STD,"2,620",-50,-1.87,100,2026/08/31
285,285,2375,ギグワークス(株),東証STD,211,-4,-1.86,"53,300",2026/08/31
286,286,5283,(株)高見澤,東証STD,"3,160",-60,-1.86,700,2026/08/31
287,287,4594,ブライトパス・バイオ(株),東証GRT,53,-1,-1.85,"526,300",2026/08/31
288,288,5133,(株)テリロジーホールディングス,東証STD,318,-6,-1.85,"88,500",2026/08/31
289,289,8708,アイザワ証券グループ(株),東証PRM,"1,855",-35,-1.85,"209,400",2026/08/31
290,290,9166,(株)ＧＥＮＤＡ,東証GRT,748,-14,-1.84,"1,595,500",2026/08/31
291,291,2096,GX オフィス・J-REIT,東証ETF,"1,021",-19,-1.83,"59,542",2026/08/31
292,292,2552,上場Ｊリート(東証REIT指数)隔月分配(ミニ),東証ETF,"1,930",-36,-1.83,"427,744",2026/08/31
293,293,554A,(株)バトンズ,東証GRT,"1,560",-29,-1.83,"4,600",2026/08/31
294,294,2788,アップルインターナショナル(株),東証STD,431,-8,-1.82,"44,800",2026/08/31
295,295,2975,スター・マイカ・ホールディングス(株),東証PRM,"1,563",-29,-1.82,"157,500",2026/08/31
296,296,360A,東証REIT Core ETF,東証ETF,"1,086",-20,-1.81,130,2026/08/31
297,297,6141,ＤＭＧ森精機(株),東証PRM,"2,990",-55,-1.81,"2,256,500",2026/08/31
298,298,340A,(株)ジグザグ,東証GRT,328,-6,-1.8,"15,500",2026/08/31
299,299,3836,(株)アバントグループ,東証PRM,"1,199",-22,-1.8,"69,000",2026/08/31
300,300,3905,データセクション(株),東証GRT,"1,696",-31,-1.8,"4,715,300",2026/08/31
301,301,7222,日産車体(株),東証STD,927,-17,-1.8,"159,500",2026/08/31
302,302,153A,(株)カウリス,東証GRT,"1,430",-26,-1.79,"47,500",2026/08/31
303,303,3993,(株)ＰＫＳＨＡ　Ｔｅｃｈｎｏｌｏｇｙ,東証PRM,"3,295",-60,-1.79,"1,225,900",2026/08/31
304,304,466A,GX 防衛テック,東証ETF,"1,099",-20,-1.79,"15,707",2026/08/31
305,305,5254,(株)Ａｒｅｎｔ,東証GRT,"4,120",-75,-1.79,"7,800",2026/08/31
306,306,6063,日本エマージェンシーアシスタンス(株),東証STD,988,-18,-1.79,"1,500",2026/08/31
307,307,1676,WisdomTree 貴金属バスケット上場投信,東証ETF,"44,200",-800,-1.78,111,2026/08/31
308,308,1795,(株)マサル,東証STD,"5,510",-100,-1.78,700,2026/08/31
309,309,4617,中国塗料(株),東証PRM,"3,595",-65,-1.78,"127,700",2026/08/31
310,310,7849,スターツ出版(株),東証STD,"3,050",-55,-1.77,"1,000",2026/08/31
311,311,3663,(株)セルシス,東証PRM,"1,953",-35,-1.76,"152,300",2026/08/31
312,312,7033,(株)マネジメントソリューションズ,東証PRM,"1,672",-30,-1.76,"71,600",2026/08/31
313,313,8388,(株)阿波銀行,東証PRM,"10,020",-180,-1.76,"251,800",2026/08/31
314,314,3563,(株)ＦＯＯＤ　＆　ＬＩＦＥ　ＣＯＭＰＡＮＩＥＳ,東証PRM,"5,885",-105,-1.75,"1,814,100",2026/08/31
315,315,3612,(株)ワールド,東証PRM,"1,627",-29,-1.75,"349,200",2026/08/31
316,316,4369,(株)トリケミカル研究所,東証PRM,"3,080",-55,-1.75,"887,500",2026/08/31
317,317,7550,(株)ゼンショーホールディングス,東証PRM,"11,790",-210,-1.75,"497,100",2026/08/31
318,318,8600,トモニホールディングス(株),東証PRM,"1,123",-20,-1.75,"471,600",2026/08/31
319,319,4523,エーザイ(株),東証PRM,"4,740",-84,-1.74,"2,105,200",2026/08/31
320,320,513A,GX 防衛テック-日本株式,東証ETF,845,-15,-1.74,"198,121",2026/08/31
321,321,6278,ユニオンツール(株),東証PRM,"14,120",-250,-1.74,"228,700",2026/08/31
322,322,6742,(株)京三製作所,東証PRM,"1,018",-18,-1.74,"242,700",2026/08/31
323,323,3374,内外テック(株),東証STD,"4,250",-75,-1.73,"32,000",2026/08/31
324,324,408A,iシェアーズ AI グローバル・イノベーション アクティブ,東証ETF,289.2,-5.1,-1.73,"626,730",2026/08/31
325,325,7255,(株)桜井製作所,東証STD,511,-9,-1.73,100,2026/08/31
326,326,3179,シュッピン(株),東証PRM,"1,200",-21,-1.72,"41,700",2026/08/31
327,327,4417,グローバルセキュリティエキスパート(株),東証GRT,"4,865",-85,-1.72,"39,100",2026/08/31
328,328,7810,(株)クロスフォー,東証STD,171,-3,-1.72,"642,600",2026/08/31
329,329,8278,(株)フジ,東証PRM,"2,056",-36,-1.72,"155,000",2026/08/31
330,330,4519,中外製薬(株),東証PRM,"6,913",-120,-1.71,"2,937,400",2026/08/31
331,331,575A,前澤ホールディングス(株),東証PRM,"1,901",-33,-1.71,"166,700",2026/08/31
332,332,6594,ニデック(株),東証PRM,"2,581",-45,-1.71,"5,285,900",2026/08/31
333,333,4344,ソースネクスト(株),東証PRM,116,-2,-1.69,"897,600",2026/08/31
334,334,4478,フリー(株),東証GRT,"4,360",-75,-1.69,"689,400",2026/08/31
335,335,8931,和田興産(株),東証STD,"1,338",-23,-1.69,"12,600",2026/08/31
336,336,3937,(株)Ｕｂｉｃｏｍホールディングス,東証STD,"1,231",-21,-1.68,"69,800",2026/08/31
337,337,4243,(株)ニックス,東証STD,"1,051",-18,-1.68,"1,300",2026/08/31
338,338,4393,(株)バンク・オブ・イノベーション,東証GRT,"5,850",-100,-1.68,"46,700",2026/08/31
339,339,6579,ログリー(株),東証GRT,352,-6,-1.68,"3,400",2026/08/31
340,340,335A,(株)ミライロ,東証GRT,353,-6,-1.67,"11,100",2026/08/31
341,341,5337,ダントーホールディングス(株),東証STD,822,-14,-1.67,"4,900",2026/08/31
342,342,8013,(株)ナイガイ,東証STD,354,-6,-1.67,"3,300",2026/08/31
343,343,8707,岩井コスモホールディングス(株),東証PRM,"4,715",-80,-1.67,"168,200",2026/08/31
344,344,9345,ビズメイツ(株),東証GRT,589,-10,-1.67,"2,900",2026/08/31
345,345,9036,東部ネットワーク(株),東証STD,"1,250",-21,-1.65,"2,300",2026/08/31
346,346,2815,アリアケジャパン(株),東証PRM,"5,410",-90,-1.64,"113,700",2026/08/31
347,347,4527,ロート製薬(株),東証PRM,"3,055",-51,-1.64,"999,700",2026/08/31
348,348,6492,岡野バルブ製造(株),東証STD,"13,830",-230,-1.64,"7,100",2026/08/31
349,349,1871,ピーエス・コンストラクション(株),東証PRM,"2,296",-38,-1.63,"82,100",2026/08/31
350,350,6543,(株)日宣,東証STD,"1,205",-20,-1.63,"4,600",2026/08/31
351,351,9201,日本航空(株),東証PRM,"3,012",-50,-1.63,"1,861,000",2026/08/31
352,352,6907,ジオマテック(株),東証STD,791,-13,-1.62,"12,400",2026/08/31
353,353,346A,(NEXT FUNDS) S&P500 半導体・半導体製造装置35%,東証ETF,"4,890",-80,-1.61,"5,832",2026/08/31
354,354,8551,(株)北日本銀行,東証PRM,"7,950",-130,-1.61,"40,300",2026/08/31
355,355,9556,ＩＮＴＬＯＯＰ(株),東証GRT,"2,323",-38,-1.61,"29,600",2026/08/31
356,356,3038,(株)神戸物産,東証PRM,"2,824",-46,-1.6,"1,321,200",2026/08/31
357,357,7012,川崎重工業(株),東証PRM,"2,581",-42,-1.6,"11,248,200",2026/08/31
358,358,8585,(株)オリエントコーポレーション,東証PRM,867,-14,-1.59,"490,600",2026/08/31
359,359,2637,GX クリーンテック-日本株式,東証ETF,"2,685",-43,-1.58,"2,634",2026/08/31
360,360,323A,(株)フライヤー,東証GRT,374,-6,-1.58,"21,200",2026/08/31
361,361,413A,iFreeETF キャセイ台湾テックリーダー指数,東証ETF,"3,865",-62,-1.58,"20,490",2026/08/31
362,362,4403,日油(株),東証PRM,"2,712",-43.5,-1.58,"988,300",2026/08/31
363,363,5137,(株)スマートドライブ,東証GRT,312,-5,-1.58,"2,338,000",2026/08/31
364,364,5310,東洋炭素(株),東証PRM,"6,840",-110,-1.58,"94,600",2026/08/31
365,365,8015,豊田通商(株),東証PRM,"7,478",-120,-1.58,"2,441,700",2026/08/31
366,366,7716,(株)ナカニシ,東証STD,"3,125",-50,-1.57,"512,000",2026/08/31
367,367,415A,ＧＭＯ　ＴＥＣＨホールディングス(株),東証GRT,"5,050",-80,-1.56,900,2026/08/31
368,368,1888,若築建設(株),東証PRM,"3,810",-60,-1.55,"17,300",2026/08/31
369,369,6346,キクカワエンタープライズ(株),東証STD,"5,720",-90,-1.55,100,2026/08/31
370,370,9343,(株)アイビス,東証GRT,827,-13,-1.55,"61,200",2026/08/31
371,371,6775,(株)ＴＢグループ,東証STD,128,-2,-1.54,"303,700",2026/08/31
372,372,7383,(株)ネットプロテクションズホールディングス,東証PRM,448,-7,-1.54,"619,500",2026/08/31
373,373,9107,川崎汽船(株),東証PRM,"3,330",-52,-1.54,"4,883,900",2026/08/31
374,374,5616,(株)雨風太陽,東証GRT,645,-10,-1.53,"3,800",2026/08/31
375,375,5621,(株)ヒューマンテクノロジーズ,東証GRT,"1,678",-26,-1.53,"20,300",2026/08/31
376,376,6305,日立建機(株),東証PRM,"5,735",-89,-1.53,"2,025,300",2026/08/31
377,377,7217,(株)テイン,東証STD,452,-7,-1.53,"1,400",2026/08/31
378,378,8281,ゼビオホールディングス(株),東証PRM,"1,160",-18,-1.53,"113,100",2026/08/31
379,379,3779,ジェイ・エスコム　ホールディングス(株),東証STD,130,-2,-1.52,"41,800",2026/08/31
380,380,7372,(株)デコルテ・ホールディングス,東証GRT,389,-6,-1.52,"13,100",2026/08/31
381,381,7538,(株)大水,東証STD,389,-6,-1.52,"9,300",2026/08/31
382,382,7886,ヤマト　モビリティ　＆　Ｍｆｇ．(株),東証STD,647,-10,-1.52,"9,200",2026/08/31
383,383,8609,(株)岡三証券グループ,東証PRM,"1,235",-19,-1.52,"595,500",2026/08/31
384,384,6521,(株)オキサイド,東証GRT,"3,260",-50,-1.51,"165,900",2026/08/31
385,385,8613,丸三証券(株),東証PRM,"1,306",-20,-1.51,"276,200",2026/08/31
386,386,412A,(NEXT FUNDS) 台湾イノベイティブ・テクノロジー50,東証ETF,"4,388",-67,-1.5,"2,097",2026/08/31
387,387,7719,(株)東京衡機,東証STD,526,-8,-1.5,"1,061,800",2026/08/31
388,388,8253,(株)クレディセゾン,東証PRM,"4,671",-71,-1.5,"763,300",2026/08/31
389,389,3221,(株)ヨシックスホールディングス,東証PRM,"3,300",-50,-1.49,"37,000",2026/08/31
390,390,3443,川田テクノロジーズ(株),東証PRM,"1,388",-21,-1.49,"243,400",2026/08/31
391,391,7551,(株)ウェッズ,東証STD,726,-11,-1.49,"13,400",2026/08/31
392,392,4760,(株)アルファ,東証STD,"1,595",-24,-1.48,"4,100",2026/08/31
393,393,6368,オルガノ(株),東証PRM,"12,995",-195,-1.48,"260,100",2026/08/31
394,394,7352,(株)ＴＷＯＳＴＯＮＥ＆Ｓｏｎｓ,東証GRT,332,-5,-1.48,"47,400",2026/08/31
395,395,9220,エフビー介護サービス(株),東証STD,"1,267",-19,-1.48,"1,600",2026/08/31
396,396,3391,(株)ツルハホールディングス,東証PRM,"2,309",-34.5,-1.47,"1,652,600",2026/08/31
397,397,3791,(株)ＩＧポート,東証STD,"1,075",-16,-1.47,"70,900",2026/08/31
398,398,4596,窪田製薬ホールディングス(株),東証GRT,67,-1,-1.47,"1,118,100",2026/08/31
399,399,7102,日本車輌製造(株),東証PRM,"3,695",-55,-1.47,"39,800",2026/08/31
400,400,8706,極東証券(株),東証PRM,"1,941",-29,-1.47,"198,200",2026/08/31
401,401,9337,(株)トリドリ,東証GRT,"1,475",-22,-1.47,"34,100",2026/08/31
402,402,9706,日本空港ビルデング(株),東証PRM,"5,910",-88,-1.47,"680,700",2026/08/31
403,403,302A,(株)ビースタイルホールディングス,東証GRT,612,-9,-1.45,"40,300",2026/08/31
404,404,526A,JPXスタートアップ急成長100ETF,東証ETF,"2,375",-35,-1.45,"2,250",2026/08/31
405,405,2708,(株)久世,東証STD,"1,910",-28,-1.44,"1,700",2026/08/31
406,406,7477,ムラキ(株),東証STD,"1,577",-23,-1.44,900,2026/08/31
407,407,7791,ドリームベッド(株),東証STD,823,-12,-1.44,"1,900",2026/08/31
408,408,3996,サインポスト(株),東証STD,207,-3,-1.43,"69,500",2026/08/31
409,409,9449,ＧＭＯインターネットグループ(株),東証PRM,"4,198",-61,-1.43,"344,800",2026/08/31
410,410,2790,(株)ナフコ,東証STD,"2,145",-31,-1.42,"7,900",2026/08/31
411,411,4956,コニシ(株),東証PRM,"1,456",-21,-1.42,"140,900",2026/08/31
412,412,3191,(株)ジョイフル本田,東証PRM,"2,236",-32,-1.41,"142,600",2026/08/31
413,413,8844,(株)コスモスイニシア,東証STD,"1,263",-18,-1.41,"27,300",2026/08/31
414,414,3692,(株)ＦＦＲＩセキュリティ,東証GRT,"5,630",-80,-1.4,"114,300",2026/08/31
415,415,4673,川崎地質(株),東証STD,"4,925",-70,-1.4,"2,800",2026/08/31
416,416,4970,東洋合成工業(株),東証STD,"11,300",-160,-1.4,"76,400",2026/08/31
417,417,6266,タツモ(株),東証PRM,"3,525",-50,-1.4,"218,100",2026/08/31
418,418,7425,初穂商事(株),東証STD,"1,130",-16,-1.4,"2,600",2026/08/31
419,419,8617,光世証券(株),東証STD,633,-9,-1.4,"12,500",2026/08/31
420,420,1786,オリエンタル白石(株),東証PRM,356,-5,-1.39,"555,400",2026/08/31
421,421,4058,トヨクモ(株),東証GRT,"2,558",-36,-1.39,"35,100",2026/08/31
422,422,5902,ホッカンホールディングス(株),東証PRM,"2,760",-39,-1.39,"21,000",2026/08/31
423,423,6525,(株)ＫＯＫＵＳＡＩ　ＥＬＥＣＴＲＩＣ,東証PRM,"8,787",-124,-1.39,"19,194,700",2026/08/31
424,424,9348,(株)ｉｓｐａｃｅ,東証GRT,425,-6,-1.39,"576,400",2026/08/31
425,425,9854,愛眼(株),東証STD,284,-4,-1.39,"43,100",2026/08/31
426,426,5821,平河ヒューテック(株),東証PRM,"3,220",-45,-1.38,"39,700",2026/08/31
427,427,6269,三井海洋開発(株),東証PRM,"9,707",-136,-1.38,"563,900",2026/08/31
428,428,6871,(株)日本マイクロニクス,東証PRM,"12,840",-180,-1.38,"1,250,100",2026/08/31
429,429,8153,(株)モスフードサービス,東証PRM,"3,925",-55,-1.38,"191,400",2026/08/31
430,430,175A,(株)Ｗｉｌｌ　Ｓｍａｒｔ,東証GRT,648,-9,-1.37,"3,000",2026/08/31
431,431,6634,(株)ＪＮグループ,東証STD,72,-1,-1.37,"103,900",2026/08/31
432,432,6728,(株)アルバック,東証PRM,"7,496",-104,-1.37,"597,000",2026/08/31
433,433,7793,(株)イメージ・マジック,東証GRT,"1,507",-21,-1.37,700,2026/08/31
434,434,7921,(株)ＴＡＫＡＲＡ　＆　ＣＯＭＰＡＮＹ,東証PRM,"4,335",-60,-1.37,"17,000",2026/08/31
435,435,600A,ニッセイ ETF ラッセル2000,東証ETF,"1,959",-27,-1.36,422,2026/08/31
436,436,6349,(株)小森コーポレーション,東証PRM,"2,038",-28,-1.36,"133,500",2026/08/31
437,437,9344,アクシスコンサルティング(株),東証GRT,"1,302",-18,-1.36,"8,500",2026/08/31
438,438,245A,(株)ＩＮＧＳ,東証GRT,"2,563",-35,-1.35,"2,500",2026/08/31
439,439,6306,日工(株),東証PRM,"1,020",-14,-1.35,"99,600",2026/08/31
440,440,8416,(株)高知銀行,東証STD,"1,172",-16,-1.35,"26,500",2026/08/31
441,441,3998,(株)すららネット,東証GRT,294,-4,-1.34,"2,100",2026/08/31
442,442,4516,日本新薬(株),東証PRM,"3,544",-48,-1.34,"479,500",2026/08/31
443,443,9341,(株)ＧＥＮＯＶＡ,東証PRM,662,-9,-1.34,"124,100",2026/08/31
444,444,1472,(NEXT FUNDS)JPX日経400ダブルインバース,東証ETF,74,-1,-1.33,"11,982",2026/08/31
445,445,2136,(株)ヒップ,東証STD,"1,411",-19,-1.33,"1,300",2026/08/31
446,446,3222,ユナイテッド・スーパーマーケット・ホールディングス(株),東証STD,815,-11,-1.33,"800,300",2026/08/31
447,447,4151,協和キリン(株),東証PRM,"2,628",-35.5,-1.33,"1,563,100",2026/08/31
448,448,4356,応用技術(株),東証STD,"1,637",-22,-1.33,300,2026/08/31
449,449,4577,ダイト(株),東証PRM,"1,333",-18,-1.33,"77,100",2026/08/31
450,450,5290,(株)ベルテクスコーポレーション,東証STD,"1,186",-16,-1.33,"58,500",2026/08/31
451,451,533A,NZAM 上場投信 S&P500(H無),東証ETF,"2,305",-31,-1.33,21,2026/08/31
452,452,6191,(株)エアトリ,東証PRM,817,-11,-1.33,"65,800",2026/08/31
453,453,6301,コマツ,東証PRM,"7,438",-100,-1.33,"3,521,000",2026/08/31
454,454,1621,(NEXT FUNDS)医薬品上場投信,東証ETF,"30,690",-410,-1.32,"1,438",2026/08/31
455,455,294A,(NEXT FUNDS) MSCIジャパン気候変動指数(セレクト),東証ETF,"2,940",-39,-1.31,30,2026/08/31
456,456,4825,(株)ウェザーニューズ,東証PRM,"2,116",-28,-1.31,"128,800",2026/08/31
457,457,5029,サークレイス(株),東証GRT,903,-12,-1.31,"40,700",2026/08/31
458,458,7729,(株)東京精密,東証PRM,"17,755",-235,-1.31,"500,000",2026/08/31
459,459,379A,GX S&P500 (ダイナミック・プロテクション),東証ETF,"1,371",-18,-1.3,76,2026/08/31
460,460,4288,(株)アズジェント,東証STD,455,-6,-1.3,"21,000",2026/08/31
461,461,4360,(株)マナック・ケミカル・パートナーズ,東証STD,986,-13,-1.3,"6,800",2026/08/31
462,462,498A,防衛・航空宇宙 欧州株(ネットリターン)ETN,東証ETF,"9,625",-127,-1.3,152,2026/08/31
463,463,5757,(株)ＣＫサンエツ,東証PRM,"5,300",-70,-1.3,"7,700",2026/08/31
464,464,8699,ＨＳホールディングス(株),東証STD,"1,138",-15,-1.3,"185,600",2026/08/31
465,465,2590,ダイドーグループホールディングス(株),東証PRM,"3,050",-40,-1.29,"119,600",2026/08/31
466,466,8244,(株)近鉄百貨店,東証STD,"1,982",-26,-1.29,"59,700",2026/08/31
467,467,9029,(株)ヒガシホールディングス,東証STD,"1,920",-25,-1.29,"2,600",2026/08/31
468,468,9557,(株)エアークローゼット,東証GRT,229,-3,-1.29,"14,200",2026/08/31
469,469,3660,(株)アイスタイル,東証PRM,540,-7,-1.28,"1,208,200",2026/08/31
470,470,6395,(株)タダノ,東証PRM,"1,386",-18,-1.28,"727,200",2026/08/31
471,471,6736,サン電子(株),東証STD,"8,470",-110,-1.28,"26,000",2026/08/31
472,472,2876,(株)デルソーレ,東証STD,465,-6,-1.27,"4,000",2026/08/31
473,473,7284,盟和産業(株),東証STD,"1,170",-15,-1.27,"2,600",2026/08/31
474,474,8166,(株)タカキュー,東証STD,78,-1,-1.27,"24,500",2026/08/31
475,475,8963,インヴィンシブル投資法人,東証,"62,200",-800,-1.27,"76,017",2026/08/31
476,476,9104,(株)商船三井,東証PRM,"7,006",-90,-1.27,"3,733,900",2026/08/31
477,477,3134,Ｈａｍｅｅ(株),東証STD,314,-4,-1.26,"36,900",2026/08/31
478,478,3377,(株)バイク王＆カンパニー,東証STD,391,-5,-1.26,"20,700",2026/08/31
479,479,8995,(株)誠建設工業,東証STD,"1,489",-19,-1.26,"77,400",2026/08/31
480,480,9633,東京テアトル(株),東証STD,"1,955",-25,-1.26,"58,200",2026/08/31
481,481,1624,(NEXT FUNDS)機械上場投信,東証ETF,"84,030","-1,060",-1.25,256,2026/08/31
482,482,4275,(株)カーリット,東証PRM,"2,125",-27,-1.25,"167,500",2026/08/31
483,483,9627,(株)アインホールディングス,東証PRM,"6,150",-78,-1.25,"91,700",2026/08/31
484,484,5659,日本精線(株),東証PRM,"1,430",-18,-1.24,"48,300",2026/08/31
485,485,7035,ａｎｄ　ｆａｃｔｏｒｙ(株),東証STD,238,-3,-1.24,"87,900",2026/08/31
486,486,7226,極東開発工業(株),東証PRM,"2,308",-29,-1.24,"307,500",2026/08/31
487,487,2337,いちご(株),東証PRM,402,-5,-1.23,"2,036,700",2026/08/31
488,488,3266,(株)ファンドクリエーショングループ,東証STD,80,-1,-1.23,"99,300",2026/08/31
489,489,4008,住友精化(株),東証PRM,"1,522",-19,-1.23,"144,400",2026/08/31
490,490,5541,大平洋金属(株),東証PRM,"2,659",-33,-1.23,"193,900",2026/08/31
491,491,612A,One ETF 日本国債先物逆連動指数,東証ETF,"10,005",-125,-1.23,20,2026/08/31
492,492,4579,ラクオリア創薬(株),東証GRT,566,-7,-1.22,"181,300",2026/08/31
493,493,6577,(株)ベストワンドットコム,東証GRT,"1,940",-24,-1.22,"3,800",2026/08/31
494,494,7360,(株)オンデック,東証GRT,648,-8,-1.22,"1,800",2026/08/31
495,495,8772,(株)アサックス,東証STD,892,-11,-1.22,"5,000",2026/08/31
496,496,8864,空港施設(株),東証STD,968,-12,-1.22,"93,200",2026/08/31
497,497,9160,(株)オンザページ,東証STD,325,-4,-1.22,"17,700",2026/08/31
498,498,1813,(株)不動テトラ,東証PRM,"2,846",-35,-1.21,"53,200",2026/08/31
499,499,1814,大末建設(株),東証PRM,"3,665",-45,-1.21,"68,900",2026/08/31
500,500,2522,iシェアーズ オートメーション&ロボット ETF,東証ETF,"9,041",-111,-1.21,"4,442",2026/08/31
501,501,4377,(株)ワンキャリア,東証GRT,"2,617",-32,-1.21,"65,400",2026/08/31
502,502,6025,日本ＰＣサービス(株),名証NXT,654,-8,-1.21,"3,600",2026/08/31
503,503,9267,Ｇｅｎｋｙ　ＤｒｕｇＳｔｏｒｅｓ(株),東証PRM,"3,660",-45,-1.21,"68,300",2026/08/31
504,504,6638,(株)ミマキエンジニアリング,東証PRM,"1,970",-24,-1.2,"87,000",2026/08/31
505,505,6820,アイコム(株),東証PRM,"3,705",-45,-1.2,"16,800",2026/08/31
506,506,1999,サイタホールディングス(株),福証,"4,160",-50,-1.19,100,2026/08/31
507,507,2695,くら寿司(株),東証PRM,"1,750",-21,-1.19,"305,800",2026/08/31
508,508,2848,GX MSCI 気候変動対応-日本株式,東証ETF,"3,076",-37,-1.19,170,2026/08/31
509,509,2972,サンケイリアルエステート投資法人,東証,"107,500","-1,300",-1.19,"1,573",2026/08/31
510,510,3097,(株)物語コーポレーション,東証PRM,"5,820",-70,-1.19,"243,400",2026/08/31
511,511,353A,エレベーターコミュニケーションズ(株),福証,"1,500",-18,-1.19,700,2026/08/31
512,512,7367,(株)セルム,東証STD,331,-4,-1.19,"14,100",2026/08/31
513,513,8614,東洋証券(株),東証PRM,749,-9,-1.19,"950,000",2026/08/31
514,514,3661,(株)エムアップホールディングス,東証PRM,834,-10,-1.18,"279,500",2026/08/31
515,515,4345,(株)シーティーエス,東証PRM,837,-10,-1.18,"57,400",2026/08/31
516,516,4583,(株)カイオム・バイオサイエンス,東証GRT,84,-1,-1.18,"315,500",2026/08/31
517,517,6177,ＡｐｐＢａｎｋ(株),東証GRT,84,-1,-1.18,"163,900",2026/08/31
518,518,6469,(株)放電精密加工研究所,東証STD,"2,941",-35,-1.18,"36,500",2026/08/31
519,519,7219,(株)エッチ・ケー・エス,東証STD,"2,513",-30,-1.18,"2,800",2026/08/31
520,520,1418,インターライフホールディングス(株),東証STD,590,-7,-1.17,"84,500",2026/08/31
521,521,2243,GX 半導体,東証ETF,"4,382",-52,-1.17,"146,365",2026/08/31
522,522,2332,(株)クエスト,東証STD,"1,690",-20,-1.17,"6,800",2026/08/31
523,523,3904,(株)カヤック,東証GRT,425,-5,-1.16,"11,900",2026/08/31
524,524,6707,サンケン電気(株),東証PRM,"7,316",-86,-1.16,"150,000",2026/08/31
525,525,7036,(株)イーエムネットジャパン,東証GRT,680,-8,-1.16,700,2026/08/31
526,526,7265,エイケン工業(株),東証STD,"3,835",-45,-1.16,"1,400",2026/08/31
527,527,7514,(株)ヒマラヤ,東証STD,851,-10,-1.16,"12,000",2026/08/31
528,528,241A,(株)ＲＯＸＸ,東証GRT,428,-5,-1.15,"13,700",2026/08/31
529,529,2585,(株)ライフドリンクカンパニー,東証PRM,"1,552",-18,-1.15,"434,300",2026/08/31
530,530,5885,(株)ジーデップ・アドバンス,東証STD,"3,440",-40,-1.15,"52,900",2026/08/31
531,531,6013,(株)タクマ,東証PRM,"3,020",-35,-1.15,"250,100",2026/08/31
532,532,6932,(株)遠藤照明,東証STD,"2,575",-30,-1.15,"32,000",2026/08/31
533,533,8179,ロイヤルホールディングス(株),東証PRM,"1,378",-16,-1.15,"319,600",2026/08/31
534,534,8273,(株)イズミ,東証PRM,"1,031",-12,-1.15,"461,500",2026/08/31
535,535,1810,松井建設(株),東証STD,"1,479",-17,-1.14,"26,500",2026/08/31
536,536,3471,三井不動産ロジスティクスパーク投資法人,東証,"104,000","-1,200",-1.14,"20,633",2026/08/31
537,537,3591,(株)ワコールホールディングス,東証PRM,"4,255",-49,-1.14,"106,600",2026/08/31
538,538,4553,東和薬品(株),東証PRM,"3,890",-45,-1.14,"114,700",2026/08/31
539,539,6042,(株)ニッキ,東証STD,"3,895",-45,-1.14,"2,100",2026/08/31
540,540,7215,(株)ファルテック,東証STD,435,-5,-1.14,"3,900",2026/08/31
541,541,7774,(株)ジャパン・ティッシュエンジニアリング,東証GRT,864,-10,-1.14,"49,600",2026/08/31
542,542,8801,三井不動産(株),東証PRM,"1,522.5",-17.5,-1.14,"12,481,800",2026/08/31
543,543,1397,SMDAM 日経225上場投信,東証ETF,"66,490",-760,-1.13,"2,399",2026/08/31
544,544,2413,エムスリー(株),東証PRM,"1,834",-21,-1.13,"3,618,600",2026/08/31
545,545,6289,(株)技研製作所,東証PRM,"1,931",-22,-1.13,"46,100",2026/08/31
546,546,7357,(株)ジオコード,東証STD,"1,749",-20,-1.13,"12,000",2026/08/31
547,547,8119,(株)三栄コーポレーション,東証STD,791,-9,-1.13,"6,800",2026/08/31
548,548,9170,成友興業(株),名証MN,"1,493",-17,-1.13,"1,300",2026/08/31
549,549,9612,(株)ラックランド,東証PRM,"1,230",-14,-1.13,"56,200",2026/08/31
550,550,1435,(株)ｒｏｂｏｔ　ｈｏｍｅ,東証STD,177,-2,-1.12,"1,114,600",2026/08/31
551,551,2040,NEXT NOTES NYダウ･ダブル･ブル･ドルヘッジ ETN,東証ETF,"39,700",-450,-1.12,183,2026/08/31
552,552,2516,東証グロース250ETF,東証ETF,646.7,-7.3,-1.12,"533,380",2026/08/31
553,553,2656,(株)ベクターホールディングス,東証STD,176,-2,-1.12,"144,600",2026/08/31
554,554,3733,(株)ソフトウェア・サービス,東証STD,"12,410",-140,-1.12,"5,500",2026/08/31
555,555,4768,(株)大塚商会,東証PRM,"3,611",-41,-1.12,"1,608,300",2026/08/31
556,556,5563,新日本電工(株),東証PRM,441,-5,-1.12,"589,900",2026/08/31
557,557,6254,野村マイクロ・サイエンス(株),東証PRM,"3,530",-40,-1.12,"444,500",2026/08/31
558,558,6503,三菱電機(株),東証PRM,"5,585",-63,-1.12,"6,314,700",2026/08/31
559,559,7369,(株)メイホーホールディングス,東証GRT,354,-4,-1.12,"4,000",2026/08/31
560,560,547A,ムニノバホールディングス(株),東証PRM,445,-5,-1.11,"2,109,300",2026/08/31
561,561,6763,帝国通信工業(株),東証PRM,"2,841",-32,-1.11,"14,300",2026/08/31
562,562,2353,日本駐車場開発(株),東証PRM,270,-3,-1.1,"2,781,100",2026/08/31
563,563,3496,(株)アズーム,東証PRM,"4,940",-55,-1.1,"32,900",2026/08/31
564,564,5842,インテグラル(株),東証GRT,"2,957",-33,-1.1,"505,700",2026/08/31
565,565,6159,ミクロン精密(株),東証STD,"1,800",-20,-1.1,600,2026/08/31
566,566,6181,タメニー(株),東証GRT,90,-1,-1.1,"94,300",2026/08/31
567,567,7078,ＩＮＣＬＵＳＩＶＥ　Ｈｏｌｄｉｎｇｓ(株),東証GRT,361,-4,-1.1,"12,700",2026/08/31
568,568,7135,ジャパンクラフトホールディングス(株),東証STD,180,-2,-1.1,"46,300",2026/08/31
569,569,8951,日本ビルファンド投資法人,東証,"126,300","-1,400",-1.1,"46,550",2026/08/31
570,570,283A,GX USテック・配当貴族,東証ETF,"1,364",-15,-1.09,"1,189",2026/08/31
571,571,542A,(株)ビタブリッドジャパン,東証GRT,"1,090",-12,-1.09,"7,200",2026/08/31
572,572,5702,(株)大紀アルミニウム工業所,東証PRM,"1,905",-21,-1.09,"229,400",2026/08/31
573,573,6762,ＴＤＫ(株),東証PRM,"3,078",-34,-1.09,"8,240,900",2026/08/31
574,574,7815,東京ボード工業(株),東証STD,362,-4,-1.09,"2,500",2026/08/31
575,575,8364,(株)清水銀行,東証PRM,"3,175",-35,-1.09,"34,500",2026/08/31
576,576,8961,森トラストリート投資法人,東証,"72,300",-800,-1.09,"8,893",2026/08/31
577,577,9042,阪急阪神ホールディングス(株),東証PRM,"4,701",-52,-1.09,"1,638,400",2026/08/31
578,578,9305,(株)ヤマタネ,東証PRM,"2,079",-23,-1.09,"74,700",2026/08/31
579,579,1491,中外鉱業(株),東証STD,730,-8,-1.08,"17,400",2026/08/31
580,580,7915,ＮＩＳＳＨＡ(株),東証PRM,"1,281",-14,-1.08,"217,300",2026/08/31
581,581,8252,(株)丸井グループ,東証PRM,"2,918.5",-32,-1.08,"1,193,700",2026/08/31
582,582,9428,(株)クロップス,東証STD,"1,468",-16,-1.08,100,2026/08/31
583,583,9746,(株)ＴＫＣ,東証PRM,"4,140",-45,-1.08,"67,000",2026/08/31
584,584,2031,NEXT NOTES 香港ハンセン･ダブル･ブルETN,東証ETF,"8,013",-87,-1.07,8,2026/08/31
585,585,4347,ブロードメディア(株),東証STD,"1,665",-18,-1.07,"2,700",2026/08/31
586,586,7409,ＡｅｒｏＥｄｇｅ(株),東証GRT,"1,570",-17,-1.07,"201,000",2026/08/31
587,587,7453,(株)良品計画,東証PRM,"4,328",-47,-1.07,"2,466,600",2026/08/31
588,588,9068,丸全昭和運輸(株),東証PRM,"7,370",-80,-1.07,"32,000",2026/08/31
589,589,3923,(株)ラクス,東証PRM,"1,164",-12.5,-1.06,"1,316,500",2026/08/31
590,590,4911,(株)資生堂,東証PRM,"3,726",-40,-1.06,"2,167,000",2026/08/31
591,591,5401,日本製鉄(株),東証PRM,669.8,-7.2,-1.06,"41,396,400",2026/08/31
592,592,8399,(株)琉球銀行,東証PRM,"3,255",-35,-1.06,"137,700",2026/08/31
593,593,7747,朝日インテック(株),東証PRM,"3,770",-40,-1.05,"1,139,300",2026/08/31
594,594,7856,萩原工業(株),東証PRM,"1,885",-20,-1.05,"69,800",2026/08/31
595,595,8601,(株)大和証券グループ本社,東証PRM,"1,843.5",-19.5,-1.05,"7,550,000",2026/08/31
596,596,9101,日本郵船(株),東証PRM,"7,040",-75,-1.05,"4,139,300",2026/08/31
597,597,1466,iFreeETF JPX日経400ダブルインバース・インデックス,東証ETF,191,-2,-1.04,"1,198",2026/08/31
598,598,1659,iシェアーズ 米国リート ETF,東証ETF,"3,905",-41,-1.04,"1,320",2026/08/31
599,599,2700,木徳神糧(株),東証STD,"1,813",-19,-1.04,"20,900",2026/08/31
600,600,3837,アドソル日進(株),東証PRM,"1,433",-15,-1.04,"118,000",2026/08/31
601,601,6030,(株)アドベンチャー,東証GRT,"1,621",-17,-1.04,"7,600",2026/08/31
602,602,6558,クックビズ(株),東証GRT,663,-7,-1.04,"2,100",2026/08/31
603,603,7061,日本ホスピスホールディングス(株),東証GRT,475,-5,-1.04,"167,000",2026/08/31
604,604,9468,(株)ＫＡＤＯＫＡＷＡ,東証PRM,"3,710",-39,-1.04,"350,200",2026/08/31
605,605,2471,(株)エスプール,東証PRM,288,-3,-1.03,"309,700",2026/08/31
606,606,2874,ヨコレイ,東証PRM,"2,201",-23,-1.03,"100,300",2026/08/31
607,607,3323,レカム(株),東証STD,96,-1,-1.03,"782,200",2026/08/31
608,608,3611,(株)マツオカコーポレーション,東証STD,"2,501",-26,-1.03,"19,700",2026/08/31
609,609,3656,ＫＬａｂ(株),東証PRM,193,-2,-1.03,"1,122,100",2026/08/31
610,610,3968,セグエグループ(株),東証PRM,674,-7,-1.03,"242,500",2026/08/31
611,611,5247,(株)ＢＴＭ,東証GRT,578,-6,-1.03,"2,000",2026/08/31
612,612,7157,ライフネット生命保険(株),東証PRM,"1,446",-15,-1.03,"290,500",2026/08/31
613,613,7956,ピジョン(株),東証PRM,"2,115",-22,-1.03,"745,100",2026/08/31
614,614,3135,(株)マーケットエンタープライズ,東証STD,"1,164",-12,-1.02,"4,900",2026/08/31
615,615,3967,(株)エルテス,東証GRT,580,-6,-1.02,"14,200",2026/08/31
616,616,4437,ｇｏｏｄｄａｙｓホールディングス(株),東証GRT,773,-8,-1.02,"2,900",2026/08/31
617,617,5892,(株)ｙｕｔｏｒｉ,東証GRT,"2,615",-27,-1.02,"38,800",2026/08/31
618,618,6255,(株)エヌ・ピー・シー,東証GRT,679,-7,-1.02,"171,400",2026/08/31
619,619,2639,GX バイオ＆メドテック-日本株式,東証ETF,"1,761",-18,-1.01,988,2026/08/31
620,620,3921,(株)ネオジャパン,東証PRM,"1,662",-17,-1.01,"13,900",2026/08/31
621,621,8746,ｕｎｂａｎｋｅｄ(株),東証STD,98,-1,-1.01,"49,300",2026/08/31
622,622,2018,GX US REIT・トップ20,東証ETF,"1,290",-13,-1.0,42,2026/08/31
623,623,2971,エスコンジャパンリート投資法人,東証,"109,400","-1,100",-1.0,"1,109",2026/08/31
624,624,3640,(株)電算,東証STD,"2,862",-29,-1.0,"7,000",2026/08/31
625,625,3927,(株)フーバーブレイン,東証STD,893,-9,-1.0,"28,500",2026/08/31
626,626,4375,セーフィー(株),東証GRT,694,-7,-1.0,"274,500",2026/08/31
627,627,5016,ＪＸ金属(株),東証PRM,"3,772",-38,-1.0,"16,459,500",2026/08/31
628,628,6797,名古屋電機工業(株),東証STD,"1,190",-12,-1.0,"3,700",2026/08/31
629,629,8227,(株)しまむら,東証PRM,"3,274",-33,-1.0,"724,700",2026/08/31
630,630,9347,日本管財ホールディングス(株),東証PRM,"2,884",-29,-1.0,"185,600",2026/08/31
631,631,9880,イノテック(株),東証PRM,"3,465",-35,-1.0,"144,900",2026/08/31
632,632,2488,ＪＴＰ(株),東証STD,"1,500",-15,-0.99,"4,200",2026/08/31
633,633,2667,(株)イメージ　ワン,東証STD,100,-1,-0.99,"156,400",2026/08/31
634,634,3436,(株)ＳＵＭＣＯ,東証PRM,"3,400",-34,-0.99,"9,191,300",2026/08/31
635,635,495A,One ETF 日本国債 7-10年,東証ETF,960.4,-9.6,-0.99,70,2026/08/31
636,636,6069,トレンダーズ(株),東証GRT,699,-7,-0.99,"28,300",2026/08/31
637,637,6231,木村工機(株),東証STD,"12,960",-130,-0.99,"7,000",2026/08/31
638,638,6612,バルミューダ(株),東証GRT,600,-6,-0.99,"3,300",2026/08/31
639,639,7986,日本アイ・エス・ケイ(株),東証STD,"1,909",-19,-0.99,600,2026/08/31
640,640,8343,(株)秋田銀行,東証PRM,"8,970",-90,-0.99,"110,400",2026/08/31
641,641,8628,松井証券(株),東証PRM,"1,199",-12,-0.99,"1,313,700",2026/08/31
642,642,9365,トレーディア(株),東証STD,"1,604",-16,-0.99,"1,800",2026/08/31
643,643,1793,(株)大本組,東証STD,"2,117",-21,-0.98,"1,400",2026/08/31
644,644,5858,(株)ＳＴＧ,東証GRT,"1,213",-12,-0.98,"5,400",2026/08/31
645,645,5997,協立エアテック(株),東証STD,907,-9,-0.98,"1,200",2026/08/31
646,646,6412,(株)平和,東証PRM,"2,220",-22,-0.98,"225,600",2026/08/31
647,647,7426,(株)山大,東証STD,605,-6,-0.98,"1,300",2026/08/31
648,648,1904,大成温調(株),東証STD,"5,090",-50,-0.97,"10,100",2026/08/31
649,649,2282,日本ハム(株),東証PRM,"6,303",-62,-0.97,"500,900",2026/08/31
650,650,3466,ラサールロジポート投資法人,東証,"142,400","-1,400",-0.97,"13,220",2026/08/31
651,651,3896,阿波製紙(株),東証STD,408,-4,-0.97,"9,600",2026/08/31
652,652,417A,(株)ブルーゾーンホールディングス,東証PRM,"1,845.5",-18,-0.97,"202,000",2026/08/31
653,653,5246,(株)ＥＬＥＭＥＮＴＳ,東証GRT,915,-9,-0.97,"464,700",2026/08/31
654,654,6198,(株)キャリア,東証GRT,204,-2,-0.97,"4,000",2026/08/31
655,655,9936,(株)王将フードサービス,東証PRM,"2,961",-29,-0.97,"321,100",2026/08/31
656,656,1572,中国H株ブル2倍上場投信,東証ETF,"7,150",-69,-0.96,"1,950",2026/08/31
657,657,2867,GX 自動運転&EV,東証ETF,"1,749",-17,-0.96,"5,730",2026/08/31
658,658,3075,(株)銚子丸,東証STD,"1,651",-16,-0.96,"15,400",2026/08/31
659,659,3232,三重交通グループホールディングス(株),東証PRM,617,-6,-0.96,"708,300",2026/08/31
660,660,3315,日本コークス工業(株),東証PRM,103,-1,-0.96,"10,301,800",2026/08/31
661,661,4290,(株)プレステージ・インターナショナル,東証PRM,719,-7,-0.96,"872,300",2026/08/31
662,662,4887,サワイグループホールディングス(株),東証PRM,"1,598",-15.5,-0.96,"591,000",2026/08/31
663,663,6090,ヒューマン・メタボローム・テクノロジーズ(株),東証STD,620,-6,-0.96,"6,300",2026/08/31
664,664,7893,(株)プロネクサス,東証PRM,"1,133",-11,-0.96,"46,800",2026/08/31
665,665,9878,(株)セキド,東証STD,412,-4,-0.96,"6,900",2026/08/31
666,666,1801,大成建設(株),東証PRM,"12,570",-120,-0.95,"876,700",2026/08/31
667,667,2039,NEXT NOTES ドバイ原油先物 ベア ETN,東証ETF,520,-5,-0.95,"150,412",2026/08/31
668,668,3680,(株)ホットリンク,東証GRT,208,-2,-0.95,"67,300",2026/08/31
669,669,4199,ワンダープラネット(株),東証GRT,838,-8,-0.95,"13,600",2026/08/31
670,670,4220,リケンテクノス(株),東証PRM,"2,610",-25,-0.95,"140,400",2026/08/31
671,671,4598,Ｄｅｌｔａ－Ｆｌｙ　Ｐｈａｒｍａ(株),東証GRT,104,-1,-0.95,"177,000",2026/08/31
672,672,4935,(株)リベルタ,東証STD,209,-2,-0.95,"387,400",2026/08/31
673,673,6488,(株)ヨシタケ,東証STD,"1,040",-10,-0.95,"6,400",2026/08/31
674,674,7047,ポート(株),東証GRT,"2,289",-22,-0.95,"65,900",2026/08/31
675,675,7198,ＳＢＩアルヒ(株),東証PRM,833,-8,-0.95,"97,800",2026/08/31
676,676,7218,田中精密工業(株),東証STD,"1,152",-11,-0.95,"9,000",2026/08/31
677,677,7928,旭化学工業(株),東証STD,628,-6,-0.95,"7,700",2026/08/31
678,678,8040,(株)東京ソワール,東証STD,"1,043",-10,-0.95,900,2026/08/31
679,679,8985,ジャパン・ホテル・リート投資法人,東証,"83,100",-800,-0.95,"29,056",2026/08/31
680,680,9202,ＡＮＡホールディングス(株),東証PRM,"3,039",-29,-0.95,"2,355,500",2026/08/31
681,681,4259,(株)エクサウィザーズ,東証GRT,840,-8,-0.94,"1,701,500",2026/08/31
682,682,4716,日本オラクル(株),東証STD,"9,421",-89,-0.94,"172,100",2026/08/31
683,683,5408,(株)中山製鋼所,東証PRM,635,-6,-0.94,"167,300",2026/08/31
684,684,5943,(株)ノーリツ,東証PRM,"2,415",-23,-0.94,"88,400",2026/08/31
685,685,6696,(株)トラース・オン・プロダクト,東証GRT,315,-3,-0.94,"9,700",2026/08/31
686,686,7979,(株)松風,東証PRM,"2,313",-22,-0.94,"52,000",2026/08/31
687,687,8056,ＢＩＰＲＯＧＹ(株),東証PRM,"4,762",-45,-0.94,"342,300",2026/08/31
688,688,9601,松竹(株),東証PRM,"10,560",-100,-0.94,"76,600",2026/08/31
689,689,4559,ゼリア新薬工業(株),東証PRM,"2,021",-19,-0.93,"216,700",2026/08/31
690,690,9948,(株)アークス,東証PRM,"3,745",-35,-0.93,"157,700",2026/08/31
691,691,219A,Ｈｅａｒｔｓｅｅｄ(株),東証GRT,"2,477",-23,-0.92,"971,000",2026/08/31
692,692,2884,(株)ヨシムラ・フード・ホールディングス,東証PRM,644,-6,-0.92,"49,600",2026/08/31
693,693,3489,(株)フェイスネットワーク,東証STD,864,-8,-0.92,"29,900",2026/08/31
694,694,3723,日本ファルコム(株),東証GRT,"2,795",-26,-0.92,"14,300",2026/08/31
695,695,4318,(株)クイック,東証PRM,865,-8,-0.92,"75,200",2026/08/31
696,696,7818,(株)トランザクション,東証PRM,"1,186",-11,-0.92,"146,900",2026/08/31
697,697,1376,カネコ種苗(株),東証STD,"1,633",-15,-0.91,"8,500",2026/08/31
698,698,1853,(株)森組,東証STD,328,-3,-0.91,"16,400",2026/08/31
699,699,2982,(株)ＡＤワークスグループ,東証PRM,435,-4,-0.91,"231,200",2026/08/31
700,700,4543,テルモ(株),東証PRM,"2,516",-23,-0.91,"5,581,400",2026/08/31
701,701,4891,(株)ティムス,東証GRT,109,-1,-0.91,"221,500",2026/08/31
702,702,6822,大井電気(株),東証STD,"4,925",-45,-0.91,600,2026/08/31
703,703,6958,日本ＣＭＫ(株),東証PRM,761,-7,-0.91,"648,900",2026/08/31
704,704,7299,フジオーゼックス(株),東証STD,"1,857",-17,-0.91,"4,500",2026/08/31
705,705,7894,丸東産業(株),福証,"2,180",-20,-0.91,500,2026/08/31
706,706,291A,(株)リスキル,東証GRT,"1,990",-18,-0.9,"1,600",2026/08/31
707,707,3635,(株)コーエーテクモホールディングス,東証PRM,"1,706.5",-15.5,-0.9,"1,015,100",2026/08/31
708,708,3798,ＵＬＳグループ(株),東証STD,550,-5,-0.9,"214,900",2026/08/31
709,709,4017,(株)クリーマ,東証GRT,220,-2,-0.9,"4,700",2026/08/31
710,710,4544,Ｈ．Ｕ．グループホールディングス(株),東証PRM,"3,615",-33,-0.9,"172,600",2026/08/31
711,711,479A,ＰＲＯＮＩ(株),東証GRT,"1,991",-18,-0.9,"67,800",2026/08/31
712,712,6208,(株)石川製作所,東証STD,"1,659",-15,-0.9,"30,300",2026/08/31
713,713,6702,富士通(株),東証PRM,"3,869",-35,-0.9,"7,590,900",2026/08/31
714,714,7847,(株)グラファイトデザイン,東証STD,661,-6,-0.9,"3,700",2026/08/31
715,715,8135,ゼット(株),東証STD,440,-4,-0.9,"12,500",2026/08/31
716,716,1322,上場インデックス中国A株 E FUND CSI300,東証ETF,"11,660",-105,-0.89,584,2026/08/31
717,717,1633,(NEXT FUNDS)不動産上場投信,東証ETF,"49,960",-450,-0.89,235,2026/08/31
718,718,1799,第一建設工業(株),東証STD,"3,350",-30,-0.89,"13,300",2026/08/31
719,719,1869,名工建設(株),名証MN,"1,901",-17,-0.89,"9,800",2026/08/31
720,720,211A,(株)カドス・コーポレーション,東証STD,"3,355",-30,-0.89,"1,600",2026/08/31
721,721,3103,ユニチカ(株),東証STD,"1,671",-15,-0.89,"28,318,200",2026/08/31
722,722,3463,いちごホテルリート投資法人,東証,"111,500","-1,000",-0.89,810,2026/08/31
723,723,4829,日本エンタープライズ(株),東証STD,111,-1,-0.89,"148,300",2026/08/31
724,724,6904,原田工業(株),東証STD,555,-5,-0.89,"8,000",2026/08/31
725,725,2515,(NEXT FUNDS)外国REIT･S&P先進国REIT(除く日本・H無),東証ETF,"1,688",-15,-0.88,"25,815",2026/08/31
726,726,4346,(株)ＮＥＸＹＺ．Ｇｒｏｕｐ,東証STD,"1,011",-9,-0.88,"83,500",2026/08/31
727,727,4704,トレンドマイクロ(株),東証PRM,"5,997",-53,-0.88,"956,300",2026/08/31
728,728,5870,(株)ナルネットコミュニケーションズ,東証GRT,896,-8,-0.88,"6,900",2026/08/31
729,729,1945,(株)東京エネシス,東証PRM,"2,056",-18,-0.87,"156,400",2026/08/31
730,730,2636,GX MSCIガバナンス・クオリティ-日本株式,東証ETF,"4,990",-44,-0.87,298,2026/08/31
731,731,3416,ピクスタ(株),東証STD,910,-8,-0.87,"3,400",2026/08/31
732,732,3912,(株)モバイルファクトリー,東証STD,"1,134",-10,-0.87,"3,800",2026/08/31
733,733,4373,シンプレクス・ホールディングス(株),東証PRM,"1,248",-11,-0.87,"2,788,400",2026/08/31
734,734,6291,日本エアーテック(株),東証STD,"1,374",-12,-0.87,"21,400",2026/08/31
735,735,9439,(株)エム・エイチ・グループ,東証STD,229,-2,-0.87,"29,100",2026/08/31
736,736,1976,明星工業(株),東証PRM,"1,720",-15,-0.86,"160,600",2026/08/31
737,737,3399,(株)丸千代山岡家,東証STD,"4,015",-35,-0.86,"79,400",2026/08/31
738,738,3421,(株)稲葉製作所,東証STD,"1,734",-15,-0.86,"14,500",2026/08/31
739,739,4769,(株)ＩＣ,東証STD,"1,150",-10,-0.86,600,2026/08/31
740,740,4847,(株)インテリジェント　ウェイブ,東証PRM,"1,386",-12,-0.86,"50,800",2026/08/31
741,741,7067,ブランディングテクノロジー(株),東証GRT,"1,032",-9,-0.86,200,2026/08/31
742,742,4194,ビジョナル(株),東証PRM,"9,493",-81,-0.85,"144,900",2026/08/31
743,743,552A,MAXIS 米国AIインフラ株上場投信,東証ETF,"2,452",-21,-0.85,"4,200",2026/08/31
744,744,6622,(株)ダイヘン,東証PRM,"12,870",-110,-0.85,"152,200",2026/08/31
745,745,7776,(株)セルシード,東証GRT,234,-2,-0.85,"135,800",2026/08/31
746,746,9229,(株)サンウェルズ,東証PRM,116,-1,-0.85,"62,600",2026/08/31
747,747,3187,(株)ミラタップ,東証GRT,356,-3,-0.84,"18,100",2026/08/31
748,748,3479,(株)ＴＫＰ,東証GRT,"1,889",-16,-0.84,"63,600",2026/08/31
749,749,446A,(株)ノースサンド,東証GRT,"2,123",-18,-0.84,"357,100",2026/08/31
750,750,6369,トーヨーカネツ(株),東証PRM,"2,485",-21,-0.84,"62,200",2026/08/31
751,751,6495,(株)宮入バルブ製作所,東証STD,118,-1,-0.84,"347,000",2026/08/31
752,752,6538,(株)ディスラプターズ,東証STD,237,-2,-0.84,"70,600",2026/08/31
753,753,7735,(株)ＳＣＲＥＥＮホールディングス,東証PRM,"13,600",-115,-0.84,"1,841,200",2026/08/31
754,754,8802,三菱地所(株),東証PRM,"3,795",-32,-0.84,"5,506,600",2026/08/31
755,755,8914,エリアリンク(株),東証STD,940,-8,-0.84,"74,100",2026/08/31
756,756,9603,(株)エイチ・アイ・エス,東証PRM,"1,175",-10,-0.84,"358,500",2026/08/31
757,757,5356,美濃窯業(株),東証STD,"1,318",-11,-0.83,"3,000",2026/08/31
758,758,7780,(株)メニコン,東証PRM,"1,910",-16,-0.83,"208,300",2026/08/31
759,759,8118,(株)キング,東証STD,"1,190",-10,-0.83,"1,600",2026/08/31
760,760,9760,(株)進学会ホールディングス,東証STD,120,-1,-0.83,"47,600",2026/08/31
761,761,1493,One ETF JPX日経中小型,東証ETF,"26,015",-215,-0.82,"2,788",2026/08/31
762,762,282A,GX 半導体・トップ10-日本株式,東証ETF,"2,310",-19,-0.82,"367,701",2026/08/31
763,763,3753,(株)フライトソリューションズ,東証STD,243,-2,-0.82,"171,400",2026/08/31
764,764,7014,(株)名村造船所,東証STD,"4,840",-40,-0.82,"1,724,700",2026/08/31
765,765,7435,(株)ナ・デックス,東証STD,"1,332",-11,-0.82,"32,800",2026/08/31
766,766,8714,(株)池田泉州ホールディングス,東証PRM,"1,095",-9,-0.82,"843,700",2026/08/31
767,767,9041,近鉄グループホールディングス(株),東証PRM,"3,491",-29,-0.82,"600,200",2026/08/31
768,768,3309,積水ハウス・リート投資法人,東証,"73,200",-600,-0.81,"17,118",2026/08/31
769,769,3490,(株)アズ企画設計,東証STD,"3,050",-25,-0.81,"5,000",2026/08/31
770,770,609A,GX 総合商社&資源ビジネス-日本株式,東証ETF,"1,105",-9,-0.81,"21,701",2026/08/31
771,771,7264,(株)ムロコーポレーション,東証STD,"1,343",-11,-0.81,"1,300",2026/08/31
772,772,9325,ファイズホールディングス(株),東証STD,"1,100",-9,-0.81,"11,100",2026/08/31
773,773,9959,アシードホールディングス(株),東証STD,982,-8,-0.81,"90,500",2026/08/31
774,774,2239,上場インデックスファンドS&P500先物レバレッジ2倍,東証ETF,"26,790",-215,-0.8,581,2026/08/31
775,775,2875,東洋水産(株),東証PRM,"10,490",-85,-0.8,"291,900",2026/08/31
776,776,2993,(株)長栄,東証STD,"2,233",-18,-0.8,800,2026/08/31
777,777,5071,(株)ヴィス,東証STD,"1,365",-11,-0.8,"1,800",2026/08/31
778,778,5900,(株)ダイケン,東証STD,869,-7,-0.8,"2,500",2026/08/31
779,779,5911,(株)横河ブリッジホールディングス,東証PRM,"2,966",-24,-0.8,"108,300",2026/08/31
780,780,6837,(株)京写,東証STD,374,-3,-0.8,"46,700",2026/08/31
781,781,7965,象印マホービン(株),東証PRM,"1,479",-12,-0.8,"179,800",2026/08/31
782,782,2042,NEXT NOTES 東証グロース市場250 ETN,東証ETF,"8,413",-67,-0.79,"1,186",2026/08/31
783,783,2520,(NEXT FUNDS)新興国株式･MSCI EM･(H無),東証ETF,"2,397",-19,-0.79,"6,768",2026/08/31
784,784,5269,日本コンクリート工業(株),東証PRM,379,-3,-0.79,"162,000",2026/08/31
785,785,8704,トレイダーズホールディングス(株),東証STD,"1,388",-11,-0.79,"79,000",2026/08/31
786,786,9766,コナミグループ(株),東証PRM,"22,105",-175,-0.79,"514,500",2026/08/31
787,787,9991,ジェコス(株),東証PRM,"1,763",-14,-0.79,"43,700",2026/08/31
788,788,273A,SBI サウジアラビア株式上場投信,東証ETF,"10,170",-80,-0.78,159,2026/08/31
789,789,3495,香陵住販(株),東証STD,"2,299",-18,-0.78,300,2026/08/31
790,790,3536,アクサスホールディングス(株),東証STD,128,-1,-0.78,"11,100",2026/08/31
791,791,4387,(株)ＺＵＵ,東証GRT,512,-4,-0.78,"2,600",2026/08/31
792,792,5940,不二サッシ(株),東証STD,767,-6,-0.78,"19,200",2026/08/31
793,793,8079,正栄食品工業(株),東証PRM,"4,480",-35,-0.78,"45,500",2026/08/31
794,794,8276,(株)平和堂,東証PRM,"2,666",-21,-0.78,"109,600",2026/08/31
795,795,9241,(株)フューチャーリンクネットワーク,東証GRT,"1,280",-10,-0.78,"3,400",2026/08/31
796,796,9357,名港海運(株),名証MN,"2,550",-20,-0.78,"13,700",2026/08/31
797,797,9903,(株)カンセキ,東証STD,896,-7,-0.78,"2,600",2026/08/31
798,798,1982,日比谷総合設備(株),東証PRM,"2,953",-23,-0.77,"101,300",2026/08/31
799,799,2154,(株)オープンアップグループ,東証PRM,"2,066",-16,-0.77,"158,100",2026/08/31
800,800,262A,(株)インターメスティック,東証PRM,"1,801",-14,-0.77,"345,300",2026/08/31
801,801,2649,iシェアーズ 米国政府系機関ジニーメイMBS(H有),東証ETF,576.8,-4.5,-0.77,90,2026/08/31
802,802,2842,iFreeETF NASDAQ100インバース,東証ETF,"12,200",-95,-0.77,"7,110",2026/08/31
803,803,3697,(株)ＳＨＩＦＴ,東証PRM,955.9,-7.4,-0.77,"5,217,600",2026/08/31
804,804,3930,(株)はてな,東証GRT,771,-6,-0.77,"10,100",2026/08/31
805,805,4496,(株)コマースＯｎｅホールディングス,東証GRT,772,-6,-0.77,"7,100",2026/08/31
806,806,6086,シンメンテホールディングス(株),東証GRT,"1,035",-8,-0.77,"12,400",2026/08/31
807,807,6317,(株)北川鉄工所,東証STD,"1,810",-14,-0.77,"19,300",2026/08/31
808,808,6445,(株)ジャノメ,東証PRM,"1,420",-11,-0.77,"40,500",2026/08/31
809,809,6947,(株)図研,東証PRM,"5,140",-40,-0.77,"38,700",2026/08/31
810,810,8145,中部水産(株),名証MN,"3,230",-25,-0.77,100,2026/08/31
811,811,9946,ミニストップ(株),東証PRM,"1,803",-14,-0.77,"79,200",2026/08/31
812,812,9993,(株)ヤマザワ,東証STD,"1,158",-9,-0.77,"8,000",2026/08/31
813,813,1852,(株)淺沼組,東証PRM,911,-7,-0.76,"458,100",2026/08/31
814,814,1925,大和ハウス工業(株),東証PRM,"4,680",-36,-0.76,"3,320,000",2026/08/31
815,815,253A,(株)ＥＴＳグループ,東証STD,"1,042",-8,-0.76,"8,700",2026/08/31
816,816,2644,GX 半導体関連-日本株式,東証ETF,"3,920",-30,-0.76,"691,457",2026/08/31
817,817,2853,iシェアーズ 気候リスク調整世界国債(除く日本・H有),東証ETF,610.2,-4.7,-0.76,20,2026/08/31
818,818,3031,(株)ラクーンホールディングス,東証PRM,650,-5,-0.76,"135,300",2026/08/31
819,819,5603,虹技(株),東証STD,"1,311",-10,-0.76,"1,600",2026/08/31
820,820,5884,(株)クラダシ,東証GRT,650,-5,-0.76,"12,000",2026/08/31
821,821,6850,(株)チノー,東証PRM,"1,689",-13,-0.76,"29,400",2026/08/31
822,822,151A,(株)ダイブグループ,東証GRT,658,-5,-0.75,"9,500",2026/08/31
823,823,1885,東亜建設工業(株),東証PRM,"2,118",-16,-0.75,"545,100",2026/08/31
824,824,2440,(株)ぐるなび,東証STD,133,-1,-0.75,"164,100",2026/08/31
825,825,443A,iFreeETF 東証REIT指数(2・5・8・11月決算型),東証ETF,"1,842",-14,-0.75,"38,497",2026/08/31
826,826,497A,インバウンド消費関連 日本株(ネットリターン)ETN,東証ETF,"10,635",-80,-0.75,902,2026/08/31
827,827,7272,ヤマハ発動機(株),東証PRM,"1,910",-14.5,-0.75,"10,427,000",2026/08/31
828,828,8395,(株)佐賀銀行,東証PRM,"6,580",-50,-0.75,"45,600",2026/08/31
829,829,9763,丸建リース(株),東証STD,"1,318",-10,-0.75,"4,700",2026/08/31
830,830,1684,WisdomTree ブロード上場投信,東証ETF,"2,669.5",-20,-0.74,570,2026/08/31
831,831,2266,六甲バター(株),東証PRM,"1,075",-8,-0.74,"56,700",2026/08/31
832,832,2404,(株)鉄人化ホールディングス,東証STD,540,-4,-0.74,"24,500",2026/08/31
833,833,250A,シマダヤ(株),東証STD,"1,617",-12,-0.74,"22,100",2026/08/31
834,834,2847,GX 新成長インフラ-日本株式,東証ETF,"3,072",-23,-0.74,129,2026/08/31
835,835,3174,(株)ハピネス・アンド・ディ,東証STD,400,-3,-0.74,"28,700",2026/08/31
836,836,3431,宮地エンジニアリンググループ(株),東証PRM,"1,609",-12,-0.74,"61,800",2026/08/31
837,837,4421,(株)ディ・アイ・システム,東証STD,943,-7,-0.74,"6,700",2026/08/31
838,838,6151,日東工器(株),東証PRM,"1,746",-13,-0.74,"11,600",2026/08/31
839,839,8032,日本紙パルプ商事(株),東証PRM,"1,207",-9,-0.74,"261,500",2026/08/31
840,840,9045,京阪ホールディングス(株),東証PRM,"3,200",-24,-0.74,"379,100",2026/08/31
841,841,9640,(株)セゾンテクノロジー,東証STD,"2,010",-15,-0.74,"3,200",2026/08/31
842,842,9729,(株)トーカイ,東証PRM,"2,548",-19,-0.74,"52,100",2026/08/31
843,843,1968,太平電業(株),東証PRM,"2,463",-18,-0.73,"133,200",2026/08/31
844,844,2206,江崎グリコ(株),東証PRM,"5,169",-38,-0.73,"220,300",2026/08/31
845,845,2734,(株)サーラコーポレーション,東証PRM,"1,227",-9,-0.73,"85,200",2026/08/31
846,846,4380,(株)Ｍマート,東証GRT,682,-5,-0.73,"8,400",2026/08/31
847,847,5612,日本鋳鉄管(株),東証STD,"1,641",-12,-0.73,"5,400",2026/08/31
848,848,6723,ルネサスエレクトロニクス(株),東証PRM,"3,392",-25,-0.73,"10,263,300",2026/08/31
849,849,8101,(株)ＧＳＩクレオス,東証PRM,"2,721",-20,-0.73,"28,000",2026/08/31
850,850,9628,燦ホールディングス(株),東証PRM,"1,356",-10,-0.73,"153,900",2026/08/31
851,851,9882,(株)イエローハット,東証PRM,"1,772",-13,-0.73,"266,800",2026/08/31
852,852,1967,(株)ヤマト,東証STD,"2,073",-15,-0.72,"18,600",2026/08/31
853,853,2858,GX 日経225 カバード・コール (プレミアム再投資型),東証ETF,"1,524",-11,-0.72,827,2026/08/31
854,854,3151,(株)バイタルケーエスケー・ホールディングス,東証PRM,"1,661",-12,-0.72,"88,700",2026/08/31
855,855,6951,日本電子(株),東証PRM,"7,074",-51,-0.72,"225,200",2026/08/31
856,856,7841,(株)遠藤製作所,東証STD,"1,096",-8,-0.72,"17,500",2026/08/31
857,857,8007,高島(株),東証PRM,823,-6,-0.72,"133,300",2026/08/31
858,858,1652,iFreeETF MSCI日本株女性活躍指数(WIN),東証ETF,"5,027",-36,-0.71,10,2026/08/31
859,859,1770,藤田エンジニアリング(株),東証STD,"2,083",-15,-0.71,500,2026/08/31
860,860,2989,東海道リート投資法人,東証,"97,300",-700,-0.71,"2,050",2026/08/31
861,861,4170,(株)Ｋａｉｚｅｎ　Ｐｌａｔｆｏｒｍ,東証GRT,140,-1,-0.71,"993,600",2026/08/31
862,862,4892,(株)サイフューズ,東証GRT,560,-4,-0.71,"19,400",2026/08/31
863,863,7325,(株)アイリックコーポレーション,東証GRT,695,-5,-0.71,"9,700",2026/08/31
864,864,142A,(株)ジンジブ,東証GRT,849,-6,-0.7,"7,000",2026/08/31
865,865,2408,(株)ＫＧ情報,東証STD,853,-6,-0.7,"3,400",2026/08/31
866,866,2938,(株)オカムラ食品工業,東証STD,"1,278",-9,-0.7,"53,000",2026/08/31
867,867,6088,(株)シグマクシス・ホールディングス,東証PRM,568,-4,-0.7,"371,100",2026/08/31
868,868,6420,ガリレイホールディングス(株),東証PRM,"3,530",-25,-0.7,"55,200",2026/08/31
869,869,6496,(株)中北製作所,東証STD,"5,650",-40,-0.7,"11,000",2026/08/31
870,870,7066,(株)ピアズ,東証GRT,427,-3,-0.7,"8,900",2026/08/31
871,871,7775,大研医器(株),東証STD,426,-3,-0.7,"18,700",2026/08/31
872,872,8303,(株)ＳＢＩ新生銀行,東証PRM,"1,570",-11,-0.7,"2,058,100",2026/08/31
873,873,8309,三井住友トラストグループ(株),東証PRM,"1,777",-12.5,-0.7,"12,346,700",2026/08/31
874,874,147A,(株)ソラコム,東証GRT,"1,003",-7,-0.69,"109,000",2026/08/31
875,875,1878,大東建託(株),東証PRM,"3,330",-23,-0.69,"1,446,800",2026/08/31
876,876,3185,夢展望(株),東証GRT,143,-1,-0.69,"30,900",2026/08/31
877,877,6918,(株)アバールデータ,東証STD,"3,575",-25,-0.69,"57,400",2026/08/31
878,878,1377,(株)サカタのタネ,東証PRM,"4,350",-30,-0.68,"58,700",2026/08/31
879,879,233A,iFreeETF インドNifty50,東証ETF,"1,885",-13,-0.68,"4,462",2026/08/31
880,880,3197,(株)すかいらーくホールディングス,東証PRM,"3,367",-23,-0.68,"876,900",2026/08/31
881,881,3300,(株)アンビション　ＤＸ　ホールディングス,東証GRT,"1,908",-13,-0.68,"112,600",2026/08/31
882,882,6309,巴工業(株),東証PRM,"2,056",-14,-0.68,"106,800",2026/08/31
883,883,8596,(株)九州リースサービス,東証STD,"1,618",-11,-0.68,"21,900",2026/08/31
884,884,8984,大和ハウスリート投資法人,東証,"116,800",-800,-0.68,"13,959",2026/08/31
885,885,9065,山九(株),東証PRM,"8,328",-57,-0.68,"168,500",2026/08/31
886,886,9130,共栄タンカー(株),東証STD,"1,617",-11,-0.68,"59,100",2026/08/31
887,887,25935,(株)伊藤園第1種優先株式,東証PRM,"1,784",-12,-0.67,"46,100",2026/08/31
888,888,3003,ヒューリック(株),東証PRM,"1,784.5",-12,-0.67,"3,822,800",2026/08/31
889,889,3524,日東製網(株),東証STD,"1,487",-10,-0.67,"2,400",2026/08/31
890,890,5484,東北特殊鋼(株),東証STD,"4,445",-30,-0.67,100,2026/08/31
891,891,6335,(株)東京機械製作所,東証STD,594,-4,-0.67,"18,400",2026/08/31
892,892,6417,(株)ＳＡＮＫＹＯ,東証PRM,"2,008",-13.5,-0.67,"1,286,000",2026/08/31
893,893,6623,愛知電機(株),名証PRM,"8,960",-60,-0.67,"2,500",2026/08/31
894,894,6946,日本アビオニクス(株),東証STD,"5,900",-40,-0.67,"135,100",2026/08/31
895,895,7280,(株)ミツバ,東証PRM,"1,335",-9,-0.67,"138,800",2026/08/31
896,896,7637,白銅(株),東証PRM,"3,730",-25,-0.67,"30,500",2026/08/31
897,897,8065,佐藤商事(株),東証PRM,"3,680",-25,-0.67,"47,000",2026/08/31
898,898,9697,(株)カプコン,東証PRM,"4,270",-29,-0.67,"1,816,300",2026/08/31
899,899,2378,(株)ルネサンス,東証PRM,"1,058",-7,-0.66,"93,200",2026/08/31
900,900,2588,(株)プレミアムウォーターホールディングス,東証STD,"3,775",-25,-0.66,"4,600",2026/08/31
901,901,2872,(株)セイヒョー,東証STD,"1,951",-13,-0.66,"6,600",2026/08/31
902,902,3249,産業ファンド投資法人,東証,"135,900",-900,-0.66,"11,137",2026/08/31
903,903,3983,(株)オロ,東証PRM,"2,105",-14,-0.66,"68,400",2026/08/31
904,904,6339,新東工業(株),東証PRM,"1,197",-8,-0.66,"130,100",2026/08/31
905,905,9435,(株)光通信,東証PRM,"40,470",-270,-0.66,"88,300",2026/08/31
906,906,2525,NZAM 上場投信 日経225,東証ETF,"66,760",-440,-0.65,"2,144",2026/08/31
907,907,5243,ｎｏｔｅ(株),東証GRT,"3,065",-20,-0.65,"406,500",2026/08/31
908,908,5411,ＪＦＥホールディングス(株),東証PRM,"1,847",-12,-0.65,"44,293,000",2026/08/31
909,909,6379,レイズネクスト(株),東証PRM,"3,080",-20,-0.65,"224,400",2026/08/31
910,910,6976,太陽誘電(株),東証PRM,"9,184",-60,-0.65,"20,647,100",2026/08/31
911,911,7701,(株)島津製作所,東証PRM,"4,103",-27,-0.65,"873,300",2026/08/31
912,912,8570,イオンフィナンシャルサービス(株),東証PRM,"1,672",-11,-0.65,"728,900",2026/08/31
913,913,8572,アコム(株),東証STD,486.5,-3.2,-0.65,"1,318,100",2026/08/31
914,914,8584,(株)ジャックス,東証PRM,"3,825",-25,-0.65,"113,500",2026/08/31
915,915,9843,(株)ニトリホールディングス,東証PRM,"3,048",-20,-0.65,"3,080,800",2026/08/31
916,916,9990,(株)サックスバー　ホールディングス,東証PRM,762,-5,-0.65,"27,800",2026/08/31
917,917,1349,ABF 汎アジア債券インデックス･ファンド,東証ETF,"17,750",-115,-0.64,31,2026/08/31
918,918,2555,東証REIT ETF,東証ETF,"1,849",-12,-0.64,"12,270",2026/08/31
919,919,2747,北雄ラッキー(株),東証STD,"3,115",-20,-0.64,500,2026/08/31
920,920,3182,オイシックス(株),東証PRM,"1,704",-11,-0.64,"103,300",2026/08/31
921,921,3299,(株)ムゲンエステート,東証STD,"1,711",-11,-0.64,"155,000",2026/08/31
922,922,3834,(株)朝日ネット,東証PRM,621,-4,-0.64,"84,900",2026/08/31
923,923,3917,(株)アイリッジ,東証GRT,469,-3,-0.64,"13,300",2026/08/31
924,924,6156,(株)エーワン精密,東証STD,"1,866",-12,-0.64,"12,400",2026/08/31
925,925,6506,(株)安川電機,東証PRM,"4,780",-31,-0.64,"3,652,900",2026/08/31
926,926,6654,不二電機工業(株),東証STD,"1,090",-7,-0.64,"6,300",2026/08/31
927,927,7564,(株)ワークマン,東証STD,"6,230",-40,-0.64,"236,500",2026/08/31
928,928,7731,(株)ニコン,東証PRM,"1,929.5",-12.5,-0.64,"1,229,500",2026/08/31
929,929,8219,青山商事(株),東証PRM,773,-5,-0.64,"668,400",2026/08/31
930,930,8912,(株)エリアクエスト,東証STD,155,-1,-0.64,"35,200",2026/08/31
931,931,9790,福井コンピュータホールディングス(株),東証PRM,"3,120",-20,-0.64,"25,000",2026/08/31
932,932,1771,日本乾溜工業(株),福証,947,-6,-0.63,600,2026/08/31
933,933,184A,(株)学びエイド,東証GRT,316,-2,-0.63,"4,400",2026/08/31
934,934,6226,守谷輸送機工業(株),東証STD,"2,219",-14,-0.63,"109,400",2026/08/31
935,935,6748,星和電機(株),東証STD,790,-5,-0.63,"5,200",2026/08/31
936,936,9248,人・夢・技術グループ(株),東証STD,"1,742",-11,-0.63,"13,400",2026/08/31
937,937,2371,(株)カカクコム,東証PRM,"3,667",-23,-0.62,"194,100",2026/08/31
938,938,2626,GX デジタル・イノベーション-日本株式,東証ETF,"3,380",-21,-0.62,"4,640",2026/08/31
939,939,401A,霞ヶ関ホテルリート投資法人,東証,"96,600",-600,-0.62,716,2026/08/31
940,940,4074,(株)ラキール,東証GRT,801,-5,-0.62,"3,300",2026/08/31
941,941,4418,(株)ＪＤＳＣ,東証GRT,"1,131",-7,-0.62,"260,800",2026/08/31
942,942,450A,ステート・ストリート・スパイダー S&P500 ETF(H有),東証ETF,789.1,-4.9,-0.62,200,2026/08/31
943,943,5162,(株)朝日ラバー,東証STD,799,-5,-0.62,"2,200",2026/08/31
944,944,6479,ミネベアミツミ(株),東証PRM,"3,380",-21,-0.62,"2,408,400",2026/08/31
945,945,7442,中山福(株),東証STD,481,-3,-0.62,"9,200",2026/08/31
946,946,8217,(株)オークワ,東証PRM,800,-5,-0.62,"51,700",2026/08/31
947,947,8892,(株)エスコン,東証PRM,"1,118",-7,-0.62,"140,300",2026/08/31
948,948,9272,ブティックス(株),東証GRT,"1,449",-9,-0.62,"3,800",2026/08/31
949,949,1681,上場インデックスファンド海外新興国株式,東証ETF,"3,420",-21,-0.61,"21,595",2026/08/31
950,950,3598,山喜(株),東証STD,163,-1,-0.61,"16,200",2026/08/31
951,951,6144,西部電機(株),東証STD,"2,931",-18,-0.61,300,2026/08/31
952,952,6228,(株)ジェイ・イー・ティ,東証STD,489,-3,-0.61,"44,700",2026/08/31
953,953,7049,(株)識学,東証GRT,814,-5,-0.61,"24,100",2026/08/31
954,954,8304,(株)あおぞら銀行,東証PRM,"3,408",-21,-0.61,"1,481,200",2026/08/31
955,955,8524,(株)北洋銀行,東証PRM,"1,298",-8,-0.61,"1,488,200",2026/08/31
956,956,8593,三菱ＨＣキャピタル(株),東証PRM,"1,394",-8.5,-0.61,"6,503,000",2026/08/31
957,957,9956,(株)バローホールディングス,東証PRM,"3,275",-20,-0.61,"273,000",2026/08/31
958,958,1514,住石ホールディングス(株),東証STD,665,-4,-0.6,"565,800",2026/08/31
959,959,205A,(株)ロゴスホールディングス,東証GRT,"1,670",-10,-0.6,"50,300",2026/08/31
960,960,3245,(株)ディア・ライフ,東証PRM,"1,160",-7,-0.6,"281,900",2026/08/31
961,961,3472,日本ホテル＆レジデンシャル投資法人,東証,"66,500",-400,-0.6,"2,250",2026/08/31
962,962,3622,ネットイヤーグループ(株),東証STD,500,-3,-0.6,"1,000",2026/08/31
963,963,377A,(株)エージェントＩＧホールディングス,名証MN,995,-6,-0.6,"2,100",2026/08/31
964,964,3826,(株)システムインテグレータ,東証STD,494,-3,-0.6,"11,700",2026/08/31
965,965,4502,武田薬品工業(株),東証PRM,"5,765",-35,-0.6,"6,623,900",2026/08/31
966,966,6436,アマノ(株),東証PRM,"3,966",-24,-0.6,"258,600",2026/08/31
967,967,6836,ぷらっとホーム(株),東証STD,822,-5,-0.6,"4,800",2026/08/31
968,968,7812,(株)クレステック,東証STD,"2,145",-13,-0.6,500,2026/08/31
969,969,8005,(株)スクロール,東証PRM,"1,810",-11,-0.6,"301,700",2026/08/31
970,970,9702,(株)アイ・エス・ビー,東証PRM,"2,471",-15,-0.6,"12,400",2026/08/31
971,971,1591,(NEXT FUNDS) JPX日経インデックス400,東証ETF,"37,370",-220,-0.59,"4,602",2026/08/31
972,972,178A,GX 革新的優良企業,東証ETF,"1,685",-10,-0.59,"9,228",2026/08/31
973,973,197A,(株)タウンズ,東証STD,506,-3,-0.59,"138,700",2026/08/31
974,974,2685,(株)アンドエスティＨＤ,東証PRM,"3,380",-20,-0.59,"292,700",2026/08/31
975,975,3099,(株)三越伊勢丹ホールディングス,東証PRM,"3,514",-21,-0.59,"1,837,800",2026/08/31
976,976,3470,マリモ地方創生リート投資法人,東証,"100,300",-600,-0.59,"1,795",2026/08/31
977,977,3649,(株)ファインデックス,東証PRM,846,-5,-0.59,"61,700",2026/08/31
978,978,6804,ホシデン(株),東証PRM,"2,715",-16,-0.59,"262,200",2026/08/31
979,979,7475,アルビス(株),東証PRM,"2,525",-15,-0.59,"14,700",2026/08/31
980,980,1481,上場インデックスファンド日本経済貢献株,東証ETF,"3,964",-23,-0.58,22,2026/08/31
981,981,2095,GX S&P500配当貴族 (H有),東証ETF,"1,190",-7,-0.58,94,2026/08/31
982,982,2864,GX ロジスティクス・REIT,東証ETF,"1,362",-8,-0.58,127,2026/08/31
983,983,3538,(株)ウイルプラスホールディングス,東証STD,"1,024",-6,-0.58,"13,100",2026/08/31
984,984,4827,ビジネス・ワンホールディングス(株),福岡Q,857,-5,-0.58,900,2026/08/31
985,985,5250,ＧＭＯプライム・ストラテジー(株),東証STD,"1,023",-6,-0.58,700,2026/08/31
986,986,6292,(株)カワタ,東証STD,851,-5,-0.58,"4,800",2026/08/31
987,987,6390,(株)加藤製作所,東証PRM,"1,363",-8,-0.58,"62,000",2026/08/31
988,988,6744,能美防災(株),東証PRM,"4,280",-25,-0.58,"100,000",2026/08/31
989,989,7447,ナガイレーベン(株),東証PRM,"1,702",-10,-0.58,"131,500",2026/08/31
990,990,143A,イシン(株),東証GRT,696,-4,-0.57,"1,500",2026/08/31
991,991,2055,日和産業(株),東証STD,346,-2,-0.57,"4,300",2026/08/31
992,992,3396,(株)フェリシモ,東証STD,870,-5,-0.57,"4,000",2026/08/31
993,993,6161,(株)エスティック,東証STD,"1,053",-6,-0.57,"6,200",2026/08/31
994,994,6176,(株)ブランジスタ,東証STD,"1,044",-6,-0.57,"112,200",2026/08/31
995,995,9330,(株)揚羽,東証GRT,878,-5,-0.57,"1,500",2026/08/31
996,996,9517,イーレックス(株),東証PRM,870,-5,-0.57,"116,000",2026/08/31
997,997,9563,Ａｔｌａｓ　Ｔｅｃｈｎｏｌｏｇｉｅｓ(株),東証GRT,349,-2,-0.57,"7,600",2026/08/31
998,998,2634,(NEXT FUNDS) S&P500(H有)連動型上場投信,東証ETF,"3,178",-18,-0.56,"15,410",2026/08/31
999,999,3963,(株)シンクロ・フード,東証PRM,354,-2,-0.56,"66,800",2026/08/31
1000,1000,509A,グリーンライト・再エネインフラ投資法人,東証,"71,400",-400,-0.56,517,2026/08/31
1001,1001,6382,トリニティ工業(株),東証STD,"1,251",-7,-0.56,"14,900",2026/08/31
1002,1002,6586,(株)マキタ,東証PRM,"5,299",-30,-0.56,"1,346,900",2026/08/31
1003,1003,7820,ニホンフラッシュ(株),東証PRM,707,-4,-0.56,"76,100",2026/08/31
1004,1004,1815,鉄建建設(株),東証PRM,"4,550",-25,-0.55,"57,500",2026/08/31
1005,1005,2046,NEXT NOTES インドNifty･ダブル・ブル ETN,東証ETF,"24,590",-135,-0.55,177,2026/08/31
1006,1006,2086,NZAM 上場投信 S&P500(H有),東証ETF,"3,062",-17,-0.55,1,2026/08/31
1007,1007,2999,ホームポジション(株),東証STD,545,-3,-0.55,"44,800",2026/08/31
1008,1008,3109,シキボウ(株),東証PRM,"1,084",-6,-0.55,"52,800",2026/08/31
1009,1009,4102,丸尾カルシウム(株),東証STD,"1,450",-8,-0.55,"1,500",2026/08/31
1010,1010,4237,フジプレアム(株),東証STD,359,-2,-0.55,"62,800",2026/08/31
1011,1011,7870,福島印刷(株),名証MN,364,-2,-0.55,"4,800",2026/08/31
1012,1012,7989,立川ブラインド工業(株),東証PRM,"2,700",-15,-0.55,"30,400",2026/08/31
1013,1013,9025,鴻池運輸(株),東証PRM,"2,916",-16,-0.55,"77,600",2026/08/31
1014,1014,1555,上場インデックスファンド豪州リート,東証ETF,"2,407",-13,-0.54,"1,295",2026/08/31
1015,1015,2410,(株)キャリアデザインセンター,東証PRM,"2,951",-16,-0.54,"23,800",2026/08/31
1016,1016,2594,キーコーヒー(株),東証PRM,"2,038",-11,-0.54,"103,600",2026/08/31
1017,1017,2678,アスクル(株),東証PRM,"1,301",-7,-0.54,"328,100",2026/08/31
1018,1018,2917,(株)大森屋,東証STD,926,-5,-0.54,"4,700",2026/08/31
1019,1019,3958,笹徳印刷(株),東証STD,549,-3,-0.54,"6,200",2026/08/31
1020,1020,3965,(株)キャピタル・アセット・プランニング,東証STD,914,-5,-0.54,"7,900",2026/08/31
1021,1021,6185,ＳＭＮ(株),東証STD,369,-2,-0.54,"6,700",2026/08/31
1022,1022,6454,マックス(株),東証PRM,"1,856",-10,-0.54,"350,400",2026/08/31
1023,1023,1325,(NEXT FUNDS)ブラジル株式指数上場投信,東証ETF,283,-1.5,-0.53,"25,570",2026/08/31
1024,1024,2464,(株)Ａｏｂａ－ＢＢＴ,東証STD,377,-2,-0.53,"18,300",2026/08/31
1025,1025,2622,iシェアーズ 米ドル建て新興国債券(H有),東証ETF,"1,705",-9,-0.53,561,2026/08/31
1026,1026,2802,味の素(株),東証PRM,"5,402",-29,-0.53,"2,995,400",2026/08/31
1027,1027,3088,(株)マツキヨココカラ＆カンパニー,東証PRM,"2,611",-14,-0.53,"1,911,800",2026/08/31
1028,1028,3457,(株)Ａｎｄ　Ｄｏホールディングス,東証PRM,934,-5,-0.53,"73,000",2026/08/31
1029,1029,354A,iFreeETF ブルームバーグ日本株高配当50指数,東証ETF,"3,380",-18,-0.53,"26,549",2026/08/31
1030,1030,3947,ダイナパック(株),東証STD,"2,451",-13,-0.53,"2,200",2026/08/31
1031,1031,404A,GX チャイナテック・トップ10,東証ETF,"1,307",-7,-0.53,"50,792",2026/08/31
1032,1032,416A,富士ユナイトホールディングス(株),東証STD,"1,305",-7,-0.53,"5,000",2026/08/31
1033,1033,4801,セントラルスポーツ(株),東証PRM,"2,456",-13,-0.53,"11,000",2026/08/31
1034,1034,5161,西川ゴム工業(株),東証STD,"3,750",-20,-0.53,"123,500",2026/08/31
1035,1035,5351,品川リフラ(株),東証PRM,"2,077",-11,-0.53,"86,600",2026/08/31
1036,1036,5989,(株)エイチワン,東証PRM,"1,510",-8,-0.53,"107,500",2026/08/31
1037,1037,6099,(株)エラン,東証PRM,750,-4,-0.53,"69,000",2026/08/31
1038,1038,6485,前澤給装工業(株),東証STD,"1,702",-9,-0.53,"12,000",2026/08/31
1039,1039,6564,(株)ミダックホールディングス,東証PRM,"2,048",-11,-0.53,"61,000",2026/08/31
1040,1040,6741,日本信号(株),東証PRM,"1,862",-10,-0.53,"112,600",2026/08/31
1041,1041,7043,アルー(株),東証GRT,939,-5,-0.53,800,2026/08/31
1042,1042,7509,アイエーグループ(株),東証STD,"4,680",-25,-0.53,"2,000",2026/08/31
1043,1043,7898,(株)ウッドワン,東証STD,945,-5,-0.53,"12,200",2026/08/31
1044,1044,8966,平和不動産リート投資法人,東証,"131,900",-700,-0.53,"5,478",2026/08/31
1045,1045,3010,ポラリス・ホールディングス(株),東証STD,192,-1,-0.52,"125,600",2026/08/31
1046,1046,3281,ＧＬＰ投資法人,東証,"133,900",-700,-0.52,"18,956",2026/08/31
1047,1047,461A,MAXIS 日本株高配当SMART50,東証ETF,"2,680",-14,-0.52,"1,110",2026/08/31
1048,1048,4750,(株)ダイサン,東証STD,571,-3,-0.52,"8,400",2026/08/31
1049,1049,5952,アマテイ(株),東証STD,191,-1,-0.52,"6,000",2026/08/31
1050,1050,5976,ネツレン,東証PRM,"1,527",-8,-0.52,"80,100",2026/08/31
1051,1051,6287,(株)サトー,東証PRM,"2,845",-15,-0.52,"105,000",2026/08/31
1052,1052,7595,(株)アルゴグラフィックス,東証PRM,"1,340",-7,-0.52,"183,800",2026/08/31
1053,1053,7987,ナカバヤシ(株),東証STD,569,-3,-0.52,"64,800",2026/08/31
1054,1054,8084,(株)ＲＹＯＤＥＮ,東証PRM,"4,760",-25,-0.52,"39,400",2026/08/31
1055,1055,8200,(株)リンガーハット,東証PRM,"2,295",-12,-0.52,"188,300",2026/08/31
1056,1056,8887,(株)シーラホールディングス,東証STD,383,-2,-0.52,"32,700",2026/08/31
1057,1057,9385,(株)ショーエイコーポレーション,東証STD,760,-4,-0.52,"5,700",2026/08/31
1058,1058,9755,応用地質(株),東証PRM,"2,847",-15,-0.52,"58,700",2026/08/31
1059,1059,9820,エムティジェネックス(株),東証STD,"3,820",-20,-0.52,700,2026/08/31
1060,1060,9872,北恵(株),東証STD,962,-5,-0.52,"2,300",2026/08/31
1061,1061,2152,幼児活動研究会(株),東証STD,"1,561",-8,-0.51,300,2026/08/31
1062,1062,6147,(株)ヤマザキ,福証,195,-1,-0.51,500,2026/08/31
1063,1063,7305,新家工業(株),東証STD,"2,752",-14,-0.51,"14,300",2026/08/31
1064,1064,7722,国際計測器(株),東証STD,785,-4,-0.51,"31,100",2026/08/31
1065,1065,8214,(株)ＡＯＫＩホールディングス,東証PRM,"1,771",-9,-0.51,"159,700",2026/08/31
1066,1066,2521,上場インデックスファンド米国株式(S&P500)H有,東証ETF,"2,170",-11,-0.5,"2,931",2026/08/31
1067,1067,3046,(株)ジンズホールディングス,東証PRM,"5,990",-30,-0.5,"288,200",2026/08/31
1068,1068,534A,NZAM 上場投信 NASDAQ100(H無),東証ETF,"2,381",-12,-0.5,22,2026/08/31
1069,1069,5753,日本伸銅(株),東証STD,"2,582",-13,-0.5,"6,500",2026/08/31
1070,1070,7883,サンメッセ(株),東証STD,402,-2,-0.5,"2,400",2026/08/31
1071,1071,1961,三機工業(株),東証PRM,"2,428",-12,-0.49,"374,900",2026/08/31
1072,1072,1964,中外炉工業(株),東証PRM,"4,040",-20,-0.49,"22,500",2026/08/31
1073,1073,2910,(株)ロック・フィールド,東証PRM,"1,423",-7,-0.49,"45,700",2026/08/31
1074,1074,3068,(株)ＷＤＩ,東証STD,"3,040",-15,-0.49,"2,600",2026/08/31
1075,1075,3561,(株)力の源ホールディングス,東証PRM,"1,614",-8,-0.49,"46,400",2026/08/31
1076,1076,3675,(株)クロス・マーケティンググループ,東証STD,608,-3,-0.49,"10,400",2026/08/31
1077,1077,5658,日亜鋼業(株),東証STD,407,-2,-0.49,"25,400",2026/08/31
1078,1078,5703,日本軽金属ホールディングス(株),東証PRM,"3,030",-15,-0.49,"229,900",2026/08/31
1079,1079,6378,木村化工機(株),東証STD,"1,221",-6,-0.49,"109,200",2026/08/31
1080,1080,6457,グローリー(株),東証PRM,"4,853",-24,-0.49,"181,000",2026/08/31
1081,1081,7570,橋本総業ホールディングス(株),東証STD,"1,433",-7,-0.49,"12,500",2026/08/31
1082,1082,2804,ブルドックソース(株),東証PRM,"1,862",-9,-0.48,"13,700",2026/08/31
1083,1083,3184,ＩＣＤＡホールディングス(株),東証STD,"4,180",-20,-0.48,100,2026/08/31
1084,1084,4172,Ｈｉクラテス(株),東証STD,"2,304",-11,-0.48,500,2026/08/31
1085,1085,6239,(株)ナガオカ,東証STD,"1,445",-7,-0.48,"6,100",2026/08/31
1086,1086,6325,(株)タカキタ,東証STD,419,-2,-0.48,"3,600",2026/08/31
1087,1087,7427,エコートレーディング(株),東証STD,835,-4,-0.48,"8,200",2026/08/31
1088,1088,7679,(株)薬王堂ホールディングス,東証PRM,"1,662",-8,-0.48,"54,500",2026/08/31
1089,1089,9285,東京インフラ・エネルギー投資法人,東証,"41,900",-200,-0.48,772,2026/08/31
1090,1090,1898,世紀東急工業(株),東証PRM,"1,494",-7,-0.47,"146,400",2026/08/31
1091,1091,2252,GX Morningstar 米国中小型 Moat,東証ETF,"1,488",-7,-0.47,"1,070",2026/08/31
1092,1092,2733,(株)あらた,東証PRM,"2,725",-13,-0.47,"94,700",2026/08/31
1093,1093,2924,イフジ産業(株),東証STD,"1,921",-9,-0.47,"1,700",2026/08/31
1094,1094,3231,野村不動産ホールディングス(株),東証PRM,931.8,-4.4,-0.47,"3,436,400",2026/08/31
1095,1095,3418,(株)バルニバービ,東証GRT,"1,057",-5,-0.47,"25,900",2026/08/31
1096,1096,4572,カルナバイオサイエンス(株),東証GRT,421,-2,-0.47,"155,300",2026/08/31
1097,1097,4714,(株)リソー教育グループ,東証PRM,210,-1,-0.47,"485,900",2026/08/31
1098,1098,4766,(株)ピーエイ,東証STD,213,-1,-0.47,"15,100",2026/08/31
1099,1099,563A,GX NASDAQ100・デイリー・カバード・コール,東証ETF,"1,054",-5,-0.47,"574,989",2026/08/31
1100,1100,5942,日本フイルコン(株),東証STD,642,-3,-0.47,"39,400",2026/08/31
1101,1101,6005,三浦工業(株),東証PRM,"3,210",-15,-0.47,"284,800",2026/08/31
1102,1102,6588,東芝テック(株),東証PRM,"3,165",-15,-0.47,"124,000",2026/08/31
1103,1103,7906,ヨネックス(株),東証STD,"2,780",-13,-0.47,"203,300",2026/08/31
1104,1104,8008,４℃ホールディングス,東証PRM,"2,121",-10,-0.47,"90,500",2026/08/31
1105,1105,9324,安田倉庫(株),東証PRM,"2,526",-12,-0.47,"70,900",2026/08/31
1106,1106,1545,(NEXT FUNDS)NASDAQ-100(H無)連動型上場投信,東証ETF,237,-1.1,-0.46,"1,848,410",2026/08/31
1107,1107,2179,(株)成学社,東証STD,857,-4,-0.46,"2,200",2026/08/31
1108,1108,2562,上場インデックスファンド米国株式(ダウ平均)H有,東証ETF,"3,708",-17,-0.46,547,2026/08/31
1109,1109,2670,(株)エービーシー・マート,東証PRM,"2,717.5",-12.5,-0.46,"569,400",2026/08/31
1110,1110,2768,双日(株),東証PRM,"5,604",-26,-0.46,"1,239,100",2026/08/31
1111,1111,4491,コンピューターマネージメント(株),東証STD,"3,245",-15,-0.46,"8,600",2026/08/31
1112,1112,4661,(株)オリエンタルランド,東証PRM,"3,025",-14,-0.46,"3,650,600",2026/08/31
1113,1113,5990,(株)スーパーツール,東証STD,"1,945",-9,-0.46,800,2026/08/31
1114,1114,7377,ＤＮホールディングス(株),東証STD,"1,732",-8,-0.46,"2,100",2026/08/31
1115,1115,7827,(株)オービス,東証STD,"1,743",-8,-0.46,"2,500",2026/08/31
1116,1116,8739,スパークス・グループ(株),東証PRM,"2,614",-12,-0.46,"112,700",2026/08/31
1117,1117,9168,(株)ライズ・コンサルティング・グループ,東証GRT,432,-2,-0.46,"116,900",2026/08/31
1118,1118,9987,(株)スズケン,東証PRM,"5,148",-24,-0.46,"249,800",2026/08/31
1119,1119,1560,(NEXT FUNDS)マレーシアKLCI連動型上場投信,東証ETF,"6,570",-30,-0.45,28,2026/08/31
1120,1120,2017,iFreeETF JPXプライム150,東証ETF,"1,543",-7,-0.45,"12,926",2026/08/31
1121,1121,2127,(株)日本Ｍ＆Ａセンターホールディングス,東証PRM,685.4,-3.1,-0.45,"5,962,100",2026/08/31
1122,1122,2385,(株)総医研ホールディングス,東証GRT,223,-1,-0.45,"24,400",2026/08/31
1123,1123,2845,(NEXT FUNDS) NASDAQ-100(H有)連動型上場投信,東証ETF,"3,534",-16,-0.45,"7,356",2026/08/31
1124,1124,3625,テックファームホールディングス(株),東証GRT,662,-3,-0.45,"5,500",2026/08/31
1125,1125,4051,ＧＭＯフィナンシャルゲート(株),東証PRM,"6,610",-30,-0.45,"28,500",2026/08/31
1126,1126,4490,(株)ビザスク,東証GRT,657,-3,-0.45,"13,200",2026/08/31
1127,1127,564A,GX S&P先進国キャッシュフロー・トップ100,東証ETF,"1,118",-5,-0.45,231,2026/08/31
1128,1128,605A,(NEXT FUNDS) 日本株政策フォーカス上場投信,東証ETF,200.5,-0.9,-0.45,"91,470",2026/08/31
1129,1129,6298,ワイエイシイホールディングス(株),東証PRM,"1,313",-6,-0.45,"154,100",2026/08/31
1130,1130,8595,ジャフコ　グループ(株),東証PRM,"2,337.5",-10.5,-0.45,"384,200",2026/08/31
1131,1131,9017,新潟交通(株),東証STD,"1,988",-9,-0.45,"1,900",2026/08/31
1132,1132,2483,(株)翻訳センター,東証STD,"2,255",-10,-0.44,"7,200",2026/08/31
1133,1133,3148,(株)クリエイトＳＤホールディングス,東証PRM,"3,395",-15,-0.44,"67,400",2026/08/31
1134,1134,4526,理研ビタミン(株),東証PRM,"3,415",-15,-0.44,"59,500",2026/08/31
1135,1135,536A,NZAM 上場投信 先進国株式(MSCI-KOKUSAI)(H無),東証ETF,"2,282",-10,-0.44,3,2026/08/31
1136,1136,6897,(株)ツインバード,東証STD,678,-3,-0.44,"14,500",2026/08/31
1137,1137,7292,(株)村上開明堂,東証STD,"6,800",-30,-0.44,"4,800",2026/08/31
1138,1138,7687,(株)ミクリード,東証GRT,448,-2,-0.44,"8,500",2026/08/31
1139,1139,7919,野崎印刷紙業(株),東証STD,228,-1,-0.44,"17,800",2026/08/31
1140,1140,9090,ＡＺ－ＣＯＭ丸和ホールディングス(株),東証PRM,905,-4,-0.44,"581,300",2026/08/31
1141,1141,1934,(株)ユアテック,東証PRM,"2,565",-11,-0.43,"149,900",2026/08/31
1142,1142,2248,iFreeETF S&P500(H有),東証ETF,"2,766",-12,-0.43,"3,707",2026/08/31
1143,1143,258A,SMT ETF国内リート厳選投資アクティブ,東証ETF,"2,068",-9,-0.43,415,2026/08/31
1144,1144,2630,MAXIS 米国株式(S&P500)上場投信(H有),東証ETF,"16,100",-70,-0.43,67,2026/08/31
1145,1145,2643,(NEXTFUNDS) MSCIジャパンカントリー指数(セレクト),東証ETF,"4,372",-19,-0.43,35,2026/08/31
1146,1146,2846,(NEXT FUNDS) ダウ・ジョーンズ工業株30種(H有),東証ETF,"2,572",-11,-0.43,181,2026/08/31
1147,1147,3023,ラサ商事(株),東証STD,"2,073",-9,-0.43,"20,500",2026/08/31
1148,1148,3405,(株)クラレ,東証PRM,"1,848.5",-8,-0.43,"1,465,800",2026/08/31
1149,1149,3948,光ビジネスフォーム(株),東証STD,"1,164",-5,-0.43,600,2026/08/31
1150,1150,5838,楽天銀行(株),東証PRM,"6,413",-28,-0.43,"758,100",2026/08/31
1151,1151,6964,(株)サンコー,東証STD,700,-3,-0.43,"13,500",2026/08/31
1152,1152,7112,(株)キューブ,東証GRT,697,-3,-0.43,"4,900",2026/08/31
1153,1153,7294,(株)ヨロズ,東証PRM,920,-4,-0.43,"26,500",2026/08/31
1154,1154,7621,(株)うかい,東証STD,"3,470",-15,-0.43,"3,000",2026/08/31
1155,1155,8987,ジャパンエクセレント投資法人,東証,"137,800",-600,-0.43,"2,814",2026/08/31
1156,1156,9353,櫻島埠頭(株),東証STD,"2,980",-13,-0.43,800,2026/08/31
1157,1157,9446,(株)サカイホールディングス,東証STD,697,-3,-0.43,"6,200",2026/08/31
1158,1158,9699,ニシオホールディングス(株),東証PRM,"4,645",-20,-0.43,"66,100",2026/08/31
1159,1159,1679,Simple-X NYダウ･ジョーンズ上場投信,東証ETF,"68,160",-290,-0.42,350,2026/08/31
1160,1160,2242,MAXIS NYダウ上場投信(H有),東証ETF,686.5,-2.9,-0.42,520,2026/08/31
1161,1161,2411,ゲンダイエージェンシー(株),東証STD,471,-2,-0.42,"6,500",2026/08/31
1162,1162,2587,サントリービバレッジ＆フード(株),東証PRM,"4,512",-19,-0.42,"1,529,200",2026/08/31
1163,1163,3928,(株)マイネット,東証STD,235,-1,-0.42,"6,700",2026/08/31
1164,1164,6323,ローツェ(株),東証PRM,"4,063",-17,-0.42,"1,203,200",2026/08/31
1165,1165,7370,(株)Ｅｎｊｉｎ,東証GRT,716,-3,-0.42,"4,800",2026/08/31
1166,1166,8078,阪和興業(株),東証PRM,"1,875",-8,-0.42,"456,300",2026/08/31
1167,1167,8081,(株)カナデン,東証PRM,"2,587",-11,-0.42,"24,600",2026/08/31
1168,1168,9359,伊勢湾海運(株),名証MN,956,-4,-0.42,"17,900",2026/08/31
1169,1169,2088,NZAM 上場投信 NYダウ30(H有),東証ETF,"2,680",-11,-0.41,2,2026/08/31
1170,1170,2120,(株)ＬＩＦＵＬＬ,東証PRM,240,-1,-0.41,"994,300",2026/08/31
1171,1171,383A,MAXIS S&P500均等ウェイト,東証ETF,"2,679",-11,-0.41,588,2026/08/31
1172,1172,4212,積水樹脂(株),東証PRM,"2,925",-12,-0.41,"37,300",2026/08/31
1173,1173,4323,日本システム技術(株),東証PRM,"1,967",-8,-0.41,"29,300",2026/08/31
1174,1174,611A,One ETF 日本国債27-30年,東証ETF,977,-4,-0.41,230,2026/08/31
1175,1175,7414,小野建(株),東証PRM,"1,451",-6,-0.41,"43,000",2026/08/31
1176,1176,7502,(株)プラザホールディングス,東証STD,"1,681",-7,-0.41,600,2026/08/31
1177,1177,8104,クワザワホールディングス(株),東証STD,720,-3,-0.41,"15,900",2026/08/31
1178,1178,9008,京王電鉄(株),東証PRM,783,-3.2,-0.41,"1,957,700",2026/08/31
1179,1179,1628,(NEXT FUNDS)運輸･物流上場投信,東証ETF,"22,160",-90,-0.4,934,2026/08/31
1180,1180,3776,(株)ブロードバンドタワー,東証STD,251,-1,-0.4,"128,800",2026/08/31
1181,1181,6807,日本航空電子工業(株),東証PRM,"2,484",-10,-0.4,"265,000",2026/08/31
1182,1182,7030,(株)スプリックス,東証STD,984,-4,-0.4,"5,900",2026/08/31
1183,1183,7120,(株)ＳＨＩＮＫＯ,東証STD,"1,003",-4,-0.4,"21,900",2026/08/31
1184,1184,8001,伊藤忠商事(株),東証PRM,"2,108",-8.5,-0.4,"14,923,200",2026/08/31
1185,1185,8160,(株)木曽路,東証PRM,"2,475",-10,-0.4,"138,500",2026/08/31
1186,1186,8360,(株)山梨中央銀行,東証PRM,"7,380",-30,-0.4,"171,800",2026/08/31
1187,1187,8604,野村ホールディングス(株),東証PRM,"1,635.5",-6.5,-0.4,"9,978,200",2026/08/31
1188,1188,9074,日本石油輸送(株),東証STD,"4,970",-20,-0.4,"3,000",2026/08/31
1189,1189,1768,(株)ソネック,東証STD,"1,027",-4,-0.39,"4,400",2026/08/31
1190,1190,1840,(株)土屋ホールディングス,東証STD,255,-1,-0.39,"15,500",2026/08/31
1191,1191,1861,(株)熊谷組,東証PRM,"1,292",-5,-0.39,"808,700",2026/08/31
1192,1192,1941,(株)中電工,東証PRM,"5,060",-20,-0.39,"89,200",2026/08/31
1193,1193,1959,(株)クラフティア,東証PRM,"8,146",-32,-0.39,"156,300",2026/08/31
1194,1194,2117,ウェルネオシュガー(株),東証PRM,"2,831",-11,-0.39,"33,400",2026/08/31
1195,1195,2264,森永乳業(株),東証PRM,"1,145",-4.5,-0.39,"1,287,500",2026/08/31
1196,1196,2342,(株)トランスジェニックグループ,東証STD,256,-1,-0.39,"19,700",2026/08/31
1197,1197,2819,エバラ食品工業(株),東証STD,"2,572",-10,-0.39,"9,900",2026/08/31
1198,1198,2907,(株)あじかん,東証STD,"1,526",-6,-0.39,"1,800",2026/08/31
1199,1199,3934,(株)ベネフィットジャパン,東証STD,"2,290",-9,-0.39,700,2026/08/31
1200,1200,4438,(株)Ｗｅｌｂｙ,東証GRT,254,-1,-0.39,"9,400",2026/08/31
1201,1201,4538,扶桑薬品工業(株),東証PRM,"2,289",-9,-0.39,"8,800",2026/08/31
1202,1202,6380,オリエンタルチエン工業(株),東証STD,"3,850",-15,-0.39,"9,100",2026/08/31
1203,1203,6644,大崎電気工業(株),東証PRM,"1,548",-6,-0.39,"238,000",2026/08/31
1204,1204,9816,(株)ストライダーズ,東証STD,255,-1,-0.39,"3,700",2026/08/31
1205,1205,162A,AIセレクトメガトレンド日本株(ネットリターン)ETN,東証ETF,"17,185",-65,-0.38,745,2026/08/31
1206,1206,1835,東鉄工業(株),東証PRM,"3,985",-15,-0.38,"76,800",2026/08/31
1207,1207,2311,(株)エプコ,東証STD,785,-3,-0.38,"7,800",2026/08/31
1208,1208,255A,ジーエルテクノホールディングス(株),東証STD,"5,240",-20,-0.38,"65,700",2026/08/31
1209,1209,3384,(株)アークコア,名証NXT,782,-3,-0.38,"1,000",2026/08/31
1210,1210,350A,デジタルグリッド(株),東証GRT,783,-3,-0.38,"324,100",2026/08/31
1211,1211,399A,上場インデックスファンド日経平均高配当株50,東証ETF,"2,376",-9,-0.38,"24,378",2026/08/31
1212,1212,6235,(株)オプトラン,東証PRM,"2,649",-10,-0.38,"356,900",2026/08/31
1213,1213,6347,(株)プラコー,東証STD,264,-1,-0.38,"27,300",2026/08/31
1214,1214,6557,ＡＩＡＩグループ(株),東証GRT,782,-3,-0.38,"9,000",2026/08/31
1215,1215,7185,ヒロセ通商(株),東証STD,"3,930",-15,-0.38,"7,800",2026/08/31
1216,1216,9012,秩父鉄道(株),東証STD,"2,095",-8,-0.38,100,2026/08/31
1217,1217,9644,(株)タナベコンサルティンググループ,東証PRM,779,-3,-0.38,"126,400",2026/08/31
1218,1218,1597,MAXIS Jリート上場投信,東証ETF,"1,862",-7,-0.37,"698,868",2026/08/31
1219,1219,2569,上場インデックスファンド米国株式(NASDAQ100)H有,東証ETF,"4,297",-16,-0.37,"7,420",2026/08/31
1220,1220,2627,GX eコマース-日本株式,東証ETF,"1,627",-6,-0.37,3,2026/08/31
1221,1221,356A,GX S&P500 キャッシュフロー・トップ100,東証ETF,"1,596",-6,-0.37,"2,403",2026/08/31
1222,1222,5406,(株)神戸製鋼所,東証PRM,"2,020",-7.5,-0.37,"1,445,400",2026/08/31
1223,1223,6155,高松機械工業(株),東証STD,539,-2,-0.37,900,2026/08/31
1224,1224,7164,全国保証(株),東証PRM,"3,210",-12,-0.37,"292,700",2026/08/31
1225,1225,1546,(NEXT FUNDS)ダウ･ジョーンズ工業株30種(H無),東証ETF,"82,910",-300,-0.36,"6,732",2026/08/31
1226,1226,2072,トップシェアインデックス(ネットリターン)ETN,東証ETF,"22,360",-80,-0.36,2,2026/08/31
1227,1227,2237,iFreeETF S&P500レバレッジ,東証ETF,"2,485",-9,-0.36,"4,118",2026/08/31
1228,1228,2554,(NEXT FUNDS)米国投資適格社債(1-10年)(H有),東証ETF,749.6,-2.7,-0.36,"41,680",2026/08/31
1229,1229,2839,MAXIS 米国国債7-10年上場投信(H有),東証ETF,"4,963",-18,-0.36,246,2026/08/31
1230,1230,3423,(株)エスイー,東証STD,276,-1,-0.36,"7,800",2026/08/31
1231,1231,435A,iFreeETF 日本株配当ローテーション戦略,東証ETF,"2,781",-10,-0.36,"206,965",2026/08/31
1232,1232,467A,GX 米ドル建て投資適格社債(H有),東証ETF,279,-1,-0.36,800,2026/08/31
1233,1233,4743,(株)アイティフォー,東証PRM,"1,681",-6,-0.36,"50,400",2026/08/31
1234,1234,5280,ヨシコン(株),東証STD,"2,234",-8,-0.36,"16,900",2026/08/31
1235,1235,6727,(株)ワコム,東証PRM,837,-3,-0.36,"587,300",2026/08/31
1236,1236,7675,セントラルフォレストグループ(株),名証MN,"2,740",-10,-0.36,300,2026/08/31
1237,1237,7677,(株)ヤシマキザイ,東証STD,"2,730",-10,-0.36,400,2026/08/31
1238,1238,8051,(株)山善,東証PRM,"1,956",-7,-0.36,"341,000",2026/08/31
1239,1239,8425,みずほリース(株),東証PRM,"1,374",-5,-0.36,"1,362,300",2026/08/31
1240,1240,9972,アルテック(株),東証STD,280,-1,-0.36,"2,400",2026/08/31
1241,1241,1443,技研ホールディングス(株),東証STD,284,-1,-0.35,"18,800",2026/08/31
1242,1242,2090,NZAM 上場投信 米国国債7-10年(H有),東証ETF,"4,308",-15,-0.35,2,2026/08/31
1243,1243,2334,(株)イオレ,東証GRT,572,-2,-0.35,"883,300",2026/08/31
1244,1244,2393,(株)日本ケアサプライ,東証STD,"4,310",-15,-0.35,"6,700",2026/08/31
1245,1245,2693,ＹＫＴ(株),東証STD,286,-1,-0.35,"58,600",2026/08/31
1246,1246,2816,(株)ダイショー,東証STD,"1,413",-5,-0.35,"4,600",2026/08/31
1247,1247,3690,(株)イルグルム,東証STD,563,-2,-0.35,"19,900",2026/08/31
1248,1248,5618,ナイル(株),東証GRT,286,-1,-0.35,"1,300",2026/08/31
1249,1249,6413,理想科学工業(株),東証PRM,"1,143",-4,-0.35,"92,900",2026/08/31
1250,1250,6484,(株)ＫＶＫ,東証STD,"2,247",-8,-0.35,"1,500",2026/08/31
1251,1251,6526,(株)ソシオネクスト,東証PRM,"1,998",-7,-0.35,"5,901,600",2026/08/31
1252,1252,6718,アイホン(株),東証PRM,"2,867",-10,-0.35,"18,400",2026/08/31
1253,1253,7368,表示灯(株),東証STD,"1,704",-6,-0.35,"1,600",2026/08/31
1254,1254,7545,(株)西松屋チェーン,東証PRM,"2,009",-7,-0.35,"266,600",2026/08/31
1255,1255,8999,グランディハウス(株),東証PRM,574,-2,-0.35,"62,400",2026/08/31
1256,1256,9006,京浜急行電鉄(株),東証PRM,"1,569.5",-5.5,-0.35,"676,700",2026/08/31
1257,1257,9355,(株)リンコーコーポレーション,東証STD,"2,260",-8,-0.35,200,2026/08/31
1258,1258,9444,(株)トーシンホールディングス,東証STD,288,-1,-0.35,"10,500",2026/08/31
1259,1259,159A,(NEXT FUNDS) JPXプライム150指数連動型上場投信,東証ETF,743.5,-2.5,-0.34,"18,260",2026/08/31
1260,1260,2782,(株)セリア,東証STD,"4,425",-15,-0.34,"224,300",2026/08/31
1261,1261,2818,(株)ピエトロ,東証STD,"1,760",-6,-0.34,"3,000",2026/08/31
1262,1262,3093,(株)トレジャー・ファクトリー,東証PRM,"2,056",-7,-0.34,"123,000",2026/08/31
1263,1263,3192,(株)白鳩,東証STD,293,-1,-0.34,"194,600",2026/08/31
1264,1264,5928,アルメタックス(株),東証STD,292,-1,-0.34,"3,300",2026/08/31
1265,1265,6977,(株)日本抵抗器製作所,東証STD,"1,454",-5,-0.34,700,2026/08/31
1266,1266,7643,(株)ダイイチ,東証STD,"1,750",-6,-0.34,"3,500",2026/08/31
1267,1267,8088,岩谷産業(株),東証PRM,"2,216",-7.5,-0.34,"523,500",2026/08/31
1268,1268,9419,(株)ワイヤレスゲート,東証STD,293,-1,-0.34,"11,700",2026/08/31
1269,1269,9742,(株)アイネス,東証PRM,"2,359",-8,-0.34,"18,000",2026/08/31
1270,1270,1449,(株)ＦＵＪＩジャパン,札証,306,-1,-0.33,300,2026/08/31
1271,1271,218A,(株)Ｌｉｂｅｒａｗａｒｅ,東証GRT,"1,210",-4,-0.33,"373,500",2026/08/31
1272,1272,238A,iシェアーズ 米国債25年超 ロングデュレーション(H有),東証ETF,122.3,-0.4,-0.33,"977,450",2026/08/31
1273,1273,2648,(NEXT FUNDS)ブルームバーグ米国国債(7-10年)(H有),東証ETF,"3,347",-11,-0.33,"16,930",2026/08/31
1274,1274,4735,(株)京進,東証STD,302,-1,-0.33,"2,700",2026/08/31
1275,1275,4816,東映アニメーション(株),東証STD,"3,050",-10,-0.33,"320,500",2026/08/31
1276,1276,488A,iシェアーズ 円高フォーカス ETF,東証ETF,763.1,-2.5,-0.33,"3,740",2026/08/31
1277,1277,4918,(株)アイビー化粧品,東証STD,301,-1,-0.33,"8,000",2026/08/31
1278,1278,5279,日本興業(株),東証STD,"1,215",-4,-0.33,"3,700",2026/08/31
1279,1279,5572,(株)Ｒｉｄｇｅ－ｉ,東証GRT,"3,050",-10,-0.33,"50,200",2026/08/31
1280,1280,5607,中央可鍛工業(株),名証MN,608,-2,-0.33,"6,900",2026/08/31
1281,1281,608A,上場インデックスファンド東証REIT高利回り30,東証ETF,"1,488",-5,-0.33,"3,917",2026/08/31
1282,1282,6091,(株)ウエスコホールディングス,東証STD,898,-3,-0.33,"11,600",2026/08/31
1283,1283,6194,(株)アトラエ,東証PRM,895,-3,-0.33,"111,900",2026/08/31
1284,1284,6316,(株)丸山製作所,東証STD,"3,020",-10,-0.33,"4,900",2026/08/31
1285,1285,6393,油研工業(株),東証STD,"3,040",-10,-0.33,"2,500",2026/08/31
1286,1286,7064,(株)ハウテレビジョン,東証STD,915,-3,-0.33,"5,100",2026/08/31
1287,1287,92025,ＡＮＡホールディングス（株）第１回社債型種類株式,東証PRM,"4,764",-16,-0.33,"7,700",2026/08/31
1288,1288,9605,東映(株),東証PRM,"6,020",-20,-0.33,"54,100",2026/08/31
1289,1289,1578,上場インデックスファンド日経225(ミニ),東証ETF,"5,292",-17,-0.32,"18,784",2026/08/31
1290,1290,1657,iシェアーズ･コア MSCI 先進国株(除く日本)ETF,東証ETF,"7,380",-24,-0.32,359,2026/08/31
1291,1291,257A,SMT ETF日本株厳選投資アクティブ,東証ETF,"3,444",-11,-0.32,715,2026/08/31
1292,1292,2861,上場インデックスファンドフランス国債(H無),東証ETF,"5,645",-18,-0.32,28,2026/08/31
1293,1293,2929,(株)ファーマフーズ,東証PRM,616,-2,-0.32,"171,600",2026/08/31
1294,1294,3173,(株)Ｃｏｍｉｎｉｘ,東証STD,"1,554",-5,-0.32,"5,100",2026/08/31
1295,1295,3349,(株)コスモス薬品,東証PRM,"6,503",-21,-0.32,"316,400",2026/08/31
1296,1296,3671,ソフトマックス(株),東証STD,310,-1,-0.32,"6,000",2026/08/31
1297,1297,382A,iFreeETF 米国国債3-5年(H有),東証ETF,"1,891",-6,-0.32,46,2026/08/31
1298,1298,4752,(株)昭和システムエンジニアリング,東証STD,"1,570",-5,-0.32,900,2026/08/31
1299,1299,4922,(株)コーセーホールディングス,東証PRM,"5,846",-19,-0.32,"343,100",2026/08/31
1300,1300,4923,コタ(株),東証PRM,"1,251",-4,-0.32,"18,100",2026/08/31
1301,1301,5288,アジアパイルホールディングス(株),東証PRM,"1,560",-5,-0.32,"133,000",2026/08/31
1302,1302,7806,(株)ＭＴＧ,東証GRT,"9,220",-30,-0.32,"120,200",2026/08/31
1303,1303,7887,南海プライウッド(株),東証STD,"1,564",-5,-0.32,"4,900",2026/08/31
1304,1304,8075,神鋼商事(株),東証PRM,"3,090",-10,-0.32,"50,400",2026/08/31
1305,1305,8230,(株)はせがわ,東証STD,312,-1,-0.32,"24,700",2026/08/31
1306,1306,8247,(株)大和,東証STD,313,-1,-0.32,"1,400",2026/08/31
1307,1307,8967,日本ロジスティクスファンド投資法人,東証,"94,300",-300,-0.32,"6,893",2026/08/31
1308,1308,9258,(株)ＣＳ－Ｃ,東証GRT,309,-1,-0.32,300,2026/08/31
1309,1309,1301,(株)極洋,東証PRM,"4,760",-15,-0.31,"30,900",2026/08/31
1310,1310,1625,(NEXT FUNDS)電機･精密上場投信,東証ETF,"65,330",-200,-0.31,486,2026/08/31
1311,1311,210A,iFreeETF 日経高利回りREIT指数,東証ETF,"1,594",-5,-0.31,"46,265",2026/08/31
1312,1312,2428,ウェルネット(株),東証STD,640,-2,-0.31,"18,100",2026/08/31
1313,1313,2623,iシェアーズ ユーロ建て投資適格社債(H有),東証ETF,"1,929",-6,-0.31,510,2026/08/31
1314,1314,2908,フジッコ(株),東証PRM,"1,632",-5,-0.31,"32,400",2026/08/31
1315,1315,3123,サイボー(株),東証STD,650,-2,-0.31,"1,900",2026/08/31
1316,1316,4620,藤倉化成(株),東証STD,965,-3,-0.31,"120,500",2026/08/31
1317,1317,4765,ＳＢＩグローバルアセットマネジメント(株),東証PRM,648,-2,-0.31,"365,500",2026/08/31
1318,1318,5139,オープンワーク(株),東証GRT,964,-3,-0.31,"18,000",2026/08/31
1319,1319,541A,One ETF TOPIX高配当株グロース指数,東証ETF,"1,140",-3.5,-0.31,510,2026/08/31
1320,1320,6633,(株)ＣＧＳホールディングス,東証STD,319,-1,-0.31,"13,800",2026/08/31
1321,1321,7532,(株)パン・パシフィック・インターナショナルホールディングス,東証PRM,807,-2.5,-0.31,"12,197,500",2026/08/31
1322,1322,8130,(株)サンゲツ,東証PRM,"3,220",-10,-0.31,"141,800",2026/08/31
1323,1323,8955,日本プライムリアルティ投資法人,東証,"96,800",-300,-0.31,"7,502",2026/08/31
1324,1324,8960,ユナイテッド・アーバン投資法人,東証,"160,900",-500,-0.31,"8,795",2026/08/31
1325,1325,8976,大和証券オフィス投資法人,東証,"319,500","-1,000",-0.31,"1,817",2026/08/31
1326,1326,1495,上場インデックスファンドアジアリート,東証ETF,"11,550",-35,-0.3,133,2026/08/31
1327,1327,1554,上場インデックス世界株式(MSCI ACWI)除く日本,東証ETF,"6,921",-21,-0.3,478,2026/08/31
1328,1328,1617,(NEXT FUNDS)食品上場投信,東証ETF,"49,200",-150,-0.3,276,2026/08/31
1329,1329,1873,(株)日本ハウスホールディングス,東証PRM,329,-1,-0.3,"88,200",2026/08/31
1330,1330,3482,ロードスターキャピタル(株),東証PRM,"2,636",-8,-0.3,"52,000",2026/08/31
1331,1331,378A,(株)ヒット,東証GRT,"1,010",-3,-0.3,"48,200",2026/08/31
1332,1332,3974,ＳＣＡＴ(株),東証STD,664,-2,-0.3,"3,700",2026/08/31
1333,1333,4534,持田製薬(株),東証PRM,"3,280",-10,-0.3,"87,200",2026/08/31
1334,1334,471A,ＮＳグループ(株),東証PRM,"1,635",-5,-0.3,"204,500",2026/08/31
1335,1335,4928,(株)ノエビアホールディングス,東証PRM,"4,920",-15,-0.3,"77,400",2026/08/31
1336,1336,493A,One ETF 日本国債 1-3年,東証ETF,993.6,-3,-0.3,210,2026/08/31
1337,1337,5726,(株)大阪チタニウムテクノロジーズ,東証PRM,"2,671",-8,-0.3,"421,800",2026/08/31
1338,1338,7800,(株)アミファ,東証STD,"1,002",-3,-0.3,"3,900",2026/08/31
1339,1339,9264,ポエック(株),東証STD,"1,646",-5,-0.3,"38,200",2026/08/31
1340,1340,9342,(株)スマサポ,東証GRT,987,-3,-0.3,"2,300",2026/08/31
1341,1341,9565,ＧＬＯＥ(株),東証GRT,674,-2,-0.3,"1,500",2026/08/31
1342,1342,1497,iシェアーズ 米ドル建ハイイールド社債ETF(H有),東証ETF,"1,734",-5,-0.29,"8,197",2026/08/31
1343,1343,163A,半導体フォーカス日本株(ネットリターン)ETN,東証ETF,"19,210",-55,-0.29,"2,770",2026/08/31
1344,1344,2253,GX スーパーディビィデンド-US,東証ETF,"1,360",-4,-0.29,"11,474",2026/08/31
1345,1345,2301,(株)学情,東証PRM,"1,735",-5,-0.29,"63,300",2026/08/31
1346,1346,2841,iFreeETF NASDAQ100(H有),東証ETF,"1,693",-5,-0.29,"51,467",2026/08/31
1347,1347,3504,(株)丸八ホールディングス,名証MN,"1,384",-4,-0.29,"7,700",2026/08/31
1348,1348,3844,コムチュア(株),東証PRM,"1,367",-4,-0.29,"116,200",2026/08/31
1349,1349,5185,(株)フコク,東証PRM,"2,061",-6,-0.29,"42,600",2026/08/31
1350,1350,6039,(株)日本動物高度医療センター,東証GRT,"1,047",-3,-0.29,"39,400",2026/08/31
1351,1351,6460,セガサミーホールディングス(株),東証PRM,"3,102",-9,-0.29,"1,088,100",2026/08/31
1352,1352,6539,(株)ＭＳ－Ｊａｐａｎ,東証PRM,"1,015",-3,-0.29,"28,500",2026/08/31
1353,1353,7184,(株)富山第一銀行,東証PRM,"3,405",-10,-0.29,"202,600",2026/08/31
1354,1354,7865,ピープル(株),東証STD,343,-1,-0.29,"3,200",2026/08/31
1355,1355,8566,リコーリース(株),東証PRM,"6,860",-20,-0.29,"41,000",2026/08/31
1356,1356,8935,(株)ＦＪネクストホールディングス,東証PRM,"2,067",-6,-0.29,"47,000",2026/08/31
1357,1357,8977,阪急阪神リート投資法人,東証,"136,400",-400,-0.29,"4,433",2026/08/31
1358,1358,9731,(株)白洋舍,東証STD,"3,390",-10,-0.29,"4,200",2026/08/31
1359,1359,1660,MAXIS高利回りJリート上場投信,東証ETF,"10,545",-30,-0.28,902,2026/08/31
1360,1360,168A,(株)イタミアート,東証GRT,"1,075",-3,-0.28,900,2026/08/31
1361,1361,256A,飛島ホールディングス(株),東証PRM,"2,175",-6,-0.28,"233,000",2026/08/31
1362,1362,2894,石井食品(株),東証STD,350,-1,-0.28,"4,600",2026/08/31
1363,1363,2931,(株)ユーグレナ,東証PRM,354,-1,-0.28,"482,100",2026/08/31
1364,1364,4308,(株)Ｊストリーム,東証GRT,360,-1,-0.28,"25,500",2026/08/31
1365,1365,4644,イマジニア(株),東証STD,"1,070",-3,-0.28,"9,300",2026/08/31
1366,1366,7172,(株)ジャパンインベストメントアドバイザー,東証PRM,"2,132",-6,-0.28,"104,200",2026/08/31
1367,1367,8225,(株)タカチホ,東証STD,"3,580",-10,-0.28,100,2026/08/31
1368,1368,1476,iシェアーズ・コア Ｊリート ETF,東証ETF,"1,855",-5,-0.27,"64,643",2026/08/31
1369,1369,1569,TOPIXベア上場投信,東証ETF,725.5,-2,-0.27,"14,640",2026/08/31
1370,1370,2294,(株)柿安本店,東証PRM,"2,588",-7,-0.27,"11,800",2026/08/31
1371,1371,235A,GX 高配当30-日本株式,東証ETF,"1,455",-4,-0.27,"4,859",2026/08/31
1372,1372,236A,iシェアーズ 日本国債7-10年,東証ETF,436.6,-1.2,-0.27,"39,340",2026/08/31
1373,1373,2517,MAXIS Jリート･コア上場投信,東証ETF,"1,089",-3,-0.27,"1,880",2026/08/31
1374,1374,2526,NZAM 上場投信 JPX日経400,東証ETF,"37,600",-100,-0.27,239,2026/08/31
1375,1375,2563,iシェアーズ S&P500 米国株 ETF(H有),東証ETF,406.3,-1.1,-0.27,"62,640",2026/08/31
1376,1376,2792,(株)ハニーズホールディングス,東証PRM,"1,461",-4,-0.27,"32,700",2026/08/31
1377,1377,2869,iFreeETF NASDAQ100レバレッジ,東証ETF,"2,940",-8,-0.27,"91,339",2026/08/31
1378,1378,3295,ヒューリックリート投資法人,東証,"150,000",-400,-0.27,"3,427",2026/08/31
1379,1379,4335,ＩＰＳホールディングス(株),東証STD,"1,093",-3,-0.27,900,2026/08/31
1380,1380,8818,京阪神ビルディング(株),東証PRM,"1,123",-3,-0.27,"386,600",2026/08/31
1381,1381,8958,グローバル・ワン不動産投資法人,東証,"112,100",-300,-0.27,"5,504",2026/08/31
1382,1382,9035,第一交通産業(株),福証,747,-2,-0.27,"5,900",2026/08/31
1383,1383,9171,栗林商船(株),東証STD,"1,505",-4,-0.27,"1,600",2026/08/31
1384,1384,4528,小野薬品工業(株),東証PRM,"2,450.5",-6.5,-0.26,"1,569,500",2026/08/31
1385,1385,496A,One ETF 日本国債 17-20年,東証ETF,931,-2.4,-0.26,70,2026/08/31
1386,1386,5241,(株)日本オーエー研究所,名証MN,778,-2,-0.26,100,2026/08/31
1387,1387,5933,アルインコ(株),東証PRM,"1,139",-3,-0.26,"28,300",2026/08/31
1388,1388,6203,豊和工業(株),東証STD,"1,555",-4,-0.26,"143,400",2026/08/31
1389,1389,6286,靜甲(株),東証STD,"1,511",-4,-0.26,"5,200",2026/08/31
1390,1390,6432,(株)竹内製作所,東証PRM,"7,620",-20,-0.26,"209,100",2026/08/31
1391,1391,6466,(株)ＴＶＥ,東証STD,"3,840",-10,-0.26,"16,800",2026/08/31
1392,1392,8917,ファースト住建(株),東証STD,"1,140",-3,-0.26,"9,800",2026/08/31
1393,1393,9793,(株)ダイセキ,東証PRM,"3,795",-10,-0.26,"122,400",2026/08/31
1394,1394,9960,東テク(株),東証PRM,"3,845",-10,-0.26,"107,800",2026/08/31
1395,1395,1487,上場インデックスファンド米国債券(H有),東証ETF,"11,755",-30,-0.25,206,2026/08/31
1396,1396,2461,(株)ファンコミュニケーションズ,東証PRM,397,-1,-0.25,"106,600",2026/08/31
1397,1397,3065,(株)ライフフーズ,東証STD,"1,591",-4,-0.25,"3,300",2026/08/31
1398,1398,3953,大村紙業(株),東証STD,795,-2,-0.25,"1,000",2026/08/31
1399,1399,3997,(株)トレードワークス,東証STD,392,-1,-0.25,"159,100",2026/08/31
1400,1400,4041,日本曹達(株),東証PRM,"4,010",-10,-0.25,"154,600",2026/08/31
1401,1401,6806,ヒロセ電機(株),東証PRM,"25,935",-65,-0.25,"161,300",2026/08/31
1402,1402,7590,(株)タカショー,東証STD,401,-1,-0.25,"26,000",2026/08/31
1403,1403,7730,マニー(株),東証PRM,"1,573",-4,-0.25,"362,200",2026/08/31
1404,1404,7953,菊水化学工業(株),東証STD,400,-1,-0.25,"9,400",2026/08/31
1405,1405,8803,平和不動産(株),東証PRM,"2,381",-6,-0.25,"182,500",2026/08/31
1406,1406,8835,太平洋興発(株),東証STD,805,-2,-0.25,"9,600",2026/08/31
1407,1407,9361,伏木海陸運送(株),東証STD,"2,025",-5,-0.25,200,2026/08/31
1408,1408,9434,ソフトバンク(株),東証PRM,237.1,-0.6,-0.25,"85,535,300",2026/08/31
1409,1409,2514,(NEXT FUNDS)外国株式･MSCI-KOKUSAI(H有),東証ETF,"2,055",-5,-0.24,"1,482",2026/08/31
1410,1410,3386,コスモ・バイオ(株),東証STD,"1,247",-3,-0.24,"6,200",2026/08/31
1411,1411,3476,投資法人みらい,東証,"40,950",-100,-0.24,"63,924",2026/08/31
1412,1412,4026,神島化学工業(株),東証STD,"1,666",-4,-0.24,"24,600",2026/08/31
1413,1413,4547,キッセイ薬品工業(株),東証PRM,"4,095",-10,-0.24,"55,200",2026/08/31
1414,1414,6157,日進工具(株),東証STD,847,-2,-0.24,"97,100",2026/08/31
1415,1415,6455,(株)モリタホールディングス,東証PRM,"2,506",-6,-0.24,"87,400",2026/08/31
1416,1416,6632,(株)ＪＶＣケンウッド,東証PRM,"1,034",-2.5,-0.24,"1,160,400",2026/08/31
1417,1417,7071,(株)アンビスホールディングス,東証PRM,416,-1,-0.24,"237,100",2026/08/31
1418,1418,7130,ヤマエグループホールディングス(株),東証PRM,"2,863",-7,-0.24,"71,600",2026/08/31
1419,1419,8022,ミズノ(株),東証PRM,"4,075",-10,-0.24,"199,700",2026/08/31
1420,1420,8750,(株)第一ライフグループ,東証PRM,"1,838.5",-4.5,-0.24,"13,917,900",2026/08/31
1421,1421,9302,三井倉庫ホールディングス(株),東証PRM,"3,350",-8,-0.24,"268,200",2026/08/31
1422,1422,1320,iFreeETF 日経225(年1回決算型),東証ETF,"68,370",-160,-0.23,"22,838",2026/08/31
1423,1423,1559,(NEXT FUNDS)タイ株式指数連動型上場投信,東証ETF,"4,790",-11,-0.23,257,2026/08/31
1424,1424,2016,iFreeETF 米国国債7-10年(H有),東証ETF,"1,749",-4,-0.23,248,2026/08/31
1425,1425,2559,MAXIS 全世界株式(オール・カントリー)上場投信,東証ETF,"3,025",-7,-0.23,"281,505",2026/08/31
1426,1426,2844,上場インデックスファンド豪州国債(H無),東証ETF,"5,614",-13,-0.23,673,2026/08/31
1427,1427,3252,地主(株),東証PRM,"2,983",-7,-0.23,"125,200",2026/08/31
1428,1428,3333,(株)あさひ,東証PRM,"1,326",-3,-0.23,"67,000",2026/08/31
1429,1429,4248,竹本容器(株),東証STD,883,-2,-0.23,"2,900",2026/08/31
1430,1430,483A,テラテクノロジー(株),東証STD,"2,175",-5,-0.23,"2,500",2026/08/31
1431,1431,5282,ジオスター(株),東証STD,428,-1,-0.23,"37,100",2026/08/31
1432,1432,573A,iシェアーズ 日本国債20年超,東証ETF,485.1,-1.1,-0.23,"36,510",2026/08/31
1433,1433,7460,(株)ヤギ,東証STD,"1,713",-4,-0.23,"7,900",2026/08/31
1434,1434,7751,キヤノン(株),東証PRM,"4,675",-11,-0.23,"4,659,700",2026/08/31
1435,1435,8115,ムーンバット(株),東証STD,"1,323",-3,-0.23,"3,500",2026/08/31
1436,1436,8560,(株)宮崎太陽銀行,福証,"2,593",-6,-0.23,600,2026/08/31
1437,1437,8793,ＮＥＣキャピタルソリューション(株),東証PRM,"4,255",-10,-0.23,"17,800",2026/08/31
1438,1438,9240,(株)デリバリーコンサルティング,東証GRT,431,-1,-0.23,"3,400",2026/08/31
1439,1439,9561,(株)グラッドキューブ,東証GRT,425,-1,-0.23,"24,500",2026/08/31
1440,1440,9686,東洋テック(株),東証STD,"1,700",-4,-0.23,"4,500",2026/08/31
1441,1441,2138,クルーズ(株),東証STD,455,-1,-0.22,"4,500",2026/08/31
1442,1442,2247,iFreeETF S&P500(H無),東証ETF,"2,317",-5,-0.22,556,2026/08/31
1443,1443,2259,iシェアーズ フランス国債7-10年(H有),東証ETF,179.1,-0.4,-0.22,"1,760",2026/08/31
1444,1444,2485,(株)ティア,東証STD,450,-1,-0.22,"51,000",2026/08/31
1445,1445,2856,iシェアーズ 米国債3-7年 ETF(H有),東証ETF,646.9,-1.4,-0.22,"7,430",2026/08/31
1446,1446,2892,日本食品化工(株),東証STD,"4,560",-10,-0.22,"2,800",2026/08/31
1447,1447,3286,トラストホールディングス(株),東証STD,895,-2,-0.22,"4,500",2026/08/31
1448,1448,3469,(株)デュアルタップ,東証STD,893,-2,-0.22,"2,300",2026/08/31
1449,1449,4379,(株)Ｐｈｏｔｏｓｙｎｔｈ,東証GRT,445,-1,-0.22,"19,800",2026/08/31
1450,1450,4386,(株)ＳＩＧグループ,東証STD,904,-2,-0.22,"3,400",2026/08/31
1451,1451,5936,東洋シヤッター(株),東証STD,923,-2,-0.22,"16,600",2026/08/31
1452,1452,7384,(株)プロクレアホールディングス,東証PRM,"4,640",-10,-0.22,"80,600",2026/08/31
1453,1453,9069,センコーグループホールディングス(株),東証PRM,"2,240",-5,-0.22,"429,300",2026/08/31
1454,1454,9286,エネクス・インフラ投資法人,東証,"46,400",-100,-0.22,"1,442",2026/08/31
1455,1455,1630,(NEXT FUNDS)小売上場投信,東証ETF,"37,910",-80,-0.21,296,2026/08/31
1456,1456,1717,明豊ファシリティワークス(株),東証STD,957,-2,-0.21,"8,100",2026/08/31
1457,1457,179A,GX 超長期米国債 (H有),東証ETF,241.4,-0.5,-0.21,"20,070",2026/08/31
1458,1458,2519,(NEXT FUNDS)新興国債券･J.P.M･EM･プラス(H無),東証ETF,"1,215",-2.5,-0.21,"3,920",2026/08/31
1459,1459,2855,GX グリーン・J-REIT,東証ETF,941,-2,-0.21,184,2026/08/31
1460,1460,3455,ヘルスケア＆メディカル投資法人,東証,"95,700",-200,-0.21,"10,739",2026/08/31
1461,1461,3916,デジタル・インフォメーション・テクノロジー(株),東証PRM,968,-2,-0.21,"74,900",2026/08/31
1462,1462,4626,太陽ホールディングス(株),東証PRM,"4,730",-10,-0.21,"243,700",2026/08/31
1463,1463,4761,(株)さくらケーシーエス,東証STD,"1,456",-3,-0.21,"4,100",2026/08/31
1464,1464,5451,(株)ヨドコウ,東証PRM,"1,428",-3,-0.21,"331,200",2026/08/31
1465,1465,6044,(株)三機サービス,東証STD,"1,945",-4,-0.21,"6,100",2026/08/31
1466,1466,6223,(株)西部技研,東証STD,"1,932",-4,-0.21,"32,200",2026/08/31
1467,1467,6328,荏原実業(株),東証PRM,"2,383",-5,-0.21,"84,000",2026/08/31
1468,1468,7596,(株)魚力,東証PRM,"2,375",-5,-0.21,"44,800",2026/08/31
1469,1469,7638,(株)ＮＥＷ　ＡＲＴ　ＨＯＬＤＩＮＧＳ,東証STD,"1,409",-3,-0.21,"10,700",2026/08/31
1470,1470,8041,ＯＵＧホールディングス(株),東証STD,"4,710",-10,-0.21,"4,500",2026/08/31
1471,1471,9037,(株)ハマキョウレックス,東証PRM,"1,859",-4,-0.21,"138,100",2026/08/31
1472,1472,9929,平和紙業(株),東証STD,472,-1,-0.21,"4,000",2026/08/31
1473,1473,9989,(株)サンドラッグ,東証PRM,"3,732",-8,-0.21,"467,800",2026/08/31
1474,1474,1332,(株)ニッスイ,東証PRM,"1,275.5",-2.5,-0.2,"1,607,700",2026/08/31
1475,1475,2236,GX S&P500配当貴族,東証ETF,"1,516",-3,-0.2,"3,812",2026/08/31
1476,1476,2291,福留ハム(株),東証STD,510,-1,-0.2,"2,200",2026/08/31
1477,1477,2568,上場インデックスファンド米国株式(NASDAQ100)H無,東証ETF,"8,070",-16,-0.2,"2,983",2026/08/31
1478,1478,3076,あい　ホールディングス(株),東証PRM,"2,988",-6,-0.2,"104,800",2026/08/31
1479,1479,3282,コンフォリア・レジデンシャル投資法人,東証,"99,000",-200,-0.2,"8,052",2026/08/31
1480,1480,4073,(株)ジィ・シィ企画,東証GRT,506,-1,-0.2,"16,700",2026/08/31
1481,1481,613A,iFreeETF ドイツ0-3カ月短期国債,東証ETF,"1,986",-4,-0.2,"1,362",2026/08/31
1482,1482,6678,(株)テクノメディカ,東証STD,"2,046",-4,-0.2,"8,400",2026/08/31
1483,1483,8052,椿本興業(株),東証PRM,"2,936",-6,-0.2,"78,000",2026/08/31
1484,1484,8370,(株)紀陽銀行,東証PRM,"5,090",-10,-0.2,"132,100",2026/08/31
1485,1485,8542,(株)トマト銀行,東証STD,"1,951",-4,-0.2,"22,300",2026/08/31
1486,1486,8954,オリックス不動産投資法人,東証,"97,400",-200,-0.2,"11,663",2026/08/31
1487,1487,9023,東京地下鉄(株),東証PRM,"1,471",-3,-0.2,"1,530,200",2026/08/31
1488,1488,9672,東京都競馬(株),東証PRM,"5,050",-10,-0.2,"41,700",2026/08/31
1489,1489,9761,東海リース(株),東証STD,"2,449",-5,-0.2,"2,900",2026/08/31
1490,1490,9835,(株)ジュンテンドー,東証STD,509,-1,-0.2,"2,000",2026/08/31
1491,1491,9846,(株)天満屋ストア,東証STD,982,-2,-0.2,"9,200",2026/08/31
1492,1492,1356,TOPIXベア2倍上場投信,東証ETF,102.6,-0.2,-0.19,"3,541,510",2026/08/31
1493,1493,1482,iシェアーズ・コア 米国債7-10年ETF(H有),東証ETF,"1,537",-3,-0.19,"69,326",2026/08/31
1494,1494,2914,ＪＴ,東証PRM,"6,935",-13,-0.19,"3,810,100",2026/08/31
1495,1495,3329,東和フードサービス(株),東証STD,"2,125",-4,-0.19,"21,300",2026/08/31
1496,1496,4633,サカタインクス(株),東証PRM,"2,687",-5,-0.19,"113,800",2026/08/31
1497,1497,5979,カネソウ(株),名証MN,"5,290",-10,-0.19,100,2026/08/31
1498,1498,6370,栗田工業(株),東証PRM,"8,085",-15,-0.19,"406,800",2026/08/31
1499,1499,9691,(株)両毛システムズ,東証STD,"5,140",-10,-0.19,"3,100",2026/08/31
1500,1500,1882,東亜道路工業(株),東証PRM,"1,625",-3,-0.18,"382,300",2026/08/31
1501,1501,1980,ダイダン(株),東証PRM,"2,755",-5,-0.18,"453,800",2026/08/31
1502,1502,2258,iシェアーズ 米ドル建てハイイールド社債,東証ETF,227.4,-0.4,-0.18,"55,810",2026/08/31
1503,1503,2293,滝沢ハム(株),東証STD,"2,705",-5,-0.18,"1,500",2026/08/31
1504,1504,2528,iFreeETF 東証REIT Core指数,東証ETF,"1,099",-2,-0.18,"8,075",2026/08/31
1505,1505,2624,iFreeETF 日経225(年4回決算型),東証ETF,"6,670",-12,-0.18,"79,896",2026/08/31
1506,1506,280A,(株)ＴＭＨ,東証GRT,"1,091",-2,-0.18,"62,200",2026/08/31
1507,1507,2837,GX 中小型リーダーズ-日本株式,東証ETF,"4,930",-9,-0.18,"4,375",2026/08/31
1508,1508,2862,上場インデックスファンドフランス国債(H有),東証ETF,"3,850",-7,-0.18,11,2026/08/31
1509,1509,3933,チエル(株),東証STD,570,-1,-0.18,"2,300",2026/08/31
1510,1510,5011,ニチレキグループ(株),東証PRM,"2,247",-4,-0.18,"55,900",2026/08/31
1511,1511,6083,ＥＲＩホールディングス(株),東証STD,"1,689",-3,-0.18,"35,800",2026/08/31
1512,1512,6277,ホソカワミクロン(株),東証PRM,"5,590",-10,-0.18,"32,500",2026/08/31
1513,1513,7214,ＧＭＢ(株),東証STD,"1,108",-2,-0.18,"6,300",2026/08/31
1514,1514,7868,(株)広済堂ホールディングス,東証PRM,555,-1,-0.18,"134,000",2026/08/31
1515,1515,8291,日産東京販売ホールディングス(株),東証STD,554,-1,-0.18,"48,300",2026/08/31
1516,1516,8544,(株)京葉銀行,東証PRM,"2,847",-5,-0.18,"212,100",2026/08/31
1517,1517,8550,(株)栃木銀行,東証PRM,"1,092",-2,-0.18,"507,200",2026/08/31
1518,1518,1550,MAXIS 海外株式(MSCIコクサイ)上場投信,東証ETF,"8,226",-14,-0.17,"1,993",2026/08/31
1519,1519,1585,iFreeETF TOPIX Ex-Financials,東証ETF,"2,682.5",-4.5,-0.17,10,2026/08/31
1520,1520,1685,WisdomTree エネルギー上場投信,東証ETF,838.6,-1.4,-0.17,310,2026/08/31
1521,1521,2511,(NEXT FUNDS)外国債券・FTSE世界国債(除く日本・H無),東証ETF,"1,188",-2,-0.17,"92,830",2026/08/31
1522,1522,2530,MAXIS HuaAn中国株式(上海180A株)上場投信,東証ETF,"17,500",-30,-0.17,53,2026/08/31
1523,1523,3048,(株)ビックカメラ,東証PRM,"1,781",-3,-0.17,"781,500",2026/08/31
1524,1524,3292,イオンリート投資法人,東証,"118,400",-200,-0.17,"8,029",2026/08/31
1525,1525,6094,(株)フリークアウト・ホールディングス,東証GRT,582,-1,-0.17,"4,900",2026/08/31
1526,1526,6999,ＫＯＡ(株),東証PRM,"2,355",-4,-0.17,"393,400",2026/08/31
1527,1527,7093,アディッシュ(株),東証GRT,598,-1,-0.17,"3,700",2026/08/31
1528,1528,7273,(株)イクヨ,東証STD,600,-1,-0.17,"8,000",2026/08/31
1529,1529,9003,相鉄ホールディングス(株),東証PRM,"2,632.5",-4.5,-0.17,"237,400",2026/08/31
1530,1530,1345,上場インデックスファンドJリート隔月分配,東証ETF,"1,831",-3,-0.16,"34,813",2026/08/31
1531,1531,1553,MAXIS S&P東海上場投信,名証ETF,"5,796",-9,-0.16,40,2026/08/31
1532,1532,201A,iシェアーズ Nifty 50 インド株 ETF,東証ETF,182.3,-0.3,-0.16,"74,320",2026/08/31
1533,1533,2041,NEXT NOTES NYダウ･ベア･ドルヘッジ ETN,東証ETF,"1,929",-3,-0.16,"2,935",2026/08/31
1534,1534,2148,アイティメディア(株),東証PRM,"1,230",-2,-0.16,"58,100",2026/08/31
1535,1535,254A,ＡＩフュージョンキャピタルグループ(株),東証STD,"1,218",-2,-0.16,"17,700",2026/08/31
1536,1536,2806,ユタカフーズ(株),東証STD,"1,895",-3,-0.16,300,2026/08/31
1537,1537,2849,GX Morningstar 高配当 ESG-日本株式,東証ETF,"5,610",-9,-0.16,1,2026/08/31
1538,1538,3287,星野リゾート・リート投資法人,東証,"243,200",-400,-0.16,"3,022",2026/08/31
1539,1539,3434,(株)アルファ,東証STD,"1,245",-2,-0.16,"3,500",2026/08/31
1540,1540,348A,MAXIS 読売333日本株,東証ETF,304.4,-0.5,-0.16,"32,760",2026/08/31
1541,1541,4120,スガイ化学工業(株),東証STD,"3,045",-5,-0.16,900,2026/08/31
1542,1542,6841,横河電機(株),東証PRM,"5,112",-8,-0.16,"1,139,700",2026/08/31
1543,1543,7192,日本モーゲージサービス(株),東証STD,629,-1,-0.16,"5,300",2026/08/31
1544,1544,7606,(株)ユナイテッドアローズ,東証PRM,"2,469",-4,-0.16,"177,000",2026/08/31
1545,1545,7943,ニチハ(株),東証PRM,"3,080",-5,-0.16,"44,700",2026/08/31
1546,1546,8093,極東貿易(株),東証PRM,"1,826",-3,-0.16,"42,300",2026/08/31
1547,1547,8630,ＳＯＭＰＯホールディングス(株),東証PRM,"6,850",-11,-0.16,"2,443,000",2026/08/31
1548,1548,8737,(株)あかつき本社,東証STD,636,-1,-0.16,"36,700",2026/08/31
1549,1549,94345,ソフトバンク(株)第1回社債型種類株式,東証PRM,"3,799",-6,-0.16,"3,600",2026/08/31
1550,1550,9551,メタウォーター(株),東証PRM,"3,125",-5,-0.16,"117,300",2026/08/31
1551,1551,3087,(株)ドトール・日レスホールディングス,東証PRM,"3,405",-5,-0.15,"139,000",2026/08/31
1552,1552,3161,アゼアス(株),東証STD,673,-1,-0.15,"4,700",2026/08/31
1553,1553,3199,綿半ホールディングス(株),東証PRM,"1,343",-2,-0.15,"28,500",2026/08/31
1554,1554,3487,CREロジスティクスファンド投資法人,東証,"134,600",-200,-0.15,"20,376",2026/08/31
1555,1555,4832,ＪＦＥシステムズ(株),東証STD,"1,992",-3,-0.15,"10,800",2026/08/31
1556,1556,5388,クニミネ工業(株),東証STD,"1,368",-2,-0.15,"7,200",2026/08/31
1557,1557,6218,エンシュウ(株),東証STD,648,-1,-0.15,"1,400",2026/08/31
1558,1558,6361,荏原,東証PRM,"4,681",-7,-0.15,"3,909,100",2026/08/31
1559,1559,6571,キュービーネットホールディングス(株),東証PRM,"1,301",-2,-0.15,"33,600",2026/08/31
1560,1560,6855,日本電子材料(株),東証STD,"6,460",-10,-0.15,"518,800",2026/08/31
1561,1561,7133,ＨＹＵＧＡ　ＰＲＩＭＡＲＹ　ＣＡＲＥ(株),東証GRT,"1,296",-2,-0.15,"2,500",2026/08/31
1562,1562,7699,オムニ・プラス・システム,東証GRT外国,680,-1,-0.15,700,2026/08/31
1563,1563,8129,東邦ホールディングス(株),東証PRM,"3,951",-6,-0.15,"124,800",2026/08/31
1564,1564,8267,イオン(株),東証PRM,"1,356.5",-2,-0.15,"9,851,800",2026/08/31
1565,1565,8871,(株)ゴールドクレスト,東証STD,"3,320",-5,-0.15,"43,600",2026/08/31
1566,1566,9950,(株)ハチバン,東証STD,"3,435",-5,-0.15,"3,800",2026/08/31
1567,1567,9974,(株)ベルク,東証PRM,"6,830",-10,-0.15,"21,000",2026/08/31
1568,1568,1832,(株)北海電工,札証,"1,386",-2,-0.14,"4,600",2026/08/31
1569,1569,2241,MAXIS NYダウ上場投信,東証ETF,949.8,-1.3,-0.14,"3,360",2026/08/31
1570,1570,2918,わらべや日洋ホールディングス(株),東証PRM,"2,804",-4,-0.14,"113,200",2026/08/31
1571,1571,3058,(株)三洋堂ホールディングス,東証STD,707,-1,-0.14,300,2026/08/31
1572,1572,3548,(株)バロックジャパンリミテッド,東証PRM,715,-1,-0.14,"115,700",2026/08/31
1573,1573,381A,iFreeETF 米国国債3-5年(H無),東証ETF,"2,175",-3,-0.14,81,2026/08/31
1574,1574,4224,ロンシール工業(株),東証STD,"2,138",-3,-0.14,"4,900",2026/08/31
1575,1575,4249,森六(株),東証PRM,"2,951",-4,-0.14,"37,900",2026/08/31
1576,1576,4262,ニフティライフスタイル(株),東証GRT,"1,400",-2,-0.14,"5,400",2026/08/31
1577,1577,5126,ポーターズ(株),東証GRT,"1,426",-2,-0.14,"2,200",2026/08/31
1578,1578,8725,ＭＳ＆ＡＤインシュアランスグループホールディングス(株),東証PRM,"5,107",-7,-0.14,"4,898,900",2026/08/31
1579,1579,9331,(株)キャスター,東証GRT,739,-1,-0.14,"1,500",2026/08/31
1580,1580,9332,ＮＩＳＳＯホールディングス(株),東証PRM,690,-1,-0.14,"78,300",2026/08/31
1581,1581,9622,(株)スペース,東証PRM,"1,463",-2,-0.14,"31,100",2026/08/31
1582,1582,1570,(NEXT FUNDS)日経平均レバレッジ上場投信,東証ETF,"69,690",-90,-0.13,"2,553,282",2026/08/31
1583,1583,1680,上場インデックスファンド海外先進国株式,東証ETF,"8,488",-11,-0.13,740,2026/08/31
1584,1584,1719,安藤ハザマ,東証PRM,"1,921",-2.5,-0.13,"675,400",2026/08/31
1585,1585,1780,(株)ヤマウラ,東証PRM,"1,493",-2,-0.13,"27,700",2026/08/31
1586,1586,2235,上場インデックスファンド米国株式(ダウ平均)H無,東証ETF,"3,705",-5,-0.13,78,2026/08/31
1587,1587,2270,雪印メグミルク(株),東証PRM,"3,730",-5,-0.13,"248,700",2026/08/31
1588,1588,2556,One ETF 東証REIT指数,東証ETF,"1,852.5",-2.5,-0.13,"74,020",2026/08/31
1589,1589,2751,(株)テンポスホールディングス,東証STD,"3,750",-5,-0.13,"3,700",2026/08/31
1590,1590,2916,仙波糖化工業(株),東証STD,743,-1,-0.13,"1,300",2026/08/31
1591,1591,324A,(株)ブッキングリゾート,東証GRT,748,-1,-0.13,"16,400",2026/08/31
1592,1592,3293,アズマハウス(株),東証STD,779,-1,-0.13,"3,800",2026/08/31
1593,1593,3931,(株)バリューゴルフ,東証GRT,"1,514",-2,-0.13,"1,400",2026/08/31
1594,1594,4819,(株)デジタルガレージ,東証PRM,"2,309",-3,-0.13,"376,600",2026/08/31
1595,1595,4929,(株)アジュバンホールディングス,東証STD,741,-1,-0.13,"2,700",2026/08/31
1596,1596,5252,日本ナレッジ(株),東証GRT,756,-1,-0.13,"2,100",2026/08/31
1597,1597,5284,ヤマウホールディングス(株),東証STD,"2,267",-3,-0.13,"2,500",2026/08/31
1598,1598,8285,三谷産業(株),東証STD,792,-1,-0.13,"49,300",2026/08/31
1599,1599,9664,(株)御園座,名証MN,"1,500",-2,-0.13,"1,000",2026/08/31
1600,1600,9715,トランスコスモス(株),東証PRM,"3,720",-5,-0.13,"103,300",2026/08/31
1601,1601,1496,iシェアーズ 米ドル建て投資適格社債ETF(H有),東証ETF,"1,635",-2,-0.12,"34,976",2026/08/31
1602,1602,155A,(株)情報戦略テクノロジー,東証GRT,848,-1,-0.12,"26,000",2026/08/31
1603,1603,1693,WisdomTree 銅上場投信,東証ETF,"9,072",-11,-0.12,"6,010",2026/08/31
1604,1604,2014,iシェアーズ 米国連続増配株 ETF,東証ETF,322.9,-0.4,-0.12,"103,060",2026/08/31
1605,1605,2268,Ｂ－Ｒ　サーティワン　アイスクリーム(株),東証STD,"4,050",-5,-0.12,"2,900",2026/08/31
1606,1606,2415,ヒューマンホールディングス(株),東証STD,"1,705",-2,-0.12,"4,700",2026/08/31
1607,1607,2851,iシェアーズ MSCI ジャパンSRI,東証ETF,406.9,-0.5,-0.12,"68,550",2026/08/31
1608,1608,3296,日本リート投資法人,東証,"82,400",-100,-0.12,"8,641",2026/08/31
1609,1609,3955,(株)イムラ,東証STD,846,-1,-0.12,"1,500",2026/08/31
1610,1610,5697,(株)サンユウ,東証STD,822,-1,-0.12,"3,700",2026/08/31
1611,1611,6038,(株)イード,東証GRT,833,-1,-0.12,"6,400",2026/08/31
1612,1612,6824,新コスモス電機(株),東証STD,"4,300",-5,-0.12,"9,000",2026/08/31
1613,1613,9163,(株)ナレルグループ,東証GRT,"2,414",-3,-0.12,"20,400",2026/08/31
1614,1614,9303,(株)住友倉庫,東証PRM,"4,225",-5,-0.12,"89,200",2026/08/31
1615,1615,9376,(株)ユーラシア旅行社,東証STD,840,-1,-0.12,"4,200",2026/08/31
1616,1616,94346,ソフトバンク(株)第2回社債型種類株式,東証PRM,"7,581",-9,-0.12,"1,400",2026/08/31
1617,1617,1488,iFreeETF 東証REIT指数,東証ETF,"1,875",-2,-0.11,"54,353",2026/08/31
1618,1618,1547,上場インデックスファンド米国株式(S&P500),東証ETF,"13,380",-15,-0.11,"6,579",2026/08/31
1619,1619,1595,NZAM 上場投信 東証REIT指数,東証ETF,"1,855",-2,-0.11,"5,981",2026/08/31
1620,1620,1629,(NEXT FUNDS)商社･卸売上場投信,東証ETF,270.5,-0.3,-0.11,"549,260",2026/08/31
1621,1621,1658,iシェアーズ･コア MSCI 新興国株 ETF,東証ETF,"4,425",-5,-0.11,"2,513",2026/08/31
1622,1622,3289,東急不動産ホールディングス(株),東証PRM,"1,329",-1.5,-0.11,"2,695,100",2026/08/31
1623,1623,3397,(株)トリドールホールディングス,東証PRM,"4,365",-5,-0.11,"351,200",2026/08/31
1624,1624,3440,日創グループ(株),東証STD,887,-1,-0.11,"42,100",2026/08/31
1625,1625,4623,(株)アサヒペン,東証STD,"1,875",-2,-0.11,"2,300",2026/08/31
1626,1626,530A,NZAM 上場投信 東証REIT指数(2・5・8・11月決算型),東証ETF,"1,821",-2,-0.11,415,2026/08/31
1627,1627,5357,(株)ヨータイ,東証PRM,"1,794",-2,-0.11,"35,500",2026/08/31
1628,1628,5464,モリ工業(株),東証STD,942,-1,-0.11,"18,500",2026/08/31
1629,1629,570A,iシェアーズ 日本国債0-1年,東証ETF,901.3,-1,-0.11,"6,270",2026/08/31
1630,1630,5901,東洋製罐グループホールディングス(株),東証PRM,"4,508",-5,-0.11,"373,900",2026/08/31
1631,1631,6387,サムコ(株),東証PRM,"8,800",-10,-0.11,"80,900",2026/08/31
1632,1632,9007,小田急電鉄(株),東証PRM,"1,783",-2,-0.11,"994,100",2026/08/31
1633,1633,1655,iシェアーズ S&P500 米国株 ETF,東証ETF,886.1,-0.9,-0.1,"587,040",2026/08/31
1634,1634,2325,(株)ＮＪＳ,東証PRM,"4,890",-5,-0.1,"35,300",2026/08/31
1635,1635,2621,iシェアーズ 米国債20年超(H有),東証ETF,"1,004",-1,-0.1,"1,035,950",2026/08/31
1636,1636,2866,GX 米国優先証券,東証ETF,990,-1,-0.1,"16,742",2026/08/31
1637,1637,3004,神栄(株),東証STD,"2,086",-2,-0.1,"6,800",2026/08/31
1638,1638,3817,(株)ＳＲＡホールディングス,東証PRM,"4,990",-5,-0.1,"35,300",2026/08/31
1639,1639,3842,(株)ネクストジェン,東証STD,"1,041",-1,-0.1,"1,200",2026/08/31
1640,1640,4098,チタン工業(株),東証STD,"1,019",-1,-0.1,"4,300",2026/08/31
1641,1641,5033,(株)ヌーラボ,東証GRT,952,-1,-0.1,"27,800",2026/08/31
1642,1642,5076,インフロニア・ホールディングス(株),東証PRM,"2,855",-3,-0.1,"1,523,700",2026/08/31
1643,1643,6103,オークマ(株),東証PRM,"4,800",-5,-0.1,"589,100",2026/08/31
1644,1644,6125,(株)岡本工作機械製作所,東証STD,"4,765",-5,-0.1,"45,800",2026/08/31
1645,1645,6544,ジャパンエレベーターサービスホールディングス(株),東証PRM,"1,560",-1.5,-0.1,"742,400",2026/08/31
1646,1646,8046,丸藤シートパイル(株),東証STD,"1,008",-1,-0.1,"10,800",2026/08/31
1647,1647,8358,スルガ銀行(株),東証PRM,"2,982",-3,-0.1,"891,600",2026/08/31
1648,1648,9242,メディア総研(株),東証GRT,"1,940",-2,-0.1,300,2026/08/31
1649,1649,9850,(株)グルメ杵屋,東証PRM,993,-1,-0.1,"36,800",2026/08/31
1650,1650,1365,iFreeETF 日経平均レバレッジ・インデックス,東証ETF,"4,297",-4,-0.09,"509,300",2026/08/31
1651,1651,1632,(NEXT FUNDS)金融(除く銀行)上場投信,東証ETF,"43,270",-40,-0.09,946,2026/08/31
1652,1652,2085,MAXIS 高配当日本株アクティブ,東証ETF,795.7,-0.7,-0.09,"8,730",2026/08/31
1653,1653,2091,NZAM 上場投信 ドイツ国債7-10年(H有),東証ETF,"4,484",-4,-0.09,6,2026/08/31
1654,1654,3063,(株)ジェイグループホールディングス,東証GRT,"1,120",-1,-0.09,"54,300",2026/08/31
1655,1655,3529,アツギ(株),東証STD,"1,068",-1,-0.09,"33,000",2026/08/31
1656,1656,4071,(株)プラスアルファ・コンサルティング,東証PRM,"2,241",-2,-0.09,"286,000",2026/08/31
1657,1657,4443,Ｓａｎｓａｎ(株),東証PRM,"2,313",-2,-0.09,"1,368,000",2026/08/31
1658,1658,4886,あすか製薬ホールディングス(株),東証PRM,"2,115",-2,-0.09,"50,700",2026/08/31
1659,1659,50765,インフロニア・ホールディングス（株）第1回社債型種類株式,東証PRM,"4,628",-4,-0.09,500,2026/08/31
1660,1660,587A,インベスコ QQQ トラスト シリーズ1,東証ETF,"114,650",-100,-0.09,274,2026/08/31
1661,1661,5945,天龍製鋸(株),東証STD,"2,304",-2,-0.09,"1,300",2026/08/31
1662,1662,7938,(株)リーガルコーポレーション,東証STD,"2,156",-2,-0.09,"2,500",2026/08/31
1663,1663,9765,(株)オオバ,東証PRM,"1,173",-1,-0.09,"8,100",2026/08/31
1664,1664,9867,ソレキア(株),東証STD,"10,760",-10,-0.09,300,2026/08/31
1665,1665,1486,上場インデックスファンド米国債券(H無),東証ETF,"23,745",-20,-0.08,"1,799",2026/08/31
1666,1666,1593,MAXIS JPX日経インデックス400上場投信,東証ETF,"38,440",-30,-0.08,"2,401",2026/08/31
1667,1667,1599,iFreeETF JPX日経400,東証ETF,"38,260",-30,-0.08,39,2026/08/31
1668,1668,1938,日本リーテック(株),東証PRM,"2,534",-2,-0.08,"82,000",2026/08/31
1669,1669,2244,GX US テック・トップ20,東証ETF,"3,616",-3,-0.08,"43,900",2026/08/31
1670,1670,2513,(NEXT FUNDS)外国株式･MSCI-KOKUSAI(H無),東証ETF,"3,654",-3,-0.08,"1,217",2026/08/31
1671,1671,2558,MAXIS 米国株式(S&P500)上場投信,東証ETF,"3,537",-3,-0.08,"92,548",2026/08/31
1672,1672,3402,東レ(株),東証PRM,"1,287.5",-1,-0.08,"4,069,700",2026/08/31
1673,1673,3583,オーベクス(株),東証STD,"1,319",-1,-0.08,"1,000",2026/08/31
1674,1674,364A,(NEXT FUNDS) S&P500 配当貴族指数連動型上場投信,東証ETF,"2,570",-2,-0.08,"1,204",2026/08/31
1675,1675,4465,(株)ニイタカ,東証STD,"2,450",-2,-0.08,"7,400",2026/08/31
1676,1676,4722,フューチャー(株),東証PRM,"2,449",-2,-0.08,"515,900",2026/08/31
1677,1677,4926,(株)シーボン,東証STD,"1,249",-1,-0.08,"1,400",2026/08/31
1678,1678,7081,コーユーレンティア(株),東証STD,"1,308",-1,-0.08,500,2026/08/31
1679,1679,9046,神戸電鉄(株),東証STD,"2,474",-2,-0.08,"8,100",2026/08/31
1680,1680,9861,(株)吉野家ホールディングス,東証PRM,"3,825",-3,-0.08,"472,200",2026/08/31
1681,1681,1383,ベルグアース(株),東証STD,"2,996",-2,-0.07,"1,300",2026/08/31
1682,1682,1981,(株)協和日成,東証STD,"1,339",-1,-0.07,"4,600",2026/08/31
1683,1683,2798,(株)ワイズテーブルコーポレーション,東証STD,"2,995",-2,-0.07,"5,900",2026/08/31
1684,1684,2897,日清食品ホールディングス(株),東証PRM,"2,990.5",-2,-0.07,"1,990,300",2026/08/31
1685,1685,3279,アクティビア・プロパティーズ投資法人,東証,"135,900",-100,-0.07,"4,304",2026/08/31
1686,1686,3435,サンコーテクノ(株),東証STD,"1,478",-1,-0.07,"3,600",2026/08/31
1687,1687,3969,(株)エイトレッド,東証STD,"1,409",-1,-0.07,"3,500",2026/08/31
1688,1688,4371,(株)コアコンセプト・テクノロジー,東証GRT,"1,482",-1,-0.07,"15,500",2026/08/31
1689,1689,449A,ステート・ストリート・スパイダー S&P500 ETF(H無),東証ETF,837.2,-0.6,-0.07,"2,770",2026/08/31
1690,1690,4507,塩野義製薬(株),東証PRM,"2,910.5",-2,-0.07,"3,008,500",2026/08/31
1691,1691,5941,(株)中西製作所,東証STD,"2,798",-2,-0.07,"1,500",2026/08/31
1692,1692,7134,(株)アップガレージグループ,東証STD,"1,387",-1,-0.07,"5,200",2026/08/31
1693,1693,9039,(株)サカイ引越センター,東証PRM,"2,993",-2,-0.07,"125,100",2026/08/31
1694,1694,9955,(株)ヨンキュウ,東証STD,"2,844",-2,-0.07,"2,700",2026/08/31
1695,1695,1960,(株)サンテック,東証STD,"1,655",-1,-0.06,"27,800",2026/08/31
1696,1696,2631,MAXIS ナスダック100上場投信,東証ETF,"33,690",-20,-0.06,"6,361",2026/08/31
1697,1697,3021,(株)パシフィックネット,東証STD,"1,620",-1,-0.06,"8,000",2026/08/31
1698,1698,515A,iシェアーズ 高格付け日本円社債 ETF,東証ETF,500.1,-0.3,-0.06,"1,820",2026/08/31
1699,1699,572A,iシェアーズ 日本国債3-7年,東証ETF,498.8,-0.3,-0.06,10,2026/08/31
1700,1700,7487,小津産業(株),東証STD,"1,793",-1,-0.06,"5,000",2026/08/31
1701,1701,8439,東京センチュリー(株),東証PRM,"2,695",-1.5,-0.06,"778,800",2026/08/31
1702,1702,1458,楽天 ETF-日経レバレッジ指数連動型,東証ETF,"83,160",-40,-0.05,"108,284",2026/08/31
1703,1703,2083,(NEXT FUNDS) 日本成長株アクティブ,東証ETF,"4,044",-2,-0.05,"7,589",2026/08/31
1704,1704,2510,(NEXT FUNDS)国内債券・NOMURA-BPI総合,東証ETF,801.2,-0.4,-0.05,"13,740",2026/08/31
1705,1705,3288,(株)オープンハウスグループ,東証PRM,"7,951",-4,-0.05,"330,500",2026/08/31
1706,1706,3800,(株)ユニリタ,東証STD,"1,970",-1,-0.05,800,2026/08/31
1707,1707,4540,(株)ツムラ,東証PRM,"3,782",-2,-0.05,"405,300",2026/08/31
1708,1708,487A,(NEXT FUNDS) ドイツ株式・DAX(H無),東証ETF,"2,154",-1,-0.05,132,2026/08/31
1709,1709,5199,不二ラテックス(株),東証STD,"2,011",-1,-0.05,100,2026/08/31
1710,1710,5962,浅香工業(株),東証STD,"2,012",-1,-0.05,300,2026/08/31
1711,1711,6925,ウシオ電機(株),東証PRM,"3,889",-2,-0.05,"485,700",2026/08/31
1712,1712,7434,(株)オータケ,東証STD,"1,839",-1,-0.05,"1,900",2026/08/31
1713,1713,7490,日新商事(株),東証STD,"2,189",-1,-0.05,"1,700",2026/08/31
1714,1714,9346,(株)ココルポート,東証GRT,"1,859",-1,-0.05,"6,600",2026/08/31
1715,1715,1321,(NEXT FUNDS)日経225連動型上場投信,東証ETF,"68,630",-30,-0.04,"292,216",2026/08/31
1716,1716,2209,井村屋グループ(株),東証PRM,"2,418",-1,-0.04,"18,600",2026/08/31
1717,1717,2633,(NEXT FUNDS) S&P500(H無)連動型上場投信,東証ETF,569.1,-0.2,-0.04,"60,130",2026/08/31
1718,1718,566A,iFreeETF ブルームバーグ日本株(除く金融)高配当50,東証ETF,"2,342",-1,-0.04,178,2026/08/31
1719,1719,7481,尾家産業(株),東証STD,"2,626",-1,-0.04,"1,600",2026/08/31
1720,1720,7649,スギホールディングス(株),東証PRM,"1,320.5",-0.5,-0.04,"2,374,900",2026/08/31
1721,1721,7949,小松ウオール工業(株),東証PRM,"2,847",-1,-0.04,"31,900",2026/08/31
1722,1722,8091,ニチモウ(株),東証PRM,"2,448",-1,-0.04,"6,800",2026/08/31
1723,1723,9010,富士急行(株),東証PRM,"2,791",-1,-0.04,"160,700",2026/08/31
1724,1724,9857,英和(株),東証STD,"2,630",-1,-0.04,"2,400",2026/08/31
1725,1725,9986,蔵王産業(株),東証STD,"2,489",-1,-0.04,"1,700",2026/08/31
1726,1726,1330,上場インデックスファンド225,東証ETF,"68,700",-20,-0.03,"23,817",2026/08/31
1727,1727,1579,日経平均ブル2倍上場投信,東証ETF,753.7,-0.2,-0.03,"12,029,300",2026/08/31
1728,1728,1596,NZAM 上場投信 TOPIX Ex-Financials,東証ETF,"3,074",-1,-0.03,1,2026/08/31
1729,1729,4413,(株)ボードルア,東証PRM,"2,966",-1,-0.03,"610,900",2026/08/31
1730,1730,6282,オイレス工業(株),東証PRM,"2,935",-1,-0.03,"106,300",2026/08/31
1731,1731,8804,東京建物(株),東証PRM,"3,445",-1,-0.03,"675,700",2026/08/31
1732,1732,2857,iシェアーズ ドイツ国債 ETF(H有),東証ETF,622.1,-0.1,-0.02,90,2026/08/31
1733,1733,4186,東京応化工業(株),東証PRM,"8,607",-2,-0.02,"568,200",2026/08/31
1734,1734,571A,iシェアーズ 日本国債1-3年,東証ETF,499.9,-0.1,-0.02,"20,350",2026/08/31
1735,1735,1329,iシェアーズ・コア 日経225ETF,東証ETF,"6,865",-1,-0.01,"434,676",2026/08/31
