順位(全市場),順位,コード,銘柄名,市場,現在値,前日比,騰落率(%),出来高,時刻
1,1,6976,太陽誘電(株),東証PRM,"9,991","-1,304",-11.54,"24,503,400",2026/08/18
2,2,3936,(株)グローバルウェイ,東証GRT,164,-21,-11.35,"4,410,700",2026/08/18
3,3,584A,ＬｉＮＫＸ(株),東証GRT,"2,921",-349,-10.67,"1,247,300",2026/08/18
4,4,6981,(株)村田製作所,東証PRM,"7,496",-794,-9.58,"31,992,000",2026/08/18
5,5,9563,Ａｔｌａｓ　Ｔｅｃｈｎｏｌｏｇｉｅｓ(株),東証GRT,363,-38,-9.48,"333,000",2026/08/18
6,6,268A,リガク・ホールディングス(株),東証PRM,"1,911",-200,-9.47,"2,682,000",2026/08/18
7,7,5074,テスホールディングス(株),東証PRM,622,-64,-9.33,"4,048,800",2026/08/18
8,8,3103,ユニチカ(株),東証STD,"1,513",-152,-9.13,"22,130,500",2026/08/18
9,9,4258,(株)網屋,東証GRT,"4,360",-435,-9.07,"91,100",2026/08/18
10,10,6597,ＨＰＣシステムズ(株),東証GRT,"3,420",-330,-8.8,"141,000",2026/08/18
11,11,6324,(株)ハーモニック・ドライブ・システムズ,東証PRM,"5,960",-550,-8.45,"2,056,800",2026/08/18
12,12,6627,(株)テラプローブ,東証STD,"11,310","-1,040",-8.42,"316,000",2026/08/18
13,13,3763,(株)プロシップ,東証PRM,"2,298",-205,-8.19,"170,100",2026/08/18
14,14,285A,キオクシアホールディングス(株),東証PRM,"57,150","-4,690",-7.58,"53,235,400",2026/08/18
15,15,6134,(株)ＦＵＪＩ,東証PRM,"7,931",-630,-7.36,"551,100",2026/08/18
16,16,6101,(株)ツガミ,東証PRM,"5,790",-450,-7.21,"386,200",2026/08/18
17,17,7762,シチズン時計(株),東証PRM,"2,600",-201,-7.18,"2,452,400",2026/08/18
18,18,7383,(株)ネットプロテクションズホールディングス,東証PRM,414,-32,-7.17,"1,717,500",2026/08/18
19,19,485A,(株)パワーエックス,東証GRT,"1,745",-134,-7.13,"3,934,200",2026/08/18
20,20,6235,(株)オプトラン,東証PRM,"2,978",-227,-7.08,"365,000",2026/08/18
21,21,6525,(株)ＫＯＫＵＳＡＩ　ＥＬＥＣＴＲＩＣ,東証PRM,"8,660",-646,-6.94,"7,475,600",2026/08/18
22,22,4582,シンバイオ製薬(株),東証GRT,68,-5,-6.85,"2,699,000",2026/08/18
23,23,6928,(株)エノモト,東証STD,"3,030",-220,-6.77,"350,900",2026/08/18
24,24,4461,第一工業製薬(株),東証PRM,"14,350","-1,040",-6.76,"144,100",2026/08/18
25,25,3436,(株)ＳＵＭＣＯ,東証PRM,"3,788",-273,-6.72,"12,981,000",2026/08/18
26,26,3110,日東紡,東証PRM,"3,210",-230,-6.69,"7,569,100",2026/08/18
27,27,6513,(株)オリジン,東証STD,"1,243",-89,-6.68,"129,600",2026/08/18
28,28,2033,NEXT NOTES 韓国KOSPI･ダブル･ブルETN,東証ETF,"78,410","-5,590",-6.65,"8,906",2026/08/18
29,29,6039,(株)日本動物高度医療センター,東証GRT,"1,066",-74,-6.49,"113,900",2026/08/18
30,30,6387,サムコ(株),東証PRM,"9,970",-680,-6.38,"160,900",2026/08/18
31,31,7409,ＡｅｒｏＥｄｇｅ(株),東証GRT,"1,414",-96,-6.36,"407,500",2026/08/18
32,32,3905,データセクション(株),東証GRT,"1,693",-114,-6.31,"23,326,200",2026/08/18
33,33,5892,(株)ｙｕｔｏｒｉ,東証GRT,"2,510",-169,-6.31,"176,100",2026/08/18
34,34,3445,(株)ＲＳ　Ｔｅｃｈｎｏｌｏｇｉｅｓ,東証PRM,"5,950",-400,-6.3,"353,400",2026/08/18
35,35,7735,(株)ＳＣＲＥＥＮホールディングス,東証PRM,"13,695",-920,-6.29,"2,418,500",2026/08/18
36,36,3891,ニッポン高度紙工業(株),東証STD,"7,020",-470,-6.28,"169,900",2026/08/18
37,37,3660,(株)アイスタイル,東証PRM,525,-35,-6.25,"5,382,600",2026/08/18
38,38,319A,(株)技術承継機構,東証GRT,"18,100","-1,200",-6.22,"50,700",2026/08/18
39,39,7685,(株)ＢｕｙＳｅｌｌ　Ｔｅｃｈｎｏｌｏｇｉｅｓ,東証GRT,"3,190",-210,-6.18,"805,300",2026/08/18
40,40,8035,東京エレクトロン(株),東証PRM,"56,380","-3,710",-6.17,"3,784,600",2026/08/18
41,41,6278,ユニオンツール(株),東証PRM,"16,110","-1,050",-6.12,"240,900",2026/08/18
42,42,6834,(株)精工技研,東証STD,"25,920","-1,680",-6.09,"310,900",2026/08/18
43,43,598A,チャットプラス(株),東証GRT,"1,415",-91,-6.04,"174,500",2026/08/18
44,44,4052,フィーチャ(株),東証GRT,545,-35,-6.03,"416,000",2026/08/18
45,45,5038,(株)ｅＷｅＬＬ,東証GRT,"2,158",-136,-5.93,"71,400",2026/08/18
46,46,7715,長野計器(株),東証PRM,"4,145",-260,-5.9,"180,500",2026/08/18
47,47,6656,インスペック(株),東証STD,855,-53,-5.84,"118,500",2026/08/18
48,48,6407,ＣＫＤ(株),東証PRM,"5,860",-360,-5.79,"861,600",2026/08/18
49,49,4971,メック(株),東証PRM,"7,510",-460,-5.77,"656,000",2026/08/18
50,50,4597,ソレイジア・ファーマ(株),東証GRT,33,-2,-5.71,"66,766,400",2026/08/18
51,51,6920,レーザーテック(株),東証PRM,"37,020","-2,240",-5.71,"2,764,200",2026/08/18
52,52,3994,(株)マネーフォワード,東証PRM,"5,658",-342,-5.7,"665,100",2026/08/18
53,53,9282,いちごグリーンインフラ投資法人,東証,"42,150","-2,550",-5.7,995,2026/08/18
54,54,2737,(株)トーメンデバイス,東証PRM,"30,700","-1,850",-5.68,"158,600",2026/08/18
55,55,7826,(株)フルヤ金属,東証PRM,"8,640",-520,-5.68,"386,800",2026/08/18
56,56,2862,上場インデックスファンドフランス国債(H有),東証ETF,"3,858",-232,-5.67,1,2026/08/18
57,57,4047,関東電化工業(株),東証PRM,"2,561",-154,-5.67,"876,400",2026/08/18
58,58,6918,(株)アバールデータ,東証STD,"3,770",-225,-5.63,"85,700",2026/08/18
59,59,3105,日清紡ホールディングス(株),東証PRM,"2,318",-136.5,-5.56,"623,400",2026/08/18
60,60,4651,(株)サニックスホールディングス,東証STD,255,-15,-5.56,"814,400",2026/08/18
61,61,3498,霞ヶ関キャピタル(株),東証PRM,"7,530",-440,-5.52,"536,400",2026/08/18
62,62,4182,三菱ガス化学(株),東証PRM,"3,993",-233,-5.51,"2,192,500",2026/08/18
63,63,6506,(株)安川電機,東証PRM,"5,171",-301,-5.5,"4,038,000",2026/08/18
64,64,6146,(株)ディスコ,東証PRM,"62,350","-3,560",-5.4,"1,108,800",2026/08/18
65,65,5821,平河ヒューテック(株),東証PRM,"3,430",-195,-5.38,"71,300",2026/08/18
66,66,5384,(株)フジミインコーポレーテッド,東証PRM,"3,875",-220,-5.37,"430,400",2026/08/18
67,67,421A,(株)ムービン・ストラテジック・キャリア,東証GRT,"3,805",-215,-5.35,"100,800",2026/08/18
68,68,6368,オルガノ(株),東証PRM,"13,980",-790,-5.35,"274,200",2026/08/18
69,69,6616,トレックス・セミコンダクター(株),東証PRM,"2,044",-115,-5.33,"133,300",2026/08/18
70,70,6526,(株)ソシオネクスト,東証PRM,"2,019",-112,-5.26,"5,799,000",2026/08/18
71,71,4902,コニカミノルタ(株),東証PRM,635.8,-34.9,-5.2,"4,161,800",2026/08/18
72,72,5367,(株)ニッカトー,東証STD,"1,261",-69,-5.19,"280,300",2026/08/18
73,73,2644,GX 半導体関連-日本株式,東証ETF,"4,162",-226,-5.15,"833,841",2026/08/18
74,74,1770,藤田エンジニアリング(株),東証STD,"2,014",-109,-5.13,"4,600",2026/08/18
75,75,4082,第一稀元素化学工業(株),東証PRM,"1,978",-107,-5.13,"362,500",2026/08/18
76,76,6141,ＤＭＧ森精機(株),東証PRM,"3,125",-169,-5.13,"3,453,000",2026/08/18
77,77,213A,上場インデックスファンド日経半導体株,東証ETF,426.8,-23,-5.11,"1,253,870",2026/08/18
78,78,3963,(株)シンクロ・フード,東証PRM,354,-19,-5.09,"176,700",2026/08/18
79,79,6857,(株)アドバンテスト,東証PRM,"35,860","-1,920",-5.08,"6,670,300",2026/08/18
80,80,200A,(NEXT FUNDS) 日経半導体株指数連動型上場投信,東証ETF,"4,616",-246,-5.06,"3,680,359",2026/08/18
81,81,6507,シンフォニアテクノロジー(株),東証PRM,"12,990",-690,-5.04,"147,900",2026/08/18
82,82,536A,NZAM 上場投信 先進国株式(MSCI-KOKUSAI)(H無),東証ETF,"2,290",-121,-5.02,215,2026/08/18
83,83,6866,ＨＩＯＫＩ(株),東証PRM,"11,750",-620,-5.01,"30,500",2026/08/18
84,84,6999,ＫＯＡ(株),東証PRM,"2,445",-129,-5.01,"523,800",2026/08/18
85,85,6754,アンリツ(株),東証PRM,"3,512",-183,-4.95,"1,104,300",2026/08/18
86,86,6800,(株)ヨコオ,東証PRM,"4,225",-220,-4.95,"167,300",2026/08/18
87,87,6752,パナソニック　ホールディングス(株),東証PRM,"4,552",-236,-4.93,"10,305,300",2026/08/18
88,88,5726,(株)大阪チタニウムテクノロジーズ,東証PRM,"2,986",-154,-4.9,"480,800",2026/08/18
89,89,3107,ダイワボウホールディングス(株),東証PRM,"3,599",-185,-4.89,"263,100",2026/08/18
90,90,3449,(株)テクノフレックス,東証STD,"3,995",-205,-4.88,"207,700",2026/08/18
91,91,4975,(株)ＪＣＵ,東証PRM,"5,460",-280,-4.88,"128,500",2026/08/18
92,92,7760,ＩＭＶ(株),東証STD,"2,086",-107,-4.88,"143,100",2026/08/18
93,93,7936,(株)アシックス,東証PRM,"4,897",-251,-4.88,"5,634,600",2026/08/18
94,94,6315,ＴＯＷＡ(株),東証PRM,"2,430",-124,-4.86,"5,977,700",2026/08/18
95,95,5706,三井金属(株),東証PRM,"30,060","-1,530",-4.84,"2,140,600",2026/08/18
96,96,1579,日経平均ブル2倍上場投信,東証ETF,780.5,-39.6,-4.83,"13,953,980",2026/08/18
97,97,593A,(株)ティアフォー,東証GRT,906,-46,-4.83,"1,719,000",2026/08/18
98,98,1570,(NEXT FUNDS)日経平均レバレッジ上場投信,東証ETF,"72,270","-3,660",-4.82,"2,418,716",2026/08/18
99,99,1358,上場インデックス日経レバレッジ指数,東証ETF,"138,500","-7,000",-4.81,"10,999",2026/08/18
100,100,5344,(株)ＭＡＲＵＷＡ,東証PRM,"59,000","-2,980",-4.81,"104,300",2026/08/18
101,101,221A,MAXIS 日経半導体株上場投信,東証ETF,"1,209",-61,-4.8,"277,500",2026/08/18
102,102,5131,リンカーズ(株),東証GRT,119,-6,-4.8,"31,300",2026/08/18
103,103,6254,野村マイクロ・サイエンス(株),東証PRM,"3,770",-190,-4.8,"710,700",2026/08/18
104,104,1458,楽天 ETF-日経レバレッジ指数連動型,東証ETF,"86,310","-4,330",-4.78,"130,094",2026/08/18
105,105,4777,(株)ガーラ,東証STD,199,-10,-4.78,"65,400",2026/08/18
106,106,6736,サン電子(株),東証STD,"7,600",-380,-4.76,"105,100",2026/08/18
107,107,6997,日本ケミコン(株),東証PRM,"3,000",-150,-4.76,"791,800",2026/08/18
108,108,6140,旭ダイヤモンド工業(株),東証PRM,"1,245",-62,-4.74,"473,400",2026/08/18
109,109,6217,津田駒工業(株),東証STD,884,-44,-4.74,"218,500",2026/08/18
110,110,6036,ＫｅｅＰｅｒ技研(株),東証PRM,"3,025",-150,-4.72,"288,300",2026/08/18
111,111,1365,iFreeETF 日経平均レバレッジ・インデックス,東証ETF,"4,465",-220,-4.7,"316,275",2026/08/18
112,112,247A,Ａｉロボティクス(株),東証GRT,952,-47,-4.7,"4,691,300",2026/08/18
113,113,5016,ＪＸ金属(株),東証PRM,"3,814",-186,-4.65,"21,703,700",2026/08/18
114,114,6703,ＯＫＩ,東証PRM,"2,840",-138,-4.63,"824,600",2026/08/18
115,115,6996,ニチコン(株),東証PRM,"2,861",-139,-4.63,"1,077,700",2026/08/18
116,116,3788,ＧＭＯグローバルサイン・ホールディングス(株),東証PRM,"2,070",-100,-4.61,"94,800",2026/08/18
117,117,3968,セグエグループ(株),東証PRM,625,-30,-4.58,"510,100",2026/08/18
118,118,4056,ニューラルグループ(株),東証GRT,209,-10,-4.57,"64,300",2026/08/18
119,119,4980,デクセリアルズ(株),東証PRM,"3,053",-146,-4.56,"1,880,100",2026/08/18
120,120,4564,オンコセラピー・サイエンス(株),東証GRT,21,-1,-4.55,"175,735,800",2026/08/18
121,121,6838,(株)多摩川ホールディングス,東証STD,"1,514",-72,-4.54,"160,600",2026/08/18
122,122,6841,横河電機(株),東証PRM,"5,346",-253,-4.52,"1,641,000",2026/08/18
123,123,4192,スパイダープラス(株),東証GRT,276,-13,-4.5,"199,200",2026/08/18
124,124,5332,ＴＯＴＯ(株),東証PRM,"6,360",-300,-4.5,"955,800",2026/08/18
125,125,3624,アクセルマーク(株),東証GRT,86,-4,-4.44,"2,913,800",2026/08/18
126,126,5333,ＮＧＫ(株),東証PRM,"5,850",-271,-4.43,"1,222,900",2026/08/18
127,127,7725,(株)インターアクション,東証PRM,"1,855",-86,-4.43,"89,000",2026/08/18
128,128,6925,ウシオ電機(株),東証PRM,"4,166",-192,-4.41,"302,000",2026/08/18
129,129,2354,(株)ＹＥ　ＤＩＧＩＴＡＬ,東証STD,"1,264",-58,-4.39,"766,400",2026/08/18
130,130,7069,(株)サイバー・バズ,東証GRT,545,-25,-4.39,"48,800",2026/08/18
131,131,3132,マクニカホールディングス(株),東証PRM,"3,596",-164,-4.36,"621,500",2026/08/18
132,132,3976,(株)シャノン,東証GRT,614,-28,-4.36,"87,000",2026/08/18
133,133,6391,(株)加地テック,東証STD,"4,720",-215,-4.36,"4,300",2026/08/18
134,134,3135,(株)マーケットエンタープライズ,東証STD,"1,102",-50,-4.34,"18,300",2026/08/18
135,135,5587,(株)インバウンドプラットフォーム,東証GRT,821,-37,-4.31,"63,900",2026/08/18
136,136,3035,ケイティケイ(株),東証STD,779,-35,-4.3,"189,100",2026/08/18
137,137,5255,(株)モンスターラボ,東証GRT,89,-4,-4.3,"394,400",2026/08/18
138,138,6466,(株)ＴＶＥ,東証STD,"3,915",-175,-4.28,"19,800",2026/08/18
139,139,9270,バリュエンスホールディングス(株),東証GRT,"2,015",-90,-4.28,"55,200",2026/08/18
140,140,1436,(株)グリーンエナジー＆カンパニー,東証GRT,"1,592",-71,-4.27,"37,500",2026/08/18
141,141,7911,ＴＯＰＰＡＮホールディングス(株),東証PRM,"5,201",-232,-4.27,"2,049,500",2026/08/18
142,142,7806,(株)ＭＴＧ,東証GRT,"7,880",-350,-4.25,"148,800",2026/08/18
143,143,590A,ギフティグループ(株),東証PRM,"1,318",-58,-4.22,"625,100",2026/08/18
144,144,6855,日本電子材料(株),東証STD,"7,270",-320,-4.22,"901,600",2026/08/18
145,145,1447,ＳＡＡＦホールディングス(株),東証GRT,387,-17,-4.21,"214,000",2026/08/18
146,146,1485,MAXIS JAPAN 設備･人材積極投資企業200上場投信,東証ETF,"53,550","-2,350",-4.2,6,2026/08/18
147,147,6268,ナブテスコ(株),東証PRM,"4,731",-207,-4.19,"766,900",2026/08/18
148,148,4425,Ｋｕｄａｎ(株),東証GRT,"1,626",-71,-4.18,"135,900",2026/08/18
149,149,4179,(株)ジーネクスト,東証GRT,346,-15,-4.16,"85,400",2026/08/18
150,150,3260,(株)エスポア,名証NXT,718,-31,-4.14,"1,300",2026/08/18
151,151,4125,三和油化工業(株),東証STD,"3,820",-165,-4.14,"19,000",2026/08/18
152,152,7952,(株)河合楽器製作所,東証PRM,"3,470",-150,-4.14,"48,300",2026/08/18
153,153,3687,(株)フィックスターズ,東証PRM,"2,226",-96,-4.13,"444,800",2026/08/18
154,154,6745,ホーチキ(株),東証PRM,"2,001",-86,-4.12,"113,100",2026/08/18
155,155,6943,ＮＫＫスイッチズ(株),東証STD,"5,350",-230,-4.12,300,2026/08/18
156,156,4462,石原ケミカル(株),東証PRM,"3,160",-135,-4.1,"26,000",2026/08/18
157,157,6323,ローツェ(株),東証PRM,"4,184",-179,-4.1,"1,487,300",2026/08/18
158,158,282A,GX 半導体・トップ10-日本株式,東証ETF,"2,494",-106,-4.08,"314,362",2026/08/18
159,159,9256,(株)サクシード,東証GRT,"1,198",-51,-4.08,"70,300",2026/08/18
160,160,4379,(株)Ｐｈｏｔｏｓｙｎｔｈ,東証GRT,428,-18,-4.04,"52,500",2026/08/18
161,161,6590,芝浦メカトロニクス(株),東証PRM,"4,395",-185,-4.04,"1,723,900",2026/08/18
162,162,6635,(株)大日光・エンジニアリング,東証STD,641,-27,-4.04,"1,103,300",2026/08/18
163,163,6961,(株)エンプラス,東証PRM,"11,390",-480,-4.04,"169,800",2026/08/18
164,164,255A,ジーエルテクノホールディングス(株),東証STD,"5,500",-230,-4.01,"54,300",2026/08/18
165,165,215A,(株)タイミー,東証GRT,"1,561",-65,-4.0,"1,228,700",2026/08/18
166,166,7603,ジーイエット(株),東証STD,48,-2,-4.0,"225,200",2026/08/18
167,167,6227,ＡＩメカテック(株),東証STD,"6,290",-260,-3.97,"658,500",2026/08/18
168,168,9556,ＩＮＴＬＯＯＰ(株),東証GRT,"2,107",-87,-3.97,"38,500",2026/08/18
169,169,303A,(株)ｖｉｓｕｍｏ,東証GRT,606,-25,-3.96,"3,400",2026/08/18
170,170,6806,ヒロセ電機(株),東証PRM,"25,995","-1,070",-3.95,"215,600",2026/08/18
171,171,3156,(株)レスター,東証PRM,"4,870",-200,-3.94,"180,500",2026/08/18
172,172,4894,クオリプス(株),東証GRT,"5,140",-210,-3.93,"115,200",2026/08/18
173,173,6055,ジャパンマテリアル(株),東証PRM,"2,200",-90,-3.93,"712,900",2026/08/18
174,174,3656,ＫＬａｂ(株),東証PRM,196,-8,-3.92,"6,196,800",2026/08/18
175,175,6113,(株)アマダ,東証PRM,"2,721.5",-111,-3.92,"1,999,100",2026/08/18
176,176,3851,(株)日本一ソフトウェア,東証STD,"1,158",-47,-3.9,"80,600",2026/08/18
177,177,6890,(株)フェローテック,東証STD,"9,370",-380,-3.9,"2,015,500",2026/08/18
178,178,7995,(株)バルカー,東証PRM,"6,700",-270,-3.87,"56,900",2026/08/18
179,179,163A,半導体フォーカス日本株(ネットリターン)ETN,東証ETF,"20,245",-810,-3.85,"7,193",2026/08/18
180,180,6145,ＮＩＴＴＯＫＵ(株),東証STD,"2,423",-97,-3.85,"122,900",2026/08/18
181,181,4368,扶桑化学工業(株),東証PRM,"3,385",-135,-3.84,"811,100",2026/08/18
182,182,1625,(NEXT FUNDS)電機･精密上場投信,東証ETF,"66,260","-2,630",-3.82,"1,668",2026/08/18
183,183,7727,(株)オーバル,東証STD,832,-33,-3.82,"126,400",2026/08/18
184,184,3628,(株)データホライゾン,東証GRT,582,-23,-3.8,"18,500",2026/08/18
185,185,4186,東京応化工業(株),東証PRM,"9,213",-364,-3.8,"712,500",2026/08/18
186,186,4370,モビルス(株),東証GRT,304,-12,-3.8,"9,900",2026/08/18
187,187,6963,ローム(株),東証PRM,"5,040",-199,-3.8,"3,307,200",2026/08/18
188,188,5240,ｍｏｎｏＡＩ　ｔｅｃｈｎｏｌｏｇｙ(株),東証GRT,203,-8,-3.79,"810,900",2026/08/18
189,189,5258,(株)トランザクション・メディア・ネットワークス,東証GRT,431,-17,-3.79,"240,900",2026/08/18
190,190,603A,(株)アイ・グリッド・ソリューションズ,東証GRT,786,-31,-3.79,"559,800",2026/08/18
191,191,6166,(株)中村超硬,東証GRT,635,-25,-3.79,"189,000",2026/08/18
192,192,6779,日本電波工業(株),東証PRM,"3,065",-120,-3.77,"951,400",2026/08/18
193,193,8050,セイコーグループ(株),東証PRM,"10,760",-420,-3.76,"353,900",2026/08/18
194,194,6504,富士電機(株),東証PRM,"14,410",-560,-3.74,"722,500",2026/08/18
195,195,3915,(株)テラスカイ,東証PRM,"2,351",-91,-3.73,"72,200",2026/08/18
196,196,7359,(株)東京通信グループ,東証GRT,258,-10,-3.73,"64,700",2026/08/18
197,197,6871,(株)日本マイクロニクス,東証PRM,"14,750",-570,-3.72,"1,491,400",2026/08/18
198,198,7375,(株)リファインバースグループ,東証GRT,"1,221",-47,-3.71,"102,200",2026/08/18
199,199,135A,(株)ＶＲＡＩＮ　Ｓｏｌｕｔｉｏｎ,東証GRT,"4,170",-160,-3.7,"60,600",2026/08/18
200,200,5471,大同特殊鋼(株),東証PRM,"2,435",-93.5,-3.7,"1,868,500",2026/08/18
201,201,8836,(株)ＲＩＳＥ,東証STD,26,-1,-3.7,"48,600",2026/08/18
202,202,6668,(株)アドテック　プラズマ　テクノロジー,東証STD,"3,785",-145,-3.69,"83,600",2026/08/18
203,203,4022,ラサ工業(株),東証PRM,"2,442",-93,-3.67,"1,177,500",2026/08/18
204,204,6864,(株)エヌエフホールディングス,東証STD,"1,603",-61,-3.67,"51,700",2026/08/18
205,205,2854,GX テック・トップ20-日本株式,東証ETF,"2,820",-107,-3.66,"415,911",2026/08/18
206,206,6666,リバーエレテック(株),東証STD,816,-31,-3.66,"63,300",2026/08/18
207,207,6653,(株)正興電機製作所,東証PRM,"2,243",-85,-3.65,"90,800",2026/08/18
208,208,6777,ｓａｎｔｅｃ　Ｈｏｌｄｉｎｇｓ(株),東証STD,"19,770",-750,-3.65,"170,800",2026/08/18
209,209,6954,ファナック(株),東証PRM,"6,285",-238,-3.65,"5,128,500",2026/08/18
210,210,3760,(株)ケイブ,東証STD,718,-27,-3.62,"31,200",2026/08/18
211,211,412A,(NEXT FUNDS) 台湾イノベイティブ・テクノロジー50,東証ETF,"4,335",-163,-3.62,"4,999",2026/08/18
212,212,6237,(株)イワキ,東証PRM,"4,535",-170,-3.61,"553,000",2026/08/18
213,213,3444,(株)菊池製作所,東証STD,"1,048",-39,-3.59,"180,800",2026/08/18
214,214,7729,(株)東京精密,東証PRM,"18,580",-690,-3.58,"380,000",2026/08/18
215,215,2239,上場インデックスファンドS&P500先物レバレッジ2倍,東証ETF,"27,000","-1,000",-3.57,"4,903",2026/08/18
216,216,3672,(株)オルトプラス,東証STD,27,-1,-3.57,"92,100",2026/08/18
217,217,5915,(株)駒井ハルテック,東証STD,"2,356",-87,-3.56,"5,000",2026/08/18
218,218,4027,テイカ(株),東証PRM,"2,411",-88,-3.52,"67,500",2026/08/18
219,219,6524,湖北工業(株),東証STD,"4,930",-180,-3.52,"356,200",2026/08/18
220,220,4935,(株)リベルタ,東証STD,220,-8,-3.51,"528,500",2026/08/18
221,221,4960,ケミプロ化成(株),東証STD,522,-19,-3.51,"23,900",2026/08/18
222,222,3168,(株)ＭＥＲＦ,東証STD,"1,515",-55,-3.5,"260,600",2026/08/18
223,223,6083,ＥＲＩホールディングス(株),東証STD,"1,655",-60,-3.5,"48,300",2026/08/18
224,224,4420,イーソル(株),東証STD,691,-25,-3.49,"92,300",2026/08/18
225,225,6498,(株)キッツ,東証PRM,"2,021",-73,-3.49,"261,100",2026/08/18
226,226,4374,(株)ＲＯＢＯＴ　ＰＡＹＭＥＮＴ,東証GRT,"2,499",-90,-3.48,"11,000",2026/08/18
227,227,4377,(株)ワンキャリア,東証GRT,"2,440",-88,-3.48,"145,300",2026/08/18
228,228,3374,内外テック(株),東証STD,"4,170",-150,-3.47,"55,700",2026/08/18
229,229,3131,シンデン・ハイテックス(株),東証STD,"6,690",-240,-3.46,"71,200",2026/08/18
230,230,6994,(株)指月電機製作所,東証STD,"1,229",-44,-3.46,"429,800",2026/08/18
231,231,2637,GX クリーンテック-日本株式,東証ETF,"2,744",-98,-3.45,"4,918",2026/08/18
232,232,7500,西川計測(株),東証STD,"9,560",-340,-3.43,"1,700",2026/08/18
233,233,1723,日本電技(株),東証STD,"2,117",-75,-3.42,"214,300",2026/08/18
234,234,8143,(株)ラピーヌ,東証STD,141,-5,-3.42,"9,300",2026/08/18
235,235,278A,Ｔｅｒｒａ　Ｄｒｏｎｅ(株),東証GRT,"13,310",-470,-3.41,"1,059,500",2026/08/18
236,236,3807,(株)フィスコ,東証GRT,85,-3,-3.41,"235,800",2026/08/18
237,237,6533,(株)Ｏｒｃｈｅｓｔｒａ　Ｈｏｌｄｉｎｇｓ,東証PRM,"1,190",-42,-3.41,"28,800",2026/08/18
238,238,7774,(株)ジャパン・ティッシュエンジニアリング,東証GRT,822,-29,-3.41,"154,400",2026/08/18
239,239,3900,(株)クラウドワークス,東証GRT,654,-23,-3.4,"188,900",2026/08/18
240,240,3633,ＧＭＯペパボ(株),東証STD,"2,308",-81,-3.39,"81,500",2026/08/18
241,241,3686,(株)ディー・エル・イー,東証STD,57,-2,-3.39,"379,300",2026/08/18
242,242,4323,日本システム技術(株),東証PRM,"1,855",-65,-3.39,"57,400",2026/08/18
243,243,6481,ＴＨＫ(株),東証PRM,"7,265",-255,-3.39,"1,174,000",2026/08/18
244,244,262A,(株)インターメスティック,東証PRM,"1,857",-65,-3.38,"248,400",2026/08/18
245,245,9726,ＫＮＴ－ＣＴホールディングス(株),東証STD,"1,913",-67,-3.38,"12,800",2026/08/18
246,246,3773,(株)アドバンスト・メディア,東証GRT,"1,061",-37,-3.37,"39,300",2026/08/18
247,247,6707,サンケン電気(株),東証PRM,"8,139",-284,-3.37,"132,800",2026/08/18
248,248,166A,(株)タスキホールディングス,東証PRM,"1,152",-40,-3.36,"483,900",2026/08/18
249,249,6753,シャープ(株),東証PRM,616.1,-21.4,-3.36,"3,906,000",2026/08/18
250,250,456A,ＨＵＭＡＮ　ＭＡＤＥ(株),東証GRT,"1,358",-47,-3.35,"235,800",2026/08/18
251,251,6186,(株)一蔵,東証STD,376,-13,-3.34,"15,000",2026/08/18
252,252,7378,(株)アシロ,東証GRT,"1,503",-52,-3.34,"10,300",2026/08/18
253,253,5532,(株)リアルゲイト,東証GRT,"3,490",-120,-3.32,"40,500",2026/08/18
254,254,3173,(株)Ｃｏｍｉｎｉｘ,東証STD,"1,431",-49,-3.31,"28,400",2026/08/18
255,255,559A,梅乃宿酒造(株),東証STD,"1,142",-39,-3.3,"23,200",2026/08/18
256,256,6255,(株)エヌ・ピー・シー,東証GRT,703,-24,-3.3,"111,800",2026/08/18
257,257,6265,コンバム(株),東証STD,"3,235",-110,-3.29,"4,000",2026/08/18
258,258,3494,(株)マリオン,東証STD,443,-15,-3.28,"38,600",2026/08/18
259,259,5842,インテグラル(株),東証GRT,"2,979",-101,-3.28,"90,300",2026/08/18
260,260,4062,イビデン(株),東証PRM,"20,875",-705,-3.27,"7,412,500",2026/08/18
261,261,5542,新報国マテリアル(株),東証STD,980,-33,-3.26,"18,800",2026/08/18
262,262,6832,アオイ電子(株),東証STD,"2,341",-79,-3.26,"25,500",2026/08/18
263,263,2802,味の素(株),東証PRM,"5,535",-186,-3.25,"3,822,900",2026/08/18
264,264,6508,(株)明電舎,東証PRM,"12,250",-410,-3.24,"326,900",2026/08/18
265,265,6762,ＴＤＫ(株),東証PRM,"3,139",-105,-3.24,"7,386,800",2026/08/18
266,266,6622,(株)ダイヘン,東証PRM,"14,070",-470,-3.23,"173,600",2026/08/18
267,267,7376,ＢＣＣ(株),東証GRT,960,-32,-3.23,"6,900",2026/08/18
268,268,147A,(株)ソラコム,東証GRT,"1,051",-35,-3.22,"78,100",2026/08/18
269,269,2760,東京エレクトロン　デバイス(株),東証PRM,"4,205",-140,-3.22,"152,800",2026/08/18
270,270,341A,(株)トヨコー,東証GRT,"2,011",-67,-3.22,"17,900",2026/08/18
271,271,2666,(株)オートウェーブ,東証STD,181,-6,-3.21,"133,600",2026/08/18
272,272,4381,ビープラッツ(株),東証GRT,392,-13,-3.21,"388,000",2026/08/18
273,273,6136,ＯＳＧ,東証PRM,"3,828",-127,-3.21,"609,400",2026/08/18
274,274,1944,(株)きんでん,東証PRM,"6,856",-227,-3.2,"636,700",2026/08/18
275,275,6231,木村工機(株),東証STD,"13,300",-440,-3.2,"8,700",2026/08/18
276,276,5994,(株)ファインシンター,東証STD,"1,000",-33,-3.19,"13,900",2026/08/18
277,277,3993,(株)ＰＫＳＨＡ　Ｔｅｃｈｎｏｌｏｇｙ,東証PRM,"2,924",-96,-3.18,"382,300",2026/08/18
278,278,7707,プレシジョン・システム・サイエンス(株),東証GRT,213,-7,-3.18,"290,300",2026/08/18
279,279,3104,富士紡ホールディングス(株),東証PRM,"3,665",-120,-3.17,"89,700",2026/08/18
280,280,3277,(株)サンセイランディック,東証STD,825,-27,-3.17,"109,300",2026/08/18
281,281,3267,(株)フィル・カンパニー,東証STD,644,-21,-3.16,"15,200",2026/08/18
282,282,3433,トーカロ(株),東証PRM,"2,880",-94,-3.16,"185,200",2026/08/18
283,283,6480,日本トムソン(株),東証PRM,"1,838",-60,-3.16,"1,039,300",2026/08/18
284,284,6516,山洋電気(株),東証PRM,"5,830",-190,-3.16,"124,900",2026/08/18
285,285,4395,(株)アクリート,東証GRT,677,-22,-3.15,"33,100",2026/08/18
286,286,6859,エスペック(株),東証PRM,"4,150",-135,-3.15,"41,500",2026/08/18
287,287,4109,ステラ　ケミファ(株),東証PRM,"5,550",-180,-3.14,"86,800",2026/08/18
288,288,6479,ミネベアミツミ(株),東証PRM,"3,614",-117,-3.14,"2,997,600",2026/08/18
289,289,6835,アライドテレシスホールディングス(株),東証STD,248,-8,-3.13,"592,900",2026/08/18
290,290,8107,(株)キムラタン,東証STD,31,-1,-3.13,"114,000",2026/08/18
291,291,6694,(株)ズーム,東証STD,715,-23,-3.12,"11,200",2026/08/18
292,292,228A,(株)オプロ,東証GRT,"1,621",-52,-3.11,"1,200",2026/08/18
293,293,6273,ＳＭＣ(株),東証PRM,"75,200","-2,410",-3.11,"289,700",2026/08/18
294,294,4570,(株)免疫生物研究所,東証GRT,"1,033",-33,-3.1,"121,100",2026/08/18
295,295,5208,(株)有沢製作所,東証PRM,"2,755",-88,-3.1,"183,000",2026/08/18
296,296,7600,(株)日本エム・ディ・エム,東証PRM,848,-27,-3.09,"249,800",2026/08/18
297,297,146A,コロンビア・ワークス(株),東証STD,"3,785",-120,-3.07,"51,300",2026/08/18
298,298,4061,デンカ(株),東証PRM,"3,496",-110,-3.05,"638,500",2026/08/18
299,299,5138,(株)Ｒｅｂａｓｅ,東証GRT,447,-14,-3.04,200,2026/08/18
300,300,6566,(株)要興業,東証STD,"1,343",-42,-3.03,500,2026/08/18
301,301,6856,(株)堀場製作所,東証PRM,"24,765",-775,-3.03,"212,300",2026/08/18
302,302,6861,(株)キーエンス,東証PRM,"84,130","-2,620",-3.02,"480,600",2026/08/18
303,303,3909,(株)ショーケース,東証STD,195,-6,-2.99,"68,700",2026/08/18
304,304,6284,日精エー・エス・ビー機械(株),東証PRM,"9,080",-280,-2.99,"45,800",2026/08/18
305,305,6941,山一電機(株),東証PRM,"8,770",-270,-2.99,"395,100",2026/08/18
306,306,7746,岡本硝子(株),東証STD,745,-23,-2.99,"642,500",2026/08/18
307,307,3723,日本ファルコム(株),東証GRT,"2,814",-86,-2.97,"10,200",2026/08/18
308,308,4385,(株)メルカリ,東証PRM,"4,473",-137,-2.97,"1,523,800",2026/08/18
309,309,4389,プロパティデータバンク(株),東証GRT,"1,012",-31,-2.97,"12,500",2026/08/18
310,310,7363,(株)ベビーカレンダー,東証GRT,"1,273",-39,-2.97,"12,200",2026/08/18
311,311,7717,(株)ブイ・テクノロジー,東証PRM,"5,900",-180,-2.96,"266,700",2026/08/18
312,312,3422,(株)Ｊ－ＭＡＸ,東証STD,660,-20,-2.94,"59,000",2026/08/18
313,313,8022,ミズノ(株),東証PRM,"3,955",-120,-2.94,"164,800",2026/08/18
314,314,6125,(株)岡本工作機械製作所,東証STD,"4,970",-150,-2.93,"36,100",2026/08/18
315,315,6425,(株)ユニバーサルエンターテインメント,東証STD,728,-22,-2.93,"198,100",2026/08/18
316,316,4199,ワンダープラネット(株),東証GRT,799,-24,-2.92,"9,400",2026/08/18
317,317,5803,(株)フジクラ,東証PRM,"5,902",-176,-2.9,"75,702,500",2026/08/18
318,318,9941,太洋物産(株),東証STD,"1,171",-35,-2.9,"35,800",2026/08/18
319,319,6363,(株)酉島製作所,東証PRM,"3,200",-95,-2.88,"136,100",2026/08/18
320,320,6383,(株)ダイフク,東証PRM,"6,164",-183,-2.88,"1,373,600",2026/08/18
321,321,5871,ＳＯＬＩＺＥ　Ｈｏｌｄｉｎｇｓ(株),東証STD,"1,352",-40,-2.87,"5,100",2026/08/18
322,322,2183,(株)リニカル,東証STD,204,-6,-2.86,"67,900",2026/08/18
323,323,4099,四国化成ホールディングス(株),東証PRM,"2,720",-80,-2.86,"816,200",2026/08/18
324,324,4912,ライオン(株),東証PRM,"1,833",-54,-2.86,"1,682,500",2026/08/18
325,325,7800,(株)アミファ,東証STD,986,-29,-2.86,"20,900",2026/08/18
326,326,269A,(株)Ｓａｐｅｅｔ,東証GRT,"2,521",-74,-2.85,"11,000",2026/08/18
327,327,4072,(株)電算システムホールディングス,東証PRM,"3,070",-90,-2.85,"24,700",2026/08/18
328,328,413A,iFreeETF キャセイ台湾テックリーダー指数,東証ETF,"3,885",-114,-2.85,"2,282",2026/08/18
329,329,6674,(株)ジーエス・ユアサ　コーポレーション,東証PRM,"5,519",-162,-2.85,"569,100",2026/08/18
330,330,6844,新電元工業(株),東証PRM,"3,240",-95,-2.85,"104,200",2026/08/18
331,331,9880,イノテック(株),東証PRM,"3,755",-110,-2.85,"182,700",2026/08/18
332,332,2983,(株)アールプランナー,東証GRT,"1,641",-48,-2.84,"25,000",2026/08/18
333,333,6701,ＮＥＣ,東証PRM,"4,650",-136,-2.84,"7,337,800",2026/08/18
334,334,4055,ティアンドエスグループ(株),東証GRT,"1,580",-46,-2.83,"49,900",2026/08/18
335,335,368A,(株)北里,東証PRM,"1,484",-43,-2.82,"108,600",2026/08/18
336,336,6562,(株)ジーニー,東証GRT,897,-26,-2.82,"109,200",2026/08/18
337,337,6634,(株)ＪＮグループ,東証STD,69,-2,-2.82,"138,800",2026/08/18
338,338,1827,(株)ナカノフドー建設,東証STD,"1,355",-39,-2.8,"18,700",2026/08/18
339,339,3046,(株)ジンズホールディングス,東証PRM,"6,260",-180,-2.8,"294,900",2026/08/18
340,340,7859,(株)アルメディオ,東証STD,243,-7,-2.8,"157,400",2026/08/18
341,341,6787,(株)メイコー,東証PRM,"18,820",-540,-2.79,"619,300",2026/08/18
342,342,6877,ＯＢＡＲＡ　ＧＲＯＵＰ(株),東証STD,"5,920",-170,-2.79,"37,700",2026/08/18
343,343,155A,(株)情報戦略テクノロジー,東証GRT,804,-23,-2.78,"65,300",2026/08/18
344,344,2869,iFreeETF NASDAQ100レバレッジ,東証ETF,"3,002",-86,-2.78,"187,423",2026/08/18
345,345,6040,日本スキー場開発(株),東証GRT,455,-13,-2.78,"63,900",2026/08/18
346,346,9166,(株)ＧＥＮＤＡ,東証GRT,734,-21,-2.78,"1,985,000",2026/08/18
347,347,6258,平田機工(株),東証PRM,"3,680",-105,-2.77,"268,800",2026/08/18
348,348,7609,ダイトロン(株),東証PRM,"4,570",-130,-2.77,"125,200",2026/08/18
349,349,8065,佐藤商事(株),東証PRM,"3,890",-110,-2.75,"94,600",2026/08/18
350,350,9073,京極運輸商事(株),東証STD,"1,239",-35,-2.75,"12,200",2026/08/18
351,351,6645,オムロン(株),東証PRM,"6,850",-193,-2.74,"1,463,800",2026/08/18
352,352,1449,(株)ＦＵＪＩジャパン,札証,321,-9,-2.73,300,2026/08/18
353,353,6203,豊和工業(株),東証STD,"1,498",-42,-2.73,"129,000",2026/08/18
354,354,6045,(株)レントラックス,東証GRT,"2,035",-57,-2.72,"122,300",2026/08/18
355,355,6266,タツモ(株),東証PRM,"3,940",-110,-2.72,"311,400",2026/08/18
356,356,4187,大阪有機化学工業(株),東証PRM,"4,865",-135,-2.7,"116,000",2026/08/18
357,357,5582,(株)グリッド,東証GRT,"1,980",-55,-2.7,"21,800",2026/08/18
358,358,5331,ノリタケ(株),東証PRM,"3,795",-105,-2.69,"257,900",2026/08/18
359,359,6522,(株)アスタリスク,東証GRT,"2,025",-56,-2.69,"1,214,100",2026/08/18
360,360,6361,荏原,東証PRM,"5,335",-147,-2.68,"4,634,300",2026/08/18
361,361,4434,(株)サーバーワークス,東証STD,"2,402",-66,-2.67,"46,100",2026/08/18
362,362,523A,(株)セイワホールディングス,東証GRT,"1,785",-49,-2.67,"194,600",2026/08/18
363,363,6563,(株)みらいワークス,東証GRT,474,-13,-2.67,"19,400",2026/08/18
364,364,7273,(株)イクヨ,東証STD,583,-16,-2.67,"23,600",2026/08/18
365,365,4019,(株)スタメン,東証GRT,621,-17,-2.66,"145,700",2026/08/18
366,366,6232,(株)ＡＣＳＬ,東証GRT,"1,719",-47,-2.66,"428,900",2026/08/18
367,367,194A,(株)ＷＯＬＶＥＳ　ＨＡＮＤ,東証GRT,"2,054",-56,-2.65,"47,300",2026/08/18
368,368,3288,(株)オープンハウスグループ,東証PRM,"7,974",-217,-2.65,"423,000",2026/08/18
369,369,3300,(株)アンビション　ＤＸ　ホールディングス,東証GRT,"1,950",-53,-2.65,"282,800",2026/08/18
370,370,2437,Ｓｈｉｎｗａ　Ｗｉｓｅ　Ｈｏｌｄｉｎｇｓ(株),東証STD,626,-17,-2.64,"77,100",2026/08/18
371,371,1969,高砂熱学工業(株),東証PRM,"4,258",-115,-2.63,"696,400",2026/08/18
372,372,276A,ククレブ・アドバイザーズ(株),東証GRT,"3,515",-95,-2.63,"15,700",2026/08/18
373,373,4216,旭有機材(株),東証PRM,"5,920",-160,-2.63,"30,800",2026/08/18
374,374,5591,(株)ＡＶＩＬＥＮ,東証GRT,816,-22,-2.63,"23,000",2026/08/18
375,375,6037,楽待(株),東証STD,"1,035",-28,-2.63,"34,100",2026/08/18
376,376,505A,(株)ギークリー,東証STD,"1,377",-37,-2.62,"13,300",2026/08/18
377,377,6965,浜松ホトニクス(株),東証PRM,"2,543",-68.5,-2.62,"2,555,300",2026/08/18
378,378,1367,iFreeETF TOPIXレバレッジ(2倍)指数,東証ETF,"3,163",-84,-2.59,"21,932",2026/08/18
379,379,1434,ＪＥＳＣＯホールディングス(株),東証STD,"1,732",-46,-2.59,"42,000",2026/08/18
380,380,3441,(株)山王,東証STD,"2,862",-76,-2.59,"80,200",2026/08/18
381,381,3697,(株)ＳＨＩＦＴ,東証PRM,879.5,-23.4,-2.59,"4,089,200",2026/08/18
382,382,2579,コカ・コーラ　ボトラーズジャパンホールディングス(株),東証PRM,"3,769",-100,-2.58,"686,800",2026/08/18
383,383,6629,テクノホライゾン(株),東証STD,983,-26,-2.58,"151,100",2026/08/18
384,384,7745,(株)Ａ＆Ｄホロンホールディングス,東証PRM,"2,874",-76,-2.58,"97,400",2026/08/18
385,385,9258,(株)ＣＳ－Ｃ,東証GRT,302,-8,-2.58,"4,500",2026/08/18
386,386,1321,(NEXT FUNDS)日経225連動型上場投信,東証ETF,"69,780","-1,840",-2.57,"287,111",2026/08/18
387,387,6518,三相電機(株),東証STD,"1,895",-50,-2.57,"16,600",2026/08/18
388,388,1382,(株)ホーブ,東証STD,876,-23,-2.56,"1,600",2026/08/18
389,389,2923,サトウ食品(株),東証STD,"8,380",-220,-2.56,"1,400",2026/08/18
390,390,6103,オークマ(株),東証PRM,"5,330",-140,-2.56,"237,500",2026/08/18
391,391,402A,(株)アクセルスペースホールディングス,東証GRT,535,-14,-2.55,"1,379,500",2026/08/18
392,392,5252,日本ナレッジ(株),東証GRT,804,-21,-2.55,"3,700",2026/08/18
393,393,7254,(株)ユニバンス,東証STD,801,-21,-2.55,"5,000",2026/08/18
394,394,7695,(株)交換できるくん,東証GRT,842,-22,-2.55,"13,700",2026/08/18
395,395,3663,(株)セルシス,東証PRM,"1,844",-48,-2.54,"158,500",2026/08/18
396,396,4176,(株)ココナラ,東証GRT,269,-7,-2.54,"215,900",2026/08/18
397,397,4970,東洋合成工業(株),東証STD,"12,660",-330,-2.54,"95,500",2026/08/18
398,398,7510,(株)たけびし,東証PRM,"2,806",-73,-2.54,"32,200",2026/08/18
399,399,1330,上場インデックスファンド225,東証ETF,"69,840","-1,810",-2.53,"38,146",2026/08/18
400,400,4378,(株)ＣＩＮＣ,東証GRT,503,-13,-2.52,"36,000",2026/08/18
401,401,4880,セルソース(株),東証STD,348,-9,-2.52,"45,600",2026/08/18
402,402,1320,iFreeETF 日経225(年1回決算型),東証ETF,"69,600","-1,790",-2.51,"29,702",2026/08/18
403,403,330A,(株)ＴａｌｅｎｔＸ,東証GRT,505,-13,-2.51,"20,500",2026/08/18
404,404,4263,サスメド(株),東証GRT,543,-14,-2.51,"90,200",2026/08/18
405,405,6741,日本信号(株),東証PRM,"1,784",-46,-2.51,"171,100",2026/08/18
406,406,6946,日本アビオニクス(株),東証STD,"5,830",-150,-2.51,"102,300",2026/08/18
407,407,7244,市光工業(株),東証PRM,582,-15,-2.51,"279,500",2026/08/18
408,408,8154,加賀電子(株),東証PRM,"5,040",-130,-2.51,"163,100",2026/08/18
409,409,1369,One ETF 日経225,東証ETF,"67,750","-1,730",-2.49,"5,079",2026/08/18
410,410,257A,SMT ETF日本株厳選投資アクティブ,東証ETF,"3,480",-89,-2.49,318,2026/08/18
411,411,6599,エブレン(株),東証STD,"3,350",-85,-2.47,"1,500",2026/08/18
412,412,6626,ＳＥＭＩＴＥＣ(株),東証STD,"2,214",-56,-2.47,"17,700",2026/08/18
413,413,3392,デリカフーズホールディングス(株),東証STD,794,-20,-2.46,"58,100",2026/08/18
414,414,6224,(株)ＪＲＣ,東証GRT,"1,110",-28,-2.46,"42,900",2026/08/18
415,415,4667,アイサンテクノロジー(株),東証STD,"1,953",-49,-2.45,"37,700",2026/08/18
416,416,4892,(株)サイフューズ,東証GRT,558,-14,-2.45,"21,500",2026/08/18
417,417,1980,ダイダン(株),東証PRM,"2,835",-71,-2.44,"566,100",2026/08/18
418,418,2039,NEXT NOTES ドバイ原油先物 ベア ETN,東証ETF,520,-13,-2.44,"110,030",2026/08/18
419,419,2586,(株)フルッタフルッタ,東証GRT,80,-2,-2.44,"1,878,500",2026/08/18
420,420,3465,ケイアイスター不動産(株),東証PRM,"3,805",-95,-2.44,"201,100",2026/08/18
421,421,472A,(株)ミラティブ,東証GRT,519,-13,-2.44,"339,500",2026/08/18
422,422,6370,栗田工業(株),東証PRM,"8,292",-207,-2.44,"476,400",2026/08/18
423,423,7692,(株)アースインフィニティ,東証STD,80,-2,-2.44,"135,000",2026/08/18
424,424,6932,(株)遠藤照明,東証STD,"2,574",-64,-2.43,"36,000",2026/08/18
425,425,7752,(株)リコー,東証PRM,"1,596",-39.5,-2.42,"2,542,700",2026/08/18
426,426,7966,リンテック(株),東証PRM,"6,050",-150,-2.42,"289,400",2026/08/18
427,427,7980,(株)重松製作所,東証STD,847,-21,-2.42,"21,300",2026/08/18
428,428,3346,ヒロタグループホールディングス(株),名証NXT,81,-2,-2.41,"4,100",2026/08/18
429,429,3694,(株)オプティム,東証PRM,445,-11,-2.41,"203,200",2026/08/18
430,430,6551,(株)ツナググループ・ホールディングス,東証STD,607,-15,-2.41,"36,100",2026/08/18
431,431,264A,(株)Ｓｃｈｏｏ,東証GRT,285,-7,-2.4,"43,600",2026/08/18
432,432,4431,(株)スマレジ,東証GRT,"3,270",-80,-2.39,"62,800",2026/08/18
433,433,6651,日東工業(株),東証PRM,"4,490",-110,-2.39,"56,700",2026/08/18
434,434,9211,(株)エフ・コード,東証GRT,"1,470",-36,-2.39,"214,400",2026/08/18
435,435,9366,(株)サンリツ,東証STD,"1,102",-27,-2.39,"7,200",2026/08/18
436,436,1491,中外鉱業(株),東証STD,698,-17,-2.38,"115,900",2026/08/18
437,437,4476,ＡＩ　ＣＲＯＳＳ(株),東証GRT,"1,107",-27,-2.38,"43,000",2026/08/18
438,438,7957,フジコピアン(株),東証STD,"2,463",-60,-2.38,"23,900",2026/08/18
439,439,1952,新日本空調(株),東証PRM,"3,090",-75,-2.37,"148,700",2026/08/18
440,440,2525,NZAM 上場投信 日経225,東証ETF,"68,000","-1,650",-2.37,"1,143",2026/08/18
441,441,2914,ＪＴ,東証PRM,"6,932",-168,-2.37,"5,685,000",2026/08/18
442,442,1329,iシェアーズ・コア 日経225ETF,東証ETF,"6,989",-169,-2.36,"583,073",2026/08/18
443,443,1346,MAXIS 日経225上場投信,東証ETF,"69,840","-1,690",-2.36,"12,475",2026/08/18
444,444,280A,(株)ＴＭＨ,東証GRT,"1,239",-30,-2.36,"108,800",2026/08/18
445,445,3776,(株)ブロードバンドタワー,東証STD,248,-6,-2.36,"249,200",2026/08/18
446,446,4691,ワシントンホテル(株),東証STD,"2,069",-50,-2.36,"80,500",2026/08/18
447,447,9085,北海道中央バス(株),札証,"5,370",-130,-2.36,800,2026/08/18
448,448,9983,(株)ファーストリテイリング,東証PRM,"75,010","-1,810",-2.36,"1,044,400",2026/08/18
449,449,3069,(株)ＪＦＬＡホールディングス,東証STD,166,-4,-2.35,"82,700",2026/08/18
450,450,5834,ＳＢＩリーシングサービス(株),東証GRT,"2,742",-66,-2.35,"64,100",2026/08/18
451,451,1578,上場インデックスファンド日経225(ミニ),東証ETF,"5,386",-129,-2.34,"2,864",2026/08/18
452,452,6356,日本ギア工業(株),東証STD,"1,375",-33,-2.34,"64,800",2026/08/18
453,453,9225,ブリッジコンサルティンググループ(株),東証GRT,961,-23,-2.34,"5,500",2026/08/18
454,454,3652,(株)ディジタルメディアプロフェッショナル,東証GRT,"2,470",-59,-2.33,"23,900",2026/08/18
455,455,6724,セイコーエプソン(株),東証PRM,"3,063",-73,-2.33,"1,366,000",2026/08/18
456,456,6986,双葉電子工業(株),東証PRM,670,-16,-2.33,"534,100",2026/08/18
457,457,9902,(株)日伝,東証PRM,"3,140",-75,-2.33,"100,000",2026/08/18
458,458,4369,(株)トリケミカル研究所,東証PRM,"3,375",-80,-2.32,"493,400",2026/08/18
459,459,5268,旭コンクリート工業(株),東証STD,842,-20,-2.32,"2,100",2026/08/18
460,460,6005,三浦工業(株),東証PRM,"3,113",-74,-2.32,"549,000",2026/08/18
461,461,6863,(株)ニレコ,東証STD,969,-23,-2.32,"48,400",2026/08/18
462,462,3053,(株)ペッパーフードサービス,東証STD,211,-5,-2.31,"557,000",2026/08/18
463,463,4069,(株)ＢｌｕｅＭｅｍｅ,東証GRT,678,-16,-2.31,"5,200",2026/08/18
464,464,6137,小池酸素工業(株),東証STD,"1,481",-35,-2.31,"29,000",2026/08/18
465,465,6470,大豊工業(株),東証STD,"1,185",-28,-2.31,"53,900",2026/08/18
466,466,9551,メタウォーター(株),東証PRM,"3,165",-75,-2.31,"92,900",2026/08/18
467,467,1960,(株)サンテック,東証STD,"1,739",-41,-2.3,"26,200",2026/08/18
468,468,2071,スマート ESG30 総合(ネットリターン)ETN,東証ETF,"20,425",-480,-2.3,450,2026/08/18
469,469,281A,インフォメティス(株),東証GRT,468,-11,-2.3,"115,500",2026/08/18
470,470,6837,(株)京写,東証STD,383,-9,-2.3,"84,200",2026/08/18
471,471,1568,TOPIXブル2倍上場投信,東証ETF,"1,023",-24,-2.29,"1,757,220",2026/08/18
472,472,3101,東洋紡(株),東証PRM,"1,622",-38,-2.29,"509,300",2026/08/18
473,473,5214,日本電気硝子(株),東証PRM,"5,075",-119,-2.29,"612,900",2026/08/18
474,474,3671,ソフトマックス(株),東証STD,300,-7,-2.28,"18,500",2026/08/18
475,475,7771,日本精密(株),東証STD,301,-7,-2.27,"183,500",2026/08/18
476,476,1942,(株)関電工,東証PRM,"5,610",-130,-2.26,"975,000",2026/08/18
477,477,4438,(株)Ｗｅｌｂｙ,東証GRT,259,-6,-2.26,"9,100",2026/08/18
478,478,499A,ラグジュアリー厳選10 欧州株(ネットリターン)ETN,東証ETF,"8,797",-203,-2.26,518,2026/08/18
479,479,4025,多木化学(株),東証PRM,"6,070",-140,-2.25,"43,800",2026/08/18
480,480,4625,アトミクス(株),東証STD,781,-18,-2.25,"10,600",2026/08/18
481,481,480A,(株)リブ・コンサルティング,東証GRT,869,-20,-2.25,"70,700",2026/08/18
482,482,7063,(株)Ｂｉｒｄｍａｎ,東証GRT,87,-2,-2.25,"280,700",2026/08/18
483,483,1959,(株)クラフティア,東証PRM,"8,277",-190,-2.24,"209,800",2026/08/18
484,484,4063,信越化学工業(株),東証PRM,"6,242",-143,-2.24,"5,242,300",2026/08/18
485,485,4074,(株)ラキール,東証GRT,743,-17,-2.24,"41,600",2026/08/18
486,486,4180,Ａｐｐｉｅｒ　Ｇｒｏｕｐ(株),東証PRM,"1,273",-29,-2.23,"2,322,500",2026/08/18
487,487,4498,サイバートラスト(株),東証GRT,"1,272",-29,-2.23,"26,000",2026/08/18
488,488,6165,パンチ工業(株),東証STD,525,-12,-2.23,"57,600",2026/08/18
489,489,6810,マクセル(株),東証PRM,"2,365",-54,-2.23,"173,700",2026/08/18
490,490,7699,オムニ・プラス・システム,東証GRT外国,704,-16,-2.22,"1,900",2026/08/18
491,491,1897,金下建設(株),東証STD,"3,325",-75,-2.21,200,2026/08/18
492,492,2385,(株)総医研ホールディングス,東証GRT,221,-5,-2.21,"34,500",2026/08/18
493,493,3933,チエル(株),東証STD,575,-13,-2.21,"25,100",2026/08/18
494,494,6098,(株)リクルートホールディングス,東証PRM,"16,020",-360,-2.2,"2,941,200",2026/08/18
495,495,2924,イフジ産業(株),東証STD,"1,921",-43,-2.19,"11,400",2026/08/18
496,496,3895,ハビックス(株),東証STD,492,-11,-2.19,"696,800",2026/08/18
497,497,5244,(株)ｊｉｇ．ｊｐ,東証GRT,179,-4,-2.19,"154,700",2026/08/18
498,498,6638,(株)ミマキエンジニアリング,東証PRM,"1,922",-43,-2.19,"67,700",2026/08/18
499,499,6663,太洋テクノレックス(株),東証STD,312,-7,-2.19,"32,800",2026/08/18
500,500,9212,Ｇｒｅｅｎ　Ｅａｒｔｈ　Ｉｎｓｔｉｔｕｔｅ(株),東証GRT,269,-6,-2.18,"9,800",2026/08/18
501,501,2979,SOSiLA物流リート投資法人,東証,"103,700","-2,300",-2.17,"3,217",2026/08/18
502,502,338A,(株)ＺｅｎｍｕＴｅｃｈ,東証GRT,"1,981",-44,-2.17,"64,300",2026/08/18
503,503,4167,(株)ココペリ,東証GRT,316,-7,-2.17,"6,600",2026/08/18
504,504,7681,(株)レオクラン,東証STD,945,-21,-2.17,800,2026/08/18
505,505,8045,横浜丸魚(株),東証STD,"2,028",-45,-2.17,"3,100",2026/08/18
506,506,5802,住友電気工業(株),東証PRM,"2,419.5",-53.5,-2.16,"28,574,300",2026/08/18
507,507,6564,(株)ミダックホールディングス,東証PRM,"2,177",-48,-2.16,"59,300",2026/08/18
508,508,1950,日本電設工業(株),東証PRM,"3,860",-85,-2.15,"92,800",2026/08/18
509,509,7946,(株)光陽社,名証MN,319,-7,-2.15,800,2026/08/18
510,510,9408,(株)ＢＳＮメディアホールディングス,東証STD,"2,500",-55,-2.15,200,2026/08/18
511,511,6763,帝国通信工業(株),東証PRM,"2,970",-65,-2.14,"26,000",2026/08/18
512,512,7972,(株)イトーキ,東証PRM,"2,564",-56,-2.14,"230,400",2026/08/18
513,513,466A,GX 防衛テック,東証ETF,"1,149",-25,-2.13,"30,723",2026/08/18
514,514,7199,プレミアグループ(株),東証PRM,"2,064",-45,-2.13,"108,200",2026/08/18
515,515,7694,(株)いつも,東証GRT,506,-11,-2.13,"20,400",2026/08/18
516,516,5699,(株)イボキン,東証STD,"1,613",-35,-2.12,"7,300",2026/08/18
517,517,2413,エムスリー(株),東証PRM,"1,695.5",-36.5,-2.11,"6,445,000",2026/08/18
518,518,8518,日本アジア投資(株),東証STD,139,-3,-2.11,"75,600",2026/08/18
519,519,5110,住友ゴム工業(株),東証PRM,"2,311",-49.5,-2.1,"1,581,000",2026/08/18
520,520,6823,リオン(株),東証PRM,"3,500",-75,-2.1,"37,700",2026/08/18
521,521,7670,オーウエル(株),東証STD,"1,211",-26,-2.1,"3,200",2026/08/18
522,522,7790,(株)バルコス,名証NXT,"1,070",-23,-2.1,"1,600",2026/08/18
523,523,2237,iFreeETF S&P500レバレッジ,東証ETF,"2,483",-53,-2.09,"15,055",2026/08/18
524,524,473A,ニッセイ ETF 日経225インデックス,東証ETF,"1,359",-29,-2.09,"3,732",2026/08/18
525,525,6588,東芝テック(株),東証PRM,"3,050",-65,-2.09,"106,000",2026/08/18
526,526,1624,(NEXT FUNDS)機械上場投信,東証ETF,"88,250","-1,870",-2.08,425,2026/08/18
527,527,6678,(株)テクノメディカ,東証STD,"2,129",-45,-2.07,"9,200",2026/08/18
528,528,7777,(株)スリー・ディー・マトリックス,東証GRT,378,-8,-2.07,"1,733,700",2026/08/18
529,529,8157,都築電気(株),東証PRM,"4,030",-85,-2.07,"26,200",2026/08/18
530,530,8919,(株)カチタス,東証PRM,"3,555",-75,-2.07,"247,700",2026/08/18
531,531,288A,ラクサス・テクノロジーズ(株),東証GRT,95,-2,-2.06,"9,700",2026/08/18
532,532,6845,アズビル(株),東証PRM,"1,518.5",-32,-2.06,"1,363,100",2026/08/18
533,533,6958,日本ＣＭＫ(株),東証PRM,762,-16,-2.06,"775,200",2026/08/18
534,534,6989,北陸電気工業(株),東証STD,"2,570",-54,-2.06,"4,200",2026/08/18
535,535,8891,ＡＭＧホールディングス(株),東証STD,"2,093",-44,-2.06,"3,600",2026/08/18
536,536,298A,ＧＶＡ　ＴＥＣＨ(株),東証GRT,335,-7,-2.05,"2,400",2026/08/18
537,537,4393,(株)バンク・オブ・イノベーション,東証GRT,"5,250",-110,-2.05,"47,700",2026/08/18
538,538,6706,電気興業(株),東証PRM,"3,365",-70,-2.04,"30,700",2026/08/18
539,539,6862,ミナトホールディングス(株),東証STD,"3,845",-80,-2.04,"747,400",2026/08/18
540,540,9331,(株)キャスター,東証GRT,720,-15,-2.04,"1,600",2026/08/18
541,541,9980,ＭＲＫホールディングス(株),東証STD,96,-2,-2.04,"61,400",2026/08/18
542,542,3941,レンゴー(株),東証PRM,"1,591",-33,-2.03,"1,157,000",2026/08/18
543,543,4486,ユナイトアンドグロウ(株),東証GRT,675,-14,-2.03,"12,500",2026/08/18
544,544,6143,(株)ソディック,東証PRM,"1,788",-37,-2.03,"349,100",2026/08/18
545,545,1815,鉄建建設(株),東証PRM,"4,365",-90,-2.02,"84,200",2026/08/18
546,546,4754,(株)トスネット,東証STD,"1,504",-31,-2.02,"4,700",2026/08/18
547,547,6155,高松機械工業(株),東証STD,534,-11,-2.02,900,2026/08/18
548,548,6239,(株)ナガオカ,東証STD,"1,405",-29,-2.02,"4,200",2026/08/18
549,549,9221,フルハシＥＰＯ(株),東証STD,"1,167",-24,-2.02,"51,800",2026/08/18
550,550,9767,日建工学(株),東証STD,"1,599",-33,-2.02,600,2026/08/18
551,551,259A,(株)ケイ・ウノ,名証NXT,"1,704",-35,-2.01,700,2026/08/18
552,552,4933,(株)Ｉ－ｎｅ,東証PRM,"1,415",-29,-2.01,"61,700",2026/08/18
553,553,6440,ＪＵＫＩ(株),東証PRM,635,-13,-2.01,"305,600",2026/08/18
554,554,6798,ＳＭＫ(株),東証PRM,"3,405",-70,-2.01,"9,800",2026/08/18
555,555,7734,理研計器(株),東証PRM,"3,410",-70,-2.01,"95,500",2026/08/18
556,556,8802,三菱地所(株),東証PRM,"3,601",-74,-2.01,"3,759,300",2026/08/18
557,557,377A,(株)エージェントＩＧホールディングス,名証MN,"1,080",-22,-2.0,"1,000",2026/08/18
558,558,5991,ニッパツ,東証PRM,"3,678",-75,-2.0,"540,000",2026/08/18
559,559,6659,(株)メディアリンクス,東証STD,49,-1,-2.0,"3,578,200",2026/08/18
560,560,6740,(株)ジャパンディスプレイ,東証PRM,49,-1,-2.0,"4,914,400",2026/08/18
561,561,299A,クラシル(株),東証GRT,"1,138",-23,-1.98,"85,300",2026/08/18
562,562,4014,(株)カラダノート,東証GRT,495,-10,-1.98,"35,700",2026/08/18
563,563,1968,太平電業(株),東証PRM,"2,385",-48,-1.97,"136,700",2026/08/18
564,564,3487,CREロジスティクスファンド投資法人,東証,"134,400","-2,700",-1.97,"3,466",2026/08/18
565,565,2884,(株)ヨシムラ・フード・ホールディングス,東証PRM,651,-13,-1.96,"78,900",2026/08/18
566,566,4382,ＨＥＲＯＺ(株),東証STD,749,-15,-1.96,"52,100",2026/08/18
567,567,4406,新日本理化(株),東証STD,250,-5,-1.96,"305,800",2026/08/18
568,568,2636,GX MSCIガバナンス・クオリティ-日本株式,東証ETF,"5,020",-100,-1.95,43,2026/08/18
569,569,4427,(株)ＥｄｕＬａｂ,東証GRT,201,-4,-1.95,"22,200",2026/08/18
570,570,7089,フォースタートアップス(株),東証GRT,"1,656",-33,-1.95,"14,600",2026/08/18
571,571,1479,iFreeETF MSCI日本株人材設備投資指数,東証ETF,"50,500","-1,000",-1.94,16,2026/08/18
572,572,1693,WisdomTree 銅上場投信,東証ETF,"9,045",-179,-1.94,"8,790",2026/08/18
573,573,3040,(株)ソリトンシステムズ,東証PRM,"2,475",-49,-1.94,"116,700",2026/08/18
574,574,4203,住友ベークライト(株),東証PRM,"7,727",-153,-1.94,"408,700",2026/08/18
575,575,4911,(株)資生堂,東証PRM,"3,436",-68,-1.94,"2,647,300",2026/08/18
576,576,1407,(株)ウエストホールディングス,東証STD,"2,740",-54,-1.93,"275,700",2026/08/18
577,577,4028,石原産業(株),東証PRM,"3,055",-60,-1.93,"166,000",2026/08/18
578,578,552A,MAXIS 米国AIインフラ株上場投信,東証ETF,"2,544",-50,-1.93,"2,679",2026/08/18
579,579,6545,(株)インターネットインフィニティー,東証GRT,815,-16,-1.93,"19,900",2026/08/18
580,580,3475,(株)グッドコムアセット,東証PRM,"1,533",-30,-1.92,"116,600",2026/08/18
581,581,6620,宮越ホールディングス(株),東証PRM,715,-14,-1.92,"42,300",2026/08/18
582,582,6952,カシオ計算機(株),東証PRM,"2,353",-46,-1.92,"1,450,600",2026/08/18
583,583,4617,中国塗料(株),東証PRM,"3,590",-70,-1.91,"186,700",2026/08/18
584,584,7803,(株)ブシロード,東証GRT,410,-8,-1.91,"1,223,000",2026/08/18
585,585,9959,アシードホールディングス(株),東証STD,"1,079",-21,-1.91,"2,600",2026/08/18
586,586,1961,三機工業(株),東証PRM,"2,479",-48,-1.9,"553,300",2026/08/18
587,587,6572,オープングループ(株),東証PRM,258,-5,-1.9,"195,600",2026/08/18
588,588,241A,(株)ＲＯＸＸ,東証GRT,416,-8,-1.89,"41,200",2026/08/18
589,589,3798,ＵＬＳグループ(株),東証STD,518,-10,-1.89,"221,200",2026/08/18
590,590,6971,京セラ(株),東証PRM,"3,799",-73,-1.89,"4,362,400",2026/08/18
591,591,9423,(株)ＦＲＳ,東証STD,104,-2,-1.89,"42,600",2026/08/18
592,592,2152,幼児活動研究会(株),東証STD,"1,511",-29,-1.88,"1,100",2026/08/18
593,593,6223,(株)西部技研,東証STD,"1,981",-38,-1.88,"33,700",2026/08/18
594,594,7565,萬世電機(株),東証STD,"7,850",-150,-1.88,"1,400",2026/08/18
595,595,2982,(株)ＡＤワークスグループ,東証PRM,420,-8,-1.87,"296,100",2026/08/18
596,596,4417,グローバルセキュリティエキスパート(株),東証GRT,"4,470",-85,-1.87,"30,700",2026/08/18
597,597,6104,芝浦機械(株),東証PRM,"4,200",-80,-1.87,"117,700",2026/08/18
598,598,6875,(株)メガチップス,東証PRM,"11,570",-220,-1.87,"155,600",2026/08/18
599,599,8704,トレイダーズホールディングス(株),東証STD,"1,315",-25,-1.87,"50,300",2026/08/18
600,600,3625,テックファームホールディングス(株),東証GRT,634,-12,-1.86,"14,100",2026/08/18
601,601,4017,(株)クリーマ,東証GRT,211,-4,-1.86,"6,600",2026/08/18
602,602,6182,(株)メタリアル,東証GRT,474,-9,-1.86,"36,000",2026/08/18
603,603,6474,(株)不二越,東証PRM,"5,790",-110,-1.86,"89,700",2026/08/18
604,604,7095,(株)Ｍａｃｂｅｅ　Ｐｌａｎｅｔ,東証PRM,"1,215",-23,-1.86,"87,600",2026/08/18
605,605,7235,東京ラヂエーター製造(株),東証STD,"1,580",-30,-1.86,"36,700",2026/08/18
606,606,9171,栗林商船(株),東証STD,"1,526",-29,-1.86,"2,900",2026/08/18
607,607,9271,(株)和心,東証GRT,"1,005",-19,-1.86,"40,000",2026/08/18
608,608,1721,コムシスホールディングス(株),東証PRM,"5,317",-100,-1.85,"355,200",2026/08/18
609,609,4901,富士フイルムホールディングス(株),東証PRM,"3,182",-60,-1.85,"5,627,100",2026/08/18
610,610,238A,iシェアーズ 米国債25年超 ロングデュレーション(H有),東証ETF,118,-2.2,-1.83,"584,300",2026/08/18
611,611,4169,ＥＮＥＣＨＡＮＧＥ(株),東証GRT,321,-6,-1.83,"1,851,100",2026/08/18
612,612,4373,シンプレクス・ホールディングス(株),東証PRM,"1,125",-21,-1.83,"717,500",2026/08/18
613,613,6018,阪神内燃機工業(株),東証STD,"5,890",-110,-1.83,"1,600",2026/08/18
614,614,460A,ＢＲＡＮＵ(株),東証GRT,"1,025",-19,-1.82,"19,700",2026/08/18
615,615,6977,(株)日本抵抗器製作所,東証STD,"1,510",-28,-1.82,"4,300",2026/08/18
616,616,7133,ＨＹＵＧＡ　ＰＲＩＭＡＲＹ　ＣＡＲＥ(株),東証GRT,"1,294",-24,-1.82,"2,200",2026/08/18
617,617,7527,(株)システムソフト,東証STD,54,-1,-1.82,"1,600,100",2026/08/18
618,618,1812,鹿島,東証PRM,"4,891",-90,-1.81,"1,818,200",2026/08/18
619,619,3841,(株)ジーダット,東証STD,"1,300",-24,-1.81,"2,700",2026/08/18
620,620,9960,東テク(株),東証PRM,"3,790",-70,-1.81,"77,300",2026/08/18
621,621,1619,(NEXT FUNDS)建設･資材上場投信,東証ETF,"45,860",-840,-1.8,736,2026/08/18
622,622,4058,トヨクモ(株),東証GRT,"2,348",-43,-1.8,"35,700",2026/08/18
623,623,5189,櫻護謨(株),東証STD,"3,550",-65,-1.8,"2,400",2026/08/18
624,624,5857,ＡＲＥホールディングス(株),東証PRM,"3,565",-65,-1.79,"872,500",2026/08/18
625,625,9229,(株)サンウェルズ,東証PRM,110,-2,-1.79,"215,700",2026/08/18
626,626,1801,大成建設(株),東証PRM,"12,695",-230,-1.78,"455,700",2026/08/18
627,627,1893,五洋建設(株),東証PRM,"1,438.5",-26,-1.78,"1,410,200",2026/08/18
628,628,5938,(株)ＬＩＸＩＬ,東証PRM,"1,715",-31,-1.78,"2,992,500",2026/08/18
629,629,6092,(株)エンバイオ・ホールディングス,東証STD,884,-16,-1.78,"82,600",2026/08/18
630,630,2638,GX ロボティクス＆AI-日本株式,東証ETF,"2,714",-49,-1.77,"26,032",2026/08/18
631,631,3504,(株)丸八ホールディングス,名証MN,"1,397",-25,-1.76,"1,600",2026/08/18
632,632,4043,(株)トクヤマ,東証PRM,"4,195",-75,-1.76,"898,400",2026/08/18
633,633,4387,(株)ＺＵＵ,東証GRT,503,-9,-1.76,"5,200",2026/08/18
634,634,5393,ニチアス(株),東証PRM,"3,521",-63,-1.76,"364,600",2026/08/18
635,635,6418,日本金銭機械(株),東証PRM,"1,281",-23,-1.76,"141,100",2026/08/18
636,636,7220,武蔵精密工業(株),東証PRM,"3,620",-65,-1.76,"755,200",2026/08/18
637,637,7434,(株)オータケ,東証STD,"1,791",-32,-1.76,200,2026/08/18
638,638,1946,(株)トーエネック,東証PRM,"2,129",-38,-1.75,"136,400",2026/08/18
639,639,2048,NEXT NOTES 野村日本株高配当70(ドルH、NR)ETN,東証ETF,"55,990","-1,000",-1.75,10,2026/08/18
640,640,206A,(株)ＰＲＩＳＭ　ＢｉｏＬａｂ,東証GRT,168,-3,-1.75,"88,200",2026/08/18
641,641,2721,(株)ジェイホールディングス,東証STD,112,-2,-1.75,"25,700",2026/08/18
642,642,3969,(株)エイトレッド,東証STD,"1,402",-25,-1.75,"11,700",2026/08/18
643,643,5137,(株)スマートドライブ,東証GRT,280,-5,-1.75,"724,700",2026/08/18
644,644,6584,三桜工業(株),東証PRM,840,-15,-1.75,"565,000",2026/08/18
645,645,9467,(株)アルファポリス,東証GRT,"1,180",-21,-1.75,"250,800",2026/08/18
646,646,5186,ニッタ(株),東証PRM,"6,790",-120,-1.74,"43,500",2026/08/18
647,647,6228,(株)ジェイ・イー・ティ,東証STD,508,-9,-1.74,"31,300",2026/08/18
648,648,1586,上場インデックス TOPIX Ex-Financials,東証ETF,"3,130",-55,-1.73,88,2026/08/18
649,649,6082,(株)ライドオンエクスプレスホールディングス,東証STD,"1,023",-18,-1.73,"37,200",2026/08/18
650,650,8226,(株)理経,東証STD,398,-7,-1.73,"139,300",2026/08/18
651,651,2340,(株)極楽湯ホールディングス,東証STD,514,-9,-1.72,"67,300",2026/08/18
652,652,546A,ＭＩＲＡＩＮＩホールディングス(株),東証PRM,"2,450",-43,-1.72,"151,800",2026/08/18
653,653,6702,富士通(株),東証PRM,"3,601",-63,-1.72,"5,871,100",2026/08/18
654,654,6836,ぷらっとホーム(株),東証STD,855,-15,-1.72,"21,900",2026/08/18
655,655,9158,(株)シーユーシー,東証GRT,744,-13,-1.72,"41,400",2026/08/18
656,656,462A,(株)ＦＵＮＤＩＮＮＯ,東証GRT,230,-4,-1.71,"68,200",2026/08/18
657,657,6054,(株)リブセンス,東証STD,115,-2,-1.71,"27,100",2026/08/18
658,658,7740,(株)タムロン,東証PRM,"1,381",-24,-1.71,"698,000",2026/08/18
659,659,3998,(株)すららネット,東証GRT,289,-5,-1.7,"6,200",2026/08/18
660,660,6648,(株)かわでん,東証STD,"1,732",-30,-1.7,"47,000",2026/08/18
661,661,6723,ルネサスエレクトロニクス(株),東証PRM,"3,807",-66,-1.7,"13,196,200",2026/08/18
662,662,7951,ヤマハ(株),東証PRM,"1,303.5",-22.5,-1.7,"1,916,100",2026/08/18
663,663,9761,東海リース(株),東証STD,"2,426",-42,-1.7,"4,400",2026/08/18
664,664,1979,(株)大気社,東証PRM,"4,070",-70,-1.69,"227,100",2026/08/18
665,665,2459,アウンコンサルティング(株),東証STD,175,-3,-1.69,"158,400",2026/08/18
666,666,2981,(株)ランディックス,東証GRT,"2,153",-37,-1.69,"15,100",2026/08/18
667,667,3911,(株)Ａｉｍｉｎｇ,東証GRT,174,-3,-1.69,"132,600",2026/08/18
668,668,4170,(株)Ｋａｉｚｅｎ　Ｐｌａｔｆｏｒｍ,東証GRT,116,-2,-1.69,"137,000",2026/08/18
669,669,4177,(株)ｉ－ｐｌｕｇ,東証GRT,"1,513",-26,-1.69,"1,400",2026/08/18
670,670,4228,積水化成品工業(株),東証PRM,641,-11,-1.69,"306,200",2026/08/18
671,671,521A,iFreeETF FANG+ゴールド,東証ETF,"2,040",-35,-1.69,"48,841",2026/08/18
672,672,8377,(株)ほくほくフィナンシャルグループ,東証PRM,"8,432",-145,-1.69,"404,000",2026/08/18
673,673,9247,ＴＲＥホールディングス(株),東証PRM,"1,979",-34,-1.69,"284,100",2026/08/18
674,674,1888,若築建設(株),東証PRM,"3,805",-65,-1.68,"15,000",2026/08/18
675,675,4430,東海ソフト(株),東証STD,"1,696",-29,-1.68,"13,300",2026/08/18
676,676,6033,(株)エクストリーム,東証GRT,"1,637",-28,-1.68,"17,300",2026/08/18
677,677,2975,スター・マイカ・ホールディングス(株),東証PRM,"1,591",-27,-1.67,"131,800",2026/08/18
678,678,4657,(株)環境管理センター,東証STD,471,-8,-1.67,"7,100",2026/08/18
679,679,487A,(NEXT FUNDS) ドイツ株式・DAX(H無),東証ETF,"2,114",-36,-1.67,24,2026/08/18
680,680,5659,日本精線(株),東証PRM,"1,414",-24,-1.67,"39,900",2026/08/18
681,681,6340,澁谷工業(株),東証PRM,"5,300",-90,-1.67,"66,600",2026/08/18
682,682,6742,(株)京三製作所,東証PRM,"1,060",-18,-1.67,"337,600",2026/08/18
683,683,6882,(株)三社電機製作所,東証STD,"1,237",-21,-1.67,"52,800",2026/08/18
684,684,7094,(株)ＮｅｘＴｏｎｅ,東証GRT,"1,707",-29,-1.67,"69,500",2026/08/18
685,685,9439,(株)エム・エイチ・グループ,東証STD,235,-4,-1.67,"50,300",2026/08/18
686,686,4966,上村工業(株),東証STD,"21,390",-360,-1.66,"74,700",2026/08/18
687,687,6090,ヒューマン・メタボローム・テクノロジーズ(株),東証STD,593,-10,-1.66,"9,800",2026/08/18
688,688,6969,松尾電機(株),東証STD,"1,069",-18,-1.66,"65,100",2026/08/18
689,689,6955,ＦＤＫ(株),東証STD,416,-7,-1.65,"75,400",2026/08/18
690,690,2673,夢みつけ隊(株),東証STD,120,-2,-1.64,"54,600",2026/08/18
691,691,316A,iFreeETF FANG+,東証ETF,"2,702",-45,-1.64,"432,426",2026/08/18
692,692,6758,ソニーグループ(株),東証PRM,"3,718",-62,-1.64,"12,306,200",2026/08/18
693,693,7412,(株)アトム,東証STD,360,-6,-1.64,"865,900",2026/08/18
694,694,8085,ナラサキ産業(株),東証STD,"4,190",-70,-1.64,"8,200",2026/08/18
695,695,253A,(株)ＥＴＳグループ,東証STD,"1,029",-17,-1.63,"32,500",2026/08/18
696,696,6612,バルミューダ(株),東証GRT,604,-10,-1.63,"14,700",2026/08/18
697,697,7713,シグマ光機(株),東証STD,"2,290",-38,-1.63,"28,100",2026/08/18
698,698,8914,エリアリンク(株),東証STD,905,-15,-1.63,"88,100",2026/08/18
699,699,162A,AIセレクトメガトレンド日本株(ネットリターン)ETN,東証ETF,"17,650",-290,-1.62,377,2026/08/18
700,700,4410,ハリマ化成グループ(株),東証PRM,"1,157",-19,-1.62,"42,500",2026/08/18
701,701,7353,ＫＩＹＯラーニング(株),東証GRT,546,-9,-1.62,"4,700",2026/08/18
702,702,7908,ＫＩＭＯＴＯ,東証STD,243,-4,-1.62,"173,400",2026/08/18
703,703,9989,(株)サンドラッグ,東証PRM,"3,640",-60,-1.62,"767,400",2026/08/18
704,704,2432,(株)ディー・エヌ・エー,東証PRM,"2,469.5",-40.5,-1.61,"1,236,300",2026/08/18
705,705,5921,川岸工業(株),東証STD,"4,275",-70,-1.61,"2,100",2026/08/18
706,706,6376,日機装(株),東証PRM,"3,660",-60,-1.61,"1,155,200",2026/08/18
707,707,6445,(株)ジャノメ,東証PRM,"1,408",-23,-1.61,"37,700",2026/08/18
708,708,1951,エクシオグループ(株),東証PRM,"2,617.5",-42.5,-1.6,"312,500",2026/08/18
709,709,3935,(株)エディア,東証STD,677,-11,-1.6,"61,200",2026/08/18
710,710,4543,テルモ(株),東証PRM,"2,578",-42,-1.6,"5,733,700",2026/08/18
711,711,6267,ゼネラルパッカー(株),東証STD,"3,995",-65,-1.6,600,2026/08/18
712,712,2244,GX US テック・トップ20,東証ETF,"3,600",-58,-1.59,"127,683",2026/08/18
713,713,2867,GX 自動運転&EV,東証ETF,"1,793",-29,-1.59,902,2026/08/18
714,714,3482,ロードスターキャピタル(株),東証PRM,"2,601",-42,-1.59,"103,300",2026/08/18
715,715,5256,(株)Ｆｕｓｉｃ,東証GRT,"2,410",-39,-1.59,"3,300",2026/08/18
716,716,5885,(株)ジーデップ・アドバンス,東証STD,"3,085",-50,-1.59,"41,000",2026/08/18
717,717,6144,西部電機(株),東証STD,"3,090",-50,-1.59,"3,400",2026/08/18
718,718,6804,ホシデン(株),東証PRM,"2,850",-46,-1.59,"232,600",2026/08/18
719,719,7118,(株)伸和ホールディングス,名証NXT,"4,030",-65,-1.59,300,2026/08/18
720,720,7456,松田産業(株),東証PRM,"6,820",-110,-1.59,"99,500",2026/08/18
721,721,1866,北野建設(株),東証STD,"1,186",-19,-1.58,"21,500",2026/08/18
722,722,3279,アクティビア・プロパティーズ投資法人,東証,"137,000","-2,200",-1.58,"5,998",2026/08/18
723,723,4168,(株)ヤプリ,東証GRT,748,-12,-1.58,"80,200",2026/08/18
724,724,6135,(株)牧野フライス製作所,東証PRM,"16,170",-260,-1.58,"156,000",2026/08/18
725,725,7072,(株)インティメート・マージャー,東証GRT,"1,186",-19,-1.58,"10,300",2026/08/18
726,726,336A,ダイナミックマッププラットフォーム(株),東証GRT,814,-13,-1.57,"158,800",2026/08/18
727,727,6247,(株)日阪製作所,東証PRM,"1,758",-28,-1.57,"26,500",2026/08/18
728,728,7066,(株)ピアズ,東証GRT,438,-7,-1.57,"2,600",2026/08/18
729,729,7815,東京ボード工業(株),東証STD,375,-6,-1.57,"30,600",2026/08/18
730,730,6367,ダイキン工業(株),東証PRM,"21,115",-335,-1.56,"937,300",2026/08/18
731,731,6632,(株)ＪＶＣケンウッド,東証PRM,"1,011",-16,-1.56,"968,700",2026/08/18
732,732,6503,三菱電機(株),東証PRM,"6,031",-95,-1.55,"3,848,700",2026/08/18
733,733,9202,ＡＮＡホールディングス(株),東証PRM,"3,040",-48,-1.55,"1,763,900",2026/08/18
734,734,2376,(株)サイネックス,東証STD,765,-12,-1.54,"2,000",2026/08/18
735,735,3238,セントラル総合開発(株),東証STD,383,-6,-1.54,"77,000",2026/08/18
736,736,5290,(株)ベルテクスコーポレーション,東証STD,"1,151",-18,-1.54,"79,000",2026/08/18
737,737,7701,(株)島津製作所,東証PRM,"4,092",-64,-1.54,"776,000",2026/08/18
738,738,9903,(株)カンセキ,東証STD,895,-14,-1.54,"2,700",2026/08/18
739,739,1803,清水建設(株),東証PRM,"2,386.5",-37,-1.53,"2,208,700",2026/08/18
740,740,4372,ユミルリンク(株),東証GRT,"1,286",-20,-1.53,800,2026/08/18
741,741,532A,NZAM 上場投信 TOPIX高配当40,東証ETF,"2,260",-35,-1.53,15,2026/08/18
742,742,7038,フロンティア・マネジメント(株),東証PRM,578,-9,-1.53,"27,900",2026/08/18
743,743,7372,(株)デコルテ・ホールディングス,東証GRT,387,-6,-1.53,"6,600",2026/08/18
744,744,7637,白銅(株),東証PRM,"3,850",-60,-1.53,"46,300",2026/08/18
745,745,9663,(株)ナガワ,東証PRM,"5,140",-80,-1.53,"18,500",2026/08/18
746,746,2315,(株)ＣＡＩＣＡ　ＤＩＧＩＴＡＬ,東証STD,65,-1,-1.52,"5,187,600",2026/08/18
747,747,346A,(NEXT FUNDS) S&P500 半導体・半導体製造装置35%,東証ETF,"5,120",-79,-1.52,"3,521",2026/08/18
748,748,4752,(株)昭和システムエンジニアリング,東証STD,"1,556",-24,-1.52,700,2026/08/18
749,749,4889,(株)レナサイエンス,東証GRT,"1,300",-20,-1.52,"590,300",2026/08/18
750,750,6360,(株)東京自働機械製作所,東証STD,"4,540",-70,-1.52,500,2026/08/18
751,751,9888,(株)ＵＥＸ,東証STD,"1,235",-19,-1.52,"97,800",2026/08/18
752,752,2011,SMDAM Active ETF 日本高配当株式,東証ETF,856.9,-13.1,-1.51,"203,770",2026/08/18
753,753,4119,(株)日本ピグメントホールディングス,東証STD,"5,880",-90,-1.51,"2,600",2026/08/18
754,754,4366,ダイトーケミックス(株),東証STD,456,-7,-1.51,"76,600",2026/08/18
755,755,6858,(株)小野測器,東証STD,846,-13,-1.51,"24,900",2026/08/18
756,756,8964,三井不動産商業ファンド投資法人,東証,"78,500","-1,200",-1.51,"13,914",2026/08/18
757,757,2044,NEXT NOTES S&P500 配当貴族(NR)ETN,東証ETF,"35,510",-540,-1.5,3,2026/08/18
758,758,2841,iFreeETF NASDAQ100(H有),東証ETF,"1,712",-26,-1.5,"3,911",2026/08/18
759,759,4375,セーフィー(株),東証GRT,657,-10,-1.5,"127,700",2026/08/18
760,760,7021,(株)ニッチツ,東証STD,"2,108",-32,-1.5,"1,700",2026/08/18
761,761,9336,大栄環境(株),東証PRM,"3,610",-55,-1.5,"140,700",2026/08/18
762,762,3479,(株)ＴＫＰ,東証GRT,"1,849",-28,-1.49,"62,300",2026/08/18
763,763,3600,(株)フジックス,東証STD,"1,723",-26,-1.49,500,2026/08/18
764,764,3627,テクミラホールディングス(株),東証STD,264,-4,-1.49,"18,000",2026/08/18
765,765,3744,サイオス(株),東証STD,463,-7,-1.49,"12,900",2026/08/18
766,766,6870,日本フェンオール(株),東証STD,"2,242",-34,-1.49,"2,900",2026/08/18
767,767,8136,(株)サンリオ,東証PRM,"1,194",-18,-1.49,"24,214,800",2026/08/18
768,768,8938,グローム・ホールディングス(株),東証GRT,330,-5,-1.49,"2,900",2026/08/18
769,769,1814,大末建設(株),東証PRM,"3,665",-55,-1.48,"65,500",2026/08/18
770,770,2017,iFreeETF JPXプライム150,東証ETF,"1,534",-23,-1.48,"22,657",2026/08/18
771,771,2876,(株)デルソーレ,東証STD,467,-7,-1.48,"6,800",2026/08/18
772,772,3850,(株)ＮＴＴデータイントラマート,東証STD,"3,320",-50,-1.48,"18,700",2026/08/18
773,773,6676,(株)バッファロー,東証STD,"2,867",-43,-1.48,"23,300",2026/08/18
774,774,9346,(株)ココルポート,東証GRT,"1,799",-27,-1.48,"8,800",2026/08/18
775,775,9845,(株)パーカーコーポレーション,東証STD,"1,395",-21,-1.48,"24,300",2026/08/18
776,776,2250,iシェアーズ MSCI ジャパン気候変動アクション ETF,東証ETF,375.2,-5.6,-1.47,620,2026/08/18
777,777,2522,iシェアーズ オートメーション&ロボット ETF,東証ETF,"9,139",-136,-1.47,"2,888",2026/08/18
778,778,2533,オエノンホールディングス(株),東証PRM,468,-7,-1.47,"99,600",2026/08/18
779,779,2632,MAXIS ナスダック100上場投信(H有),東証ETF,"18,110",-270,-1.47,"21,175",2026/08/18
780,780,6195,(株)ホープ,東証GRT,201,-3,-1.47,"27,600",2026/08/18
781,781,6776,天昇電気工業(株),東証STD,269,-4,-1.47,"22,600",2026/08/18
782,782,7480,スズデン(株),東証STD,"3,360",-50,-1.47,"53,500",2026/08/18
783,783,8151,(株)東陽テクニカ,東証PRM,"2,077",-31,-1.47,"189,600",2026/08/18
784,784,8766,東京海上ホールディングス(株),東証PRM,"7,371",-110,-1.47,"4,322,400",2026/08/18
785,785,9165,(株)クオルテック,東証GRT,"1,680",-25,-1.47,"5,900",2026/08/18
786,786,9238,バリュークリエーション(株),東証GRT,401,-6,-1.47,"4,900",2026/08/18
787,787,9262,(株)シルバーライフ,東証STD,672,-10,-1.47,"16,600",2026/08/18
788,788,9401,(株)ＴＢＳホールディングス,東証PRM,"5,832",-87,-1.47,"234,000",2026/08/18
789,789,3321,ミタチ産業(株),東証STD,"1,690",-25,-1.46,"16,500",2026/08/18
790,790,550A,(株)ソフトテックス,東証STD,"2,163",-32,-1.46,800,2026/08/18
791,791,6586,(株)マキタ,東証PRM,"5,253",-78,-1.46,"615,700",2026/08/18
792,792,6727,(株)ワコム,東証PRM,810,-12,-1.46,"362,600",2026/08/18
793,793,2645,GX レジャー&エンターテインメント-日本株式,東証ETF,"3,064",-45,-1.45,53,2026/08/18
794,794,3399,(株)丸千代山岡家,東証STD,"3,745",-55,-1.45,"50,500",2026/08/18
795,795,3442,(株)ＭＩＥコーポレーション,名証MN,"1,636",-24,-1.45,500,2026/08/18
796,796,3695,ＧＭＯプロダクトプラットフォーム(株),東証GRT,"1,431",-21,-1.45,"25,100",2026/08/18
797,797,4091,日本酸素ホールディングス(株),東証PRM,"5,995",-88,-1.45,"381,300",2026/08/18
798,798,4264,(株)セキュア,東証GRT,"1,494",-22,-1.45,"22,500",2026/08/18
799,799,2195,アミタホールディングス(株),東証GRT,342,-5,-1.44,"7,700",2026/08/18
800,800,2932,(株)ＳＴＩフードホールディングス,東証STD,"1,092",-16,-1.44,"25,500",2026/08/18
801,801,5987,(株)オーネックス,東証STD,"1,715",-25,-1.44,800,2026/08/18
802,802,7625,(株)グローバルダイニング,東証STD,480,-7,-1.44,700,2026/08/18
803,803,7678,(株)あさくま,東証STD,"3,070",-45,-1.44,"10,600",2026/08/18
804,804,9412,スカパーＪＳＡＴ(株),東証PRM,"2,331",-34,-1.44,"2,442,400",2026/08/18
805,805,2569,上場インデックスファンド米国株式(NASDAQ100)H有,東証ETF,"4,352",-63,-1.43,"20,996",2026/08/18
806,806,4175,(株)ｃｏｌｙ,東証GRT,"2,760",-40,-1.43,"5,800",2026/08/18
807,807,4496,(株)コマースＯｎｅホールディングス,東証GRT,759,-11,-1.43,"21,400",2026/08/18
808,808,4596,窪田製薬ホールディングス(株),東証GRT,69,-1,-1.43,"2,183,700",2026/08/18
809,809,6264,(株)マルマエ,東証PRM,"2,200",-32,-1.43,"494,300",2026/08/18
810,810,6905,コーセル(株),東証PRM,"1,375",-20,-1.43,"142,900",2026/08/18
811,811,2624,iFreeETF 日経225(年4回決算型),東証ETF,"6,850",-99,-1.42,"98,300",2026/08/18
812,812,4008,住友精化(株),東証PRM,"1,522",-22,-1.42,"181,500",2026/08/18
813,813,7595,(株)アルゴグラフィックス,東証PRM,"1,317",-19,-1.42,"191,600",2026/08/18
814,814,7610,(株)テイツー,東証STD,139,-2,-1.42,"766,700",2026/08/18
815,815,223A,GX AI&ビッグデータ,東証ETF,"1,813",-26,-1.41,"2,730",2026/08/18
816,816,2708,(株)久世,東証STD,"1,893",-27,-1.41,"3,800",2026/08/18
817,817,3659,(株)ネクソン,東証PRM,"3,002",-43,-1.41,"5,782,200",2026/08/18
818,818,5210,日本山村硝子(株),東証STD,"2,937",-42,-1.41,"54,100",2026/08/18
819,819,2521,上場インデックスファンド米国株式(S&P500)H有,東証ETF,"2,179",-31,-1.4,"7,628",2026/08/18
820,820,2845,(NEXT FUNDS) NASDAQ-100(H有)連動型上場投信,東証ETF,"3,581",-51,-1.4,"5,877",2026/08/18
821,821,7080,(株)スポーツフィールド,東証GRT,845,-12,-1.4,"8,800",2026/08/18
822,822,2303,(株)ドーン,東証STD,"1,344",-19,-1.39,"9,700",2026/08/18
823,823,5242,(株)アイズ,東証GRT,"1,991",-28,-1.39,"1,800",2026/08/18
824,824,543A,ＡＲＣＨＩＯＮ(株),東証PRM,283,-4,-1.39,"22,753,500",2026/08/18
825,825,6218,エンシュウ(株),東証STD,640,-9,-1.39,"2,800",2026/08/18
826,826,7061,日本ホスピスホールディングス(株),東証GRT,495,-7,-1.39,"175,100",2026/08/18
827,827,2435,(株)シダー,東証STD,215,-3,-1.38,"4,400",2026/08/18
828,828,3710,ジョルダン(株),東証STD,642,-9,-1.38,"5,500",2026/08/18
829,829,5241,(株)日本オーエー研究所,名証MN,785,-11,-1.38,"1,000",2026/08/18
830,830,6326,(株)クボタ,東証PRM,"2,650",-37,-1.38,"3,627,700",2026/08/18
831,831,7369,(株)メイホーホールディングス,東証GRT,357,-5,-1.38,"11,300",2026/08/18
832,832,3011,(株)バナーズ,東証STD,144,-2,-1.37,"10,800",2026/08/18
833,833,4772,(株)ＳＭ　ＥＮＴＥＲＴＡＩＮＭＥＮＴ　ＪＡＰＡＮ,東証GRT,72,-1,-1.37,"103,200",2026/08/18
834,834,5310,東洋炭素(株),東証PRM,"7,180",-100,-1.37,"80,700",2026/08/18
835,835,5482,愛知製鋼(株),東証PRM,"3,250",-45,-1.37,"120,000",2026/08/18
836,836,8830,住友不動産(株),東証PRM,"3,314",-46,-1.37,"3,067,800",2026/08/18
837,837,9962,(株)ミスミグループ本社,東証PRM,"3,894",-54,-1.37,"1,083,000",2026/08/18
838,838,1939,(株)四電工,東証PRM,"2,101",-29,-1.36,"77,900",2026/08/18
839,839,323A,(株)フライヤー,東証GRT,364,-5,-1.36,"3,300",2026/08/18
840,840,5844,(株)京都フィナンシャルグループ,東証PRM,"5,022",-69,-1.36,"878,800",2026/08/18
841,841,6058,(株)ベクトル,東証PRM,"1,812",-25,-1.36,"260,000",2026/08/18
842,842,6454,マックス(株),東証PRM,"1,811",-25,-1.36,"171,200",2026/08/18
843,843,7435,(株)ナ・デックス,東証STD,"1,301",-18,-1.36,"13,000",2026/08/18
844,844,2471,(株)エスプール,東証PRM,293,-4,-1.35,"366,000",2026/08/18
845,845,3153,八洲電機(株),東証PRM,"2,920",-40,-1.35,"46,100",2026/08/18
846,846,5563,新日本電工(株),東証PRM,438,-6,-1.35,"446,800",2026/08/18
847,847,8697,(株)日本取引所グループ,東証PRM,"2,191.5",-30,-1.35,"3,600,200",2026/08/18
848,848,9083,神姫バス(株),東証STD,"1,968",-27,-1.35,"7,800",2026/08/18
849,849,9219,(株)ギックス,東証GRT,880,-12,-1.35,"9,800",2026/08/18
850,850,2040,NEXT NOTES NYダウ･ダブル･ブル･ドルヘッジ ETN,東証ETF,"39,830",-540,-1.34,292,2026/08/18
851,851,4626,太陽ホールディングス(株),東証PRM,"4,790",-65,-1.34,"265,400",2026/08/18
852,852,5889,Ｊａｐａｎ　Ｅｙｅｗｅａｒ　Ｈｏｌｄｉｎｇｓ(株),東証PRM,"2,502",-34,-1.34,"116,000",2026/08/18
853,853,607A,(株)エブリー,東証GRT,221,-3,-1.34,"474,900",2026/08/18
854,854,7213,レシップホールディングス(株),東証STD,661,-9,-1.34,"20,000",2026/08/18
855,855,7731,(株)ニコン,東証PRM,"1,983",-27,-1.34,"1,617,700",2026/08/18
856,856,7751,キヤノン(株),東証PRM,"4,500",-61,-1.34,"2,909,800",2026/08/18
857,857,9996,(株)サトー商会,東証STD,"2,055",-28,-1.34,"1,900",2026/08/18
858,858,258A,SMT ETF国内リート厳選投資アクティブ,東証ETF,"2,072",-28,-1.33,90,2026/08/18
859,859,3565,アセンテック(株),東証STD,446,-6,-1.33,"205,500",2026/08/18
860,860,378A,(株)ヒット,東証GRT,"1,041",-14,-1.33,"107,300",2026/08/18
861,861,4189,ＫＨネオケム(株),東証PRM,"3,350",-45,-1.33,"90,500",2026/08/18
862,862,442A,クラシコ(株),東証GRT,962,-13,-1.33,600,2026/08/18
863,863,5029,サークレイス(株),東証GRT,741,-10,-1.33,"4,000",2026/08/18
864,864,6062,(株)チャーム・ケア・コーポレーション,東証PRM,"1,411",-19,-1.33,"65,500",2026/08/18
865,865,1617,(NEXT FUNDS)食品上場投信,東証ETF,"48,650",-650,-1.32,852,2026/08/18
866,866,3246,(株)コーセーアールイー,東証STD,675,-9,-1.32,"2,600",2026/08/18
867,867,5621,(株)ヒューマンテクノロジーズ,東証GRT,"1,564",-21,-1.32,"40,700",2026/08/18
868,868,7292,(株)村上開明堂,東証STD,"6,730",-90,-1.32,"1,400",2026/08/18
869,869,8253,(株)クレディセゾン,東証PRM,"4,643",-62,-1.32,"717,100",2026/08/18
870,870,8951,日本ビルファンド投資法人,東証,"127,400","-1,700",-1.32,"32,502",2026/08/18
871,871,2621,iシェアーズ 米国債20年超(H有),東証ETF,983,-13,-1.31,"388,662",2026/08/18
872,872,4004,(株)レゾナック・ホールディングス,東証PRM,"16,975",-225,-1.31,"2,285,100",2026/08/18
873,873,6298,ワイエイシイホールディングス(株),東証PRM,"1,360",-18,-1.31,"270,600",2026/08/18
874,874,6652,ＩＤＥＣ(株),東証PRM,"3,760",-50,-1.31,"144,800",2026/08/18
875,875,8508,Ｊトラスト(株),東証STD,903,-12,-1.31,"3,304,500",2026/08/18
876,876,8897,ＭＩＲＡＲＴＨホールディングス(株),東証PRM,453,-6,-1.31,"1,139,200",2026/08/18
877,877,1967,(株)ヤマト,東証STD,"2,132",-28,-1.3,"28,000",2026/08/18
878,878,4107,伊勢化学工業(株),東証STD,"3,800",-50,-1.3,"195,500",2026/08/18
879,879,578A,GX シルバー (H有),東証ETF,251.2,-3.3,-1.3,"12,450",2026/08/18
880,880,6161,(株)エスティック,東証STD,"1,063",-14,-1.3,"7,900",2026/08/18
881,881,6658,シライ電子工業(株),東証STD,455,-6,-1.3,"112,700",2026/08/18
882,882,6899,ＡＳＴＩ(株),東証STD,"2,284",-30,-1.3,"5,500",2026/08/18
883,883,8060,キヤノンマーケティングジャパン(株),東証PRM,"3,556",-47,-1.3,"251,300",2026/08/18
884,884,1397,SMDAM 日経225上場投信,東証ETF,"68,790",-900,-1.29,110,2026/08/18
885,885,4631,ＤＩＣ(株),東証PRM,"5,495",-72,-1.29,"837,000",2026/08/18
886,886,7245,大同メタル工業(株),東証PRM,"1,374",-18,-1.29,"417,800",2026/08/18
887,887,8104,クワザワホールディングス(株),東証STD,688,-9,-1.29,"11,000",2026/08/18
888,888,9040,大宝運輸(株),名証MN,"4,205",-55,-1.29,100,2026/08/18
889,889,1474,One ETF JPX日経400,東証ETF,"37,810",-490,-1.28,2,2026/08/18
890,890,2693,ＹＫＴ(株),東証STD,308,-4,-1.28,"39,400",2026/08/18
891,891,3849,日本テクノ・ラボ(株),札幌ア,618,-8,-1.28,"1,500",2026/08/18
892,892,429A,テクセンドフォトマスク(株),東証PRM,"3,845",-50,-1.28,"595,600",2026/08/18
893,893,5998,(株)アドバネクス,東証STD,"2,382",-31,-1.28,"7,200",2026/08/18
894,894,6420,ガリレイホールディングス(株),東証PRM,"3,460",-45,-1.28,"84,200",2026/08/18
895,895,2934,ジェイフロンティア(株),東証GRT,"2,024",-26,-1.27,"3,200",2026/08/18
896,896,3928,(株)マイネット,東証STD,233,-3,-1.27,"31,400",2026/08/18
897,897,6030,(株)アドベンチャー,東証GRT,"1,481",-19,-1.27,"11,700",2026/08/18
898,898,6245,(株)ヒラノテクシード,東証STD,"1,792",-23,-1.27,"102,900",2026/08/18
899,899,9560,(株)プログリット,東証GRT,853,-11,-1.27,"38,600",2026/08/18
900,900,183A,MAXIS 米国国債20年超上場投信(H有),東証ETF,423.6,-5.4,-1.26,"3,140",2026/08/18
901,901,3299,(株)ムゲンエステート,東証STD,"1,720",-22,-1.26,"115,700",2026/08/18
902,902,3407,旭化成(株),東証PRM,"1,685.5",-21.5,-1.26,"3,442,700",2026/08/18
903,903,6824,新コスモス電機(株),東証STD,"4,300",-55,-1.26,"7,600",2026/08/18
904,904,6907,ジオマテック(株),東証STD,785,-10,-1.26,"28,300",2026/08/18
905,905,7347,(株)マーキュリアホールディングス,東証PRM,781,-10,-1.26,"23,300",2026/08/18
906,906,9308,乾汽船(株),東証STD,"2,120",-27,-1.26,"116,700",2026/08/18
907,907,3266,(株)ファンドクリエーショングループ,東証STD,79,-1,-1.25,"40,500",2026/08/18
908,908,5724,(株)アサカ理研,東証STD,"2,923",-37,-1.25,"95,200",2026/08/18
909,909,6327,北川精機(株),東証STD,"3,935",-50,-1.25,"1,627,300",2026/08/18
910,910,7781,(株)平山ホールディングス,東証STD,871,-11,-1.25,"26,200",2026/08/18
911,911,7953,菊水化学工業(株),東証STD,394,-5,-1.25,"49,900",2026/08/18
912,912,1938,日本リーテック(株),東証PRM,"2,479",-31,-1.24,"148,100",2026/08/18
913,913,2643,(NEXTFUNDS) MSCIジャパンカントリー指数(セレクト),東証ETF,"4,370",-55,-1.24,709,2026/08/18
914,914,2851,iシェアーズ MSCI ジャパンSRI,東証ETF,405,-5.1,-1.24,290,2026/08/18
915,915,5076,インフロニア・ホールディングス(株),東証PRM,"2,785.5",-35,-1.24,"1,553,500",2026/08/18
916,916,7093,アディッシュ(株),東証GRT,558,-7,-1.24,"1,700",2026/08/18
917,917,1498,One ETF ESG,東証ETF,"32,970",-410,-1.23,205,2026/08/18
918,918,151A,(株)ダイブグループ,東証GRT,642,-8,-1.23,"20,900",2026/08/18
919,919,3455,ヘルスケア＆メディカル投資法人,東証,"104,300","-1,300",-1.23,956,2026/08/18
920,920,410A,ＧＭＯコマース(株),東証GRT,"1,125",-14,-1.23,"2,900",2026/08/18
921,921,4992,北興化学工業(株),東証STD,"2,002",-25,-1.23,"71,300",2026/08/18
922,922,534A,NZAM 上場投信 NASDAQ100(H無),東証ETF,"2,409",-30,-1.23,502,2026/08/18
923,923,6488,(株)ヨシタケ,東証STD,"1,041",-13,-1.23,"3,000",2026/08/18
924,924,9867,ソレキア(株),東証STD,"10,420",-130,-1.23,100,2026/08/18
925,925,3121,マーチャント・バンカーズ(株),東証STD,243,-3,-1.22,"22,700",2026/08/18
926,926,349A,SMDAM Active ETF 日本グロース株,東証ETF,860.5,-10.6,-1.22,820,2026/08/18
927,927,4275,(株)カーリット,東証PRM,"2,101",-26,-1.22,"171,700",2026/08/18
928,928,4316,(株)ビーマップ,東証GRT,81,-1,-1.22,"64,400",2026/08/18
929,929,4685,(株)菱友システムズ,東証STD,"2,671",-33,-1.22,"33,400",2026/08/18
930,930,6183,(株)ベルシステム２４ホールディングス,東証PRM,"1,381",-17,-1.22,"255,500",2026/08/18
931,931,6614,(株)シキノハイテック,東証STD,888,-11,-1.22,"4,700",2026/08/18
932,932,6809,ＴＯＡ(株),東証PRM,"1,703",-21,-1.22,"80,400",2026/08/18
933,933,7084,(株)Ｓｍｉｌｅ　Ｈｏｌｄｉｎｇｓ,東証GRT,"2,759",-34,-1.22,"6,000",2026/08/18
934,934,9552,(株)クオンツ総研ホールディングス,東証PRM,975,-12,-1.22,"350,500",2026/08/18
935,935,9639,三協フロンテア(株),東証STD,"2,356",-29,-1.22,"4,500",2026/08/18
936,936,2293,滝沢ハム(株),東証STD,"2,702",-33,-1.21,"2,700",2026/08/18
937,937,4021,日産化学(株),東証PRM,"8,059",-99,-1.21,"838,800",2026/08/18
938,938,5602,(株)栗本鐵工所,東証PRM,"1,709",-21,-1.21,"295,600",2026/08/18
939,939,604A,(株)ビーエイブル,東証STD,982,-12,-1.21,"263,800",2026/08/18
940,940,6094,(株)フリークアウト・ホールディングス,東証GRT,572,-7,-1.21,"12,100",2026/08/18
941,941,6517,デンヨー(株),東証PRM,"4,090",-50,-1.21,"37,900",2026/08/18
942,942,7711,助川電気工業(株),東証STD,"4,905",-60,-1.21,"91,900",2026/08/18
943,943,1840,(株)土屋ホールディングス,東証STD,248,-3,-1.2,"9,200",2026/08/18
944,944,392A,iシェアーズ NASDAQ トップ 30,東証ETF,278.9,-3.4,-1.2,"137,360",2026/08/18
945,945,519A,(株)ベーシック,東証GRT,494,-6,-1.2,"13,200",2026/08/18
946,946,587A,インベスコ QQQ トラスト シリーズ1,東証ETF,"115,550","-1,400",-1.2,207,2026/08/18
947,947,6867,リーダー電子(株),東証STD,413,-5,-1.2,"21,500",2026/08/18
948,948,7571,(株)ヤマノホールディングス,東証STD,82,-1,-1.2,"251,400",2026/08/18
949,949,1966,(株)高田工業所,東証STD,"1,744",-21,-1.19,"5,100",2026/08/18
950,950,332A,ミーク(株),東証GRT,"1,083",-13,-1.19,"89,500",2026/08/18
951,951,4241,(株)アテクト,東証STD,664,-8,-1.19,"9,600",2026/08/18
952,952,5945,天龍製鋸(株),東証STD,"2,410",-29,-1.19,400,2026/08/18
953,953,6554,(株)エスユーエス,東証GRT,"1,079",-13,-1.19,"16,000",2026/08/18
954,954,9235,売れるネット広告社グループ(株),東証GRT,499,-6,-1.19,"167,300",2026/08/18
955,955,3559,(株)ピーバンドットコム,東証STD,418,-5,-1.18,"8,700",2026/08/18
956,956,4237,フジプレアム(株),東証STD,335,-4,-1.18,"33,300",2026/08/18
957,957,5026,(株)トリプルアイズ,東証GRT,587,-7,-1.18,"30,300",2026/08/18
958,958,6555,(株)ＭＳ＆Ｃｏｎｓｕｌｔｉｎｇ,東証STD,420,-5,-1.18,300,2026/08/18
959,959,7059,(株)コプロ・ホールディングス,東証PRM,922,-11,-1.18,"161,700",2026/08/18
960,960,7730,マニー(株),東証PRM,"1,595",-19,-1.18,"312,000",2026/08/18
961,961,9816,(株)ストライダーズ,東証STD,252,-3,-1.18,900,2026/08/18
962,962,1681,上場インデックスファンド海外新興国株式,東証ETF,"3,384",-40,-1.17,"1,263",2026/08/18
963,963,2072,トップシェアインデックス(ネットリターン)ETN,東証ETF,"22,380",-265,-1.17,89,2026/08/18
964,964,237A,iシェアーズ 米国債25年超 ロングデュレーション,東証ETF,143.7,-1.7,-1.17,"1,273,260",2026/08/18
965,965,2516,東証グロース250ETF,東証ETF,599.6,-7.1,-1.17,"324,360",2026/08/18
966,966,4448,(株)ｋｕｂｅｌｌ,東証GRT,339,-4,-1.17,"248,400",2026/08/18
967,967,548A,(株)システムエグゼ,東証STD,931,-11,-1.17,"6,600",2026/08/18
968,968,6351,(株)鶴見製作所,東証PRM,"2,368",-28,-1.17,"118,800",2026/08/18
969,969,8304,(株)あおぞら銀行,東証PRM,"3,388",-40,-1.17,"2,191,900",2026/08/18
970,970,9343,(株)アイビス,東証GRT,762,-9,-1.17,"35,700",2026/08/18
971,971,179A,GX 超長期米国債 (H有),東証ETF,239.6,-2.8,-1.16,"86,310",2026/08/18
972,972,477A,(株)スタートライン,東証GRT,681,-8,-1.16,"7,700",2026/08/18
973,973,5491,日本金属(株),東証STD,940,-11,-1.16,"26,300",2026/08/18
974,974,1418,インターライフホールディングス(株),東証STD,604,-7,-1.15,"68,000",2026/08/18
975,975,1592,上場インデックス JPX日経インデックス400,東証ETF,"3,433",-40,-1.15,"2,964",2026/08/18
976,976,1773,ＹＴＬ,東証PRM外国,86,-1,-1.15,"86,000",2026/08/18
977,977,1813,(株)不動テトラ,東証PRM,"2,844",-33,-1.15,"47,300",2026/08/18
978,978,2124,ＪＡＣ　Ｒｅｃｒｕｉｔｍｅｎｔ,東証PRM,"1,027",-12,-1.15,"944,000",2026/08/18
979,979,3945,スーパーバッグ(株),東証STD,"2,157",-25,-1.15,500,2026/08/18
980,980,4549,栄研化学(株),東証PRM,"2,315",-27,-1.15,"133,300",2026/08/18
981,981,6544,ジャパンエレベーターサービスホールディングス(株),東証PRM,"1,510",-17.5,-1.15,"789,400",2026/08/18
982,982,7373,(株)アイドマ・ホールディングス,東証GRT,942,-11,-1.15,"82,600",2026/08/18
983,983,9651,日本プロセス(株),東証STD,"1,971",-23,-1.15,"6,000",2026/08/18
984,984,1364,ｉシェアーズ JPX日経400 ETF,東証ETF,"3,822",-44,-1.14,"5,622",2026/08/18
985,985,1861,(株)熊谷組,東証PRM,"1,298",-15,-1.14,"1,273,200",2026/08/18
986,986,2567,NZAM 上場投信 S&P/JPXカーボン・エフィシェント指数,東証ETF,547,-6.3,-1.14,10,2026/08/18
987,987,4100,戸田工業(株),東証STD,"1,560",-18,-1.14,"36,200",2026/08/18
988,988,4284,(株)ソルクシーズ,東証STD,433,-5,-1.14,"17,000",2026/08/18
989,989,464A,(株)ＱＰＳホールディングス,東証GRT,"1,825",-21,-1.14,"1,914,400",2026/08/18
990,990,530A,NZAM 上場投信 東証REIT指数(2・5・8・11月決算型),東証ETF,"1,819",-21,-1.14,29,2026/08/18
991,991,6471,日本精工(株),東証PRM,"1,170",-13.5,-1.14,"1,444,300",2026/08/18
992,992,2931,(株)ユーグレナ,東証PRM,349,-4,-1.13,"546,900",2026/08/18
993,993,5858,(株)ＳＴＧ,東証GRT,"1,142",-13,-1.13,"6,700",2026/08/18
994,994,6966,(株)三井ハイテック,東証PRM,966,-11,-1.13,"1,709,900",2026/08/18
995,995,1306,(NEXT FUNDS)TOPIX連動型上場投信,東証ETF,431,-4.9,-1.12,"14,336,900",2026/08/18
996,996,1835,東鉄工業(株),東証PRM,"3,970",-45,-1.12,"79,200",2026/08/18
997,997,3386,コスモ・バイオ(株),東証STD,"1,233",-14,-1.12,900,2026/08/18
998,998,4673,川崎地質(株),東証STD,"4,850",-55,-1.12,900,2026/08/18
999,999,558A,(株)ＳＱＵＥＥＺＥ,東証GRT,"5,320",-60,-1.12,"28,200",2026/08/18
1000,1000,6196,(株)ストライクグループ,東証PRM,"1,329",-15,-1.12,"233,900",2026/08/18
1001,1001,6794,フォスター電機(株),東証PRM,"3,090",-35,-1.12,"142,400",2026/08/18
1002,1002,6914,オプテックスグループ(株),東証PRM,"3,540",-40,-1.12,"102,500",2026/08/18
1003,1003,7228,(株)デイトナ,東証STD,"3,975",-45,-1.12,"1,200",2026/08/18
1004,1004,7915,ＮＩＳＳＨＡ(株),東証PRM,"1,319",-15,-1.12,"272,900",2026/08/18
1005,1005,1305,iFreeETF TOPIX(年1回決算型),東証ETF,"4,355",-49,-1.11,"775,390",2026/08/18
1006,1006,1591,(NEXT FUNDS) JPX日経インデックス400,東証ETF,"37,540",-420,-1.11,382,2026/08/18
1007,1007,1593,MAXIS JPX日経インデックス400上場投信,東証ETF,"38,420",-430,-1.11,544,2026/08/18
1008,1008,1848,(株)富士ピー・エス,東証STD,711,-8,-1.11,"8,600",2026/08/18
1009,1009,205A,(株)ロゴスホールディングス,東証GRT,"1,690",-19,-1.11,"82,300",2026/08/18
1010,1010,2170,(株)リンクアンドモチベーション,東証PRM,623,-7,-1.11,"1,330,700",2026/08/18
1011,1011,2467,(株)ＶＬＣセキュリティ,名証NXT,178,-2,-1.11,"25,500",2026/08/18
1012,1012,3252,地主(株),東証PRM,"2,936",-33,-1.11,"135,900",2026/08/18
1013,1013,7264,(株)ムロコーポレーション,東証STD,"1,335",-15,-1.11,"3,900",2026/08/18
1014,1014,8150,三信電気(株),東証PRM,"3,125",-35,-1.11,"53,500",2026/08/18
1015,1015,1473,One ETF トピックス,東証ETF,"4,219",-47,-1.1,"2,890",2026/08/18
1016,1016,2587,サントリービバレッジ＆フード(株),東証PRM,"4,497",-50,-1.1,"831,000",2026/08/18
1017,1017,2631,MAXIS ナスダック100上場投信,東証ETF,"34,010",-380,-1.1,"35,022",2026/08/18
1018,1018,2641,GX グローバルリーダーズ-日本株式,東証ETF,"4,565",-51,-1.1,"2,874",2026/08/18
1019,1019,4415,(株)ブロードエンタープライズ,東証GRT,"1,353",-15,-1.1,"13,700",2026/08/18
1020,1020,4732,(株)ユー・エス・エス,東証PRM,"1,974",-22,-1.1,"910,600",2026/08/18
1021,1021,5530,日本システムバンク(株),名証MN,"1,080",-12,-1.1,"2,100",2026/08/18
1022,1022,6194,(株)アトラエ,東証PRM,899,-10,-1.1,"130,200",2026/08/18
1023,1023,6419,(株)マースグループホールディングス,東証PRM,"3,155",-35,-1.1,"97,100",2026/08/18
1024,1024,7944,ローランド(株),東証PRM,"4,035",-45,-1.1,"132,600",2026/08/18
1025,1025,9435,(株)光通信,東証PRM,"37,720",-420,-1.1,"101,400",2026/08/18
1026,1026,2083,(NEXT FUNDS) 日本成長株アクティブ,東証ETF,"4,066",-45,-1.09,"6,983",2026/08/18
1027,1027,6465,ホシザキ(株),東証PRM,"5,643",-62,-1.09,"285,400",2026/08/18
1028,1028,9201,日本航空(株),東証PRM,"2,996",-33,-1.09,"1,637,200",2026/08/18
1029,1029,9325,ファイズホールディングス(株),東証STD,"1,085",-12,-1.09,"9,900",2026/08/18
1030,1030,167A,リョーサン菱洋ホールディングス(株),東証PRM,"3,195",-35,-1.08,"122,100",2026/08/18
1031,1031,2410,(株)キャリアデザインセンター,東証PRM,"2,933",-32,-1.08,"24,700",2026/08/18
1032,1032,2916,仙波糖化工業(株),東証STD,736,-8,-1.08,"2,300",2026/08/18
1033,1033,3352,(株)バッファロー,東証STD,"1,748",-19,-1.08,"1,500",2026/08/18
1034,1034,6185,ＳＭＮ(株),東証STD,367,-4,-1.08,"8,700",2026/08/18
1035,1035,6993,大黒屋ホールディングス(株),東証STD,92,-1,-1.08,"1,971,800",2026/08/18
1036,1036,7102,日本車輌製造(株),東証PRM,"3,650",-40,-1.08,"48,400",2026/08/18
1037,1037,7615,(株)京都きもの友禅ホールディングス,東証STD,92,-1,-1.08,"118,000",2026/08/18
1038,1038,1417,(株)ミライト・ワン,東証PRM,"3,514",-38,-1.07,"287,600",2026/08/18
1039,1039,1493,One ETF JPX日経中小型,東証ETF,"25,985",-280,-1.07,171,2026/08/18
1040,1040,1545,(NEXT FUNDS)NASDAQ-100(H無)連動型上場投信,東証ETF,239.9,-2.6,-1.07,"4,326,830",2026/08/18
1041,1041,2585,(株)ライフドリンクカンパニー,東証PRM,"1,658",-18,-1.07,"867,900",2026/08/18
1042,1042,3937,(株)Ｕｂｉｃｏｍホールディングス,東証STD,"1,205",-13,-1.07,"79,700",2026/08/18
1043,1043,7050,(株)フロンティアインターナショナル,東証GRT,"1,382",-15,-1.07,"8,500",2026/08/18
1044,1044,8737,(株)あかつき本社,東証STD,650,-7,-1.07,"98,300",2026/08/18
1045,1045,2325,(株)ＮＪＳ,東証PRM,"4,680",-50,-1.06,"22,800",2026/08/18
1046,1046,2986,(株)ＬＡホールディングス,東証GRT,"2,802",-30,-1.06,"162,300",2026/08/18
1047,1047,3415,(株)ＴＯＫＹＯ　ＢＡＳＥ,東証PRM,375,-4,-1.06,"427,600",2026/08/18
1048,1048,4042,東ソー(株),東証PRM,"2,704",-29,-1.06,"689,700",2026/08/18
1049,1049,6099,(株)エラン,東証PRM,744,-8,-1.06,"111,100",2026/08/18
1050,1050,8117,中央自動車工業(株),東証STD,"2,143",-23,-1.06,"109,800",2026/08/18
1051,1051,9248,人・夢・技術グループ(株),東証STD,"1,682",-18,-1.06,"19,100",2026/08/18
1052,1052,2243,GX 半導体,東証ETF,"4,693",-50,-1.05,"310,149",2026/08/18
1053,1053,4414,(株)フレクト,東証GRT,"1,041",-11,-1.05,"36,700",2026/08/18
1054,1054,512A,GX ステーブルコイン&トークンビジネス(除く日本),東証ETF,"1,128",-12,-1.05,593,2026/08/18
1055,1055,7043,アルー(株),東証GRT,938,-10,-1.05,"2,600",2026/08/18
1056,1056,9064,ヤマトホールディングス(株),東証PRM,"1,927.5",-20.5,-1.05,"1,063,800",2026/08/18
1057,1057,1308,上場インデックスファンドTOPIX,東証ETF,"4,266",-45,-1.04,"80,768",2026/08/18
1058,1058,1654,iFreeETF FTSE JPX Blossom Japan Index,東証ETF,"3,340",-35,-1.04,10,2026/08/18
1059,1059,2220,亀田製菓(株),東証PRM,"1,331",-14,-1.04,"188,700",2026/08/18
1060,1060,4443,Ｓａｎｓａｎ(株),東証PRM,"1,992",-21,-1.04,"1,097,000",2026/08/18
1061,1061,6392,(株)ヤマダコーポレーション,東証STD,"7,630",-80,-1.04,300,2026/08/18
1062,1062,7885,タカノ(株),東証STD,"1,140",-12,-1.04,"10,700",2026/08/18
1063,1063,8076,(株)カノークス,東証STD,"2,088",-22,-1.04,"6,200",2026/08/18
1064,1064,9327,(株)イー・ロジット,東証STD,190,-2,-1.04,"5,400",2026/08/18
1065,1065,9793,(株)ダイセキ,東証PRM,"3,810",-40,-1.04,"85,400",2026/08/18
1066,1066,2248,iFreeETF S&P500(H有),東証ETF,"2,776",-29,-1.03,"60,239",2026/08/18
1067,1067,2524,NZAM 上場投信 TOPIX,東証ETF,"4,234",-44,-1.03,"24,995",2026/08/18
1068,1068,3467,アグレ都市デザイン(株),東証STD,"2,870",-30,-1.03,"4,000",2026/08/18
1069,1069,3934,(株)ベネフィットジャパン,東証STD,"2,296",-24,-1.03,"3,600",2026/08/18
1070,1070,5201,ＡＧＣ(株),東証PRM,"5,934",-62,-1.03,"1,272,800",2026/08/18
1071,1071,5816,オーナンバ(株),東証STD,"1,630",-17,-1.03,"11,300",2026/08/18
1072,1072,6400,不二精機(株),東証STD,289,-3,-1.03,"9,300",2026/08/18
1073,1073,9539,京葉瓦斯(株),東証STD,"1,349",-14,-1.03,"2,300",2026/08/18
1074,1074,1475,iシェアーズ・コア TOPIX ETF,東証ETF,425.6,-4.4,-1.02,"1,702,500",2026/08/18
1075,1075,1828,田辺工業(株),東証STD,"2,339",-24,-1.02,"8,500",2026/08/18
1076,1076,1911,住友林業(株),東証PRM,"1,315.5",-13.5,-1.02,"5,338,900",2026/08/18
1077,1077,2089,NZAM 上場投信 DAX(H有),東証ETF,"2,897",-30,-1.02,21,2026/08/18
1078,1078,3099,(株)三越伊勢丹ホールディングス,東証PRM,"3,494",-36,-1.02,"2,069,400",2026/08/18
1079,1079,4479,(株)マクアケ,東証GRT,874,-9,-1.02,"20,200",2026/08/18
1080,1080,478A,(株)フツパー,東証GRT,780,-8,-1.02,"24,400",2026/08/18
1081,1081,5590,(株)ネットスターズ,東証GRT,676,-7,-1.02,"126,000",2026/08/18
1082,1082,6501,(株)日立製作所,東証PRM,"5,514",-57,-1.02,"11,545,800",2026/08/18
1083,1083,6644,大崎電気工業(株),東証PRM,"1,558",-16,-1.02,"399,300",2026/08/18
1084,1084,7970,信越ポリマー(株),東証PRM,"2,326",-24,-1.02,"124,300",2026/08/18
1085,1085,2266,六甲バター(株),東証PRM,"1,075",-11,-1.01,"57,800",2026/08/18
1086,1086,3542,(株)ベガコーポレーション,東証GRT,"1,470",-15,-1.01,"24,700",2026/08/18
1087,1087,3733,(株)ソフトウェア・サービス,東証STD,"11,820",-120,-1.01,"15,900",2026/08/18
1088,1088,489A,東証REIT物流フォーカスETF,東証ETF,882,-9,-1.01,417,2026/08/18
1089,1089,6494,(株)ＮＦＫホールディングス,東証STD,98,-1,-1.01,"288,400",2026/08/18
1090,1090,6549,ディーエムソリューションズ(株),東証STD,"1,080",-11,-1.01,"23,100",2026/08/18
1091,1091,7068,フィードフォースグループ(株),東証GRT,587,-6,-1.01,"39,400",2026/08/18
1092,1092,8594,中道リース(株),札証,683,-7,-1.01,700,2026/08/18
1093,1093,8923,トーセイ(株),東証PRM,"1,772",-18,-1.01,"125,400",2026/08/18
1094,1094,178A,GX 革新的優良企業,東証ETF,"1,677",-17,-1.0,"2,619",2026/08/18
1095,1095,2922,(株)なとり,東証PRM,"1,985",-20,-1.0,"15,100",2026/08/18
1096,1096,3226,三井不動産アコモデーションファンド投資法人,東証,"118,700","-1,200",-1.0,"5,567",2026/08/18
1097,1097,3241,(株)ウィル,東証STD,596,-6,-1.0,"3,500",2026/08/18
1098,1098,4272,日本化薬(株),東証PRM,"2,119.5",-21.5,-1.0,"292,100",2026/08/18
1099,1099,5121,藤倉コンポジット(株),東証PRM,"2,773",-28,-1.0,"65,600",2026/08/18
1100,1100,6335,(株)東京機械製作所,東証STD,592,-6,-1.0,"53,700",2026/08/18
1101,1101,6378,木村化工機(株),東証STD,"1,293",-13,-1.0,"105,500",2026/08/18
1102,1102,6748,星和電機(株),東証STD,795,-8,-1.0,"10,500",2026/08/18
1103,1103,2527,NZAM 上場投信 東証REIT Core指数,東証ETF,"1,101",-11,-0.99,"11,664",2026/08/18
1104,1104,2634,(NEXT FUNDS) S&P500(H有)連動型上場投信,東証ETF,"3,192",-32,-0.99,"50,962",2026/08/18
1105,1105,367A,プリモグローバルホールディングス(株),東証STD,"2,809",-28,-0.99,"32,600",2026/08/18
1106,1106,4078,堺化学工業(株),東証PRM,"3,990",-40,-0.99,"190,800",2026/08/18
1107,1107,4401,(株)ＡＤＥＫＡ,東証PRM,"4,692",-47,-0.99,"297,800",2026/08/18
1108,1108,5356,美濃窯業(株),東証STD,"1,296",-13,-0.99,"2,100",2026/08/18
1109,1109,6063,日本エマージェンシーアシスタンス(株),東証STD,"1,001",-10,-0.99,"1,400",2026/08/18
1110,1110,6457,グローリー(株),東証PRM,"4,822",-48,-0.99,"199,300",2026/08/18
1111,1111,7120,(株)ＳＨＩＮＫＯ,東証STD,996,-10,-0.99,"15,600",2026/08/18
1112,1112,7883,サンメッセ(株),東証STD,401,-4,-0.99,"2,100",2026/08/18
1113,1113,5013,(株)ユシロ,東証STD,"3,040",-30,-0.98,"27,300",2026/08/18
1114,1114,5204,石塚硝子(株),東証STD,"3,040",-30,-0.98,"3,100",2026/08/18
1115,1115,6623,愛知電機(株),名証PRM,"9,120",-90,-0.98,"6,400",2026/08/18
1116,1116,9159,(株)Ｗ　ＴＯＫＹＯ,東証GRT,"1,818",-18,-0.98,"5,100",2026/08/18
1117,1117,1623,(NEXT FUNDS)鉄鋼･非鉄上場投信,東証ETF,"69,490",-680,-0.97,"4,716",2026/08/18
1118,1118,2037,NEXT NOTES 金先物 ベア ETN,東証ETF,"1,230",-12,-0.97,"1,311",2026/08/18
1119,1119,2477,手間いらず(株),東証STD,"3,055",-30,-0.97,"19,900",2026/08/18
1120,1120,2501,サッポロビール(株),東証PRM,"1,933",-19,-0.97,"1,669,500",2026/08/18
1121,1121,2840,iFreeETF NASDAQ100(H無),東証ETF,"2,743",-27,-0.97,"77,695",2026/08/18
1122,1122,313A,iシェアーズ S&P500 トップ20 ETF,東証ETF,264.7,-2.6,-0.97,"82,170",2026/08/18
1123,1123,3611,(株)マツオカコーポレーション,東証STD,"2,451",-24,-0.97,"18,000",2026/08/18
1124,1124,5820,(株)三ッ星,東証STD,817,-8,-0.97,"26,900",2026/08/18
1125,1125,6486,イーグル工業(株),東証PRM,"3,050",-30,-0.97,"44,100",2026/08/18
1126,1126,7453,(株)良品計画,東証PRM,"4,303",-42,-0.97,"2,247,700",2026/08/18
1127,1127,7649,スギホールディングス(株),東証PRM,"2,709",-26.5,-0.97,"1,589,500",2026/08/18
1128,1128,7850,総合商研(株),東証STD,815,-8,-0.97,"1,200",2026/08/18
1129,1129,137A,Ｃｏｃｏｌｉｖｅ(株),東証GRT,724,-7,-0.96,600,2026/08/18
1130,1130,2304,(株)ＣＳＳホールディングス,東証STD,925,-9,-0.96,"2,500",2026/08/18
1131,1131,3036,アルコニックス(株),東証PRM,"3,615",-35,-0.96,"106,600",2026/08/18
1132,1132,4613,関西ペイント(株),東証PRM,"2,896.5",-28,-0.96,"578,000",2026/08/18
1133,1133,6951,日本電子(株),東証PRM,"7,354",-71,-0.96,"643,200",2026/08/18
1134,1134,8977,阪急阪神リート投資法人,東証,"134,800","-1,300",-0.96,"1,186",2026/08/18
1135,1135,9908,Ｄｅｎｋｅｉ,東証STD,"2,695",-26,-0.96,"8,400",2026/08/18
1136,1136,1483,iシェアーズ JPX/S&P 設備･人材投資ETF,東証ETF,"3,842",-37,-0.95,1,2026/08/18
1137,1137,2563,iシェアーズ S&P500 米国株 ETF(H有),東証ETF,407.7,-3.9,-0.95,"1,432,080",2026/08/18
1138,1138,4249,森六(株),東証PRM,"2,928",-28,-0.95,"28,600",2026/08/18
1139,1139,5444,大和工業(株),東証PRM,"13,040",-125,-0.95,"118,700",2026/08/18
1140,1140,6390,(株)加藤製作所,東証PRM,"1,356",-13,-0.95,"53,700",2026/08/18
1141,1141,6908,イリソ電子工業(株),東証PRM,"2,814",-27,-0.95,"82,000",2026/08/18
1142,1142,8975,いちごオフィスリート投資法人,東証,"94,000",-900,-0.95,"2,372",2026/08/18
1143,1143,9984,ソフトバンクグループ(株),東証PRM,"5,830",-56,-0.95,"53,888,100",2026/08/18
1144,1144,231A,Ｃｒｏｓｓ　Ｅホールディングス(株),福岡Q,"1,056",-10,-0.94,800,2026/08/18
1145,1145,283A,GX USテック・配当貴族,東証ETF,"1,373",-13,-0.94,"36,092",2026/08/18
1146,1146,3237,(株)イントランス,東証GRT,105,-1,-0.94,"296,700",2026/08/18
1147,1147,4598,Ｄｅｌｔａ－Ｆｌｙ　Ｐｈａｒｍａ(株),東証GRT,105,-1,-0.94,"70,400",2026/08/18
1148,1148,608A,上場インデックスファンド東証REIT高利回り30,東証ETF,"1,481",-14,-0.94,"11,613",2026/08/18
1149,1149,7942,(株)ＪＳＰ,東証PRM,"3,160",-30,-0.94,"69,900",2026/08/18
1150,1150,8012,長瀬産業(株),東証PRM,"1,218",-11.5,-0.94,"949,500",2026/08/18
1151,1151,9213,(株)セイファート,東証STD,"1,050",-10,-0.94,300,2026/08/18
1152,1152,9478,ＳＥホールディングス・アンド・インキュベーションズ(株),東証STD,528,-5,-0.94,"9,300",2026/08/18
1153,1153,9557,(株)エアークローゼット,東証GRT,210,-2,-0.94,"14,500",2026/08/18
1154,1154,201A,iシェアーズ Nifty 50 インド株 ETF,東証ETF,181.7,-1.7,-0.93,"66,670",2026/08/18
1155,1155,2667,(株)イメージ　ワン,東証STD,106,-1,-0.93,"63,500",2026/08/18
1156,1156,5939,(株)大谷工業,東証STD,"4,805",-45,-0.93,200,2026/08/18
1157,1157,7272,ヤマハ発動機(株),東証PRM,"1,918.5",-18,-0.93,"5,719,900",2026/08/18
1158,1158,7716,(株)ナカニシ,東証STD,"3,185",-30,-0.93,"276,800",2026/08/18
1159,1159,9285,東京インフラ・エネルギー投資法人,東証,"42,650",-400,-0.93,669,2026/08/18
1160,1160,9679,ホウライ(株),東証STD,"2,338",-22,-0.93,700,2026/08/18
1161,1161,170A,SMT ETF日本好配当株アクティブ,東証ETF,"3,140",-29,-0.92,202,2026/08/18
1162,1162,2163,(株)アルトナー,東証PRM,967,-9,-0.92,"24,500",2026/08/18
1163,1163,2630,MAXIS 米国株式(S&P500)上場投信(H有),東証ETF,"16,190",-150,-0.92,"1,467",2026/08/18
1164,1164,2790,(株)ナフコ,東証STD,"2,158",-20,-0.92,"5,600",2026/08/18
1165,1165,4255,ＴＨＥＣＯＯ(株),東証GRT,"3,760",-35,-0.92,"49,100",2026/08/18
1166,1166,450A,ステート・ストリート・スパイダー S&P500 ETF(H有),東証ETF,793.4,-7.4,-0.92,"102,980",2026/08/18
1167,1167,6929,日本セラミック(株),東証PRM,"3,760",-35,-0.92,"96,200",2026/08/18
1168,1168,7425,初穂商事(株),東証STD,"1,179",-11,-0.92,"2,500",2026/08/18
1169,1169,7599,(株)ＩＤＯＭ,東証PRM,"1,290",-12,-0.92,"1,032,000",2026/08/18
1170,1170,7901,(株)マツモト,東証STD,862,-8,-0.92,"8,000",2026/08/18
1171,1171,1799,第一建設工業(株),東証STD,"3,255",-30,-0.91,"12,400",2026/08/18
1172,1172,1826,佐田建設(株),東証STD,"1,091",-10,-0.91,"4,800",2026/08/18
1173,1173,2334,(株)イオレ,東証GRT,547,-5,-0.91,"1,316,400",2026/08/18
1174,1174,2436,共同ピーアール(株),東証STD,650,-6,-0.91,"40,200",2026/08/18
1175,1175,2882,(株)イートアンドホールディングス,東証PRM,"2,068",-19,-0.91,"24,000",2026/08/18
1176,1176,352A,(株)ＬＯＩＶＥ,東証GRT,546,-5,-0.91,"3,500",2026/08/18
1177,1177,353A,エレベーターコミュニケーションズ(株),福証,"1,531",-14,-0.91,100,2026/08/18
1178,1178,3550,(株)スタジオアタオ,東証GRT,218,-2,-0.91,"2,500",2026/08/18
1179,1179,3791,(株)ＩＧポート,東証STD,"1,088",-10,-0.91,"64,900",2026/08/18
1180,1180,4256,(株)サインド,東証GRT,980,-9,-0.91,"5,600",2026/08/18
1181,1181,5603,虹技(株),東証STD,"1,312",-12,-0.91,"3,200",2026/08/18
1182,1182,6428,(株)オーイズミ,東証STD,326,-3,-0.91,"16,200",2026/08/18
1183,1183,6647,森尾電機(株),東証STD,"3,250",-30,-0.91,"2,100",2026/08/18
1184,1184,7570,橋本総業ホールディングス(株),東証STD,"1,421",-13,-0.91,"7,000",2026/08/18
1185,1185,8591,オリックス(株),東証PRM,"6,295",-58,-0.91,"3,021,600",2026/08/18
1186,1186,9160,(株)オンザページ,東証STD,328,-3,-0.91,"51,800",2026/08/18
1187,1187,1554,上場インデックス世界株式(MSCI ACWI)除く日本,東証ETF,"6,910",-63,-0.9,"1,638",2026/08/18
1188,1188,1698,上場インデックスファンド日本高配当,東証ETF,"4,390",-40,-0.9,"7,145",2026/08/18
1189,1189,2086,NZAM 上場投信 S&P500(H有),東証ETF,"3,075",-28,-0.9,"9,340",2026/08/18
1190,1190,211A,(株)カドス・コーポレーション,東証STD,"3,315",-30,-0.9,"2,200",2026/08/18
1191,1191,4394,(株)エクスモーション,東証GRT,550,-5,-0.9,"9,500",2026/08/18
1192,1192,5034,(株)ｕｎｅｒｒｙ,東証GRT,"2,096",-19,-0.9,"17,700",2026/08/18
1193,1193,564A,GX S&P先進国キャッシュフロー・トップ100,東証ETF,"1,105",-10,-0.9,360,2026/08/18
1194,1194,579A,GX 銀ビジネス,東証ETF,995,-9,-0.9,"3,425",2026/08/18
1195,1195,5989,(株)エイチワン,東証PRM,"1,538",-14,-0.9,"149,100",2026/08/18
1196,1196,6744,能美防災(株),東証PRM,"4,410",-40,-0.9,"90,900",2026/08/18
1197,1197,7265,エイケン工業(株),東証STD,"3,870",-35,-0.9,900,2026/08/18
1198,1198,7444,ハリマ共和物産(株),東証STD,"1,975",-18,-0.9,900,2026/08/18
1199,1199,8237,(株)松屋,東証PRM,"1,985",-18,-0.9,"233,100",2026/08/18
1200,1200,9876,(株)コックス,東証STD,219,-2,-0.9,"5,800",2026/08/18
1201,1201,1620,(NEXT FUNDS)素材･化学上場投信,東証ETF,"37,850",-340,-0.89,124,2026/08/18
1202,1202,3560,(株)ほぼ日,東証STD,"4,450",-40,-0.89,"1,000",2026/08/18
1203,1203,4592,サンバイオ(株),東証GRT,"1,004",-9,-0.89,"602,800",2026/08/18
1204,1204,4612,日本ペイントホールディングス(株),東証PRM,"1,225",-11,-0.89,"3,904,000",2026/08/18
1205,1205,547A,ムニノバホールディングス(株),東証PRM,447,-4,-0.89,"1,229,600",2026/08/18
1206,1206,5714,ＤＯＷＡホールディングス(株),東証PRM,"9,544",-86,-0.89,"418,800",2026/08/18
1207,1207,6176,(株)ブランジスタ,東証STD,998,-9,-0.89,"198,500",2026/08/18
1208,1208,6458,新晃工業(株),東証PRM,"1,225",-11,-0.89,"231,000",2026/08/18
1209,1209,7613,シークス(株),東証PRM,"1,661",-15,-0.89,"217,600",2026/08/18
1210,1210,3166,ＯＣＨＩホールディングス(株),東証STD,"1,461",-13,-0.88,"2,000",2026/08/18
1211,1211,3512,日本フエルト(株),東証STD,"1,019",-9,-0.88,"4,700",2026/08/18
1212,1212,4188,三菱ケミカルグループ(株),東証PRM,"1,183.5",-10.5,-0.88,"3,886,400",2026/08/18
1213,1213,5031,モイ(株),東証GRT,338,-3,-0.88,"16,900",2026/08/18
1214,1214,6894,パルステック工業(株),東証STD,"2,131",-19,-0.88,600,2026/08/18
1215,1215,275A,ハンワホームズ(株),名証NXT,341,-3,-0.87,100,2026/08/18
1216,1216,3452,(株)ビーロット,東証STD,"1,481",-13,-0.87,"44,100",2026/08/18
1217,1217,360A,東証REIT Core ETF,東証ETF,"1,085",-9.5,-0.87,110,2026/08/18
1218,1218,4193,(株)ファブリカホールディングス,東証STD,"2,171",-19,-0.87,"9,400",2026/08/18
1219,1219,541A,One ETF TOPIX高配当株グロース指数,東証ETF,"1,135",-10,-0.87,430,2026/08/18
1220,1220,5580,(株)プロディライト,東証GRT,"1,705",-15,-0.87,"1,200",2026/08/18
1221,1221,6775,(株)ＴＢグループ,東証STD,114,-1,-0.87,"76,500",2026/08/18
1222,1222,7963,興研(株),東証STD,"1,815",-16,-0.87,"3,400",2026/08/18
1223,1223,9162,(株)ブリーチ,東証GRT,229,-2,-0.87,"8,300",2026/08/18
1224,1224,2081,政策保有解消推進ETF,東証ETF,"2,191",-19,-0.86,500,2026/08/18
1225,1225,2411,ゲンダイエージェンシー(株),東証STD,461,-4,-0.86,"11,900",2026/08/18
1226,1226,2514,(NEXT FUNDS)外国株式･MSCI-KOKUSAI(H有),東証ETF,"2,065",-18,-0.86,"5,261",2026/08/18
1227,1227,2526,NZAM 上場投信 JPX日経400,東証ETF,"37,960",-330,-0.86,6,2026/08/18
1228,1228,3524,日東製網(株),東証STD,"1,494",-13,-0.86,"3,100",2026/08/18
1229,1229,3923,(株)ラクス,東証PRM,"1,090.5",-9.5,-0.86,"2,160,100",2026/08/18
1230,1230,4076,(株)シイエヌエス,東証GRT,"1,970",-17,-0.86,"1,800",2026/08/18
1231,1231,7039,ブリッジインターナショナルグループ(株),東証GRT,"1,380",-12,-0.86,"73,400",2026/08/18
1232,1232,7187,ジェイリース(株),東証PRM,"1,378",-12,-0.86,"40,800",2026/08/18
1233,1233,8957,東急リアル・エステート投資法人,東証,"183,500","-1,600",-0.86,"1,650",2026/08/18
1234,1234,8972,KDX不動産投資法人,東証,"150,100","-1,300",-0.86,"8,565",2026/08/18
1235,1235,9143,ＳＧホールディングス(株),東証PRM,"1,617.5",-14,-0.86,"1,194,500",2026/08/18
1236,1236,9278,ブックオフグループホールディングス(株),東証PRM,"2,767",-24,-0.86,"149,800",2026/08/18
1237,1237,1626,(NEXT FUNDS)情報通信･サービス上場投信,東証ETF,"47,750",-410,-0.85,205,2026/08/18
1238,1238,242A,(株)リプライオリティ,福岡Q,580,-5,-0.85,500,2026/08/18
1239,1239,3492,MIRARTH不動産投資法人,東証,"81,500",-700,-0.85,"7,578",2026/08/18
1240,1240,3908,(株)コラボス,東証STD,349,-3,-0.85,"2,600",2026/08/18
1241,1241,5388,クニミネ工業(株),東証STD,"1,282",-11,-0.85,"1,900",2026/08/18
1242,1242,8013,(株)ナイガイ,東証STD,349,-3,-0.85,"12,900",2026/08/18
1243,1243,8137,サンワテクノス(株),東証PRM,"4,100",-35,-0.85,"68,000",2026/08/18
1244,1244,8511,日本証券金融(株),東証PRM,"2,455",-21,-0.85,"144,400",2026/08/18
1245,1245,9037,(株)ハマキョウレックス,東証PRM,"1,857",-16,-0.85,"90,200",2026/08/18
1246,1246,9364,(株)上組,東証PRM,"4,887",-42,-0.85,"284,800",2026/08/18
1247,1247,9976,(株)セキチュー,東証STD,"1,054",-9,-0.85,"1,000",2026/08/18
1248,1248,2855,GX グリーン・J-REIT,東証ETF,949,-8,-0.84,"1,782",2026/08/18
1249,1249,3929,ソーシャルワイヤー(株),東証GRT,236,-2,-0.84,"43,500",2026/08/18
1250,1250,4308,(株)Ｊストリーム,東証GRT,353,-3,-0.84,"19,700",2026/08/18
1251,1251,4716,日本オラクル(株),東証STD,"9,083",-77,-0.84,"198,200",2026/08/18
1252,1252,6560,(株)エル・ティー・エス,東証PRM,"1,654",-14,-0.84,"60,300",2026/08/18
1253,1253,7202,いすゞ自動車(株),東証PRM,"2,241.5",-19,-0.84,"1,761,400",2026/08/18
1254,1254,7447,ナガイレーベン(株),東証PRM,"1,770",-15,-0.84,"139,300",2026/08/18
1255,1255,7776,(株)セルシード,東証GRT,236,-2,-0.84,"116,200",2026/08/18
1256,1256,7917,ＺＡＣＲＯＳ(株),東証PRM,"1,300",-11,-0.84,"107,500",2026/08/18
1257,1257,8142,(株)トーホー,東証PRM,"1,410",-12,-0.84,"115,200",2026/08/18
1258,1258,9698,(株)クレオ,東証STD,"1,295",-11,-0.84,"6,700",2026/08/18
1259,1259,9763,丸建リース(株),東証STD,"1,305",-11,-0.84,"8,900",2026/08/18
1260,1260,9872,北恵(株),東証STD,948,-8,-0.84,"3,600",2026/08/18
1261,1261,1348,MAXIS トピックス上場投信,東証ETF,"4,309",-36,-0.83,"19,457",2026/08/18
1262,1262,2206,江崎グリコ(株),東証PRM,"5,108",-43,-0.83,"186,600",2026/08/18
1263,1263,3955,(株)イムラ,東証STD,839,-7,-0.83,"2,500",2026/08/18
1264,1264,4251,恵和(株),東証PRM,"1,190",-10,-0.83,"208,700",2026/08/18
1265,1265,4531,有機合成薬品工業(株),東証STD,360,-3,-0.83,"54,300",2026/08/18
1266,1266,6059,(株)ウチヤマホールディングス,東証STD,357,-3,-0.83,"1,600",2026/08/18
1267,1267,7356,Ｒｅｔｔｙ(株),東証GRT,119,-1,-0.83,"10,200",2026/08/18
1268,1268,8986,大和証券リビング投資法人,東証,"95,300",-800,-0.83,"3,556",2026/08/18
1269,1269,9760,(株)進学会ホールディングス,東証STD,120,-1,-0.83,"9,900",2026/08/18
1270,1270,1658,iシェアーズ･コア MSCI 新興国株 ETF,東証ETF,"4,344",-36,-0.82,"2,457",2026/08/18
1271,1271,2216,カンロ(株),東証STD,"1,085",-9,-0.82,"68,800",2026/08/18
1272,1272,2332,(株)クエスト,東証STD,"1,690",-14,-0.82,"18,000",2026/08/18
1273,1273,2479,(株)ジェイテック,東証STD,242,-2,-0.82,"47,100",2026/08/18
1274,1274,3607,(株)クラウディアホールディングス,東証STD,365,-3,-0.82,"21,500",2026/08/18
1275,1275,4388,(株)エーアイ,東証STD,362,-3,-0.82,"2,800",2026/08/18
1276,1276,4720,(株)城南進学研究社,東証STD,242,-2,-0.82,"1,700",2026/08/18
1277,1277,5574,(株)ＡＢＥＪＡ,東証GRT,"2,903",-24,-0.82,"78,300",2026/08/18
1278,1278,5967,ＴＯＮＥ(株),東証STD,485,-4,-0.82,"4,600",2026/08/18
1279,1279,6927,ヘリオス　テクノ　ホールディング(株),東証STD,965,-8,-0.82,"35,800",2026/08/18
1280,1280,7309,(株)シマノ,東証PRM,"19,370",-160,-0.82,"170,200",2026/08/18
1281,1281,9353,櫻島埠頭(株),東証STD,"2,900",-24,-0.82,500,2026/08/18
1282,1282,9932,杉本商事(株),東証PRM,"1,323",-11,-0.82,"41,100",2026/08/18
1283,1283,2222,寿スピリッツ(株),東証PRM,"2,682",-22,-0.81,"387,600",2026/08/18
1284,1284,2528,iFreeETF 東証REIT Core指数,東証ETF,"1,098",-9,-0.81,"8,627",2026/08/18
1285,1285,2871,(株)ニチレイ,東証PRM,"2,141.5",-17.5,-0.81,"1,267,600",2026/08/18
1286,1286,291A,(株)リスキル,東証GRT,"1,955",-16,-0.81,"3,500",2026/08/18
1287,1287,3622,ネットイヤーグループ(株),東証STD,487,-4,-0.81,"2,300",2026/08/18
1288,1288,5599,Ｓ＆Ｊ(株),東証GRT,978,-8,-0.81,"29,400",2026/08/18
1289,1289,6049,(株)イトクロ,東証GRT,244,-2,-0.81,"4,800",2026/08/18
1290,1290,7247,(株)ミクニ,東証STD,367,-3,-0.81,"33,100",2026/08/18
1291,1291,7844,(株)マーベラス,東証PRM,489,-4,-0.81,"176,000",2026/08/18
1292,1292,8267,イオン(株),東証PRM,"1,351.5",-11,-0.81,"11,253,000",2026/08/18
1293,1293,1597,MAXIS Jリート上場投信,東証ETF,"1,864",-15,-0.8,"105,943",2026/08/18
1294,1294,2255,iシェアーズ 米国債20年超,東証ETF,198.3,-1.6,-0.8,"413,960",2026/08/18
1295,1295,3150,(株)グリムス,東証PRM,"2,490",-20,-0.8,"49,900",2026/08/18
1296,1296,3683,(株)サイバーリンクス,東証STD,"1,113",-9,-0.8,"31,900",2026/08/18
1297,1297,4196,(株)ネオマーケティング,東証STD,"1,993",-16,-0.8,"16,600",2026/08/18
1298,1298,5284,ヤマウホールディングス(株),東証STD,"2,242",-18,-0.8,"2,200",2026/08/18
1299,1299,6158,(株)和井田製作所,東証STD,990,-8,-0.8,"4,100",2026/08/18
1300,1300,8584,(株)ジャックス,東証PRM,"3,720",-30,-0.8,"146,100",2026/08/18
1301,1301,8908,(株)毎日コムネット,東証STD,868,-7,-0.8,"3,700",2026/08/18
1302,1302,9034,南総通運(株),東証STD,"1,612",-13,-0.8,"10,200",2026/08/18
1303,1303,9330,(株)揚羽,東証GRT,863,-7,-0.8,"1,400",2026/08/18
1304,1304,9697,(株)カプコン,東証PRM,"4,105",-33,-0.8,"1,832,200",2026/08/18
1305,1305,9820,エムティジェネックス(株),東証STD,"3,725",-30,-0.8,400,2026/08/18
1306,1306,160A,(株)アズパートナーズ,東証STD,"2,021",-16,-0.79,"28,500",2026/08/18
1307,1307,2999,ホームポジション(株),東証STD,629,-5,-0.79,"14,500",2026/08/18
1308,1308,3566,ユニフォームネクスト(株),東証GRT,754,-6,-0.79,"6,500",2026/08/18
1309,1309,4624,イサム塗料(株),東証STD,"3,765",-30,-0.79,"1,200",2026/08/18
1310,1310,6395,(株)タダノ,東証PRM,"1,390",-11,-0.79,"306,600",2026/08/18
1311,1311,7192,日本モーゲージサービス(株),東証STD,630,-5,-0.79,"16,900",2026/08/18
1312,1312,7219,(株)エッチ・ケー・エス,東証STD,"2,645",-21,-0.79,"1,700",2026/08/18
1313,1313,9074,日本石油輸送(株),東証STD,"5,050",-40,-0.79,900,2026/08/18
1314,1314,9193,東京汽船(株),東証STD,883,-7,-0.79,"17,400",2026/08/18
1315,1315,1676,WisdomTree 貴金属バスケット上場投信,東証ETF,"43,000",-340,-0.78,23,2026/08/18
1316,1316,1941,(株)中電工,東証PRM,"5,120",-40,-0.78,"87,100",2026/08/18
1317,1317,2045,NEXT NOTES S&P シンガポール リート(NR)ETN,東証ETF,"20,430",-160,-0.78,1,2026/08/18
1318,1318,2342,(株)トランスジェニックグループ,東証STD,255,-2,-0.78,"110,100",2026/08/18
1319,1319,2556,One ETF 東証REIT指数,東証ETF,"1,850.5",-14.5,-0.78,"15,980",2026/08/18
1320,1320,2565,GX ロジスティクス・J-REIT,東証ETF,896,-7,-0.78,"45,902",2026/08/18
1321,1321,3140,ＢＲＵＮＯ(株),東証GRT,"1,020",-8,-0.78,"12,600",2026/08/18
1322,1322,3387,(株)クリエイト・レストランツ・ホールディングス,東証PRM,767,-6,-0.78,"1,698,100",2026/08/18
1323,1323,3490,(株)アズ企画設計,東証STD,"3,160",-25,-0.78,"1,500",2026/08/18
1324,1324,498A,防衛・航空宇宙 欧州株(ネットリターン)ETN,東証ETF,"10,185",-80,-0.78,550,2026/08/18
1325,1325,5884,(株)クラダシ,東証GRT,638,-5,-0.78,"25,400",2026/08/18
1326,1326,7013,(株)ＩＨＩ,東証PRM,"2,987.5",-23.5,-0.78,"9,797,900",2026/08/18
1327,1327,7604,(株)梅の花グループ,東証STD,890,-7,-0.78,"5,800",2026/08/18
1328,1328,8057,(株)内田洋行,東証PRM,"2,150",-17,-0.78,"96,200",2026/08/18
1329,1329,92015,日本航空（株）第１回社債型種類株式,東証PRM,"10,220",-80,-0.78,"4,000",2026/08/18
1330,1330,9474,(株)ゼンリン,東証PRM,886,-7,-0.78,"171,000",2026/08/18
1331,1331,1653,iFreeETF MSCIジャパンESGセレクト･リーダーズ,東証ETF,"5,252",-41,-0.77,10,2026/08/18
1332,1332,1663,Ｋ＆Ｏエナジーグループ(株),東証PRM,"1,930",-15,-0.77,"173,700",2026/08/18
1333,1333,3556,リネットジャパングループ(株),東証GRT,907,-7,-0.77,"87,900",2026/08/18
1334,1334,3626,ＴＩＳＩ(株),東証PRM,"3,716",-29,-0.77,"583,600",2026/08/18
1335,1335,3678,(株)メディアドゥ,東証PRM,"1,285",-10,-0.77,"38,700",2026/08/18
1336,1336,4026,神島化学工業(株),東証STD,"1,669",-13,-0.77,"44,900",2026/08/18
1337,1337,4409,東邦化学工業(株),東証STD,769,-6,-0.77,"5,500",2026/08/18
1338,1338,4932,(株)アルマード,東証STD,770,-6,-0.77,"14,100",2026/08/18
1339,1339,513A,GX 防衛テック-日本株式,東証ETF,898,-7,-0.77,"150,155",2026/08/18
1340,1340,5334,日本特殊陶業(株),東証PRM,"9,526",-74,-0.77,"836,000",2026/08/18
1341,1341,5986,モリテック　スチール(株),東証STD,257,-2,-0.77,"49,600",2026/08/18
1342,1342,6031,ＺＥＴＡ(株),東証GRT,257,-2,-0.77,"13,700",2026/08/18
1343,1343,7822,永大産業(株),東証STD,257,-2,-0.77,"40,000",2026/08/18
1344,1344,8956,NTT都市開発リート投資法人,東証,"129,700","-1,000",-0.77,"3,436",2026/08/18
1345,1345,2321,(株)ソフトフロントホールディングス,東証GRT,130,-1,-0.76,"54,200",2026/08/18
1346,1346,356A,GX S&P500 キャッシュフロー・トップ100,東証ETF,"1,567",-12,-0.76,"3,135",2026/08/18
1347,1347,4386,(株)ＳＩＧグループ,東証STD,909,-7,-0.76,"3,100",2026/08/18
1348,1348,4595,(株)ミズホメディー,東証STD,"1,695",-13,-0.76,"99,400",2026/08/18
1349,1349,6233,ＫＬＡＳＳ(株),東証STD,392,-3,-0.76,"3,200",2026/08/18
1350,1350,7864,(株)フジシールインターナショナル,東証PRM,"3,255",-25,-0.76,"92,200",2026/08/18
1351,1351,7937,(株)ツツミ,東証STD,"2,595",-20,-0.76,"18,300",2026/08/18
1352,1352,1429,(株)日本アクア,東証PRM,793,-6,-0.75,"47,900",2026/08/18
1353,1353,2095,GX S&P500配当貴族 (H有),東証ETF,"1,188",-9,-0.75,120,2026/08/18
1354,1354,2520,(NEXT FUNDS)新興国株式･MSCI EM･(H無),東証ETF,"2,369",-18,-0.75,"9,053",2026/08/18
1355,1355,2860,(NEXT FUNDS) ドイツ株式・DAX(H有),東証ETF,"3,304",-25,-0.75,"2,694",2026/08/18
1356,1356,3292,イオンリート投資法人,東証,"119,600",-900,-0.75,"6,692",2026/08/18
1357,1357,3481,三菱地所物流リート投資法人,東証,"119,100",-900,-0.75,"3,614",2026/08/18
1358,1358,4440,(株)ヴィッツ,東証STD,"1,184",-9,-0.75,"6,900",2026/08/18
1359,1359,9319,(株)中央倉庫,東証PRM,"1,849",-14,-0.75,"19,400",2026/08/18
1360,1360,1518,三井松島ホールディングス(株),東証PRM,"2,293",-17,-0.74,"389,200",2026/08/18
1361,1361,1811,(株)錢高組,東証STD,"8,050",-60,-0.74,"1,700",2026/08/18
1362,1362,182A,MAXIS 米国国債20年超上場投信(H無),東証ETF,481.7,-3.6,-0.74,"20,260",2026/08/18
1363,1363,6677,(株)エスケーエレクトロニクス,東証STD,"3,355",-25,-0.74,"82,700",2026/08/18
1364,1364,7481,尾家産業(株),東証STD,"2,559",-19,-0.74,"2,000",2026/08/18
1365,1365,1802,(株)大林組,東証PRM,"3,012",-22,-0.73,"1,631,700",2026/08/18
1366,1366,1847,(株)イチケン,東証STD,"3,405",-25,-0.73,"19,200",2026/08/18
1367,1367,1887,日本国土開発(株),東証PRM,545,-4,-0.73,"459,100",2026/08/18
1368,1368,2245,(NEXT FUNDS) ブルームバーグ 独国債(7-10年)(H有),東証ETF,702.5,-5.2,-0.73,320,2026/08/18
1369,1369,2642,SMT ETFカーボン・エフィシェント日本株,東証ETF,"54,510",-400,-0.73,1,2026/08/18
1370,1370,3382,(株)セブン＆アイ・ホールディングス,東証PRM,"2,031.5",-15,-0.73,"6,780,000",2026/08/18
1371,1371,4412,(株)サイエンスアーツ,東証GRT,"1,222",-9,-0.73,"10,000",2026/08/18
1372,1372,5078,(株)セレコーポレーション,東証STD,"4,735",-35,-0.73,200,2026/08/18
1373,1373,533A,NZAM 上場投信 S&P500(H無),東証ETF,"2,313",-17,-0.73,21,2026/08/18
1374,1374,585A,日本バリュー・ボトムアップ株式投資戦略,東証ETF,"1,092",-8,-0.73,310,2026/08/18
1375,1375,6222,(株)島精機製作所,東証PRM,946,-7,-0.73,"96,700",2026/08/18
1376,1376,6262,(株)ＰＥＧＡＳＵＳ,東証STD,542,-4,-0.73,"28,700",2026/08/18
1377,1377,8968,福岡リート投資法人,東証,"176,700","-1,300",-0.73,"1,275",2026/08/18
1378,1378,9168,(株)ライズ・コンサルティング・グループ,東証GRT,406,-3,-0.73,"78,600",2026/08/18
1379,1379,9245,(株)リベロ,東証GRT,"2,032",-15,-0.73,"3,500",2026/08/18
1380,1380,1680,上場インデックスファンド海外先進国株式,東証ETF,"8,470",-61,-0.72,"1,147",2026/08/18
1381,1381,1850,南海辰村建設(株),東証STD,413,-3,-0.72,"31,800",2026/08/18
1382,1382,2502,アサヒグループホールディングス(株),東証PRM,"1,649",-12,-0.72,"7,858,800",2026/08/18
1383,1383,2552,上場Ｊリート(東証REIT指数)隔月分配(ミニ),東証ETF,"1,931",-14,-0.72,"1,353",2026/08/18
1384,1384,2559,MAXIS 全世界株式(オール・カントリー)上場投信,東証ETF,"3,025",-22,-0.72,"304,231",2026/08/18
1385,1385,272A,(株)グリーンクロスホールディングス,福証,"1,380",-10,-0.72,100,2026/08/18
1386,1386,2991,(株)ランドネット,東証STD,550,-4,-0.72,"25,100",2026/08/18
1387,1387,3082,(株)きちりホールディングス,東証STD,966,-7,-0.72,"4,800",2026/08/18
1388,1388,3665,(株)エニグモ,東証PRM,413,-3,-0.72,"80,400",2026/08/18
1389,1389,4235,ウルトラファブリックス・ホールディングス(株),東証STD,690,-5,-0.72,"15,600",2026/08/18
1390,1390,8051,(株)山善,東証PRM,"1,919",-14,-0.72,"126,100",2026/08/18
1391,1391,8103,明和産業(株),東証PRM,959,-7,-0.72,"387,200",2026/08/18
1392,1392,8113,ユニ・チャーム(株),東証PRM,965.2,-7,-0.72,"3,888,800",2026/08/18
1393,1393,1477,iシェアーズ MSCI 日本株最小分散 ETF,東証ETF,"3,371",-24,-0.71,"13,620",2026/08/18
1394,1394,2254,GX チャイナEV&バッテリー,東証ETF,"1,124",-8,-0.71,"5,701",2026/08/18
1395,1395,3201,ニッケ,東証PRM,"1,959",-14,-0.71,"66,800",2026/08/18
1396,1396,3463,いちごホテルリート投資法人,東証,"111,200",-800,-0.71,522,2026/08/18
1397,1397,3662,(株)エイチームホールディングス,東証PRM,974,-7,-0.71,"101,500",2026/08/18
1398,1398,4397,(株)チームスピリット,東証GRT,421,-3,-0.71,"48,700",2026/08/18
1399,1399,5033,(株)ヌーラボ,東証GRT,843,-6,-0.71,"16,900",2026/08/18
1400,1400,6191,(株)エアトリ,東証PRM,839,-6,-0.71,"270,100",2026/08/18
1401,1401,6250,(株)やまびこ,東証PRM,"4,210",-30,-0.71,"69,800",2026/08/18
1402,1402,9272,ブティックス(株),東証GRT,"1,404",-10,-0.71,"10,900",2026/08/18
1403,1403,9701,(株)東京會舘,東証STD,"4,220",-30,-0.71,900,2026/08/18
1404,1404,156A,マテリアルグループ(株),東証GRT,850,-6,-0.7,"40,600",2026/08/18
1405,1405,1692,WisdomTree アルミニウム上場投信,東証ETF,693,-4.9,-0.7,"1,200",2026/08/18
1406,1406,1928,積水ハウス(株),東証PRM,"3,382",-24,-0.7,"1,775,100",2026/08/18
1407,1407,1963,日揮ホールディングス(株),東証PRM,"2,339",-16.5,-0.7,"1,069,200",2026/08/18
1408,1408,2088,NZAM 上場投信 NYダウ30(H有),東証ETF,"2,680",-19,-0.7,251,2026/08/18
1409,1409,2173,(株)博展,東証GRT,705,-5,-0.7,"11,500",2026/08/18
1410,1410,3632,グリーホールディングス(株),東証PRM,426,-3,-0.7,"642,500",2026/08/18
1411,1411,4093,東邦アセチレン(株),東証STD,423,-3,-0.7,"13,000",2026/08/18
1412,1412,443A,iFreeETF 東証REIT指数(2・5・8・11月決算型),東証ETF,"1,849",-13,-0.7,"22,241",2026/08/18
1413,1413,5187,クリエートメディック(株),東証STD,"1,140",-8,-0.7,"2,100",2026/08/18
1414,1414,7417,(株)南陽,東証STD,"1,855",-13,-0.7,"2,400",2026/08/18
1415,1415,9010,富士急行(株),東証PRM,"2,700",-19,-0.7,"112,200",2026/08/18
1416,1416,9444,(株)トーシンホールディングス,東証STD,283,-2,-0.7,"10,200",2026/08/18
1417,1417,4346,(株)ＮＥＸＹＺ．Ｇｒｏｕｐ,東証STD,863,-6,-0.69,"50,700",2026/08/18
1418,1418,4429,リックソフト(株),東証GRT,720,-5,-0.69,700,2026/08/18
1419,1419,509A,グリーンライト・再エネインフラ投資法人,東証,"71,500",-500,-0.69,464,2026/08/18
1420,1420,6366,千代田化工建設(株),東証STD,715,-5,-0.69,"1,989,500",2026/08/18
1421,1421,9735,セコム(株),東証PRM,"6,364",-44,-0.69,"983,200",2026/08/18
1422,1422,9854,愛眼(株),東証STD,289,-2,-0.69,"63,100",2026/08/18
1423,1423,1633,(NEXT FUNDS)不動産上場投信,東証ETF,"48,260",-330,-0.68,378,2026/08/18
1424,1424,2096,GX オフィス・J-REIT,東証ETF,"1,020",-7,-0.68,"52,616",2026/08/18
1425,1425,2566,上場インデックスファンド日経ESGリート,東証ETF,"1,018",-7,-0.68,390,2026/08/18
1426,1426,2652,(株)まんだらけ,東証STD,441,-3,-0.68,"248,700",2026/08/18
1427,1427,3796,(株)いい生活,東証STD,294,-2,-0.68,"11,500",2026/08/18
1428,1428,418A,ウリドキ(株),名証NXT,"1,315",-9,-0.68,"8,100",2026/08/18
1429,1429,4825,(株)ウェザーニューズ,東証PRM,"2,042",-14,-0.68,"240,300",2026/08/18
1430,1430,5819,カナレ電気(株),東証STD,"1,762",-12,-0.68,"4,800",2026/08/18
1431,1431,6770,アルプスアルパイン(株),東証PRM,"2,190",-15,-0.68,"1,031,000",2026/08/18
1432,1432,7048,ベルトラ(株),東証GRT,147,-1,-0.68,"119,800",2026/08/18
1433,1433,8804,東京建物(株),東証PRM,"3,337",-23,-0.68,"523,100",2026/08/18
1434,1434,9432,ＮＴＴ(株),東証PRM,160.4,-1.1,-0.68,"188,431,900",2026/08/18
1435,1435,1496,iシェアーズ 米ドル建て投資適格社債ETF(H有),東証ETF,"1,621",-11,-0.67,"57,723",2026/08/18
1436,1436,2252,GX Morningstar 米国中小型 Moat,東証ETF,"1,492",-10,-0.67,"1,841",2026/08/18
1437,1437,2264,森永乳業(株),東証PRM,"1,184",-8,-0.67,"1,313,100",2026/08/18
1438,1438,2418,(株)ツカダ・グローバルホールディング,東証STD,597,-4,-0.67,"148,400",2026/08/18
1439,1439,2558,MAXIS 米国株式(S&P500)上場投信,東証ETF,"3,541",-24,-0.67,"154,066",2026/08/18
1440,1440,2626,GX デジタル・イノベーション-日本株式,東証ETF,"3,272",-22,-0.67,751,2026/08/18
1441,1441,2980,ＳＲＥホールディングス(株),東証PRM,"2,518",-17,-0.67,"293,100",2026/08/18
1442,1442,3192,(株)白鳩,東証STD,297,-2,-0.67,"22,300",2026/08/18
1443,1443,4113,田岡化学工業(株),東証STD,738,-5,-0.67,"15,100",2026/08/18
1444,1444,6448,ブラザー工業(株),東証PRM,"4,587",-31,-0.67,"995,000",2026/08/18
1445,1445,6592,マブチモーター(株),東証PRM,"1,774",-12,-0.67,"1,745,300",2026/08/18
1446,1446,6728,(株)アルバック,東証PRM,"7,817",-53,-0.67,"1,916,600",2026/08/18
1447,1447,1383,ベルグアース(株),東証STD,"3,010",-20,-0.66,"2,000",2026/08/18
1448,1448,2846,(NEXT FUNDS) ダウ・ジョーンズ工業株30種(H有),東証ETF,"2,571",-17,-0.66,"9,105",2026/08/18
1449,1449,4307,(株)野村総合研究所,東証PRM,"4,837",-32,-0.66,"1,760,900",2026/08/18
1450,1450,491A,iシェアーズ S&P500 除く金融 ETF(H有),東証ETF,555.8,-3.7,-0.66,90,2026/08/18
1451,1451,5695,パウダーテック(株),東証STD,"3,010",-20,-0.66,100,2026/08/18
1452,1452,5870,(株)ナルネットコミュニケーションズ,東証GRT,897,-6,-0.66,"9,900",2026/08/18
1453,1453,7719,(株)東京衡機,東証STD,452,-3,-0.66,"90,100",2026/08/18
1454,1454,8360,(株)山梨中央銀行,東証PRM,"7,540",-50,-0.66,"120,900",2026/08/18
1455,1455,8984,大和ハウスリート投資法人,東証,"119,900",-800,-0.66,"6,942",2026/08/18
1456,1456,9302,三井倉庫ホールディングス(株),東証PRM,"3,320",-22,-0.66,"233,800",2026/08/18
1457,1457,9768,いであ(株),東証STD,"3,770",-25,-0.66,"8,600",2026/08/18
1458,1458,1345,上場インデックスファンドJリート隔月分配,東証ETF,"1,835",-12,-0.65,"18,036",2026/08/18
1459,1459,2801,キッコーマン(株),東証PRM,"1,770",-11.5,-0.65,"2,957,300",2026/08/18
1460,1460,3295,ヒューリックリート投資法人,東証,"153,800","-1,000",-0.65,"2,998",2026/08/18
1461,1461,4439,(株)東名,東証STD,768,-5,-0.65,"6,200",2026/08/18
1462,1462,4848,(株)フルキャストホールディングス,東証PRM,"1,832",-12,-0.65,"115,500",2026/08/18
1463,1463,5973,(株)トーアミ,東証STD,615,-4,-0.65,"4,000",2026/08/18
1464,1464,6023,ダイハツインフィニアース(株),東証STD,"3,060",-20,-0.65,"362,800",2026/08/18
1465,1465,6246,(株)テクノスマート,東証STD,"1,832",-12,-0.65,"9,000",2026/08/18
1466,1466,8595,ジャフコ　グループ(株),東証PRM,"2,282",-15,-0.65,"271,600",2026/08/18
1467,1467,8912,(株)エリアクエスト,東証STD,153,-1,-0.65,"22,200",2026/08/18
1468,1468,8963,インヴィンシブル投資法人,東証,"61,000",-400,-0.65,"33,584",2026/08/18
1469,1469,148A,(株)ハッチ・ワーク,東証GRT,"1,708",-11,-0.64,600,2026/08/18
1470,1470,2042,NEXT NOTES 東証グロース市場250 ETN,東証ETF,"7,884",-51,-0.64,185,2026/08/18
1471,1471,2335,(株)キューブシステム,東証PRM,"1,079",-7,-0.64,"15,300",2026/08/18
1472,1472,2568,上場インデックスファンド米国株式(NASDAQ100)H無,東証ETF,"8,185",-53,-0.64,"5,814",2026/08/18
1473,1473,2622,iシェアーズ 米ドル建て新興国債券(H有),東証ETF,"1,703",-11,-0.64,192,2026/08/18
1474,1474,2810,ハウス食品グループ本社(株),東証PRM,"3,745",-24,-0.64,"218,800",2026/08/18
1475,1475,3691,(株)デジタルプラス,東証GRT,"1,856",-12,-0.64,"28,400",2026/08/18
1476,1476,3992,(株)ニーズウェル,東証PRM,463,-3,-0.64,"17,000",2026/08/18
1477,1477,4229,群栄化学工業(株),東証PRM,"4,640",-30,-0.64,"20,600",2026/08/18
1478,1478,4288,(株)アズジェント,東証STD,464,-3,-0.64,"13,200",2026/08/18
1479,1479,575A,前澤ホールディングス(株),東証PRM,"1,859",-12,-0.64,"75,400",2026/08/18
1480,1480,7537,丸文(株),東証PRM,"1,855",-12,-0.64,"101,800",2026/08/18
1481,1481,7630,(株)壱番屋,東証PRM,930,-6,-0.64,"218,600",2026/08/18
1482,1482,7782,(株)シンシア,東証STD,463,-3,-0.64,"4,300",2026/08/18
1483,1483,8987,ジャパンエクセレント投資法人,東証,"140,500",-900,-0.64,"1,323",2026/08/18
1484,1484,9388,(株)パパネッツ,福岡Q,930,-6,-0.64,"1,100",2026/08/18
1485,1485,2082,投資家経営者一心同体ETF,東証ETF,"1,258",-8,-0.63,20,2026/08/18
1486,1486,2097,GX レジデンシャル・J-REIT,東証ETF,943,-6,-0.63,"2,797",2026/08/18
1487,1487,4762,(株)エックスネット,東証STD,"2,051",-13,-0.63,900,2026/08/18
1488,1488,7085,(株)カーブスホールディングス,東証PRM,948,-6,-0.63,"668,600",2026/08/18
1489,1489,7567,(株)栄電子,東証STD,631,-4,-0.63,"13,500",2026/08/18
1490,1490,7638,(株)ＮＥＷ　ＡＲＴ　ＨＯＬＤＩＮＧＳ,東証STD,"1,417",-9,-0.63,"26,100",2026/08/18
1491,1491,8818,京阪神ビルディング(株),東証PRM,"1,096",-7,-0.63,"242,300",2026/08/18
1492,1492,8835,太平洋興発(株),東証STD,783,-5,-0.63,"32,700",2026/08/18
1493,1493,9830,トラスコ中山(株),東証PRM,"2,367",-15,-0.63,"86,700",2026/08/18
1494,1494,9955,(株)ヨンキュウ,東証STD,"2,827",-18,-0.63,"1,000",2026/08/18
1495,1495,1655,iシェアーズ S&P500 米国株 ETF,東証ETF,887.2,-5.5,-0.62,"967,910",2026/08/18
1496,1496,1885,東亜建設工業(株),東証PRM,"2,097",-13,-0.62,"389,500",2026/08/18
1497,1497,2305,(株)スタジオアリス,東証STD,"1,928",-12,-0.62,"42,000",2026/08/18
1498,1498,250A,シマダヤ(株),東証STD,"1,610",-10,-0.62,"47,200",2026/08/18
1499,1499,2562,上場インデックスファンド米国株式(ダウ平均)H有,東証ETF,"3,708",-23,-0.62,"9,424",2026/08/18
1500,1500,4046,(株)大阪ソーダ,東証PRM,"2,069",-13,-0.62,"291,400",2026/08/18
1501,1501,6151,日東工器(株),東証PRM,"1,752",-11,-0.62,"17,600",2026/08/18
1502,1502,6505,東洋電機製造(株),東証STD,"2,386",-15,-0.62,"45,300",2026/08/18
1503,1503,7723,愛知時計電機(株),東証PRM,"2,870",-18,-0.62,"20,600",2026/08/18
1504,1504,1557,State Street SPDR S&P500 ETF,東証ETF,"123,000",-750,-0.61,"1,410",2026/08/18
1505,1505,2488,ＪＴＰ(株),東証STD,"1,461",-9,-0.61,"23,500",2026/08/18
1506,1506,3269,アドバンス・レジデンス投資法人,東証,"145,700",-900,-0.61,"6,541",2026/08/18
1507,1507,3296,日本リート投資法人,東証,"81,800",-500,-0.61,"2,726",2026/08/18
1508,1508,3476,投資法人みらい,東証,"40,850",-250,-0.61,"7,337",2026/08/18
1509,1509,3486,(株)グローバル・リンク・マネジメント,東証PRM,"1,958",-12,-0.61,"68,300",2026/08/18
1510,1510,3741,(株)セック,東証PRM,"3,235",-20,-0.61,"75,600",2026/08/18
1511,1511,463A,(株)インテリックスホールディングス,東証STD,979,-6,-0.61,"8,200",2026/08/18
1512,1512,537A,NZAM 上場投信 全世界株式(MSCI ACWI)(H無),東証ETF,"1,147",-7,-0.61,"9,888",2026/08/18
1513,1513,6768,(株)タムラ製作所,東証PRM,815,-5,-0.61,"547,200",2026/08/18
1514,1514,6947,(株)図研,東証PRM,"4,925",-30,-0.61,"27,800",2026/08/18
1515,1515,8056,ＢＩＰＲＯＧＹ(株),東証PRM,"4,435",-27,-0.61,"468,700",2026/08/18
1516,1516,8200,(株)リンガーハット,東証PRM,"2,291",-14,-0.61,"79,100",2026/08/18
1517,1517,8985,ジャパン・ホテル・リート投資法人,東証,"81,400",-500,-0.61,"16,878",2026/08/18
1518,1518,1934,(株)ユアテック,東証PRM,"2,483",-15,-0.6,"134,600",2026/08/18
1519,1519,2513,(NEXT FUNDS)外国株式･MSCI-KOKUSAI(H無),東証ETF,"3,655",-22,-0.6,"39,829",2026/08/18
1520,1520,254A,ＡＩフュージョンキャピタルグループ(株),東証STD,"1,158",-7,-0.6,"18,400",2026/08/18
1521,1521,2649,iシェアーズ 米国政府系機関ジニーメイMBS(H有),東証ETF,575.8,-3.5,-0.6,"3,550",2026/08/18
1522,1522,2866,GX 米国優先証券,東証ETF,993,-6,-0.6,"36,317",2026/08/18
1523,1523,2989,東海道リート投資法人,東証,"98,600",-600,-0.6,"1,136",2026/08/18
1524,1524,3245,(株)ディア・ライフ,東証PRM,"1,151",-7,-0.6,"311,100",2026/08/18
1525,1525,3282,コンフォリア・レジデンシャル投資法人,東証,"98,800",-600,-0.6,"4,426",2026/08/18
1526,1526,4376,(株)くふうカンパニーホールディングス,東証GRT,166,-1,-0.6,"66,500",2026/08/18
1527,1527,4755,楽天グループ(株),東証PRM,772.7,-4.7,-0.6,"24,378,100",2026/08/18
1528,1528,5697,(株)サンユウ,東証STD,830,-5,-0.6,"5,500",2026/08/18
1529,1529,6093,ミトラグループ(株),東証STD,166,-1,-0.6,"29,800",2026/08/18
1530,1530,6301,コマツ,東証PRM,"7,168",-43,-0.6,"2,310,200",2026/08/18
1531,1531,7037,(株)テノ．ホールディングス,東証STD,830,-5,-0.6,"7,500",2026/08/18
1532,1532,7601,(株)ポプラ,東証STD,166,-1,-0.6,"1,600",2026/08/18
1533,1533,8046,丸藤シートパイル(株),東証STD,"1,000",-6,-0.6,"10,800",2026/08/18
1534,1534,8769,(株)アドバンテッジリスクマネジメント,東証STD,499,-3,-0.6,"19,700",2026/08/18
1535,1535,9428,(株)クロップス,東証STD,"1,491",-9,-0.6,"1,000",2026/08/18
1536,1536,9565,ＧＬＯＥ(株),東証GRT,658,-4,-0.6,"1,800",2026/08/18
1537,1537,1476,iシェアーズ・コア Ｊリート ETF,東証ETF,"1,850",-11,-0.59,"248,475",2026/08/18
1538,1538,1547,上場インデックスファンド米国株式(S&P500),東証ETF,"13,405",-80,-0.59,"8,331",2026/08/18
1539,1539,1657,iシェアーズ･コア MSCI 先進国株(除く日本)ETF,東証ETF,"7,391",-44,-0.59,490,2026/08/18
1540,1540,1878,大東建託(株),東証PRM,"3,212",-19,-0.59,"1,530,700",2026/08/18
1541,1541,2425,(株)ケアサービス,東証STD,672,-4,-0.59,"2,500",2026/08/18
1542,1542,2633,(NEXT FUNDS) S&P500(H無)連動型上場投信,東証ETF,569.8,-3.4,-0.59,"395,580",2026/08/18
1543,1543,3646,(株)駅探,東証STD,339,-2,-0.59,"3,700",2026/08/18
1544,1544,4071,(株)プラスアルファ・コンサルティング,東証PRM,"2,193",-13,-0.59,"360,300",2026/08/18
1545,1545,5108,(株)ブリヂストン,東証PRM,"4,074",-24,-0.59,"3,413,300",2026/08/18
1546,1546,5280,ヨシコン(株),東証STD,"2,175",-13,-0.59,"13,700",2026/08/18
1547,1547,5974,中国工業(株),東証STD,836,-5,-0.59,"4,500",2026/08/18
1548,1548,6069,トレンダーズ(株),東証GRT,679,-4,-0.59,"43,100",2026/08/18
1549,1549,610A,GX 宇宙テック・トップ10(除く日本),東証ETF,"1,173",-7,-0.59,"155,801",2026/08/18
1550,1550,6521,(株)オキサイド,東証GRT,"3,360",-20,-0.59,"179,400",2026/08/18
1551,1551,7847,(株)グラファイトデザイン,東証STD,670,-4,-0.59,"1,800",2026/08/18
1552,1552,8159,(株)立花エレテック,東証PRM,"4,245",-25,-0.59,"57,900",2026/08/18
1553,1553,9082,大和自動車交通(株),東証STD,"1,859",-11,-0.59,"1,800",2026/08/18
1554,1554,3092,(株)ＺＯＺＯ,東証PRM,"1,105",-6.5,-0.58,"2,458,200",2026/08/18
1555,1555,3111,オーミケンシ(株),東証STD,172,-1,-0.58,"1,500",2026/08/18
1556,1556,3563,(株)ＦＯＯＤ　＆　ＬＩＦＥ　ＣＯＭＰＡＮＩＥＳ,東証PRM,"5,806",-34,-0.58,"2,275,700",2026/08/18
1557,1557,3892,(株)岡山製紙,東証STD,"1,547",-9,-0.58,"1,300",2026/08/18
1558,1558,4760,(株)アルファ,東証STD,"1,705",-10,-0.58,"1,000",2026/08/18
1559,1559,6074,(株)ジェイエスエス,東証STD,517,-3,-0.58,600,2026/08/18
1560,1560,6272,レオン自動機(株),東証PRM,"1,535",-9,-0.58,"44,300",2026/08/18
1561,1561,7602,(株)レダックス,東証STD,172,-1,-0.58,"29,700",2026/08/18
1562,1562,7916,光村印刷(株),東証STD,"1,880",-11,-0.58,900,2026/08/18
1563,1563,1481,上場インデックスファンド日本経済貢献株,東証ETF,"3,868",-22,-0.57,17,2026/08/18
1564,1564,3513,イチカワ(株),東証STD,"3,480",-20,-0.57,"9,900",2026/08/18
1565,1565,3529,アツギ(株),東証STD,"1,053",-6,-0.57,"13,800",2026/08/18
1566,1566,4301,(株)アミューズ,東証PRM,"1,904",-11,-0.57,"32,000",2026/08/18
1567,1567,497A,インバウンド消費関連 日本株(ネットリターン)ETN,東証ETF,"10,510",-60,-0.57,540,2026/08/18
1568,1568,5527,(株)ｐｒｏｐｅｒｔｙ　ｔｅｃｈｎｏｌｏｇｉｅｓ,東証GRT,701,-4,-0.57,"10,500",2026/08/18
1569,1569,5951,ダイニチ工業(株),東証STD,"1,212",-7,-0.57,"6,500",2026/08/18
1570,1570,6699,ダイヤモンドエレクトリックホールディングス(株),東証STD,520,-3,-0.57,"114,500",2026/08/18
1571,1571,7112,(株)キューブ,東証GRT,701,-4,-0.57,"2,000",2026/08/18
1572,1572,7287,日本精機(株),東証STD,"2,631",-15,-0.57,"145,400",2026/08/18
1573,1573,7514,(株)ヒマラヤ,東証STD,878,-5,-0.57,"6,400",2026/08/18
1574,1574,9470,(株)学研ホールディングス,東証PRM,"1,044",-6,-0.57,"76,300",2026/08/18
1575,1575,1786,オリエンタル白石(株),東証PRM,355,-2,-0.56,"988,900",2026/08/18
1576,1576,2055,日和産業(株),東証STD,352,-2,-0.56,"16,600",2026/08/18
1577,1577,210A,iFreeETF 日経高利回りREIT指数,東証ETF,"1,585",-9,-0.56,"5,772",2026/08/18
1578,1578,3468,スターアジア不動産投資法人,東証,"53,400",-300,-0.56,"5,893",2026/08/18
1579,1579,3551,ダイニック(株),東証STD,"1,600",-9,-0.56,"20,300",2026/08/18
1580,1580,4222,児玉化学工業(株),東証STD,709,-4,-0.56,"1,408,600",2026/08/18
1581,1581,486A,(NEXT FUNDS) ユーロ・ストックス50(H無),東証ETF,"2,295",-13,-0.56,"1,752",2026/08/18
1582,1582,5446,北越メタル(株),東証STD,"1,067",-6,-0.56,"9,200",2026/08/18
1583,1583,6248,(株)横田製作所,東証STD,"1,766",-10,-0.56,800,2026/08/18
1584,1584,7551,(株)ウェッズ,東証STD,712,-4,-0.56,"2,700",2026/08/18
1585,1585,8877,エスリード(株),東証PRM,"5,310",-30,-0.56,"30,700",2026/08/18
1586,1586,2379,ディップ(株),東証PRM,"1,813",-10,-0.55,"282,600",2026/08/18
1587,1587,2517,MAXIS Jリート･コア上場投信,東証ETF,"1,089.5",-6,-0.55,"3,250",2026/08/18
1588,1588,3186,(株)ネクステージ,東証PRM,"3,605",-20,-0.55,"276,300",2026/08/18
1589,1589,3193,(株)エターナルホスピタリティグループ,東証PRM,"1,438",-8,-0.55,"101,000",2026/08/18
1590,1590,3231,野村不動産ホールディングス(株),東証PRM,910.3,-5,-0.55,"4,387,400",2026/08/18
1591,1591,3459,サムティ・レジデンシャル投資法人,東証,"89,900",-500,-0.55,"1,820",2026/08/18
1592,1592,4075,ブレインズテクノロジー(株),東証GRT,898,-5,-0.55,"16,300",2026/08/18
1593,1593,4205,日本ゼオン(株),東証PRM,"2,454",-13.5,-0.55,"1,107,100",2026/08/18
1594,1594,4274,細谷火工(株),東証STD,"1,088",-6,-0.55,"22,200",2026/08/18
1595,1595,5105,ＴＯＹＯ　ＴＩＲＥ(株),東証PRM,"3,783",-21,-0.55,"1,148,200",2026/08/18
1596,1596,7269,スズキ(株),東証PRM,"2,081",-11.5,-0.55,"5,180,100",2026/08/18
1597,1597,7276,(株)小糸製作所,東証PRM,"2,714",-15,-0.55,"507,800",2026/08/18
1598,1598,7343,ブロードマインド(株),東証GRT,"1,270",-7,-0.55,"7,000",2026/08/18
1599,1599,7840,フランスベッドホールディングス(株),東証PRM,"1,264",-7,-0.55,"25,100",2026/08/18
1600,1600,1343,(NEXT FUNDS)東証REIT指数連動型上場投信,東証ETF,"1,935",-10.5,-0.54,"800,070",2026/08/18
1601,1601,1550,MAXIS 海外株式(MSCIコクサイ)上場投信,東証ETF,"8,231",-45,-0.54,785,2026/08/18
1602,1602,2646,GX メタルビジネス-日本株式,東証ETF,"3,890",-21,-0.54,"8,999",2026/08/18
1603,1603,3309,積水ハウス・リート投資法人,東証,"73,800",-400,-0.54,"10,815",2026/08/18
1604,1604,3553,共和レザー(株),東証STD,926,-5,-0.54,"25,800",2026/08/18
1605,1605,373A,(株)リップス,東証GRT,"1,467",-8,-0.54,"1,900",2026/08/18
1606,1606,4482,(株)ウィルズ,東証GRT,731,-4,-0.54,"10,300",2026/08/18
1607,1607,5713,住友金属鉱山(株),東証PRM,"9,893",-54,-0.54,"2,770,200",2026/08/18
1608,1608,7097,(株)さくらさくプラス,東証GRT,"2,765",-15,-0.54,"2,800",2026/08/18
1609,1609,7212,(株)エフテック,東証STD,735,-4,-0.54,"14,600",2026/08/18
1610,1610,7675,セントラルフォレストグループ(株),名証MN,"2,752",-15,-0.54,"1,400",2026/08/18
1611,1611,8961,森トラストリート投資法人,東証,"74,300",-400,-0.54,"4,275",2026/08/18
1612,1612,9441,(株)ベルパーク,東証STD,"2,931",-16,-0.54,"6,000",2026/08/18
1613,1613,186A,(株)アストロスケールホールディングス,東証GRT,"1,310",-7,-0.53,"5,817,800",2026/08/18
1614,1614,1926,ライト工業(株),東証PRM,"3,775",-20,-0.53,"75,700",2026/08/18
1615,1615,2518,(NEXT FUNDS) MSCI日本株女性活躍(セレクト)上場投信,東証ETF,"2,443",-13,-0.53,67,2026/08/18
1616,1616,2676,高千穂交易(株),東証PRM,"2,073",-11,-0.53,"9,900",2026/08/18
1617,1617,339A,プログレス・テクノロジーズ　グループ(株),東証GRT,932,-5,-0.53,"11,500",2026/08/18
1618,1618,372A,(株)レント,東証STD,"5,600",-30,-0.53,"2,400",2026/08/18
1619,1619,4317,(株)レイ,東証STD,567,-3,-0.53,"13,200",2026/08/18
1620,1620,459A,野村 高利回りJリート指数ETF,東証ETF,"10,245",-55,-0.53,745,2026/08/18
1621,1621,7196,(株)Ｃａｓａ,東証STD,744,-4,-0.53,"6,000",2026/08/18
1622,1622,7575,日本ライフライン(株),東証PRM,"1,507",-8,-0.53,"303,600",2026/08/18
1623,1623,9511,沖縄電力(株),東証PRM,"1,136",-6,-0.53,"312,000",2026/08/18
1624,1624,2902,太陽化学(株),名証MN,"2,680",-14,-0.52,"1,400",2026/08/18
1625,1625,3010,ポラリス・ホールディングス(株),東証STD,191,-1,-0.52,"120,500",2026/08/18
1626,1626,3853,アステリア(株),東証PRM,"1,147",-6,-0.52,"379,000",2026/08/18
1627,1627,387A,フラー(株),東証GRT,948,-5,-0.52,"2,300",2026/08/18
1628,1628,3996,サインポスト(株),東証STD,193,-1,-0.52,"12,200",2026/08/18
1629,1629,568A,iシェアーズ シルバー,東証ETF,171.1,-0.9,-0.52,"67,650",2026/08/18
1630,1630,7794,(株)イーディーピー,東証GRT,965,-5,-0.52,"326,700",2026/08/18
1631,1631,7987,ナカバヤシ(株),東証STD,571,-3,-0.52,"31,200",2026/08/18
1632,1632,8917,ファースト住建(株),東証STD,"1,142",-6,-0.52,"9,500",2026/08/18
1633,1633,8953,日本都市ファンド投資法人,東証,"115,200",-600,-0.52,"13,409",2026/08/18
1634,1634,9142,九州旅客鉄道(株),東証PRM,"3,453",-18,-0.52,"574,100",2026/08/18
1635,1635,2242,MAXIS NYダウ上場投信(H有),東証ETF,686.5,-3.5,-0.51,630,2026/08/18
1636,1636,2935,(株)ピックルスホールディングス,東証PRM,"1,172",-6,-0.51,"18,800",2026/08/18
1637,1637,3249,産業ファンド投資法人,東証,"137,200",-700,-0.51,"5,255",2026/08/18
1638,1638,3640,(株)電算,東証STD,"2,755",-14,-0.51,"9,600",2026/08/18
1639,1639,4422,ＶＡＬＵＥＮＥＸ(株),東証GRT,584,-3,-0.51,"66,900",2026/08/18
1640,1640,4499,(株)Ｓｐｅｅｅ,東証STD,"2,532",-13,-0.51,"119,100",2026/08/18
1641,1641,4712,(株)ＫｅｙＨｏｌｄｅｒ,東証STD,787,-4,-0.51,"8,300",2026/08/18
1642,1642,4751,(株)サイバーエージェント,東証PRM,"1,256.5",-6.5,-0.51,"8,156,800",2026/08/18
1643,1643,4973,日本高純度化学(株),東証PRM,"4,855",-25,-0.51,"50,500",2026/08/18
1644,1644,5576,(株)オービーシステム,東証STD,"2,952",-15,-0.51,"1,900",2026/08/18
1645,1645,7040,(株)サン・ライフホールディング,東証STD,977,-5,-0.51,"3,400",2026/08/18
1646,1646,7522,ワタミ(株),東証PRM,966,-5,-0.51,"109,900",2026/08/18
1647,1647,7538,(株)大水,東証STD,393,-2,-0.51,400,2026/08/18
1648,1648,7721,東京計器(株),東証PRM,"7,740",-40,-0.51,"330,100",2026/08/18
1649,1649,1832,(株)北海電工,札証,"1,393",-7,-0.5,"4,200",2026/08/18
1650,1650,2259,iシェアーズ フランス国債7-10年(H有),東証ETF,179.7,-0.9,-0.5,350,2026/08/18
1651,1651,2375,ギグワークス(株),東証STD,201,-1,-0.5,"39,600",2026/08/18
1652,1652,2767,円谷フィールズホールディングス(株),東証PRM,"2,391",-12,-0.5,"811,000",2026/08/18
1653,1653,3675,(株)クロス・マーケティンググループ,東証STD,594,-3,-0.5,"13,800",2026/08/18
1654,1654,3967,(株)エルテス,東証GRT,599,-3,-0.5,"5,900",2026/08/18
1655,1655,4437,ｇｏｏｄｄａｙｓホールディングス(株),東証GRT,793,-4,-0.5,900,2026/08/18
1656,1656,467A,GX 米ドル建て投資適格社債(H有),東証ETF,278.2,-1.4,-0.5,280,2026/08/18
1657,1657,7628,(株)オーハシテクニカ,東証PRM,"1,202",-6,-0.5,"19,000",2026/08/18
1658,1658,7769,リズム(株),東証PRM,"4,005",-20,-0.5,"15,800",2026/08/18
1659,1659,7870,福島印刷(株),名証MN,402,-2,-0.5,"15,600",2026/08/18
1660,1660,2221,岩塚製菓(株),東証STD,"3,060",-15,-0.49,"1,600",2026/08/18
1661,1661,5930,文化シヤッター(株),東証PRM,"1,816",-9,-0.49,"220,800",2026/08/18
1662,1662,6199,(株)セラク,東証STD,"1,411",-7,-0.49,"26,300",2026/08/18
1663,1663,6430,ダイコク電機(株),東証PRM,"2,444",-12,-0.49,"42,100",2026/08/18
1664,1664,6444,サンデン(株),東証STD,202,-1,-0.49,"301,600",2026/08/18
1665,1665,6962,(株)大真空,東証PRM,811,-4,-0.49,"343,600",2026/08/18
1666,1666,7508,(株)Ｇ－７ホールディングス,東証PRM,"1,433",-7,-0.49,"49,300",2026/08/18
1667,1667,9376,(株)ユーラシア旅行社,東証STD,812,-4,-0.49,"1,300",2026/08/18
1668,1668,1945,(株)東京エネシス,東証PRM,"2,077",-10,-0.48,"263,300",2026/08/18
1669,1669,2629,iFree グレーターベイエリア・イノベーション100,東証ETF,"3,700",-18,-0.48,903,2026/08/18
1670,1670,3470,マリモ地方創生リート投資法人,東証,"103,000",-500,-0.48,743,2026/08/18
1671,1671,383A,MAXIS S&P500均等ウェイト,東証ETF,"2,683",-13,-0.48,367,2026/08/18
1672,1672,3842,(株)ネクストジェン,東証STD,"1,045",-5,-0.48,"3,300",2026/08/18
1673,1673,3979,(株)うるる,東証GRT,414,-2,-0.48,"13,900",2026/08/18
1674,1674,408A,iシェアーズ AI グローバル・イノベーション アクティブ,東証ETF,307.8,-1.5,-0.48,"723,350",2026/08/18
1675,1675,4347,ブロードメディア(株),東証STD,"1,668",-8,-0.48,"12,600",2026/08/18
1676,1676,6369,トーヨーカネツ(株),東証PRM,"2,496",-12,-0.48,"67,200",2026/08/18
1677,1677,8979,スターツプロシード投資法人,東証,"185,800",-900,-0.48,641,2026/08/18
1678,1678,9060,日本ロジテム(株),東証STD,"4,160",-20,-0.48,100,2026/08/18
1679,1679,130A,(株)Ｖｅｒｉｔａｓ　Ｉｎ　Ｓｉｌｉｃｏ,東証GRT,420,-2,-0.47,"11,400",2026/08/18
1680,1680,177A,コージンバイオ(株),東証GRT,856,-4,-0.47,"1,900",2026/08/18
1681,1681,2204,(株)中村屋,東証STD,"3,195",-15,-0.47,"5,000",2026/08/18
1682,1682,2247,iFreeETF S&P500(H無),東証ETF,"2,324",-11,-0.47,"82,377",2026/08/18
1683,1683,234A,GX MSCI キャッシュフローキング-日本株式,東証ETF,"1,490",-7,-0.47,"21,020",2026/08/18
1684,1684,2378,(株)ルネサンス,東証PRM,"1,061",-5,-0.47,"29,900",2026/08/18
1685,1685,3195,(株)ジェネレーションパス,東証STD,635,-3,-0.47,"47,300",2026/08/18
1686,1686,3462,野村不動産マスターファンド投資法人,東証,"149,800",-700,-0.47,"7,055",2026/08/18
1687,1687,3466,ラサールロジポート投資法人,東証,"148,400",-700,-0.47,"4,748",2026/08/18
1688,1688,364A,(NEXT FUNDS) S&P500 配当貴族指数連動型上場投信,東証ETF,"2,555",-12,-0.47,"10,735",2026/08/18
1689,1689,4166,かっこ(株),東証GRT,630,-3,-0.47,"2,600",2026/08/18
1690,1690,4260,(株)ハイブリッドテクノロジーズ,東証GRT,210,-1,-0.47,"8,800",2026/08/18
1691,1691,5304,ＳＥＣカーボン(株),東証STD,"2,560",-12,-0.47,"30,100",2026/08/18
1692,1692,6249,(株)ゲームカードホールディングス,東証STD,"2,752",-13,-0.47,"2,900",2026/08/18
1693,1693,6743,大同信号(株),東証STD,"1,069",-5,-0.47,"45,300",2026/08/18
1694,1694,6817,スミダコーポレーション(株),東証PRM,"1,263",-6,-0.47,"194,300",2026/08/18
1695,1695,7956,ピジョン(株),東証PRM,"2,115",-10,-0.47,"1,069,700",2026/08/18
1696,1696,9057,遠州トラック(株),東証STD,"3,185",-15,-0.47,"1,600",2026/08/18
1697,1697,9214,Ｒｅｃｏｖｅｒｙ　Ｉｎｔｅｒｎａｔｉｏｎａｌ(株),東証GRT,"1,283",-6,-0.47,200,2026/08/18
1698,1698,2837,GX 中小型リーダーズ-日本株式,東証ETF,"4,765",-22,-0.46,"5,823",2026/08/18
1699,1699,453A,iシェアーズ 米国債20年超プレミアムインカム,東証ETF,750,-3.5,-0.46,"112,290",2026/08/18
1700,1700,5900,(株)ダイケン,東証STD,871,-4,-0.46,500,2026/08/18
1701,1701,5942,日本フイルコン(株),東証STD,651,-3,-0.46,"22,100",2026/08/18
1702,1702,6013,(株)タクマ,東証PRM,"3,235",-15,-0.46,"218,100",2026/08/18
1703,1703,6316,(株)丸山製作所,東証STD,"2,823",-13,-0.46,"4,500",2026/08/18
1704,1704,6357,三精テクノロジーズ(株),東証STD,"2,617",-12,-0.46,"16,600",2026/08/18
1705,1705,6571,キュービーネットホールディングス(株),東証PRM,"1,292",-6,-0.46,"25,400",2026/08/18
1706,1706,6580,(株)ライトアップ,東証GRT,860,-4,-0.46,"23,700",2026/08/18
1707,1707,8077,トルク(株),東証STD,215,-1,-0.46,"12,200",2026/08/18
1708,1708,8705,日産証券グループ(株),東証STD,217,-1,-0.46,"32,700",2026/08/18
1709,1709,8772,(株)アサックス,東証STD,864,-4,-0.46,"8,200",2026/08/18
1710,1710,2462,ライク(株),東証PRM,"1,536",-7,-0.45,"23,800",2026/08/18
1711,1711,2852,iシェアーズ グリーンJリート,東証ETF,175.4,-0.8,-0.45,"86,310",2026/08/18
1712,1712,2997,(株)ストレージ王,東証GRT,"1,328",-6,-0.45,"5,300",2026/08/18
1713,1713,3372,(株)関門海,東証STD,220,-1,-0.45,"6,800",2026/08/18
1714,1714,3477,フォーライフ(株),東証GRT,888,-4,-0.45,"3,300",2026/08/18
1715,1715,3878,(株)巴川コーポレーション,東証STD,883,-4,-0.45,"55,000",2026/08/18
1716,1716,4335,ＩＰＳホールディングス(株),東証STD,"1,095",-5,-0.45,"1,800",2026/08/18
1717,1717,4360,(株)マナック・ケミカル・パートナーズ,東証STD,881,-4,-0.45,"5,900",2026/08/18
1718,1718,4380,(株)Ｍマート,東証GRT,657,-3,-0.45,"3,300",2026/08/18
1719,1719,8135,ゼット(株),東証STD,440,-2,-0.45,"12,900",2026/08/18
1720,1720,8966,平和不動産リート投資法人,東証,"132,000",-600,-0.45,"3,281",2026/08/18
1721,1721,159A,(NEXT FUNDS) JPXプライム150指数連動型上場投信,東証ETF,748,-3.3,-0.44,"7,080",2026/08/18
1722,1722,2415,ヒューマンホールディングス(株),東証STD,"1,583",-7,-0.44,"1,800",2026/08/18
1723,1723,3472,日本ホテル＆レジデンシャル投資法人,東証,"67,200",-300,-0.44,983,2026/08/18
1724,1724,3562,(株)Ｎｏ．１,東証STD,"1,579",-7,-0.44,"17,800",2026/08/18
1725,1725,366A,ウェルネス・コミュニケーションズ(株),東証GRT,"1,128",-5,-0.44,"77,700",2026/08/18
1726,1726,3932,(株)アカツキ,東証PRM,"3,405",-15,-0.44,"57,400",2026/08/18
1727,1727,4539,日本ケミファ(株),東証STD,"1,568",-7,-0.44,"2,300",2026/08/18
1728,1728,4616,川上塗料(株),東証STD,"2,030",-9,-0.44,400,2026/08/18
1729,1729,7726,黒田精工(株),東証STD,"1,350",-6,-0.44,"17,600",2026/08/18
1730,1730,9731,(株)白洋舍,東証STD,"3,420",-15,-0.44,"1,900",2026/08/18
1731,1731,9849,(株)共同紙販ホールディングス,東証STD,"4,500",-20,-0.44,400,2026/08/18
1732,1732,1860,戸田建設(株),東証PRM,"1,495",-6.5,-0.43,"980,800",2026/08/18
1733,1733,2555,東証REIT ETF,東証ETF,"1,856.5",-8,-0.43,"14,200",2026/08/18
1734,1734,2809,キユーピー(株),東証PRM,"4,632",-20,-0.43,"178,500",2026/08/18
1735,1735,3281,ＧＬＰ投資法人,東証,"138,900",-600,-0.43,"14,498",2026/08/18
1736,1736,363A,iFreeETF 英国FTSE100,東証ETF,"2,774",-12,-0.43,788,2026/08/18
1737,1737,4403,日油(株),東証PRM,"2,748.5",-12,-0.43,"581,500",2026/08/18
1738,1738,449A,ステート・ストリート・スパイダー S&P500 ETF(H無),東証ETF,838.3,-3.6,-0.43,"11,280",2026/08/18
1739,1739,488A,iシェアーズ 円高フォーカス ETF,東証ETF,764.2,-3.3,-0.43,"26,200",2026/08/18
1740,1740,5958,三洋工業(株),東証STD,"4,665",-20,-0.43,400,2026/08/18
1741,1741,6532,(株)ベイカレント,東証PRM,"7,368",-32,-0.43,"792,800",2026/08/18
1742,1742,6797,名古屋電機工業(株),東証STD,"1,167",-5,-0.43,"3,300",2026/08/18
1743,1743,7466,ＳＰＫ(株),東証PRM,"1,403",-6,-0.43,"39,100",2026/08/18
1744,1744,7561,(株)ハークスレイホールディングス,東証STD,697,-3,-0.43,"11,500",2026/08/18
1745,1745,7744,ノーリツ鋼機(株),東証PRM,"2,063",-9,-0.43,"307,000",2026/08/18
1746,1746,7888,三光合成(株),東証PRM,932,-4,-0.43,"103,500",2026/08/18
1747,1747,8052,椿本興業(株),東証PRM,"2,788",-12,-0.43,"36,700",2026/08/18
1748,1748,8624,いちよし証券(株),東証PRM,"1,632",-7,-0.43,"96,700",2026/08/18
1749,1749,8960,ユナイテッド・アーバン投資法人,東証,"161,300",-700,-0.43,"6,681",2026/08/18
1750,1750,9722,藤田観光(株),東証PRM,"2,312",-10,-0.43,"236,300",2026/08/18
1751,1751,9861,(株)吉野家ホールディングス,東証PRM,"3,717",-16,-0.43,"470,100",2026/08/18
1752,1752,9896,ＪＫホールディングス(株),東証STD,"1,405",-6,-0.43,"14,100",2026/08/18
1753,1753,1572,中国H株ブル2倍上場投信,東証ETF,"7,080",-30,-0.42,"1,070",2026/08/18
1754,1754,1660,MAXIS高利回りJリート上場投信,東証ETF,"10,545",-45,-0.42,"1,589",2026/08/18
1755,1755,180A,GX 超長期米国債,東証ETF,282.3,-1.2,-0.42,"53,910",2026/08/18
1756,1756,2493,イーサポートリンク(株),東証STD,945,-4,-0.42,"1,700",2026/08/18
1757,1757,3004,神栄(株),東証STD,"2,128",-9,-0.42,"4,300",2026/08/18
1758,1758,3391,(株)ツルハホールディングス,東証PRM,"2,361",-10,-0.42,"1,020,300",2026/08/18
1759,1759,3927,(株)フーバーブレイン,東証STD,948,-4,-0.42,"27,600",2026/08/18
1760,1760,6485,前澤給装工業(株),東証STD,"1,659",-7,-0.42,"16,900",2026/08/18
1761,1761,6538,(株)ディスラプターズ,東証STD,239,-1,-0.42,"113,300",2026/08/18
1762,1762,6850,(株)チノー,東証PRM,"1,670",-7,-0.42,"57,400",2026/08/18
1763,1763,7741,ＨＯＹＡ(株),東証PRM,"26,290",-110,-0.42,"552,200",2026/08/18
1764,1764,8601,(株)大和証券グループ本社,東証PRM,"1,771",-7.5,-0.42,"3,622,800",2026/08/18
1765,1765,8927,(株)明豊エンタープライズ,東証STD,477,-2,-0.42,"59,100",2026/08/18
1766,1766,1844,(株)大盛工業,東証STD,488,-2,-0.41,"40,600",2026/08/18
1767,1767,3001,片倉工業(株),東証STD,"2,891",-12,-0.41,"23,900",2026/08/18
1768,1768,324A,(株)ブッキングリゾート,東証GRT,734,-3,-0.41,"10,800",2026/08/18
1769,1769,3645,(株)メディカルネット,東証GRT,243,-1,-0.41,"5,500",2026/08/18
1770,1770,401A,霞ヶ関ホテルリート投資法人,東証,"97,100",-400,-0.41,987,2026/08/18
1771,1771,5237,(株)ノザワ,東証STD,"1,206",-5,-0.41,"1,400",2026/08/18
1772,1772,5533,(株)エリッツホールディングス,東証STD,"1,950",-8,-0.41,"1,100",2026/08/18
1773,1773,6208,(株)石川製作所,東証STD,"1,685",-7,-0.41,"32,500",2026/08/18
1774,1774,6349,(株)小森コーポレーション,東証PRM,"1,934",-8,-0.41,"148,500",2026/08/18
1775,1775,7442,中山福(株),東証STD,489,-2,-0.41,"4,200",2026/08/18
1776,1776,7779,ＣＹＢＥＲＤＹＮＥ(株),東証GRT,241,-1,-0.41,"894,800",2026/08/18
1777,1777,8125,(株)ワキタ,東証PRM,"1,940",-8,-0.41,"114,400",2026/08/18
1778,1778,8944,(株)ランドビジネス,東証STD,245,-1,-0.41,"58,100",2026/08/18
1779,1779,1914,日本基礎技術(株),東証STD,745,-3,-0.4,"37,900",2026/08/18
1780,1780,2236,GX S&P500配当貴族,東証ETF,"1,509",-6,-0.4,"5,398",2026/08/18
1781,1781,2859,(NEXT FUNDS) ユーロ・ストックス50(H有),東証ETF,"3,275",-13,-0.4,"1,445",2026/08/18
1782,1782,3434,(株)アルファ,東証STD,"1,247",-5,-0.4,"4,100",2026/08/18
1783,1783,4012,(株)アクシス,東証STD,"1,763",-7,-0.4,"6,800",2026/08/18
1784,1784,4198,(株)テンダ,東証STD,498,-2,-0.4,900,2026/08/18
1785,1785,4990,昭和化学工業(株),東証STD,503,-2,-0.4,"3,000",2026/08/18
1786,1786,580A,GX 銅ビジネス,東証ETF,988,-4,-0.4,"9,626",2026/08/18
1787,1787,8275,(株)フォーバル,東証STD,999,-4,-0.4,"21,000",2026/08/18
1788,1788,1630,(NEXT FUNDS)小売上場投信,東証ETF,"38,030",-150,-0.39,679,2026/08/18
1789,1789,2016,iFreeETF 米国国債7-10年(H有),東証ETF,"1,766",-7,-0.39,"87,269",2026/08/18
1790,1790,2198,アイ・ケイ・ケイホールディングス(株),東証PRM,772,-3,-0.39,"26,400",2026/08/18
1791,1791,2648,(NEXT FUNDS)ブルームバーグ米国国債(7-10年)(H有),東証ETF,"3,345",-13,-0.39,958,2026/08/18
1792,1792,2687,(株)シー・ヴイ・エス・ベイエリア,東証STD,507,-2,-0.39,"7,600",2026/08/18
1793,1793,2853,iシェアーズ 気候リスク調整世界国債(除く日本・H有),東証ETF,610.9,-2.4,-0.39,60,2026/08/18
1794,1794,2858,GX 日経225 カバード・コール (プレミアム再投資型),東証ETF,"1,549",-6,-0.39,900,2026/08/18
1795,1795,2984,ヤマイチエステート(株),東証STD,763,-3,-0.39,"2,400",2026/08/18
1796,1796,3183,ウイン・パートナーズ(株),東証PRM,"1,275",-5,-0.39,"14,100",2026/08/18
1797,1797,3234,森ヒルズリート投資法人,東証,"126,900",-500,-0.39,"3,176",2026/08/18
1798,1798,3290,Oneリート投資法人,東証,"77,500",-300,-0.39,"2,470",2026/08/18
1799,1799,3762,テクマトリックス(株),東証PRM,"2,301",-9,-0.39,"155,200",2026/08/18
1800,1800,380A,GX チャイナテック,東証ETF,"1,009",-4,-0.39,"3,483",2026/08/18
1801,1801,386A,(株)みのや,東証STD,"1,267",-5,-0.39,"14,500",2026/08/18
1802,1802,426A,ニッセイ ETF S&P500イコール・ウェイト(H無),東証ETF,"1,265",-5,-0.39,"33,142",2026/08/18
1803,1803,4896,(株)ケイファーマ,東証GRT,766,-3,-0.39,"13,200",2026/08/18
1804,1804,531A,NZAM 上場投信 日経平均高配当株50,東証ETF,"2,301",-9,-0.39,165,2026/08/18
1805,1805,573A,iシェアーズ 日本国債20年超,東証ETF,486.6,-1.9,-0.39,"286,830",2026/08/18
1806,1806,5906,エムケー精工(株),東証STD,757,-3,-0.39,"3,800",2026/08/18
1807,1807,5979,カネソウ(株),名証MN,"5,070",-20,-0.39,100,2026/08/18
1808,1808,6853,(株)共和電業,東証STD,775,-3,-0.39,"30,200",2026/08/18
1809,1809,7487,小津産業(株),東証STD,"1,788",-7,-0.39,"3,500",2026/08/18
1810,1810,8729,ソニーフィナンシャルグループ(株),東証PRM,155,-0.6,-0.39,"50,589,100",2026/08/18
1811,1811,9279,(株)ギフトホールディングス,東証PRM,"5,050",-20,-0.39,"81,900",2026/08/18
1812,1812,9627,(株)アインホールディングス,東証PRM,"6,084",-24,-0.39,"85,700",2026/08/18
1813,1813,9635,武蔵野興業(株),東証STD,"2,545",-10,-0.39,100,2026/08/18
1814,1814,1632,(NEXT FUNDS)金融(除く銀行)上場投信,東証ETF,"41,970",-160,-0.38,"1,093",2026/08/18
1815,1815,173A,(株)ハンモック,東証GRT,"1,575",-6,-0.38,"1,000",2026/08/18
1816,1816,2475,ＷＤＢホールディングス(株),東証PRM,"1,834",-7,-0.38,"20,500",2026/08/18
1817,1817,2849,GX Morningstar 高配当 ESG-日本株式,東証ETF,"5,540",-21,-0.38,55,2026/08/18
1818,1818,3151,(株)バイタルケーエスケー・ホールディングス,東証PRM,"1,588",-6,-0.38,"71,200",2026/08/18
1819,1819,3242,(株)アーバネットコーポレーション,東証STD,520,-2,-0.38,"35,100",2026/08/18
1820,1820,3353,(株)メディカル一光グループ,東証STD,"2,868",-11,-0.38,"1,100",2026/08/18
1821,1821,3471,三井不動産ロジスティクスパーク投資法人,東証,"105,800",-400,-0.38,"4,988",2026/08/18
1822,1822,350A,デジタルグリッド(株),東証GRT,777,-3,-0.38,"117,500",2026/08/18
1823,1823,3648,ＡＧＳ(株),東証STD,"1,041",-4,-0.38,"8,200",2026/08/18
1824,1824,4054,日本情報クリエイト(株),東証GRT,527,-2,-0.38,"21,400",2026/08/18
1825,1825,6617,(株)東光高岳,東証PRM,"7,790",-30,-0.38,"122,000",2026/08/18
1826,1826,7185,ヒロセ通商(株),東証STD,"3,925",-15,-0.38,"3,300",2026/08/18
1827,1827,7539,(株)アイナボホールディングス,東証STD,790,-3,-0.38,"5,500",2026/08/18
1828,1828,7749,メディキット(株),東証STD,"2,849",-11,-0.38,"2,300",2026/08/18
1829,1829,8158,ソーダニッカ(株),東証PRM,"1,326",-5,-0.38,"56,000",2026/08/18
1830,1830,9434,ソフトバンク(株),東証PRM,234,-0.9,-0.38,"65,486,500",2026/08/18
1831,1831,2689,オルバヘルスケアホールディングス(株),東証STD,"1,884",-7,-0.37,"2,800",2026/08/18
1832,1832,2936,ベースフード(株),東証GRT,270,-1,-0.37,"19,500",2026/08/18
1833,1833,3446,(株)ジェイテックコーポレーション,東証STD,"1,636",-6,-0.37,"18,100",2026/08/18
1834,1834,4574,大幸薬品(株),東証PRM,269,-1,-0.37,"163,500",2026/08/18
1835,1835,5535,ミガロホールディングス(株),東証PRM,272,-1,-0.37,"140,800",2026/08/18
1836,1836,563A,GX NASDAQ100・デイリー・カバード・コール,東証ETF,"1,071",-4,-0.37,"687,338",2026/08/18
1837,1837,9365,トレーディア(株),東証STD,"1,608",-6,-0.37,400,2026/08/18
1838,1838,2553,One ETF 南方 中国A株 CSI500,東証ETF,"2,518",-9,-0.36,"1,000",2026/08/18
1839,1839,2839,MAXIS 米国国債7-10年上場投信(H有),東証ETF,"4,957",-18,-0.36,"4,056",2026/08/18
1840,1840,3768,リスクモンスター(株),東証STD,556,-2,-0.36,300,2026/08/18
1841,1841,379A,GX S&P500 (ダイナミック・プロテクション),東証ETF,"1,375",-5,-0.36,37,2026/08/18
1842,1842,3958,笹徳印刷(株),東証STD,549,-2,-0.36,"3,300",2026/08/18
1843,1843,4619,日本特殊塗料(株),東証STD,"2,738",-10,-0.36,"22,000",2026/08/18
1844,1844,5184,(株)ニチリン,東証STD,"4,135",-15,-0.36,"6,700",2026/08/18
1845,1845,5891,(株)ＳＡＫＩＧＡＫＥホールディングス,東証STD,"1,644",-6,-0.36,"1,800",2026/08/18
1846,1846,5905,日本製罐(株),東証STD,"1,374",-5,-0.36,"1,800",2026/08/18
1847,1847,6038,(株)イード,東証GRT,821,-3,-0.36,"3,300",2026/08/18
1848,1848,6044,(株)三機サービス,東証STD,"1,923",-7,-0.36,"3,200",2026/08/18
1849,1849,6287,(株)サトー,東証PRM,"2,783",-10,-0.36,"201,600",2026/08/18
1850,1850,7846,(株)パイロットコーポレーション,東証PRM,"1,933",-7,-0.36,"215,600",2026/08/18
1851,1851,7912,大日本印刷(株),東証PRM,"3,307",-12,-0.36,"1,300,100",2026/08/18
1852,1852,8291,日産東京販売ホールディングス(株),東証STD,549,-2,-0.36,"41,900",2026/08/18
1853,1853,9603,(株)エイチ・アイ・エス,東証PRM,"1,122",-4,-0.36,"372,200",2026/08/18
1854,1854,9843,(株)ニトリホールディングス,東証PRM,"2,903.5",-10.5,-0.36,"3,142,200",2026/08/18
1855,1855,1398,SMDAM 東証REIT指数上場投信,東証ETF,"1,859",-6.5,-0.35,"51,900",2026/08/18
1856,1856,1546,(NEXT FUNDS)ダウ･ジョーンズ工業株30種(H無),東証ETF,"82,630",-290,-0.35,"1,618",2026/08/18
1857,1857,2554,(NEXT FUNDS)米国投資適格社債(1-10年)(H有),東証ETF,748.6,-2.6,-0.35,"3,220",2026/08/18
1858,1858,2843,上場インデックスファンド豪州国債(H有),東証ETF,"3,669",-13,-0.35,308,2026/08/18
1859,1859,2972,サンケイリアルエステート投資法人,東証,"113,300",-400,-0.35,958,2026/08/18
1860,1860,4750,(株)ダイサン,東証STD,568,-2,-0.35,"1,000",2026/08/18
1861,1861,4768,(株)大塚商会,東証PRM,"3,425",-12,-0.35,"891,800",2026/08/18
1862,1862,5619,マーソ(株),東証GRT,863,-3,-0.35,300,2026/08/18
1863,1863,5923,高田機工(株),東証STD,"1,141",-4,-0.35,"1,300",2026/08/18
1864,1864,5956,トーソー(株),東証STD,573,-2,-0.35,"3,000",2026/08/18
1865,1865,6988,日東電工(株),東証PRM,"3,464",-12,-0.35,"2,129,400",2026/08/18
1866,1866,7224,新明和工業(株),東証PRM,"2,016",-7,-0.35,"177,000",2026/08/18
1867,1867,7875,竹田ｉＰホールディングス(株),東証STD,843,-3,-0.35,"15,100",2026/08/18
1868,1868,7965,象印マホービン(株),東証PRM,"1,440",-5,-0.35,"104,500",2026/08/18
1869,1869,9023,東京地下鉄(株),東証PRM,"1,440.5",-5,-0.35,"1,543,800",2026/08/18
1870,1870,9554,(株)ＡＶｉＣ,東証GRT,"1,718",-6,-0.35,"39,300",2026/08/18
1871,1871,188A,GX インド・トップ10+,東証ETF,882,-3,-0.34,"23,521",2026/08/18
1872,1872,2153,Ｅ・Ｊホールディングス(株),東証PRM,"1,771",-6,-0.34,"56,800",2026/08/18
1873,1873,2857,iシェアーズ ドイツ国債 ETF(H有),東証ETF,622.8,-2.1,-0.34,40,2026/08/18
1874,1874,3042,(株)セキュアヴェイル,東証STD,297,-1,-0.34,"25,300",2026/08/18
1875,1875,3190,(株)ホットマン,東証STD,582,-2,-0.34,400,2026/08/18
1876,1876,3236,(株)プロパスト,東証STD,289,-1,-0.34,"87,400",2026/08/18
1877,1877,4827,ビジネス・ワンホールディングス(株),福岡Q,888,-3,-0.34,500,2026/08/18
1878,1878,4934,プレミアアンチエイジング(株),東証GRT,592,-2,-0.34,"6,700",2026/08/18
1879,1879,5586,(株)Ｌａｂｏｒｏ．ＡＩ,東証GRT,887,-3,-0.34,"55,900",2026/08/18
1880,1880,5711,三菱マテリアル(株),東証PRM,"5,246",-18,-0.34,"2,245,900",2026/08/18
1881,1881,5936,東洋シヤッター(株),東証STD,889,-3,-0.34,"6,200",2026/08/18
1882,1882,6157,日進工具(株),東証STD,875,-3,-0.34,"123,200",2026/08/18
1883,1883,6643,(株)戸上電機製作所,東証STD,"5,810",-20,-0.34,"2,900",2026/08/18
1884,1884,6919,ケル(株),東証STD,"1,459",-5,-0.34,"11,000",2026/08/18
1885,1885,7128,ユニソルホールディングス(株),東証PRM,"2,946",-10,-0.34,"125,000",2026/08/18
1886,1886,75505,（株）ゼンショーホールディングス第1回社債型種類株式,東証PRM,"4,943",-17,-0.34,300,2026/08/18
1887,1887,7674,(株)ＮＡＴＴＹ　ＳＷＡＮＫＹホールディングス,東証GRT,"2,600",-9,-0.34,"2,200",2026/08/18
1888,1888,7807,(株)幸和製作所,東証STD,879,-3,-0.34,"2,000",2026/08/18
1889,1889,9553,(株)マイクロアド,東証GRT,588,-2,-0.34,"154,000",2026/08/18
1890,1890,1982,日比谷総合設備(株),東証PRM,"3,000",-10,-0.33,"65,500",2026/08/18
1891,1891,3068,(株)ＷＤＩ,東証STD,"3,030",-10,-0.33,"2,000",2026/08/18
1892,1892,3317,(株)フライングガーデン,東証STD,"1,498",-5,-0.33,"2,300",2026/08/18
1893,1893,5570,(株)ジェノバ,東証GRT,611,-2,-0.33,"8,100",2026/08/18
1894,1894,5609,日本鋳造(株),東証STD,917,-3,-0.33,"3,200",2026/08/18
1895,1895,5753,日本伸銅(株),東証STD,"2,437",-8,-0.33,"2,200",2026/08/18
1896,1896,6091,(株)ウエスコホールディングス,東証STD,911,-3,-0.33,"6,600",2026/08/18
1897,1897,6230,ＳＡＮＥＩ(株),東証STD,"2,124",-7,-0.33,"1,400",2026/08/18
1898,1898,6785,(株)鈴木,東証PRM,"3,060",-10,-0.33,"58,500",2026/08/18
1899,1899,7867,(株)タカラトミー,東証PRM,"3,588",-12,-0.33,"383,300",2026/08/18
1900,1900,8254,(株)さいか屋,東証STD,305,-1,-0.33,"54,600",2026/08/18
1901,1901,9360,鈴与シンワート(株),東証STD,"2,758",-9,-0.33,900,2026/08/18
1902,1902,9409,(株)テレビ朝日ホールディングス,東証PRM,"3,050",-10,-0.33,"139,300",2026/08/18
1903,1903,1595,NZAM 上場投信 東証REIT指数,東証ETF,"1,849",-6,-0.32,"12,887",2026/08/18
1904,1904,1965,(株)テクノ菱和,東証STD,"6,230",-20,-0.32,"67,100",2026/08/18
1905,1905,2090,NZAM 上場投信 米国国債7-10年(H有),東証ETF,"4,307",-14,-0.32,3,2026/08/18
1906,1906,2201,森永製菓(株),東証PRM,"2,522.5",-8,-0.32,"352,200",2026/08/18
1907,1907,2208,(株)ブルボン,東証STD,"3,100",-10,-0.32,"9,400",2026/08/18
1908,1908,2483,(株)翻訳センター,東証STD,"2,188",-7,-0.32,"3,800",2026/08/18
1909,1909,2678,アスクル(株),東証PRM,"1,238",-4,-0.32,"300,500",2026/08/18
1910,1910,2747,北雄ラッキー(株),東証STD,"3,150",-10,-0.32,400,2026/08/18
1911,1911,3079,ディーブイエックス(株),東証STD,943,-3,-0.32,"4,100",2026/08/18
1912,1912,340A,(株)ジグザグ,東証GRT,309,-1,-0.32,"10,000",2026/08/18
1913,1913,4421,(株)ディ・アイ・システム,東証STD,934,-3,-0.32,"1,100",2026/08/18
1914,1914,4919,(株)ミルボン,東証PRM,"3,160",-10,-0.32,"152,900",2026/08/18
1915,1915,493A,One ETF 日本国債 1-3年,東証ETF,993.6,-3.2,-0.32,130,2026/08/18
1916,1916,5571,エキサイトホールディングス(株),東証STD,937,-3,-0.32,"14,900",2026/08/18
1917,1917,6382,トリニティ工業(株),東証STD,"1,241",-4,-0.32,"19,400",2026/08/18
1918,1918,6696,(株)トラース・オン・プロダクト,東証GRT,310,-1,-0.32,"18,200",2026/08/18
1919,1919,6718,アイホン(株),東証PRM,"2,830",-9,-0.32,"22,000",2026/08/18
1920,1920,7898,(株)ウッドワン,東証STD,921,-3,-0.32,"1,800",2026/08/18
1921,1921,8604,野村ホールディングス(株),東証PRM,"1,554",-5,-0.32,"6,747,400",2026/08/18
1922,1922,8850,スターツコーポレーション(株),東証PRM,"4,665",-15,-0.32,"50,400",2026/08/18
1923,1923,9242,メディア総研(株),東証GRT,"1,881",-6,-0.32,700,2026/08/18
1924,1924,9312,ケイヒン(株),東証STD,"2,814",-9,-0.32,"5,800",2026/08/18
1925,1925,1431,(株)Ｌｉｂ　Ｗｏｒｋ,東証GRT,647,-2,-0.31,"23,000",2026/08/18
1926,1926,1869,名工建設(株),名証MN,"1,911",-6,-0.31,"4,500",2026/08/18
1927,1927,1873,(株)日本ハウスホールディングス,東証PRM,321,-1,-0.31,"117,900",2026/08/18
1928,1928,2084,(NEXT FUNDS) 日本高配当株アクティブ,東証ETF,"3,888",-12,-0.31,"2,103",2026/08/18
1929,1929,3076,あい　ホールディングス(株),東証PRM,"2,936",-9,-0.31,"127,700",2026/08/18
1930,1930,4678,(株)秀英予備校,東証STD,322,-1,-0.31,"3,300",2026/08/18
1931,1931,4725,(株)ＣＡＣ　Ｈｏｌｄｉｎｇｓ,東証PRM,"1,941",-6,-0.31,"36,600",2026/08/18
1932,1932,6289,(株)技研製作所,東証PRM,"1,937",-6,-0.31,"53,500",2026/08/18
1933,1933,6633,(株)ＣＧＳホールディングス,東証STD,318,-1,-0.31,"5,800",2026/08/18
1934,1934,7091,(株)リビングプラットフォーム,東証GRT,"1,286",-4,-0.31,"4,300",2026/08/18
1935,1935,8198,マックスバリュ東海(株),東証STD,"3,240",-10,-0.31,"17,500",2026/08/18
1936,1936,8801,三井不動産(株),東証PRM,"1,444.5",-4.5,-0.31,"10,448,800",2026/08/18
1937,1937,8976,大和証券オフィス投資法人,東証,"325,500","-1,000",-0.31,"1,510",2026/08/18
1938,1938,9075,福山通運(株),東証PRM,"6,350",-20,-0.31,"120,500",2026/08/18
1939,1939,9286,エネクス・インフラ投資法人,東証,"47,600",-150,-0.31,"1,448",2026/08/18
1940,1940,2235,上場インデックスファンド米国株式(ダウ平均)H無,東証ETF,"3,689",-11,-0.3,591,2026/08/18
1941,1941,2529,(NEXT FUNDS)野村株主還元70連動型上場投信,東証ETF,"2,365",-7,-0.3,"15,350",2026/08/18
1942,1942,7110,(株)クラシコム,東証GRT,"2,003",-6,-0.3,"2,400",2026/08/18
1943,1943,7314,(株)小田原機器,東証STD,"1,310",-4,-0.3,"1,000",2026/08/18
1944,1944,7673,ダイコー通産(株),東証STD,"1,640",-5,-0.3,"2,200",2026/08/18
1945,1945,8020,兼松(株),東証PRM,"2,171",-6.5,-0.3,"397,400",2026/08/18
1946,1946,8023,ＤＡＩＫＯ　ＸＴＥＣＨ(株),東証STD,"1,010",-3,-0.3,"2,200",2026/08/18
1947,1947,8750,(株)第一ライフグループ,東証PRM,"1,841.5",-5.5,-0.3,"7,596,900",2026/08/18
1948,1948,9236,ジャパンＭ＆Ａソリューション(株),東証GRT,"1,345",-4,-0.3,"1,200",2026/08/18
1949,1949,9885,(株)シャルレ,東証STD,334,-1,-0.3,"2,300",2026/08/18
1950,1950,1768,(株)ソネック,東証STD,"1,032",-3,-0.29,"4,200",2026/08/18
1951,1951,2438,(株)アスカネット,東証GRT,347,-1,-0.29,"18,900",2026/08/18
1952,1952,2848,GX MSCI 気候変動対応-日本株式,東証ETF,"3,145",-9,-0.29,2,2026/08/18
1953,1953,3143,オーウイル(株),東証STD,694,-2,-0.29,900,2026/08/18
1954,1954,343A,(株)ＩＡＣＥトラベル,東証STD,"1,360",-4,-0.29,"10,300",2026/08/18
1955,1955,4045,東亞合成(株),東証PRM,"1,865",-5.5,-0.29,"105,100",2026/08/18
1956,1956,4064,日本カーバイド工業(株),東証PRM,"3,430",-10,-0.29,"70,100",2026/08/18
1957,1957,4463,日華化学(株),東証STD,"2,057",-6,-0.29,"15,500",2026/08/18
1958,1958,4490,(株)ビザスク,東証GRT,686,-2,-0.29,"7,000",2026/08/18
1959,1959,4925,(株)ハーバー研究所,東証STD,"1,725",-5,-0.29,"1,300",2026/08/18
1960,1960,5032,ＡＮＹＣＯＬＯＲ(株),東証PRM,"2,794",-8,-0.29,"599,600",2026/08/18
1961,1961,6579,ログリー(株),東証GRT,349,-1,-0.29,"4,700",2026/08/18
1962,1962,6771,池上通信機(株),東証STD,678,-2,-0.29,"11,400",2026/08/18
1963,1963,7119,(株)ハルメクホールディングス,東証GRT,"1,712",-5,-0.29,"4,900",2026/08/18
1964,1964,7172,(株)ジャパンインベストメントアドバイザー,東証PRM,"2,087",-6,-0.29,"158,700",2026/08/18
1965,1965,9417,(株)スマートバリュー,東証STD,340,-1,-0.29,"11,100",2026/08/18
1966,1966,9753,アイエックス・ナレッジ(株),東証STD,"1,355",-4,-0.29,"8,200",2026/08/18
1967,1967,9889,ＪＢＣＣホールディングス(株),東証PRM,"1,699",-5,-0.29,"165,700",2026/08/18
1968,1968,9950,(株)ハチバン,東証STD,"3,420",-10,-0.29,"1,000",2026/08/18
1969,1969,2359,(株)コア,東証PRM,"2,120",-6,-0.28,"15,400",2026/08/18
1970,1970,2722,(株)ＩＫホールディングス,東証STD,358,-1,-0.28,"6,400",2026/08/18
1971,1971,3772,ウェルス・マネジメント(株),東証STD,"1,076",-3,-0.28,"6,400",2026/08/18
1972,1972,5851,リョービ(株),東証PRM,"2,834",-8,-0.28,"86,500",2026/08/18
1973,1973,6150,タケダ機械(株),東証STD,"2,801",-8,-0.28,"1,000",2026/08/18
1974,1974,6345,(株)アイチコーポレーション,東証PRM,"1,412",-4,-0.28,"171,800",2026/08/18
1975,1975,6915,千代田インテグレ(株),東証STD,"3,510",-10,-0.28,"7,000",2026/08/18
1976,1976,7520,(株)エコス,東証PRM,"2,531",-7,-0.28,"17,200",2026/08/18
1977,1977,8081,(株)カナデン,東証PRM,"2,507",-7,-0.28,"83,300",2026/08/18
1978,1978,8920,(株)東祥,東証STD,718,-2,-0.28,"48,500",2026/08/18
1979,1979,218A,(株)Ｌｉｂｅｒａｗａｒｅ,東証GRT,"1,101",-3,-0.27,"167,500",2026/08/18
1980,1980,2270,雪印メグミルク(株),東証PRM,"3,670",-10,-0.27,"153,900",2026/08/18
1981,1981,2395,(株)新日本科学,東証PRM,"1,463",-4,-0.27,"157,900",2026/08/18
1982,1982,3435,サンコーテクノ(株),東証STD,"1,457",-4,-0.27,"4,000",2026/08/18
1983,1983,4120,スガイ化学工業(株),東証STD,"2,930",-8,-0.27,500,2026/08/18
1984,1984,4441,トビラシステムズ(株),東証STD,"1,472",-4,-0.27,"22,400",2026/08/18
1985,1985,5901,東洋製罐グループホールディングス(株),東証PRM,"4,414",-12,-0.27,"230,700",2026/08/18
1986,1986,6413,理想科学工業(株),東証PRM,"1,110",-3,-0.27,"34,600",2026/08/18
1987,1987,6482,ＹＵＳＨＩＮ(株),東証STD,739,-2,-0.27,"30,500",2026/08/18
1988,1988,7388,(株)ＦＰパートナー,東証PRM,"2,233",-6,-0.27,"41,600",2026/08/18
1989,1989,7805,プリントネット(株),東証STD,748,-2,-0.27,"40,500",2026/08/18
1990,1990,8699,ＨＳホールディングス(株),東証STD,"1,127",-3,-0.27,"35,800",2026/08/18
1991,1991,9035,第一交通産業(株),福証,742,-2,-0.27,"2,500",2026/08/18
1992,1992,9362,兵機海運(株),東証STD,"3,720",-10,-0.27,300,2026/08/18
1993,1993,9979,(株)大庄,東証STD,"1,111",-3,-0.27,"25,000",2026/08/18
1994,1994,1482,iシェアーズ・コア 米国債7-10年ETF(H有),東証ETF,"1,536",-4,-0.26,"11,428",2026/08/18
1995,1995,1720,東急建設(株),東証PRM,"1,142",-3,-0.26,"363,500",2026/08/18
1996,1996,1929,日特建設(株),東証PRM,"1,171",-3,-0.26,"57,400",2026/08/18
1997,1997,2031,NEXT NOTES 香港ハンセン･ダブル･ブルETN,東証ETF,"8,018",-21,-0.26,356,2026/08/18
1998,1998,2092,NZAM 上場投信 フランス国債7-10年(H有),東証ETF,"4,542",-12,-0.26,2,2026/08/18
1999,1999,2327,日鉄ソリューションズ(株),東証PRM,"3,769",-10,-0.26,"199,000",2026/08/18
2000,2000,3293,アズマハウス(株),東証STD,770,-2,-0.26,800,2026/08/18
2001,2001,4492,(株)ゼネテック,東証STD,383,-1,-0.26,"38,200",2026/08/18
2002,2002,4668,(株)明光ネットワークジャパン,東証PRM,779,-2,-0.26,"125,400",2026/08/18
2003,2003,4767,(株)テー・オー・ダブリュー,東証STD,386,-1,-0.26,"180,100",2026/08/18
2004,2004,5261,リソルホールディングス(株),東証PRM,"7,650",-20,-0.26,"2,000",2026/08/18
2005,2005,6089,(株)ウィルグループ,東証PRM,"1,157",-3,-0.26,"45,700",2026/08/18
2006,2006,6159,ミクロン精密(株),東証STD,"1,940",-5,-0.26,"1,800",2026/08/18
2007,2007,6557,ＡＩＡＩグループ(株),東証GRT,780,-2,-0.26,"29,100",2026/08/18
2008,2008,7129,ミアヘルサホールディングス(株),東証STD,"1,144",-3,-0.26,800,2026/08/18
2009,2009,7462,(株)ＣＡＰＩＴＡ,東証STD,380,-1,-0.26,"27,100",2026/08/18
2010,2010,7614,(株)オーエムツーネットワーク,東証STD,"1,531",-4,-0.26,"1,900",2026/08/18
2011,2011,8316,(株)三井住友フィナンシャルグループ,東証PRM,"6,900",-18,-0.26,"8,906,200",2026/08/18
2012,2012,1487,上場インデックスファンド米国債券(H有),東証ETF,"11,755",-30,-0.25,304,2026/08/18
2013,2013,1551,東証スタンダードTOP20,東証ETF,"7,250",-18,-0.25,"1,050",2026/08/18
2014,2014,157A,グリーンモンスター(株),東証GRT,793,-2,-0.25,"6,400",2026/08/18
2015,2015,1673,WisdomTree 銀上場投信,東証ETF,"9,477",-24,-0.25,"4,220",2026/08/18
2016,2016,1882,東亜道路工業(株),東証PRM,"1,616",-4,-0.25,"298,300",2026/08/18
2017,2017,1975,(株)朝日工業社,東証PRM,"3,930",-10,-0.25,"92,000",2026/08/18
2018,2018,248A,(株)キッズスター,東証GRT,813,-2,-0.25,"1,300",2026/08/18
2019,2019,2573,北海道コカ・コーラボトリング(株),東証STD,"4,000",-10,-0.25,"3,100",2026/08/18
2020,2020,2653,イオン九州(株),東証STD,"2,829",-7,-0.25,"34,400",2026/08/18
2021,2021,2782,(株)セリア,東証STD,"4,060",-10,-0.25,"181,900",2026/08/18
2022,2022,3096,(株)オーシャンシステム,東証STD,"1,611",-4,-0.25,"1,900",2026/08/18
2023,2023,3174,(株)ハピネス・アンド・ディ,東証STD,402,-1,-0.25,"16,700",2026/08/18
2024,2024,3419,アートグリーン(株),名証NXT,"1,974",-5,-0.25,100,2026/08/18
2025,2025,4059,(株)まぐまぐ,東証STD,399,-1,-0.25,"1,500",2026/08/18
2026,2026,409A,オリオンビール(株),東証PRM,"1,194",-3,-0.25,"184,400",2026/08/18
2027,2027,4519,中外製薬(株),東証PRM,"6,847",-17,-0.25,"2,180,500",2026/08/18
2028,2028,4686,(株)ジャストシステム,東証PRM,"3,965",-10,-0.25,"70,500",2026/08/18
2029,2029,5036,日本ビジネスシステムズ(株),東証PRM,"1,571",-4,-0.25,"83,200",2026/08/18
2030,2030,5867,(株)エスネットワークス,東証GRT,"1,215",-3,-0.25,"1,600",2026/08/18
2031,2031,600A,ニッセイ ETF ラッセル2000,東証ETF,"2,006",-5,-0.25,269,2026/08/18
2032,2032,6402,兼松エンジニアリング(株),東証STD,"1,606",-4,-0.25,400,2026/08/18
2033,2033,6561,(株)ＨＡＮＡＴＯＵＲ　ＪＡＰＡＮ,東証GRT,807,-2,-0.25,"10,700",2026/08/18
2034,2034,7191,(株)イントラスト,東証STD,"1,182",-3,-0.25,"13,000",2026/08/18
2035,2035,7472,(株)鳥羽洋行,東証STD,"3,930",-10,-0.25,500,2026/08/18
2036,2036,7722,国際計測器(株),東証STD,794,-2,-0.25,"49,100",2026/08/18
2037,2037,7793,(株)イメージ・マジック,東証GRT,"1,579",-4,-0.25,"2,000",2026/08/18
2038,2038,7818,(株)トランザクション,東証PRM,"1,195",-3,-0.25,"232,900",2026/08/18
2039,2039,7962,(株)キングジム,東証PRM,807,-2,-0.25,"19,900",2026/08/18
2040,2040,8593,三菱ＨＣキャピタル(株),東証PRM,"1,382",-3.5,-0.25,"3,602,100",2026/08/18
2041,2041,9716,(株)乃村工藝社,東証PRM,"1,209",-3,-0.25,"200,500",2026/08/18
2042,2042,9766,コナミグループ(株),東証PRM,"21,540",-55,-0.25,"380,800",2026/08/18
2043,2043,1585,iFreeETF TOPIX Ex-Financials,東証ETF,"2,719.5",-6.5,-0.24,40,2026/08/18
2044,2044,1964,中外炉工業(株),東証PRM,"4,170",-10,-0.24,"23,600",2026/08/18
2045,2045,3405,(株)クラレ,東証PRM,"1,846.5",-4.5,-0.24,"2,018,900",2026/08/18
2046,2046,6292,(株)カワタ,東証STD,849,-2,-0.24,"1,000",2026/08/18
2047,2047,6302,住友重機械工業(株),東証PRM,"5,919",-14,-0.24,"683,200",2026/08/18
2048,2048,6339,新東工業(株),東証PRM,"1,267",-3,-0.24,"117,600",2026/08/18
2049,2049,6459,だいわ(株),東証PRM,"1,698",-4,-0.24,"96,000",2026/08/18
2050,2050,6568,神戸天然物化学(株),東証GRT,"1,263",-3,-0.24,"1,700",2026/08/18
2051,2051,7427,エコートレーディング(株),東証STD,833,-2,-0.24,"2,300",2026/08/18
2052,2052,8596,(株)九州リースサービス,東証STD,"1,651",-4,-0.24,"23,800",2026/08/18
2053,2053,9237,(株)笑美面,東証GRT,840,-2,-0.24,"22,600",2026/08/18
2054,2054,9636,(株)きんえい,東証STD,"4,170",-10,-0.24,200,2026/08/18
2055,2055,9895,(株)コンセック,東証STD,"1,264",-3,-0.24,400,2026/08/18
2056,2056,2294,(株)柿安本店,東証PRM,"2,599",-6,-0.23,"19,700",2026/08/18
2057,2057,2317,(株)システナ,東証PRM,433,-1,-0.23,"895,400",2026/08/18
2058,2058,2670,(株)エービーシー・マート,東証PRM,"2,778.5",-6.5,-0.23,"343,600",2026/08/18
2059,2059,3283,日本プロロジスリート投資法人,東証,"87,600",-200,-0.23,"8,646",2026/08/18
2060,2060,3396,(株)フェリシモ,東証STD,874,-2,-0.23,"3,400",2026/08/18
2061,2061,3673,(株)ブロードリーフ,東証PRM,435,-1,-0.23,"953,800",2026/08/18
2062,2062,394A,業界改革厳選ETFテレビ業界,東証ETF,521.5,-1.2,-0.23,80,2026/08/18
2063,2063,451A,ステート・ストリート・スパイダー S&P500 高配当株ETF,東証ETF,303.2,-0.7,-0.23,"4,150",2026/08/18
2064,2064,5463,丸一鋼管(株),東証PRM,"1,773.5",-4,-0.23,"1,057,500",2026/08/18
2065,2065,6675,サクサ(株),東証STD,"2,167",-5,-0.23,"37,400",2026/08/18
2066,2066,6848,東亜ディーケーケー(株),東証STD,865,-2,-0.23,"1,900",2026/08/18
2067,2067,7064,(株)ハウテレビジョン,東証STD,876,-2,-0.23,"2,900",2026/08/18
2068,2068,7208,(株)カネミツ,東証STD,"1,294",-3,-0.23,"4,300",2026/08/18
2069,2069,7419,(株)ノジマ,東証PRM,"1,295",-3,-0.23,"856,100",2026/08/18
2070,2070,7775,大研医器(株),東証STD,427,-1,-0.23,"14,300",2026/08/18
2071,2071,9380,東海運(株),東証STD,436,-1,-0.23,"11,700",2026/08/18
2072,2072,2091,NZAM 上場投信 ドイツ国債7-10年(H有),東証ETF,"4,498",-10,-0.22,6,2026/08/18
2073,2073,2326,デジタルアーツ(株),東証PRM,"4,470",-10,-0.22,"113,900",2026/08/18
2074,2074,2856,iシェアーズ 米国債3-7年 ETF(H有),東証ETF,648.3,-1.4,-0.22,360,2026/08/18
2075,2075,3197,(株)すかいらーくホールディングス,東証PRM,"3,158",-7,-0.22,"1,068,300",2026/08/18
2076,2076,3469,(株)デュアルタップ,東証STD,899,-2,-0.22,"5,900",2026/08/18
2077,2077,4116,大日精化工業(株),東証PRM,"1,341",-3,-0.22,"124,400",2026/08/18
2078,2078,4238,ミライアル(株),東証STD,"1,783",-4,-0.22,"34,700",2026/08/18
2079,2079,4371,(株)コアコンセプト・テクノロジー,東証GRT,"1,376",-3,-0.22,"32,200",2026/08/18
2080,2080,4433,(株)ヒト・コミュニケーションズ・ホールディングス,東証PRM,909,-2,-0.22,"24,800",2026/08/18
2081,2081,6149,(株)小田原エンジニアリング,東証STD,"2,258",-5,-0.22,"17,100",2026/08/18
2082,2082,7646,(株)ＰＬＡＮＴ,東証STD,"1,845",-4,-0.22,"4,800",2026/08/18
2083,2083,7702,(株)ＪＭＳ,東証STD,457,-1,-0.22,"13,800",2026/08/18
2084,2084,9414,日本ＢＳ放送(株),東証STD,923,-2,-0.22,"24,400",2026/08/18
2085,2085,9890,(株)マキヤ,東証STD,"1,355",-3,-0.22,"7,000",2026/08/18
2086,2086,1488,iFreeETF 東証REIT指数,東証ETF,"1,875",-4,-0.21,"47,680",2026/08/18
2087,2087,220A,(株)Ｆａｂｅｒ　Ｃｏｍｐａｎｙ,東証STD,937,-2,-0.21,800,2026/08/18
2088,2088,2226,(株)湖池屋,東証STD,"4,865",-10,-0.21,"1,800",2026/08/18
2089,2089,2623,iシェアーズ ユーロ建て投資適格社債(H有),東証ETF,"1,941",-4,-0.21,"1,558",2026/08/18
2090,2090,2789,(株)カルラ,東証STD,476,-1,-0.21,500,2026/08/18
2091,2091,2795,日本プリメックス(株),東証STD,948,-2,-0.21,"1,600",2026/08/18
2092,2092,2918,わらべや日洋ホールディングス(株),東証PRM,"2,795",-6,-0.21,"104,400",2026/08/18
2093,2093,3083,スターシーズ(株),東証STD,953,-2,-0.21,"35,500",2026/08/18
2094,2094,3920,アイビーシー(株),東証STD,973,-2,-0.21,100,2026/08/18
2095,2095,4664,ＲＳＣ,東証STD,948,-2,-0.21,"16,200",2026/08/18
2096,2096,4985,アース製薬(株),東証PRM,"4,785",-10,-0.21,"40,800",2026/08/18
2097,2097,5125,(株)ファインズ,東証GRT,477,-1,-0.21,"1,800",2026/08/18
2098,2098,5126,ポーターズ(株),東証GRT,"1,447",-3,-0.21,"1,200",2026/08/18
2099,2099,6307,サンセイ(株),東証STD,475,-1,-0.21,"8,500",2026/08/18
2100,2100,6750,エレコム(株),東証PRM,"1,905",-4,-0.21,"164,100",2026/08/18
2101,2101,8331,(株)千葉銀行,東証PRM,"2,837.5",-6,-0.21,"2,020,700",2026/08/18
2102,2102,9227,マイクロ波化学(株),東証GRT,960,-2,-0.21,"338,100",2026/08/18
2103,2103,1905,(株)テノックス,東証STD,"1,470",-3,-0.2,"1,600",2026/08/18
2104,2104,2098,GX ホテル&リテール・J-REIT,東証ETF,988,-2,-0.2,"6,968",2026/08/18
2105,2105,2561,iシェアーズ・コア 日本国債 ETF,東証ETF,"1,977",-4,-0.2,"19,583",2026/08/18
2106,2106,2683,(株)魚喜,東証STD,"1,011",-2,-0.2,"3,400",2026/08/18
2107,2107,3826,(株)システムインテグレータ,東証STD,495,-1,-0.2,"16,100",2026/08/18
2108,2108,4634,ａｒｔｉｅｎｃｅ(株),東証PRM,"5,060",-10,-0.2,"232,600",2026/08/18
2109,2109,4839,(株)ＷＯＷＯＷ,東証PRM,"1,008",-2,-0.2,"111,000",2026/08/18
2110,2110,9020,東日本旅客鉄道(株),東証PRM,"3,453",-7,-0.2,"3,070,100",2026/08/18
2111,2111,9326,関通ホールディングス(株),東証GRT,499,-1,-0.2,"18,400",2026/08/18
2112,2112,9672,東京都競馬(株),東証PRM,"5,040",-10,-0.2,"44,200",2026/08/18
2113,2113,1596,NZAM 上場投信 TOPIX Ex-Financials,東証ETF,"3,090",-6,-0.19,32,2026/08/18
2114,2114,2157,(株)コシダカホールディングス,東証PRM,"1,024",-2,-0.19,"792,100",2026/08/18
2115,2115,2998,クリアル(株),東証GRT,516,-1,-0.19,"279,000",2026/08/18
2116,2116,3086,Ｊ．フロント　リテイリング(株),東証PRM,"2,848.5",-5.5,-0.19,"604,800",2026/08/18
2117,2117,3289,東急不動産ホールディングス(株),東証PRM,"1,315",-2.5,-0.19,"2,644,100",2026/08/18
2118,2118,3488,セントラル・リート投資法人,東証,"103,500",-200,-0.19,"1,340",2026/08/18
2119,2119,4826,(株)ＣＩＪ,東証PRM,535,-1,-0.19,"206,600",2026/08/18
2120,2120,7111,ＩＮＥＳＴ(株),東証STD,513,-1,-0.19,"13,700",2026/08/18
2121,2121,7743,(株)シード,東証STD,532,-1,-0.19,"18,300",2026/08/18
2122,2122,7989,立川ブラインド工業(株),東証PRM,"2,669",-5,-0.19,"23,800",2026/08/18
2123,2123,7997,(株)くろがね工作所,東証STD,"1,060",-2,-0.19,800,2026/08/18
2124,2124,9313,丸八倉庫(株),東証STD,"1,047",-2,-0.19,700,2026/08/18
2125,2125,9601,松竹(株),東証PRM,"10,720",-20,-0.19,"40,100",2026/08/18
2126,2126,9769,(株)学究社,東証PRM,"2,622",-5,-0.19,"11,100",2026/08/18
2127,2127,1311,(NEXT FUNDS)TOPIX Core30連動型上場投信,東証ETF,"2,168",-4,-0.18,"6,440",2026/08/18
2128,2128,1446,(株)キャンディル,東証STD,544,-1,-0.18,"5,000",2026/08/18
2129,2129,224A,GX ウラニウムビジネス,東証ETF,"1,640",-3,-0.18,"2,634",2026/08/18
2130,2130,2257,iシェアーズ 米ドル建て投資適格社債,東証ETF,222,-0.4,-0.18,"28,420",2026/08/18
2131,2131,2861,上場インデックスファンドフランス国債(H無),東証ETF,"5,631",-10,-0.18,58,2026/08/18
2132,2132,3021,(株)パシフィックネット,東証STD,"1,650",-3,-0.18,"9,500",2026/08/18
2133,2133,3690,(株)イルグルム,東証STD,555,-1,-0.18,"3,100",2026/08/18
2134,2134,4015,ペイクラウドホールディングス(株),東証GRT,559,-1,-0.18,"26,600",2026/08/18
2135,2135,4391,ロジザード(株),東証GRT,"1,114",-2,-0.18,"3,300",2026/08/18
2136,2136,6384,(株)昭和真空,東証STD,"1,679",-3,-0.18,"10,300",2026/08/18
2137,2137,6594,ニデック(株),東証PRM,"2,810",-5,-0.18,"3,045,800",2026/08/18
2138,2138,7983,(株)ミロク,東証STD,"1,080",-2,-0.18,500,2026/08/18
2139,2139,8795,(株)Ｔ＆Ｄホールディングス,東証PRM,"4,929",-9,-0.18,"1,263,500",2026/08/18
2140,2140,1495,上場インデックスファンドアジアリート,東証ETF,"11,500",-20,-0.17,60,2026/08/18
2141,2141,1560,(NEXT FUNDS)マレーシアKLCI連動型上場投信,東証ETF,"6,462",-11,-0.17,"1,039",2026/08/18
2142,2142,1736,(株)オーテック,東証STD,"2,393",-4,-0.17,"5,100",2026/08/18
2143,2143,1833,(株)奥村組,東証PRM,"5,720",-10,-0.17,"81,200",2026/08/18
2144,2144,2241,MAXIS NYダウ上場投信,東証ETF,947.1,-1.6,-0.17,"1,020",2026/08/18
2145,2145,2391,(株)プラネット,東証STD,"1,175",-2,-0.17,"1,900",2026/08/18
2146,2146,2424,(株)ブラス,東証STD,601,-1,-0.17,700,2026/08/18
2147,2147,2557,SMDAM トピックス上場投信,東証ETF,"4,222",-7,-0.17,"1,350",2026/08/18
2148,2148,3474,Ｇ－ＦＡＣＴＯＲＹ(株),東証GRT,583,-1,-0.17,"1,300",2026/08/18
2149,2149,3557,ユナイテッド＆コレクティブ(株),東証GRT,572,-1,-0.17,"5,400",2026/08/18
2150,2150,3634,(株)ソケッツ,東証STD,585,-1,-0.17,"2,100",2026/08/18
2151,2151,3682,エンカレッジ・テクノロジ(株),東証STD,583,-1,-0.17,"2,100",2026/08/18
2152,2152,3914,ＪＩＧ－ＳＡＷ(株),東証GRT,"2,385",-4,-0.17,"7,200",2026/08/18
2153,2153,4095,日本パーカライジング(株),東証PRM,"1,730",-3,-0.17,"208,000",2026/08/18
2154,2154,4324,(株)電通グループ,東証PRM,"3,504",-6,-0.17,"1,572,500",2026/08/18
2155,2155,5101,横浜ゴム(株),東証PRM,"7,647",-13,-0.17,"600,500",2026/08/18
2156,2156,5247,(株)ＢＴＭ,東証GRT,576,-1,-0.17,"4,700",2026/08/18
2157,2157,5607,中央可鍛工業(株),名証MN,599,-1,-0.17,"24,000",2026/08/18
2158,2158,7226,極東開発工業(株),東証PRM,"2,350",-4,-0.17,"156,100",2026/08/18
2159,2159,9345,ビズメイツ(株),東証GRT,600,-1,-0.17,"1,400",2026/08/18
2160,2160,1758,太洋基礎工業(株),東証STD,"2,438",-4,-0.16,800,2026/08/18
2161,2161,2185,(株)シイエム・シイ,東証STD,"1,929",-3,-0.16,"1,200",2026/08/18
2162,2162,2215,第一屋製パン(株),東証STD,610,-1,-0.16,"25,100",2026/08/18
2163,2163,2798,(株)ワイズテーブルコーポレーション,東証STD,"3,065",-5,-0.16,"2,300",2026/08/18
2164,2164,3544,サツドラホールディングス(株),東証STD,"1,246",-2,-0.16,"10,300",2026/08/18
2165,2165,3608,(株)ＴＳＩホールディングス,東証PRM,"1,255",-2,-0.16,"208,100",2026/08/18
2166,2166,3839,(株)ＯＤＫソリューションズ,東証STD,629,-1,-0.16,"1,100",2026/08/18
2167,2167,4765,ＳＢＩグローバルアセットマネジメント(株),東証PRM,615,-1,-0.16,"254,500",2026/08/18
2168,2168,4967,小林製薬(株),東証PRM,"5,501",-9,-0.16,"155,000",2026/08/18
2169,2169,6061,(株)ユニバーサル園芸社,東証STD,"3,065",-5,-0.16,"10,900",2026/08/18
2170,2170,6923,スタンレー電気(株),東証PRM,"3,666",-6,-0.16,"480,000",2026/08/18
2171,2171,7366,(株)ＬＩＴＡＬＩＣＯ,東証PRM,"1,841",-3,-0.16,"112,100",2026/08/18
2172,2172,7389,(株)あいちフィナンシャルグループ,東証PRM,"1,859",-3,-0.16,"1,050,000",2026/08/18
2173,2173,9723,(株)京都ホテル,東証STD,635,-1,-0.16,"2,000",2026/08/18
2174,2174,143A,イシン(株),東証GRT,680,-1,-0.15,900,2026/08/18
2175,2175,2481,(株)タウンニュース社,東証STD,661,-1,-0.15,"3,600",2026/08/18
2176,2176,2736,フェスタリアホールディングス(株),東証STD,674,-1,-0.15,"2,800",2026/08/18
2177,2177,2915,ケンコーマヨネーズ(株),東証PRM,"2,030",-3,-0.15,"34,600",2026/08/18
2178,2178,315A,GX 銀行 高配当-日本株式,東証ETF,"1,951",-3,-0.15,"147,822",2026/08/18
2179,2179,3302,帝国繊維(株),東証PRM,"3,265",-5,-0.15,"33,200",2026/08/18
2180,2180,3451,トーセイ・リート投資法人,東証,"131,400",-200,-0.15,690,2026/08/18
2181,2181,4206,アイカ工業(株),東証PRM,"4,060",-6,-0.15,"252,200",2026/08/18
2182,2182,4326,(株)インテージホールディングス,東証PRM,"1,937",-3,-0.15,"28,700",2026/08/18
2183,2183,4428,(株)シノプス,東証GRT,671,-1,-0.15,"10,300",2026/08/18
2184,2184,4746,(株)東計電算,東証STD,"6,480",-10,-0.15,"194,900",2026/08/18
2185,2185,4809,パラカ(株),東証PRM,"2,062",-3,-0.15,"10,500",2026/08/18
2186,2186,5355,日本ルツボ(株),東証STD,674,-1,-0.15,"23,100",2026/08/18
2187,2187,5932,三協立山(株),東証PRM,666,-1,-0.15,"34,900",2026/08/18
2188,2188,6331,三菱化工機(株),東証PRM,"3,330",-5,-0.15,"120,700",2026/08/18
2189,2189,7046,ＴＤＳＥ(株),東証GRT,"1,317",-2,-0.15,"1,700",2026/08/18
2190,2190,7443,横浜魚類(株),東証STD,667,-1,-0.15,"5,900",2026/08/18
2191,2191,7621,(株)うかい,東証STD,"3,425",-5,-0.15,"1,800",2026/08/18
2192,2192,7698,(株)アイスコ,東証STD,"2,635",-4,-0.15,"1,400",2026/08/18
2193,2193,7984,コクヨ(株),東証PRM,863.4,-1.3,-0.15,"1,075,000",2026/08/18
2194,2194,8115,ムーンバット(株),東証STD,"1,319",-2,-0.15,"4,600",2026/08/18
2195,2195,9332,ＮＩＳＳＯホールディングス(株),東証PRM,650,-1,-0.15,"91,500",2026/08/18
2196,2196,9558,ジャパニアス(株),東証GRT,"1,967",-3,-0.15,"2,600",2026/08/18
2197,2197,265A,Ｈｍｃｏｍｍ(株),東証GRT,716,-1,-0.14,"10,000",2026/08/18
2198,2198,2910,(株)ロック・フィールド,東証PRM,"1,402",-2,-0.14,"60,700",2026/08/18
2199,2199,3548,(株)バロックジャパンリミテッド,東証PRM,731,-1,-0.14,"44,600",2026/08/18
2200,2200,3653,(株)モルフォ,東証GRT,715,-1,-0.14,"7,800",2026/08/18
2201,2201,468A,GX 米ドル建て投資適格社債,東証ETF,283.6,-0.4,-0.14,"1,460",2026/08/18
2202,2202,4761,(株)さくらケーシーエス,東証STD,"1,427",-2,-0.14,"2,200",2026/08/18
2203,2203,5992,中央発條(株),東証STD,"3,685",-5,-0.14,"37,600",2026/08/18
2204,2204,6286,靜甲(株),東証STD,"1,458",-2,-0.14,"2,600",2026/08/18
2205,2205,7370,(株)Ｅｎｊｉｎ,東証GRT,712,-1,-0.14,"4,300",2026/08/18
2206,2206,9021,西日本旅客鉄道(株),東証PRM,"2,884",-4,-0.14,"2,230,800",2026/08/18
2207,2207,9340,(株)アソインターナショナル,東証STD,707,-1,-0.14,"2,100",2026/08/18
2208,2208,9622,(株)スペース,東証PRM,"1,445",-2,-0.14,"24,600",2026/08/18
2209,2209,9715,トランスコスモス(株),東証PRM,"3,640",-5,-0.14,"44,900",2026/08/18
2210,2210,1419,タマホーム(株),東証PRM,"2,970",-4,-0.13,"57,000",2026/08/18
2211,2211,2669,カネ美食品(株),東証STD,"3,990",-5,-0.13,"6,100",2026/08/18
2212,2212,2751,(株)テンポスホールディングス,東証STD,"3,735",-5,-0.13,"4,900",2026/08/18
2213,2213,3953,大村紙業(株),東証STD,793,-1,-0.13,300,2026/08/18
2214,2214,5644,(株)メタルアート,東証STD,"7,650",-10,-0.13,"2,700",2026/08/18
2215,2215,5957,日東精工(株),東証PRM,783,-1,-0.13,"73,400",2026/08/18
2216,2216,6432,(株)竹内製作所,東証PRM,"7,580",-10,-0.13,"95,500",2026/08/18
2217,2217,7374,(株)コンフィデンス・インターワークス,東証GRT,"1,510",-2,-0.13,"19,500",2026/08/18
2218,2218,7562,(株)安楽亭,東証STD,"3,800",-5,-0.13,"2,600",2026/08/18
2219,2219,7927,ムトー精工(株),東証STD,"2,242",-3,-0.13,"13,000",2026/08/18
2220,2220,9284,カナディアン・ソーラー・インフラ投資法人,東証,"77,900",-100,-0.13,"1,394",2026/08/18
2221,2221,9664,(株)御園座,名証MN,"1,500",-2,-0.13,"1,600",2026/08/18
2222,2222,1497,iシェアーズ 米ドル建ハイイールド社債ETF(H有),東証ETF,"1,737",-2,-0.12,"5,724",2026/08/18
2223,2223,1499,MAXIS 日本株高配当70マーケットニュートラル,東証ETF,"9,139",-11,-0.12,88,2026/08/18
2224,2224,1563,東証グロース･コア,東証ETF,"2,428",-3,-0.12,"30,723",2026/08/18
2225,2225,1822,大豊建設(株),東証STD,807,-1,-0.12,"127,800",2026/08/18
2226,2226,2268,Ｂ－Ｒ　サーティワン　アイスクリーム(株),東証STD,"4,055",-5,-0.12,"7,200",2026/08/18
2227,2227,3065,(株)ライフフーズ,東証STD,"1,618",-2,-0.12,"1,500",2026/08/18
2228,2228,3075,(株)銚子丸,東証STD,"1,693",-2,-0.12,"8,800",2026/08/18
2229,2229,3080,(株)ジェーソン,東証STD,817,-1,-0.12,"3,200",2026/08/18
2230,2230,365A,伊澤タオル(株),東証STD,801,-1,-0.12,"65,600",2026/08/18
2231,2231,4351,(株)山田再生系債権回収総合事務所,東証STD,826,-1,-0.12,"1,500",2026/08/18
2232,2232,4662,(株)フォーカスシステムズ,東証PRM,"1,717",-2,-0.12,"54,600",2026/08/18
2233,2233,5079,(株)ノバック,東証STD,"2,597",-3,-0.12,"1,500",2026/08/18
2234,2234,5243,ｎｏｔｅ(株),東証GRT,"2,570",-3,-0.12,"287,600",2026/08/18
2235,2235,5254,(株)Ａｒｅｎｔ,東証GRT,"4,275",-5,-0.12,"33,600",2026/08/18
2236,2236,5612,日本鋳鉄管(株),東証STD,"1,629",-2,-0.12,"4,400",2026/08/18
2237,2237,577A,GX シルバー,東証ETF,257.2,-0.3,-0.12,"9,490",2026/08/18
2238,2238,6209,リケンＮＰＲ(株),東証PRM,"4,030",-5,-0.12,"107,100",2026/08/18
2239,2239,7049,(株)識学,東証GRT,860,-1,-0.12,"17,100",2026/08/18
2240,2240,7296,(株)エフ・シー・シー,東証PRM,"4,180",-5,-0.12,"195,400",2026/08/18
2241,2241,9046,神戸電鉄(株),東証STD,"2,475",-3,-0.12,"4,400",2026/08/18
2242,2242,1771,日本乾溜工業(株),福証,938,-1,-0.11,"1,700",2026/08/18
2243,2243,2186,ソーバル(株),東証STD,917,-1,-0.11,"4,800",2026/08/18
2244,2244,2286,林兼産業(株),東証STD,886,-1,-0.11,"8,600",2026/08/18
2245,2245,2429,(株)ワールドホールディングス,東証PRM,"2,763",-3,-0.11,"38,100",2026/08/18
2246,2246,2892,日本食品化工(株),東証STD,"4,535",-5,-0.11,"3,000",2026/08/18
2247,2247,3038,(株)神戸物産,東証PRM,"2,773.5",-3,-0.11,"1,480,600",2026/08/18
2248,2248,3175,(株)エー・ピーホールディングス,東証STD,947,-1,-0.11,"7,900",2026/08/18
2249,2249,3970,(株)イノベーション,東証STD,871,-1,-0.11,"25,700",2026/08/18
2250,2250,4628,エスケー化研(株),東証STD,"8,900",-10,-0.11,"25,100",2026/08/18
2251,2251,5357,(株)ヨータイ,東証PRM,"1,782",-2,-0.11,"40,900",2026/08/18
2252,2252,6408,小倉クラッチ(株),東証STD,"4,400",-5,-0.11,700,2026/08/18
2253,2253,6424,(株)高見沢サイバネティックス,東証STD,896,-1,-0.11,700,2026/08/18
2254,2254,8029,(株)ルックホールディングス,東証STD,"2,665",-3,-0.11,"6,800",2026/08/18
2255,2255,8706,極東証券(株),東証PRM,"1,838",-2,-0.11,"124,900",2026/08/18
2256,2256,9215,(株)ＣａＳｙ,東証GRT,942,-1,-0.11,"1,500",2026/08/18
2257,2257,9739,ＮＳＷ(株),東証PRM,"2,692",-3,-0.11,"37,200",2026/08/18
2258,2258,9853,(株)銀座ルノアール,東証STD,909,-1,-0.11,"2,000",2026/08/18
2259,2259,2002,(株)日清製粉グループ本社,東証PRM,"2,009",-2,-0.1,"1,033,300",2026/08/18
2260,2260,2019,GX 米国優先証券(隔月分配型),東証ETF,"1,025",-1,-0.1,"1,724",2026/08/18
2261,2261,212A,フィットイージー(株),東証PRM,"2,996",-3,-0.1,"129,400",2026/08/18
2262,2262,2872,(株)セイヒョー,東証STD,"1,998",-2,-0.1,"5,600",2026/08/18
2263,2263,3712,(株)情報企画,東証STD,990,-1,-0.1,"2,800",2026/08/18
2264,2264,3916,デジタル・インフォメーション・テクノロジー(株),東証PRM,960,-1,-0.1,"69,100",2026/08/18
2265,2265,4231,タイガースポリマー(株),東証STD,"1,010",-1,-0.1,"24,800",2026/08/18
2266,2266,5075,アップコン(株),名証NXT,"1,035",-1,-0.1,"4,600",2026/08/18
2267,2267,5250,ＧＭＯプライム・ストラテジー(株),東証STD,"1,026",-1,-0.1,"2,300",2026/08/18
2268,2268,540A,上場インデックスファンド日経銀行株トップ10,東証ETF,"2,087",-2,-0.1,"65,725",2026/08/18
2269,2269,6086,シンメンテホールディングス(株),東証GRT,"1,049",-1,-0.1,"17,800",2026/08/18
2270,2270,6189,(株)グローバルキッズＣＯＭＰＡＮＹ,東証STD,"1,030",-1,-0.1,"3,800",2026/08/18
2271,2271,7240,ＮＯＫ(株),東証PRM,"3,073",-3,-0.1,"141,100",2026/08/18
2272,2272,7619,田中商事(株),東証STD,969,-1,-0.1,"3,100",2026/08/18
2273,2273,8181,(株)東天紅,東証STD,998,-1,-0.1,"5,400",2026/08/18
2274,2274,8252,(株)丸井グループ,東証PRM,"2,941.5",-3,-0.1,"688,100",2026/08/18
2275,2275,1808,(株)長谷工コーポレーション,東証PRM,"2,803.5",-2.5,-0.09,"658,900",2026/08/18
2276,2276,2175,(株)エス・エム・エス,東証PRM,"2,284",-2,-0.09,"373,300",2026/08/18
2277,2277,2844,上場インデックスファンド豪州国債(H無),東証ETF,"5,550",-5,-0.09,"3,881",2026/08/18
2278,2278,3698,(株)ＣＲＩ・ミドルウェア,東証STD,"1,167",-1,-0.09,"2,800",2026/08/18
2279,2279,3774,(株)インターネットイニシアティブ,東証PRM,"3,440",-3,-0.09,"332,200",2026/08/18
2280,2280,436A,サイバーソリューションズ(株),東証GRT,"1,157",-1,-0.09,"30,400",2026/08/18
2281,2281,6167,冨士ダイス(株),東証PRM,"1,082",-1,-0.09,"80,000",2026/08/18
2282,2282,6654,不二電機工業(株),東証STD,"1,095",-1,-0.09,"2,100",2026/08/18
2283,2283,7991,マミヤ・オーピー(株),東証STD,"1,079",-1,-0.09,"4,500",2026/08/18
2284,2284,8892,(株)エスコン,東証PRM,"1,107",-1,-0.09,"197,600",2026/08/18
2285,2285,8898,(株)センチュリー２１・ジャパン,東証STD,"1,129",-1,-0.09,"1,500",2026/08/18
2286,2286,9233,アジア航測(株),東証STD,"1,141",-1,-0.09,"3,900",2026/08/18
2287,2287,1322,上場インデックス中国A株 E FUND CSI300,東証ETF,"11,985",-10,-0.08,46,2026/08/18
2288,2288,2018,GX US REIT・トップ20,東証ETF,"1,314",-1,-0.08,"7,372",2026/08/18
2289,2289,2519,(NEXT FUNDS)新興国債券･J.P.M･EM･プラス(H無),東証ETF,"1,205.5",-1,-0.08,"5,150",2026/08/18
2290,2290,3501,ＳＵＭＩＮＯＥ(株),東証PRM,"1,181",-1,-0.08,"13,000",2026/08/18
2291,2291,465A,GX 日経平均株主還元40-日本株式,東証ETF,"1,322",-1,-0.08,"4,655",2026/08/18
2292,2292,4998,フマキラー(株),東証STD,"1,185",-1,-0.08,"9,400",2026/08/18
2293,2293,6960,フクダ電子(株),東証STD,"11,790",-10,-0.08,"52,100",2026/08/18
2294,2294,8345,(株)岩手銀行,東証PRM,"2,458",-2,-0.08,"325,200",2026/08/18
2295,2295,8952,ジャパンリアルエステイト投資法人,東証,"118,300",-100,-0.08,"16,563",2026/08/18
2296,2296,94346,ソフトバンク(株)第2回社債型種類株式,東証PRM,"7,570",-6,-0.08,"4,300",2026/08/18
2297,2297,9612,(株)ラックランド,東証PRM,"1,274",-1,-0.08,"90,200",2026/08/18
2298,2298,1450,ＴＡＮＡＫＥＮ(株),東証STD,"1,475",-1,-0.07,"1,000",2026/08/18
2299,2299,1542,純銀上場信託(現物国内保管型),東証ETF,"30,640",-20,-0.07,"61,676",2026/08/18
2300,2300,2001,(株)ニップン,東証PRM,"2,848",-2,-0.07,"141,700",2026/08/18
2301,2301,2217,モロゾフ(株),東証PRM,"1,504",-1,-0.07,"18,400",2026/08/18
2302,2302,235A,GX 高配当30-日本株式,東証ETF,"1,430",-1,-0.07,"5,972",2026/08/18
2303,2303,2816,(株)ダイショー,東証STD,"1,410",-1,-0.07,"1,300",2026/08/18
2304,2304,4951,エステー(株),東証PRM,"1,514",-1,-0.07,"17,500",2026/08/18
2305,2305,7134,(株)アップガレージグループ,東証STD,"1,424",-1,-0.07,"2,700",2026/08/18
2306,2306,7747,朝日インテック(株),東証PRM,"4,100",-3,-0.07,"2,746,800",2026/08/18
2307,2307,7792,(株)コラントッテ,東証GRT,"1,440",-1,-0.07,"115,500",2026/08/18
2308,2308,7981,タカラスタンダード(株),東証PRM,"2,983",-2,-0.07,"133,100",2026/08/18
2309,2309,8366,(株)滋賀銀行,東証PRM,"2,763",-2,-0.07,"682,300",2026/08/18
2310,2310,8425,みずほリース(株),東証PRM,"1,351",-1,-0.07,"620,300",2026/08/18
2311,2311,9025,鴻池運輸(株),東証PRM,"2,918",-2,-0.07,"64,000",2026/08/18
2312,2312,9709,ＮＣＳ＆Ａ(株),東証STD,"1,399",-1,-0.07,"1,300",2026/08/18
2313,2313,9743,(株)丹青社,東証PRM,"1,478",-1,-0.07,"295,400",2026/08/18
2314,2314,2169,ＣＤＳ(株),東証STD,"1,714",-1,-0.06,"6,200",2026/08/18
2315,2315,3670,協立情報通信(株),名証MN,"1,750",-1,-0.06,600,2026/08/18
2316,2316,572A,iシェアーズ 日本国債3-7年,東証ETF,498.8,-0.3,-0.06,10,2026/08/18
2317,2317,7164,全国保証(株),東証PRM,"3,137",-2,-0.06,"302,000",2026/08/18
2318,2318,8303,(株)ＳＢＩ新生銀行,東証PRM,"1,626.5",-1,-0.06,"2,513,300",2026/08/18
2319,2319,9264,ポエック(株),東証STD,"1,767",-1,-0.06,"8,000",2026/08/18
2320,2320,1719,安藤ハザマ,東証PRM,"1,902",-1,-0.05,"696,200",2026/08/18
2321,2321,2256,iシェアーズ 米国総合債券,東証ETF,221.3,-0.1,-0.05,"108,780",2026/08/18
2322,2322,2602,日清オイリオグループ(株),東証PRM,"1,995",-1,-0.05,"168,100",2026/08/18
2323,2323,261A,(株)日水コン,東証STD,"1,994",-1,-0.05,"18,300",2026/08/18
2324,2324,2806,ユタカフーズ(株),東証STD,"1,894",-1,-0.05,200,2026/08/18
2325,2325,2875,東洋水産(株),東証PRM,"10,585",-5,-0.05,"215,900",2026/08/18
2326,2326,304A,フォルシア(株),東証GRT,"1,905",-1,-0.05,"6,600",2026/08/18
2327,2327,3329,東和フードサービス(株),東証STD,"2,120",-1,-0.05,"1,500",2026/08/18
2328,2328,4495,(株)アイキューブドシステムズ,東証GRT,"1,897",-1,-0.05,"5,500",2026/08/18
2329,2329,605A,(NEXT FUNDS) 日本株政策フォーカス上場投信,東証ETF,205.9,-0.1,-0.05,"124,300",2026/08/18
2330,2330,613A,iFreeETF ドイツ0-3カ月短期国債,東証ETF,"1,973",-1,-0.05,73,2026/08/18
2331,2331,6156,(株)エーワン精密,東証STD,"1,915",-1,-0.05,"10,200",2026/08/18
2332,2332,7523,アールビバン(株),東証STD,"1,898",-1,-0.05,"4,200",2026/08/18
2333,2333,7811,中本パックス(株),東証STD,"1,951",-1,-0.05,"14,400",2026/08/18
2334,2334,8015,豊田通商(株),東証PRM,"7,373",-4,-0.05,"1,571,400",2026/08/18
2335,2335,9029,(株)ヒガシホールディングス,東証STD,"1,940",-1,-0.05,"2,100",2026/08/18
2336,2336,9305,(株)ヤマタネ,東証PRM,"2,079",-1,-0.05,"52,000",2026/08/18
2337,2337,1414,ショーボンドホールディングス(株),東証PRM,"1,267",-0.5,-0.04,"546,700",2026/08/18
2338,2338,1867,(株)植木組,東証STD,"2,700",-1,-0.04,"4,600",2026/08/18
2339,2339,2046,NEXT NOTES インドNifty･ダブル・ブル ETN,東証ETF,"24,990",-10,-0.04,362,2026/08/18
2340,2340,2209,井村屋グループ(株),東証PRM,"2,362",-1,-0.04,"26,000",2026/08/18
2341,2341,245A,(株)ＩＮＧＳ,東証GRT,"2,473",-1,-0.04,"1,500",2026/08/18
2342,2342,3495,香陵住販(株),東証STD,"2,344",-1,-0.04,200,2026/08/18
2343,2343,50765,インフロニア・ホールディングス（株）第1回社債型種類株式,東証PRM,"4,628",-2,-0.04,"17,300",2026/08/18
2344,2344,5449,大阪製鐵(株),東証STD,"2,663",-1,-0.04,"15,000",2026/08/18
2345,2345,571A,iシェアーズ 日本国債1-3年,東証ETF,499.8,-0.2,-0.04,10,2026/08/18
2346,2346,6371,(株)椿本チエイン,東証PRM,"2,714",-1,-0.04,"129,500",2026/08/18
2347,2347,7079,ＷＤＢココ(株),東証GRT,"2,591",-1,-0.04,"2,700",2026/08/18
2348,2348,7606,(株)ユナイテッドアローズ,東証PRM,"2,527",-1,-0.04,"207,400",2026/08/18
2349,2349,1695,WisdomTree 小麦上場投信,東証ETF,"3,459",-1,-0.03,"3,800",2026/08/18
2350,2350,2014,iシェアーズ 米国連続増配株 ETF,東証ETF,323.5,-0.1,-0.03,"183,280",2026/08/18
2351,2351,2897,日清食品ホールディングス(株),東証PRM,"2,920",-1,-0.03,"847,000",2026/08/18
2352,2352,3003,ヒューリック(株),東証PRM,"1,739.5",-0.5,-0.03,"1,446,400",2026/08/18
2353,2353,345A,高配当成長 日本株(ネットリターン)ETN,東証ETF,"15,645",-5,-0.03,"1,426",2026/08/18
2354,2354,7849,スターツ出版(株),東証STD,"2,980",-1,-0.03,"2,000",2026/08/18
2355,2355,9684,(株)スクウェア・エニックス・ホールディングス,東証PRM,"2,885",-1,-0.03,"1,047,100",2026/08/18
2356,2356,236A,iシェアーズ 日本国債7-10年,東証ETF,437.4,-0.1,-0.02,"18,500",2026/08/18
2357,2357,2628,iFree 中国科創板50,東証ETF,"4,209",-1,-0.02,"4,625",2026/08/18
2358,2358,2640,GX ゲーム＆アニメ-日本株式,東証ETF,"4,159",-1,-0.02,"61,517",2026/08/18
2359,2359,538A,NZAM 上場投信 米国国債7-10年(H無),東証ETF,"4,892",-1,-0.02,2,2026/08/18
2360,2360,7974,任天堂(株),東証PRM,"8,760",-1,-0.01,"8,133,300",2026/08/18
