順位(全市場),順位,コード,銘柄名,市場,現在値,前日比,騰落率(%),出来高,時刻
1,1,4599,(株)ステムリム,東証GRT,239,-80,-25.08,"136,500",2026/09/10
2,2,6577,(株)ベストワンドットコム,東証GRT,"1,572",-400,-20.28,"97,000",2026/09/10
3,3,2330,(株)フォーサイド,東証STD,106,-17,-13.82,"4,034,500",2026/09/10
4,4,8254,(株)さいか屋,東証STD,285,-44,-13.37,"1,700,000",2026/09/10
5,5,603A,(株)アイ・グリッド・ソリューションズ,東証GRT,941,-92,-8.91,"2,231,100",2026/09/10
6,6,8746,ｕｎｂａｎｋｅｄ(株),東証STD,126,-12,-8.7,"970,100",2026/09/10
7,7,4169,ＥＮＥＣＨＡＮＧＥ(株),東証GRT,243,-23,-8.65,"1,087,200",2026/09/10
8,8,4026,神島化学工業(株),東証STD,"1,518",-137,-8.28,"557,700",2026/09/10
9,9,7689,(株)コパ・コーポレーション,東証GRT,399,-36,-8.28,"197,800",2026/09/10
10,10,5132,(株)ｐｌｕｓｚｅｒｏ,東証GRT,"1,836",-165,-8.25,"201,000",2026/09/10
11,11,4667,アイサンテクノロジー(株),東証STD,"3,330",-295,-8.14,"1,106,200",2026/09/10
12,12,4598,Ｄｅｌｔａ－Ｆｌｙ　Ｐｈａｒｍａ(株),東証GRT,116,-9,-7.2,"3,187,200",2026/09/10
13,13,5029,サークレイス(株),東証GRT,898,-69,-7.14,"16,500",2026/09/10
14,14,6898,トミタ電機(株),東証STD,"5,250",-390,-6.91,"11,300",2026/09/10
15,15,5631,(株)日本製鋼所,東証PRM,"6,836",-476,-6.51,"1,514,200",2026/09/10
16,16,4381,ビープラッツ(株),東証GRT,238,-16,-6.3,"302,900",2026/09/10
17,17,7064,(株)ハウテレビジョン,東証STD,959,-62,-6.07,"46,100",2026/09/10
18,18,6696,(株)トラース・オン・プロダクト,東証GRT,298,-19,-5.99,"81,900",2026/09/10
19,19,7076,名南Ｍ＆Ａ(株),名証MN,"1,031",-65,-5.93,"23,400",2026/09/10
20,20,7721,東京計器(株),東証PRM,"6,590",-410,-5.86,"341,700",2026/09/10
21,21,5706,三井金属(株),東証PRM,"24,705","-1,495",-5.71,"2,049,400",2026/09/10
22,22,4370,モビルス(株),東証GRT,436,-26,-5.63,"309,300",2026/09/10
23,23,319A,(株)技術承継機構,東証GRT,"19,970","-1,190",-5.62,"57,000",2026/09/10
24,24,1803,清水建設(株),東証PRM,"2,391.5",-142,-5.6,"5,841,300",2026/09/10
25,25,1801,大成建設(株),東証PRM,"12,595",-745,-5.58,"943,500",2026/09/10
26,26,3047,(株)ＴＲＵＣＫ－ＯＮＥ,福岡Q,985,-58,-5.56,300,2026/09/10
27,27,5805,ＳＷＣＣ(株),東証PRM,"13,870",-790,-5.39,"304,900",2026/09/10
28,28,7003,(株)三井Ｅ＆Ｓ,東証PRM,"4,244",-240,-5.35,"2,047,500",2026/09/10
29,29,4075,ブレインズテクノロジー(株),東証GRT,"1,165",-65,-5.28,"144,100",2026/09/10
30,30,2597,(株)ユニカフェ,東証STD,"1,241",-69,-5.27,"26,600",2026/09/10
31,31,6535,(株)アイモバイル,東証PRM,486,-27,-5.26,"1,493,300",2026/09/10
32,32,1407,(株)ウエストホールディングス,東証STD,"2,263",-124,-5.19,"686,800",2026/09/10
33,33,5803,(株)フジクラ,東証PRM,"5,209",-284,-5.17,"35,034,000",2026/09/10
34,34,9501,東京電力ホールディングス(株),東証PRM,546.3,-28.8,-5.01,"42,620,800",2026/09/10
35,35,598A,チャットプラス(株),東証GRT,"1,500",-79,-5.0,"122,800",2026/09/10
36,36,7974,任天堂(株),東証PRM,"7,989",-412,-4.9,"15,081,200",2026/09/10
37,37,7013,(株)ＩＨＩ,東証PRM,"2,663.5",-137,-4.89,"15,239,800",2026/09/10
38,38,7906,ヨネックス(株),東証STD,"2,419",-124,-4.88,"709,700",2026/09/10
39,39,9258,(株)ＣＳ－Ｃ,東証GRT,293,-15,-4.87,"5,200",2026/09/10
40,40,7477,ムラキ(株),東証STD,"1,539",-78,-4.82,600,2026/09/10
41,41,6469,(株)放電精密加工研究所,東証STD,"2,727",-137,-4.78,"97,100",2026/09/10
42,42,2134,北浜キャピタルパートナーズ(株),東証STD,20,-1,-4.76,"461,300",2026/09/10
43,43,8894,(株)ＲＥＶＯＬＵＴＩＯＮ,東証STD,20,-1,-4.76,"246,500",2026/09/10
44,44,298A,ＧＶＡ　ＴＥＣＨ(株),東証GRT,351,-17,-4.62,"8,800",2026/09/10
45,45,6016,(株)ジャパンエンジンコーポレーション,東証STD,"11,170",-540,-4.61,"140,200",2026/09/10
46,46,7014,(株)名村造船所,東証STD,"4,670",-225,-4.6,"1,665,400",2026/09/10
47,47,9824,泉州電業(株),東証PRM,"7,700",-370,-4.58,"68,000",2026/09/10
48,48,4395,(株)アクリート,東証GRT,585,-28,-4.57,"487,300",2026/09/10
49,49,5726,(株)大阪チタニウムテクノロジーズ,東証PRM,"2,545",-120,-4.5,"1,330,600",2026/09/10
50,50,3851,(株)日本一ソフトウェア,東証STD,"1,408",-66,-4.48,"132,500",2026/09/10
51,51,396A,業界改革厳選ETF REITイベント・ドリブン,東証ETF,476.5,-22.3,-4.47,"1,170",2026/09/10
52,52,4125,三和油化工業(株),東証STD,"3,630",-170,-4.47,"14,900",2026/09/10
53,53,6637,寺崎電気産業(株),東証STD,"4,110",-190,-4.42,"27,100",2026/09/10
54,54,8057,(株)内田洋行,東証PRM,"2,095",-96,-4.38,"157,700",2026/09/10
55,55,4564,オンコセラピー・サイエンス(株),東証GRT,22,-1,-4.35,"160,079,800",2026/09/10
56,56,2998,クリアル(株),東証GRT,532,-24,-4.32,"92,700",2026/09/10
57,57,4890,(株)坪田ラボ,東証GRT,266,-12,-4.32,"73,600",2026/09/10
58,58,7409,ＡｅｒｏＥｄｇｅ(株),東証GRT,"1,415",-62,-4.2,"175,000",2026/09/10
59,59,7018,内海造船(株),東証STD,"12,900",-560,-4.16,"20,200",2026/09/10
60,60,6023,ダイハツインフィニアース(株),東証STD,"3,115",-135,-4.15,"128,700",2026/09/10
61,61,6946,日本アビオニクス(株),東証STD,"6,120",-260,-4.08,"185,000",2026/09/10
62,62,9145,(株)ビーイングホールディングス,東証STD,564,-24,-4.08,"19,000",2026/09/10
63,63,7084,(株)Ｓｍｉｌｅ　Ｈｏｌｄｉｎｇｓ,東証GRT,"2,834",-120,-4.06,"5,800",2026/09/10
64,64,2172,(株)インサイト,札証,379,-16,-4.05,"3,200",2026/09/10
65,65,6634,(株)ＪＮグループ,東証STD,71,-3,-4.05,"1,352,100",2026/09/10
66,66,9220,エフビー介護サービス(株),東証STD,"1,310",-55,-4.03,"6,700",2026/09/10
67,67,194A,(株)ＷＯＬＶＥＳ　ＨＡＮＤ,東証GRT,"1,791",-75,-4.02,"471,800",2026/09/10
68,68,6147,(株)ヤマザキ,福証,191,-8,-4.02,"6,800",2026/09/10
69,69,2370,(株)メディネット,東証GRT,24,-1,-4.0,"304,500",2026/09/10
70,70,3645,(株)メディカルネット,東証STD,267,-11,-3.96,"46,400",2026/09/10
71,71,4249,森六(株),東証PRM,"2,835",-117,-3.96,"38,800",2026/09/10
72,72,3077,ホリイフードサービス(株),東証STD,"1,265",-52,-3.95,"6,800",2026/09/10
73,73,4499,(株)Ｓｐｅｅｅ,東証STD,"2,240",-92,-3.95,"101,600",2026/09/10
74,74,1844,(株)大盛工業,東証STD,465,-19,-3.93,"349,700",2026/09/10
75,75,380A,GX チャイナテック,東証ETF,879,-36,-3.93,"26,106",2026/09/10
76,76,7456,松田産業(株),東証PRM,"7,180",-290,-3.88,"143,600",2026/09/10
77,77,1980,ダイダン(株),東証PRM,"2,754",-111,-3.87,"602,000",2026/09/10
78,78,7806,(株)ＭＴＧ,東証GRT,"7,950",-320,-3.87,"173,300",2026/09/10
79,79,1812,鹿島,東証PRM,"4,987",-200,-3.86,"3,120,500",2026/09/10
80,80,446A,(株)ノースサンド,東証GRT,"1,937",-77,-3.82,"752,900",2026/09/10
81,81,3983,(株)オロ,東証PRM,"1,846",-73,-3.8,"89,200",2026/09/10
82,82,6366,千代田化工建設(株),東証STD,708,-28,-3.8,"1,757,200",2026/09/10
83,83,6775,(株)ＴＢグループ,東証STD,128,-5,-3.76,"196,200",2026/09/10
84,84,464A,(株)ＱＰＳホールディングス,東証GRT,"1,650",-64,-3.73,"1,474,200",2026/09/10
85,85,5707,東邦亜鉛(株),東証PRM,"1,006",-39,-3.73,"537,700",2026/09/10
86,86,1944,(株)きんでん,東証PRM,"6,887",-266,-3.72,"553,000",2026/09/10
87,87,4881,(株)ファンペップ,東証GRT,52,-2,-3.7,"233,400",2026/09/10
88,88,2585,(株)ライフドリンクカンパニー,東証PRM,"1,385",-53,-3.69,"1,008,700",2026/09/10
89,89,9444,(株)トーシンホールディングス,東証STD,261,-10,-3.69,"11,900",2026/09/10
90,90,6846,(株)中央製作所,名証MN,"1,391",-53,-3.67,100,2026/09/10
91,91,141A,(株)トライアルホールディングス,東証GRT,"3,985",-150,-3.63,"622,000",2026/09/10
92,92,1684,WisdomTree ブロード上場投信,東証ETF,"2,640",-99,-3.61,190,2026/09/10
93,93,7581,(株)サイゼリヤ,東証PRM,"6,960",-260,-3.6,"411,100",2026/09/10
94,94,196A,(株)ＭＦＳ,東証GRT,322,-12,-3.59,"69,700",2026/09/10
95,95,3110,日東紡,東証PRM,"2,955",-110,-3.59,"4,467,000",2026/09/10
96,96,195A,(株)ＭＵＳＣＡＴ　ＧＲＯＵＰ,東証GRT,675,-25,-3.57,"15,600",2026/09/10
97,97,3667,(株)ｅｎｉｓｈ,東証STD,27,-1,-3.57,"105,000",2026/09/10
98,98,9704,(株)アゴーラホスピタリティーグループ,東証STD,27,-1,-3.57,"232,300",2026/09/10
99,99,5287,(株)イトーヨーギョー,東証STD,975,-36,-3.56,"1,215,300",2026/09/10
100,100,5802,住友電気工業(株),東証PRM,"2,111.5",-78,-3.56,"19,160,700",2026/09/10
101,101,290A,(株)Ｓｙｎｓｐｅｃｔｉｖｅ,東証GRT,"1,443",-53,-3.54,"638,200",2026/09/10
102,102,4424,(株)Ａｍａｚｉａ,東証GRT,327,-12,-3.54,"64,100",2026/09/10
103,103,7034,(株)プロレド・パートナーズ,東証PRM,328,-12,-3.53,"55,300",2026/09/10
104,104,9257,ＹＣＰホールディングス（グローバル）,東証GRT外国,520,-19,-3.53,100,2026/09/10
105,105,9235,売れるネット広告社グループ(株),東証GRT,411,-15,-3.52,"82,600",2026/09/10
106,106,349A,SMDAM Active ETF 日本グロース株,東証ETF,802.7,-29.2,-3.51,820,2026/09/10
107,107,3727,(株)アプリックス,東証GRT,165,-6,-3.51,"125,300",2026/09/10
108,108,6507,シンフォニアテクノロジー(株),東証PRM,"11,590",-420,-3.5,"160,500",2026/09/10
109,109,2031,NEXT NOTES 香港ハンセン･ダブル･ブルETN,東証ETF,"7,292",-263,-3.48,147,2026/09/10
110,110,2923,サトウ食品(株),東証STD,"7,770",-280,-3.48,"5,100",2026/09/10
111,111,1514,住石ホールディングス(株),東証STD,643,-23,-3.45,"263,700",2026/09/10
112,112,206A,(株)ＰＲＩＳＭ　ＢｉｏＬａｂ,東証GRT,168,-6,-3.45,"211,300",2026/09/10
113,113,368A,(株)北里,東証PRM,"1,399",-50,-3.45,"88,600",2026/09/10
114,114,4062,イビデン(株),東証PRM,"20,680",-740,-3.45,"8,211,600",2026/09/10
115,115,3803,イメージ情報開発(株),東証GRT,590,-21,-3.44,"11,700",2026/09/10
116,116,610A,GX 宇宙テック・トップ10(除く日本),東証ETF,"1,021",-36,-3.41,"67,301",2026/09/10
117,117,7047,ポート(株),東証GRT,"2,071",-73,-3.4,"182,400",2026/09/10
118,118,9867,ソレキア(株),東証STD,"10,220",-360,-3.4,500,2026/09/10
119,119,3563,(株)ＦＯＯＤ　＆　ＬＩＦＥ　ＣＯＭＰＡＮＩＥＳ,東証PRM,"5,330",-187,-3.39,"3,090,500",2026/09/10
120,120,4594,ブライトパス・バイオ(株),東証GRT,57,-2,-3.39,"626,700",2026/09/10
121,121,6363,(株)酉島製作所,東証PRM,"2,846",-100,-3.39,"202,300",2026/09/10
122,122,1773,ＹＴＬ,東証PRM外国,86,-3,-3.37,"16,000",2026/09/10
123,123,5344,(株)ＭＡＲＵＷＡ,東証PRM,"55,800","-1,940",-3.36,"95,700",2026/09/10
124,124,576A,GX チャイナテック・カバード・コール,東証ETF,836,-29,-3.35,"132,014",2026/09/10
125,125,9412,スカパーＪＳＡＴ(株),東証PRM,"1,951",-67,-3.32,"2,954,100",2026/09/10
126,126,1695,WisdomTree 小麦上場投信,東証ETF,"3,500",-120,-3.31,"7,899",2026/09/10
127,127,1982,日比谷総合設備(株),東証PRM,"3,095",-105,-3.28,"71,800",2026/09/10
128,128,330A,(株)ＴａｌｅｎｔＸ,東証GRT,533,-18,-3.27,"21,800",2026/09/10
129,129,135A,(株)ＶＲＡＩＮ　Ｓｏｌｕｔｉｏｎ,東証GRT,"4,450",-150,-3.26,"82,000",2026/09/10
130,130,1961,三機工業(株),東証PRM,"2,377",-80,-3.26,"404,600",2026/09/10
131,131,8107,(株)キムラタン,東証STD,30,-1,-3.23,"38,000",2026/09/10
132,132,1871,ピーエス・コンストラクション(株),東証PRM,"2,164",-72,-3.22,"122,700",2026/09/10
133,133,1942,(株)関電工,東証PRM,"5,567",-185,-3.22,"907,900",2026/09/10
134,134,8022,ミズノ(株),東証PRM,"3,910",-130,-3.22,"317,400",2026/09/10
135,135,2338,クオンタムソリューションズ(株),東証STD,121,-4,-3.2,"234,800",2026/09/10
136,136,607A,(株)エブリー,東証GRT,243,-8,-3.19,"1,249,800",2026/09/10
137,137,485A,(株)パワーエックス,東証GRT,"2,075",-68,-3.17,"10,000,800",2026/09/10
138,138,6464,(株)ツバキ・ナカシマ,東証PRM,338,-11,-3.15,"262,600",2026/09/10
139,139,4082,第一稀元素化学工業(株),東証PRM,"2,439",-79,-3.14,"393,100",2026/09/10
140,140,9517,イーレックス(株),東証PRM,832,-27,-3.14,"190,700",2026/09/10
141,141,186A,(株)アストロスケールホールディングス,東証GRT,"1,022",-33,-3.13,"3,301,500",2026/09/10
142,142,3823,ＴＨＥ　ＷＨＹ　ＨＯＷ　ＤＯ　ＣＯＭＰＡＮＹ(株),東証STD,31,-1,-3.13,"192,500",2026/09/10
143,143,1689,WisdomTree 天然ガス上場投信,東証ETF,684,-22,-3.12,"144,853",2026/09/10
144,144,1968,太平電業(株),東証PRM,"2,519",-81,-3.12,"113,300",2026/09/10
145,145,350A,デジタルグリッド(株),東証GRT,814,-26,-3.1,"883,400",2026/09/10
146,146,6278,ユニオンツール(株),東証PRM,"13,150",-420,-3.1,"147,900",2026/09/10
147,147,6101,(株)ツガミ,東証PRM,"4,875",-155,-3.08,"380,000",2026/09/10
148,148,7716,(株)ナカニシ,東証STD,"2,986",-94,-3.05,"320,300",2026/09/10
149,149,9647,(株)協和コンサルタンツ,東証STD,"6,670",-210,-3.05,600,2026/09/10
150,150,3134,Ｈａｍｅｅ(株),東証STD,288,-9,-3.03,"372,700",2026/09/10
151,151,369A,(株)エータイ,東証GRT,"2,565",-80,-3.02,"10,100",2026/09/10
152,152,6250,(株)やまびこ,東証PRM,"4,235",-130,-2.98,"149,500",2026/09/10
153,153,3623,ビリングシステム(株),東証GRT,"1,207",-37,-2.97,"24,400",2026/09/10
154,154,4056,ニューラルグループ(株),東証GRT,229,-7,-2.97,"531,200",2026/09/10
155,155,5458,高砂鐵工(株),東証STD,"1,310",-40,-2.96,"18,300",2026/09/10
156,156,4664,ＲＳＣ,東証STD,"1,155",-35,-2.94,"84,700",2026/09/10
157,157,6814,古野電気(株),東証PRM,"7,260",-220,-2.94,"235,600",2026/09/10
158,158,4875,メディシノバ,東証STD外国,266,-8,-2.92,"53,600",2026/09/10
159,159,581A,ＧＯ(株),東証GRT,"3,330",-100,-2.92,"2,325,100",2026/09/10
160,160,1959,(株)クラフティア,東証PRM,"7,954",-238,-2.91,"235,000",2026/09/10
161,161,6094,(株)フリークアウト・ホールディングス,東証GRT,533,-16,-2.91,"152,700",2026/09/10
162,162,7550,(株)ゼンショーホールディングス,東証PRM,"11,395",-340,-2.9,"589,300",2026/09/10
163,163,7134,(株)アップガレージグループ,東証STD,"1,409",-42,-2.89,"17,700",2026/09/10
164,164,6622,(株)ダイヘン,東証PRM,"12,140",-360,-2.88,"189,100",2026/09/10
165,165,4389,プロパティデータバンク(株),東証GRT,"1,083",-32,-2.87,"17,600",2026/09/10
166,166,6338,(株)タカトリ,東証STD,"1,661",-49,-2.87,"17,400",2026/09/10
167,167,7012,川崎重工業(株),東証PRM,"2,349",-69,-2.85,"13,956,700",2026/09/10
168,168,4107,伊勢化学工業(株),東証STD,"3,940",-115,-2.84,"181,200",2026/09/10
169,169,6193,バーチャレクス・ホールディングス(株),東証GRT,"1,177",-34,-2.81,"13,300",2026/09/10
170,170,6332,月島ホールディングス(株),東証PRM,"2,700",-78,-2.81,"133,300",2026/09/10
171,171,247A,Ａｉロボティクス(株),東証GRT,"1,040",-30,-2.8,"895,700",2026/09/10
172,172,4023,(株)クレハ,東証PRM,"4,345",-125,-2.8,"283,900",2026/09/10
173,173,6703,ＯＫＩ,東証PRM,"2,612",-75,-2.79,"764,100",2026/09/10
174,174,1893,五洋建設(株),東証PRM,"1,468",-42,-2.78,"2,430,700",2026/09/10
175,175,7453,(株)良品計画,東証PRM,"3,972",-113,-2.77,"3,712,200",2026/09/10
176,176,8769,(株)アドバンテッジリスクマネジメント,東証STD,492,-14,-2.77,"72,300",2026/09/10
177,177,1860,戸田建設(株),東証PRM,"1,487",-42,-2.75,"800,500",2026/09/10
178,178,5334,日本特殊陶業(株),東証PRM,"7,242",-204,-2.74,"1,774,100",2026/09/10
179,179,6229,(株)オーケーエム,東証STD,"1,454",-41,-2.74,"29,600",2026/09/10
180,180,1885,東亜建設工業(株),東証PRM,"2,082",-58,-2.71,"418,400",2026/09/10
181,181,5038,(株)ｅＷｅＬＬ,東証GRT,"2,082",-58,-2.71,"24,100",2026/09/10
182,182,7832,(株)バンダイナムコホールディングス,東証PRM,"5,236",-146,-2.71,"3,463,100",2026/09/10
183,183,137A,Ｃｏｃｏｌｉｖｅ(株),東証GRT,721,-20,-2.7,"1,200",2026/09/10
184,184,6356,日本ギア工業(株),東証STD,"1,261",-35,-2.7,"83,300",2026/09/10
185,185,1802,(株)大林組,東証PRM,"3,025",-83,-2.67,"3,302,800",2026/09/10
186,186,460A,ＢＲＡＮＵ(株),東証GRT,985,-27,-2.67,"15,000",2026/09/10
187,187,5889,Ｊａｐａｎ　Ｅｙｅｗｅａｒ　Ｈｏｌｄｉｎｇｓ(株),東証PRM,"2,516",-69,-2.67,"276,200",2026/09/10
188,188,2043,NEXT NOTES STOXX アセアン好配当50(円、NR)ETN,東証ETF,"29,495",-805,-2.66,53,2026/09/10
189,189,5388,クニミネ工業(株),東証STD,"1,319",-36,-2.66,"2,400",2026/09/10
190,190,4427,(株)ＥｄｕＬａｂ,東証GRT,220,-6,-2.65,"21,700",2026/09/10
191,191,5951,ダイニチ工業(株),東証STD,"1,100",-30,-2.65,"22,400",2026/09/10
192,192,5242,(株)アイズ,東証GRT,"2,373",-64,-2.63,"3,700",2026/09/10
193,193,5715,古河機械金属(株),東証PRM,"4,265",-115,-2.63,"230,400",2026/09/10
194,194,7603,ジーイエット(株),東証STD,37,-1,-2.63,"1,097,700",2026/09/10
195,195,499A,ラグジュアリー厳選10 欧州株(ネットリターン)ETN,東証ETF,"7,917",-213,-2.62,21,2026/09/10
196,196,7695,(株)交換できるくん,東証GRT,928,-25,-2.62,"6,800",2026/09/10
197,197,456A,ＨＵＭＡＮ　ＭＡＤＥ(株),東証GRT,"1,420",-38,-2.61,"649,400",2026/09/10
198,198,6137,小池酸素工業(株),東証STD,"1,492",-40,-2.61,"30,200",2026/09/10
199,199,7719,(株)東京衡機,東証STD,486,-13,-2.61,"120,000",2026/09/10
200,200,4997,日本農薬(株),東証PRM,"1,168",-31,-2.59,"410,900",2026/09/10
201,201,5256,(株)Ｆｕｓｉｃ,東証GRT,"2,707",-72,-2.59,"1,300",2026/09/10
202,202,5884,(株)クラダシ,東証GRT,601,-16,-2.59,"25,800",2026/09/10
203,203,6310,井関農機(株),東証PRM,"1,845",-49,-2.59,"101,200",2026/09/10
204,204,9357,名港海運(株),名証MN,"2,440",-65,-2.59,"6,200",2026/09/10
205,205,7564,(株)ワークマン,東証STD,"5,730",-150,-2.55,"382,300",2026/09/10
206,206,5801,古河電気工業(株),東証PRM,"4,024",-105,-2.54,"21,595,400",2026/09/10
207,207,6231,木村工機(株),東証STD,"11,530",-300,-2.54,"22,600",2026/09/10
208,208,4241,(株)アテクト,東証STD,655,-17,-2.53,"25,300",2026/09/10
209,209,8151,(株)東陽テクニカ,東証PRM,"1,808",-47,-2.53,"259,100",2026/09/10
210,210,3690,(株)イルグルム,東証STD,580,-15,-2.52,"22,900",2026/09/10
211,211,2163,(株)アルトナー,東証PRM,935,-24,-2.5,"359,000",2026/09/10
212,212,3391,(株)ツルハホールディングス,東証PRM,"2,278.5",-58.5,-2.5,"1,147,000",2026/09/10
213,213,5131,リンカーズ(株),東証GRT,117,-3,-2.5,"67,500",2026/09/10
214,214,3741,(株)セック,東証PRM,"3,130",-80,-2.49,"63,500",2026/09/10
215,215,1808,(株)長谷工コーポレーション,東証PRM,"2,751.5",-70,-2.48,"1,098,500",2026/09/10
216,216,1963,日揮ホールディングス(株),東証PRM,"2,379.5",-60.5,-2.48,"1,803,900",2026/09/10
217,217,2656,(株)ベクターホールディングス,東証STD,157,-4,-2.48,"116,700",2026/09/10
218,218,5016,ＪＸ金属(株),東証PRM,"3,812",-97,-2.48,"16,408,600",2026/09/10
219,219,7593,ＶＴホールディングス(株),東証PRM,512,-13,-2.48,"558,700",2026/09/10
220,220,3625,テックファームホールディングス(株),東証GRT,632,-16,-2.47,"15,800",2026/09/10
221,221,1820,西松建設(株),東証PRM,"5,501",-138,-2.45,"142,100",2026/09/10
222,222,8002,丸紅(株),東証PRM,"5,019",-126,-2.45,"4,958,800",2026/09/10
223,223,7218,田中精密工業(株),東証STD,"1,120",-28,-2.44,"3,100",2026/09/10
224,224,8006,ユアサ・フナショク(株),東証STD,"1,480",-37,-2.44,"7,200",2026/09/10
225,225,8876,(株)リログループ,東証PRM,"2,141",-53.5,-2.44,"652,000",2026/09/10
226,226,5711,三菱マテリアル(株),東証PRM,"5,255",-131,-2.43,"1,572,800",2026/09/10
227,227,6748,星和電機(株),東証STD,764,-19,-2.43,"34,400",2026/09/10
228,228,7675,セントラルフォレストグループ(株),名証MN,"2,732",-68,-2.43,"7,600",2026/09/10
229,229,4960,ケミプロ化成(株),東証STD,565,-14,-2.42,"51,000",2026/09/10
230,230,8830,住友不動産(株),東証PRM,"3,227",-80,-2.42,"3,602,800",2026/09/10
231,231,5589,(株)オートサーバー,東証STD,"2,830",-70,-2.41,"3,500",2026/09/10
232,232,6490,(株)ＰＩＬＬＡＲ,東証PRM,"9,300",-230,-2.41,"85,500",2026/09/10
233,233,146A,コロンビア・ワークス(株),東証STD,"3,665",-90,-2.4,"74,700",2026/09/10
234,234,2751,(株)テンポスホールディングス,東証STD,"3,660",-90,-2.4,"18,100",2026/09/10
235,235,6810,マクセル(株),東証PRM,"2,521",-62,-2.4,"215,300",2026/09/10
236,236,7089,フォースタートアップス(株),東証GRT,"1,385",-34,-2.4,"47,800",2026/09/10
237,237,2695,くら寿司(株),東証PRM,"1,675",-41,-2.39,"532,200",2026/09/10
238,238,6225,(株)エコム,名証MN,"2,050",-50,-2.38,"1,400",2026/09/10
239,239,9554,(株)ＡＶｉＣ,東証GRT,"1,681",-41,-2.38,"34,900",2026/09/10
240,240,3106,クラボウ,東証PRM,"10,750",-260,-2.36,"18,600",2026/09/10
241,241,7011,三菱重工業(株),東証PRM,"3,723",-90,-2.36,"14,299,000",2026/09/10
242,242,3837,アドソル日進(株),東証PRM,"1,331",-32,-2.35,"101,200",2026/09/10
243,243,6140,旭ダイヤモンド工業(株),東証PRM,"1,122",-27,-2.35,"496,300",2026/09/10
244,244,6058,(株)ベクトル,東証PRM,"1,887",-45,-2.33,"415,400",2026/09/10
245,245,6217,津田駒工業(株),東証STD,754,-18,-2.33,"47,800",2026/09/10
246,246,5702,(株)大紀アルミニウム工業所,東証PRM,"1,768",-42,-2.32,"245,300",2026/09/10
247,247,3036,アルコニックス(株),東証PRM,"3,385",-80,-2.31,"102,600",2026/09/10
248,248,4243,(株)ニックス,東証STD,"1,019",-24,-2.3,"3,900",2026/09/10
249,249,1719,安藤ハザマ,東証PRM,"1,880",-44,-2.29,"883,100",2026/09/10
250,250,2415,ヒューマンホールディングス(株),東証STD,"1,624",-38,-2.29,"3,800",2026/09/10
251,251,4425,Ｋｕｄａｎ(株),東証GRT,"1,496",-35,-2.29,"307,000",2026/09/10
252,252,6333,(株)ＴＥＩＫＯＫＵ,東証PRM,"3,415",-80,-2.29,"54,600",2026/09/10
253,253,7777,(株)スリー・ディー・マトリックス,東証GRT,342,-8,-2.29,"2,810,800",2026/09/10
254,254,2122,(株)インタースペース,東証STD,"1,456",-34,-2.28,"9,400",2026/09/10
255,255,2820,(株)やまみ,東証STD,"6,440",-150,-2.28,"17,900",2026/09/10
256,256,7069,(株)サイバー・バズ,東証GRT,515,-12,-2.28,"54,300",2026/09/10
257,257,9279,(株)ギフトホールディングス,東証PRM,"2,227",-52,-2.28,"205,900",2026/09/10
258,258,1515,日鉄鉱業(株),東証PRM,"3,655",-85,-2.27,"526,000",2026/09/10
259,259,6407,ＣＫＤ(株),東証PRM,"5,190",-120,-2.26,"383,400",2026/09/10
260,260,2353,日本駐車場開発(株),東証PRM,261,-6,-2.25,"1,390,600",2026/09/10
261,261,7435,(株)ナ・デックス,東証STD,"1,262",-29,-2.25,"26,400",2026/09/10
262,262,7486,サンリン(株),東証STD,783,-18,-2.25,"2,400",2026/09/10
263,263,6113,(株)アマダ,東証PRM,"2,378.5",-54.5,-2.24,"2,942,800",2026/09/10
264,264,6305,日立建機(株),東証PRM,"5,681",-130,-2.24,"1,168,300",2026/09/10
265,265,1965,(株)テクノ菱和,東証STD,"7,000",-160,-2.23,"65,600",2026/09/10
266,266,7637,白銅(株),東証PRM,"3,515",-80,-2.23,"19,000",2026/09/10
267,267,9701,(株)東京會舘,東証STD,"4,390",-100,-2.23,"2,000",2026/09/10
268,268,1979,(株)大気社,東証PRM,"3,745",-85,-2.22,"201,700",2026/09/10
269,269,9722,藤田観光(株),東証PRM,"2,739",-62,-2.21,"205,100",2026/09/10
270,270,3409,(株)北紡,東証STD,89,-2,-2.2,"10,900",2026/09/10
271,271,9896,ＪＫホールディングス(株),東証STD,"1,378",-31,-2.2,"31,600",2026/09/10
272,272,3512,日本フエルト(株),東証STD,"1,027",-23,-2.19,"7,800",2026/09/10
273,273,9405,朝日放送グループホールディングス(株),東証PRM,852,-19,-2.18,"125,000",2026/09/10
274,274,3777,(株)環境フレンドリーホールディングス,東証GRT,45,-1,-2.17,"2,465,400",2026/09/10
275,275,4179,(株)ジーネクスト,東証GRT,360,-8,-2.17,"22,600",2026/09/10
276,276,4222,児玉化学工業(株),東証STD,677,-15,-2.17,"369,700",2026/09/10
277,277,6925,ウシオ電機(株),東証PRM,"3,562",-79,-2.17,"265,200",2026/09/10
278,278,9087,タカセ(株),東証STD,"2,250",-50,-2.17,"3,800",2026/09/10
279,279,4069,(株)ＢｌｕｅＭｅｍｅ,東証GRT,680,-15,-2.16,"15,700",2026/09/10
280,280,5949,ユニプレス(株),東証PRM,"1,270",-28,-2.16,"305,300",2026/09/10
281,281,6522,(株)アスタリスク,東証GRT,"1,501",-33,-2.15,"839,500",2026/09/10
282,282,6869,シスメックス(株),東証PRM,"1,779",-39,-2.15,"3,137,400",2026/09/10
283,283,2646,GX メタルビジネス-日本株式,東証ETF,"3,800",-83,-2.14,"2,096",2026/09/10
284,284,299A,クラシル(株),東証GRT,"1,232",-27,-2.14,"523,600",2026/09/10
285,285,3964,(株)オークネット,東証PRM,"1,281",-28,-2.14,"436,800",2026/09/10
286,286,7220,武蔵精密工業(株),東証PRM,"2,717",-59,-2.13,"820,200",2026/09/10
287,287,6118,アイダエンジニアリング(株),東証PRM,"1,247",-27,-2.12,"287,800",2026/09/10
288,288,2294,(株)柿安本店,東証PRM,"2,501",-54,-2.11,"49,000",2026/09/10
289,289,6328,荏原実業(株),東証PRM,"2,319",-50,-2.11,"55,500",2026/09/10
290,290,6381,アネスト岩田(株),東証PRM,"1,900",-41,-2.11,"78,100",2026/09/10
291,291,9340,(株)アソインターナショナル,東証STD,789,-17,-2.11,"11,700",2026/09/10
292,292,4028,石原産業(株),東証PRM,"2,937",-63,-2.1,"181,800",2026/09/10
293,293,4691,ワシントンホテル(株),東証STD,"2,146",-46,-2.1,"32,000",2026/09/10
294,294,5929,三和ホールディングス(株),東証PRM,"3,400",-73,-2.1,"552,700",2026/09/10
295,295,7074,(株)トゥエンティーフォーセブンホールディングス,東証GRT,187,-4,-2.09,"2,100",2026/09/10
296,296,513A,GX 防衛テック-日本株式,東証ETF,799,-17,-2.08,"550,353",2026/09/10
297,297,6481,ＴＨＫ(株),東証PRM,"6,021",-128,-2.08,"1,219,000",2026/09/10
298,298,9906,藤井産業(株),東証STD,"4,260",-90,-2.07,"2,100",2026/09/10
299,299,1946,(株)トーエネック,東証PRM,"2,239",-47,-2.06,"173,000",2026/09/10
300,300,3436,(株)ＳＵＭＣＯ,東証PRM,"3,058",-64,-2.05,"10,656,800",2026/09/10
301,301,5714,ＤＯＷＡホールディングス(株),東証PRM,"9,263",-193,-2.04,"465,100",2026/09/10
302,302,6786,(株)ＲＶＨ,東証STD,48,-1,-2.04,"17,900",2026/09/10
303,303,2768,双日(株),東証PRM,"5,745",-119,-2.03,"1,436,500",2026/09/10
304,304,8147,(株)トミタ,東証STD,"1,400",-29,-2.03,"1,000",2026/09/10
305,305,9697,(株)カプコン,東証PRM,"4,196",-87,-2.03,"3,032,000",2026/09/10
306,306,2325,(株)ＮＪＳ,東証PRM,"4,600",-95,-2.02,"18,000",2026/09/10
307,307,4229,群栄化学工業(株),東証PRM,"4,120",-85,-2.02,"21,400",2026/09/10
308,308,6870,日本フェンオール(株),東証STD,"2,136",-44,-2.02,"3,400",2026/09/10
309,309,7615,(株)京都きもの友禅ホールディングス,東証STD,97,-2,-2.02,"153,700",2026/09/10
310,310,9241,(株)フューチャーリンクネットワーク,東証GRT,"1,264",-26,-2.02,"1,600",2026/09/10
311,311,1623,(NEXT FUNDS)鉄鋼･非鉄上場投信,東証ETF,"65,000","-1,330",-2.01,"1,284",2026/09/10
312,312,1721,コムシスホールディングス(株),東証PRM,"5,357",-110,-2.01,"644,400",2026/09/10
313,313,3193,(株)エターナルホスピタリティグループ,東証PRM,"1,364",-28,-2.01,"143,900",2026/09/10
314,314,4187,大阪有機化学工業(株),東証PRM,"4,140",-85,-2.01,"218,000",2026/09/10
315,315,6351,(株)鶴見製作所,東証PRM,"2,535",-52,-2.01,"51,700",2026/09/10
316,316,1436,(株)グリーンエナジー＆カンパニー,東証GRT,"1,716",-35,-2.0,"170,000",2026/09/10
317,317,1694,WisdomTree ニッケル上場投信,東証ETF,"2,254",-46,-2.0,180,2026/09/10
318,318,9219,(株)ギックス,東証GRT,882,-18,-2.0,"8,500",2026/09/10
319,319,6496,(株)中北製作所,東証STD,"5,430",-110,-1.99,"1,500",2026/09/10
320,320,3646,(株)駅探,東証STD,347,-7,-1.98,"10,000",2026/09/10
321,321,4203,住友ベークライト(株),東証PRM,"7,508",-152,-1.98,"876,400",2026/09/10
322,322,6269,三井海洋開発(株),東証PRM,"9,384",-190,-1.98,"517,500",2026/09/10
323,323,9024,(株)西武ホールディングス,東証PRM,"3,566",-72,-1.98,"793,900",2026/09/10
324,324,9362,兵機海運(株),東証STD,"3,705",-75,-1.98,300,2026/09/10
325,325,286A,(株)ユカリア,東証GRT,798,-16,-1.97,"30,300",2026/09/10
326,326,4250,(株)フロンティア,福岡Q,546,-11,-1.97,200,2026/09/10
327,327,6656,インスペック(株),東証STD,797,-16,-1.97,"47,200",2026/09/10
328,328,7283,愛三工業(株),東証PRM,"2,137",-43,-1.97,"243,400",2026/09/10
329,329,1766,東建コーポレーション(株),東証PRM,"13,530",-270,-1.96,"16,200",2026/09/10
330,330,4634,ａｒｔｉｅｎｃｅ(株),東証PRM,"5,000",-100,-1.96,"151,000",2026/09/10
331,331,7780,(株)メニコン,東証PRM,"1,698",-34,-1.96,"218,100",2026/09/10
332,332,1814,大末建設(株),東証PRM,"3,515",-70,-1.95,"73,800",2026/09/10
333,333,2980,ＳＲＥホールディングス(株),東証PRM,"2,268",-45,-1.95,"347,500",2026/09/10
334,334,6504,富士電機(株),東証PRM,"12,855",-255,-1.95,"687,500",2026/09/10
335,335,7827,(株)オービス,東証STD,"1,713",-34,-1.95,"2,300",2026/09/10
336,336,7936,(株)アシックス,東証PRM,"4,020",-80,-1.95,"7,153,500",2026/09/10
337,337,8934,サンフロンティア不動産(株),東証PRM,"2,378",-47,-1.94,"160,900",2026/09/10
338,338,1762,(株)高松コンストラクショングループ,東証PRM,"4,065",-80,-1.93,"35,400",2026/09/10
339,339,3747,(株)インタートレード,東証STD,407,-8,-1.93,"33,800",2026/09/10
340,340,6777,ｓａｎｔｅｃ　Ｈｏｌｄｉｎｇｓ(株),東証STD,"19,880",-390,-1.92,"108,000",2026/09/10
341,341,6368,オルガノ(株),東証PRM,"12,310",-240,-1.91,"240,900",2026/09/10
342,342,7681,(株)レオクラン,東証STD,981,-19,-1.9,100,2026/09/10
343,343,8225,(株)タカチホ,東証STD,"3,610",-70,-1.9,100,2026/09/10
344,344,5233,太平洋セメント(株),東証PRM,"4,058",-78,-1.89,"650,100",2026/09/10
345,345,6134,(株)ＦＵＪＩ,東証PRM,"6,867",-132,-1.89,"608,900",2026/09/10
346,346,6125,(株)岡本工作機械製作所,東証STD,"4,695",-90,-1.88,"15,100",2026/09/10
347,347,6675,サクサ(株),東証STD,"2,089",-40,-1.88,"31,400",2026/09/10
348,348,1447,ＳＡＡＦホールディングス(株),東証GRT,370,-7,-1.86,"647,700",2026/09/10
349,349,1815,鉄建建設(株),東証PRM,"4,480",-85,-1.86,"67,100",2026/09/10
350,350,3105,日清紡ホールディングス(株),東証PRM,"2,265.5",-43,-1.86,"724,700",2026/09/10
351,351,6190,(株)フェニックスバイオ,東証GRT,317,-6,-1.86,"2,800",2026/09/10
352,352,6626,ＳＥＭＩＴＥＣ(株),東証STD,"2,327",-44,-1.86,"7,900",2026/09/10
353,353,8929,(株)青山財産ネットワークス,東証STD,"1,335",-25,-1.84,"41,600",2026/09/10
354,354,184A,(株)学びエイド,東証GRT,322,-6,-1.83,"5,400",2026/09/10
355,355,412A,(NEXT FUNDS) 台湾イノベイティブ・テクノロジー50,東証ETF,"4,405",-82,-1.83,"2,243",2026/09/10
356,356,6307,サンセイ(株),東証STD,482,-9,-1.83,"6,200",2026/09/10
357,357,8117,中央自動車工業(株),東証STD,"2,095",-39,-1.83,"364,400",2026/09/10
358,358,198A,ＰｏｓｔＰｒｉｍｅ(株),東証GRT,162,-3,-1.82,"35,500",2026/09/10
359,359,4833,(株)Ｄｅｆ　ｃｏｎｓｕｌｔｉｎｇ,東証GRT,54,-1,-1.82,"1,676,600",2026/09/10
360,360,5033,(株)ヌーラボ,東証GRT,"1,188",-22,-1.82,"60,200",2026/09/10
361,361,6361,荏原,東証PRM,"4,312",-80,-1.82,"2,880,100",2026/09/10
362,362,6457,グローリー(株),東証PRM,"4,237",-78,-1.81,"210,000",2026/09/10
363,363,6890,(株)フェローテック,東証STD,"9,200",-170,-1.81,"917,900",2026/09/10
364,364,1945,(株)東京エネシス,東証PRM,"2,123",-39,-1.8,"97,700",2026/09/10
365,365,4578,大塚ホールディングス(株),東証PRM,"11,465",-210,-1.8,"1,377,300",2026/09/10
366,366,5074,テスホールディングス(株),東証PRM,601,-11,-1.8,"613,000",2026/09/10
367,367,6330,東洋エンジニアリング(株),東証PRM,"2,839",-52,-1.8,"7,185,800",2026/09/10
368,368,6561,(株)ＨＡＮＡＴＯＵＲ　ＪＡＰＡＮ,東証GRT,819,-15,-1.8,"20,600",2026/09/10
369,369,2726,(株)パルグループホールディングス,東証PRM,"1,485",-27,-1.79,"953,700",2026/09/10
370,370,6054,(株)リブセンス,東証STD,110,-2,-1.79,"38,200",2026/09/10
371,371,1960,(株)サンテック,東証STD,"1,659",-30,-1.78,"9,400",2026/09/10
372,372,2640,GX ゲーム＆アニメ-日本株式,東証ETF,"4,086",-74,-1.78,"17,299",2026/09/10
373,373,5998,(株)アドバネクス,東証STD,"2,642",-48,-1.78,"6,700",2026/09/10
374,374,7613,シークス(株),東証PRM,"1,488",-27,-1.78,"216,800",2026/09/10
375,375,1835,東鉄工業(株),東証PRM,"3,895",-70,-1.77,"96,800",2026/09/10
376,376,4912,ライオン(株),東証PRM,"1,744",-31.5,-1.77,"1,102,800",2026/09/10
377,377,5192,三ツ星ベルト(株),東証PRM,"4,160",-75,-1.77,"91,100",2026/09/10
378,378,1764,工藤建設(株),東証STD,"2,676",-48,-1.76,500,2026/09/10
379,379,2245,(NEXT FUNDS) ブルームバーグ 独国債(7-10年)(H有),東証ETF,686.3,-12.3,-1.76,"190,010",2026/09/10
380,380,2436,共同ピーアール(株),東証STD,558,-10,-1.76,"32,700",2026/09/10
381,381,6674,(株)ジーエス・ユアサ　コーポレーション,東証PRM,"5,137",-92,-1.76,"547,600",2026/09/10
382,382,7917,ＺＡＣＲＯＳ(株),東証PRM,"1,227",-22,-1.76,"76,700",2026/09/10
383,383,4814,ネクストウェア(株),東証STD,168,-3,-1.75,"57,900",2026/09/10
384,384,6061,(株)ユニバーサル園芸社,東証STD,"3,080",-55,-1.75,"3,600",2026/09/10
385,385,5713,住友金属鉱山(株),東証PRM,"10,190",-180,-1.74,"1,973,700",2026/09/10
386,386,5871,ＳＯＬＩＺＥ　Ｈｏｌｄｉｎｇｓ(株),東証STD,"1,413",-25,-1.74,"13,600",2026/09/10
387,387,7422,東邦レマック(株),東証STD,395,-7,-1.74,"1,200",2026/09/10
388,388,7760,ＩＭＶ(株),東証STD,"2,034",-36,-1.74,"52,000",2026/09/10
389,389,9244,(株)デジタリフト,東証GRT,"1,415",-25,-1.74,"7,000",2026/09/10
390,390,9278,ブックオフグループホールディングス(株),東証PRM,"2,727",-48,-1.73,"98,900",2026/09/10
391,391,1833,(株)奥村組,東証PRM,"5,700",-100,-1.72,"182,000",2026/09/10
392,392,1938,日本リーテック(株),東証PRM,"2,568",-45,-1.72,"46,900",2026/09/10
393,393,3682,エンカレッジ・テクノロジ(株),東証STD,572,-10,-1.72,"6,800",2026/09/10
394,394,3825,(株)リミックスポイント,東証STD,229,-4,-1.72,"470,000",2026/09/10
395,395,5189,櫻護謨(株),東証STD,"3,435",-60,-1.72,400,2026/09/10
396,396,6136,ＯＳＧ,東証PRM,"3,422",-60,-1.72,"274,000",2026/09/10
397,397,6776,天昇電気工業(株),東証STD,285,-5,-1.72,"16,000",2026/09/10
398,398,9610,ウィルソン・ラーニング　ワールドワイド(株),東証STD,114,-2,-1.72,"215,100",2026/09/10
399,399,1786,オリエンタル白石(株),東証PRM,349,-6,-1.69,"437,000",2026/09/10
400,400,224A,GX ウラニウムビジネス,東証ETF,"1,629",-28,-1.69,"3,245",2026/09/10
401,401,4481,ベース(株),東証PRM,"3,195",-55,-1.69,"97,700",2026/09/10
402,402,4582,シンバイオ製薬(株),東証GRT,58,-1,-1.69,"1,160,100",2026/09/10
403,403,498A,防衛・航空宇宙 欧州株(ネットリターン)ETN,東証ETF,"8,644",-148,-1.68,105,2026/09/10
404,404,3361,(株)トーエル,東証STD,883,-15,-1.67,"4,700",2026/09/10
405,405,9326,関通ホールディングス(株),東証GRT,470,-8,-1.67,"22,300",2026/09/10
406,406,2303,(株)ドーン,東証STD,"1,365",-23,-1.66,"8,900",2026/09/10
407,407,2780,(株)コメ兵ホールディングス,東証STD,"4,440",-75,-1.66,"108,700",2026/09/10
408,408,325A,(株)ＴＥＮＴＩＡＬ,東証GRT,"1,777",-30,-1.66,"142,900",2026/09/10
409,409,7685,(株)ＢｕｙＳｅｌｌ　Ｔｅｃｈｎｏｌｏｇｉｅｓ,東証GRT,"2,899",-49,-1.66,"427,700",2026/09/10
410,410,8035,東京エレクトロン(株),東証PRM,"52,810",-890,-1.66,"3,237,900",2026/09/10
411,411,1697,WisdomTree 大豆上場投信,東証ETF,"4,695",-79,-1.65,430,2026/09/10
412,412,3739,コムシード(株),名証NXT,119,-2,-1.65,"8,600",2026/09/10
413,413,404A,GX チャイナテック・トップ10,東証ETF,"1,200",-20,-1.64,"4,751",2026/09/10
414,414,4120,スガイ化学工業(株),東証STD,"3,000",-50,-1.64,500,2026/09/10
415,415,5262,日本ヒューム(株),東証PRM,"1,137",-19,-1.64,"233,800",2026/09/10
416,416,5542,新報国マテリアル(株),東証STD,901,-15,-1.64,"25,700",2026/09/10
417,417,8085,ナラサキ産業(株),東証STD,"4,200",-70,-1.64,400,2026/09/10
418,418,9766,コナミグループ(株),東証PRM,"20,350",-340,-1.64,"501,600",2026/09/10
419,419,1930,北陸電気工事(株),東証PRM,"1,567",-26,-1.63,"62,900",2026/09/10
420,420,4769,(株)ＩＣ,東証STD,"1,146",-19,-1.63,"2,400",2026/09/10
421,421,5035,ＨＯＵＳＥＩ(株),東証GRT,361,-6,-1.63,"1,300",2026/09/10
422,422,586A,(NEXT FUNDS) 日経エンタメ・コンテンツ株指数,東証ETF,241,-4,-1.63,"405,980",2026/09/10
423,423,7682,(株)浜木綿,東証STD,"3,920",-65,-1.63,700,2026/09/10
424,424,1879,新日本建設(株),東証PRM,"2,249",-37,-1.62,"97,700",2026/09/10
425,425,3088,(株)マツキヨココカラ＆カンパニー,東証PRM,"2,489",-41,-1.62,"1,662,100",2026/09/10
426,426,6334,明治機械(株),東証STD,486,-8,-1.62,"3,600",2026/09/10
427,427,6769,ザインエレクトロニクス(株),東証STD,"1,155",-19,-1.62,"36,500",2026/09/10
428,428,1687,WisdomTree 農産物上場投信,東証ETF,"1,067.5",-17.5,-1.61,"7,370",2026/09/10
429,429,2114,フジ日本(株),東証STD,673,-11,-1.61,"28,500",2026/09/10
430,430,244A,グロースエクスパートナーズ(株),東証GRT,"1,160",-19,-1.61,100,2026/09/10
431,431,3133,(株)海帆,東証GRT,61,-1,-1.61,"361,800",2026/09/10
432,432,9170,成友興業(株),名証MN,"1,463",-24,-1.61,500,2026/09/10
433,433,1850,南海辰村建設(株),東証STD,430,-7,-1.6,"23,300",2026/09/10
434,434,1861,(株)熊谷組,東証PRM,"1,292",-21,-1.6,"1,141,200",2026/09/10
435,435,6287,(株)サトー,東証PRM,"2,640",-43,-1.6,"102,800",2026/09/10
436,436,3840,(株)ヴィクトン,東証STD,62,-1,-1.59,"49,700",2026/09/10
437,437,4022,ラサ工業(株),東証PRM,"1,915",-31,-1.59,"468,800",2026/09/10
438,438,7863,(株)平賀,東証STD,929,-15,-1.59,200,2026/09/10
439,439,8136,(株)サンリオ,東証PRM,"1,173.5",-19,-1.59,"18,779,000",2026/09/10
440,440,1934,(株)ユアテック,東証PRM,"2,620",-42,-1.58,"132,200",2026/09/10
441,441,4976,東洋ドライルーブ(株),東証STD,"1,562",-25,-1.58,200,2026/09/10
442,442,5071,(株)ヴィス,東証STD,"1,370",-22,-1.58,300,2026/09/10
443,443,6092,(株)エンバイオ・ホールディングス,東証STD,812,-13,-1.58,"13,000",2026/09/10
444,444,6506,(株)安川電機,東証PRM,"4,432",-71,-1.58,"3,785,700",2026/09/10
445,445,9247,ＴＲＥホールディングス(株),東証PRM,"1,805",-29,-1.58,"215,000",2026/09/10
446,446,1629,(NEXT FUNDS)商社･卸売上場投信,東証ETF,276.6,-4.4,-1.57,"2,008,980",2026/09/10
447,447,1827,(株)ナカノフドー建設,東証STD,"1,313",-21,-1.57,"11,800",2026/09/10
448,448,2926,(株)篠崎屋,東証STD,125,-2,-1.57,"170,900",2026/09/10
449,449,3987,エコモット(株),東証GRT,626,-10,-1.57,"11,800",2026/09/10
450,450,6505,東洋電機製造(株),東証STD,"2,384",-38,-1.57,"36,800",2026/09/10
451,451,175A,(株)Ｗｉｌｌ　Ｓｍａｒｔ,東証GRT,631,-10,-1.56,"9,400",2026/09/10
452,452,1951,エクシオグループ(株),東証PRM,"2,548",-40.5,-1.56,"418,500",2026/09/10
453,453,1952,新日本空調(株),東証PRM,"3,160",-50,-1.56,"109,600",2026/09/10
454,454,6049,(株)イトクロ,東証GRT,252,-4,-1.56,"22,500",2026/09/10
455,455,6302,住友重機械工業(株),東証PRM,"5,611",-89,-1.56,"681,600",2026/09/10
456,456,6492,岡野バルブ製造(株),東証STD,"13,870",-220,-1.56,"9,700",2026/09/10
457,457,1572,中国H株ブル2倍上場投信,東証ETF,"6,523",-103,-1.55,610,2026/09/10
458,458,1585,iFreeETF TOPIX Ex-Financials,東証ETF,"2,602",-41,-1.55,60,2026/09/10
459,459,3796,(株)いい生活,東証STD,317,-5,-1.55,"24,600",2026/09/10
460,460,4046,(株)大阪ソーダ,東証PRM,"1,968",-31,-1.55,"301,300",2026/09/10
461,461,6383,(株)ダイフク,東証PRM,"5,544",-87,-1.55,"1,506,200",2026/09/10
462,462,7066,(株)ピアズ,東証GRT,446,-7,-1.55,"13,100",2026/09/10
463,463,6982,(株)リード,東証STD,575,-9,-1.54,500,2026/09/10
464,464,9346,(株)ココルポート,東証GRT,"1,851",-29,-1.54,"4,000",2026/09/10
465,465,1941,(株)中電工,東証PRM,"5,150",-80,-1.53,"86,300",2026/09/10
466,466,7266,(株)今仙電機製作所,東証STD,965,-15,-1.53,"18,000",2026/09/10
467,467,1975,(株)朝日工業社,東証PRM,"3,875",-60,-1.52,"94,900",2026/09/10
468,468,4629,大伸化学(株),東証STD,"2,531",-39,-1.52,"13,400",2026/09/10
469,469,4880,セルソース(株),東証STD,324,-5,-1.52,"81,600",2026/09/10
470,470,6326,(株)クボタ,東証PRM,"2,794.5",-43,-1.52,"4,075,100",2026/09/10
471,471,7771,日本精密(株),東証STD,260,-4,-1.52,"124,500",2026/09/10
472,472,8053,住友商事(株),東証PRM,"1,812",-28,-1.52,"9,425,700",2026/09/10
473,473,7299,フジオーゼックス(株),東証STD,"1,760",-27,-1.51,"5,600",2026/09/10
474,474,2479,(株)ジェイテック,東証STD,263,-4,-1.5,"87,100",2026/09/10
475,475,2698,(株)キャンドゥ,東証STD,"3,280",-50,-1.5,"14,900",2026/09/10
476,476,2975,スター・マイカ・ホールディングス(株),東証PRM,"1,383",-21,-1.5,"137,200",2026/09/10
477,477,1847,(株)イチケン,東証STD,"3,315",-50,-1.49,"30,200",2026/09/10
478,478,5384,(株)フジミインコーポレーテッド,東証PRM,"3,300",-50,-1.49,"316,100",2026/09/10
479,479,6370,栗田工業(株),東証PRM,"7,461",-113,-1.49,"696,200",2026/09/10
480,480,6897,(株)ツインバード,東証STD,661,-10,-1.49,"95,400",2026/09/10
481,481,9435,(株)光通信,東証PRM,"37,760",-570,-1.49,"63,800",2026/09/10
482,482,418A,ウリドキ(株),名証NXT,"1,262",-19,-1.48,"4,000",2026/09/10
483,483,4491,コンピューターマネージメント(株),東証STD,"3,320",-50,-1.48,"3,800",2026/09/10
484,484,6159,ミクロン精密(株),東証STD,"1,865",-28,-1.48,600,2026/09/10
485,485,8267,イオン(株),東証PRM,"1,363",-20.5,-1.48,"10,190,600",2026/09/10
486,486,9780,(株)ハリマビステム,東証STD,"1,129",-17,-1.48,"15,500",2026/09/10
487,487,2762,(株)ＳＡＮＫＯ　ＭＡＲＫＥＴＩＮＧ　ＦＯＯＤＳ,東証STD,67,-1,-1.47,"190,400",2026/09/10
488,488,3539,(株)ＪＭホールディングス,東証PRM,"1,340",-20,-1.47,"108,900",2026/09/10
489,489,5232,住友大阪セメント(株),東証PRM,"5,552",-83,-1.47,"209,000",2026/09/10
490,490,5268,旭コンクリート工業(株),東証STD,872,-13,-1.47,"5,800",2026/09/10
491,491,6069,トレンダーズ(株),東証GRT,668,-10,-1.47,"14,200",2026/09/10
492,492,7567,(株)栄電子,東証STD,605,-9,-1.47,"7,500",2026/09/10
493,493,7815,東京ボード工業(株),東証STD,335,-5,-1.47,"3,200",2026/09/10
494,494,4543,テルモ(株),東証PRM,"2,235",-33,-1.46,"5,919,800",2026/09/10
495,495,512A,GX ステーブルコイン&トークンビジネス(除く日本),東証ETF,"1,147",-17,-1.46,941,2026/09/10
496,496,7050,(株)フロンティアインターナショナル,東証GRT,"1,354",-20,-1.46,"24,700",2026/09/10
497,497,9820,エムティジェネックス(株),東証STD,"3,725",-55,-1.46,"1,400",2026/09/10
498,498,3945,スーパーバッグ(株),東証STD,"2,172",-32,-1.45,"1,900",2026/09/10
499,499,4416,(株)Ｔｒｕｅ　Ｄａｔａ,東証GRT,409,-6,-1.45,"5,400",2026/09/10
500,500,4765,ＳＢＩグローバルアセットマネジメント(株),東証PRM,611,-9,-1.45,"284,800",2026/09/10
501,501,9551,メタウォーター(株),東証PRM,"3,065",-45,-1.45,"78,400",2026/09/10
502,502,1619,(NEXT FUNDS)建設･資材上場投信,東証ETF,"44,370",-650,-1.44,249,2026/09/10
503,503,1688,WisdomTree 穀物上場投信,東証ETF,602.3,-8.8,-1.44,"9,600",2026/09/10
504,504,2373,(株)ケア２１,東証STD,412,-6,-1.44,"6,300",2026/09/10
505,505,3445,(株)ＲＳ　Ｔｅｃｈｎｏｌｏｇｉｅｓ,東証PRM,"5,470",-80,-1.44,"190,300",2026/09/10
506,506,3965,(株)キャピタル・アセット・プランニング,東証STD,887,-13,-1.44,"4,500",2026/09/10
507,507,4919,(株)ミルボン,東証PRM,"3,075",-45,-1.44,"222,400",2026/09/10
508,508,5333,ＮＧＫ(株),東証PRM,"5,064",-74,-1.44,"1,346,800",2026/09/10
509,509,6643,(株)戸上電機製作所,東証STD,"5,470",-80,-1.44,"2,400",2026/09/10
510,510,190A,Ｃｈｏｒｄｉａ　Ｔｈｅｒａｐｅｕｔｉｃｓ(株),東証GRT,69,-1,-1.43,"462,200",2026/09/10
511,511,4617,中国塗料(株),東証PRM,"3,455",-50,-1.43,"133,500",2026/09/10
512,512,5576,(株)オービーシステム,東証STD,"2,972",-43,-1.43,"1,100",2026/09/10
513,513,8801,三井不動産(株),東証PRM,"1,484",-21.5,-1.43,"8,822,400",2026/09/10
514,514,9107,川崎汽船(株),東証PRM,"3,300",-48,-1.43,"4,493,600",2026/09/10
515,515,9552,(株)クオンツ総研ホールディングス,東証PRM,"1,034",-15,-1.43,"219,000",2026/09/10
516,516,3267,(株)フィル・カンパニー,東証STD,625,-9,-1.42,"21,000",2026/09/10
517,517,413A,iFreeETF キャセイ台湾テックリーダー指数,東証ETF,"3,830",-55,-1.42,583,2026/09/10
518,518,6325,(株)タカキタ,東証STD,416,-6,-1.42,"6,000",2026/09/10
519,519,9267,Ｇｅｎｋｙ　ＤｒｕｇＳｔｏｒｅｓ(株),東証PRM,"3,460",-50,-1.42,"64,000",2026/09/10
520,520,2520,(NEXT FUNDS)新興国株式･MSCI EM･(H無),東証ETF,"2,315",-33,-1.41,"2,914",2026/09/10
521,521,4301,(株)アミューズ,東証PRM,"1,816",-26,-1.41,"22,100",2026/09/10
522,522,6503,三菱電機(株),東証PRM,"5,095",-73,-1.41,"4,696,600",2026/09/10
523,523,2693,ＹＫＴ(株),東証STD,281,-4,-1.4,"17,700",2026/09/10
524,524,3261,(株)グランディーズ,東証GRT,423,-6,-1.4,"2,600",2026/09/10
525,525,3712,(株)情報企画,東証STD,"1,055",-15,-1.4,"2,900",2026/09/10
526,526,9503,関西電力(株),東証PRM,"2,957",-42,-1.4,"4,415,000",2026/09/10
527,527,9755,応用地質(株),東証PRM,"2,818",-40,-1.4,"48,800",2026/09/10
528,528,1325,(NEXT FUNDS)ブラジル株式指数上場投信,東証ETF,290,-4.1,-1.39,"8,110",2026/09/10
529,529,1783,(株)ｆａｎｔａｓｉｓｔａ,東証STD,71,-1,-1.39,"8,859,400",2026/09/10
530,530,1929,日特建設(株),東証PRM,"1,205",-17,-1.39,"87,600",2026/09/10
531,531,268A,リガク・ホールディングス(株),東証PRM,"1,630",-23,-1.39,"1,985,900",2026/09/10
532,532,6737,ＥＩＺＯ(株),東証PRM,"2,988",-42,-1.39,"164,400",2026/09/10
533,533,3465,ケイアイスター不動産(株),東証PRM,"3,220",-45,-1.38,"122,600",2026/09/10
534,534,5579,(株)ＧＳＩ,札証,"1,291",-18,-1.38,600,2026/09/10
535,535,5962,浅香工業(株),東証STD,"2,074",-29,-1.38,300,2026/09/10
536,536,6342,(株)太平製作所,東証STD,"2,863",-40,-1.38,200,2026/09/10
537,537,6387,サムコ(株),東証PRM,"8,550",-120,-1.38,"73,300",2026/09/10
538,538,6395,(株)タダノ,東証PRM,"1,358",-19,-1.38,"236,100",2026/09/10
539,539,7878,(株)光・彩,東証STD,"1,499",-21,-1.38,"2,900",2026/09/10
540,540,2586,(株)フルッタフルッタ,東証GRT,72,-1,-1.37,"551,400",2026/09/10
541,541,3569,セーレン(株),東証PRM,"3,250",-45,-1.37,"147,100",2026/09/10
542,542,4414,(株)フレクト,東証GRT,"1,078",-15,-1.37,"6,300",2026/09/10
543,543,5741,(株)ＵＡＣＪ,東証PRM,"2,230",-31,-1.37,"712,100",2026/09/10
544,544,5851,リョービ(株),東証PRM,"2,656",-37,-1.37,"134,400",2026/09/10
545,545,6473,(株)ジェイテクト,東証PRM,"2,009.5",-28,-1.37,"1,471,900",2026/09/10
546,546,6592,マブチモーター(株),東証PRM,"1,660.5",-23,-1.37,"1,052,400",2026/09/10
547,547,6989,北陸電気工業(株),東証STD,"2,307",-32,-1.37,"1,600",2026/09/10
548,548,7711,助川電気工業(株),東証STD,"5,030",-70,-1.37,"35,000",2026/09/10
549,549,8194,(株)ライフコーポレーション,東証PRM,"2,660",-37,-1.37,"210,300",2026/09/10
550,550,8887,(株)シーラホールディングス,東証STD,359,-5,-1.37,"136,600",2026/09/10
551,551,9625,(株)セレスポ,東証STD,933,-13,-1.37,"2,000",2026/09/10
552,552,436A,サイバーソリューションズ(株),東証GRT,"1,161",-16,-1.36,"33,200",2026/09/10
553,553,4512,わかもと製薬(株),東証STD,290,-4,-1.36,"11,400",2026/09/10
554,554,5537,(株)ＡｌｂａＬｉｎｋ,東証GRT,"3,275",-45,-1.36,"73,900",2026/09/10
555,555,8133,伊藤忠エネクス(株),東証PRM,"2,253",-31,-1.36,"126,900",2026/09/10
556,556,1969,高砂熱学工業(株),東証PRM,"4,441",-61,-1.35,"593,800",2026/09/10
557,557,5921,川岸工業(株),東証STD,"4,380",-60,-1.35,500,2026/09/10
558,558,3496,(株)アズーム,東証PRM,"4,795",-65,-1.34,"48,200",2026/09/10
559,559,3498,霞ヶ関キャピタル(株),東証PRM,"7,370",-100,-1.34,"197,700",2026/09/10
560,560,4212,積水樹脂(株),東証PRM,"2,867",-39,-1.34,"47,700",2026/09/10
561,561,4587,ペプチドリーム(株),東証PRM,"1,068",-14.5,-1.34,"700,600",2026/09/10
562,562,6018,阪神内燃機工業(株),東証STD,"5,890",-80,-1.34,"3,500",2026/09/10
563,563,6951,日本電子(株),東証PRM,"7,231",-98,-1.34,"303,800",2026/09/10
564,564,1681,上場インデックスファンド海外新興国株式,東証ETF,"3,340",-45,-1.33,"1,748",2026/09/10
565,565,3799,キーウェアソリューションズ(株),東証STD,"1,115",-15,-1.33,"4,100",2026/09/10
566,566,4112,保土谷化学工業(株),東証PRM,"2,080",-28,-1.33,"44,000",2026/09/10
567,567,8946,(株)ＡＳＩＡＮ　ＳＴＡＲ,東証STD,74,-1,-1.33,"20,100",2026/09/10
568,568,273A,SBI サウジアラビア株式上場投信,東証ETF,"9,666",-129,-1.32,161,2026/09/10
569,569,2815,アリアケジャパン(株),東証PRM,"5,250",-70,-1.32,"99,400",2026/09/10
570,570,5930,文化シヤッター(株),東証PRM,"1,862",-25,-1.32,"87,500",2026/09/10
571,571,5950,日本パワーファスニング(株),東証STD,149,-2,-1.32,"30,900",2026/09/10
572,572,7482,(株)シモジマ,東証PRM,"1,497",-20,-1.32,"28,200",2026/09/10
573,573,7867,(株)タカラトミー,東証PRM,"3,513",-47,-1.32,"584,100",2026/09/10
574,574,7291,日本プラスト(株),東証STD,453,-6,-1.31,"17,700",2026/09/10
575,575,9127,玉井商船(株),東証STD,"3,380",-45,-1.31,"1,700",2026/09/10
576,576,2903,シノブフーズ(株),東証STD,"1,589",-21,-1.3,"3,300",2026/09/10
577,577,3848,(株)データ・アプリケーション,東証STD,838,-11,-1.3,"3,900",2026/09/10
578,578,402A,(株)アクセルスペースホールディングス,東証GRT,530,-7,-1.3,"722,100",2026/09/10
579,579,4274,細谷火工(株),東証STD,"1,066",-14,-1.3,"25,700",2026/09/10
580,580,6508,(株)明電舎,東証PRM,"10,670",-140,-1.3,"255,100",2026/09/10
581,581,7841,(株)遠藤製作所,東証STD,"1,065",-14,-1.3,"66,100",2026/09/10
582,582,2809,キユーピー(株),東証PRM,"4,590",-60,-1.29,"421,800",2026/09/10
583,583,4971,メック(株),東証PRM,"6,140",-80,-1.29,"242,400",2026/09/10
584,584,9504,中国電力(株),東証PRM,"1,072.5",-14,-1.29,"2,599,400",2026/09/10
585,585,1964,中外炉工業(株),東証PRM,"3,845",-50,-1.28,"26,500",2026/09/10
586,586,4396,(株)システムサポートホールディングス,東証PRM,"1,312",-17,-1.28,"63,200",2026/09/10
587,587,4403,日油(株),東証PRM,"2,620",-34,-1.28,"1,104,500",2026/09/10
588,588,478A,(株)フツパー,東証GRT,770,-10,-1.28,"107,300",2026/09/10
589,589,600A,ニッセイ ETF ラッセル2000,東証ETF,"1,855",-24,-1.28,593,2026/09/10
590,590,6357,三精テクノロジーズ(株),東証STD,"2,710",-35,-1.28,"41,000",2026/09/10
591,591,9534,北海道ガス(株),東証PRM,928,-12,-1.28,"236,900",2026/09/10
592,592,1376,カネコ種苗(株),東証STD,"1,551",-20,-1.27,"10,800",2026/09/10
593,593,1555,上場インデックスファンド豪州リート,東証ETF,"2,251",-29,-1.27,"3,233",2026/09/10
594,594,6378,木村化工機(株),東証STD,"1,165",-15,-1.27,"94,100",2026/09/10
595,595,7624,(株)ＮａＩＴＯ,東証STD,155,-2,-1.27,"32,900",2026/09/10
596,596,8935,(株)ＦＪネクストホールディングス,東証PRM,"1,940",-25,-1.27,"38,200",2026/09/10
597,597,3489,(株)フェイスネットワーク,東証STD,783,-10,-1.26,"62,600",2026/09/10
598,598,5983,イワブチ(株),東証STD,"13,270",-170,-1.26,"2,700",2026/09/10
599,599,6258,平田機工(株),東証PRM,"3,530",-45,-1.26,"219,300",2026/09/10
600,600,9270,バリュエンスホールディングス(株),東証GRT,"1,962",-25,-1.26,"34,300",2026/09/10
601,601,2867,GX 自動運転&EV,東証ETF,"1,663",-21,-1.25,833,2026/09/10
602,602,4231,タイガースポリマー(株),東証STD,"1,029",-13,-1.25,"17,100",2026/09/10
603,603,4428,(株)シノプス,東証GRT,709,-9,-1.25,"1,700",2026/09/10
604,604,7063,(株)Ｂｉｒｄｍａｎ,東証GRT,79,-1,-1.25,"146,400",2026/09/10
605,605,7578,(株)ニチリョク,東証STD,79,-1,-1.25,"64,500",2026/09/10
606,606,9708,(株)帝国ホテル,東証STD,949,-12,-1.25,"288,600",2026/09/10
607,607,3181,(株)買取王国,東証STD,"1,033",-13,-1.24,"2,800",2026/09/10
608,608,4189,ＫＨネオケム(株),東証PRM,"3,175",-40,-1.24,"87,700",2026/09/10
609,609,4386,(株)ＳＩＧグループ,東証STD,875,-11,-1.24,"2,000",2026/09/10
610,610,505A,(株)ギークリー,東証STD,"1,359",-17,-1.24,"9,300",2026/09/10
611,611,6741,日本信号(株),東証PRM,"1,750",-22,-1.24,"102,900",2026/09/10
612,612,7228,(株)デイトナ,東証STD,"3,985",-50,-1.24,"1,100",2026/09/10
613,613,8078,阪和興業(株),東証PRM,"1,911",-24,-1.24,"478,100",2026/09/10
614,614,9466,(株)アイドママーケティングコミュニケーション,東証STD,239,-3,-1.24,"1,800",2026/09/10
615,615,2764,(株)ひらまつ,東証STD,161,-2,-1.23,"75,400",2026/09/10
616,616,3097,(株)物語コーポレーション,東証PRM,"5,630",-70,-1.23,"155,600",2026/09/10
617,617,3695,ＧＭＯプロダクトプラットフォーム(株),東証GRT,"1,607",-20,-1.23,"5,900",2026/09/10
618,618,4885,室町ケミカル(株),東証STD,884,-11,-1.23,"9,800",2026/09/10
619,619,6267,ゼネラルパッカー(株),東証STD,"4,000",-50,-1.23,500,2026/09/10
620,620,8358,スルガ銀行(株),東証PRM,"2,804",-35,-1.23,"1,153,000",2026/09/10
621,621,2037,NEXT NOTES 金先物 ベア ETN,東証ETF,"1,295",-16,-1.22,"1,894",2026/09/10
622,622,5922,那須電機鉄工(株),東証STD,"20,200",-250,-1.22,600,2026/09/10
623,623,7649,スギホールディングス(株),東証PRM,"1,291",-16,-1.22,"2,724,300",2026/09/10
624,624,8031,三井物産(株),東証PRM,"5,093",-63,-1.22,"5,770,000",2026/09/10
625,625,9171,栗林商船(株),東証STD,"1,455",-18,-1.22,"2,800",2026/09/10
626,626,1624,(NEXT FUNDS)機械上場投信,東証ETF,"81,360","-1,000",-1.21,134,2026/09/10
627,627,188A,GX インド・トップ10+,東証ETF,814,-10,-1.21,"13,904",2026/09/10
628,628,2170,(株)リンクアンドモチベーション,東証PRM,652,-8,-1.21,"197,200",2026/09/10
629,629,2678,アスクル(株),東証PRM,"1,226",-15,-1.21,"305,500",2026/09/10
630,630,2805,ヱスビー食品(株),東証STD,"7,340",-90,-1.21,"71,500",2026/09/10
631,631,3467,アグレ都市デザイン(株),東証STD,"2,699",-33,-1.21,"8,200",2026/09/10
632,632,3670,協立情報通信(株),名証MN,"1,711",-21,-1.21,300,2026/09/10
633,633,4465,(株)ニイタカ,東証STD,"2,376",-29,-1.21,"25,200",2026/09/10
634,634,4671,(株)ファルコホールディングス,東証STD,"2,867",-35,-1.21,"10,600",2026/09/10
635,635,5076,インフロニア・ホールディングス(株),東証PRM,"2,766",-34,-1.21,"1,667,700",2026/09/10
636,636,6166,(株)中村超硬,東証GRT,655,-8,-1.21,"96,500",2026/09/10
637,637,9753,アイエックス・ナレッジ(株),東証STD,"1,384",-17,-1.21,"4,600",2026/09/10
638,638,1799,第一建設工業(株),東証STD,"3,300",-40,-1.2,"20,200",2026/09/10
639,639,1822,大豊建設(株),東証STD,820,-10,-1.2,"156,500",2026/09/10
640,640,218A,(株)Ｌｉｂｅｒａｗａｒｅ,東証GRT,"1,150",-14,-1.2,"213,700",2026/09/10
641,641,4167,(株)ココペリ,東証GRT,330,-4,-1.2,"18,100",2026/09/10
642,642,4376,(株)くふうカンパニーホールディングス,東証GRT,165,-2,-1.2,"38,700",2026/09/10
643,643,4591,(株)リボミック,東証GRT,82,-1,-1.2,"755,800",2026/09/10
644,644,6836,ぷらっとホーム(株),東証STD,823,-10,-1.2,"1,200",2026/09/10
645,645,3038,(株)神戸物産,東証PRM,"3,071",-37,-1.19,"2,752,200",2026/09/10
646,646,3416,ピクスタ(株),東証STD,915,-11,-1.19,"1,600",2026/09/10
647,647,4584,キッズウェル・バイオ(株),東証GRT,166,-2,-1.19,"242,100",2026/09/10
648,648,7060,ギークス(株),東証STD,580,-7,-1.19,"7,600",2026/09/10
649,649,2039,NEXT NOTES ドバイ原油先物 ベア ETN,東証ETF,504,-6,-1.18,"423,216",2026/09/10
650,650,2848,GX MSCI 気候変動対応-日本株式,東証ETF,"3,025",-36,-1.18,33,2026/09/10
651,651,3674,(株)オークファン,東証GRT,336,-4,-1.18,"7,400",2026/09/10
652,652,4177,(株)ｉ－ｐｌｕｇ,東証GRT,"1,502",-18,-1.18,700,2026/09/10
653,653,6177,ＡｐｐＢａｎｋ(株),東証GRT,84,-1,-1.18,"116,100",2026/09/10
654,654,7813,(株)プラッツ,東証STD,925,-11,-1.18,900,2026/09/10
655,655,9661,(株)歌舞伎座,東証STD,"4,195",-50,-1.18,"7,400",2026/09/10
656,656,1926,ライト工業(株),東証PRM,"3,805",-45,-1.17,"131,500",2026/09/10
657,657,5619,マーソ(株),東証GRT,847,-10,-1.17,200,2026/09/10
658,658,6247,(株)日阪製作所,東証PRM,"1,696",-20,-1.17,"89,700",2026/09/10
659,659,6376,日機装(株),東証PRM,"3,380",-40,-1.17,"511,700",2026/09/10
660,660,7072,(株)インティメート・マージャー,東証GRT,"1,097",-13,-1.17,"6,100",2026/09/10
661,661,2207,(株)ｍｅｉｔｏ,東証PRM,"3,410",-40,-1.16,"52,800",2026/09/10
662,662,220A,(株)Ｆａｂｅｒ　Ｃｏｍｐａｎｙ,東証STD,936,-11,-1.16,"8,700",2026/09/10
663,663,2928,ＲＩＺＡＰグループ(株),札幌ア,170,-2,-1.16,"654,900",2026/09/10
664,664,4237,フジプレアム(株),東証STD,340,-4,-1.16,"20,100",2026/09/10
665,665,4385,(株)メルカリ,東証PRM,"3,921",-46,-1.16,"1,418,600",2026/09/10
666,666,5110,住友ゴム工業(株),東証PRM,"2,004",-23.5,-1.16,"2,668,200",2026/09/10
667,667,6552,(株)ＧａｍｅＷｉｔｈ,東証STD,171,-2,-1.16,"36,200",2026/09/10
668,668,7292,(株)村上開明堂,東証STD,"6,820",-80,-1.16,"4,100",2026/09/10
669,669,8015,豊田通商(株),東証PRM,"7,430",-87,-1.16,"2,791,000",2026/09/10
670,670,9478,ＳＥホールディングス・アンド・インキュベーションズ(株),東証STD,513,-6,-1.16,"9,500",2026/09/10
671,671,1663,Ｋ＆Ｏエナジーグループ(株),東証PRM,"1,971",-23,-1.15,"166,300",2026/09/10
672,672,2643,(NEXTFUNDS) MSCIジャパンカントリー指数(セレクト),東証ETF,"4,300",-50,-1.15,49,2026/09/10
673,673,2669,カネ美食品(株),東証STD,"3,865",-45,-1.15,"8,600",2026/09/10
674,674,3954,昭和パックス(株),東証STD,"3,000",-35,-1.15,500,2026/09/10
675,675,4005,住友化学(株),東証PRM,567.2,-6.6,-1.15,"10,406,500",2026/09/10
676,676,441A,ＮＥ(株),東証GRT,259,-3,-1.15,"36,700",2026/09/10
677,677,4527,ロート製薬(株),東証PRM,"2,802.5",-32.5,-1.15,"847,900",2026/09/10
678,678,489A,東証REIT物流フォーカスETF,東証ETF,862,-10,-1.15,43,2026/09/10
679,679,8864,空港施設(株),東証STD,946,-11,-1.15,"50,900",2026/09/10
680,680,9223,(株)ＡＳＮＯＶＡ,東証GRT,431,-5,-1.15,"3,100",2026/09/10
681,681,5129,(株)ＦＩＸＥＲ,東証GRT,260,-3,-1.14,"87,100",2026/09/10
682,682,6474,(株)不二越,東証PRM,"5,200",-60,-1.14,"68,000",2026/09/10
683,683,7979,(株)松風,東証PRM,"2,177",-25,-1.14,"91,300",2026/09/10
684,684,8061,西華産業(株),東証PRM,"2,947",-34,-1.14,"105,000",2026/09/10
685,685,277A,グロービング(株),東証PRM,"1,832",-21,-1.13,"120,200",2026/09/10
686,686,3556,リネットジャパングループ(株),東証GRT,790,-9,-1.13,"36,100",2026/09/10
687,687,3561,(株)力の源ホールディングス,東証PRM,"1,483",-17,-1.13,"81,500",2026/09/10
688,688,5244,(株)ｊｉｇ．ｊｐ,東証GRT,175,-2,-1.13,"192,700",2026/09/10
689,689,6208,(株)石川製作所,東証STD,"1,664",-19,-1.13,"22,800",2026/09/10
690,690,6471,日本精工(株),東証PRM,"1,048.5",-12,-1.13,"2,868,100",2026/09/10
691,691,3477,フォーライフ(株),東証GRT,892,-10,-1.11,"3,900",2026/09/10
692,692,4076,(株)シイエヌエス,東証GRT,"1,962",-22,-1.11,700,2026/09/10
693,693,4549,栄研化学(株),東証PRM,"2,237",-25,-1.11,"91,800",2026/09/10
694,694,5911,(株)横河ブリッジホールディングス,東証PRM,"2,942",-33,-1.11,"103,600",2026/09/10
695,695,6181,タメニー(株),東証GRT,89,-1,-1.11,"173,700",2026/09/10
696,696,6444,サンデン(株),東証STD,178,-2,-1.11,"167,900",2026/09/10
697,697,6523,ＰＨＣホールディングス(株),東証PRM,"1,250",-14,-1.11,"550,200",2026/09/10
698,698,1662,石油資源開発(株),東証PRM,"1,890",-21,-1.1,"1,585,600",2026/09/10
699,699,3111,オーミケンシ(株),東証STD,179,-2,-1.1,"4,600",2026/09/10
700,700,5697,(株)サンユウ,東証STD,809,-9,-1.1,"23,300",2026/09/10
701,701,5834,ＳＢＩリーシングサービス(株),東証GRT,"2,786",-31,-1.1,"22,400",2026/09/10
702,702,593A,(株)ティアフォー,東証GRT,"2,250",-25,-1.1,"12,171,400",2026/09/10
703,703,7318,セレンディップ・ホールディングス(株),東証GRT,"1,344",-15,-1.1,"66,800",2026/09/10
704,704,1450,ＴＡＮＡＫＥＮ(株),東証STD,"1,450",-16,-1.09,"2,000",2026/09/10
705,705,8802,三菱地所(株),東証PRM,"3,642",-40,-1.09,"3,900,000",2026/09/10
706,706,9612,(株)ラックランド,東証PRM,"1,178",-13,-1.09,"38,400",2026/09/10
707,707,1939,(株)四電工,東証PRM,"2,290",-25,-1.08,"87,700",2026/09/10
708,708,2354,(株)ＹＥ　ＤＩＧＩＴＡＬ,東証STD,"1,372",-15,-1.08,"432,200",2026/09/10
709,709,2831,はごろもフーズ(株),東証STD,"3,660",-40,-1.08,"1,800",2026/09/10
710,710,2860,(NEXT FUNDS) ドイツ株式・DAX(H有),東証ETF,"3,216",-35,-1.08,384,2026/09/10
711,711,2915,ケンコーマヨネーズ(株),東証PRM,"2,022",-22,-1.08,"19,900",2026/09/10
712,712,4544,Ｈ．Ｕ．グループホールディングス(株),東証PRM,"3,388",-37,-1.08,"232,900",2026/09/10
713,713,5246,(株)ＥＬＥＭＥＮＴＳ,東証GRT,824,-9,-1.08,"235,100",2026/09/10
714,714,6135,(株)牧野フライス製作所,東証PRM,"14,600",-160,-1.08,"130,300",2026/09/10
715,715,6778,(株)アルチザネットワークス,東証STD,643,-7,-1.08,"21,500",2026/09/10
716,716,7859,(株)アルメディオ,東証STD,274,-3,-1.08,"41,900",2026/09/10
717,717,8088,岩谷産業(株),東証PRM,"2,153.5",-23.5,-1.08,"801,100",2026/09/10
718,718,1414,ショーボンドホールディングス(株),東証PRM,"1,245",-13.5,-1.07,"1,343,200",2026/09/10
719,719,2081,政策保有解消推進ETF,東証ETF,"2,121",-23,-1.07,"10,740",2026/09/10
720,720,3192,(株)白鳩,東証STD,277,-3,-1.07,"23,000",2026/09/10
721,721,4718,(株)早稲田アカデミー,東証PRM,"2,504",-27,-1.07,"26,300",2026/09/10
722,722,6616,トレックス・セミコンダクター(株),東証PRM,"1,850",-20,-1.07,"60,400",2026/09/10
723,723,6730,(株)アクセル,東証STD,"1,106",-12,-1.07,"119,800",2026/09/10
724,724,7242,カヤバ(株),東証PRM,"4,610",-50,-1.07,"106,900",2026/09/10
725,725,7947,(株)エフピコ,東証PRM,"2,766",-30,-1.07,"176,200",2026/09/10
726,726,7995,(株)バルカー,東証PRM,"6,450",-70,-1.07,"36,000",2026/09/10
727,727,8174,日本瓦斯(株),東証PRM,"3,043",-33,-1.07,"249,100",2026/09/10
728,728,8584,(株)ジャックス,東証PRM,"3,690",-40,-1.07,"123,100",2026/09/10
729,729,1630,(NEXT FUNDS)小売上場投信,東証ETF,"36,290",-390,-1.06,"1,824",2026/09/10
730,730,288A,ラクサス・テクノロジーズ(株),東証GRT,93,-1,-1.06,"20,500",2026/09/10
731,731,3091,(株)ブロンコビリー,東証PRM,"2,791",-30,-1.06,"75,600",2026/09/10
732,732,3168,(株)ＭＥＲＦ,東証STD,"1,307",-14,-1.06,"84,900",2026/09/10
733,733,3236,(株)プロパスト,東証STD,279,-3,-1.06,"94,200",2026/09/10
734,734,4044,セントラル硝子(株),東証PRM,"4,210",-45,-1.06,"66,100",2026/09/10
735,735,4337,ぴあ(株),東証PRM,"2,614",-28,-1.06,"15,900",2026/09/10
736,736,4362,日本精化(株),東証PRM,"2,605",-28,-1.06,"27,600",2026/09/10
737,737,6544,ジャパンエレベーターサービスホールディングス(株),東証PRM,"1,453",-15.5,-1.06,"662,600",2026/09/10
738,738,6625,ＪＡＬＣＯホールディングス(株),東証STD,372,-4,-1.06,"134,000",2026/09/10
739,739,6963,ローム(株),東証PRM,"4,844",-52,-1.06,"2,862,100",2026/09/10
740,740,7731,(株)ニコン,東証PRM,"1,721.5",-18.5,-1.06,"1,629,800",2026/09/10
741,741,9761,東海リース(株),東証STD,"2,424",-26,-1.06,"3,500",2026/09/10
742,742,156A,マテリアルグループ(株),東証GRT,849,-9,-1.05,"24,500",2026/09/10
743,743,3104,富士紡ホールディングス(株),東証PRM,"3,310",-35,-1.05,"92,300",2026/09/10
744,744,3358,Ｔｒａｉｌｈｅａｄ　Ｇｌｏｂａｌ　Ｈｏｌｄｉｎｇｓ(株),東証STD,94,-1,-1.05,"141,700",2026/09/10
745,745,4401,(株)ＡＤＥＫＡ,東証PRM,"4,435",-47,-1.05,"186,300",2026/09/10
746,746,497A,インバウンド消費関連 日本株(ネットリターン)ETN,東証ETF,"10,340",-110,-1.05,179,2026/09/10
747,747,4980,デクセリアルズ(株),東証PRM,"2,815",-30,-1.05,"987,500",2026/09/10
748,748,7442,中山福(株),東証STD,472,-5,-1.05,"14,900",2026/09/10
749,749,9259,(株)タカヨシホールディングス,東証GRT,850,-9,-1.05,"10,900",2026/09/10
750,750,3955,(株)イムラ,東証STD,857,-9,-1.04,"4,400",2026/09/10
751,751,4041,日本曹達(株),東証PRM,"3,810",-40,-1.04,"77,300",2026/09/10
752,752,4286,(株)ＣＬホールディングス,東証STD,"1,240",-13,-1.04,"13,200",2026/09/10
753,753,4635,東京インキ(株),東証STD,"2,093",-22,-1.04,"32,400",2026/09/10
754,754,4658,日本空調サービス(株),東証PRM,"1,529",-16,-1.04,"147,700",2026/09/10
755,755,5843,ニッポンインシュア(株),東証STD,"2,276",-24,-1.04,"33,500",2026/09/10
756,756,7004,カナデビア(株),東証PRM,"1,142",-12,-1.04,"806,700",2026/09/10
757,757,7080,(株)スポーツフィールド,東証GRT,860,-9,-1.04,"9,300",2026/09/10
758,758,1866,北野建設(株),東証STD,"1,151",-12,-1.03,"3,800",2026/09/10
759,759,3089,テクノアルファ(株),東証STD,"1,056",-11,-1.03,"2,700",2026/09/10
760,760,3093,(株)トレジャー・ファクトリー,東証PRM,"1,832",-19,-1.03,"130,700",2026/09/10
761,761,3169,(株)ミサワ,東証STD,672,-7,-1.03,"3,400",2026/09/10
762,762,3387,(株)クリエイト・レストランツ・ホールディングス,東証PRM,771,-8,-1.03,"695,000",2026/09/10
763,763,4008,住友精化(株),東証PRM,"1,435",-15,-1.03,"132,800",2026/09/10
764,764,9450,(株)ファイバーゲート,東証STD,770,-8,-1.03,"32,200",2026/09/10
765,765,2042,NEXT NOTES 東証グロース市場250 ETN,東証ETF,"8,155",-84,-1.02,18,2026/09/10
766,766,3252,地主(株),東証PRM,"2,812",-29,-1.02,"112,600",2026/09/10
767,767,3548,(株)バロックジャパンリミテッド,東証PRM,677,-7,-1.02,"189,100",2026/09/10
768,768,5356,美濃窯業(株),東証STD,"1,257",-13,-1.02,"5,700",2026/09/10
769,769,7640,(株)トップカルチャー,東証STD,194,-2,-1.02,"31,200",2026/09/10
770,770,8030,中央魚類(株),東証STD,"3,900",-40,-1.02,"1,500",2026/09/10
771,771,8914,エリアリンク(株),東証STD,875,-9,-1.02,"38,700",2026/09/10
772,772,2130,(株)メンバーズ,東証PRM,881,-9,-1.01,"67,400",2026/09/10
773,773,2254,GX チャイナEV&バッテリー,東証ETF,980,-10,-1.01,"1,194",2026/09/10
774,774,2864,GX ロジスティクス・REIT,東証ETF,"1,279",-13,-1.01,102,2026/09/10
775,775,3231,野村不動産ホールディングス(株),東証PRM,907.5,-9.3,-1.01,"3,066,900",2026/09/10
776,776,3723,日本ファルコム(株),東証GRT,"2,640",-27,-1.01,"7,300",2026/09/10
777,777,3733,(株)ソフトウェア・サービス,東証STD,"11,810",-120,-1.01,"4,300",2026/09/10
778,778,3953,大村紙業(株),東証STD,782,-8,-1.01,"1,600",2026/09/10
779,779,5133,(株)テリロジーホールディングス,東証STD,293,-3,-1.01,"51,300",2026/09/10
780,780,6091,(株)ウエスコホールディングス,東証STD,880,-9,-1.01,"7,900",2026/09/10
781,781,6143,(株)ソディック,東証PRM,"1,665",-17,-1.01,"326,500",2026/09/10
782,782,6537,ＷＡＳＨハウス(株),東証GRT,295,-3,-1.01,"7,300",2026/09/10
783,783,6803,ティアック(株),東証STD,98,-1,-1.01,"256,200",2026/09/10
784,784,7532,(株)パン・パシフィック・インターナショナルホールディングス,東証PRM,748,-7.6,-1.01,"14,709,700",2026/09/10
785,785,8058,三菱商事(株),東証PRM,"4,987",-51,-1.01,"7,541,100",2026/09/10
786,786,8559,(株)豊和銀行,福証,489,-5,-1.01,"3,600",2026/09/10
787,787,8919,(株)カチタス,東証PRM,"3,445",-35,-1.01,"191,000",2026/09/10
788,788,9286,エネクス・インフラ投資法人,東証,"44,150",-450,-1.01,"1,192",2026/09/10
789,789,3241,(株)ウィル,東証STD,594,-6,-1.0,900,2026/09/10
790,790,3921,(株)ネオジャパン,東証PRM,"1,579",-16,-1.0,"12,400",2026/09/10
791,791,535A,NZAM 上場投信 DAX(H無),東証ETF,"2,078",-21,-1.0,6,2026/09/10
792,792,6424,(株)高見沢サイバネティックス,東証STD,895,-9,-1.0,"6,700",2026/09/10
793,793,6612,バルミューダ(株),東証GRT,592,-6,-1.0,"7,700",2026/09/10
794,794,8012,長瀬産業(株),東証PRM,"1,139",-11.5,-1.0,"688,000",2026/09/10
795,795,9989,(株)サンドラッグ,東証PRM,"3,671",-37,-1.0,"493,700",2026/09/10
796,796,2239,上場インデックスファンドS&P500先物レバレッジ2倍,東証ETF,"26,390",-265,-0.99,"1,112",2026/09/10
797,797,2736,フェスタリアホールディングス(株),東証STD,601,-6,-0.99,600,2026/09/10
798,798,302A,(株)ビースタイルホールディングス,東証GRT,601,-6,-0.99,400,2026/09/10
799,799,3153,八洲電機(株),東証PRM,"3,005",-30,-0.99,"92,700",2026/09/10
800,800,5208,(株)有沢製作所,東証PRM,"2,589",-26,-0.99,"129,600",2026/09/10
801,801,609A,GX 総合商社&資源ビジネス-日本株式,東証ETF,"1,099",-11,-0.99,"13,779",2026/09/10
802,802,6545,(株)インターネットインフィニティー,東証GRT,802,-8,-0.99,"2,900",2026/09/10
803,803,6718,アイホン(株),東証PRM,"2,810",-28,-0.99,"18,400",2026/09/10
804,804,7488,(株)ヤガミ,名証MN,"4,990",-50,-0.99,"1,000",2026/09/10
805,805,1976,明星工業(株),東証PRM,"1,716",-17,-0.98,"54,700",2026/09/10
806,806,2017,iFreeETF JPXプライム150,東証ETF,"1,511",-15,-0.98,"47,736",2026/09/10
807,807,3071,(株)ストリーム,東証STD,101,-1,-0.98,"71,900",2026/09/10
808,808,4694,(株)ビー・エム・エル,東証PRM,"3,545",-35,-0.98,"55,900",2026/09/10
809,809,4970,東洋合成工業(株),東証STD,"10,100",-100,-0.98,"126,600",2026/09/10
810,810,6034,ＭＲＴ(株),東証GRT,604,-6,-0.98,"1,800",2026/09/10
811,811,6078,(株)バリューＨＲ,東証PRM,"1,522",-15,-0.98,"21,500",2026/09/10
812,812,6090,ヒューマン・メタボローム・テクノロジーズ(株),東証STD,608,-6,-0.98,"3,900",2026/09/10
813,813,7057,(株)エヌ・シー・エヌ,東証STD,914,-9,-0.98,"2,600",2026/09/10
814,814,7111,ＩＮＥＳＴ(株),東証STD,506,-5,-0.98,"4,900",2026/09/10
815,815,7826,(株)フルヤ金属,東証PRM,"11,140",-110,-0.98,"660,900",2026/09/10
816,816,9341,(株)ＧＥＮＯＶＡ,東証PRM,605,-6,-0.98,"124,400",2026/09/10
817,817,9994,(株)やまや,東証STD,"2,016",-20,-0.98,"19,800",2026/09/10
818,818,1828,田辺工業(株),東証STD,"2,446",-24,-0.97,"8,200",2026/09/10
819,819,2269,明治ホールディングス(株),東証PRM,"4,302",-42,-0.97,"1,059,100",2026/09/10
820,820,3553,共和レザー(株),東証STD,920,-9,-0.97,"25,700",2026/09/10
821,821,3680,(株)ホットリンク,東証GRT,205,-2,-0.97,"103,700",2026/09/10
822,822,6349,(株)小森コーポレーション,東証PRM,"1,936",-19,-0.97,"138,300",2026/09/10
823,823,6465,ホシザキ(株),東証PRM,"5,286",-52,-0.97,"467,600",2026/09/10
824,824,8041,ＯＵＧホールディングス(株),東証STD,"4,600",-45,-0.97,"3,800",2026/09/10
825,825,9303,(株)住友倉庫,東証PRM,"4,105",-40,-0.97,"129,700",2026/09/10
826,826,177A,コージンバイオ(株),東証GRT,828,-8,-0.96,"4,400",2026/09/10
827,827,189A,(株)Ｄ＆Ｍカンパニー,東証GRT,"1,035",-10,-0.96,"1,500",2026/09/10
828,828,2802,味の素(株),東証PRM,"5,035",-49,-0.96,"2,722,600",2026/09/10
829,829,3289,東急不動産ホールディングス(株),東証PRM,"1,291",-12.5,-0.96,"3,099,000",2026/09/10
830,830,3479,(株)ＴＫＰ,東証GRT,"1,860",-18,-0.96,"22,400",2026/09/10
831,831,3841,(株)ジーダット,東証STD,"1,341",-13,-0.96,"2,600",2026/09/10
832,832,6952,カシオ計算機(株),東証PRM,"2,061",-20,-0.96,"1,804,200",2026/09/10
833,833,7238,曙ブレーキ工業(株),東証PRM,103,-1,-0.96,"3,252,500",2026/09/10
834,834,7600,(株)日本エム・ディ・エム,東証PRM,617,-6,-0.96,"410,100",2026/09/10
835,835,8165,(株)千趣会,東証STD,103,-1,-0.96,"163,100",2026/09/10
836,836,9249,日本エコシステム(株),東証STD,"1,659",-16,-0.96,"9,200",2026/09/10
837,837,1586,上場インデックス TOPIX Ex-Financials,東証ETF,"3,031",-29,-0.95,69,2026/09/10
838,838,2435,(株)シダー,東証STD,208,-2,-0.95,"6,800",2026/09/10
839,839,2721,(株)ジェイホールディングス,東証STD,104,-1,-0.95,"82,700",2026/09/10
840,840,328A,GX プライシングパワー・リーダーズ-日本株式,東証ETF,"1,349",-13,-0.95,"8,817",2026/09/10
841,841,8050,セイコーグループ(株),東証PRM,"9,350",-90,-0.95,"691,200",2026/09/10
842,842,9376,(株)ユーラシア旅行社,東証STD,835,-8,-0.95,"3,000",2026/09/10
843,843,9616,(株)共立メンテナンス,東証PRM,"3,134",-30,-0.95,"945,400",2026/09/10
844,844,9948,(株)アークス,東証PRM,"3,660",-35,-0.95,"112,900",2026/09/10
845,845,2882,(株)イートアンドホールディングス,東証PRM,"2,011",-19,-0.94,"15,900",2026/09/10
846,846,3901,マークラインズ(株),東証PRM,"1,480",-14,-0.94,"64,700",2026/09/10
847,847,3918,ＰＣＩホールディングス(株),東証STD,"1,158",-11,-0.94,"5,900",2026/09/10
848,848,414A,(株)オーバーラップホールディングス,東証GRT,840,-8,-0.94,"78,200",2026/09/10
849,849,4538,扶桑薬品工業(株),東証PRM,"2,209",-21,-0.94,"12,200",2026/09/10
850,850,6245,(株)ヒラノテクシード,東証STD,"1,791",-17,-0.94,"60,600",2026/09/10
851,851,7955,クリナップ(株),東証PRM,949,-9,-0.94,"53,300",2026/09/10
852,852,8803,平和不動産(株),東証PRM,"2,325",-22,-0.94,"186,700",2026/09/10
853,853,9221,フルハシＥＰＯ(株),東証STD,"1,154",-11,-0.94,"43,300",2026/09/10
854,854,9872,北恵(株),東証STD,948,-9,-0.94,"3,500",2026/09/10
855,855,1798,(株)守谷商会,東証STD,"1,060",-10,-0.93,"1,300",2026/09/10
856,856,2138,クルーズ(株),東証STD,426,-4,-0.93,"57,400",2026/09/10
857,857,5923,高田機工(株),東証STD,"1,175",-11,-0.93,900,2026/09/10
858,858,5940,不二サッシ(株),東証STD,742,-7,-0.93,"15,000",2026/09/10
859,859,6165,パンチ工業(株),東証STD,530,-5,-0.93,"35,900",2026/09/10
860,860,2152,幼児活動研究会(株),東証STD,"1,513",-14,-0.92,300,2026/09/10
861,861,2749,(株)ＪＰホールディングス,東証PRM,648,-6,-0.92,"200,400",2026/09/10
862,862,3397,(株)トリドールホールディングス,東証PRM,"4,204",-39,-0.92,"360,800",2026/09/10
863,863,417A,(株)ブルーゾーンホールディングス,東証PRM,"1,893.5",-17.5,-0.92,"186,600",2026/09/10
864,864,4220,リケンテクノス(株),東証PRM,"2,371",-22,-0.92,"62,200",2026/09/10
865,865,6877,ＯＢＡＲＡ　ＧＲＯＵＰ(株),東証STD,"5,400",-50,-0.92,"25,000",2026/09/10
866,866,6954,ファナック(株),東証PRM,"5,794",-54,-0.92,"4,887,300",2026/09/10
867,867,7643,(株)ダイイチ,東証STD,"1,724",-16,-0.92,"5,300",2026/09/10
868,868,9533,東邦ガス(株),東証PRM,"1,286",-12,-0.92,"617,300",2026/09/10
869,869,9537,北陸ガス(株),東証STD,"4,305",-40,-0.92,200,2026/09/10
870,870,1972,三晃金属工業(株),東証STD,"1,307",-12,-0.91,"40,500",2026/09/10
871,871,341A,(株)トヨコー,東証GRT,"2,183",-20,-0.91,"39,500",2026/09/10
872,872,4996,クミアイ化学工業(株),東証PRM,759,-7,-0.91,"355,800",2026/09/10
873,873,6005,三浦工業(株),東証PRM,"3,054",-28,-0.91,"335,900",2026/09/10
874,874,6232,(株)ＡＣＳＬ,東証GRT,"1,304",-12,-0.91,"1,952,800",2026/09/10
875,875,6405,鈴茂器工(株),東証STD,"1,197",-11,-0.91,"22,400",2026/09/10
876,876,8123,川辺(株),東証STD,"1,410",-13,-0.91,800,2026/09/10
877,877,9876,(株)コックス,東証STD,218,-2,-0.91,"19,200",2026/09/10
878,878,1621,(NEXT FUNDS)医薬品上場投信,東証ETF,"29,230",-265,-0.9,"1,018",2026/09/10
879,879,1887,日本国土開発(株),東証PRM,549,-5,-0.9,"158,600",2026/09/10
880,880,2050,NEXT NOTES ニッチトップ中小型日本株(NR)ETN,東証ETF,"31,850",-290,-0.9,1,2026/09/10
881,881,4519,中外製薬(株),東証PRM,"6,418",-58,-0.9,"3,141,500",2026/09/10
882,882,4678,(株)秀英予備校,東証STD,330,-3,-0.9,"5,600",2026/09/10
883,883,5280,ヨシコン(株),東証STD,"2,192",-20,-0.9,"14,100",2026/09/10
884,884,5284,ヤマウホールディングス(株),東証STD,"2,212",-20,-0.9,"9,100",2026/09/10
885,885,5984,兼房(株),東証STD,771,-7,-0.9,"5,000",2026/09/10
886,886,7073,(株)ジェイック,東証GRT,"2,316",-21,-0.9,100,2026/09/10
887,887,7443,横浜魚類(株),東証STD,657,-6,-0.9,"3,600",2026/09/10
888,888,8804,東京建物(株),東証PRM,"3,305",-30,-0.9,"912,300",2026/09/10
889,889,1563,東証グロース･コア,東証ETF,"2,454",-22,-0.89,"16,684",2026/09/10
890,890,1605,(株)ＩＮＰＥＸ,東証PRM,"3,877",-35,-0.89,"6,720,500",2026/09/10
891,891,1981,(株)協和日成,東証STD,"1,337",-12,-0.89,500,2026/09/10
892,892,2082,投資家経営者一心同体ETF,東証ETF,"1,223",-11,-0.89,23,2026/09/10
893,893,2092,NZAM 上場投信 フランス国債7-10年(H有),東証ETF,"4,466",-40,-0.89,1,2026/09/10
894,894,5271,(株)トーヨーアサノ,東証STD,"2,228",-20,-0.89,"1,100",2026/09/10
895,895,6189,(株)グローバルキッズＣＯＭＰＡＮＹ,東証STD,"1,001",-9,-0.89,"7,300",2026/09/10
896,896,6264,(株)マルマエ,東証PRM,"1,891",-17,-0.89,"381,000",2026/09/10
897,897,6364,(株)ＡＩＲＭＡＮ,東証PRM,"2,459",-22,-0.89,"43,700",2026/09/10
898,898,7949,小松ウオール工業(株),東証PRM,"2,799",-25,-0.89,"54,100",2026/09/10
899,899,1430,ファーストコーポレーション(株),東証STD,"1,018",-9,-0.88,"10,000",2026/09/10
900,900,2978,(株)ツクルバ,東証GRT,339,-3,-0.88,"2,200",2026/09/10
901,901,4439,(株)東名,東証STD,784,-7,-0.88,"2,000",2026/09/10
902,902,504A,イノバセル(株),東証GRT,562,-5,-0.88,"33,600",2026/09/10
903,903,5201,ＡＧＣ(株),東証PRM,"5,532",-49,-0.88,"943,900",2026/09/10
904,904,5423,東京製鐵(株),東証PRM,"1,687",-15,-0.88,"245,700",2026/09/10
905,905,6379,レイズネクスト(株),東証PRM,"2,935",-26,-0.88,"259,200",2026/09/10
906,906,7749,メディキット(株),東証STD,"2,920",-26,-0.88,"2,300",2026/09/10
907,907,7885,タカノ(株),東証STD,"1,128",-10,-0.88,"7,800",2026/09/10
908,908,8179,ロイヤルホールディングス(株),東証PRM,"1,349",-12,-0.88,"252,800",2026/09/10
909,909,8923,トーセイ(株),東証PRM,"1,680",-15,-0.88,"234,900",2026/09/10
910,910,9731,(株)白洋舍,東証STD,"3,380",-30,-0.88,500,2026/09/10
911,911,1898,世紀東急工業(株),東証PRM,"1,477",-13,-0.87,"108,100",2026/09/10
912,912,3559,(株)ピーバンドットコム,東証STD,457,-4,-0.87,"2,500",2026/09/10
913,913,4317,(株)レイ,東証STD,567,-5,-0.87,"9,400",2026/09/10
914,914,542A,(株)ビタブリッドジャパン,東証GRT,"1,029",-9,-0.87,"5,200",2026/09/10
915,915,6420,ガリレイホールディングス(株),東証PRM,"3,420",-30,-0.87,"25,500",2026/09/10
916,916,7325,(株)アイリックコーポレーション,東証GRT,687,-6,-0.87,"10,100",2026/09/10
917,917,7522,ワタミ(株),東証PRM,913,-8,-0.87,"107,600",2026/09/10
918,918,8227,(株)しまむら,東証PRM,"3,201",-28,-0.87,"573,900",2026/09/10
919,919,9042,阪急阪神ホールディングス(株),東証PRM,"4,648",-41,-0.87,"623,700",2026/09/10
920,920,1309,(NEXT FUNDS)ChinaAMC・中国株式・上証50,東証ETF,"53,300",-460,-0.86,8,2026/09/10
921,921,2264,森永乳業(株),東証PRM,"1,089",-9.5,-0.86,"1,552,900",2026/09/10
922,922,2674,(株)ハードオフコーポレーション,東証PRM,"2,524",-22,-0.86,"54,800",2026/09/10
923,923,3392,デリカフーズホールディングス(株),東証STD,803,-7,-0.86,"15,600",2026/09/10
924,924,3399,(株)丸千代山岡家,東証STD,"4,050",-35,-0.86,"91,800",2026/09/10
925,925,5161,西川ゴム工業(株),東証STD,"3,440",-30,-0.86,"106,300",2026/09/10
926,926,5331,ノリタケ(株),東証PRM,"3,470",-30,-0.86,"210,700",2026/09/10
927,927,7811,中本パックス(株),東証STD,"1,951",-17,-0.86,"7,000",2026/09/10
928,928,8850,スターツコーポレーション(株),東証PRM,"4,630",-40,-0.86,"40,300",2026/09/10
929,929,1950,日本電設工業(株),東証PRM,"4,085",-35,-0.85,"133,300",2026/09/10
930,930,2164,(株)地域新聞社,東証STD,116,-1,-0.85,"53,100",2026/09/10
931,931,2411,ゲンダイエージェンシー(株),東証STD,467,-4,-0.85,"28,100",2026/09/10
932,932,3190,(株)ホットマン,東証STD,582,-5,-0.85,"1,100",2026/09/10
933,933,334A,(株)ビジュアル・プロセッシング・ジャパン,東証GRT,"1,046",-9,-0.85,600,2026/09/10
934,934,3647,(株)アスリナ,東証STD,117,-1,-0.85,"92,600",2026/09/10
935,935,4016,ＭＩＴホールディングス(株),東証STD,"1,050",-9,-0.85,"1,500",2026/09/10
936,936,4051,ＧＭＯフィナンシャルゲート(株),東証PRM,"5,830",-50,-0.85,"29,200",2026/09/10
937,937,6648,(株)かわでん,東証STD,"1,636",-14,-0.85,"23,000",2026/09/10
938,938,7994,(株)オカムラ,東証PRM,"2,333",-20,-0.85,"213,900",2026/09/10
939,939,8700,丸八証券(株),東証STD,"2,099",-18,-0.85,700,2026/09/10
940,940,9065,山九(株),東証PRM,"8,004",-69,-0.85,"187,300",2026/09/10
941,941,2876,(株)デルソーレ,東証STD,474,-4,-0.84,900,2026/09/10
942,942,3116,トヨタ紡織(株),東証PRM,"2,196.5",-18.5,-0.84,"871,400",2026/09/10
943,943,5025,(株)マーキュリー,東証GRT,590,-5,-0.84,"1,400",2026/09/10
944,944,517A,iFreeETF 米ドル・べア(1倍),東証ETF,"2,003",-17,-0.84,245,2026/09/10
945,945,606A,金2倍ブルETF,東証ETF,"20,705",-175,-0.84,"3,313",2026/09/10
946,946,6875,(株)メガチップス,東証PRM,"10,620",-90,-0.84,"64,600",2026/09/10
947,947,7093,アディッシュ(株),東証GRT,590,-5,-0.84,"1,600",2026/09/10
948,948,7241,フタバ産業(株),東証PRM,"1,061",-9,-0.84,"450,200",2026/09/10
949,949,8104,クワザワホールディングス(株),東証STD,708,-6,-0.84,"4,400",2026/09/10
950,950,9104,(株)商船三井,東証PRM,"6,980",-59,-0.84,"2,340,300",2026/09/10
951,951,9345,ビズメイツ(株),東証GRT,592,-5,-0.84,"1,700",2026/09/10
952,952,9359,伊勢湾海運(株),名証MN,940,-8,-0.84,"8,900",2026/09/10
953,953,1480,(NEXT FUNDS)野村企業価値分配指数上場投信,東証ETF,"39,560",-330,-0.83,24,2026/09/10
954,954,2795,日本プリメックス(株),東証STD,954,-8,-0.83,300,2026/09/10
955,955,2924,イフジ産業(株),東証STD,"1,913",-16,-0.83,"1,000",2026/09/10
956,956,3431,宮地エンジニアリンググループ(株),東証PRM,"1,550",-13,-0.83,"69,000",2026/09/10
957,957,3482,ロードスターキャピタル(株),東証PRM,"2,495",-21,-0.83,"96,400",2026/09/10
958,958,491A,iシェアーズ S&P500 除く金融 ETF(H有),東証ETF,548.4,-4.6,-0.83,30,2026/09/10
959,959,5974,中国工業(株),東証STD,833,-7,-0.83,400,2026/09/10
960,960,9760,(株)進学会ホールディングス,東証STD,119,-1,-0.83,"4,700",2026/09/10
961,961,1384,(株)ホクリヨウ,東証STD,"2,185",-18,-0.82,"17,300",2026/09/10
962,962,2440,(株)ぐるなび,東証STD,121,-1,-0.82,"104,000",2026/09/10
963,963,5288,アジアパイルホールディングス(株),東証PRM,"1,455",-12,-0.82,"252,100",2026/09/10
964,964,6408,小倉クラッチ(株),東証STD,"4,245",-35,-0.82,800,2026/09/10
965,965,7368,表示灯(株),東証STD,"1,695",-14,-0.82,200,2026/09/10
966,966,1882,東亜道路工業(株),東証PRM,"1,592",-13,-0.81,"423,000",2026/09/10
967,967,3370,(株)フジタコーポレーション,東証STD,487,-4,-0.81,"6,000",2026/09/10
968,968,3440,日創グループ(株),東証STD,855,-7,-0.81,"14,800",2026/09/10
969,969,4151,協和キリン(株),東証PRM,"2,206",-18,-0.81,"2,262,200",2026/09/10
970,970,4450,(株)パワーソリューションズ,東証GRT,"2,322",-19,-0.81,"3,100",2026/09/10
971,971,6347,(株)プラコー,東証STD,245,-2,-0.81,"18,200",2026/09/10
972,972,7412,(株)アトム,東証STD,369,-3,-0.81,"329,500",2026/09/10
973,973,7425,初穂商事(株),東証STD,"1,109",-9,-0.81,"3,500",2026/09/10
974,974,7839,(株)ＳＨＯＥＩ,東証PRM,"2,072",-17,-0.81,"265,400",2026/09/10
975,975,1322,上場インデックス中国A株 E FUND CSI300,東証ETF,"11,160",-90,-0.8,137,2026/09/10
976,976,2185,(株)シイエム・シイ,東証STD,"1,984",-16,-0.8,"1,700",2026/09/10
977,977,2296,伊藤ハム米久ホールディングス(株),東証PRM,"4,960",-40,-0.8,"111,100",2026/09/10
978,978,2847,GX 新成長インフラ-日本株式,東証ETF,"2,963",-24,-0.8,213,2026/09/10
979,979,3197,(株)すかいらーくホールディングス,東証PRM,"3,342",-27,-0.8,"775,900",2026/09/10
980,980,5440,共英製鋼(株),東証PRM,"1,977",-16,-0.8,"70,700",2026/09/10
981,981,5482,愛知製鋼(株),東証PRM,"3,115",-25,-0.8,"184,100",2026/09/10
982,982,7747,朝日インテック(株),東証PRM,"3,235",-26,-0.8,"1,867,900",2026/09/10
983,983,7781,(株)平山ホールディングス,東証STD,863,-7,-0.8,"19,900",2026/09/10
984,984,7888,三光合成(株),東証PRM,865,-7,-0.8,"97,000",2026/09/10
985,985,9022,東海旅客鉄道(株),東証PRM,"3,834",-31,-0.8,"1,940,100",2026/09/10
986,986,9074,日本石油輸送(株),東証STD,"4,970",-40,-0.8,400,2026/09/10
987,987,9310,日本トランスシティ(株),東証PRM,"1,361",-11,-0.8,"97,800",2026/09/10
988,988,9476,(株)中央経済社ホールディングス,東証STD,987,-8,-0.8,"1,600",2026/09/10
989,989,463A,(株)インテリックスホールディングス,東証STD,"1,010",-8,-0.79,"10,100",2026/09/10
990,990,4992,北興化学工業(株),東証STD,"1,887",-15,-0.79,"42,500",2026/09/10
991,991,6571,キュービーネットホールディングス(株),東証PRM,"1,260",-10,-0.79,"43,500",2026/09/10
992,992,7794,(株)イーディーピー,東証GRT,"1,011",-8,-0.79,"220,400",2026/09/10
993,993,9505,北陸電力(株),東証PRM,"1,070",-8.5,-0.79,"713,300",2026/09/10
994,994,9739,ＮＳＷ(株),東証PRM,"2,635",-21,-0.79,"19,300",2026/09/10
995,995,3536,アクサスホールディングス(株),東証STD,127,-1,-0.78,"6,100",2026/09/10
996,996,3779,ジェイ・エスコム　ホールディングス(株),東証STD,128,-1,-0.78,"4,200",2026/09/10
997,997,4040,南海化学(株),東証STD,"3,835",-30,-0.78,"6,500",2026/09/10
998,998,4438,(株)Ｗｅｌｂｙ,東証GRT,253,-2,-0.78,"5,200",2026/09/10
999,999,4521,科研製薬(株),東証PRM,"3,835",-30,-0.78,"100,500",2026/09/10
1000,1000,5994,(株)ファインシンター,東証STD,"1,023",-8,-0.78,"5,600",2026/09/10
1001,1001,6047,(株)Ｇｕｎｏｓｙ,東証STD,381,-3,-0.78,"39,100",2026/09/10
1002,1002,6262,(株)ＰＥＧＡＳＵＳ,東証STD,511,-4,-0.78,"46,600",2026/09/10
1003,1003,7376,ＢＣＣ(株),東証GRT,759,-6,-0.78,"16,900",2026/09/10
1004,1004,2136,(株)ヒップ,東証STD,"1,409",-11,-0.77,300,2026/09/10
1005,1005,228A,(株)オプロ,東証GRT,"1,681",-13,-0.77,900,2026/09/10
1006,1006,2304,(株)ＣＳＳホールディングス,東証STD,904,-7,-0.77,200,2026/09/10
1007,1007,348A,MAXIS 読売333日本株,東証ETF,294.8,-2.3,-0.77,"34,590",2026/09/10
1008,1008,4536,参天製薬(株),東証PRM,"1,745",-13.5,-0.77,"945,600",2026/09/10
1009,1009,5342,ジャニス工業(株),名証MN,387,-3,-0.77,800,2026/09/10
1010,1010,9037,(株)ハマキョウレックス,東証PRM,"1,803",-14,-0.77,"118,900",2026/09/10
1011,1011,1925,大和ハウス工業(株),東証PRM,"4,596",-35,-0.76,"1,570,700",2026/09/10
1012,1012,2445,(株)タカミヤ,東証STD,392,-3,-0.76,"43,100",2026/09/10
1013,1013,2790,(株)ナフコ,東証STD,"2,096",-16,-0.76,"20,100",2026/09/10
1014,1014,3420,(株)ケー・エフ・シー,東証STD,"1,562",-12,-0.76,"4,400",2026/09/10
1015,1015,4334,(株)ユークス,東証STD,392,-3,-0.76,"26,400",2026/09/10
1016,1016,4378,(株)ＣＩＮＣ,東証GRT,522,-4,-0.76,"42,000",2026/09/10
1017,1017,4418,(株)ＪＤＳＣ,東証GRT,"1,045",-8,-0.76,"98,700",2026/09/10
1018,1018,4615,神東塗料(株),東証STD,130,-1,-0.76,"41,800",2026/09/10
1019,1019,4679,(株)田谷,東証STD,262,-2,-0.76,"2,700",2026/09/10
1020,1020,6076,(株)アメイズ,福証,"1,303",-10,-0.76,"5,100",2026/09/10
1021,1021,6151,日東工器(株),東証PRM,"1,694",-13,-0.76,"13,500",2026/09/10
1022,1022,6590,芝浦メカトロニクス(株),東証PRM,"3,930",-30,-0.76,"698,600",2026/09/10
1023,1023,7678,(株)あさくま,東証STD,"3,270",-25,-0.76,"28,300",2026/09/10
1024,1024,8931,和田興産(株),東証STD,"1,314",-10,-0.76,"1,300",2026/09/10
1025,1025,2395,(株)新日本科学,東証PRM,"1,322",-10,-0.75,"137,200",2026/09/10
1026,1026,246A,(株)アスア,東証GRT,927,-7,-0.75,"5,000",2026/09/10
1027,1027,2917,(株)大森屋,東証STD,922,-7,-0.75,"1,100",2026/09/10
1028,1028,3148,(株)クリエイトＳＤホールディングス,東証PRM,"3,315",-25,-0.75,"57,800",2026/09/10
1029,1029,3627,テクミラホールディングス(株),東証STD,263,-2,-0.75,"6,800",2026/09/10
1030,1030,3691,(株)デジタルプラス,東証GRT,"1,850",-14,-0.75,"28,000",2026/09/10
1031,1031,4114,(株)日本触媒,東証PRM,"2,519.5",-19,-0.75,"645,700",2026/09/10
1032,1032,548A,(株)システムエグゼ,東証STD,931,-7,-0.75,"38,800",2026/09/10
1033,1033,5906,エムケー精工(株),東証STD,792,-6,-0.75,"5,800",2026/09/10
1034,1034,5969,(株)ロブテックス,東証STD,"1,184",-9,-0.75,100,2026/09/10
1035,1035,6360,(株)東京自働機械製作所,東証STD,"4,620",-35,-0.75,"1,500",2026/09/10
1036,1036,9508,九州電力(株),東証PRM,"2,185",-16.5,-0.75,"1,565,700",2026/09/10
1037,1037,9882,(株)イエローハット,東証PRM,"1,718",-13,-0.75,"129,900",2026/09/10
1038,1038,238A,iシェアーズ 米国債25年超 ロングデュレーション(H有),東証ETF,120.7,-0.9,-0.74,"383,320",2026/09/10
1039,1039,261A,(株)日水コン,東証STD,"2,003",-15,-0.74,"20,800",2026/09/10
1040,1040,2801,キッコーマン(株),東証PRM,"1,682.5",-12.5,-0.74,"4,512,300",2026/09/10
1041,1041,4186,東京応化工業(株),東証PRM,"8,316",-62,-0.74,"695,600",2026/09/10
1042,1042,5285,(株)ヤマックス,東証STD,"1,349",-10,-0.74,"13,700",2026/09/10
1043,1043,534A,NZAM 上場投信 NASDAQ100(H無),東証ETF,"2,291",-17,-0.74,62,2026/09/10
1044,1044,5852,(株)アーレスティ,東証PRM,670,-5,-0.74,"58,800",2026/09/10
1045,1045,5888,ＤＡＩＷＡ　ＣＹＣＬＥ(株),東証GRT,"2,816",-21,-0.74,"1,000",2026/09/10
1046,1046,6797,名古屋電機工業(株),東証STD,"1,211",-9,-0.74,"2,400",2026/09/10
1047,1047,7462,(株)ＣＡＰＩＴＡ,東証STD,400,-3,-0.74,"18,800",2026/09/10
1048,1048,4760,(株)アルファ,東証STD,"1,500",-11,-0.73,"3,600",2026/09/10
1049,1049,5446,北越メタル(株),東証STD,"1,087",-8,-0.73,700,2026/09/10
1050,1050,6268,ナブテスコ(株),東証PRM,"4,497",-33,-0.73,"813,700",2026/09/10
1051,1051,7791,ドリームベッド(株),東証STD,821,-6,-0.73,"4,100",2026/09/10
1052,1052,7893,(株)プロネクサス,東証PRM,"1,084",-8,-0.73,"38,800",2026/09/10
1053,1053,7951,ヤマハ(株),東証PRM,"1,221",-9,-0.73,"2,528,400",2026/09/10
1054,1054,7972,(株)イトーキ,東証PRM,"2,457",-18,-0.73,"167,600",2026/09/10
1055,1055,9021,西日本旅客鉄道(株),東証PRM,"2,996",-22,-0.73,"1,778,400",2026/09/10
1056,1056,9212,Ｇｒｅｅｎ　Ｅａｒｔｈ　Ｉｎｓｔｉｔｕｔｅ(株),東証GRT,273,-2,-0.73,"33,700",2026/09/10
1057,1057,9401,(株)ＴＢＳホールディングス,東証PRM,"5,688",-42,-0.73,"247,600",2026/09/10
1058,1058,9960,東テク(株),東証PRM,"4,095",-30,-0.73,"74,500",2026/09/10
1059,1059,2071,スマート ESG30 総合(ネットリターン)ETN,東証ETF,"19,370",-140,-0.72,75,2026/09/10
1060,1060,2859,(NEXT FUNDS) ユーロ・ストックス50(H有),東証ETF,"3,182",-23,-0.72,771,2026/09/10
1061,1061,2961,日本調理機(株),東証STD,"1,515",-11,-0.72,400,2026/09/10
1062,1062,3768,リスクモンスター(株),東証STD,552,-4,-0.72,"1,500",2026/09/10
1063,1063,476A,辻・本郷ＩＴコンサルティング(株),東証STD,"1,651",-12,-0.72,"1,600",2026/09/10
1064,1064,5757,(株)ＣＫサンエツ,東証PRM,"4,805",-35,-0.72,"7,200",2026/09/10
1065,1065,7305,新家工業(株),東証STD,"2,747",-20,-0.72,"11,700",2026/09/10
1066,1066,8014,蝶理(株),東証PRM,"4,155",-30,-0.72,"19,600",2026/09/10
1067,1067,2862,上場インデックスファンドフランス国債(H有),東証ETF,"3,799",-27,-0.71,5,2026/09/10
1068,1068,304A,フォルシア(株),東証GRT,"1,946",-14,-0.71,300,2026/09/10
1069,1069,4264,(株)セキュア,東証GRT,"1,395",-10,-0.71,"35,400",2026/09/10
1070,1070,5341,ＡＳＡＨＩ　ＥＩＴＯホールディングス(株),東証STD,140,-1,-0.71,"25,200",2026/09/10
1071,1071,5953,昭和鉄工(株),福証,"6,950",-50,-0.71,100,2026/09/10
1072,1072,6292,(株)カワタ,東証STD,841,-6,-0.71,"1,100",2026/09/10
1073,1073,7282,豊田合成(株),東証PRM,"5,053",-36,-0.71,"458,700",2026/09/10
1074,1074,7309,(株)シマノ,東証PRM,"18,145",-130,-0.71,"235,300",2026/09/10
1075,1075,7673,ダイコー通産(株),東証STD,"1,675",-12,-0.71,800,2026/09/10
1076,1076,7699,オムニ・プラス・システム,東証GRT外国,698,-5,-0.71,900,2026/09/10
1077,1077,8985,ジャパン・ホテル・リート投資法人,東証,"83,500",-600,-0.71,"18,777",2026/09/10
1078,1078,9029,(株)ヒガシホールディングス,東証STD,"1,821",-13,-0.71,"7,900",2026/09/10
1079,1079,9402,中部日本放送(株),名証PRM,"1,262",-9,-0.71,"5,400",2026/09/10
1080,1080,9639,三協フロンテア(株),東証STD,"2,366",-17,-0.71,"1,900",2026/09/10
1081,1081,1628,(NEXT FUNDS)運輸･物流上場投信,東証ETF,"21,870",-155,-0.7,230,2026/09/10
1082,1082,287A,黒田グループ(株),東証STD,"1,128",-8,-0.7,"402,200",2026/09/10
1083,1083,3920,アイビーシー(株),東証STD,993,-7,-0.7,400,2026/09/10
1084,1084,4021,日産化学(株),東証PRM,"7,946",-56,-0.7,"621,200",2026/09/10
1085,1085,466A,GX 防衛テック,東証ETF,998,-7,-0.7,"58,245",2026/09/10
1086,1086,4893,ノイルイミューン・バイオテック(株),東証GRT,141,-1,-0.7,"88,300",2026/09/10
1087,1087,6141,ＤＭＧ森精機(株),東証PRM,"2,765",-19.5,-0.7,"1,382,500",2026/09/10
1088,1088,6282,オイレス工業(株),東証PRM,"2,834",-20,-0.7,"87,700",2026/09/10
1089,1089,7807,(株)幸和製作所,東証STD,846,-6,-0.7,600,2026/09/10
1090,1090,8001,伊藤忠商事(株),東証PRM,"2,283",-16,-0.7,"16,511,700",2026/09/10
1091,1091,8255,アクシアル　リテイリング(株),東証PRM,"1,273",-9,-0.7,"116,100",2026/09/10
1092,1092,1418,インターライフホールディングス(株),東証STD,578,-4,-0.69,"14,600",2026/09/10
1093,1093,1566,上場インデックスファンド新興国債券,東証ETF,"51,740",-360,-0.69,491,2026/09/10
1094,1094,1724,シンクレイヤ(株),東証STD,718,-5,-0.69,900,2026/09/10
1095,1095,2502,アサヒグループホールディングス(株),東証PRM,"1,594",-11,-0.69,"6,449,400",2026/09/10
1096,1096,2514,(NEXT FUNDS)外国株式･MSCI-KOKUSAI(H有),東証ETF,"2,023",-14,-0.69,"4,119",2026/09/10
1097,1097,4570,(株)免疫生物研究所,東証GRT,"1,144",-8,-0.69,"102,700",2026/09/10
1098,1098,487A,(NEXT FUNDS) ドイツ株式・DAX(H無),東証ETF,"2,009",-14,-0.69,180,2026/09/10
1099,1099,575A,前澤ホールディングス(株),東証PRM,"1,874",-13,-0.69,"49,600",2026/09/10
1100,1100,6317,(株)北川鉄工所,東証STD,"1,729",-12,-0.69,"28,100",2026/09/10
1101,1101,7038,フロンティア・マネジメント(株),東証PRM,579,-4,-0.69,"14,900",2026/09/10
1102,1102,8059,第一実業(株),東証PRM,"3,620",-25,-0.69,"57,400",2026/09/10
1103,1103,9130,共栄タンカー(株),東証STD,"1,572",-11,-0.69,"19,600",2026/09/10
1104,1104,9685,ＫＹＣＯＭホールディングス(株),東証STD,576,-4,-0.69,400,2026/09/10
1105,1105,1768,(株)ソネック,東証STD,"1,023",-7,-0.68,"2,300",2026/09/10
1106,1106,2869,iFreeETF NASDAQ100レバレッジ,東証ETF,"2,923",-20,-0.68,"57,893",2026/09/10
1107,1107,3003,ヒューリック(株),東証PRM,"1,740",-12,-0.68,"1,268,600",2026/09/10
1108,1108,4811,(株)ドリーム・アーツ,東証GRT,879,-6,-0.68,"17,500",2026/09/10
1109,1109,6070,キャリアリンク(株),東証PRM,"2,487",-17,-0.68,"23,400",2026/09/10
1110,1110,6335,(株)東京機械製作所,東証STD,585,-4,-0.68,"8,200",2026/09/10
1111,1111,7199,プレミアグループ(株),東証PRM,"2,031",-14,-0.68,"186,200",2026/09/10
1112,1112,7554,(株)幸楽苑,東証PRM,"1,160",-8,-0.68,"43,400",2026/09/10
1113,1113,162A,AIセレクトメガトレンド日本株(ネットリターン)ETN,東証ETF,"16,385",-110,-0.67,483,2026/09/10
1114,1114,2259,iシェアーズ フランス国債7-10年(H有),東証ETF,176.7,-1.2,-0.67,"220,500",2026/09/10
1115,1115,2705,(株)大戸屋ホールディングス,東証STD,"8,840",-60,-0.67,"19,800",2026/09/10
1116,1116,3675,(株)クロス・マーケティンググループ,東証STD,592,-4,-0.67,"41,900",2026/09/10
1117,1117,4922,(株)コーセーホールディングス,東証PRM,"5,522",-37,-0.67,"285,600",2026/09/10
1118,1118,4977,新田ゼラチン(株),東証STD,"1,182",-8,-0.67,"29,600",2026/09/10
1119,1119,5121,藤倉コンポジット(株),東証PRM,"2,678",-18,-0.67,"56,700",2026/09/10
1120,1120,5857,ＡＲＥホールディングス(株),東証PRM,"3,725",-25,-0.67,"397,500",2026/09/10
1121,1121,8132,シナネンホールディングス(株),東証PRM,"7,420",-50,-0.67,"3,200",2026/09/10
1122,1122,1873,(株)日本ハウスホールディングス,東証PRM,303,-2,-0.66,"52,900",2026/09/10
1123,1123,2877,日東ベスト(株),東証STD,747,-5,-0.66,"2,800",2026/09/10
1124,1124,4488,ＡＩ　ｉｎｓｉｄｅ(株),東証GRT,"2,118",-14,-0.66,"5,400",2026/09/10
1125,1125,451A,ステート・ストリート・スパイダー S&P500 高配当株ETF,東証ETF,285,-1.9,-0.66,"23,430",2026/09/10
1126,1126,5393,ニチアス(株),東証PRM,"3,308",-22,-0.66,"401,800",2026/09/10
1127,1127,5936,東洋シヤッター(株),東証STD,906,-6,-0.66,"3,100",2026/09/10
1128,1128,7611,(株)ハイデイ日高,東証PRM,"3,000",-20,-0.66,"111,400",2026/09/10
1129,1129,8207,テンアライド(株),東証STD,301,-2,-0.66,"22,500",2026/09/10
1130,1130,2819,エバラ食品工業(株),東証STD,"2,459",-16,-0.65,"9,900",2026/09/10
1131,1131,3035,ケイティケイ(株),東証STD,767,-5,-0.65,"6,300",2026/09/10
1132,1132,3302,帝国繊維(株),東証PRM,"3,045",-20,-0.65,"32,300",2026/09/10
1133,1133,3504,(株)丸八ホールディングス,名証MN,"1,369",-9,-0.65,"1,500",2026/09/10
1134,1134,3662,(株)エイチームホールディングス,東証PRM,923,-6,-0.65,"43,800",2026/09/10
1135,1135,4369,(株)トリケミカル研究所,東証PRM,"3,040",-20,-0.65,"355,300",2026/09/10
1136,1136,5216,(株)倉元製作所,東証STD,152,-1,-0.65,"71,200",2026/09/10
1137,1137,6040,日本スキー場開発(株),東証GRT,461,-3,-0.65,"13,000",2026/09/10
1138,1138,6046,(株)リンクバル,東証STD,154,-1,-0.65,"19,500",2026/09/10
1139,1139,6081,アライドアーキテクツ(株),東証GRT,152,-1,-0.65,"115,100",2026/09/10
1140,1140,6663,太洋テクノレックス(株),東証STD,308,-2,-0.65,"22,000",2026/09/10
1141,1141,6763,帝国通信工業(株),東証PRM,"2,734",-18,-0.65,"10,700",2026/09/10
1142,1142,8928,穴吹興産(株),東証STD,"2,284",-15,-0.65,"8,800",2026/09/10
1143,1143,8963,インヴィンシブル投資法人,東証,"61,300",-400,-0.65,"88,592",2026/09/10
1144,1144,1599,iFreeETF JPX日経400,東証ETF,"37,010",-240,-0.64,15,2026/09/10
1145,1145,2112,塩水港精糖(株),東証STD,464,-3,-0.64,"18,900",2026/09/10
1146,1146,2215,第一屋製パン(株),東証STD,619,-4,-0.64,"7,100",2026/09/10
1147,1147,2428,ウェルネット(株),東証STD,625,-4,-0.64,"31,100",2026/09/10
1148,1148,2884,(株)ヨシムラ・フード・ホールディングス,東証PRM,624,-4,-0.64,"87,200",2026/09/10
1149,1149,3067,(株)東京一番フーズ,東証STD,466,-3,-0.64,"8,400",2026/09/10
1150,1150,3154,メディアスホールディングス(株),東証PRM,771,-5,-0.64,"19,300",2026/09/10
1151,1151,3521,テルマー湯ホールディングス(株),東証STD,156,-1,-0.64,"17,600",2026/09/10
1152,1152,3804,(株)システム　ディ,東証STD,465,-3,-0.64,300,2026/09/10
1153,1153,7505,扶桑電通(株),東証STD,"2,185",-14,-0.64,"59,300",2026/09/10
1154,1154,7625,(株)グローバルダイニング,東証STD,466,-3,-0.64,"7,800",2026/09/10
1155,1155,8111,(株)ゴールドウイン,東証PRM,"2,081.5",-13.5,-0.64,"531,600",2026/09/10
1156,1156,9622,(株)スペース,東証PRM,"1,401",-9,-0.64,"38,000",2026/09/10
1157,1157,9799,旭情報サービス(株),東証STD,933,-6,-0.64,"5,100",2026/09/10
1158,1158,2091,NZAM 上場投信 ドイツ国債7-10年(H有),東証ETF,"4,432",-28,-0.63,1,2026/09/10
1159,1159,2989,東海道リート投資法人,東証,"94,700",-600,-0.63,"1,174",2026/09/10
1160,1160,4911,(株)資生堂,東証PRM,"3,330",-21,-0.63,"2,988,600",2026/09/10
1161,1161,4925,(株)ハーバー研究所,東証STD,"1,728",-11,-0.63,"2,800",2026/09/10
1162,1162,4928,(株)ノエビアホールディングス,東証PRM,"4,745",-30,-0.63,"95,400",2026/09/10
1163,1163,5101,横浜ゴム(株),東証PRM,"6,792",-43,-0.63,"750,800",2026/09/10
1164,1164,7371,Ｚｅｎｋｅｎ(株),東証GRT,792,-5,-0.63,"4,800",2026/09/10
1165,1165,7812,(株)クレステック,東証STD,"2,051",-13,-0.63,700,2026/09/10
1166,1166,8005,(株)スクロール,東証PRM,"1,747",-11,-0.63,"258,300",2026/09/10
1167,1167,8708,アイザワ証券グループ(株),東証PRM,"1,732",-11,-0.63,"152,400",2026/09/10
1168,1168,9513,Ｊ－ＰＯＷＥＲ,東証PRM,"4,132",-26,-0.63,"453,700",2026/09/10
1169,1169,1429,(株)日本アクア,東証PRM,797,-5,-0.62,"95,400",2026/09/10
1170,1170,1905,(株)テノックス,東証STD,"1,450",-9,-0.62,"2,000",2026/09/10
1171,1171,233A,iFreeETF インドNifty50,東証ETF,"1,754",-11,-0.62,"45,385",2026/09/10
1172,1172,2681,(株)ゲオホールディングス,東証PRM,"2,242",-14,-0.62,"193,000",2026/09/10
1173,1173,3002,グンゼ(株),東証PRM,"4,025",-25,-0.62,"200,400",2026/09/10
1174,1174,3291,飯田グループホールディングス(株),東証PRM,"2,232",-14,-0.62,"445,000",2026/09/10
1175,1175,3382,(株)セブン＆アイ・ホールディングス,東証PRM,"2,016",-12.5,-0.62,"7,172,100",2026/09/10
1176,1176,4118,(株)カネカ,東証PRM,"5,931",-37,-0.62,"189,900",2026/09/10
1177,1177,4896,(株)ケイファーマ,東証GRT,800,-5,-0.62,"11,500",2026/09/10
1178,1178,4958,長谷川香料(株),東証PRM,"3,225",-20,-0.62,"53,800",2026/09/10
1179,1179,552A,MAXIS 米国AIインフラ株上場投信,東証ETF,"2,410",-15,-0.62,"3,217",2026/09/10
1180,1180,6167,冨士ダイス(株),東証PRM,967,-6,-0.62,"56,100",2026/09/10
1181,1181,6227,ＡＩメカテック(株),東証STD,"6,400",-40,-0.62,"386,800",2026/09/10
1182,1182,6498,(株)キッツ,東証PRM,"1,925",-12,-0.62,"357,600",2026/09/10
1183,1183,6565,ＡＢホテル(株),名証MN,"1,287",-8,-0.62,"4,100",2026/09/10
1184,1184,7021,(株)ニッチツ,東証STD,"2,251",-14,-0.62,"1,000",2026/09/10
1185,1185,7030,(株)スプリックス,東証STD,961,-6,-0.62,"18,600",2026/09/10
1186,1186,8074,(株)ＹＵＡＳＡ,東証PRM,"6,380",-40,-0.62,"29,700",2026/09/10
1187,1187,9337,(株)トリドリ,東証GRT,"1,439",-9,-0.62,"4,300",2026/09/10
1188,1188,9507,四国電力(株),東証PRM,"2,179.5",-13.5,-0.62,"962,900",2026/09/10
1189,1189,9956,(株)バローホールディングス,東証PRM,"3,210",-20,-0.62,"118,000",2026/09/10
1190,1190,160A,(株)アズパートナーズ,東証STD,"1,940",-12,-0.61,"7,400",2026/09/10
1191,1191,2702,日本マクドナルドホールディングス(株),東証STD,"8,100",-50,-0.61,"468,400",2026/09/10
1192,1192,3199,綿半ホールディングス(株),東証PRM,"1,310",-8,-0.61,"31,200",2026/09/10
1193,1193,4506,住友ファーマ(株),東証PRM,"1,535.5",-9.5,-0.61,"3,795,200",2026/09/10
1194,1194,4932,(株)アルマード,東証STD,820,-5,-0.61,"12,200",2026/09/10
1195,1195,605A,(NEXT FUNDS) 日本株政策フォーカス上場投信,東証ETF,196.8,-1.2,-0.61,"70,740",2026/09/10
1196,1196,6586,(株)マキタ,東証PRM,"5,179",-32,-0.61,"526,100",2026/09/10
1197,1197,6728,(株)アルバック,東証PRM,"7,019",-43,-0.61,"391,300",2026/09/10
1198,1198,7674,(株)ＮＡＴＴＹ　ＳＷＡＮＫＹホールディングス,東証GRT,"2,604",-16,-0.61,"1,100",2026/09/10
1199,1199,7782,(株)シンシア,東証STD,489,-3,-0.61,"3,100",2026/09/10
1200,1200,8029,(株)ルックホールディングス,東証STD,"2,617",-16,-0.61,"12,900",2026/09/10
1201,1201,8101,(株)ＧＳＩクレオス,東証PRM,"2,589",-16,-0.61,"26,700",2026/09/10
1202,1202,8891,ＡＭＧホールディングス(株),東証STD,"1,970",-12,-0.61,"3,400",2026/09/10
1203,1203,9237,(株)笑美面,東証GRT,979,-6,-0.61,"10,200",2026/09/10
1204,1204,9843,(株)ニトリホールディングス,東証PRM,"3,267",-20,-0.61,"3,049,600",2026/09/10
1205,1205,1399,上場MSCI日本株高配当低ボラティリティ,東証ETF,"3,171",-19,-0.6,"3,887",2026/09/10
1206,1206,1559,(NEXT FUNDS)タイ株式指数連動型上場投信,東証ETF,"4,639",-28,-0.6,80,2026/09/10
1207,1207,1633,(NEXT FUNDS)不動産上場投信,東証ETF,"48,250",-290,-0.6,365,2026/09/10
1208,1208,2639,GX バイオ＆メドテック-日本株式,東証ETF,"1,655",-10,-0.6,"1,259",2026/09/10
1209,1209,363A,iFreeETF 英国FTSE100,東証ETF,"2,661",-16,-0.6,710,2026/09/10
1210,1210,4204,積水化学工業(株),東証PRM,"2,484.5",-15,-0.6,"1,175,300",2026/09/10
1211,1211,521A,iFreeETF FANG+ゴールド,東証ETF,"1,985",-12,-0.6,"8,374",2026/09/10
1212,1212,573A,iシェアーズ 日本国債20年超,東証ETF,495,-3,-0.6,"125,040",2026/09/10
1213,1213,5885,(株)ジーデップ・アドバンス,東証STD,"3,335",-20,-0.6,"21,600",2026/09/10
1214,1214,6082,(株)ライドオンエクスプレスホールディングス,東証STD,991,-6,-0.6,"23,100",2026/09/10
1215,1215,6085,アーキテクツ・スタジオ・ジャパン(株),東証GRT,167,-1,-0.6,"3,990,900",2026/09/10
1216,1216,6558,クックビズ(株),東証GRT,658,-4,-0.6,600,2026/09/10
1217,1217,7246,プレス工業(株),東証PRM,990,-6,-0.6,"434,200",2026/09/10
1218,1218,7367,(株)セルム,東証STD,330,-2,-0.6,"1,800",2026/09/10
1219,1219,9049,京福電気鉄道(株),東証STD,"6,620",-40,-0.6,500,2026/09/10
1220,1220,9227,マイクロ波化学(株),東証GRT,826,-5,-0.6,"76,900",2026/09/10
1221,1221,1417,(株)ミライト・ワン,東証PRM,"3,519",-21,-0.59,"371,300",2026/09/10
1222,1222,2040,NEXT NOTES NYダウ･ダブル･ブル･ドルヘッジ ETN,東証ETF,"38,610",-230,-0.59,194,2026/09/10
1223,1223,2209,井村屋グループ(株),東証PRM,"2,369",-14,-0.59,"17,900",2026/09/10
1224,1224,3349,(株)コスモス薬品,東証PRM,"6,586",-39,-0.59,"319,200",2026/09/10
1225,1225,3640,(株)電算,東証STD,"2,700",-16,-0.59,"8,000",2026/09/10
1226,1226,4098,チタン工業(株),東証STD,"1,004",-6,-0.59,"2,900",2026/09/10
1227,1227,541A,One ETF TOPIX高配当株グロース指数,東証ETF,"1,088",-6.5,-0.59,340,2026/09/10
1228,1228,6546,フルテック(株),東証STD,"1,173",-7,-0.59,800,2026/09/10
1229,1229,7375,(株)リファインバースグループ,東証GRT,"1,177",-7,-0.59,"29,600",2026/09/10
1230,1230,7464,セフテック(株),東証STD,"1,514",-9,-0.59,"1,500",2026/09/10
1231,1231,7837,(株)アールシーコア,東証STD,338,-2,-0.59,"1,300",2026/09/10
1232,1232,8747,豊トラスティ証券(株),東証STD,"2,182",-13,-0.59,"6,400",2026/09/10
1233,1233,9301,三菱倉庫(株),東証PRM,"1,521.5",-9,-0.59,"719,500",2026/09/10
1234,1234,212A,フィットイージー(株),東証PRM,"2,896",-17,-0.58,"110,900",2026/09/10
1235,1235,253A,(株)ＥＴＳグループ,東証STD,"1,034",-6,-0.58,"4,900",2026/09/10
1236,1236,2624,iFreeETF 日経225(年4回決算型),東証ETF,"6,552",-38,-0.58,"78,392",2026/09/10
1237,1237,3246,(株)コーセーアールイー,東証STD,683,-4,-0.58,"17,600",2026/09/10
1238,1238,3444,(株)菊池製作所,東証STD,"1,025",-6,-0.58,"71,200",2026/09/10
1239,1239,6103,オークマ(株),東証PRM,"4,305",-25,-0.58,"473,900",2026/09/10
1240,1240,6467,(株)ニチダイ,東証STD,342,-2,-0.58,"5,000",2026/09/10
1241,1241,6620,宮越ホールディングス(株),東証PRM,685,-4,-0.58,"43,200",2026/09/10
1242,1242,7224,新明和工業(株),東証PRM,"1,890",-11,-0.58,"162,300",2026/09/10
1243,1243,7313,テイ・エス　テック(株),東証PRM,"1,792.5",-10.5,-0.58,"326,100",2026/09/10
1244,1244,8095,アステナホールディングス(株),東証PRM,515,-3,-0.58,"63,100",2026/09/10
1245,1245,1435,(株)ｒｏｂｏｔ　ｈｏｍｅ,東証STD,175,-1,-0.57,"284,800",2026/09/10
1246,1246,1474,One ETF JPX日経400,東証ETF,"36,650",-210,-0.57,6,2026/09/10
1247,1247,1550,MAXIS 海外株式(MSCIコクサイ)上場投信,東証ETF,"7,855",-45,-0.57,"1,519",2026/09/10
1248,1248,2055,日和産業(株),東証STD,346,-2,-0.57,"4,800",2026/09/10
1249,1249,2201,森永製菓(株),東証PRM,"2,455",-14,-0.57,"372,100",2026/09/10
1250,1250,3760,(株)ケイブ,東証STD,699,-4,-0.57,"12,900",2026/09/10
1251,1251,3892,(株)岡山製紙,東証STD,"1,574",-9,-0.57,"4,000",2026/09/10
1252,1252,4548,生化学工業(株),東証PRM,696,-4,-0.57,"179,000",2026/09/10
1253,1253,4552,ＪＣＲファーマ(株),東証PRM,521,-3,-0.57,"378,900",2026/09/10
1254,1254,5019,出光興産(株),東証PRM,"1,650.5",-9.5,-0.57,"7,459,600",2026/09/10
1255,1255,5357,(株)ヨータイ,東証PRM,"1,730",-10,-0.57,"42,500",2026/09/10
1256,1256,8076,(株)カノークス,東証STD,"2,087",-12,-0.57,"2,600",2026/09/10
1257,1257,1356,TOPIXベア2倍上場投信,東証ETF,107.4,-0.6,-0.56,"2,841,820",2026/09/10
1258,1258,1434,ＪＥＳＣＯホールディングス(株),東証STD,"1,593",-9,-0.56,"94,000",2026/09/10
1259,1259,3173,(株)Ｃｏｍｉｎｉｘ,東証STD,"1,416",-8,-0.56,"4,500",2026/09/10
1260,1260,3656,ＫＬａｂ(株),東証PRM,178,-1,-0.56,"2,412,900",2026/09/10
1261,1261,4448,(株)ｋｕｂｅｌｌ,東証GRT,354,-2,-0.56,"36,400",2026/09/10
1262,1262,4990,昭和化学工業(株),東証STD,535,-3,-0.56,"3,300",2026/09/10
1263,1263,580A,GX 銅ビジネス,東証ETF,"1,059",-6,-0.56,"9,705",2026/09/10
1264,1264,6138,ダイジェット工業(株),東証STD,"1,965",-11,-0.56,"3,700",2026/09/10
1265,1265,6294,オカダアイヨン(株),東証PRM,"1,946",-11,-0.56,"16,600",2026/09/10
1266,1266,8127,ヤマト　インターナショナル(株),東証STD,537,-3,-0.56,"6,300",2026/09/10
1267,1267,8152,ソマール(株),東証STD,"7,160",-40,-0.56,600,2026/09/10
1268,1268,9363,(株)大運,東証STD,533,-3,-0.56,200,2026/09/10
1269,1269,1675,WisdomTree パラジウム上場投信,東証ETF,"18,895",-105,-0.55,112,2026/09/10
1270,1270,1810,松井建設(株),東証STD,"1,439",-8,-0.55,"27,600",2026/09/10
1271,1271,1878,大東建託(株),東証PRM,"3,283",-18,-0.55,"1,185,000",2026/09/10
1272,1272,2218,日糧製パン(株),札証,"2,151",-12,-0.55,800,2026/09/10
1273,1273,2970,ＧＬＣ　ＧＲＯＵＰ(株),東証STD,"1,089",-6,-0.55,"4,400",2026/09/10
1274,1274,3288,(株)オープンハウスグループ,東証PRM,"7,526",-42,-0.55,"270,600",2026/09/10
1275,1275,486A,(NEXT FUNDS) ユーロ・ストックス50(H無),東証ETF,"2,157",-12,-0.55,"1,114",2026/09/10
1276,1276,536A,NZAM 上場投信 先進国株式(MSCI-KOKUSAI)(H無),東証ETF,"2,175",-12,-0.55,3,2026/09/10
1277,1277,6246,(株)テクノスマート,東証STD,"1,810",-10,-0.55,"10,500",2026/09/10
1278,1278,6323,ローツェ(株),東証PRM,"3,649",-20,-0.55,"1,333,100",2026/09/10
1279,1279,6834,(株)精工技研,東証STD,"5,440",-30,-0.55,"494,100",2026/09/10
1280,1280,7135,ジャパンクラフトホールディングス(株),東証STD,180,-1,-0.55,"27,000",2026/09/10
1281,1281,9913,日邦産業(株),東証STD,"3,640",-20,-0.55,"6,200",2026/09/10
1282,1282,1678,(NEXT FUNDS)インド株式指数上場投信,東証ETF,292.4,-1.6,-0.54,"664,550",2026/09/10
1283,1283,2281,プリマハム(株),東証PRM,"2,390",-13,-0.54,"169,000",2026/09/10
1284,1284,2735,(株)ワッツ,東証STD,736,-4,-0.54,"41,000",2026/09/10
1285,1285,323A,(株)フライヤー,東証GRT,370,-2,-0.54,"5,700",2026/09/10
1286,1286,4398,(株)ブロードバンドセキュリティ,東証STD,"1,289",-7,-0.54,"1,000",2026/09/10
1287,1287,4507,塩野義製薬(株),東証PRM,"2,831",-15.5,-0.54,"2,442,700",2026/09/10
1288,1288,4750,(株)ダイサン,東証STD,555,-3,-0.54,"5,600",2026/09/10
1289,1289,5139,オープンワーク(株),東証GRT,925,-5,-0.54,"4,400",2026/09/10
1290,1290,5698,(株)エンビプロ・ホールディングス,東証STD,733,-4,-0.54,"116,900",2026/09/10
1291,1291,6736,サン電子(株),東証STD,"9,190",-50,-0.54,"25,100",2026/09/10
1292,1292,7079,ＷＤＢココ(株),東証GRT,"2,561",-14,-0.54,"3,800",2026/09/10
1293,1293,7110,(株)クラシコム,東証GRT,"2,039",-11,-0.54,"1,400",2026/09/10
1294,1294,8097,三愛オブリ(株),東証PRM,"2,409",-13,-0.54,"172,900",2026/09/10
1295,1295,9253,スローガン(株),東証GRT,732,-4,-0.54,100,2026/09/10
1296,1296,9284,カナディアン・ソーラー・インフラ投資法人,東証,"74,300",-400,-0.54,"1,596",2026/09/10
1297,1297,1493,One ETF JPX日経中小型,東証ETF,"25,195",-135,-0.53,"1,265",2026/09/10
1298,1298,1593,MAXIS JPX日経インデックス400上場投信,東証ETF,"37,270",-200,-0.53,"3,645",2026/09/10
1299,1299,1658,iシェアーズ･コア MSCI 新興国株 ETF,東証ETF,"4,292",-23,-0.53,"20,616",2026/09/10
1300,1300,2088,NZAM 上場投信 NYダウ30(H有),東証ETF,"2,636",-14,-0.53,"66,434",2026/09/10
1301,1301,2237,iFreeETF S&P500レバレッジ,東証ETF,"2,429",-13,-0.53,"4,470",2026/09/10
1302,1302,3405,(株)クラレ,東証PRM,"1,776",-9.5,-0.53,"1,250,400",2026/09/10
1303,1303,401A,霞ヶ関ホテルリート投資法人,東証,"94,700",-500,-0.53,"1,300",2026/09/10
1304,1304,4116,大日精化工業(株),東証PRM,"1,306",-7,-0.53,"72,100",2026/09/10
1305,1305,4202,(株)ダイセル,東証PRM,"1,398.5",-7.5,-0.53,"784,900",2026/09/10
1306,1306,5078,(株)セレコーポレーション,東証STD,"4,735",-25,-0.53,200,2026/09/10
1307,1307,6171,(株)土木管理総合試験所,東証STD,373,-2,-0.53,"13,400",2026/09/10
1308,1308,8131,(株)ミツウロコグループホールディングス,東証STD,"2,421",-13,-0.53,"47,600",2026/09/10
1309,1309,8999,グランディハウス(株),東証PRM,560,-3,-0.53,"58,800",2026/09/10
1310,1310,9238,バリュークリエーション(株),東証GRT,373,-2,-0.53,"1,300",2026/09/10
1311,1311,9307,(株)杉村倉庫,東証STD,941,-5,-0.53,"2,800",2026/09/10
1312,1312,4045,東亞合成(株),東証PRM,"1,805.5",-9.5,-0.52,"251,500",2026/09/10
1313,1313,4462,石原ケミカル(株),東証PRM,"2,860",-15,-0.52,"19,300",2026/09/10
1314,1314,4575,(株)キャンバス,東証GRT,764,-4,-0.52,"111,200",2026/09/10
1315,1315,471A,ＮＳグループ(株),東証PRM,"1,525",-8,-0.52,"162,600",2026/09/10
1316,1316,5704,(株)ＪＭＣ,東証STD,385,-2,-0.52,600,2026/09/10
1317,1317,5819,カナレ電気(株),東証STD,"1,722",-9,-0.52,"8,200",2026/09/10
1318,1318,584A,ＬｉＮＫＸ(株),東証GRT,"2,695",-14,-0.52,"80,200",2026/09/10
1319,1319,6045,(株)レントラックス,東証GRT,"2,112",-11,-0.52,"19,900",2026/09/10
1320,1320,6209,リケンＮＰＲ(株),東証PRM,"3,800",-20,-0.52,"85,700",2026/09/10
1321,1321,6584,三桜工業(株),東証PRM,769,-4,-0.52,"235,400",2026/09/10
1322,1322,7065,ユーピーアール(株),東証STD,963,-5,-0.52,"14,000",2026/09/10
1323,1323,2168,(株)パソナグループ,東証PRM,"1,572",-8,-0.51,"139,600",2026/09/10
1324,1324,2897,日清食品ホールディングス(株),東証PRM,"2,901.5",-15,-0.51,"1,239,000",2026/09/10
1325,1325,3486,(株)グローバル・リンク・マネジメント,東証PRM,"1,937",-10,-0.51,"39,100",2026/09/10
1326,1326,4206,アイカ工業(株),東証PRM,"4,112",-21,-0.51,"148,400",2026/09/10
1327,1327,442A,クラシコ(株),東証GRT,969,-5,-0.51,900,2026/09/10
1328,1328,4496,(株)コマースＯｎｅホールディングス,東証GRT,777,-4,-0.51,"4,500",2026/09/10
1329,1329,9268,(株)オプティマスグループ,東証STD,388,-2,-0.51,"137,300",2026/09/10
1330,1330,2033,NEXT NOTES 韓国KOSPI･ダブル･ブルETN,東証ETF,"79,800",-400,-0.5,"2,899",2026/09/10
1331,1331,2094,東証REITインバースETF,東証ETF,793,-4,-0.5,220,2026/09/10
1332,1332,2157,(株)コシダカホールディングス,東証PRM,987,-5,-0.5,"601,100",2026/09/10
1333,1333,3053,(株)ペッパーフードサービス,東証STD,201,-1,-0.5,"205,900",2026/09/10
1334,1334,3096,(株)オーシャンシステム,東証STD,"1,600",-8,-0.5,"4,700",2026/09/10
1335,1335,3726,(株)フォーシーズＨＤ,東証STD,400,-2,-0.5,"4,100",2026/09/10
1336,1336,4042,東ソー(株),東証PRM,"2,581",-13,-0.5,"817,800",2026/09/10
1337,1337,4124,大阪油化工業(株),東証STD,"3,010",-15,-0.5,400,2026/09/10
1338,1338,4492,(株)ゼネテック,東証STD,402,-2,-0.5,"134,800",2026/09/10
1339,1339,4547,キッセイ薬品工業(株),東証PRM,"3,960",-20,-0.5,"63,500",2026/09/10
1340,1340,4777,(株)ガーラ,東証STD,199,-1,-0.5,"10,600",2026/09/10
1341,1341,4935,(株)リベルタ,東証STD,199,-1,-0.5,"127,000",2026/09/10
1342,1342,6233,ＫＬＡＳＳ(株),東証STD,401,-2,-0.5,"3,600",2026/09/10
1343,1343,6322,(株)タクミナ,東証STD,"1,586",-8,-0.5,"2,800",2026/09/10
1344,1344,7130,ヤマエグループホールディングス(株),東証PRM,"2,794",-14,-0.5,"58,700",2026/09/10
1345,1345,9706,日本空港ビルデング(株),東証PRM,"5,562",-28,-0.5,"1,241,900",2026/09/10
1346,1346,9823,(株)マミーマートホールディングス,東証STD,"1,003",-5,-0.5,"105,200",2026/09/10
1347,1347,170A,SMT ETF日本好配当株アクティブ,東証ETF,"3,062",-15,-0.49,248,2026/09/10
1348,1348,2018,GX US REIT・トップ20,東証ETF,"1,219",-6,-0.49,"8,567",2026/09/10
1349,1349,2084,(NEXT FUNDS) 日本高配当株アクティブ,東証ETF,"3,834",-19,-0.49,"4,553",2026/09/10
1350,1350,2183,(株)リニカル,東証STD,204,-1,-0.49,"4,500",2026/09/10
1351,1351,2569,上場インデックスファンド米国株式(NASDAQ100)H有,東証ETF,"4,294",-21,-0.49,"3,923",2026/09/10
1352,1352,2670,(株)エービーシー・マート,東証PRM,"2,657",-13,-0.49,"446,000",2026/09/10
1353,1353,2853,iシェアーズ 気候リスク調整世界国債(除く日本・H有),東証ETF,607,-3,-0.49,200,2026/09/10
1354,1354,4937,(株)Ｗａｑｏｏ,東証GRT,"2,438",-12,-0.49,"1,200",2026/09/10
1355,1355,6198,(株)キャリア,東証GRT,202,-1,-0.49,"2,200",2026/09/10
1356,1356,6678,(株)テクノメディカ,東証STD,"2,020",-10,-0.49,"6,000",2026/09/10
1357,1357,6919,ケル(株),東証STD,"1,411",-7,-0.49,"8,700",2026/09/10
1358,1358,6942,(株)ソフィアホールディングス,東証STD,"1,435",-7,-0.49,"3,800",2026/09/10
1359,1359,6965,浜松ホトニクス(株),東証PRM,"2,233",-11,-0.49,"2,611,900",2026/09/10
1360,1360,7320,Ｓｏｌｖｖｙ(株),東証GRT,"1,408",-7,-0.49,"10,000",2026/09/10
1361,1361,7421,カッパ・クリエイト(株),東証PRM,"1,618",-8,-0.49,"77,700",2026/09/10
1362,1362,7928,旭化学工業(株),東証STD,612,-3,-0.49,"1,400",2026/09/10
1363,1363,8142,(株)トーホー,東証PRM,"1,421",-7,-0.49,"73,800",2026/09/10
1364,1364,8869,明和地所(株),東証STD,812,-4,-0.49,"53,400",2026/09/10
1365,1365,1469,JPX日経400ベア2倍上場投信ダブルインバース,東証ETF,188,-0.9,-0.48,"2,880",2026/09/10
1366,1366,3004,神栄(株),東証STD,"2,061",-10,-0.48,"3,300",2026/09/10
1367,1367,453A,iシェアーズ 米国債20年超プレミアムインカム,東証ETF,727.5,-3.5,-0.48,"179,120",2026/09/10
1368,1368,4714,(株)リソー教育グループ,東証PRM,209,-1,-0.48,"439,900",2026/09/10
1369,1369,5821,平河ヒューテック(株),東証PRM,"3,100",-15,-0.48,"31,500",2026/09/10
1370,1370,6694,(株)ズーム,東証STD,834,-4,-0.48,"24,700",2026/09/10
1371,1371,7236,(株)ティラド,東証PRM,"1,454",-7,-0.48,"284,600",2026/09/10
1372,1372,7273,(株)イクヨ,東証STD,627,-3,-0.48,"516,300",2026/09/10
1373,1373,7595,(株)アルゴグラフィックス,東証PRM,"1,249",-6,-0.48,"129,900",2026/09/10
1374,1374,8018,三共生興(株),東証STD,830,-4,-0.48,"32,300",2026/09/10
1375,1375,9060,日本ロジテム(株),東証STD,"4,140",-20,-0.48,100,2026/09/10
1376,1376,9878,(株)セキド,東証STD,415,-2,-0.48,"4,300",2026/09/10
1377,1377,231A,Ｃｒｏｓｓ　Ｅホールディングス(株),福岡Q,"1,060",-5,-0.47,300,2026/09/10
1378,1378,343A,(株)ＩＡＣＥトラベル,東証STD,"1,284",-6,-0.47,"4,400",2026/09/10
1379,1379,3710,ジョルダン(株),東証STD,637,-3,-0.47,"1,400",2026/09/10
1380,1380,3861,王子ホールディングス(株),東証PRM,859.9,-4.1,-0.47,"2,920,600",2026/09/10
1381,1381,3904,(株)カヤック,東証GRT,423,-2,-0.47,"8,400",2026/09/10
1382,1382,4017,(株)クリーマ,東証GRT,213,-1,-0.47,"13,800",2026/09/10
1383,1383,4732,(株)ユー・エス・エス,東証PRM,"1,905.5",-9,-0.47,"1,255,300",2026/09/10
1384,1384,4766,(株)ピーエイ,東証STD,210,-1,-0.47,"3,200",2026/09/10
1385,1385,5039,(株)キットアライブ,札幌ア,"1,070",-5,-0.47,"1,400",2026/09/10
1386,1386,5408,(株)中山製鋼所,東証PRM,636,-3,-0.47,"121,500",2026/09/10
1387,1387,7988,(株)ニフコ,東証PRM,"4,898",-23,-0.47,"306,100",2026/09/10
1388,1388,8077,トルク(株),東証STD,214,-1,-0.47,"5,600",2026/09/10
1389,1389,8200,(株)リンガーハット,東証PRM,"2,312",-11,-0.47,"79,800",2026/09/10
1390,1390,2083,(NEXT FUNDS) 日本成長株アクティブ,東証ETF,"3,873",-18,-0.46,"3,323",2026/09/10
1391,1391,2216,カンロ(株),東証STD,"1,076",-5,-0.46,"53,900",2026/09/10
1392,1392,2503,キリンホールディングス(株),東証PRM,"2,791",-13,-0.46,"3,018,100",2026/09/10
1393,1393,2522,iシェアーズ オートメーション&ロボット ETF,東証ETF,"8,500",-39,-0.46,"3,670",2026/09/10
1394,1394,2654,(株)アスモ,東証STD,433,-2,-0.46,"15,500",2026/09/10
1395,1395,2700,木徳神糧(株),東証STD,"1,715",-8,-0.46,"8,900",2026/09/10
1396,1396,3421,(株)稲葉製作所,東証STD,"1,722",-8,-0.46,"12,700",2026/09/10
1397,1397,3984,(株)ユーザーローカル,東証PRM,"1,531",-7,-0.46,"95,000",2026/09/10
1398,1398,4275,(株)カーリット,東証PRM,"1,957",-9,-0.46,"140,000",2026/09/10
1399,1399,5195,バンドー化学(株),東証PRM,"2,379",-11,-0.46,"48,700",2026/09/10
1400,1400,6463,ＴＰＲ(株),東証PRM,"1,518",-7,-0.46,"82,600",2026/09/10
1401,1401,6555,(株)ＭＳ＆Ｃｏｎｓｕｌｔｉｎｇ,東証STD,429,-2,-0.46,200,2026/09/10
1402,1402,6588,東芝テック(株),東証PRM,"2,787",-13,-0.46,"108,500",2026/09/10
1403,1403,7259,(株)アイシン,東証PRM,"2,176.5",-10,-0.46,"4,343,500",2026/09/10
1404,1404,8228,(株)マルイチ産商,名証MN,"1,073",-5,-0.46,"12,400",2026/09/10
1405,1405,9023,東京地下鉄(株),東証PRM,"1,519",-7,-0.46,"1,529,500",2026/09/10
1406,1406,2220,亀田製菓(株),東証PRM,"1,340",-6,-0.45,"141,700",2026/09/10
1407,1407,223A,GX AI&ビッグデータ,東証ETF,"1,755",-8,-0.45,"50,398",2026/09/10
1408,1408,269A,(株)Ｓａｐｅｅｔ,東証GRT,"2,887",-13,-0.45,"8,200",2026/09/10
1409,1409,291A,(株)リスキル,東証GRT,"1,981",-9,-0.45,"1,600",2026/09/10
1410,1410,4495,(株)アイキューブドシステムズ,東証GRT,"1,971",-9,-0.45,"9,300",2026/09/10
1411,1411,4503,アステラス製薬(株),東証PRM,"2,227",-10,-0.45,"5,918,400",2026/09/10
1412,1412,465A,GX 日経平均株主還元40-日本株式,東証ETF,"1,318",-6,-0.45,"2,427",2026/09/10
1413,1413,4809,パラカ(株),東証PRM,"2,002",-9,-0.45,"11,100",2026/09/10
1414,1414,5355,日本ルツボ(株),東証STD,662,-3,-0.45,"2,900",2026/09/10
1415,1415,5491,日本金属(株),東証STD,892,-4,-0.45,"14,500",2026/09/10
1416,1416,7444,ハリマ共和物産(株),東証STD,"1,975",-9,-0.45,800,2026/09/10
1417,1417,7630,(株)壱番屋,東証PRM,"1,095",-5,-0.45,"372,200",2026/09/10
1418,1418,7686,(株)ひとまいる,東証STD,439,-2,-0.45,"36,600",2026/09/10
1419,1419,7902,(株)ソノコム,東証STD,"1,112",-5,-0.45,800,2026/09/10
1420,1420,8596,(株)九州リースサービス,東証STD,"1,538",-7,-0.45,"19,400",2026/09/10
1421,1421,8892,(株)エスコン,東証PRM,"1,102",-5,-0.45,"93,600",2026/09/10
1422,1422,9439,(株)エム・エイチ・グループ,東証STD,222,-1,-0.45,"2,500",2026/09/10
1423,1423,9558,ジャパニアス(株),東証GRT,"1,975",-9,-0.45,"2,400",2026/09/10
1424,1424,9861,(株)吉野家ホールディングス,東証PRM,"3,786",-17,-0.45,"343,200",2026/09/10
1425,1425,2837,GX 中小型リーダーズ-日本株式,東証ETF,"4,726",-21,-0.44,"1,489",2026/09/10
1426,1426,2857,iシェアーズ ドイツ国債 ETF(H有),東証ETF,616.5,-2.7,-0.44,"200,050",2026/09/10
1427,1427,5967,ＴＯＮＥ(株),東証STD,455,-2,-0.44,"6,100",2026/09/10
1428,1428,6062,(株)チャーム・ケア・コーポレーション,東証PRM,"1,360",-6,-0.44,"69,500",2026/09/10
1429,1429,6156,(株)エーワン精密,東証STD,"1,813",-8,-0.44,"3,900",2026/09/10
1430,1430,6485,前澤給装工業(株),東証STD,"1,600",-7,-0.44,"27,100",2026/09/10
1431,1431,6998,日本タングステン(株),東証STD,"3,430",-15,-0.44,"50,400",2026/09/10
1432,1432,7046,ＴＤＳＥ(株),東証GRT,"1,350",-6,-0.44,800,2026/09/10
1433,1433,7480,スズデン(株),東証STD,"3,405",-15,-0.44,"27,200",2026/09/10
1434,1434,7919,野崎印刷紙業(株),東証STD,228,-1,-0.44,"2,100",2026/09/10
1435,1435,8237,(株)松屋,東証PRM,"2,269",-10,-0.44,"251,100",2026/09/10
1436,1436,2526,NZAM 上場投信 JPX日経400,東証ETF,"36,850",-160,-0.43,"14,928",2026/09/10
1437,1437,3196,(株)ホットランドホールディングス,東証PRM,"1,628",-7,-0.43,"72,800",2026/09/10
1438,1438,4985,アース製薬(株),東証PRM,"4,655",-20,-0.43,"48,100",2026/09/10
1439,1439,8016,(株)オンワードホールディングス,東証PRM,702,-3,-0.43,"902,900",2026/09/10
1440,1440,9536,西部ガスホールディングス(株),東証PRM,"2,537",-11,-0.43,"90,700",2026/09/10
1441,1441,9687,(株)ＫＳＫ,東証STD,"4,655",-20,-0.43,400,2026/09/10
1442,1442,9715,トランスコスモス(株),東証PRM,"3,505",-15,-0.43,"80,600",2026/09/10
1443,1443,9757,(株)船井総研ホールディングス,東証PRM,"1,158",-5,-0.43,"197,500",2026/09/10
1444,1444,1771,日本乾溜工業(株),福証,955,-4,-0.42,"2,300",2026/09/10
1445,1445,2173,(株)博展,東証GRT,712,-3,-0.42,"9,100",2026/09/10
1446,1446,2708,(株)久世,東証STD,"1,900",-8,-0.42,"2,200",2026/09/10
1447,1447,2789,(株)カルラ,東証STD,477,-2,-0.42,"4,000",2026/09/10
1448,1448,2845,(NEXT FUNDS) NASDAQ-100(H有)連動型上場投信,東証ETF,"3,530",-15,-0.42,"1,610",2026/09/10
1449,1449,324A,(株)ブッキングリゾート,東証GRT,705,-3,-0.42,"13,800",2026/09/10
1450,1450,3543,(株)コメダホールディングス,東証PRM,"2,847",-12,-0.42,"206,100",2026/09/10
1451,1451,3571,(株)ソトー,東証STD,718,-3,-0.42,"5,900",2026/09/10
1452,1452,3766,システムズ・デザイン(株),東証STD,"1,420",-6,-0.42,100,2026/09/10
1453,1453,3986,(株)ビーブレイクシステムズ,東証STD,470,-2,-0.42,"4,700",2026/09/10
1454,1454,4073,(株)ジィ・シィ企画,東証GRT,473,-2,-0.42,"10,300",2026/09/10
1455,1455,4421,(株)ディ・アイ・システム,東証STD,950,-4,-0.42,"1,700",2026/09/10
1456,1456,4832,ＪＦＥシステムズ(株),東証STD,"1,911",-8,-0.42,"5,300",2026/09/10
1457,1457,4973,日本高純度化学(株),東証PRM,"4,785",-20,-0.42,"39,700",2026/09/10
1458,1458,5125,(株)ファインズ,東証GRT,475,-2,-0.42,"4,500",2026/09/10
1459,1459,5909,(株)コロナ,東証STD,941,-4,-0.42,"8,600",2026/09/10
1460,1460,6819,伊豆シャボテンリゾート(株),東証STD,477,-2,-0.42,"13,800",2026/09/10
1461,1461,7938,(株)リーガルコーポレーション,東証STD,"2,119",-9,-0.42,"1,700",2026/09/10
1462,1462,9068,丸全昭和運輸(株),東証PRM,"7,190",-30,-0.42,"21,300",2026/09/10
1463,1463,9302,三井倉庫ホールディングス(株),東証PRM,"3,339",-14,-0.42,"184,000",2026/09/10
1464,1464,9959,アシードホールディングス(株),東証STD,954,-4,-0.42,"12,900",2026/09/10
1465,1465,9969,(株)ショクブン,東証STD,237,-1,-0.42,"5,700",2026/09/10
1466,1466,2044,NEXT NOTES S&P500 配当貴族(NR)ETN,東証ETF,"33,670",-140,-0.41,958,2026/09/10
1467,1467,2384,ＳＢＳホールディングス(株),東証PRM,"4,840",-20,-0.41,"61,400",2026/09/10
1468,1468,331A,(株)メディックス,東証STD,485,-2,-0.41,"4,300",2026/09/10
1469,1469,3660,(株)アイスタイル,東証PRM,484,-2,-0.41,"1,185,100",2026/09/10
1470,1470,4463,日華化学(株),東証STD,"1,933",-8,-0.41,"13,200",2026/09/10
1471,1471,4923,コタ(株),東証PRM,"1,211",-5,-0.41,"18,600",2026/09/10
1472,1472,4956,コニシ(株),東証PRM,"1,455",-6,-0.41,"60,600",2026/09/10
1473,1473,5444,大和工業(株),東証PRM,"12,125",-50,-0.41,"73,600",2026/09/10
1474,1474,7599,(株)ＩＤＯＭ,東証PRM,"1,214",-5,-0.41,"1,475,100",2026/09/10
1475,1475,8844,(株)コスモスイニシア,東証STD,"1,220",-5,-0.41,"52,400",2026/09/10
1476,1476,9812,(株)テーオーホールディングス,東証STD,242,-1,-0.41,800,2026/09/10
1477,1477,9904,(株)ベリテ,東証STD,244,-1,-0.41,"5,800",2026/09/10
1478,1478,1911,住友林業(株),東証PRM,"1,254",-5,-0.4,"4,726,300",2026/09/10
1479,1479,2242,MAXIS NYダウ上場投信(H有),東証ETF,675.9,-2.7,-0.4,140,2026/09/10
1480,1480,2270,雪印メグミルク(株),東証PRM,"3,700",-15,-0.4,"125,500",2026/09/10
1481,1481,2579,コカ・コーラ　ボトラーズジャパンホールディングス(株),東証PRM,"3,739",-15,-0.4,"685,300",2026/09/10
1482,1482,2621,iシェアーズ 米国債20年超(H有),東証ETF,993,-4,-0.4,"145,980",2026/09/10
1483,1483,2649,iシェアーズ 米国政府系機関ジニーメイMBS(H有),東証ETF,572.2,-2.3,-0.4,340,2026/09/10
1484,1484,2934,ジェイフロンティア(株),東証GRT,"1,977",-8,-0.4,"1,400",2026/09/10
1485,1485,3204,(株)トーア紡コーポレーション,東証STD,499,-2,-0.4,"1,500",2026/09/10
1486,1486,3419,アートグリーン(株),名証NXT,"1,970",-8,-0.4,500,2026/09/10
1487,1487,3538,(株)ウイルプラスホールディングス,東証STD,"1,001",-4,-0.4,"6,000",2026/09/10
1488,1488,4004,(株)レゾナック・ホールディングス,東証PRM,"16,005",-65,-0.4,"1,242,100",2026/09/10
1489,1489,4095,日本パーカライジング(株),東証PRM,"1,741",-7,-0.4,"157,800",2026/09/10
1490,1490,4493,(株)サイバーセキュリティクラウド,東証GRT,"1,763",-7,-0.4,"59,700",2026/09/10
1491,1491,4528,小野薬品工業(株),東証PRM,"2,343.5",-9.5,-0.4,"1,150,900",2026/09/10
1492,1492,4574,大幸薬品(株),東証PRM,249,-1,-0.4,"77,100",2026/09/10
1493,1493,4754,(株)トスネット,東証STD,"1,488",-6,-0.4,200,2026/09/10
1494,1494,590A,ギフティグループ(株),東証PRM,"1,251",-5,-0.4,"177,500",2026/09/10
1495,1495,6538,(株)ディスラプターズ,東証STD,251,-1,-0.4,"13,800",2026/09/10
1496,1496,7552,(株)ハピネット,東証PRM,"3,690",-15,-0.4,"140,900",2026/09/10
1497,1497,7984,コクヨ(株),東証PRM,911.3,-3.7,-0.4,"1,067,900",2026/09/10
1498,1498,9385,(株)ショーエイコーポレーション,東証STD,748,-3,-0.4,"15,600",2026/09/10
1499,1499,1357,(NEXT FUNDS) 日経ダブルインバース上場投信,東証ETF,"2,811",-11,-0.39,"6,262,255",2026/09/10
1500,1500,2198,アイ・ケイ・ケイホールディングス(株),東証PRM,769,-3,-0.39,"97,100",2026/09/10
1501,1501,2512,(NEXT FUNDS)外国債券・FTSE世界国債(除く日本・H有),東証ETF,712.8,-2.8,-0.39,"8,320",2026/09/10
1502,1502,2796,ファーマライズホールディングス(株),東証STD,505,-2,-0.39,"1,700",2026/09/10
1503,1503,283A,GX USテック・配当貴族,東証ETF,"1,292",-5,-0.39,338,2026/09/10
1504,1504,2851,iシェアーズ MSCI ジャパンSRI,東証ETF,387,-1.5,-0.39,70,2026/09/10
1505,1505,2991,(株)ランドネット,東証STD,512,-2,-0.39,"16,100",2026/09/10
1506,1506,367A,プリモグローバルホールディングス(株),東証STD,"2,840",-11,-0.39,"28,800",2026/09/10
1507,1507,4242,(株)タカギセイコー,東証STD,"1,766",-7,-0.39,500,2026/09/10
1508,1508,4382,ＨＥＲＯＺ(株),東証STD,764,-3,-0.39,"44,800",2026/09/10
1509,1509,461A,MAXIS 日本株高配当SMART50,東証ETF,"2,579",-10,-0.39,553,2026/09/10
1510,1510,6301,コマツ,東証PRM,"7,389",-29,-0.39,"2,416,600",2026/09/10
1511,1511,6743,大同信号(株),東証STD,"1,010",-4,-0.39,"13,000",2026/09/10
1512,1512,7280,(株)ミツバ,東証PRM,"1,264",-5,-0.39,"100,900",2026/09/10
1513,1513,7822,永大産業(株),東証STD,256,-1,-0.39,"42,100",2026/09/10
1514,1514,7840,フランスベッドホールディングス(株),東証PRM,"1,284",-5,-0.39,"20,100",2026/09/10
1515,1515,9502,中部電力(株),東証PRM,"3,053",-12,-0.39,"2,437,800",2026/09/10
1516,1516,9628,燦ホールディングス(株),東証PRM,"1,278",-5,-0.39,"41,200",2026/09/10
1517,1517,9769,(株)学究社,東証PRM,"2,550",-10,-0.39,"12,500",2026/09/10
1518,1518,2108,日本甜菜製糖(株),東証PRM,"5,250",-20,-0.38,"25,800",2026/09/10
1519,1519,3151,(株)バイタルケーエスケー・ホールディングス,東証PRM,"1,580",-6,-0.38,"48,600",2026/09/10
1520,1520,3359,(株)ｃｏｔｔａ,東証GRT,527,-2,-0.38,"11,000",2026/09/10
1521,1521,4054,日本情報クリエイト(株),東証GRT,518,-2,-0.38,"4,000",2026/09/10
1522,1522,6340,澁谷工業(株),東証PRM,"5,280",-20,-0.38,"50,400",2026/09/10
1523,1523,6413,理想科学工業(株),東証PRM,"1,039",-4,-0.38,"97,100",2026/09/10
1524,1524,6470,大豊工業(株),東証STD,"1,052",-4,-0.38,"91,800",2026/09/10
1525,1525,8040,(株)東京ソワール,東証STD,"1,046",-4,-0.38,800,2026/09/10
1526,1526,9051,センコン物流(株),東証STD,"1,310",-5,-0.38,400,2026/09/10
1527,1527,9441,(株)ベルパーク,東証STD,"2,921",-11,-0.38,"2,200",2026/09/10
1528,1528,9887,(株)松屋フーズホールディングス,東証PRM,"5,280",-20,-0.38,"36,100",2026/09/10
1529,1529,1443,技研ホールディングス(株),東証STD,271,-1,-0.37,"30,700",2026/09/10
1530,1530,2573,北海道コカ・コーラボトリング(株),東証STD,"4,035",-15,-0.37,"1,700",2026/09/10
1531,1531,3186,(株)ネクステージ,東証PRM,"2,939",-11,-0.37,"835,200",2026/09/10
1532,1532,3245,(株)ディア・ライフ,東証PRM,"1,075",-4,-0.37,"201,000",2026/09/10
1533,1533,3583,オーベクス(株),東証STD,"1,345",-5,-0.37,500,2026/09/10
1534,1534,4193,(株)ファブリカホールディングス,東証STD,"2,155",-8,-0.37,"3,700",2026/09/10
1535,1535,4221,大倉工業(株),東証PRM,"5,380",-20,-0.37,"28,700",2026/09/10
1536,1536,4651,(株)サニックスホールディングス,東証STD,270,-1,-0.37,"130,200",2026/09/10
1537,1537,4712,(株)ＫｅｙＨｏｌｄｅｒ,東証STD,808,-3,-0.37,"8,900",2026/09/10
1538,1538,5463,丸一鋼管(株),東証PRM,"1,729.5",-6.5,-0.37,"500,900",2026/09/10
1539,1539,6744,能美防災(株),東証PRM,"4,020",-15,-0.37,"62,200",2026/09/10
1540,1540,7254,(株)ユニバンス,東証STD,808,-3,-0.37,"12,700",2026/09/10
1541,1541,7279,(株)ハイレックスコーポレーション,東証STD,"2,440",-9,-0.37,"86,700",2026/09/10
1542,1542,7740,(株)タムロン,東証PRM,"1,340",-5,-0.37,"353,200",2026/09/10
1543,1543,7774,(株)ジャパン・ティッシュエンジニアリング,東証GRT,817,-3,-0.37,"105,800",2026/09/10
1544,1544,8904,(株)ＡＶＡＮＴＩＡ,東証STD,818,-3,-0.37,"16,700",2026/09/10
1545,1545,1680,上場インデックスファンド海外先進国株式,東証ETF,"8,070",-29,-0.36,106,2026/09/10
1546,1546,1832,(株)北海電工,札証,"1,381",-5,-0.36,"8,300",2026/09/10
1547,1547,2009,鳥越製粉(株),東証STD,"1,094",-4,-0.36,"11,200",2026/09/10
1548,1548,2156,セーラー広告(株),東証STD,273,-1,-0.36,100,2026/09/10
1549,1549,3222,ユナイテッド・スーパーマーケット・ホールディングス(株),東証STD,840,-3,-0.36,"279,800",2026/09/10
1550,1550,376A,(NEXT FUNDS)ブルームバーグ米国国債(7-10年)(75%H有),東証ETF,"4,769",-17,-0.36,12,2026/09/10
1551,1551,4247,ポバール興業(株),東証STD,"1,395",-5,-0.36,100,2026/09/10
1552,1552,4345,(株)シーティーエス,東証PRM,826,-3,-0.36,"51,900",2026/09/10
1553,1553,4966,上村工業(株),東証STD,"19,180",-70,-0.36,"46,400",2026/09/10
1554,1554,5602,(株)栗本鐵工所,東証PRM,"1,644",-6,-0.36,"185,700",2026/09/10
1555,1555,5982,(株)マルゼン,東証STD,"4,145",-15,-0.36,"1,900",2026/09/10
1556,1556,6365,(株)電業社機械製作所,東証STD,"5,580",-20,-0.36,100,2026/09/10
1557,1557,6977,(株)日本抵抗器製作所,東証STD,"1,386",-5,-0.36,"2,200",2026/09/10
1558,1558,9159,(株)Ｗ　ＴＯＫＹＯ,東証GRT,"1,956",-7,-0.36,"3,800",2026/09/10
1559,1559,1518,三井松島ホールディングス(株),東証PRM,"2,275",-8,-0.35,"233,600",2026/09/10
1560,1560,237A,iシェアーズ 米国債25年超 ロングデュレーション,東証ETF,141.4,-0.5,-0.35,"627,960",2026/09/10
1561,1561,2469,ヒビノ(株),東証STD,"2,825",-10,-0.35,"6,700",2026/09/10
1562,1562,2634,(NEXT FUNDS) S&P500(H有)連動型上場投信,東証ETF,"3,151",-11,-0.35,"17,319",2026/09/10
1563,1563,2841,iFreeETF NASDAQ100(H有),東証ETF,"1,690",-6,-0.35,"16,669",2026/09/10
1564,1564,2875,東洋水産(株),東証PRM,"10,075",-35,-0.35,"555,300",2026/09/10
1565,1565,2927,(株)ＡＦＣ－ＨＤアムスライフサイエンス,東証STD,859,-3,-0.35,"10,900",2026/09/10
1566,1566,3176,三洋貿易(株),東証PRM,"1,145",-4,-0.35,"248,400",2026/09/10
1567,1567,3970,(株)イノベーション,東証STD,849,-3,-0.35,900,2026/09/10
1568,1568,4265,Ｉｎｓｔｉｔｕｔｉｏｎ　ｆｏｒ　ａ　Ｇｌｏｂａｌ　Ｓｏｃｉｅ(株),東証GRT,282,-1,-0.35,"13,100",2026/09/10
1569,1569,5210,日本山村硝子(株),東証STD,"2,870",-10,-0.35,"35,900",2026/09/10
1570,1570,5445,東京鐵鋼(株),東証PRM,"2,009",-7,-0.35,"72,400",2026/09/10
1571,1571,558A,(株)ＳＱＵＥＥＺＥ,東証GRT,"5,760",-20,-0.35,"6,700",2026/09/10
1572,1572,5938,(株)ＬＩＸＩＬ,東証PRM,"1,727",-6,-0.35,"1,505,000",2026/09/10
1573,1573,6804,ホシデン(株),東証PRM,"2,531",-9,-0.35,"215,500",2026/09/10
1574,1574,7297,(株)カーメイト,東証STD,863,-3,-0.35,"1,800",2026/09/10
1575,1575,7513,(株)コジマ,東証PRM,"1,407",-5,-0.35,"139,800",2026/09/10
1576,1576,9854,愛眼(株),東証STD,281,-1,-0.35,"38,300",2026/09/10
1577,1577,1375,ユキグニファクトリー(株),東証PRM,"1,165",-4,-0.34,"24,800",2026/09/10
1578,1578,182A,MAXIS 米国国債20年超上場投信(H無),東証ETF,467.8,-1.6,-0.34,"107,370",2026/09/10
1579,1579,1852,(株)淺沼組,東証PRM,880,-3,-0.34,"391,300",2026/09/10
1580,1580,2011,SMDAM Active ETF 日本高配当株式,東証ETF,841.7,-2.9,-0.34,"60,660",2026/09/10
1581,1581,2095,GX S&P500配当貴族 (H有),東証ETF,"1,161",-4,-0.34,30,2026/09/10
1582,1582,2839,MAXIS 米国国債7-10年上場投信(H有),東証ETF,"4,920",-17,-0.34,"2,388",2026/09/10
1583,1583,294A,(NEXT FUNDS) MSCIジャパン気候変動指数(セレクト),東証ETF,"2,909",-10,-0.34,120,2026/09/10
1584,1584,3042,(株)セキュアヴェイル,東証STD,293,-1,-0.34,"3,700",2026/09/10
1585,1585,3297,(株)東武住販,東証STD,"1,175",-4,-0.34,"1,100",2026/09/10
1586,1586,3469,(株)デュアルタップ,東証STD,891,-3,-0.34,"2,100",2026/09/10
1587,1587,4471,三洋化成工業(株),東証PRM,"5,940",-20,-0.34,"80,300",2026/09/10
1588,1588,4619,日本特殊塗料(株),東証STD,"2,601",-9,-0.34,"32,000",2026/09/10
1589,1589,4998,フマキラー(株),東証STD,"1,166",-4,-0.34,"8,000",2026/09/10
1590,1590,5591,(株)ＡＶＩＬＥＮ,東証GRT,875,-3,-0.34,"17,200",2026/09/10
1591,1591,5870,(株)ナルネットコミュニケーションズ,東証GRT,878,-3,-0.34,"4,100",2026/09/10
1592,1592,5928,アルメタックス(株),東証STD,289,-1,-0.34,300,2026/09/10
1593,1593,5976,ネツレン,東証PRM,"1,458",-5,-0.34,"72,500",2026/09/10
1594,1594,630A,ニッセイ ETF TOPIX(年4回決算型),東証ETF,"1,478",-5,-0.34,"3,315",2026/09/10
1595,1595,6623,愛知電機(株),名証PRM,"8,860",-30,-0.34,"2,900",2026/09/10
1596,1596,6960,フクダ電子(株),東証STD,"11,670",-40,-0.34,"46,100",2026/09/10
1597,1597,7278,(株)エクセディ,東証PRM,"5,870",-20,-0.34,"349,400",2026/09/10
1598,1598,1482,iシェアーズ・コア 米国債7-10年ETF(H有),東証ETF,"1,524",-5,-0.33,"25,032",2026/09/10
1599,1599,179A,GX 超長期米国債 (H有),東証ETF,240,-0.8,-0.33,"9,820",2026/09/10
1600,1600,1870,矢作建設工業(株),東証PRM,"2,114",-7,-0.33,"95,000",2026/09/10
1601,1601,1967,(株)ヤマト,東証STD,"2,100",-7,-0.33,"10,300",2026/09/10
1602,1602,2086,NZAM 上場投信 S&P500(H有),東証ETF,"3,046",-10,-0.33,1,2026/09/10
1603,1603,2090,NZAM 上場投信 米国国債7-10年(H有),東証ETF,"4,272",-14,-0.33,3,2026/09/10
1604,1604,2248,iFreeETF S&P500(H有),東証ETF,"2,740",-9,-0.33,"47,730",2026/09/10
1605,1605,2562,上場インデックスファンド米国株式(ダウ平均)H有,東証ETF,"3,654",-12,-0.33,"3,552",2026/09/10
1606,1606,2590,ダイドーグループホールディングス(株),東証PRM,"3,045",-10,-0.33,"55,000",2026/09/10
1607,1607,2849,GX Morningstar 高配当 ESG-日本株式,東証ETF,"5,392",-18,-0.33,5,2026/09/10
1608,1608,2974,大英産業(株),福証,905,-3,-0.33,300,2026/09/10
1609,1609,3068,(株)ＷＤＩ,東証STD,"3,045",-10,-0.33,"1,400",2026/09/10
1610,1610,3474,Ｇ－ＦＡＣＴＯＲＹ(株),東証GRT,601,-2,-0.33,"1,700",2026/09/10
1611,1611,3771,(株)システムリサーチ,東証PRM,"1,835",-6,-0.33,"127,800",2026/09/10
1612,1612,450A,ステート・ストリート・スパイダー S&P500 ETF(H有),東証ETF,786.1,-2.6,-0.33,120,2026/09/10
1613,1613,5026,(株)トリプルアイズ,東証GRT,598,-2,-0.33,"19,700",2026/09/10
1614,1614,5137,(株)スマートドライブ,東証GRT,302,-1,-0.33,"180,500",2026/09/10
1615,1615,5973,(株)トーアミ,東証STD,610,-2,-0.33,"1,200",2026/09/10
1616,1616,6272,レオン自動機(株),東証PRM,"1,493",-5,-0.33,"48,300",2026/09/10
1617,1617,6279,(株)瑞光,東証PRM,906,-3,-0.33,"14,700",2026/09/10
1618,1618,6393,油研工業(株),東証STD,"3,045",-10,-0.33,700,2026/09/10
1619,1619,6540,(株)船場,東証STD,"1,507",-5,-0.33,"20,600",2026/09/10
1620,1620,6904,原田工業(株),東証STD,604,-2,-0.33,"30,400",2026/09/10
1621,1621,8079,正栄食品工業(株),東証PRM,"4,520",-15,-0.33,"24,300",2026/09/10
1622,1622,1560,(NEXT FUNDS)マレーシアKLCI連動型上場投信,東証ETF,"6,226",-20,-0.32,237,2026/09/10
1623,1623,245A,(株)ＩＮＧＳ,東証GRT,"2,499",-8,-0.32,"3,000",2026/09/10
1624,1624,2498,(株)オリエンタルコンサルタンツホールディングス,東証STD,"3,130",-10,-0.32,"6,700",2026/09/10
1625,1625,2607,不二製油(株),東証PRM,"4,381",-14,-0.32,"215,700",2026/09/10
1626,1626,2653,イオン九州(株),東証STD,"2,802",-9,-0.32,"11,100",2026/09/10
1627,1627,2866,GX 米国優先証券,東証ETF,941,-3,-0.32,"73,570",2026/09/10
1628,1628,3099,(株)三越伊勢丹ホールディングス,東証PRM,"3,112",-10,-0.32,"1,939,900",2026/09/10
1629,1629,3461,(株)パルマ,東証STD,620,-2,-0.32,"4,200",2026/09/10
1630,1630,383A,MAXIS S&P500均等ウェイト,東証ETF,"2,524",-8,-0.32,"1,991",2026/09/10
1631,1631,495A,One ETF 日本国債 7-10年,東証ETF,965.4,-3.1,-0.32,20,2026/09/10
1632,1632,5612,日本鋳鉄管(株),東証STD,"1,580",-5,-0.32,"16,300",2026/09/10
1633,1633,5959,岡部(株),東証PRM,931,-3,-0.32,"80,800",2026/09/10
1634,1634,6226,守谷輸送機工業(株),東証STD,"2,200",-7,-0.32,"88,500",2026/09/10
1635,1635,7091,(株)リビングプラットフォーム,東証GRT,"1,257",-4,-0.32,"6,400",2026/09/10
1636,1636,7741,ＨＯＹＡ(株),東証PRM,"23,135",-75,-0.32,"1,049,600",2026/09/10
1637,1637,8230,(株)はせがわ,東証STD,309,-1,-0.32,"6,300",2026/09/10
1638,1638,8967,日本ロジスティクスファンド投資法人,東証,"93,500",-300,-0.32,"4,392",2026/09/10
1639,1639,9282,いちごグリーンインフラ投資法人,東証,"30,900",-100,-0.32,518,2026/09/10
1640,1640,9888,(株)ＵＥＸ,東証STD,"1,230",-4,-0.32,"42,500",2026/09/10
1641,1641,1358,上場インデックス日経レバレッジ指数,東証ETF,"127,550",-400,-0.31,"6,135",2026/09/10
1642,1642,2623,iシェアーズ ユーロ建て投資適格社債(H有),東証ETF,"1,917",-6,-0.31,"22,552",2026/09/10
1643,1643,2685,(株)アンドエスティＨＤ,東証PRM,"3,210",-10,-0.31,"180,400",2026/09/10
1644,1644,3031,(株)ラクーンホールディングス,東証PRM,652,-2,-0.31,"32,900",2026/09/10
1645,1645,335A,(株)ミライロ,東証GRT,323,-1,-0.31,"7,400",2026/09/10
1646,1646,340A,(株)ジグザグ,東証GRT,322,-1,-0.31,"5,700",2026/09/10
1647,1647,3636,(株)三菱総合研究所,東証PRM,"4,765",-15,-0.31,"34,400",2026/09/10
1648,1648,4326,(株)インテージホールディングス,東証PRM,"1,937",-6,-0.31,"22,900",2026/09/10
1649,1649,4768,(株)大塚商会,東証PRM,"3,489",-11,-0.31,"1,168,000",2026/09/10
1650,1650,5194,相模ゴム工業(株),東証STD,635,-2,-0.31,"3,000",2026/09/10
1651,1651,6273,ＳＭＣ(株),東証PRM,"67,680",-210,-0.31,"200,200",2026/09/10
1652,1652,8150,三信電気(株),東証PRM,"3,175",-10,-0.31,"30,800",2026/09/10
1653,1653,92025,ＡＮＡホールディングス（株）第１回社債型種類株式,東証PRM,"4,780",-15,-0.31,"4,100",2026/09/10
1654,1654,9242,メディア総研(株),東証GRT,"1,933",-6,-0.31,"1,700",2026/09/10
1655,1655,9763,丸建リース(株),東証STD,"1,270",-4,-0.31,"7,000",2026/09/10
1656,1656,9962,(株)ミスミグループ本社,東証PRM,"3,539",-11,-0.31,"1,149,100",2026/09/10
1657,1657,1332,(株)ニッスイ,東証PRM,"1,182",-3.5,-0.3,"1,518,800",2026/09/10
1658,1658,2351,(株)ＡＳＪ,東証STD,330,-1,-0.3,"2,000",2026/09/10
1659,1659,2659,(株)サンエー,東証PRM,"3,320",-10,-0.3,"181,800",2026/09/10
1660,1660,2683,(株)ＵＯＧｒｏｕｐ,東証STD,993,-3,-0.3,"1,500",2026/09/10
1661,1661,3023,ラサ商事(株),東証STD,"2,014",-6,-0.3,"17,400",2026/09/10
1662,1662,3641,(株)パピレス,東証STD,983,-3,-0.3,800,2026/09/10
1663,1663,5351,品川リフラ(株),東証PRM,"2,007",-6,-0.3,"95,800",2026/09/10
1664,1664,6257,(株)藤商事,東証STD,"1,012",-3,-0.3,"40,100",2026/09/10
1665,1665,6371,(株)椿本チエイン,東証PRM,"2,641",-8,-0.3,"357,000",2026/09/10
1666,1666,6390,(株)加藤製作所,東証PRM,"1,315",-4,-0.3,"54,100",2026/09/10
1667,1667,6617,(株)東光高岳,東証PRM,"6,710",-20,-0.3,"58,100",2026/09/10
1668,1668,6863,(株)ニレコ,東証STD,985,-3,-0.3,"8,600",2026/09/10
1669,1669,7314,(株)小田原機器,東証STD,"1,323",-4,-0.3,400,2026/09/10
1670,1670,7819,粧美堂(株),東証STD,"1,005",-3,-0.3,"10,500",2026/09/10
1671,1671,8881,(株)日神グループホールディングス,東証PRM,654,-2,-0.3,"104,500",2026/09/10
1672,1672,9039,(株)サカイ引越センター,東証PRM,"2,965",-9,-0.3,"67,600",2026/09/10
1673,1673,9413,(株)テレビ東京ホールディングス,東証PRM,"3,315",-10,-0.3,"39,900",2026/09/10
1674,1674,9640,(株)セゾンテクノロジー,東証STD,"1,975",-6,-0.3,"10,600",2026/09/10
1675,1675,9733,(株)ナガセ,東証STD,"2,291",-7,-0.3,"9,900",2026/09/10
1676,1676,9845,(株)パーカーコーポレーション,東証STD,"1,346",-4,-0.3,"5,600",2026/09/10
1677,1677,1360,日経平均ベア2倍上場投信,東証ETF,69.1,-0.2,-0.29,"177,456,660",2026/09/10
1678,1678,2557,SMDAM トピックス上場投信,東証ETF,"4,101",-12,-0.29,"1,810",2026/09/10
1679,1679,4707,(株)キタック,東証STD,338,-1,-0.29,"12,900",2026/09/10
1680,1680,4845,(株)スカラ,東証STD,344,-1,-0.29,"23,400",2026/09/10
1681,1681,518A,(NEXT FUNDS) FTSE日本株高配当キャッシュフロー50,東証ETF,"2,059",-6,-0.29,"12,320",2026/09/10
1682,1682,6482,ＹＵＳＨＩＮ(株),東証STD,697,-2,-0.29,"92,500",2026/09/10
1683,1683,7039,ブリッジインターナショナルグループ(株),東証GRT,"1,364",-4,-0.29,"2,900",2026/09/10
1684,1684,9325,ファイズホールディングス(株),東証STD,"1,048",-3,-0.29,"8,100",2026/09/10
1685,1685,9470,(株)学研ホールディングス,東証PRM,"1,039",-3,-0.29,"237,700",2026/09/10
1686,1686,9950,(株)ハチバン,東証STD,"3,425",-10,-0.29,"3,400",2026/09/10
1687,1687,1491,中外鉱業(株),東証STD,708,-2,-0.28,"12,400",2026/09/10
1688,1688,2236,GX S&P500配当貴族,東証ETF,"1,418",-4,-0.28,"6,381",2026/09/10
1689,1689,2454,(株)オールアバウト,東証STD,351,-1,-0.28,"2,900",2026/09/10
1690,1690,2551,マルサンアイ(株),名証MN,"3,605",-10,-0.28,"1,200",2026/09/10
1691,1691,2792,(株)ハニーズホールディングス,東証PRM,"1,425",-4,-0.28,"39,400",2026/09/10
1692,1692,2846,(NEXT FUNDS) ダウ・ジョーンズ工業株30種(H有),東証ETF,"2,537",-7,-0.28,953,2026/09/10
1693,1693,3452,(株)ビーロット,東証STD,"1,436",-4,-0.28,"44,200",2026/09/10
1694,1694,3633,ＧＭＯペパボ(株),東証STD,"2,479",-7,-0.28,"21,400",2026/09/10
1695,1695,3769,ＧＭＯペイメントゲートウェイ(株),東証PRM,"8,442",-24,-0.28,"264,300",2026/09/10
1696,1696,4246,ダイキョーニシカワ(株),東証PRM,"1,052",-3,-0.28,"188,500",2026/09/10
1697,1697,5451,(株)ヨドコウ,東証PRM,"1,402",-4,-0.28,"203,700",2026/09/10
1698,1698,6035,(株)アイ・アールジャパンホールディングス,東証STD,715,-2,-0.28,"23,200",2026/09/10
1699,1699,6087,(株)アビスト,東証STD,"3,550",-10,-0.28,"1,500",2026/09/10
1700,1700,6200,(株)インソース,東証PRM,703,-2,-0.28,"269,600",2026/09/10
1701,1701,6547,(株)グリーンズ,東証STD,"2,124",-6,-0.28,"30,000",2026/09/10
1702,1702,6579,ログリー(株),東証GRT,354,-1,-0.28,600,2026/09/10
1703,1703,6597,ＨＰＣシステムズ(株),東証GRT,"3,565",-10,-0.28,"27,400",2026/09/10
1704,1704,6894,パルステック工業(株),東証STD,"2,143",-6,-0.28,"1,100",2026/09/10
1705,1705,7946,(株)光陽社,名証MN,362,-1,-0.28,200,2026/09/10
1706,1706,8917,ファースト住建(株),東証STD,"1,065",-3,-0.28,"240,500",2026/09/10
1707,1707,9979,(株)大庄,東証STD,"1,051",-3,-0.28,"38,900",2026/09/10
1708,1708,1364,ｉシェアーズ JPX日経400 ETF,東証ETF,"3,714",-10,-0.27,"10,226",2026/09/10
1709,1709,1780,(株)ヤマウラ,東証PRM,"1,481",-4,-0.27,"20,600",2026/09/10
1710,1710,2250,iシェアーズ MSCI ジャパン気候変動アクション ETF,東証ETF,366.7,-1,-0.27,"2,330",2026/09/10
1711,1711,2664,(株)カワチ薬品,東証PRM,"3,725",-10,-0.27,"79,900",2026/09/10
1712,1712,2933,(株)紀文食品,東証PRM,"1,125",-3,-0.27,"40,300",2026/09/10
1713,1713,3931,(株)バリューゴルフ,東証GRT,"1,497",-4,-0.27,900,2026/09/10
1714,1714,4094,日本化学産業(株),東証STD,"2,251",-6,-0.27,"22,500",2026/09/10
1715,1715,4524,森下仁丹(株),東証STD,"2,237",-6,-0.27,700,2026/09/10
1716,1716,4979,ＯＡＴアグリオ(株),東証STD,"2,907",-8,-0.27,"16,100",2026/09/10
1717,1717,5406,(株)神戸製鋼所,東証PRM,"2,029.5",-5.5,-0.27,"1,018,900",2026/09/10
1718,1718,5471,大同特殊鋼(株),東証PRM,"2,379",-6.5,-0.27,"785,300",2026/09/10
1719,1719,5933,アルインコ(株),東証PRM,"1,110",-3,-0.27,"20,400",2026/09/10
1720,1720,5992,中央発條(株),東証STD,"3,660",-10,-0.27,"36,800",2026/09/10
1721,1721,6186,(株)一蔵,東証STD,375,-1,-0.27,700,2026/09/10
1722,1722,6276,シリウスビジョン(株),東証STD,369,-1,-0.27,"21,300",2026/09/10
1723,1723,6486,イーグル工業(株),東証PRM,"2,942",-8,-0.27,"117,300",2026/09/10
1724,1724,6844,新電元工業(株),東証PRM,"2,955",-8,-0.27,"52,800",2026/09/10
1725,1725,7096,(株)ステムセル研究所,東証GRT,750,-2,-0.27,"1,200",2026/09/10
1726,1726,7214,ＧＭＢ(株),東証STD,"1,109",-3,-0.27,"1,400",2026/09/10
1727,1727,7240,ＮＯＫ(株),東証PRM,"2,952.5",-8,-0.27,"286,000",2026/09/10
1728,1728,7870,福島印刷(株),名証MN,365,-1,-0.27,100,2026/09/10
1729,1729,9166,(株)ＧＥＮＤＡ,東証GRT,731,-2,-0.27,"470,900",2026/09/10
1730,1730,9990,(株)サックスバー　ホールディングス,東証PRM,746,-2,-0.27,"60,000",2026/09/10
1731,1731,1444,(株)ニッソウ,東証GRT,"2,676",-7,-0.26,700,2026/09/10
1732,1732,1487,上場インデックスファンド米国債券(H有),東証ETF,"11,660",-30,-0.26,109,2026/09/10
1733,1733,2255,iシェアーズ 米国債20年超,東証ETF,192.7,-0.5,-0.26,"312,290",2026/09/10
1734,1734,2525,NZAM 上場投信 日経225,東証ETF,"65,510",-170,-0.26,"27,889",2026/09/10
1735,1735,2529,(NEXT FUNDS)野村株主還元70連動型上場投信,東証ETF,"2,334",-6,-0.26,"3,308",2026/09/10
1736,1736,3293,アズマハウス(株),東証STD,768,-2,-0.26,"1,000",2026/09/10
1737,1737,4059,(株)まぐまぐ,東証STD,390,-1,-0.26,"1,500",2026/09/10
1738,1738,4172,Ｈｉクラテス(株),東証STD,"2,293",-6,-0.26,500,2026/09/10
1739,1739,4611,大日本塗料(株),東証PRM,"1,519",-4,-0.26,"42,400",2026/09/10
1740,1740,5957,日東精工(株),東証PRM,760,-2,-0.26,"106,100",2026/09/10
1741,1741,6655,東洋電機(株),名証MN,780,-2,-0.26,200,2026/09/10
1742,1742,6750,エレコム(株),東証PRM,"1,955",-5,-0.26,"162,700",2026/09/10
1743,1743,7239,(株)タチエス,東証PRM,"2,297",-6,-0.26,"69,500",2026/09/10
1744,1744,7383,(株)ネットプロテクションズホールディングス,東証PRM,390,-1,-0.26,"854,800",2026/09/10
1745,1745,7606,(株)ユナイテッドアローズ,東証PRM,"2,320",-6,-0.26,"191,600",2026/09/10
1746,1746,7733,オリンパス(株),東証PRM,"1,923.5",-5,-0.26,"3,920,100",2026/09/10
1747,1747,7769,リズム(株),東証PRM,"3,790",-10,-0.26,"24,000",2026/09/10
1748,1748,8276,(株)平和堂,東証PRM,"2,669",-7,-0.26,"86,100",2026/09/10
1749,1749,8421,信金中央金庫,東証,"191,100",-500,-0.26,122,2026/09/10
1750,1750,9285,東京インフラ・エネルギー投資法人,東証,"38,950",-100,-0.26,635,2026/09/10
1751,1751,9768,いであ(株),東証STD,"3,780",-10,-0.26,"11,100",2026/09/10
1752,1752,1498,One ETF ESG,東証ETF,"32,150",-80,-0.25,3,2026/09/10
1753,1753,1580,日経平均ベア上場投信,東証ETF,795,-2,-0.25,"218,720",2026/09/10
1754,1754,1720,東急建設(株),東証PRM,"1,186",-3,-0.25,"292,400",2026/09/10
1755,1755,2243,GX 半導体,東証ETF,"4,324",-11,-0.25,"120,012",2026/09/10
1756,1756,2292,Ｓ　ＦＯＯＤＳ(株),東証PRM,"2,748",-7,-0.25,"117,400",2026/09/10
1757,1757,2515,(NEXT FUNDS)外国REIT･S&P先進国REIT(除く日本・H無),東証ETF,"1,571",-4,-0.25,"134,745",2026/09/10
1758,1758,2563,iシェアーズ S&P500 米国株 ETF(H有),東証ETF,404.3,-1,-0.25,"265,610",2026/09/10
1759,1759,3159,丸善ＣＨＩホールディングス(株),東証STD,402,-1,-0.25,"50,500",2026/09/10
1760,1760,3277,(株)サンセイランディック,東証STD,813,-2,-0.25,"11,600",2026/09/10
1761,1761,4074,(株)ラキール,東証GRT,804,-2,-0.25,"2,600",2026/09/10
1762,1762,426A,ニッセイ ETF S&P500イコール・ウェイト(H無),東証ETF,"1,180",-3,-0.25,"17,239",2026/09/10
1763,1763,4299,(株)ハイマックス,東証STD,"1,204",-3,-0.25,"5,600",2026/09/10
1764,1764,6727,(株)ワコム,東証PRM,790,-2,-0.25,"502,300",2026/09/10
1765,1765,7185,ヒロセ通商(株),東証STD,"3,930",-10,-0.25,"4,600",2026/09/10
1766,1766,7276,(株)小糸製作所,東証PRM,"2,588",-6.5,-0.25,"600,900",2026/09/10
1767,1767,7585,(株)かんなん丸,東証STD,407,-1,-0.25,"1,300",2026/09/10
1768,1768,7590,(株)タカショー,東証STD,392,-1,-0.25,"23,300",2026/09/10
1769,1769,7883,サンメッセ(株),東証STD,400,-1,-0.25,"4,400",2026/09/10
1770,1770,7915,ＮＩＳＳＨＡ(株),東証PRM,"1,176",-3,-0.25,"207,500",2026/09/10
1771,1771,9312,ケイヒン(株),東証STD,"2,841",-7,-0.25,"4,200",2026/09/10
1772,1772,1477,iシェアーズ MSCI 日本株最小分散 ETF,東証ETF,"3,332",-8,-0.24,"10,885",2026/09/10
1773,1773,1659,iシェアーズ 米国リート ETF,東証ETF,"3,693",-9,-0.24,"3,942",2026/09/10
1774,1774,2001,(株)ニップン,東証PRM,"2,955",-7,-0.24,"158,800",2026/09/10
1775,1775,2179,(株)成学社,東証STD,826,-2,-0.24,"1,000",2026/09/10
1776,1776,241A,(株)ＲＯＸＸ,東証GRT,415,-1,-0.24,"4,800",2026/09/10
1777,1777,2982,(株)ＡＤワークスグループ,東証PRM,420,-1,-0.24,"146,600",2026/09/10
1778,1778,3075,(株)銚子丸,東証STD,"1,645",-4,-0.24,"1,600",2026/09/10
1779,1779,4071,(株)プラスアルファ・コンサルティング,東証PRM,"2,042",-5,-0.24,"170,800",2026/09/10
1780,1780,4436,(株)ミンカブ・ジ・インフォノイド,東証GRT,415,-1,-0.24,"20,300",2026/09/10
1781,1781,4633,サカタインクス(株),東証PRM,"2,531",-6,-0.24,"106,700",2026/09/10
1782,1782,5282,ジオスター(株),東証STD,413,-1,-0.24,"29,200",2026/09/10
1783,1783,6543,(株)日宣,東証STD,"1,224",-3,-0.24,"2,300",2026/09/10
1784,1784,6858,(株)小野測器,東証STD,839,-2,-0.24,"39,200",2026/09/10
1785,1785,7198,ＳＢＩアルヒ(株),東証PRM,830,-2,-0.24,"51,200",2026/09/10
1786,1786,7679,(株)薬王堂ホールディングス,東証PRM,"1,641",-4,-0.24,"34,200",2026/09/10
1787,1787,7746,岡本硝子(株),東証STD,825,-2,-0.24,"307,000",2026/09/10
1788,1788,7980,(株)重松製作所,東証STD,834,-2,-0.24,"12,000",2026/09/10
1789,1789,8052,椿本興業(株),東証PRM,"2,882",-7,-0.24,"84,900",2026/09/10
1790,1790,9561,(株)グラッドキューブ,東証GRT,422,-1,-0.24,"5,600",2026/09/10
1791,1791,9636,(株)きんえい,東証STD,"4,215",-10,-0.24,400,2026/09/10
1792,1792,9941,太洋物産(株),東証STD,"1,241",-3,-0.24,"15,100",2026/09/10
1793,1793,1686,WisdomTree 産業用金属上場投信,東証ETF,"3,031",-7,-0.23,190,2026/09/10
1794,1794,2521,上場インデックスファンド米国株式(S&P500)H有,東証ETF,"2,162",-5,-0.23,387,2026/09/10
1795,1795,3248,(株)アールエイジ,東証STD,886,-2,-0.23,"3,300",2026/09/10
1796,1796,3537,昭栄薬品(株),東証STD,"1,761",-4,-0.23,600,2026/09/10
1797,1797,3663,(株)セルシス,東証PRM,"1,761",-4,-0.23,"130,000",2026/09/10
1798,1798,3941,レンゴー(株),東証PRM,"1,517.5",-3.5,-0.23,"702,300",2026/09/10
1799,1799,4208,ＵＢＥ(株),東証PRM,"3,408",-8,-0.23,"498,500",2026/09/10
1800,1800,4248,竹本容器(株),東証STD,877,-2,-0.23,"6,400",2026/09/10
1801,1801,4681,リゾートトラスト(株),東証PRM,"1,763",-4,-0.23,"531,800",2026/09/10
1802,1802,4968,荒川化学工業(株),東証PRM,"2,127",-5,-0.23,"133,500",2026/09/10
1803,1803,533A,NZAM 上場投信 S&P500(H無),東証ETF,"2,205",-5,-0.23,11,2026/09/10
1804,1804,6358,酒井重工業(株),東証PRM,"2,130",-5,-0.23,"8,900",2026/09/10
1805,1805,6923,スタンレー電気(株),東証PRM,"3,412",-8,-0.23,"392,900",2026/09/10
1806,1806,7187,ジェイリース(株),東証PRM,"1,315",-3,-0.23,"52,400",2026/09/10
1807,1807,7208,(株)カネミツ,東証STD,"1,302",-3,-0.23,"3,900",2026/09/10
1808,1808,7516,コーナン商事(株),東証PRM,"4,380",-10,-0.23,"62,400",2026/09/10
1809,1809,7877,永大化工(株),東証STD,"2,181",-5,-0.23,800,2026/09/10
1810,1810,9031,西日本鉄道(株),東証PRM,"3,098",-7,-0.23,"205,600",2026/09/10
1811,1811,9193,東京汽船(株),東証STD,865,-2,-0.23,"2,900",2026/09/10
1812,1812,1438,(株)岐阜造園,東証STD,"2,275",-5,-0.22,600,2026/09/10
1813,1813,2085,MAXIS 高配当日本株アクティブ,東証ETF,770,-1.7,-0.22,"18,040",2026/09/10
1814,1814,2186,ソーバル(株),東証STD,900,-2,-0.22,"1,300",2026/09/10
1815,1815,2252,GX Morningstar 米国中小型 Moat,東証ETF,"1,390",-3,-0.22,27,2026/09/10
1816,1816,2485,(株)ティア,東証STD,445,-1,-0.22,"42,500",2026/09/10
1817,1817,2568,上場インデックスファンド米国株式(NASDAQ100)H無,東証ETF,"7,747",-17,-0.22,"3,078",2026/09/10
1818,1818,2843,上場インデックスファンド豪州国債(H有),東証ETF,"3,626",-8,-0.22,662,2026/09/10
1819,1819,2861,上場インデックスファンドフランス国債(H無),東証ETF,"5,379",-12,-0.22,31,2026/09/10
1820,1820,3055,(株)ほくやく・竹山ホールディングス,札証,912,-2,-0.22,500,2026/09/10
1821,1821,3673,(株)ブロードリーフ,東証PRM,444,-1,-0.22,"787,100",2026/09/10
1822,1822,4343,(株)イオンファンタジー,東証PRM,"2,724",-6,-0.22,"55,700",2026/09/10
1823,1823,5609,日本鋳造(株),東証STD,908,-2,-0.22,"4,200",2026/09/10
1824,1824,5958,三洋工業(株),東証STD,"4,440",-10,-0.22,"2,300",2026/09/10
1825,1825,6291,日本エアーテック(株),東証STD,"1,334",-3,-0.22,"25,500",2026/09/10
1826,1826,6445,(株)ジャノメ,東証PRM,"1,348",-3,-0.22,"23,100",2026/09/10
1827,1827,7217,(株)テイン,東証STD,451,-1,-0.22,400,2026/09/10
1828,1828,7570,橋本総業ホールディングス(株),東証STD,"1,377",-3,-0.22,"5,900",2026/09/10
1829,1829,7604,(株)梅の花グループ,東証STD,908,-2,-0.22,"4,800",2026/09/10
1830,1830,8772,(株)アサックス,東証STD,898,-2,-0.22,"4,300",2026/09/10
1831,1831,9699,ニシオホールディングス(株),東証PRM,"4,605",-10,-0.22,"45,800",2026/09/10
1832,1832,9713,(株)ロイヤルホテル,東証STD,917,-2,-0.22,"4,700",2026/09/10
1833,1833,2060,フィード・ワン(株),東証PRM,"1,444",-3,-0.21,"61,800",2026/09/10
1834,1834,2648,(NEXT FUNDS)ブルームバーグ米国国債(7-10年)(H有),東証ETF,"3,286",-7,-0.21,"1,238",2026/09/10
1835,1835,2791,大黒天物産(株),東証PRM,"4,670",-10,-0.21,"43,600",2026/09/10
1836,1836,3150,(株)グリムス,東証PRM,"2,400",-5,-0.21,"48,300",2026/09/10
1837,1837,3466,ラサールロジポート投資法人,東証,"143,300",-300,-0.21,"3,918",2026/09/10
1838,1838,4761,(株)さくらケーシーエス,東証STD,"1,425",-3,-0.21,"2,500",2026/09/10
1839,1839,5939,(株)大谷工業,東証STD,"4,710",-10,-0.21,100,2026/09/10
1840,1840,6044,(株)三機サービス,東証STD,"1,882",-4,-0.21,"4,100",2026/09/10
1841,1841,6578,(株)コレックホールディングス,東証STD,466,-1,-0.21,"6,100",2026/09/10
1842,1842,6745,ホーチキ(株),東証PRM,"1,877",-4,-0.21,"149,800",2026/09/10
1843,1843,8154,加賀電子(株),東証PRM,"4,785",-10,-0.21,"97,300",2026/09/10
1844,1844,8706,極東証券(株),東証PRM,"1,894",-4,-0.21,"138,500",2026/09/10
1845,1845,9272,ブティックス(株),東証GRT,"1,400",-3,-0.21,"2,500",2026/09/10
1846,1846,197A,(株)タウンズ,東証STD,503,-1,-0.2,"81,300",2026/09/10
1847,1847,2513,(NEXT FUNDS)外国株式･MSCI-KOKUSAI(H無),東証ETF,"3,462",-7,-0.2,"3,469",2026/09/10
1848,1848,2561,iシェアーズ・コア 日本国債 ETF,東証ETF,"1,990",-4,-0.2,"3,848",2026/09/10
1849,1849,2844,上場インデックスファンド豪州国債(H無),東証ETF,"5,369",-11,-0.2,"9,761",2026/09/10
1850,1850,2922,(株)なとり,東証PRM,"1,975",-4,-0.2,"11,600",2026/09/10
1851,1851,3417,大木ヘルスケアホールディングス(株),東証STD,"1,000",-2,-0.2,"8,100",2026/09/10
1852,1852,3557,ユナイテッド＆コレクティブ(株),東証GRT,510,-1,-0.2,"5,000",2026/09/10
1853,1853,4015,ペイクラウドホールディングス(株),東証GRT,509,-1,-0.2,"18,000",2026/09/10
1854,1854,488A,iシェアーズ 円高フォーカス ETF,東証ETF,793.4,-1.6,-0.2,"20,780",2026/09/10
1855,1855,519A,(株)ベーシック,東証GRT,501,-1,-0.2,"3,400",2026/09/10
1856,1856,611A,One ETF 日本国債27-30年,東証ETF,"1,000",-2,-0.2,50,2026/09/10
1857,1857,6286,靜甲(株),東証STD,"1,487",-3,-0.2,"1,200",2026/09/10
1858,1858,6455,(株)モリタホールディングス,東証PRM,"2,459",-5,-0.2,"61,800",2026/09/10
1859,1859,6699,ダイヤモンドエレクトリックホールディングス(株),東証STD,498,-1,-0.2,"55,200",2026/09/10
1860,1860,7219,(株)エッチ・ケー・エス,東証STD,"2,465",-5,-0.2,"1,000",2026/09/10
1861,1861,7485,岡谷鋼機(株),名証PRM,"5,020",-10,-0.2,"2,200",2026/09/10
1862,1862,7520,(株)エコス,東証PRM,"2,501",-5,-0.2,"18,300",2026/09/10
1863,1863,8046,丸藤シートパイル(株),東証STD,982,-2,-0.2,"12,900",2026/09/10
1864,1864,8185,(株)チヨダ,東証PRM,987,-2,-0.2,"79,900",2026/09/10
1865,1865,8273,(株)イズミ,東証PRM,990,-2,-0.2,"522,100",2026/09/10
1866,1866,8275,(株)フォーバル,東証STD,"1,001",-2,-0.2,"15,700",2026/09/10
1867,1867,9020,東日本旅客鉄道(株),東証PRM,"3,531",-7,-0.2,"2,511,300",2026/09/10
1868,1868,9052,山陽電気鉄道(株),東証PRM,"1,991",-4,-0.2,"48,800",2026/09/10
1869,1869,9663,(株)ナガワ,東証PRM,"5,030",-10,-0.2,"13,400",2026/09/10
1870,1870,9664,(株)御園座,名証MN,"1,496",-3,-0.2,"2,600",2026/09/10
1871,1871,9835,(株)ジュンテンドー,東証STD,509,-1,-0.2,"3,500",2026/09/10
1872,1872,9850,(株)グルメ杵屋,東証PRM,983,-2,-0.2,"54,700",2026/09/10
1873,1873,1348,MAXIS トピックス上場投信,東証ETF,"4,209",-8,-0.19,"155,466",2026/09/10
1874,1874,1446,(株)キャンディル,東証STD,538,-1,-0.19,"2,100",2026/09/10
1875,1875,1696,WisdomTree とうもろこし上場投信,東証ETF,"3,134",-6,-0.19,"1,422",2026/09/10
1876,1876,1793,(株)大本組,東証STD,"2,088",-4,-0.19,"1,200",2026/09/10
1877,1877,2139,(株)中広,東証STD,520,-1,-0.19,"3,700",2026/09/10
1878,1878,2371,(株)カカクコム,東証PRM,"3,695",-7,-0.19,"197,800",2026/09/10
1879,1879,2404,(株)鉄人化ホールディングス,東証STD,526,-1,-0.19,"7,500",2026/09/10
1880,1880,2449,(株)プラップジャパン,東証STD,"1,060",-2,-0.19,"2,900",2026/09/10
1881,1881,2497,ユナイテッド(株),東証GRT,529,-1,-0.19,"7,200",2026/09/10
1882,1882,2630,MAXIS 米国株式(S&P500)上場投信(H有),東証ETF,"16,050",-30,-0.19,730,2026/09/10
1883,1883,2638,GX ロボティクス＆AI-日本株式,東証ETF,"2,598",-5,-0.19,"56,072",2026/09/10
1884,1884,2840,iFreeETF NASDAQ100(H無),東証ETF,"2,603",-5,-0.19,"51,539",2026/09/10
1885,1885,2971,エスコンジャパンリート投資法人,東証,"106,700",-200,-0.19,754,2026/09/10
1886,1886,2972,サンケイリアルエステート投資法人,東証,"104,200",-200,-0.19,"1,319",2026/09/10
1887,1887,3065,(株)ライフフーズ,東証STD,"1,587",-3,-0.19,400,2026/09/10
1888,1888,3182,オイシックス(株),東証PRM,"1,577",-3,-0.19,"71,300",2026/09/10
1889,1889,3612,(株)ワールド,東証PRM,"1,566",-3,-0.19,"335,400",2026/09/10
1890,1890,3798,ＵＬＳグループ(株),東証STD,523,-1,-0.19,"195,200",2026/09/10
1891,1891,428A,サイプレス・ホールディングス(株),東証STD,"1,568",-3,-0.19,"11,700",2026/09/10
1892,1892,4687,ＴＤＣソフト(株),東証PRM,"1,029",-2,-0.19,"70,900",2026/09/10
1893,1893,4709,(株)ＩＤホールディングス,東証PRM,"1,038",-2,-0.19,"32,100",2026/09/10
1894,1894,472A,(株)ミラティブ,東証GRT,527,-1,-0.19,"54,500",2026/09/10
1895,1895,4886,あすか製薬ホールディングス(株),東証PRM,"2,057",-4,-0.19,"37,700",2026/09/10
1896,1896,539A,NZAM 上場投信 海外債券(FTSE WGBI除く日本)(H無),東証ETF,"4,763",-9,-0.19,16,2026/09/10
1897,1897,564A,GX S&P先進国キャッシュフロー・トップ100,東証ETF,"1,050",-2,-0.19,258,2026/09/10
1898,1898,6902,(株)デンソー,東証PRM,"1,885",-3.5,-0.19,"6,994,800",2026/09/10
1899,1899,7868,(株)広済堂ホールディングス,東証PRM,517,-1,-0.19,"175,900",2026/09/10
1900,1900,7966,リンテック(株),東証PRM,"5,320",-10,-0.19,"1,039,800",2026/09/10
1901,1901,9012,秩父鉄道(株),東証STD,"2,113",-4,-0.19,300,2026/09/10
1902,1902,1826,佐田建設(株),東証STD,"1,082",-2,-0.18,"1,600",2026/09/10
1903,1903,236A,iシェアーズ 日本国債7-10年,東証ETF,438.1,-0.8,-0.18,"97,270",2026/09/10
1904,1904,2932,(株)ＳＴＩフードホールディングス,東証STD,"1,103",-2,-0.18,"5,600",2026/09/10
1905,1905,3635,(株)コーエーテクモホールディングス,東証PRM,"1,633.5",-3,-0.18,"692,300",2026/09/10
1906,1906,3933,チエル(株),東証STD,548,-1,-0.18,"4,700",2026/09/10
1907,1907,467A,GX 米ドル建て投資適格社債(H有),東証ETF,275.5,-0.5,-0.18,130,2026/09/10
1908,1908,566A,iFreeETF ブルームバーグ日本株(除く金融)高配当50,東証ETF,"2,268",-4,-0.18,116,2026/09/10
1909,1909,6346,キクカワエンタープライズ(株),東証STD,"5,660",-10,-0.18,100,2026/09/10
1910,1910,7097,(株)さくらさくプラス,東証GRT,"2,743",-5,-0.18,"5,700",2026/09/10
1911,1911,9246,(株)プロジェクトホールディングス,東証GRT,"1,086",-2,-0.18,600,2026/09/10
1912,1912,9360,鈴与シンワート(株),東証STD,"2,770",-5,-0.18,200,2026/09/10
1913,1913,3292,イオンリート投資法人,東証,"115,400",-200,-0.17,"4,497",2026/09/10
1914,1914,3937,(株)Ｕｂｉｃｏｍホールディングス,東証STD,"1,170",-2,-0.17,"13,100",2026/09/10
1915,1915,4097,高圧ガス工業(株),東証PRM,"1,181",-2,-0.17,"44,500",2026/09/10
1916,1916,4197,(株)アスマーク,東証STD,"2,369",-4,-0.17,200,2026/09/10
1917,1917,4228,積水化成品工業(株),東証PRM,575,-1,-0.17,"122,800",2026/09/10
1918,1918,4736,日本ラッド(株),東証STD,583,-1,-0.17,500,2026/09/10
1919,1919,6418,日本金銭機械(株),東証PRM,"1,183",-2,-0.17,"68,200",2026/09/10
1920,1920,7129,ミアヘルサホールディングス(株),東証STD,"1,178",-2,-0.17,"2,000",2026/09/10
1921,1921,7939,(株)研創,東証STD,602,-1,-0.17,800,2026/09/10
1922,1922,7942,(株)ＪＳＰ,東証PRM,"2,864",-5,-0.17,"42,200",2026/09/10
1923,1923,7975,(株)リヒトラブ,東証STD,"1,169",-2,-0.17,"2,100",2026/09/10
1924,1924,9532,大阪ガス(株),東証PRM,"5,935",-10,-0.17,"1,154,500",2026/09/10
1925,1925,138A,光フードサービス(株),東証GRT,"3,095",-5,-0.16,700,2026/09/10
1926,1926,1420,サンヨーホームズ(株),東証STD,630,-1,-0.16,"11,100",2026/09/10
1927,1927,1433,ベステラ(株),東証PRM,"1,234",-2,-0.16,"364,600",2026/09/10
1928,1928,2204,(株)中村屋,東証STD,"3,130",-5,-0.16,"7,400",2026/09/10
1929,1929,2221,岩塚製菓(株),東証STD,"3,060",-5,-0.16,"2,300",2026/09/10
1930,1930,2587,サントリービバレッジ＆フード(株),東証PRM,"4,456",-7,-0.16,"1,081,900",2026/09/10
1931,1931,2865,GX NASDAQ100・カバード・コール,東証ETF,"1,233",-2,-0.16,"433,886",2026/09/10
1932,1932,3422,(株)Ｊ－ＭＡＸ,東証STD,606,-1,-0.16,"29,000",2026/09/10
1933,1933,345A,高配当成長 日本株(ネットリターン)ETN,東証ETF,"15,375",-25,-0.16,"2,666",2026/09/10
1934,1934,3490,(株)アズ企画設計,東証STD,"3,060",-5,-0.16,400,2026/09/10
1935,1935,4534,持田製薬(株),東証PRM,"3,175",-5,-0.16,"33,900",2026/09/10
1936,1936,5975,東プレ(株),東証PRM,"3,200",-5,-0.16,"84,800",2026/09/10
1937,1937,6265,コンバム(株),東証STD,"3,065",-5,-0.16,"1,200",2026/09/10
1938,1938,6289,(株)技研製作所,東証PRM,"1,875",-3,-0.16,"55,500",2026/09/10
1939,1939,6382,トリニティ工業(株),東証STD,"1,217",-2,-0.16,"10,100",2026/09/10
1940,1940,6472,ＮＴＮ(株),東証PRM,370.3,-0.6,-0.16,"4,049,100",2026/09/10
1941,1941,6566,(株)要興業,東証STD,"1,261",-2,-0.16,800,2026/09/10
1942,1942,6995,(株)東海理化,東証PRM,"3,050",-5,-0.16,"85,700",2026/09/10
1943,1943,7343,ブロードマインド(株),東証GRT,"1,270",-2,-0.16,"2,400",2026/09/10
1944,1944,7670,オーウエル(株),東証STD,"1,228",-2,-0.16,800,2026/09/10
1945,1945,7872,エステールホールディングス(株),東証STD,615,-1,-0.16,"1,500",2026/09/10
1946,1946,7937,(株)ツツミ,東証STD,"2,551",-4,-0.16,"15,400",2026/09/10
1947,1947,8130,(株)サンゲツ,東証PRM,"3,165",-5,-0.16,"103,900",2026/09/10
1948,1948,2053,中部飼料(株),東証PRM,"2,002",-3,-0.15,"59,600",2026/09/10
1949,1949,2253,GX スーパーディビィデンド-US,東証ETF,"1,305",-2,-0.15,"3,075",2026/09/10
1950,1950,2631,MAXIS ナスダック100上場投信,東証ETF,"32,360",-50,-0.15,"6,685",2026/09/10
1951,1951,2750,石光商事(株),東証STD,"1,350",-2,-0.15,"5,300",2026/09/10
1952,1952,2854,GX テック・トップ20-日本株式,東証ETF,"2,648",-4,-0.15,"53,987",2026/09/10
1953,1953,3123,サイボー(株),東証STD,649,-1,-0.15,"5,100",2026/09/10
1954,1954,3167,(株)ＴＯＫＡＩホールディングス,東証PRM,"1,325",-2,-0.15,"339,100",2026/09/10
1955,1955,3472,日本ホテル＆レジデンシャル投資法人,東証,"65,600",-100,-0.15,"1,048",2026/09/10
1956,1956,3628,(株)データホライゾン,東証GRT,664,-1,-0.15,"9,500",2026/09/10
1957,1957,3974,ＳＣＡＴ(株),東証STD,668,-1,-0.15,"2,200",2026/09/10
1958,1958,4235,ウルトラファブリックス・ホールディングス(株),東証STD,670,-1,-0.15,"11,400",2026/09/10
1959,1959,6254,野村マイクロ・サイエンス(株),東証PRM,"3,355",-5,-0.15,"321,700",2026/09/10
1960,1960,6309,巴工業(株),東証PRM,"2,013",-3,-0.15,"66,000",2026/09/10
1961,1961,7264,(株)ムロコーポレーション,東証STD,"1,333",-2,-0.15,100,2026/09/10
1962,1962,7621,(株)うかい,東証STD,"3,430",-5,-0.15,900,2026/09/10
1963,1963,7833,(株)アイフィスジャパン,東証STD,678,-1,-0.15,"3,000",2026/09/10
1964,1964,8920,(株)東祥,東証STD,686,-1,-0.15,"95,600",2026/09/10
1965,1965,9028,(株)ゼロ,東証STD,"3,330",-5,-0.15,"16,600",2026/09/10
1966,1966,9057,遠州トラック(株),東証STD,"3,245",-5,-0.15,900,2026/09/10
1967,1967,9262,(株)シルバーライフ,東証STD,669,-1,-0.15,"16,500",2026/09/10
1968,1968,9621,(株)建設技術研究所,東証PRM,"3,235",-5,-0.15,"58,700",2026/09/10
1969,1969,9651,日本プロセス(株),東証STD,"1,966",-3,-0.15,"7,500",2026/09/10
1970,1970,9698,(株)クレオ,東証STD,"1,297",-2,-0.15,500,2026/09/10
1971,1971,9974,(株)ベルク,東証PRM,"6,710",-10,-0.15,"19,700",2026/09/10
1972,1972,1718,美樹工業(株),東証STD,"7,130",-10,-0.14,300,2026/09/10
1973,1973,2517,MAXIS Jリート･コア上場投信,東証ETF,"1,069.5",-1.5,-0.14,"25,820",2026/09/10
1974,1974,2632,MAXIS ナスダック100上場投信(H有),東証ETF,"17,955",-25,-0.14,792,2026/09/10
1975,1975,2641,GX グローバルリーダーズ-日本株式,東証ETF,"4,414",-6,-0.14,"1,034,553",2026/09/10
1976,1976,2753,(株)あみやき亭,東証PRM,"1,381",-2,-0.14,"20,400",2026/09/10
1977,1977,3195,(株)ジェネレーションパス,東証STD,696,-1,-0.14,"21,600",2026/09/10
1978,1978,3309,積水ハウス・リート投資法人,東証,"72,000",-100,-0.14,"7,647",2026/09/10
1979,1979,408A,iシェアーズ AI グローバル・イノベーション アクティブ,東証ETF,285.3,-0.4,-0.14,"117,430",2026/09/10
1980,1980,4368,扶桑化学工業(株),東証PRM,"2,871",-4,-0.14,"699,700",2026/09/10
1981,1981,4429,リックソフト(株),東証GRT,712,-1,-0.14,"1,100",2026/09/10
1982,1982,509A,グリーンライト・再エネインフラ投資法人,東証,"71,100",-100,-0.14,93,2026/09/10
1983,1983,5461,中部鋼鈑(株),東証PRM,"2,131",-3,-0.14,"65,200",2026/09/10
1984,1984,5985,サンコール(株),東証STD,"2,196",-3,-0.14,"551,600",2026/09/10
1985,1985,6099,(株)エラン,東証PRM,712,-1,-0.14,"56,600",2026/09/10
1986,1986,6918,(株)アバールデータ,東証STD,"3,595",-5,-0.14,"20,100",2026/09/10
1987,1987,7102,日本車輌製造(株),東証PRM,"3,580",-5,-0.14,"27,800",2026/09/10
1988,1988,7127,(株)一家ホールディングス,東証STD,707,-1,-0.14,"6,700",2026/09/10
1989,1989,7212,(株)エフテック,東証STD,735,-1,-0.14,"16,500",2026/09/10
1990,1990,7525,リックス(株),東証PRM,"3,530",-5,-0.14,"9,400",2026/09/10
1991,1991,7726,黒田精工(株),東証STD,"1,399",-2,-0.14,"10,500",2026/09/10
1992,1992,7730,マニー(株),東証PRM,"1,439",-2,-0.14,"398,400",2026/09/10
1993,1993,7820,ニホンフラッシュ(株),東証PRM,701,-1,-0.14,"61,800",2026/09/10
1994,1994,9955,(株)ヨンキュウ,東証STD,"2,806",-4,-0.14,500,2026/09/10
1995,1995,1657,iシェアーズ･コア MSCI 先進国株(除く日本)ETF,東証ETF,"7,038",-9,-0.13,394,2026/09/10
1996,1996,1848,(株)富士ピー・エス,東証STD,764,-1,-0.13,"5,600",2026/09/10
1997,1997,2217,モロゾフ(株),東証PRM,"1,483",-2,-0.13,"31,000",2026/09/10
1998,1998,274A,(株)ガーデン,東証STD,"2,263",-3,-0.13,"2,000",2026/09/10
1999,1999,2814,佐藤食品工業(株),東証STD,"3,925",-5,-0.13,"1,400",2026/09/10
2000,2000,2858,GX 日経225 カバード・コール (プレミアム再投資型),東証ETF,"1,503",-2,-0.13,"1,605",2026/09/10
2001,2001,3524,日東製網(株),東証STD,"1,486",-2,-0.13,400,2026/09/10
2002,2002,4951,エステー(株),東証PRM,"1,503",-2,-0.13,"18,500",2026/09/10
2003,2003,554A,(株)バトンズ,東証GRT,"1,500",-2,-0.13,"5,500",2026/09/10
2004,2004,6180,ＧＭＯメディア(株),東証GRT,"3,840",-5,-0.13,400,2026/09/10
2005,2005,6859,エスペック(株),東証PRM,"3,915",-5,-0.13,"69,800",2026/09/10
2006,2006,7114,(株)フーディソン,東証GRT,776,-1,-0.13,"1,200",2026/09/10
2007,2007,7196,(株)Ｃａｓａ,東証STD,742,-1,-0.13,"13,700",2026/09/10
2008,2008,7347,(株)マーキュリアホールディングス,東証PRM,793,-1,-0.13,"3,300",2026/09/10
2009,2009,7562,(株)安楽亭,東証STD,"3,840",-5,-0.13,"2,100",2026/09/10
2010,2010,7722,国際計測器(株),東証STD,768,-1,-0.13,"6,300",2026/09/10
2011,2011,7743,(株)シード,東証STD,792,-1,-0.13,"136,600",2026/09/10
2012,2012,8218,(株)コメリ,東証PRM,"3,855",-5,-0.13,"74,300",2026/09/10
2013,2013,8960,ユナイテッド・アーバン投資法人,東証,"157,000",-200,-0.13,"4,578",2026/09/10
2014,2014,8964,三井不動産商業ファンド投資法人,東証,"76,200",-100,-0.13,"7,229",2026/09/10
2015,2015,9264,ポエック(株),東証STD,"1,588",-2,-0.13,"7,700",2026/09/10
2016,2016,9644,(株)タナベコンサルティンググループ,東証PRM,749,-1,-0.13,"40,100",2026/09/10
2017,2017,1496,iシェアーズ 米ドル建て投資適格社債ETF(H有),東証ETF,"1,624",-2,-0.12,"22,654",2026/09/10
2018,2018,1497,iシェアーズ 米ドル建ハイイールド社債ETF(H有),東証ETF,"1,730",-2,-0.12,"8,371",2026/09/10
2019,2019,1499,MAXIS 日本株高配当70マーケットニュートラル,東証ETF,"9,380",-11,-0.12,14,2026/09/10
2020,2020,1627,(NEXT FUNDS)電力･ガス上場投信,東証ETF,"12,925",-15,-0.12,"4,259",2026/09/10
2021,2021,2169,ＣＤＳ(株),東証STD,"1,730",-2,-0.12,"3,800",2026/09/10
2022,2022,2268,Ｂ－Ｒ　サーティワン　アイスクリーム(株),東証STD,"4,050",-5,-0.12,"4,200",2026/09/10
2023,2023,248A,(株)キッズスター,東証GRT,814,-1,-0.12,300,2026/09/10
2024,2024,2908,フジッコ(株),東証PRM,"1,612",-2,-0.12,"38,800",2026/09/10
2025,2025,4020,ビートレンド(株),東証GRT,834,-1,-0.12,900,2026/09/10
2026,2026,4420,イーソル(株),東証STD,822,-1,-0.12,"567,400",2026/09/10
2027,2027,4433,(株)ヒト・コミュニケーションズ・ホールディングス,東証PRM,852,-1,-0.12,"32,700",2026/09/10
2028,2028,4516,日本新薬(株),東証PRM,"3,359",-4,-0.12,"397,300",2026/09/10
2029,2029,5699,(株)イボキン,東証STD,"1,609",-2,-0.12,"1,000",2026/09/10
2030,2030,5915,(株)駒井ハルテック,東証STD,"2,419",-3,-0.12,"4,800",2026/09/10
2031,2031,5988,(株)パイオラックス,東証PRM,"1,664",-2,-0.12,"53,800",2026/09/10
2032,2032,6157,日進工具(株),東証STD,807,-1,-0.12,"66,100",2026/09/10
2033,2033,6645,オムロン(株),東証PRM,"6,030",-7,-0.12,"1,123,400",2026/09/10
2034,2034,7037,(株)テノ．ホールディングス,東証STD,802,-1,-0.12,"12,700",2026/09/10
2035,2035,1457,iFreeETF TOPIXインバース(-1倍)指数,東証ETF,"1,781",-2,-0.11,"4,202",2026/09/10
2036,2036,5079,(株)ノバック,東証STD,"2,607",-3,-0.11,600,2026/09/10
2037,2037,5411,ＪＦＥホールディングス(株),東証PRM,"1,828",-2,-0.11,"4,272,100",2026/09/10
2038,2038,5464,モリ工業(株),東証STD,924,-1,-0.11,"15,300",2026/09/10
2039,2039,6391,(株)加地テック,東証STD,"4,715",-5,-0.11,"1,400",2026/09/10
2040,2040,6454,マックス(株),東証PRM,"1,878",-2,-0.11,"252,600",2026/09/10
2041,2041,7059,(株)コプロ・ホールディングス,東証PRM,908,-1,-0.11,"93,100",2026/09/10
2042,2042,7345,(株)アイ・パートナーズフィナンシャル,東証GRT,940,-1,-0.11,200,2026/09/10
2043,2043,7481,尾家産業(株),東証STD,"2,610",-3,-0.11,"1,900",2026/09/10
2044,2044,7510,(株)たけびし,東証PRM,"2,632",-3,-0.11,"28,900",2026/09/10
2045,2045,7701,(株)島津製作所,東証PRM,"3,758",-4,-0.11,"1,041,900",2026/09/10
2046,2046,8098,稲畑産業(株),東証PRM,"4,450",-5,-0.11,"119,800",2026/09/10
2047,2047,9560,(株)プログリット,東証GRT,891,-1,-0.11,"6,800",2026/09/10
2048,2048,159A,(NEXT FUNDS) JPXプライム150指数連動型上場投信,東証ETF,727.9,-0.7,-0.1,"3,120",2026/09/10
2049,2049,2098,GX ホテル&リテール・J-REIT,東証ETF,973,-1,-0.1,"8,449",2026/09/10
2050,2050,2226,(株)湖池屋,東証STD,"4,905",-5,-0.1,900,2026/09/10
2051,2051,2524,NZAM 上場投信 TOPIX,東証ETF,"4,138",-4,-0.1,"271,981",2026/09/10
2052,2052,2883,(株)大冷,東証STD,"2,040",-2,-0.1,"2,400",2026/09/10
2053,2053,295A,One ETF FTSE・サウジアラビア・インデックス,東証ETF,"9,810",-10,-0.1,2,2026/09/10
2054,2054,3140,ＢＲＵＮＯ(株),東証GRT,"1,015",-1,-0.1,"4,900",2026/09/10
2055,2055,3282,コンフォリア・レジデンシャル投資法人,東証,"98,000",-100,-0.1,"3,597",2026/09/10
2056,2056,3529,アツギ(株),東証STD,991,-1,-0.1,"86,000",2026/09/10
2057,2057,4346,(株)ＮＥＸＹＺ．Ｇｒｏｕｐ,東証STD,"1,014",-1,-0.1,"32,600",2026/09/10
2058,2058,4360,(株)マナック・ケミカル・パートナーズ,東証STD,959,-1,-0.1,"12,200",2026/09/10
2059,2059,4825,(株)ウェザーニューズ,東証PRM,"1,995",-2,-0.1,"96,200",2026/09/10
2060,2060,6013,(株)タクマ,東証PRM,"2,963",-3,-0.1,"205,100",2026/09/10
2061,2061,7077,(株)ＡＬｉＮＫインターネット,東証GRT,998,-1,-0.1,"1,700",2026/09/10
2062,2062,7172,(株)ジャパンインベストメントアドバイザー,東証PRM,"2,094",-2,-0.1,"118,500",2026/09/10
2063,2063,7463,(株)アドヴァングループ,東証STD,959,-1,-0.1,"23,900",2026/09/10
2064,2064,7800,(株)アミファ,東証STD,977,-1,-0.1,"3,500",2026/09/10
2065,2065,8841,(株)テーオーシー,東証STD,999,-1,-0.1,"44,000",2026/09/10
2066,2066,9110,ＮＳユナイテッド海運(株),東証PRM,"10,480",-10,-0.1,"73,000",2026/09/10
2067,2067,9115,明海グループ(株),東証STD,"1,041",-1,-0.1,"39,100",2026/09/10
2068,2068,9245,(株)リベロ,東証GRT,"1,951",-2,-0.1,"4,000",2026/09/10
2069,2069,9368,キムラユニティー(株),東証STD,954,-1,-0.1,"10,700",2026/09/10
2070,2070,9633,東京テアトル(株),東証STD,"1,905",-2,-0.1,"3,700",2026/09/10
2071,2071,1494,One ETF 高配当日本株,東証ETF,"43,260",-40,-0.09,"1,383",2026/09/10
2072,2072,2235,上場インデックスファンド米国株式(ダウ平均)H無,東証ETF,"3,502",-3,-0.09,799,2026/09/10
2073,2073,2266,六甲バター(株),東証PRM,"1,096",-1,-0.09,"42,200",2026/09/10
2074,2074,2752,(株)フジオフードグループ本社,東証PRM,"1,149",-1,-0.09,"56,100",2026/09/10
2075,2075,3226,三井不動産アコモデーションファンド投資法人,東証,"117,100",-100,-0.09,"3,270",2026/09/10
2076,2076,3463,いちごホテルリート投資法人,東証,"110,600",-100,-0.09,696,2026/09/10
2077,2077,3484,(株)イノベーションホールディングス,東証STD,"1,150",-1,-0.09,"6,000",2026/09/10
2078,2078,3816,(株)大和コンピューター,東証STD,"1,109",-1,-0.09,800,2026/09/10
2079,2079,3912,(株)モバイルファクトリー,東証STD,"1,128",-1,-0.09,"5,100",2026/09/10
2080,2080,3948,光ビジネスフォーム(株),東証STD,"1,171",-1,-0.09,"1,600",2026/09/10
2081,2081,483A,テラテクノロジー(株),東証STD,"2,160",-2,-0.09,"1,800",2026/09/10
2082,2082,537A,NZAM 上場投信 全世界株式(MSCI ACWI)(H無),東証ETF,"1,099",-1,-0.09,237,2026/09/10
2083,2083,587A,インベスコ QQQ トラスト シリーズ1,東証ETF,"110,200",-100,-0.09,209,2026/09/10
2084,2084,6554,(株)エスユーエス,東証GRT,"1,125",-1,-0.09,"4,500",2026/09/10
2085,2085,7284,盟和産業(株),東証STD,"1,164",-1,-0.09,200,2026/09/10
2086,2086,7790,(株)バルコス,名証NXT,"1,097",-1,-0.09,100,2026/09/10
2087,2087,8818,京阪神ビルディング(株),東証PRM,"1,120",-1,-0.09,"192,000",2026/09/10
2088,2088,8984,大和ハウスリート投資法人,東証,"115,300",-100,-0.09,"6,328",2026/09/10
2089,2089,1456,iFreeETF 日経平均インバース・インデックス,東証ETF,"1,276",-1,-0.08,"62,516",2026/09/10
2090,2090,3678,(株)メディアドゥ,東証PRM,"1,245",-1,-0.08,"27,000",2026/09/10
2091,2091,3698,(株)ＣＲＩ・ミドルウェア,東証STD,"1,203",-1,-0.08,"2,900",2026/09/10
2092,2092,386A,(株)みのや,東証STD,"1,251",-1,-0.08,"1,000",2026/09/10
2093,2093,3925,(株)ダブルスタンダード,東証PRM,"1,282",-1,-0.08,"65,600",2026/09/10
2094,2094,473A,ニッセイ ETF 日経225インデックス,東証ETF,"1,308",-1,-0.08,"2,650",2026/09/10
2095,2095,5290,(株)ベルテクスコーポレーション,東証STD,"1,201",-1,-0.08,"144,300",2026/09/10
2096,2096,5603,虹技(株),東証STD,"1,304",-1,-0.08,"1,100",2026/09/10
2097,2097,6905,コーセル(株),東証PRM,"1,295",-1,-0.08,"175,200",2026/09/10
2098,2098,7133,ＨＹＵＧＡ　ＰＲＩＭＡＲＹ　ＣＡＲＥ(株),東証GRT,"1,309",-1,-0.08,"3,100",2026/09/10
2099,2099,7363,(株)ベビーカレンダー,東証GRT,"1,281",-1,-0.08,"3,900",2026/09/10
2100,2100,7809,(株)壽屋,東証STD,"1,320",-1,-0.08,"1,800",2026/09/10
2101,2101,7983,(株)ミロク,東証STD,"1,215",-1,-0.08,500,2026/09/10
2102,2102,8115,ムーンバット(株),東証STD,"1,305",-1,-0.08,700,2026/09/10
2103,2103,8966,平和不動産リート投資法人,東証,"130,400",-100,-0.08,"4,840",2026/09/10
2104,2104,9046,神戸電鉄(株),東証STD,"2,464",-2,-0.08,"6,400",2026/09/10
2105,2105,9344,アクシスコンサルティング(株),東証GRT,"1,299",-1,-0.08,"45,300",2026/09/10
2106,2106,9511,沖縄電力(株),東証PRM,"1,193",-1,-0.08,"217,100",2026/09/10
2107,2107,9857,英和(株),東証STD,"2,583",-2,-0.08,300,2026/09/10
2108,2108,1867,(株)植木組,東証STD,"2,704",-2,-0.07,"6,900",2026/09/10
2109,2109,235A,GX 高配当30-日本株式,東証ETF,"1,412",-1,-0.07,"30,645",2026/09/10
2110,2110,2462,ライク(株),東証PRM,"1,495",-1,-0.07,"16,000",2026/09/10
2111,2111,2625,iFreeETF TOPIX(年4回決算型),東証ETF,"4,059",-3,-0.07,"12,537",2026/09/10
2112,2112,2910,(株)ロック・フィールド,東証PRM,"1,388",-1,-0.07,"46,300",2026/09/10
2113,2113,3317,(株)フライングガーデン,東証STD,"1,489",-1,-0.07,"1,100",2026/09/10
2114,2114,3353,(株)メディカル一光グループ,東証STD,"2,804",-2,-0.07,500,2026/09/10
2115,2115,7082,(株)ジモティー,東証GRT,"1,406",-1,-0.07,"4,400",2026/09/10
2116,2116,7793,(株)イメージ・マジック,東証GRT,"1,516",-1,-0.07,900,2026/09/10
2117,2117,9009,京成電鉄(株),東証PRM,"1,395",-1,-0.07,"1,950,700",2026/09/10
2118,2118,9347,日本管財ホールディングス(株),東証PRM,"2,909",-2,-0.07,"95,300",2026/09/10
2119,2119,9936,(株)王将フードサービス,東証PRM,"2,943",-2,-0.07,"292,000",2026/09/10
2120,2120,9983,(株)ファーストリテイリング,東証PRM,"66,810",-50,-0.07,"1,531,300",2026/09/10
2121,2121,1592,上場インデックス JPX日経インデックス400,東証ETF,"3,345",-2,-0.06,"2,074",2026/09/10
2122,2122,181A,MAXIS 米国国債1-3年上場投信(H無),東証ETF,512.7,-0.3,-0.06,"52,950",2026/09/10
2123,2123,250A,シマダヤ(株),東証STD,"1,580",-1,-0.06,"25,900",2026/09/10
2124,2124,2510,(NEXT FUNDS)国内債券・NOMURA-BPI総合,東証ETF,800,-0.5,-0.06,"8,050",2026/09/10
2125,2125,2907,(株)あじかん,東証STD,"1,539",-1,-0.06,"2,700",2026/09/10
2126,2126,2937,(株)サンクゼール,東証GRT,"1,767",-1,-0.06,"2,100",2026/09/10
2127,2127,3562,(株)Ｎｏ．１,東証STD,"1,559",-1,-0.06,"15,700",2026/09/10
2128,2128,4068,ベイシス(株),東証GRT,"1,761",-1,-0.06,800,2026/09/10
2129,2129,4568,第一三共(株),東証PRM,"2,709",-1.5,-0.06,"4,506,100",2026/09/10
2130,2130,5947,リンナイ(株),東証PRM,"3,458",-2,-0.06,"311,500",2026/09/10
2131,2131,6083,ＥＲＩホールディングス(株),東証STD,"1,560",-1,-0.06,"38,700",2026/09/10
2132,2132,6402,兼松エンジニアリング(株),東証STD,"1,594",-1,-0.06,"1,600",2026/09/10
2133,2133,6459,だいわ(株),東証PRM,"1,613",-1,-0.06,"61,800",2026/09/10
2134,2134,7887,南海プライウッド(株),東証STD,"1,581",-1,-0.06,600,2026/09/10
2135,2135,8093,極東貿易(株),東証PRM,"1,775",-1,-0.06,"41,000",2026/09/10
2136,2136,9248,人・夢・技術グループ(株),東証STD,"1,654",-1,-0.06,"47,200",2026/09/10
2137,2137,1397,SMDAM 日経225上場投信,東証ETF,"65,880",-30,-0.05,"14,762",2026/09/10
2138,2138,1655,iシェアーズ S&P500 米国株 ETF,東証ETF,847,-0.4,-0.05,"2,206,980",2026/09/10
2139,2139,2501,サッポロビール(株),東証PRM,"1,844",-1,-0.05,"1,113,000",2026/09/10
2140,2140,2647,(NEXT FUNDS)ブルームバーグ米国国債(7-10年)(H無),東証ETF,"5,572",-3,-0.05,"8,400",2026/09/10
2141,2141,2872,(株)セイヒョー,東証STD,"1,927",-1,-0.05,"1,400",2026/09/10
2142,2142,3329,東和フードサービス(株),東証STD,"2,140",-1,-0.05,600,2026/09/10
2143,2143,382A,iFreeETF 米国国債3-5年(H有),東証ETF,"1,886",-1,-0.05,17,2026/09/10
2144,2144,4218,ニチバン(株),東証PRM,"1,916",-1,-0.05,"21,500",2026/09/10
2145,2145,493A,One ETF 日本国債 1-3年,東証ETF,994,-0.5,-0.05,"1,560",2026/09/10
2146,2146,550A,(株)ソフトテックス,東証STD,"2,200",-1,-0.05,"2,600",2026/09/10
2147,2147,6230,ＳＡＮＥＩ(株),東証STD,"2,160",-1,-0.05,"1,500",2026/09/10
2148,2148,7490,日新商事(株),東証STD,"2,187",-1,-0.05,"5,100",2026/09/10
2149,2149,7956,ピジョン(株),東証PRM,"1,937.5",-1,-0.05,"1,317,900",2026/09/10
2150,2150,8125,(株)ワキタ,東証PRM,"1,942",-1,-0.05,"95,100",2026/09/10
2151,2151,8129,東邦ホールディングス(株),東証PRM,"3,952",-2,-0.05,"72,600",2026/09/10
2152,2152,92015,日本航空（株）第１回社債型種類株式,東証PRM,"10,145",-5,-0.05,"1,000",2026/09/10
2153,2153,9355,(株)リンコーコーポレーション,東証STD,"2,210",-1,-0.05,100,2026/09/10
2154,2154,2637,GX クリーンテック-日本株式,東証ETF,"2,586",-1,-0.04,"4,303",2026/09/10
2155,2155,338A,(株)ＺｅｎｍｕＴｅｃｈ,東証GRT,"2,754",-1,-0.04,"791,500",2026/09/10
2156,2156,532A,NZAM 上場投信 TOPIX高配当40,東証ETF,"2,276",-1,-0.04,7,2026/09/10
2157,2157,6874,協立電機(株),東証STD,"2,344",-1,-0.04,"3,400",2026/09/10
2158,2158,7226,極東開発工業(株),東証PRM,"2,275",-1,-0.04,"254,900",2026/09/10
2159,2159,7808,(株)シー・エス・ランバー,東証STD,"2,770",-1,-0.04,100,2026/09/10
2160,2160,9101,日本郵船(株),東証PRM,"7,198",-3,-0.04,"2,203,600",2026/09/10
2161,2161,2554,(NEXT FUNDS)米国投資適格社債(1-10年)(H有),東証ETF,736.8,-0.2,-0.03,170,2026/09/10
2162,2162,2558,MAXIS 米国株式(S&P500)上場投信,東証ETF,"3,384",-1,-0.03,"132,184",2026/09/10
2163,2163,3407,旭化成(株),東証PRM,"1,566.5",-0.5,-0.03,"3,707,100",2026/09/10
2164,2164,4413,(株)ボードルア,東証PRM,"2,963",-1,-0.03,"222,900",2026/09/10
2165,2165,4816,東映アニメーション(株),東証STD,"2,974",-1,-0.03,"450,500",2026/09/10
2166,2166,632A,GX 日経225,東証ETF,"65,050",-20,-0.03,85,2026/09/10
2167,2167,1617,(NEXT FUNDS)食品上場投信,東証ETF,"47,230",-10,-0.02,237,2026/09/10
2168,2168,2856,iシェアーズ 米国債3-7年 ETF(H有),東証ETF,643.8,-0.1,-0.02,"14,250",2026/09/10
2169,2169,4626,太陽ホールディングス(株),東証PRM,"4,719",-1,-0.02,"275,900",2026/09/10
2170,2170,4631,ＤＩＣ(株),東証PRM,"4,645",-1,-0.02,"797,300",2026/09/10
2171,2171,570A,iシェアーズ 日本国債0-1年,東証ETF,901.4,-0.2,-0.02,"10,490",2026/09/10
2172,2172,6146,(株)ディスコ,東証PRM,"53,580",-10,-0.02,"1,624,800",2026/09/10
2173,2173,6448,ブラザー工業(株),東証PRM,"4,381",-1,-0.02,"1,301,600",2026/09/10
2174,2174,9003,相鉄ホールディングス(株),東証PRM,"2,603",-0.5,-0.02,"280,900",2026/09/10
2175,2175,2241,MAXIS NYダウ上場投信,東証ETF,901.8,-0.1,-0.01,"6,580",2026/09/10
